key,cluster
AAACAAGTATCTCCCA-1_V12D07-075_C1,15
AAACAGAGCGACTCCT-1_V12D07-075_C1,6
AAACATTTCCCGGATT-1_V12D07-075_C1,15
AAACCCGAACGAAATC-1_V12D07-075_C1,6
AAACCGGAAATGTTAA-1_V12D07-075_C1,6
AAACCGGGTAGGTACC-1_V12D07-075_C1,2
AAACCGTTCGTCCAGG-1_V12D07-075_C1,2
AAACCTAAGCAGCCGG-1_V12D07-075_C1,13
AAACCTCATGAAGTTG-1_V12D07-075_C1,13
AAACGAAGAACATACC-1_V12D07-075_C1,6
AAACGAGACGGTTGAT-1_V12D07-075_C1,15
AAACGCTGGGCACGAC-1_V12D07-075_C1,9
AAACGGTTGCGAACTG-1_V12D07-075_C1,4
AAACGTGTTCGCCCTA-1_V12D07-075_C1,6
AAACTAACGTGGCGAC-1_V12D07-075_C1,6
AAACTCGGTTCGCAAT-1_V12D07-075_C1,15
AAACTCGTGATATAAG-1_V12D07-075_C1,6
AAACTGCTGGCTCCAA-1_V12D07-075_C1,15
AAAGAATGTGGACTAA-1_V12D07-075_C1,15
AAAGACCCAAGTCGCG-1_V12D07-075_C1,6
AAAGACTGGGCGCTTT-1_V12D07-075_C1,13
AAAGCTTGCCTACATA-1_V12D07-075_C1,6
AAAGGCTACGGACCAT-1_V12D07-075_C1,13
AAAGGCTCTCGCGCCG-1_V12D07-075_C1,13
AAAGGGATGTAGCAAG-1_V12D07-075_C1,13
AAAGGGCAGCTTGAAT-1_V12D07-075_C1,13
AAAGGTAAGCTGTACC-1_V12D07-075_C1,6
AAAGTCACTGATGTAA-1_V12D07-075_C1,6
AAAGTCGACCCTCAGT-1_V12D07-075_C1,13
AAAGTGCCATCAATTA-1_V12D07-075_C1,15
AAAGTGTGATTTATCT-1_V12D07-075_C1,15
AAAGTTGACTCCCGTA-1_V12D07-075_C1,15
AAATAACCATACGGGA-1_V12D07-075_C1,6
AAATAAGGTAGTGCCC-1_V12D07-075_C1,6
AAATACCTATAAGCAT-1_V12D07-075_C1,13
AAATAGCTTAGACTTT-1_V12D07-075_C1,6
AAATAGGGTGCTATTG-1_V12D07-075_C1,12
AAATCGTGTACCACAA-1_V12D07-075_C1,13
AAATCTAGCCCTGCTA-1_V12D07-075_C1,15
AAATGATTCGATCAGC-1_V12D07-075_C1,6
AAATGGCATGTCTTGT-1_V12D07-075_C1,6
AAATGGTCAATGTGCC-1_V12D07-075_C1,13
AAATTAACGGGTAGCT-1_V12D07-075_C1,13
AAATTAATAAGCGCGA-1_V12D07-075_C1,12
AAATTACACGACTCTG-1_V12D07-075_C1,6
AAATTACCTATCGATG-1_V12D07-075_C1,2
AAATTCCAGGTCCAAA-1_V12D07-075_C1,6
AAATTGGTGAGAAGCA-1_V12D07-075_C1,6
AAATTTACCGAAATCC-1_V12D07-075_C1,6
AAATTTGCGGGTGTGG-1_V12D07-075_C1,2
AACAACTGGTAGTTGC-1_V12D07-075_C1,13
AACACACGCTCGCCGC-1_V12D07-075_C1,15
AACACGACTGTACTGA-1_V12D07-075_C1,6
AACACGCGGCCGCGAA-1_V12D07-075_C1,6
AACAGGATGGGCCGCG-1_V12D07-075_C1,13
AACAGGTAGTATGGAT-1_V12D07-075_C1,2
AACATATCAACTGGTG-1_V12D07-075_C1,2
AACATCGATACGTCTA-1_V12D07-075_C1,6
AACATTGTGACTCGAG-1_V12D07-075_C1,13
AACCAAGACTTCTCTG-1_V12D07-075_C1,13
AACCAGTATCACTCTT-1_V12D07-075_C1,6
AACCATGGGATCGCTA-1_V12D07-075_C1,6
AACCCAGAGACGGAGA-1_V12D07-075_C1,14
AACCCGAGCAGAATCG-1_V12D07-075_C1,15
AACCCTACTGTCAATA-1_V12D07-075_C1,15
AACCCTGGTGGAACCA-1_V12D07-075_C1,6
AACCGAGCTTGGTCAT-1_V12D07-075_C1,13
AACCGCTAAGGGATGC-1_V12D07-075_C1,15
AACCGTTGTGTTTGCT-1_V12D07-075_C1,6
AACCTCGCTTTAGCCC-1_V12D07-075_C1,13
AACCTGTCACGGAATT-1_V12D07-075_C1,6
AACCTTTAAATACGGT-1_V12D07-075_C1,13
AACCTTTACGACGTCT-1_V12D07-075_C1,2
AACGATAATGCCGTAG-1_V12D07-075_C1,12
AACGATATGTCAACTG-1_V12D07-075_C1,6
AACGCATGATCTGGGT-1_V12D07-075_C1,11
AACGCGAACGGCAACA-1_V12D07-075_C1,13
AACGCGACCTTGGGCG-1_V12D07-075_C1,13
AACGCGGTCTCCAGCC-1_V12D07-075_C1,13
AACGCTGTTGCTGAAA-1_V12D07-075_C1,15
AACGGACGTACGTATA-1_V12D07-075_C1,15
AACGGCCATCTCCGGT-1_V12D07-075_C1,2
AACGTACTGTGGGTAC-1_V12D07-075_C1,2
AACGTGATGAAGGACA-1_V12D07-075_C1,6
AACGTGCGAAAGTCTC-1_V12D07-075_C1,13
AACGTTATCAGCACCT-1_V12D07-075_C1,13
AACTACCCGTTTGTCA-1_V12D07-075_C1,13
AACTAGGCTTGGGTGT-1_V12D07-075_C1,13
AACTCAAGTTAATTGC-1_V12D07-075_C1,13
AACTCCAGAGCGTGTT-1_V12D07-075_C1,12
AACTCCTAATCCCATG-1_V12D07-075_C1,6
AACTCGATGGCGCAGT-1_V12D07-075_C1,6
AACTCTCAATAGAGCG-1_V12D07-075_C1,2
AACTCTCAGTGTGCTC-1_V12D07-075_C1,2
AACTGAGGTCAGCGTC-1_V12D07-075_C1,6
AACTGAGTTATACTGA-1_V12D07-075_C1,6
AACTGATATTAGGCCT-1_V12D07-075_C1,6
AACTGGGTCCCGACGT-1_V12D07-075_C1,6
AACTGGTGTGGGCCTT-1_V12D07-075_C1,6
AACTTGCCCGTATGCA-1_V12D07-075_C1,13
AACTTTACGGGAGCTT-1_V12D07-075_C1,13
AAGAAGGATCAGTTAG-1_V12D07-075_C1,6
AAGACATACGTGGTTT-1_V12D07-075_C1,15
AAGACCCAACTGAACA-1_V12D07-075_C1,13
AAGACTGCAAGCTACT-1_V12D07-075_C1,13
AAGAGATGAATCGGTA-1_V12D07-075_C1,13
AAGAGCTCTTTATCGG-1_V12D07-075_C1,15
AAGAGGATGTACGCGA-1_V12D07-075_C1,13
AAGAGGCATGGATCGC-1_V12D07-075_C1,15
AAGAGGCCCTTTGGAA-1_V12D07-075_C1,15
AAGATTGGCGGAACGT-1_V12D07-075_C1,13
AAGCACCCTGCGTATC-1_V12D07-075_C1,13
AAGCATACTCTCCTGA-1_V12D07-075_C1,13
AAGCCGAAGCGGTTTA-1_V12D07-075_C1,15
AAGCCGGAGAGCAGGA-1_V12D07-075_C1,15
AAGCGCAGGGCTTTGA-1_V12D07-075_C1,15
AAGCGGCGTCATGGGT-1_V12D07-075_C1,6
AAGCTAGATCGAGTAA-1_V12D07-075_C1,13
AAGCTCGTGCCAAGTC-1_V12D07-075_C1,13
AAGCTCTTTCATGGTG-1_V12D07-075_C1,10
AAGGAGCGGTTGGTGC-1_V12D07-075_C1,13
AAGGATGAGGGACCTC-1_V12D07-075_C1,2
AAGGCAGGCTGTCTCC-1_V12D07-075_C1,6
AAGGCGCGTAAAGCTT-1_V12D07-075_C1,13
AAGGCTGTGCTCATCG-1_V12D07-075_C1,13
AAGGGACAGATTCTGT-1_V12D07-075_C1,13
AAGGTATCCTAATATA-1_V12D07-075_C1,6
AAGGTGATAAACCAGC-1_V12D07-075_C1,15
AAGTAGAAGACCGGGT-1_V12D07-075_C1,13
AAGTAGTGACGCGAGG-1_V12D07-075_C1,13
AAGTCAATTGTCGTCA-1_V12D07-075_C1,15
AAGTCTTCTGTGGCCT-1_V12D07-075_C1,15
AAGTGACGACCGAATT-1_V12D07-075_C1,2
AAGTGAGTCGGGTTTA-1_V12D07-075_C1,9
AAGTGCAAAGGTAGAC-1_V12D07-075_C1,14
AAGTGCCTTGACTGTA-1_V12D07-075_C1,15
AAGTGTTTGGAGACGG-1_V12D07-075_C1,12
AAGTTCACTCCAAGCT-1_V12D07-075_C1,12
AAGTTCAGTCTGCGTA-1_V12D07-075_C1,6
AAGTTCGGCCAACAGG-1_V12D07-075_C1,2
AAGTTTACTAATGGCA-1_V12D07-075_C1,6
AAGTTTATGGGCCCAA-1_V12D07-075_C1,15
AATAACAACGCTCGGC-1_V12D07-075_C1,13
AATAACACTAGAACAA-1_V12D07-075_C1,2
AATAAGTCCTCGAGAC-1_V12D07-075_C1,4
AATAATCTTCGTATCG-1_V12D07-075_C1,6
AATAGAACAGAGTGGC-1_V12D07-075_C1,2
AATAGAATCTGTTTCA-1_V12D07-075_C1,9
AATAGCAAGCCTCCTG-1_V12D07-075_C1,6
AATAGCTACCGCGTGC-1_V12D07-075_C1,6
AATAGTCCGTCCCGAC-1_V12D07-075_C1,13
AATAGTCGCGAGTCGG-1_V12D07-075_C1,13
AATATCAAGGTCGGAT-1_V12D07-075_C1,6
AATATCGAATCAATGC-1_V12D07-075_C1,2
AATATCGAGGGTTCTC-1_V12D07-075_C1,2
AATCAGACTGCAGGAC-1_V12D07-075_C1,1
AATCATGTAAAGACTC-1_V12D07-075_C1,15
AATCCAAGGGCCTGAG-1_V12D07-075_C1,6
AATCCATGCAAGGGTG-1_V12D07-075_C1,6
AATCGCCTCAGCGCCA-1_V12D07-075_C1,13
AATCGCGCAGAGGACT-1_V12D07-075_C1,6
AATCGGGACACTACGA-1_V12D07-075_C1,6
AATCGGTATAGCCCTC-1_V12D07-075_C1,2
AATCGTGAGCCGAGCA-1_V12D07-075_C1,15
AATCTATGCCGGAGCC-1_V12D07-075_C1,6
AATCTCTACTGTGGTT-1_V12D07-075_C1,2
AATCTGCGTTGGGACG-1_V12D07-075_C1,2
AATGACAGCAATGTCT-1_V12D07-075_C1,2
AATGACGTAGGATGTC-1_V12D07-075_C1,15
AATGACTGTCAGCCGG-1_V12D07-075_C1,13
AATGAGTTCGCATATG-1_V12D07-075_C1,12
AATGATGATACGCTAT-1_V12D07-075_C1,6
AATGATGCGACTCCTG-1_V12D07-075_C1,6
AATGCAACCGGGTACC-1_V12D07-075_C1,13
AATGCACCAAGCAATG-1_V12D07-075_C1,6
AATGGTTCTCACAAGC-1_V12D07-075_C1,13
AATGTTGTCGTGAGAC-1_V12D07-075_C1,15
AATTAAAGGTCGGCGT-1_V12D07-075_C1,13
AATTAACGGATTTCCA-1_V12D07-075_C1,14
AATTACTCGTACGCTC-1_V12D07-075_C1,14
AATTAGCGCTGCAGCG-1_V12D07-075_C1,13
AATTCATAAGGGATCT-1_V12D07-075_C1,6
AATTCCAAGCATGTAC-1_V12D07-075_C1,12
AATTCGATTCGAGGAT-1_V12D07-075_C1,13
AATTCTAGAGTTAGGC-1_V12D07-075_C1,13
AATTGAACGCTCTGGT-1_V12D07-075_C1,15
AATTGCAGCAATCGAC-1_V12D07-075_C1,13
AATTGTGGTTGCCAAA-1_V12D07-075_C1,15
AATTTGGGACATAGTA-1_V12D07-075_C1,6
AATTTGGTTCCAAAGA-1_V12D07-075_C1,11
ACAAAGCATGACCTAG-1_V12D07-075_C1,12
ACAAATCGCACCGAAT-1_V12D07-075_C1,13
ACAAATGGTAGTGTTT-1_V12D07-075_C1,15
ACAAATTCAGATCTGA-1_V12D07-075_C1,6
ACAACAGCATGAGCTA-1_V12D07-075_C1,15
ACAACGGTCCCTGCGA-1_V12D07-075_C1,13
ACAAGCAGTGCCTAGC-1_V12D07-075_C1,1
ACAAGCTATATGGAAG-1_V12D07-075_C1,15
ACAAGGAAATCCGCCC-1_V12D07-075_C1,13
ACAAGGACAAGAGGTT-1_V12D07-075_C1,13
ACAAGGATGCTTTAGG-1_V12D07-075_C1,13
ACAAGGGCAGGCTCTG-1_V12D07-075_C1,13
ACAATCCATTTAAACC-1_V12D07-075_C1,13
ACAATGATTCTTCTAC-1_V12D07-075_C1,6
ACAATTGTGTCTCTTT-1_V12D07-075_C1,15
ACAATTTAGGAGGCTC-1_V12D07-075_C1,13
ACAATTTGAGCAGTGG-1_V12D07-075_C1,2
ACAATTTGGCCATATT-1_V12D07-075_C1,6
ACACAAAGACGGGTGG-1_V12D07-075_C1,13
ACACACCAGGACCAGT-1_V12D07-075_C1,15
ACACACTTTCTACACG-1_V12D07-075_C1,6
ACACATTGACGCAACA-1_V12D07-075_C1,15
ACACCACATAATTAGC-1_V12D07-075_C1,6
ACACCCAGCATGCAGC-1_V12D07-075_C1,6
ACACCCGAGAAATCCG-1_V12D07-075_C1,13
ACACCGAGCGCTCTTT-1_V12D07-075_C1,12
ACACCTTAAGTAGGGC-1_V12D07-075_C1,13
ACACCTTACTACTTGC-1_V12D07-075_C1,6
ACACGAGACTCCTTCT-1_V12D07-075_C1,13
ACACGGCACTATGCAT-1_V12D07-075_C1,6
ACACGGGAACTTAGGG-1_V12D07-075_C1,13
ACACGTAGGCCACAAG-1_V12D07-075_C1,15
ACACTCCAATGTCACT-1_V12D07-075_C1,13
ACACTGATCAAGGTGT-1_V12D07-075_C1,2
ACACTGGGACAGTCGT-1_V12D07-075_C1,15
ACAGATTAGGTTAGTG-1_V12D07-075_C1,6
ACAGCATAGAGCCAGT-1_V12D07-075_C1,6
ACAGCGACATTCTCAT-1_V12D07-075_C1,12
ACAGCGCACCCGCAGC-1_V12D07-075_C1,6
ACAGGCACGGATCCTT-1_V12D07-075_C1,15
ACAGGCTTGCCCGACT-1_V12D07-075_C1,13
ACAGGTGGAGGTGAGG-1_V12D07-075_C1,2
ACAGGTGTGTTGTTGC-1_V12D07-075_C1,2
ACAGTATACCGTGGGA-1_V12D07-075_C1,6
ACATCAGCTGGGACGC-1_V12D07-075_C1,13
ACATCCCGGCCATACG-1_V12D07-075_C1,9
ACATCCTGGTAACTGT-1_V12D07-075_C1,15
ACATCGATCGTTTACC-1_V12D07-075_C1,13
ACATCGGTCAGCCGCG-1_V12D07-075_C1,13
ACATCGTATGCAATGG-1_V12D07-075_C1,15
ACATCGTTAACCTAGT-1_V12D07-075_C1,6
ACATGGCGCCAAAGTA-1_V12D07-075_C1,2
ACATGGCTCAATTTAG-1_V12D07-075_C1,13
ACATTAGTTTATATCC-1_V12D07-075_C1,13
ACCAAACACCCAGCGA-1_V12D07-075_C1,6
ACCAACACCACACACT-1_V12D07-075_C1,6
ACCAACCGCACTCCAC-1_V12D07-075_C1,15
ACCAACGCTTATTTAT-1_V12D07-075_C1,2
ACCAAGAACGCGTGTC-1_V12D07-075_C1,6
ACCAAGTCATCGGCAG-1_V12D07-075_C1,15
ACCAATATGCAAGTTA-1_V12D07-075_C1,13
ACCACAACTCAGAACA-1_V12D07-075_C1,6
ACCACAAGTTTCTATC-1_V12D07-075_C1,13
ACCACCAATGTAACAA-1_V12D07-075_C1,2
ACCACCCTCTCTTCTA-1_V12D07-075_C1,11
ACCACGTGCAGCTATA-1_V12D07-075_C1,13
ACCACTGTTCAAGAAG-1_V12D07-075_C1,13
ACCAGACCATAACAAC-1_V12D07-075_C1,15
ACCAGCCCGGTCTTTG-1_V12D07-075_C1,6
ACCAGTGCCCGGTCAA-1_V12D07-075_C1,6
ACCAGTGCGGGAGACG-1_V12D07-075_C1,15
ACCATATCCGCAATAA-1_V12D07-075_C1,13
ACCATCGTATATGGTA-1_V12D07-075_C1,13
ACCATTAAGGGTGTCA-1_V12D07-075_C1,12
ACCCAACGCCCGTGGC-1_V12D07-075_C1,2
ACCCACCTACATGCTC-1_V12D07-075_C1,13
ACCCATCTTGAGGGTA-1_V12D07-075_C1,13
ACCCATTTGTCCCTCT-1_V12D07-075_C1,12
ACCCGGAAACTCCCAG-1_V12D07-075_C1,13
ACCCGGAGCACCACAA-1_V12D07-075_C1,15
ACCCGGATGACGCATC-1_V12D07-075_C1,2
ACCCGGTTACACTTCC-1_V12D07-075_C1,13
ACCCGTAGTCTAGTTG-1_V12D07-075_C1,15
ACCCGTGTCATCAGTA-1_V12D07-075_C1,13
ACCCTATAGGACTGAG-1_V12D07-075_C1,13
ACCCTATGCCATATCG-1_V12D07-075_C1,2
ACCCTCCCGTCAGGGC-1_V12D07-075_C1,15
ACCCTCCCTTGCTATT-1_V12D07-075_C1,4
ACCCTGGTAACGCCCT-1_V12D07-075_C1,6
ACCCTTCATCTGCGAA-1_V12D07-075_C1,4
ACCCTTTAGTTCTCCA-1_V12D07-075_C1,14
ACCGAAAGGGCCCTGC-1_V12D07-075_C1,6
ACCGACACATCTCCCA-1_V12D07-075_C1,13
ACCGACTGAGTCCCAC-1_V12D07-075_C1,13
ACCGATAGGCATAACC-1_V12D07-075_C1,15
ACCGATATTTAATCAT-1_V12D07-075_C1,6
ACCGATGGTAGCATCG-1_V12D07-075_C1,2
ACCGCAATAACTGCCT-1_V12D07-075_C1,13
ACCGCGGTGGAAGTCG-1_V12D07-075_C1,2
ACCGGGCCTTTGTTGA-1_V12D07-075_C1,15
ACCGTTCCCGCTCTGA-1_V12D07-075_C1,6
ACCTAATCGACTTCCT-1_V12D07-075_C1,13
ACCTACAGTATGTGGT-1_V12D07-075_C1,6
ACCTACTATAAATCTA-1_V12D07-075_C1,13
ACCTCCGCCCTCGCTG-1_V12D07-075_C1,15
ACCTCCGTTATTCACC-1_V12D07-075_C1,6
ACGACCCATGAGTTGC-1_V12D07-075_C1,2
ACGACTCTAGGGCCGA-1_V12D07-075_C1,2
ACGAGAACCCATCACG-1_V12D07-075_C1,6
ACGAGATATTTGCTTA-1_V12D07-075_C1,6
ACGAGTACGGATGCCC-1_V12D07-075_C1,2
ACGATACATAGAACTA-1_V12D07-075_C1,6
ACGATACCTATCCTGA-1_V12D07-075_C1,5
ACGATCATACATAGAG-1_V12D07-075_C1,13
ACGATCATCTTGTAAA-1_V12D07-075_C1,2
ACGATGCATATGTTAT-1_V12D07-075_C1,13
ACGATGGATCCGATGC-1_V12D07-075_C1,6
ACGCAAACTAATAGAT-1_V12D07-075_C1,9
ACGCAATCACTACAGC-1_V12D07-075_C1,6
ACGCATAAATGACATG-1_V12D07-075_C1,6
ACGCATACGTTTACTA-1_V12D07-075_C1,12
ACGCATTCGTGAGTAC-1_V12D07-075_C1,12
ACGCCAGATGATTTCT-1_V12D07-075_C1,6
ACGCCAGTGCGTTTGC-1_V12D07-075_C1,2
ACGCCGCTAGACGACC-1_V12D07-075_C1,13
ACGCGAAGTCAGACGA-1_V12D07-075_C1,13
ACGCGCTACACAGGGT-1_V12D07-075_C1,2
ACGCGGGCCAAGGACA-1_V12D07-075_C1,13
ACGCGTTTCTTAAGAG-1_V12D07-075_C1,12
ACGCTAGTGATACACT-1_V12D07-075_C1,2
ACGCTGTGAGGCGTAG-1_V12D07-075_C1,2
ACGGAATTTAGCAAAT-1_V12D07-075_C1,14
ACGGACTCTCAAAGCG-1_V12D07-075_C1,15
ACGGAGCGCAAATTAC-1_V12D07-075_C1,6
ACGGCACTTGCTTGGG-1_V12D07-075_C1,13
ACGGCCAACATGGACT-1_V12D07-075_C1,13
ACGGCGACGATGGGAA-1_V12D07-075_C1,13
ACGGCGGGTTGCCCTG-1_V12D07-075_C1,6
ACGGGCGTATGCGACA-1_V12D07-075_C1,11
ACGGGTCATGTGACTT-1_V12D07-075_C1,15
ACGGTACAGTTCAATG-1_V12D07-075_C1,15
ACGTACAGATTTCTCT-1_V12D07-075_C1,6
ACGTAGATTGCTGATG-1_V12D07-075_C1,12
ACGTAGGAGAGTCGCT-1_V12D07-075_C1,2
ACGTATTACTCCGATC-1_V12D07-075_C1,15
ACGTGCGCCTCGTGCA-1_V12D07-075_C1,6
ACGTTAATGTCGAAGA-1_V12D07-075_C1,13
ACGTTAGATTTGCCCG-1_V12D07-075_C1,13
ACGTTCCGCGCTCCGT-1_V12D07-075_C1,6
ACGTTCGCAATCAATT-1_V12D07-075_C1,6
ACGTTCGTTCAGGAAA-1_V12D07-075_C1,2
ACGTTCTGTACAAGTC-1_V12D07-075_C1,15
ACGTTTAGTTGTGATC-1_V12D07-075_C1,6
ACTAATACGTCAGGCG-1_V12D07-075_C1,6
ACTACCAGCTCTCTGG-1_V12D07-075_C1,13
ACTACGCGTTAGAATT-1_V12D07-075_C1,13
ACTAGTTGCGATCGTC-1_V12D07-075_C1,15
ACTATATGCTGTGTTC-1_V12D07-075_C1,6
ACTATCGCCGGCTAAA-1_V12D07-075_C1,12
ACTATTTCCGGGCCCA-1_V12D07-075_C1,2
ACTCAACGAATGTATT-1_V12D07-075_C1,6
ACTCAAGTGCAAGGCT-1_V12D07-075_C1,13
ACTCAATAAAGGCACG-1_V12D07-075_C1,13
ACTCAGACCTGCTTCT-1_V12D07-075_C1,6
ACTCCCGAATTCGTTT-1_V12D07-075_C1,6
ACTCCCTAATGCTAAA-1_V12D07-075_C1,13
ACTCCCTAGAATAGTA-1_V12D07-075_C1,13
ACTCCGGCCGACCACT-1_V12D07-075_C1,15
ACTCGATGTATTTCAT-1_V12D07-075_C1,11
ACTCGCCGTTCGATAA-1_V12D07-075_C1,15
ACTCGCGATCTGACGC-1_V12D07-075_C1,6
ACTCGTCAGTAATCCC-1_V12D07-075_C1,15
ACTCTAAACCTGGGAT-1_V12D07-075_C1,13
ACTCTCTGACTTAGGT-1_V12D07-075_C1,13
ACTCTCTTATACACGA-1_V12D07-075_C1,6
ACTCTGACCTAATAGA-1_V12D07-075_C1,12
ACTCTTCAGCTCCCGC-1_V12D07-075_C1,6
ACTCTTGTATAGTAAC-1_V12D07-075_C1,13
ACTGAAACGCCGTTAG-1_V12D07-075_C1,15
ACTGAATGGCGAAAGT-1_V12D07-075_C1,15
ACTGCGGACACACCGT-1_V12D07-075_C1,6
ACTGTACGATACACAT-1_V12D07-075_C1,13
ACTGTAGCACTTTGGA-1_V12D07-075_C1,13
ACTGTATACGCGAGCA-1_V12D07-075_C1,6
ACTGTCCAGGATTATA-1_V12D07-075_C1,13
ACTGTCTTCTTTAGAA-1_V12D07-075_C1,13
ACTTACCGGGCGCGCA-1_V12D07-075_C1,6
ACTTAGTACGACAAGA-1_V12D07-075_C1,13
ACTTATACTTACCCGG-1_V12D07-075_C1,15
ACTTATTAGGATCGGT-1_V12D07-075_C1,13
ACTTATTTATGTGCCA-1_V12D07-075_C1,15
ACTTCAGGCTGATCCC-1_V12D07-075_C1,13
ACTTCCATGCGGGACA-1_V12D07-075_C1,13
ACTTCGCCATACGCAC-1_V12D07-075_C1,13
ACTTCGCTAGCGAGTG-1_V12D07-075_C1,6
ACTTGACTCCCTCTTT-1_V12D07-075_C1,13
ACTTGGGACCCGGTGG-1_V12D07-075_C1,13
ACTTGTGGATGGAACG-1_V12D07-075_C1,15
ACTTTACCCTCATGAA-1_V12D07-075_C1,6
ACTTTCCTATAGCTTC-1_V12D07-075_C1,13
ACTTTGACTGCATCCT-1_V12D07-075_C1,2
ACTTTGTCGACGCACT-1_V12D07-075_C1,2
AGAAATTATGACTCGC-1_V12D07-075_C1,2
AGAACCCAGCGTGACA-1_V12D07-075_C1,6
AGAACGTGGTACATTC-1_V12D07-075_C1,13
AGAAGGTTGCCGAATT-1_V12D07-075_C1,13
AGAAGGTTGTAGGTCG-1_V12D07-075_C1,12
AGAATAAATCTTCAGG-1_V12D07-075_C1,11
AGAATGCGGGTTCGGA-1_V12D07-075_C1,6
AGAATTATGGATTCGA-1_V12D07-075_C1,2
AGAATTGTTTGACATA-1_V12D07-075_C1,14
AGACAGGCATCTCAGC-1_V12D07-075_C1,6
AGACATAGATCCTTCC-1_V12D07-075_C1,6
AGACCATGGGATACAA-1_V12D07-075_C1,13
AGACCCACCGCTGATC-1_V12D07-075_C1,13
AGACCCGCCCTCCTCG-1_V12D07-075_C1,13
AGACCGCTCCGCGGTT-1_V12D07-075_C1,15
AGACGAAGTGCCGGTC-1_V12D07-075_C1,15
AGACGCCCACTTCGCC-1_V12D07-075_C1,15
AGACGGGCCGATTTAA-1_V12D07-075_C1,6
AGACTAGCCTTCCAGA-1_V12D07-075_C1,13
AGACTGTTACCGGGTC-1_V12D07-075_C1,2
AGAGAACCGTCTAGGA-1_V12D07-075_C1,2
AGAGCCGCCGAGATTT-1_V12D07-075_C1,15
AGAGCGGGCTAATCAT-1_V12D07-075_C1,6
AGAGCGTACAAGCTCG-1_V12D07-075_C1,14
AGAGCTACGAAAGCAT-1_V12D07-075_C1,13
AGAGGCTTCGGAAACC-1_V12D07-075_C1,15
AGAGGGACAATTGTCC-1_V12D07-075_C1,6
AGAGTAAACTTCACTA-1_V12D07-075_C1,15
AGAGTATAGTGTTACG-1_V12D07-075_C1,6
AGAGTTAGAGACCGAT-1_V12D07-075_C1,6
AGATAACTTCAGGGCC-1_V12D07-075_C1,13
AGATACCAATAGAACC-1_V12D07-075_C1,12
AGATACCAGCACTTCA-1_V12D07-075_C1,6
AGATACCGGTGTTCAC-1_V12D07-075_C1,13
AGATACGACTTCATAT-1_V12D07-075_C1,5
AGATACTCAAGATCGA-1_V12D07-075_C1,15
AGATATAATACGACTA-1_V12D07-075_C1,15
AGATCGTGCATAAGAT-1_V12D07-075_C1,6
AGATCTCAGGTGTGAT-1_V12D07-075_C1,13
AGATGACTCGCCCACG-1_V12D07-075_C1,6
AGATGAGGGTTGCGAT-1_V12D07-075_C1,6
AGATGATGGAGTCTGG-1_V12D07-075_C1,6
AGATGCTATAACGAGC-1_V12D07-075_C1,12
AGATTATAGGACGTTT-1_V12D07-075_C1,13
AGCAAAGGCCGCTAGT-1_V12D07-075_C1,12
AGCAACATATCTTATT-1_V12D07-075_C1,15
AGCACCAGTACTCACG-1_V12D07-075_C1,9
AGCACTACCTCACCAG-1_V12D07-075_C1,9
AGCACTTAAGGACGCC-1_V12D07-075_C1,13
AGCAGAAGGAGAAAGA-1_V12D07-075_C1,15
AGCAGCCAGATGAATA-1_V12D07-075_C1,13
AGCATATCAATATGCT-1_V12D07-075_C1,15
AGCATCGTCGATAATT-1_V12D07-075_C1,6
AGCATTACGAGGCAAG-1_V12D07-075_C1,14
AGCCAAGCTTTGTGTC-1_V12D07-075_C1,13
AGCCACAGGTTACCCG-1_V12D07-075_C1,15
AGCCACTCCCGTGCTT-1_V12D07-075_C1,6
AGCCATATAGTATGTG-1_V12D07-075_C1,2
AGCCCATACATGTAAG-1_V12D07-075_C1,2
AGCCCGCAACAAGCAG-1_V12D07-075_C1,13
AGCCCGGTAGCCTGTA-1_V12D07-075_C1,2
AGCCCTAAGCGAAGTT-1_V12D07-075_C1,6
AGCCCTGTCGCACCGT-1_V12D07-075_C1,6
AGCCCTTCTAATCCGA-1_V12D07-075_C1,6
AGCCCTTGGACATCCC-1_V12D07-075_C1,15
AGCCGCAAATTCAAAT-1_V12D07-075_C1,15
AGCCGCTTGATTAGCG-1_V12D07-075_C1,12
AGCGACAGGAACGGTC-1_V12D07-075_C1,2
AGCGACATCCCATTCA-1_V12D07-075_C1,6
AGCGACCAACGATATT-1_V12D07-075_C1,13
AGCGATGCGCCTAATA-1_V12D07-075_C1,12
AGCGCATAATGAATCG-1_V12D07-075_C1,13
AGCGCGGGTGCCAATG-1_V12D07-075_C1,6
AGCGCTAGAGCGATGT-1_V12D07-075_C1,6
AGCGCTTATGGGCAAG-1_V12D07-075_C1,6
AGCGGACACTTCGTAG-1_V12D07-075_C1,13
AGCGGGAAGGGTCCAT-1_V12D07-075_C1,6
AGCGGGTCTGACACTC-1_V12D07-075_C1,12
AGCGGTTGCCGCTCTG-1_V12D07-075_C1,6
AGCGTACGAGAGCTAG-1_V12D07-075_C1,6
AGCGTCTGAACCCGCA-1_V12D07-075_C1,6
AGCGTGGTATTCTACT-1_V12D07-075_C1,13
AGCTAAGTACGCAGGC-1_V12D07-075_C1,13
AGCTAGAAGCAGAAGT-1_V12D07-075_C1,6
AGCTATTTAATCCAAC-1_V12D07-075_C1,6
AGCTCCATATATGTTC-1_V12D07-075_C1,12
AGCTCCTTCGCACATC-1_V12D07-075_C1,13
AGCTCTAGACGTTCCA-1_V12D07-075_C1,2
AGCTCTTCCCAGTGCA-1_V12D07-075_C1,6
AGCTCTTTACTCAGTT-1_V12D07-075_C1,13
AGCTGAAGTAAACCAA-1_V12D07-075_C1,6
AGCTTATAGAGACCTG-1_V12D07-075_C1,6
AGCTTCTTCTCGAGCA-1_V12D07-075_C1,15
AGCTTGATCTTAACTT-1_V12D07-075_C1,2
AGGAACGAACGACTTC-1_V12D07-075_C1,15
AGGAAGCTGTCCGCCG-1_V12D07-075_C1,13
AGGACATCGGCACACT-1_V12D07-075_C1,9
AGGACGACCCATTAGA-1_V12D07-075_C1,13
AGGACGCTCGATGTTG-1_V12D07-075_C1,6
AGGACTTATAGGAGAA-1_V12D07-075_C1,12
AGGAGACATCCACAGT-1_V12D07-075_C1,6
AGGAGGCCTTCGCGCG-1_V12D07-075_C1,15
AGGATAAAGTCGGGAT-1_V12D07-075_C1,13
AGGATATAGGGATTTA-1_V12D07-075_C1,15
AGGATATCCGACTGCA-1_V12D07-075_C1,2
AGGATTGCTTACGACA-1_V12D07-075_C1,6
AGGCACGTGACTGTCC-1_V12D07-075_C1,15
AGGCAGATGCGTAAAC-1_V12D07-075_C1,2
AGGCAGGGAGCGTACT-1_V12D07-075_C1,2
AGGCATTGTCGTAGGG-1_V12D07-075_C1,15
AGGCCACATTGGTTAC-1_V12D07-075_C1,6
AGGCCACCCGTTATGA-1_V12D07-075_C1,13
AGGCCCAGTGACTGGT-1_V12D07-075_C1,14
AGGCCTGAGAATCTCG-1_V12D07-075_C1,15
AGGCGATAACTGGCGT-1_V12D07-075_C1,15
AGGCGTCTATGGACGG-1_V12D07-075_C1,6
AGGCTATGGTTAGCTT-1_V12D07-075_C1,13
AGGCTTCCCGAAGAAG-1_V12D07-075_C1,2
AGGCTTGCTAGACACC-1_V12D07-075_C1,14
AGGGAAACGAGGTACT-1_V12D07-075_C1,6
AGGGACCGGCTGCGTT-1_V12D07-075_C1,6
AGGGACTCTACGCGAC-1_V12D07-075_C1,13
AGGGAGACATACTTCG-1_V12D07-075_C1,6
AGGGCAGCGGCGTGGT-1_V12D07-075_C1,6
AGGGCCCTAATGTTCT-1_V12D07-075_C1,15
AGGGCGTGATCGGCTA-1_V12D07-075_C1,4
AGGGCTGCAGTTACAG-1_V12D07-075_C1,13
AGGGTCAGTAACCCTA-1_V12D07-075_C1,6
AGGGTCGATGCGAACT-1_V12D07-075_C1,2
AGGGTCTGGACGCAGT-1_V12D07-075_C1,2
AGGGTGCTCTCGAGGG-1_V12D07-075_C1,2
AGGGTGGATAGTGCAT-1_V12D07-075_C1,12
AGGGTTCCCTTTGGTT-1_V12D07-075_C1,2
AGGGTTTAGTTCGGGA-1_V12D07-075_C1,13
AGGTAACCTCCTATTC-1_V12D07-075_C1,6
AGGTACGATATTGCCA-1_V12D07-075_C1,6
AGGTAGGTACAAAGCT-1_V12D07-075_C1,13
AGGTATAATTGATAGT-1_V12D07-075_C1,6
AGGTATGCGGACATTA-1_V12D07-075_C1,6
AGGTCGCCTCCCAACA-1_V12D07-075_C1,15
AGGTCGCGGAGTTACT-1_V12D07-075_C1,6
AGGTGCACGTCCACAT-1_V12D07-075_C1,15
AGGTGGTGACCTTCGC-1_V12D07-075_C1,13
AGGTGTATCGCCATGA-1_V12D07-075_C1,2
AGGTGTTGCCGACCAC-1_V12D07-075_C1,15
AGGTTACACCATGCCG-1_V12D07-075_C1,6
AGGTTGAGGCACGCTT-1_V12D07-075_C1,6
AGGTTTCACACACCTT-1_V12D07-075_C1,13
AGTAACGTTCATCCTG-1_V12D07-075_C1,6
AGTAACTATAGCAGCC-1_V12D07-075_C1,2
AGTAATGTCTTGCCGC-1_V12D07-075_C1,6
AGTACATCATTTATCA-1_V12D07-075_C1,6
AGTACCTTCGAGTGCT-1_V12D07-075_C1,6
AGTACGGCCCGTATCG-1_V12D07-075_C1,13
AGTACGGGCACCTGGC-1_V12D07-075_C1,6
AGTACGTGGCCTGTCT-1_V12D07-075_C1,6
AGTACTCTTATGCCCA-1_V12D07-075_C1,13
AGTAGAAGGCGCCTCA-1_V12D07-075_C1,15
AGTAGGAAGGAAGTTG-1_V12D07-075_C1,6
AGTAGGTAACATACAT-1_V12D07-075_C1,6
AGTATAATACTAGGCA-1_V12D07-075_C1,13
AGTATACACAGCGACA-1_V12D07-075_C1,9
AGTATTTGGCACGACC-1_V12D07-075_C1,2
AGTCAACACCACCATC-1_V12D07-075_C1,13
AGTCAAGATGACACTT-1_V12D07-075_C1,15
AGTCACTAGCTCTCGA-1_V12D07-075_C1,15
AGTCCATTGGCTGATG-1_V12D07-075_C1,15
AGTCCCTCGCAGAAAG-1_V12D07-075_C1,6
AGTCGACGGTCTCAAG-1_V12D07-075_C1,15
AGTCGGCCCAAACGAC-1_V12D07-075_C1,13
AGTCGGTTGCGTGAGA-1_V12D07-075_C1,6
AGTCGTATAAAGCAGA-1_V12D07-075_C1,13
AGTCGTCGACCACCAA-1_V12D07-075_C1,15
AGTCTAAAGTATACTC-1_V12D07-075_C1,6
AGTCTTCTCCTCAAAT-1_V12D07-075_C1,13
AGTCTTTAAAGTGTCC-1_V12D07-075_C1,15
AGTGAACAAACTTCTC-1_V12D07-075_C1,15
AGTGAAGATGGTGTCC-1_V12D07-075_C1,6
AGTGACCTACTTTACG-1_V12D07-075_C1,13
AGTGAGACTTCCAGTA-1_V12D07-075_C1,15
AGTGAGCCTCGCCGCC-1_V12D07-075_C1,2
AGTGAGGGTTTCTGAC-1_V12D07-075_C1,6
AGTGAGTCGAATTAAC-1_V12D07-075_C1,15
AGTGATAACCTGCGCG-1_V12D07-075_C1,13
AGTGATATGAGTAGTT-1_V12D07-075_C1,13
AGTGATTCAAGCAGGA-1_V12D07-075_C1,15
AGTGCACGCTTAAGAA-1_V12D07-075_C1,15
AGTGCGTAGCTCGTAA-1_V12D07-075_C1,2
AGTGCTAAACACAGCA-1_V12D07-075_C1,12
AGTGCTTGCACGAATA-1_V12D07-075_C1,15
AGTGGCGGCAATTTGA-1_V12D07-075_C1,2
AGTGGCGTCTGAAGGT-1_V12D07-075_C1,12
AGTGGCTCCGTCGGCC-1_V12D07-075_C1,2
AGTGGGAGTATACACG-1_V12D07-075_C1,12
AGTGGTTGCGTATAGG-1_V12D07-075_C1,15
AGTGTATTGCGCATTG-1_V12D07-075_C1,2
AGTGTGCTAAGATCGC-1_V12D07-075_C1,12
AGTGTGGTCTATTGTG-1_V12D07-075_C1,14
AGTTAAACACTTGCGA-1_V12D07-075_C1,13
AGTTAAGCGGTCCCGG-1_V12D07-075_C1,6
AGTTACCCTTAAGACT-1_V12D07-075_C1,13
AGTTACTCTATCGTGG-1_V12D07-075_C1,6
AGTTCACCGGTTGGAC-1_V12D07-075_C1,1
AGTTCCTACAGAATTA-1_V12D07-075_C1,13
AGTTCCTATTTATGTT-1_V12D07-075_C1,15
AGTTGACATCGGCTGG-1_V12D07-075_C1,6
AGTTGACGGTCCTTGC-1_V12D07-075_C1,12
AGTTGCTGACTGATAT-1_V12D07-075_C1,13
AGTTGGCAAGGCTAGA-1_V12D07-075_C1,15
AGTTTATGTAAAGACA-1_V12D07-075_C1,6
AGTTTCGCAGGTCGGA-1_V12D07-075_C1,6
AGTTTGCACCTGCCTC-1_V12D07-075_C1,13
AGTTTGGCACGGGTTG-1_V12D07-075_C1,15
AGTTTGGCCAGACCTA-1_V12D07-075_C1,2
ATAAACGGACCCGTAA-1_V12D07-075_C1,13
ATAAACGTTGCACCAC-1_V12D07-075_C1,15
ATAAAGGCTCGGTCGT-1_V12D07-075_C1,13
ATAAAGGTCAAGTACG-1_V12D07-075_C1,6
ATAAATATTAGCAGCT-1_V12D07-075_C1,13
ATAACGCCGGAGGGTC-1_V12D07-075_C1,15
ATAACGGAGTCCAACG-1_V12D07-075_C1,13
ATAACGTTACCTCCAC-1_V12D07-075_C1,6
ATAAGGTGGAGAACAT-1_V12D07-075_C1,13
ATAAGTACCCGATTGT-1_V12D07-075_C1,6
ATAAGTAGGATTCAGA-1_V12D07-075_C1,2
ATAAGTTACCGCGACG-1_V12D07-075_C1,13
ATAATACCGTTAGCCG-1_V12D07-075_C1,13
ATAATAGCTGTTGAAT-1_V12D07-075_C1,13
ATAATAGTGTAGGGAC-1_V12D07-075_C1,1
ATAATCTTGGAGAACC-1_V12D07-075_C1,12
ATAATTAGCTAAGTAG-1_V12D07-075_C1,12
ATACAGGCCCTCCAAT-1_V12D07-075_C1,13
ATACCACGGGCAACTT-1_V12D07-075_C1,13
ATACCAGGCTAATAGA-1_V12D07-075_C1,6
ATACCGTCATCCATAA-1_V12D07-075_C1,6
ATACCTAACCAAGAAA-1_V12D07-075_C1,14
ATACGAAGGCTTTCCA-1_V12D07-075_C1,6
ATACGCCGGCGAAACC-1_V12D07-075_C1,13
ATACGGGTTTCGATTG-1_V12D07-075_C1,6
ATACGGTGAAGATGCA-1_V12D07-075_C1,13
ATACGTACTTAGCCAC-1_V12D07-075_C1,13
ATACGTCCACTCCTGT-1_V12D07-075_C1,15
ATACGTTATGCACGGA-1_V12D07-075_C1,13
ATACTACCCGTACCAC-1_V12D07-075_C1,15
ATACTAGCATGACCCT-1_V12D07-075_C1,6
ATACTCTCGCCACTCT-1_V12D07-075_C1,6
ATACTGCCTTACACCG-1_V12D07-075_C1,13
ATACTTGTTCTCGAGC-1_V12D07-075_C1,14
ATAGACAACGGGACCT-1_V12D07-075_C1,2
ATAGACGAAGAGAAAG-1_V12D07-075_C1,13
ATAGAGTACTGGGACA-1_V12D07-075_C1,13
ATAGAGTTATCAACTT-1_V12D07-075_C1,13
ATAGCAACTAGGGAAG-1_V12D07-075_C1,15
ATAGCCTCAGTACCCA-1_V12D07-075_C1,13
ATAGCTGCTCTTGTTA-1_V12D07-075_C1,13
ATAGGAATCTAAGCTT-1_V12D07-075_C1,6
ATAGGCGGCTATAGAA-1_V12D07-075_C1,2
ATAGGCTAGCTTCGCA-1_V12D07-075_C1,2
ATAGGGATATCCTTGA-1_V12D07-075_C1,14
ATAGGTTGGGCAGATG-1_V12D07-075_C1,13
ATAGTCTTTGACGTGC-1_V12D07-075_C1,6
ATAGTGAAGCGTTCTC-1_V12D07-075_C1,13
ATAGTTCCACCCACTC-1_V12D07-075_C1,2
ATATAAAGCGCTCGTG-1_V12D07-075_C1,13
ATATAAATGTAGCTGC-1_V12D07-075_C1,13
ATATAACACGGGCGCA-1_V12D07-075_C1,15
ATATACGCTCGTGACG-1_V12D07-075_C1,15
ATATCAACCTACAGAG-1_V12D07-075_C1,13
ATATCGGTAGGGAGAT-1_V12D07-075_C1,6
ATATCGTTCCTCGAAC-1_V12D07-075_C1,15
ATATCTCCCTCGTTAA-1_V12D07-075_C1,6
ATATCTTAGGGCCTTC-1_V12D07-075_C1,13
ATATGGGATAGCAACT-1_V12D07-075_C1,13
ATATGTCTCCCTAGCC-1_V12D07-075_C1,2
ATATGTGCACAAACCA-1_V12D07-075_C1,6
ATATTATCCCGTATTT-1_V12D07-075_C1,12
ATATTCAGTTAAACCT-1_V12D07-075_C1,2
ATATTCCCACAGGTCA-1_V12D07-075_C1,6
ATATTGCTGTCAAAGT-1_V12D07-075_C1,14
ATATTGGAGAGGCCTT-1_V12D07-075_C1,15
ATATTTAACCCTCAAG-1_V12D07-075_C1,13
ATCAAACACTGTTCCA-1_V12D07-075_C1,15
ATCAAACGAAGGTTTG-1_V12D07-075_C1,2
ATCAATCTGGGCTGCA-1_V12D07-075_C1,13
ATCACATTAGAATATC-1_V12D07-075_C1,6
ATCACGTGCTAATTAA-1_V12D07-075_C1,2
ATCACTTCATCCTCGC-1_V12D07-075_C1,13
ATCAGACGGCACGCCG-1_V12D07-075_C1,13
ATCAGCCTCATGCTGC-1_V12D07-075_C1,6
ATCAGGTAGCTGACAG-1_V12D07-075_C1,6
ATCAGGTCGCCATTGC-1_V12D07-075_C1,6
ATCAGTAGGCAGGGAT-1_V12D07-075_C1,6
ATCATAGCCCTATGTA-1_V12D07-075_C1,15
ATCATCCAATATTTGT-1_V12D07-075_C1,13
ATCATGGACTACCGAC-1_V12D07-075_C1,6
ATCCAACGCAGTCATA-1_V12D07-075_C1,13
ATCCAATGGAGGGTCC-1_V12D07-075_C1,2
ATCCAATGGTACCGAA-1_V12D07-075_C1,15
ATCCACATCGACAGAA-1_V12D07-075_C1,12
ATCCACGCTAAATGTT-1_V12D07-075_C1,6
ATCCACTTTCAGACTA-1_V12D07-075_C1,6
ATCCAGAGCAACAACC-1_V12D07-075_C1,13
ATCCAGGATTCGTGAA-1_V12D07-075_C1,13
ATCCCATTTCCGTGGG-1_V12D07-075_C1,13
ATCCGGACCAGCCTGA-1_V12D07-075_C1,15
ATCCTACCTAAGCTCT-1_V12D07-075_C1,13
ATCCTGAATCGCTGCG-1_V12D07-075_C1,13
ATCCTGCGTGGAATGG-1_V12D07-075_C1,13
ATCCTGCTGCAGATAG-1_V12D07-075_C1,6
ATCCTTCTGAAAGAAC-1_V12D07-075_C1,6
ATCGACCCAATACAGA-1_V12D07-075_C1,13
ATCGACTCTTTCCGTT-1_V12D07-075_C1,13
ATCGCACGCCGGGAGA-1_V12D07-075_C1,13
ATCGCCAGTCAACATT-1_V12D07-075_C1,15
ATCGCTGCGTGCAGCA-1_V12D07-075_C1,6
ATCGCTTTACGTCTCA-1_V12D07-075_C1,6
ATCGGAGACAGACGGC-1_V12D07-075_C1,7
ATCGGCAAGCAGTCCA-1_V12D07-075_C1,6
ATCGGTTACCTAGTAA-1_V12D07-075_C1,13
ATCGTATTCCGAGAAC-1_V12D07-075_C1,12
ATCGTCCAATCGAGTC-1_V12D07-075_C1,14
ATCGTTAGCTAGCGGA-1_V12D07-075_C1,12
ATCGTTCACTTTCGCC-1_V12D07-075_C1,6
ATCTAACGTCCCTATG-1_V12D07-075_C1,12
ATCTAATATCCTACGG-1_V12D07-075_C1,13
ATCTACCATCTGCTCC-1_V12D07-075_C1,15
ATCTAGCTTGTGAGGG-1_V12D07-075_C1,15
ATCTCCCACGGAATAT-1_V12D07-075_C1,13
ATCTCCCTGCAATCTA-1_V12D07-075_C1,6
ATCTCGTGAGCGAAAC-1_V12D07-075_C1,6
ATCTGATAGTGTCTTA-1_V12D07-075_C1,12
ATCTGCACCTCTGCGA-1_V12D07-075_C1,2
ATCTGCTGTTATCGCC-1_V12D07-075_C1,13
ATCTGGGCTGTTCTTG-1_V12D07-075_C1,13
ATCTGGTTAAGACTGT-1_V12D07-075_C1,13
ATCTGTAATTGTACCC-1_V12D07-075_C1,6
ATCTTATCGCACACCC-1_V12D07-075_C1,13
ATCTTGACCTGCAACG-1_V12D07-075_C1,13
ATCTTGACTTGTCCAA-1_V12D07-075_C1,6
ATCTTTCGTATAACCA-1_V12D07-075_C1,11
ATGAAGCCAAGGAGCC-1_V12D07-075_C1,13
ATGAAGTGGACCCAGC-1_V12D07-075_C1,12
ATGACGCCGGCTCTAA-1_V12D07-075_C1,6
ATGACTATGCGACATT-1_V12D07-075_C1,15
ATGAGGAGTGTTAATC-1_V12D07-075_C1,13
ATGAGGGCAGCGGCTA-1_V12D07-075_C1,6
ATGATGCAATGGTACA-1_V12D07-075_C1,13
ATGCACTACCGCATTG-1_V12D07-075_C1,13
ATGCATGATCCAGGAT-1_V12D07-075_C1,13
ATGCCAATCGCTCTGC-1_V12D07-075_C1,6
ATGCCATTTGCGACCA-1_V12D07-075_C1,15
ATGCCGGTCTTGCATA-1_V12D07-075_C1,15
ATGCCGGTTGATGGGA-1_V12D07-075_C1,6
ATGCGACAATTGGTCC-1_V12D07-075_C1,2
ATGCGACAGTCCCATT-1_V12D07-075_C1,13
ATGCGAGTCCCACCAC-1_V12D07-075_C1,15
ATGCTCTGGCGCGGTA-1_V12D07-075_C1,15
ATGCTTAGGAGTTGAT-1_V12D07-075_C1,15
ATGGAACCTTTGCACA-1_V12D07-075_C1,6
ATGGAGCAGGCCGTGA-1_V12D07-075_C1,13
ATGGATCCGGCGTCCG-1_V12D07-075_C1,6
ATGGATTGACCAAACG-1_V12D07-075_C1,13
ATGGCAGCCGAGAAAC-1_V12D07-075_C1,4
ATGGCGGAATAGTCGC-1_V12D07-075_C1,6
ATGGCTGGAAATGGCC-1_V12D07-075_C1,6
ATGGGCCTCGGCCTCT-1_V12D07-075_C1,15
ATGGTCGCGTGGTTTC-1_V12D07-075_C1,9
ATGGTTACGAAACATG-1_V12D07-075_C1,6
ATGTAAGGCTGCTCTT-1_V12D07-075_C1,6
ATGTACATGCGGTGAG-1_V12D07-075_C1,15
ATGTACGATGACGTCG-1_V12D07-075_C1,12
ATGTAGCGCGCGTAGG-1_V12D07-075_C1,15
ATGTCATTTCCCATTG-1_V12D07-075_C1,13
ATGTGCATCCGACGCA-1_V12D07-075_C1,13
ATGTGGACATCTTGAT-1_V12D07-075_C1,13
ATGTTACGAGCAATAC-1_V12D07-075_C1,6
ATGTTCCTGCCCACCT-1_V12D07-075_C1,12
ATGTTCGTCGACCCAC-1_V12D07-075_C1,11
ATGTTGATTAGAGACT-1_V12D07-075_C1,15
ATGTTGTAGTCTGTTT-1_V12D07-075_C1,15
ATGTTTCGGCCCGGAG-1_V12D07-075_C1,6
ATTAAACATGCGGACC-1_V12D07-075_C1,13
ATTAACACCTGAGATA-1_V12D07-075_C1,13
ATTAATACTACGCGGG-1_V12D07-075_C1,13
ATTAATGAACCAGTCG-1_V12D07-075_C1,6
ATTAATTCGGTCACTC-1_V12D07-075_C1,6
ATTACAACTACCGGCC-1_V12D07-075_C1,6
ATTACATGTCAGTCTT-1_V12D07-075_C1,15
ATTACCACACTGCCTG-1_V12D07-075_C1,6
ATTACGACTCCACAGT-1_V12D07-075_C1,6
ATTACGCGCTGGCAGG-1_V12D07-075_C1,2
ATTACTTACTGGGCAT-1_V12D07-075_C1,6
ATTAGATTCCTCAGCA-1_V12D07-075_C1,6
ATTAGATTGATAGCGG-1_V12D07-075_C1,6
ATTAGGCGATGCTTTC-1_V12D07-075_C1,13
ATTATACTTTGCTCGT-1_V12D07-075_C1,6
ATTATAGCTACTTTAC-1_V12D07-075_C1,6
ATTATCGGAATGTACG-1_V12D07-075_C1,13
ATTATGCCATAGGGAG-1_V12D07-075_C1,6
ATTATTCAGAGTCACT-1_V12D07-075_C1,12
ATTCAAAGTACCTGTT-1_V12D07-075_C1,15
ATTCAACCATTTAAGG-1_V12D07-075_C1,12
ATTCACTGATGTTGGA-1_V12D07-075_C1,13
ATTCAGGACCTATTTC-1_V12D07-075_C1,6
ATTCAGTAGCAGGGTC-1_V12D07-075_C1,13
ATTCATATACTGTCCA-1_V12D07-075_C1,13
ATTCATCGTTGAGGCA-1_V12D07-075_C1,12
ATTCCCACATAAACAA-1_V12D07-075_C1,8
ATTCCTAAGACGTGGA-1_V12D07-075_C1,6
ATTCCTCCGCCAGTGC-1_V12D07-075_C1,13
ATTCCTTCCAGGCGGT-1_V12D07-075_C1,6
ATTCGACGCCGGGCCT-1_V12D07-075_C1,13
ATTCGCGCCTTGAGAG-1_V12D07-075_C1,15
ATTCTCGTCTCTTTAG-1_V12D07-075_C1,6
ATTCTGAGTATGAACT-1_V12D07-075_C1,6
ATTCTTCGTACTTATG-1_V12D07-075_C1,6
ATTGAAGATCTTAGTG-1_V12D07-075_C1,13
ATTGACCGGCGATGAC-1_V12D07-075_C1,6
ATTGACGTAACTCGGT-1_V12D07-075_C1,6
ATTGATGAGTCCTAAC-1_V12D07-075_C1,2
ATTGCCTTTATGTTTG-1_V12D07-075_C1,13
ATTGCGATCAGTAACT-1_V12D07-075_C1,15
ATTGCTGCTCCTCCAT-1_V12D07-075_C1,9
ATTGGATTACAGCGTA-1_V12D07-075_C1,15
ATTGGGAATATCTTGG-1_V12D07-075_C1,6
ATTGGGAGTTCTGTAA-1_V12D07-075_C1,6
ATTGGTAGGATCCGCT-1_V12D07-075_C1,12
ATTGGTTGTGCATTAC-1_V12D07-075_C1,2
ATTGTACAACTCGGCT-1_V12D07-075_C1,13
ATTGTCGCAATACCTT-1_V12D07-075_C1,6
ATTGTCTGTTTCATGT-1_V12D07-075_C1,13
ATTGTGACTTCGCTGC-1_V12D07-075_C1,6
ATTGTTCAACGATCCG-1_V12D07-075_C1,6
ATTTAACTCGTATTAC-1_V12D07-075_C1,6
ATTTACAGTTTACTGG-1_V12D07-075_C1,13
ATTTACTAAGTCCATT-1_V12D07-075_C1,6
ATTTCATTATTTCGCG-1_V12D07-075_C1,6
ATTTGTCTTGGGAGCT-1_V12D07-075_C1,15
ATTTGTTCCAGGGCTC-1_V12D07-075_C1,6
CAAACCAGGTCTGCAT-1_V12D07-075_C1,15
CAAACCCTCCGGCGGG-1_V12D07-075_C1,2
CAAACGAGTATCGCAG-1_V12D07-075_C1,2
CAAACGGTCGCACTTT-1_V12D07-075_C1,13
CAAACTACGATAGAGA-1_V12D07-075_C1,6
CAAACTATTGAGCTTC-1_V12D07-075_C1,6
CAAACTCGCGACGCCG-1_V12D07-075_C1,2
CAAAGGTCATCTGAAA-1_V12D07-075_C1,6
CAAAGGTTAAATTCAG-1_V12D07-075_C1,6
CAAATGTCCTTCCGTG-1_V12D07-075_C1,13
CAAATTGGATTATGCC-1_V12D07-075_C1,6
CAAATTGTCAGCAAGC-1_V12D07-075_C1,6
CAACACATCTCCTGCC-1_V12D07-075_C1,6
CAACATGGCCTGATAA-1_V12D07-075_C1,12
CAACCAGTGGCCTACC-1_V12D07-075_C1,15
CAACCGCACCTAGACA-1_V12D07-075_C1,12
CAACCTACCGAGCAGT-1_V12D07-075_C1,15
CAACCTGAACCTGCCA-1_V12D07-075_C1,6
CAACGACCCGTTTACA-1_V12D07-075_C1,6
CAACGGTTCTTGATAC-1_V12D07-075_C1,13
CAACGTGGTGGAGTCT-1_V12D07-075_C1,15
CAACTATATCGAATGC-1_V12D07-075_C1,6
CAACTCCGTAACTTGC-1_V12D07-075_C1,6
CAACTCCTTGATCCCG-1_V12D07-075_C1,6
CAACTGCTCATCCGAT-1_V12D07-075_C1,13
CAACTTGTAGTGGGCA-1_V12D07-075_C1,6
CAAGAAACCCTAAACT-1_V12D07-075_C1,6
CAAGACTCAGAAGCGC-1_V12D07-075_C1,6
CAAGAGGGCGGAGTAC-1_V12D07-075_C1,13
CAAGATATTATAACGT-1_V12D07-075_C1,15
CAAGCAACGTCGGAGT-1_V12D07-075_C1,13
CAAGCACCAAATGCCT-1_V12D07-075_C1,6
CAAGCGGCACATAATT-1_V12D07-075_C1,13
CAAGGATCGCATGTTC-1_V12D07-075_C1,13
CAAGGCCAGTGGTGCA-1_V12D07-075_C1,15
CAAGGTCCTATAGGCT-1_V12D07-075_C1,6
CAAGTAAGTGATAGAC-1_V12D07-075_C1,9
CAAGTGAACTTTGGTT-1_V12D07-075_C1,6
CAAGTGTGGTTGCAAA-1_V12D07-075_C1,15
CAATAAACCTTGGCCC-1_V12D07-075_C1,2
CAATACGAGAGTCTGA-1_V12D07-075_C1,6
CAATACGCTCTGAGGC-1_V12D07-075_C1,2
CAATATTCTTGACCTA-1_V12D07-075_C1,2
CAATCCCTATACCAGC-1_V12D07-075_C1,6
CAATGAGGTTCGACTA-1_V12D07-075_C1,6
CAATGGAATCTACATA-1_V12D07-075_C1,6
CAATGGATCTCTACCA-1_V12D07-075_C1,2
CAATGGTCGGCCTGGG-1_V12D07-075_C1,6
CAATGTGCCAACCCTT-1_V12D07-075_C1,6
CAATTAAGGGTGATGA-1_V12D07-075_C1,13
CAATTTCGTATAAGGG-1_V12D07-075_C1,13
CAATTTGACCGGGAAG-1_V12D07-075_C1,14
CACAAGAAAGATATTA-1_V12D07-075_C1,6
CACAATGAGCTGCTAT-1_V12D07-075_C1,13
CACACACGCTAACGAG-1_V12D07-075_C1,15
CACACAGCTTGCGCTC-1_V12D07-075_C1,6
CACACAGGGATAGATT-1_V12D07-075_C1,14
CACACGCGCTGTCTTA-1_V12D07-075_C1,2
CACACTTGTATTGCGA-1_V12D07-075_C1,6
CACAGCACCCACGGCA-1_V12D07-075_C1,13
CACAGCTAGGGAGTGA-1_V12D07-075_C1,6
CACAGGGCCATATAGT-1_V12D07-075_C1,12
CACAGGGCCGTTGTCA-1_V12D07-075_C1,13
CACAGTCCCGCTTCGC-1_V12D07-075_C1,15
CACAGTTCGCTTCCCA-1_V12D07-075_C1,15
CACATATTAGCAGGAT-1_V12D07-075_C1,13
CACATCTCACCGACGA-1_V12D07-075_C1,13
CACATGATTCAGCAAC-1_V12D07-075_C1,13
CACATTCTTTCGATGG-1_V12D07-075_C1,6
CACATTTCTTGTCAGA-1_V12D07-075_C1,2
CACCACGCCACACAGA-1_V12D07-075_C1,15
CACCATCGGAGGAGAC-1_V12D07-075_C1,6
CACCATGATCGCAAAG-1_V12D07-075_C1,6
CACCCAAATCTTATGT-1_V12D07-075_C1,6
CACCCACACGTCACCC-1_V12D07-075_C1,10
CACCCACGAGGCAATT-1_V12D07-075_C1,6
CACCCGGTTTGTGACT-1_V12D07-075_C1,2
CACCCTTTCCTCGCTC-1_V12D07-075_C1,6
CACCGATACACCGAGC-1_V12D07-075_C1,6
CACCGCCAGAAGGTTT-1_V12D07-075_C1,13
CACCGCCGACCAGCGA-1_V12D07-075_C1,6
CACCGCGTCCACTCTA-1_V12D07-075_C1,6
CACCGGAGATATCTCC-1_V12D07-075_C1,6
CACCGTATCCCATCCG-1_V12D07-075_C1,15
CACCGTTAGGGATCAC-1_V12D07-075_C1,2
CACCGTTGCGCGATAT-1_V12D07-075_C1,2
CACCTAATCAGTTTAC-1_V12D07-075_C1,6
CACCTCGATGGTGGAC-1_V12D07-075_C1,6
CACCTTGCGAAACTCG-1_V12D07-075_C1,6
CACCTTGGCGCCTTTG-1_V12D07-075_C1,12
CACGAAAGTTAGTCCC-1_V12D07-075_C1,13
CACGACGTAATAGTAA-1_V12D07-075_C1,11
CACGCACAGCGCAGCT-1_V12D07-075_C1,13
CACGCAGCGAGGCTTT-1_V12D07-075_C1,13
CACGCGGAACTGTTGC-1_V12D07-075_C1,15
CACGGACGTGGATGGC-1_V12D07-075_C1,6
CACGGCGCGCCAAAGG-1_V12D07-075_C1,6
CACGGGATTGAGGGTT-1_V12D07-075_C1,13
CACGTCAATCAATGGA-1_V12D07-075_C1,15
CACGTCGGCAACCTCT-1_V12D07-075_C1,2
CACGTCGGGTTCTAGA-1_V12D07-075_C1,12
CACGTCTATGATGTGG-1_V12D07-075_C1,6
CACGTTCGTGCTCTAG-1_V12D07-075_C1,2
CACGTTTCGTACACAC-1_V12D07-075_C1,15
CACTAAAGTTGCCTAT-1_V12D07-075_C1,13
CACTACGGGAGCTGCC-1_V12D07-075_C1,12
CACTACTCAGTTCTGT-1_V12D07-075_C1,6
CACTCAAGAGCTATGG-1_V12D07-075_C1,13
CACTCAGCTCTTGAGG-1_V12D07-075_C1,6
CACTCCTCTCGGTCGG-1_V12D07-075_C1,6
CACTCGAGCTGAACAA-1_V12D07-075_C1,13
CACTCGGTTAGGAGGA-1_V12D07-075_C1,13
CACTCTTCTGCTAGCC-1_V12D07-075_C1,13
CACTGACGATTGTGGA-1_V12D07-075_C1,13
CACTTAATCAGACGGA-1_V12D07-075_C1,13
CACTTCGTCTTATCTC-1_V12D07-075_C1,13
CAGAACTTAGCCCTCT-1_V12D07-075_C1,13
CAGAATAACACACGGA-1_V12D07-075_C1,15
CAGAATATTCGTTATC-1_V12D07-075_C1,6
CAGACACCGATCGCTG-1_V12D07-075_C1,13
CAGACCTGTAAGTGTT-1_V12D07-075_C1,2
CAGACGAACCTGATAC-1_V12D07-075_C1,13
CAGAGACGGTCACCCA-1_V12D07-075_C1,13
CAGAGCATGAGCTTGC-1_V12D07-075_C1,13
CAGAGCGATGGATGCT-1_V12D07-075_C1,9
CAGAGGCGATGCATGA-1_V12D07-075_C1,2
CAGAGTGATTTAACGT-1_V12D07-075_C1,6
CAGATAATGGGCGGGT-1_V12D07-075_C1,13
CAGATACTAACATAGT-1_V12D07-075_C1,13
CAGATCATTTAAAGTC-1_V12D07-075_C1,6
CAGCAGCCCGTTCCTT-1_V12D07-075_C1,13
CAGCAGTCCAGACTAT-1_V12D07-075_C1,15
CAGCAGTCTGTGCTGC-1_V12D07-075_C1,12
CAGCCGGGCCCTCTAT-1_V12D07-075_C1,6
CAGCCTCCTGCAGAGG-1_V12D07-075_C1,6
CAGCCTCGATAGCGGT-1_V12D07-075_C1,15
CAGCCTCTCCTCAAGA-1_V12D07-075_C1,6
CAGCGATTCCCTTCAA-1_V12D07-075_C1,2
CAGCGCCAACACGATA-1_V12D07-075_C1,15
CAGCTCACTGAGACAT-1_V12D07-075_C1,13
CAGCTCGACAAGTTAA-1_V12D07-075_C1,2
CAGCTTAGTAGGTAGC-1_V12D07-075_C1,13
CAGGAAGACTTTATAT-1_V12D07-075_C1,6
CAGGACAGCTGCCCTT-1_V12D07-075_C1,6
CAGGATATATCGTTGT-1_V12D07-075_C1,13
CAGGCAGTCTTACCAG-1_V12D07-075_C1,13
CAGGCCGTTTGGGTGT-1_V12D07-075_C1,13
CAGGCGCCATGCTAGG-1_V12D07-075_C1,13
CAGTAACTATTTATTG-1_V12D07-075_C1,6
CAGTACATTCTCTAAA-1_V12D07-075_C1,6
CAGTAGATGATGTCCG-1_V12D07-075_C1,13
CAGTAGCCCACGCGGT-1_V12D07-075_C1,6
CAGTCGAGGATGCAAT-1_V12D07-075_C1,13
CAGTCTCTCGGCTAAT-1_V12D07-075_C1,13
CAGTCTGTATACTGGG-1_V12D07-075_C1,13
CAGTGAATAAATGACT-1_V12D07-075_C1,6
CAGTGTCCGCAGAATG-1_V12D07-075_C1,14
CAGTGTCGGCTGGCCC-1_V12D07-075_C1,13
CAGTTCAAATTGACAC-1_V12D07-075_C1,13
CAGTTCGAGGACCCGA-1_V12D07-075_C1,13
CATAACGGACAGTCGT-1_V12D07-075_C1,2
CATAAGAAGCTTGGCT-1_V12D07-075_C1,13
CATAATGAGCGGGCGA-1_V12D07-075_C1,6
CATACAAAGCCGAACC-1_V12D07-075_C1,13
CATACACGGTTCCCAC-1_V12D07-075_C1,13
CATACCCGTACCCAGT-1_V12D07-075_C1,13
CATACGGCGTCTGGGC-1_V12D07-075_C1,13
CATACTATGTAATTGT-1_V12D07-075_C1,13
CATACTTAGGCAATAC-1_V12D07-075_C1,6
CATACTTCTTTCTCCG-1_V12D07-075_C1,9
CATAGAGGAGATACTA-1_V12D07-075_C1,15
CATAGCGTTGCCCACC-1_V12D07-075_C1,2
CATAGTACATTGAGAG-1_V12D07-075_C1,6
CATAGTAGCATAGTAG-1_V12D07-075_C1,13
CATAGTCAAATACATA-1_V12D07-075_C1,15
CATAGTCCACAAGAAC-1_V12D07-075_C1,2
CATAGTGGGCACGCCT-1_V12D07-075_C1,9
CATATACTACTGATAA-1_V12D07-075_C1,6
CATATAGGTACAGTCA-1_V12D07-075_C1,13
CATATTATTTGCCCTA-1_V12D07-075_C1,6
CATCAAACTGGCGCCC-1_V12D07-075_C1,6
CATCAACACCTACTAA-1_V12D07-075_C1,12
CATCATCTACCCGGAC-1_V12D07-075_C1,6
CATCATTACCCTGAGG-1_V12D07-075_C1,15
CATCCCGAGATTCATA-1_V12D07-075_C1,15
CATCCGCAGGCCCGAA-1_V12D07-075_C1,12
CATCCTCTCAAAGATC-1_V12D07-075_C1,15
CATCGGACGGGTTAAT-1_V12D07-075_C1,13
CATCGTCCGGTTACTA-1_V12D07-075_C1,13
CATCTACCCGAGAACG-1_V12D07-075_C1,6
CATCTAGTGAAGGGAA-1_V12D07-075_C1,6
CATCTATCCCGTGTCT-1_V12D07-075_C1,6
CATCTGCAGGATCATT-1_V12D07-075_C1,12
CATGAACCGACATTTG-1_V12D07-075_C1,6
CATGAACCTCTTATCA-1_V12D07-075_C1,1
CATGACTTCGCTGAAT-1_V12D07-075_C1,2
CATGAGATGCACTCTC-1_V12D07-075_C1,13
CATGATCGCTTTGAGA-1_V12D07-075_C1,15
CATGATGCACAATTCT-1_V12D07-075_C1,13
CATGATGGAAGTTAGC-1_V12D07-075_C1,15
CATGCATGGAGACCCT-1_V12D07-075_C1,1
CATGCGACCAGTTTAA-1_V12D07-075_C1,13
CATGCGTTAGACAGAA-1_V12D07-075_C1,6
CATGCTGGCTCCAATT-1_V12D07-075_C1,6
CATGGAAATGGGACCA-1_V12D07-075_C1,6
CATGGATTGTCTTCCG-1_V12D07-075_C1,15
CATGGCAGGAAGATCG-1_V12D07-075_C1,6
CATGGCTCCCTATGTC-1_V12D07-075_C1,12
CATGGGTCGGGTGTGG-1_V12D07-075_C1,6
CATGGTAAGTAGCGTT-1_V12D07-075_C1,13
CATGGTCTAGATACCG-1_V12D07-075_C1,13
CATGGTTTATTAATCA-1_V12D07-075_C1,15
CATGTAAGAGACATTT-1_V12D07-075_C1,15
CATGTAGGAGCGCCAA-1_V12D07-075_C1,6
CATGTCTCATTTATGG-1_V12D07-075_C1,10
CATTACATAGATTGTG-1_V12D07-075_C1,6
CATTACGCAGGAAGGG-1_V12D07-075_C1,2
CATTACGTCGGCCCGT-1_V12D07-075_C1,6
CATTATGCTTGTTGTG-1_V12D07-075_C1,13
CATTCACTGACAGCTA-1_V12D07-075_C1,6
CATTCCCATTCCGTCG-1_V12D07-075_C1,6
CATTCGTCGTAGCGGT-1_V12D07-075_C1,15
CATTGATGAACACGCC-1_V12D07-075_C1,11
CATTGCGAAATGGGCG-1_V12D07-075_C1,13
CATTGCGGGTCAATTC-1_V12D07-075_C1,11
CATTGTGTGCTAGATC-1_V12D07-075_C1,13
CATTTAGCGGACCATG-1_V12D07-075_C1,6
CATTTATCGTTCAAGA-1_V12D07-075_C1,6
CATTTGAGTGGTACGT-1_V12D07-075_C1,2
CCAAACAGAACCCTCG-1_V12D07-075_C1,13
CCAAAGCAGTTGGTTG-1_V12D07-075_C1,13
CCAAATAACAAGATTC-1_V12D07-075_C1,2
CCAACGATGCACTGAT-1_V12D07-075_C1,13
CCAACGCTTGCCAGGG-1_V12D07-075_C1,6
CCAACTTGATAGATCC-1_V12D07-075_C1,6
CCAAGAAAGTGGGCGA-1_V12D07-075_C1,13
CCAAGACTTCTGCGAA-1_V12D07-075_C1,6
CCAAGCGTAACTCGTA-1_V12D07-075_C1,13
CCAAGGTTGCCCTTTC-1_V12D07-075_C1,15
CCAAGTTTCTACAGAT-1_V12D07-075_C1,12
CCAATAGATTTCATCT-1_V12D07-075_C1,12
CCAATAGTGCCGTCGA-1_V12D07-075_C1,13
CCAATCGGTAGATCGA-1_V12D07-075_C1,6
CCAATGTCACAGCAAG-1_V12D07-075_C1,13
CCAATTACGGGTCGAG-1_V12D07-075_C1,6
CCAATTGAATGTTAAT-1_V12D07-075_C1,13
CCACAATGTACGTCTT-1_V12D07-075_C1,2
CCACACTGAGATATTA-1_V12D07-075_C1,13
CCACAGCTGAAATCAT-1_V12D07-075_C1,6
CCACAGTACCCATCCT-1_V12D07-075_C1,15
CCACATACTGCACCCA-1_V12D07-075_C1,6
CCACCAACTTTACTGT-1_V12D07-075_C1,2
CCACCCAAGGAAAGTG-1_V12D07-075_C1,2
CCACCTGTATGGAATA-1_V12D07-075_C1,15
CCACGAATTTAACCTC-1_V12D07-075_C1,15
CCACGAGAAGAGAATC-1_V12D07-075_C1,6
CCACGGTGCCCGGTAG-1_V12D07-075_C1,6
CCACGTAAATTAGACT-1_V12D07-075_C1,6
CCACTATCCGGGTCAC-1_V12D07-075_C1,6
CCACTGGTGGCTGGTT-1_V12D07-075_C1,2
CCACTGTTTGGATTAA-1_V12D07-075_C1,13
CCAGAAACTGATGCGA-1_V12D07-075_C1,2
CCAGAAAGCAACTCAT-1_V12D07-075_C1,2
CCAGAGACAAAGCCGG-1_V12D07-075_C1,14
CCAGATAGTTGAGTGA-1_V12D07-075_C1,2
CCAGCCTGGACCAATA-1_V12D07-075_C1,13
CCAGCGGGATCACCAG-1_V12D07-075_C1,6
CCAGCTACGCCTCATA-1_V12D07-075_C1,6
CCAGCTCGAACGCATT-1_V12D07-075_C1,13
CCAGCTGATGGTACTT-1_V12D07-075_C1,13
CCAGCTTCCGCCCGCA-1_V12D07-075_C1,13
CCAGGCTGGCGTCTGA-1_V12D07-075_C1,2
CCAGGGACGTGGCCTC-1_V12D07-075_C1,13
CCAGTAGTCTGATCCA-1_V12D07-075_C1,2
CCAGTCTAGACGGCGC-1_V12D07-075_C1,6
CCAGTCTTGTCATAGA-1_V12D07-075_C1,13
CCATAAACAACCCGAC-1_V12D07-075_C1,6
CCATACTCGCCTCTCC-1_V12D07-075_C1,15
CCATAGGTTGGCGTGG-1_V12D07-075_C1,6
CCATAGTCAGTAACCC-1_V12D07-075_C1,12
CCATATGGAAACTATA-1_V12D07-075_C1,15
CCATATTGGATCATGA-1_V12D07-075_C1,13
CCATCCATACCAAGTC-1_V12D07-075_C1,6
CCATCGCAGTTAAACT-1_V12D07-075_C1,13
CCATCTCACCAGTGAA-1_V12D07-075_C1,2
CCATCTTGTTCACAAT-1_V12D07-075_C1,6
CCATGCCCTAGATTTC-1_V12D07-075_C1,12
CCATGCCTGTTTAGTA-1_V12D07-075_C1,13
CCATGCTCTGCAGGAA-1_V12D07-075_C1,13
CCATGGCCCTTGTACC-1_V12D07-075_C1,12
CCATTAGCGATAATCC-1_V12D07-075_C1,4
CCATTCCCTGCCCACA-1_V12D07-075_C1,13
CCATTGTTTCCTCCAT-1_V12D07-075_C1,6
CCATTTCTACCTATTA-1_V12D07-075_C1,13
CCCAAACATGCTGCTC-1_V12D07-075_C1,15
CCCAACATACGTCGCG-1_V12D07-075_C1,2
CCCAACCACACTAACA-1_V12D07-075_C1,6
CCCAAGTCATTACACT-1_V12D07-075_C1,12
CCCAATTTCACAACTT-1_V12D07-075_C1,2
CCCAGAGGAGGGCGTA-1_V12D07-075_C1,6
CCCAGGTCTGAAGGCT-1_V12D07-075_C1,15
CCCAGTTAAGGCGCCG-1_V12D07-075_C1,6
CCCATATAGGTCGATT-1_V12D07-075_C1,15
CCCGACCATAGTCCGC-1_V12D07-075_C1,6
CCCGAGTTTCTCCGTA-1_V12D07-075_C1,2
CCCGATAGCCTCGCCT-1_V12D07-075_C1,6
CCCGCAGCGCGAACTA-1_V12D07-075_C1,13
CCCGCAGGGCCCAAAG-1_V12D07-075_C1,6
CCCGCCATGCTCCCGT-1_V12D07-075_C1,13
CCCGGCTAGGTGAGAA-1_V12D07-075_C1,12
CCCGGGTCGTTCAGGG-1_V12D07-075_C1,13
CCCGGTGGAAGAACCT-1_V12D07-075_C1,13
CCCGTAAGTCTAGGCC-1_V12D07-075_C1,2
CCCGTAGCTGGGAAGA-1_V12D07-075_C1,2
CCCGTCAGCGTCTGAC-1_V12D07-075_C1,6
CCCGTTTCGCAGATGT-1_V12D07-075_C1,15
CCCTACTTGAACAATG-1_V12D07-075_C1,15
CCCTAGTGTCAGGTGT-1_V12D07-075_C1,13
CCCTCAAGCTCTTAGT-1_V12D07-075_C1,13
CCCTCATTCTGGAATT-1_V12D07-075_C1,6
CCCTCCTCGCTCGTAT-1_V12D07-075_C1,15
CCCTGAAATGAGTTGA-1_V12D07-075_C1,13
CCCTGACTAACAAATT-1_V12D07-075_C1,2
CCCTGATGTAACTCGT-1_V12D07-075_C1,13
CCCTGCGCTACGCATA-1_V12D07-075_C1,9
CCCTGGTATGGGCGGC-1_V12D07-075_C1,6
CCCTGTTGGCAAAGAC-1_V12D07-075_C1,12
CCCTTTAATGGAGTTC-1_V12D07-075_C1,15
CCCTTTGACAGGTCTT-1_V12D07-075_C1,13
CCGAACCTTCCCGGCC-1_V12D07-075_C1,13
CCGAAGGGCGTACCGC-1_V12D07-075_C1,6
CCGAAGTATATTGTTC-1_V12D07-075_C1,14
CCGACAAACACATGAG-1_V12D07-075_C1,13
CCGACAAAGGGAGTGC-1_V12D07-075_C1,12
CCGACAATAGGCCGCC-1_V12D07-075_C1,12
CCGACGTAAACACAAC-1_V12D07-075_C1,6
CCGACTCGCATAGTCT-1_V12D07-075_C1,6
CCGAGCTGTGCTTGTC-1_V12D07-075_C1,6
CCGAGGGATGTTAGGC-1_V12D07-075_C1,6
CCGATATGACGTAAGG-1_V12D07-075_C1,6
CCGATCTCAACCTTAT-1_V12D07-075_C1,2
CCGATTCGAGGGACCC-1_V12D07-075_C1,2
CCGCACAAAGACCAAC-1_V12D07-075_C1,15
CCGCACACGAACGTGT-1_V12D07-075_C1,6
CCGCACGTGACCTCGG-1_V12D07-075_C1,13
CCGCACTTGCAATGAC-1_V12D07-075_C1,15
CCGCATGTGGTACGAT-1_V12D07-075_C1,13
CCGCCGGTCAACACAC-1_V12D07-075_C1,6
CCGCCGTTGAGGATAA-1_V12D07-075_C1,6
CCGCCTGCGAATTGGT-1_V12D07-075_C1,6
CCGCGATTTGGTAGGT-1_V12D07-075_C1,15
CCGCGGAATGCGTCAC-1_V12D07-075_C1,2
CCGCTATCAGCACCAG-1_V12D07-075_C1,15
CCGCTCTTCCGAACTA-1_V12D07-075_C1,15
CCGCTGGTGCCATTCA-1_V12D07-075_C1,6
CCGCTTACCTCACTCT-1_V12D07-075_C1,2
CCGCTTGCTGACATGG-1_V12D07-075_C1,11
CCGGAAGTTATCAGTC-1_V12D07-075_C1,6
CCGGAATGGTTTCAGT-1_V12D07-075_C1,14
CCGGAGCGTACTTTCT-1_V12D07-075_C1,13
CCGGAGGTCTTATGGT-1_V12D07-075_C1,6
CCGGCACGACCGTTTC-1_V12D07-075_C1,6
CCGGCGCATATTGGAT-1_V12D07-075_C1,6
CCGGGACCCGCAGAGA-1_V12D07-075_C1,6
CCGGGCGGTCTCGTCA-1_V12D07-075_C1,15
CCGGGCTGCTCCATAC-1_V12D07-075_C1,15
CCGGGTTCGAGGTTAC-1_V12D07-075_C1,13
CCGGTAATGGCTAGTC-1_V12D07-075_C1,6
CCGGTGCGAGTGATAG-1_V12D07-075_C1,15
CCGGTTTGTAATTGTG-1_V12D07-075_C1,2
CCGTAAGTTGGTCCCA-1_V12D07-075_C1,15
CCGTACCCAAGCGCCA-1_V12D07-075_C1,6
CCGTAGGAAATCCCTG-1_V12D07-075_C1,15
CCGTAGGGTTGTTTAC-1_V12D07-075_C1,15
CCGTATTAGCGCAGTT-1_V12D07-075_C1,6
CCGTGAGGCATTCATG-1_V12D07-075_C1,6
CCGTGCCCATGACGGC-1_V12D07-075_C1,6
CCGTGGAACGATCCAA-1_V12D07-075_C1,6
CCGTGTTAAATTCCAT-1_V12D07-075_C1,2
CCGTTACGTTAGAACA-1_V12D07-075_C1,6
CCGTTCCGAATCTCGG-1_V12D07-075_C1,2
CCTAAAGGCTGACGCT-1_V12D07-075_C1,6
CCTAAATTAACGGTTC-1_V12D07-075_C1,13
CCTAAATTGTATCCTA-1_V12D07-075_C1,2
CCTAACCCAAACAAGT-1_V12D07-075_C1,15
CCTAACTAAGGCTCTA-1_V12D07-075_C1,6
CCTACAAGTCCGGAAT-1_V12D07-075_C1,6
CCTACTCAACACGATT-1_V12D07-075_C1,15
CCTACTGCTTACACTT-1_V12D07-075_C1,13
CCTAGGCGTAGCGATC-1_V12D07-075_C1,15
CCTATAATGAGTGCCC-1_V12D07-075_C1,12
CCTATACCGTCCTGTC-1_V12D07-075_C1,2
CCTATATTTGTCCTGG-1_V12D07-075_C1,13
CCTATCTATATCGGAA-1_V12D07-075_C1,6
CCTATGAAGTGGTGCC-1_V12D07-075_C1,6
CCTATGGGTTACCGTC-1_V12D07-075_C1,2
CCTATGGTCAAAGCTG-1_V12D07-075_C1,15
CCTATGTCCACTCCAC-1_V12D07-075_C1,15
CCTCACCAATCTTGAC-1_V12D07-075_C1,13
CCTCACCTGAGGGAGC-1_V12D07-075_C1,2
CCTCACCTTAGCATCG-1_V12D07-075_C1,2
CCTCACGTCAGCTAAT-1_V12D07-075_C1,15
CCTCATGCAGCTACGA-1_V12D07-075_C1,6
CCTCCCGACAATCCCT-1_V12D07-075_C1,6
CCTCCGACAATTCAAG-1_V12D07-075_C1,13
CCTCCTGAGCCCACAT-1_V12D07-075_C1,15
CCTCCTGTTGTGTCGT-1_V12D07-075_C1,15
CCTCGAAGTGGACGGG-1_V12D07-075_C1,6
CCTCGCCAGCAAATTA-1_V12D07-075_C1,6
CCTCGCGCGATATAGG-1_V12D07-075_C1,2
CCTCGCGCTGTGCGAT-1_V12D07-075_C1,13
CCTCGGACCGGGATAG-1_V12D07-075_C1,13
CCTCGGATGCTACCTG-1_V12D07-075_C1,13
CCTCGTTACGCCTGTT-1_V12D07-075_C1,11
CCTCTAATCTGCCAAG-1_V12D07-075_C1,13
CCTCTCTCCCATCTAG-1_V12D07-075_C1,13
CCTCTGGCCTAGACGG-1_V12D07-075_C1,6
CCTCTGTACTATTCTA-1_V12D07-075_C1,13
CCTGAACGATATATTC-1_V12D07-075_C1,15
CCTGAATATTTACATA-1_V12D07-075_C1,13
CCTGACAAACTCGCGC-1_V12D07-075_C1,13
CCTGACCACCGATGGT-1_V12D07-075_C1,13
CCTGCCCGTTGTCTAG-1_V12D07-075_C1,15
CCTGCGATAGAACTGT-1_V12D07-075_C1,13
CCTGCGTTCTACGCTT-1_V12D07-075_C1,14
CCTGCTATTTGAGAAG-1_V12D07-075_C1,6
CCTGGAAACGTTCTGC-1_V12D07-075_C1,6
CCTGGCTAGACCCGCC-1_V12D07-075_C1,13
CCTGGTCGAATGTGGG-1_V12D07-075_C1,13
CCTGTAAGACATGATA-1_V12D07-075_C1,13
CCTGTACTCACGCCCA-1_V12D07-075_C1,2
CCTGTCACCCGGGCTC-1_V12D07-075_C1,13
CCTGTCCCTCACGTTA-1_V12D07-075_C1,6
CCTGTCGCCCGTAAAT-1_V12D07-075_C1,13
CCTGTGAAACCGTAAC-1_V12D07-075_C1,12
CCTGTTTGAAGACACG-1_V12D07-075_C1,15
CCTTCAGTTAAAGTGA-1_V12D07-075_C1,2
CCTTCGTATAGAATCC-1_V12D07-075_C1,15
CCTTCTTGATCCAGTG-1_V12D07-075_C1,6
CCTTGACCACTTTATT-1_V12D07-075_C1,15
CCTTTAAGGGAGCACT-1_V12D07-075_C1,2
CCTTTCAATGAAGAAA-1_V12D07-075_C1,2
CGAAACATAGATGGCA-1_V12D07-075_C1,6
CGAAACGCAATTCATG-1_V12D07-075_C1,2
CGAACAGTATGGGCGT-1_V12D07-075_C1,15
CGAACATAGTCAGAAA-1_V12D07-075_C1,6
CGAACCCGCATGCGTC-1_V12D07-075_C1,13
CGAACGCCCAGTGCCG-1_V12D07-075_C1,6
CGAAGACGGTGAGTGC-1_V12D07-075_C1,12
CGAAGCTATAAATTCA-1_V12D07-075_C1,6
CGAAGTTGCTCTGTGT-1_V12D07-075_C1,13
CGAATGACGCATAATG-1_V12D07-075_C1,13
CGAATTCCCGGTTCAA-1_V12D07-075_C1,15
CGACAATTTGATCTAA-1_V12D07-075_C1,15
CGACACCGCTTAAGGA-1_V12D07-075_C1,6
CGACACGCTCCGACAG-1_V12D07-075_C1,15
CGACAGTTCGCGTTAT-1_V12D07-075_C1,13
CGACATGCGATCTTCT-1_V12D07-075_C1,6
CGACTCAGGATGTTAT-1_V12D07-075_C1,6
CGACTTTGTATAGCCT-1_V12D07-075_C1,6
CGAGACCCTAGAGTGT-1_V12D07-075_C1,13
CGAGACTACTGCTGCT-1_V12D07-075_C1,2
CGAGAGATGTGAACCT-1_V12D07-075_C1,13
CGAGAGCTTTCACTAC-1_V12D07-075_C1,12
CGAGAGGGTAGCCGCG-1_V12D07-075_C1,15
CGAGATTTCGCTCGGG-1_V12D07-075_C1,6
CGAGCACTTCAAGTTT-1_V12D07-075_C1,13
CGAGCCGAGCACTCGA-1_V12D07-075_C1,12
CGAGCGTTGATCAGCC-1_V12D07-075_C1,6
CGAGCTGGGCTTTAGG-1_V12D07-075_C1,6
CGAGGAGCTTCCATAT-1_V12D07-075_C1,11
CGAGGATCGGGAACGA-1_V12D07-075_C1,6
CGAGGCCAGGCATTGG-1_V12D07-075_C1,13
CGAGGCTAAATATGGC-1_V12D07-075_C1,4
CGAGGGACTGCGGTCG-1_V12D07-075_C1,13
CGAGGGTATCCAGGTG-1_V12D07-075_C1,13
CGAGTACTAAAGAGGA-1_V12D07-075_C1,2
CGAGTGCTATAGTTCG-1_V12D07-075_C1,6
CGAGTTCTGTCCCACC-1_V12D07-075_C1,2
CGAGTTTATCGGACTG-1_V12D07-075_C1,15
CGATAATACTCAGGTT-1_V12D07-075_C1,6
CGATACCTCGCGGACA-1_V12D07-075_C1,13
CGATAGTCGTACTGCA-1_V12D07-075_C1,4
CGATATTAGCCGCAGG-1_V12D07-075_C1,6
CGATCCGACCCAGTGC-1_V12D07-075_C1,13
CGATGGACCCTACGCC-1_V12D07-075_C1,2
CGATTAAATATCTCCT-1_V12D07-075_C1,9
CGATTCGCCTGGCTGC-1_V12D07-075_C1,13
CGCAAACACGAGTTAC-1_V12D07-075_C1,13
CGCAATCGATCATTAG-1_V12D07-075_C1,14
CGCAATTACTTTCGGT-1_V12D07-075_C1,13
CGCAATTAGGGTAATA-1_V12D07-075_C1,13
CGCACATGTCCACTAC-1_V12D07-075_C1,15
CGCACGTGCGCTATCA-1_V12D07-075_C1,2
CGCAGAAACATTTGCG-1_V12D07-075_C1,6
CGCAGATCTTCACCCG-1_V12D07-075_C1,11
CGCAGGCGATCCAAAC-1_V12D07-075_C1,15
CGCATCATGGCTTCAG-1_V12D07-075_C1,6
CGCATCCATCAGCCAG-1_V12D07-075_C1,6
CGCATGCCGAATGCGT-1_V12D07-075_C1,15
CGCATGGTGCGATGCT-1_V12D07-075_C1,13
CGCATTAGCTAATAGG-1_V12D07-075_C1,13
CGCCAAGAAGCCGAGT-1_V12D07-075_C1,2
CGCCAATTATTGCGTT-1_V12D07-075_C1,12
CGCCACCCGCATTAAC-1_V12D07-075_C1,14
CGCCATCCGATTATGA-1_V12D07-075_C1,6
CGCCCAGCACGCCTAG-1_V12D07-075_C1,13
CGCCCAGCGTTTCACG-1_V12D07-075_C1,12
CGCCCGCTTCCGTACA-1_V12D07-075_C1,6
CGCCCTTGAAGGCTGA-1_V12D07-075_C1,13
CGCCGACTATTCGCTA-1_V12D07-075_C1,12
CGCCGCCCATGCCTGT-1_V12D07-075_C1,15
CGCCGTCTACCCATCG-1_V12D07-075_C1,6
CGCCGTTCAGCATAGT-1_V12D07-075_C1,15
CGCCTCCCTCCTCTAT-1_V12D07-075_C1,13
CGCCTGGCCTACGTAA-1_V12D07-075_C1,2
CGCCTTTAGCATGCTC-1_V12D07-075_C1,6
CGCGAAGTGGCATACT-1_V12D07-075_C1,15
CGCGACACTGCGCAGC-1_V12D07-075_C1,13
CGCGACCGCGACAGAT-1_V12D07-075_C1,13
CGCGAGAGGGACTTGT-1_V12D07-075_C1,6
CGCGCATGTTTGATTG-1_V12D07-075_C1,13
CGCGCCCGACTTAATA-1_V12D07-075_C1,6
CGCGGCAGTATTACGG-1_V12D07-075_C1,14
CGCGGCTCAACTTGAA-1_V12D07-075_C1,15
CGCGGGAATTAGGCAG-1_V12D07-075_C1,2
CGCGGTAAGTCTAGCT-1_V12D07-075_C1,6
CGCGGTACGGTATACA-1_V12D07-075_C1,15
CGCGGTCACAAACCAA-1_V12D07-075_C1,6
CGCGTACATTCTGGAA-1_V12D07-075_C1,6
CGCGTTCATGAAATAC-1_V12D07-075_C1,13
CGCTACGGGACATTTA-1_V12D07-075_C1,13
CGCTAGAGACCGCTGC-1_V12D07-075_C1,2
CGCTATACCGCCCACT-1_V12D07-075_C1,6
CGCTATTCTTAGGCTC-1_V12D07-075_C1,13
CGCTCGACATAATGAT-1_V12D07-075_C1,13
CGCTCTCCGTAGATTA-1_V12D07-075_C1,13
CGCTGGTGACTACCCT-1_V12D07-075_C1,15
CGCTGTGACGCCGCAC-1_V12D07-075_C1,13
CGCTGTGTGGATGTTG-1_V12D07-075_C1,2
CGCTTAGTATTGATAC-1_V12D07-075_C1,13
CGCTTATTCCCGGTCG-1_V12D07-075_C1,2
CGCTTCCACTGAAATC-1_V12D07-075_C1,14
CGCTTCGGTCTAAGAC-1_V12D07-075_C1,13
CGCTTGGACGGATAGA-1_V12D07-075_C1,15
CGCTTTCATACCGGTG-1_V12D07-075_C1,6
CGCTTTCTTGCATTCG-1_V12D07-075_C1,2
CGGAAAGAATCAAACG-1_V12D07-075_C1,2
CGGAAAGCAAATGTGC-1_V12D07-075_C1,13
CGGAACGTAAACATAG-1_V12D07-075_C1,2
CGGAGCAATTTAATCG-1_V12D07-075_C1,13
CGGAGCATGGCGATCC-1_V12D07-075_C1,13
CGGAGCTTATAACACC-1_V12D07-075_C1,6
CGGAGTTTGAGAGACA-1_V12D07-075_C1,13
CGGATAAGCGGACATG-1_V12D07-075_C1,12
CGGATCCTCAAGGACT-1_V12D07-075_C1,13
CGGCAAACATCGTGCG-1_V12D07-075_C1,13
CGGCAATAAGATCGCC-1_V12D07-075_C1,15
CGGCACCGTTAGCGCC-1_V12D07-075_C1,6
CGGCACTCAAGAAAGT-1_V12D07-075_C1,6
CGGCAGGGTCGGGTTG-1_V12D07-075_C1,2
CGGCCACGCACAAAGT-1_V12D07-075_C1,15
CGGCCAGAGCGACCAT-1_V12D07-075_C1,13
CGGCCCAACCTGTAGT-1_V12D07-075_C1,6
CGGCCCAGGTATATCC-1_V12D07-075_C1,15
CGGCGCCATCAATCCC-1_V12D07-075_C1,15
CGGCTCTAAAGCTGCA-1_V12D07-075_C1,2
CGGCTCTTCGTCGAAC-1_V12D07-075_C1,6
CGGCTTTGTATGATAA-1_V12D07-075_C1,6
CGGGAATATAGTATAC-1_V12D07-075_C1,15
CGGGAATTTATGTAAA-1_V12D07-075_C1,15
CGGGAGCTTCAGTGTA-1_V12D07-075_C1,15
CGGGAGTATACCGCCG-1_V12D07-075_C1,12
CGGGATCAATGTAAGA-1_V12D07-075_C1,13
CGGGCAGCTAAACCGC-1_V12D07-075_C1,13
CGGGCCATAGCCGCAC-1_V12D07-075_C1,6
CGGGCCTTCTTTGTAA-1_V12D07-075_C1,15
CGGGCGATGGATCACG-1_V12D07-075_C1,15
CGGGTGTACCCATTTA-1_V12D07-075_C1,2
CGGGTTCGGCACGTAT-1_V12D07-075_C1,11
CGGGTTTGTTAGGGCT-1_V12D07-075_C1,15
CGGTAGAGGTGCAGGT-1_V12D07-075_C1,6
CGGTATAGGTATTAGC-1_V12D07-075_C1,6
CGGTCAAGTGGGAACC-1_V12D07-075_C1,6
CGGTCAGTCCATATTT-1_V12D07-075_C1,2
CGGTCCATGAGACTCC-1_V12D07-075_C1,6
CGGTCCGTCGCAAGCC-1_V12D07-075_C1,13
CGGTCTATCAACCCGT-1_V12D07-075_C1,6
CGGTGAAGACTAAAGT-1_V12D07-075_C1,14
CGGTGCAGATAGAACG-1_V12D07-075_C1,13
CGGTGCGCGTTGGTCC-1_V12D07-075_C1,2
CGGTGGGCTCCAGCCT-1_V12D07-075_C1,6
CGGTGTACTTGATCCC-1_V12D07-075_C1,14
CGGTTATCCAACAGTG-1_V12D07-075_C1,2
CGGTTCAAGTAGGTGT-1_V12D07-075_C1,13
CGGTTCCGGCTTCTTG-1_V12D07-075_C1,6
CGGTTGACCTGGCATA-1_V12D07-075_C1,2
CGGTTGGGTTCAAGTT-1_V12D07-075_C1,6
CGGTTTATGAAGGAAC-1_V12D07-075_C1,6
CGTAACTTCGACACTT-1_V12D07-075_C1,13
CGTAATAATTACGAGT-1_V12D07-075_C1,12
CGTACCGAAAGTCTAG-1_V12D07-075_C1,13
CGTACCTGATAGGCCT-1_V12D07-075_C1,13
CGTAGCGAATTGTCAG-1_V12D07-075_C1,6
CGTAGCGCCGACGTTG-1_V12D07-075_C1,6
CGTATCTAGAACTAAG-1_V12D07-075_C1,15
CGTATTAAGAGATCTA-1_V12D07-075_C1,13
CGTCAAGGCTATAAAT-1_V12D07-075_C1,13
CGTCAATCTTTAACAT-1_V12D07-075_C1,13
CGTCACGTCCATTGGT-1_V12D07-075_C1,13
CGTCAGCTATTTACTC-1_V12D07-075_C1,13
CGTCAGTGCGCACAAG-1_V12D07-075_C1,6
CGTCCAGATGGCTCCA-1_V12D07-075_C1,12
CGTCCTCATCGCGTGC-1_V12D07-075_C1,2
CGTCGCATGTGAGCCA-1_V12D07-075_C1,12
CGTCGGATAGTGTTGA-1_V12D07-075_C1,2
CGTCGTCCTTCGCGAA-1_V12D07-075_C1,13
CGTCTGGAAGGGCCCG-1_V12D07-075_C1,6
CGTCTTGAGTGTGACG-1_V12D07-075_C1,6
CGTGAAGTTAATTCAC-1_V12D07-075_C1,13
CGTGACATTGGGTCGT-1_V12D07-075_C1,6
CGTGACCAGTCCTCTG-1_V12D07-075_C1,13
CGTGCAGACTGGGACA-1_V12D07-075_C1,13
CGTGCATTGTCGACGC-1_V12D07-075_C1,2
CGTGCCCTCCCGAAGA-1_V12D07-075_C1,13
CGTGCTGGCCTAGTCG-1_V12D07-075_C1,13
CGTGGAAGCCTCGTAC-1_V12D07-075_C1,6
CGTGGCCGAATATCTA-1_V12D07-075_C1,15
CGTGTATGGGAGCTGA-1_V12D07-075_C1,15
CGTGTCCCATTCGCGA-1_V12D07-075_C1,13
CGTGTGTTAAACCCTG-1_V12D07-075_C1,6
CGTTAAACTAGTTAGG-1_V12D07-075_C1,2
CGTTAATGTCCCGACG-1_V12D07-075_C1,13
CGTTAGCTCACAACTG-1_V12D07-075_C1,6
CGTTCAGACCCGCGAA-1_V12D07-075_C1,12
CGTTCTTCGCACACCT-1_V12D07-075_C1,6
CGTTGAATACCGCGCT-1_V12D07-075_C1,13
CGTTGAGCGACCGTCG-1_V12D07-075_C1,13
CGTTGAGTAATTGCGT-1_V12D07-075_C1,6
CGTTGCCCGCGTGGGA-1_V12D07-075_C1,2
CGTTGTAAGATTGATT-1_V12D07-075_C1,6
CGTTGTCGGCAATTGA-1_V12D07-075_C1,12
CGTTGTTTCAATTCCC-1_V12D07-075_C1,13
CGTTTAAGCGGAGCAC-1_V12D07-075_C1,6
CGTTTACAAGGCAGCT-1_V12D07-075_C1,6
CGTTTCACTTCGGGCG-1_V12D07-075_C1,6
CGTTTCGCTCATTACA-1_V12D07-075_C1,13
CGTTTGGTGTTGTGGG-1_V12D07-075_C1,15
CGTTTGTGTAGAGGGT-1_V12D07-075_C1,2
CTAAAGAATGCCTACT-1_V12D07-075_C1,13
CTAAAGGGAAATAGGA-1_V12D07-075_C1,13
CTAAATCCTATTCCGG-1_V12D07-075_C1,2
CTAACCGCGCGCCCGT-1_V12D07-075_C1,13
CTAACGAAACTTGCTG-1_V12D07-075_C1,2
CTAACTGATAATCGCC-1_V12D07-075_C1,15
CTAACTGGTCCGGTTC-1_V12D07-075_C1,2
CTAAGGGAATGATTGG-1_V12D07-075_C1,13
CTAAGTACAGGGCTAC-1_V12D07-075_C1,6
CTAATTCGCACGCGCT-1_V12D07-075_C1,13
CTAATTCTCAGATATT-1_V12D07-075_C1,2
CTAATTTCAACAACAC-1_V12D07-075_C1,13
CTACACTCGCAGATGG-1_V12D07-075_C1,15
CTACCCTAAGGTCATA-1_V12D07-075_C1,2
CTACGACTAGCTATAA-1_V12D07-075_C1,13
CTACGCACGGAGTACC-1_V12D07-075_C1,13
CTACGCCATTTCCGAT-1_V12D07-075_C1,6
CTACGTGTTGCCACCA-1_V12D07-075_C1,1
CTACTATCTTTCAGAG-1_V12D07-075_C1,2
CTACTCAAGGTATAGT-1_V12D07-075_C1,2
CTACTCTAGGCCCGGC-1_V12D07-075_C1,1
CTACTGCCACCTGACC-1_V12D07-075_C1,13
CTAGACATATATGTAG-1_V12D07-075_C1,6
CTAGACTGCATTTCGT-1_V12D07-075_C1,6
CTAGATAAACTCCTCG-1_V12D07-075_C1,9
CTAGATGTGAGTGTAA-1_V12D07-075_C1,6
CTAGATTTACGACGGC-1_V12D07-075_C1,13
CTAGCATAGTATAATG-1_V12D07-075_C1,13
CTAGCCACAGGCGAGC-1_V12D07-075_C1,15
CTAGCCGATGTTATGA-1_V12D07-075_C1,6
CTAGCTTAATGGTCCC-1_V12D07-075_C1,6
CTAGGCGCCCTATCAG-1_V12D07-075_C1,13
CTAGGTCTGAAGGAAT-1_V12D07-075_C1,2
CTAGGTTCGGACGTGA-1_V12D07-075_C1,14
CTAGTAGAAAGGGATT-1_V12D07-075_C1,13
CTAGTATTCGGAATTA-1_V12D07-075_C1,6
CTAGTCACGTCTTAAG-1_V12D07-075_C1,13
CTAGTGAAGGACAGGA-1_V12D07-075_C1,13
CTAGTTACAACCCGGT-1_V12D07-075_C1,13
CTAGTTGGGCCCGGTA-1_V12D07-075_C1,13
CTATAAGAGCCAATCG-1_V12D07-075_C1,13
CTATCGACGAAATACA-1_V12D07-075_C1,15
CTATCGCGTAGAGAAC-1_V12D07-075_C1,15
CTATCGGGTCTCAACA-1_V12D07-075_C1,13
CTATGCCCGAATGCAA-1_V12D07-075_C1,13
CTATGGGAAGCGGAAT-1_V12D07-075_C1,15
CTATGTCACTAGCCCA-1_V12D07-075_C1,13
CTATGTCTATTGAAAC-1_V12D07-075_C1,6
CTATTCATGTGTCCCA-1_V12D07-075_C1,13
CTATTGTGTTTGGTCA-1_V12D07-075_C1,6
CTATTTGCTTGGAGGA-1_V12D07-075_C1,15
CTATTTGGTTACGGAT-1_V12D07-075_C1,15
CTCAACTAACCCGGAT-1_V12D07-075_C1,12
CTCAAGACATTAGCGC-1_V12D07-075_C1,6
CTCACATTTACTAAAT-1_V12D07-075_C1,13
CTCACCAGTACAAGTG-1_V12D07-075_C1,13
CTCACCGATCCAAACT-1_V12D07-075_C1,6
CTCACTGTGATACTTA-1_V12D07-075_C1,15
CTCACTTGGCTGGTAA-1_V12D07-075_C1,2
CTCAGGACTCACCTGT-1_V12D07-075_C1,14
CTCAGTCACGACAAAT-1_V12D07-075_C1,2
CTCATCACTTAGTGAT-1_V12D07-075_C1,6
CTCATGGCTCACAATC-1_V12D07-075_C1,6
CTCATTCGTGAACATC-1_V12D07-075_C1,13
CTCATTGCTCTAACAA-1_V12D07-075_C1,12
CTCATTTGATGGGCGG-1_V12D07-075_C1,13
CTCCCAATGAGTCGCG-1_V12D07-075_C1,2
CTCCGCCCACATGAGG-1_V12D07-075_C1,13
CTCCGGCCTAATATGC-1_V12D07-075_C1,6
CTCCGGCTTGTAGACA-1_V12D07-075_C1,13
CTCCTCCAGCTCACAC-1_V12D07-075_C1,13
CTCCTGTTCAAGGCAG-1_V12D07-075_C1,15
CTCCTTTACGCAAGTC-1_V12D07-075_C1,6
CTCGAATGGAACGTAT-1_V12D07-075_C1,6
CTCGAGATCCAAAGCA-1_V12D07-075_C1,13
CTCGAGGTCGAACAGT-1_V12D07-075_C1,13
CTCGATATTTGCGAGC-1_V12D07-075_C1,6
CTCGCACCTATATAGT-1_V12D07-075_C1,13
CTCGCCGAATGTAGGG-1_V12D07-075_C1,13
CTCGCTAGGTAAGCGA-1_V12D07-075_C1,2
CTCGGGATAACACCTA-1_V12D07-075_C1,6
CTCGGTACCACTGCTC-1_V12D07-075_C1,13
CTCGTCTGTGCCTTCG-1_V12D07-075_C1,15
CTCGTTTCTAATGTTT-1_V12D07-075_C1,6
CTCTAATGCATTGATC-1_V12D07-075_C1,6
CTCTAGCCCTCGGAAA-1_V12D07-075_C1,12
CTCTATTTGGCTGCAG-1_V12D07-075_C1,13
CTCTCACAATCGATGA-1_V12D07-075_C1,15
CTCTCGCTGTACTATG-1_V12D07-075_C1,13
CTCTGCGAAGCAAGCA-1_V12D07-075_C1,6
CTCTGGACGCCTGGTG-1_V12D07-075_C1,13
CTCTGTTTGAGGATTC-1_V12D07-075_C1,6
CTCTTCTATTGACTGG-1_V12D07-075_C1,15
CTCTTGTCCCGCTTGG-1_V12D07-075_C1,13
CTGAAACGGCCCTCAG-1_V12D07-075_C1,6
CTGAAAGAGATCCGAC-1_V12D07-075_C1,6
CTGAATCCGAGACCTC-1_V12D07-075_C1,13
CTGAATTTATTGCCAG-1_V12D07-075_C1,6
CTGACATAGAAATAGA-1_V12D07-075_C1,6
CTGACTGCGCAGCTCG-1_V12D07-075_C1,2
CTGAGAAAGTTCGGCG-1_V12D07-075_C1,6
CTGAGAGTAGAAATAC-1_V12D07-075_C1,15
CTGAGCAAGTAACAAG-1_V12D07-075_C1,9
CTGAGCGAGACTTATT-1_V12D07-075_C1,6
CTGCAAGCACGTTCCG-1_V12D07-075_C1,15
CTGCACAACTACATAT-1_V12D07-075_C1,13
CTGCACCTAGTCCACA-1_V12D07-075_C1,6
CTGCACCTGGAACCGC-1_V12D07-075_C1,6
CTGCACTCCAGTACAG-1_V12D07-075_C1,13
CTGCAGAGAATCAGAG-1_V12D07-075_C1,12
CTGCAGGTGCTCGGCC-1_V12D07-075_C1,12
CTGCCAAGGTTGGAAG-1_V12D07-075_C1,6
CTGCCATGCATCACAT-1_V12D07-075_C1,13
CTGCCCACGAAGCGTT-1_V12D07-075_C1,13
CTGCCTCATATGCAAC-1_V12D07-075_C1,6
CTGCCTTTCTAGTAAA-1_V12D07-075_C1,15
CTGCGGTAGTCACGTG-1_V12D07-075_C1,6
CTGCGTTACGATATAA-1_V12D07-075_C1,6
CTGCTGAGGCCACGAA-1_V12D07-075_C1,2
CTGCTGTCTAACGAGC-1_V12D07-075_C1,6
CTGCTTGGCGATAGCT-1_V12D07-075_C1,13
CTGCTTTATGTCCGCG-1_V12D07-075_C1,6
CTGGAAATGGATGCTT-1_V12D07-075_C1,13
CTGGAAGACACGGTGG-1_V12D07-075_C1,15
CTGGATTTACACTTGA-1_V12D07-075_C1,13
CTGGCGACATAAGTCC-1_V12D07-075_C1,6
CTGGCGCACAGGTCTG-1_V12D07-075_C1,15
CTGGCGGGAATAAGTA-1_V12D07-075_C1,13
CTGGCTCCTGCGGGAT-1_V12D07-075_C1,4
CTGGCTGATTCATCCT-1_V12D07-075_C1,15
CTGGCTGGTTGTCAGT-1_V12D07-075_C1,13
CTGGGATAAATAATGG-1_V12D07-075_C1,15
CTGGGATACGCTACCC-1_V12D07-075_C1,6
CTGGGCCTGCTATATC-1_V12D07-075_C1,2
CTGGGCTATCCTTTGG-1_V12D07-075_C1,6
CTGGGTAGGCAGTTAA-1_V12D07-075_C1,13
CTGGTAAAGACTTACA-1_V12D07-075_C1,15
CTGGTAAAGTGTGGGC-1_V12D07-075_C1,15
CTGGTAACACATAGAA-1_V12D07-075_C1,15
CTGGTAACGAGCTCTT-1_V12D07-075_C1,2
CTGGTCATTCCAATCC-1_V12D07-075_C1,14
CTGGTCCTAACTTGGC-1_V12D07-075_C1,6
CTGGTTCAACGCATCA-1_V12D07-075_C1,6
CTGGTTCGCGAGCTAC-1_V12D07-075_C1,6
CTGGTTTCGAGCAAGA-1_V12D07-075_C1,15
CTGTACTTCTTAGCAT-1_V12D07-075_C1,13
CTGTAGCCATCTCACT-1_V12D07-075_C1,2
CTGTATGGTGTAGAAA-1_V12D07-075_C1,13
CTGTCAAATGGCTCGG-1_V12D07-075_C1,6
CTGTCACGCCAGGCGC-1_V12D07-075_C1,6
CTGTCTGTGGCTGGCT-1_V12D07-075_C1,12
CTGTGCAGGGTAGGTC-1_V12D07-075_C1,13
CTGTGGTCGGGAGATA-1_V12D07-075_C1,15
CTGTTACCCAATCTAG-1_V12D07-075_C1,13
CTGTTCACTGCCTGTG-1_V12D07-075_C1,6
CTGTTCATCTCACGGG-1_V12D07-075_C1,13
CTGTTGGCTCTTCTGA-1_V12D07-075_C1,13
CTTAAATAAGACCCAT-1_V12D07-075_C1,13
CTTAACTTACAGTATA-1_V12D07-075_C1,2
CTTAACTTCGAAGTAC-1_V12D07-075_C1,6
CTTACACGGTATTCCA-1_V12D07-075_C1,13
CTTACACTGGGAAATA-1_V12D07-075_C1,6
CTTACTGACTCCTCTG-1_V12D07-075_C1,9
CTTAGCCTTCCACATG-1_V12D07-075_C1,6
CTTAGTAGGCCTACAG-1_V12D07-075_C1,6
CTTAGTGTAGTAGCAT-1_V12D07-075_C1,13
CTTATAGATGGCTGTT-1_V12D07-075_C1,15
CTTCAACTCCACTTGG-1_V12D07-075_C1,13
CTTCATAGCTCAAGAA-1_V12D07-075_C1,13
CTTCATTGTCAGTGGA-1_V12D07-075_C1,12
CTTCCGCTCCGTGAAG-1_V12D07-075_C1,2
CTTCGATTGCGCAAGC-1_V12D07-075_C1,15
CTTCGGCCAATTGTTT-1_V12D07-075_C1,2
CTTCGTAGATAGGTGA-1_V12D07-075_C1,13
CTTCTATGTTGAAGTA-1_V12D07-075_C1,2
CTTCTATTAATGCTAG-1_V12D07-075_C1,2
CTTCTTACGTCGTATA-1_V12D07-075_C1,6
CTTGACCCGAAAGATA-1_V12D07-075_C1,6
CTTGAGGTTATCCCGA-1_V12D07-075_C1,6
CTTGAGTTAGGGTAAT-1_V12D07-075_C1,15
CTTGATGACCATCCAG-1_V12D07-075_C1,15
CTTGCCCACCCACGCA-1_V12D07-075_C1,15
CTTGCCCAGGCTCTAC-1_V12D07-075_C1,13
CTTGGCCAAGCTGGGA-1_V12D07-075_C1,13
CTTGTACTTGTTGACT-1_V12D07-075_C1,6
CTTGTCAACATTCGAG-1_V12D07-075_C1,13
CTTGTGAGGACAGCGG-1_V12D07-075_C1,13
CTTGTGAGTCTTTGAC-1_V12D07-075_C1,6
CTTGTGCTCACCGATT-1_V12D07-075_C1,2
CTTGTTGCTGAGTCAA-1_V12D07-075_C1,15
CTTGTTTATGTAGCCA-1_V12D07-075_C1,14
CTTTAACTTTCAAAGG-1_V12D07-075_C1,13
CTTTAATATTGGTCGA-1_V12D07-075_C1,13
CTTTAGGAACACTGTT-1_V12D07-075_C1,12
CTTTAGTGCTATTATT-1_V12D07-075_C1,15
CTTTCTGTGCGGGCTT-1_V12D07-075_C1,13
CTTTGCATCGCTCTTG-1_V12D07-075_C1,15
CTTTGCTGTCATGGAT-1_V12D07-075_C1,6
CTTTGGCAGACAGAGT-1_V12D07-075_C1,6
CTTTGGCGCTTTATAC-1_V12D07-075_C1,7
CTTTGGCTTTAGTAAA-1_V12D07-075_C1,13
CTTTGGGATTGTTGCA-1_V12D07-075_C1,2
GAAACAGATGACCACC-1_V12D07-075_C1,15
GAAACAGCCATGCAGT-1_V12D07-075_C1,6
GAAACCATGGTGCGCT-1_V12D07-075_C1,6
GAAACCGAATTACCTT-1_V12D07-075_C1,13
GAAACCTATACAAATG-1_V12D07-075_C1,13
GAAACTCGTGCGATGC-1_V12D07-075_C1,13
GAAAGAACAGCGTTAT-1_V12D07-075_C1,2
GAAAGCAGTGCACTTT-1_V12D07-075_C1,13
GAAAGCCCTTTGGACC-1_V12D07-075_C1,14
GAAAGTGACTAACTGC-1_V12D07-075_C1,13
GAAATACCTGCTGGCT-1_V12D07-075_C1,6
GAAATATCACCATCAG-1_V12D07-075_C1,5
GAAATATGCTTGAATG-1_V12D07-075_C1,6
GAAATCGCGCGCAACT-1_V12D07-075_C1,6
GAAATCTGACCAAGTT-1_V12D07-075_C1,4
GAAATGGCGGTGTTAG-1_V12D07-075_C1,13
GAAATGGGATGTAAAC-1_V12D07-075_C1,12
GAAATTAGCACGGATA-1_V12D07-075_C1,6
GAAATTCACATCGCTG-1_V12D07-075_C1,6
GAAATTGTCTCTATAA-1_V12D07-075_C1,13
GAACAACTGGGATGAA-1_V12D07-075_C1,15
GAACACACATCAACCA-1_V12D07-075_C1,6
GAACAGATTACTAAAT-1_V12D07-075_C1,13
GAACCCTCTGTGTTCT-1_V12D07-075_C1,13
GAACCTCGACCTACAC-1_V12D07-075_C1,2
GAACCTTTAACGATCC-1_V12D07-075_C1,12
GAACGACCGAATGATA-1_V12D07-075_C1,6
GAACGATAAGTTAAAG-1_V12D07-075_C1,6
GAACGCGGGTCACACG-1_V12D07-075_C1,13
GAACGTCTCATGGTCG-1_V12D07-075_C1,2
GAACGTTAGGAAGACG-1_V12D07-075_C1,14
GAACTGTGGAGAGACA-1_V12D07-075_C1,15
GAACTTAGCGCCCGGT-1_V12D07-075_C1,6
GAAGAACGGTGCAGGT-1_V12D07-075_C1,6
GAAGCCACTGATTATG-1_V12D07-075_C1,15
GAAGCCGGGTAAGCTC-1_V12D07-075_C1,13
GAAGCCTGCACATTCC-1_V12D07-075_C1,9
GAAGCGTGAGGAATTT-1_V12D07-075_C1,13
GAAGCTCTTTGCTTAG-1_V12D07-075_C1,12
GAAGCTTGCTGACCGC-1_V12D07-075_C1,13
GAAGGAGTCGAGTGCG-1_V12D07-075_C1,12
GAAGGCTACCATTGTT-1_V12D07-075_C1,11
GAAGGGCATAACCATG-1_V12D07-075_C1,1
GAAGTCAGTTGCACTA-1_V12D07-075_C1,13
GAAGTCTCCCTAGCGA-1_V12D07-075_C1,15
GAAGTGATTTATCGTG-1_V12D07-075_C1,13
GAAGTGCTGGATAGCT-1_V12D07-075_C1,6
GAAGTTTCCACTCAAT-1_V12D07-075_C1,13
GAATAGACGCGACCCA-1_V12D07-075_C1,15
GAATAGCATTTAGGGT-1_V12D07-075_C1,6
GAATAGCCCTGCGGTC-1_V12D07-075_C1,6
GAATATTCGGAGTCCC-1_V12D07-075_C1,6
GAATCGACATGGTCAC-1_V12D07-075_C1,13
GAATCGCCGGACACGG-1_V12D07-075_C1,6
GAATCTGAACATTCTC-1_V12D07-075_C1,13
GAATGAAGGTCTTCAG-1_V12D07-075_C1,6
GAATGCGAATCGGTTC-1_V12D07-075_C1,15
GAATGGGCTTATCGAC-1_V12D07-075_C1,15
GAATGTATGGCAGGTC-1_V12D07-075_C1,6
GAATGTGGTCCGGATT-1_V12D07-075_C1,13
GAATGTTGGGTAATCT-1_V12D07-075_C1,13
GAATTATAGTGAAAGG-1_V12D07-075_C1,12
GAATTCACCCGGGTGT-1_V12D07-075_C1,13
GACAAACATATGCAGG-1_V12D07-075_C1,15
GACAACGACCATTGAA-1_V12D07-075_C1,6
GACAACGCAGCTTACG-1_V12D07-075_C1,6
GACAAGACGCCCGTGC-1_V12D07-075_C1,9
GACAAGAGATGAGATT-1_V12D07-075_C1,15
GACACAAGGGAAGAAA-1_V12D07-075_C1,15
GACACAGCCGGGACTG-1_V12D07-075_C1,2
GACACGAGTTAGAGGA-1_V12D07-075_C1,14
GACACTGAGTTCAGTG-1_V12D07-075_C1,13
GACACTGGAACCCGAT-1_V12D07-075_C1,15
GACACTTCCAATTACC-1_V12D07-075_C1,15
GACAGCCAGACCTGAC-1_V12D07-075_C1,14
GACAGGCACACACTAT-1_V12D07-075_C1,13
GACATCCGTCGAACTG-1_V12D07-075_C1,15
GACATCGATTTATAAC-1_V12D07-075_C1,9
GACCAAACGTTGACTG-1_V12D07-075_C1,12
GACCACACTTCCCTTT-1_V12D07-075_C1,15
GACCAGAGCCCTGTAG-1_V12D07-075_C1,13
GACCCGTCGCCGGCTA-1_V12D07-075_C1,6
GACCGACGTGAAAGCA-1_V12D07-075_C1,6
GACCGACTGAAGCGTC-1_V12D07-075_C1,14
GACCGCGTCTGACGTG-1_V12D07-075_C1,2
GACCGTCAGGTCGTGA-1_V12D07-075_C1,6
GACCGTGCTGACGGTG-1_V12D07-075_C1,13
GACCGTTACATGCGAC-1_V12D07-075_C1,15
GACCTGGTCTGGGCGT-1_V12D07-075_C1,12
GACCTTCCACGTCTAC-1_V12D07-075_C1,14
GACGACGATCCGCGTT-1_V12D07-075_C1,13
GACGAGGCTAATAAAC-1_V12D07-075_C1,15
GACGCCGTAAAGGCTA-1_V12D07-075_C1,13
GACGCCTGTTGCAGGG-1_V12D07-075_C1,6
GACGCTTGCTTCTAAA-1_V12D07-075_C1,13
GACGGGTTGGCCCGTA-1_V12D07-075_C1,13
GACGGTCAATAGAAGC-1_V12D07-075_C1,2
GACGGTCCTAGGGTGT-1_V12D07-075_C1,6
GACGTGAGACTCCATG-1_V12D07-075_C1,6
GACGTTCGTAAATACA-1_V12D07-075_C1,11
GACTAACACAGCACCT-1_V12D07-075_C1,6
GACTAAGATCATGCAC-1_V12D07-075_C1,6
GACTAAGTAGGCTCAC-1_V12D07-075_C1,13
GACTACAATTGCTCGT-1_V12D07-075_C1,6
GACTAGGCCGTTAGGT-1_V12D07-075_C1,12
GACTCACCCACGTGAG-1_V12D07-075_C1,2
GACTCCCAGAATAAGG-1_V12D07-075_C1,6
GACTCGCGGGAATGAC-1_V12D07-075_C1,2
GACTCGGTCGGCGGAT-1_V12D07-075_C1,6
GACTGATTGGTCACAA-1_V12D07-075_C1,6
GACTGCAAATCGAGCT-1_V12D07-075_C1,13
GACTGCACCAGCCCAG-1_V12D07-075_C1,15
GACTGGGCGCCGCAAC-1_V12D07-075_C1,6
GAGAAACTGGATCCCA-1_V12D07-075_C1,15
GAGAATCTCACGATCA-1_V12D07-075_C1,13
GAGACCCTGCAACGCC-1_V12D07-075_C1,6
GAGACTGATGGGTAGA-1_V12D07-075_C1,13
GAGACTTCGCGACCGA-1_V12D07-075_C1,13
GAGAGCGCAGTCCCTG-1_V12D07-075_C1,4
GAGAGGCCTATGTGTA-1_V12D07-075_C1,15
GAGAGGGCGCGAGGTT-1_V12D07-075_C1,13
GAGAGGTGCATTCTGG-1_V12D07-075_C1,2
GAGATCTGCTTGGCAT-1_V12D07-075_C1,13
GAGATCTGTCACTCCG-1_V12D07-075_C1,13
GAGATCTTCCATGACA-1_V12D07-075_C1,15
GAGATGACAATCCTTA-1_V12D07-075_C1,6
GAGATGGCTTTAATCA-1_V12D07-075_C1,15
GAGATGGGAGTCGACA-1_V12D07-075_C1,13
GAGCACGGCGCCTCTT-1_V12D07-075_C1,6
GAGCATCATCCCTGGG-1_V12D07-075_C1,6
GAGCCACGGTAGTAGG-1_V12D07-075_C1,6
GAGCCAGCTACCTGTG-1_V12D07-075_C1,13
GAGCCGAGCGTTTATT-1_V12D07-075_C1,6
GAGCGAGGGAGTACCG-1_V12D07-075_C1,6
GAGCGCAAATACTCCG-1_V12D07-075_C1,15
GAGCGCGCACGAGTAG-1_V12D07-075_C1,12
GAGCGGAATGCGGTGT-1_V12D07-075_C1,2
GAGCTAAGGGCATATC-1_V12D07-075_C1,2
GAGCTCTCGGACCTAA-1_V12D07-075_C1,12
GAGCTGTCGTCTCGGA-1_V12D07-075_C1,6
GAGGAATGGAGAGGTT-1_V12D07-075_C1,12
GAGGAGATCCTCATGC-1_V12D07-075_C1,12
GAGGATAAACAGTGCT-1_V12D07-075_C1,6
GAGGCATTTGCAGCAG-1_V12D07-075_C1,6
GAGGCCTGTTGATACA-1_V12D07-075_C1,15
GAGGGCATCGCGTATC-1_V12D07-075_C1,6
GAGGGCGCAGCTCTGC-1_V12D07-075_C1,2
GAGGTACATCCATCTT-1_V12D07-075_C1,6
GAGGTACGCGTGTCCC-1_V12D07-075_C1,15
GAGGTCCCAAAGATCT-1_V12D07-075_C1,14
GAGTAAACCGGAAAGT-1_V12D07-075_C1,6
GAGTAAATTAAGAACC-1_V12D07-075_C1,9
GAGTAGATACTAGTTG-1_V12D07-075_C1,13
GAGTATCAAAGTTACA-1_V12D07-075_C1,2
GAGTATGCCCGCCTTG-1_V12D07-075_C1,2
GAGTATGCGCGTGCAT-1_V12D07-075_C1,12
GAGTCAGACCAGAATC-1_V12D07-075_C1,2
GAGTCCGCTTACCGGA-1_V12D07-075_C1,13
GAGTCGACAGACCCTC-1_V12D07-075_C1,13
GAGTGTCAACCAGAAA-1_V12D07-075_C1,12
GAGTGTGCGGTACCCA-1_V12D07-075_C1,15
GATAAATCGGTGGATG-1_V12D07-075_C1,6
GATAACTCGCACTGTG-1_V12D07-075_C1,15
GATAAGGCAGATGCAA-1_V12D07-075_C1,6
GATACCGTGTCGGAGT-1_V12D07-075_C1,6
GATACGATGGGAGTCA-1_V12D07-075_C1,2
GATAGAACCCGCTAGG-1_V12D07-075_C1,13
GATAGCGTACCACGCG-1_V12D07-075_C1,12
GATAGGATTAATTACA-1_V12D07-075_C1,6
GATAGGTAACGTTGAC-1_V12D07-075_C1,13
GATAGGTGTCCCGGGC-1_V12D07-075_C1,6
GATATCAGTATGTATC-1_V12D07-075_C1,13
GATATCTCATGCAATA-1_V12D07-075_C1,6
GATATGAGACACTAAC-1_V12D07-075_C1,15
GATATGCGGTAGCCAA-1_V12D07-075_C1,6
GATATTGAGATTGGCG-1_V12D07-075_C1,2
GATATTTCCTACATGG-1_V12D07-075_C1,6
GATCATTCCAAACATT-1_V12D07-075_C1,13
GATCCCTTTATACTGC-1_V12D07-075_C1,13
GATCCGAATATAAGTG-1_V12D07-075_C1,6
GATCCGGGAATTAACA-1_V12D07-075_C1,13
GATCCTAAATCGGGAC-1_V12D07-075_C1,2
GATCCTCTTGCGCTTA-1_V12D07-075_C1,6
GATCGACACTATCTGA-1_V12D07-075_C1,13
GATCGCGGGCTCTCCA-1_V12D07-075_C1,13
GATCGCTACCCGATTT-1_V12D07-075_C1,15
GATCGGCGATAAGTCG-1_V12D07-075_C1,13
GATCGGTGGCCATAAC-1_V12D07-075_C1,13
GATCGTGACTGATATC-1_V12D07-075_C1,13
GATCTCGACGCTGTGG-1_V12D07-075_C1,6
GATCTGCTATCTAAGG-1_V12D07-075_C1,13
GATCTTCATTGTCCTC-1_V12D07-075_C1,13
GATCTTGGAGGGCATA-1_V12D07-075_C1,13
GATCTTTGCAGGGTAT-1_V12D07-075_C1,13
GATCTTTGCTCAAAGA-1_V12D07-075_C1,6
GATGACGATGATCGCG-1_V12D07-075_C1,6
GATGAGGAACCTTCGG-1_V12D07-075_C1,15
GATGCGAATGGTATTA-1_V12D07-075_C1,13
GATGCGTCCTGCATTC-1_V12D07-075_C1,13
GATGCTACAAGCGCCT-1_V12D07-075_C1,6
GATGCTACCTTCGATG-1_V12D07-075_C1,13
GATGCTGTATTTCATC-1_V12D07-075_C1,13
GATGGCGCACACATTA-1_V12D07-075_C1,14
GATGGTGAAATAACCC-1_V12D07-075_C1,6
GATGGTGCCCTAGGCA-1_V12D07-075_C1,6
GATGTCCGGATCACAT-1_V12D07-075_C1,6
GATGTCGGTCAACTGC-1_V12D07-075_C1,6
GATGTGTTGTCACAAG-1_V12D07-075_C1,6
GATGTTCAATCCACGA-1_V12D07-075_C1,13
GATTAACCGAAAGCCC-1_V12D07-075_C1,15
GATTACTGAATTTGGG-1_V12D07-075_C1,13
GATTCCCTTGTCGCAG-1_V12D07-075_C1,13
GATTCCGCGTTTCCGT-1_V12D07-075_C1,6
GATTCCTATACGGCGC-1_V12D07-075_C1,13
GATTCGACGGTTCACG-1_V12D07-075_C1,13
GATTGACACTCTGCTC-1_V12D07-075_C1,6
GATTGGGAAAGGTTGT-1_V12D07-075_C1,12
GCAAACCCTACATTAT-1_V12D07-075_C1,13
GCAAACCTTGGCCATA-1_V12D07-075_C1,13
GCAAACGTCGCCAGGT-1_V12D07-075_C1,6
GCAAATATTACGCTTT-1_V12D07-075_C1,13
GCAAATGAGGACACTT-1_V12D07-075_C1,15
GCAACAGCAGTATGCG-1_V12D07-075_C1,15
GCAACCACCAGACCGG-1_V12D07-075_C1,6
GCAACCACGGCCGCGT-1_V12D07-075_C1,2
GCAACCCAAGTTGTTT-1_V12D07-075_C1,12
GCAACGGCTAGTTATG-1_V12D07-075_C1,6
GCAAGAATTCCTTGGC-1_V12D07-075_C1,2
GCAAGATGTGTTCGCG-1_V12D07-075_C1,6
GCAAGTGCACAGAGAA-1_V12D07-075_C1,13
GCAATTAGTCGCACCG-1_V12D07-075_C1,6
GCACAAACGAGGCGTG-1_V12D07-075_C1,6
GCACAAGTGGATCATA-1_V12D07-075_C1,12
GCACAAGTGTCGGAAG-1_V12D07-075_C1,6
GCACACACTGGTAGCC-1_V12D07-075_C1,15
GCACACGCCCATGGTC-1_V12D07-075_C1,13
GCACCTTCCCGAAGGT-1_V12D07-075_C1,15
GCACGCCTACTTAGAT-1_V12D07-075_C1,2
GCACGTGGTTTACTTA-1_V12D07-075_C1,15
GCACTAGTCGCGCTAT-1_V12D07-075_C1,6
GCACTGCCTACCTTTA-1_V12D07-075_C1,15
GCACTGTGCAAATGTA-1_V12D07-075_C1,6
GCAGAAGGTAATCTCC-1_V12D07-075_C1,6
GCAGACCCAGCACGTA-1_V12D07-075_C1,2
GCAGATCCATAAGACT-1_V12D07-075_C1,13
GCAGATCCTCGCAAAT-1_V12D07-075_C1,14
GCAGATTAGGGATATC-1_V12D07-075_C1,13
GCAGCACACAGCCCAG-1_V12D07-075_C1,13
GCAGCCTATATCACAT-1_V12D07-075_C1,6
GCAGCGGTGGGCATTA-1_V12D07-075_C1,6
GCAGCTATGGACAGGT-1_V12D07-075_C1,6
GCAGCTGTCAACGCAT-1_V12D07-075_C1,2
GCAGGACTATAGAATA-1_V12D07-075_C1,13
GCAGGTAGAGTATGGT-1_V12D07-075_C1,6
GCAGTGCGGGCGGATG-1_V12D07-075_C1,2
GCAGTGTGGCTATAGG-1_V12D07-075_C1,13
GCAGTTCGATCCGAGC-1_V12D07-075_C1,15
GCATACGAGGTCTTTA-1_V12D07-075_C1,2
GCATAGAGCACTCAGG-1_V12D07-075_C1,13
GCATCCCTAACTTTGA-1_V12D07-075_C1,3
GCATGACACAAAGGAA-1_V12D07-075_C1,9
GCATGAGGGACGCGGC-1_V12D07-075_C1,2
GCATGGGTACTGACGC-1_V12D07-075_C1,15
GCATTCAAGGCAACGC-1_V12D07-075_C1,6
GCATTCGAAATGAACA-1_V12D07-075_C1,13
GCATTTCCAAGGCTCC-1_V12D07-075_C1,6
GCCAACCATTTCCGGA-1_V12D07-075_C1,6
GCCAATAGGGCATCTC-1_V12D07-075_C1,6
GCCACAATTTAAGGAC-1_V12D07-075_C1,2
GCCACTCAGAGCGCGA-1_V12D07-075_C1,15
GCCACTCCTTACGGTA-1_V12D07-075_C1,15
GCCAGGAGTAACCGAT-1_V12D07-075_C1,6
GCCAGGCGTTCGCATG-1_V12D07-075_C1,6
GCCAGGCTTAGTGGTA-1_V12D07-075_C1,12
GCCATATTGCACACAG-1_V12D07-075_C1,6
GCCATCGAGCTGCGTG-1_V12D07-075_C1,2
GCCATCGATGCTGCAT-1_V12D07-075_C1,6
GCCCACCAAGGCTGTC-1_V12D07-075_C1,6
GCCCAGATGCTGGAGA-1_V12D07-075_C1,6
GCCCAGTTGGTATGCC-1_V12D07-075_C1,13
GCCCGATCTGTGGTCG-1_V12D07-075_C1,13
GCCCGCGCGTAAACGG-1_V12D07-075_C1,2
GCCCGCGCGTTTGACA-1_V12D07-075_C1,13
GCCCGTAATACCTTCT-1_V12D07-075_C1,13
GCCCTGAGGATGGGCT-1_V12D07-075_C1,15
GCCGAAATTCCTACGT-1_V12D07-075_C1,13
GCCGATTGGCCAAGCT-1_V12D07-075_C1,13
GCCGCACTCCGTTTCA-1_V12D07-075_C1,6
GCCGCATTAGTCCGGC-1_V12D07-075_C1,14
GCCGCTTGTGAGAAAC-1_V12D07-075_C1,13
GCCGGGTTAGGGTCGC-1_V12D07-075_C1,13
GCCGGTCGTATCTCTC-1_V12D07-075_C1,13
GCCGTGGAAGAAATGT-1_V12D07-075_C1,6
GCCTACGTTCTGTGCA-1_V12D07-075_C1,15
GCCTAGCGATCTGACC-1_V12D07-075_C1,13
GCCTATAGTGTCAGGG-1_V12D07-075_C1,2
GCCTATCAGGTAAGAT-1_V12D07-075_C1,2
GCCTATGCTGGGCCTT-1_V12D07-075_C1,6
GCCTATTTGCTACACA-1_V12D07-075_C1,6
GCCTCATCTGGAAATA-1_V12D07-075_C1,15
GCCTCCGACAATTCAC-1_V12D07-075_C1,12
GCCTCTATACATAGCA-1_V12D07-075_C1,13
GCCTGCTACACTGAGA-1_V12D07-075_C1,6
GCCTTCAGCCCTACCG-1_V12D07-075_C1,6
GCCTTGTATATGCAGT-1_V12D07-075_C1,13
GCGAAACGATCGGGAG-1_V12D07-075_C1,15
GCGAAACTTAACTGGA-1_V12D07-075_C1,15
GCGAAGAATCTGACGG-1_V12D07-075_C1,13
GCGAAGCCATACCCGT-1_V12D07-075_C1,13
GCGACATGTAAACATC-1_V12D07-075_C1,6
GCGACGATAGTTGTAC-1_V12D07-075_C1,13
GCGAGAAACGGGAGTT-1_V12D07-075_C1,13
GCGAGAGGCCATGTAA-1_V12D07-075_C1,6
GCGAGAGTTGCGTCCA-1_V12D07-075_C1,6
GCGAGCGCATGCTCCC-1_V12D07-075_C1,6
GCGAGGCCCGAGCAGA-1_V12D07-075_C1,13
GCGAGTTCTGCAAAGA-1_V12D07-075_C1,13
GCGATGTCTGTGCTTG-1_V12D07-075_C1,12
GCGATTGTTAACGTTA-1_V12D07-075_C1,15
GCGCAAGAGCGCGCTG-1_V12D07-075_C1,15
GCGCATCCAGTCAGCA-1_V12D07-075_C1,2
GCGCCGTTCCACGATA-1_V12D07-075_C1,13
GCGCCTCCCACTCCGA-1_V12D07-075_C1,2
GCGCGGTCTAGTAACT-1_V12D07-075_C1,13
GCGCGTCATTGGTACA-1_V12D07-075_C1,12
GCGCTAATTGAATAGA-1_V12D07-075_C1,13
GCGCTATGCCGAGGCA-1_V12D07-075_C1,13
GCGCTCGATCACCTGT-1_V12D07-075_C1,6
GCGCTGATCCAGACTC-1_V12D07-075_C1,6
GCGCTGCTTTGCATTT-1_V12D07-075_C1,2
GCGCTGGCGGAAAGTC-1_V12D07-075_C1,12
GCGCTTAAATAATTGG-1_V12D07-075_C1,15
GCGGACCGCGTTGTGG-1_V12D07-075_C1,2
GCGGAGAGGGAGAACG-1_V12D07-075_C1,15
GCGGCTCTGACGTACC-1_V12D07-075_C1,13
GCGGCTTTAGCAAGTT-1_V12D07-075_C1,15
GCGGGAACCAGGCCCT-1_V12D07-075_C1,6
GCGGGCATTACGATGC-1_V12D07-075_C1,6
GCGGGCGAGCCTTACC-1_V12D07-075_C1,2
GCGGTAACCCAAATGA-1_V12D07-075_C1,1
GCGGTCCCGGTGAAGG-1_V12D07-075_C1,6
GCGGTCCCTAGACGCA-1_V12D07-075_C1,6
GCGGTGAACTGCGCTC-1_V12D07-075_C1,6
GCGGTGCGGAGCATCG-1_V12D07-075_C1,13
GCGGTTCCCTATCATG-1_V12D07-075_C1,13
GCGTAAATGGCCATAA-1_V12D07-075_C1,6
GCGTCGAAATGTCGGT-1_V12D07-075_C1,6
GCGTCGCCAGGGTGAT-1_V12D07-075_C1,13
GCGTCTAACCTCCTAA-1_V12D07-075_C1,6
GCGTCTCTGCATTGGG-1_V12D07-075_C1,13
GCGTGGTACTGGGTTA-1_V12D07-075_C1,2
GCGTTATATTTGGAAC-1_V12D07-075_C1,13
GCGTTCGGAGACCGGG-1_V12D07-075_C1,6
GCGTTCTGACTAAGCG-1_V12D07-075_C1,2
GCTAAACCTGAGGTGA-1_V12D07-075_C1,14
GCTAACTGAAGTCTGA-1_V12D07-075_C1,13
GCTAAGTAAAGGCGAT-1_V12D07-075_C1,13
GCTAAGTAGTTTCTCT-1_V12D07-075_C1,15
GCTAATACCGAATGCC-1_V12D07-075_C1,13
GCTACAATCGAGGATA-1_V12D07-075_C1,15
GCTACAGTACGGACCG-1_V12D07-075_C1,2
GCTACGACTTATTGGG-1_V12D07-075_C1,13
GCTACTATAGTAGAGT-1_V12D07-075_C1,15
GCTAGACCGTCTACTG-1_V12D07-075_C1,15
GCTAGAGTAGAGATGT-1_V12D07-075_C1,15
GCTAGCACCTGGGCCA-1_V12D07-075_C1,6
GCTAGCAGGGAGTGGG-1_V12D07-075_C1,6
GCTAGCTTGAATAGCT-1_V12D07-075_C1,2
GCTAGTAGAGCTTGTA-1_V12D07-075_C1,13
GCTATCATACTCATGG-1_V12D07-075_C1,13
GCTCAACCTCTTAGAG-1_V12D07-075_C1,11
GCTCAATGTAATACCG-1_V12D07-075_C1,13
GCTCATTACTGCATGT-1_V12D07-075_C1,6
GCTCCATGAGTGCAGA-1_V12D07-075_C1,2
GCTCCATGCAAAGCAA-1_V12D07-075_C1,9
GCTCCCAGTCGGTCCA-1_V12D07-075_C1,2
GCTCCGCTCGCTTCAG-1_V12D07-075_C1,6
GCTCGCGGTTCCGCTC-1_V12D07-075_C1,14
GCTCGCTCATGTCCAA-1_V12D07-075_C1,15
GCTCGGAATTTAAAGC-1_V12D07-075_C1,6
GCTCTAAACCCTGACG-1_V12D07-075_C1,13
GCTCTATGTTACGTGC-1_V12D07-075_C1,13
GCTCTCGGGTACCGAA-1_V12D07-075_C1,13
GCTCTTTCCGCTAGTG-1_V12D07-075_C1,13
GCTGAACTCTCCAGGG-1_V12D07-075_C1,6
GCTGAGCAACGGTTCT-1_V12D07-075_C1,13
GCTGAGGCGTGAGTAT-1_V12D07-075_C1,13
GCTGCACGGTTTCTTA-1_V12D07-075_C1,13
GCTGCGCCTCCCACGT-1_V12D07-075_C1,12
GCTGCTAAGTAGTCGA-1_V12D07-075_C1,13
GCTGCTACTGCGTAGC-1_V12D07-075_C1,3
GCTGCTCTCCGGACAC-1_V12D07-075_C1,13
GCTGGACCCAAAGTGG-1_V12D07-075_C1,6
GCTGGCAGGTGCCGTG-1_V12D07-075_C1,13
GCTGGCATATTCACCT-1_V12D07-075_C1,1
GCTGGCGGCGCATGCT-1_V12D07-075_C1,13
GCTGGTGACTCGTAGT-1_V12D07-075_C1,6
GCTGTATTACTGGCCC-1_V12D07-075_C1,2
GCTGTTGCTACCGAAC-1_V12D07-075_C1,15
GCTTAATGTAACTAAC-1_V12D07-075_C1,6
GCTTACGTAGTTAGTA-1_V12D07-075_C1,6
GCTTATGAAGCAGGAA-1_V12D07-075_C1,15
GCTTCAGTGGGATTAC-1_V12D07-075_C1,6
GCTTCCAGCTTAGATT-1_V12D07-075_C1,13
GCTTCCGTCCCTAGAC-1_V12D07-075_C1,13
GCTTGATGATAATCAG-1_V12D07-075_C1,13
GCTTGCAGCACAATTG-1_V12D07-075_C1,6
GCTTGGATCGATTAGG-1_V12D07-075_C1,2
GCTTTACACAACTGGG-1_V12D07-075_C1,2
GCTTTCAGAGGAGGTG-1_V12D07-075_C1,2
GCTTTCTATCTCAACT-1_V12D07-075_C1,6
GGAAACCTTGTTGAAT-1_V12D07-075_C1,6
GGAAACTAAATGGGCC-1_V12D07-075_C1,15
GGAAAGTGCCCATGCC-1_V12D07-075_C1,6
GGAACCCGAACAAGAA-1_V12D07-075_C1,13
GGAACCGTGTAAATTG-1_V12D07-075_C1,2
GGAACGGCCTGCAGCC-1_V12D07-075_C1,12
GGAACTTTGGCGATTA-1_V12D07-075_C1,15
GGAAGCTCGCTTACAG-1_V12D07-075_C1,6
GGAATAACCTCAAGAA-1_V12D07-075_C1,6
GGAATGCGCTAGCGTG-1_V12D07-075_C1,2
GGACAACCATGAAGCC-1_V12D07-075_C1,15
GGACAAGTTGCAGTGA-1_V12D07-075_C1,13
GGACACAAGTTTACAC-1_V12D07-075_C1,2
GGACCAACAGGATAAC-1_V12D07-075_C1,13
GGACCTACGGTAACGT-1_V12D07-075_C1,6
GGACGGCTTGCGCAAC-1_V12D07-075_C1,6
GGACGGGCGACCAACC-1_V12D07-075_C1,15
GGACGTCCATAGTTGG-1_V12D07-075_C1,6
GGACTAAGTCAGGAGT-1_V12D07-075_C1,13
GGACTCACAAATTAGG-1_V12D07-075_C1,6
GGACTCGAAGCTTTCA-1_V12D07-075_C1,15
GGACTCTTCCGGTTGA-1_V12D07-075_C1,2
GGACTCTTTGACTAAG-1_V12D07-075_C1,2
GGAGAAGTCATTGGCA-1_V12D07-075_C1,13
GGAGACCAATGTGCTT-1_V12D07-075_C1,11
GGAGACGACACCTTTG-1_V12D07-075_C1,15
GGAGCAACATTTCAAG-1_V12D07-075_C1,12
GGAGCACCAAGAACTA-1_V12D07-075_C1,2
GGAGCGAGGCCTACTT-1_V12D07-075_C1,15
GGAGGATTGAAAGGAG-1_V12D07-075_C1,6
GGAGGCCGAAGTCGTC-1_V12D07-075_C1,6
GGAGGGCTTGGTTGGC-1_V12D07-075_C1,15
GGAGGGTCAAGTAAGA-1_V12D07-075_C1,15
GGAGTACACATGAGCT-1_V12D07-075_C1,12
GGAGTGCCGCCCTGGA-1_V12D07-075_C1,6
GGAGTTGATTCTGTGT-1_V12D07-075_C1,15
GGATACTCATGAATTG-1_V12D07-075_C1,6
GGATCAAAGGACGAGG-1_V12D07-075_C1,6
GGATCATCCCGTACGC-1_V12D07-075_C1,6
GGATCCGGAATATACT-1_V12D07-075_C1,15
GGATGAAGATCGCTGA-1_V12D07-075_C1,15
GGATGACGCGAGTTTA-1_V12D07-075_C1,13
GGATGTCCTTACCGCA-1_V12D07-075_C1,2
GGATTAAGCTAAGGTC-1_V12D07-075_C1,6
GGATTCCGCTATACCC-1_V12D07-075_C1,6
GGATTGCTGTGACTCC-1_V12D07-075_C1,13
GGATTTCACTTCTATA-1_V12D07-075_C1,2
GGCAAATTACTTTACT-1_V12D07-075_C1,13
GGCAAGCCAGGGATAG-1_V12D07-075_C1,6
GGCAAGCCCATAGTGG-1_V12D07-075_C1,12
GGCAAGGCGAAATAGC-1_V12D07-075_C1,13
GGCAATAGTCAATGAG-1_V12D07-075_C1,15
GGCACTCCACTGGGCA-1_V12D07-075_C1,13
GGCACTGCGGTGGTTT-1_V12D07-075_C1,2
GGCAGAGAGATCGGGA-1_V12D07-075_C1,15
GGCAGCAAACCTATGC-1_V12D07-075_C1,15
GGCAGCGGTAATCCTA-1_V12D07-075_C1,6
GGCATACAGGTAGCGG-1_V12D07-075_C1,13
GGCATATCGGTTCTGC-1_V12D07-075_C1,6
GGCATCAACGAGCACG-1_V12D07-075_C1,6
GGCCACACGAAAGCCT-1_V12D07-075_C1,12
GGCCCAATCTAGAGGG-1_V12D07-075_C1,6
GGCCCAGCTGGTTTGC-1_V12D07-075_C1,15
GGCCCAGTTATCAGCA-1_V12D07-075_C1,6
GGCCCGGAGCATGTCT-1_V12D07-075_C1,6
GGCCCGTATACCATGC-1_V12D07-075_C1,6
GGCCCTCACCCACTTA-1_V12D07-075_C1,13
GGCCGCAGGAACCGCA-1_V12D07-075_C1,15
GGCCGGCGTCTGCTAT-1_V12D07-075_C1,15
GGCCGTTTGGGTTTCA-1_V12D07-075_C1,2
GGCCTGCTTCTCCCGA-1_V12D07-075_C1,15
GGCCTTTGCAACTGGC-1_V12D07-075_C1,15
GGCGAAATCTAACTTG-1_V12D07-075_C1,14
GGCGCAGGACATCTTC-1_V12D07-075_C1,13
GGCGCATGAATTGATG-1_V12D07-075_C1,13
GGCGCGTTCGAGTTTA-1_V12D07-075_C1,13
GGCGCTTCATTCCCTG-1_V12D07-075_C1,15
GGCGGAGTAATATTAG-1_V12D07-075_C1,13
GGCGGGCTCTAAGAGT-1_V12D07-075_C1,6
GGCGGTAGGATCATTG-1_V12D07-075_C1,13
GGCGGTTTGCCGGTGC-1_V12D07-075_C1,12
GGCGTAGGGAAAGCTG-1_V12D07-075_C1,13
GGCGTCCTATCCGCTG-1_V12D07-075_C1,13
GGCTAAAGGGCGGGTC-1_V12D07-075_C1,6
GGCTAATGATTGAAAT-1_V12D07-075_C1,6
GGCTATTAAGTTGTAT-1_V12D07-075_C1,13
GGCTCGCGTTGAGGTA-1_V12D07-075_C1,2
GGCTCGTGCCACCAGC-1_V12D07-075_C1,13
GGCTCTGCTCCAACGC-1_V12D07-075_C1,13
GGCTGAAATAGCAAAG-1_V12D07-075_C1,13
GGCTGAGCATCGTAAG-1_V12D07-075_C1,6
GGCTGGCAGCTTTATG-1_V12D07-075_C1,12
GGCTGGCTAGCTTAAA-1_V12D07-075_C1,6
GGCTTGGCTCTCACCT-1_V12D07-075_C1,13
GGCTTTCAATAAGGGT-1_V12D07-075_C1,13
GGGAAAGAATGCCAAC-1_V12D07-075_C1,2
GGGAACGGGAGGTTAG-1_V12D07-075_C1,13
GGGAAGACGGTCTGTC-1_V12D07-075_C1,15
GGGAATGAGCCCTCAC-1_V12D07-075_C1,6
GGGAATTCTGTCCAGT-1_V12D07-075_C1,12
GGGACCCGTATATCTT-1_V12D07-075_C1,13
GGGACTGCATAGATAG-1_V12D07-075_C1,13
GGGAGAACTCACAGTA-1_V12D07-075_C1,13
GGGAGCGACCGTAGTG-1_V12D07-075_C1,4
GGGAGGATGCCCGAAA-1_V12D07-075_C1,4
GGGAGTAATGGCTGGC-1_V12D07-075_C1,12
GGGAGTTAATGAGGCG-1_V12D07-075_C1,15
GGGATACGGTAATAAT-1_V12D07-075_C1,14
GGGATCCCAATACAAA-1_V12D07-075_C1,6
GGGATGGTCGTAACCG-1_V12D07-075_C1,2
GGGATTTACCGCACCT-1_V12D07-075_C1,15
GGGCACGAATTGGCCG-1_V12D07-075_C1,12
GGGCAGAGCAATCGTT-1_V12D07-075_C1,13
GGGCAGTCAACGCCAA-1_V12D07-075_C1,15
GGGCCCGTCTTAAACA-1_V12D07-075_C1,13
GGGCCCTACGAAAGGG-1_V12D07-075_C1,2
GGGCCCTTATCTATAC-1_V12D07-075_C1,12
GGGCCGGCCGAAGTAC-1_V12D07-075_C1,15
GGGCCTATTTAAGTAT-1_V12D07-075_C1,6
GGGCGAATTTCTCCAC-1_V12D07-075_C1,12
GGGCGATATGTGTGAA-1_V12D07-075_C1,13
GGGCGCAGCGTTACTC-1_V12D07-075_C1,6
GGGCGGCAAATGAATT-1_V12D07-075_C1,2
GGGCGGGTTCCCTACG-1_V12D07-075_C1,2
GGGCGGTCCTATTGTC-1_V12D07-075_C1,6
GGGCGTACATTTATAT-1_V12D07-075_C1,13
GGGCGTCACCACGTAA-1_V12D07-075_C1,13
GGGCGTCCACTGGCTC-1_V12D07-075_C1,6
GGGCGTGGTTTCCCAG-1_V12D07-075_C1,12
GGGCTATGATCGATGG-1_V12D07-075_C1,2
GGGCTCATCGAACCCA-1_V12D07-075_C1,6
GGGCTGCCTAGGGCGA-1_V12D07-075_C1,12
GGGCTGGTTAGTCGCG-1_V12D07-075_C1,13
GGGTACACTCTGGAGG-1_V12D07-075_C1,2
GGGTACCCACGGTCCT-1_V12D07-075_C1,6
GGGTACTTCATGAACT-1_V12D07-075_C1,13
GGGTCACCGTGACGGT-1_V12D07-075_C1,13
GGGTCAGGAGCTAGAT-1_V12D07-075_C1,13
GGGTCATGCGTACCAT-1_V12D07-075_C1,14
GGGTCGTGGCAAGTGT-1_V12D07-075_C1,6
GGGTCTATCGCTTTCC-1_V12D07-075_C1,12
GGGTGACACCTTAACT-1_V12D07-075_C1,13
GGGTGCATATGAAAGC-1_V12D07-075_C1,6
GGGTGTTTCAGCTATG-1_V12D07-075_C1,6
GGGTTAACATTTGAGT-1_V12D07-075_C1,2
GGGTTTAGGATAGGAT-1_V12D07-075_C1,2
GGTAAACTCTGCGCTG-1_V12D07-075_C1,15
GGTAAATGTGCGTTAC-1_V12D07-075_C1,6
GGTAACCGGCAAAGGT-1_V12D07-075_C1,12
GGTAACTATGTATCTG-1_V12D07-075_C1,6
GGTACAAACATGCTAT-1_V12D07-075_C1,13
GGTACACCAGATTTAT-1_V12D07-075_C1,11
GGTACATCTGGGACGA-1_V12D07-075_C1,2
GGTACCATTAAGACGG-1_V12D07-075_C1,13
GGTACGTTGCGGCCGG-1_V12D07-075_C1,15
GGTACTAAGTGCTTTG-1_V12D07-075_C1,6
GGTAGAAGACCGCCTG-1_V12D07-075_C1,13
GGTAGACCGTTGGGCG-1_V12D07-075_C1,13
GGTAGTGCTCGCACCA-1_V12D07-075_C1,13
GGTATAGTGACACATA-1_V12D07-075_C1,6
GGTATGAAAGAACTGA-1_V12D07-075_C1,15
GGTATTGCCGAGTTTA-1_V12D07-075_C1,13
GGTCAAGACTACTTCG-1_V12D07-075_C1,15
GGTCAGTGGGTCCCAC-1_V12D07-075_C1,13
GGTCATTGTAGTCATA-1_V12D07-075_C1,6
GGTCCTTCATACGACT-1_V12D07-075_C1,12
GGTCGGATAAACGGCG-1_V12D07-075_C1,12
GGTCGGCCAGGAGCTT-1_V12D07-075_C1,2
GGTCGGTAATTAGACA-1_V12D07-075_C1,6
GGTCGGTCGTCCACAG-1_V12D07-075_C1,2
GGTCTCCAAGTAGTGC-1_V12D07-075_C1,6
GGTCTCCGTCCAGGTT-1_V12D07-075_C1,15
GGTCTGAGAATCTGGA-1_V12D07-075_C1,13
GGTCTTGAGCGCTCTT-1_V12D07-075_C1,12
GGTCTTGGTGTTAACT-1_V12D07-075_C1,12
GGTGAAACCGGGAATG-1_V12D07-075_C1,6
GGTGAACGGGCTAGCC-1_V12D07-075_C1,6
GGTGAAGTACAGGGAT-1_V12D07-075_C1,2
GGTGACTGATAGAGAG-1_V12D07-075_C1,15
GGTGAGATGCAGATAA-1_V12D07-075_C1,14
GGTGATAAGGAGCAGT-1_V12D07-075_C1,15
GGTGATGAAGGAAGTG-1_V12D07-075_C1,12
GGTGATTTCATCTTGT-1_V12D07-075_C1,6
GGTGCAGAGCCTATCG-1_V12D07-075_C1,6
GGTGCATAAATGATTA-1_V12D07-075_C1,2
GGTGCGGATAAGTGGC-1_V12D07-075_C1,6
GGTGCTGGTACACATT-1_V12D07-075_C1,13
GGTGGACCACGTGTTA-1_V12D07-075_C1,6
GGTGGACTGCTCTGGC-1_V12D07-075_C1,13
GGTGGAGGTTGATACG-1_V12D07-075_C1,6
GGTGTAAATCGATTGT-1_V12D07-075_C1,15
GGTGTAGGTAAGTAAA-1_V12D07-075_C1,13
GGTGTTGGGCGTCTTA-1_V12D07-075_C1,6
GGTTACCACCCTCGGG-1_V12D07-075_C1,2
GGTTACCCGACACTTT-1_V12D07-075_C1,6
GGTTAGCTATATGTCT-1_V12D07-075_C1,15
GGTTAGGCTTGGAGAA-1_V12D07-075_C1,13
GGTTCGGATTATACTA-1_V12D07-075_C1,15
GGTTCTACTCGTCTGA-1_V12D07-075_C1,2
GGTTGTGCTCTTGTCC-1_V12D07-075_C1,12
GGTTGTGTAGCCTGGC-1_V12D07-075_C1,14
GGTTTAATTGAGCAGG-1_V12D07-075_C1,11
GGTTTACAATCTCAAT-1_V12D07-075_C1,13
GGTTTAGCCTTTCTTG-1_V12D07-075_C1,15
GGTTTCAATCGGTCAG-1_V12D07-075_C1,2
GGTTTGACAAGAAGCT-1_V12D07-075_C1,6
GGTTTGAGTGCTGGAA-1_V12D07-075_C1,6
GGTTTGTGACCTGAGG-1_V12D07-075_C1,15
GTAACAACTGACCTTG-1_V12D07-075_C1,6
GTAACATCTAAGATAA-1_V12D07-075_C1,15
GTAACTGCCCAAGGAG-1_V12D07-075_C1,2
GTAACTTGCGGCAGTC-1_V12D07-075_C1,6
GTAAGCGGGCAGTCAG-1_V12D07-075_C1,13
GTAAGGATTTGTCGGA-1_V12D07-075_C1,6
GTAAGTAACAGTCTGG-1_V12D07-075_C1,15
GTAAGTAGGGTATACC-1_V12D07-075_C1,13
GTAAGTCCACACTCTA-1_V12D07-075_C1,11
GTAATAAAGGGCTCCC-1_V12D07-075_C1,6
GTAATCTGATTCTTCG-1_V12D07-075_C1,2
GTACACTTACCTGAAG-1_V12D07-075_C1,13
GTACAGAGGCAAGGGT-1_V12D07-075_C1,15
GTACGACGGCGCTGCG-1_V12D07-075_C1,6
GTACGAGATTGCGACA-1_V12D07-075_C1,6
GTACGCTTCATTGCAC-1_V12D07-075_C1,13
GTACGTCACGTATTAA-1_V12D07-075_C1,6
GTACGTTTGCCCGTCA-1_V12D07-075_C1,15
GTACTAAGATTTGGAG-1_V12D07-075_C1,13
GTACTCCCTTATCGCT-1_V12D07-075_C1,13
GTACTCCTGGGTATGC-1_V12D07-075_C1,6
GTACTGCATGAAGCGT-1_V12D07-075_C1,6
GTACTGGAGTTAGACC-1_V12D07-075_C1,15
GTACTTGGGCACTTCT-1_V12D07-075_C1,13
GTAGAAACGGGTGGAG-1_V12D07-075_C1,14
GTAGACAACCGATGAA-1_V12D07-075_C1,11
GTAGACACGCCTGACT-1_V12D07-075_C1,13
GTAGACGTCGTTACAT-1_V12D07-075_C1,6
GTAGCCAAACATGGGA-1_V12D07-075_C1,13
GTAGCGCTGTTGTAGT-1_V12D07-075_C1,6
GTAGCGGCTATACACT-1_V12D07-075_C1,13
GTAGCTTCCTCTTGTT-1_V12D07-075_C1,2
GTAGGTGATCCGTGTA-1_V12D07-075_C1,6
GTAGTCGCGGGAATCA-1_V12D07-075_C1,13
GTAGTCTACGATATTG-1_V12D07-075_C1,15
GTAGTGAGCAACCTCA-1_V12D07-075_C1,15
GTATAATCTCCCGGAT-1_V12D07-075_C1,12
GTATAGGACTCAGTAG-1_V12D07-075_C1,6
GTATCAAACGTTAGCT-1_V12D07-075_C1,15
GTATCAGCTTGGGTTC-1_V12D07-075_C1,13
GTATCCTTTGGTAACC-1_V12D07-075_C1,15
GTATCTTTCATAACCA-1_V12D07-075_C1,13
GTATGACGTGGGAAAC-1_V12D07-075_C1,6
GTATGTGGGTCTAGTT-1_V12D07-075_C1,15
GTATTAGGGTTCGCGT-1_V12D07-075_C1,11
GTATTCTGAGAAACGA-1_V12D07-075_C1,2
GTATTCTTACCGTGCT-1_V12D07-075_C1,14
GTATTTAATGGCATAA-1_V12D07-075_C1,6
GTCAAAGTTTACATAG-1_V12D07-075_C1,6
GTCAACCAGGCCTATA-1_V12D07-075_C1,13
GTCAAGCGGACTCGGG-1_V12D07-075_C1,13
GTCAATGCTATAATTT-1_V12D07-075_C1,6
GTCAATTGTACTGAAG-1_V12D07-075_C1,6
GTCACAAAGTTTCCAA-1_V12D07-075_C1,6
GTCAGAATAGTCTATG-1_V12D07-075_C1,13
GTCAGACAGCGTTGGA-1_V12D07-075_C1,15
GTCAGTTGTGCTCGTT-1_V12D07-075_C1,6
GTCAGTTTGGTAGTCG-1_V12D07-075_C1,13
GTCATCTCCTACAGCT-1_V12D07-075_C1,12
GTCATGCACCTCCGTT-1_V12D07-075_C1,13
GTCATGCGCGAGGGCT-1_V12D07-075_C1,12
GTCATGGACATGACTA-1_V12D07-075_C1,13
GTCATTAGAGCGAACG-1_V12D07-075_C1,13
GTCATTGCATTGACCC-1_V12D07-075_C1,13
GTCCAATATTTAGCCT-1_V12D07-075_C1,13
GTCCACGTCGCATTCG-1_V12D07-075_C1,15
GTCCATTACTGCTACG-1_V12D07-075_C1,2
GTCCCAACGTAAAGTA-1_V12D07-075_C1,4
GTCCCGCGACGTTATG-1_V12D07-075_C1,13
GTCCGAGAGCAATCAT-1_V12D07-075_C1,13
GTCCGGACCTGAAATT-1_V12D07-075_C1,15
GTCCGGCTGAATTGCG-1_V12D07-075_C1,13
GTCCGGGTTCACATTA-1_V12D07-075_C1,12
GTCCTACAGGCGGCTC-1_V12D07-075_C1,12
GTCCTACGAATAGTCT-1_V12D07-075_C1,13
GTCCTATTGTTGTGGT-1_V12D07-075_C1,14
GTCCTTCTACAACCCA-1_V12D07-075_C1,13
GTCCTTCTAGTGGGTT-1_V12D07-075_C1,6
GTCCTTTAATGACTTC-1_V12D07-075_C1,6
GTCGATAGGTGACTTT-1_V12D07-075_C1,6
GTCGCCGTTGTGTGTT-1_V12D07-075_C1,2
GTCGCGTAACCCGTTG-1_V12D07-075_C1,13
GTCGGAAGGATACCAG-1_V12D07-075_C1,6
GTCGGATATCTCAGAC-1_V12D07-075_C1,13
GTCGGATGTAGCGCGC-1_V12D07-075_C1,6
GTCGGGAACATGGTAG-1_V12D07-075_C1,15
GTCGGGAAGCAGAAAC-1_V12D07-075_C1,13
GTCGTACCATCTCGGG-1_V12D07-075_C1,15
GTCGTACCTACGATTG-1_V12D07-075_C1,15
GTCGTATTGGCGTACA-1_V12D07-075_C1,6
GTCGTCAATTATAAGG-1_V12D07-075_C1,6
GTCGTCTGGTTGGCTA-1_V12D07-075_C1,6
GTCGTGTCTGGTCATC-1_V12D07-075_C1,11
GTCGTTATTCGCTTAT-1_V12D07-075_C1,15
GTCTACTCAATTACAA-1_V12D07-075_C1,13
GTCTAGTGAGCCGCTT-1_V12D07-075_C1,15
GTCTATCTGAGTTTCT-1_V12D07-075_C1,13
GTCTATTGCATGCTCG-1_V12D07-075_C1,13
GTCTCAAGGCCCGGCT-1_V12D07-075_C1,13
GTCTCCGCCTCAATAC-1_V12D07-075_C1,13
GTCTCGACTAAGTTTG-1_V12D07-075_C1,11
GTCTCGATCTGCTTTC-1_V12D07-075_C1,6
GTCTGGGCGGTCGAGA-1_V12D07-075_C1,2
GTCTTAGTACAGCCGG-1_V12D07-075_C1,6
GTCTTCCTCACCTAAG-1_V12D07-075_C1,12
GTCTTGAGGAGCAGTG-1_V12D07-075_C1,6
GTGAAACGGCGCCACC-1_V12D07-075_C1,6
GTGAAACGTGCTCCAC-1_V12D07-075_C1,6
GTGAACTCCCATTCGA-1_V12D07-075_C1,6
GTGAAGATTTCAAGTG-1_V12D07-075_C1,6
GTGAAGCCGTATAGTC-1_V12D07-075_C1,6
GTGACAGCTTCCCACT-1_V12D07-075_C1,15
GTGACCGCACACTACG-1_V12D07-075_C1,12
GTGACCTAAAGAATAA-1_V12D07-075_C1,6
GTGACGAGGGTGACCC-1_V12D07-075_C1,6
GTGACGCAGGTTTCAT-1_V12D07-075_C1,12
GTGACTTCAGTAGTGC-1_V12D07-075_C1,13
GTGAGCGTGCTGCACT-1_V12D07-075_C1,4
GTGAGGACACTTAAGG-1_V12D07-075_C1,13
GTGAGGAGCGGTTGAG-1_V12D07-075_C1,6
GTGAGTCGACTAATAG-1_V12D07-075_C1,2
GTGAGTCTAAGACGGA-1_V12D07-075_C1,14
GTGAGTGGTACAACGC-1_V12D07-075_C1,13
GTGATCACTAACGCCT-1_V12D07-075_C1,15
GTGATCATAGATCTGC-1_V12D07-075_C1,13
GTGATCCTTGTCATGA-1_V12D07-075_C1,12
GTGATGCACAACATCT-1_V12D07-075_C1,6
GTGATTCGCCGCTCAA-1_V12D07-075_C1,2
GTGCAACAAATGTGGC-1_V12D07-075_C1,6
GTGCACCAGCTTCAAC-1_V12D07-075_C1,13
GTGCACGAAAGTGACT-1_V12D07-075_C1,6
GTGCAGCGTAGAGTAG-1_V12D07-075_C1,6
GTGCCATCACACGGTG-1_V12D07-075_C1,2
GTGCCCGTTCGGATTC-1_V12D07-075_C1,15
GTGCCGCTTCAAAGGT-1_V12D07-075_C1,13
GTGCCTAGCTATGCTT-1_V12D07-075_C1,12
GTGCCTCAGTGTACGG-1_V12D07-075_C1,6
GTGCCTGAGACCAAAC-1_V12D07-075_C1,15
GTGCGAAATCGAACAC-1_V12D07-075_C1,2
GTGCGACAGGGAGTGT-1_V12D07-075_C1,2
GTGCGGGACCATCGGC-1_V12D07-075_C1,4
GTGCGGGTCTCCAAAT-1_V12D07-075_C1,6
GTGCGTGTATATGAGC-1_V12D07-075_C1,6
GTGCTCAAGTACTGTC-1_V12D07-075_C1,13
GTGCTGCAGATAAGGA-1_V12D07-075_C1,15
GTGCTTACATCAGCGC-1_V12D07-075_C1,6
GTGGAACCTACATGCG-1_V12D07-075_C1,6
GTGGACCAACCCGATT-1_V12D07-075_C1,2
GTGGACGCATTTGTCC-1_V12D07-075_C1,13
GTGGACGTGCTGAGAC-1_V12D07-075_C1,14
GTGGAGCATGTCGGCC-1_V12D07-075_C1,6
GTGGAGTCGGCGGTTG-1_V12D07-075_C1,2
GTGGCCTAATATCATT-1_V12D07-075_C1,15
GTGGCTGTTTCTGTTC-1_V12D07-075_C1,12
GTGGGCTTAGACACAC-1_V12D07-075_C1,13
GTGGTATAGTCTGCCG-1_V12D07-075_C1,2
GTGGTCAGCGAAGTAT-1_V12D07-075_C1,6
GTGGTGATGGTTTGTG-1_V12D07-075_C1,6
GTGGTGGCCAAGTGAA-1_V12D07-075_C1,15
GTGGTTACTTCTTTCG-1_V12D07-075_C1,6
GTGGTTTCCGCCTTTC-1_V12D07-075_C1,2
GTGTACCTTGGCTACG-1_V12D07-075_C1,13
GTGTACGAACCGTTCC-1_V12D07-075_C1,6
GTGTATATCAGCGGGC-1_V12D07-075_C1,13
GTGTATGACTTTAAAG-1_V12D07-075_C1,4
GTGTCGTATAGCGTTC-1_V12D07-075_C1,13
GTGTCGTATTCACCTT-1_V12D07-075_C1,6
GTGTGAATAACTTAGG-1_V12D07-075_C1,15
GTGTGTCGACGTCGCT-1_V12D07-075_C1,12
GTGTTACTATGCGTCC-1_V12D07-075_C1,13
GTTAACATCACTTAAA-1_V12D07-075_C1,13
GTTAAGGGTGCGATGT-1_V12D07-075_C1,13
GTTAAGTTAGAGTGGG-1_V12D07-075_C1,6
GTTAATGTCTATCTTA-1_V12D07-075_C1,14
GTTACAATTGGTGACG-1_V12D07-075_C1,13
GTTACCAAGGCGTACG-1_V12D07-075_C1,2
GTTACCTACAACTTGC-1_V12D07-075_C1,13
GTTACTTTGGGCCTAG-1_V12D07-075_C1,13
GTTAGCCCATGACATC-1_V12D07-075_C1,15
GTTAGCCGTAAATCAA-1_V12D07-075_C1,6
GTTATAATACGGTGAA-1_V12D07-075_C1,15
GTTATATCAGGAGCCA-1_V12D07-075_C1,6
GTTATATTATCTCCCT-1_V12D07-075_C1,13
GTTATCAAGCTATCGA-1_V12D07-075_C1,15
GTTATCACCTTCTGAA-1_V12D07-075_C1,6
GTTCAAATCAGATGTC-1_V12D07-075_C1,12
GTTCACAGGAGTCTAG-1_V12D07-075_C1,13
GTTCAGTCGCCAAATG-1_V12D07-075_C1,13
GTTCATCGTTTGGCTG-1_V12D07-075_C1,6
GTTCCAGTCTGACCAT-1_V12D07-075_C1,6
GTTCCCGTAAACATAT-1_V12D07-075_C1,15
GTTCGCCATAAGTGCC-1_V12D07-075_C1,13
GTTCGCTGAGACGTCT-1_V12D07-075_C1,15
GTTCGGAGCACTCAAC-1_V12D07-075_C1,15
GTTCGGATCGGGAACA-1_V12D07-075_C1,2
GTTCGGGCGTACCATT-1_V12D07-075_C1,6
GTTCGTCTGGGTCCCT-1_V12D07-075_C1,6
GTTGAACCGGTTCCAT-1_V12D07-075_C1,13
GTTGAGTCCCGCCGGT-1_V12D07-075_C1,9
GTTGCACGGAGTTTCG-1_V12D07-075_C1,13
GTTGCAGTCGACAACA-1_V12D07-075_C1,15
GTTGCGCTAACATTAC-1_V12D07-075_C1,6
GTTGCGGACGGTCAGG-1_V12D07-075_C1,6
GTTGGACCGCATCAGG-1_V12D07-075_C1,6
GTTGGATTCAGTGGCT-1_V12D07-075_C1,6
GTTGGATTGAGAACAC-1_V12D07-075_C1,2
GTTGGATTTGCGTTGG-1_V12D07-075_C1,13
GTTGGTCATGCTATCC-1_V12D07-075_C1,13
GTTGTAGATTTATGAG-1_V12D07-075_C1,15
GTTGTTACATTGCGCT-1_V12D07-075_C1,6
GTTGTTGCAAGATGGC-1_V12D07-075_C1,15
GTTTACGTTCCATCTG-1_V12D07-075_C1,13
GTTTATGGGATTTAGA-1_V12D07-075_C1,14
GTTTCAAACGAGTTGT-1_V12D07-075_C1,15
GTTTCATATCGTCGCT-1_V12D07-075_C1,2
GTTTCCTGGAGGGTGA-1_V12D07-075_C1,13
GTTTCTAGAGGCGCGG-1_V12D07-075_C1,15
GTTTCTGCAGTCTCCC-1_V12D07-075_C1,13
GTTTGACCAAATCCTA-1_V12D07-075_C1,13
GTTTGGCCCAAGTTAT-1_V12D07-075_C1,13
GTTTGGGCTTGTGAGC-1_V12D07-075_C1,13
GTTTGGGTTTCGCCCG-1_V12D07-075_C1,15
GTTTGGTAGGGTCAAC-1_V12D07-075_C1,13
TAAACGTCGTCAATGA-1_V12D07-075_C1,13
TAAAGACAACCCTTTA-1_V12D07-075_C1,6
TAAAGAGCCCGAAACC-1_V12D07-075_C1,6
TAAAGCGGTATTTCCA-1_V12D07-075_C1,9
TAAAGCGTTAGGAGAA-1_V12D07-075_C1,2
TAAAGCTGCAATAGGG-1_V12D07-075_C1,14
TAAATCTTTACACCTC-1_V12D07-075_C1,11
TAAATGAATCCGTTTC-1_V12D07-075_C1,13
TAAATGCCGTCTCATG-1_V12D07-075_C1,6
TAAATGGGCTACTGAG-1_V12D07-075_C1,15
TAACAAAGGGAGAAGC-1_V12D07-075_C1,13
TAACAATATTTGTTGC-1_V12D07-075_C1,13
TAACATACAATGTGGG-1_V12D07-075_C1,13
TAACCGCCCGCAGTGC-1_V12D07-075_C1,6
TAACCTACCGTCCGAG-1_V12D07-075_C1,6
TAACCTAGGGAGTCCA-1_V12D07-075_C1,15
TAACGCTTTGAGAGCG-1_V12D07-075_C1,13
TAACTATCGAAGGTCC-1_V12D07-075_C1,13
TAACTATTACGCCAAA-1_V12D07-075_C1,6
TAACTCATCCGCGCGG-1_V12D07-075_C1,13
TAACTCCATGGAGGCT-1_V12D07-075_C1,14
TAAGCAGGCGACACGC-1_V12D07-075_C1,13
TAAGCCCTTACGACCA-1_V12D07-075_C1,6
TAAGGCAACATAAGAT-1_V12D07-075_C1,13
TAAGGCATAACATCAA-1_V12D07-075_C1,2
TAAGGCCCGTCACCCT-1_V12D07-075_C1,12
TAAGGCTGAATCCCTC-1_V12D07-075_C1,15
TAAGGGCCTGTCCGAT-1_V12D07-075_C1,15
TAAGGGCTGGGAGAGG-1_V12D07-075_C1,4
TAAGTAAATGTGCCGC-1_V12D07-075_C1,9
TAAGTAACATCTTGAC-1_V12D07-075_C1,2
TAAGTCGGTGAGCTAG-1_V12D07-075_C1,9
TAAGTTGCGACGTAGG-1_V12D07-075_C1,15
TAATAAACAAGGAGAT-1_V12D07-075_C1,6
TAATACACAGTAGTAT-1_V12D07-075_C1,6
TAATACTAGAACAGAC-1_V12D07-075_C1,15
TAATAGAACAGAGTTA-1_V12D07-075_C1,2
TAATAGCTAAATGATG-1_V12D07-075_C1,6
TAATAGTGACGACCAG-1_V12D07-075_C1,2
TAATATTGAAATTCGC-1_V12D07-075_C1,6
TAATCAACCAAATGGG-1_V12D07-075_C1,6
TAATCGATCCGTACGT-1_V12D07-075_C1,13
TAATGAAAGACCCTTG-1_V12D07-075_C1,13
TAATTACGTCAGTAGA-1_V12D07-075_C1,4
TAATTAGGACATCCGT-1_V12D07-075_C1,2
TAATTCCAATGCTTCA-1_V12D07-075_C1,15
TAATTGGAATCGGGAA-1_V12D07-075_C1,4
TAATTTCCGTCCAGTA-1_V12D07-075_C1,2
TACAACGCACAACTCA-1_V12D07-075_C1,13
TACAAGGGCTTCTTTA-1_V12D07-075_C1,15
TACACCGTCGTTAGTC-1_V12D07-075_C1,11
TACACCTCTTCGAATC-1_V12D07-075_C1,2
TACATAGGCATACACC-1_V12D07-075_C1,13
TACATCTTGTTTCTTG-1_V12D07-075_C1,13
TACATGACCTTATCCG-1_V12D07-075_C1,13
TACATGCCGGAATTGT-1_V12D07-075_C1,6
TACATTTCTAACGTGC-1_V12D07-075_C1,13
TACCAAATAGCCCAGA-1_V12D07-075_C1,13
TACCAATAAAGTACCA-1_V12D07-075_C1,13
TACCAGAAGTAGGTTC-1_V12D07-075_C1,13
TACCAGCTAGGTTTAA-1_V12D07-075_C1,6
TACCATGTATTGATTT-1_V12D07-075_C1,6
TACCCTCGGTAACCCT-1_V12D07-075_C1,15
TACCGAATAATTGTAA-1_V12D07-075_C1,15
TACCGCGGACTTGCAG-1_V12D07-075_C1,2
TACCGGCTCACTGCCC-1_V12D07-075_C1,13
TACCGGTCGTTTCCAT-1_V12D07-075_C1,2
TACCGTAGGTTAACTA-1_V12D07-075_C1,13
TACCGTGCCTCGGACC-1_V12D07-075_C1,13
TACCTACTCCCAGTAT-1_V12D07-075_C1,13
TACCTATCCCTAGAGG-1_V12D07-075_C1,15
TACCTCACGCTTGTAC-1_V12D07-075_C1,6
TACCTCAGTTGTCTGT-1_V12D07-075_C1,4
TACCTCTTTACCATCC-1_V12D07-075_C1,15
TACCTGCTGCACTGTG-1_V12D07-075_C1,14
TACGAACACGACTTCA-1_V12D07-075_C1,13
TACGACGCTTGCTGCG-1_V12D07-075_C1,13
TACGACTGCCTCTTAG-1_V12D07-075_C1,15
TACGAGAACTTCACGT-1_V12D07-075_C1,13
TACGATGTTGATCATC-1_V12D07-075_C1,13
TACGCAGTTCTTTCCT-1_V12D07-075_C1,13
TACGCCATATTCTAAT-1_V12D07-075_C1,13
TACGCCGCCTCAGAAG-1_V12D07-075_C1,6
TACGCCTCCATTCCGA-1_V12D07-075_C1,13
TACGCTATAGAAACCT-1_V12D07-075_C1,6
TACGCTCGGTATTGGA-1_V12D07-075_C1,15
TACGGAAGCCAAACCA-1_V12D07-075_C1,15
TACGGCATGGACGCTA-1_V12D07-075_C1,15
TACGGGATGCTAGCAG-1_V12D07-075_C1,6
TACGTAAAGCGGAGTG-1_V12D07-075_C1,12
TACGTGCAAGGTTCCT-1_V12D07-075_C1,6
TACGTGCACTATGCTG-1_V12D07-075_C1,13
TACGTGGGCCCAGGGC-1_V12D07-075_C1,15
TACGTTTACCGGCAAT-1_V12D07-075_C1,2
TACTACGTGCAATGCG-1_V12D07-075_C1,2
TACTATGGTTCCTCAG-1_V12D07-075_C1,2
TACTCTCCGAACAAAT-1_V12D07-075_C1,6
TACTCTTACTTTACTG-1_V12D07-075_C1,15
TACTCTTTCGTCTTCA-1_V12D07-075_C1,2
TACTGAACAGATTTAG-1_V12D07-075_C1,2
TACTGCAATCAATTAC-1_V12D07-075_C1,6
TACTGGACAGCTCGGC-1_V12D07-075_C1,11
TACTGTTTCTCTGGTA-1_V12D07-075_C1,6
TACTTAAACATGTACA-1_V12D07-075_C1,14
TACTTGTTAGTAGTCC-1_V12D07-075_C1,15
TACTTTACTGAGCCGG-1_V12D07-075_C1,2
TAGAAACACAATAGTG-1_V12D07-075_C1,15
TAGAAACCACTAAGTA-1_V12D07-075_C1,6
TAGAAAGGTGGCGCTA-1_V12D07-075_C1,15
TAGAAATTCACGTATA-1_V12D07-075_C1,15
TAGAAGAAGGGTTACA-1_V12D07-075_C1,15
TAGAATAGCCGATGAA-1_V12D07-075_C1,15
TAGACGAAACGCCAAT-1_V12D07-075_C1,14
TAGACGCCCGTACCGG-1_V12D07-075_C1,2
TAGACTACCTAGCGTT-1_V12D07-075_C1,2
TAGAGCTACGAAGAAC-1_V12D07-075_C1,6
TAGAGGTTCTACTTGT-1_V12D07-075_C1,15
TAGAGTCTAAGCGAAC-1_V12D07-075_C1,13
TAGATATGGACTGGAA-1_V12D07-075_C1,13
TAGATCCGAAGTCGCA-1_V12D07-075_C1,6
TAGATGGTTCCTTACT-1_V12D07-075_C1,12
TAGATTCCTGGTTATT-1_V12D07-075_C1,10
TAGCAACCTGTCACAA-1_V12D07-075_C1,13
TAGCAGTATGACTAAA-1_V12D07-075_C1,12
TAGCCAGAGGGTCCGG-1_V12D07-075_C1,12
TAGCCATTTCAAAGTC-1_V12D07-075_C1,9
TAGCCGGCGGTCAGCG-1_V12D07-075_C1,15
TAGCGTCCCTCGATTG-1_V12D07-075_C1,2
TAGCGTCCGGTGTGGT-1_V12D07-075_C1,11
TAGCGTCGAATATTGA-1_V12D07-075_C1,12
TAGCGTTGGGTCTTAC-1_V12D07-075_C1,13
TAGCTAAGTCCGGGAG-1_V12D07-075_C1,13
TAGCTAGAAGGCATGA-1_V12D07-075_C1,9
TAGCTAGTGATGATGG-1_V12D07-075_C1,2
TAGCTCAGATCCTAGT-1_V12D07-075_C1,6
TAGCTCGCCTGATAAC-1_V12D07-075_C1,13
TAGGAACAGCCTCCAG-1_V12D07-075_C1,6
TAGGCATGTTACGCCA-1_V12D07-075_C1,6
TAGGCCTATATAGTCT-1_V12D07-075_C1,15
TAGGCTAAAGTGGCAC-1_V12D07-075_C1,15
TAGGGAGCTTGGGATG-1_V12D07-075_C1,2
TAGGGTGTTTCAAGAG-1_V12D07-075_C1,6
TAGGTCGCCGGAACTG-1_V12D07-075_C1,2
TAGGTGACGATAACCT-1_V12D07-075_C1,12
TAGGTGAGCCCTACTC-1_V12D07-075_C1,13
TAGGTGCTCGCCTAGC-1_V12D07-075_C1,15
TAGGTGTTCCACAGAT-1_V12D07-075_C1,13
TAGGTTCGAGTTCGTC-1_V12D07-075_C1,13
TAGTAGCTTATACCAG-1_V12D07-075_C1,2
TAGTCCCGGAGACCAC-1_V12D07-075_C1,15
TAGTCCGCAGAGAATG-1_V12D07-075_C1,13
TAGTCCGTATGCATAA-1_V12D07-075_C1,12
TAGTCGATCACGGGTT-1_V12D07-075_C1,15
TAGTCGGGATTCTTCG-1_V12D07-075_C1,12
TAGTCTAACAACGAGA-1_V12D07-075_C1,13
TAGTCTGTGACGTTGC-1_V12D07-075_C1,6
TAGTCTTTCCGAATTG-1_V12D07-075_C1,6
TAGTGCCCTCCAGAGT-1_V12D07-075_C1,13
TAGTGCTTGAATCCTT-1_V12D07-075_C1,12
TAGTGTCAGAAACGGC-1_V12D07-075_C1,14
TAGTTAAGATAGGATA-1_V12D07-075_C1,6
TAGTTTATTCTTGCTT-1_V12D07-075_C1,6
TATAAATCCACAAGCT-1_V12D07-075_C1,13
TATAAGTGAGGATAGC-1_V12D07-075_C1,13
TATACACAGACGCCTT-1_V12D07-075_C1,13
TATACACGCAAAGTAT-1_V12D07-075_C1,13
TATACCGAGTGCCACA-1_V12D07-075_C1,6
TATACGCGTCATCACT-1_V12D07-075_C1,13
TATAGAGTCGCTTGAA-1_V12D07-075_C1,2
TATAGATGGTCGCAGT-1_V12D07-075_C1,15
TATAGGGTACTCATGA-1_V12D07-075_C1,13
TATATCATTGATCAGT-1_V12D07-075_C1,13
TATATCCCTGGGAGGA-1_V12D07-075_C1,2
TATATGCTGGGTTGCC-1_V12D07-075_C1,13
TATATTACAAATGTCG-1_V12D07-075_C1,6
TATATTCGCGTCGATA-1_V12D07-075_C1,6
TATCAAAGGTCTGTAA-1_V12D07-075_C1,13
TATCACCATGTAAAGT-1_V12D07-075_C1,6
TATCACCCAACCGACC-1_V12D07-075_C1,6
TATCACTTCGAGTAAC-1_V12D07-075_C1,6
TATCCATATCATGCGA-1_V12D07-075_C1,6
TATCCGCACCGTCGGG-1_V12D07-075_C1,13
TATCCTATCAACTGGT-1_V12D07-075_C1,13
TATCCTGCATGGGAAT-1_V12D07-075_C1,6
TATCGATCTATGCATA-1_V12D07-075_C1,6
TATCGATGATTAAACG-1_V12D07-075_C1,13
TATCTACAGAGGTAAT-1_V12D07-075_C1,1
TATCTACCACAGCGGG-1_V12D07-075_C1,13
TATCTAGCCTAAAGGA-1_V12D07-075_C1,14
TATGAAGAATTAAGGT-1_V12D07-075_C1,12
TATGAAGACAGGTGCG-1_V12D07-075_C1,14
TATGATAAATCTAACG-1_V12D07-075_C1,6
TATGATCCGGCACGCC-1_V12D07-075_C1,11
TATGATTCTGCTTGGT-1_V12D07-075_C1,6
TATGCTCCCTACTTAC-1_V12D07-075_C1,13
TATGGAGTTTCTCGTT-1_V12D07-075_C1,6
TATGGATGTGCTACGC-1_V12D07-075_C1,13
TATGGCTAGGCTAATT-1_V12D07-075_C1,6
TATGGGACCGAGCAGG-1_V12D07-075_C1,13
TATGGGTACGTATCGT-1_V12D07-075_C1,13
TATGGTCTGAGTAACA-1_V12D07-075_C1,13
TATGGTTAGTGGGAGA-1_V12D07-075_C1,2
TATGTCAAGACCGACT-1_V12D07-075_C1,6
TATGTCTCATTGTGCC-1_V12D07-075_C1,2
TATTAACCTGACCGCG-1_V12D07-075_C1,2
TATTACCATCCTGCTT-1_V12D07-075_C1,15
TATTCAATTCTAATCC-1_V12D07-075_C1,15
TATTCCACTCAGCTCG-1_V12D07-075_C1,13
TATTCCGGCAGTCCTA-1_V12D07-075_C1,6
TATTCCTCCGCCCACT-1_V12D07-075_C1,2
TATTCGTGCCAGAATA-1_V12D07-075_C1,13
TATTGACATTTCTGCC-1_V12D07-075_C1,6
TATTGCCGGGCTTGTA-1_V12D07-075_C1,15
TATTTAGTCTAGATCG-1_V12D07-075_C1,6
TATTTATACCGAGTAG-1_V12D07-075_C1,6
TATTTGTTACCCTTTA-1_V12D07-075_C1,13
TCAAACAACCGCGTCG-1_V12D07-075_C1,13
TCAAACTTAGATTGTT-1_V12D07-075_C1,13
TCAAATTGTTGTGCCG-1_V12D07-075_C1,15
TCAAATTTGAGACTCA-1_V12D07-075_C1,9
TCAACACATTGGGTAA-1_V12D07-075_C1,6
TCAACATAGCGCCCTA-1_V12D07-075_C1,2
TCAACCATGTTCGGGC-1_V12D07-075_C1,6
TCAACGAGGAGACAAA-1_V12D07-075_C1,13
TCAACGCGACCGGCAG-1_V12D07-075_C1,2
TCAACTAACGTATAAC-1_V12D07-075_C1,7
TCAACTGCAGAGTCAG-1_V12D07-075_C1,15
TCAAGAAATACTAGCT-1_V12D07-075_C1,6
TCAAGCGCGGACGGTA-1_V12D07-075_C1,15
TCAAGGTTACTACACC-1_V12D07-075_C1,15
TCAATACAATTGCTGC-1_V12D07-075_C1,15
TCAATACGCCGTCATG-1_V12D07-075_C1,13
TCAATATACAGGAGGC-1_V12D07-075_C1,2
TCAATCCCGCGCCAAA-1_V12D07-075_C1,9
TCACAAACCGAGGTAC-1_V12D07-075_C1,15
TCACAGATCCTCAAAC-1_V12D07-075_C1,13
TCACAGCAAACTCGAA-1_V12D07-075_C1,2
TCACAGGAGAATAAGA-1_V12D07-075_C1,2
TCACAGGGAATCGCAA-1_V12D07-075_C1,13
TCACAGGTTATTGGGC-1_V12D07-075_C1,13
TCACATCTTATCTGAT-1_V12D07-075_C1,14
TCACCCTCTTAAGATT-1_V12D07-075_C1,13
TCACCGCTCGGCACTC-1_V12D07-075_C1,2
TCACGCATTGTAGATC-1_V12D07-075_C1,13
TCACGGTCATCGCACA-1_V12D07-075_C1,13
TCACGTGCCCGATTCA-1_V12D07-075_C1,13
TCACTACGACCAATGC-1_V12D07-075_C1,6
TCACTATCCCTTCGGT-1_V12D07-075_C1,15
TCACTCGTGCAACGGC-1_V12D07-075_C1,6
TCACTCTTCGTCTGTC-1_V12D07-075_C1,13
TCAGAACCTCCACAGG-1_V12D07-075_C1,6
TCAGACGCTATAGAAG-1_V12D07-075_C1,13
TCAGAGTGTGAGCATG-1_V12D07-075_C1,15
TCAGCAAATGCATCTC-1_V12D07-075_C1,15
TCAGCCAATCCGTAAA-1_V12D07-075_C1,15
TCAGGGCGACTTCCTT-1_V12D07-075_C1,13
TCAGGGTGCACGAAAC-1_V12D07-075_C1,6
TCAGGGTGTAACGTAA-1_V12D07-075_C1,13
TCAGGTTCTTTGAGAA-1_V12D07-075_C1,13
TCAGTACTGACCCGCG-1_V12D07-075_C1,12
TCAGTAGGGACTATAA-1_V12D07-075_C1,13
TCATAAGTCCAAGAAG-1_V12D07-075_C1,15
TCATACTTACAGATCC-1_V12D07-075_C1,14
TCATATGAGCTTTGTT-1_V12D07-075_C1,12
TCATCCCAGAGGGTGG-1_V12D07-075_C1,6
TCATCCTCAGCTGCTT-1_V12D07-075_C1,15
TCATCGACGACCGTCG-1_V12D07-075_C1,15
TCATGCAGGTTCTCAT-1_V12D07-075_C1,6
TCATTCGTATAATTTG-1_V12D07-075_C1,6
TCATTTAAGTCTCCGA-1_V12D07-075_C1,2
TCATTTAGAAGTGTGA-1_V12D07-075_C1,15
TCCAACTCAGCTATCT-1_V12D07-075_C1,15
TCCAACTTTAAATTCT-1_V12D07-075_C1,13
TCCAATAAAGGCTACC-1_V12D07-075_C1,13
TCCACAATGGTTTACG-1_V12D07-075_C1,13
TCCACATCGTATATTG-1_V12D07-075_C1,15
TCCACCAAGACATAGG-1_V12D07-075_C1,2
TCCACCTCTAGCCTTT-1_V12D07-075_C1,13
TCCACTTTATCTAGGT-1_V12D07-075_C1,13
TCCAGAGCACCGGTTC-1_V12D07-075_C1,13
TCCAGATGTACGCCAA-1_V12D07-075_C1,11
TCCAGCGCTATAAGCG-1_V12D07-075_C1,2
TCCAGGCGAGTACGGT-1_V12D07-075_C1,13
TCCAGGGTATATACGA-1_V12D07-075_C1,13
TCCATTAGTTGGATAG-1_V12D07-075_C1,13
TCCATTGTGACCTCGT-1_V12D07-075_C1,6
TCCCAAACAGACAACG-1_V12D07-075_C1,6
TCCCAAAGACGAAGGA-1_V12D07-075_C1,13
TCCCAAAGCCCTAAAT-1_V12D07-075_C1,6
TCCCACTCTCTTCCGG-1_V12D07-075_C1,6
TCCCAGCACACGACAT-1_V12D07-075_C1,2
TCCCAGCTTTAGTCTG-1_V12D07-075_C1,13
TCCCAGGCTTAGCTAA-1_V12D07-075_C1,13
TCCCGCCTATGTGCGT-1_V12D07-075_C1,6
TCCCGCGTACTCCTGG-1_V12D07-075_C1,13
TCCCGGGTGTGCTGCT-1_V12D07-075_C1,13
TCCCGGTCAGGAATTT-1_V12D07-075_C1,6
TCCCGTCAGTCCCGCA-1_V12D07-075_C1,6
TCCCGTCGCGTCATAG-1_V12D07-075_C1,6
TCCCGTGTGCAATTTG-1_V12D07-075_C1,15
TCCCTAGATCAATAGG-1_V12D07-075_C1,6
TCCCTCTTCTCAAGGG-1_V12D07-075_C1,15
TCCCTGGCTCGCTGGA-1_V12D07-075_C1,13
TCCCTTAGATTACTCG-1_V12D07-075_C1,6
TCCCTTGTCTGAAACT-1_V12D07-075_C1,15
TCCGAACGTTGCCGCT-1_V12D07-075_C1,6
TCCGAAGTAGTCACCA-1_V12D07-075_C1,6
TCCGAATGGTCCTGAG-1_V12D07-075_C1,6
TCCGAGAAGGCTAAGC-1_V12D07-075_C1,4
TCCGATGACTGAGCTC-1_V12D07-075_C1,6
TCCGATGGTGCGACAT-1_V12D07-075_C1,13
TCCGATTACATTGCCG-1_V12D07-075_C1,13
TCCGCAGCCACCTAGC-1_V12D07-075_C1,12
TCCGCCTGTCTACAAG-1_V12D07-075_C1,13
TCCGCGGCAGCATCTG-1_V12D07-075_C1,15
TCCGCGGCCCAATGAA-1_V12D07-075_C1,15
TCCGCTGTCATCCCGG-1_V12D07-075_C1,15
TCCGCTTATCCCATTA-1_V12D07-075_C1,13
TCCGGAGGAAGGGCTG-1_V12D07-075_C1,6
TCCGGCCTAGCGTACA-1_V12D07-075_C1,2
TCCGGCTGTCGGGTCG-1_V12D07-075_C1,2
TCCGGGCTTGACGGGA-1_V12D07-075_C1,15
TCCGGTTCGTCCGGTC-1_V12D07-075_C1,13
TCCGTTAAGCTAATAT-1_V12D07-075_C1,15
TCCGTTTAGCCTTGAA-1_V12D07-075_C1,2
TCCTAAAGATTCAGAC-1_V12D07-075_C1,15
TCCTAAATTGGGAAGC-1_V12D07-075_C1,13
TCCTAACCGTCGGGCA-1_V12D07-075_C1,2
TCCTACATCCACGGCC-1_V12D07-075_C1,15
TCCTAGCAAAGAAGCT-1_V12D07-075_C1,13
TCCTATCATAGGTAAC-1_V12D07-075_C1,6
TCCTCGGGCTGGGCTT-1_V12D07-075_C1,13
TCCTCTACGAGATGGC-1_V12D07-075_C1,13
TCCTCTGGCCCATTAG-1_V12D07-075_C1,6
TCCTGCCAACTGGAGA-1_V12D07-075_C1,6
TCCTGCGTTGATACTC-1_V12D07-075_C1,13
TCCTGGCGCTGCCTGG-1_V12D07-075_C1,6
TCCTTACGACGGTCCG-1_V12D07-075_C1,15
TCCTTCAATCCCTACG-1_V12D07-075_C1,2
TCCTTCAGTGGTCGAA-1_V12D07-075_C1,6
TCCTTGTCCTTTAATT-1_V12D07-075_C1,15
TCCTTTAAATCCGCTT-1_V12D07-075_C1,15
TCCTTTCTTACGCTTA-1_V12D07-075_C1,13
TCGAAATTTAGGACCA-1_V12D07-075_C1,13
TCGAAGAACCGAGCAC-1_V12D07-075_C1,15
TCGAGACCAACACCGT-1_V12D07-075_C1,13
TCGAGGGCAACAGACG-1_V12D07-075_C1,15
TCGATAGGCTAGTCGC-1_V12D07-075_C1,6
TCGCAAAGATGCATTT-1_V12D07-075_C1,13
TCGCACCAGGAGGCAG-1_V12D07-075_C1,13
TCGCACTAACGTTTGT-1_V12D07-075_C1,12
TCGCATAAAGGGCGCA-1_V12D07-075_C1,15
TCGCATCCCTAAGTGT-1_V12D07-075_C1,6
TCGCATTCAATGACTT-1_V12D07-075_C1,6
TCGCCCAACTGACTCC-1_V12D07-075_C1,6
TCGCCCACTGCGAGAG-1_V12D07-075_C1,15
TCGCCGAAGTTGCGTC-1_V12D07-075_C1,2
TCGCCGACATATTCGC-1_V12D07-075_C1,13
TCGCCGGATGGGCAAG-1_V12D07-075_C1,12
TCGCCGGTCGATCCGT-1_V12D07-075_C1,6
TCGCTAAACCGCTATC-1_V12D07-075_C1,6
TCGCTACTGGCTTTGA-1_V12D07-075_C1,13
TCGCTCGATATATTCC-1_V12D07-075_C1,13
TCGCTCGGCACCAGCG-1_V12D07-075_C1,6
TCGCTGCCAATGCTGT-1_V12D07-075_C1,15
TCGCTGGGCGGATTGT-1_V12D07-075_C1,13
TCGCTGTGCGTAAATC-1_V12D07-075_C1,13
TCGCTTAATTACGAAG-1_V12D07-075_C1,6
TCGCTTTAAACGTTTG-1_V12D07-075_C1,6
TCGGAATGCGCTCTGA-1_V12D07-075_C1,1
TCGGACGCCCAGCCCA-1_V12D07-075_C1,15
TCGGAGTACATGAGTA-1_V12D07-075_C1,15
TCGGCAGGGTTAAGGG-1_V12D07-075_C1,2
TCGGCGAACCCAAACC-1_V12D07-075_C1,15
TCGGCTTGTATCGACG-1_V12D07-075_C1,15
TCGGGAACGTGCCTAG-1_V12D07-075_C1,6
TCGGGAGACAGCGTAC-1_V12D07-075_C1,13
TCGGGATTCAAACATA-1_V12D07-075_C1,2
TCGGGCCGTCGTGGTA-1_V12D07-075_C1,15
TCGGGTGAAACTGCTA-1_V12D07-075_C1,6
TCGGTCCCTGACTCCA-1_V12D07-075_C1,6
TCGGTGACCGCTCCGG-1_V12D07-075_C1,6
TCGGTTAGCCATGTAG-1_V12D07-075_C1,6
TCGTAACTCCCAAGAC-1_V12D07-075_C1,15
TCGTAAGACGACATTG-1_V12D07-075_C1,13
TCGTAAGCTCCGAGGA-1_V12D07-075_C1,6
TCGTACCGACGTCAAG-1_V12D07-075_C1,13
TCGTATAGTGCAATTA-1_V12D07-075_C1,6
TCGTATTACCCATTGC-1_V12D07-075_C1,13
TCGTCACACTGTTAGC-1_V12D07-075_C1,14
TCGTCCGCTGGCGTCT-1_V12D07-075_C1,13
TCGTCCGGGTACACTC-1_V12D07-075_C1,6
TCGTCTTAGGCGTTAA-1_V12D07-075_C1,13
TCGTGTTCGACCACAA-1_V12D07-075_C1,15
TCGTTAGGAGTCCCTA-1_V12D07-075_C1,13
TCGTTCGTTATTATGT-1_V12D07-075_C1,6
TCGTTGACAGGGTCCC-1_V12D07-075_C1,12
TCGTTGCTATCCGGTC-1_V12D07-075_C1,2
TCGTTGGCTCGTCAAT-1_V12D07-075_C1,6
TCGTTTACGCGACCCT-1_V12D07-075_C1,15
TCTAACTGTATGTAAA-1_V12D07-075_C1,13
TCTACACGTTCATGCA-1_V12D07-075_C1,6
TCTACCCAATAGAGAG-1_V12D07-075_C1,15
TCTACCGTCCACAAGC-1_V12D07-075_C1,13
TCTAGCAATCTCCGCC-1_V12D07-075_C1,2
TCTAGCATCTTCGATG-1_V12D07-075_C1,13
TCTAGCATGCCCAGAA-1_V12D07-075_C1,13
TCTAGGTGGCGACGCT-1_V12D07-075_C1,2
TCTAGTGATATCGTGG-1_V12D07-075_C1,15
TCTAGTTATCAGAAGA-1_V12D07-075_C1,12
TCTATAGGTGGGTAAT-1_V12D07-075_C1,12
TCTATCATGCAGTTAC-1_V12D07-075_C1,14
TCTATCGGTCGCAACA-1_V12D07-075_C1,13
TCTATGCTATAACGAC-1_V12D07-075_C1,15
TCTATTACGCTGGCGA-1_V12D07-075_C1,13
TCTCAAATCAATCGGG-1_V12D07-075_C1,15
TCTCATGAGATAGGGT-1_V12D07-075_C1,15
TCTCCAACGTAGGTTA-1_V12D07-075_C1,6
TCTCCACAAGTTGAAT-1_V12D07-075_C1,15
TCTCCCTGGGCAGCGT-1_V12D07-075_C1,13
TCTCGAACGAGGTCAC-1_V12D07-075_C1,6
TCTCGAGGAGGTTCGC-1_V12D07-075_C1,15
TCTCGGCTCCAGGACT-1_V12D07-075_C1,6
TCTCTAATAGCTGGTA-1_V12D07-075_C1,6
TCTCTCGCCGCACATA-1_V12D07-075_C1,15
TCTGAACCGGTCGGCT-1_V12D07-075_C1,13
TCTGAACTCGTACCCG-1_V12D07-075_C1,15
TCTGAAGCACGTGGTC-1_V12D07-075_C1,14
TCTGAATTCCGTACAA-1_V12D07-075_C1,2
TCTGACGGGCTAACCC-1_V12D07-075_C1,6
TCTGACTGTAATGGTT-1_V12D07-075_C1,13
TCTGAGCAATTGACTG-1_V12D07-075_C1,15
TCTGATCGGGTGCTAG-1_V12D07-075_C1,6
TCTGATGTATTCTGTC-1_V12D07-075_C1,13
TCTGATTGGAAATGGA-1_V12D07-075_C1,6
TCTGCAGATTCGAGTC-1_V12D07-075_C1,13
TCTGCATACCTTGCTT-1_V12D07-075_C1,15
TCTGCCAGAAACTGCA-1_V12D07-075_C1,13
TCTGCGTCCGGTTTCT-1_V12D07-075_C1,1
TCTGCTTAGAACAAGC-1_V12D07-075_C1,6
TCTGGAGCGTAAGAGT-1_V12D07-075_C1,6
TCTGGCCGTTCAAGTT-1_V12D07-075_C1,6
TCTGGCGCAAGCCGGG-1_V12D07-075_C1,4
TCTGGGAACCTTTGAA-1_V12D07-075_C1,15
TCTGGGTAGCGCTCAT-1_V12D07-075_C1,13
TCTGTCATACAAGAGC-1_V12D07-075_C1,6
TCTGTGATGGAGGTTG-1_V12D07-075_C1,6
TCTGTGCCATCATAGT-1_V12D07-075_C1,15
TCTGTTACCCAGCATA-1_V12D07-075_C1,2
TCTTAACTCGGATGTA-1_V12D07-075_C1,12
TCTTACAGAGGTACCG-1_V12D07-075_C1,6
TCTTACCGGAACTCGT-1_V12D07-075_C1,6
TCTTACGGCATCCGAC-1_V12D07-075_C1,13
TCTTACTTATGCCTCT-1_V12D07-075_C1,15
TCTTAGAGCTCCAATT-1_V12D07-075_C1,14
TCTTAGAGTGAACTCT-1_V12D07-075_C1,15
TCTTCCCATGGGCACA-1_V12D07-075_C1,2
TCTTCGAATAGACGTT-1_V12D07-075_C1,13
TCTTCGATACCAATAA-1_V12D07-075_C1,13
TCTTCGCGGTGAGAGG-1_V12D07-075_C1,15
TCTTCTATAACCCGCC-1_V12D07-075_C1,2
TCTTGATGCGTAGCGA-1_V12D07-075_C1,13
TCTTGCTCCCGATACT-1_V12D07-075_C1,12
TCTTGGTAACACCAAA-1_V12D07-075_C1,13
TCTTTAAGACTATGAA-1_V12D07-075_C1,2
TCTTTAGAGTCTAACA-1_V12D07-075_C1,2
TCTTTAGCAGGCGAAC-1_V12D07-075_C1,6
TCTTTCCTTCGAGATA-1_V12D07-075_C1,15
TGAAACTTATGCAAGC-1_V12D07-075_C1,6
TGAAAGGACCTGACTC-1_V12D07-075_C1,15
TGAACTGCTATGACTT-1_V12D07-075_C1,2
TGAAGAGCGGTCCTAG-1_V12D07-075_C1,13
TGAAGTAGCTTACGGA-1_V12D07-075_C1,12
TGAATACCGACGCGTA-1_V12D07-075_C1,12
TGAATATGCTATAAAC-1_V12D07-075_C1,6
TGAATGAGTGTTTCCC-1_V12D07-075_C1,13
TGAATGTCAGCCGGCC-1_V12D07-075_C1,2
TGACAACGCATGTCGC-1_V12D07-075_C1,6
TGACACTTCTCTTTGC-1_V12D07-075_C1,6
TGACATATATGACGAT-1_V12D07-075_C1,15
TGACATCGAGCGGACC-1_V12D07-075_C1,2
TGACATGTAACGTGAC-1_V12D07-075_C1,15
TGACCAAATCTTAAAC-1_V12D07-075_C1,12
TGACCAGCTTCAAAGT-1_V12D07-075_C1,6
TGACCCACGTTAGACA-1_V12D07-075_C1,13
TGACGATGCACTAGAA-1_V12D07-075_C1,2
TGACTATAATCCTTTC-1_V12D07-075_C1,13
TGACTCTAACTGGTAA-1_V12D07-075_C1,15
TGAGAATGCTTTACCG-1_V12D07-075_C1,6
TGAGACGTACCTCTCA-1_V12D07-075_C1,15
TGAGAGATTTACCACG-1_V12D07-075_C1,15
TGAGATCAAATACTCA-1_V12D07-075_C1,6
TGAGATTAGGCCCTAA-1_V12D07-075_C1,6
TGAGCAGTCGTGAAGT-1_V12D07-075_C1,11
TGAGCCATACAGTCTC-1_V12D07-075_C1,13
TGAGCGGAAAGTGTTC-1_V12D07-075_C1,13
TGAGCTCAACTGTATA-1_V12D07-075_C1,2
TGAGCTTTAATGACGC-1_V12D07-075_C1,6
TGAGGAGTGCCAGCTT-1_V12D07-075_C1,13
TGAGGTGTGTGGCGGA-1_V12D07-075_C1,13
TGAGTAAATTAGCGTA-1_V12D07-075_C1,12
TGAGTGCCTCTTAAAT-1_V12D07-075_C1,2
TGAGTGGTCCGTGACG-1_V12D07-075_C1,2
TGAGTTAAAGACATTC-1_V12D07-075_C1,2
TGATACATTTAGCCGT-1_V12D07-075_C1,2
TGATAGCGGGATTCTA-1_V12D07-075_C1,1
TGATCACCACACTGAC-1_V12D07-075_C1,13
TGATCCCAGCATTAGT-1_V12D07-075_C1,6
TGATCGGTTTGACCCT-1_V12D07-075_C1,13
TGATCTACGCTGATCT-1_V12D07-075_C1,6
TGATCTATCACACTCT-1_V12D07-075_C1,2
TGATCTCCGGCGCCAG-1_V12D07-075_C1,13
TGATGGCTGTTTCTGA-1_V12D07-075_C1,6
TGATGTCAATTAAGTG-1_V12D07-075_C1,15
TGATTATGGCACGCAG-1_V12D07-075_C1,3
TGATTCCCGGTTACCT-1_V12D07-075_C1,13
TGATTCGTCTATCACT-1_V12D07-075_C1,13
TGATTCTGTCGCCGGT-1_V12D07-075_C1,2
TGATTTATTAGCTGTG-1_V12D07-075_C1,13
TGATTTCCTCCTGACG-1_V12D07-075_C1,11
TGCAAAGTTCGTCTGT-1_V12D07-075_C1,13
TGCAACCCATCTGCGG-1_V12D07-075_C1,12
TGCAACTACTGGTTGA-1_V12D07-075_C1,15
TGCAAGAATGACGTAA-1_V12D07-075_C1,13
TGCAATCTAACACGGT-1_V12D07-075_C1,15
TGCAATTTGGGCACGG-1_V12D07-075_C1,6
TGCACAGTGAAGTTAT-1_V12D07-075_C1,6
TGCACGAGTCGGCAGC-1_V12D07-075_C1,6
TGCACTATGTGAGTGC-1_V12D07-075_C1,13
TGCAGAGTACCGAGCA-1_V12D07-075_C1,13
TGCAGGATCGGCAAAG-1_V12D07-075_C1,13
TGCAGTGAGGCTCGGG-1_V12D07-075_C1,6
TGCAGTTTCCTCCCAT-1_V12D07-075_C1,15
TGCATATGTCTGTCAC-1_V12D07-075_C1,15
TGCATGGATCGGATCT-1_V12D07-075_C1,6
TGCATGTGGTAATCTA-1_V12D07-075_C1,2
TGCCAATGGGTACTCT-1_V12D07-075_C1,13
TGCCACCTGGCGAAAC-1_V12D07-075_C1,6
TGCCAGTACGTGGAGA-1_V12D07-075_C1,13
TGCCATTACTAAAGAA-1_V12D07-075_C1,6
TGCCCGTACCGTTAAA-1_V12D07-075_C1,15
TGCCGAAAGCGTATTC-1_V12D07-075_C1,4
TGCCGTGGATCGTCCT-1_V12D07-075_C1,13
TGCCTAAATTTAATAG-1_V12D07-075_C1,6
TGCCTAATTGAAGATT-1_V12D07-075_C1,15
TGCCTGACATCGGTCA-1_V12D07-075_C1,13
TGCCTGATCAAACGAT-1_V12D07-075_C1,13
TGCCTTGGCCAGGCAA-1_V12D07-075_C1,13
TGCGACACCCTAGTGC-1_V12D07-075_C1,2
TGCGAGAATATTACCC-1_V12D07-075_C1,2
TGCGAGATGGCGGCCA-1_V12D07-075_C1,6
TGCGAGCCCTTCCGCG-1_V12D07-075_C1,6
TGCGCAAAGCATTTGG-1_V12D07-075_C1,13
TGCGCCGTTAATAACG-1_V12D07-075_C1,6
TGCGCGATTAACGGAG-1_V12D07-075_C1,13
TGCGGACTTGACTCCG-1_V12D07-075_C1,15
TGCGGAGTAAAGGTGC-1_V12D07-075_C1,13
TGCGGCATAGTTCAAC-1_V12D07-075_C1,6
TGCGGTGAAATTTCAT-1_V12D07-075_C1,6
TGCGTAAGAACCTGAT-1_V12D07-075_C1,13
TGCGTACGGCTAATTG-1_V12D07-075_C1,15
TGCGTGATTGGGTGTC-1_V12D07-075_C1,13
TGCGTTTGTTGACACT-1_V12D07-075_C1,13
TGCTAAGTGTCTATTT-1_V12D07-075_C1,13
TGCTATACAAACGGAC-1_V12D07-075_C1,6
TGCTCCACAGTTCTTA-1_V12D07-075_C1,15
TGCTCGGCGAAACCCA-1_V12D07-075_C1,13
TGCTCGGTGGGTCACC-1_V12D07-075_C1,15
TGCTCTTGAGAGTTTG-1_V12D07-075_C1,15
TGCTGGTTGGACAATT-1_V12D07-075_C1,13
TGCTGTTGAAGAACTC-1_V12D07-075_C1,13
TGCTTCCCAAGCAGTA-1_V12D07-075_C1,13
TGCTTGAAACCATGCA-1_V12D07-075_C1,3
TGGAACCACTGACACA-1_V12D07-075_C1,6
TGGAAGAAGGGAACGT-1_V12D07-075_C1,13
TGGAAGACGAACACCA-1_V12D07-075_C1,6
TGGAAGGATAAAGATG-1_V12D07-075_C1,4
TGGAATATCCTTGACC-1_V12D07-075_C1,6
TGGAATTAGACGCTTT-1_V12D07-075_C1,14
TGGACACCGTTGCTTG-1_V12D07-075_C1,14
TGGACCAATCTAAGAT-1_V12D07-075_C1,12
TGGACCACGGCGTTGA-1_V12D07-075_C1,14
TGGACGTAGGCGAATC-1_V12D07-075_C1,13
TGGACTGTTCGCTCAA-1_V12D07-075_C1,2
TGGAGGGAAACACCTC-1_V12D07-075_C1,6
TGGAGTGATGCGATGA-1_V12D07-075_C1,13
TGGCAAACTAAATTAC-1_V12D07-075_C1,13
TGGCAACTCGCGCGCC-1_V12D07-075_C1,6
TGGCAAGCACAAGTCG-1_V12D07-075_C1,13
TGGCAATGGGACGGCG-1_V12D07-075_C1,15
TGGCACGAGCTCGAGT-1_V12D07-075_C1,6
TGGCAGATTACGATCA-1_V12D07-075_C1,13
TGGCAGCAGTAATAGT-1_V12D07-075_C1,13
TGGCCAAACTGAAGTA-1_V12D07-075_C1,13
TGGCCGTATATTGACC-1_V12D07-075_C1,13
TGGCGACTGCTCCAAA-1_V12D07-075_C1,2
TGGCGATCAAGTTATG-1_V12D07-075_C1,13
TGGCGGTGTGCGATTG-1_V12D07-075_C1,6
TGGCTACACTCTACCT-1_V12D07-075_C1,15
TGGCTATGTGACATAC-1_V12D07-075_C1,13
TGGCTTGTACAAGCTT-1_V12D07-075_C1,6
TGGCTTTGGGTAGACA-1_V12D07-075_C1,6
TGGGAAATGCCTTTCC-1_V12D07-075_C1,13
TGGGACCATTGGGAGT-1_V12D07-075_C1,15
TGGGATGCACTCATTC-1_V12D07-075_C1,6
TGGGCAATAGTTGGGT-1_V12D07-075_C1,2
TGGGCACAAACAGAAC-1_V12D07-075_C1,6
TGGGCACGTTCTATGG-1_V12D07-075_C1,6
TGGGCAGGCCACCGCA-1_V12D07-075_C1,15
TGGGCCACAAGAGCGC-1_V12D07-075_C1,6
TGGGCCCATACTAATT-1_V12D07-075_C1,15
TGGGCGATACAATAAG-1_V12D07-075_C1,15
TGGGTAAGGTTCCCGC-1_V12D07-075_C1,6
TGGGTGCACAAGCCAT-1_V12D07-075_C1,15
TGGGTGGGATGTCATT-1_V12D07-075_C1,6
TGGGTGTAATAGATTT-1_V12D07-075_C1,15
TGGGTTCCCGGACGGA-1_V12D07-075_C1,13
TGGTAAGCAGGATTGA-1_V12D07-075_C1,2
TGGTAGAATATATGGG-1_V12D07-075_C1,15
TGGTATCGCATCCCAA-1_V12D07-075_C1,6
TGGTATCGGTCTGTAT-1_V12D07-075_C1,6
TGGTCCCACGCTACGG-1_V12D07-075_C1,9
TGGTCGTGCAAGGCAA-1_V12D07-075_C1,2
TGGTCTAGCTTACATG-1_V12D07-075_C1,13
TGGTCTGTTGGGCGTA-1_V12D07-075_C1,13
TGGTGATCGTATTTGT-1_V12D07-075_C1,13
TGGTTAAGGGCGCTGG-1_V12D07-075_C1,11
TGGTTATGCTTGCGGT-1_V12D07-075_C1,14
TGGTTCAACGGGTAAT-1_V12D07-075_C1,13
TGGTTCGTAGCAAAGG-1_V12D07-075_C1,6
TGGTTGGAGGATCCTG-1_V12D07-075_C1,6
TGGTTTAAACGTGGGT-1_V12D07-075_C1,6
TGTAATGACCACAATA-1_V12D07-075_C1,13
TGTACCTACACGAGGG-1_V12D07-075_C1,12
TGTACGAACAAATCCG-1_V12D07-075_C1,13
TGTACTACTCTCACGG-1_V12D07-075_C1,6
TGTACTGTGCCAAAGT-1_V12D07-075_C1,6
TGTACTTCCGGGCATG-1_V12D07-075_C1,2
TGTAGCCATCCCATTC-1_V12D07-075_C1,15
TGTAGGAGAAATTTCC-1_V12D07-075_C1,15
TGTAGTGATCTATAAT-1_V12D07-075_C1,13
TGTATAACAGATCCTG-1_V12D07-075_C1,13
TGTATACGGATGATGA-1_V12D07-075_C1,6
TGTATCAGACTGAAGC-1_V12D07-075_C1,6
TGTATCCTTATTCCAT-1_V12D07-075_C1,6
TGTATGGCGCAGACAG-1_V12D07-075_C1,15
TGTATTTACCTAATGC-1_V12D07-075_C1,6
TGTCATTTGTTGGGAA-1_V12D07-075_C1,6
TGTCCACGGCTCAACT-1_V12D07-075_C1,15
TGTCCCGACATAGCAC-1_V12D07-075_C1,6
TGTCCGTGGCGCCTTT-1_V12D07-075_C1,13
TGTCGGCATGGTGGAA-1_V12D07-075_C1,6
TGTCTACAGTTTCTGT-1_V12D07-075_C1,6
TGTGACTACGCCAGTC-1_V12D07-075_C1,6
TGTGACTAGAGTTTGC-1_V12D07-075_C1,15
TGTGAGACTAGCCCAA-1_V12D07-075_C1,13
TGTGCCGGTGCCGGAA-1_V12D07-075_C1,15
TGTGCTTTACGTAAGA-1_V12D07-075_C1,13
TGTGGCAAAGCGTATG-1_V12D07-075_C1,2
TGTGGCGGGCTTCTGG-1_V12D07-075_C1,4
TGTGGCTCCCACCAAC-1_V12D07-075_C1,6
TGTGGTAGGGTGCCTT-1_V12D07-075_C1,6
TGTGGTTGCTAAAGCT-1_V12D07-075_C1,15
TGTGTAGTAGCACGTG-1_V12D07-075_C1,15
TGTGTCGCGAGTTGCA-1_V12D07-075_C1,13
TGTGTTCGTATCCAAG-1_V12D07-075_C1,13
TGTTATTGTATGTGGC-1_V12D07-075_C1,15
TGTTCCGCTTCCATGA-1_V12D07-075_C1,13
TGTTCCGGCCTGAGCT-1_V12D07-075_C1,2
TGTTCGTATTGCGGTG-1_V12D07-075_C1,13
TGTTCTCATACTATAG-1_V12D07-075_C1,9
TGTTCTTCCATTGACT-1_V12D07-075_C1,13
TGTTGCCGTCGTCCCA-1_V12D07-075_C1,6
TGTTGTCAAGAAGTCT-1_V12D07-075_C1,6
TGTTTCGGTACTTCTC-1_V12D07-075_C1,6
TGTTTGAGATCGTCAG-1_V12D07-075_C1,13
TTAAACAGAGTCCCGC-1_V12D07-075_C1,6
TTAAACCGGTAGCGAC-1_V12D07-075_C1,6
TTAAACCTGGTTCCTT-1_V12D07-075_C1,14
TTAAACTCGAATTCAT-1_V12D07-075_C1,2
TTAACCAACCCTCCCT-1_V12D07-075_C1,6
TTAACGAACAAGCAGT-1_V12D07-075_C1,6
TTAACGTCGCAAGACC-1_V12D07-075_C1,6
TTAACGTTAAAGCCTG-1_V12D07-075_C1,15
TTAACTCACGCGTGGA-1_V12D07-075_C1,13
TTAACTGATCGTTTGG-1_V12D07-075_C1,9
TTAAGACGAACGAACC-1_V12D07-075_C1,6
TTAAGATAGGATTGAC-1_V12D07-075_C1,15
TTAAGCCGACAACTTC-1_V12D07-075_C1,6
TTAAGCGCCTGACCCA-1_V12D07-075_C1,13
TTAAGGATACGGAGGT-1_V12D07-075_C1,1
TTAAGTATTGTTATCC-1_V12D07-075_C1,12
TTAATCAGTACGTCAG-1_V12D07-075_C1,6
TTAATGTAGACCAGGT-1_V12D07-075_C1,13
TTAATGTGTTTGCAGG-1_V12D07-075_C1,12
TTAATTGCTTTGGGTG-1_V12D07-075_C1,15
TTAATTTCAGACGCGG-1_V12D07-075_C1,6
TTACAACTACGCATCC-1_V12D07-075_C1,6
TTACACGATCTGCGAC-1_V12D07-075_C1,15
TTACAGACCTAAATGA-1_V12D07-075_C1,2
TTACATCGTGGCCTGG-1_V12D07-075_C1,13
TTACATGCCACAACTA-1_V12D07-075_C1,2
TTACCATTGATTACCC-1_V12D07-075_C1,13
TTACCCATTGCCGGGT-1_V12D07-075_C1,6
TTACCCTAACAGTCCT-1_V12D07-075_C1,13
TTACCCTAGGGATTGG-1_V12D07-075_C1,13
TTACGGATGGTTCGAG-1_V12D07-075_C1,2
TTACGGTGTCACCGAG-1_V12D07-075_C1,6
TTACGTATCTATGACA-1_V12D07-075_C1,15
TTACTAAAGGACTTTA-1_V12D07-075_C1,13
TTACTCCGGCCGGGAA-1_V12D07-075_C1,15
TTACTCTGGTACGTAC-1_V12D07-075_C1,2
TTACTGGGATATTTCA-1_V12D07-075_C1,13
TTACTGTCTAGAGCTC-1_V12D07-075_C1,6
TTAGAAGAACATGACT-1_V12D07-075_C1,13
TTAGAATAAGGGTCGG-1_V12D07-075_C1,2
TTAGACACGATCGTTG-1_V12D07-075_C1,6
TTAGACGAGTCACCTC-1_V12D07-075_C1,13
TTAGAGTTTAGAAGGA-1_V12D07-075_C1,15
TTAGCTAATACGATCT-1_V12D07-075_C1,6
TTAGCTCTGTAATCCG-1_V12D07-075_C1,14
TTAGCTGATTTGCCGT-1_V12D07-075_C1,15
TTAGGATGGGAGGGTA-1_V12D07-075_C1,6
TTAGTAAACCTGCTCT-1_V12D07-075_C1,15
TTAGTAGGGCGGCGGG-1_V12D07-075_C1,13
TTAGTTATTCGTGGCA-1_V12D07-075_C1,15
TTAGTTCAAGTGTTCG-1_V12D07-075_C1,6
TTATAGATGCACATTA-1_V12D07-075_C1,6
TTATAGGTAATTGTCT-1_V12D07-075_C1,13
TTATAGTCCAAGGTGC-1_V12D07-075_C1,11
TTATATACGCTGTCAC-1_V12D07-075_C1,2
TTATATTTGGCAATCC-1_V12D07-075_C1,13
TTATCCAATCGAACTC-1_V12D07-075_C1,13
TTATCCGGGATCTATA-1_V12D07-075_C1,13
TTATCTGTATCATAAC-1_V12D07-075_C1,6
TTATGAATGAAAGGGA-1_V12D07-075_C1,13
TTATGACAAACTGGAT-1_V12D07-075_C1,13
TTATGATCTTAACGAA-1_V12D07-075_C1,15
TTATGCGTCCCGGTCC-1_V12D07-075_C1,6
TTATTAGAGCGTGTTC-1_V12D07-075_C1,13
TTATTTAGGTTCCTTA-1_V12D07-075_C1,15
TTCAAAGTCTCTAGCC-1_V12D07-075_C1,15
TTCAACGACCCGACCG-1_V12D07-075_C1,13
TTCAAGCCGAGCTGAG-1_V12D07-075_C1,6
TTCAATACTCTGAATC-1_V12D07-075_C1,15
TTCACGAAAGGATCAC-1_V12D07-075_C1,13
TTCACTCGAGCACCTA-1_V12D07-075_C1,13
TTCACTTCCTAGAACG-1_V12D07-075_C1,13
TTCAGAGTAACCTGAC-1_V12D07-075_C1,4
TTCAGCCCTGGTCCAC-1_V12D07-075_C1,15
TTCAGCTGGCGTGCCC-1_V12D07-075_C1,15
TTCAGTTTGTGGCAGC-1_V12D07-075_C1,13
TTCATAGCCTTGTAAC-1_V12D07-075_C1,13
TTCATAGGGTGTCCAT-1_V12D07-075_C1,12
TTCATGGCGCAACAGG-1_V12D07-075_C1,6
TTCCAATCAGAGCTAG-1_V12D07-075_C1,2
TTCCAATCTGGCTATC-1_V12D07-075_C1,2
TTCCACACAGATTTGA-1_V12D07-075_C1,2
TTCCAGACGAGATTTA-1_V12D07-075_C1,6
TTCCATCATGCGGTGA-1_V12D07-075_C1,6
TTCCATCGACAGCGTG-1_V12D07-075_C1,15
TTCCGCAGAGAAATAT-1_V12D07-075_C1,6
TTCCGCGTGAGGCGAT-1_V12D07-075_C1,15
TTCCGGCCTTGAGGCT-1_V12D07-075_C1,2
TTCCGGCTCGACTTCT-1_V12D07-075_C1,6
TTCCGGTATCTGTGTC-1_V12D07-075_C1,6
TTCCGGTTACCCACTT-1_V12D07-075_C1,15
TTCCTCGAGGGTGTCT-1_V12D07-075_C1,13
TTCGACAGAGCCCGTG-1_V12D07-075_C1,13
TTCGACGGGAAGGGCG-1_V12D07-075_C1,13
TTCGCACTCGCGTGCT-1_V12D07-075_C1,13
TTCGCACTGTACGACA-1_V12D07-075_C1,13
TTCGCATCCGGAAGCA-1_V12D07-075_C1,13
TTCGCGCGCCATACGA-1_V12D07-075_C1,2
TTCGCTAGGAAGTTGT-1_V12D07-075_C1,6
TTCGCTATCTGACGTG-1_V12D07-075_C1,6
TTCGGACTGATGCCTT-1_V12D07-075_C1,6
TTCGGCAACCCGCTGA-1_V12D07-075_C1,6
TTCGGGACTAATCGCG-1_V12D07-075_C1,13
TTCGGGTTGCCACGGG-1_V12D07-075_C1,15
TTCGGTACTGTAGAGG-1_V12D07-075_C1,12
TTCGGTGGAGACGCCC-1_V12D07-075_C1,6
TTCGTAATCCCAGCGG-1_V12D07-075_C1,6
TTCGTTCAACGAAGTT-1_V12D07-075_C1,6
TTCTAACCGAAGCTTA-1_V12D07-075_C1,2
TTCTACCTTTATGTTG-1_V12D07-075_C1,6
TTCTACTTGCGAGGGC-1_V12D07-075_C1,13
TTCTAGAAAGTCTTAT-1_V12D07-075_C1,2
TTCTAGGCCAATTGTG-1_V12D07-075_C1,13
TTCTATGCCTTTCGCA-1_V12D07-075_C1,6
TTCTATTAAACGCAGC-1_V12D07-075_C1,12
TTCTGCCGCGCCTAGA-1_V12D07-075_C1,13
TTCTGCGAGCGCCCTT-1_V12D07-075_C1,11
TTCTGCGGGTTAGCGG-1_V12D07-075_C1,13
TTCTGCTAGACTCCAA-1_V12D07-075_C1,13
TTCTGTTTCCTGTCGC-1_V12D07-075_C1,13
TTCTTAGTGAACGGTG-1_V12D07-075_C1,12
TTCTTAGTGGCTCAGA-1_V12D07-075_C1,6
TTCTTATCCGCTGGGT-1_V12D07-075_C1,15
TTCTTGAGCCGCGCTA-1_V12D07-075_C1,2
TTCTTGGAGTAATGAG-1_V12D07-075_C1,6
TTCTTGTAACCTAATG-1_V12D07-075_C1,13
TTCTTGTGTCCATCAG-1_V12D07-075_C1,13
TTCTTTGGTCGCGACG-1_V12D07-075_C1,6
TTGAAACCCTCATTCC-1_V12D07-075_C1,2
TTGAAAGGTGTAAAGG-1_V12D07-075_C1,6
TTGAACGACGTGCTGA-1_V12D07-075_C1,13
TTGAAGAATTCCCAGG-1_V12D07-075_C1,13
TTGAATATGGACTTTC-1_V12D07-075_C1,15
TTGAATTCACGTGAGG-1_V12D07-075_C1,15
TTGACAGGAGCTCCCG-1_V12D07-075_C1,15
TTGACATGAACGTGGA-1_V12D07-075_C1,2
TTGACCAGGAACAACT-1_V12D07-075_C1,12
TTGACCATGTTCTCCG-1_V12D07-075_C1,6
TTGACCGTGTTAATGA-1_V12D07-075_C1,2
TTGACGCTCCATGAGC-1_V12D07-075_C1,15
TTGACTACCATATGGT-1_V12D07-075_C1,13
TTGACTATTGTCCGGC-1_V12D07-075_C1,15
TTGAGAAGTTTAGCAT-1_V12D07-075_C1,13
TTGAGAGTACTGCTAA-1_V12D07-075_C1,2
TTGAGCAGCCCACGGT-1_V12D07-075_C1,6
TTGAGCGCCACGTGAT-1_V12D07-075_C1,6
TTGAGGCATTTAACTC-1_V12D07-075_C1,6
TTGAGTCCCGCTGCTG-1_V12D07-075_C1,6
TTGATAGTCAATACAT-1_V12D07-075_C1,6
TTGATCTAACTTTGTC-1_V12D07-075_C1,4
TTGATGTGTAGTCCCG-1_V12D07-075_C1,6
TTGATTAGCTGTTTCT-1_V12D07-075_C1,2
TTGATTATGCAGATGA-1_V12D07-075_C1,13
TTGCAAGAAGACTCCT-1_V12D07-075_C1,2
TTGCACAATTCAGAAA-1_V12D07-075_C1,13
TTGCACGGAGCAGCAC-1_V12D07-075_C1,6
TTGCATGCTGATCACG-1_V12D07-075_C1,13
TTGCCAAGCAGAACCC-1_V12D07-075_C1,6
TTGCCCTGATCACGGG-1_V12D07-075_C1,13
TTGCCGCTTTCTAGTA-1_V12D07-075_C1,15
TTGCCGGTGATCCCTC-1_V12D07-075_C1,6
TTGCCTTCTCGCCGGG-1_V12D07-075_C1,15
TTGCGCTCTCTCGCTT-1_V12D07-075_C1,13
TTGCGCTTGATCAATA-1_V12D07-075_C1,15
TTGCGGCATCAGAAAG-1_V12D07-075_C1,2
TTGCGTCGGCCAACCG-1_V12D07-075_C1,2
TTGCGTGAACGCTTAG-1_V12D07-075_C1,6
TTGCGTGTGTAGGCAT-1_V12D07-075_C1,15
TTGCTCCCATACCGGA-1_V12D07-075_C1,4
TTGCTGAAGGAACCAC-1_V12D07-075_C1,6
TTGCTGATCATGTTCG-1_V12D07-075_C1,13
TTGCTGGCCGGGCTTC-1_V12D07-075_C1,6
TTGGACATGTGGCTTA-1_V12D07-075_C1,2
TTGGACCATCTGGCAA-1_V12D07-075_C1,15
TTGGACCTATAACAGT-1_V12D07-075_C1,13
TTGGAGTCTCCCTTCT-1_V12D07-075_C1,6
TTGGATATCGTCTACG-1_V12D07-075_C1,13
TTGGATCGACTTCTGG-1_V12D07-075_C1,6
TTGGATTGGGTACCAC-1_V12D07-075_C1,6
TTGGCCTAGAATTTCG-1_V12D07-075_C1,6
TTGGCGATCCGAATAT-1_V12D07-075_C1,6
TTGGCTCAATATGTGT-1_V12D07-075_C1,15
TTGGCTCGCATGAGAC-1_V12D07-075_C1,13
TTGGGAAGACGAGCCG-1_V12D07-075_C1,15
TTGGGACACTGCCCGC-1_V12D07-075_C1,13
TTGGGACGTAAGAGTT-1_V12D07-075_C1,15
TTGGGCGGCGGTTGCC-1_V12D07-075_C1,13
TTGGTATGGCTTGTGT-1_V12D07-075_C1,6
TTGGTCACACTCGTAA-1_V12D07-075_C1,2
TTGGTTCGCTCAAAGG-1_V12D07-075_C1,6
TTGTAAGGACCTAAGT-1_V12D07-075_C1,2
TTGTAAGGCCAGTTGG-1_V12D07-075_C1,2
TTGTAATCCGTACTCG-1_V12D07-075_C1,13
TTGTATCACACAGAAT-1_V12D07-075_C1,6
TTGTCGTTCAGTTACC-1_V12D07-075_C1,6
TTGTGAACCTAATCCG-1_V12D07-075_C1,15
TTGTGATCTGTTCAGT-1_V12D07-075_C1,15
TTGTGCAGCCACGTCA-1_V12D07-075_C1,9
TTGTGGCCCTGACAGT-1_V12D07-075_C1,6
TTGTGGTGGTACTAAG-1_V12D07-075_C1,15
TTGTGTATGCCACCAA-1_V12D07-075_C1,4
TTGTGTTTCCCGAAAG-1_V12D07-075_C1,13
TTGTTAGCAAATTCGA-1_V12D07-075_C1,4
TTGTTCAGTGTGCTAC-1_V12D07-075_C1,13
TTGTTCTAGATACGCT-1_V12D07-075_C1,13
TTGTTGTGTGTCAAGA-1_V12D07-075_C1,13
TTGTTTCACATCCAGG-1_V12D07-075_C1,2
TTGTTTCCATACAACT-1_V12D07-075_C1,2
TTGTTTGTGTAAATTC-1_V12D07-075_C1,6
AAACAAGTATCTCCCA-1_V13B23-285_A1,1
AAACAATCTACTAGCA-1_V13B23-285_A1,14
AAACACCAATAACTGC-1_V13B23-285_A1,11
AAACAGAGCGACTCCT-1_V13B23-285_A1,13
AAACAGCTTTCAGAAG-1_V13B23-285_A1,11
AAACAGGGTCTATATT-1_V13B23-285_A1,11
AAACATTTCCCGGATT-1_V13B23-285_A1,8
AAACCCGAACGAAATC-1_V13B23-285_A1,4
AAACCGGGTAGGTACC-1_V13B23-285_A1,11
AAACCGTTCGTCCAGG-1_V13B23-285_A1,11
AAACCTAAGCAGCCGG-1_V13B23-285_A1,7
AAACCTCATGAAGTTG-1_V13B23-285_A1,11
AAACGAAGAACATACC-1_V13B23-285_A1,9
AAACGAAGATGGAGTA-1_V13B23-285_A1,11
AAACGAGACGGTTGAT-1_V13B23-285_A1,11
AAACGGGCGTACGGGT-1_V13B23-285_A1,5
AAACGGGTTGGTATCC-1_V13B23-285_A1,2
AAACGGTTGCGAACTG-1_V13B23-285_A1,1
AAACTCGGTTCGCAAT-1_V13B23-285_A1,1
AAACTCGTGATATAAG-1_V13B23-285_A1,13
AAACTGCTGGCTCCAA-1_V13B23-285_A1,11
AAACTTGCAAACGTAT-1_V13B23-285_A1,11
AAAGAATGTGGACTAA-1_V13B23-285_A1,3
AAAGACCCAAGTCGCG-1_V13B23-285_A1,8
AAAGACTGGGCGCTTT-1_V13B23-285_A1,11
AAAGCTTGCCTACATA-1_V13B23-285_A1,5
AAAGGCTACGGACCAT-1_V13B23-285_A1,1
AAAGGCTCTCGCGCCG-1_V13B23-285_A1,11
AAAGGGATGTAGCAAG-1_V13B23-285_A1,11
AAAGGGCAGCTTGAAT-1_V13B23-285_A1,11
AAAGTAGCATTGCTCA-1_V13B23-285_A1,11
AAAGTCACTGATGTAA-1_V13B23-285_A1,14
AAAGTCGACCCTCAGT-1_V13B23-285_A1,11
AAAGTGTGATTTATCT-1_V13B23-285_A1,7
AAAGTTGACTCCCGTA-1_V13B23-285_A1,3
AAATAACCATACGGGA-1_V13B23-285_A1,13
AAATAAGGTAGTGCCC-1_V13B23-285_A1,5
AAATACCTATAAGCAT-1_V13B23-285_A1,11
AAATAGCTTAGACTTT-1_V13B23-285_A1,10
AAATAGGGTGCTATTG-1_V13B23-285_A1,7
AAATCCGATACACGCC-1_V13B23-285_A1,8
AAATCGCGGAAGGAGT-1_V13B23-285_A1,11
AAATCGTGTACCACAA-1_V13B23-285_A1,11
AAATCTAGCCCTGCTA-1_V13B23-285_A1,1
AAATGATTCGATCAGC-1_V13B23-285_A1,13
AAATGCTCGTTACGTT-1_V13B23-285_A1,14
AAATGGCATGTCTTGT-1_V13B23-285_A1,14
AAATGGCCCGTGCCCT-1_V13B23-285_A1,11
AAATGGTCAATGTGCC-1_V13B23-285_A1,12
AAATGTATCTTATCCC-1_V13B23-285_A1,11
AAATGTGGGTGCTCCT-1_V13B23-285_A1,9
AAATTAACGGGTAGCT-1_V13B23-285_A1,11
AAATTAATAAGCGCGA-1_V13B23-285_A1,11
AAATTACACGACTCTG-1_V13B23-285_A1,13
AAATTACCTATCGATG-1_V13B23-285_A1,5
AAATTCCAGGTCCAAA-1_V13B23-285_A1,5
AAATTGATAGTCCTTT-1_V13B23-285_A1,11
AAATTGCGGCGGTTCT-1_V13B23-285_A1,14
AAATTTGCGGGTGTGG-1_V13B23-285_A1,11
AACAACTGGTAGTTGC-1_V13B23-285_A1,11
AACAATACATTGTCGA-1_V13B23-285_A1,11
AACAATTACTCTACGC-1_V13B23-285_A1,11
AACACACGCTCGCCGC-1_V13B23-285_A1,8
AACACGACTGTACTGA-1_V13B23-285_A1,2
AACACGAGACGCGGCC-1_V13B23-285_A1,11
AACACGCGGCCGCGAA-1_V13B23-285_A1,14
AACAGCTGTGTGGCAA-1_V13B23-285_A1,1
AACAGGAAATCGAATA-1_V13B23-285_A1,1
AACAGGATGGGCCGCG-1_V13B23-285_A1,11
AACAGGTAGTATGGAT-1_V13B23-285_A1,10
AACATATCAACTGGTG-1_V13B23-285_A1,1
AACATTGGTCAGCCGT-1_V13B23-285_A1,2
AACATTGTGACTCGAG-1_V13B23-285_A1,11
AACCAAGACTTCTCTG-1_V13B23-285_A1,11
AACCATGGGATCGCTA-1_V13B23-285_A1,14
AACCCAGAGACGGAGA-1_V13B23-285_A1,14
AACCCATCCCATGATC-1_V13B23-285_A1,5
AACCCGAGCAGAATCG-1_V13B23-285_A1,7
AACCCTACTGTCAATA-1_V13B23-285_A1,1
AACCCTGGTGGAACCA-1_V13B23-285_A1,6
AACCGAGCTTGGTCAT-1_V13B23-285_A1,11
AACCGCTAAGGGATGC-1_V13B23-285_A1,3
AACCGTTGTGTTTGCT-1_V13B23-285_A1,13
AACCTCGCTTTAGCCC-1_V13B23-285_A1,7
AACCTGTCACGGAATT-1_V13B23-285_A1,3
AACCTTTAAATACGGT-1_V13B23-285_A1,5
AACCTTTACGACGTCT-1_V13B23-285_A1,10
AACGAAAGTCGTCCCA-1_V13B23-285_A1,8
AACGATAATGCCGTAG-1_V13B23-285_A1,1
AACGATAGAAGGGCCG-1_V13B23-285_A1,14
AACGATATGTCAACTG-1_V13B23-285_A1,11
AACGCATGATCTGGGT-1_V13B23-285_A1,13
AACGCGAACGGCAACA-1_V13B23-285_A1,14
AACGCGACCTTGGGCG-1_V13B23-285_A1,11
AACGCGGTCTCCAGCC-1_V13B23-285_A1,11
AACGCTGTTGCTGAAA-1_V13B23-285_A1,1
AACGGACGTACGTATA-1_V13B23-285_A1,8
AACGGCCATCTCCGGT-1_V13B23-285_A1,11
AACGTACTGTGGGTAC-1_V13B23-285_A1,11
AACGTAGTCTACCCAT-1_V13B23-285_A1,14
AACGTCAGACTAGTGG-1_V13B23-285_A1,11
AACGTCGCTGCACTTC-1_V13B23-285_A1,12
AACGTGATGAAGGACA-1_V13B23-285_A1,9
AACGTGCGAAAGTCTC-1_V13B23-285_A1,11
AACGTTATCAGCACCT-1_V13B23-285_A1,11
AACTACCCGTTTGTCA-1_V13B23-285_A1,5
AACTAGCGTATCGCAC-1_V13B23-285_A1,13
AACTAGGCTTGGGTGT-1_V13B23-285_A1,11
AACTCAAGTTAATTGC-1_V13B23-285_A1,11
AACTCCAGAGCGTGTT-1_V13B23-285_A1,10
AACTCCTAATCCCATG-1_V13B23-285_A1,9
AACTCGATAAACACGT-1_V13B23-285_A1,12
AACTCGATGGCGCAGT-1_V13B23-285_A1,14
AACTCTCAATAGAGCG-1_V13B23-285_A1,3
AACTCTCAGTGTGCTC-1_V13B23-285_A1,11
AACTGATATTAGGCCT-1_V13B23-285_A1,1
AACTGGGTCCCGACGT-1_V13B23-285_A1,11
AACTGGTGTGGGCCTT-1_V13B23-285_A1,1
AACTTCTGCGTCTATC-1_V13B23-285_A1,4
AACTTGCCCGTATGCA-1_V13B23-285_A1,11
AACTTGCGTTCTCGCG-1_V13B23-285_A1,14
AACTTTACGGGAGCTT-1_V13B23-285_A1,11
AACTTTAGCTGCTGAG-1_V13B23-285_A1,1
AAGAAGGATCAGTTAG-1_V13B23-285_A1,14
AAGACATACGTGGTTT-1_V13B23-285_A1,8
AAGACCCAACTGAACA-1_V13B23-285_A1,1
AAGACTAACCCGTTGT-1_V13B23-285_A1,3
AAGACTGCAAGCTACT-1_V13B23-285_A1,11
AAGAGATGAATCGGTA-1_V13B23-285_A1,11
AAGAGCTCTTTATCGG-1_V13B23-285_A1,11
AAGAGGATGTACGCGA-1_V13B23-285_A1,12
AAGAGGCATGGATCGC-1_V13B23-285_A1,11
AAGAGGCCCTTTGGAA-1_V13B23-285_A1,3
AAGATGGCACCGGACC-1_V13B23-285_A1,11
AAGATTGGCGGAACGT-1_V13B23-285_A1,11
AAGCACCCTGCGTATC-1_V13B23-285_A1,7
AAGCATACTCTCCTGA-1_V13B23-285_A1,5
AAGCCGAAGCGGTTTA-1_V13B23-285_A1,1
AAGCCGCCGTGAAATC-1_V13B23-285_A1,12
AAGCGCAGGGCTTTGA-1_V13B23-285_A1,8
AAGCGTCCCTCATCGA-1_V13B23-285_A1,1
AAGCTAGATCGAGTAA-1_V13B23-285_A1,11
AAGCTCGTGCCAAGTC-1_V13B23-285_A1,11
AAGCTCTTTCATGGTG-1_V13B23-285_A1,8
AAGGAGAACTTATAAG-1_V13B23-285_A1,4
AAGGAGCGGTTGGTGC-1_V13B23-285_A1,6
AAGGATCGATCGCTTG-1_V13B23-285_A1,1
AAGGATGAGGGACCTC-1_V13B23-285_A1,5
AAGGCAGGCTGTCTCC-1_V13B23-285_A1,5
AAGGCGCGTAAAGCTT-1_V13B23-285_A1,11
AAGGCTGTGCTCATCG-1_V13B23-285_A1,11
AAGGGAACGACTGGCT-1_V13B23-285_A1,1
AAGGGACAGATTCTGT-1_V13B23-285_A1,6
AAGGGACTATGCATTC-1_V13B23-285_A1,1
AAGGGTTTGATTTCAG-1_V13B23-285_A1,11
AAGGTATCCTAATATA-1_V13B23-285_A1,11
AAGGTGATAAACCAGC-1_V13B23-285_A1,10
AAGTAAGCTTCCAAAC-1_V13B23-285_A1,14
AAGTAGAAGACCGGGT-1_V13B23-285_A1,11
AAGTAGTGACGCGAGG-1_V13B23-285_A1,11
AAGTCAATTGTCGTCA-1_V13B23-285_A1,8
AAGTCTTCTGTGGCCT-1_V13B23-285_A1,11
AAGTGACGACCGAATT-1_V13B23-285_A1,11
AAGTGAGTCGGGTTTA-1_V13B23-285_A1,1
AAGTGCAAAGGTAGAC-1_V13B23-285_A1,11
AAGTGCCTTGACTGTA-1_V13B23-285_A1,1
AAGTGCGTTAGAATCT-1_V13B23-285_A1,11
AAGTGTTTGGAGACGG-1_V13B23-285_A1,1
AAGTTCACTCCAAGCT-1_V13B23-285_A1,10
AAGTTCAGTCTGCGTA-1_V13B23-285_A1,9
AAGTTCGGCCAACAGG-1_V13B23-285_A1,11
AAGTTGTGATGTTATA-1_V13B23-285_A1,1
AAGTTTACTAATGGCA-1_V13B23-285_A1,13
AAGTTTATGGGCCCAA-1_V13B23-285_A1,8
AATAACAACGCTCGGC-1_V13B23-285_A1,11
AATAACACTAGAACAA-1_V13B23-285_A1,11
AATAAGTCCTCGAGAC-1_V13B23-285_A1,9
AATAATCTTCGTATCG-1_V13B23-285_A1,7
AATACAATGTTTCAGG-1_V13B23-285_A1,11
AATAGAACAGAGTGGC-1_V13B23-285_A1,11
AATAGAATCTGTTTCA-1_V13B23-285_A1,5
AATAGCTACCGCGTGC-1_V13B23-285_A1,9
AATAGTCCGTCCCGAC-1_V13B23-285_A1,11
AATAGTCGCGAGTCGG-1_V13B23-285_A1,11
AATATCAAGGTCGGAT-1_V13B23-285_A1,14
AATATCCTAGCAAACT-1_V13B23-285_A1,11
AATATCGAATCAATGC-1_V13B23-285_A1,1
AATATCGAGGGTTCTC-1_V13B23-285_A1,7
AATATTGGAGTATTGA-1_V13B23-285_A1,11
AATCAGACTGCAGGAC-1_V13B23-285_A1,8
AATCATGTAAAGACTC-1_V13B23-285_A1,1
AATCCAAGGGCCTGAG-1_V13B23-285_A1,7
AATCCATGCAAGGGTG-1_V13B23-285_A1,14
AATCGCCTCAGCGCCA-1_V13B23-285_A1,11
AATCGCGCAGAGGACT-1_V13B23-285_A1,5
AATCGGGACACTACGA-1_V13B23-285_A1,14
AATCGGTATAGCCCTC-1_V13B23-285_A1,1
AATCGTGAGCCGAGCA-1_V13B23-285_A1,1
AATCTAGGTTTACTTG-1_V13B23-285_A1,11
AATCTATGCCGGAGCC-1_V13B23-285_A1,14
AATCTCTACTGTGGTT-1_V13B23-285_A1,11
AATCTGCGTTGGGACG-1_V13B23-285_A1,1
AATCTGGCTTTCTAGT-1_V13B23-285_A1,11
AATGACAGCAATGTCT-1_V13B23-285_A1,11
AATGACGTAGGATGTC-1_V13B23-285_A1,11
AATGACTGTCAGCCGG-1_V13B23-285_A1,11
AATGAGTTCGCATATG-1_V13B23-285_A1,14
AATGATGATACGCTAT-1_V13B23-285_A1,1
AATGATGCGACTCCTG-1_V13B23-285_A1,8
AATGCAACCGGGTACC-1_V13B23-285_A1,11
AATGCACCAAGCAATG-1_V13B23-285_A1,14
AATGGTCCACCGTTCA-1_V13B23-285_A1,11
AATGGTTCTCACAAGC-1_V13B23-285_A1,3
AATGTGCCCGAGGTGT-1_V13B23-285_A1,11
AATGTTGTCGTGAGAC-1_V13B23-285_A1,8
AATTAAAGGTCGGCGT-1_V13B23-285_A1,11
AATTAACGGATTTCCA-1_V13B23-285_A1,11
AATTACGAGACCCATC-1_V13B23-285_A1,11
AATTACTCGTACGCTC-1_V13B23-285_A1,14
AATTAGCGCTGCAGCG-1_V13B23-285_A1,11
AATTCATAAGGGATCT-1_V13B23-285_A1,1
AATTCCAAGCATGTAC-1_V13B23-285_A1,1
AATTCGATTCGAGGAT-1_V13B23-285_A1,3
AATTCTAGAGTTAGGC-1_V13B23-285_A1,12
AATTGAACGCTCTGGT-1_V13B23-285_A1,11
AATTGCAGCAATCGAC-1_V13B23-285_A1,10
AATTGTGGTTGCCAAA-1_V13B23-285_A1,10
AATTTGGGACATAGTA-1_V13B23-285_A1,13
AATTTGGTTCCAAAGA-1_V13B23-285_A1,2
ACAAAGAAGGTAGGCC-1_V13B23-285_A1,11
ACAAAGCATGACCTAG-1_V13B23-285_A1,1
ACAAATCGCACCGAAT-1_V13B23-285_A1,4
ACAAATGGTAGTGTTT-1_V13B23-285_A1,11
ACAACAGCATGAGCTA-1_V13B23-285_A1,12
ACAACGGTCCCTGCGA-1_V13B23-285_A1,11
ACAAGCAGTGCCTAGC-1_V13B23-285_A1,11
ACAAGCTATATGGAAG-1_V13B23-285_A1,11
ACAAGGAAATCCGCCC-1_V13B23-285_A1,5
ACAAGGACAAGAGGTT-1_V13B23-285_A1,11
ACAAGGATGCTTTAGG-1_V13B23-285_A1,2
ACAAGGGCAGGCTCTG-1_V13B23-285_A1,5
ACAATAGTCGTACGTT-1_V13B23-285_A1,11
ACAATCCATTTAAACC-1_V13B23-285_A1,11
ACAATGAATACGGAGA-1_V13B23-285_A1,11
ACAATTGTGTCTCTTT-1_V13B23-285_A1,8
ACAATTTAGGAGGCTC-1_V13B23-285_A1,11
ACAATTTGAGCAGTGG-1_V13B23-285_A1,11
ACAATTTGGCCATATT-1_V13B23-285_A1,5
ACACAAAGACGGGTGG-1_V13B23-285_A1,11
ACACACCAGGACCAGT-1_V13B23-285_A1,5
ACACACTTTCTACACG-1_V13B23-285_A1,8
ACACATGATCAAATCT-1_V13B23-285_A1,14
ACACATTGACGCAACA-1_V13B23-285_A1,2
ACACCACATAATTAGC-1_V13B23-285_A1,5
ACACCCAGCATGCAGC-1_V13B23-285_A1,11
ACACCCGAGAAATCCG-1_V13B23-285_A1,1
ACACCGAGCGCTCTTT-1_V13B23-285_A1,1
ACACCTTAAGTAGGGC-1_V13B23-285_A1,11
ACACCTTACTACTTGC-1_V13B23-285_A1,1
ACACGAGACTCCTTCT-1_V13B23-285_A1,11
ACACGGCACTATGCAT-1_V13B23-285_A1,9
ACACGGGAACTTAGGG-1_V13B23-285_A1,11
ACACGTAGGCCACAAG-1_V13B23-285_A1,8
ACACTCCAATGTCACT-1_V13B23-285_A1,14
ACACTGATCAAGGTGT-1_V13B23-285_A1,11
ACACTGGGACAGTCGT-1_V13B23-285_A1,8
ACAGAACTGAGAACAA-1_V13B23-285_A1,11
ACAGATTAGGTTAGTG-1_V13B23-285_A1,13
ACAGCATAGAGCCAGT-1_V13B23-285_A1,7
ACAGCGACATTCTCAT-1_V13B23-285_A1,1
ACAGCGCACCCGCAGC-1_V13B23-285_A1,9
ACAGGCACGGATCCTT-1_V13B23-285_A1,10
ACAGGCTTGCCCGACT-1_V13B23-285_A1,1
ACAGGTGGAGGTGAGG-1_V13B23-285_A1,6
ACAGGTGTGTTGTTGC-1_V13B23-285_A1,11
ACAGTAATACAACTTG-1_V13B23-285_A1,11
ACATAAGTCGTGGTGA-1_V13B23-285_A1,7
ACATAATAAGGCGGTG-1_V13B23-285_A1,11
ACATCAGCTGGGACGC-1_V13B23-285_A1,11
ACATCCCGGCCATACG-1_V13B23-285_A1,11
ACATCCTGGTAACTGT-1_V13B23-285_A1,1
ACATCGATCGTTTACC-1_V13B23-285_A1,11
ACATCGGTCAGCCGCG-1_V13B23-285_A1,11
ACATCGTATGCAATGG-1_V13B23-285_A1,11
ACATCGTTAACCTAGT-1_V13B23-285_A1,9
ACATGGCGCCAAAGTA-1_V13B23-285_A1,1
ACATGGCTCAATTTAG-1_V13B23-285_A1,14
ACATTAGTTTATATCC-1_V13B23-285_A1,11
ACCAACACCACACACT-1_V13B23-285_A1,9
ACCAACCGCACTCCAC-1_V13B23-285_A1,1
ACCAACGCTTATTTAT-1_V13B23-285_A1,11
ACCAAGAACGCGTGTC-1_V13B23-285_A1,1
ACCAAGTCATCGGCAG-1_V13B23-285_A1,7
ACCAATATGCAAGTTA-1_V13B23-285_A1,5
ACCACAAGTTTCTATC-1_V13B23-285_A1,11
ACCACCAATGTAACAA-1_V13B23-285_A1,1
ACCACCCTCTCTTCTA-1_V13B23-285_A1,13
ACCACGTGCAGCTATA-1_V13B23-285_A1,4
ACCACTGTTCAAGAAG-1_V13B23-285_A1,2
ACCAGACCATAACAAC-1_V13B23-285_A1,11
ACCAGGAGTGTGATCT-1_V13B23-285_A1,13
ACCAGTGCGGGAGACG-1_V13B23-285_A1,7
ACCATATCCGCAATAA-1_V13B23-285_A1,11
ACCATCCGCCAACTAG-1_V13B23-285_A1,11
ACCATCGTATATGGTA-1_V13B23-285_A1,6
ACCATTAAGGGTGTCA-1_V13B23-285_A1,7
ACCCAACGCCCGTGGC-1_V13B23-285_A1,11
ACCCACCTACATGCTC-1_V13B23-285_A1,11
ACCCATCTTGAGGGTA-1_V13B23-285_A1,11
ACCCATTTGTCCCTCT-1_V13B23-285_A1,3
ACCCGAGCGAAATTAC-1_V13B23-285_A1,11
ACCCGGAAACTCCCAG-1_V13B23-285_A1,11
ACCCGGATGACGCATC-1_V13B23-285_A1,1
ACCCGGTTACACTTCC-1_V13B23-285_A1,11
ACCCGTGTCATCAGTA-1_V13B23-285_A1,1
ACCCTATAGGACTGAG-1_V13B23-285_A1,14
ACCCTATGCCATATCG-1_V13B23-285_A1,11
ACCCTCCCGTCAGGGC-1_V13B23-285_A1,3
ACCCTCCCTTGCTATT-1_V13B23-285_A1,6
ACCCTGGTAACGCCCT-1_V13B23-285_A1,13
ACCCTTCATCTGCGAA-1_V13B23-285_A1,3
ACCGAAAGGGCCCTGC-1_V13B23-285_A1,4
ACCGAAGAGTCTGGTT-1_V13B23-285_A1,1
ACCGACACATCTCCCA-1_V13B23-285_A1,11
ACCGACTGAGTCCCAC-1_V13B23-285_A1,11
ACCGAGTCTCCTTATT-1_V13B23-285_A1,1
ACCGATAGGCATAACC-1_V13B23-285_A1,7
ACCGATATTTAATCAT-1_V13B23-285_A1,3
ACCGATGGTAGCATCG-1_V13B23-285_A1,11
ACCGCAATAACTGCCT-1_V13B23-285_A1,1
ACCGCGGTGGAAGTCG-1_V13B23-285_A1,1
ACCGGGCCTTTGTTGA-1_V13B23-285_A1,7
ACCGGTCAGGTACACC-1_V13B23-285_A1,6
ACCGTGACCACGTGGG-1_V13B23-285_A1,11
ACCGTTCCCGCTCTGA-1_V13B23-285_A1,9
ACCTAAGTACCTTTCA-1_V13B23-285_A1,11
ACCTAATCGACTTCCT-1_V13B23-285_A1,11
ACCTACAGTATGTGGT-1_V13B23-285_A1,5
ACCTACTATAAATCTA-1_V13B23-285_A1,1
ACCTCCGCCCTCGCTG-1_V13B23-285_A1,1
ACCTCCGTTATTCACC-1_V13B23-285_A1,5
ACCTGCGTGTCATGTT-1_V13B23-285_A1,11
ACGAAATGGGCGGCAC-1_V13B23-285_A1,11
ACGACTGGTCATACTC-1_V13B23-285_A1,8
ACGAGAACCCATCACG-1_V13B23-285_A1,14
ACGAGATATTTGCTTA-1_V13B23-285_A1,9
ACGAGGATACCACTCT-1_V13B23-285_A1,11
ACGAGGTTTACAACGT-1_V13B23-285_A1,8
ACGAGTACGGATGCCC-1_V13B23-285_A1,7
ACGATACATAGAACTA-1_V13B23-285_A1,11
ACGATACCTATCCTGA-1_V13B23-285_A1,11
ACGATCATACATAGAG-1_V13B23-285_A1,11
ACGATCATCTTGTAAA-1_V13B23-285_A1,1
ACGATGCATATGTTAT-1_V13B23-285_A1,11
ACGATGGATCCGATGC-1_V13B23-285_A1,12
ACGCAAACTAATAGAT-1_V13B23-285_A1,11
ACGCAATCACTACAGC-1_V13B23-285_A1,1
ACGCATACGTTTACTA-1_V13B23-285_A1,1
ACGCATTCGTGAGTAC-1_V13B23-285_A1,11
ACGCCAGATGATTTCT-1_V13B23-285_A1,7
ACGCCGCTAGACGACC-1_V13B23-285_A1,11
ACGCGAAGTCAGACGA-1_V13B23-285_A1,11
ACGCGCTACACAGGGT-1_V13B23-285_A1,11
ACGCGGGCCAAGGACA-1_V13B23-285_A1,11
ACGCGTTTCTTAAGAG-1_V13B23-285_A1,11
ACGCTAGTGATACACT-1_V13B23-285_A1,5
ACGCTGTGAGGCGTAG-1_V13B23-285_A1,11
ACGGAATTTAGCAAAT-1_V13B23-285_A1,14
ACGGACTCTCAAAGCG-1_V13B23-285_A1,3
ACGGATGGTGCGGATA-1_V13B23-285_A1,7
ACGGCACTTGCTTGGG-1_V13B23-285_A1,11
ACGGCCAACATGGACT-1_V13B23-285_A1,11
ACGGCGACGATGGGAA-1_V13B23-285_A1,5
ACGGCGGGTTGCCCTG-1_V13B23-285_A1,14
ACGGCTGGATGTAGAA-1_V13B23-285_A1,11
ACGGGAGTGTCGGCCC-1_V13B23-285_A1,11
ACGGGCGTATGCGACA-1_V13B23-285_A1,5
ACGGGTCATGTGACTT-1_V13B23-285_A1,8
ACGGTACAGTTCAATG-1_V13B23-285_A1,12
ACGTACAGATTTCTCT-1_V13B23-285_A1,2
ACGTAGATTGCTGATG-1_V13B23-285_A1,11
ACGTAGGAGAGTCGCT-1_V13B23-285_A1,7
ACGTATTACTCCGATC-1_V13B23-285_A1,3
ACGTCTCGTTCCGGGA-1_V13B23-285_A1,11
ACGTGACAAAGTAAGT-1_V13B23-285_A1,11
ACGTGCGCCTCGTGCA-1_V13B23-285_A1,1
ACGTTAATGTCGAAGA-1_V13B23-285_A1,11
ACGTTAGATTTGCCCG-1_V13B23-285_A1,11
ACGTTATTGGTCACTC-1_V13B23-285_A1,1
ACGTTCCGCGCTCCGT-1_V13B23-285_A1,15
ACGTTCGCAATCAATT-1_V13B23-285_A1,5
ACGTTCGTTCAGGAAA-1_V13B23-285_A1,3
ACGTTCTGTACAAGTC-1_V13B23-285_A1,1
ACGTTTAGTTGTGATC-1_V13B23-285_A1,14
ACTACATCCCGACAAG-1_V13B23-285_A1,15
ACTACCAGCTCTCTGG-1_V13B23-285_A1,11
ACTACGCGTTAGAATT-1_V13B23-285_A1,1
ACTAGTTGCGATCGTC-1_V13B23-285_A1,7
ACTATCCAGGGCATGG-1_V13B23-285_A1,10
ACTATCGCCGGCTAAA-1_V13B23-285_A1,8
ACTATCTGCCCGCGTA-1_V13B23-285_A1,3
ACTATGTCCAGCTGCC-1_V13B23-285_A1,11
ACTATTCGTCCGTGGT-1_V13B23-285_A1,3
ACTATTTCCGGGCCCA-1_V13B23-285_A1,11
ACTCAACGAATGTATT-1_V13B23-285_A1,14
ACTCAAGTGCAAGGCT-1_V13B23-285_A1,8
ACTCAATAAAGGCACG-1_V13B23-285_A1,11
ACTCAGACCTGCTTCT-1_V13B23-285_A1,14
ACTCCAATATCATCAT-1_V13B23-285_A1,8
ACTCCCATTCCTAAAG-1_V13B23-285_A1,11
ACTCCCGAATTCGTTT-1_V13B23-285_A1,3
ACTCCCTAATGCTAAA-1_V13B23-285_A1,1
ACTCCCTAGAATAGTA-1_V13B23-285_A1,1
ACTCCGGCCGACCACT-1_V13B23-285_A1,1
ACTCGATGTATTTCAT-1_V13B23-285_A1,11
ACTCGCCGTTCGATAA-1_V13B23-285_A1,7
ACTCGCGATCTGACGC-1_V13B23-285_A1,5
ACTCGTAACCCGTCCT-1_V13B23-285_A1,11
ACTCGTCAGTAATCCC-1_V13B23-285_A1,11
ACTCTAAACCTGGGAT-1_V13B23-285_A1,11
ACTCTCTGACTTAGGT-1_V13B23-285_A1,11
ACTCTCTTATACACGA-1_V13B23-285_A1,9
ACTCTGACCTAATAGA-1_V13B23-285_A1,8
ACTCTTGTATAGTAAC-1_V13B23-285_A1,11
ACTGAAACGCCGTTAG-1_V13B23-285_A1,1
ACTGAATGGCGAAAGT-1_V13B23-285_A1,11
ACTGCCGTCGTAACTC-1_V13B23-285_A1,3
ACTGCGGACACACCGT-1_V13B23-285_A1,3
ACTGCTCGGAAGGATG-1_V13B23-285_A1,11
ACTGTACGATACACAT-1_V13B23-285_A1,12
ACTGTAGCACTTTGGA-1_V13B23-285_A1,11
ACTGTATACGCGAGCA-1_V13B23-285_A1,14
ACTGTCCAGGATTATA-1_V13B23-285_A1,11
ACTGTCTTCTTTAGAA-1_V13B23-285_A1,11
ACTGTGCTAGTAGATC-1_V13B23-285_A1,14
ACTGTTTAGTGTAGGC-1_V13B23-285_A1,2
ACTTACGCATCCACGC-1_V13B23-285_A1,3
ACTTAGTACGACAAGA-1_V13B23-285_A1,14
ACTTATACTTACCCGG-1_V13B23-285_A1,1
ACTTATCTGATCTATA-1_V13B23-285_A1,14
ACTTATTAGGATCGGT-1_V13B23-285_A1,11
ACTTATTTATGTGCCA-1_V13B23-285_A1,1
ACTTCAGGCTGATCCC-1_V13B23-285_A1,1
ACTTCCAGTGGAAGCT-1_V13B23-285_A1,11
ACTTCCATGCGGGACA-1_V13B23-285_A1,10
ACTTCGCCATACGCAC-1_V13B23-285_A1,11
ACTTGACTCCCTCTTT-1_V13B23-285_A1,11
ACTTGCCATATTGTAC-1_V13B23-285_A1,13
ACTTGGGACCCGGTGG-1_V13B23-285_A1,11
ACTTGTAGTCCCTTCA-1_V13B23-285_A1,11
ACTTGTGGATGGAACG-1_V13B23-285_A1,7
ACTTTACCCTCATGAA-1_V13B23-285_A1,1
ACTTTCCTATAGCTTC-1_V13B23-285_A1,11
ACTTTGACTGCATCCT-1_V13B23-285_A1,11
ACTTTGGTCGTGCTCC-1_V13B23-285_A1,11
ACTTTGTCGACGCACT-1_V13B23-285_A1,8
AGAAATTATGACTCGC-1_V13B23-285_A1,8
AGAACCCAGCGTGACA-1_V13B23-285_A1,5
AGAACCCTCAATTGGG-1_V13B23-285_A1,11
AGAACGTGGTACATTC-1_V13B23-285_A1,11
AGAAGAGCGCCGTTCC-1_V13B23-285_A1,3
AGAAGGTACACTTCAC-1_V13B23-285_A1,6
AGAAGGTTGCCGAATT-1_V13B23-285_A1,6
AGAAGGTTGTAGGTCG-1_V13B23-285_A1,8
AGAAGTGATTCGTGAT-1_V13B23-285_A1,11
AGAATAAATCTTCAGG-1_V13B23-285_A1,11
AGAATTATGGATTCGA-1_V13B23-285_A1,1
AGAATTGTTTGACATA-1_V13B23-285_A1,14
AGACAGCTCAGAATCC-1_V13B23-285_A1,11
AGACATAGATCCTTCC-1_V13B23-285_A1,1
AGACCAAACCACACCT-1_V13B23-285_A1,11
AGACCATGGGATACAA-1_V13B23-285_A1,11
AGACCCACCGCTGATC-1_V13B23-285_A1,6
AGACCCGCCCTCCTCG-1_V13B23-285_A1,11
AGACCGCTCCGCGGTT-1_V13B23-285_A1,7
AGACGAAGTGCCGGTC-1_V13B23-285_A1,3
AGACGACGATGCCGCT-1_V13B23-285_A1,1
AGACGCCCACTTCGCC-1_V13B23-285_A1,8
AGACTAGCCTTCCAGA-1_V13B23-285_A1,11
AGACTGTTACCGGGTC-1_V13B23-285_A1,11
AGAGAACCGTCTAGGA-1_V13B23-285_A1,6
AGAGAAGGAGTACAAT-1_V13B23-285_A1,1
AGAGATCTCTAAAGCG-1_V13B23-285_A1,11
AGAGCAGTTATGAGAC-1_V13B23-285_A1,11
AGAGCCGCCGAGATTT-1_V13B23-285_A1,7
AGAGCGGGCTAATCAT-1_V13B23-285_A1,1
AGAGCGTACAAGCTCG-1_V13B23-285_A1,11
AGAGCTACGAAAGCAT-1_V13B23-285_A1,14
AGAGGCTTCGGAAACC-1_V13B23-285_A1,1
AGAGGTATCTCGGTCC-1_V13B23-285_A1,13
AGAGTAAACTTCACTA-1_V13B23-285_A1,5
AGAGTATAGTGTTACG-1_V13B23-285_A1,8
AGATAACTTCAGGGCC-1_V13B23-285_A1,11
AGATACCAATAGAACC-1_V13B23-285_A1,7
AGATACCGGTGTTCAC-1_V13B23-285_A1,11
AGATACGACTTCATAT-1_V13B23-285_A1,14
AGATACTCAAGATCGA-1_V13B23-285_A1,11
AGATATAATACGACTA-1_V13B23-285_A1,10
AGATCGTGCATAAGAT-1_V13B23-285_A1,1
AGATCTCAGGTGTGAT-1_V13B23-285_A1,10
AGATGACTCGCCCACG-1_V13B23-285_A1,11
AGATGAGGGTTGCGAT-1_V13B23-285_A1,13
AGATGATGGAGTCTGG-1_V13B23-285_A1,8
AGATGCAAGACGTGCA-1_V13B23-285_A1,11
AGATGCATCCTGTGTC-1_V13B23-285_A1,11
AGATGCTATAACGAGC-1_V13B23-285_A1,2
AGATTATAGGACGTTT-1_V13B23-285_A1,11
AGATTCACAACCGATA-1_V13B23-285_A1,11
AGCAAAGGCCGCTAGT-1_V13B23-285_A1,1
AGCAACATATCTTATT-1_V13B23-285_A1,10
AGCAACCGAAAGTAAT-1_V13B23-285_A1,11
AGCACCAGTACTCACG-1_V13B23-285_A1,11
AGCACTACCGGCCTGT-1_V13B23-285_A1,11
AGCACTACCTCACCAG-1_V13B23-285_A1,3
AGCACTTAAGGACGCC-1_V13B23-285_A1,11
AGCAGAAGGAGAAAGA-1_V13B23-285_A1,1
AGCAGCCAGATGAATA-1_V13B23-285_A1,11
AGCATATCAATATGCT-1_V13B23-285_A1,3
AGCATCATTTCGAAAG-1_V13B23-285_A1,11
AGCATCGTCGATAATT-1_V13B23-285_A1,11
AGCATTACGAGGCAAG-1_V13B23-285_A1,5
AGCCAAGCTTTGTGTC-1_V13B23-285_A1,1
AGCCACAGGTTACCCG-1_V13B23-285_A1,8
AGCCACTCCCGTGCTT-1_V13B23-285_A1,1
AGCCATATAGTATGTG-1_V13B23-285_A1,12
AGCCCATACATGTAAG-1_V13B23-285_A1,11
AGCCCGCAACAAGCAG-1_V13B23-285_A1,11
AGCCCGCACTACAATG-1_V13B23-285_A1,7
AGCCCGGCATTAGAGG-1_V13B23-285_A1,3
AGCCCGGTAGCCTGTA-1_V13B23-285_A1,1
AGCCCTAAGCGAAGTT-1_V13B23-285_A1,8
AGCCCTGTCGCACCGT-1_V13B23-285_A1,5
AGCCCTTCTAATCCGA-1_V13B23-285_A1,9
AGCCCTTGGACATCCC-1_V13B23-285_A1,8
AGCCGCTTGATTAGCG-1_V13B23-285_A1,8
AGCCGTGGCTAAATGT-1_V13B23-285_A1,11
AGCCTAATACCCACGT-1_V13B23-285_A1,11
AGCCTTAAAGCGGAAG-1_V13B23-285_A1,11
AGCGACAGGAACGGTC-1_V13B23-285_A1,11
AGCGACATCCCATTCA-1_V13B23-285_A1,1
AGCGACCAACGATATT-1_V13B23-285_A1,11
AGCGATGCGCCTAATA-1_V13B23-285_A1,8
AGCGCATAATGAATCG-1_V13B23-285_A1,11
AGCGCGGGTGCCAATG-1_V13B23-285_A1,6
AGCGCTAGAGCGATGT-1_V13B23-285_A1,10
AGCGGACACTTCGTAG-1_V13B23-285_A1,11
AGCGGCGGTTAGCGGT-1_V13B23-285_A1,11
AGCGGGAAGGGTCCAT-1_V13B23-285_A1,14
AGCGGGTCTGACACTC-1_V13B23-285_A1,3
AGCGTACGAGAGCTAG-1_V13B23-285_A1,14
AGCGTAGCGCTAGACC-1_V13B23-285_A1,14
AGCGTCTGAACCCGCA-1_V13B23-285_A1,14
AGCGTGGTATTCTACT-1_V13B23-285_A1,11
AGCTAACAAGCAATGT-1_V13B23-285_A1,11
AGCTAAGTACGCAGGC-1_V13B23-285_A1,1
AGCTAGAAGCAGAAGT-1_V13B23-285_A1,10
AGCTATTTAATCCAAC-1_V13B23-285_A1,10
AGCTCCATATATGTTC-1_V13B23-285_A1,8
AGCTCCTTCGCACATC-1_V13B23-285_A1,1
AGCTCTAGACGTTCCA-1_V13B23-285_A1,11
AGCTCTTCCCAGTGCA-1_V13B23-285_A1,8
AGCTCTTCGTAACCTT-1_V13B23-285_A1,10
AGCTCTTTACTCAGTT-1_V13B23-285_A1,11
AGCTGAAGTAAACCAA-1_V13B23-285_A1,6
AGCTGTAACCTCAATC-1_V13B23-285_A1,11
AGCTTATAGAGACCTG-1_V13B23-285_A1,14
AGCTTCTTCTCGAGCA-1_V13B23-285_A1,7
AGCTTGATCTTAACTT-1_V13B23-285_A1,11
AGGAAAGCCTCTGATG-1_V13B23-285_A1,1
AGGAAGCTGTCCGCCG-1_V13B23-285_A1,11
AGGACAGTCGAATCCC-1_V13B23-285_A1,11
AGGACATCGCACGTCG-1_V13B23-285_A1,7
AGGACGACCCATTAGA-1_V13B23-285_A1,11
AGGACGCTCGATGTTG-1_V13B23-285_A1,5
AGGACTTATAGGAGAA-1_V13B23-285_A1,10
AGGAGACATCCACAGT-1_V13B23-285_A1,5
AGGAGGCCTTCGCGCG-1_V13B23-285_A1,8
AGGATAAAGTCGGGAT-1_V13B23-285_A1,5
AGGATATAGGGATTTA-1_V13B23-285_A1,1
AGGATCACGCGATCTG-1_V13B23-285_A1,11
AGGATTGCTTACGACA-1_V13B23-285_A1,1
AGGCAAAGAGGAATCA-1_V13B23-285_A1,14
AGGCACGTGACTGTCC-1_V13B23-285_A1,7
AGGCAGATGCGTAAAC-1_V13B23-285_A1,5
AGGCAGGGAGCGTACT-1_V13B23-285_A1,3
AGGCATTGTCGTAGGG-1_V13B23-285_A1,10
AGGCCACATTGGTTAC-1_V13B23-285_A1,8
AGGCCACCCGTTATGA-1_V13B23-285_A1,11
AGGCCCAGTGACTGGT-1_V13B23-285_A1,14
AGGCCCATTGTACAGG-1_V13B23-285_A1,3
AGGCCCTAGAACGCCA-1_V13B23-285_A1,11
AGGCGGTTTGTCCCGC-1_V13B23-285_A1,11
AGGCTATGGTTAGCTT-1_V13B23-285_A1,11
AGGCTTCCCGAAGAAG-1_V13B23-285_A1,11
AGGCTTGCTAGACACC-1_V13B23-285_A1,11
AGGGAAACGAGGTACT-1_V13B23-285_A1,13
AGGGACAGCACGGCGG-1_V13B23-285_A1,14
AGGGACCGGCTGCGTT-1_V13B23-285_A1,5
AGGGACTCTACGCGAC-1_V13B23-285_A1,11
AGGGAGACATACTTCG-1_V13B23-285_A1,14
AGGGCAGCGGCGTGGT-1_V13B23-285_A1,9
AGGGCGAGCAGCTGAT-1_V13B23-285_A1,11
AGGGCGTGATCGGCTA-1_V13B23-285_A1,1
AGGGCTGCAGTTACAG-1_V13B23-285_A1,11
AGGGTCGATGCGAACT-1_V13B23-285_A1,1
AGGGTGCCGTTCTTTA-1_V13B23-285_A1,12
AGGGTGCTCTCGAGGG-1_V13B23-285_A1,1
AGGGTGGATAGTGCAT-1_V13B23-285_A1,11
AGGGTTCCCTTTGGTT-1_V13B23-285_A1,1
AGGGTTTAGTTCGGGA-1_V13B23-285_A1,11
AGGTAACCTCCTATTC-1_V13B23-285_A1,14
AGGTACGATATTGCCA-1_V13B23-285_A1,2
AGGTAGATCGAGATAT-1_V13B23-285_A1,1
AGGTAGGTACAAAGCT-1_V13B23-285_A1,11
AGGTATAATTGATAGT-1_V13B23-285_A1,5
AGGTATGCGGACATTA-1_V13B23-285_A1,10
AGGTCAGGTGAGAGTG-1_V13B23-285_A1,11
AGGTCGCCACTTCGGT-1_V13B23-285_A1,14
AGGTCGCCTCCCAACA-1_V13B23-285_A1,12
AGGTCGCGGAGTTACT-1_V13B23-285_A1,1
AGGTGCACGTCCACAT-1_V13B23-285_A1,7
AGGTGGTGACCTTCGC-1_V13B23-285_A1,1
AGGTGTATCGCCATGA-1_V13B23-285_A1,11
AGGTTACACCATGCCG-1_V13B23-285_A1,5
AGGTTGAGGCACGCTT-1_V13B23-285_A1,11
AGGTTTCACACACCTT-1_V13B23-285_A1,11
AGTAACTATAGCAGCC-1_V13B23-285_A1,1
AGTAATGTCTTGCCGC-1_V13B23-285_A1,3
AGTACAGAAGCTTATA-1_V13B23-285_A1,1
AGTACATCATTTATCA-1_V13B23-285_A1,3
AGTACGGCCCGTATCG-1_V13B23-285_A1,11
AGTACGGGCACCTGGC-1_V13B23-285_A1,11
AGTACTCTTATGCCCA-1_V13B23-285_A1,7
AGTAGAAGGCGCCTCA-1_V13B23-285_A1,8
AGTAGGAAGGAAGTTG-1_V13B23-285_A1,2
AGTAGGTAACATACAT-1_V13B23-285_A1,14
AGTATAATACTAGGCA-1_V13B23-285_A1,11
AGTATACACAGCGACA-1_V13B23-285_A1,11
AGTATCCATAATAACG-1_V13B23-285_A1,12
AGTATGCTGGAGACCA-1_V13B23-285_A1,11
AGTATTTGGCACGACC-1_V13B23-285_A1,1
AGTCAACACCACCATC-1_V13B23-285_A1,11
AGTCAAGATGACACTT-1_V13B23-285_A1,3
AGTCACTAGCTCTCGA-1_V13B23-285_A1,1
AGTCACTCCGCCTCAT-1_V13B23-285_A1,14
AGTCAGCCACCGCCTG-1_V13B23-285_A1,14
AGTCCAGCGGGTACGT-1_V13B23-285_A1,15
AGTCCATTGGCTGATG-1_V13B23-285_A1,3
AGTCCCGCCTTTAATT-1_V13B23-285_A1,10
AGTCCCTCGCAGAAAG-1_V13B23-285_A1,5
AGTCGACGGTCTCAAG-1_V13B23-285_A1,5
AGTCGGCCCAAACGAC-1_V13B23-285_A1,11
AGTCGGCTCAACTTTA-1_V13B23-285_A1,11
AGTCGGTTGCGTGAGA-1_V13B23-285_A1,5
AGTCGTATAAAGCAGA-1_V13B23-285_A1,1
AGTCGTCGACCACCAA-1_V13B23-285_A1,1
AGTCGTGGGCATTACG-1_V13B23-285_A1,11
AGTCTAAAGTATACTC-1_V13B23-285_A1,3
AGTCTCACAAGACTAC-1_V13B23-285_A1,11
AGTCTGGACATCCTTG-1_V13B23-285_A1,4
AGTCTTCTCCTCAAAT-1_V13B23-285_A1,11
AGTCTTTAAAGTGTCC-1_V13B23-285_A1,1
AGTGAACAAACTTCTC-1_V13B23-285_A1,1
AGTGAAGATGGTGTCC-1_V13B23-285_A1,13
AGTGACCTACTTTACG-1_V13B23-285_A1,11
AGTGAGACTTCCAGTA-1_V13B23-285_A1,3
AGTGAGCCTCGCCGCC-1_V13B23-285_A1,3
AGTGAGTCGAATTAAC-1_V13B23-285_A1,8
AGTGATAACCTGCGCG-1_V13B23-285_A1,3
AGTGATATGAGTAGTT-1_V13B23-285_A1,6
AGTGATTCAAGCAGGA-1_V13B23-285_A1,1
AGTGCACGCTTAAGAA-1_V13B23-285_A1,1
AGTGCGTAGCTCGTAA-1_V13B23-285_A1,6
AGTGCTAAACACAGCA-1_V13B23-285_A1,10
AGTGCTTGCACGAATA-1_V13B23-285_A1,11
AGTGGCGGCAATTTGA-1_V13B23-285_A1,10
AGTGGCGTCTGAAGGT-1_V13B23-285_A1,7
AGTGGCTCCGTCGGCC-1_V13B23-285_A1,11
AGTGGTGTTACCCGTG-1_V13B23-285_A1,11
AGTGGTTGCGTATAGG-1_V13B23-285_A1,11
AGTGTATTGCGCATTG-1_V13B23-285_A1,5
AGTGTGCTAAGATCGC-1_V13B23-285_A1,8
AGTGTGGTCTATTGTG-1_V13B23-285_A1,8
AGTTAAACACTTGCGA-1_V13B23-285_A1,6
AGTTAAGCGGTCCCGG-1_V13B23-285_A1,14
AGTTAAGTCAACCGCT-1_V13B23-285_A1,11
AGTTACCCTTAAGACT-1_V13B23-285_A1,11
AGTTACCGCACATGGT-1_V13B23-285_A1,11
AGTTACTCTATCGTGG-1_V13B23-285_A1,1
AGTTCACCGGTTGGAC-1_V13B23-285_A1,11
AGTTCCTACAGAATTA-1_V13B23-285_A1,11
AGTTCCTATTTATGTT-1_V13B23-285_A1,11
AGTTCTGCGTTGTATC-1_V13B23-285_A1,14
AGTTGACATCGGCTGG-1_V13B23-285_A1,14
AGTTGACGGTCCTTGC-1_V13B23-285_A1,1
AGTTGCTGACTGATAT-1_V13B23-285_A1,14
AGTTGGCAAGGCTAGA-1_V13B23-285_A1,7
AGTTTATGTAAAGACA-1_V13B23-285_A1,5
AGTTTCGCAGGTCGGA-1_V13B23-285_A1,10
AGTTTGCACCTGCCTC-1_V13B23-285_A1,3
AGTTTGGCACGGGTTG-1_V13B23-285_A1,1
AGTTTGGCCAGACCTA-1_V13B23-285_A1,11
ATAAACCATTGGACGG-1_V13B23-285_A1,14
ATAAACGGACCCGTAA-1_V13B23-285_A1,11
ATAAACGTTGCACCAC-1_V13B23-285_A1,1
ATAAAGGCTCGGTCGT-1_V13B23-285_A1,12
ATAAATATTAGCAGCT-1_V13B23-285_A1,11
ATAACGCCGGAGGGTC-1_V13B23-285_A1,11
ATAACGGAGTCCAACG-1_V13B23-285_A1,11
ATAAGGTGGAGAACAT-1_V13B23-285_A1,5
ATAAGTAGGATTCAGA-1_V13B23-285_A1,7
ATAAGTAGGGCGACTC-1_V13B23-285_A1,5
ATAAGTTACCGCGACG-1_V13B23-285_A1,11
ATAATACCGTTAGCCG-1_V13B23-285_A1,14
ATAATAGCTGTTGAAT-1_V13B23-285_A1,11
ATAATAGTGTAGGGAC-1_V13B23-285_A1,14
ATAATCTTGGAGAACC-1_V13B23-285_A1,8
ATAATTAGCTAAGTAG-1_V13B23-285_A1,11
ATACAGGCCCTCCAAT-1_V13B23-285_A1,5
ATACCACGGGCAACTT-1_V13B23-285_A1,11
ATACCAGCAAATTGCT-1_V13B23-285_A1,2
ATACCAGGCTAATAGA-1_V13B23-285_A1,3
ATACCTAACCAAGAAA-1_V13B23-285_A1,11
ATACGAAGGCTTTCCA-1_V13B23-285_A1,8
ATACGCCGATCTACCG-1_V13B23-285_A1,14
ATACGCCGGCGAAACC-1_V13B23-285_A1,11
ATACGGAACGTCGTTT-1_V13B23-285_A1,11
ATACGGGTTTCGATTG-1_V13B23-285_A1,6
ATACGGTGAAGATGCA-1_V13B23-285_A1,11
ATACGTACTTAGCCAC-1_V13B23-285_A1,3
ATACGTCCACTCCTGT-1_V13B23-285_A1,7
ATACGTTATGCACGGA-1_V13B23-285_A1,3
ATACTACCCGTACCAC-1_V13B23-285_A1,11
ATACTAGCATGACCCT-1_V13B23-285_A1,11
ATACTCTCGCCACTCT-1_V13B23-285_A1,14
ATACTGCCTTACACCG-1_V13B23-285_A1,8
ATACTTGTTCTCGAGC-1_V13B23-285_A1,11
ATAGACAACGGGACCT-1_V13B23-285_A1,5
ATAGACGAAGAGAAAG-1_V13B23-285_A1,11
ATAGAGTACTGGGACA-1_V13B23-285_A1,11
ATAGAGTTATCAACTT-1_V13B23-285_A1,5
ATAGCAACTAGGGAAG-1_V13B23-285_A1,3
ATAGCCATAACAGTCA-1_V13B23-285_A1,1
ATAGCCTCAGTACCCA-1_V13B23-285_A1,1
ATAGCTGCTCTTGTTA-1_V13B23-285_A1,3
ATAGGCGGCTATAGAA-1_V13B23-285_A1,11
ATAGGCTAGCTTCGCA-1_V13B23-285_A1,4
ATAGGGATATCCTTGA-1_V13B23-285_A1,11
ATAGGTTGGGCAGATG-1_V13B23-285_A1,11
ATAGTCTTTGACGTGC-1_V13B23-285_A1,9
ATAGTGAAGCGTTCTC-1_V13B23-285_A1,11
ATAGTTCCACCCACTC-1_V13B23-285_A1,3
ATATAAAGCGCTCGTG-1_V13B23-285_A1,1
ATATAAATGTAGCTGC-1_V13B23-285_A1,1
ATATAACACGGGCGCA-1_V13B23-285_A1,1
ATATACATGTATGGTA-1_V13B23-285_A1,11
ATATACGCTCGTGACG-1_V13B23-285_A1,8
ATATAGAGTATTGGTC-1_V13B23-285_A1,11
ATATCAACCTACAGAG-1_V13B23-285_A1,1
ATATCAATTCCAGCCT-1_V13B23-285_A1,11
ATATCGGTAGGGAGAT-1_V13B23-285_A1,5
ATATCGTTCCTCGAAC-1_V13B23-285_A1,3
ATATCTCCCTCGTTAA-1_V13B23-285_A1,8
ATATCTTAGGGCCTTC-1_V13B23-285_A1,11
ATATGTCTCCCTAGCC-1_V13B23-285_A1,1
ATATTCAGTTAAACCT-1_V13B23-285_A1,6
ATATTCCACATAGTGA-1_V13B23-285_A1,1
ATATTCCCACAGGTCA-1_V13B23-285_A1,10
ATATTGCTGTCAAAGT-1_V13B23-285_A1,10
ATATTGGAGAGGCCTT-1_V13B23-285_A1,8
ATATTTAACCCTCAAG-1_V13B23-285_A1,11
ATCAAACACTGTTCCA-1_V13B23-285_A1,1
ATCAAACGAAGGTTTG-1_V13B23-285_A1,11
ATCAATCTGGGCTGCA-1_V13B23-285_A1,11
ATCAATGCCGTGGCTG-1_V13B23-285_A1,11
ATCACATTAGAATATC-1_V13B23-285_A1,6
ATCACGTGCTAATTAA-1_V13B23-285_A1,11
ATCACTTCATCCTCGC-1_V13B23-285_A1,11
ATCAGACGGCACGCCG-1_V13B23-285_A1,11
ATCAGCCTCATGCTGC-1_V13B23-285_A1,8
ATCAGCTCGTCCACTA-1_V13B23-285_A1,11
ATCAGTAGGCAGGGAT-1_V13B23-285_A1,6
ATCATAGCCCTATGTA-1_V13B23-285_A1,8
ATCATCCAATATTTGT-1_V13B23-285_A1,11
ATCATGGACTACCGAC-1_V13B23-285_A1,5
ATCCAACGCAGTCATA-1_V13B23-285_A1,11
ATCCAATGGAGGGTCC-1_V13B23-285_A1,11
ATCCAATGGTACCGAA-1_V13B23-285_A1,11
ATCCACATCGACAGAA-1_V13B23-285_A1,10
ATCCAGAGCAACAACC-1_V13B23-285_A1,11
ATCCAGGATTCGTGAA-1_V13B23-285_A1,11
ATCCCATCCACAGCGC-1_V13B23-285_A1,11
ATCCTACCTAAGCTCT-1_V13B23-285_A1,11
ATCCTGAATCGCTGCG-1_V13B23-285_A1,11
ATCCTGCGTGGAATGG-1_V13B23-285_A1,6
ATCCTGCTGCAGATAG-1_V13B23-285_A1,14
ATCGACCCAATACAGA-1_V13B23-285_A1,11
ATCGACTCTTTCCGTT-1_V13B23-285_A1,11
ATCGCACGATTGTTCA-1_V13B23-285_A1,3
ATCGCACGCCGGGAGA-1_V13B23-285_A1,11
ATCGCCAGTCAACATT-1_V13B23-285_A1,5
ATCGCTGCGTGCAGCA-1_V13B23-285_A1,5
ATCGCTTTACGTCTCA-1_V13B23-285_A1,5
ATCGGAGACAGACGGC-1_V13B23-285_A1,1
ATCGGCAAGCAGTCCA-1_V13B23-285_A1,14
ATCGGTTACCTAGTAA-1_V13B23-285_A1,11
ATCGTATTCCGAGAAC-1_V13B23-285_A1,11
ATCGTCCAATCGAGTC-1_V13B23-285_A1,14
ATCGTGGAAAGTCTGG-1_V13B23-285_A1,3
ATCGTTAGCTAGCGGA-1_V13B23-285_A1,10
ATCTAACGTCCCTATG-1_V13B23-285_A1,2
ATCTAATATCCTACGG-1_V13B23-285_A1,1
ATCTACCATCTGCTCC-1_V13B23-285_A1,8
ATCTAGCTTGTGAGGG-1_V13B23-285_A1,5
ATCTCCCACGGAATAT-1_V13B23-285_A1,8
ATCTCCCTGCAATCTA-1_V13B23-285_A1,1
ATCTCGTGAGCGAAAC-1_V13B23-285_A1,10
ATCTGACATGGAAGGA-1_V13B23-285_A1,1
ATCTGATAGTGTCTTA-1_V13B23-285_A1,8
ATCTGCACCTCTGCGA-1_V13B23-285_A1,10
ATCTGCTGTTATCGCC-1_V13B23-285_A1,1
ATCTGGGCTGTTCTTG-1_V13B23-285_A1,1
ATCTGGTTAAGACTGT-1_V13B23-285_A1,11
ATCTGTAATTGTACCC-1_V13B23-285_A1,1
ATCTTATCGCACACCC-1_V13B23-285_A1,7
ATCTTGACCTGCAACG-1_V13B23-285_A1,11
ATCTTGACTTGTCCAA-1_V13B23-285_A1,7
ATCTTTCGTATAACCA-1_V13B23-285_A1,5
ATGAAGCCAAGGAGCC-1_V13B23-285_A1,11
ATGAAGTGGACCCAGC-1_V13B23-285_A1,11
ATGACGCCGGCTCTAA-1_V13B23-285_A1,8
ATGACGCGTTCTATCC-1_V13B23-285_A1,11
ATGACTATCAGCTGTG-1_V13B23-285_A1,1
ATGACTATGCGACATT-1_V13B23-285_A1,8
ATGAGGAGTGTTAATC-1_V13B23-285_A1,11
ATGAGGGCAGCGGCTA-1_V13B23-285_A1,5
ATGATCGGGAATAGAC-1_V13B23-285_A1,1
ATGATGCAATGGTACA-1_V13B23-285_A1,11
ATGCACCTTCCTTAAT-1_V13B23-285_A1,11
ATGCACGCGCTGTTCA-1_V13B23-285_A1,5
ATGCACTACCGCATTG-1_V13B23-285_A1,11
ATGCATGATCCAGGAT-1_V13B23-285_A1,11
ATGCATTCCGTGATGG-1_V13B23-285_A1,12
ATGCCATTTGCGACCA-1_V13B23-285_A1,1
ATGCCGGTCTTGCATA-1_V13B23-285_A1,11
ATGCCGGTTGATGGGA-1_V13B23-285_A1,8
ATGCGACAGTCCCATT-1_V13B23-285_A1,11
ATGCGAGTCCCACCAC-1_V13B23-285_A1,1
ATGCTCAGTGTTGCAT-1_V13B23-285_A1,14
ATGCTCTGGCGCGGTA-1_V13B23-285_A1,1
ATGCTTAGGAGTTGAT-1_V13B23-285_A1,7
ATGGAAATTTAAGGAG-1_V13B23-285_A1,11
ATGGAACCTTTGCACA-1_V13B23-285_A1,5
ATGGAGCAGGCCGTGA-1_V13B23-285_A1,11
ATGGATCCGGCGTCCG-1_V13B23-285_A1,6
ATGGATTGACCAAACG-1_V13B23-285_A1,11
ATGGCAGCCGAGAAAC-1_V13B23-285_A1,11
ATGGCGGAATAGTCGC-1_V13B23-285_A1,3
ATGGGACCTGCTGAAC-1_V13B23-285_A1,11
ATGGGCCTCGGCCTCT-1_V13B23-285_A1,1
ATGGGTGTATACCTCC-1_V13B23-285_A1,1
ATGGTCGCGTGGTTTC-1_V13B23-285_A1,11
ATGTAAGGCTGCTCTT-1_V13B23-285_A1,5
ATGTACATGCGGTGAG-1_V13B23-285_A1,8
ATGTACGATGACGTCG-1_V13B23-285_A1,11
ATGTAGCGCGCGTAGG-1_V13B23-285_A1,7
ATGTCATTTCCCATTG-1_V13B23-285_A1,11
ATGTGAAAGCCTAATG-1_V13B23-285_A1,11
ATGTGCATCCGACGCA-1_V13B23-285_A1,11
ATGTGGACATCTTGAT-1_V13B23-285_A1,11
ATGTGTAGTTTAGTCA-1_V13B23-285_A1,13
ATGTTACGAGCAATAC-1_V13B23-285_A1,14
ATGTTCCTGCCCACCT-1_V13B23-285_A1,5
ATGTTCGTCGACCCAC-1_V13B23-285_A1,11
ATGTTGATTAGAGACT-1_V13B23-285_A1,3
ATGTTGTAGTCTGTTT-1_V13B23-285_A1,11
ATGTTTCGGCCCGGAG-1_V13B23-285_A1,7
ATTAAACATGCGGACC-1_V13B23-285_A1,11
ATTAACACCTGAGATA-1_V13B23-285_A1,11
ATTAATACTACGCGGG-1_V13B23-285_A1,11
ATTAATGAACCAGTCG-1_V13B23-285_A1,11
ATTAATTCGGTCACTC-1_V13B23-285_A1,7
ATTACAACTACCGGCC-1_V13B23-285_A1,9
ATTACATGTCAGTCTT-1_V13B23-285_A1,1
ATTACCACACTGCCTG-1_V13B23-285_A1,8
ATTACGCGCTGGCAGG-1_V13B23-285_A1,11
ATTACTAGCCTCTTGC-1_V13B23-285_A1,1
ATTACTTACTGGGCAT-1_V13B23-285_A1,10
ATTAGATTCCTCAGCA-1_V13B23-285_A1,10
ATTAGATTGATAGCGG-1_V13B23-285_A1,11
ATTAGGCGATGCTTTC-1_V13B23-285_A1,11
ATTATACTTTGCTCGT-1_V13B23-285_A1,8
ATTATAGCTACTTTAC-1_V13B23-285_A1,5
ATTATCGGAATGTACG-1_V13B23-285_A1,1
ATTATCTCGACAGATC-1_V13B23-285_A1,13
ATTATGCCATAGGGAG-1_V13B23-285_A1,11
ATTATTATGTCCGTCA-1_V13B23-285_A1,11
ATTATTCAGAGTCACT-1_V13B23-285_A1,4
ATTCAAAGTACCTGTT-1_V13B23-285_A1,2
ATTCAACCATTTAAGG-1_V13B23-285_A1,3
ATTCACTGATGTTGGA-1_V13B23-285_A1,1
ATTCAGGACCTATTTC-1_V13B23-285_A1,8
ATTCAGTAGCAGGGTC-1_V13B23-285_A1,11
ATTCATATACTGTCCA-1_V13B23-285_A1,11
ATTCATCGTTGAGGCA-1_V13B23-285_A1,3
ATTCCCACATAAACAA-1_V13B23-285_A1,11
ATTCCTCCGCCAGTGC-1_V13B23-285_A1,11
ATTCCTTCCAGGCGGT-1_V13B23-285_A1,14
ATTCGACGCCGGGCCT-1_V13B23-285_A1,11
ATTCGCGCCTTGAGAG-1_V13B23-285_A1,1
ATTCGTGCTATCTCTT-1_V13B23-285_A1,1
ATTCTCGTCTCTTTAG-1_V13B23-285_A1,14
ATTCTTCGTACTTATG-1_V13B23-285_A1,9
ATTGAAGATCTTAGTG-1_V13B23-285_A1,11
ATTGACCGGCGATGAC-1_V13B23-285_A1,9
ATTGACGTAACTCGGT-1_V13B23-285_A1,9
ATTGATAGCAACGAGA-1_V13B23-285_A1,14
ATTGATCACCACATTT-1_V13B23-285_A1,11
ATTGATGAGTCCTAAC-1_V13B23-285_A1,1
ATTGCCTTTATGTTTG-1_V13B23-285_A1,7
ATTGCGATCAGTAACT-1_V13B23-285_A1,1
ATTGCTGCTCCTCCAT-1_V13B23-285_A1,11
ATTGGATTACAGCGTA-1_V13B23-285_A1,7
ATTGGGAATATCTTGG-1_V13B23-285_A1,3
ATTGGTAGGATCCGCT-1_V13B23-285_A1,11
ATTGGTTGTGCATTAC-1_V13B23-285_A1,1
ATTGTACAACTCGGCT-1_V13B23-285_A1,1
ATTGTCGCAATACCTT-1_V13B23-285_A1,7
ATTGTTCAACGATCCG-1_V13B23-285_A1,1
ATTTAACTCGTATTAC-1_V13B23-285_A1,14
ATTTACAGTTTACTGG-1_V13B23-285_A1,11
ATTTACTAAGTCCATT-1_V13B23-285_A1,5
ATTTCATTATTTCGCG-1_V13B23-285_A1,10
ATTTCCGGGTTCTGCG-1_V13B23-285_A1,3
ATTTGCGCGAGTAGCT-1_V13B23-285_A1,11
ATTTGGAGATTGCGGT-1_V13B23-285_A1,11
ATTTGTCTTGGGAGCT-1_V13B23-285_A1,8
ATTTGTTCCAGGGCTC-1_V13B23-285_A1,11
CAAACCCTCCGGCGGG-1_V13B23-285_A1,8
CAAACGAGTATCGCAG-1_V13B23-285_A1,11
CAAACGGTCGCACTTT-1_V13B23-285_A1,11
CAAACTACGATAGAGA-1_V13B23-285_A1,13
CAAACTCGCGACGCCG-1_V13B23-285_A1,1
CAAAGATTATTGGGCC-1_V13B23-285_A1,8
CAAAGGTCATCTGAAA-1_V13B23-285_A1,5
CAAAGTCAGGTTAGCT-1_V13B23-285_A1,14
CAAATCTCTCACAAGG-1_V13B23-285_A1,11
CAAATGTCCTTCCGTG-1_V13B23-285_A1,11
CAAATTGGATTATGCC-1_V13B23-285_A1,13
CAAATTGTCAGCAAGC-1_V13B23-285_A1,10
CAACACATCTCCTGCC-1_V13B23-285_A1,5
CAACATGGCCTGATAA-1_V13B23-285_A1,14
CAACCAGTGGCCTACC-1_V13B23-285_A1,8
CAACCGCACCTAGACA-1_V13B23-285_A1,2
CAACCTACCGAGCAGT-1_V13B23-285_A1,1
CAACCTGAACCTGCCA-1_V13B23-285_A1,5
CAACGACCCGTTTACA-1_V13B23-285_A1,11
CAACGGTTCTTGATAC-1_V13B23-285_A1,1
CAACGTGGTGGAGTCT-1_V13B23-285_A1,8
CAACTATATCGAATGC-1_V13B23-285_A1,10
CAACTCCTTGATCCCG-1_V13B23-285_A1,1
CAACTGCTCATCCGAT-1_V13B23-285_A1,1
CAACTTGTAGTGGGCA-1_V13B23-285_A1,14
CAAGAGGGCGGAGTAC-1_V13B23-285_A1,11
CAAGATATTATAACGT-1_V13B23-285_A1,4
CAAGCAACGTCGGAGT-1_V13B23-285_A1,11
CAAGCACCAAATGCCT-1_V13B23-285_A1,11
CAAGCGGCACATAATT-1_V13B23-285_A1,1
CAAGGATCGCATGTTC-1_V13B23-285_A1,11
CAAGGCCAGTGGTGCA-1_V13B23-285_A1,3
CAAGGTCCTATAGGCT-1_V13B23-285_A1,5
CAAGTGAACTTTGGTT-1_V13B23-285_A1,13
CAAGTGTGGTTGCAAA-1_V13B23-285_A1,5
CAATAAACCTTGGCCC-1_V13B23-285_A1,11
CAATACGAGAGTCTGA-1_V13B23-285_A1,5
CAATACGCTCTGAGGC-1_V13B23-285_A1,11
CAATATTCTTGACCTA-1_V13B23-285_A1,11
CAATATTGGACTAGTG-1_V13B23-285_A1,14
CAATCCCTATACCAGC-1_V13B23-285_A1,9
CAATCCTGCCGTGGAG-1_V13B23-285_A1,14
CAATGAGGTTCGACTA-1_V13B23-285_A1,3
CAATGCGAGAAGTATC-1_V13B23-285_A1,3
CAATGGATCTCTACCA-1_V13B23-285_A1,5
CAATGGTCGGCCTGGG-1_V13B23-285_A1,13
CAATGTGCCAACCCTT-1_V13B23-285_A1,5
CAATTAAGGGTGATGA-1_V13B23-285_A1,11
CAATTGGGCCGCACTC-1_V13B23-285_A1,11
CAATTTCGTATAAGGG-1_V13B23-285_A1,11
CAATTTGACCGGGAAG-1_V13B23-285_A1,14
CACAAACCGCAGAACT-1_V13B23-285_A1,1
CACAATGAGCTGCTAT-1_V13B23-285_A1,11
CACACACGCTAACGAG-1_V13B23-285_A1,1
CACACAGCTTGCGCTC-1_V13B23-285_A1,5
CACACAGGGATAGATT-1_V13B23-285_A1,11
CACACGCGCTGTCTTA-1_V13B23-285_A1,10
CACAGAGACGAGGACG-1_V13B23-285_A1,11
CACAGCACCCACGGCA-1_V13B23-285_A1,11
CACAGCTAGGGAGTGA-1_V13B23-285_A1,12
CACAGGGCCATATAGT-1_V13B23-285_A1,1
CACAGGGCCGTTGTCA-1_V13B23-285_A1,11
CACAGTCCCGCTTCGC-1_V13B23-285_A1,7
CACAGTTCGCTTCCCA-1_V13B23-285_A1,3
CACATAAGGCGACCGT-1_V13B23-285_A1,9
CACATATTAGCAGGAT-1_V13B23-285_A1,11
CACATCGTGCACGCGC-1_V13B23-285_A1,1
CACATCTCACCGACGA-1_V13B23-285_A1,5
CACATGATTCAGCAAC-1_V13B23-285_A1,11
CACATGTTTGGACATG-1_V13B23-285_A1,14
CACATTCTTTCGATGG-1_V13B23-285_A1,1
CACATTTCTTGTCAGA-1_V13B23-285_A1,5
CACCAATCATCCGTCT-1_V13B23-285_A1,11
CACCACGCCACACAGA-1_V13B23-285_A1,11
CACCAGTCAGCATGCA-1_V13B23-285_A1,11
CACCATCGGAGGAGAC-1_V13B23-285_A1,10
CACCCAAATCTTATGT-1_V13B23-285_A1,11
CACCCACACGTCACCC-1_V13B23-285_A1,7
CACCCACGAGGCAATT-1_V13B23-285_A1,3
CACCCGGTTTGTGACT-1_V13B23-285_A1,11
CACCCTAACAAGATCT-1_V13B23-285_A1,8
CACCCTTGGTGAGACC-1_V13B23-285_A1,11
CACCCTTTCCTCGCTC-1_V13B23-285_A1,14
CACCGATACACCGAGC-1_V13B23-285_A1,9
CACCGCCAGAAGGTTT-1_V13B23-285_A1,11
CACCGCCGACCAGCGA-1_V13B23-285_A1,14
CACCGTATCCCATCCG-1_V13B23-285_A1,3
CACCGTTAGGGATCAC-1_V13B23-285_A1,11
CACCGTTGCGCGATAT-1_V13B23-285_A1,11
CACCTAATAGAGTCGT-1_V13B23-285_A1,14
CACCTAATCAGTTTAC-1_V13B23-285_A1,11
CACCTCGATGGTGGAC-1_V13B23-285_A1,11
CACCTTGCGAAACTCG-1_V13B23-285_A1,11
CACCTTGGCGCCTTTG-1_V13B23-285_A1,8
CACGAAAGTTAGTCCC-1_V13B23-285_A1,11
CACGACTAAAGTTCTG-1_V13B23-285_A1,13
CACGATTGGTCGTTAA-1_V13B23-285_A1,2
CACGCACAGCGCAGCT-1_V13B23-285_A1,11
CACGCAGCGAGGCTTT-1_V13B23-285_A1,11
CACGCGGAACTGTTGC-1_V13B23-285_A1,3
CACGGACGTGGATGGC-1_V13B23-285_A1,13
CACGGGATTGAGGGTT-1_V13B23-285_A1,11
CACGTCAATCAATGGA-1_V13B23-285_A1,10
CACGTCGGCAACCTCT-1_V13B23-285_A1,11
CACGTCGGGTTCTAGA-1_V13B23-285_A1,7
CACGTTCGTGCTCTAG-1_V13B23-285_A1,11
CACGTTTCGTACACAC-1_V13B23-285_A1,8
CACTAAAGTTGCCTAT-1_V13B23-285_A1,11
CACTACGGGAGCTGCC-1_V13B23-285_A1,7
CACTCAAGAGCTATGG-1_V13B23-285_A1,11
CACTCAGCTCTTGAGG-1_V13B23-285_A1,2
CACTCCTATGTAAGAT-1_V13B23-285_A1,1
CACTCCTCTCGGTCGG-1_V13B23-285_A1,13
CACTCGAGCTGAACAA-1_V13B23-285_A1,11
CACTCGGTTAGGAGGA-1_V13B23-285_A1,11
CACTCTTCTGCTAGCC-1_V13B23-285_A1,3
CACTGACGATTGTGGA-1_V13B23-285_A1,11
CACTGTCCAAGTGAGA-1_V13B23-285_A1,1
CACTTAATCAGACGGA-1_V13B23-285_A1,11
CACTTCGCCACAGGCT-1_V13B23-285_A1,7
CACTTCGTCTTATCTC-1_V13B23-285_A1,14
CAGAACTTAGCCCTCT-1_V13B23-285_A1,1
CAGAATAACACACGGA-1_V13B23-285_A1,7
CAGACACCGATCGCTG-1_V13B23-285_A1,11
CAGACCTGTAAGTGTT-1_V13B23-285_A1,3
CAGACGAACCTGATAC-1_V13B23-285_A1,11
CAGAGACGGTCACCCA-1_V13B23-285_A1,11
CAGAGCATGAGCTTGC-1_V13B23-285_A1,11
CAGAGGCGATGCATGA-1_V13B23-285_A1,11
CAGAGTGATTTAACGT-1_V13B23-285_A1,7
CAGATAATGGGCGGGT-1_V13B23-285_A1,3
CAGATACTAACATAGT-1_V13B23-285_A1,11
CAGATCATTTAAAGTC-1_V13B23-285_A1,5
CAGATCCTGGTTTGAA-1_V13B23-285_A1,11
CAGATGTTTGTCCCAA-1_V13B23-285_A1,11
CAGCAGCCCGTTCCTT-1_V13B23-285_A1,10
CAGCAGTCCAGACTAT-1_V13B23-285_A1,1
CAGCAGTCTGTGCTGC-1_V13B23-285_A1,1
CAGCCGGGCCCTCTAT-1_V13B23-285_A1,9
CAGCCTCCTGCAGAGG-1_V13B23-285_A1,11
CAGCCTCTCCTCAAGA-1_V13B23-285_A1,5
CAGCGATTCCCTTCAA-1_V13B23-285_A1,11
CAGCGCCAACACGATA-1_V13B23-285_A1,11
CAGCTCACTGAGACAT-1_V13B23-285_A1,11
CAGCTCGACAAGTTAA-1_V13B23-285_A1,5
CAGCTCGTGCTTGTGT-1_V13B23-285_A1,14
CAGCTGGCGTAACCGT-1_V13B23-285_A1,11
CAGCTTAGTAGGTAGC-1_V13B23-285_A1,11
CAGGAAGACTTTATAT-1_V13B23-285_A1,13
CAGGATATATCGTTGT-1_V13B23-285_A1,11
CAGGATCCGCCCGACC-1_V13B23-285_A1,13
CAGGCAGTCTTACCAG-1_V13B23-285_A1,1
CAGGCCGTTTGGGTGT-1_V13B23-285_A1,11
CAGGCGCACGGTGGTC-1_V13B23-285_A1,7
CAGGCGCCATGCTAGG-1_V13B23-285_A1,1
CAGTAACTATTTATTG-1_V13B23-285_A1,13
CAGTAATCCCTCCCAG-1_V13B23-285_A1,8
CAGTACATTCTCTAAA-1_V13B23-285_A1,13
CAGTACCAGTTTACGT-1_V13B23-285_A1,11
CAGTAGATGATGTCCG-1_V13B23-285_A1,11
CAGTAGCCCACGCGGT-1_V13B23-285_A1,6
CAGTAGCGAGGTAGTA-1_V13B23-285_A1,14
CAGTCGAGGATGCAAT-1_V13B23-285_A1,1
CAGTCGGCCTAGATAT-1_V13B23-285_A1,11
CAGTCTCTCGGCTAAT-1_V13B23-285_A1,14
CAGTCTGTATACTGGG-1_V13B23-285_A1,11
CAGTGAATAAATGACT-1_V13B23-285_A1,11
CAGTGGTTGCACATGA-1_V13B23-285_A1,14
CAGTGTCCGCAGAATG-1_V13B23-285_A1,14
CAGTGTCGGCTGGCCC-1_V13B23-285_A1,7
CAGTTCAAATTGACAC-1_V13B23-285_A1,11
CAGTTCCGCGGGTCGA-1_V13B23-285_A1,11
CATAACGGACAGTCGT-1_V13B23-285_A1,1
CATAAGAAGCTTGGCT-1_V13B23-285_A1,10
CATAAGCTCTCCGTCT-1_V13B23-285_A1,11
CATAATGAGCGGGCGA-1_V13B23-285_A1,12
CATACAAAGCCGAACC-1_V13B23-285_A1,14
CATACACAAAGTCAGC-1_V13B23-285_A1,11
CATACACGGTTCCCAC-1_V13B23-285_A1,1
CATACCCGTACCCAGT-1_V13B23-285_A1,11
CATACGGCGTCTGGGC-1_V13B23-285_A1,11
CATACGGGTGCATGAT-1_V13B23-285_A1,14
CATACTATGTAATTGT-1_V13B23-285_A1,11
CATACTTAGGCAATAC-1_V13B23-285_A1,5
CATACTTCTTTCTCCG-1_V13B23-285_A1,11
CATAGAGGAGATACTA-1_V13B23-285_A1,1
CATAGCCGCCCGGGAT-1_V13B23-285_A1,11
CATAGCGTTGCCCACC-1_V13B23-285_A1,11
CATAGTACATTGAGAG-1_V13B23-285_A1,10
CATAGTAGCATAGTAG-1_V13B23-285_A1,1
CATAGTCAAATACATA-1_V13B23-285_A1,8
CATAGTCCACAAGAAC-1_V13B23-285_A1,11
CATATACTACTGATAA-1_V13B23-285_A1,13
CATATAGGTACAGTCA-1_V13B23-285_A1,6
CATATGTCAGGCTACG-1_V13B23-285_A1,11
CATATTATTTGCCCTA-1_V13B23-285_A1,9
CATCAACACCTACTAA-1_V13B23-285_A1,3
CATCATTACCCTGAGG-1_V13B23-285_A1,8
CATCCCGAGATTCATA-1_V13B23-285_A1,1
CATCCGCAGGCCCGAA-1_V13B23-285_A1,14
CATCCTCTCAAAGATC-1_V13B23-285_A1,7
CATCGAATGGATCTCT-1_V13B23-285_A1,15
CATCGCCCGCGGCCAA-1_V13B23-285_A1,14
CATCGGACGGGTTAAT-1_V13B23-285_A1,11
CATCGTCCGGTTACTA-1_V13B23-285_A1,11
CATCTAGTGAAGGGAA-1_V13B23-285_A1,5
CATCTATCCCGTGTCT-1_V13B23-285_A1,4
CATCTGCAGGATCATT-1_V13B23-285_A1,11
CATCTTACACCACCTC-1_V13B23-285_A1,7
CATGAACCGACATTTG-1_V13B23-285_A1,14
CATGAACCTCTTATCA-1_V13B23-285_A1,9
CATGACTTCGCTGAAT-1_V13B23-285_A1,1
CATGAGATGCACTCTC-1_V13B23-285_A1,8
CATGATCGCTTTGAGA-1_V13B23-285_A1,8
CATGATGCACAATTCT-1_V13B23-285_A1,11
CATGATGGAAGTTAGC-1_V13B23-285_A1,1
CATGCATGGAGACCCT-1_V13B23-285_A1,9
CATGCCAACTCGCAAA-1_V13B23-285_A1,11
CATGCGACCAGTTTAA-1_V13B23-285_A1,1
CATGCGTTAGACAGAA-1_V13B23-285_A1,8
CATGCTGGCTCCAATT-1_V13B23-285_A1,10
CATGGATTGTCTTCCG-1_V13B23-285_A1,1
CATGGCAGGAAGATCG-1_V13B23-285_A1,11
CATGGCTCCCTATGTC-1_V13B23-285_A1,11
CATGGGTATGCCTTAT-1_V13B23-285_A1,1
CATGGGTCGGGTGTGG-1_V13B23-285_A1,6
CATGGTAAGTAGCGTT-1_V13B23-285_A1,11
CATGGTATTAGTTTGT-1_V13B23-285_A1,1
CATGGTCTAGATACCG-1_V13B23-285_A1,11
CATGGTTTATTAATCA-1_V13B23-285_A1,10
CATGTAAGAGACATTT-1_V13B23-285_A1,3
CATGTCTCATTTATGG-1_V13B23-285_A1,5
CATTACATAGATTGTG-1_V13B23-285_A1,5
CATTACGCAGGAAGGG-1_V13B23-285_A1,7
CATTACGTCGGCCCGT-1_V13B23-285_A1,11
CATTATGCTTGTTGTG-1_V13B23-285_A1,11
CATTCACTGACAGCTA-1_V13B23-285_A1,9
CATTCAGGTCAGTGCG-1_V13B23-285_A1,7
CATTCCCATTCCGTCG-1_V13B23-285_A1,5
CATTCCCTAAGTACAA-1_V13B23-285_A1,14
CATTGATGAACACGCC-1_V13B23-285_A1,13
CATTGCGAAATGGGCG-1_V13B23-285_A1,11
CATTGCGGGTCAATTC-1_V13B23-285_A1,5
CATTGTGTGCTAGATC-1_V13B23-285_A1,14
CATTTAGCGGACCATG-1_V13B23-285_A1,6
CATTTCTAGCAGACTA-1_V13B23-285_A1,14
CATTTGAGTGGTACGT-1_V13B23-285_A1,11
CCAAACAGAACCCTCG-1_V13B23-285_A1,11
CCAAAGCAGTTGGTTG-1_V13B23-285_A1,14
CCAAAGTCCCGCTAAC-1_V13B23-285_A1,14
CCAAATAACAAGATTC-1_V13B23-285_A1,7
CCAACGATGCACTGAT-1_V13B23-285_A1,11
CCAACTTGATAGATCC-1_V13B23-285_A1,5
CCAAGAAAGTGGGCGA-1_V13B23-285_A1,11
CCAAGACTTCTGCGAA-1_V13B23-285_A1,4
CCAAGCGTAACTCGTA-1_V13B23-285_A1,11
CCAAGGAACAGAGAGG-1_V13B23-285_A1,8
CCAAGGTTGCCCTTTC-1_V13B23-285_A1,8
CCAAGTTTCTACAGAT-1_V13B23-285_A1,1
CCAATAGATTTCATCT-1_V13B23-285_A1,11
CCAATAGTGCCGTCGA-1_V13B23-285_A1,11
CCAATCGGTAGATCGA-1_V13B23-285_A1,7
CCAATGTCACAGCAAG-1_V13B23-285_A1,11
CCAATTACGGGTCGAG-1_V13B23-285_A1,1
CCAATTGAATGTTAAT-1_V13B23-285_A1,11
CCACAATGTACGTCTT-1_V13B23-285_A1,3
CCACACTGAGATATTA-1_V13B23-285_A1,11
CCACAGCTGAAATCAT-1_V13B23-285_A1,14
CCACAGTACCCATCCT-1_V13B23-285_A1,8
CCACATACTGCACCCA-1_V13B23-285_A1,3
CCACATGGCTCTTTAT-1_V13B23-285_A1,11
CCACCAACTTTACTGT-1_V13B23-285_A1,11
CCACCCAAGGAAAGTG-1_V13B23-285_A1,11
CCACGAATTTAACCTC-1_V13B23-285_A1,1
CCACGAGAAGAGAATC-1_V13B23-285_A1,3
CCACGGAGCCATAAGA-1_V13B23-285_A1,11
CCACGGTGCCCGGTAG-1_V13B23-285_A1,5
CCACGTAAATTAGACT-1_V13B23-285_A1,5
CCACTAAACTGAATCG-1_V13B23-285_A1,15
CCACTATCCGGGTCAC-1_V13B23-285_A1,1
CCACTGGTGGCTGGTT-1_V13B23-285_A1,11
CCACTGTTTGGATTAA-1_V13B23-285_A1,1
CCAGAAAGCAACTCAT-1_V13B23-285_A1,11
CCAGAGACAAAGCCGG-1_V13B23-285_A1,1
CCAGATAGTTGAGTGA-1_V13B23-285_A1,11
CCAGCCTGGACCAATA-1_V13B23-285_A1,11
CCAGCGGGATCACCAG-1_V13B23-285_A1,10
CCAGCTACGCCTCATA-1_V13B23-285_A1,14
CCAGCTCGAACGCATT-1_V13B23-285_A1,11
CCAGCTGATGGTACTT-1_V13B23-285_A1,11
CCAGCTTCCGCCCGCA-1_V13B23-285_A1,11
CCAGGCTGGCGTCTGA-1_V13B23-285_A1,8
CCAGGGACGTGGCCTC-1_V13B23-285_A1,11
CCAGTAGTCTGATCCA-1_V13B23-285_A1,5
CCAGTCAAATCTCTTA-1_V13B23-285_A1,11
CCAGTCCATTATTCGA-1_V13B23-285_A1,14
CCAGTCTAGACGGCGC-1_V13B23-285_A1,6
CCAGTCTTGTCATAGA-1_V13B23-285_A1,11
CCATAAACAACCCGAC-1_V13B23-285_A1,8
CCATAACCTGTGCAGT-1_V13B23-285_A1,11
CCATACCTTTACTTGT-1_V13B23-285_A1,3
CCATACTCGCCTCTCC-1_V13B23-285_A1,11
CCATAGAGGCTGCCAG-1_V13B23-285_A1,11
CCATAGGTTGGCGTGG-1_V13B23-285_A1,11
CCATAGTCAGTAACCC-1_V13B23-285_A1,14
CCATATGGAAACTATA-1_V13B23-285_A1,7
CCATATTGGATCATGA-1_V13B23-285_A1,14
CCATCCATACCAAGTC-1_V13B23-285_A1,14
CCATCGCAGTTAAACT-1_V13B23-285_A1,11
CCATCTCACCAGTGAA-1_V13B23-285_A1,1
CCATCTTGTTCACAAT-1_V13B23-285_A1,14
CCATGCCCTAGATTTC-1_V13B23-285_A1,8
CCATGCCTGTTTAGTA-1_V13B23-285_A1,11
CCATGCTCTGCAGGAA-1_V13B23-285_A1,11
CCATGGCCCTTGTACC-1_V13B23-285_A1,11
CCATTAGCGATAATCC-1_V13B23-285_A1,11
CCATTCCCTGCCCACA-1_V13B23-285_A1,11
CCATTGTTTCCTCCAT-1_V13B23-285_A1,8
CCATTTCTACCTATTA-1_V13B23-285_A1,10
CCCAAACATGCTGCTC-1_V13B23-285_A1,1
CCCAACATACGTCGCG-1_V13B23-285_A1,11
CCCAACCACACTAACA-1_V13B23-285_A1,12
CCCAAGACAGAGTATG-1_V13B23-285_A1,13
CCCAAGTCATTACACT-1_V13B23-285_A1,3
CCCAATGAGATTTGCA-1_V13B23-285_A1,11
CCCAATTTCACAACTT-1_V13B23-285_A1,11
CCCACTCCACGGTATC-1_V13B23-285_A1,11
CCCAGAGGAGGGCGTA-1_V13B23-285_A1,15
CCCAGGTCTGAAGGCT-1_V13B23-285_A1,10
CCCAGTAAACTTGGGA-1_V13B23-285_A1,11
CCCAGTTAAGGCGCCG-1_V13B23-285_A1,11
CCCATATAGGTCGATT-1_V13B23-285_A1,8
CCCGAAGTTTCGCGAA-1_V13B23-285_A1,11
CCCGACCATAGTCCGC-1_V13B23-285_A1,11
CCCGAGTTTCTCCGTA-1_V13B23-285_A1,5
CCCGCAGCGCGAACTA-1_V13B23-285_A1,11
CCCGCCATGCTCCCGT-1_V13B23-285_A1,1
CCCGCGCAATGCACCC-1_V13B23-285_A1,4
CCCGCTTGCCCTCGTC-1_V13B23-285_A1,14
CCCGGCTAGGTGAGAA-1_V13B23-285_A1,8
CCCGGGTCGTTCAGGG-1_V13B23-285_A1,10
CCCGGTGGAAGAACCT-1_V13B23-285_A1,11
CCCGGTGTATCGGAAT-1_V13B23-285_A1,11
CCCGTAAGTCTAGGCC-1_V13B23-285_A1,11
CCCGTAGCTGGGAAGA-1_V13B23-285_A1,11
CCCGTCAGCGTCTGAC-1_V13B23-285_A1,11
CCCGTGAGGGCGGTGA-1_V13B23-285_A1,11
CCCGTTTCGCAGATGT-1_V13B23-285_A1,3
CCCTACTTGAACAATG-1_V13B23-285_A1,8
CCCTAGGCAACAAGAG-1_V13B23-285_A1,11
CCCTAGTGTCAGGTGT-1_V13B23-285_A1,14
CCCTATGTAGAGCAGA-1_V13B23-285_A1,3
CCCTCAAGCTCTTAGT-1_V13B23-285_A1,11
CCCTCATTCTGGAATT-1_V13B23-285_A1,14
CCCTCCTCGCTCGTAT-1_V13B23-285_A1,10
CCCTGAAATGAGTTGA-1_V13B23-285_A1,11
CCCTGATGTAACTCGT-1_V13B23-285_A1,14
CCCTGCCCAATCCGCT-1_V13B23-285_A1,11
CCCTGCGCTACGCATA-1_V13B23-285_A1,11
CCCTGGCTGTTCCTTC-1_V13B23-285_A1,11
CCCTGGTATGGGCGGC-1_V13B23-285_A1,9
CCCTGTTGGCAAAGAC-1_V13B23-285_A1,14
CCCTTCTCGTACGCGA-1_V13B23-285_A1,14
CCCTTTAATGGAGTTC-1_V13B23-285_A1,8
CCCTTTGACAGGTCTT-1_V13B23-285_A1,11
CCGAAAGTGGTGAGCA-1_V13B23-285_A1,14
CCGAACACTGGGCCTC-1_V13B23-285_A1,11
CCGAACCTTCCCGGCC-1_V13B23-285_A1,1
CCGAAGTATATTGTTC-1_V13B23-285_A1,1
CCGACAAACACATGAG-1_V13B23-285_A1,14
CCGACAAAGGGAGTGC-1_V13B23-285_A1,6
CCGACAATAGGCCGCC-1_V13B23-285_A1,1
CCGACGGGCATGAGGT-1_V13B23-285_A1,11
CCGACGTAAACACAAC-1_V13B23-285_A1,13
CCGAGAAGTCGCATAA-1_V13B23-285_A1,5
CCGAGGGATGTTAGGC-1_V13B23-285_A1,13
CCGATCTCAACCTTAT-1_V13B23-285_A1,7
CCGATTCGAGGGACCC-1_V13B23-285_A1,11
CCGCACAAAGACCAAC-1_V13B23-285_A1,11
CCGCACACGAACGTGT-1_V13B23-285_A1,5
CCGCACGTGACCTCGG-1_V13B23-285_A1,11
CCGCACTTGCAATGAC-1_V13B23-285_A1,7
CCGCATGTGGTACGAT-1_V13B23-285_A1,1
CCGCCACCACAATCCA-1_V13B23-285_A1,9
CCGCCGGAACTTCTCG-1_V13B23-285_A1,11
CCGCCGGTCAACACAC-1_V13B23-285_A1,7
CCGCCGTTGAGGATAA-1_V13B23-285_A1,5
CCGCCTGCGAATTGGT-1_V13B23-285_A1,13
CCGCCTTGCGATGTCG-1_V13B23-285_A1,11
CCGCGATTTGGTAGGT-1_V13B23-285_A1,11
CCGCGGAATGCGTCAC-1_V13B23-285_A1,11
CCGCGGGTACGAAGAA-1_V13B23-285_A1,11
CCGCGTAGGTAAGGGC-1_V13B23-285_A1,11
CCGCTATCAGCACCAG-1_V13B23-285_A1,11
CCGCTCCAGGGCGATC-1_V13B23-285_A1,12
CCGCTCTTCCGAACTA-1_V13B23-285_A1,8
CCGCTGGTGCCATTCA-1_V13B23-285_A1,9
CCGCTTACCTCACTCT-1_V13B23-285_A1,11
CCGCTTCGCGGTTAAC-1_V13B23-285_A1,14
CCGCTTGCTGACATGG-1_V13B23-285_A1,5
CCGGAATGGTTTCAGT-1_V13B23-285_A1,11
CCGGAGCGTACTTTCT-1_V13B23-285_A1,10
CCGGCACGACCGTTTC-1_V13B23-285_A1,5
CCGGCCGCGAGCATAT-1_V13B23-285_A1,11
CCGGCGCATATTGGAT-1_V13B23-285_A1,14
CCGGCGTGAGACTCTG-1_V13B23-285_A1,11
CCGGGACCCGCAGAGA-1_V13B23-285_A1,14
CCGGGCGGTCTCGTCA-1_V13B23-285_A1,4
CCGGGCTGCTCCATAC-1_V13B23-285_A1,1
CCGGGTTCGAGGTTAC-1_V13B23-285_A1,11
CCGGTAATGGCTAGTC-1_V13B23-285_A1,5
CCGGTGCGAGTGATAG-1_V13B23-285_A1,2
CCGGTTTGTAATTGTG-1_V13B23-285_A1,11
CCGTAAGTTGGTCCCA-1_V13B23-285_A1,12
CCGTACCCAAGCGCCA-1_V13B23-285_A1,14
CCGTAGGAAATCCCTG-1_V13B23-285_A1,8
CCGTAGGGTTGTTTAC-1_V13B23-285_A1,7
CCGTATCTCGTCGTAG-1_V13B23-285_A1,11
CCGTGAGGCATTCATG-1_V13B23-285_A1,5
CCGTGCCCATGACGGC-1_V13B23-285_A1,3
CCGTGGAACGATCCAA-1_V13B23-285_A1,4
CCGTGTTAAATTCCAT-1_V13B23-285_A1,11
CCGTTACGTTAGAACA-1_V13B23-285_A1,3
CCGTTCCGAATCTCGG-1_V13B23-285_A1,11
CCTAAAGGCTGACGCT-1_V13B23-285_A1,13
CCTAAATTAACGGTTC-1_V13B23-285_A1,11
CCTAAATTGTATCCTA-1_V13B23-285_A1,8
CCTAACCCAAACAAGT-1_V13B23-285_A1,12
CCTAACTAAGGCTCTA-1_V13B23-285_A1,8
CCTAAGTGTCTAACCG-1_V13B23-285_A1,2
CCTACATTCACAGACG-1_V13B23-285_A1,11
CCTACGGCTCAGTCGA-1_V13B23-285_A1,14
CCTACTCAACACGATT-1_V13B23-285_A1,8
CCTACTGCTTACACTT-1_V13B23-285_A1,6
CCTAGGCGTAGCGATC-1_V13B23-285_A1,1
CCTAGGTAAAGGTAGC-1_V13B23-285_A1,11
CCTAGTTAGTCGCATG-1_V13B23-285_A1,2
CCTATAATGAGTGCCC-1_V13B23-285_A1,8
CCTATACCGTCCTGTC-1_V13B23-285_A1,11
CCTATATCGTGTCACG-1_V13B23-285_A1,11
CCTATATTTGTCCTGG-1_V13B23-285_A1,1
CCTATCTATATCGGAA-1_V13B23-285_A1,11
CCTATGAAGTGGTGCC-1_V13B23-285_A1,5
CCTATGGCTCCTAGTG-1_V13B23-285_A1,8
CCTATGGGTTACCGTC-1_V13B23-285_A1,12
CCTATGGTCAAAGCTG-1_V13B23-285_A1,3
CCTATGTCCACTCCAC-1_V13B23-285_A1,8
CCTCAACGATCGCTGT-1_V13B23-285_A1,11
CCTCACCAATCTTGAC-1_V13B23-285_A1,14
CCTCACCTGAGGGAGC-1_V13B23-285_A1,7
CCTCACCTTAGCATCG-1_V13B23-285_A1,5
CCTCATGCAGCTACGA-1_V13B23-285_A1,14
CCTCCCGACAATCCCT-1_V13B23-285_A1,13
CCTCCGACAATTCAAG-1_V13B23-285_A1,11
CCTCCTGAGCCCACAT-1_V13B23-285_A1,11
CCTCCTGTTGTGTCGT-1_V13B23-285_A1,3
CCTCGAAGTGGACGGG-1_V13B23-285_A1,3
CCTCGCCAGCAAATTA-1_V13B23-285_A1,5
CCTCGCGCGATATAGG-1_V13B23-285_A1,5
CCTCGCGCTGTGCGAT-1_V13B23-285_A1,11
CCTCGGACCGGGATAG-1_V13B23-285_A1,11
CCTCGGATGCTACCTG-1_V13B23-285_A1,11
CCTCTAATCTGCCAAG-1_V13B23-285_A1,11
CCTCTATCGATTAGCA-1_V13B23-285_A1,11
CCTCTCTCCCATCTAG-1_V13B23-285_A1,11
CCTCTGGCCTAGACGG-1_V13B23-285_A1,10
CCTCTGTACTATTCTA-1_V13B23-285_A1,11
CCTGAACGATATATTC-1_V13B23-285_A1,5
CCTGAATATTTACATA-1_V13B23-285_A1,11
CCTGACAAACTCGCGC-1_V13B23-285_A1,11
CCTGACCACCGATGGT-1_V13B23-285_A1,11
CCTGCCCGTTGTCTAG-1_V13B23-285_A1,11
CCTGCGATAGAACTGT-1_V13B23-285_A1,14
CCTGCGTTCTACGCTT-1_V13B23-285_A1,11
CCTGCTATTTGAGAAG-1_V13B23-285_A1,11
CCTGGAAACGTTCTGC-1_V13B23-285_A1,5
CCTGGCTAGACCCGCC-1_V13B23-285_A1,11
CCTGGTCGAATGTGGG-1_V13B23-285_A1,1
CCTGTAAGACATGATA-1_V13B23-285_A1,11
CCTGTACTCACGCCCA-1_V13B23-285_A1,11
CCTGTCACCCGGGCTC-1_V13B23-285_A1,11
CCTGTCCCTCACGTTA-1_V13B23-285_A1,5
CCTGTCGCCCGTAAAT-1_V13B23-285_A1,11
CCTGTGAAACCGTAAC-1_V13B23-285_A1,11
CCTGTGCATAGGAGAC-1_V13B23-285_A1,8
CCTGTTTGAAGACACG-1_V13B23-285_A1,1
CCTTCAGTTAAAGTGA-1_V13B23-285_A1,1
CCTTCGTATAGAATCC-1_V13B23-285_A1,8
CCTTCTCAGCGTTCCT-1_V13B23-285_A1,11
CCTTCTTGATCCAGTG-1_V13B23-285_A1,11
CCTTGACCACTTTATT-1_V13B23-285_A1,8
CCTTTAAGGGAGCACT-1_V13B23-285_A1,11
CCTTTCAATGAAGAAA-1_V13B23-285_A1,5
CCTTTGAATTATGGCT-1_V13B23-285_A1,11
CGAAACGCAATTCATG-1_V13B23-285_A1,11
CGAACAGTATGGGCGT-1_V13B23-285_A1,1
CGAACCCGCATGCGTC-1_V13B23-285_A1,11
CGAACGCCCAGTGCCG-1_V13B23-285_A1,14
CGAACGGCCGGACAAC-1_V13B23-285_A1,11
CGAAGACGGTGAGTGC-1_V13B23-285_A1,11
CGAAGACTGCCCGGGA-1_V13B23-285_A1,2
CGAAGCTATAAATTCA-1_V13B23-285_A1,9
CGAAGTTGCTCTGTGT-1_V13B23-285_A1,11
CGAATCTGCTCGACGC-1_V13B23-285_A1,1
CGAATGAAGTCATTGC-1_V13B23-285_A1,3
CGAATGACGCATAATG-1_V13B23-285_A1,11
CGACAATTTGATCTAA-1_V13B23-285_A1,1
CGACACGCTCCGACAG-1_V13B23-285_A1,8
CGACAGTTCGCGTTAT-1_V13B23-285_A1,11
CGACATGCGATCTTCT-1_V13B23-285_A1,13
CGACCCTTAACGCCGG-1_V13B23-285_A1,11
CGACCTACTAGACAAT-1_V13B23-285_A1,11
CGACGCATCCGTACCT-1_V13B23-285_A1,11
CGACTCAGGATGTTAT-1_V13B23-285_A1,6
CGACTTTGTATAGCCT-1_V13B23-285_A1,5
CGAGACCCTAGAGTGT-1_V13B23-285_A1,11
CGAGAGATGTGAACCT-1_V13B23-285_A1,1
CGAGAGCGCGTAGATA-1_V13B23-285_A1,11
CGAGAGCTTTCACTAC-1_V13B23-285_A1,7
CGAGAGGGTAGCCGCG-1_V13B23-285_A1,1
CGAGATGTTGCCTATA-1_V13B23-285_A1,14
CGAGATTTCGCTCGGG-1_V13B23-285_A1,5
CGAGCACTTCAAGTTT-1_V13B23-285_A1,11
CGAGCCGAGCACTCGA-1_V13B23-285_A1,8
CGAGCGTTGATCAGCC-1_V13B23-285_A1,7
CGAGCTGGGCTTTAGG-1_V13B23-285_A1,10
CGAGGAGCTTCCATAT-1_V13B23-285_A1,5
CGAGGATCGGGAACGA-1_V13B23-285_A1,5
CGAGGCCAGGCATTGG-1_V13B23-285_A1,14
CGAGGCTAAATATGGC-1_V13B23-285_A1,6
CGAGGGACTGCGGTCG-1_V13B23-285_A1,11
CGAGGGTATCCAGGTG-1_V13B23-285_A1,1
CGAGTACTAAAGAGGA-1_V13B23-285_A1,11
CGAGTGAAGGTACCAG-1_V13B23-285_A1,11
CGAGTGCTATAGTTCG-1_V13B23-285_A1,14
CGAGTTCTGTCCCACC-1_V13B23-285_A1,11
CGAGTTTATCGGACTG-1_V13B23-285_A1,1
CGATAATACTCAGGTT-1_V13B23-285_A1,5
CGATACCTCGCGGACA-1_V13B23-285_A1,11
CGATAGTCGTACTGCA-1_V13B23-285_A1,7
CGATATTAGCCGCAGG-1_V13B23-285_A1,14
CGATCCGACCCAGTGC-1_V13B23-285_A1,11
CGATCCTCGCAACATA-1_V13B23-285_A1,12
CGATCTGTTGGAGGAC-1_V13B23-285_A1,11
CGATGGACCCTACGCC-1_V13B23-285_A1,5
CGATGTTGTTATCTAC-1_V13B23-285_A1,5
CGATTAAATATCTCCT-1_V13B23-285_A1,11
CGATTCGCCTGGCTGC-1_V13B23-285_A1,4
CGCAAACACGAGTTAC-1_V13B23-285_A1,11
CGCAATCGATCATTAG-1_V13B23-285_A1,11
CGCAATTACTTTCGGT-1_V13B23-285_A1,11
CGCAATTAGGGTAATA-1_V13B23-285_A1,11
CGCAATTCTACAATAA-1_V13B23-285_A1,11
CGCACATGTCCACTAC-1_V13B23-285_A1,5
CGCACGTGCGCTATCA-1_V13B23-285_A1,1
CGCAGAAACATTTGCG-1_V13B23-285_A1,13
CGCAGATCTTCACCCG-1_V13B23-285_A1,5
CGCAGGCGATCCAAAC-1_V13B23-285_A1,1
CGCATCATGGCTTCAG-1_V13B23-285_A1,9
CGCATCCATCAGCCAG-1_V13B23-285_A1,5
CGCATGCCGAATGCGT-1_V13B23-285_A1,3
CGCATGGTGCGATGCT-1_V13B23-285_A1,11
CGCATTAGCTAATAGG-1_V13B23-285_A1,11
CGCCAAGAAGCCGAGT-1_V13B23-285_A1,11
CGCCACAGGTCGCGAT-1_V13B23-285_A1,11
CGCCACCCGCATTAAC-1_V13B23-285_A1,14
CGCCATCCGATTATGA-1_V13B23-285_A1,11
CGCCCAGCACGCCTAG-1_V13B23-285_A1,1
CGCCCAGCGTTTCACG-1_V13B23-285_A1,3
CGCCCGCTTCCGTACA-1_V13B23-285_A1,7
CGCCCTTGAAGGCTGA-1_V13B23-285_A1,4
CGCCGACTATTCGCTA-1_V13B23-285_A1,11
CGCCGCCCATGCCTGT-1_V13B23-285_A1,1
CGCCGTCTACCCATCG-1_V13B23-285_A1,10
CGCCGTTCAGCATAGT-1_V13B23-285_A1,1
CGCCTCCCTCCTCTAT-1_V13B23-285_A1,11
CGCCTGGCCTACGTAA-1_V13B23-285_A1,11
CGCCTTTAGCATGCTC-1_V13B23-285_A1,1
CGCGAAGTGGCATACT-1_V13B23-285_A1,7
CGCGACACTGCGCAGC-1_V13B23-285_A1,11
CGCGACCGCGACAGAT-1_V13B23-285_A1,8
CGCGAGTCTGCCGGGT-1_V13B23-285_A1,11
CGCGCAAATGTCCAGA-1_V13B23-285_A1,11
CGCGCAAGGAACTACA-1_V13B23-285_A1,14
CGCGCATGTTTGATTG-1_V13B23-285_A1,11
CGCGCCCGACTTAATA-1_V13B23-285_A1,11
CGCGGCAGTATTACGG-1_V13B23-285_A1,14
CGCGGCTCAACTTGAA-1_V13B23-285_A1,1
CGCGGGAATTAGGCAG-1_V13B23-285_A1,11
CGCGGTAAGTCTAGCT-1_V13B23-285_A1,8
CGCGGTACGGTATACA-1_V13B23-285_A1,7
CGCGGTCACAAACCAA-1_V13B23-285_A1,9
CGCGTGCTATCAACGA-1_V13B23-285_A1,9
CGCGTTCATGAAATAC-1_V13B23-285_A1,6
CGCTACCGCCCTATGA-1_V13B23-285_A1,14
CGCTACGGGACATTTA-1_V13B23-285_A1,11
CGCTAGAGACCGCTGC-1_V13B23-285_A1,1
CGCTATACCGCCCACT-1_V13B23-285_A1,14
CGCTATTCAATGTATG-1_V13B23-285_A1,7
CGCTATTCTTAGGCTC-1_V13B23-285_A1,6
CGCTCGACATAATGAT-1_V13B23-285_A1,11
CGCTCTCCGTAGATTA-1_V13B23-285_A1,11
CGCTGAGGACGTCCAA-1_V13B23-285_A1,14
CGCTGGTGACTACCCT-1_V13B23-285_A1,3
CGCTGTGACGCCGCAC-1_V13B23-285_A1,11
CGCTGTGTGGATGTTG-1_V13B23-285_A1,3
CGCTTAGTATTGATAC-1_V13B23-285_A1,11
CGCTTATTCCCGGTCG-1_V13B23-285_A1,11
CGCTTCCACTGAAATC-1_V13B23-285_A1,1
CGCTTCGGTCTAAGAC-1_V13B23-285_A1,7
CGCTTGGACGGATAGA-1_V13B23-285_A1,8
CGCTTTCATACCGGTG-1_V13B23-285_A1,14
CGCTTTCTTGCATTCG-1_V13B23-285_A1,10
CGGAAAGAATCAAACG-1_V13B23-285_A1,11
CGGAAAGCAAATGTGC-1_V13B23-285_A1,11
CGGAACGTAAACATAG-1_V13B23-285_A1,11
CGGACCTTTACGTCCC-1_V13B23-285_A1,5
CGGACGTTACTTGAAG-1_V13B23-285_A1,11
CGGAGCAATTTAATCG-1_V13B23-285_A1,11
CGGAGCATGGCGATCC-1_V13B23-285_A1,11
CGGAGCTTATAACACC-1_V13B23-285_A1,9
CGGAGTTTGAGAGACA-1_V13B23-285_A1,11
CGGATAAGCGGACATG-1_V13B23-285_A1,14
CGGATCCTCAAGGACT-1_V13B23-285_A1,8
CGGCAAACATCGTGCG-1_V13B23-285_A1,11
CGGCAATAAGATCGCC-1_V13B23-285_A1,5
CGGCACCGTTAGCGCC-1_V13B23-285_A1,9
CGGCACTCAAGAAAGT-1_V13B23-285_A1,14
CGGCAGGGTCGGGTTG-1_V13B23-285_A1,1
CGGCCACGCACAAAGT-1_V13B23-285_A1,11
CGGCCAGAGCGACCAT-1_V13B23-285_A1,11
CGGCCCAACCTGTAGT-1_V13B23-285_A1,7
CGGCCCAGGTATATCC-1_V13B23-285_A1,10
CGGCGCCATCAATCCC-1_V13B23-285_A1,8
CGGCTCTAAAGCTGCA-1_V13B23-285_A1,5
CGGCTCTTCGTCGAAC-1_V13B23-285_A1,9
CGGCTTTGTATGATAA-1_V13B23-285_A1,13
CGGGAATATAGTATAC-1_V13B23-285_A1,1
CGGGAATTTATGTAAA-1_V13B23-285_A1,11
CGGGAGCTTCAGTGTA-1_V13B23-285_A1,8
CGGGAGTATACCGCCG-1_V13B23-285_A1,1
CGGGATCAATGTAAGA-1_V13B23-285_A1,11
CGGGCAGCTAAACCGC-1_V13B23-285_A1,11
CGGGCCATAGCCGCAC-1_V13B23-285_A1,14
CGGGCCTTCTTTGTAA-1_V13B23-285_A1,11
CGGGCGATGGATCACG-1_V13B23-285_A1,1
CGGGTGTACCCATTTA-1_V13B23-285_A1,1
CGGGTTGTAGCTTTGG-1_V13B23-285_A1,15
CGGGTTTGTTAGGGCT-1_V13B23-285_A1,7
CGGTACGGCAAACCCA-1_V13B23-285_A1,10
CGGTACTAGAATCAAA-1_V13B23-285_A1,11
CGGTAGAGGTGCAGGT-1_V13B23-285_A1,1
CGGTCAAGTGGGAACC-1_V13B23-285_A1,11
CGGTCCATGAGACTCC-1_V13B23-285_A1,13
CGGTCCGTCGCAAGCC-1_V13B23-285_A1,1
CGGTCTATCAACCCGT-1_V13B23-285_A1,7
CGGTGAAGACTAAAGT-1_V13B23-285_A1,11
CGGTGCAGATAGAACG-1_V13B23-285_A1,11
CGGTGCGCGTTGGTCC-1_V13B23-285_A1,11
CGGTGGGCTCCAGCCT-1_V13B23-285_A1,9
CGGTGTACTTGATCCC-1_V13B23-285_A1,14
CGGTTATCCAACAGTG-1_V13B23-285_A1,1
CGGTTCAAGTAGGTGT-1_V13B23-285_A1,3
CGGTTCCGGCTTCTTG-1_V13B23-285_A1,14
CGGTTGACCTGGCATA-1_V13B23-285_A1,11
CGTAAACGCTTGAGTG-1_V13B23-285_A1,14
CGTAACTTCGACACTT-1_V13B23-285_A1,11
CGTAATAATTACGAGT-1_V13B23-285_A1,1
CGTACCGAAAGTCTAG-1_V13B23-285_A1,14
CGTACCTGATAGGCCT-1_V13B23-285_A1,11
CGTAGAGAGTAATTAT-1_V13B23-285_A1,7
CGTAGCGAATTGTCAG-1_V13B23-285_A1,14
CGTAGCGCCGACGTTG-1_V13B23-285_A1,1
CGTATTAAGAGATCTA-1_V13B23-285_A1,11
CGTCAAGGCTATAAAT-1_V13B23-285_A1,11
CGTCAATCTTTAACAT-1_V13B23-285_A1,14
CGTCACGTCCATTGGT-1_V13B23-285_A1,11
CGTCAGCTATTTACTC-1_V13B23-285_A1,10
CGTCAGTGCGCACAAG-1_V13B23-285_A1,14
CGTCATACCATATCCA-1_V13B23-285_A1,1
CGTCCAGATGGCTCCA-1_V13B23-285_A1,12
CGTCCTCATCGCGTGC-1_V13B23-285_A1,7
CGTCGCATGTGAGCCA-1_V13B23-285_A1,7
CGTCGCGGCGGGATTT-1_V13B23-285_A1,14
CGTCGCTTGGTTATAC-1_V13B23-285_A1,3
CGTCGGATAGTGTTGA-1_V13B23-285_A1,1
CGTCGGGTCTAAGCGC-1_V13B23-285_A1,11
CGTCGTCCTTCGCGAA-1_V13B23-285_A1,1
CGTCTGGAAGGGCCCG-1_V13B23-285_A1,1
CGTCTTGAGTGTGACG-1_V13B23-285_A1,5
CGTGAAGTTAATTCAC-1_V13B23-285_A1,11
CGTGACATTGGGTCGT-1_V13B23-285_A1,1
CGTGACCAGTCCTCTG-1_V13B23-285_A1,1
CGTGCAGACTGGGACA-1_V13B23-285_A1,11
CGTGCATTGTCGACGC-1_V13B23-285_A1,11
CGTGCCCTCCCGAAGA-1_V13B23-285_A1,11
CGTGCTGGCCTAGTCG-1_V13B23-285_A1,14
CGTGCTTCTACCTAAA-1_V13B23-285_A1,1
CGTGGAAGCCTCGTAC-1_V13B23-285_A1,3
CGTGGCCGAATATCTA-1_V13B23-285_A1,1
CGTGGTACCCAAAGGC-1_V13B23-285_A1,1
CGTGTATGGGAGCTGA-1_V13B23-285_A1,8
CGTGTCCCATTCGCGA-1_V13B23-285_A1,11
CGTGTCTCGTTACGAC-1_V13B23-285_A1,11
CGTGTGTTAAACCCTG-1_V13B23-285_A1,5
CGTTAAACTAGTTAGG-1_V13B23-285_A1,5
CGTTAATGTCCCGACG-1_V13B23-285_A1,3
CGTTAGCTCACAACTG-1_V13B23-285_A1,13
CGTTATCATACTTCCA-1_V13B23-285_A1,11
CGTTCAGACCCGCGAA-1_V13B23-285_A1,1
CGTTCATGGTGCGCGT-1_V13B23-285_A1,11
CGTTCTTCGCACACCT-1_V13B23-285_A1,9
CGTTGAATACCGCGCT-1_V13B23-285_A1,10
CGTTGAGCGACCGTCG-1_V13B23-285_A1,11
CGTTGCCCGCGTGGGA-1_V13B23-285_A1,11
CGTTGTAAACGTCAGG-1_V13B23-285_A1,11
CGTTGTAAGATTGATT-1_V13B23-285_A1,1
CGTTGTCGGCAATTGA-1_V13B23-285_A1,1
CGTTGTTTCAATTCCC-1_V13B23-285_A1,11
CGTTTAAGCGGAGCAC-1_V13B23-285_A1,8
CGTTTACAAGGCAGCT-1_V13B23-285_A1,13
CGTTTCACTTCGGGCG-1_V13B23-285_A1,1
CGTTTCGCTCATTACA-1_V13B23-285_A1,11
CGTTTGGTGTTGTGGG-1_V13B23-285_A1,8
CGTTTGTGTAGAGGGT-1_V13B23-285_A1,11
CTAAACGGGTGTAATC-1_V13B23-285_A1,14
CTAAAGAATGCCTACT-1_V13B23-285_A1,11
CTAAAGGGAAATAGGA-1_V13B23-285_A1,11
CTAAAGTCCGAAGCTA-1_V13B23-285_A1,12
CTAAATCCGGTGTACA-1_V13B23-285_A1,11
CTAAATCCTATTCCGG-1_V13B23-285_A1,11
CTAACCGCGCGCCCGT-1_V13B23-285_A1,11
CTAACGAAACTTGCTG-1_V13B23-285_A1,1
CTAACTGATAATCGCC-1_V13B23-285_A1,1
CTAACTGGTCCGGTTC-1_V13B23-285_A1,11
CTAAGGGAATGATTGG-1_V13B23-285_A1,11
CTAATTCGCACGCGCT-1_V13B23-285_A1,11
CTAATTCTCAGATATT-1_V13B23-285_A1,8
CTAATTTCAACAACAC-1_V13B23-285_A1,7
CTACAAGAAATAACCC-1_V13B23-285_A1,11
CTACACTAGCTTGTTC-1_V13B23-285_A1,14
CTACACTCGCAGATGG-1_V13B23-285_A1,3
CTACCCTAAGGTCATA-1_V13B23-285_A1,10
CTACGACTAGCTATAA-1_V13B23-285_A1,11
CTACGCACGGAGTACC-1_V13B23-285_A1,11
CTACGCCATTTCCGAT-1_V13B23-285_A1,13
CTACGTGTTGCCACCA-1_V13B23-285_A1,8
CTACTATCATAGGTTT-1_V13B23-285_A1,11
CTACTATCTTTCAGAG-1_V13B23-285_A1,1
CTACTCAAGGTATAGT-1_V13B23-285_A1,8
CTACTCTAGGCCCGGC-1_V13B23-285_A1,11
CTACTGCCACCTGACC-1_V13B23-285_A1,11
CTAGATAAACTCCTCG-1_V13B23-285_A1,14
CTAGATGTGAGTGTAA-1_V13B23-285_A1,1
CTAGATTTACGACGGC-1_V13B23-285_A1,11
CTAGCAACTAATTTAC-1_V13B23-285_A1,14
CTAGCATAGTATAATG-1_V13B23-285_A1,11
CTAGCCACAGGCGAGC-1_V13B23-285_A1,8
CTAGCCGATGTTATGA-1_V13B23-285_A1,3
CTAGCTTAATGGTCCC-1_V13B23-285_A1,3
CTAGGCGCCCTATCAG-1_V13B23-285_A1,8
CTAGGCGGCAGAGAAT-1_V13B23-285_A1,14
CTAGGTCTGAAGGAAT-1_V13B23-285_A1,1
CTAGGTTCGGACGTGA-1_V13B23-285_A1,1
CTAGTAGAAAGGGATT-1_V13B23-285_A1,7
CTAGTATTCGGAATTA-1_V13B23-285_A1,3
CTAGTCACGTCTTAAG-1_V13B23-285_A1,11
CTAGTGAAGGACAGGA-1_V13B23-285_A1,11
CTAGTTACAACCCGGT-1_V13B23-285_A1,5
CTAGTTGGGCCCGGTA-1_V13B23-285_A1,11
CTATAAGAGCCAATCG-1_V13B23-285_A1,1
CTATAGGCGTTGATGT-1_V13B23-285_A1,11
CTATCGACGAAATACA-1_V13B23-285_A1,1
CTATCGCGTAGAGAAC-1_V13B23-285_A1,7
CTATCGGGTCTCAACA-1_V13B23-285_A1,6
CTATGCCCGAATGCAA-1_V13B23-285_A1,11
CTATGGGAAGCGGAAT-1_V13B23-285_A1,1
CTATGTCACTAGCCCA-1_V13B23-285_A1,11
CTATGTCTATTGAAAC-1_V13B23-285_A1,7
CTATGTGAGTCACGGC-1_V13B23-285_A1,11
CTATTCATGTGTCCCA-1_V13B23-285_A1,11
CTATTTGCTTGGAGGA-1_V13B23-285_A1,8
CTATTTGGTTACGGAT-1_V13B23-285_A1,11
CTCAAACCACTGCCCG-1_V13B23-285_A1,3
CTCAACTAACCCGGAT-1_V13B23-285_A1,1
CTCACATTTACTAAAT-1_V13B23-285_A1,5
CTCACCAGTACAAGTG-1_V13B23-285_A1,11
CTCACTGTGATACTTA-1_V13B23-285_A1,7
CTCACTTGGCTGGTAA-1_V13B23-285_A1,11
CTCAGATTGTGATAAG-1_V13B23-285_A1,11
CTCAGGACTCACCTGT-1_V13B23-285_A1,14
CTCAGTCACGACAAAT-1_V13B23-285_A1,5
CTCATCACTTAGTGAT-1_V13B23-285_A1,5
CTCATGGCTCACAATC-1_V13B23-285_A1,8
CTCATGGTAATTTGCG-1_V13B23-285_A1,11
CTCATTCGTGAACATC-1_V13B23-285_A1,11
CTCATTGCTCTAACAA-1_V13B23-285_A1,3
CTCATTTGATGGGCGG-1_V13B23-285_A1,13
CTCCCAATGAGTCGCG-1_V13B23-285_A1,8
CTCCCTCCTTTCGATC-1_V13B23-285_A1,11
CTCCGCCCACATGAGG-1_V13B23-285_A1,11
CTCCGGCCTAATATGC-1_V13B23-285_A1,11
CTCCGGCTTGTAGACA-1_V13B23-285_A1,14
CTCCTAAGTTATGTCT-1_V13B23-285_A1,14
CTCCTCCAGCTCACAC-1_V13B23-285_A1,1
CTCCTGTTCAAGGCAG-1_V13B23-285_A1,3
CTCCTTTACGCAAGTC-1_V13B23-285_A1,5
CTCGAGACATACGATA-1_V13B23-285_A1,11
CTCGAGATCCAAAGCA-1_V13B23-285_A1,14
CTCGAGGTCGAACAGT-1_V13B23-285_A1,11
CTCGATATTTGCGAGC-1_V13B23-285_A1,10
CTCGCACCTATATAGT-1_V13B23-285_A1,11
CTCGCATTGCATAGCC-1_V13B23-285_A1,11
CTCGCCGAATGTAGGG-1_V13B23-285_A1,11
CTCGGGATAACACCTA-1_V13B23-285_A1,1
CTCGGGTTCTCTGGCC-1_V13B23-285_A1,11
CTCGGTACCACTGCTC-1_V13B23-285_A1,11
CTCGGTCCGTAGCCTG-1_V13B23-285_A1,11
CTCGGTTGTCGGCCCT-1_V13B23-285_A1,11
CTCGTCGAGGGCTCAT-1_V13B23-285_A1,11
CTCGTCTGTGCCTTCG-1_V13B23-285_A1,1
CTCGTTTCTAATGTTT-1_V13B23-285_A1,10
CTCTAATGCATTGATC-1_V13B23-285_A1,5
CTCTACACTGGCGATT-1_V13B23-285_A1,11
CTCTAGCCCTCGGAAA-1_V13B23-285_A1,3
CTCTATTTGGCTGCAG-1_V13B23-285_A1,11
CTCTCACAATCGATGA-1_V13B23-285_A1,11
CTCTCGATGTGCGCCT-1_V13B23-285_A1,2
CTCTCGCTGTACTATG-1_V13B23-285_A1,11
CTCTCTAACTGCCTAG-1_V13B23-285_A1,11
CTCTGCGAAGCAAGCA-1_V13B23-285_A1,14
CTCTGGACGCCTGGTG-1_V13B23-285_A1,11
CTCTGTGCCTGCTATG-1_V13B23-285_A1,14
CTCTGTTTGAGGATTC-1_V13B23-285_A1,14
CTCTTCTATTGACTGG-1_V13B23-285_A1,8
CTCTTCTGGAAGTTAG-1_V13B23-285_A1,6
CTCTTGTCCCGCTTGG-1_V13B23-285_A1,3
CTGAAAGAGATCCGAC-1_V13B23-285_A1,11
CTGAATCCGAGACCTC-1_V13B23-285_A1,11
CTGAATTTATTGCCAG-1_V13B23-285_A1,5
CTGACATAGAAATAGA-1_V13B23-285_A1,10
CTGACTGCGCAGCTCG-1_V13B23-285_A1,10
CTGAGAAAGTTCGGCG-1_V13B23-285_A1,3
CTGAGCAAGTAACAAG-1_V13B23-285_A1,14
CTGATAGTGTATCTCA-1_V13B23-285_A1,11
CTGCAAGCACGTTCCG-1_V13B23-285_A1,7
CTGCACAACTACATAT-1_V13B23-285_A1,3
CTGCACCTAGTCCACA-1_V13B23-285_A1,10
CTGCACCTGGAACCGC-1_V13B23-285_A1,14
CTGCACTCCAGTACAG-1_V13B23-285_A1,10
CTGCAGAGAATCAGAG-1_V13B23-285_A1,1
CTGCCAAGGTTGGAAG-1_V13B23-285_A1,11
CTGCCATGCATCACAT-1_V13B23-285_A1,11
CTGCCCACGAAGCGTT-1_V13B23-285_A1,11
CTGCCTAGCCACCAAG-1_V13B23-285_A1,9
CTGCCTCATATGCAAC-1_V13B23-285_A1,5
CTGCCTTTAATACCTT-1_V13B23-285_A1,5
CTGCCTTTCTAGTAAA-1_V13B23-285_A1,8
CTGCGACCTCGCCGAA-1_V13B23-285_A1,5
CTGCGGGTGAAATGTT-1_V13B23-285_A1,11
CTGCGTTACGATATAA-1_V13B23-285_A1,1
CTGCTGAGGCCACGAA-1_V13B23-285_A1,11
CTGCTGTCTAACGAGC-1_V13B23-285_A1,1
CTGCTTGGCGATAGCT-1_V13B23-285_A1,8
CTGCTTTATGTCCGCG-1_V13B23-285_A1,9
CTGGAAATGGATGCTT-1_V13B23-285_A1,11
CTGGAAGACACGGTGG-1_V13B23-285_A1,1
CTGGACGCAGTCCGGC-1_V13B23-285_A1,11
CTGGATTTACACTTGA-1_V13B23-285_A1,11
CTGGCATCCGAATGAG-1_V13B23-285_A1,11
CTGGCGACATAAGTCC-1_V13B23-285_A1,7
CTGGCGATTTACATGT-1_V13B23-285_A1,12
CTGGCGCACAGGTCTG-1_V13B23-285_A1,5
CTGGCGGGAATAAGTA-1_V13B23-285_A1,8
CTGGCTCCTGCGGGAT-1_V13B23-285_A1,14
CTGGCTGATTCATCCT-1_V13B23-285_A1,7
CTGGCTGCTAACGTAA-1_V13B23-285_A1,8
CTGGCTGGTTGTCAGT-1_V13B23-285_A1,11
CTGGGATAAATAATGG-1_V13B23-285_A1,1
CTGGGATACGCTACCC-1_V13B23-285_A1,5
CTGGGCCTGCTATATC-1_V13B23-285_A1,11
CTGGGTAGGCAGTTAA-1_V13B23-285_A1,11
CTGGGTTGAGTTAAAG-1_V13B23-285_A1,11
CTGGTAAAGACTTACA-1_V13B23-285_A1,12
CTGGTAAAGTGTGGGC-1_V13B23-285_A1,8
CTGGTAACACATAGAA-1_V13B23-285_A1,11
CTGGTAACGAGCTCTT-1_V13B23-285_A1,5
CTGGTCATTCCAATCC-1_V13B23-285_A1,11
CTGGTCCTAACTTGGC-1_V13B23-285_A1,9
CTGGTTCAACGCATCA-1_V13B23-285_A1,14
CTGGTTCGCGAGCTAC-1_V13B23-285_A1,5
CTGGTTTCGAGCAAGA-1_V13B23-285_A1,10
CTGTACTTCTTAGCAT-1_V13B23-285_A1,11
CTGTAGCCATCTCACT-1_V13B23-285_A1,11
CTGTATGGTGTAGAAA-1_V13B23-285_A1,7
CTGTCAAATGGCTCGG-1_V13B23-285_A1,6
CTGTGCAGGGTAGGTC-1_V13B23-285_A1,11
CTGTGGTCGGGAGATA-1_V13B23-285_A1,3
CTGTTACCCAATCTAG-1_V13B23-285_A1,11
CTGTTCACTGCCTGTG-1_V13B23-285_A1,11
CTGTTCATCTCACGGG-1_V13B23-285_A1,11
CTGTTGGCTCTTCTGA-1_V13B23-285_A1,11
CTTAAATAAGACCCAT-1_V13B23-285_A1,11
CTTAACTTACAGTATA-1_V13B23-285_A1,7
CTTAACTTCGAAGTAC-1_V13B23-285_A1,10
CTTAAGCAGCGAGCCG-1_V13B23-285_A1,11
CTTACACGGTATTCCA-1_V13B23-285_A1,11
CTTACACTGGGAAATA-1_V13B23-285_A1,14
CTTAGCCCGGATAGTG-1_V13B23-285_A1,11
CTTAGCCTTCCACATG-1_V13B23-285_A1,6
CTTAGTAGGCCTACAG-1_V13B23-285_A1,1
CTTAGTGTAGTAGCAT-1_V13B23-285_A1,8
CTTATAGATGGCTGTT-1_V13B23-285_A1,8
CTTATGCGCTCAGGGC-1_V13B23-285_A1,11
CTTATGTTGACTACCA-1_V13B23-285_A1,14
CTTCAACTCCACTTGG-1_V13B23-285_A1,8
CTTCAGTGGTCGCCTA-1_V13B23-285_A1,11
CTTCATAGCTCAAGAA-1_V13B23-285_A1,1
CTTCATTGTCAGTGGA-1_V13B23-285_A1,11
CTTCCGCTCCGTGAAG-1_V13B23-285_A1,11
CTTCGATTGCGCAAGC-1_V13B23-285_A1,7
CTTCGGCCAATTGTTT-1_V13B23-285_A1,1
CTTCGTAGATAGGTGA-1_V13B23-285_A1,11
CTTCGTGCCCGCATCG-1_V13B23-285_A1,2
CTTCTATGTTGAAGTA-1_V13B23-285_A1,11
CTTCTATTAATGCTAG-1_V13B23-285_A1,11
CTTCTTACGTCGTATA-1_V13B23-285_A1,8
CTTGACCCGAAAGATA-1_V13B23-285_A1,13
CTTGAGGTTATCCCGA-1_V13B23-285_A1,14
CTTGAGTTAGGGTAAT-1_V13B23-285_A1,5
CTTGATGACCATCCAG-1_V13B23-285_A1,8
CTTGCAACCGCCTCCT-1_V13B23-285_A1,11
CTTGCCCACCCACGCA-1_V13B23-285_A1,8
CTTGCCCAGGCTCTAC-1_V13B23-285_A1,11
CTTGGCCAAGCTGGGA-1_V13B23-285_A1,1
CTTGTACTTGTTGACT-1_V13B23-285_A1,11
CTTGTCAACATTCGAG-1_V13B23-285_A1,11
CTTGTCGTACGTGTCA-1_V13B23-285_A1,14
CTTGTGAGGACAGCGG-1_V13B23-285_A1,14
CTTGTGAGTCTTTGAC-1_V13B23-285_A1,14
CTTGTGCTCACCGATT-1_V13B23-285_A1,10
CTTGTTGCTGAGTCAA-1_V13B23-285_A1,11
CTTGTTTATGTAGCCA-1_V13B23-285_A1,14
CTTTAACTTTCAAAGG-1_V13B23-285_A1,11
CTTTAATATTGGTCGA-1_V13B23-285_A1,5
CTTTACCGAATAGTAG-1_V13B23-285_A1,5
CTTTAGGAACACTGTT-1_V13B23-285_A1,11
CTTTAGTGCTATTATT-1_V13B23-285_A1,11
CTTTCTGTGCGGGCTT-1_V13B23-285_A1,5
CTTTGACGTCGCTTCT-1_V13B23-285_A1,11
CTTTGCATCGCTCTTG-1_V13B23-285_A1,3
CTTTGCTGTCATGGAT-1_V13B23-285_A1,1
CTTTGGCGCTTTATAC-1_V13B23-285_A1,11
CTTTGGCTTTAGTAAA-1_V13B23-285_A1,11
CTTTGGGATTGTTGCA-1_V13B23-285_A1,11
CTTTGTCGAATGCTCC-1_V13B23-285_A1,1
GAAACAGATGACCACC-1_V13B23-285_A1,5
GAAACAGCCATGCAGT-1_V13B23-285_A1,12
GAAACATAGGAAACAG-1_V13B23-285_A1,5
GAAACCATGGTGCGCT-1_V13B23-285_A1,10
GAAACCGAATTACCTT-1_V13B23-285_A1,11
GAAACCTATACAAATG-1_V13B23-285_A1,1
GAAACTCGTGCGATGC-1_V13B23-285_A1,11
GAAACTCTAATGAAGG-1_V13B23-285_A1,13
GAAAGAACAGCGTTAT-1_V13B23-285_A1,1
GAAAGCAGTGCACTTT-1_V13B23-285_A1,11
GAAAGCCCTTTGGACC-1_V13B23-285_A1,11
GAAAGTGACTAACTGC-1_V13B23-285_A1,11
GAAATACTAAACGTTT-1_V13B23-285_A1,4
GAAATATCACCATCAG-1_V13B23-285_A1,11
GAAATCGCGCGCAACT-1_V13B23-285_A1,11
GAAATCTGACCAAGTT-1_V13B23-285_A1,11
GAAATGGCGGTGTTAG-1_V13B23-285_A1,11
GAAATGGGATGTAAAC-1_V13B23-285_A1,14
GAAATTAGCACGGATA-1_V13B23-285_A1,5
GAAATTCACATCGCTG-1_V13B23-285_A1,14
GAAATTGTCTCTATAA-1_V13B23-285_A1,11
GAACAACTGGGATGAA-1_V13B23-285_A1,7
GAACACACATCAACCA-1_V13B23-285_A1,11
GAACAGATTACTAAAT-1_V13B23-285_A1,7
GAACCATCTGGGAGAC-1_V13B23-285_A1,13
GAACCCTCTGTGTTCT-1_V13B23-285_A1,11
GAACCTCGACCTACAC-1_V13B23-285_A1,11
GAACCTTTAACGATCC-1_V13B23-285_A1,7
GAACGACCGAATGATA-1_V13B23-285_A1,11
GAACGATAAGTTAAAG-1_V13B23-285_A1,5
GAACGCGGGTCACACG-1_V13B23-285_A1,5
GAACGTCTCATGGTCG-1_V13B23-285_A1,3
GAACGTTAGGAAGACG-1_V13B23-285_A1,11
GAACTGTGGAGAGACA-1_V13B23-285_A1,1
GAAGAAACGATATTGT-1_V13B23-285_A1,11
GAAGAACGGTGCAGGT-1_V13B23-285_A1,14
GAAGCAAGGCAATGTT-1_V13B23-285_A1,14
GAAGCCACTGATTATG-1_V13B23-285_A1,1
GAAGCCGGGTAAGCTC-1_V13B23-285_A1,11
GAAGCCTGCACATTCC-1_V13B23-285_A1,11
GAAGCGTGAGGAATTT-1_V13B23-285_A1,11
GAAGCTCGGACCCGTC-1_V13B23-285_A1,11
GAAGCTCTTTGCTTAG-1_V13B23-285_A1,14
GAAGCTTGCTGACCGC-1_V13B23-285_A1,11
GAAGGACTAAATTGAA-1_V13B23-285_A1,12
GAAGGAGTCGAGTGCG-1_V13B23-285_A1,1
GAAGGCTACCATTGTT-1_V13B23-285_A1,5
GAAGGGCATAACCATG-1_V13B23-285_A1,14
GAAGTCAGTTGCACTA-1_V13B23-285_A1,11
GAAGTCTCCCTAGCGA-1_V13B23-285_A1,5
GAAGTGATTTATCGTG-1_V13B23-285_A1,11
GAAGTGCTGGATAGCT-1_V13B23-285_A1,1
GAAGTTTCCACTCAAT-1_V13B23-285_A1,11
GAATAGACGCGACCCA-1_V13B23-285_A1,10
GAATAGCATTTAGGGT-1_V13B23-285_A1,3
GAATAGTGCTCGATTA-1_V13B23-285_A1,11
GAATATTCGGAGTCCC-1_V13B23-285_A1,13
GAATCGACATGGTCAC-1_V13B23-285_A1,11
GAATCGCCGGACACGG-1_V13B23-285_A1,14
GAATCTGAACATTCTC-1_V13B23-285_A1,11
GAATGCCGAAATGACC-1_V13B23-285_A1,10
GAATGCGAATCGGTTC-1_V13B23-285_A1,1
GAATGGGCTTATCGAC-1_V13B23-285_A1,11
GAATGTATGGCAGGTC-1_V13B23-285_A1,10
GAATGTGGTCCGGATT-1_V13B23-285_A1,11
GAATGTTGGGTAATCT-1_V13B23-285_A1,11
GAATTATAGTGAAAGG-1_V13B23-285_A1,11
GAATTCACCCGGGTGT-1_V13B23-285_A1,11
GAATTTCTCGCTGCAG-1_V13B23-285_A1,11
GACAAACATATGCAGG-1_V13B23-285_A1,7
GACAACGACCATTGAA-1_V13B23-285_A1,11
GACAACGCAGCTTACG-1_V13B23-285_A1,11
GACAAGAGATGAGATT-1_V13B23-285_A1,8
GACACAAGGGAAGAAA-1_V13B23-285_A1,1
GACACGAGTTAGAGGA-1_V13B23-285_A1,2
GACACTGAGTTCAGTG-1_V13B23-285_A1,11
GACACTGGAACCCGAT-1_V13B23-285_A1,3
GACACTTCCAATTACC-1_V13B23-285_A1,8
GACAGATTTCTGGCTC-1_V13B23-285_A1,11
GACAGCCAGACCTGAC-1_V13B23-285_A1,11
GACAGGCACACACTAT-1_V13B23-285_A1,11
GACATACTGTCGCAGA-1_V13B23-285_A1,11
GACATCCGTCGAACTG-1_V13B23-285_A1,3
GACATCGATTTATAAC-1_V13B23-285_A1,11
GACCAAACGTTGACTG-1_V13B23-285_A1,3
GACCACACTTCCCTTT-1_V13B23-285_A1,1
GACCAGAGCCCTGTAG-1_V13B23-285_A1,11
GACCCAATTATGATAC-1_V13B23-285_A1,11
GACCCGTCGCCGGCTA-1_V13B23-285_A1,14
GACCGACGTGAAAGCA-1_V13B23-285_A1,5
GACCGACTGAAGCGTC-1_V13B23-285_A1,11
GACCGCGTCTGACGTG-1_V13B23-285_A1,1
GACCGTCAGGTCGTGA-1_V13B23-285_A1,12
GACCGTGCTGACGGTG-1_V13B23-285_A1,11
GACCGTTACATGCGAC-1_V13B23-285_A1,11
GACCTTCCACGTCTAC-1_V13B23-285_A1,14
GACGACGATCCGCGTT-1_V13B23-285_A1,11
GACGAGGCTAATAAAC-1_V13B23-285_A1,1
GACGCCGTAAAGGCTA-1_V13B23-285_A1,11
GACGCCTGTTGCAGGG-1_V13B23-285_A1,14
GACGCTTGCTTCTAAA-1_V13B23-285_A1,11
GACGGACCGCGTTCCT-1_V13B23-285_A1,2
GACGGGATGTCTTATG-1_V13B23-285_A1,2
GACGGGTTGGCCCGTA-1_V13B23-285_A1,1
GACGGTCAATAGAAGC-1_V13B23-285_A1,5
GACGGTCCTAGGGTGT-1_V13B23-285_A1,5
GACGTGAGACTCCATG-1_V13B23-285_A1,14
GACGTGTAGGGATTAT-1_V13B23-285_A1,11
GACGTTCGTAAATACA-1_V13B23-285_A1,5
GACTAAGATCATGCAC-1_V13B23-285_A1,11
GACTAAGTAGGCTCAC-1_V13B23-285_A1,11
GACTACAAAGCGGTGG-1_V13B23-285_A1,11
GACTACAATTGCTCGT-1_V13B23-285_A1,9
GACTAGGCCGTTAGGT-1_V13B23-285_A1,8
GACTCACCCACGTGAG-1_V13B23-285_A1,5
GACTCCCAGAATAAGG-1_V13B23-285_A1,5
GACTCCTTCCAATTGA-1_V13B23-285_A1,1
GACTCGCGGGAATGAC-1_V13B23-285_A1,5
GACTGCAAATCGAGCT-1_V13B23-285_A1,14
GACTGCACCAGCCCAG-1_V13B23-285_A1,11
GACTGCGGCACGTGTA-1_V13B23-285_A1,11
GAGAACGGTTCTGACT-1_V13B23-285_A1,7
GAGAATCTCACGATCA-1_V13B23-285_A1,11
GAGACTGATGGGTAGA-1_V13B23-285_A1,11
GAGACTTCGCGACCGA-1_V13B23-285_A1,11
GAGAGCGCAGTCCCTG-1_V13B23-285_A1,11
GAGAGGCCTATGTGTA-1_V13B23-285_A1,10
GAGAGGGCGCGAGGTT-1_V13B23-285_A1,11
GAGAGGTGCATTCTGG-1_V13B23-285_A1,11
GAGATCTGCTTGGCAT-1_V13B23-285_A1,11
GAGATCTGTCACTCCG-1_V13B23-285_A1,1
GAGATCTTCCATGACA-1_V13B23-285_A1,5
GAGATGACAATCCTTA-1_V13B23-285_A1,10
GAGATGGCTTTAATCA-1_V13B23-285_A1,1
GAGATGGGAGTCGACA-1_V13B23-285_A1,1
GAGCACCTGTGTCCAG-1_V13B23-285_A1,8
GAGCACGGCGCCTCTT-1_V13B23-285_A1,5
GAGCATCAACAACTTG-1_V13B23-285_A1,12
GAGCATCATCCCTGGG-1_V13B23-285_A1,14
GAGCCACGGTAGTAGG-1_V13B23-285_A1,5
GAGCCAGCTACCTGTG-1_V13B23-285_A1,7
GAGCGAGGGAGTACCG-1_V13B23-285_A1,8
GAGCGCAAATACTCCG-1_V13B23-285_A1,1
GAGCGCGCACGAGTAG-1_V13B23-285_A1,7
GAGCGCTGTTAGGTAA-1_V13B23-285_A1,11
GAGCTAAGGGCATATC-1_V13B23-285_A1,1
GAGCTCTCGGACCTAA-1_V13B23-285_A1,14
GAGCTGTCGTCTCGGA-1_V13B23-285_A1,9
GAGGAATGGAGAGGTT-1_V13B23-285_A1,11
GAGGAGATCCTCATGC-1_V13B23-285_A1,8
GAGGAGTAATTCCTAC-1_V13B23-285_A1,13
GAGGATAAACAGTGCT-1_V13B23-285_A1,5
GAGGCCCGACTCCGCA-1_V13B23-285_A1,11
GAGGCCTGTTGATACA-1_V13B23-285_A1,8
GAGGCTATCAAAGTCG-1_V13B23-285_A1,11
GAGGGAGTCAGATCGC-1_V13B23-285_A1,3
GAGGGCATCGCGTATC-1_V13B23-285_A1,14
GAGGGCGCAGCTCTGC-1_V13B23-285_A1,5
GAGGGTAGTAACAAAG-1_V13B23-285_A1,1
GAGGTACATCCATCTT-1_V13B23-285_A1,2
GAGGTACGCGTGTCCC-1_V13B23-285_A1,1
GAGGTCCCAAAGATCT-1_V13B23-285_A1,7
GAGTAAACCGGAAAGT-1_V13B23-285_A1,10
GAGTAAGGCCACGGGA-1_V13B23-285_A1,11
GAGTACGGGTATACAA-1_V13B23-285_A1,14
GAGTAGATACTAGTTG-1_V13B23-285_A1,11
GAGTATCAAAGTTACA-1_V13B23-285_A1,5
GAGTATGCCCGCCTTG-1_V13B23-285_A1,11
GAGTATGCGCGTGCAT-1_V13B23-285_A1,3
GAGTCAGACCAGAATC-1_V13B23-285_A1,11
GAGTCCGCTTACCGGA-1_V13B23-285_A1,11
GAGTCGACAGACCCTC-1_V13B23-285_A1,11
GAGTCTTGTAAAGGAC-1_V13B23-285_A1,11
GAGTGTCAACCAGAAA-1_V13B23-285_A1,7
GAGTGTGCGGTACCCA-1_V13B23-285_A1,11
GAGTTCTGTGGGTGCT-1_V13B23-285_A1,11
GAGTTGATGGCAATTT-1_V13B23-285_A1,11
GATAAATCGGTGGATG-1_V13B23-285_A1,14
GATAACTCGCACTGTG-1_V13B23-285_A1,5
GATAAGGCAGATGCAA-1_V13B23-285_A1,14
GATACCGTGTCGGAGT-1_V13B23-285_A1,5
GATACGATGGGAGTCA-1_V13B23-285_A1,11
GATAGCGTACCACGCG-1_V13B23-285_A1,1
GATAGGATTAATTACA-1_V13B23-285_A1,5
GATAGGTAACGTTGAC-1_V13B23-285_A1,11
GATAGGTGTCCCGGGC-1_V13B23-285_A1,10
GATATCAAGCAGGAGC-1_V13B23-285_A1,11
GATATCAGTATGTATC-1_V13B23-285_A1,14
GATATCTCATGCAATA-1_V13B23-285_A1,3
GATATGAGACACTAAC-1_V13B23-285_A1,11
GATATGCGGTAGCCAA-1_V13B23-285_A1,1
GATATGGATTACGCGG-1_V13B23-285_A1,11
GATATTGAGATTGGCG-1_V13B23-285_A1,1
GATATTTCCTACATGG-1_V13B23-285_A1,1
GATCAACATAAAGGGA-1_V13B23-285_A1,11
GATCATTCCAAACATT-1_V13B23-285_A1,11
GATCCCTTTATACTGC-1_V13B23-285_A1,11
GATCCGAATATAAGTG-1_V13B23-285_A1,5
GATCCGGGAATTAACA-1_V13B23-285_A1,11
GATCCTAAATCGGGAC-1_V13B23-285_A1,5
GATCCTCGACACTGGC-1_V13B23-285_A1,11
GATCGACACTATCTGA-1_V13B23-285_A1,5
GATCGCGGGCTCTCCA-1_V13B23-285_A1,6
GATCGCTACCCGATTT-1_V13B23-285_A1,8
GATCGCTATATCTCAG-1_V13B23-285_A1,1
GATCGGATAGAACCAT-1_V13B23-285_A1,11
GATCGGCGATAAGTCG-1_V13B23-285_A1,1
GATCGGTGGCCATAAC-1_V13B23-285_A1,12
GATCGTGACTGATATC-1_V13B23-285_A1,11
GATCTAACCGTATTCA-1_V13B23-285_A1,11
GATCTCGACGCTGTGG-1_V13B23-285_A1,10
GATCTGCTATCTAAGG-1_V13B23-285_A1,1
GATCTTCATTGTCCTC-1_V13B23-285_A1,11
GATCTTGGAGGGCATA-1_V13B23-285_A1,11
GATCTTTGCAGGGTAT-1_V13B23-285_A1,11
GATGACAAGTAGGGCA-1_V13B23-285_A1,1
GATGAGGAACCTTCGG-1_V13B23-285_A1,1
GATGATTTGAAACTGG-1_V13B23-285_A1,14
GATGCCACACTACAGC-1_V13B23-285_A1,14
GATGCCAGCAGAAGGC-1_V13B23-285_A1,11
GATGCCTTCTGCGGCA-1_V13B23-285_A1,5
GATGCGAATGGTATTA-1_V13B23-285_A1,11
GATGCGTCCTGCATTC-1_V13B23-285_A1,11
GATGCTACAAGCGCCT-1_V13B23-285_A1,1
GATGCTACCTTCGATG-1_V13B23-285_A1,12
GATGCTGTATTTCATC-1_V13B23-285_A1,11
GATGGCGCACACATTA-1_V13B23-285_A1,14
GATGTAACGAACCACC-1_V13B23-285_A1,11
GATGTCCGGATCACAT-1_V13B23-285_A1,14
GATGTCGGTCAACTGC-1_V13B23-285_A1,9
GATGTTCAATCCACGA-1_V13B23-285_A1,6
GATGTTTGTGCGAGAT-1_V13B23-285_A1,14
GATTAACCGAAAGCCC-1_V13B23-285_A1,10
GATTAATCCTGGCTCA-1_V13B23-285_A1,14
GATTACTGAATTTGGG-1_V13B23-285_A1,11
GATTCCCTTGTCGCAG-1_V13B23-285_A1,11
GATTCCGCGTTTCCGT-1_V13B23-285_A1,15
GATTCCTATACGGCGC-1_V13B23-285_A1,11
GATTCGACGGTTCACG-1_V13B23-285_A1,11
GATTGACACTCTGCTC-1_V13B23-285_A1,9
GATTGCTCCAGTTGCA-1_V13B23-285_A1,3
GATTGGGAAAGGTTGT-1_V13B23-285_A1,1
GCAAACCCTACATTAT-1_V13B23-285_A1,11
GCAAACCTTGGCCATA-1_V13B23-285_A1,1
GCAAACGTCGCCAGGT-1_V13B23-285_A1,10
GCAAATATTACGCTTT-1_V13B23-285_A1,11
GCAAATGAGGACACTT-1_V13B23-285_A1,11
GCAACACACTAGAACT-1_V13B23-285_A1,11
GCAACAGCAGTATGCG-1_V13B23-285_A1,5
GCAACCACCAGACCGG-1_V13B23-285_A1,13
GCAACCACGGCCGCGT-1_V13B23-285_A1,11
GCAACCCAAGTTGTTT-1_V13B23-285_A1,11
GCAACGGCTAGTTATG-1_V13B23-285_A1,5
GCAAGAATTCCTTGGC-1_V13B23-285_A1,11
GCAAGCTGGAAACCGC-1_V13B23-285_A1,1
GCAAGTGCACAGAGAA-1_V13B23-285_A1,11
GCAAGTGTAAAGCATG-1_V13B23-285_A1,11
GCAATTAGTCGCACCG-1_V13B23-285_A1,10
GCACAAACGAGGCGTG-1_V13B23-285_A1,5
GCACAACCTCGGGCGT-1_V13B23-285_A1,5
GCACAAGTGGATCATA-1_V13B23-285_A1,11
GCACAAGTGTCGGAAG-1_V13B23-285_A1,2
GCACACACTGGTAGCC-1_V13B23-285_A1,1
GCACACGCCCATGGTC-1_V13B23-285_A1,11
GCACGCCTACTTAGAT-1_V13B23-285_A1,11
GCACGTGGTTTACTTA-1_V13B23-285_A1,8
GCACTAGTCGCGCTAT-1_V13B23-285_A1,14
GCACTCCCACAGTCCC-1_V13B23-285_A1,14
GCACTGCCTACCTTTA-1_V13B23-285_A1,3
GCACTGTGCAAATGTA-1_V13B23-285_A1,14
GCAGAAGGTAATCTCC-1_V13B23-285_A1,10
GCAGACCCAGCACGTA-1_V13B23-285_A1,1
GCAGATCCATAAGACT-1_V13B23-285_A1,1
GCAGATCCTCGCAAAT-1_V13B23-285_A1,11
GCAGATTAGGGATATC-1_V13B23-285_A1,11
GCAGCACACAGCCCAG-1_V13B23-285_A1,11
GCAGCCTATATCACAT-1_V13B23-285_A1,5
GCAGCGGTGGGCATTA-1_V13B23-285_A1,14
GCAGGAACTTAGATCT-1_V13B23-285_A1,11
GCAGGACTATAGAATA-1_V13B23-285_A1,11
GCAGGTAGAGTATGGT-1_V13B23-285_A1,14
GCAGTGTGGCTATAGG-1_V13B23-285_A1,8
GCAGTTCGATCCGAGC-1_V13B23-285_A1,5
GCATACGAGGTCTTTA-1_V13B23-285_A1,11
GCATAGAGCACTCAGG-1_V13B23-285_A1,11
GCATCCCTAACTTTGA-1_V13B23-285_A1,14
GCATCGGCCGTGTAGG-1_V13B23-285_A1,7
GCATGAGGGACGCGGC-1_V13B23-285_A1,3
GCATGCTAATAACGAT-1_V13B23-285_A1,10
GCATGGGTACTGACGC-1_V13B23-285_A1,11
GCATTCAAGGCAACGC-1_V13B23-285_A1,8
GCATTCGAAATGAACA-1_V13B23-285_A1,12
GCATTGACTTGCGGAA-1_V13B23-285_A1,11
GCATTGTAATTCATAT-1_V13B23-285_A1,11
GCATTTCCAAGGCTCC-1_V13B23-285_A1,5
GCCAACCATTTCCGGA-1_V13B23-285_A1,5
GCCAAGAATACTTCTG-1_V13B23-285_A1,11
GCCAATAGGGCATCTC-1_V13B23-285_A1,3
GCCACAATTTAAGGAC-1_V13B23-285_A1,11
GCCACTCAGAGCGCGA-1_V13B23-285_A1,7
GCCACTCCTTACGGTA-1_V13B23-285_A1,7
GCCAGGAGTAACCGAT-1_V13B23-285_A1,1
GCCAGGCTTAGTGGTA-1_V13B23-285_A1,2
GCCATATTGCACACAG-1_V13B23-285_A1,1
GCCATCGAGCTGCGTG-1_V13B23-285_A1,11
GCCATCGATGCTGCAT-1_V13B23-285_A1,5
GCCATTAGCCTCAAAC-1_V13B23-285_A1,11
GCCCACCAAGGCTGTC-1_V13B23-285_A1,14
GCCCAGATGCTGGAGA-1_V13B23-285_A1,5
GCCCAGTTGGTATGCC-1_V13B23-285_A1,11
GCCCGACTTCTTCCCG-1_V13B23-285_A1,11
GCCCGAGAGTCTAAAT-1_V13B23-285_A1,11
GCCCGATCTGTGGTCG-1_V13B23-285_A1,11
GCCCGCGCGTAAACGG-1_V13B23-285_A1,11
GCCCGCGCGTTTGACA-1_V13B23-285_A1,1
GCCCGTAATACCTTCT-1_V13B23-285_A1,11
GCCCTAGCCGTCGCGA-1_V13B23-285_A1,11
GCCGAAATTCCTACGT-1_V13B23-285_A1,11
GCCGACCCACGACTGC-1_V13B23-285_A1,1
GCCGATTGGCCAAGCT-1_V13B23-285_A1,11
GCCGCACTCCGTTTCA-1_V13B23-285_A1,5
GCCGCATTAGTCCGGC-1_V13B23-285_A1,11
GCCGCTTGTGAGAAAC-1_V13B23-285_A1,11
GCCGGAAACACATCTT-1_V13B23-285_A1,13
GCCGGGTTAGGGTCGC-1_V13B23-285_A1,11
GCCGGTTTGGGCGGAT-1_V13B23-285_A1,14
GCCGTGGAAGAAATGT-1_V13B23-285_A1,5
GCCTACGTTCTGTGCA-1_V13B23-285_A1,1
GCCTAGCGATCTGACC-1_V13B23-285_A1,1
GCCTATAGTGTCAGGG-1_V13B23-285_A1,1
GCCTATTCCGATATAG-1_V13B23-285_A1,11
GCCTATTTGCTACACA-1_V13B23-285_A1,7
GCCTCATCTGGAAATA-1_V13B23-285_A1,12
GCCTCCGACAATTCAC-1_V13B23-285_A1,3
GCCTCTATACATAGCA-1_V13B23-285_A1,1
GCCTTCAGCCCTACCG-1_V13B23-285_A1,14
GCCTTGTATATGCAGT-1_V13B23-285_A1,14
GCGAAACGATCGGGAG-1_V13B23-285_A1,1
GCGAAACTTAACTGGA-1_V13B23-285_A1,11
GCGAAGAATCTGACGG-1_V13B23-285_A1,10
GCGAAGCCATACCCGT-1_V13B23-285_A1,11
GCGACATGTAAACATC-1_V13B23-285_A1,5
GCGACCCAACCATCTG-1_V13B23-285_A1,11
GCGACGATAGTTGTAC-1_V13B23-285_A1,11
GCGAGAAACGGGAGTT-1_V13B23-285_A1,14
GCGAGAGGCCATGTAA-1_V13B23-285_A1,13
GCGAGAGTTGCGTCCA-1_V13B23-285_A1,1
GCGAGCGCATGCTCCC-1_V13B23-285_A1,5
GCGAGGCCCGAGCAGA-1_V13B23-285_A1,11
GCGAGTTCTGCAAAGA-1_V13B23-285_A1,11
GCGATGTCTGTGCTTG-1_V13B23-285_A1,11
GCGATTCTGGAAGCAG-1_V13B23-285_A1,4
GCGATTGTTAACGTTA-1_V13B23-285_A1,11
GCGCAAATATATTCAA-1_V13B23-285_A1,11
GCGCAAGAGCGCGCTG-1_V13B23-285_A1,1
GCGCATCCAGTCAGCA-1_V13B23-285_A1,1
GCGCCGTTCCACGATA-1_V13B23-285_A1,11
GCGCCTCCCACTCCGA-1_V13B23-285_A1,5
GCGCGATGGGTCAAGT-1_V13B23-285_A1,14
GCGCGGTCTAGTAACT-1_V13B23-285_A1,1
GCGCGTCATTGGTACA-1_V13B23-285_A1,10
GCGCTAATTGAATAGA-1_V13B23-285_A1,11
GCGCTATGCCGAGGCA-1_V13B23-285_A1,11
GCGCTCGATCACCTGT-1_V13B23-285_A1,5
GCGCTGATCCAGACTC-1_V13B23-285_A1,3
GCGCTGCTTTGCATTT-1_V13B23-285_A1,5
GCGCTTAAATAATTGG-1_V13B23-285_A1,1
GCGGACCGCGTTGTGG-1_V13B23-285_A1,11
GCGGAGAAACTTCGCA-1_V13B23-285_A1,11
GCGGAGAGGGAGAACG-1_V13B23-285_A1,11
GCGGATTACTTGTTCT-1_V13B23-285_A1,12
GCGGCAAAGTATTGCC-1_V13B23-285_A1,11
GCGGCTCTGACGTACC-1_V13B23-285_A1,11
GCGGCTTTAGCAAGTT-1_V13B23-285_A1,1
GCGGGAACCAGGCCCT-1_V13B23-285_A1,11
GCGGGCATTACGATGC-1_V13B23-285_A1,1
GCGGGCGAGCCTTACC-1_V13B23-285_A1,11
GCGGTAACCCAAATGA-1_V13B23-285_A1,14
GCGGTCCCTAGACGCA-1_V13B23-285_A1,8
GCGGTGAACTGCGCTC-1_V13B23-285_A1,7
GCGGTGCGGAGCATCG-1_V13B23-285_A1,11
GCGGTTCCCTATCATG-1_V13B23-285_A1,11
GCGTAAATGGCCATAA-1_V13B23-285_A1,1
GCGTCCAGCTCGTGGC-1_V13B23-285_A1,14
GCGTCCCTAAGACATA-1_V13B23-285_A1,1
GCGTCGAAATGTCGGT-1_V13B23-285_A1,11
GCGTCGCCAGGGTGAT-1_V13B23-285_A1,11
GCGTCTAACCTCCTAA-1_V13B23-285_A1,5
GCGTCTCTGCATTGGG-1_V13B23-285_A1,11
GCGTGGTACTGGGTTA-1_V13B23-285_A1,1
GCGTGTATGTCGTATT-1_V13B23-285_A1,2
GCGTTATATTTGGAAC-1_V13B23-285_A1,11
GCGTTCGGAGACCGGG-1_V13B23-285_A1,13
GCTAAACCTGAGGTGA-1_V13B23-285_A1,11
GCTAACTGAAGTCTGA-1_V13B23-285_A1,1
GCTAAGTAAAGGCGAT-1_V13B23-285_A1,11
GCTAAGTAGTTTCTCT-1_V13B23-285_A1,11
GCTAATACCGAATGCC-1_V13B23-285_A1,11
GCTACAATCGAGGATA-1_V13B23-285_A1,10
GCTACACTGTCCGAAC-1_V13B23-285_A1,2
GCTACAGTACGGACCG-1_V13B23-285_A1,11
GCTACGACTTATTGGG-1_V13B23-285_A1,11
GCTACTATAGTAGAGT-1_V13B23-285_A1,7
GCTAGACCGTCTACTG-1_V13B23-285_A1,8
GCTAGAGTAGAGATGT-1_V13B23-285_A1,7
GCTAGCACCTGGGCCA-1_V13B23-285_A1,1
GCTAGCTTGAATAGCT-1_V13B23-285_A1,11
GCTAGGCACCACGGAG-1_V13B23-285_A1,3
GCTAGTAGAGCTTGTA-1_V13B23-285_A1,11
GCTAGTTTCATTGAGG-1_V13B23-285_A1,7
GCTATACGTCTCGGAC-1_V13B23-285_A1,1
GCTATCATACTCATGG-1_V13B23-285_A1,8
GCTATCGCGGCGCAAC-1_V13B23-285_A1,8
GCTATGCCAGCTTATG-1_V13B23-285_A1,11
GCTCAACCTCTTAGAG-1_V13B23-285_A1,11
GCTCAATCCGTTTATT-1_V13B23-285_A1,11
GCTCAATGTAATACCG-1_V13B23-285_A1,11
GCTCATTACTGCATGT-1_V13B23-285_A1,13
GCTCCATGCAAAGCAA-1_V13B23-285_A1,1
GCTCCCAGTCGGTCCA-1_V13B23-285_A1,8
GCTCCGCTCGCTTCAG-1_V13B23-285_A1,5
GCTCCTGACATACTGG-1_V13B23-285_A1,11
GCTCGCGGTTCCGCTC-1_V13B23-285_A1,11
GCTCGCTCATGTCCAA-1_V13B23-285_A1,3
GCTCGGAATTTAAAGC-1_V13B23-285_A1,6
GCTCTAAACCCTGACG-1_V13B23-285_A1,11
GCTCTATGTTACGTGC-1_V13B23-285_A1,11
GCTCTCGGGTACCGAA-1_V13B23-285_A1,11
GCTCTTTCCGCTAGTG-1_V13B23-285_A1,11
GCTGAACTCTCCAGGG-1_V13B23-285_A1,5
GCTGAATCTTCCAATC-1_V13B23-285_A1,3
GCTGAGCAACGGTTCT-1_V13B23-285_A1,11
GCTGAGGCGTGAGTAT-1_V13B23-285_A1,11
GCTGCACGGTTTCTTA-1_V13B23-285_A1,11
GCTGCGCCTCCCACGT-1_V13B23-285_A1,11
GCTGCTAAGTAGTCGA-1_V13B23-285_A1,11
GCTGCTACTGCGTAGC-1_V13B23-285_A1,1
GCTGCTCTCCGGACAC-1_V13B23-285_A1,11
GCTGGCAGGTGCCGTG-1_V13B23-285_A1,11
GCTGGCATATTCACCT-1_V13B23-285_A1,11
GCTGGCGGCGCATGCT-1_V13B23-285_A1,12
GCTGGGTCCGCTGTTA-1_V13B23-285_A1,2
GCTGGTTTAGGCCATA-1_V13B23-285_A1,11
GCTGTATTACTGGCCC-1_V13B23-285_A1,11
GCTGTTGCTACCGAAC-1_V13B23-285_A1,1
GCTTAATGTAACTAAC-1_V13B23-285_A1,11
GCTTACGTAGTTAGTA-1_V13B23-285_A1,5
GCTTATGAAGCAGGAA-1_V13B23-285_A1,1
GCTTCCAGCTTAGATT-1_V13B23-285_A1,14
GCTTCCGTCCCTAGAC-1_V13B23-285_A1,7
GCTTGAGTGACCTCTG-1_V13B23-285_A1,3
GCTTGATGATAATCAG-1_V13B23-285_A1,11
GCTTGGATCGATTAGG-1_V13B23-285_A1,3
GCTTTACACAACTGGG-1_V13B23-285_A1,1
GCTTTCAGAGGAGGTG-1_V13B23-285_A1,1
GGAAACCTTGTTGAAT-1_V13B23-285_A1,4
GGAAACTAAATGGGCC-1_V13B23-285_A1,1
GGAAAGTGCCCATGCC-1_V13B23-285_A1,7
GGAACCCGAACAAGAA-1_V13B23-285_A1,11
GGAACCGTGTAAATTG-1_V13B23-285_A1,11
GGAACCTTGACTCTGC-1_V13B23-285_A1,11
GGAACGGCCTGCAGCC-1_V13B23-285_A1,11
GGAACTTTGGCGATTA-1_V13B23-285_A1,7
GGAAGCTCGCTTACAG-1_V13B23-285_A1,13
GGAATAACCTCAAGAA-1_V13B23-285_A1,13
GGAATGCGCTAGCGTG-1_V13B23-285_A1,11
GGACAACCATGAAGCC-1_V13B23-285_A1,3
GGACAAGTTGCAGTGA-1_V13B23-285_A1,11
GGACACAAGTTTACAC-1_V13B23-285_A1,5
GGACCAACAGGATAAC-1_V13B23-285_A1,11
GGACCTCTAGGCCGCC-1_V13B23-285_A1,11
GGACGGGCGACCAACC-1_V13B23-285_A1,5
GGACTAAGTCAGGAGT-1_V13B23-285_A1,11
GGACTCACAAATTAGG-1_V13B23-285_A1,5
GGACTCGTGAGTGGTC-1_V13B23-285_A1,3
GGACTCTTTGACTAAG-1_V13B23-285_A1,1
GGAGAAGTCATTGGCA-1_V13B23-285_A1,11
GGAGACCAATGTGCTT-1_V13B23-285_A1,13
GGAGACCATCTACATA-1_V13B23-285_A1,11
GGAGACGACACCTTTG-1_V13B23-285_A1,11
GGAGCAACATTTCAAG-1_V13B23-285_A1,1
GGAGCACCAAGAACTA-1_V13B23-285_A1,11
GGAGCGAGGCCTACTT-1_V13B23-285_A1,3
GGAGGATTGAAAGGAG-1_V13B23-285_A1,9
GGAGGCCGAAGTCGTC-1_V13B23-285_A1,5
GGAGGGCTTGGTTGGC-1_V13B23-285_A1,11
GGAGGGTCAAGTAAGA-1_V13B23-285_A1,8
GGAGTACACATGAGCT-1_V13B23-285_A1,14
GGAGTGCCGCCCTGGA-1_V13B23-285_A1,11
GGAGTTGATTCTGTGT-1_V13B23-285_A1,8
GGATACTCATGAATTG-1_V13B23-285_A1,14
GGATCAAAGGACGAGG-1_V13B23-285_A1,13
GGATCAGAGCCATCAG-1_V13B23-285_A1,11
GGATCATCCCGTACGC-1_V13B23-285_A1,9
GGATCCCTACCAGCTA-1_V13B23-285_A1,14
GGATCCGGAATATACT-1_V13B23-285_A1,11
GGATCTTACTGCCCTT-1_V13B23-285_A1,11
GGATCTTGACTCAACC-1_V13B23-285_A1,11
GGATGAAGATCGCTGA-1_V13B23-285_A1,3
GGATGACGCGAGTTTA-1_V13B23-285_A1,11
GGATGCTGGCGTTCCT-1_V13B23-285_A1,11
GGATGGCTTGAAGTAT-1_V13B23-285_A1,3
GGATGTCCTTACCGCA-1_V13B23-285_A1,1
GGATTAATCATGGACC-1_V13B23-285_A1,1
GGATTCAGTACGGTGG-1_V13B23-285_A1,3
GGATTCCGCTATACCC-1_V13B23-285_A1,14
GGATTGCTGTGACTCC-1_V13B23-285_A1,8
GGATTTCACTTCTATA-1_V13B23-285_A1,11
GGCAAAGGCGCCAATA-1_V13B23-285_A1,11
GGCAAATTACTTTACT-1_V13B23-285_A1,11
GGCAAGCCCATAGTGG-1_V13B23-285_A1,1
GGCAAGGCGAAATAGC-1_V13B23-285_A1,11
GGCAATAGTCAATGAG-1_V13B23-285_A1,11
GGCACTCCACTGGGCA-1_V13B23-285_A1,11
GGCACTGCGGTGGTTT-1_V13B23-285_A1,8
GGCAGAGAGATCGGGA-1_V13B23-285_A1,11
GGCAGCAAACCTATGC-1_V13B23-285_A1,1
GGCATACAGGTAGCGG-1_V13B23-285_A1,11
GGCATATCGGTTCTGC-1_V13B23-285_A1,7
GGCATCAACGAGCACG-1_V13B23-285_A1,13
GGCCACAAGCGATGGC-1_V13B23-285_A1,14
GGCCACACGAAAGCCT-1_V13B23-285_A1,11
GGCCCAGCTGGTTTGC-1_V13B23-285_A1,7
GGCCCGGAGCATGTCT-1_V13B23-285_A1,5
GGCCCGTATACCATGC-1_V13B23-285_A1,5
GGCCCTCACCCACTTA-1_V13B23-285_A1,11
GGCCGAGACTCTGGTG-1_V13B23-285_A1,1
GGCCGCAGGAACCGCA-1_V13B23-285_A1,7
GGCCGGCGTCTGCTAT-1_V13B23-285_A1,1
GGCCGTTTGGGTTTCA-1_V13B23-285_A1,11
GGCCTGCTTCTCCCGA-1_V13B23-285_A1,1
GGCCTTTGCAACTGGC-1_V13B23-285_A1,11
GGCGAAATCTAACTTG-1_V13B23-285_A1,11
GGCGAGCATCGAGGAC-1_V13B23-285_A1,9
GGCGAGCGAAACGGCA-1_V13B23-285_A1,11
GGCGCAGGACATCTTC-1_V13B23-285_A1,11
GGCGCATGAATTGATG-1_V13B23-285_A1,11
GGCGCGGAGATCTTTC-1_V13B23-285_A1,3
GGCGCGTTCGAGTTTA-1_V13B23-285_A1,11
GGCGCTCCTCATCAAT-1_V13B23-285_A1,14
GGCGCTTCATTCCCTG-1_V13B23-285_A1,7
GGCGGAGTAATATTAG-1_V13B23-285_A1,11
GGCGGTAGGATCATTG-1_V13B23-285_A1,11
GGCGGTTTGCCGGTGC-1_V13B23-285_A1,7
GGCGTACCCTATATAA-1_V13B23-285_A1,13
GGCGTAGGGAAAGCTG-1_V13B23-285_A1,1
GGCGTCCTATCCGCTG-1_V13B23-285_A1,11
GGCTAAAGGGCGGGTC-1_V13B23-285_A1,4
GGCTACTATACACTCC-1_V13B23-285_A1,11
GGCTATTAAGTTGTAT-1_V13B23-285_A1,11
GGCTCCTCCACCTGTT-1_V13B23-285_A1,11
GGCTCGCGTTGAGGTA-1_V13B23-285_A1,1
GGCTCGTGCCACCAGC-1_V13B23-285_A1,1
GGCTCTGCTCCAACGC-1_V13B23-285_A1,11
GGCTGAAATAGCAAAG-1_V13B23-285_A1,5
GGCTGGCTAGCTTAAA-1_V13B23-285_A1,14
GGCTTGGCTCTCACCT-1_V13B23-285_A1,11
GGCTTTCAATAAGGGT-1_V13B23-285_A1,11
GGGAAAGAATGCCAAC-1_V13B23-285_A1,8
GGGAACCACCTGTTTC-1_V13B23-285_A1,14
GGGAACGGGAGGTTAG-1_V13B23-285_A1,11
GGGAACGGTTTCAGAT-1_V13B23-285_A1,7
GGGAAGACGGTCTGTC-1_V13B23-285_A1,8
GGGAAGGGCTTTCTCA-1_V13B23-285_A1,1
GGGAATGAGCCCTCAC-1_V13B23-285_A1,9
GGGAATTCTGTCCAGT-1_V13B23-285_A1,11
GGGACAGAGTTACTCC-1_V13B23-285_A1,11
GGGACCCGTATATCTT-1_V13B23-285_A1,11
GGGACTGCATAGATAG-1_V13B23-285_A1,11
GGGAGAACTCACAGTA-1_V13B23-285_A1,11
GGGAGCGACCGTAGTG-1_V13B23-285_A1,7
GGGAGGATGCCCGAAA-1_V13B23-285_A1,11
GGGAGTAATGGCTGGC-1_V13B23-285_A1,14
GGGAGTTAATGAGGCG-1_V13B23-285_A1,11
GGGATACGGTAATAAT-1_V13B23-285_A1,11
GGGATGGTCGTAACCG-1_V13B23-285_A1,11
GGGATTTACCGCACCT-1_V13B23-285_A1,10
GGGCAACCGCACGTGC-1_V13B23-285_A1,11
GGGCAGACGTCACTGC-1_V13B23-285_A1,11
GGGCAGAGCAATCGTT-1_V13B23-285_A1,11
GGGCAGTCAACGCCAA-1_V13B23-285_A1,1
GGGCCCGTCTTAAACA-1_V13B23-285_A1,11
GGGCCCTACGAAAGGG-1_V13B23-285_A1,11
GGGCCCTTATCTATAC-1_V13B23-285_A1,11
GGGCCGGCCGAAGTAC-1_V13B23-285_A1,3
GGGCCTAAATGGGCTA-1_V13B23-285_A1,11
GGGCGAATTTCTCCAC-1_V13B23-285_A1,11
GGGCGATATGTGTGAA-1_V13B23-285_A1,11
GGGCGCAGCGTTACTC-1_V13B23-285_A1,5
GGGCGGCAAATGAATT-1_V13B23-285_A1,11
GGGCGGGTTCCCTACG-1_V13B23-285_A1,11
GGGCGGTCCTATTGTC-1_V13B23-285_A1,14
GGGCGTACATTTATAT-1_V13B23-285_A1,11
GGGCGTCACCACGTAA-1_V13B23-285_A1,11
GGGCGTCCACTGGCTC-1_V13B23-285_A1,8
GGGCGTGGTTTCCCAG-1_V13B23-285_A1,8
GGGCTACTATTTCGTG-1_V13B23-285_A1,11
GGGCTATGATCGATGG-1_V13B23-285_A1,11
GGGCTCATCGAACCCA-1_V13B23-285_A1,6
GGGCTGCCTAGGGCGA-1_V13B23-285_A1,11
GGGCTGGTTAGTCGCG-1_V13B23-285_A1,11
GGGTAATGCTGTGTTT-1_V13B23-285_A1,14
GGGTACACTCTGGAGG-1_V13B23-285_A1,2
GGGTACCCACGGTCCT-1_V13B23-285_A1,14
GGGTACTTCATGAACT-1_V13B23-285_A1,11
GGGTATGTATGCACTT-1_V13B23-285_A1,11
GGGTATTCTAGCAAAC-1_V13B23-285_A1,11
GGGTCACCGTGACGGT-1_V13B23-285_A1,11
GGGTCAGGAGCTAGAT-1_V13B23-285_A1,11
GGGTCATGCGTACCAT-1_V13B23-285_A1,11
GGGTCGTGGCAAGTGT-1_V13B23-285_A1,7
GGGTCTATCGCTTTCC-1_V13B23-285_A1,8
GGGTGACACCTTAACT-1_V13B23-285_A1,11
GGGTGCATATGAAAGC-1_V13B23-285_A1,7
GGGTGGTCCAGCCTGT-1_V13B23-285_A1,9
GGGTGTTTCAGCTATG-1_V13B23-285_A1,8
GGGTTAACATTTGAGT-1_V13B23-285_A1,11
GGGTTCAGACGAACAA-1_V13B23-285_A1,14
GGGTTTAGGATAGGAT-1_V13B23-285_A1,1
GGTAAACTCTGCGCTG-1_V13B23-285_A1,8
GGTAACCGGGAGGATA-1_V13B23-285_A1,11
GGTAACTATGTATCTG-1_V13B23-285_A1,14
GGTACAAACATGCTAT-1_V13B23-285_A1,11
GGTACACCAGATTTAT-1_V13B23-285_A1,5
GGTACATCTGGGACGA-1_V13B23-285_A1,11
GGTACCATTAAGACGG-1_V13B23-285_A1,3
GGTACGTTGCGGCCGG-1_V13B23-285_A1,8
GGTACTAAGTGCTTTG-1_V13B23-285_A1,1
GGTAGAAGACCGCCTG-1_V13B23-285_A1,5
GGTAGACCGTTGGGCG-1_V13B23-285_A1,11
GGTAGTGCTCGCACCA-1_V13B23-285_A1,12
GGTATAGTGACACATA-1_V13B23-285_A1,5
GGTATTGCCGAGTTTA-1_V13B23-285_A1,11
GGTCAAGACTACTTCG-1_V13B23-285_A1,1
GGTCACGTTAGATTCA-1_V13B23-285_A1,14
GGTCAGTGGGTCCCAC-1_V13B23-285_A1,11
GGTCCTTCATACGACT-1_V13B23-285_A1,7
GGTCGGATAAACGGCG-1_V13B23-285_A1,5
GGTCGGCCAGGAGCTT-1_V13B23-285_A1,11
GGTCGGTAATTAGACA-1_V13B23-285_A1,14
GGTCGGTCGTCCACAG-1_V13B23-285_A1,11
GGTCGTAAGCTCGCAC-1_V13B23-285_A1,11
GGTCTCCGTCCAGGTT-1_V13B23-285_A1,7
GGTCTCTGAATGGACT-1_V13B23-285_A1,11
GGTCTGAGAATCTGGA-1_V13B23-285_A1,10
GGTCTTGAGCGCTCTT-1_V13B23-285_A1,1
GGTGAAACCGGGAATG-1_V13B23-285_A1,1
GGTGAACGGGCTAGCC-1_V13B23-285_A1,14
GGTGAAGTACAGGGAT-1_V13B23-285_A1,11
GGTGAGATGCAGATAA-1_V13B23-285_A1,3
GGTGATAAGGAGCAGT-1_V13B23-285_A1,11
GGTGATGAAGGAAGTG-1_V13B23-285_A1,11
GGTGATTTCATCTTGT-1_V13B23-285_A1,14
GGTGCATAAATGATTA-1_V13B23-285_A1,11
GGTGCGGATAAGTGGC-1_V13B23-285_A1,14
GGTGCTGATCACAAAG-1_V13B23-285_A1,11
GGTGCTGGTACACATT-1_V13B23-285_A1,11
GGTGGACTGCTCTGGC-1_V13B23-285_A1,7
GGTGGAGGTTGATACG-1_V13B23-285_A1,5
GGTGTAAATCGATTGT-1_V13B23-285_A1,3
GGTGTTGGGCGTCTTA-1_V13B23-285_A1,8
GGTTACCACCCTCGGG-1_V13B23-285_A1,11
GGTTACCCGACACTTT-1_V13B23-285_A1,3
GGTTAGCTATATGTCT-1_V13B23-285_A1,11
GGTTAGGCTTGGAGAA-1_V13B23-285_A1,11
GGTTAGTTACGGCGCC-1_V13B23-285_A1,11
GGTTCGGATTATACTA-1_V13B23-285_A1,11
GGTTCTACTCGTCTGA-1_V13B23-285_A1,1
GGTTGTATCGTGAAAT-1_V13B23-285_A1,9
GGTTGTGCTCTTGTCC-1_V13B23-285_A1,11
GGTTGTGTAGCCTGGC-1_V13B23-285_A1,11
GGTTTAATTACCATCG-1_V13B23-285_A1,11
GGTTTAATTGAGCAGG-1_V13B23-285_A1,5
GGTTTACAATCTCAAT-1_V13B23-285_A1,11
GGTTTAGCCTTTCTTG-1_V13B23-285_A1,8
GGTTTCAATCGGTCAG-1_V13B23-285_A1,1
GGTTTGAGTGCTGGAA-1_V13B23-285_A1,14
GGTTTGTGACCTGAGG-1_V13B23-285_A1,7
GTAACATCTAAGATAA-1_V13B23-285_A1,1
GTAACTGCCCAAGGAG-1_V13B23-285_A1,11
GTAACTTGCGGCAGTC-1_V13B23-285_A1,14
GTAAGCGGGCAGTCAG-1_V13B23-285_A1,11
GTAAGTAACAGTCTGG-1_V13B23-285_A1,1
GTAAGTAGGGTATACC-1_V13B23-285_A1,11
GTAAGTCCACACTCTA-1_V13B23-285_A1,5
GTAATAAAGGGCTCCC-1_V13B23-285_A1,3
GTAATCTGATTCTTCG-1_V13B23-285_A1,11
GTACACTTACCTGAAG-1_V13B23-285_A1,12
GTACAGAGGCAAGGGT-1_V13B23-285_A1,12
GTACGACGGCGCTGCG-1_V13B23-285_A1,14
GTACGAGATTGCGACA-1_V13B23-285_A1,11
GTACGCTTCATTGCAC-1_V13B23-285_A1,11
GTACGTTTGCCCGTCA-1_V13B23-285_A1,11
GTACTAAGATTTGGAG-1_V13B23-285_A1,11
GTACTCCCTTATCGCT-1_V13B23-285_A1,11
GTACTCCTGGGTATGC-1_V13B23-285_A1,8
GTACTGAGGTCGTAAC-1_V13B23-285_A1,3
GTACTGCATGAAGCGT-1_V13B23-285_A1,14
GTACTGGAGTTAGACC-1_V13B23-285_A1,11
GTACTTGGGCACTTCT-1_V13B23-285_A1,14
GTAGAAACGGGTGGAG-1_V13B23-285_A1,11
GTAGACAACCGATGAA-1_V13B23-285_A1,13
GTAGACACGCCTGACT-1_V13B23-285_A1,3
GTAGACGTCGTTACAT-1_V13B23-285_A1,14
GTAGAGGGAGACAAGT-1_V13B23-285_A1,11
GTAGCCAAACATGGGA-1_V13B23-285_A1,11
GTAGCGCTGTTGTAGT-1_V13B23-285_A1,13
GTAGCGGCTATACACT-1_V13B23-285_A1,11
GTAGCTCCGGGAGGCT-1_V13B23-285_A1,11
GTAGCTTCCTCTTGTT-1_V13B23-285_A1,7
GTAGGTGATCCGTGTA-1_V13B23-285_A1,1
GTAGTCGCGGGAATCA-1_V13B23-285_A1,5
GTAGTCTACGATATTG-1_V13B23-285_A1,8
GTAGTGAGCAACCTCA-1_V13B23-285_A1,8
GTAGTTCGAAGGCGAA-1_V13B23-285_A1,3
GTATAATCTCCCGGAT-1_V13B23-285_A1,14
GTATAGGACTCAGTAG-1_V13B23-285_A1,11
GTATATGTTACGGCGG-1_V13B23-285_A1,1
GTATCAAACGTTAGCT-1_V13B23-285_A1,10
GTATCAGCTTGGGTTC-1_V13B23-285_A1,7
GTATCCTTTGGTAACC-1_V13B23-285_A1,7
GTATCGGGACGAGCTG-1_V13B23-285_A1,14
GTATCTCAGTCTTGAC-1_V13B23-285_A1,11
GTATCTTTCATAACCA-1_V13B23-285_A1,11
GTATGAAATTTCACTC-1_V13B23-285_A1,11
GTATGACGTGGGAAAC-1_V13B23-285_A1,14
GTATGTGGGTCTAGTT-1_V13B23-285_A1,5
GTATTAAGGCGTCTAA-1_V13B23-285_A1,3
GTATTCTGAGAAACGA-1_V13B23-285_A1,11
GTATTCTTACCGTGCT-1_V13B23-285_A1,14
GTATTTAATGGCATAA-1_V13B23-285_A1,1
GTCAAAGAAGTGGTGT-1_V13B23-285_A1,11
GTCAAAGTTTACATAG-1_V13B23-285_A1,14
GTCAACCAGGCCTATA-1_V13B23-285_A1,8
GTCAAGCGGACTCGGG-1_V13B23-285_A1,12
GTCAATGCTATAATTT-1_V13B23-285_A1,13
GTCAATTGTACTGAAG-1_V13B23-285_A1,14
GTCACAAAGTTTCCAA-1_V13B23-285_A1,5
GTCACTCTCCAAATCT-1_V13B23-285_A1,11
GTCAGAATAGTCTATG-1_V13B23-285_A1,11
GTCAGACAGCGTTGGA-1_V13B23-285_A1,2
GTCAGTTGTGCTCGTT-1_V13B23-285_A1,13
GTCAGTTTGGTAGTCG-1_V13B23-285_A1,11
GTCATCTCCTACAGCT-1_V13B23-285_A1,14
GTCATGCACCTCCGTT-1_V13B23-285_A1,11
GTCATGCGCGAGGGCT-1_V13B23-285_A1,3
GTCATGGACATGACTA-1_V13B23-285_A1,12
GTCATTAGAGCGAACG-1_V13B23-285_A1,11
GTCATTGCATTGACCC-1_V13B23-285_A1,11
GTCCAATATTTAGCCT-1_V13B23-285_A1,11
GTCCACGTCGCATTCG-1_V13B23-285_A1,8
GTCCATTACTGCTACG-1_V13B23-285_A1,3
GTCCCAACGTAAAGTA-1_V13B23-285_A1,11
GTCCCAATCATCCCGC-1_V13B23-285_A1,11
GTCCCGCGACGTTATG-1_V13B23-285_A1,10
GTCCGAGAGCAATCAT-1_V13B23-285_A1,11
GTCCGGACCTGAAATT-1_V13B23-285_A1,1
GTCCGGCTGAATTGCG-1_V13B23-285_A1,11
GTCCGGGTTCACATTA-1_V13B23-285_A1,8
GTCCTACAGGCGGCTC-1_V13B23-285_A1,14
GTCCTACGAATAGTCT-1_V13B23-285_A1,7
GTCCTACTCTACGGGC-1_V13B23-285_A1,11
GTCCTATTGTTGTGGT-1_V13B23-285_A1,11
GTCCTTCTACAACCCA-1_V13B23-285_A1,11
GTCCTTCTAGTGGGTT-1_V13B23-285_A1,9
GTCGATAGGTGACTTT-1_V13B23-285_A1,1
GTCGCCGTTGTGTGTT-1_V13B23-285_A1,11
GTCGCGTAACCCGTTG-1_V13B23-285_A1,11
GTCGGATATCTCAGAC-1_V13B23-285_A1,11
GTCGGATGTAGCGCGC-1_V13B23-285_A1,1
GTCGGGAACATGGTAG-1_V13B23-285_A1,11
GTCGGGAAGCAGAAAC-1_V13B23-285_A1,11
GTCGTACCATCTCGGG-1_V13B23-285_A1,11
GTCGTACCTACGATTG-1_V13B23-285_A1,11
GTCGTATTGGCGTACA-1_V13B23-285_A1,7
GTCGTCAATTATAAGG-1_V13B23-285_A1,1
GTCGTCTGGTTGGCTA-1_V13B23-285_A1,10
GTCGTGTCTGGTCATC-1_V13B23-285_A1,8
GTCGTTATTCGCTTAT-1_V13B23-285_A1,11
GTCTACTCAATTACAA-1_V13B23-285_A1,11
GTCTAGTGAGCCGCTT-1_V13B23-285_A1,8
GTCTATCTGAGTTTCT-1_V13B23-285_A1,11
GTCTATTGCATGCTCG-1_V13B23-285_A1,7
GTCTATTGGTTCCGGT-1_V13B23-285_A1,8
GTCTCAAGGCCCGGCT-1_V13B23-285_A1,11
GTCTCCCGAGTCCCGT-1_V13B23-285_A1,1
GTCTCCTGCCAGTATG-1_V13B23-285_A1,6
GTCTCGACTAAGTTTG-1_V13B23-285_A1,1
GTCTCGATCTGCTTTC-1_V13B23-285_A1,6
GTCTGGGCGGTCGAGA-1_V13B23-285_A1,11
GTCTTAGTACAGCCGG-1_V13B23-285_A1,2
GTCTTCCTCACCTAAG-1_V13B23-285_A1,11
GTCTTGAGGAGCAGTG-1_V13B23-285_A1,10
GTCTTGTAGCTATTCA-1_V13B23-285_A1,1
GTGAAACGGCGCCACC-1_V13B23-285_A1,6
GTGAAACGTGCTCCAC-1_V13B23-285_A1,14
GTGAACTCCCATTCGA-1_V13B23-285_A1,1
GTGAAGATTTCAAGTG-1_V13B23-285_A1,3
GTGAAGCCGTATAGTC-1_V13B23-285_A1,2
GTGAAGTCACGACTCG-1_V13B23-285_A1,11
GTGACAGCTTCCCACT-1_V13B23-285_A1,7
GTGACCGCACACTACG-1_V13B23-285_A1,5
GTGACCTAAAGAATAA-1_V13B23-285_A1,10
GTGACGAGGGTGACCC-1_V13B23-285_A1,5
GTGACGCAGGTTTCAT-1_V13B23-285_A1,8
GTGACTTCAGTAGTGC-1_V13B23-285_A1,11
GTGAGCGTGCTGCACT-1_V13B23-285_A1,11
GTGAGGACACTTAAGG-1_V13B23-285_A1,11
GTGAGGAGCGGTTGAG-1_V13B23-285_A1,9
GTGAGTCTAAGACGGA-1_V13B23-285_A1,11
GTGAGTGGTACAACGC-1_V13B23-285_A1,11
GTGATCAAGCGTGCAC-1_V13B23-285_A1,11
GTGATCACTAACGCCT-1_V13B23-285_A1,3
GTGATCATAGATCTGC-1_V13B23-285_A1,11
GTGATCCTTGTCATGA-1_V13B23-285_A1,7
GTGATTCGCCGCTCAA-1_V13B23-285_A1,11
GTGCAACAAATGTGGC-1_V13B23-285_A1,1
GTGCACCAGCTTCAAC-1_V13B23-285_A1,11
GTGCACGAAAGTGACT-1_V13B23-285_A1,1
GTGCCATCACACGGTG-1_V13B23-285_A1,11
GTGCCCGTTCGGATTC-1_V13B23-285_A1,3
GTGCCGCTTCAAAGGT-1_V13B23-285_A1,11
GTGCCTAGCTATGCTT-1_V13B23-285_A1,8
GTGCCTGAGACCAAAC-1_V13B23-285_A1,1
GTGCGAAATCGAACAC-1_V13B23-285_A1,11
GTGCGACAGGGAGTGT-1_V13B23-285_A1,1
GTGCGCAGCTTGCTCC-1_V13B23-285_A1,14
GTGCGCTTACAAATGA-1_V13B23-285_A1,2
GTGCGGGACCATCGGC-1_V13B23-285_A1,14
GTGCGGGTCTCCAAAT-1_V13B23-285_A1,11
GTGCGTGTATATGAGC-1_V13B23-285_A1,7
GTGCTCAAGTACTGTC-1_V13B23-285_A1,12
GTGCTGCAGATAAGGA-1_V13B23-285_A1,11
GTGCTTACATCAGCGC-1_V13B23-285_A1,5
GTGGAACCTACATGCG-1_V13B23-285_A1,10
GTGGACCAACCCGATT-1_V13B23-285_A1,11
GTGGACGCATTTGTCC-1_V13B23-285_A1,11
GTGGACGTGCTGAGAC-1_V13B23-285_A1,7
GTGGAGCGTTTACCGA-1_V13B23-285_A1,6
GTGGAGTCGGCGGTTG-1_V13B23-285_A1,11
GTGGCAAACAGCGGCA-1_V13B23-285_A1,11
GTGGCCTAATATCATT-1_V13B23-285_A1,11
GTGGCGGTCCCAGCGT-1_V13B23-285_A1,11
GTGGCTGTTTCTGTTC-1_V13B23-285_A1,8
GTGGGAAGACTGAATC-1_V13B23-285_A1,11
GTGGGCTTAGACACAC-1_V13B23-285_A1,11
GTGGGTACTGAGCGTA-1_V13B23-285_A1,11
GTGGGTCTTCTTTGCG-1_V13B23-285_A1,2
GTGGTATAGTCTGCCG-1_V13B23-285_A1,11
GTGGTGGCCAAGTGAA-1_V13B23-285_A1,11
GTGGTTACTTCTTTCG-1_V13B23-285_A1,10
GTGGTTTCCGCCTTTC-1_V13B23-285_A1,11
GTGTACCTTGGCTACG-1_V13B23-285_A1,11
GTGTACGAACCGTTCC-1_V13B23-285_A1,5
GTGTATATCAGCGGGC-1_V13B23-285_A1,7
GTGTATGACTTTAAAG-1_V13B23-285_A1,14
GTGTCGTATAGCGTTC-1_V13B23-285_A1,1
GTGTGAATAACTTAGG-1_V13B23-285_A1,11
GTGTGAGCCGAGGTGC-1_V13B23-285_A1,14
GTGTGTCGACGTCGCT-1_V13B23-285_A1,12
GTGTTACTATGCGTCC-1_V13B23-285_A1,11
GTTAAAGTAGGACTGG-1_V13B23-285_A1,3
GTTAACATCACTTAAA-1_V13B23-285_A1,8
GTTAACTATGTTGTCA-1_V13B23-285_A1,5
GTTAAGGGTGCGATGT-1_V13B23-285_A1,1
GTTAAGTTAGAGTGGG-1_V13B23-285_A1,5
GTTAATGTCTATCTTA-1_V13B23-285_A1,11
GTTACAATTGGTGACG-1_V13B23-285_A1,11
GTTACCTACAACTTGC-1_V13B23-285_A1,11
GTTACGAAATCCACGC-1_V13B23-285_A1,14
GTTACGGCCCGACTGC-1_V13B23-285_A1,14
GTTACTTTGGGCCTAG-1_V13B23-285_A1,11
GTTAGAGTGTGCCGCT-1_V13B23-285_A1,9
GTTAGCCCATGACATC-1_V13B23-285_A1,8
GTTAGCCGTAAATCAA-1_V13B23-285_A1,7
GTTAGGCTACCCGTTT-1_V13B23-285_A1,11
GTTATAATACGGTGAA-1_V13B23-285_A1,1
GTTATATCAGGAGCCA-1_V13B23-285_A1,5
GTTATATTATCTCCCT-1_V13B23-285_A1,11
GTTATCAAGCTATCGA-1_V13B23-285_A1,3
GTTATCACCTTCTGAA-1_V13B23-285_A1,13
GTTATTAACGTGGGAG-1_V13B23-285_A1,1
GTTCAAATCAGATGTC-1_V13B23-285_A1,11
GTTCACAGGAGTCTAG-1_V13B23-285_A1,6
GTTCAGTCGCCAAATG-1_V13B23-285_A1,8
GTTCATCGTTTGGCTG-1_V13B23-285_A1,1
GTTCCAAGACAGCGAC-1_V13B23-285_A1,8
GTTCCAGTCTGACCAT-1_V13B23-285_A1,11
GTTCCCGTAAACATAT-1_V13B23-285_A1,8
GTTCGCCATAAGTGCC-1_V13B23-285_A1,11
GTTCGCTGAGACGTCT-1_V13B23-285_A1,10
GTTCGGAGCACTCAAC-1_V13B23-285_A1,10
GTTCGGATCGGGAACA-1_V13B23-285_A1,5
GTTCGGGCGTACCATT-1_V13B23-285_A1,3
GTTCGTCTAAAGAACT-1_V13B23-285_A1,10
GTTCGTCTGGGTCCCT-1_V13B23-285_A1,13
GTTCGTTGCGGACCAG-1_V13B23-285_A1,14
GTTCTTCCCTCGATGT-1_V13B23-285_A1,14
GTTGAACCGGTTCCAT-1_V13B23-285_A1,6
GTTGAGTCCCGCCGGT-1_V13B23-285_A1,1
GTTGCACGGAGTTTCG-1_V13B23-285_A1,11
GTTGCGCTAACATTAC-1_V13B23-285_A1,5
GTTGCGGACGGTCAGG-1_V13B23-285_A1,1
GTTGGACCGCATCAGG-1_V13B23-285_A1,13
GTTGGATTCAGTGGCT-1_V13B23-285_A1,5
GTTGGATTGAGAACAC-1_V13B23-285_A1,3
GTTGGATTTGCGTTGG-1_V13B23-285_A1,11
GTTGGTCATGCTATCC-1_V13B23-285_A1,11
GTTGTAGATTTATGAG-1_V13B23-285_A1,10
GTTGTCGTGTTAGTTG-1_V13B23-285_A1,14
GTTTACGTTCCATCTG-1_V13B23-285_A1,11
GTTTATGGGATTTAGA-1_V13B23-285_A1,11
GTTTCAAACGAGTTGT-1_V13B23-285_A1,8
GTTTCATATCGTCGCT-1_V13B23-285_A1,11
GTTTCCTGGAGGGTGA-1_V13B23-285_A1,11
GTTTCTAGAGGCGCGG-1_V13B23-285_A1,8
GTTTCTGCAGTCTCCC-1_V13B23-285_A1,11
GTTTGACCAAATCCTA-1_V13B23-285_A1,11
GTTTGAGCGGTTATGT-1_V13B23-285_A1,14
GTTTGGCCCAAGTTAT-1_V13B23-285_A1,11
GTTTGGCCGCTCAGCG-1_V13B23-285_A1,14
GTTTGGGCTTGTGAGC-1_V13B23-285_A1,11
GTTTGGGTTTCGCCCG-1_V13B23-285_A1,7
GTTTGGTAGGGTCAAC-1_V13B23-285_A1,11
GTTTGGTGATCGGTGC-1_V13B23-285_A1,11
GTTTGTTAGCCAAGTA-1_V13B23-285_A1,11
TAAACCCAGGAGGGCA-1_V13B23-285_A1,11
TAAACGTCGTCAATGA-1_V13B23-285_A1,3
TAAAGACAACCCTTTA-1_V13B23-285_A1,1
TAAAGAGCCCGAAACC-1_V13B23-285_A1,12
TAAAGCGGTATTTCCA-1_V13B23-285_A1,11
TAAAGCGTTAGGAGAA-1_V13B23-285_A1,5
TAAAGCTGCAATAGGG-1_V13B23-285_A1,4
TAAATCTTTACACCTC-1_V13B23-285_A1,13
TAAATGAATCCGTTTC-1_V13B23-285_A1,11
TAACAAAGGGAGAAGC-1_V13B23-285_A1,11
TAACAATATTTGTTGC-1_V13B23-285_A1,11
TAACAGCGTTTGTGCT-1_V13B23-285_A1,11
TAACATACAATGTGGG-1_V13B23-285_A1,11
TAACATACACGCGATC-1_V13B23-285_A1,11
TAACCGCCCGCAGTGC-1_V13B23-285_A1,12
TAACCTACCGTCCGAG-1_V13B23-285_A1,1
TAACCTAGGGAGTCCA-1_V13B23-285_A1,7
TAACGCTTTGAGAGCG-1_V13B23-285_A1,4
TAACTATCGAAGGTCC-1_V13B23-285_A1,11
TAACTATTACGCCAAA-1_V13B23-285_A1,10
TAACTCATCCGCGCGG-1_V13B23-285_A1,6
TAACTCCATGGAGGCT-1_V13B23-285_A1,15
TAAGAGGGACAGGGAC-1_V13B23-285_A1,3
TAAGATTTAGCGGGAG-1_V13B23-285_A1,14
TAAGCAGGCGACACGC-1_V13B23-285_A1,11
TAAGCGCGAATCAAAT-1_V13B23-285_A1,12
TAAGGAACTTGTGGGA-1_V13B23-285_A1,14
TAAGGCAACATAAGAT-1_V13B23-285_A1,11
TAAGGCATAACATCAA-1_V13B23-285_A1,11
TAAGGCCCGTCACCCT-1_V13B23-285_A1,3
TAAGGCTGAATCCCTC-1_V13B23-285_A1,7
TAAGGGCCTGTCCGAT-1_V13B23-285_A1,1
TAAGGGCTGGGAGAGG-1_V13B23-285_A1,11
TAAGTAACATCTTGAC-1_V13B23-285_A1,11
TAAGTCGCCGAGTATC-1_V13B23-285_A1,8
TAAGTTGCGACGTAGG-1_V13B23-285_A1,1
TAATAAACAAGGAGAT-1_V13B23-285_A1,1
TAATACACAGTAGTAT-1_V13B23-285_A1,11
TAATACTAGAACAGAC-1_V13B23-285_A1,1
TAATAGAACAGAGTTA-1_V13B23-285_A1,11
TAATAGCTAAATGATG-1_V13B23-285_A1,5
TAATAGGTCACCAGAA-1_V13B23-285_A1,11
TAATAGTGACGACCAG-1_V13B23-285_A1,11
TAATATTGAAATTCGC-1_V13B23-285_A1,1
TAATCGATCCGTACGT-1_V13B23-285_A1,6
TAATGAAAGACCCTTG-1_V13B23-285_A1,11
TAATTACGTCAGTAGA-1_V13B23-285_A1,10
TAATTAGATGGATATG-1_V13B23-285_A1,14
TAATTAGGACATCCGT-1_V13B23-285_A1,1
TAATTTCCGTCCAGTA-1_V13B23-285_A1,11
TACAACAGCGCATACA-1_V13B23-285_A1,12
TACAACGCACAACTCA-1_V13B23-285_A1,11
TACAAGCTGTTCACTG-1_V13B23-285_A1,9
TACAAGGGCTTCTTTA-1_V13B23-285_A1,3
TACAAGTCTCGTGCAT-1_V13B23-285_A1,11
TACAATGAAACCAGCA-1_V13B23-285_A1,14
TACACCGTCGTTAGTC-1_V13B23-285_A1,5
TACAGAAACGGTGGGC-1_V13B23-285_A1,8
TACATAGGCATACACC-1_V13B23-285_A1,11
TACATCCCTATCCCTG-1_V13B23-285_A1,11
TACATCTTGTTTCTTG-1_V13B23-285_A1,11
TACATGACCTTATCCG-1_V13B23-285_A1,11
TACATGCCGGAATTGT-1_V13B23-285_A1,8
TACATTTCTAACGTGC-1_V13B23-285_A1,11
TACCAAATAGCCCAGA-1_V13B23-285_A1,11
TACCAATAAAGTACCA-1_V13B23-285_A1,10
TACCAGAAGTAGGTTC-1_V13B23-285_A1,11
TACCAGCTAGGTTTAA-1_V13B23-285_A1,2
TACCATGTATTGATTT-1_V13B23-285_A1,1
TACCGAATAATTGTAA-1_V13B23-285_A1,3
TACCGCGGACTTGCAG-1_V13B23-285_A1,1
TACCGGCTCACTGCCC-1_V13B23-285_A1,11
TACCGGTCGTTTCCAT-1_V13B23-285_A1,11
TACCGTAGGTTAACTA-1_V13B23-285_A1,1
TACCGTGCCTCGGACC-1_V13B23-285_A1,1
TACCTACTCCCAGTAT-1_V13B23-285_A1,11
TACCTATCCCTAGAGG-1_V13B23-285_A1,11
TACCTCACGCTTGTAC-1_V13B23-285_A1,3
TACCTCAGTTGTCTGT-1_V13B23-285_A1,1
TACCTGCTGCACTGTG-1_V13B23-285_A1,11
TACCTTAAGATTTCCC-1_V13B23-285_A1,11
TACGAACACGACTTCA-1_V13B23-285_A1,11
TACGACGCTTGCTGCG-1_V13B23-285_A1,11
TACGACTGCCTCTTAG-1_V13B23-285_A1,11
TACGAGAACTTCACGT-1_V13B23-285_A1,11
TACGATGTTGATCATC-1_V13B23-285_A1,11
TACGCAGTTCTTTCCT-1_V13B23-285_A1,11
TACGCCATATTCTAAT-1_V13B23-285_A1,11
TACGCCGAGGGTACCC-1_V13B23-285_A1,11
TACGCCGCCTCAGAAG-1_V13B23-285_A1,5
TACGCCTCCATTCCGA-1_V13B23-285_A1,11
TACGCTATAGAAACCT-1_V13B23-285_A1,1
TACGCTCGGTATTGGA-1_V13B23-285_A1,8
TACGGAAGCCAAACCA-1_V13B23-285_A1,7
TACGGCATGGACGCTA-1_V13B23-285_A1,10
TACGGGATGCTAGCAG-1_V13B23-285_A1,6
TACGTAAAGCGGAGTG-1_V13B23-285_A1,7
TACGTACTAGTGCTGA-1_V13B23-285_A1,1
TACGTGCACTATGCTG-1_V13B23-285_A1,11
TACGTGGGCCCAGGGC-1_V13B23-285_A1,1
TACGTTTACCGGCAAT-1_V13B23-285_A1,11
TACTACGTGCAATGCG-1_V13B23-285_A1,1
TACTATGGTTCCTCAG-1_V13B23-285_A1,11
TACTCCTCTAGTTGAC-1_V13B23-285_A1,1
TACTCGGCACGCCGGG-1_V13B23-285_A1,11
TACTCTCCGAACAAAT-1_V13B23-285_A1,6
TACTCTTACTTTACTG-1_V13B23-285_A1,7
TACTCTTTCGTCTTCA-1_V13B23-285_A1,11
TACTGAACAGATTTAG-1_V13B23-285_A1,11
TACTGAGGGAAGAAAG-1_V13B23-285_A1,11
TACTGCAATCAATTAC-1_V13B23-285_A1,7
TACTGGACAGCTCGGC-1_V13B23-285_A1,11
TACTGTTTCTCTGGTA-1_V13B23-285_A1,3
TACTTAAACATGTACA-1_V13B23-285_A1,5
TACTTGTTAGTAGTCC-1_V13B23-285_A1,1
TACTTTACTGAGCCGG-1_V13B23-285_A1,1
TACTTTCCGCACGCCA-1_V13B23-285_A1,11
TAGAAACACAATAGTG-1_V13B23-285_A1,11
TAGAAAGGTGGCGCTA-1_V13B23-285_A1,1
TAGAAATTCACGTATA-1_V13B23-285_A1,11
TAGAATAGCCGATGAA-1_V13B23-285_A1,11
TAGACGAAACGCCAAT-1_V13B23-285_A1,7
TAGACGCCCGTACCGG-1_V13B23-285_A1,1
TAGACTACCTAGCGTT-1_V13B23-285_A1,10
TAGAGATCATGCAACT-1_V13B23-285_A1,11
TAGAGCTACGAAGAAC-1_V13B23-285_A1,14
TAGAGGTTCTACTTGT-1_V13B23-285_A1,1
TAGAGTCTAAGCGAAC-1_V13B23-285_A1,11
TAGATATGGACTGGAA-1_V13B23-285_A1,11
TAGATCCGAAGTCGCA-1_V13B23-285_A1,4
TAGATGGTTCCTTACT-1_V13B23-285_A1,8
TAGATTCCTGGTTATT-1_V13B23-285_A1,11
TAGCAACCTGTCACAA-1_V13B23-285_A1,7
TAGCAGTATGACTAAA-1_V13B23-285_A1,2
TAGCCAGAGGGTCCGG-1_V13B23-285_A1,14
TAGCCATTTCAAAGTC-1_V13B23-285_A1,11
TAGCCGGCGGTCAGCG-1_V13B23-285_A1,11
TAGCGTCCCTCGATTG-1_V13B23-285_A1,5
TAGCGTCCGGTGTGGT-1_V13B23-285_A1,4
TAGCGTCGAATATTGA-1_V13B23-285_A1,11
TAGCGTTGGGTCTTAC-1_V13B23-285_A1,11
TAGCTAAGTCCGGGAG-1_V13B23-285_A1,11
TAGCTAGAAGGCATGA-1_V13B23-285_A1,11
TAGCTAGTGATGATGG-1_V13B23-285_A1,1
TAGCTCGCCTGATAAC-1_V13B23-285_A1,11
TAGCTGATGTGAAGCG-1_V13B23-285_A1,11
TAGGCATGTTACGCCA-1_V13B23-285_A1,13
TAGGCCTATATAGTCT-1_V13B23-285_A1,8
TAGGCGATGAGGTCTC-1_V13B23-285_A1,11
TAGGCTAAAGTGGCAC-1_V13B23-285_A1,7
TAGGGAGCTTGGGATG-1_V13B23-285_A1,14
TAGGGTGTTTCAAGAG-1_V13B23-285_A1,11
TAGGTCCAAGTAAGGA-1_V13B23-285_A1,11
TAGGTCGCCGGAACTG-1_V13B23-285_A1,1
TAGGTGACGATAACCT-1_V13B23-285_A1,8
TAGGTGAGCCCTACTC-1_V13B23-285_A1,11
TAGGTGCTCGCCTAGC-1_V13B23-285_A1,11
TAGGTGTTCCACAGAT-1_V13B23-285_A1,11
TAGGTTCGAGTTCGTC-1_V13B23-285_A1,11
TAGTACCACAACTTTC-1_V13B23-285_A1,11
TAGTACCTTAGTGGTC-1_V13B23-285_A1,10
TAGTAGCTTATACCAG-1_V13B23-285_A1,3
TAGTCCCGGAGACCAC-1_V13B23-285_A1,11
TAGTCCGCAGAGAATG-1_V13B23-285_A1,11
TAGTCCGTATGCATAA-1_V13B23-285_A1,14
TAGTCGATCACGGGTT-1_V13B23-285_A1,1
TAGTCGGGATTCTTCG-1_V13B23-285_A1,10
TAGTCTAACAACGAGA-1_V13B23-285_A1,11
TAGTCTGTGACGTTGC-1_V13B23-285_A1,3
TAGTCTTTCCGAATTG-1_V13B23-285_A1,10
TAGTGAGAAGTGGTTG-1_V13B23-285_A1,14
TAGTGCCCTCCAGAGT-1_V13B23-285_A1,11
TAGTGCTTGAATCCTT-1_V13B23-285_A1,8
TAGTGTCAGAAACGGC-1_V13B23-285_A1,10
TAGTTAAGATAGGATA-1_V13B23-285_A1,13
TAGTTTATTCTTGCTT-1_V13B23-285_A1,1
TATAAATCCACAAGCT-1_V13B23-285_A1,11
TATAAGTGAGGATAGC-1_V13B23-285_A1,11
TATACACAGACGCCTT-1_V13B23-285_A1,11
TATACACGCAAAGTAT-1_V13B23-285_A1,10
TATACCGAGTGCCACA-1_V13B23-285_A1,10
TATACGCGTCATCACT-1_V13B23-285_A1,1
TATACTCATGCGGCAA-1_V13B23-285_A1,3
TATAGAGTCGCTTGAA-1_V13B23-285_A1,11
TATAGATGGTCGCAGT-1_V13B23-285_A1,1
TATAGCGCACGTTATC-1_V13B23-285_A1,11
TATAGGGTACTCATGA-1_V13B23-285_A1,11
TATATAGGGCTTTACG-1_V13B23-285_A1,1
TATATATCGAGAAATG-1_V13B23-285_A1,11
TATATCATTGATCAGT-1_V13B23-285_A1,11
TATATCCCTGGGAGGA-1_V13B23-285_A1,3
TATATGCTGGGTTGCC-1_V13B23-285_A1,11
TATATTCGCGTCGATA-1_V13B23-285_A1,13
TATCAAAGGTCTGTAA-1_V13B23-285_A1,11
TATCACAGCACGGGCA-1_V13B23-285_A1,9
TATCACCCAACCGACC-1_V13B23-285_A1,10
TATCACTTCGAGTAAC-1_V13B23-285_A1,4
TATCAGTGGCGTAGTC-1_V13B23-285_A1,11
TATCCAATTGGTTATC-1_V13B23-285_A1,1
TATCCATATCATGCGA-1_V13B23-285_A1,11
TATCCATCTCGGTTAG-1_V13B23-285_A1,3
TATCCGCACCGTCGGG-1_V13B23-285_A1,1
TATCCTATCAACTGGT-1_V13B23-285_A1,1
TATCCTGCATGGGAAT-1_V13B23-285_A1,8
TATCGATCTATGCATA-1_V13B23-285_A1,6
TATCGATGATTAAACG-1_V13B23-285_A1,11
TATCTACAGAGGTAAT-1_V13B23-285_A1,11
TATCTACCACAGCGGG-1_V13B23-285_A1,11
TATCTAGCCTAAAGGA-1_V13B23-285_A1,11
TATCTTGCAATACAAC-1_V13B23-285_A1,11
TATGAAGAATTAAGGT-1_V13B23-285_A1,7
TATGAAGACAGGTGCG-1_V13B23-285_A1,11
TATGACCTTGCGCTGG-1_V13B23-285_A1,11
TATGATCCGGCACGCC-1_V13B23-285_A1,5
TATGATCTTCTCTTTA-1_V13B23-285_A1,8
TATGATTCTGCTTGGT-1_V13B23-285_A1,14
TATGCTCCCTACTTAC-1_V13B23-285_A1,11
TATGGAGTTTCTCGTT-1_V13B23-285_A1,14
TATGGATGTGCTACGC-1_V13B23-285_A1,11
TATGGCAGACTTTCGA-1_V13B23-285_A1,2
TATGGCCCGGCCTCGC-1_V13B23-285_A1,11
TATGGGACCGAGCAGG-1_V13B23-285_A1,11
TATGGGTACGTATCGT-1_V13B23-285_A1,11
TATGGTCTGAGTAACA-1_V13B23-285_A1,11
TATGGTTAGTGGGAGA-1_V13B23-285_A1,1
TATGTAAAGTGCTTAA-1_V13B23-285_A1,1
TATGTCAAGACCGACT-1_V13B23-285_A1,1
TATGTCTCATTGTGCC-1_V13B23-285_A1,1
TATTAACACCAAAGCA-1_V13B23-285_A1,11
TATTAACCTGACCGCG-1_V13B23-285_A1,11
TATTACCATCCTGCTT-1_V13B23-285_A1,1
TATTATGTTTGCCTGC-1_V13B23-285_A1,8
TATTCAATTCTAATCC-1_V13B23-285_A1,11
TATTCCACTCAGCTCG-1_V13B23-285_A1,11
TATTCCGAGCTGTTAT-1_V13B23-285_A1,7
TATTCCGGCAGTCCTA-1_V13B23-285_A1,13
TATTCCTCCGCCCACT-1_V13B23-285_A1,11
TATTCGTGCCAGAATA-1_V13B23-285_A1,11
TATTGACATTTCTGCC-1_V13B23-285_A1,5
TATTGCCGGGCTTGTA-1_V13B23-285_A1,8
TATTTAGTCTAGATCG-1_V13B23-285_A1,11
TATTTATACCGAGTAG-1_V13B23-285_A1,7
TATTTGATTTGCACAG-1_V13B23-285_A1,8
TATTTGTTACCCTTTA-1_V13B23-285_A1,11
TCAAACAACCGCGTCG-1_V13B23-285_A1,11
TCAAACTTAGATTGTT-1_V13B23-285_A1,11
TCAAAGAGCTATCTGT-1_V13B23-285_A1,11
TCAAATTGTTGTGCCG-1_V13B23-285_A1,3
TCAAATTTGAGACTCA-1_V13B23-285_A1,1
TCAACAAAGATAATTC-1_V13B23-285_A1,11
TCAACACATTGGGTAA-1_V13B23-285_A1,14
TCAACATAGCGCCCTA-1_V13B23-285_A1,11
TCAACATCGACCGAGA-1_V13B23-285_A1,11
TCAACCATGTTCGGGC-1_V13B23-285_A1,11
TCAACGAGGAGACAAA-1_V13B23-285_A1,11
TCAACGCAGGAAATAA-1_V13B23-285_A1,11
TCAACGCGACCGGCAG-1_V13B23-285_A1,11
TCAACTAACGTATAAC-1_V13B23-285_A1,11
TCAACTGCAGAGTCAG-1_V13B23-285_A1,1
TCAAGAAATACTAGCT-1_V13B23-285_A1,5
TCAAGCGCGGACGGTA-1_V13B23-285_A1,3
TCAAGGTTACTACACC-1_V13B23-285_A1,8
TCAATACAATTGCTGC-1_V13B23-285_A1,11
TCAATACGCCGTCATG-1_V13B23-285_A1,1
TCACAAACCGAGGTAC-1_V13B23-285_A1,7
TCACAGATCCTCAAAC-1_V13B23-285_A1,14
TCACAGCAAACTCGAA-1_V13B23-285_A1,11
TCACAGGAGAATAAGA-1_V13B23-285_A1,11
TCACAGGGAATCGCAA-1_V13B23-285_A1,11
TCACAGGTTATTGGGC-1_V13B23-285_A1,11
TCACATCTTATCTGAT-1_V13B23-285_A1,12
TCACCCTCTTAAGATT-1_V13B23-285_A1,11
TCACCGCTCGGCACTC-1_V13B23-285_A1,1
TCACGATGTCCGTGGA-1_V13B23-285_A1,11
TCACGCATTGTAGATC-1_V13B23-285_A1,11
TCACGGTCATCGCACA-1_V13B23-285_A1,11
TCACGTGCCCGATTCA-1_V13B23-285_A1,11
TCACTACGACCAATGC-1_V13B23-285_A1,13
TCACTATCCCTTCGGT-1_V13B23-285_A1,1
TCACTATCGTGCAATC-1_V13B23-285_A1,14
TCACTCAGCGCATTAG-1_V13B23-285_A1,14
TCACTCGTGCAACGGC-1_V13B23-285_A1,10
TCACTCTTCGTCTGTC-1_V13B23-285_A1,5
TCAGAACCTCCACAGG-1_V13B23-285_A1,8
TCAGACGCTATAGAAG-1_V13B23-285_A1,1
TCAGCAAATGCATCTC-1_V13B23-285_A1,11
TCAGCAGTAGGCCCTG-1_V13B23-285_A1,11
TCAGCCAATCCGTAAA-1_V13B23-285_A1,10
TCAGGGCGACTTCCTT-1_V13B23-285_A1,11
TCAGGGCGCAAACTCG-1_V13B23-285_A1,11
TCAGGGTGTAACGTAA-1_V13B23-285_A1,1
TCAGGTTCTTTGAGAA-1_V13B23-285_A1,11
TCAGTACTGACCCGCG-1_V13B23-285_A1,11
TCAGTAGGGACTATAA-1_V13B23-285_A1,11
TCAGTGTATACGTCAT-1_V13B23-285_A1,3
TCATACTTACAGATCC-1_V13B23-285_A1,1
TCATATGAGCTTTGTT-1_V13B23-285_A1,3
TCATCACTCGAGCTCG-1_V13B23-285_A1,14
TCATCCTCAGCTGCTT-1_V13B23-285_A1,7
TCATCGACGACCGTCG-1_V13B23-285_A1,8
TCATCGATGGTCCCAA-1_V13B23-285_A1,3
TCATGCAGGTTCTCAT-1_V13B23-285_A1,7
TCATTTAAGTCTCCGA-1_V13B23-285_A1,1
TCATTTAGAAGTGTGA-1_V13B23-285_A1,7
TCCAACTCAGCTATCT-1_V13B23-285_A1,3
TCCAACTTTAAATTCT-1_V13B23-285_A1,6
TCCAAGCCTAGACACA-1_V13B23-285_A1,8
TCCAATAAAGGCTACC-1_V13B23-285_A1,1
TCCACAATGGTTTACG-1_V13B23-285_A1,11
TCCACATCGTATATTG-1_V13B23-285_A1,3
TCCACCAAGACATAGG-1_V13B23-285_A1,3
TCCACCTCTAGCCTTT-1_V13B23-285_A1,1
TCCACTTTATCTAGGT-1_V13B23-285_A1,11
TCCAGAGCACCGGTTC-1_V13B23-285_A1,11
TCCAGATGTACGCCAA-1_V13B23-285_A1,5
TCCAGCGCTATAAGCG-1_V13B23-285_A1,8
TCCAGGCGAGTACGGT-1_V13B23-285_A1,11
TCCAGGGTATATACGA-1_V13B23-285_A1,11
TCCATTAGTTGGATAG-1_V13B23-285_A1,8
TCCATTGTGACCTCGT-1_V13B23-285_A1,9
TCCCAAACAGACAACG-1_V13B23-285_A1,5
TCCCAAAGACGAAGGA-1_V13B23-285_A1,6
TCCCAAAGCCCTAAAT-1_V13B23-285_A1,5
TCCCACTCTCTTCCGG-1_V13B23-285_A1,7
TCCCAGCTTTAGTCTG-1_V13B23-285_A1,11
TCCCAGGCTTAGCTAA-1_V13B23-285_A1,11
TCCCGCCTATGTGCGT-1_V13B23-285_A1,5
TCCCGCGTACTCCTGG-1_V13B23-285_A1,11
TCCCGGGTGTGCTGCT-1_V13B23-285_A1,11
TCCCGGTCAGGAATTT-1_V13B23-285_A1,14
TCCCGTCAGTCCCGCA-1_V13B23-285_A1,11
TCCCGTCGCGTCATAG-1_V13B23-285_A1,5
TCCCGTGTGCAATTTG-1_V13B23-285_A1,11
TCCCTAGATCAATAGG-1_V13B23-285_A1,3
TCCCTCCGAAATCGTT-1_V13B23-285_A1,14
TCCCTCTTCTCAAGGG-1_V13B23-285_A1,3
TCCCTGGCGTATTAAC-1_V13B23-285_A1,11
TCCCTGGCTCGCTGGA-1_V13B23-285_A1,11
TCCCTTAGATTACTCG-1_V13B23-285_A1,8
TCCCTTGTCTGAAACT-1_V13B23-285_A1,8
TCCGAACGTTGCCGCT-1_V13B23-285_A1,7
TCCGAACTTGGCTTAC-1_V13B23-285_A1,11
TCCGAATGGTCCTGAG-1_V13B23-285_A1,7
TCCGAGAAGGCTAAGC-1_V13B23-285_A1,14
TCCGATAATTGCCATA-1_V13B23-285_A1,11
TCCGATGACTGAGCTC-1_V13B23-285_A1,12
TCCGATGGTGCGACAT-1_V13B23-285_A1,11
TCCGATTACATTGCCG-1_V13B23-285_A1,11
TCCGCAGCCACCTAGC-1_V13B23-285_A1,8
TCCGCCTGTCTACAAG-1_V13B23-285_A1,5
TCCGCGGCAGCATCTG-1_V13B23-285_A1,11
TCCGCGGCCCAATGAA-1_V13B23-285_A1,1
TCCGCTGTCATCCCGG-1_V13B23-285_A1,11
TCCGCTTATCCCATTA-1_V13B23-285_A1,11
TCCGGCCTAGCGTACA-1_V13B23-285_A1,1
TCCGGGCTTGACGGGA-1_V13B23-285_A1,1
TCCGGTTCGTCCGGTC-1_V13B23-285_A1,11
TCCGTAACCACAATCC-1_V13B23-285_A1,15
TCCGTTAAGCTAATAT-1_V13B23-285_A1,1
TCCGTTTAGCCTTGAA-1_V13B23-285_A1,1
TCCTAAAGATTCAGAC-1_V13B23-285_A1,8
TCCTAAATTGGGAAGC-1_V13B23-285_A1,5
TCCTAACCGTCGGGCA-1_V13B23-285_A1,11
TCCTACATCCACGGCC-1_V13B23-285_A1,11
TCCTAGCAAAGAAGCT-1_V13B23-285_A1,11
TCCTATCATAGGTAAC-1_V13B23-285_A1,5
TCCTCCTAAGACATTC-1_V13B23-285_A1,11
TCCTCGGGCTGGGCTT-1_V13B23-285_A1,11
TCCTCTACGAGATGGC-1_V13B23-285_A1,11
TCCTCTCCAGTTGTCC-1_V13B23-285_A1,11
TCCTCTGGCCCATTAG-1_V13B23-285_A1,9
TCCTGCCAACTGGAGA-1_V13B23-285_A1,13
TCCTGCGTTGATACTC-1_V13B23-285_A1,11
TCCTTACGACGGTCCG-1_V13B23-285_A1,1
TCCTTCAATCCCTACG-1_V13B23-285_A1,11
TCCTTCAGTGGTCGAA-1_V13B23-285_A1,1
TCCTTGTCCTTTAATT-1_V13B23-285_A1,3
TCCTTTAAATCCGCTT-1_V13B23-285_A1,3
TCCTTTCTTACGCTTA-1_V13B23-285_A1,10
TCGAAATTTAGGACCA-1_V13B23-285_A1,11
TCGAAGAACCGAGCAC-1_V13B23-285_A1,8
TCGAATATCCCGCAGG-1_V13B23-285_A1,1
TCGACAACTGAACCCG-1_V13B23-285_A1,5
TCGAGACCAACACCGT-1_V13B23-285_A1,11
TCGAGCCAGGCAGGCC-1_V13B23-285_A1,11
TCGAGGGCAACAGACG-1_V13B23-285_A1,8
TCGAGTCTACGATTCG-1_V13B23-285_A1,11
TCGATAGGCTAGTCGC-1_V13B23-285_A1,1
TCGCAAAGATGCATTT-1_V13B23-285_A1,11
TCGCACCAGGAGGCAG-1_V13B23-285_A1,1
TCGCACTAACGTTTGT-1_V13B23-285_A1,4
TCGCATAAAGGGCGCA-1_V13B23-285_A1,8
TCGCATCCCTAAGTGT-1_V13B23-285_A1,14
TCGCATTCAATGACTT-1_V13B23-285_A1,14
TCGCCCACTGCGAGAG-1_V13B23-285_A1,11
TCGCCGAAGTTGCGTC-1_V13B23-285_A1,11
TCGCCGACATATTCGC-1_V13B23-285_A1,3
TCGCCGCACCGCGTGA-1_V13B23-285_A1,11
TCGCCGGATGGGCAAG-1_V13B23-285_A1,11
TCGCCGGTCGATCCGT-1_V13B23-285_A1,11
TCGCCTCGACCTGTTG-1_V13B23-285_A1,12
TCGCGTCCAGAAGGTC-1_V13B23-285_A1,11
TCGCTAAACCGCTATC-1_V13B23-285_A1,8
TCGCTACTGGCTTTGA-1_V13B23-285_A1,1
TCGCTCGATATATTCC-1_V13B23-285_A1,11
TCGCTCGGCACCAGCG-1_V13B23-285_A1,5
TCGCTGCCAATGCTGT-1_V13B23-285_A1,1
TCGCTGGGCGGATTGT-1_V13B23-285_A1,1
TCGCTGTGCGTAAATC-1_V13B23-285_A1,14
TCGCTTTAAACGTTTG-1_V13B23-285_A1,6
TCGGAATGCGCTCTGA-1_V13B23-285_A1,11
TCGGACGCCCAGCCCA-1_V13B23-285_A1,11
TCGGAGAGTATCGGGA-1_V13B23-285_A1,11
TCGGAGTACATGAGTA-1_V13B23-285_A1,11
TCGGCGAACCCAAACC-1_V13B23-285_A1,5
TCGGCGTACTGCACAA-1_V13B23-285_A1,11
TCGGCTTGTATCGACG-1_V13B23-285_A1,3
TCGGGAACGTGCCTAG-1_V13B23-285_A1,7
TCGGGAGACAGCGTAC-1_V13B23-285_A1,1
TCGGGATTCAAACATA-1_V13B23-285_A1,11
TCGGGCACTTCTGGAT-1_V13B23-285_A1,14
TCGGGCCGTCGTGGTA-1_V13B23-285_A1,10
TCGGGTGAAACTGCTA-1_V13B23-285_A1,7
TCGGTCCCGACAATAG-1_V13B23-285_A1,11
TCGTAAGACGACATTG-1_V13B23-285_A1,11
TCGTACCGACGTCAAG-1_V13B23-285_A1,11
TCGTATAGTGCAATTA-1_V13B23-285_A1,3
TCGTATTACCCATTGC-1_V13B23-285_A1,11
TCGTCAAGTACGCGCA-1_V13B23-285_A1,11
TCGTCACACTGTTAGC-1_V13B23-285_A1,11
TCGTCCGCTGGCGTCT-1_V13B23-285_A1,11
TCGTCTTAGGCGTTAA-1_V13B23-285_A1,3
TCGTGTACTATGGATG-1_V13B23-285_A1,3
TCGTGTATTGGTCACG-1_V13B23-285_A1,8
TCGTGTCACGCTGACA-1_V13B23-285_A1,11
TCGTGTTCGACCACAA-1_V13B23-285_A1,7
TCGTTAGGAGTCCCTA-1_V13B23-285_A1,11
TCGTTCGTTATTATGT-1_V13B23-285_A1,10
TCGTTGACAGGGTCCC-1_V13B23-285_A1,11
TCGTTGCTATCCGGTC-1_V13B23-285_A1,11
TCGTTGGCTCGTCAAT-1_V13B23-285_A1,14
TCGTTTACGCGACCCT-1_V13B23-285_A1,8
TCTAAAGAACAGTCTC-1_V13B23-285_A1,11
TCTAACCTAGCCTGCG-1_V13B23-285_A1,1
TCTAACTGTATGTAAA-1_V13B23-285_A1,11
TCTAATACTGCCTCAG-1_V13B23-285_A1,11
TCTACCCAATAGAGAG-1_V13B23-285_A1,1
TCTACCGTCCACAAGC-1_V13B23-285_A1,11
TCTAGCAATCTCCGCC-1_V13B23-285_A1,11
TCTAGCATCTTCGATG-1_V13B23-285_A1,12
TCTAGCATGCCCAGAA-1_V13B23-285_A1,11
TCTAGGTGGCGACGCT-1_V13B23-285_A1,1
TCTAGTGATATCGTGG-1_V13B23-285_A1,7
TCTAGTTATCAGAAGA-1_V13B23-285_A1,11
TCTATAGGTGGGTAAT-1_V13B23-285_A1,1
TCTATCATGCAGTTAC-1_V13B23-285_A1,1
TCTATCGGTCGCAACA-1_V13B23-285_A1,11
TCTATGCTATAACGAC-1_V13B23-285_A1,1
TCTATTACGCTGGCGA-1_V13B23-285_A1,14
TCTATTACTAGAGGAT-1_V13B23-285_A1,11
TCTCATGAGATAGGGT-1_V13B23-285_A1,1
TCTCCAACGTAGGTTA-1_V13B23-285_A1,4
TCTCCACAAGTTGAAT-1_V13B23-285_A1,1
TCTCCCTGGGCAGCGT-1_V13B23-285_A1,3
TCTCGAACGAGGTCAC-1_V13B23-285_A1,9
TCTCGACGTATCGCCG-1_V13B23-285_A1,10
TCTCGAGGAGGTTCGC-1_V13B23-285_A1,10
TCTCGGCTCCAGGACT-1_V13B23-285_A1,14
TCTCGTGTTACGAGGA-1_V13B23-285_A1,11
TCTCTAATAGCTGGTA-1_V13B23-285_A1,11
TCTCTCGCCGCACATA-1_V13B23-285_A1,3
TCTCTTACCGCGAACC-1_V13B23-285_A1,1
TCTGAACCGGTCGGCT-1_V13B23-285_A1,10
TCTGAACTCGTACCCG-1_V13B23-285_A1,1
TCTGAAGCACGTGGTC-1_V13B23-285_A1,8
TCTGAATTCCGTACAA-1_V13B23-285_A1,1
TCTGACGGGCTAACCC-1_V13B23-285_A1,10
TCTGACTGTAATGGTT-1_V13B23-285_A1,1
TCTGAGCAATTGACTG-1_V13B23-285_A1,3
TCTGATCGGGTGCTAG-1_V13B23-285_A1,5
TCTGATGTATTCTGTC-1_V13B23-285_A1,3
TCTGATTGGAAATGGA-1_V13B23-285_A1,5
TCTGCAGATTCGAGTC-1_V13B23-285_A1,11
TCTGCATACCTTGCTT-1_V13B23-285_A1,1
TCTGCCAGAAACTGCA-1_V13B23-285_A1,11
TCTGCGTCCGGTTTCT-1_V13B23-285_A1,14
TCTGGCCGTTCAAGTT-1_V13B23-285_A1,5
TCTGGCGCAAGCCGGG-1_V13B23-285_A1,11
TCTGGGAACCTTTGAA-1_V13B23-285_A1,1
TCTGGGTAGCGCTCAT-1_V13B23-285_A1,11
TCTGTCATACAAGAGC-1_V13B23-285_A1,3
TCTGTGACTGACCGTT-1_V13B23-285_A1,10
TCTGTGCCATCATAGT-1_V13B23-285_A1,11
TCTGTGGCTACATTTC-1_V13B23-285_A1,14
TCTGTTACCCAGCATA-1_V13B23-285_A1,11
TCTTAACTCGGATGTA-1_V13B23-285_A1,11
TCTTACAGAGGTACCG-1_V13B23-285_A1,14
TCTTACCGGAACTCGT-1_V13B23-285_A1,1
TCTTACGGCATCCGAC-1_V13B23-285_A1,11
TCTTACTTATGCCTCT-1_V13B23-285_A1,1
TCTTAGAGCTCCAATT-1_V13B23-285_A1,1
TCTTAGAGTGAACTCT-1_V13B23-285_A1,7
TCTTCCCATGGGCACA-1_V13B23-285_A1,1
TCTTCGAATAGACGTT-1_V13B23-285_A1,11
TCTTCGATACCAATAA-1_V13B23-285_A1,11
TCTTCGCGGTGAGAGG-1_V13B23-285_A1,1
TCTTCTATAACCCGCC-1_V13B23-285_A1,5
TCTTGATGCGTAGCGA-1_V13B23-285_A1,11
TCTTGCTCCCGATACT-1_V13B23-285_A1,7
TCTTGGTAACACCAAA-1_V13B23-285_A1,11
TCTTTAAGACTATGAA-1_V13B23-285_A1,1
TCTTTAGAGTCTAACA-1_V13B23-285_A1,8
TCTTTAGCAGGCGAAC-1_V13B23-285_A1,5
TCTTTCCTTCGAGATA-1_V13B23-285_A1,8
TGAAACCTCAACTCAC-1_V13B23-285_A1,9
TGAAACTTATGCAAGC-1_V13B23-285_A1,4
TGAAAGGACCTGACTC-1_V13B23-285_A1,11
TGAACTGCTATGACTT-1_V13B23-285_A1,11
TGAAGAGCGGTCCTAG-1_V13B23-285_A1,3
TGAAGTAGCTTACGGA-1_V13B23-285_A1,11
TGAATACCGACGCGTA-1_V13B23-285_A1,1
TGAATGAGTGTTTCCC-1_V13B23-285_A1,11
TGAATGTCAGCCGGCC-1_V13B23-285_A1,5
TGAATTTCACTTGCCT-1_V13B23-285_A1,11
TGACAACGCATGTCGC-1_V13B23-285_A1,5
TGACAGGACAAGTCCA-1_V13B23-285_A1,11
TGACATATATGACGAT-1_V13B23-285_A1,11
TGACATCGAGCGGACC-1_V13B23-285_A1,1
TGACATGTAACGTGAC-1_V13B23-285_A1,8
TGACCAAATCTTAAAC-1_V13B23-285_A1,1
TGACCCAACTCACATT-1_V13B23-285_A1,9
TGACCCACGTTAGACA-1_V13B23-285_A1,11
TGACGAATATTTCCCT-1_V13B23-285_A1,11
TGACGATGCACTAGAA-1_V13B23-285_A1,1
TGACTATAATCCTTTC-1_V13B23-285_A1,11
TGACTCCGAATCATAC-1_V13B23-285_A1,11
TGAGAATGCTTTACCG-1_V13B23-285_A1,11
TGAGACGTACCTCTCA-1_V13B23-285_A1,11
TGAGAGATTTACCACG-1_V13B23-285_A1,11
TGAGATCAAATACTCA-1_V13B23-285_A1,13
TGAGATTAGGCCCTAA-1_V13B23-285_A1,5
TGAGCAGTCGTGAAGT-1_V13B23-285_A1,14
TGAGCCATACAGTCTC-1_V13B23-285_A1,11
TGAGCGGAAAGTGTTC-1_V13B23-285_A1,1
TGAGCTTTAATGACGC-1_V13B23-285_A1,8
TGAGGAGTGCCAGCTT-1_V13B23-285_A1,10
TGAGGCATGTACTGTG-1_V13B23-285_A1,5
TGAGGTTGATCCCAAG-1_V13B23-285_A1,14
TGAGTAAATTAGCGTA-1_V13B23-285_A1,11
TGAGTGCCTCTTAAAT-1_V13B23-285_A1,11
TGAGTGGTCCGTGACG-1_V13B23-285_A1,11
TGAGTTAAAGACATTC-1_V13B23-285_A1,5
TGATACATTTAGCCGT-1_V13B23-285_A1,11
TGATAGCGGGATTCTA-1_V13B23-285_A1,11
TGATCAGGGAACTGCT-1_V13B23-285_A1,11
TGATCCCAGCATTAGT-1_V13B23-285_A1,1
TGATCGGTTTGACCCT-1_V13B23-285_A1,11
TGATCTACGCTGATCT-1_V13B23-285_A1,2
TGATCTCCGGCGCCAG-1_V13B23-285_A1,11
TGATGGCTGTTTCTGA-1_V13B23-285_A1,3
TGATGGGACTAAGTCA-1_V13B23-285_A1,2
TGATGTCAATTAAGTG-1_V13B23-285_A1,3
TGATTCAGGTCCCGCG-1_V13B23-285_A1,11
TGATTCCCGGTTACCT-1_V13B23-285_A1,11
TGATTCGTCTATCACT-1_V13B23-285_A1,11
TGATTCTGTCGCCGGT-1_V13B23-285_A1,11
TGATTTATTAGCTGTG-1_V13B23-285_A1,11
TGATTTCCTCCTGACG-1_V13B23-285_A1,14
TGCAAACCCACATCAA-1_V13B23-285_A1,9
TGCAACCCATCTGCGG-1_V13B23-285_A1,1
TGCAACTACTGGTTGA-1_V13B23-285_A1,1
TGCAAGAATGACGTAA-1_V13B23-285_A1,11
TGCAATCTAACACGGT-1_V13B23-285_A1,3
TGCACGAGTCGGCAGC-1_V13B23-285_A1,9
TGCACTATGTGAGTGC-1_V13B23-285_A1,7
TGCAGAACTATATCGT-1_V13B23-285_A1,11
TGCAGAGTACCGAGCA-1_V13B23-285_A1,11
TGCAGATCGTCCTAGG-1_V13B23-285_A1,11
TGCAGCTACGTACTTC-1_V13B23-285_A1,11
TGCAGGATCGGCAAAG-1_V13B23-285_A1,11
TGCAGTTTCCTCCCAT-1_V13B23-285_A1,5
TGCATATGTCTGTCAC-1_V13B23-285_A1,11
TGCATGGATCGGATCT-1_V13B23-285_A1,11
TGCATGTGGTAATCTA-1_V13B23-285_A1,3
TGCCAAAGTCAGACTT-1_V13B23-285_A1,11
TGCCAATGGGTACTCT-1_V13B23-285_A1,11
TGCCACACTAGAGGAA-1_V13B23-285_A1,11
TGCCACCTGGCGAAAC-1_V13B23-285_A1,11
TGCCAGTACGTGGAGA-1_V13B23-285_A1,1
TGCCATTACTAAAGAA-1_V13B23-285_A1,6
TGCCCGTACCGTTAAA-1_V13B23-285_A1,5
TGCCGAAAGCGTATTC-1_V13B23-285_A1,5
TGCCGGATGTACGAGC-1_V13B23-285_A1,11
TGCCGTGGATCGTCCT-1_V13B23-285_A1,7
TGCCGTGGGACCCAAT-1_V13B23-285_A1,12
TGCCGTTCTTAATCGG-1_V13B23-285_A1,11
TGCCTAATTGAAGATT-1_V13B23-285_A1,1
TGCCTGACATCGGTCA-1_V13B23-285_A1,14
TGCCTGATCAAACGAT-1_V13B23-285_A1,11
TGCCTTGGCCAGGCAA-1_V13B23-285_A1,10
TGCGAATATGGGATTT-1_V13B23-285_A1,11
TGCGACACCCTAGTGC-1_V13B23-285_A1,6
TGCGACGGCCGAACGT-1_V13B23-285_A1,11
TGCGAGAATATTACCC-1_V13B23-285_A1,11
TGCGATGCTAATGGCT-1_V13B23-285_A1,11
TGCGCAAAGCATTTGG-1_V13B23-285_A1,11
TGCGCCGTTAATAACG-1_V13B23-285_A1,5
TGCGCGATTAACGGAG-1_V13B23-285_A1,11
TGCGGACTTGACTCCG-1_V13B23-285_A1,1
TGCGGAGTAAAGGTGC-1_V13B23-285_A1,11
TGCGGCATAGTTCAAC-1_V13B23-285_A1,3
TGCGGTGAAATTTCAT-1_V13B23-285_A1,2
TGCGTAAGAACCTGAT-1_V13B23-285_A1,11
TGCGTACGGCTAATTG-1_V13B23-285_A1,7
TGCGTCATGACTGAGC-1_V13B23-285_A1,11
TGCGTGATTGGGTGTC-1_V13B23-285_A1,14
TGCGTTTGTTGACACT-1_V13B23-285_A1,11
TGCTAAGTGTCTATTT-1_V13B23-285_A1,7
TGCTATACAAACGGAC-1_V13B23-285_A1,13
TGCTCCACAGTTCTTA-1_V13B23-285_A1,7
TGCTCGGCGAAACCCA-1_V13B23-285_A1,7
TGCTCGGTGGGTCACC-1_V13B23-285_A1,8
TGCTCTTGAGAGTTTG-1_V13B23-285_A1,1
TGCTGGTTGGACAATT-1_V13B23-285_A1,11
TGCTGTTGAAGAACTC-1_V13B23-285_A1,11
TGCTTAGAGAGAATGC-1_V13B23-285_A1,1
TGCTTCCCAAGCAGTA-1_V13B23-285_A1,11
TGCTTGAAACCATGCA-1_V13B23-285_A1,14
TGGAAACGGAGTGAAC-1_V13B23-285_A1,14
TGGAACCACTGACACA-1_V13B23-285_A1,3
TGGAAGAAGGGAACGT-1_V13B23-285_A1,11
TGGAAGACGAACACCA-1_V13B23-285_A1,3
TGGAAGGATAAAGATG-1_V13B23-285_A1,11
TGGAATATCCTTGACC-1_V13B23-285_A1,5
TGGAATTAGACGCTTT-1_V13B23-285_A1,11
TGGACACCGTTGCTTG-1_V13B23-285_A1,11
TGGACCAATCTAAGAT-1_V13B23-285_A1,7
TGGACCACGGCGTTGA-1_V13B23-285_A1,14
TGGACGCAATCCAGCC-1_V13B23-285_A1,11
TGGACGTAGGCGAATC-1_V13B23-285_A1,2
TGGACTGTTCGCTCAA-1_V13B23-285_A1,11
TGGAGCTAAAGTTCCC-1_V13B23-285_A1,9
TGGAGGGAAACACCTC-1_V13B23-285_A1,13
TGGAGTGATGCGATGA-1_V13B23-285_A1,11
TGGATAGAGTAACAGA-1_V13B23-285_A1,14
TGGCAAACTAAATTAC-1_V13B23-285_A1,1
TGGCAACTCGCGCGCC-1_V13B23-285_A1,6
TGGCAAGCACAAGTCG-1_V13B23-285_A1,1
TGGCAATGGGACGGCG-1_V13B23-285_A1,3
TGGCAGATTACGATCA-1_V13B23-285_A1,11
TGGCAGCAGTAATAGT-1_V13B23-285_A1,11
TGGCATGAAGTTTGGG-1_V13B23-285_A1,5
TGGCCAAACTGAAGTA-1_V13B23-285_A1,11
TGGCCAATTTGGTACT-1_V13B23-285_A1,11
TGGCCGTATATTGACC-1_V13B23-285_A1,11
TGGCGACTGCTCCAAA-1_V13B23-285_A1,11
TGGCGATCAAGTTATG-1_V13B23-285_A1,11
TGGCGGTGTGCGATTG-1_V13B23-285_A1,14
TGGCTACACTCTACCT-1_V13B23-285_A1,3
TGGCTATGTGACATAC-1_V13B23-285_A1,8
TGGCTCTTGTCGCGTA-1_V13B23-285_A1,11
TGGCTTATGTATAATG-1_V13B23-285_A1,1
TGGCTTTGGGTAGACA-1_V13B23-285_A1,11
TGGGAAATGCCTTTCC-1_V13B23-285_A1,11
TGGGACCATTGGGAGT-1_V13B23-285_A1,2
TGGGCAATAGTTGGGT-1_V13B23-285_A1,5
TGGGCACAAACAGAAC-1_V13B23-285_A1,14
TGGGCACGTTCTATGG-1_V13B23-285_A1,14
TGGGCAGGCCACCGCA-1_V13B23-285_A1,10
TGGGCCACAAGAGCGC-1_V13B23-285_A1,11
TGGGCCCATACTAATT-1_V13B23-285_A1,5
TGGGCCTTGCCTGCAT-1_V13B23-285_A1,14
TGGGCGATACAATAAG-1_V13B23-285_A1,11
TGGGTAAGGTTCCCGC-1_V13B23-285_A1,12
TGGGTGCACAAGCCAT-1_V13B23-285_A1,8
TGGGTGTAATAGATTT-1_V13B23-285_A1,7
TGGGTTCCCGGACGGA-1_V13B23-285_A1,11
TGGTAAGCAGGATTGA-1_V13B23-285_A1,11
TGGTAGAATATATGGG-1_V13B23-285_A1,1
TGGTATCGCATCCCAA-1_V13B23-285_A1,15
TGGTATCGGTCTGTAT-1_V13B23-285_A1,13
TGGTCCCACGCTACGG-1_V13B23-285_A1,1
TGGTCGTGCAAGGCAA-1_V13B23-285_A1,11
TGGTCTAGCTTACATG-1_V13B23-285_A1,11
TGGTCTGTTGGGCGTA-1_V13B23-285_A1,11
TGGTGATCGTATTTGT-1_V13B23-285_A1,11
TGGTTAACTTACATTT-1_V13B23-285_A1,1
TGGTTAAGGGCGCTGG-1_V13B23-285_A1,5
TGGTTATGCTTGCGGT-1_V13B23-285_A1,11
TGGTTCAACGGGTAAT-1_V13B23-285_A1,12
TGGTTCGTAGCAAAGG-1_V13B23-285_A1,11
TGGTTGGAGGATCCTG-1_V13B23-285_A1,9
TGGTTTAAACGTGGGT-1_V13B23-285_A1,5
TGTAACTTGTCAACCT-1_V13B23-285_A1,14
TGTAATGACCACAATA-1_V13B23-285_A1,11
TGTACCTACACGAGGG-1_V13B23-285_A1,8
TGTACGAACAAATCCG-1_V13B23-285_A1,11
TGTACTACTCTCACGG-1_V13B23-285_A1,13
TGTACTGTGCCAAAGT-1_V13B23-285_A1,14
TGTAGCCAATTCCGTT-1_V13B23-285_A1,1
TGTAGCCATCCCATTC-1_V13B23-285_A1,8
TGTAGGAGAAATTTCC-1_V13B23-285_A1,11
TGTAGTGATCTATAAT-1_V13B23-285_A1,11
TGTATAACAGATCCTG-1_V13B23-285_A1,11
TGTATACGGATGATGA-1_V13B23-285_A1,5
TGTATCCTTATTCCAT-1_V13B23-285_A1,14
TGTATGGCGCAGACAG-1_V13B23-285_A1,5
TGTCATTTGTTGGGAA-1_V13B23-285_A1,9
TGTCCACGGCTCAACT-1_V13B23-285_A1,3
TGTCCCGACATAGCAC-1_V13B23-285_A1,3
TGTCCGTGGCGCCTTT-1_V13B23-285_A1,11
TGTCCTAAGTCACCGC-1_V13B23-285_A1,11
TGTCGGCATGGTGGAA-1_V13B23-285_A1,14
TGTCGTTATCACATAT-1_V13B23-285_A1,11
TGTCTACAGTTTCTGT-1_V13B23-285_A1,14
TGTGACTACGCCAGTC-1_V13B23-285_A1,11
TGTGACTAGAGTTTGC-1_V13B23-285_A1,7
TGTGAGACTAGCCCAA-1_V13B23-285_A1,11
TGTGCCAGAGGCAAAG-1_V13B23-285_A1,1
TGTGCCGGTGCCGGAA-1_V13B23-285_A1,1
TGTGCTTTACGTAAGA-1_V13B23-285_A1,11
TGTGGAGGAAGCTTAA-1_V13B23-285_A1,2
TGTGGCAAAGCGTATG-1_V13B23-285_A1,5
TGTGGCGGGCTTCTGG-1_V13B23-285_A1,1
TGTGGCTCCCACCAAC-1_V13B23-285_A1,5
TGTGGTTGCTAAAGCT-1_V13B23-285_A1,11
TGTGTAGTAGCACGTG-1_V13B23-285_A1,3
TGTGTCGAAGTCGAGG-1_V13B23-285_A1,11
TGTGTCGCGAGTTGCA-1_V13B23-285_A1,11
TGTGTGACCATGAATC-1_V13B23-285_A1,11
TGTGTTCGTATCCAAG-1_V13B23-285_A1,11
TGTTATTGTATGTGGC-1_V13B23-285_A1,11
TGTTCATAAATGTGCT-1_V13B23-285_A1,11
TGTTCCGCTTCCATGA-1_V13B23-285_A1,11
TGTTCCGGCCTGAGCT-1_V13B23-285_A1,8
TGTTCGTATTGCGGTG-1_V13B23-285_A1,11
TGTTCTTCCATTGACT-1_V13B23-285_A1,11
TGTTGCCGTCGTCCCA-1_V13B23-285_A1,5
TGTTGTCAAGAAGTCT-1_V13B23-285_A1,11
TGTTTAATACTTCATC-1_V13B23-285_A1,9
TGTTTCGGTACTTCTC-1_V13B23-285_A1,11
TGTTTGAGATCGTCAG-1_V13B23-285_A1,10
TTAAACAGAGTCCCGC-1_V13B23-285_A1,14
TTAAACCGGTAGCGAC-1_V13B23-285_A1,3
TTAAACCTGGTTCCTT-1_V13B23-285_A1,11
TTAAACTCGAATTCAT-1_V13B23-285_A1,1
TTAAAGTAAGTCGCCA-1_V13B23-285_A1,7
TTAACACCTCGAACAT-1_V13B23-285_A1,10
TTAACCAACCCTCCCT-1_V13B23-285_A1,11
TTAACGAACAAGCAGT-1_V13B23-285_A1,13
TTAACGTCGCAAGACC-1_V13B23-285_A1,14
TTAACGTTAAAGCCTG-1_V13B23-285_A1,11
TTAACTCACGCGTGGA-1_V13B23-285_A1,11
TTAACTTCAGGTAGGA-1_V13B23-285_A1,11
TTAAGATAGGATTGAC-1_V13B23-285_A1,8
TTAAGCCGACAACTTC-1_V13B23-285_A1,5
TTAAGCGCCTGACCCA-1_V13B23-285_A1,11
TTAAGGATACGGAGGT-1_V13B23-285_A1,14
TTAAGGCCCGTACTTT-1_V13B23-285_A1,3
TTAAGTATTGTTATCC-1_V13B23-285_A1,7
TTAATCAGTACGTCAG-1_V13B23-285_A1,5
TTAATGTAGACCAGGT-1_V13B23-285_A1,11
TTAATGTGTTTGCAGG-1_V13B23-285_A1,8
TTAATTGCTTTGGGTG-1_V13B23-285_A1,8
TTAATTTCAGACGCGG-1_V13B23-285_A1,11
TTACAACTACGCATCC-1_V13B23-285_A1,11
TTACACGATCTGCGAC-1_V13B23-285_A1,8
TTACAGACCTAAATGA-1_V13B23-285_A1,5
TTACATCGTGGCCTGG-1_V13B23-285_A1,1
TTACATGCCACAACTA-1_V13B23-285_A1,1
TTACCATTGATTACCC-1_V13B23-285_A1,11
TTACCCATTGCCGGGT-1_V13B23-285_A1,8
TTACCCTAACAGTCCT-1_V13B23-285_A1,11
TTACCCTAGGGATTGG-1_V13B23-285_A1,1
TTACCGCCTTAGGGAA-1_V13B23-285_A1,14
TTACGGATGGTTCGAG-1_V13B23-285_A1,1
TTACGGTGTCACCGAG-1_V13B23-285_A1,14
TTACGTATCTATGACA-1_V13B23-285_A1,10
TTACTAAAGGACTTTA-1_V13B23-285_A1,5
TTACTATCGGCTTCTC-1_V13B23-285_A1,11
TTACTCCGGCCGGGAA-1_V13B23-285_A1,11
TTACTCTGGTACGTAC-1_V13B23-285_A1,11
TTACTGGGATATTTCA-1_V13B23-285_A1,11
TTAGAAGAACATGACT-1_V13B23-285_A1,11
TTAGAATAAGGGTCGG-1_V13B23-285_A1,7
TTAGACACGATCGTTG-1_V13B23-285_A1,8
TTAGACGAGTCACCTC-1_V13B23-285_A1,11
TTAGAGGGATATACAG-1_V13B23-285_A1,11
TTAGAGTTTAGAAGGA-1_V13B23-285_A1,11
TTAGATAGGTCGATAC-1_V13B23-285_A1,14
TTAGCAACATGGATGT-1_V13B23-285_A1,14
TTAGCTAATACGATCT-1_V13B23-285_A1,10
TTAGCTCTGTAATCCG-1_V13B23-285_A1,11
TTAGCTGATTTGCCGT-1_V13B23-285_A1,1
TTAGGTCATAACCGAC-1_V13B23-285_A1,11
TTAGTAAACCTGCTCT-1_V13B23-285_A1,3
TTAGTAGGGCGGCGGG-1_V13B23-285_A1,11
TTAGTTATTCGTGGCA-1_V13B23-285_A1,10
TTAGTTCAAGTGTTCG-1_V13B23-285_A1,13
TTATAGATGCACATTA-1_V13B23-285_A1,13
TTATAGGTAATTGTCT-1_V13B23-285_A1,1
TTATATACGCTGTCAC-1_V13B23-285_A1,11
TTATATTTGGCAATCC-1_V13B23-285_A1,11
TTATCATACTCGCAAA-1_V13B23-285_A1,2
TTATCCAATCGAACTC-1_V13B23-285_A1,14
TTATCCGGGATCTATA-1_V13B23-285_A1,1
TTATCCTCAAGGAATA-1_V13B23-285_A1,11
TTATCGCCTGCGAAGC-1_V13B23-285_A1,11
TTATCTGACATTAGGA-1_V13B23-285_A1,11
TTATCTGTATCATAAC-1_V13B23-285_A1,11
TTATGAATGAAAGGGA-1_V13B23-285_A1,11
TTATGACAAACTGGAT-1_V13B23-285_A1,11
TTATGATCTTAACGAA-1_V13B23-285_A1,12
TTATGCGTCCCGGTCC-1_V13B23-285_A1,14
TTATGTTTGCGATAGA-1_V13B23-285_A1,11
TTATTAGAGCGTGTTC-1_V13B23-285_A1,11
TTATTAGGGAAGCATC-1_V13B23-285_A1,8
TTATTATCTGGAAGGC-1_V13B23-285_A1,7
TTATTTCATCCCAAAC-1_V13B23-285_A1,2
TTCAAAGTCTCTAGCC-1_V13B23-285_A1,11
TTCAACGACCCGACCG-1_V13B23-285_A1,11
TTCAAGCCGAGCTGAG-1_V13B23-285_A1,13
TTCAATACTCTGAATC-1_V13B23-285_A1,12
TTCACGAAAGGATCAC-1_V13B23-285_A1,11
TTCACTCGAGCACCTA-1_V13B23-285_A1,8
TTCACTTCCTAGAACG-1_V13B23-285_A1,11
TTCAGAGTAACCTGAC-1_V13B23-285_A1,8
TTCAGCCCTGGTCCAC-1_V13B23-285_A1,11
TTCAGCTGGCGTGCCC-1_V13B23-285_A1,7
TTCAGGCGTCAAAGCC-1_V13B23-285_A1,11
TTCAGTTTGTGGCAGC-1_V13B23-285_A1,11
TTCATAGCCTTGTAAC-1_V13B23-285_A1,14
TTCATAGGGTGTCCAT-1_V13B23-285_A1,12
TTCATGGCGCAACAGG-1_V13B23-285_A1,11
TTCCAATCAGAGCTAG-1_V13B23-285_A1,5
TTCCAATCTGGCTATC-1_V13B23-285_A1,11
TTCCACACAGATTTGA-1_V13B23-285_A1,11
TTCCAGACGAGATTTA-1_V13B23-285_A1,5
TTCCATCGACAGCGTG-1_V13B23-285_A1,8
TTCCCGGCGCCAATAG-1_V13B23-285_A1,11
TTCCGCAGAGAAATAT-1_V13B23-285_A1,10
TTCCGCGTGAGGCGAT-1_V13B23-285_A1,11
TTCCGGCCTTGAGGCT-1_V13B23-285_A1,11
TTCCGGTATCTGTGTC-1_V13B23-285_A1,5
TTCCGGTTACCCACTT-1_V13B23-285_A1,5
TTCCTCGAGGGTGTCT-1_V13B23-285_A1,11
TTCCTCGGACTAACCA-1_V13B23-285_A1,10
TTCCTCTGCCCGAATA-1_V13B23-285_A1,11
TTCCTTTCTGTGTTGC-1_V13B23-285_A1,14
TTCGACAGAGCCCGTG-1_V13B23-285_A1,11
TTCGACGGGAAGGGCG-1_V13B23-285_A1,11
TTCGCACTCGCGTGCT-1_V13B23-285_A1,11
TTCGCACTGTACGACA-1_V13B23-285_A1,11
TTCGCATCCGGAAGCA-1_V13B23-285_A1,14
TTCGCCGCTCGCGCTA-1_V13B23-285_A1,1
TTCGCGCGCCATACGA-1_V13B23-285_A1,1
TTCGCTAGGAAGTTGT-1_V13B23-285_A1,1
TTCGCTATCTGACGTG-1_V13B23-285_A1,5
TTCGGCAACCCGCTGA-1_V13B23-285_A1,4
TTCGGCTAGAGATGGT-1_V13B23-285_A1,10
TTCGGGACTAATCGCG-1_V13B23-285_A1,11
TTCGGGCGCTAGTCTT-1_V13B23-285_A1,11
TTCGGGTTGCCACGGG-1_V13B23-285_A1,1
TTCGGTACTGTAGAGG-1_V13B23-285_A1,1
TTCGGTGGAGACGCCC-1_V13B23-285_A1,5
TTCGTAATCCCAGCGG-1_V13B23-285_A1,9
TTCGTACTCCAGAACG-1_V13B23-285_A1,11
TTCGTTCAACGAAGTT-1_V13B23-285_A1,5
TTCTAACCGAAGCTTA-1_V13B23-285_A1,1
TTCTACTTGCGAGGGC-1_V13B23-285_A1,11
TTCTAGAAAGTCTTAT-1_V13B23-285_A1,11
TTCTAGGCCAATTGTG-1_V13B23-285_A1,11
TTCTATGCCTTTCGCA-1_V13B23-285_A1,1
TTCTATTAAACGCAGC-1_V13B23-285_A1,11
TTCTCTTACAGGTGAT-1_V13B23-285_A1,11
TTCTGACCGGGCTCAA-1_V13B23-285_A1,1
TTCTGCCGCGCCTAGA-1_V13B23-285_A1,11
TTCTGCGAGCGCCCTT-1_V13B23-285_A1,11
TTCTGCGGGTTAGCGG-1_V13B23-285_A1,11
TTCTGCTAGACTCCAA-1_V13B23-285_A1,7
TTCTGTTTCCTGTCGC-1_V13B23-285_A1,5
TTCTTAGTGAACGGTG-1_V13B23-285_A1,8
TTCTTAGTGGCTCAGA-1_V13B23-285_A1,1
TTCTTATCCGCTGGGT-1_V13B23-285_A1,1
TTCTTGAGCCGCGCTA-1_V13B23-285_A1,11
TTCTTGCTAGCATCTC-1_V13B23-285_A1,1
TTCTTGGACGATCTGC-1_V13B23-285_A1,11
TTCTTGGAGTAATGAG-1_V13B23-285_A1,6
TTCTTGTAACCTAATG-1_V13B23-285_A1,11
TTCTTGTGTCCATCAG-1_V13B23-285_A1,11
TTCTTTGGTCGCGACG-1_V13B23-285_A1,10
TTGAACGAATCCTTTG-1_V13B23-285_A1,2
TTGAACGACGTGCTGA-1_V13B23-285_A1,10
TTGAAGAATTCCCAGG-1_V13B23-285_A1,11
TTGAAGGATGGGCGCC-1_V13B23-285_A1,11
TTGAATATGGACTTTC-1_V13B23-285_A1,11
TTGAATCGTTGTATAA-1_V13B23-285_A1,11
TTGAATTCACGTGAGG-1_V13B23-285_A1,1
TTGACAGGAGCTCCCG-1_V13B23-285_A1,3
TTGACATGAACGTGGA-1_V13B23-285_A1,11
TTGACCAGGAACAACT-1_V13B23-285_A1,1
TTGACCATGTTCTCCG-1_V13B23-285_A1,11
TTGACCGTGTTAATGA-1_V13B23-285_A1,11
TTGACGATTCAGCACG-1_V13B23-285_A1,3
TTGACGCTCCATGAGC-1_V13B23-285_A1,8
TTGACTACCATATGGT-1_V13B23-285_A1,11
TTGACTATTGTCCGGC-1_V13B23-285_A1,10
TTGAGAAGTTTAGCAT-1_V13B23-285_A1,7
TTGAGAGTACTGCTAA-1_V13B23-285_A1,11
TTGAGCAGCCCACGGT-1_V13B23-285_A1,1
TTGAGCGCCACGTGAT-1_V13B23-285_A1,1
TTGATAGTCAATACAT-1_V13B23-285_A1,5
TTGATCTAACTTTGTC-1_V13B23-285_A1,11
TTGATGTGTAGTCCCG-1_V13B23-285_A1,6
TTGATTAGCTGTTTCT-1_V13B23-285_A1,11
TTGATTATGCAGATGA-1_V13B23-285_A1,11
TTGCAAGAAGACTCCT-1_V13B23-285_A1,3
TTGCACAATTCAGAAA-1_V13B23-285_A1,6
TTGCACGGAGCAGCAC-1_V13B23-285_A1,11
TTGCATGCTGATCACG-1_V13B23-285_A1,11
TTGCCAAGCAGAACCC-1_V13B23-285_A1,3
TTGCCATAGCCCGCTC-1_V13B23-285_A1,11
TTGCCCTGATCACGGG-1_V13B23-285_A1,11
TTGCCGCAGACCTACA-1_V13B23-285_A1,7
TTGCCGCTTTCTAGTA-1_V13B23-285_A1,7
TTGCCTTCTCGCCGGG-1_V13B23-285_A1,7
TTGCGCTCTCTCGCTT-1_V13B23-285_A1,11
TTGCGCTTGATCAATA-1_V13B23-285_A1,3
TTGCGGCATCAGAAAG-1_V13B23-285_A1,11
TTGCGTAGTTTGAGGA-1_V13B23-285_A1,11
TTGCGTCGGCCAACCG-1_V13B23-285_A1,11
TTGCGTGAACGCTTAG-1_V13B23-285_A1,13
TTGCGTGTGTAGGCAT-1_V13B23-285_A1,8
TTGCTAGCTACCAATC-1_V13B23-285_A1,14
TTGCTCATAGTACGTG-1_V13B23-285_A1,5
TTGCTCCCATACCGGA-1_V13B23-285_A1,11
TTGCTGAAGGAACCAC-1_V13B23-285_A1,11
TTGCTGATCATGTTCG-1_V13B23-285_A1,11
TTGCTGCACCTATCCA-1_V13B23-285_A1,10
TTGCTGGCCGGGCTTC-1_V13B23-285_A1,9
TTGGAAGAATACAGTC-1_V13B23-285_A1,11
TTGGACATGTGGCTTA-1_V13B23-285_A1,11
TTGGACCATCTGGCAA-1_V13B23-285_A1,1
TTGGACCTATAACAGT-1_V13B23-285_A1,7
TTGGAGTCTCCCTTCT-1_V13B23-285_A1,14
TTGGATATCGTCTACG-1_V13B23-285_A1,11
TTGGATCGACTTCTGG-1_V13B23-285_A1,10
TTGGATTGGGTACCAC-1_V13B23-285_A1,3
TTGGCCATCTTGCGCT-1_V13B23-285_A1,14
TTGGCCTAGAATTTCG-1_V13B23-285_A1,7
TTGGCGATCCGAATAT-1_V13B23-285_A1,5
TTGGCTCAATATGTGT-1_V13B23-285_A1,3
TTGGCTCGCATGAGAC-1_V13B23-285_A1,11
TTGGGAAGACGAGCCG-1_V13B23-285_A1,1
TTGGGACACTGCCCGC-1_V13B23-285_A1,12
TTGGGACGTAAGAGTT-1_V13B23-285_A1,1
TTGGGCGGCGGTTGCC-1_V13B23-285_A1,11
TTGGTATGGCTTGTGT-1_V13B23-285_A1,5
TTGGTCACACTCGTAA-1_V13B23-285_A1,11
TTGGTTGCGGTGCGCG-1_V13B23-285_A1,11
TTGTAAGGACCTAAGT-1_V13B23-285_A1,11
TTGTAAGGCCAGTTGG-1_V13B23-285_A1,11
TTGTAATCCGTACTCG-1_V13B23-285_A1,11
TTGTACACCTCGAACA-1_V13B23-285_A1,11
TTGTATCACACAGAAT-1_V13B23-285_A1,13
TTGTCACCGCGGTATC-1_V13B23-285_A1,11
TTGTCGTTCAGTTACC-1_V13B23-285_A1,11
TTGTGAACCTAATCCG-1_V13B23-285_A1,10
TTGTGAGGCATGACGC-1_V13B23-285_A1,11
TTGTGATCTGTTCAGT-1_V13B23-285_A1,8
TTGTGCAGCCACGTCA-1_V13B23-285_A1,8
TTGTGCGGAAGCGGAT-1_V13B23-285_A1,11
TTGTGGCCCTGACAGT-1_V13B23-285_A1,11
TTGTGGTAGGAGGGAT-1_V13B23-285_A1,11
TTGTGGTGGTACTAAG-1_V13B23-285_A1,8
TTGTGTATGCCACCAA-1_V13B23-285_A1,11
TTGTGTTTCCCGAAAG-1_V13B23-285_A1,11
TTGTTAGCAAATTCGA-1_V13B23-285_A1,11
TTGTTCAGTGTGCTAC-1_V13B23-285_A1,11
TTGTTCTAGATACGCT-1_V13B23-285_A1,11
TTGTTGTGTGTCAAGA-1_V13B23-285_A1,11
TTGTTTCACATCCAGG-1_V13B23-285_A1,11
TTGTTTCATTAGTCTA-1_V13B23-285_A1,3
TTGTTTCCATACAACT-1_V13B23-285_A1,11
TTGTTTGTGTAAATTC-1_V13B23-285_A1,1
AAACAAGTATCTCCCA-1_V13B23-285_B1,11
AAACACCAATAACTGC-1_V13B23-285_B1,7
AAACAGAGCGACTCCT-1_V13B23-285_B1,13
AAACAGCTTTCAGAAG-1_V13B23-285_B1,8
AAACAGGGTCTATATT-1_V13B23-285_B1,3
AAACATTTCCCGGATT-1_V13B23-285_B1,11
AAACCCGAACGAAATC-1_V13B23-285_B1,11
AAACCGGAAATGTTAA-1_V13B23-285_B1,11
AAACCGGGTAGGTACC-1_V13B23-285_B1,8
AAACCGTTCGTCCAGG-1_V13B23-285_B1,10
AAACCTCATGAAGTTG-1_V13B23-285_B1,14
AAACGAGACGGTTGAT-1_V13B23-285_B1,11
AAACGTGTTCGCCCTA-1_V13B23-285_B1,12
AAACTCGTGATATAAG-1_V13B23-285_B1,14
AAACTGCTGGCTCCAA-1_V13B23-285_B1,11
AAACTTGCAAACGTAT-1_V13B23-285_B1,14
AAAGACTGGGCGCTTT-1_V13B23-285_B1,10
AAAGCTTGCCTACATA-1_V13B23-285_B1,7
AAAGGCTACGGACCAT-1_V13B23-285_B1,12
AAAGGCTCTCGCGCCG-1_V13B23-285_B1,10
AAAGGGATGTAGCAAG-1_V13B23-285_B1,5
AAAGGGCAGCTTGAAT-1_V13B23-285_B1,10
AAAGGTAAGCTGTACC-1_V13B23-285_B1,2
AAAGTAGCATTGCTCA-1_V13B23-285_B1,1
AAAGTCGACCCTCAGT-1_V13B23-285_B1,14
AAAGTGTGATTTATCT-1_V13B23-285_B1,11
AAAGTTGACTCCCGTA-1_V13B23-285_B1,11
AAATAACCATACGGGA-1_V13B23-285_B1,13
AAATAAGGTAGTGCCC-1_V13B23-285_B1,14
AAATACCTATAAGCAT-1_V13B23-285_B1,11
AAATAGCTTAGACTTT-1_V13B23-285_B1,11
AAATAGGGTGCTATTG-1_V13B23-285_B1,11
AAATCGTGTACCACAA-1_V13B23-285_B1,5
AAATCTAGCCCTGCTA-1_V13B23-285_B1,11
AAATGATTCGATCAGC-1_V13B23-285_B1,14
AAATGCTCGTTACGTT-1_V13B23-285_B1,5
AAATGGCATGTCTTGT-1_V13B23-285_B1,9
AAATGGCCCGTGCCCT-1_V13B23-285_B1,1
AAATGGTCAATGTGCC-1_V13B23-285_B1,5
AAATTAACGGGTAGCT-1_V13B23-285_B1,5
AAATTACACGACTCTG-1_V13B23-285_B1,13
AAATTACCTATCGATG-1_V13B23-285_B1,1
AAATTCCAGGTCCAAA-1_V13B23-285_B1,11
AAATTGATAGTCCTTT-1_V13B23-285_B1,8
AAATTGGTGAGAAGCA-1_V13B23-285_B1,12
AAATTTGCGGGTGTGG-1_V13B23-285_B1,1
AACAACTGGTAGTTGC-1_V13B23-285_B1,5
AACAATACATTGTCGA-1_V13B23-285_B1,1
AACAATTACTCTACGC-1_V13B23-285_B1,10
AACACACGCTCGCCGC-1_V13B23-285_B1,11
AACACGAGACGCGGCC-1_V13B23-285_B1,14
AACAGCTGTGTGGCAA-1_V13B23-285_B1,7
AACAGGAAATCGAATA-1_V13B23-285_B1,13
AACAGGATGGGCCGCG-1_V13B23-285_B1,5
AACAGGTAGTATGGAT-1_V13B23-285_B1,11
AACATATCAACTGGTG-1_V13B23-285_B1,7
AACATCGATACGTCTA-1_V13B23-285_B1,14
AACCAAGACTTCTCTG-1_V13B23-285_B1,8
AACCATGGGATCGCTA-1_V13B23-285_B1,5
AACCCAGAGACGGAGA-1_V13B23-285_B1,13
AACCCATCCCATGATC-1_V13B23-285_B1,10
AACCCGAGCAGAATCG-1_V13B23-285_B1,11
AACCCTACTGTCAATA-1_V13B23-285_B1,11
AACCGAGCTTGGTCAT-1_V13B23-285_B1,13
AACCGCTAAGGGATGC-1_V13B23-285_B1,11
AACCGTTGTGTTTGCT-1_V13B23-285_B1,9
AACCTCGCTTTAGCCC-1_V13B23-285_B1,11
AACCTGTCACGGAATT-1_V13B23-285_B1,11
AACCTTTAAATACGGT-1_V13B23-285_B1,11
AACCTTTACGACGTCT-1_V13B23-285_B1,15
AACGATAATGCCGTAG-1_V13B23-285_B1,11
AACGATAGAAGGGCCG-1_V13B23-285_B1,13
AACGATATGTCAACTG-1_V13B23-285_B1,5
AACGCATGATCTGGGT-1_V13B23-285_B1,14
AACGCGGTCTCCAGCC-1_V13B23-285_B1,12
AACGCTGTTGCTGAAA-1_V13B23-285_B1,11
AACGGACGTACGTATA-1_V13B23-285_B1,11
AACGGCCATCTCCGGT-1_V13B23-285_B1,8
AACGTACTGTGGGTAC-1_V13B23-285_B1,5
AACGTCAGACTAGTGG-1_V13B23-285_B1,5
AACGTGATGAAGGACA-1_V13B23-285_B1,9
AACGTGCGAAAGTCTC-1_V13B23-285_B1,11
AACTACCCGTTTGTCA-1_V13B23-285_B1,11
AACTAGGCTTGGGTGT-1_V13B23-285_B1,7
AACTCAAGTTAATTGC-1_V13B23-285_B1,5
AACTCCAGAGCGTGTT-1_V13B23-285_B1,7
AACTCCTAATCCCATG-1_V13B23-285_B1,15
AACTCGATGGCGCAGT-1_V13B23-285_B1,13
AACTCTCAATAGAGCG-1_V13B23-285_B1,11
AACTCTCAGTGTGCTC-1_V13B23-285_B1,8
AACTGAGTTATACTGA-1_V13B23-285_B1,11
AACTGATATTAGGCCT-1_V13B23-285_B1,13
AACTGGGTCCCGACGT-1_V13B23-285_B1,13
AACTTCTGCGTCTATC-1_V13B23-285_B1,1
AACTTGCCCGTATGCA-1_V13B23-285_B1,10
AACTTGCGTTCTCGCG-1_V13B23-285_B1,4
AACTTTACGGGAGCTT-1_V13B23-285_B1,5
AACTTTCTCGATCATG-1_V13B23-285_B1,14
AAGAAATCACCAGATT-1_V13B23-285_B1,14
AAGAAGGATCAGTTAG-1_V13B23-285_B1,6
AAGACCCAACTGAACA-1_V13B23-285_B1,1
AAGACTGCAAGCTACT-1_V13B23-285_B1,11
AAGAGATGAATCGGTA-1_V13B23-285_B1,10
AAGAGCTCTTTATCGG-1_V13B23-285_B1,5
AAGAGGATGTACGCGA-1_V13B23-285_B1,4
AAGAGGCATGGATCGC-1_V13B23-285_B1,11
AAGAGGCCCTTTGGAA-1_V13B23-285_B1,11
AAGATGGCACCGGACC-1_V13B23-285_B1,1
AAGATTGGCGGAACGT-1_V13B23-285_B1,15
AAGCACCCTGCGTATC-1_V13B23-285_B1,11
AAGCATACTCTCCTGA-1_V13B23-285_B1,11
AAGCCGAAGCGGTTTA-1_V13B23-285_B1,11
AAGCCGCTTTACCTTG-1_V13B23-285_B1,14
AAGCCGGAGAGCAGGA-1_V13B23-285_B1,11
AAGCGGAGTGCGCGCA-1_V13B23-285_B1,2
AAGCGGCGTCATGGGT-1_V13B23-285_B1,15
AAGCGTCCCTCATCGA-1_V13B23-285_B1,8
AAGCTAGATCGAGTAA-1_V13B23-285_B1,11
AAGCTCGTGCCAAGTC-1_V13B23-285_B1,2
AAGCTCTTTCATGGTG-1_V13B23-285_B1,11
AAGGAGCGGTTGGTGC-1_V13B23-285_B1,10
AAGGATCGATCGCTTG-1_V13B23-285_B1,11
AAGGATGAGGGACCTC-1_V13B23-285_B1,14
AAGGCAGGCTGTCTCC-1_V13B23-285_B1,11
AAGGCGCGTAAAGCTT-1_V13B23-285_B1,5
AAGGCTGTGCTCATCG-1_V13B23-285_B1,7
AAGGGACAGATTCTGT-1_V13B23-285_B1,1
AAGGGACTATGCATTC-1_V13B23-285_B1,1
AAGGTATCCTAATATA-1_V13B23-285_B1,13
AAGGTGATAAACCAGC-1_V13B23-285_B1,11
AAGTAGAAGACCGGGT-1_V13B23-285_B1,5
AAGTAGTGACGCGAGG-1_V13B23-285_B1,5
AAGTCAATTGTCGTCA-1_V13B23-285_B1,11
AAGTCTAGTAGCTGCC-1_V13B23-285_B1,14
AAGTGACGACCGAATT-1_V13B23-285_B1,10
AAGTGAGTCGGGTTTA-1_V13B23-285_B1,1
AAGTGCAAAGGTAGAC-1_V13B23-285_B1,3
AAGTGCCTTGACTGTA-1_V13B23-285_B1,11
AAGTGCGTTAGAATCT-1_V13B23-285_B1,12
AAGTGTTTGGAGACGG-1_V13B23-285_B1,11
AAGTTCACTCCAAGCT-1_V13B23-285_B1,11
AAGTTCAGTCTGCGTA-1_V13B23-285_B1,14
AAGTTCGGCCAACAGG-1_V13B23-285_B1,1
AATAACAACGCTCGGC-1_V13B23-285_B1,5
AATAACACTAGAACAA-1_V13B23-285_B1,12
AATAATCTTCGTATCG-1_V13B23-285_B1,11
AATACAATGTTTCAGG-1_V13B23-285_B1,8
AATAGAACAGAGTGGC-1_V13B23-285_B1,5
AATAGAATCTGTTTCA-1_V13B23-285_B1,11
AATAGCTACCGCGTGC-1_V13B23-285_B1,14
AATAGTCCGTCCCGAC-1_V13B23-285_B1,10
AATAGTCGCGAGTCGG-1_V13B23-285_B1,5
AATATCGAATCAATGC-1_V13B23-285_B1,11
AATATCGAGGGTTCTC-1_V13B23-285_B1,7
AATATTGGAGTATTGA-1_V13B23-285_B1,10
AATCATGTAAAGACTC-1_V13B23-285_B1,11
AATCCAAGGGCCTGAG-1_V13B23-285_B1,9
AATCGCCTCAGCGCCA-1_V13B23-285_B1,11
AATCGCGCAGAGGACT-1_V13B23-285_B1,11
AATCTAGGTTTACTTG-1_V13B23-285_B1,1
AATCTATGCCGGAGCC-1_V13B23-285_B1,1
AATCTCTACTGTGGTT-1_V13B23-285_B1,14
AATCTGCGTTGGGACG-1_V13B23-285_B1,15
AATCTGGCTTTCTAGT-1_V13B23-285_B1,8
AATGACAGCAATGTCT-1_V13B23-285_B1,10
AATGACGTAGGATGTC-1_V13B23-285_B1,11
AATGACTGTCAGCCGG-1_V13B23-285_B1,5
AATGAGTTCGCATATG-1_V13B23-285_B1,5
AATGATGATACGCTAT-1_V13B23-285_B1,1
AATGATGCGACTCCTG-1_V13B23-285_B1,7
AATGCAACCGGGTACC-1_V13B23-285_B1,5
AATGCACCAAGCAATG-1_V13B23-285_B1,5
AATGGTCCACCGTTCA-1_V13B23-285_B1,1
AATGGTTCTCACAAGC-1_V13B23-285_B1,5
AATGTGCCCGAGGTGT-1_V13B23-285_B1,4
AATTAAAGGTCGGCGT-1_V13B23-285_B1,5
AATTAACGGATTTCCA-1_V13B23-285_B1,7
AATTAGCGCTGCAGCG-1_V13B23-285_B1,11
AATTCATAAGGGATCT-1_V13B23-285_B1,14
AATTCTAGAGTTAGGC-1_V13B23-285_B1,5
AATTGAACGCTCTGGT-1_V13B23-285_B1,11
AATTTGGGACATAGTA-1_V13B23-285_B1,12
AATTTGGTTCCAAAGA-1_V13B23-285_B1,9
ACAAATCGCACCGAAT-1_V13B23-285_B1,11
ACAAATGGTAGTGTTT-1_V13B23-285_B1,11
ACAACAGCATGAGCTA-1_V13B23-285_B1,6
ACAACGGTCCCTGCGA-1_V13B23-285_B1,5
ACAAGCAGTGCCTAGC-1_V13B23-285_B1,3
ACAAGGAAATCCGCCC-1_V13B23-285_B1,11
ACAAGGACAAGAGGTT-1_V13B23-285_B1,5
ACAAGGATGCTTTAGG-1_V13B23-285_B1,7
ACAAGGGCAGGCTCTG-1_V13B23-285_B1,11
ACAATAGTCGTACGTT-1_V13B23-285_B1,14
ACAATCCATTTAAACC-1_V13B23-285_B1,5
ACAATGAATACGGAGA-1_V13B23-285_B1,1
ACAATTGTGTCTCTTT-1_V13B23-285_B1,11
ACAATTTAGGAGGCTC-1_V13B23-285_B1,7
ACAATTTGAGCAGTGG-1_V13B23-285_B1,3
ACAATTTGGCCATATT-1_V13B23-285_B1,6
ACACAAAGACGGGTGG-1_V13B23-285_B1,5
ACACAAATATTCCTAG-1_V13B23-285_B1,2
ACACACCAGGACCAGT-1_V13B23-285_B1,11
ACACACTTTCTACACG-1_V13B23-285_B1,6
ACACATGATCAAATCT-1_V13B23-285_B1,3
ACACCACATAATTAGC-1_V13B23-285_B1,14
ACACCCAGCATGCAGC-1_V13B23-285_B1,5
ACACCCGAGAAATCCG-1_V13B23-285_B1,5
ACACCTTAAGTAGGGC-1_V13B23-285_B1,5
ACACCTTACTACTTGC-1_V13B23-285_B1,11
ACACGAGACTCCTTCT-1_V13B23-285_B1,6
ACACGGGAACTTAGGG-1_V13B23-285_B1,10
ACACGTAGGCCACAAG-1_V13B23-285_B1,11
ACACTCCAATGTCACT-1_V13B23-285_B1,1
ACACTGATCAAGGTGT-1_V13B23-285_B1,5
ACACTGGGACAGTCGT-1_V13B23-285_B1,11
ACAGAACTGAGAACAA-1_V13B23-285_B1,10
ACAGCGACATTCTCAT-1_V13B23-285_B1,11
ACAGCGCACCCGCAGC-1_V13B23-285_B1,9
ACAGGCTTGCCCGACT-1_V13B23-285_B1,11
ACAGGTGGAGGTGAGG-1_V13B23-285_B1,10
ACAGTAATACAACTTG-1_V13B23-285_B1,14
ACAGTATACCGTGGGA-1_V13B23-285_B1,14
ACATAATAAGGCGGTG-1_V13B23-285_B1,13
ACATCAGCTGGGACGC-1_V13B23-285_B1,3
ACATCCCGGCCATACG-1_V13B23-285_B1,10
ACATCCTGGTAACTGT-1_V13B23-285_B1,11
ACATCGATCGTTTACC-1_V13B23-285_B1,5
ACATCGGTCAGCCGCG-1_V13B23-285_B1,10
ACATCGTATGCAATGG-1_V13B23-285_B1,11
ACATCGTTAACCTAGT-1_V13B23-285_B1,9
ACATGGCGCCAAAGTA-1_V13B23-285_B1,11
ACATTAGTTTATATCC-1_V13B23-285_B1,3
ACCAAACACCCAGCGA-1_V13B23-285_B1,1
ACCAACACCACACACT-1_V13B23-285_B1,14
ACCAACGCTTATTTAT-1_V13B23-285_B1,5
ACCAAGAACGCGTGTC-1_V13B23-285_B1,13
ACCAATATGCAAGTTA-1_V13B23-285_B1,11
ACCACAAGTTTCTATC-1_V13B23-285_B1,10
ACCACCAATGTAACAA-1_V13B23-285_B1,11
ACCACCCTCTCTTCTA-1_V13B23-285_B1,14
ACCACGTGCAGCTATA-1_V13B23-285_B1,11
ACCAGTGCCCGGTCAA-1_V13B23-285_B1,2
ACCAGTGCGGGAGACG-1_V13B23-285_B1,11
ACCATATCCGCAATAA-1_V13B23-285_B1,5
ACCATCGTATATGGTA-1_V13B23-285_B1,1
ACCCAACGCCCGTGGC-1_V13B23-285_B1,14
ACCCACCTACATGCTC-1_V13B23-285_B1,10
ACCCATCTTGAGGGTA-1_V13B23-285_B1,5
ACCCATTTGTCCCTCT-1_V13B23-285_B1,11
ACCCGAGCGAAATTAC-1_V13B23-285_B1,1
ACCCGGAAACTCCCAG-1_V13B23-285_B1,7
ACCCGGAGCACCACAA-1_V13B23-285_B1,11
ACCCGGATGACGCATC-1_V13B23-285_B1,11
ACCCGGTTACACTTCC-1_V13B23-285_B1,5
ACCCGTGTCATCAGTA-1_V13B23-285_B1,8
ACCCTATAGGACTGAG-1_V13B23-285_B1,12
ACCCTATGCCATATCG-1_V13B23-285_B1,1
ACCCTCCCTTGCTATT-1_V13B23-285_B1,11
ACCCTGGTAACGCCCT-1_V13B23-285_B1,14
ACCCTTCATCTGCGAA-1_V13B23-285_B1,13
ACCCTTGCCTGGGTCG-1_V13B23-285_B1,12
ACCGAAGAGTCTGGTT-1_V13B23-285_B1,7
ACCGACACATCTCCCA-1_V13B23-285_B1,1
ACCGACTGAGTCCCAC-1_V13B23-285_B1,1
ACCGATAGGCATAACC-1_V13B23-285_B1,11
ACCGATATTTAATCAT-1_V13B23-285_B1,11
ACCGATGGTAGCATCG-1_V13B23-285_B1,11
ACCGCAATAACTGCCT-1_V13B23-285_B1,11
ACCGCGGTGGAAGTCG-1_V13B23-285_B1,4
ACCGGGCCTTTGTTGA-1_V13B23-285_B1,11
ACCGGTCAGGTACACC-1_V13B23-285_B1,3
ACCGTGACCACGTGGG-1_V13B23-285_B1,1
ACCTAAGTACCTTTCA-1_V13B23-285_B1,1
ACCTAATCGACTTCCT-1_V13B23-285_B1,5
ACCTACAGTATGTGGT-1_V13B23-285_B1,11
ACCTCCGCCCTCGCTG-1_V13B23-285_B1,11
ACCTCCGTTATTCACC-1_V13B23-285_B1,11
ACCTGCGTGTCATGTT-1_V13B23-285_B1,14
ACGAAATGGGCGGCAC-1_V13B23-285_B1,10
ACGACCCATGAGTTGC-1_V13B23-285_B1,11
ACGAGATATTTGCTTA-1_V13B23-285_B1,9
ACGAGGATACCACTCT-1_V13B23-285_B1,1
ACGAGGTTTACAACGT-1_V13B23-285_B1,7
ACGAGTACGGATGCCC-1_V13B23-285_B1,14
ACGATACATAGAACTA-1_V13B23-285_B1,13
ACGATCATACATAGAG-1_V13B23-285_B1,15
ACGATCATCTTGTAAA-1_V13B23-285_B1,11
ACGATGCATATGTTAT-1_V13B23-285_B1,5
ACGATGGATCCGATGC-1_V13B23-285_B1,9
ACGCAATCACTACAGC-1_V13B23-285_B1,14
ACGCATACGTTTACTA-1_V13B23-285_B1,11
ACGCATTCGTGAGTAC-1_V13B23-285_B1,5
ACGCCGCTAGACGACC-1_V13B23-285_B1,11
ACGCGAAGTCAGACGA-1_V13B23-285_B1,5
ACGCGCTACACAGGGT-1_V13B23-285_B1,1
ACGCGGGCCAAGGACA-1_V13B23-285_B1,5
ACGCTAGTGATACACT-1_V13B23-285_B1,7
ACGCTGTGAGGCGTAG-1_V13B23-285_B1,14
ACGGAATTTAGCAAAT-1_V13B23-285_B1,5
ACGGACTCTCAAAGCG-1_V13B23-285_B1,11
ACGGAGCGCAAATTAC-1_V13B23-285_B1,14
ACGGATGGTGCGGATA-1_V13B23-285_B1,11
ACGGCACTTGCTTGGG-1_V13B23-285_B1,5
ACGGCCAACATGGACT-1_V13B23-285_B1,5
ACGGCGACGATGGGAA-1_V13B23-285_B1,11
ACGGCTGGATGTAGAA-1_V13B23-285_B1,1
ACGGGAGTGTCGGCCC-1_V13B23-285_B1,1
ACGGGCGTATGCGACA-1_V13B23-285_B1,7
ACGGGTCATGTGACTT-1_V13B23-285_B1,7
ACGTACAGATTTCTCT-1_V13B23-285_B1,9
ACGTAGATTGCTGATG-1_V13B23-285_B1,11
ACGTATTACTCCGATC-1_V13B23-285_B1,11
ACGTGCGCCTCGTGCA-1_V13B23-285_B1,13
ACGTTAATGTCGAAGA-1_V13B23-285_B1,11
ACGTTAGATTTGCCCG-1_V13B23-285_B1,1
ACGTTATTGGTCACTC-1_V13B23-285_B1,1
ACGTTCGCAATCAATT-1_V13B23-285_B1,7
ACGTTCGTTCAGGAAA-1_V13B23-285_B1,3
ACGTTTAGTTGTGATC-1_V13B23-285_B1,6
ACTACCAGCTCTCTGG-1_V13B23-285_B1,5
ACTACGCGTTAGAATT-1_V13B23-285_B1,7
ACTAGTTGCGATCGTC-1_V13B23-285_B1,11
ACTATATGCTGTGTTC-1_V13B23-285_B1,15
ACTATCCAGGGCATGG-1_V13B23-285_B1,11
ACTATCTGCCCGCGTA-1_V13B23-285_B1,11
ACTATTCGTCCGTGGT-1_V13B23-285_B1,6
ACTATTTCCGGGCCCA-1_V13B23-285_B1,1
ACTCAAGTGCAAGGCT-1_V13B23-285_B1,4
ACTCAATAAAGGCACG-1_V13B23-285_B1,4
ACTCCCATTCCTAAAG-1_V13B23-285_B1,1
ACTCCCGAATTCGTTT-1_V13B23-285_B1,1
ACTCCCGTAGACTAGG-1_V13B23-285_B1,14
ACTCCCTAATGCTAAA-1_V13B23-285_B1,8
ACTCCCTAGAATAGTA-1_V13B23-285_B1,11
ACTCGCGATCTGACGC-1_V13B23-285_B1,6
ACTCGTAACCCGTCCT-1_V13B23-285_B1,10
ACTCGTCAGTAATCCC-1_V13B23-285_B1,11
ACTCTCTGACTTAGGT-1_V13B23-285_B1,11
ACTCTCTTATACACGA-1_V13B23-285_B1,2
ACTCTTCAGCTCCCGC-1_V13B23-285_B1,11
ACTCTTGTATAGTAAC-1_V13B23-285_B1,11
ACTGAAACGCCGTTAG-1_V13B23-285_B1,11
ACTGAATGGCGAAAGT-1_V13B23-285_B1,11
ACTGCCGTCGTAACTC-1_V13B23-285_B1,13
ACTGCGGACACACCGT-1_V13B23-285_B1,11
ACTGTACGATACACAT-1_V13B23-285_B1,6
ACTGTAGCACTTTGGA-1_V13B23-285_B1,5
ACTGTCCAGGATTATA-1_V13B23-285_B1,5
ACTGTCTTCTTTAGAA-1_V13B23-285_B1,5
ACTGTGCTAGTAGATC-1_V13B23-285_B1,5
ACTTACCGGGCGCGCA-1_V13B23-285_B1,14
ACTTACGCATCCACGC-1_V13B23-285_B1,11
ACTTAGTACGACAAGA-1_V13B23-285_B1,5
ACTTATACTTACCCGG-1_V13B23-285_B1,11
ACTTATTAGGATCGGT-1_V13B23-285_B1,5
ACTTATTTATGTGCCA-1_V13B23-285_B1,11
ACTTCAGGCTGATCCC-1_V13B23-285_B1,11
ACTTCCATGCGGGACA-1_V13B23-285_B1,11
ACTTCGCCATACGCAC-1_V13B23-285_B1,8
ACTTCGCTAGCGAGTG-1_V13B23-285_B1,14
ACTTGACTCCCTCTTT-1_V13B23-285_B1,11
ACTTGGGACCCGGTGG-1_V13B23-285_B1,5
ACTTGTGGATGGAACG-1_V13B23-285_B1,11
ACTTTACCCTCATGAA-1_V13B23-285_B1,1
ACTTTCCTATAGCTTC-1_V13B23-285_B1,5
ACTTTGGTCGTGCTCC-1_V13B23-285_B1,3
ACTTTGTCGACGCACT-1_V13B23-285_B1,11
AGAAATTATGACTCGC-1_V13B23-285_B1,11
AGAACCCAGCGTGACA-1_V13B23-285_B1,6
AGAACCCTCAATTGGG-1_V13B23-285_B1,1
AGAACGTGGTACATTC-1_V13B23-285_B1,3
AGAAGAGCGCCGTTCC-1_V13B23-285_B1,11
AGAAGGTACACTTCAC-1_V13B23-285_B1,10
AGAAGGTTGCCGAATT-1_V13B23-285_B1,1
AGAAGTGATTCGTGAT-1_V13B23-285_B1,8
AGAATGCGGGTTCGGA-1_V13B23-285_B1,12
AGAATTATGGATTCGA-1_V13B23-285_B1,11
AGAATTGTTTGACATA-1_V13B23-285_B1,5
AGACAGCTCAGAATCC-1_V13B23-285_B1,7
AGACAGGCATCTCAGC-1_V13B23-285_B1,11
AGACCAAACCACACCT-1_V13B23-285_B1,8
AGACCATGGGATACAA-1_V13B23-285_B1,1
AGACCCACCGCTGATC-1_V13B23-285_B1,5
AGACCCGCCCTCCTCG-1_V13B23-285_B1,5
AGACCGCTCCGCGGTT-1_V13B23-285_B1,11
AGACCGGGAAACCCTG-1_V13B23-285_B1,5
AGACGAAGTGCCGGTC-1_V13B23-285_B1,11
AGACGACGATGCCGCT-1_V13B23-285_B1,7
AGACGCCCACTTCGCC-1_V13B23-285_B1,11
AGACTAGCCTTCCAGA-1_V13B23-285_B1,10
AGAGAACCGTCTAGGA-1_V13B23-285_B1,14
AGAGAAGGAGTACAAT-1_V13B23-285_B1,1
AGAGATCTCTAAAGCG-1_V13B23-285_B1,5
AGAGCAGTTATGAGAC-1_V13B23-285_B1,10
AGAGCCGCCGAGATTT-1_V13B23-285_B1,11
AGAGCGCTTGTAACGG-1_V13B23-285_B1,14
AGAGCGGGCTAATCAT-1_V13B23-285_B1,13
AGAGCGTACAAGCTCG-1_V13B23-285_B1,10
AGAGGCTTCGGAAACC-1_V13B23-285_B1,11
AGAGTAAACTTCACTA-1_V13B23-285_B1,11
AGAGTATAGTGTTACG-1_V13B23-285_B1,14
AGATAACTTCAGGGCC-1_V13B23-285_B1,5
AGATACCAGCACTTCA-1_V13B23-285_B1,12
AGATACCGGTGTTCAC-1_V13B23-285_B1,1
AGATACGACTTCATAT-1_V13B23-285_B1,5
AGATACTCAAGATCGA-1_V13B23-285_B1,11
AGATCGTGCATAAGAT-1_V13B23-285_B1,3
AGATCTCAGGTGTGAT-1_V13B23-285_B1,4
AGATGACTCGCCCACG-1_V13B23-285_B1,5
AGATGAGGGTTGCGAT-1_V13B23-285_B1,14
AGATGATGGAGTCTGG-1_V13B23-285_B1,11
AGATGCAAGACGTGCA-1_V13B23-285_B1,8
AGATGCATCCTGTGTC-1_V13B23-285_B1,14
AGATTATAGGACGTTT-1_V13B23-285_B1,5
AGATTCACAACCGATA-1_V13B23-285_B1,1
AGCAAAGGCCGCTAGT-1_V13B23-285_B1,1
AGCAACATATCTTATT-1_V13B23-285_B1,11
AGCAACCGAAAGTAAT-1_V13B23-285_B1,8
AGCACCAGTACTCACG-1_V13B23-285_B1,3
AGCACTACCGGCCTGT-1_V13B23-285_B1,5
AGCACTACCTCACCAG-1_V13B23-285_B1,11
AGCACTTAAGGACGCC-1_V13B23-285_B1,5
AGCAGCCAGATGAATA-1_V13B23-285_B1,1
AGCATATCAATATGCT-1_V13B23-285_B1,11
AGCATCATTTCGAAAG-1_V13B23-285_B1,1
AGCATCGTCGATAATT-1_V13B23-285_B1,5
AGCCACTCCCGTGCTT-1_V13B23-285_B1,13
AGCCCATACATGTAAG-1_V13B23-285_B1,14
AGCCCGGTAGCCTGTA-1_V13B23-285_B1,3
AGCCCTAAGCGAAGTT-1_V13B23-285_B1,6
AGCCCTGTCGCACCGT-1_V13B23-285_B1,6
AGCCCTTCTAATCCGA-1_V13B23-285_B1,14
AGCCCTTGGACATCCC-1_V13B23-285_B1,11
AGCCGTGGCTAAATGT-1_V13B23-285_B1,1
AGCCTAATACCCACGT-1_V13B23-285_B1,10
AGCCTTAAAGCGGAAG-1_V13B23-285_B1,10
AGCGACAGGAACGGTC-1_V13B23-285_B1,3
AGCGACATCCCATTCA-1_V13B23-285_B1,2
AGCGACCAACGATATT-1_V13B23-285_B1,5
AGCGCATAATGAATCG-1_V13B23-285_B1,10
AGCGCGGGTGCCAATG-1_V13B23-285_B1,7
AGCGCTAGAGCGATGT-1_V13B23-285_B1,6
AGCGCTTATGGGCAAG-1_V13B23-285_B1,2
AGCGGACACTTCGTAG-1_V13B23-285_B1,7
AGCGGCGGTTAGCGGT-1_V13B23-285_B1,1
AGCGGGAAGGGTCCAT-1_V13B23-285_B1,5
AGCGGTTGCCGCTCTG-1_V13B23-285_B1,13
AGCGTGGTATTCTACT-1_V13B23-285_B1,11
AGCTAACAAGCAATGT-1_V13B23-285_B1,1
AGCTAGAAGCAGAAGT-1_V13B23-285_B1,12
AGCTCCATATATGTTC-1_V13B23-285_B1,11
AGCTCCTTCGCACATC-1_V13B23-285_B1,11
AGCTCGTTGATGGAAA-1_V13B23-285_B1,12
AGCTCTAGACGTTCCA-1_V13B23-285_B1,11
AGCTCTTCCCAGTGCA-1_V13B23-285_B1,12
AGCTCTTCGTAACCTT-1_V13B23-285_B1,11
AGCTCTTTACTCAGTT-1_V13B23-285_B1,5
AGCTGAAGTAAACCAA-1_V13B23-285_B1,13
AGCTGTAACCTCAATC-1_V13B23-285_B1,5
AGCTTGATCTTAACTT-1_V13B23-285_B1,5
AGGAAGCTGTCCGCCG-1_V13B23-285_B1,3
AGGACAGTCGAATCCC-1_V13B23-285_B1,11
AGGACATCGCACGTCG-1_V13B23-285_B1,5
AGGACGACCCATTAGA-1_V13B23-285_B1,1
AGGACGCTCGATGTTG-1_V13B23-285_B1,14
AGGAGACATCCACAGT-1_V13B23-285_B1,14
AGGAGAGTCTGGCTAC-1_V13B23-285_B1,14
AGGAGGCCTTCGCGCG-1_V13B23-285_B1,11
AGGATAAAGTCGGGAT-1_V13B23-285_B1,5
AGGATATAGGGATTTA-1_V13B23-285_B1,11
AGGATCACGCGATCTG-1_V13B23-285_B1,8
AGGATTGCTTACGACA-1_V13B23-285_B1,14
AGGCACGTGACTGTCC-1_V13B23-285_B1,11
AGGCAGATGCGTAAAC-1_V13B23-285_B1,14
AGGCAGGGAGCGTACT-1_V13B23-285_B1,7
AGGCATTGTCGTAGGG-1_V13B23-285_B1,11
AGGCCACATTGGTTAC-1_V13B23-285_B1,11
AGGCCACCCGTTATGA-1_V13B23-285_B1,4
AGGCCCATTGTACAGG-1_V13B23-285_B1,13
AGGCCCTAGAACGCCA-1_V13B23-285_B1,8
AGGCCTGAGAATCTCG-1_V13B23-285_B1,11
AGGCGATAACTGGCGT-1_V13B23-285_B1,11
AGGCGGTTTGTCCCGC-1_V13B23-285_B1,8
AGGCGTCTATGGACGG-1_V13B23-285_B1,12
AGGCTATGGTTAGCTT-1_V13B23-285_B1,10
AGGCTTCCCGAAGAAG-1_V13B23-285_B1,1
AGGCTTGCTAGACACC-1_V13B23-285_B1,1
AGGGAAACGAGGTACT-1_V13B23-285_B1,13
AGGGACCGGCTGCGTT-1_V13B23-285_B1,11
AGGGACTCTACGCGAC-1_V13B23-285_B1,1
AGGGAGACATACTTCG-1_V13B23-285_B1,14
AGGGCGAGCAGCTGAT-1_V13B23-285_B1,14
AGGGCGTGATCGGCTA-1_V13B23-285_B1,13
AGGGCTGCAGTTACAG-1_V13B23-285_B1,11
AGGGTCAGTAACCCTA-1_V13B23-285_B1,14
AGGGTCGATGCGAACT-1_V13B23-285_B1,11
AGGGTGCTCTCGAGGG-1_V13B23-285_B1,11
AGGGTGGATAGTGCAT-1_V13B23-285_B1,1
AGGGTTCCCTTTGGTT-1_V13B23-285_B1,14
AGGGTTTAGTTCGGGA-1_V13B23-285_B1,5
AGGTAACCTCCTATTC-1_V13B23-285_B1,9
AGGTACGATATTGCCA-1_V13B23-285_B1,9
AGGTAGGTACAAAGCT-1_V13B23-285_B1,5
AGGTATAATTGATAGT-1_V13B23-285_B1,11
AGGTATGCGGACATTA-1_V13B23-285_B1,7
AGGTCAGGTGAGAGTG-1_V13B23-285_B1,14
AGGTCGCCTCCCAACA-1_V13B23-285_B1,11
AGGTCGCGGAGTTACT-1_V13B23-285_B1,1
AGGTGTATCGCCATGA-1_V13B23-285_B1,14
AGGTTACACCATGCCG-1_V13B23-285_B1,6
AGGTTGAGGCACGCTT-1_V13B23-285_B1,13
AGGTTTCACACACCTT-1_V13B23-285_B1,5
AGTACATCATTTATCA-1_V13B23-285_B1,4
AGTACCTTCGAGTGCT-1_V13B23-285_B1,2
AGTACGGGCACCTGGC-1_V13B23-285_B1,5
AGTACTCTTATGCCCA-1_V13B23-285_B1,11
AGTAGGAAGGAAGTTG-1_V13B23-285_B1,14
AGTAGGTAACATACAT-1_V13B23-285_B1,9
AGTATAATACTAGGCA-1_V13B23-285_B1,5
AGTATGCTGGAGACCA-1_V13B23-285_B1,1
AGTATTTGGCACGACC-1_V13B23-285_B1,1
AGTCAACACCACCATC-1_V13B23-285_B1,5
AGTCAAGATGACACTT-1_V13B23-285_B1,11
AGTCACTAGCTCTCGA-1_V13B23-285_B1,11
AGTCAGCCACCGCCTG-1_V13B23-285_B1,5
AGTCCATTGGCTGATG-1_V13B23-285_B1,11
AGTCCCGCCTTTAATT-1_V13B23-285_B1,2
AGTCCCTCGCAGAAAG-1_V13B23-285_B1,14
AGTCGACGGTCTCAAG-1_V13B23-285_B1,11
AGTCGGCCCAAACGAC-1_V13B23-285_B1,5
AGTCGGCTCAACTTTA-1_V13B23-285_B1,1
AGTCGGTTGCGTGAGA-1_V13B23-285_B1,11
AGTCGTCGACCACCAA-1_V13B23-285_B1,11
AGTCGTGGGCATTACG-1_V13B23-285_B1,1
AGTCTAAAGTATACTC-1_V13B23-285_B1,7
AGTCTCACAAGACTAC-1_V13B23-285_B1,3
AGTCTGGACATCCTTG-1_V13B23-285_B1,5
AGTCTTCTCCTCAAAT-1_V13B23-285_B1,13
AGTGAACAAACTTCTC-1_V13B23-285_B1,11
AGTGAAGATGGTGTCC-1_V13B23-285_B1,14
AGTGACCTACTTTACG-1_V13B23-285_B1,1
AGTGAGACTTCCAGTA-1_V13B23-285_B1,11
AGTGAGCCTCGCCGCC-1_V13B23-285_B1,14
AGTGAGGGTTTCTGAC-1_V13B23-285_B1,2
AGTGATAACCTGCGCG-1_V13B23-285_B1,11
AGTGATATGAGTAGTT-1_V13B23-285_B1,3
AGTGATTCAAGCAGGA-1_V13B23-285_B1,11
AGTGCACGCTTAAGAA-1_V13B23-285_B1,11
AGTGCGTAGCTCGTAA-1_V13B23-285_B1,1
AGTGCTAAACACAGCA-1_V13B23-285_B1,7
AGTGCTTGCACGAATA-1_V13B23-285_B1,11
AGTGGCGGCAATTTGA-1_V13B23-285_B1,1
AGTGGCGTCTGAAGGT-1_V13B23-285_B1,11
AGTGGTTGCGTATAGG-1_V13B23-285_B1,14
AGTGTATTGCGCATTG-1_V13B23-285_B1,12
AGTGTGCTAAGATCGC-1_V13B23-285_B1,7
AGTGTGGTCTATTGTG-1_V13B23-285_B1,8
AGTTAAACACTTGCGA-1_V13B23-285_B1,5
AGTTAAGCGGTCCCGG-1_V13B23-285_B1,13
AGTTAAGTCAACCGCT-1_V13B23-285_B1,10
AGTTACCCTTAAGACT-1_V13B23-285_B1,3
AGTTACCGCACATGGT-1_V13B23-285_B1,8
AGTTACTCTATCGTGG-1_V13B23-285_B1,13
AGTTCACCGGTTGGAC-1_V13B23-285_B1,8
AGTTCCTACAGAATTA-1_V13B23-285_B1,5
AGTTCCTATTTATGTT-1_V13B23-285_B1,5
AGTTCTGCGTTGTATC-1_V13B23-285_B1,12
AGTTGCTGACTGATAT-1_V13B23-285_B1,12
AGTTTATGTAAAGACA-1_V13B23-285_B1,14
AGTTTCGCAGGTCGGA-1_V13B23-285_B1,9
AGTTTGCACCTGCCTC-1_V13B23-285_B1,11
AGTTTGGCACGGGTTG-1_V13B23-285_B1,11
AGTTTGGCCAGACCTA-1_V13B23-285_B1,1
ATAAACGGACCCGTAA-1_V13B23-285_B1,5
ATAAACGTTGCACCAC-1_V13B23-285_B1,11
ATAAAGGCTCGGTCGT-1_V13B23-285_B1,5
ATAAATATTAGCAGCT-1_V13B23-285_B1,5
ATAACGCCGGAGGGTC-1_V13B23-285_B1,11
ATAACGGAGTCCAACG-1_V13B23-285_B1,13
ATAAGGTGGAGAACAT-1_V13B23-285_B1,11
ATAAGTAGGATTCAGA-1_V13B23-285_B1,7
ATAAGTAGGGCGACTC-1_V13B23-285_B1,11
ATAAGTTACCGCGACG-1_V13B23-285_B1,8
ATAATACCGTTAGCCG-1_V13B23-285_B1,4
ATAATAGCTGTTGAAT-1_V13B23-285_B1,10
ATAATAGTGTAGGGAC-1_V13B23-285_B1,5
ATAATCTTGGAGAACC-1_V13B23-285_B1,11
ATACAGGCCCTCCAAT-1_V13B23-285_B1,11
ATACCACGGGCAACTT-1_V13B23-285_B1,5
ATACCGTCATCCATAA-1_V13B23-285_B1,12
ATACCTAACCAAGAAA-1_V13B23-285_B1,7
ATACGAAGGCTTTCCA-1_V13B23-285_B1,11
ATACGCCGGCGAAACC-1_V13B23-285_B1,11
ATACGGAACGTCGTTT-1_V13B23-285_B1,8
ATACGGGTTTCGATTG-1_V13B23-285_B1,13
ATACGGTGAAGATGCA-1_V13B23-285_B1,3
ATACGTACTTAGCCAC-1_V13B23-285_B1,11
ATACGTCCACTCCTGT-1_V13B23-285_B1,11
ATACTACCCGTACCAC-1_V13B23-285_B1,11
ATACTAGCATGACCCT-1_V13B23-285_B1,13
ATACTGCCTTACACCG-1_V13B23-285_B1,11
ATAGACAACGGGACCT-1_V13B23-285_B1,14
ATAGACGAAGAGAAAG-1_V13B23-285_B1,5
ATAGAGTACTGGGACA-1_V13B23-285_B1,5
ATAGAGTTATCAACTT-1_V13B23-285_B1,3
ATAGCAACTAGGGAAG-1_V13B23-285_B1,11
ATAGCCTCAGTACCCA-1_V13B23-285_B1,1
ATAGCTGCTCTTGTTA-1_V13B23-285_B1,7
ATAGGCGGCTATAGAA-1_V13B23-285_B1,7
ATAGGCTAGCTTCGCA-1_V13B23-285_B1,8
ATAGGGATATCCTTGA-1_V13B23-285_B1,13
ATAGGTTGGGCAGATG-1_V13B23-285_B1,7
ATAGTGAAGCGTTCTC-1_V13B23-285_B1,5
ATAGTTCCACCCACTC-1_V13B23-285_B1,11
ATATAAAGCGCTCGTG-1_V13B23-285_B1,1
ATATAAATGTAGCTGC-1_V13B23-285_B1,11
ATATACGCTCGTGACG-1_V13B23-285_B1,11
ATATCAACCTACAGAG-1_V13B23-285_B1,11
ATATCAATTCCAGCCT-1_V13B23-285_B1,12
ATATCGGTAGGGAGAT-1_V13B23-285_B1,11
ATATCGTTCCTCGAAC-1_V13B23-285_B1,11
ATATCTCCCTCGTTAA-1_V13B23-285_B1,13
ATATCTTAGGGCCTTC-1_V13B23-285_B1,5
ATATGTCTCCCTAGCC-1_V13B23-285_B1,11
ATATTCAGTTAAACCT-1_V13B23-285_B1,1
ATATTCCACATAGTGA-1_V13B23-285_B1,11
ATATTGCTGTCAAAGT-1_V13B23-285_B1,5
ATATTGGAGAGGCCTT-1_V13B23-285_B1,11
ATATTTAACCCTCAAG-1_V13B23-285_B1,10
ATCAAACACTGTTCCA-1_V13B23-285_B1,11
ATCAAACGAAGGTTTG-1_V13B23-285_B1,1
ATCAATCTGGGCTGCA-1_V13B23-285_B1,11
ATCAATGCCGTGGCTG-1_V13B23-285_B1,1
ATCACATTAGAATATC-1_V13B23-285_B1,13
ATCACGTGCTAATTAA-1_V13B23-285_B1,1
ATCACTTCATCCTCGC-1_V13B23-285_B1,13
ATCAGACGGCACGCCG-1_V13B23-285_B1,1
ATCAGCCTCATGCTGC-1_V13B23-285_B1,11
ATCAGCTCGTCCACTA-1_V13B23-285_B1,1
ATCAGTAGGCAGGGAT-1_V13B23-285_B1,1
ATCATAGCCCTATGTA-1_V13B23-285_B1,11
ATCATCCAATATTTGT-1_V13B23-285_B1,5
ATCATGGACTACCGAC-1_V13B23-285_B1,11
ATCCAACGCAGTCATA-1_V13B23-285_B1,5
ATCCAATGGAGGGTCC-1_V13B23-285_B1,14
ATCCACATCGACAGAA-1_V13B23-285_B1,15
ATCCAGAGCAACAACC-1_V13B23-285_B1,5
ATCCAGGATTCGTGAA-1_V13B23-285_B1,5
ATCCTACCTAAGCTCT-1_V13B23-285_B1,1
ATCCTGCGTGGAATGG-1_V13B23-285_B1,8
ATCCTTCTGAAAGAAC-1_V13B23-285_B1,11
ATCGACCCAATACAGA-1_V13B23-285_B1,4
ATCGACTCTTTCCGTT-1_V13B23-285_B1,5
ATCGCACGCCGGGAGA-1_V13B23-285_B1,10
ATCGCCAGTCAACATT-1_V13B23-285_B1,11
ATCGCTGCGTGCAGCA-1_V13B23-285_B1,14
ATCGCTTTACGTCTCA-1_V13B23-285_B1,7
ATCGGAGACAGACGGC-1_V13B23-285_B1,11
ATCGGCAAGCAGTCCA-1_V13B23-285_B1,5
ATCGGTTACCTAGTAA-1_V13B23-285_B1,3
ATCGTTAGCTAGCGGA-1_V13B23-285_B1,11
ATCGTTCACTTTCGCC-1_V13B23-285_B1,15
ATCTAATATCCTACGG-1_V13B23-285_B1,5
ATCTCCCACGGAATAT-1_V13B23-285_B1,11
ATCTCGTGAGCGAAAC-1_V13B23-285_B1,11
ATCTGATAGTGTCTTA-1_V13B23-285_B1,7
ATCTGCACCTCTGCGA-1_V13B23-285_B1,14
ATCTGGGCTGTTCTTG-1_V13B23-285_B1,1
ATCTGGTTAAGACTGT-1_V13B23-285_B1,7
ATCTGTAATTGTACCC-1_V13B23-285_B1,2
ATCTTGACCTGCAACG-1_V13B23-285_B1,12
ATCTTGACTTGTCCAA-1_V13B23-285_B1,14
ATCTTTCGTATAACCA-1_V13B23-285_B1,7
ATGAAGCCAAGGAGCC-1_V13B23-285_B1,4
ATGACGCCGGCTCTAA-1_V13B23-285_B1,2
ATGACGCGTTCTATCC-1_V13B23-285_B1,7
ATGACTATGCGACATT-1_V13B23-285_B1,11
ATGAGGAGTGTTAATC-1_V13B23-285_B1,3
ATGAGGGCAGCGGCTA-1_V13B23-285_B1,11
ATGATCGGGAATAGAC-1_V13B23-285_B1,13
ATGATGCAATGGTACA-1_V13B23-285_B1,1
ATGCACGCGCTGTTCA-1_V13B23-285_B1,3
ATGCACTACCGCATTG-1_V13B23-285_B1,5
ATGCATGATCCAGGAT-1_V13B23-285_B1,1
ATGCCAATCGCTCTGC-1_V13B23-285_B1,14
ATGCCATTTGCGACCA-1_V13B23-285_B1,11
ATGCCGGTCTTGCATA-1_V13B23-285_B1,6
ATGCCGGTTGATGGGA-1_V13B23-285_B1,13
ATGCGACAATTGGTCC-1_V13B23-285_B1,14
ATGCGACAGTCCCATT-1_V13B23-285_B1,11
ATGCGAGTCCCACCAC-1_V13B23-285_B1,11
ATGCTCAGTGTTGCAT-1_V13B23-285_B1,5
ATGCTCTGGCGCGGTA-1_V13B23-285_B1,11
ATGCTTAGGAGTTGAT-1_V13B23-285_B1,11
ATGGAAATTTAAGGAG-1_V13B23-285_B1,12
ATGGAACCTTTGCACA-1_V13B23-285_B1,11
ATGGAGCAGGCCGTGA-1_V13B23-285_B1,11
ATGGATCCGGCGTCCG-1_V13B23-285_B1,13
ATGGATTGACCAAACG-1_V13B23-285_B1,2
ATGGCAGCCGAGAAAC-1_V13B23-285_B1,8
ATGGCGGAATAGTCGC-1_V13B23-285_B1,3
ATGGCTGGAAATGGCC-1_V13B23-285_B1,15
ATGGGACCTGCTGAAC-1_V13B23-285_B1,1
ATGGGCCTCGGCCTCT-1_V13B23-285_B1,11
ATGGTCGCGTGGTTTC-1_V13B23-285_B1,11
ATGTAAGGCTGCTCTT-1_V13B23-285_B1,8
ATGTGAAAGCCTAATG-1_V13B23-285_B1,8
ATGTGCATCCGACGCA-1_V13B23-285_B1,5
ATGTGGACATCTTGAT-1_V13B23-285_B1,11
ATGTTACGAGCAATAC-1_V13B23-285_B1,5
ATGTTCCTGCCCACCT-1_V13B23-285_B1,7
ATGTTCGTCGACCCAC-1_V13B23-285_B1,7
ATGTTTCGGCCCGGAG-1_V13B23-285_B1,7
ATTAAACATGCGGACC-1_V13B23-285_B1,12
ATTAATACTACGCGGG-1_V13B23-285_B1,13
ATTAATGAACCAGTCG-1_V13B23-285_B1,13
ATTAATTCGGTCACTC-1_V13B23-285_B1,13
ATTACAACTACCGGCC-1_V13B23-285_B1,9
ATTACATGTCAGTCTT-1_V13B23-285_B1,11
ATTACCACACTGCCTG-1_V13B23-285_B1,11
ATTACGACTCCACAGT-1_V13B23-285_B1,14
ATTACGCGCTGGCAGG-1_V13B23-285_B1,5
ATTACTAGCCTCTTGC-1_V13B23-285_B1,5
ATTACTTACTGGGCAT-1_V13B23-285_B1,5
ATTAGATTCCTCAGCA-1_V13B23-285_B1,8
ATTAGATTGATAGCGG-1_V13B23-285_B1,5
ATTAGGCGATGCTTTC-1_V13B23-285_B1,11
ATTATAGCTACTTTAC-1_V13B23-285_B1,1
ATTATGCCATAGGGAG-1_V13B23-285_B1,5
ATTATTATGTCCGTCA-1_V13B23-285_B1,10
ATTCAACCATTTAAGG-1_V13B23-285_B1,11
ATTCACTGATGTTGGA-1_V13B23-285_B1,5
ATTCAGGACCTATTTC-1_V13B23-285_B1,5
ATTCAGTAGCAGGGTC-1_V13B23-285_B1,8
ATTCATATACTGTCCA-1_V13B23-285_B1,5
ATTCATCGTTGAGGCA-1_V13B23-285_B1,8
ATTCCCACATAAACAA-1_V13B23-285_B1,3
ATTCCTAAGACGTGGA-1_V13B23-285_B1,14
ATTCCTCCGCCAGTGC-1_V13B23-285_B1,5
ATTCGACGCCGGGCCT-1_V13B23-285_B1,5
ATTCGCAGAGGACACT-1_V13B23-285_B1,2
ATTCGTGCTATCTCTT-1_V13B23-285_B1,11
ATTCTTCGTACTTATG-1_V13B23-285_B1,9
ATTGAAGATCTTAGTG-1_V13B23-285_B1,8
ATTGACCGGCGATGAC-1_V13B23-285_B1,14
ATTGATAGCAACGAGA-1_V13B23-285_B1,13
ATTGATGAGTCCTAAC-1_V13B23-285_B1,11
ATTGCGATCAGTAACT-1_V13B23-285_B1,11
ATTGCTGCTCCTCCAT-1_V13B23-285_B1,5
ATTGGATTACAGCGTA-1_V13B23-285_B1,11
ATTGTACAACTCGGCT-1_V13B23-285_B1,11
ATTGTCGCAATACCTT-1_V13B23-285_B1,13
ATTGTGACTTCGCTGC-1_V13B23-285_B1,15
ATTGTTCAACGATCCG-1_V13B23-285_B1,11
ATTTAACTCGTATTAC-1_V13B23-285_B1,9
ATTTACAGTTTACTGG-1_V13B23-285_B1,5
ATTTACTAAGTCCATT-1_V13B23-285_B1,14
ATTTCATTATTTCGCG-1_V13B23-285_B1,6
ATTTCCGGGTTCTGCG-1_V13B23-285_B1,7
ATTTGCGCGAGTAGCT-1_V13B23-285_B1,7
ATTTGTCTTGGGAGCT-1_V13B23-285_B1,11
ATTTGTTCCAGGGCTC-1_V13B23-285_B1,13
CAAACGAGTATCGCAG-1_V13B23-285_B1,1
CAAACGGTCGCACTTT-1_V13B23-285_B1,5
CAAACTACGATAGAGA-1_V13B23-285_B1,12
CAAACTATTGAGCTTC-1_V13B23-285_B1,9
CAAACTCGCGACGCCG-1_V13B23-285_B1,11
CAAAGATTATTGGGCC-1_V13B23-285_B1,8
CAAAGGTCATCTGAAA-1_V13B23-285_B1,11
CAAAGTCAGGTTAGCT-1_V13B23-285_B1,3
CAAATCTCTCACAAGG-1_V13B23-285_B1,14
CAAATGTCCTTCCGTG-1_V13B23-285_B1,10
CAAATTGGATTATGCC-1_V13B23-285_B1,14
CAAATTGTCAGCAAGC-1_V13B23-285_B1,13
CAACACATCTCCTGCC-1_V13B23-285_B1,14
CAACCAGTGGCCTACC-1_V13B23-285_B1,11
CAACCTACCGAGCAGT-1_V13B23-285_B1,11
CAACCTGAACCTGCCA-1_V13B23-285_B1,14
CAACGACCCGTTTACA-1_V13B23-285_B1,5
CAACGGTTCTTGATAC-1_V13B23-285_B1,5
CAACGTGGTGGAGTCT-1_V13B23-285_B1,11
CAACTATATCGAATGC-1_V13B23-285_B1,6
CAACTCCGTAACTTGC-1_V13B23-285_B1,15
CAACTCCTTGATCCCG-1_V13B23-285_B1,5
CAACTGCTCATCCGAT-1_V13B23-285_B1,3
CAAGACTCAGAAGCGC-1_V13B23-285_B1,14
CAAGAGGGCGGAGTAC-1_V13B23-285_B1,11
CAAGATATTATAACGT-1_V13B23-285_B1,11
CAAGCAACGTCGGAGT-1_V13B23-285_B1,5
CAAGCGGCACATAATT-1_V13B23-285_B1,11
CAAGGATCGCATGTTC-1_V13B23-285_B1,11
CAAGGTCCTATAGGCT-1_V13B23-285_B1,11
CAAGTGTGGTTGCAAA-1_V13B23-285_B1,11
CAATAAACCTTGGCCC-1_V13B23-285_B1,12
CAATACGAGAGTCTGA-1_V13B23-285_B1,6
CAATATTCTTGACCTA-1_V13B23-285_B1,10
CAATCCCTATACCAGC-1_V13B23-285_B1,13
CAATCCTGCCGTGGAG-1_V13B23-285_B1,5
CAATGAGGTTCGACTA-1_V13B23-285_B1,14
CAATGCGAGAAGTATC-1_V13B23-285_B1,11
CAATGGAATCTACATA-1_V13B23-285_B1,9
CAATGGATCTCTACCA-1_V13B23-285_B1,14
CAATGTGCCAACCCTT-1_V13B23-285_B1,11
CAATTAAGGGTGATGA-1_V13B23-285_B1,1
CAATTTCGTATAAGGG-1_V13B23-285_B1,5
CACAAGAAAGATATTA-1_V13B23-285_B1,14
CACAATGAGCTGCTAT-1_V13B23-285_B1,5
CACACACGCTAACGAG-1_V13B23-285_B1,11
CACACAGCTTGCGCTC-1_V13B23-285_B1,11
CACACAGGGATAGATT-1_V13B23-285_B1,1
CACACGCGCTGTCTTA-1_V13B23-285_B1,1
CACAGCACCCACGGCA-1_V13B23-285_B1,5
CACAGCTAGGGAGTGA-1_V13B23-285_B1,13
CACAGGGCCATATAGT-1_V13B23-285_B1,11
CACAGGGCCGTTGTCA-1_V13B23-285_B1,7
CACAGTCCCGCTTCGC-1_V13B23-285_B1,11
CACAGTTCGCTTCCCA-1_V13B23-285_B1,11
CACATATTAGCAGGAT-1_V13B23-285_B1,11
CACATCGTGCACGCGC-1_V13B23-285_B1,7
CACATCTCACCGACGA-1_V13B23-285_B1,11
CACATGATTCAGCAAC-1_V13B23-285_B1,5
CACATTCTTTCGATGG-1_V13B23-285_B1,12
CACATTTCTTGTCAGA-1_V13B23-285_B1,11
CACCAGTCAGCATGCA-1_V13B23-285_B1,7
CACCATCGGAGGAGAC-1_V13B23-285_B1,9
CACCATGATCGCAAAG-1_V13B23-285_B1,15
CACCCAAATCTTATGT-1_V13B23-285_B1,11
CACCCACACGTCACCC-1_V13B23-285_B1,13
CACCCACGAGGCAATT-1_V13B23-285_B1,13
CACCCGGTTTGTGACT-1_V13B23-285_B1,10
CACCCTAACAAGATCT-1_V13B23-285_B1,11
CACCCTTGGTGAGACC-1_V13B23-285_B1,1
CACCGATACACCGAGC-1_V13B23-285_B1,9
CACCGCCAGAAGGTTT-1_V13B23-285_B1,2
CACCGCGTCCACTCTA-1_V13B23-285_B1,14
CACCGTATCCCATCCG-1_V13B23-285_B1,11
CACCGTTAGGGATCAC-1_V13B23-285_B1,10
CACCGTTGCGCGATAT-1_V13B23-285_B1,1
CACCTAATAGAGTCGT-1_V13B23-285_B1,5
CACCTAATCAGTTTAC-1_V13B23-285_B1,13
CACCTCGATGGTGGAC-1_V13B23-285_B1,13
CACCTTGCGAAACTCG-1_V13B23-285_B1,13
CACCTTGGCGCCTTTG-1_V13B23-285_B1,11
CACGAAAGTTAGTCCC-1_V13B23-285_B1,5
CACGCACAGCGCAGCT-1_V13B23-285_B1,11
CACGCAGCGAGGCTTT-1_V13B23-285_B1,5
CACGCGGAACTGTTGC-1_V13B23-285_B1,11
CACGGACGTGGATGGC-1_V13B23-285_B1,14
CACGGCGCGCCAAAGG-1_V13B23-285_B1,14
CACGTCAATCAATGGA-1_V13B23-285_B1,11
CACGTCGGCAACCTCT-1_V13B23-285_B1,1
CACGTTCGTGCTCTAG-1_V13B23-285_B1,11
CACGTTTCGTACACAC-1_V13B23-285_B1,11
CACTAAAGTTGCCTAT-1_V13B23-285_B1,5
CACTACGGGAGCTGCC-1_V13B23-285_B1,11
CACTCAAGAGCTATGG-1_V13B23-285_B1,5
CACTCAGCTCTTGAGG-1_V13B23-285_B1,9
CACTCCTATGTAAGAT-1_V13B23-285_B1,1
CACTCCTCTCGGTCGG-1_V13B23-285_B1,13
CACTCGAGCTGAACAA-1_V13B23-285_B1,11
CACTCGGTTAGGAGGA-1_V13B23-285_B1,7
CACTCTTCTGCTAGCC-1_V13B23-285_B1,11
CACTGTCCAAGTGAGA-1_V13B23-285_B1,5
CACTTAATCAGACGGA-1_V13B23-285_B1,5
CACTTCGCCACAGGCT-1_V13B23-285_B1,1
CACTTCGTCTTATCTC-1_V13B23-285_B1,13
CAGAACTTAGCCCTCT-1_V13B23-285_B1,11
CAGAATAACACACGGA-1_V13B23-285_B1,11
CAGAATATTCGTTATC-1_V13B23-285_B1,11
CAGACACCGATCGCTG-1_V13B23-285_B1,5
CAGACCTGTAAGTGTT-1_V13B23-285_B1,3
CAGACGAACCTGATAC-1_V13B23-285_B1,5
CAGAGACGGTCACCCA-1_V13B23-285_B1,1
CAGAGCATGAGCTTGC-1_V13B23-285_B1,7
CAGAGGCGATGCATGA-1_V13B23-285_B1,5
CAGATACTAACATAGT-1_V13B23-285_B1,5
CAGATCATTTAAAGTC-1_V13B23-285_B1,14
CAGATCCTGGTTTGAA-1_V13B23-285_B1,1
CAGCAGCCCGTTCCTT-1_V13B23-285_B1,8
CAGCAGTCCAGACTAT-1_V13B23-285_B1,11
CAGCAGTCTGTGCTGC-1_V13B23-285_B1,11
CAGCCGGGCCCTCTAT-1_V13B23-285_B1,9
CAGCCTCCTGCAGAGG-1_V13B23-285_B1,13
CAGCCTCTCCTCAAGA-1_V13B23-285_B1,14
CAGCGATTCCCTTCAA-1_V13B23-285_B1,3
CAGCTCACTGAGACAT-1_V13B23-285_B1,5
CAGCTCGACAAGTTAA-1_V13B23-285_B1,7
CAGCTCGTGCTTGTGT-1_V13B23-285_B1,9
CAGCTGGCGTAACCGT-1_V13B23-285_B1,1
CAGCTTAGTAGGTAGC-1_V13B23-285_B1,5
CAGGAAGACTTTATAT-1_V13B23-285_B1,13
CAGGACAGCTGCCCTT-1_V13B23-285_B1,11
CAGGATATATCGTTGT-1_V13B23-285_B1,5
CAGGCCGTTTGGGTGT-1_V13B23-285_B1,5
CAGGCGCACGGTGGTC-1_V13B23-285_B1,8
CAGGCGCCATGCTAGG-1_V13B23-285_B1,11
CAGGTTTAGTACTACA-1_V13B23-285_B1,2
CAGTAACTATTTATTG-1_V13B23-285_B1,14
CAGTAATCCCTCCCAG-1_V13B23-285_B1,5
CAGTACATTCTCTAAA-1_V13B23-285_B1,14
CAGTACCAGTTTACGT-1_V13B23-285_B1,3
CAGTAGCCCACGCGGT-1_V13B23-285_B1,15
CAGTCGAGGATGCAAT-1_V13B23-285_B1,12
CAGTCTGTATACTGGG-1_V13B23-285_B1,5
CAGTGAATAAATGACT-1_V13B23-285_B1,13
CAGTGGTTGCACATGA-1_V13B23-285_B1,5
CAGTGTCCGCAGAATG-1_V13B23-285_B1,5
CAGTGTCGGCTGGCCC-1_V13B23-285_B1,11
CAGTTCAAATTGACAC-1_V13B23-285_B1,5
CAGTTCCGCGGGTCGA-1_V13B23-285_B1,1
CATAACGGACAGTCGT-1_V13B23-285_B1,11
CATAAGAAGCTTGGCT-1_V13B23-285_B1,11
CATAAGCTCTCCGTCT-1_V13B23-285_B1,14
CATACAAAGCCGAACC-1_V13B23-285_B1,12
CATACACGGTTCCCAC-1_V13B23-285_B1,1
CATACCCGTACCCAGT-1_V13B23-285_B1,5
CATACGGCGTCTGGGC-1_V13B23-285_B1,5
CATACTATGTAATTGT-1_V13B23-285_B1,5
CATACTTAGGCAATAC-1_V13B23-285_B1,11
CATAGCCGCCCGGGAT-1_V13B23-285_B1,8
CATAGCGTTGCCCACC-1_V13B23-285_B1,10
CATAGTACATTGAGAG-1_V13B23-285_B1,9
CATAGTAGCATAGTAG-1_V13B23-285_B1,5
CATAGTCCACAAGAAC-1_V13B23-285_B1,5
CATATACTACTGATAA-1_V13B23-285_B1,14
CATATAGGTACAGTCA-1_V13B23-285_B1,5
CATATGTCAGGCTACG-1_V13B23-285_B1,8
CATATTATTTGCCCTA-1_V13B23-285_B1,9
CATCAAACTGGCGCCC-1_V13B23-285_B1,12
CATCAACACCTACTAA-1_V13B23-285_B1,10
CATCATCTACCCGGAC-1_V13B23-285_B1,9
CATCATTACCCTGAGG-1_V13B23-285_B1,11
CATCCGCAGGCCCGAA-1_V13B23-285_B1,4
CATCCTCTCAAAGATC-1_V13B23-285_B1,11
CATCGCCCGCGGCCAA-1_V13B23-285_B1,4
CATCGGACGGGTTAAT-1_V13B23-285_B1,5
CATCGTCCGGTTACTA-1_V13B23-285_B1,8
CATCTAGTGAAGGGAA-1_V13B23-285_B1,11
CATCTATCCCGTGTCT-1_V13B23-285_B1,14
CATCTGCAGGATCATT-1_V13B23-285_B1,3
CATCTTACACCACCTC-1_V13B23-285_B1,11
CATGACTTCGCTGAAT-1_V13B23-285_B1,11
CATGAGATGCACTCTC-1_V13B23-285_B1,11
CATGATGCACAATTCT-1_V13B23-285_B1,13
CATGATGGAAGTTAGC-1_V13B23-285_B1,11
CATGCCAACTCGCAAA-1_V13B23-285_B1,14
CATGCGACCAGTTTAA-1_V13B23-285_B1,1
CATGCGTTAGACAGAA-1_V13B23-285_B1,6
CATGCTGGCTCCAATT-1_V13B23-285_B1,9
CATGGATTGTCTTCCG-1_V13B23-285_B1,11
CATGGCAGGAAGATCG-1_V13B23-285_B1,6
CATGGGTATGCCTTAT-1_V13B23-285_B1,11
CATGGGTCGGGTGTGG-1_V13B23-285_B1,13
CATGGTAAGTAGCGTT-1_V13B23-285_B1,11
CATGGTATTAGTTTGT-1_V13B23-285_B1,7
CATGGTCTAGATACCG-1_V13B23-285_B1,4
CATGTAAGAGACATTT-1_V13B23-285_B1,11
CATGTAGGAGCGCCAA-1_V13B23-285_B1,14
CATGTCTCATTTATGG-1_V13B23-285_B1,11
CATTACATAGATTGTG-1_V13B23-285_B1,14
CATTACGTCGGCCCGT-1_V13B23-285_B1,13
CATTATGCTTGTTGTG-1_V13B23-285_B1,5
CATTCCCATTCCGTCG-1_V13B23-285_B1,14
CATTCCCTAAGTACAA-1_V13B23-285_B1,12
CATTCGTCGTAGCGGT-1_V13B23-285_B1,11
CATTGATGAACACGCC-1_V13B23-285_B1,14
CATTGCGGGTCAATTC-1_V13B23-285_B1,14
CATTGTGTGCTAGATC-1_V13B23-285_B1,5
CATTTAGCGGACCATG-1_V13B23-285_B1,7
CATTTCTAGCAGACTA-1_V13B23-285_B1,5
CATTTGAGTGGTACGT-1_V13B23-285_B1,5
CCAAACAGAACCCTCG-1_V13B23-285_B1,5
CCAAAGCAGTTGGTTG-1_V13B23-285_B1,8
CCAAATAACAAGATTC-1_V13B23-285_B1,11
CCAACGATGCACTGAT-1_V13B23-285_B1,5
CCAACGCTTGCCAGGG-1_V13B23-285_B1,15
CCAACTTGATAGATCC-1_V13B23-285_B1,11
CCAAGAAAGTGGGCGA-1_V13B23-285_B1,5
CCAAGACTTCTGCGAA-1_V13B23-285_B1,13
CCAAGCGTAACTCGTA-1_V13B23-285_B1,11
CCAAGGAACAGAGAGG-1_V13B23-285_B1,9
CCAAGTTTCTACAGAT-1_V13B23-285_B1,7
CCAATAGTGCCGTCGA-1_V13B23-285_B1,5
CCAATCGGTAGATCGA-1_V13B23-285_B1,13
CCAATGTCACAGCAAG-1_V13B23-285_B1,5
CCAATTACGGGTCGAG-1_V13B23-285_B1,5
CCAATTGAATGTTAAT-1_V13B23-285_B1,5
CCACAATGTACGTCTT-1_V13B23-285_B1,14
CCACACTGAGATATTA-1_V13B23-285_B1,5
CCACAGTACCCATCCT-1_V13B23-285_B1,11
CCACATACTGCACCCA-1_V13B23-285_B1,11
CCACCAACTTTACTGT-1_V13B23-285_B1,3
CCACCCAAGGAAAGTG-1_V13B23-285_B1,11
CCACCTGTATGGAATA-1_V13B23-285_B1,11
CCACGAATTTAACCTC-1_V13B23-285_B1,11
CCACGAGAAGAGAATC-1_V13B23-285_B1,13
CCACGGAGCCATAAGA-1_V13B23-285_B1,1
CCACGGTGCCCGGTAG-1_V13B23-285_B1,11
CCACGTAAATTAGACT-1_V13B23-285_B1,1
CCACTATCCGGGTCAC-1_V13B23-285_B1,14
CCACTGGTGGCTGGTT-1_V13B23-285_B1,10
CCACTGTTTGGATTAA-1_V13B23-285_B1,11
CCAGAAAGCAACTCAT-1_V13B23-285_B1,5
CCAGAGACAAAGCCGG-1_V13B23-285_B1,12
CCAGATAGTTGAGTGA-1_V13B23-285_B1,3
CCAGATGTAAATGGGT-1_V13B23-285_B1,14
CCAGCCTGGACCAATA-1_V13B23-285_B1,11
CCAGCGGGATCACCAG-1_V13B23-285_B1,14
CCAGCTGATGGTACTT-1_V13B23-285_B1,10
CCAGCTTCCGCCCGCA-1_V13B23-285_B1,8
CCAGGCTGGCGTCTGA-1_V13B23-285_B1,11
CCAGGGACGTGGCCTC-1_V13B23-285_B1,5
CCAGTAGTCTGATCCA-1_V13B23-285_B1,14
CCAGTCAAATCTCTTA-1_V13B23-285_B1,8
CCAGTCTAGACGGCGC-1_V13B23-285_B1,8
CCAGTCTTGTCATAGA-1_V13B23-285_B1,3
CCATAAACAACCCGAC-1_V13B23-285_B1,6
CCATACCTTTACTTGT-1_V13B23-285_B1,14
CCATAGGTTGGCGTGG-1_V13B23-285_B1,13
CCATAGTCAGTAACCC-1_V13B23-285_B1,12
CCATATGGAAACTATA-1_V13B23-285_B1,11
CCATATTGGATCATGA-1_V13B23-285_B1,8
CCATCCATACCAAGTC-1_V13B23-285_B1,5
CCATCGCAGTTAAACT-1_V13B23-285_B1,12
CCATCTCACCAGTGAA-1_V13B23-285_B1,11
CCATGCCCTAGATTTC-1_V13B23-285_B1,11
CCATGCCTGTTTAGTA-1_V13B23-285_B1,5
CCATGCTCTGCAGGAA-1_V13B23-285_B1,5
CCATGGCCCTTGTACC-1_V13B23-285_B1,10
CCATTAGCGATAATCC-1_V13B23-285_B1,5
CCATTCCCTGCCCACA-1_V13B23-285_B1,5
CCATTGTTTCCTCCAT-1_V13B23-285_B1,14
CCATTTCTACCTATTA-1_V13B23-285_B1,11
CCCAAACATGCTGCTC-1_V13B23-285_B1,11
CCCAACATACGTCGCG-1_V13B23-285_B1,1
CCCAATGAGATTTGCA-1_V13B23-285_B1,7
CCCAATTTCACAACTT-1_V13B23-285_B1,5
CCCAGAGGAGGGCGTA-1_V13B23-285_B1,1
CCCAGGTCTGAAGGCT-1_V13B23-285_B1,11
CCCAGTAAACTTGGGA-1_V13B23-285_B1,10
CCCAGTTAAGGCGCCG-1_V13B23-285_B1,11
CCCGACCATAGTCCGC-1_V13B23-285_B1,13
CCCGAGTTTCTCCGTA-1_V13B23-285_B1,11
CCCGATAGCCTCGCCT-1_V13B23-285_B1,11
CCCGCAGCGCGAACTA-1_V13B23-285_B1,11
CCCGCAGGGCCCAAAG-1_V13B23-285_B1,9
CCCGCCATGCTCCCGT-1_V13B23-285_B1,5
CCCGCGCAATGCACCC-1_V13B23-285_B1,5
CCCGGTGGAAGAACCT-1_V13B23-285_B1,12
CCCGGTGTATCGGAAT-1_V13B23-285_B1,1
CCCGTAAGTCTAGGCC-1_V13B23-285_B1,5
CCCGTAGCTGGGAAGA-1_V13B23-285_B1,3
CCCGTCAGCGTCTGAC-1_V13B23-285_B1,5
CCCGTTTCGCAGATGT-1_V13B23-285_B1,11
CCCTATGTAGAGCAGA-1_V13B23-285_B1,1
CCCTCATTCTGGAATT-1_V13B23-285_B1,13
CCCTCCTCGCTCGTAT-1_V13B23-285_B1,11
CCCTGAAATGAGTTGA-1_V13B23-285_B1,5
CCCTGACTAACAAATT-1_V13B23-285_B1,14
CCCTGATGTAACTCGT-1_V13B23-285_B1,12
CCCTGCCCAATCCGCT-1_V13B23-285_B1,5
CCCTGCGCTACGCATA-1_V13B23-285_B1,5
CCCTGTTGGCAAAGAC-1_V13B23-285_B1,10
CCCTTTGACAGGTCTT-1_V13B23-285_B1,10
CCGAAAGTGGTGAGCA-1_V13B23-285_B1,5
CCGAACACTGGGCCTC-1_V13B23-285_B1,14
CCGAACCTTCCCGGCC-1_V13B23-285_B1,11
CCGAAGGGCGTACCGC-1_V13B23-285_B1,14
CCGAAGTATATTGTTC-1_V13B23-285_B1,8
CCGACAAACACATGAG-1_V13B23-285_B1,10
CCGACAAAGGGAGTGC-1_V13B23-285_B1,5
CCGACAATAGGCCGCC-1_V13B23-285_B1,11
CCGACGGGCATGAGGT-1_V13B23-285_B1,1
CCGACGTAAACACAAC-1_V13B23-285_B1,13
CCGAGAAGTCGCATAA-1_V13B23-285_B1,11
CCGAGCTGTGCTTGTC-1_V13B23-285_B1,14
CCGATATGACGTAAGG-1_V13B23-285_B1,11
CCGATCTCAACCTTAT-1_V13B23-285_B1,11
CCGATTCGAGGGACCC-1_V13B23-285_B1,10
CCGCACAAAGACCAAC-1_V13B23-285_B1,11
CCGCACACGAACGTGT-1_V13B23-285_B1,11
CCGCACGTGACCTCGG-1_V13B23-285_B1,3
CCGCATGTGGTACGAT-1_V13B23-285_B1,3
CCGCCGGAACTTCTCG-1_V13B23-285_B1,3
CCGCCGGTCAACACAC-1_V13B23-285_B1,9
CCGCCGTTGAGGATAA-1_V13B23-285_B1,11
CCGCCTGCGAATTGGT-1_V13B23-285_B1,14
CCGCCTTGCGATGTCG-1_V13B23-285_B1,8
CCGCGGAATGCGTCAC-1_V13B23-285_B1,5
CCGCGGGTACGAAGAA-1_V13B23-285_B1,5
CCGCGTAGGTAAGGGC-1_V13B23-285_B1,10
CCGCTATCAGCACCAG-1_V13B23-285_B1,5
CCGCTTACCTCACTCT-1_V13B23-285_B1,1
CCGCTTGCTGACATGG-1_V13B23-285_B1,7
CCGGAAGTTATCAGTC-1_V13B23-285_B1,11
CCGGAATGGTTTCAGT-1_V13B23-285_B1,12
CCGGAGCGTACTTTCT-1_V13B23-285_B1,8
CCGGAGGTCTTATGGT-1_V13B23-285_B1,14
CCGGCACGACCGTTTC-1_V13B23-285_B1,11
CCGGCGCATATTGGAT-1_V13B23-285_B1,9
CCGGGACCCGCAGAGA-1_V13B23-285_B1,13
CCGGGCGGTCTCGTCA-1_V13B23-285_B1,6
CCGGGCTGCTCCATAC-1_V13B23-285_B1,11
CCGGGTTCGAGGTTAC-1_V13B23-285_B1,5
CCGGTAATGGCTAGTC-1_V13B23-285_B1,11
CCGGTTTGTAATTGTG-1_V13B23-285_B1,10
CCGTAAGTTGGTCCCA-1_V13B23-285_B1,5
CCGTACCCAAGCGCCA-1_V13B23-285_B1,5
CCGTAGGAAATCCCTG-1_V13B23-285_B1,11
CCGTAGGGTTGTTTAC-1_V13B23-285_B1,11
CCGTATCTCGTCGTAG-1_V13B23-285_B1,1
CCGTATTAGCGCAGTT-1_V13B23-285_B1,14
CCGTGAGGCATTCATG-1_V13B23-285_B1,11
CCGTGGAACGATCCAA-1_V13B23-285_B1,5
CCGTGTTAAATTCCAT-1_V13B23-285_B1,1
CCGTTACGTTAGAACA-1_V13B23-285_B1,13
CCGTTCCGAATCTCGG-1_V13B23-285_B1,1
CCTAAAGGCTGACGCT-1_V13B23-285_B1,13
CCTAAATTAACGGTTC-1_V13B23-285_B1,5
CCTAAATTGTATCCTA-1_V13B23-285_B1,11
CCTAACCCAAACAAGT-1_V13B23-285_B1,11
CCTAACTAAGGCTCTA-1_V13B23-285_B1,15
CCTACAAGTCCGGAAT-1_V13B23-285_B1,2
CCTACATTCACAGACG-1_V13B23-285_B1,1
CCTACGGCTCAGTCGA-1_V13B23-285_B1,5
CCTACTGCGGCGGCCA-1_V13B23-285_B1,14
CCTACTGCTTACACTT-1_V13B23-285_B1,5
CCTAGGCGTAGCGATC-1_V13B23-285_B1,11
CCTAGTTAGTCGCATG-1_V13B23-285_B1,9
CCTATAATGAGTGCCC-1_V13B23-285_B1,11
CCTATACCGTCCTGTC-1_V13B23-285_B1,5
CCTATATTTGTCCTGG-1_V13B23-285_B1,11
CCTATCTATATCGGAA-1_V13B23-285_B1,6
CCTATGAAGTGGTGCC-1_V13B23-285_B1,11
CCTATGGGTTACCGTC-1_V13B23-285_B1,12
CCTATGTCCACTCCAC-1_V13B23-285_B1,2
CCTCACCAATCTTGAC-1_V13B23-285_B1,5
CCTCACCTGAGGGAGC-1_V13B23-285_B1,14
CCTCACCTTAGCATCG-1_V13B23-285_B1,1
CCTCACGTCAGCTAAT-1_V13B23-285_B1,11
CCTCCGACAATTCAAG-1_V13B23-285_B1,5
CCTCCTGTTGTGTCGT-1_V13B23-285_B1,3
CCTCGAAGTGGACGGG-1_V13B23-285_B1,6
CCTCGCGCGATATAGG-1_V13B23-285_B1,15
CCTCGCGCTGTGCGAT-1_V13B23-285_B1,10
CCTCGGACCGGGATAG-1_V13B23-285_B1,11
CCTCGGATGCTACCTG-1_V13B23-285_B1,3
CCTCTAATCTGCCAAG-1_V13B23-285_B1,13
CCTCTATCGATTAGCA-1_V13B23-285_B1,10
CCTCTCTCCCATCTAG-1_V13B23-285_B1,5
CCTCTGGCCTAGACGG-1_V13B23-285_B1,6
CCTCTGTACTATTCTA-1_V13B23-285_B1,4
CCTGAACGATATATTC-1_V13B23-285_B1,11
CCTGAATATTTACATA-1_V13B23-285_B1,13
CCTGACCACCGATGGT-1_V13B23-285_B1,5
CCTGCGTTCTACGCTT-1_V13B23-285_B1,1
CCTGCTATTTGAGAAG-1_V13B23-285_B1,5
CCTGGAAACGTTCTGC-1_V13B23-285_B1,11
CCTGGCTAGACCCGCC-1_V13B23-285_B1,5
CCTGGTCGAATGTGGG-1_V13B23-285_B1,10
CCTGTAAGACATGATA-1_V13B23-285_B1,5
CCTGTACTCACGCCCA-1_V13B23-285_B1,5
CCTGTCACCCGGGCTC-1_V13B23-285_B1,1
CCTGTCCCTCACGTTA-1_V13B23-285_B1,11
CCTGTCGCCCGTAAAT-1_V13B23-285_B1,5
CCTGTTTGAAGACACG-1_V13B23-285_B1,11
CCTTCAGTTAAAGTGA-1_V13B23-285_B1,3
CCTTCTCAGCGTTCCT-1_V13B23-285_B1,14
CCTTGACCACTTTATT-1_V13B23-285_B1,11
CCTTTAAGGGAGCACT-1_V13B23-285_B1,7
CCTTTCAATGAAGAAA-1_V13B23-285_B1,1
CCTTTGAATTATGGCT-1_V13B23-285_B1,12
CGAAACATAGATGGCA-1_V13B23-285_B1,9
CGAAACGCAATTCATG-1_V13B23-285_B1,5
CGAACAGTATGGGCGT-1_V13B23-285_B1,11
CGAACCCGCATGCGTC-1_V13B23-285_B1,10
CGAACGCCCAGTGCCG-1_V13B23-285_B1,6
CGAACGGCCGGACAAC-1_V13B23-285_B1,7
CGAAGCTATAAATTCA-1_V13B23-285_B1,14
CGAAGTTGCTCTGTGT-1_V13B23-285_B1,5
CGACAATTTGATCTAA-1_V13B23-285_B1,11
CGACACGCTCCGACAG-1_V13B23-285_B1,11
CGACAGTTCGCGTTAT-1_V13B23-285_B1,5
CGACCCTTAACGCCGG-1_V13B23-285_B1,7
CGACTCAGGATGTTAT-1_V13B23-285_B1,14
CGACTTTGTATAGCCT-1_V13B23-285_B1,1
CGAGACCCTAGAGTGT-1_V13B23-285_B1,5
CGAGAGATGTGAACCT-1_V13B23-285_B1,1
CGAGAGCGCGTAGATA-1_V13B23-285_B1,14
CGAGAGGGTAGCCGCG-1_V13B23-285_B1,11
CGAGATTTCGCTCGGG-1_V13B23-285_B1,11
CGAGCACTTCAAGTTT-1_V13B23-285_B1,1
CGAGGAGCTTCCATAT-1_V13B23-285_B1,7
CGAGGATCGGGAACGA-1_V13B23-285_B1,14
CGAGGCCAGGCATTGG-1_V13B23-285_B1,5
CGAGGCTAAATATGGC-1_V13B23-285_B1,1
CGAGGGACTGCGGTCG-1_V13B23-285_B1,11
CGAGTACTAAAGAGGA-1_V13B23-285_B1,1
CGAGTTCTGTCCCACC-1_V13B23-285_B1,14
CGAGTTTATCGGACTG-1_V13B23-285_B1,11
CGATAATACTCAGGTT-1_V13B23-285_B1,6
CGATACCTCGCGGACA-1_V13B23-285_B1,5
CGATCATTAGAGGCAC-1_V13B23-285_B1,2
CGATCCGACCCAGTGC-1_V13B23-285_B1,5
CGATCTGTTGGAGGAC-1_V13B23-285_B1,8
CGATGGACCCTACGCC-1_V13B23-285_B1,15
CGATGTTGTTATCTAC-1_V13B23-285_B1,1
CGATTAAATATCTCCT-1_V13B23-285_B1,14
CGATTCGCCTGGCTGC-1_V13B23-285_B1,11
CGCAAACACGAGTTAC-1_V13B23-285_B1,5
CGCAATTACTTTCGGT-1_V13B23-285_B1,5
CGCAATTAGGGTAATA-1_V13B23-285_B1,5
CGCAATTCTACAATAA-1_V13B23-285_B1,10
CGCACATGTCCACTAC-1_V13B23-285_B1,11
CGCACGTGCGCTATCA-1_V13B23-285_B1,11
CGCAGATCTTCACCCG-1_V13B23-285_B1,14
CGCAGGCGATCCAAAC-1_V13B23-285_B1,11
CGCATCATGGCTTCAG-1_V13B23-285_B1,9
CGCATCCATCAGCCAG-1_V13B23-285_B1,14
CGCATGGTGCGATGCT-1_V13B23-285_B1,5
CGCATTAGCTAATAGG-1_V13B23-285_B1,3
CGCCAAGAAGCCGAGT-1_V13B23-285_B1,10
CGCCACAGGTCGCGAT-1_V13B23-285_B1,1
CGCCATCCGATTATGA-1_V13B23-285_B1,13
CGCCCAGCACGCCTAG-1_V13B23-285_B1,7
CGCCCGCTTCCGTACA-1_V13B23-285_B1,13
CGCCCTTGAAGGCTGA-1_V13B23-285_B1,14
CGCCGCCCATGCCTGT-1_V13B23-285_B1,11
CGCCGTCTACCCATCG-1_V13B23-285_B1,11
CGCCGTTCAGCATAGT-1_V13B23-285_B1,11
CGCCTCCCTCCTCTAT-1_V13B23-285_B1,11
CGCCTGGCCTACGTAA-1_V13B23-285_B1,5
CGCCTTTAGCATGCTC-1_V13B23-285_B1,11
CGCGACACTGCGCAGC-1_V13B23-285_B1,3
CGCGACCGCGACAGAT-1_V13B23-285_B1,11
CGCGAGAGGGACTTGT-1_V13B23-285_B1,14
CGCGAGTCTGCCGGGT-1_V13B23-285_B1,1
CGCGCAAATGTCCAGA-1_V13B23-285_B1,8
CGCGCATGTTTGATTG-1_V13B23-285_B1,5
CGCGCCCGACTTAATA-1_V13B23-285_B1,13
CGCGGCAGTATTACGG-1_V13B23-285_B1,13
CGCGGCTCAACTTGAA-1_V13B23-285_B1,11
CGCGGGAATTAGGCAG-1_V13B23-285_B1,7
CGCGGTAAGTCTAGCT-1_V13B23-285_B1,14
CGCGGTACGGTATACA-1_V13B23-285_B1,11
CGCGGTCACAAACCAA-1_V13B23-285_B1,14
CGCGTTCATGAAATAC-1_V13B23-285_B1,5
CGCTACGGGACATTTA-1_V13B23-285_B1,5
CGCTAGAGACCGCTGC-1_V13B23-285_B1,11
CGCTATACCGCCCACT-1_V13B23-285_B1,5
CGCTATTCAATGTATG-1_V13B23-285_B1,5
CGCTATTCTTAGGCTC-1_V13B23-285_B1,5
CGCTCGACATAATGAT-1_V13B23-285_B1,5
CGCTCTCCGTAGATTA-1_V13B23-285_B1,5
CGCTGGTGACTACCCT-1_V13B23-285_B1,11
CGCTGTGACGCCGCAC-1_V13B23-285_B1,5
CGCTGTGTGGATGTTG-1_V13B23-285_B1,3
CGCTTATTCCCGGTCG-1_V13B23-285_B1,1
CGCTTCCACTGAAATC-1_V13B23-285_B1,5
CGCTTTCATACCGGTG-1_V13B23-285_B1,9
CGCTTTCTTGCATTCG-1_V13B23-285_B1,3
CGGAAAGAATCAAACG-1_V13B23-285_B1,1
CGGAACGTAAACATAG-1_V13B23-285_B1,1
CGGAGCAATTTAATCG-1_V13B23-285_B1,8
CGGAGCATGGCGATCC-1_V13B23-285_B1,5
CGGAGCTTATAACACC-1_V13B23-285_B1,9
CGGAGTTTGAGAGACA-1_V13B23-285_B1,5
CGGATAAGCGGACATG-1_V13B23-285_B1,5
CGGATCCTCAAGGACT-1_V13B23-285_B1,11
CGGCAAACATCGTGCG-1_V13B23-285_B1,11
CGGCAATAAGATCGCC-1_V13B23-285_B1,11
CGGCACCGTTAGCGCC-1_V13B23-285_B1,15
CGGCACTCAAGAAAGT-1_V13B23-285_B1,5
CGGCAGGGTCGGGTTG-1_V13B23-285_B1,11
CGGCCACGCACAAAGT-1_V13B23-285_B1,5
CGGCCCAACCTGTAGT-1_V13B23-285_B1,14
CGGCCCAGGTATATCC-1_V13B23-285_B1,11
CGGCGCCATCAATCCC-1_V13B23-285_B1,11
CGGCTCTAAAGCTGCA-1_V13B23-285_B1,11
CGGCTCTTCGTCGAAC-1_V13B23-285_B1,2
CGGGAATATAGTATAC-1_V13B23-285_B1,11
CGGGAATTTATGTAAA-1_V13B23-285_B1,5
CGGGAGCTTCAGTGTA-1_V13B23-285_B1,11
CGGGAGTATACCGCCG-1_V13B23-285_B1,1
CGGGATCAATGTAAGA-1_V13B23-285_B1,5
CGGGCAGCTAAACCGC-1_V13B23-285_B1,5
CGGGCCATAGCCGCAC-1_V13B23-285_B1,5
CGGGCCTTCTTTGTAA-1_V13B23-285_B1,5
CGGGTGTACCCATTTA-1_V13B23-285_B1,11
CGGGTTTGTTAGGGCT-1_V13B23-285_B1,11
CGGTACTAGAATCAAA-1_V13B23-285_B1,11
CGGTAGAGGTGCAGGT-1_V13B23-285_B1,1
CGGTATAGGTATTAGC-1_V13B23-285_B1,14
CGGTCAAGTGGGAACC-1_V13B23-285_B1,12
CGGTCAGTCCATATTT-1_V13B23-285_B1,11
CGGTCCATGAGACTCC-1_V13B23-285_B1,14
CGGTCTATCAACCCGT-1_V13B23-285_B1,13
CGGTGAAGACTAAAGT-1_V13B23-285_B1,5
CGGTGCAGATAGAACG-1_V13B23-285_B1,10
CGGTGCGCGTTGGTCC-1_V13B23-285_B1,1
CGGTGGGCTCCAGCCT-1_V13B23-285_B1,14
CGGTGTACTTGATCCC-1_V13B23-285_B1,5
CGGTTATCCAACAGTG-1_V13B23-285_B1,7
CGGTTCAAGTAGGTGT-1_V13B23-285_B1,3
CGGTTGACCTGGCATA-1_V13B23-285_B1,5
CGGTTTATGAAGGAAC-1_V13B23-285_B1,2
CGTAAACGCTTGAGTG-1_V13B23-285_B1,9
CGTACCGAAAGTCTAG-1_V13B23-285_B1,2
CGTACCTGATAGGCCT-1_V13B23-285_B1,13
CGTAGCGAATTGTCAG-1_V13B23-285_B1,9
CGTATTAAGAGATCTA-1_V13B23-285_B1,5
CGTATTGTTTCCTAAT-1_V13B23-285_B1,14
CGTCAAATGGTCGCAG-1_V13B23-285_B1,14
CGTCAAGGCTATAAAT-1_V13B23-285_B1,1
CGTCAATCTTTAACAT-1_V13B23-285_B1,1
CGTCACGTCCATTGGT-1_V13B23-285_B1,10
CGTCAGCTATTTACTC-1_V13B23-285_B1,3
CGTCATACCATATCCA-1_V13B23-285_B1,5
CGTCGCGGCGGGATTT-1_V13B23-285_B1,12
CGTCGGATAGTGTTGA-1_V13B23-285_B1,11
CGTCGGGTCTAAGCGC-1_V13B23-285_B1,1
CGTCGTCCTTCGCGAA-1_V13B23-285_B1,11
CGTCTGGAAGGGCCCG-1_V13B23-285_B1,6
CGTCTTGAGTGTGACG-1_V13B23-285_B1,6
CGTGAAGTTAATTCAC-1_V13B23-285_B1,5
CGTGACATTGGGTCGT-1_V13B23-285_B1,13
CGTGCAGACTGGGACA-1_V13B23-285_B1,11
CGTGCATTGTCGACGC-1_V13B23-285_B1,5
CGTGCCCTCCCGAAGA-1_V13B23-285_B1,11
CGTGGAAGCCTCGTAC-1_V13B23-285_B1,11
CGTGGCCGAATATCTA-1_V13B23-285_B1,11
CGTGTCCCATTCGCGA-1_V13B23-285_B1,5
CGTGTCTCGTTACGAC-1_V13B23-285_B1,1
CGTGTGTTAAACCCTG-1_V13B23-285_B1,3
CGTTAAACTAGTTAGG-1_V13B23-285_B1,11
CGTTAATGTCCCGACG-1_V13B23-285_B1,11
CGTTAGCTCACAACTG-1_V13B23-285_B1,13
CGTTCATGGTGCGCGT-1_V13B23-285_B1,5
CGTTCTTCGCACACCT-1_V13B23-285_B1,14
CGTTGAATACCGCGCT-1_V13B23-285_B1,11
CGTTGAGCGACCGTCG-1_V13B23-285_B1,11
CGTTGAGTAATTGCGT-1_V13B23-285_B1,15
CGTTGTAAACGTCAGG-1_V13B23-285_B1,1
CGTTGTAAGATTGATT-1_V13B23-285_B1,14
CGTTGTTTCAATTCCC-1_V13B23-285_B1,5
CGTTTAAGCGGAGCAC-1_V13B23-285_B1,9
CGTTTACAAGGCAGCT-1_V13B23-285_B1,14
CGTTTCACTTCGGGCG-1_V13B23-285_B1,2
CGTTTCGCTCATTACA-1_V13B23-285_B1,5
CGTTTGGTGTTGTGGG-1_V13B23-285_B1,11
CGTTTGTGTAGAGGGT-1_V13B23-285_B1,10
CTAAAGAATGCCTACT-1_V13B23-285_B1,5
CTAAAGGGAAATAGGA-1_V13B23-285_B1,5
CTAAATCCGGTGTACA-1_V13B23-285_B1,1
CTAAATCCTATTCCGG-1_V13B23-285_B1,14
CTAACCGCGCGCCCGT-1_V13B23-285_B1,5
CTAACGAAACTTGCTG-1_V13B23-285_B1,12
CTAACTGATAATCGCC-1_V13B23-285_B1,11
CTAACTGGTCCGGTTC-1_V13B23-285_B1,3
CTAAGGGAATGATTGG-1_V13B23-285_B1,11
CTAATTCGCACGCGCT-1_V13B23-285_B1,1
CTAATTCTCAGATATT-1_V13B23-285_B1,7
CTAATTTCAACAACAC-1_V13B23-285_B1,5
CTACAAGAAATAACCC-1_V13B23-285_B1,10
CTACACTCGCAGATGG-1_V13B23-285_B1,11
CTACCCTAAGGTCATA-1_V13B23-285_B1,3
CTACGACTAGCTATAA-1_V13B23-285_B1,5
CTACGCACGGAGTACC-1_V13B23-285_B1,5
CTACTATCATAGGTTT-1_V13B23-285_B1,1
CTACTATCTTTCAGAG-1_V13B23-285_B1,14
CTACTCAAGGTATAGT-1_V13B23-285_B1,1
CTACTCTAGGCCCGGC-1_V13B23-285_B1,10
CTACTGCCACCTGACC-1_V13B23-285_B1,5
CTAGACTGCATTTCGT-1_V13B23-285_B1,15
CTAGATGTGAGTGTAA-1_V13B23-285_B1,6
CTAGATTTACGACGGC-1_V13B23-285_B1,11
CTAGCATAGTATAATG-1_V13B23-285_B1,11
CTAGCCACAGGCGAGC-1_V13B23-285_B1,11
CTAGCCGATGTTATGA-1_V13B23-285_B1,14
CTAGCTTAATGGTCCC-1_V13B23-285_B1,11
CTAGGCGCCCTATCAG-1_V13B23-285_B1,11
CTAGGTCTGAAGGAAT-1_V13B23-285_B1,11
CTAGGTTCGGACGTGA-1_V13B23-285_B1,1
CTAGTATTCGGAATTA-1_V13B23-285_B1,6
CTAGTCACGTCTTAAG-1_V13B23-285_B1,11
CTAGTGAAGGACAGGA-1_V13B23-285_B1,5
CTAGTTACAACCCGGT-1_V13B23-285_B1,11
CTAGTTGGGCCCGGTA-1_V13B23-285_B1,1
CTATAAGAGCCAATCG-1_V13B23-285_B1,1
CTATCGACGAAATACA-1_V13B23-285_B1,11
CTATCGCGTAGAGAAC-1_V13B23-285_B1,11
CTATCGGGTCTCAACA-1_V13B23-285_B1,11
CTATGGGAAGCGGAAT-1_V13B23-285_B1,11
CTATGTCACTAGCCCA-1_V13B23-285_B1,5
CTATGTGAGTCACGGC-1_V13B23-285_B1,14
CTATTCATGTGTCCCA-1_V13B23-285_B1,8
CTATTGTGTTTGGTCA-1_V13B23-285_B1,14
CTATTTGGTTACGGAT-1_V13B23-285_B1,11
CTCAAGACATTAGCGC-1_V13B23-285_B1,14
CTCACACGCAAGCCTA-1_V13B23-285_B1,14
CTCACATTTACTAAAT-1_V13B23-285_B1,12
CTCACTTGGCTGGTAA-1_V13B23-285_B1,5
CTCAGGACTCACCTGT-1_V13B23-285_B1,5
CTCAGTCACGACAAAT-1_V13B23-285_B1,12
CTCATCACTTAGTGAT-1_V13B23-285_B1,14
CTCATGGCTCACAATC-1_V13B23-285_B1,13
CTCATGGTAATTTGCG-1_V13B23-285_B1,3
CTCATTAACGTTGCCC-1_V13B23-285_B1,14
CTCATTGCTCTAACAA-1_V13B23-285_B1,11
CTCATTTGATGGGCGG-1_V13B23-285_B1,12
CTCCCAATGAGTCGCG-1_V13B23-285_B1,11
CTCCCTCCTTTCGATC-1_V13B23-285_B1,1
CTCCGCCCACATGAGG-1_V13B23-285_B1,10
CTCCGGCCTAATATGC-1_V13B23-285_B1,12
CTCCGGCTTGTAGACA-1_V13B23-285_B1,4
CTCCTAAGTTATGTCT-1_V13B23-285_B1,5
CTCCTCCAGCTCACAC-1_V13B23-285_B1,1
CTCCTGTTCAAGGCAG-1_V13B23-285_B1,11
CTCCTTTACGCAAGTC-1_V13B23-285_B1,7
CTCGAGACATACGATA-1_V13B23-285_B1,12
CTCGAGATCCAAAGCA-1_V13B23-285_B1,5
CTCGAGGTCGAACAGT-1_V13B23-285_B1,5
CTCGATATTTGCGAGC-1_V13B23-285_B1,7
CTCGCACCTATATAGT-1_V13B23-285_B1,12
CTCGCATTGCATAGCC-1_V13B23-285_B1,3
CTCGCCGAATGTAGGG-1_V13B23-285_B1,8
CTCGGGATAACACCTA-1_V13B23-285_B1,14
CTCGGGTTCTCTGGCC-1_V13B23-285_B1,10
CTCGGTACCACTGCTC-1_V13B23-285_B1,11
CTCGGTCCGTAGCCTG-1_V13B23-285_B1,13
CTCGGTTGTCGGCCCT-1_V13B23-285_B1,8
CTCGTCGAGGGCTCAT-1_V13B23-285_B1,8
CTCGTTTCTAATGTTT-1_V13B23-285_B1,14
CTCTAATGCATTGATC-1_V13B23-285_B1,14
CTCTACACTGGCGATT-1_V13B23-285_B1,14
CTCTATTTGGCTGCAG-1_V13B23-285_B1,11
CTCTCACAATCGATGA-1_V13B23-285_B1,13
CTCTCTAACTGCCTAG-1_V13B23-285_B1,8
CTCTGGACGCCTGGTG-1_V13B23-285_B1,5
CTCTGTTTGAGGATTC-1_V13B23-285_B1,6
CTCTTCTATTGACTGG-1_V13B23-285_B1,11
CTCTTGTCCCGCTTGG-1_V13B23-285_B1,10
CTGAAAGAGATCCGAC-1_V13B23-285_B1,13
CTGAATCCGAGACCTC-1_V13B23-285_B1,10
CTGAATTTATTGCCAG-1_V13B23-285_B1,14
CTGACATAGAAATAGA-1_V13B23-285_B1,11
CTGACTGCGCAGCTCG-1_V13B23-285_B1,6
CTGAGAAAGTTCGGCG-1_V13B23-285_B1,11
CTGAGCAAGTAACAAG-1_V13B23-285_B1,6
CTGAGCGAGACTTATT-1_V13B23-285_B1,14
CTGATAGTGTATCTCA-1_V13B23-285_B1,1
CTGCAAGCACGTTCCG-1_V13B23-285_B1,11
CTGCACAACTACATAT-1_V13B23-285_B1,11
CTGCACCTAGTCCACA-1_V13B23-285_B1,14
CTGCACCTGGAACCGC-1_V13B23-285_B1,13
CTGCACTCCAGTACAG-1_V13B23-285_B1,11
CTGCAGAGAATCAGAG-1_V13B23-285_B1,11
CTGCCAAGGTTGGAAG-1_V13B23-285_B1,13
CTGCCATGCATCACAT-1_V13B23-285_B1,5
CTGCCTAGCCACCAAG-1_V13B23-285_B1,9
CTGCCTCATATGCAAC-1_V13B23-285_B1,7
CTGCGGGTGAAATGTT-1_V13B23-285_B1,10
CTGCGGTAGTCACGTG-1_V13B23-285_B1,15
CTGCGTTACGATATAA-1_V13B23-285_B1,2
CTGCTGAGGCCACGAA-1_V13B23-285_B1,12
CTGCTGTCTAACGAGC-1_V13B23-285_B1,11
CTGCTTGGCGATAGCT-1_V13B23-285_B1,11
CTGCTTTATGTCCGCG-1_V13B23-285_B1,14
CTGGAAATGGATGCTT-1_V13B23-285_B1,10
CTGGAAGACACGGTGG-1_V13B23-285_B1,11
CTGGACGCAGTCCGGC-1_V13B23-285_B1,10
CTGGATTTACACTTGA-1_V13B23-285_B1,1
CTGGCATCCGAATGAG-1_V13B23-285_B1,3
CTGGCGACATAAGTCC-1_V13B23-285_B1,13
CTGGCGCACAGGTCTG-1_V13B23-285_B1,11
CTGGCGGGAATAAGTA-1_V13B23-285_B1,5
CTGGCTGATTCATCCT-1_V13B23-285_B1,11
CTGGCTGGTTGTCAGT-1_V13B23-285_B1,7
CTGGGATAAATAATGG-1_V13B23-285_B1,11
CTGGGATACGCTACCC-1_V13B23-285_B1,11
CTGGGCCTGCTATATC-1_V13B23-285_B1,5
CTGGGTAGGCAGTTAA-1_V13B23-285_B1,11
CTGGTAAAGTGTGGGC-1_V13B23-285_B1,11
CTGGTAACACATAGAA-1_V13B23-285_B1,11
CTGGTAACGAGCTCTT-1_V13B23-285_B1,1
CTGGTCATTCCAATCC-1_V13B23-285_B1,8
CTGGTTCGCGAGCTAC-1_V13B23-285_B1,6
CTGGTTTCGAGCAAGA-1_V13B23-285_B1,11
CTGTACTTCTTAGCAT-1_V13B23-285_B1,5
CTGTAGCCATCTCACT-1_V13B23-285_B1,1
CTGTATGGTGTAGAAA-1_V13B23-285_B1,5
CTGTCAAATGGCTCGG-1_V13B23-285_B1,13
CTGTCACGCCAGGCGC-1_V13B23-285_B1,15
CTGTGCAGGGTAGGTC-1_V13B23-285_B1,5
CTGTGGTCGGGAGATA-1_V13B23-285_B1,11
CTGTTACCCAATCTAG-1_V13B23-285_B1,10
CTGTTCACTGCCTGTG-1_V13B23-285_B1,5
CTGTTCATCTCACGGG-1_V13B23-285_B1,5
CTTAAATAAGACCCAT-1_V13B23-285_B1,3
CTTAACTTCGAAGTAC-1_V13B23-285_B1,9
CTTACACGGTATTCCA-1_V13B23-285_B1,8
CTTACACTGGGAAATA-1_V13B23-285_B1,13
CTTAGCCCGGATAGTG-1_V13B23-285_B1,7
CTTAGCCTTCCACATG-1_V13B23-285_B1,13
CTTAGGTCCCAATCGT-1_V13B23-285_B1,3
CTTAGTAGGCCTACAG-1_V13B23-285_B1,8
CTTAGTGTAGTAGCAT-1_V13B23-285_B1,11
CTTATAGATGGCTGTT-1_V13B23-285_B1,11
CTTATGTTGACTACCA-1_V13B23-285_B1,5
CTTCAACTCCACTTGG-1_V13B23-285_B1,11
CTTCAGTGGTCGCCTA-1_V13B23-285_B1,1
CTTCATAGCTCAAGAA-1_V13B23-285_B1,5
CTTCATTGTCAGTGGA-1_V13B23-285_B1,5
CTTCCGCTCCGTGAAG-1_V13B23-285_B1,1
CTTCGGCCAATTGTTT-1_V13B23-285_B1,11
CTTCGTAGATAGGTGA-1_V13B23-285_B1,5
CTTCTATGTTGAAGTA-1_V13B23-285_B1,1
CTTCTATTAATGCTAG-1_V13B23-285_B1,5
CTTCTTACGTCGTATA-1_V13B23-285_B1,2
CTTGAGGTTATCCCGA-1_V13B23-285_B1,13
CTTGAGTTAGGGTAAT-1_V13B23-285_B1,11
CTTGCAACCGCCTCCT-1_V13B23-285_B1,14
CTTGCCCAGGCTCTAC-1_V13B23-285_B1,5
CTTGGCCAAGCTGGGA-1_V13B23-285_B1,7
CTTGTACTTGTTGACT-1_V13B23-285_B1,5
CTTGTCAACATTCGAG-1_V13B23-285_B1,11
CTTGTGCTCACCGATT-1_V13B23-285_B1,10
CTTGTTGCTGAGTCAA-1_V13B23-285_B1,11
CTTGTTTATGTAGCCA-1_V13B23-285_B1,5
CTTTAACTTTCAAAGG-1_V13B23-285_B1,13
CTTTAATATTGGTCGA-1_V13B23-285_B1,11
CTTTACCGAATAGTAG-1_V13B23-285_B1,11
CTTTAGGAACACTGTT-1_V13B23-285_B1,11
CTTTAGTGCTATTATT-1_V13B23-285_B1,5
CTTTCTGTGCGGGCTT-1_V13B23-285_B1,11
CTTTGCATCGCTCTTG-1_V13B23-285_B1,8
CTTTGCTGTCATGGAT-1_V13B23-285_B1,11
CTTTGGCGCTTTATAC-1_V13B23-285_B1,1
CTTTGGCTTTAGTAAA-1_V13B23-285_B1,5
CTTTGGGATTGTTGCA-1_V13B23-285_B1,5
CTTTGTCGAATGCTCC-1_V13B23-285_B1,12
GAAACAGATGACCACC-1_V13B23-285_B1,11
GAAACAGCCATGCAGT-1_V13B23-285_B1,9
GAAACATAGGAAACAG-1_V13B23-285_B1,3
GAAACCATGGTGCGCT-1_V13B23-285_B1,14
GAAACCGAATTACCTT-1_V13B23-285_B1,1
GAAACCTATACAAATG-1_V13B23-285_B1,1
GAAACTCGTGCGATGC-1_V13B23-285_B1,8
GAAACTCTAATGAAGG-1_V13B23-285_B1,9
GAAAGAACAGCGTTAT-1_V13B23-285_B1,11
GAAAGCAGTGCACTTT-1_V13B23-285_B1,1
GAAAGCCCTTTGGACC-1_V13B23-285_B1,5
GAAAGTGACTAACTGC-1_V13B23-285_B1,5
GAAATACCTGCTGGCT-1_V13B23-285_B1,2
GAAATACTAAACGTTT-1_V13B23-285_B1,5
GAAATATCACCATCAG-1_V13B23-285_B1,5
GAAATATGCTTGAATG-1_V13B23-285_B1,14
GAAATCGCGCGCAACT-1_V13B23-285_B1,13
GAAATGGCGGTGTTAG-1_V13B23-285_B1,5
GAAATGGGATGTAAAC-1_V13B23-285_B1,12
GAAATTAGCACGGATA-1_V13B23-285_B1,4
GAAATTCACATCGCTG-1_V13B23-285_B1,9
GAAATTGTCTCTATAA-1_V13B23-285_B1,5
GAACACACATCAACCA-1_V13B23-285_B1,5
GAACAGATTACTAAAT-1_V13B23-285_B1,11
GAACATTAGTATGTTA-1_V13B23-285_B1,12
GAACCCTCTGTGTTCT-1_V13B23-285_B1,7
GAACGACCGAATGATA-1_V13B23-285_B1,13
GAACGATAAGTTAAAG-1_V13B23-285_B1,8
GAACGCGGGTCACACG-1_V13B23-285_B1,11
GAACGTCTCATGGTCG-1_V13B23-285_B1,14
GAACGTTAGGAAGACG-1_V13B23-285_B1,1
GAACTTGTGCACGGGA-1_V13B23-285_B1,14
GAAGAAACGATATTGT-1_V13B23-285_B1,1
GAAGAACGGTGCAGGT-1_V13B23-285_B1,9
GAAGCCTGCACATTCC-1_V13B23-285_B1,5
GAAGCGTGAGGAATTT-1_V13B23-285_B1,5
GAAGCTCGGACCCGTC-1_V13B23-285_B1,10
GAAGCTTGCTGACCGC-1_V13B23-285_B1,5
GAAGGCTACCATTGTT-1_V13B23-285_B1,7
GAAGGGCATAACCATG-1_V13B23-285_B1,3
GAAGTCAGTTGCACTA-1_V13B23-285_B1,5
GAAGTCTCCCTAGCGA-1_V13B23-285_B1,11
GAAGTGATTTATCGTG-1_V13B23-285_B1,5
GAAGTTTCCACTCAAT-1_V13B23-285_B1,5
GAATAGACGCGACCCA-1_V13B23-285_B1,11
GAATAGCATTTAGGGT-1_V13B23-285_B1,11
GAATAGCCCTGCGGTC-1_V13B23-285_B1,14
GAATAGTGCTCGATTA-1_V13B23-285_B1,1
GAATATTCGGAGTCCC-1_V13B23-285_B1,13
GAATCGACATGGTCAC-1_V13B23-285_B1,4
GAATCTGAACATTCTC-1_V13B23-285_B1,5
GAATGAAGGTCTTCAG-1_V13B23-285_B1,10
GAATGCCGAAATGACC-1_V13B23-285_B1,5
GAATGTATGGCAGGTC-1_V13B23-285_B1,2
GAATGTGGTCCGGATT-1_V13B23-285_B1,11
GAATGTTGGGTAATCT-1_V13B23-285_B1,13
GAATTATAGTGAAAGG-1_V13B23-285_B1,11
GAATTCACCCGGGTGT-1_V13B23-285_B1,1
GAATTTCTCGCTGCAG-1_V13B23-285_B1,10
GACAAACATATGCAGG-1_V13B23-285_B1,11
GACAACGACCATTGAA-1_V13B23-285_B1,10
GACAACGCAGCTTACG-1_V13B23-285_B1,4
GACAAGAGATGAGATT-1_V13B23-285_B1,11
GACACAAGGGAAGAAA-1_V13B23-285_B1,5
GACACGAGTTAGAGGA-1_V13B23-285_B1,5
GACACTGAGTTCAGTG-1_V13B23-285_B1,3
GACACTGGAACCCGAT-1_V13B23-285_B1,11
GACAGATTTCTGGCTC-1_V13B23-285_B1,14
GACAGCCAGACCTGAC-1_V13B23-285_B1,11
GACAGGCACACACTAT-1_V13B23-285_B1,10
GACATACTGTCGCAGA-1_V13B23-285_B1,8
GACATCGATTTATAAC-1_V13B23-285_B1,5
GACCAAACGTTGACTG-1_V13B23-285_B1,11
GACCAGAGCCCTGTAG-1_V13B23-285_B1,5
GACCCAATTATGATAC-1_V13B23-285_B1,1
GACCGACGTGAAAGCA-1_V13B23-285_B1,11
GACCGACTGAAGCGTC-1_V13B23-285_B1,5
GACCGCGTCTGACGTG-1_V13B23-285_B1,11
GACCGTCAGGTCGTGA-1_V13B23-285_B1,13
GACCGTGCTGACGGTG-1_V13B23-285_B1,5
GACGACGATCCGCGTT-1_V13B23-285_B1,11
GACGAGGCTAATAAAC-1_V13B23-285_B1,11
GACGCCGTAAAGGCTA-1_V13B23-285_B1,5
GACGCCTGTTGCAGGG-1_V13B23-285_B1,9
GACGCTTGCTTCTAAA-1_V13B23-285_B1,5
GACGGGTTGGCCCGTA-1_V13B23-285_B1,7
GACGGTCAATAGAAGC-1_V13B23-285_B1,14
GACGGTCCTAGGGTGT-1_V13B23-285_B1,6
GACGTGTAGGGATTAT-1_V13B23-285_B1,8
GACGTTCGTAAATACA-1_V13B23-285_B1,7
GACTAAGATCATGCAC-1_V13B23-285_B1,5
GACTAAGTAGGCTCAC-1_V13B23-285_B1,5
GACTACAAAGCGGTGG-1_V13B23-285_B1,5
GACTACAATTGCTCGT-1_V13B23-285_B1,2
GACTCACCCACGTGAG-1_V13B23-285_B1,11
GACTCCCAGAATAAGG-1_V13B23-285_B1,7
GACTCGCGGGAATGAC-1_V13B23-285_B1,1
GACTCGGTCGGCGGAT-1_V13B23-285_B1,2
GACTGATTGGTCACAA-1_V13B23-285_B1,15
GACTGCAAATCGAGCT-1_V13B23-285_B1,11
GACTGCACCAGCCCAG-1_V13B23-285_B1,11
GACTGCGGCACGTGTA-1_V13B23-285_B1,8
GAGACCCTGCAACGCC-1_V13B23-285_B1,9
GAGACTGATGGGTAGA-1_V13B23-285_B1,10
GAGACTTCGCGACCGA-1_V13B23-285_B1,5
GAGAGGGCGCGAGGTT-1_V13B23-285_B1,5
GAGAGGTGCATTCTGG-1_V13B23-285_B1,5
GAGATCTGCTTGGCAT-1_V13B23-285_B1,5
GAGATCTGTCACTCCG-1_V13B23-285_B1,13
GAGATCTTCCATGACA-1_V13B23-285_B1,11
GAGATGACAATCCTTA-1_V13B23-285_B1,14
GAGATGGGAGTCGACA-1_V13B23-285_B1,11
GAGCACCTGTGTCCAG-1_V13B23-285_B1,11
GAGCACGGCGCCTCTT-1_V13B23-285_B1,6
GAGCCAGCTACCTGTG-1_V13B23-285_B1,11
GAGCCGAGCGTTTATT-1_V13B23-285_B1,12
GAGCGAGGGAGTACCG-1_V13B23-285_B1,9
GAGCGCAAATACTCCG-1_V13B23-285_B1,11
GAGCGCGCACGAGTAG-1_V13B23-285_B1,11
GAGCGCTGTTAGGTAA-1_V13B23-285_B1,1
GAGCTAAGGGCATATC-1_V13B23-285_B1,12
GAGCTCTCGGACCTAA-1_V13B23-285_B1,5
GAGCTGTCGTCTCGGA-1_V13B23-285_B1,14
GAGGAATGGAGAGGTT-1_V13B23-285_B1,10
GAGGAGATCCTCATGC-1_V13B23-285_B1,10
GAGGATAAACAGTGCT-1_V13B23-285_B1,11
GAGGCATTTGCAGCAG-1_V13B23-285_B1,7
GAGGCCCGACTCCGCA-1_V13B23-285_B1,8
GAGGCTATCAAAGTCG-1_V13B23-285_B1,5
GAGGGCCATAATATTA-1_V13B23-285_B1,14
GAGGGCGCAGCTCTGC-1_V13B23-285_B1,14
GAGGTACATCCATCTT-1_V13B23-285_B1,9
GAGGTCCCAAAGATCT-1_V13B23-285_B1,5
GAGTAAACCGGAAAGT-1_V13B23-285_B1,11
GAGTAAGGCCACGGGA-1_V13B23-285_B1,1
GAGTACGGGTATACAA-1_V13B23-285_B1,13
GAGTAGATACTAGTTG-1_V13B23-285_B1,12
GAGTATCAAAGTTACA-1_V13B23-285_B1,11
GAGTATGCCCGCCTTG-1_V13B23-285_B1,1
GAGTCAGACCAGAATC-1_V13B23-285_B1,5
GAGTCCGCTTACCGGA-1_V13B23-285_B1,5
GAGTCGACAGACCCTC-1_V13B23-285_B1,8
GAGTGCACGGACAACA-1_V13B23-285_B1,14
GAGTGTGCGGTACCCA-1_V13B23-285_B1,11
GAGTTGATGGCAATTT-1_V13B23-285_B1,1
GATAAATCGGTGGATG-1_V13B23-285_B1,13
GATAACTCGCACTGTG-1_V13B23-285_B1,11
GATACCGTGTCGGAGT-1_V13B23-285_B1,6
GATACGATGGGAGTCA-1_V13B23-285_B1,3
GATAGGATTAATTACA-1_V13B23-285_B1,6
GATAGGTAACGTTGAC-1_V13B23-285_B1,5
GATAGGTGTCCCGGGC-1_V13B23-285_B1,6
GATATCTCATGCAATA-1_V13B23-285_B1,9
GATATGAGACACTAAC-1_V13B23-285_B1,11
GATATGCGGTAGCCAA-1_V13B23-285_B1,1
GATATGGATTACGCGG-1_V13B23-285_B1,1
GATATTGAGATTGGCG-1_V13B23-285_B1,11
GATCATTCCAAACATT-1_V13B23-285_B1,4
GATCCCTTTATACTGC-1_V13B23-285_B1,5
GATCCGAATATAAGTG-1_V13B23-285_B1,11
GATCCGGGAATTAACA-1_V13B23-285_B1,11
GATCCTAAATCGGGAC-1_V13B23-285_B1,1
GATCCTCGACACTGGC-1_V13B23-285_B1,1
GATCGACACTATCTGA-1_V13B23-285_B1,10
GATCGCGGGCTCTCCA-1_V13B23-285_B1,5
GATCGCTACCCGATTT-1_V13B23-285_B1,11
GATCGCTATATCTCAG-1_V13B23-285_B1,1
GATCGGATAGAACCAT-1_V13B23-285_B1,14
GATCGGCGATAAGTCG-1_V13B23-285_B1,1
GATCGGTGGCCATAAC-1_V13B23-285_B1,1
GATCGTGACTGATATC-1_V13B23-285_B1,11
GATCTAACCGTATTCA-1_V13B23-285_B1,12
GATCTCGACGCTGTGG-1_V13B23-285_B1,11
GATCTGCTATCTAAGG-1_V13B23-285_B1,11
GATCTTCATTGTCCTC-1_V13B23-285_B1,8
GATCTTGGAGGGCATA-1_V13B23-285_B1,11
GATCTTTGCAGGGTAT-1_V13B23-285_B1,7
GATCTTTGCTCAAAGA-1_V13B23-285_B1,2
GATGACAAGTAGGGCA-1_V13B23-285_B1,1
GATGACGATGATCGCG-1_V13B23-285_B1,14
GATGCCAGCAGAAGGC-1_V13B23-285_B1,1
GATGCCTTCTGCGGCA-1_V13B23-285_B1,3
GATGCGAATGGTATTA-1_V13B23-285_B1,8
GATGCGTCCTGCATTC-1_V13B23-285_B1,5
GATGCTACAAGCGCCT-1_V13B23-285_B1,13
GATGCTGTATTTCATC-1_V13B23-285_B1,11
GATGGCGCACACATTA-1_V13B23-285_B1,5
GATGGTGCCCTAGGCA-1_V13B23-285_B1,9
GATGTAACGAACCACC-1_V13B23-285_B1,1
GATGTCGGTCAACTGC-1_V13B23-285_B1,9
GATGTTCAATCCACGA-1_V13B23-285_B1,5
GATGTTTGTGCGAGAT-1_V13B23-285_B1,5
GATTAACCGAAAGCCC-1_V13B23-285_B1,11
GATTACTGAATTTGGG-1_V13B23-285_B1,1
GATTCCCTTGTCGCAG-1_V13B23-285_B1,1
GATTCCGCGTTTCCGT-1_V13B23-285_B1,13
GATTCCTATACGGCGC-1_V13B23-285_B1,8
GATTCGACGGTTCACG-1_V13B23-285_B1,11
GATTTAGTGCGTACTG-1_V13B23-285_B1,12
GCAAACCCTACATTAT-1_V13B23-285_B1,11
GCAAACCTTGGCCATA-1_V13B23-285_B1,14
GCAAACGTCGCCAGGT-1_V13B23-285_B1,11
GCAAATATTACGCTTT-1_V13B23-285_B1,5
GCAACACACTAGAACT-1_V13B23-285_B1,14
GCAACAGCAGTATGCG-1_V13B23-285_B1,11
GCAACCACCAGACCGG-1_V13B23-285_B1,13
GCAACCACGGCCGCGT-1_V13B23-285_B1,7
GCAACGGCTAGTTATG-1_V13B23-285_B1,11
GCAAGAATTCCTTGGC-1_V13B23-285_B1,1
GCAAGATGTGTTCGCG-1_V13B23-285_B1,2
GCAAGTGCACAGAGAA-1_V13B23-285_B1,5
GCAATTAGTCGCACCG-1_V13B23-285_B1,14
GCACAAACGAGGCGTG-1_V13B23-285_B1,11
GCACACACTGGTAGCC-1_V13B23-285_B1,11
GCACACGCCCATGGTC-1_V13B23-285_B1,7
GCACGCCTACTTAGAT-1_V13B23-285_B1,10
GCACTAGTCGCGCTAT-1_V13B23-285_B1,9
GCAGAAGGTAATCTCC-1_V13B23-285_B1,11
GCAGACCCAGCACGTA-1_V13B23-285_B1,11
GCAGATCCATAAGACT-1_V13B23-285_B1,11
GCAGATCCTCGCAAAT-1_V13B23-285_B1,3
GCAGATTAGGGATATC-1_V13B23-285_B1,5
GCAGCACACAGCCCAG-1_V13B23-285_B1,5
GCAGCCTATATCACAT-1_V13B23-285_B1,11
GCAGCTATGGACAGGT-1_V13B23-285_B1,15
GCAGGAACTTAGATCT-1_V13B23-285_B1,1
GCAGGACTATAGAATA-1_V13B23-285_B1,5
GCAGGTAGAGTATGGT-1_V13B23-285_B1,2
GCAGTGCGGGCGGATG-1_V13B23-285_B1,6
GCAGTGTGGCTATAGG-1_V13B23-285_B1,11
GCAGTTCGATCCGAGC-1_V13B23-285_B1,11
GCATACGAGGTCTTTA-1_V13B23-285_B1,14
GCATAGAGCACTCAGG-1_V13B23-285_B1,5
GCATCCCTAACTTTGA-1_V13B23-285_B1,13
GCATCGGCCGTGTAGG-1_V13B23-285_B1,11
GCATGAGGGACGCGGC-1_V13B23-285_B1,14
GCATTCAAGGCAACGC-1_V13B23-285_B1,14
GCATTCGAAATGAACA-1_V13B23-285_B1,1
GCATTGTAATTCATAT-1_V13B23-285_B1,5
GCATTTCCAAGGCTCC-1_V13B23-285_B1,11
GCCAACCATTTCCGGA-1_V13B23-285_B1,3
GCCAAGAATACTTCTG-1_V13B23-285_B1,14
GCCAATAGGGCATCTC-1_V13B23-285_B1,3
GCCACAATTTAAGGAC-1_V13B23-285_B1,1
GCCACTCAGAGCGCGA-1_V13B23-285_B1,11
GCCACTCCTTACGGTA-1_V13B23-285_B1,11
GCCAGGAGTAACCGAT-1_V13B23-285_B1,15
GCCAGGCGTTCGCATG-1_V13B23-285_B1,9
GCCATATTGCACACAG-1_V13B23-285_B1,12
GCCATCGAGCTGCGTG-1_V13B23-285_B1,5
GCCATCGATGCTGCAT-1_V13B23-285_B1,8
GCCATTAGCCTCAAAC-1_V13B23-285_B1,14
GCCCAGATGCTGGAGA-1_V13B23-285_B1,11
GCCCAGTTGGTATGCC-1_V13B23-285_B1,12
GCCCGACTTCTTCCCG-1_V13B23-285_B1,10
GCCCGATCTGTGGTCG-1_V13B23-285_B1,1
GCCCGCGCGTAAACGG-1_V13B23-285_B1,1
GCCCGCGCGTTTGACA-1_V13B23-285_B1,5
GCCCGTAATACCTTCT-1_V13B23-285_B1,14
GCCCTAGCCGTCGCGA-1_V13B23-285_B1,5
GCCGAAATTCCTACGT-1_V13B23-285_B1,5
GCCGATTGGCCAAGCT-1_V13B23-285_B1,5
GCCGCACTCCGTTTCA-1_V13B23-285_B1,6
GCCGCATTAGTCCGGC-1_V13B23-285_B1,10
GCCGCTTGTGAGAAAC-1_V13B23-285_B1,5
GCCGGGTTAGGGTCGC-1_V13B23-285_B1,5
GCCGTGGAAGAAATGT-1_V13B23-285_B1,11
GCCTAGCGATCTGACC-1_V13B23-285_B1,5
GCCTATAGTGTCAGGG-1_V13B23-285_B1,14
GCCTATCAGGTAAGAT-1_V13B23-285_B1,11
GCCTATGCTGGGCCTT-1_V13B23-285_B1,14
GCCTATTCCGATATAG-1_V13B23-285_B1,5
GCCTCATCTGGAAATA-1_V13B23-285_B1,11
GCCTCCGACAATTCAC-1_V13B23-285_B1,11
GCCTCTATACATAGCA-1_V13B23-285_B1,11
GCCTTCAGCCCTACCG-1_V13B23-285_B1,13
GCCTTGTATATGCAGT-1_V13B23-285_B1,1
GCGAAACGATCGGGAG-1_V13B23-285_B1,11
GCGAAACTTAACTGGA-1_V13B23-285_B1,11
GCGAAGCCATACCCGT-1_V13B23-285_B1,5
GCGACATGTAAACATC-1_V13B23-285_B1,11
GCGACCCAACCATCTG-1_V13B23-285_B1,10
GCGACGATAGTTGTAC-1_V13B23-285_B1,1
GCGAGAAACGGGAGTT-1_V13B23-285_B1,5
GCGAGAGGCCATGTAA-1_V13B23-285_B1,15
GCGAGAGTTGCGTCCA-1_V13B23-285_B1,10
GCGAGCGCATGCTCCC-1_V13B23-285_B1,11
GCGAGGCCCGAGCAGA-1_V13B23-285_B1,5
GCGAGTTCTGCAAAGA-1_V13B23-285_B1,5
GCGATTCTGGAAGCAG-1_V13B23-285_B1,9
GCGATTGTTAACGTTA-1_V13B23-285_B1,11
GCGCAAATATATTCAA-1_V13B23-285_B1,1
GCGCAAGAGCGCGCTG-1_V13B23-285_B1,11
GCGCATCCAGTCAGCA-1_V13B23-285_B1,12
GCGCCGTTCCACGATA-1_V13B23-285_B1,5
GCGCCTCCCACTCCGA-1_V13B23-285_B1,11
GCGCGTCATTGGTACA-1_V13B23-285_B1,11
GCGCTAATTGAATAGA-1_V13B23-285_B1,11
GCGCTATGCCGAGGCA-1_V13B23-285_B1,5
GCGCTCGATCACCTGT-1_V13B23-285_B1,11
GCGCTGATCCAGACTC-1_V13B23-285_B1,2
GCGCTGCTTTGCATTT-1_V13B23-285_B1,14
GCGCTTAAATAATTGG-1_V13B23-285_B1,11
GCGGACCGCGTTGTGG-1_V13B23-285_B1,10
GCGGAGAAACTTCGCA-1_V13B23-285_B1,8
GCGGAGAGGGAGAACG-1_V13B23-285_B1,11
GCGGCAAAGTATTGCC-1_V13B23-285_B1,1
GCGGCTCTGACGTACC-1_V13B23-285_B1,5
GCGGGAACCAGGCCCT-1_V13B23-285_B1,5
GCGGGCATTACGATGC-1_V13B23-285_B1,7
GCGGGCGAGCCTTACC-1_V13B23-285_B1,5
GCGGTCCCGGTGAAGG-1_V13B23-285_B1,7
GCGGTGAACTGCGCTC-1_V13B23-285_B1,5
GCGGTTCCCTATCATG-1_V13B23-285_B1,1
GCGTAAATGGCCATAA-1_V13B23-285_B1,11
GCGTCGAAATGTCGGT-1_V13B23-285_B1,13
GCGTCGCCAGGGTGAT-1_V13B23-285_B1,5
GCGTCTAACCTCCTAA-1_V13B23-285_B1,14
GCGTCTCTGCATTGGG-1_V13B23-285_B1,5
GCGTGGTACTGGGTTA-1_V13B23-285_B1,11
GCGTTATATTTGGAAC-1_V13B23-285_B1,8
GCGTTCGGAGACCGGG-1_V13B23-285_B1,14
GCGTTCTGACTAAGCG-1_V13B23-285_B1,11
GCTAAACCTGAGGTGA-1_V13B23-285_B1,8
GCTAACTGAAGTCTGA-1_V13B23-285_B1,11
GCTAAGTAAAGGCGAT-1_V13B23-285_B1,1
GCTAAGTAGTTTCTCT-1_V13B23-285_B1,4
GCTAATACCGAATGCC-1_V13B23-285_B1,5
GCTACAATCGAGGATA-1_V13B23-285_B1,11
GCTACAGTACGGACCG-1_V13B23-285_B1,10
GCTACGACTTATTGGG-1_V13B23-285_B1,5
GCTACTATAGTAGAGT-1_V13B23-285_B1,11
GCTAGACCGTCTACTG-1_V13B23-285_B1,11
GCTAGAGTAGAGATGT-1_V13B23-285_B1,11
GCTAGCACCTGGGCCA-1_V13B23-285_B1,11
GCTAGCAGGGAGTGGG-1_V13B23-285_B1,14
GCTAGCTTGAATAGCT-1_V13B23-285_B1,5
GCTAGGCACCACGGAG-1_V13B23-285_B1,11
GCTAGTAGAGCTTGTA-1_V13B23-285_B1,5
GCTAGTTTCATTGAGG-1_V13B23-285_B1,5
GCTATACGTCTCGGAC-1_V13B23-285_B1,11
GCTATCATACTCATGG-1_V13B23-285_B1,11
GCTATCGCGGCGCAAC-1_V13B23-285_B1,5
GCTCAATCCGTTTATT-1_V13B23-285_B1,3
GCTCAATGTAATACCG-1_V13B23-285_B1,8
GCTCATTACTGCATGT-1_V13B23-285_B1,13
GCTCCATGAGTGCAGA-1_V13B23-285_B1,11
GCTCCCAGTCGGTCCA-1_V13B23-285_B1,11
GCTCCGCTCGCTTCAG-1_V13B23-285_B1,11
GCTCCTGACATACTGG-1_V13B23-285_B1,8
GCTCGCGGTTCCGCTC-1_V13B23-285_B1,8
GCTCGCTCATGTCCAA-1_V13B23-285_B1,11
GCTCGGAATTTAAAGC-1_V13B23-285_B1,13
GCTCTAAACCCTGACG-1_V13B23-285_B1,5
GCTCTATGTTACGTGC-1_V13B23-285_B1,5
GCTCTCGGGTACCGAA-1_V13B23-285_B1,10
GCTGAACTCTCCAGGG-1_V13B23-285_B1,3
GCTGAATCTTCCAATC-1_V13B23-285_B1,3
GCTGAGCAACGGTTCT-1_V13B23-285_B1,8
GCTGAGGCGTGAGTAT-1_V13B23-285_B1,5
GCTGCACGGTTTCTTA-1_V13B23-285_B1,11
GCTGCTAAGTAGTCGA-1_V13B23-285_B1,10
GCTGCTACTGCGTAGC-1_V13B23-285_B1,11
GCTGCTCTCCGGACAC-1_V13B23-285_B1,5
GCTGGACCCAAAGTGG-1_V13B23-285_B1,14
GCTGGCATATTCACCT-1_V13B23-285_B1,5
GCTGGCGGCGCATGCT-1_V13B23-285_B1,1
GCTGGTTTAGGCCATA-1_V13B23-285_B1,3
GCTGTATTACTGGCCC-1_V13B23-285_B1,1
GCTGTTGCTACCGAAC-1_V13B23-285_B1,11
GCTTAATGTAACTAAC-1_V13B23-285_B1,11
GCTTACGTAGTTAGTA-1_V13B23-285_B1,11
GCTTAGGGAAGCGGTA-1_V13B23-285_B1,2
GCTTATGAAGCAGGAA-1_V13B23-285_B1,11
GCTTCCGTCCCTAGAC-1_V13B23-285_B1,1
GCTTGATGATAATCAG-1_V13B23-285_B1,5
GCTTGCAGCACAATTG-1_V13B23-285_B1,14
GCTTGGATCGATTAGG-1_V13B23-285_B1,7
GCTTTCAGAGGAGGTG-1_V13B23-285_B1,11
GGAAACCTTGTTGAAT-1_V13B23-285_B1,14
GGAAACTAAATGGGCC-1_V13B23-285_B1,11
GGAAAGTGCCCATGCC-1_V13B23-285_B1,5
GGAACCCGAACAAGAA-1_V13B23-285_B1,8
GGAACCGTGTAAATTG-1_V13B23-285_B1,5
GGAACCTTGACTCTGC-1_V13B23-285_B1,7
GGAACGGCCTGCAGCC-1_V13B23-285_B1,1
GGAACTTTGGCGATTA-1_V13B23-285_B1,11
GGAAGCTCGCTTACAG-1_V13B23-285_B1,9
GGAATGCGCTAGCGTG-1_V13B23-285_B1,5
GGACAAGTTGCAGTGA-1_V13B23-285_B1,5
GGACACAAGTTTACAC-1_V13B23-285_B1,11
GGACCAACAGGATAAC-1_V13B23-285_B1,11
GGACCTACGGTAACGT-1_V13B23-285_B1,14
GGACCTCTAGGCCGCC-1_V13B23-285_B1,8
GGACGTCCATAGTTGG-1_V13B23-285_B1,15
GGACTCACAAATTAGG-1_V13B23-285_B1,11
GGACTCGAAGCTTTCA-1_V13B23-285_B1,11
GGACTCTTCCGGTTGA-1_V13B23-285_B1,11
GGAGAAGTCATTGGCA-1_V13B23-285_B1,5
GGAGACCAATGTGCTT-1_V13B23-285_B1,14
GGAGACCATCTACATA-1_V13B23-285_B1,1
GGAGACGACACCTTTG-1_V13B23-285_B1,5
GGAGCAACATTTCAAG-1_V13B23-285_B1,11
GGAGCACCAAGAACTA-1_V13B23-285_B1,10
GGAGGCCGAAGTCGTC-1_V13B23-285_B1,11
GGAGGGCTTGGTTGGC-1_V13B23-285_B1,6
GGAGGGTCAAGTAAGA-1_V13B23-285_B1,11
GGAGTGCCGCCCTGGA-1_V13B23-285_B1,5
GGATCATCCCGTACGC-1_V13B23-285_B1,14
GGATCCGGAATATACT-1_V13B23-285_B1,2
GGATCTTGACTCAACC-1_V13B23-285_B1,1
GGATGAAGATCGCTGA-1_V13B23-285_B1,11
GGATGACGCGAGTTTA-1_V13B23-285_B1,5
GGATGCTGGCGTTCCT-1_V13B23-285_B1,10
GGATGTCCTTACCGCA-1_V13B23-285_B1,11
GGATTAAGCTAAGGTC-1_V13B23-285_B1,2
GGATTCAGTACGGTGG-1_V13B23-285_B1,5
GGATTCCGCTATACCC-1_V13B23-285_B1,13
GGATTGCTGTGACTCC-1_V13B23-285_B1,11
GGATTTCACTTCTATA-1_V13B23-285_B1,10
GGCAAAGGCGCCAATA-1_V13B23-285_B1,5
GGCAAATTACTTTACT-1_V13B23-285_B1,5
GGCAAGCCAGGGATAG-1_V13B23-285_B1,7
GGCAAGGCGAAATAGC-1_V13B23-285_B1,11
GGCAATAGTCAATGAG-1_V13B23-285_B1,6
GGCACTCAGCCGACCC-1_V13B23-285_B1,11
GGCACTCCACTGGGCA-1_V13B23-285_B1,10
GGCAGCAAACCTATGC-1_V13B23-285_B1,11
GGCAGCGGTAATCCTA-1_V13B23-285_B1,14
GGCATACAGGTAGCGG-1_V13B23-285_B1,5
GGCATATCGGTTCTGC-1_V13B23-285_B1,13
GGCCCAGTTATCAGCA-1_V13B23-285_B1,9
GGCCCGGAGCATGTCT-1_V13B23-285_B1,11
GGCCCGTATACCATGC-1_V13B23-285_B1,14
GGCCCTCACCCACTTA-1_V13B23-285_B1,7
GGCCGTTTGGGTTTCA-1_V13B23-285_B1,1
GGCCTGCTTCTCCCGA-1_V13B23-285_B1,11
GGCCTTTGCAACTGGC-1_V13B23-285_B1,14
GGCGAAATCTAACTTG-1_V13B23-285_B1,11
GGCGAACCGTTCTGAT-1_V13B23-285_B1,14
GGCGAGCGAAACGGCA-1_V13B23-285_B1,3
GGCGCAGGACATCTTC-1_V13B23-285_B1,5
GGCGCATGAATTGATG-1_V13B23-285_B1,5
GGCGCGGAGATCTTTC-1_V13B23-285_B1,11
GGCGCGTTCGAGTTTA-1_V13B23-285_B1,5
GGCGCTCCTCATCAAT-1_V13B23-285_B1,5
GGCGGAGTAATATTAG-1_V13B23-285_B1,5
GGCGGGCTCTAAGAGT-1_V13B23-285_B1,11
GGCGGTAGGATCATTG-1_V13B23-285_B1,6
GGCGGTTTGCCGGTGC-1_V13B23-285_B1,7
GGCGTCCTATCCGCTG-1_V13B23-285_B1,5
GGCTAAAGGGCGGGTC-1_V13B23-285_B1,5
GGCTAATGATTGAAAT-1_V13B23-285_B1,9
GGCTATTAAGTTGTAT-1_V13B23-285_B1,5
GGCTCCTCCACCTGTT-1_V13B23-285_B1,7
GGCTCGCGTTGAGGTA-1_V13B23-285_B1,14
GGCTCGTGCCACCAGC-1_V13B23-285_B1,5
GGCTCTGCTCCAACGC-1_V13B23-285_B1,7
GGCTGAAATAGCAAAG-1_V13B23-285_B1,11
GGCTGAGCATCGTAAG-1_V13B23-285_B1,15
GGCTGGCTAGCTTAAA-1_V13B23-285_B1,9
GGCTTTCAATAAGGGT-1_V13B23-285_B1,1
GGGAACGGGAGGTTAG-1_V13B23-285_B1,5
GGGAATGAGCCCTCAC-1_V13B23-285_B1,14
GGGACAGAGTTACTCC-1_V13B23-285_B1,8
GGGACCCGTATATCTT-1_V13B23-285_B1,1
GGGACTGCATAGATAG-1_V13B23-285_B1,5
GGGAGAACTCACAGTA-1_V13B23-285_B1,5
GGGAGGATGCCCGAAA-1_V13B23-285_B1,5
GGGAGTTAATGAGGCG-1_V13B23-285_B1,2
GGGATACGGTAATAAT-1_V13B23-285_B1,10
GGGATCCCAATACAAA-1_V13B23-285_B1,14
GGGATGGTCGTAACCG-1_V13B23-285_B1,3
GGGATTTACCGCACCT-1_V13B23-285_B1,11
GGGCAACCGCACGTGC-1_V13B23-285_B1,1
GGGCAGAGCAATCGTT-1_V13B23-285_B1,10
GGGCCCGTCTTAAACA-1_V13B23-285_B1,5
GGGCCCTACGAAAGGG-1_V13B23-285_B1,14
GGGCCGGCCGAAGTAC-1_V13B23-285_B1,11
GGGCCTAAATGGGCTA-1_V13B23-285_B1,14
GGGCCTATTTAAGTAT-1_V13B23-285_B1,13
GGGCGAATTTCTCCAC-1_V13B23-285_B1,10
GGGCGATATGTGTGAA-1_V13B23-285_B1,5
GGGCGCAGCGTTACTC-1_V13B23-285_B1,1
GGGCGGCAAATGAATT-1_V13B23-285_B1,1
GGGCGGGTTCCCTACG-1_V13B23-285_B1,1
GGGCGGTCCTATTGTC-1_V13B23-285_B1,5
GGGCGTACATTTATAT-1_V13B23-285_B1,5
GGGCGTCACCACGTAA-1_V13B23-285_B1,3
GGGCGTCCACTGGCTC-1_V13B23-285_B1,13
GGGCGTGGTTTCCCAG-1_V13B23-285_B1,11
GGGCTACTATTTCGTG-1_V13B23-285_B1,5
GGGCTATGATCGATGG-1_V13B23-285_B1,1
GGGCTCATCGAACCCA-1_V13B23-285_B1,14
GGGCTGCCTAGGGCGA-1_V13B23-285_B1,11
GGGCTGGTTAGTCGCG-1_V13B23-285_B1,10
GGGTACCCACGGTCCT-1_V13B23-285_B1,5
GGGTACTTCATGAACT-1_V13B23-285_B1,5
GGGTATGTATGCACTT-1_V13B23-285_B1,10
GGGTATTCTAGCAAAC-1_V13B23-285_B1,10
GGGTCACCGTGACGGT-1_V13B23-285_B1,5
GGGTCATGCGTACCAT-1_V13B23-285_B1,1
GGGTCGTGGCAAGTGT-1_V13B23-285_B1,1
GGGTGACACCTTAACT-1_V13B23-285_B1,10
GGGTGCATATGAAAGC-1_V13B23-285_B1,14
GGGTGTTTCAGCTATG-1_V13B23-285_B1,13
GGGTTAACATTTGAGT-1_V13B23-285_B1,5
GGGTTCAGACGAACAA-1_V13B23-285_B1,5
GGGTTTAGGATAGGAT-1_V13B23-285_B1,11
GGTAAATGTGCGTTAC-1_V13B23-285_B1,9
GGTAACCGGGAGGATA-1_V13B23-285_B1,8
GGTACAAACATGCTAT-1_V13B23-285_B1,5
GGTACACCAGATTTAT-1_V13B23-285_B1,14
GGTACATCTGGGACGA-1_V13B23-285_B1,14
GGTACCATTAAGACGG-1_V13B23-285_B1,14
GGTACTAAGTGCTTTG-1_V13B23-285_B1,11
GGTAGAAGACCGCCTG-1_V13B23-285_B1,11
GGTAGACCGTTGGGCG-1_V13B23-285_B1,5
GGTAGTGCTCGCACCA-1_V13B23-285_B1,2
GGTATAGTGACACATA-1_V13B23-285_B1,11
GGTATTGCCGAGTTTA-1_V13B23-285_B1,5
GGTCAAGACTACTTCG-1_V13B23-285_B1,11
GGTCAGTGGGTCCCAC-1_V13B23-285_B1,10
GGTCATTGTAGTCATA-1_V13B23-285_B1,12
GGTCCTTCATACGACT-1_V13B23-285_B1,8
GGTCGGATAAACGGCG-1_V13B23-285_B1,8
GGTCGGCCAGGAGCTT-1_V13B23-285_B1,11
GGTCGGTAATTAGACA-1_V13B23-285_B1,5
GGTCGGTCGTCCACAG-1_V13B23-285_B1,1
GGTCGTAAGCTCGCAC-1_V13B23-285_B1,1
GGTCTCCAAGTAGTGC-1_V13B23-285_B1,11
GGTCTCTGAATGGACT-1_V13B23-285_B1,3
GGTCTGAGAATCTGGA-1_V13B23-285_B1,1
GGTGAAGTACAGGGAT-1_V13B23-285_B1,1
GGTGAGATGCAGATAA-1_V13B23-285_B1,5
GGTGATAAGGAGCAGT-1_V13B23-285_B1,11
GGTGCAGAGCCTATCG-1_V13B23-285_B1,7
GGTGCGGATAAGTGGC-1_V13B23-285_B1,13
GGTGCTGATCACAAAG-1_V13B23-285_B1,3
GGTGCTGGTACACATT-1_V13B23-285_B1,1
GGTGGACTGCTCTGGC-1_V13B23-285_B1,11
GGTGGAGGTTGATACG-1_V13B23-285_B1,6
GGTGTTGGGCGTCTTA-1_V13B23-285_B1,11
GGTTACCACCCTCGGG-1_V13B23-285_B1,7
GGTTACCCGACACTTT-1_V13B23-285_B1,7
GGTTAGCTATATGTCT-1_V13B23-285_B1,11
GGTTAGGCTTGGAGAA-1_V13B23-285_B1,5
GGTTAGTTACGGCGCC-1_V13B23-285_B1,7
GGTTCGGATTATACTA-1_V13B23-285_B1,12
GGTTCTACTCGTCTGA-1_V13B23-285_B1,11
GGTTGTGCTCTTGTCC-1_V13B23-285_B1,8
GGTTGTGTAGCCTGGC-1_V13B23-285_B1,3
GGTTTAATTGAGCAGG-1_V13B23-285_B1,14
GGTTTACAATCTCAAT-1_V13B23-285_B1,7
GGTTTAGCCTTTCTTG-1_V13B23-285_B1,11
GGTTTCAATCGGTCAG-1_V13B23-285_B1,11
GGTTTGACAAGAAGCT-1_V13B23-285_B1,15
GGTTTGCGAACACGTA-1_V13B23-285_B1,12
GGTTTGTGACCTGAGG-1_V13B23-285_B1,11
GTAACATCTAAGATAA-1_V13B23-285_B1,11
GTAAGCGGGCAGTCAG-1_V13B23-285_B1,11
GTAAGGATTTGTCGGA-1_V13B23-285_B1,9
GTAAGTAACAGTCTGG-1_V13B23-285_B1,11
GTAAGTAGGGTATACC-1_V13B23-285_B1,10
GTAAGTCCACACTCTA-1_V13B23-285_B1,6
GTAATAAAGGGCTCCC-1_V13B23-285_B1,3
GTAATCTGATTCTTCG-1_V13B23-285_B1,5
GTACACTTACCTGAAG-1_V13B23-285_B1,11
GTACAGAGGCAAGGGT-1_V13B23-285_B1,11
GTACGACGGCGCTGCG-1_V13B23-285_B1,13
GTACGAGATTGCGACA-1_V13B23-285_B1,15
GTACGCTTCATTGCAC-1_V13B23-285_B1,11
GTACGTCACGTATTAA-1_V13B23-285_B1,12
GTACGTTTGCCCGTCA-1_V13B23-285_B1,11
GTACTAAGATTTGGAG-1_V13B23-285_B1,5
GTACTCCCTTATCGCT-1_V13B23-285_B1,5
GTACTCCTGGGTATGC-1_V13B23-285_B1,10
GTACTGGAGTTAGACC-1_V13B23-285_B1,5
GTACTTGGGCACTTCT-1_V13B23-285_B1,5
GTAGAAACGGGTGGAG-1_V13B23-285_B1,7
GTAGACGTCGTTACAT-1_V13B23-285_B1,9
GTAGAGGGAGACAAGT-1_V13B23-285_B1,1
GTAGCCAAACATGGGA-1_V13B23-285_B1,11
GTAGCGGCTATACACT-1_V13B23-285_B1,11
GTAGCTTCCTCTTGTT-1_V13B23-285_B1,14
GTAGGTGATCCGTGTA-1_V13B23-285_B1,13
GTAGTCGCGGGAATCA-1_V13B23-285_B1,11
GTATAATCTCCCGGAT-1_V13B23-285_B1,3
GTATAGGACTCAGTAG-1_V13B23-285_B1,12
GTATCAAACGTTAGCT-1_V13B23-285_B1,11
GTATCAGCTTGGGTTC-1_V13B23-285_B1,5
GTATCTCAGTCTTGAC-1_V13B23-285_B1,3
GTATCTTTCATAACCA-1_V13B23-285_B1,4
GTATGAAATTTCACTC-1_V13B23-285_B1,1
GTATGTGGGTCTAGTT-1_V13B23-285_B1,11
GTATTAAGGCGTCTAA-1_V13B23-285_B1,5
GTATTCTGAGAAACGA-1_V13B23-285_B1,8
GTATTTAATGGCATAA-1_V13B23-285_B1,11
GTCAAAGAAGTGGTGT-1_V13B23-285_B1,1
GTCAAAGTTTACATAG-1_V13B23-285_B1,5
GTCAAGCGGACTCGGG-1_V13B23-285_B1,11
GTCAATGCTATAATTT-1_V13B23-285_B1,14
GTCACTCTCCAAATCT-1_V13B23-285_B1,5
GTCAGAATAGTCTATG-1_V13B23-285_B1,5
GTCAGTTGTGCTCGTT-1_V13B23-285_B1,9
GTCAGTTTGGTAGTCG-1_V13B23-285_B1,1
GTCATCTCCTACAGCT-1_V13B23-285_B1,10
GTCATGCACCTCCGTT-1_V13B23-285_B1,5
GTCATGGACATGACTA-1_V13B23-285_B1,1
GTCATTAGAGCGAACG-1_V13B23-285_B1,11
GTCATTGCATTGACCC-1_V13B23-285_B1,1
GTCCATTACTGCTACG-1_V13B23-285_B1,11
GTCCCAACGTAAAGTA-1_V13B23-285_B1,2
GTCCCGCGACGTTATG-1_V13B23-285_B1,11
GTCCGAGAGCAATCAT-1_V13B23-285_B1,7
GTCCGGACCTGAAATT-1_V13B23-285_B1,11
GTCCGGCTGAATTGCG-1_V13B23-285_B1,5
GTCCTACAGGCGGCTC-1_V13B23-285_B1,1
GTCCTACGAATAGTCT-1_V13B23-285_B1,11
GTCCTACTCTACGGGC-1_V13B23-285_B1,12
GTCCTATTGTTGTGGT-1_V13B23-285_B1,5
GTCCTTCTAGTGGGTT-1_V13B23-285_B1,9
GTCGATAGGTGACTTT-1_V13B23-285_B1,11
GTCGCCGTTGTGTGTT-1_V13B23-285_B1,8
GTCGCGTAACCCGTTG-1_V13B23-285_B1,11
GTCGGAAGGATACCAG-1_V13B23-285_B1,14
GTCGGATATCTCAGAC-1_V13B23-285_B1,5
GTCGGATGTAGCGCGC-1_V13B23-285_B1,13
GTCGGGAAGCAGAAAC-1_V13B23-285_B1,7
GTCGTACCATCTCGGG-1_V13B23-285_B1,5
GTCGTATTGGCGTACA-1_V13B23-285_B1,5
GTCGTCTGGTTGGCTA-1_V13B23-285_B1,14
GTCGTGTCTGGTCATC-1_V13B23-285_B1,14
GTCGTTATTCGCTTAT-1_V13B23-285_B1,11
GTCTACTCAATTACAA-1_V13B23-285_B1,14
GTCTATCTGAGTTTCT-1_V13B23-285_B1,5
GTCTATTGGTTCCGGT-1_V13B23-285_B1,11
GTCTCAAGGCCCGGCT-1_V13B23-285_B1,7
GTCTCCTGCCAGTATG-1_V13B23-285_B1,3
GTCTCGACTAAGTTTG-1_V13B23-285_B1,14
GTCTCGATCTGCTTTC-1_V13B23-285_B1,13
GTCTGGGCGGTCGAGA-1_V13B23-285_B1,8
GTCTTAGTACAGCCGG-1_V13B23-285_B1,6
GTCTTGAGGAGCAGTG-1_V13B23-285_B1,11
GTCTTGTAGCTATTCA-1_V13B23-285_B1,11
GTGAAACGGCGCCACC-1_V13B23-285_B1,12
GTGAACTCCCATTCGA-1_V13B23-285_B1,14
GTGAAGATTTCAAGTG-1_V13B23-285_B1,12
GTGAAGCCGTATAGTC-1_V13B23-285_B1,3
GTGAAGTCACGACTCG-1_V13B23-285_B1,1
GTGACCGCACACTACG-1_V13B23-285_B1,11
GTGACCTAAAGAATAA-1_V13B23-285_B1,14
GTGACGAGGGTGACCC-1_V13B23-285_B1,8
GTGACTTCAGTAGTGC-1_V13B23-285_B1,1
GTGAGCGTGCTGCACT-1_V13B23-285_B1,5
GTGAGGACACTTAAGG-1_V13B23-285_B1,11
GTGAGGAGCGGTTGAG-1_V13B23-285_B1,13
GTGAGTCTAAGACGGA-1_V13B23-285_B1,8
GTGAGTGGTACAACGC-1_V13B23-285_B1,5
GTGATCACTAACGCCT-1_V13B23-285_B1,11
GTGATCATAGATCTGC-1_V13B23-285_B1,5
GTGATCCTTGTCATGA-1_V13B23-285_B1,11
GTGATGCACAACATCT-1_V13B23-285_B1,14
GTGATTCGCCGCTCAA-1_V13B23-285_B1,4
GTGCACGAAAGTGACT-1_V13B23-285_B1,13
GTGCAGCGTAGAGTAG-1_V13B23-285_B1,11
GTGCCATCACACGGTG-1_V13B23-285_B1,10
GTGCCCGTTCGGATTC-1_V13B23-285_B1,11
GTGCCGCTTCAAAGGT-1_V13B23-285_B1,1
GTGCCTAGCTATGCTT-1_V13B23-285_B1,8
GTGCCTCAGTGTACGG-1_V13B23-285_B1,15
GTGCGAAATCGAACAC-1_V13B23-285_B1,7
GTGCGACAGGGAGTGT-1_V13B23-285_B1,11
GTGCGGGTCTCCAAAT-1_V13B23-285_B1,5
GTGCGTGTATATGAGC-1_V13B23-285_B1,11
GTGCTCAAGTACTGTC-1_V13B23-285_B1,5
GTGCTGCAGATAAGGA-1_V13B23-285_B1,14
GTGCTTACATCAGCGC-1_V13B23-285_B1,11
GTGGAACCTACATGCG-1_V13B23-285_B1,6
GTGGACCAACCCGATT-1_V13B23-285_B1,5
GTGGACGCATTTGTCC-1_V13B23-285_B1,3
GTGGACGTGCTGAGAC-1_V13B23-285_B1,5
GTGGAGCATGTCGGCC-1_V13B23-285_B1,11
GTGGAGCGTTTACCGA-1_V13B23-285_B1,3
GTGGAGTCGGCGGTTG-1_V13B23-285_B1,7
GTGGCAAACAGCGGCA-1_V13B23-285_B1,5
GTGGCGGTCCCAGCGT-1_V13B23-285_B1,5
GTGGGAAGACTGAATC-1_V13B23-285_B1,14
GTGGGCTTAGACACAC-1_V13B23-285_B1,5
GTGGTATAGTCTGCCG-1_V13B23-285_B1,1
GTGGTGATGGTTTGTG-1_V13B23-285_B1,11
GTGGTGGCCAAGTGAA-1_V13B23-285_B1,11
GTGGTTACTTCTTTCG-1_V13B23-285_B1,7
GTGGTTTCCGCCTTTC-1_V13B23-285_B1,1
GTGTACCTTGGCTACG-1_V13B23-285_B1,14
GTGTACGAACCGTTCC-1_V13B23-285_B1,11
GTGTATATCAGCGGGC-1_V13B23-285_B1,11
GTGTCGTATAGCGTTC-1_V13B23-285_B1,11
GTGTGAATAACTTAGG-1_V13B23-285_B1,5
GTGTTACTATGCGTCC-1_V13B23-285_B1,11
GTTAAAGTAGGACTGG-1_V13B23-285_B1,11
GTTAACATCACTTAAA-1_V13B23-285_B1,11
GTTAACTATGTTGTCA-1_V13B23-285_B1,11
GTTAAGGGTGCGATGT-1_V13B23-285_B1,1
GTTAAGTTAGAGTGGG-1_V13B23-285_B1,11
GTTAATGTCTATCTTA-1_V13B23-285_B1,8
GTTACAATTGGTGACG-1_V13B23-285_B1,5
GTTACCTACAACTTGC-1_V13B23-285_B1,5
GTTACTTTGGGCCTAG-1_V13B23-285_B1,10
GTTAGCCGTAAATCAA-1_V13B23-285_B1,14
GTTAGGCTACCCGTTT-1_V13B23-285_B1,7
GTTATAATACGGTGAA-1_V13B23-285_B1,11
GTTATATCAGGAGCCA-1_V13B23-285_B1,7
GTTATATTATCTCCCT-1_V13B23-285_B1,3
GTTATTAACGTGGGAG-1_V13B23-285_B1,1
GTTCACAGGAGTCTAG-1_V13B23-285_B1,5
GTTCATCGTTTGGCTG-1_V13B23-285_B1,3
GTTCCAGTCTGACCAT-1_V13B23-285_B1,12
GTTCCCGTAAACATAT-1_V13B23-285_B1,11
GTTCGCCATAAGTGCC-1_V13B23-285_B1,5
GTTCGCTGAGACGTCT-1_V13B23-285_B1,11
GTTCGGATCGGGAACA-1_V13B23-285_B1,11
GTTCGGGCGTACCATT-1_V13B23-285_B1,3
GTTCGTCTAAAGAACT-1_V13B23-285_B1,11
GTTCGTCTGGGTCCCT-1_V13B23-285_B1,14
GTTCTTCCCTCGATGT-1_V13B23-285_B1,13
GTTGAACCGGTTCCAT-1_V13B23-285_B1,10
GTTGAGTCCCGCCGGT-1_V13B23-285_B1,11
GTTGCACGGAGTTTCG-1_V13B23-285_B1,5
GTTGCAGTCGACAACA-1_V13B23-285_B1,11
GTTGCGCTAACATTAC-1_V13B23-285_B1,11
GTTGCGGACGGTCAGG-1_V13B23-285_B1,11
GTTGGACCGCATCAGG-1_V13B23-285_B1,14
GTTGGATTCAGTGGCT-1_V13B23-285_B1,14
GTTGGATTGAGAACAC-1_V13B23-285_B1,10
GTTGGATTTGCGTTGG-1_V13B23-285_B1,5
GTTGGTCATGCTATCC-1_V13B23-285_B1,10
GTTGTCGTGTTAGTTG-1_V13B23-285_B1,9
GTTGTTACATTGCGCT-1_V13B23-285_B1,2
GTTTACGTTCCATCTG-1_V13B23-285_B1,11
GTTTATGGGATTTAGA-1_V13B23-285_B1,8
GTTTCAAACGAGTTGT-1_V13B23-285_B1,11
GTTTCATATCGTCGCT-1_V13B23-285_B1,5
GTTTCCTGGAGGGTGA-1_V13B23-285_B1,5
GTTTCTGCAGTCTCCC-1_V13B23-285_B1,11
GTTTGACCAAATCCTA-1_V13B23-285_B1,4
GTTTGGCCCAAGTTAT-1_V13B23-285_B1,11
GTTTGGCCGCTCAGCG-1_V13B23-285_B1,12
GTTTGGGCTTGTGAGC-1_V13B23-285_B1,11
GTTTGGTAGGGTCAAC-1_V13B23-285_B1,1
TAAACCCAGGAGGGCA-1_V13B23-285_B1,5
TAAACGTCGTCAATGA-1_V13B23-285_B1,7
TAAAGACAACCCTTTA-1_V13B23-285_B1,11
TAAAGCGTTAGGAGAA-1_V13B23-285_B1,7
TAAAGCTGCAATAGGG-1_V13B23-285_B1,12
TAAATCTTTACACCTC-1_V13B23-285_B1,14
TAAATGAATCCGTTTC-1_V13B23-285_B1,12
TAAATGCCGTCTCATG-1_V13B23-285_B1,15
TAACAAAGGGAGAAGC-1_V13B23-285_B1,5
TAACAATATTTGTTGC-1_V13B23-285_B1,12
TAACATACAATGTGGG-1_V13B23-285_B1,11
TAACATACACGCGATC-1_V13B23-285_B1,4
TAACCTACCGTCCGAG-1_V13B23-285_B1,11
TAACCTAGGGAGTCCA-1_V13B23-285_B1,11
TAACGCTTTGAGAGCG-1_V13B23-285_B1,10
TAACTATCGAAGGTCC-1_V13B23-285_B1,3
TAACTATTACGCCAAA-1_V13B23-285_B1,14
TAACTCATCCGCGCGG-1_V13B23-285_B1,10
TAACTCCATGGAGGCT-1_V13B23-285_B1,5
TAAGCAGGCGACACGC-1_V13B23-285_B1,5
TAAGCCCTTACGACCA-1_V13B23-285_B1,14
TAAGGAACTTGTGGGA-1_V13B23-285_B1,13
TAAGGCAACATAAGAT-1_V13B23-285_B1,5
TAAGGCATAACATCAA-1_V13B23-285_B1,1
TAAGGCCCGTCACCCT-1_V13B23-285_B1,15
TAAGGCTGAATCCCTC-1_V13B23-285_B1,11
TAAGGGCCTGTCCGAT-1_V13B23-285_B1,11
TAAGGGCTGGGAGAGG-1_V13B23-285_B1,3
TAAGTAACATCTTGAC-1_V13B23-285_B1,10
TAAGTCGCCGAGTATC-1_V13B23-285_B1,5
TAAGTTGCGACGTAGG-1_V13B23-285_B1,11
TAATAAACAAGGAGAT-1_V13B23-285_B1,2
TAATACACAGTAGTAT-1_V13B23-285_B1,13
TAATAGAACAGAGTTA-1_V13B23-285_B1,1
TAATAGCTAAATGATG-1_V13B23-285_B1,14
TAATAGGTCACCAGAA-1_V13B23-285_B1,1
TAATAGTGACGACCAG-1_V13B23-285_B1,10
TAATATTGAAATTCGC-1_V13B23-285_B1,10
TAATCAACCAAATGGG-1_V13B23-285_B1,11
TAATCGATCCGTACGT-1_V13B23-285_B1,3
TAATGAAAGACCCTTG-1_V13B23-285_B1,1
TAATTACGTCAGTAGA-1_V13B23-285_B1,11
TAATTAGGACATCCGT-1_V13B23-285_B1,11
TAATTGGAATCGGGAA-1_V13B23-285_B1,14
TACAACGCACAACTCA-1_V13B23-285_B1,5
TACAAGTCTCGTGCAT-1_V13B23-285_B1,8
TACACCGTCGTTAGTC-1_V13B23-285_B1,14
TACAGAAACGGTGGGC-1_V13B23-285_B1,11
TACATAGGCATACACC-1_V13B23-285_B1,5
TACATCCCTATCCCTG-1_V13B23-285_B1,14
TACATGCCGGAATTGT-1_V13B23-285_B1,11
TACATTTCTAACGTGC-1_V13B23-285_B1,7
TACCAAATAGCCCAGA-1_V13B23-285_B1,8
TACCAATAAAGTACCA-1_V13B23-285_B1,11
TACCAGAAGTAGGTTC-1_V13B23-285_B1,10
TACCAGCTAGGTTTAA-1_V13B23-285_B1,9
TACCATGTATTGATTT-1_V13B23-285_B1,11
TACCGCGGACTTGCAG-1_V13B23-285_B1,11
TACCGGCTCACTGCCC-1_V13B23-285_B1,4
TACCGGTCGTTTCCAT-1_V13B23-285_B1,1
TACCGTAGGTTAACTA-1_V13B23-285_B1,10
TACCGTGCCTCGGACC-1_V13B23-285_B1,11
TACCTACTCCCAGTAT-1_V13B23-285_B1,7
TACCTCACGCTTGTAC-1_V13B23-285_B1,9
TACCTCAGTTGTCTGT-1_V13B23-285_B1,7
TACCTGCTGCACTGTG-1_V13B23-285_B1,3
TACCTTAAGATTTCCC-1_V13B23-285_B1,10
TACGAACACGACTTCA-1_V13B23-285_B1,5
TACGACGCTTGCTGCG-1_V13B23-285_B1,1
TACGACTGCCTCTTAG-1_V13B23-285_B1,5
TACGAGAACTTCACGT-1_V13B23-285_B1,5
TACGATGTTGATCATC-1_V13B23-285_B1,5
TACGCAGTTCTTTCCT-1_V13B23-285_B1,5
TACGCCATATTCTAAT-1_V13B23-285_B1,5
TACGCCGAGGGTACCC-1_V13B23-285_B1,7
TACGCCGCCTCAGAAG-1_V13B23-285_B1,11
TACGCCTCCATTCCGA-1_V13B23-285_B1,8
TACGCTATAGAAACCT-1_V13B23-285_B1,11
TACGCTCGGTATTGGA-1_V13B23-285_B1,11
TACGGGATGCTAGCAG-1_V13B23-285_B1,13
TACGTACTAGTGCTGA-1_V13B23-285_B1,1
TACGTGCAAGGTTCCT-1_V13B23-285_B1,7
TACGTGCACTATGCTG-1_V13B23-285_B1,5
TACGTTTACCGGCAAT-1_V13B23-285_B1,5
TACTATGGTTCCTCAG-1_V13B23-285_B1,1
TACTCGGCACGCCGGG-1_V13B23-285_B1,14
TACTCTCCGAACAAAT-1_V13B23-285_B1,13
TACTCTTACTTTACTG-1_V13B23-285_B1,11
TACTCTTTCGTCTTCA-1_V13B23-285_B1,1
TACTGAACAGATTTAG-1_V13B23-285_B1,5
TACTGAGGGAAGAAAG-1_V13B23-285_B1,5
TACTGCAATCAATTAC-1_V13B23-285_B1,15
TACTGGACAGCTCGGC-1_V13B23-285_B1,5
TACTGTTTCTCTGGTA-1_V13B23-285_B1,11
TACTTGTTAGTAGTCC-1_V13B23-285_B1,11
TACTTTACTGAGCCGG-1_V13B23-285_B1,1
TACTTTCCGCACGCCA-1_V13B23-285_B1,8
TAGAAAGGTGGCGCTA-1_V13B23-285_B1,5
TAGAATAGCCGATGAA-1_V13B23-285_B1,11
TAGAATTAAGGGCAAC-1_V13B23-285_B1,9
TAGACGCCCGTACCGG-1_V13B23-285_B1,1
TAGACTACCTAGCGTT-1_V13B23-285_B1,11
TAGAGATCATGCAACT-1_V13B23-285_B1,8
TAGAGCTACGAAGAAC-1_V13B23-285_B1,9
TAGAGGTTCTACTTGT-1_V13B23-285_B1,11
TAGAGTCTAAGCGAAC-1_V13B23-285_B1,5
TAGATATGGACTGGAA-1_V13B23-285_B1,1
TAGATCCGAAGTCGCA-1_V13B23-285_B1,9
TAGATGGTTCCTTACT-1_V13B23-285_B1,11
TAGATTCCTGGTTATT-1_V13B23-285_B1,1
TAGCAACCTGTCACAA-1_V13B23-285_B1,1
TAGCCATTTCAAAGTC-1_V13B23-285_B1,11
TAGCCGGCGGTCAGCG-1_V13B23-285_B1,11
TAGCGTCCCTCGATTG-1_V13B23-285_B1,11
TAGCGTCCGGTGTGGT-1_V13B23-285_B1,11
TAGCGTTGGGTCTTAC-1_V13B23-285_B1,11
TAGCTAAGTCCGGGAG-1_V13B23-285_B1,5
TAGCTAGAAGGCATGA-1_V13B23-285_B1,5
TAGCTAGTGATGATGG-1_V13B23-285_B1,1
TAGCTCGCCTGATAAC-1_V13B23-285_B1,10
TAGCTGATGTGAAGCG-1_V13B23-285_B1,8
TAGGCATGTTACGCCA-1_V13B23-285_B1,13
TAGGGAGCTTGGGATG-1_V13B23-285_B1,11
TAGGGTGTTTCAAGAG-1_V13B23-285_B1,5
TAGGTCCAAGTAAGGA-1_V13B23-285_B1,10
TAGGTCGCCGGAACTG-1_V13B23-285_B1,8
TAGGTGACGATAACCT-1_V13B23-285_B1,11
TAGGTGAGCCCTACTC-1_V13B23-285_B1,5
TAGGTGCTCGCCTAGC-1_V13B23-285_B1,11
TAGGTGTTCCACAGAT-1_V13B23-285_B1,3
TAGGTTCGAGTTCGTC-1_V13B23-285_B1,11
TAGTACCTTAGTGGTC-1_V13B23-285_B1,8
TAGTAGCTTATACCAG-1_V13B23-285_B1,1
TAGTCCGCAGAGAATG-1_V13B23-285_B1,5
TAGTCCGTATGCATAA-1_V13B23-285_B1,4
TAGTCGATCACGGGTT-1_V13B23-285_B1,11
TAGTCTAACAACGAGA-1_V13B23-285_B1,10
TAGTCTGTGACGTTGC-1_V13B23-285_B1,1
TAGTCTTTCCGAATTG-1_V13B23-285_B1,11
TAGTGCCCTCCAGAGT-1_V13B23-285_B1,5
TAGTGTCAGAAACGGC-1_V13B23-285_B1,5
TAGTTAAGATAGGATA-1_V13B23-285_B1,9
TAGTTTATTCTTGCTT-1_V13B23-285_B1,9
TATAAATCCACAAGCT-1_V13B23-285_B1,5
TATAAGTGAGGATAGC-1_V13B23-285_B1,5
TATACACAGACGCCTT-1_V13B23-285_B1,3
TATACACGCAAAGTAT-1_V13B23-285_B1,5
TATACCGAGTGCCACA-1_V13B23-285_B1,11
TATACGCGTCATCACT-1_V13B23-285_B1,7
TATACTCATGCGGCAA-1_V13B23-285_B1,5
TATAGATGGTCGCAGT-1_V13B23-285_B1,11
TATAGCGCACGTTATC-1_V13B23-285_B1,14
TATAGGGTACTCATGA-1_V13B23-285_B1,10
TATATATCGAGAAATG-1_V13B23-285_B1,1
TATATCCCTGGGAGGA-1_V13B23-285_B1,11
TATATGCTGGGTTGCC-1_V13B23-285_B1,8
TATATTACAAATGTCG-1_V13B23-285_B1,14
TATCACCATGTAAAGT-1_V13B23-285_B1,15
TATCACCCAACCGACC-1_V13B23-285_B1,12
TATCACTTCGAGTAAC-1_V13B23-285_B1,12
TATCCAATTGGTTATC-1_V13B23-285_B1,11
TATCCATATCATGCGA-1_V13B23-285_B1,10
TATCCATCTCGGTTAG-1_V13B23-285_B1,3
TATCCGCACCGTCGGG-1_V13B23-285_B1,8
TATCCTGCATGGGAAT-1_V13B23-285_B1,9
TATCGATCTATGCATA-1_V13B23-285_B1,13
TATCGATGATTAAACG-1_V13B23-285_B1,12
TATCTACAGAGGTAAT-1_V13B23-285_B1,10
TATCTACCACAGCGGG-1_V13B23-285_B1,5
TATCTAGCCTAAAGGA-1_V13B23-285_B1,7
TATCTTGCAATACAAC-1_V13B23-285_B1,10
TATGAAGACAGGTGCG-1_V13B23-285_B1,10
TATGATCCGGCACGCC-1_V13B23-285_B1,7
TATGATCTTCTCTTTA-1_V13B23-285_B1,11
TATGCTCCCTACTTAC-1_V13B23-285_B1,10
TATGGATGTGCTACGC-1_V13B23-285_B1,5
TATGGCCCGGCCTCGC-1_V13B23-285_B1,10
TATGGCTAGGCTAATT-1_V13B23-285_B1,14
TATGGGACCGAGCAGG-1_V13B23-285_B1,5
TATGGGTACGTATCGT-1_V13B23-285_B1,5
TATGGTCTGAGTAACA-1_V13B23-285_B1,5
TATGGTTAGTGGGAGA-1_V13B23-285_B1,11
TATGTAGAAACCCGGC-1_V13B23-285_B1,5
TATGTCAAGACCGACT-1_V13B23-285_B1,5
TATGTCTCATTGTGCC-1_V13B23-285_B1,1
TATTAACCTGACCGCG-1_V13B23-285_B1,1
TATTACCATCCTGCTT-1_V13B23-285_B1,11
TATTATGTTTGCCTGC-1_V13B23-285_B1,8
TATTCAATTCTAATCC-1_V13B23-285_B1,2
TATTCCACTCAGCTCG-1_V13B23-285_B1,10
TATTCCGAGCTGTTAT-1_V13B23-285_B1,11
TATTCCTCCGCCCACT-1_V13B23-285_B1,7
TATTCGTGCCAGAATA-1_V13B23-285_B1,11
TATTGACATTTCTGCC-1_V13B23-285_B1,11
TATTTAGTCTAGATCG-1_V13B23-285_B1,13
TATTTATACCGAGTAG-1_V13B23-285_B1,13
TATTTGATTTGCACAG-1_V13B23-285_B1,11
TATTTGTTACCCTTTA-1_V13B23-285_B1,5
TCAAACAACCGCGTCG-1_V13B23-285_B1,12
TCAAACTTAGATTGTT-1_V13B23-285_B1,5
TCAAATTTGAGACTCA-1_V13B23-285_B1,1
TCAACAAAGATAATTC-1_V13B23-285_B1,7
TCAACATAGCGCCCTA-1_V13B23-285_B1,1
TCAACATCGACCGAGA-1_V13B23-285_B1,14
TCAACCATGTTCGGGC-1_V13B23-285_B1,5
TCAACGAGGAGACAAA-1_V13B23-285_B1,5
TCAACGCAGGAAATAA-1_V13B23-285_B1,5
TCAACGCGACCGGCAG-1_V13B23-285_B1,1
TCAACTAACGTATAAC-1_V13B23-285_B1,10
TCAACTGCAGAGTCAG-1_V13B23-285_B1,11
TCAAGAAATACTAGCT-1_V13B23-285_B1,11
TCAAGCGCGGACGGTA-1_V13B23-285_B1,11
TCAAGCTGCCTTGAAA-1_V13B23-285_B1,14
TCAAGGTTACTACACC-1_V13B23-285_B1,11
TCACAAACCGAGGTAC-1_V13B23-285_B1,7
TCACAGATCCTCAAAC-1_V13B23-285_B1,13
TCACAGCAAACTCGAA-1_V13B23-285_B1,5
TCACAGGAGAATAAGA-1_V13B23-285_B1,5
TCACAGGGAATCGCAA-1_V13B23-285_B1,11
TCACAGGTTATTGGGC-1_V13B23-285_B1,5
TCACATCTTATCTGAT-1_V13B23-285_B1,3
TCACCCTCTTAAGATT-1_V13B23-285_B1,5
TCACCGCTCGGCACTC-1_V13B23-285_B1,7
TCACGATGTCCGTGGA-1_V13B23-285_B1,10
TCACGCATTGTAGATC-1_V13B23-285_B1,5
TCACGGTCATCGCACA-1_V13B23-285_B1,5
TCACGTGCCCGATTCA-1_V13B23-285_B1,5
TCACTACGACCAATGC-1_V13B23-285_B1,13
TCACTCGTGCAACGGC-1_V13B23-285_B1,7
TCACTCTTCGTCTGTC-1_V13B23-285_B1,8
TCAGAACCTCCACAGG-1_V13B23-285_B1,14
TCAGACGCTATAGAAG-1_V13B23-285_B1,11
TCAGAGTGTGAGCATG-1_V13B23-285_B1,11
TCAGCAAATGCATCTC-1_V13B23-285_B1,6
TCAGCAGTAGGCCCTG-1_V13B23-285_B1,1
TCAGGGCGCAAACTCG-1_V13B23-285_B1,1
TCAGGGTGTAACGTAA-1_V13B23-285_B1,10
TCAGGTTCTTTGAGAA-1_V13B23-285_B1,5
TCAGTACTGACCCGCG-1_V13B23-285_B1,5
TCAGTAGGGACTATAA-1_V13B23-285_B1,1
TCAGTGTATACGTCAT-1_V13B23-285_B1,7
TCATAAGTCCAAGAAG-1_V13B23-285_B1,11
TCATACTTACAGATCC-1_V13B23-285_B1,8
TCATCACTCGAGCTCG-1_V13B23-285_B1,5
TCATCCCAGAGGGTGG-1_V13B23-285_B1,9
TCATCGATGGTCCCAA-1_V13B23-285_B1,8
TCATGCAGGTTCTCAT-1_V13B23-285_B1,13
TCATTTAAGTCTCCGA-1_V13B23-285_B1,11
TCATTTAGAAGTGTGA-1_V13B23-285_B1,11
TCCAACTTTAAATTCT-1_V13B23-285_B1,5
TCCACAATGGTTTACG-1_V13B23-285_B1,5
TCCACCTCTAGCCTTT-1_V13B23-285_B1,1
TCCACTTTATCTAGGT-1_V13B23-285_B1,6
TCCAGAGCACCGGTTC-1_V13B23-285_B1,11
TCCAGATGTACGCCAA-1_V13B23-285_B1,3
TCCAGCGCTATAAGCG-1_V13B23-285_B1,11
TCCAGGCGAGTACGGT-1_V13B23-285_B1,5
TCCAGGGTATATACGA-1_V13B23-285_B1,10
TCCATTCCCACTAGAG-1_V13B23-285_B1,14
TCCATTGTGACCTCGT-1_V13B23-285_B1,9
TCCCAAACAGACAACG-1_V13B23-285_B1,14
TCCCAAAGACGAAGGA-1_V13B23-285_B1,10
TCCCAAAGCCCTAAAT-1_V13B23-285_B1,11
TCCCACTCTCTTCCGG-1_V13B23-285_B1,7
TCCCAGCACACGACAT-1_V13B23-285_B1,11
TCCCAGCTTTAGTCTG-1_V13B23-285_B1,5
TCCCAGGCTTAGCTAA-1_V13B23-285_B1,8
TCCCGCCTATGTGCGT-1_V13B23-285_B1,14
TCCCGCGTACTCCTGG-1_V13B23-285_B1,1
TCCCGGGTGTGCTGCT-1_V13B23-285_B1,5
TCCCGTCAGTCCCGCA-1_V13B23-285_B1,13
TCCCGTCGCGTCATAG-1_V13B23-285_B1,14
TCCCGTGTGCAATTTG-1_V13B23-285_B1,11
TCCCTAGATCAATAGG-1_V13B23-285_B1,14
TCCCTGGCGTATTAAC-1_V13B23-285_B1,8
TCCCTGGCTCGCTGGA-1_V13B23-285_B1,5
TCCCTTAGATTACTCG-1_V13B23-285_B1,4
TCCGAACGTTGCCGCT-1_V13B23-285_B1,11
TCCGAACTTGGCTTAC-1_V13B23-285_B1,1
TCCGAAGTAGTCACCA-1_V13B23-285_B1,14
TCCGAATGGTCCTGAG-1_V13B23-285_B1,7
TCCGATAATTGCCATA-1_V13B23-285_B1,13
TCCGATGACTGAGCTC-1_V13B23-285_B1,13
TCCGATGGTGCGACAT-1_V13B23-285_B1,5
TCCGATTACATTGCCG-1_V13B23-285_B1,5
TCCGCCTGTCTACAAG-1_V13B23-285_B1,11
TCCGCGGCAGCATCTG-1_V13B23-285_B1,2
TCCGCGGCCCAATGAA-1_V13B23-285_B1,11
TCCGCTGTCATCCCGG-1_V13B23-285_B1,11
TCCGCTTATCCCATTA-1_V13B23-285_B1,1
TCCGGAGGAAGGGCTG-1_V13B23-285_B1,14
TCCGGCCTAGCGTACA-1_V13B23-285_B1,14
TCCGGCTGTCGGGTCG-1_V13B23-285_B1,11
TCCGGTTCGTCCGGTC-1_V13B23-285_B1,5
TCCGTAACCACAATCC-1_V13B23-285_B1,10
TCCGTTAAGCTAATAT-1_V13B23-285_B1,11
TCCGTTTAGCCTTGAA-1_V13B23-285_B1,7
TCCTAAATTGGGAAGC-1_V13B23-285_B1,12
TCCTAACCGTCGGGCA-1_V13B23-285_B1,5
TCCTACATCCACGGCC-1_V13B23-285_B1,11
TCCTAGCAAAGAAGCT-1_V13B23-285_B1,1
TCCTATCATAGGTAAC-1_V13B23-285_B1,11
TCCTCCTAAGACATTC-1_V13B23-285_B1,10
TCCTCGGGCTGGGCTT-1_V13B23-285_B1,11
TCCTCTACGAGATGGC-1_V13B23-285_B1,10
TCCTCTCCAGTTGTCC-1_V13B23-285_B1,10
TCCTCTGGCCCATTAG-1_V13B23-285_B1,9
TCCTGCCAACTGGAGA-1_V13B23-285_B1,13
TCCTGCGTTGATACTC-1_V13B23-285_B1,5
TCCTGGCGCTGCCTGG-1_V13B23-285_B1,12
TCCTTACGACGGTCCG-1_V13B23-285_B1,11
TCCTTCAGTGGTCGAA-1_V13B23-285_B1,6
TCCTTTAAATCCGCTT-1_V13B23-285_B1,11
TCCTTTCTTACGCTTA-1_V13B23-285_B1,5
TCGAAATTTAGGACCA-1_V13B23-285_B1,5
TCGAAGAACCGAGCAC-1_V13B23-285_B1,11
TCGAATATCCCGCAGG-1_V13B23-285_B1,1
TCGACAACTGAACCCG-1_V13B23-285_B1,3
TCGAGACCAACACCGT-1_V13B23-285_B1,5
TCGAGCCAGGCAGGCC-1_V13B23-285_B1,7
TCGAGGGCAACAGACG-1_V13B23-285_B1,11
TCGCAAAGATGCATTT-1_V13B23-285_B1,11
TCGCACCAGGAGGCAG-1_V13B23-285_B1,11
TCGCATCCCTAAGTGT-1_V13B23-285_B1,5
TCGCCGAAGTTGCGTC-1_V13B23-285_B1,1
TCGCCGGTCGATCCGT-1_V13B23-285_B1,13
TCGCGTAGCAGTGTCC-1_V13B23-285_B1,11
TCGCGTCCAGAAGGTC-1_V13B23-285_B1,3
TCGCTAAACCGCTATC-1_V13B23-285_B1,13
TCGCTCGATATATTCC-1_V13B23-285_B1,5
TCGCTCGGCACCAGCG-1_V13B23-285_B1,8
TCGCTGGGCGGATTGT-1_V13B23-285_B1,1
TCGCTGTGCGTAAATC-1_V13B23-285_B1,5
TCGCTTAATTACGAAG-1_V13B23-285_B1,2
TCGCTTTAAACGTTTG-1_V13B23-285_B1,1
TCGGAATGCGCTCTGA-1_V13B23-285_B1,8
TCGGACGCCCAGCCCA-1_V13B23-285_B1,5
TCGGAGAGTATCGGGA-1_V13B23-285_B1,14
TCGGAGTACATGAGTA-1_V13B23-285_B1,6
TCGGCGAACCCAAACC-1_V13B23-285_B1,11
TCGGCGTACTGCACAA-1_V13B23-285_B1,1
TCGGCTTGTATCGACG-1_V13B23-285_B1,11
TCGGGAACGTGCCTAG-1_V13B23-285_B1,8
TCGGGAGACAGCGTAC-1_V13B23-285_B1,1
TCGGGATTCAAACATA-1_V13B23-285_B1,1
TCGGGCCGTCGTGGTA-1_V13B23-285_B1,11
TCGGTCCCGACAATAG-1_V13B23-285_B1,8
TCGGTCCCTGACTCCA-1_V13B23-285_B1,9
TCGGTGACCGCTCCGG-1_V13B23-285_B1,14
TCGTAAGACGACATTG-1_V13B23-285_B1,14
TCGTAAGCTCCGAGGA-1_V13B23-285_B1,14
TCGTATAGTGCAATTA-1_V13B23-285_B1,9
TCGTATTACCCATTGC-1_V13B23-285_B1,7
TCGTCAAGTACGCGCA-1_V13B23-285_B1,1
TCGTCACACTGTTAGC-1_V13B23-285_B1,10
TCGTCCGCTGGCGTCT-1_V13B23-285_B1,5
TCGTCTTAGGCGTTAA-1_V13B23-285_B1,11
TCGTGTACTATGGATG-1_V13B23-285_B1,11
TCGTGTATTGGTCACG-1_V13B23-285_B1,11
TCGTGTCACGCTGACA-1_V13B23-285_B1,14
TCGTGTTCGACCACAA-1_V13B23-285_B1,11
TCGTTAGGAGTCCCTA-1_V13B23-285_B1,5
TCGTTGCTATCCGGTC-1_V13B23-285_B1,5
TCTAATACTGCCTCAG-1_V13B23-285_B1,8
TCTACCCAATAGAGAG-1_V13B23-285_B1,11
TCTACCGTCCACAAGC-1_V13B23-285_B1,1
TCTACGGGCTCAGTTG-1_V13B23-285_B1,8
TCTAGCAATCTCCGCC-1_V13B23-285_B1,1
TCTAGCATCTTCGATG-1_V13B23-285_B1,5
TCTAGCATGCCCAGAA-1_V13B23-285_B1,11
TCTAGGTGGCGACGCT-1_V13B23-285_B1,14
TCTAGTGATATCGTGG-1_V13B23-285_B1,11
TCTAGTTATCAGAAGA-1_V13B23-285_B1,5
TCTATCATGCAGTTAC-1_V13B23-285_B1,5
TCTATCGGTCGCAACA-1_V13B23-285_B1,12
TCTATTACGCTGGCGA-1_V13B23-285_B1,5
TCTATTACTAGAGGAT-1_V13B23-285_B1,3
TCTCATGAGATAGGGT-1_V13B23-285_B1,11
TCTCCAACGTAGGTTA-1_V13B23-285_B1,13
TCTCCACAAGTTGAAT-1_V13B23-285_B1,1
TCTCCCTGGGCAGCGT-1_V13B23-285_B1,11
TCTCGAACGAGGTCAC-1_V13B23-285_B1,14
TCTCGACGTATCGCCG-1_V13B23-285_B1,11
TCTCGAGGAGGTTCGC-1_V13B23-285_B1,11
TCTCGGCTCCAGGACT-1_V13B23-285_B1,4
TCTCTAATAGCTGGTA-1_V13B23-285_B1,5
TCTCTCGCCGCACATA-1_V13B23-285_B1,11
TCTGAACCGGTCGGCT-1_V13B23-285_B1,5
TCTGAACTCGTACCCG-1_V13B23-285_B1,11
TCTGAAGCACGTGGTC-1_V13B23-285_B1,11
TCTGAATTCCGTACAA-1_V13B23-285_B1,11
TCTGACGGGCTAACCC-1_V13B23-285_B1,14
TCTGAGCAATTGACTG-1_V13B23-285_B1,11
TCTGATCGGGTGCTAG-1_V13B23-285_B1,1
TCTGATGTATTCTGTC-1_V13B23-285_B1,11
TCTGATTGGAAATGGA-1_V13B23-285_B1,11
TCTGCACCATTAGTAA-1_V13B23-285_B1,14
TCTGCATACCTTGCTT-1_V13B23-285_B1,11
TCTGCCAGAAACTGCA-1_V13B23-285_B1,11
TCTGCGAATCGTTCGC-1_V13B23-285_B1,14
TCTGCGTCCGGTTTCT-1_V13B23-285_B1,5
TCTGCTTAGAACAAGC-1_V13B23-285_B1,11
TCTGGAGCGTAAGAGT-1_V13B23-285_B1,11
TCTGGCCGTTCAAGTT-1_V13B23-285_B1,11
TCTGGGAACCTTTGAA-1_V13B23-285_B1,11
TCTGGGTAGCGCTCAT-1_V13B23-285_B1,10
TCTGTGCCATCATAGT-1_V13B23-285_B1,5
TCTGTTACCCAGCATA-1_V13B23-285_B1,3
TCTTACAGAGGTACCG-1_V13B23-285_B1,13
TCTTACCGGAACTCGT-1_V13B23-285_B1,5
TCTTACGGCATCCGAC-1_V13B23-285_B1,5
TCTTACTTATGCCTCT-1_V13B23-285_B1,11
TCTTAGAGCTCCAATT-1_V13B23-285_B1,11
TCTTAGAGTGAACTCT-1_V13B23-285_B1,11
TCTTCCCATGGGCACA-1_V13B23-285_B1,14
TCTTCGAATAGACGTT-1_V13B23-285_B1,11
TCTTCGATACCAATAA-1_V13B23-285_B1,11
TCTTCGCGGTGAGAGG-1_V13B23-285_B1,11
TCTTCTATAACCCGCC-1_V13B23-285_B1,11
TCTTGATGCGTAGCGA-1_V13B23-285_B1,11
TCTTGGTAACACCAAA-1_V13B23-285_B1,6
TCTTTAAGACTATGAA-1_V13B23-285_B1,11
TCTTTAGAGTCTAACA-1_V13B23-285_B1,11
TCTTTAGCAGGCGAAC-1_V13B23-285_B1,11
TCTTTCCTTCGAGATA-1_V13B23-285_B1,11
TGAAACTTATGCAAGC-1_V13B23-285_B1,9
TGAAAGGACCTGACTC-1_V13B23-285_B1,11
TGAATATGCTATAAAC-1_V13B23-285_B1,12
TGAATGAGATACAGCA-1_V13B23-285_B1,14
TGAATGTCAGCCGGCC-1_V13B23-285_B1,11
TGACAACGCATGTCGC-1_V13B23-285_B1,6
TGACACTTCTCTTTGC-1_V13B23-285_B1,12
TGACATCGAGCGGACC-1_V13B23-285_B1,11
TGACCCACGTTAGACA-1_V13B23-285_B1,5
TGACGAATATTTCCCT-1_V13B23-285_B1,14
TGACGATGCACTAGAA-1_V13B23-285_B1,11
TGACTATAATCCTTTC-1_V13B23-285_B1,11
TGAGAATGCTTTACCG-1_V13B23-285_B1,11
TGAGAGATTTACCACG-1_V13B23-285_B1,11
TGAGATTAGGCCCTAA-1_V13B23-285_B1,14
TGAGCCATACAGTCTC-1_V13B23-285_B1,1
TGAGCGGAAAGTGTTC-1_V13B23-285_B1,7
TGAGCTCAACTGTATA-1_V13B23-285_B1,11
TGAGCTTTAATGACGC-1_V13B23-285_B1,13
TGAGGAGTGCCAGCTT-1_V13B23-285_B1,10
TGAGTAAATTAGCGTA-1_V13B23-285_B1,5
TGAGTGCCTCTTAAAT-1_V13B23-285_B1,1
TGAGTGGTCCGTGACG-1_V13B23-285_B1,7
TGAGTTAAAGACATTC-1_V13B23-285_B1,11
TGATACATTTAGCCGT-1_V13B23-285_B1,10
TGATAGCGGGATTCTA-1_V13B23-285_B1,1
TGATCAGGGAACTGCT-1_V13B23-285_B1,14
TGATCCCAGCATTAGT-1_V13B23-285_B1,14
TGATCGGTTTGACCCT-1_V13B23-285_B1,5
TGATCTACGCTGATCT-1_V13B23-285_B1,14
TGATCTCCGGCGCCAG-1_V13B23-285_B1,5
TGATGGCTGTTTCTGA-1_V13B23-285_B1,14
TGATGTCAATTAAGTG-1_V13B23-285_B1,11
TGATTATGGCACGCAG-1_V13B23-285_B1,15
TGATTCGTCTATCACT-1_V13B23-285_B1,5
TGATTCTGTCGCCGGT-1_V13B23-285_B1,1
TGATTTATTAGCTGTG-1_V13B23-285_B1,5
TGATTTCCTCCTGACG-1_V13B23-285_B1,5
TGCAACCCATCTGCGG-1_V13B23-285_B1,3
TGCAAGAATGACGTAA-1_V13B23-285_B1,5
TGCAATCTAACACGGT-1_V13B23-285_B1,11
TGCAATTTGGGCACGG-1_V13B23-285_B1,14
TGCACAGTGAAGTTAT-1_V13B23-285_B1,14
TGCACTATGTGAGTGC-1_V13B23-285_B1,1
TGCAGAACTATATCGT-1_V13B23-285_B1,14
TGCAGAGTACCGAGCA-1_V13B23-285_B1,5
TGCAGATCGTCCTAGG-1_V13B23-285_B1,14
TGCAGCTACGTACTTC-1_V13B23-285_B1,14
TGCAGGATCGGCAAAG-1_V13B23-285_B1,11
TGCAGTGAGGCTCGGG-1_V13B23-285_B1,14
TGCAGTTTCCTCCCAT-1_V13B23-285_B1,11
TGCATATGTCTGTCAC-1_V13B23-285_B1,11
TGCATGGATCGGATCT-1_V13B23-285_B1,13
TGCATGTGGTAATCTA-1_V13B23-285_B1,1
TGCCAAAGTCAGACTT-1_V13B23-285_B1,14
TGCCAATGGGTACTCT-1_V13B23-285_B1,5
TGCCACCTGGCGAAAC-1_V13B23-285_B1,13
TGCCAGTACGTGGAGA-1_V13B23-285_B1,11
TGCCATTACTAAAGAA-1_V13B23-285_B1,13
TGCCCGTACCGTTAAA-1_V13B23-285_B1,11
TGCCGAAAGCGTATTC-1_V13B23-285_B1,14
TGCCGTGGATCGTCCT-1_V13B23-285_B1,3
TGCCTAAATTTAATAG-1_V13B23-285_B1,8
TGCCTAATTGAAGATT-1_V13B23-285_B1,11
TGCCTGACATCGGTCA-1_V13B23-285_B1,5
TGCCTGATCAAACGAT-1_V13B23-285_B1,13
TGCCTTGGCCAGGCAA-1_V13B23-285_B1,11
TGCGAATATGGGATTT-1_V13B23-285_B1,1
TGCGACACCCTAGTGC-1_V13B23-285_B1,7
TGCGACGGCCGAACGT-1_V13B23-285_B1,8
TGCGAGAATATTACCC-1_V13B23-285_B1,1
TGCGAGATGGCGGCCA-1_V13B23-285_B1,2
TGCGAGCCCTTCCGCG-1_V13B23-285_B1,14
TGCGATGCTAATGGCT-1_V13B23-285_B1,1
TGCGCAAAGCATTTGG-1_V13B23-285_B1,5
TGCGCCGTTAATAACG-1_V13B23-285_B1,6
TGCGCGATTAACGGAG-1_V13B23-285_B1,5
TGCGGAGTAAAGGTGC-1_V13B23-285_B1,13
TGCGGCATAGTTCAAC-1_V13B23-285_B1,9
TGCGGTGAAATTTCAT-1_V13B23-285_B1,9
TGCGTAAGAACCTGAT-1_V13B23-285_B1,1
TGCGTCATGACTGAGC-1_V13B23-285_B1,1
TGCGTGATTGGGTGTC-1_V13B23-285_B1,9
TGCGTTTGTTGACACT-1_V13B23-285_B1,11
TGCTAAGTGTCTATTT-1_V13B23-285_B1,11
TGCTCCACAGTTCTTA-1_V13B23-285_B1,11
TGCTCGGCGAAACCCA-1_V13B23-285_B1,8
TGCTCTGCCGGTTCAC-1_V13B23-285_B1,14
TGCTGGTTGGACAATT-1_V13B23-285_B1,5
TGCTGTTGAAGAACTC-1_V13B23-285_B1,5
TGCTTCCCAAGCAGTA-1_V13B23-285_B1,12
TGGAACCACTGACACA-1_V13B23-285_B1,2
TGGAAGAAGGGAACGT-1_V13B23-285_B1,5
TGGAAGACGAACACCA-1_V13B23-285_B1,9
TGGAAGGATAAAGATG-1_V13B23-285_B1,13
TGGAATATCCTTGACC-1_V13B23-285_B1,14
TGGAATTAGACGCTTT-1_V13B23-285_B1,1
TGGACACCGTTGCTTG-1_V13B23-285_B1,1
TGGACCAATCTAAGAT-1_V13B23-285_B1,11
TGGACGCAATCCAGCC-1_V13B23-285_B1,8
TGGACTGTTCGCTCAA-1_V13B23-285_B1,11
TGGAGGGAAACACCTC-1_V13B23-285_B1,14
TGGAGTGATGCGATGA-1_V13B23-285_B1,5
TGGCAAACTAAATTAC-1_V13B23-285_B1,11
TGGCAACTCGCGCGCC-1_V13B23-285_B1,12
TGGCAATGGGACGGCG-1_V13B23-285_B1,11
TGGCAGATTACGATCA-1_V13B23-285_B1,5
TGGCAGCAGTAATAGT-1_V13B23-285_B1,5
TGGCATGAAGTTTGGG-1_V13B23-285_B1,7
TGGCCAAACTGAAGTA-1_V13B23-285_B1,7
TGGCCAATTTGGTACT-1_V13B23-285_B1,1
TGGCCGTATATTGACC-1_V13B23-285_B1,5
TGGCGACTGCTCCAAA-1_V13B23-285_B1,5
TGGCGATCAAGTTATG-1_V13B23-285_B1,4
TGGCTATGTGACATAC-1_V13B23-285_B1,11
TGGCTTGTACAAGCTT-1_V13B23-285_B1,7
TGGCTTTGGGTAGACA-1_V13B23-285_B1,5
TGGGAAATGCCTTTCC-1_V13B23-285_B1,1
TGGGATGCACTCATTC-1_V13B23-285_B1,14
TGGGCAATAGTTGGGT-1_V13B23-285_B1,11
TGGGCACGTTCTATGG-1_V13B23-285_B1,13
TGGGCAGGCCACCGCA-1_V13B23-285_B1,11
TGGGCCCATACTAATT-1_V13B23-285_B1,6
TGGGCCTTGCCTGCAT-1_V13B23-285_B1,3
TGGGTAAGGTTCCCGC-1_V13B23-285_B1,6
TGGGTGGGATGTCATT-1_V13B23-285_B1,9
TGGTAGAATATATGGG-1_V13B23-285_B1,11
TGGTCCCACGCTACGG-1_V13B23-285_B1,11
TGGTCGTGCAAGGCAA-1_V13B23-285_B1,8
TGGTCTGTTGGGCGTA-1_V13B23-285_B1,5
TGGTGATCGTATTTGT-1_V13B23-285_B1,8
TGGTTAACTTACATTT-1_V13B23-285_B1,8
TGGTTAAGGGCGCTGG-1_V13B23-285_B1,14
TGGTTCAACGGGTAAT-1_V13B23-285_B1,11
TGGTTCGTAGCAAAGG-1_V13B23-285_B1,5
TGGTTGGAGGATCCTG-1_V13B23-285_B1,15
TGGTTTAAACGTGGGT-1_V13B23-285_B1,14
TGTAATGACCACAATA-1_V13B23-285_B1,14
TGTACCTACACGAGGG-1_V13B23-285_B1,11
TGTACGAACAAATCCG-1_V13B23-285_B1,12
TGTACTACTCTCACGG-1_V13B23-285_B1,14
TGTAGCCATCCCATTC-1_V13B23-285_B1,11
TGTAGGAGAAATTTCC-1_V13B23-285_B1,11
TGTAGTGATCTATAAT-1_V13B23-285_B1,5
TGTATAACAGATCCTG-1_V13B23-285_B1,1
TGTATACGGATGATGA-1_V13B23-285_B1,14
TGTATCAGACTGAAGC-1_V13B23-285_B1,9
TGTATGGCGCAGACAG-1_V13B23-285_B1,11
TGTATTTACCTAATGC-1_V13B23-285_B1,14
TGTCATTTGTTGGGAA-1_V13B23-285_B1,14
TGTCCGTGGCGCCTTT-1_V13B23-285_B1,10
TGTCCTAAGTCACCGC-1_V13B23-285_B1,5
TGTCGTTATCACATAT-1_V13B23-285_B1,10
TGTGACTACGCCAGTC-1_V13B23-285_B1,13
TGTGAGACTAGCCCAA-1_V13B23-285_B1,7
TGTGCCGGTGCCGGAA-1_V13B23-285_B1,11
TGTGCTTTACGTAAGA-1_V13B23-285_B1,14
TGTGGACTATCTACGT-1_V13B23-285_B1,11
TGTGGCAAAGCGTATG-1_V13B23-285_B1,14
TGTGGCTCCCACCAAC-1_V13B23-285_B1,6
TGTGGTAGGGTGCCTT-1_V13B23-285_B1,11
TGTGTAGTAGCACGTG-1_V13B23-285_B1,11
TGTGTCGCGAGTTGCA-1_V13B23-285_B1,3
TGTGTTCGTATCCAAG-1_V13B23-285_B1,10
TGTTATTGTATGTGGC-1_V13B23-285_B1,11
TGTTCATAAATGTGCT-1_V13B23-285_B1,7
TGTTCCGCTTCCATGA-1_V13B23-285_B1,5
TGTTCGTATTGCGGTG-1_V13B23-285_B1,5
TGTTCTCTACTCCCTA-1_V13B23-285_B1,2
TGTTCTTCCATTGACT-1_V13B23-285_B1,5
TGTTGCCGTCGTCCCA-1_V13B23-285_B1,11
TGTTGTCAAGAAGTCT-1_V13B23-285_B1,13
TGTTTAATACTTCATC-1_V13B23-285_B1,9
TGTTTCGGTACTTCTC-1_V13B23-285_B1,15
TGTTTGAGATCGTCAG-1_V13B23-285_B1,11
TTAAACCTGGTTCCTT-1_V13B23-285_B1,7
TTAAACTCGAATTCAT-1_V13B23-285_B1,12
TTAACACCTCGAACAT-1_V13B23-285_B1,10
TTAACCAACCCTCCCT-1_V13B23-285_B1,11
TTAACGAACAAGCAGT-1_V13B23-285_B1,14
TTAACTCACGCGTGGA-1_V13B23-285_B1,8
TTAACTTCAGGTAGGA-1_V13B23-285_B1,8
TTAAGATAGGATTGAC-1_V13B23-285_B1,11
TTAAGCCGACAACTTC-1_V13B23-285_B1,6
TTAAGCGCCTGACCCA-1_V13B23-285_B1,5
TTAAGGCCCGTACTTT-1_V13B23-285_B1,1
TTAATCAGTACGTCAG-1_V13B23-285_B1,13
TTAATGTAGACCAGGT-1_V13B23-285_B1,11
TTAATTGCTTTGGGTG-1_V13B23-285_B1,11
TTAATTTCAGACGCGG-1_V13B23-285_B1,13
TTACAACTACGCATCC-1_V13B23-285_B1,5
TTACACGATCTGCGAC-1_V13B23-285_B1,11
TTACAGACCTAAATGA-1_V13B23-285_B1,1
TTACATCGTGGCCTGG-1_V13B23-285_B1,5
TTACATGCCACAACTA-1_V13B23-285_B1,11
TTACCATTGATTACCC-1_V13B23-285_B1,5
TTACCCATTGCCGGGT-1_V13B23-285_B1,13
TTACCCTAACAGTCCT-1_V13B23-285_B1,8
TTACCCTAGGGATTGG-1_V13B23-285_B1,7
TTACCGCCTTAGGGAA-1_V13B23-285_B1,9
TTACGGATGGTTCGAG-1_V13B23-285_B1,11
TTACTAAAGGACTTTA-1_V13B23-285_B1,11
TTACTATCGGCTTCTC-1_V13B23-285_B1,10
TTACTCCGGCCGGGAA-1_V13B23-285_B1,2
TTACTCTGGTACGTAC-1_V13B23-285_B1,8
TTACTGGGATATTTCA-1_V13B23-285_B1,1
TTACTGTCTAGAGCTC-1_V13B23-285_B1,14
TTAGAAGAACATGACT-1_V13B23-285_B1,5
TTAGAATAAGGGTCGG-1_V13B23-285_B1,3
TTAGACACGATCGTTG-1_V13B23-285_B1,13
TTAGACGAGTCACCTC-1_V13B23-285_B1,11
TTAGAGTTTAGAAGGA-1_V13B23-285_B1,11
TTAGATAGGTCGATAC-1_V13B23-285_B1,12
TTAGCAACATGGATGT-1_V13B23-285_B1,5
TTAGCTAATACGATCT-1_V13B23-285_B1,14
TTAGCTCTGTAATCCG-1_V13B23-285_B1,1
TTAGCTGATTTGCCGT-1_V13B23-285_B1,11
TTAGGATGGGAGGGTA-1_V13B23-285_B1,11
TTAGGTCATAACCGAC-1_V13B23-285_B1,4
TTAGTAAACCTGCTCT-1_V13B23-285_B1,4
TTAGTAGGGCGGCGGG-1_V13B23-285_B1,5
TTAGTTATTCGTGGCA-1_V13B23-285_B1,11
TTAGTTCAAGTGTTCG-1_V13B23-285_B1,14
TTATAGGTAATTGTCT-1_V13B23-285_B1,8
TTATATACGCTGTCAC-1_V13B23-285_B1,11
TTATATTTGGCAATCC-1_V13B23-285_B1,1
TTATCCAATCGAACTC-1_V13B23-285_B1,4
TTATCCGGGATCTATA-1_V13B23-285_B1,11
TTATCCTCAAGGAATA-1_V13B23-285_B1,1
TTATCGCCTGCGAAGC-1_V13B23-285_B1,1
TTATCTGTATCATAAC-1_V13B23-285_B1,1
TTATGAATGAAAGGGA-1_V13B23-285_B1,12
TTATGACAAACTGGAT-1_V13B23-285_B1,5
TTATGATCTTAACGAA-1_V13B23-285_B1,11
TTATGTTTGCGATAGA-1_V13B23-285_B1,8
TTATTAGAGCGTGTTC-1_V13B23-285_B1,11
TTATTAGGGAAGCATC-1_V13B23-285_B1,2
TTATTATCTGGAAGGC-1_V13B23-285_B1,11
TTCAAAGTCTCTAGCC-1_V13B23-285_B1,11
TTCAACGACCCGACCG-1_V13B23-285_B1,5
TTCAAGCCGAGCTGAG-1_V13B23-285_B1,6
TTCAATACTCTGAATC-1_V13B23-285_B1,11
TTCACGAAAGGATCAC-1_V13B23-285_B1,5
TTCACTCGAGCACCTA-1_V13B23-285_B1,11
TTCAGCCCTGGTCCAC-1_V13B23-285_B1,11
TTCAGCTGGCGTGCCC-1_V13B23-285_B1,11
TTCAGGCGTCAAAGCC-1_V13B23-285_B1,10
TTCAGTTTGTGGCAGC-1_V13B23-285_B1,7
TTCATGGCGCAACAGG-1_V13B23-285_B1,13
TTCCAATCAGAGCTAG-1_V13B23-285_B1,1
TTCCAATCTGGCTATC-1_V13B23-285_B1,1
TTCCACACAGATTTGA-1_V13B23-285_B1,1
TTCCAGACGAGATTTA-1_V13B23-285_B1,11
TTCCATCATGCGGTGA-1_V13B23-285_B1,15
TTCCATCGACAGCGTG-1_V13B23-285_B1,11
TTCCCGGCGCCAATAG-1_V13B23-285_B1,8
TTCCGCAGAGAAATAT-1_V13B23-285_B1,12
TTCCGCGTGAGGCGAT-1_V13B23-285_B1,10
TTCCGGCCTTGAGGCT-1_V13B23-285_B1,5
TTCCGGCTCGACTTCT-1_V13B23-285_B1,14
TTCCGGTATCTGTGTC-1_V13B23-285_B1,11
TTCCGGTTACCCACTT-1_V13B23-285_B1,11
TTCCTCGAGGGTGTCT-1_V13B23-285_B1,5
TTCCTCGGACTAACCA-1_V13B23-285_B1,11
TTCCTCTGCCCGAATA-1_V13B23-285_B1,7
TTCCTTTCTGTGTTGC-1_V13B23-285_B1,13
TTCGACAGAGCCCGTG-1_V13B23-285_B1,11
TTCGACGGGAAGGGCG-1_V13B23-285_B1,5
TTCGCACTCGCGTGCT-1_V13B23-285_B1,5
TTCGCACTGTACGACA-1_V13B23-285_B1,3
TTCGCATCCGGAAGCA-1_V13B23-285_B1,9
TTCGCGCGCCATACGA-1_V13B23-285_B1,1
TTCGCTAGGAAGTTGT-1_V13B23-285_B1,11
TTCGCTATCTGACGTG-1_V13B23-285_B1,5
TTCGGCAACCCGCTGA-1_V13B23-285_B1,13
TTCGGCTAGAGATGGT-1_V13B23-285_B1,5
TTCGGGACTAATCGCG-1_V13B23-285_B1,11
TTCGGGCGCTAGTCTT-1_V13B23-285_B1,7
TTCGGGTTGCCACGGG-1_V13B23-285_B1,11
TTCGGTGGAGACGCCC-1_V13B23-285_B1,11
TTCGTAATCCCAGCGG-1_V13B23-285_B1,9
TTCGTACTCCAGAACG-1_V13B23-285_B1,1
TTCGTTCAACGAAGTT-1_V13B23-285_B1,10
TTCTAACCGAAGCTTA-1_V13B23-285_B1,11
TTCTACTTGCGAGGGC-1_V13B23-285_B1,1
TTCTAGAAAGTCTTAT-1_V13B23-285_B1,7
TTCTAGGCCAATTGTG-1_V13B23-285_B1,5
TTCTATGCCTTTCGCA-1_V13B23-285_B1,14
TTCTGACCGGGCTCAA-1_V13B23-285_B1,11
TTCTGCCGCGCCTAGA-1_V13B23-285_B1,11
TTCTGCGAGCGCCCTT-1_V13B23-285_B1,10
TTCTGCGGGTTAGCGG-1_V13B23-285_B1,11
TTCTGCTAGACTCCAA-1_V13B23-285_B1,14
TTCTGTTTCCTGTCGC-1_V13B23-285_B1,1
TTCTTAGTGAACGGTG-1_V13B23-285_B1,5
TTCTTAGTGGCTCAGA-1_V13B23-285_B1,2
TTCTTATCCGCTGGGT-1_V13B23-285_B1,11
TTCTTGAGCCGCGCTA-1_V13B23-285_B1,7
TTCTTGCTAGCATCTC-1_V13B23-285_B1,11
TTCTTGGACGATCTGC-1_V13B23-285_B1,8
TTCTTGGAGTAATGAG-1_V13B23-285_B1,13
TTCTTGTAACCTAATG-1_V13B23-285_B1,5
TTCTTGTGTCCATCAG-1_V13B23-285_B1,7
TTCTTTGGTCGCGACG-1_V13B23-285_B1,11
TTGAAAGGTGTAAAGG-1_V13B23-285_B1,14
TTGAACGAATCCTTTG-1_V13B23-285_B1,5
TTGAACGACGTGCTGA-1_V13B23-285_B1,1
TTGAAGAATTCCCAGG-1_V13B23-285_B1,5
TTGAATATGGACTTTC-1_V13B23-285_B1,2
TTGAATTCACGTGAGG-1_V13B23-285_B1,6
TTGACAGGAGCTCCCG-1_V13B23-285_B1,11
TTGACATGAACGTGGA-1_V13B23-285_B1,10
TTGACCATGTTCTCCG-1_V13B23-285_B1,14
TTGACCGTGTTAATGA-1_V13B23-285_B1,3
TTGACGCTCCATGAGC-1_V13B23-285_B1,11
TTGACTACCATATGGT-1_V13B23-285_B1,1
TTGACTATTGTCCGGC-1_V13B23-285_B1,11
TTGAGAAGTTTAGCAT-1_V13B23-285_B1,11
TTGAGAGTACTGCTAA-1_V13B23-285_B1,1
TTGAGCAGCCCACGGT-1_V13B23-285_B1,1
TTGAGCGCCACGTGAT-1_V13B23-285_B1,11
TTGAGTCCCGCTGCTG-1_V13B23-285_B1,11
TTGATAGTCAATACAT-1_V13B23-285_B1,14
TTGATCTAACTTTGTC-1_V13B23-285_B1,4
TTGATGTGTAGTCCCG-1_V13B23-285_B1,14
TTGATTAGCTGTTTCT-1_V13B23-285_B1,1
TTGATTATGCAGATGA-1_V13B23-285_B1,10
TTGCACAATTCAGAAA-1_V13B23-285_B1,5
TTGCACGGAGCAGCAC-1_V13B23-285_B1,13
TTGCATGCTGATCACG-1_V13B23-285_B1,10
TTGCCAAGCAGAACCC-1_V13B23-285_B1,4
TTGCCATAGCCCGCTC-1_V13B23-285_B1,1
TTGCCCTGATCACGGG-1_V13B23-285_B1,5
TTGCCGCTTTCTAGTA-1_V13B23-285_B1,11
TTGCCGGTGATCCCTC-1_V13B23-285_B1,14
TTGCGGCATCAGAAAG-1_V13B23-285_B1,5
TTGCGTAGTTTGAGGA-1_V13B23-285_B1,7
TTGCGTCGGCCAACCG-1_V13B23-285_B1,1
TTGCGTGAACGCTTAG-1_V13B23-285_B1,14
TTGCTCCCATACCGGA-1_V13B23-285_B1,13
TTGCTGAAGGAACCAC-1_V13B23-285_B1,10
TTGCTGATCATGTTCG-1_V13B23-285_B1,5
TTGCTGCACCTATCCA-1_V13B23-285_B1,1
TTGCTGGCCGGGCTTC-1_V13B23-285_B1,9
TTGGAAGAATACAGTC-1_V13B23-285_B1,1
TTGGACATGTGGCTTA-1_V13B23-285_B1,5
TTGGACCATCTGGCAA-1_V13B23-285_B1,11
TTGGACCTATAACAGT-1_V13B23-285_B1,11
TTGGATATCGTCTACG-1_V13B23-285_B1,1
TTGGATTGGGTACCAC-1_V13B23-285_B1,15
TTGGCCATCTTGCGCT-1_V13B23-285_B1,5
TTGGCCTAGAATTTCG-1_V13B23-285_B1,13
TTGGCGATCCGAATAT-1_V13B23-285_B1,11
TTGGCTCGCATGAGAC-1_V13B23-285_B1,5
TTGGGACACTGCCCGC-1_V13B23-285_B1,1
TTGGGACGTAAGAGTT-1_V13B23-285_B1,11
TTGGGCGGCGGTTGCC-1_V13B23-285_B1,11
TTGGGTTTATTCAGCG-1_V13B23-285_B1,12
TTGGTATGGCTTGTGT-1_V13B23-285_B1,1
TTGGTCACACTCGTAA-1_V13B23-285_B1,1
TTGGTTCGCTCAAAGG-1_V13B23-285_B1,6
TTGGTTGCGGTGCGCG-1_V13B23-285_B1,1
TTGTAAGGACCTAAGT-1_V13B23-285_B1,7
TTGTAAGGCCAGTTGG-1_V13B23-285_B1,13
TTGTAATCCGTACTCG-1_V13B23-285_B1,5
TTGTATCACACAGAAT-1_V13B23-285_B1,9
TTGTCGTTCAGTTACC-1_V13B23-285_B1,5
TTGTGAACCTAATCCG-1_V13B23-285_B1,11
TTGTGAGGCATGACGC-1_V13B23-285_B1,14
TTGTGCAGCCACGTCA-1_V13B23-285_B1,11
TTGTGGCCCTGACAGT-1_V13B23-285_B1,2
TTGTGGTAGGAGGGAT-1_V13B23-285_B1,8
TTGTGGTATAGGTATG-1_V13B23-285_B1,8
TTGTGTATGCCACCAA-1_V13B23-285_B1,1
TTGTGTTTCCCGAAAG-1_V13B23-285_B1,10
TTGTTAGCAAATTCGA-1_V13B23-285_B1,5
TTGTTCAGTGTGCTAC-1_V13B23-285_B1,11
TTGTTGTGTGTCAAGA-1_V13B23-285_B1,6
TTGTTTCACATCCAGG-1_V13B23-285_B1,8
TTGTTTCATTAGTCTA-1_V13B23-285_B1,7
TTGTTTCCATACAACT-1_V13B23-285_B1,3
AAACAAGTATCTCCCA-1_V13B23-285_C1,11
AAACACCAATAACTGC-1_V13B23-285_C1,1
AAACAGAGCGACTCCT-1_V13B23-285_C1,14
AAACAGCTTTCAGAAG-1_V13B23-285_C1,8
AAACAGGGTCTATATT-1_V13B23-285_C1,5
AAACATTTCCCGGATT-1_V13B23-285_C1,11
AAACCCGAACGAAATC-1_V13B23-285_C1,11
AAACCGGAAATGTTAA-1_V13B23-285_C1,11
AAACCGGGTAGGTACC-1_V13B23-285_C1,10
AAACCGTTCGTCCAGG-1_V13B23-285_C1,1
AAACCTCATGAAGTTG-1_V13B23-285_C1,14
AAACGAGACGGTTGAT-1_V13B23-285_C1,12
AAACGTGTTCGCCCTA-1_V13B23-285_C1,2
AAACTCGTGATATAAG-1_V13B23-285_C1,14
AAACTGCTGGCTCCAA-1_V13B23-285_C1,11
AAACTTGCAAACGTAT-1_V13B23-285_C1,14
AAAGACTGGGCGCTTT-1_V13B23-285_C1,5
AAAGCTTGCCTACATA-1_V13B23-285_C1,14
AAAGGCTACGGACCAT-1_V13B23-285_C1,5
AAAGGCTCTCGCGCCG-1_V13B23-285_C1,7
AAAGGGATGTAGCAAG-1_V13B23-285_C1,12
AAAGGGCAGCTTGAAT-1_V13B23-285_C1,5
AAAGGTAAGCTGTACC-1_V13B23-285_C1,2
AAAGTAGCATTGCTCA-1_V13B23-285_C1,7
AAAGTCACTGATGTAA-1_V13B23-285_C1,9
AAAGTCGACCCTCAGT-1_V13B23-285_C1,14
AAAGTGCCATCAATTA-1_V13B23-285_C1,11
AAAGTGTGATTTATCT-1_V13B23-285_C1,11
AAAGTTGACTCCCGTA-1_V13B23-285_C1,11
AAATAACCATACGGGA-1_V13B23-285_C1,14
AAATAAGGTAGTGCCC-1_V13B23-285_C1,14
AAATACCTATAAGCAT-1_V13B23-285_C1,11
AAATAGCTTAGACTTT-1_V13B23-285_C1,11
AAATAGGGTGCTATTG-1_V13B23-285_C1,11
AAATCGTGTACCACAA-1_V13B23-285_C1,5
AAATCTAGCCCTGCTA-1_V13B23-285_C1,11
AAATGATTCGATCAGC-1_V13B23-285_C1,8
AAATGCTCGTTACGTT-1_V13B23-285_C1,5
AAATGGCATGTCTTGT-1_V13B23-285_C1,13
AAATGGCCCGTGCCCT-1_V13B23-285_C1,1
AAATGGTCAATGTGCC-1_V13B23-285_C1,5
AAATTAACGGGTAGCT-1_V13B23-285_C1,6
AAATTACACGACTCTG-1_V13B23-285_C1,14
AAATTACCTATCGATG-1_V13B23-285_C1,3
AAATTCCAGGTCCAAA-1_V13B23-285_C1,11
AAATTGATAGTCCTTT-1_V13B23-285_C1,10
AAATTGGTGAGAAGCA-1_V13B23-285_C1,2
AAATTTGCGGGTGTGG-1_V13B23-285_C1,1
AACAACTGGTAGTTGC-1_V13B23-285_C1,5
AACAATACATTGTCGA-1_V13B23-285_C1,12
AACAATTACTCTACGC-1_V13B23-285_C1,5
AACACACGCTCGCCGC-1_V13B23-285_C1,11
AACACGACTGTACTGA-1_V13B23-285_C1,9
AACACGAGACGCGGCC-1_V13B23-285_C1,14
AACAGCTGTGTGGCAA-1_V13B23-285_C1,1
AACAGGAAATCGAATA-1_V13B23-285_C1,13
AACAGGATGGGCCGCG-1_V13B23-285_C1,4
AACAGGTAGTATGGAT-1_V13B23-285_C1,11
AACATATCAACTGGTG-1_V13B23-285_C1,8
AACATCGATACGTCTA-1_V13B23-285_C1,14
AACCAAGACTTCTCTG-1_V13B23-285_C1,5
AACCATGGGATCGCTA-1_V13B23-285_C1,15
AACCCAGAGACGGAGA-1_V13B23-285_C1,13
AACCCATCCCATGATC-1_V13B23-285_C1,5
AACCCGAGCAGAATCG-1_V13B23-285_C1,11
AACCCTACTGTCAATA-1_V13B23-285_C1,11
AACCCTGGTGGAACCA-1_V13B23-285_C1,9
AACCGAGCTTGGTCAT-1_V13B23-285_C1,1
AACCGCTAAGGGATGC-1_V13B23-285_C1,11
AACCGTTGTGTTTGCT-1_V13B23-285_C1,6
AACCTCGCTTTAGCCC-1_V13B23-285_C1,11
AACCTGTCACGGAATT-1_V13B23-285_C1,11
AACCTTTAAATACGGT-1_V13B23-285_C1,11
AACCTTTACGACGTCT-1_V13B23-285_C1,14
AACGATAATGCCGTAG-1_V13B23-285_C1,11
AACGATATGTCAACTG-1_V13B23-285_C1,1
AACGCATGATCTGGGT-1_V13B23-285_C1,14
AACGCGGTCTCCAGCC-1_V13B23-285_C1,5
AACGCTGTTGCTGAAA-1_V13B23-285_C1,11
AACGGACGTACGTATA-1_V13B23-285_C1,11
AACGGCCATCTCCGGT-1_V13B23-285_C1,1
AACGTACTGTGGGTAC-1_V13B23-285_C1,1
AACGTCAGACTAGTGG-1_V13B23-285_C1,4
AACGTGATGAAGGACA-1_V13B23-285_C1,15
AACGTGCGAAAGTCTC-1_V13B23-285_C1,13
AACGTTATCAGCACCT-1_V13B23-285_C1,5
AACTACCCGTTTGTCA-1_V13B23-285_C1,11
AACTAGGCTTGGGTGT-1_V13B23-285_C1,5
AACTCAAGTTAATTGC-1_V13B23-285_C1,5
AACTCCAGAGCGTGTT-1_V13B23-285_C1,11
AACTCCTAATCCCATG-1_V13B23-285_C1,4
AACTCTCAATAGAGCG-1_V13B23-285_C1,11
AACTCTCAGTGTGCTC-1_V13B23-285_C1,1
AACTGAGTTATACTGA-1_V13B23-285_C1,11
AACTGATATTAGGCCT-1_V13B23-285_C1,13
AACTGGGTCCCGACGT-1_V13B23-285_C1,13
AACTTCTGCGTCTATC-1_V13B23-285_C1,5
AACTTGCCCGTATGCA-1_V13B23-285_C1,5
AACTTGCGTTCTCGCG-1_V13B23-285_C1,12
AACTTTACGGGAGCTT-1_V13B23-285_C1,8
AACTTTCTCGATCATG-1_V13B23-285_C1,8
AAGAAATCACCAGATT-1_V13B23-285_C1,2
AAGAAGGATCAGTTAG-1_V13B23-285_C1,5
AAGACCCAACTGAACA-1_V13B23-285_C1,10
AAGACTGCAAGCTACT-1_V13B23-285_C1,13
AAGAGATGAATCGGTA-1_V13B23-285_C1,5
AAGAGCTCTTTATCGG-1_V13B23-285_C1,12
AAGAGGATGTACGCGA-1_V13B23-285_C1,5
AAGAGGCATGGATCGC-1_V13B23-285_C1,11
AAGAGGCCCTTTGGAA-1_V13B23-285_C1,11
AAGATGGCACCGGACC-1_V13B23-285_C1,1
AAGATTGGCGGAACGT-1_V13B23-285_C1,14
AAGCACCCTGCGTATC-1_V13B23-285_C1,11
AAGCATACTCTCCTGA-1_V13B23-285_C1,11
AAGCCGAAGCGGTTTA-1_V13B23-285_C1,11
AAGCCGCTTTACCTTG-1_V13B23-285_C1,2
AAGCCGGAGAGCAGGA-1_V13B23-285_C1,11
AAGCGGCGTCATGGGT-1_V13B23-285_C1,2
AAGCGTCCCTCATCGA-1_V13B23-285_C1,1
AAGCTAGATCGAGTAA-1_V13B23-285_C1,11
AAGCTCGTGCCAAGTC-1_V13B23-285_C1,13
AAGCTCTTTCATGGTG-1_V13B23-285_C1,11
AAGGAGCGGTTGGTGC-1_V13B23-285_C1,5
AAGGATCGATCGCTTG-1_V13B23-285_C1,11
AAGGATGAGGGACCTC-1_V13B23-285_C1,14
AAGGCAGGCTGTCTCC-1_V13B23-285_C1,11
AAGGCGCGTAAAGCTT-1_V13B23-285_C1,4
AAGGCTGTGCTCATCG-1_V13B23-285_C1,5
AAGGGACAGATTCTGT-1_V13B23-285_C1,14
AAGGGACTATGCATTC-1_V13B23-285_C1,7
AAGGTATCCTAATATA-1_V13B23-285_C1,1
AAGGTGATAAACCAGC-1_V13B23-285_C1,11
AAGTAGAAGACCGGGT-1_V13B23-285_C1,4
AAGTAGTGACGCGAGG-1_V13B23-285_C1,5
AAGTCAATTGTCGTCA-1_V13B23-285_C1,11
AAGTCTAGTAGCTGCC-1_V13B23-285_C1,8
AAGTGACGACCGAATT-1_V13B23-285_C1,14
AAGTGAGTCGGGTTTA-1_V13B23-285_C1,1
AAGTGCAAAGGTAGAC-1_V13B23-285_C1,5
AAGTGCCTTGACTGTA-1_V13B23-285_C1,11
AAGTGCGTTAGAATCT-1_V13B23-285_C1,7
AAGTGTTTGGAGACGG-1_V13B23-285_C1,11
AAGTTCACTCCAAGCT-1_V13B23-285_C1,11
AAGTTCAGTCTGCGTA-1_V13B23-285_C1,14
AAGTTCGGCCAACAGG-1_V13B23-285_C1,1
AATAACAACGCTCGGC-1_V13B23-285_C1,5
AATAACACTAGAACAA-1_V13B23-285_C1,5
AATAATCTTCGTATCG-1_V13B23-285_C1,11
AATACAATGTTTCAGG-1_V13B23-285_C1,5
AATAGAACAGAGTGGC-1_V13B23-285_C1,5
AATAGAATCTGTTTCA-1_V13B23-285_C1,11
AATAGCTACCGCGTGC-1_V13B23-285_C1,7
AATAGTCCGTCCCGAC-1_V13B23-285_C1,1
AATAGTCGCGAGTCGG-1_V13B23-285_C1,7
AATATCGAATCAATGC-1_V13B23-285_C1,6
AATATCGAGGGTTCTC-1_V13B23-285_C1,14
AATATTGGAGTATTGA-1_V13B23-285_C1,7
AATCATGTAAAGACTC-1_V13B23-285_C1,11
AATCCAAGGGCCTGAG-1_V13B23-285_C1,9
AATCGCCTCAGCGCCA-1_V13B23-285_C1,11
AATCGCGCAGAGGACT-1_V13B23-285_C1,11
AATCTAGGTTTACTTG-1_V13B23-285_C1,1
AATCTATGCCGGAGCC-1_V13B23-285_C1,14
AATCTGCGTTGGGACG-1_V13B23-285_C1,1
AATCTGGCTTTCTAGT-1_V13B23-285_C1,5
AATGACAGCAATGTCT-1_V13B23-285_C1,1
AATGACGTAGGATGTC-1_V13B23-285_C1,11
AATGACTGTCAGCCGG-1_V13B23-285_C1,5
AATGAGTTCGCATATG-1_V13B23-285_C1,5
AATGATGATACGCTAT-1_V13B23-285_C1,8
AATGATGCGACTCCTG-1_V13B23-285_C1,3
AATGCAACCGGGTACC-1_V13B23-285_C1,12
AATGCACCAAGCAATG-1_V13B23-285_C1,14
AATGGTCCACCGTTCA-1_V13B23-285_C1,5
AATGGTTCTCACAAGC-1_V13B23-285_C1,5
AATGTGCCCGAGGTGT-1_V13B23-285_C1,1
AATTAAAGGTCGGCGT-1_V13B23-285_C1,5
AATTAACGGATTTCCA-1_V13B23-285_C1,11
AATTACTCGTACGCTC-1_V13B23-285_C1,9
AATTAGCGCTGCAGCG-1_V13B23-285_C1,12
AATTCATAAGGGATCT-1_V13B23-285_C1,14
AATTCTAGAGTTAGGC-1_V13B23-285_C1,11
AATTGAACGCTCTGGT-1_V13B23-285_C1,11
AATTTGGGACATAGTA-1_V13B23-285_C1,14
AATTTGGTTCCAAAGA-1_V13B23-285_C1,9
ACAAAGCATGACCTAG-1_V13B23-285_C1,11
ACAAATCGCACCGAAT-1_V13B23-285_C1,11
ACAAATGGTAGTGTTT-1_V13B23-285_C1,11
ACAACAGCATGAGCTA-1_V13B23-285_C1,1
ACAACGGTCCCTGCGA-1_V13B23-285_C1,5
ACAAGCAGTGCCTAGC-1_V13B23-285_C1,5
ACAAGGAAATCCGCCC-1_V13B23-285_C1,11
ACAAGGACAAGAGGTT-1_V13B23-285_C1,5
ACAAGGATGCTTTAGG-1_V13B23-285_C1,11
ACAAGGGCAGGCTCTG-1_V13B23-285_C1,11
ACAATAGTCGTACGTT-1_V13B23-285_C1,14
ACAATCCATTTAAACC-1_V13B23-285_C1,5
ACAATGAATACGGAGA-1_V13B23-285_C1,4
ACAATTGTGTCTCTTT-1_V13B23-285_C1,11
ACAATTTAGGAGGCTC-1_V13B23-285_C1,3
ACAATTTGAGCAGTGG-1_V13B23-285_C1,14
ACAATTTGGCCATATT-1_V13B23-285_C1,11
ACACAAAGACGGGTGG-1_V13B23-285_C1,13
ACACACCAGGACCAGT-1_V13B23-285_C1,11
ACACACTTTCTACACG-1_V13B23-285_C1,13
ACACATGATCAAATCT-1_V13B23-285_C1,5
ACACCACATAATTAGC-1_V13B23-285_C1,14
ACACCCAGCATGCAGC-1_V13B23-285_C1,5
ACACCCGAGAAATCCG-1_V13B23-285_C1,12
ACACCGAGCGCTCTTT-1_V13B23-285_C1,10
ACACCTTAAGTAGGGC-1_V13B23-285_C1,5
ACACCTTACTACTTGC-1_V13B23-285_C1,11
ACACGAGACTCCTTCT-1_V13B23-285_C1,14
ACACGGCACTATGCAT-1_V13B23-285_C1,9
ACACGGGAACTTAGGG-1_V13B23-285_C1,7
ACACGTAGGCCACAAG-1_V13B23-285_C1,11
ACACTCCAATGTCACT-1_V13B23-285_C1,5
ACACTGATCAAGGTGT-1_V13B23-285_C1,5
ACACTGGGACAGTCGT-1_V13B23-285_C1,11
ACAGAACTGAGAACAA-1_V13B23-285_C1,7
ACAGCATAGAGCCAGT-1_V13B23-285_C1,9
ACAGCGACATTCTCAT-1_V13B23-285_C1,11
ACAGCGCACCCGCAGC-1_V13B23-285_C1,15
ACAGGCTTGCCCGACT-1_V13B23-285_C1,11
ACAGGTGGAGGTGAGG-1_V13B23-285_C1,1
ACAGTAATACAACTTG-1_V13B23-285_C1,14
ACAGTATACCGTGGGA-1_V13B23-285_C1,14
ACATAAGTCGTGGTGA-1_V13B23-285_C1,5
ACATAATAAGGCGGTG-1_V13B23-285_C1,13
ACATCAGCTGGGACGC-1_V13B23-285_C1,5
ACATCCCGGCCATACG-1_V13B23-285_C1,8
ACATCCTGGTAACTGT-1_V13B23-285_C1,11
ACATCGATCGTTTACC-1_V13B23-285_C1,5
ACATCGGTCAGCCGCG-1_V13B23-285_C1,1
ACATCGTATGCAATGG-1_V13B23-285_C1,6
ACATCGTTAACCTAGT-1_V13B23-285_C1,9
ACATGGCGCCAAAGTA-1_V13B23-285_C1,11
ACATTAGTTTATATCC-1_V13B23-285_C1,12
ACCAAACACCCAGCGA-1_V13B23-285_C1,14
ACCAACACCACACACT-1_V13B23-285_C1,8
ACCAACGCTTATTTAT-1_V13B23-285_C1,1
ACCAAGAACGCGTGTC-1_V13B23-285_C1,13
ACCAATATGCAAGTTA-1_V13B23-285_C1,11
ACCACAAGTTTCTATC-1_V13B23-285_C1,5
ACCACCAATGTAACAA-1_V13B23-285_C1,11
ACCACCCTCTCTTCTA-1_V13B23-285_C1,14
ACCACGTGCAGCTATA-1_V13B23-285_C1,11
ACCACTGTTCAAGAAG-1_V13B23-285_C1,1
ACCAGTGCGGGAGACG-1_V13B23-285_C1,11
ACCATATCCGCAATAA-1_V13B23-285_C1,5
ACCATCCGCCAACTAG-1_V13B23-285_C1,14
ACCATCGTATATGGTA-1_V13B23-285_C1,1
ACCATTAAGGGTGTCA-1_V13B23-285_C1,14
ACCCAACGCCCGTGGC-1_V13B23-285_C1,7
ACCCACCTACATGCTC-1_V13B23-285_C1,5
ACCCATCTTGAGGGTA-1_V13B23-285_C1,5
ACCCATTTGTCCCTCT-1_V13B23-285_C1,11
ACCCGAGCGAAATTAC-1_V13B23-285_C1,4
ACCCGGAAACTCCCAG-1_V13B23-285_C1,11
ACCCGGAGCACCACAA-1_V13B23-285_C1,11
ACCCGGATGACGCATC-1_V13B23-285_C1,11
ACCCGGTTACACTTCC-1_V13B23-285_C1,5
ACCCGTGTCATCAGTA-1_V13B23-285_C1,3
ACCCTATAGGACTGAG-1_V13B23-285_C1,12
ACCCTATGCCATATCG-1_V13B23-285_C1,1
ACCCTCCCTTGCTATT-1_V13B23-285_C1,11
ACCCTGGTAACGCCCT-1_V13B23-285_C1,2
ACCCTTCATCTGCGAA-1_V13B23-285_C1,13
ACCGACACATCTCCCA-1_V13B23-285_C1,11
ACCGACTGAGTCCCAC-1_V13B23-285_C1,1
ACCGATAGGCATAACC-1_V13B23-285_C1,11
ACCGATATTTAATCAT-1_V13B23-285_C1,11
ACCGATGGTAGCATCG-1_V13B23-285_C1,11
ACCGCAATAACTGCCT-1_V13B23-285_C1,11
ACCGCGGTGGAAGTCG-1_V13B23-285_C1,11
ACCGGGCCTTTGTTGA-1_V13B23-285_C1,11
ACCGGTCAGGTACACC-1_V13B23-285_C1,1
ACCGTGACCACGTGGG-1_V13B23-285_C1,1
ACCTAAGTACCTTTCA-1_V13B23-285_C1,3
ACCTAATCGACTTCCT-1_V13B23-285_C1,5
ACCTACAGTATGTGGT-1_V13B23-285_C1,11
ACCTCCGCCCTCGCTG-1_V13B23-285_C1,11
ACCTCCGTTATTCACC-1_V13B23-285_C1,14
ACCTGCGTGTCATGTT-1_V13B23-285_C1,14
ACGAAATGGGCGGCAC-1_V13B23-285_C1,5
ACGACCCATGAGTTGC-1_V13B23-285_C1,11
ACGAGATATTTGCTTA-1_V13B23-285_C1,15
ACGAGGATACCACTCT-1_V13B23-285_C1,1
ACGAGGTTTACAACGT-1_V13B23-285_C1,14
ACGAGTACGGATGCCC-1_V13B23-285_C1,14
ACGATACATAGAACTA-1_V13B23-285_C1,4
ACGATCATACATAGAG-1_V13B23-285_C1,12
ACGATCATCTTGTAAA-1_V13B23-285_C1,11
ACGATGCATATGTTAT-1_V13B23-285_C1,5
ACGATGGATCCGATGC-1_V13B23-285_C1,9
ACGCAAACTAATAGAT-1_V13B23-285_C1,1
ACGCAATCACTACAGC-1_V13B23-285_C1,14
ACGCATACGTTTACTA-1_V13B23-285_C1,11
ACGCATTCGTGAGTAC-1_V13B23-285_C1,10
ACGCCAGATGATTTCT-1_V13B23-285_C1,13
ACGCCGCTAGACGACC-1_V13B23-285_C1,11
ACGCGAAGTCAGACGA-1_V13B23-285_C1,11
ACGCGCTACACAGGGT-1_V13B23-285_C1,5
ACGCGGGCCAAGGACA-1_V13B23-285_C1,11
ACGCTAGTGATACACT-1_V13B23-285_C1,14
ACGCTGTGAGGCGTAG-1_V13B23-285_C1,14
ACGGAATTTAGCAAAT-1_V13B23-285_C1,5
ACGGACTCTCAAAGCG-1_V13B23-285_C1,11
ACGGAGCGCAAATTAC-1_V13B23-285_C1,12
ACGGATGGTGCGGATA-1_V13B23-285_C1,11
ACGGCACTTGCTTGGG-1_V13B23-285_C1,5
ACGGCCAACATGGACT-1_V13B23-285_C1,6
ACGGCGACGATGGGAA-1_V13B23-285_C1,11
ACGGCTGGATGTAGAA-1_V13B23-285_C1,7
ACGGGAGTGTCGGCCC-1_V13B23-285_C1,7
ACGGGCGTATGCGACA-1_V13B23-285_C1,8
ACGGGTCATGTGACTT-1_V13B23-285_C1,13
ACGTACAGATTTCTCT-1_V13B23-285_C1,9
ACGTAGATTGCTGATG-1_V13B23-285_C1,2
ACGTATTACTCCGATC-1_V13B23-285_C1,11
ACGTGCGCCTCGTGCA-1_V13B23-285_C1,13
ACGTTAATGTCGAAGA-1_V13B23-285_C1,11
ACGTTAGATTTGCCCG-1_V13B23-285_C1,10
ACGTTATTGGTCACTC-1_V13B23-285_C1,5
ACGTTCGCAATCAATT-1_V13B23-285_C1,8
ACGTTCGTTCAGGAAA-1_V13B23-285_C1,1
ACGTTTAGTTGTGATC-1_V13B23-285_C1,13
ACTACCAGCTCTCTGG-1_V13B23-285_C1,8
ACTACGCGTTAGAATT-1_V13B23-285_C1,3
ACTAGTTGCGATCGTC-1_V13B23-285_C1,11
ACTATATGCTGTGTTC-1_V13B23-285_C1,14
ACTATCCAGGGCATGG-1_V13B23-285_C1,11
ACTATCTGCCCGCGTA-1_V13B23-285_C1,11
ACTATTCGTCCGTGGT-1_V13B23-285_C1,13
ACTATTTCCGGGCCCA-1_V13B23-285_C1,3
ACTCAAGTGCAAGGCT-1_V13B23-285_C1,11
ACTCAATAAAGGCACG-1_V13B23-285_C1,11
ACTCCCATTCCTAAAG-1_V13B23-285_C1,14
ACTCCCGAATTCGTTT-1_V13B23-285_C1,14
ACTCCCGTAGACTAGG-1_V13B23-285_C1,2
ACTCCCTAATGCTAAA-1_V13B23-285_C1,11
ACTCCCTAGAATAGTA-1_V13B23-285_C1,11
ACTCGATGTATTTCAT-1_V13B23-285_C1,5
ACTCGCGATCTGACGC-1_V13B23-285_C1,11
ACTCGTAACCCGTCCT-1_V13B23-285_C1,1
ACTCGTCAGTAATCCC-1_V13B23-285_C1,11
ACTCTCTGACTTAGGT-1_V13B23-285_C1,11
ACTCTCTTATACACGA-1_V13B23-285_C1,15
ACTCTTCAGCTCCCGC-1_V13B23-285_C1,5
ACTCTTGTATAGTAAC-1_V13B23-285_C1,11
ACTGAAACGCCGTTAG-1_V13B23-285_C1,11
ACTGAATGGCGAAAGT-1_V13B23-285_C1,11
ACTGCCGTCGTAACTC-1_V13B23-285_C1,13
ACTGCGGACACACCGT-1_V13B23-285_C1,11
ACTGCTCGGAAGGATG-1_V13B23-285_C1,5
ACTGTACGATACACAT-1_V13B23-285_C1,14
ACTGTAGCACTTTGGA-1_V13B23-285_C1,8
ACTGTCCAGGATTATA-1_V13B23-285_C1,5
ACTGTCTTCTTTAGAA-1_V13B23-285_C1,3
ACTGTGCTAGTAGATC-1_V13B23-285_C1,9
ACTTACCGGGCGCGCA-1_V13B23-285_C1,12
ACTTACGCATCCACGC-1_V13B23-285_C1,11
ACTTAGTACGACAAGA-1_V13B23-285_C1,9
ACTTATACTTACCCGG-1_V13B23-285_C1,11
ACTTATTAGGATCGGT-1_V13B23-285_C1,5
ACTTATTTATGTGCCA-1_V13B23-285_C1,11
ACTTCAGGCTGATCCC-1_V13B23-285_C1,11
ACTTCCATGCGGGACA-1_V13B23-285_C1,11
ACTTCGCCATACGCAC-1_V13B23-285_C1,14
ACTTCGCTAGCGAGTG-1_V13B23-285_C1,2
ACTTGACTCCCTCTTT-1_V13B23-285_C1,11
ACTTGGGACCCGGTGG-1_V13B23-285_C1,5
ACTTGTGGATGGAACG-1_V13B23-285_C1,11
ACTTTACCCTCATGAA-1_V13B23-285_C1,14
ACTTTCCTATAGCTTC-1_V13B23-285_C1,7
ACTTTGACTGCATCCT-1_V13B23-285_C1,14
ACTTTGGTCGTGCTCC-1_V13B23-285_C1,8
ACTTTGTCGACGCACT-1_V13B23-285_C1,11
AGAAATTATGACTCGC-1_V13B23-285_C1,11
AGAACCCAGCGTGACA-1_V13B23-285_C1,11
AGAACGTGGTACATTC-1_V13B23-285_C1,8
AGAAGAGCGCCGTTCC-1_V13B23-285_C1,11
AGAAGGTACACTTCAC-1_V13B23-285_C1,5
AGAAGGTTGCCGAATT-1_V13B23-285_C1,3
AGAAGTGATTCGTGAT-1_V13B23-285_C1,7
AGAATAAATCTTCAGG-1_V13B23-285_C1,14
AGAATGCGGGTTCGGA-1_V13B23-285_C1,15
AGAATTATGGATTCGA-1_V13B23-285_C1,8
AGAATTGTTTGACATA-1_V13B23-285_C1,5
AGACAGCTCAGAATCC-1_V13B23-285_C1,5
AGACAGGCATCTCAGC-1_V13B23-285_C1,11
AGACCAAACCACACCT-1_V13B23-285_C1,8
AGACCATGGGATACAA-1_V13B23-285_C1,5
AGACCCACCGCTGATC-1_V13B23-285_C1,11
AGACCCGCCCTCCTCG-1_V13B23-285_C1,10
AGACCGCTCCGCGGTT-1_V13B23-285_C1,11
AGACCGGGAAACCCTG-1_V13B23-285_C1,12
AGACGAAGTGCCGGTC-1_V13B23-285_C1,11
AGACGACGATGCCGCT-1_V13B23-285_C1,1
AGACGCCCACTTCGCC-1_V13B23-285_C1,10
AGACTAGCCTTCCAGA-1_V13B23-285_C1,5
AGACTGTTACCGGGTC-1_V13B23-285_C1,1
AGAGAACCGTCTAGGA-1_V13B23-285_C1,14
AGAGAAGGAGTACAAT-1_V13B23-285_C1,1
AGAGATCTCTAAAGCG-1_V13B23-285_C1,5
AGAGCAGTTATGAGAC-1_V13B23-285_C1,5
AGAGCCGCCGAGATTT-1_V13B23-285_C1,11
AGAGCGGGCTAATCAT-1_V13B23-285_C1,13
AGAGCGTACAAGCTCG-1_V13B23-285_C1,5
AGAGGCTTCGGAAACC-1_V13B23-285_C1,11
AGAGTAAACTTCACTA-1_V13B23-285_C1,11
AGAGTATAGTGTTACG-1_V13B23-285_C1,14
AGATAACTTCAGGGCC-1_V13B23-285_C1,5
AGATACCAGCACTTCA-1_V13B23-285_C1,2
AGATACCGGTGTTCAC-1_V13B23-285_C1,1
AGATACGACTTCATAT-1_V13B23-285_C1,9
AGATACTCAAGATCGA-1_V13B23-285_C1,11
AGATCGTGCATAAGAT-1_V13B23-285_C1,14
AGATCTCAGGTGTGAT-1_V13B23-285_C1,14
AGATGACTCGCCCACG-1_V13B23-285_C1,13
AGATGAGGGTTGCGAT-1_V13B23-285_C1,14
AGATGATGGAGTCTGG-1_V13B23-285_C1,2
AGATGCAAGACGTGCA-1_V13B23-285_C1,1
AGATGCTATAACGAGC-1_V13B23-285_C1,4
AGATTATAGGACGTTT-1_V13B23-285_C1,5
AGATTCACAACCGATA-1_V13B23-285_C1,3
AGCAAAGGCCGCTAGT-1_V13B23-285_C1,11
AGCAACATATCTTATT-1_V13B23-285_C1,11
AGCAACCGAAAGTAAT-1_V13B23-285_C1,7
AGCACCAGTACTCACG-1_V13B23-285_C1,3
AGCACTACCGGCCTGT-1_V13B23-285_C1,5
AGCACTACCTCACCAG-1_V13B23-285_C1,11
AGCACTTAAGGACGCC-1_V13B23-285_C1,5
AGCAGCCAGATGAATA-1_V13B23-285_C1,1
AGCATATCAATATGCT-1_V13B23-285_C1,11
AGCATCATTTCGAAAG-1_V13B23-285_C1,5
AGCATCGTCGATAATT-1_V13B23-285_C1,10
AGCCACAGGTTACCCG-1_V13B23-285_C1,11
AGCCACTCCCGTGCTT-1_V13B23-285_C1,4
AGCCCATACATGTAAG-1_V13B23-285_C1,14
AGCCCGGTAGCCTGTA-1_V13B23-285_C1,1
AGCCCTAAGCGAAGTT-1_V13B23-285_C1,13
AGCCCTGTCGCACCGT-1_V13B23-285_C1,11
AGCCCTTCTAATCCGA-1_V13B23-285_C1,14
AGCCCTTGGACATCCC-1_V13B23-285_C1,11
AGCCGTGGCTAAATGT-1_V13B23-285_C1,1
AGCCTAATACCCACGT-1_V13B23-285_C1,5
AGCCTTAAAGCGGAAG-1_V13B23-285_C1,5
AGCGACAGGAACGGTC-1_V13B23-285_C1,1
AGCGACATCCCATTCA-1_V13B23-285_C1,13
AGCGACCAACGATATT-1_V13B23-285_C1,5
AGCGCATAATGAATCG-1_V13B23-285_C1,1
AGCGCGGGTGCCAATG-1_V13B23-285_C1,10
AGCGCTAGAGCGATGT-1_V13B23-285_C1,11
AGCGGACACTTCGTAG-1_V13B23-285_C1,1
AGCGGCGGTTAGCGGT-1_V13B23-285_C1,3
AGCGGGAAGGGTCCAT-1_V13B23-285_C1,9
AGCGGTTGCCGCTCTG-1_V13B23-285_C1,12
AGCGTGGTATTCTACT-1_V13B23-285_C1,11
AGCTAACAAGCAATGT-1_V13B23-285_C1,5
AGCTAGAAGCAGAAGT-1_V13B23-285_C1,14
AGCTATTTAATCCAAC-1_V13B23-285_C1,13
AGCTCCATATATGTTC-1_V13B23-285_C1,11
AGCTCCTTCGCACATC-1_V13B23-285_C1,11
AGCTCTAGACGTTCCA-1_V13B23-285_C1,11
AGCTCTTCCCAGTGCA-1_V13B23-285_C1,14
AGCTCTTCGTAACCTT-1_V13B23-285_C1,11
AGCTCTTTACTCAGTT-1_V13B23-285_C1,1
AGCTGAAGTAAACCAA-1_V13B23-285_C1,11
AGCTGTAACCTCAATC-1_V13B23-285_C1,8
AGCTTGATCTTAACTT-1_V13B23-285_C1,12
AGGAAGCTGTCCGCCG-1_V13B23-285_C1,11
AGGACAGTCGAATCCC-1_V13B23-285_C1,11
AGGACATCGCACGTCG-1_V13B23-285_C1,15
AGGACGACCCATTAGA-1_V13B23-285_C1,1
AGGACGCTCGATGTTG-1_V13B23-285_C1,14
AGGAGACATCCACAGT-1_V13B23-285_C1,7
AGGAGAGTCTGGCTAC-1_V13B23-285_C1,14
AGGAGGCCTTCGCGCG-1_V13B23-285_C1,11
AGGATAAAGTCGGGAT-1_V13B23-285_C1,11
AGGATATAGGGATTTA-1_V13B23-285_C1,11
AGGATCACGCGATCTG-1_V13B23-285_C1,5
AGGATTGCTTACGACA-1_V13B23-285_C1,14
AGGCACGTGACTGTCC-1_V13B23-285_C1,11
AGGCAGATGCGTAAAC-1_V13B23-285_C1,14
AGGCAGGGAGCGTACT-1_V13B23-285_C1,1
AGGCATTGTCGTAGGG-1_V13B23-285_C1,11
AGGCCACATTGGTTAC-1_V13B23-285_C1,11
AGGCCACCCGTTATGA-1_V13B23-285_C1,5
AGGCCCATTGTACAGG-1_V13B23-285_C1,13
AGGCCCTAGAACGCCA-1_V13B23-285_C1,1
AGGCCTGAGAATCTCG-1_V13B23-285_C1,11
AGGCGATAACTGGCGT-1_V13B23-285_C1,11
AGGCGGTTTGTCCCGC-1_V13B23-285_C1,5
AGGCGTCTATGGACGG-1_V13B23-285_C1,14
AGGCTATGGTTAGCTT-1_V13B23-285_C1,5
AGGCTTCCCGAAGAAG-1_V13B23-285_C1,1
AGGCTTGCTAGACACC-1_V13B23-285_C1,5
AGGGAAACGAGGTACT-1_V13B23-285_C1,14
AGGGACCGGCTGCGTT-1_V13B23-285_C1,11
AGGGACTCTACGCGAC-1_V13B23-285_C1,1
AGGGAGACATACTTCG-1_V13B23-285_C1,14
AGGGCAGCGGCGTGGT-1_V13B23-285_C1,9
AGGGCGAGCAGCTGAT-1_V13B23-285_C1,14
AGGGCGTGATCGGCTA-1_V13B23-285_C1,4
AGGGCTGCAGTTACAG-1_V13B23-285_C1,4
AGGGTCAGTAACCCTA-1_V13B23-285_C1,14
AGGGTCGATGCGAACT-1_V13B23-285_C1,11
AGGGTGCTCTCGAGGG-1_V13B23-285_C1,1
AGGGTGGATAGTGCAT-1_V13B23-285_C1,5
AGGGTTCCCTTTGGTT-1_V13B23-285_C1,7
AGGGTTTAGTTCGGGA-1_V13B23-285_C1,8
AGGTAACCTCCTATTC-1_V13B23-285_C1,9
AGGTACGATATTGCCA-1_V13B23-285_C1,13
AGGTAGGTACAAAGCT-1_V13B23-285_C1,10
AGGTATAATTGATAGT-1_V13B23-285_C1,11
AGGTATGCGGACATTA-1_V13B23-285_C1,11
AGGTCAGGTGAGAGTG-1_V13B23-285_C1,1
AGGTCGCCTCCCAACA-1_V13B23-285_C1,11
AGGTCGCGGAGTTACT-1_V13B23-285_C1,3
AGGTGTATCGCCATGA-1_V13B23-285_C1,7
AGGTTACACCATGCCG-1_V13B23-285_C1,11
AGGTTGAGGCACGCTT-1_V13B23-285_C1,13
AGGTTTCACACACCTT-1_V13B23-285_C1,11
AGTAATGTCTTGCCGC-1_V13B23-285_C1,13
AGTACATCATTTATCA-1_V13B23-285_C1,14
AGTACCTTCGAGTGCT-1_V13B23-285_C1,2
AGTACGGCCCGTATCG-1_V13B23-285_C1,14
AGTACGGGCACCTGGC-1_V13B23-285_C1,1
AGTACTCTTATGCCCA-1_V13B23-285_C1,11
AGTAGGAAGGAAGTTG-1_V13B23-285_C1,14
AGTAGGTAACATACAT-1_V13B23-285_C1,9
AGTATAATACTAGGCA-1_V13B23-285_C1,5
AGTATGCTGGAGACCA-1_V13B23-285_C1,1
AGTATTTGGCACGACC-1_V13B23-285_C1,1
AGTCAACACCACCATC-1_V13B23-285_C1,5
AGTCAAGATGACACTT-1_V13B23-285_C1,11
AGTCACTAGCTCTCGA-1_V13B23-285_C1,11
AGTCAGCCACCGCCTG-1_V13B23-285_C1,5
AGTCCATTGGCTGATG-1_V13B23-285_C1,11
AGTCCCGCCTTTAATT-1_V13B23-285_C1,7
AGTCCCTCGCAGAAAG-1_V13B23-285_C1,14
AGTCGACGGTCTCAAG-1_V13B23-285_C1,11
AGTCGGCCCAAACGAC-1_V13B23-285_C1,5
AGTCGGCTCAACTTTA-1_V13B23-285_C1,7
AGTCGGTTGCGTGAGA-1_V13B23-285_C1,11
AGTCGTCGACCACCAA-1_V13B23-285_C1,11
AGTCGTGGGCATTACG-1_V13B23-285_C1,1
AGTCTAAAGTATACTC-1_V13B23-285_C1,14
AGTCTCACAAGACTAC-1_V13B23-285_C1,1
AGTCTGGACATCCTTG-1_V13B23-285_C1,5
AGTCTTCTCCTCAAAT-1_V13B23-285_C1,12
AGTGAACAAACTTCTC-1_V13B23-285_C1,11
AGTGAAGATGGTGTCC-1_V13B23-285_C1,14
AGTGACCTACTTTACG-1_V13B23-285_C1,5
AGTGAGACTTCCAGTA-1_V13B23-285_C1,11
AGTGAGCCTCGCCGCC-1_V13B23-285_C1,14
AGTGAGGGTTTCTGAC-1_V13B23-285_C1,12
AGTGATAACCTGCGCG-1_V13B23-285_C1,11
AGTGATATGAGTAGTT-1_V13B23-285_C1,5
AGTGATTCAAGCAGGA-1_V13B23-285_C1,1
AGTGCACGCTTAAGAA-1_V13B23-285_C1,11
AGTGCGTAGCTCGTAA-1_V13B23-285_C1,8
AGTGCTAAACACAGCA-1_V13B23-285_C1,11
AGTGCTTGCACGAATA-1_V13B23-285_C1,11
AGTGGCGGCAATTTGA-1_V13B23-285_C1,1
AGTGGCGTCTGAAGGT-1_V13B23-285_C1,11
AGTGGCTCCGTCGGCC-1_V13B23-285_C1,5
AGTGGTGTTACCCGTG-1_V13B23-285_C1,14
AGTGGTTGCGTATAGG-1_V13B23-285_C1,14
AGTGTATTGCGCATTG-1_V13B23-285_C1,3
AGTGTGCTAAGATCGC-1_V13B23-285_C1,13
AGTGTGGTCTATTGTG-1_V13B23-285_C1,5
AGTTAAACACTTGCGA-1_V13B23-285_C1,10
AGTTAAGCGGTCCCGG-1_V13B23-285_C1,13
AGTTAAGTCAACCGCT-1_V13B23-285_C1,8
AGTTACCCTTAAGACT-1_V13B23-285_C1,1
AGTTACCGCACATGGT-1_V13B23-285_C1,5
AGTTACTCTATCGTGG-1_V13B23-285_C1,14
AGTTCACCGGTTGGAC-1_V13B23-285_C1,7
AGTTCCTACAGAATTA-1_V13B23-285_C1,5
AGTTCCTATTTATGTT-1_V13B23-285_C1,11
AGTTCTGCGTTGTATC-1_V13B23-285_C1,12
AGTTGCTGACTGATAT-1_V13B23-285_C1,12
AGTTTATGTAAAGACA-1_V13B23-285_C1,8
AGTTTCGCAGGTCGGA-1_V13B23-285_C1,6
AGTTTGCACCTGCCTC-1_V13B23-285_C1,11
AGTTTGGCACGGGTTG-1_V13B23-285_C1,11
AGTTTGGCCAGACCTA-1_V13B23-285_C1,1
ATAAACGGACCCGTAA-1_V13B23-285_C1,11
ATAAACGTTGCACCAC-1_V13B23-285_C1,11
ATAAAGGCTCGGTCGT-1_V13B23-285_C1,5
ATAAATATTAGCAGCT-1_V13B23-285_C1,5
ATAACGCCGGAGGGTC-1_V13B23-285_C1,11
ATAACGGAGTCCAACG-1_V13B23-285_C1,13
ATAAGGTGGAGAACAT-1_V13B23-285_C1,11
ATAAGTAGGATTCAGA-1_V13B23-285_C1,14
ATAAGTAGGGCGACTC-1_V13B23-285_C1,11
ATAAGTTACCGCGACG-1_V13B23-285_C1,5
ATAATACCGTTAGCCG-1_V13B23-285_C1,5
ATAATAGCTGTTGAAT-1_V13B23-285_C1,11
ATAATAGTGTAGGGAC-1_V13B23-285_C1,5
ATAATCTTGGAGAACC-1_V13B23-285_C1,11
ATACAGGCCCTCCAAT-1_V13B23-285_C1,11
ATACCACGGGCAACTT-1_V13B23-285_C1,5
ATACCGTCATCCATAA-1_V13B23-285_C1,2
ATACCTAACCAAGAAA-1_V13B23-285_C1,11
ATACGAAGGCTTTCCA-1_V13B23-285_C1,11
ATACGCCGGCGAAACC-1_V13B23-285_C1,11
ATACGGAACGTCGTTT-1_V13B23-285_C1,1
ATACGGGTTTCGATTG-1_V13B23-285_C1,15
ATACGGTGAAGATGCA-1_V13B23-285_C1,5
ATACGTACTTAGCCAC-1_V13B23-285_C1,11
ATACGTCCACTCCTGT-1_V13B23-285_C1,11
ATACGTTATGCACGGA-1_V13B23-285_C1,7
ATACTACCCGTACCAC-1_V13B23-285_C1,11
ATACTAGCATGACCCT-1_V13B23-285_C1,13
ATACTGCCTTACACCG-1_V13B23-285_C1,11
ATACTTGTTCTCGAGC-1_V13B23-285_C1,5
ATAGACAACGGGACCT-1_V13B23-285_C1,7
ATAGACGAAGAGAAAG-1_V13B23-285_C1,5
ATAGAGTACTGGGACA-1_V13B23-285_C1,5
ATAGAGTTATCAACTT-1_V13B23-285_C1,8
ATAGCAACTAGGGAAG-1_V13B23-285_C1,11
ATAGCCTCAGTACCCA-1_V13B23-285_C1,5
ATAGCTGCTCTTGTTA-1_V13B23-285_C1,4
ATAGGCGGCTATAGAA-1_V13B23-285_C1,3
ATAGGCTAGCTTCGCA-1_V13B23-285_C1,10
ATAGGGATATCCTTGA-1_V13B23-285_C1,13
ATAGGTTGGGCAGATG-1_V13B23-285_C1,3
ATAGTGAAGCGTTCTC-1_V13B23-285_C1,5
ATAGTTCCACCCACTC-1_V13B23-285_C1,11
ATATAAAGCGCTCGTG-1_V13B23-285_C1,11
ATATAAATGTAGCTGC-1_V13B23-285_C1,11
ATATACGCTCGTGACG-1_V13B23-285_C1,11
ATATCAACCTACAGAG-1_V13B23-285_C1,11
ATATCGGTAGGGAGAT-1_V13B23-285_C1,11
ATATCGTTCCTCGAAC-1_V13B23-285_C1,11
ATATCTCCCTCGTTAA-1_V13B23-285_C1,1
ATATCTTAGGGCCTTC-1_V13B23-285_C1,11
ATATGTCTCCCTAGCC-1_V13B23-285_C1,11
ATATTCAGTTAAACCT-1_V13B23-285_C1,10
ATATTCCACATAGTGA-1_V13B23-285_C1,11
ATATTCCCACAGGTCA-1_V13B23-285_C1,9
ATATTGCTGTCAAAGT-1_V13B23-285_C1,5
ATATTGGAGAGGCCTT-1_V13B23-285_C1,11
ATATTTAACCCTCAAG-1_V13B23-285_C1,5
ATCAAACACTGTTCCA-1_V13B23-285_C1,11
ATCAAACGAAGGTTTG-1_V13B23-285_C1,14
ATCAATCTGGGCTGCA-1_V13B23-285_C1,2
ATCAATGCCGTGGCTG-1_V13B23-285_C1,1
ATCACATTAGAATATC-1_V13B23-285_C1,1
ATCACGTGCTAATTAA-1_V13B23-285_C1,1
ATCACTTCATCCTCGC-1_V13B23-285_C1,12
ATCAGACGGCACGCCG-1_V13B23-285_C1,1
ATCAGCCTCATGCTGC-1_V13B23-285_C1,11
ATCAGCTCGTCCACTA-1_V13B23-285_C1,5
ATCAGGTAGCTGACAG-1_V13B23-285_C1,5
ATCAGTAGGCAGGGAT-1_V13B23-285_C1,1
ATCATAGCCCTATGTA-1_V13B23-285_C1,11
ATCATCCAATATTTGT-1_V13B23-285_C1,5
ATCATGGACTACCGAC-1_V13B23-285_C1,11
ATCCAACGCAGTCATA-1_V13B23-285_C1,4
ATCCAATGGAGGGTCC-1_V13B23-285_C1,7
ATCCACATCGACAGAA-1_V13B23-285_C1,11
ATCCAGAGCAACAACC-1_V13B23-285_C1,10
ATCCAGGATTCGTGAA-1_V13B23-285_C1,1
ATCCTACCTAAGCTCT-1_V13B23-285_C1,5
ATCCTGAATCGCTGCG-1_V13B23-285_C1,1
ATCCTGCGTGGAATGG-1_V13B23-285_C1,10
ATCCTTCTGAAAGAAC-1_V13B23-285_C1,11
ATCGACCCAATACAGA-1_V13B23-285_C1,11
ATCGACTCTTTCCGTT-1_V13B23-285_C1,13
ATCGCACGCCGGGAGA-1_V13B23-285_C1,10
ATCGCCAGTCAACATT-1_V13B23-285_C1,11
ATCGCTGCGTGCAGCA-1_V13B23-285_C1,14
ATCGCTTTACGTCTCA-1_V13B23-285_C1,5
ATCGGAGACAGACGGC-1_V13B23-285_C1,11
ATCGGCAAGCAGTCCA-1_V13B23-285_C1,14
ATCGGTTACCTAGTAA-1_V13B23-285_C1,1
ATCGTTAGCTAGCGGA-1_V13B23-285_C1,11
ATCGTTCACTTTCGCC-1_V13B23-285_C1,12
ATCTAACGTCCCTATG-1_V13B23-285_C1,4
ATCTAATATCCTACGG-1_V13B23-285_C1,11
ATCTCCCACGGAATAT-1_V13B23-285_C1,11
ATCTCCCTGCAATCTA-1_V13B23-285_C1,13
ATCTCGTGAGCGAAAC-1_V13B23-285_C1,11
ATCTGATAGTGTCTTA-1_V13B23-285_C1,5
ATCTGCACCTCTGCGA-1_V13B23-285_C1,14
ATCTGGGCTGTTCTTG-1_V13B23-285_C1,11
ATCTGGTTAAGACTGT-1_V13B23-285_C1,3
ATCTGTAATTGTACCC-1_V13B23-285_C1,13
ATCTTGACCTGCAACG-1_V13B23-285_C1,5
ATCTTGACTTGTCCAA-1_V13B23-285_C1,14
ATCTTTCGTATAACCA-1_V13B23-285_C1,14
ATGAAGCCAAGGAGCC-1_V13B23-285_C1,12
ATGACGCCGGCTCTAA-1_V13B23-285_C1,13
ATGACGCGTTCTATCC-1_V13B23-285_C1,8
ATGACTATCAGCTGTG-1_V13B23-285_C1,1
ATGACTATGCGACATT-1_V13B23-285_C1,11
ATGAGGAGTGTTAATC-1_V13B23-285_C1,5
ATGAGGGCAGCGGCTA-1_V13B23-285_C1,11
ATGATCGGGAATAGAC-1_V13B23-285_C1,13
ATGATGCAATGGTACA-1_V13B23-285_C1,5
ATGCACCTTCCTTAAT-1_V13B23-285_C1,7
ATGCACTACCGCATTG-1_V13B23-285_C1,5
ATGCATGATCCAGGAT-1_V13B23-285_C1,1
ATGCCAATCGCTCTGC-1_V13B23-285_C1,13
ATGCCATTTGCGACCA-1_V13B23-285_C1,11
ATGCCGGTCTTGCATA-1_V13B23-285_C1,14
ATGCCGGTTGATGGGA-1_V13B23-285_C1,15
ATGCGACAATTGGTCC-1_V13B23-285_C1,15
ATGCGACAGTCCCATT-1_V13B23-285_C1,13
ATGCGAGTCCCACCAC-1_V13B23-285_C1,11
ATGCTCAGTGTTGCAT-1_V13B23-285_C1,5
ATGCTCTGGCGCGGTA-1_V13B23-285_C1,11
ATGCTTAGGAGTTGAT-1_V13B23-285_C1,11
ATGGAACCTTTGCACA-1_V13B23-285_C1,11
ATGGAGCAGGCCGTGA-1_V13B23-285_C1,12
ATGGATCCGGCGTCCG-1_V13B23-285_C1,13
ATGGATTGACCAAACG-1_V13B23-285_C1,1
ATGGCAGCCGAGAAAC-1_V13B23-285_C1,3
ATGGCGGAATAGTCGC-1_V13B23-285_C1,5
ATGGCTGGAAATGGCC-1_V13B23-285_C1,12
ATGGGACCTGCTGAAC-1_V13B23-285_C1,1
ATGGGCCTCGGCCTCT-1_V13B23-285_C1,11
ATGGTCGCGTGGTTTC-1_V13B23-285_C1,12
ATGTAAGGCTGCTCTT-1_V13B23-285_C1,14
ATGTGAAAGCCTAATG-1_V13B23-285_C1,1
ATGTGCATCCGACGCA-1_V13B23-285_C1,5
ATGTGGACATCTTGAT-1_V13B23-285_C1,11
ATGTTACGAGCAATAC-1_V13B23-285_C1,5
ATGTTCCTGCCCACCT-1_V13B23-285_C1,5
ATGTTCGTCGACCCAC-1_V13B23-285_C1,5
ATGTTTCGGCCCGGAG-1_V13B23-285_C1,5
ATTAAACATGCGGACC-1_V13B23-285_C1,5
ATTAATACTACGCGGG-1_V13B23-285_C1,13
ATTAATGAACCAGTCG-1_V13B23-285_C1,1
ATTAATTCGGTCACTC-1_V13B23-285_C1,13
ATTACAACTACCGGCC-1_V13B23-285_C1,12
ATTACATGTCAGTCTT-1_V13B23-285_C1,11
ATTACCACACTGCCTG-1_V13B23-285_C1,11
ATTACGACTCCACAGT-1_V13B23-285_C1,2
ATTACGCGCTGGCAGG-1_V13B23-285_C1,5
ATTACTAGCCTCTTGC-1_V13B23-285_C1,1
ATTACTTACTGGGCAT-1_V13B23-285_C1,8
ATTAGATTCCTCAGCA-1_V13B23-285_C1,8
ATTAGATTGATAGCGG-1_V13B23-285_C1,13
ATTAGGCGATGCTTTC-1_V13B23-285_C1,11
ATTATACTTTGCTCGT-1_V13B23-285_C1,13
ATTATGCCATAGGGAG-1_V13B23-285_C1,10
ATTATTATGTCCGTCA-1_V13B23-285_C1,1
ATTCAACCATTTAAGG-1_V13B23-285_C1,11
ATTCACTGATGTTGGA-1_V13B23-285_C1,11
ATTCAGGACCTATTTC-1_V13B23-285_C1,14
ATTCAGTAGCAGGGTC-1_V13B23-285_C1,5
ATTCATATACTGTCCA-1_V13B23-285_C1,11
ATTCATCGTTGAGGCA-1_V13B23-285_C1,11
ATTCCCACATAAACAA-1_V13B23-285_C1,5
ATTCCTAAGACGTGGA-1_V13B23-285_C1,14
ATTCCTCCGCCAGTGC-1_V13B23-285_C1,5
ATTCGACGCCGGGCCT-1_V13B23-285_C1,3
ATTCGTGCTATCTCTT-1_V13B23-285_C1,11
ATTCTCGTCTCTTTAG-1_V13B23-285_C1,9
ATTCTTCGTACTTATG-1_V13B23-285_C1,12
ATTGAAGATCTTAGTG-1_V13B23-285_C1,5
ATTGACCGGCGATGAC-1_V13B23-285_C1,8
ATTGACGTAACTCGGT-1_V13B23-285_C1,9
ATTGATAGCAACGAGA-1_V13B23-285_C1,12
ATTGATGAGTCCTAAC-1_V13B23-285_C1,8
ATTGCGATCAGTAACT-1_V13B23-285_C1,11
ATTGCTGCTCCTCCAT-1_V13B23-285_C1,5
ATTGGATTACAGCGTA-1_V13B23-285_C1,11
ATTGGGAATATCTTGG-1_V13B23-285_C1,9
ATTGTACAACTCGGCT-1_V13B23-285_C1,11
ATTGTCGCAATACCTT-1_V13B23-285_C1,14
ATTGTGACTTCGCTGC-1_V13B23-285_C1,2
ATTGTTCAACGATCCG-1_V13B23-285_C1,11
ATTTACAGTTTACTGG-1_V13B23-285_C1,5
ATTTACTAAGTCCATT-1_V13B23-285_C1,14
ATTTCATTATTTCGCG-1_V13B23-285_C1,13
ATTTCCGGGTTCTGCG-1_V13B23-285_C1,1
ATTTGCGCGAGTAGCT-1_V13B23-285_C1,8
ATTTGTCTTGGGAGCT-1_V13B23-285_C1,11
ATTTGTTCCAGGGCTC-1_V13B23-285_C1,13
CAAACGAGTATCGCAG-1_V13B23-285_C1,12
CAAACGGTCGCACTTT-1_V13B23-285_C1,5
CAAACTACGATAGAGA-1_V13B23-285_C1,12
CAAACTATTGAGCTTC-1_V13B23-285_C1,9
CAAACTCGCGACGCCG-1_V13B23-285_C1,11
CAAAGATTATTGGGCC-1_V13B23-285_C1,1
CAAAGGTCATCTGAAA-1_V13B23-285_C1,11
CAAATCTCTCACAAGG-1_V13B23-285_C1,1
CAAATGTCCTTCCGTG-1_V13B23-285_C1,5
CAAATTGGATTATGCC-1_V13B23-285_C1,8
CAAATTGTCAGCAAGC-1_V13B23-285_C1,6
CAACACATCTCCTGCC-1_V13B23-285_C1,14
CAACCAGTGGCCTACC-1_V13B23-285_C1,11
CAACCGCACCTAGACA-1_V13B23-285_C1,8
CAACCTACCGAGCAGT-1_V13B23-285_C1,11
CAACCTGAACCTGCCA-1_V13B23-285_C1,14
CAACGACCCGTTTACA-1_V13B23-285_C1,12
CAACGGTTCTTGATAC-1_V13B23-285_C1,4
CAACGTGGTGGAGTCT-1_V13B23-285_C1,11
CAACTCCGTAACTTGC-1_V13B23-285_C1,2
CAACTCCTTGATCCCG-1_V13B23-285_C1,12
CAACTGCTCATCCGAT-1_V13B23-285_C1,3
CAAGACTCAGAAGCGC-1_V13B23-285_C1,14
CAAGAGGGCGGAGTAC-1_V13B23-285_C1,11
CAAGATATTATAACGT-1_V13B23-285_C1,11
CAAGCAACGTCGGAGT-1_V13B23-285_C1,5
CAAGCACCAAATGCCT-1_V13B23-285_C1,13
CAAGCGGCACATAATT-1_V13B23-285_C1,11
CAAGGATCGCATGTTC-1_V13B23-285_C1,11
CAAGGTCCTATAGGCT-1_V13B23-285_C1,8
CAAGTGTGGTTGCAAA-1_V13B23-285_C1,11
CAATAAACCTTGGCCC-1_V13B23-285_C1,13
CAATACGAGAGTCTGA-1_V13B23-285_C1,11
CAATATGTAGATTTAC-1_V13B23-285_C1,2
CAATATTCTTGACCTA-1_V13B23-285_C1,5
CAATCCCTATACCAGC-1_V13B23-285_C1,12
CAATCCTGCCGTGGAG-1_V13B23-285_C1,5
CAATGAGGTTCGACTA-1_V13B23-285_C1,14
CAATGCGAGAAGTATC-1_V13B23-285_C1,11
CAATGGAATCTACATA-1_V13B23-285_C1,12
CAATGGATCTCTACCA-1_V13B23-285_C1,14
CAATGTGCCAACCCTT-1_V13B23-285_C1,11
CAATTAAGGGTGATGA-1_V13B23-285_C1,8
CAATTTCGTATAAGGG-1_V13B23-285_C1,11
CACAAGAAAGATATTA-1_V13B23-285_C1,15
CACAATGAGCTGCTAT-1_V13B23-285_C1,5
CACACACGCTAACGAG-1_V13B23-285_C1,11
CACACAGCTTGCGCTC-1_V13B23-285_C1,11
CACACAGGGATAGATT-1_V13B23-285_C1,5
CACACGCGCTGTCTTA-1_V13B23-285_C1,1
CACAGCACCCACGGCA-1_V13B23-285_C1,1
CACAGCTAGGGAGTGA-1_V13B23-285_C1,13
CACAGGGCCATATAGT-1_V13B23-285_C1,11
CACAGGGCCGTTGTCA-1_V13B23-285_C1,1
CACAGTCCCGCTTCGC-1_V13B23-285_C1,11
CACAGTTCGCTTCCCA-1_V13B23-285_C1,11
CACATATTAGCAGGAT-1_V13B23-285_C1,11
CACATCGTGCACGCGC-1_V13B23-285_C1,1
CACATCTCACCGACGA-1_V13B23-285_C1,11
CACATGATTCAGCAAC-1_V13B23-285_C1,11
CACATTCTTTCGATGG-1_V13B23-285_C1,14
CACATTTCTTGTCAGA-1_V13B23-285_C1,11
CACCACGCCACACAGA-1_V13B23-285_C1,14
CACCAGTCAGCATGCA-1_V13B23-285_C1,1
CACCATCGGAGGAGAC-1_V13B23-285_C1,9
CACCATGATCGCAAAG-1_V13B23-285_C1,2
CACCCAAATCTTATGT-1_V13B23-285_C1,11
CACCCACACGTCACCC-1_V13B23-285_C1,5
CACCCACGAGGCAATT-1_V13B23-285_C1,13
CACCCGGTTTGTGACT-1_V13B23-285_C1,5
CACCCTAACAAGATCT-1_V13B23-285_C1,11
CACCCTTGGTGAGACC-1_V13B23-285_C1,12
CACCGATACACCGAGC-1_V13B23-285_C1,15
CACCGCCAGAAGGTTT-1_V13B23-285_C1,10
CACCGCCGACCAGCGA-1_V13B23-285_C1,9
CACCGCGTCCACTCTA-1_V13B23-285_C1,12
CACCGTATCCCATCCG-1_V13B23-285_C1,11
CACCGTTAGGGATCAC-1_V13B23-285_C1,1
CACCGTTGCGCGATAT-1_V13B23-285_C1,10
CACCTAATAGAGTCGT-1_V13B23-285_C1,5
CACCTAATCAGTTTAC-1_V13B23-285_C1,13
CACCTCGATGGTGGAC-1_V13B23-285_C1,13
CACCTTGCGAAACTCG-1_V13B23-285_C1,1
CACCTTGGCGCCTTTG-1_V13B23-285_C1,12
CACGAAAGTTAGTCCC-1_V13B23-285_C1,5
CACGCACAGCGCAGCT-1_V13B23-285_C1,1
CACGCAGCGAGGCTTT-1_V13B23-285_C1,5
CACGCGGAACTGTTGC-1_V13B23-285_C1,11
CACGGACGTGGATGGC-1_V13B23-285_C1,14
CACGGCGCGCCAAAGG-1_V13B23-285_C1,14
CACGGGATTGAGGGTT-1_V13B23-285_C1,5
CACGTCGGCAACCTCT-1_V13B23-285_C1,8
CACGTTCGTGCTCTAG-1_V13B23-285_C1,11
CACGTTTCGTACACAC-1_V13B23-285_C1,11
CACTAAAGTTGCCTAT-1_V13B23-285_C1,5
CACTACGGGAGCTGCC-1_V13B23-285_C1,11
CACTCAAGAGCTATGG-1_V13B23-285_C1,5
CACTCAGCTCTTGAGG-1_V13B23-285_C1,9
CACTCCTATGTAAGAT-1_V13B23-285_C1,1
CACTCCTCTCGGTCGG-1_V13B23-285_C1,14
CACTCGAGCTGAACAA-1_V13B23-285_C1,11
CACTCGGTTAGGAGGA-1_V13B23-285_C1,5
CACTCTTCTGCTAGCC-1_V13B23-285_C1,11
CACTGTCCAAGTGAGA-1_V13B23-285_C1,12
CACTTAATCAGACGGA-1_V13B23-285_C1,5
CACTTCGCCACAGGCT-1_V13B23-285_C1,5
CACTTCGTCTTATCTC-1_V13B23-285_C1,5
CAGAACTTAGCCCTCT-1_V13B23-285_C1,11
CAGAATAACACACGGA-1_V13B23-285_C1,11
CAGAATATTCGTTATC-1_V13B23-285_C1,11
CAGACACCGATCGCTG-1_V13B23-285_C1,1
CAGACCTGTAAGTGTT-1_V13B23-285_C1,8
CAGACGAACCTGATAC-1_V13B23-285_C1,5
CAGAGACGGTCACCCA-1_V13B23-285_C1,1
CAGAGCATGAGCTTGC-1_V13B23-285_C1,1
CAGAGGCGATGCATGA-1_V13B23-285_C1,1
CAGAGTGATTTAACGT-1_V13B23-285_C1,9
CAGATACTAACATAGT-1_V13B23-285_C1,5
CAGATCATTTAAAGTC-1_V13B23-285_C1,14
CAGATCCTGGTTTGAA-1_V13B23-285_C1,5
CAGCAGCCCGTTCCTT-1_V13B23-285_C1,14
CAGCAGTCCAGACTAT-1_V13B23-285_C1,11
CAGCAGTCTGTGCTGC-1_V13B23-285_C1,11
CAGCCGGGCCCTCTAT-1_V13B23-285_C1,14
CAGCCTCCTGCAGAGG-1_V13B23-285_C1,12
CAGCCTCGATAGCGGT-1_V13B23-285_C1,11
CAGCCTCTCCTCAAGA-1_V13B23-285_C1,14
CAGCGATTCCCTTCAA-1_V13B23-285_C1,5
CAGCTCACTGAGACAT-1_V13B23-285_C1,13
CAGCTCGACAAGTTAA-1_V13B23-285_C1,7
CAGCTCGTGCTTGTGT-1_V13B23-285_C1,9
CAGCTGGCGTAACCGT-1_V13B23-285_C1,8
CAGCTTAGTAGGTAGC-1_V13B23-285_C1,5
CAGGAAGACTTTATAT-1_V13B23-285_C1,4
CAGGACAGCTGCCCTT-1_V13B23-285_C1,5
CAGGATATATCGTTGT-1_V13B23-285_C1,11
CAGGCCGTTTGGGTGT-1_V13B23-285_C1,5
CAGGCGCACGGTGGTC-1_V13B23-285_C1,1
CAGGCGCCATGCTAGG-1_V13B23-285_C1,11
CAGTAACTATTTATTG-1_V13B23-285_C1,14
CAGTAATCCCTCCCAG-1_V13B23-285_C1,5
CAGTACATTCTCTAAA-1_V13B23-285_C1,14
CAGTACCAGTTTACGT-1_V13B23-285_C1,1
CAGTAGCCCACGCGGT-1_V13B23-285_C1,14
CAGTCGAGGATGCAAT-1_V13B23-285_C1,8
CAGTCTGTATACTGGG-1_V13B23-285_C1,11
CAGTGAATAAATGACT-1_V13B23-285_C1,4
CAGTGGTTGCACATGA-1_V13B23-285_C1,5
CAGTGTCCGCAGAATG-1_V13B23-285_C1,9
CAGTGTCGGCTGGCCC-1_V13B23-285_C1,11
CAGTTCAAATTGACAC-1_V13B23-285_C1,5
CAGTTCCGCGGGTCGA-1_V13B23-285_C1,5
CATAACGGACAGTCGT-1_V13B23-285_C1,11
CATAAGAAGCTTGGCT-1_V13B23-285_C1,11
CATAAGCTCTCCGTCT-1_V13B23-285_C1,14
CATACAAAGCCGAACC-1_V13B23-285_C1,9
CATACACGGTTCCCAC-1_V13B23-285_C1,5
CATACCCGTACCCAGT-1_V13B23-285_C1,5
CATACGGCGTCTGGGC-1_V13B23-285_C1,11
CATACTATGTAATTGT-1_V13B23-285_C1,5
CATACTTAGGCAATAC-1_V13B23-285_C1,11
CATAGCCGCCCGGGAT-1_V13B23-285_C1,5
CATAGCGTTGCCCACC-1_V13B23-285_C1,1
CATAGTACATTGAGAG-1_V13B23-285_C1,13
CATAGTAGCATAGTAG-1_V13B23-285_C1,10
CATAGTCCACAAGAAC-1_V13B23-285_C1,1
CATATACTACTGATAA-1_V13B23-285_C1,14
CATATAGGTACAGTCA-1_V13B23-285_C1,5
CATATGTCAGGCTACG-1_V13B23-285_C1,3
CATATTATTTGCCCTA-1_V13B23-285_C1,15
CATCAAACTGGCGCCC-1_V13B23-285_C1,2
CATCAACACCTACTAA-1_V13B23-285_C1,10
CATCATCTACCCGGAC-1_V13B23-285_C1,9
CATCATTACCCTGAGG-1_V13B23-285_C1,11
CATCCGCAGGCCCGAA-1_V13B23-285_C1,12
CATCCTCTCAAAGATC-1_V13B23-285_C1,11
CATCGCCCGCGGCCAA-1_V13B23-285_C1,9
CATCGGACGGGTTAAT-1_V13B23-285_C1,5
CATCGTCCGGTTACTA-1_V13B23-285_C1,5
CATCTAGTGAAGGGAA-1_V13B23-285_C1,11
CATCTATCCCGTGTCT-1_V13B23-285_C1,14
CATCTGCAGGATCATT-1_V13B23-285_C1,3
CATCTTACACCACCTC-1_V13B23-285_C1,11
CATGACTTCGCTGAAT-1_V13B23-285_C1,11
CATGAGATGCACTCTC-1_V13B23-285_C1,11
CATGATGCACAATTCT-1_V13B23-285_C1,13
CATGATGGAAGTTAGC-1_V13B23-285_C1,11
CATGCCAACTCGCAAA-1_V13B23-285_C1,14
CATGCGACCAGTTTAA-1_V13B23-285_C1,8
CATGCGTTAGACAGAA-1_V13B23-285_C1,13
CATGCTGGCTCCAATT-1_V13B23-285_C1,6
CATGGATTGTCTTCCG-1_V13B23-285_C1,11
CATGGCAGGAAGATCG-1_V13B23-285_C1,13
CATGGGTATGCCTTAT-1_V13B23-285_C1,11
CATGGGTCGGGTGTGG-1_V13B23-285_C1,11
CATGGTAAGTAGCGTT-1_V13B23-285_C1,11
CATGGTCTAGATACCG-1_V13B23-285_C1,15
CATGTAAGAGACATTT-1_V13B23-285_C1,11
CATGTAGGAGCGCCAA-1_V13B23-285_C1,14
CATGTCTCATTTATGG-1_V13B23-285_C1,11
CATTACATAGATTGTG-1_V13B23-285_C1,14
CATTACGTCGGCCCGT-1_V13B23-285_C1,13
CATTATGCTTGTTGTG-1_V13B23-285_C1,7
CATTCCCATTCCGTCG-1_V13B23-285_C1,14
CATTCCCTAAGTACAA-1_V13B23-285_C1,15
CATTCGTCGTAGCGGT-1_V13B23-285_C1,11
CATTGATGAACACGCC-1_V13B23-285_C1,2
CATTGCGAAATGGGCG-1_V13B23-285_C1,14
CATTGCGGGTCAATTC-1_V13B23-285_C1,14
CATTGTGTGCTAGATC-1_V13B23-285_C1,5
CATTTAGCGGACCATG-1_V13B23-285_C1,14
CATTTCTAGCAGACTA-1_V13B23-285_C1,5
CATTTGAGTGGTACGT-1_V13B23-285_C1,5
CCAAACAGAACCCTCG-1_V13B23-285_C1,5
CCAAATAACAAGATTC-1_V13B23-285_C1,11
CCAACGATGCACTGAT-1_V13B23-285_C1,5
CCAACGCTTGCCAGGG-1_V13B23-285_C1,9
CCAACTTGATAGATCC-1_V13B23-285_C1,11
CCAAGAAAGTGGGCGA-1_V13B23-285_C1,1
CCAAGACTTCTGCGAA-1_V13B23-285_C1,13
CCAAGCGTAACTCGTA-1_V13B23-285_C1,12
CCAAGGAACAGAGAGG-1_V13B23-285_C1,9
CCAAGTTTCTACAGAT-1_V13B23-285_C1,13
CCAATAGTGCCGTCGA-1_V13B23-285_C1,5
CCAATCGGTAGATCGA-1_V13B23-285_C1,14
CCAATGTCACAGCAAG-1_V13B23-285_C1,5
CCAATTACGGGTCGAG-1_V13B23-285_C1,14
CCAATTGAATGTTAAT-1_V13B23-285_C1,15
CCACAATGTACGTCTT-1_V13B23-285_C1,14
CCACACTGAGATATTA-1_V13B23-285_C1,5
CCACAGTACCCATCCT-1_V13B23-285_C1,11
CCACATACTGCACCCA-1_V13B23-285_C1,11
CCACCAACTTTACTGT-1_V13B23-285_C1,5
CCACCCAAGGAAAGTG-1_V13B23-285_C1,11
CCACCTGTATGGAATA-1_V13B23-285_C1,11
CCACGAATTTAACCTC-1_V13B23-285_C1,11
CCACGAGAAGAGAATC-1_V13B23-285_C1,13
CCACGGAGCCATAAGA-1_V13B23-285_C1,7
CCACGGTGCCCGGTAG-1_V13B23-285_C1,11
CCACGTAAATTAGACT-1_V13B23-285_C1,5
CCACTATCCGGGTCAC-1_V13B23-285_C1,8
CCACTGGTGGCTGGTT-1_V13B23-285_C1,5
CCACTGTTTGGATTAA-1_V13B23-285_C1,11
CCAGAAAGCAACTCAT-1_V13B23-285_C1,1
CCAGAGACAAAGCCGG-1_V13B23-285_C1,5
CCAGATAGTTGAGTGA-1_V13B23-285_C1,14
CCAGATGTAAATGGGT-1_V13B23-285_C1,2
CCAGCCTGGACCAATA-1_V13B23-285_C1,11
CCAGCGGGATCACCAG-1_V13B23-285_C1,15
CCAGCTCGAACGCATT-1_V13B23-285_C1,4
CCAGCTGATGGTACTT-1_V13B23-285_C1,14
CCAGCTTCCGCCCGCA-1_V13B23-285_C1,5
CCAGGCTGGCGTCTGA-1_V13B23-285_C1,11
CCAGGGACGTGGCCTC-1_V13B23-285_C1,5
CCAGTAGTCTGATCCA-1_V13B23-285_C1,7
CCAGTCAAATCTCTTA-1_V13B23-285_C1,10
CCAGTCTAGACGGCGC-1_V13B23-285_C1,14
CCAGTCTTGTCATAGA-1_V13B23-285_C1,1
CCATAAACAACCCGAC-1_V13B23-285_C1,13
CCATACCTTTACTTGT-1_V13B23-285_C1,14
CCATAGGTTGGCGTGG-1_V13B23-285_C1,13
CCATAGTCAGTAACCC-1_V13B23-285_C1,12
CCATATGGAAACTATA-1_V13B23-285_C1,11
CCATATTGGATCATGA-1_V13B23-285_C1,9
CCATCCATACCAAGTC-1_V13B23-285_C1,9
CCATCGCAGTTAAACT-1_V13B23-285_C1,11
CCATCTCACCAGTGAA-1_V13B23-285_C1,11
CCATGCCCTAGATTTC-1_V13B23-285_C1,11
CCATGCCTGTTTAGTA-1_V13B23-285_C1,5
CCATGCTCTGCAGGAA-1_V13B23-285_C1,15
CCATGGCCCTTGTACC-1_V13B23-285_C1,5
CCATTAGCGATAATCC-1_V13B23-285_C1,5
CCATTCCCTGCCCACA-1_V13B23-285_C1,5
CCATTGTTTCCTCCAT-1_V13B23-285_C1,14
CCATTTCTACCTATTA-1_V13B23-285_C1,11
CCCAAACATGCTGCTC-1_V13B23-285_C1,10
CCCAACATACGTCGCG-1_V13B23-285_C1,3
CCCAACCACACTAACA-1_V13B23-285_C1,9
CCCAATGAGATTTGCA-1_V13B23-285_C1,1
CCCAATTTCACAACTT-1_V13B23-285_C1,1
CCCAGAGGAGGGCGTA-1_V13B23-285_C1,14
CCCAGGTCTGAAGGCT-1_V13B23-285_C1,11
CCCAGTTAAGGCGCCG-1_V13B23-285_C1,11
CCCGAAGTTTCGCGAA-1_V13B23-285_C1,14
CCCGACCATAGTCCGC-1_V13B23-285_C1,13
CCCGAGTTTCTCCGTA-1_V13B23-285_C1,11
CCCGATAGCCTCGCCT-1_V13B23-285_C1,1
CCCGCAGCGCGAACTA-1_V13B23-285_C1,11
CCCGCAGGGCCCAAAG-1_V13B23-285_C1,13
CCCGCCATGCTCCCGT-1_V13B23-285_C1,12
CCCGCGCAATGCACCC-1_V13B23-285_C1,5
CCCGGTGGAAGAACCT-1_V13B23-285_C1,5
CCCGGTGTATCGGAAT-1_V13B23-285_C1,4
CCCGTAGCTGGGAAGA-1_V13B23-285_C1,1
CCCGTCAGCGTCTGAC-1_V13B23-285_C1,5
CCCGTTTCGCAGATGT-1_V13B23-285_C1,11
CCCTATGTAGAGCAGA-1_V13B23-285_C1,3
CCCTCATTCTGGAATT-1_V13B23-285_C1,13
CCCTCCTCGCTCGTAT-1_V13B23-285_C1,11
CCCTGAAATGAGTTGA-1_V13B23-285_C1,5
CCCTGACTAACAAATT-1_V13B23-285_C1,14
CCCTGATGTAACTCGT-1_V13B23-285_C1,5
CCCTGCCCAATCCGCT-1_V13B23-285_C1,5
CCCTGCGCTACGCATA-1_V13B23-285_C1,5
CCCTGTTGGCAAAGAC-1_V13B23-285_C1,13
CCCTTTAATGGAGTTC-1_V13B23-285_C1,11
CCCTTTGACAGGTCTT-1_V13B23-285_C1,1
CCGAAAGTGGTGAGCA-1_V13B23-285_C1,5
CCGAACACTGGGCCTC-1_V13B23-285_C1,14
CCGAACCTTCCCGGCC-1_V13B23-285_C1,11
CCGAAGGGCGTACCGC-1_V13B23-285_C1,14
CCGAAGTATATTGTTC-1_V13B23-285_C1,5
CCGACAAACACATGAG-1_V13B23-285_C1,5
CCGACAAAGGGAGTGC-1_V13B23-285_C1,5
CCGACAATAGGCCGCC-1_V13B23-285_C1,11
CCGACGGGCATGAGGT-1_V13B23-285_C1,8
CCGACGTAAACACAAC-1_V13B23-285_C1,12
CCGAGAAGTCGCATAA-1_V13B23-285_C1,11
CCGAGCTGTGCTTGTC-1_V13B23-285_C1,14
CCGATATGACGTAAGG-1_V13B23-285_C1,11
CCGATCTCAACCTTAT-1_V13B23-285_C1,11
CCGATTCGAGGGACCC-1_V13B23-285_C1,5
CCGCACAAAGACCAAC-1_V13B23-285_C1,11
CCGCACACGAACGTGT-1_V13B23-285_C1,11
CCGCACGTGACCTCGG-1_V13B23-285_C1,5
CCGCATGTGGTACGAT-1_V13B23-285_C1,11
CCGCCGGTCAACACAC-1_V13B23-285_C1,6
CCGCCGTTGAGGATAA-1_V13B23-285_C1,11
CCGCCTGCGAATTGGT-1_V13B23-285_C1,14
CCGCGGAATGCGTCAC-1_V13B23-285_C1,5
CCGCGGGTACGAAGAA-1_V13B23-285_C1,5
CCGCGTAGGTAAGGGC-1_V13B23-285_C1,5
CCGCTATCAGCACCAG-1_V13B23-285_C1,11
CCGCTCTTCCGAACTA-1_V13B23-285_C1,11
CCGCTTACCTCACTCT-1_V13B23-285_C1,1
CCGCTTGCTGACATGG-1_V13B23-285_C1,14
CCGGAAGTTATCAGTC-1_V13B23-285_C1,11
CCGGAATGGTTTCAGT-1_V13B23-285_C1,5
CCGGAGCGTACTTTCT-1_V13B23-285_C1,7
CCGGAGGTCTTATGGT-1_V13B23-285_C1,3
CCGGCACGACCGTTTC-1_V13B23-285_C1,11
CCGGCGCATATTGGAT-1_V13B23-285_C1,13
CCGGGCGGTCTCGTCA-1_V13B23-285_C1,14
CCGGGCTGCTCCATAC-1_V13B23-285_C1,11
CCGGGTTCGAGGTTAC-1_V13B23-285_C1,5
CCGGTAATGGCTAGTC-1_V13B23-285_C1,11
CCGGTTTGTAATTGTG-1_V13B23-285_C1,1
CCGTAAGTTGGTCCCA-1_V13B23-285_C1,11
CCGTACCCAAGCGCCA-1_V13B23-285_C1,9
CCGTAGGAAATCCCTG-1_V13B23-285_C1,11
CCGTAGGGTTGTTTAC-1_V13B23-285_C1,11
CCGTATCTCGTCGTAG-1_V13B23-285_C1,8
CCGTATTAGCGCAGTT-1_V13B23-285_C1,14
CCGTGAGGCATTCATG-1_V13B23-285_C1,11
CCGTGCCCATGACGGC-1_V13B23-285_C1,9
CCGTGGAACGATCCAA-1_V13B23-285_C1,8
CCGTGTTAAATTCCAT-1_V13B23-285_C1,1
CCGTTACGTTAGAACA-1_V13B23-285_C1,1
CCGTTCCGAATCTCGG-1_V13B23-285_C1,5
CCTAAAGGCTGACGCT-1_V13B23-285_C1,13
CCTAAATTAACGGTTC-1_V13B23-285_C1,11
CCTAAATTGTATCCTA-1_V13B23-285_C1,11
CCTAACCCAAACAAGT-1_V13B23-285_C1,11
CCTAACTAAGGCTCTA-1_V13B23-285_C1,8
CCTACAAGTCCGGAAT-1_V13B23-285_C1,2
CCTACATTCACAGACG-1_V13B23-285_C1,3
CCTACGGCTCAGTCGA-1_V13B23-285_C1,5
CCTACTCAACACGATT-1_V13B23-285_C1,11
CCTACTGCGGCGGCCA-1_V13B23-285_C1,2
CCTACTGCTTACACTT-1_V13B23-285_C1,5
CCTAGGCGTAGCGATC-1_V13B23-285_C1,11
CCTAGGTAAAGGTAGC-1_V13B23-285_C1,8
CCTAGTTAGTCGCATG-1_V13B23-285_C1,13
CCTATAATGAGTGCCC-1_V13B23-285_C1,11
CCTATACCGTCCTGTC-1_V13B23-285_C1,1
CCTATATCGTGTCACG-1_V13B23-285_C1,7
CCTATATTTGTCCTGG-1_V13B23-285_C1,5
CCTATCTATATCGGAA-1_V13B23-285_C1,4
CCTATGAAGTGGTGCC-1_V13B23-285_C1,11
CCTATGGCTCCTAGTG-1_V13B23-285_C1,5
CCTATGGGTTACCGTC-1_V13B23-285_C1,8
CCTATGTCCACTCCAC-1_V13B23-285_C1,11
CCTCACCAATCTTGAC-1_V13B23-285_C1,5
CCTCACCTGAGGGAGC-1_V13B23-285_C1,14
CCTCACCTTAGCATCG-1_V13B23-285_C1,8
CCTCACGTCAGCTAAT-1_V13B23-285_C1,10
CCTCCCGACAATCCCT-1_V13B23-285_C1,9
CCTCCGACAATTCAAG-1_V13B23-285_C1,5
CCTCCTGTTGTGTCGT-1_V13B23-285_C1,11
CCTCGAAGTGGACGGG-1_V13B23-285_C1,13
CCTCGCCAGCAAATTA-1_V13B23-285_C1,13
CCTCGCGCGATATAGG-1_V13B23-285_C1,14
CCTCGCGCTGTGCGAT-1_V13B23-285_C1,1
CCTCGGACCGGGATAG-1_V13B23-285_C1,11
CCTCGGATGCTACCTG-1_V13B23-285_C1,5
CCTCTAATCTGCCAAG-1_V13B23-285_C1,1
CCTCTATCGATTAGCA-1_V13B23-285_C1,7
CCTCTCTCCCATCTAG-1_V13B23-285_C1,5
CCTCTGGCCTAGACGG-1_V13B23-285_C1,13
CCTCTGTACTATTCTA-1_V13B23-285_C1,12
CCTGAACGATATATTC-1_V13B23-285_C1,11
CCTGAATATTTACATA-1_V13B23-285_C1,1
CCTGACCACCGATGGT-1_V13B23-285_C1,11
CCTGCCCGTTGTCTAG-1_V13B23-285_C1,14
CCTGCGTTCTACGCTT-1_V13B23-285_C1,5
CCTGCTATTTGAGAAG-1_V13B23-285_C1,5
CCTGGAAACGTTCTGC-1_V13B23-285_C1,11
CCTGGCTAGACCCGCC-1_V13B23-285_C1,5
CCTGGTCGAATGTGGG-1_V13B23-285_C1,11
CCTGTAAGACATGATA-1_V13B23-285_C1,5
CCTGTACTCACGCCCA-1_V13B23-285_C1,5
CCTGTCACCCGGGCTC-1_V13B23-285_C1,1
CCTGTCCCTCACGTTA-1_V13B23-285_C1,11
CCTGTCGCCCGTAAAT-1_V13B23-285_C1,11
CCTGTTTGAAGACACG-1_V13B23-285_C1,11
CCTTCAGTTAAAGTGA-1_V13B23-285_C1,1
CCTTCTCAGCGTTCCT-1_V13B23-285_C1,14
CCTTCTTGATCCAGTG-1_V13B23-285_C1,13
CCTTGACCACTTTATT-1_V13B23-285_C1,11
CCTTTAAGGGAGCACT-1_V13B23-285_C1,1
CCTTTCAATGAAGAAA-1_V13B23-285_C1,10
CGAAACATAGATGGCA-1_V13B23-285_C1,9
CGAAACGCAATTCATG-1_V13B23-285_C1,10
CGAACAGTATGGGCGT-1_V13B23-285_C1,11
CGAACCCGCATGCGTC-1_V13B23-285_C1,5
CGAACGCCCAGTGCCG-1_V13B23-285_C1,13
CGAACGGCCGGACAAC-1_V13B23-285_C1,5
CGAAGCTATAAATTCA-1_V13B23-285_C1,14
CGAAGTTGCTCTGTGT-1_V13B23-285_C1,5
CGAATCTGCTCGACGC-1_V13B23-285_C1,1
CGAATGACGCATAATG-1_V13B23-285_C1,5
CGACAATTTGATCTAA-1_V13B23-285_C1,11
CGACACGCTCCGACAG-1_V13B23-285_C1,11
CGACAGTTCGCGTTAT-1_V13B23-285_C1,5
CGACATGCGATCTTCT-1_V13B23-285_C1,9
CGACCCTTAACGCCGG-1_V13B23-285_C1,7
CGACTCAGGATGTTAT-1_V13B23-285_C1,1
CGACTTTGTATAGCCT-1_V13B23-285_C1,14
CGAGACCCTAGAGTGT-1_V13B23-285_C1,12
CGAGAGATGTGAACCT-1_V13B23-285_C1,14
CGAGAGGGTAGCCGCG-1_V13B23-285_C1,11
CGAGATTTCGCTCGGG-1_V13B23-285_C1,11
CGAGCACTTCAAGTTT-1_V13B23-285_C1,5
CGAGCGTTGATCAGCC-1_V13B23-285_C1,9
CGAGCTGGGCTTTAGG-1_V13B23-285_C1,13
CGAGGAGCTTCCATAT-1_V13B23-285_C1,8
CGAGGATCGGGAACGA-1_V13B23-285_C1,14
CGAGGCCAGGCATTGG-1_V13B23-285_C1,5
CGAGGCTAAATATGGC-1_V13B23-285_C1,14
CGAGGGACTGCGGTCG-1_V13B23-285_C1,11
CGAGTACTAAAGAGGA-1_V13B23-285_C1,1
CGAGTGAAGGTACCAG-1_V13B23-285_C1,1
CGAGTTCTGTCCCACC-1_V13B23-285_C1,14
CGAGTTTATCGGACTG-1_V13B23-285_C1,11
CGATAATACTCAGGTT-1_V13B23-285_C1,11
CGATACCTCGCGGACA-1_V13B23-285_C1,5
CGATCCGACCCAGTGC-1_V13B23-285_C1,5
CGATCTGTTGGAGGAC-1_V13B23-285_C1,1
CGATGGACCCTACGCC-1_V13B23-285_C1,7
CGATTAAATATCTCCT-1_V13B23-285_C1,11
CGATTCGCCTGGCTGC-1_V13B23-285_C1,11
CGCAAACACGAGTTAC-1_V13B23-285_C1,5
CGCAATTACTTTCGGT-1_V13B23-285_C1,5
CGCAATTAGGGTAATA-1_V13B23-285_C1,5
CGCAATTCTACAATAA-1_V13B23-285_C1,5
CGCACATGTCCACTAC-1_V13B23-285_C1,11
CGCACGTGCGCTATCA-1_V13B23-285_C1,11
CGCAGATCTTCACCCG-1_V13B23-285_C1,14
CGCAGGCGATCCAAAC-1_V13B23-285_C1,11
CGCATCATGGCTTCAG-1_V13B23-285_C1,15
CGCATCCATCAGCCAG-1_V13B23-285_C1,14
CGCATGGTGCGATGCT-1_V13B23-285_C1,11
CGCATTAGCTAATAGG-1_V13B23-285_C1,1
CGCCAAGAAGCCGAGT-1_V13B23-285_C1,12
CGCCAATTATTGCGTT-1_V13B23-285_C1,15
CGCCACAGGTCGCGAT-1_V13B23-285_C1,1
CGCCATCCGATTATGA-1_V13B23-285_C1,1
CGCCCAGCACGCCTAG-1_V13B23-285_C1,1
CGCCCGCTTCCGTACA-1_V13B23-285_C1,13
CGCCCTTGAAGGCTGA-1_V13B23-285_C1,5
CGCCGCCCATGCCTGT-1_V13B23-285_C1,11
CGCCGTCTACCCATCG-1_V13B23-285_C1,11
CGCCGTTCAGCATAGT-1_V13B23-285_C1,11
CGCCTCCCTCCTCTAT-1_V13B23-285_C1,11
CGCCTGGCCTACGTAA-1_V13B23-285_C1,14
CGCCTTTAGCATGCTC-1_V13B23-285_C1,11
CGCGACACTGCGCAGC-1_V13B23-285_C1,5
CGCGACCGCGACAGAT-1_V13B23-285_C1,11
CGCGAGAGGGACTTGT-1_V13B23-285_C1,14
CGCGAGTCTGCCGGGT-1_V13B23-285_C1,1
CGCGCAAATGTCCAGA-1_V13B23-285_C1,1
CGCGCATGTTTGATTG-1_V13B23-285_C1,10
CGCGCCCGACTTAATA-1_V13B23-285_C1,13
CGCGGCAGTATTACGG-1_V13B23-285_C1,15
CGCGGCTCAACTTGAA-1_V13B23-285_C1,11
CGCGGGAATTAGGCAG-1_V13B23-285_C1,14
CGCGGTAAGTCTAGCT-1_V13B23-285_C1,7
CGCGGTACGGTATACA-1_V13B23-285_C1,11
CGCGGTCACAAACCAA-1_V13B23-285_C1,12
CGCGTTCATGAAATAC-1_V13B23-285_C1,12
CGCTACGGGACATTTA-1_V13B23-285_C1,5
CGCTAGAGACCGCTGC-1_V13B23-285_C1,11
CGCTATACCGCCCACT-1_V13B23-285_C1,9
CGCTATTCAATGTATG-1_V13B23-285_C1,5
CGCTATTCTTAGGCTC-1_V13B23-285_C1,11
CGCTCGACATAATGAT-1_V13B23-285_C1,15
CGCTCTCCGTAGATTA-1_V13B23-285_C1,5
CGCTGGTGACTACCCT-1_V13B23-285_C1,11
CGCTGTGACGCCGCAC-1_V13B23-285_C1,5
CGCTGTGTGGATGTTG-1_V13B23-285_C1,1
CGCTTATTCCCGGTCG-1_V13B23-285_C1,10
CGCTTCCACTGAAATC-1_V13B23-285_C1,12
CGCTTTCATACCGGTG-1_V13B23-285_C1,6
CGCTTTCTTGCATTCG-1_V13B23-285_C1,7
CGGAAAGAATCAAACG-1_V13B23-285_C1,1
CGGAAAGCAAATGTGC-1_V13B23-285_C1,3
CGGAACGTAAACATAG-1_V13B23-285_C1,5
CGGAGCAATTTAATCG-1_V13B23-285_C1,5
CGGAGCATGGCGATCC-1_V13B23-285_C1,12
CGGAGCTTATAACACC-1_V13B23-285_C1,12
CGGAGTTTGAGAGACA-1_V13B23-285_C1,5
CGGATAAGCGGACATG-1_V13B23-285_C1,5
CGGATCCTCAAGGACT-1_V13B23-285_C1,11
CGGCAAACATCGTGCG-1_V13B23-285_C1,11
CGGCAATAAGATCGCC-1_V13B23-285_C1,11
CGGCACCGTTAGCGCC-1_V13B23-285_C1,12
CGGCACTCAAGAAAGT-1_V13B23-285_C1,9
CGGCCACGCACAAAGT-1_V13B23-285_C1,11
CGGCCCAACCTGTAGT-1_V13B23-285_C1,14
CGGCCCAGGTATATCC-1_V13B23-285_C1,11
CGGCGCCATCAATCCC-1_V13B23-285_C1,11
CGGCTCTAAAGCTGCA-1_V13B23-285_C1,11
CGGCTCTTCGTCGAAC-1_V13B23-285_C1,9
CGGGAATATAGTATAC-1_V13B23-285_C1,11
CGGGAATTTATGTAAA-1_V13B23-285_C1,11
CGGGAGCTTCAGTGTA-1_V13B23-285_C1,11
CGGGAGTATACCGCCG-1_V13B23-285_C1,5
CGGGATCAATGTAAGA-1_V13B23-285_C1,13
CGGGCAGCTAAACCGC-1_V13B23-285_C1,5
CGGGCCATAGCCGCAC-1_V13B23-285_C1,5
CGGGCCTTCTTTGTAA-1_V13B23-285_C1,5
CGGGTGTACCCATTTA-1_V13B23-285_C1,3
CGGGTTTGTTAGGGCT-1_V13B23-285_C1,11
CGGTACTAGAATCAAA-1_V13B23-285_C1,11
CGGTAGAGGTGCAGGT-1_V13B23-285_C1,1
CGGTATAGGTATTAGC-1_V13B23-285_C1,15
CGGTCAAGTGGGAACC-1_V13B23-285_C1,1
CGGTCAGTCCATATTT-1_V13B23-285_C1,11
CGGTCCATGAGACTCC-1_V13B23-285_C1,14
CGGTCCGTCGCAAGCC-1_V13B23-285_C1,5
CGGTCTATCAACCCGT-1_V13B23-285_C1,13
CGGTGAAGACTAAAGT-1_V13B23-285_C1,5
CGGTGCAGATAGAACG-1_V13B23-285_C1,8
CGGTGCGCGTTGGTCC-1_V13B23-285_C1,1
CGGTGGGCTCCAGCCT-1_V13B23-285_C1,14
CGGTGTACTTGATCCC-1_V13B23-285_C1,5
CGGTTCAAGTAGGTGT-1_V13B23-285_C1,14
CGGTTTATGAAGGAAC-1_V13B23-285_C1,2
CGTAAACGCTTGAGTG-1_V13B23-285_C1,5
CGTAATAATTACGAGT-1_V13B23-285_C1,8
CGTACCTGATAGGCCT-1_V13B23-285_C1,12
CGTAGCGAATTGTCAG-1_V13B23-285_C1,13
CGTATTAAGAGATCTA-1_V13B23-285_C1,5
CGTATTGTTTCCTAAT-1_V13B23-285_C1,7
CGTCAAATGGTCGCAG-1_V13B23-285_C1,2
CGTCAAGGCTATAAAT-1_V13B23-285_C1,5
CGTCAATCTTTAACAT-1_V13B23-285_C1,9
CGTCACGTCCATTGGT-1_V13B23-285_C1,5
CGTCAGCTATTTACTC-1_V13B23-285_C1,2
CGTCAGTGCGCACAAG-1_V13B23-285_C1,9
CGTCATACCATATCCA-1_V13B23-285_C1,5
CGTCGCGGCGGGATTT-1_V13B23-285_C1,4
CGTCGGATAGTGTTGA-1_V13B23-285_C1,12
CGTCGGGTCTAAGCGC-1_V13B23-285_C1,1
CGTCGTCCTTCGCGAA-1_V13B23-285_C1,11
CGTCTGGAAGGGCCCG-1_V13B23-285_C1,13
CGTCTTGAGTGTGACG-1_V13B23-285_C1,11
CGTGAAGTTAATTCAC-1_V13B23-285_C1,5
CGTGACATTGGGTCGT-1_V13B23-285_C1,13
CGTGACCAGTCCTCTG-1_V13B23-285_C1,5
CGTGCAGACTGGGACA-1_V13B23-285_C1,11
CGTGCATTGTCGACGC-1_V13B23-285_C1,1
CGTGCCCTCCCGAAGA-1_V13B23-285_C1,11
CGTGCTTCTACCTAAA-1_V13B23-285_C1,1
CGTGGAAGCCTCGTAC-1_V13B23-285_C1,11
CGTGGCCGAATATCTA-1_V13B23-285_C1,11
CGTGTCCCATTCGCGA-1_V13B23-285_C1,3
CGTGTCTCGTTACGAC-1_V13B23-285_C1,1
CGTGTGTTAAACCCTG-1_V13B23-285_C1,14
CGTTAAACTAGTTAGG-1_V13B23-285_C1,11
CGTTAATGTCCCGACG-1_V13B23-285_C1,11
CGTTAGCTCACAACTG-1_V13B23-285_C1,14
CGTTCATGGTGCGCGT-1_V13B23-285_C1,7
CGTTCTTCGCACACCT-1_V13B23-285_C1,14
CGTTGAATACCGCGCT-1_V13B23-285_C1,11
CGTTGAGCGACCGTCG-1_V13B23-285_C1,11
CGTTGAGTAATTGCGT-1_V13B23-285_C1,12
CGTTGTAAACGTCAGG-1_V13B23-285_C1,5
CGTTGTAAGATTGATT-1_V13B23-285_C1,14
CGTTGTTTCAATTCCC-1_V13B23-285_C1,5
CGTTTAAGCGGAGCAC-1_V13B23-285_C1,6
CGTTTACAAGGCAGCT-1_V13B23-285_C1,2
CGTTTCACTTCGGGCG-1_V13B23-285_C1,15
CGTTTCGCTCATTACA-1_V13B23-285_C1,5
CGTTTGGTGTTGTGGG-1_V13B23-285_C1,11
CGTTTGTGTAGAGGGT-1_V13B23-285_C1,1
CTAAAGAATGCCTACT-1_V13B23-285_C1,5
CTAAAGGGAAATAGGA-1_V13B23-285_C1,11
CTAAATCCGGTGTACA-1_V13B23-285_C1,5
CTAAATCCTATTCCGG-1_V13B23-285_C1,14
CTAACCGCGCGCCCGT-1_V13B23-285_C1,5
CTAACGAAACTTGCTG-1_V13B23-285_C1,14
CTAACTGATAATCGCC-1_V13B23-285_C1,11
CTAACTGGTCCGGTTC-1_V13B23-285_C1,1
CTAAGGGAATGATTGG-1_V13B23-285_C1,11
CTAATTCGCACGCGCT-1_V13B23-285_C1,5
CTAATTCTCAGATATT-1_V13B23-285_C1,14
CTAATTTCAACAACAC-1_V13B23-285_C1,5
CTACAAGAAATAACCC-1_V13B23-285_C1,12
CTACACTCGCAGATGG-1_V13B23-285_C1,11
CTACCCTAAGGTCATA-1_V13B23-285_C1,14
CTACGACTAGCTATAA-1_V13B23-285_C1,10
CTACGCACGGAGTACC-1_V13B23-285_C1,6
CTACTATCATAGGTTT-1_V13B23-285_C1,8
CTACTATCTTTCAGAG-1_V13B23-285_C1,14
CTACTCAAGGTATAGT-1_V13B23-285_C1,1
CTACTCTAGGCCCGGC-1_V13B23-285_C1,5
CTACTGCCACCTGACC-1_V13B23-285_C1,1
CTAGACTGCATTTCGT-1_V13B23-285_C1,12
CTAGATGTGAGTGTAA-1_V13B23-285_C1,14
CTAGATTTACGACGGC-1_V13B23-285_C1,11
CTAGCATAGTATAATG-1_V13B23-285_C1,4
CTAGCCACAGGCGAGC-1_V13B23-285_C1,11
CTAGCCGATGTTATGA-1_V13B23-285_C1,8
CTAGCTTAATGGTCCC-1_V13B23-285_C1,11
CTAGGCGCCCTATCAG-1_V13B23-285_C1,11
CTAGGTCTGAAGGAAT-1_V13B23-285_C1,11
CTAGGTTCGGACGTGA-1_V13B23-285_C1,11
CTAGTAGAAAGGGATT-1_V13B23-285_C1,11
CTAGTCACGTCTTAAG-1_V13B23-285_C1,11
CTAGTGAAGGACAGGA-1_V13B23-285_C1,5
CTAGTTACAACCCGGT-1_V13B23-285_C1,11
CTAGTTGGGCCCGGTA-1_V13B23-285_C1,4
CTATAAGAGCCAATCG-1_V13B23-285_C1,7
CTATAGGCGTTGATGT-1_V13B23-285_C1,1
CTATCGACGAAATACA-1_V13B23-285_C1,11
CTATCGCGTAGAGAAC-1_V13B23-285_C1,11
CTATCGGGTCTCAACA-1_V13B23-285_C1,2
CTATGCCCGAATGCAA-1_V13B23-285_C1,1
CTATGGGAAGCGGAAT-1_V13B23-285_C1,11
CTATGTCACTAGCCCA-1_V13B23-285_C1,5
CTATGTCTATTGAAAC-1_V13B23-285_C1,9
CTATGTGAGTCACGGC-1_V13B23-285_C1,14
CTATTCATGTGTCCCA-1_V13B23-285_C1,12
CTATTGTGTTTGGTCA-1_V13B23-285_C1,14
CTATTTGGTTACGGAT-1_V13B23-285_C1,11
CTCAACTAACCCGGAT-1_V13B23-285_C1,11
CTCAAGACATTAGCGC-1_V13B23-285_C1,14
CTCACACGCAAGCCTA-1_V13B23-285_C1,2
CTCACATTTACTAAAT-1_V13B23-285_C1,11
CTCACTGTGATACTTA-1_V13B23-285_C1,11
CTCACTTGGCTGGTAA-1_V13B23-285_C1,5
CTCAGGACTCACCTGT-1_V13B23-285_C1,5
CTCAGTCACGACAAAT-1_V13B23-285_C1,14
CTCATCACTTAGTGAT-1_V13B23-285_C1,14
CTCATGGCTCACAATC-1_V13B23-285_C1,6
CTCATGGTAATTTGCG-1_V13B23-285_C1,10
CTCATTAACGTTGCCC-1_V13B23-285_C1,14
CTCATTGCTCTAACAA-1_V13B23-285_C1,11
CTCATTTGATGGGCGG-1_V13B23-285_C1,13
CTCCCAATGAGTCGCG-1_V13B23-285_C1,11
CTCCCTCCTTTCGATC-1_V13B23-285_C1,1
CTCCGCCCACATGAGG-1_V13B23-285_C1,1
CTCCGGCCTAATATGC-1_V13B23-285_C1,13
CTCCGGCTTGTAGACA-1_V13B23-285_C1,13
CTCCTAAGTTATGTCT-1_V13B23-285_C1,9
CTCCTCCAGCTCACAC-1_V13B23-285_C1,1
CTCCTGTTCAAGGCAG-1_V13B23-285_C1,11
CTCCTTTACGCAAGTC-1_V13B23-285_C1,14
CTCGAGATCCAAAGCA-1_V13B23-285_C1,9
CTCGAGGTCGAACAGT-1_V13B23-285_C1,1
CTCGATATTTGCGAGC-1_V13B23-285_C1,8
CTCGCACCTATATAGT-1_V13B23-285_C1,11
CTCGCCGAATGTAGGG-1_V13B23-285_C1,11
CTCGGGATAACACCTA-1_V13B23-285_C1,14
CTCGGGTTCTCTGGCC-1_V13B23-285_C1,3
CTCGGTACCACTGCTC-1_V13B23-285_C1,11
CTCGGTCCGTAGCCTG-1_V13B23-285_C1,13
CTCGGTTGTCGGCCCT-1_V13B23-285_C1,1
CTCGTCGAGGGCTCAT-1_V13B23-285_C1,1
CTCGTTTCTAATGTTT-1_V13B23-285_C1,14
CTCTAATGCATTGATC-1_V13B23-285_C1,14
CTCTACACTGGCGATT-1_V13B23-285_C1,14
CTCTATTTGGCTGCAG-1_V13B23-285_C1,11
CTCTCACAATCGATGA-1_V13B23-285_C1,5
CTCTCGCTGTACTATG-1_V13B23-285_C1,1
CTCTCTAACTGCCTAG-1_V13B23-285_C1,3
CTCTGCGAAGCAAGCA-1_V13B23-285_C1,9
CTCTGGACGCCTGGTG-1_V13B23-285_C1,1
CTCTGTTTGAGGATTC-1_V13B23-285_C1,13
CTCTTCTATTGACTGG-1_V13B23-285_C1,11
CTCTTCTGGAAGTTAG-1_V13B23-285_C1,1
CTCTTGTCCCGCTTGG-1_V13B23-285_C1,5
CTGAAAGAGATCCGAC-1_V13B23-285_C1,6
CTGAATCCGAGACCTC-1_V13B23-285_C1,5
CTGAATTTATTGCCAG-1_V13B23-285_C1,14
CTGACATAGAAATAGA-1_V13B23-285_C1,11
CTGACTGCGCAGCTCG-1_V13B23-285_C1,14
CTGAGAAAGTTCGGCG-1_V13B23-285_C1,11
CTGAGCAAGTAACAAG-1_V13B23-285_C1,5
CTGAGCGAGACTTATT-1_V13B23-285_C1,2
CTGATAGTGTATCTCA-1_V13B23-285_C1,5
CTGCAAGCACGTTCCG-1_V13B23-285_C1,11
CTGCACAACTACATAT-1_V13B23-285_C1,11
CTGCACCTAGTCCACA-1_V13B23-285_C1,8
CTGCACCTGGAACCGC-1_V13B23-285_C1,13
CTGCACTCCAGTACAG-1_V13B23-285_C1,11
CTGCAGAGAATCAGAG-1_V13B23-285_C1,11
CTGCCAAGGTTGGAAG-1_V13B23-285_C1,12
CTGCCATGCATCACAT-1_V13B23-285_C1,5
CTGCCCACGAAGCGTT-1_V13B23-285_C1,5
CTGCCTAGCCACCAAG-1_V13B23-285_C1,9
CTGCCTCATATGCAAC-1_V13B23-285_C1,8
CTGCCTTTCTAGTAAA-1_V13B23-285_C1,11
CTGCGGGTGAAATGTT-1_V13B23-285_C1,5
CTGCGGTAGTCACGTG-1_V13B23-285_C1,12
CTGCGTTACGATATAA-1_V13B23-285_C1,1
CTGCTGAGGCCACGAA-1_V13B23-285_C1,7
CTGCTGTCTAACGAGC-1_V13B23-285_C1,11
CTGCTTGGCGATAGCT-1_V13B23-285_C1,11
CTGCTTTATGTCCGCG-1_V13B23-285_C1,8
CTGGAAATGGATGCTT-1_V13B23-285_C1,5
CTGGAAGACACGGTGG-1_V13B23-285_C1,11
CTGGACGCAGTCCGGC-1_V13B23-285_C1,5
CTGGATTTACACTTGA-1_V13B23-285_C1,5
CTGGCATCCGAATGAG-1_V13B23-285_C1,3
CTGGCGACATAAGTCC-1_V13B23-285_C1,13
CTGGCGCACAGGTCTG-1_V13B23-285_C1,11
CTGGCGGGAATAAGTA-1_V13B23-285_C1,5
CTGGCTGATTCATCCT-1_V13B23-285_C1,4
CTGGCTGGTTGTCAGT-1_V13B23-285_C1,10
CTGGGATAAATAATGG-1_V13B23-285_C1,11
CTGGGATACGCTACCC-1_V13B23-285_C1,11
CTGGGCCTGCTATATC-1_V13B23-285_C1,1
CTGGGTAGGCAGTTAA-1_V13B23-285_C1,11
CTGGTAAAGTGTGGGC-1_V13B23-285_C1,11
CTGGTAACACATAGAA-1_V13B23-285_C1,11
CTGGTAACGAGCTCTT-1_V13B23-285_C1,14
CTGGTCATTCCAATCC-1_V13B23-285_C1,5
CTGGTTCGCGAGCTAC-1_V13B23-285_C1,11
CTGGTTTCGAGCAAGA-1_V13B23-285_C1,11
CTGTACTTCTTAGCAT-1_V13B23-285_C1,5
CTGTAGCCATCTCACT-1_V13B23-285_C1,1
CTGTATGGTGTAGAAA-1_V13B23-285_C1,5
CTGTCAAATGGCTCGG-1_V13B23-285_C1,8
CTGTCACGCCAGGCGC-1_V13B23-285_C1,2
CTGTGCAGGGTAGGTC-1_V13B23-285_C1,11
CTGTGGTCGGGAGATA-1_V13B23-285_C1,11
CTGTTACCCAATCTAG-1_V13B23-285_C1,11
CTGTTCACTGCCTGTG-1_V13B23-285_C1,13
CTGTTCATCTCACGGG-1_V13B23-285_C1,5
CTTAAATAAGACCCAT-1_V13B23-285_C1,5
CTTAACTTCGAAGTAC-1_V13B23-285_C1,9
CTTACACGGTATTCCA-1_V13B23-285_C1,7
CTTACACTGGGAAATA-1_V13B23-285_C1,13
CTTAGCCCGGATAGTG-1_V13B23-285_C1,3
CTTAGCCTTCCACATG-1_V13B23-285_C1,1
CTTAGTAGGCCTACAG-1_V13B23-285_C1,14
CTTAGTGTAGTAGCAT-1_V13B23-285_C1,11
CTTATAGATGGCTGTT-1_V13B23-285_C1,1
CTTATGCGCTCAGGGC-1_V13B23-285_C1,14
CTTATGTTGACTACCA-1_V13B23-285_C1,4
CTTCAACTCCACTTGG-1_V13B23-285_C1,11
CTTCAGTGGTCGCCTA-1_V13B23-285_C1,5
CTTCATAGCTCAAGAA-1_V13B23-285_C1,12
CTTCATTGTCAGTGGA-1_V13B23-285_C1,11
CTTCCGCTCCGTGAAG-1_V13B23-285_C1,1
CTTCGGCCAATTGTTT-1_V13B23-285_C1,11
CTTCGTAGATAGGTGA-1_V13B23-285_C1,8
CTTCTATGTTGAAGTA-1_V13B23-285_C1,1
CTTCTATTAATGCTAG-1_V13B23-285_C1,1
CTTCTTACGTCGTATA-1_V13B23-285_C1,13
CTTGACCCGAAAGATA-1_V13B23-285_C1,9
CTTGAGGTTATCCCGA-1_V13B23-285_C1,5
CTTGAGTTAGGGTAAT-1_V13B23-285_C1,11
CTTGCAACCGCCTCCT-1_V13B23-285_C1,7
CTTGCCCAGGCTCTAC-1_V13B23-285_C1,5
CTTGGCCAAGCTGGGA-1_V13B23-285_C1,10
CTTGTACTTGTTGACT-1_V13B23-285_C1,12
CTTGTCAACATTCGAG-1_V13B23-285_C1,11
CTTGTGCTCACCGATT-1_V13B23-285_C1,1
CTTGTTGCTGAGTCAA-1_V13B23-285_C1,11
CTTGTTTATGTAGCCA-1_V13B23-285_C1,5
CTTTAACTTTCAAAGG-1_V13B23-285_C1,13
CTTTAATATTGGTCGA-1_V13B23-285_C1,11
CTTTACCGAATAGTAG-1_V13B23-285_C1,11
CTTTAGGAACACTGTT-1_V13B23-285_C1,11
CTTTAGTGCTATTATT-1_V13B23-285_C1,11
CTTTCTGTGCGGGCTT-1_V13B23-285_C1,11
CTTTGCATCGCTCTTG-1_V13B23-285_C1,11
CTTTGCTGTCATGGAT-1_V13B23-285_C1,11
CTTTGGCGCTTTATAC-1_V13B23-285_C1,5
CTTTGGCTTTAGTAAA-1_V13B23-285_C1,5
CTTTGGGATTGTTGCA-1_V13B23-285_C1,3
GAAACAGATGACCACC-1_V13B23-285_C1,11
GAAACAGCCATGCAGT-1_V13B23-285_C1,6
GAAACATAGGAAACAG-1_V13B23-285_C1,1
GAAACCATGGTGCGCT-1_V13B23-285_C1,14
GAAACCGAATTACCTT-1_V13B23-285_C1,5
GAAACCTATACAAATG-1_V13B23-285_C1,4
GAAACTCGTGCGATGC-1_V13B23-285_C1,5
GAAACTCTAATGAAGG-1_V13B23-285_C1,13
GAAAGAACAGCGTTAT-1_V13B23-285_C1,11
GAAAGCAGTGCACTTT-1_V13B23-285_C1,6
GAAAGCCCTTTGGACC-1_V13B23-285_C1,5
GAAAGTGACTAACTGC-1_V13B23-285_C1,5
GAAATACTAAACGTTT-1_V13B23-285_C1,4
GAAATATCACCATCAG-1_V13B23-285_C1,5
GAAATATGCTTGAATG-1_V13B23-285_C1,14
GAAATCGCGCGCAACT-1_V13B23-285_C1,6
GAAATGGCGGTGTTAG-1_V13B23-285_C1,5
GAAATGGGATGTAAAC-1_V13B23-285_C1,12
GAAATTAGCACGGATA-1_V13B23-285_C1,14
GAAATTCACATCGCTG-1_V13B23-285_C1,9
GAAATTGTCTCTATAA-1_V13B23-285_C1,5
GAACACACATCAACCA-1_V13B23-285_C1,5
GAACAGATTACTAAAT-1_V13B23-285_C1,11
GAACATTAGTATGTTA-1_V13B23-285_C1,2
GAACCCTCTGTGTTCT-1_V13B23-285_C1,11
GAACCTCGACCTACAC-1_V13B23-285_C1,3
GAACCTTTAACGATCC-1_V13B23-285_C1,11
GAACGACCGAATGATA-1_V13B23-285_C1,13
GAACGATAAGTTAAAG-1_V13B23-285_C1,14
GAACGCGGGTCACACG-1_V13B23-285_C1,11
GAACGTCTCATGGTCG-1_V13B23-285_C1,7
GAACGTTAGGAAGACG-1_V13B23-285_C1,5
GAACTTGTGCACGGGA-1_V13B23-285_C1,2
GAAGAAACGATATTGT-1_V13B23-285_C1,4
GAAGAACGGTGCAGGT-1_V13B23-285_C1,9
GAAGCCTGCACATTCC-1_V13B23-285_C1,7
GAAGCGTGAGGAATTT-1_V13B23-285_C1,11
GAAGCTCTTTGCTTAG-1_V13B23-285_C1,12
GAAGCTTGCTGACCGC-1_V13B23-285_C1,5
GAAGGCTACCATTGTT-1_V13B23-285_C1,7
GAAGTCAGTTGCACTA-1_V13B23-285_C1,5
GAAGTCTCCCTAGCGA-1_V13B23-285_C1,11
GAAGTGATTTATCGTG-1_V13B23-285_C1,3
GAAGTGCTGGATAGCT-1_V13B23-285_C1,13
GAAGTTTCCACTCAAT-1_V13B23-285_C1,5
GAATAGACGCGACCCA-1_V13B23-285_C1,11
GAATAGCATTTAGGGT-1_V13B23-285_C1,11
GAATAGCCCTGCGGTC-1_V13B23-285_C1,14
GAATAGTGCTCGATTA-1_V13B23-285_C1,5
GAATATTCGGAGTCCC-1_V13B23-285_C1,13
GAATCGACATGGTCAC-1_V13B23-285_C1,5
GAATCTGAACATTCTC-1_V13B23-285_C1,11
GAATGAAGGTCTTCAG-1_V13B23-285_C1,2
GAATGCCGAAATGACC-1_V13B23-285_C1,5
GAATGCGAATCGGTTC-1_V13B23-285_C1,11
GAATGTATGGCAGGTC-1_V13B23-285_C1,15
GAATGTGGTCCGGATT-1_V13B23-285_C1,11
GAATGTTGGGTAATCT-1_V13B23-285_C1,13
GAATTATAGTGAAAGG-1_V13B23-285_C1,2
GAATTCACCCGGGTGT-1_V13B23-285_C1,5
GAATTTCTCGCTGCAG-1_V13B23-285_C1,5
GACAAACATATGCAGG-1_V13B23-285_C1,11
GACAACGACCATTGAA-1_V13B23-285_C1,6
GACAACGCAGCTTACG-1_V13B23-285_C1,12
GACAAGAGATGAGATT-1_V13B23-285_C1,11
GACACAAGGGAAGAAA-1_V13B23-285_C1,14
GACACGAGTTAGAGGA-1_V13B23-285_C1,5
GACACTGAGTTCAGTG-1_V13B23-285_C1,1
GACACTGGAACCCGAT-1_V13B23-285_C1,11
GACAGATTTCTGGCTC-1_V13B23-285_C1,8
GACAGCCAGACCTGAC-1_V13B23-285_C1,11
GACAGGCACACACTAT-1_V13B23-285_C1,5
GACATACTGTCGCAGA-1_V13B23-285_C1,4
GACATCGATTTATAAC-1_V13B23-285_C1,1
GACCAAACGTTGACTG-1_V13B23-285_C1,11
GACCAGAGCCCTGTAG-1_V13B23-285_C1,5
GACCCAATTATGATAC-1_V13B23-285_C1,10
GACCCGTCGCCGGCTA-1_V13B23-285_C1,9
GACCGACGTGAAAGCA-1_V13B23-285_C1,11
GACCGACTGAAGCGTC-1_V13B23-285_C1,5
GACCGCGTCTGACGTG-1_V13B23-285_C1,11
GACCGTCAGGTCGTGA-1_V13B23-285_C1,13
GACCGTGCTGACGGTG-1_V13B23-285_C1,5
GACGACGATCCGCGTT-1_V13B23-285_C1,11
GACGAGGCTAATAAAC-1_V13B23-285_C1,11
GACGCCGTAAAGGCTA-1_V13B23-285_C1,15
GACGCTTGCTTCTAAA-1_V13B23-285_C1,12
GACGGGTTGGCCCGTA-1_V13B23-285_C1,1
GACGGTCAATAGAAGC-1_V13B23-285_C1,14
GACGGTCCTAGGGTGT-1_V13B23-285_C1,11
GACGTGTAGGGATTAT-1_V13B23-285_C1,5
GACGTTCGTAAATACA-1_V13B23-285_C1,10
GACTAACACAGCACCT-1_V13B23-285_C1,2
GACTAAGATCATGCAC-1_V13B23-285_C1,13
GACTAAGTAGGCTCAC-1_V13B23-285_C1,5
GACTACAAAGCGGTGG-1_V13B23-285_C1,7
GACTCACCCACGTGAG-1_V13B23-285_C1,11
GACTCCCAGAATAAGG-1_V13B23-285_C1,14
GACTCCTTCCAATTGA-1_V13B23-285_C1,8
GACTCGCGGGAATGAC-1_V13B23-285_C1,2
GACTGCAAATCGAGCT-1_V13B23-285_C1,11
GACTGCACCAGCCCAG-1_V13B23-285_C1,11
GACTGCGGCACGTGTA-1_V13B23-285_C1,5
GAGACCCTGCAACGCC-1_V13B23-285_C1,2
GAGACTGATGGGTAGA-1_V13B23-285_C1,3
GAGACTTCGCGACCGA-1_V13B23-285_C1,5
GAGAGCGCAGTCCCTG-1_V13B23-285_C1,5
GAGAGGGCGCGAGGTT-1_V13B23-285_C1,5
GAGAGGTGCATTCTGG-1_V13B23-285_C1,1
GAGATCTGCTTGGCAT-1_V13B23-285_C1,5
GAGATCTGTCACTCCG-1_V13B23-285_C1,14
GAGATCTTCCATGACA-1_V13B23-285_C1,11
GAGATGACAATCCTTA-1_V13B23-285_C1,14
GAGATGGGAGTCGACA-1_V13B23-285_C1,11
GAGCACCTGTGTCCAG-1_V13B23-285_C1,11
GAGCACGGCGCCTCTT-1_V13B23-285_C1,11
GAGCATCATCCCTGGG-1_V13B23-285_C1,9
GAGCCAGCTACCTGTG-1_V13B23-285_C1,11
GAGCCGAGCGTTTATT-1_V13B23-285_C1,15
GAGCGAGGGAGTACCG-1_V13B23-285_C1,6
GAGCGCAAATACTCCG-1_V13B23-285_C1,11
GAGCGCGCACGAGTAG-1_V13B23-285_C1,11
GAGCGCTGTTAGGTAA-1_V13B23-285_C1,1
GAGCTAAGGGCATATC-1_V13B23-285_C1,14
GAGCTCTCGGACCTAA-1_V13B23-285_C1,13
GAGCTGTCGTCTCGGA-1_V13B23-285_C1,14
GAGGAATGGAGAGGTT-1_V13B23-285_C1,5
GAGGAGATCCTCATGC-1_V13B23-285_C1,12
GAGGATAAACAGTGCT-1_V13B23-285_C1,11
GAGGCATTTGCAGCAG-1_V13B23-285_C1,2
GAGGCCCGACTCCGCA-1_V13B23-285_C1,3
GAGGCCTGTTGATACA-1_V13B23-285_C1,11
GAGGCTATCAAAGTCG-1_V13B23-285_C1,12
GAGGGCCATAATATTA-1_V13B23-285_C1,2
GAGGGCGCAGCTCTGC-1_V13B23-285_C1,14
GAGGTACATCCATCTT-1_V13B23-285_C1,6
GAGGTCCCAAAGATCT-1_V13B23-285_C1,5
GAGTAAACCGGAAAGT-1_V13B23-285_C1,11
GAGTAAGGCCACGGGA-1_V13B23-285_C1,5
GAGTACGGGTATACAA-1_V13B23-285_C1,9
GAGTAGATACTAGTTG-1_V13B23-285_C1,5
GAGTATCAAAGTTACA-1_V13B23-285_C1,11
GAGTATGCCCGCCTTG-1_V13B23-285_C1,1
GAGTATGCGCGTGCAT-1_V13B23-285_C1,11
GAGTCAGACCAGAATC-1_V13B23-285_C1,1
GAGTCCGCTTACCGGA-1_V13B23-285_C1,11
GAGTCGACAGACCCTC-1_V13B23-285_C1,7
GAGTGTCAACCAGAAA-1_V13B23-285_C1,11
GAGTGTGCGGTACCCA-1_V13B23-285_C1,11
GAGTTGATGGCAATTT-1_V13B23-285_C1,1
GATAAATCGGTGGATG-1_V13B23-285_C1,13
GATAACTCGCACTGTG-1_V13B23-285_C1,11
GATACCGTGTCGGAGT-1_V13B23-285_C1,11
GATACGATGGGAGTCA-1_V13B23-285_C1,1
GATAGGATTAATTACA-1_V13B23-285_C1,11
GATAGGTAACGTTGAC-1_V13B23-285_C1,11
GATAGGTGTCCCGGGC-1_V13B23-285_C1,8
GATATCTCATGCAATA-1_V13B23-285_C1,6
GATATGAGACACTAAC-1_V13B23-285_C1,11
GATATGCGGTAGCCAA-1_V13B23-285_C1,3
GATATGGATTACGCGG-1_V13B23-285_C1,5
GATATTGAGATTGGCG-1_V13B23-285_C1,3
GATATTTCCTACATGG-1_V13B23-285_C1,14
GATCAACATAAAGGGA-1_V13B23-285_C1,5
GATCATTCCAAACATT-1_V13B23-285_C1,12
GATCCCTTTATACTGC-1_V13B23-285_C1,1
GATCCGAATATAAGTG-1_V13B23-285_C1,5
GATCCGGGAATTAACA-1_V13B23-285_C1,11
GATCCTAAATCGGGAC-1_V13B23-285_C1,8
GATCCTCGACACTGGC-1_V13B23-285_C1,7
GATCGACACTATCTGA-1_V13B23-285_C1,5
GATCGCGGGCTCTCCA-1_V13B23-285_C1,5
GATCGCTACCCGATTT-1_V13B23-285_C1,11
GATCGCTATATCTCAG-1_V13B23-285_C1,1
GATCGGATAGAACCAT-1_V13B23-285_C1,10
GATCGGCGATAAGTCG-1_V13B23-285_C1,5
GATCGGTGGCCATAAC-1_V13B23-285_C1,8
GATCGTGACTGATATC-1_V13B23-285_C1,11
GATCTCGACGCTGTGG-1_V13B23-285_C1,11
GATCTGCTATCTAAGG-1_V13B23-285_C1,5
GATCTTCATTGTCCTC-1_V13B23-285_C1,5
GATCTTGGAGGGCATA-1_V13B23-285_C1,11
GATCTTTGCAGGGTAT-1_V13B23-285_C1,5
GATGACAAGTAGGGCA-1_V13B23-285_C1,1
GATGACGATGATCGCG-1_V13B23-285_C1,8
GATGCCAGCAGAAGGC-1_V13B23-285_C1,5
GATGCCTTCTGCGGCA-1_V13B23-285_C1,7
GATGCGAATGGTATTA-1_V13B23-285_C1,5
GATGCGTCCTGCATTC-1_V13B23-285_C1,5
GATGCTACAAGCGCCT-1_V13B23-285_C1,13
GATGCTGTATTTCATC-1_V13B23-285_C1,11
GATGGCGCACACATTA-1_V13B23-285_C1,5
GATGGTGCCCTAGGCA-1_V13B23-285_C1,12
GATGTAACGAACCACC-1_V13B23-285_C1,8
GATGTCGGTCAACTGC-1_V13B23-285_C1,9
GATGTTCAATCCACGA-1_V13B23-285_C1,1
GATGTTTGTGCGAGAT-1_V13B23-285_C1,5
GATTAACCGAAAGCCC-1_V13B23-285_C1,11
GATTACTGAATTTGGG-1_V13B23-285_C1,1
GATTCCCTTGTCGCAG-1_V13B23-285_C1,5
GATTCCGCGTTTCCGT-1_V13B23-285_C1,13
GATTCCTATACGGCGC-1_V13B23-285_C1,5
GATTCGACGGTTCACG-1_V13B23-285_C1,11
GCAAACCCTACATTAT-1_V13B23-285_C1,11
GCAAACCTTGGCCATA-1_V13B23-285_C1,11
GCAAACGTCGCCAGGT-1_V13B23-285_C1,11
GCAAATATTACGCTTT-1_V13B23-285_C1,5
GCAACACACTAGAACT-1_V13B23-285_C1,14
GCAACAGCAGTATGCG-1_V13B23-285_C1,11
GCAACCACCAGACCGG-1_V13B23-285_C1,5
GCAACCACGGCCGCGT-1_V13B23-285_C1,5
GCAACGGCTAGTTATG-1_V13B23-285_C1,11
GCAAGAATTCCTTGGC-1_V13B23-285_C1,10
GCAAGATGTGTTCGCG-1_V13B23-285_C1,2
GCAAGTGCACAGAGAA-1_V13B23-285_C1,5
GCAATTAGTCGCACCG-1_V13B23-285_C1,2
GCACAAACGAGGCGTG-1_V13B23-285_C1,11
GCACAACCTCGGGCGT-1_V13B23-285_C1,8
GCACAAGTGGATCATA-1_V13B23-285_C1,10
GCACAAGTGTCGGAAG-1_V13B23-285_C1,9
GCACACACTGGTAGCC-1_V13B23-285_C1,11
GCACACGCCCATGGTC-1_V13B23-285_C1,5
GCACGCCTACTTAGAT-1_V13B23-285_C1,1
GCACTAGTCGCGCTAT-1_V13B23-285_C1,9
GCAGAAGGTAATCTCC-1_V13B23-285_C1,11
GCAGACCCAGCACGTA-1_V13B23-285_C1,11
GCAGATCCATAAGACT-1_V13B23-285_C1,11
GCAGATCCTCGCAAAT-1_V13B23-285_C1,12
GCAGATTAGGGATATC-1_V13B23-285_C1,11
GCAGCACACAGCCCAG-1_V13B23-285_C1,8
GCAGCCTATATCACAT-1_V13B23-285_C1,11
GCAGCTATGGACAGGT-1_V13B23-285_C1,15
GCAGGAACTTAGATCT-1_V13B23-285_C1,5
GCAGGACTATAGAATA-1_V13B23-285_C1,5
GCAGGTAGAGTATGGT-1_V13B23-285_C1,3
GCAGTGCGGGCGGATG-1_V13B23-285_C1,11
GCAGTGTGGCTATAGG-1_V13B23-285_C1,11
GCAGTTCGATCCGAGC-1_V13B23-285_C1,11
GCATACGAGGTCTTTA-1_V13B23-285_C1,14
GCATAGAGCACTCAGG-1_V13B23-285_C1,11
GCATCCCTAACTTTGA-1_V13B23-285_C1,13
GCATCGGCCGTGTAGG-1_V13B23-285_C1,11
GCATGAGGGACGCGGC-1_V13B23-285_C1,7
GCATTCAAGGCAACGC-1_V13B23-285_C1,14
GCATTCGAAATGAACA-1_V13B23-285_C1,5
GCATTGTAATTCATAT-1_V13B23-285_C1,5
GCATTTCCAAGGCTCC-1_V13B23-285_C1,14
GCCAACCATTTCCGGA-1_V13B23-285_C1,14
GCCAAGAATACTTCTG-1_V13B23-285_C1,7
GCCAATAGGGCATCTC-1_V13B23-285_C1,3
GCCACAATTTAAGGAC-1_V13B23-285_C1,10
GCCACCCATTCCACTT-1_V13B23-285_C1,2
GCCACTCAGAGCGCGA-1_V13B23-285_C1,11
GCCACTCCTTACGGTA-1_V13B23-285_C1,11
GCCAGGAGTAACCGAT-1_V13B23-285_C1,1
GCCAGGCGTTCGCATG-1_V13B23-285_C1,12
GCCAGGCTTAGTGGTA-1_V13B23-285_C1,10
GCCATATTGCACACAG-1_V13B23-285_C1,1
GCCATCGAGCTGCGTG-1_V13B23-285_C1,1
GCCATCGATGCTGCAT-1_V13B23-285_C1,14
GCCATTAGCCTCAAAC-1_V13B23-285_C1,7
GCCCAGATGCTGGAGA-1_V13B23-285_C1,11
GCCCAGTTGGTATGCC-1_V13B23-285_C1,5
GCCCGACTTCTTCCCG-1_V13B23-285_C1,3
GCCCGATCTGTGGTCG-1_V13B23-285_C1,5
GCCCGCGCGTAAACGG-1_V13B23-285_C1,1
GCCCGCGCGTTTGACA-1_V13B23-285_C1,4
GCCCGTAATACCTTCT-1_V13B23-285_C1,10
GCCCTAGCCGTCGCGA-1_V13B23-285_C1,11
GCCGAAATTCCTACGT-1_V13B23-285_C1,5
GCCGACCCACGACTGC-1_V13B23-285_C1,5
GCCGATTGGCCAAGCT-1_V13B23-285_C1,5
GCCGCACTCCGTTTCA-1_V13B23-285_C1,11
GCCGCATTAGTCCGGC-1_V13B23-285_C1,5
GCCGCTTGTGAGAAAC-1_V13B23-285_C1,5
GCCGGGTTAGGGTCGC-1_V13B23-285_C1,5
GCCGTGGAAGAAATGT-1_V13B23-285_C1,11
GCCTAGCGATCTGACC-1_V13B23-285_C1,5
GCCTATAGTGTCAGGG-1_V13B23-285_C1,3
GCCTATCAGGTAAGAT-1_V13B23-285_C1,11
GCCTATGCTGGGCCTT-1_V13B23-285_C1,14
GCCTATTCCGATATAG-1_V13B23-285_C1,5
GCCTCATCTGGAAATA-1_V13B23-285_C1,11
GCCTCCGACAATTCAC-1_V13B23-285_C1,11
GCCTCTATACATAGCA-1_V13B23-285_C1,11
GCCTTCAGCCCTACCG-1_V13B23-285_C1,13
GCCTTGTATATGCAGT-1_V13B23-285_C1,5
GCGAAACGATCGGGAG-1_V13B23-285_C1,11
GCGAAACTTAACTGGA-1_V13B23-285_C1,11
GCGAAGCCATACCCGT-1_V13B23-285_C1,12
GCGACATGTAAACATC-1_V13B23-285_C1,11
GCGACCCAACCATCTG-1_V13B23-285_C1,1
GCGACGATAGTTGTAC-1_V13B23-285_C1,5
GCGAGAAACGGGAGTT-1_V13B23-285_C1,13
GCGAGAGGCCATGTAA-1_V13B23-285_C1,8
GCGAGAGTTGCGTCCA-1_V13B23-285_C1,8
GCGAGCGCATGCTCCC-1_V13B23-285_C1,11
GCGAGGCCCGAGCAGA-1_V13B23-285_C1,5
GCGAGTTCTGCAAAGA-1_V13B23-285_C1,11
GCGATTCTGGAAGCAG-1_V13B23-285_C1,9
GCGATTGTTAACGTTA-1_V13B23-285_C1,11
GCGCAAATATATTCAA-1_V13B23-285_C1,1
GCGCAAGAGCGCGCTG-1_V13B23-285_C1,6
GCGCATCCAGTCAGCA-1_V13B23-285_C1,8
GCGCCGTTCCACGATA-1_V13B23-285_C1,11
GCGCCTCCCACTCCGA-1_V13B23-285_C1,11
GCGCGTCATTGGTACA-1_V13B23-285_C1,11
GCGCTAATTGAATAGA-1_V13B23-285_C1,2
GCGCTATGCCGAGGCA-1_V13B23-285_C1,5
GCGCTCGATCACCTGT-1_V13B23-285_C1,11
GCGCTGATCCAGACTC-1_V13B23-285_C1,14
GCGCTGCTTTGCATTT-1_V13B23-285_C1,8
GCGCTTAAATAATTGG-1_V13B23-285_C1,11
GCGGACCGCGTTGTGG-1_V13B23-285_C1,1
GCGGAGAAACTTCGCA-1_V13B23-285_C1,1
GCGGAGAGGGAGAACG-1_V13B23-285_C1,11
GCGGCAAAGTATTGCC-1_V13B23-285_C1,1
GCGGCTCTGACGTACC-1_V13B23-285_C1,5
GCGGGAACCAGGCCCT-1_V13B23-285_C1,12
GCGGGCATTACGATGC-1_V13B23-285_C1,14
GCGGGCGAGCCTTACC-1_V13B23-285_C1,1
GCGGTCCCGGTGAAGG-1_V13B23-285_C1,2
GCGGTCCCTAGACGCA-1_V13B23-285_C1,9
GCGGTGAACTGCGCTC-1_V13B23-285_C1,14
GCGGTGCGGAGCATCG-1_V13B23-285_C1,5
GCGGTTCCCTATCATG-1_V13B23-285_C1,5
GCGTAAATGGCCATAA-1_V13B23-285_C1,3
GCGTCGAAATGTCGGT-1_V13B23-285_C1,13
GCGTCGCCAGGGTGAT-1_V13B23-285_C1,5
GCGTCTAACCTCCTAA-1_V13B23-285_C1,3
GCGTCTCTGCATTGGG-1_V13B23-285_C1,1
GCGTGGTACTGGGTTA-1_V13B23-285_C1,11
GCGTTATATTTGGAAC-1_V13B23-285_C1,5
GCGTTCGGAGACCGGG-1_V13B23-285_C1,14
GCGTTCTGACTAAGCG-1_V13B23-285_C1,11
GCTAAACCTGAGGTGA-1_V13B23-285_C1,5
GCTAACTGAAGTCTGA-1_V13B23-285_C1,11
GCTAAGTAAAGGCGAT-1_V13B23-285_C1,5
GCTAAGTAGTTTCTCT-1_V13B23-285_C1,1
GCTAATACCGAATGCC-1_V13B23-285_C1,12
GCTACAGTACGGACCG-1_V13B23-285_C1,5
GCTACGACTTATTGGG-1_V13B23-285_C1,11
GCTACTATAGTAGAGT-1_V13B23-285_C1,11
GCTAGACCGTCTACTG-1_V13B23-285_C1,11
GCTAGAGTAGAGATGT-1_V13B23-285_C1,11
GCTAGCACCTGGGCCA-1_V13B23-285_C1,11
GCTAGCAGGGAGTGGG-1_V13B23-285_C1,12
GCTAGCTTGAATAGCT-1_V13B23-285_C1,1
GCTAGGCACCACGGAG-1_V13B23-285_C1,11
GCTAGTAGAGCTTGTA-1_V13B23-285_C1,11
GCTAGTTTCATTGAGG-1_V13B23-285_C1,12
GCTATACGTCTCGGAC-1_V13B23-285_C1,11
GCTATCATACTCATGG-1_V13B23-285_C1,11
GCTATCGCGGCGCAAC-1_V13B23-285_C1,5
GCTCAACCTCTTAGAG-1_V13B23-285_C1,15
GCTCAATCCGTTTATT-1_V13B23-285_C1,1
GCTCAATGTAATACCG-1_V13B23-285_C1,1
GCTCATTACTGCATGT-1_V13B23-285_C1,12
GCTCCATGAGTGCAGA-1_V13B23-285_C1,11
GCTCCCAGTCGGTCCA-1_V13B23-285_C1,11
GCTCCGCTCGCTTCAG-1_V13B23-285_C1,11
GCTCCTGACATACTGG-1_V13B23-285_C1,1
GCTCGCGGTTCCGCTC-1_V13B23-285_C1,5
GCTCGCTCATGTCCAA-1_V13B23-285_C1,11
GCTCGGAATTTAAAGC-1_V13B23-285_C1,15
GCTCTAAACCCTGACG-1_V13B23-285_C1,5
GCTCTATGTTACGTGC-1_V13B23-285_C1,5
GCTCTCGGGTACCGAA-1_V13B23-285_C1,1
GCTGAACTCTCCAGGG-1_V13B23-285_C1,11
GCTGAATCTTCCAATC-1_V13B23-285_C1,3
GCTGAGCAACGGTTCT-1_V13B23-285_C1,3
GCTGAGGCGTGAGTAT-1_V13B23-285_C1,11
GCTGCACGGTTTCTTA-1_V13B23-285_C1,11
GCTGCTAAGTAGTCGA-1_V13B23-285_C1,8
GCTGCTACTGCGTAGC-1_V13B23-285_C1,11
GCTGCTCTCCGGACAC-1_V13B23-285_C1,14
GCTGGACCCAAAGTGG-1_V13B23-285_C1,14
GCTGGCATATTCACCT-1_V13B23-285_C1,5
GCTGGCGGCGCATGCT-1_V13B23-285_C1,11
GCTGGTTTAGGCCATA-1_V13B23-285_C1,10
GCTGTATTACTGGCCC-1_V13B23-285_C1,7
GCTGTTGCTACCGAAC-1_V13B23-285_C1,11
GCTTAATGTAACTAAC-1_V13B23-285_C1,11
GCTTACGTAGTTAGTA-1_V13B23-285_C1,11
GCTTATGAAGCAGGAA-1_V13B23-285_C1,11
GCTTCCGTCCCTAGAC-1_V13B23-285_C1,14
GCTTGATGATAATCAG-1_V13B23-285_C1,5
GCTTGCAGCACAATTG-1_V13B23-285_C1,3
GCTTGGATCGATTAGG-1_V13B23-285_C1,3
GCTTTCAGAGGAGGTG-1_V13B23-285_C1,8
GGAAACCTTGTTGAAT-1_V13B23-285_C1,14
GGAAACTAAATGGGCC-1_V13B23-285_C1,11
GGAAAGTGCCCATGCC-1_V13B23-285_C1,1
GGAACCCGAACAAGAA-1_V13B23-285_C1,5
GGAACCGTGTAAATTG-1_V13B23-285_C1,1
GGAACCTTGACTCTGC-1_V13B23-285_C1,3
GGAACGGCCTGCAGCC-1_V13B23-285_C1,5
GGAACTTTGGCGATTA-1_V13B23-285_C1,11
GGAAGCTCGCTTACAG-1_V13B23-285_C1,14
GGAATGCGCTAGCGTG-1_V13B23-285_C1,14
GGACAAGTTGCAGTGA-1_V13B23-285_C1,1
GGACACAAGTTTACAC-1_V13B23-285_C1,11
GGACCAACAGGATAAC-1_V13B23-285_C1,11
GGACCTACGGTAACGT-1_V13B23-285_C1,14
GGACCTCTAGGCCGCC-1_V13B23-285_C1,8
GGACGTCCATAGTTGG-1_V13B23-285_C1,2
GGACTCACAAATTAGG-1_V13B23-285_C1,11
GGACTCGAAGCTTTCA-1_V13B23-285_C1,11
GGACTCTTCCGGTTGA-1_V13B23-285_C1,11
GGAGAAGTCATTGGCA-1_V13B23-285_C1,10
GGAGACCAATGTGCTT-1_V13B23-285_C1,7
GGAGACCATCTACATA-1_V13B23-285_C1,5
GGAGACGACACCTTTG-1_V13B23-285_C1,11
GGAGCAACATTTCAAG-1_V13B23-285_C1,11
GGAGCACCAAGAACTA-1_V13B23-285_C1,1
GGAGGATTGAAAGGAG-1_V13B23-285_C1,9
GGAGGCCGAAGTCGTC-1_V13B23-285_C1,11
GGAGGGCTTGGTTGGC-1_V13B23-285_C1,14
GGAGGGTCAAGTAAGA-1_V13B23-285_C1,11
GGAGTGCCGCCCTGGA-1_V13B23-285_C1,13
GGATCATCCCGTACGC-1_V13B23-285_C1,14
GGATCCGGAATATACT-1_V13B23-285_C1,1
GGATCTTGACTCAACC-1_V13B23-285_C1,1
GGATGAAGATCGCTGA-1_V13B23-285_C1,11
GGATGACGCGAGTTTA-1_V13B23-285_C1,5
GGATGCTGGCGTTCCT-1_V13B23-285_C1,5
GGATGTCCTTACCGCA-1_V13B23-285_C1,11
GGATTCAGTACGGTGG-1_V13B23-285_C1,5
GGATTCCGCTATACCC-1_V13B23-285_C1,13
GGATTGCTGTGACTCC-1_V13B23-285_C1,11
GGATTTCACTTCTATA-1_V13B23-285_C1,8
GGCAAAGGCGCCAATA-1_V13B23-285_C1,1
GGCAAATTACTTTACT-1_V13B23-285_C1,5
GGCAAGCCAGGGATAG-1_V13B23-285_C1,2
GGCAAGGCGAAATAGC-1_V13B23-285_C1,11
GGCAATAGTCAATGAG-1_V13B23-285_C1,1
GGCACTCAGCCGACCC-1_V13B23-285_C1,11
GGCACTCCACTGGGCA-1_V13B23-285_C1,5
GGCAGCAAACCTATGC-1_V13B23-285_C1,11
GGCAGCGGTAATCCTA-1_V13B23-285_C1,12
GGCATACAGGTAGCGG-1_V13B23-285_C1,5
GGCATATCGGTTCTGC-1_V13B23-285_C1,5
GGCCCAGTTATCAGCA-1_V13B23-285_C1,2
GGCCCGGAGCATGTCT-1_V13B23-285_C1,7
GGCCCGTATACCATGC-1_V13B23-285_C1,14
GGCCCTCACCCACTTA-1_V13B23-285_C1,8
GGCCGAGACTCTGGTG-1_V13B23-285_C1,5
GGCCGTTTGGGTTTCA-1_V13B23-285_C1,1
GGCCTGCTTCTCCCGA-1_V13B23-285_C1,11
GGCCTTTGCAACTGGC-1_V13B23-285_C1,14
GGCGAAATCTAACTTG-1_V13B23-285_C1,11
GGCGCAGGACATCTTC-1_V13B23-285_C1,5
GGCGCATGAATTGATG-1_V13B23-285_C1,5
GGCGCGGAGATCTTTC-1_V13B23-285_C1,11
GGCGCGTTCGAGTTTA-1_V13B23-285_C1,11
GGCGCTCCTCATCAAT-1_V13B23-285_C1,5
GGCGGAGTAATATTAG-1_V13B23-285_C1,5
GGCGGGCTCTAAGAGT-1_V13B23-285_C1,11
GGCGGTAGGATCATTG-1_V13B23-285_C1,5
GGCGGTTTGCCGGTGC-1_V13B23-285_C1,13
GGCGTCCTATCCGCTG-1_V13B23-285_C1,5
GGCTAAAGGGCGGGTC-1_V13B23-285_C1,14
GGCTAATGATTGAAAT-1_V13B23-285_C1,2
GGCTATTAAGTTGTAT-1_V13B23-285_C1,5
GGCTCCTCCACCTGTT-1_V13B23-285_C1,1
GGCTCGCGTTGAGGTA-1_V13B23-285_C1,7
GGCTCGTGCCACCAGC-1_V13B23-285_C1,5
GGCTCTGCTCCAACGC-1_V13B23-285_C1,7
GGCTGAAATAGCAAAG-1_V13B23-285_C1,11
GGCTGAGCATCGTAAG-1_V13B23-285_C1,2
GGCTGGCAGCTTTATG-1_V13B23-285_C1,12
GGCTTTCAATAAGGGT-1_V13B23-285_C1,11
GGGAACGGGAGGTTAG-1_V13B23-285_C1,5
GGGAAGGGCTTTCTCA-1_V13B23-285_C1,11
GGGAATGAGCCCTCAC-1_V13B23-285_C1,14
GGGACAGAGTTACTCC-1_V13B23-285_C1,3
GGGACCCGTATATCTT-1_V13B23-285_C1,1
GGGACTGCATAGATAG-1_V13B23-285_C1,5
GGGAGAACTCACAGTA-1_V13B23-285_C1,12
GGGAGGATGCCCGAAA-1_V13B23-285_C1,5
GGGAGTTAATGAGGCG-1_V13B23-285_C1,13
GGGATACGGTAATAAT-1_V13B23-285_C1,7
GGGATCCCAATACAAA-1_V13B23-285_C1,2
GGGATGGTCGTAACCG-1_V13B23-285_C1,8
GGGATTTACCGCACCT-1_V13B23-285_C1,11
GGGCAACCGCACGTGC-1_V13B23-285_C1,4
GGGCAGAGCAATCGTT-1_V13B23-285_C1,4
GGGCCCGTCTTAAACA-1_V13B23-285_C1,5
GGGCCCTACGAAAGGG-1_V13B23-285_C1,14
GGGCCGGCCGAAGTAC-1_V13B23-285_C1,11
GGGCCTAAATGGGCTA-1_V13B23-285_C1,8
GGGCCTATTTAAGTAT-1_V13B23-285_C1,2
GGGCGAATTTCTCCAC-1_V13B23-285_C1,8
GGGCGATATGTGTGAA-1_V13B23-285_C1,1
GGGCGCAGCGTTACTC-1_V13B23-285_C1,8
GGGCGGCAAATGAATT-1_V13B23-285_C1,1
GGGCGGGTTCCCTACG-1_V13B23-285_C1,7
GGGCGGTCCTATTGTC-1_V13B23-285_C1,13
GGGCGTACATTTATAT-1_V13B23-285_C1,13
GGGCGTCACCACGTAA-1_V13B23-285_C1,5
GGGCGTCCACTGGCTC-1_V13B23-285_C1,10
GGGCGTGGTTTCCCAG-1_V13B23-285_C1,11
GGGCTATGATCGATGG-1_V13B23-285_C1,1
GGGCTCATCGAACCCA-1_V13B23-285_C1,14
GGGCTGCCTAGGGCGA-1_V13B23-285_C1,5
GGGCTGGTTAGTCGCG-1_V13B23-285_C1,5
GGGTACCCACGGTCCT-1_V13B23-285_C1,5
GGGTACTTCATGAACT-1_V13B23-285_C1,5
GGGTATGTATGCACTT-1_V13B23-285_C1,5
GGGTATTCTAGCAAAC-1_V13B23-285_C1,5
GGGTCACCGTGACGGT-1_V13B23-285_C1,5
GGGTCATGCGTACCAT-1_V13B23-285_C1,5
GGGTCGTGGCAAGTGT-1_V13B23-285_C1,14
GGGTGACACCTTAACT-1_V13B23-285_C1,5
GGGTGCATATGAAAGC-1_V13B23-285_C1,14
GGGTGGTCCAGCCTGT-1_V13B23-285_C1,9
GGGTGTTTCAGCTATG-1_V13B23-285_C1,13
GGGTTAACATTTGAGT-1_V13B23-285_C1,1
GGGTTCAGACGAACAA-1_V13B23-285_C1,12
GGGTTTAGGATAGGAT-1_V13B23-285_C1,11
GGTAAATGTGCGTTAC-1_V13B23-285_C1,13
GGTAACCGGGAGGATA-1_V13B23-285_C1,1
GGTAACTATGTATCTG-1_V13B23-285_C1,9
GGTACAAACATGCTAT-1_V13B23-285_C1,5
GGTACACCAGATTTAT-1_V13B23-285_C1,14
GGTACATCTGGGACGA-1_V13B23-285_C1,10
GGTACCATTAAGACGG-1_V13B23-285_C1,14
GGTACTAAGTGCTTTG-1_V13B23-285_C1,11
GGTAGAAGACCGCCTG-1_V13B23-285_C1,11
GGTAGACCGTTGGGCG-1_V13B23-285_C1,5
GGTAGTGCTCGCACCA-1_V13B23-285_C1,10
GGTATTGCCGAGTTTA-1_V13B23-285_C1,5
GGTCAAGACTACTTCG-1_V13B23-285_C1,11
GGTCAGTGGGTCCCAC-1_V13B23-285_C1,11
GGTCATTGTAGTCATA-1_V13B23-285_C1,2
GGTCCTTCATACGACT-1_V13B23-285_C1,13
GGTCGGATAAACGGCG-1_V13B23-285_C1,15
GGTCGGCCAGGAGCTT-1_V13B23-285_C1,2
GGTCGGTCGTCCACAG-1_V13B23-285_C1,1
GGTCGTAAGCTCGCAC-1_V13B23-285_C1,1
GGTCTCCAAGTAGTGC-1_V13B23-285_C1,11
GGTCTCCGTCCAGGTT-1_V13B23-285_C1,11
GGTCTCTGAATGGACT-1_V13B23-285_C1,1
GGTCTGAGAATCTGGA-1_V13B23-285_C1,7
GGTGAAGTACAGGGAT-1_V13B23-285_C1,1
GGTGAGATGCAGATAA-1_V13B23-285_C1,12
GGTGATAAGGAGCAGT-1_V13B23-285_C1,11
GGTGCAGAGCCTATCG-1_V13B23-285_C1,14
GGTGCGGATAAGTGGC-1_V13B23-285_C1,6
GGTGCTGATCACAAAG-1_V13B23-285_C1,5
GGTGCTGGTACACATT-1_V13B23-285_C1,1
GGTGGACCACGTGTTA-1_V13B23-285_C1,2
GGTGGACTGCTCTGGC-1_V13B23-285_C1,11
GGTGGAGGTTGATACG-1_V13B23-285_C1,11
GGTGTTGGGCGTCTTA-1_V13B23-285_C1,11
GGTTACCACCCTCGGG-1_V13B23-285_C1,7
GGTTACCCGACACTTT-1_V13B23-285_C1,14
GGTTAGCTATATGTCT-1_V13B23-285_C1,11
GGTTAGGCTTGGAGAA-1_V13B23-285_C1,5
GGTTAGTTACGGCGCC-1_V13B23-285_C1,5
GGTTCGGATTATACTA-1_V13B23-285_C1,12
GGTTCTACTCGTCTGA-1_V13B23-285_C1,11
GGTTGTGCTCTTGTCC-1_V13B23-285_C1,5
GGTTGTGTAGCCTGGC-1_V13B23-285_C1,5
GGTTTAATTGAGCAGG-1_V13B23-285_C1,8
GGTTTACAATCTCAAT-1_V13B23-285_C1,1
GGTTTAGCCTTTCTTG-1_V13B23-285_C1,11
GGTTTCAATCGGTCAG-1_V13B23-285_C1,8
GGTTTGACAAGAAGCT-1_V13B23-285_C1,2
GGTTTGAGTGCTGGAA-1_V13B23-285_C1,9
GGTTTGTGACCTGAGG-1_V13B23-285_C1,11
GTAACATCTAAGATAA-1_V13B23-285_C1,11
GTAAGCGGGCAGTCAG-1_V13B23-285_C1,12
GTAAGGATTTGTCGGA-1_V13B23-285_C1,9
GTAAGTAACAGTCTGG-1_V13B23-285_C1,11
GTAAGTAGGGTATACC-1_V13B23-285_C1,5
GTAAGTCCACACTCTA-1_V13B23-285_C1,11
GTAATAAAGGGCTCCC-1_V13B23-285_C1,14
GTAATCTGATTCTTCG-1_V13B23-285_C1,5
GTACACTTACCTGAAG-1_V13B23-285_C1,11
GTACAGAGGCAAGGGT-1_V13B23-285_C1,11
GTACGACGGCGCTGCG-1_V13B23-285_C1,12
GTACGAGATTGCGACA-1_V13B23-285_C1,13
GTACGCTTCATTGCAC-1_V13B23-285_C1,11
GTACGTCACGTATTAA-1_V13B23-285_C1,2
GTACGTTTGCCCGTCA-1_V13B23-285_C1,11
GTACTAAGATTTGGAG-1_V13B23-285_C1,10
GTACTCCCTTATCGCT-1_V13B23-285_C1,5
GTACTCCTGGGTATGC-1_V13B23-285_C1,3
GTACTGAGGTCGTAAC-1_V13B23-285_C1,9
GTACTGGAGTTAGACC-1_V13B23-285_C1,7
GTACTTGGGCACTTCT-1_V13B23-285_C1,5
GTAGAAACGGGTGGAG-1_V13B23-285_C1,5
GTAGACACGCCTGACT-1_V13B23-285_C1,11
GTAGACGTCGTTACAT-1_V13B23-285_C1,9
GTAGAGGGAGACAAGT-1_V13B23-285_C1,1
GTAGCCAAACATGGGA-1_V13B23-285_C1,11
GTAGCGGCTATACACT-1_V13B23-285_C1,11
GTAGCTTCCTCTTGTT-1_V13B23-285_C1,14
GTAGGTGATCCGTGTA-1_V13B23-285_C1,13
GTAGTCGCGGGAATCA-1_V13B23-285_C1,11
GTAGTCTACGATATTG-1_V13B23-285_C1,11
GTATAATCTCCCGGAT-1_V13B23-285_C1,13
GTATAGGACTCAGTAG-1_V13B23-285_C1,10
GTATCAAACGTTAGCT-1_V13B23-285_C1,11
GTATCAGCTTGGGTTC-1_V13B23-285_C1,5
GTATCTCAGTCTTGAC-1_V13B23-285_C1,3
GTATCTTTCATAACCA-1_V13B23-285_C1,11
GTATGAAATTTCACTC-1_V13B23-285_C1,1
GTATGTGGGTCTAGTT-1_V13B23-285_C1,11
GTATTAAGGCGTCTAA-1_V13B23-285_C1,5
GTATTCTGAGAAACGA-1_V13B23-285_C1,1
GTATTTAATGGCATAA-1_V13B23-285_C1,11
GTCAAAGAAGTGGTGT-1_V13B23-285_C1,1
GTCAAAGTTTACATAG-1_V13B23-285_C1,2
GTCAAGCGGACTCGGG-1_V13B23-285_C1,11
GTCAATGCTATAATTT-1_V13B23-285_C1,14
GTCACAAAGTTTCCAA-1_V13B23-285_C1,9
GTCACTCTCCAAATCT-1_V13B23-285_C1,5
GTCAGAATAGTCTATG-1_V13B23-285_C1,5
GTCAGACAGCGTTGGA-1_V13B23-285_C1,15
GTCAGTTGTGCTCGTT-1_V13B23-285_C1,9
GTCAGTTTGGTAGTCG-1_V13B23-285_C1,5
GTCATCTCCTACAGCT-1_V13B23-285_C1,13
GTCATGCACCTCCGTT-1_V13B23-285_C1,10
GTCATGGACATGACTA-1_V13B23-285_C1,1
GTCATTAGAGCGAACG-1_V13B23-285_C1,12
GTCATTGCATTGACCC-1_V13B23-285_C1,5
GTCCATTACTGCTACG-1_V13B23-285_C1,11
GTCCCAACGTAAAGTA-1_V13B23-285_C1,10
GTCCCGCGACGTTATG-1_V13B23-285_C1,11
GTCCGAGAGCAATCAT-1_V13B23-285_C1,3
GTCCGGACCTGAAATT-1_V13B23-285_C1,11
GTCCGGCTGAATTGCG-1_V13B23-285_C1,5
GTCCTACAGGCGGCTC-1_V13B23-285_C1,5
GTCCTACGAATAGTCT-1_V13B23-285_C1,11
GTCCTATTGTTGTGGT-1_V13B23-285_C1,1
GTCCTTCTACAACCCA-1_V13B23-285_C1,10
GTCCTTCTAGTGGGTT-1_V13B23-285_C1,15
GTCCTTTAATGACTTC-1_V13B23-285_C1,2
GTCGATAGGTGACTTT-1_V13B23-285_C1,11
GTCGCCGTTGTGTGTT-1_V13B23-285_C1,1
GTCGCGTAACCCGTTG-1_V13B23-285_C1,11
GTCGGAAGGATACCAG-1_V13B23-285_C1,2
GTCGGATATCTCAGAC-1_V13B23-285_C1,5
GTCGGATGTAGCGCGC-1_V13B23-285_C1,13
GTCGGGAAGCAGAAAC-1_V13B23-285_C1,11
GTCGTACCATCTCGGG-1_V13B23-285_C1,11
GTCGTATTGGCGTACA-1_V13B23-285_C1,14
GTCGTCTGGTTGGCTA-1_V13B23-285_C1,14
GTCGTTATTCGCTTAT-1_V13B23-285_C1,11
GTCTACTCAATTACAA-1_V13B23-285_C1,14
GTCTATCTGAGTTTCT-1_V13B23-285_C1,1
GTCTATTGGTTCCGGT-1_V13B23-285_C1,11
GTCTCAAGGCCCGGCT-1_V13B23-285_C1,11
GTCTCCTGCCAGTATG-1_V13B23-285_C1,8
GTCTCGACTAAGTTTG-1_V13B23-285_C1,14
GTCTCGATCTGCTTTC-1_V13B23-285_C1,15
GTCTGGGCGGTCGAGA-1_V13B23-285_C1,1
GTCTTAGTACAGCCGG-1_V13B23-285_C1,13
GTCTTGAGGAGCAGTG-1_V13B23-285_C1,11
GTCTTGTAGCTATTCA-1_V13B23-285_C1,11
GTGAAACGGCGCCACC-1_V13B23-285_C1,1
GTGAACTCCCATTCGA-1_V13B23-285_C1,14
GTGAAGATTTCAAGTG-1_V13B23-285_C1,14
GTGAAGCCGTATAGTC-1_V13B23-285_C1,14
GTGACCGCACACTACG-1_V13B23-285_C1,11
GTGACCTAAAGAATAA-1_V13B23-285_C1,14
GTGACTTCAGTAGTGC-1_V13B23-285_C1,5
GTGAGCGTGCTGCACT-1_V13B23-285_C1,5
GTGAGGACACTTAAGG-1_V13B23-285_C1,11
GTGAGGAGCGGTTGAG-1_V13B23-285_C1,14
GTGAGTCTAAGACGGA-1_V13B23-285_C1,5
GTGAGTGGTACAACGC-1_V13B23-285_C1,12
GTGATCACTAACGCCT-1_V13B23-285_C1,11
GTGATCATAGATCTGC-1_V13B23-285_C1,3
GTGATCCTTGTCATGA-1_V13B23-285_C1,11
GTGATGCACAACATCT-1_V13B23-285_C1,14
GTGATTCGCCGCTCAA-1_V13B23-285_C1,1
GTGCAACAAATGTGGC-1_V13B23-285_C1,13
GTGCACGAAAGTGACT-1_V13B23-285_C1,13
GTGCAGCGTAGAGTAG-1_V13B23-285_C1,6
GTGCCATCACACGGTG-1_V13B23-285_C1,7
GTGCCCGTTCGGATTC-1_V13B23-285_C1,11
GTGCCGCTTCAAAGGT-1_V13B23-285_C1,1
GTGCCTAGCTATGCTT-1_V13B23-285_C1,13
GTGCCTCAGTGTACGG-1_V13B23-285_C1,15
GTGCGAAATCGAACAC-1_V13B23-285_C1,1
GTGCGACAGGGAGTGT-1_V13B23-285_C1,11
GTGCGGGTCTCCAAAT-1_V13B23-285_C1,4
GTGCGTGTATATGAGC-1_V13B23-285_C1,11
GTGCTCAAGTACTGTC-1_V13B23-285_C1,5
GTGCTGCAGATAAGGA-1_V13B23-285_C1,14
GTGCTTACATCAGCGC-1_V13B23-285_C1,11
GTGGAACCTACATGCG-1_V13B23-285_C1,13
GTGGACCAACCCGATT-1_V13B23-285_C1,1
GTGGACGCATTTGTCC-1_V13B23-285_C1,11
GTGGACGTGCTGAGAC-1_V13B23-285_C1,4
GTGGAGCATGTCGGCC-1_V13B23-285_C1,7
GTGGAGCGTTTACCGA-1_V13B23-285_C1,4
GTGGAGTCGGCGGTTG-1_V13B23-285_C1,1
GTGGCAAACAGCGGCA-1_V13B23-285_C1,1
GTGGCGGTCCCAGCGT-1_V13B23-285_C1,5
GTGGGAAGACTGAATC-1_V13B23-285_C1,14
GTGGGCTTAGACACAC-1_V13B23-285_C1,5
GTGGTATAGTCTGCCG-1_V13B23-285_C1,1
GTGGTGATGGTTTGTG-1_V13B23-285_C1,11
GTGGTGGCCAAGTGAA-1_V13B23-285_C1,11
GTGGTTACTTCTTTCG-1_V13B23-285_C1,14
GTGGTTTCCGCCTTTC-1_V13B23-285_C1,3
GTGTACCTTGGCTACG-1_V13B23-285_C1,6
GTGTACGAACCGTTCC-1_V13B23-285_C1,11
GTGTATATCAGCGGGC-1_V13B23-285_C1,11
GTGTCGTATAGCGTTC-1_V13B23-285_C1,11
GTGTGAATAACTTAGG-1_V13B23-285_C1,1
GTGTTACTATGCGTCC-1_V13B23-285_C1,11
GTTAAAGTAGGACTGG-1_V13B23-285_C1,11
GTTAACATCACTTAAA-1_V13B23-285_C1,11
GTTAACTATGTTGTCA-1_V13B23-285_C1,11
GTTAAGGGTGCGATGT-1_V13B23-285_C1,11
GTTAAGTTAGAGTGGG-1_V13B23-285_C1,11
GTTAATGTCTATCTTA-1_V13B23-285_C1,5
GTTACAATTGGTGACG-1_V13B23-285_C1,5
GTTACCTACAACTTGC-1_V13B23-285_C1,11
GTTACTTTGGGCCTAG-1_V13B23-285_C1,5
GTTAGAGTGTGCCGCT-1_V13B23-285_C1,2
GTTAGCCGTAAATCAA-1_V13B23-285_C1,14
GTTAGGCTACCCGTTT-1_V13B23-285_C1,3
GTTATAATACGGTGAA-1_V13B23-285_C1,11
GTTATATCAGGAGCCA-1_V13B23-285_C1,8
GTTATATTATCTCCCT-1_V13B23-285_C1,1
GTTATTAACGTGGGAG-1_V13B23-285_C1,5
GTTCACAGGAGTCTAG-1_V13B23-285_C1,5
GTTCATCGTTTGGCTG-1_V13B23-285_C1,14
GTTCCAGTCTGACCAT-1_V13B23-285_C1,13
GTTCCCGTAAACATAT-1_V13B23-285_C1,11
GTTCGCCATAAGTGCC-1_V13B23-285_C1,5
GTTCGCTGAGACGTCT-1_V13B23-285_C1,11
GTTCGGATCGGGAACA-1_V13B23-285_C1,11
GTTCGGGCGTACCATT-1_V13B23-285_C1,14
GTTCGTCTAAAGAACT-1_V13B23-285_C1,11
GTTCGTCTGGGTCCCT-1_V13B23-285_C1,14
GTTCTTCCCTCGATGT-1_V13B23-285_C1,2
GTTGAACCGGTTCCAT-1_V13B23-285_C1,1
GTTGAGTCCCGCCGGT-1_V13B23-285_C1,11
GTTGCACGGAGTTTCG-1_V13B23-285_C1,5
GTTGCAGTCGACAACA-1_V13B23-285_C1,11
GTTGCGCTAACATTAC-1_V13B23-285_C1,11
GTTGCGGACGGTCAGG-1_V13B23-285_C1,11
GTTGGACCGCATCAGG-1_V13B23-285_C1,14
GTTGGATTCAGTGGCT-1_V13B23-285_C1,14
GTTGGATTGAGAACAC-1_V13B23-285_C1,1
GTTGGATTTGCGTTGG-1_V13B23-285_C1,5
GTTGGTCATGCTATCC-1_V13B23-285_C1,11
GTTGTCGTGTTAGTTG-1_V13B23-285_C1,13
GTTGTTGCAAGATGGC-1_V13B23-285_C1,11
GTTTACGTTCCATCTG-1_V13B23-285_C1,11
GTTTATGGGATTTAGA-1_V13B23-285_C1,10
GTTTCAAACGAGTTGT-1_V13B23-285_C1,11
GTTTCCTGGAGGGTGA-1_V13B23-285_C1,5
GTTTCTGCAGTCTCCC-1_V13B23-285_C1,11
GTTTGACCAAATCCTA-1_V13B23-285_C1,10
GTTTGGCCCAAGTTAT-1_V13B23-285_C1,11
GTTTGGCCGCTCAGCG-1_V13B23-285_C1,9
GTTTGGGCTTGTGAGC-1_V13B23-285_C1,11
GTTTGGTAGGGTCAAC-1_V13B23-285_C1,12
TAAACCCAGGAGGGCA-1_V13B23-285_C1,1
TAAACGTCGTCAATGA-1_V13B23-285_C1,12
TAAAGACAACCCTTTA-1_V13B23-285_C1,11
TAAAGCGGTATTTCCA-1_V13B23-285_C1,1
TAAAGCGTTAGGAGAA-1_V13B23-285_C1,7
TAAAGCTGCAATAGGG-1_V13B23-285_C1,15
TAAATCTTTACACCTC-1_V13B23-285_C1,14
TAAATGAATCCGTTTC-1_V13B23-285_C1,5
TAAATGCCGTCTCATG-1_V13B23-285_C1,12
TAAATGGGCTACTGAG-1_V13B23-285_C1,11
TAACAAAGGGAGAAGC-1_V13B23-285_C1,5
TAACAATATTTGTTGC-1_V13B23-285_C1,5
TAACATACAATGTGGG-1_V13B23-285_C1,11
TAACATACACGCGATC-1_V13B23-285_C1,3
TAACCTACCGTCCGAG-1_V13B23-285_C1,14
TAACCTAGGGAGTCCA-1_V13B23-285_C1,11
TAACGCTTTGAGAGCG-1_V13B23-285_C1,5
TAACTATCGAAGGTCC-1_V13B23-285_C1,5
TAACTATTACGCCAAA-1_V13B23-285_C1,14
TAACTCATCCGCGCGG-1_V13B23-285_C1,5
TAACTCCATGGAGGCT-1_V13B23-285_C1,5
TAAGCAGGCGACACGC-1_V13B23-285_C1,5
TAAGCCCTTACGACCA-1_V13B23-285_C1,15
TAAGGAACTTGTGGGA-1_V13B23-285_C1,5
TAAGGCAACATAAGAT-1_V13B23-285_C1,7
TAAGGCATAACATCAA-1_V13B23-285_C1,1
TAAGGCCCGTCACCCT-1_V13B23-285_C1,11
TAAGGCTGAATCCCTC-1_V13B23-285_C1,11
TAAGGGCCTGTCCGAT-1_V13B23-285_C1,11
TAAGGGCTGGGAGAGG-1_V13B23-285_C1,5
TAAGTAACATCTTGAC-1_V13B23-285_C1,8
TAAGTCGCCGAGTATC-1_V13B23-285_C1,1
TAAGTTGCGACGTAGG-1_V13B23-285_C1,11
TAATAAACAAGGAGAT-1_V13B23-285_C1,7
TAATACACAGTAGTAT-1_V13B23-285_C1,13
TAATAGAACAGAGTTA-1_V13B23-285_C1,1
TAATAGCTAAATGATG-1_V13B23-285_C1,14
TAATAGGTCACCAGAA-1_V13B23-285_C1,1
TAATAGTGACGACCAG-1_V13B23-285_C1,14
TAATATTGAAATTCGC-1_V13B23-285_C1,6
TAATCAACCAAATGGG-1_V13B23-285_C1,11
TAATCGATCCGTACGT-1_V13B23-285_C1,14
TAATGAAAGACCCTTG-1_V13B23-285_C1,5
TAATTACGTCAGTAGA-1_V13B23-285_C1,11
TAATTAGGACATCCGT-1_V13B23-285_C1,11
TAATTGGAATCGGGAA-1_V13B23-285_C1,12
TACAACGCACAACTCA-1_V13B23-285_C1,5
TACAAGTCTCGTGCAT-1_V13B23-285_C1,5
TACACCGTCGTTAGTC-1_V13B23-285_C1,8
TACAGAAACGGTGGGC-1_V13B23-285_C1,11
TACATAGGCATACACC-1_V13B23-285_C1,5
TACATCCCTATCCCTG-1_V13B23-285_C1,14
TACATGACCTTATCCG-1_V13B23-285_C1,5
TACATGCCGGAATTGT-1_V13B23-285_C1,11
TACATTTCTAACGTGC-1_V13B23-285_C1,5
TACCAAATAGCCCAGA-1_V13B23-285_C1,11
TACCAATAAAGTACCA-1_V13B23-285_C1,11
TACCAGAAGTAGGTTC-1_V13B23-285_C1,5
TACCAGCTAGGTTTAA-1_V13B23-285_C1,9
TACCATGTATTGATTT-1_V13B23-285_C1,11
TACCGCGGACTTGCAG-1_V13B23-285_C1,7
TACCGGCTCACTGCCC-1_V13B23-285_C1,11
TACCGGTCGTTTCCAT-1_V13B23-285_C1,10
TACCGTAGGTTAACTA-1_V13B23-285_C1,4
TACCGTGCCTCGGACC-1_V13B23-285_C1,11
TACCTACTCCCAGTAT-1_V13B23-285_C1,11
TACCTCACGCTTGTAC-1_V13B23-285_C1,13
TACCTCAGTTGTCTGT-1_V13B23-285_C1,1
TACCTGCTGCACTGTG-1_V13B23-285_C1,5
TACCTTAAGATTTCCC-1_V13B23-285_C1,3
TACGAACACGACTTCA-1_V13B23-285_C1,5
TACGACGCTTGCTGCG-1_V13B23-285_C1,5
TACGACTGCCTCTTAG-1_V13B23-285_C1,11
TACGAGAACTTCACGT-1_V13B23-285_C1,5
TACGATGTTGATCATC-1_V13B23-285_C1,5
TACGCAGTTCTTTCCT-1_V13B23-285_C1,5
TACGCCATATTCTAAT-1_V13B23-285_C1,5
TACGCCGAGGGTACCC-1_V13B23-285_C1,1
TACGCCGCCTCAGAAG-1_V13B23-285_C1,11
TACGCCTCCATTCCGA-1_V13B23-285_C1,5
TACGCTATAGAAACCT-1_V13B23-285_C1,3
TACGCTCGGTATTGGA-1_V13B23-285_C1,11
TACGGGATGCTAGCAG-1_V13B23-285_C1,11
TACGTACTAGTGCTGA-1_V13B23-285_C1,1
TACGTGCAAGGTTCCT-1_V13B23-285_C1,5
TACGTGCACTATGCTG-1_V13B23-285_C1,5
TACGTTTACCGGCAAT-1_V13B23-285_C1,1
TACTATGGTTCCTCAG-1_V13B23-285_C1,1
TACTCGGCACGCCGGG-1_V13B23-285_C1,14
TACTCTCCGAACAAAT-1_V13B23-285_C1,12
TACTCTTACTTTACTG-1_V13B23-285_C1,11
TACTCTTTCGTCTTCA-1_V13B23-285_C1,1
TACTGAACAGATTTAG-1_V13B23-285_C1,8
TACTGCAATCAATTAC-1_V13B23-285_C1,14
TACTGGACAGCTCGGC-1_V13B23-285_C1,10
TACTGTTTCTCTGGTA-1_V13B23-285_C1,11
TACTTGTTAGTAGTCC-1_V13B23-285_C1,11
TACTTTACTGAGCCGG-1_V13B23-285_C1,14
TACTTTCCGCACGCCA-1_V13B23-285_C1,1
TAGAAAGGTGGCGCTA-1_V13B23-285_C1,14
TAGAAATTCACGTATA-1_V13B23-285_C1,14
TAGAATAGCCGATGAA-1_V13B23-285_C1,11
TAGAATTAAGGGCAAC-1_V13B23-285_C1,9
TAGACGAAACGCCAAT-1_V13B23-285_C1,11
TAGACGCCCGTACCGG-1_V13B23-285_C1,1
TAGACTACCTAGCGTT-1_V13B23-285_C1,11
TAGAGATCATGCAACT-1_V13B23-285_C1,10
TAGAGCTACGAAGAAC-1_V13B23-285_C1,12
TAGAGGTTCTACTTGT-1_V13B23-285_C1,11
TAGAGTCTAAGCGAAC-1_V13B23-285_C1,12
TAGATATGGACTGGAA-1_V13B23-285_C1,5
TAGATCCGAAGTCGCA-1_V13B23-285_C1,9
TAGATGGTTCCTTACT-1_V13B23-285_C1,11
TAGATTCCTGGTTATT-1_V13B23-285_C1,5
TAGCAACCTGTCACAA-1_V13B23-285_C1,5
TAGCCATTTCAAAGTC-1_V13B23-285_C1,11
TAGCCGGCGGTCAGCG-1_V13B23-285_C1,1
TAGCGTCCCTCGATTG-1_V13B23-285_C1,11
TAGCGTCCGGTGTGGT-1_V13B23-285_C1,11
TAGCGTTGGGTCTTAC-1_V13B23-285_C1,6
TAGCTAAGTCCGGGAG-1_V13B23-285_C1,14
TAGCTAGAAGGCATGA-1_V13B23-285_C1,1
TAGCTAGTGATGATGG-1_V13B23-285_C1,1
TAGCTCGCCTGATAAC-1_V13B23-285_C1,12
TAGCTGATGTGAAGCG-1_V13B23-285_C1,8
TAGGCATGTTACGCCA-1_V13B23-285_C1,3
TAGGGAGCTTGGGATG-1_V13B23-285_C1,11
TAGGGTGTTTCAAGAG-1_V13B23-285_C1,13
TAGGTCCAAGTAAGGA-1_V13B23-285_C1,5
TAGGTCGCCGGAACTG-1_V13B23-285_C1,8
TAGGTGACGATAACCT-1_V13B23-285_C1,11
TAGGTGAGCCCTACTC-1_V13B23-285_C1,5
TAGGTGCTCGCCTAGC-1_V13B23-285_C1,11
TAGGTGTTCCACAGAT-1_V13B23-285_C1,8
TAGGTTCGAGTTCGTC-1_V13B23-285_C1,13
TAGTACCTTAGTGGTC-1_V13B23-285_C1,5
TAGTAGCTTATACCAG-1_V13B23-285_C1,1
TAGTCCGCAGAGAATG-1_V13B23-285_C1,5
TAGTCCGTATGCATAA-1_V13B23-285_C1,5
TAGTCGATCACGGGTT-1_V13B23-285_C1,11
TAGTCGGGATTCTTCG-1_V13B23-285_C1,13
TAGTCTAACAACGAGA-1_V13B23-285_C1,1
TAGTCTGTGACGTTGC-1_V13B23-285_C1,8
TAGTCTTTCCGAATTG-1_V13B23-285_C1,11
TAGTGCCCTCCAGAGT-1_V13B23-285_C1,5
TAGTGCTTGAATCCTT-1_V13B23-285_C1,10
TAGTGTCAGAAACGGC-1_V13B23-285_C1,5
TAGTTAAGATAGGATA-1_V13B23-285_C1,13
TAGTTTATTCTTGCTT-1_V13B23-285_C1,6
TATAAATCCACAAGCT-1_V13B23-285_C1,1
TATAAGTGAGGATAGC-1_V13B23-285_C1,5
TATACACAGACGCCTT-1_V13B23-285_C1,12
TATACACGCAAAGTAT-1_V13B23-285_C1,4
TATACCGAGTGCCACA-1_V13B23-285_C1,11
TATACGCGTCATCACT-1_V13B23-285_C1,11
TATACTCATGCGGCAA-1_V13B23-285_C1,5
TATAGATGGTCGCAGT-1_V13B23-285_C1,11
TATAGGGTACTCATGA-1_V13B23-285_C1,14
TATATATCGAGAAATG-1_V13B23-285_C1,10
TATATCATTGATCAGT-1_V13B23-285_C1,1
TATATCCCTGGGAGGA-1_V13B23-285_C1,11
TATATGCTGGGTTGCC-1_V13B23-285_C1,8
TATATTACAAATGTCG-1_V13B23-285_C1,14
TATATTCGCGTCGATA-1_V13B23-285_C1,9
TATCAAAGGTCTGTAA-1_V13B23-285_C1,10
TATCACCATGTAAAGT-1_V13B23-285_C1,12
TATCACCCAACCGACC-1_V13B23-285_C1,8
TATCACTTCGAGTAAC-1_V13B23-285_C1,14
TATCCAATTGGTTATC-1_V13B23-285_C1,11
TATCCATATCATGCGA-1_V13B23-285_C1,13
TATCCATCTCGGTTAG-1_V13B23-285_C1,1
TATCCGCACCGTCGGG-1_V13B23-285_C1,10
TATCGATCTATGCATA-1_V13B23-285_C1,1
TATCGATGATTAAACG-1_V13B23-285_C1,5
TATCTACAGAGGTAAT-1_V13B23-285_C1,5
TATCTACCACAGCGGG-1_V13B23-285_C1,5
TATCTAGCCTAAAGGA-1_V13B23-285_C1,5
TATCTTGCAATACAAC-1_V13B23-285_C1,5
TATGAAGACAGGTGCG-1_V13B23-285_C1,5
TATGATCCGGCACGCC-1_V13B23-285_C1,14
TATGATCTTCTCTTTA-1_V13B23-285_C1,11
TATGCTCCCTACTTAC-1_V13B23-285_C1,1
TATGGATGTGCTACGC-1_V13B23-285_C1,2
TATGGCCCGGCCTCGC-1_V13B23-285_C1,5
TATGGCTAGGCTAATT-1_V13B23-285_C1,14
TATGGGACCGAGCAGG-1_V13B23-285_C1,5
TATGGGTACGTATCGT-1_V13B23-285_C1,5
TATGGTCTGAGTAACA-1_V13B23-285_C1,5
TATGGTTAGTGGGAGA-1_V13B23-285_C1,11
TATGTCAAGACCGACT-1_V13B23-285_C1,1
TATGTCTCATTGTGCC-1_V13B23-285_C1,14
TATTAACCTGACCGCG-1_V13B23-285_C1,1
TATTACCATCCTGCTT-1_V13B23-285_C1,11
TATTATGTTTGCCTGC-1_V13B23-285_C1,1
TATTCAATTCTAATCC-1_V13B23-285_C1,13
TATTCCACTCAGCTCG-1_V13B23-285_C1,1
TATTCCGAGCTGTTAT-1_V13B23-285_C1,11
TATTCCTCCGCCCACT-1_V13B23-285_C1,1
TATTCGTGCCAGAATA-1_V13B23-285_C1,4
TATTGACATTTCTGCC-1_V13B23-285_C1,3
TATTTAGTCTAGATCG-1_V13B23-285_C1,13
TATTTATACCGAGTAG-1_V13B23-285_C1,13
TATTTGATTTGCACAG-1_V13B23-285_C1,11
TATTTGTTACCCTTTA-1_V13B23-285_C1,5
TCAAACAACCGCGTCG-1_V13B23-285_C1,13
TCAAACTTAGATTGTT-1_V13B23-285_C1,4
TCAAATTTGAGACTCA-1_V13B23-285_C1,11
TCAACAAAGATAATTC-1_V13B23-285_C1,8
TCAACATAGCGCCCTA-1_V13B23-285_C1,1
TCAACATCGACCGAGA-1_V13B23-285_C1,14
TCAACCATGTTCGGGC-1_V13B23-285_C1,5
TCAACGAGGAGACAAA-1_V13B23-285_C1,5
TCAACGCAGGAAATAA-1_V13B23-285_C1,1
TCAACTAACGTATAAC-1_V13B23-285_C1,5
TCAACTGCAGAGTCAG-1_V13B23-285_C1,11
TCAAGAAATACTAGCT-1_V13B23-285_C1,1
TCAAGCGCGGACGGTA-1_V13B23-285_C1,11
TCAAGCTGCCTTGAAA-1_V13B23-285_C1,14
TCAAGGTTACTACACC-1_V13B23-285_C1,11
TCAATACGCCGTCATG-1_V13B23-285_C1,1
TCACAAACCGAGGTAC-1_V13B23-285_C1,11
TCACAGATCCTCAAAC-1_V13B23-285_C1,9
TCACAGCAAACTCGAA-1_V13B23-285_C1,5
TCACAGGAGAATAAGA-1_V13B23-285_C1,1
TCACAGGGAATCGCAA-1_V13B23-285_C1,11
TCACAGGTTATTGGGC-1_V13B23-285_C1,5
TCACATCTTATCTGAT-1_V13B23-285_C1,5
TCACCCTCTTAAGATT-1_V13B23-285_C1,11
TCACCGCTCGGCACTC-1_V13B23-285_C1,14
TCACGATGTCCGTGGA-1_V13B23-285_C1,8
TCACGCATTGTAGATC-1_V13B23-285_C1,5
TCACGGTCATCGCACA-1_V13B23-285_C1,5
TCACGTGCCCGATTCA-1_V13B23-285_C1,11
TCACTACGACCAATGC-1_V13B23-285_C1,14
TCACTCGTGCAACGGC-1_V13B23-285_C1,14
TCACTCTTCGTCTGTC-1_V13B23-285_C1,10
TCAGAACCTCCACAGG-1_V13B23-285_C1,14
TCAGACGCTATAGAAG-1_V13B23-285_C1,11
TCAGAGTGTGAGCATG-1_V13B23-285_C1,11
TCAGCAAATGCATCTC-1_V13B23-285_C1,14
TCAGCAGTAGGCCCTG-1_V13B23-285_C1,1
TCAGCCAATCCGTAAA-1_V13B23-285_C1,11
TCAGGGCGCAAACTCG-1_V13B23-285_C1,5
TCAGGGTGTAACGTAA-1_V13B23-285_C1,7
TCAGGTTCTTTGAGAA-1_V13B23-285_C1,5
TCAGTACTGACCCGCG-1_V13B23-285_C1,4
TCAGTAGGGACTATAA-1_V13B23-285_C1,5
TCAGTGTATACGTCAT-1_V13B23-285_C1,1
TCATAAGTCCAAGAAG-1_V13B23-285_C1,11
TCATACTTACAGATCC-1_V13B23-285_C1,5
TCATCACTCGAGCTCG-1_V13B23-285_C1,5
TCATCCCAGAGGGTGG-1_V13B23-285_C1,13
TCATCGATGGTCCCAA-1_V13B23-285_C1,1
TCATGCAGGTTCTCAT-1_V13B23-285_C1,15
TCATTTAAGTCTCCGA-1_V13B23-285_C1,11
TCATTTAGAAGTGTGA-1_V13B23-285_C1,11
TCCAACTTTAAATTCT-1_V13B23-285_C1,1
TCCAATAAAGGCTACC-1_V13B23-285_C1,5
TCCACAATGGTTTACG-1_V13B23-285_C1,7
TCCACCTCTAGCCTTT-1_V13B23-285_C1,1
TCCACTTTATCTAGGT-1_V13B23-285_C1,14
TCCAGAGCACCGGTTC-1_V13B23-285_C1,11
TCCAGATGTACGCCAA-1_V13B23-285_C1,8
TCCAGCGCTATAAGCG-1_V13B23-285_C1,11
TCCAGGCGAGTACGGT-1_V13B23-285_C1,1
TCCAGGGTATATACGA-1_V13B23-285_C1,11
TCCATTCCCACTAGAG-1_V13B23-285_C1,2
TCCATTGTGACCTCGT-1_V13B23-285_C1,9
TCCCAAACAGACAACG-1_V13B23-285_C1,14
TCCCAAAGACGAAGGA-1_V13B23-285_C1,10
TCCCAAAGCCCTAAAT-1_V13B23-285_C1,6
TCCCACTCTCTTCCGG-1_V13B23-285_C1,14
TCCCAGCACACGACAT-1_V13B23-285_C1,11
TCCCAGCTTTAGTCTG-1_V13B23-285_C1,4
TCCCAGGCTTAGCTAA-1_V13B23-285_C1,5
TCCCGCCTATGTGCGT-1_V13B23-285_C1,14
TCCCGCGTACTCCTGG-1_V13B23-285_C1,7
TCCCGGGTGTGCTGCT-1_V13B23-285_C1,5
TCCCGTCAGTCCCGCA-1_V13B23-285_C1,1
TCCCGTCGCGTCATAG-1_V13B23-285_C1,8
TCCCGTGTGCAATTTG-1_V13B23-285_C1,11
TCCCTAGATCAATAGG-1_V13B23-285_C1,14
TCCCTGGCGTATTAAC-1_V13B23-285_C1,5
TCCCTGGCTCGCTGGA-1_V13B23-285_C1,5
TCCCTTAGATTACTCG-1_V13B23-285_C1,10
TCCGAACGTTGCCGCT-1_V13B23-285_C1,11
TCCGAACTTGGCTTAC-1_V13B23-285_C1,5
TCCGAAGTAGTCACCA-1_V13B23-285_C1,12
TCCGAATGGTCCTGAG-1_V13B23-285_C1,14
TCCGATAATTGCCATA-1_V13B23-285_C1,13
TCCGATGACTGAGCTC-1_V13B23-285_C1,12
TCCGATGGTGCGACAT-1_V13B23-285_C1,5
TCCGATTACATTGCCG-1_V13B23-285_C1,5
TCCGCAGCCACCTAGC-1_V13B23-285_C1,12
TCCGCCTGTCTACAAG-1_V13B23-285_C1,11
TCCGCGGCAGCATCTG-1_V13B23-285_C1,11
TCCGCGGCCCAATGAA-1_V13B23-285_C1,11
TCCGCTGTCATCCCGG-1_V13B23-285_C1,11
TCCGCTTATCCCATTA-1_V13B23-285_C1,11
TCCGGAGGAAGGGCTG-1_V13B23-285_C1,12
TCCGGCCTAGCGTACA-1_V13B23-285_C1,8
TCCGGCTGTCGGGTCG-1_V13B23-285_C1,11
TCCGGTTCGTCCGGTC-1_V13B23-285_C1,10
TCCGTAACCACAATCC-1_V13B23-285_C1,5
TCCGTTAAGCTAATAT-1_V13B23-285_C1,11
TCCGTTTAGCCTTGAA-1_V13B23-285_C1,7
TCCTAAATTGGGAAGC-1_V13B23-285_C1,11
TCCTAACCGTCGGGCA-1_V13B23-285_C1,1
TCCTACATCCACGGCC-1_V13B23-285_C1,11
TCCTAGCAAAGAAGCT-1_V13B23-285_C1,10
TCCTATCATAGGTAAC-1_V13B23-285_C1,11
TCCTCCTAAGACATTC-1_V13B23-285_C1,8
TCCTCGGGCTGGGCTT-1_V13B23-285_C1,11
TCCTCTACGAGATGGC-1_V13B23-285_C1,5
TCCTCTCCAGTTGTCC-1_V13B23-285_C1,5
TCCTCTGGCCCATTAG-1_V13B23-285_C1,12
TCCTGCCAACTGGAGA-1_V13B23-285_C1,13
TCCTGCGTTGATACTC-1_V13B23-285_C1,5
TCCTGGCGCTGCCTGG-1_V13B23-285_C1,15
TCCTTACGACGGTCCG-1_V13B23-285_C1,11
TCCTTCAGTGGTCGAA-1_V13B23-285_C1,13
TCCTTTAAATCCGCTT-1_V13B23-285_C1,11
TCCTTTCTTACGCTTA-1_V13B23-285_C1,14
TCGAAATTTAGGACCA-1_V13B23-285_C1,5
TCGAAGAACCGAGCAC-1_V13B23-285_C1,11
TCGAATATCCCGCAGG-1_V13B23-285_C1,3
TCGACAACTGAACCCG-1_V13B23-285_C1,5
TCGAGACCAACACCGT-1_V13B23-285_C1,5
TCGAGCCAGGCAGGCC-1_V13B23-285_C1,1
TCGAGGGCAACAGACG-1_V13B23-285_C1,1
TCGCAAAGATGCATTT-1_V13B23-285_C1,11
TCGCACCAGGAGGCAG-1_V13B23-285_C1,11
TCGCATAAAGGGCGCA-1_V13B23-285_C1,11
TCGCATCCCTAAGTGT-1_V13B23-285_C1,5
TCGCCGAAGTTGCGTC-1_V13B23-285_C1,10
TCGCCGGTCGATCCGT-1_V13B23-285_C1,13
TCGCGTAGCAGTGTCC-1_V13B23-285_C1,8
TCGCGTCCAGAAGGTC-1_V13B23-285_C1,5
TCGCTAAACCGCTATC-1_V13B23-285_C1,5
TCGCTCGATATATTCC-1_V13B23-285_C1,8
TCGCTCGGCACCAGCG-1_V13B23-285_C1,14
TCGCTGGGCGGATTGT-1_V13B23-285_C1,14
TCGCTGTGCGTAAATC-1_V13B23-285_C1,5
TCGCTTTAAACGTTTG-1_V13B23-285_C1,14
TCGGAATGCGCTCTGA-1_V13B23-285_C1,5
TCGGACGCCCAGCCCA-1_V13B23-285_C1,14
TCGGAGAGTATCGGGA-1_V13B23-285_C1,1
TCGGAGTACATGAGTA-1_V13B23-285_C1,7
TCGGCGAACCCAAACC-1_V13B23-285_C1,11
TCGGCGTACTGCACAA-1_V13B23-285_C1,12
TCGGCTTGTATCGACG-1_V13B23-285_C1,11
TCGGGAACGTGCCTAG-1_V13B23-285_C1,14
TCGGGAGACAGCGTAC-1_V13B23-285_C1,11
TCGGGATTCAAACATA-1_V13B23-285_C1,5
TCGGGCCGTCGTGGTA-1_V13B23-285_C1,11
TCGGGTGAAACTGCTA-1_V13B23-285_C1,9
TCGGTCCCGACAATAG-1_V13B23-285_C1,1
TCGGTCCCTGACTCCA-1_V13B23-285_C1,12
TCGGTGACCGCTCCGG-1_V13B23-285_C1,15
TCGTAAGACGACATTG-1_V13B23-285_C1,14
TCGTAAGCTCCGAGGA-1_V13B23-285_C1,12
TCGTATAGTGCAATTA-1_V13B23-285_C1,13
TCGTATTACCCATTGC-1_V13B23-285_C1,14
TCGTCAAGTACGCGCA-1_V13B23-285_C1,11
TCGTCACACTGTTAGC-1_V13B23-285_C1,5
TCGTCCGCTGGCGTCT-1_V13B23-285_C1,5
TCGTCTTAGGCGTTAA-1_V13B23-285_C1,11
TCGTGTACTATGGATG-1_V13B23-285_C1,11
TCGTGTATTGGTCACG-1_V13B23-285_C1,11
TCGTGTCACGCTGACA-1_V13B23-285_C1,14
TCGTGTTCGACCACAA-1_V13B23-285_C1,11
TCGTTAGGAGTCCCTA-1_V13B23-285_C1,10
TCGTTCGTTATTATGT-1_V13B23-285_C1,9
TCGTTGCTATCCGGTC-1_V13B23-285_C1,1
TCTAACTGTATGTAAA-1_V13B23-285_C1,5
TCTAATACTGCCTCAG-1_V13B23-285_C1,1
TCTACCCAATAGAGAG-1_V13B23-285_C1,11
TCTACCGTCCACAAGC-1_V13B23-285_C1,3
TCTACGGGCTCAGTTG-1_V13B23-285_C1,2
TCTAGCAATCTCCGCC-1_V13B23-285_C1,1
TCTAGCATCTTCGATG-1_V13B23-285_C1,5
TCTAGCATGCCCAGAA-1_V13B23-285_C1,11
TCTAGGTGGCGACGCT-1_V13B23-285_C1,14
TCTAGTGATATCGTGG-1_V13B23-285_C1,11
TCTAGTTATCAGAAGA-1_V13B23-285_C1,5
TCTATCATGCAGTTAC-1_V13B23-285_C1,10
TCTATCGGTCGCAACA-1_V13B23-285_C1,13
TCTATTACGCTGGCGA-1_V13B23-285_C1,9
TCTATTACTAGAGGAT-1_V13B23-285_C1,5
TCTCATGAGATAGGGT-1_V13B23-285_C1,11
TCTCCAACGTAGGTTA-1_V13B23-285_C1,4
TCTCCACAAGTTGAAT-1_V13B23-285_C1,11
TCTCCCTGGGCAGCGT-1_V13B23-285_C1,11
TCTCGAACGAGGTCAC-1_V13B23-285_C1,15
TCTCGACGTATCGCCG-1_V13B23-285_C1,11
TCTCGAGGAGGTTCGC-1_V13B23-285_C1,11
TCTCGGCTCCAGGACT-1_V13B23-285_C1,5
TCTCTAATAGCTGGTA-1_V13B23-285_C1,12
TCTCTCGCCGCACATA-1_V13B23-285_C1,11
TCTGAACCGGTCGGCT-1_V13B23-285_C1,5
TCTGAACTCGTACCCG-1_V13B23-285_C1,11
TCTGAAGCACGTGGTC-1_V13B23-285_C1,11
TCTGAATTCCGTACAA-1_V13B23-285_C1,1
TCTGACGGGCTAACCC-1_V13B23-285_C1,14
TCTGAGCAATTGACTG-1_V13B23-285_C1,11
TCTGATCGGGTGCTAG-1_V13B23-285_C1,7
TCTGATGTATTCTGTC-1_V13B23-285_C1,11
TCTGATTGGAAATGGA-1_V13B23-285_C1,5
TCTGCACCATTAGTAA-1_V13B23-285_C1,14
TCTGCATACCTTGCTT-1_V13B23-285_C1,11
TCTGCCAGAAACTGCA-1_V13B23-285_C1,11
TCTGCGAATCGTTCGC-1_V13B23-285_C1,2
TCTGCGTCCGGTTTCT-1_V13B23-285_C1,5
TCTGCTTAGAACAAGC-1_V13B23-285_C1,11
TCTGGAGCGTAAGAGT-1_V13B23-285_C1,5
TCTGGCCGTTCAAGTT-1_V13B23-285_C1,11
TCTGGGAACCTTTGAA-1_V13B23-285_C1,11
TCTGGGTAGCGCTCAT-1_V13B23-285_C1,7
TCTGTGCCATCATAGT-1_V13B23-285_C1,14
TCTGTTACCCAGCATA-1_V13B23-285_C1,1
TCTTACAGAGGTACCG-1_V13B23-285_C1,13
TCTTACCGGAACTCGT-1_V13B23-285_C1,1
TCTTACGGCATCCGAC-1_V13B23-285_C1,5
TCTTACTTATGCCTCT-1_V13B23-285_C1,11
TCTTAGAGCTCCAATT-1_V13B23-285_C1,11
TCTTAGAGTGAACTCT-1_V13B23-285_C1,11
TCTTCCCATGGGCACA-1_V13B23-285_C1,3
TCTTCGAATAGACGTT-1_V13B23-285_C1,11
TCTTCGATACCAATAA-1_V13B23-285_C1,5
TCTTCGCGGTGAGAGG-1_V13B23-285_C1,11
TCTTCTATAACCCGCC-1_V13B23-285_C1,11
TCTTGATGCGTAGCGA-1_V13B23-285_C1,5
TCTTGGTAACACCAAA-1_V13B23-285_C1,13
TCTTTAAGACTATGAA-1_V13B23-285_C1,3
TCTTTAGAGTCTAACA-1_V13B23-285_C1,11
TCTTTAGCAGGCGAAC-1_V13B23-285_C1,14
TCTTTCCTTCGAGATA-1_V13B23-285_C1,11
TGAAACTTATGCAAGC-1_V13B23-285_C1,9
TGAAAGGACCTGACTC-1_V13B23-285_C1,11
TGAAGAGCGGTCCTAG-1_V13B23-285_C1,5
TGAAGTAGCTTACGGA-1_V13B23-285_C1,3
TGAATATGCTATAAAC-1_V13B23-285_C1,14
TGAATGAGATACAGCA-1_V13B23-285_C1,2
TGAATGTCAGCCGGCC-1_V13B23-285_C1,11
TGACAACGCATGTCGC-1_V13B23-285_C1,11
TGACACTTCTCTTTGC-1_V13B23-285_C1,12
TGACAGGACAAGTCCA-1_V13B23-285_C1,8
TGACATCGAGCGGACC-1_V13B23-285_C1,11
TGACCCACGTTAGACA-1_V13B23-285_C1,5
TGACGAATATTTCCCT-1_V13B23-285_C1,14
TGACGATGCACTAGAA-1_V13B23-285_C1,11
TGACTATAATCCTTTC-1_V13B23-285_C1,11
TGAGAATGCTTTACCG-1_V13B23-285_C1,13
TGAGAGATTTACCACG-1_V13B23-285_C1,11
TGAGATTAGGCCCTAA-1_V13B23-285_C1,14
TGAGCCATACAGTCTC-1_V13B23-285_C1,7
TGAGCGGAAAGTGTTC-1_V13B23-285_C1,11
TGAGCTCAACTGTATA-1_V13B23-285_C1,11
TGAGCTTTAATGACGC-1_V13B23-285_C1,1
TGAGGAGTGCCAGCTT-1_V13B23-285_C1,4
TGAGTAAATTAGCGTA-1_V13B23-285_C1,11
TGAGTGCCTCTTAAAT-1_V13B23-285_C1,4
TGAGTGGTCCGTGACG-1_V13B23-285_C1,7
TGAGTTAAAGACATTC-1_V13B23-285_C1,11
TGATACATTTAGCCGT-1_V13B23-285_C1,1
TGATAGCGGGATTCTA-1_V13B23-285_C1,5
TGATCAGGGAACTGCT-1_V13B23-285_C1,14
TGATCCCAGCATTAGT-1_V13B23-285_C1,7
TGATCGGTTTGACCCT-1_V13B23-285_C1,5
TGATCTACGCTGATCT-1_V13B23-285_C1,14
TGATCTCCGGCGCCAG-1_V13B23-285_C1,12
TGATGGCTGTTTCTGA-1_V13B23-285_C1,7
TGATGTCAATTAAGTG-1_V13B23-285_C1,11
TGATTATGGCACGCAG-1_V13B23-285_C1,15
TGATTCAGGTCCCGCG-1_V13B23-285_C1,1
TGATTCGTCTATCACT-1_V13B23-285_C1,5
TGATTCTGTCGCCGGT-1_V13B23-285_C1,10
TGATTTATTAGCTGTG-1_V13B23-285_C1,5
TGATTTCCTCCTGACG-1_V13B23-285_C1,5
TGCAACCCATCTGCGG-1_V13B23-285_C1,11
TGCAAGAATGACGTAA-1_V13B23-285_C1,1
TGCAATCTAACACGGT-1_V13B23-285_C1,11
TGCAATTTGGGCACGG-1_V13B23-285_C1,14
TGCACAGTGAAGTTAT-1_V13B23-285_C1,12
TGCACTATGTGAGTGC-1_V13B23-285_C1,5
TGCAGAACTATATCGT-1_V13B23-285_C1,14
TGCAGAGTACCGAGCA-1_V13B23-285_C1,5
TGCAGATCGTCCTAGG-1_V13B23-285_C1,14
TGCAGCTACGTACTTC-1_V13B23-285_C1,14
TGCAGGATCGGCAAAG-1_V13B23-285_C1,1
TGCAGTGAGGCTCGGG-1_V13B23-285_C1,2
TGCAGTTTCCTCCCAT-1_V13B23-285_C1,11
TGCATATGTCTGTCAC-1_V13B23-285_C1,11
TGCATGGATCGGATCT-1_V13B23-285_C1,13
TGCATGTGGTAATCTA-1_V13B23-285_C1,7
TGCCAAAGTCAGACTT-1_V13B23-285_C1,14
TGCCAATGGGTACTCT-1_V13B23-285_C1,1
TGCCACCTGGCGAAAC-1_V13B23-285_C1,13
TGCCAGTACGTGGAGA-1_V13B23-285_C1,11
TGCCATTACTAAAGAA-1_V13B23-285_C1,1
TGCCCGTACCGTTAAA-1_V13B23-285_C1,11
TGCCGGATGTACGAGC-1_V13B23-285_C1,5
TGCCGTGGATCGTCCT-1_V13B23-285_C1,11
TGCCTAAATTTAATAG-1_V13B23-285_C1,5
TGCCTAATTGAAGATT-1_V13B23-285_C1,11
TGCCTGACATCGGTCA-1_V13B23-285_C1,5
TGCCTGATCAAACGAT-1_V13B23-285_C1,13
TGCCTTGGCCAGGCAA-1_V13B23-285_C1,11
TGCGAATATGGGATTT-1_V13B23-285_C1,14
TGCGACACCCTAGTGC-1_V13B23-285_C1,1
TGCGACGGCCGAACGT-1_V13B23-285_C1,1
TGCGAGAATATTACCC-1_V13B23-285_C1,1
TGCGAGCCCTTCCGCG-1_V13B23-285_C1,12
TGCGATGCTAATGGCT-1_V13B23-285_C1,5
TGCGCAAAGCATTTGG-1_V13B23-285_C1,5
TGCGCCGTTAATAACG-1_V13B23-285_C1,11
TGCGCGATTAACGGAG-1_V13B23-285_C1,8
TGCGGAGTAAAGGTGC-1_V13B23-285_C1,7
TGCGGCATAGTTCAAC-1_V13B23-285_C1,13
TGCGGTGAAATTTCAT-1_V13B23-285_C1,6
TGCGTAAGAACCTGAT-1_V13B23-285_C1,1
TGCGTCATGACTGAGC-1_V13B23-285_C1,7
TGCGTGATTGGGTGTC-1_V13B23-285_C1,9
TGCGTTTGTTGACACT-1_V13B23-285_C1,11
TGCTAAGTGTCTATTT-1_V13B23-285_C1,11
TGCTCCACAGTTCTTA-1_V13B23-285_C1,11
TGCTCGGCGAAACCCA-1_V13B23-285_C1,11
TGCTCTGCCGGTTCAC-1_V13B23-285_C1,14
TGCTGGTTGGACAATT-1_V13B23-285_C1,15
TGCTGTTGAAGAACTC-1_V13B23-285_C1,12
TGCTTAGAGAGAATGC-1_V13B23-285_C1,5
TGCTTCCCAAGCAGTA-1_V13B23-285_C1,11
TGGAACCACTGACACA-1_V13B23-285_C1,8
TGGAAGAAGGGAACGT-1_V13B23-285_C1,1
TGGAAGACGAACACCA-1_V13B23-285_C1,9
TGGAAGGATAAAGATG-1_V13B23-285_C1,13
TGGAATATCCTTGACC-1_V13B23-285_C1,14
TGGAATTAGACGCTTT-1_V13B23-285_C1,5
TGGACACCGTTGCTTG-1_V13B23-285_C1,12
TGGACCAATCTAAGAT-1_V13B23-285_C1,11
TGGACGCAATCCAGCC-1_V13B23-285_C1,3
TGGACTGTTCGCTCAA-1_V13B23-285_C1,11
TGGAGGGAAACACCTC-1_V13B23-285_C1,2
TGGAGTGATGCGATGA-1_V13B23-285_C1,5
TGGCAAACTAAATTAC-1_V13B23-285_C1,11
TGGCAACTCGCGCGCC-1_V13B23-285_C1,12
TGGCAATGGGACGGCG-1_V13B23-285_C1,11
TGGCAGATTACGATCA-1_V13B23-285_C1,5
TGGCAGCAGTAATAGT-1_V13B23-285_C1,11
TGGCCAAACTGAAGTA-1_V13B23-285_C1,14
TGGCCGTATATTGACC-1_V13B23-285_C1,5
TGGCGACTGCTCCAAA-1_V13B23-285_C1,1
TGGCGATCAAGTTATG-1_V13B23-285_C1,1
TGGCTATGTGACATAC-1_V13B23-285_C1,11
TGGCTCTTGTCGCGTA-1_V13B23-285_C1,14
TGGCTTGTACAAGCTT-1_V13B23-285_C1,2
TGGCTTTGGGTAGACA-1_V13B23-285_C1,13
TGGGAAATGCCTTTCC-1_V13B23-285_C1,5
TGGGATGCACTCATTC-1_V13B23-285_C1,12
TGGGCAATAGTTGGGT-1_V13B23-285_C1,11
TGGGCACGTTCTATGG-1_V13B23-285_C1,13
TGGGCAGGCCACCGCA-1_V13B23-285_C1,11
TGGGCCACAAGAGCGC-1_V13B23-285_C1,13
TGGGCCCATACTAATT-1_V13B23-285_C1,11
TGGGTAAGGTTCCCGC-1_V13B23-285_C1,13
TGGGTGGGATGTCATT-1_V13B23-285_C1,2
TGGTAAGCAGGATTGA-1_V13B23-285_C1,10
TGGTAGAATATATGGG-1_V13B23-285_C1,11
TGGTATCGCATCCCAA-1_V13B23-285_C1,9
TGGTCCCACGCTACGG-1_V13B23-285_C1,11
TGGTCGTGCAAGGCAA-1_V13B23-285_C1,10
TGGTCTAGCTTACATG-1_V13B23-285_C1,1
TGGTCTGTTGGGCGTA-1_V13B23-285_C1,10
TGGTGATCGTATTTGT-1_V13B23-285_C1,5
TGGTTAAGGGCGCTGG-1_V13B23-285_C1,14
TGGTTCAACGGGTAAT-1_V13B23-285_C1,11
TGGTTCGTAGCAAAGG-1_V13B23-285_C1,10
TGGTTGGAGGATCCTG-1_V13B23-285_C1,7
TGGTTTAAACGTGGGT-1_V13B23-285_C1,14
TGTAATGACCACAATA-1_V13B23-285_C1,14
TGTACCTACACGAGGG-1_V13B23-285_C1,11
TGTACGAACAAATCCG-1_V13B23-285_C1,5
TGTACTACTCTCACGG-1_V13B23-285_C1,14
TGTAGCCATCCCATTC-1_V13B23-285_C1,11
TGTAGGAGAAATTTCC-1_V13B23-285_C1,11
TGTAGTGATCTATAAT-1_V13B23-285_C1,8
TGTATAACAGATCCTG-1_V13B23-285_C1,14
TGTATACGGATGATGA-1_V13B23-285_C1,14
TGTATCCTTATTCCAT-1_V13B23-285_C1,9
TGTATGGCGCAGACAG-1_V13B23-285_C1,11
TGTATTTACCTAATGC-1_V13B23-285_C1,9
TGTCATTTGTTGGGAA-1_V13B23-285_C1,14
TGTCCCGACATAGCAC-1_V13B23-285_C1,9
TGTCCGTGGCGCCTTT-1_V13B23-285_C1,5
TGTCCTAAGTCACCGC-1_V13B23-285_C1,3
TGTCGTTATCACATAT-1_V13B23-285_C1,5
TGTCTACAGTTTCTGT-1_V13B23-285_C1,9
TGTGACTACGCCAGTC-1_V13B23-285_C1,13
TGTGAGACTAGCCCAA-1_V13B23-285_C1,11
TGTGCCGGTGCCGGAA-1_V13B23-285_C1,11
TGTGCTTTACGTAAGA-1_V13B23-285_C1,7
TGTGGACTATCTACGT-1_V13B23-285_C1,11
TGTGGCAAAGCGTATG-1_V13B23-285_C1,14
TGTGGCTCCCACCAAC-1_V13B23-285_C1,11
TGTGGTAGGGTGCCTT-1_V13B23-285_C1,11
TGTGTAGTAGCACGTG-1_V13B23-285_C1,11
TGTGTCGCGAGTTGCA-1_V13B23-285_C1,5
TGTGTTCGTATCCAAG-1_V13B23-285_C1,5
TGTTATTGTATGTGGC-1_V13B23-285_C1,6
TGTTCATAAATGTGCT-1_V13B23-285_C1,7
TGTTCCGCTTCCATGA-1_V13B23-285_C1,5
TGTTCGTATTGCGGTG-1_V13B23-285_C1,11
TGTTCTTCCATTGACT-1_V13B23-285_C1,5
TGTTGCCGTCGTCCCA-1_V13B23-285_C1,11
TGTTGTCAAGAAGTCT-1_V13B23-285_C1,4
TGTTTAATACTTCATC-1_V13B23-285_C1,9
TGTTTCGGTACTTCTC-1_V13B23-285_C1,13
TGTTTGAGATCGTCAG-1_V13B23-285_C1,11
TTAAACCTGGTTCCTT-1_V13B23-285_C1,5
TTAAACTCGAATTCAT-1_V13B23-285_C1,14
TTAACACCTCGAACAT-1_V13B23-285_C1,5
TTAACCAACCCTCCCT-1_V13B23-285_C1,13
TTAACGAACAAGCAGT-1_V13B23-285_C1,8
TTAACGTCGCAAGACC-1_V13B23-285_C1,9
TTAACTCACGCGTGGA-1_V13B23-285_C1,5
TTAACTTCAGGTAGGA-1_V13B23-285_C1,1
TTAAGATAGGATTGAC-1_V13B23-285_C1,11
TTAAGCCGACAACTTC-1_V13B23-285_C1,13
TTAAGCGCCTGACCCA-1_V13B23-285_C1,5
TTAAGGCCCGTACTTT-1_V13B23-285_C1,1
TTAATCAGTACGTCAG-1_V13B23-285_C1,13
TTAATGTAGACCAGGT-1_V13B23-285_C1,8
TTAATGTGTTTGCAGG-1_V13B23-285_C1,7
TTAATTGCTTTGGGTG-1_V13B23-285_C1,11
TTAATTTCAGACGCGG-1_V13B23-285_C1,13
TTACAACTACGCATCC-1_V13B23-285_C1,5
TTACACGATCTGCGAC-1_V13B23-285_C1,11
TTACAGACCTAAATGA-1_V13B23-285_C1,14
TTACATCGTGGCCTGG-1_V13B23-285_C1,5
TTACATGCCACAACTA-1_V13B23-285_C1,11
TTACCATTGATTACCC-1_V13B23-285_C1,5
TTACCCATTGCCGGGT-1_V13B23-285_C1,7
TTACCCTAACAGTCCT-1_V13B23-285_C1,5
TTACCCTAGGGATTGG-1_V13B23-285_C1,1
TTACCGCCTTAGGGAA-1_V13B23-285_C1,9
TTACGGATGGTTCGAG-1_V13B23-285_C1,3
TTACTAAAGGACTTTA-1_V13B23-285_C1,11
TTACTATCGGCTTCTC-1_V13B23-285_C1,5
TTACTCCGGCCGGGAA-1_V13B23-285_C1,11
TTACTCTGGTACGTAC-1_V13B23-285_C1,1
TTACTGGGATATTTCA-1_V13B23-285_C1,5
TTACTGTCTAGAGCTC-1_V13B23-285_C1,14
TTAGAAGAACATGACT-1_V13B23-285_C1,11
TTAGAATAAGGGTCGG-1_V13B23-285_C1,1
TTAGACACGATCGTTG-1_V13B23-285_C1,7
TTAGACGAGTCACCTC-1_V13B23-285_C1,11
TTAGAGTTTAGAAGGA-1_V13B23-285_C1,11
TTAGATAGGTCGATAC-1_V13B23-285_C1,15
TTAGCAACATGGATGT-1_V13B23-285_C1,5
TTAGCTAATACGATCT-1_V13B23-285_C1,8
TTAGCTCTGTAATCCG-1_V13B23-285_C1,5
TTAGCTGATTTGCCGT-1_V13B23-285_C1,11
TTAGGATGGGAGGGTA-1_V13B23-285_C1,6
TTAGGTCATAACCGAC-1_V13B23-285_C1,1
TTAGTAAACCTGCTCT-1_V13B23-285_C1,11
TTAGTAGGGCGGCGGG-1_V13B23-285_C1,10
TTAGTTATTCGTGGCA-1_V13B23-285_C1,11
TTAGTTCAAGTGTTCG-1_V13B23-285_C1,14
TTATAGGTAATTGTCT-1_V13B23-285_C1,11
TTATATACGCTGTCAC-1_V13B23-285_C1,11
TTATATTTGGCAATCC-1_V13B23-285_C1,1
TTATCCAATCGAACTC-1_V13B23-285_C1,9
TTATCCGGGATCTATA-1_V13B23-285_C1,11
TTATCCTCAAGGAATA-1_V13B23-285_C1,1
TTATCGCCTGCGAAGC-1_V13B23-285_C1,5
TTATCTGACATTAGGA-1_V13B23-285_C1,14
TTATCTGTATCATAAC-1_V13B23-285_C1,13
TTATGAATGAAAGGGA-1_V13B23-285_C1,11
TTATGACAAACTGGAT-1_V13B23-285_C1,5
TTATGATCTTAACGAA-1_V13B23-285_C1,11
TTATGTTTGCGATAGA-1_V13B23-285_C1,5
TTATTAGAGCGTGTTC-1_V13B23-285_C1,11
TTATTAGGGAAGCATC-1_V13B23-285_C1,13
TTATTATCTGGAAGGC-1_V13B23-285_C1,11
TTCAAAGTCTCTAGCC-1_V13B23-285_C1,11
TTCAACGACCCGACCG-1_V13B23-285_C1,12
TTCAAGCCGAGCTGAG-1_V13B23-285_C1,13
TTCAATACTCTGAATC-1_V13B23-285_C1,11
TTCAATTAGCCATAAT-1_V13B23-285_C1,2
TTCACGAAAGGATCAC-1_V13B23-285_C1,5
TTCACTCGAGCACCTA-1_V13B23-285_C1,11
TTCAGCCCTGGTCCAC-1_V13B23-285_C1,11
TTCAGCTGGCGTGCCC-1_V13B23-285_C1,4
TTCAGGCGTCAAAGCC-1_V13B23-285_C1,5
TTCAGTTTGTGGCAGC-1_V13B23-285_C1,3
TTCATAGGGTGTCCAT-1_V13B23-285_C1,10
TTCATGGCGCAACAGG-1_V13B23-285_C1,13
TTCCAATCAGAGCTAG-1_V13B23-285_C1,1
TTCCAATCTGGCTATC-1_V13B23-285_C1,5
TTCCACACAGATTTGA-1_V13B23-285_C1,1
TTCCAGACGAGATTTA-1_V13B23-285_C1,11
TTCCATCATGCGGTGA-1_V13B23-285_C1,12
TTCCATCGACAGCGTG-1_V13B23-285_C1,11
TTCCCGGCGCCAATAG-1_V13B23-285_C1,14
TTCCGCAGAGAAATAT-1_V13B23-285_C1,3
TTCCGCGTGAGGCGAT-1_V13B23-285_C1,11
TTCCGGCCTTGAGGCT-1_V13B23-285_C1,1
TTCCGGCTCGACTTCT-1_V13B23-285_C1,2
TTCCGGTATCTGTGTC-1_V13B23-285_C1,11
TTCCGGTTACCCACTT-1_V13B23-285_C1,11
TTCCTCGAGGGTGTCT-1_V13B23-285_C1,12
TTCCTCGGACTAACCA-1_V13B23-285_C1,11
TTCCTCTGCCCGAATA-1_V13B23-285_C1,5
TTCGACAGAGCCCGTG-1_V13B23-285_C1,11
TTCGACGGGAAGGGCG-1_V13B23-285_C1,5
TTCGCACTCGCGTGCT-1_V13B23-285_C1,5
TTCGCACTGTACGACA-1_V13B23-285_C1,1
TTCGCATCCGGAAGCA-1_V13B23-285_C1,9
TTCGCCGCTCGCGCTA-1_V13B23-285_C1,8
TTCGCGCGCCATACGA-1_V13B23-285_C1,1
TTCGCTAGGAAGTTGT-1_V13B23-285_C1,11
TTCGCTATCTGACGTG-1_V13B23-285_C1,7
TTCGGCAACCCGCTGA-1_V13B23-285_C1,14
TTCGGCTAGAGATGGT-1_V13B23-285_C1,12
TTCGGGACTAATCGCG-1_V13B23-285_C1,11
TTCGGGCGCTAGTCTT-1_V13B23-285_C1,1
TTCGGGTTGCCACGGG-1_V13B23-285_C1,11
TTCGGTGGAGACGCCC-1_V13B23-285_C1,11
TTCGTAATCCCAGCGG-1_V13B23-285_C1,12
TTCGTACTCCAGAACG-1_V13B23-285_C1,5
TTCGTTCAACGAAGTT-1_V13B23-285_C1,14
TTCTAACCGAAGCTTA-1_V13B23-285_C1,11
TTCTACTTGCGAGGGC-1_V13B23-285_C1,5
TTCTAGAAAGTCTTAT-1_V13B23-285_C1,1
TTCTAGGCCAATTGTG-1_V13B23-285_C1,15
TTCTATGCCTTTCGCA-1_V13B23-285_C1,14
TTCTGACCGGGCTCAA-1_V13B23-285_C1,11
TTCTGCCGCGCCTAGA-1_V13B23-285_C1,11
TTCTGCGAGCGCCCTT-1_V13B23-285_C1,5
TTCTGCGGGTTAGCGG-1_V13B23-285_C1,11
TTCTGCTAGACTCCAA-1_V13B23-285_C1,14
TTCTGTTTCCTGTCGC-1_V13B23-285_C1,5
TTCTTAGTGAACGGTG-1_V13B23-285_C1,5
TTCTTAGTGGCTCAGA-1_V13B23-285_C1,13
TTCTTATCCGCTGGGT-1_V13B23-285_C1,11
TTCTTGAGCCGCGCTA-1_V13B23-285_C1,8
TTCTTGCTAGCATCTC-1_V13B23-285_C1,11
TTCTTGGACGATCTGC-1_V13B23-285_C1,3
TTCTTGGAGTAATGAG-1_V13B23-285_C1,12
TTCTTGTAACCTAATG-1_V13B23-285_C1,5
TTCTTGTGTCCATCAG-1_V13B23-285_C1,1
TTCTTTGGTCGCGACG-1_V13B23-285_C1,8
TTGAAAGGTGTAAAGG-1_V13B23-285_C1,14
TTGAACGAATCCTTTG-1_V13B23-285_C1,5
TTGAACGACGTGCTGA-1_V13B23-285_C1,11
TTGAAGAATTCCCAGG-1_V13B23-285_C1,5
TTGAATATGGACTTTC-1_V13B23-285_C1,12
TTGAATTCACGTGAGG-1_V13B23-285_C1,11
TTGACAGGAGCTCCCG-1_V13B23-285_C1,11
TTGACATGAACGTGGA-1_V13B23-285_C1,1
TTGACCAGGAACAACT-1_V13B23-285_C1,11
TTGACCATGTTCTCCG-1_V13B23-285_C1,1
TTGACCGTGTTAATGA-1_V13B23-285_C1,3
TTGACGCTCCATGAGC-1_V13B23-285_C1,11
TTGACTACCATATGGT-1_V13B23-285_C1,1
TTGACTATTGTCCGGC-1_V13B23-285_C1,11
TTGAGAAGTTTAGCAT-1_V13B23-285_C1,11
TTGAGAGTACTGCTAA-1_V13B23-285_C1,10
TTGAGCAGCCCACGGT-1_V13B23-285_C1,11
TTGAGCGCCACGTGAT-1_V13B23-285_C1,11
TTGAGTCCCGCTGCTG-1_V13B23-285_C1,11
TTGATAGTCAATACAT-1_V13B23-285_C1,14
TTGATCTAACTTTGTC-1_V13B23-285_C1,5
TTGATGTGTAGTCCCG-1_V13B23-285_C1,1
TTGATTAGCTGTTTCT-1_V13B23-285_C1,1
TTGATTATGCAGATGA-1_V13B23-285_C1,5
TTGCACAATTCAGAAA-1_V13B23-285_C1,5
TTGCACGGAGCAGCAC-1_V13B23-285_C1,13
TTGCATGCTGATCACG-1_V13B23-285_C1,7
TTGCCAAGCAGAACCC-1_V13B23-285_C1,11
TTGCCATAGCCCGCTC-1_V13B23-285_C1,8
TTGCCCTGATCACGGG-1_V13B23-285_C1,5
TTGCCGCTTTCTAGTA-1_V13B23-285_C1,11
TTGCCGGTGATCCCTC-1_V13B23-285_C1,4
TTGCGGCATCAGAAAG-1_V13B23-285_C1,5
TTGCGTAGTTTGAGGA-1_V13B23-285_C1,5
TTGCGTCGGCCAACCG-1_V13B23-285_C1,5
TTGCGTGAACGCTTAG-1_V13B23-285_C1,14
TTGCTCCCATACCGGA-1_V13B23-285_C1,13
TTGCTGAAGGAACCAC-1_V13B23-285_C1,13
TTGCTGATCATGTTCG-1_V13B23-285_C1,4
TTGCTGCACCTATCCA-1_V13B23-285_C1,5
TTGCTGGCCGGGCTTC-1_V13B23-285_C1,9
TTGGAAGAATACAGTC-1_V13B23-285_C1,1
TTGGACATGTGGCTTA-1_V13B23-285_C1,5
TTGGACCATCTGGCAA-1_V13B23-285_C1,11
TTGGACCTATAACAGT-1_V13B23-285_C1,11
TTGGATATCGTCTACG-1_V13B23-285_C1,5
TTGGATCGACTTCTGG-1_V13B23-285_C1,9
TTGGATTGGGTACCAC-1_V13B23-285_C1,13
TTGGCCATCTTGCGCT-1_V13B23-285_C1,5
TTGGCCTAGAATTTCG-1_V13B23-285_C1,13
TTGGCGATCCGAATAT-1_V13B23-285_C1,12
TTGGCTCGCATGAGAC-1_V13B23-285_C1,5
TTGGGACACTGCCCGC-1_V13B23-285_C1,8
TTGGGACGTAAGAGTT-1_V13B23-285_C1,11
TTGGGCGGCGGTTGCC-1_V13B23-285_C1,14
TTGGTCACACTCGTAA-1_V13B23-285_C1,5
TTGGTTCGCTCAAAGG-1_V13B23-285_C1,5
TTGGTTGCGGTGCGCG-1_V13B23-285_C1,1
TTGTAAGGACCTAAGT-1_V13B23-285_C1,1
TTGTAAGGCCAGTTGG-1_V13B23-285_C1,14
TTGTAATCCGTACTCG-1_V13B23-285_C1,5
TTGTATCACACAGAAT-1_V13B23-285_C1,13
TTGTCGTTCAGTTACC-1_V13B23-285_C1,13
TTGTGAACCTAATCCG-1_V13B23-285_C1,11
TTGTGAGGCATGACGC-1_V13B23-285_C1,14
TTGTGCAGCCACGTCA-1_V13B23-285_C1,11
TTGTGGCCCTGACAGT-1_V13B23-285_C1,13
TTGTGGTAGGAGGGAT-1_V13B23-285_C1,7
TTGTGGTATAGGTATG-1_V13B23-285_C1,14
TTGTGGTGGTACTAAG-1_V13B23-285_C1,11
TTGTGTATGCCACCAA-1_V13B23-285_C1,5
TTGTGTTTCCCGAAAG-1_V13B23-285_C1,12
TTGTTAGCAAATTCGA-1_V13B23-285_C1,15
TTGTTCAGTGTGCTAC-1_V13B23-285_C1,12
TTGTTGTGTGTCAAGA-1_V13B23-285_C1,14
TTGTTTCACATCCAGG-1_V13B23-285_C1,1
TTGTTTCATTAGTCTA-1_V13B23-285_C1,10
TTGTTTCCATACAACT-1_V13B23-285_C1,3
AAACAAGTATCTCCCA-1_V13B23-285_D1,11
AAACACCAATAACTGC-1_V13B23-285_D1,1
AAACAGAGCGACTCCT-1_V13B23-285_D1,12
AAACAGGGTCTATATT-1_V13B23-285_D1,1
AAACATTTCCCGGATT-1_V13B23-285_D1,11
AAACCCGAACGAAATC-1_V13B23-285_D1,11
AAACCGGAAATGTTAA-1_V13B23-285_D1,11
AAACCGGGTAGGTACC-1_V13B23-285_D1,3
AAACCGTTCGTCCAGG-1_V13B23-285_D1,5
AAACCTAAGCAGCCGG-1_V13B23-285_D1,11
AAACCTCATGAAGTTG-1_V13B23-285_D1,14
AAACGAGACGGTTGAT-1_V13B23-285_D1,10
AAACGGGCGTACGGGT-1_V13B23-285_D1,11
AAACGTGTTCGCCCTA-1_V13B23-285_D1,2
AAACTCGTGATATAAG-1_V13B23-285_D1,14
AAACTGCTGGCTCCAA-1_V13B23-285_D1,11
AAACTTGCAAACGTAT-1_V13B23-285_D1,12
AAAGACTGGGCGCTTT-1_V13B23-285_D1,3
AAAGCTTGCCTACATA-1_V13B23-285_D1,14
AAAGGCTACGGACCAT-1_V13B23-285_D1,5
AAAGGCTCTCGCGCCG-1_V13B23-285_D1,5
AAAGGGATGTAGCAAG-1_V13B23-285_D1,13
AAAGGGCAGCTTGAAT-1_V13B23-285_D1,12
AAAGTAGCATTGCTCA-1_V13B23-285_D1,1
AAAGTCACTGATGTAA-1_V13B23-285_D1,9
AAAGTGCCATCAATTA-1_V13B23-285_D1,11
AAAGTGTGATTTATCT-1_V13B23-285_D1,11
AAAGTTGACTCCCGTA-1_V13B23-285_D1,11
AAATAACCATACGGGA-1_V13B23-285_D1,13
AAATAAGGTAGTGCCC-1_V13B23-285_D1,14
AAATACCTATAAGCAT-1_V13B23-285_D1,11
AAATAGCTTAGACTTT-1_V13B23-285_D1,14
AAATAGGGTGCTATTG-1_V13B23-285_D1,11
AAATCCGATACACGCC-1_V13B23-285_D1,11
AAATCGTGTACCACAA-1_V13B23-285_D1,5
AAATCTAGCCCTGCTA-1_V13B23-285_D1,11
AAATGATTCGATCAGC-1_V13B23-285_D1,14
AAATGCTCGTTACGTT-1_V13B23-285_D1,5
AAATGGCATGTCTTGT-1_V13B23-285_D1,6
AAATGGCCCGTGCCCT-1_V13B23-285_D1,5
AAATGGTCAATGTGCC-1_V13B23-285_D1,5
AAATTAACGGGTAGCT-1_V13B23-285_D1,5
AAATTACACGACTCTG-1_V13B23-285_D1,13
AAATTACCTATCGATG-1_V13B23-285_D1,7
AAATTCCAGGTCCAAA-1_V13B23-285_D1,14
AAATTGATAGTCCTTT-1_V13B23-285_D1,1
AAATTTGCGGGTGTGG-1_V13B23-285_D1,1
AACAACTGGTAGTTGC-1_V13B23-285_D1,5
AACAATACATTGTCGA-1_V13B23-285_D1,1
AACAATTACTCTACGC-1_V13B23-285_D1,5
AACACACGCTCGCCGC-1_V13B23-285_D1,11
AACACGACTGTACTGA-1_V13B23-285_D1,9
AACACGAGACGCGGCC-1_V13B23-285_D1,12
AACAGCTGTGTGGCAA-1_V13B23-285_D1,1
AACAGGAAATCGAATA-1_V13B23-285_D1,13
AACAGGATGGGCCGCG-1_V13B23-285_D1,5
AACAGGTAGTATGGAT-1_V13B23-285_D1,11
AACATATCAACTGGTG-1_V13B23-285_D1,8
AACATCGATACGTCTA-1_V13B23-285_D1,2
AACCAAGACTTCTCTG-1_V13B23-285_D1,8
AACCATGGGATCGCTA-1_V13B23-285_D1,5
AACCCAGAGACGGAGA-1_V13B23-285_D1,5
AACCCATCCCATGATC-1_V13B23-285_D1,8
AACCCGAGCAGAATCG-1_V13B23-285_D1,11
AACCCTACTGTCAATA-1_V13B23-285_D1,11
AACCCTGGTGGAACCA-1_V13B23-285_D1,9
AACCGAGCTTGGTCAT-1_V13B23-285_D1,12
AACCGCTAAGGGATGC-1_V13B23-285_D1,11
AACCGTTGTGTTTGCT-1_V13B23-285_D1,6
AACCTCGCTTTAGCCC-1_V13B23-285_D1,11
AACCTGTCACGGAATT-1_V13B23-285_D1,8
AACCTTTAAATACGGT-1_V13B23-285_D1,11
AACCTTTACGACGTCT-1_V13B23-285_D1,13
AACGATAATGCCGTAG-1_V13B23-285_D1,11
AACGATAGAAGGGCCG-1_V13B23-285_D1,13
AACGATATGTCAACTG-1_V13B23-285_D1,15
AACGCATGATCTGGGT-1_V13B23-285_D1,14
AACGCGAACGGCAACA-1_V13B23-285_D1,13
AACGCGGTCTCCAGCC-1_V13B23-285_D1,4
AACGCTGTTGCTGAAA-1_V13B23-285_D1,11
AACGGACGTACGTATA-1_V13B23-285_D1,11
AACGGCCATCTCCGGT-1_V13B23-285_D1,1
AACGTACTGTGGGTAC-1_V13B23-285_D1,1
AACGTCAGACTAGTGG-1_V13B23-285_D1,5
AACGTGATGAAGGACA-1_V13B23-285_D1,9
AACGTGCGAAAGTCTC-1_V13B23-285_D1,15
AACTACCCGTTTGTCA-1_V13B23-285_D1,11
AACTAGGCTTGGGTGT-1_V13B23-285_D1,5
AACTCAAGTTAATTGC-1_V13B23-285_D1,5
AACTCCAGAGCGTGTT-1_V13B23-285_D1,11
AACTCCTAATCCCATG-1_V13B23-285_D1,13
AACTCGATGGCGCAGT-1_V13B23-285_D1,5
AACTCTCAATAGAGCG-1_V13B23-285_D1,14
AACTCTCAGTGTGCTC-1_V13B23-285_D1,1
AACTGAGTTATACTGA-1_V13B23-285_D1,11
AACTGATATTAGGCCT-1_V13B23-285_D1,13
AACTGGGTCCCGACGT-1_V13B23-285_D1,12
AACTTCTGCGTCTATC-1_V13B23-285_D1,7
AACTTGCCCGTATGCA-1_V13B23-285_D1,5
AACTTGCGTTCTCGCG-1_V13B23-285_D1,5
AACTTTCTCGATCATG-1_V13B23-285_D1,7
AAGAAATCACCAGATT-1_V13B23-285_D1,2
AAGAAGGATCAGTTAG-1_V13B23-285_D1,5
AAGACCCAACTGAACA-1_V13B23-285_D1,5
AAGACTGCAAGCTACT-1_V13B23-285_D1,5
AAGAGATGAATCGGTA-1_V13B23-285_D1,5
AAGAGCTCTTTATCGG-1_V13B23-285_D1,15
AAGAGGATGTACGCGA-1_V13B23-285_D1,14
AAGAGGCATGGATCGC-1_V13B23-285_D1,5
AAGAGGCCCTTTGGAA-1_V13B23-285_D1,11
AAGATGGCACCGGACC-1_V13B23-285_D1,1
AAGATTGGCGGAACGT-1_V13B23-285_D1,1
AAGCACCCTGCGTATC-1_V13B23-285_D1,11
AAGCATACTCTCCTGA-1_V13B23-285_D1,11
AAGCCGAAGCGGTTTA-1_V13B23-285_D1,11
AAGCCGCTTTACCTTG-1_V13B23-285_D1,2
AAGCCGGAGAGCAGGA-1_V13B23-285_D1,11
AAGCGGCGTCATGGGT-1_V13B23-285_D1,9
AAGCGTCCCTCATCGA-1_V13B23-285_D1,3
AAGCTAGATCGAGTAA-1_V13B23-285_D1,11
AAGCTCGTGCCAAGTC-1_V13B23-285_D1,15
AAGCTCTTTCATGGTG-1_V13B23-285_D1,11
AAGGAGCGGTTGGTGC-1_V13B23-285_D1,5
AAGGATCGATCGCTTG-1_V13B23-285_D1,11
AAGGATGAGGGACCTC-1_V13B23-285_D1,14
AAGGCAGGCTGTCTCC-1_V13B23-285_D1,11
AAGGCGCGTAAAGCTT-1_V13B23-285_D1,5
AAGGCTGTGCTCATCG-1_V13B23-285_D1,5
AAGGGACAGATTCTGT-1_V13B23-285_D1,1
AAGGGACTATGCATTC-1_V13B23-285_D1,1
AAGGTATCCTAATATA-1_V13B23-285_D1,1
AAGGTGATAAACCAGC-1_V13B23-285_D1,11
AAGTAGAAGACCGGGT-1_V13B23-285_D1,5
AAGTAGTGACGCGAGG-1_V13B23-285_D1,8
AAGTCAATTGTCGTCA-1_V13B23-285_D1,11
AAGTCTAGTAGCTGCC-1_V13B23-285_D1,10
AAGTGACGACCGAATT-1_V13B23-285_D1,14
AAGTGAGTCGGGTTTA-1_V13B23-285_D1,5
AAGTGCCTTGACTGTA-1_V13B23-285_D1,11
AAGTGCGTTAGAATCT-1_V13B23-285_D1,10
AAGTGTTTGGAGACGG-1_V13B23-285_D1,11
AAGTTCACTCCAAGCT-1_V13B23-285_D1,11
AAGTTCAGTCTGCGTA-1_V13B23-285_D1,14
AAGTTCGGCCAACAGG-1_V13B23-285_D1,7
AAGTTGTGATGTTATA-1_V13B23-285_D1,11
AATAACAACGCTCGGC-1_V13B23-285_D1,5
AATAACACTAGAACAA-1_V13B23-285_D1,1
AATAATCTTCGTATCG-1_V13B23-285_D1,11
AATACAATGTTTCAGG-1_V13B23-285_D1,5
AATAGAACAGAGTGGC-1_V13B23-285_D1,5
AATAGAATCTGTTTCA-1_V13B23-285_D1,11
AATAGCTACCGCGTGC-1_V13B23-285_D1,14
AATAGTCCGTCCCGAC-1_V13B23-285_D1,12
AATATCGAATCAATGC-1_V13B23-285_D1,11
AATATCGAGGGTTCTC-1_V13B23-285_D1,10
AATATTGGAGTATTGA-1_V13B23-285_D1,14
AATCATGTAAAGACTC-1_V13B23-285_D1,11
AATCCAAGGGCCTGAG-1_V13B23-285_D1,9
AATCGCCTCAGCGCCA-1_V13B23-285_D1,11
AATCGCGCAGAGGACT-1_V13B23-285_D1,11
AATCTAGGTTTACTTG-1_V13B23-285_D1,8
AATCTATGCCGGAGCC-1_V13B23-285_D1,14
AATCTGCGTTGGGACG-1_V13B23-285_D1,14
AATCTGGCTTTCTAGT-1_V13B23-285_D1,14
AATGACAGCAATGTCT-1_V13B23-285_D1,5
AATGACGTAGGATGTC-1_V13B23-285_D1,11
AATGACTGTCAGCCGG-1_V13B23-285_D1,5
AATGAGTTCGCATATG-1_V13B23-285_D1,5
AATGATGATACGCTAT-1_V13B23-285_D1,3
AATGATGCGACTCCTG-1_V13B23-285_D1,7
AATGCAACCGGGTACC-1_V13B23-285_D1,5
AATGCACCAAGCAATG-1_V13B23-285_D1,14
AATGGTCCACCGTTCA-1_V13B23-285_D1,7
AATGGTTCTCACAAGC-1_V13B23-285_D1,5
AATGTGCCCGAGGTGT-1_V13B23-285_D1,1
AATTAAAGGTCGGCGT-1_V13B23-285_D1,3
AATTAACGGATTTCCA-1_V13B23-285_D1,5
AATTAGCGCTGCAGCG-1_V13B23-285_D1,5
AATTCATAAGGGATCT-1_V13B23-285_D1,1
AATTCTAGAGTTAGGC-1_V13B23-285_D1,5
AATTGAACGCTCTGGT-1_V13B23-285_D1,11
AATTGCAGCAATCGAC-1_V13B23-285_D1,11
AATTGTGGTTGCCAAA-1_V13B23-285_D1,11
AATTTGGGACATAGTA-1_V13B23-285_D1,13
AATTTGGTTCCAAAGA-1_V13B23-285_D1,6
ACAAAGCATGACCTAG-1_V13B23-285_D1,11
ACAAATCGCACCGAAT-1_V13B23-285_D1,11
ACAAATGGTAGTGTTT-1_V13B23-285_D1,11
ACAACAGCATGAGCTA-1_V13B23-285_D1,1
ACAACGGTCCCTGCGA-1_V13B23-285_D1,5
ACAAGCAGTGCCTAGC-1_V13B23-285_D1,5
ACAAGGAAATCCGCCC-1_V13B23-285_D1,11
ACAAGGACAAGAGGTT-1_V13B23-285_D1,5
ACAAGGATGCTTTAGG-1_V13B23-285_D1,11
ACAAGGGCAGGCTCTG-1_V13B23-285_D1,11
ACAATAGTCGTACGTT-1_V13B23-285_D1,14
ACAATCCATTTAAACC-1_V13B23-285_D1,5
ACAATGAATACGGAGA-1_V13B23-285_D1,10
ACAATTGTGTCTCTTT-1_V13B23-285_D1,11
ACAATTTGAGCAGTGG-1_V13B23-285_D1,1
ACAATTTGGCCATATT-1_V13B23-285_D1,11
ACACAAAGACGGGTGG-1_V13B23-285_D1,5
ACACACCAGGACCAGT-1_V13B23-285_D1,11
ACACATGATCAAATCT-1_V13B23-285_D1,1
ACACCACATAATTAGC-1_V13B23-285_D1,14
ACACCCAGCATGCAGC-1_V13B23-285_D1,5
ACACCCGAGAAATCCG-1_V13B23-285_D1,5
ACACCTTAAGTAGGGC-1_V13B23-285_D1,10
ACACCTTACTACTTGC-1_V13B23-285_D1,11
ACACGAGACTCCTTCT-1_V13B23-285_D1,7
ACACGGGAACTTAGGG-1_V13B23-285_D1,7
ACACGTAGGCCACAAG-1_V13B23-285_D1,11
ACACTCCAATGTCACT-1_V13B23-285_D1,1
ACACTGATCAAGGTGT-1_V13B23-285_D1,5
ACACTGGGACAGTCGT-1_V13B23-285_D1,6
ACAGAACTGAGAACAA-1_V13B23-285_D1,14
ACAGCATAGAGCCAGT-1_V13B23-285_D1,9
ACAGCGACATTCTCAT-1_V13B23-285_D1,11
ACAGCGCACCCGCAGC-1_V13B23-285_D1,9
ACAGGCTTGCCCGACT-1_V13B23-285_D1,11
ACAGGTGGAGGTGAGG-1_V13B23-285_D1,1
ACAGTAATACAACTTG-1_V13B23-285_D1,1
ACAGTATACCGTGGGA-1_V13B23-285_D1,2
ACATAATAAGGCGGTG-1_V13B23-285_D1,5
ACATCCCGGCCATACG-1_V13B23-285_D1,7
ACATCCTGGTAACTGT-1_V13B23-285_D1,11
ACATCGATCGTTTACC-1_V13B23-285_D1,5
ACATCGGTCAGCCGCG-1_V13B23-285_D1,1
ACATCGTATGCAATGG-1_V13B23-285_D1,11
ACATCGTTAACCTAGT-1_V13B23-285_D1,9
ACATGGCGCCAAAGTA-1_V13B23-285_D1,11
ACATTAGTTTATATCC-1_V13B23-285_D1,5
ACCAAACACCCAGCGA-1_V13B23-285_D1,2
ACCAACACCACACACT-1_V13B23-285_D1,14
ACCAACCGCACTCCAC-1_V13B23-285_D1,11
ACCAACGCTTATTTAT-1_V13B23-285_D1,7
ACCAAGAACGCGTGTC-1_V13B23-285_D1,5
ACCAATATGCAAGTTA-1_V13B23-285_D1,11
ACCACAACTCAGAACA-1_V13B23-285_D1,9
ACCACAAGTTTCTATC-1_V13B23-285_D1,5
ACCACCAATGTAACAA-1_V13B23-285_D1,11
ACCACCCTCTCTTCTA-1_V13B23-285_D1,14
ACCACGTGCAGCTATA-1_V13B23-285_D1,11
ACCAGTGCGGGAGACG-1_V13B23-285_D1,11
ACCATATCCGCAATAA-1_V13B23-285_D1,5
ACCATCGTATATGGTA-1_V13B23-285_D1,3
ACCCAACGCCCGTGGC-1_V13B23-285_D1,1
ACCCACCTACATGCTC-1_V13B23-285_D1,3
ACCCATCTTGAGGGTA-1_V13B23-285_D1,10
ACCCATTTGTCCCTCT-1_V13B23-285_D1,11
ACCCGGAAACTCCCAG-1_V13B23-285_D1,5
ACCCGGAGCACCACAA-1_V13B23-285_D1,11
ACCCGGATGACGCATC-1_V13B23-285_D1,11
ACCCGGTTACACTTCC-1_V13B23-285_D1,8
ACCCGTGTCATCAGTA-1_V13B23-285_D1,5
ACCCTATAGGACTGAG-1_V13B23-285_D1,12
ACCCTATGCCATATCG-1_V13B23-285_D1,1
ACCCTCCCTTGCTATT-1_V13B23-285_D1,11
ACCCTGGTAACGCCCT-1_V13B23-285_D1,2
ACCCTTGCCTGGGTCG-1_V13B23-285_D1,2
ACCGACACATCTCCCA-1_V13B23-285_D1,5
ACCGACTGAGTCCCAC-1_V13B23-285_D1,2
ACCGATAGGCATAACC-1_V13B23-285_D1,11
ACCGATATTTAATCAT-1_V13B23-285_D1,11
ACCGATGGTAGCATCG-1_V13B23-285_D1,1
ACCGCAATAACTGCCT-1_V13B23-285_D1,11
ACCGCGGTGGAAGTCG-1_V13B23-285_D1,11
ACCGGGCCTTTGTTGA-1_V13B23-285_D1,11
ACCGGTCAGGTACACC-1_V13B23-285_D1,8
ACCGTGACCACGTGGG-1_V13B23-285_D1,1
ACCTAAGTACCTTTCA-1_V13B23-285_D1,10
ACCTAATCGACTTCCT-1_V13B23-285_D1,5
ACCTACAGTATGTGGT-1_V13B23-285_D1,11
ACCTCCGCCCTCGCTG-1_V13B23-285_D1,11
ACCTCCGTTATTCACC-1_V13B23-285_D1,7
ACCTGCGTGTCATGTT-1_V13B23-285_D1,5
ACGAAATGGGCGGCAC-1_V13B23-285_D1,5
ACGACCCATGAGTTGC-1_V13B23-285_D1,11
ACGAGATATTTGCTTA-1_V13B23-285_D1,9
ACGAGGATACCACTCT-1_V13B23-285_D1,10
ACGAGGTTTACAACGT-1_V13B23-285_D1,8
ACGAGTACGGATGCCC-1_V13B23-285_D1,14
ACGATACATAGAACTA-1_V13B23-285_D1,13
ACGATCATACATAGAG-1_V13B23-285_D1,5
ACGATCATCTTGTAAA-1_V13B23-285_D1,3
ACGATGCATATGTTAT-1_V13B23-285_D1,1
ACGATGGATCCGATGC-1_V13B23-285_D1,9
ACGCAATCACTACAGC-1_V13B23-285_D1,14
ACGCATACGTTTACTA-1_V13B23-285_D1,11
ACGCATTCGTGAGTAC-1_V13B23-285_D1,4
ACGCCAGATGATTTCT-1_V13B23-285_D1,13
ACGCCGCTAGACGACC-1_V13B23-285_D1,11
ACGCGAAGTCAGACGA-1_V13B23-285_D1,5
ACGCGCTACACAGGGT-1_V13B23-285_D1,14
ACGCGGGCCAAGGACA-1_V13B23-285_D1,5
ACGCTAGTGATACACT-1_V13B23-285_D1,8
ACGGAATTTAGCAAAT-1_V13B23-285_D1,5
ACGGACTCTCAAAGCG-1_V13B23-285_D1,11
ACGGAGCGCAAATTAC-1_V13B23-285_D1,14
ACGGATGGTGCGGATA-1_V13B23-285_D1,11
ACGGCACTTGCTTGGG-1_V13B23-285_D1,5
ACGGCCAACATGGACT-1_V13B23-285_D1,5
ACGGCGACGATGGGAA-1_V13B23-285_D1,11
ACGGGAGTGTCGGCCC-1_V13B23-285_D1,10
ACGGGCGTATGCGACA-1_V13B23-285_D1,14
ACGTACAGATTTCTCT-1_V13B23-285_D1,9
ACGTAGATTGCTGATG-1_V13B23-285_D1,12
ACGTATTACTCCGATC-1_V13B23-285_D1,11
ACGTGCGCCTCGTGCA-1_V13B23-285_D1,13
ACGTTAATGTCGAAGA-1_V13B23-285_D1,11
ACGTTAGATTTGCCCG-1_V13B23-285_D1,7
ACGTTCGCAATCAATT-1_V13B23-285_D1,8
ACGTTCGTTCAGGAAA-1_V13B23-285_D1,11
ACGTTCTGTACAAGTC-1_V13B23-285_D1,11
ACGTTTAGTTGTGATC-1_V13B23-285_D1,13
ACTACCAGCTCTCTGG-1_V13B23-285_D1,5
ACTACGCGTTAGAATT-1_V13B23-285_D1,5
ACTAGTTGCGATCGTC-1_V13B23-285_D1,11
ACTATATGCTGTGTTC-1_V13B23-285_D1,12
ACTATCCAGGGCATGG-1_V13B23-285_D1,11
ACTATCTGCCCGCGTA-1_V13B23-285_D1,11
ACTATTCGTCCGTGGT-1_V13B23-285_D1,13
ACTATTTCCGGGCCCA-1_V13B23-285_D1,1
ACTCAAGTGCAAGGCT-1_V13B23-285_D1,11
ACTCAATAAAGGCACG-1_V13B23-285_D1,10
ACTCCCATTCCTAAAG-1_V13B23-285_D1,5
ACTCCCGAATTCGTTT-1_V13B23-285_D1,14
ACTCCCGTAGACTAGG-1_V13B23-285_D1,2
ACTCCCTAATGCTAAA-1_V13B23-285_D1,11
ACTCCCTAGAATAGTA-1_V13B23-285_D1,11
ACTCGCCGTTCGATAA-1_V13B23-285_D1,11
ACTCGCGATCTGACGC-1_V13B23-285_D1,11
ACTCGTAACCCGTCCT-1_V13B23-285_D1,5
ACTCGTCAGTAATCCC-1_V13B23-285_D1,5
ACTCTCTGACTTAGGT-1_V13B23-285_D1,11
ACTCTCTTATACACGA-1_V13B23-285_D1,9
ACTCTTCAGCTCCCGC-1_V13B23-285_D1,8
ACTCTTGTATAGTAAC-1_V13B23-285_D1,11
ACTGAAACGCCGTTAG-1_V13B23-285_D1,11
ACTGAATGGCGAAAGT-1_V13B23-285_D1,11
ACTGCCGTCGTAACTC-1_V13B23-285_D1,13
ACTGCGGACACACCGT-1_V13B23-285_D1,8
ACTGTACGATACACAT-1_V13B23-285_D1,14
ACTGTAGCACTTTGGA-1_V13B23-285_D1,4
ACTGTCCAGGATTATA-1_V13B23-285_D1,5
ACTGTCTTCTTTAGAA-1_V13B23-285_D1,8
ACTGTGCTAGTAGATC-1_V13B23-285_D1,5
ACTTACCGGGCGCGCA-1_V13B23-285_D1,14
ACTTACGCATCCACGC-1_V13B23-285_D1,11
ACTTAGTACGACAAGA-1_V13B23-285_D1,5
ACTTATACTTACCCGG-1_V13B23-285_D1,1
ACTTATTAGGATCGGT-1_V13B23-285_D1,7
ACTTATTTATGTGCCA-1_V13B23-285_D1,11
ACTTCAGGCTGATCCC-1_V13B23-285_D1,11
ACTTCCATGCGGGACA-1_V13B23-285_D1,11
ACTTCGCCATACGCAC-1_V13B23-285_D1,3
ACTTCGCTAGCGAGTG-1_V13B23-285_D1,8
ACTTGACTCCCTCTTT-1_V13B23-285_D1,11
ACTTGGGACCCGGTGG-1_V13B23-285_D1,5
ACTTGTGGATGGAACG-1_V13B23-285_D1,11
ACTTTACCCTCATGAA-1_V13B23-285_D1,14
ACTTTCCTATAGCTTC-1_V13B23-285_D1,3
ACTTTGTCGACGCACT-1_V13B23-285_D1,11
AGAAATTATGACTCGC-1_V13B23-285_D1,11
AGAACCCAGCGTGACA-1_V13B23-285_D1,11
AGAACGTGGTACATTC-1_V13B23-285_D1,3
AGAAGAGCGCCGTTCC-1_V13B23-285_D1,3
AGAAGGTACACTTCAC-1_V13B23-285_D1,14
AGAAGGTTGCCGAATT-1_V13B23-285_D1,10
AGAAGGTTGTAGGTCG-1_V13B23-285_D1,11
AGAAGTGATTCGTGAT-1_V13B23-285_D1,1
AGAATGCGGGTTCGGA-1_V13B23-285_D1,12
AGAATTATGGATTCGA-1_V13B23-285_D1,14
AGAATTGTTTGACATA-1_V13B23-285_D1,5
AGACAGGCATCTCAGC-1_V13B23-285_D1,11
AGACCATGGGATACAA-1_V13B23-285_D1,5
AGACCCACCGCTGATC-1_V13B23-285_D1,5
AGACCCGCCCTCCTCG-1_V13B23-285_D1,5
AGACCGCTCCGCGGTT-1_V13B23-285_D1,11
AGACCGGGAAACCCTG-1_V13B23-285_D1,8
AGACGAAGTGCCGGTC-1_V13B23-285_D1,11
AGACGACGATGCCGCT-1_V13B23-285_D1,1
AGACGCCCACTTCGCC-1_V13B23-285_D1,11
AGACTAGCCTTCCAGA-1_V13B23-285_D1,5
AGAGAACCGTCTAGGA-1_V13B23-285_D1,1
AGAGAAGGAGTACAAT-1_V13B23-285_D1,1
AGAGATCTCTAAAGCG-1_V13B23-285_D1,14
AGAGCAGTTATGAGAC-1_V13B23-285_D1,2
AGAGCCGCCGAGATTT-1_V13B23-285_D1,11
AGAGCGCTTGTAACGG-1_V13B23-285_D1,2
AGAGCGGGCTAATCAT-1_V13B23-285_D1,13
AGAGCGTACAAGCTCG-1_V13B23-285_D1,5
AGAGGCTTCGGAAACC-1_V13B23-285_D1,11
AGAGTAAACTTCACTA-1_V13B23-285_D1,11
AGAGTATAGTGTTACG-1_V13B23-285_D1,14
AGATAACTTCAGGGCC-1_V13B23-285_D1,5
AGATACCAATAGAACC-1_V13B23-285_D1,11
AGATACCAGCACTTCA-1_V13B23-285_D1,2
AGATACCGGTGTTCAC-1_V13B23-285_D1,7
AGATACGACTTCATAT-1_V13B23-285_D1,12
AGATACTCAAGATCGA-1_V13B23-285_D1,11
AGATATAATACGACTA-1_V13B23-285_D1,11
AGATCGTGCATAAGAT-1_V13B23-285_D1,10
AGATCTCAGGTGTGAT-1_V13B23-285_D1,7
AGATGACTCGCCCACG-1_V13B23-285_D1,5
AGATGAGGGTTGCGAT-1_V13B23-285_D1,14
AGATGATGGAGTCTGG-1_V13B23-285_D1,8
AGATGCAAGACGTGCA-1_V13B23-285_D1,1
AGATTATAGGACGTTT-1_V13B23-285_D1,5
AGCAAAGGCCGCTAGT-1_V13B23-285_D1,11
AGCAACATATCTTATT-1_V13B23-285_D1,11
AGCAACCGAAAGTAAT-1_V13B23-285_D1,8
AGCACCAGTACTCACG-1_V13B23-285_D1,10
AGCACTACCGGCCTGT-1_V13B23-285_D1,8
AGCACTACCTCACCAG-1_V13B23-285_D1,11
AGCACTTAAGGACGCC-1_V13B23-285_D1,5
AGCAGAAGGAGAAAGA-1_V13B23-285_D1,12
AGCAGCCAGATGAATA-1_V13B23-285_D1,7
AGCATATCAATATGCT-1_V13B23-285_D1,11
AGCATCATTTCGAAAG-1_V13B23-285_D1,1
AGCATCGTCGATAATT-1_V13B23-285_D1,5
AGCATTACGAGGCAAG-1_V13B23-285_D1,11
AGCCACAGGTTACCCG-1_V13B23-285_D1,11
AGCCACTCCCGTGCTT-1_V13B23-285_D1,13
AGCCCATACATGTAAG-1_V13B23-285_D1,14
AGCCCGGTAGCCTGTA-1_V13B23-285_D1,5
AGCCCTAAGCGAAGTT-1_V13B23-285_D1,13
AGCCCTGTCGCACCGT-1_V13B23-285_D1,11
AGCCCTTCTAATCCGA-1_V13B23-285_D1,14
AGCCCTTGGACATCCC-1_V13B23-285_D1,11
AGCCGTGGCTAAATGT-1_V13B23-285_D1,5
AGCCTTAAAGCGGAAG-1_V13B23-285_D1,3
AGCGACAGGAACGGTC-1_V13B23-285_D1,1
AGCGACATCCCATTCA-1_V13B23-285_D1,13
AGCGACCAACGATATT-1_V13B23-285_D1,5
AGCGATGCGCCTAATA-1_V13B23-285_D1,4
AGCGCATAATGAATCG-1_V13B23-285_D1,5
AGCGCGGGTGCCAATG-1_V13B23-285_D1,1
AGCGCTAGAGCGATGT-1_V13B23-285_D1,11
AGCGGACACTTCGTAG-1_V13B23-285_D1,4
AGCGGGAAGGGTCCAT-1_V13B23-285_D1,5
AGCGGTTGCCGCTCTG-1_V13B23-285_D1,2
AGCGTGGTATTCTACT-1_V13B23-285_D1,11
AGCTAAGTACGCAGGC-1_V13B23-285_D1,11
AGCTAGAAGCAGAAGT-1_V13B23-285_D1,12
AGCTATTTAATCCAAC-1_V13B23-285_D1,13
AGCTCCATATATGTTC-1_V13B23-285_D1,11
AGCTCCTTCGCACATC-1_V13B23-285_D1,11
AGCTCTAGACGTTCCA-1_V13B23-285_D1,11
AGCTCTTCCCAGTGCA-1_V13B23-285_D1,13
AGCTCTTCGTAACCTT-1_V13B23-285_D1,11
AGCTCTTTACTCAGTT-1_V13B23-285_D1,10
AGCTGAAGTAAACCAA-1_V13B23-285_D1,13
AGCTGTAACCTCAATC-1_V13B23-285_D1,1
AGCTTGATCTTAACTT-1_V13B23-285_D1,14
AGGAACGAACGACTTC-1_V13B23-285_D1,11
AGGAAGCTGTCCGCCG-1_V13B23-285_D1,5
AGGACAGTCGAATCCC-1_V13B23-285_D1,11
AGGACATCGCACGTCG-1_V13B23-285_D1,5
AGGACATCGGCACACT-1_V13B23-285_D1,11
AGGACGACCCATTAGA-1_V13B23-285_D1,8
AGGACGCTCGATGTTG-1_V13B23-285_D1,14
AGGAGACATCCACAGT-1_V13B23-285_D1,14
AGGAGAGTCTGGCTAC-1_V13B23-285_D1,3
AGGAGGCCTTCGCGCG-1_V13B23-285_D1,11
AGGATAAAGTCGGGAT-1_V13B23-285_D1,11
AGGATATAGGGATTTA-1_V13B23-285_D1,11
AGGATCACGCGATCTG-1_V13B23-285_D1,3
AGGATTGCTTACGACA-1_V13B23-285_D1,14
AGGCACGTGACTGTCC-1_V13B23-285_D1,11
AGGCAGATGCGTAAAC-1_V13B23-285_D1,1
AGGCAGGGAGCGTACT-1_V13B23-285_D1,10
AGGCATTGTCGTAGGG-1_V13B23-285_D1,11
AGGCCACATTGGTTAC-1_V13B23-285_D1,11
AGGCCACCCGTTATGA-1_V13B23-285_D1,5
AGGCCCATTGTACAGG-1_V13B23-285_D1,13
AGGCCCTAGAACGCCA-1_V13B23-285_D1,1
AGGCCTGAGAATCTCG-1_V13B23-285_D1,11
AGGCGATAACTGGCGT-1_V13B23-285_D1,11
AGGCGGTTTGTCCCGC-1_V13B23-285_D1,1
AGGCGTCTATGGACGG-1_V13B23-285_D1,14
AGGCTATGGTTAGCTT-1_V13B23-285_D1,5
AGGCTTCCCGAAGAAG-1_V13B23-285_D1,5
AGGCTTGCTAGACACC-1_V13B23-285_D1,12
AGGGAAACGAGGTACT-1_V13B23-285_D1,13
AGGGACCGGCTGCGTT-1_V13B23-285_D1,8
AGGGACTCTACGCGAC-1_V13B23-285_D1,5
AGGGAGACATACTTCG-1_V13B23-285_D1,14
AGGGCAGCGGCGTGGT-1_V13B23-285_D1,9
AGGGCCCTAATGTTCT-1_V13B23-285_D1,11
AGGGCGAGCAGCTGAT-1_V13B23-285_D1,8
AGGGCGTGATCGGCTA-1_V13B23-285_D1,5
AGGGCTGCAGTTACAG-1_V13B23-285_D1,5
AGGGTCAGTAACCCTA-1_V13B23-285_D1,2
AGGGTCGATGCGAACT-1_V13B23-285_D1,11
AGGGTGCTCTCGAGGG-1_V13B23-285_D1,1
AGGGTTCCCTTTGGTT-1_V13B23-285_D1,8
AGGGTTTAGTTCGGGA-1_V13B23-285_D1,1
AGGTAACCTCCTATTC-1_V13B23-285_D1,5
AGGTACGATATTGCCA-1_V13B23-285_D1,6
AGGTAGGTACAAAGCT-1_V13B23-285_D1,3
AGGTATAATTGATAGT-1_V13B23-285_D1,8
AGGTATGCGGACATTA-1_V13B23-285_D1,5
AGGTCAGGTGAGAGTG-1_V13B23-285_D1,7
AGGTCGCCTCCCAACA-1_V13B23-285_D1,11
AGGTCGCGGAGTTACT-1_V13B23-285_D1,8
AGGTGTATCGCCATGA-1_V13B23-285_D1,14
AGGTGTTGCCGACCAC-1_V13B23-285_D1,11
AGGTTACACCATGCCG-1_V13B23-285_D1,11
AGGTTGAGGCACGCTT-1_V13B23-285_D1,13
AGGTTTCACACACCTT-1_V13B23-285_D1,5
AGTAATGTCTTGCCGC-1_V13B23-285_D1,13
AGTACATCATTTATCA-1_V13B23-285_D1,14
AGTACGGGCACCTGGC-1_V13B23-285_D1,3
AGTACTCTTATGCCCA-1_V13B23-285_D1,11
AGTAGGAAGGAAGTTG-1_V13B23-285_D1,14
AGTAGGTAACATACAT-1_V13B23-285_D1,9
AGTATAATACTAGGCA-1_V13B23-285_D1,5
AGTATGCTGGAGACCA-1_V13B23-285_D1,1
AGTATTTGGCACGACC-1_V13B23-285_D1,5
AGTCAACACCACCATC-1_V13B23-285_D1,1
AGTCAAGATGACACTT-1_V13B23-285_D1,11
AGTCACTAGCTCTCGA-1_V13B23-285_D1,11
AGTCAGCCACCGCCTG-1_V13B23-285_D1,5
AGTCCATTGGCTGATG-1_V13B23-285_D1,11
AGTCCCGCCTTTAATT-1_V13B23-285_D1,12
AGTCCCTCGCAGAAAG-1_V13B23-285_D1,7
AGTCGACGGTCTCAAG-1_V13B23-285_D1,11
AGTCGGCCCAAACGAC-1_V13B23-285_D1,5
AGTCGGCTCAACTTTA-1_V13B23-285_D1,10
AGTCGGTTGCGTGAGA-1_V13B23-285_D1,11
AGTCGTATAAAGCAGA-1_V13B23-285_D1,11
AGTCGTCGACCACCAA-1_V13B23-285_D1,11
AGTCGTGGGCATTACG-1_V13B23-285_D1,1
AGTCTAAAGTATACTC-1_V13B23-285_D1,14
AGTCTCACAAGACTAC-1_V13B23-285_D1,10
AGTCTGGACATCCTTG-1_V13B23-285_D1,10
AGTCTTCTCCTCAAAT-1_V13B23-285_D1,1
AGTGAACAAACTTCTC-1_V13B23-285_D1,11
AGTGAAGATGGTGTCC-1_V13B23-285_D1,2
AGTGACCTACTTTACG-1_V13B23-285_D1,5
AGTGAGACTTCCAGTA-1_V13B23-285_D1,14
AGTGAGCCTCGCCGCC-1_V13B23-285_D1,14
AGTGAGGGTTTCTGAC-1_V13B23-285_D1,9
AGTGAGTCGAATTAAC-1_V13B23-285_D1,11
AGTGATAACCTGCGCG-1_V13B23-285_D1,11
AGTGATATGAGTAGTT-1_V13B23-285_D1,5
AGTGATTCAAGCAGGA-1_V13B23-285_D1,14
AGTGCACGCTTAAGAA-1_V13B23-285_D1,11
AGTGCGTAGCTCGTAA-1_V13B23-285_D1,10
AGTGCTAAACACAGCA-1_V13B23-285_D1,11
AGTGCTTGCACGAATA-1_V13B23-285_D1,11
AGTGGCGGCAATTTGA-1_V13B23-285_D1,12
AGTGGCGTCTGAAGGT-1_V13B23-285_D1,4
AGTGTATTGCGCATTG-1_V13B23-285_D1,14
AGTGTGGTCTATTGTG-1_V13B23-285_D1,5
AGTTAAACACTTGCGA-1_V13B23-285_D1,5
AGTTAAGCGGTCCCGG-1_V13B23-285_D1,6
AGTTAAGTCAACCGCT-1_V13B23-285_D1,10
AGTTACTCTATCGTGG-1_V13B23-285_D1,6
AGTTCCTACAGAATTA-1_V13B23-285_D1,5
AGTTCCTATTTATGTT-1_V13B23-285_D1,5
AGTTCTGCGTTGTATC-1_V13B23-285_D1,5
AGTTGACATCGGCTGG-1_V13B23-285_D1,12
AGTTGCTGACTGATAT-1_V13B23-285_D1,8
AGTTTATGTAAAGACA-1_V13B23-285_D1,14
AGTTTCGCAGGTCGGA-1_V13B23-285_D1,6
AGTTTGCACCTGCCTC-1_V13B23-285_D1,11
AGTTTGGCACGGGTTG-1_V13B23-285_D1,11
AGTTTGGCCAGACCTA-1_V13B23-285_D1,8
ATAAACGGACCCGTAA-1_V13B23-285_D1,5
ATAAACGTTGCACCAC-1_V13B23-285_D1,11
ATAAAGGCTCGGTCGT-1_V13B23-285_D1,5
ATAACGCCGGAGGGTC-1_V13B23-285_D1,7
ATAACGGAGTCCAACG-1_V13B23-285_D1,15
ATAAGGTGGAGAACAT-1_V13B23-285_D1,11
ATAAGTAGGATTCAGA-1_V13B23-285_D1,2
ATAAGTAGGGCGACTC-1_V13B23-285_D1,14
ATAAGTTACCGCGACG-1_V13B23-285_D1,5
ATAATACCGTTAGCCG-1_V13B23-285_D1,1
ATAATAGCTGTTGAAT-1_V13B23-285_D1,5
ATAATAGTGTAGGGAC-1_V13B23-285_D1,5
ATAATCTTGGAGAACC-1_V13B23-285_D1,11
ATAATTAGCTAAGTAG-1_V13B23-285_D1,1
ATACAGGCCCTCCAAT-1_V13B23-285_D1,11
ATACCACGGGCAACTT-1_V13B23-285_D1,14
ATACCAGGCTAATAGA-1_V13B23-285_D1,9
ATACCGTCATCCATAA-1_V13B23-285_D1,2
ATACCTAACCAAGAAA-1_V13B23-285_D1,5
ATACGAAGGCTTTCCA-1_V13B23-285_D1,8
ATACGCCGGCGAAACC-1_V13B23-285_D1,11
ATACGGAACGTCGTTT-1_V13B23-285_D1,3
ATACGGGTTTCGATTG-1_V13B23-285_D1,13
ATACGTACTTAGCCAC-1_V13B23-285_D1,11
ATACGTCCACTCCTGT-1_V13B23-285_D1,11
ATACGTTATGCACGGA-1_V13B23-285_D1,1
ATACTACCCGTACCAC-1_V13B23-285_D1,11
ATACTAGCATGACCCT-1_V13B23-285_D1,5
ATACTCTCGCCACTCT-1_V13B23-285_D1,13
ATACTGCCTTACACCG-1_V13B23-285_D1,11
ATAGACAACGGGACCT-1_V13B23-285_D1,1
ATAGACGAAGAGAAAG-1_V13B23-285_D1,5
ATAGAGTACTGGGACA-1_V13B23-285_D1,5
ATAGAGTTATCAACTT-1_V13B23-285_D1,3
ATAGCAACTAGGGAAG-1_V13B23-285_D1,11
ATAGGCGGCTATAGAA-1_V13B23-285_D1,10
ATAGGCTAGCTTCGCA-1_V13B23-285_D1,1
ATAGGGATATCCTTGA-1_V13B23-285_D1,13
ATAGGTTGGGCAGATG-1_V13B23-285_D1,1
ATAGTGAAGCGTTCTC-1_V13B23-285_D1,5
ATAGTTCCACCCACTC-1_V13B23-285_D1,11
ATATAAAGCGCTCGTG-1_V13B23-285_D1,11
ATATAAATGTAGCTGC-1_V13B23-285_D1,11
ATATAACACGGGCGCA-1_V13B23-285_D1,11
ATATACGCTCGTGACG-1_V13B23-285_D1,11
ATATCAACCTACAGAG-1_V13B23-285_D1,2
ATATCGGTAGGGAGAT-1_V13B23-285_D1,11
ATATCGTTCCTCGAAC-1_V13B23-285_D1,11
ATATCTCCCTCGTTAA-1_V13B23-285_D1,13
ATATCTTAGGGCCTTC-1_V13B23-285_D1,5
ATATGTCTCCCTAGCC-1_V13B23-285_D1,3
ATATTCAGTTAAACCT-1_V13B23-285_D1,1
ATATTCCACATAGTGA-1_V13B23-285_D1,11
ATATTCCCACAGGTCA-1_V13B23-285_D1,9
ATATTGCTGTCAAAGT-1_V13B23-285_D1,5
ATATTGGAGAGGCCTT-1_V13B23-285_D1,11
ATATTTAACCCTCAAG-1_V13B23-285_D1,5
ATCAAACACTGTTCCA-1_V13B23-285_D1,11
ATCAAACGAAGGTTTG-1_V13B23-285_D1,8
ATCAATCTGGGCTGCA-1_V13B23-285_D1,1
ATCACATTAGAATATC-1_V13B23-285_D1,13
ATCACGTGCTAATTAA-1_V13B23-285_D1,8
ATCACTTCATCCTCGC-1_V13B23-285_D1,5
ATCAGACGGCACGCCG-1_V13B23-285_D1,7
ATCAGCCTCATGCTGC-1_V13B23-285_D1,11
ATCAGCTCGTCCACTA-1_V13B23-285_D1,7
ATCAGGTAGCTGACAG-1_V13B23-285_D1,7
ATCAGTAGGCAGGGAT-1_V13B23-285_D1,1
ATCATAGCCCTATGTA-1_V13B23-285_D1,11
ATCATCCAATATTTGT-1_V13B23-285_D1,5
ATCATGGACTACCGAC-1_V13B23-285_D1,11
ATCCAACGCAGTCATA-1_V13B23-285_D1,5
ATCCAATGGAGGGTCC-1_V13B23-285_D1,3
ATCCACATCGACAGAA-1_V13B23-285_D1,11
ATCCAGAGCAACAACC-1_V13B23-285_D1,5
ATCCAGGATTCGTGAA-1_V13B23-285_D1,3
ATCCGGACCAGCCTGA-1_V13B23-285_D1,11
ATCCTACCTAAGCTCT-1_V13B23-285_D1,10
ATCCTGAATCGCTGCG-1_V13B23-285_D1,10
ATCCTGCGTGGAATGG-1_V13B23-285_D1,1
ATCCTTCTGAAAGAAC-1_V13B23-285_D1,11
ATCGACCCAATACAGA-1_V13B23-285_D1,5
ATCGACTCTTTCCGTT-1_V13B23-285_D1,5
ATCGCACGATTGTTCA-1_V13B23-285_D1,13
ATCGCACGCCGGGAGA-1_V13B23-285_D1,5
ATCGCCAGTCAACATT-1_V13B23-285_D1,11
ATCGCTGCGTGCAGCA-1_V13B23-285_D1,14
ATCGCTTTACGTCTCA-1_V13B23-285_D1,7
ATCGGAGACAGACGGC-1_V13B23-285_D1,11
ATCGGCAAGCAGTCCA-1_V13B23-285_D1,10
ATCGTTAGCTAGCGGA-1_V13B23-285_D1,11
ATCGTTCACTTTCGCC-1_V13B23-285_D1,9
ATCTAATATCCTACGG-1_V13B23-285_D1,11
ATCTCCCACGGAATAT-1_V13B23-285_D1,11
ATCTCCCTGCAATCTA-1_V13B23-285_D1,13
ATCTCGTGAGCGAAAC-1_V13B23-285_D1,11
ATCTGCACCTCTGCGA-1_V13B23-285_D1,3
ATCTGGGCTGTTCTTG-1_V13B23-285_D1,5
ATCTGGTTAAGACTGT-1_V13B23-285_D1,5
ATCTGTAATTGTACCC-1_V13B23-285_D1,13
ATCTTATCGCACACCC-1_V13B23-285_D1,11
ATCTTGACCTGCAACG-1_V13B23-285_D1,10
ATCTTGACTTGTCCAA-1_V13B23-285_D1,14
ATCTTTCGTATAACCA-1_V13B23-285_D1,14
ATGAAGCCAAGGAGCC-1_V13B23-285_D1,5
ATGACGCCGGCTCTAA-1_V13B23-285_D1,6
ATGACGCGTTCTATCC-1_V13B23-285_D1,3
ATGACTATGCGACATT-1_V13B23-285_D1,11
ATGAGGAGTGTTAATC-1_V13B23-285_D1,5
ATGAGGGCAGCGGCTA-1_V13B23-285_D1,11
ATGATCGGGAATAGAC-1_V13B23-285_D1,13
ATGATGCAATGGTACA-1_V13B23-285_D1,5
ATGCACTACCGCATTG-1_V13B23-285_D1,5
ATGCATGATCCAGGAT-1_V13B23-285_D1,1
ATGCCAATCGCTCTGC-1_V13B23-285_D1,12
ATGCCATTTGCGACCA-1_V13B23-285_D1,11
ATGCCGGTCTTGCATA-1_V13B23-285_D1,8
ATGCCGGTTGATGGGA-1_V13B23-285_D1,13
ATGCGACAATTGGTCC-1_V13B23-285_D1,12
ATGCGACAGTCCCATT-1_V13B23-285_D1,15
ATGCGAGTCCCACCAC-1_V13B23-285_D1,11
ATGCTCAGTGTTGCAT-1_V13B23-285_D1,5
ATGCTCTGGCGCGGTA-1_V13B23-285_D1,11
ATGCTTAGGAGTTGAT-1_V13B23-285_D1,11
ATGGAACCTTTGCACA-1_V13B23-285_D1,11
ATGGAGCAGGCCGTGA-1_V13B23-285_D1,6
ATGGATCCGGCGTCCG-1_V13B23-285_D1,13
ATGGATTGACCAAACG-1_V13B23-285_D1,5
ATGGCGGAATAGTCGC-1_V13B23-285_D1,7
ATGGCTGGAAATGGCC-1_V13B23-285_D1,9
ATGGGCCTCGGCCTCT-1_V13B23-285_D1,11
ATGGTCGCGTGGTTTC-1_V13B23-285_D1,11
ATGTAAGGCTGCTCTT-1_V13B23-285_D1,7
ATGTACATGCGGTGAG-1_V13B23-285_D1,11
ATGTGAAAGCCTAATG-1_V13B23-285_D1,10
ATGTGCATCCGACGCA-1_V13B23-285_D1,5
ATGTGGACATCTTGAT-1_V13B23-285_D1,11
ATGTTACGAGCAATAC-1_V13B23-285_D1,4
ATGTTCGTCGACCCAC-1_V13B23-285_D1,14
ATGTTTCGGCCCGGAG-1_V13B23-285_D1,7
ATTAAACATGCGGACC-1_V13B23-285_D1,5
ATTAATACTACGCGGG-1_V13B23-285_D1,12
ATTAATGAACCAGTCG-1_V13B23-285_D1,13
ATTACAACTACCGGCC-1_V13B23-285_D1,12
ATTACATGTCAGTCTT-1_V13B23-285_D1,11
ATTACCACACTGCCTG-1_V13B23-285_D1,11
ATTACGACTCCACAGT-1_V13B23-285_D1,2
ATTACGCGCTGGCAGG-1_V13B23-285_D1,14
ATTACTAGCCTCTTGC-1_V13B23-285_D1,6
ATTACTTACTGGGCAT-1_V13B23-285_D1,14
ATTAGATTCCTCAGCA-1_V13B23-285_D1,2
ATTAGATTGATAGCGG-1_V13B23-285_D1,3
ATTAGGCGATGCTTTC-1_V13B23-285_D1,11
ATTATACTTTGCTCGT-1_V13B23-285_D1,13
ATTATAGCTACTTTAC-1_V13B23-285_D1,7
ATTATGCCATAGGGAG-1_V13B23-285_D1,10
ATTATTATGTCCGTCA-1_V13B23-285_D1,1
ATTCAACCATTTAAGG-1_V13B23-285_D1,11
ATTCACTGATGTTGGA-1_V13B23-285_D1,11
ATTCAGGACCTATTTC-1_V13B23-285_D1,15
ATTCAGTAGCAGGGTC-1_V13B23-285_D1,5
ATTCATATACTGTCCA-1_V13B23-285_D1,5
ATTCATCGTTGAGGCA-1_V13B23-285_D1,11
ATTCCCACATAAACAA-1_V13B23-285_D1,10
ATTCCTAAGACGTGGA-1_V13B23-285_D1,12
ATTCCTCCGCCAGTGC-1_V13B23-285_D1,5
ATTCCTTCCAGGCGGT-1_V13B23-285_D1,13
ATTCGACGCCGGGCCT-1_V13B23-285_D1,7
ATTCGCAGAGGACACT-1_V13B23-285_D1,2
ATTCGCGCCTTGAGAG-1_V13B23-285_D1,11
ATTCGTGCTATCTCTT-1_V13B23-285_D1,11
ATTCTCGTCTCTTTAG-1_V13B23-285_D1,9
ATTCTTCGTACTTATG-1_V13B23-285_D1,9
ATTGAAGATCTTAGTG-1_V13B23-285_D1,5
ATTGACCGGCGATGAC-1_V13B23-285_D1,2
ATTGACGTAACTCGGT-1_V13B23-285_D1,9
ATTGATAGCAACGAGA-1_V13B23-285_D1,5
ATTGATGAGTCCTAAC-1_V13B23-285_D1,14
ATTGCCTTTATGTTTG-1_V13B23-285_D1,11
ATTGCGATCAGTAACT-1_V13B23-285_D1,11
ATTGCTGCTCCTCCAT-1_V13B23-285_D1,5
ATTGGATTACAGCGTA-1_V13B23-285_D1,11
ATTGGGAATATCTTGG-1_V13B23-285_D1,13
ATTGTACAACTCGGCT-1_V13B23-285_D1,14
ATTGTCGCAATACCTT-1_V13B23-285_D1,13
ATTGTGACTTCGCTGC-1_V13B23-285_D1,9
ATTGTTCAACGATCCG-1_V13B23-285_D1,11
ATTTAACTCGTATTAC-1_V13B23-285_D1,12
ATTTACAGTTTACTGG-1_V13B23-285_D1,5
ATTTACTAAGTCCATT-1_V13B23-285_D1,14
ATTTCATTATTTCGCG-1_V13B23-285_D1,13
ATTTCCGGGTTCTGCG-1_V13B23-285_D1,1
ATTTGCGCGAGTAGCT-1_V13B23-285_D1,1
ATTTGTCTTGGGAGCT-1_V13B23-285_D1,11
ATTTGTTCCAGGGCTC-1_V13B23-285_D1,13
CAAACGAGTATCGCAG-1_V13B23-285_D1,1
CAAACGGTCGCACTTT-1_V13B23-285_D1,5
CAAACTACGATAGAGA-1_V13B23-285_D1,13
CAAACTATTGAGCTTC-1_V13B23-285_D1,6
CAAACTCGCGACGCCG-1_V13B23-285_D1,11
CAAAGATTATTGGGCC-1_V13B23-285_D1,1
CAAAGGTCATCTGAAA-1_V13B23-285_D1,11
CAAATCTCTCACAAGG-1_V13B23-285_D1,4
CAAATGTCCTTCCGTG-1_V13B23-285_D1,5
CAAATTGGATTATGCC-1_V13B23-285_D1,2
CAACACATCTCCTGCC-1_V13B23-285_D1,14
CAACCAGTGGCCTACC-1_V13B23-285_D1,11
CAACCTACCGAGCAGT-1_V13B23-285_D1,11
CAACCTGAACCTGCCA-1_V13B23-285_D1,3
CAACGACCCGTTTACA-1_V13B23-285_D1,5
CAACGGTTCTTGATAC-1_V13B23-285_D1,5
CAACGTGGTGGAGTCT-1_V13B23-285_D1,11
CAACTATATCGAATGC-1_V13B23-285_D1,13
CAACTCCTTGATCCCG-1_V13B23-285_D1,5
CAACTGCTCATCCGAT-1_V13B23-285_D1,5
CAAGACTCAGAAGCGC-1_V13B23-285_D1,8
CAAGAGGGCGGAGTAC-1_V13B23-285_D1,11
CAAGATATTATAACGT-1_V13B23-285_D1,11
CAAGCAACGTCGGAGT-1_V13B23-285_D1,5
CAAGCACCAAATGCCT-1_V13B23-285_D1,13
CAAGCGGCACATAATT-1_V13B23-285_D1,11
CAAGGATCGCATGTTC-1_V13B23-285_D1,11
CAAGGCCAGTGGTGCA-1_V13B23-285_D1,11
CAAGGTCCTATAGGCT-1_V13B23-285_D1,7
CAAGTGTGGTTGCAAA-1_V13B23-285_D1,11
CAATAAACCTTGGCCC-1_V13B23-285_D1,12
CAATACGAGAGTCTGA-1_V13B23-285_D1,11
CAATATTCTTGACCTA-1_V13B23-285_D1,1
CAATATTGGACTAGTG-1_V13B23-285_D1,5
CAATCCCTATACCAGC-1_V13B23-285_D1,9
CAATCCTGCCGTGGAG-1_V13B23-285_D1,5
CAATGAGGTTCGACTA-1_V13B23-285_D1,14
CAATGCGAGAAGTATC-1_V13B23-285_D1,6
CAATGGAATCTACATA-1_V13B23-285_D1,9
CAATGGATCTCTACCA-1_V13B23-285_D1,1
CAATGTGCCAACCCTT-1_V13B23-285_D1,7
CAATTAAGGGTGATGA-1_V13B23-285_D1,4
CAATTTCGTATAAGGG-1_V13B23-285_D1,12
CACAAGAAAGATATTA-1_V13B23-285_D1,12
CACAATGAGCTGCTAT-1_V13B23-285_D1,5
CACACACGCTAACGAG-1_V13B23-285_D1,11
CACACAGCTTGCGCTC-1_V13B23-285_D1,11
CACACAGGGATAGATT-1_V13B23-285_D1,5
CACACGCGCTGTCTTA-1_V13B23-285_D1,14
CACAGCACCCACGGCA-1_V13B23-285_D1,5
CACAGCTAGGGAGTGA-1_V13B23-285_D1,5
CACAGGGCCATATAGT-1_V13B23-285_D1,11
CACAGGGCCGTTGTCA-1_V13B23-285_D1,10
CACAGTCCCGCTTCGC-1_V13B23-285_D1,11
CACAGTTCGCTTCCCA-1_V13B23-285_D1,11
CACATATTAGCAGGAT-1_V13B23-285_D1,11
CACATCGTGCACGCGC-1_V13B23-285_D1,1
CACATCTCACCGACGA-1_V13B23-285_D1,11
CACATGATTCAGCAAC-1_V13B23-285_D1,5
CACATGTTTGGACATG-1_V13B23-285_D1,10
CACATTCTTTCGATGG-1_V13B23-285_D1,13
CACATTTCTTGTCAGA-1_V13B23-285_D1,11
CACCAGTCAGCATGCA-1_V13B23-285_D1,1
CACCATCGGAGGAGAC-1_V13B23-285_D1,9
CACCCAAATCTTATGT-1_V13B23-285_D1,7
CACCCACACGTCACCC-1_V13B23-285_D1,5
CACCCACGAGGCAATT-1_V13B23-285_D1,13
CACCCGGTTTGTGACT-1_V13B23-285_D1,1
CACCCTAACAAGATCT-1_V13B23-285_D1,11
CACCCTTGGTGAGACC-1_V13B23-285_D1,14
CACCGATACACCGAGC-1_V13B23-285_D1,9
CACCGCCAGAAGGTTT-1_V13B23-285_D1,5
CACCGCCGACCAGCGA-1_V13B23-285_D1,9
CACCGCGTCCACTCTA-1_V13B23-285_D1,14
CACCGTATCCCATCCG-1_V13B23-285_D1,11
CACCGTTAGGGATCAC-1_V13B23-285_D1,1
CACCGTTGCGCGATAT-1_V13B23-285_D1,5
CACCTAATAGAGTCGT-1_V13B23-285_D1,12
CACCTAATCAGTTTAC-1_V13B23-285_D1,13
CACCTCGATGGTGGAC-1_V13B23-285_D1,13
CACCTTGCGAAACTCG-1_V13B23-285_D1,1
CACCTTGGCGCCTTTG-1_V13B23-285_D1,11
CACGAAAGTTAGTCCC-1_V13B23-285_D1,8
CACGCACAGCGCAGCT-1_V13B23-285_D1,12
CACGCAGCGAGGCTTT-1_V13B23-285_D1,5
CACGCGGAACTGTTGC-1_V13B23-285_D1,11
CACGGACGTGGATGGC-1_V13B23-285_D1,1
CACGGCGCGCCAAAGG-1_V13B23-285_D1,14
CACGTCAATCAATGGA-1_V13B23-285_D1,11
CACGTCGGCAACCTCT-1_V13B23-285_D1,1
CACGTTCGTGCTCTAG-1_V13B23-285_D1,11
CACGTTTCGTACACAC-1_V13B23-285_D1,11
CACTAAAGTTGCCTAT-1_V13B23-285_D1,5
CACTACGGGAGCTGCC-1_V13B23-285_D1,11
CACTCAAGAGCTATGG-1_V13B23-285_D1,5
CACTCAGCTCTTGAGG-1_V13B23-285_D1,6
CACTCCTATGTAAGAT-1_V13B23-285_D1,1
CACTCCTCTCGGTCGG-1_V13B23-285_D1,13
CACTCGAGCTGAACAA-1_V13B23-285_D1,11
CACTCTTCTGCTAGCC-1_V13B23-285_D1,11
CACTGTCCAAGTGAGA-1_V13B23-285_D1,5
CACTTAATCAGACGGA-1_V13B23-285_D1,5
CACTTCGCCACAGGCT-1_V13B23-285_D1,5
CAGAACTTAGCCCTCT-1_V13B23-285_D1,11
CAGAATAACACACGGA-1_V13B23-285_D1,11
CAGAATATTCGTTATC-1_V13B23-285_D1,11
CAGACACCGATCGCTG-1_V13B23-285_D1,5
CAGACCTGTAAGTGTT-1_V13B23-285_D1,14
CAGACGAACCTGATAC-1_V13B23-285_D1,5
CAGAGACGGTCACCCA-1_V13B23-285_D1,5
CAGAGCATGAGCTTGC-1_V13B23-285_D1,7
CAGAGGCGATGCATGA-1_V13B23-285_D1,5
CAGAGTGATTTAACGT-1_V13B23-285_D1,9
CAGATAATGGGCGGGT-1_V13B23-285_D1,11
CAGATACTAACATAGT-1_V13B23-285_D1,5
CAGATCATTTAAAGTC-1_V13B23-285_D1,14
CAGATCCTGGTTTGAA-1_V13B23-285_D1,8
CAGCAGCCCGTTCCTT-1_V13B23-285_D1,14
CAGCAGTCCAGACTAT-1_V13B23-285_D1,11
CAGCAGTCTGTGCTGC-1_V13B23-285_D1,11
CAGCCGGGCCCTCTAT-1_V13B23-285_D1,13
CAGCCTCCTGCAGAGG-1_V13B23-285_D1,5
CAGCCTCGATAGCGGT-1_V13B23-285_D1,11
CAGCCTCTCCTCAAGA-1_V13B23-285_D1,3
CAGCGATTCCCTTCAA-1_V13B23-285_D1,10
CAGCTCACTGAGACAT-1_V13B23-285_D1,5
CAGCTCGACAAGTTAA-1_V13B23-285_D1,12
CAGCTCGTGCTTGTGT-1_V13B23-285_D1,5
CAGCTGGCGTAACCGT-1_V13B23-285_D1,5
CAGCTTAGTAGGTAGC-1_V13B23-285_D1,5
CAGGAAGACTTTATAT-1_V13B23-285_D1,13
CAGGACAGCTGCCCTT-1_V13B23-285_D1,7
CAGGATATATCGTTGT-1_V13B23-285_D1,5
CAGGCAGTCTTACCAG-1_V13B23-285_D1,11
CAGGCCGTTTGGGTGT-1_V13B23-285_D1,1
CAGGCGCACGGTGGTC-1_V13B23-285_D1,1
CAGGCGCCATGCTAGG-1_V13B23-285_D1,11
CAGTAACTATTTATTG-1_V13B23-285_D1,14
CAGTAATCCCTCCCAG-1_V13B23-285_D1,5
CAGTACATTCTCTAAA-1_V13B23-285_D1,14
CAGTACCAGTTTACGT-1_V13B23-285_D1,5
CAGTAGCCCACGCGGT-1_V13B23-285_D1,1
CAGTCGAGGATGCAAT-1_V13B23-285_D1,1
CAGTCTGTATACTGGG-1_V13B23-285_D1,5
CAGTGAATAAATGACT-1_V13B23-285_D1,1
CAGTGGTTGCACATGA-1_V13B23-285_D1,5
CAGTGTCCGCAGAATG-1_V13B23-285_D1,15
CAGTGTCGGCTGGCCC-1_V13B23-285_D1,11
CAGTTCAAATTGACAC-1_V13B23-285_D1,5
CAGTTCCGCGGGTCGA-1_V13B23-285_D1,5
CATAACGGACAGTCGT-1_V13B23-285_D1,14
CATAAGAAGCTTGGCT-1_V13B23-285_D1,11
CATAAGCTCTCCGTCT-1_V13B23-285_D1,8
CATACAAAGCCGAACC-1_V13B23-285_D1,5
CATACACGGTTCCCAC-1_V13B23-285_D1,5
CATACCCGTACCCAGT-1_V13B23-285_D1,5
CATACGGCGTCTGGGC-1_V13B23-285_D1,5
CATACTATGTAATTGT-1_V13B23-285_D1,5
CATACTTAGGCAATAC-1_V13B23-285_D1,7
CATAGCCGCCCGGGAT-1_V13B23-285_D1,10
CATAGCGTTGCCCACC-1_V13B23-285_D1,10
CATAGTACATTGAGAG-1_V13B23-285_D1,13
CATAGTAGCATAGTAG-1_V13B23-285_D1,5
CATAGTCAAATACATA-1_V13B23-285_D1,11
CATAGTCCACAAGAAC-1_V13B23-285_D1,1
CATATACTACTGATAA-1_V13B23-285_D1,14
CATATAGGTACAGTCA-1_V13B23-285_D1,5
CATATGTCAGGCTACG-1_V13B23-285_D1,1
CATATTATTTGCCCTA-1_V13B23-285_D1,9
CATCAAACTGGCGCCC-1_V13B23-285_D1,2
CATCATCTACCCGGAC-1_V13B23-285_D1,6
CATCATTACCCTGAGG-1_V13B23-285_D1,11
CATCCTCTCAAAGATC-1_V13B23-285_D1,11
CATCGCCCGCGGCCAA-1_V13B23-285_D1,15
CATCGGACGGGTTAAT-1_V13B23-285_D1,5
CATCTAGTGAAGGGAA-1_V13B23-285_D1,11
CATCTATCCCGTGTCT-1_V13B23-285_D1,14
CATCTTACACCACCTC-1_V13B23-285_D1,11
CATGAACCGACATTTG-1_V13B23-285_D1,9
CATGACTTCGCTGAAT-1_V13B23-285_D1,11
CATGAGATGCACTCTC-1_V13B23-285_D1,11
CATGATCGCTTTGAGA-1_V13B23-285_D1,11
CATGATGCACAATTCT-1_V13B23-285_D1,13
CATGATGGAAGTTAGC-1_V13B23-285_D1,11
CATGCCAACTCGCAAA-1_V13B23-285_D1,14
CATGCGACCAGTTTAA-1_V13B23-285_D1,5
CATGCGTTAGACAGAA-1_V13B23-285_D1,13
CATGCTGGCTCCAATT-1_V13B23-285_D1,6
CATGGATTGTCTTCCG-1_V13B23-285_D1,11
CATGGCAGGAAGATCG-1_V13B23-285_D1,13
CATGGGTATGCCTTAT-1_V13B23-285_D1,11
CATGGGTCGGGTGTGG-1_V13B23-285_D1,13
CATGGTAAGTAGCGTT-1_V13B23-285_D1,11
CATGGTCTAGATACCG-1_V13B23-285_D1,10
CATGTAAGAGACATTT-1_V13B23-285_D1,11
CATGTAGGAGCGCCAA-1_V13B23-285_D1,14
CATGTCTCATTTATGG-1_V13B23-285_D1,11
CATTACATAGATTGTG-1_V13B23-285_D1,14
CATTACGTCGGCCCGT-1_V13B23-285_D1,13
CATTATGCTTGTTGTG-1_V13B23-285_D1,5
CATTCAGGTCAGTGCG-1_V13B23-285_D1,13
CATTCCCATTCCGTCG-1_V13B23-285_D1,7
CATTCCCTAAGTACAA-1_V13B23-285_D1,5
CATTCGTCGTAGCGGT-1_V13B23-285_D1,11
CATTGATGAACACGCC-1_V13B23-285_D1,14
CATTGCGGGTCAATTC-1_V13B23-285_D1,14
CATTTAGCGGACCATG-1_V13B23-285_D1,1
CATTTCTAGCAGACTA-1_V13B23-285_D1,5
CATTTGAGTGGTACGT-1_V13B23-285_D1,5
CCAAACAGAACCCTCG-1_V13B23-285_D1,5
CCAAATAACAAGATTC-1_V13B23-285_D1,11
CCAACGATGCACTGAT-1_V13B23-285_D1,5
CCAACGCTTGCCAGGG-1_V13B23-285_D1,9
CCAACTTGATAGATCC-1_V13B23-285_D1,11
CCAAGAAAGTGGGCGA-1_V13B23-285_D1,5
CCAAGACTTCTGCGAA-1_V13B23-285_D1,5
CCAAGCGTAACTCGTA-1_V13B23-285_D1,4
CCAAGGAACAGAGAGG-1_V13B23-285_D1,13
CCAATAGTGCCGTCGA-1_V13B23-285_D1,5
CCAATCGGTAGATCGA-1_V13B23-285_D1,13
CCAATGTCACAGCAAG-1_V13B23-285_D1,5
CCAATTACGGGTCGAG-1_V13B23-285_D1,12
CCAATTGAATGTTAAT-1_V13B23-285_D1,5
CCACAATGTACGTCTT-1_V13B23-285_D1,1
CCACACTGAGATATTA-1_V13B23-285_D1,1
CCACAGTACCCATCCT-1_V13B23-285_D1,11
CCACATACTGCACCCA-1_V13B23-285_D1,11
CCACCAACTTTACTGT-1_V13B23-285_D1,4
CCACCCAAGGAAAGTG-1_V13B23-285_D1,11
CCACCTGTATGGAATA-1_V13B23-285_D1,11
CCACGAATTTAACCTC-1_V13B23-285_D1,11
CCACGAGAAGAGAATC-1_V13B23-285_D1,13
CCACGGAGCCATAAGA-1_V13B23-285_D1,1
CCACGGTGCCCGGTAG-1_V13B23-285_D1,8
CCACGTAAATTAGACT-1_V13B23-285_D1,7
CCACTATCCGGGTCAC-1_V13B23-285_D1,14
CCACTGGTGGCTGGTT-1_V13B23-285_D1,5
CCACTGTTTGGATTAA-1_V13B23-285_D1,11
CCAGAAAGCAACTCAT-1_V13B23-285_D1,1
CCAGAGACAAAGCCGG-1_V13B23-285_D1,5
CCAGATAGTTGAGTGA-1_V13B23-285_D1,1
CCAGATGTAAATGGGT-1_V13B23-285_D1,2
CCAGCCTGGACCAATA-1_V13B23-285_D1,6
CCAGCGGGATCACCAG-1_V13B23-285_D1,7
CCAGCTCGAACGCATT-1_V13B23-285_D1,1
CCAGCTGATGGTACTT-1_V13B23-285_D1,14
CCAGCTTCCGCCCGCA-1_V13B23-285_D1,10
CCAGGCTGGCGTCTGA-1_V13B23-285_D1,11
CCAGGGACGTGGCCTC-1_V13B23-285_D1,5
CCAGTAGTCTGATCCA-1_V13B23-285_D1,1
CCAGTCCATTATTCGA-1_V13B23-285_D1,13
CCAGTCTAGACGGCGC-1_V13B23-285_D1,1
CCAGTCTTGTCATAGA-1_V13B23-285_D1,8
CCATAAACAACCCGAC-1_V13B23-285_D1,6
CCATACCTTTACTTGT-1_V13B23-285_D1,14
CCATAGGTTGGCGTGG-1_V13B23-285_D1,13
CCATAGTCAGTAACCC-1_V13B23-285_D1,8
CCATATGGAAACTATA-1_V13B23-285_D1,11
CCATCCATACCAAGTC-1_V13B23-285_D1,5
CCATCGCAGTTAAACT-1_V13B23-285_D1,5
CCATCTCACCAGTGAA-1_V13B23-285_D1,11
CCATGCCCTAGATTTC-1_V13B23-285_D1,11
CCATGCCTGTTTAGTA-1_V13B23-285_D1,5
CCATGCTCTGCAGGAA-1_V13B23-285_D1,5
CCATGGCCCTTGTACC-1_V13B23-285_D1,5
CCATTAGCGATAATCC-1_V13B23-285_D1,10
CCATTCCCTGCCCACA-1_V13B23-285_D1,5
CCATTGTTTCCTCCAT-1_V13B23-285_D1,14
CCATTTCTACCTATTA-1_V13B23-285_D1,11
CCCAAACATGCTGCTC-1_V13B23-285_D1,14
CCCAACATACGTCGCG-1_V13B23-285_D1,10
CCCAACCACACTAACA-1_V13B23-285_D1,9
CCCAATGAGATTTGCA-1_V13B23-285_D1,1
CCCAATTTCACAACTT-1_V13B23-285_D1,14
CCCAGAGGAGGGCGTA-1_V13B23-285_D1,14
CCCAGGTCTGAAGGCT-1_V13B23-285_D1,11
CCCAGTAAACTTGGGA-1_V13B23-285_D1,14
CCCAGTTAAGGCGCCG-1_V13B23-285_D1,11
CCCATATAGGTCGATT-1_V13B23-285_D1,11
CCCGACCATAGTCCGC-1_V13B23-285_D1,13
CCCGAGTTTCTCCGTA-1_V13B23-285_D1,11
CCCGATAGCCTCGCCT-1_V13B23-285_D1,8
CCCGCAGCGCGAACTA-1_V13B23-285_D1,11
CCCGCAGGGCCCAAAG-1_V13B23-285_D1,9
CCCGCCATGCTCCCGT-1_V13B23-285_D1,5
CCCGCGCAATGCACCC-1_V13B23-285_D1,5
CCCGGTGGAAGAACCT-1_V13B23-285_D1,5
CCCGGTGTATCGGAAT-1_V13B23-285_D1,3
CCCGTAAGTCTAGGCC-1_V13B23-285_D1,14
CCCGTAGCTGGGAAGA-1_V13B23-285_D1,1
CCCGTCAGCGTCTGAC-1_V13B23-285_D1,5
CCCGTTTCGCAGATGT-1_V13B23-285_D1,11
CCCTAGTGTCAGGTGT-1_V13B23-285_D1,13
CCCTATGTAGAGCAGA-1_V13B23-285_D1,1
CCCTCATTCTGGAATT-1_V13B23-285_D1,4
CCCTCCTCGCTCGTAT-1_V13B23-285_D1,11
CCCTGAAATGAGTTGA-1_V13B23-285_D1,5
CCCTGATGTAACTCGT-1_V13B23-285_D1,5
CCCTGCCCAATCCGCT-1_V13B23-285_D1,14
CCCTGCGCTACGCATA-1_V13B23-285_D1,14
CCCTTTAATGGAGTTC-1_V13B23-285_D1,11
CCCTTTGACAGGTCTT-1_V13B23-285_D1,5
CCGAAAGTGGTGAGCA-1_V13B23-285_D1,5
CCGAACACTGGGCCTC-1_V13B23-285_D1,7
CCGAACCTTCCCGGCC-1_V13B23-285_D1,11
CCGAAGGGCGTACCGC-1_V13B23-285_D1,8
CCGAAGTATATTGTTC-1_V13B23-285_D1,7
CCGACAAAGGGAGTGC-1_V13B23-285_D1,5
CCGACAATAGGCCGCC-1_V13B23-285_D1,11
CCGACGGGCATGAGGT-1_V13B23-285_D1,1
CCGACGTAAACACAAC-1_V13B23-285_D1,14
CCGAGAAGTCGCATAA-1_V13B23-285_D1,11
CCGAGCTGTGCTTGTC-1_V13B23-285_D1,2
CCGATATGACGTAAGG-1_V13B23-285_D1,11
CCGATCTCAACCTTAT-1_V13B23-285_D1,6
CCGATTCGAGGGACCC-1_V13B23-285_D1,5
CCGCACAAAGACCAAC-1_V13B23-285_D1,15
CCGCACACGAACGTGT-1_V13B23-285_D1,11
CCGCACGTGACCTCGG-1_V13B23-285_D1,5
CCGCATGTGGTACGAT-1_V13B23-285_D1,5
CCGCCGGAACTTCTCG-1_V13B23-285_D1,8
CCGCCGGTCAACACAC-1_V13B23-285_D1,13
CCGCCTGCGAATTGGT-1_V13B23-285_D1,14
CCGCGGAATGCGTCAC-1_V13B23-285_D1,1
CCGCGGGTACGAAGAA-1_V13B23-285_D1,5
CCGCGTAGGTAAGGGC-1_V13B23-285_D1,5
CCGCTATCAGCACCAG-1_V13B23-285_D1,5
CCGCTCTTCCGAACTA-1_V13B23-285_D1,11
CCGCTTACCTCACTCT-1_V13B23-285_D1,3
CCGCTTGCTGACATGG-1_V13B23-285_D1,14
CCGGAAGTTATCAGTC-1_V13B23-285_D1,11
CCGGAATGGTTTCAGT-1_V13B23-285_D1,5
CCGGAGCGTACTTTCT-1_V13B23-285_D1,5
CCGGAGGTCTTATGGT-1_V13B23-285_D1,2
CCGGCACGACCGTTTC-1_V13B23-285_D1,7
CCGGCGCATATTGGAT-1_V13B23-285_D1,6
CCGGGACCCGCAGAGA-1_V13B23-285_D1,11
CCGGGCGGTCTCGTCA-1_V13B23-285_D1,14
CCGGGCTGCTCCATAC-1_V13B23-285_D1,11
CCGGGTTCGAGGTTAC-1_V13B23-285_D1,5
CCGGTAATGGCTAGTC-1_V13B23-285_D1,5
CCGGTTTGTAATTGTG-1_V13B23-285_D1,1
CCGTAAGTTGGTCCCA-1_V13B23-285_D1,1
CCGTACCCAAGCGCCA-1_V13B23-285_D1,5
CCGTAGGAAATCCCTG-1_V13B23-285_D1,11
CCGTAGGGTTGTTTAC-1_V13B23-285_D1,11
CCGTATCTCGTCGTAG-1_V13B23-285_D1,1
CCGTATTAGCGCAGTT-1_V13B23-285_D1,14
CCGTGAGGCATTCATG-1_V13B23-285_D1,4
CCGTGCCCATGACGGC-1_V13B23-285_D1,9
CCGTGGAACGATCCAA-1_V13B23-285_D1,14
CCGTGTTAAATTCCAT-1_V13B23-285_D1,3
CCGTTACGTTAGAACA-1_V13B23-285_D1,13
CCGTTCCGAATCTCGG-1_V13B23-285_D1,14
CCTAAAGGCTGACGCT-1_V13B23-285_D1,13
CCTAAATTAACGGTTC-1_V13B23-285_D1,11
CCTAAATTGTATCCTA-1_V13B23-285_D1,11
CCTAACCCAAACAAGT-1_V13B23-285_D1,11
CCTAACTAAGGCTCTA-1_V13B23-285_D1,1
CCTACATTCACAGACG-1_V13B23-285_D1,1
CCTACGGCTCAGTCGA-1_V13B23-285_D1,5
CCTACTCAACACGATT-1_V13B23-285_D1,11
CCTACTGCGGCGGCCA-1_V13B23-285_D1,14
CCTACTGCTTACACTT-1_V13B23-285_D1,5
CCTAGGCGTAGCGATC-1_V13B23-285_D1,1
CCTAGTTAGTCGCATG-1_V13B23-285_D1,6
CCTATAATGAGTGCCC-1_V13B23-285_D1,11
CCTATACCGTCCTGTC-1_V13B23-285_D1,1
CCTATATTTGTCCTGG-1_V13B23-285_D1,5
CCTATGAAGTGGTGCC-1_V13B23-285_D1,14
CCTATGGGTTACCGTC-1_V13B23-285_D1,14
CCTATGTCCACTCCAC-1_V13B23-285_D1,11
CCTCACCAATCTTGAC-1_V13B23-285_D1,5
CCTCACCTGAGGGAGC-1_V13B23-285_D1,14
CCTCACCTTAGCATCG-1_V13B23-285_D1,7
CCTCACGTCAGCTAAT-1_V13B23-285_D1,11
CCTCATGCAGCTACGA-1_V13B23-285_D1,15
CCTCCCGACAATCCCT-1_V13B23-285_D1,9
CCTCCGACAATTCAAG-1_V13B23-285_D1,5
CCTCCTGTTGTGTCGT-1_V13B23-285_D1,11
CCTCGAAGTGGACGGG-1_V13B23-285_D1,13
CCTCGCCAGCAAATTA-1_V13B23-285_D1,13
CCTCGCGCGATATAGG-1_V13B23-285_D1,7
CCTCGCGCTGTGCGAT-1_V13B23-285_D1,7
CCTCGGACCGGGATAG-1_V13B23-285_D1,11
CCTCTAATCTGCCAAG-1_V13B23-285_D1,13
CCTCTATCGATTAGCA-1_V13B23-285_D1,1
CCTCTCTCCCATCTAG-1_V13B23-285_D1,3
CCTCTGGCCTAGACGG-1_V13B23-285_D1,13
CCTCTGTACTATTCTA-1_V13B23-285_D1,5
CCTGAACGATATATTC-1_V13B23-285_D1,11
CCTGAATATTTACATA-1_V13B23-285_D1,13
CCTGACCACCGATGGT-1_V13B23-285_D1,5
CCTGCGATAGAACTGT-1_V13B23-285_D1,10
CCTGCGTTCTACGCTT-1_V13B23-285_D1,8
CCTGCTATTTGAGAAG-1_V13B23-285_D1,5
CCTGGAAACGTTCTGC-1_V13B23-285_D1,11
CCTGGCTAGACCCGCC-1_V13B23-285_D1,8
CCTGGTCGAATGTGGG-1_V13B23-285_D1,11
CCTGTAAGACATGATA-1_V13B23-285_D1,1
CCTGTACTCACGCCCA-1_V13B23-285_D1,14
CCTGTCACCCGGGCTC-1_V13B23-285_D1,7
CCTGTCCCTCACGTTA-1_V13B23-285_D1,7
CCTGTCGCCCGTAAAT-1_V13B23-285_D1,5
CCTGTTTGAAGACACG-1_V13B23-285_D1,11
CCTTCAGTTAAAGTGA-1_V13B23-285_D1,10
CCTTCTTGATCCAGTG-1_V13B23-285_D1,13
CCTTGACCACTTTATT-1_V13B23-285_D1,11
CCTTTAAGGGAGCACT-1_V13B23-285_D1,5
CCTTTCAATGAAGAAA-1_V13B23-285_D1,14
CGAAACATAGATGGCA-1_V13B23-285_D1,9
CGAAACGCAATTCATG-1_V13B23-285_D1,8
CGAACAGTATGGGCGT-1_V13B23-285_D1,11
CGAACCCGCATGCGTC-1_V13B23-285_D1,5
CGAACGCCCAGTGCCG-1_V13B23-285_D1,13
CGAACGGCCGGACAAC-1_V13B23-285_D1,8
CGAAGCTATAAATTCA-1_V13B23-285_D1,14
CGAAGTTGCTCTGTGT-1_V13B23-285_D1,5
CGAATGACGCATAATG-1_V13B23-285_D1,5
CGAATTCCCGGTTCAA-1_V13B23-285_D1,11
CGACAATTTGATCTAA-1_V13B23-285_D1,11
CGACACGCTCCGACAG-1_V13B23-285_D1,11
CGACAGTTCGCGTTAT-1_V13B23-285_D1,5
CGACATGCGATCTTCT-1_V13B23-285_D1,9
CGACTCAGGATGTTAT-1_V13B23-285_D1,10
CGACTTTGTATAGCCT-1_V13B23-285_D1,8
CGAGACCCTAGAGTGT-1_V13B23-285_D1,5
CGAGAGATGTGAACCT-1_V13B23-285_D1,14
CGAGAGCTTTCACTAC-1_V13B23-285_D1,11
CGAGAGGGTAGCCGCG-1_V13B23-285_D1,11
CGAGATTTCGCTCGGG-1_V13B23-285_D1,11
CGAGCACTTCAAGTTT-1_V13B23-285_D1,5
CGAGCGTTGATCAGCC-1_V13B23-285_D1,9
CGAGCTGGGCTTTAGG-1_V13B23-285_D1,13
CGAGGAGCTTCCATAT-1_V13B23-285_D1,14
CGAGGATCGGGAACGA-1_V13B23-285_D1,14
CGAGGCCAGGCATTGG-1_V13B23-285_D1,5
CGAGGCTAAATATGGC-1_V13B23-285_D1,14
CGAGGGACTGCGGTCG-1_V13B23-285_D1,11
CGAGTACTAAAGAGGA-1_V13B23-285_D1,8
CGAGTGAAGGTACCAG-1_V13B23-285_D1,10
CGAGTGCTATAGTTCG-1_V13B23-285_D1,4
CGAGTTCTGTCCCACC-1_V13B23-285_D1,14
CGAGTTTATCGGACTG-1_V13B23-285_D1,1
CGATAATACTCAGGTT-1_V13B23-285_D1,11
CGATACCTCGCGGACA-1_V13B23-285_D1,3
CGATAGTCGTACTGCA-1_V13B23-285_D1,11
CGATCCGACCCAGTGC-1_V13B23-285_D1,5
CGATCTGTTGGAGGAC-1_V13B23-285_D1,10
CGATGGACCCTACGCC-1_V13B23-285_D1,11
CGATGTTGTTATCTAC-1_V13B23-285_D1,8
CGATTAAATATCTCCT-1_V13B23-285_D1,4
CGATTCGCCTGGCTGC-1_V13B23-285_D1,11
CGCAAACACGAGTTAC-1_V13B23-285_D1,5
CGCAATTACTTTCGGT-1_V13B23-285_D1,5
CGCAATTAGGGTAATA-1_V13B23-285_D1,10
CGCAATTCTACAATAA-1_V13B23-285_D1,5
CGCACATGTCCACTAC-1_V13B23-285_D1,11
CGCACGTGCGCTATCA-1_V13B23-285_D1,11
CGCAGATCTTCACCCG-1_V13B23-285_D1,14
CGCAGGCGATCCAAAC-1_V13B23-285_D1,11
CGCATCATGGCTTCAG-1_V13B23-285_D1,9
CGCATCCATCAGCCAG-1_V13B23-285_D1,14
CGCATGGTGCGATGCT-1_V13B23-285_D1,11
CGCATTAGCTAATAGG-1_V13B23-285_D1,12
CGCCAAGAAGCCGAGT-1_V13B23-285_D1,14
CGCCATCCGATTATGA-1_V13B23-285_D1,1
CGCCCAGCACGCCTAG-1_V13B23-285_D1,5
CGCCCAGCGTTTCACG-1_V13B23-285_D1,11
CGCCCGCTTCCGTACA-1_V13B23-285_D1,13
CGCCCTTGAAGGCTGA-1_V13B23-285_D1,5
CGCCGCCCATGCCTGT-1_V13B23-285_D1,11
CGCCGTCTACCCATCG-1_V13B23-285_D1,5
CGCCGTTCAGCATAGT-1_V13B23-285_D1,11
CGCCTCCCTCCTCTAT-1_V13B23-285_D1,11
CGCCTGGCCTACGTAA-1_V13B23-285_D1,14
CGCCTTTAGCATGCTC-1_V13B23-285_D1,11
CGCGAAGTGGCATACT-1_V13B23-285_D1,11
CGCGACCGCGACAGAT-1_V13B23-285_D1,11
CGCGAGAGGGACTTGT-1_V13B23-285_D1,14
CGCGAGTCTGCCGGGT-1_V13B23-285_D1,14
CGCGCAAATGTCCAGA-1_V13B23-285_D1,1
CGCGCATGTTTGATTG-1_V13B23-285_D1,5
CGCGCCCGACTTAATA-1_V13B23-285_D1,13
CGCGGCAGTATTACGG-1_V13B23-285_D1,5
CGCGGCTCAACTTGAA-1_V13B23-285_D1,11
CGCGGGAATTAGGCAG-1_V13B23-285_D1,11
CGCGGTAAGTCTAGCT-1_V13B23-285_D1,14
CGCGGTACGGTATACA-1_V13B23-285_D1,11
CGCGGTCACAAACCAA-1_V13B23-285_D1,14
CGCGTTCATGAAATAC-1_V13B23-285_D1,5
CGCTACGGGACATTTA-1_V13B23-285_D1,4
CGCTAGAGACCGCTGC-1_V13B23-285_D1,11
CGCTATACCGCCCACT-1_V13B23-285_D1,5
CGCTATTCAATGTATG-1_V13B23-285_D1,5
CGCTATTCTTAGGCTC-1_V13B23-285_D1,5
CGCTCGACATAATGAT-1_V13B23-285_D1,5
CGCTCTCCGTAGATTA-1_V13B23-285_D1,5
CGCTGGTGACTACCCT-1_V13B23-285_D1,11
CGCTGTGACGCCGCAC-1_V13B23-285_D1,5
CGCTGTGTGGATGTTG-1_V13B23-285_D1,1
CGCTTATTCCCGGTCG-1_V13B23-285_D1,8
CGCTTCCACTGAAATC-1_V13B23-285_D1,5
CGCTTCGGTCTAAGAC-1_V13B23-285_D1,11
CGCTTGGACGGATAGA-1_V13B23-285_D1,11
CGCTTTCATACCGGTG-1_V13B23-285_D1,13
CGCTTTCTTGCATTCG-1_V13B23-285_D1,14
CGGAAAGAATCAAACG-1_V13B23-285_D1,5
CGGAACGTAAACATAG-1_V13B23-285_D1,1
CGGAGCAATTTAATCG-1_V13B23-285_D1,12
CGGAGCATGGCGATCC-1_V13B23-285_D1,11
CGGAGCTTATAACACC-1_V13B23-285_D1,9
CGGAGTTTGAGAGACA-1_V13B23-285_D1,5
CGGATAAGCGGACATG-1_V13B23-285_D1,8
CGGATCCTCAAGGACT-1_V13B23-285_D1,11
CGGCAAACATCGTGCG-1_V13B23-285_D1,11
CGGCAATAAGATCGCC-1_V13B23-285_D1,11
CGGCACCGTTAGCGCC-1_V13B23-285_D1,15
CGGCACTCAAGAAAGT-1_V13B23-285_D1,5
CGGCAGGGTCGGGTTG-1_V13B23-285_D1,14
CGGCCACGCACAAAGT-1_V13B23-285_D1,5
CGGCCCAACCTGTAGT-1_V13B23-285_D1,14
CGGCCCAGGTATATCC-1_V13B23-285_D1,11
CGGCGCCATCAATCCC-1_V13B23-285_D1,11
CGGCTCTAAAGCTGCA-1_V13B23-285_D1,11
CGGCTCTTCGTCGAAC-1_V13B23-285_D1,9
CGGGAATATAGTATAC-1_V13B23-285_D1,11
CGGGAATTTATGTAAA-1_V13B23-285_D1,11
CGGGAGCTTCAGTGTA-1_V13B23-285_D1,11
CGGGAGTATACCGCCG-1_V13B23-285_D1,10
CGGGATCAATGTAAGA-1_V13B23-285_D1,5
CGGGCAGCTAAACCGC-1_V13B23-285_D1,4
CGGGCCATAGCCGCAC-1_V13B23-285_D1,5
CGGGCCTTCTTTGTAA-1_V13B23-285_D1,7
CGGGTGTACCCATTTA-1_V13B23-285_D1,14
CGGGTTTGTTAGGGCT-1_V13B23-285_D1,11
CGGTACTAGAATCAAA-1_V13B23-285_D1,11
CGGTAGAGGTGCAGGT-1_V13B23-285_D1,12
CGGTATAGGTATTAGC-1_V13B23-285_D1,4
CGGTCAAGTGGGAACC-1_V13B23-285_D1,1
CGGTCAGTCCATATTT-1_V13B23-285_D1,11
CGGTCCATGAGACTCC-1_V13B23-285_D1,2
CGGTCCGTCGCAAGCC-1_V13B23-285_D1,5
CGGTCTATCAACCCGT-1_V13B23-285_D1,13
CGGTGAAGACTAAAGT-1_V13B23-285_D1,14
CGGTGCAGATAGAACG-1_V13B23-285_D1,1
CGGTGCGCGTTGGTCC-1_V13B23-285_D1,3
CGGTGGGCTCCAGCCT-1_V13B23-285_D1,14
CGGTGTACTTGATCCC-1_V13B23-285_D1,5
CGGTTATCCAACAGTG-1_V13B23-285_D1,14
CGGTTCAAGTAGGTGT-1_V13B23-285_D1,7
CGGTTCCGGCTTCTTG-1_V13B23-285_D1,13
CGGTTGACCTGGCATA-1_V13B23-285_D1,14
CGTAAACGCTTGAGTG-1_V13B23-285_D1,5
CGTACCTGATAGGCCT-1_V13B23-285_D1,12
CGTAGCGAATTGTCAG-1_V13B23-285_D1,6
CGTATCTAGAACTAAG-1_V13B23-285_D1,11
CGTATTAAGAGATCTA-1_V13B23-285_D1,5
CGTATTGTTTCCTAAT-1_V13B23-285_D1,7
CGTCAAATGGTCGCAG-1_V13B23-285_D1,8
CGTCAAGGCTATAAAT-1_V13B23-285_D1,10
CGTCACGTCCATTGGT-1_V13B23-285_D1,5
CGTCAGTGCGCACAAG-1_V13B23-285_D1,9
CGTCATACCATATCCA-1_V13B23-285_D1,5
CGTCGCATGTGAGCCA-1_V13B23-285_D1,11
CGTCGGATAGTGTTGA-1_V13B23-285_D1,3
CGTCGGGTCTAAGCGC-1_V13B23-285_D1,1
CGTCGTCCTTCGCGAA-1_V13B23-285_D1,11
CGTCTGGAAGGGCCCG-1_V13B23-285_D1,13
CGTCTTGAGTGTGACG-1_V13B23-285_D1,11
CGTGAAGTTAATTCAC-1_V13B23-285_D1,5
CGTGACATTGGGTCGT-1_V13B23-285_D1,6
CGTGACCAGTCCTCTG-1_V13B23-285_D1,5
CGTGCAGACTGGGACA-1_V13B23-285_D1,11
CGTGCATTGTCGACGC-1_V13B23-285_D1,14
CGTGCCCTCCCGAAGA-1_V13B23-285_D1,11
CGTGCTGGCCTAGTCG-1_V13B23-285_D1,10
CGTGGAAGCCTCGTAC-1_V13B23-285_D1,11
CGTGGCCGAATATCTA-1_V13B23-285_D1,11
CGTGTATGGGAGCTGA-1_V13B23-285_D1,4
CGTGTCCCATTCGCGA-1_V13B23-285_D1,5
CGTGTCTCGTTACGAC-1_V13B23-285_D1,1
CGTGTGTTAAACCCTG-1_V13B23-285_D1,7
CGTTAAACTAGTTAGG-1_V13B23-285_D1,11
CGTTAATGTCCCGACG-1_V13B23-285_D1,11
CGTTAGCTCACAACTG-1_V13B23-285_D1,13
CGTTCATGGTGCGCGT-1_V13B23-285_D1,5
CGTTCTTCGCACACCT-1_V13B23-285_D1,14
CGTTGAATACCGCGCT-1_V13B23-285_D1,11
CGTTGAGCGACCGTCG-1_V13B23-285_D1,11
CGTTGAGTAATTGCGT-1_V13B23-285_D1,12
CGTTGTAAGATTGATT-1_V13B23-285_D1,2
CGTTGTCGGCAATTGA-1_V13B23-285_D1,1
CGTTGTTTCAATTCCC-1_V13B23-285_D1,10
CGTTTAAGCGGAGCAC-1_V13B23-285_D1,13
CGTTTACAAGGCAGCT-1_V13B23-285_D1,2
CGTTTCACTTCGGGCG-1_V13B23-285_D1,8
CGTTTCGCTCATTACA-1_V13B23-285_D1,5
CGTTTGGTGTTGTGGG-1_V13B23-285_D1,11
CGTTTGTGTAGAGGGT-1_V13B23-285_D1,1
CTAAAGAATGCCTACT-1_V13B23-285_D1,5
CTAAAGGGAAATAGGA-1_V13B23-285_D1,5
CTAAATCCGGTGTACA-1_V13B23-285_D1,1
CTAAATCCTATTCCGG-1_V13B23-285_D1,1
CTAACCGCGCGCCCGT-1_V13B23-285_D1,5
CTAACGAAACTTGCTG-1_V13B23-285_D1,2
CTAACTGATAATCGCC-1_V13B23-285_D1,11
CTAACTGGTCCGGTTC-1_V13B23-285_D1,1
CTAAGGGAATGATTGG-1_V13B23-285_D1,11
CTAATTCGCACGCGCT-1_V13B23-285_D1,5
CTAATTCTCAGATATT-1_V13B23-285_D1,3
CTAATTTCAACAACAC-1_V13B23-285_D1,5
CTACAAGAAATAACCC-1_V13B23-285_D1,12
CTACACTCGCAGATGG-1_V13B23-285_D1,11
CTACCCTAAGGTCATA-1_V13B23-285_D1,8
CTACGACTAGCTATAA-1_V13B23-285_D1,5
CTACGCACGGAGTACC-1_V13B23-285_D1,5
CTACGCCATTTCCGAT-1_V13B23-285_D1,6
CTACTATCATAGGTTT-1_V13B23-285_D1,1
CTACTATCTTTCAGAG-1_V13B23-285_D1,3
CTACTCAAGGTATAGT-1_V13B23-285_D1,10
CTACTCTAGGCCCGGC-1_V13B23-285_D1,5
CTACTGCCACCTGACC-1_V13B23-285_D1,10
CTAGACTGCATTTCGT-1_V13B23-285_D1,9
CTAGATGTGAGTGTAA-1_V13B23-285_D1,8
CTAGATTTACGACGGC-1_V13B23-285_D1,11
CTAGCATAGTATAATG-1_V13B23-285_D1,5
CTAGCCACAGGCGAGC-1_V13B23-285_D1,11
CTAGCCGATGTTATGA-1_V13B23-285_D1,14
CTAGCTTAATGGTCCC-1_V13B23-285_D1,11
CTAGGCGCCCTATCAG-1_V13B23-285_D1,11
CTAGGTCTGAAGGAAT-1_V13B23-285_D1,3
CTAGGTTCGGACGTGA-1_V13B23-285_D1,11
CTAGTAGAAAGGGATT-1_V13B23-285_D1,11
CTAGTATTCGGAATTA-1_V13B23-285_D1,13
CTAGTCACGTCTTAAG-1_V13B23-285_D1,11
CTAGTGAAGGACAGGA-1_V13B23-285_D1,5
CTAGTTACAACCCGGT-1_V13B23-285_D1,11
CTAGTTGGGCCCGGTA-1_V13B23-285_D1,10
CTATAAGAGCCAATCG-1_V13B23-285_D1,7
CTATCGACGAAATACA-1_V13B23-285_D1,11
CTATCGCGTAGAGAAC-1_V13B23-285_D1,11
CTATCGGGTCTCAACA-1_V13B23-285_D1,5
CTATGCCCGAATGCAA-1_V13B23-285_D1,15
CTATGGGAAGCGGAAT-1_V13B23-285_D1,11
CTATGTCACTAGCCCA-1_V13B23-285_D1,1
CTATGTCTATTGAAAC-1_V13B23-285_D1,9
CTATGTGAGTCACGGC-1_V13B23-285_D1,1
CTATTCATGTGTCCCA-1_V13B23-285_D1,5
CTATTGTGTTTGGTCA-1_V13B23-285_D1,10
CTATTTGGTTACGGAT-1_V13B23-285_D1,1
CTCAACTAACCCGGAT-1_V13B23-285_D1,11
CTCAAGACATTAGCGC-1_V13B23-285_D1,15
CTCACACGCAAGCCTA-1_V13B23-285_D1,2
CTCACATTTACTAAAT-1_V13B23-285_D1,5
CTCACTGTGATACTTA-1_V13B23-285_D1,11
CTCACTTGGCTGGTAA-1_V13B23-285_D1,14
CTCAGGACTCACCTGT-1_V13B23-285_D1,5
CTCAGTCACGACAAAT-1_V13B23-285_D1,1
CTCATCACTTAGTGAT-1_V13B23-285_D1,14
CTCATGGTAATTTGCG-1_V13B23-285_D1,10
CTCATTAACGTTGCCC-1_V13B23-285_D1,8
CTCATTGCTCTAACAA-1_V13B23-285_D1,11
CTCATTTGATGGGCGG-1_V13B23-285_D1,15
CTCCCAATGAGTCGCG-1_V13B23-285_D1,11
CTCCCTCCTTTCGATC-1_V13B23-285_D1,14
CTCCGCCCACATGAGG-1_V13B23-285_D1,1
CTCCGGCCTAATATGC-1_V13B23-285_D1,13
CTCCGGCTTGTAGACA-1_V13B23-285_D1,5
CTCCTAAGTTATGTCT-1_V13B23-285_D1,5
CTCCTCCAGCTCACAC-1_V13B23-285_D1,5
CTCCTGTTCAAGGCAG-1_V13B23-285_D1,11
CTCCTTTACGCAAGTC-1_V13B23-285_D1,14
CTCGAGGTCGAACAGT-1_V13B23-285_D1,10
CTCGATATTTGCGAGC-1_V13B23-285_D1,14
CTCGCACCTATATAGT-1_V13B23-285_D1,12
CTCGCATTGCATAGCC-1_V13B23-285_D1,1
CTCGCCGAATGTAGGG-1_V13B23-285_D1,5
CTCGGGATAACACCTA-1_V13B23-285_D1,14
CTCGGTACCACTGCTC-1_V13B23-285_D1,11
CTCGGTCCGTAGCCTG-1_V13B23-285_D1,15
CTCGGTTGTCGGCCCT-1_V13B23-285_D1,1
CTCGTCGAGGGCTCAT-1_V13B23-285_D1,1
CTCGTTTCTAATGTTT-1_V13B23-285_D1,14
CTCTAATGCATTGATC-1_V13B23-285_D1,14
CTCTACACTGGCGATT-1_V13B23-285_D1,8
CTCTAGCCCTCGGAAA-1_V13B23-285_D1,11
CTCTATTTGGCTGCAG-1_V13B23-285_D1,11
CTCTCACAATCGATGA-1_V13B23-285_D1,3
CTCTCTAACTGCCTAG-1_V13B23-285_D1,1
CTCTGCGAAGCAAGCA-1_V13B23-285_D1,9
CTCTGGACGCCTGGTG-1_V13B23-285_D1,8
CTCTGTTTGAGGATTC-1_V13B23-285_D1,13
CTCTTCTATTGACTGG-1_V13B23-285_D1,4
CTCTTGTCCCGCTTGG-1_V13B23-285_D1,7
CTGAAAGAGATCCGAC-1_V13B23-285_D1,13
CTGAATCCGAGACCTC-1_V13B23-285_D1,5
CTGAATTTATTGCCAG-1_V13B23-285_D1,14
CTGACATAGAAATAGA-1_V13B23-285_D1,11
CTGACTGCGCAGCTCG-1_V13B23-285_D1,14
CTGAGAAAGTTCGGCG-1_V13B23-285_D1,11
CTGAGAGTAGAAATAC-1_V13B23-285_D1,11
CTGAGCAAGTAACAAG-1_V13B23-285_D1,5
CTGAGCGAGACTTATT-1_V13B23-285_D1,8
CTGATAGTGTATCTCA-1_V13B23-285_D1,8
CTGCAAGCACGTTCCG-1_V13B23-285_D1,11
CTGCACAACTACATAT-1_V13B23-285_D1,11
CTGCACCTAGTCCACA-1_V13B23-285_D1,14
CTGCACCTGGAACCGC-1_V13B23-285_D1,10
CTGCACTCCAGTACAG-1_V13B23-285_D1,11
CTGCAGAGAATCAGAG-1_V13B23-285_D1,11
CTGCCAAGGTTGGAAG-1_V13B23-285_D1,13
CTGCCATGCATCACAT-1_V13B23-285_D1,5
CTGCCTAGCCACCAAG-1_V13B23-285_D1,9
CTGCCTCATATGCAAC-1_V13B23-285_D1,14
CTGCCTTTCTAGTAAA-1_V13B23-285_D1,11
CTGCGGGTGAAATGTT-1_V13B23-285_D1,5
CTGCGGTAGTCACGTG-1_V13B23-285_D1,12
CTGCGTTACGATATAA-1_V13B23-285_D1,13
CTGCTGAGGCCACGAA-1_V13B23-285_D1,1
CTGCTGTCTAACGAGC-1_V13B23-285_D1,11
CTGCTTGGCGATAGCT-1_V13B23-285_D1,11
CTGCTTTATGTCCGCG-1_V13B23-285_D1,14
CTGGAAATGGATGCTT-1_V13B23-285_D1,5
CTGGAAGACACGGTGG-1_V13B23-285_D1,11
CTGGACGCAGTCCGGC-1_V13B23-285_D1,14
CTGGATTTACACTTGA-1_V13B23-285_D1,5
CTGGCATCCGAATGAG-1_V13B23-285_D1,1
CTGGCGACATAAGTCC-1_V13B23-285_D1,13
CTGGCGCACAGGTCTG-1_V13B23-285_D1,10
CTGGCGGGAATAAGTA-1_V13B23-285_D1,5
CTGGCTGATTCATCCT-1_V13B23-285_D1,11
CTGGCTGGTTGTCAGT-1_V13B23-285_D1,14
CTGGGATAAATAATGG-1_V13B23-285_D1,11
CTGGGATACGCTACCC-1_V13B23-285_D1,8
CTGGGCCTGCTATATC-1_V13B23-285_D1,1
CTGGGTAGGCAGTTAA-1_V13B23-285_D1,11
CTGGTAAAGTGTGGGC-1_V13B23-285_D1,11
CTGGTAACACATAGAA-1_V13B23-285_D1,11
CTGGTAACGAGCTCTT-1_V13B23-285_D1,3
CTGGTCATTCCAATCC-1_V13B23-285_D1,1
CTGGTTCGCGAGCTAC-1_V13B23-285_D1,11
CTGGTTTCGAGCAAGA-1_V13B23-285_D1,11
CTGTACTTCTTAGCAT-1_V13B23-285_D1,10
CTGTAGCCATCTCACT-1_V13B23-285_D1,8
CTGTATGGTGTAGAAA-1_V13B23-285_D1,5
CTGTCAAATGGCTCGG-1_V13B23-285_D1,13
CTGTCACGCCAGGCGC-1_V13B23-285_D1,9
CTGTGCAGGGTAGGTC-1_V13B23-285_D1,11
CTGTGGTCGGGAGATA-1_V13B23-285_D1,11
CTGTTACCCAATCTAG-1_V13B23-285_D1,5
CTGTTCACTGCCTGTG-1_V13B23-285_D1,10
CTGTTCATCTCACGGG-1_V13B23-285_D1,5
CTTAACTTCGAAGTAC-1_V13B23-285_D1,9
CTTACACGGTATTCCA-1_V13B23-285_D1,5
CTTACACTGGGAAATA-1_V13B23-285_D1,15
CTTACTGACTCCTCTG-1_V13B23-285_D1,11
CTTAGCCTTCCACATG-1_V13B23-285_D1,13
CTTAGGTCCCAATCGT-1_V13B23-285_D1,14
CTTAGTAGGCCTACAG-1_V13B23-285_D1,14
CTTAGTGTAGTAGCAT-1_V13B23-285_D1,11
CTTATAGATGGCTGTT-1_V13B23-285_D1,11
CTTATGTTGACTACCA-1_V13B23-285_D1,5
CTTCAACTCCACTTGG-1_V13B23-285_D1,11
CTTCAGTGGTCGCCTA-1_V13B23-285_D1,3
CTTCATAGCTCAAGAA-1_V13B23-285_D1,5
CTTCATTGTCAGTGGA-1_V13B23-285_D1,5
CTTCCGCTCCGTGAAG-1_V13B23-285_D1,8
CTTCGGCCAATTGTTT-1_V13B23-285_D1,11
CTTCGTAGATAGGTGA-1_V13B23-285_D1,1
CTTCTATGTTGAAGTA-1_V13B23-285_D1,1
CTTCTATTAATGCTAG-1_V13B23-285_D1,5
CTTCTTACGTCGTATA-1_V13B23-285_D1,13
CTTGACCCGAAAGATA-1_V13B23-285_D1,9
CTTGAGGTTATCCCGA-1_V13B23-285_D1,5
CTTGAGTTAGGGTAAT-1_V13B23-285_D1,11
CTTGCAACCGCCTCCT-1_V13B23-285_D1,3
CTTGCCCAGGCTCTAC-1_V13B23-285_D1,5
CTTGGCCAAGCTGGGA-1_V13B23-285_D1,3
CTTGTACTTGTTGACT-1_V13B23-285_D1,5
CTTGTCAACATTCGAG-1_V13B23-285_D1,11
CTTGTGAGTCTTTGAC-1_V13B23-285_D1,9
CTTGTGCTCACCGATT-1_V13B23-285_D1,11
CTTGTTGCTGAGTCAA-1_V13B23-285_D1,11
CTTGTTTATGTAGCCA-1_V13B23-285_D1,5
CTTTAACTTTCAAAGG-1_V13B23-285_D1,15
CTTTAATATTGGTCGA-1_V13B23-285_D1,11
CTTTACCGAATAGTAG-1_V13B23-285_D1,11
CTTTAGGAACACTGTT-1_V13B23-285_D1,11
CTTTAGTGCTATTATT-1_V13B23-285_D1,5
CTTTCTGTGCGGGCTT-1_V13B23-285_D1,11
CTTTGCATCGCTCTTG-1_V13B23-285_D1,11
CTTTGCTGTCATGGAT-1_V13B23-285_D1,11
CTTTGGCGCTTTATAC-1_V13B23-285_D1,5
CTTTGGCTTTAGTAAA-1_V13B23-285_D1,10
CTTTGGGATTGTTGCA-1_V13B23-285_D1,1
GAAACAGATGACCACC-1_V13B23-285_D1,11
GAAACAGCCATGCAGT-1_V13B23-285_D1,6
GAAACATAGGAAACAG-1_V13B23-285_D1,12
GAAACCATGGTGCGCT-1_V13B23-285_D1,14
GAAACCGAATTACCTT-1_V13B23-285_D1,5
GAAACCTATACAAATG-1_V13B23-285_D1,5
GAAACTCGTGCGATGC-1_V13B23-285_D1,5
GAAACTCTAATGAAGG-1_V13B23-285_D1,6
GAAAGAACAGCGTTAT-1_V13B23-285_D1,5
GAAAGCAGTGCACTTT-1_V13B23-285_D1,5
GAAAGCCCTTTGGACC-1_V13B23-285_D1,14
GAAAGTGACTAACTGC-1_V13B23-285_D1,5
GAAATACCTGCTGGCT-1_V13B23-285_D1,9
GAAATACTAAACGTTT-1_V13B23-285_D1,5
GAAATATCACCATCAG-1_V13B23-285_D1,1
GAAATATGCTTGAATG-1_V13B23-285_D1,14
GAAATCGCGCGCAACT-1_V13B23-285_D1,13
GAAATGGCGGTGTTAG-1_V13B23-285_D1,5
GAAATGGGATGTAAAC-1_V13B23-285_D1,5
GAAATTAGCACGGATA-1_V13B23-285_D1,14
GAAATTCACATCGCTG-1_V13B23-285_D1,13
GAAATTGTCTCTATAA-1_V13B23-285_D1,5
GAACACACATCAACCA-1_V13B23-285_D1,15
GAACAGATTACTAAAT-1_V13B23-285_D1,11
GAACCCTCTGTGTTCT-1_V13B23-285_D1,11
GAACCTTTAACGATCC-1_V13B23-285_D1,11
GAACGACCGAATGATA-1_V13B23-285_D1,13
GAACGATAAGTTAAAG-1_V13B23-285_D1,14
GAACGCGGGTCACACG-1_V13B23-285_D1,11
GAACGTCTCATGGTCG-1_V13B23-285_D1,14
GAACTTGTGCACGGGA-1_V13B23-285_D1,2
GAAGAAACGATATTGT-1_V13B23-285_D1,1
GAAGAACGGTGCAGGT-1_V13B23-285_D1,5
GAAGCCTGCACATTCC-1_V13B23-285_D1,4
GAAGCGTGAGGAATTT-1_V13B23-285_D1,5
GAAGCTCGGACCCGTC-1_V13B23-285_D1,1
GAAGCTTGCTGACCGC-1_V13B23-285_D1,5
GAAGGCTACCATTGTT-1_V13B23-285_D1,14
GAAGTCAGTTGCACTA-1_V13B23-285_D1,1
GAAGTCTCCCTAGCGA-1_V13B23-285_D1,3
GAAGTGATTTATCGTG-1_V13B23-285_D1,1
GAAGTGCTGGATAGCT-1_V13B23-285_D1,13
GAAGTTTCCACTCAAT-1_V13B23-285_D1,5
GAATAGACGCGACCCA-1_V13B23-285_D1,11
GAATAGCATTTAGGGT-1_V13B23-285_D1,11
GAATAGCCCTGCGGTC-1_V13B23-285_D1,14
GAATAGTGCTCGATTA-1_V13B23-285_D1,1
GAATATTCGGAGTCCC-1_V13B23-285_D1,6
GAATCGACATGGTCAC-1_V13B23-285_D1,5
GAATCGCCGGACACGG-1_V13B23-285_D1,9
GAATCTGAACATTCTC-1_V13B23-285_D1,5
GAATGAAGGTCTTCAG-1_V13B23-285_D1,2
GAATGCCGAAATGACC-1_V13B23-285_D1,3
GAATGCGAATCGGTTC-1_V13B23-285_D1,11
GAATGTATGGCAGGTC-1_V13B23-285_D1,13
GAATGTGGTCCGGATT-1_V13B23-285_D1,11
GAATGTTGGGTAATCT-1_V13B23-285_D1,13
GAATTATAGTGAAAGG-1_V13B23-285_D1,5
GAATTCACCCGGGTGT-1_V13B23-285_D1,5
GAATTTCTCGCTGCAG-1_V13B23-285_D1,5
GACAAACATATGCAGG-1_V13B23-285_D1,11
GACAACGACCATTGAA-1_V13B23-285_D1,12
GACAACGCAGCTTACG-1_V13B23-285_D1,15
GACAAGAGATGAGATT-1_V13B23-285_D1,11
GACACAAGGGAAGAAA-1_V13B23-285_D1,14
GACACGAGTTAGAGGA-1_V13B23-285_D1,5
GACACTGAGTTCAGTG-1_V13B23-285_D1,1
GACACTGGAACCCGAT-1_V13B23-285_D1,11
GACAGCCAGACCTGAC-1_V13B23-285_D1,11
GACAGGCACACACTAT-1_V13B23-285_D1,5
GACATCGATTTATAAC-1_V13B23-285_D1,5
GACCAAACGTTGACTG-1_V13B23-285_D1,11
GACCAGAGCCCTGTAG-1_V13B23-285_D1,5
GACCCAATTATGATAC-1_V13B23-285_D1,3
GACCCGTCGCCGGCTA-1_V13B23-285_D1,9
GACCGACGTGAAAGCA-1_V13B23-285_D1,12
GACCGACTGAAGCGTC-1_V13B23-285_D1,14
GACCGCGTCTGACGTG-1_V13B23-285_D1,11
GACCGTCAGGTCGTGA-1_V13B23-285_D1,13
GACCGTGCTGACGGTG-1_V13B23-285_D1,8
GACGACGATCCGCGTT-1_V13B23-285_D1,11
GACGAGGCTAATAAAC-1_V13B23-285_D1,11
GACGCCGTAAAGGCTA-1_V13B23-285_D1,12
GACGCCTGTTGCAGGG-1_V13B23-285_D1,5
GACGCTTGCTTCTAAA-1_V13B23-285_D1,8
GACGGGTTGGCCCGTA-1_V13B23-285_D1,5
GACGGTCAATAGAAGC-1_V13B23-285_D1,14
GACGGTCCTAGGGTGT-1_V13B23-285_D1,11
GACGTGTAGGGATTAT-1_V13B23-285_D1,5
GACGTTCGTAAATACA-1_V13B23-285_D1,14
GACTAACACAGCACCT-1_V13B23-285_D1,9
GACTAAGATCATGCAC-1_V13B23-285_D1,12
GACTAAGTAGGCTCAC-1_V13B23-285_D1,10
GACTACAAAGCGGTGG-1_V13B23-285_D1,5
GACTACAATTGCTCGT-1_V13B23-285_D1,9
GACTCACCCACGTGAG-1_V13B23-285_D1,11
GACTCCCAGAATAAGG-1_V13B23-285_D1,14
GACTCGCGGGAATGAC-1_V13B23-285_D1,8
GACTGCAAATCGAGCT-1_V13B23-285_D1,11
GACTGCACCAGCCCAG-1_V13B23-285_D1,11
GACTGCGGCACGTGTA-1_V13B23-285_D1,1
GAGAAACTGGATCCCA-1_V13B23-285_D1,11
GAGAACGGTTCTGACT-1_V13B23-285_D1,11
GAGACTGATGGGTAGA-1_V13B23-285_D1,5
GAGACTTCGCGACCGA-1_V13B23-285_D1,5
GAGAGGCCTATGTGTA-1_V13B23-285_D1,11
GAGAGGGCGCGAGGTT-1_V13B23-285_D1,8
GAGAGGTGCATTCTGG-1_V13B23-285_D1,1
GAGATCTGCTTGGCAT-1_V13B23-285_D1,5
GAGATCTGTCACTCCG-1_V13B23-285_D1,14
GAGATCTTCCATGACA-1_V13B23-285_D1,11
GAGATGACAATCCTTA-1_V13B23-285_D1,14
GAGATGGGAGTCGACA-1_V13B23-285_D1,11
GAGCACCTGTGTCCAG-1_V13B23-285_D1,11
GAGCACGGCGCCTCTT-1_V13B23-285_D1,11
GAGCATCATCCCTGGG-1_V13B23-285_D1,5
GAGCCAGCTACCTGTG-1_V13B23-285_D1,11
GAGCCGAGCGTTTATT-1_V13B23-285_D1,12
GAGCGAGGGAGTACCG-1_V13B23-285_D1,13
GAGCGCAAATACTCCG-1_V13B23-285_D1,11
GAGCGCGCACGAGTAG-1_V13B23-285_D1,11
GAGCTAAGGGCATATC-1_V13B23-285_D1,1
GAGCTCTCGGACCTAA-1_V13B23-285_D1,5
GAGCTGTCGTCTCGGA-1_V13B23-285_D1,14
GAGGAATGGAGAGGTT-1_V13B23-285_D1,5
GAGGATAAACAGTGCT-1_V13B23-285_D1,11
GAGGCATTTGCAGCAG-1_V13B23-285_D1,2
GAGGCCCGACTCCGCA-1_V13B23-285_D1,1
GAGGCCTGTTGATACA-1_V13B23-285_D1,11
GAGGCTATCAAAGTCG-1_V13B23-285_D1,14
GAGGGCATCGCGTATC-1_V13B23-285_D1,5
GAGGGCCATAATATTA-1_V13B23-285_D1,2
GAGGGCGCAGCTCTGC-1_V13B23-285_D1,14
GAGGTACATCCATCTT-1_V13B23-285_D1,6
GAGGTCCCAAAGATCT-1_V13B23-285_D1,5
GAGTAAACCGGAAAGT-1_V13B23-285_D1,11
GAGTAAATTAAGAACC-1_V13B23-285_D1,11
GAGTAAGGCCACGGGA-1_V13B23-285_D1,7
GAGTACGGGTATACAA-1_V13B23-285_D1,12
GAGTAGATACTAGTTG-1_V13B23-285_D1,1
GAGTATCAAAGTTACA-1_V13B23-285_D1,11
GAGTATGCCCGCCTTG-1_V13B23-285_D1,5
GAGTATGCGCGTGCAT-1_V13B23-285_D1,11
GAGTCAGACCAGAATC-1_V13B23-285_D1,8
GAGTCCGCTTACCGGA-1_V13B23-285_D1,5
GAGTGCACGGACAACA-1_V13B23-285_D1,3
GAGTGTCAACCAGAAA-1_V13B23-285_D1,11
GAGTGTGCGGTACCCA-1_V13B23-285_D1,11
GAGTTGATGGCAATTT-1_V13B23-285_D1,8
GATAAATCGGTGGATG-1_V13B23-285_D1,5
GATAACTCGCACTGTG-1_V13B23-285_D1,11
GATAAGGCAGATGCAA-1_V13B23-285_D1,12
GATACCGTGTCGGAGT-1_V13B23-285_D1,11
GATACGATGGGAGTCA-1_V13B23-285_D1,3
GATAGGATTAATTACA-1_V13B23-285_D1,11
GATAGGTAACGTTGAC-1_V13B23-285_D1,5
GATAGGTGTCCCGGGC-1_V13B23-285_D1,11
GATATCTCATGCAATA-1_V13B23-285_D1,13
GATATGAGACACTAAC-1_V13B23-285_D1,11
GATATGCGGTAGCCAA-1_V13B23-285_D1,8
GATATGGATTACGCGG-1_V13B23-285_D1,10
GATATTGAGATTGGCG-1_V13B23-285_D1,3
GATATTTCCTACATGG-1_V13B23-285_D1,13
GATCATTCCAAACATT-1_V13B23-285_D1,5
GATCCCTTTATACTGC-1_V13B23-285_D1,10
GATCCGAATATAAGTG-1_V13B23-285_D1,14
GATCCGGGAATTAACA-1_V13B23-285_D1,11
GATCCTAAATCGGGAC-1_V13B23-285_D1,3
GATCCTCGACACTGGC-1_V13B23-285_D1,1
GATCCTCTTGCGCTTA-1_V13B23-285_D1,9
GATCGACACTATCTGA-1_V13B23-285_D1,5
GATCGCGGGCTCTCCA-1_V13B23-285_D1,5
GATCGCTACCCGATTT-1_V13B23-285_D1,11
GATCGGTGGCCATAAC-1_V13B23-285_D1,12
GATCGTGACTGATATC-1_V13B23-285_D1,11
GATCTCGACGCTGTGG-1_V13B23-285_D1,11
GATCTGCTATCTAAGG-1_V13B23-285_D1,5
GATCTTGGAGGGCATA-1_V13B23-285_D1,11
GATCTTTGCAGGGTAT-1_V13B23-285_D1,10
GATGACAAGTAGGGCA-1_V13B23-285_D1,4
GATGACGATGATCGCG-1_V13B23-285_D1,2
GATGCCAGCAGAAGGC-1_V13B23-285_D1,7
GATGCCTTCTGCGGCA-1_V13B23-285_D1,8
GATGCGTCCTGCATTC-1_V13B23-285_D1,5
GATGCTACAAGCGCCT-1_V13B23-285_D1,5
GATGCTGTATTTCATC-1_V13B23-285_D1,11
GATGGCGCACACATTA-1_V13B23-285_D1,5
GATGGTGCCCTAGGCA-1_V13B23-285_D1,9
GATGTAACGAACCACC-1_V13B23-285_D1,14
GATGTCGGTCAACTGC-1_V13B23-285_D1,9
GATGTTCAATCCACGA-1_V13B23-285_D1,10
GATGTTTGTGCGAGAT-1_V13B23-285_D1,5
GATTAACCGAAAGCCC-1_V13B23-285_D1,11
GATTACTGAATTTGGG-1_V13B23-285_D1,8
GATTCCCTTGTCGCAG-1_V13B23-285_D1,10
GATTCCGCGTTTCCGT-1_V13B23-285_D1,13
GATTCCTATACGGCGC-1_V13B23-285_D1,5
GATTCGACGGTTCACG-1_V13B23-285_D1,11
GCAAACCCTACATTAT-1_V13B23-285_D1,11
GCAAACCTTGGCCATA-1_V13B23-285_D1,5
GCAAACGTCGCCAGGT-1_V13B23-285_D1,11
GCAAATATTACGCTTT-1_V13B23-285_D1,10
GCAACACACTAGAACT-1_V13B23-285_D1,1
GCAACAGCAGTATGCG-1_V13B23-285_D1,11
GCAACCACCAGACCGG-1_V13B23-285_D1,13
GCAACCACGGCCGCGT-1_V13B23-285_D1,1
GCAACGGCTAGTTATG-1_V13B23-285_D1,11
GCAAGAATTCCTTGGC-1_V13B23-285_D1,3
GCAAGATGTGTTCGCG-1_V13B23-285_D1,9
GCAAGTGCACAGAGAA-1_V13B23-285_D1,5
GCAATTAGTCGCACCG-1_V13B23-285_D1,14
GCACAAACGAGGCGTG-1_V13B23-285_D1,11
GCACAAGTGTCGGAAG-1_V13B23-285_D1,9
GCACACACTGGTAGCC-1_V13B23-285_D1,11
GCACCTTCCCGAAGGT-1_V13B23-285_D1,11
GCACGCCTACTTAGAT-1_V13B23-285_D1,1
GCACGTGGTTTACTTA-1_V13B23-285_D1,11
GCACTAGTCGCGCTAT-1_V13B23-285_D1,13
GCACTGTGCAAATGTA-1_V13B23-285_D1,9
GCAGAAGGTAATCTCC-1_V13B23-285_D1,11
GCAGACCCAGCACGTA-1_V13B23-285_D1,11
GCAGATCCATAAGACT-1_V13B23-285_D1,11
GCAGATTAGGGATATC-1_V13B23-285_D1,5
GCAGCACACAGCCCAG-1_V13B23-285_D1,1
GCAGCCTATATCACAT-1_V13B23-285_D1,7
GCAGCTATGGACAGGT-1_V13B23-285_D1,2
GCAGGAACTTAGATCT-1_V13B23-285_D1,8
GCAGGACTATAGAATA-1_V13B23-285_D1,5
GCAGGTAGAGTATGGT-1_V13B23-285_D1,14
GCAGTGCGGGCGGATG-1_V13B23-285_D1,11
GCAGTGTGGCTATAGG-1_V13B23-285_D1,11
GCAGTTCGATCCGAGC-1_V13B23-285_D1,11
GCATACGAGGTCTTTA-1_V13B23-285_D1,14
GCATAGAGCACTCAGG-1_V13B23-285_D1,5
GCATCCCTAACTTTGA-1_V13B23-285_D1,5
GCATCGGCCGTGTAGG-1_V13B23-285_D1,11
GCATGAGGGACGCGGC-1_V13B23-285_D1,8
GCATTCAAGGCAACGC-1_V13B23-285_D1,14
GCATTCGAAATGAACA-1_V13B23-285_D1,10
GCATTGTAATTCATAT-1_V13B23-285_D1,14
GCATTTCCAAGGCTCC-1_V13B23-285_D1,8
GCCAACCATTTCCGGA-1_V13B23-285_D1,2
GCCAATAGGGCATCTC-1_V13B23-285_D1,2
GCCACAATTTAAGGAC-1_V13B23-285_D1,1
GCCACTCAGAGCGCGA-1_V13B23-285_D1,11
GCCACTCCTTACGGTA-1_V13B23-285_D1,11
GCCAGGAGTAACCGAT-1_V13B23-285_D1,10
GCCAGGCGTTCGCATG-1_V13B23-285_D1,9
GCCATATTGCACACAG-1_V13B23-285_D1,10
GCCATCGAGCTGCGTG-1_V13B23-285_D1,5
GCCATCGATGCTGCAT-1_V13B23-285_D1,14
GCCCACCAAGGCTGTC-1_V13B23-285_D1,5
GCCCAGATGCTGGAGA-1_V13B23-285_D1,8
GCCCAGTTGGTATGCC-1_V13B23-285_D1,5
GCCCGACTTCTTCCCG-1_V13B23-285_D1,1
GCCCGATCTGTGGTCG-1_V13B23-285_D1,5
GCCCGCGCGTAAACGG-1_V13B23-285_D1,5
GCCCGCGCGTTTGACA-1_V13B23-285_D1,5
GCCCGTAATACCTTCT-1_V13B23-285_D1,1
GCCCTAGCCGTCGCGA-1_V13B23-285_D1,3
GCCGAAATTCCTACGT-1_V13B23-285_D1,5
GCCGATTGGCCAAGCT-1_V13B23-285_D1,5
GCCGCACTCCGTTTCA-1_V13B23-285_D1,11
GCCGCATTAGTCCGGC-1_V13B23-285_D1,14
GCCGCTTGTGAGAAAC-1_V13B23-285_D1,3
GCCGGGTTAGGGTCGC-1_V13B23-285_D1,5
GCCGTGGAAGAAATGT-1_V13B23-285_D1,11
GCCTAGCGATCTGACC-1_V13B23-285_D1,5
GCCTATAGTGTCAGGG-1_V13B23-285_D1,8
GCCTATCAGGTAAGAT-1_V13B23-285_D1,11
GCCTATGCTGGGCCTT-1_V13B23-285_D1,2
GCCTATTCCGATATAG-1_V13B23-285_D1,5
GCCTCATCTGGAAATA-1_V13B23-285_D1,11
GCCTCCGACAATTCAC-1_V13B23-285_D1,11
GCCTCTATACATAGCA-1_V13B23-285_D1,11
GCCTTCAGCCCTACCG-1_V13B23-285_D1,5
GCCTTGTATATGCAGT-1_V13B23-285_D1,1
GCGAAACGATCGGGAG-1_V13B23-285_D1,11
GCGAAACTTAACTGGA-1_V13B23-285_D1,11
GCGAAGCCATACCCGT-1_V13B23-285_D1,5
GCGACATGTAAACATC-1_V13B23-285_D1,15
GCGACCCAACCATCTG-1_V13B23-285_D1,1
GCGACGATAGTTGTAC-1_V13B23-285_D1,5
GCGAGAGGCCATGTAA-1_V13B23-285_D1,2
GCGAGAGTTGCGTCCA-1_V13B23-285_D1,8
GCGAGCGCATGCTCCC-1_V13B23-285_D1,14
GCGAGGCCCGAGCAGA-1_V13B23-285_D1,5
GCGAGTTCTGCAAAGA-1_V13B23-285_D1,5
GCGATTCTGGAAGCAG-1_V13B23-285_D1,6
GCGATTGTTAACGTTA-1_V13B23-285_D1,11
GCGCAAATATATTCAA-1_V13B23-285_D1,1
GCGCAAGAGCGCGCTG-1_V13B23-285_D1,11
GCGCATCCAGTCAGCA-1_V13B23-285_D1,3
GCGCCGTTCCACGATA-1_V13B23-285_D1,5
GCGCCTCCCACTCCGA-1_V13B23-285_D1,11
GCGCGTCATTGGTACA-1_V13B23-285_D1,11
GCGCTAATTGAATAGA-1_V13B23-285_D1,4
GCGCTATGCCGAGGCA-1_V13B23-285_D1,8
GCGCTCGATCACCTGT-1_V13B23-285_D1,11
GCGCTGATCCAGACTC-1_V13B23-285_D1,13
GCGCTGCTTTGCATTT-1_V13B23-285_D1,1
GCGCTTAAATAATTGG-1_V13B23-285_D1,11
GCGGACCGCGTTGTGG-1_V13B23-285_D1,3
GCGGAGAAACTTCGCA-1_V13B23-285_D1,12
GCGGAGAGGGAGAACG-1_V13B23-285_D1,11
GCGGCAAAGTATTGCC-1_V13B23-285_D1,1
GCGGCTCTGACGTACC-1_V13B23-285_D1,7
GCGGGAACCAGGCCCT-1_V13B23-285_D1,5
GCGGGCATTACGATGC-1_V13B23-285_D1,14
GCGGGCGAGCCTTACC-1_V13B23-285_D1,5
GCGGTCCCGGTGAAGG-1_V13B23-285_D1,2
GCGGTCCCTAGACGCA-1_V13B23-285_D1,9
GCGGTGAACTGCGCTC-1_V13B23-285_D1,15
GCGGTTCCCTATCATG-1_V13B23-285_D1,1
GCGTAAATGGCCATAA-1_V13B23-285_D1,14
GCGTCGAAATGTCGGT-1_V13B23-285_D1,13
GCGTCGCCAGGGTGAT-1_V13B23-285_D1,5
GCGTCTAACCTCCTAA-1_V13B23-285_D1,7
GCGTCTCTGCATTGGG-1_V13B23-285_D1,12
GCGTGGTACTGGGTTA-1_V13B23-285_D1,14
GCGTTCGGAGACCGGG-1_V13B23-285_D1,14
GCGTTCTGACTAAGCG-1_V13B23-285_D1,11
GCTAAACCTGAGGTGA-1_V13B23-285_D1,5
GCTAACTGAAGTCTGA-1_V13B23-285_D1,11
GCTAAGTAGTTTCTCT-1_V13B23-285_D1,1
GCTAATACCGAATGCC-1_V13B23-285_D1,5
GCTACAATCGAGGATA-1_V13B23-285_D1,11
GCTACAGTACGGACCG-1_V13B23-285_D1,14
GCTACGACTTATTGGG-1_V13B23-285_D1,11
GCTACTATAGTAGAGT-1_V13B23-285_D1,11
GCTAGACCGTCTACTG-1_V13B23-285_D1,11
GCTAGAGTAGAGATGT-1_V13B23-285_D1,11
GCTAGCACCTGGGCCA-1_V13B23-285_D1,11
GCTAGCAGGGAGTGGG-1_V13B23-285_D1,14
GCTAGCTTGAATAGCT-1_V13B23-285_D1,5
GCTAGGCACCACGGAG-1_V13B23-285_D1,11
GCTAGTAGAGCTTGTA-1_V13B23-285_D1,5
GCTAGTTTCATTGAGG-1_V13B23-285_D1,5
GCTATACGTCTCGGAC-1_V13B23-285_D1,11
GCTATCATACTCATGG-1_V13B23-285_D1,11
GCTATCGCGGCGCAAC-1_V13B23-285_D1,5
GCTCAATCCGTTTATT-1_V13B23-285_D1,1
GCTCAATGTAATACCG-1_V13B23-285_D1,10
GCTCATTACTGCATGT-1_V13B23-285_D1,13
GCTCCATGAGTGCAGA-1_V13B23-285_D1,11
GCTCCCAGTCGGTCCA-1_V13B23-285_D1,11
GCTCCGCTCGCTTCAG-1_V13B23-285_D1,11
GCTCCTGACATACTGG-1_V13B23-285_D1,1
GCTCGCTCATGTCCAA-1_V13B23-285_D1,11
GCTCGGAATTTAAAGC-1_V13B23-285_D1,13
GCTCTAAACCCTGACG-1_V13B23-285_D1,5
GCTCTATGTTACGTGC-1_V13B23-285_D1,5
GCTCTCGGGTACCGAA-1_V13B23-285_D1,5
GCTGAACTCTCCAGGG-1_V13B23-285_D1,11
GCTGAATCTTCCAATC-1_V13B23-285_D1,1
GCTGAGGCGTGAGTAT-1_V13B23-285_D1,5
GCTGCACGGTTTCTTA-1_V13B23-285_D1,11
GCTGCTAAGTAGTCGA-1_V13B23-285_D1,5
GCTGCTACTGCGTAGC-1_V13B23-285_D1,11
GCTGCTCTCCGGACAC-1_V13B23-285_D1,1
GCTGGACCCAAAGTGG-1_V13B23-285_D1,12
GCTGGCATATTCACCT-1_V13B23-285_D1,5
GCTGGCGGCGCATGCT-1_V13B23-285_D1,5
GCTGGTTTAGGCCATA-1_V13B23-285_D1,1
GCTGTATTACTGGCCC-1_V13B23-285_D1,1
GCTGTTGCTACCGAAC-1_V13B23-285_D1,11
GCTTAATGTAACTAAC-1_V13B23-285_D1,11
GCTTACGTAGTTAGTA-1_V13B23-285_D1,7
GCTTATGAAGCAGGAA-1_V13B23-285_D1,7
GCTTCCGTCCCTAGAC-1_V13B23-285_D1,14
GCTTGATGATAATCAG-1_V13B23-285_D1,5
GCTTGCAGCACAATTG-1_V13B23-285_D1,2
GCTTGGATCGATTAGG-1_V13B23-285_D1,14
GCTTTCAGAGGAGGTG-1_V13B23-285_D1,7
GGAAACCTTGTTGAAT-1_V13B23-285_D1,14
GGAAACTAAATGGGCC-1_V13B23-285_D1,11
GGAAAGTGCCCATGCC-1_V13B23-285_D1,4
GGAACCGTGTAAATTG-1_V13B23-285_D1,5
GGAACCTTGACTCTGC-1_V13B23-285_D1,1
GGAACGGCCTGCAGCC-1_V13B23-285_D1,8
GGAACTTTGGCGATTA-1_V13B23-285_D1,11
GGAAGCTCGCTTACAG-1_V13B23-285_D1,9
GGAATGCGCTAGCGTG-1_V13B23-285_D1,14
GGACACAAGTTTACAC-1_V13B23-285_D1,11
GGACCAACAGGATAAC-1_V13B23-285_D1,11
GGACCTACGGTAACGT-1_V13B23-285_D1,14
GGACCTCTAGGCCGCC-1_V13B23-285_D1,1
GGACGGGCGACCAACC-1_V13B23-285_D1,11
GGACGTCCATAGTTGG-1_V13B23-285_D1,2
GGACTCACAAATTAGG-1_V13B23-285_D1,11
GGACTCGAAGCTTTCA-1_V13B23-285_D1,11
GGACTCTTCCGGTTGA-1_V13B23-285_D1,11
GGAGAAGTCATTGGCA-1_V13B23-285_D1,5
GGAGACCAATGTGCTT-1_V13B23-285_D1,14
GGAGACGACACCTTTG-1_V13B23-285_D1,5
GGAGCAACATTTCAAG-1_V13B23-285_D1,11
GGAGCACCAAGAACTA-1_V13B23-285_D1,14
GGAGGCCGAAGTCGTC-1_V13B23-285_D1,11
GGAGGGCTTGGTTGGC-1_V13B23-285_D1,14
GGAGGGTCAAGTAAGA-1_V13B23-285_D1,11
GGAGTGCCGCCCTGGA-1_V13B23-285_D1,15
GGATCATCCCGTACGC-1_V13B23-285_D1,14
GGATCCGGAATATACT-1_V13B23-285_D1,14
GGATCTTGACTCAACC-1_V13B23-285_D1,8
GGATGAAGATCGCTGA-1_V13B23-285_D1,11
GGATGACGCGAGTTTA-1_V13B23-285_D1,5
GGATGCTGGCGTTCCT-1_V13B23-285_D1,7
GGATGTCCTTACCGCA-1_V13B23-285_D1,7
GGATTCAGTACGGTGG-1_V13B23-285_D1,5
GGATTCCGCTATACCC-1_V13B23-285_D1,13
GGATTGCTGTGACTCC-1_V13B23-285_D1,11
GGATTTCACTTCTATA-1_V13B23-285_D1,14
GGCAAAGGCGCCAATA-1_V13B23-285_D1,1
GGCAAATTACTTTACT-1_V13B23-285_D1,5
GGCAAGCCAGGGATAG-1_V13B23-285_D1,2
GGCAAGGCGAAATAGC-1_V13B23-285_D1,11
GGCAATAGTCAATGAG-1_V13B23-285_D1,1
GGCACTCAGCCGACCC-1_V13B23-285_D1,11
GGCACTCCACTGGGCA-1_V13B23-285_D1,5
GGCAGCAAACCTATGC-1_V13B23-285_D1,11
GGCAGCGGTAATCCTA-1_V13B23-285_D1,14
GGCATACAGGTAGCGG-1_V13B23-285_D1,8
GGCATATCGGTTCTGC-1_V13B23-285_D1,13
GGCCCGGAGCATGTCT-1_V13B23-285_D1,4
GGCCCGTATACCATGC-1_V13B23-285_D1,14
GGCCCTCACCCACTTA-1_V13B23-285_D1,8
GGCCGGCGTCTGCTAT-1_V13B23-285_D1,11
GGCCGTTTGGGTTTCA-1_V13B23-285_D1,3
GGCCTGCTTCTCCCGA-1_V13B23-285_D1,11
GGCGAAATCTAACTTG-1_V13B23-285_D1,11
GGCGCAGGACATCTTC-1_V13B23-285_D1,12
GGCGCATGAATTGATG-1_V13B23-285_D1,5
GGCGCGGAGATCTTTC-1_V13B23-285_D1,11
GGCGCGTTCGAGTTTA-1_V13B23-285_D1,5
GGCGCTCCTCATCAAT-1_V13B23-285_D1,5
GGCGGAGTAATATTAG-1_V13B23-285_D1,5
GGCGGGCTCTAAGAGT-1_V13B23-285_D1,11
GGCGGTAGGATCATTG-1_V13B23-285_D1,10
GGCGTAGGGAAAGCTG-1_V13B23-285_D1,11
GGCGTCCTATCCGCTG-1_V13B23-285_D1,5
GGCTAAAGGGCGGGTC-1_V13B23-285_D1,14
GGCTATTAAGTTGTAT-1_V13B23-285_D1,5
GGCTCCTCCACCTGTT-1_V13B23-285_D1,8
GGCTCGCGTTGAGGTA-1_V13B23-285_D1,14
GGCTCGTGCCACCAGC-1_V13B23-285_D1,5
GGCTCTGCTCCAACGC-1_V13B23-285_D1,7
GGCTGAAATAGCAAAG-1_V13B23-285_D1,11
GGCTGGCTAGCTTAAA-1_V13B23-285_D1,5
GGCTTTCAATAAGGGT-1_V13B23-285_D1,8
GGGAAGACGGTCTGTC-1_V13B23-285_D1,11
GGGAAGGGCTTTCTCA-1_V13B23-285_D1,11
GGGAATGAGCCCTCAC-1_V13B23-285_D1,15
GGGACAGAGTTACTCC-1_V13B23-285_D1,3
GGGACCCGTATATCTT-1_V13B23-285_D1,5
GGGACTGCATAGATAG-1_V13B23-285_D1,5
GGGAGAACTCACAGTA-1_V13B23-285_D1,1
GGGAGGATGCCCGAAA-1_V13B23-285_D1,5
GGGAGTTAATGAGGCG-1_V13B23-285_D1,15
GGGATCCCAATACAAA-1_V13B23-285_D1,2
GGGATGGTCGTAACCG-1_V13B23-285_D1,1
GGGATTTACCGCACCT-1_V13B23-285_D1,11
GGGCAACCGCACGTGC-1_V13B23-285_D1,8
GGGCAGAGCAATCGTT-1_V13B23-285_D1,8
GGGCCCGTCTTAAACA-1_V13B23-285_D1,5
GGGCCCTACGAAAGGG-1_V13B23-285_D1,14
GGGCCGGCCGAAGTAC-1_V13B23-285_D1,10
GGGCGATATGTGTGAA-1_V13B23-285_D1,12
GGGCGCAGCGTTACTC-1_V13B23-285_D1,3
GGGCGGCAAATGAATT-1_V13B23-285_D1,5
GGGCGGGTTCCCTACG-1_V13B23-285_D1,10
GGGCGGTCCTATTGTC-1_V13B23-285_D1,4
GGGCGTACATTTATAT-1_V13B23-285_D1,5
GGGCGTCACCACGTAA-1_V13B23-285_D1,10
GGGCGTCCACTGGCTC-1_V13B23-285_D1,13
GGGCGTGGTTTCCCAG-1_V13B23-285_D1,11
GGGCTATGATCGATGG-1_V13B23-285_D1,5
GGGCTCATCGAACCCA-1_V13B23-285_D1,1
GGGCTGGTTAGTCGCG-1_V13B23-285_D1,5
GGGTAATGCTGTGTTT-1_V13B23-285_D1,13
GGGTACCCACGGTCCT-1_V13B23-285_D1,5
GGGTACTTCATGAACT-1_V13B23-285_D1,4
GGGTATGTATGCACTT-1_V13B23-285_D1,5
GGGTATTCTAGCAAAC-1_V13B23-285_D1,1
GGGTCACCGTGACGGT-1_V13B23-285_D1,5
GGGTCGTGGCAAGTGT-1_V13B23-285_D1,2
GGGTCTATCGCTTTCC-1_V13B23-285_D1,11
GGGTGACACCTTAACT-1_V13B23-285_D1,5
GGGTGCATATGAAAGC-1_V13B23-285_D1,14
GGGTGTTTCAGCTATG-1_V13B23-285_D1,13
GGGTTAACATTTGAGT-1_V13B23-285_D1,5
GGGTTCAGACGAACAA-1_V13B23-285_D1,12
GGGTTTAGGATAGGAT-1_V13B23-285_D1,11
GGTAAACTCTGCGCTG-1_V13B23-285_D1,11
GGTAAATGTGCGTTAC-1_V13B23-285_D1,9
GGTAACCGGGAGGATA-1_V13B23-285_D1,1
GGTAACTATGTATCTG-1_V13B23-285_D1,4
GGTACAAACATGCTAT-1_V13B23-285_D1,5
GGTACACCAGATTTAT-1_V13B23-285_D1,14
GGTACATCTGGGACGA-1_V13B23-285_D1,14
GGTACCATTAAGACGG-1_V13B23-285_D1,14
GGTACGTTGCGGCCGG-1_V13B23-285_D1,11
GGTACTAAGTGCTTTG-1_V13B23-285_D1,11
GGTAGAAGACCGCCTG-1_V13B23-285_D1,11
GGTAGACCGTTGGGCG-1_V13B23-285_D1,12
GGTAGTGCTCGCACCA-1_V13B23-285_D1,2
GGTATAGTGACACATA-1_V13B23-285_D1,8
GGTATTGCCGAGTTTA-1_V13B23-285_D1,5
GGTCAAGACTACTTCG-1_V13B23-285_D1,11
GGTCAGTGGGTCCCAC-1_V13B23-285_D1,5
GGTCGGATAAACGGCG-1_V13B23-285_D1,12
GGTCGGCCAGGAGCTT-1_V13B23-285_D1,14
GGTCGGTAATTAGACA-1_V13B23-285_D1,5
GGTCGGTCGTCCACAG-1_V13B23-285_D1,5
GGTCGTAAGCTCGCAC-1_V13B23-285_D1,1
GGTCTCCAAGTAGTGC-1_V13B23-285_D1,11
GGTCTCCGTCCAGGTT-1_V13B23-285_D1,11
GGTCTCTGAATGGACT-1_V13B23-285_D1,1
GGTCTGAGAATCTGGA-1_V13B23-285_D1,14
GGTGAAGTACAGGGAT-1_V13B23-285_D1,14
GGTGACTGATAGAGAG-1_V13B23-285_D1,11
GGTGAGATGCAGATAA-1_V13B23-285_D1,5
GGTGATAAGGAGCAGT-1_V13B23-285_D1,11
GGTGCAGAGCCTATCG-1_V13B23-285_D1,12
GGTGCGGATAAGTGGC-1_V13B23-285_D1,15
GGTGCTGATCACAAAG-1_V13B23-285_D1,10
GGTGCTGGTACACATT-1_V13B23-285_D1,8
GGTGGACTGCTCTGGC-1_V13B23-285_D1,11
GGTGGAGGTTGATACG-1_V13B23-285_D1,11
GGTGTTGGGCGTCTTA-1_V13B23-285_D1,11
GGTTACCACCCTCGGG-1_V13B23-285_D1,3
GGTTACCCGACACTTT-1_V13B23-285_D1,7
GGTTAGCTATATGTCT-1_V13B23-285_D1,11
GGTTAGGCTTGGAGAA-1_V13B23-285_D1,5
GGTTAGTTACGGCGCC-1_V13B23-285_D1,10
GGTTCTACTCGTCTGA-1_V13B23-285_D1,11
GGTTTAATTGAGCAGG-1_V13B23-285_D1,14
GGTTTACAATCTCAAT-1_V13B23-285_D1,11
GGTTTAGCCTTTCTTG-1_V13B23-285_D1,11
GGTTTCAATCGGTCAG-1_V13B23-285_D1,15
GGTTTGACAAGAAGCT-1_V13B23-285_D1,2
GGTTTGAGTGCTGGAA-1_V13B23-285_D1,9
GGTTTGCGAACACGTA-1_V13B23-285_D1,2
GGTTTGTGACCTGAGG-1_V13B23-285_D1,11
GTAACATCTAAGATAA-1_V13B23-285_D1,11
GTAACTTGCGGCAGTC-1_V13B23-285_D1,9
GTAAGCGGGCAGTCAG-1_V13B23-285_D1,5
GTAAGGATTTGTCGGA-1_V13B23-285_D1,9
GTAAGTAACAGTCTGG-1_V13B23-285_D1,11
GTAAGTAGGGTATACC-1_V13B23-285_D1,5
GTAAGTCCACACTCTA-1_V13B23-285_D1,11
GTAATAAAGGGCTCCC-1_V13B23-285_D1,14
GTAATCTGATTCTTCG-1_V13B23-285_D1,5
GTACACTTACCTGAAG-1_V13B23-285_D1,6
GTACAGAGGCAAGGGT-1_V13B23-285_D1,11
GTACGACGGCGCTGCG-1_V13B23-285_D1,5
GTACGAGATTGCGACA-1_V13B23-285_D1,5
GTACGCTTCATTGCAC-1_V13B23-285_D1,11
GTACGTCACGTATTAA-1_V13B23-285_D1,9
GTACGTTTGCCCGTCA-1_V13B23-285_D1,11
GTACTAAGATTTGGAG-1_V13B23-285_D1,5
GTACTCCTGGGTATGC-1_V13B23-285_D1,7
GTACTGAGGTCGTAAC-1_V13B23-285_D1,9
GTACTGCATGAAGCGT-1_V13B23-285_D1,4
GTACTGGAGTTAGACC-1_V13B23-285_D1,14
GTACTTGGGCACTTCT-1_V13B23-285_D1,5
GTAGAAACGGGTGGAG-1_V13B23-285_D1,3
GTAGACACGCCTGACT-1_V13B23-285_D1,1
GTAGACGTCGTTACAT-1_V13B23-285_D1,5
GTAGAGGGAGACAAGT-1_V13B23-285_D1,7
GTAGCCAAACATGGGA-1_V13B23-285_D1,11
GTAGCGGCTATACACT-1_V13B23-285_D1,11
GTAGCTTCCTCTTGTT-1_V13B23-285_D1,14
GTAGGTGATCCGTGTA-1_V13B23-285_D1,6
GTAGTCGCGGGAATCA-1_V13B23-285_D1,11
GTAGTCTACGATATTG-1_V13B23-285_D1,11
GTATAGGACTCAGTAG-1_V13B23-285_D1,5
GTATATGTTACGGCGG-1_V13B23-285_D1,13
GTATCAAACGTTAGCT-1_V13B23-285_D1,11
GTATCAGCTTGGGTTC-1_V13B23-285_D1,5
GTATCCTTTGGTAACC-1_V13B23-285_D1,11
GTATCTCAGTCTTGAC-1_V13B23-285_D1,1
GTATCTTTCATAACCA-1_V13B23-285_D1,12
GTATGAAATTTCACTC-1_V13B23-285_D1,4
GTATGTGGGTCTAGTT-1_V13B23-285_D1,11
GTATTAAGGCGTCTAA-1_V13B23-285_D1,5
GTATTCTGAGAAACGA-1_V13B23-285_D1,1
GTATTCTTACCGTGCT-1_V13B23-285_D1,13
GTATTTAATGGCATAA-1_V13B23-285_D1,11
GTCAAAGAAGTGGTGT-1_V13B23-285_D1,3
GTCAAAGTTTACATAG-1_V13B23-285_D1,5
GTCAACCAGGCCTATA-1_V13B23-285_D1,11
GTCAAGCGGACTCGGG-1_V13B23-285_D1,11
GTCAATGCTATAATTT-1_V13B23-285_D1,14
GTCACAAAGTTTCCAA-1_V13B23-285_D1,9
GTCACTCTCCAAATCT-1_V13B23-285_D1,4
GTCAGAATAGTCTATG-1_V13B23-285_D1,5
GTCAGTTGTGCTCGTT-1_V13B23-285_D1,9
GTCATGCACCTCCGTT-1_V13B23-285_D1,10
GTCATGCGCGAGGGCT-1_V13B23-285_D1,11
GTCATGGACATGACTA-1_V13B23-285_D1,5
GTCATTAGAGCGAACG-1_V13B23-285_D1,6
GTCATTGCATTGACCC-1_V13B23-285_D1,5
GTCCACGTCGCATTCG-1_V13B23-285_D1,11
GTCCATTACTGCTACG-1_V13B23-285_D1,11
GTCCCAACGTAAAGTA-1_V13B23-285_D1,15
GTCCCGCGACGTTATG-1_V13B23-285_D1,11
GTCCGGACCTGAAATT-1_V13B23-285_D1,11
GTCCGGCTGAATTGCG-1_V13B23-285_D1,5
GTCCTACAGGCGGCTC-1_V13B23-285_D1,10
GTCCTACGAATAGTCT-1_V13B23-285_D1,11
GTCCTTCTAGTGGGTT-1_V13B23-285_D1,9
GTCGATAGGTGACTTT-1_V13B23-285_D1,11
GTCGCCGTTGTGTGTT-1_V13B23-285_D1,1
GTCGCGTAACCCGTTG-1_V13B23-285_D1,11
GTCGGAAGGATACCAG-1_V13B23-285_D1,2
GTCGGATATCTCAGAC-1_V13B23-285_D1,5
GTCGGATGTAGCGCGC-1_V13B23-285_D1,13
GTCGGGAAGCAGAAAC-1_V13B23-285_D1,5
GTCGTACCATCTCGGG-1_V13B23-285_D1,5
GTCGTATTGGCGTACA-1_V13B23-285_D1,14
GTCGTCAATTATAAGG-1_V13B23-285_D1,9
GTCGTCTGGTTGGCTA-1_V13B23-285_D1,14
GTCGTGTCTGGTCATC-1_V13B23-285_D1,14
GTCGTTATTCGCTTAT-1_V13B23-285_D1,11
GTCTAGTGAGCCGCTT-1_V13B23-285_D1,11
GTCTATCTGAGTTTCT-1_V13B23-285_D1,10
GTCTATTGCATGCTCG-1_V13B23-285_D1,11
GTCTATTGGTTCCGGT-1_V13B23-285_D1,11
GTCTCAAGGCCCGGCT-1_V13B23-285_D1,5
GTCTCGACTAAGTTTG-1_V13B23-285_D1,14
GTCTCGATCTGCTTTC-1_V13B23-285_D1,13
GTCTGGGCGGTCGAGA-1_V13B23-285_D1,1
GTCTTAGTACAGCCGG-1_V13B23-285_D1,6
GTCTTGAGGAGCAGTG-1_V13B23-285_D1,1
GTCTTGTAGCTATTCA-1_V13B23-285_D1,11
GTGAAACGGCGCCACC-1_V13B23-285_D1,1
GTGAACTCCCATTCGA-1_V13B23-285_D1,14
GTGAAGATTTCAAGTG-1_V13B23-285_D1,14
GTGAAGCCGTATAGTC-1_V13B23-285_D1,14
GTGACAGCTTCCCACT-1_V13B23-285_D1,11
GTGACCGCACACTACG-1_V13B23-285_D1,11
GTGACCTAAAGAATAA-1_V13B23-285_D1,14
GTGACGAGGGTGACCC-1_V13B23-285_D1,8
GTGACTTCAGTAGTGC-1_V13B23-285_D1,5
GTGAGCGTGCTGCACT-1_V13B23-285_D1,3
GTGAGGACACTTAAGG-1_V13B23-285_D1,11
GTGAGGAGCGGTTGAG-1_V13B23-285_D1,13
GTGAGTGGTACAACGC-1_V13B23-285_D1,1
GTGATCACTAACGCCT-1_V13B23-285_D1,11
GTGATCATAGATCTGC-1_V13B23-285_D1,5
GTGATCCTTGTCATGA-1_V13B23-285_D1,11
GTGATGCACAACATCT-1_V13B23-285_D1,14
GTGATTCGCCGCTCAA-1_V13B23-285_D1,1
GTGCAACAAATGTGGC-1_V13B23-285_D1,13
GTGCACGAAAGTGACT-1_V13B23-285_D1,13
GTGCAGCGTAGAGTAG-1_V13B23-285_D1,11
GTGCCATCACACGGTG-1_V13B23-285_D1,10
GTGCCCGTTCGGATTC-1_V13B23-285_D1,11
GTGCCGCTTCAAAGGT-1_V13B23-285_D1,7
GTGCCTCAGTGTACGG-1_V13B23-285_D1,14
GTGCGAAATCGAACAC-1_V13B23-285_D1,10
GTGCGACAGGGAGTGT-1_V13B23-285_D1,3
GTGCGGGTCTCCAAAT-1_V13B23-285_D1,5
GTGCGTGTATATGAGC-1_V13B23-285_D1,11
GTGCTCAAGTACTGTC-1_V13B23-285_D1,5
GTGCTTACATCAGCGC-1_V13B23-285_D1,11
GTGGAACCTACATGCG-1_V13B23-285_D1,13
GTGGACCAACCCGATT-1_V13B23-285_D1,1
GTGGACGCATTTGTCC-1_V13B23-285_D1,5
GTGGACGTGCTGAGAC-1_V13B23-285_D1,5
GTGGAGCATGTCGGCC-1_V13B23-285_D1,8
GTGGAGCGTTTACCGA-1_V13B23-285_D1,8
GTGGAGTCGGCGGTTG-1_V13B23-285_D1,1
GTGGCAAACAGCGGCA-1_V13B23-285_D1,5
GTGGCGGTCCCAGCGT-1_V13B23-285_D1,14
GTGGGCTTAGACACAC-1_V13B23-285_D1,5
GTGGTATAGTCTGCCG-1_V13B23-285_D1,1
GTGGTGATGGTTTGTG-1_V13B23-285_D1,11
GTGGTGGCCAAGTGAA-1_V13B23-285_D1,11
GTGGTTACTTCTTTCG-1_V13B23-285_D1,14
GTGGTTTCCGCCTTTC-1_V13B23-285_D1,8
GTGTACCTTGGCTACG-1_V13B23-285_D1,13
GTGTACGAACCGTTCC-1_V13B23-285_D1,11
GTGTATATCAGCGGGC-1_V13B23-285_D1,11
GTGTCGTATAGCGTTC-1_V13B23-285_D1,11
GTGTGAATAACTTAGG-1_V13B23-285_D1,14
GTGTTACTATGCGTCC-1_V13B23-285_D1,11
GTTAAAGTAGGACTGG-1_V13B23-285_D1,11
GTTAACATCACTTAAA-1_V13B23-285_D1,11
GTTAACTATGTTGTCA-1_V13B23-285_D1,11
GTTAAGGGTGCGATGT-1_V13B23-285_D1,11
GTTAAGTTAGAGTGGG-1_V13B23-285_D1,8
GTTACAATTGGTGACG-1_V13B23-285_D1,5
GTTACCTACAACTTGC-1_V13B23-285_D1,11
GTTACTTTGGGCCTAG-1_V13B23-285_D1,5
GTTAGCCGTAAATCAA-1_V13B23-285_D1,14
GTTAGGCTACCCGTTT-1_V13B23-285_D1,8
GTTATAATACGGTGAA-1_V13B23-285_D1,11
GTTATATCAGGAGCCA-1_V13B23-285_D1,14
GTTATATTATCTCCCT-1_V13B23-285_D1,5
GTTATTAACGTGGGAG-1_V13B23-285_D1,14
GTTCACAGGAGTCTAG-1_V13B23-285_D1,5
GTTCATCGTTTGGCTG-1_V13B23-285_D1,3
GTTCCAGTCTGACCAT-1_V13B23-285_D1,13
GTTCCCGTAAACATAT-1_V13B23-285_D1,11
GTTCGCCATAAGTGCC-1_V13B23-285_D1,5
GTTCGCTGAGACGTCT-1_V13B23-285_D1,11
GTTCGGAGCACTCAAC-1_V13B23-285_D1,11
GTTCGGATCGGGAACA-1_V13B23-285_D1,11
GTTCGGGCGTACCATT-1_V13B23-285_D1,14
GTTCGTCTAAAGAACT-1_V13B23-285_D1,11
GTTCGTCTGGGTCCCT-1_V13B23-285_D1,2
GTTCTTCCCTCGATGT-1_V13B23-285_D1,10
GTTGAACCGGTTCCAT-1_V13B23-285_D1,3
GTTGAGTCCCGCCGGT-1_V13B23-285_D1,11
GTTGCACGGAGTTTCG-1_V13B23-285_D1,5
GTTGCAGTCGACAACA-1_V13B23-285_D1,11
GTTGCGCTAACATTAC-1_V13B23-285_D1,11
GTTGCGGACGGTCAGG-1_V13B23-285_D1,11
GTTGGACCGCATCAGG-1_V13B23-285_D1,2
GTTGGATTCAGTGGCT-1_V13B23-285_D1,14
GTTGGATTGAGAACAC-1_V13B23-285_D1,14
GTTGGATTTGCGTTGG-1_V13B23-285_D1,5
GTTGGTCATGCTATCC-1_V13B23-285_D1,5
GTTGTCGTGTTAGTTG-1_V13B23-285_D1,13
GTTGTTGCAAGATGGC-1_V13B23-285_D1,11
GTTTACGTTCCATCTG-1_V13B23-285_D1,5
GTTTCAAACGAGTTGT-1_V13B23-285_D1,11
GTTTCATATCGTCGCT-1_V13B23-285_D1,14
GTTTCCTGGAGGGTGA-1_V13B23-285_D1,5
GTTTCTGCAGTCTCCC-1_V13B23-285_D1,11
GTTTGACCAAATCCTA-1_V13B23-285_D1,10
GTTTGGCCCAAGTTAT-1_V13B23-285_D1,11
GTTTGGCCGCTCAGCG-1_V13B23-285_D1,4
GTTTGGGCTTGTGAGC-1_V13B23-285_D1,11
GTTTGGGTTTCGCCCG-1_V13B23-285_D1,11
GTTTGGTAGGGTCAAC-1_V13B23-285_D1,1
TAAACCCAGGAGGGCA-1_V13B23-285_D1,1
TAAAGACAACCCTTTA-1_V13B23-285_D1,11
TAAAGCGTTAGGAGAA-1_V13B23-285_D1,12
TAAAGCTGCAATAGGG-1_V13B23-285_D1,14
TAAATCTTTACACCTC-1_V13B23-285_D1,14
TAAATGAATCCGTTTC-1_V13B23-285_D1,5
TAAATGCCGTCTCATG-1_V13B23-285_D1,12
TAAATGGGCTACTGAG-1_V13B23-285_D1,11
TAACAAAGGGAGAAGC-1_V13B23-285_D1,5
TAACAATATTTGTTGC-1_V13B23-285_D1,8
TAACATACAATGTGGG-1_V13B23-285_D1,12
TAACATACACGCGATC-1_V13B23-285_D1,1
TAACCTACCGTCCGAG-1_V13B23-285_D1,14
TAACCTAGGGAGTCCA-1_V13B23-285_D1,11
TAACGCTTTGAGAGCG-1_V13B23-285_D1,5
TAACTATCGAAGGTCC-1_V13B23-285_D1,5
TAACTATTACGCCAAA-1_V13B23-285_D1,14
TAACTCATCCGCGCGG-1_V13B23-285_D1,5
TAACTCCATGGAGGCT-1_V13B23-285_D1,5
TAAGCAGGCGACACGC-1_V13B23-285_D1,12
TAAGCCCTTACGACCA-1_V13B23-285_D1,2
TAAGGAACTTGTGGGA-1_V13B23-285_D1,5
TAAGGCAACATAAGAT-1_V13B23-285_D1,12
TAAGGCATAACATCAA-1_V13B23-285_D1,7
TAAGGCCCGTCACCCT-1_V13B23-285_D1,11
TAAGGCTGAATCCCTC-1_V13B23-285_D1,11
TAAGGGCCTGTCCGAT-1_V13B23-285_D1,11
TAAGGGCTGGGAGAGG-1_V13B23-285_D1,8
TAAGTAACATCTTGAC-1_V13B23-285_D1,10
TAAGTCGCCGAGTATC-1_V13B23-285_D1,1
TAAGTTGCGACGTAGG-1_V13B23-285_D1,11
TAATAAACAAGGAGAT-1_V13B23-285_D1,13
TAATACACAGTAGTAT-1_V13B23-285_D1,13
TAATAGAACAGAGTTA-1_V13B23-285_D1,1
TAATAGCTAAATGATG-1_V13B23-285_D1,14
TAATAGTGACGACCAG-1_V13B23-285_D1,1
TAATATTGAAATTCGC-1_V13B23-285_D1,5
TAATCAACCAAATGGG-1_V13B23-285_D1,11
TAATCGATCCGTACGT-1_V13B23-285_D1,1
TAATGAAAGACCCTTG-1_V13B23-285_D1,5
TAATTACGTCAGTAGA-1_V13B23-285_D1,11
TAATTAGATGGATATG-1_V13B23-285_D1,5
TAATTAGGACATCCGT-1_V13B23-285_D1,11
TAATTCCAATGCTTCA-1_V13B23-285_D1,11
TAATTGGAATCGGGAA-1_V13B23-285_D1,14
TACAACGCACAACTCA-1_V13B23-285_D1,5
TACAAGTCTCGTGCAT-1_V13B23-285_D1,5
TACACCGTCGTTAGTC-1_V13B23-285_D1,14
TACAGAAACGGTGGGC-1_V13B23-285_D1,11
TACATAGGCATACACC-1_V13B23-285_D1,5
TACATGCCGGAATTGT-1_V13B23-285_D1,11
TACATTTCTAACGTGC-1_V13B23-285_D1,5
TACCAAATAGCCCAGA-1_V13B23-285_D1,3
TACCAATAAAGTACCA-1_V13B23-285_D1,11
TACCAGAAGTAGGTTC-1_V13B23-285_D1,5
TACCAGCTAGGTTTAA-1_V13B23-285_D1,13
TACCATGTATTGATTT-1_V13B23-285_D1,11
TACCCTCGGTAACCCT-1_V13B23-285_D1,11
TACCGCGGACTTGCAG-1_V13B23-285_D1,14
TACCGGCTCACTGCCC-1_V13B23-285_D1,5
TACCGGTCGTTTCCAT-1_V13B23-285_D1,8
TACCGTAGGTTAACTA-1_V13B23-285_D1,4
TACCGTGCCTCGGACC-1_V13B23-285_D1,11
TACCTACTCCCAGTAT-1_V13B23-285_D1,5
TACCTCACGCTTGTAC-1_V13B23-285_D1,13
TACCTCAGTTGTCTGT-1_V13B23-285_D1,10
TACCTCTTTACCATCC-1_V13B23-285_D1,11
TACCTGCTGCACTGTG-1_V13B23-285_D1,5
TACCTTAAGATTTCCC-1_V13B23-285_D1,10
TACGAACACGACTTCA-1_V13B23-285_D1,5
TACGACGCTTGCTGCG-1_V13B23-285_D1,5
TACGACTGCCTCTTAG-1_V13B23-285_D1,5
TACGAGAACTTCACGT-1_V13B23-285_D1,1
TACGATGTTGATCATC-1_V13B23-285_D1,5
TACGCAGTTCTTTCCT-1_V13B23-285_D1,8
TACGCCATATTCTAAT-1_V13B23-285_D1,5
TACGCCGAGGGTACCC-1_V13B23-285_D1,1
TACGCCGCCTCAGAAG-1_V13B23-285_D1,11
TACGCCTCCATTCCGA-1_V13B23-285_D1,14
TACGCTATAGAAACCT-1_V13B23-285_D1,14
TACGCTCGGTATTGGA-1_V13B23-285_D1,11
TACGGCATGGACGCTA-1_V13B23-285_D1,11
TACGGGATGCTAGCAG-1_V13B23-285_D1,13
TACGTAAAGCGGAGTG-1_V13B23-285_D1,11
TACGTGCAAGGTTCCT-1_V13B23-285_D1,8
TACGTGCACTATGCTG-1_V13B23-285_D1,5
TACGTTTACCGGCAAT-1_V13B23-285_D1,14
TACTATGGTTCCTCAG-1_V13B23-285_D1,7
TACTCGGCACGCCGGG-1_V13B23-285_D1,14
TACTCTCCGAACAAAT-1_V13B23-285_D1,12
TACTCTTACTTTACTG-1_V13B23-285_D1,11
TACTCTTTCGTCTTCA-1_V13B23-285_D1,3
TACTGAACAGATTTAG-1_V13B23-285_D1,1
TACTGCAATCAATTAC-1_V13B23-285_D1,14
TACTGGACAGCTCGGC-1_V13B23-285_D1,14
TACTTAAACATGTACA-1_V13B23-285_D1,11
TACTTGTTAGTAGTCC-1_V13B23-285_D1,11
TACTTTACTGAGCCGG-1_V13B23-285_D1,14
TACTTTCCGCACGCCA-1_V13B23-285_D1,5
TAGAAAGGTGGCGCTA-1_V13B23-285_D1,14
TAGAAGAAGGGTTACA-1_V13B23-285_D1,11
TAGAATAGCCGATGAA-1_V13B23-285_D1,11
TAGAATTAAGGGCAAC-1_V13B23-285_D1,9
TAGACGAAACGCCAAT-1_V13B23-285_D1,11
TAGACGCCCGTACCGG-1_V13B23-285_D1,14
TAGACTACCTAGCGTT-1_V13B23-285_D1,11
TAGAGATCATGCAACT-1_V13B23-285_D1,8
TAGAGCTACGAAGAAC-1_V13B23-285_D1,13
TAGAGGTTCTACTTGT-1_V13B23-285_D1,11
TAGAGTCTAAGCGAAC-1_V13B23-285_D1,5
TAGATATGGACTGGAA-1_V13B23-285_D1,5
TAGATCCGAAGTCGCA-1_V13B23-285_D1,9
TAGATGGTTCCTTACT-1_V13B23-285_D1,11
TAGATTCCTGGTTATT-1_V13B23-285_D1,5
TAGCAACCTGTCACAA-1_V13B23-285_D1,5
TAGCAGTATGACTAAA-1_V13B23-285_D1,11
TAGCCATTTCAAAGTC-1_V13B23-285_D1,11
TAGCCGGCGGTCAGCG-1_V13B23-285_D1,14
TAGCGTCCCTCGATTG-1_V13B23-285_D1,11
TAGCGTCCGGTGTGGT-1_V13B23-285_D1,11
TAGCGTTGGGTCTTAC-1_V13B23-285_D1,11
TAGCTAAGTCCGGGAG-1_V13B23-285_D1,5
TAGCTAGAAGGCATGA-1_V13B23-285_D1,5
TAGCTAGTGATGATGG-1_V13B23-285_D1,10
TAGCTCGCCTGATAAC-1_V13B23-285_D1,5
TAGGCATGTTACGCCA-1_V13B23-285_D1,7
TAGGCCTATATAGTCT-1_V13B23-285_D1,11
TAGGCTAAAGTGGCAC-1_V13B23-285_D1,11
TAGGGAGCTTGGGATG-1_V13B23-285_D1,3
TAGGGTGTTTCAAGAG-1_V13B23-285_D1,12
TAGGTCCAAGTAAGGA-1_V13B23-285_D1,5
TAGGTCGCCGGAACTG-1_V13B23-285_D1,14
TAGGTGACGATAACCT-1_V13B23-285_D1,11
TAGGTGAGCCCTACTC-1_V13B23-285_D1,5
TAGGTGCTCGCCTAGC-1_V13B23-285_D1,11
TAGGTGTTCCACAGAT-1_V13B23-285_D1,7
TAGGTTCGAGTTCGTC-1_V13B23-285_D1,5
TAGTACCTTAGTGGTC-1_V13B23-285_D1,5
TAGTAGCTTATACCAG-1_V13B23-285_D1,1
TAGTCCGCAGAGAATG-1_V13B23-285_D1,5
TAGTCGATCACGGGTT-1_V13B23-285_D1,11
TAGTCTAACAACGAGA-1_V13B23-285_D1,14
TAGTCTGTGACGTTGC-1_V13B23-285_D1,14
TAGTGCCCTCCAGAGT-1_V13B23-285_D1,5
TAGTGTCAGAAACGGC-1_V13B23-285_D1,5
TAGTTAAGATAGGATA-1_V13B23-285_D1,6
TAGTTTATTCTTGCTT-1_V13B23-285_D1,6
TATAAATCCACAAGCT-1_V13B23-285_D1,5
TATAAGTGAGGATAGC-1_V13B23-285_D1,5
TATACACAGACGCCTT-1_V13B23-285_D1,5
TATACACGCAAAGTAT-1_V13B23-285_D1,5
TATACCGAGTGCCACA-1_V13B23-285_D1,11
TATACGCGTCATCACT-1_V13B23-285_D1,11
TATACTCATGCGGCAA-1_V13B23-285_D1,5
TATAGATGGTCGCAGT-1_V13B23-285_D1,11
TATAGGGTACTCATGA-1_V13B23-285_D1,14
TATATATCGAGAAATG-1_V13B23-285_D1,1
TATATCCCTGGGAGGA-1_V13B23-285_D1,7
TATATTACAAATGTCG-1_V13B23-285_D1,3
TATATTCGCGTCGATA-1_V13B23-285_D1,9
TATCACCATGTAAAGT-1_V13B23-285_D1,9
TATCACCCAACCGACC-1_V13B23-285_D1,14
TATCACTTCGAGTAAC-1_V13B23-285_D1,14
TATCCAATTGGTTATC-1_V13B23-285_D1,11
TATCCATATCATGCGA-1_V13B23-285_D1,15
TATCCGCACCGTCGGG-1_V13B23-285_D1,5
TATCCTGCATGGGAAT-1_V13B23-285_D1,13
TATCGATCTATGCATA-1_V13B23-285_D1,4
TATCGATGATTAAACG-1_V13B23-285_D1,5
TATCTACAGAGGTAAT-1_V13B23-285_D1,5
TATCTACCACAGCGGG-1_V13B23-285_D1,5
TATCTTGCAATACAAC-1_V13B23-285_D1,14
TATGAAGACAGGTGCG-1_V13B23-285_D1,5
TATGATCCGGCACGCC-1_V13B23-285_D1,14
TATGATCTTCTCTTTA-1_V13B23-285_D1,11
TATGCTCCCTACTTAC-1_V13B23-285_D1,5
TATGGATGTGCTACGC-1_V13B23-285_D1,5
TATGGCCCGGCCTCGC-1_V13B23-285_D1,5
TATGGCTAGGCTAATT-1_V13B23-285_D1,7
TATGGGACCGAGCAGG-1_V13B23-285_D1,5
TATGGGTACGTATCGT-1_V13B23-285_D1,5
TATGGTCTGAGTAACA-1_V13B23-285_D1,5
TATGGTTAGTGGGAGA-1_V13B23-285_D1,11
TATGTCAAGACCGACT-1_V13B23-285_D1,1
TATGTCTCATTGTGCC-1_V13B23-285_D1,14
TATTAACCTGACCGCG-1_V13B23-285_D1,3
TATTACCATCCTGCTT-1_V13B23-285_D1,11
TATTATGTTTGCCTGC-1_V13B23-285_D1,8
TATTCAATTCTAATCC-1_V13B23-285_D1,15
TATTCCACTCAGCTCG-1_V13B23-285_D1,5
TATTCCGAGCTGTTAT-1_V13B23-285_D1,11
TATTCCTCCGCCCACT-1_V13B23-285_D1,8
TATTCGTGCCAGAATA-1_V13B23-285_D1,5
TATTGACATTTCTGCC-1_V13B23-285_D1,7
TATTGCCGGGCTTGTA-1_V13B23-285_D1,11
TATTTAGTCTAGATCG-1_V13B23-285_D1,5
TATTTATACCGAGTAG-1_V13B23-285_D1,13
TATTTGATTTGCACAG-1_V13B23-285_D1,11
TATTTGTTACCCTTTA-1_V13B23-285_D1,5
TCAAACAACCGCGTCG-1_V13B23-285_D1,5
TCAAACTTAGATTGTT-1_V13B23-285_D1,1
TCAAATTTGAGACTCA-1_V13B23-285_D1,11
TCAACAAAGATAATTC-1_V13B23-285_D1,10
TCAACACATTGGGTAA-1_V13B23-285_D1,5
TCAACATAGCGCCCTA-1_V13B23-285_D1,1
TCAACATCGACCGAGA-1_V13B23-285_D1,8
TCAACCATGTTCGGGC-1_V13B23-285_D1,5
TCAACGAGGAGACAAA-1_V13B23-285_D1,5
TCAACGCAGGAAATAA-1_V13B23-285_D1,5
TCAACGCGACCGGCAG-1_V13B23-285_D1,14
TCAACTAACGTATAAC-1_V13B23-285_D1,5
TCAACTGCAGAGTCAG-1_V13B23-285_D1,11
TCAAGAAATACTAGCT-1_V13B23-285_D1,8
TCAAGCGCGGACGGTA-1_V13B23-285_D1,11
TCAAGCTGCCTTGAAA-1_V13B23-285_D1,7
TCAAGGTTACTACACC-1_V13B23-285_D1,11
TCAATACGCCGTCATG-1_V13B23-285_D1,12
TCACAAACCGAGGTAC-1_V13B23-285_D1,11
TCACAGCAAACTCGAA-1_V13B23-285_D1,5
TCACAGGAGAATAAGA-1_V13B23-285_D1,8
TCACAGGGAATCGCAA-1_V13B23-285_D1,11
TCACAGGTTATTGGGC-1_V13B23-285_D1,5
TCACATCTTATCTGAT-1_V13B23-285_D1,5
TCACCCTCTTAAGATT-1_V13B23-285_D1,5
TCACCGCTCGGCACTC-1_V13B23-285_D1,8
TCACGATGTCCGTGGA-1_V13B23-285_D1,1
TCACGCATTGTAGATC-1_V13B23-285_D1,5
TCACGGTCATCGCACA-1_V13B23-285_D1,5
TCACGTGCCCGATTCA-1_V13B23-285_D1,5
TCACTACGACCAATGC-1_V13B23-285_D1,14
TCACTCGTGCAACGGC-1_V13B23-285_D1,13
TCAGAACCTCCACAGG-1_V13B23-285_D1,14
TCAGACGCTATAGAAG-1_V13B23-285_D1,11
TCAGAGTGTGAGCATG-1_V13B23-285_D1,11
TCAGCAAATGCATCTC-1_V13B23-285_D1,7
TCAGCAGTAGGCCCTG-1_V13B23-285_D1,1
TCAGCCAATCCGTAAA-1_V13B23-285_D1,11
TCAGGGCGCAAACTCG-1_V13B23-285_D1,3
TCAGGGTGTAACGTAA-1_V13B23-285_D1,14
TCAGGTTCTTTGAGAA-1_V13B23-285_D1,5
TCAGTACTGACCCGCG-1_V13B23-285_D1,5
TCAGTAGGGACTATAA-1_V13B23-285_D1,5
TCAGTGTATACGTCAT-1_V13B23-285_D1,7
TCATAAGTCCAAGAAG-1_V13B23-285_D1,11
TCATACTTACAGATCC-1_V13B23-285_D1,5
TCATATGAGCTTTGTT-1_V13B23-285_D1,1
TCATCACTCGAGCTCG-1_V13B23-285_D1,5
TCATCCCAGAGGGTGG-1_V13B23-285_D1,6
TCATCGATGGTCCCAA-1_V13B23-285_D1,1
TCATGCAGGTTCTCAT-1_V13B23-285_D1,13
TCATTTAAGTCTCCGA-1_V13B23-285_D1,14
TCATTTAGAAGTGTGA-1_V13B23-285_D1,11
TCCAACTTTAAATTCT-1_V13B23-285_D1,7
TCCAATAAAGGCTACC-1_V13B23-285_D1,5
TCCACAATGGTTTACG-1_V13B23-285_D1,5
TCCACCTCTAGCCTTT-1_V13B23-285_D1,5
TCCACTTTATCTAGGT-1_V13B23-285_D1,14
TCCAGAGCACCGGTTC-1_V13B23-285_D1,11
TCCAGATGTACGCCAA-1_V13B23-285_D1,14
TCCAGCGCTATAAGCG-1_V13B23-285_D1,11
TCCAGGCGAGTACGGT-1_V13B23-285_D1,5
TCCAGGGTATATACGA-1_V13B23-285_D1,5
TCCATTCCCACTAGAG-1_V13B23-285_D1,2
TCCATTGTGACCTCGT-1_V13B23-285_D1,9
TCCCAAACAGACAACG-1_V13B23-285_D1,14
TCCCAAAGACGAAGGA-1_V13B23-285_D1,5
TCCCAAAGCCCTAAAT-1_V13B23-285_D1,11
TCCCACTCTCTTCCGG-1_V13B23-285_D1,14
TCCCAGCACACGACAT-1_V13B23-285_D1,11
TCCCAGCTTTAGTCTG-1_V13B23-285_D1,5
TCCCAGGCTTAGCTAA-1_V13B23-285_D1,5
TCCCGCCTATGTGCGT-1_V13B23-285_D1,14
TCCCGCGTACTCCTGG-1_V13B23-285_D1,7
TCCCGGGTGTGCTGCT-1_V13B23-285_D1,5
TCCCGTCAGTCCCGCA-1_V13B23-285_D1,10
TCCCGTCGCGTCATAG-1_V13B23-285_D1,14
TCCCGTGTGCAATTTG-1_V13B23-285_D1,11
TCCCTAGATCAATAGG-1_V13B23-285_D1,14
TCCCTCTTCTCAAGGG-1_V13B23-285_D1,11
TCCCTGGCGTATTAAC-1_V13B23-285_D1,1
TCCCTGGCTCGCTGGA-1_V13B23-285_D1,3
TCCCTTAGATTACTCG-1_V13B23-285_D1,13
TCCCTTGTCTGAAACT-1_V13B23-285_D1,11
TCCGAACGTTGCCGCT-1_V13B23-285_D1,11
TCCGAACTTGGCTTAC-1_V13B23-285_D1,7
TCCGAAGTAGTCACCA-1_V13B23-285_D1,15
TCCGAATGGTCCTGAG-1_V13B23-285_D1,7
TCCGATAATTGCCATA-1_V13B23-285_D1,13
TCCGATGACTGAGCTC-1_V13B23-285_D1,13
TCCGATGGTGCGACAT-1_V13B23-285_D1,5
TCCGATTACATTGCCG-1_V13B23-285_D1,5
TCCGCCTGTCTACAAG-1_V13B23-285_D1,11
TCCGCGGCAGCATCTG-1_V13B23-285_D1,14
TCCGCGGCCCAATGAA-1_V13B23-285_D1,11
TCCGCTGTCATCCCGG-1_V13B23-285_D1,11
TCCGCTTATCCCATTA-1_V13B23-285_D1,5
TCCGGAGGAAGGGCTG-1_V13B23-285_D1,12
TCCGGCCTAGCGTACA-1_V13B23-285_D1,8
TCCGGCTGTCGGGTCG-1_V13B23-285_D1,11
TCCGGGCTTGACGGGA-1_V13B23-285_D1,11
TCCGGTTCGTCCGGTC-1_V13B23-285_D1,5
TCCGTAACCACAATCC-1_V13B23-285_D1,10
TCCGTTAAGCTAATAT-1_V13B23-285_D1,11
TCCGTTTAGCCTTGAA-1_V13B23-285_D1,3
TCCTAAATTGGGAAGC-1_V13B23-285_D1,11
TCCTAACCGTCGGGCA-1_V13B23-285_D1,1
TCCTACATCCACGGCC-1_V13B23-285_D1,11
TCCTAGCAAAGAAGCT-1_V13B23-285_D1,1
TCCTATCATAGGTAAC-1_V13B23-285_D1,11
TCCTCCTAAGACATTC-1_V13B23-285_D1,5
TCCTCGGGCTGGGCTT-1_V13B23-285_D1,11
TCCTCTACGAGATGGC-1_V13B23-285_D1,5
TCCTCTCCAGTTGTCC-1_V13B23-285_D1,5
TCCTCTGGCCCATTAG-1_V13B23-285_D1,9
TCCTGCCAACTGGAGA-1_V13B23-285_D1,13
TCCTGCGTTGATACTC-1_V13B23-285_D1,5
TCCTGGCGCTGCCTGG-1_V13B23-285_D1,12
TCCTTACGACGGTCCG-1_V13B23-285_D1,11
TCCTTCAGTGGTCGAA-1_V13B23-285_D1,13
TCCTTTAAATCCGCTT-1_V13B23-285_D1,11
TCCTTTCTTACGCTTA-1_V13B23-285_D1,1
TCGAAATTTAGGACCA-1_V13B23-285_D1,5
TCGAAGAACCGAGCAC-1_V13B23-285_D1,11
TCGAATATCCCGCAGG-1_V13B23-285_D1,1
TCGACAACTGAACCCG-1_V13B23-285_D1,8
TCGAGACCAACACCGT-1_V13B23-285_D1,5
TCGAGCCAGGCAGGCC-1_V13B23-285_D1,10
TCGAGGGCAACAGACG-1_V13B23-285_D1,11
TCGCAAAGATGCATTT-1_V13B23-285_D1,11
TCGCACCAGGAGGCAG-1_V13B23-285_D1,11
TCGCATAAAGGGCGCA-1_V13B23-285_D1,11
TCGCATCCCTAAGTGT-1_V13B23-285_D1,4
TCGCCGAAGTTGCGTC-1_V13B23-285_D1,10
TCGCCGGTCGATCCGT-1_V13B23-285_D1,13
TCGCGTAGCAGTGTCC-1_V13B23-285_D1,11
TCGCGTCCAGAAGGTC-1_V13B23-285_D1,5
TCGCTAAACCGCTATC-1_V13B23-285_D1,13
TCGCTCGATATATTCC-1_V13B23-285_D1,8
TCGCTCGGCACCAGCG-1_V13B23-285_D1,14
TCGCTGGGCGGATTGT-1_V13B23-285_D1,11
TCGCTGTGCGTAAATC-1_V13B23-285_D1,5
TCGCTTTAAACGTTTG-1_V13B23-285_D1,1
TCGGAATGCGCTCTGA-1_V13B23-285_D1,5
TCGGACGCCCAGCCCA-1_V13B23-285_D1,8
TCGGAGAGTATCGGGA-1_V13B23-285_D1,5
TCGGAGTACATGAGTA-1_V13B23-285_D1,14
TCGGCGAACCCAAACC-1_V13B23-285_D1,11
TCGGCGTACTGCACAA-1_V13B23-285_D1,3
TCGGCTTGTATCGACG-1_V13B23-285_D1,11
TCGGGAACGTGCCTAG-1_V13B23-285_D1,14
TCGGGAGACAGCGTAC-1_V13B23-285_D1,11
TCGGGATTCAAACATA-1_V13B23-285_D1,14
TCGGGCCGTCGTGGTA-1_V13B23-285_D1,11
TCGGGTGAAACTGCTA-1_V13B23-285_D1,9
TCGGTCCCGACAATAG-1_V13B23-285_D1,1
TCGGTCCCTGACTCCA-1_V13B23-285_D1,9
TCGGTGACCGCTCCGG-1_V13B23-285_D1,14
TCGTAAGACGACATTG-1_V13B23-285_D1,8
TCGTAAGCTCCGAGGA-1_V13B23-285_D1,3
TCGTATAGTGCAATTA-1_V13B23-285_D1,9
TCGTATTACCCATTGC-1_V13B23-285_D1,11
TCGTCAAGTACGCGCA-1_V13B23-285_D1,1
TCGTCACACTGTTAGC-1_V13B23-285_D1,5
TCGTCCGCTGGCGTCT-1_V13B23-285_D1,5
TCGTCTTAGGCGTTAA-1_V13B23-285_D1,11
TCGTGTACTATGGATG-1_V13B23-285_D1,8
TCGTGTATTGGTCACG-1_V13B23-285_D1,11
TCGTGTCACGCTGACA-1_V13B23-285_D1,14
TCGTGTTCGACCACAA-1_V13B23-285_D1,11
TCGTTAGGAGTCCCTA-1_V13B23-285_D1,5
TCGTTCGTTATTATGT-1_V13B23-285_D1,9
TCGTTGCTATCCGGTC-1_V13B23-285_D1,10
TCGTTGGCTCGTCAAT-1_V13B23-285_D1,13
TCTAATACTGCCTCAG-1_V13B23-285_D1,1
TCTACCCAATAGAGAG-1_V13B23-285_D1,11
TCTACCGTCCACAAGC-1_V13B23-285_D1,7
TCTAGCAATCTCCGCC-1_V13B23-285_D1,8
TCTAGCATCTTCGATG-1_V13B23-285_D1,5
TCTAGCATGCCCAGAA-1_V13B23-285_D1,11
TCTAGGTGGCGACGCT-1_V13B23-285_D1,14
TCTAGTGATATCGTGG-1_V13B23-285_D1,11
TCTAGTTATCAGAAGA-1_V13B23-285_D1,5
TCTATAGGTGGGTAAT-1_V13B23-285_D1,11
TCTATCATGCAGTTAC-1_V13B23-285_D1,5
TCTATCGGTCGCAACA-1_V13B23-285_D1,12
TCTATGCTATAACGAC-1_V13B23-285_D1,11
TCTATTACGCTGGCGA-1_V13B23-285_D1,12
TCTCATGAGATAGGGT-1_V13B23-285_D1,11
TCTCCAACGTAGGTTA-1_V13B23-285_D1,13
TCTCCACAAGTTGAAT-1_V13B23-285_D1,11
TCTCCCTGGGCAGCGT-1_V13B23-285_D1,11
TCTCGAACGAGGTCAC-1_V13B23-285_D1,12
TCTCGACGTATCGCCG-1_V13B23-285_D1,11
TCTCGAGGAGGTTCGC-1_V13B23-285_D1,11
TCTCGGCTCCAGGACT-1_V13B23-285_D1,5
TCTCTAATAGCTGGTA-1_V13B23-285_D1,5
TCTCTCGCCGCACATA-1_V13B23-285_D1,11
TCTGAACCGGTCGGCT-1_V13B23-285_D1,8
TCTGAACTCGTACCCG-1_V13B23-285_D1,11
TCTGAAGCACGTGGTC-1_V13B23-285_D1,11
TCTGAATTCCGTACAA-1_V13B23-285_D1,8
TCTGACGGGCTAACCC-1_V13B23-285_D1,14
TCTGAGCAATTGACTG-1_V13B23-285_D1,11
TCTGATCGGGTGCTAG-1_V13B23-285_D1,8
TCTGATGTATTCTGTC-1_V13B23-285_D1,11
TCTGATTGGAAATGGA-1_V13B23-285_D1,8
TCTGCACCATTAGTAA-1_V13B23-285_D1,3
TCTGCATACCTTGCTT-1_V13B23-285_D1,11
TCTGCCAGAAACTGCA-1_V13B23-285_D1,11
TCTGCGAATCGTTCGC-1_V13B23-285_D1,2
TCTGCGTCCGGTTTCT-1_V13B23-285_D1,5
TCTGCTTAGAACAAGC-1_V13B23-285_D1,11
TCTGGAGCGTAAGAGT-1_V13B23-285_D1,5
TCTGGCCGTTCAAGTT-1_V13B23-285_D1,8
TCTGGGAACCTTTGAA-1_V13B23-285_D1,11
TCTGGGTAGCGCTCAT-1_V13B23-285_D1,1
TCTGTCATACAAGAGC-1_V13B23-285_D1,9
TCTGTGCCATCATAGT-1_V13B23-285_D1,14
TCTGTTACCCAGCATA-1_V13B23-285_D1,1
TCTTACAGAGGTACCG-1_V13B23-285_D1,13
TCTTACCGGAACTCGT-1_V13B23-285_D1,1
TCTTACGGCATCCGAC-1_V13B23-285_D1,5
TCTTACTTATGCCTCT-1_V13B23-285_D1,11
TCTTAGAGCTCCAATT-1_V13B23-285_D1,11
TCTTAGAGTGAACTCT-1_V13B23-285_D1,11
TCTTCCCATGGGCACA-1_V13B23-285_D1,14
TCTTCGAATAGACGTT-1_V13B23-285_D1,11
TCTTCGATACCAATAA-1_V13B23-285_D1,10
TCTTCGCGGTGAGAGG-1_V13B23-285_D1,11
TCTTCTATAACCCGCC-1_V13B23-285_D1,11
TCTTGATGCGTAGCGA-1_V13B23-285_D1,14
TCTTGGTAACACCAAA-1_V13B23-285_D1,13
TCTTTAAGACTATGAA-1_V13B23-285_D1,14
TCTTTAGAGTCTAACA-1_V13B23-285_D1,11
TCTTTAGCAGGCGAAC-1_V13B23-285_D1,7
TCTTTCCTTCGAGATA-1_V13B23-285_D1,11
TCTTTCTCTTAAGGAG-1_V13B23-285_D1,9
TGAAACTTATGCAAGC-1_V13B23-285_D1,6
TGAAAGGACCTGACTC-1_V13B23-285_D1,14
TGAATATGCTATAAAC-1_V13B23-285_D1,2
TGAATGAGATACAGCA-1_V13B23-285_D1,2
TGAATGTCAGCCGGCC-1_V13B23-285_D1,4
TGACAACGCATGTCGC-1_V13B23-285_D1,11
TGACACTTCTCTTTGC-1_V13B23-285_D1,14
TGACATCGAGCGGACC-1_V13B23-285_D1,14
TGACCCACGTTAGACA-1_V13B23-285_D1,5
TGACGAATATTTCCCT-1_V13B23-285_D1,10
TGACGATGCACTAGAA-1_V13B23-285_D1,11
TGACTATAATCCTTTC-1_V13B23-285_D1,11
TGACTCTAACTGGTAA-1_V13B23-285_D1,11
TGAGAATGCTTTACCG-1_V13B23-285_D1,13
TGAGAGATTTACCACG-1_V13B23-285_D1,11
TGAGATTAGGCCCTAA-1_V13B23-285_D1,12
TGAGCCATACAGTCTC-1_V13B23-285_D1,3
TGAGCGGAAAGTGTTC-1_V13B23-285_D1,5
TGAGCTCAACTGTATA-1_V13B23-285_D1,11
TGAGCTTTAATGACGC-1_V13B23-285_D1,13
TGAGGAGTGCCAGCTT-1_V13B23-285_D1,1
TGAGTAAATTAGCGTA-1_V13B23-285_D1,5
TGAGTGCCTCTTAAAT-1_V13B23-285_D1,1
TGAGTGGTCCGTGACG-1_V13B23-285_D1,1
TGAGTTAAAGACATTC-1_V13B23-285_D1,11
TGATACATTTAGCCGT-1_V13B23-285_D1,1
TGATCAGGGAACTGCT-1_V13B23-285_D1,3
TGATCCCAGCATTAGT-1_V13B23-285_D1,3
TGATCGGTTTGACCCT-1_V13B23-285_D1,5
TGATCTACGCTGATCT-1_V13B23-285_D1,14
TGATCTCCGGCGCCAG-1_V13B23-285_D1,5
TGATGGCTGTTTCTGA-1_V13B23-285_D1,14
TGATGTCAATTAAGTG-1_V13B23-285_D1,11
TGATTATGGCACGCAG-1_V13B23-285_D1,10
TGATTCGTCTATCACT-1_V13B23-285_D1,10
TGATTCTGTCGCCGGT-1_V13B23-285_D1,5
TGATTTATTAGCTGTG-1_V13B23-285_D1,5
TGATTTCCTCCTGACG-1_V13B23-285_D1,5
TGCAACCCATCTGCGG-1_V13B23-285_D1,11
TGCAAGAATGACGTAA-1_V13B23-285_D1,4
TGCAATCTAACACGGT-1_V13B23-285_D1,11
TGCAATTTGGGCACGG-1_V13B23-285_D1,12
TGCACAGTGAAGTTAT-1_V13B23-285_D1,14
TGCAGAACTATATCGT-1_V13B23-285_D1,14
TGCAGAGTACCGAGCA-1_V13B23-285_D1,1
TGCAGATCGTCCTAGG-1_V13B23-285_D1,8
TGCAGCTACGTACTTC-1_V13B23-285_D1,8
TGCAGGATCGGCAAAG-1_V13B23-285_D1,5
TGCAGTGAGGCTCGGG-1_V13B23-285_D1,2
TGCAGTTTCCTCCCAT-1_V13B23-285_D1,11
TGCATATGTCTGTCAC-1_V13B23-285_D1,14
TGCATGGATCGGATCT-1_V13B23-285_D1,13
TGCATGTGGTAATCTA-1_V13B23-285_D1,1
TGCCAAAGTCAGACTT-1_V13B23-285_D1,7
TGCCAATGGGTACTCT-1_V13B23-285_D1,5
TGCCACCTGGCGAAAC-1_V13B23-285_D1,13
TGCCAGTACGTGGAGA-1_V13B23-285_D1,11
TGCCATTACTAAAGAA-1_V13B23-285_D1,1
TGCCCGTACCGTTAAA-1_V13B23-285_D1,11
TGCCGAAAGCGTATTC-1_V13B23-285_D1,8
TGCCGTGGATCGTCCT-1_V13B23-285_D1,5
TGCCTAAATTTAATAG-1_V13B23-285_D1,11
TGCCTAATTGAAGATT-1_V13B23-285_D1,11
TGCCTGACATCGGTCA-1_V13B23-285_D1,5
TGCCTGATCAAACGAT-1_V13B23-285_D1,13
TGCCTTGGCCAGGCAA-1_V13B23-285_D1,11
TGCGACACCCTAGTGC-1_V13B23-285_D1,1
TGCGACGGCCGAACGT-1_V13B23-285_D1,1
TGCGAGAATATTACCC-1_V13B23-285_D1,1
TGCGAGCCCTTCCGCG-1_V13B23-285_D1,13
TGCGCAAAGCATTTGG-1_V13B23-285_D1,10
TGCGCCGTTAATAACG-1_V13B23-285_D1,11
TGCGCGATTAACGGAG-1_V13B23-285_D1,5
TGCGGAGTAAAGGTGC-1_V13B23-285_D1,13
TGCGGCATAGTTCAAC-1_V13B23-285_D1,13
TGCGGTGAAATTTCAT-1_V13B23-285_D1,6
TGCGTAAGAACCTGAT-1_V13B23-285_D1,7
TGCGTACGGCTAATTG-1_V13B23-285_D1,11
TGCGTCATGACTGAGC-1_V13B23-285_D1,1
TGCGTGATTGGGTGTC-1_V13B23-285_D1,3
TGCGTTTGTTGACACT-1_V13B23-285_D1,11
TGCTAAGTGTCTATTT-1_V13B23-285_D1,11
TGCTCCACAGTTCTTA-1_V13B23-285_D1,11
TGCTCGGCGAAACCCA-1_V13B23-285_D1,5
TGCTCTGCCGGTTCAC-1_V13B23-285_D1,7
TGCTCTTGAGAGTTTG-1_V13B23-285_D1,11
TGCTGGTTGGACAATT-1_V13B23-285_D1,5
TGCTGTTGAAGAACTC-1_V13B23-285_D1,11
TGCTTCCCAAGCAGTA-1_V13B23-285_D1,12
TGCTTGAAACCATGCA-1_V13B23-285_D1,5
TGGAACCACTGACACA-1_V13B23-285_D1,7
TGGAAGAAGGGAACGT-1_V13B23-285_D1,14
TGGAAGACGAACACCA-1_V13B23-285_D1,13
TGGAAGGATAAAGATG-1_V13B23-285_D1,13
TGGAATATCCTTGACC-1_V13B23-285_D1,14
TGGAATTAGACGCTTT-1_V13B23-285_D1,5
TGGACCAATCTAAGAT-1_V13B23-285_D1,11
TGGACCACGGCGTTGA-1_V13B23-285_D1,13
TGGACGCAATCCAGCC-1_V13B23-285_D1,7
TGGACTGTTCGCTCAA-1_V13B23-285_D1,11
TGGAGGGAAACACCTC-1_V13B23-285_D1,2
TGGAGTGATGCGATGA-1_V13B23-285_D1,5
TGGCAAACTAAATTAC-1_V13B23-285_D1,11
TGGCAACTCGCGCGCC-1_V13B23-285_D1,1
TGGCAATGGGACGGCG-1_V13B23-285_D1,11
TGGCAGATTACGATCA-1_V13B23-285_D1,5
TGGCAGCAGTAATAGT-1_V13B23-285_D1,5
TGGCCAAACTGAAGTA-1_V13B23-285_D1,7
TGGCCGTATATTGACC-1_V13B23-285_D1,5
TGGCGACTGCTCCAAA-1_V13B23-285_D1,1
TGGCGATCAAGTTATG-1_V13B23-285_D1,1
TGGCTACACTCTACCT-1_V13B23-285_D1,11
TGGCTATGTGACATAC-1_V13B23-285_D1,11
TGGCTTGTACAAGCTT-1_V13B23-285_D1,2
TGGCTTTGGGTAGACA-1_V13B23-285_D1,5
TGGGAAATGCCTTTCC-1_V13B23-285_D1,5
TGGGATGCACTCATTC-1_V13B23-285_D1,14
TGGGCAATAGTTGGGT-1_V13B23-285_D1,11
TGGGCACGTTCTATGG-1_V13B23-285_D1,13
TGGGCAGGCCACCGCA-1_V13B23-285_D1,11
TGGGCCACAAGAGCGC-1_V13B23-285_D1,13
TGGGCCCATACTAATT-1_V13B23-285_D1,11
TGGTAGAATATATGGG-1_V13B23-285_D1,11
TGGTATCGCATCCCAA-1_V13B23-285_D1,9
TGGTCCCACGCTACGG-1_V13B23-285_D1,11
TGGTGATCGTATTTGT-1_V13B23-285_D1,8
TGGTTAAGGGCGCTGG-1_V13B23-285_D1,14
TGGTTCAACGGGTAAT-1_V13B23-285_D1,11
TGGTTCGTAGCAAAGG-1_V13B23-285_D1,1
TGGTTGGAGGATCCTG-1_V13B23-285_D1,12
TGGTTTAAACGTGGGT-1_V13B23-285_D1,14
TGTAATGACCACAATA-1_V13B23-285_D1,14
TGTACCTACACGAGGG-1_V13B23-285_D1,11
TGTACGAACAAATCCG-1_V13B23-285_D1,5
TGTACTACTCTCACGG-1_V13B23-285_D1,2
TGTAGCCATCCCATTC-1_V13B23-285_D1,11
TGTAGGAGAAATTTCC-1_V13B23-285_D1,14
TGTAGTGATCTATAAT-1_V13B23-285_D1,5
TGTATAACAGATCCTG-1_V13B23-285_D1,14
TGTATACGGATGATGA-1_V13B23-285_D1,3
TGTATCCTTATTCCAT-1_V13B23-285_D1,9
TGTATGGCGCAGACAG-1_V13B23-285_D1,11
TGTATTTACCTAATGC-1_V13B23-285_D1,9
TGTCATTTGTTGGGAA-1_V13B23-285_D1,14
TGTCCACGGCTCAACT-1_V13B23-285_D1,11
TGTCCCGACATAGCAC-1_V13B23-285_D1,9
TGTCCGTGGCGCCTTT-1_V13B23-285_D1,5
TGTCCTAAGTCACCGC-1_V13B23-285_D1,14
TGTCGGCATGGTGGAA-1_V13B23-285_D1,13
TGTCTACAGTTTCTGT-1_V13B23-285_D1,9
TGTGACTACGCCAGTC-1_V13B23-285_D1,13
TGTGAGACTAGCCCAA-1_V13B23-285_D1,5
TGTGCCGGTGCCGGAA-1_V13B23-285_D1,11
TGTGCTTTACGTAAGA-1_V13B23-285_D1,14
TGTGGACTATCTACGT-1_V13B23-285_D1,11
TGTGGCAAAGCGTATG-1_V13B23-285_D1,12
TGTGGCTCCCACCAAC-1_V13B23-285_D1,11
TGTGGTAGGGTGCCTT-1_V13B23-285_D1,11
TGTGTAGTAGCACGTG-1_V13B23-285_D1,11
TGTGTCGCGAGTTGCA-1_V13B23-285_D1,5
TGTGTTCGTATCCAAG-1_V13B23-285_D1,5
TGTTATTGTATGTGGC-1_V13B23-285_D1,11
TGTTCCGCTTCCATGA-1_V13B23-285_D1,5
TGTTCGTATTGCGGTG-1_V13B23-285_D1,5
TGTTCTTCCATTGACT-1_V13B23-285_D1,5
TGTTGCCGTCGTCCCA-1_V13B23-285_D1,11
TGTTGTCAAGAAGTCT-1_V13B23-285_D1,1
TGTTTAATACTTCATC-1_V13B23-285_D1,9
TGTTTCGGTACTTCTC-1_V13B23-285_D1,15
TGTTTGAGATCGTCAG-1_V13B23-285_D1,11
TTAAACAGAGTCCCGC-1_V13B23-285_D1,13
TTAAACTCGAATTCAT-1_V13B23-285_D1,14
TTAACACCTCGAACAT-1_V13B23-285_D1,5
TTAACCAACCCTCCCT-1_V13B23-285_D1,5
TTAACGAACAAGCAGT-1_V13B23-285_D1,2
TTAACGTCGCAAGACC-1_V13B23-285_D1,9
TTAACTTCAGGTAGGA-1_V13B23-285_D1,1
TTAAGATAGGATTGAC-1_V13B23-285_D1,11
TTAAGCCGACAACTTC-1_V13B23-285_D1,6
TTAAGCGCCTGACCCA-1_V13B23-285_D1,5
TTAAGGCCCGTACTTT-1_V13B23-285_D1,1
TTAAGTATTGTTATCC-1_V13B23-285_D1,11
TTAATCAGTACGTCAG-1_V13B23-285_D1,13
TTAATGTAGACCAGGT-1_V13B23-285_D1,1
TTAATTGCTTTGGGTG-1_V13B23-285_D1,11
TTAATTTCAGACGCGG-1_V13B23-285_D1,13
TTACAACTACGCATCC-1_V13B23-285_D1,5
TTACACGATCTGCGAC-1_V13B23-285_D1,11
TTACAGACCTAAATGA-1_V13B23-285_D1,14
TTACATCGTGGCCTGG-1_V13B23-285_D1,5
TTACATGCCACAACTA-1_V13B23-285_D1,11
TTACCATTGATTACCC-1_V13B23-285_D1,14
TTACCCATTGCCGGGT-1_V13B23-285_D1,13
TTACCCTAACAGTCCT-1_V13B23-285_D1,3
TTACCCTAGGGATTGG-1_V13B23-285_D1,7
TTACCGCCTTAGGGAA-1_V13B23-285_D1,5
TTACGGATGGTTCGAG-1_V13B23-285_D1,14
TTACGTATCTATGACA-1_V13B23-285_D1,11
TTACTAAAGGACTTTA-1_V13B23-285_D1,11
TTACTATCGGCTTCTC-1_V13B23-285_D1,14
TTACTCCGGCCGGGAA-1_V13B23-285_D1,1
TTACTCTGGTACGTAC-1_V13B23-285_D1,3
TTACTGGGATATTTCA-1_V13B23-285_D1,5
TTACTGTCTAGAGCTC-1_V13B23-285_D1,2
TTAGAAGAACATGACT-1_V13B23-285_D1,5
TTAGAATAAGGGTCGG-1_V13B23-285_D1,1
TTAGACACGATCGTTG-1_V13B23-285_D1,13
TTAGACGAGTCACCTC-1_V13B23-285_D1,11
TTAGAGTTTAGAAGGA-1_V13B23-285_D1,11
TTAGATAGGTCGATAC-1_V13B23-285_D1,5
TTAGCAACATGGATGT-1_V13B23-285_D1,5
TTAGCTAATACGATCT-1_V13B23-285_D1,12
TTAGCTCTGTAATCCG-1_V13B23-285_D1,7
TTAGCTGATTTGCCGT-1_V13B23-285_D1,11
TTAGGATGGGAGGGTA-1_V13B23-285_D1,11
TTAGGTCATAACCGAC-1_V13B23-285_D1,1
TTAGTAAACCTGCTCT-1_V13B23-285_D1,11
TTAGTAGGGCGGCGGG-1_V13B23-285_D1,14
TTAGTTATTCGTGGCA-1_V13B23-285_D1,11
TTAGTTCAAGTGTTCG-1_V13B23-285_D1,14
TTATAGGTAATTGTCT-1_V13B23-285_D1,11
TTATATACGCTGTCAC-1_V13B23-285_D1,11
TTATATTTGGCAATCC-1_V13B23-285_D1,8
TTATCCAATCGAACTC-1_V13B23-285_D1,5
TTATCCGGGATCTATA-1_V13B23-285_D1,11
TTATCCTCAAGGAATA-1_V13B23-285_D1,14
TTATCGCCTGCGAAGC-1_V13B23-285_D1,10
TTATCTGTATCATAAC-1_V13B23-285_D1,10
TTATGAATGAAAGGGA-1_V13B23-285_D1,5
TTATGACAAACTGGAT-1_V13B23-285_D1,5
TTATGATCTTAACGAA-1_V13B23-285_D1,11
TTATGTTTGCGATAGA-1_V13B23-285_D1,10
TTATTAGAGCGTGTTC-1_V13B23-285_D1,11
TTATTAGGGAAGCATC-1_V13B23-285_D1,13
TTATTATCTGGAAGGC-1_V13B23-285_D1,11
TTATTTAGGTTCCTTA-1_V13B23-285_D1,11
TTCAAAGTCTCTAGCC-1_V13B23-285_D1,15
TTCAACGACCCGACCG-1_V13B23-285_D1,5
TTCAAGCCGAGCTGAG-1_V13B23-285_D1,6
TTCAATACTCTGAATC-1_V13B23-285_D1,11
TTCAATTAGCCATAAT-1_V13B23-285_D1,9
TTCACGAAAGGATCAC-1_V13B23-285_D1,5
TTCACTCGAGCACCTA-1_V13B23-285_D1,11
TTCAGAGTAACCTGAC-1_V13B23-285_D1,13
TTCAGCCCTGGTCCAC-1_V13B23-285_D1,11
TTCAGCTGGCGTGCCC-1_V13B23-285_D1,11
TTCAGGCGTCAAAGCC-1_V13B23-285_D1,14
TTCATGGCGCAACAGG-1_V13B23-285_D1,13
TTCCAATCAGAGCTAG-1_V13B23-285_D1,12
TTCCAATCTGGCTATC-1_V13B23-285_D1,5
TTCCACACAGATTTGA-1_V13B23-285_D1,5
TTCCAGACGAGATTTA-1_V13B23-285_D1,11
TTCCATCATGCGGTGA-1_V13B23-285_D1,12
TTCCATCGACAGCGTG-1_V13B23-285_D1,11
TTCCGCAGAGAAATAT-1_V13B23-285_D1,14
TTCCGCGTGAGGCGAT-1_V13B23-285_D1,5
TTCCGGCCTTGAGGCT-1_V13B23-285_D1,12
TTCCGGCTCGACTTCT-1_V13B23-285_D1,2
TTCCGGTATCTGTGTC-1_V13B23-285_D1,11
TTCCGGTTACCCACTT-1_V13B23-285_D1,11
TTCCTCGAGGGTGTCT-1_V13B23-285_D1,5
TTCCTCGGACTAACCA-1_V13B23-285_D1,11
TTCCTCTGCCCGAATA-1_V13B23-285_D1,14
TTCCTTTCTGTGTTGC-1_V13B23-285_D1,5
TTCGACAGAGCCCGTG-1_V13B23-285_D1,11
TTCGACGGGAAGGGCG-1_V13B23-285_D1,5
TTCGCACTCGCGTGCT-1_V13B23-285_D1,5
TTCGCACTGTACGACA-1_V13B23-285_D1,10
TTCGCATCCGGAAGCA-1_V13B23-285_D1,5
TTCGCGCGCCATACGA-1_V13B23-285_D1,3
TTCGCTAGGAAGTTGT-1_V13B23-285_D1,11
TTCGCTATCTGACGTG-1_V13B23-285_D1,14
TTCGGCAACCCGCTGA-1_V13B23-285_D1,13
TTCGGCTAGAGATGGT-1_V13B23-285_D1,12
TTCGGGACTAATCGCG-1_V13B23-285_D1,15
TTCGGGCGCTAGTCTT-1_V13B23-285_D1,5
TTCGGGTTGCCACGGG-1_V13B23-285_D1,11
TTCGGTGGAGACGCCC-1_V13B23-285_D1,11
TTCGTAATCCCAGCGG-1_V13B23-285_D1,9
TTCGTACTCCAGAACG-1_V13B23-285_D1,5
TTCGTTCAACGAAGTT-1_V13B23-285_D1,14
TTCTAACCGAAGCTTA-1_V13B23-285_D1,7
TTCTACTTGCGAGGGC-1_V13B23-285_D1,5
TTCTAGAAAGTCTTAT-1_V13B23-285_D1,10
TTCTAGGCCAATTGTG-1_V13B23-285_D1,5
TTCTATGCCTTTCGCA-1_V13B23-285_D1,14
TTCTGACCGGGCTCAA-1_V13B23-285_D1,11
TTCTGCCGCGCCTAGA-1_V13B23-285_D1,11
TTCTGCGAGCGCCCTT-1_V13B23-285_D1,8
TTCTGCGGGTTAGCGG-1_V13B23-285_D1,11
TTCTGCTAGACTCCAA-1_V13B23-285_D1,14
TTCTTAGTGAACGGTG-1_V13B23-285_D1,5
TTCTTAGTGGCTCAGA-1_V13B23-285_D1,13
TTCTTATCCGCTGGGT-1_V13B23-285_D1,11
TTCTTGAGCCGCGCTA-1_V13B23-285_D1,1
TTCTTGCTAGCATCTC-1_V13B23-285_D1,11
TTCTTGGACGATCTGC-1_V13B23-285_D1,1
TTCTTGGAGTAATGAG-1_V13B23-285_D1,13
TTCTTGTAACCTAATG-1_V13B23-285_D1,3
TTCTTTGGTCGCGACG-1_V13B23-285_D1,2
TTGAAACCCTCATTCC-1_V13B23-285_D1,11
TTGAAAGGTGTAAAGG-1_V13B23-285_D1,14
TTGAACGAATCCTTTG-1_V13B23-285_D1,5
TTGAACGACGTGCTGA-1_V13B23-285_D1,11
TTGAAGAATTCCCAGG-1_V13B23-285_D1,5
TTGAATATGGACTTTC-1_V13B23-285_D1,1
TTGAATTCACGTGAGG-1_V13B23-285_D1,11
TTGACAGGAGCTCCCG-1_V13B23-285_D1,11
TTGACATGAACGTGGA-1_V13B23-285_D1,1
TTGACCAGGAACAACT-1_V13B23-285_D1,11
TTGACCATGTTCTCCG-1_V13B23-285_D1,10
TTGACCGTGTTAATGA-1_V13B23-285_D1,1
TTGACGCTCCATGAGC-1_V13B23-285_D1,11
TTGACTACCATATGGT-1_V13B23-285_D1,8
TTGACTATTGTCCGGC-1_V13B23-285_D1,11
TTGAGAAGTTTAGCAT-1_V13B23-285_D1,11
TTGAGAGTACTGCTAA-1_V13B23-285_D1,1
TTGAGCAGCCCACGGT-1_V13B23-285_D1,11
TTGAGCGCCACGTGAT-1_V13B23-285_D1,1
TTGAGTCCCGCTGCTG-1_V13B23-285_D1,11
TTGATAGTCAATACAT-1_V13B23-285_D1,14
TTGATCTAACTTTGTC-1_V13B23-285_D1,5
TTGATGTGTAGTCCCG-1_V13B23-285_D1,1
TTGATTAGCTGTTTCT-1_V13B23-285_D1,7
TTGATTATGCAGATGA-1_V13B23-285_D1,5
TTGCACAATTCAGAAA-1_V13B23-285_D1,5
TTGCACGGAGCAGCAC-1_V13B23-285_D1,5
TTGCATGCTGATCACG-1_V13B23-285_D1,1
TTGCCAAGCAGAACCC-1_V13B23-285_D1,11
TTGCCATAGCCCGCTC-1_V13B23-285_D1,1
TTGCCCTGATCACGGG-1_V13B23-285_D1,5
TTGCCGCTTTCTAGTA-1_V13B23-285_D1,11
TTGCCGGTGATCCCTC-1_V13B23-285_D1,14
TTGCGGCATCAGAAAG-1_V13B23-285_D1,1
TTGCGTAGTTTGAGGA-1_V13B23-285_D1,12
TTGCGTCGGCCAACCG-1_V13B23-285_D1,5
TTGCGTGAACGCTTAG-1_V13B23-285_D1,14
TTGCTCATAGTACGTG-1_V13B23-285_D1,11
TTGCTCCCATACCGGA-1_V13B23-285_D1,13
TTGCTGAAGGAACCAC-1_V13B23-285_D1,12
TTGCTGATCATGTTCG-1_V13B23-285_D1,5
TTGCTGCACCTATCCA-1_V13B23-285_D1,5
TTGCTGGCCGGGCTTC-1_V13B23-285_D1,9
TTGGAAGAATACAGTC-1_V13B23-285_D1,1
TTGGACATGTGGCTTA-1_V13B23-285_D1,14
TTGGACCATCTGGCAA-1_V13B23-285_D1,11
TTGGACCTATAACAGT-1_V13B23-285_D1,11
TTGGATATCGTCTACG-1_V13B23-285_D1,5
TTGGATCGACTTCTGG-1_V13B23-285_D1,9
TTGGATTGGGTACCAC-1_V13B23-285_D1,13
TTGGCCATCTTGCGCT-1_V13B23-285_D1,5
TTGGCCTAGAATTTCG-1_V13B23-285_D1,6
TTGGCGATCCGAATAT-1_V13B23-285_D1,5
TTGGCTCAATATGTGT-1_V13B23-285_D1,11
TTGGCTCGCATGAGAC-1_V13B23-285_D1,5
TTGGGACACTGCCCGC-1_V13B23-285_D1,10
TTGGGACGTAAGAGTT-1_V13B23-285_D1,11
TTGGGCGGCGGTTGCC-1_V13B23-285_D1,14
TTGGGTTTATTCAGCG-1_V13B23-285_D1,2
TTGGTATGGCTTGTGT-1_V13B23-285_D1,8
TTGGTCACACTCGTAA-1_V13B23-285_D1,5
TTGGTTCGCTCAAAGG-1_V13B23-285_D1,10
TTGGTTGCGGTGCGCG-1_V13B23-285_D1,5
TTGTAAGGACCTAAGT-1_V13B23-285_D1,10
TTGTAAGGCCAGTTGG-1_V13B23-285_D1,1
TTGTAATCCGTACTCG-1_V13B23-285_D1,5
TTGTATCACACAGAAT-1_V13B23-285_D1,6
TTGTCGTTCAGTTACC-1_V13B23-285_D1,5
TTGTGAACCTAATCCG-1_V13B23-285_D1,11
TTGTGCAGCCACGTCA-1_V13B23-285_D1,11
TTGTGGCCCTGACAGT-1_V13B23-285_D1,13
TTGTGGTAGGAGGGAT-1_V13B23-285_D1,10
TTGTGGTATAGGTATG-1_V13B23-285_D1,7
TTGTGGTGGTACTAAG-1_V13B23-285_D1,11
TTGTGTATGCCACCAA-1_V13B23-285_D1,7
TTGTGTTTCCCGAAAG-1_V13B23-285_D1,5
TTGTTAGCAAATTCGA-1_V13B23-285_D1,5
TTGTTCAGTGTGCTAC-1_V13B23-285_D1,1
TTGTTGTGTGTCAAGA-1_V13B23-285_D1,14
TTGTTTCACATCCAGG-1_V13B23-285_D1,1
TTGTTTCATTAGTCTA-1_V13B23-285_D1,1
TTGTTTCCATACAACT-1_V13B23-285_D1,1
