key,cluster
AAACAAGTATCTCCCA-1_V12D07-075_C1,20
AAACAGAGCGACTCCT-1_V12D07-075_C1,8
AAACATTTCCCGGATT-1_V12D07-075_C1,20
AAACCCGAACGAAATC-1_V12D07-075_C1,8
AAACCGGAAATGTTAA-1_V12D07-075_C1,8
AAACCGGGTAGGTACC-1_V12D07-075_C1,15
AAACCGTTCGTCCAGG-1_V12D07-075_C1,15
AAACCTAAGCAGCCGG-1_V12D07-075_C1,14
AAACCTCATGAAGTTG-1_V12D07-075_C1,2
AAACGAAGAACATACC-1_V12D07-075_C1,6
AAACGAGACGGTTGAT-1_V12D07-075_C1,20
AAACGCTGGGCACGAC-1_V12D07-075_C1,9
AAACGGTTGCGAACTG-1_V12D07-075_C1,4
AAACGTGTTCGCCCTA-1_V12D07-075_C1,8
AAACTAACGTGGCGAC-1_V12D07-075_C1,8
AAACTCGGTTCGCAAT-1_V12D07-075_C1,20
AAACTCGTGATATAAG-1_V12D07-075_C1,8
AAACTGCTGGCTCCAA-1_V12D07-075_C1,20
AAAGAATGTGGACTAA-1_V12D07-075_C1,2
AAAGACCCAAGTCGCG-1_V12D07-075_C1,6
AAAGACTGGGCGCTTT-1_V12D07-075_C1,14
AAAGCTTGCCTACATA-1_V12D07-075_C1,8
AAAGGCTACGGACCAT-1_V12D07-075_C1,14
AAAGGCTCTCGCGCCG-1_V12D07-075_C1,2
AAAGGGATGTAGCAAG-1_V12D07-075_C1,14
AAAGGGCAGCTTGAAT-1_V12D07-075_C1,14
AAAGGTAAGCTGTACC-1_V12D07-075_C1,8
AAAGTCACTGATGTAA-1_V12D07-075_C1,6
AAAGTCGACCCTCAGT-1_V12D07-075_C1,2
AAAGTGCCATCAATTA-1_V12D07-075_C1,20
AAAGTGTGATTTATCT-1_V12D07-075_C1,20
AAAGTTGACTCCCGTA-1_V12D07-075_C1,20
AAATAACCATACGGGA-1_V12D07-075_C1,8
AAATAAGGTAGTGCCC-1_V12D07-075_C1,8
AAATACCTATAAGCAT-1_V12D07-075_C1,14
AAATAGCTTAGACTTT-1_V12D07-075_C1,8
AAATAGGGTGCTATTG-1_V12D07-075_C1,12
AAATCGTGTACCACAA-1_V12D07-075_C1,14
AAATCTAGCCCTGCTA-1_V12D07-075_C1,20
AAATGATTCGATCAGC-1_V12D07-075_C1,8
AAATGGCATGTCTTGT-1_V12D07-075_C1,6
AAATGGTCAATGTGCC-1_V12D07-075_C1,14
AAATTAACGGGTAGCT-1_V12D07-075_C1,14
AAATTAATAAGCGCGA-1_V12D07-075_C1,20
AAATTACACGACTCTG-1_V12D07-075_C1,6
AAATTACCTATCGATG-1_V12D07-075_C1,2
AAATTCCAGGTCCAAA-1_V12D07-075_C1,8
AAATTGGTGAGAAGCA-1_V12D07-075_C1,8
AAATTTACCGAAATCC-1_V12D07-075_C1,8
AAATTTGCGGGTGTGG-1_V12D07-075_C1,15
AACAACTGGTAGTTGC-1_V12D07-075_C1,14
AACACACGCTCGCCGC-1_V12D07-075_C1,20
AACACGACTGTACTGA-1_V12D07-075_C1,6
AACACGCGGCCGCGAA-1_V12D07-075_C1,6
AACAGGATGGGCCGCG-1_V12D07-075_C1,14
AACAGGTAGTATGGAT-1_V12D07-075_C1,2
AACATATCAACTGGTG-1_V12D07-075_C1,2
AACATCGATACGTCTA-1_V12D07-075_C1,8
AACATTGTGACTCGAG-1_V12D07-075_C1,14
AACCAAGACTTCTCTG-1_V12D07-075_C1,14
AACCAGTATCACTCTT-1_V12D07-075_C1,8
AACCATGGGATCGCTA-1_V12D07-075_C1,6
AACCCAGAGACGGAGA-1_V12D07-075_C1,3
AACCCGAGCAGAATCG-1_V12D07-075_C1,20
AACCCTACTGTCAATA-1_V12D07-075_C1,20
AACCCTGGTGGAACCA-1_V12D07-075_C1,6
AACCGAGCTTGGTCAT-1_V12D07-075_C1,14
AACCGCTAAGGGATGC-1_V12D07-075_C1,20
AACCGTTGTGTTTGCT-1_V12D07-075_C1,6
AACCTCGCTTTAGCCC-1_V12D07-075_C1,20
AACCTGTCACGGAATT-1_V12D07-075_C1,8
AACCTTTAAATACGGT-1_V12D07-075_C1,14
AACCTTTACGACGTCT-1_V12D07-075_C1,2
AACGATAATGCCGTAG-1_V12D07-075_C1,12
AACGATATGTCAACTG-1_V12D07-075_C1,8
AACGCATGATCTGGGT-1_V12D07-075_C1,8
AACGCGAACGGCAACA-1_V12D07-075_C1,6
AACGCGACCTTGGGCG-1_V12D07-075_C1,14
AACGCGGTCTCCAGCC-1_V12D07-075_C1,14
AACGCTGTTGCTGAAA-1_V12D07-075_C1,20
AACGGACGTACGTATA-1_V12D07-075_C1,20
AACGGCCATCTCCGGT-1_V12D07-075_C1,15
AACGTACTGTGGGTAC-1_V12D07-075_C1,15
AACGTGATGAAGGACA-1_V12D07-075_C1,6
AACGTGCGAAAGTCTC-1_V12D07-075_C1,14
AACGTTATCAGCACCT-1_V12D07-075_C1,14
AACTACCCGTTTGTCA-1_V12D07-075_C1,2
AACTAGGCTTGGGTGT-1_V12D07-075_C1,14
AACTCAAGTTAATTGC-1_V12D07-075_C1,14
AACTCCAGAGCGTGTT-1_V12D07-075_C1,12
AACTCCTAATCCCATG-1_V12D07-075_C1,8
AACTCGATGGCGCAGT-1_V12D07-075_C1,6
AACTCTCAATAGAGCG-1_V12D07-075_C1,2
AACTCTCAGTGTGCTC-1_V12D07-075_C1,15
AACTGAGGTCAGCGTC-1_V12D07-075_C1,8
AACTGAGTTATACTGA-1_V12D07-075_C1,8
AACTGATATTAGGCCT-1_V12D07-075_C1,6
AACTGGGTCCCGACGT-1_V12D07-075_C1,6
AACTGGTGTGGGCCTT-1_V12D07-075_C1,8
AACTTGCCCGTATGCA-1_V12D07-075_C1,14
AACTTTACGGGAGCTT-1_V12D07-075_C1,14
AAGAAGGATCAGTTAG-1_V12D07-075_C1,6
AAGACATACGTGGTTT-1_V12D07-075_C1,20
AAGACCCAACTGAACA-1_V12D07-075_C1,14
AAGACTGCAAGCTACT-1_V12D07-075_C1,14
AAGAGATGAATCGGTA-1_V12D07-075_C1,14
AAGAGCTCTTTATCGG-1_V12D07-075_C1,20
AAGAGGATGTACGCGA-1_V12D07-075_C1,2
AAGAGGCATGGATCGC-1_V12D07-075_C1,2
AAGAGGCCCTTTGGAA-1_V12D07-075_C1,20
AAGATTGGCGGAACGT-1_V12D07-075_C1,2
AAGCACCCTGCGTATC-1_V12D07-075_C1,14
AAGCATACTCTCCTGA-1_V12D07-075_C1,14
AAGCCGAAGCGGTTTA-1_V12D07-075_C1,20
AAGCCGGAGAGCAGGA-1_V12D07-075_C1,20
AAGCGCAGGGCTTTGA-1_V12D07-075_C1,20
AAGCGGCGTCATGGGT-1_V12D07-075_C1,8
AAGCTAGATCGAGTAA-1_V12D07-075_C1,14
AAGCTCGTGCCAAGTC-1_V12D07-075_C1,14
AAGCTCTTTCATGGTG-1_V12D07-075_C1,7
AAGGAGCGGTTGGTGC-1_V12D07-075_C1,14
AAGGATGAGGGACCTC-1_V12D07-075_C1,15
AAGGCAGGCTGTCTCC-1_V12D07-075_C1,8
AAGGCGCGTAAAGCTT-1_V12D07-075_C1,14
AAGGCTGTGCTCATCG-1_V12D07-075_C1,14
AAGGGACAGATTCTGT-1_V12D07-075_C1,2
AAGGTATCCTAATATA-1_V12D07-075_C1,8
AAGGTGATAAACCAGC-1_V12D07-075_C1,20
AAGTAGAAGACCGGGT-1_V12D07-075_C1,14
AAGTAGTGACGCGAGG-1_V12D07-075_C1,14
AAGTCAATTGTCGTCA-1_V12D07-075_C1,20
AAGTCTTCTGTGGCCT-1_V12D07-075_C1,2
AAGTGACGACCGAATT-1_V12D07-075_C1,15
AAGTGAGTCGGGTTTA-1_V12D07-075_C1,9
AAGTGCAAAGGTAGAC-1_V12D07-075_C1,3
AAGTGCCTTGACTGTA-1_V12D07-075_C1,2
AAGTGTTTGGAGACGG-1_V12D07-075_C1,12
AAGTTCACTCCAAGCT-1_V12D07-075_C1,12
AAGTTCAGTCTGCGTA-1_V12D07-075_C1,8
AAGTTCGGCCAACAGG-1_V12D07-075_C1,15
AAGTTTACTAATGGCA-1_V12D07-075_C1,6
AAGTTTATGGGCCCAA-1_V12D07-075_C1,20
AATAACAACGCTCGGC-1_V12D07-075_C1,14
AATAACACTAGAACAA-1_V12D07-075_C1,15
AATAAGTCCTCGAGAC-1_V12D07-075_C1,4
AATAATCTTCGTATCG-1_V12D07-075_C1,8
AATAGAACAGAGTGGC-1_V12D07-075_C1,15
AATAGAATCTGTTTCA-1_V12D07-075_C1,9
AATAGCAAGCCTCCTG-1_V12D07-075_C1,8
AATAGCTACCGCGTGC-1_V12D07-075_C1,8
AATAGTCCGTCCCGAC-1_V12D07-075_C1,14
AATAGTCGCGAGTCGG-1_V12D07-075_C1,14
AATATCAAGGTCGGAT-1_V12D07-075_C1,6
AATATCGAATCAATGC-1_V12D07-075_C1,2
AATATCGAGGGTTCTC-1_V12D07-075_C1,2
AATCAGACTGCAGGAC-1_V12D07-075_C1,6
AATCATGTAAAGACTC-1_V12D07-075_C1,20
AATCCAAGGGCCTGAG-1_V12D07-075_C1,6
AATCCATGCAAGGGTG-1_V12D07-075_C1,6
AATCGCCTCAGCGCCA-1_V12D07-075_C1,14
AATCGCGCAGAGGACT-1_V12D07-075_C1,8
AATCGGGACACTACGA-1_V12D07-075_C1,6
AATCGGTATAGCCCTC-1_V12D07-075_C1,2
AATCGTGAGCCGAGCA-1_V12D07-075_C1,20
AATCTATGCCGGAGCC-1_V12D07-075_C1,8
AATCTCTACTGTGGTT-1_V12D07-075_C1,2
AATCTGCGTTGGGACG-1_V12D07-075_C1,15
AATGACAGCAATGTCT-1_V12D07-075_C1,15
AATGACGTAGGATGTC-1_V12D07-075_C1,20
AATGACTGTCAGCCGG-1_V12D07-075_C1,14
AATGAGTTCGCATATG-1_V12D07-075_C1,12
AATGATGATACGCTAT-1_V12D07-075_C1,8
AATGATGCGACTCCTG-1_V12D07-075_C1,8
AATGCAACCGGGTACC-1_V12D07-075_C1,14
AATGCACCAAGCAATG-1_V12D07-075_C1,8
AATGGTTCTCACAAGC-1_V12D07-075_C1,14
AATGTTGTCGTGAGAC-1_V12D07-075_C1,20
AATTAAAGGTCGGCGT-1_V12D07-075_C1,14
AATTAACGGATTTCCA-1_V12D07-075_C1,3
AATTACTCGTACGCTC-1_V12D07-075_C1,3
AATTAGCGCTGCAGCG-1_V12D07-075_C1,14
AATTCATAAGGGATCT-1_V12D07-075_C1,8
AATTCCAAGCATGTAC-1_V12D07-075_C1,12
AATTCGATTCGAGGAT-1_V12D07-075_C1,14
AATTCTAGAGTTAGGC-1_V12D07-075_C1,14
AATTGAACGCTCTGGT-1_V12D07-075_C1,20
AATTGCAGCAATCGAC-1_V12D07-075_C1,14
AATTGTGGTTGCCAAA-1_V12D07-075_C1,20
AATTTGGGACATAGTA-1_V12D07-075_C1,8
AATTTGGTTCCAAAGA-1_V12D07-075_C1,11
ACAAAGCATGACCTAG-1_V12D07-075_C1,12
ACAAATCGCACCGAAT-1_V12D07-075_C1,14
ACAAATGGTAGTGTTT-1_V12D07-075_C1,20
ACAAATTCAGATCTGA-1_V12D07-075_C1,8
ACAACAGCATGAGCTA-1_V12D07-075_C1,20
ACAACGGTCCCTGCGA-1_V12D07-075_C1,14
ACAAGCAGTGCCTAGC-1_V12D07-075_C1,10
ACAAGCTATATGGAAG-1_V12D07-075_C1,20
ACAAGGAAATCCGCCC-1_V12D07-075_C1,14
ACAAGGACAAGAGGTT-1_V12D07-075_C1,14
ACAAGGATGCTTTAGG-1_V12D07-075_C1,14
ACAAGGGCAGGCTCTG-1_V12D07-075_C1,14
ACAATCCATTTAAACC-1_V12D07-075_C1,14
ACAATGATTCTTCTAC-1_V12D07-075_C1,8
ACAATTGTGTCTCTTT-1_V12D07-075_C1,20
ACAATTTAGGAGGCTC-1_V12D07-075_C1,14
ACAATTTGAGCAGTGG-1_V12D07-075_C1,2
ACAATTTGGCCATATT-1_V12D07-075_C1,8
ACACAAAGACGGGTGG-1_V12D07-075_C1,14
ACACACCAGGACCAGT-1_V12D07-075_C1,20
ACACACTTTCTACACG-1_V12D07-075_C1,6
ACACATTGACGCAACA-1_V12D07-075_C1,20
ACACCACATAATTAGC-1_V12D07-075_C1,8
ACACCCAGCATGCAGC-1_V12D07-075_C1,6
ACACCCGAGAAATCCG-1_V12D07-075_C1,6
ACACCGAGCGCTCTTT-1_V12D07-075_C1,12
ACACCTTAAGTAGGGC-1_V12D07-075_C1,14
ACACCTTACTACTTGC-1_V12D07-075_C1,8
ACACGAGACTCCTTCT-1_V12D07-075_C1,14
ACACGGCACTATGCAT-1_V12D07-075_C1,6
ACACGGGAACTTAGGG-1_V12D07-075_C1,20
ACACGTAGGCCACAAG-1_V12D07-075_C1,20
ACACTCCAATGTCACT-1_V12D07-075_C1,14
ACACTGATCAAGGTGT-1_V12D07-075_C1,2
ACACTGGGACAGTCGT-1_V12D07-075_C1,20
ACAGATTAGGTTAGTG-1_V12D07-075_C1,6
ACAGCATAGAGCCAGT-1_V12D07-075_C1,6
ACAGCGACATTCTCAT-1_V12D07-075_C1,12
ACAGCGCACCCGCAGC-1_V12D07-075_C1,6
ACAGGCACGGATCCTT-1_V12D07-075_C1,20
ACAGGCTTGCCCGACT-1_V12D07-075_C1,14
ACAGGTGGAGGTGAGG-1_V12D07-075_C1,15
ACAGGTGTGTTGTTGC-1_V12D07-075_C1,2
ACAGTATACCGTGGGA-1_V12D07-075_C1,8
ACATCAGCTGGGACGC-1_V12D07-075_C1,14
ACATCCCGGCCATACG-1_V12D07-075_C1,9
ACATCCTGGTAACTGT-1_V12D07-075_C1,20
ACATCGATCGTTTACC-1_V12D07-075_C1,14
ACATCGGTCAGCCGCG-1_V12D07-075_C1,2
ACATCGTATGCAATGG-1_V12D07-075_C1,20
ACATCGTTAACCTAGT-1_V12D07-075_C1,6
ACATGGCGCCAAAGTA-1_V12D07-075_C1,2
ACATGGCTCAATTTAG-1_V12D07-075_C1,14
ACATTAGTTTATATCC-1_V12D07-075_C1,14
ACCAAACACCCAGCGA-1_V12D07-075_C1,8
ACCAACACCACACACT-1_V12D07-075_C1,8
ACCAACCGCACTCCAC-1_V12D07-075_C1,20
ACCAACGCTTATTTAT-1_V12D07-075_C1,2
ACCAAGAACGCGTGTC-1_V12D07-075_C1,6
ACCAAGTCATCGGCAG-1_V12D07-075_C1,20
ACCAATATGCAAGTTA-1_V12D07-075_C1,14
ACCACAACTCAGAACA-1_V12D07-075_C1,6
ACCACAAGTTTCTATC-1_V12D07-075_C1,14
ACCACCAATGTAACAA-1_V12D07-075_C1,2
ACCACCCTCTCTTCTA-1_V12D07-075_C1,11
ACCACGTGCAGCTATA-1_V12D07-075_C1,14
ACCACTGTTCAAGAAG-1_V12D07-075_C1,14
ACCAGACCATAACAAC-1_V12D07-075_C1,20
ACCAGCCCGGTCTTTG-1_V12D07-075_C1,6
ACCAGTGCCCGGTCAA-1_V12D07-075_C1,8
ACCAGTGCGGGAGACG-1_V12D07-075_C1,20
ACCATATCCGCAATAA-1_V12D07-075_C1,14
ACCATCGTATATGGTA-1_V12D07-075_C1,9
ACCATTAAGGGTGTCA-1_V12D07-075_C1,12
ACCCAACGCCCGTGGC-1_V12D07-075_C1,15
ACCCACCTACATGCTC-1_V12D07-075_C1,14
ACCCATCTTGAGGGTA-1_V12D07-075_C1,14
ACCCATTTGTCCCTCT-1_V12D07-075_C1,12
ACCCGGAAACTCCCAG-1_V12D07-075_C1,14
ACCCGGAGCACCACAA-1_V12D07-075_C1,20
ACCCGGATGACGCATC-1_V12D07-075_C1,2
ACCCGGTTACACTTCC-1_V12D07-075_C1,14
ACCCGTAGTCTAGTTG-1_V12D07-075_C1,20
ACCCGTGTCATCAGTA-1_V12D07-075_C1,14
ACCCTATAGGACTGAG-1_V12D07-075_C1,14
ACCCTATGCCATATCG-1_V12D07-075_C1,15
ACCCTCCCGTCAGGGC-1_V12D07-075_C1,12
ACCCTCCCTTGCTATT-1_V12D07-075_C1,4
ACCCTGGTAACGCCCT-1_V12D07-075_C1,8
ACCCTTCATCTGCGAA-1_V12D07-075_C1,4
ACCCTTTAGTTCTCCA-1_V12D07-075_C1,3
ACCGAAAGGGCCCTGC-1_V12D07-075_C1,6
ACCGACACATCTCCCA-1_V12D07-075_C1,14
ACCGACTGAGTCCCAC-1_V12D07-075_C1,14
ACCGATAGGCATAACC-1_V12D07-075_C1,20
ACCGATATTTAATCAT-1_V12D07-075_C1,8
ACCGATGGTAGCATCG-1_V12D07-075_C1,2
ACCGCAATAACTGCCT-1_V12D07-075_C1,14
ACCGCGGTGGAAGTCG-1_V12D07-075_C1,2
ACCGGGCCTTTGTTGA-1_V12D07-075_C1,20
ACCGTTCCCGCTCTGA-1_V12D07-075_C1,6
ACCTAATCGACTTCCT-1_V12D07-075_C1,14
ACCTACAGTATGTGGT-1_V12D07-075_C1,8
ACCTACTATAAATCTA-1_V12D07-075_C1,14
ACCTCCGCCCTCGCTG-1_V12D07-075_C1,20
ACCTCCGTTATTCACC-1_V12D07-075_C1,8
ACGACCCATGAGTTGC-1_V12D07-075_C1,2
ACGACTCTAGGGCCGA-1_V12D07-075_C1,2
ACGAGAACCCATCACG-1_V12D07-075_C1,6
ACGAGATATTTGCTTA-1_V12D07-075_C1,6
ACGAGTACGGATGCCC-1_V12D07-075_C1,2
ACGATACATAGAACTA-1_V12D07-075_C1,8
ACGATACCTATCCTGA-1_V12D07-075_C1,5
ACGATCATACATAGAG-1_V12D07-075_C1,14
ACGATCATCTTGTAAA-1_V12D07-075_C1,2
ACGATGCATATGTTAT-1_V12D07-075_C1,14
ACGATGGATCCGATGC-1_V12D07-075_C1,6
ACGCAAACTAATAGAT-1_V12D07-075_C1,2
ACGCAATCACTACAGC-1_V12D07-075_C1,8
ACGCATAAATGACATG-1_V12D07-075_C1,8
ACGCATACGTTTACTA-1_V12D07-075_C1,12
ACGCATTCGTGAGTAC-1_V12D07-075_C1,12
ACGCCAGATGATTTCT-1_V12D07-075_C1,6
ACGCCAGTGCGTTTGC-1_V12D07-075_C1,2
ACGCCGCTAGACGACC-1_V12D07-075_C1,14
ACGCGAAGTCAGACGA-1_V12D07-075_C1,14
ACGCGCTACACAGGGT-1_V12D07-075_C1,15
ACGCGGGCCAAGGACA-1_V12D07-075_C1,14
ACGCGTTTCTTAAGAG-1_V12D07-075_C1,12
ACGCTAGTGATACACT-1_V12D07-075_C1,2
ACGCTGTGAGGCGTAG-1_V12D07-075_C1,2
ACGGAATTTAGCAAAT-1_V12D07-075_C1,6
ACGGACTCTCAAAGCG-1_V12D07-075_C1,20
ACGGAGCGCAAATTAC-1_V12D07-075_C1,8
ACGGCACTTGCTTGGG-1_V12D07-075_C1,14
ACGGCCAACATGGACT-1_V12D07-075_C1,2
ACGGCGACGATGGGAA-1_V12D07-075_C1,14
ACGGCGGGTTGCCCTG-1_V12D07-075_C1,6
ACGGGCGTATGCGACA-1_V12D07-075_C1,11
ACGGGTCATGTGACTT-1_V12D07-075_C1,20
ACGGTACAGTTCAATG-1_V12D07-075_C1,14
ACGTACAGATTTCTCT-1_V12D07-075_C1,6
ACGTAGATTGCTGATG-1_V12D07-075_C1,12
ACGTAGGAGAGTCGCT-1_V12D07-075_C1,2
ACGTATTACTCCGATC-1_V12D07-075_C1,20
ACGTGCGCCTCGTGCA-1_V12D07-075_C1,6
ACGTTAATGTCGAAGA-1_V12D07-075_C1,14
ACGTTAGATTTGCCCG-1_V12D07-075_C1,14
ACGTTCCGCGCTCCGT-1_V12D07-075_C1,6
ACGTTCGCAATCAATT-1_V12D07-075_C1,8
ACGTTCGTTCAGGAAA-1_V12D07-075_C1,15
ACGTTCTGTACAAGTC-1_V12D07-075_C1,20
ACGTTTAGTTGTGATC-1_V12D07-075_C1,6
ACTAATACGTCAGGCG-1_V12D07-075_C1,8
ACTACCAGCTCTCTGG-1_V12D07-075_C1,14
ACTACGCGTTAGAATT-1_V12D07-075_C1,14
ACTAGTTGCGATCGTC-1_V12D07-075_C1,20
ACTATATGCTGTGTTC-1_V12D07-075_C1,8
ACTATCGCCGGCTAAA-1_V12D07-075_C1,12
ACTATTTCCGGGCCCA-1_V12D07-075_C1,15
ACTCAACGAATGTATT-1_V12D07-075_C1,6
ACTCAAGTGCAAGGCT-1_V12D07-075_C1,14
ACTCAATAAAGGCACG-1_V12D07-075_C1,14
ACTCAGACCTGCTTCT-1_V12D07-075_C1,6
ACTCCCGAATTCGTTT-1_V12D07-075_C1,8
ACTCCCTAATGCTAAA-1_V12D07-075_C1,14
ACTCCCTAGAATAGTA-1_V12D07-075_C1,14
ACTCCGGCCGACCACT-1_V12D07-075_C1,20
ACTCGATGTATTTCAT-1_V12D07-075_C1,14
ACTCGCCGTTCGATAA-1_V12D07-075_C1,20
ACTCGCGATCTGACGC-1_V12D07-075_C1,8
ACTCGTCAGTAATCCC-1_V12D07-075_C1,20
ACTCTAAACCTGGGAT-1_V12D07-075_C1,14
ACTCTCTGACTTAGGT-1_V12D07-075_C1,14
ACTCTCTTATACACGA-1_V12D07-075_C1,6
ACTCTGACCTAATAGA-1_V12D07-075_C1,12
ACTCTTCAGCTCCCGC-1_V12D07-075_C1,8
ACTCTTGTATAGTAAC-1_V12D07-075_C1,14
ACTGAAACGCCGTTAG-1_V12D07-075_C1,20
ACTGAATGGCGAAAGT-1_V12D07-075_C1,20
ACTGCGGACACACCGT-1_V12D07-075_C1,8
ACTGTACGATACACAT-1_V12D07-075_C1,14
ACTGTAGCACTTTGGA-1_V12D07-075_C1,14
ACTGTATACGCGAGCA-1_V12D07-075_C1,6
ACTGTCCAGGATTATA-1_V12D07-075_C1,14
ACTGTCTTCTTTAGAA-1_V12D07-075_C1,14
ACTTACCGGGCGCGCA-1_V12D07-075_C1,8
ACTTAGTACGACAAGA-1_V12D07-075_C1,6
ACTTATACTTACCCGG-1_V12D07-075_C1,2
ACTTATTAGGATCGGT-1_V12D07-075_C1,14
ACTTATTTATGTGCCA-1_V12D07-075_C1,20
ACTTCAGGCTGATCCC-1_V12D07-075_C1,14
ACTTCCATGCGGGACA-1_V12D07-075_C1,14
ACTTCGCCATACGCAC-1_V12D07-075_C1,14
ACTTCGCTAGCGAGTG-1_V12D07-075_C1,8
ACTTGACTCCCTCTTT-1_V12D07-075_C1,14
ACTTGGGACCCGGTGG-1_V12D07-075_C1,14
ACTTGTGGATGGAACG-1_V12D07-075_C1,20
ACTTTACCCTCATGAA-1_V12D07-075_C1,8
ACTTTCCTATAGCTTC-1_V12D07-075_C1,14
ACTTTGACTGCATCCT-1_V12D07-075_C1,2
ACTTTGTCGACGCACT-1_V12D07-075_C1,2
AGAAATTATGACTCGC-1_V12D07-075_C1,2
AGAACCCAGCGTGACA-1_V12D07-075_C1,8
AGAACGTGGTACATTC-1_V12D07-075_C1,2
AGAAGGTTGCCGAATT-1_V12D07-075_C1,14
AGAAGGTTGTAGGTCG-1_V12D07-075_C1,12
AGAATAAATCTTCAGG-1_V12D07-075_C1,11
AGAATGCGGGTTCGGA-1_V12D07-075_C1,8
AGAATTATGGATTCGA-1_V12D07-075_C1,15
AGAATTGTTTGACATA-1_V12D07-075_C1,3
AGACAGGCATCTCAGC-1_V12D07-075_C1,8
AGACATAGATCCTTCC-1_V12D07-075_C1,8
AGACCATGGGATACAA-1_V12D07-075_C1,14
AGACCCACCGCTGATC-1_V12D07-075_C1,14
AGACCCGCCCTCCTCG-1_V12D07-075_C1,14
AGACCGCTCCGCGGTT-1_V12D07-075_C1,2
AGACGAAGTGCCGGTC-1_V12D07-075_C1,20
AGACGCCCACTTCGCC-1_V12D07-075_C1,12
AGACGGGCCGATTTAA-1_V12D07-075_C1,8
AGACTAGCCTTCCAGA-1_V12D07-075_C1,14
AGACTGTTACCGGGTC-1_V12D07-075_C1,15
AGAGAACCGTCTAGGA-1_V12D07-075_C1,2
AGAGCCGCCGAGATTT-1_V12D07-075_C1,20
AGAGCGGGCTAATCAT-1_V12D07-075_C1,6
AGAGCGTACAAGCTCG-1_V12D07-075_C1,3
AGAGCTACGAAAGCAT-1_V12D07-075_C1,14
AGAGGCTTCGGAAACC-1_V12D07-075_C1,20
AGAGGGACAATTGTCC-1_V12D07-075_C1,8
AGAGTAAACTTCACTA-1_V12D07-075_C1,20
AGAGTATAGTGTTACG-1_V12D07-075_C1,8
AGAGTTAGAGACCGAT-1_V12D07-075_C1,8
AGATAACTTCAGGGCC-1_V12D07-075_C1,14
AGATACCAATAGAACC-1_V12D07-075_C1,12
AGATACCAGCACTTCA-1_V12D07-075_C1,8
AGATACCGGTGTTCAC-1_V12D07-075_C1,14
AGATACGACTTCATAT-1_V12D07-075_C1,5
AGATACTCAAGATCGA-1_V12D07-075_C1,20
AGATATAATACGACTA-1_V12D07-075_C1,20
AGATCGTGCATAAGAT-1_V12D07-075_C1,8
AGATCTCAGGTGTGAT-1_V12D07-075_C1,14
AGATGACTCGCCCACG-1_V12D07-075_C1,6
AGATGAGGGTTGCGAT-1_V12D07-075_C1,8
AGATGATGGAGTCTGG-1_V12D07-075_C1,8
AGATGCTATAACGAGC-1_V12D07-075_C1,12
AGATTATAGGACGTTT-1_V12D07-075_C1,14
AGCAAAGGCCGCTAGT-1_V12D07-075_C1,12
AGCAACATATCTTATT-1_V12D07-075_C1,20
AGCACCAGTACTCACG-1_V12D07-075_C1,9
AGCACTACCTCACCAG-1_V12D07-075_C1,9
AGCACTTAAGGACGCC-1_V12D07-075_C1,14
AGCAGAAGGAGAAAGA-1_V12D07-075_C1,20
AGCAGCCAGATGAATA-1_V12D07-075_C1,14
AGCATATCAATATGCT-1_V12D07-075_C1,20
AGCATCGTCGATAATT-1_V12D07-075_C1,6
AGCATTACGAGGCAAG-1_V12D07-075_C1,3
AGCCAAGCTTTGTGTC-1_V12D07-075_C1,14
AGCCACAGGTTACCCG-1_V12D07-075_C1,20
AGCCACTCCCGTGCTT-1_V12D07-075_C1,8
AGCCATATAGTATGTG-1_V12D07-075_C1,2
AGCCCATACATGTAAG-1_V12D07-075_C1,15
AGCCCGCAACAAGCAG-1_V12D07-075_C1,14
AGCCCGGTAGCCTGTA-1_V12D07-075_C1,2
AGCCCTAAGCGAAGTT-1_V12D07-075_C1,6
AGCCCTGTCGCACCGT-1_V12D07-075_C1,8
AGCCCTTCTAATCCGA-1_V12D07-075_C1,8
AGCCCTTGGACATCCC-1_V12D07-075_C1,20
AGCCGCAAATTCAAAT-1_V12D07-075_C1,20
AGCCGCTTGATTAGCG-1_V12D07-075_C1,12
AGCGACAGGAACGGTC-1_V12D07-075_C1,15
AGCGACATCCCATTCA-1_V12D07-075_C1,6
AGCGACCAACGATATT-1_V12D07-075_C1,14
AGCGATGCGCCTAATA-1_V12D07-075_C1,12
AGCGCATAATGAATCG-1_V12D07-075_C1,14
AGCGCGGGTGCCAATG-1_V12D07-075_C1,8
AGCGCTAGAGCGATGT-1_V12D07-075_C1,8
AGCGCTTATGGGCAAG-1_V12D07-075_C1,8
AGCGGACACTTCGTAG-1_V12D07-075_C1,14
AGCGGGAAGGGTCCAT-1_V12D07-075_C1,6
AGCGGGTCTGACACTC-1_V12D07-075_C1,12
AGCGGTTGCCGCTCTG-1_V12D07-075_C1,8
AGCGTACGAGAGCTAG-1_V12D07-075_C1,6
AGCGTCTGAACCCGCA-1_V12D07-075_C1,6
AGCGTGGTATTCTACT-1_V12D07-075_C1,14
AGCTAAGTACGCAGGC-1_V12D07-075_C1,14
AGCTAGAAGCAGAAGT-1_V12D07-075_C1,8
AGCTATTTAATCCAAC-1_V12D07-075_C1,6
AGCTCCATATATGTTC-1_V12D07-075_C1,12
AGCTCCTTCGCACATC-1_V12D07-075_C1,14
AGCTCTAGACGTTCCA-1_V12D07-075_C1,15
AGCTCTTCCCAGTGCA-1_V12D07-075_C1,8
AGCTCTTTACTCAGTT-1_V12D07-075_C1,14
AGCTGAAGTAAACCAA-1_V12D07-075_C1,8
AGCTTATAGAGACCTG-1_V12D07-075_C1,8
AGCTTCTTCTCGAGCA-1_V12D07-075_C1,20
AGCTTGATCTTAACTT-1_V12D07-075_C1,15
AGGAACGAACGACTTC-1_V12D07-075_C1,2
AGGAAGCTGTCCGCCG-1_V12D07-075_C1,14
AGGACATCGGCACACT-1_V12D07-075_C1,9
AGGACGACCCATTAGA-1_V12D07-075_C1,14
AGGACGCTCGATGTTG-1_V12D07-075_C1,8
AGGACTTATAGGAGAA-1_V12D07-075_C1,12
AGGAGACATCCACAGT-1_V12D07-075_C1,8
AGGAGGCCTTCGCGCG-1_V12D07-075_C1,20
AGGATAAAGTCGGGAT-1_V12D07-075_C1,14
AGGATATAGGGATTTA-1_V12D07-075_C1,20
AGGATATCCGACTGCA-1_V12D07-075_C1,15
AGGATTGCTTACGACA-1_V12D07-075_C1,8
AGGCACGTGACTGTCC-1_V12D07-075_C1,20
AGGCAGATGCGTAAAC-1_V12D07-075_C1,2
AGGCAGGGAGCGTACT-1_V12D07-075_C1,2
AGGCATTGTCGTAGGG-1_V12D07-075_C1,20
AGGCCACATTGGTTAC-1_V12D07-075_C1,8
AGGCCACCCGTTATGA-1_V12D07-075_C1,14
AGGCCCAGTGACTGGT-1_V12D07-075_C1,3
AGGCCTGAGAATCTCG-1_V12D07-075_C1,20
AGGCGATAACTGGCGT-1_V12D07-075_C1,20
AGGCGTCTATGGACGG-1_V12D07-075_C1,8
AGGCTATGGTTAGCTT-1_V12D07-075_C1,14
AGGCTTCCCGAAGAAG-1_V12D07-075_C1,15
AGGCTTGCTAGACACC-1_V12D07-075_C1,3
AGGGAAACGAGGTACT-1_V12D07-075_C1,8
AGGGACCGGCTGCGTT-1_V12D07-075_C1,8
AGGGACTCTACGCGAC-1_V12D07-075_C1,2
AGGGAGACATACTTCG-1_V12D07-075_C1,8
AGGGCAGCGGCGTGGT-1_V12D07-075_C1,6
AGGGCCCTAATGTTCT-1_V12D07-075_C1,20
AGGGCGTGATCGGCTA-1_V12D07-075_C1,4
AGGGCTGCAGTTACAG-1_V12D07-075_C1,14
AGGGTCAGTAACCCTA-1_V12D07-075_C1,8
AGGGTCGATGCGAACT-1_V12D07-075_C1,2
AGGGTCTGGACGCAGT-1_V12D07-075_C1,2
AGGGTGCTCTCGAGGG-1_V12D07-075_C1,15
AGGGTGGATAGTGCAT-1_V12D07-075_C1,12
AGGGTTCCCTTTGGTT-1_V12D07-075_C1,15
AGGGTTTAGTTCGGGA-1_V12D07-075_C1,14
AGGTAACCTCCTATTC-1_V12D07-075_C1,6
AGGTACGATATTGCCA-1_V12D07-075_C1,6
AGGTAGGTACAAAGCT-1_V12D07-075_C1,14
AGGTATAATTGATAGT-1_V12D07-075_C1,8
AGGTATGCGGACATTA-1_V12D07-075_C1,8
AGGTCGCCTCCCAACA-1_V12D07-075_C1,20
AGGTCGCGGAGTTACT-1_V12D07-075_C1,8
AGGTGCACGTCCACAT-1_V12D07-075_C1,20
AGGTGGTGACCTTCGC-1_V12D07-075_C1,14
AGGTGTATCGCCATGA-1_V12D07-075_C1,2
AGGTGTTGCCGACCAC-1_V12D07-075_C1,20
AGGTTACACCATGCCG-1_V12D07-075_C1,8
AGGTTGAGGCACGCTT-1_V12D07-075_C1,14
AGGTTTCACACACCTT-1_V12D07-075_C1,14
AGTAACGTTCATCCTG-1_V12D07-075_C1,8
AGTAACTATAGCAGCC-1_V12D07-075_C1,2
AGTAATGTCTTGCCGC-1_V12D07-075_C1,6
AGTACATCATTTATCA-1_V12D07-075_C1,8
AGTACCTTCGAGTGCT-1_V12D07-075_C1,8
AGTACGGCCCGTATCG-1_V12D07-075_C1,14
AGTACGGGCACCTGGC-1_V12D07-075_C1,8
AGTACGTGGCCTGTCT-1_V12D07-075_C1,8
AGTACTCTTATGCCCA-1_V12D07-075_C1,20
AGTAGAAGGCGCCTCA-1_V12D07-075_C1,20
AGTAGGAAGGAAGTTG-1_V12D07-075_C1,8
AGTAGGTAACATACAT-1_V12D07-075_C1,6
AGTATAATACTAGGCA-1_V12D07-075_C1,14
AGTATACACAGCGACA-1_V12D07-075_C1,9
AGTATTTGGCACGACC-1_V12D07-075_C1,2
AGTCAACACCACCATC-1_V12D07-075_C1,14
AGTCAAGATGACACTT-1_V12D07-075_C1,20
AGTCACTAGCTCTCGA-1_V12D07-075_C1,20
AGTCCATTGGCTGATG-1_V12D07-075_C1,20
AGTCCCTCGCAGAAAG-1_V12D07-075_C1,8
AGTCGACGGTCTCAAG-1_V12D07-075_C1,20
AGTCGGCCCAAACGAC-1_V12D07-075_C1,14
AGTCGGTTGCGTGAGA-1_V12D07-075_C1,8
AGTCGTATAAAGCAGA-1_V12D07-075_C1,14
AGTCGTCGACCACCAA-1_V12D07-075_C1,20
AGTCTAAAGTATACTC-1_V12D07-075_C1,8
AGTCTTCTCCTCAAAT-1_V12D07-075_C1,14
AGTCTTTAAAGTGTCC-1_V12D07-075_C1,20
AGTGAACAAACTTCTC-1_V12D07-075_C1,20
AGTGAAGATGGTGTCC-1_V12D07-075_C1,8
AGTGACCTACTTTACG-1_V12D07-075_C1,14
AGTGAGACTTCCAGTA-1_V12D07-075_C1,2
AGTGAGCCTCGCCGCC-1_V12D07-075_C1,2
AGTGAGGGTTTCTGAC-1_V12D07-075_C1,8
AGTGAGTCGAATTAAC-1_V12D07-075_C1,20
AGTGATAACCTGCGCG-1_V12D07-075_C1,14
AGTGATATGAGTAGTT-1_V12D07-075_C1,14
AGTGATTCAAGCAGGA-1_V12D07-075_C1,2
AGTGCACGCTTAAGAA-1_V12D07-075_C1,20
AGTGCGTAGCTCGTAA-1_V12D07-075_C1,2
AGTGCTAAACACAGCA-1_V12D07-075_C1,12
AGTGCTTGCACGAATA-1_V12D07-075_C1,20
AGTGGCGGCAATTTGA-1_V12D07-075_C1,2
AGTGGCGTCTGAAGGT-1_V12D07-075_C1,12
AGTGGCTCCGTCGGCC-1_V12D07-075_C1,15
AGTGGGAGTATACACG-1_V12D07-075_C1,12
AGTGGTTGCGTATAGG-1_V12D07-075_C1,20
AGTGTATTGCGCATTG-1_V12D07-075_C1,2
AGTGTGCTAAGATCGC-1_V12D07-075_C1,12
AGTGTGGTCTATTGTG-1_V12D07-075_C1,3
AGTTAAACACTTGCGA-1_V12D07-075_C1,14
AGTTAAGCGGTCCCGG-1_V12D07-075_C1,6
AGTTACCCTTAAGACT-1_V12D07-075_C1,14
AGTTACTCTATCGTGG-1_V12D07-075_C1,8
AGTTCACCGGTTGGAC-1_V12D07-075_C1,14
AGTTCCTACAGAATTA-1_V12D07-075_C1,14
AGTTCCTATTTATGTT-1_V12D07-075_C1,20
AGTTGACATCGGCTGG-1_V12D07-075_C1,6
AGTTGACGGTCCTTGC-1_V12D07-075_C1,12
AGTTGCTGACTGATAT-1_V12D07-075_C1,14
AGTTGGCAAGGCTAGA-1_V12D07-075_C1,20
AGTTTATGTAAAGACA-1_V12D07-075_C1,8
AGTTTCGCAGGTCGGA-1_V12D07-075_C1,6
AGTTTGCACCTGCCTC-1_V12D07-075_C1,14
AGTTTGGCACGGGTTG-1_V12D07-075_C1,20
AGTTTGGCCAGACCTA-1_V12D07-075_C1,15
ATAAACGGACCCGTAA-1_V12D07-075_C1,14
ATAAACGTTGCACCAC-1_V12D07-075_C1,20
ATAAAGGCTCGGTCGT-1_V12D07-075_C1,14
ATAAAGGTCAAGTACG-1_V12D07-075_C1,11
ATAAATATTAGCAGCT-1_V12D07-075_C1,14
ATAACGCCGGAGGGTC-1_V12D07-075_C1,20
ATAACGGAGTCCAACG-1_V12D07-075_C1,2
ATAACGTTACCTCCAC-1_V12D07-075_C1,8
ATAAGGTGGAGAACAT-1_V12D07-075_C1,14
ATAAGTACCCGATTGT-1_V12D07-075_C1,8
ATAAGTAGGATTCAGA-1_V12D07-075_C1,2
ATAAGTTACCGCGACG-1_V12D07-075_C1,14
ATAATACCGTTAGCCG-1_V12D07-075_C1,14
ATAATAGCTGTTGAAT-1_V12D07-075_C1,14
ATAATAGTGTAGGGAC-1_V12D07-075_C1,6
ATAATCTTGGAGAACC-1_V12D07-075_C1,12
ATAATTAGCTAAGTAG-1_V12D07-075_C1,12
ATACAGGCCCTCCAAT-1_V12D07-075_C1,14
ATACCACGGGCAACTT-1_V12D07-075_C1,14
ATACCAGGCTAATAGA-1_V12D07-075_C1,6
ATACCGTCATCCATAA-1_V12D07-075_C1,8
ATACCTAACCAAGAAA-1_V12D07-075_C1,3
ATACGAAGGCTTTCCA-1_V12D07-075_C1,8
ATACGCCGGCGAAACC-1_V12D07-075_C1,14
ATACGGGTTTCGATTG-1_V12D07-075_C1,8
ATACGGTGAAGATGCA-1_V12D07-075_C1,14
ATACGTACTTAGCCAC-1_V12D07-075_C1,14
ATACGTCCACTCCTGT-1_V12D07-075_C1,20
ATACGTTATGCACGGA-1_V12D07-075_C1,14
ATACTACCCGTACCAC-1_V12D07-075_C1,20
ATACTAGCATGACCCT-1_V12D07-075_C1,6
ATACTCTCGCCACTCT-1_V12D07-075_C1,6
ATACTGCCTTACACCG-1_V12D07-075_C1,14
ATACTTGTTCTCGAGC-1_V12D07-075_C1,3
ATAGACAACGGGACCT-1_V12D07-075_C1,2
ATAGACGAAGAGAAAG-1_V12D07-075_C1,14
ATAGAGTACTGGGACA-1_V12D07-075_C1,14
ATAGAGTTATCAACTT-1_V12D07-075_C1,2
ATAGCAACTAGGGAAG-1_V12D07-075_C1,20
ATAGCCTCAGTACCCA-1_V12D07-075_C1,14
ATAGCTGCTCTTGTTA-1_V12D07-075_C1,14
ATAGGAATCTAAGCTT-1_V12D07-075_C1,8
ATAGGCGGCTATAGAA-1_V12D07-075_C1,15
ATAGGCTAGCTTCGCA-1_V12D07-075_C1,2
ATAGGGATATCCTTGA-1_V12D07-075_C1,17
ATAGGTTGGGCAGATG-1_V12D07-075_C1,14
ATAGTCTTTGACGTGC-1_V12D07-075_C1,6
ATAGTGAAGCGTTCTC-1_V12D07-075_C1,14
ATAGTTCCACCCACTC-1_V12D07-075_C1,2
ATATAAAGCGCTCGTG-1_V12D07-075_C1,14
ATATAAATGTAGCTGC-1_V12D07-075_C1,14
ATATAACACGGGCGCA-1_V12D07-075_C1,20
ATATACGCTCGTGACG-1_V12D07-075_C1,20
ATATCAACCTACAGAG-1_V12D07-075_C1,2
ATATCGGTAGGGAGAT-1_V12D07-075_C1,8
ATATCGTTCCTCGAAC-1_V12D07-075_C1,20
ATATCTCCCTCGTTAA-1_V12D07-075_C1,8
ATATCTTAGGGCCTTC-1_V12D07-075_C1,14
ATATGGGATAGCAACT-1_V12D07-075_C1,14
ATATGTCTCCCTAGCC-1_V12D07-075_C1,15
ATATGTGCACAAACCA-1_V12D07-075_C1,8
ATATTATCCCGTATTT-1_V12D07-075_C1,12
ATATTCAGTTAAACCT-1_V12D07-075_C1,2
ATATTCCCACAGGTCA-1_V12D07-075_C1,6
ATATTGCTGTCAAAGT-1_V12D07-075_C1,6
ATATTGGAGAGGCCTT-1_V12D07-075_C1,20
ATATTTAACCCTCAAG-1_V12D07-075_C1,14
ATCAAACACTGTTCCA-1_V12D07-075_C1,20
ATCAAACGAAGGTTTG-1_V12D07-075_C1,15
ATCAATCTGGGCTGCA-1_V12D07-075_C1,14
ATCACATTAGAATATC-1_V12D07-075_C1,8
ATCACGTGCTAATTAA-1_V12D07-075_C1,15
ATCACTTCATCCTCGC-1_V12D07-075_C1,14
ATCAGACGGCACGCCG-1_V12D07-075_C1,2
ATCAGCCTCATGCTGC-1_V12D07-075_C1,6
ATCAGGTAGCTGACAG-1_V12D07-075_C1,8
ATCAGGTCGCCATTGC-1_V12D07-075_C1,8
ATCAGTAGGCAGGGAT-1_V12D07-075_C1,8
ATCATAGCCCTATGTA-1_V12D07-075_C1,20
ATCATCCAATATTTGT-1_V12D07-075_C1,14
ATCATGGACTACCGAC-1_V12D07-075_C1,8
ATCCAACGCAGTCATA-1_V12D07-075_C1,14
ATCCAATGGAGGGTCC-1_V12D07-075_C1,15
ATCCAATGGTACCGAA-1_V12D07-075_C1,20
ATCCACATCGACAGAA-1_V12D07-075_C1,12
ATCCACGCTAAATGTT-1_V12D07-075_C1,6
ATCCACTTTCAGACTA-1_V12D07-075_C1,8
ATCCAGAGCAACAACC-1_V12D07-075_C1,2
ATCCAGGATTCGTGAA-1_V12D07-075_C1,14
ATCCCATTTCCGTGGG-1_V12D07-075_C1,14
ATCCGGACCAGCCTGA-1_V12D07-075_C1,20
ATCCTACCTAAGCTCT-1_V12D07-075_C1,14
ATCCTGAATCGCTGCG-1_V12D07-075_C1,2
ATCCTGCGTGGAATGG-1_V12D07-075_C1,2
ATCCTGCTGCAGATAG-1_V12D07-075_C1,6
ATCCTTCTGAAAGAAC-1_V12D07-075_C1,8
ATCGACCCAATACAGA-1_V12D07-075_C1,20
ATCGACTCTTTCCGTT-1_V12D07-075_C1,14
ATCGCACGCCGGGAGA-1_V12D07-075_C1,14
ATCGCCAGTCAACATT-1_V12D07-075_C1,2
ATCGCTGCGTGCAGCA-1_V12D07-075_C1,8
ATCGCTTTACGTCTCA-1_V12D07-075_C1,8
ATCGGAGACAGACGGC-1_V12D07-075_C1,1
ATCGGCAAGCAGTCCA-1_V12D07-075_C1,8
ATCGGTTACCTAGTAA-1_V12D07-075_C1,20
ATCGTATTCCGAGAAC-1_V12D07-075_C1,12
ATCGTCCAATCGAGTC-1_V12D07-075_C1,6
ATCGTTAGCTAGCGGA-1_V12D07-075_C1,12
ATCGTTCACTTTCGCC-1_V12D07-075_C1,8
ATCTAACGTCCCTATG-1_V12D07-075_C1,12
ATCTAATATCCTACGG-1_V12D07-075_C1,14
ATCTACCATCTGCTCC-1_V12D07-075_C1,20
ATCTAGCTTGTGAGGG-1_V12D07-075_C1,20
ATCTCCCACGGAATAT-1_V12D07-075_C1,14
ATCTCCCTGCAATCTA-1_V12D07-075_C1,6
ATCTCGTGAGCGAAAC-1_V12D07-075_C1,8
ATCTGATAGTGTCTTA-1_V12D07-075_C1,12
ATCTGCACCTCTGCGA-1_V12D07-075_C1,15
ATCTGCTGTTATCGCC-1_V12D07-075_C1,14
ATCTGGGCTGTTCTTG-1_V12D07-075_C1,14
ATCTGGTTAAGACTGT-1_V12D07-075_C1,2
ATCTGTAATTGTACCC-1_V12D07-075_C1,6
ATCTTATCGCACACCC-1_V12D07-075_C1,14
ATCTTGACCTGCAACG-1_V12D07-075_C1,14
ATCTTGACTTGTCCAA-1_V12D07-075_C1,8
ATCTTTCGTATAACCA-1_V12D07-075_C1,11
ATGAAGCCAAGGAGCC-1_V12D07-075_C1,14
ATGAAGTGGACCCAGC-1_V12D07-075_C1,12
ATGACGCCGGCTCTAA-1_V12D07-075_C1,6
ATGACTATGCGACATT-1_V12D07-075_C1,20
ATGAGGAGTGTTAATC-1_V12D07-075_C1,14
ATGAGGGCAGCGGCTA-1_V12D07-075_C1,8
ATGATGCAATGGTACA-1_V12D07-075_C1,14
ATGCACTACCGCATTG-1_V12D07-075_C1,14
ATGCATGATCCAGGAT-1_V12D07-075_C1,14
ATGCCAATCGCTCTGC-1_V12D07-075_C1,8
ATGCCATTTGCGACCA-1_V12D07-075_C1,20
ATGCCGGTCTTGCATA-1_V12D07-075_C1,20
ATGCCGGTTGATGGGA-1_V12D07-075_C1,8
ATGCGACAATTGGTCC-1_V12D07-075_C1,2
ATGCGACAGTCCCATT-1_V12D07-075_C1,14
ATGCGAGTCCCACCAC-1_V12D07-075_C1,20
ATGCTCTGGCGCGGTA-1_V12D07-075_C1,20
ATGCTTAGGAGTTGAT-1_V12D07-075_C1,20
ATGGAACCTTTGCACA-1_V12D07-075_C1,8
ATGGAGCAGGCCGTGA-1_V12D07-075_C1,14
ATGGATCCGGCGTCCG-1_V12D07-075_C1,8
ATGGATTGACCAAACG-1_V12D07-075_C1,14
ATGGCAGCCGAGAAAC-1_V12D07-075_C1,4
ATGGCGGAATAGTCGC-1_V12D07-075_C1,8
ATGGCTGGAAATGGCC-1_V12D07-075_C1,8
ATGGGCCTCGGCCTCT-1_V12D07-075_C1,20
ATGGTCGCGTGGTTTC-1_V12D07-075_C1,9
ATGGTTACGAAACATG-1_V12D07-075_C1,8
ATGTAAGGCTGCTCTT-1_V12D07-075_C1,8
ATGTACATGCGGTGAG-1_V12D07-075_C1,20
ATGTACGATGACGTCG-1_V12D07-075_C1,12
ATGTAGCGCGCGTAGG-1_V12D07-075_C1,20
ATGTCATTTCCCATTG-1_V12D07-075_C1,5
ATGTGCATCCGACGCA-1_V12D07-075_C1,14
ATGTGGACATCTTGAT-1_V12D07-075_C1,14
ATGTTACGAGCAATAC-1_V12D07-075_C1,6
ATGTTCCTGCCCACCT-1_V12D07-075_C1,12
ATGTTCGTCGACCCAC-1_V12D07-075_C1,19
ATGTTGATTAGAGACT-1_V12D07-075_C1,20
ATGTTGTAGTCTGTTT-1_V12D07-075_C1,2
ATGTTTCGGCCCGGAG-1_V12D07-075_C1,8
ATTAAACATGCGGACC-1_V12D07-075_C1,14
ATTAACACCTGAGATA-1_V12D07-075_C1,14
ATTAATACTACGCGGG-1_V12D07-075_C1,14
ATTAATGAACCAGTCG-1_V12D07-075_C1,8
ATTAATTCGGTCACTC-1_V12D07-075_C1,6
ATTACAACTACCGGCC-1_V12D07-075_C1,8
ATTACATGTCAGTCTT-1_V12D07-075_C1,20
ATTACCACACTGCCTG-1_V12D07-075_C1,8
ATTACGACTCCACAGT-1_V12D07-075_C1,8
ATTACGCGCTGGCAGG-1_V12D07-075_C1,2
ATTACTTACTGGGCAT-1_V12D07-075_C1,8
ATTAGATTCCTCAGCA-1_V12D07-075_C1,8
ATTAGATTGATAGCGG-1_V12D07-075_C1,6
ATTAGGCGATGCTTTC-1_V12D07-075_C1,14
ATTATACTTTGCTCGT-1_V12D07-075_C1,6
ATTATAGCTACTTTAC-1_V12D07-075_C1,8
ATTATCGGAATGTACG-1_V12D07-075_C1,14
ATTATGCCATAGGGAG-1_V12D07-075_C1,6
ATTATTCAGAGTCACT-1_V12D07-075_C1,12
ATTCAAAGTACCTGTT-1_V12D07-075_C1,20
ATTCAACCATTTAAGG-1_V12D07-075_C1,12
ATTCACTGATGTTGGA-1_V12D07-075_C1,14
ATTCAGGACCTATTTC-1_V12D07-075_C1,8
ATTCAGTAGCAGGGTC-1_V12D07-075_C1,14
ATTCATATACTGTCCA-1_V12D07-075_C1,14
ATTCATCGTTGAGGCA-1_V12D07-075_C1,12
ATTCCCACATAAACAA-1_V12D07-075_C1,18
ATTCCTAAGACGTGGA-1_V12D07-075_C1,8
ATTCCTCCGCCAGTGC-1_V12D07-075_C1,14
ATTCCTTCCAGGCGGT-1_V12D07-075_C1,6
ATTCGACGCCGGGCCT-1_V12D07-075_C1,14
ATTCGCGCCTTGAGAG-1_V12D07-075_C1,20
ATTCTCGTCTCTTTAG-1_V12D07-075_C1,6
ATTCTGAGTATGAACT-1_V12D07-075_C1,8
ATTCTTCGTACTTATG-1_V12D07-075_C1,8
ATTGAAGATCTTAGTG-1_V12D07-075_C1,14
ATTGACCGGCGATGAC-1_V12D07-075_C1,8
ATTGACGTAACTCGGT-1_V12D07-075_C1,6
ATTGATGAGTCCTAAC-1_V12D07-075_C1,15
ATTGCCTTTATGTTTG-1_V12D07-075_C1,14
ATTGCGATCAGTAACT-1_V12D07-075_C1,20
ATTGCTGCTCCTCCAT-1_V12D07-075_C1,9
ATTGGATTACAGCGTA-1_V12D07-075_C1,20
ATTGGGAATATCTTGG-1_V12D07-075_C1,6
ATTGGGAGTTCTGTAA-1_V12D07-075_C1,8
ATTGGTAGGATCCGCT-1_V12D07-075_C1,12
ATTGGTTGTGCATTAC-1_V12D07-075_C1,2
ATTGTACAACTCGGCT-1_V12D07-075_C1,2
ATTGTCGCAATACCTT-1_V12D07-075_C1,8
ATTGTCTGTTTCATGT-1_V12D07-075_C1,2
ATTGTGACTTCGCTGC-1_V12D07-075_C1,8
ATTGTTCAACGATCCG-1_V12D07-075_C1,8
ATTTAACTCGTATTAC-1_V12D07-075_C1,6
ATTTACAGTTTACTGG-1_V12D07-075_C1,14
ATTTACTAAGTCCATT-1_V12D07-075_C1,8
ATTTCATTATTTCGCG-1_V12D07-075_C1,6
ATTTGTCTTGGGAGCT-1_V12D07-075_C1,20
ATTTGTTCCAGGGCTC-1_V12D07-075_C1,6
CAAACCAGGTCTGCAT-1_V12D07-075_C1,20
CAAACCCTCCGGCGGG-1_V12D07-075_C1,2
CAAACGAGTATCGCAG-1_V12D07-075_C1,2
CAAACGGTCGCACTTT-1_V12D07-075_C1,14
CAAACTACGATAGAGA-1_V12D07-075_C1,6
CAAACTATTGAGCTTC-1_V12D07-075_C1,6
CAAACTCGCGACGCCG-1_V12D07-075_C1,2
CAAAGGTCATCTGAAA-1_V12D07-075_C1,8
CAAAGGTTAAATTCAG-1_V12D07-075_C1,8
CAAATGTCCTTCCGTG-1_V12D07-075_C1,14
CAAATTGGATTATGCC-1_V12D07-075_C1,8
CAAATTGTCAGCAAGC-1_V12D07-075_C1,6
CAACACATCTCCTGCC-1_V12D07-075_C1,8
CAACATGGCCTGATAA-1_V12D07-075_C1,12
CAACCAGTGGCCTACC-1_V12D07-075_C1,20
CAACCGCACCTAGACA-1_V12D07-075_C1,12
CAACCTACCGAGCAGT-1_V12D07-075_C1,20
CAACCTGAACCTGCCA-1_V12D07-075_C1,8
CAACGACCCGTTTACA-1_V12D07-075_C1,6
CAACGGTTCTTGATAC-1_V12D07-075_C1,6
CAACGTGGTGGAGTCT-1_V12D07-075_C1,20
CAACTATATCGAATGC-1_V12D07-075_C1,6
CAACTCCGTAACTTGC-1_V12D07-075_C1,8
CAACTCCTTGATCCCG-1_V12D07-075_C1,6
CAACTGCTCATCCGAT-1_V12D07-075_C1,14
CAACTTGTAGTGGGCA-1_V12D07-075_C1,6
CAAGAAACCCTAAACT-1_V12D07-075_C1,8
CAAGACTCAGAAGCGC-1_V12D07-075_C1,8
CAAGAGGGCGGAGTAC-1_V12D07-075_C1,14
CAAGATATTATAACGT-1_V12D07-075_C1,20
CAAGCAACGTCGGAGT-1_V12D07-075_C1,14
CAAGCACCAAATGCCT-1_V12D07-075_C1,6
CAAGCGGCACATAATT-1_V12D07-075_C1,14
CAAGGATCGCATGTTC-1_V12D07-075_C1,14
CAAGGCCAGTGGTGCA-1_V12D07-075_C1,20
CAAGGTCCTATAGGCT-1_V12D07-075_C1,8
CAAGTAAGTGATAGAC-1_V12D07-075_C1,9
CAAGTGAACTTTGGTT-1_V12D07-075_C1,8
CAAGTGTGGTTGCAAA-1_V12D07-075_C1,20
CAATAAACCTTGGCCC-1_V12D07-075_C1,2
CAATACGAGAGTCTGA-1_V12D07-075_C1,8
CAATACGCTCTGAGGC-1_V12D07-075_C1,15
CAATATTCTTGACCTA-1_V12D07-075_C1,15
CAATCCCTATACCAGC-1_V12D07-075_C1,8
CAATGAGGTTCGACTA-1_V12D07-075_C1,8
CAATGGAATCTACATA-1_V12D07-075_C1,8
CAATGGATCTCTACCA-1_V12D07-075_C1,15
CAATGGTCGGCCTGGG-1_V12D07-075_C1,8
CAATGTGCCAACCCTT-1_V12D07-075_C1,8
CAATTAAGGGTGATGA-1_V12D07-075_C1,14
CAATTTCGTATAAGGG-1_V12D07-075_C1,14
CAATTTGACCGGGAAG-1_V12D07-075_C1,3
CACAAGAAAGATATTA-1_V12D07-075_C1,8
CACAATGAGCTGCTAT-1_V12D07-075_C1,14
CACACACGCTAACGAG-1_V12D07-075_C1,20
CACACAGCTTGCGCTC-1_V12D07-075_C1,8
CACACAGGGATAGATT-1_V12D07-075_C1,3
CACACGCGCTGTCTTA-1_V12D07-075_C1,2
CACACTTGTATTGCGA-1_V12D07-075_C1,8
CACAGCACCCACGGCA-1_V12D07-075_C1,14
CACAGCTAGGGAGTGA-1_V12D07-075_C1,6
CACAGGGCCATATAGT-1_V12D07-075_C1,12
CACAGGGCCGTTGTCA-1_V12D07-075_C1,14
CACAGTCCCGCTTCGC-1_V12D07-075_C1,20
CACAGTTCGCTTCCCA-1_V12D07-075_C1,20
CACATATTAGCAGGAT-1_V12D07-075_C1,14
CACATCTCACCGACGA-1_V12D07-075_C1,14
CACATGATTCAGCAAC-1_V12D07-075_C1,14
CACATTCTTTCGATGG-1_V12D07-075_C1,8
CACATTTCTTGTCAGA-1_V12D07-075_C1,15
CACCACGCCACACAGA-1_V12D07-075_C1,2
CACCATCGGAGGAGAC-1_V12D07-075_C1,6
CACCATGATCGCAAAG-1_V12D07-075_C1,8
CACCCAAATCTTATGT-1_V12D07-075_C1,8
CACCCACACGTCACCC-1_V12D07-075_C1,7
CACCCACGAGGCAATT-1_V12D07-075_C1,8
CACCCGGTTTGTGACT-1_V12D07-075_C1,15
CACCCTTTCCTCGCTC-1_V12D07-075_C1,6
CACCGATACACCGAGC-1_V12D07-075_C1,6
CACCGCCAGAAGGTTT-1_V12D07-075_C1,14
CACCGCCGACCAGCGA-1_V12D07-075_C1,6
CACCGCGTCCACTCTA-1_V12D07-075_C1,8
CACCGGAGATATCTCC-1_V12D07-075_C1,8
CACCGTATCCCATCCG-1_V12D07-075_C1,20
CACCGTTAGGGATCAC-1_V12D07-075_C1,15
CACCGTTGCGCGATAT-1_V12D07-075_C1,15
CACCTAATCAGTTTAC-1_V12D07-075_C1,8
CACCTCGATGGTGGAC-1_V12D07-075_C1,6
CACCTTGCGAAACTCG-1_V12D07-075_C1,8
CACCTTGGCGCCTTTG-1_V12D07-075_C1,12
CACGAAAGTTAGTCCC-1_V12D07-075_C1,14
CACGACGTAATAGTAA-1_V12D07-075_C1,8
CACGCACAGCGCAGCT-1_V12D07-075_C1,14
CACGCAGCGAGGCTTT-1_V12D07-075_C1,14
CACGCGGAACTGTTGC-1_V12D07-075_C1,20
CACGGACGTGGATGGC-1_V12D07-075_C1,8
CACGGCGCGCCAAAGG-1_V12D07-075_C1,8
CACGGGATTGAGGGTT-1_V12D07-075_C1,14
CACGTCAATCAATGGA-1_V12D07-075_C1,20
CACGTCGGCAACCTCT-1_V12D07-075_C1,15
CACGTCGGGTTCTAGA-1_V12D07-075_C1,20
CACGTCTATGATGTGG-1_V12D07-075_C1,8
CACGTTCGTGCTCTAG-1_V12D07-075_C1,15
CACGTTTCGTACACAC-1_V12D07-075_C1,20
CACTAAAGTTGCCTAT-1_V12D07-075_C1,14
CACTACGGGAGCTGCC-1_V12D07-075_C1,12
CACTACTCAGTTCTGT-1_V12D07-075_C1,6
CACTCAAGAGCTATGG-1_V12D07-075_C1,14
CACTCAGCTCTTGAGG-1_V12D07-075_C1,6
CACTCCTCTCGGTCGG-1_V12D07-075_C1,8
CACTCGAGCTGAACAA-1_V12D07-075_C1,14
CACTCGGTTAGGAGGA-1_V12D07-075_C1,14
CACTCTTCTGCTAGCC-1_V12D07-075_C1,14
CACTGACGATTGTGGA-1_V12D07-075_C1,14
CACTTAATCAGACGGA-1_V12D07-075_C1,14
CACTTCGTCTTATCTC-1_V12D07-075_C1,14
CAGAACTTAGCCCTCT-1_V12D07-075_C1,14
CAGAATAACACACGGA-1_V12D07-075_C1,20
CAGAATATTCGTTATC-1_V12D07-075_C1,8
CAGACACCGATCGCTG-1_V12D07-075_C1,2
CAGACCTGTAAGTGTT-1_V12D07-075_C1,2
CAGACGAACCTGATAC-1_V12D07-075_C1,2
CAGAGACGGTCACCCA-1_V12D07-075_C1,14
CAGAGCATGAGCTTGC-1_V12D07-075_C1,14
CAGAGCGATGGATGCT-1_V12D07-075_C1,9
CAGAGGCGATGCATGA-1_V12D07-075_C1,2
CAGAGTGATTTAACGT-1_V12D07-075_C1,6
CAGATAATGGGCGGGT-1_V12D07-075_C1,14
CAGATACTAACATAGT-1_V12D07-075_C1,14
CAGATCATTTAAAGTC-1_V12D07-075_C1,8
CAGCAGCCCGTTCCTT-1_V12D07-075_C1,2
CAGCAGTCCAGACTAT-1_V12D07-075_C1,20
CAGCAGTCTGTGCTGC-1_V12D07-075_C1,12
CAGCCGGGCCCTCTAT-1_V12D07-075_C1,6
CAGCCTCCTGCAGAGG-1_V12D07-075_C1,8
CAGCCTCGATAGCGGT-1_V12D07-075_C1,20
CAGCCTCTCCTCAAGA-1_V12D07-075_C1,8
CAGCGATTCCCTTCAA-1_V12D07-075_C1,15
CAGCGCCAACACGATA-1_V12D07-075_C1,20
CAGCTCACTGAGACAT-1_V12D07-075_C1,14
CAGCTCGACAAGTTAA-1_V12D07-075_C1,2
CAGCTTAGTAGGTAGC-1_V12D07-075_C1,14
CAGGAAGACTTTATAT-1_V12D07-075_C1,6
CAGGACAGCTGCCCTT-1_V12D07-075_C1,8
CAGGATATATCGTTGT-1_V12D07-075_C1,14
CAGGCAGTCTTACCAG-1_V12D07-075_C1,14
CAGGCCGTTTGGGTGT-1_V12D07-075_C1,14
CAGGCGCCATGCTAGG-1_V12D07-075_C1,14
CAGTAACTATTTATTG-1_V12D07-075_C1,8
CAGTACATTCTCTAAA-1_V12D07-075_C1,8
CAGTAGATGATGTCCG-1_V12D07-075_C1,20
CAGTAGCCCACGCGGT-1_V12D07-075_C1,8
CAGTCGAGGATGCAAT-1_V12D07-075_C1,2
CAGTCTCTCGGCTAAT-1_V12D07-075_C1,6
CAGTCTGTATACTGGG-1_V12D07-075_C1,14
CAGTGAATAAATGACT-1_V12D07-075_C1,8
CAGTGTCCGCAGAATG-1_V12D07-075_C1,3
CAGTGTCGGCTGGCCC-1_V12D07-075_C1,14
CAGTTCAAATTGACAC-1_V12D07-075_C1,14
CAGTTCGAGGACCCGA-1_V12D07-075_C1,2
CATAACGGACAGTCGT-1_V12D07-075_C1,2
CATAAGAAGCTTGGCT-1_V12D07-075_C1,14
CATAATGAGCGGGCGA-1_V12D07-075_C1,8
CATACAAAGCCGAACC-1_V12D07-075_C1,6
CATACACGGTTCCCAC-1_V12D07-075_C1,14
CATACCCGTACCCAGT-1_V12D07-075_C1,14
CATACGGCGTCTGGGC-1_V12D07-075_C1,14
CATACTATGTAATTGT-1_V12D07-075_C1,14
CATACTTAGGCAATAC-1_V12D07-075_C1,8
CATACTTCTTTCTCCG-1_V12D07-075_C1,9
CATAGAGGAGATACTA-1_V12D07-075_C1,20
CATAGCGTTGCCCACC-1_V12D07-075_C1,15
CATAGTACATTGAGAG-1_V12D07-075_C1,6
CATAGTAGCATAGTAG-1_V12D07-075_C1,6
CATAGTCAAATACATA-1_V12D07-075_C1,20
CATAGTCCACAAGAAC-1_V12D07-075_C1,15
CATAGTGGGCACGCCT-1_V12D07-075_C1,2
CATATACTACTGATAA-1_V12D07-075_C1,8
CATATAGGTACAGTCA-1_V12D07-075_C1,14
CATATTATTTGCCCTA-1_V12D07-075_C1,6
CATCAAACTGGCGCCC-1_V12D07-075_C1,8
CATCAACACCTACTAA-1_V12D07-075_C1,12
CATCATCTACCCGGAC-1_V12D07-075_C1,6
CATCATTACCCTGAGG-1_V12D07-075_C1,20
CATCCCGAGATTCATA-1_V12D07-075_C1,20
CATCCGCAGGCCCGAA-1_V12D07-075_C1,12
CATCCTCTCAAAGATC-1_V12D07-075_C1,20
CATCGGACGGGTTAAT-1_V12D07-075_C1,14
CATCGTCCGGTTACTA-1_V12D07-075_C1,14
CATCTACCCGAGAACG-1_V12D07-075_C1,8
CATCTAGTGAAGGGAA-1_V12D07-075_C1,8
CATCTATCCCGTGTCT-1_V12D07-075_C1,8
CATCTGCAGGATCATT-1_V12D07-075_C1,12
CATGAACCGACATTTG-1_V12D07-075_C1,6
CATGAACCTCTTATCA-1_V12D07-075_C1,10
CATGACTTCGCTGAAT-1_V12D07-075_C1,2
CATGAGATGCACTCTC-1_V12D07-075_C1,14
CATGATCGCTTTGAGA-1_V12D07-075_C1,20
CATGATGCACAATTCT-1_V12D07-075_C1,14
CATGATGGAAGTTAGC-1_V12D07-075_C1,20
CATGCATGGAGACCCT-1_V12D07-075_C1,10
CATGCGACCAGTTTAA-1_V12D07-075_C1,2
CATGCGTTAGACAGAA-1_V12D07-075_C1,6
CATGCTGGCTCCAATT-1_V12D07-075_C1,6
CATGGAAATGGGACCA-1_V12D07-075_C1,8
CATGGATTGTCTTCCG-1_V12D07-075_C1,20
CATGGCAGGAAGATCG-1_V12D07-075_C1,6
CATGGCTCCCTATGTC-1_V12D07-075_C1,12
CATGGGTCGGGTGTGG-1_V12D07-075_C1,8
CATGGTAAGTAGCGTT-1_V12D07-075_C1,14
CATGGTCTAGATACCG-1_V12D07-075_C1,14
CATGGTTTATTAATCA-1_V12D07-075_C1,20
CATGTAAGAGACATTT-1_V12D07-075_C1,20
CATGTAGGAGCGCCAA-1_V12D07-075_C1,8
CATGTCTCATTTATGG-1_V12D07-075_C1,7
CATTACATAGATTGTG-1_V12D07-075_C1,8
CATTACGCAGGAAGGG-1_V12D07-075_C1,2
CATTACGTCGGCCCGT-1_V12D07-075_C1,6
CATTATGCTTGTTGTG-1_V12D07-075_C1,14
CATTCACTGACAGCTA-1_V12D07-075_C1,6
CATTCCCATTCCGTCG-1_V12D07-075_C1,8
CATTCGTCGTAGCGGT-1_V12D07-075_C1,20
CATTGATGAACACGCC-1_V12D07-075_C1,11
CATTGCGAAATGGGCG-1_V12D07-075_C1,14
CATTGCGGGTCAATTC-1_V12D07-075_C1,11
CATTGTGTGCTAGATC-1_V12D07-075_C1,14
CATTTAGCGGACCATG-1_V12D07-075_C1,8
CATTTATCGTTCAAGA-1_V12D07-075_C1,6
CATTTGAGTGGTACGT-1_V12D07-075_C1,2
CCAAACAGAACCCTCG-1_V12D07-075_C1,14
CCAAAGCAGTTGGTTG-1_V12D07-075_C1,14
CCAAATAACAAGATTC-1_V12D07-075_C1,2
CCAACGATGCACTGAT-1_V12D07-075_C1,14
CCAACGCTTGCCAGGG-1_V12D07-075_C1,8
CCAACTTGATAGATCC-1_V12D07-075_C1,8
CCAAGAAAGTGGGCGA-1_V12D07-075_C1,2
CCAAGACTTCTGCGAA-1_V12D07-075_C1,6
CCAAGCGTAACTCGTA-1_V12D07-075_C1,14
CCAAGGTTGCCCTTTC-1_V12D07-075_C1,20
CCAAGTTTCTACAGAT-1_V12D07-075_C1,12
CCAATAGATTTCATCT-1_V12D07-075_C1,12
CCAATAGTGCCGTCGA-1_V12D07-075_C1,14
CCAATCGGTAGATCGA-1_V12D07-075_C1,6
CCAATGTCACAGCAAG-1_V12D07-075_C1,14
CCAATTACGGGTCGAG-1_V12D07-075_C1,8
CCAATTGAATGTTAAT-1_V12D07-075_C1,14
CCACAATGTACGTCTT-1_V12D07-075_C1,15
CCACACTGAGATATTA-1_V12D07-075_C1,14
CCACAGCTGAAATCAT-1_V12D07-075_C1,6
CCACAGTACCCATCCT-1_V12D07-075_C1,20
CCACATACTGCACCCA-1_V12D07-075_C1,8
CCACCAACTTTACTGT-1_V12D07-075_C1,15
CCACCCAAGGAAAGTG-1_V12D07-075_C1,2
CCACCTGTATGGAATA-1_V12D07-075_C1,20
CCACGAATTTAACCTC-1_V12D07-075_C1,20
CCACGAGAAGAGAATC-1_V12D07-075_C1,6
CCACGGTGCCCGGTAG-1_V12D07-075_C1,8
CCACGTAAATTAGACT-1_V12D07-075_C1,8
CCACTATCCGGGTCAC-1_V12D07-075_C1,8
CCACTGGTGGCTGGTT-1_V12D07-075_C1,2
CCACTGTTTGGATTAA-1_V12D07-075_C1,6
CCAGAAACTGATGCGA-1_V12D07-075_C1,2
CCAGAAAGCAACTCAT-1_V12D07-075_C1,15
CCAGAGACAAAGCCGG-1_V12D07-075_C1,3
CCAGATAGTTGAGTGA-1_V12D07-075_C1,15
CCAGCCTGGACCAATA-1_V12D07-075_C1,14
CCAGCGGGATCACCAG-1_V12D07-075_C1,8
CCAGCTACGCCTCATA-1_V12D07-075_C1,6
CCAGCTCGAACGCATT-1_V12D07-075_C1,14
CCAGCTGATGGTACTT-1_V12D07-075_C1,2
CCAGCTTCCGCCCGCA-1_V12D07-075_C1,17
CCAGGCTGGCGTCTGA-1_V12D07-075_C1,2
CCAGGGACGTGGCCTC-1_V12D07-075_C1,14
CCAGTAGTCTGATCCA-1_V12D07-075_C1,2
CCAGTCTAGACGGCGC-1_V12D07-075_C1,8
CCAGTCTTGTCATAGA-1_V12D07-075_C1,14
CCATAAACAACCCGAC-1_V12D07-075_C1,6
CCATACTCGCCTCTCC-1_V12D07-075_C1,20
CCATAGGTTGGCGTGG-1_V12D07-075_C1,6
CCATAGTCAGTAACCC-1_V12D07-075_C1,12
CCATATGGAAACTATA-1_V12D07-075_C1,20
CCATATTGGATCATGA-1_V12D07-075_C1,14
CCATCCATACCAAGTC-1_V12D07-075_C1,6
CCATCGCAGTTAAACT-1_V12D07-075_C1,14
CCATCTCACCAGTGAA-1_V12D07-075_C1,2
CCATCTTGTTCACAAT-1_V12D07-075_C1,6
CCATGCCCTAGATTTC-1_V12D07-075_C1,12
CCATGCCTGTTTAGTA-1_V12D07-075_C1,14
CCATGCTCTGCAGGAA-1_V12D07-075_C1,14
CCATGGCCCTTGTACC-1_V12D07-075_C1,12
CCATTAGCGATAATCC-1_V12D07-075_C1,4
CCATTCCCTGCCCACA-1_V12D07-075_C1,14
CCATTGTTTCCTCCAT-1_V12D07-075_C1,8
CCATTTCTACCTATTA-1_V12D07-075_C1,14
CCCAAACATGCTGCTC-1_V12D07-075_C1,2
CCCAACATACGTCGCG-1_V12D07-075_C1,2
CCCAACCACACTAACA-1_V12D07-075_C1,6
CCCAAGTCATTACACT-1_V12D07-075_C1,12
CCCAATTTCACAACTT-1_V12D07-075_C1,2
CCCAGAGGAGGGCGTA-1_V12D07-075_C1,8
CCCAGGTCTGAAGGCT-1_V12D07-075_C1,20
CCCAGTTAAGGCGCCG-1_V12D07-075_C1,8
CCCATATAGGTCGATT-1_V12D07-075_C1,20
CCCGACCATAGTCCGC-1_V12D07-075_C1,6
CCCGAGTTTCTCCGTA-1_V12D07-075_C1,2
CCCGATAGCCTCGCCT-1_V12D07-075_C1,8
CCCGCAGCGCGAACTA-1_V12D07-075_C1,14
CCCGCAGGGCCCAAAG-1_V12D07-075_C1,6
CCCGCCATGCTCCCGT-1_V12D07-075_C1,6
CCCGGCTAGGTGAGAA-1_V12D07-075_C1,20
CCCGGGTCGTTCAGGG-1_V12D07-075_C1,20
CCCGGTGGAAGAACCT-1_V12D07-075_C1,14
CCCGTAAGTCTAGGCC-1_V12D07-075_C1,15
CCCGTAGCTGGGAAGA-1_V12D07-075_C1,15
CCCGTCAGCGTCTGAC-1_V12D07-075_C1,6
CCCGTTTCGCAGATGT-1_V12D07-075_C1,20
CCCTACTTGAACAATG-1_V12D07-075_C1,20
CCCTAGTGTCAGGTGT-1_V12D07-075_C1,14
CCCTCAAGCTCTTAGT-1_V12D07-075_C1,14
CCCTCATTCTGGAATT-1_V12D07-075_C1,6
CCCTCCTCGCTCGTAT-1_V12D07-075_C1,20
CCCTGAAATGAGTTGA-1_V12D07-075_C1,14
CCCTGACTAACAAATT-1_V12D07-075_C1,2
CCCTGATGTAACTCGT-1_V12D07-075_C1,14
CCCTGCGCTACGCATA-1_V12D07-075_C1,9
CCCTGGTATGGGCGGC-1_V12D07-075_C1,19
CCCTGTTGGCAAAGAC-1_V12D07-075_C1,12
CCCTTTAATGGAGTTC-1_V12D07-075_C1,20
CCCTTTGACAGGTCTT-1_V12D07-075_C1,14
CCGAACCTTCCCGGCC-1_V12D07-075_C1,14
CCGAAGGGCGTACCGC-1_V12D07-075_C1,8
CCGAAGTATATTGTTC-1_V12D07-075_C1,3
CCGACAAACACATGAG-1_V12D07-075_C1,14
CCGACAAAGGGAGTGC-1_V12D07-075_C1,12
CCGACAATAGGCCGCC-1_V12D07-075_C1,12
CCGACGTAAACACAAC-1_V12D07-075_C1,8
CCGACTCGCATAGTCT-1_V12D07-075_C1,6
CCGAGCTGTGCTTGTC-1_V12D07-075_C1,8
CCGAGGGATGTTAGGC-1_V12D07-075_C1,6
CCGATATGACGTAAGG-1_V12D07-075_C1,8
CCGATCTCAACCTTAT-1_V12D07-075_C1,2
CCGATTCGAGGGACCC-1_V12D07-075_C1,2
CCGCACAAAGACCAAC-1_V12D07-075_C1,20
CCGCACACGAACGTGT-1_V12D07-075_C1,8
CCGCACGTGACCTCGG-1_V12D07-075_C1,14
CCGCACTTGCAATGAC-1_V12D07-075_C1,20
CCGCATGTGGTACGAT-1_V12D07-075_C1,14
CCGCCGGTCAACACAC-1_V12D07-075_C1,6
CCGCCGTTGAGGATAA-1_V12D07-075_C1,8
CCGCCTGCGAATTGGT-1_V12D07-075_C1,8
CCGCGATTTGGTAGGT-1_V12D07-075_C1,2
CCGCGGAATGCGTCAC-1_V12D07-075_C1,15
CCGCTATCAGCACCAG-1_V12D07-075_C1,20
CCGCTCTTCCGAACTA-1_V12D07-075_C1,20
CCGCTGGTGCCATTCA-1_V12D07-075_C1,6
CCGCTTACCTCACTCT-1_V12D07-075_C1,15
CCGCTTGCTGACATGG-1_V12D07-075_C1,11
CCGGAAGTTATCAGTC-1_V12D07-075_C1,8
CCGGAATGGTTTCAGT-1_V12D07-075_C1,3
CCGGAGCGTACTTTCT-1_V12D07-075_C1,14
CCGGAGGTCTTATGGT-1_V12D07-075_C1,8
CCGGCACGACCGTTTC-1_V12D07-075_C1,8
CCGGCGCATATTGGAT-1_V12D07-075_C1,6
CCGGGACCCGCAGAGA-1_V12D07-075_C1,6
CCGGGCGGTCTCGTCA-1_V12D07-075_C1,20
CCGGGCTGCTCCATAC-1_V12D07-075_C1,20
CCGGGTTCGAGGTTAC-1_V12D07-075_C1,14
CCGGTAATGGCTAGTC-1_V12D07-075_C1,8
CCGGTGCGAGTGATAG-1_V12D07-075_C1,20
CCGGTTTGTAATTGTG-1_V12D07-075_C1,15
CCGTAAGTTGGTCCCA-1_V12D07-075_C1,2
CCGTACCCAAGCGCCA-1_V12D07-075_C1,6
CCGTAGGAAATCCCTG-1_V12D07-075_C1,20
CCGTAGGGTTGTTTAC-1_V12D07-075_C1,20
CCGTATTAGCGCAGTT-1_V12D07-075_C1,8
CCGTGAGGCATTCATG-1_V12D07-075_C1,8
CCGTGCCCATGACGGC-1_V12D07-075_C1,6
CCGTGGAACGATCCAA-1_V12D07-075_C1,8
CCGTGTTAAATTCCAT-1_V12D07-075_C1,15
CCGTTACGTTAGAACA-1_V12D07-075_C1,8
CCGTTCCGAATCTCGG-1_V12D07-075_C1,2
CCTAAAGGCTGACGCT-1_V12D07-075_C1,6
CCTAAATTAACGGTTC-1_V12D07-075_C1,14
CCTAAATTGTATCCTA-1_V12D07-075_C1,2
CCTAACCCAAACAAGT-1_V12D07-075_C1,20
CCTAACTAAGGCTCTA-1_V12D07-075_C1,8
CCTACAAGTCCGGAAT-1_V12D07-075_C1,8
CCTACTCAACACGATT-1_V12D07-075_C1,2
CCTACTGCTTACACTT-1_V12D07-075_C1,14
CCTAGGCGTAGCGATC-1_V12D07-075_C1,2
CCTATAATGAGTGCCC-1_V12D07-075_C1,12
CCTATACCGTCCTGTC-1_V12D07-075_C1,15
CCTATATTTGTCCTGG-1_V12D07-075_C1,14
CCTATCTATATCGGAA-1_V12D07-075_C1,6
CCTATGAAGTGGTGCC-1_V12D07-075_C1,8
CCTATGGGTTACCGTC-1_V12D07-075_C1,2
CCTATGGTCAAAGCTG-1_V12D07-075_C1,20
CCTATGTCCACTCCAC-1_V12D07-075_C1,20
CCTCACCAATCTTGAC-1_V12D07-075_C1,14
CCTCACCTGAGGGAGC-1_V12D07-075_C1,15
CCTCACCTTAGCATCG-1_V12D07-075_C1,2
CCTCACGTCAGCTAAT-1_V12D07-075_C1,20
CCTCATGCAGCTACGA-1_V12D07-075_C1,6
CCTCCCGACAATCCCT-1_V12D07-075_C1,6
CCTCCGACAATTCAAG-1_V12D07-075_C1,14
CCTCCTGAGCCCACAT-1_V12D07-075_C1,20
CCTCCTGTTGTGTCGT-1_V12D07-075_C1,20
CCTCGAAGTGGACGGG-1_V12D07-075_C1,6
CCTCGCCAGCAAATTA-1_V12D07-075_C1,6
CCTCGCGCGATATAGG-1_V12D07-075_C1,2
CCTCGCGCTGTGCGAT-1_V12D07-075_C1,14
CCTCGGACCGGGATAG-1_V12D07-075_C1,14
CCTCGGATGCTACCTG-1_V12D07-075_C1,14
CCTCGTTACGCCTGTT-1_V12D07-075_C1,8
CCTCTAATCTGCCAAG-1_V12D07-075_C1,14
CCTCTCTCCCATCTAG-1_V12D07-075_C1,14
CCTCTGGCCTAGACGG-1_V12D07-075_C1,6
CCTCTGTACTATTCTA-1_V12D07-075_C1,14
CCTGAACGATATATTC-1_V12D07-075_C1,20
CCTGAATATTTACATA-1_V12D07-075_C1,14
CCTGACAAACTCGCGC-1_V12D07-075_C1,14
CCTGACCACCGATGGT-1_V12D07-075_C1,14
CCTGCCCGTTGTCTAG-1_V12D07-075_C1,20
CCTGCGATAGAACTGT-1_V12D07-075_C1,6
CCTGCGTTCTACGCTT-1_V12D07-075_C1,3
CCTGCTATTTGAGAAG-1_V12D07-075_C1,6
CCTGGAAACGTTCTGC-1_V12D07-075_C1,8
CCTGGCTAGACCCGCC-1_V12D07-075_C1,14
CCTGGTCGAATGTGGG-1_V12D07-075_C1,14
CCTGTAAGACATGATA-1_V12D07-075_C1,14
CCTGTACTCACGCCCA-1_V12D07-075_C1,2
CCTGTCACCCGGGCTC-1_V12D07-075_C1,14
CCTGTCCCTCACGTTA-1_V12D07-075_C1,8
CCTGTCGCCCGTAAAT-1_V12D07-075_C1,14
CCTGTGAAACCGTAAC-1_V12D07-075_C1,12
CCTGTTTGAAGACACG-1_V12D07-075_C1,20
CCTTCAGTTAAAGTGA-1_V12D07-075_C1,2
CCTTCGTATAGAATCC-1_V12D07-075_C1,20
CCTTCTTGATCCAGTG-1_V12D07-075_C1,6
CCTTGACCACTTTATT-1_V12D07-075_C1,20
CCTTTAAGGGAGCACT-1_V12D07-075_C1,2
CCTTTCAATGAAGAAA-1_V12D07-075_C1,2
CGAAACATAGATGGCA-1_V12D07-075_C1,6
CGAAACGCAATTCATG-1_V12D07-075_C1,15
CGAACAGTATGGGCGT-1_V12D07-075_C1,20
CGAACATAGTCAGAAA-1_V12D07-075_C1,8
CGAACCCGCATGCGTC-1_V12D07-075_C1,2
CGAACGCCCAGTGCCG-1_V12D07-075_C1,6
CGAAGACGGTGAGTGC-1_V12D07-075_C1,12
CGAAGCTATAAATTCA-1_V12D07-075_C1,8
CGAAGTTGCTCTGTGT-1_V12D07-075_C1,14
CGAATGACGCATAATG-1_V12D07-075_C1,14
CGAATTCCCGGTTCAA-1_V12D07-075_C1,9
CGACAATTTGATCTAA-1_V12D07-075_C1,20
CGACACCGCTTAAGGA-1_V12D07-075_C1,8
CGACACGCTCCGACAG-1_V12D07-075_C1,20
CGACAGTTCGCGTTAT-1_V12D07-075_C1,14
CGACATGCGATCTTCT-1_V12D07-075_C1,6
CGACTCAGGATGTTAT-1_V12D07-075_C1,8
CGACTTTGTATAGCCT-1_V12D07-075_C1,8
CGAGACCCTAGAGTGT-1_V12D07-075_C1,14
CGAGACTACTGCTGCT-1_V12D07-075_C1,2
CGAGAGATGTGAACCT-1_V12D07-075_C1,2
CGAGAGCTTTCACTAC-1_V12D07-075_C1,12
CGAGAGGGTAGCCGCG-1_V12D07-075_C1,20
CGAGATTTCGCTCGGG-1_V12D07-075_C1,8
CGAGCACTTCAAGTTT-1_V12D07-075_C1,14
CGAGCCGAGCACTCGA-1_V12D07-075_C1,12
CGAGCGTTGATCAGCC-1_V12D07-075_C1,6
CGAGCTGGGCTTTAGG-1_V12D07-075_C1,6
CGAGGAGCTTCCATAT-1_V12D07-075_C1,11
CGAGGATCGGGAACGA-1_V12D07-075_C1,8
CGAGGCCAGGCATTGG-1_V12D07-075_C1,6
CGAGGCTAAATATGGC-1_V12D07-075_C1,4
CGAGGGACTGCGGTCG-1_V12D07-075_C1,14
CGAGGGTATCCAGGTG-1_V12D07-075_C1,14
CGAGTACTAAAGAGGA-1_V12D07-075_C1,15
CGAGTGCTATAGTTCG-1_V12D07-075_C1,6
CGAGTTCTGTCCCACC-1_V12D07-075_C1,15
CGAGTTTATCGGACTG-1_V12D07-075_C1,20
CGATAATACTCAGGTT-1_V12D07-075_C1,8
CGATACCTCGCGGACA-1_V12D07-075_C1,14
CGATAGTCGTACTGCA-1_V12D07-075_C1,4
CGATATTAGCCGCAGG-1_V12D07-075_C1,6
CGATCCGACCCAGTGC-1_V12D07-075_C1,14
CGATGGACCCTACGCC-1_V12D07-075_C1,2
CGATTAAATATCTCCT-1_V12D07-075_C1,9
CGATTCGCCTGGCTGC-1_V12D07-075_C1,21
CGCAAACACGAGTTAC-1_V12D07-075_C1,14
CGCAATCGATCATTAG-1_V12D07-075_C1,3
CGCAATTACTTTCGGT-1_V12D07-075_C1,14
CGCAATTAGGGTAATA-1_V12D07-075_C1,14
CGCACATGTCCACTAC-1_V12D07-075_C1,2
CGCACGTGCGCTATCA-1_V12D07-075_C1,2
CGCAGAAACATTTGCG-1_V12D07-075_C1,11
CGCAGATCTTCACCCG-1_V12D07-075_C1,11
CGCAGGCGATCCAAAC-1_V12D07-075_C1,20
CGCATCATGGCTTCAG-1_V12D07-075_C1,6
CGCATCCATCAGCCAG-1_V12D07-075_C1,8
CGCATGCCGAATGCGT-1_V12D07-075_C1,20
CGCATGGTGCGATGCT-1_V12D07-075_C1,14
CGCATTAGCTAATAGG-1_V12D07-075_C1,14
CGCCAAGAAGCCGAGT-1_V12D07-075_C1,15
CGCCAATTATTGCGTT-1_V12D07-075_C1,12
CGCCACCCGCATTAAC-1_V12D07-075_C1,3
CGCCATCCGATTATGA-1_V12D07-075_C1,8
CGCCCAGCACGCCTAG-1_V12D07-075_C1,2
CGCCCAGCGTTTCACG-1_V12D07-075_C1,12
CGCCCGCTTCCGTACA-1_V12D07-075_C1,8
CGCCCTTGAAGGCTGA-1_V12D07-075_C1,14
CGCCGACTATTCGCTA-1_V12D07-075_C1,12
CGCCGCCCATGCCTGT-1_V12D07-075_C1,20
CGCCGTCTACCCATCG-1_V12D07-075_C1,8
CGCCGTTCAGCATAGT-1_V12D07-075_C1,20
CGCCTCCCTCCTCTAT-1_V12D07-075_C1,14
CGCCTGGCCTACGTAA-1_V12D07-075_C1,15
CGCCTTTAGCATGCTC-1_V12D07-075_C1,8
CGCGAAGTGGCATACT-1_V12D07-075_C1,20
CGCGACACTGCGCAGC-1_V12D07-075_C1,6
CGCGACCGCGACAGAT-1_V12D07-075_C1,14
CGCGAGAGGGACTTGT-1_V12D07-075_C1,8
CGCGCATGTTTGATTG-1_V12D07-075_C1,14
CGCGCCCGACTTAATA-1_V12D07-075_C1,6
CGCGGCAGTATTACGG-1_V12D07-075_C1,3
CGCGGCTCAACTTGAA-1_V12D07-075_C1,20
CGCGGGAATTAGGCAG-1_V12D07-075_C1,2
CGCGGTAAGTCTAGCT-1_V12D07-075_C1,8
CGCGGTACGGTATACA-1_V12D07-075_C1,2
CGCGGTCACAAACCAA-1_V12D07-075_C1,8
CGCGTACATTCTGGAA-1_V12D07-075_C1,8
CGCGTTCATGAAATAC-1_V12D07-075_C1,14
CGCTACGGGACATTTA-1_V12D07-075_C1,14
CGCTAGAGACCGCTGC-1_V12D07-075_C1,2
CGCTATACCGCCCACT-1_V12D07-075_C1,6
CGCTATTCTTAGGCTC-1_V12D07-075_C1,14
CGCTCGACATAATGAT-1_V12D07-075_C1,14
CGCTCTCCGTAGATTA-1_V12D07-075_C1,14
CGCTGGTGACTACCCT-1_V12D07-075_C1,20
CGCTGTGACGCCGCAC-1_V12D07-075_C1,14
CGCTGTGTGGATGTTG-1_V12D07-075_C1,15
CGCTTAGTATTGATAC-1_V12D07-075_C1,14
CGCTTATTCCCGGTCG-1_V12D07-075_C1,15
CGCTTCCACTGAAATC-1_V12D07-075_C1,3
CGCTTCGGTCTAAGAC-1_V12D07-075_C1,14
CGCTTGGACGGATAGA-1_V12D07-075_C1,2
CGCTTTCATACCGGTG-1_V12D07-075_C1,6
CGCTTTCTTGCATTCG-1_V12D07-075_C1,15
CGGAAAGAATCAAACG-1_V12D07-075_C1,2
CGGAAAGCAAATGTGC-1_V12D07-075_C1,14
CGGAACGTAAACATAG-1_V12D07-075_C1,2
CGGAGCAATTTAATCG-1_V12D07-075_C1,14
CGGAGCATGGCGATCC-1_V12D07-075_C1,14
CGGAGCTTATAACACC-1_V12D07-075_C1,6
CGGAGTTTGAGAGACA-1_V12D07-075_C1,14
CGGATAAGCGGACATG-1_V12D07-075_C1,12
CGGATCCTCAAGGACT-1_V12D07-075_C1,14
CGGCAAACATCGTGCG-1_V12D07-075_C1,14
CGGCAATAAGATCGCC-1_V12D07-075_C1,20
CGGCACCGTTAGCGCC-1_V12D07-075_C1,8
CGGCACTCAAGAAAGT-1_V12D07-075_C1,6
CGGCAGGGTCGGGTTG-1_V12D07-075_C1,15
CGGCCACGCACAAAGT-1_V12D07-075_C1,20
CGGCCAGAGCGACCAT-1_V12D07-075_C1,14
CGGCCCAACCTGTAGT-1_V12D07-075_C1,8
CGGCCCAGGTATATCC-1_V12D07-075_C1,2
CGGCGCCATCAATCCC-1_V12D07-075_C1,20
CGGCTCTAAAGCTGCA-1_V12D07-075_C1,2
CGGCTCTTCGTCGAAC-1_V12D07-075_C1,6
CGGCTTTGTATGATAA-1_V12D07-075_C1,6
CGGGAATATAGTATAC-1_V12D07-075_C1,20
CGGGAATTTATGTAAA-1_V12D07-075_C1,20
CGGGAGCTTCAGTGTA-1_V12D07-075_C1,20
CGGGAGTATACCGCCG-1_V12D07-075_C1,12
CGGGATCAATGTAAGA-1_V12D07-075_C1,14
CGGGCAGCTAAACCGC-1_V12D07-075_C1,14
CGGGCCATAGCCGCAC-1_V12D07-075_C1,6
CGGGCCTTCTTTGTAA-1_V12D07-075_C1,14
CGGGCGATGGATCACG-1_V12D07-075_C1,20
CGGGTGTACCCATTTA-1_V12D07-075_C1,2
CGGGTTCGGCACGTAT-1_V12D07-075_C1,8
CGGGTTTGTTAGGGCT-1_V12D07-075_C1,20
CGGTAGAGGTGCAGGT-1_V12D07-075_C1,8
CGGTATAGGTATTAGC-1_V12D07-075_C1,8
CGGTCAAGTGGGAACC-1_V12D07-075_C1,2
CGGTCAGTCCATATTT-1_V12D07-075_C1,2
CGGTCCATGAGACTCC-1_V12D07-075_C1,8
CGGTCCGTCGCAAGCC-1_V12D07-075_C1,14
CGGTCTATCAACCCGT-1_V12D07-075_C1,8
CGGTGAAGACTAAAGT-1_V12D07-075_C1,3
CGGTGCAGATAGAACG-1_V12D07-075_C1,2
CGGTGCGCGTTGGTCC-1_V12D07-075_C1,15
CGGTGGGCTCCAGCCT-1_V12D07-075_C1,8
CGGTGTACTTGATCCC-1_V12D07-075_C1,3
CGGTTATCCAACAGTG-1_V12D07-075_C1,2
CGGTTCAAGTAGGTGT-1_V12D07-075_C1,2
CGGTTCCGGCTTCTTG-1_V12D07-075_C1,6
CGGTTGACCTGGCATA-1_V12D07-075_C1,2
CGGTTGGGTTCAAGTT-1_V12D07-075_C1,8
CGGTTTATGAAGGAAC-1_V12D07-075_C1,8
CGTAACTTCGACACTT-1_V12D07-075_C1,2
CGTAATAATTACGAGT-1_V12D07-075_C1,12
CGTACCGAAAGTCTAG-1_V12D07-075_C1,6
CGTACCTGATAGGCCT-1_V12D07-075_C1,14
CGTAGCGAATTGTCAG-1_V12D07-075_C1,6
CGTAGCGCCGACGTTG-1_V12D07-075_C1,11
CGTATCTAGAACTAAG-1_V12D07-075_C1,20
CGTATTAAGAGATCTA-1_V12D07-075_C1,14
CGTCAAGGCTATAAAT-1_V12D07-075_C1,14
CGTCAATCTTTAACAT-1_V12D07-075_C1,14
CGTCACGTCCATTGGT-1_V12D07-075_C1,14
CGTCAGCTATTTACTC-1_V12D07-075_C1,14
CGTCAGTGCGCACAAG-1_V12D07-075_C1,6
CGTCCAGATGGCTCCA-1_V12D07-075_C1,12
CGTCCTCATCGCGTGC-1_V12D07-075_C1,2
CGTCGCATGTGAGCCA-1_V12D07-075_C1,12
CGTCGGATAGTGTTGA-1_V12D07-075_C1,15
CGTCGTCCTTCGCGAA-1_V12D07-075_C1,14
CGTCTGGAAGGGCCCG-1_V12D07-075_C1,6
CGTCTTGAGTGTGACG-1_V12D07-075_C1,8
CGTGAAGTTAATTCAC-1_V12D07-075_C1,14
CGTGACATTGGGTCGT-1_V12D07-075_C1,6
CGTGACCAGTCCTCTG-1_V12D07-075_C1,14
CGTGCAGACTGGGACA-1_V12D07-075_C1,14
CGTGCATTGTCGACGC-1_V12D07-075_C1,2
CGTGCCCTCCCGAAGA-1_V12D07-075_C1,14
CGTGCTGGCCTAGTCG-1_V12D07-075_C1,14
CGTGGAAGCCTCGTAC-1_V12D07-075_C1,8
CGTGGCCGAATATCTA-1_V12D07-075_C1,20
CGTGTATGGGAGCTGA-1_V12D07-075_C1,20
CGTGTCCCATTCGCGA-1_V12D07-075_C1,14
CGTGTGTTAAACCCTG-1_V12D07-075_C1,8
CGTTAAACTAGTTAGG-1_V12D07-075_C1,2
CGTTAATGTCCCGACG-1_V12D07-075_C1,14
CGTTAGCTCACAACTG-1_V12D07-075_C1,8
CGTTCAGACCCGCGAA-1_V12D07-075_C1,12
CGTTCTTCGCACACCT-1_V12D07-075_C1,8
CGTTGAATACCGCGCT-1_V12D07-075_C1,14
CGTTGAGCGACCGTCG-1_V12D07-075_C1,14
CGTTGAGTAATTGCGT-1_V12D07-075_C1,8
CGTTGCCCGCGTGGGA-1_V12D07-075_C1,2
CGTTGTAAGATTGATT-1_V12D07-075_C1,8
CGTTGTCGGCAATTGA-1_V12D07-075_C1,12
CGTTGTTTCAATTCCC-1_V12D07-075_C1,14
CGTTTAAGCGGAGCAC-1_V12D07-075_C1,6
CGTTTACAAGGCAGCT-1_V12D07-075_C1,8
CGTTTCACTTCGGGCG-1_V12D07-075_C1,8
CGTTTCGCTCATTACA-1_V12D07-075_C1,14
CGTTTGGTGTTGTGGG-1_V12D07-075_C1,20
CGTTTGTGTAGAGGGT-1_V12D07-075_C1,15
CTAAAGAATGCCTACT-1_V12D07-075_C1,14
CTAAAGGGAAATAGGA-1_V12D07-075_C1,20
CTAAATCCTATTCCGG-1_V12D07-075_C1,2
CTAACCGCGCGCCCGT-1_V12D07-075_C1,14
CTAACGAAACTTGCTG-1_V12D07-075_C1,15
CTAACTGATAATCGCC-1_V12D07-075_C1,20
CTAACTGGTCCGGTTC-1_V12D07-075_C1,15
CTAAGGGAATGATTGG-1_V12D07-075_C1,14
CTAAGTACAGGGCTAC-1_V12D07-075_C1,8
CTAATTCGCACGCGCT-1_V12D07-075_C1,14
CTAATTCTCAGATATT-1_V12D07-075_C1,2
CTAATTTCAACAACAC-1_V12D07-075_C1,14
CTACACTCGCAGATGG-1_V12D07-075_C1,20
CTACCCTAAGGTCATA-1_V12D07-075_C1,15
CTACGACTAGCTATAA-1_V12D07-075_C1,2
CTACGCACGGAGTACC-1_V12D07-075_C1,14
CTACGCCATTTCCGAT-1_V12D07-075_C1,6
CTACGTGTTGCCACCA-1_V12D07-075_C1,6
CTACTATCTTTCAGAG-1_V12D07-075_C1,15
CTACTCAAGGTATAGT-1_V12D07-075_C1,15
CTACTCTAGGCCCGGC-1_V12D07-075_C1,14
CTACTGCCACCTGACC-1_V12D07-075_C1,14
CTAGACATATATGTAG-1_V12D07-075_C1,8
CTAGACTGCATTTCGT-1_V12D07-075_C1,8
CTAGATAAACTCCTCG-1_V12D07-075_C1,9
CTAGATGTGAGTGTAA-1_V12D07-075_C1,8
CTAGATTTACGACGGC-1_V12D07-075_C1,14
CTAGCATAGTATAATG-1_V12D07-075_C1,14
CTAGCCACAGGCGAGC-1_V12D07-075_C1,20
CTAGCCGATGTTATGA-1_V12D07-075_C1,8
CTAGCTTAATGGTCCC-1_V12D07-075_C1,8
CTAGGCGCCCTATCAG-1_V12D07-075_C1,20
CTAGGTCTGAAGGAAT-1_V12D07-075_C1,2
CTAGGTTCGGACGTGA-1_V12D07-075_C1,14
CTAGTAGAAAGGGATT-1_V12D07-075_C1,14
CTAGTATTCGGAATTA-1_V12D07-075_C1,6
CTAGTCACGTCTTAAG-1_V12D07-075_C1,14
CTAGTGAAGGACAGGA-1_V12D07-075_C1,14
CTAGTTACAACCCGGT-1_V12D07-075_C1,14
CTAGTTGGGCCCGGTA-1_V12D07-075_C1,14
CTATAAGAGCCAATCG-1_V12D07-075_C1,2
CTATCGACGAAATACA-1_V12D07-075_C1,20
CTATCGCGTAGAGAAC-1_V12D07-075_C1,20
CTATCGGGTCTCAACA-1_V12D07-075_C1,14
CTATGCCCGAATGCAA-1_V12D07-075_C1,14
CTATGGGAAGCGGAAT-1_V12D07-075_C1,20
CTATGTCACTAGCCCA-1_V12D07-075_C1,14
CTATGTCTATTGAAAC-1_V12D07-075_C1,6
CTATTCATGTGTCCCA-1_V12D07-075_C1,14
CTATTGTGTTTGGTCA-1_V12D07-075_C1,8
CTATTTGCTTGGAGGA-1_V12D07-075_C1,20
CTATTTGGTTACGGAT-1_V12D07-075_C1,20
CTCAACTAACCCGGAT-1_V12D07-075_C1,12
CTCAAGACATTAGCGC-1_V12D07-075_C1,8
CTCACATTTACTAAAT-1_V12D07-075_C1,14
CTCACCAGTACAAGTG-1_V12D07-075_C1,14
CTCACCGATCCAAACT-1_V12D07-075_C1,8
CTCACTGTGATACTTA-1_V12D07-075_C1,20
CTCACTTGGCTGGTAA-1_V12D07-075_C1,15
CTCAGGACTCACCTGT-1_V12D07-075_C1,3
CTCAGTCACGACAAAT-1_V12D07-075_C1,2
CTCATCACTTAGTGAT-1_V12D07-075_C1,8
CTCATGGCTCACAATC-1_V12D07-075_C1,6
CTCATTCGTGAACATC-1_V12D07-075_C1,14
CTCATTGCTCTAACAA-1_V12D07-075_C1,12
CTCATTTGATGGGCGG-1_V12D07-075_C1,14
CTCCCAATGAGTCGCG-1_V12D07-075_C1,2
CTCCGCCCACATGAGG-1_V12D07-075_C1,2
CTCCGGCCTAATATGC-1_V12D07-075_C1,6
CTCCGGCTTGTAGACA-1_V12D07-075_C1,14
CTCCTCCAGCTCACAC-1_V12D07-075_C1,14
CTCCTGTTCAAGGCAG-1_V12D07-075_C1,20
CTCCTTTACGCAAGTC-1_V12D07-075_C1,8
CTCGAATGGAACGTAT-1_V12D07-075_C1,8
CTCGAGATCCAAAGCA-1_V12D07-075_C1,14
CTCGAGGTCGAACAGT-1_V12D07-075_C1,14
CTCGATATTTGCGAGC-1_V12D07-075_C1,8
CTCGCACCTATATAGT-1_V12D07-075_C1,14
CTCGCCGAATGTAGGG-1_V12D07-075_C1,14
CTCGCTAGGTAAGCGA-1_V12D07-075_C1,2
CTCGGGATAACACCTA-1_V12D07-075_C1,8
CTCGGTACCACTGCTC-1_V12D07-075_C1,14
CTCGTCTGTGCCTTCG-1_V12D07-075_C1,20
CTCGTTTCTAATGTTT-1_V12D07-075_C1,8
CTCTAATGCATTGATC-1_V12D07-075_C1,8
CTCTAGCCCTCGGAAA-1_V12D07-075_C1,12
CTCTATTTGGCTGCAG-1_V12D07-075_C1,14
CTCTCACAATCGATGA-1_V12D07-075_C1,20
CTCTCGCTGTACTATG-1_V12D07-075_C1,14
CTCTGCGAAGCAAGCA-1_V12D07-075_C1,6
CTCTGGACGCCTGGTG-1_V12D07-075_C1,14
CTCTGTTTGAGGATTC-1_V12D07-075_C1,6
CTCTTCTATTGACTGG-1_V12D07-075_C1,20
CTCTTGTCCCGCTTGG-1_V12D07-075_C1,14
CTGAAACGGCCCTCAG-1_V12D07-075_C1,8
CTGAAAGAGATCCGAC-1_V12D07-075_C1,6
CTGAATCCGAGACCTC-1_V12D07-075_C1,14
CTGAATTTATTGCCAG-1_V12D07-075_C1,8
CTGACATAGAAATAGA-1_V12D07-075_C1,8
CTGACTGCGCAGCTCG-1_V12D07-075_C1,2
CTGAGAAAGTTCGGCG-1_V12D07-075_C1,8
CTGAGAGTAGAAATAC-1_V12D07-075_C1,20
CTGAGCAAGTAACAAG-1_V12D07-075_C1,9
CTGAGCGAGACTTATT-1_V12D07-075_C1,8
CTGCAAGCACGTTCCG-1_V12D07-075_C1,20
CTGCACAACTACATAT-1_V12D07-075_C1,14
CTGCACCTAGTCCACA-1_V12D07-075_C1,8
CTGCACCTGGAACCGC-1_V12D07-075_C1,6
CTGCACTCCAGTACAG-1_V12D07-075_C1,14
CTGCAGAGAATCAGAG-1_V12D07-075_C1,12
CTGCAGGTGCTCGGCC-1_V12D07-075_C1,12
CTGCCAAGGTTGGAAG-1_V12D07-075_C1,6
CTGCCATGCATCACAT-1_V12D07-075_C1,6
CTGCCCACGAAGCGTT-1_V12D07-075_C1,14
CTGCCTCATATGCAAC-1_V12D07-075_C1,8
CTGCCTTTCTAGTAAA-1_V12D07-075_C1,20
CTGCGGTAGTCACGTG-1_V12D07-075_C1,8
CTGCGTTACGATATAA-1_V12D07-075_C1,8
CTGCTGAGGCCACGAA-1_V12D07-075_C1,15
CTGCTGTCTAACGAGC-1_V12D07-075_C1,8
CTGCTTGGCGATAGCT-1_V12D07-075_C1,14
CTGCTTTATGTCCGCG-1_V12D07-075_C1,8
CTGGAAATGGATGCTT-1_V12D07-075_C1,14
CTGGAAGACACGGTGG-1_V12D07-075_C1,20
CTGGATTTACACTTGA-1_V12D07-075_C1,14
CTGGCGACATAAGTCC-1_V12D07-075_C1,6
CTGGCGCACAGGTCTG-1_V12D07-075_C1,2
CTGGCGGGAATAAGTA-1_V12D07-075_C1,14
CTGGCTCCTGCGGGAT-1_V12D07-075_C1,4
CTGGCTGATTCATCCT-1_V12D07-075_C1,20
CTGGCTGGTTGTCAGT-1_V12D07-075_C1,11
CTGGGATAAATAATGG-1_V12D07-075_C1,20
CTGGGATACGCTACCC-1_V12D07-075_C1,8
CTGGGCCTGCTATATC-1_V12D07-075_C1,15
CTGGGCTATCCTTTGG-1_V12D07-075_C1,8
CTGGGTAGGCAGTTAA-1_V12D07-075_C1,9
CTGGTAAAGACTTACA-1_V12D07-075_C1,2
CTGGTAAAGTGTGGGC-1_V12D07-075_C1,20
CTGGTAACACATAGAA-1_V12D07-075_C1,20
CTGGTAACGAGCTCTT-1_V12D07-075_C1,2
CTGGTCATTCCAATCC-1_V12D07-075_C1,3
CTGGTCCTAACTTGGC-1_V12D07-075_C1,6
CTGGTTCAACGCATCA-1_V12D07-075_C1,6
CTGGTTCGCGAGCTAC-1_V12D07-075_C1,8
CTGGTTTCGAGCAAGA-1_V12D07-075_C1,20
CTGTACTTCTTAGCAT-1_V12D07-075_C1,14
CTGTAGCCATCTCACT-1_V12D07-075_C1,15
CTGTATGGTGTAGAAA-1_V12D07-075_C1,14
CTGTCAAATGGCTCGG-1_V12D07-075_C1,8
CTGTCACGCCAGGCGC-1_V12D07-075_C1,8
CTGTCTGTGGCTGGCT-1_V12D07-075_C1,12
CTGTGCAGGGTAGGTC-1_V12D07-075_C1,14
CTGTGGTCGGGAGATA-1_V12D07-075_C1,20
CTGTTACCCAATCTAG-1_V12D07-075_C1,14
CTGTTCACTGCCTGTG-1_V12D07-075_C1,6
CTGTTCATCTCACGGG-1_V12D07-075_C1,14
CTGTTGGCTCTTCTGA-1_V12D07-075_C1,14
CTTAAATAAGACCCAT-1_V12D07-075_C1,14
CTTAACTTACAGTATA-1_V12D07-075_C1,2
CTTAACTTCGAAGTAC-1_V12D07-075_C1,6
CTTACACGGTATTCCA-1_V12D07-075_C1,14
CTTACACTGGGAAATA-1_V12D07-075_C1,6
CTTACTGACTCCTCTG-1_V12D07-075_C1,9
CTTAGCCTTCCACATG-1_V12D07-075_C1,8
CTTAGTAGGCCTACAG-1_V12D07-075_C1,8
CTTAGTGTAGTAGCAT-1_V12D07-075_C1,14
CTTATAGATGGCTGTT-1_V12D07-075_C1,20
CTTCAACTCCACTTGG-1_V12D07-075_C1,14
CTTCATAGCTCAAGAA-1_V12D07-075_C1,6
CTTCATTGTCAGTGGA-1_V12D07-075_C1,12
CTTCCGCTCCGTGAAG-1_V12D07-075_C1,2
CTTCGATTGCGCAAGC-1_V12D07-075_C1,20
CTTCGGCCAATTGTTT-1_V12D07-075_C1,2
CTTCGTAGATAGGTGA-1_V12D07-075_C1,14
CTTCTATGTTGAAGTA-1_V12D07-075_C1,15
CTTCTATTAATGCTAG-1_V12D07-075_C1,2
CTTCTTACGTCGTATA-1_V12D07-075_C1,6
CTTGACCCGAAAGATA-1_V12D07-075_C1,6
CTTGAGGTTATCCCGA-1_V12D07-075_C1,6
CTTGAGTTAGGGTAAT-1_V12D07-075_C1,20
CTTGATGACCATCCAG-1_V12D07-075_C1,14
CTTGCCCACCCACGCA-1_V12D07-075_C1,2
CTTGCCCAGGCTCTAC-1_V12D07-075_C1,14
CTTGGCCAAGCTGGGA-1_V12D07-075_C1,14
CTTGTACTTGTTGACT-1_V12D07-075_C1,6
CTTGTCAACATTCGAG-1_V12D07-075_C1,14
CTTGTGAGGACAGCGG-1_V12D07-075_C1,14
CTTGTGAGTCTTTGAC-1_V12D07-075_C1,6
CTTGTGCTCACCGATT-1_V12D07-075_C1,2
CTTGTTGCTGAGTCAA-1_V12D07-075_C1,14
CTTGTTTATGTAGCCA-1_V12D07-075_C1,3
CTTTAACTTTCAAAGG-1_V12D07-075_C1,14
CTTTAATATTGGTCGA-1_V12D07-075_C1,14
CTTTAGGAACACTGTT-1_V12D07-075_C1,12
CTTTAGTGCTATTATT-1_V12D07-075_C1,20
CTTTCTGTGCGGGCTT-1_V12D07-075_C1,14
CTTTGCATCGCTCTTG-1_V12D07-075_C1,20
CTTTGCTGTCATGGAT-1_V12D07-075_C1,8
CTTTGGCAGACAGAGT-1_V12D07-075_C1,8
CTTTGGCGCTTTATAC-1_V12D07-075_C1,1
CTTTGGCTTTAGTAAA-1_V12D07-075_C1,14
CTTTGGGATTGTTGCA-1_V12D07-075_C1,15
GAAACAGATGACCACC-1_V12D07-075_C1,20
GAAACAGCCATGCAGT-1_V12D07-075_C1,6
GAAACCATGGTGCGCT-1_V12D07-075_C1,8
GAAACCGAATTACCTT-1_V12D07-075_C1,14
GAAACCTATACAAATG-1_V12D07-075_C1,14
GAAACTCGTGCGATGC-1_V12D07-075_C1,6
GAAAGAACAGCGTTAT-1_V12D07-075_C1,2
GAAAGCAGTGCACTTT-1_V12D07-075_C1,2
GAAAGCCCTTTGGACC-1_V12D07-075_C1,3
GAAAGTGACTAACTGC-1_V12D07-075_C1,6
GAAATACCTGCTGGCT-1_V12D07-075_C1,6
GAAATATCACCATCAG-1_V12D07-075_C1,5
GAAATATGCTTGAATG-1_V12D07-075_C1,8
GAAATCGCGCGCAACT-1_V12D07-075_C1,6
GAAATCTGACCAAGTT-1_V12D07-075_C1,4
GAAATGGCGGTGTTAG-1_V12D07-075_C1,14
GAAATGGGATGTAAAC-1_V12D07-075_C1,12
GAAATTAGCACGGATA-1_V12D07-075_C1,8
GAAATTCACATCGCTG-1_V12D07-075_C1,6
GAAATTGTCTCTATAA-1_V12D07-075_C1,14
GAACAACTGGGATGAA-1_V12D07-075_C1,20
GAACACACATCAACCA-1_V12D07-075_C1,6
GAACAGATTACTAAAT-1_V12D07-075_C1,14
GAACCCTCTGTGTTCT-1_V12D07-075_C1,14
GAACCTCGACCTACAC-1_V12D07-075_C1,15
GAACCTTTAACGATCC-1_V12D07-075_C1,12
GAACGACCGAATGATA-1_V12D07-075_C1,6
GAACGATAAGTTAAAG-1_V12D07-075_C1,8
GAACGCGGGTCACACG-1_V12D07-075_C1,2
GAACGTCTCATGGTCG-1_V12D07-075_C1,15
GAACGTTAGGAAGACG-1_V12D07-075_C1,3
GAACTGTGGAGAGACA-1_V12D07-075_C1,20
GAACTTAGCGCCCGGT-1_V12D07-075_C1,8
GAAGAACGGTGCAGGT-1_V12D07-075_C1,6
GAAGCCACTGATTATG-1_V12D07-075_C1,20
GAAGCCGGGTAAGCTC-1_V12D07-075_C1,14
GAAGCCTGCACATTCC-1_V12D07-075_C1,9
GAAGCGTGAGGAATTT-1_V12D07-075_C1,14
GAAGCTCTTTGCTTAG-1_V12D07-075_C1,12
GAAGCTTGCTGACCGC-1_V12D07-075_C1,14
GAAGGAGTCGAGTGCG-1_V12D07-075_C1,12
GAAGGCTACCATTGTT-1_V12D07-075_C1,11
GAAGGGCATAACCATG-1_V12D07-075_C1,10
GAAGTCAGTTGCACTA-1_V12D07-075_C1,14
GAAGTCTCCCTAGCGA-1_V12D07-075_C1,2
GAAGTGATTTATCGTG-1_V12D07-075_C1,14
GAAGTGCTGGATAGCT-1_V12D07-075_C1,6
GAAGTTTCCACTCAAT-1_V12D07-075_C1,14
GAATAGACGCGACCCA-1_V12D07-075_C1,20
GAATAGCATTTAGGGT-1_V12D07-075_C1,8
GAATAGCCCTGCGGTC-1_V12D07-075_C1,8
GAATATTCGGAGTCCC-1_V12D07-075_C1,6
GAATCGACATGGTCAC-1_V12D07-075_C1,14
GAATCGCCGGACACGG-1_V12D07-075_C1,6
GAATCTGAACATTCTC-1_V12D07-075_C1,14
GAATGAAGGTCTTCAG-1_V12D07-075_C1,8
GAATGCGAATCGGTTC-1_V12D07-075_C1,20
GAATGGGCTTATCGAC-1_V12D07-075_C1,20
GAATGTATGGCAGGTC-1_V12D07-075_C1,8
GAATGTGGTCCGGATT-1_V12D07-075_C1,14
GAATGTTGGGTAATCT-1_V12D07-075_C1,14
GAATTATAGTGAAAGG-1_V12D07-075_C1,14
GAATTCACCCGGGTGT-1_V12D07-075_C1,14
GACAAACATATGCAGG-1_V12D07-075_C1,20
GACAACGACCATTGAA-1_V12D07-075_C1,8
GACAACGCAGCTTACG-1_V12D07-075_C1,6
GACAAGACGCCCGTGC-1_V12D07-075_C1,9
GACAAGAGATGAGATT-1_V12D07-075_C1,20
GACACAAGGGAAGAAA-1_V12D07-075_C1,2
GACACAGCCGGGACTG-1_V12D07-075_C1,2
GACACGAGTTAGAGGA-1_V12D07-075_C1,3
GACACTGAGTTCAGTG-1_V12D07-075_C1,14
GACACTGGAACCCGAT-1_V12D07-075_C1,20
GACACTTCCAATTACC-1_V12D07-075_C1,20
GACAGCCAGACCTGAC-1_V12D07-075_C1,3
GACAGGCACACACTAT-1_V12D07-075_C1,2
GACATCCGTCGAACTG-1_V12D07-075_C1,20
GACATCGATTTATAAC-1_V12D07-075_C1,2
GACCAAACGTTGACTG-1_V12D07-075_C1,12
GACCACACTTCCCTTT-1_V12D07-075_C1,20
GACCAGAGCCCTGTAG-1_V12D07-075_C1,14
GACCCGTCGCCGGCTA-1_V12D07-075_C1,11
GACCGACGTGAAAGCA-1_V12D07-075_C1,8
GACCGACTGAAGCGTC-1_V12D07-075_C1,3
GACCGCGTCTGACGTG-1_V12D07-075_C1,2
GACCGTCAGGTCGTGA-1_V12D07-075_C1,6
GACCGTGCTGACGGTG-1_V12D07-075_C1,14
GACCGTTACATGCGAC-1_V12D07-075_C1,20
GACCTGGTCTGGGCGT-1_V12D07-075_C1,12
GACCTTCCACGTCTAC-1_V12D07-075_C1,3
GACGACGATCCGCGTT-1_V12D07-075_C1,14
GACGAGGCTAATAAAC-1_V12D07-075_C1,20
GACGCCGTAAAGGCTA-1_V12D07-075_C1,2
GACGCCTGTTGCAGGG-1_V12D07-075_C1,6
GACGCTTGCTTCTAAA-1_V12D07-075_C1,14
GACGGGTTGGCCCGTA-1_V12D07-075_C1,14
GACGGTCAATAGAAGC-1_V12D07-075_C1,2
GACGGTCCTAGGGTGT-1_V12D07-075_C1,8
GACGTGAGACTCCATG-1_V12D07-075_C1,6
GACGTTCGTAAATACA-1_V12D07-075_C1,11
GACTAACACAGCACCT-1_V12D07-075_C1,8
GACTAAGATCATGCAC-1_V12D07-075_C1,6
GACTAAGTAGGCTCAC-1_V12D07-075_C1,14
GACTACAATTGCTCGT-1_V12D07-075_C1,6
GACTAGGCCGTTAGGT-1_V12D07-075_C1,12
GACTCACCCACGTGAG-1_V12D07-075_C1,2
GACTCCCAGAATAAGG-1_V12D07-075_C1,8
GACTCGCGGGAATGAC-1_V12D07-075_C1,2
GACTCGGTCGGCGGAT-1_V12D07-075_C1,8
GACTGATTGGTCACAA-1_V12D07-075_C1,8
GACTGCAAATCGAGCT-1_V12D07-075_C1,14
GACTGCACCAGCCCAG-1_V12D07-075_C1,20
GACTGGGCGCCGCAAC-1_V12D07-075_C1,8
GAGAAACTGGATCCCA-1_V12D07-075_C1,2
GAGAATCTCACGATCA-1_V12D07-075_C1,14
GAGACCCTGCAACGCC-1_V12D07-075_C1,8
GAGACTGATGGGTAGA-1_V12D07-075_C1,14
GAGACTTCGCGACCGA-1_V12D07-075_C1,14
GAGAGCGCAGTCCCTG-1_V12D07-075_C1,4
GAGAGGCCTATGTGTA-1_V12D07-075_C1,20
GAGAGGGCGCGAGGTT-1_V12D07-075_C1,14
GAGAGGTGCATTCTGG-1_V12D07-075_C1,15
GAGATCTGCTTGGCAT-1_V12D07-075_C1,14
GAGATCTGTCACTCCG-1_V12D07-075_C1,14
GAGATCTTCCATGACA-1_V12D07-075_C1,20
GAGATGACAATCCTTA-1_V12D07-075_C1,8
GAGATGGCTTTAATCA-1_V12D07-075_C1,20
GAGATGGGAGTCGACA-1_V12D07-075_C1,14
GAGCACGGCGCCTCTT-1_V12D07-075_C1,8
GAGCATCATCCCTGGG-1_V12D07-075_C1,6
GAGCCACGGTAGTAGG-1_V12D07-075_C1,6
GAGCCAGCTACCTGTG-1_V12D07-075_C1,14
GAGCCGAGCGTTTATT-1_V12D07-075_C1,8
GAGCGAGGGAGTACCG-1_V12D07-075_C1,6
GAGCGCAAATACTCCG-1_V12D07-075_C1,20
GAGCGCGCACGAGTAG-1_V12D07-075_C1,12
GAGCGGAATGCGGTGT-1_V12D07-075_C1,2
GAGCTAAGGGCATATC-1_V12D07-075_C1,15
GAGCTCTCGGACCTAA-1_V12D07-075_C1,12
GAGCTGTCGTCTCGGA-1_V12D07-075_C1,8
GAGGAATGGAGAGGTT-1_V12D07-075_C1,12
GAGGAGATCCTCATGC-1_V12D07-075_C1,12
GAGGATAAACAGTGCT-1_V12D07-075_C1,8
GAGGCATTTGCAGCAG-1_V12D07-075_C1,8
GAGGCCTGTTGATACA-1_V12D07-075_C1,20
GAGGGCATCGCGTATC-1_V12D07-075_C1,6
GAGGGCGCAGCTCTGC-1_V12D07-075_C1,2
GAGGTACATCCATCTT-1_V12D07-075_C1,6
GAGGTACGCGTGTCCC-1_V12D07-075_C1,20
GAGGTCCCAAAGATCT-1_V12D07-075_C1,3
GAGTAAACCGGAAAGT-1_V12D07-075_C1,8
GAGTAAATTAAGAACC-1_V12D07-075_C1,9
GAGTAGATACTAGTTG-1_V12D07-075_C1,14
GAGTATCAAAGTTACA-1_V12D07-075_C1,2
GAGTATGCCCGCCTTG-1_V12D07-075_C1,15
GAGTATGCGCGTGCAT-1_V12D07-075_C1,12
GAGTCAGACCAGAATC-1_V12D07-075_C1,2
GAGTCCGCTTACCGGA-1_V12D07-075_C1,14
GAGTCGACAGACCCTC-1_V12D07-075_C1,5
GAGTGTCAACCAGAAA-1_V12D07-075_C1,12
GAGTGTGCGGTACCCA-1_V12D07-075_C1,20
GATAAATCGGTGGATG-1_V12D07-075_C1,6
GATAACTCGCACTGTG-1_V12D07-075_C1,20
GATAAGGCAGATGCAA-1_V12D07-075_C1,6
GATACCGTGTCGGAGT-1_V12D07-075_C1,8
GATACGATGGGAGTCA-1_V12D07-075_C1,2
GATAGAACCCGCTAGG-1_V12D07-075_C1,14
GATAGCGTACCACGCG-1_V12D07-075_C1,12
GATAGGATTAATTACA-1_V12D07-075_C1,8
GATAGGTAACGTTGAC-1_V12D07-075_C1,14
GATAGGTGTCCCGGGC-1_V12D07-075_C1,8
GATATCAGTATGTATC-1_V12D07-075_C1,14
GATATCTCATGCAATA-1_V12D07-075_C1,6
GATATGAGACACTAAC-1_V12D07-075_C1,20
GATATGCGGTAGCCAA-1_V12D07-075_C1,8
GATATTGAGATTGGCG-1_V12D07-075_C1,2
GATATTTCCTACATGG-1_V12D07-075_C1,8
GATCATTCCAAACATT-1_V12D07-075_C1,14
GATCCCTTTATACTGC-1_V12D07-075_C1,14
GATCCGAATATAAGTG-1_V12D07-075_C1,8
GATCCGGGAATTAACA-1_V12D07-075_C1,14
GATCCTAAATCGGGAC-1_V12D07-075_C1,2
GATCCTCTTGCGCTTA-1_V12D07-075_C1,6
GATCGACACTATCTGA-1_V12D07-075_C1,14
GATCGCGGGCTCTCCA-1_V12D07-075_C1,14
GATCGCTACCCGATTT-1_V12D07-075_C1,20
GATCGGCGATAAGTCG-1_V12D07-075_C1,14
GATCGGTGGCCATAAC-1_V12D07-075_C1,14
GATCGTGACTGATATC-1_V12D07-075_C1,2
GATCTCGACGCTGTGG-1_V12D07-075_C1,8
GATCTGCTATCTAAGG-1_V12D07-075_C1,14
GATCTTCATTGTCCTC-1_V12D07-075_C1,14
GATCTTGGAGGGCATA-1_V12D07-075_C1,14
GATCTTTGCAGGGTAT-1_V12D07-075_C1,14
GATCTTTGCTCAAAGA-1_V12D07-075_C1,8
GATGACGATGATCGCG-1_V12D07-075_C1,8
GATGAGGAACCTTCGG-1_V12D07-075_C1,20
GATGCGAATGGTATTA-1_V12D07-075_C1,14
GATGCGTCCTGCATTC-1_V12D07-075_C1,14
GATGCTACAAGCGCCT-1_V12D07-075_C1,6
GATGCTACCTTCGATG-1_V12D07-075_C1,14
GATGCTGTATTTCATC-1_V12D07-075_C1,14
GATGGCGCACACATTA-1_V12D07-075_C1,3
GATGGTGAAATAACCC-1_V12D07-075_C1,8
GATGGTGCCCTAGGCA-1_V12D07-075_C1,6
GATGTCCGGATCACAT-1_V12D07-075_C1,6
GATGTCGGTCAACTGC-1_V12D07-075_C1,6
GATGTGTTGTCACAAG-1_V12D07-075_C1,6
GATGTTCAATCCACGA-1_V12D07-075_C1,14
GATTAACCGAAAGCCC-1_V12D07-075_C1,20
GATTACTGAATTTGGG-1_V12D07-075_C1,2
GATTCCCTTGTCGCAG-1_V12D07-075_C1,14
GATTCCGCGTTTCCGT-1_V12D07-075_C1,6
GATTCCTATACGGCGC-1_V12D07-075_C1,14
GATTCGACGGTTCACG-1_V12D07-075_C1,14
GATTGACACTCTGCTC-1_V12D07-075_C1,6
GATTGGGAAAGGTTGT-1_V12D07-075_C1,12
GCAAACCCTACATTAT-1_V12D07-075_C1,14
GCAAACCTTGGCCATA-1_V12D07-075_C1,14
GCAAACGTCGCCAGGT-1_V12D07-075_C1,8
GCAAATATTACGCTTT-1_V12D07-075_C1,14
GCAAATGAGGACACTT-1_V12D07-075_C1,20
GCAACAGCAGTATGCG-1_V12D07-075_C1,20
GCAACCACCAGACCGG-1_V12D07-075_C1,8
GCAACCACGGCCGCGT-1_V12D07-075_C1,15
GCAACCCAAGTTGTTT-1_V12D07-075_C1,12
GCAACGGCTAGTTATG-1_V12D07-075_C1,8
GCAAGAATTCCTTGGC-1_V12D07-075_C1,2
GCAAGATGTGTTCGCG-1_V12D07-075_C1,8
GCAAGTGCACAGAGAA-1_V12D07-075_C1,14
GCAATTAGTCGCACCG-1_V12D07-075_C1,8
GCACAAACGAGGCGTG-1_V12D07-075_C1,8
GCACAAGTGGATCATA-1_V12D07-075_C1,12
GCACAAGTGTCGGAAG-1_V12D07-075_C1,6
GCACACACTGGTAGCC-1_V12D07-075_C1,20
GCACACGCCCATGGTC-1_V12D07-075_C1,14
GCACCTTCCCGAAGGT-1_V12D07-075_C1,2
GCACGCCTACTTAGAT-1_V12D07-075_C1,15
GCACGTGGTTTACTTA-1_V12D07-075_C1,20
GCACTAGTCGCGCTAT-1_V12D07-075_C1,6
GCACTGCCTACCTTTA-1_V12D07-075_C1,20
GCACTGTGCAAATGTA-1_V12D07-075_C1,6
GCAGAAGGTAATCTCC-1_V12D07-075_C1,8
GCAGACCCAGCACGTA-1_V12D07-075_C1,2
GCAGATCCATAAGACT-1_V12D07-075_C1,14
GCAGATCCTCGCAAAT-1_V12D07-075_C1,3
GCAGATTAGGGATATC-1_V12D07-075_C1,14
GCAGCACACAGCCCAG-1_V12D07-075_C1,14
GCAGCCTATATCACAT-1_V12D07-075_C1,8
GCAGCGGTGGGCATTA-1_V12D07-075_C1,6
GCAGCTATGGACAGGT-1_V12D07-075_C1,8
GCAGCTGTCAACGCAT-1_V12D07-075_C1,2
GCAGGACTATAGAATA-1_V12D07-075_C1,14
GCAGGTAGAGTATGGT-1_V12D07-075_C1,8
GCAGTGCGGGCGGATG-1_V12D07-075_C1,2
GCAGTGTGGCTATAGG-1_V12D07-075_C1,14
GCAGTTCGATCCGAGC-1_V12D07-075_C1,20
GCATACGAGGTCTTTA-1_V12D07-075_C1,2
GCATAGAGCACTCAGG-1_V12D07-075_C1,14
GCATCCCTAACTTTGA-1_V12D07-075_C1,16
GCATGACACAAAGGAA-1_V12D07-075_C1,9
GCATGAGGGACGCGGC-1_V12D07-075_C1,15
GCATGGGTACTGACGC-1_V12D07-075_C1,2
GCATTCAAGGCAACGC-1_V12D07-075_C1,8
GCATTCGAAATGAACA-1_V12D07-075_C1,14
GCATTTCCAAGGCTCC-1_V12D07-075_C1,8
GCCAACCATTTCCGGA-1_V12D07-075_C1,8
GCCAATAGGGCATCTC-1_V12D07-075_C1,8
GCCACAATTTAAGGAC-1_V12D07-075_C1,2
GCCACTCAGAGCGCGA-1_V12D07-075_C1,20
GCCACTCCTTACGGTA-1_V12D07-075_C1,2
GCCAGGAGTAACCGAT-1_V12D07-075_C1,8
GCCAGGCGTTCGCATG-1_V12D07-075_C1,8
GCCAGGCTTAGTGGTA-1_V12D07-075_C1,20
GCCATATTGCACACAG-1_V12D07-075_C1,8
GCCATCGAGCTGCGTG-1_V12D07-075_C1,15
GCCATCGATGCTGCAT-1_V12D07-075_C1,8
GCCCACCAAGGCTGTC-1_V12D07-075_C1,6
GCCCAGATGCTGGAGA-1_V12D07-075_C1,8
GCCCAGTTGGTATGCC-1_V12D07-075_C1,14
GCCCGATCTGTGGTCG-1_V12D07-075_C1,14
GCCCGCGCGTAAACGG-1_V12D07-075_C1,15
GCCCGCGCGTTTGACA-1_V12D07-075_C1,6
GCCCGTAATACCTTCT-1_V12D07-075_C1,2
GCCCTGAGGATGGGCT-1_V12D07-075_C1,20
GCCGAAATTCCTACGT-1_V12D07-075_C1,14
GCCGATTGGCCAAGCT-1_V12D07-075_C1,14
GCCGCACTCCGTTTCA-1_V12D07-075_C1,8
GCCGCATTAGTCCGGC-1_V12D07-075_C1,2
GCCGCTTGTGAGAAAC-1_V12D07-075_C1,14
GCCGGGTTAGGGTCGC-1_V12D07-075_C1,14
GCCGGTCGTATCTCTC-1_V12D07-075_C1,14
GCCGTGGAAGAAATGT-1_V12D07-075_C1,8
GCCTACGTTCTGTGCA-1_V12D07-075_C1,20
GCCTAGCGATCTGACC-1_V12D07-075_C1,14
GCCTATAGTGTCAGGG-1_V12D07-075_C1,15
GCCTATCAGGTAAGAT-1_V12D07-075_C1,2
GCCTATGCTGGGCCTT-1_V12D07-075_C1,8
GCCTATTTGCTACACA-1_V12D07-075_C1,6
GCCTCATCTGGAAATA-1_V12D07-075_C1,20
GCCTCCGACAATTCAC-1_V12D07-075_C1,12
GCCTCTATACATAGCA-1_V12D07-075_C1,14
GCCTGCTACACTGAGA-1_V12D07-075_C1,8
GCCTTCAGCCCTACCG-1_V12D07-075_C1,6
GCCTTGTATATGCAGT-1_V12D07-075_C1,14
GCGAAACGATCGGGAG-1_V12D07-075_C1,20
GCGAAACTTAACTGGA-1_V12D07-075_C1,20
GCGAAGAATCTGACGG-1_V12D07-075_C1,14
GCGAAGCCATACCCGT-1_V12D07-075_C1,14
GCGACATGTAAACATC-1_V12D07-075_C1,8
GCGACGATAGTTGTAC-1_V12D07-075_C1,9
GCGAGAAACGGGAGTT-1_V12D07-075_C1,14
GCGAGAGGCCATGTAA-1_V12D07-075_C1,8
GCGAGAGTTGCGTCCA-1_V12D07-075_C1,8
GCGAGCGCATGCTCCC-1_V12D07-075_C1,8
GCGAGGCCCGAGCAGA-1_V12D07-075_C1,14
GCGAGTTCTGCAAAGA-1_V12D07-075_C1,14
GCGATGTCTGTGCTTG-1_V12D07-075_C1,12
GCGATTGTTAACGTTA-1_V12D07-075_C1,2
GCGCAAGAGCGCGCTG-1_V12D07-075_C1,20
GCGCATCCAGTCAGCA-1_V12D07-075_C1,15
GCGCCGTTCCACGATA-1_V12D07-075_C1,14
GCGCCTCCCACTCCGA-1_V12D07-075_C1,2
GCGCGGTCTAGTAACT-1_V12D07-075_C1,14
GCGCGTCATTGGTACA-1_V12D07-075_C1,12
GCGCTAATTGAATAGA-1_V12D07-075_C1,14
GCGCTATGCCGAGGCA-1_V12D07-075_C1,14
GCGCTCGATCACCTGT-1_V12D07-075_C1,8
GCGCTGATCCAGACTC-1_V12D07-075_C1,8
GCGCTGCTTTGCATTT-1_V12D07-075_C1,2
GCGCTGGCGGAAAGTC-1_V12D07-075_C1,12
GCGCTTAAATAATTGG-1_V12D07-075_C1,20
GCGGACCGCGTTGTGG-1_V12D07-075_C1,15
GCGGAGAGGGAGAACG-1_V12D07-075_C1,20
GCGGCTCTGACGTACC-1_V12D07-075_C1,14
GCGGCTTTAGCAAGTT-1_V12D07-075_C1,20
GCGGGAACCAGGCCCT-1_V12D07-075_C1,6
GCGGGCATTACGATGC-1_V12D07-075_C1,8
GCGGGCGAGCCTTACC-1_V12D07-075_C1,2
GCGGTAACCCAAATGA-1_V12D07-075_C1,10
GCGGTCCCGGTGAAGG-1_V12D07-075_C1,8
GCGGTCCCTAGACGCA-1_V12D07-075_C1,6
GCGGTGAACTGCGCTC-1_V12D07-075_C1,8
GCGGTGCGGAGCATCG-1_V12D07-075_C1,14
GCGGTTCCCTATCATG-1_V12D07-075_C1,2
GCGTAAATGGCCATAA-1_V12D07-075_C1,2
GCGTCGAAATGTCGGT-1_V12D07-075_C1,6
GCGTCGCCAGGGTGAT-1_V12D07-075_C1,14
GCGTCTAACCTCCTAA-1_V12D07-075_C1,8
GCGTCTCTGCATTGGG-1_V12D07-075_C1,14
GCGTGGTACTGGGTTA-1_V12D07-075_C1,15
GCGTTATATTTGGAAC-1_V12D07-075_C1,14
GCGTTCGGAGACCGGG-1_V12D07-075_C1,8
GCGTTCTGACTAAGCG-1_V12D07-075_C1,2
GCTAAACCTGAGGTGA-1_V12D07-075_C1,3
GCTAACTGAAGTCTGA-1_V12D07-075_C1,14
GCTAAGTAAAGGCGAT-1_V12D07-075_C1,14
GCTAAGTAGTTTCTCT-1_V12D07-075_C1,20
GCTAATACCGAATGCC-1_V12D07-075_C1,14
GCTACAATCGAGGATA-1_V12D07-075_C1,20
GCTACAGTACGGACCG-1_V12D07-075_C1,15
GCTACGACTTATTGGG-1_V12D07-075_C1,14
GCTACTATAGTAGAGT-1_V12D07-075_C1,20
GCTAGACCGTCTACTG-1_V12D07-075_C1,2
GCTAGAGTAGAGATGT-1_V12D07-075_C1,20
GCTAGCACCTGGGCCA-1_V12D07-075_C1,8
GCTAGCAGGGAGTGGG-1_V12D07-075_C1,8
GCTAGCTTGAATAGCT-1_V12D07-075_C1,15
GCTAGTAGAGCTTGTA-1_V12D07-075_C1,14
GCTATCATACTCATGG-1_V12D07-075_C1,14
GCTCAACCTCTTAGAG-1_V12D07-075_C1,11
GCTCAATGTAATACCG-1_V12D07-075_C1,14
GCTCATTACTGCATGT-1_V12D07-075_C1,8
GCTCCATGAGTGCAGA-1_V12D07-075_C1,2
GCTCCATGCAAAGCAA-1_V12D07-075_C1,9
GCTCCCAGTCGGTCCA-1_V12D07-075_C1,2
GCTCCGCTCGCTTCAG-1_V12D07-075_C1,8
GCTCGCGGTTCCGCTC-1_V12D07-075_C1,3
GCTCGCTCATGTCCAA-1_V12D07-075_C1,20
GCTCGGAATTTAAAGC-1_V12D07-075_C1,8
GCTCTAAACCCTGACG-1_V12D07-075_C1,14
GCTCTATGTTACGTGC-1_V12D07-075_C1,14
GCTCTCGGGTACCGAA-1_V12D07-075_C1,14
GCTCTTTCCGCTAGTG-1_V12D07-075_C1,14
GCTGAACTCTCCAGGG-1_V12D07-075_C1,8
GCTGAGCAACGGTTCT-1_V12D07-075_C1,14
GCTGAGGCGTGAGTAT-1_V12D07-075_C1,14
GCTGCACGGTTTCTTA-1_V12D07-075_C1,14
GCTGCGCCTCCCACGT-1_V12D07-075_C1,12
GCTGCTAAGTAGTCGA-1_V12D07-075_C1,14
GCTGCTACTGCGTAGC-1_V12D07-075_C1,16
GCTGCTCTCCGGACAC-1_V12D07-075_C1,14
GCTGGACCCAAAGTGG-1_V12D07-075_C1,8
GCTGGCAGGTGCCGTG-1_V12D07-075_C1,14
GCTGGCATATTCACCT-1_V12D07-075_C1,10
GCTGGCGGCGCATGCT-1_V12D07-075_C1,14
GCTGGTGACTCGTAGT-1_V12D07-075_C1,8
GCTGTATTACTGGCCC-1_V12D07-075_C1,15
GCTGTTGCTACCGAAC-1_V12D07-075_C1,20
GCTTAATGTAACTAAC-1_V12D07-075_C1,8
GCTTACGTAGTTAGTA-1_V12D07-075_C1,8
GCTTATGAAGCAGGAA-1_V12D07-075_C1,2
GCTTCAGTGGGATTAC-1_V12D07-075_C1,8
GCTTCCAGCTTAGATT-1_V12D07-075_C1,14
GCTTCCGTCCCTAGAC-1_V12D07-075_C1,14
GCTTGATGATAATCAG-1_V12D07-075_C1,14
GCTTGCAGCACAATTG-1_V12D07-075_C1,8
GCTTGGATCGATTAGG-1_V12D07-075_C1,15
GCTTTACACAACTGGG-1_V12D07-075_C1,2
GCTTTCAGAGGAGGTG-1_V12D07-075_C1,15
GCTTTCTATCTCAACT-1_V12D07-075_C1,8
GGAAACCTTGTTGAAT-1_V12D07-075_C1,8
GGAAACTAAATGGGCC-1_V12D07-075_C1,20
GGAAAGTGCCCATGCC-1_V12D07-075_C1,8
GGAACCCGAACAAGAA-1_V12D07-075_C1,14
GGAACCGTGTAAATTG-1_V12D07-075_C1,2
GGAACGGCCTGCAGCC-1_V12D07-075_C1,3
GGAACTTTGGCGATTA-1_V12D07-075_C1,20
GGAAGCTCGCTTACAG-1_V12D07-075_C1,6
GGAATAACCTCAAGAA-1_V12D07-075_C1,6
GGAATGCGCTAGCGTG-1_V12D07-075_C1,2
GGACAACCATGAAGCC-1_V12D07-075_C1,20
GGACAAGTTGCAGTGA-1_V12D07-075_C1,14
GGACACAAGTTTACAC-1_V12D07-075_C1,2
GGACCAACAGGATAAC-1_V12D07-075_C1,14
GGACCTACGGTAACGT-1_V12D07-075_C1,8
GGACGGCTTGCGCAAC-1_V12D07-075_C1,8
GGACGGGCGACCAACC-1_V12D07-075_C1,20
GGACGTCCATAGTTGG-1_V12D07-075_C1,8
GGACTAAGTCAGGAGT-1_V12D07-075_C1,14
GGACTCACAAATTAGG-1_V12D07-075_C1,8
GGACTCGAAGCTTTCA-1_V12D07-075_C1,20
GGACTCTTCCGGTTGA-1_V12D07-075_C1,2
GGACTCTTTGACTAAG-1_V12D07-075_C1,2
GGAGAAGTCATTGGCA-1_V12D07-075_C1,14
GGAGACCAATGTGCTT-1_V12D07-075_C1,11
GGAGACGACACCTTTG-1_V12D07-075_C1,20
GGAGCAACATTTCAAG-1_V12D07-075_C1,12
GGAGCACCAAGAACTA-1_V12D07-075_C1,2
GGAGCGAGGCCTACTT-1_V12D07-075_C1,20
GGAGGATTGAAAGGAG-1_V12D07-075_C1,6
GGAGGCCGAAGTCGTC-1_V12D07-075_C1,8
GGAGGGCTTGGTTGGC-1_V12D07-075_C1,20
GGAGGGTCAAGTAAGA-1_V12D07-075_C1,20
GGAGTACACATGAGCT-1_V12D07-075_C1,20
GGAGTGCCGCCCTGGA-1_V12D07-075_C1,6
GGAGTTGATTCTGTGT-1_V12D07-075_C1,20
GGATACTCATGAATTG-1_V12D07-075_C1,6
GGATCAAAGGACGAGG-1_V12D07-075_C1,8
GGATCATCCCGTACGC-1_V12D07-075_C1,8
GGATCCGGAATATACT-1_V12D07-075_C1,20
GGATGAAGATCGCTGA-1_V12D07-075_C1,20
GGATGACGCGAGTTTA-1_V12D07-075_C1,14
GGATGTCCTTACCGCA-1_V12D07-075_C1,2
GGATTAAGCTAAGGTC-1_V12D07-075_C1,8
GGATTCCGCTATACCC-1_V12D07-075_C1,8
GGATTGCTGTGACTCC-1_V12D07-075_C1,14
GGATTTCACTTCTATA-1_V12D07-075_C1,2
GGCAAATTACTTTACT-1_V12D07-075_C1,14
GGCAAGCCAGGGATAG-1_V12D07-075_C1,8
GGCAAGCCCATAGTGG-1_V12D07-075_C1,12
GGCAAGGCGAAATAGC-1_V12D07-075_C1,14
GGCAATAGTCAATGAG-1_V12D07-075_C1,20
GGCACTCCACTGGGCA-1_V12D07-075_C1,14
GGCACTGCGGTGGTTT-1_V12D07-075_C1,2
GGCAGAGAGATCGGGA-1_V12D07-075_C1,20
GGCAGCAAACCTATGC-1_V12D07-075_C1,20
GGCAGCGGTAATCCTA-1_V12D07-075_C1,8
GGCATACAGGTAGCGG-1_V12D07-075_C1,14
GGCATATCGGTTCTGC-1_V12D07-075_C1,8
GGCATCAACGAGCACG-1_V12D07-075_C1,8
GGCCACACGAAAGCCT-1_V12D07-075_C1,12
GGCCCAATCTAGAGGG-1_V12D07-075_C1,8
GGCCCAGCTGGTTTGC-1_V12D07-075_C1,20
GGCCCAGTTATCAGCA-1_V12D07-075_C1,8
GGCCCGGAGCATGTCT-1_V12D07-075_C1,8
GGCCCGTATACCATGC-1_V12D07-075_C1,8
GGCCCTCACCCACTTA-1_V12D07-075_C1,14
GGCCGCAGGAACCGCA-1_V12D07-075_C1,20
GGCCGGCGTCTGCTAT-1_V12D07-075_C1,20
GGCCGTTTGGGTTTCA-1_V12D07-075_C1,15
GGCCTGCTTCTCCCGA-1_V12D07-075_C1,20
GGCCTTTGCAACTGGC-1_V12D07-075_C1,20
GGCGAAATCTAACTTG-1_V12D07-075_C1,20
GGCGCAGGACATCTTC-1_V12D07-075_C1,14
GGCGCATGAATTGATG-1_V12D07-075_C1,14
GGCGCGTTCGAGTTTA-1_V12D07-075_C1,14
GGCGCTTCATTCCCTG-1_V12D07-075_C1,20
GGCGGAGTAATATTAG-1_V12D07-075_C1,14
GGCGGGCTCTAAGAGT-1_V12D07-075_C1,8
GGCGGTAGGATCATTG-1_V12D07-075_C1,14
GGCGGTTTGCCGGTGC-1_V12D07-075_C1,12
GGCGTAGGGAAAGCTG-1_V12D07-075_C1,14
GGCGTCCTATCCGCTG-1_V12D07-075_C1,14
GGCTAAAGGGCGGGTC-1_V12D07-075_C1,8
GGCTAATGATTGAAAT-1_V12D07-075_C1,8
GGCTATTAAGTTGTAT-1_V12D07-075_C1,14
GGCTCGCGTTGAGGTA-1_V12D07-075_C1,15
GGCTCGTGCCACCAGC-1_V12D07-075_C1,6
GGCTCTGCTCCAACGC-1_V12D07-075_C1,2
GGCTGAAATAGCAAAG-1_V12D07-075_C1,14
GGCTGAGCATCGTAAG-1_V12D07-075_C1,8
GGCTGGCAGCTTTATG-1_V12D07-075_C1,12
GGCTGGCTAGCTTAAA-1_V12D07-075_C1,6
GGCTTGGCTCTCACCT-1_V12D07-075_C1,14
GGCTTTCAATAAGGGT-1_V12D07-075_C1,14
GGGAAAGAATGCCAAC-1_V12D07-075_C1,2
GGGAACGGGAGGTTAG-1_V12D07-075_C1,14
GGGAAGACGGTCTGTC-1_V12D07-075_C1,20
GGGAATGAGCCCTCAC-1_V12D07-075_C1,8
GGGAATTCTGTCCAGT-1_V12D07-075_C1,12
GGGACCCGTATATCTT-1_V12D07-075_C1,14
GGGACTGCATAGATAG-1_V12D07-075_C1,14
GGGAGAACTCACAGTA-1_V12D07-075_C1,14
GGGAGCGACCGTAGTG-1_V12D07-075_C1,20
GGGAGGATGCCCGAAA-1_V12D07-075_C1,14
GGGAGTAATGGCTGGC-1_V12D07-075_C1,6
GGGAGTTAATGAGGCG-1_V12D07-075_C1,20
GGGATACGGTAATAAT-1_V12D07-075_C1,6
GGGATCCCAATACAAA-1_V12D07-075_C1,8
GGGATGGTCGTAACCG-1_V12D07-075_C1,2
GGGATTTACCGCACCT-1_V12D07-075_C1,20
GGGCACGAATTGGCCG-1_V12D07-075_C1,12
GGGCAGAGCAATCGTT-1_V12D07-075_C1,14
GGGCAGTCAACGCCAA-1_V12D07-075_C1,20
GGGCCCGTCTTAAACA-1_V12D07-075_C1,14
GGGCCCTACGAAAGGG-1_V12D07-075_C1,2
GGGCCCTTATCTATAC-1_V12D07-075_C1,12
GGGCCGGCCGAAGTAC-1_V12D07-075_C1,20
GGGCCTATTTAAGTAT-1_V12D07-075_C1,8
GGGCGAATTTCTCCAC-1_V12D07-075_C1,12
GGGCGATATGTGTGAA-1_V12D07-075_C1,14
GGGCGCAGCGTTACTC-1_V12D07-075_C1,8
GGGCGGCAAATGAATT-1_V12D07-075_C1,15
GGGCGGGTTCCCTACG-1_V12D07-075_C1,2
GGGCGGTCCTATTGTC-1_V12D07-075_C1,6
GGGCGTACATTTATAT-1_V12D07-075_C1,14
GGGCGTCACCACGTAA-1_V12D07-075_C1,14
GGGCGTCCACTGGCTC-1_V12D07-075_C1,6
GGGCGTGGTTTCCCAG-1_V12D07-075_C1,12
GGGCTATGATCGATGG-1_V12D07-075_C1,2
GGGCTCATCGAACCCA-1_V12D07-075_C1,8
GGGCTGCCTAGGGCGA-1_V12D07-075_C1,12
GGGCTGGTTAGTCGCG-1_V12D07-075_C1,14
GGGTACACTCTGGAGG-1_V12D07-075_C1,2
GGGTACCCACGGTCCT-1_V12D07-075_C1,6
GGGTACTTCATGAACT-1_V12D07-075_C1,14
GGGTCACCGTGACGGT-1_V12D07-075_C1,14
GGGTCAGGAGCTAGAT-1_V12D07-075_C1,14
GGGTCATGCGTACCAT-1_V12D07-075_C1,3
GGGTCGTGGCAAGTGT-1_V12D07-075_C1,8
GGGTCTATCGCTTTCC-1_V12D07-075_C1,12
GGGTGACACCTTAACT-1_V12D07-075_C1,14
GGGTGCATATGAAAGC-1_V12D07-075_C1,8
GGGTGTTTCAGCTATG-1_V12D07-075_C1,6
GGGTTAACATTTGAGT-1_V12D07-075_C1,2
GGGTTTAGGATAGGAT-1_V12D07-075_C1,2
GGTAAACTCTGCGCTG-1_V12D07-075_C1,20
GGTAAATGTGCGTTAC-1_V12D07-075_C1,6
GGTAACCGGCAAAGGT-1_V12D07-075_C1,12
GGTAACTATGTATCTG-1_V12D07-075_C1,11
GGTACAAACATGCTAT-1_V12D07-075_C1,14
GGTACACCAGATTTAT-1_V12D07-075_C1,11
GGTACATCTGGGACGA-1_V12D07-075_C1,2
GGTACCATTAAGACGG-1_V12D07-075_C1,2
GGTACGTTGCGGCCGG-1_V12D07-075_C1,20
GGTACTAAGTGCTTTG-1_V12D07-075_C1,8
GGTAGAAGACCGCCTG-1_V12D07-075_C1,14
GGTAGACCGTTGGGCG-1_V12D07-075_C1,2
GGTAGTGCTCGCACCA-1_V12D07-075_C1,14
GGTATAGTGACACATA-1_V12D07-075_C1,8
GGTATGAAAGAACTGA-1_V12D07-075_C1,20
GGTATTGCCGAGTTTA-1_V12D07-075_C1,14
GGTCAAGACTACTTCG-1_V12D07-075_C1,20
GGTCAGTGGGTCCCAC-1_V12D07-075_C1,14
GGTCATTGTAGTCATA-1_V12D07-075_C1,8
GGTCCTTCATACGACT-1_V12D07-075_C1,12
GGTCGGATAAACGGCG-1_V12D07-075_C1,12
GGTCGGCCAGGAGCTT-1_V12D07-075_C1,2
GGTCGGTAATTAGACA-1_V12D07-075_C1,6
GGTCGGTCGTCCACAG-1_V12D07-075_C1,2
GGTCTCCAAGTAGTGC-1_V12D07-075_C1,8
GGTCTCCGTCCAGGTT-1_V12D07-075_C1,20
GGTCTGAGAATCTGGA-1_V12D07-075_C1,2
GGTCTTGAGCGCTCTT-1_V12D07-075_C1,12
GGTCTTGGTGTTAACT-1_V12D07-075_C1,12
GGTGAAACCGGGAATG-1_V12D07-075_C1,8
GGTGAACGGGCTAGCC-1_V12D07-075_C1,6
GGTGAAGTACAGGGAT-1_V12D07-075_C1,15
GGTGACTGATAGAGAG-1_V12D07-075_C1,12
GGTGAGATGCAGATAA-1_V12D07-075_C1,3
GGTGATAAGGAGCAGT-1_V12D07-075_C1,14
GGTGATGAAGGAAGTG-1_V12D07-075_C1,12
GGTGATTTCATCTTGT-1_V12D07-075_C1,6
GGTGCAGAGCCTATCG-1_V12D07-075_C1,8
GGTGCATAAATGATTA-1_V12D07-075_C1,2
GGTGCGGATAAGTGGC-1_V12D07-075_C1,6
GGTGCTGGTACACATT-1_V12D07-075_C1,14
GGTGGACCACGTGTTA-1_V12D07-075_C1,8
GGTGGACTGCTCTGGC-1_V12D07-075_C1,20
GGTGGAGGTTGATACG-1_V12D07-075_C1,8
GGTGTAAATCGATTGT-1_V12D07-075_C1,20
GGTGTAGGTAAGTAAA-1_V12D07-075_C1,2
GGTGTTGGGCGTCTTA-1_V12D07-075_C1,8
GGTTACCACCCTCGGG-1_V12D07-075_C1,15
GGTTACCCGACACTTT-1_V12D07-075_C1,8
GGTTAGCTATATGTCT-1_V12D07-075_C1,20
GGTTAGGCTTGGAGAA-1_V12D07-075_C1,14
GGTTCGGATTATACTA-1_V12D07-075_C1,20
GGTTCTACTCGTCTGA-1_V12D07-075_C1,2
GGTTGTGCTCTTGTCC-1_V12D07-075_C1,12
GGTTGTGTAGCCTGGC-1_V12D07-075_C1,3
GGTTTAATTGAGCAGG-1_V12D07-075_C1,11
GGTTTACAATCTCAAT-1_V12D07-075_C1,2
GGTTTAGCCTTTCTTG-1_V12D07-075_C1,20
GGTTTCAATCGGTCAG-1_V12D07-075_C1,15
GGTTTGACAAGAAGCT-1_V12D07-075_C1,8
GGTTTGAGTGCTGGAA-1_V12D07-075_C1,6
GGTTTGTGACCTGAGG-1_V12D07-075_C1,20
GTAACAACTGACCTTG-1_V12D07-075_C1,8
GTAACATCTAAGATAA-1_V12D07-075_C1,20
GTAACTGCCCAAGGAG-1_V12D07-075_C1,2
GTAACTTGCGGCAGTC-1_V12D07-075_C1,6
GTAAGCGGGCAGTCAG-1_V12D07-075_C1,14
GTAAGGATTTGTCGGA-1_V12D07-075_C1,6
GTAAGTAACAGTCTGG-1_V12D07-075_C1,20
GTAAGTAGGGTATACC-1_V12D07-075_C1,14
GTAAGTCCACACTCTA-1_V12D07-075_C1,8
GTAATAAAGGGCTCCC-1_V12D07-075_C1,8
GTAATCTGATTCTTCG-1_V12D07-075_C1,15
GTACACTTACCTGAAG-1_V12D07-075_C1,14
GTACAGAGGCAAGGGT-1_V12D07-075_C1,20
GTACGACGGCGCTGCG-1_V12D07-075_C1,6
GTACGAGATTGCGACA-1_V12D07-075_C1,6
GTACGCTTCATTGCAC-1_V12D07-075_C1,14
GTACGTCACGTATTAA-1_V12D07-075_C1,8
GTACGTTTGCCCGTCA-1_V12D07-075_C1,20
GTACTAAGATTTGGAG-1_V12D07-075_C1,14
GTACTCCCTTATCGCT-1_V12D07-075_C1,14
GTACTCCTGGGTATGC-1_V12D07-075_C1,2
GTACTGCATGAAGCGT-1_V12D07-075_C1,6
GTACTGGAGTTAGACC-1_V12D07-075_C1,20
GTACTTGGGCACTTCT-1_V12D07-075_C1,14
GTAGAAACGGGTGGAG-1_V12D07-075_C1,3
GTAGACAACCGATGAA-1_V12D07-075_C1,11
GTAGACACGCCTGACT-1_V12D07-075_C1,14
GTAGACGTCGTTACAT-1_V12D07-075_C1,6
GTAGCCAAACATGGGA-1_V12D07-075_C1,14
GTAGCGCTGTTGTAGT-1_V12D07-075_C1,8
GTAGCGGCTATACACT-1_V12D07-075_C1,14
GTAGCTTCCTCTTGTT-1_V12D07-075_C1,15
GTAGGTGATCCGTGTA-1_V12D07-075_C1,6
GTAGTCGCGGGAATCA-1_V12D07-075_C1,14
GTAGTCTACGATATTG-1_V12D07-075_C1,20
GTAGTGAGCAACCTCA-1_V12D07-075_C1,20
GTATAATCTCCCGGAT-1_V12D07-075_C1,12
GTATAGGACTCAGTAG-1_V12D07-075_C1,6
GTATCAAACGTTAGCT-1_V12D07-075_C1,20
GTATCAGCTTGGGTTC-1_V12D07-075_C1,14
GTATCCTTTGGTAACC-1_V12D07-075_C1,20
GTATCTTTCATAACCA-1_V12D07-075_C1,14
GTATGACGTGGGAAAC-1_V12D07-075_C1,6
GTATGTGGGTCTAGTT-1_V12D07-075_C1,20
GTATTAGGGTTCGCGT-1_V12D07-075_C1,8
GTATTCTGAGAAACGA-1_V12D07-075_C1,15
GTATTCTTACCGTGCT-1_V12D07-075_C1,3
GTATTTAATGGCATAA-1_V12D07-075_C1,8
GTCAAAGTTTACATAG-1_V12D07-075_C1,6
GTCAACCAGGCCTATA-1_V12D07-075_C1,14
GTCAAGCGGACTCGGG-1_V12D07-075_C1,14
GTCAATGCTATAATTT-1_V12D07-075_C1,8
GTCAATTGTACTGAAG-1_V12D07-075_C1,8
GTCACAAAGTTTCCAA-1_V12D07-075_C1,6
GTCAGAATAGTCTATG-1_V12D07-075_C1,14
GTCAGACAGCGTTGGA-1_V12D07-075_C1,20
GTCAGTTGTGCTCGTT-1_V12D07-075_C1,6
GTCAGTTTGGTAGTCG-1_V12D07-075_C1,14
GTCATCTCCTACAGCT-1_V12D07-075_C1,12
GTCATGCACCTCCGTT-1_V12D07-075_C1,14
GTCATGCGCGAGGGCT-1_V12D07-075_C1,12
GTCATGGACATGACTA-1_V12D07-075_C1,14
GTCATTAGAGCGAACG-1_V12D07-075_C1,14
GTCATTGCATTGACCC-1_V12D07-075_C1,14
GTCCAATATTTAGCCT-1_V12D07-075_C1,14
GTCCACGTCGCATTCG-1_V12D07-075_C1,2
GTCCATTACTGCTACG-1_V12D07-075_C1,2
GTCCCAACGTAAAGTA-1_V12D07-075_C1,4
GTCCCGCGACGTTATG-1_V12D07-075_C1,14
GTCCGAGAGCAATCAT-1_V12D07-075_C1,14
GTCCGGACCTGAAATT-1_V12D07-075_C1,20
GTCCGGCTGAATTGCG-1_V12D07-075_C1,14
GTCCGGGTTCACATTA-1_V12D07-075_C1,12
GTCCTACAGGCGGCTC-1_V12D07-075_C1,12
GTCCTACGAATAGTCT-1_V12D07-075_C1,14
GTCCTATTGTTGTGGT-1_V12D07-075_C1,3
GTCCTTCTACAACCCA-1_V12D07-075_C1,6
GTCCTTCTAGTGGGTT-1_V12D07-075_C1,6
GTCCTTTAATGACTTC-1_V12D07-075_C1,8
GTCGATAGGTGACTTT-1_V12D07-075_C1,8
GTCGCCGTTGTGTGTT-1_V12D07-075_C1,2
GTCGCGTAACCCGTTG-1_V12D07-075_C1,14
GTCGGAAGGATACCAG-1_V12D07-075_C1,8
GTCGGATATCTCAGAC-1_V12D07-075_C1,14
GTCGGATGTAGCGCGC-1_V12D07-075_C1,6
GTCGGGAACATGGTAG-1_V12D07-075_C1,20
GTCGGGAAGCAGAAAC-1_V12D07-075_C1,14
GTCGTACCATCTCGGG-1_V12D07-075_C1,20
GTCGTACCTACGATTG-1_V12D07-075_C1,20
GTCGTATTGGCGTACA-1_V12D07-075_C1,8
GTCGTCAATTATAAGG-1_V12D07-075_C1,6
GTCGTCTGGTTGGCTA-1_V12D07-075_C1,8
GTCGTGTCTGGTCATC-1_V12D07-075_C1,11
GTCGTTATTCGCTTAT-1_V12D07-075_C1,20
GTCTACTCAATTACAA-1_V12D07-075_C1,14
GTCTAGTGAGCCGCTT-1_V12D07-075_C1,20
GTCTATCTGAGTTTCT-1_V12D07-075_C1,14
GTCTATTGCATGCTCG-1_V12D07-075_C1,14
GTCTCAAGGCCCGGCT-1_V12D07-075_C1,14
GTCTCCGCCTCAATAC-1_V12D07-075_C1,2
GTCTCGACTAAGTTTG-1_V12D07-075_C1,11
GTCTCGATCTGCTTTC-1_V12D07-075_C1,8
GTCTGGGCGGTCGAGA-1_V12D07-075_C1,2
GTCTTAGTACAGCCGG-1_V12D07-075_C1,6
GTCTTCCTCACCTAAG-1_V12D07-075_C1,12
GTCTTGAGGAGCAGTG-1_V12D07-075_C1,8
GTGAAACGGCGCCACC-1_V12D07-075_C1,8
GTGAAACGTGCTCCAC-1_V12D07-075_C1,6
GTGAACTCCCATTCGA-1_V12D07-075_C1,2
GTGAAGATTTCAAGTG-1_V12D07-075_C1,8
GTGAAGCCGTATAGTC-1_V12D07-075_C1,8
GTGACAGCTTCCCACT-1_V12D07-075_C1,20
GTGACCGCACACTACG-1_V12D07-075_C1,12
GTGACCTAAAGAATAA-1_V12D07-075_C1,8
GTGACGAGGGTGACCC-1_V12D07-075_C1,8
GTGACGCAGGTTTCAT-1_V12D07-075_C1,20
GTGACTTCAGTAGTGC-1_V12D07-075_C1,14
GTGAGCGTGCTGCACT-1_V12D07-075_C1,4
GTGAGGACACTTAAGG-1_V12D07-075_C1,14
GTGAGGAGCGGTTGAG-1_V12D07-075_C1,6
GTGAGTCGACTAATAG-1_V12D07-075_C1,2
GTGAGTCTAAGACGGA-1_V12D07-075_C1,13
GTGAGTGGTACAACGC-1_V12D07-075_C1,9
GTGATCACTAACGCCT-1_V12D07-075_C1,20
GTGATCATAGATCTGC-1_V12D07-075_C1,14
GTGATCCTTGTCATGA-1_V12D07-075_C1,12
GTGATGCACAACATCT-1_V12D07-075_C1,8
GTGATTCGCCGCTCAA-1_V12D07-075_C1,15
GTGCAACAAATGTGGC-1_V12D07-075_C1,6
GTGCACCAGCTTCAAC-1_V12D07-075_C1,14
GTGCACGAAAGTGACT-1_V12D07-075_C1,6
GTGCAGCGTAGAGTAG-1_V12D07-075_C1,8
GTGCCATCACACGGTG-1_V12D07-075_C1,2
GTGCCCGTTCGGATTC-1_V12D07-075_C1,20
GTGCCGCTTCAAAGGT-1_V12D07-075_C1,14
GTGCCTAGCTATGCTT-1_V12D07-075_C1,12
GTGCCTCAGTGTACGG-1_V12D07-075_C1,8
GTGCCTGAGACCAAAC-1_V12D07-075_C1,20
GTGCGAAATCGAACAC-1_V12D07-075_C1,2
GTGCGACAGGGAGTGT-1_V12D07-075_C1,2
GTGCGGGACCATCGGC-1_V12D07-075_C1,4
GTGCGGGTCTCCAAAT-1_V12D07-075_C1,6
GTGCGTGTATATGAGC-1_V12D07-075_C1,8
GTGCTCAAGTACTGTC-1_V12D07-075_C1,14
GTGCTGCAGATAAGGA-1_V12D07-075_C1,20
GTGCTTACATCAGCGC-1_V12D07-075_C1,8
GTGGAACCTACATGCG-1_V12D07-075_C1,6
GTGGACCAACCCGATT-1_V12D07-075_C1,15
GTGGACGCATTTGTCC-1_V12D07-075_C1,14
GTGGACGTGCTGAGAC-1_V12D07-075_C1,6
GTGGAGCATGTCGGCC-1_V12D07-075_C1,8
GTGGAGTCGGCGGTTG-1_V12D07-075_C1,15
GTGGCCTAATATCATT-1_V12D07-075_C1,20
GTGGCTGTTTCTGTTC-1_V12D07-075_C1,12
GTGGGCTTAGACACAC-1_V12D07-075_C1,14
GTGGTATAGTCTGCCG-1_V12D07-075_C1,15
GTGGTCAGCGAAGTAT-1_V12D07-075_C1,8
GTGGTGATGGTTTGTG-1_V12D07-075_C1,8
GTGGTGGCCAAGTGAA-1_V12D07-075_C1,20
GTGGTTACTTCTTTCG-1_V12D07-075_C1,8
GTGGTTTCCGCCTTTC-1_V12D07-075_C1,15
GTGTACCTTGGCTACG-1_V12D07-075_C1,2
GTGTACGAACCGTTCC-1_V12D07-075_C1,8
GTGTATATCAGCGGGC-1_V12D07-075_C1,14
GTGTATGACTTTAAAG-1_V12D07-075_C1,4
GTGTCGTATAGCGTTC-1_V12D07-075_C1,14
GTGTCGTATTCACCTT-1_V12D07-075_C1,8
GTGTGAATAACTTAGG-1_V12D07-075_C1,2
GTGTGTCGACGTCGCT-1_V12D07-075_C1,12
GTGTTACTATGCGTCC-1_V12D07-075_C1,14
GTTAACATCACTTAAA-1_V12D07-075_C1,14
GTTAAGGGTGCGATGT-1_V12D07-075_C1,14
GTTAAGTTAGAGTGGG-1_V12D07-075_C1,8
GTTAATGTCTATCTTA-1_V12D07-075_C1,3
GTTACAATTGGTGACG-1_V12D07-075_C1,14
GTTACCAAGGCGTACG-1_V12D07-075_C1,2
GTTACCTACAACTTGC-1_V12D07-075_C1,14
GTTACTTTGGGCCTAG-1_V12D07-075_C1,14
GTTAGCCCATGACATC-1_V12D07-075_C1,20
GTTAGCCGTAAATCAA-1_V12D07-075_C1,8
GTTATAATACGGTGAA-1_V12D07-075_C1,20
GTTATATCAGGAGCCA-1_V12D07-075_C1,8
GTTATATTATCTCCCT-1_V12D07-075_C1,14
GTTATCAAGCTATCGA-1_V12D07-075_C1,2
GTTATCACCTTCTGAA-1_V12D07-075_C1,6
GTTCAAATCAGATGTC-1_V12D07-075_C1,12
GTTCACAGGAGTCTAG-1_V12D07-075_C1,14
GTTCAGTCGCCAAATG-1_V12D07-075_C1,14
GTTCATCGTTTGGCTG-1_V12D07-075_C1,8
GTTCCAGTCTGACCAT-1_V12D07-075_C1,6
GTTCCCGTAAACATAT-1_V12D07-075_C1,20
GTTCGCCATAAGTGCC-1_V12D07-075_C1,14
GTTCGCTGAGACGTCT-1_V12D07-075_C1,20
GTTCGGAGCACTCAAC-1_V12D07-075_C1,20
GTTCGGATCGGGAACA-1_V12D07-075_C1,2
GTTCGGGCGTACCATT-1_V12D07-075_C1,8
GTTCGTCTGGGTCCCT-1_V12D07-075_C1,8
GTTGAACCGGTTCCAT-1_V12D07-075_C1,2
GTTGAGTCCCGCCGGT-1_V12D07-075_C1,9
GTTGCACGGAGTTTCG-1_V12D07-075_C1,14
GTTGCAGTCGACAACA-1_V12D07-075_C1,20
GTTGCGCTAACATTAC-1_V12D07-075_C1,8
GTTGCGGACGGTCAGG-1_V12D07-075_C1,8
GTTGGACCGCATCAGG-1_V12D07-075_C1,8
GTTGGATTCAGTGGCT-1_V12D07-075_C1,8
GTTGGATTGAGAACAC-1_V12D07-075_C1,2
GTTGGATTTGCGTTGG-1_V12D07-075_C1,14
GTTGGTCATGCTATCC-1_V12D07-075_C1,14
GTTGTAGATTTATGAG-1_V12D07-075_C1,2
GTTGTTACATTGCGCT-1_V12D07-075_C1,8
GTTGTTGCAAGATGGC-1_V12D07-075_C1,2
GTTTACGTTCCATCTG-1_V12D07-075_C1,14
GTTTATGGGATTTAGA-1_V12D07-075_C1,3
GTTTCAAACGAGTTGT-1_V12D07-075_C1,20
GTTTCATATCGTCGCT-1_V12D07-075_C1,15
GTTTCCTGGAGGGTGA-1_V12D07-075_C1,14
GTTTCTAGAGGCGCGG-1_V12D07-075_C1,20
GTTTCTGCAGTCTCCC-1_V12D07-075_C1,14
GTTTGACCAAATCCTA-1_V12D07-075_C1,14
GTTTGGCCCAAGTTAT-1_V12D07-075_C1,14
GTTTGGGCTTGTGAGC-1_V12D07-075_C1,14
GTTTGGGTTTCGCCCG-1_V12D07-075_C1,20
GTTTGGTAGGGTCAAC-1_V12D07-075_C1,14
TAAACGTCGTCAATGA-1_V12D07-075_C1,14
TAAAGACAACCCTTTA-1_V12D07-075_C1,8
TAAAGAGCCCGAAACC-1_V12D07-075_C1,6
TAAAGCGGTATTTCCA-1_V12D07-075_C1,9
TAAAGCGTTAGGAGAA-1_V12D07-075_C1,15
TAAAGCTGCAATAGGG-1_V12D07-075_C1,16
TAAATCTTTACACCTC-1_V12D07-075_C1,11
TAAATGAATCCGTTTC-1_V12D07-075_C1,14
TAAATGCCGTCTCATG-1_V12D07-075_C1,8
TAAATGGGCTACTGAG-1_V12D07-075_C1,20
TAACAAAGGGAGAAGC-1_V12D07-075_C1,14
TAACAATATTTGTTGC-1_V12D07-075_C1,17
TAACATACAATGTGGG-1_V12D07-075_C1,14
TAACCGCCCGCAGTGC-1_V12D07-075_C1,6
TAACCTACCGTCCGAG-1_V12D07-075_C1,2
TAACCTAGGGAGTCCA-1_V12D07-075_C1,20
TAACGCTTTGAGAGCG-1_V12D07-075_C1,14
TAACTATCGAAGGTCC-1_V12D07-075_C1,14
TAACTATTACGCCAAA-1_V12D07-075_C1,8
TAACTCATCCGCGCGG-1_V12D07-075_C1,14
TAACTCCATGGAGGCT-1_V12D07-075_C1,3
TAAGCAGGCGACACGC-1_V12D07-075_C1,2
TAAGCCCTTACGACCA-1_V12D07-075_C1,8
TAAGGCAACATAAGAT-1_V12D07-075_C1,14
TAAGGCATAACATCAA-1_V12D07-075_C1,2
TAAGGCCCGTCACCCT-1_V12D07-075_C1,12
TAAGGCTGAATCCCTC-1_V12D07-075_C1,20
TAAGGGCCTGTCCGAT-1_V12D07-075_C1,20
TAAGGGCTGGGAGAGG-1_V12D07-075_C1,4
TAAGTAAATGTGCCGC-1_V12D07-075_C1,9
TAAGTAACATCTTGAC-1_V12D07-075_C1,2
TAAGTCGGTGAGCTAG-1_V12D07-075_C1,9
TAAGTTGCGACGTAGG-1_V12D07-075_C1,20
TAATAAACAAGGAGAT-1_V12D07-075_C1,8
TAATACACAGTAGTAT-1_V12D07-075_C1,6
TAATACTAGAACAGAC-1_V12D07-075_C1,20
TAATAGAACAGAGTTA-1_V12D07-075_C1,15
TAATAGCTAAATGATG-1_V12D07-075_C1,8
TAATAGTGACGACCAG-1_V12D07-075_C1,2
TAATATTGAAATTCGC-1_V12D07-075_C1,6
TAATCAACCAAATGGG-1_V12D07-075_C1,8
TAATCGATCCGTACGT-1_V12D07-075_C1,2
TAATGAAAGACCCTTG-1_V12D07-075_C1,14
TAATTACGTCAGTAGA-1_V12D07-075_C1,4
TAATTAGGACATCCGT-1_V12D07-075_C1,2
TAATTCCAATGCTTCA-1_V12D07-075_C1,20
TAATTGGAATCGGGAA-1_V12D07-075_C1,4
TAATTTCCGTCCAGTA-1_V12D07-075_C1,15
TACAACGCACAACTCA-1_V12D07-075_C1,14
TACAAGGGCTTCTTTA-1_V12D07-075_C1,20
TACACCGTCGTTAGTC-1_V12D07-075_C1,11
TACACCTCTTCGAATC-1_V12D07-075_C1,2
TACATAGGCATACACC-1_V12D07-075_C1,14
TACATCTTGTTTCTTG-1_V12D07-075_C1,14
TACATGACCTTATCCG-1_V12D07-075_C1,14
TACATGCCGGAATTGT-1_V12D07-075_C1,8
TACATTTCTAACGTGC-1_V12D07-075_C1,14
TACCAAATAGCCCAGA-1_V12D07-075_C1,14
TACCAATAAAGTACCA-1_V12D07-075_C1,20
TACCAGAAGTAGGTTC-1_V12D07-075_C1,14
TACCAGCTAGGTTTAA-1_V12D07-075_C1,6
TACCATGTATTGATTT-1_V12D07-075_C1,8
TACCCTCGGTAACCCT-1_V12D07-075_C1,12
TACCGAATAATTGTAA-1_V12D07-075_C1,20
TACCGCGGACTTGCAG-1_V12D07-075_C1,15
TACCGGCTCACTGCCC-1_V12D07-075_C1,14
TACCGGTCGTTTCCAT-1_V12D07-075_C1,15
TACCGTAGGTTAACTA-1_V12D07-075_C1,14
TACCGTGCCTCGGACC-1_V12D07-075_C1,14
TACCTACTCCCAGTAT-1_V12D07-075_C1,14
TACCTATCCCTAGAGG-1_V12D07-075_C1,2
TACCTCACGCTTGTAC-1_V12D07-075_C1,6
TACCTCAGTTGTCTGT-1_V12D07-075_C1,4
TACCTCTTTACCATCC-1_V12D07-075_C1,2
TACCTGCTGCACTGTG-1_V12D07-075_C1,6
TACGAACACGACTTCA-1_V12D07-075_C1,14
TACGACGCTTGCTGCG-1_V12D07-075_C1,14
TACGACTGCCTCTTAG-1_V12D07-075_C1,20
TACGAGAACTTCACGT-1_V12D07-075_C1,14
TACGATGTTGATCATC-1_V12D07-075_C1,14
TACGCAGTTCTTTCCT-1_V12D07-075_C1,14
TACGCCATATTCTAAT-1_V12D07-075_C1,14
TACGCCGCCTCAGAAG-1_V12D07-075_C1,8
TACGCCTCCATTCCGA-1_V12D07-075_C1,14
TACGCTATAGAAACCT-1_V12D07-075_C1,8
TACGCTCGGTATTGGA-1_V12D07-075_C1,20
TACGGAAGCCAAACCA-1_V12D07-075_C1,20
TACGGCATGGACGCTA-1_V12D07-075_C1,20
TACGGGATGCTAGCAG-1_V12D07-075_C1,8
TACGTAAAGCGGAGTG-1_V12D07-075_C1,12
TACGTGCAAGGTTCCT-1_V12D07-075_C1,8
TACGTGCACTATGCTG-1_V12D07-075_C1,14
TACGTGGGCCCAGGGC-1_V12D07-075_C1,20
TACGTTTACCGGCAAT-1_V12D07-075_C1,2
TACTACGTGCAATGCG-1_V12D07-075_C1,2
TACTATGGTTCCTCAG-1_V12D07-075_C1,2
TACTCTCCGAACAAAT-1_V12D07-075_C1,8
TACTCTTACTTTACTG-1_V12D07-075_C1,20
TACTCTTTCGTCTTCA-1_V12D07-075_C1,15
TACTGAACAGATTTAG-1_V12D07-075_C1,15
TACTGCAATCAATTAC-1_V12D07-075_C1,8
TACTGGACAGCTCGGC-1_V12D07-075_C1,11
TACTGTTTCTCTGGTA-1_V12D07-075_C1,8
TACTTAAACATGTACA-1_V12D07-075_C1,20
TACTTGTTAGTAGTCC-1_V12D07-075_C1,2
TACTTTACTGAGCCGG-1_V12D07-075_C1,15
TAGAAACACAATAGTG-1_V12D07-075_C1,20
TAGAAACCACTAAGTA-1_V12D07-075_C1,6
TAGAAAGGTGGCGCTA-1_V12D07-075_C1,2
TAGAAATTCACGTATA-1_V12D07-075_C1,20
TAGAAGAAGGGTTACA-1_V12D07-075_C1,20
TAGAATAGCCGATGAA-1_V12D07-075_C1,20
TAGACGAAACGCCAAT-1_V12D07-075_C1,3
TAGACGCCCGTACCGG-1_V12D07-075_C1,15
TAGACTACCTAGCGTT-1_V12D07-075_C1,2
TAGAGCTACGAAGAAC-1_V12D07-075_C1,6
TAGAGGTTCTACTTGT-1_V12D07-075_C1,20
TAGAGTCTAAGCGAAC-1_V12D07-075_C1,14
TAGATATGGACTGGAA-1_V12D07-075_C1,2
TAGATCCGAAGTCGCA-1_V12D07-075_C1,6
TAGATGGTTCCTTACT-1_V12D07-075_C1,12
TAGATTCCTGGTTATT-1_V12D07-075_C1,7
TAGCAACCTGTCACAA-1_V12D07-075_C1,14
TAGCAGTATGACTAAA-1_V12D07-075_C1,12
TAGCCAGAGGGTCCGG-1_V12D07-075_C1,12
TAGCCATTTCAAAGTC-1_V12D07-075_C1,9
TAGCCGGCGGTCAGCG-1_V12D07-075_C1,2
TAGCGTCCCTCGATTG-1_V12D07-075_C1,15
TAGCGTCCGGTGTGGT-1_V12D07-075_C1,11
TAGCGTCGAATATTGA-1_V12D07-075_C1,12
TAGCGTTGGGTCTTAC-1_V12D07-075_C1,14
TAGCTAAGTCCGGGAG-1_V12D07-075_C1,14
TAGCTAGAAGGCATGA-1_V12D07-075_C1,9
TAGCTAGTGATGATGG-1_V12D07-075_C1,2
TAGCTCAGATCCTAGT-1_V12D07-075_C1,8
TAGCTCGCCTGATAAC-1_V12D07-075_C1,14
TAGGAACAGCCTCCAG-1_V12D07-075_C1,8
TAGGCATGTTACGCCA-1_V12D07-075_C1,8
TAGGCCTATATAGTCT-1_V12D07-075_C1,20
TAGGCTAAAGTGGCAC-1_V12D07-075_C1,20
TAGGGAGCTTGGGATG-1_V12D07-075_C1,2
TAGGGTGTTTCAAGAG-1_V12D07-075_C1,6
TAGGTCGCCGGAACTG-1_V12D07-075_C1,15
TAGGTGACGATAACCT-1_V12D07-075_C1,12
TAGGTGAGCCCTACTC-1_V12D07-075_C1,14
TAGGTGCTCGCCTAGC-1_V12D07-075_C1,20
TAGGTGTTCCACAGAT-1_V12D07-075_C1,14
TAGGTTCGAGTTCGTC-1_V12D07-075_C1,14
TAGTAGCTTATACCAG-1_V12D07-075_C1,15
TAGTCCCGGAGACCAC-1_V12D07-075_C1,20
TAGTCCGCAGAGAATG-1_V12D07-075_C1,14
TAGTCCGTATGCATAA-1_V12D07-075_C1,12
TAGTCGATCACGGGTT-1_V12D07-075_C1,20
TAGTCGGGATTCTTCG-1_V12D07-075_C1,12
TAGTCTAACAACGAGA-1_V12D07-075_C1,2
TAGTCTGTGACGTTGC-1_V12D07-075_C1,8
TAGTCTTTCCGAATTG-1_V12D07-075_C1,8
TAGTGCCCTCCAGAGT-1_V12D07-075_C1,14
TAGTGCTTGAATCCTT-1_V12D07-075_C1,12
TAGTGTCAGAAACGGC-1_V12D07-075_C1,7
TAGTTAAGATAGGATA-1_V12D07-075_C1,6
TAGTTTATTCTTGCTT-1_V12D07-075_C1,6
TATAAATCCACAAGCT-1_V12D07-075_C1,14
TATAAGTGAGGATAGC-1_V12D07-075_C1,6
TATACACAGACGCCTT-1_V12D07-075_C1,14
TATACACGCAAAGTAT-1_V12D07-075_C1,21
TATACCGAGTGCCACA-1_V12D07-075_C1,8
TATACGCGTCATCACT-1_V12D07-075_C1,14
TATAGAGTCGCTTGAA-1_V12D07-075_C1,2
TATAGATGGTCGCAGT-1_V12D07-075_C1,20
TATAGGGTACTCATGA-1_V12D07-075_C1,2
TATATCATTGATCAGT-1_V12D07-075_C1,14
TATATCCCTGGGAGGA-1_V12D07-075_C1,2
TATATGCTGGGTTGCC-1_V12D07-075_C1,6
TATATTACAAATGTCG-1_V12D07-075_C1,8
TATATTCGCGTCGATA-1_V12D07-075_C1,6
TATCAAAGGTCTGTAA-1_V12D07-075_C1,14
TATCACCATGTAAAGT-1_V12D07-075_C1,8
TATCACCCAACCGACC-1_V12D07-075_C1,8
TATCACTTCGAGTAAC-1_V12D07-075_C1,8
TATCCATATCATGCGA-1_V12D07-075_C1,6
TATCCGCACCGTCGGG-1_V12D07-075_C1,14
TATCCTATCAACTGGT-1_V12D07-075_C1,14
TATCCTGCATGGGAAT-1_V12D07-075_C1,6
TATCGATCTATGCATA-1_V12D07-075_C1,8
TATCGATGATTAAACG-1_V12D07-075_C1,14
TATCTACAGAGGTAAT-1_V12D07-075_C1,14
TATCTACCACAGCGGG-1_V12D07-075_C1,14
TATCTAGCCTAAAGGA-1_V12D07-075_C1,3
TATGAAGAATTAAGGT-1_V12D07-075_C1,12
TATGAAGACAGGTGCG-1_V12D07-075_C1,6
TATGATAAATCTAACG-1_V12D07-075_C1,6
TATGATCCGGCACGCC-1_V12D07-075_C1,11
TATGATTCTGCTTGGT-1_V12D07-075_C1,6
TATGCTCCCTACTTAC-1_V12D07-075_C1,14
TATGGAGTTTCTCGTT-1_V12D07-075_C1,6
TATGGATGTGCTACGC-1_V12D07-075_C1,14
TATGGCTAGGCTAATT-1_V12D07-075_C1,8
TATGGGACCGAGCAGG-1_V12D07-075_C1,14
TATGGGTACGTATCGT-1_V12D07-075_C1,14
TATGGTCTGAGTAACA-1_V12D07-075_C1,14
TATGGTTAGTGGGAGA-1_V12D07-075_C1,2
TATGTCAAGACCGACT-1_V12D07-075_C1,8
TATGTCTCATTGTGCC-1_V12D07-075_C1,15
TATTAACCTGACCGCG-1_V12D07-075_C1,15
TATTACCATCCTGCTT-1_V12D07-075_C1,20
TATTCAATTCTAATCC-1_V12D07-075_C1,20
TATTCCACTCAGCTCG-1_V12D07-075_C1,14
TATTCCGGCAGTCCTA-1_V12D07-075_C1,6
TATTCCTCCGCCCACT-1_V12D07-075_C1,15
TATTCGTGCCAGAATA-1_V12D07-075_C1,14
TATTGACATTTCTGCC-1_V12D07-075_C1,8
TATTGCCGGGCTTGTA-1_V12D07-075_C1,20
TATTTAGTCTAGATCG-1_V12D07-075_C1,6
TATTTATACCGAGTAG-1_V12D07-075_C1,6
TATTTGTTACCCTTTA-1_V12D07-075_C1,14
TCAAACAACCGCGTCG-1_V12D07-075_C1,14
TCAAACTTAGATTGTT-1_V12D07-075_C1,14
TCAAATTGTTGTGCCG-1_V12D07-075_C1,20
TCAAATTTGAGACTCA-1_V12D07-075_C1,9
TCAACACATTGGGTAA-1_V12D07-075_C1,6
TCAACATAGCGCCCTA-1_V12D07-075_C1,15
TCAACCATGTTCGGGC-1_V12D07-075_C1,6
TCAACGAGGAGACAAA-1_V12D07-075_C1,14
TCAACGCGACCGGCAG-1_V12D07-075_C1,2
TCAACTAACGTATAAC-1_V12D07-075_C1,1
TCAACTGCAGAGTCAG-1_V12D07-075_C1,20
TCAAGAAATACTAGCT-1_V12D07-075_C1,8
TCAAGCGCGGACGGTA-1_V12D07-075_C1,20
TCAAGGTTACTACACC-1_V12D07-075_C1,20
TCAATACAATTGCTGC-1_V12D07-075_C1,20
TCAATACGCCGTCATG-1_V12D07-075_C1,14
TCAATATACAGGAGGC-1_V12D07-075_C1,2
TCAATCCCGCGCCAAA-1_V12D07-075_C1,9
TCACAAACCGAGGTAC-1_V12D07-075_C1,20
TCACAGATCCTCAAAC-1_V12D07-075_C1,14
TCACAGCAAACTCGAA-1_V12D07-075_C1,2
TCACAGGAGAATAAGA-1_V12D07-075_C1,2
TCACAGGGAATCGCAA-1_V12D07-075_C1,14
TCACAGGTTATTGGGC-1_V12D07-075_C1,14
TCACATCTTATCTGAT-1_V12D07-075_C1,3
TCACCCTCTTAAGATT-1_V12D07-075_C1,14
TCACCGCTCGGCACTC-1_V12D07-075_C1,15
TCACGCATTGTAGATC-1_V12D07-075_C1,14
TCACGGTCATCGCACA-1_V12D07-075_C1,14
TCACGTGCCCGATTCA-1_V12D07-075_C1,14
TCACTACGACCAATGC-1_V12D07-075_C1,8
TCACTATCCCTTCGGT-1_V12D07-075_C1,2
TCACTCGTGCAACGGC-1_V12D07-075_C1,8
TCACTCTTCGTCTGTC-1_V12D07-075_C1,14
TCAGAACCTCCACAGG-1_V12D07-075_C1,8
TCAGACGCTATAGAAG-1_V12D07-075_C1,14
TCAGAGTGTGAGCATG-1_V12D07-075_C1,2
TCAGCAAATGCATCTC-1_V12D07-075_C1,20
TCAGCCAATCCGTAAA-1_V12D07-075_C1,20
TCAGGGCGACTTCCTT-1_V12D07-075_C1,14
TCAGGGTGCACGAAAC-1_V12D07-075_C1,8
TCAGGGTGTAACGTAA-1_V12D07-075_C1,14
TCAGGTTCTTTGAGAA-1_V12D07-075_C1,14
TCAGTACTGACCCGCG-1_V12D07-075_C1,12
TCAGTAGGGACTATAA-1_V12D07-075_C1,2
TCATAAGTCCAAGAAG-1_V12D07-075_C1,20
TCATACTTACAGATCC-1_V12D07-075_C1,3
TCATATGAGCTTTGTT-1_V12D07-075_C1,12
TCATCCCAGAGGGTGG-1_V12D07-075_C1,6
TCATCCTCAGCTGCTT-1_V12D07-075_C1,20
TCATCGACGACCGTCG-1_V12D07-075_C1,20
TCATGCAGGTTCTCAT-1_V12D07-075_C1,8
TCATTCGTATAATTTG-1_V12D07-075_C1,8
TCATTTAAGTCTCCGA-1_V12D07-075_C1,2
TCATTTAGAAGTGTGA-1_V12D07-075_C1,20
TCCAACTCAGCTATCT-1_V12D07-075_C1,20
TCCAACTTTAAATTCT-1_V12D07-075_C1,14
TCCAATAAAGGCTACC-1_V12D07-075_C1,14
TCCACAATGGTTTACG-1_V12D07-075_C1,14
TCCACATCGTATATTG-1_V12D07-075_C1,20
TCCACCAAGACATAGG-1_V12D07-075_C1,2
TCCACCTCTAGCCTTT-1_V12D07-075_C1,14
TCCACTTTATCTAGGT-1_V12D07-075_C1,14
TCCAGAGCACCGGTTC-1_V12D07-075_C1,14
TCCAGATGTACGCCAA-1_V12D07-075_C1,8
TCCAGCGCTATAAGCG-1_V12D07-075_C1,2
TCCAGGCGAGTACGGT-1_V12D07-075_C1,14
TCCAGGGTATATACGA-1_V12D07-075_C1,14
TCCATTAGTTGGATAG-1_V12D07-075_C1,6
TCCATTGTGACCTCGT-1_V12D07-075_C1,6
TCCCAAACAGACAACG-1_V12D07-075_C1,8
TCCCAAAGACGAAGGA-1_V12D07-075_C1,14
TCCCAAAGCCCTAAAT-1_V12D07-075_C1,8
TCCCACTCTCTTCCGG-1_V12D07-075_C1,8
TCCCAGCACACGACAT-1_V12D07-075_C1,2
TCCCAGCTTTAGTCTG-1_V12D07-075_C1,14
TCCCAGGCTTAGCTAA-1_V12D07-075_C1,14
TCCCGCCTATGTGCGT-1_V12D07-075_C1,8
TCCCGCGTACTCCTGG-1_V12D07-075_C1,14
TCCCGGGTGTGCTGCT-1_V12D07-075_C1,14
TCCCGGTCAGGAATTT-1_V12D07-075_C1,6
TCCCGTCAGTCCCGCA-1_V12D07-075_C1,8
TCCCGTCGCGTCATAG-1_V12D07-075_C1,8
TCCCGTGTGCAATTTG-1_V12D07-075_C1,20
TCCCTAGATCAATAGG-1_V12D07-075_C1,8
TCCCTCTTCTCAAGGG-1_V12D07-075_C1,20
TCCCTGGCTCGCTGGA-1_V12D07-075_C1,14
TCCCTTAGATTACTCG-1_V12D07-075_C1,8
TCCCTTGTCTGAAACT-1_V12D07-075_C1,20
TCCGAACGTTGCCGCT-1_V12D07-075_C1,8
TCCGAAGTAGTCACCA-1_V12D07-075_C1,8
TCCGAATGGTCCTGAG-1_V12D07-075_C1,8
TCCGAGAAGGCTAAGC-1_V12D07-075_C1,4
TCCGATGACTGAGCTC-1_V12D07-075_C1,8
TCCGATGGTGCGACAT-1_V12D07-075_C1,14
TCCGATTACATTGCCG-1_V12D07-075_C1,14
TCCGCAGCCACCTAGC-1_V12D07-075_C1,12
TCCGCCTGTCTACAAG-1_V12D07-075_C1,14
TCCGCGGCAGCATCTG-1_V12D07-075_C1,2
TCCGCGGCCCAATGAA-1_V12D07-075_C1,20
TCCGCTGTCATCCCGG-1_V12D07-075_C1,20
TCCGCTTATCCCATTA-1_V12D07-075_C1,14
TCCGGAGGAAGGGCTG-1_V12D07-075_C1,8
TCCGGCCTAGCGTACA-1_V12D07-075_C1,2
TCCGGCTGTCGGGTCG-1_V12D07-075_C1,2
TCCGGGCTTGACGGGA-1_V12D07-075_C1,20
TCCGGTTCGTCCGGTC-1_V12D07-075_C1,9
TCCGTTAAGCTAATAT-1_V12D07-075_C1,20
TCCGTTTAGCCTTGAA-1_V12D07-075_C1,15
TCCTAAAGATTCAGAC-1_V12D07-075_C1,20
TCCTAAATTGGGAAGC-1_V12D07-075_C1,14
TCCTAACCGTCGGGCA-1_V12D07-075_C1,2
TCCTACATCCACGGCC-1_V12D07-075_C1,20
TCCTAGCAAAGAAGCT-1_V12D07-075_C1,2
TCCTATCATAGGTAAC-1_V12D07-075_C1,8
TCCTCGGGCTGGGCTT-1_V12D07-075_C1,14
TCCTCTACGAGATGGC-1_V12D07-075_C1,14
TCCTCTGGCCCATTAG-1_V12D07-075_C1,8
TCCTGCCAACTGGAGA-1_V12D07-075_C1,8
TCCTGCGTTGATACTC-1_V12D07-075_C1,14
TCCTGGCGCTGCCTGG-1_V12D07-075_C1,8
TCCTTACGACGGTCCG-1_V12D07-075_C1,20
TCCTTCAATCCCTACG-1_V12D07-075_C1,15
TCCTTCAGTGGTCGAA-1_V12D07-075_C1,6
TCCTTGTCCTTTAATT-1_V12D07-075_C1,20
TCCTTTAAATCCGCTT-1_V12D07-075_C1,20
TCCTTTCTTACGCTTA-1_V12D07-075_C1,14
TCGAAATTTAGGACCA-1_V12D07-075_C1,14
TCGAAGAACCGAGCAC-1_V12D07-075_C1,20
TCGAGACCAACACCGT-1_V12D07-075_C1,14
TCGAGGGCAACAGACG-1_V12D07-075_C1,20
TCGATAGGCTAGTCGC-1_V12D07-075_C1,6
TCGCAAAGATGCATTT-1_V12D07-075_C1,14
TCGCACCAGGAGGCAG-1_V12D07-075_C1,14
TCGCACTAACGTTTGT-1_V12D07-075_C1,20
TCGCATAAAGGGCGCA-1_V12D07-075_C1,20
TCGCATCCCTAAGTGT-1_V12D07-075_C1,6
TCGCATTCAATGACTT-1_V12D07-075_C1,6
TCGCCCAACTGACTCC-1_V12D07-075_C1,8
TCGCCCACTGCGAGAG-1_V12D07-075_C1,20
TCGCCGAAGTTGCGTC-1_V12D07-075_C1,15
TCGCCGACATATTCGC-1_V12D07-075_C1,20
TCGCCGGATGGGCAAG-1_V12D07-075_C1,12
TCGCCGGTCGATCCGT-1_V12D07-075_C1,6
TCGCTAAACCGCTATC-1_V12D07-075_C1,8
TCGCTACTGGCTTTGA-1_V12D07-075_C1,20
TCGCTCGATATATTCC-1_V12D07-075_C1,14
TCGCTCGGCACCAGCG-1_V12D07-075_C1,8
TCGCTGCCAATGCTGT-1_V12D07-075_C1,20
TCGCTGGGCGGATTGT-1_V12D07-075_C1,14
TCGCTGTGCGTAAATC-1_V12D07-075_C1,14
TCGCTTAATTACGAAG-1_V12D07-075_C1,8
TCGCTTTAAACGTTTG-1_V12D07-075_C1,8
TCGGAATGCGCTCTGA-1_V12D07-075_C1,14
TCGGACGCCCAGCCCA-1_V12D07-075_C1,20
TCGGAGTACATGAGTA-1_V12D07-075_C1,20
TCGGCAGGGTTAAGGG-1_V12D07-075_C1,2
TCGGCGAACCCAAACC-1_V12D07-075_C1,20
TCGGCTTGTATCGACG-1_V12D07-075_C1,20
TCGGGAACGTGCCTAG-1_V12D07-075_C1,8
TCGGGAGACAGCGTAC-1_V12D07-075_C1,14
TCGGGATTCAAACATA-1_V12D07-075_C1,15
TCGGGCCGTCGTGGTA-1_V12D07-075_C1,20
TCGGGTGAAACTGCTA-1_V12D07-075_C1,6
TCGGTCCCTGACTCCA-1_V12D07-075_C1,8
TCGGTGACCGCTCCGG-1_V12D07-075_C1,8
TCGGTTAGCCATGTAG-1_V12D07-075_C1,8
TCGTAACTCCCAAGAC-1_V12D07-075_C1,20
TCGTAAGACGACATTG-1_V12D07-075_C1,14
TCGTAAGCTCCGAGGA-1_V12D07-075_C1,8
TCGTACCGACGTCAAG-1_V12D07-075_C1,14
TCGTATAGTGCAATTA-1_V12D07-075_C1,6
TCGTATTACCCATTGC-1_V12D07-075_C1,14
TCGTCACACTGTTAGC-1_V12D07-075_C1,3
TCGTCCGCTGGCGTCT-1_V12D07-075_C1,3
TCGTCCGGGTACACTC-1_V12D07-075_C1,8
TCGTCTTAGGCGTTAA-1_V12D07-075_C1,14
TCGTGTTCGACCACAA-1_V12D07-075_C1,20
TCGTTAGGAGTCCCTA-1_V12D07-075_C1,2
TCGTTCGTTATTATGT-1_V12D07-075_C1,6
TCGTTGACAGGGTCCC-1_V12D07-075_C1,12
TCGTTGCTATCCGGTC-1_V12D07-075_C1,15
TCGTTGGCTCGTCAAT-1_V12D07-075_C1,6
TCGTTTACGCGACCCT-1_V12D07-075_C1,20
TCTAACTGTATGTAAA-1_V12D07-075_C1,14
TCTACACGTTCATGCA-1_V12D07-075_C1,8
TCTACCCAATAGAGAG-1_V12D07-075_C1,20
TCTACCGTCCACAAGC-1_V12D07-075_C1,14
TCTAGCAATCTCCGCC-1_V12D07-075_C1,15
TCTAGCATCTTCGATG-1_V12D07-075_C1,14
TCTAGCATGCCCAGAA-1_V12D07-075_C1,14
TCTAGGTGGCGACGCT-1_V12D07-075_C1,2
TCTAGTGATATCGTGG-1_V12D07-075_C1,20
TCTAGTTATCAGAAGA-1_V12D07-075_C1,12
TCTATAGGTGGGTAAT-1_V12D07-075_C1,12
TCTATCATGCAGTTAC-1_V12D07-075_C1,3
TCTATCGGTCGCAACA-1_V12D07-075_C1,14
TCTATGCTATAACGAC-1_V12D07-075_C1,20
TCTATTACGCTGGCGA-1_V12D07-075_C1,14
TCTCAAATCAATCGGG-1_V12D07-075_C1,2
TCTCATGAGATAGGGT-1_V12D07-075_C1,20
TCTCCAACGTAGGTTA-1_V12D07-075_C1,6
TCTCCACAAGTTGAAT-1_V12D07-075_C1,20
TCTCCCTGGGCAGCGT-1_V12D07-075_C1,14
TCTCGAACGAGGTCAC-1_V12D07-075_C1,8
TCTCGAGGAGGTTCGC-1_V12D07-075_C1,2
TCTCGGCTCCAGGACT-1_V12D07-075_C1,6
TCTCTAATAGCTGGTA-1_V12D07-075_C1,6
TCTCTCGCCGCACATA-1_V12D07-075_C1,20
TCTGAACCGGTCGGCT-1_V12D07-075_C1,6
TCTGAACTCGTACCCG-1_V12D07-075_C1,20
TCTGAAGCACGTGGTC-1_V12D07-075_C1,3
TCTGAATTCCGTACAA-1_V12D07-075_C1,15
TCTGACGGGCTAACCC-1_V12D07-075_C1,8
TCTGACTGTAATGGTT-1_V12D07-075_C1,14
TCTGAGCAATTGACTG-1_V12D07-075_C1,20
TCTGATCGGGTGCTAG-1_V12D07-075_C1,8
TCTGATGTATTCTGTC-1_V12D07-075_C1,14
TCTGATTGGAAATGGA-1_V12D07-075_C1,8
TCTGCAGATTCGAGTC-1_V12D07-075_C1,14
TCTGCATACCTTGCTT-1_V12D07-075_C1,20
TCTGCCAGAAACTGCA-1_V12D07-075_C1,14
TCTGCGTCCGGTTTCT-1_V12D07-075_C1,17
TCTGCTTAGAACAAGC-1_V12D07-075_C1,8
TCTGGAGCGTAAGAGT-1_V12D07-075_C1,8
TCTGGCCGTTCAAGTT-1_V12D07-075_C1,8
TCTGGCGCAAGCCGGG-1_V12D07-075_C1,4
TCTGGGAACCTTTGAA-1_V12D07-075_C1,20
TCTGGGTAGCGCTCAT-1_V12D07-075_C1,14
TCTGTCATACAAGAGC-1_V12D07-075_C1,6
TCTGTGATGGAGGTTG-1_V12D07-075_C1,8
TCTGTGCCATCATAGT-1_V12D07-075_C1,20
TCTGTTACCCAGCATA-1_V12D07-075_C1,15
TCTTAACTCGGATGTA-1_V12D07-075_C1,12
TCTTACAGAGGTACCG-1_V12D07-075_C1,6
TCTTACCGGAACTCGT-1_V12D07-075_C1,8
TCTTACGGCATCCGAC-1_V12D07-075_C1,6
TCTTACTTATGCCTCT-1_V12D07-075_C1,20
TCTTAGAGCTCCAATT-1_V12D07-075_C1,3
TCTTAGAGTGAACTCT-1_V12D07-075_C1,20
TCTTCCCATGGGCACA-1_V12D07-075_C1,15
TCTTCGAATAGACGTT-1_V12D07-075_C1,14
TCTTCGATACCAATAA-1_V12D07-075_C1,14
TCTTCGCGGTGAGAGG-1_V12D07-075_C1,20
TCTTCTATAACCCGCC-1_V12D07-075_C1,2
TCTTGATGCGTAGCGA-1_V12D07-075_C1,14
TCTTGCTCCCGATACT-1_V12D07-075_C1,12
TCTTGGTAACACCAAA-1_V12D07-075_C1,14
TCTTTAAGACTATGAA-1_V12D07-075_C1,15
TCTTTAGAGTCTAACA-1_V12D07-075_C1,2
TCTTTAGCAGGCGAAC-1_V12D07-075_C1,8
TCTTTCCTTCGAGATA-1_V12D07-075_C1,20
TGAAACTTATGCAAGC-1_V12D07-075_C1,6
TGAAAGGACCTGACTC-1_V12D07-075_C1,2
TGAACTGCTATGACTT-1_V12D07-075_C1,2
TGAAGAGCGGTCCTAG-1_V12D07-075_C1,14
TGAAGTAGCTTACGGA-1_V12D07-075_C1,12
TGAATACCGACGCGTA-1_V12D07-075_C1,20
TGAATATGCTATAAAC-1_V12D07-075_C1,8
TGAATGAGTGTTTCCC-1_V12D07-075_C1,14
TGAATGTCAGCCGGCC-1_V12D07-075_C1,15
TGACAACGCATGTCGC-1_V12D07-075_C1,8
TGACACTTCTCTTTGC-1_V12D07-075_C1,8
TGACATATATGACGAT-1_V12D07-075_C1,2
TGACATCGAGCGGACC-1_V12D07-075_C1,2
TGACATGTAACGTGAC-1_V12D07-075_C1,20
TGACCAAATCTTAAAC-1_V12D07-075_C1,12
TGACCAGCTTCAAAGT-1_V12D07-075_C1,8
TGACCCACGTTAGACA-1_V12D07-075_C1,14
TGACGATGCACTAGAA-1_V12D07-075_C1,2
TGACTATAATCCTTTC-1_V12D07-075_C1,14
TGACTCTAACTGGTAA-1_V12D07-075_C1,20
TGAGAATGCTTTACCG-1_V12D07-075_C1,6
TGAGACGTACCTCTCA-1_V12D07-075_C1,20
TGAGAGATTTACCACG-1_V12D07-075_C1,20
TGAGATCAAATACTCA-1_V12D07-075_C1,6
TGAGATTAGGCCCTAA-1_V12D07-075_C1,8
TGAGCAGTCGTGAAGT-1_V12D07-075_C1,11
TGAGCCATACAGTCTC-1_V12D07-075_C1,2
TGAGCGGAAAGTGTTC-1_V12D07-075_C1,14
TGAGCTCAACTGTATA-1_V12D07-075_C1,2
TGAGCTTTAATGACGC-1_V12D07-075_C1,8
TGAGGAGTGCCAGCTT-1_V12D07-075_C1,14
TGAGGTGTGTGGCGGA-1_V12D07-075_C1,14
TGAGTAAATTAGCGTA-1_V12D07-075_C1,12
TGAGTGCCTCTTAAAT-1_V12D07-075_C1,2
TGAGTGGTCCGTGACG-1_V12D07-075_C1,15
TGAGTTAAAGACATTC-1_V12D07-075_C1,2
TGATACATTTAGCCGT-1_V12D07-075_C1,15
TGATAGCGGGATTCTA-1_V12D07-075_C1,13
TGATCACCACACTGAC-1_V12D07-075_C1,9
TGATCCCAGCATTAGT-1_V12D07-075_C1,2
TGATCGGTTTGACCCT-1_V12D07-075_C1,14
TGATCTACGCTGATCT-1_V12D07-075_C1,8
TGATCTATCACACTCT-1_V12D07-075_C1,2
TGATCTCCGGCGCCAG-1_V12D07-075_C1,14
TGATGGCTGTTTCTGA-1_V12D07-075_C1,8
TGATGTCAATTAAGTG-1_V12D07-075_C1,20
TGATTATGGCACGCAG-1_V12D07-075_C1,16
TGATTCCCGGTTACCT-1_V12D07-075_C1,14
TGATTCGTCTATCACT-1_V12D07-075_C1,14
TGATTCTGTCGCCGGT-1_V12D07-075_C1,2
TGATTTATTAGCTGTG-1_V12D07-075_C1,14
TGATTTCCTCCTGACG-1_V12D07-075_C1,11
TGCAAAGTTCGTCTGT-1_V12D07-075_C1,14
TGCAACCCATCTGCGG-1_V12D07-075_C1,12
TGCAACTACTGGTTGA-1_V12D07-075_C1,20
TGCAAGAATGACGTAA-1_V12D07-075_C1,14
TGCAATCTAACACGGT-1_V12D07-075_C1,20
TGCAATTTGGGCACGG-1_V12D07-075_C1,8
TGCACAGTGAAGTTAT-1_V12D07-075_C1,8
TGCACGAGTCGGCAGC-1_V12D07-075_C1,6
TGCACTATGTGAGTGC-1_V12D07-075_C1,14
TGCAGAGTACCGAGCA-1_V12D07-075_C1,14
TGCAGGATCGGCAAAG-1_V12D07-075_C1,14
TGCAGTGAGGCTCGGG-1_V12D07-075_C1,8
TGCAGTTTCCTCCCAT-1_V12D07-075_C1,20
TGCATATGTCTGTCAC-1_V12D07-075_C1,2
TGCATGGATCGGATCT-1_V12D07-075_C1,6
TGCATGTGGTAATCTA-1_V12D07-075_C1,2
TGCCAATGGGTACTCT-1_V12D07-075_C1,2
TGCCACCTGGCGAAAC-1_V12D07-075_C1,6
TGCCAGTACGTGGAGA-1_V12D07-075_C1,14
TGCCATTACTAAAGAA-1_V12D07-075_C1,8
TGCCCGTACCGTTAAA-1_V12D07-075_C1,20
TGCCGAAAGCGTATTC-1_V12D07-075_C1,4
TGCCGTGGATCGTCCT-1_V12D07-075_C1,14
TGCCTAAATTTAATAG-1_V12D07-075_C1,8
TGCCTAATTGAAGATT-1_V12D07-075_C1,20
TGCCTGACATCGGTCA-1_V12D07-075_C1,14
TGCCTGATCAAACGAT-1_V12D07-075_C1,14
TGCCTTGGCCAGGCAA-1_V12D07-075_C1,14
TGCGACACCCTAGTGC-1_V12D07-075_C1,2
TGCGAGAATATTACCC-1_V12D07-075_C1,15
TGCGAGATGGCGGCCA-1_V12D07-075_C1,8
TGCGAGCCCTTCCGCG-1_V12D07-075_C1,8
TGCGCAAAGCATTTGG-1_V12D07-075_C1,14
TGCGCCGTTAATAACG-1_V12D07-075_C1,8
TGCGCGATTAACGGAG-1_V12D07-075_C1,14
TGCGGACTTGACTCCG-1_V12D07-075_C1,20
TGCGGAGTAAAGGTGC-1_V12D07-075_C1,14
TGCGGCATAGTTCAAC-1_V12D07-075_C1,6
TGCGGTGAAATTTCAT-1_V12D07-075_C1,6
TGCGTAAGAACCTGAT-1_V12D07-075_C1,14
TGCGTACGGCTAATTG-1_V12D07-075_C1,20
TGCGTGATTGGGTGTC-1_V12D07-075_C1,14
TGCGTTTGTTGACACT-1_V12D07-075_C1,14
TGCTAAGTGTCTATTT-1_V12D07-075_C1,14
TGCTATACAAACGGAC-1_V12D07-075_C1,6
TGCTCCACAGTTCTTA-1_V12D07-075_C1,20
TGCTCGGCGAAACCCA-1_V12D07-075_C1,14
TGCTCGGTGGGTCACC-1_V12D07-075_C1,20
TGCTCTTGAGAGTTTG-1_V12D07-075_C1,20
TGCTGGTTGGACAATT-1_V12D07-075_C1,14
TGCTGTTGAAGAACTC-1_V12D07-075_C1,14
TGCTTCCCAAGCAGTA-1_V12D07-075_C1,14
TGCTTGAAACCATGCA-1_V12D07-075_C1,16
TGGAACCACTGACACA-1_V12D07-075_C1,8
TGGAAGAAGGGAACGT-1_V12D07-075_C1,14
TGGAAGACGAACACCA-1_V12D07-075_C1,6
TGGAAGGATAAAGATG-1_V12D07-075_C1,4
TGGAATATCCTTGACC-1_V12D07-075_C1,8
TGGAATTAGACGCTTT-1_V12D07-075_C1,3
TGGACACCGTTGCTTG-1_V12D07-075_C1,3
TGGACCAATCTAAGAT-1_V12D07-075_C1,12
TGGACCACGGCGTTGA-1_V12D07-075_C1,3
TGGACGTAGGCGAATC-1_V12D07-075_C1,20
TGGACTGTTCGCTCAA-1_V12D07-075_C1,2
TGGAGGGAAACACCTC-1_V12D07-075_C1,8
TGGAGTGATGCGATGA-1_V12D07-075_C1,14
TGGCAAACTAAATTAC-1_V12D07-075_C1,14
TGGCAACTCGCGCGCC-1_V12D07-075_C1,8
TGGCAAGCACAAGTCG-1_V12D07-075_C1,14
TGGCAATGGGACGGCG-1_V12D07-075_C1,20
TGGCACGAGCTCGAGT-1_V12D07-075_C1,8
TGGCAGATTACGATCA-1_V12D07-075_C1,14
TGGCAGCAGTAATAGT-1_V12D07-075_C1,14
TGGCCAAACTGAAGTA-1_V12D07-075_C1,14
TGGCCGTATATTGACC-1_V12D07-075_C1,14
TGGCGACTGCTCCAAA-1_V12D07-075_C1,2
TGGCGATCAAGTTATG-1_V12D07-075_C1,14
TGGCGGTGTGCGATTG-1_V12D07-075_C1,6
TGGCTACACTCTACCT-1_V12D07-075_C1,20
TGGCTATGTGACATAC-1_V12D07-075_C1,14
TGGCTTGTACAAGCTT-1_V12D07-075_C1,8
TGGCTTTGGGTAGACA-1_V12D07-075_C1,6
TGGGAAATGCCTTTCC-1_V12D07-075_C1,14
TGGGACCATTGGGAGT-1_V12D07-075_C1,20
TGGGATGCACTCATTC-1_V12D07-075_C1,8
TGGGCAATAGTTGGGT-1_V12D07-075_C1,2
TGGGCACAAACAGAAC-1_V12D07-075_C1,8
TGGGCACGTTCTATGG-1_V12D07-075_C1,6
TGGGCAGGCCACCGCA-1_V12D07-075_C1,20
TGGGCCACAAGAGCGC-1_V12D07-075_C1,6
TGGGCCCATACTAATT-1_V12D07-075_C1,20
TGGGCGATACAATAAG-1_V12D07-075_C1,20
TGGGTAAGGTTCCCGC-1_V12D07-075_C1,6
TGGGTGCACAAGCCAT-1_V12D07-075_C1,20
TGGGTGGGATGTCATT-1_V12D07-075_C1,8
TGGGTGTAATAGATTT-1_V12D07-075_C1,20
TGGGTTCCCGGACGGA-1_V12D07-075_C1,14
TGGTAAGCAGGATTGA-1_V12D07-075_C1,15
TGGTAGAATATATGGG-1_V12D07-075_C1,20
TGGTATCGCATCCCAA-1_V12D07-075_C1,6
TGGTATCGGTCTGTAT-1_V12D07-075_C1,6
TGGTCCCACGCTACGG-1_V12D07-075_C1,9
TGGTCGTGCAAGGCAA-1_V12D07-075_C1,15
TGGTCTAGCTTACATG-1_V12D07-075_C1,14
TGGTCTGTTGGGCGTA-1_V12D07-075_C1,14
TGGTGATCGTATTTGT-1_V12D07-075_C1,14
TGGTTAAGGGCGCTGG-1_V12D07-075_C1,11
TGGTTATGCTTGCGGT-1_V12D07-075_C1,3
TGGTTCAACGGGTAAT-1_V12D07-075_C1,14
TGGTTCGTAGCAAAGG-1_V12D07-075_C1,6
TGGTTGGAGGATCCTG-1_V12D07-075_C1,8
TGGTTTAAACGTGGGT-1_V12D07-075_C1,8
TGTAATGACCACAATA-1_V12D07-075_C1,14
TGTACCTACACGAGGG-1_V12D07-075_C1,12
TGTACGAACAAATCCG-1_V12D07-075_C1,14
TGTACTACTCTCACGG-1_V12D07-075_C1,8
TGTACTGTGCCAAAGT-1_V12D07-075_C1,8
TGTACTTCCGGGCATG-1_V12D07-075_C1,2
TGTAGCCATCCCATTC-1_V12D07-075_C1,20
TGTAGGAGAAATTTCC-1_V12D07-075_C1,2
TGTAGTGATCTATAAT-1_V12D07-075_C1,14
TGTATAACAGATCCTG-1_V12D07-075_C1,2
TGTATACGGATGATGA-1_V12D07-075_C1,8
TGTATCAGACTGAAGC-1_V12D07-075_C1,8
TGTATCCTTATTCCAT-1_V12D07-075_C1,6
TGTATGGCGCAGACAG-1_V12D07-075_C1,20
TGTATTTACCTAATGC-1_V12D07-075_C1,8
TGTCATTTGTTGGGAA-1_V12D07-075_C1,8
TGTCCACGGCTCAACT-1_V12D07-075_C1,20
TGTCCCGACATAGCAC-1_V12D07-075_C1,6
TGTCCGTGGCGCCTTT-1_V12D07-075_C1,14
TGTCGGCATGGTGGAA-1_V12D07-075_C1,6
TGTCTACAGTTTCTGT-1_V12D07-075_C1,6
TGTGACTACGCCAGTC-1_V12D07-075_C1,6
TGTGACTAGAGTTTGC-1_V12D07-075_C1,20
TGTGAGACTAGCCCAA-1_V12D07-075_C1,14
TGTGCCGGTGCCGGAA-1_V12D07-075_C1,20
TGTGCTTTACGTAAGA-1_V12D07-075_C1,2
TGTGGCAAAGCGTATG-1_V12D07-075_C1,15
TGTGGCGGGCTTCTGG-1_V12D07-075_C1,4
TGTGGCTCCCACCAAC-1_V12D07-075_C1,8
TGTGGTAGGGTGCCTT-1_V12D07-075_C1,8
TGTGGTTGCTAAAGCT-1_V12D07-075_C1,14
TGTGTAGTAGCACGTG-1_V12D07-075_C1,20
TGTGTCGCGAGTTGCA-1_V12D07-075_C1,14
TGTGTTCGTATCCAAG-1_V12D07-075_C1,14
TGTTATTGTATGTGGC-1_V12D07-075_C1,20
TGTTCCGCTTCCATGA-1_V12D07-075_C1,14
TGTTCCGGCCTGAGCT-1_V12D07-075_C1,2
TGTTCGTATTGCGGTG-1_V12D07-075_C1,14
TGTTCTCATACTATAG-1_V12D07-075_C1,9
TGTTCTTCCATTGACT-1_V12D07-075_C1,14
TGTTGCCGTCGTCCCA-1_V12D07-075_C1,8
TGTTGTCAAGAAGTCT-1_V12D07-075_C1,8
TGTTTCGGTACTTCTC-1_V12D07-075_C1,6
TGTTTGAGATCGTCAG-1_V12D07-075_C1,14
TTAAACAGAGTCCCGC-1_V12D07-075_C1,6
TTAAACCGGTAGCGAC-1_V12D07-075_C1,6
TTAAACCTGGTTCCTT-1_V12D07-075_C1,3
TTAAACTCGAATTCAT-1_V12D07-075_C1,15
TTAACCAACCCTCCCT-1_V12D07-075_C1,6
TTAACGAACAAGCAGT-1_V12D07-075_C1,8
TTAACGTCGCAAGACC-1_V12D07-075_C1,6
TTAACGTTAAAGCCTG-1_V12D07-075_C1,20
TTAACTCACGCGTGGA-1_V12D07-075_C1,6
TTAACTGATCGTTTGG-1_V12D07-075_C1,9
TTAAGACGAACGAACC-1_V12D07-075_C1,8
TTAAGATAGGATTGAC-1_V12D07-075_C1,20
TTAAGCCGACAACTTC-1_V12D07-075_C1,6
TTAAGCGCCTGACCCA-1_V12D07-075_C1,14
TTAAGGATACGGAGGT-1_V12D07-075_C1,17
TTAAGTATTGTTATCC-1_V12D07-075_C1,12
TTAATCAGTACGTCAG-1_V12D07-075_C1,6
TTAATGTAGACCAGGT-1_V12D07-075_C1,14
TTAATGTGTTTGCAGG-1_V12D07-075_C1,12
TTAATTGCTTTGGGTG-1_V12D07-075_C1,20
TTAATTTCAGACGCGG-1_V12D07-075_C1,6
TTACAACTACGCATCC-1_V12D07-075_C1,6
TTACACGATCTGCGAC-1_V12D07-075_C1,20
TTACAGACCTAAATGA-1_V12D07-075_C1,2
TTACATCGTGGCCTGG-1_V12D07-075_C1,14
TTACATGCCACAACTA-1_V12D07-075_C1,2
TTACCATTGATTACCC-1_V12D07-075_C1,14
TTACCCATTGCCGGGT-1_V12D07-075_C1,8
TTACCCTAACAGTCCT-1_V12D07-075_C1,14
TTACCCTAGGGATTGG-1_V12D07-075_C1,14
TTACGGATGGTTCGAG-1_V12D07-075_C1,15
TTACGGTGTCACCGAG-1_V12D07-075_C1,6
TTACGTATCTATGACA-1_V12D07-075_C1,2
TTACTAAAGGACTTTA-1_V12D07-075_C1,14
TTACTCCGGCCGGGAA-1_V12D07-075_C1,20
TTACTCTGGTACGTAC-1_V12D07-075_C1,15
TTACTGGGATATTTCA-1_V12D07-075_C1,14
TTACTGTCTAGAGCTC-1_V12D07-075_C1,8
TTAGAAGAACATGACT-1_V12D07-075_C1,14
TTAGAATAAGGGTCGG-1_V12D07-075_C1,15
TTAGACACGATCGTTG-1_V12D07-075_C1,8
TTAGACGAGTCACCTC-1_V12D07-075_C1,9
TTAGAGTTTAGAAGGA-1_V12D07-075_C1,20
TTAGCTAATACGATCT-1_V12D07-075_C1,8
TTAGCTCTGTAATCCG-1_V12D07-075_C1,14
TTAGCTGATTTGCCGT-1_V12D07-075_C1,2
TTAGGATGGGAGGGTA-1_V12D07-075_C1,8
TTAGTAAACCTGCTCT-1_V12D07-075_C1,20
TTAGTAGGGCGGCGGG-1_V12D07-075_C1,14
TTAGTTATTCGTGGCA-1_V12D07-075_C1,20
TTAGTTCAAGTGTTCG-1_V12D07-075_C1,8
TTATAGATGCACATTA-1_V12D07-075_C1,8
TTATAGGTAATTGTCT-1_V12D07-075_C1,14
TTATAGTCCAAGGTGC-1_V12D07-075_C1,8
TTATATACGCTGTCAC-1_V12D07-075_C1,2
TTATATTTGGCAATCC-1_V12D07-075_C1,14
TTATCCAATCGAACTC-1_V12D07-075_C1,6
TTATCCGGGATCTATA-1_V12D07-075_C1,14
TTATCTGTATCATAAC-1_V12D07-075_C1,6
TTATGAATGAAAGGGA-1_V12D07-075_C1,14
TTATGACAAACTGGAT-1_V12D07-075_C1,6
TTATGATCTTAACGAA-1_V12D07-075_C1,20
TTATGCGTCCCGGTCC-1_V12D07-075_C1,8
TTATTAGAGCGTGTTC-1_V12D07-075_C1,14
TTATTTAGGTTCCTTA-1_V12D07-075_C1,20
TTCAAAGTCTCTAGCC-1_V12D07-075_C1,20
TTCAACGACCCGACCG-1_V12D07-075_C1,14
TTCAAGCCGAGCTGAG-1_V12D07-075_C1,6
TTCAATACTCTGAATC-1_V12D07-075_C1,2
TTCACGAAAGGATCAC-1_V12D07-075_C1,14
TTCACTCGAGCACCTA-1_V12D07-075_C1,14
TTCACTTCCTAGAACG-1_V12D07-075_C1,14
TTCAGAGTAACCTGAC-1_V12D07-075_C1,4
TTCAGCCCTGGTCCAC-1_V12D07-075_C1,20
TTCAGCTGGCGTGCCC-1_V12D07-075_C1,20
TTCAGTTTGTGGCAGC-1_V12D07-075_C1,14
TTCATAGCCTTGTAAC-1_V12D07-075_C1,14
TTCATAGGGTGTCCAT-1_V12D07-075_C1,20
TTCATGGCGCAACAGG-1_V12D07-075_C1,6
TTCCAATCAGAGCTAG-1_V12D07-075_C1,2
TTCCAATCTGGCTATC-1_V12D07-075_C1,15
TTCCACACAGATTTGA-1_V12D07-075_C1,15
TTCCAGACGAGATTTA-1_V12D07-075_C1,8
TTCCATCATGCGGTGA-1_V12D07-075_C1,8
TTCCATCGACAGCGTG-1_V12D07-075_C1,20
TTCCGCAGAGAAATAT-1_V12D07-075_C1,8
TTCCGCGTGAGGCGAT-1_V12D07-075_C1,20
TTCCGGCCTTGAGGCT-1_V12D07-075_C1,15
TTCCGGCTCGACTTCT-1_V12D07-075_C1,8
TTCCGGTATCTGTGTC-1_V12D07-075_C1,8
TTCCGGTTACCCACTT-1_V12D07-075_C1,20
TTCCTCGAGGGTGTCT-1_V12D07-075_C1,6
TTCGACAGAGCCCGTG-1_V12D07-075_C1,14
TTCGACGGGAAGGGCG-1_V12D07-075_C1,14
TTCGCACTCGCGTGCT-1_V12D07-075_C1,14
TTCGCACTGTACGACA-1_V12D07-075_C1,14
TTCGCATCCGGAAGCA-1_V12D07-075_C1,14
TTCGCGCGCCATACGA-1_V12D07-075_C1,15
TTCGCTAGGAAGTTGT-1_V12D07-075_C1,8
TTCGCTATCTGACGTG-1_V12D07-075_C1,8
TTCGGACTGATGCCTT-1_V12D07-075_C1,8
TTCGGCAACCCGCTGA-1_V12D07-075_C1,8
TTCGGGACTAATCGCG-1_V12D07-075_C1,14
TTCGGGTTGCCACGGG-1_V12D07-075_C1,20
TTCGGTACTGTAGAGG-1_V12D07-075_C1,12
TTCGGTGGAGACGCCC-1_V12D07-075_C1,8
TTCGTAATCCCAGCGG-1_V12D07-075_C1,6
TTCGTTCAACGAAGTT-1_V12D07-075_C1,8
TTCTAACCGAAGCTTA-1_V12D07-075_C1,2
TTCTACCTTTATGTTG-1_V12D07-075_C1,6
TTCTACTTGCGAGGGC-1_V12D07-075_C1,14
TTCTAGAAAGTCTTAT-1_V12D07-075_C1,15
TTCTAGGCCAATTGTG-1_V12D07-075_C1,14
TTCTATGCCTTTCGCA-1_V12D07-075_C1,8
TTCTATTAAACGCAGC-1_V12D07-075_C1,12
TTCTGCCGCGCCTAGA-1_V12D07-075_C1,14
TTCTGCGAGCGCCCTT-1_V12D07-075_C1,11
TTCTGCGGGTTAGCGG-1_V12D07-075_C1,14
TTCTGCTAGACTCCAA-1_V12D07-075_C1,2
TTCTGTTTCCTGTCGC-1_V12D07-075_C1,14
TTCTTAGTGAACGGTG-1_V12D07-075_C1,12
TTCTTAGTGGCTCAGA-1_V12D07-075_C1,6
TTCTTATCCGCTGGGT-1_V12D07-075_C1,20
TTCTTGAGCCGCGCTA-1_V12D07-075_C1,2
TTCTTGGAGTAATGAG-1_V12D07-075_C1,8
TTCTTGTAACCTAATG-1_V12D07-075_C1,14
TTCTTGTGTCCATCAG-1_V12D07-075_C1,14
TTCTTTGGTCGCGACG-1_V12D07-075_C1,8
TTGAAACCCTCATTCC-1_V12D07-075_C1,2
TTGAAAGGTGTAAAGG-1_V12D07-075_C1,8
TTGAACGACGTGCTGA-1_V12D07-075_C1,14
TTGAAGAATTCCCAGG-1_V12D07-075_C1,14
TTGAATATGGACTTTC-1_V12D07-075_C1,20
TTGAATTCACGTGAGG-1_V12D07-075_C1,2
TTGACAGGAGCTCCCG-1_V12D07-075_C1,20
TTGACATGAACGTGGA-1_V12D07-075_C1,15
TTGACCAGGAACAACT-1_V12D07-075_C1,12
TTGACCATGTTCTCCG-1_V12D07-075_C1,8
TTGACCGTGTTAATGA-1_V12D07-075_C1,15
TTGACGCTCCATGAGC-1_V12D07-075_C1,20
TTGACTACCATATGGT-1_V12D07-075_C1,2
TTGACTATTGTCCGGC-1_V12D07-075_C1,20
TTGAGAAGTTTAGCAT-1_V12D07-075_C1,14
TTGAGAGTACTGCTAA-1_V12D07-075_C1,2
TTGAGCAGCCCACGGT-1_V12D07-075_C1,8
TTGAGCGCCACGTGAT-1_V12D07-075_C1,8
TTGAGGCATTTAACTC-1_V12D07-075_C1,8
TTGAGTCCCGCTGCTG-1_V12D07-075_C1,8
TTGATAGTCAATACAT-1_V12D07-075_C1,8
TTGATCTAACTTTGTC-1_V12D07-075_C1,4
TTGATGTGTAGTCCCG-1_V12D07-075_C1,8
TTGATTAGCTGTTTCT-1_V12D07-075_C1,15
TTGATTATGCAGATGA-1_V12D07-075_C1,14
TTGCAAGAAGACTCCT-1_V12D07-075_C1,2
TTGCACAATTCAGAAA-1_V12D07-075_C1,14
TTGCACGGAGCAGCAC-1_V12D07-075_C1,6
TTGCATGCTGATCACG-1_V12D07-075_C1,2
TTGCCAAGCAGAACCC-1_V12D07-075_C1,8
TTGCCCTGATCACGGG-1_V12D07-075_C1,14
TTGCCGCTTTCTAGTA-1_V12D07-075_C1,20
TTGCCGGTGATCCCTC-1_V12D07-075_C1,8
TTGCCTTCTCGCCGGG-1_V12D07-075_C1,21
TTGCGCTCTCTCGCTT-1_V12D07-075_C1,14
TTGCGCTTGATCAATA-1_V12D07-075_C1,20
TTGCGGCATCAGAAAG-1_V12D07-075_C1,15
TTGCGTCGGCCAACCG-1_V12D07-075_C1,15
TTGCGTGAACGCTTAG-1_V12D07-075_C1,8
TTGCGTGTGTAGGCAT-1_V12D07-075_C1,20
TTGCTCCCATACCGGA-1_V12D07-075_C1,4
TTGCTGAAGGAACCAC-1_V12D07-075_C1,6
TTGCTGATCATGTTCG-1_V12D07-075_C1,14
TTGCTGGCCGGGCTTC-1_V12D07-075_C1,6
TTGGACATGTGGCTTA-1_V12D07-075_C1,15
TTGGACCATCTGGCAA-1_V12D07-075_C1,20
TTGGACCTATAACAGT-1_V12D07-075_C1,14
TTGGAGTCTCCCTTCT-1_V12D07-075_C1,6
TTGGATATCGTCTACG-1_V12D07-075_C1,14
TTGGATCGACTTCTGG-1_V12D07-075_C1,6
TTGGATTGGGTACCAC-1_V12D07-075_C1,6
TTGGCCTAGAATTTCG-1_V12D07-075_C1,6
TTGGCGATCCGAATAT-1_V12D07-075_C1,8
TTGGCTCAATATGTGT-1_V12D07-075_C1,20
TTGGCTCGCATGAGAC-1_V12D07-075_C1,14
TTGGGAAGACGAGCCG-1_V12D07-075_C1,20
TTGGGACACTGCCCGC-1_V12D07-075_C1,2
TTGGGACGTAAGAGTT-1_V12D07-075_C1,20
TTGGGCGGCGGTTGCC-1_V12D07-075_C1,14
TTGGTATGGCTTGTGT-1_V12D07-075_C1,8
TTGGTCACACTCGTAA-1_V12D07-075_C1,2
TTGGTTCGCTCAAAGG-1_V12D07-075_C1,8
TTGTAAGGACCTAAGT-1_V12D07-075_C1,15
TTGTAAGGCCAGTTGG-1_V12D07-075_C1,2
TTGTAATCCGTACTCG-1_V12D07-075_C1,14
TTGTATCACACAGAAT-1_V12D07-075_C1,6
TTGTCGTTCAGTTACC-1_V12D07-075_C1,6
TTGTGAACCTAATCCG-1_V12D07-075_C1,20
TTGTGATCTGTTCAGT-1_V12D07-075_C1,20
TTGTGCAGCCACGTCA-1_V12D07-075_C1,9
TTGTGGCCCTGACAGT-1_V12D07-075_C1,6
TTGTGGTGGTACTAAG-1_V12D07-075_C1,20
TTGTGTATGCCACCAA-1_V12D07-075_C1,4
TTGTGTTTCCCGAAAG-1_V12D07-075_C1,14
TTGTTAGCAAATTCGA-1_V12D07-075_C1,4
TTGTTCAGTGTGCTAC-1_V12D07-075_C1,14
TTGTTCTAGATACGCT-1_V12D07-075_C1,14
TTGTTGTGTGTCAAGA-1_V12D07-075_C1,14
TTGTTTCACATCCAGG-1_V12D07-075_C1,15
TTGTTTCCATACAACT-1_V12D07-075_C1,15
TTGTTTGTGTAAATTC-1_V12D07-075_C1,6
AAACAAGTATCTCCCA-1_V13B23-285_A1,10
AAACAATCTACTAGCA-1_V13B23-285_A1,3
AAACACCAATAACTGC-1_V13B23-285_A1,11
AAACAGAGCGACTCCT-1_V13B23-285_A1,14
AAACAGCTTTCAGAAG-1_V13B23-285_A1,11
AAACAGGGTCTATATT-1_V13B23-285_A1,11
AAACATTTCCCGGATT-1_V13B23-285_A1,18
AAACCCGAACGAAATC-1_V13B23-285_A1,4
AAACCGGGTAGGTACC-1_V13B23-285_A1,11
AAACCGTTCGTCCAGG-1_V13B23-285_A1,11
AAACCTAAGCAGCCGG-1_V13B23-285_A1,1
AAACCTCATGAAGTTG-1_V13B23-285_A1,11
AAACGAAGAACATACC-1_V13B23-285_A1,9
AAACGAAGATGGAGTA-1_V13B23-285_A1,19
AAACGAGACGGTTGAT-1_V13B23-285_A1,19
AAACGGGCGTACGGGT-1_V13B23-285_A1,5
AAACGGGTTGGTATCC-1_V13B23-285_A1,2
AAACGGTTGCGAACTG-1_V13B23-285_A1,19
AAACTCGGTTCGCAAT-1_V13B23-285_A1,17
AAACTCGTGATATAAG-1_V13B23-285_A1,14
AAACTGCTGGCTCCAA-1_V13B23-285_A1,11
AAACTTGCAAACGTAT-1_V13B23-285_A1,11
AAAGAATGTGGACTAA-1_V13B23-285_A1,17
AAAGACCCAAGTCGCG-1_V13B23-285_A1,21
AAAGACTGGGCGCTTT-1_V13B23-285_A1,19
AAAGCTTGCCTACATA-1_V13B23-285_A1,5
AAAGGCTACGGACCAT-1_V13B23-285_A1,17
AAAGGCTCTCGCGCCG-1_V13B23-285_A1,19
AAAGGGATGTAGCAAG-1_V13B23-285_A1,11
AAAGGGCAGCTTGAAT-1_V13B23-285_A1,19
AAAGTAGCATTGCTCA-1_V13B23-285_A1,11
AAAGTCACTGATGTAA-1_V13B23-285_A1,13
AAAGTCGACCCTCAGT-1_V13B23-285_A1,11
AAAGTGTGATTTATCT-1_V13B23-285_A1,1
AAAGTTGACTCCCGTA-1_V13B23-285_A1,16
AAATAACCATACGGGA-1_V13B23-285_A1,14
AAATAAGGTAGTGCCC-1_V13B23-285_A1,5
AAATACCTATAAGCAT-1_V13B23-285_A1,11
AAATAGCTTAGACTTT-1_V13B23-285_A1,7
AAATAGGGTGCTATTG-1_V13B23-285_A1,1
AAATCCGATACACGCC-1_V13B23-285_A1,18
AAATCGCGGAAGGAGT-1_V13B23-285_A1,19
AAATCGTGTACCACAA-1_V13B23-285_A1,11
AAATCTAGCCCTGCTA-1_V13B23-285_A1,10
AAATGATTCGATCAGC-1_V13B23-285_A1,14
AAATGCTCGTTACGTT-1_V13B23-285_A1,3
AAATGGCATGTCTTGT-1_V13B23-285_A1,3
AAATGGCCCGTGCCCT-1_V13B23-285_A1,11
AAATGGTCAATGTGCC-1_V13B23-285_A1,12
AAATGTATCTTATCCC-1_V13B23-285_A1,19
AAATGTGGGTGCTCCT-1_V13B23-285_A1,9
AAATTAACGGGTAGCT-1_V13B23-285_A1,11
AAATTAATAAGCGCGA-1_V13B23-285_A1,11
AAATTACACGACTCTG-1_V13B23-285_A1,14
AAATTACCTATCGATG-1_V13B23-285_A1,5
AAATTCCAGGTCCAAA-1_V13B23-285_A1,5
AAATTGATAGTCCTTT-1_V13B23-285_A1,11
AAATTGCGGCGGTTCT-1_V13B23-285_A1,3
AAATTTGCGGGTGTGG-1_V13B23-285_A1,11
AACAACTGGTAGTTGC-1_V13B23-285_A1,11
AACAATACATTGTCGA-1_V13B23-285_A1,11
AACAATTACTCTACGC-1_V13B23-285_A1,19
AACACACGCTCGCCGC-1_V13B23-285_A1,13
AACACGACTGTACTGA-1_V13B23-285_A1,7
AACACGAGACGCGGCC-1_V13B23-285_A1,8
AACACGCGGCCGCGAA-1_V13B23-285_A1,3
AACAGCTGTGTGGCAA-1_V13B23-285_A1,17
AACAGGAAATCGAATA-1_V13B23-285_A1,17
AACAGGATGGGCCGCG-1_V13B23-285_A1,11
AACAGGTAGTATGGAT-1_V13B23-285_A1,10
AACATATCAACTGGTG-1_V13B23-285_A1,17
AACATTGGTCAGCCGT-1_V13B23-285_A1,2
AACATTGTGACTCGAG-1_V13B23-285_A1,19
AACCAAGACTTCTCTG-1_V13B23-285_A1,11
AACCATGGGATCGCTA-1_V13B23-285_A1,3
AACCCAGAGACGGAGA-1_V13B23-285_A1,3
AACCCATCCCATGATC-1_V13B23-285_A1,5
AACCCGAGCAGAATCG-1_V13B23-285_A1,1
AACCCTACTGTCAATA-1_V13B23-285_A1,17
AACCCTGGTGGAACCA-1_V13B23-285_A1,6
AACCGAGCTTGGTCAT-1_V13B23-285_A1,11
AACCGCTAAGGGATGC-1_V13B23-285_A1,16
AACCGTTGTGTTTGCT-1_V13B23-285_A1,14
AACCTCGCTTTAGCCC-1_V13B23-285_A1,1
AACCTGTCACGGAATT-1_V13B23-285_A1,16
AACCTTTAAATACGGT-1_V13B23-285_A1,10
AACCTTTACGACGTCT-1_V13B23-285_A1,7
AACGAAAGTCGTCCCA-1_V13B23-285_A1,18
AACGATAATGCCGTAG-1_V13B23-285_A1,1
AACGATAGAAGGGCCG-1_V13B23-285_A1,16
AACGATATGTCAACTG-1_V13B23-285_A1,19
AACGCATGATCTGGGT-1_V13B23-285_A1,14
AACGCGAACGGCAACA-1_V13B23-285_A1,3
AACGCGACCTTGGGCG-1_V13B23-285_A1,19
AACGCGGTCTCCAGCC-1_V13B23-285_A1,11
AACGCTGTTGCTGAAA-1_V13B23-285_A1,17
AACGGACGTACGTATA-1_V13B23-285_A1,13
AACGGCCATCTCCGGT-1_V13B23-285_A1,11
AACGTACTGTGGGTAC-1_V13B23-285_A1,11
AACGTAGTCTACCCAT-1_V13B23-285_A1,3
AACGTCAGACTAGTGG-1_V13B23-285_A1,11
AACGTCGCTGCACTTC-1_V13B23-285_A1,12
AACGTGATGAAGGACA-1_V13B23-285_A1,9
AACGTGCGAAAGTCTC-1_V13B23-285_A1,11
AACGTTATCAGCACCT-1_V13B23-285_A1,19
AACTACCCGTTTGTCA-1_V13B23-285_A1,10
AACTAGCGTATCGCAC-1_V13B23-285_A1,17
AACTAGGCTTGGGTGT-1_V13B23-285_A1,19
AACTCAAGTTAATTGC-1_V13B23-285_A1,11
AACTCCAGAGCGTGTT-1_V13B23-285_A1,7
AACTCCTAATCCCATG-1_V13B23-285_A1,9
AACTCGATAAACACGT-1_V13B23-285_A1,12
AACTCGATGGCGCAGT-1_V13B23-285_A1,3
AACTCTCAATAGAGCG-1_V13B23-285_A1,16
AACTCTCAGTGTGCTC-1_V13B23-285_A1,11
AACTGATATTAGGCCT-1_V13B23-285_A1,17
AACTGGGTCCCGACGT-1_V13B23-285_A1,11
AACTGGTGTGGGCCTT-1_V13B23-285_A1,17
AACTTCTGCGTCTATC-1_V13B23-285_A1,4
AACTTGCCCGTATGCA-1_V13B23-285_A1,19
AACTTGCGTTCTCGCG-1_V13B23-285_A1,3
AACTTTACGGGAGCTT-1_V13B23-285_A1,19
AACTTTAGCTGCTGAG-1_V13B23-285_A1,17
AAGAAGGATCAGTTAG-1_V13B23-285_A1,3
AAGACATACGTGGTTT-1_V13B23-285_A1,21
AAGACCCAACTGAACA-1_V13B23-285_A1,17
AAGACTAACCCGTTGT-1_V13B23-285_A1,16
AAGACTGCAAGCTACT-1_V13B23-285_A1,11
AAGAGATGAATCGGTA-1_V13B23-285_A1,19
AAGAGCTCTTTATCGG-1_V13B23-285_A1,19
AAGAGGATGTACGCGA-1_V13B23-285_A1,12
AAGAGGCATGGATCGC-1_V13B23-285_A1,19
AAGAGGCCCTTTGGAA-1_V13B23-285_A1,16
AAGATGGCACCGGACC-1_V13B23-285_A1,11
AAGATTGGCGGAACGT-1_V13B23-285_A1,19
AAGCACCCTGCGTATC-1_V13B23-285_A1,1
AAGCATACTCTCCTGA-1_V13B23-285_A1,10
AAGCCGAAGCGGTTTA-1_V13B23-285_A1,10
AAGCCGCCGTGAAATC-1_V13B23-285_A1,12
AAGCGCAGGGCTTTGA-1_V13B23-285_A1,18
AAGCGTCCCTCATCGA-1_V13B23-285_A1,17
AAGCTAGATCGAGTAA-1_V13B23-285_A1,11
AAGCTCGTGCCAAGTC-1_V13B23-285_A1,11
AAGCTCTTTCATGGTG-1_V13B23-285_A1,21
AAGGAGAACTTATAAG-1_V13B23-285_A1,4
AAGGAGCGGTTGGTGC-1_V13B23-285_A1,8
AAGGATCGATCGCTTG-1_V13B23-285_A1,17
AAGGATGAGGGACCTC-1_V13B23-285_A1,5
AAGGCAGGCTGTCTCC-1_V13B23-285_A1,10
AAGGCGCGTAAAGCTT-1_V13B23-285_A1,11
AAGGCTGTGCTCATCG-1_V13B23-285_A1,11
AAGGGAACGACTGGCT-1_V13B23-285_A1,17
AAGGGACAGATTCTGT-1_V13B23-285_A1,6
AAGGGACTATGCATTC-1_V13B23-285_A1,10
AAGGGTTTGATTTCAG-1_V13B23-285_A1,19
AAGGTATCCTAATATA-1_V13B23-285_A1,19
AAGGTGATAAACCAGC-1_V13B23-285_A1,10
AAGTAAGCTTCCAAAC-1_V13B23-285_A1,3
AAGTAGAAGACCGGGT-1_V13B23-285_A1,11
AAGTAGTGACGCGAGG-1_V13B23-285_A1,11
AAGTCAATTGTCGTCA-1_V13B23-285_A1,13
AAGTCTTCTGTGGCCT-1_V13B23-285_A1,11
AAGTGACGACCGAATT-1_V13B23-285_A1,11
AAGTGAGTCGGGTTTA-1_V13B23-285_A1,17
AAGTGCAAAGGTAGAC-1_V13B23-285_A1,19
AAGTGCCTTGACTGTA-1_V13B23-285_A1,10
AAGTGCGTTAGAATCT-1_V13B23-285_A1,11
AAGTGTTTGGAGACGG-1_V13B23-285_A1,17
AAGTTCACTCCAAGCT-1_V13B23-285_A1,7
AAGTTCAGTCTGCGTA-1_V13B23-285_A1,9
AAGTTCGGCCAACAGG-1_V13B23-285_A1,11
AAGTTGTGATGTTATA-1_V13B23-285_A1,17
AAGTTTACTAATGGCA-1_V13B23-285_A1,2
AAGTTTATGGGCCCAA-1_V13B23-285_A1,21
AATAACAACGCTCGGC-1_V13B23-285_A1,11
AATAACACTAGAACAA-1_V13B23-285_A1,11
AATAAGTCCTCGAGAC-1_V13B23-285_A1,9
AATAATCTTCGTATCG-1_V13B23-285_A1,1
AATACAATGTTTCAGG-1_V13B23-285_A1,19
AATAGAACAGAGTGGC-1_V13B23-285_A1,11
AATAGAATCTGTTTCA-1_V13B23-285_A1,19
AATAGCTACCGCGTGC-1_V13B23-285_A1,9
AATAGTCCGTCCCGAC-1_V13B23-285_A1,19
AATAGTCGCGAGTCGG-1_V13B23-285_A1,19
AATATCAAGGTCGGAT-1_V13B23-285_A1,3
AATATCCTAGCAAACT-1_V13B23-285_A1,11
AATATCGAATCAATGC-1_V13B23-285_A1,10
AATATCGAGGGTTCTC-1_V13B23-285_A1,1
AATATTGGAGTATTGA-1_V13B23-285_A1,11
AATCAGACTGCAGGAC-1_V13B23-285_A1,18
AATCATGTAAAGACTC-1_V13B23-285_A1,10
AATCCAAGGGCCTGAG-1_V13B23-285_A1,1
AATCCATGCAAGGGTG-1_V13B23-285_A1,3
AATCGCCTCAGCGCCA-1_V13B23-285_A1,19
AATCGCGCAGAGGACT-1_V13B23-285_A1,10
AATCGGGACACTACGA-1_V13B23-285_A1,21
AATCGGTATAGCCCTC-1_V13B23-285_A1,17
AATCGTGAGCCGAGCA-1_V13B23-285_A1,17
AATCTAGGTTTACTTG-1_V13B23-285_A1,11
AATCTATGCCGGAGCC-1_V13B23-285_A1,3
AATCTCTACTGTGGTT-1_V13B23-285_A1,11
AATCTGCGTTGGGACG-1_V13B23-285_A1,16
AATCTGGCTTTCTAGT-1_V13B23-285_A1,11
AATGACAGCAATGTCT-1_V13B23-285_A1,11
AATGACGTAGGATGTC-1_V13B23-285_A1,19
AATGACTGTCAGCCGG-1_V13B23-285_A1,11
AATGAGTTCGCATATG-1_V13B23-285_A1,3
AATGATGATACGCTAT-1_V13B23-285_A1,10
AATGATGCGACTCCTG-1_V13B23-285_A1,18
AATGCAACCGGGTACC-1_V13B23-285_A1,11
AATGCACCAAGCAATG-1_V13B23-285_A1,7
AATGGTCCACCGTTCA-1_V13B23-285_A1,19
AATGGTTCTCACAAGC-1_V13B23-285_A1,21
AATGTGCCCGAGGTGT-1_V13B23-285_A1,17
AATGTTGTCGTGAGAC-1_V13B23-285_A1,13
AATTAAAGGTCGGCGT-1_V13B23-285_A1,11
AATTAACGGATTTCCA-1_V13B23-285_A1,19
AATTACGAGACCCATC-1_V13B23-285_A1,19
AATTACTCGTACGCTC-1_V13B23-285_A1,3
AATTAGCGCTGCAGCG-1_V13B23-285_A1,11
AATTCATAAGGGATCT-1_V13B23-285_A1,6
AATTCCAAGCATGTAC-1_V13B23-285_A1,16
AATTCGATTCGAGGAT-1_V13B23-285_A1,16
AATTCTAGAGTTAGGC-1_V13B23-285_A1,12
AATTGAACGCTCTGGT-1_V13B23-285_A1,19
AATTGCAGCAATCGAC-1_V13B23-285_A1,7
AATTGTGGTTGCCAAA-1_V13B23-285_A1,7
AATTTGGGACATAGTA-1_V13B23-285_A1,14
AATTTGGTTCCAAAGA-1_V13B23-285_A1,15
ACAAAGAAGGTAGGCC-1_V13B23-285_A1,11
ACAAAGCATGACCTAG-1_V13B23-285_A1,10
ACAAATCGCACCGAAT-1_V13B23-285_A1,4
ACAAATGGTAGTGTTT-1_V13B23-285_A1,19
ACAACAGCATGAGCTA-1_V13B23-285_A1,12
ACAACGGTCCCTGCGA-1_V13B23-285_A1,19
ACAAGCAGTGCCTAGC-1_V13B23-285_A1,19
ACAAGCTATATGGAAG-1_V13B23-285_A1,11
ACAAGGAAATCCGCCC-1_V13B23-285_A1,5
ACAAGGACAAGAGGTT-1_V13B23-285_A1,11
ACAAGGATGCTTTAGG-1_V13B23-285_A1,2
ACAAGGGCAGGCTCTG-1_V13B23-285_A1,19
ACAATAGTCGTACGTT-1_V13B23-285_A1,11
ACAATCCATTTAAACC-1_V13B23-285_A1,11
ACAATGAATACGGAGA-1_V13B23-285_A1,17
ACAATTGTGTCTCTTT-1_V13B23-285_A1,13
ACAATTTAGGAGGCTC-1_V13B23-285_A1,19
ACAATTTGAGCAGTGG-1_V13B23-285_A1,19
ACAATTTGGCCATATT-1_V13B23-285_A1,5
ACACAAAGACGGGTGG-1_V13B23-285_A1,11
ACACACCAGGACCAGT-1_V13B23-285_A1,10
ACACACTTTCTACACG-1_V13B23-285_A1,13
ACACATGATCAAATCT-1_V13B23-285_A1,21
ACACATTGACGCAACA-1_V13B23-285_A1,15
ACACCACATAATTAGC-1_V13B23-285_A1,5
ACACCCAGCATGCAGC-1_V13B23-285_A1,8
ACACCCGAGAAATCCG-1_V13B23-285_A1,17
ACACCGAGCGCTCTTT-1_V13B23-285_A1,17
ACACCTTAAGTAGGGC-1_V13B23-285_A1,11
ACACCTTACTACTTGC-1_V13B23-285_A1,10
ACACGAGACTCCTTCT-1_V13B23-285_A1,11
ACACGGCACTATGCAT-1_V13B23-285_A1,9
ACACGGGAACTTAGGG-1_V13B23-285_A1,11
ACACGTAGGCCACAAG-1_V13B23-285_A1,13
ACACTCCAATGTCACT-1_V13B23-285_A1,3
ACACTGATCAAGGTGT-1_V13B23-285_A1,11
ACACTGGGACAGTCGT-1_V13B23-285_A1,18
ACAGAACTGAGAACAA-1_V13B23-285_A1,11
ACAGATTAGGTTAGTG-1_V13B23-285_A1,14
ACAGCATAGAGCCAGT-1_V13B23-285_A1,1
ACAGCGACATTCTCAT-1_V13B23-285_A1,17
ACAGCGCACCCGCAGC-1_V13B23-285_A1,9
ACAGGCACGGATCCTT-1_V13B23-285_A1,7
ACAGGCTTGCCCGACT-1_V13B23-285_A1,17
ACAGGTGGAGGTGAGG-1_V13B23-285_A1,6
ACAGGTGTGTTGTTGC-1_V13B23-285_A1,11
ACAGTAATACAACTTG-1_V13B23-285_A1,11
ACATAAGTCGTGGTGA-1_V13B23-285_A1,7
ACATAATAAGGCGGTG-1_V13B23-285_A1,11
ACATCAGCTGGGACGC-1_V13B23-285_A1,11
ACATCCCGGCCATACG-1_V13B23-285_A1,19
ACATCCTGGTAACTGT-1_V13B23-285_A1,10
ACATCGATCGTTTACC-1_V13B23-285_A1,11
ACATCGGTCAGCCGCG-1_V13B23-285_A1,11
ACATCGTATGCAATGG-1_V13B23-285_A1,19
ACATCGTTAACCTAGT-1_V13B23-285_A1,9
ACATGGCGCCAAAGTA-1_V13B23-285_A1,10
ACATGGCTCAATTTAG-1_V13B23-285_A1,13
ACATTAGTTTATATCC-1_V13B23-285_A1,11
ACCAACACCACACACT-1_V13B23-285_A1,9
ACCAACCGCACTCCAC-1_V13B23-285_A1,10
ACCAACGCTTATTTAT-1_V13B23-285_A1,11
ACCAAGAACGCGTGTC-1_V13B23-285_A1,17
ACCAAGTCATCGGCAG-1_V13B23-285_A1,1
ACCAATATGCAAGTTA-1_V13B23-285_A1,10
ACCACAAGTTTCTATC-1_V13B23-285_A1,11
ACCACCAATGTAACAA-1_V13B23-285_A1,10
ACCACCCTCTCTTCTA-1_V13B23-285_A1,14
ACCACGTGCAGCTATA-1_V13B23-285_A1,4
ACCACTGTTCAAGAAG-1_V13B23-285_A1,15
ACCAGACCATAACAAC-1_V13B23-285_A1,11
ACCAGGAGTGTGATCT-1_V13B23-285_A1,14
ACCAGTGCGGGAGACG-1_V13B23-285_A1,1
ACCATATCCGCAATAA-1_V13B23-285_A1,11
ACCATCCGCCAACTAG-1_V13B23-285_A1,11
ACCATCGTATATGGTA-1_V13B23-285_A1,8
ACCATTAAGGGTGTCA-1_V13B23-285_A1,1
ACCCAACGCCCGTGGC-1_V13B23-285_A1,11
ACCCACCTACATGCTC-1_V13B23-285_A1,19
ACCCATCTTGAGGGTA-1_V13B23-285_A1,11
ACCCATTTGTCCCTCT-1_V13B23-285_A1,16
ACCCGAGCGAAATTAC-1_V13B23-285_A1,11
ACCCGGAAACTCCCAG-1_V13B23-285_A1,19
ACCCGGATGACGCATC-1_V13B23-285_A1,17
ACCCGGTTACACTTCC-1_V13B23-285_A1,11
ACCCGTGTCATCAGTA-1_V13B23-285_A1,10
ACCCTATAGGACTGAG-1_V13B23-285_A1,3
ACCCTATGCCATATCG-1_V13B23-285_A1,11
ACCCTCCCGTCAGGGC-1_V13B23-285_A1,16
ACCCTCCCTTGCTATT-1_V13B23-285_A1,8
ACCCTGGTAACGCCCT-1_V13B23-285_A1,14
ACCCTTCATCTGCGAA-1_V13B23-285_A1,16
ACCGAAAGGGCCCTGC-1_V13B23-285_A1,4
ACCGAAGAGTCTGGTT-1_V13B23-285_A1,19
ACCGACACATCTCCCA-1_V13B23-285_A1,19
ACCGACTGAGTCCCAC-1_V13B23-285_A1,11
ACCGAGTCTCCTTATT-1_V13B23-285_A1,17
ACCGATAGGCATAACC-1_V13B23-285_A1,1
ACCGATATTTAATCAT-1_V13B23-285_A1,16
ACCGATGGTAGCATCG-1_V13B23-285_A1,11
ACCGCAATAACTGCCT-1_V13B23-285_A1,17
ACCGCGGTGGAAGTCG-1_V13B23-285_A1,10
ACCGGGCCTTTGTTGA-1_V13B23-285_A1,1
ACCGGTCAGGTACACC-1_V13B23-285_A1,8
ACCGTGACCACGTGGG-1_V13B23-285_A1,11
ACCGTTCCCGCTCTGA-1_V13B23-285_A1,9
ACCTAAGTACCTTTCA-1_V13B23-285_A1,11
ACCTAATCGACTTCCT-1_V13B23-285_A1,11
ACCTACAGTATGTGGT-1_V13B23-285_A1,10
ACCTACTATAAATCTA-1_V13B23-285_A1,19
ACCTCCGCCCTCGCTG-1_V13B23-285_A1,17
ACCTCCGTTATTCACC-1_V13B23-285_A1,5
ACCTGCGTGTCATGTT-1_V13B23-285_A1,11
ACGAAATGGGCGGCAC-1_V13B23-285_A1,11
ACGACTGGTCATACTC-1_V13B23-285_A1,13
ACGAGAACCCATCACG-1_V13B23-285_A1,3
ACGAGATATTTGCTTA-1_V13B23-285_A1,9
ACGAGGATACCACTCT-1_V13B23-285_A1,11
ACGAGGTTTACAACGT-1_V13B23-285_A1,13
ACGAGTACGGATGCCC-1_V13B23-285_A1,1
ACGATACATAGAACTA-1_V13B23-285_A1,19
ACGATACCTATCCTGA-1_V13B23-285_A1,11
ACGATCATACATAGAG-1_V13B23-285_A1,11
ACGATCATCTTGTAAA-1_V13B23-285_A1,10
ACGATGCATATGTTAT-1_V13B23-285_A1,11
ACGATGGATCCGATGC-1_V13B23-285_A1,12
ACGCAAACTAATAGAT-1_V13B23-285_A1,19
ACGCAATCACTACAGC-1_V13B23-285_A1,17
ACGCATACGTTTACTA-1_V13B23-285_A1,10
ACGCATTCGTGAGTAC-1_V13B23-285_A1,11
ACGCCAGATGATTTCT-1_V13B23-285_A1,1
ACGCCGCTAGACGACC-1_V13B23-285_A1,8
ACGCGAAGTCAGACGA-1_V13B23-285_A1,11
ACGCGCTACACAGGGT-1_V13B23-285_A1,11
ACGCGGGCCAAGGACA-1_V13B23-285_A1,11
ACGCGTTTCTTAAGAG-1_V13B23-285_A1,19
ACGCTAGTGATACACT-1_V13B23-285_A1,10
ACGCTGTGAGGCGTAG-1_V13B23-285_A1,11
ACGGAATTTAGCAAAT-1_V13B23-285_A1,3
ACGGACTCTCAAAGCG-1_V13B23-285_A1,16
ACGGATGGTGCGGATA-1_V13B23-285_A1,7
ACGGCACTTGCTTGGG-1_V13B23-285_A1,11
ACGGCCAACATGGACT-1_V13B23-285_A1,11
ACGGCGACGATGGGAA-1_V13B23-285_A1,10
ACGGCGGGTTGCCCTG-1_V13B23-285_A1,3
ACGGCTGGATGTAGAA-1_V13B23-285_A1,19
ACGGGAGTGTCGGCCC-1_V13B23-285_A1,11
ACGGGCGTATGCGACA-1_V13B23-285_A1,5
ACGGGTCATGTGACTT-1_V13B23-285_A1,13
ACGGTACAGTTCAATG-1_V13B23-285_A1,12
ACGTACAGATTTCTCT-1_V13B23-285_A1,15
ACGTAGATTGCTGATG-1_V13B23-285_A1,11
ACGTAGGAGAGTCGCT-1_V13B23-285_A1,1
ACGTATTACTCCGATC-1_V13B23-285_A1,16
ACGTCTCGTTCCGGGA-1_V13B23-285_A1,11
ACGTGACAAAGTAAGT-1_V13B23-285_A1,19
ACGTGCGCCTCGTGCA-1_V13B23-285_A1,17
ACGTTAATGTCGAAGA-1_V13B23-285_A1,11
ACGTTAGATTTGCCCG-1_V13B23-285_A1,11
ACGTTATTGGTCACTC-1_V13B23-285_A1,17
ACGTTCCGCGCTCCGT-1_V13B23-285_A1,20
ACGTTCGCAATCAATT-1_V13B23-285_A1,5
ACGTTCGTTCAGGAAA-1_V13B23-285_A1,16
ACGTTCTGTACAAGTC-1_V13B23-285_A1,10
ACGTTTAGTTGTGATC-1_V13B23-285_A1,21
ACTACATCCCGACAAG-1_V13B23-285_A1,20
ACTACCAGCTCTCTGG-1_V13B23-285_A1,11
ACTACGCGTTAGAATT-1_V13B23-285_A1,17
ACTAGTTGCGATCGTC-1_V13B23-285_A1,1
ACTATCCAGGGCATGG-1_V13B23-285_A1,7
ACTATCGCCGGCTAAA-1_V13B23-285_A1,21
ACTATCTGCCCGCGTA-1_V13B23-285_A1,16
ACTATGTCCAGCTGCC-1_V13B23-285_A1,17
ACTATTCGTCCGTGGT-1_V13B23-285_A1,16
ACTATTTCCGGGCCCA-1_V13B23-285_A1,11
ACTCAACGAATGTATT-1_V13B23-285_A1,3
ACTCAAGTGCAAGGCT-1_V13B23-285_A1,13
ACTCAATAAAGGCACG-1_V13B23-285_A1,11
ACTCAGACCTGCTTCT-1_V13B23-285_A1,3
ACTCCAATATCATCAT-1_V13B23-285_A1,21
ACTCCCATTCCTAAAG-1_V13B23-285_A1,11
ACTCCCGAATTCGTTT-1_V13B23-285_A1,16
ACTCCCTAATGCTAAA-1_V13B23-285_A1,10
ACTCCCTAGAATAGTA-1_V13B23-285_A1,17
ACTCCGGCCGACCACT-1_V13B23-285_A1,17
ACTCGATGTATTTCAT-1_V13B23-285_A1,19
ACTCGCCGTTCGATAA-1_V13B23-285_A1,1
ACTCGCGATCTGACGC-1_V13B23-285_A1,2
ACTCGTAACCCGTCCT-1_V13B23-285_A1,11
ACTCGTCAGTAATCCC-1_V13B23-285_A1,19
ACTCTAAACCTGGGAT-1_V13B23-285_A1,19
ACTCTCTGACTTAGGT-1_V13B23-285_A1,19
ACTCTCTTATACACGA-1_V13B23-285_A1,9
ACTCTGACCTAATAGA-1_V13B23-285_A1,18
ACTCTTGTATAGTAAC-1_V13B23-285_A1,11
ACTGAAACGCCGTTAG-1_V13B23-285_A1,10
ACTGAATGGCGAAAGT-1_V13B23-285_A1,19
ACTGCCGTCGTAACTC-1_V13B23-285_A1,16
ACTGCGGACACACCGT-1_V13B23-285_A1,16
ACTGCTCGGAAGGATG-1_V13B23-285_A1,19
ACTGTACGATACACAT-1_V13B23-285_A1,12
ACTGTAGCACTTTGGA-1_V13B23-285_A1,11
ACTGTATACGCGAGCA-1_V13B23-285_A1,3
ACTGTCCAGGATTATA-1_V13B23-285_A1,11
ACTGTCTTCTTTAGAA-1_V13B23-285_A1,11
ACTGTGCTAGTAGATC-1_V13B23-285_A1,3
ACTGTTTAGTGTAGGC-1_V13B23-285_A1,15
ACTTACGCATCCACGC-1_V13B23-285_A1,16
ACTTAGTACGACAAGA-1_V13B23-285_A1,3
ACTTATACTTACCCGG-1_V13B23-285_A1,10
ACTTATCTGATCTATA-1_V13B23-285_A1,3
ACTTATTAGGATCGGT-1_V13B23-285_A1,11
ACTTATTTATGTGCCA-1_V13B23-285_A1,10
ACTTCAGGCTGATCCC-1_V13B23-285_A1,17
ACTTCCAGTGGAAGCT-1_V13B23-285_A1,19
ACTTCCATGCGGGACA-1_V13B23-285_A1,7
ACTTCGCCATACGCAC-1_V13B23-285_A1,19
ACTTGACTCCCTCTTT-1_V13B23-285_A1,11
ACTTGCCATATTGTAC-1_V13B23-285_A1,14
ACTTGGGACCCGGTGG-1_V13B23-285_A1,11
ACTTGTAGTCCCTTCA-1_V13B23-285_A1,11
ACTTGTGGATGGAACG-1_V13B23-285_A1,1
ACTTTACCCTCATGAA-1_V13B23-285_A1,10
ACTTTCCTATAGCTTC-1_V13B23-285_A1,11
ACTTTGACTGCATCCT-1_V13B23-285_A1,11
ACTTTGGTCGTGCTCC-1_V13B23-285_A1,19
ACTTTGTCGACGCACT-1_V13B23-285_A1,21
AGAAATTATGACTCGC-1_V13B23-285_A1,13
AGAACCCAGCGTGACA-1_V13B23-285_A1,5
AGAACCCTCAATTGGG-1_V13B23-285_A1,19
AGAACGTGGTACATTC-1_V13B23-285_A1,11
AGAAGAGCGCCGTTCC-1_V13B23-285_A1,16
AGAAGGTACACTTCAC-1_V13B23-285_A1,8
AGAAGGTTGCCGAATT-1_V13B23-285_A1,8
AGAAGGTTGTAGGTCG-1_V13B23-285_A1,13
AGAAGTGATTCGTGAT-1_V13B23-285_A1,11
AGAATAAATCTTCAGG-1_V13B23-285_A1,11
AGAATTATGGATTCGA-1_V13B23-285_A1,17
AGAATTGTTTGACATA-1_V13B23-285_A1,3
AGACAGCTCAGAATCC-1_V13B23-285_A1,19
AGACATAGATCCTTCC-1_V13B23-285_A1,17
AGACCAAACCACACCT-1_V13B23-285_A1,11
AGACCATGGGATACAA-1_V13B23-285_A1,19
AGACCCACCGCTGATC-1_V13B23-285_A1,8
AGACCCGCCCTCCTCG-1_V13B23-285_A1,11
AGACCGCTCCGCGGTT-1_V13B23-285_A1,1
AGACGAAGTGCCGGTC-1_V13B23-285_A1,16
AGACGACGATGCCGCT-1_V13B23-285_A1,17
AGACGCCCACTTCGCC-1_V13B23-285_A1,21
AGACTAGCCTTCCAGA-1_V13B23-285_A1,11
AGACTGTTACCGGGTC-1_V13B23-285_A1,19
AGAGAACCGTCTAGGA-1_V13B23-285_A1,6
AGAGAAGGAGTACAAT-1_V13B23-285_A1,17
AGAGATCTCTAAAGCG-1_V13B23-285_A1,11
AGAGCAGTTATGAGAC-1_V13B23-285_A1,19
AGAGCCGCCGAGATTT-1_V13B23-285_A1,10
AGAGCGGGCTAATCAT-1_V13B23-285_A1,17
AGAGCGTACAAGCTCG-1_V13B23-285_A1,19
AGAGCTACGAAAGCAT-1_V13B23-285_A1,13
AGAGGCTTCGGAAACC-1_V13B23-285_A1,10
AGAGGTATCTCGGTCC-1_V13B23-285_A1,14
AGAGTAAACTTCACTA-1_V13B23-285_A1,10
AGAGTATAGTGTTACG-1_V13B23-285_A1,18
AGATAACTTCAGGGCC-1_V13B23-285_A1,11
AGATACCAATAGAACC-1_V13B23-285_A1,1
AGATACCGGTGTTCAC-1_V13B23-285_A1,11
AGATACGACTTCATAT-1_V13B23-285_A1,3
AGATACTCAAGATCGA-1_V13B23-285_A1,19
AGATATAATACGACTA-1_V13B23-285_A1,7
AGATCGTGCATAAGAT-1_V13B23-285_A1,10
AGATCTCAGGTGTGAT-1_V13B23-285_A1,7
AGATGACTCGCCCACG-1_V13B23-285_A1,11
AGATGAGGGTTGCGAT-1_V13B23-285_A1,9
AGATGATGGAGTCTGG-1_V13B23-285_A1,21
AGATGCAAGACGTGCA-1_V13B23-285_A1,11
AGATGCATCCTGTGTC-1_V13B23-285_A1,11
AGATGCTATAACGAGC-1_V13B23-285_A1,15
AGATTATAGGACGTTT-1_V13B23-285_A1,11
AGATTCACAACCGATA-1_V13B23-285_A1,19
AGCAAAGGCCGCTAGT-1_V13B23-285_A1,19
AGCAACATATCTTATT-1_V13B23-285_A1,7
AGCAACCGAAAGTAAT-1_V13B23-285_A1,11
AGCACCAGTACTCACG-1_V13B23-285_A1,11
AGCACTACCGGCCTGT-1_V13B23-285_A1,11
AGCACTACCTCACCAG-1_V13B23-285_A1,16
AGCACTTAAGGACGCC-1_V13B23-285_A1,11
AGCAGAAGGAGAAAGA-1_V13B23-285_A1,17
AGCAGCCAGATGAATA-1_V13B23-285_A1,19
AGCATATCAATATGCT-1_V13B23-285_A1,16
AGCATCATTTCGAAAG-1_V13B23-285_A1,11
AGCATCGTCGATAATT-1_V13B23-285_A1,11
AGCATTACGAGGCAAG-1_V13B23-285_A1,19
AGCCAAGCTTTGTGTC-1_V13B23-285_A1,19
AGCCACAGGTTACCCG-1_V13B23-285_A1,18
AGCCACTCCCGTGCTT-1_V13B23-285_A1,10
AGCCATATAGTATGTG-1_V13B23-285_A1,12
AGCCCATACATGTAAG-1_V13B23-285_A1,11
AGCCCGCAACAAGCAG-1_V13B23-285_A1,19
AGCCCGCACTACAATG-1_V13B23-285_A1,1
AGCCCGGCATTAGAGG-1_V13B23-285_A1,16
AGCCCGGTAGCCTGTA-1_V13B23-285_A1,17
AGCCCTAAGCGAAGTT-1_V13B23-285_A1,13
AGCCCTGTCGCACCGT-1_V13B23-285_A1,10
AGCCCTTCTAATCCGA-1_V13B23-285_A1,9
AGCCCTTGGACATCCC-1_V13B23-285_A1,13
AGCCGCTTGATTAGCG-1_V13B23-285_A1,21
AGCCGTGGCTAAATGT-1_V13B23-285_A1,11
AGCCTAATACCCACGT-1_V13B23-285_A1,11
AGCCTTAAAGCGGAAG-1_V13B23-285_A1,19
AGCGACAGGAACGGTC-1_V13B23-285_A1,11
AGCGACATCCCATTCA-1_V13B23-285_A1,10
AGCGACCAACGATATT-1_V13B23-285_A1,11
AGCGATGCGCCTAATA-1_V13B23-285_A1,1
AGCGCATAATGAATCG-1_V13B23-285_A1,19
AGCGCGGGTGCCAATG-1_V13B23-285_A1,6
AGCGCTAGAGCGATGT-1_V13B23-285_A1,10
AGCGGACACTTCGTAG-1_V13B23-285_A1,19
AGCGGCGGTTAGCGGT-1_V13B23-285_A1,11
AGCGGGAAGGGTCCAT-1_V13B23-285_A1,3
AGCGGGTCTGACACTC-1_V13B23-285_A1,16
AGCGTACGAGAGCTAG-1_V13B23-285_A1,3
AGCGTAGCGCTAGACC-1_V13B23-285_A1,12
AGCGTCTGAACCCGCA-1_V13B23-285_A1,3
AGCGTGGTATTCTACT-1_V13B23-285_A1,11
AGCTAACAAGCAATGT-1_V13B23-285_A1,11
AGCTAAGTACGCAGGC-1_V13B23-285_A1,17
AGCTAGAAGCAGAAGT-1_V13B23-285_A1,7
AGCTATTTAATCCAAC-1_V13B23-285_A1,7
AGCTCCATATATGTTC-1_V13B23-285_A1,18
AGCTCCTTCGCACATC-1_V13B23-285_A1,10
AGCTCTAGACGTTCCA-1_V13B23-285_A1,11
AGCTCTTCCCAGTGCA-1_V13B23-285_A1,18
AGCTCTTCGTAACCTT-1_V13B23-285_A1,7
AGCTCTTTACTCAGTT-1_V13B23-285_A1,11
AGCTGAAGTAAACCAA-1_V13B23-285_A1,6
AGCTGTAACCTCAATC-1_V13B23-285_A1,8
AGCTTATAGAGACCTG-1_V13B23-285_A1,3
AGCTTCTTCTCGAGCA-1_V13B23-285_A1,1
AGCTTGATCTTAACTT-1_V13B23-285_A1,11
AGGAAAGCCTCTGATG-1_V13B23-285_A1,17
AGGAAGCTGTCCGCCG-1_V13B23-285_A1,19
AGGACAGTCGAATCCC-1_V13B23-285_A1,19
AGGACATCGCACGTCG-1_V13B23-285_A1,7
AGGACGACCCATTAGA-1_V13B23-285_A1,11
AGGACGCTCGATGTTG-1_V13B23-285_A1,18
AGGACTTATAGGAGAA-1_V13B23-285_A1,7
AGGAGACATCCACAGT-1_V13B23-285_A1,5
AGGAGGCCTTCGCGCG-1_V13B23-285_A1,13
AGGATAAAGTCGGGAT-1_V13B23-285_A1,5
AGGATATAGGGATTTA-1_V13B23-285_A1,17
AGGATCACGCGATCTG-1_V13B23-285_A1,11
AGGATTGCTTACGACA-1_V13B23-285_A1,10
AGGCAAAGAGGAATCA-1_V13B23-285_A1,3
AGGCACGTGACTGTCC-1_V13B23-285_A1,1
AGGCAGATGCGTAAAC-1_V13B23-285_A1,19
AGGCAGGGAGCGTACT-1_V13B23-285_A1,16
AGGCATTGTCGTAGGG-1_V13B23-285_A1,7
AGGCCACATTGGTTAC-1_V13B23-285_A1,21
AGGCCACCCGTTATGA-1_V13B23-285_A1,11
AGGCCCAGTGACTGGT-1_V13B23-285_A1,1
AGGCCCATTGTACAGG-1_V13B23-285_A1,16
AGGCCCTAGAACGCCA-1_V13B23-285_A1,11
AGGCGGTTTGTCCCGC-1_V13B23-285_A1,14
AGGCTATGGTTAGCTT-1_V13B23-285_A1,19
AGGCTTCCCGAAGAAG-1_V13B23-285_A1,11
AGGCTTGCTAGACACC-1_V13B23-285_A1,19
AGGGAAACGAGGTACT-1_V13B23-285_A1,14
AGGGACAGCACGGCGG-1_V13B23-285_A1,3
AGGGACCGGCTGCGTT-1_V13B23-285_A1,5
AGGGACTCTACGCGAC-1_V13B23-285_A1,11
AGGGAGACATACTTCG-1_V13B23-285_A1,3
AGGGCAGCGGCGTGGT-1_V13B23-285_A1,9
AGGGCGAGCAGCTGAT-1_V13B23-285_A1,11
AGGGCGTGATCGGCTA-1_V13B23-285_A1,17
AGGGCTGCAGTTACAG-1_V13B23-285_A1,11
AGGGTCGATGCGAACT-1_V13B23-285_A1,10
AGGGTGCCGTTCTTTA-1_V13B23-285_A1,12
AGGGTGCTCTCGAGGG-1_V13B23-285_A1,7
AGGGTGGATAGTGCAT-1_V13B23-285_A1,19
AGGGTTCCCTTTGGTT-1_V13B23-285_A1,16
AGGGTTTAGTTCGGGA-1_V13B23-285_A1,11
AGGTAACCTCCTATTC-1_V13B23-285_A1,3
AGGTACGATATTGCCA-1_V13B23-285_A1,2
AGGTAGATCGAGATAT-1_V13B23-285_A1,17
AGGTAGGTACAAAGCT-1_V13B23-285_A1,11
AGGTATAATTGATAGT-1_V13B23-285_A1,10
AGGTATGCGGACATTA-1_V13B23-285_A1,7
AGGTCAGGTGAGAGTG-1_V13B23-285_A1,11
AGGTCGCCACTTCGGT-1_V13B23-285_A1,1
AGGTCGCCTCCCAACA-1_V13B23-285_A1,12
AGGTCGCGGAGTTACT-1_V13B23-285_A1,17
AGGTGCACGTCCACAT-1_V13B23-285_A1,1
AGGTGGTGACCTTCGC-1_V13B23-285_A1,19
AGGTGTATCGCCATGA-1_V13B23-285_A1,11
AGGTTACACCATGCCG-1_V13B23-285_A1,10
AGGTTGAGGCACGCTT-1_V13B23-285_A1,19
AGGTTTCACACACCTT-1_V13B23-285_A1,11
AGTAACTATAGCAGCC-1_V13B23-285_A1,17
AGTAATGTCTTGCCGC-1_V13B23-285_A1,16
AGTACAGAAGCTTATA-1_V13B23-285_A1,17
AGTACATCATTTATCA-1_V13B23-285_A1,16
AGTACGGCCCGTATCG-1_V13B23-285_A1,11
AGTACGGGCACCTGGC-1_V13B23-285_A1,19
AGTACTCTTATGCCCA-1_V13B23-285_A1,1
AGTAGAAGGCGCCTCA-1_V13B23-285_A1,21
AGTAGGAAGGAAGTTG-1_V13B23-285_A1,15
AGTAGGTAACATACAT-1_V13B23-285_A1,17
AGTATAATACTAGGCA-1_V13B23-285_A1,19
AGTATACACAGCGACA-1_V13B23-285_A1,19
AGTATCCATAATAACG-1_V13B23-285_A1,12
AGTATGCTGGAGACCA-1_V13B23-285_A1,19
AGTATTTGGCACGACC-1_V13B23-285_A1,17
AGTCAACACCACCATC-1_V13B23-285_A1,11
AGTCAAGATGACACTT-1_V13B23-285_A1,16
AGTCACTAGCTCTCGA-1_V13B23-285_A1,10
AGTCACTCCGCCTCAT-1_V13B23-285_A1,3
AGTCAGCCACCGCCTG-1_V13B23-285_A1,3
AGTCCAGCGGGTACGT-1_V13B23-285_A1,20
AGTCCATTGGCTGATG-1_V13B23-285_A1,16
AGTCCCGCCTTTAATT-1_V13B23-285_A1,7
AGTCCCTCGCAGAAAG-1_V13B23-285_A1,5
AGTCGACGGTCTCAAG-1_V13B23-285_A1,10
AGTCGGCCCAAACGAC-1_V13B23-285_A1,11
AGTCGGCTCAACTTTA-1_V13B23-285_A1,11
AGTCGGTTGCGTGAGA-1_V13B23-285_A1,10
AGTCGTATAAAGCAGA-1_V13B23-285_A1,17
AGTCGTCGACCACCAA-1_V13B23-285_A1,17
AGTCGTGGGCATTACG-1_V13B23-285_A1,11
AGTCTAAAGTATACTC-1_V13B23-285_A1,16
AGTCTCACAAGACTAC-1_V13B23-285_A1,16
AGTCTGGACATCCTTG-1_V13B23-285_A1,4
AGTCTTCTCCTCAAAT-1_V13B23-285_A1,11
AGTCTTTAAAGTGTCC-1_V13B23-285_A1,17
AGTGAACAAACTTCTC-1_V13B23-285_A1,10
AGTGAAGATGGTGTCC-1_V13B23-285_A1,14
AGTGACCTACTTTACG-1_V13B23-285_A1,11
AGTGAGACTTCCAGTA-1_V13B23-285_A1,16
AGTGAGCCTCGCCGCC-1_V13B23-285_A1,16
AGTGAGTCGAATTAAC-1_V13B23-285_A1,13
AGTGATAACCTGCGCG-1_V13B23-285_A1,16
AGTGATATGAGTAGTT-1_V13B23-285_A1,8
AGTGATTCAAGCAGGA-1_V13B23-285_A1,17
AGTGCACGCTTAAGAA-1_V13B23-285_A1,16
AGTGCGTAGCTCGTAA-1_V13B23-285_A1,8
AGTGCTAAACACAGCA-1_V13B23-285_A1,7
AGTGCTTGCACGAATA-1_V13B23-285_A1,19
AGTGGCGGCAATTTGA-1_V13B23-285_A1,7
AGTGGCGTCTGAAGGT-1_V13B23-285_A1,1
AGTGGCTCCGTCGGCC-1_V13B23-285_A1,11
AGTGGTGTTACCCGTG-1_V13B23-285_A1,11
AGTGGTTGCGTATAGG-1_V13B23-285_A1,11
AGTGTATTGCGCATTG-1_V13B23-285_A1,5
AGTGTGCTAAGATCGC-1_V13B23-285_A1,21
AGTGTGGTCTATTGTG-1_V13B23-285_A1,13
AGTTAAACACTTGCGA-1_V13B23-285_A1,8
AGTTAAGCGGTCCCGG-1_V13B23-285_A1,3
AGTTAAGTCAACCGCT-1_V13B23-285_A1,11
AGTTACCCTTAAGACT-1_V13B23-285_A1,19
AGTTACCGCACATGGT-1_V13B23-285_A1,19
AGTTACTCTATCGTGG-1_V13B23-285_A1,17
AGTTCACCGGTTGGAC-1_V13B23-285_A1,19
AGTTCCTACAGAATTA-1_V13B23-285_A1,11
AGTTCCTATTTATGTT-1_V13B23-285_A1,11
AGTTCTGCGTTGTATC-1_V13B23-285_A1,3
AGTTGACATCGGCTGG-1_V13B23-285_A1,3
AGTTGACGGTCCTTGC-1_V13B23-285_A1,17
AGTTGCTGACTGATAT-1_V13B23-285_A1,3
AGTTGGCAAGGCTAGA-1_V13B23-285_A1,1
AGTTTATGTAAAGACA-1_V13B23-285_A1,5
AGTTTCGCAGGTCGGA-1_V13B23-285_A1,7
AGTTTGCACCTGCCTC-1_V13B23-285_A1,16
AGTTTGGCACGGGTTG-1_V13B23-285_A1,17
AGTTTGGCCAGACCTA-1_V13B23-285_A1,11
ATAAACCATTGGACGG-1_V13B23-285_A1,3
ATAAACGGACCCGTAA-1_V13B23-285_A1,11
ATAAACGTTGCACCAC-1_V13B23-285_A1,10
ATAAAGGCTCGGTCGT-1_V13B23-285_A1,12
ATAAATATTAGCAGCT-1_V13B23-285_A1,11
ATAACGCCGGAGGGTC-1_V13B23-285_A1,19
ATAACGGAGTCCAACG-1_V13B23-285_A1,19
ATAAGGTGGAGAACAT-1_V13B23-285_A1,5
ATAAGTAGGATTCAGA-1_V13B23-285_A1,1
ATAAGTAGGGCGACTC-1_V13B23-285_A1,5
ATAAGTTACCGCGACG-1_V13B23-285_A1,11
ATAATACCGTTAGCCG-1_V13B23-285_A1,3
ATAATAGCTGTTGAAT-1_V13B23-285_A1,11
ATAATAGTGTAGGGAC-1_V13B23-285_A1,18
ATAATCTTGGAGAACC-1_V13B23-285_A1,18
ATAATTAGCTAAGTAG-1_V13B23-285_A1,19
ATACAGGCCCTCCAAT-1_V13B23-285_A1,14
ATACCACGGGCAACTT-1_V13B23-285_A1,11
ATACCAGCAAATTGCT-1_V13B23-285_A1,2
ATACCAGGCTAATAGA-1_V13B23-285_A1,16
ATACCTAACCAAGAAA-1_V13B23-285_A1,19
ATACGAAGGCTTTCCA-1_V13B23-285_A1,18
ATACGCCGATCTACCG-1_V13B23-285_A1,3
ATACGCCGGCGAAACC-1_V13B23-285_A1,19
ATACGGAACGTCGTTT-1_V13B23-285_A1,11
ATACGGGTTTCGATTG-1_V13B23-285_A1,6
ATACGGTGAAGATGCA-1_V13B23-285_A1,11
ATACGTACTTAGCCAC-1_V13B23-285_A1,16
ATACGTCCACTCCTGT-1_V13B23-285_A1,1
ATACGTTATGCACGGA-1_V13B23-285_A1,16
ATACTACCCGTACCAC-1_V13B23-285_A1,11
ATACTAGCATGACCCT-1_V13B23-285_A1,11
ATACTCTCGCCACTCT-1_V13B23-285_A1,3
ATACTGCCTTACACCG-1_V13B23-285_A1,21
ATACTTGTTCTCGAGC-1_V13B23-285_A1,19
ATAGACAACGGGACCT-1_V13B23-285_A1,5
ATAGACGAAGAGAAAG-1_V13B23-285_A1,11
ATAGAGTACTGGGACA-1_V13B23-285_A1,11
ATAGAGTTATCAACTT-1_V13B23-285_A1,5
ATAGCAACTAGGGAAG-1_V13B23-285_A1,16
ATAGCCATAACAGTCA-1_V13B23-285_A1,17
ATAGCCTCAGTACCCA-1_V13B23-285_A1,17
ATAGCTGCTCTTGTTA-1_V13B23-285_A1,16
ATAGGCGGCTATAGAA-1_V13B23-285_A1,11
ATAGGCTAGCTTCGCA-1_V13B23-285_A1,4
ATAGGGATATCCTTGA-1_V13B23-285_A1,11
ATAGGTTGGGCAGATG-1_V13B23-285_A1,11
ATAGTCTTTGACGTGC-1_V13B23-285_A1,9
ATAGTGAAGCGTTCTC-1_V13B23-285_A1,11
ATAGTTCCACCCACTC-1_V13B23-285_A1,16
ATATAAAGCGCTCGTG-1_V13B23-285_A1,10
ATATAAATGTAGCTGC-1_V13B23-285_A1,17
ATATAACACGGGCGCA-1_V13B23-285_A1,10
ATATACATGTATGGTA-1_V13B23-285_A1,11
ATATACGCTCGTGACG-1_V13B23-285_A1,21
ATATAGAGTATTGGTC-1_V13B23-285_A1,19
ATATCAACCTACAGAG-1_V13B23-285_A1,10
ATATCAATTCCAGCCT-1_V13B23-285_A1,19
ATATCGGTAGGGAGAT-1_V13B23-285_A1,5
ATATCGTTCCTCGAAC-1_V13B23-285_A1,16
ATATCTCCCTCGTTAA-1_V13B23-285_A1,21
ATATCTTAGGGCCTTC-1_V13B23-285_A1,11
ATATGTCTCCCTAGCC-1_V13B23-285_A1,5
ATATTCAGTTAAACCT-1_V13B23-285_A1,6
ATATTCCACATAGTGA-1_V13B23-285_A1,10
ATATTCCCACAGGTCA-1_V13B23-285_A1,7
ATATTGCTGTCAAAGT-1_V13B23-285_A1,7
ATATTGGAGAGGCCTT-1_V13B23-285_A1,18
ATATTTAACCCTCAAG-1_V13B23-285_A1,11
ATCAAACACTGTTCCA-1_V13B23-285_A1,10
ATCAAACGAAGGTTTG-1_V13B23-285_A1,11
ATCAATCTGGGCTGCA-1_V13B23-285_A1,11
ATCAATGCCGTGGCTG-1_V13B23-285_A1,11
ATCACATTAGAATATC-1_V13B23-285_A1,6
ATCACGTGCTAATTAA-1_V13B23-285_A1,11
ATCACTTCATCCTCGC-1_V13B23-285_A1,11
ATCAGACGGCACGCCG-1_V13B23-285_A1,11
ATCAGCCTCATGCTGC-1_V13B23-285_A1,13
ATCAGCTCGTCCACTA-1_V13B23-285_A1,11
ATCAGTAGGCAGGGAT-1_V13B23-285_A1,6
ATCATAGCCCTATGTA-1_V13B23-285_A1,18
ATCATCCAATATTTGT-1_V13B23-285_A1,11
ATCATGGACTACCGAC-1_V13B23-285_A1,5
ATCCAACGCAGTCATA-1_V13B23-285_A1,11
ATCCAATGGAGGGTCC-1_V13B23-285_A1,11
ATCCAATGGTACCGAA-1_V13B23-285_A1,11
ATCCACATCGACAGAA-1_V13B23-285_A1,7
ATCCAGAGCAACAACC-1_V13B23-285_A1,11
ATCCAGGATTCGTGAA-1_V13B23-285_A1,11
ATCCCATCCACAGCGC-1_V13B23-285_A1,19
ATCCTACCTAAGCTCT-1_V13B23-285_A1,11
ATCCTGAATCGCTGCG-1_V13B23-285_A1,11
ATCCTGCGTGGAATGG-1_V13B23-285_A1,8
ATCCTGCTGCAGATAG-1_V13B23-285_A1,3
ATCGACCCAATACAGA-1_V13B23-285_A1,11
ATCGACTCTTTCCGTT-1_V13B23-285_A1,11
ATCGCACGATTGTTCA-1_V13B23-285_A1,16
ATCGCACGCCGGGAGA-1_V13B23-285_A1,11
ATCGCCAGTCAACATT-1_V13B23-285_A1,10
ATCGCTGCGTGCAGCA-1_V13B23-285_A1,5
ATCGCTTTACGTCTCA-1_V13B23-285_A1,10
ATCGGAGACAGACGGC-1_V13B23-285_A1,10
ATCGGCAAGCAGTCCA-1_V13B23-285_A1,3
ATCGGTTACCTAGTAA-1_V13B23-285_A1,11
ATCGTATTCCGAGAAC-1_V13B23-285_A1,19
ATCGTCCAATCGAGTC-1_V13B23-285_A1,3
ATCGTGGAAAGTCTGG-1_V13B23-285_A1,17
ATCGTTAGCTAGCGGA-1_V13B23-285_A1,18
ATCTAACGTCCCTATG-1_V13B23-285_A1,15
ATCTAATATCCTACGG-1_V13B23-285_A1,17
ATCTACCATCTGCTCC-1_V13B23-285_A1,13
ATCTAGCTTGTGAGGG-1_V13B23-285_A1,19
ATCTCCCACGGAATAT-1_V13B23-285_A1,13
ATCTCCCTGCAATCTA-1_V13B23-285_A1,17
ATCTCGTGAGCGAAAC-1_V13B23-285_A1,7
ATCTGACATGGAAGGA-1_V13B23-285_A1,17
ATCTGATAGTGTCTTA-1_V13B23-285_A1,21
ATCTGCACCTCTGCGA-1_V13B23-285_A1,1
ATCTGCTGTTATCGCC-1_V13B23-285_A1,21
ATCTGGGCTGTTCTTG-1_V13B23-285_A1,10
ATCTGGTTAAGACTGT-1_V13B23-285_A1,19
ATCTGTAATTGTACCC-1_V13B23-285_A1,16
ATCTTATCGCACACCC-1_V13B23-285_A1,17
ATCTTGACCTGCAACG-1_V13B23-285_A1,11
ATCTTGACTTGTCCAA-1_V13B23-285_A1,1
ATCTTTCGTATAACCA-1_V13B23-285_A1,5
ATGAAGCCAAGGAGCC-1_V13B23-285_A1,11
ATGAAGTGGACCCAGC-1_V13B23-285_A1,19
ATGACGCCGGCTCTAA-1_V13B23-285_A1,18
ATGACGCGTTCTATCC-1_V13B23-285_A1,11
ATGACTATCAGCTGTG-1_V13B23-285_A1,17
ATGACTATGCGACATT-1_V13B23-285_A1,13
ATGAGGAGTGTTAATC-1_V13B23-285_A1,19
ATGAGGGCAGCGGCTA-1_V13B23-285_A1,10
ATGATCGGGAATAGAC-1_V13B23-285_A1,14
ATGATGCAATGGTACA-1_V13B23-285_A1,11
ATGCACCTTCCTTAAT-1_V13B23-285_A1,19
ATGCACGCGCTGTTCA-1_V13B23-285_A1,19
ATGCACTACCGCATTG-1_V13B23-285_A1,11
ATGCATGATCCAGGAT-1_V13B23-285_A1,11
ATGCATTCCGTGATGG-1_V13B23-285_A1,12
ATGCCATTTGCGACCA-1_V13B23-285_A1,19
ATGCCGGTCTTGCATA-1_V13B23-285_A1,19
ATGCCGGTTGATGGGA-1_V13B23-285_A1,21
ATGCGACAGTCCCATT-1_V13B23-285_A1,11
ATGCGAGTCCCACCAC-1_V13B23-285_A1,10
ATGCTCAGTGTTGCAT-1_V13B23-285_A1,3
ATGCTCTGGCGCGGTA-1_V13B23-285_A1,17
ATGCTTAGGAGTTGAT-1_V13B23-285_A1,1
ATGGAAATTTAAGGAG-1_V13B23-285_A1,19
ATGGAACCTTTGCACA-1_V13B23-285_A1,10
ATGGAGCAGGCCGTGA-1_V13B23-285_A1,12
ATGGATCCGGCGTCCG-1_V13B23-285_A1,6
ATGGATTGACCAAACG-1_V13B23-285_A1,11
ATGGCAGCCGAGAAAC-1_V13B23-285_A1,11
ATGGCGGAATAGTCGC-1_V13B23-285_A1,16
ATGGGACCTGCTGAAC-1_V13B23-285_A1,19
ATGGGCCTCGGCCTCT-1_V13B23-285_A1,10
ATGGGTGTATACCTCC-1_V13B23-285_A1,17
ATGGTCGCGTGGTTTC-1_V13B23-285_A1,19
ATGTAAGGCTGCTCTT-1_V13B23-285_A1,8
ATGTACATGCGGTGAG-1_V13B23-285_A1,21
ATGTACGATGACGTCG-1_V13B23-285_A1,19
ATGTAGCGCGCGTAGG-1_V13B23-285_A1,1
ATGTCATTTCCCATTG-1_V13B23-285_A1,19
ATGTGAAAGCCTAATG-1_V13B23-285_A1,11
ATGTGCATCCGACGCA-1_V13B23-285_A1,11
ATGTGGACATCTTGAT-1_V13B23-285_A1,4
ATGTGTAGTTTAGTCA-1_V13B23-285_A1,14
ATGTTACGAGCAATAC-1_V13B23-285_A1,3
ATGTTCCTGCCCACCT-1_V13B23-285_A1,19
ATGTTCGTCGACCCAC-1_V13B23-285_A1,11
ATGTTGATTAGAGACT-1_V13B23-285_A1,10
ATGTTGTAGTCTGTTT-1_V13B23-285_A1,19
ATGTTTCGGCCCGGAG-1_V13B23-285_A1,1
ATTAAACATGCGGACC-1_V13B23-285_A1,11
ATTAACACCTGAGATA-1_V13B23-285_A1,19
ATTAATACTACGCGGG-1_V13B23-285_A1,11
ATTAATGAACCAGTCG-1_V13B23-285_A1,19
ATTAATTCGGTCACTC-1_V13B23-285_A1,7
ATTACAACTACCGGCC-1_V13B23-285_A1,9
ATTACATGTCAGTCTT-1_V13B23-285_A1,10
ATTACCACACTGCCTG-1_V13B23-285_A1,13
ATTACGCGCTGGCAGG-1_V13B23-285_A1,11
ATTACTAGCCTCTTGC-1_V13B23-285_A1,17
ATTACTTACTGGGCAT-1_V13B23-285_A1,7
ATTAGATTCCTCAGCA-1_V13B23-285_A1,18
ATTAGATTGATAGCGG-1_V13B23-285_A1,11
ATTAGGCGATGCTTTC-1_V13B23-285_A1,11
ATTATACTTTGCTCGT-1_V13B23-285_A1,21
ATTATAGCTACTTTAC-1_V13B23-285_A1,5
ATTATCGGAATGTACG-1_V13B23-285_A1,17
ATTATCTCGACAGATC-1_V13B23-285_A1,14
ATTATGCCATAGGGAG-1_V13B23-285_A1,11
ATTATTATGTCCGTCA-1_V13B23-285_A1,17
ATTATTCAGAGTCACT-1_V13B23-285_A1,10
ATTCAAAGTACCTGTT-1_V13B23-285_A1,15
ATTCAACCATTTAAGG-1_V13B23-285_A1,16
ATTCACTGATGTTGGA-1_V13B23-285_A1,10
ATTCAGGACCTATTTC-1_V13B23-285_A1,18
ATTCAGTAGCAGGGTC-1_V13B23-285_A1,19
ATTCATATACTGTCCA-1_V13B23-285_A1,11
ATTCATCGTTGAGGCA-1_V13B23-285_A1,18
ATTCCCACATAAACAA-1_V13B23-285_A1,19
ATTCCTCCGCCAGTGC-1_V13B23-285_A1,19
ATTCCTTCCAGGCGGT-1_V13B23-285_A1,3
ATTCGACGCCGGGCCT-1_V13B23-285_A1,11
ATTCGCGCCTTGAGAG-1_V13B23-285_A1,10
ATTCGTGCTATCTCTT-1_V13B23-285_A1,10
ATTCTCGTCTCTTTAG-1_V13B23-285_A1,3
ATTCTTCGTACTTATG-1_V13B23-285_A1,9
ATTGAAGATCTTAGTG-1_V13B23-285_A1,11
ATTGACCGGCGATGAC-1_V13B23-285_A1,9
ATTGACGTAACTCGGT-1_V13B23-285_A1,9
ATTGATAGCAACGAGA-1_V13B23-285_A1,3
ATTGATCACCACATTT-1_V13B23-285_A1,19
ATTGATGAGTCCTAAC-1_V13B23-285_A1,17
ATTGCCTTTATGTTTG-1_V13B23-285_A1,1
ATTGCGATCAGTAACT-1_V13B23-285_A1,7
ATTGCTGCTCCTCCAT-1_V13B23-285_A1,5
ATTGGATTACAGCGTA-1_V13B23-285_A1,1
ATTGGGAATATCTTGG-1_V13B23-285_A1,18
ATTGGTAGGATCCGCT-1_V13B23-285_A1,19
ATTGGTTGTGCATTAC-1_V13B23-285_A1,17
ATTGTACAACTCGGCT-1_V13B23-285_A1,18
ATTGTCGCAATACCTT-1_V13B23-285_A1,1
ATTGTTCAACGATCCG-1_V13B23-285_A1,10
ATTTAACTCGTATTAC-1_V13B23-285_A1,1
ATTTACAGTTTACTGG-1_V13B23-285_A1,11
ATTTACTAAGTCCATT-1_V13B23-285_A1,1
ATTTCATTATTTCGCG-1_V13B23-285_A1,7
ATTTCCGGGTTCTGCG-1_V13B23-285_A1,16
ATTTGCGCGAGTAGCT-1_V13B23-285_A1,11
ATTTGGAGATTGCGGT-1_V13B23-285_A1,19
ATTTGTCTTGGGAGCT-1_V13B23-285_A1,21
ATTTGTTCCAGGGCTC-1_V13B23-285_A1,10
CAAACCCTCCGGCGGG-1_V13B23-285_A1,18
CAAACGAGTATCGCAG-1_V13B23-285_A1,11
CAAACGGTCGCACTTT-1_V13B23-285_A1,11
CAAACTACGATAGAGA-1_V13B23-285_A1,14
CAAACTCGCGACGCCG-1_V13B23-285_A1,10
CAAAGATTATTGGGCC-1_V13B23-285_A1,13
CAAAGGTCATCTGAAA-1_V13B23-285_A1,5
CAAAGTCAGGTTAGCT-1_V13B23-285_A1,3
CAAATCTCTCACAAGG-1_V13B23-285_A1,11
CAAATGTCCTTCCGTG-1_V13B23-285_A1,11
CAAATTGGATTATGCC-1_V13B23-285_A1,14
CAAATTGTCAGCAAGC-1_V13B23-285_A1,7
CAACACATCTCCTGCC-1_V13B23-285_A1,5
CAACATGGCCTGATAA-1_V13B23-285_A1,1
CAACCAGTGGCCTACC-1_V13B23-285_A1,7
CAACCGCACCTAGACA-1_V13B23-285_A1,2
CAACCTACCGAGCAGT-1_V13B23-285_A1,5
CAACCTGAACCTGCCA-1_V13B23-285_A1,5
CAACGACCCGTTTACA-1_V13B23-285_A1,11
CAACGGTTCTTGATAC-1_V13B23-285_A1,17
CAACGTGGTGGAGTCT-1_V13B23-285_A1,21
CAACTATATCGAATGC-1_V13B23-285_A1,7
CAACTCCTTGATCCCG-1_V13B23-285_A1,17
CAACTGCTCATCCGAT-1_V13B23-285_A1,10
CAACTTGTAGTGGGCA-1_V13B23-285_A1,3
CAAGAGGGCGGAGTAC-1_V13B23-285_A1,19
CAAGATATTATAACGT-1_V13B23-285_A1,4
CAAGCAACGTCGGAGT-1_V13B23-285_A1,11
CAAGCACCAAATGCCT-1_V13B23-285_A1,11
CAAGCGGCACATAATT-1_V13B23-285_A1,17
CAAGGATCGCATGTTC-1_V13B23-285_A1,11
CAAGGCCAGTGGTGCA-1_V13B23-285_A1,17
CAAGGTCCTATAGGCT-1_V13B23-285_A1,5
CAAGTGAACTTTGGTT-1_V13B23-285_A1,14
CAAGTGTGGTTGCAAA-1_V13B23-285_A1,10
CAATAAACCTTGGCCC-1_V13B23-285_A1,19
CAATACGAGAGTCTGA-1_V13B23-285_A1,10
CAATACGCTCTGAGGC-1_V13B23-285_A1,11
CAATATTCTTGACCTA-1_V13B23-285_A1,11
CAATATTGGACTAGTG-1_V13B23-285_A1,3
CAATCCCTATACCAGC-1_V13B23-285_A1,9
CAATCCTGCCGTGGAG-1_V13B23-285_A1,3
CAATGAGGTTCGACTA-1_V13B23-285_A1,16
CAATGCGAGAAGTATC-1_V13B23-285_A1,17
CAATGGATCTCTACCA-1_V13B23-285_A1,5
CAATGGTCGGCCTGGG-1_V13B23-285_A1,14
CAATGTGCCAACCCTT-1_V13B23-285_A1,5
CAATTAAGGGTGATGA-1_V13B23-285_A1,11
CAATTGGGCCGCACTC-1_V13B23-285_A1,19
CAATTTCGTATAAGGG-1_V13B23-285_A1,11
CAATTTGACCGGGAAG-1_V13B23-285_A1,3
CACAAACCGCAGAACT-1_V13B23-285_A1,17
CACAATGAGCTGCTAT-1_V13B23-285_A1,11
CACACACGCTAACGAG-1_V13B23-285_A1,10
CACACAGCTTGCGCTC-1_V13B23-285_A1,10
CACACAGGGATAGATT-1_V13B23-285_A1,19
CACACGCGCTGTCTTA-1_V13B23-285_A1,7
CACAGAGACGAGGACG-1_V13B23-285_A1,19
CACAGCACCCACGGCA-1_V13B23-285_A1,11
CACAGCTAGGGAGTGA-1_V13B23-285_A1,12
CACAGGGCCATATAGT-1_V13B23-285_A1,10
CACAGGGCCGTTGTCA-1_V13B23-285_A1,19
CACAGTCCCGCTTCGC-1_V13B23-285_A1,1
CACAGTTCGCTTCCCA-1_V13B23-285_A1,13
CACATAAGGCGACCGT-1_V13B23-285_A1,9
CACATATTAGCAGGAT-1_V13B23-285_A1,17
CACATCGTGCACGCGC-1_V13B23-285_A1,10
CACATCTCACCGACGA-1_V13B23-285_A1,5
CACATGATTCAGCAAC-1_V13B23-285_A1,11
CACATGTTTGGACATG-1_V13B23-285_A1,3
CACATTCTTTCGATGG-1_V13B23-285_A1,7
CACATTTCTTGTCAGA-1_V13B23-285_A1,10
CACCAATCATCCGTCT-1_V13B23-285_A1,19
CACCACGCCACACAGA-1_V13B23-285_A1,11
CACCAGTCAGCATGCA-1_V13B23-285_A1,11
CACCATCGGAGGAGAC-1_V13B23-285_A1,7
CACCCAAATCTTATGT-1_V13B23-285_A1,19
CACCCACACGTCACCC-1_V13B23-285_A1,1
CACCCACGAGGCAATT-1_V13B23-285_A1,16
CACCCGGTTTGTGACT-1_V13B23-285_A1,11
CACCCTAACAAGATCT-1_V13B23-285_A1,18
CACCCTTGGTGAGACC-1_V13B23-285_A1,11
CACCCTTTCCTCGCTC-1_V13B23-285_A1,17
CACCGATACACCGAGC-1_V13B23-285_A1,9
CACCGCCAGAAGGTTT-1_V13B23-285_A1,11
CACCGCCGACCAGCGA-1_V13B23-285_A1,3
CACCGTATCCCATCCG-1_V13B23-285_A1,16
CACCGTTAGGGATCAC-1_V13B23-285_A1,11
CACCGTTGCGCGATAT-1_V13B23-285_A1,11
CACCTAATAGAGTCGT-1_V13B23-285_A1,3
CACCTAATCAGTTTAC-1_V13B23-285_A1,10
CACCTCGATGGTGGAC-1_V13B23-285_A1,11
CACCTTGCGAAACTCG-1_V13B23-285_A1,19
CACCTTGGCGCCTTTG-1_V13B23-285_A1,18
CACGAAAGTTAGTCCC-1_V13B23-285_A1,11
CACGACTAAAGTTCTG-1_V13B23-285_A1,14
CACGATTGGTCGTTAA-1_V13B23-285_A1,15
CACGCACAGCGCAGCT-1_V13B23-285_A1,11
CACGCAGCGAGGCTTT-1_V13B23-285_A1,11
CACGCGGAACTGTTGC-1_V13B23-285_A1,21
CACGGACGTGGATGGC-1_V13B23-285_A1,6
CACGGGATTGAGGGTT-1_V13B23-285_A1,19
CACGTCAATCAATGGA-1_V13B23-285_A1,7
CACGTCGGCAACCTCT-1_V13B23-285_A1,11
CACGTCGGGTTCTAGA-1_V13B23-285_A1,1
CACGTTCGTGCTCTAG-1_V13B23-285_A1,19
CACGTTTCGTACACAC-1_V13B23-285_A1,18
CACTAAAGTTGCCTAT-1_V13B23-285_A1,11
CACTACGGGAGCTGCC-1_V13B23-285_A1,1
CACTCAAGAGCTATGG-1_V13B23-285_A1,11
CACTCAGCTCTTGAGG-1_V13B23-285_A1,2
CACTCCTATGTAAGAT-1_V13B23-285_A1,17
CACTCCTCTCGGTCGG-1_V13B23-285_A1,14
CACTCGAGCTGAACAA-1_V13B23-285_A1,11
CACTCGGTTAGGAGGA-1_V13B23-285_A1,11
CACTCTTCTGCTAGCC-1_V13B23-285_A1,13
CACTGACGATTGTGGA-1_V13B23-285_A1,19
CACTGTCCAAGTGAGA-1_V13B23-285_A1,17
CACTTAATCAGACGGA-1_V13B23-285_A1,11
CACTTCGCCACAGGCT-1_V13B23-285_A1,1
CACTTCGTCTTATCTC-1_V13B23-285_A1,3
CAGAACTTAGCCCTCT-1_V13B23-285_A1,17
CAGAATAACACACGGA-1_V13B23-285_A1,1
CAGACACCGATCGCTG-1_V13B23-285_A1,11
CAGACCTGTAAGTGTT-1_V13B23-285_A1,16
CAGACGAACCTGATAC-1_V13B23-285_A1,11
CAGAGACGGTCACCCA-1_V13B23-285_A1,11
CAGAGCATGAGCTTGC-1_V13B23-285_A1,11
CAGAGGCGATGCATGA-1_V13B23-285_A1,11
CAGAGTGATTTAACGT-1_V13B23-285_A1,1
CAGATAATGGGCGGGT-1_V13B23-285_A1,16
CAGATACTAACATAGT-1_V13B23-285_A1,11
CAGATCATTTAAAGTC-1_V13B23-285_A1,5
CAGATCCTGGTTTGAA-1_V13B23-285_A1,11
CAGATGTTTGTCCCAA-1_V13B23-285_A1,17
CAGCAGCCCGTTCCTT-1_V13B23-285_A1,7
CAGCAGTCCAGACTAT-1_V13B23-285_A1,17
CAGCAGTCTGTGCTGC-1_V13B23-285_A1,17
CAGCCGGGCCCTCTAT-1_V13B23-285_A1,9
CAGCCTCCTGCAGAGG-1_V13B23-285_A1,19
CAGCCTCTCCTCAAGA-1_V13B23-285_A1,5
CAGCGATTCCCTTCAA-1_V13B23-285_A1,11
CAGCGCCAACACGATA-1_V13B23-285_A1,11
CAGCTCACTGAGACAT-1_V13B23-285_A1,11
CAGCTCGACAAGTTAA-1_V13B23-285_A1,5
CAGCTCGTGCTTGTGT-1_V13B23-285_A1,13
CAGCTGGCGTAACCGT-1_V13B23-285_A1,11
CAGCTTAGTAGGTAGC-1_V13B23-285_A1,11
CAGGAAGACTTTATAT-1_V13B23-285_A1,14
CAGGATATATCGTTGT-1_V13B23-285_A1,11
CAGGATCCGCCCGACC-1_V13B23-285_A1,17
CAGGCAGTCTTACCAG-1_V13B23-285_A1,17
CAGGCCGTTTGGGTGT-1_V13B23-285_A1,11
CAGGCGCACGGTGGTC-1_V13B23-285_A1,1
CAGGCGCCATGCTAGG-1_V13B23-285_A1,17
CAGTAACTATTTATTG-1_V13B23-285_A1,14
CAGTAATCCCTCCCAG-1_V13B23-285_A1,21
CAGTACATTCTCTAAA-1_V13B23-285_A1,14
CAGTACCAGTTTACGT-1_V13B23-285_A1,11
CAGTAGATGATGTCCG-1_V13B23-285_A1,19
CAGTAGCCCACGCGGT-1_V13B23-285_A1,6
CAGTAGCGAGGTAGTA-1_V13B23-285_A1,3
CAGTCGAGGATGCAAT-1_V13B23-285_A1,17
CAGTCGGCCTAGATAT-1_V13B23-285_A1,11
CAGTCTCTCGGCTAAT-1_V13B23-285_A1,3
CAGTCTGTATACTGGG-1_V13B23-285_A1,11
CAGTGAATAAATGACT-1_V13B23-285_A1,19
CAGTGGTTGCACATGA-1_V13B23-285_A1,3
CAGTGTCCGCAGAATG-1_V13B23-285_A1,3
CAGTGTCGGCTGGCCC-1_V13B23-285_A1,13
CAGTTCAAATTGACAC-1_V13B23-285_A1,11
CAGTTCCGCGGGTCGA-1_V13B23-285_A1,19
CATAACGGACAGTCGT-1_V13B23-285_A1,10
CATAAGAAGCTTGGCT-1_V13B23-285_A1,7
CATAAGCTCTCCGTCT-1_V13B23-285_A1,11
CATAATGAGCGGGCGA-1_V13B23-285_A1,12
CATACAAAGCCGAACC-1_V13B23-285_A1,3
CATACACAAAGTCAGC-1_V13B23-285_A1,19
CATACACGGTTCCCAC-1_V13B23-285_A1,16
CATACCCGTACCCAGT-1_V13B23-285_A1,11
CATACGGCGTCTGGGC-1_V13B23-285_A1,11
CATACGGGTGCATGAT-1_V13B23-285_A1,3
CATACTATGTAATTGT-1_V13B23-285_A1,11
CATACTTAGGCAATAC-1_V13B23-285_A1,5
CATACTTCTTTCTCCG-1_V13B23-285_A1,19
CATAGAGGAGATACTA-1_V13B23-285_A1,10
CATAGCCGCCCGGGAT-1_V13B23-285_A1,19
CATAGCGTTGCCCACC-1_V13B23-285_A1,11
CATAGTACATTGAGAG-1_V13B23-285_A1,7
CATAGTAGCATAGTAG-1_V13B23-285_A1,11
CATAGTCAAATACATA-1_V13B23-285_A1,13
CATAGTCCACAAGAAC-1_V13B23-285_A1,11
CATATACTACTGATAA-1_V13B23-285_A1,14
CATATAGGTACAGTCA-1_V13B23-285_A1,8
CATATGTCAGGCTACG-1_V13B23-285_A1,11
CATATTATTTGCCCTA-1_V13B23-285_A1,9
CATCAACACCTACTAA-1_V13B23-285_A1,16
CATCATTACCCTGAGG-1_V13B23-285_A1,13
CATCCCGAGATTCATA-1_V13B23-285_A1,17
CATCCGCAGGCCCGAA-1_V13B23-285_A1,3
CATCCTCTCAAAGATC-1_V13B23-285_A1,1
CATCGAATGGATCTCT-1_V13B23-285_A1,20
CATCGCCCGCGGCCAA-1_V13B23-285_A1,3
CATCGGACGGGTTAAT-1_V13B23-285_A1,11
CATCGTCCGGTTACTA-1_V13B23-285_A1,19
CATCTAGTGAAGGGAA-1_V13B23-285_A1,10
CATCTATCCCGTGTCT-1_V13B23-285_A1,4
CATCTGCAGGATCATT-1_V13B23-285_A1,19
CATCTTACACCACCTC-1_V13B23-285_A1,1
CATGAACCGACATTTG-1_V13B23-285_A1,3
CATGAACCTCTTATCA-1_V13B23-285_A1,9
CATGACTTCGCTGAAT-1_V13B23-285_A1,10
CATGAGATGCACTCTC-1_V13B23-285_A1,18
CATGATCGCTTTGAGA-1_V13B23-285_A1,18
CATGATGCACAATTCT-1_V13B23-285_A1,11
CATGATGGAAGTTAGC-1_V13B23-285_A1,10
CATGCATGGAGACCCT-1_V13B23-285_A1,9
CATGCCAACTCGCAAA-1_V13B23-285_A1,11
CATGCGACCAGTTTAA-1_V13B23-285_A1,7
CATGCGTTAGACAGAA-1_V13B23-285_A1,13
CATGCTGGCTCCAATT-1_V13B23-285_A1,7
CATGGATTGTCTTCCG-1_V13B23-285_A1,10
CATGGCAGGAAGATCG-1_V13B23-285_A1,11
CATGGCTCCCTATGTC-1_V13B23-285_A1,19
CATGGGTATGCCTTAT-1_V13B23-285_A1,10
CATGGGTCGGGTGTGG-1_V13B23-285_A1,6
CATGGTAAGTAGCGTT-1_V13B23-285_A1,19
CATGGTATTAGTTTGT-1_V13B23-285_A1,10
CATGGTCTAGATACCG-1_V13B23-285_A1,11
CATGGTTTATTAATCA-1_V13B23-285_A1,7
CATGTAAGAGACATTT-1_V13B23-285_A1,16
CATGTCTCATTTATGG-1_V13B23-285_A1,19
CATTACATAGATTGTG-1_V13B23-285_A1,5
CATTACGCAGGAAGGG-1_V13B23-285_A1,1
CATTACGTCGGCCCGT-1_V13B23-285_A1,11
CATTATGCTTGTTGTG-1_V13B23-285_A1,11
CATTCACTGACAGCTA-1_V13B23-285_A1,9
CATTCAGGTCAGTGCG-1_V13B23-285_A1,1
CATTCCCATTCCGTCG-1_V13B23-285_A1,21
CATTCCCTAAGTACAA-1_V13B23-285_A1,3
CATTGATGAACACGCC-1_V13B23-285_A1,5
CATTGCGAAATGGGCG-1_V13B23-285_A1,11
CATTGCGGGTCAATTC-1_V13B23-285_A1,5
CATTGTGTGCTAGATC-1_V13B23-285_A1,3
CATTTAGCGGACCATG-1_V13B23-285_A1,6
CATTTCTAGCAGACTA-1_V13B23-285_A1,3
CATTTGAGTGGTACGT-1_V13B23-285_A1,11
CCAAACAGAACCCTCG-1_V13B23-285_A1,11
CCAAAGCAGTTGGTTG-1_V13B23-285_A1,3
CCAAAGTCCCGCTAAC-1_V13B23-285_A1,3
CCAAATAACAAGATTC-1_V13B23-285_A1,1
CCAACGATGCACTGAT-1_V13B23-285_A1,11
CCAACTTGATAGATCC-1_V13B23-285_A1,19
CCAAGAAAGTGGGCGA-1_V13B23-285_A1,11
CCAAGACTTCTGCGAA-1_V13B23-285_A1,4
CCAAGCGTAACTCGTA-1_V13B23-285_A1,11
CCAAGGAACAGAGAGG-1_V13B23-285_A1,13
CCAAGGTTGCCCTTTC-1_V13B23-285_A1,21
CCAAGTTTCTACAGAT-1_V13B23-285_A1,17
CCAATAGATTTCATCT-1_V13B23-285_A1,19
CCAATAGTGCCGTCGA-1_V13B23-285_A1,11
CCAATCGGTAGATCGA-1_V13B23-285_A1,1
CCAATGTCACAGCAAG-1_V13B23-285_A1,11
CCAATTACGGGTCGAG-1_V13B23-285_A1,17
CCAATTGAATGTTAAT-1_V13B23-285_A1,11
CCACAATGTACGTCTT-1_V13B23-285_A1,16
CCACACTGAGATATTA-1_V13B23-285_A1,11
CCACAGCTGAAATCAT-1_V13B23-285_A1,3
CCACAGTACCCATCCT-1_V13B23-285_A1,13
CCACATACTGCACCCA-1_V13B23-285_A1,16
CCACATGGCTCTTTAT-1_V13B23-285_A1,19
CCACCAACTTTACTGT-1_V13B23-285_A1,11
CCACCCAAGGAAAGTG-1_V13B23-285_A1,11
CCACGAATTTAACCTC-1_V13B23-285_A1,10
CCACGAGAAGAGAATC-1_V13B23-285_A1,21
CCACGGAGCCATAAGA-1_V13B23-285_A1,11
CCACGGTGCCCGGTAG-1_V13B23-285_A1,6
CCACGTAAATTAGACT-1_V13B23-285_A1,5
CCACTAAACTGAATCG-1_V13B23-285_A1,20
CCACTATCCGGGTCAC-1_V13B23-285_A1,17
CCACTGGTGGCTGGTT-1_V13B23-285_A1,11
CCACTGTTTGGATTAA-1_V13B23-285_A1,10
CCAGAAAGCAACTCAT-1_V13B23-285_A1,11
CCAGAGACAAAGCCGG-1_V13B23-285_A1,19
CCAGATAGTTGAGTGA-1_V13B23-285_A1,19
CCAGCCTGGACCAATA-1_V13B23-285_A1,11
CCAGCGGGATCACCAG-1_V13B23-285_A1,7
CCAGCTACGCCTCATA-1_V13B23-285_A1,3
CCAGCTCGAACGCATT-1_V13B23-285_A1,19
CCAGCTGATGGTACTT-1_V13B23-285_A1,11
CCAGCTTCCGCCCGCA-1_V13B23-285_A1,19
CCAGGCTGGCGTCTGA-1_V13B23-285_A1,21
CCAGGGACGTGGCCTC-1_V13B23-285_A1,11
CCAGTAGTCTGATCCA-1_V13B23-285_A1,5
CCAGTCAAATCTCTTA-1_V13B23-285_A1,11
CCAGTCCATTATTCGA-1_V13B23-285_A1,3
CCAGTCTAGACGGCGC-1_V13B23-285_A1,6
CCAGTCTTGTCATAGA-1_V13B23-285_A1,19
CCATAAACAACCCGAC-1_V13B23-285_A1,21
CCATAACCTGTGCAGT-1_V13B23-285_A1,19
CCATACCTTTACTTGT-1_V13B23-285_A1,16
CCATACTCGCCTCTCC-1_V13B23-285_A1,11
CCATAGAGGCTGCCAG-1_V13B23-285_A1,19
CCATAGGTTGGCGTGG-1_V13B23-285_A1,11
CCATAGTCAGTAACCC-1_V13B23-285_A1,3
CCATATGGAAACTATA-1_V13B23-285_A1,1
CCATATTGGATCATGA-1_V13B23-285_A1,3
CCATCCATACCAAGTC-1_V13B23-285_A1,3
CCATCGCAGTTAAACT-1_V13B23-285_A1,11
CCATCTCACCAGTGAA-1_V13B23-285_A1,17
CCATCTTGTTCACAAT-1_V13B23-285_A1,3
CCATGCCCTAGATTTC-1_V13B23-285_A1,18
CCATGCCTGTTTAGTA-1_V13B23-285_A1,11
CCATGCTCTGCAGGAA-1_V13B23-285_A1,11
CCATGGCCCTTGTACC-1_V13B23-285_A1,11
CCATTAGCGATAATCC-1_V13B23-285_A1,11
CCATTCCCTGCCCACA-1_V13B23-285_A1,11
CCATTGTTTCCTCCAT-1_V13B23-285_A1,18
CCATTTCTACCTATTA-1_V13B23-285_A1,7
CCCAAACATGCTGCTC-1_V13B23-285_A1,17
CCCAACATACGTCGCG-1_V13B23-285_A1,11
CCCAACCACACTAACA-1_V13B23-285_A1,12
CCCAAGACAGAGTATG-1_V13B23-285_A1,14
CCCAAGTCATTACACT-1_V13B23-285_A1,16
CCCAATGAGATTTGCA-1_V13B23-285_A1,11
CCCAATTTCACAACTT-1_V13B23-285_A1,11
CCCACTCCACGGTATC-1_V13B23-285_A1,11
CCCAGAGGAGGGCGTA-1_V13B23-285_A1,2
CCCAGGTCTGAAGGCT-1_V13B23-285_A1,7
CCCAGTAAACTTGGGA-1_V13B23-285_A1,19
CCCAGTTAAGGCGCCG-1_V13B23-285_A1,19
CCCATATAGGTCGATT-1_V13B23-285_A1,18
CCCGAAGTTTCGCGAA-1_V13B23-285_A1,11
CCCGACCATAGTCCGC-1_V13B23-285_A1,19
CCCGAGTTTCTCCGTA-1_V13B23-285_A1,10
CCCGCAGCGCGAACTA-1_V13B23-285_A1,11
CCCGCCATGCTCCCGT-1_V13B23-285_A1,17
CCCGCGCAATGCACCC-1_V13B23-285_A1,4
CCCGCTTGCCCTCGTC-1_V13B23-285_A1,3
CCCGGCTAGGTGAGAA-1_V13B23-285_A1,21
CCCGGGTCGTTCAGGG-1_V13B23-285_A1,7
CCCGGTGGAAGAACCT-1_V13B23-285_A1,19
CCCGGTGTATCGGAAT-1_V13B23-285_A1,11
CCCGTAAGTCTAGGCC-1_V13B23-285_A1,11
CCCGTAGCTGGGAAGA-1_V13B23-285_A1,11
CCCGTCAGCGTCTGAC-1_V13B23-285_A1,11
CCCGTGAGGGCGGTGA-1_V13B23-285_A1,11
CCCGTTTCGCAGATGT-1_V13B23-285_A1,16
CCCTACTTGAACAATG-1_V13B23-285_A1,21
CCCTAGGCAACAAGAG-1_V13B23-285_A1,11
CCCTAGTGTCAGGTGT-1_V13B23-285_A1,3
CCCTATGTAGAGCAGA-1_V13B23-285_A1,16
CCCTCAAGCTCTTAGT-1_V13B23-285_A1,19
CCCTCATTCTGGAATT-1_V13B23-285_A1,3
CCCTCCTCGCTCGTAT-1_V13B23-285_A1,7
CCCTGAAATGAGTTGA-1_V13B23-285_A1,11
CCCTGATGTAACTCGT-1_V13B23-285_A1,3
CCCTGCCCAATCCGCT-1_V13B23-285_A1,11
CCCTGCGCTACGCATA-1_V13B23-285_A1,11
CCCTGGCTGTTCCTTC-1_V13B23-285_A1,11
CCCTGGTATGGGCGGC-1_V13B23-285_A1,9
CCCTGTTGGCAAAGAC-1_V13B23-285_A1,3
CCCTTCTCGTACGCGA-1_V13B23-285_A1,3
CCCTTTAATGGAGTTC-1_V13B23-285_A1,18
CCCTTTGACAGGTCTT-1_V13B23-285_A1,11
CCGAAAGTGGTGAGCA-1_V13B23-285_A1,3
CCGAACACTGGGCCTC-1_V13B23-285_A1,11
CCGAACCTTCCCGGCC-1_V13B23-285_A1,17
CCGAAGTATATTGTTC-1_V13B23-285_A1,19
CCGACAAACACATGAG-1_V13B23-285_A1,3
CCGACAAAGGGAGTGC-1_V13B23-285_A1,8
CCGACAATAGGCCGCC-1_V13B23-285_A1,10
CCGACGGGCATGAGGT-1_V13B23-285_A1,17
CCGACGTAAACACAAC-1_V13B23-285_A1,9
CCGAGAAGTCGCATAA-1_V13B23-285_A1,10
CCGAGGGATGTTAGGC-1_V13B23-285_A1,14
CCGATCTCAACCTTAT-1_V13B23-285_A1,1
CCGATTCGAGGGACCC-1_V13B23-285_A1,11
CCGCACAAAGACCAAC-1_V13B23-285_A1,19
CCGCACACGAACGTGT-1_V13B23-285_A1,5
CCGCACGTGACCTCGG-1_V13B23-285_A1,19
CCGCACTTGCAATGAC-1_V13B23-285_A1,1
CCGCATGTGGTACGAT-1_V13B23-285_A1,10
CCGCCACCACAATCCA-1_V13B23-285_A1,9
CCGCCGGAACTTCTCG-1_V13B23-285_A1,19
CCGCCGGTCAACACAC-1_V13B23-285_A1,17
CCGCCGTTGAGGATAA-1_V13B23-285_A1,10
CCGCCTGCGAATTGGT-1_V13B23-285_A1,14
CCGCCTTGCGATGTCG-1_V13B23-285_A1,11
CCGCGATTTGGTAGGT-1_V13B23-285_A1,11
CCGCGGAATGCGTCAC-1_V13B23-285_A1,11
CCGCGGGTACGAAGAA-1_V13B23-285_A1,11
CCGCGTAGGTAAGGGC-1_V13B23-285_A1,19
CCGCTATCAGCACCAG-1_V13B23-285_A1,11
CCGCTCCAGGGCGATC-1_V13B23-285_A1,12
CCGCTCTTCCGAACTA-1_V13B23-285_A1,21
CCGCTGGTGCCATTCA-1_V13B23-285_A1,9
CCGCTTACCTCACTCT-1_V13B23-285_A1,11
CCGCTTCGCGGTTAAC-1_V13B23-285_A1,3
CCGCTTGCTGACATGG-1_V13B23-285_A1,16
CCGGAATGGTTTCAGT-1_V13B23-285_A1,19
CCGGAGCGTACTTTCT-1_V13B23-285_A1,7
CCGGCACGACCGTTTC-1_V13B23-285_A1,5
CCGGCCGCGAGCATAT-1_V13B23-285_A1,19
CCGGCGCATATTGGAT-1_V13B23-285_A1,17
CCGGCGTGAGACTCTG-1_V13B23-285_A1,11
CCGGGACCCGCAGAGA-1_V13B23-285_A1,18
CCGGGCGGTCTCGTCA-1_V13B23-285_A1,4
CCGGGCTGCTCCATAC-1_V13B23-285_A1,19
CCGGGTTCGAGGTTAC-1_V13B23-285_A1,11
CCGGTAATGGCTAGTC-1_V13B23-285_A1,5
CCGGTGCGAGTGATAG-1_V13B23-285_A1,2
CCGGTTTGTAATTGTG-1_V13B23-285_A1,11
CCGTAAGTTGGTCCCA-1_V13B23-285_A1,12
CCGTACCCAAGCGCCA-1_V13B23-285_A1,3
CCGTAGGAAATCCCTG-1_V13B23-285_A1,13
CCGTAGGGTTGTTTAC-1_V13B23-285_A1,1
CCGTATCTCGTCGTAG-1_V13B23-285_A1,11
CCGTGAGGCATTCATG-1_V13B23-285_A1,10
CCGTGCCCATGACGGC-1_V13B23-285_A1,16
CCGTGGAACGATCCAA-1_V13B23-285_A1,4
CCGTGTTAAATTCCAT-1_V13B23-285_A1,11
CCGTTACGTTAGAACA-1_V13B23-285_A1,16
CCGTTCCGAATCTCGG-1_V13B23-285_A1,11
CCTAAAGGCTGACGCT-1_V13B23-285_A1,14
CCTAAATTAACGGTTC-1_V13B23-285_A1,11
CCTAAATTGTATCCTA-1_V13B23-285_A1,18
CCTAACCCAAACAAGT-1_V13B23-285_A1,12
CCTAACTAAGGCTCTA-1_V13B23-285_A1,18
CCTAAGTGTCTAACCG-1_V13B23-285_A1,15
CCTACATTCACAGACG-1_V13B23-285_A1,11
CCTACGGCTCAGTCGA-1_V13B23-285_A1,3
CCTACTCAACACGATT-1_V13B23-285_A1,21
CCTACTGCTTACACTT-1_V13B23-285_A1,8
CCTAGGCGTAGCGATC-1_V13B23-285_A1,17
CCTAGGTAAAGGTAGC-1_V13B23-285_A1,11
CCTAGTTAGTCGCATG-1_V13B23-285_A1,2
CCTATAATGAGTGCCC-1_V13B23-285_A1,13
CCTATACCGTCCTGTC-1_V13B23-285_A1,11
CCTATATCGTGTCACG-1_V13B23-285_A1,19
CCTATATTTGTCCTGG-1_V13B23-285_A1,18
CCTATCTATATCGGAA-1_V13B23-285_A1,10
CCTATGAAGTGGTGCC-1_V13B23-285_A1,5
CCTATGGCTCCTAGTG-1_V13B23-285_A1,13
CCTATGGGTTACCGTC-1_V13B23-285_A1,12
CCTATGGTCAAAGCTG-1_V13B23-285_A1,16
CCTATGTCCACTCCAC-1_V13B23-285_A1,13
CCTCAACGATCGCTGT-1_V13B23-285_A1,2
CCTCACCAATCTTGAC-1_V13B23-285_A1,3
CCTCACCTGAGGGAGC-1_V13B23-285_A1,1
CCTCACCTTAGCATCG-1_V13B23-285_A1,10
CCTCATGCAGCTACGA-1_V13B23-285_A1,3
CCTCCCGACAATCCCT-1_V13B23-285_A1,14
CCTCCGACAATTCAAG-1_V13B23-285_A1,11
CCTCCTGAGCCCACAT-1_V13B23-285_A1,11
CCTCCTGTTGTGTCGT-1_V13B23-285_A1,16
CCTCGAAGTGGACGGG-1_V13B23-285_A1,16
CCTCGCCAGCAAATTA-1_V13B23-285_A1,5
CCTCGCGCGATATAGG-1_V13B23-285_A1,5
CCTCGCGCTGTGCGAT-1_V13B23-285_A1,19
CCTCGGACCGGGATAG-1_V13B23-285_A1,19
CCTCGGATGCTACCTG-1_V13B23-285_A1,11
CCTCTAATCTGCCAAG-1_V13B23-285_A1,11
CCTCTATCGATTAGCA-1_V13B23-285_A1,11
CCTCTCTCCCATCTAG-1_V13B23-285_A1,11
CCTCTGGCCTAGACGG-1_V13B23-285_A1,7
CCTCTGTACTATTCTA-1_V13B23-285_A1,11
CCTGAACGATATATTC-1_V13B23-285_A1,5
CCTGAATATTTACATA-1_V13B23-285_A1,11
CCTGACAAACTCGCGC-1_V13B23-285_A1,19
CCTGACCACCGATGGT-1_V13B23-285_A1,11
CCTGCCCGTTGTCTAG-1_V13B23-285_A1,11
CCTGCGATAGAACTGT-1_V13B23-285_A1,3
CCTGCGTTCTACGCTT-1_V13B23-285_A1,11
CCTGCTATTTGAGAAG-1_V13B23-285_A1,11
CCTGGAAACGTTCTGC-1_V13B23-285_A1,10
CCTGGCTAGACCCGCC-1_V13B23-285_A1,11
CCTGGTCGAATGTGGG-1_V13B23-285_A1,17
CCTGTAAGACATGATA-1_V13B23-285_A1,11
CCTGTACTCACGCCCA-1_V13B23-285_A1,11
CCTGTCACCCGGGCTC-1_V13B23-285_A1,11
CCTGTCCCTCACGTTA-1_V13B23-285_A1,5
CCTGTCGCCCGTAAAT-1_V13B23-285_A1,11
CCTGTGAAACCGTAAC-1_V13B23-285_A1,11
CCTGTGCATAGGAGAC-1_V13B23-285_A1,21
CCTGTTTGAAGACACG-1_V13B23-285_A1,10
CCTTCAGTTAAAGTGA-1_V13B23-285_A1,17
CCTTCGTATAGAATCC-1_V13B23-285_A1,21
CCTTCTCAGCGTTCCT-1_V13B23-285_A1,11
CCTTCTTGATCCAGTG-1_V13B23-285_A1,19
CCTTGACCACTTTATT-1_V13B23-285_A1,13
CCTTTAAGGGAGCACT-1_V13B23-285_A1,11
CCTTTCAATGAAGAAA-1_V13B23-285_A1,5
CCTTTGAATTATGGCT-1_V13B23-285_A1,19
CGAAACGCAATTCATG-1_V13B23-285_A1,11
CGAACAGTATGGGCGT-1_V13B23-285_A1,10
CGAACCCGCATGCGTC-1_V13B23-285_A1,11
CGAACGCCCAGTGCCG-1_V13B23-285_A1,3
CGAACGGCCGGACAAC-1_V13B23-285_A1,11
CGAAGACGGTGAGTGC-1_V13B23-285_A1,11
CGAAGACTGCCCGGGA-1_V13B23-285_A1,2
CGAAGCTATAAATTCA-1_V13B23-285_A1,9
CGAAGTTGCTCTGTGT-1_V13B23-285_A1,11
CGAATCTGCTCGACGC-1_V13B23-285_A1,17
CGAATGAAGTCATTGC-1_V13B23-285_A1,16
CGAATGACGCATAATG-1_V13B23-285_A1,19
CGACAATTTGATCTAA-1_V13B23-285_A1,17
CGACACGCTCCGACAG-1_V13B23-285_A1,21
CGACAGTTCGCGTTAT-1_V13B23-285_A1,11
CGACATGCGATCTTCT-1_V13B23-285_A1,5
CGACCCTTAACGCCGG-1_V13B23-285_A1,11
CGACCTACTAGACAAT-1_V13B23-285_A1,11
CGACGCATCCGTACCT-1_V13B23-285_A1,11
CGACTCAGGATGTTAT-1_V13B23-285_A1,6
CGACTTTGTATAGCCT-1_V13B23-285_A1,5
CGAGACCCTAGAGTGT-1_V13B23-285_A1,11
CGAGAGATGTGAACCT-1_V13B23-285_A1,10
CGAGAGCGCGTAGATA-1_V13B23-285_A1,11
CGAGAGCTTTCACTAC-1_V13B23-285_A1,1
CGAGAGGGTAGCCGCG-1_V13B23-285_A1,10
CGAGATGTTGCCTATA-1_V13B23-285_A1,3
CGAGATTTCGCTCGGG-1_V13B23-285_A1,10
CGAGCACTTCAAGTTT-1_V13B23-285_A1,19
CGAGCCGAGCACTCGA-1_V13B23-285_A1,21
CGAGCGTTGATCAGCC-1_V13B23-285_A1,1
CGAGCTGGGCTTTAGG-1_V13B23-285_A1,7
CGAGGAGCTTCCATAT-1_V13B23-285_A1,5
CGAGGATCGGGAACGA-1_V13B23-285_A1,5
CGAGGCCAGGCATTGG-1_V13B23-285_A1,3
CGAGGCTAAATATGGC-1_V13B23-285_A1,6
CGAGGGACTGCGGTCG-1_V13B23-285_A1,19
CGAGGGTATCCAGGTG-1_V13B23-285_A1,19
CGAGTACTAAAGAGGA-1_V13B23-285_A1,11
CGAGTGAAGGTACCAG-1_V13B23-285_A1,17
CGAGTGCTATAGTTCG-1_V13B23-285_A1,3
CGAGTTCTGTCCCACC-1_V13B23-285_A1,19
CGAGTTTATCGGACTG-1_V13B23-285_A1,17
CGATAATACTCAGGTT-1_V13B23-285_A1,10
CGATACCTCGCGGACA-1_V13B23-285_A1,11
CGATAGTCGTACTGCA-1_V13B23-285_A1,1
CGATATTAGCCGCAGG-1_V13B23-285_A1,3
CGATCCGACCCAGTGC-1_V13B23-285_A1,11
CGATCCTCGCAACATA-1_V13B23-285_A1,12
CGATCTGTTGGAGGAC-1_V13B23-285_A1,11
CGATGGACCCTACGCC-1_V13B23-285_A1,3
CGATGTTGTTATCTAC-1_V13B23-285_A1,10
CGATTAAATATCTCCT-1_V13B23-285_A1,19
CGATTCGCCTGGCTGC-1_V13B23-285_A1,4
CGCAAACACGAGTTAC-1_V13B23-285_A1,11
CGCAATCGATCATTAG-1_V13B23-285_A1,19
CGCAATTACTTTCGGT-1_V13B23-285_A1,19
CGCAATTAGGGTAATA-1_V13B23-285_A1,11
CGCAATTCTACAATAA-1_V13B23-285_A1,19
CGCACATGTCCACTAC-1_V13B23-285_A1,10
CGCACGTGCGCTATCA-1_V13B23-285_A1,17
CGCAGAAACATTTGCG-1_V13B23-285_A1,14
CGCAGATCTTCACCCG-1_V13B23-285_A1,5
CGCAGGCGATCCAAAC-1_V13B23-285_A1,10
CGCATCATGGCTTCAG-1_V13B23-285_A1,9
CGCATCCATCAGCCAG-1_V13B23-285_A1,17
CGCATGCCGAATGCGT-1_V13B23-285_A1,16
CGCATGGTGCGATGCT-1_V13B23-285_A1,11
CGCATTAGCTAATAGG-1_V13B23-285_A1,11
CGCCAAGAAGCCGAGT-1_V13B23-285_A1,11
CGCCACAGGTCGCGAT-1_V13B23-285_A1,11
CGCCACCCGCATTAAC-1_V13B23-285_A1,21
CGCCATCCGATTATGA-1_V13B23-285_A1,19
CGCCCAGCACGCCTAG-1_V13B23-285_A1,17
CGCCCAGCGTTTCACG-1_V13B23-285_A1,16
CGCCCGCTTCCGTACA-1_V13B23-285_A1,1
CGCCCTTGAAGGCTGA-1_V13B23-285_A1,4
CGCCGACTATTCGCTA-1_V13B23-285_A1,11
CGCCGCCCATGCCTGT-1_V13B23-285_A1,19
CGCCGTCTACCCATCG-1_V13B23-285_A1,7
CGCCGTTCAGCATAGT-1_V13B23-285_A1,10
CGCCTCCCTCCTCTAT-1_V13B23-285_A1,11
CGCCTGGCCTACGTAA-1_V13B23-285_A1,11
CGCCTTTAGCATGCTC-1_V13B23-285_A1,10
CGCGAAGTGGCATACT-1_V13B23-285_A1,7
CGCGACACTGCGCAGC-1_V13B23-285_A1,19
CGCGACCGCGACAGAT-1_V13B23-285_A1,1
CGCGAGTCTGCCGGGT-1_V13B23-285_A1,11
CGCGCAAATGTCCAGA-1_V13B23-285_A1,11
CGCGCAAGGAACTACA-1_V13B23-285_A1,3
CGCGCATGTTTGATTG-1_V13B23-285_A1,11
CGCGCCCGACTTAATA-1_V13B23-285_A1,19
CGCGGCAGTATTACGG-1_V13B23-285_A1,3
CGCGGCTCAACTTGAA-1_V13B23-285_A1,3
CGCGGGAATTAGGCAG-1_V13B23-285_A1,19
CGCGGTAAGTCTAGCT-1_V13B23-285_A1,21
CGCGGTACGGTATACA-1_V13B23-285_A1,1
CGCGGTCACAAACCAA-1_V13B23-285_A1,9
CGCGTGCTATCAACGA-1_V13B23-285_A1,9
CGCGTTCATGAAATAC-1_V13B23-285_A1,8
CGCTACCGCCCTATGA-1_V13B23-285_A1,16
CGCTACGGGACATTTA-1_V13B23-285_A1,11
CGCTAGAGACCGCTGC-1_V13B23-285_A1,17
CGCTATACCGCCCACT-1_V13B23-285_A1,3
CGCTATTCAATGTATG-1_V13B23-285_A1,1
CGCTATTCTTAGGCTC-1_V13B23-285_A1,6
CGCTCGACATAATGAT-1_V13B23-285_A1,11
CGCTCTCCGTAGATTA-1_V13B23-285_A1,11
CGCTGAGGACGTCCAA-1_V13B23-285_A1,3
CGCTGGTGACTACCCT-1_V13B23-285_A1,16
CGCTGTGACGCCGCAC-1_V13B23-285_A1,11
CGCTGTGTGGATGTTG-1_V13B23-285_A1,16
CGCTTAGTATTGATAC-1_V13B23-285_A1,19
CGCTTATTCCCGGTCG-1_V13B23-285_A1,11
CGCTTCCACTGAAATC-1_V13B23-285_A1,10
CGCTTCGGTCTAAGAC-1_V13B23-285_A1,1
CGCTTGGACGGATAGA-1_V13B23-285_A1,13
CGCTTTCATACCGGTG-1_V13B23-285_A1,3
CGCTTTCTTGCATTCG-1_V13B23-285_A1,7
CGGAAAGAATCAAACG-1_V13B23-285_A1,11
CGGAAAGCAAATGTGC-1_V13B23-285_A1,19
CGGAACGTAAACATAG-1_V13B23-285_A1,11
CGGACCTTTACGTCCC-1_V13B23-285_A1,5
CGGACGTTACTTGAAG-1_V13B23-285_A1,11
CGGAGCAATTTAATCG-1_V13B23-285_A1,19
CGGAGCATGGCGATCC-1_V13B23-285_A1,11
CGGAGCTTATAACACC-1_V13B23-285_A1,9
CGGAGTTTGAGAGACA-1_V13B23-285_A1,11
CGGATAAGCGGACATG-1_V13B23-285_A1,3
CGGATCCTCAAGGACT-1_V13B23-285_A1,18
CGGCAAACATCGTGCG-1_V13B23-285_A1,11
CGGCAATAAGATCGCC-1_V13B23-285_A1,10
CGGCACCGTTAGCGCC-1_V13B23-285_A1,9
CGGCACTCAAGAAAGT-1_V13B23-285_A1,3
CGGCAGGGTCGGGTTG-1_V13B23-285_A1,10
CGGCCACGCACAAAGT-1_V13B23-285_A1,11
CGGCCAGAGCGACCAT-1_V13B23-285_A1,19
CGGCCCAACCTGTAGT-1_V13B23-285_A1,1
CGGCCCAGGTATATCC-1_V13B23-285_A1,10
CGGCGCCATCAATCCC-1_V13B23-285_A1,18
CGGCTCTAAAGCTGCA-1_V13B23-285_A1,10
CGGCTCTTCGTCGAAC-1_V13B23-285_A1,9
CGGCTTTGTATGATAA-1_V13B23-285_A1,14
CGGGAATATAGTATAC-1_V13B23-285_A1,10
CGGGAATTTATGTAAA-1_V13B23-285_A1,11
CGGGAGCTTCAGTGTA-1_V13B23-285_A1,13
CGGGAGTATACCGCCG-1_V13B23-285_A1,17
CGGGATCAATGTAAGA-1_V13B23-285_A1,11
CGGGCAGCTAAACCGC-1_V13B23-285_A1,11
CGGGCCATAGCCGCAC-1_V13B23-285_A1,3
CGGGCCTTCTTTGTAA-1_V13B23-285_A1,11
CGGGCGATGGATCACG-1_V13B23-285_A1,17
CGGGTGTACCCATTTA-1_V13B23-285_A1,17
CGGGTTGTAGCTTTGG-1_V13B23-285_A1,20
CGGGTTTGTTAGGGCT-1_V13B23-285_A1,1
CGGTACGGCAAACCCA-1_V13B23-285_A1,7
CGGTACTAGAATCAAA-1_V13B23-285_A1,19
CGGTAGAGGTGCAGGT-1_V13B23-285_A1,10
CGGTCAAGTGGGAACC-1_V13B23-285_A1,19
CGGTCCATGAGACTCC-1_V13B23-285_A1,14
CGGTCCGTCGCAAGCC-1_V13B23-285_A1,19
CGGTCTATCAACCCGT-1_V13B23-285_A1,1
CGGTGAAGACTAAAGT-1_V13B23-285_A1,11
CGGTGCAGATAGAACG-1_V13B23-285_A1,11
CGGTGCGCGTTGGTCC-1_V13B23-285_A1,11
CGGTGGGCTCCAGCCT-1_V13B23-285_A1,9
CGGTGTACTTGATCCC-1_V13B23-285_A1,3
CGGTTATCCAACAGTG-1_V13B23-285_A1,10
CGGTTCAAGTAGGTGT-1_V13B23-285_A1,16
CGGTTCCGGCTTCTTG-1_V13B23-285_A1,3
CGGTTGACCTGGCATA-1_V13B23-285_A1,11
CGTAAACGCTTGAGTG-1_V13B23-285_A1,3
CGTAACTTCGACACTT-1_V13B23-285_A1,19
CGTAATAATTACGAGT-1_V13B23-285_A1,17
CGTACCGAAAGTCTAG-1_V13B23-285_A1,3
CGTACCTGATAGGCCT-1_V13B23-285_A1,11
CGTAGAGAGTAATTAT-1_V13B23-285_A1,1
CGTAGCGAATTGTCAG-1_V13B23-285_A1,3
CGTAGCGCCGACGTTG-1_V13B23-285_A1,17
CGTATTAAGAGATCTA-1_V13B23-285_A1,11
CGTCAAGGCTATAAAT-1_V13B23-285_A1,19
CGTCAATCTTTAACAT-1_V13B23-285_A1,3
CGTCACGTCCATTGGT-1_V13B23-285_A1,11
CGTCAGCTATTTACTC-1_V13B23-285_A1,7
CGTCAGTGCGCACAAG-1_V13B23-285_A1,21
CGTCATACCATATCCA-1_V13B23-285_A1,17
CGTCCAGATGGCTCCA-1_V13B23-285_A1,20
CGTCCTCATCGCGTGC-1_V13B23-285_A1,1
CGTCGCATGTGAGCCA-1_V13B23-285_A1,1
CGTCGCGGCGGGATTT-1_V13B23-285_A1,3
CGTCGCTTGGTTATAC-1_V13B23-285_A1,16
CGTCGGATAGTGTTGA-1_V13B23-285_A1,7
CGTCGGGTCTAAGCGC-1_V13B23-285_A1,11
CGTCGTCCTTCGCGAA-1_V13B23-285_A1,17
CGTCTGGAAGGGCCCG-1_V13B23-285_A1,17
CGTCTTGAGTGTGACG-1_V13B23-285_A1,5
CGTGAAGTTAATTCAC-1_V13B23-285_A1,11
CGTGACATTGGGTCGT-1_V13B23-285_A1,17
CGTGACCAGTCCTCTG-1_V13B23-285_A1,17
CGTGCAGACTGGGACA-1_V13B23-285_A1,11
CGTGCATTGTCGACGC-1_V13B23-285_A1,11
CGTGCCCTCCCGAAGA-1_V13B23-285_A1,19
CGTGCTGGCCTAGTCG-1_V13B23-285_A1,3
CGTGCTTCTACCTAAA-1_V13B23-285_A1,17
CGTGGAAGCCTCGTAC-1_V13B23-285_A1,16
CGTGGCCGAATATCTA-1_V13B23-285_A1,17
CGTGGTACCCAAAGGC-1_V13B23-285_A1,17
CGTGTATGGGAGCTGA-1_V13B23-285_A1,18
CGTGTCCCATTCGCGA-1_V13B23-285_A1,11
CGTGTCTCGTTACGAC-1_V13B23-285_A1,17
CGTGTGTTAAACCCTG-1_V13B23-285_A1,5
CGTTAAACTAGTTAGG-1_V13B23-285_A1,10
CGTTAATGTCCCGACG-1_V13B23-285_A1,16
CGTTAGCTCACAACTG-1_V13B23-285_A1,19
CGTTATCATACTTCCA-1_V13B23-285_A1,11
CGTTCAGACCCGCGAA-1_V13B23-285_A1,19
CGTTCATGGTGCGCGT-1_V13B23-285_A1,11
CGTTCTTCGCACACCT-1_V13B23-285_A1,9
CGTTGAATACCGCGCT-1_V13B23-285_A1,7
CGTTGAGCGACCGTCG-1_V13B23-285_A1,19
CGTTGCCCGCGTGGGA-1_V13B23-285_A1,17
CGTTGTAAACGTCAGG-1_V13B23-285_A1,19
CGTTGTAAGATTGATT-1_V13B23-285_A1,17
CGTTGTCGGCAATTGA-1_V13B23-285_A1,17
CGTTGTTTCAATTCCC-1_V13B23-285_A1,11
CGTTTAAGCGGAGCAC-1_V13B23-285_A1,13
CGTTTACAAGGCAGCT-1_V13B23-285_A1,14
CGTTTCACTTCGGGCG-1_V13B23-285_A1,17
CGTTTCGCTCATTACA-1_V13B23-285_A1,8
CGTTTGGTGTTGTGGG-1_V13B23-285_A1,18
CGTTTGTGTAGAGGGT-1_V13B23-285_A1,11
CTAAACGGGTGTAATC-1_V13B23-285_A1,3
CTAAAGAATGCCTACT-1_V13B23-285_A1,11
CTAAAGGGAAATAGGA-1_V13B23-285_A1,11
CTAAAGTCCGAAGCTA-1_V13B23-285_A1,12
CTAAATCCGGTGTACA-1_V13B23-285_A1,11
CTAAATCCTATTCCGG-1_V13B23-285_A1,19
CTAACCGCGCGCCCGT-1_V13B23-285_A1,11
CTAACGAAACTTGCTG-1_V13B23-285_A1,2
CTAACTGATAATCGCC-1_V13B23-285_A1,10
CTAACTGGTCCGGTTC-1_V13B23-285_A1,11
CTAAGGGAATGATTGG-1_V13B23-285_A1,11
CTAATTCGCACGCGCT-1_V13B23-285_A1,11
CTAATTCTCAGATATT-1_V13B23-285_A1,13
CTAATTTCAACAACAC-1_V13B23-285_A1,1
CTACAAGAAATAACCC-1_V13B23-285_A1,11
CTACACTAGCTTGTTC-1_V13B23-285_A1,3
CTACACTCGCAGATGG-1_V13B23-285_A1,16
CTACCCTAAGGTCATA-1_V13B23-285_A1,7
CTACGACTAGCTATAA-1_V13B23-285_A1,11
CTACGCACGGAGTACC-1_V13B23-285_A1,11
CTACGCCATTTCCGAT-1_V13B23-285_A1,14
CTACGTGTTGCCACCA-1_V13B23-285_A1,18
CTACTATCATAGGTTT-1_V13B23-285_A1,17
CTACTATCTTTCAGAG-1_V13B23-285_A1,5
CTACTCAAGGTATAGT-1_V13B23-285_A1,13
CTACTCTAGGCCCGGC-1_V13B23-285_A1,11
CTACTGCCACCTGACC-1_V13B23-285_A1,11
CTAGATAAACTCCTCG-1_V13B23-285_A1,3
CTAGATGTGAGTGTAA-1_V13B23-285_A1,10
CTAGATTTACGACGGC-1_V13B23-285_A1,19
CTAGCAACTAATTTAC-1_V13B23-285_A1,3
CTAGCATAGTATAATG-1_V13B23-285_A1,11
CTAGCCACAGGCGAGC-1_V13B23-285_A1,18
CTAGCCGATGTTATGA-1_V13B23-285_A1,16
CTAGCTTAATGGTCCC-1_V13B23-285_A1,16
CTAGGCGCCCTATCAG-1_V13B23-285_A1,13
CTAGGCGGCAGAGAAT-1_V13B23-285_A1,3
CTAGGTCTGAAGGAAT-1_V13B23-285_A1,10
CTAGGTTCGGACGTGA-1_V13B23-285_A1,7
CTAGTAGAAAGGGATT-1_V13B23-285_A1,1
CTAGTATTCGGAATTA-1_V13B23-285_A1,16
CTAGTCACGTCTTAAG-1_V13B23-285_A1,11
CTAGTGAAGGACAGGA-1_V13B23-285_A1,11
CTAGTTACAACCCGGT-1_V13B23-285_A1,5
CTAGTTGGGCCCGGTA-1_V13B23-285_A1,11
CTATAAGAGCCAATCG-1_V13B23-285_A1,17
CTATAGGCGTTGATGT-1_V13B23-285_A1,11
CTATCGACGAAATACA-1_V13B23-285_A1,17
CTATCGCGTAGAGAAC-1_V13B23-285_A1,1
CTATCGGGTCTCAACA-1_V13B23-285_A1,8
CTATGCCCGAATGCAA-1_V13B23-285_A1,19
CTATGGGAAGCGGAAT-1_V13B23-285_A1,10
CTATGTCACTAGCCCA-1_V13B23-285_A1,11
CTATGTCTATTGAAAC-1_V13B23-285_A1,1
CTATGTGAGTCACGGC-1_V13B23-285_A1,11
CTATTCATGTGTCCCA-1_V13B23-285_A1,11
CTATTTGCTTGGAGGA-1_V13B23-285_A1,13
CTATTTGGTTACGGAT-1_V13B23-285_A1,19
CTCAAACCACTGCCCG-1_V13B23-285_A1,16
CTCAACTAACCCGGAT-1_V13B23-285_A1,17
CTCACATTTACTAAAT-1_V13B23-285_A1,10
CTCACCAGTACAAGTG-1_V13B23-285_A1,11
CTCACTGTGATACTTA-1_V13B23-285_A1,1
CTCACTTGGCTGGTAA-1_V13B23-285_A1,11
CTCAGATTGTGATAAG-1_V13B23-285_A1,11
CTCAGGACTCACCTGT-1_V13B23-285_A1,18
CTCAGTCACGACAAAT-1_V13B23-285_A1,5
CTCATCACTTAGTGAT-1_V13B23-285_A1,5
CTCATGGCTCACAATC-1_V13B23-285_A1,13
CTCATGGTAATTTGCG-1_V13B23-285_A1,11
CTCATTCGTGAACATC-1_V13B23-285_A1,19
CTCATTGCTCTAACAA-1_V13B23-285_A1,16
CTCATTTGATGGGCGG-1_V13B23-285_A1,14
CTCCCAATGAGTCGCG-1_V13B23-285_A1,18
CTCCCTCCTTTCGATC-1_V13B23-285_A1,11
CTCCGCCCACATGAGG-1_V13B23-285_A1,11
CTCCGGCCTAATATGC-1_V13B23-285_A1,11
CTCCGGCTTGTAGACA-1_V13B23-285_A1,3
CTCCTAAGTTATGTCT-1_V13B23-285_A1,3
CTCCTCCAGCTCACAC-1_V13B23-285_A1,17
CTCCTGTTCAAGGCAG-1_V13B23-285_A1,16
CTCCTTTACGCAAGTC-1_V13B23-285_A1,5
CTCGAGACATACGATA-1_V13B23-285_A1,19
CTCGAGATCCAAAGCA-1_V13B23-285_A1,3
CTCGAGGTCGAACAGT-1_V13B23-285_A1,11
CTCGATATTTGCGAGC-1_V13B23-285_A1,7
CTCGCACCTATATAGT-1_V13B23-285_A1,11
CTCGCATTGCATAGCC-1_V13B23-285_A1,19
CTCGCCGAATGTAGGG-1_V13B23-285_A1,19
CTCGGGATAACACCTA-1_V13B23-285_A1,10
CTCGGGTTCTCTGGCC-1_V13B23-285_A1,11
CTCGGTACCACTGCTC-1_V13B23-285_A1,19
CTCGGTCCGTAGCCTG-1_V13B23-285_A1,11
CTCGGTTGTCGGCCCT-1_V13B23-285_A1,17
CTCGTCGAGGGCTCAT-1_V13B23-285_A1,11
CTCGTCTGTGCCTTCG-1_V13B23-285_A1,17
CTCGTTTCTAATGTTT-1_V13B23-285_A1,7
CTCTAATGCATTGATC-1_V13B23-285_A1,7
CTCTACACTGGCGATT-1_V13B23-285_A1,11
CTCTAGCCCTCGGAAA-1_V13B23-285_A1,16
CTCTATTTGGCTGCAG-1_V13B23-285_A1,11
CTCTCACAATCGATGA-1_V13B23-285_A1,11
CTCTCGATGTGCGCCT-1_V13B23-285_A1,15
CTCTCGCTGTACTATG-1_V13B23-285_A1,19
CTCTCTAACTGCCTAG-1_V13B23-285_A1,11
CTCTGCGAAGCAAGCA-1_V13B23-285_A1,17
CTCTGGACGCCTGGTG-1_V13B23-285_A1,11
CTCTGTGCCTGCTATG-1_V13B23-285_A1,3
CTCTGTTTGAGGATTC-1_V13B23-285_A1,3
CTCTTCTATTGACTGG-1_V13B23-285_A1,18
CTCTTCTGGAAGTTAG-1_V13B23-285_A1,8
CTCTTGTCCCGCTTGG-1_V13B23-285_A1,16
CTGAAAGAGATCCGAC-1_V13B23-285_A1,10
CTGAATCCGAGACCTC-1_V13B23-285_A1,11
CTGAATTTATTGCCAG-1_V13B23-285_A1,17
CTGACATAGAAATAGA-1_V13B23-285_A1,7
CTGACTGCGCAGCTCG-1_V13B23-285_A1,7
CTGAGAAAGTTCGGCG-1_V13B23-285_A1,16
CTGAGCAAGTAACAAG-1_V13B23-285_A1,3
CTGATAGTGTATCTCA-1_V13B23-285_A1,11
CTGCAAGCACGTTCCG-1_V13B23-285_A1,1
CTGCACAACTACATAT-1_V13B23-285_A1,16
CTGCACCTAGTCCACA-1_V13B23-285_A1,18
CTGCACCTGGAACCGC-1_V13B23-285_A1,3
CTGCACTCCAGTACAG-1_V13B23-285_A1,7
CTGCAGAGAATCAGAG-1_V13B23-285_A1,17
CTGCCAAGGTTGGAAG-1_V13B23-285_A1,11
CTGCCATGCATCACAT-1_V13B23-285_A1,11
CTGCCCACGAAGCGTT-1_V13B23-285_A1,11
CTGCCTAGCCACCAAG-1_V13B23-285_A1,9
CTGCCTCATATGCAAC-1_V13B23-285_A1,5
CTGCCTTTAATACCTT-1_V13B23-285_A1,5
CTGCCTTTCTAGTAAA-1_V13B23-285_A1,21
CTGCGACCTCGCCGAA-1_V13B23-285_A1,5
CTGCGGGTGAAATGTT-1_V13B23-285_A1,19
CTGCGTTACGATATAA-1_V13B23-285_A1,17
CTGCTGAGGCCACGAA-1_V13B23-285_A1,11
CTGCTGTCTAACGAGC-1_V13B23-285_A1,10
CTGCTTGGCGATAGCT-1_V13B23-285_A1,18
CTGCTTTATGTCCGCG-1_V13B23-285_A1,9
CTGGAAATGGATGCTT-1_V13B23-285_A1,11
CTGGAAGACACGGTGG-1_V13B23-285_A1,10
CTGGACGCAGTCCGGC-1_V13B23-285_A1,11
CTGGATTTACACTTGA-1_V13B23-285_A1,11
CTGGCATCCGAATGAG-1_V13B23-285_A1,11
CTGGCGACATAAGTCC-1_V13B23-285_A1,1
CTGGCGATTTACATGT-1_V13B23-285_A1,12
CTGGCGCACAGGTCTG-1_V13B23-285_A1,5
CTGGCGGGAATAAGTA-1_V13B23-285_A1,21
CTGGCTCCTGCGGGAT-1_V13B23-285_A1,3
CTGGCTGATTCATCCT-1_V13B23-285_A1,1
CTGGCTGCTAACGTAA-1_V13B23-285_A1,18
CTGGCTGGTTGTCAGT-1_V13B23-285_A1,11
CTGGGATAAATAATGG-1_V13B23-285_A1,16
CTGGGATACGCTACCC-1_V13B23-285_A1,10
CTGGGCCTGCTATATC-1_V13B23-285_A1,11
CTGGGTAGGCAGTTAA-1_V13B23-285_A1,19
CTGGGTTGAGTTAAAG-1_V13B23-285_A1,19
CTGGTAAAGACTTACA-1_V13B23-285_A1,12
CTGGTAAAGTGTGGGC-1_V13B23-285_A1,18
CTGGTAACACATAGAA-1_V13B23-285_A1,19
CTGGTAACGAGCTCTT-1_V13B23-285_A1,10
CTGGTCATTCCAATCC-1_V13B23-285_A1,19
CTGGTCCTAACTTGGC-1_V13B23-285_A1,9
CTGGTTCAACGCATCA-1_V13B23-285_A1,3
CTGGTTCGCGAGCTAC-1_V13B23-285_A1,5
CTGGTTTCGAGCAAGA-1_V13B23-285_A1,7
CTGTACTTCTTAGCAT-1_V13B23-285_A1,11
CTGTAGCCATCTCACT-1_V13B23-285_A1,11
CTGTATGGTGTAGAAA-1_V13B23-285_A1,1
CTGTCAAATGGCTCGG-1_V13B23-285_A1,6
CTGTGCAGGGTAGGTC-1_V13B23-285_A1,11
CTGTGGTCGGGAGATA-1_V13B23-285_A1,16
CTGTTACCCAATCTAG-1_V13B23-285_A1,11
CTGTTCACTGCCTGTG-1_V13B23-285_A1,11
CTGTTCATCTCACGGG-1_V13B23-285_A1,19
CTGTTGGCTCTTCTGA-1_V13B23-285_A1,19
CTTAAATAAGACCCAT-1_V13B23-285_A1,19
CTTAACTTACAGTATA-1_V13B23-285_A1,1
CTTAACTTCGAAGTAC-1_V13B23-285_A1,18
CTTAAGCAGCGAGCCG-1_V13B23-285_A1,19
CTTACACGGTATTCCA-1_V13B23-285_A1,11
CTTACACTGGGAAATA-1_V13B23-285_A1,3
CTTAGCCCGGATAGTG-1_V13B23-285_A1,19
CTTAGCCTTCCACATG-1_V13B23-285_A1,6
CTTAGTAGGCCTACAG-1_V13B23-285_A1,17
CTTAGTGTAGTAGCAT-1_V13B23-285_A1,13
CTTATAGATGGCTGTT-1_V13B23-285_A1,13
CTTATGCGCTCAGGGC-1_V13B23-285_A1,11
CTTATGTTGACTACCA-1_V13B23-285_A1,3
CTTCAACTCCACTTGG-1_V13B23-285_A1,18
CTTCAGTGGTCGCCTA-1_V13B23-285_A1,11
CTTCATAGCTCAAGAA-1_V13B23-285_A1,17
CTTCATTGTCAGTGGA-1_V13B23-285_A1,11
CTTCCGCTCCGTGAAG-1_V13B23-285_A1,11
CTTCGATTGCGCAAGC-1_V13B23-285_A1,1
CTTCGGCCAATTGTTT-1_V13B23-285_A1,10
CTTCGTAGATAGGTGA-1_V13B23-285_A1,11
CTTCGTGCCCGCATCG-1_V13B23-285_A1,2
CTTCTATGTTGAAGTA-1_V13B23-285_A1,11
CTTCTATTAATGCTAG-1_V13B23-285_A1,11
CTTCTTACGTCGTATA-1_V13B23-285_A1,13
CTTGACCCGAAAGATA-1_V13B23-285_A1,17
CTTGAGGTTATCCCGA-1_V13B23-285_A1,3
CTTGAGTTAGGGTAAT-1_V13B23-285_A1,10
CTTGATGACCATCCAG-1_V13B23-285_A1,13
CTTGCAACCGCCTCCT-1_V13B23-285_A1,11
CTTGCCCACCCACGCA-1_V13B23-285_A1,13
CTTGCCCAGGCTCTAC-1_V13B23-285_A1,11
CTTGGCCAAGCTGGGA-1_V13B23-285_A1,19
CTTGTACTTGTTGACT-1_V13B23-285_A1,11
CTTGTCAACATTCGAG-1_V13B23-285_A1,11
CTTGTCGTACGTGTCA-1_V13B23-285_A1,3
CTTGTGAGGACAGCGG-1_V13B23-285_A1,13
CTTGTGAGTCTTTGAC-1_V13B23-285_A1,3
CTTGTGCTCACCGATT-1_V13B23-285_A1,7
CTTGTTGCTGAGTCAA-1_V13B23-285_A1,19
CTTGTTTATGTAGCCA-1_V13B23-285_A1,21
CTTTAACTTTCAAAGG-1_V13B23-285_A1,11
CTTTAATATTGGTCGA-1_V13B23-285_A1,10
CTTTACCGAATAGTAG-1_V13B23-285_A1,19
CTTTAGGAACACTGTT-1_V13B23-285_A1,19
CTTTAGTGCTATTATT-1_V13B23-285_A1,11
CTTTCTGTGCGGGCTT-1_V13B23-285_A1,10
CTTTGACGTCGCTTCT-1_V13B23-285_A1,11
CTTTGCATCGCTCTTG-1_V13B23-285_A1,16
CTTTGCTGTCATGGAT-1_V13B23-285_A1,10
CTTTGGCGCTTTATAC-1_V13B23-285_A1,11
CTTTGGCTTTAGTAAA-1_V13B23-285_A1,11
CTTTGGGATTGTTGCA-1_V13B23-285_A1,17
CTTTGTCGAATGCTCC-1_V13B23-285_A1,19
GAAACAGATGACCACC-1_V13B23-285_A1,19
GAAACAGCCATGCAGT-1_V13B23-285_A1,12
GAAACATAGGAAACAG-1_V13B23-285_A1,5
GAAACCATGGTGCGCT-1_V13B23-285_A1,7
GAAACCGAATTACCTT-1_V13B23-285_A1,11
GAAACCTATACAAATG-1_V13B23-285_A1,17
GAAACTCGTGCGATGC-1_V13B23-285_A1,19
GAAACTCTAATGAAGG-1_V13B23-285_A1,14
GAAAGAACAGCGTTAT-1_V13B23-285_A1,10
GAAAGCAGTGCACTTT-1_V13B23-285_A1,19
GAAAGCCCTTTGGACC-1_V13B23-285_A1,11
GAAAGTGACTAACTGC-1_V13B23-285_A1,19
GAAATACTAAACGTTT-1_V13B23-285_A1,15
GAAATATCACCATCAG-1_V13B23-285_A1,11
GAAATCGCGCGCAACT-1_V13B23-285_A1,11
GAAATCTGACCAAGTT-1_V13B23-285_A1,19
GAAATGGCGGTGTTAG-1_V13B23-285_A1,11
GAAATGGGATGTAAAC-1_V13B23-285_A1,3
GAAATTAGCACGGATA-1_V13B23-285_A1,5
GAAATTCACATCGCTG-1_V13B23-285_A1,17
GAAATTGTCTCTATAA-1_V13B23-285_A1,11
GAACAACTGGGATGAA-1_V13B23-285_A1,1
GAACACACATCAACCA-1_V13B23-285_A1,11
GAACAGATTACTAAAT-1_V13B23-285_A1,1
GAACCATCTGGGAGAC-1_V13B23-285_A1,14
GAACCCTCTGTGTTCT-1_V13B23-285_A1,19
GAACCTCGACCTACAC-1_V13B23-285_A1,11
GAACCTTTAACGATCC-1_V13B23-285_A1,1
GAACGACCGAATGATA-1_V13B23-285_A1,11
GAACGATAAGTTAAAG-1_V13B23-285_A1,5
GAACGCGGGTCACACG-1_V13B23-285_A1,10
GAACGTCTCATGGTCG-1_V13B23-285_A1,16
GAACGTTAGGAAGACG-1_V13B23-285_A1,11
GAACTGTGGAGAGACA-1_V13B23-285_A1,19
GAAGAAACGATATTGT-1_V13B23-285_A1,19
GAAGAACGGTGCAGGT-1_V13B23-285_A1,3
GAAGCAAGGCAATGTT-1_V13B23-285_A1,3
GAAGCCACTGATTATG-1_V13B23-285_A1,17
GAAGCCGGGTAAGCTC-1_V13B23-285_A1,19
GAAGCCTGCACATTCC-1_V13B23-285_A1,19
GAAGCGTGAGGAATTT-1_V13B23-285_A1,11
GAAGCTCGGACCCGTC-1_V13B23-285_A1,11
GAAGCTCTTTGCTTAG-1_V13B23-285_A1,18
GAAGCTTGCTGACCGC-1_V13B23-285_A1,11
GAAGGACTAAATTGAA-1_V13B23-285_A1,12
GAAGGAGTCGAGTGCG-1_V13B23-285_A1,17
GAAGGCTACCATTGTT-1_V13B23-285_A1,5
GAAGGGCATAACCATG-1_V13B23-285_A1,3
GAAGTCAGTTGCACTA-1_V13B23-285_A1,11
GAAGTCTCCCTAGCGA-1_V13B23-285_A1,5
GAAGTGATTTATCGTG-1_V13B23-285_A1,11
GAAGTGCTGGATAGCT-1_V13B23-285_A1,17
GAAGTTTCCACTCAAT-1_V13B23-285_A1,11
GAATAGACGCGACCCA-1_V13B23-285_A1,19
GAATAGCATTTAGGGT-1_V13B23-285_A1,10
GAATAGTGCTCGATTA-1_V13B23-285_A1,19
GAATATTCGGAGTCCC-1_V13B23-285_A1,14
GAATCGACATGGTCAC-1_V13B23-285_A1,11
GAATCGCCGGACACGG-1_V13B23-285_A1,3
GAATCTGAACATTCTC-1_V13B23-285_A1,11
GAATGCCGAAATGACC-1_V13B23-285_A1,7
GAATGCGAATCGGTTC-1_V13B23-285_A1,10
GAATGGGCTTATCGAC-1_V13B23-285_A1,11
GAATGTATGGCAGGTC-1_V13B23-285_A1,7
GAATGTGGTCCGGATT-1_V13B23-285_A1,19
GAATGTTGGGTAATCT-1_V13B23-285_A1,11
GAATTATAGTGAAAGG-1_V13B23-285_A1,11
GAATTCACCCGGGTGT-1_V13B23-285_A1,11
GAATTTCTCGCTGCAG-1_V13B23-285_A1,11
GACAAACATATGCAGG-1_V13B23-285_A1,1
GACAACGACCATTGAA-1_V13B23-285_A1,19
GACAACGCAGCTTACG-1_V13B23-285_A1,11
GACAAGAGATGAGATT-1_V13B23-285_A1,21
GACACAAGGGAAGAAA-1_V13B23-285_A1,17
GACACGAGTTAGAGGA-1_V13B23-285_A1,2
GACACTGAGTTCAGTG-1_V13B23-285_A1,11
GACACTGGAACCCGAT-1_V13B23-285_A1,16
GACACTTCCAATTACC-1_V13B23-285_A1,21
GACAGATTTCTGGCTC-1_V13B23-285_A1,11
GACAGCCAGACCTGAC-1_V13B23-285_A1,19
GACAGGCACACACTAT-1_V13B23-285_A1,11
GACATACTGTCGCAGA-1_V13B23-285_A1,19
GACATCCGTCGAACTG-1_V13B23-285_A1,16
GACATCGATTTATAAC-1_V13B23-285_A1,11
GACCAAACGTTGACTG-1_V13B23-285_A1,16
GACCACACTTCCCTTT-1_V13B23-285_A1,17
GACCAGAGCCCTGTAG-1_V13B23-285_A1,11
GACCCAATTATGATAC-1_V13B23-285_A1,11
GACCCGTCGCCGGCTA-1_V13B23-285_A1,3
GACCGACGTGAAAGCA-1_V13B23-285_A1,5
GACCGACTGAAGCGTC-1_V13B23-285_A1,11
GACCGCGTCTGACGTG-1_V13B23-285_A1,17
GACCGTCAGGTCGTGA-1_V13B23-285_A1,12
GACCGTGCTGACGGTG-1_V13B23-285_A1,11
GACCGTTACATGCGAC-1_V13B23-285_A1,11
GACCTTCCACGTCTAC-1_V13B23-285_A1,3
GACGACGATCCGCGTT-1_V13B23-285_A1,11
GACGAGGCTAATAAAC-1_V13B23-285_A1,10
GACGCCGTAAAGGCTA-1_V13B23-285_A1,11
GACGCCTGTTGCAGGG-1_V13B23-285_A1,3
GACGCTTGCTTCTAAA-1_V13B23-285_A1,11
GACGGACCGCGTTCCT-1_V13B23-285_A1,2
GACGGGATGTCTTATG-1_V13B23-285_A1,2
GACGGGTTGGCCCGTA-1_V13B23-285_A1,17
GACGGTCAATAGAAGC-1_V13B23-285_A1,10
GACGGTCCTAGGGTGT-1_V13B23-285_A1,5
GACGTGAGACTCCATG-1_V13B23-285_A1,3
GACGTGTAGGGATTAT-1_V13B23-285_A1,11
GACGTTCGTAAATACA-1_V13B23-285_A1,5
GACTAAGATCATGCAC-1_V13B23-285_A1,11
GACTAAGTAGGCTCAC-1_V13B23-285_A1,11
GACTACAAAGCGGTGG-1_V13B23-285_A1,11
GACTACAATTGCTCGT-1_V13B23-285_A1,9
GACTAGGCCGTTAGGT-1_V13B23-285_A1,13
GACTCACCCACGTGAG-1_V13B23-285_A1,10
GACTCCCAGAATAAGG-1_V13B23-285_A1,5
GACTCCTTCCAATTGA-1_V13B23-285_A1,19
GACTCGCGGGAATGAC-1_V13B23-285_A1,10
GACTGCAAATCGAGCT-1_V13B23-285_A1,3
GACTGCACCAGCCCAG-1_V13B23-285_A1,19
GACTGCGGCACGTGTA-1_V13B23-285_A1,19
GAGAACGGTTCTGACT-1_V13B23-285_A1,1
GAGAATCTCACGATCA-1_V13B23-285_A1,11
GAGACTGATGGGTAGA-1_V13B23-285_A1,11
GAGACTTCGCGACCGA-1_V13B23-285_A1,11
GAGAGCGCAGTCCCTG-1_V13B23-285_A1,19
GAGAGGCCTATGTGTA-1_V13B23-285_A1,7
GAGAGGGCGCGAGGTT-1_V13B23-285_A1,11
GAGAGGTGCATTCTGG-1_V13B23-285_A1,11
GAGATCTGCTTGGCAT-1_V13B23-285_A1,11
GAGATCTGTCACTCCG-1_V13B23-285_A1,17
GAGATCTTCCATGACA-1_V13B23-285_A1,19
GAGATGACAATCCTTA-1_V13B23-285_A1,7
GAGATGGCTTTAATCA-1_V13B23-285_A1,21
GAGATGGGAGTCGACA-1_V13B23-285_A1,17
GAGCACCTGTGTCCAG-1_V13B23-285_A1,21
GAGCACGGCGCCTCTT-1_V13B23-285_A1,10
GAGCATCAACAACTTG-1_V13B23-285_A1,12
GAGCATCATCCCTGGG-1_V13B23-285_A1,3
GAGCCACGGTAGTAGG-1_V13B23-285_A1,5
GAGCCAGCTACCTGTG-1_V13B23-285_A1,1
GAGCGAGGGAGTACCG-1_V13B23-285_A1,21
GAGCGCAAATACTCCG-1_V13B23-285_A1,10
GAGCGCGCACGAGTAG-1_V13B23-285_A1,1
GAGCGCTGTTAGGTAA-1_V13B23-285_A1,11
GAGCTAAGGGCATATC-1_V13B23-285_A1,19
GAGCTCTCGGACCTAA-1_V13B23-285_A1,3
GAGCTGTCGTCTCGGA-1_V13B23-285_A1,2
GAGGAATGGAGAGGTT-1_V13B23-285_A1,19
GAGGAGATCCTCATGC-1_V13B23-285_A1,13
GAGGAGTAATTCCTAC-1_V13B23-285_A1,14
GAGGATAAACAGTGCT-1_V13B23-285_A1,10
GAGGCCCGACTCCGCA-1_V13B23-285_A1,11
GAGGCCTGTTGATACA-1_V13B23-285_A1,18
GAGGCTATCAAAGTCG-1_V13B23-285_A1,11
GAGGGAGTCAGATCGC-1_V13B23-285_A1,16
GAGGGCATCGCGTATC-1_V13B23-285_A1,3
GAGGGCGCAGCTCTGC-1_V13B23-285_A1,5
GAGGGTAGTAACAAAG-1_V13B23-285_A1,17
GAGGTACATCCATCTT-1_V13B23-285_A1,4
GAGGTACGCGTGTCCC-1_V13B23-285_A1,16
GAGGTCCCAAAGATCT-1_V13B23-285_A1,1
GAGTAAACCGGAAAGT-1_V13B23-285_A1,7
GAGTAAGGCCACGGGA-1_V13B23-285_A1,11
GAGTACGGGTATACAA-1_V13B23-285_A1,3
GAGTAGATACTAGTTG-1_V13B23-285_A1,19
GAGTATCAAAGTTACA-1_V13B23-285_A1,10
GAGTATGCCCGCCTTG-1_V13B23-285_A1,11
GAGTATGCGCGTGCAT-1_V13B23-285_A1,16
GAGTCAGACCAGAATC-1_V13B23-285_A1,11
GAGTCCGCTTACCGGA-1_V13B23-285_A1,11
GAGTCGACAGACCCTC-1_V13B23-285_A1,19
GAGTCTTGTAAAGGAC-1_V13B23-285_A1,11
GAGTGTCAACCAGAAA-1_V13B23-285_A1,1
GAGTGTGCGGTACCCA-1_V13B23-285_A1,19
GAGTTCTGTGGGTGCT-1_V13B23-285_A1,19
GAGTTGATGGCAATTT-1_V13B23-285_A1,11
GATAAATCGGTGGATG-1_V13B23-285_A1,3
GATAACTCGCACTGTG-1_V13B23-285_A1,19
GATAAGGCAGATGCAA-1_V13B23-285_A1,3
GATACCGTGTCGGAGT-1_V13B23-285_A1,5
GATACGATGGGAGTCA-1_V13B23-285_A1,11
GATAGCGTACCACGCG-1_V13B23-285_A1,10
GATAGGATTAATTACA-1_V13B23-285_A1,10
GATAGGTAACGTTGAC-1_V13B23-285_A1,11
GATAGGTGTCCCGGGC-1_V13B23-285_A1,7
GATATCAAGCAGGAGC-1_V13B23-285_A1,19
GATATCAGTATGTATC-1_V13B23-285_A1,3
GATATCTCATGCAATA-1_V13B23-285_A1,16
GATATGAGACACTAAC-1_V13B23-285_A1,19
GATATGCGGTAGCCAA-1_V13B23-285_A1,6
GATATGGATTACGCGG-1_V13B23-285_A1,19
GATATTGAGATTGGCG-1_V13B23-285_A1,10
GATATTTCCTACATGG-1_V13B23-285_A1,17
GATCAACATAAAGGGA-1_V13B23-285_A1,11
GATCATTCCAAACATT-1_V13B23-285_A1,11
GATCCCTTTATACTGC-1_V13B23-285_A1,11
GATCCGAATATAAGTG-1_V13B23-285_A1,10
GATCCGGGAATTAACA-1_V13B23-285_A1,11
GATCCTAAATCGGGAC-1_V13B23-285_A1,5
GATCCTCGACACTGGC-1_V13B23-285_A1,11
GATCGACACTATCTGA-1_V13B23-285_A1,5
GATCGCGGGCTCTCCA-1_V13B23-285_A1,8
GATCGCTACCCGATTT-1_V13B23-285_A1,13
GATCGCTATATCTCAG-1_V13B23-285_A1,10
GATCGGATAGAACCAT-1_V13B23-285_A1,11
GATCGGCGATAAGTCG-1_V13B23-285_A1,19
GATCGGTGGCCATAAC-1_V13B23-285_A1,12
GATCGTGACTGATATC-1_V13B23-285_A1,11
GATCTAACCGTATTCA-1_V13B23-285_A1,19
GATCTCGACGCTGTGG-1_V13B23-285_A1,7
GATCTGCTATCTAAGG-1_V13B23-285_A1,17
GATCTTCATTGTCCTC-1_V13B23-285_A1,19
GATCTTGGAGGGCATA-1_V13B23-285_A1,11
GATCTTTGCAGGGTAT-1_V13B23-285_A1,11
GATGACAAGTAGGGCA-1_V13B23-285_A1,17
GATGAGGAACCTTCGG-1_V13B23-285_A1,17
GATGATTTGAAACTGG-1_V13B23-285_A1,3
GATGCCACACTACAGC-1_V13B23-285_A1,3
GATGCCAGCAGAAGGC-1_V13B23-285_A1,19
GATGCCTTCTGCGGCA-1_V13B23-285_A1,5
GATGCGAATGGTATTA-1_V13B23-285_A1,19
GATGCGTCCTGCATTC-1_V13B23-285_A1,11
GATGCTACAAGCGCCT-1_V13B23-285_A1,17
GATGCTACCTTCGATG-1_V13B23-285_A1,19
GATGCTGTATTTCATC-1_V13B23-285_A1,19
GATGGCGCACACATTA-1_V13B23-285_A1,1
GATGTAACGAACCACC-1_V13B23-285_A1,11
GATGTCCGGATCACAT-1_V13B23-285_A1,3
GATGTCGGTCAACTGC-1_V13B23-285_A1,9
GATGTTCAATCCACGA-1_V13B23-285_A1,8
GATGTTTGTGCGAGAT-1_V13B23-285_A1,21
GATTAACCGAAAGCCC-1_V13B23-285_A1,7
GATTAATCCTGGCTCA-1_V13B23-285_A1,3
GATTACTGAATTTGGG-1_V13B23-285_A1,11
GATTCCCTTGTCGCAG-1_V13B23-285_A1,11
GATTCCGCGTTTCCGT-1_V13B23-285_A1,20
GATTCCTATACGGCGC-1_V13B23-285_A1,19
GATTCGACGGTTCACG-1_V13B23-285_A1,11
GATTGACACTCTGCTC-1_V13B23-285_A1,9
GATTGCTCCAGTTGCA-1_V13B23-285_A1,16
GATTGGGAAAGGTTGT-1_V13B23-285_A1,17
GCAAACCCTACATTAT-1_V13B23-285_A1,19
GCAAACCTTGGCCATA-1_V13B23-285_A1,19
GCAAACGTCGCCAGGT-1_V13B23-285_A1,7
GCAAATATTACGCTTT-1_V13B23-285_A1,11
GCAAATGAGGACACTT-1_V13B23-285_A1,11
GCAACACACTAGAACT-1_V13B23-285_A1,11
GCAACAGCAGTATGCG-1_V13B23-285_A1,10
GCAACCACCAGACCGG-1_V13B23-285_A1,14
GCAACCACGGCCGCGT-1_V13B23-285_A1,11
GCAACCCAAGTTGTTT-1_V13B23-285_A1,11
GCAACGGCTAGTTATG-1_V13B23-285_A1,10
GCAAGAATTCCTTGGC-1_V13B23-285_A1,11
GCAAGCTGGAAACCGC-1_V13B23-285_A1,17
GCAAGTGCACAGAGAA-1_V13B23-285_A1,11
GCAAGTGTAAAGCATG-1_V13B23-285_A1,19
GCAATTAGTCGCACCG-1_V13B23-285_A1,7
GCACAAACGAGGCGTG-1_V13B23-285_A1,10
GCACAACCTCGGGCGT-1_V13B23-285_A1,19
GCACAAGTGGATCATA-1_V13B23-285_A1,19
GCACAAGTGTCGGAAG-1_V13B23-285_A1,15
GCACACACTGGTAGCC-1_V13B23-285_A1,17
GCACACGCCCATGGTC-1_V13B23-285_A1,11
GCACGCCTACTTAGAT-1_V13B23-285_A1,11
GCACGTGGTTTACTTA-1_V13B23-285_A1,18
GCACTAGTCGCGCTAT-1_V13B23-285_A1,3
GCACTCCCACAGTCCC-1_V13B23-285_A1,3
GCACTGCCTACCTTTA-1_V13B23-285_A1,16
GCACTGTGCAAATGTA-1_V13B23-285_A1,3
GCAGAAGGTAATCTCC-1_V13B23-285_A1,1
GCAGACCCAGCACGTA-1_V13B23-285_A1,10
GCAGATCCATAAGACT-1_V13B23-285_A1,10
GCAGATCCTCGCAAAT-1_V13B23-285_A1,19
GCAGATTAGGGATATC-1_V13B23-285_A1,11
GCAGCACACAGCCCAG-1_V13B23-285_A1,11
GCAGCCTATATCACAT-1_V13B23-285_A1,5
GCAGCGGTGGGCATTA-1_V13B23-285_A1,3
GCAGGAACTTAGATCT-1_V13B23-285_A1,11
GCAGGACTATAGAATA-1_V13B23-285_A1,11
GCAGGTAGAGTATGGT-1_V13B23-285_A1,3
GCAGTGTGGCTATAGG-1_V13B23-285_A1,21
GCAGTTCGATCCGAGC-1_V13B23-285_A1,10
GCATACGAGGTCTTTA-1_V13B23-285_A1,11
GCATAGAGCACTCAGG-1_V13B23-285_A1,11
GCATCCCTAACTTTGA-1_V13B23-285_A1,13
GCATCGGCCGTGTAGG-1_V13B23-285_A1,1
GCATGAGGGACGCGGC-1_V13B23-285_A1,16
GCATGCTAATAACGAT-1_V13B23-285_A1,7
GCATGGGTACTGACGC-1_V13B23-285_A1,11
GCATTCAAGGCAACGC-1_V13B23-285_A1,18
GCATTCGAAATGAACA-1_V13B23-285_A1,12
GCATTGACTTGCGGAA-1_V13B23-285_A1,19
GCATTGTAATTCATAT-1_V13B23-285_A1,11
GCATTTCCAAGGCTCC-1_V13B23-285_A1,5
GCCAACCATTTCCGGA-1_V13B23-285_A1,5
GCCAAGAATACTTCTG-1_V13B23-285_A1,11
GCCAATAGGGCATCTC-1_V13B23-285_A1,16
GCCACAATTTAAGGAC-1_V13B23-285_A1,11
GCCACTCAGAGCGCGA-1_V13B23-285_A1,7
GCCACTCCTTACGGTA-1_V13B23-285_A1,1
GCCAGGAGTAACCGAT-1_V13B23-285_A1,7
GCCAGGCTTAGTGGTA-1_V13B23-285_A1,15
GCCATATTGCACACAG-1_V13B23-285_A1,6
GCCATCGAGCTGCGTG-1_V13B23-285_A1,11
GCCATCGATGCTGCAT-1_V13B23-285_A1,5
GCCATTAGCCTCAAAC-1_V13B23-285_A1,19
GCCCACCAAGGCTGTC-1_V13B23-285_A1,3
GCCCAGATGCTGGAGA-1_V13B23-285_A1,5
GCCCAGTTGGTATGCC-1_V13B23-285_A1,19
GCCCGACTTCTTCCCG-1_V13B23-285_A1,11
GCCCGAGAGTCTAAAT-1_V13B23-285_A1,19
GCCCGATCTGTGGTCG-1_V13B23-285_A1,11
GCCCGCGCGTAAACGG-1_V13B23-285_A1,11
GCCCGCGCGTTTGACA-1_V13B23-285_A1,17
GCCCGTAATACCTTCT-1_V13B23-285_A1,19
GCCCTAGCCGTCGCGA-1_V13B23-285_A1,11
GCCGAAATTCCTACGT-1_V13B23-285_A1,11
GCCGACCCACGACTGC-1_V13B23-285_A1,17
GCCGATTGGCCAAGCT-1_V13B23-285_A1,11
GCCGCACTCCGTTTCA-1_V13B23-285_A1,10
GCCGCATTAGTCCGGC-1_V13B23-285_A1,11
GCCGCTTGTGAGAAAC-1_V13B23-285_A1,11
GCCGGAAACACATCTT-1_V13B23-285_A1,14
GCCGGGTTAGGGTCGC-1_V13B23-285_A1,11
GCCGGTTTGGGCGGAT-1_V13B23-285_A1,3
GCCGTGGAAGAAATGT-1_V13B23-285_A1,10
GCCTACGTTCTGTGCA-1_V13B23-285_A1,17
GCCTAGCGATCTGACC-1_V13B23-285_A1,17
GCCTATAGTGTCAGGG-1_V13B23-285_A1,17
GCCTATTCCGATATAG-1_V13B23-285_A1,19
GCCTATTTGCTACACA-1_V13B23-285_A1,1
GCCTCATCTGGAAATA-1_V13B23-285_A1,12
GCCTCCGACAATTCAC-1_V13B23-285_A1,16
GCCTCTATACATAGCA-1_V13B23-285_A1,17
GCCTTCAGCCCTACCG-1_V13B23-285_A1,3
GCCTTGTATATGCAGT-1_V13B23-285_A1,3
GCGAAACGATCGGGAG-1_V13B23-285_A1,10
GCGAAACTTAACTGGA-1_V13B23-285_A1,19
GCGAAGAATCTGACGG-1_V13B23-285_A1,7
GCGAAGCCATACCCGT-1_V13B23-285_A1,11
GCGACATGTAAACATC-1_V13B23-285_A1,5
GCGACCCAACCATCTG-1_V13B23-285_A1,17
GCGACGATAGTTGTAC-1_V13B23-285_A1,11
GCGAGAAACGGGAGTT-1_V13B23-285_A1,3
GCGAGAGGCCATGTAA-1_V13B23-285_A1,14
GCGAGAGTTGCGTCCA-1_V13B23-285_A1,10
GCGAGCGCATGCTCCC-1_V13B23-285_A1,5
GCGAGGCCCGAGCAGA-1_V13B23-285_A1,11
GCGAGTTCTGCAAAGA-1_V13B23-285_A1,11
GCGATGTCTGTGCTTG-1_V13B23-285_A1,19
GCGATTCTGGAAGCAG-1_V13B23-285_A1,4
GCGATTGTTAACGTTA-1_V13B23-285_A1,19
GCGCAAATATATTCAA-1_V13B23-285_A1,19
GCGCAAGAGCGCGCTG-1_V13B23-285_A1,17
GCGCATCCAGTCAGCA-1_V13B23-285_A1,10
GCGCCGTTCCACGATA-1_V13B23-285_A1,11
GCGCCTCCCACTCCGA-1_V13B23-285_A1,10
GCGCGATGGGTCAAGT-1_V13B23-285_A1,3
GCGCGGTCTAGTAACT-1_V13B23-285_A1,17
GCGCGTCATTGGTACA-1_V13B23-285_A1,7
GCGCTAATTGAATAGA-1_V13B23-285_A1,11
GCGCTATGCCGAGGCA-1_V13B23-285_A1,11
GCGCTCGATCACCTGT-1_V13B23-285_A1,5
GCGCTGATCCAGACTC-1_V13B23-285_A1,16
GCGCTGCTTTGCATTT-1_V13B23-285_A1,5
GCGCTTAAATAATTGG-1_V13B23-285_A1,10
GCGGACCGCGTTGTGG-1_V13B23-285_A1,11
GCGGAGAAACTTCGCA-1_V13B23-285_A1,17
GCGGAGAGGGAGAACG-1_V13B23-285_A1,19
GCGGATTACTTGTTCT-1_V13B23-285_A1,2
GCGGCAAAGTATTGCC-1_V13B23-285_A1,17
GCGGCTCTGACGTACC-1_V13B23-285_A1,11
GCGGCTTTAGCAAGTT-1_V13B23-285_A1,17
GCGGGAACCAGGCCCT-1_V13B23-285_A1,17
GCGGGCATTACGATGC-1_V13B23-285_A1,10
GCGGGCGAGCCTTACC-1_V13B23-285_A1,11
GCGGTAACCCAAATGA-1_V13B23-285_A1,3
GCGGTCCCTAGACGCA-1_V13B23-285_A1,21
GCGGTGAACTGCGCTC-1_V13B23-285_A1,1
GCGGTGCGGAGCATCG-1_V13B23-285_A1,19
GCGGTTCCCTATCATG-1_V13B23-285_A1,11
GCGTAAATGGCCATAA-1_V13B23-285_A1,10
GCGTCCAGCTCGTGGC-1_V13B23-285_A1,3
GCGTCCCTAAGACATA-1_V13B23-285_A1,17
GCGTCGAAATGTCGGT-1_V13B23-285_A1,11
GCGTCGCCAGGGTGAT-1_V13B23-285_A1,19
GCGTCTAACCTCCTAA-1_V13B23-285_A1,5
GCGTCTCTGCATTGGG-1_V13B23-285_A1,11
GCGTGGTACTGGGTTA-1_V13B23-285_A1,17
GCGTGTATGTCGTATT-1_V13B23-285_A1,15
GCGTTATATTTGGAAC-1_V13B23-285_A1,19
GCGTTCGGAGACCGGG-1_V13B23-285_A1,14
GCTAAACCTGAGGTGA-1_V13B23-285_A1,19
GCTAACTGAAGTCTGA-1_V13B23-285_A1,17
GCTAAGTAAAGGCGAT-1_V13B23-285_A1,19
GCTAAGTAGTTTCTCT-1_V13B23-285_A1,19
GCTAATACCGAATGCC-1_V13B23-285_A1,11
GCTACAATCGAGGATA-1_V13B23-285_A1,7
GCTACACTGTCCGAAC-1_V13B23-285_A1,15
GCTACAGTACGGACCG-1_V13B23-285_A1,11
GCTACGACTTATTGGG-1_V13B23-285_A1,11
GCTACTATAGTAGAGT-1_V13B23-285_A1,7
GCTAGACCGTCTACTG-1_V13B23-285_A1,13
GCTAGAGTAGAGATGT-1_V13B23-285_A1,1
GCTAGCACCTGGGCCA-1_V13B23-285_A1,10
GCTAGCTTGAATAGCT-1_V13B23-285_A1,11
GCTAGGCACCACGGAG-1_V13B23-285_A1,16
GCTAGTAGAGCTTGTA-1_V13B23-285_A1,11
GCTAGTTTCATTGAGG-1_V13B23-285_A1,1
GCTATACGTCTCGGAC-1_V13B23-285_A1,10
GCTATCATACTCATGG-1_V13B23-285_A1,13
GCTATCGCGGCGCAAC-1_V13B23-285_A1,18
GCTATGCCAGCTTATG-1_V13B23-285_A1,11
GCTCAACCTCTTAGAG-1_V13B23-285_A1,19
GCTCAATCCGTTTATT-1_V13B23-285_A1,11
GCTCAATGTAATACCG-1_V13B23-285_A1,19
GCTCATTACTGCATGT-1_V13B23-285_A1,14
GCTCCATGCAAAGCAA-1_V13B23-285_A1,19
GCTCCCAGTCGGTCCA-1_V13B23-285_A1,18
GCTCCGCTCGCTTCAG-1_V13B23-285_A1,10
GCTCCTGACATACTGG-1_V13B23-285_A1,21
GCTCGCGGTTCCGCTC-1_V13B23-285_A1,19
GCTCGCTCATGTCCAA-1_V13B23-285_A1,16
GCTCGGAATTTAAAGC-1_V13B23-285_A1,6
GCTCTAAACCCTGACG-1_V13B23-285_A1,11
GCTCTATGTTACGTGC-1_V13B23-285_A1,11
GCTCTCGGGTACCGAA-1_V13B23-285_A1,11
GCTCTTTCCGCTAGTG-1_V13B23-285_A1,19
GCTGAACTCTCCAGGG-1_V13B23-285_A1,10
GCTGAATCTTCCAATC-1_V13B23-285_A1,16
GCTGAGCAACGGTTCT-1_V13B23-285_A1,19
GCTGAGGCGTGAGTAT-1_V13B23-285_A1,11
GCTGCACGGTTTCTTA-1_V13B23-285_A1,11
GCTGCGCCTCCCACGT-1_V13B23-285_A1,19
GCTGCTAAGTAGTCGA-1_V13B23-285_A1,19
GCTGCTACTGCGTAGC-1_V13B23-285_A1,10
GCTGCTCTCCGGACAC-1_V13B23-285_A1,11
GCTGGCAGGTGCCGTG-1_V13B23-285_A1,19
GCTGGCATATTCACCT-1_V13B23-285_A1,11
GCTGGCGGCGCATGCT-1_V13B23-285_A1,12
GCTGGGTCCGCTGTTA-1_V13B23-285_A1,2
GCTGGTTTAGGCCATA-1_V13B23-285_A1,19
GCTGTATTACTGGCCC-1_V13B23-285_A1,11
GCTGTTGCTACCGAAC-1_V13B23-285_A1,17
GCTTAATGTAACTAAC-1_V13B23-285_A1,19
GCTTACGTAGTTAGTA-1_V13B23-285_A1,5
GCTTATGAAGCAGGAA-1_V13B23-285_A1,10
GCTTCCAGCTTAGATT-1_V13B23-285_A1,13
GCTTCCGTCCCTAGAC-1_V13B23-285_A1,1
GCTTGAGTGACCTCTG-1_V13B23-285_A1,16
GCTTGATGATAATCAG-1_V13B23-285_A1,19
GCTTGGATCGATTAGG-1_V13B23-285_A1,18
GCTTTACACAACTGGG-1_V13B23-285_A1,10
GCTTTCAGAGGAGGTG-1_V13B23-285_A1,7
GGAAACCTTGTTGAAT-1_V13B23-285_A1,4
GGAAACTAAATGGGCC-1_V13B23-285_A1,17
GGAAAGTGCCCATGCC-1_V13B23-285_A1,1
GGAACCCGAACAAGAA-1_V13B23-285_A1,19
GGAACCGTGTAAATTG-1_V13B23-285_A1,11
GGAACCTTGACTCTGC-1_V13B23-285_A1,11
GGAACGGCCTGCAGCC-1_V13B23-285_A1,19
GGAACTTTGGCGATTA-1_V13B23-285_A1,1
GGAAGCTCGCTTACAG-1_V13B23-285_A1,9
GGAATAACCTCAAGAA-1_V13B23-285_A1,14
GGAATGCGCTAGCGTG-1_V13B23-285_A1,19
GGACAACCATGAAGCC-1_V13B23-285_A1,16
GGACAAGTTGCAGTGA-1_V13B23-285_A1,11
GGACACAAGTTTACAC-1_V13B23-285_A1,10
GGACCAACAGGATAAC-1_V13B23-285_A1,11
GGACCTCTAGGCCGCC-1_V13B23-285_A1,19
GGACGGGCGACCAACC-1_V13B23-285_A1,17
GGACTAAGTCAGGAGT-1_V13B23-285_A1,19
GGACTCACAAATTAGG-1_V13B23-285_A1,10
GGACTCGTGAGTGGTC-1_V13B23-285_A1,16
GGACTCTTTGACTAAG-1_V13B23-285_A1,17
GGAGAAGTCATTGGCA-1_V13B23-285_A1,19
GGAGACCAATGTGCTT-1_V13B23-285_A1,14
GGAGACCATCTACATA-1_V13B23-285_A1,11
GGAGACGACACCTTTG-1_V13B23-285_A1,11
GGAGCAACATTTCAAG-1_V13B23-285_A1,10
GGAGCACCAAGAACTA-1_V13B23-285_A1,19
GGAGCGAGGCCTACTT-1_V13B23-285_A1,16
GGAGGATTGAAAGGAG-1_V13B23-285_A1,9
GGAGGCCGAAGTCGTC-1_V13B23-285_A1,10
GGAGGGCTTGGTTGGC-1_V13B23-285_A1,19
GGAGGGTCAAGTAAGA-1_V13B23-285_A1,21
GGAGTACACATGAGCT-1_V13B23-285_A1,3
GGAGTGCCGCCCTGGA-1_V13B23-285_A1,11
GGAGTTGATTCTGTGT-1_V13B23-285_A1,1
GGATACTCATGAATTG-1_V13B23-285_A1,3
GGATCAAAGGACGAGG-1_V13B23-285_A1,14
GGATCAGAGCCATCAG-1_V13B23-285_A1,11
GGATCATCCCGTACGC-1_V13B23-285_A1,9
GGATCCCTACCAGCTA-1_V13B23-285_A1,3
GGATCCGGAATATACT-1_V13B23-285_A1,19
GGATCTTACTGCCCTT-1_V13B23-285_A1,12
GGATCTTGACTCAACC-1_V13B23-285_A1,11
GGATGAAGATCGCTGA-1_V13B23-285_A1,16
GGATGACGCGAGTTTA-1_V13B23-285_A1,11
GGATGCTGGCGTTCCT-1_V13B23-285_A1,11
GGATGGCTTGAAGTAT-1_V13B23-285_A1,16
GGATGTCCTTACCGCA-1_V13B23-285_A1,17
GGATTAATCATGGACC-1_V13B23-285_A1,17
GGATTCAGTACGGTGG-1_V13B23-285_A1,16
GGATTCCGCTATACCC-1_V13B23-285_A1,6
GGATTGCTGTGACTCC-1_V13B23-285_A1,13
GGATTTCACTTCTATA-1_V13B23-285_A1,3
GGCAAAGGCGCCAATA-1_V13B23-285_A1,11
GGCAAATTACTTTACT-1_V13B23-285_A1,11
GGCAAGCCCATAGTGG-1_V13B23-285_A1,19
GGCAAGGCGAAATAGC-1_V13B23-285_A1,11
GGCAATAGTCAATGAG-1_V13B23-285_A1,11
GGCACTCCACTGGGCA-1_V13B23-285_A1,11
GGCACTGCGGTGGTTT-1_V13B23-285_A1,7
GGCAGAGAGATCGGGA-1_V13B23-285_A1,11
GGCAGCAAACCTATGC-1_V13B23-285_A1,10
GGCATACAGGTAGCGG-1_V13B23-285_A1,11
GGCATATCGGTTCTGC-1_V13B23-285_A1,1
GGCATCAACGAGCACG-1_V13B23-285_A1,14
GGCCACAAGCGATGGC-1_V13B23-285_A1,3
GGCCACACGAAAGCCT-1_V13B23-285_A1,19
GGCCCAGCTGGTTTGC-1_V13B23-285_A1,1
GGCCCGGAGCATGTCT-1_V13B23-285_A1,10
GGCCCGTATACCATGC-1_V13B23-285_A1,5
GGCCCTCACCCACTTA-1_V13B23-285_A1,11
GGCCGAGACTCTGGTG-1_V13B23-285_A1,17
GGCCGCAGGAACCGCA-1_V13B23-285_A1,1
GGCCGGCGTCTGCTAT-1_V13B23-285_A1,17
GGCCGTTTGGGTTTCA-1_V13B23-285_A1,11
GGCCTGCTTCTCCCGA-1_V13B23-285_A1,17
GGCCTTTGCAACTGGC-1_V13B23-285_A1,11
GGCGAAATCTAACTTG-1_V13B23-285_A1,19
GGCGAGCATCGAGGAC-1_V13B23-285_A1,9
GGCGAGCGAAACGGCA-1_V13B23-285_A1,11
GGCGCAGGACATCTTC-1_V13B23-285_A1,11
GGCGCATGAATTGATG-1_V13B23-285_A1,11
GGCGCGGAGATCTTTC-1_V13B23-285_A1,16
GGCGCGTTCGAGTTTA-1_V13B23-285_A1,11
GGCGCTCCTCATCAAT-1_V13B23-285_A1,3
GGCGCTTCATTCCCTG-1_V13B23-285_A1,1
GGCGGAGTAATATTAG-1_V13B23-285_A1,11
GGCGGTAGGATCATTG-1_V13B23-285_A1,11
GGCGGTTTGCCGGTGC-1_V13B23-285_A1,1
GGCGTACCCTATATAA-1_V13B23-285_A1,14
GGCGTAGGGAAAGCTG-1_V13B23-285_A1,18
GGCGTCCTATCCGCTG-1_V13B23-285_A1,11
GGCTAAAGGGCGGGTC-1_V13B23-285_A1,4
GGCTACTATACACTCC-1_V13B23-285_A1,17
GGCTATTAAGTTGTAT-1_V13B23-285_A1,11
GGCTCCTCCACCTGTT-1_V13B23-285_A1,17
GGCTCGCGTTGAGGTA-1_V13B23-285_A1,2
GGCTCGTGCCACCAGC-1_V13B23-285_A1,10
GGCTCTGCTCCAACGC-1_V13B23-285_A1,11
GGCTGAAATAGCAAAG-1_V13B23-285_A1,5
GGCTGGCTAGCTTAAA-1_V13B23-285_A1,3
GGCTTGGCTCTCACCT-1_V13B23-285_A1,19
GGCTTTCAATAAGGGT-1_V13B23-285_A1,19
GGGAAAGAATGCCAAC-1_V13B23-285_A1,13
GGGAACCACCTGTTTC-1_V13B23-285_A1,3
GGGAACGGGAGGTTAG-1_V13B23-285_A1,11
GGGAACGGTTTCAGAT-1_V13B23-285_A1,1
GGGAAGACGGTCTGTC-1_V13B23-285_A1,13
GGGAAGGGCTTTCTCA-1_V13B23-285_A1,17
GGGAATGAGCCCTCAC-1_V13B23-285_A1,9
GGGAATTCTGTCCAGT-1_V13B23-285_A1,19
GGGACAGAGTTACTCC-1_V13B23-285_A1,11
GGGACCCGTATATCTT-1_V13B23-285_A1,19
GGGACTGCATAGATAG-1_V13B23-285_A1,11
GGGAGAACTCACAGTA-1_V13B23-285_A1,11
GGGAGCGACCGTAGTG-1_V13B23-285_A1,1
GGGAGGATGCCCGAAA-1_V13B23-285_A1,11
GGGAGTAATGGCTGGC-1_V13B23-285_A1,3
GGGAGTTAATGAGGCG-1_V13B23-285_A1,19
GGGATACGGTAATAAT-1_V13B23-285_A1,19
GGGATGGTCGTAACCG-1_V13B23-285_A1,11
GGGATTTACCGCACCT-1_V13B23-285_A1,19
GGGCAACCGCACGTGC-1_V13B23-285_A1,11
GGGCAGACGTCACTGC-1_V13B23-285_A1,11
GGGCAGAGCAATCGTT-1_V13B23-285_A1,19
GGGCAGTCAACGCCAA-1_V13B23-285_A1,1
GGGCCCGTCTTAAACA-1_V13B23-285_A1,11
GGGCCCTACGAAAGGG-1_V13B23-285_A1,11
GGGCCCTTATCTATAC-1_V13B23-285_A1,11
GGGCCGGCCGAAGTAC-1_V13B23-285_A1,16
GGGCCTAAATGGGCTA-1_V13B23-285_A1,11
GGGCGAATTTCTCCAC-1_V13B23-285_A1,19
GGGCGATATGTGTGAA-1_V13B23-285_A1,11
GGGCGCAGCGTTACTC-1_V13B23-285_A1,5
GGGCGGCAAATGAATT-1_V13B23-285_A1,11
GGGCGGGTTCCCTACG-1_V13B23-285_A1,11
GGGCGGTCCTATTGTC-1_V13B23-285_A1,3
GGGCGTACATTTATAT-1_V13B23-285_A1,11
GGGCGTCACCACGTAA-1_V13B23-285_A1,11
GGGCGTCCACTGGCTC-1_V13B23-285_A1,18
GGGCGTGGTTTCCCAG-1_V13B23-285_A1,13
GGGCTACTATTTCGTG-1_V13B23-285_A1,11
GGGCTATGATCGATGG-1_V13B23-285_A1,11
GGGCTCATCGAACCCA-1_V13B23-285_A1,6
GGGCTGCCTAGGGCGA-1_V13B23-285_A1,11
GGGCTGGTTAGTCGCG-1_V13B23-285_A1,11
GGGTAATGCTGTGTTT-1_V13B23-285_A1,3
GGGTACACTCTGGAGG-1_V13B23-285_A1,2
GGGTACCCACGGTCCT-1_V13B23-285_A1,3
GGGTACTTCATGAACT-1_V13B23-285_A1,11
GGGTATGTATGCACTT-1_V13B23-285_A1,19
GGGTATTCTAGCAAAC-1_V13B23-285_A1,11
GGGTCACCGTGACGGT-1_V13B23-285_A1,11
GGGTCAGGAGCTAGAT-1_V13B23-285_A1,19
GGGTCATGCGTACCAT-1_V13B23-285_A1,19
GGGTCGTGGCAAGTGT-1_V13B23-285_A1,1
GGGTCTATCGCTTTCC-1_V13B23-285_A1,21
GGGTGACACCTTAACT-1_V13B23-285_A1,11
GGGTGCATATGAAAGC-1_V13B23-285_A1,1
GGGTGGTCCAGCCTGT-1_V13B23-285_A1,9
GGGTGTTTCAGCTATG-1_V13B23-285_A1,18
GGGTTAACATTTGAGT-1_V13B23-285_A1,11
GGGTTCAGACGAACAA-1_V13B23-285_A1,3
GGGTTTAGGATAGGAT-1_V13B23-285_A1,10
GGTAAACTCTGCGCTG-1_V13B23-285_A1,18
GGTAACCGGGAGGATA-1_V13B23-285_A1,17
GGTAACTATGTATCTG-1_V13B23-285_A1,13
GGTACAAACATGCTAT-1_V13B23-285_A1,11
GGTACACCAGATTTAT-1_V13B23-285_A1,5
GGTACATCTGGGACGA-1_V13B23-285_A1,11
GGTACCATTAAGACGG-1_V13B23-285_A1,16
GGTACGTTGCGGCCGG-1_V13B23-285_A1,1
GGTACTAAGTGCTTTG-1_V13B23-285_A1,10
GGTAGAAGACCGCCTG-1_V13B23-285_A1,5
GGTAGACCGTTGGGCG-1_V13B23-285_A1,11
GGTAGTGCTCGCACCA-1_V13B23-285_A1,12
GGTATAGTGACACATA-1_V13B23-285_A1,5
GGTATTGCCGAGTTTA-1_V13B23-285_A1,11
GGTCAAGACTACTTCG-1_V13B23-285_A1,10
GGTCACGTTAGATTCA-1_V13B23-285_A1,3
GGTCAGTGGGTCCCAC-1_V13B23-285_A1,11
GGTCCTTCATACGACT-1_V13B23-285_A1,1
GGTCGGATAAACGGCG-1_V13B23-285_A1,5
GGTCGGCCAGGAGCTT-1_V13B23-285_A1,19
GGTCGGTAATTAGACA-1_V13B23-285_A1,3
GGTCGGTCGTCCACAG-1_V13B23-285_A1,11
GGTCGTAAGCTCGCAC-1_V13B23-285_A1,11
GGTCTCCGTCCAGGTT-1_V13B23-285_A1,17
GGTCTCTGAATGGACT-1_V13B23-285_A1,11
GGTCTGAGAATCTGGA-1_V13B23-285_A1,7
GGTCTTGAGCGCTCTT-1_V13B23-285_A1,10
GGTGAAACCGGGAATG-1_V13B23-285_A1,17
GGTGAACGGGCTAGCC-1_V13B23-285_A1,3
GGTGAAGTACAGGGAT-1_V13B23-285_A1,11
GGTGAGATGCAGATAA-1_V13B23-285_A1,16
GGTGATAAGGAGCAGT-1_V13B23-285_A1,19
GGTGATGAAGGAAGTG-1_V13B23-285_A1,19
GGTGATTTCATCTTGT-1_V13B23-285_A1,3
GGTGCATAAATGATTA-1_V13B23-285_A1,19
GGTGCGGATAAGTGGC-1_V13B23-285_A1,3
GGTGCTGATCACAAAG-1_V13B23-285_A1,19
GGTGCTGGTACACATT-1_V13B23-285_A1,11
GGTGGACTGCTCTGGC-1_V13B23-285_A1,1
GGTGGAGGTTGATACG-1_V13B23-285_A1,5
GGTGTAAATCGATTGT-1_V13B23-285_A1,16
GGTGTTGGGCGTCTTA-1_V13B23-285_A1,13
GGTTACCACCCTCGGG-1_V13B23-285_A1,11
GGTTACCCGACACTTT-1_V13B23-285_A1,16
GGTTAGCTATATGTCT-1_V13B23-285_A1,19
GGTTAGGCTTGGAGAA-1_V13B23-285_A1,11
GGTTAGTTACGGCGCC-1_V13B23-285_A1,19
GGTTCGGATTATACTA-1_V13B23-285_A1,11
GGTTCTACTCGTCTGA-1_V13B23-285_A1,10
GGTTGTATCGTGAAAT-1_V13B23-285_A1,14
GGTTGTGCTCTTGTCC-1_V13B23-285_A1,19
GGTTGTGTAGCCTGGC-1_V13B23-285_A1,11
GGTTTAATTACCATCG-1_V13B23-285_A1,11
GGTTTAATTGAGCAGG-1_V13B23-285_A1,5
GGTTTACAATCTCAAT-1_V13B23-285_A1,19
GGTTTAGCCTTTCTTG-1_V13B23-285_A1,18
GGTTTCAATCGGTCAG-1_V13B23-285_A1,17
GGTTTGAGTGCTGGAA-1_V13B23-285_A1,3
GGTTTGTGACCTGAGG-1_V13B23-285_A1,1
GTAACATCTAAGATAA-1_V13B23-285_A1,10
GTAACTGCCCAAGGAG-1_V13B23-285_A1,17
GTAACTTGCGGCAGTC-1_V13B23-285_A1,3
GTAAGCGGGCAGTCAG-1_V13B23-285_A1,11
GTAAGTAACAGTCTGG-1_V13B23-285_A1,19
GTAAGTAGGGTATACC-1_V13B23-285_A1,11
GTAAGTCCACACTCTA-1_V13B23-285_A1,10
GTAATAAAGGGCTCCC-1_V13B23-285_A1,16
GTAATCTGATTCTTCG-1_V13B23-285_A1,11
GTACACTTACCTGAAG-1_V13B23-285_A1,12
GTACAGAGGCAAGGGT-1_V13B23-285_A1,12
GTACGACGGCGCTGCG-1_V13B23-285_A1,3
GTACGAGATTGCGACA-1_V13B23-285_A1,11
GTACGCTTCATTGCAC-1_V13B23-285_A1,11
GTACGTTTGCCCGTCA-1_V13B23-285_A1,11
GTACTAAGATTTGGAG-1_V13B23-285_A1,11
GTACTCCCTTATCGCT-1_V13B23-285_A1,11
GTACTCCTGGGTATGC-1_V13B23-285_A1,21
GTACTGAGGTCGTAAC-1_V13B23-285_A1,16
GTACTGCATGAAGCGT-1_V13B23-285_A1,3
GTACTGGAGTTAGACC-1_V13B23-285_A1,19
GTACTTGGGCACTTCT-1_V13B23-285_A1,3
GTAGAAACGGGTGGAG-1_V13B23-285_A1,19
GTAGACAACCGATGAA-1_V13B23-285_A1,14
GTAGACACGCCTGACT-1_V13B23-285_A1,16
GTAGACGTCGTTACAT-1_V13B23-285_A1,3
GTAGAGGGAGACAAGT-1_V13B23-285_A1,11
GTAGCCAAACATGGGA-1_V13B23-285_A1,11
GTAGCGCTGTTGTAGT-1_V13B23-285_A1,14
GTAGCGGCTATACACT-1_V13B23-285_A1,11
GTAGCTCCGGGAGGCT-1_V13B23-285_A1,11
GTAGCTTCCTCTTGTT-1_V13B23-285_A1,1
GTAGGTGATCCGTGTA-1_V13B23-285_A1,17
GTAGTCGCGGGAATCA-1_V13B23-285_A1,19
GTAGTCTACGATATTG-1_V13B23-285_A1,13
GTAGTGAGCAACCTCA-1_V13B23-285_A1,21
GTAGTTCGAAGGCGAA-1_V13B23-285_A1,16
GTATAATCTCCCGGAT-1_V13B23-285_A1,2
GTATAGGACTCAGTAG-1_V13B23-285_A1,11
GTATATGTTACGGCGG-1_V13B23-285_A1,10
GTATCAAACGTTAGCT-1_V13B23-285_A1,7
GTATCAGCTTGGGTTC-1_V13B23-285_A1,1
GTATCCTTTGGTAACC-1_V13B23-285_A1,1
GTATCGGGACGAGCTG-1_V13B23-285_A1,7
GTATCTCAGTCTTGAC-1_V13B23-285_A1,11
GTATCTTTCATAACCA-1_V13B23-285_A1,11
GTATGAAATTTCACTC-1_V13B23-285_A1,11
GTATGACGTGGGAAAC-1_V13B23-285_A1,3
GTATGTGGGTCTAGTT-1_V13B23-285_A1,7
GTATTAAGGCGTCTAA-1_V13B23-285_A1,16
GTATTCTGAGAAACGA-1_V13B23-285_A1,11
GTATTCTTACCGTGCT-1_V13B23-285_A1,3
GTATTTAATGGCATAA-1_V13B23-285_A1,10
GTCAAAGAAGTGGTGT-1_V13B23-285_A1,11
GTCAAAGTTTACATAG-1_V13B23-285_A1,3
GTCAACCAGGCCTATA-1_V13B23-285_A1,18
GTCAAGCGGACTCGGG-1_V13B23-285_A1,12
GTCAATGCTATAATTT-1_V13B23-285_A1,14
GTCAATTGTACTGAAG-1_V13B23-285_A1,3
GTCACAAAGTTTCCAA-1_V13B23-285_A1,5
GTCACTCTCCAAATCT-1_V13B23-285_A1,19
GTCAGAATAGTCTATG-1_V13B23-285_A1,11
GTCAGACAGCGTTGGA-1_V13B23-285_A1,15
GTCAGTTGTGCTCGTT-1_V13B23-285_A1,6
GTCAGTTTGGTAGTCG-1_V13B23-285_A1,19
GTCATCTCCTACAGCT-1_V13B23-285_A1,3
GTCATGCACCTCCGTT-1_V13B23-285_A1,11
GTCATGCGCGAGGGCT-1_V13B23-285_A1,10
GTCATGGACATGACTA-1_V13B23-285_A1,12
GTCATTAGAGCGAACG-1_V13B23-285_A1,11
GTCATTGCATTGACCC-1_V13B23-285_A1,19
GTCCAATATTTAGCCT-1_V13B23-285_A1,19
GTCCACGTCGCATTCG-1_V13B23-285_A1,13
GTCCATTACTGCTACG-1_V13B23-285_A1,16
GTCCCAACGTAAAGTA-1_V13B23-285_A1,11
GTCCCAATCATCCCGC-1_V13B23-285_A1,11
GTCCCGCGACGTTATG-1_V13B23-285_A1,7
GTCCGAGAGCAATCAT-1_V13B23-285_A1,11
GTCCGGACCTGAAATT-1_V13B23-285_A1,17
GTCCGGCTGAATTGCG-1_V13B23-285_A1,11
GTCCGGGTTCACATTA-1_V13B23-285_A1,18
GTCCTACAGGCGGCTC-1_V13B23-285_A1,3
GTCCTACGAATAGTCT-1_V13B23-285_A1,1
GTCCTACTCTACGGGC-1_V13B23-285_A1,19
GTCCTATTGTTGTGGT-1_V13B23-285_A1,19
GTCCTTCTACAACCCA-1_V13B23-285_A1,19
GTCCTTCTAGTGGGTT-1_V13B23-285_A1,9
GTCGATAGGTGACTTT-1_V13B23-285_A1,10
GTCGCCGTTGTGTGTT-1_V13B23-285_A1,17
GTCGCGTAACCCGTTG-1_V13B23-285_A1,11
GTCGGATATCTCAGAC-1_V13B23-285_A1,11
GTCGGATGTAGCGCGC-1_V13B23-285_A1,5
GTCGGGAACATGGTAG-1_V13B23-285_A1,11
GTCGGGAAGCAGAAAC-1_V13B23-285_A1,19
GTCGTACCATCTCGGG-1_V13B23-285_A1,11
GTCGTACCTACGATTG-1_V13B23-285_A1,11
GTCGTATTGGCGTACA-1_V13B23-285_A1,1
GTCGTCAATTATAAGG-1_V13B23-285_A1,17
GTCGTCTGGTTGGCTA-1_V13B23-285_A1,10
GTCGTGTCTGGTCATC-1_V13B23-285_A1,21
GTCGTTATTCGCTTAT-1_V13B23-285_A1,19
GTCTACTCAATTACAA-1_V13B23-285_A1,11
GTCTAGTGAGCCGCTT-1_V13B23-285_A1,13
GTCTATCTGAGTTTCT-1_V13B23-285_A1,11
GTCTATTGCATGCTCG-1_V13B23-285_A1,1
GTCTATTGGTTCCGGT-1_V13B23-285_A1,13
GTCTCAAGGCCCGGCT-1_V13B23-285_A1,19
GTCTCCCGAGTCCCGT-1_V13B23-285_A1,17
GTCTCCTGCCAGTATG-1_V13B23-285_A1,19
GTCTCGACTAAGTTTG-1_V13B23-285_A1,17
GTCTCGATCTGCTTTC-1_V13B23-285_A1,6
GTCTGGGCGGTCGAGA-1_V13B23-285_A1,11
GTCTTAGTACAGCCGG-1_V13B23-285_A1,2
GTCTTCCTCACCTAAG-1_V13B23-285_A1,19
GTCTTGAGGAGCAGTG-1_V13B23-285_A1,7
GTCTTGTAGCTATTCA-1_V13B23-285_A1,10
GTGAAACGGCGCCACC-1_V13B23-285_A1,6
GTGAAACGTGCTCCAC-1_V13B23-285_A1,3
GTGAACTCCCATTCGA-1_V13B23-285_A1,17
GTGAAGATTTCAAGTG-1_V13B23-285_A1,16
GTGAAGCCGTATAGTC-1_V13B23-285_A1,2
GTGAAGTCACGACTCG-1_V13B23-285_A1,11
GTGACAGCTTCCCACT-1_V13B23-285_A1,1
GTGACCGCACACTACG-1_V13B23-285_A1,10
GTGACCTAAAGAATAA-1_V13B23-285_A1,10
GTGACGAGGGTGACCC-1_V13B23-285_A1,5
GTGACGCAGGTTTCAT-1_V13B23-285_A1,13
GTGACTTCAGTAGTGC-1_V13B23-285_A1,11
GTGAGCGTGCTGCACT-1_V13B23-285_A1,11
GTGAGGACACTTAAGG-1_V13B23-285_A1,19
GTGAGGAGCGGTTGAG-1_V13B23-285_A1,9
GTGAGTCTAAGACGGA-1_V13B23-285_A1,19
GTGAGTGGTACAACGC-1_V13B23-285_A1,11
GTGATCAAGCGTGCAC-1_V13B23-285_A1,11
GTGATCACTAACGCCT-1_V13B23-285_A1,16
GTGATCATAGATCTGC-1_V13B23-285_A1,11
GTGATCCTTGTCATGA-1_V13B23-285_A1,1
GTGATTCGCCGCTCAA-1_V13B23-285_A1,11
GTGCAACAAATGTGGC-1_V13B23-285_A1,10
GTGCACCAGCTTCAAC-1_V13B23-285_A1,19
GTGCACGAAAGTGACT-1_V13B23-285_A1,17
GTGCCATCACACGGTG-1_V13B23-285_A1,11
GTGCCCGTTCGGATTC-1_V13B23-285_A1,16
GTGCCGCTTCAAAGGT-1_V13B23-285_A1,11
GTGCCTAGCTATGCTT-1_V13B23-285_A1,13
GTGCCTGAGACCAAAC-1_V13B23-285_A1,10
GTGCGAAATCGAACAC-1_V13B23-285_A1,11
GTGCGACAGGGAGTGT-1_V13B23-285_A1,17
GTGCGCAGCTTGCTCC-1_V13B23-285_A1,3
GTGCGCTTACAAATGA-1_V13B23-285_A1,2
GTGCGGGACCATCGGC-1_V13B23-285_A1,3
GTGCGGGTCTCCAAAT-1_V13B23-285_A1,11
GTGCGTGTATATGAGC-1_V13B23-285_A1,1
GTGCTCAAGTACTGTC-1_V13B23-285_A1,12
GTGCTGCAGATAAGGA-1_V13B23-285_A1,11
GTGCTTACATCAGCGC-1_V13B23-285_A1,10
GTGGAACCTACATGCG-1_V13B23-285_A1,7
GTGGACCAACCCGATT-1_V13B23-285_A1,11
GTGGACGCATTTGTCC-1_V13B23-285_A1,19
GTGGACGTGCTGAGAC-1_V13B23-285_A1,1
GTGGAGCGTTTACCGA-1_V13B23-285_A1,6
GTGGAGTCGGCGGTTG-1_V13B23-285_A1,11
GTGGCAAACAGCGGCA-1_V13B23-285_A1,11
GTGGCCTAATATCATT-1_V13B23-285_A1,11
GTGGCGGTCCCAGCGT-1_V13B23-285_A1,11
GTGGCTGTTTCTGTTC-1_V13B23-285_A1,13
GTGGGAAGACTGAATC-1_V13B23-285_A1,11
GTGGGCTTAGACACAC-1_V13B23-285_A1,11
GTGGGTACTGAGCGTA-1_V13B23-285_A1,19
GTGGGTCTTCTTTGCG-1_V13B23-285_A1,15
GTGGTATAGTCTGCCG-1_V13B23-285_A1,17
GTGGTGGCCAAGTGAA-1_V13B23-285_A1,19
GTGGTTACTTCTTTCG-1_V13B23-285_A1,7
GTGGTTTCCGCCTTTC-1_V13B23-285_A1,11
GTGTACCTTGGCTACG-1_V13B23-285_A1,19
GTGTACGAACCGTTCC-1_V13B23-285_A1,5
GTGTATATCAGCGGGC-1_V13B23-285_A1,1
GTGTATGACTTTAAAG-1_V13B23-285_A1,3
GTGTCGTATAGCGTTC-1_V13B23-285_A1,17
GTGTGAATAACTTAGG-1_V13B23-285_A1,19
GTGTGAGCCGAGGTGC-1_V13B23-285_A1,3
GTGTGTCGACGTCGCT-1_V13B23-285_A1,17
GTGTTACTATGCGTCC-1_V13B23-285_A1,19
GTTAAAGTAGGACTGG-1_V13B23-285_A1,16
GTTAACATCACTTAAA-1_V13B23-285_A1,13
GTTAACTATGTTGTCA-1_V13B23-285_A1,10
GTTAAGGGTGCGATGT-1_V13B23-285_A1,17
GTTAAGTTAGAGTGGG-1_V13B23-285_A1,5
GTTAATGTCTATCTTA-1_V13B23-285_A1,19
GTTACAATTGGTGACG-1_V13B23-285_A1,11
GTTACCTACAACTTGC-1_V13B23-285_A1,11
GTTACGAAATCCACGC-1_V13B23-285_A1,3
GTTACGGCCCGACTGC-1_V13B23-285_A1,3
GTTACTTTGGGCCTAG-1_V13B23-285_A1,11
GTTAGAGTGTGCCGCT-1_V13B23-285_A1,9
GTTAGCCCATGACATC-1_V13B23-285_A1,13
GTTAGCCGTAAATCAA-1_V13B23-285_A1,1
GTTAGGCTACCCGTTT-1_V13B23-285_A1,19
GTTATAATACGGTGAA-1_V13B23-285_A1,10
GTTATATCAGGAGCCA-1_V13B23-285_A1,18
GTTATATTATCTCCCT-1_V13B23-285_A1,11
GTTATCAAGCTATCGA-1_V13B23-285_A1,17
GTTATCACCTTCTGAA-1_V13B23-285_A1,14
GTTATTAACGTGGGAG-1_V13B23-285_A1,19
GTTCAAATCAGATGTC-1_V13B23-285_A1,19
GTTCACAGGAGTCTAG-1_V13B23-285_A1,8
GTTCAGTCGCCAAATG-1_V13B23-285_A1,7
GTTCATCGTTTGGCTG-1_V13B23-285_A1,10
GTTCCAAGACAGCGAC-1_V13B23-285_A1,21
GTTCCAGTCTGACCAT-1_V13B23-285_A1,11
GTTCCCGTAAACATAT-1_V13B23-285_A1,18
GTTCGCCATAAGTGCC-1_V13B23-285_A1,11
GTTCGCTGAGACGTCT-1_V13B23-285_A1,7
GTTCGGAGCACTCAAC-1_V13B23-285_A1,7
GTTCGGATCGGGAACA-1_V13B23-285_A1,10
GTTCGGGCGTACCATT-1_V13B23-285_A1,16
GTTCGTCTAAAGAACT-1_V13B23-285_A1,7
GTTCGTCTGGGTCCCT-1_V13B23-285_A1,14
GTTCGTTGCGGACCAG-1_V13B23-285_A1,3
GTTCTTCCCTCGATGT-1_V13B23-285_A1,13
GTTGAACCGGTTCCAT-1_V13B23-285_A1,8
GTTGAGTCCCGCCGGT-1_V13B23-285_A1,1
GTTGCACGGAGTTTCG-1_V13B23-285_A1,11
GTTGCGCTAACATTAC-1_V13B23-285_A1,10
GTTGCGGACGGTCAGG-1_V13B23-285_A1,10
GTTGGACCGCATCAGG-1_V13B23-285_A1,9
GTTGGATTCAGTGGCT-1_V13B23-285_A1,5
GTTGGATTGAGAACAC-1_V13B23-285_A1,16
GTTGGATTTGCGTTGG-1_V13B23-285_A1,11
GTTGGTCATGCTATCC-1_V13B23-285_A1,19
GTTGTAGATTTATGAG-1_V13B23-285_A1,7
GTTGTCGTGTTAGTTG-1_V13B23-285_A1,3
GTTTACGTTCCATCTG-1_V13B23-285_A1,11
GTTTATGGGATTTAGA-1_V13B23-285_A1,19
GTTTCAAACGAGTTGT-1_V13B23-285_A1,13
GTTTCATATCGTCGCT-1_V13B23-285_A1,11
GTTTCCTGGAGGGTGA-1_V13B23-285_A1,11
GTTTCTAGAGGCGCGG-1_V13B23-285_A1,18
GTTTCTGCAGTCTCCC-1_V13B23-285_A1,11
GTTTGACCAAATCCTA-1_V13B23-285_A1,11
GTTTGAGCGGTTATGT-1_V13B23-285_A1,3
GTTTGGCCCAAGTTAT-1_V13B23-285_A1,19
GTTTGGCCGCTCAGCG-1_V13B23-285_A1,3
GTTTGGGCTTGTGAGC-1_V13B23-285_A1,11
GTTTGGGTTTCGCCCG-1_V13B23-285_A1,17
GTTTGGTAGGGTCAAC-1_V13B23-285_A1,11
GTTTGGTGATCGGTGC-1_V13B23-285_A1,11
GTTTGTTAGCCAAGTA-1_V13B23-285_A1,17
TAAACCCAGGAGGGCA-1_V13B23-285_A1,11
TAAACGTCGTCAATGA-1_V13B23-285_A1,16
TAAAGACAACCCTTTA-1_V13B23-285_A1,10
TAAAGAGCCCGAAACC-1_V13B23-285_A1,12
TAAAGCGGTATTTCCA-1_V13B23-285_A1,19
TAAAGCGTTAGGAGAA-1_V13B23-285_A1,5
TAAAGCTGCAATAGGG-1_V13B23-285_A1,4
TAAATCTTTACACCTC-1_V13B23-285_A1,5
TAAATGAATCCGTTTC-1_V13B23-285_A1,19
TAACAAAGGGAGAAGC-1_V13B23-285_A1,19
TAACAATATTTGTTGC-1_V13B23-285_A1,19
TAACAGCGTTTGTGCT-1_V13B23-285_A1,16
TAACATACAATGTGGG-1_V13B23-285_A1,11
TAACATACACGCGATC-1_V13B23-285_A1,17
TAACCGCCCGCAGTGC-1_V13B23-285_A1,12
TAACCTACCGTCCGAG-1_V13B23-285_A1,10
TAACCTAGGGAGTCCA-1_V13B23-285_A1,1
TAACGCTTTGAGAGCG-1_V13B23-285_A1,4
TAACTATCGAAGGTCC-1_V13B23-285_A1,19
TAACTATTACGCCAAA-1_V13B23-285_A1,7
TAACTCATCCGCGCGG-1_V13B23-285_A1,8
TAACTCCATGGAGGCT-1_V13B23-285_A1,20
TAAGAGGGACAGGGAC-1_V13B23-285_A1,16
TAAGATTTAGCGGGAG-1_V13B23-285_A1,3
TAAGCAGGCGACACGC-1_V13B23-285_A1,11
TAAGCGCGAATCAAAT-1_V13B23-285_A1,12
TAAGGAACTTGTGGGA-1_V13B23-285_A1,3
TAAGGCAACATAAGAT-1_V13B23-285_A1,11
TAAGGCATAACATCAA-1_V13B23-285_A1,11
TAAGGCCCGTCACCCT-1_V13B23-285_A1,16
TAAGGCTGAATCCCTC-1_V13B23-285_A1,1
TAAGGGCCTGTCCGAT-1_V13B23-285_A1,10
TAAGGGCTGGGAGAGG-1_V13B23-285_A1,11
TAAGTAACATCTTGAC-1_V13B23-285_A1,11
TAAGTCGCCGAGTATC-1_V13B23-285_A1,18
TAAGTTGCGACGTAGG-1_V13B23-285_A1,17
TAATAAACAAGGAGAT-1_V13B23-285_A1,17
TAATACACAGTAGTAT-1_V13B23-285_A1,11
TAATACTAGAACAGAC-1_V13B23-285_A1,10
TAATAGAACAGAGTTA-1_V13B23-285_A1,11
TAATAGCTAAATGATG-1_V13B23-285_A1,5
TAATAGGTCACCAGAA-1_V13B23-285_A1,19
TAATAGTGACGACCAG-1_V13B23-285_A1,19
TAATATTGAAATTCGC-1_V13B23-285_A1,17
TAATCGATCCGTACGT-1_V13B23-285_A1,6
TAATGAAAGACCCTTG-1_V13B23-285_A1,19
TAATTACGTCAGTAGA-1_V13B23-285_A1,7
TAATTAGATGGATATG-1_V13B23-285_A1,3
TAATTAGGACATCCGT-1_V13B23-285_A1,10
TAATTTCCGTCCAGTA-1_V13B23-285_A1,11
TACAACAGCGCATACA-1_V13B23-285_A1,12
TACAACGCACAACTCA-1_V13B23-285_A1,11
TACAAGCTGTTCACTG-1_V13B23-285_A1,9
TACAAGGGCTTCTTTA-1_V13B23-285_A1,16
TACAAGTCTCGTGCAT-1_V13B23-285_A1,11
TACAATGAAACCAGCA-1_V13B23-285_A1,3
TACACCGTCGTTAGTC-1_V13B23-285_A1,5
TACAGAAACGGTGGGC-1_V13B23-285_A1,21
TACATAGGCATACACC-1_V13B23-285_A1,11
TACATCCCTATCCCTG-1_V13B23-285_A1,11
TACATCTTGTTTCTTG-1_V13B23-285_A1,19
TACATGACCTTATCCG-1_V13B23-285_A1,19
TACATGCCGGAATTGT-1_V13B23-285_A1,21
TACATTTCTAACGTGC-1_V13B23-285_A1,11
TACCAAATAGCCCAGA-1_V13B23-285_A1,19
TACCAATAAAGTACCA-1_V13B23-285_A1,7
TACCAGAAGTAGGTTC-1_V13B23-285_A1,11
TACCAGCTAGGTTTAA-1_V13B23-285_A1,15
TACCATGTATTGATTT-1_V13B23-285_A1,17
TACCGAATAATTGTAA-1_V13B23-285_A1,10
TACCGCGGACTTGCAG-1_V13B23-285_A1,17
TACCGGCTCACTGCCC-1_V13B23-285_A1,11
TACCGGTCGTTTCCAT-1_V13B23-285_A1,11
TACCGTAGGTTAACTA-1_V13B23-285_A1,17
TACCGTGCCTCGGACC-1_V13B23-285_A1,5
TACCTACTCCCAGTAT-1_V13B23-285_A1,19
TACCTATCCCTAGAGG-1_V13B23-285_A1,11
TACCTCACGCTTGTAC-1_V13B23-285_A1,16
TACCTCAGTTGTCTGT-1_V13B23-285_A1,17
TACCTGCTGCACTGTG-1_V13B23-285_A1,19
TACCTTAAGATTTCCC-1_V13B23-285_A1,11
TACGAACACGACTTCA-1_V13B23-285_A1,11
TACGACGCTTGCTGCG-1_V13B23-285_A1,11
TACGACTGCCTCTTAG-1_V13B23-285_A1,11
TACGAGAACTTCACGT-1_V13B23-285_A1,11
TACGATGTTGATCATC-1_V13B23-285_A1,11
TACGCAGTTCTTTCCT-1_V13B23-285_A1,11
TACGCCATATTCTAAT-1_V13B23-285_A1,11
TACGCCGAGGGTACCC-1_V13B23-285_A1,17
TACGCCGCCTCAGAAG-1_V13B23-285_A1,5
TACGCCTCCATTCCGA-1_V13B23-285_A1,19
TACGCTATAGAAACCT-1_V13B23-285_A1,10
TACGCTCGGTATTGGA-1_V13B23-285_A1,18
TACGGAAGCCAAACCA-1_V13B23-285_A1,17
TACGGCATGGACGCTA-1_V13B23-285_A1,7
TACGGGATGCTAGCAG-1_V13B23-285_A1,6
TACGTAAAGCGGAGTG-1_V13B23-285_A1,7
TACGTACTAGTGCTGA-1_V13B23-285_A1,17
TACGTGCACTATGCTG-1_V13B23-285_A1,17
TACGTGGGCCCAGGGC-1_V13B23-285_A1,17
TACGTTTACCGGCAAT-1_V13B23-285_A1,11
TACTACGTGCAATGCG-1_V13B23-285_A1,17
TACTATGGTTCCTCAG-1_V13B23-285_A1,11
TACTCCTCTAGTTGAC-1_V13B23-285_A1,17
TACTCGGCACGCCGGG-1_V13B23-285_A1,11
TACTCTCCGAACAAAT-1_V13B23-285_A1,6
TACTCTTACTTTACTG-1_V13B23-285_A1,1
TACTCTTTCGTCTTCA-1_V13B23-285_A1,11
TACTGAACAGATTTAG-1_V13B23-285_A1,11
TACTGAGGGAAGAAAG-1_V13B23-285_A1,19
TACTGCAATCAATTAC-1_V13B23-285_A1,1
TACTGGACAGCTCGGC-1_V13B23-285_A1,11
TACTGTTTCTCTGGTA-1_V13B23-285_A1,10
TACTTAAACATGTACA-1_V13B23-285_A1,14
TACTTGTTAGTAGTCC-1_V13B23-285_A1,17
TACTTTACTGAGCCGG-1_V13B23-285_A1,10
TACTTTCCGCACGCCA-1_V13B23-285_A1,11
TAGAAACACAATAGTG-1_V13B23-285_A1,19
TAGAAAGGTGGCGCTA-1_V13B23-285_A1,17
TAGAAATTCACGTATA-1_V13B23-285_A1,11
TAGAATAGCCGATGAA-1_V13B23-285_A1,19
TAGACGAAACGCCAAT-1_V13B23-285_A1,1
TAGACGCCCGTACCGG-1_V13B23-285_A1,17
TAGACTACCTAGCGTT-1_V13B23-285_A1,10
TAGAGATCATGCAACT-1_V13B23-285_A1,11
TAGAGCTACGAAGAAC-1_V13B23-285_A1,3
TAGAGGTTCTACTTGT-1_V13B23-285_A1,10
TAGAGTCTAAGCGAAC-1_V13B23-285_A1,11
TAGATATGGACTGGAA-1_V13B23-285_A1,11
TAGATCCGAAGTCGCA-1_V13B23-285_A1,4
TAGATGGTTCCTTACT-1_V13B23-285_A1,18
TAGATTCCTGGTTATT-1_V13B23-285_A1,19
TAGCAACCTGTCACAA-1_V13B23-285_A1,1
TAGCAGTATGACTAAA-1_V13B23-285_A1,2
TAGCCAGAGGGTCCGG-1_V13B23-285_A1,3
TAGCCATTTCAAAGTC-1_V13B23-285_A1,19
TAGCCGGCGGTCAGCG-1_V13B23-285_A1,19
TAGCGTCCCTCGATTG-1_V13B23-285_A1,10
TAGCGTCCGGTGTGGT-1_V13B23-285_A1,4
TAGCGTCGAATATTGA-1_V13B23-285_A1,11
TAGCGTTGGGTCTTAC-1_V13B23-285_A1,11
TAGCTAAGTCCGGGAG-1_V13B23-285_A1,11
TAGCTAGAAGGCATGA-1_V13B23-285_A1,11
TAGCTAGTGATGATGG-1_V13B23-285_A1,17
TAGCTCGCCTGATAAC-1_V13B23-285_A1,11
TAGCTGATGTGAAGCG-1_V13B23-285_A1,11
TAGGCATGTTACGCCA-1_V13B23-285_A1,14
TAGGCCTATATAGTCT-1_V13B23-285_A1,18
TAGGCGATGAGGTCTC-1_V13B23-285_A1,19
TAGGCTAAAGTGGCAC-1_V13B23-285_A1,1
TAGGGAGCTTGGGATG-1_V13B23-285_A1,3
TAGGGTGTTTCAAGAG-1_V13B23-285_A1,11
TAGGTCCAAGTAAGGA-1_V13B23-285_A1,19
TAGGTCGCCGGAACTG-1_V13B23-285_A1,17
TAGGTGACGATAACCT-1_V13B23-285_A1,21
TAGGTGAGCCCTACTC-1_V13B23-285_A1,11
TAGGTGCTCGCCTAGC-1_V13B23-285_A1,19
TAGGTGTTCCACAGAT-1_V13B23-285_A1,19
TAGGTTCGAGTTCGTC-1_V13B23-285_A1,11
TAGTACCACAACTTTC-1_V13B23-285_A1,19
TAGTACCTTAGTGGTC-1_V13B23-285_A1,7
TAGTAGCTTATACCAG-1_V13B23-285_A1,16
TAGTCCCGGAGACCAC-1_V13B23-285_A1,19
TAGTCCGCAGAGAATG-1_V13B23-285_A1,11
TAGTCCGTATGCATAA-1_V13B23-285_A1,3
TAGTCGATCACGGGTT-1_V13B23-285_A1,17
TAGTCGGGATTCTTCG-1_V13B23-285_A1,7
TAGTCTAACAACGAGA-1_V13B23-285_A1,11
TAGTCTGTGACGTTGC-1_V13B23-285_A1,16
TAGTCTTTCCGAATTG-1_V13B23-285_A1,7
TAGTGAGAAGTGGTTG-1_V13B23-285_A1,3
TAGTGCCCTCCAGAGT-1_V13B23-285_A1,11
TAGTGCTTGAATCCTT-1_V13B23-285_A1,18
TAGTGTCAGAAACGGC-1_V13B23-285_A1,21
TAGTTAAGATAGGATA-1_V13B23-285_A1,14
TAGTTTATTCTTGCTT-1_V13B23-285_A1,17
TATAAATCCACAAGCT-1_V13B23-285_A1,11
TATAAGTGAGGATAGC-1_V13B23-285_A1,19
TATACACAGACGCCTT-1_V13B23-285_A1,11
TATACACGCAAAGTAT-1_V13B23-285_A1,7
TATACCGAGTGCCACA-1_V13B23-285_A1,10
TATACGCGTCATCACT-1_V13B23-285_A1,19
TATACTCATGCGGCAA-1_V13B23-285_A1,16
TATAGAGTCGCTTGAA-1_V13B23-285_A1,17
TATAGATGGTCGCAGT-1_V13B23-285_A1,1
TATAGCGCACGTTATC-1_V13B23-285_A1,11
TATAGGGTACTCATGA-1_V13B23-285_A1,11
TATATAGGGCTTTACG-1_V13B23-285_A1,17
TATATATCGAGAAATG-1_V13B23-285_A1,11
TATATCATTGATCAGT-1_V13B23-285_A1,19
TATATCCCTGGGAGGA-1_V13B23-285_A1,16
TATATGCTGGGTTGCC-1_V13B23-285_A1,19
TATATTCGCGTCGATA-1_V13B23-285_A1,14
TATCAAAGGTCTGTAA-1_V13B23-285_A1,19
TATCACAGCACGGGCA-1_V13B23-285_A1,9
TATCACCCAACCGACC-1_V13B23-285_A1,7
TATCACTTCGAGTAAC-1_V13B23-285_A1,4
TATCAGTGGCGTAGTC-1_V13B23-285_A1,19
TATCCAATTGGTTATC-1_V13B23-285_A1,5
TATCCATATCATGCGA-1_V13B23-285_A1,11
TATCCATCTCGGTTAG-1_V13B23-285_A1,16
TATCCGCACCGTCGGG-1_V13B23-285_A1,19
TATCCTATCAACTGGT-1_V13B23-285_A1,21
TATCCTGCATGGGAAT-1_V13B23-285_A1,13
TATCGATCTATGCATA-1_V13B23-285_A1,6
TATCGATGATTAAACG-1_V13B23-285_A1,11
TATCTACAGAGGTAAT-1_V13B23-285_A1,19
TATCTACCACAGCGGG-1_V13B23-285_A1,11
TATCTAGCCTAAAGGA-1_V13B23-285_A1,11
TATCTTGCAATACAAC-1_V13B23-285_A1,11
TATGAAGAATTAAGGT-1_V13B23-285_A1,1
TATGAAGACAGGTGCG-1_V13B23-285_A1,19
TATGACCTTGCGCTGG-1_V13B23-285_A1,11
TATGATCCGGCACGCC-1_V13B23-285_A1,5
TATGATCTTCTCTTTA-1_V13B23-285_A1,21
TATGATTCTGCTTGGT-1_V13B23-285_A1,3
TATGCTCCCTACTTAC-1_V13B23-285_A1,11
TATGGAGTTTCTCGTT-1_V13B23-285_A1,3
TATGGATGTGCTACGC-1_V13B23-285_A1,11
TATGGCAGACTTTCGA-1_V13B23-285_A1,15
TATGGCCCGGCCTCGC-1_V13B23-285_A1,11
TATGGGACCGAGCAGG-1_V13B23-285_A1,11
TATGGGTACGTATCGT-1_V13B23-285_A1,11
TATGGTCTGAGTAACA-1_V13B23-285_A1,11
TATGGTTAGTGGGAGA-1_V13B23-285_A1,10
TATGTAAAGTGCTTAA-1_V13B23-285_A1,17
TATGTCAAGACCGACT-1_V13B23-285_A1,14
TATGTCTCATTGTGCC-1_V13B23-285_A1,17
TATTAACACCAAAGCA-1_V13B23-285_A1,19
TATTAACCTGACCGCG-1_V13B23-285_A1,11
TATTACCATCCTGCTT-1_V13B23-285_A1,10
TATTATGTTTGCCTGC-1_V13B23-285_A1,18
TATTCAATTCTAATCC-1_V13B23-285_A1,19
TATTCCACTCAGCTCG-1_V13B23-285_A1,11
TATTCCGAGCTGTTAT-1_V13B23-285_A1,1
TATTCCGGCAGTCCTA-1_V13B23-285_A1,14
TATTCCTCCGCCCACT-1_V13B23-285_A1,11
TATTCGTGCCAGAATA-1_V13B23-285_A1,11
TATTGACATTTCTGCC-1_V13B23-285_A1,10
TATTGCCGGGCTTGTA-1_V13B23-285_A1,1
TATTTAGTCTAGATCG-1_V13B23-285_A1,11
TATTTATACCGAGTAG-1_V13B23-285_A1,7
TATTTGATTTGCACAG-1_V13B23-285_A1,21
TATTTGTTACCCTTTA-1_V13B23-285_A1,11
TCAAACAACCGCGTCG-1_V13B23-285_A1,11
TCAAACTTAGATTGTT-1_V13B23-285_A1,11
TCAAAGAGCTATCTGT-1_V13B23-285_A1,11
TCAAATTGTTGTGCCG-1_V13B23-285_A1,16
TCAAATTTGAGACTCA-1_V13B23-285_A1,17
TCAACAAAGATAATTC-1_V13B23-285_A1,11
TCAACACATTGGGTAA-1_V13B23-285_A1,21
TCAACATAGCGCCCTA-1_V13B23-285_A1,11
TCAACATCGACCGAGA-1_V13B23-285_A1,11
TCAACCATGTTCGGGC-1_V13B23-285_A1,11
TCAACGAGGAGACAAA-1_V13B23-285_A1,11
TCAACGCAGGAAATAA-1_V13B23-285_A1,11
TCAACGCGACCGGCAG-1_V13B23-285_A1,11
TCAACTAACGTATAAC-1_V13B23-285_A1,19
TCAACTGCAGAGTCAG-1_V13B23-285_A1,10
TCAAGAAATACTAGCT-1_V13B23-285_A1,5
TCAAGCGCGGACGGTA-1_V13B23-285_A1,16
TCAAGGTTACTACACC-1_V13B23-285_A1,18
TCAATACAATTGCTGC-1_V13B23-285_A1,19
TCAATACGCCGTCATG-1_V13B23-285_A1,10
TCACAAACCGAGGTAC-1_V13B23-285_A1,1
TCACAGATCCTCAAAC-1_V13B23-285_A1,3
TCACAGCAAACTCGAA-1_V13B23-285_A1,11
TCACAGGAGAATAAGA-1_V13B23-285_A1,11
TCACAGGGAATCGCAA-1_V13B23-285_A1,19
TCACAGGTTATTGGGC-1_V13B23-285_A1,11
TCACATCTTATCTGAT-1_V13B23-285_A1,12
TCACCCTCTTAAGATT-1_V13B23-285_A1,11
TCACCGCTCGGCACTC-1_V13B23-285_A1,17
TCACGATGTCCGTGGA-1_V13B23-285_A1,11
TCACGCATTGTAGATC-1_V13B23-285_A1,11
TCACGGTCATCGCACA-1_V13B23-285_A1,11
TCACGTGCCCGATTCA-1_V13B23-285_A1,11
TCACTACGACCAATGC-1_V13B23-285_A1,9
TCACTATCCCTTCGGT-1_V13B23-285_A1,17
TCACTATCGTGCAATC-1_V13B23-285_A1,3
TCACTCAGCGCATTAG-1_V13B23-285_A1,3
TCACTCGTGCAACGGC-1_V13B23-285_A1,7
TCACTCTTCGTCTGTC-1_V13B23-285_A1,5
TCAGAACCTCCACAGG-1_V13B23-285_A1,13
TCAGACGCTATAGAAG-1_V13B23-285_A1,19
TCAGCAAATGCATCTC-1_V13B23-285_A1,11
TCAGCAGTAGGCCCTG-1_V13B23-285_A1,17
TCAGCCAATCCGTAAA-1_V13B23-285_A1,7
TCAGGGCGACTTCCTT-1_V13B23-285_A1,19
TCAGGGCGCAAACTCG-1_V13B23-285_A1,19
TCAGGGTGTAACGTAA-1_V13B23-285_A1,10
TCAGGTTCTTTGAGAA-1_V13B23-285_A1,11
TCAGTACTGACCCGCG-1_V13B23-285_A1,19
TCAGTAGGGACTATAA-1_V13B23-285_A1,8
TCAGTGTATACGTCAT-1_V13B23-285_A1,16
TCATACTTACAGATCC-1_V13B23-285_A1,19
TCATATGAGCTTTGTT-1_V13B23-285_A1,16
TCATCACTCGAGCTCG-1_V13B23-285_A1,3
TCATCCTCAGCTGCTT-1_V13B23-285_A1,1
TCATCGACGACCGTCG-1_V13B23-285_A1,21
TCATCGATGGTCCCAA-1_V13B23-285_A1,16
TCATGCAGGTTCTCAT-1_V13B23-285_A1,1
TCATTTAAGTCTCCGA-1_V13B23-285_A1,10
TCATTTAGAAGTGTGA-1_V13B23-285_A1,1
TCCAACTCAGCTATCT-1_V13B23-285_A1,13
TCCAACTTTAAATTCT-1_V13B23-285_A1,8
TCCAAGCCTAGACACA-1_V13B23-285_A1,18
TCCAATAAAGGCTACC-1_V13B23-285_A1,10
TCCACAATGGTTTACG-1_V13B23-285_A1,11
TCCACATCGTATATTG-1_V13B23-285_A1,16
TCCACCAAGACATAGG-1_V13B23-285_A1,18
TCCACCTCTAGCCTTT-1_V13B23-285_A1,17
TCCACTTTATCTAGGT-1_V13B23-285_A1,19
TCCAGAGCACCGGTTC-1_V13B23-285_A1,11
TCCAGATGTACGCCAA-1_V13B23-285_A1,5
TCCAGCGCTATAAGCG-1_V13B23-285_A1,7
TCCAGGCGAGTACGGT-1_V13B23-285_A1,11
TCCAGGGTATATACGA-1_V13B23-285_A1,19
TCCATTAGTTGGATAG-1_V13B23-285_A1,13
TCCATTGTGACCTCGT-1_V13B23-285_A1,9
TCCCAAACAGACAACG-1_V13B23-285_A1,5
TCCCAAAGACGAAGGA-1_V13B23-285_A1,6
TCCCAAAGCCCTAAAT-1_V13B23-285_A1,10
TCCCACTCTCTTCCGG-1_V13B23-285_A1,1
TCCCAGCTTTAGTCTG-1_V13B23-285_A1,11
TCCCAGGCTTAGCTAA-1_V13B23-285_A1,11
TCCCGCCTATGTGCGT-1_V13B23-285_A1,5
TCCCGCGTACTCCTGG-1_V13B23-285_A1,11
TCCCGGGTGTGCTGCT-1_V13B23-285_A1,11
TCCCGGTCAGGAATTT-1_V13B23-285_A1,3
TCCCGTCAGTCCCGCA-1_V13B23-285_A1,19
TCCCGTCGCGTCATAG-1_V13B23-285_A1,17
TCCCGTGTGCAATTTG-1_V13B23-285_A1,19
TCCCTAGATCAATAGG-1_V13B23-285_A1,16
TCCCTCCGAAATCGTT-1_V13B23-285_A1,9
TCCCTCTTCTCAAGGG-1_V13B23-285_A1,16
TCCCTGGCGTATTAAC-1_V13B23-285_A1,17
TCCCTGGCTCGCTGGA-1_V13B23-285_A1,11
TCCCTTAGATTACTCG-1_V13B23-285_A1,13
TCCCTTGTCTGAAACT-1_V13B23-285_A1,18
TCCGAACGTTGCCGCT-1_V13B23-285_A1,7
TCCGAACTTGGCTTAC-1_V13B23-285_A1,11
TCCGAATGGTCCTGAG-1_V13B23-285_A1,13
TCCGAGAAGGCTAAGC-1_V13B23-285_A1,3
TCCGATAATTGCCATA-1_V13B23-285_A1,11
TCCGATGACTGAGCTC-1_V13B23-285_A1,12
TCCGATGGTGCGACAT-1_V13B23-285_A1,11
TCCGATTACATTGCCG-1_V13B23-285_A1,11
TCCGCAGCCACCTAGC-1_V13B23-285_A1,18
TCCGCCTGTCTACAAG-1_V13B23-285_A1,5
TCCGCGGCAGCATCTG-1_V13B23-285_A1,19
TCCGCGGCCCAATGAA-1_V13B23-285_A1,10
TCCGCTGTCATCCCGG-1_V13B23-285_A1,19
TCCGCTTATCCCATTA-1_V13B23-285_A1,11
TCCGGCCTAGCGTACA-1_V13B23-285_A1,10
TCCGGGCTTGACGGGA-1_V13B23-285_A1,10
TCCGGTTCGTCCGGTC-1_V13B23-285_A1,11
TCCGTAACCACAATCC-1_V13B23-285_A1,20
TCCGTTAAGCTAATAT-1_V13B23-285_A1,10
TCCGTTTAGCCTTGAA-1_V13B23-285_A1,16
TCCTAAAGATTCAGAC-1_V13B23-285_A1,18
TCCTAAATTGGGAAGC-1_V13B23-285_A1,5
TCCTAACCGTCGGGCA-1_V13B23-285_A1,17
TCCTACATCCACGGCC-1_V13B23-285_A1,19
TCCTAGCAAAGAAGCT-1_V13B23-285_A1,11
TCCTATCATAGGTAAC-1_V13B23-285_A1,10
TCCTCCTAAGACATTC-1_V13B23-285_A1,11
TCCTCGGGCTGGGCTT-1_V13B23-285_A1,19
TCCTCTACGAGATGGC-1_V13B23-285_A1,19
TCCTCTCCAGTTGTCC-1_V13B23-285_A1,19
TCCTCTGGCCCATTAG-1_V13B23-285_A1,9
TCCTGCCAACTGGAGA-1_V13B23-285_A1,9
TCCTGCGTTGATACTC-1_V13B23-285_A1,11
TCCTTACGACGGTCCG-1_V13B23-285_A1,17
TCCTTCAATCCCTACG-1_V13B23-285_A1,11
TCCTTCAGTGGTCGAA-1_V13B23-285_A1,17
TCCTTGTCCTTTAATT-1_V13B23-285_A1,16
TCCTTTAAATCCGCTT-1_V13B23-285_A1,16
TCCTTTCTTACGCTTA-1_V13B23-285_A1,7
TCGAAATTTAGGACCA-1_V13B23-285_A1,11
TCGAAGAACCGAGCAC-1_V13B23-285_A1,13
TCGAATATCCCGCAGG-1_V13B23-285_A1,17
TCGACAACTGAACCCG-1_V13B23-285_A1,5
TCGAGACCAACACCGT-1_V13B23-285_A1,11
TCGAGCCAGGCAGGCC-1_V13B23-285_A1,7
TCGAGGGCAACAGACG-1_V13B23-285_A1,7
TCGAGTCTACGATTCG-1_V13B23-285_A1,19
TCGATAGGCTAGTCGC-1_V13B23-285_A1,17
TCGCAAAGATGCATTT-1_V13B23-285_A1,19
TCGCACCAGGAGGCAG-1_V13B23-285_A1,17
TCGCACTAACGTTTGT-1_V13B23-285_A1,4
TCGCATAAAGGGCGCA-1_V13B23-285_A1,5
TCGCATCCCTAAGTGT-1_V13B23-285_A1,3
TCGCATTCAATGACTT-1_V13B23-285_A1,3
TCGCCCACTGCGAGAG-1_V13B23-285_A1,11
TCGCCGAAGTTGCGTC-1_V13B23-285_A1,11
TCGCCGACATATTCGC-1_V13B23-285_A1,16
TCGCCGCACCGCGTGA-1_V13B23-285_A1,11
TCGCCGGATGGGCAAG-1_V13B23-285_A1,19
TCGCCGGTCGATCCGT-1_V13B23-285_A1,11
TCGCCTCGACCTGTTG-1_V13B23-285_A1,12
TCGCGTCCAGAAGGTC-1_V13B23-285_A1,11
TCGCTAAACCGCTATC-1_V13B23-285_A1,13
TCGCTACTGGCTTTGA-1_V13B23-285_A1,10
TCGCTCGATATATTCC-1_V13B23-285_A1,4
TCGCTCGGCACCAGCG-1_V13B23-285_A1,5
TCGCTGCCAATGCTGT-1_V13B23-285_A1,17
TCGCTGGGCGGATTGT-1_V13B23-285_A1,10
TCGCTGTGCGTAAATC-1_V13B23-285_A1,1
TCGCTTTAAACGTTTG-1_V13B23-285_A1,6
TCGGAATGCGCTCTGA-1_V13B23-285_A1,11
TCGGACGCCCAGCCCA-1_V13B23-285_A1,19
TCGGAGAGTATCGGGA-1_V13B23-285_A1,11
TCGGAGTACATGAGTA-1_V13B23-285_A1,10
TCGGCGAACCCAAACC-1_V13B23-285_A1,10
TCGGCGTACTGCACAA-1_V13B23-285_A1,11
TCGGCTTGTATCGACG-1_V13B23-285_A1,16
TCGGGAACGTGCCTAG-1_V13B23-285_A1,1
TCGGGAGACAGCGTAC-1_V13B23-285_A1,17
TCGGGATTCAAACATA-1_V13B23-285_A1,11
TCGGGCACTTCTGGAT-1_V13B23-285_A1,3
TCGGGCCGTCGTGGTA-1_V13B23-285_A1,10
TCGGGTGAAACTGCTA-1_V13B23-285_A1,1
TCGGTCCCGACAATAG-1_V13B23-285_A1,11
TCGTAAGACGACATTG-1_V13B23-285_A1,19
TCGTACCGACGTCAAG-1_V13B23-285_A1,19
TCGTATAGTGCAATTA-1_V13B23-285_A1,16
TCGTATTACCCATTGC-1_V13B23-285_A1,11
TCGTCAAGTACGCGCA-1_V13B23-285_A1,11
TCGTCACACTGTTAGC-1_V13B23-285_A1,19
TCGTCCGCTGGCGTCT-1_V13B23-285_A1,19
TCGTCTTAGGCGTTAA-1_V13B23-285_A1,16
TCGTGTACTATGGATG-1_V13B23-285_A1,16
TCGTGTATTGGTCACG-1_V13B23-285_A1,13
TCGTGTCACGCTGACA-1_V13B23-285_A1,11
TCGTGTTCGACCACAA-1_V13B23-285_A1,1
TCGTTAGGAGTCCCTA-1_V13B23-285_A1,11
TCGTTCGTTATTATGT-1_V13B23-285_A1,7
TCGTTGACAGGGTCCC-1_V13B23-285_A1,19
TCGTTGCTATCCGGTC-1_V13B23-285_A1,11
TCGTTGGCTCGTCAAT-1_V13B23-285_A1,3
TCGTTTACGCGACCCT-1_V13B23-285_A1,21
TCTAAAGAACAGTCTC-1_V13B23-285_A1,19
TCTAACCTAGCCTGCG-1_V13B23-285_A1,6
TCTAACTGTATGTAAA-1_V13B23-285_A1,19
TCTAATACTGCCTCAG-1_V13B23-285_A1,11
TCTACCCAATAGAGAG-1_V13B23-285_A1,10
TCTACCGTCCACAAGC-1_V13B23-285_A1,11
TCTAGCAATCTCCGCC-1_V13B23-285_A1,11
TCTAGCATCTTCGATG-1_V13B23-285_A1,12
TCTAGCATGCCCAGAA-1_V13B23-285_A1,11
TCTAGGTGGCGACGCT-1_V13B23-285_A1,10
TCTAGTGATATCGTGG-1_V13B23-285_A1,1
TCTAGTTATCAGAAGA-1_V13B23-285_A1,11
TCTATAGGTGGGTAAT-1_V13B23-285_A1,10
TCTATCATGCAGTTAC-1_V13B23-285_A1,17
TCTATCGGTCGCAACA-1_V13B23-285_A1,11
TCTATGCTATAACGAC-1_V13B23-285_A1,17
TCTATTACGCTGGCGA-1_V13B23-285_A1,3
TCTATTACTAGAGGAT-1_V13B23-285_A1,11
TCTCATGAGATAGGGT-1_V13B23-285_A1,10
TCTCCAACGTAGGTTA-1_V13B23-285_A1,4
TCTCCACAAGTTGAAT-1_V13B23-285_A1,10
TCTCCCTGGGCAGCGT-1_V13B23-285_A1,16
TCTCGAACGAGGTCAC-1_V13B23-285_A1,9
TCTCGACGTATCGCCG-1_V13B23-285_A1,10
TCTCGAGGAGGTTCGC-1_V13B23-285_A1,7
TCTCGGCTCCAGGACT-1_V13B23-285_A1,3
TCTCGTGTTACGAGGA-1_V13B23-285_A1,11
TCTCTAATAGCTGGTA-1_V13B23-285_A1,11
TCTCTCGCCGCACATA-1_V13B23-285_A1,16
TCTCTTACCGCGAACC-1_V13B23-285_A1,17
TCTGAACCGGTCGGCT-1_V13B23-285_A1,7
TCTGAACTCGTACCCG-1_V13B23-285_A1,17
TCTGAAGCACGTGGTC-1_V13B23-285_A1,21
TCTGAATTCCGTACAA-1_V13B23-285_A1,17
TCTGACGGGCTAACCC-1_V13B23-285_A1,7
TCTGACTGTAATGGTT-1_V13B23-285_A1,17
TCTGAGCAATTGACTG-1_V13B23-285_A1,16
TCTGATCGGGTGCTAG-1_V13B23-285_A1,10
TCTGATGTATTCTGTC-1_V13B23-285_A1,16
TCTGATTGGAAATGGA-1_V13B23-285_A1,18
TCTGCAGATTCGAGTC-1_V13B23-285_A1,19
TCTGCATACCTTGCTT-1_V13B23-285_A1,10
TCTGCCAGAAACTGCA-1_V13B23-285_A1,19
TCTGCGTCCGGTTTCT-1_V13B23-285_A1,3
TCTGGCCGTTCAAGTT-1_V13B23-285_A1,5
TCTGGCGCAAGCCGGG-1_V13B23-285_A1,11
TCTGGGAACCTTTGAA-1_V13B23-285_A1,17
TCTGGGTAGCGCTCAT-1_V13B23-285_A1,11
TCTGTCATACAAGAGC-1_V13B23-285_A1,17
TCTGTGACTGACCGTT-1_V13B23-285_A1,7
TCTGTGCCATCATAGT-1_V13B23-285_A1,19
TCTGTGGCTACATTTC-1_V13B23-285_A1,3
TCTGTTACCCAGCATA-1_V13B23-285_A1,11
TCTTAACTCGGATGTA-1_V13B23-285_A1,19
TCTTACAGAGGTACCG-1_V13B23-285_A1,3
TCTTACCGGAACTCGT-1_V13B23-285_A1,1
TCTTACGGCATCCGAC-1_V13B23-285_A1,19
TCTTACTTATGCCTCT-1_V13B23-285_A1,10
TCTTAGAGCTCCAATT-1_V13B23-285_A1,10
TCTTAGAGTGAACTCT-1_V13B23-285_A1,1
TCTTCCCATGGGCACA-1_V13B23-285_A1,10
TCTTCGAATAGACGTT-1_V13B23-285_A1,11
TCTTCGATACCAATAA-1_V13B23-285_A1,11
TCTTCGCGGTGAGAGG-1_V13B23-285_A1,10
TCTTCTATAACCCGCC-1_V13B23-285_A1,10
TCTTGATGCGTAGCGA-1_V13B23-285_A1,11
TCTTGCTCCCGATACT-1_V13B23-285_A1,1
TCTTGGTAACACCAAA-1_V13B23-285_A1,11
TCTTTAAGACTATGAA-1_V13B23-285_A1,17
TCTTTAGAGTCTAACA-1_V13B23-285_A1,13
TCTTTAGCAGGCGAAC-1_V13B23-285_A1,17
TCTTTCCTTCGAGATA-1_V13B23-285_A1,1
TGAAACCTCAACTCAC-1_V13B23-285_A1,9
TGAAACTTATGCAAGC-1_V13B23-285_A1,4
TGAAAGGACCTGACTC-1_V13B23-285_A1,19
TGAACTGCTATGACTT-1_V13B23-285_A1,11
TGAAGAGCGGTCCTAG-1_V13B23-285_A1,16
TGAAGTAGCTTACGGA-1_V13B23-285_A1,19
TGAATACCGACGCGTA-1_V13B23-285_A1,17
TGAATGAGTGTTTCCC-1_V13B23-285_A1,19
TGAATGTCAGCCGGCC-1_V13B23-285_A1,10
TGAATTTCACTTGCCT-1_V13B23-285_A1,11
TGACAACGCATGTCGC-1_V13B23-285_A1,12
TGACAGGACAAGTCCA-1_V13B23-285_A1,19
TGACATATATGACGAT-1_V13B23-285_A1,11
TGACATCGAGCGGACC-1_V13B23-285_A1,10
TGACATGTAACGTGAC-1_V13B23-285_A1,16
TGACCAAATCTTAAAC-1_V13B23-285_A1,10
TGACCCAACTCACATT-1_V13B23-285_A1,9
TGACCCACGTTAGACA-1_V13B23-285_A1,11
TGACGAATATTTCCCT-1_V13B23-285_A1,11
TGACGATGCACTAGAA-1_V13B23-285_A1,10
TGACTATAATCCTTTC-1_V13B23-285_A1,11
TGACTCCGAATCATAC-1_V13B23-285_A1,19
TGAGAATGCTTTACCG-1_V13B23-285_A1,11
TGAGACGTACCTCTCA-1_V13B23-285_A1,11
TGAGAGATTTACCACG-1_V13B23-285_A1,19
TGAGATCAAATACTCA-1_V13B23-285_A1,14
TGAGATTAGGCCCTAA-1_V13B23-285_A1,5
TGAGCAGTCGTGAAGT-1_V13B23-285_A1,3
TGAGCCATACAGTCTC-1_V13B23-285_A1,11
TGAGCGGAAAGTGTTC-1_V13B23-285_A1,19
TGAGCTTTAATGACGC-1_V13B23-285_A1,13
TGAGGAGTGCCAGCTT-1_V13B23-285_A1,7
TGAGGCATGTACTGTG-1_V13B23-285_A1,19
TGAGGTTGATCCCAAG-1_V13B23-285_A1,3
TGAGTAAATTAGCGTA-1_V13B23-285_A1,11
TGAGTGCCTCTTAAAT-1_V13B23-285_A1,11
TGAGTGGTCCGTGACG-1_V13B23-285_A1,19
TGAGTTAAAGACATTC-1_V13B23-285_A1,10
TGATACATTTAGCCGT-1_V13B23-285_A1,11
TGATAGCGGGATTCTA-1_V13B23-285_A1,19
TGATCAGGGAACTGCT-1_V13B23-285_A1,11
TGATCCCAGCATTAGT-1_V13B23-285_A1,10
TGATCGGTTTGACCCT-1_V13B23-285_A1,11
TGATCTACGCTGATCT-1_V13B23-285_A1,15
TGATCTCCGGCGCCAG-1_V13B23-285_A1,11
TGATGGCTGTTTCTGA-1_V13B23-285_A1,17
TGATGGGACTAAGTCA-1_V13B23-285_A1,15
TGATGTCAATTAAGTG-1_V13B23-285_A1,16
TGATTCAGGTCCCGCG-1_V13B23-285_A1,11
TGATTCCCGGTTACCT-1_V13B23-285_A1,19
TGATTCGTCTATCACT-1_V13B23-285_A1,11
TGATTCTGTCGCCGGT-1_V13B23-285_A1,11
TGATTTATTAGCTGTG-1_V13B23-285_A1,11
TGATTTCCTCCTGACG-1_V13B23-285_A1,3
TGCAAACCCACATCAA-1_V13B23-285_A1,9
TGCAACCCATCTGCGG-1_V13B23-285_A1,17
TGCAACTACTGGTTGA-1_V13B23-285_A1,10
TGCAAGAATGACGTAA-1_V13B23-285_A1,11
TGCAATCTAACACGGT-1_V13B23-285_A1,18
TGCACGAGTCGGCAGC-1_V13B23-285_A1,9
TGCACTATGTGAGTGC-1_V13B23-285_A1,1
TGCAGAACTATATCGT-1_V13B23-285_A1,11
TGCAGAGTACCGAGCA-1_V13B23-285_A1,11
TGCAGATCGTCCTAGG-1_V13B23-285_A1,11
TGCAGCTACGTACTTC-1_V13B23-285_A1,11
TGCAGGATCGGCAAAG-1_V13B23-285_A1,19
TGCAGTTTCCTCCCAT-1_V13B23-285_A1,10
TGCATATGTCTGTCAC-1_V13B23-285_A1,19
TGCATGGATCGGATCT-1_V13B23-285_A1,11
TGCATGTGGTAATCTA-1_V13B23-285_A1,16
TGCCAAAGTCAGACTT-1_V13B23-285_A1,11
TGCCAATGGGTACTCT-1_V13B23-285_A1,11
TGCCACACTAGAGGAA-1_V13B23-285_A1,11
TGCCACCTGGCGAAAC-1_V13B23-285_A1,19
TGCCAGTACGTGGAGA-1_V13B23-285_A1,10
TGCCATTACTAAAGAA-1_V13B23-285_A1,5
TGCCCGTACCGTTAAA-1_V13B23-285_A1,19
TGCCGAAAGCGTATTC-1_V13B23-285_A1,17
TGCCGGATGTACGAGC-1_V13B23-285_A1,11
TGCCGTGGATCGTCCT-1_V13B23-285_A1,1
TGCCGTGGGACCCAAT-1_V13B23-285_A1,12
TGCCGTTCTTAATCGG-1_V13B23-285_A1,19
TGCCTAATTGAAGATT-1_V13B23-285_A1,17
TGCCTGACATCGGTCA-1_V13B23-285_A1,3
TGCCTGATCAAACGAT-1_V13B23-285_A1,11
TGCCTTGGCCAGGCAA-1_V13B23-285_A1,7
TGCGAATATGGGATTT-1_V13B23-285_A1,11
TGCGACACCCTAGTGC-1_V13B23-285_A1,8
TGCGACGGCCGAACGT-1_V13B23-285_A1,11
TGCGAGAATATTACCC-1_V13B23-285_A1,11
TGCGATGCTAATGGCT-1_V13B23-285_A1,19
TGCGCAAAGCATTTGG-1_V13B23-285_A1,11
TGCGCCGTTAATAACG-1_V13B23-285_A1,10
TGCGCGATTAACGGAG-1_V13B23-285_A1,11
TGCGGACTTGACTCCG-1_V13B23-285_A1,17
TGCGGAGTAAAGGTGC-1_V13B23-285_A1,11
TGCGGCATAGTTCAAC-1_V13B23-285_A1,16
TGCGGTGAAATTTCAT-1_V13B23-285_A1,2
TGCGTAAGAACCTGAT-1_V13B23-285_A1,11
TGCGTACGGCTAATTG-1_V13B23-285_A1,1
TGCGTCATGACTGAGC-1_V13B23-285_A1,11
TGCGTGATTGGGTGTC-1_V13B23-285_A1,3
TGCGTTTGTTGACACT-1_V13B23-285_A1,19
TGCTAAGTGTCTATTT-1_V13B23-285_A1,1
TGCTATACAAACGGAC-1_V13B23-285_A1,14
TGCTCCACAGTTCTTA-1_V13B23-285_A1,1
TGCTCGGCGAAACCCA-1_V13B23-285_A1,1
TGCTCGGTGGGTCACC-1_V13B23-285_A1,18
TGCTCTTGAGAGTTTG-1_V13B23-285_A1,17
TGCTGGTTGGACAATT-1_V13B23-285_A1,17
TGCTGTTGAAGAACTC-1_V13B23-285_A1,11
TGCTTAGAGAGAATGC-1_V13B23-285_A1,10
TGCTTCCCAAGCAGTA-1_V13B23-285_A1,19
TGCTTGAAACCATGCA-1_V13B23-285_A1,1
TGGAAACGGAGTGAAC-1_V13B23-285_A1,3
TGGAACCACTGACACA-1_V13B23-285_A1,16
TGGAAGAAGGGAACGT-1_V13B23-285_A1,11
TGGAAGACGAACACCA-1_V13B23-285_A1,16
TGGAAGGATAAAGATG-1_V13B23-285_A1,11
TGGAATATCCTTGACC-1_V13B23-285_A1,5
TGGAATTAGACGCTTT-1_V13B23-285_A1,19
TGGACACCGTTGCTTG-1_V13B23-285_A1,19
TGGACCAATCTAAGAT-1_V13B23-285_A1,21
TGGACCACGGCGTTGA-1_V13B23-285_A1,20
TGGACGCAATCCAGCC-1_V13B23-285_A1,11
TGGACGTAGGCGAATC-1_V13B23-285_A1,15
TGGACTGTTCGCTCAA-1_V13B23-285_A1,11
TGGAGCTAAAGTTCCC-1_V13B23-285_A1,9
TGGAGGGAAACACCTC-1_V13B23-285_A1,14
TGGAGTGATGCGATGA-1_V13B23-285_A1,11
TGGATAGAGTAACAGA-1_V13B23-285_A1,3
TGGCAAACTAAATTAC-1_V13B23-285_A1,17
TGGCAACTCGCGCGCC-1_V13B23-285_A1,6
TGGCAAGCACAAGTCG-1_V13B23-285_A1,17
TGGCAATGGGACGGCG-1_V13B23-285_A1,16
TGGCAGATTACGATCA-1_V13B23-285_A1,11
TGGCAGCAGTAATAGT-1_V13B23-285_A1,11
TGGCATGAAGTTTGGG-1_V13B23-285_A1,5
TGGCCAAACTGAAGTA-1_V13B23-285_A1,19
TGGCCAATTTGGTACT-1_V13B23-285_A1,11
TGGCCGTATATTGACC-1_V13B23-285_A1,11
TGGCGACTGCTCCAAA-1_V13B23-285_A1,11
TGGCGATCAAGTTATG-1_V13B23-285_A1,11
TGGCGGTGTGCGATTG-1_V13B23-285_A1,3
TGGCTACACTCTACCT-1_V13B23-285_A1,16
TGGCTATGTGACATAC-1_V13B23-285_A1,18
TGGCTCTTGTCGCGTA-1_V13B23-285_A1,11
TGGCTTATGTATAATG-1_V13B23-285_A1,19
TGGCTTTGGGTAGACA-1_V13B23-285_A1,11
TGGGAAATGCCTTTCC-1_V13B23-285_A1,19
TGGGACCATTGGGAGT-1_V13B23-285_A1,15
TGGGCAATAGTTGGGT-1_V13B23-285_A1,10
TGGGCACAAACAGAAC-1_V13B23-285_A1,3
TGGGCACGTTCTATGG-1_V13B23-285_A1,3
TGGGCAGGCCACCGCA-1_V13B23-285_A1,7
TGGGCCACAAGAGCGC-1_V13B23-285_A1,19
TGGGCCCATACTAATT-1_V13B23-285_A1,10
TGGGCCTTGCCTGCAT-1_V13B23-285_A1,3
TGGGCGATACAATAAG-1_V13B23-285_A1,19
TGGGTAAGGTTCCCGC-1_V13B23-285_A1,12
TGGGTGCACAAGCCAT-1_V13B23-285_A1,21
TGGGTGTAATAGATTT-1_V13B23-285_A1,1
TGGGTTCCCGGACGGA-1_V13B23-285_A1,19
TGGTAAGCAGGATTGA-1_V13B23-285_A1,11
TGGTAGAATATATGGG-1_V13B23-285_A1,17
TGGTATCGCATCCCAA-1_V13B23-285_A1,20
TGGTATCGGTCTGTAT-1_V13B23-285_A1,14
TGGTCCCACGCTACGG-1_V13B23-285_A1,10
TGGTCGTGCAAGGCAA-1_V13B23-285_A1,11
TGGTCTAGCTTACATG-1_V13B23-285_A1,19
TGGTCTGTTGGGCGTA-1_V13B23-285_A1,11
TGGTGATCGTATTTGT-1_V13B23-285_A1,19
TGGTTAACTTACATTT-1_V13B23-285_A1,19
TGGTTAAGGGCGCTGG-1_V13B23-285_A1,5
TGGTTATGCTTGCGGT-1_V13B23-285_A1,19
TGGTTCAACGGGTAAT-1_V13B23-285_A1,12
TGGTTCGTAGCAAAGG-1_V13B23-285_A1,11
TGGTTGGAGGATCCTG-1_V13B23-285_A1,9
TGGTTTAAACGTGGGT-1_V13B23-285_A1,5
TGTAACTTGTCAACCT-1_V13B23-285_A1,3
TGTAATGACCACAATA-1_V13B23-285_A1,11
TGTACCTACACGAGGG-1_V13B23-285_A1,13
TGTACGAACAAATCCG-1_V13B23-285_A1,11
TGTACTACTCTCACGG-1_V13B23-285_A1,14
TGTACTGTGCCAAAGT-1_V13B23-285_A1,3
TGTAGCCAATTCCGTT-1_V13B23-285_A1,17
TGTAGCCATCCCATTC-1_V13B23-285_A1,7
TGTAGGAGAAATTTCC-1_V13B23-285_A1,19
TGTAGTGATCTATAAT-1_V13B23-285_A1,11
TGTATAACAGATCCTG-1_V13B23-285_A1,19
TGTATACGGATGATGA-1_V13B23-285_A1,5
TGTATCCTTATTCCAT-1_V13B23-285_A1,17
TGTATGGCGCAGACAG-1_V13B23-285_A1,19
TGTCATTTGTTGGGAA-1_V13B23-285_A1,9
TGTCCACGGCTCAACT-1_V13B23-285_A1,16
TGTCCCGACATAGCAC-1_V13B23-285_A1,16
TGTCCGTGGCGCCTTT-1_V13B23-285_A1,19
TGTCCTAAGTCACCGC-1_V13B23-285_A1,11
TGTCGGCATGGTGGAA-1_V13B23-285_A1,3
TGTCGTTATCACATAT-1_V13B23-285_A1,19
TGTCTACAGTTTCTGT-1_V13B23-285_A1,16
TGTGACTACGCCAGTC-1_V13B23-285_A1,19
TGTGACTAGAGTTTGC-1_V13B23-285_A1,1
TGTGAGACTAGCCCAA-1_V13B23-285_A1,19
TGTGCCAGAGGCAAAG-1_V13B23-285_A1,19
TGTGCCGGTGCCGGAA-1_V13B23-285_A1,10
TGTGCTTTACGTAAGA-1_V13B23-285_A1,11
TGTGGAGGAAGCTTAA-1_V13B23-285_A1,2
TGTGGCAAAGCGTATG-1_V13B23-285_A1,5
TGTGGCGGGCTTCTGG-1_V13B23-285_A1,19
TGTGGCTCCCACCAAC-1_V13B23-285_A1,10
TGTGGTTGCTAAAGCT-1_V13B23-285_A1,19
TGTGTAGTAGCACGTG-1_V13B23-285_A1,16
TGTGTCGAAGTCGAGG-1_V13B23-285_A1,11
TGTGTCGCGAGTTGCA-1_V13B23-285_A1,19
TGTGTGACCATGAATC-1_V13B23-285_A1,11
TGTGTTCGTATCCAAG-1_V13B23-285_A1,19
TGTTATTGTATGTGGC-1_V13B23-285_A1,19
TGTTCATAAATGTGCT-1_V13B23-285_A1,19
TGTTCCGCTTCCATGA-1_V13B23-285_A1,11
TGTTCCGGCCTGAGCT-1_V13B23-285_A1,13
TGTTCGTATTGCGGTG-1_V13B23-285_A1,11
TGTTCTTCCATTGACT-1_V13B23-285_A1,11
TGTTGCCGTCGTCCCA-1_V13B23-285_A1,10
TGTTGTCAAGAAGTCT-1_V13B23-285_A1,19
TGTTTAATACTTCATC-1_V13B23-285_A1,9
TGTTTCGGTACTTCTC-1_V13B23-285_A1,11
TGTTTGAGATCGTCAG-1_V13B23-285_A1,10
TTAAACAGAGTCCCGC-1_V13B23-285_A1,3
TTAAACCGGTAGCGAC-1_V13B23-285_A1,16
TTAAACCTGGTTCCTT-1_V13B23-285_A1,19
TTAAACTCGAATTCAT-1_V13B23-285_A1,10
TTAAAGTAAGTCGCCA-1_V13B23-285_A1,1
TTAACACCTCGAACAT-1_V13B23-285_A1,7
TTAACCAACCCTCCCT-1_V13B23-285_A1,11
TTAACGAACAAGCAGT-1_V13B23-285_A1,14
TTAACGTCGCAAGACC-1_V13B23-285_A1,21
TTAACGTTAAAGCCTG-1_V13B23-285_A1,11
TTAACTCACGCGTGGA-1_V13B23-285_A1,19
TTAACTTCAGGTAGGA-1_V13B23-285_A1,11
TTAAGATAGGATTGAC-1_V13B23-285_A1,13
TTAAGCCGACAACTTC-1_V13B23-285_A1,5
TTAAGCGCCTGACCCA-1_V13B23-285_A1,11
TTAAGGATACGGAGGT-1_V13B23-285_A1,3
TTAAGGCCCGTACTTT-1_V13B23-285_A1,16
TTAAGTATTGTTATCC-1_V13B23-285_A1,1
TTAATCAGTACGTCAG-1_V13B23-285_A1,5
TTAATGTAGACCAGGT-1_V13B23-285_A1,11
TTAATGTGTTTGCAGG-1_V13B23-285_A1,18
TTAATTGCTTTGGGTG-1_V13B23-285_A1,13
TTAATTTCAGACGCGG-1_V13B23-285_A1,11
TTACAACTACGCATCC-1_V13B23-285_A1,11
TTACACGATCTGCGAC-1_V13B23-285_A1,18
TTACAGACCTAAATGA-1_V13B23-285_A1,5
TTACATCGTGGCCTGG-1_V13B23-285_A1,17
TTACATGCCACAACTA-1_V13B23-285_A1,10
TTACCATTGATTACCC-1_V13B23-285_A1,11
TTACCCATTGCCGGGT-1_V13B23-285_A1,18
TTACCCTAACAGTCCT-1_V13B23-285_A1,4
TTACCCTAGGGATTGG-1_V13B23-285_A1,17
TTACCGCCTTAGGGAA-1_V13B23-285_A1,3
TTACGGATGGTTCGAG-1_V13B23-285_A1,16
TTACGGTGTCACCGAG-1_V13B23-285_A1,3
TTACGTATCTATGACA-1_V13B23-285_A1,7
TTACTAAAGGACTTTA-1_V13B23-285_A1,5
TTACTATCGGCTTCTC-1_V13B23-285_A1,11
TTACTCCGGCCGGGAA-1_V13B23-285_A1,19
TTACTCTGGTACGTAC-1_V13B23-285_A1,11
TTACTGGGATATTTCA-1_V13B23-285_A1,11
TTAGAAGAACATGACT-1_V13B23-285_A1,11
TTAGAATAAGGGTCGG-1_V13B23-285_A1,1
TTAGACACGATCGTTG-1_V13B23-285_A1,18
TTAGACGAGTCACCTC-1_V13B23-285_A1,19
TTAGAGGGATATACAG-1_V13B23-285_A1,19
TTAGAGTTTAGAAGGA-1_V13B23-285_A1,19
TTAGATAGGTCGATAC-1_V13B23-285_A1,3
TTAGCAACATGGATGT-1_V13B23-285_A1,16
TTAGCTAATACGATCT-1_V13B23-285_A1,7
TTAGCTCTGTAATCCG-1_V13B23-285_A1,19
TTAGCTGATTTGCCGT-1_V13B23-285_A1,10
TTAGGTCATAACCGAC-1_V13B23-285_A1,11
TTAGTAAACCTGCTCT-1_V13B23-285_A1,16
TTAGTAGGGCGGCGGG-1_V13B23-285_A1,11
TTAGTTATTCGTGGCA-1_V13B23-285_A1,7
TTAGTTCAAGTGTTCG-1_V13B23-285_A1,14
TTATAGATGCACATTA-1_V13B23-285_A1,14
TTATAGGTAATTGTCT-1_V13B23-285_A1,13
TTATATACGCTGTCAC-1_V13B23-285_A1,11
TTATATTTGGCAATCC-1_V13B23-285_A1,11
TTATCATACTCGCAAA-1_V13B23-285_A1,2
TTATCCAATCGAACTC-1_V13B23-285_A1,3
TTATCCGGGATCTATA-1_V13B23-285_A1,10
TTATCCTCAAGGAATA-1_V13B23-285_A1,11
TTATCGCCTGCGAAGC-1_V13B23-285_A1,19
TTATCTGACATTAGGA-1_V13B23-285_A1,11
TTATCTGTATCATAAC-1_V13B23-285_A1,11
TTATGAATGAAAGGGA-1_V13B23-285_A1,11
TTATGACAAACTGGAT-1_V13B23-285_A1,11
TTATGATCTTAACGAA-1_V13B23-285_A1,12
TTATGCGTCCCGGTCC-1_V13B23-285_A1,16
TTATGTTTGCGATAGA-1_V13B23-285_A1,19
TTATTAGAGCGTGTTC-1_V13B23-285_A1,11
TTATTAGGGAAGCATC-1_V13B23-285_A1,18
TTATTATCTGGAAGGC-1_V13B23-285_A1,7
TTATTTCATCCCAAAC-1_V13B23-285_A1,15
TTCAAAGTCTCTAGCC-1_V13B23-285_A1,19
TTCAACGACCCGACCG-1_V13B23-285_A1,11
TTCAAGCCGAGCTGAG-1_V13B23-285_A1,7
TTCAATACTCTGAATC-1_V13B23-285_A1,12
TTCACGAAAGGATCAC-1_V13B23-285_A1,11
TTCACTCGAGCACCTA-1_V13B23-285_A1,18
TTCACTTCCTAGAACG-1_V13B23-285_A1,19
TTCAGAGTAACCTGAC-1_V13B23-285_A1,13
TTCAGCCCTGGTCCAC-1_V13B23-285_A1,19
TTCAGCTGGCGTGCCC-1_V13B23-285_A1,1
TTCAGGCGTCAAAGCC-1_V13B23-285_A1,11
TTCAGTTTGTGGCAGC-1_V13B23-285_A1,19
TTCATAGCCTTGTAAC-1_V13B23-285_A1,1
TTCATAGGGTGTCCAT-1_V13B23-285_A1,19
TTCATGGCGCAACAGG-1_V13B23-285_A1,19
TTCCAATCAGAGCTAG-1_V13B23-285_A1,18
TTCCAATCTGGCTATC-1_V13B23-285_A1,11
TTCCACACAGATTTGA-1_V13B23-285_A1,11
TTCCAGACGAGATTTA-1_V13B23-285_A1,10
TTCCATCGACAGCGTG-1_V13B23-285_A1,13
TTCCCGGCGCCAATAG-1_V13B23-285_A1,11
TTCCGCAGAGAAATAT-1_V13B23-285_A1,7
TTCCGCGTGAGGCGAT-1_V13B23-285_A1,11
TTCCGGCCTTGAGGCT-1_V13B23-285_A1,11
TTCCGGTATCTGTGTC-1_V13B23-285_A1,10
TTCCGGTTACCCACTT-1_V13B23-285_A1,5
TTCCTCGAGGGTGTCT-1_V13B23-285_A1,11
TTCCTCGGACTAACCA-1_V13B23-285_A1,7
TTCCTCTGCCCGAATA-1_V13B23-285_A1,11
TTCCTTTCTGTGTTGC-1_V13B23-285_A1,3
TTCGACAGAGCCCGTG-1_V13B23-285_A1,11
TTCGACGGGAAGGGCG-1_V13B23-285_A1,11
TTCGCACTCGCGTGCT-1_V13B23-285_A1,11
TTCGCACTGTACGACA-1_V13B23-285_A1,19
TTCGCATCCGGAAGCA-1_V13B23-285_A1,3
TTCGCCGCTCGCGCTA-1_V13B23-285_A1,19
TTCGCGCGCCATACGA-1_V13B23-285_A1,17
TTCGCTAGGAAGTTGT-1_V13B23-285_A1,10
TTCGCTATCTGACGTG-1_V13B23-285_A1,5
TTCGGCAACCCGCTGA-1_V13B23-285_A1,4
TTCGGCTAGAGATGGT-1_V13B23-285_A1,7
TTCGGGACTAATCGCG-1_V13B23-285_A1,11
TTCGGGCGCTAGTCTT-1_V13B23-285_A1,11
TTCGGGTTGCCACGGG-1_V13B23-285_A1,10
TTCGGTACTGTAGAGG-1_V13B23-285_A1,19
TTCGGTGGAGACGCCC-1_V13B23-285_A1,10
TTCGTAATCCCAGCGG-1_V13B23-285_A1,9
TTCGTACTCCAGAACG-1_V13B23-285_A1,11
TTCGTTCAACGAAGTT-1_V13B23-285_A1,5
TTCTAACCGAAGCTTA-1_V13B23-285_A1,7
TTCTACTTGCGAGGGC-1_V13B23-285_A1,19
TTCTAGAAAGTCTTAT-1_V13B23-285_A1,11
TTCTAGGCCAATTGTG-1_V13B23-285_A1,11
TTCTATGCCTTTCGCA-1_V13B23-285_A1,10
TTCTATTAAACGCAGC-1_V13B23-285_A1,19
TTCTCTTACAGGTGAT-1_V13B23-285_A1,19
TTCTGACCGGGCTCAA-1_V13B23-285_A1,17
TTCTGCCGCGCCTAGA-1_V13B23-285_A1,11
TTCTGCGAGCGCCCTT-1_V13B23-285_A1,11
TTCTGCGGGTTAGCGG-1_V13B23-285_A1,19
TTCTGCTAGACTCCAA-1_V13B23-285_A1,1
TTCTGTTTCCTGTCGC-1_V13B23-285_A1,19
TTCTTAGTGAACGGTG-1_V13B23-285_A1,13
TTCTTAGTGGCTCAGA-1_V13B23-285_A1,10
TTCTTATCCGCTGGGT-1_V13B23-285_A1,13
TTCTTGAGCCGCGCTA-1_V13B23-285_A1,11
TTCTTGCTAGCATCTC-1_V13B23-285_A1,10
TTCTTGGACGATCTGC-1_V13B23-285_A1,11
TTCTTGGAGTAATGAG-1_V13B23-285_A1,6
TTCTTGTAACCTAATG-1_V13B23-285_A1,19
TTCTTGTGTCCATCAG-1_V13B23-285_A1,19
TTCTTTGGTCGCGACG-1_V13B23-285_A1,7
TTGAACGAATCCTTTG-1_V13B23-285_A1,2
TTGAACGACGTGCTGA-1_V13B23-285_A1,7
TTGAAGAATTCCCAGG-1_V13B23-285_A1,11
TTGAAGGATGGGCGCC-1_V13B23-285_A1,19
TTGAATATGGACTTTC-1_V13B23-285_A1,19
TTGAATCGTTGTATAA-1_V13B23-285_A1,11
TTGAATTCACGTGAGG-1_V13B23-285_A1,17
TTGACAGGAGCTCCCG-1_V13B23-285_A1,16
TTGACATGAACGTGGA-1_V13B23-285_A1,11
TTGACCAGGAACAACT-1_V13B23-285_A1,17
TTGACCATGTTCTCCG-1_V13B23-285_A1,19
TTGACCGTGTTAATGA-1_V13B23-285_A1,11
TTGACGATTCAGCACG-1_V13B23-285_A1,16
TTGACGCTCCATGAGC-1_V13B23-285_A1,13
TTGACTACCATATGGT-1_V13B23-285_A1,11
TTGACTATTGTCCGGC-1_V13B23-285_A1,7
TTGAGAAGTTTAGCAT-1_V13B23-285_A1,1
TTGAGAGTACTGCTAA-1_V13B23-285_A1,11
TTGAGCAGCCCACGGT-1_V13B23-285_A1,10
TTGAGCGCCACGTGAT-1_V13B23-285_A1,17
TTGATAGTCAATACAT-1_V13B23-285_A1,5
TTGATCTAACTTTGTC-1_V13B23-285_A1,11
TTGATGTGTAGTCCCG-1_V13B23-285_A1,6
TTGATTAGCTGTTTCT-1_V13B23-285_A1,11
TTGATTATGCAGATGA-1_V13B23-285_A1,11
TTGCAAGAAGACTCCT-1_V13B23-285_A1,16
TTGCACAATTCAGAAA-1_V13B23-285_A1,8
TTGCACGGAGCAGCAC-1_V13B23-285_A1,11
TTGCATGCTGATCACG-1_V13B23-285_A1,11
TTGCCAAGCAGAACCC-1_V13B23-285_A1,16
TTGCCATAGCCCGCTC-1_V13B23-285_A1,17
TTGCCCTGATCACGGG-1_V13B23-285_A1,11
TTGCCGCAGACCTACA-1_V13B23-285_A1,1
TTGCCGCTTTCTAGTA-1_V13B23-285_A1,1
TTGCCTTCTCGCCGGG-1_V13B23-285_A1,1
TTGCGCTCTCTCGCTT-1_V13B23-285_A1,19
TTGCGCTTGATCAATA-1_V13B23-285_A1,16
TTGCGGCATCAGAAAG-1_V13B23-285_A1,11
TTGCGTAGTTTGAGGA-1_V13B23-285_A1,19
TTGCGTCGGCCAACCG-1_V13B23-285_A1,11
TTGCGTGAACGCTTAG-1_V13B23-285_A1,14
TTGCGTGTGTAGGCAT-1_V13B23-285_A1,18
TTGCTAGCTACCAATC-1_V13B23-285_A1,3
TTGCTCATAGTACGTG-1_V13B23-285_A1,5
TTGCTCCCATACCGGA-1_V13B23-285_A1,11
TTGCTGAAGGAACCAC-1_V13B23-285_A1,11
TTGCTGATCATGTTCG-1_V13B23-285_A1,11
TTGCTGCACCTATCCA-1_V13B23-285_A1,7
TTGCTGGCCGGGCTTC-1_V13B23-285_A1,9
TTGGAAGAATACAGTC-1_V13B23-285_A1,11
TTGGACATGTGGCTTA-1_V13B23-285_A1,11
TTGGACCATCTGGCAA-1_V13B23-285_A1,10
TTGGACCTATAACAGT-1_V13B23-285_A1,1
TTGGAGTCTCCCTTCT-1_V13B23-285_A1,3
TTGGATATCGTCTACG-1_V13B23-285_A1,11
TTGGATCGACTTCTGG-1_V13B23-285_A1,7
TTGGATTGGGTACCAC-1_V13B23-285_A1,16
TTGGCCATCTTGCGCT-1_V13B23-285_A1,3
TTGGCCTAGAATTTCG-1_V13B23-285_A1,1
TTGGCGATCCGAATAT-1_V13B23-285_A1,7
TTGGCTCAATATGTGT-1_V13B23-285_A1,16
TTGGCTCGCATGAGAC-1_V13B23-285_A1,19
TTGGGAAGACGAGCCG-1_V13B23-285_A1,19
TTGGGACACTGCCCGC-1_V13B23-285_A1,12
TTGGGACGTAAGAGTT-1_V13B23-285_A1,10
TTGGGCGGCGGTTGCC-1_V13B23-285_A1,11
TTGGTATGGCTTGTGT-1_V13B23-285_A1,18
TTGGTCACACTCGTAA-1_V13B23-285_A1,11
TTGGTTGCGGTGCGCG-1_V13B23-285_A1,11
TTGTAAGGACCTAAGT-1_V13B23-285_A1,11
TTGTAAGGCCAGTTGG-1_V13B23-285_A1,19
TTGTAATCCGTACTCG-1_V13B23-285_A1,11
TTGTACACCTCGAACA-1_V13B23-285_A1,2
TTGTATCACACAGAAT-1_V13B23-285_A1,14
TTGTCACCGCGGTATC-1_V13B23-285_A1,19
TTGTCGTTCAGTTACC-1_V13B23-285_A1,11
TTGTGAACCTAATCCG-1_V13B23-285_A1,7
TTGTGAGGCATGACGC-1_V13B23-285_A1,11
TTGTGATCTGTTCAGT-1_V13B23-285_A1,18
TTGTGCAGCCACGTCA-1_V13B23-285_A1,18
TTGTGCGGAAGCGGAT-1_V13B23-285_A1,19
TTGTGGCCCTGACAGT-1_V13B23-285_A1,11
TTGTGGTAGGAGGGAT-1_V13B23-285_A1,11
TTGTGGTGGTACTAAG-1_V13B23-285_A1,13
TTGTGTATGCCACCAA-1_V13B23-285_A1,19
TTGTGTTTCCCGAAAG-1_V13B23-285_A1,11
TTGTTAGCAAATTCGA-1_V13B23-285_A1,19
TTGTTCAGTGTGCTAC-1_V13B23-285_A1,11
TTGTTCTAGATACGCT-1_V13B23-285_A1,19
TTGTTGTGTGTCAAGA-1_V13B23-285_A1,19
TTGTTTCACATCCAGG-1_V13B23-285_A1,17
TTGTTTCATTAGTCTA-1_V13B23-285_A1,16
TTGTTTCCATACAACT-1_V13B23-285_A1,11
TTGTTTGTGTAAATTC-1_V13B23-285_A1,17
AAACAAGTATCTCCCA-1_V13B23-285_B1,11
AAACACCAATAACTGC-1_V13B23-285_B1,1
AAACAGAGCGACTCCT-1_V13B23-285_B1,14
AAACAGCTTTCAGAAG-1_V13B23-285_B1,21
AAACAGGGTCTATATT-1_V13B23-285_B1,16
AAACATTTCCCGGATT-1_V13B23-285_B1,19
AAACCCGAACGAAATC-1_V13B23-285_B1,11
AAACCGGAAATGTTAA-1_V13B23-285_B1,11
AAACCGGGTAGGTACC-1_V13B23-285_B1,13
AAACCGTTCGTCCAGG-1_V13B23-285_B1,10
AAACCTCATGAAGTTG-1_V13B23-285_B1,3
AAACGAGACGGTTGAT-1_V13B23-285_B1,19
AAACGTGTTCGCCCTA-1_V13B23-285_B1,12
AAACTCGTGATATAAG-1_V13B23-285_B1,3
AAACTGCTGGCTCCAA-1_V13B23-285_B1,19
AAACTTGCAAACGTAT-1_V13B23-285_B1,3
AAAGACTGGGCGCTTT-1_V13B23-285_B1,10
AAAGCTTGCCTACATA-1_V13B23-285_B1,1
AAAGGCTACGGACCAT-1_V13B23-285_B1,19
AAAGGCTCTCGCGCCG-1_V13B23-285_B1,7
AAAGGGATGTAGCAAG-1_V13B23-285_B1,5
AAAGGGCAGCTTGAAT-1_V13B23-285_B1,7
AAAGGTAAGCTGTACC-1_V13B23-285_B1,2
AAAGTAGCATTGCTCA-1_V13B23-285_B1,10
AAAGTCGACCCTCAGT-1_V13B23-285_B1,3
AAAGTGTGATTTATCT-1_V13B23-285_B1,11
AAAGTTGACTCCCGTA-1_V13B23-285_B1,11
AAATAACCATACGGGA-1_V13B23-285_B1,14
AAATAAGGTAGTGCCC-1_V13B23-285_B1,7
AAATACCTATAAGCAT-1_V13B23-285_B1,19
AAATAGCTTAGACTTT-1_V13B23-285_B1,11
AAATAGGGTGCTATTG-1_V13B23-285_B1,19
AAATCGTGTACCACAA-1_V13B23-285_B1,5
AAATCTAGCCCTGCTA-1_V13B23-285_B1,11
AAATGATTCGATCAGC-1_V13B23-285_B1,3
AAATGCTCGTTACGTT-1_V13B23-285_B1,5
AAATGGCATGTCTTGT-1_V13B23-285_B1,9
AAATGGCCCGTGCCCT-1_V13B23-285_B1,10
AAATGGTCAATGTGCC-1_V13B23-285_B1,5
AAATTAACGGGTAGCT-1_V13B23-285_B1,5
AAATTACACGACTCTG-1_V13B23-285_B1,14
AAATTACCTATCGATG-1_V13B23-285_B1,17
AAATTCCAGGTCCAAA-1_V13B23-285_B1,11
AAATTGATAGTCCTTT-1_V13B23-285_B1,21
AAATTGGTGAGAAGCA-1_V13B23-285_B1,12
AAATTTGCGGGTGTGG-1_V13B23-285_B1,7
AACAACTGGTAGTTGC-1_V13B23-285_B1,5
AACAATACATTGTCGA-1_V13B23-285_B1,10
AACAATTACTCTACGC-1_V13B23-285_B1,7
AACACACGCTCGCCGC-1_V13B23-285_B1,11
AACACGAGACGCGGCC-1_V13B23-285_B1,16
AACAGCTGTGTGGCAA-1_V13B23-285_B1,1
AACAGGAAATCGAATA-1_V13B23-285_B1,6
AACAGGATGGGCCGCG-1_V13B23-285_B1,5
AACAGGTAGTATGGAT-1_V13B23-285_B1,11
AACATATCAACTGGTG-1_V13B23-285_B1,1
AACATCGATACGTCTA-1_V13B23-285_B1,3
AACCAAGACTTCTCTG-1_V13B23-285_B1,18
AACCATGGGATCGCTA-1_V13B23-285_B1,5
AACCCAGAGACGGAGA-1_V13B23-285_B1,5
AACCCATCCCATGATC-1_V13B23-285_B1,1
AACCCGAGCAGAATCG-1_V13B23-285_B1,11
AACCCTACTGTCAATA-1_V13B23-285_B1,11
AACCGAGCTTGGTCAT-1_V13B23-285_B1,14
AACCGCTAAGGGATGC-1_V13B23-285_B1,11
AACCGTTGTGTTTGCT-1_V13B23-285_B1,9
AACCTCGCTTTAGCCC-1_V13B23-285_B1,19
AACCTGTCACGGAATT-1_V13B23-285_B1,11
AACCTTTAAATACGGT-1_V13B23-285_B1,19
AACCTTTACGACGTCT-1_V13B23-285_B1,2
AACGATAATGCCGTAG-1_V13B23-285_B1,19
AACGATAGAAGGGCCG-1_V13B23-285_B1,14
AACGATATGTCAACTG-1_V13B23-285_B1,19
AACGCATGATCTGGGT-1_V13B23-285_B1,3
AACGCGGTCTCCAGCC-1_V13B23-285_B1,12
AACGCTGTTGCTGAAA-1_V13B23-285_B1,11
AACGGACGTACGTATA-1_V13B23-285_B1,11
AACGGCCATCTCCGGT-1_V13B23-285_B1,18
AACGTACTGTGGGTAC-1_V13B23-285_B1,10
AACGTCAGACTAGTGG-1_V13B23-285_B1,5
AACGTGATGAAGGACA-1_V13B23-285_B1,9
AACGTGCGAAAGTCTC-1_V13B23-285_B1,19
AACTACCCGTTTGTCA-1_V13B23-285_B1,11
AACTAGGCTTGGGTGT-1_V13B23-285_B1,1
AACTCAAGTTAATTGC-1_V13B23-285_B1,10
AACTCCAGAGCGTGTT-1_V13B23-285_B1,1
AACTCCTAATCCCATG-1_V13B23-285_B1,14
AACTCGATGGCGCAGT-1_V13B23-285_B1,14
AACTCTCAATAGAGCG-1_V13B23-285_B1,11
AACTCTCAGTGTGCTC-1_V13B23-285_B1,13
AACTGAGTTATACTGA-1_V13B23-285_B1,11
AACTGATATTAGGCCT-1_V13B23-285_B1,14
AACTGGGTCCCGACGT-1_V13B23-285_B1,14
AACTTCTGCGTCTATC-1_V13B23-285_B1,5
AACTTGCCCGTATGCA-1_V13B23-285_B1,7
AACTTGCGTTCTCGCG-1_V13B23-285_B1,4
AACTTTACGGGAGCTT-1_V13B23-285_B1,19
AACTTTCTCGATCATG-1_V13B23-285_B1,17
AAGAAATCACCAGATT-1_V13B23-285_B1,3
AAGAAGGATCAGTTAG-1_V13B23-285_B1,6
AAGACCCAACTGAACA-1_V13B23-285_B1,16
AAGACTGCAAGCTACT-1_V13B23-285_B1,19
AAGAGATGAATCGGTA-1_V13B23-285_B1,7
AAGAGCTCTTTATCGG-1_V13B23-285_B1,19
AAGAGGATGTACGCGA-1_V13B23-285_B1,4
AAGAGGCATGGATCGC-1_V13B23-285_B1,19
AAGAGGCCCTTTGGAA-1_V13B23-285_B1,11
AAGATGGCACCGGACC-1_V13B23-285_B1,10
AAGATTGGCGGAACGT-1_V13B23-285_B1,20
AAGCACCCTGCGTATC-1_V13B23-285_B1,19
AAGCATACTCTCCTGA-1_V13B23-285_B1,19
AAGCCGAAGCGGTTTA-1_V13B23-285_B1,11
AAGCCGCTTTACCTTG-1_V13B23-285_B1,3
AAGCCGGAGAGCAGGA-1_V13B23-285_B1,11
AAGCGGAGTGCGCGCA-1_V13B23-285_B1,4
AAGCGGCGTCATGGGT-1_V13B23-285_B1,20
AAGCGTCCCTCATCGA-1_V13B23-285_B1,13
AAGCTAGATCGAGTAA-1_V13B23-285_B1,19
AAGCTCGTGCCAAGTC-1_V13B23-285_B1,2
AAGCTCTTTCATGGTG-1_V13B23-285_B1,19
AAGGAGCGGTTGGTGC-1_V13B23-285_B1,7
AAGGATCGATCGCTTG-1_V13B23-285_B1,11
AAGGATGAGGGACCTC-1_V13B23-285_B1,3
AAGGCAGGCTGTCTCC-1_V13B23-285_B1,11
AAGGCGCGTAAAGCTT-1_V13B23-285_B1,5
AAGGCTGTGCTCATCG-1_V13B23-285_B1,1
AAGGGACAGATTCTGT-1_V13B23-285_B1,17
AAGGGACTATGCATTC-1_V13B23-285_B1,17
AAGGTATCCTAATATA-1_V13B23-285_B1,14
AAGGTGATAAACCAGC-1_V13B23-285_B1,11
AAGTAGAAGACCGGGT-1_V13B23-285_B1,5
AAGTAGTGACGCGAGG-1_V13B23-285_B1,19
AAGTCAATTGTCGTCA-1_V13B23-285_B1,11
AAGTCTAGTAGCTGCC-1_V13B23-285_B1,1
AAGTGACGACCGAATT-1_V13B23-285_B1,7
AAGTGAGTCGGGTTTA-1_V13B23-285_B1,19
AAGTGCAAAGGTAGAC-1_V13B23-285_B1,16
AAGTGCCTTGACTGTA-1_V13B23-285_B1,11
AAGTGCGTTAGAATCT-1_V13B23-285_B1,12
AAGTGTTTGGAGACGG-1_V13B23-285_B1,19
AAGTTCACTCCAAGCT-1_V13B23-285_B1,19
AAGTTCAGTCTGCGTA-1_V13B23-285_B1,3
AAGTTCGGCCAACAGG-1_V13B23-285_B1,10
AATAACAACGCTCGGC-1_V13B23-285_B1,10
AATAACACTAGAACAA-1_V13B23-285_B1,12
AATAATCTTCGTATCG-1_V13B23-285_B1,11
AATACAATGTTTCAGG-1_V13B23-285_B1,21
AATAGAACAGAGTGGC-1_V13B23-285_B1,10
AATAGAATCTGTTTCA-1_V13B23-285_B1,11
AATAGCTACCGCGTGC-1_V13B23-285_B1,3
AATAGTCCGTCCCGAC-1_V13B23-285_B1,7
AATAGTCGCGAGTCGG-1_V13B23-285_B1,5
AATATCGAATCAATGC-1_V13B23-285_B1,11
AATATCGAGGGTTCTC-1_V13B23-285_B1,1
AATATTGGAGTATTGA-1_V13B23-285_B1,7
AATCATGTAAAGACTC-1_V13B23-285_B1,11
AATCCAAGGGCCTGAG-1_V13B23-285_B1,9
AATCGCCTCAGCGCCA-1_V13B23-285_B1,19
AATCGCGCAGAGGACT-1_V13B23-285_B1,11
AATCTAGGTTTACTTG-1_V13B23-285_B1,10
AATCTATGCCGGAGCC-1_V13B23-285_B1,10
AATCTCTACTGTGGTT-1_V13B23-285_B1,3
AATCTGCGTTGGGACG-1_V13B23-285_B1,20
AATCTGGCTTTCTAGT-1_V13B23-285_B1,13
AATGACAGCAATGTCT-1_V13B23-285_B1,18
AATGACGTAGGATGTC-1_V13B23-285_B1,19
AATGACTGTCAGCCGG-1_V13B23-285_B1,5
AATGAGTTCGCATATG-1_V13B23-285_B1,5
AATGATGATACGCTAT-1_V13B23-285_B1,17
AATGATGCGACTCCTG-1_V13B23-285_B1,1
AATGCAACCGGGTACC-1_V13B23-285_B1,5
AATGCACCAAGCAATG-1_V13B23-285_B1,5
AATGGTCCACCGTTCA-1_V13B23-285_B1,10
AATGGTTCTCACAAGC-1_V13B23-285_B1,5
AATGTGCCCGAGGTGT-1_V13B23-285_B1,2
AATTAAAGGTCGGCGT-1_V13B23-285_B1,5
AATTAACGGATTTCCA-1_V13B23-285_B1,1
AATTAGCGCTGCAGCG-1_V13B23-285_B1,19
AATTCATAAGGGATCT-1_V13B23-285_B1,3
AATTCTAGAGTTAGGC-1_V13B23-285_B1,19
AATTGAACGCTCTGGT-1_V13B23-285_B1,19
AATTTGGGACATAGTA-1_V13B23-285_B1,12
AATTTGGTTCCAAAGA-1_V13B23-285_B1,9
ACAAATCGCACCGAAT-1_V13B23-285_B1,19
ACAAATGGTAGTGTTT-1_V13B23-285_B1,11
ACAACAGCATGAGCTA-1_V13B23-285_B1,8
ACAACGGTCCCTGCGA-1_V13B23-285_B1,10
ACAAGCAGTGCCTAGC-1_V13B23-285_B1,16
ACAAGGAAATCCGCCC-1_V13B23-285_B1,19
ACAAGGACAAGAGGTT-1_V13B23-285_B1,5
ACAAGGATGCTTTAGG-1_V13B23-285_B1,1
ACAAGGGCAGGCTCTG-1_V13B23-285_B1,19
ACAATAGTCGTACGTT-1_V13B23-285_B1,3
ACAATCCATTTAAACC-1_V13B23-285_B1,10
ACAATGAATACGGAGA-1_V13B23-285_B1,10
ACAATTGTGTCTCTTT-1_V13B23-285_B1,11
ACAATTTAGGAGGCTC-1_V13B23-285_B1,1
ACAATTTGAGCAGTGG-1_V13B23-285_B1,16
ACAATTTGGCCATATT-1_V13B23-285_B1,8
ACACAAAGACGGGTGG-1_V13B23-285_B1,5
ACACAAATATTCCTAG-1_V13B23-285_B1,2
ACACACCAGGACCAGT-1_V13B23-285_B1,11
ACACACTTTCTACACG-1_V13B23-285_B1,6
ACACATGATCAAATCT-1_V13B23-285_B1,16
ACACCACATAATTAGC-1_V13B23-285_B1,16
ACACCCAGCATGCAGC-1_V13B23-285_B1,5
ACACCCGAGAAATCCG-1_V13B23-285_B1,5
ACACCTTAAGTAGGGC-1_V13B23-285_B1,5
ACACCTTACTACTTGC-1_V13B23-285_B1,11
ACACGAGACTCCTTCT-1_V13B23-285_B1,8
ACACGGGAACTTAGGG-1_V13B23-285_B1,7
ACACGTAGGCCACAAG-1_V13B23-285_B1,11
ACACTCCAATGTCACT-1_V13B23-285_B1,5
ACACTGATCAAGGTGT-1_V13B23-285_B1,10
ACACTGGGACAGTCGT-1_V13B23-285_B1,11
ACAGAACTGAGAACAA-1_V13B23-285_B1,10
ACAGCGACATTCTCAT-1_V13B23-285_B1,11
ACAGCGCACCCGCAGC-1_V13B23-285_B1,9
ACAGGCTTGCCCGACT-1_V13B23-285_B1,11
ACAGGTGGAGGTGAGG-1_V13B23-285_B1,7
ACAGTAATACAACTTG-1_V13B23-285_B1,3
ACAGTATACCGTGGGA-1_V13B23-285_B1,3
ACATAATAAGGCGGTG-1_V13B23-285_B1,17
ACATCAGCTGGGACGC-1_V13B23-285_B1,16
ACATCCCGGCCATACG-1_V13B23-285_B1,7
ACATCCTGGTAACTGT-1_V13B23-285_B1,11
ACATCGATCGTTTACC-1_V13B23-285_B1,5
ACATCGGTCAGCCGCG-1_V13B23-285_B1,7
ACATCGTATGCAATGG-1_V13B23-285_B1,19
ACATCGTTAACCTAGT-1_V13B23-285_B1,9
ACATGGCGCCAAAGTA-1_V13B23-285_B1,11
ACATTAGTTTATATCC-1_V13B23-285_B1,16
ACCAAACACCCAGCGA-1_V13B23-285_B1,17
ACCAACACCACACACT-1_V13B23-285_B1,3
ACCAACGCTTATTTAT-1_V13B23-285_B1,10
ACCAAGAACGCGTGTC-1_V13B23-285_B1,14
ACCAATATGCAAGTTA-1_V13B23-285_B1,19
ACCACAAGTTTCTATC-1_V13B23-285_B1,7
ACCACCAATGTAACAA-1_V13B23-285_B1,11
ACCACCCTCTCTTCTA-1_V13B23-285_B1,3
ACCACGTGCAGCTATA-1_V13B23-285_B1,19
ACCAGTGCCCGGTCAA-1_V13B23-285_B1,2
ACCAGTGCGGGAGACG-1_V13B23-285_B1,11
ACCATATCCGCAATAA-1_V13B23-285_B1,5
ACCATCGTATATGGTA-1_V13B23-285_B1,10
ACCCAACGCCCGTGGC-1_V13B23-285_B1,1
ACCCACCTACATGCTC-1_V13B23-285_B1,7
ACCCATCTTGAGGGTA-1_V13B23-285_B1,7
ACCCATTTGTCCCTCT-1_V13B23-285_B1,11
ACCCGAGCGAAATTAC-1_V13B23-285_B1,10
ACCCGGAAACTCCCAG-1_V13B23-285_B1,1
ACCCGGAGCACCACAA-1_V13B23-285_B1,11
ACCCGGATGACGCATC-1_V13B23-285_B1,11
ACCCGGTTACACTTCC-1_V13B23-285_B1,10
ACCCGTGTCATCAGTA-1_V13B23-285_B1,21
ACCCTATAGGACTGAG-1_V13B23-285_B1,12
ACCCTATGCCATATCG-1_V13B23-285_B1,10
ACCCTCCCTTGCTATT-1_V13B23-285_B1,11
ACCCTGGTAACGCCCT-1_V13B23-285_B1,3
ACCCTTCATCTGCGAA-1_V13B23-285_B1,9
ACCCTTGCCTGGGTCG-1_V13B23-285_B1,12
ACCGAAGAGTCTGGTT-1_V13B23-285_B1,1
ACCGACACATCTCCCA-1_V13B23-285_B1,17
ACCGACTGAGTCCCAC-1_V13B23-285_B1,5
ACCGATAGGCATAACC-1_V13B23-285_B1,11
ACCGATATTTAATCAT-1_V13B23-285_B1,11
ACCGATGGTAGCATCG-1_V13B23-285_B1,11
ACCGCAATAACTGCCT-1_V13B23-285_B1,19
ACCGCGGTGGAAGTCG-1_V13B23-285_B1,4
ACCGGGCCTTTGTTGA-1_V13B23-285_B1,11
ACCGGTCAGGTACACC-1_V13B23-285_B1,16
ACCGTGACCACGTGGG-1_V13B23-285_B1,10
ACCTAAGTACCTTTCA-1_V13B23-285_B1,10
ACCTAATCGACTTCCT-1_V13B23-285_B1,10
ACCTACAGTATGTGGT-1_V13B23-285_B1,11
ACCTCCGCCCTCGCTG-1_V13B23-285_B1,11
ACCTCCGTTATTCACC-1_V13B23-285_B1,11
ACCTGCGTGTCATGTT-1_V13B23-285_B1,3
ACGAAATGGGCGGCAC-1_V13B23-285_B1,7
ACGACCCATGAGTTGC-1_V13B23-285_B1,11
ACGAGATATTTGCTTA-1_V13B23-285_B1,9
ACGAGGATACCACTCT-1_V13B23-285_B1,10
ACGAGGTTTACAACGT-1_V13B23-285_B1,1
ACGAGTACGGATGCCC-1_V13B23-285_B1,3
ACGATACATAGAACTA-1_V13B23-285_B1,14
ACGATCATACATAGAG-1_V13B23-285_B1,20
ACGATCATCTTGTAAA-1_V13B23-285_B1,11
ACGATGCATATGTTAT-1_V13B23-285_B1,5
ACGATGGATCCGATGC-1_V13B23-285_B1,9
ACGCAATCACTACAGC-1_V13B23-285_B1,17
ACGCATACGTTTACTA-1_V13B23-285_B1,11
ACGCATTCGTGAGTAC-1_V13B23-285_B1,5
ACGCCGCTAGACGACC-1_V13B23-285_B1,19
ACGCGAAGTCAGACGA-1_V13B23-285_B1,5
ACGCGCTACACAGGGT-1_V13B23-285_B1,10
ACGCGGGCCAAGGACA-1_V13B23-285_B1,5
ACGCTAGTGATACACT-1_V13B23-285_B1,1
ACGCTGTGAGGCGTAG-1_V13B23-285_B1,3
ACGGAATTTAGCAAAT-1_V13B23-285_B1,5
ACGGACTCTCAAAGCG-1_V13B23-285_B1,19
ACGGAGCGCAAATTAC-1_V13B23-285_B1,17
ACGGATGGTGCGGATA-1_V13B23-285_B1,19
ACGGCACTTGCTTGGG-1_V13B23-285_B1,5
ACGGCCAACATGGACT-1_V13B23-285_B1,5
ACGGCGACGATGGGAA-1_V13B23-285_B1,19
ACGGCTGGATGTAGAA-1_V13B23-285_B1,10
ACGGGAGTGTCGGCCC-1_V13B23-285_B1,17
ACGGGCGTATGCGACA-1_V13B23-285_B1,1
ACGGGTCATGTGACTT-1_V13B23-285_B1,1
ACGTACAGATTTCTCT-1_V13B23-285_B1,9
ACGTAGATTGCTGATG-1_V13B23-285_B1,19
ACGTATTACTCCGATC-1_V13B23-285_B1,11
ACGTGCGCCTCGTGCA-1_V13B23-285_B1,14
ACGTTAATGTCGAAGA-1_V13B23-285_B1,19
ACGTTAGATTTGCCCG-1_V13B23-285_B1,17
ACGTTATTGGTCACTC-1_V13B23-285_B1,17
ACGTTCGCAATCAATT-1_V13B23-285_B1,7
ACGTTCGTTCAGGAAA-1_V13B23-285_B1,16
ACGTTTAGTTGTGATC-1_V13B23-285_B1,6
ACTACCAGCTCTCTGG-1_V13B23-285_B1,5
ACTACGCGTTAGAATT-1_V13B23-285_B1,1
ACTAGTTGCGATCGTC-1_V13B23-285_B1,11
ACTATATGCTGTGTTC-1_V13B23-285_B1,20
ACTATCCAGGGCATGG-1_V13B23-285_B1,11
ACTATCTGCCCGCGTA-1_V13B23-285_B1,11
ACTATTCGTCCGTGGT-1_V13B23-285_B1,6
ACTATTTCCGGGCCCA-1_V13B23-285_B1,10
ACTCAAGTGCAAGGCT-1_V13B23-285_B1,4
ACTCAATAAAGGCACG-1_V13B23-285_B1,14
ACTCCCATTCCTAAAG-1_V13B23-285_B1,10
ACTCCCGAATTCGTTT-1_V13B23-285_B1,16
ACTCCCGTAGACTAGG-1_V13B23-285_B1,3
ACTCCCTAATGCTAAA-1_V13B23-285_B1,7
ACTCCCTAGAATAGTA-1_V13B23-285_B1,19
ACTCGCGATCTGACGC-1_V13B23-285_B1,8
ACTCGTAACCCGTCCT-1_V13B23-285_B1,10
ACTCGTCAGTAATCCC-1_V13B23-285_B1,19
ACTCTCTGACTTAGGT-1_V13B23-285_B1,19
ACTCTCTTATACACGA-1_V13B23-285_B1,2
ACTCTTCAGCTCCCGC-1_V13B23-285_B1,11
ACTCTTGTATAGTAAC-1_V13B23-285_B1,19
ACTGAAACGCCGTTAG-1_V13B23-285_B1,11
ACTGAATGGCGAAAGT-1_V13B23-285_B1,11
ACTGCCGTCGTAACTC-1_V13B23-285_B1,14
ACTGCGGACACACCGT-1_V13B23-285_B1,11
ACTGTACGATACACAT-1_V13B23-285_B1,17
ACTGTAGCACTTTGGA-1_V13B23-285_B1,17
ACTGTCCAGGATTATA-1_V13B23-285_B1,5
ACTGTCTTCTTTAGAA-1_V13B23-285_B1,5
ACTGTGCTAGTAGATC-1_V13B23-285_B1,5
ACTTACCGGGCGCGCA-1_V13B23-285_B1,20
ACTTACGCATCCACGC-1_V13B23-285_B1,19
ACTTAGTACGACAAGA-1_V13B23-285_B1,5
ACTTATACTTACCCGG-1_V13B23-285_B1,11
ACTTATTAGGATCGGT-1_V13B23-285_B1,5
ACTTATTTATGTGCCA-1_V13B23-285_B1,11
ACTTCAGGCTGATCCC-1_V13B23-285_B1,19
ACTTCCATGCGGGACA-1_V13B23-285_B1,19
ACTTCGCCATACGCAC-1_V13B23-285_B1,21
ACTTCGCTAGCGAGTG-1_V13B23-285_B1,1
ACTTGACTCCCTCTTT-1_V13B23-285_B1,19
ACTTGGGACCCGGTGG-1_V13B23-285_B1,5
ACTTGTGGATGGAACG-1_V13B23-285_B1,11
ACTTTACCCTCATGAA-1_V13B23-285_B1,10
ACTTTCCTATAGCTTC-1_V13B23-285_B1,5
ACTTTGGTCGTGCTCC-1_V13B23-285_B1,16
ACTTTGTCGACGCACT-1_V13B23-285_B1,11
AGAAATTATGACTCGC-1_V13B23-285_B1,11
AGAACCCAGCGTGACA-1_V13B23-285_B1,8
AGAACCCTCAATTGGG-1_V13B23-285_B1,17
AGAACGTGGTACATTC-1_V13B23-285_B1,16
AGAAGAGCGCCGTTCC-1_V13B23-285_B1,11
AGAAGGTACACTTCAC-1_V13B23-285_B1,7
AGAAGGTTGCCGAATT-1_V13B23-285_B1,10
AGAAGTGATTCGTGAT-1_V13B23-285_B1,18
AGAATGCGGGTTCGGA-1_V13B23-285_B1,12
AGAATTATGGATTCGA-1_V13B23-285_B1,17
AGAATTGTTTGACATA-1_V13B23-285_B1,5
AGACAGCTCAGAATCC-1_V13B23-285_B1,1
AGACAGGCATCTCAGC-1_V13B23-285_B1,11
AGACCAAACCACACCT-1_V13B23-285_B1,13
AGACCATGGGATACAA-1_V13B23-285_B1,10
AGACCCACCGCTGATC-1_V13B23-285_B1,19
AGACCCGCCCTCCTCG-1_V13B23-285_B1,5
AGACCGCTCCGCGGTT-1_V13B23-285_B1,11
AGACCGGGAAACCCTG-1_V13B23-285_B1,7
AGACGAAGTGCCGGTC-1_V13B23-285_B1,11
AGACGACGATGCCGCT-1_V13B23-285_B1,1
AGACGCCCACTTCGCC-1_V13B23-285_B1,11
AGACTAGCCTTCCAGA-1_V13B23-285_B1,7
AGAGAACCGTCTAGGA-1_V13B23-285_B1,20
AGAGAAGGAGTACAAT-1_V13B23-285_B1,17
AGAGATCTCTAAAGCG-1_V13B23-285_B1,5
AGAGCAGTTATGAGAC-1_V13B23-285_B1,7
AGAGCCGCCGAGATTT-1_V13B23-285_B1,11
AGAGCGCTTGTAACGG-1_V13B23-285_B1,3
AGAGCGGGCTAATCAT-1_V13B23-285_B1,6
AGAGCGTACAAGCTCG-1_V13B23-285_B1,7
AGAGGCTTCGGAAACC-1_V13B23-285_B1,11
AGAGTAAACTTCACTA-1_V13B23-285_B1,11
AGAGTATAGTGTTACG-1_V13B23-285_B1,3
AGATAACTTCAGGGCC-1_V13B23-285_B1,5
AGATACCAGCACTTCA-1_V13B23-285_B1,12
AGATACCGGTGTTCAC-1_V13B23-285_B1,17
AGATACGACTTCATAT-1_V13B23-285_B1,5
AGATACTCAAGATCGA-1_V13B23-285_B1,19
AGATCGTGCATAAGAT-1_V13B23-285_B1,21
AGATCTCAGGTGTGAT-1_V13B23-285_B1,4
AGATGACTCGCCCACG-1_V13B23-285_B1,5
AGATGAGGGTTGCGAT-1_V13B23-285_B1,3
AGATGATGGAGTCTGG-1_V13B23-285_B1,11
AGATGCAAGACGTGCA-1_V13B23-285_B1,18
AGATGCATCCTGTGTC-1_V13B23-285_B1,3
AGATTATAGGACGTTT-1_V13B23-285_B1,5
AGATTCACAACCGATA-1_V13B23-285_B1,16
AGCAAAGGCCGCTAGT-1_V13B23-285_B1,10
AGCAACATATCTTATT-1_V13B23-285_B1,11
AGCAACCGAAAGTAAT-1_V13B23-285_B1,18
AGCACCAGTACTCACG-1_V13B23-285_B1,16
AGCACTACCGGCCTGT-1_V13B23-285_B1,10
AGCACTACCTCACCAG-1_V13B23-285_B1,19
AGCACTTAAGGACGCC-1_V13B23-285_B1,5
AGCAGCCAGATGAATA-1_V13B23-285_B1,10
AGCATATCAATATGCT-1_V13B23-285_B1,11
AGCATCATTTCGAAAG-1_V13B23-285_B1,10
AGCATCGTCGATAATT-1_V13B23-285_B1,5
AGCCACTCCCGTGCTT-1_V13B23-285_B1,14
AGCCCATACATGTAAG-1_V13B23-285_B1,3
AGCCCGGTAGCCTGTA-1_V13B23-285_B1,16
AGCCCTAAGCGAAGTT-1_V13B23-285_B1,6
AGCCCTGTCGCACCGT-1_V13B23-285_B1,8
AGCCCTTCTAATCCGA-1_V13B23-285_B1,3
AGCCCTTGGACATCCC-1_V13B23-285_B1,11
AGCCGTGGCTAAATGT-1_V13B23-285_B1,10
AGCCTAATACCCACGT-1_V13B23-285_B1,7
AGCCTTAAAGCGGAAG-1_V13B23-285_B1,7
AGCGACAGGAACGGTC-1_V13B23-285_B1,18
AGCGACATCCCATTCA-1_V13B23-285_B1,15
AGCGACCAACGATATT-1_V13B23-285_B1,5
AGCGCATAATGAATCG-1_V13B23-285_B1,7
AGCGCGGGTGCCAATG-1_V13B23-285_B1,1
AGCGCTAGAGCGATGT-1_V13B23-285_B1,8
AGCGCTTATGGGCAAG-1_V13B23-285_B1,15
AGCGGACACTTCGTAG-1_V13B23-285_B1,1
AGCGGCGGTTAGCGGT-1_V13B23-285_B1,17
AGCGGGAAGGGTCCAT-1_V13B23-285_B1,5
AGCGGTTGCCGCTCTG-1_V13B23-285_B1,14
AGCGTGGTATTCTACT-1_V13B23-285_B1,19
AGCTAACAAGCAATGT-1_V13B23-285_B1,17
AGCTAGAAGCAGAAGT-1_V13B23-285_B1,12
AGCTCCATATATGTTC-1_V13B23-285_B1,11
AGCTCCTTCGCACATC-1_V13B23-285_B1,11
AGCTCGTTGATGGAAA-1_V13B23-285_B1,3
AGCTCTAGACGTTCCA-1_V13B23-285_B1,19
AGCTCTTCCCAGTGCA-1_V13B23-285_B1,12
AGCTCTTCGTAACCTT-1_V13B23-285_B1,11
AGCTCTTTACTCAGTT-1_V13B23-285_B1,10
AGCTGAAGTAAACCAA-1_V13B23-285_B1,14
AGCTGTAACCTCAATC-1_V13B23-285_B1,10
AGCTTGATCTTAACTT-1_V13B23-285_B1,10
AGGAAGCTGTCCGCCG-1_V13B23-285_B1,16
AGGACAGTCGAATCCC-1_V13B23-285_B1,11
AGGACATCGCACGTCG-1_V13B23-285_B1,5
AGGACGACCCATTAGA-1_V13B23-285_B1,10
AGGACGCTCGATGTTG-1_V13B23-285_B1,3
AGGAGACATCCACAGT-1_V13B23-285_B1,3
AGGAGAGTCTGGCTAC-1_V13B23-285_B1,3
AGGAGGCCTTCGCGCG-1_V13B23-285_B1,11
AGGATAAAGTCGGGAT-1_V13B23-285_B1,19
AGGATATAGGGATTTA-1_V13B23-285_B1,11
AGGATCACGCGATCTG-1_V13B23-285_B1,18
AGGATTGCTTACGACA-1_V13B23-285_B1,21
AGGCACGTGACTGTCC-1_V13B23-285_B1,11
AGGCAGATGCGTAAAC-1_V13B23-285_B1,21
AGGCAGGGAGCGTACT-1_V13B23-285_B1,1
AGGCATTGTCGTAGGG-1_V13B23-285_B1,11
AGGCCACATTGGTTAC-1_V13B23-285_B1,11
AGGCCACCCGTTATGA-1_V13B23-285_B1,4
AGGCCCATTGTACAGG-1_V13B23-285_B1,14
AGGCCCTAGAACGCCA-1_V13B23-285_B1,13
AGGCCTGAGAATCTCG-1_V13B23-285_B1,19
AGGCGATAACTGGCGT-1_V13B23-285_B1,11
AGGCGGTTTGTCCCGC-1_V13B23-285_B1,13
AGGCGTCTATGGACGG-1_V13B23-285_B1,12
AGGCTATGGTTAGCTT-1_V13B23-285_B1,7
AGGCTTCCCGAAGAAG-1_V13B23-285_B1,10
AGGCTTGCTAGACACC-1_V13B23-285_B1,17
AGGGAAACGAGGTACT-1_V13B23-285_B1,14
AGGGACCGGCTGCGTT-1_V13B23-285_B1,11
AGGGACTCTACGCGAC-1_V13B23-285_B1,10
AGGGAGACATACTTCG-1_V13B23-285_B1,3
AGGGCGAGCAGCTGAT-1_V13B23-285_B1,3
AGGGCGTGATCGGCTA-1_V13B23-285_B1,20
AGGGCTGCAGTTACAG-1_V13B23-285_B1,19
AGGGTCAGTAACCCTA-1_V13B23-285_B1,3
AGGGTCGATGCGAACT-1_V13B23-285_B1,11
AGGGTGCTCTCGAGGG-1_V13B23-285_B1,11
AGGGTGGATAGTGCAT-1_V13B23-285_B1,10
AGGGTTCCCTTTGGTT-1_V13B23-285_B1,13
AGGGTTTAGTTCGGGA-1_V13B23-285_B1,5
AGGTAACCTCCTATTC-1_V13B23-285_B1,9
AGGTACGATATTGCCA-1_V13B23-285_B1,9
AGGTAGGTACAAAGCT-1_V13B23-285_B1,10
AGGTATAATTGATAGT-1_V13B23-285_B1,11
AGGTATGCGGACATTA-1_V13B23-285_B1,13
AGGTCAGGTGAGAGTG-1_V13B23-285_B1,3
AGGTCGCCTCCCAACA-1_V13B23-285_B1,11
AGGTCGCGGAGTTACT-1_V13B23-285_B1,17
AGGTGTATCGCCATGA-1_V13B23-285_B1,3
AGGTTACACCATGCCG-1_V13B23-285_B1,8
AGGTTGAGGCACGCTT-1_V13B23-285_B1,14
AGGTTTCACACACCTT-1_V13B23-285_B1,5
AGTACATCATTTATCA-1_V13B23-285_B1,4
AGTACCTTCGAGTGCT-1_V13B23-285_B1,2
AGTACGGGCACCTGGC-1_V13B23-285_B1,5
AGTACTCTTATGCCCA-1_V13B23-285_B1,19
AGTAGGAAGGAAGTTG-1_V13B23-285_B1,3
AGTAGGTAACATACAT-1_V13B23-285_B1,9
AGTATAATACTAGGCA-1_V13B23-285_B1,10
AGTATGCTGGAGACCA-1_V13B23-285_B1,17
AGTATTTGGCACGACC-1_V13B23-285_B1,10
AGTCAACACCACCATC-1_V13B23-285_B1,5
AGTCAAGATGACACTT-1_V13B23-285_B1,11
AGTCACTAGCTCTCGA-1_V13B23-285_B1,11
AGTCAGCCACCGCCTG-1_V13B23-285_B1,5
AGTCCATTGGCTGATG-1_V13B23-285_B1,11
AGTCCCGCCTTTAATT-1_V13B23-285_B1,2
AGTCCCTCGCAGAAAG-1_V13B23-285_B1,3
AGTCGACGGTCTCAAG-1_V13B23-285_B1,11
AGTCGGCCCAAACGAC-1_V13B23-285_B1,5
AGTCGGCTCAACTTTA-1_V13B23-285_B1,10
AGTCGGTTGCGTGAGA-1_V13B23-285_B1,11
AGTCGTCGACCACCAA-1_V13B23-285_B1,19
AGTCGTGGGCATTACG-1_V13B23-285_B1,16
AGTCTAAAGTATACTC-1_V13B23-285_B1,1
AGTCTCACAAGACTAC-1_V13B23-285_B1,16
AGTCTGGACATCCTTG-1_V13B23-285_B1,5
AGTCTTCTCCTCAAAT-1_V13B23-285_B1,14
AGTGAACAAACTTCTC-1_V13B23-285_B1,11
AGTGAAGATGGTGTCC-1_V13B23-285_B1,3
AGTGACCTACTTTACG-1_V13B23-285_B1,10
AGTGAGACTTCCAGTA-1_V13B23-285_B1,19
AGTGAGCCTCGCCGCC-1_V13B23-285_B1,13
AGTGAGGGTTTCTGAC-1_V13B23-285_B1,2
AGTGATAACCTGCGCG-1_V13B23-285_B1,19
AGTGATATGAGTAGTT-1_V13B23-285_B1,16
AGTGATTCAAGCAGGA-1_V13B23-285_B1,19
AGTGCACGCTTAAGAA-1_V13B23-285_B1,11
AGTGCGTAGCTCGTAA-1_V13B23-285_B1,10
AGTGCTAAACACAGCA-1_V13B23-285_B1,1
AGTGCTTGCACGAATA-1_V13B23-285_B1,11
AGTGGCGGCAATTTGA-1_V13B23-285_B1,17
AGTGGCGTCTGAAGGT-1_V13B23-285_B1,19
AGTGGTTGCGTATAGG-1_V13B23-285_B1,3
AGTGTATTGCGCATTG-1_V13B23-285_B1,12
AGTGTGCTAAGATCGC-1_V13B23-285_B1,1
AGTGTGGTCTATTGTG-1_V13B23-285_B1,21
AGTTAAACACTTGCGA-1_V13B23-285_B1,10
AGTTAAGCGGTCCCGG-1_V13B23-285_B1,6
AGTTAAGTCAACCGCT-1_V13B23-285_B1,10
AGTTACCCTTAAGACT-1_V13B23-285_B1,16
AGTTACCGCACATGGT-1_V13B23-285_B1,18
AGTTACTCTATCGTGG-1_V13B23-285_B1,14
AGTTCACCGGTTGGAC-1_V13B23-285_B1,13
AGTTCCTACAGAATTA-1_V13B23-285_B1,5
AGTTCCTATTTATGTT-1_V13B23-285_B1,5
AGTTCTGCGTTGTATC-1_V13B23-285_B1,12
AGTTGCTGACTGATAT-1_V13B23-285_B1,5
AGTTTATGTAAAGACA-1_V13B23-285_B1,3
AGTTTCGCAGGTCGGA-1_V13B23-285_B1,9
AGTTTGCACCTGCCTC-1_V13B23-285_B1,19
AGTTTGGCACGGGTTG-1_V13B23-285_B1,11
AGTTTGGCCAGACCTA-1_V13B23-285_B1,17
ATAAACGGACCCGTAA-1_V13B23-285_B1,5
ATAAACGTTGCACCAC-1_V13B23-285_B1,11
ATAAAGGCTCGGTCGT-1_V13B23-285_B1,5
ATAAATATTAGCAGCT-1_V13B23-285_B1,10
ATAACGCCGGAGGGTC-1_V13B23-285_B1,19
ATAACGGAGTCCAACG-1_V13B23-285_B1,19
ATAAGGTGGAGAACAT-1_V13B23-285_B1,19
ATAAGTAGGATTCAGA-1_V13B23-285_B1,1
ATAAGTAGGGCGACTC-1_V13B23-285_B1,11
ATAAGTTACCGCGACG-1_V13B23-285_B1,18
ATAATACCGTTAGCCG-1_V13B23-285_B1,4
ATAATAGCTGTTGAAT-1_V13B23-285_B1,7
ATAATAGTGTAGGGAC-1_V13B23-285_B1,5
ATAATCTTGGAGAACC-1_V13B23-285_B1,19
ATACAGGCCCTCCAAT-1_V13B23-285_B1,19
ATACCACGGGCAACTT-1_V13B23-285_B1,10
ATACCGTCATCCATAA-1_V13B23-285_B1,12
ATACCTAACCAAGAAA-1_V13B23-285_B1,1
ATACGAAGGCTTTCCA-1_V13B23-285_B1,11
ATACGCCGGCGAAACC-1_V13B23-285_B1,19
ATACGGAACGTCGTTT-1_V13B23-285_B1,21
ATACGGGTTTCGATTG-1_V13B23-285_B1,14
ATACGGTGAAGATGCA-1_V13B23-285_B1,16
ATACGTACTTAGCCAC-1_V13B23-285_B1,19
ATACGTCCACTCCTGT-1_V13B23-285_B1,11
ATACTACCCGTACCAC-1_V13B23-285_B1,11
ATACTAGCATGACCCT-1_V13B23-285_B1,14
ATACTGCCTTACACCG-1_V13B23-285_B1,19
ATAGACAACGGGACCT-1_V13B23-285_B1,3
ATAGACGAAGAGAAAG-1_V13B23-285_B1,5
ATAGAGTACTGGGACA-1_V13B23-285_B1,5
ATAGAGTTATCAACTT-1_V13B23-285_B1,16
ATAGCAACTAGGGAAG-1_V13B23-285_B1,11
ATAGCCTCAGTACCCA-1_V13B23-285_B1,10
ATAGCTGCTCTTGTTA-1_V13B23-285_B1,1
ATAGGCGGCTATAGAA-1_V13B23-285_B1,1
ATAGGCTAGCTTCGCA-1_V13B23-285_B1,21
ATAGGGATATCCTTGA-1_V13B23-285_B1,14
ATAGGTTGGGCAGATG-1_V13B23-285_B1,1
ATAGTGAAGCGTTCTC-1_V13B23-285_B1,5
ATAGTTCCACCCACTC-1_V13B23-285_B1,11
ATATAAAGCGCTCGTG-1_V13B23-285_B1,17
ATATAAATGTAGCTGC-1_V13B23-285_B1,19
ATATACGCTCGTGACG-1_V13B23-285_B1,11
ATATCAACCTACAGAG-1_V13B23-285_B1,11
ATATCAATTCCAGCCT-1_V13B23-285_B1,12
ATATCGGTAGGGAGAT-1_V13B23-285_B1,11
ATATCGTTCCTCGAAC-1_V13B23-285_B1,11
ATATCTCCCTCGTTAA-1_V13B23-285_B1,14
ATATCTTAGGGCCTTC-1_V13B23-285_B1,5
ATATGTCTCCCTAGCC-1_V13B23-285_B1,11
ATATTCAGTTAAACCT-1_V13B23-285_B1,10
ATATTCCACATAGTGA-1_V13B23-285_B1,19
ATATTGCTGTCAAAGT-1_V13B23-285_B1,5
ATATTGGAGAGGCCTT-1_V13B23-285_B1,11
ATATTTAACCCTCAAG-1_V13B23-285_B1,7
ATCAAACACTGTTCCA-1_V13B23-285_B1,11
ATCAAACGAAGGTTTG-1_V13B23-285_B1,10
ATCAATCTGGGCTGCA-1_V13B23-285_B1,19
ATCAATGCCGTGGCTG-1_V13B23-285_B1,10
ATCACATTAGAATATC-1_V13B23-285_B1,14
ATCACGTGCTAATTAA-1_V13B23-285_B1,10
ATCACTTCATCCTCGC-1_V13B23-285_B1,14
ATCAGACGGCACGCCG-1_V13B23-285_B1,10
ATCAGCCTCATGCTGC-1_V13B23-285_B1,19
ATCAGCTCGTCCACTA-1_V13B23-285_B1,10
ATCAGTAGGCAGGGAT-1_V13B23-285_B1,17
ATCATAGCCCTATGTA-1_V13B23-285_B1,11
ATCATCCAATATTTGT-1_V13B23-285_B1,5
ATCATGGACTACCGAC-1_V13B23-285_B1,11
ATCCAACGCAGTCATA-1_V13B23-285_B1,5
ATCCAATGGAGGGTCC-1_V13B23-285_B1,3
ATCCACATCGACAGAA-1_V13B23-285_B1,20
ATCCAGAGCAACAACC-1_V13B23-285_B1,10
ATCCAGGATTCGTGAA-1_V13B23-285_B1,5
ATCCTACCTAAGCTCT-1_V13B23-285_B1,17
ATCCTGCGTGGAATGG-1_V13B23-285_B1,18
ATCCTTCTGAAAGAAC-1_V13B23-285_B1,11
ATCGACCCAATACAGA-1_V13B23-285_B1,4
ATCGACTCTTTCCGTT-1_V13B23-285_B1,5
ATCGCACGCCGGGAGA-1_V13B23-285_B1,7
ATCGCCAGTCAACATT-1_V13B23-285_B1,11
ATCGCTGCGTGCAGCA-1_V13B23-285_B1,21
ATCGCTTTACGTCTCA-1_V13B23-285_B1,1
ATCGGAGACAGACGGC-1_V13B23-285_B1,19
ATCGGCAAGCAGTCCA-1_V13B23-285_B1,5
ATCGGTTACCTAGTAA-1_V13B23-285_B1,16
ATCGTTAGCTAGCGGA-1_V13B23-285_B1,11
ATCGTTCACTTTCGCC-1_V13B23-285_B1,20
ATCTAATATCCTACGG-1_V13B23-285_B1,19
ATCTCCCACGGAATAT-1_V13B23-285_B1,11
ATCTCGTGAGCGAAAC-1_V13B23-285_B1,11
ATCTGATAGTGTCTTA-1_V13B23-285_B1,1
ATCTGCACCTCTGCGA-1_V13B23-285_B1,3
ATCTGGGCTGTTCTTG-1_V13B23-285_B1,21
ATCTGGTTAAGACTGT-1_V13B23-285_B1,1
ATCTGTAATTGTACCC-1_V13B23-285_B1,2
ATCTTGACCTGCAACG-1_V13B23-285_B1,12
ATCTTGACTTGTCCAA-1_V13B23-285_B1,3
ATCTTTCGTATAACCA-1_V13B23-285_B1,1
ATGAAGCCAAGGAGCC-1_V13B23-285_B1,5
ATGACGCCGGCTCTAA-1_V13B23-285_B1,15
ATGACGCGTTCTATCC-1_V13B23-285_B1,1
ATGACTATGCGACATT-1_V13B23-285_B1,11
ATGAGGAGTGTTAATC-1_V13B23-285_B1,16
ATGAGGGCAGCGGCTA-1_V13B23-285_B1,11
ATGATCGGGAATAGAC-1_V13B23-285_B1,14
ATGATGCAATGGTACA-1_V13B23-285_B1,17
ATGCACGCGCTGTTCA-1_V13B23-285_B1,13
ATGCACTACCGCATTG-1_V13B23-285_B1,5
ATGCATGATCCAGGAT-1_V13B23-285_B1,17
ATGCCAATCGCTCTGC-1_V13B23-285_B1,3
ATGCCATTTGCGACCA-1_V13B23-285_B1,11
ATGCCGGTCTTGCATA-1_V13B23-285_B1,8
ATGCCGGTTGATGGGA-1_V13B23-285_B1,14
ATGCGACAATTGGTCC-1_V13B23-285_B1,17
ATGCGACAGTCCCATT-1_V13B23-285_B1,19
ATGCGAGTCCCACCAC-1_V13B23-285_B1,11
ATGCTCAGTGTTGCAT-1_V13B23-285_B1,5
ATGCTCTGGCGCGGTA-1_V13B23-285_B1,19
ATGCTTAGGAGTTGAT-1_V13B23-285_B1,11
ATGGAAATTTAAGGAG-1_V13B23-285_B1,12
ATGGAACCTTTGCACA-1_V13B23-285_B1,11
ATGGAGCAGGCCGTGA-1_V13B23-285_B1,19
ATGGATCCGGCGTCCG-1_V13B23-285_B1,14
ATGGATTGACCAAACG-1_V13B23-285_B1,2
ATGGCAGCCGAGAAAC-1_V13B23-285_B1,18
ATGGCGGAATAGTCGC-1_V13B23-285_B1,16
ATGGCTGGAAATGGCC-1_V13B23-285_B1,20
ATGGGACCTGCTGAAC-1_V13B23-285_B1,10
ATGGGCCTCGGCCTCT-1_V13B23-285_B1,11
ATGGTCGCGTGGTTTC-1_V13B23-285_B1,11
ATGTAAGGCTGCTCTT-1_V13B23-285_B1,13
ATGTGAAAGCCTAATG-1_V13B23-285_B1,21
ATGTGCATCCGACGCA-1_V13B23-285_B1,5
ATGTGGACATCTTGAT-1_V13B23-285_B1,19
ATGTTACGAGCAATAC-1_V13B23-285_B1,5
ATGTTCCTGCCCACCT-1_V13B23-285_B1,1
ATGTTCGTCGACCCAC-1_V13B23-285_B1,1
ATGTTTCGGCCCGGAG-1_V13B23-285_B1,1
ATTAAACATGCGGACC-1_V13B23-285_B1,12
ATTAATACTACGCGGG-1_V13B23-285_B1,14
ATTAATGAACCAGTCG-1_V13B23-285_B1,14
ATTAATTCGGTCACTC-1_V13B23-285_B1,6
ATTACAACTACCGGCC-1_V13B23-285_B1,9
ATTACATGTCAGTCTT-1_V13B23-285_B1,11
ATTACCACACTGCCTG-1_V13B23-285_B1,11
ATTACGACTCCACAGT-1_V13B23-285_B1,3
ATTACGCGCTGGCAGG-1_V13B23-285_B1,10
ATTACTAGCCTCTTGC-1_V13B23-285_B1,7
ATTACTTACTGGGCAT-1_V13B23-285_B1,2
ATTAGATTCCTCAGCA-1_V13B23-285_B1,21
ATTAGATTGATAGCGG-1_V13B23-285_B1,5
ATTAGGCGATGCTTTC-1_V13B23-285_B1,19
ATTATAGCTACTTTAC-1_V13B23-285_B1,17
ATTATGCCATAGGGAG-1_V13B23-285_B1,5
ATTATTATGTCCGTCA-1_V13B23-285_B1,7
ATTCAACCATTTAAGG-1_V13B23-285_B1,11
ATTCACTGATGTTGGA-1_V13B23-285_B1,10
ATTCAGGACCTATTTC-1_V13B23-285_B1,5
ATTCAGTAGCAGGGTC-1_V13B23-285_B1,18
ATTCATATACTGTCCA-1_V13B23-285_B1,5
ATTCATCGTTGAGGCA-1_V13B23-285_B1,18
ATTCCCACATAAACAA-1_V13B23-285_B1,16
ATTCCTAAGACGTGGA-1_V13B23-285_B1,3
ATTCCTCCGCCAGTGC-1_V13B23-285_B1,5
ATTCGACGCCGGGCCT-1_V13B23-285_B1,10
ATTCGCAGAGGACACT-1_V13B23-285_B1,2
ATTCGTGCTATCTCTT-1_V13B23-285_B1,11
ATTCTTCGTACTTATG-1_V13B23-285_B1,9
ATTGAAGATCTTAGTG-1_V13B23-285_B1,18
ATTGACCGGCGATGAC-1_V13B23-285_B1,3
ATTGATAGCAACGAGA-1_V13B23-285_B1,14
ATTGATGAGTCCTAAC-1_V13B23-285_B1,11
ATTGCGATCAGTAACT-1_V13B23-285_B1,11
ATTGCTGCTCCTCCAT-1_V13B23-285_B1,5
ATTGGATTACAGCGTA-1_V13B23-285_B1,11
ATTGTACAACTCGGCT-1_V13B23-285_B1,11
ATTGTCGCAATACCTT-1_V13B23-285_B1,6
ATTGTGACTTCGCTGC-1_V13B23-285_B1,20
ATTGTTCAACGATCCG-1_V13B23-285_B1,11
ATTTAACTCGTATTAC-1_V13B23-285_B1,9
ATTTACAGTTTACTGG-1_V13B23-285_B1,5
ATTTACTAAGTCCATT-1_V13B23-285_B1,2
ATTTCATTATTTCGCG-1_V13B23-285_B1,6
ATTTCCGGGTTCTGCG-1_V13B23-285_B1,1
ATTTGCGCGAGTAGCT-1_V13B23-285_B1,17
ATTTGTCTTGGGAGCT-1_V13B23-285_B1,11
ATTTGTTCCAGGGCTC-1_V13B23-285_B1,14
CAAACGAGTATCGCAG-1_V13B23-285_B1,10
CAAACGGTCGCACTTT-1_V13B23-285_B1,5
CAAACTACGATAGAGA-1_V13B23-285_B1,12
CAAACTATTGAGCTTC-1_V13B23-285_B1,9
CAAACTCGCGACGCCG-1_V13B23-285_B1,11
CAAAGATTATTGGGCC-1_V13B23-285_B1,1
CAAAGGTCATCTGAAA-1_V13B23-285_B1,11
CAAAGTCAGGTTAGCT-1_V13B23-285_B1,16
CAAATCTCTCACAAGG-1_V13B23-285_B1,3
CAAATGTCCTTCCGTG-1_V13B23-285_B1,7
CAAATTGGATTATGCC-1_V13B23-285_B1,3
CAAATTGTCAGCAAGC-1_V13B23-285_B1,9
CAACACATCTCCTGCC-1_V13B23-285_B1,3
CAACCAGTGGCCTACC-1_V13B23-285_B1,11
CAACCTACCGAGCAGT-1_V13B23-285_B1,11
CAACCTGAACCTGCCA-1_V13B23-285_B1,3
CAACGACCCGTTTACA-1_V13B23-285_B1,5
CAACGGTTCTTGATAC-1_V13B23-285_B1,5
CAACGTGGTGGAGTCT-1_V13B23-285_B1,11
CAACTATATCGAATGC-1_V13B23-285_B1,6
CAACTCCGTAACTTGC-1_V13B23-285_B1,2
CAACTCCTTGATCCCG-1_V13B23-285_B1,5
CAACTGCTCATCCGAT-1_V13B23-285_B1,16
CAAGACTCAGAAGCGC-1_V13B23-285_B1,1
CAAGAGGGCGGAGTAC-1_V13B23-285_B1,19
CAAGATATTATAACGT-1_V13B23-285_B1,11
CAAGCAACGTCGGAGT-1_V13B23-285_B1,5
CAAGCGGCACATAATT-1_V13B23-285_B1,19
CAAGGATCGCATGTTC-1_V13B23-285_B1,19
CAAGGTCCTATAGGCT-1_V13B23-285_B1,11
CAAGTGTGGTTGCAAA-1_V13B23-285_B1,11
CAATAAACCTTGGCCC-1_V13B23-285_B1,12
CAATACGAGAGTCTGA-1_V13B23-285_B1,8
CAATATTCTTGACCTA-1_V13B23-285_B1,7
CAATCCCTATACCAGC-1_V13B23-285_B1,14
CAATCCTGCCGTGGAG-1_V13B23-285_B1,5
CAATGAGGTTCGACTA-1_V13B23-285_B1,3
CAATGCGAGAAGTATC-1_V13B23-285_B1,19
CAATGGAATCTACATA-1_V13B23-285_B1,9
CAATGGATCTCTACCA-1_V13B23-285_B1,3
CAATGTGCCAACCCTT-1_V13B23-285_B1,11
CAATTAAGGGTGATGA-1_V13B23-285_B1,10
CAATTTCGTATAAGGG-1_V13B23-285_B1,5
CACAAGAAAGATATTA-1_V13B23-285_B1,3
CACAATGAGCTGCTAT-1_V13B23-285_B1,10
CACACACGCTAACGAG-1_V13B23-285_B1,11
CACACAGCTTGCGCTC-1_V13B23-285_B1,11
CACACAGGGATAGATT-1_V13B23-285_B1,10
CACACGCGCTGTCTTA-1_V13B23-285_B1,12
CACAGCACCCACGGCA-1_V13B23-285_B1,5
CACAGCTAGGGAGTGA-1_V13B23-285_B1,14
CACAGGGCCATATAGT-1_V13B23-285_B1,11
CACAGGGCCGTTGTCA-1_V13B23-285_B1,1
CACAGTCCCGCTTCGC-1_V13B23-285_B1,11
CACAGTTCGCTTCCCA-1_V13B23-285_B1,11
CACATATTAGCAGGAT-1_V13B23-285_B1,19
CACATCGTGCACGCGC-1_V13B23-285_B1,1
CACATCTCACCGACGA-1_V13B23-285_B1,19
CACATGATTCAGCAAC-1_V13B23-285_B1,5
CACATTCTTTCGATGG-1_V13B23-285_B1,12
CACATTTCTTGTCAGA-1_V13B23-285_B1,11
CACCAGTCAGCATGCA-1_V13B23-285_B1,1
CACCATCGGAGGAGAC-1_V13B23-285_B1,9
CACCATGATCGCAAAG-1_V13B23-285_B1,20
CACCCAAATCTTATGT-1_V13B23-285_B1,11
CACCCACACGTCACCC-1_V13B23-285_B1,2
CACCCACGAGGCAATT-1_V13B23-285_B1,14
CACCCGGTTTGTGACT-1_V13B23-285_B1,7
CACCCTAACAAGATCT-1_V13B23-285_B1,19
CACCCTTGGTGAGACC-1_V13B23-285_B1,10
CACCGATACACCGAGC-1_V13B23-285_B1,9
CACCGCCAGAAGGTTT-1_V13B23-285_B1,15
CACCGCGTCCACTCTA-1_V13B23-285_B1,3
CACCGTATCCCATCCG-1_V13B23-285_B1,11
CACCGTTAGGGATCAC-1_V13B23-285_B1,10
CACCGTTGCGCGATAT-1_V13B23-285_B1,17
CACCTAATAGAGTCGT-1_V13B23-285_B1,5
CACCTAATCAGTTTAC-1_V13B23-285_B1,14
CACCTCGATGGTGGAC-1_V13B23-285_B1,14
CACCTTGCGAAACTCG-1_V13B23-285_B1,14
CACCTTGGCGCCTTTG-1_V13B23-285_B1,11
CACGAAAGTTAGTCCC-1_V13B23-285_B1,10
CACGCACAGCGCAGCT-1_V13B23-285_B1,19
CACGCAGCGAGGCTTT-1_V13B23-285_B1,5
CACGCGGAACTGTTGC-1_V13B23-285_B1,11
CACGGACGTGGATGGC-1_V13B23-285_B1,3
CACGGCGCGCCAAAGG-1_V13B23-285_B1,3
CACGTCAATCAATGGA-1_V13B23-285_B1,11
CACGTCGGCAACCTCT-1_V13B23-285_B1,17
CACGTTCGTGCTCTAG-1_V13B23-285_B1,19
CACGTTTCGTACACAC-1_V13B23-285_B1,11
CACTAAAGTTGCCTAT-1_V13B23-285_B1,5
CACTACGGGAGCTGCC-1_V13B23-285_B1,11
CACTCAAGAGCTATGG-1_V13B23-285_B1,5
CACTCAGCTCTTGAGG-1_V13B23-285_B1,9
CACTCCTATGTAAGAT-1_V13B23-285_B1,10
CACTCCTCTCGGTCGG-1_V13B23-285_B1,14
CACTCGAGCTGAACAA-1_V13B23-285_B1,19
CACTCGGTTAGGAGGA-1_V13B23-285_B1,1
CACTCTTCTGCTAGCC-1_V13B23-285_B1,11
CACTGTCCAAGTGAGA-1_V13B23-285_B1,5
CACTTAATCAGACGGA-1_V13B23-285_B1,5
CACTTCGCCACAGGCT-1_V13B23-285_B1,10
CACTTCGTCTTATCTC-1_V13B23-285_B1,14
CAGAACTTAGCCCTCT-1_V13B23-285_B1,19
CAGAATAACACACGGA-1_V13B23-285_B1,11
CAGAATATTCGTTATC-1_V13B23-285_B1,11
CAGACACCGATCGCTG-1_V13B23-285_B1,19
CAGACCTGTAAGTGTT-1_V13B23-285_B1,16
CAGACGAACCTGATAC-1_V13B23-285_B1,10
CAGAGACGGTCACCCA-1_V13B23-285_B1,10
CAGAGCATGAGCTTGC-1_V13B23-285_B1,1
CAGAGGCGATGCATGA-1_V13B23-285_B1,10
CAGATACTAACATAGT-1_V13B23-285_B1,5
CAGATCATTTAAAGTC-1_V13B23-285_B1,3
CAGATCCTGGTTTGAA-1_V13B23-285_B1,10
CAGCAGCCCGTTCCTT-1_V13B23-285_B1,21
CAGCAGTCCAGACTAT-1_V13B23-285_B1,11
CAGCAGTCTGTGCTGC-1_V13B23-285_B1,19
CAGCCGGGCCCTCTAT-1_V13B23-285_B1,9
CAGCCTCCTGCAGAGG-1_V13B23-285_B1,14
CAGCCTCTCCTCAAGA-1_V13B23-285_B1,3
CAGCGATTCCCTTCAA-1_V13B23-285_B1,16
CAGCTCACTGAGACAT-1_V13B23-285_B1,5
CAGCTCGACAAGTTAA-1_V13B23-285_B1,1
CAGCTCGTGCTTGTGT-1_V13B23-285_B1,9
CAGCTGGCGTAACCGT-1_V13B23-285_B1,10
CAGCTTAGTAGGTAGC-1_V13B23-285_B1,10
CAGGAAGACTTTATAT-1_V13B23-285_B1,14
CAGGACAGCTGCCCTT-1_V13B23-285_B1,17
CAGGATATATCGTTGT-1_V13B23-285_B1,5
CAGGCCGTTTGGGTGT-1_V13B23-285_B1,10
CAGGCGCACGGTGGTC-1_V13B23-285_B1,18
CAGGCGCCATGCTAGG-1_V13B23-285_B1,19
CAGGTTTAGTACTACA-1_V13B23-285_B1,2
CAGTAACTATTTATTG-1_V13B23-285_B1,3
CAGTAATCCCTCCCAG-1_V13B23-285_B1,5
CAGTACATTCTCTAAA-1_V13B23-285_B1,3
CAGTACCAGTTTACGT-1_V13B23-285_B1,16
CAGTAGCCCACGCGGT-1_V13B23-285_B1,20
CAGTCGAGGATGCAAT-1_V13B23-285_B1,12
CAGTCTGTATACTGGG-1_V13B23-285_B1,5
CAGTGAATAAATGACT-1_V13B23-285_B1,14
CAGTGGTTGCACATGA-1_V13B23-285_B1,5
CAGTGTCCGCAGAATG-1_V13B23-285_B1,5
CAGTGTCGGCTGGCCC-1_V13B23-285_B1,11
CAGTTCAAATTGACAC-1_V13B23-285_B1,5
CAGTTCCGCGGGTCGA-1_V13B23-285_B1,17
CATAACGGACAGTCGT-1_V13B23-285_B1,11
CATAAGAAGCTTGGCT-1_V13B23-285_B1,19
CATAAGCTCTCCGTCT-1_V13B23-285_B1,3
CATACAAAGCCGAACC-1_V13B23-285_B1,12
CATACACGGTTCCCAC-1_V13B23-285_B1,17
CATACCCGTACCCAGT-1_V13B23-285_B1,10
CATACGGCGTCTGGGC-1_V13B23-285_B1,5
CATACTATGTAATTGT-1_V13B23-285_B1,5
CATACTTAGGCAATAC-1_V13B23-285_B1,11
CATAGCCGCCCGGGAT-1_V13B23-285_B1,18
CATAGCGTTGCCCACC-1_V13B23-285_B1,10
CATAGTACATTGAGAG-1_V13B23-285_B1,9
CATAGTAGCATAGTAG-1_V13B23-285_B1,5
CATAGTCCACAAGAAC-1_V13B23-285_B1,19
CATATACTACTGATAA-1_V13B23-285_B1,3
CATATAGGTACAGTCA-1_V13B23-285_B1,5
CATATGTCAGGCTACG-1_V13B23-285_B1,18
CATATTATTTGCCCTA-1_V13B23-285_B1,9
CATCAAACTGGCGCCC-1_V13B23-285_B1,12
CATCAACACCTACTAA-1_V13B23-285_B1,7
CATCATCTACCCGGAC-1_V13B23-285_B1,9
CATCATTACCCTGAGG-1_V13B23-285_B1,11
CATCCGCAGGCCCGAA-1_V13B23-285_B1,4
CATCCTCTCAAAGATC-1_V13B23-285_B1,11
CATCGCCCGCGGCCAA-1_V13B23-285_B1,4
CATCGGACGGGTTAAT-1_V13B23-285_B1,5
CATCGTCCGGTTACTA-1_V13B23-285_B1,13
CATCTAGTGAAGGGAA-1_V13B23-285_B1,11
CATCTATCCCGTGTCT-1_V13B23-285_B1,3
CATCTGCAGGATCATT-1_V13B23-285_B1,16
CATCTTACACCACCTC-1_V13B23-285_B1,11
CATGACTTCGCTGAAT-1_V13B23-285_B1,11
CATGAGATGCACTCTC-1_V13B23-285_B1,19
CATGATGCACAATTCT-1_V13B23-285_B1,14
CATGATGGAAGTTAGC-1_V13B23-285_B1,11
CATGCCAACTCGCAAA-1_V13B23-285_B1,3
CATGCGACCAGTTTAA-1_V13B23-285_B1,17
CATGCGTTAGACAGAA-1_V13B23-285_B1,6
CATGCTGGCTCCAATT-1_V13B23-285_B1,9
CATGGATTGTCTTCCG-1_V13B23-285_B1,11
CATGGCAGGAAGATCG-1_V13B23-285_B1,6
CATGGGTATGCCTTAT-1_V13B23-285_B1,19
CATGGGTCGGGTGTGG-1_V13B23-285_B1,14
CATGGTAAGTAGCGTT-1_V13B23-285_B1,19
CATGGTATTAGTTTGT-1_V13B23-285_B1,1
CATGGTCTAGATACCG-1_V13B23-285_B1,4
CATGTAAGAGACATTT-1_V13B23-285_B1,11
CATGTAGGAGCGCCAA-1_V13B23-285_B1,3
CATGTCTCATTTATGG-1_V13B23-285_B1,11
CATTACATAGATTGTG-1_V13B23-285_B1,16
CATTACGTCGGCCCGT-1_V13B23-285_B1,14
CATTATGCTTGTTGTG-1_V13B23-285_B1,5
CATTCCCATTCCGTCG-1_V13B23-285_B1,3
CATTCCCTAAGTACAA-1_V13B23-285_B1,12
CATTCGTCGTAGCGGT-1_V13B23-285_B1,11
CATTGATGAACACGCC-1_V13B23-285_B1,3
CATTGCGGGTCAATTC-1_V13B23-285_B1,3
CATTGTGTGCTAGATC-1_V13B23-285_B1,5
CATTTAGCGGACCATG-1_V13B23-285_B1,1
CATTTCTAGCAGACTA-1_V13B23-285_B1,5
CATTTGAGTGGTACGT-1_V13B23-285_B1,12
CCAAACAGAACCCTCG-1_V13B23-285_B1,5
CCAAAGCAGTTGGTTG-1_V13B23-285_B1,18
CCAAATAACAAGATTC-1_V13B23-285_B1,11
CCAACGATGCACTGAT-1_V13B23-285_B1,5
CCAACGCTTGCCAGGG-1_V13B23-285_B1,20
CCAACTTGATAGATCC-1_V13B23-285_B1,11
CCAAGAAAGTGGGCGA-1_V13B23-285_B1,19
CCAAGACTTCTGCGAA-1_V13B23-285_B1,14
CCAAGCGTAACTCGTA-1_V13B23-285_B1,19
CCAAGGAACAGAGAGG-1_V13B23-285_B1,9
CCAAGTTTCTACAGAT-1_V13B23-285_B1,17
CCAATAGTGCCGTCGA-1_V13B23-285_B1,5
CCAATCGGTAGATCGA-1_V13B23-285_B1,14
CCAATGTCACAGCAAG-1_V13B23-285_B1,5
CCAATTACGGGTCGAG-1_V13B23-285_B1,5
CCAATTGAATGTTAAT-1_V13B23-285_B1,5
CCACAATGTACGTCTT-1_V13B23-285_B1,1
CCACACTGAGATATTA-1_V13B23-285_B1,5
CCACAGTACCCATCCT-1_V13B23-285_B1,11
CCACATACTGCACCCA-1_V13B23-285_B1,11
CCACCAACTTTACTGT-1_V13B23-285_B1,16
CCACCCAAGGAAAGTG-1_V13B23-285_B1,19
CCACCTGTATGGAATA-1_V13B23-285_B1,11
CCACGAATTTAACCTC-1_V13B23-285_B1,11
CCACGAGAAGAGAATC-1_V13B23-285_B1,14
CCACGGAGCCATAAGA-1_V13B23-285_B1,17
CCACGGTGCCCGGTAG-1_V13B23-285_B1,11
CCACGTAAATTAGACT-1_V13B23-285_B1,10
CCACTATCCGGGTCAC-1_V13B23-285_B1,3
CCACTGGTGGCTGGTT-1_V13B23-285_B1,7
CCACTGTTTGGATTAA-1_V13B23-285_B1,11
CCAGAAAGCAACTCAT-1_V13B23-285_B1,5
CCAGAGACAAAGCCGG-1_V13B23-285_B1,12
CCAGATAGTTGAGTGA-1_V13B23-285_B1,16
CCAGATGTAAATGGGT-1_V13B23-285_B1,3
CCAGCCTGGACCAATA-1_V13B23-285_B1,19
CCAGCGGGATCACCAG-1_V13B23-285_B1,1
CCAGCTGATGGTACTT-1_V13B23-285_B1,7
CCAGCTTCCGCCCGCA-1_V13B23-285_B1,21
CCAGGCTGGCGTCTGA-1_V13B23-285_B1,11
CCAGGGACGTGGCCTC-1_V13B23-285_B1,5
CCAGTAGTCTGATCCA-1_V13B23-285_B1,3
CCAGTCAAATCTCTTA-1_V13B23-285_B1,18
CCAGTCTAGACGGCGC-1_V13B23-285_B1,18
CCAGTCTTGTCATAGA-1_V13B23-285_B1,16
CCATAAACAACCCGAC-1_V13B23-285_B1,6
CCATACCTTTACTTGT-1_V13B23-285_B1,17
CCATAGGTTGGCGTGG-1_V13B23-285_B1,14
CCATAGTCAGTAACCC-1_V13B23-285_B1,5
CCATATGGAAACTATA-1_V13B23-285_B1,11
CCATATTGGATCATGA-1_V13B23-285_B1,18
CCATCCATACCAAGTC-1_V13B23-285_B1,5
CCATCGCAGTTAAACT-1_V13B23-285_B1,19
CCATCTCACCAGTGAA-1_V13B23-285_B1,11
CCATGCCCTAGATTTC-1_V13B23-285_B1,11
CCATGCCTGTTTAGTA-1_V13B23-285_B1,5
CCATGCTCTGCAGGAA-1_V13B23-285_B1,5
CCATGGCCCTTGTACC-1_V13B23-285_B1,7
CCATTAGCGATAATCC-1_V13B23-285_B1,5
CCATTCCCTGCCCACA-1_V13B23-285_B1,5
CCATTGTTTCCTCCAT-1_V13B23-285_B1,21
CCATTTCTACCTATTA-1_V13B23-285_B1,19
CCCAAACATGCTGCTC-1_V13B23-285_B1,19
CCCAACATACGTCGCG-1_V13B23-285_B1,10
CCCAATGAGATTTGCA-1_V13B23-285_B1,1
CCCAATTTCACAACTT-1_V13B23-285_B1,10
CCCAGAGGAGGGCGTA-1_V13B23-285_B1,17
CCCAGGTCTGAAGGCT-1_V13B23-285_B1,11
CCCAGTAAACTTGGGA-1_V13B23-285_B1,7
CCCAGTTAAGGCGCCG-1_V13B23-285_B1,19
CCCGACCATAGTCCGC-1_V13B23-285_B1,14
CCCGAGTTTCTCCGTA-1_V13B23-285_B1,11
CCCGATAGCCTCGCCT-1_V13B23-285_B1,11
CCCGCAGCGCGAACTA-1_V13B23-285_B1,19
CCCGCAGGGCCCAAAG-1_V13B23-285_B1,9
CCCGCCATGCTCCCGT-1_V13B23-285_B1,5
CCCGCGCAATGCACCC-1_V13B23-285_B1,5
CCCGGTGGAAGAACCT-1_V13B23-285_B1,12
CCCGGTGTATCGGAAT-1_V13B23-285_B1,10
CCCGTAAGTCTAGGCC-1_V13B23-285_B1,10
CCCGTAGCTGGGAAGA-1_V13B23-285_B1,10
CCCGTCAGCGTCTGAC-1_V13B23-285_B1,5
CCCGTTTCGCAGATGT-1_V13B23-285_B1,11
CCCTATGTAGAGCAGA-1_V13B23-285_B1,1
CCCTCATTCTGGAATT-1_V13B23-285_B1,2
CCCTCCTCGCTCGTAT-1_V13B23-285_B1,11
CCCTGAAATGAGTTGA-1_V13B23-285_B1,5
CCCTGACTAACAAATT-1_V13B23-285_B1,3
CCCTGATGTAACTCGT-1_V13B23-285_B1,12
CCCTGCCCAATCCGCT-1_V13B23-285_B1,17
CCCTGCGCTACGCATA-1_V13B23-285_B1,10
CCCTGTTGGCAAAGAC-1_V13B23-285_B1,18
CCCTTTGACAGGTCTT-1_V13B23-285_B1,7
CCGAAAGTGGTGAGCA-1_V13B23-285_B1,5
CCGAACACTGGGCCTC-1_V13B23-285_B1,3
CCGAACCTTCCCGGCC-1_V13B23-285_B1,19
CCGAAGGGCGTACCGC-1_V13B23-285_B1,21
CCGAAGTATATTGTTC-1_V13B23-285_B1,18
CCGACAAACACATGAG-1_V13B23-285_B1,7
CCGACAAAGGGAGTGC-1_V13B23-285_B1,10
CCGACAATAGGCCGCC-1_V13B23-285_B1,11
CCGACGGGCATGAGGT-1_V13B23-285_B1,2
CCGACGTAAACACAAC-1_V13B23-285_B1,14
CCGAGAAGTCGCATAA-1_V13B23-285_B1,11
CCGAGCTGTGCTTGTC-1_V13B23-285_B1,3
CCGATATGACGTAAGG-1_V13B23-285_B1,16
CCGATCTCAACCTTAT-1_V13B23-285_B1,11
CCGATTCGAGGGACCC-1_V13B23-285_B1,7
CCGCACAAAGACCAAC-1_V13B23-285_B1,19
CCGCACACGAACGTGT-1_V13B23-285_B1,11
CCGCACGTGACCTCGG-1_V13B23-285_B1,16
CCGCATGTGGTACGAT-1_V13B23-285_B1,16
CCGCCGGAACTTCTCG-1_V13B23-285_B1,16
CCGCCGGTCAACACAC-1_V13B23-285_B1,9
CCGCCGTTGAGGATAA-1_V13B23-285_B1,11
CCGCCTGCGAATTGGT-1_V13B23-285_B1,3
CCGCCTTGCGATGTCG-1_V13B23-285_B1,3
CCGCGGAATGCGTCAC-1_V13B23-285_B1,10
CCGCGGGTACGAAGAA-1_V13B23-285_B1,10
CCGCGTAGGTAAGGGC-1_V13B23-285_B1,7
CCGCTATCAGCACCAG-1_V13B23-285_B1,5
CCGCTTACCTCACTCT-1_V13B23-285_B1,10
CCGCTTGCTGACATGG-1_V13B23-285_B1,1
CCGGAAGTTATCAGTC-1_V13B23-285_B1,11
CCGGAATGGTTTCAGT-1_V13B23-285_B1,12
CCGGAGCGTACTTTCT-1_V13B23-285_B1,13
CCGGAGGTCTTATGGT-1_V13B23-285_B1,3
CCGGCACGACCGTTTC-1_V13B23-285_B1,11
CCGGCGCATATTGGAT-1_V13B23-285_B1,9
CCGGGACCCGCAGAGA-1_V13B23-285_B1,14
CCGGGCGGTCTCGTCA-1_V13B23-285_B1,19
CCGGGCTGCTCCATAC-1_V13B23-285_B1,19
CCGGGTTCGAGGTTAC-1_V13B23-285_B1,10
CCGGTAATGGCTAGTC-1_V13B23-285_B1,11
CCGGTTTGTAATTGTG-1_V13B23-285_B1,7
CCGTAAGTTGGTCCCA-1_V13B23-285_B1,5
CCGTACCCAAGCGCCA-1_V13B23-285_B1,5
CCGTAGGAAATCCCTG-1_V13B23-285_B1,16
CCGTAGGGTTGTTTAC-1_V13B23-285_B1,11
CCGTATCTCGTCGTAG-1_V13B23-285_B1,10
CCGTATTAGCGCAGTT-1_V13B23-285_B1,20
CCGTGAGGCATTCATG-1_V13B23-285_B1,11
CCGTGGAACGATCCAA-1_V13B23-285_B1,17
CCGTGTTAAATTCCAT-1_V13B23-285_B1,10
CCGTTACGTTAGAACA-1_V13B23-285_B1,14
CCGTTCCGAATCTCGG-1_V13B23-285_B1,10
CCTAAAGGCTGACGCT-1_V13B23-285_B1,6
CCTAAATTAACGGTTC-1_V13B23-285_B1,19
CCTAAATTGTATCCTA-1_V13B23-285_B1,11
CCTAACCCAAACAAGT-1_V13B23-285_B1,11
CCTAACTAAGGCTCTA-1_V13B23-285_B1,20
CCTACAAGTCCGGAAT-1_V13B23-285_B1,2
CCTACATTCACAGACG-1_V13B23-285_B1,17
CCTACGGCTCAGTCGA-1_V13B23-285_B1,5
CCTACTGCGGCGGCCA-1_V13B23-285_B1,17
CCTACTGCTTACACTT-1_V13B23-285_B1,18
CCTAGGCGTAGCGATC-1_V13B23-285_B1,11
CCTAGTTAGTCGCATG-1_V13B23-285_B1,9
CCTATAATGAGTGCCC-1_V13B23-285_B1,19
CCTATACCGTCCTGTC-1_V13B23-285_B1,10
CCTATATTTGTCCTGG-1_V13B23-285_B1,19
CCTATCTATATCGGAA-1_V13B23-285_B1,6
CCTATGAAGTGGTGCC-1_V13B23-285_B1,11
CCTATGGGTTACCGTC-1_V13B23-285_B1,12
CCTATGTCCACTCCAC-1_V13B23-285_B1,15
CCTCACCAATCTTGAC-1_V13B23-285_B1,5
CCTCACCTGAGGGAGC-1_V13B23-285_B1,3
CCTCACCTTAGCATCG-1_V13B23-285_B1,17
CCTCACGTCAGCTAAT-1_V13B23-285_B1,11
CCTCCGACAATTCAAG-1_V13B23-285_B1,5
CCTCCTGTTGTGTCGT-1_V13B23-285_B1,16
CCTCGAAGTGGACGGG-1_V13B23-285_B1,6
CCTCGCGCGATATAGG-1_V13B23-285_B1,20
CCTCGCGCTGTGCGAT-1_V13B23-285_B1,7
CCTCGGACCGGGATAG-1_V13B23-285_B1,11
CCTCGGATGCTACCTG-1_V13B23-285_B1,16
CCTCTAATCTGCCAAG-1_V13B23-285_B1,14
CCTCTATCGATTAGCA-1_V13B23-285_B1,10
CCTCTCTCCCATCTAG-1_V13B23-285_B1,5
CCTCTGGCCTAGACGG-1_V13B23-285_B1,6
CCTCTGTACTATTCTA-1_V13B23-285_B1,4
CCTGAACGATATATTC-1_V13B23-285_B1,19
CCTGAATATTTACATA-1_V13B23-285_B1,14
CCTGACCACCGATGGT-1_V13B23-285_B1,5
CCTGCGTTCTACGCTT-1_V13B23-285_B1,17
CCTGCTATTTGAGAAG-1_V13B23-285_B1,5
CCTGGAAACGTTCTGC-1_V13B23-285_B1,8
CCTGGCTAGACCCGCC-1_V13B23-285_B1,5
CCTGGTCGAATGTGGG-1_V13B23-285_B1,7
CCTGTAAGACATGATA-1_V13B23-285_B1,5
CCTGTACTCACGCCCA-1_V13B23-285_B1,10
CCTGTCACCCGGGCTC-1_V13B23-285_B1,5
CCTGTCCCTCACGTTA-1_V13B23-285_B1,11
CCTGTCGCCCGTAAAT-1_V13B23-285_B1,5
CCTGTTTGAAGACACG-1_V13B23-285_B1,11
CCTTCAGTTAAAGTGA-1_V13B23-285_B1,16
CCTTCTCAGCGTTCCT-1_V13B23-285_B1,3
CCTTGACCACTTTATT-1_V13B23-285_B1,11
CCTTTAAGGGAGCACT-1_V13B23-285_B1,1
CCTTTCAATGAAGAAA-1_V13B23-285_B1,5
CCTTTGAATTATGGCT-1_V13B23-285_B1,12
CGAAACATAGATGGCA-1_V13B23-285_B1,9
CGAAACGCAATTCATG-1_V13B23-285_B1,10
CGAACAGTATGGGCGT-1_V13B23-285_B1,11
CGAACCCGCATGCGTC-1_V13B23-285_B1,7
CGAACGCCCAGTGCCG-1_V13B23-285_B1,6
CGAACGGCCGGACAAC-1_V13B23-285_B1,1
CGAAGCTATAAATTCA-1_V13B23-285_B1,13
CGAAGTTGCTCTGTGT-1_V13B23-285_B1,5
CGACAATTTGATCTAA-1_V13B23-285_B1,11
CGACACGCTCCGACAG-1_V13B23-285_B1,11
CGACAGTTCGCGTTAT-1_V13B23-285_B1,5
CGACCCTTAACGCCGG-1_V13B23-285_B1,1
CGACTCAGGATGTTAT-1_V13B23-285_B1,3
CGACTTTGTATAGCCT-1_V13B23-285_B1,17
CGAGACCCTAGAGTGT-1_V13B23-285_B1,5
CGAGAGATGTGAACCT-1_V13B23-285_B1,10
CGAGAGCGCGTAGATA-1_V13B23-285_B1,3
CGAGAGGGTAGCCGCG-1_V13B23-285_B1,11
CGAGATTTCGCTCGGG-1_V13B23-285_B1,11
CGAGCACTTCAAGTTT-1_V13B23-285_B1,10
CGAGGAGCTTCCATAT-1_V13B23-285_B1,1
CGAGGATCGGGAACGA-1_V13B23-285_B1,13
CGAGGCCAGGCATTGG-1_V13B23-285_B1,5
CGAGGCTAAATATGGC-1_V13B23-285_B1,10
CGAGGGACTGCGGTCG-1_V13B23-285_B1,19
CGAGTACTAAAGAGGA-1_V13B23-285_B1,10
CGAGTTCTGTCCCACC-1_V13B23-285_B1,3
CGAGTTTATCGGACTG-1_V13B23-285_B1,11
CGATAATACTCAGGTT-1_V13B23-285_B1,8
CGATACCTCGCGGACA-1_V13B23-285_B1,5
CGATCATTAGAGGCAC-1_V13B23-285_B1,15
CGATCCGACCCAGTGC-1_V13B23-285_B1,5
CGATCTGTTGGAGGAC-1_V13B23-285_B1,13
CGATGGACCCTACGCC-1_V13B23-285_B1,20
CGATGTTGTTATCTAC-1_V13B23-285_B1,17
CGATTAAATATCTCCT-1_V13B23-285_B1,13
CGATTCGCCTGGCTGC-1_V13B23-285_B1,19
CGCAAACACGAGTTAC-1_V13B23-285_B1,5
CGCAATTACTTTCGGT-1_V13B23-285_B1,5
CGCAATTAGGGTAATA-1_V13B23-285_B1,5
CGCAATTCTACAATAA-1_V13B23-285_B1,7
CGCACATGTCCACTAC-1_V13B23-285_B1,11
CGCACGTGCGCTATCA-1_V13B23-285_B1,11
CGCAGATCTTCACCCG-1_V13B23-285_B1,21
CGCAGGCGATCCAAAC-1_V13B23-285_B1,11
CGCATCATGGCTTCAG-1_V13B23-285_B1,9
CGCATCCATCAGCCAG-1_V13B23-285_B1,16
CGCATGGTGCGATGCT-1_V13B23-285_B1,5
CGCATTAGCTAATAGG-1_V13B23-285_B1,16
CGCCAAGAAGCCGAGT-1_V13B23-285_B1,7
CGCCACAGGTCGCGAT-1_V13B23-285_B1,17
CGCCATCCGATTATGA-1_V13B23-285_B1,2
CGCCCAGCACGCCTAG-1_V13B23-285_B1,1
CGCCCGCTTCCGTACA-1_V13B23-285_B1,14
CGCCCTTGAAGGCTGA-1_V13B23-285_B1,16
CGCCGCCCATGCCTGT-1_V13B23-285_B1,8
CGCCGTCTACCCATCG-1_V13B23-285_B1,11
CGCCGTTCAGCATAGT-1_V13B23-285_B1,11
CGCCTCCCTCCTCTAT-1_V13B23-285_B1,19
CGCCTGGCCTACGTAA-1_V13B23-285_B1,10
CGCCTTTAGCATGCTC-1_V13B23-285_B1,8
CGCGACACTGCGCAGC-1_V13B23-285_B1,16
CGCGACCGCGACAGAT-1_V13B23-285_B1,19
CGCGAGAGGGACTTGT-1_V13B23-285_B1,3
CGCGAGTCTGCCGGGT-1_V13B23-285_B1,10
CGCGCAAATGTCCAGA-1_V13B23-285_B1,18
CGCGCATGTTTGATTG-1_V13B23-285_B1,10
CGCGCCCGACTTAATA-1_V13B23-285_B1,14
CGCGGCAGTATTACGG-1_V13B23-285_B1,14
CGCGGCTCAACTTGAA-1_V13B23-285_B1,11
CGCGGGAATTAGGCAG-1_V13B23-285_B1,1
CGCGGTAAGTCTAGCT-1_V13B23-285_B1,13
CGCGGTACGGTATACA-1_V13B23-285_B1,11
CGCGGTCACAAACCAA-1_V13B23-285_B1,3
CGCGTTCATGAAATAC-1_V13B23-285_B1,5
CGCTACGGGACATTTA-1_V13B23-285_B1,5
CGCTAGAGACCGCTGC-1_V13B23-285_B1,8
CGCTATACCGCCCACT-1_V13B23-285_B1,5
CGCTATTCAATGTATG-1_V13B23-285_B1,5
CGCTATTCTTAGGCTC-1_V13B23-285_B1,5
CGCTCGACATAATGAT-1_V13B23-285_B1,5
CGCTCTCCGTAGATTA-1_V13B23-285_B1,5
CGCTGGTGACTACCCT-1_V13B23-285_B1,11
CGCTGTGACGCCGCAC-1_V13B23-285_B1,5
CGCTGTGTGGATGTTG-1_V13B23-285_B1,16
CGCTTATTCCCGGTCG-1_V13B23-285_B1,10
CGCTTCCACTGAAATC-1_V13B23-285_B1,5
CGCTTTCATACCGGTG-1_V13B23-285_B1,9
CGCTTTCTTGCATTCG-1_V13B23-285_B1,16
CGGAAAGAATCAAACG-1_V13B23-285_B1,10
CGGAACGTAAACATAG-1_V13B23-285_B1,10
CGGAGCAATTTAATCG-1_V13B23-285_B1,13
CGGAGCATGGCGATCC-1_V13B23-285_B1,5
CGGAGCTTATAACACC-1_V13B23-285_B1,9
CGGAGTTTGAGAGACA-1_V13B23-285_B1,5
CGGATAAGCGGACATG-1_V13B23-285_B1,5
CGGATCCTCAAGGACT-1_V13B23-285_B1,19
CGGCAAACATCGTGCG-1_V13B23-285_B1,19
CGGCAATAAGATCGCC-1_V13B23-285_B1,11
CGGCACCGTTAGCGCC-1_V13B23-285_B1,20
CGGCACTCAAGAAAGT-1_V13B23-285_B1,5
CGGCAGGGTCGGGTTG-1_V13B23-285_B1,11
CGGCCACGCACAAAGT-1_V13B23-285_B1,5
CGGCCCAACCTGTAGT-1_V13B23-285_B1,18
CGGCCCAGGTATATCC-1_V13B23-285_B1,11
CGGCGCCATCAATCCC-1_V13B23-285_B1,11
CGGCTCTAAAGCTGCA-1_V13B23-285_B1,11
CGGCTCTTCGTCGAAC-1_V13B23-285_B1,2
CGGGAATATAGTATAC-1_V13B23-285_B1,11
CGGGAATTTATGTAAA-1_V13B23-285_B1,5
CGGGAGCTTCAGTGTA-1_V13B23-285_B1,11
CGGGAGTATACCGCCG-1_V13B23-285_B1,17
CGGGATCAATGTAAGA-1_V13B23-285_B1,5
CGGGCAGCTAAACCGC-1_V13B23-285_B1,5
CGGGCCATAGCCGCAC-1_V13B23-285_B1,5
CGGGCCTTCTTTGTAA-1_V13B23-285_B1,5
CGGGTGTACCCATTTA-1_V13B23-285_B1,11
CGGGTTTGTTAGGGCT-1_V13B23-285_B1,11
CGGTACTAGAATCAAA-1_V13B23-285_B1,19
CGGTAGAGGTGCAGGT-1_V13B23-285_B1,17
CGGTATAGGTATTAGC-1_V13B23-285_B1,3
CGGTCAAGTGGGAACC-1_V13B23-285_B1,12
CGGTCAGTCCATATTT-1_V13B23-285_B1,11
CGGTCCATGAGACTCC-1_V13B23-285_B1,3
CGGTCTATCAACCCGT-1_V13B23-285_B1,14
CGGTGAAGACTAAAGT-1_V13B23-285_B1,10
CGGTGCAGATAGAACG-1_V13B23-285_B1,7
CGGTGCGCGTTGGTCC-1_V13B23-285_B1,17
CGGTGGGCTCCAGCCT-1_V13B23-285_B1,3
CGGTGTACTTGATCCC-1_V13B23-285_B1,5
CGGTTATCCAACAGTG-1_V13B23-285_B1,1
CGGTTCAAGTAGGTGT-1_V13B23-285_B1,16
CGGTTGACCTGGCATA-1_V13B23-285_B1,10
CGGTTTATGAAGGAAC-1_V13B23-285_B1,2
CGTAAACGCTTGAGTG-1_V13B23-285_B1,9
CGTACCGAAAGTCTAG-1_V13B23-285_B1,2
CGTACCTGATAGGCCT-1_V13B23-285_B1,14
CGTAGCGAATTGTCAG-1_V13B23-285_B1,9
CGTATTAAGAGATCTA-1_V13B23-285_B1,5
CGTATTGTTTCCTAAT-1_V13B23-285_B1,3
CGTCAAATGGTCGCAG-1_V13B23-285_B1,3
CGTCAAGGCTATAAAT-1_V13B23-285_B1,10
CGTCAATCTTTAACAT-1_V13B23-285_B1,17
CGTCACGTCCATTGGT-1_V13B23-285_B1,7
CGTCAGCTATTTACTC-1_V13B23-285_B1,16
CGTCATACCATATCCA-1_V13B23-285_B1,5
CGTCGCGGCGGGATTT-1_V13B23-285_B1,12
CGTCGGATAGTGTTGA-1_V13B23-285_B1,11
CGTCGGGTCTAAGCGC-1_V13B23-285_B1,10
CGTCGTCCTTCGCGAA-1_V13B23-285_B1,19
CGTCTGGAAGGGCCCG-1_V13B23-285_B1,6
CGTCTTGAGTGTGACG-1_V13B23-285_B1,8
CGTGAAGTTAATTCAC-1_V13B23-285_B1,5
CGTGACATTGGGTCGT-1_V13B23-285_B1,6
CGTGCAGACTGGGACA-1_V13B23-285_B1,19
CGTGCATTGTCGACGC-1_V13B23-285_B1,10
CGTGCCCTCCCGAAGA-1_V13B23-285_B1,19
CGTGGAAGCCTCGTAC-1_V13B23-285_B1,11
CGTGGCCGAATATCTA-1_V13B23-285_B1,11
CGTGTCCCATTCGCGA-1_V13B23-285_B1,5
CGTGTCTCGTTACGAC-1_V13B23-285_B1,10
CGTGTGTTAAACCCTG-1_V13B23-285_B1,16
CGTTAAACTAGTTAGG-1_V13B23-285_B1,11
CGTTAATGTCCCGACG-1_V13B23-285_B1,17
CGTTAGCTCACAACTG-1_V13B23-285_B1,14
CGTTCATGGTGCGCGT-1_V13B23-285_B1,10
CGTTCTTCGCACACCT-1_V13B23-285_B1,3
CGTTGAATACCGCGCT-1_V13B23-285_B1,19
CGTTGAGCGACCGTCG-1_V13B23-285_B1,19
CGTTGAGTAATTGCGT-1_V13B23-285_B1,20
CGTTGTAAACGTCAGG-1_V13B23-285_B1,17
CGTTGTAAGATTGATT-1_V13B23-285_B1,18
CGTTGTTTCAATTCCC-1_V13B23-285_B1,5
CGTTTAAGCGGAGCAC-1_V13B23-285_B1,9
CGTTTACAAGGCAGCT-1_V13B23-285_B1,3
CGTTTCACTTCGGGCG-1_V13B23-285_B1,15
CGTTTCGCTCATTACA-1_V13B23-285_B1,5
CGTTTGGTGTTGTGGG-1_V13B23-285_B1,11
CGTTTGTGTAGAGGGT-1_V13B23-285_B1,7
CTAAAGAATGCCTACT-1_V13B23-285_B1,10
CTAAAGGGAAATAGGA-1_V13B23-285_B1,5
CTAAATCCGGTGTACA-1_V13B23-285_B1,10
CTAAATCCTATTCCGG-1_V13B23-285_B1,7
CTAACCGCGCGCCCGT-1_V13B23-285_B1,10
CTAACGAAACTTGCTG-1_V13B23-285_B1,12
CTAACTGATAATCGCC-1_V13B23-285_B1,11
CTAACTGGTCCGGTTC-1_V13B23-285_B1,13
CTAAGGGAATGATTGG-1_V13B23-285_B1,19
CTAATTCGCACGCGCT-1_V13B23-285_B1,17
CTAATTCTCAGATATT-1_V13B23-285_B1,1
CTAATTTCAACAACAC-1_V13B23-285_B1,5
CTACAAGAAATAACCC-1_V13B23-285_B1,7
CTACACTCGCAGATGG-1_V13B23-285_B1,11
CTACCCTAAGGTCATA-1_V13B23-285_B1,16
CTACGACTAGCTATAA-1_V13B23-285_B1,10
CTACGCACGGAGTACC-1_V13B23-285_B1,5
CTACTATCATAGGTTT-1_V13B23-285_B1,10
CTACTATCTTTCAGAG-1_V13B23-285_B1,3
CTACTCAAGGTATAGT-1_V13B23-285_B1,10
CTACTCTAGGCCCGGC-1_V13B23-285_B1,7
CTACTGCCACCTGACC-1_V13B23-285_B1,5
CTAGACTGCATTTCGT-1_V13B23-285_B1,20
CTAGATGTGAGTGTAA-1_V13B23-285_B1,8
CTAGATTTACGACGGC-1_V13B23-285_B1,19
CTAGCATAGTATAATG-1_V13B23-285_B1,19
CTAGCCACAGGCGAGC-1_V13B23-285_B1,11
CTAGCCGATGTTATGA-1_V13B23-285_B1,3
CTAGCTTAATGGTCCC-1_V13B23-285_B1,11
CTAGGCGCCCTATCAG-1_V13B23-285_B1,11
CTAGGTCTGAAGGAAT-1_V13B23-285_B1,11
CTAGGTTCGGACGTGA-1_V13B23-285_B1,19
CTAGTATTCGGAATTA-1_V13B23-285_B1,6
CTAGTCACGTCTTAAG-1_V13B23-285_B1,19
CTAGTGAAGGACAGGA-1_V13B23-285_B1,5
CTAGTTACAACCCGGT-1_V13B23-285_B1,19
CTAGTTGGGCCCGGTA-1_V13B23-285_B1,17
CTATAAGAGCCAATCG-1_V13B23-285_B1,5
CTATCGACGAAATACA-1_V13B23-285_B1,11
CTATCGCGTAGAGAAC-1_V13B23-285_B1,11
CTATCGGGTCTCAACA-1_V13B23-285_B1,19
CTATGGGAAGCGGAAT-1_V13B23-285_B1,11
CTATGTCACTAGCCCA-1_V13B23-285_B1,5
CTATGTGAGTCACGGC-1_V13B23-285_B1,3
CTATTCATGTGTCCCA-1_V13B23-285_B1,21
CTATTGTGTTTGGTCA-1_V13B23-285_B1,3
CTATTTGGTTACGGAT-1_V13B23-285_B1,19
CTCAAGACATTAGCGC-1_V13B23-285_B1,3
CTCACACGCAAGCCTA-1_V13B23-285_B1,3
CTCACATTTACTAAAT-1_V13B23-285_B1,12
CTCACTTGGCTGGTAA-1_V13B23-285_B1,10
CTCAGGACTCACCTGT-1_V13B23-285_B1,5
CTCAGTCACGACAAAT-1_V13B23-285_B1,12
CTCATCACTTAGTGAT-1_V13B23-285_B1,3
CTCATGGCTCACAATC-1_V13B23-285_B1,14
CTCATGGTAATTTGCG-1_V13B23-285_B1,16
CTCATTAACGTTGCCC-1_V13B23-285_B1,21
CTCATTGCTCTAACAA-1_V13B23-285_B1,19
CTCATTTGATGGGCGG-1_V13B23-285_B1,21
CTCCCAATGAGTCGCG-1_V13B23-285_B1,11
CTCCCTCCTTTCGATC-1_V13B23-285_B1,10
CTCCGCCCACATGAGG-1_V13B23-285_B1,21
CTCCGGCCTAATATGC-1_V13B23-285_B1,6
CTCCGGCTTGTAGACA-1_V13B23-285_B1,4
CTCCTAAGTTATGTCT-1_V13B23-285_B1,5
CTCCTCCAGCTCACAC-1_V13B23-285_B1,19
CTCCTGTTCAAGGCAG-1_V13B23-285_B1,11
CTCCTTTACGCAAGTC-1_V13B23-285_B1,1
CTCGAGACATACGATA-1_V13B23-285_B1,12
CTCGAGATCCAAAGCA-1_V13B23-285_B1,5
CTCGAGGTCGAACAGT-1_V13B23-285_B1,5
CTCGATATTTGCGAGC-1_V13B23-285_B1,1
CTCGCACCTATATAGT-1_V13B23-285_B1,12
CTCGCATTGCATAGCC-1_V13B23-285_B1,16
CTCGCCGAATGTAGGG-1_V13B23-285_B1,21
CTCGGGATAACACCTA-1_V13B23-285_B1,3
CTCGGGTTCTCTGGCC-1_V13B23-285_B1,18
CTCGGTACCACTGCTC-1_V13B23-285_B1,19
CTCGGTCCGTAGCCTG-1_V13B23-285_B1,14
CTCGGTTGTCGGCCCT-1_V13B23-285_B1,2
CTCGTCGAGGGCTCAT-1_V13B23-285_B1,18
CTCGTTTCTAATGTTT-1_V13B23-285_B1,17
CTCTAATGCATTGATC-1_V13B23-285_B1,3
CTCTACACTGGCGATT-1_V13B23-285_B1,3
CTCTATTTGGCTGCAG-1_V13B23-285_B1,19
CTCTCACAATCGATGA-1_V13B23-285_B1,14
CTCTCTAACTGCCTAG-1_V13B23-285_B1,13
CTCTGGACGCCTGGTG-1_V13B23-285_B1,5
CTCTGTTTGAGGATTC-1_V13B23-285_B1,6
CTCTTCTATTGACTGG-1_V13B23-285_B1,11
CTCTTGTCCCGCTTGG-1_V13B23-285_B1,7
CTGAAAGAGATCCGAC-1_V13B23-285_B1,14
CTGAATCCGAGACCTC-1_V13B23-285_B1,7
CTGAATTTATTGCCAG-1_V13B23-285_B1,3
CTGACATAGAAATAGA-1_V13B23-285_B1,11
CTGACTGCGCAGCTCG-1_V13B23-285_B1,6
CTGAGAAAGTTCGGCG-1_V13B23-285_B1,11
CTGAGCAAGTAACAAG-1_V13B23-285_B1,8
CTGAGCGAGACTTATT-1_V13B23-285_B1,21
CTGATAGTGTATCTCA-1_V13B23-285_B1,10
CTGCAAGCACGTTCCG-1_V13B23-285_B1,8
CTGCACAACTACATAT-1_V13B23-285_B1,19
CTGCACCTAGTCCACA-1_V13B23-285_B1,1
CTGCACCTGGAACCGC-1_V13B23-285_B1,14
CTGCACTCCAGTACAG-1_V13B23-285_B1,19
CTGCAGAGAATCAGAG-1_V13B23-285_B1,11
CTGCCAAGGTTGGAAG-1_V13B23-285_B1,14
CTGCCATGCATCACAT-1_V13B23-285_B1,5
CTGCCTAGCCACCAAG-1_V13B23-285_B1,9
CTGCCTCATATGCAAC-1_V13B23-285_B1,1
CTGCGGGTGAAATGTT-1_V13B23-285_B1,17
CTGCGGTAGTCACGTG-1_V13B23-285_B1,20
CTGCGTTACGATATAA-1_V13B23-285_B1,2
CTGCTGAGGCCACGAA-1_V13B23-285_B1,12
CTGCTGTCTAACGAGC-1_V13B23-285_B1,11
CTGCTTGGCGATAGCT-1_V13B23-285_B1,19
CTGCTTTATGTCCGCG-1_V13B23-285_B1,3
CTGGAAATGGATGCTT-1_V13B23-285_B1,7
CTGGAAGACACGGTGG-1_V13B23-285_B1,11
CTGGACGCAGTCCGGC-1_V13B23-285_B1,7
CTGGATTTACACTTGA-1_V13B23-285_B1,10
CTGGCATCCGAATGAG-1_V13B23-285_B1,16
CTGGCGACATAAGTCC-1_V13B23-285_B1,14
CTGGCGCACAGGTCTG-1_V13B23-285_B1,11
CTGGCGGGAATAAGTA-1_V13B23-285_B1,5
CTGGCTGATTCATCCT-1_V13B23-285_B1,11
CTGGCTGGTTGTCAGT-1_V13B23-285_B1,1
CTGGGATAAATAATGG-1_V13B23-285_B1,19
CTGGGATACGCTACCC-1_V13B23-285_B1,11
CTGGGCCTGCTATATC-1_V13B23-285_B1,5
CTGGGTAGGCAGTTAA-1_V13B23-285_B1,19
CTGGTAAAGTGTGGGC-1_V13B23-285_B1,11
CTGGTAACACATAGAA-1_V13B23-285_B1,11
CTGGTAACGAGCTCTT-1_V13B23-285_B1,17
CTGGTCATTCCAATCC-1_V13B23-285_B1,21
CTGGTTCGCGAGCTAC-1_V13B23-285_B1,8
CTGGTTTCGAGCAAGA-1_V13B23-285_B1,11
CTGTACTTCTTAGCAT-1_V13B23-285_B1,5
CTGTAGCCATCTCACT-1_V13B23-285_B1,10
CTGTATGGTGTAGAAA-1_V13B23-285_B1,5
CTGTCAAATGGCTCGG-1_V13B23-285_B1,14
CTGTCACGCCAGGCGC-1_V13B23-285_B1,20
CTGTGCAGGGTAGGTC-1_V13B23-285_B1,19
CTGTGGTCGGGAGATA-1_V13B23-285_B1,19
CTGTTACCCAATCTAG-1_V13B23-285_B1,7
CTGTTCACTGCCTGTG-1_V13B23-285_B1,5
CTGTTCATCTCACGGG-1_V13B23-285_B1,5
CTTAAATAAGACCCAT-1_V13B23-285_B1,16
CTTAACTTCGAAGTAC-1_V13B23-285_B1,9
CTTACACGGTATTCCA-1_V13B23-285_B1,18
CTTACACTGGGAAATA-1_V13B23-285_B1,14
CTTAGCCCGGATAGTG-1_V13B23-285_B1,18
CTTAGCCTTCCACATG-1_V13B23-285_B1,14
CTTAGGTCCCAATCGT-1_V13B23-285_B1,16
CTTAGTAGGCCTACAG-1_V13B23-285_B1,21
CTTAGTGTAGTAGCAT-1_V13B23-285_B1,19
CTTATAGATGGCTGTT-1_V13B23-285_B1,11
CTTATGTTGACTACCA-1_V13B23-285_B1,5
CTTCAACTCCACTTGG-1_V13B23-285_B1,19
CTTCAGTGGTCGCCTA-1_V13B23-285_B1,10
CTTCATAGCTCAAGAA-1_V13B23-285_B1,5
CTTCATTGTCAGTGGA-1_V13B23-285_B1,5
CTTCCGCTCCGTGAAG-1_V13B23-285_B1,10
CTTCGGCCAATTGTTT-1_V13B23-285_B1,11
CTTCGTAGATAGGTGA-1_V13B23-285_B1,4
CTTCTATGTTGAAGTA-1_V13B23-285_B1,17
CTTCTATTAATGCTAG-1_V13B23-285_B1,10
CTTCTTACGTCGTATA-1_V13B23-285_B1,2
CTTGAGGTTATCCCGA-1_V13B23-285_B1,14
CTTGAGTTAGGGTAAT-1_V13B23-285_B1,11
CTTGCAACCGCCTCCT-1_V13B23-285_B1,3
CTTGCCCAGGCTCTAC-1_V13B23-285_B1,5
CTTGGCCAAGCTGGGA-1_V13B23-285_B1,1
CTTGTACTTGTTGACT-1_V13B23-285_B1,7
CTTGTCAACATTCGAG-1_V13B23-285_B1,19
CTTGTGCTCACCGATT-1_V13B23-285_B1,7
CTTGTTGCTGAGTCAA-1_V13B23-285_B1,19
CTTGTTTATGTAGCCA-1_V13B23-285_B1,5
CTTTAACTTTCAAAGG-1_V13B23-285_B1,14
CTTTAATATTGGTCGA-1_V13B23-285_B1,19
CTTTACCGAATAGTAG-1_V13B23-285_B1,11
CTTTAGGAACACTGTT-1_V13B23-285_B1,11
CTTTAGTGCTATTATT-1_V13B23-285_B1,5
CTTTCTGTGCGGGCTT-1_V13B23-285_B1,19
CTTTGCATCGCTCTTG-1_V13B23-285_B1,21
CTTTGCTGTCATGGAT-1_V13B23-285_B1,11
CTTTGGCGCTTTATAC-1_V13B23-285_B1,10
CTTTGGCTTTAGTAAA-1_V13B23-285_B1,5
CTTTGGGATTGTTGCA-1_V13B23-285_B1,19
CTTTGTCGAATGCTCC-1_V13B23-285_B1,12
GAAACAGATGACCACC-1_V13B23-285_B1,11
GAAACAGCCATGCAGT-1_V13B23-285_B1,9
GAAACATAGGAAACAG-1_V13B23-285_B1,17
GAAACCATGGTGCGCT-1_V13B23-285_B1,3
GAAACCGAATTACCTT-1_V13B23-285_B1,10
GAAACCTATACAAATG-1_V13B23-285_B1,19
GAAACTCGTGCGATGC-1_V13B23-285_B1,21
GAAACTCTAATGAAGG-1_V13B23-285_B1,9
GAAAGAACAGCGTTAT-1_V13B23-285_B1,11
GAAAGCAGTGCACTTT-1_V13B23-285_B1,10
GAAAGCCCTTTGGACC-1_V13B23-285_B1,10
GAAAGTGACTAACTGC-1_V13B23-285_B1,5
GAAATACCTGCTGGCT-1_V13B23-285_B1,2
GAAATACTAAACGTTT-1_V13B23-285_B1,5
GAAATATCACCATCAG-1_V13B23-285_B1,10
GAAATATGCTTGAATG-1_V13B23-285_B1,3
GAAATCGCGCGCAACT-1_V13B23-285_B1,14
GAAATGGCGGTGTTAG-1_V13B23-285_B1,5
GAAATGGGATGTAAAC-1_V13B23-285_B1,5
GAAATTAGCACGGATA-1_V13B23-285_B1,4
GAAATTCACATCGCTG-1_V13B23-285_B1,9
GAAATTGTCTCTATAA-1_V13B23-285_B1,10
GAACACACATCAACCA-1_V13B23-285_B1,5
GAACAGATTACTAAAT-1_V13B23-285_B1,19
GAACATTAGTATGTTA-1_V13B23-285_B1,12
GAACCCTCTGTGTTCT-1_V13B23-285_B1,1
GAACGACCGAATGATA-1_V13B23-285_B1,14
GAACGATAAGTTAAAG-1_V13B23-285_B1,21
GAACGCGGGTCACACG-1_V13B23-285_B1,11
GAACGTCTCATGGTCG-1_V13B23-285_B1,16
GAACGTTAGGAAGACG-1_V13B23-285_B1,10
GAACTTGTGCACGGGA-1_V13B23-285_B1,3
GAAGAAACGATATTGT-1_V13B23-285_B1,17
GAAGAACGGTGCAGGT-1_V13B23-285_B1,9
GAAGCCTGCACATTCC-1_V13B23-285_B1,10
GAAGCGTGAGGAATTT-1_V13B23-285_B1,5
GAAGCTCGGACCCGTC-1_V13B23-285_B1,10
GAAGCTTGCTGACCGC-1_V13B23-285_B1,5
GAAGGCTACCATTGTT-1_V13B23-285_B1,1
GAAGGGCATAACCATG-1_V13B23-285_B1,16
GAAGTCAGTTGCACTA-1_V13B23-285_B1,10
GAAGTCTCCCTAGCGA-1_V13B23-285_B1,11
GAAGTGATTTATCGTG-1_V13B23-285_B1,5
GAAGTTTCCACTCAAT-1_V13B23-285_B1,5
GAATAGACGCGACCCA-1_V13B23-285_B1,11
GAATAGCATTTAGGGT-1_V13B23-285_B1,11
GAATAGCCCTGCGGTC-1_V13B23-285_B1,3
GAATAGTGCTCGATTA-1_V13B23-285_B1,10
GAATATTCGGAGTCCC-1_V13B23-285_B1,14
GAATCGACATGGTCAC-1_V13B23-285_B1,4
GAATCTGAACATTCTC-1_V13B23-285_B1,5
GAATGAAGGTCTTCAG-1_V13B23-285_B1,7
GAATGCCGAAATGACC-1_V13B23-285_B1,5
GAATGTATGGCAGGTC-1_V13B23-285_B1,2
GAATGTGGTCCGGATT-1_V13B23-285_B1,19
GAATGTTGGGTAATCT-1_V13B23-285_B1,14
GAATTATAGTGAAAGG-1_V13B23-285_B1,19
GAATTCACCCGGGTGT-1_V13B23-285_B1,10
GAATTTCTCGCTGCAG-1_V13B23-285_B1,7
GACAAACATATGCAGG-1_V13B23-285_B1,11
GACAACGACCATTGAA-1_V13B23-285_B1,7
GACAACGCAGCTTACG-1_V13B23-285_B1,4
GACAAGAGATGAGATT-1_V13B23-285_B1,11
GACACAAGGGAAGAAA-1_V13B23-285_B1,18
GACACGAGTTAGAGGA-1_V13B23-285_B1,5
GACACTGAGTTCAGTG-1_V13B23-285_B1,16
GACACTGGAACCCGAT-1_V13B23-285_B1,11
GACAGATTTCTGGCTC-1_V13B23-285_B1,3
GACAGCCAGACCTGAC-1_V13B23-285_B1,11
GACAGGCACACACTAT-1_V13B23-285_B1,7
GACATACTGTCGCAGA-1_V13B23-285_B1,13
GACATCGATTTATAAC-1_V13B23-285_B1,19
GACCAAACGTTGACTG-1_V13B23-285_B1,11
GACCAGAGCCCTGTAG-1_V13B23-285_B1,5
GACCCAATTATGATAC-1_V13B23-285_B1,10
GACCGACGTGAAAGCA-1_V13B23-285_B1,11
GACCGACTGAAGCGTC-1_V13B23-285_B1,10
GACCGCGTCTGACGTG-1_V13B23-285_B1,11
GACCGTCAGGTCGTGA-1_V13B23-285_B1,6
GACCGTGCTGACGGTG-1_V13B23-285_B1,5
GACGACGATCCGCGTT-1_V13B23-285_B1,19
GACGAGGCTAATAAAC-1_V13B23-285_B1,11
GACGCCGTAAAGGCTA-1_V13B23-285_B1,5
GACGCCTGTTGCAGGG-1_V13B23-285_B1,2
GACGCTTGCTTCTAAA-1_V13B23-285_B1,19
GACGGGTTGGCCCGTA-1_V13B23-285_B1,1
GACGGTCAATAGAAGC-1_V13B23-285_B1,17
GACGGTCCTAGGGTGT-1_V13B23-285_B1,8
GACGTGTAGGGATTAT-1_V13B23-285_B1,18
GACGTTCGTAAATACA-1_V13B23-285_B1,1
GACTAAGATCATGCAC-1_V13B23-285_B1,5
GACTAAGTAGGCTCAC-1_V13B23-285_B1,5
GACTACAAAGCGGTGG-1_V13B23-285_B1,10
GACTACAATTGCTCGT-1_V13B23-285_B1,2
GACTCACCCACGTGAG-1_V13B23-285_B1,11
GACTCCCAGAATAAGG-1_V13B23-285_B1,1
GACTCGCGGGAATGAC-1_V13B23-285_B1,17
GACTCGGTCGGCGGAT-1_V13B23-285_B1,2
GACTGATTGGTCACAA-1_V13B23-285_B1,2
GACTGCAAATCGAGCT-1_V13B23-285_B1,19
GACTGCACCAGCCCAG-1_V13B23-285_B1,19
GACTGCGGCACGTGTA-1_V13B23-285_B1,21
GAGACCCTGCAACGCC-1_V13B23-285_B1,9
GAGACTGATGGGTAGA-1_V13B23-285_B1,7
GAGACTTCGCGACCGA-1_V13B23-285_B1,5
GAGAGGGCGCGAGGTT-1_V13B23-285_B1,10
GAGAGGTGCATTCTGG-1_V13B23-285_B1,10
GAGATCTGCTTGGCAT-1_V13B23-285_B1,5
GAGATCTGTCACTCCG-1_V13B23-285_B1,17
GAGATCTTCCATGACA-1_V13B23-285_B1,19
GAGATGACAATCCTTA-1_V13B23-285_B1,13
GAGATGGGAGTCGACA-1_V13B23-285_B1,19
GAGCACCTGTGTCCAG-1_V13B23-285_B1,19
GAGCACGGCGCCTCTT-1_V13B23-285_B1,8
GAGCCAGCTACCTGTG-1_V13B23-285_B1,11
GAGCCGAGCGTTTATT-1_V13B23-285_B1,3
GAGCGAGGGAGTACCG-1_V13B23-285_B1,9
GAGCGCAAATACTCCG-1_V13B23-285_B1,11
GAGCGCGCACGAGTAG-1_V13B23-285_B1,11
GAGCGCTGTTAGGTAA-1_V13B23-285_B1,10
GAGCTAAGGGCATATC-1_V13B23-285_B1,12
GAGCTCTCGGACCTAA-1_V13B23-285_B1,5
GAGCTGTCGTCTCGGA-1_V13B23-285_B1,3
GAGGAATGGAGAGGTT-1_V13B23-285_B1,7
GAGGAGATCCTCATGC-1_V13B23-285_B1,7
GAGGATAAACAGTGCT-1_V13B23-285_B1,11
GAGGCATTTGCAGCAG-1_V13B23-285_B1,1
GAGGCCCGACTCCGCA-1_V13B23-285_B1,21
GAGGCTATCAAAGTCG-1_V13B23-285_B1,10
GAGGGCCATAATATTA-1_V13B23-285_B1,3
GAGGGCGCAGCTCTGC-1_V13B23-285_B1,2
GAGGTACATCCATCTT-1_V13B23-285_B1,9
GAGGTCCCAAAGATCT-1_V13B23-285_B1,5
GAGTAAACCGGAAAGT-1_V13B23-285_B1,11
GAGTAAGGCCACGGGA-1_V13B23-285_B1,10
GAGTACGGGTATACAA-1_V13B23-285_B1,14
GAGTAGATACTAGTTG-1_V13B23-285_B1,19
GAGTATCAAAGTTACA-1_V13B23-285_B1,11
GAGTATGCCCGCCTTG-1_V13B23-285_B1,10
GAGTCAGACCAGAATC-1_V13B23-285_B1,10
GAGTCCGCTTACCGGA-1_V13B23-285_B1,5
GAGTCGACAGACCCTC-1_V13B23-285_B1,13
GAGTGCACGGACAACA-1_V13B23-285_B1,3
GAGTGTGCGGTACCCA-1_V13B23-285_B1,11
GAGTTGATGGCAATTT-1_V13B23-285_B1,1
GATAAATCGGTGGATG-1_V13B23-285_B1,14
GATAACTCGCACTGTG-1_V13B23-285_B1,11
GATACCGTGTCGGAGT-1_V13B23-285_B1,8
GATACGATGGGAGTCA-1_V13B23-285_B1,16
GATAGGATTAATTACA-1_V13B23-285_B1,8
GATAGGTAACGTTGAC-1_V13B23-285_B1,5
GATAGGTGTCCCGGGC-1_V13B23-285_B1,8
GATATCTCATGCAATA-1_V13B23-285_B1,9
GATATGAGACACTAAC-1_V13B23-285_B1,19
GATATGCGGTAGCCAA-1_V13B23-285_B1,17
GATATGGATTACGCGG-1_V13B23-285_B1,10
GATATTGAGATTGGCG-1_V13B23-285_B1,11
GATCATTCCAAACATT-1_V13B23-285_B1,4
GATCCCTTTATACTGC-1_V13B23-285_B1,7
GATCCGAATATAAGTG-1_V13B23-285_B1,11
GATCCGGGAATTAACA-1_V13B23-285_B1,19
GATCCTAAATCGGGAC-1_V13B23-285_B1,17
GATCCTCGACACTGGC-1_V13B23-285_B1,10
GATCGACACTATCTGA-1_V13B23-285_B1,7
GATCGCGGGCTCTCCA-1_V13B23-285_B1,5
GATCGCTACCCGATTT-1_V13B23-285_B1,11
GATCGCTATATCTCAG-1_V13B23-285_B1,10
GATCGGATAGAACCAT-1_V13B23-285_B1,3
GATCGGCGATAAGTCG-1_V13B23-285_B1,10
GATCGGTGGCCATAAC-1_V13B23-285_B1,17
GATCGTGACTGATATC-1_V13B23-285_B1,19
GATCTAACCGTATTCA-1_V13B23-285_B1,12
GATCTCGACGCTGTGG-1_V13B23-285_B1,11
GATCTGCTATCTAAGG-1_V13B23-285_B1,19
GATCTTCATTGTCCTC-1_V13B23-285_B1,13
GATCTTGGAGGGCATA-1_V13B23-285_B1,19
GATCTTTGCAGGGTAT-1_V13B23-285_B1,1
GATCTTTGCTCAAAGA-1_V13B23-285_B1,15
GATGACAAGTAGGGCA-1_V13B23-285_B1,10
GATGACGATGATCGCG-1_V13B23-285_B1,3
GATGCCAGCAGAAGGC-1_V13B23-285_B1,10
GATGCCTTCTGCGGCA-1_V13B23-285_B1,16
GATGCGAATGGTATTA-1_V13B23-285_B1,18
GATGCGTCCTGCATTC-1_V13B23-285_B1,5
GATGCTACAAGCGCCT-1_V13B23-285_B1,14
GATGCTGTATTTCATC-1_V13B23-285_B1,19
GATGGCGCACACATTA-1_V13B23-285_B1,5
GATGGTGCCCTAGGCA-1_V13B23-285_B1,9
GATGTAACGAACCACC-1_V13B23-285_B1,10
GATGTCGGTCAACTGC-1_V13B23-285_B1,9
GATGTTCAATCCACGA-1_V13B23-285_B1,10
GATGTTTGTGCGAGAT-1_V13B23-285_B1,5
GATTAACCGAAAGCCC-1_V13B23-285_B1,11
GATTACTGAATTTGGG-1_V13B23-285_B1,17
GATTCCCTTGTCGCAG-1_V13B23-285_B1,17
GATTCCGCGTTTCCGT-1_V13B23-285_B1,14
GATTCCTATACGGCGC-1_V13B23-285_B1,18
GATTCGACGGTTCACG-1_V13B23-285_B1,19
GATTTAGTGCGTACTG-1_V13B23-285_B1,12
GCAAACCCTACATTAT-1_V13B23-285_B1,19
GCAAACCTTGGCCATA-1_V13B23-285_B1,3
GCAAACGTCGCCAGGT-1_V13B23-285_B1,11
GCAAATATTACGCTTT-1_V13B23-285_B1,5
GCAACACACTAGAACT-1_V13B23-285_B1,3
GCAACAGCAGTATGCG-1_V13B23-285_B1,11
GCAACCACCAGACCGG-1_V13B23-285_B1,14
GCAACCACGGCCGCGT-1_V13B23-285_B1,1
GCAACGGCTAGTTATG-1_V13B23-285_B1,11
GCAAGAATTCCTTGGC-1_V13B23-285_B1,10
GCAAGATGTGTTCGCG-1_V13B23-285_B1,2
GCAAGTGCACAGAGAA-1_V13B23-285_B1,5
GCAATTAGTCGCACCG-1_V13B23-285_B1,21
GCACAAACGAGGCGTG-1_V13B23-285_B1,11
GCACACACTGGTAGCC-1_V13B23-285_B1,11
GCACACGCCCATGGTC-1_V13B23-285_B1,1
GCACGCCTACTTAGAT-1_V13B23-285_B1,7
GCACTAGTCGCGCTAT-1_V13B23-285_B1,9
GCAGAAGGTAATCTCC-1_V13B23-285_B1,11
GCAGACCCAGCACGTA-1_V13B23-285_B1,8
GCAGATCCATAAGACT-1_V13B23-285_B1,11
GCAGATCCTCGCAAAT-1_V13B23-285_B1,16
GCAGATTAGGGATATC-1_V13B23-285_B1,5
GCAGCACACAGCCCAG-1_V13B23-285_B1,5
GCAGCCTATATCACAT-1_V13B23-285_B1,11
GCAGCTATGGACAGGT-1_V13B23-285_B1,20
GCAGGAACTTAGATCT-1_V13B23-285_B1,17
GCAGGACTATAGAATA-1_V13B23-285_B1,5
GCAGGTAGAGTATGGT-1_V13B23-285_B1,2
GCAGTGCGGGCGGATG-1_V13B23-285_B1,8
GCAGTGTGGCTATAGG-1_V13B23-285_B1,19
GCAGTTCGATCCGAGC-1_V13B23-285_B1,11
GCATACGAGGTCTTTA-1_V13B23-285_B1,3
GCATAGAGCACTCAGG-1_V13B23-285_B1,5
GCATCCCTAACTTTGA-1_V13B23-285_B1,2
GCATCGGCCGTGTAGG-1_V13B23-285_B1,11
GCATGAGGGACGCGGC-1_V13B23-285_B1,2
GCATTCAAGGCAACGC-1_V13B23-285_B1,3
GCATTCGAAATGAACA-1_V13B23-285_B1,10
GCATTGTAATTCATAT-1_V13B23-285_B1,10
GCATTTCCAAGGCTCC-1_V13B23-285_B1,13
GCCAACCATTTCCGGA-1_V13B23-285_B1,16
GCCAAGAATACTTCTG-1_V13B23-285_B1,3
GCCAATAGGGCATCTC-1_V13B23-285_B1,16
GCCACAATTTAAGGAC-1_V13B23-285_B1,10
GCCACTCAGAGCGCGA-1_V13B23-285_B1,11
GCCACTCCTTACGGTA-1_V13B23-285_B1,11
GCCAGGAGTAACCGAT-1_V13B23-285_B1,20
GCCAGGCGTTCGCATG-1_V13B23-285_B1,9
GCCATATTGCACACAG-1_V13B23-285_B1,12
GCCATCGAGCTGCGTG-1_V13B23-285_B1,10
GCCATCGATGCTGCAT-1_V13B23-285_B1,13
GCCATTAGCCTCAAAC-1_V13B23-285_B1,3
GCCCAGATGCTGGAGA-1_V13B23-285_B1,11
GCCCAGTTGGTATGCC-1_V13B23-285_B1,12
GCCCGACTTCTTCCCG-1_V13B23-285_B1,18
GCCCGATCTGTGGTCG-1_V13B23-285_B1,10
GCCCGCGCGTAAACGG-1_V13B23-285_B1,10
GCCCGCGCGTTTGACA-1_V13B23-285_B1,5
GCCCGTAATACCTTCT-1_V13B23-285_B1,3
GCCCTAGCCGTCGCGA-1_V13B23-285_B1,10
GCCGAAATTCCTACGT-1_V13B23-285_B1,5
GCCGATTGGCCAAGCT-1_V13B23-285_B1,5
GCCGCACTCCGTTTCA-1_V13B23-285_B1,8
GCCGCATTAGTCCGGC-1_V13B23-285_B1,10
GCCGCTTGTGAGAAAC-1_V13B23-285_B1,5
GCCGGGTTAGGGTCGC-1_V13B23-285_B1,5
GCCGTGGAAGAAATGT-1_V13B23-285_B1,11
GCCTAGCGATCTGACC-1_V13B23-285_B1,5
GCCTATAGTGTCAGGG-1_V13B23-285_B1,3
GCCTATCAGGTAAGAT-1_V13B23-285_B1,11
GCCTATGCTGGGCCTT-1_V13B23-285_B1,3
GCCTATTCCGATATAG-1_V13B23-285_B1,5
GCCTCATCTGGAAATA-1_V13B23-285_B1,11
GCCTCCGACAATTCAC-1_V13B23-285_B1,11
GCCTCTATACATAGCA-1_V13B23-285_B1,19
GCCTTCAGCCCTACCG-1_V13B23-285_B1,14
GCCTTGTATATGCAGT-1_V13B23-285_B1,5
GCGAAACGATCGGGAG-1_V13B23-285_B1,11
GCGAAACTTAACTGGA-1_V13B23-285_B1,19
GCGAAGCCATACCCGT-1_V13B23-285_B1,5
GCGACATGTAAACATC-1_V13B23-285_B1,11
GCGACCCAACCATCTG-1_V13B23-285_B1,7
GCGACGATAGTTGTAC-1_V13B23-285_B1,10
GCGAGAAACGGGAGTT-1_V13B23-285_B1,5
GCGAGAGGCCATGTAA-1_V13B23-285_B1,20
GCGAGAGTTGCGTCCA-1_V13B23-285_B1,7
GCGAGCGCATGCTCCC-1_V13B23-285_B1,11
GCGAGGCCCGAGCAGA-1_V13B23-285_B1,5
GCGAGTTCTGCAAAGA-1_V13B23-285_B1,5
GCGATTCTGGAAGCAG-1_V13B23-285_B1,9
GCGATTGTTAACGTTA-1_V13B23-285_B1,19
GCGCAAATATATTCAA-1_V13B23-285_B1,17
GCGCAAGAGCGCGCTG-1_V13B23-285_B1,11
GCGCATCCAGTCAGCA-1_V13B23-285_B1,12
GCGCCGTTCCACGATA-1_V13B23-285_B1,5
GCGCCTCCCACTCCGA-1_V13B23-285_B1,11
GCGCGTCATTGGTACA-1_V13B23-285_B1,19
GCGCTAATTGAATAGA-1_V13B23-285_B1,19
GCGCTATGCCGAGGCA-1_V13B23-285_B1,10
GCGCTCGATCACCTGT-1_V13B23-285_B1,11
GCGCTGATCCAGACTC-1_V13B23-285_B1,15
GCGCTGCTTTGCATTT-1_V13B23-285_B1,13
GCGCTTAAATAATTGG-1_V13B23-285_B1,19
GCGGACCGCGTTGTGG-1_V13B23-285_B1,10
GCGGAGAAACTTCGCA-1_V13B23-285_B1,21
GCGGAGAGGGAGAACG-1_V13B23-285_B1,19
GCGGCAAAGTATTGCC-1_V13B23-285_B1,17
GCGGCTCTGACGTACC-1_V13B23-285_B1,7
GCGGGAACCAGGCCCT-1_V13B23-285_B1,5
GCGGGCATTACGATGC-1_V13B23-285_B1,1
GCGGGCGAGCCTTACC-1_V13B23-285_B1,10
GCGGTCCCGGTGAAGG-1_V13B23-285_B1,1
GCGGTGAACTGCGCTC-1_V13B23-285_B1,5
GCGGTTCCCTATCATG-1_V13B23-285_B1,17
GCGTAAATGGCCATAA-1_V13B23-285_B1,11
GCGTCGAAATGTCGGT-1_V13B23-285_B1,14
GCGTCGCCAGGGTGAT-1_V13B23-285_B1,10
GCGTCTAACCTCCTAA-1_V13B23-285_B1,21
GCGTCTCTGCATTGGG-1_V13B23-285_B1,10
GCGTGGTACTGGGTTA-1_V13B23-285_B1,11
GCGTTATATTTGGAAC-1_V13B23-285_B1,13
GCGTTCGGAGACCGGG-1_V13B23-285_B1,3
GCGTTCTGACTAAGCG-1_V13B23-285_B1,11
GCTAAACCTGAGGTGA-1_V13B23-285_B1,18
GCTAACTGAAGTCTGA-1_V13B23-285_B1,19
GCTAAGTAAAGGCGAT-1_V13B23-285_B1,10
GCTAAGTAGTTTCTCT-1_V13B23-285_B1,4
GCTAATACCGAATGCC-1_V13B23-285_B1,5
GCTACAATCGAGGATA-1_V13B23-285_B1,11
GCTACAGTACGGACCG-1_V13B23-285_B1,7
GCTACGACTTATTGGG-1_V13B23-285_B1,19
GCTACTATAGTAGAGT-1_V13B23-285_B1,11
GCTAGACCGTCTACTG-1_V13B23-285_B1,11
GCTAGAGTAGAGATGT-1_V13B23-285_B1,11
GCTAGCACCTGGGCCA-1_V13B23-285_B1,18
GCTAGCAGGGAGTGGG-1_V13B23-285_B1,3
GCTAGCTTGAATAGCT-1_V13B23-285_B1,10
GCTAGGCACCACGGAG-1_V13B23-285_B1,19
GCTAGTAGAGCTTGTA-1_V13B23-285_B1,5
GCTAGTTTCATTGAGG-1_V13B23-285_B1,5
GCTATACGTCTCGGAC-1_V13B23-285_B1,11
GCTATCATACTCATGG-1_V13B23-285_B1,19
GCTATCGCGGCGCAAC-1_V13B23-285_B1,5
GCTCAATCCGTTTATT-1_V13B23-285_B1,16
GCTCAATGTAATACCG-1_V13B23-285_B1,21
GCTCATTACTGCATGT-1_V13B23-285_B1,14
GCTCCATGAGTGCAGA-1_V13B23-285_B1,11
GCTCCCAGTCGGTCCA-1_V13B23-285_B1,11
GCTCCGCTCGCTTCAG-1_V13B23-285_B1,11
GCTCCTGACATACTGG-1_V13B23-285_B1,21
GCTCGCGGTTCCGCTC-1_V13B23-285_B1,18
GCTCGCTCATGTCCAA-1_V13B23-285_B1,11
GCTCGGAATTTAAAGC-1_V13B23-285_B1,14
GCTCTAAACCCTGACG-1_V13B23-285_B1,5
GCTCTATGTTACGTGC-1_V13B23-285_B1,5
GCTCTCGGGTACCGAA-1_V13B23-285_B1,7
GCTGAACTCTCCAGGG-1_V13B23-285_B1,16
GCTGAATCTTCCAATC-1_V13B23-285_B1,16
GCTGAGCAACGGTTCT-1_V13B23-285_B1,10
GCTGAGGCGTGAGTAT-1_V13B23-285_B1,5
GCTGCACGGTTTCTTA-1_V13B23-285_B1,19
GCTGCTAAGTAGTCGA-1_V13B23-285_B1,7
GCTGCTACTGCGTAGC-1_V13B23-285_B1,19
GCTGCTCTCCGGACAC-1_V13B23-285_B1,5
GCTGGACCCAAAGTGG-1_V13B23-285_B1,3
GCTGGCATATTCACCT-1_V13B23-285_B1,10
GCTGGCGGCGCATGCT-1_V13B23-285_B1,10
GCTGGTTTAGGCCATA-1_V13B23-285_B1,16
GCTGTATTACTGGCCC-1_V13B23-285_B1,10
GCTGTTGCTACCGAAC-1_V13B23-285_B1,11
GCTTAATGTAACTAAC-1_V13B23-285_B1,19
GCTTACGTAGTTAGTA-1_V13B23-285_B1,11
GCTTAGGGAAGCGGTA-1_V13B23-285_B1,4
GCTTATGAAGCAGGAA-1_V13B23-285_B1,11
GCTTCCGTCCCTAGAC-1_V13B23-285_B1,17
GCTTGATGATAATCAG-1_V13B23-285_B1,5
GCTTGCAGCACAATTG-1_V13B23-285_B1,3
GCTTGGATCGATTAGG-1_V13B23-285_B1,1
GCTTTCAGAGGAGGTG-1_V13B23-285_B1,11
GGAAACCTTGTTGAAT-1_V13B23-285_B1,17
GGAAACTAAATGGGCC-1_V13B23-285_B1,11
GGAAAGTGCCCATGCC-1_V13B23-285_B1,5
GGAACCCGAACAAGAA-1_V13B23-285_B1,13
GGAACCGTGTAAATTG-1_V13B23-285_B1,10
GGAACCTTGACTCTGC-1_V13B23-285_B1,1
GGAACGGCCTGCAGCC-1_V13B23-285_B1,10
GGAACTTTGGCGATTA-1_V13B23-285_B1,11
GGAAGCTCGCTTACAG-1_V13B23-285_B1,9
GGAATGCGCTAGCGTG-1_V13B23-285_B1,19
GGACAAGTTGCAGTGA-1_V13B23-285_B1,5
GGACACAAGTTTACAC-1_V13B23-285_B1,11
GGACCAACAGGATAAC-1_V13B23-285_B1,19
GGACCTACGGTAACGT-1_V13B23-285_B1,3
GGACCTCTAGGCCGCC-1_V13B23-285_B1,13
GGACGTCCATAGTTGG-1_V13B23-285_B1,20
GGACTCACAAATTAGG-1_V13B23-285_B1,8
GGACTCGAAGCTTTCA-1_V13B23-285_B1,11
GGACTCTTCCGGTTGA-1_V13B23-285_B1,11
GGAGAAGTCATTGGCA-1_V13B23-285_B1,5
GGAGACCAATGTGCTT-1_V13B23-285_B1,3
GGAGACCATCTACATA-1_V13B23-285_B1,10
GGAGACGACACCTTTG-1_V13B23-285_B1,19
GGAGCAACATTTCAAG-1_V13B23-285_B1,11
GGAGCACCAAGAACTA-1_V13B23-285_B1,7
GGAGGCCGAAGTCGTC-1_V13B23-285_B1,11
GGAGGGCTTGGTTGGC-1_V13B23-285_B1,8
GGAGGGTCAAGTAAGA-1_V13B23-285_B1,11
GGAGTGCCGCCCTGGA-1_V13B23-285_B1,19
GGATCATCCCGTACGC-1_V13B23-285_B1,3
GGATCCGGAATATACT-1_V13B23-285_B1,2
GGATCTTGACTCAACC-1_V13B23-285_B1,17
GGATGAAGATCGCTGA-1_V13B23-285_B1,11
GGATGACGCGAGTTTA-1_V13B23-285_B1,10
GGATGCTGGCGTTCCT-1_V13B23-285_B1,7
GGATGTCCTTACCGCA-1_V13B23-285_B1,11
GGATTAAGCTAAGGTC-1_V13B23-285_B1,2
GGATTCAGTACGGTGG-1_V13B23-285_B1,5
GGATTCCGCTATACCC-1_V13B23-285_B1,14
GGATTGCTGTGACTCC-1_V13B23-285_B1,19
GGATTTCACTTCTATA-1_V13B23-285_B1,7
GGCAAAGGCGCCAATA-1_V13B23-285_B1,10
GGCAAATTACTTTACT-1_V13B23-285_B1,5
GGCAAGCCAGGGATAG-1_V13B23-285_B1,1
GGCAAGGCGAAATAGC-1_V13B23-285_B1,19
GGCAATAGTCAATGAG-1_V13B23-285_B1,8
GGCACTCAGCCGACCC-1_V13B23-285_B1,11
GGCACTCCACTGGGCA-1_V13B23-285_B1,7
GGCAGCAAACCTATGC-1_V13B23-285_B1,11
GGCAGCGGTAATCCTA-1_V13B23-285_B1,3
GGCATACAGGTAGCGG-1_V13B23-285_B1,10
GGCATATCGGTTCTGC-1_V13B23-285_B1,14
GGCCCAGTTATCAGCA-1_V13B23-285_B1,9
GGCCCGGAGCATGTCT-1_V13B23-285_B1,11
GGCCCGTATACCATGC-1_V13B23-285_B1,3
GGCCCTCACCCACTTA-1_V13B23-285_B1,1
GGCCGTTTGGGTTTCA-1_V13B23-285_B1,10
GGCCTGCTTCTCCCGA-1_V13B23-285_B1,11
GGCCTTTGCAACTGGC-1_V13B23-285_B1,3
GGCGAAATCTAACTTG-1_V13B23-285_B1,11
GGCGAACCGTTCTGAT-1_V13B23-285_B1,3
GGCGAGCGAAACGGCA-1_V13B23-285_B1,16
GGCGCAGGACATCTTC-1_V13B23-285_B1,10
GGCGCATGAATTGATG-1_V13B23-285_B1,5
GGCGCGGAGATCTTTC-1_V13B23-285_B1,19
GGCGCGTTCGAGTTTA-1_V13B23-285_B1,5
GGCGCTCCTCATCAAT-1_V13B23-285_B1,5
GGCGGAGTAATATTAG-1_V13B23-285_B1,5
GGCGGGCTCTAAGAGT-1_V13B23-285_B1,11
GGCGGTAGGATCATTG-1_V13B23-285_B1,8
GGCGGTTTGCCGGTGC-1_V13B23-285_B1,1
GGCGTCCTATCCGCTG-1_V13B23-285_B1,5
GGCTAAAGGGCGGGTC-1_V13B23-285_B1,5
GGCTAATGATTGAAAT-1_V13B23-285_B1,2
GGCTATTAAGTTGTAT-1_V13B23-285_B1,5
GGCTCCTCCACCTGTT-1_V13B23-285_B1,1
GGCTCGCGTTGAGGTA-1_V13B23-285_B1,3
GGCTCGTGCCACCAGC-1_V13B23-285_B1,5
GGCTCTGCTCCAACGC-1_V13B23-285_B1,1
GGCTGAAATAGCAAAG-1_V13B23-285_B1,19
GGCTGAGCATCGTAAG-1_V13B23-285_B1,20
GGCTGGCTAGCTTAAA-1_V13B23-285_B1,9
GGCTTTCAATAAGGGT-1_V13B23-285_B1,17
GGGAACGGGAGGTTAG-1_V13B23-285_B1,19
GGGAATGAGCCCTCAC-1_V13B23-285_B1,3
GGGACAGAGTTACTCC-1_V13B23-285_B1,13
GGGACCCGTATATCTT-1_V13B23-285_B1,10
GGGACTGCATAGATAG-1_V13B23-285_B1,5
GGGAGAACTCACAGTA-1_V13B23-285_B1,5
GGGAGGATGCCCGAAA-1_V13B23-285_B1,5
GGGAGTTAATGAGGCG-1_V13B23-285_B1,15
GGGATACGGTAATAAT-1_V13B23-285_B1,7
GGGATCCCAATACAAA-1_V13B23-285_B1,3
GGGATGGTCGTAACCG-1_V13B23-285_B1,16
GGGATTTACCGCACCT-1_V13B23-285_B1,11
GGGCAACCGCACGTGC-1_V13B23-285_B1,10
GGGCAGAGCAATCGTT-1_V13B23-285_B1,7
GGGCCCGTCTTAAACA-1_V13B23-285_B1,5
GGGCCCTACGAAAGGG-1_V13B23-285_B1,3
GGGCCGGCCGAAGTAC-1_V13B23-285_B1,19
GGGCCTAAATGGGCTA-1_V13B23-285_B1,3
GGGCCTATTTAAGTAT-1_V13B23-285_B1,6
GGGCGAATTTCTCCAC-1_V13B23-285_B1,7
GGGCGATATGTGTGAA-1_V13B23-285_B1,5
GGGCGCAGCGTTACTC-1_V13B23-285_B1,10
GGGCGGCAAATGAATT-1_V13B23-285_B1,10
GGGCGGGTTCCCTACG-1_V13B23-285_B1,10
GGGCGGTCCTATTGTC-1_V13B23-285_B1,5
GGGCGTACATTTATAT-1_V13B23-285_B1,5
GGGCGTCACCACGTAA-1_V13B23-285_B1,16
GGGCGTCCACTGGCTC-1_V13B23-285_B1,14
GGGCGTGGTTTCCCAG-1_V13B23-285_B1,19
GGGCTACTATTTCGTG-1_V13B23-285_B1,5
GGGCTATGATCGATGG-1_V13B23-285_B1,10
GGGCTCATCGAACCCA-1_V13B23-285_B1,17
GGGCTGCCTAGGGCGA-1_V13B23-285_B1,19
GGGCTGGTTAGTCGCG-1_V13B23-285_B1,7
GGGTACCCACGGTCCT-1_V13B23-285_B1,5
GGGTACTTCATGAACT-1_V13B23-285_B1,10
GGGTATGTATGCACTT-1_V13B23-285_B1,7
GGGTATTCTAGCAAAC-1_V13B23-285_B1,7
GGGTCACCGTGACGGT-1_V13B23-285_B1,5
GGGTCATGCGTACCAT-1_V13B23-285_B1,17
GGGTCGTGGCAAGTGT-1_V13B23-285_B1,17
GGGTGACACCTTAACT-1_V13B23-285_B1,7
GGGTGCATATGAAAGC-1_V13B23-285_B1,16
GGGTGTTTCAGCTATG-1_V13B23-285_B1,6
GGGTTAACATTTGAGT-1_V13B23-285_B1,10
GGGTTCAGACGAACAA-1_V13B23-285_B1,5
GGGTTTAGGATAGGAT-1_V13B23-285_B1,11
GGTAAATGTGCGTTAC-1_V13B23-285_B1,9
GGTAACCGGGAGGATA-1_V13B23-285_B1,18
GGTACAAACATGCTAT-1_V13B23-285_B1,5
GGTACACCAGATTTAT-1_V13B23-285_B1,3
GGTACATCTGGGACGA-1_V13B23-285_B1,21
GGTACCATTAAGACGG-1_V13B23-285_B1,10
GGTACTAAGTGCTTTG-1_V13B23-285_B1,11
GGTAGAAGACCGCCTG-1_V13B23-285_B1,19
GGTAGACCGTTGGGCG-1_V13B23-285_B1,19
GGTAGTGCTCGCACCA-1_V13B23-285_B1,2
GGTATAGTGACACATA-1_V13B23-285_B1,11
GGTATTGCCGAGTTTA-1_V13B23-285_B1,5
GGTCAAGACTACTTCG-1_V13B23-285_B1,11
GGTCAGTGGGTCCCAC-1_V13B23-285_B1,7
GGTCATTGTAGTCATA-1_V13B23-285_B1,12
GGTCCTTCATACGACT-1_V13B23-285_B1,13
GGTCGGATAAACGGCG-1_V13B23-285_B1,21
GGTCGGCCAGGAGCTT-1_V13B23-285_B1,11
GGTCGGTAATTAGACA-1_V13B23-285_B1,5
GGTCGGTCGTCCACAG-1_V13B23-285_B1,10
GGTCGTAAGCTCGCAC-1_V13B23-285_B1,10
GGTCTCCAAGTAGTGC-1_V13B23-285_B1,11
GGTCTCTGAATGGACT-1_V13B23-285_B1,16
GGTCTGAGAATCTGGA-1_V13B23-285_B1,17
GGTGAAGTACAGGGAT-1_V13B23-285_B1,10
GGTGAGATGCAGATAA-1_V13B23-285_B1,5
GGTGATAAGGAGCAGT-1_V13B23-285_B1,19
GGTGCAGAGCCTATCG-1_V13B23-285_B1,1
GGTGCGGATAAGTGGC-1_V13B23-285_B1,14
GGTGCTGATCACAAAG-1_V13B23-285_B1,16
GGTGCTGGTACACATT-1_V13B23-285_B1,10
GGTGGACTGCTCTGGC-1_V13B23-285_B1,19
GGTGGAGGTTGATACG-1_V13B23-285_B1,8
GGTGTTGGGCGTCTTA-1_V13B23-285_B1,11
GGTTACCACCCTCGGG-1_V13B23-285_B1,1
GGTTACCCGACACTTT-1_V13B23-285_B1,1
GGTTAGCTATATGTCT-1_V13B23-285_B1,11
GGTTAGGCTTGGAGAA-1_V13B23-285_B1,5
GGTTAGTTACGGCGCC-1_V13B23-285_B1,1
GGTTCGGATTATACTA-1_V13B23-285_B1,12
GGTTCTACTCGTCTGA-1_V13B23-285_B1,8
GGTTGTGCTCTTGTCC-1_V13B23-285_B1,13
GGTTGTGTAGCCTGGC-1_V13B23-285_B1,16
GGTTTAATTGAGCAGG-1_V13B23-285_B1,3
GGTTTACAATCTCAAT-1_V13B23-285_B1,1
GGTTTAGCCTTTCTTG-1_V13B23-285_B1,11
GGTTTCAATCGGTCAG-1_V13B23-285_B1,14
GGTTTGACAAGAAGCT-1_V13B23-285_B1,20
GGTTTGCGAACACGTA-1_V13B23-285_B1,12
GGTTTGTGACCTGAGG-1_V13B23-285_B1,11
GTAACATCTAAGATAA-1_V13B23-285_B1,11
GTAAGCGGGCAGTCAG-1_V13B23-285_B1,19
GTAAGGATTTGTCGGA-1_V13B23-285_B1,9
GTAAGTAACAGTCTGG-1_V13B23-285_B1,19
GTAAGTAGGGTATACC-1_V13B23-285_B1,7
GTAAGTCCACACTCTA-1_V13B23-285_B1,8
GTAATAAAGGGCTCCC-1_V13B23-285_B1,17
GTAATCTGATTCTTCG-1_V13B23-285_B1,10
GTACACTTACCTGAAG-1_V13B23-285_B1,19
GTACAGAGGCAAGGGT-1_V13B23-285_B1,19
GTACGACGGCGCTGCG-1_V13B23-285_B1,5
GTACGAGATTGCGACA-1_V13B23-285_B1,20
GTACGCTTCATTGCAC-1_V13B23-285_B1,19
GTACGTCACGTATTAA-1_V13B23-285_B1,12
GTACGTTTGCCCGTCA-1_V13B23-285_B1,19
GTACTAAGATTTGGAG-1_V13B23-285_B1,5
GTACTCCCTTATCGCT-1_V13B23-285_B1,10
GTACTCCTGGGTATGC-1_V13B23-285_B1,7
GTACTGGAGTTAGACC-1_V13B23-285_B1,5
GTACTTGGGCACTTCT-1_V13B23-285_B1,5
GTAGAAACGGGTGGAG-1_V13B23-285_B1,1
GTAGACGTCGTTACAT-1_V13B23-285_B1,9
GTAGAGGGAGACAAGT-1_V13B23-285_B1,10
GTAGCCAAACATGGGA-1_V13B23-285_B1,19
GTAGCGGCTATACACT-1_V13B23-285_B1,19
GTAGCTTCCTCTTGTT-1_V13B23-285_B1,3
GTAGGTGATCCGTGTA-1_V13B23-285_B1,14
GTAGTCGCGGGAATCA-1_V13B23-285_B1,19
GTATAATCTCCCGGAT-1_V13B23-285_B1,16
GTATAGGACTCAGTAG-1_V13B23-285_B1,12
GTATCAAACGTTAGCT-1_V13B23-285_B1,11
GTATCAGCTTGGGTTC-1_V13B23-285_B1,5
GTATCTCAGTCTTGAC-1_V13B23-285_B1,16
GTATCTTTCATAACCA-1_V13B23-285_B1,4
GTATGAAATTTCACTC-1_V13B23-285_B1,10
GTATGTGGGTCTAGTT-1_V13B23-285_B1,11
GTATTAAGGCGTCTAA-1_V13B23-285_B1,5
GTATTCTGAGAAACGA-1_V13B23-285_B1,18
GTATTTAATGGCATAA-1_V13B23-285_B1,11
GTCAAAGAAGTGGTGT-1_V13B23-285_B1,10
GTCAAAGTTTACATAG-1_V13B23-285_B1,5
GTCAAGCGGACTCGGG-1_V13B23-285_B1,19
GTCAATGCTATAATTT-1_V13B23-285_B1,3
GTCACTCTCCAAATCT-1_V13B23-285_B1,5
GTCAGAATAGTCTATG-1_V13B23-285_B1,5
GTCAGTTGTGCTCGTT-1_V13B23-285_B1,9
GTCAGTTTGGTAGTCG-1_V13B23-285_B1,10
GTCATCTCCTACAGCT-1_V13B23-285_B1,7
GTCATGCACCTCCGTT-1_V13B23-285_B1,5
GTCATGGACATGACTA-1_V13B23-285_B1,2
GTCATTAGAGCGAACG-1_V13B23-285_B1,19
GTCATTGCATTGACCC-1_V13B23-285_B1,10
GTCCATTACTGCTACG-1_V13B23-285_B1,11
GTCCCAACGTAAAGTA-1_V13B23-285_B1,2
GTCCCGCGACGTTATG-1_V13B23-285_B1,19
GTCCGAGAGCAATCAT-1_V13B23-285_B1,1
GTCCGGACCTGAAATT-1_V13B23-285_B1,11
GTCCGGCTGAATTGCG-1_V13B23-285_B1,5
GTCCTACAGGCGGCTC-1_V13B23-285_B1,5
GTCCTACGAATAGTCT-1_V13B23-285_B1,11
GTCCTACTCTACGGGC-1_V13B23-285_B1,12
GTCCTATTGTTGTGGT-1_V13B23-285_B1,10
GTCCTTCTAGTGGGTT-1_V13B23-285_B1,9
GTCGATAGGTGACTTT-1_V13B23-285_B1,11
GTCGCCGTTGTGTGTT-1_V13B23-285_B1,10
GTCGCGTAACCCGTTG-1_V13B23-285_B1,19
GTCGGAAGGATACCAG-1_V13B23-285_B1,17
GTCGGATATCTCAGAC-1_V13B23-285_B1,5
GTCGGATGTAGCGCGC-1_V13B23-285_B1,14
GTCGGGAAGCAGAAAC-1_V13B23-285_B1,1
GTCGTACCATCTCGGG-1_V13B23-285_B1,5
GTCGTATTGGCGTACA-1_V13B23-285_B1,5
GTCGTCTGGTTGGCTA-1_V13B23-285_B1,16
GTCGTGTCTGGTCATC-1_V13B23-285_B1,21
GTCGTTATTCGCTTAT-1_V13B23-285_B1,19
GTCTACTCAATTACAA-1_V13B23-285_B1,3
GTCTATCTGAGTTTCT-1_V13B23-285_B1,10
GTCTATTGGTTCCGGT-1_V13B23-285_B1,11
GTCTCAAGGCCCGGCT-1_V13B23-285_B1,1
GTCTCCTGCCAGTATG-1_V13B23-285_B1,16
GTCTCGACTAAGTTTG-1_V13B23-285_B1,3
GTCTCGATCTGCTTTC-1_V13B23-285_B1,14
GTCTGGGCGGTCGAGA-1_V13B23-285_B1,21
GTCTTAGTACAGCCGG-1_V13B23-285_B1,6
GTCTTGAGGAGCAGTG-1_V13B23-285_B1,11
GTCTTGTAGCTATTCA-1_V13B23-285_B1,11
GTGAAACGGCGCCACC-1_V13B23-285_B1,17
GTGAACTCCCATTCGA-1_V13B23-285_B1,17
GTGAAGATTTCAAGTG-1_V13B23-285_B1,12
GTGAAGCCGTATAGTC-1_V13B23-285_B1,16
GTGAAGTCACGACTCG-1_V13B23-285_B1,7
GTGACCGCACACTACG-1_V13B23-285_B1,11
GTGACCTAAAGAATAA-1_V13B23-285_B1,21
GTGACGAGGGTGACCC-1_V13B23-285_B1,13
GTGACTTCAGTAGTGC-1_V13B23-285_B1,10
GTGAGCGTGCTGCACT-1_V13B23-285_B1,10
GTGAGGACACTTAAGG-1_V13B23-285_B1,19
GTGAGGAGCGGTTGAG-1_V13B23-285_B1,14
GTGAGTCTAAGACGGA-1_V13B23-285_B1,13
GTGAGTGGTACAACGC-1_V13B23-285_B1,10
GTGATCACTAACGCCT-1_V13B23-285_B1,11
GTGATCATAGATCTGC-1_V13B23-285_B1,5
GTGATCCTTGTCATGA-1_V13B23-285_B1,19
GTGATGCACAACATCT-1_V13B23-285_B1,3
GTGATTCGCCGCTCAA-1_V13B23-285_B1,4
GTGCACGAAAGTGACT-1_V13B23-285_B1,14
GTGCAGCGTAGAGTAG-1_V13B23-285_B1,11
GTGCCATCACACGGTG-1_V13B23-285_B1,7
GTGCCCGTTCGGATTC-1_V13B23-285_B1,11
GTGCCGCTTCAAAGGT-1_V13B23-285_B1,10
GTGCCTAGCTATGCTT-1_V13B23-285_B1,18
GTGCCTCAGTGTACGG-1_V13B23-285_B1,20
GTGCGAAATCGAACAC-1_V13B23-285_B1,1
GTGCGACAGGGAGTGT-1_V13B23-285_B1,11
GTGCGGGTCTCCAAAT-1_V13B23-285_B1,21
GTGCGTGTATATGAGC-1_V13B23-285_B1,11
GTGCTCAAGTACTGTC-1_V13B23-285_B1,5
GTGCTGCAGATAAGGA-1_V13B23-285_B1,3
GTGCTTACATCAGCGC-1_V13B23-285_B1,11
GTGGAACCTACATGCG-1_V13B23-285_B1,6
GTGGACCAACCCGATT-1_V13B23-285_B1,10
GTGGACGCATTTGTCC-1_V13B23-285_B1,16
GTGGACGTGCTGAGAC-1_V13B23-285_B1,5
GTGGAGCATGTCGGCC-1_V13B23-285_B1,11
GTGGAGCGTTTACCGA-1_V13B23-285_B1,16
GTGGAGTCGGCGGTTG-1_V13B23-285_B1,1
GTGGCAAACAGCGGCA-1_V13B23-285_B1,10
GTGGCGGTCCCAGCGT-1_V13B23-285_B1,10
GTGGGAAGACTGAATC-1_V13B23-285_B1,3
GTGGGCTTAGACACAC-1_V13B23-285_B1,5
GTGGTATAGTCTGCCG-1_V13B23-285_B1,10
GTGGTGATGGTTTGTG-1_V13B23-285_B1,11
GTGGTGGCCAAGTGAA-1_V13B23-285_B1,19
GTGGTTACTTCTTTCG-1_V13B23-285_B1,1
GTGGTTTCCGCCTTTC-1_V13B23-285_B1,10
GTGTACCTTGGCTACG-1_V13B23-285_B1,3
GTGTACGAACCGTTCC-1_V13B23-285_B1,19
GTGTATATCAGCGGGC-1_V13B23-285_B1,19
GTGTCGTATAGCGTTC-1_V13B23-285_B1,19
GTGTGAATAACTTAGG-1_V13B23-285_B1,2
GTGTTACTATGCGTCC-1_V13B23-285_B1,19
GTTAAAGTAGGACTGG-1_V13B23-285_B1,11
GTTAACATCACTTAAA-1_V13B23-285_B1,19
GTTAACTATGTTGTCA-1_V13B23-285_B1,11
GTTAAGGGTGCGATGT-1_V13B23-285_B1,17
GTTAAGTTAGAGTGGG-1_V13B23-285_B1,11
GTTAATGTCTATCTTA-1_V13B23-285_B1,13
GTTACAATTGGTGACG-1_V13B23-285_B1,10
GTTACCTACAACTTGC-1_V13B23-285_B1,19
GTTACTTTGGGCCTAG-1_V13B23-285_B1,1
GTTAGCCGTAAATCAA-1_V13B23-285_B1,1
GTTAGGCTACCCGTTT-1_V13B23-285_B1,1
GTTATAATACGGTGAA-1_V13B23-285_B1,11
GTTATATCAGGAGCCA-1_V13B23-285_B1,1
GTTATATTATCTCCCT-1_V13B23-285_B1,16
GTTATTAACGTGGGAG-1_V13B23-285_B1,5
GTTCACAGGAGTCTAG-1_V13B23-285_B1,5
GTTCATCGTTTGGCTG-1_V13B23-285_B1,16
GTTCCAGTCTGACCAT-1_V13B23-285_B1,12
GTTCCCGTAAACATAT-1_V13B23-285_B1,11
GTTCGCCATAAGTGCC-1_V13B23-285_B1,5
GTTCGCTGAGACGTCT-1_V13B23-285_B1,11
GTTCGGATCGGGAACA-1_V13B23-285_B1,11
GTTCGGGCGTACCATT-1_V13B23-285_B1,16
GTTCGTCTAAAGAACT-1_V13B23-285_B1,11
GTTCGTCTGGGTCCCT-1_V13B23-285_B1,3
GTTCTTCCCTCGATGT-1_V13B23-285_B1,14
GTTGAACCGGTTCCAT-1_V13B23-285_B1,18
GTTGAGTCCCGCCGGT-1_V13B23-285_B1,19
GTTGCACGGAGTTTCG-1_V13B23-285_B1,5
GTTGCAGTCGACAACA-1_V13B23-285_B1,11
GTTGCGCTAACATTAC-1_V13B23-285_B1,11
GTTGCGGACGGTCAGG-1_V13B23-285_B1,11
GTTGGACCGCATCAGG-1_V13B23-285_B1,3
GTTGGATTCAGTGGCT-1_V13B23-285_B1,13
GTTGGATTGAGAACAC-1_V13B23-285_B1,7
GTTGGATTTGCGTTGG-1_V13B23-285_B1,5
GTTGGTCATGCTATCC-1_V13B23-285_B1,7
GTTGTCGTGTTAGTTG-1_V13B23-285_B1,9
GTTGTTACATTGCGCT-1_V13B23-285_B1,2
GTTTACGTTCCATCTG-1_V13B23-285_B1,19
GTTTATGGGATTTAGA-1_V13B23-285_B1,13
GTTTCAAACGAGTTGT-1_V13B23-285_B1,11
GTTTCATATCGTCGCT-1_V13B23-285_B1,10
GTTTCCTGGAGGGTGA-1_V13B23-285_B1,5
GTTTCTGCAGTCTCCC-1_V13B23-285_B1,19
GTTTGACCAAATCCTA-1_V13B23-285_B1,4
GTTTGGCCCAAGTTAT-1_V13B23-285_B1,8
GTTTGGCCGCTCAGCG-1_V13B23-285_B1,12
GTTTGGGCTTGTGAGC-1_V13B23-285_B1,19
GTTTGGTAGGGTCAAC-1_V13B23-285_B1,17
TAAACCCAGGAGGGCA-1_V13B23-285_B1,10
TAAACGTCGTCAATGA-1_V13B23-285_B1,1
TAAAGACAACCCTTTA-1_V13B23-285_B1,11
TAAAGCGTTAGGAGAA-1_V13B23-285_B1,1
TAAAGCTGCAATAGGG-1_V13B23-285_B1,12
TAAATCTTTACACCTC-1_V13B23-285_B1,16
TAAATGAATCCGTTTC-1_V13B23-285_B1,12
TAAATGCCGTCTCATG-1_V13B23-285_B1,12
TAACAAAGGGAGAAGC-1_V13B23-285_B1,5
TAACAATATTTGTTGC-1_V13B23-285_B1,3
TAACATACAATGTGGG-1_V13B23-285_B1,19
TAACATACACGCGATC-1_V13B23-285_B1,2
TAACCTACCGTCCGAG-1_V13B23-285_B1,11
TAACCTAGGGAGTCCA-1_V13B23-285_B1,11
TAACGCTTTGAGAGCG-1_V13B23-285_B1,7
TAACTATCGAAGGTCC-1_V13B23-285_B1,16
TAACTATTACGCCAAA-1_V13B23-285_B1,18
TAACTCATCCGCGCGG-1_V13B23-285_B1,1
TAACTCCATGGAGGCT-1_V13B23-285_B1,5
TAAGCAGGCGACACGC-1_V13B23-285_B1,10
TAAGCCCTTACGACCA-1_V13B23-285_B1,3
TAAGGAACTTGTGGGA-1_V13B23-285_B1,2
TAAGGCAACATAAGAT-1_V13B23-285_B1,10
TAAGGCATAACATCAA-1_V13B23-285_B1,10
TAAGGCCCGTCACCCT-1_V13B23-285_B1,20
TAAGGCTGAATCCCTC-1_V13B23-285_B1,11
TAAGGGCCTGTCCGAT-1_V13B23-285_B1,11
TAAGGGCTGGGAGAGG-1_V13B23-285_B1,10
TAAGTAACATCTTGAC-1_V13B23-285_B1,7
TAAGTCGCCGAGTATC-1_V13B23-285_B1,17
TAAGTTGCGACGTAGG-1_V13B23-285_B1,11
TAATAAACAAGGAGAT-1_V13B23-285_B1,15
TAATACACAGTAGTAT-1_V13B23-285_B1,14
TAATAGAACAGAGTTA-1_V13B23-285_B1,17
TAATAGCTAAATGATG-1_V13B23-285_B1,3
TAATAGGTCACCAGAA-1_V13B23-285_B1,10
TAATAGTGACGACCAG-1_V13B23-285_B1,7
TAATATTGAAATTCGC-1_V13B23-285_B1,7
TAATCAACCAAATGGG-1_V13B23-285_B1,11
TAATCGATCCGTACGT-1_V13B23-285_B1,16
TAATGAAAGACCCTTG-1_V13B23-285_B1,10
TAATTACGTCAGTAGA-1_V13B23-285_B1,11
TAATTAGGACATCCGT-1_V13B23-285_B1,11
TAATTGGAATCGGGAA-1_V13B23-285_B1,3
TACAACGCACAACTCA-1_V13B23-285_B1,5
TACAAGTCTCGTGCAT-1_V13B23-285_B1,13
TACACCGTCGTTAGTC-1_V13B23-285_B1,21
TACAGAAACGGTGGGC-1_V13B23-285_B1,19
TACATAGGCATACACC-1_V13B23-285_B1,5
TACATCCCTATCCCTG-1_V13B23-285_B1,21
TACATGCCGGAATTGT-1_V13B23-285_B1,11
TACATTTCTAACGTGC-1_V13B23-285_B1,1
TACCAAATAGCCCAGA-1_V13B23-285_B1,21
TACCAATAAAGTACCA-1_V13B23-285_B1,19
TACCAGAAGTAGGTTC-1_V13B23-285_B1,10
TACCAGCTAGGTTTAA-1_V13B23-285_B1,9
TACCATGTATTGATTT-1_V13B23-285_B1,11
TACCGCGGACTTGCAG-1_V13B23-285_B1,11
TACCGGCTCACTGCCC-1_V13B23-285_B1,4
TACCGGTCGTTTCCAT-1_V13B23-285_B1,10
TACCGTAGGTTAACTA-1_V13B23-285_B1,1
TACCGTGCCTCGGACC-1_V13B23-285_B1,19
TACCTACTCCCAGTAT-1_V13B23-285_B1,1
TACCTCACGCTTGTAC-1_V13B23-285_B1,9
TACCTCAGTTGTCTGT-1_V13B23-285_B1,1
TACCTGCTGCACTGTG-1_V13B23-285_B1,16
TACCTTAAGATTTCCC-1_V13B23-285_B1,7
TACGAACACGACTTCA-1_V13B23-285_B1,5
TACGACGCTTGCTGCG-1_V13B23-285_B1,10
TACGACTGCCTCTTAG-1_V13B23-285_B1,5
TACGAGAACTTCACGT-1_V13B23-285_B1,5
TACGATGTTGATCATC-1_V13B23-285_B1,5
TACGCAGTTCTTTCCT-1_V13B23-285_B1,5
TACGCCATATTCTAAT-1_V13B23-285_B1,5
TACGCCGAGGGTACCC-1_V13B23-285_B1,1
TACGCCGCCTCAGAAG-1_V13B23-285_B1,11
TACGCCTCCATTCCGA-1_V13B23-285_B1,21
TACGCTATAGAAACCT-1_V13B23-285_B1,11
TACGCTCGGTATTGGA-1_V13B23-285_B1,11
TACGGGATGCTAGCAG-1_V13B23-285_B1,14
TACGTACTAGTGCTGA-1_V13B23-285_B1,10
TACGTGCAAGGTTCCT-1_V13B23-285_B1,1
TACGTGCACTATGCTG-1_V13B23-285_B1,5
TACGTTTACCGGCAAT-1_V13B23-285_B1,10
TACTATGGTTCCTCAG-1_V13B23-285_B1,10
TACTCGGCACGCCGGG-1_V13B23-285_B1,3
TACTCTCCGAACAAAT-1_V13B23-285_B1,14
TACTCTTACTTTACTG-1_V13B23-285_B1,11
TACTCTTTCGTCTTCA-1_V13B23-285_B1,10
TACTGAACAGATTTAG-1_V13B23-285_B1,10
TACTGAGGGAAGAAAG-1_V13B23-285_B1,10
TACTGCAATCAATTAC-1_V13B23-285_B1,2
TACTGGACAGCTCGGC-1_V13B23-285_B1,10
TACTGTTTCTCTGGTA-1_V13B23-285_B1,11
TACTTGTTAGTAGTCC-1_V13B23-285_B1,11
TACTTTACTGAGCCGG-1_V13B23-285_B1,16
TACTTTCCGCACGCCA-1_V13B23-285_B1,21
TAGAAAGGTGGCGCTA-1_V13B23-285_B1,5
TAGAATAGCCGATGAA-1_V13B23-285_B1,11
TAGAATTAAGGGCAAC-1_V13B23-285_B1,9
TAGACGCCCGTACCGG-1_V13B23-285_B1,17
TAGACTACCTAGCGTT-1_V13B23-285_B1,11
TAGAGATCATGCAACT-1_V13B23-285_B1,21
TAGAGCTACGAAGAAC-1_V13B23-285_B1,9
TAGAGGTTCTACTTGT-1_V13B23-285_B1,11
TAGAGTCTAAGCGAAC-1_V13B23-285_B1,19
TAGATATGGACTGGAA-1_V13B23-285_B1,10
TAGATCCGAAGTCGCA-1_V13B23-285_B1,9
TAGATGGTTCCTTACT-1_V13B23-285_B1,11
TAGATTCCTGGTTATT-1_V13B23-285_B1,10
TAGCAACCTGTCACAA-1_V13B23-285_B1,10
TAGCCATTTCAAAGTC-1_V13B23-285_B1,11
TAGCCGGCGGTCAGCG-1_V13B23-285_B1,11
TAGCGTCCCTCGATTG-1_V13B23-285_B1,11
TAGCGTCCGGTGTGGT-1_V13B23-285_B1,19
TAGCGTTGGGTCTTAC-1_V13B23-285_B1,19
TAGCTAAGTCCGGGAG-1_V13B23-285_B1,17
TAGCTAGAAGGCATGA-1_V13B23-285_B1,19
TAGCTAGTGATGATGG-1_V13B23-285_B1,10
TAGCTCGCCTGATAAC-1_V13B23-285_B1,7
TAGCTGATGTGAAGCG-1_V13B23-285_B1,18
TAGGCATGTTACGCCA-1_V13B23-285_B1,14
TAGGGAGCTTGGGATG-1_V13B23-285_B1,11
TAGGGTGTTTCAAGAG-1_V13B23-285_B1,5
TAGGTCCAAGTAAGGA-1_V13B23-285_B1,7
TAGGTCGCCGGAACTG-1_V13B23-285_B1,18
TAGGTGACGATAACCT-1_V13B23-285_B1,19
TAGGTGAGCCCTACTC-1_V13B23-285_B1,5
TAGGTGCTCGCCTAGC-1_V13B23-285_B1,11
TAGGTGTTCCACAGAT-1_V13B23-285_B1,17
TAGGTTCGAGTTCGTC-1_V13B23-285_B1,19
TAGTACCTTAGTGGTC-1_V13B23-285_B1,18
TAGTAGCTTATACCAG-1_V13B23-285_B1,10
TAGTCCGCAGAGAATG-1_V13B23-285_B1,5
TAGTCCGTATGCATAA-1_V13B23-285_B1,4
TAGTCGATCACGGGTT-1_V13B23-285_B1,11
TAGTCTAACAACGAGA-1_V13B23-285_B1,7
TAGTCTGTGACGTTGC-1_V13B23-285_B1,2
TAGTCTTTCCGAATTG-1_V13B23-285_B1,11
TAGTGCCCTCCAGAGT-1_V13B23-285_B1,5
TAGTGTCAGAAACGGC-1_V13B23-285_B1,5
TAGTTAAGATAGGATA-1_V13B23-285_B1,9
TAGTTTATTCTTGCTT-1_V13B23-285_B1,9
TATAAATCCACAAGCT-1_V13B23-285_B1,5
TATAAGTGAGGATAGC-1_V13B23-285_B1,5
TATACACAGACGCCTT-1_V13B23-285_B1,16
TATACACGCAAAGTAT-1_V13B23-285_B1,5
TATACCGAGTGCCACA-1_V13B23-285_B1,11
TATACGCGTCATCACT-1_V13B23-285_B1,7
TATACTCATGCGGCAA-1_V13B23-285_B1,5
TATAGATGGTCGCAGT-1_V13B23-285_B1,11
TATAGCGCACGTTATC-1_V13B23-285_B1,7
TATAGGGTACTCATGA-1_V13B23-285_B1,7
TATATATCGAGAAATG-1_V13B23-285_B1,17
TATATCCCTGGGAGGA-1_V13B23-285_B1,11
TATATGCTGGGTTGCC-1_V13B23-285_B1,18
TATATTACAAATGTCG-1_V13B23-285_B1,3
TATCACCATGTAAAGT-1_V13B23-285_B1,20
TATCACCCAACCGACC-1_V13B23-285_B1,12
TATCACTTCGAGTAAC-1_V13B23-285_B1,12
TATCCAATTGGTTATC-1_V13B23-285_B1,19
TATCCATATCATGCGA-1_V13B23-285_B1,7
TATCCATCTCGGTTAG-1_V13B23-285_B1,10
TATCCGCACCGTCGGG-1_V13B23-285_B1,21
TATCCTGCATGGGAAT-1_V13B23-285_B1,9
TATCGATCTATGCATA-1_V13B23-285_B1,14
TATCGATGATTAAACG-1_V13B23-285_B1,12
TATCTACAGAGGTAAT-1_V13B23-285_B1,7
TATCTACCACAGCGGG-1_V13B23-285_B1,5
TATCTAGCCTAAAGGA-1_V13B23-285_B1,17
TATCTTGCAATACAAC-1_V13B23-285_B1,7
TATGAAGACAGGTGCG-1_V13B23-285_B1,7
TATGATCCGGCACGCC-1_V13B23-285_B1,1
TATGATCTTCTCTTTA-1_V13B23-285_B1,19
TATGCTCCCTACTTAC-1_V13B23-285_B1,7
TATGGATGTGCTACGC-1_V13B23-285_B1,5
TATGGCCCGGCCTCGC-1_V13B23-285_B1,18
TATGGCTAGGCTAATT-1_V13B23-285_B1,3
TATGGGACCGAGCAGG-1_V13B23-285_B1,5
TATGGGTACGTATCGT-1_V13B23-285_B1,5
TATGGTCTGAGTAACA-1_V13B23-285_B1,5
TATGGTTAGTGGGAGA-1_V13B23-285_B1,11
TATGTAGAAACCCGGC-1_V13B23-285_B1,10
TATGTCAAGACCGACT-1_V13B23-285_B1,5
TATGTCTCATTGTGCC-1_V13B23-285_B1,17
TATTAACCTGACCGCG-1_V13B23-285_B1,10
TATTACCATCCTGCTT-1_V13B23-285_B1,11
TATTATGTTTGCCTGC-1_V13B23-285_B1,13
TATTCAATTCTAATCC-1_V13B23-285_B1,15
TATTCCACTCAGCTCG-1_V13B23-285_B1,7
TATTCCGAGCTGTTAT-1_V13B23-285_B1,19
TATTCCTCCGCCCACT-1_V13B23-285_B1,1
TATTCGTGCCAGAATA-1_V13B23-285_B1,19
TATTGACATTTCTGCC-1_V13B23-285_B1,11
TATTTAGTCTAGATCG-1_V13B23-285_B1,6
TATTTATACCGAGTAG-1_V13B23-285_B1,9
TATTTGATTTGCACAG-1_V13B23-285_B1,11
TATTTGTTACCCTTTA-1_V13B23-285_B1,5
TCAAACAACCGCGTCG-1_V13B23-285_B1,12
TCAAACTTAGATTGTT-1_V13B23-285_B1,5
TCAAATTTGAGACTCA-1_V13B23-285_B1,17
TCAACAAAGATAATTC-1_V13B23-285_B1,1
TCAACATAGCGCCCTA-1_V13B23-285_B1,10
TCAACATCGACCGAGA-1_V13B23-285_B1,3
TCAACCATGTTCGGGC-1_V13B23-285_B1,5
TCAACGAGGAGACAAA-1_V13B23-285_B1,5
TCAACGCAGGAAATAA-1_V13B23-285_B1,10
TCAACGCGACCGGCAG-1_V13B23-285_B1,10
TCAACTAACGTATAAC-1_V13B23-285_B1,7
TCAACTGCAGAGTCAG-1_V13B23-285_B1,11
TCAAGAAATACTAGCT-1_V13B23-285_B1,11
TCAAGCGCGGACGGTA-1_V13B23-285_B1,11
TCAAGCTGCCTTGAAA-1_V13B23-285_B1,21
TCAAGGTTACTACACC-1_V13B23-285_B1,11
TCACAAACCGAGGTAC-1_V13B23-285_B1,1
TCACAGATCCTCAAAC-1_V13B23-285_B1,14
TCACAGCAAACTCGAA-1_V13B23-285_B1,19
TCACAGGAGAATAAGA-1_V13B23-285_B1,10
TCACAGGGAATCGCAA-1_V13B23-285_B1,19
TCACAGGTTATTGGGC-1_V13B23-285_B1,5
TCACATCTTATCTGAT-1_V13B23-285_B1,16
TCACCCTCTTAAGATT-1_V13B23-285_B1,5
TCACCGCTCGGCACTC-1_V13B23-285_B1,1
TCACGATGTCCGTGGA-1_V13B23-285_B1,18
TCACGCATTGTAGATC-1_V13B23-285_B1,5
TCACGGTCATCGCACA-1_V13B23-285_B1,5
TCACGTGCCCGATTCA-1_V13B23-285_B1,5
TCACTACGACCAATGC-1_V13B23-285_B1,14
TCACTCGTGCAACGGC-1_V13B23-285_B1,1
TCACTCTTCGTCTGTC-1_V13B23-285_B1,18
TCAGAACCTCCACAGG-1_V13B23-285_B1,17
TCAGACGCTATAGAAG-1_V13B23-285_B1,19
TCAGAGTGTGAGCATG-1_V13B23-285_B1,11
TCAGCAAATGCATCTC-1_V13B23-285_B1,8
TCAGCAGTAGGCCCTG-1_V13B23-285_B1,10
TCAGGGCGCAAACTCG-1_V13B23-285_B1,16
TCAGGGTGTAACGTAA-1_V13B23-285_B1,7
TCAGGTTCTTTGAGAA-1_V13B23-285_B1,5
TCAGTACTGACCCGCG-1_V13B23-285_B1,17
TCAGTAGGGACTATAA-1_V13B23-285_B1,10
TCAGTGTATACGTCAT-1_V13B23-285_B1,1
TCATAAGTCCAAGAAG-1_V13B23-285_B1,11
TCATACTTACAGATCC-1_V13B23-285_B1,18
TCATCACTCGAGCTCG-1_V13B23-285_B1,5
TCATCCCAGAGGGTGG-1_V13B23-285_B1,9
TCATCGATGGTCCCAA-1_V13B23-285_B1,21
TCATGCAGGTTCTCAT-1_V13B23-285_B1,14
TCATTTAAGTCTCCGA-1_V13B23-285_B1,11
TCATTTAGAAGTGTGA-1_V13B23-285_B1,11
TCCAACTTTAAATTCT-1_V13B23-285_B1,10
TCCACAATGGTTTACG-1_V13B23-285_B1,5
TCCACCTCTAGCCTTT-1_V13B23-285_B1,17
TCCACTTTATCTAGGT-1_V13B23-285_B1,19
TCCAGAGCACCGGTTC-1_V13B23-285_B1,19
TCCAGATGTACGCCAA-1_V13B23-285_B1,16
TCCAGCGCTATAAGCG-1_V13B23-285_B1,11
TCCAGGCGAGTACGGT-1_V13B23-285_B1,5
TCCAGGGTATATACGA-1_V13B23-285_B1,7
TCCATTCCCACTAGAG-1_V13B23-285_B1,3
TCCATTGTGACCTCGT-1_V13B23-285_B1,9
TCCCAAACAGACAACG-1_V13B23-285_B1,3
TCCCAAAGACGAAGGA-1_V13B23-285_B1,7
TCCCAAAGCCCTAAAT-1_V13B23-285_B1,11
TCCCACTCTCTTCCGG-1_V13B23-285_B1,1
TCCCAGCACACGACAT-1_V13B23-285_B1,11
TCCCAGCTTTAGTCTG-1_V13B23-285_B1,5
TCCCAGGCTTAGCTAA-1_V13B23-285_B1,21
TCCCGCCTATGTGCGT-1_V13B23-285_B1,3
TCCCGCGTACTCCTGG-1_V13B23-285_B1,17
TCCCGGGTGTGCTGCT-1_V13B23-285_B1,10
TCCCGTCAGTCCCGCA-1_V13B23-285_B1,14
TCCCGTCGCGTCATAG-1_V13B23-285_B1,13
TCCCGTGTGCAATTTG-1_V13B23-285_B1,19
TCCCTAGATCAATAGG-1_V13B23-285_B1,3
TCCCTGGCGTATTAAC-1_V13B23-285_B1,13
TCCCTGGCTCGCTGGA-1_V13B23-285_B1,10
TCCCTTAGATTACTCG-1_V13B23-285_B1,4
TCCGAACGTTGCCGCT-1_V13B23-285_B1,11
TCCGAACTTGGCTTAC-1_V13B23-285_B1,10
TCCGAAGTAGTCACCA-1_V13B23-285_B1,3
TCCGAATGGTCCTGAG-1_V13B23-285_B1,1
TCCGATAATTGCCATA-1_V13B23-285_B1,14
TCCGATGACTGAGCTC-1_V13B23-285_B1,14
TCCGATGGTGCGACAT-1_V13B23-285_B1,5
TCCGATTACATTGCCG-1_V13B23-285_B1,5
TCCGCCTGTCTACAAG-1_V13B23-285_B1,19
TCCGCGGCAGCATCTG-1_V13B23-285_B1,2
TCCGCGGCCCAATGAA-1_V13B23-285_B1,11
TCCGCTGTCATCCCGG-1_V13B23-285_B1,19
TCCGCTTATCCCATTA-1_V13B23-285_B1,19
TCCGGAGGAAGGGCTG-1_V13B23-285_B1,3
TCCGGCCTAGCGTACA-1_V13B23-285_B1,21
TCCGGCTGTCGGGTCG-1_V13B23-285_B1,11
TCCGGTTCGTCCGGTC-1_V13B23-285_B1,19
TCCGTAACCACAATCC-1_V13B23-285_B1,7
TCCGTTAAGCTAATAT-1_V13B23-285_B1,11
TCCGTTTAGCCTTGAA-1_V13B23-285_B1,1
TCCTAAATTGGGAAGC-1_V13B23-285_B1,12
TCCTAACCGTCGGGCA-1_V13B23-285_B1,19
TCCTACATCCACGGCC-1_V13B23-285_B1,11
TCCTAGCAAAGAAGCT-1_V13B23-285_B1,10
TCCTATCATAGGTAAC-1_V13B23-285_B1,11
TCCTCCTAAGACATTC-1_V13B23-285_B1,7
TCCTCGGGCTGGGCTT-1_V13B23-285_B1,19
TCCTCTACGAGATGGC-1_V13B23-285_B1,7
TCCTCTCCAGTTGTCC-1_V13B23-285_B1,7
TCCTCTGGCCCATTAG-1_V13B23-285_B1,9
TCCTGCCAACTGGAGA-1_V13B23-285_B1,14
TCCTGCGTTGATACTC-1_V13B23-285_B1,10
TCCTGGCGCTGCCTGG-1_V13B23-285_B1,12
TCCTTACGACGGTCCG-1_V13B23-285_B1,11
TCCTTCAGTGGTCGAA-1_V13B23-285_B1,6
TCCTTTAAATCCGCTT-1_V13B23-285_B1,11
TCCTTTCTTACGCTTA-1_V13B23-285_B1,5
TCGAAATTTAGGACCA-1_V13B23-285_B1,5
TCGAAGAACCGAGCAC-1_V13B23-285_B1,11
TCGAATATCCCGCAGG-1_V13B23-285_B1,10
TCGACAACTGAACCCG-1_V13B23-285_B1,16
TCGAGACCAACACCGT-1_V13B23-285_B1,5
TCGAGCCAGGCAGGCC-1_V13B23-285_B1,13
TCGAGGGCAACAGACG-1_V13B23-285_B1,11
TCGCAAAGATGCATTT-1_V13B23-285_B1,19
TCGCACCAGGAGGCAG-1_V13B23-285_B1,19
TCGCATCCCTAAGTGT-1_V13B23-285_B1,5
TCGCCGAAGTTGCGTC-1_V13B23-285_B1,10
TCGCCGGTCGATCCGT-1_V13B23-285_B1,14
TCGCGTAGCAGTGTCC-1_V13B23-285_B1,11
TCGCGTCCAGAAGGTC-1_V13B23-285_B1,16
TCGCTAAACCGCTATC-1_V13B23-285_B1,14
TCGCTCGATATATTCC-1_V13B23-285_B1,5
TCGCTCGGCACCAGCG-1_V13B23-285_B1,13
TCGCTGGGCGGATTGT-1_V13B23-285_B1,16
TCGCTGTGCGTAAATC-1_V13B23-285_B1,5
TCGCTTAATTACGAAG-1_V13B23-285_B1,2
TCGCTTTAAACGTTTG-1_V13B23-285_B1,17
TCGGAATGCGCTCTGA-1_V13B23-285_B1,21
TCGGACGCCCAGCCCA-1_V13B23-285_B1,10
TCGGAGAGTATCGGGA-1_V13B23-285_B1,21
TCGGAGTACATGAGTA-1_V13B23-285_B1,8
TCGGCGAACCCAAACC-1_V13B23-285_B1,11
TCGGCGTACTGCACAA-1_V13B23-285_B1,17
TCGGCTTGTATCGACG-1_V13B23-285_B1,11
TCGGGAACGTGCCTAG-1_V13B23-285_B1,13
TCGGGAGACAGCGTAC-1_V13B23-285_B1,10
TCGGGATTCAAACATA-1_V13B23-285_B1,10
TCGGGCCGTCGTGGTA-1_V13B23-285_B1,11
TCGGTCCCGACAATAG-1_V13B23-285_B1,13
TCGGTCCCTGACTCCA-1_V13B23-285_B1,9
TCGGTGACCGCTCCGG-1_V13B23-285_B1,3
TCGTAAGACGACATTG-1_V13B23-285_B1,3
TCGTAAGCTCCGAGGA-1_V13B23-285_B1,3
TCGTATAGTGCAATTA-1_V13B23-285_B1,9
TCGTATTACCCATTGC-1_V13B23-285_B1,1
TCGTCAAGTACGCGCA-1_V13B23-285_B1,10
TCGTCACACTGTTAGC-1_V13B23-285_B1,7
TCGTCCGCTGGCGTCT-1_V13B23-285_B1,5
TCGTCTTAGGCGTTAA-1_V13B23-285_B1,19
TCGTGTACTATGGATG-1_V13B23-285_B1,19
TCGTGTATTGGTCACG-1_V13B23-285_B1,11
TCGTGTCACGCTGACA-1_V13B23-285_B1,3
TCGTGTTCGACCACAA-1_V13B23-285_B1,11
TCGTTAGGAGTCCCTA-1_V13B23-285_B1,5
TCGTTGCTATCCGGTC-1_V13B23-285_B1,19
TCTAATACTGCCTCAG-1_V13B23-285_B1,18
TCTACCCAATAGAGAG-1_V13B23-285_B1,11
TCTACCGTCCACAAGC-1_V13B23-285_B1,10
TCTACGGGCTCAGTTG-1_V13B23-285_B1,13
TCTAGCAATCTCCGCC-1_V13B23-285_B1,17
TCTAGCATCTTCGATG-1_V13B23-285_B1,5
TCTAGCATGCCCAGAA-1_V13B23-285_B1,19
TCTAGGTGGCGACGCT-1_V13B23-285_B1,21
TCTAGTGATATCGTGG-1_V13B23-285_B1,11
TCTAGTTATCAGAAGA-1_V13B23-285_B1,5
TCTATCATGCAGTTAC-1_V13B23-285_B1,5
TCTATCGGTCGCAACA-1_V13B23-285_B1,12
TCTATTACGCTGGCGA-1_V13B23-285_B1,5
TCTATTACTAGAGGAT-1_V13B23-285_B1,16
TCTCATGAGATAGGGT-1_V13B23-285_B1,11
TCTCCAACGTAGGTTA-1_V13B23-285_B1,6
TCTCCACAAGTTGAAT-1_V13B23-285_B1,17
TCTCCCTGGGCAGCGT-1_V13B23-285_B1,19
TCTCGAACGAGGTCAC-1_V13B23-285_B1,3
TCTCGACGTATCGCCG-1_V13B23-285_B1,11
TCTCGAGGAGGTTCGC-1_V13B23-285_B1,11
TCTCGGCTCCAGGACT-1_V13B23-285_B1,4
TCTCTAATAGCTGGTA-1_V13B23-285_B1,5
TCTCTCGCCGCACATA-1_V13B23-285_B1,11
TCTGAACCGGTCGGCT-1_V13B23-285_B1,5
TCTGAACTCGTACCCG-1_V13B23-285_B1,11
TCTGAAGCACGTGGTC-1_V13B23-285_B1,19
TCTGAATTCCGTACAA-1_V13B23-285_B1,11
TCTGACGGGCTAACCC-1_V13B23-285_B1,7
TCTGAGCAATTGACTG-1_V13B23-285_B1,11
TCTGATCGGGTGCTAG-1_V13B23-285_B1,17
TCTGATGTATTCTGTC-1_V13B23-285_B1,19
TCTGATTGGAAATGGA-1_V13B23-285_B1,11
TCTGCACCATTAGTAA-1_V13B23-285_B1,3
TCTGCATACCTTGCTT-1_V13B23-285_B1,11
TCTGCCAGAAACTGCA-1_V13B23-285_B1,19
TCTGCGAATCGTTCGC-1_V13B23-285_B1,3
TCTGCGTCCGGTTTCT-1_V13B23-285_B1,5
TCTGCTTAGAACAAGC-1_V13B23-285_B1,11
TCTGGAGCGTAAGAGT-1_V13B23-285_B1,17
TCTGGCCGTTCAAGTT-1_V13B23-285_B1,11
TCTGGGAACCTTTGAA-1_V13B23-285_B1,11
TCTGGGTAGCGCTCAT-1_V13B23-285_B1,1
TCTGTGCCATCATAGT-1_V13B23-285_B1,5
TCTGTTACCCAGCATA-1_V13B23-285_B1,16
TCTTACAGAGGTACCG-1_V13B23-285_B1,14
TCTTACCGGAACTCGT-1_V13B23-285_B1,5
TCTTACGGCATCCGAC-1_V13B23-285_B1,5
TCTTACTTATGCCTCT-1_V13B23-285_B1,11
TCTTAGAGCTCCAATT-1_V13B23-285_B1,11
TCTTAGAGTGAACTCT-1_V13B23-285_B1,11
TCTTCCCATGGGCACA-1_V13B23-285_B1,3
TCTTCGAATAGACGTT-1_V13B23-285_B1,19
TCTTCGATACCAATAA-1_V13B23-285_B1,5
TCTTCGCGGTGAGAGG-1_V13B23-285_B1,11
TCTTCTATAACCCGCC-1_V13B23-285_B1,11
TCTTGATGCGTAGCGA-1_V13B23-285_B1,19
TCTTGGTAACACCAAA-1_V13B23-285_B1,8
TCTTTAAGACTATGAA-1_V13B23-285_B1,11
TCTTTAGAGTCTAACA-1_V13B23-285_B1,11
TCTTTAGCAGGCGAAC-1_V13B23-285_B1,11
TCTTTCCTTCGAGATA-1_V13B23-285_B1,11
TGAAACTTATGCAAGC-1_V13B23-285_B1,9
TGAAAGGACCTGACTC-1_V13B23-285_B1,19
TGAATATGCTATAAAC-1_V13B23-285_B1,12
TGAATGAGATACAGCA-1_V13B23-285_B1,3
TGAATGTCAGCCGGCC-1_V13B23-285_B1,11
TGACAACGCATGTCGC-1_V13B23-285_B1,8
TGACACTTCTCTTTGC-1_V13B23-285_B1,12
TGACATCGAGCGGACC-1_V13B23-285_B1,11
TGACCCACGTTAGACA-1_V13B23-285_B1,5
TGACGAATATTTCCCT-1_V13B23-285_B1,3
TGACGATGCACTAGAA-1_V13B23-285_B1,11
TGACTATAATCCTTTC-1_V13B23-285_B1,19
TGAGAATGCTTTACCG-1_V13B23-285_B1,19
TGAGAGATTTACCACG-1_V13B23-285_B1,11
TGAGATTAGGCCCTAA-1_V13B23-285_B1,3
TGAGCCATACAGTCTC-1_V13B23-285_B1,10
TGAGCGGAAAGTGTTC-1_V13B23-285_B1,1
TGAGCTCAACTGTATA-1_V13B23-285_B1,11
TGAGCTTTAATGACGC-1_V13B23-285_B1,14
TGAGGAGTGCCAGCTT-1_V13B23-285_B1,7
TGAGTAAATTAGCGTA-1_V13B23-285_B1,5
TGAGTGCCTCTTAAAT-1_V13B23-285_B1,10
TGAGTGGTCCGTGACG-1_V13B23-285_B1,7
TGAGTTAAAGACATTC-1_V13B23-285_B1,11
TGATACATTTAGCCGT-1_V13B23-285_B1,7
TGATAGCGGGATTCTA-1_V13B23-285_B1,10
TGATCAGGGAACTGCT-1_V13B23-285_B1,3
TGATCCCAGCATTAGT-1_V13B23-285_B1,3
TGATCGGTTTGACCCT-1_V13B23-285_B1,7
TGATCTACGCTGATCT-1_V13B23-285_B1,3
TGATCTCCGGCGCCAG-1_V13B23-285_B1,5
TGATGGCTGTTTCTGA-1_V13B23-285_B1,13
TGATGTCAATTAAGTG-1_V13B23-285_B1,11
TGATTATGGCACGCAG-1_V13B23-285_B1,20
TGATTCGTCTATCACT-1_V13B23-285_B1,5
TGATTCTGTCGCCGGT-1_V13B23-285_B1,10
TGATTTATTAGCTGTG-1_V13B23-285_B1,10
TGATTTCCTCCTGACG-1_V13B23-285_B1,5
TGCAACCCATCTGCGG-1_V13B23-285_B1,16
TGCAAGAATGACGTAA-1_V13B23-285_B1,5
TGCAATCTAACACGGT-1_V13B23-285_B1,19
TGCAATTTGGGCACGG-1_V13B23-285_B1,3
TGCACAGTGAAGTTAT-1_V13B23-285_B1,3
TGCACTATGTGAGTGC-1_V13B23-285_B1,17
TGCAGAACTATATCGT-1_V13B23-285_B1,3
TGCAGAGTACCGAGCA-1_V13B23-285_B1,10
TGCAGATCGTCCTAGG-1_V13B23-285_B1,3
TGCAGCTACGTACTTC-1_V13B23-285_B1,3
TGCAGGATCGGCAAAG-1_V13B23-285_B1,19
TGCAGTGAGGCTCGGG-1_V13B23-285_B1,3
TGCAGTTTCCTCCCAT-1_V13B23-285_B1,11
TGCATATGTCTGTCAC-1_V13B23-285_B1,19
TGCATGGATCGGATCT-1_V13B23-285_B1,14
TGCATGTGGTAATCTA-1_V13B23-285_B1,17
TGCCAAAGTCAGACTT-1_V13B23-285_B1,3
TGCCAATGGGTACTCT-1_V13B23-285_B1,10
TGCCACCTGGCGAAAC-1_V13B23-285_B1,14
TGCCAGTACGTGGAGA-1_V13B23-285_B1,19
TGCCATTACTAAAGAA-1_V13B23-285_B1,14
TGCCCGTACCGTTAAA-1_V13B23-285_B1,19
TGCCGAAAGCGTATTC-1_V13B23-285_B1,13
TGCCGTGGATCGTCCT-1_V13B23-285_B1,18
TGCCTAAATTTAATAG-1_V13B23-285_B1,18
TGCCTAATTGAAGATT-1_V13B23-285_B1,11
TGCCTGACATCGGTCA-1_V13B23-285_B1,5
TGCCTGATCAAACGAT-1_V13B23-285_B1,14
TGCCTTGGCCAGGCAA-1_V13B23-285_B1,19
TGCGAATATGGGATTT-1_V13B23-285_B1,10
TGCGACACCCTAGTGC-1_V13B23-285_B1,1
TGCGACGGCCGAACGT-1_V13B23-285_B1,13
TGCGAGAATATTACCC-1_V13B23-285_B1,10
TGCGAGATGGCGGCCA-1_V13B23-285_B1,2
TGCGAGCCCTTCCGCG-1_V13B23-285_B1,3
TGCGATGCTAATGGCT-1_V13B23-285_B1,17
TGCGCAAAGCATTTGG-1_V13B23-285_B1,5
TGCGCCGTTAATAACG-1_V13B23-285_B1,8
TGCGCGATTAACGGAG-1_V13B23-285_B1,5
TGCGGAGTAAAGGTGC-1_V13B23-285_B1,14
TGCGGCATAGTTCAAC-1_V13B23-285_B1,9
TGCGGTGAAATTTCAT-1_V13B23-285_B1,9
TGCGTAAGAACCTGAT-1_V13B23-285_B1,10
TGCGTCATGACTGAGC-1_V13B23-285_B1,10
TGCGTGATTGGGTGTC-1_V13B23-285_B1,9
TGCGTTTGTTGACACT-1_V13B23-285_B1,19
TGCTAAGTGTCTATTT-1_V13B23-285_B1,11
TGCTCCACAGTTCTTA-1_V13B23-285_B1,11
TGCTCGGCGAAACCCA-1_V13B23-285_B1,13
TGCTCTGCCGGTTCAC-1_V13B23-285_B1,1
TGCTGGTTGGACAATT-1_V13B23-285_B1,5
TGCTGTTGAAGAACTC-1_V13B23-285_B1,5
TGCTTCCCAAGCAGTA-1_V13B23-285_B1,12
TGGAACCACTGACACA-1_V13B23-285_B1,2
TGGAAGAAGGGAACGT-1_V13B23-285_B1,10
TGGAAGACGAACACCA-1_V13B23-285_B1,9
TGGAAGGATAAAGATG-1_V13B23-285_B1,14
TGGAATATCCTTGACC-1_V13B23-285_B1,3
TGGAATTAGACGCTTT-1_V13B23-285_B1,17
TGGACACCGTTGCTTG-1_V13B23-285_B1,17
TGGACCAATCTAAGAT-1_V13B23-285_B1,19
TGGACGCAATCCAGCC-1_V13B23-285_B1,13
TGGACTGTTCGCTCAA-1_V13B23-285_B1,19
TGGAGGGAAACACCTC-1_V13B23-285_B1,3
TGGAGTGATGCGATGA-1_V13B23-285_B1,5
TGGCAAACTAAATTAC-1_V13B23-285_B1,19
TGGCAACTCGCGCGCC-1_V13B23-285_B1,12
TGGCAATGGGACGGCG-1_V13B23-285_B1,11
TGGCAGATTACGATCA-1_V13B23-285_B1,5
TGGCAGCAGTAATAGT-1_V13B23-285_B1,5
TGGCATGAAGTTTGGG-1_V13B23-285_B1,1
TGGCCAAACTGAAGTA-1_V13B23-285_B1,1
TGGCCAATTTGGTACT-1_V13B23-285_B1,17
TGGCCGTATATTGACC-1_V13B23-285_B1,5
TGGCGACTGCTCCAAA-1_V13B23-285_B1,10
TGGCGATCAAGTTATG-1_V13B23-285_B1,4
TGGCTATGTGACATAC-1_V13B23-285_B1,19
TGGCTTGTACAAGCTT-1_V13B23-285_B1,1
TGGCTTTGGGTAGACA-1_V13B23-285_B1,5
TGGGAAATGCCTTTCC-1_V13B23-285_B1,10
TGGGATGCACTCATTC-1_V13B23-285_B1,3
TGGGCAATAGTTGGGT-1_V13B23-285_B1,11
TGGGCACGTTCTATGG-1_V13B23-285_B1,6
TGGGCAGGCCACCGCA-1_V13B23-285_B1,11
TGGGCCCATACTAATT-1_V13B23-285_B1,8
TGGGCCTTGCCTGCAT-1_V13B23-285_B1,16
TGGGTAAGGTTCCCGC-1_V13B23-285_B1,6
TGGGTGGGATGTCATT-1_V13B23-285_B1,2
TGGTAGAATATATGGG-1_V13B23-285_B1,11
TGGTCCCACGCTACGG-1_V13B23-285_B1,19
TGGTCGTGCAAGGCAA-1_V13B23-285_B1,18
TGGTCTGTTGGGCGTA-1_V13B23-285_B1,10
TGGTGATCGTATTTGT-1_V13B23-285_B1,18
TGGTTAACTTACATTT-1_V13B23-285_B1,13
TGGTTAAGGGCGCTGG-1_V13B23-285_B1,3
TGGTTCAACGGGTAAT-1_V13B23-285_B1,19
TGGTTCGTAGCAAAGG-1_V13B23-285_B1,5
TGGTTGGAGGATCCTG-1_V13B23-285_B1,20
TGGTTTAAACGTGGGT-1_V13B23-285_B1,21
TGTAATGACCACAATA-1_V13B23-285_B1,3
TGTACCTACACGAGGG-1_V13B23-285_B1,11
TGTACGAACAAATCCG-1_V13B23-285_B1,12
TGTACTACTCTCACGG-1_V13B23-285_B1,3
TGTAGCCATCCCATTC-1_V13B23-285_B1,11
TGTAGGAGAAATTTCC-1_V13B23-285_B1,19
TGTAGTGATCTATAAT-1_V13B23-285_B1,10
TGTATAACAGATCCTG-1_V13B23-285_B1,17
TGTATACGGATGATGA-1_V13B23-285_B1,3
TGTATCAGACTGAAGC-1_V13B23-285_B1,2
TGTATGGCGCAGACAG-1_V13B23-285_B1,11
TGTATTTACCTAATGC-1_V13B23-285_B1,3
TGTCATTTGTTGGGAA-1_V13B23-285_B1,3
TGTCCGTGGCGCCTTT-1_V13B23-285_B1,10
TGTCCTAAGTCACCGC-1_V13B23-285_B1,10
TGTCGTTATCACATAT-1_V13B23-285_B1,7
TGTGACTACGCCAGTC-1_V13B23-285_B1,14
TGTGAGACTAGCCCAA-1_V13B23-285_B1,1
TGTGCCGGTGCCGGAA-1_V13B23-285_B1,11
TGTGCTTTACGTAAGA-1_V13B23-285_B1,3
TGTGGACTATCTACGT-1_V13B23-285_B1,11
TGTGGCAAAGCGTATG-1_V13B23-285_B1,18
TGTGGCTCCCACCAAC-1_V13B23-285_B1,6
TGTGGTAGGGTGCCTT-1_V13B23-285_B1,11
TGTGTAGTAGCACGTG-1_V13B23-285_B1,11
TGTGTCGCGAGTTGCA-1_V13B23-285_B1,16
TGTGTTCGTATCCAAG-1_V13B23-285_B1,7
TGTTATTGTATGTGGC-1_V13B23-285_B1,11
TGTTCATAAATGTGCT-1_V13B23-285_B1,1
TGTTCCGCTTCCATGA-1_V13B23-285_B1,5
TGTTCGTATTGCGGTG-1_V13B23-285_B1,5
TGTTCTCTACTCCCTA-1_V13B23-285_B1,2
TGTTCTTCCATTGACT-1_V13B23-285_B1,5
TGTTGCCGTCGTCCCA-1_V13B23-285_B1,11
TGTTGTCAAGAAGTCT-1_V13B23-285_B1,14
TGTTTAATACTTCATC-1_V13B23-285_B1,9
TGTTTCGGTACTTCTC-1_V13B23-285_B1,20
TGTTTGAGATCGTCAG-1_V13B23-285_B1,11
TTAAACCTGGTTCCTT-1_V13B23-285_B1,1
TTAAACTCGAATTCAT-1_V13B23-285_B1,12
TTAACACCTCGAACAT-1_V13B23-285_B1,7
TTAACCAACCCTCCCT-1_V13B23-285_B1,19
TTAACGAACAAGCAGT-1_V13B23-285_B1,3
TTAACTCACGCGTGGA-1_V13B23-285_B1,18
TTAACTTCAGGTAGGA-1_V13B23-285_B1,13
TTAAGATAGGATTGAC-1_V13B23-285_B1,11
TTAAGCCGACAACTTC-1_V13B23-285_B1,6
TTAAGCGCCTGACCCA-1_V13B23-285_B1,5
TTAAGGCCCGTACTTT-1_V13B23-285_B1,17
TTAATCAGTACGTCAG-1_V13B23-285_B1,14
TTAATGTAGACCAGGT-1_V13B23-285_B1,19
TTAATTGCTTTGGGTG-1_V13B23-285_B1,19
TTAATTTCAGACGCGG-1_V13B23-285_B1,14
TTACAACTACGCATCC-1_V13B23-285_B1,5
TTACACGATCTGCGAC-1_V13B23-285_B1,11
TTACAGACCTAAATGA-1_V13B23-285_B1,17
TTACATCGTGGCCTGG-1_V13B23-285_B1,5
TTACATGCCACAACTA-1_V13B23-285_B1,11
TTACCATTGATTACCC-1_V13B23-285_B1,10
TTACCCATTGCCGGGT-1_V13B23-285_B1,14
TTACCCTAACAGTCCT-1_V13B23-285_B1,18
TTACCCTAGGGATTGG-1_V13B23-285_B1,1
TTACCGCCTTAGGGAA-1_V13B23-285_B1,9
TTACGGATGGTTCGAG-1_V13B23-285_B1,11
TTACTAAAGGACTTTA-1_V13B23-285_B1,19
TTACTATCGGCTTCTC-1_V13B23-285_B1,7
TTACTCCGGCCGGGAA-1_V13B23-285_B1,2
TTACTCTGGTACGTAC-1_V13B23-285_B1,13
TTACTGGGATATTTCA-1_V13B23-285_B1,10
TTACTGTCTAGAGCTC-1_V13B23-285_B1,3
TTAGAAGAACATGACT-1_V13B23-285_B1,19
TTAGAATAAGGGTCGG-1_V13B23-285_B1,16
TTAGACACGATCGTTG-1_V13B23-285_B1,14
TTAGACGAGTCACCTC-1_V13B23-285_B1,19
TTAGAGTTTAGAAGGA-1_V13B23-285_B1,11
TTAGATAGGTCGATAC-1_V13B23-285_B1,12
TTAGCAACATGGATGT-1_V13B23-285_B1,5
TTAGCTAATACGATCT-1_V13B23-285_B1,21
TTAGCTCTGTAATCCG-1_V13B23-285_B1,10
TTAGCTGATTTGCCGT-1_V13B23-285_B1,11
TTAGGATGGGAGGGTA-1_V13B23-285_B1,11
TTAGGTCATAACCGAC-1_V13B23-285_B1,4
TTAGTAAACCTGCTCT-1_V13B23-285_B1,4
TTAGTAGGGCGGCGGG-1_V13B23-285_B1,10
TTAGTTATTCGTGGCA-1_V13B23-285_B1,11
TTAGTTCAAGTGTTCG-1_V13B23-285_B1,3
TTATAGGTAATTGTCT-1_V13B23-285_B1,21
TTATATACGCTGTCAC-1_V13B23-285_B1,19
TTATATTTGGCAATCC-1_V13B23-285_B1,10
TTATCCAATCGAACTC-1_V13B23-285_B1,4
TTATCCGGGATCTATA-1_V13B23-285_B1,11
TTATCCTCAAGGAATA-1_V13B23-285_B1,10
TTATCGCCTGCGAAGC-1_V13B23-285_B1,17
TTATCTGTATCATAAC-1_V13B23-285_B1,5
TTATGAATGAAAGGGA-1_V13B23-285_B1,12
TTATGACAAACTGGAT-1_V13B23-285_B1,7
TTATGATCTTAACGAA-1_V13B23-285_B1,19
TTATGTTTGCGATAGA-1_V13B23-285_B1,18
TTATTAGAGCGTGTTC-1_V13B23-285_B1,19
TTATTAGGGAAGCATC-1_V13B23-285_B1,15
TTATTATCTGGAAGGC-1_V13B23-285_B1,11
TTCAAAGTCTCTAGCC-1_V13B23-285_B1,19
TTCAACGACCCGACCG-1_V13B23-285_B1,5
TTCAAGCCGAGCTGAG-1_V13B23-285_B1,6
TTCAATACTCTGAATC-1_V13B23-285_B1,11
TTCACGAAAGGATCAC-1_V13B23-285_B1,5
TTCACTCGAGCACCTA-1_V13B23-285_B1,19
TTCAGCCCTGGTCCAC-1_V13B23-285_B1,11
TTCAGCTGGCGTGCCC-1_V13B23-285_B1,11
TTCAGGCGTCAAAGCC-1_V13B23-285_B1,7
TTCAGTTTGTGGCAGC-1_V13B23-285_B1,1
TTCATGGCGCAACAGG-1_V13B23-285_B1,14
TTCCAATCAGAGCTAG-1_V13B23-285_B1,10
TTCCAATCTGGCTATC-1_V13B23-285_B1,10
TTCCACACAGATTTGA-1_V13B23-285_B1,10
TTCCAGACGAGATTTA-1_V13B23-285_B1,11
TTCCATCATGCGGTGA-1_V13B23-285_B1,20
TTCCATCGACAGCGTG-1_V13B23-285_B1,11
TTCCCGGCGCCAATAG-1_V13B23-285_B1,1
TTCCGCAGAGAAATAT-1_V13B23-285_B1,5
TTCCGCGTGAGGCGAT-1_V13B23-285_B1,7
TTCCGGCCTTGAGGCT-1_V13B23-285_B1,10
TTCCGGCTCGACTTCT-1_V13B23-285_B1,3
TTCCGGTATCTGTGTC-1_V13B23-285_B1,11
TTCCGGTTACCCACTT-1_V13B23-285_B1,11
TTCCTCGAGGGTGTCT-1_V13B23-285_B1,5
TTCCTCGGACTAACCA-1_V13B23-285_B1,11
TTCCTCTGCCCGAATA-1_V13B23-285_B1,1
TTCCTTTCTGTGTTGC-1_V13B23-285_B1,14
TTCGACAGAGCCCGTG-1_V13B23-285_B1,19
TTCGACGGGAAGGGCG-1_V13B23-285_B1,5
TTCGCACTCGCGTGCT-1_V13B23-285_B1,5
TTCGCACTGTACGACA-1_V13B23-285_B1,16
TTCGCATCCGGAAGCA-1_V13B23-285_B1,9
TTCGCGCGCCATACGA-1_V13B23-285_B1,10
TTCGCTAGGAAGTTGT-1_V13B23-285_B1,11
TTCGCTATCTGACGTG-1_V13B23-285_B1,5
TTCGGCAACCCGCTGA-1_V13B23-285_B1,14
TTCGGCTAGAGATGGT-1_V13B23-285_B1,5
TTCGGGACTAATCGCG-1_V13B23-285_B1,19
TTCGGGCGCTAGTCTT-1_V13B23-285_B1,1
TTCGGGTTGCCACGGG-1_V13B23-285_B1,11
TTCGGTGGAGACGCCC-1_V13B23-285_B1,11
TTCGTAATCCCAGCGG-1_V13B23-285_B1,9
TTCGTACTCCAGAACG-1_V13B23-285_B1,10
TTCGTTCAACGAAGTT-1_V13B23-285_B1,7
TTCTAACCGAAGCTTA-1_V13B23-285_B1,11
TTCTACTTGCGAGGGC-1_V13B23-285_B1,17
TTCTAGAAAGTCTTAT-1_V13B23-285_B1,1
TTCTAGGCCAATTGTG-1_V13B23-285_B1,5
TTCTATGCCTTTCGCA-1_V13B23-285_B1,21
TTCTGACCGGGCTCAA-1_V13B23-285_B1,19
TTCTGCCGCGCCTAGA-1_V13B23-285_B1,19
TTCTGCGAGCGCCCTT-1_V13B23-285_B1,7
TTCTGCGGGTTAGCGG-1_V13B23-285_B1,19
TTCTGCTAGACTCCAA-1_V13B23-285_B1,3
TTCTGTTTCCTGTCGC-1_V13B23-285_B1,13
TTCTTAGTGAACGGTG-1_V13B23-285_B1,5
TTCTTAGTGGCTCAGA-1_V13B23-285_B1,15
TTCTTATCCGCTGGGT-1_V13B23-285_B1,11
TTCTTGAGCCGCGCTA-1_V13B23-285_B1,1
TTCTTGCTAGCATCTC-1_V13B23-285_B1,11
TTCTTGGACGATCTGC-1_V13B23-285_B1,13
TTCTTGGAGTAATGAG-1_V13B23-285_B1,14
TTCTTGTAACCTAATG-1_V13B23-285_B1,5
TTCTTGTGTCCATCAG-1_V13B23-285_B1,1
TTCTTTGGTCGCGACG-1_V13B23-285_B1,19
TTGAAAGGTGTAAAGG-1_V13B23-285_B1,7
TTGAACGAATCCTTTG-1_V13B23-285_B1,5
TTGAACGACGTGCTGA-1_V13B23-285_B1,10
TTGAAGAATTCCCAGG-1_V13B23-285_B1,5
TTGAATATGGACTTTC-1_V13B23-285_B1,15
TTGAATTCACGTGAGG-1_V13B23-285_B1,8
TTGACAGGAGCTCCCG-1_V13B23-285_B1,11
TTGACATGAACGTGGA-1_V13B23-285_B1,7
TTGACCATGTTCTCCG-1_V13B23-285_B1,14
TTGACCGTGTTAATGA-1_V13B23-285_B1,16
TTGACGCTCCATGAGC-1_V13B23-285_B1,11
TTGACTACCATATGGT-1_V13B23-285_B1,17
TTGACTATTGTCCGGC-1_V13B23-285_B1,11
TTGAGAAGTTTAGCAT-1_V13B23-285_B1,19
TTGAGAGTACTGCTAA-1_V13B23-285_B1,10
TTGAGCAGCCCACGGT-1_V13B23-285_B1,17
TTGAGCGCCACGTGAT-1_V13B23-285_B1,11
TTGAGTCCCGCTGCTG-1_V13B23-285_B1,11
TTGATAGTCAATACAT-1_V13B23-285_B1,3
TTGATCTAACTTTGTC-1_V13B23-285_B1,4
TTGATGTGTAGTCCCG-1_V13B23-285_B1,13
TTGATTAGCTGTTTCT-1_V13B23-285_B1,10
TTGATTATGCAGATGA-1_V13B23-285_B1,7
TTGCACAATTCAGAAA-1_V13B23-285_B1,5
TTGCACGGAGCAGCAC-1_V13B23-285_B1,14
TTGCATGCTGATCACG-1_V13B23-285_B1,10
TTGCCAAGCAGAACCC-1_V13B23-285_B1,4
TTGCCATAGCCCGCTC-1_V13B23-285_B1,10
TTGCCCTGATCACGGG-1_V13B23-285_B1,10
TTGCCGCTTTCTAGTA-1_V13B23-285_B1,19
TTGCCGGTGATCCCTC-1_V13B23-285_B1,3
TTGCGGCATCAGAAAG-1_V13B23-285_B1,19
TTGCGTAGTTTGAGGA-1_V13B23-285_B1,1
TTGCGTCGGCCAACCG-1_V13B23-285_B1,10
TTGCGTGAACGCTTAG-1_V13B23-285_B1,3
TTGCTCCCATACCGGA-1_V13B23-285_B1,14
TTGCTGAAGGAACCAC-1_V13B23-285_B1,7
TTGCTGATCATGTTCG-1_V13B23-285_B1,5
TTGCTGCACCTATCCA-1_V13B23-285_B1,5
TTGCTGGCCGGGCTTC-1_V13B23-285_B1,9
TTGGAAGAATACAGTC-1_V13B23-285_B1,17
TTGGACATGTGGCTTA-1_V13B23-285_B1,10
TTGGACCATCTGGCAA-1_V13B23-285_B1,11
TTGGACCTATAACAGT-1_V13B23-285_B1,19
TTGGATATCGTCTACG-1_V13B23-285_B1,17
TTGGATTGGGTACCAC-1_V13B23-285_B1,20
TTGGCCATCTTGCGCT-1_V13B23-285_B1,5
TTGGCCTAGAATTTCG-1_V13B23-285_B1,14
TTGGCGATCCGAATAT-1_V13B23-285_B1,11
TTGGCTCGCATGAGAC-1_V13B23-285_B1,5
TTGGGACACTGCCCGC-1_V13B23-285_B1,17
TTGGGACGTAAGAGTT-1_V13B23-285_B1,11
TTGGGCGGCGGTTGCC-1_V13B23-285_B1,11
TTGGGTTTATTCAGCG-1_V13B23-285_B1,12
TTGGTATGGCTTGTGT-1_V13B23-285_B1,13
TTGGTCACACTCGTAA-1_V13B23-285_B1,10
TTGGTTCGCTCAAAGG-1_V13B23-285_B1,8
TTGGTTGCGGTGCGCG-1_V13B23-285_B1,10
TTGTAAGGACCTAAGT-1_V13B23-285_B1,1
TTGTAAGGCCAGTTGG-1_V13B23-285_B1,20
TTGTAATCCGTACTCG-1_V13B23-285_B1,5
TTGTATCACACAGAAT-1_V13B23-285_B1,9
TTGTCGTTCAGTTACC-1_V13B23-285_B1,5
TTGTGAACCTAATCCG-1_V13B23-285_B1,19
TTGTGAGGCATGACGC-1_V13B23-285_B1,3
TTGTGCAGCCACGTCA-1_V13B23-285_B1,19
TTGTGGCCCTGACAGT-1_V13B23-285_B1,15
TTGTGGTAGGAGGGAT-1_V13B23-285_B1,18
TTGTGGTATAGGTATG-1_V13B23-285_B1,13
TTGTGTATGCCACCAA-1_V13B23-285_B1,10
TTGTGTTTCCCGAAAG-1_V13B23-285_B1,7
TTGTTAGCAAATTCGA-1_V13B23-285_B1,5
TTGTTCAGTGTGCTAC-1_V13B23-285_B1,19
TTGTTGTGTGTCAAGA-1_V13B23-285_B1,6
TTGTTTCACATCCAGG-1_V13B23-285_B1,18
TTGTTTCATTAGTCTA-1_V13B23-285_B1,1
TTGTTTCCATACAACT-1_V13B23-285_B1,13
AAACAAGTATCTCCCA-1_V13B23-285_C1,11
AAACACCAATAACTGC-1_V13B23-285_C1,10
AAACAGAGCGACTCCT-1_V13B23-285_C1,3
AAACAGCTTTCAGAAG-1_V13B23-285_C1,13
AAACAGGGTCTATATT-1_V13B23-285_C1,5
AAACATTTCCCGGATT-1_V13B23-285_C1,11
AAACCCGAACGAAATC-1_V13B23-285_C1,11
AAACCGGAAATGTTAA-1_V13B23-285_C1,11
AAACCGGGTAGGTACC-1_V13B23-285_C1,21
AAACCGTTCGTCCAGG-1_V13B23-285_C1,10
AAACCTCATGAAGTTG-1_V13B23-285_C1,3
AAACGAGACGGTTGAT-1_V13B23-285_C1,12
AAACGTGTTCGCCCTA-1_V13B23-285_C1,2
AAACTCGTGATATAAG-1_V13B23-285_C1,21
AAACTGCTGGCTCCAA-1_V13B23-285_C1,19
AAACTTGCAAACGTAT-1_V13B23-285_C1,3
AAAGACTGGGCGCTTT-1_V13B23-285_C1,5
AAAGCTTGCCTACATA-1_V13B23-285_C1,17
AAAGGCTACGGACCAT-1_V13B23-285_C1,10
AAAGGCTCTCGCGCCG-1_V13B23-285_C1,1
AAAGGGATGTAGCAAG-1_V13B23-285_C1,12
AAAGGGCAGCTTGAAT-1_V13B23-285_C1,5
AAAGGTAAGCTGTACC-1_V13B23-285_C1,2
AAAGTAGCATTGCTCA-1_V13B23-285_C1,1
AAAGTCACTGATGTAA-1_V13B23-285_C1,9
AAAGTCGACCCTCAGT-1_V13B23-285_C1,3
AAAGTGCCATCAATTA-1_V13B23-285_C1,11
AAAGTGTGATTTATCT-1_V13B23-285_C1,11
AAAGTTGACTCCCGTA-1_V13B23-285_C1,11
AAATAACCATACGGGA-1_V13B23-285_C1,3
AAATAAGGTAGTGCCC-1_V13B23-285_C1,2
AAATACCTATAAGCAT-1_V13B23-285_C1,19
AAATAGCTTAGACTTT-1_V13B23-285_C1,11
AAATAGGGTGCTATTG-1_V13B23-285_C1,19
AAATCGTGTACCACAA-1_V13B23-285_C1,5
AAATCTAGCCCTGCTA-1_V13B23-285_C1,11
AAATGATTCGATCAGC-1_V13B23-285_C1,13
AAATGCTCGTTACGTT-1_V13B23-285_C1,5
AAATGGCATGTCTTGT-1_V13B23-285_C1,6
AAATGGCCCGTGCCCT-1_V13B23-285_C1,10
AAATGGTCAATGTGCC-1_V13B23-285_C1,5
AAATTAACGGGTAGCT-1_V13B23-285_C1,8
AAATTACACGACTCTG-1_V13B23-285_C1,21
AAATTACCTATCGATG-1_V13B23-285_C1,16
AAATTCCAGGTCCAAA-1_V13B23-285_C1,19
AAATTGATAGTCCTTT-1_V13B23-285_C1,10
AAATTGGTGAGAAGCA-1_V13B23-285_C1,2
AAATTTGCGGGTGTGG-1_V13B23-285_C1,10
AACAACTGGTAGTTGC-1_V13B23-285_C1,5
AACAATACATTGTCGA-1_V13B23-285_C1,10
AACAATTACTCTACGC-1_V13B23-285_C1,5
AACACACGCTCGCCGC-1_V13B23-285_C1,11
AACACGACTGTACTGA-1_V13B23-285_C1,9
AACACGAGACGCGGCC-1_V13B23-285_C1,21
AACAGCTGTGTGGCAA-1_V13B23-285_C1,10
AACAGGAAATCGAATA-1_V13B23-285_C1,14
AACAGGATGGGCCGCG-1_V13B23-285_C1,4
AACAGGTAGTATGGAT-1_V13B23-285_C1,11
AACATATCAACTGGTG-1_V13B23-285_C1,21
AACATCGATACGTCTA-1_V13B23-285_C1,3
AACCAAGACTTCTCTG-1_V13B23-285_C1,10
AACCATGGGATCGCTA-1_V13B23-285_C1,20
AACCCAGAGACGGAGA-1_V13B23-285_C1,14
AACCCATCCCATGATC-1_V13B23-285_C1,10
AACCCGAGCAGAATCG-1_V13B23-285_C1,11
AACCCTACTGTCAATA-1_V13B23-285_C1,11
AACCCTGGTGGAACCA-1_V13B23-285_C1,9
AACCGAGCTTGGTCAT-1_V13B23-285_C1,14
AACCGCTAAGGGATGC-1_V13B23-285_C1,11
AACCGTTGTGTTTGCT-1_V13B23-285_C1,6
AACCTCGCTTTAGCCC-1_V13B23-285_C1,19
AACCTGTCACGGAATT-1_V13B23-285_C1,19
AACCTTTAAATACGGT-1_V13B23-285_C1,19
AACCTTTACGACGTCT-1_V13B23-285_C1,1
AACGATAATGCCGTAG-1_V13B23-285_C1,19
AACGATATGTCAACTG-1_V13B23-285_C1,17
AACGCATGATCTGGGT-1_V13B23-285_C1,3
AACGCGGTCTCCAGCC-1_V13B23-285_C1,19
AACGCTGTTGCTGAAA-1_V13B23-285_C1,11
AACGGACGTACGTATA-1_V13B23-285_C1,11
AACGGCCATCTCCGGT-1_V13B23-285_C1,10
AACGTACTGTGGGTAC-1_V13B23-285_C1,10
AACGTCAGACTAGTGG-1_V13B23-285_C1,4
AACGTGATGAAGGACA-1_V13B23-285_C1,20
AACGTGCGAAAGTCTC-1_V13B23-285_C1,14
AACGTTATCAGCACCT-1_V13B23-285_C1,5
AACTACCCGTTTGTCA-1_V13B23-285_C1,11
AACTAGGCTTGGGTGT-1_V13B23-285_C1,19
AACTCAAGTTAATTGC-1_V13B23-285_C1,10
AACTCCAGAGCGTGTT-1_V13B23-285_C1,11
AACTCCTAATCCCATG-1_V13B23-285_C1,4
AACTCTCAATAGAGCG-1_V13B23-285_C1,11
AACTCTCAGTGTGCTC-1_V13B23-285_C1,10
AACTGAGTTATACTGA-1_V13B23-285_C1,11
AACTGATATTAGGCCT-1_V13B23-285_C1,14
AACTGGGTCCCGACGT-1_V13B23-285_C1,14
AACTTCTGCGTCTATC-1_V13B23-285_C1,5
AACTTGCCCGTATGCA-1_V13B23-285_C1,5
AACTTGCGTTCTCGCG-1_V13B23-285_C1,12
AACTTTACGGGAGCTT-1_V13B23-285_C1,18
AACTTTCTCGATCATG-1_V13B23-285_C1,13
AAGAAATCACCAGATT-1_V13B23-285_C1,2
AAGAAGGATCAGTTAG-1_V13B23-285_C1,5
AAGACCCAACTGAACA-1_V13B23-285_C1,10
AAGACTGCAAGCTACT-1_V13B23-285_C1,19
AAGAGATGAATCGGTA-1_V13B23-285_C1,5
AAGAGCTCTTTATCGG-1_V13B23-285_C1,12
AAGAGGATGTACGCGA-1_V13B23-285_C1,10
AAGAGGCATGGATCGC-1_V13B23-285_C1,11
AAGAGGCCCTTTGGAA-1_V13B23-285_C1,11
AAGATGGCACCGGACC-1_V13B23-285_C1,10
AAGATTGGCGGAACGT-1_V13B23-285_C1,3
AAGCACCCTGCGTATC-1_V13B23-285_C1,19
AAGCATACTCTCCTGA-1_V13B23-285_C1,12
AAGCCGAAGCGGTTTA-1_V13B23-285_C1,11
AAGCCGCTTTACCTTG-1_V13B23-285_C1,2
AAGCCGGAGAGCAGGA-1_V13B23-285_C1,11
AAGCGGCGTCATGGGT-1_V13B23-285_C1,15
AAGCGTCCCTCATCGA-1_V13B23-285_C1,10
AAGCTAGATCGAGTAA-1_V13B23-285_C1,19
AAGCTCGTGCCAAGTC-1_V13B23-285_C1,14
AAGCTCTTTCATGGTG-1_V13B23-285_C1,19
AAGGAGCGGTTGGTGC-1_V13B23-285_C1,5
AAGGATCGATCGCTTG-1_V13B23-285_C1,11
AAGGATGAGGGACCTC-1_V13B23-285_C1,18
AAGGCAGGCTGTCTCC-1_V13B23-285_C1,11
AAGGCGCGTAAAGCTT-1_V13B23-285_C1,4
AAGGCTGTGCTCATCG-1_V13B23-285_C1,5
AAGGGACAGATTCTGT-1_V13B23-285_C1,18
AAGGGACTATGCATTC-1_V13B23-285_C1,1
AAGGTATCCTAATATA-1_V13B23-285_C1,17
AAGGTGATAAACCAGC-1_V13B23-285_C1,11
AAGTAGAAGACCGGGT-1_V13B23-285_C1,20
AAGTAGTGACGCGAGG-1_V13B23-285_C1,5
AAGTCAATTGTCGTCA-1_V13B23-285_C1,11
AAGTCTAGTAGCTGCC-1_V13B23-285_C1,21
AAGTGACGACCGAATT-1_V13B23-285_C1,3
AAGTGAGTCGGGTTTA-1_V13B23-285_C1,10
AAGTGCAAAGGTAGAC-1_V13B23-285_C1,5
AAGTGCCTTGACTGTA-1_V13B23-285_C1,11
AAGTGCGTTAGAATCT-1_V13B23-285_C1,1
AAGTGTTTGGAGACGG-1_V13B23-285_C1,11
AAGTTCACTCCAAGCT-1_V13B23-285_C1,11
AAGTTCAGTCTGCGTA-1_V13B23-285_C1,3
AAGTTCGGCCAACAGG-1_V13B23-285_C1,17
AATAACAACGCTCGGC-1_V13B23-285_C1,4
AATAACACTAGAACAA-1_V13B23-285_C1,10
AATAATCTTCGTATCG-1_V13B23-285_C1,11
AATACAATGTTTCAGG-1_V13B23-285_C1,5
AATAGAACAGAGTGGC-1_V13B23-285_C1,10
AATAGAATCTGTTTCA-1_V13B23-285_C1,11
AATAGCTACCGCGTGC-1_V13B23-285_C1,1
AATAGTCCGTCCCGAC-1_V13B23-285_C1,17
AATAGTCGCGAGTCGG-1_V13B23-285_C1,7
AATATCGAATCAATGC-1_V13B23-285_C1,8
AATATCGAGGGTTCTC-1_V13B23-285_C1,3
AATATTGGAGTATTGA-1_V13B23-285_C1,1
AATCATGTAAAGACTC-1_V13B23-285_C1,11
AATCCAAGGGCCTGAG-1_V13B23-285_C1,9
AATCGCCTCAGCGCCA-1_V13B23-285_C1,11
AATCGCGCAGAGGACT-1_V13B23-285_C1,11
AATCTAGGTTTACTTG-1_V13B23-285_C1,10
AATCTATGCCGGAGCC-1_V13B23-285_C1,1
AATCTGCGTTGGGACG-1_V13B23-285_C1,17
AATCTGGCTTTCTAGT-1_V13B23-285_C1,10
AATGACAGCAATGTCT-1_V13B23-285_C1,10
AATGACGTAGGATGTC-1_V13B23-285_C1,11
AATGACTGTCAGCCGG-1_V13B23-285_C1,5
AATGAGTTCGCATATG-1_V13B23-285_C1,5
AATGATGATACGCTAT-1_V13B23-285_C1,18
AATGATGCGACTCCTG-1_V13B23-285_C1,16
AATGCAACCGGGTACC-1_V13B23-285_C1,12
AATGCACCAAGCAATG-1_V13B23-285_C1,13
AATGGTCCACCGTTCA-1_V13B23-285_C1,5
AATGGTTCTCACAAGC-1_V13B23-285_C1,5
AATGTGCCCGAGGTGT-1_V13B23-285_C1,10
AATTAAAGGTCGGCGT-1_V13B23-285_C1,5
AATTAACGGATTTCCA-1_V13B23-285_C1,19
AATTACTCGTACGCTC-1_V13B23-285_C1,9
AATTAGCGCTGCAGCG-1_V13B23-285_C1,12
AATTCATAAGGGATCT-1_V13B23-285_C1,13
AATTCTAGAGTTAGGC-1_V13B23-285_C1,19
AATTGAACGCTCTGGT-1_V13B23-285_C1,11
AATTTGGGACATAGTA-1_V13B23-285_C1,3
AATTTGGTTCCAAAGA-1_V13B23-285_C1,9
ACAAAGCATGACCTAG-1_V13B23-285_C1,11
ACAAATCGCACCGAAT-1_V13B23-285_C1,11
ACAAATGGTAGTGTTT-1_V13B23-285_C1,11
ACAACAGCATGAGCTA-1_V13B23-285_C1,14
ACAACGGTCCCTGCGA-1_V13B23-285_C1,5
ACAAGCAGTGCCTAGC-1_V13B23-285_C1,5
ACAAGGAAATCCGCCC-1_V13B23-285_C1,11
ACAAGGACAAGAGGTT-1_V13B23-285_C1,5
ACAAGGATGCTTTAGG-1_V13B23-285_C1,11
ACAAGGGCAGGCTCTG-1_V13B23-285_C1,11
ACAATAGTCGTACGTT-1_V13B23-285_C1,3
ACAATCCATTTAAACC-1_V13B23-285_C1,5
ACAATGAATACGGAGA-1_V13B23-285_C1,4
ACAATTGTGTCTCTTT-1_V13B23-285_C1,11
ACAATTTAGGAGGCTC-1_V13B23-285_C1,16
ACAATTTGAGCAGTGG-1_V13B23-285_C1,3
ACAATTTGGCCATATT-1_V13B23-285_C1,11
ACACAAAGACGGGTGG-1_V13B23-285_C1,14
ACACACCAGGACCAGT-1_V13B23-285_C1,11
ACACACTTTCTACACG-1_V13B23-285_C1,6
ACACATGATCAAATCT-1_V13B23-285_C1,10
ACACCACATAATTAGC-1_V13B23-285_C1,3
ACACCCAGCATGCAGC-1_V13B23-285_C1,5
ACACCCGAGAAATCCG-1_V13B23-285_C1,12
ACACCGAGCGCTCTTT-1_V13B23-285_C1,7
ACACCTTAAGTAGGGC-1_V13B23-285_C1,5
ACACCTTACTACTTGC-1_V13B23-285_C1,11
ACACGAGACTCCTTCT-1_V13B23-285_C1,3
ACACGGCACTATGCAT-1_V13B23-285_C1,9
ACACGGGAACTTAGGG-1_V13B23-285_C1,1
ACACGTAGGCCACAAG-1_V13B23-285_C1,11
ACACTCCAATGTCACT-1_V13B23-285_C1,5
ACACTGATCAAGGTGT-1_V13B23-285_C1,10
ACACTGGGACAGTCGT-1_V13B23-285_C1,11
ACAGAACTGAGAACAA-1_V13B23-285_C1,1
ACAGCATAGAGCCAGT-1_V13B23-285_C1,9
ACAGCGACATTCTCAT-1_V13B23-285_C1,11
ACAGCGCACCCGCAGC-1_V13B23-285_C1,12
ACAGGCTTGCCCGACT-1_V13B23-285_C1,11
ACAGGTGGAGGTGAGG-1_V13B23-285_C1,10
ACAGTAATACAACTTG-1_V13B23-285_C1,3
ACAGTATACCGTGGGA-1_V13B23-285_C1,3
ACATAAGTCGTGGTGA-1_V13B23-285_C1,5
ACATAATAAGGCGGTG-1_V13B23-285_C1,14
ACATCAGCTGGGACGC-1_V13B23-285_C1,5
ACATCCCGGCCATACG-1_V13B23-285_C1,7
ACATCCTGGTAACTGT-1_V13B23-285_C1,11
ACATCGATCGTTTACC-1_V13B23-285_C1,5
ACATCGGTCAGCCGCG-1_V13B23-285_C1,10
ACATCGTATGCAATGG-1_V13B23-285_C1,8
ACATCGTTAACCTAGT-1_V13B23-285_C1,9
ACATGGCGCCAAAGTA-1_V13B23-285_C1,11
ACATTAGTTTATATCC-1_V13B23-285_C1,12
ACCAAACACCCAGCGA-1_V13B23-285_C1,3
ACCAACACCACACACT-1_V13B23-285_C1,21
ACCAACGCTTATTTAT-1_V13B23-285_C1,10
ACCAAGAACGCGTGTC-1_V13B23-285_C1,14
ACCAATATGCAAGTTA-1_V13B23-285_C1,19
ACCACAAGTTTCTATC-1_V13B23-285_C1,5
ACCACCAATGTAACAA-1_V13B23-285_C1,11
ACCACCCTCTCTTCTA-1_V13B23-285_C1,2
ACCACGTGCAGCTATA-1_V13B23-285_C1,11
ACCACTGTTCAAGAAG-1_V13B23-285_C1,10
ACCAGTGCGGGAGACG-1_V13B23-285_C1,11
ACCATATCCGCAATAA-1_V13B23-285_C1,5
ACCATCCGCCAACTAG-1_V13B23-285_C1,3
ACCATCGTATATGGTA-1_V13B23-285_C1,10
ACCATTAAGGGTGTCA-1_V13B23-285_C1,1
ACCCAACGCCCGTGGC-1_V13B23-285_C1,1
ACCCACCTACATGCTC-1_V13B23-285_C1,5
ACCCATCTTGAGGGTA-1_V13B23-285_C1,5
ACCCATTTGTCCCTCT-1_V13B23-285_C1,11
ACCCGAGCGAAATTAC-1_V13B23-285_C1,4
ACCCGGAAACTCCCAG-1_V13B23-285_C1,19
ACCCGGAGCACCACAA-1_V13B23-285_C1,11
ACCCGGATGACGCATC-1_V13B23-285_C1,11
ACCCGGTTACACTTCC-1_V13B23-285_C1,10
ACCCGTGTCATCAGTA-1_V13B23-285_C1,10
ACCCTATAGGACTGAG-1_V13B23-285_C1,20
ACCCTATGCCATATCG-1_V13B23-285_C1,10
ACCCTCCCTTGCTATT-1_V13B23-285_C1,11
ACCCTGGTAACGCCCT-1_V13B23-285_C1,2
ACCCTTCATCTGCGAA-1_V13B23-285_C1,6
ACCGACACATCTCCCA-1_V13B23-285_C1,19
ACCGACTGAGTCCCAC-1_V13B23-285_C1,17
ACCGATAGGCATAACC-1_V13B23-285_C1,11
ACCGATATTTAATCAT-1_V13B23-285_C1,11
ACCGATGGTAGCATCG-1_V13B23-285_C1,11
ACCGCAATAACTGCCT-1_V13B23-285_C1,11
ACCGCGGTGGAAGTCG-1_V13B23-285_C1,11
ACCGGGCCTTTGTTGA-1_V13B23-285_C1,11
ACCGGTCAGGTACACC-1_V13B23-285_C1,10
ACCGTGACCACGTGGG-1_V13B23-285_C1,10
ACCTAAGTACCTTTCA-1_V13B23-285_C1,16
ACCTAATCGACTTCCT-1_V13B23-285_C1,5
ACCTACAGTATGTGGT-1_V13B23-285_C1,11
ACCTCCGCCCTCGCTG-1_V13B23-285_C1,11
ACCTCCGTTATTCACC-1_V13B23-285_C1,3
ACCTGCGTGTCATGTT-1_V13B23-285_C1,17
ACGAAATGGGCGGCAC-1_V13B23-285_C1,5
ACGACCCATGAGTTGC-1_V13B23-285_C1,11
ACGAGATATTTGCTTA-1_V13B23-285_C1,20
ACGAGGATACCACTCT-1_V13B23-285_C1,10
ACGAGGTTTACAACGT-1_V13B23-285_C1,3
ACGAGTACGGATGCCC-1_V13B23-285_C1,1
ACGATACATAGAACTA-1_V13B23-285_C1,4
ACGATCATACATAGAG-1_V13B23-285_C1,12
ACGATCATCTTGTAAA-1_V13B23-285_C1,11
ACGATGCATATGTTAT-1_V13B23-285_C1,5
ACGATGGATCCGATGC-1_V13B23-285_C1,9
ACGCAAACTAATAGAT-1_V13B23-285_C1,10
ACGCAATCACTACAGC-1_V13B23-285_C1,3
ACGCATACGTTTACTA-1_V13B23-285_C1,11
ACGCATTCGTGAGTAC-1_V13B23-285_C1,7
ACGCCAGATGATTTCT-1_V13B23-285_C1,14
ACGCCGCTAGACGACC-1_V13B23-285_C1,19
ACGCGAAGTCAGACGA-1_V13B23-285_C1,19
ACGCGCTACACAGGGT-1_V13B23-285_C1,10
ACGCGGGCCAAGGACA-1_V13B23-285_C1,5
ACGCTAGTGATACACT-1_V13B23-285_C1,3
ACGCTGTGAGGCGTAG-1_V13B23-285_C1,3
ACGGAATTTAGCAAAT-1_V13B23-285_C1,5
ACGGACTCTCAAAGCG-1_V13B23-285_C1,19
ACGGAGCGCAAATTAC-1_V13B23-285_C1,12
ACGGATGGTGCGGATA-1_V13B23-285_C1,19
ACGGCACTTGCTTGGG-1_V13B23-285_C1,10
ACGGCCAACATGGACT-1_V13B23-285_C1,6
ACGGCGACGATGGGAA-1_V13B23-285_C1,11
ACGGCTGGATGTAGAA-1_V13B23-285_C1,1
ACGGGAGTGTCGGCCC-1_V13B23-285_C1,1
ACGGGCGTATGCGACA-1_V13B23-285_C1,21
ACGGGTCATGTGACTT-1_V13B23-285_C1,14
ACGTACAGATTTCTCT-1_V13B23-285_C1,9
ACGTAGATTGCTGATG-1_V13B23-285_C1,2
ACGTATTACTCCGATC-1_V13B23-285_C1,11
ACGTGCGCCTCGTGCA-1_V13B23-285_C1,14
ACGTTAATGTCGAAGA-1_V13B23-285_C1,19
ACGTTAGATTTGCCCG-1_V13B23-285_C1,18
ACGTTATTGGTCACTC-1_V13B23-285_C1,5
ACGTTCGCAATCAATT-1_V13B23-285_C1,13
ACGTTCGTTCAGGAAA-1_V13B23-285_C1,1
ACGTTTAGTTGTGATC-1_V13B23-285_C1,14
ACTACCAGCTCTCTGG-1_V13B23-285_C1,21
ACTACGCGTTAGAATT-1_V13B23-285_C1,16
ACTAGTTGCGATCGTC-1_V13B23-285_C1,11
ACTATATGCTGTGTTC-1_V13B23-285_C1,17
ACTATCCAGGGCATGG-1_V13B23-285_C1,11
ACTATCTGCCCGCGTA-1_V13B23-285_C1,11
ACTATTCGTCCGTGGT-1_V13B23-285_C1,6
ACTATTTCCGGGCCCA-1_V13B23-285_C1,16
ACTCAAGTGCAAGGCT-1_V13B23-285_C1,11
ACTCAATAAAGGCACG-1_V13B23-285_C1,19
ACTCCCATTCCTAAAG-1_V13B23-285_C1,1
ACTCCCGAATTCGTTT-1_V13B23-285_C1,1
ACTCCCGTAGACTAGG-1_V13B23-285_C1,2
ACTCCCTAATGCTAAA-1_V13B23-285_C1,19
ACTCCCTAGAATAGTA-1_V13B23-285_C1,19
ACTCGATGTATTTCAT-1_V13B23-285_C1,5
ACTCGCGATCTGACGC-1_V13B23-285_C1,11
ACTCGTAACCCGTCCT-1_V13B23-285_C1,17
ACTCGTCAGTAATCCC-1_V13B23-285_C1,11
ACTCTCTGACTTAGGT-1_V13B23-285_C1,11
ACTCTCTTATACACGA-1_V13B23-285_C1,20
ACTCTTCAGCTCCCGC-1_V13B23-285_C1,19
ACTCTTGTATAGTAAC-1_V13B23-285_C1,5
ACTGAAACGCCGTTAG-1_V13B23-285_C1,11
ACTGAATGGCGAAAGT-1_V13B23-285_C1,11
ACTGCCGTCGTAACTC-1_V13B23-285_C1,6
ACTGCGGACACACCGT-1_V13B23-285_C1,19
ACTGCTCGGAAGGATG-1_V13B23-285_C1,5
ACTGTACGATACACAT-1_V13B23-285_C1,3
ACTGTAGCACTTTGGA-1_V13B23-285_C1,18
ACTGTCCAGGATTATA-1_V13B23-285_C1,5
ACTGTCTTCTTTAGAA-1_V13B23-285_C1,16
ACTGTGCTAGTAGATC-1_V13B23-285_C1,9
ACTTACCGGGCGCGCA-1_V13B23-285_C1,20
ACTTACGCATCCACGC-1_V13B23-285_C1,19
ACTTAGTACGACAAGA-1_V13B23-285_C1,9
ACTTATACTTACCCGG-1_V13B23-285_C1,11
ACTTATTAGGATCGGT-1_V13B23-285_C1,5
ACTTATTTATGTGCCA-1_V13B23-285_C1,11
ACTTCAGGCTGATCCC-1_V13B23-285_C1,11
ACTTCCATGCGGGACA-1_V13B23-285_C1,19
ACTTCGCCATACGCAC-1_V13B23-285_C1,13
ACTTCGCTAGCGAGTG-1_V13B23-285_C1,2
ACTTGACTCCCTCTTT-1_V13B23-285_C1,11
ACTTGGGACCCGGTGG-1_V13B23-285_C1,5
ACTTGTGGATGGAACG-1_V13B23-285_C1,11
ACTTTACCCTCATGAA-1_V13B23-285_C1,7
ACTTTCCTATAGCTTC-1_V13B23-285_C1,1
ACTTTGACTGCATCCT-1_V13B23-285_C1,3
ACTTTGGTCGTGCTCC-1_V13B23-285_C1,21
ACTTTGTCGACGCACT-1_V13B23-285_C1,11
AGAAATTATGACTCGC-1_V13B23-285_C1,11
AGAACCCAGCGTGACA-1_V13B23-285_C1,11
AGAACGTGGTACATTC-1_V13B23-285_C1,18
AGAAGAGCGCCGTTCC-1_V13B23-285_C1,11
AGAAGGTACACTTCAC-1_V13B23-285_C1,10
AGAAGGTTGCCGAATT-1_V13B23-285_C1,10
AGAAGTGATTCGTGAT-1_V13B23-285_C1,1
AGAATAAATCTTCAGG-1_V13B23-285_C1,3
AGAATGCGGGTTCGGA-1_V13B23-285_C1,2
AGAATTATGGATTCGA-1_V13B23-285_C1,13
AGAATTGTTTGACATA-1_V13B23-285_C1,5
AGACAGCTCAGAATCC-1_V13B23-285_C1,5
AGACAGGCATCTCAGC-1_V13B23-285_C1,11
AGACCAAACCACACCT-1_V13B23-285_C1,21
AGACCATGGGATACAA-1_V13B23-285_C1,5
AGACCCACCGCTGATC-1_V13B23-285_C1,19
AGACCCGCCCTCCTCG-1_V13B23-285_C1,7
AGACCGCTCCGCGGTT-1_V13B23-285_C1,11
AGACCGGGAAACCCTG-1_V13B23-285_C1,12
AGACGAAGTGCCGGTC-1_V13B23-285_C1,11
AGACGACGATGCCGCT-1_V13B23-285_C1,10
AGACGCCCACTTCGCC-1_V13B23-285_C1,7
AGACTAGCCTTCCAGA-1_V13B23-285_C1,5
AGACTGTTACCGGGTC-1_V13B23-285_C1,10
AGAGAACCGTCTAGGA-1_V13B23-285_C1,3
AGAGAAGGAGTACAAT-1_V13B23-285_C1,10
AGAGATCTCTAAAGCG-1_V13B23-285_C1,5
AGAGCAGTTATGAGAC-1_V13B23-285_C1,5
AGAGCCGCCGAGATTT-1_V13B23-285_C1,11
AGAGCGGGCTAATCAT-1_V13B23-285_C1,14
AGAGCGTACAAGCTCG-1_V13B23-285_C1,5
AGAGGCTTCGGAAACC-1_V13B23-285_C1,11
AGAGTAAACTTCACTA-1_V13B23-285_C1,11
AGAGTATAGTGTTACG-1_V13B23-285_C1,3
AGATAACTTCAGGGCC-1_V13B23-285_C1,5
AGATACCAGCACTTCA-1_V13B23-285_C1,2
AGATACCGGTGTTCAC-1_V13B23-285_C1,10
AGATACGACTTCATAT-1_V13B23-285_C1,9
AGATACTCAAGATCGA-1_V13B23-285_C1,11
AGATCGTGCATAAGAT-1_V13B23-285_C1,3
AGATCTCAGGTGTGAT-1_V13B23-285_C1,3
AGATGACTCGCCCACG-1_V13B23-285_C1,14
AGATGAGGGTTGCGAT-1_V13B23-285_C1,1
AGATGATGGAGTCTGG-1_V13B23-285_C1,2
AGATGCAAGACGTGCA-1_V13B23-285_C1,10
AGATGCTATAACGAGC-1_V13B23-285_C1,4
AGATTATAGGACGTTT-1_V13B23-285_C1,5
AGATTCACAACCGATA-1_V13B23-285_C1,16
AGCAAAGGCCGCTAGT-1_V13B23-285_C1,19
AGCAACATATCTTATT-1_V13B23-285_C1,11
AGCAACCGAAAGTAAT-1_V13B23-285_C1,21
AGCACCAGTACTCACG-1_V13B23-285_C1,21
AGCACTACCGGCCTGT-1_V13B23-285_C1,5
AGCACTACCTCACCAG-1_V13B23-285_C1,11
AGCACTTAAGGACGCC-1_V13B23-285_C1,5
AGCAGCCAGATGAATA-1_V13B23-285_C1,19
AGCATATCAATATGCT-1_V13B23-285_C1,11
AGCATCATTTCGAAAG-1_V13B23-285_C1,10
AGCATCGTCGATAATT-1_V13B23-285_C1,7
AGCCACAGGTTACCCG-1_V13B23-285_C1,19
AGCCACTCCCGTGCTT-1_V13B23-285_C1,4
AGCCCATACATGTAAG-1_V13B23-285_C1,3
AGCCCGGTAGCCTGTA-1_V13B23-285_C1,10
AGCCCTAAGCGAAGTT-1_V13B23-285_C1,9
AGCCCTGTCGCACCGT-1_V13B23-285_C1,11
AGCCCTTCTAATCCGA-1_V13B23-285_C1,3
AGCCCTTGGACATCCC-1_V13B23-285_C1,11
AGCCGTGGCTAAATGT-1_V13B23-285_C1,17
AGCCTAATACCCACGT-1_V13B23-285_C1,10
AGCCTTAAAGCGGAAG-1_V13B23-285_C1,5
AGCGACAGGAACGGTC-1_V13B23-285_C1,10
AGCGACATCCCATTCA-1_V13B23-285_C1,14
AGCGACCAACGATATT-1_V13B23-285_C1,5
AGCGCATAATGAATCG-1_V13B23-285_C1,17
AGCGCGGGTGCCAATG-1_V13B23-285_C1,7
AGCGCTAGAGCGATGT-1_V13B23-285_C1,10
AGCGGACACTTCGTAG-1_V13B23-285_C1,10
AGCGGCGGTTAGCGGT-1_V13B23-285_C1,16
AGCGGGAAGGGTCCAT-1_V13B23-285_C1,9
AGCGGTTGCCGCTCTG-1_V13B23-285_C1,12
AGCGTGGTATTCTACT-1_V13B23-285_C1,19
AGCTAACAAGCAATGT-1_V13B23-285_C1,10
AGCTAGAAGCAGAAGT-1_V13B23-285_C1,3
AGCTATTTAATCCAAC-1_V13B23-285_C1,6
AGCTCCATATATGTTC-1_V13B23-285_C1,11
AGCTCCTTCGCACATC-1_V13B23-285_C1,11
AGCTCTAGACGTTCCA-1_V13B23-285_C1,11
AGCTCTTCCCAGTGCA-1_V13B23-285_C1,21
AGCTCTTCGTAACCTT-1_V13B23-285_C1,11
AGCTCTTTACTCAGTT-1_V13B23-285_C1,10
AGCTGAAGTAAACCAA-1_V13B23-285_C1,19
AGCTGTAACCTCAATC-1_V13B23-285_C1,21
AGCTTGATCTTAACTT-1_V13B23-285_C1,5
AGGAAGCTGTCCGCCG-1_V13B23-285_C1,19
AGGACAGTCGAATCCC-1_V13B23-285_C1,11
AGGACATCGCACGTCG-1_V13B23-285_C1,14
AGGACGACCCATTAGA-1_V13B23-285_C1,10
AGGACGCTCGATGTTG-1_V13B23-285_C1,3
AGGAGACATCCACAGT-1_V13B23-285_C1,1
AGGAGAGTCTGGCTAC-1_V13B23-285_C1,21
AGGAGGCCTTCGCGCG-1_V13B23-285_C1,11
AGGATAAAGTCGGGAT-1_V13B23-285_C1,19
AGGATATAGGGATTTA-1_V13B23-285_C1,11
AGGATCACGCGATCTG-1_V13B23-285_C1,19
AGGATTGCTTACGACA-1_V13B23-285_C1,21
AGGCACGTGACTGTCC-1_V13B23-285_C1,11
AGGCAGATGCGTAAAC-1_V13B23-285_C1,3
AGGCAGGGAGCGTACT-1_V13B23-285_C1,10
AGGCATTGTCGTAGGG-1_V13B23-285_C1,11
AGGCCACATTGGTTAC-1_V13B23-285_C1,11
AGGCCACCCGTTATGA-1_V13B23-285_C1,5
AGGCCCATTGTACAGG-1_V13B23-285_C1,6
AGGCCCTAGAACGCCA-1_V13B23-285_C1,10
AGGCCTGAGAATCTCG-1_V13B23-285_C1,19
AGGCGATAACTGGCGT-1_V13B23-285_C1,11
AGGCGGTTTGTCCCGC-1_V13B23-285_C1,10
AGGCGTCTATGGACGG-1_V13B23-285_C1,3
AGGCTATGGTTAGCTT-1_V13B23-285_C1,5
AGGCTTCCCGAAGAAG-1_V13B23-285_C1,10
AGGCTTGCTAGACACC-1_V13B23-285_C1,5
AGGGAAACGAGGTACT-1_V13B23-285_C1,3
AGGGACCGGCTGCGTT-1_V13B23-285_C1,11
AGGGACTCTACGCGAC-1_V13B23-285_C1,17
AGGGAGACATACTTCG-1_V13B23-285_C1,3
AGGGCAGCGGCGTGGT-1_V13B23-285_C1,9
AGGGCGAGCAGCTGAT-1_V13B23-285_C1,3
AGGGCGTGATCGGCTA-1_V13B23-285_C1,4
AGGGCTGCAGTTACAG-1_V13B23-285_C1,4
AGGGTCAGTAACCCTA-1_V13B23-285_C1,3
AGGGTCGATGCGAACT-1_V13B23-285_C1,11
AGGGTGCTCTCGAGGG-1_V13B23-285_C1,17
AGGGTGGATAGTGCAT-1_V13B23-285_C1,5
AGGGTTCCCTTTGGTT-1_V13B23-285_C1,1
AGGGTTTAGTTCGGGA-1_V13B23-285_C1,21
AGGTAACCTCCTATTC-1_V13B23-285_C1,9
AGGTACGATATTGCCA-1_V13B23-285_C1,14
AGGTAGGTACAAAGCT-1_V13B23-285_C1,7
AGGTATAATTGATAGT-1_V13B23-285_C1,11
AGGTATGCGGACATTA-1_V13B23-285_C1,19
AGGTCAGGTGAGAGTG-1_V13B23-285_C1,17
AGGTCGCCTCCCAACA-1_V13B23-285_C1,10
AGGTCGCGGAGTTACT-1_V13B23-285_C1,16
AGGTGTATCGCCATGA-1_V13B23-285_C1,1
AGGTTACACCATGCCG-1_V13B23-285_C1,11
AGGTTGAGGCACGCTT-1_V13B23-285_C1,14
AGGTTTCACACACCTT-1_V13B23-285_C1,19
AGTAATGTCTTGCCGC-1_V13B23-285_C1,14
AGTACATCATTTATCA-1_V13B23-285_C1,1
AGTACCTTCGAGTGCT-1_V13B23-285_C1,15
AGTACGGCCCGTATCG-1_V13B23-285_C1,3
AGTACGGGCACCTGGC-1_V13B23-285_C1,18
AGTACTCTTATGCCCA-1_V13B23-285_C1,11
AGTAGGAAGGAAGTTG-1_V13B23-285_C1,13
AGTAGGTAACATACAT-1_V13B23-285_C1,9
AGTATAATACTAGGCA-1_V13B23-285_C1,5
AGTATGCTGGAGACCA-1_V13B23-285_C1,10
AGTATTTGGCACGACC-1_V13B23-285_C1,10
AGTCAACACCACCATC-1_V13B23-285_C1,10
AGTCAAGATGACACTT-1_V13B23-285_C1,11
AGTCACTAGCTCTCGA-1_V13B23-285_C1,11
AGTCAGCCACCGCCTG-1_V13B23-285_C1,5
AGTCCATTGGCTGATG-1_V13B23-285_C1,11
AGTCCCGCCTTTAATT-1_V13B23-285_C1,13
AGTCCCTCGCAGAAAG-1_V13B23-285_C1,21
AGTCGACGGTCTCAAG-1_V13B23-285_C1,11
AGTCGGCCCAAACGAC-1_V13B23-285_C1,5
AGTCGGCTCAACTTTA-1_V13B23-285_C1,1
AGTCGGTTGCGTGAGA-1_V13B23-285_C1,11
AGTCGTCGACCACCAA-1_V13B23-285_C1,11
AGTCGTGGGCATTACG-1_V13B23-285_C1,17
AGTCTAAAGTATACTC-1_V13B23-285_C1,1
AGTCTCACAAGACTAC-1_V13B23-285_C1,10
AGTCTGGACATCCTTG-1_V13B23-285_C1,5
AGTCTTCTCCTCAAAT-1_V13B23-285_C1,12
AGTGAACAAACTTCTC-1_V13B23-285_C1,11
AGTGAAGATGGTGTCC-1_V13B23-285_C1,2
AGTGACCTACTTTACG-1_V13B23-285_C1,5
AGTGAGACTTCCAGTA-1_V13B23-285_C1,11
AGTGAGCCTCGCCGCC-1_V13B23-285_C1,21
AGTGAGGGTTTCTGAC-1_V13B23-285_C1,2
AGTGATAACCTGCGCG-1_V13B23-285_C1,11
AGTGATATGAGTAGTT-1_V13B23-285_C1,5
AGTGATTCAAGCAGGA-1_V13B23-285_C1,17
AGTGCACGCTTAAGAA-1_V13B23-285_C1,11
AGTGCGTAGCTCGTAA-1_V13B23-285_C1,18
AGTGCTAAACACAGCA-1_V13B23-285_C1,11
AGTGCTTGCACGAATA-1_V13B23-285_C1,11
AGTGGCGGCAATTTGA-1_V13B23-285_C1,17
AGTGGCGTCTGAAGGT-1_V13B23-285_C1,19
AGTGGCTCCGTCGGCC-1_V13B23-285_C1,10
AGTGGTGTTACCCGTG-1_V13B23-285_C1,3
AGTGGTTGCGTATAGG-1_V13B23-285_C1,3
AGTGTATTGCGCATTG-1_V13B23-285_C1,16
AGTGTGCTAAGATCGC-1_V13B23-285_C1,5
AGTGTGGTCTATTGTG-1_V13B23-285_C1,5
AGTTAAACACTTGCGA-1_V13B23-285_C1,10
AGTTAAGCGGTCCCGG-1_V13B23-285_C1,14
AGTTAAGTCAACCGCT-1_V13B23-285_C1,18
AGTTACCCTTAAGACT-1_V13B23-285_C1,17
AGTTACCGCACATGGT-1_V13B23-285_C1,5
AGTTACTCTATCGTGG-1_V13B23-285_C1,3
AGTTCACCGGTTGGAC-1_V13B23-285_C1,1
AGTTCCTACAGAATTA-1_V13B23-285_C1,5
AGTTCCTATTTATGTT-1_V13B23-285_C1,19
AGTTCTGCGTTGTATC-1_V13B23-285_C1,12
AGTTGCTGACTGATAT-1_V13B23-285_C1,12
AGTTTATGTAAAGACA-1_V13B23-285_C1,21
AGTTTCGCAGGTCGGA-1_V13B23-285_C1,6
AGTTTGCACCTGCCTC-1_V13B23-285_C1,19
AGTTTGGCACGGGTTG-1_V13B23-285_C1,11
AGTTTGGCCAGACCTA-1_V13B23-285_C1,10
ATAAACGGACCCGTAA-1_V13B23-285_C1,19
ATAAACGTTGCACCAC-1_V13B23-285_C1,11
ATAAAGGCTCGGTCGT-1_V13B23-285_C1,5
ATAAATATTAGCAGCT-1_V13B23-285_C1,10
ATAACGCCGGAGGGTC-1_V13B23-285_C1,11
ATAACGGAGTCCAACG-1_V13B23-285_C1,7
ATAAGGTGGAGAACAT-1_V13B23-285_C1,19
ATAAGTAGGATTCAGA-1_V13B23-285_C1,3
ATAAGTAGGGCGACTC-1_V13B23-285_C1,11
ATAAGTTACCGCGACG-1_V13B23-285_C1,5
ATAATACCGTTAGCCG-1_V13B23-285_C1,5
ATAATAGCTGTTGAAT-1_V13B23-285_C1,19
ATAATAGTGTAGGGAC-1_V13B23-285_C1,5
ATAATCTTGGAGAACC-1_V13B23-285_C1,19
ATACAGGCCCTCCAAT-1_V13B23-285_C1,19
ATACCACGGGCAACTT-1_V13B23-285_C1,10
ATACCGTCATCCATAA-1_V13B23-285_C1,2
ATACCTAACCAAGAAA-1_V13B23-285_C1,19
ATACGAAGGCTTTCCA-1_V13B23-285_C1,19
ATACGCCGGCGAAACC-1_V13B23-285_C1,11
ATACGGAACGTCGTTT-1_V13B23-285_C1,10
ATACGGGTTTCGATTG-1_V13B23-285_C1,20
ATACGGTGAAGATGCA-1_V13B23-285_C1,5
ATACGTACTTAGCCAC-1_V13B23-285_C1,19
ATACGTCCACTCCTGT-1_V13B23-285_C1,11
ATACGTTATGCACGGA-1_V13B23-285_C1,1
ATACTACCCGTACCAC-1_V13B23-285_C1,11
ATACTAGCATGACCCT-1_V13B23-285_C1,14
ATACTGCCTTACACCG-1_V13B23-285_C1,11
ATACTTGTTCTCGAGC-1_V13B23-285_C1,18
ATAGACAACGGGACCT-1_V13B23-285_C1,1
ATAGACGAAGAGAAAG-1_V13B23-285_C1,5
ATAGAGTACTGGGACA-1_V13B23-285_C1,5
ATAGAGTTATCAACTT-1_V13B23-285_C1,13
ATAGCAACTAGGGAAG-1_V13B23-285_C1,11
ATAGCCTCAGTACCCA-1_V13B23-285_C1,5
ATAGCTGCTCTTGTTA-1_V13B23-285_C1,4
ATAGGCGGCTATAGAA-1_V13B23-285_C1,10
ATAGGCTAGCTTCGCA-1_V13B23-285_C1,7
ATAGGGATATCCTTGA-1_V13B23-285_C1,14
ATAGGTTGGGCAGATG-1_V13B23-285_C1,16
ATAGTGAAGCGTTCTC-1_V13B23-285_C1,5
ATAGTTCCACCCACTC-1_V13B23-285_C1,11
ATATAAAGCGCTCGTG-1_V13B23-285_C1,19
ATATAAATGTAGCTGC-1_V13B23-285_C1,19
ATATACGCTCGTGACG-1_V13B23-285_C1,11
ATATCAACCTACAGAG-1_V13B23-285_C1,11
ATATCGGTAGGGAGAT-1_V13B23-285_C1,11
ATATCGTTCCTCGAAC-1_V13B23-285_C1,11
ATATCTCCCTCGTTAA-1_V13B23-285_C1,17
ATATCTTAGGGCCTTC-1_V13B23-285_C1,8
ATATGTCTCCCTAGCC-1_V13B23-285_C1,11
ATATTCAGTTAAACCT-1_V13B23-285_C1,7
ATATTCCACATAGTGA-1_V13B23-285_C1,11
ATATTCCCACAGGTCA-1_V13B23-285_C1,9
ATATTGCTGTCAAAGT-1_V13B23-285_C1,5
ATATTGGAGAGGCCTT-1_V13B23-285_C1,11
ATATTTAACCCTCAAG-1_V13B23-285_C1,5
ATCAAACACTGTTCCA-1_V13B23-285_C1,11
ATCAAACGAAGGTTTG-1_V13B23-285_C1,3
ATCAATCTGGGCTGCA-1_V13B23-285_C1,2
ATCAATGCCGTGGCTG-1_V13B23-285_C1,10
ATCACATTAGAATATC-1_V13B23-285_C1,17
ATCACGTGCTAATTAA-1_V13B23-285_C1,10
ATCACTTCATCCTCGC-1_V13B23-285_C1,12
ATCAGACGGCACGCCG-1_V13B23-285_C1,10
ATCAGCCTCATGCTGC-1_V13B23-285_C1,11
ATCAGCTCGTCCACTA-1_V13B23-285_C1,19
ATCAGGTAGCTGACAG-1_V13B23-285_C1,10
ATCAGTAGGCAGGGAT-1_V13B23-285_C1,17
ATCATAGCCCTATGTA-1_V13B23-285_C1,11
ATCATCCAATATTTGT-1_V13B23-285_C1,19
ATCATGGACTACCGAC-1_V13B23-285_C1,11
ATCCAACGCAGTCATA-1_V13B23-285_C1,4
ATCCAATGGAGGGTCC-1_V13B23-285_C1,1
ATCCACATCGACAGAA-1_V13B23-285_C1,19
ATCCAGAGCAACAACC-1_V13B23-285_C1,7
ATCCAGGATTCGTGAA-1_V13B23-285_C1,10
ATCCTACCTAAGCTCT-1_V13B23-285_C1,19
ATCCTGAATCGCTGCG-1_V13B23-285_C1,10
ATCCTGCGTGGAATGG-1_V13B23-285_C1,7
ATCCTTCTGAAAGAAC-1_V13B23-285_C1,11
ATCGACCCAATACAGA-1_V13B23-285_C1,19
ATCGACTCTTTCCGTT-1_V13B23-285_C1,14
ATCGCACGCCGGGAGA-1_V13B23-285_C1,7
ATCGCCAGTCAACATT-1_V13B23-285_C1,11
ATCGCTGCGTGCAGCA-1_V13B23-285_C1,3
ATCGCTTTACGTCTCA-1_V13B23-285_C1,19
ATCGGAGACAGACGGC-1_V13B23-285_C1,19
ATCGGCAAGCAGTCCA-1_V13B23-285_C1,3
ATCGGTTACCTAGTAA-1_V13B23-285_C1,10
ATCGTTAGCTAGCGGA-1_V13B23-285_C1,11
ATCGTTCACTTTCGCC-1_V13B23-285_C1,12
ATCTAACGTCCCTATG-1_V13B23-285_C1,7
ATCTAATATCCTACGG-1_V13B23-285_C1,19
ATCTCCCACGGAATAT-1_V13B23-285_C1,11
ATCTCCCTGCAATCTA-1_V13B23-285_C1,6
ATCTCGTGAGCGAAAC-1_V13B23-285_C1,11
ATCTGATAGTGTCTTA-1_V13B23-285_C1,5
ATCTGCACCTCTGCGA-1_V13B23-285_C1,21
ATCTGGGCTGTTCTTG-1_V13B23-285_C1,19
ATCTGGTTAAGACTGT-1_V13B23-285_C1,18
ATCTGTAATTGTACCC-1_V13B23-285_C1,14
ATCTTGACCTGCAACG-1_V13B23-285_C1,5
ATCTTGACTTGTCCAA-1_V13B23-285_C1,13
ATCTTTCGTATAACCA-1_V13B23-285_C1,1
ATGAAGCCAAGGAGCC-1_V13B23-285_C1,12
ATGACGCCGGCTCTAA-1_V13B23-285_C1,14
ATGACGCGTTCTATCC-1_V13B23-285_C1,13
ATGACTATCAGCTGTG-1_V13B23-285_C1,10
ATGACTATGCGACATT-1_V13B23-285_C1,11
ATGAGGAGTGTTAATC-1_V13B23-285_C1,5
ATGAGGGCAGCGGCTA-1_V13B23-285_C1,11
ATGATCGGGAATAGAC-1_V13B23-285_C1,14
ATGATGCAATGGTACA-1_V13B23-285_C1,5
ATGCACCTTCCTTAAT-1_V13B23-285_C1,1
ATGCACTACCGCATTG-1_V13B23-285_C1,5
ATGCATGATCCAGGAT-1_V13B23-285_C1,17
ATGCCAATCGCTCTGC-1_V13B23-285_C1,14
ATGCCATTTGCGACCA-1_V13B23-285_C1,11
ATGCCGGTCTTGCATA-1_V13B23-285_C1,3
ATGCCGGTTGATGGGA-1_V13B23-285_C1,14
ATGCGACAATTGGTCC-1_V13B23-285_C1,20
ATGCGACAGTCCCATT-1_V13B23-285_C1,2
ATGCGAGTCCCACCAC-1_V13B23-285_C1,11
ATGCTCAGTGTTGCAT-1_V13B23-285_C1,5
ATGCTCTGGCGCGGTA-1_V13B23-285_C1,19
ATGCTTAGGAGTTGAT-1_V13B23-285_C1,11
ATGGAACCTTTGCACA-1_V13B23-285_C1,19
ATGGAGCAGGCCGTGA-1_V13B23-285_C1,12
ATGGATCCGGCGTCCG-1_V13B23-285_C1,14
ATGGATTGACCAAACG-1_V13B23-285_C1,20
ATGGCAGCCGAGAAAC-1_V13B23-285_C1,16
ATGGCGGAATAGTCGC-1_V13B23-285_C1,19
ATGGCTGGAAATGGCC-1_V13B23-285_C1,12
ATGGGACCTGCTGAAC-1_V13B23-285_C1,10
ATGGGCCTCGGCCTCT-1_V13B23-285_C1,11
ATGGTCGCGTGGTTTC-1_V13B23-285_C1,12
ATGTAAGGCTGCTCTT-1_V13B23-285_C1,3
ATGTGAAAGCCTAATG-1_V13B23-285_C1,10
ATGTGCATCCGACGCA-1_V13B23-285_C1,5
ATGTGGACATCTTGAT-1_V13B23-285_C1,19
ATGTTACGAGCAATAC-1_V13B23-285_C1,5
ATGTTCCTGCCCACCT-1_V13B23-285_C1,19
ATGTTCGTCGACCCAC-1_V13B23-285_C1,5
ATGTTTCGGCCCGGAG-1_V13B23-285_C1,10
ATTAAACATGCGGACC-1_V13B23-285_C1,5
ATTAATACTACGCGGG-1_V13B23-285_C1,14
ATTAATGAACCAGTCG-1_V13B23-285_C1,10
ATTAATTCGGTCACTC-1_V13B23-285_C1,14
ATTACAACTACCGGCC-1_V13B23-285_C1,12
ATTACATGTCAGTCTT-1_V13B23-285_C1,11
ATTACCACACTGCCTG-1_V13B23-285_C1,11
ATTACGACTCCACAGT-1_V13B23-285_C1,2
ATTACGCGCTGGCAGG-1_V13B23-285_C1,10
ATTACTAGCCTCTTGC-1_V13B23-285_C1,5
ATTACTTACTGGGCAT-1_V13B23-285_C1,21
ATTAGATTCCTCAGCA-1_V13B23-285_C1,3
ATTAGATTGATAGCGG-1_V13B23-285_C1,14
ATTAGGCGATGCTTTC-1_V13B23-285_C1,11
ATTATACTTTGCTCGT-1_V13B23-285_C1,14
ATTATGCCATAGGGAG-1_V13B23-285_C1,7
ATTATTATGTCCGTCA-1_V13B23-285_C1,10
ATTCAACCATTTAAGG-1_V13B23-285_C1,11
ATTCACTGATGTTGGA-1_V13B23-285_C1,19
ATTCAGGACCTATTTC-1_V13B23-285_C1,3
ATTCAGTAGCAGGGTC-1_V13B23-285_C1,5
ATTCATATACTGTCCA-1_V13B23-285_C1,19
ATTCATCGTTGAGGCA-1_V13B23-285_C1,11
ATTCCCACATAAACAA-1_V13B23-285_C1,5
ATTCCTAAGACGTGGA-1_V13B23-285_C1,3
ATTCCTCCGCCAGTGC-1_V13B23-285_C1,5
ATTCGACGCCGGGCCT-1_V13B23-285_C1,16
ATTCGTGCTATCTCTT-1_V13B23-285_C1,11
ATTCTCGTCTCTTTAG-1_V13B23-285_C1,9
ATTCTTCGTACTTATG-1_V13B23-285_C1,12
ATTGAAGATCTTAGTG-1_V13B23-285_C1,5
ATTGACCGGCGATGAC-1_V13B23-285_C1,21
ATTGACGTAACTCGGT-1_V13B23-285_C1,9
ATTGATAGCAACGAGA-1_V13B23-285_C1,12
ATTGATGAGTCCTAAC-1_V13B23-285_C1,18
ATTGCGATCAGTAACT-1_V13B23-285_C1,11
ATTGCTGCTCCTCCAT-1_V13B23-285_C1,5
ATTGGATTACAGCGTA-1_V13B23-285_C1,11
ATTGGGAATATCTTGG-1_V13B23-285_C1,9
ATTGTACAACTCGGCT-1_V13B23-285_C1,11
ATTGTCGCAATACCTT-1_V13B23-285_C1,3
ATTGTGACTTCGCTGC-1_V13B23-285_C1,2
ATTGTTCAACGATCCG-1_V13B23-285_C1,11
ATTTACAGTTTACTGG-1_V13B23-285_C1,5
ATTTACTAAGTCCATT-1_V13B23-285_C1,17
ATTTCATTATTTCGCG-1_V13B23-285_C1,14
ATTTCCGGGTTCTGCG-1_V13B23-285_C1,10
ATTTGCGCGAGTAGCT-1_V13B23-285_C1,21
ATTTGTCTTGGGAGCT-1_V13B23-285_C1,11
ATTTGTTCCAGGGCTC-1_V13B23-285_C1,14
CAAACGAGTATCGCAG-1_V13B23-285_C1,12
CAAACGGTCGCACTTT-1_V13B23-285_C1,5
CAAACTACGATAGAGA-1_V13B23-285_C1,12
CAAACTATTGAGCTTC-1_V13B23-285_C1,9
CAAACTCGCGACGCCG-1_V13B23-285_C1,11
CAAAGATTATTGGGCC-1_V13B23-285_C1,10
CAAAGGTCATCTGAAA-1_V13B23-285_C1,8
CAAATCTCTCACAAGG-1_V13B23-285_C1,16
CAAATGTCCTTCCGTG-1_V13B23-285_C1,5
CAAATTGGATTATGCC-1_V13B23-285_C1,2
CAAATTGTCAGCAAGC-1_V13B23-285_C1,6
CAACACATCTCCTGCC-1_V13B23-285_C1,13
CAACCAGTGGCCTACC-1_V13B23-285_C1,11
CAACCGCACCTAGACA-1_V13B23-285_C1,18
CAACCTACCGAGCAGT-1_V13B23-285_C1,11
CAACCTGAACCTGCCA-1_V13B23-285_C1,2
CAACGACCCGTTTACA-1_V13B23-285_C1,12
CAACGGTTCTTGATAC-1_V13B23-285_C1,4
CAACGTGGTGGAGTCT-1_V13B23-285_C1,11
CAACTCCGTAACTTGC-1_V13B23-285_C1,15
CAACTCCTTGATCCCG-1_V13B23-285_C1,12
CAACTGCTCATCCGAT-1_V13B23-285_C1,10
CAAGACTCAGAAGCGC-1_V13B23-285_C1,2
CAAGAGGGCGGAGTAC-1_V13B23-285_C1,19
CAAGATATTATAACGT-1_V13B23-285_C1,11
CAAGCAACGTCGGAGT-1_V13B23-285_C1,5
CAAGCACCAAATGCCT-1_V13B23-285_C1,14
CAAGCGGCACATAATT-1_V13B23-285_C1,19
CAAGGATCGCATGTTC-1_V13B23-285_C1,19
CAAGGTCCTATAGGCT-1_V13B23-285_C1,13
CAAGTGTGGTTGCAAA-1_V13B23-285_C1,11
CAATAAACCTTGGCCC-1_V13B23-285_C1,14
CAATACGAGAGTCTGA-1_V13B23-285_C1,11
CAATATGTAGATTTAC-1_V13B23-285_C1,15
CAATATTCTTGACCTA-1_V13B23-285_C1,10
CAATCCCTATACCAGC-1_V13B23-285_C1,12
CAATCCTGCCGTGGAG-1_V13B23-285_C1,5
CAATGAGGTTCGACTA-1_V13B23-285_C1,16
CAATGCGAGAAGTATC-1_V13B23-285_C1,11
CAATGGAATCTACATA-1_V13B23-285_C1,12
CAATGGATCTCTACCA-1_V13B23-285_C1,1
CAATGTGCCAACCCTT-1_V13B23-285_C1,11
CAATTAAGGGTGATGA-1_V13B23-285_C1,18
CAATTTCGTATAAGGG-1_V13B23-285_C1,19
CACAAGAAAGATATTA-1_V13B23-285_C1,20
CACAATGAGCTGCTAT-1_V13B23-285_C1,5
CACACACGCTAACGAG-1_V13B23-285_C1,11
CACACAGCTTGCGCTC-1_V13B23-285_C1,11
CACACAGGGATAGATT-1_V13B23-285_C1,5
CACACGCGCTGTCTTA-1_V13B23-285_C1,17
CACAGCACCCACGGCA-1_V13B23-285_C1,17
CACAGCTAGGGAGTGA-1_V13B23-285_C1,14
CACAGGGCCATATAGT-1_V13B23-285_C1,11
CACAGGGCCGTTGTCA-1_V13B23-285_C1,10
CACAGTCCCGCTTCGC-1_V13B23-285_C1,11
CACAGTTCGCTTCCCA-1_V13B23-285_C1,11
CACATATTAGCAGGAT-1_V13B23-285_C1,19
CACATCGTGCACGCGC-1_V13B23-285_C1,10
CACATCTCACCGACGA-1_V13B23-285_C1,19
CACATGATTCAGCAAC-1_V13B23-285_C1,19
CACATTCTTTCGATGG-1_V13B23-285_C1,3
CACATTTCTTGTCAGA-1_V13B23-285_C1,11
CACCACGCCACACAGA-1_V13B23-285_C1,3
CACCAGTCAGCATGCA-1_V13B23-285_C1,10
CACCATCGGAGGAGAC-1_V13B23-285_C1,9
CACCATGATCGCAAAG-1_V13B23-285_C1,2
CACCCAAATCTTATGT-1_V13B23-285_C1,11
CACCCACACGTCACCC-1_V13B23-285_C1,5
CACCCACGAGGCAATT-1_V13B23-285_C1,14
CACCCGGTTTGTGACT-1_V13B23-285_C1,10
CACCCTAACAAGATCT-1_V13B23-285_C1,19
CACCCTTGGTGAGACC-1_V13B23-285_C1,12
CACCGATACACCGAGC-1_V13B23-285_C1,20
CACCGCCAGAAGGTTT-1_V13B23-285_C1,7
CACCGCCGACCAGCGA-1_V13B23-285_C1,9
CACCGCGTCCACTCTA-1_V13B23-285_C1,12
CACCGTATCCCATCCG-1_V13B23-285_C1,11
CACCGTTAGGGATCAC-1_V13B23-285_C1,10
CACCGTTGCGCGATAT-1_V13B23-285_C1,7
CACCTAATAGAGTCGT-1_V13B23-285_C1,5
CACCTAATCAGTTTAC-1_V13B23-285_C1,14
CACCTCGATGGTGGAC-1_V13B23-285_C1,6
CACCTTGCGAAACTCG-1_V13B23-285_C1,17
CACCTTGGCGCCTTTG-1_V13B23-285_C1,12
CACGAAAGTTAGTCCC-1_V13B23-285_C1,5
CACGCACAGCGCAGCT-1_V13B23-285_C1,16
CACGCAGCGAGGCTTT-1_V13B23-285_C1,5
CACGCGGAACTGTTGC-1_V13B23-285_C1,11
CACGGACGTGGATGGC-1_V13B23-285_C1,2
CACGGCGCGCCAAAGG-1_V13B23-285_C1,3
CACGGGATTGAGGGTT-1_V13B23-285_C1,5
CACGTCGGCAACCTCT-1_V13B23-285_C1,10
CACGTTCGTGCTCTAG-1_V13B23-285_C1,11
CACGTTTCGTACACAC-1_V13B23-285_C1,11
CACTAAAGTTGCCTAT-1_V13B23-285_C1,5
CACTACGGGAGCTGCC-1_V13B23-285_C1,11
CACTCAAGAGCTATGG-1_V13B23-285_C1,5
CACTCAGCTCTTGAGG-1_V13B23-285_C1,9
CACTCCTATGTAAGAT-1_V13B23-285_C1,10
CACTCCTCTCGGTCGG-1_V13B23-285_C1,3
CACTCGAGCTGAACAA-1_V13B23-285_C1,19
CACTCGGTTAGGAGGA-1_V13B23-285_C1,5
CACTCTTCTGCTAGCC-1_V13B23-285_C1,11
CACTGTCCAAGTGAGA-1_V13B23-285_C1,5
CACTTAATCAGACGGA-1_V13B23-285_C1,5
CACTTCGCCACAGGCT-1_V13B23-285_C1,5
CACTTCGTCTTATCTC-1_V13B23-285_C1,5
CAGAACTTAGCCCTCT-1_V13B23-285_C1,11
CAGAATAACACACGGA-1_V13B23-285_C1,11
CAGAATATTCGTTATC-1_V13B23-285_C1,11
CAGACACCGATCGCTG-1_V13B23-285_C1,17
CAGACCTGTAAGTGTT-1_V13B23-285_C1,18
CAGACGAACCTGATAC-1_V13B23-285_C1,10
CAGAGACGGTCACCCA-1_V13B23-285_C1,10
CAGAGCATGAGCTTGC-1_V13B23-285_C1,17
CAGAGGCGATGCATGA-1_V13B23-285_C1,10
CAGAGTGATTTAACGT-1_V13B23-285_C1,9
CAGATACTAACATAGT-1_V13B23-285_C1,5
CAGATCATTTAAAGTC-1_V13B23-285_C1,3
CAGATCCTGGTTTGAA-1_V13B23-285_C1,10
CAGCAGCCCGTTCCTT-1_V13B23-285_C1,3
CAGCAGTCCAGACTAT-1_V13B23-285_C1,11
CAGCAGTCTGTGCTGC-1_V13B23-285_C1,19
CAGCCGGGCCCTCTAT-1_V13B23-285_C1,18
CAGCCTCCTGCAGAGG-1_V13B23-285_C1,12
CAGCCTCGATAGCGGT-1_V13B23-285_C1,11
CAGCCTCTCCTCAAGA-1_V13B23-285_C1,3
CAGCGATTCCCTTCAA-1_V13B23-285_C1,10
CAGCTCACTGAGACAT-1_V13B23-285_C1,2
CAGCTCGACAAGTTAA-1_V13B23-285_C1,1
CAGCTCGTGCTTGTGT-1_V13B23-285_C1,9
CAGCTGGCGTAACCGT-1_V13B23-285_C1,18
CAGCTTAGTAGGTAGC-1_V13B23-285_C1,5
CAGGAAGACTTTATAT-1_V13B23-285_C1,4
CAGGACAGCTGCCCTT-1_V13B23-285_C1,19
CAGGATATATCGTTGT-1_V13B23-285_C1,19
CAGGCCGTTTGGGTGT-1_V13B23-285_C1,10
CAGGCGCACGGTGGTC-1_V13B23-285_C1,17
CAGGCGCCATGCTAGG-1_V13B23-285_C1,19
CAGTAACTATTTATTG-1_V13B23-285_C1,3
CAGTAATCCCTCCCAG-1_V13B23-285_C1,5
CAGTACATTCTCTAAA-1_V13B23-285_C1,3
CAGTACCAGTTTACGT-1_V13B23-285_C1,18
CAGTAGCCCACGCGGT-1_V13B23-285_C1,3
CAGTCGAGGATGCAAT-1_V13B23-285_C1,7
CAGTCTGTATACTGGG-1_V13B23-285_C1,19
CAGTGAATAAATGACT-1_V13B23-285_C1,4
CAGTGGTTGCACATGA-1_V13B23-285_C1,5
CAGTGTCCGCAGAATG-1_V13B23-285_C1,9
CAGTGTCGGCTGGCCC-1_V13B23-285_C1,11
CAGTTCAAATTGACAC-1_V13B23-285_C1,5
CAGTTCCGCGGGTCGA-1_V13B23-285_C1,5
CATAACGGACAGTCGT-1_V13B23-285_C1,11
CATAAGAAGCTTGGCT-1_V13B23-285_C1,19
CATAAGCTCTCCGTCT-1_V13B23-285_C1,3
CATACAAAGCCGAACC-1_V13B23-285_C1,9
CATACACGGTTCCCAC-1_V13B23-285_C1,10
CATACCCGTACCCAGT-1_V13B23-285_C1,10
CATACGGCGTCTGGGC-1_V13B23-285_C1,19
CATACTATGTAATTGT-1_V13B23-285_C1,5
CATACTTAGGCAATAC-1_V13B23-285_C1,11
CATAGCCGCCCGGGAT-1_V13B23-285_C1,5
CATAGCGTTGCCCACC-1_V13B23-285_C1,10
CATAGTACATTGAGAG-1_V13B23-285_C1,14
CATAGTAGCATAGTAG-1_V13B23-285_C1,7
CATAGTCCACAAGAAC-1_V13B23-285_C1,10
CATATACTACTGATAA-1_V13B23-285_C1,3
CATATAGGTACAGTCA-1_V13B23-285_C1,5
CATATGTCAGGCTACG-1_V13B23-285_C1,16
CATATTATTTGCCCTA-1_V13B23-285_C1,9
CATCAAACTGGCGCCC-1_V13B23-285_C1,2
CATCAACACCTACTAA-1_V13B23-285_C1,21
CATCATCTACCCGGAC-1_V13B23-285_C1,9
CATCATTACCCTGAGG-1_V13B23-285_C1,11
CATCCGCAGGCCCGAA-1_V13B23-285_C1,12
CATCCTCTCAAAGATC-1_V13B23-285_C1,11
CATCGCCCGCGGCCAA-1_V13B23-285_C1,9
CATCGGACGGGTTAAT-1_V13B23-285_C1,5
CATCGTCCGGTTACTA-1_V13B23-285_C1,5
CATCTAGTGAAGGGAA-1_V13B23-285_C1,11
CATCTATCCCGTGTCT-1_V13B23-285_C1,3
CATCTGCAGGATCATT-1_V13B23-285_C1,16
CATCTTACACCACCTC-1_V13B23-285_C1,11
CATGACTTCGCTGAAT-1_V13B23-285_C1,11
CATGAGATGCACTCTC-1_V13B23-285_C1,19
CATGATGCACAATTCT-1_V13B23-285_C1,14
CATGATGGAAGTTAGC-1_V13B23-285_C1,11
CATGCCAACTCGCAAA-1_V13B23-285_C1,3
CATGCGACCAGTTTAA-1_V13B23-285_C1,18
CATGCGTTAGACAGAA-1_V13B23-285_C1,6
CATGCTGGCTCCAATT-1_V13B23-285_C1,6
CATGGATTGTCTTCCG-1_V13B23-285_C1,11
CATGGCAGGAAGATCG-1_V13B23-285_C1,14
CATGGGTATGCCTTAT-1_V13B23-285_C1,19
CATGGGTCGGGTGTGG-1_V13B23-285_C1,8
CATGGTAAGTAGCGTT-1_V13B23-285_C1,19
CATGGTCTAGATACCG-1_V13B23-285_C1,20
CATGTAAGAGACATTT-1_V13B23-285_C1,11
CATGTAGGAGCGCCAA-1_V13B23-285_C1,3
CATGTCTCATTTATGG-1_V13B23-285_C1,11
CATTACATAGATTGTG-1_V13B23-285_C1,3
CATTACGTCGGCCCGT-1_V13B23-285_C1,14
CATTATGCTTGTTGTG-1_V13B23-285_C1,1
CATTCCCATTCCGTCG-1_V13B23-285_C1,13
CATTCCCTAAGTACAA-1_V13B23-285_C1,5
CATTCGTCGTAGCGGT-1_V13B23-285_C1,11
CATTGATGAACACGCC-1_V13B23-285_C1,2
CATTGCGAAATGGGCG-1_V13B23-285_C1,3
CATTGCGGGTCAATTC-1_V13B23-285_C1,17
CATTGTGTGCTAGATC-1_V13B23-285_C1,5
CATTTAGCGGACCATG-1_V13B23-285_C1,7
CATTTCTAGCAGACTA-1_V13B23-285_C1,5
CATTTGAGTGGTACGT-1_V13B23-285_C1,10
CCAAACAGAACCCTCG-1_V13B23-285_C1,5
CCAAATAACAAGATTC-1_V13B23-285_C1,11
CCAACGATGCACTGAT-1_V13B23-285_C1,5
CCAACGCTTGCCAGGG-1_V13B23-285_C1,9
CCAACTTGATAGATCC-1_V13B23-285_C1,11
CCAAGAAAGTGGGCGA-1_V13B23-285_C1,10
CCAAGACTTCTGCGAA-1_V13B23-285_C1,14
CCAAGCGTAACTCGTA-1_V13B23-285_C1,12
CCAAGGAACAGAGAGG-1_V13B23-285_C1,9
CCAAGTTTCTACAGAT-1_V13B23-285_C1,20
CCAATAGTGCCGTCGA-1_V13B23-285_C1,5
CCAATCGGTAGATCGA-1_V13B23-285_C1,3
CCAATGTCACAGCAAG-1_V13B23-285_C1,5
CCAATTACGGGTCGAG-1_V13B23-285_C1,3
CCAATTGAATGTTAAT-1_V13B23-285_C1,20
CCACAATGTACGTCTT-1_V13B23-285_C1,3
CCACACTGAGATATTA-1_V13B23-285_C1,17
CCACAGTACCCATCCT-1_V13B23-285_C1,11
CCACATACTGCACCCA-1_V13B23-285_C1,11
CCACCAACTTTACTGT-1_V13B23-285_C1,10
CCACCCAAGGAAAGTG-1_V13B23-285_C1,11
CCACCTGTATGGAATA-1_V13B23-285_C1,11
CCACGAATTTAACCTC-1_V13B23-285_C1,11
CCACGAGAAGAGAATC-1_V13B23-285_C1,6
CCACGGAGCCATAAGA-1_V13B23-285_C1,1
CCACGGTGCCCGGTAG-1_V13B23-285_C1,11
CCACGTAAATTAGACT-1_V13B23-285_C1,19
CCACTATCCGGGTCAC-1_V13B23-285_C1,21
CCACTGGTGGCTGGTT-1_V13B23-285_C1,5
CCACTGTTTGGATTAA-1_V13B23-285_C1,11
CCAGAAAGCAACTCAT-1_V13B23-285_C1,10
CCAGAGACAAAGCCGG-1_V13B23-285_C1,5
CCAGATAGTTGAGTGA-1_V13B23-285_C1,3
CCAGATGTAAATGGGT-1_V13B23-285_C1,2
CCAGCCTGGACCAATA-1_V13B23-285_C1,19
CCAGCGGGATCACCAG-1_V13B23-285_C1,2
CCAGCTCGAACGCATT-1_V13B23-285_C1,4
CCAGCTGATGGTACTT-1_V13B23-285_C1,3
CCAGCTTCCGCCCGCA-1_V13B23-285_C1,5
CCAGGCTGGCGTCTGA-1_V13B23-285_C1,11
CCAGGGACGTGGCCTC-1_V13B23-285_C1,5
CCAGTAGTCTGATCCA-1_V13B23-285_C1,1
CCAGTCAAATCTCTTA-1_V13B23-285_C1,7
CCAGTCTAGACGGCGC-1_V13B23-285_C1,3
CCAGTCTTGTCATAGA-1_V13B23-285_C1,17
CCATAAACAACCCGAC-1_V13B23-285_C1,14
CCATACCTTTACTTGT-1_V13B23-285_C1,21
CCATAGGTTGGCGTGG-1_V13B23-285_C1,14
CCATAGTCAGTAACCC-1_V13B23-285_C1,12
CCATATGGAAACTATA-1_V13B23-285_C1,11
CCATATTGGATCATGA-1_V13B23-285_C1,9
CCATCCATACCAAGTC-1_V13B23-285_C1,9
CCATCGCAGTTAAACT-1_V13B23-285_C1,19
CCATCTCACCAGTGAA-1_V13B23-285_C1,11
CCATGCCCTAGATTTC-1_V13B23-285_C1,11
CCATGCCTGTTTAGTA-1_V13B23-285_C1,5
CCATGCTCTGCAGGAA-1_V13B23-285_C1,20
CCATGGCCCTTGTACC-1_V13B23-285_C1,5
CCATTAGCGATAATCC-1_V13B23-285_C1,5
CCATTCCCTGCCCACA-1_V13B23-285_C1,5
CCATTGTTTCCTCCAT-1_V13B23-285_C1,3
CCATTTCTACCTATTA-1_V13B23-285_C1,19
CCCAAACATGCTGCTC-1_V13B23-285_C1,7
CCCAACATACGTCGCG-1_V13B23-285_C1,16
CCCAACCACACTAACA-1_V13B23-285_C1,9
CCCAATGAGATTTGCA-1_V13B23-285_C1,10
CCCAATTTCACAACTT-1_V13B23-285_C1,10
CCCAGAGGAGGGCGTA-1_V13B23-285_C1,3
CCCAGGTCTGAAGGCT-1_V13B23-285_C1,11
CCCAGTTAAGGCGCCG-1_V13B23-285_C1,11
CCCGAAGTTTCGCGAA-1_V13B23-285_C1,13
CCCGACCATAGTCCGC-1_V13B23-285_C1,14
CCCGAGTTTCTCCGTA-1_V13B23-285_C1,11
CCCGATAGCCTCGCCT-1_V13B23-285_C1,10
CCCGCAGCGCGAACTA-1_V13B23-285_C1,19
CCCGCAGGGCCCAAAG-1_V13B23-285_C1,14
CCCGCCATGCTCCCGT-1_V13B23-285_C1,12
CCCGCGCAATGCACCC-1_V13B23-285_C1,5
CCCGGTGGAAGAACCT-1_V13B23-285_C1,5
CCCGGTGTATCGGAAT-1_V13B23-285_C1,4
CCCGTAGCTGGGAAGA-1_V13B23-285_C1,10
CCCGTCAGCGTCTGAC-1_V13B23-285_C1,5
CCCGTTTCGCAGATGT-1_V13B23-285_C1,11
CCCTATGTAGAGCAGA-1_V13B23-285_C1,16
CCCTCATTCTGGAATT-1_V13B23-285_C1,14
CCCTCCTCGCTCGTAT-1_V13B23-285_C1,11
CCCTGAAATGAGTTGA-1_V13B23-285_C1,5
CCCTGACTAACAAATT-1_V13B23-285_C1,3
CCCTGATGTAACTCGT-1_V13B23-285_C1,5
CCCTGCCCAATCCGCT-1_V13B23-285_C1,5
CCCTGCGCTACGCATA-1_V13B23-285_C1,5
CCCTGTTGGCAAAGAC-1_V13B23-285_C1,14
CCCTTTAATGGAGTTC-1_V13B23-285_C1,11
CCCTTTGACAGGTCTT-1_V13B23-285_C1,12
CCGAAAGTGGTGAGCA-1_V13B23-285_C1,5
CCGAACACTGGGCCTC-1_V13B23-285_C1,3
CCGAACCTTCCCGGCC-1_V13B23-285_C1,19
CCGAAGGGCGTACCGC-1_V13B23-285_C1,18
CCGAAGTATATTGTTC-1_V13B23-285_C1,5
CCGACAAACACATGAG-1_V13B23-285_C1,5
CCGACAAAGGGAGTGC-1_V13B23-285_C1,5
CCGACAATAGGCCGCC-1_V13B23-285_C1,11
CCGACGGGCATGAGGT-1_V13B23-285_C1,13
CCGACGTAAACACAAC-1_V13B23-285_C1,12
CCGAGAAGTCGCATAA-1_V13B23-285_C1,11
CCGAGCTGTGCTTGTC-1_V13B23-285_C1,3
CCGATATGACGTAAGG-1_V13B23-285_C1,11
CCGATCTCAACCTTAT-1_V13B23-285_C1,11
CCGATTCGAGGGACCC-1_V13B23-285_C1,5
CCGCACAAAGACCAAC-1_V13B23-285_C1,11
CCGCACACGAACGTGT-1_V13B23-285_C1,11
CCGCACGTGACCTCGG-1_V13B23-285_C1,5
CCGCATGTGGTACGAT-1_V13B23-285_C1,19
CCGCCGGTCAACACAC-1_V13B23-285_C1,6
CCGCCGTTGAGGATAA-1_V13B23-285_C1,11
CCGCCTGCGAATTGGT-1_V13B23-285_C1,3
CCGCGGAATGCGTCAC-1_V13B23-285_C1,10
CCGCGGGTACGAAGAA-1_V13B23-285_C1,5
CCGCGTAGGTAAGGGC-1_V13B23-285_C1,5
CCGCTATCAGCACCAG-1_V13B23-285_C1,19
CCGCTCTTCCGAACTA-1_V13B23-285_C1,11
CCGCTTACCTCACTCT-1_V13B23-285_C1,10
CCGCTTGCTGACATGG-1_V13B23-285_C1,3
CCGGAAGTTATCAGTC-1_V13B23-285_C1,11
CCGGAATGGTTTCAGT-1_V13B23-285_C1,5
CCGGAGCGTACTTTCT-1_V13B23-285_C1,1
CCGGAGGTCTTATGGT-1_V13B23-285_C1,16
CCGGCACGACCGTTTC-1_V13B23-285_C1,11
CCGGCGCATATTGGAT-1_V13B23-285_C1,6
CCGGGCGGTCTCGTCA-1_V13B23-285_C1,16
CCGGGCTGCTCCATAC-1_V13B23-285_C1,11
CCGGGTTCGAGGTTAC-1_V13B23-285_C1,10
CCGGTAATGGCTAGTC-1_V13B23-285_C1,11
CCGGTTTGTAATTGTG-1_V13B23-285_C1,10
CCGTAAGTTGGTCCCA-1_V13B23-285_C1,11
CCGTACCCAAGCGCCA-1_V13B23-285_C1,9
CCGTAGGAAATCCCTG-1_V13B23-285_C1,11
CCGTAGGGTTGTTTAC-1_V13B23-285_C1,11
CCGTATCTCGTCGTAG-1_V13B23-285_C1,21
CCGTATTAGCGCAGTT-1_V13B23-285_C1,3
CCGTGAGGCATTCATG-1_V13B23-285_C1,19
CCGTGCCCATGACGGC-1_V13B23-285_C1,9
CCGTGGAACGATCCAA-1_V13B23-285_C1,13
CCGTGTTAAATTCCAT-1_V13B23-285_C1,10
CCGTTACGTTAGAACA-1_V13B23-285_C1,5
CCGTTCCGAATCTCGG-1_V13B23-285_C1,5
CCTAAAGGCTGACGCT-1_V13B23-285_C1,14
CCTAAATTAACGGTTC-1_V13B23-285_C1,19
CCTAAATTGTATCCTA-1_V13B23-285_C1,11
CCTAACCCAAACAAGT-1_V13B23-285_C1,11
CCTAACTAAGGCTCTA-1_V13B23-285_C1,21
CCTACAAGTCCGGAAT-1_V13B23-285_C1,15
CCTACATTCACAGACG-1_V13B23-285_C1,18
CCTACGGCTCAGTCGA-1_V13B23-285_C1,5
CCTACTCAACACGATT-1_V13B23-285_C1,11
CCTACTGCGGCGGCCA-1_V13B23-285_C1,2
CCTACTGCTTACACTT-1_V13B23-285_C1,5
CCTAGGCGTAGCGATC-1_V13B23-285_C1,11
CCTAGGTAAAGGTAGC-1_V13B23-285_C1,18
CCTAGTTAGTCGCATG-1_V13B23-285_C1,6
CCTATAATGAGTGCCC-1_V13B23-285_C1,19
CCTATACCGTCCTGTC-1_V13B23-285_C1,10
CCTATATCGTGTCACG-1_V13B23-285_C1,1
CCTATATTTGTCCTGG-1_V13B23-285_C1,10
CCTATCTATATCGGAA-1_V13B23-285_C1,4
CCTATGAAGTGGTGCC-1_V13B23-285_C1,11
CCTATGGCTCCTAGTG-1_V13B23-285_C1,10
CCTATGGGTTACCGTC-1_V13B23-285_C1,13
CCTATGTCCACTCCAC-1_V13B23-285_C1,11
CCTCACCAATCTTGAC-1_V13B23-285_C1,5
CCTCACCTGAGGGAGC-1_V13B23-285_C1,3
CCTCACCTTAGCATCG-1_V13B23-285_C1,18
CCTCACGTCAGCTAAT-1_V13B23-285_C1,7
CCTCCCGACAATCCCT-1_V13B23-285_C1,9
CCTCCGACAATTCAAG-1_V13B23-285_C1,5
CCTCCTGTTGTGTCGT-1_V13B23-285_C1,11
CCTCGAAGTGGACGGG-1_V13B23-285_C1,6
CCTCGCCAGCAAATTA-1_V13B23-285_C1,14
CCTCGCGCGATATAGG-1_V13B23-285_C1,21
CCTCGCGCTGTGCGAT-1_V13B23-285_C1,19
CCTCGGACCGGGATAG-1_V13B23-285_C1,11
CCTCGGATGCTACCTG-1_V13B23-285_C1,5
CCTCTAATCTGCCAAG-1_V13B23-285_C1,19
CCTCTATCGATTAGCA-1_V13B23-285_C1,1
CCTCTCTCCCATCTAG-1_V13B23-285_C1,5
CCTCTGGCCTAGACGG-1_V13B23-285_C1,6
CCTCTGTACTATTCTA-1_V13B23-285_C1,12
CCTGAACGATATATTC-1_V13B23-285_C1,11
CCTGAATATTTACATA-1_V13B23-285_C1,14
CCTGACCACCGATGGT-1_V13B23-285_C1,19
CCTGCCCGTTGTCTAG-1_V13B23-285_C1,13
CCTGCGTTCTACGCTT-1_V13B23-285_C1,5
CCTGCTATTTGAGAAG-1_V13B23-285_C1,5
CCTGGAAACGTTCTGC-1_V13B23-285_C1,11
CCTGGCTAGACCCGCC-1_V13B23-285_C1,5
CCTGGTCGAATGTGGG-1_V13B23-285_C1,19
CCTGTAAGACATGATA-1_V13B23-285_C1,5
CCTGTACTCACGCCCA-1_V13B23-285_C1,5
CCTGTCACCCGGGCTC-1_V13B23-285_C1,17
CCTGTCCCTCACGTTA-1_V13B23-285_C1,11
CCTGTCGCCCGTAAAT-1_V13B23-285_C1,19
CCTGTTTGAAGACACG-1_V13B23-285_C1,11
CCTTCAGTTAAAGTGA-1_V13B23-285_C1,10
CCTTCTCAGCGTTCCT-1_V13B23-285_C1,3
CCTTCTTGATCCAGTG-1_V13B23-285_C1,14
CCTTGACCACTTTATT-1_V13B23-285_C1,11
CCTTTAAGGGAGCACT-1_V13B23-285_C1,10
CCTTTCAATGAAGAAA-1_V13B23-285_C1,7
CGAAACATAGATGGCA-1_V13B23-285_C1,9
CGAAACGCAATTCATG-1_V13B23-285_C1,7
CGAACAGTATGGGCGT-1_V13B23-285_C1,11
CGAACCCGCATGCGTC-1_V13B23-285_C1,10
CGAACGCCCAGTGCCG-1_V13B23-285_C1,6
CGAACGGCCGGACAAC-1_V13B23-285_C1,5
CGAAGCTATAAATTCA-1_V13B23-285_C1,3
CGAAGTTGCTCTGTGT-1_V13B23-285_C1,5
CGAATCTGCTCGACGC-1_V13B23-285_C1,10
CGAATGACGCATAATG-1_V13B23-285_C1,10
CGACAATTTGATCTAA-1_V13B23-285_C1,11
CGACACGCTCCGACAG-1_V13B23-285_C1,11
CGACAGTTCGCGTTAT-1_V13B23-285_C1,5
CGACATGCGATCTTCT-1_V13B23-285_C1,9
CGACCCTTAACGCCGG-1_V13B23-285_C1,1
CGACTCAGGATGTTAT-1_V13B23-285_C1,17
CGACTTTGTATAGCCT-1_V13B23-285_C1,13
CGAGACCCTAGAGTGT-1_V13B23-285_C1,12
CGAGAGATGTGAACCT-1_V13B23-285_C1,3
CGAGAGGGTAGCCGCG-1_V13B23-285_C1,11
CGAGATTTCGCTCGGG-1_V13B23-285_C1,11
CGAGCACTTCAAGTTT-1_V13B23-285_C1,5
CGAGCGTTGATCAGCC-1_V13B23-285_C1,9
CGAGCTGGGCTTTAGG-1_V13B23-285_C1,6
CGAGGAGCTTCCATAT-1_V13B23-285_C1,18
CGAGGATCGGGAACGA-1_V13B23-285_C1,3
CGAGGCCAGGCATTGG-1_V13B23-285_C1,5
CGAGGCTAAATATGGC-1_V13B23-285_C1,18
CGAGGGACTGCGGTCG-1_V13B23-285_C1,11
CGAGTACTAAAGAGGA-1_V13B23-285_C1,10
CGAGTGAAGGTACCAG-1_V13B23-285_C1,10
CGAGTTCTGTCCCACC-1_V13B23-285_C1,3
CGAGTTTATCGGACTG-1_V13B23-285_C1,11
CGATAATACTCAGGTT-1_V13B23-285_C1,11
CGATACCTCGCGGACA-1_V13B23-285_C1,16
CGATCCGACCCAGTGC-1_V13B23-285_C1,5
CGATCTGTTGGAGGAC-1_V13B23-285_C1,10
CGATGGACCCTACGCC-1_V13B23-285_C1,1
CGATTAAATATCTCCT-1_V13B23-285_C1,19
CGATTCGCCTGGCTGC-1_V13B23-285_C1,19
CGCAAACACGAGTTAC-1_V13B23-285_C1,5
CGCAATTACTTTCGGT-1_V13B23-285_C1,5
CGCAATTAGGGTAATA-1_V13B23-285_C1,5
CGCAATTCTACAATAA-1_V13B23-285_C1,5
CGCACATGTCCACTAC-1_V13B23-285_C1,11
CGCACGTGCGCTATCA-1_V13B23-285_C1,11
CGCAGATCTTCACCCG-1_V13B23-285_C1,3
CGCAGGCGATCCAAAC-1_V13B23-285_C1,11
CGCATCATGGCTTCAG-1_V13B23-285_C1,20
CGCATCCATCAGCCAG-1_V13B23-285_C1,3
CGCATGGTGCGATGCT-1_V13B23-285_C1,19
CGCATTAGCTAATAGG-1_V13B23-285_C1,17
CGCCAAGAAGCCGAGT-1_V13B23-285_C1,12
CGCCAATTATTGCGTT-1_V13B23-285_C1,20
CGCCACAGGTCGCGAT-1_V13B23-285_C1,17
CGCCATCCGATTATGA-1_V13B23-285_C1,17
CGCCCAGCACGCCTAG-1_V13B23-285_C1,10
CGCCCGCTTCCGTACA-1_V13B23-285_C1,14
CGCCCTTGAAGGCTGA-1_V13B23-285_C1,5
CGCCGCCCATGCCTGT-1_V13B23-285_C1,11
CGCCGTCTACCCATCG-1_V13B23-285_C1,19
CGCCGTTCAGCATAGT-1_V13B23-285_C1,11
CGCCTCCCTCCTCTAT-1_V13B23-285_C1,19
CGCCTGGCCTACGTAA-1_V13B23-285_C1,3
CGCCTTTAGCATGCTC-1_V13B23-285_C1,11
CGCGACACTGCGCAGC-1_V13B23-285_C1,5
CGCGACCGCGACAGAT-1_V13B23-285_C1,19
CGCGAGAGGGACTTGT-1_V13B23-285_C1,20
CGCGAGTCTGCCGGGT-1_V13B23-285_C1,10
CGCGCAAATGTCCAGA-1_V13B23-285_C1,10
CGCGCATGTTTGATTG-1_V13B23-285_C1,7
CGCGCCCGACTTAATA-1_V13B23-285_C1,14
CGCGGCAGTATTACGG-1_V13B23-285_C1,20
CGCGGCTCAACTTGAA-1_V13B23-285_C1,11
CGCGGGAATTAGGCAG-1_V13B23-285_C1,3
CGCGGTAAGTCTAGCT-1_V13B23-285_C1,1
CGCGGTACGGTATACA-1_V13B23-285_C1,11
CGCGGTCACAAACCAA-1_V13B23-285_C1,12
CGCGTTCATGAAATAC-1_V13B23-285_C1,12
CGCTACGGGACATTTA-1_V13B23-285_C1,5
CGCTAGAGACCGCTGC-1_V13B23-285_C1,11
CGCTATACCGCCCACT-1_V13B23-285_C1,9
CGCTATTCAATGTATG-1_V13B23-285_C1,5
CGCTATTCTTAGGCTC-1_V13B23-285_C1,19
CGCTCGACATAATGAT-1_V13B23-285_C1,20
CGCTCTCCGTAGATTA-1_V13B23-285_C1,5
CGCTGGTGACTACCCT-1_V13B23-285_C1,11
CGCTGTGACGCCGCAC-1_V13B23-285_C1,5
CGCTGTGTGGATGTTG-1_V13B23-285_C1,10
CGCTTATTCCCGGTCG-1_V13B23-285_C1,7
CGCTTCCACTGAAATC-1_V13B23-285_C1,12
CGCTTTCATACCGGTG-1_V13B23-285_C1,6
CGCTTTCTTGCATTCG-1_V13B23-285_C1,1
CGGAAAGAATCAAACG-1_V13B23-285_C1,10
CGGAAAGCAAATGTGC-1_V13B23-285_C1,16
CGGAACGTAAACATAG-1_V13B23-285_C1,10
CGGAGCAATTTAATCG-1_V13B23-285_C1,19
CGGAGCATGGCGATCC-1_V13B23-285_C1,12
CGGAGCTTATAACACC-1_V13B23-285_C1,12
CGGAGTTTGAGAGACA-1_V13B23-285_C1,5
CGGATAAGCGGACATG-1_V13B23-285_C1,5
CGGATCCTCAAGGACT-1_V13B23-285_C1,19
CGGCAAACATCGTGCG-1_V13B23-285_C1,19
CGGCAATAAGATCGCC-1_V13B23-285_C1,11
CGGCACCGTTAGCGCC-1_V13B23-285_C1,12
CGGCACTCAAGAAAGT-1_V13B23-285_C1,9
CGGCCACGCACAAAGT-1_V13B23-285_C1,8
CGGCCCAACCTGTAGT-1_V13B23-285_C1,16
CGGCCCAGGTATATCC-1_V13B23-285_C1,11
CGGCGCCATCAATCCC-1_V13B23-285_C1,11
CGGCTCTAAAGCTGCA-1_V13B23-285_C1,11
CGGCTCTTCGTCGAAC-1_V13B23-285_C1,2
CGGGAATATAGTATAC-1_V13B23-285_C1,11
CGGGAATTTATGTAAA-1_V13B23-285_C1,19
CGGGAGCTTCAGTGTA-1_V13B23-285_C1,11
CGGGAGTATACCGCCG-1_V13B23-285_C1,5
CGGGATCAATGTAAGA-1_V13B23-285_C1,14
CGGGCAGCTAAACCGC-1_V13B23-285_C1,5
CGGGCCATAGCCGCAC-1_V13B23-285_C1,5
CGGGCCTTCTTTGTAA-1_V13B23-285_C1,5
CGGGTGTACCCATTTA-1_V13B23-285_C1,16
CGGGTTTGTTAGGGCT-1_V13B23-285_C1,11
CGGTACTAGAATCAAA-1_V13B23-285_C1,11
CGGTAGAGGTGCAGGT-1_V13B23-285_C1,2
CGGTATAGGTATTAGC-1_V13B23-285_C1,20
CGGTCAAGTGGGAACC-1_V13B23-285_C1,10
CGGTCAGTCCATATTT-1_V13B23-285_C1,11
CGGTCCATGAGACTCC-1_V13B23-285_C1,21
CGGTCCGTCGCAAGCC-1_V13B23-285_C1,10
CGGTCTATCAACCCGT-1_V13B23-285_C1,14
CGGTGAAGACTAAAGT-1_V13B23-285_C1,5
CGGTGCAGATAGAACG-1_V13B23-285_C1,18
CGGTGCGCGTTGGTCC-1_V13B23-285_C1,10
CGGTGGGCTCCAGCCT-1_V13B23-285_C1,21
CGGTGTACTTGATCCC-1_V13B23-285_C1,5
CGGTTCAAGTAGGTGT-1_V13B23-285_C1,13
CGGTTTATGAAGGAAC-1_V13B23-285_C1,15
CGTAAACGCTTGAGTG-1_V13B23-285_C1,5
CGTAATAATTACGAGT-1_V13B23-285_C1,18
CGTACCTGATAGGCCT-1_V13B23-285_C1,12
CGTAGCGAATTGTCAG-1_V13B23-285_C1,6
CGTATTAAGAGATCTA-1_V13B23-285_C1,5
CGTATTGTTTCCTAAT-1_V13B23-285_C1,1
CGTCAAATGGTCGCAG-1_V13B23-285_C1,2
CGTCAAGGCTATAAAT-1_V13B23-285_C1,5
CGTCAATCTTTAACAT-1_V13B23-285_C1,9
CGTCACGTCCATTGGT-1_V13B23-285_C1,5
CGTCAGCTATTTACTC-1_V13B23-285_C1,2
CGTCAGTGCGCACAAG-1_V13B23-285_C1,9
CGTCATACCATATCCA-1_V13B23-285_C1,5
CGTCGCGGCGGGATTT-1_V13B23-285_C1,4
CGTCGGATAGTGTTGA-1_V13B23-285_C1,3
CGTCGGGTCTAAGCGC-1_V13B23-285_C1,10
CGTCGTCCTTCGCGAA-1_V13B23-285_C1,19
CGTCTGGAAGGGCCCG-1_V13B23-285_C1,14
CGTCTTGAGTGTGACG-1_V13B23-285_C1,11
CGTGAAGTTAATTCAC-1_V13B23-285_C1,5
CGTGACATTGGGTCGT-1_V13B23-285_C1,17
CGTGACCAGTCCTCTG-1_V13B23-285_C1,10
CGTGCAGACTGGGACA-1_V13B23-285_C1,11
CGTGCATTGTCGACGC-1_V13B23-285_C1,10
CGTGCCCTCCCGAAGA-1_V13B23-285_C1,11
CGTGCTTCTACCTAAA-1_V13B23-285_C1,19
CGTGGAAGCCTCGTAC-1_V13B23-285_C1,11
CGTGGCCGAATATCTA-1_V13B23-285_C1,11
CGTGTCCCATTCGCGA-1_V13B23-285_C1,16
CGTGTCTCGTTACGAC-1_V13B23-285_C1,10
CGTGTGTTAAACCCTG-1_V13B23-285_C1,1
CGTTAAACTAGTTAGG-1_V13B23-285_C1,11
CGTTAATGTCCCGACG-1_V13B23-285_C1,11
CGTTAGCTCACAACTG-1_V13B23-285_C1,3
CGTTCATGGTGCGCGT-1_V13B23-285_C1,1
CGTTCTTCGCACACCT-1_V13B23-285_C1,3
CGTTGAATACCGCGCT-1_V13B23-285_C1,19
CGTTGAGCGACCGTCG-1_V13B23-285_C1,19
CGTTGAGTAATTGCGT-1_V13B23-285_C1,12
CGTTGTAAACGTCAGG-1_V13B23-285_C1,5
CGTTGTAAGATTGATT-1_V13B23-285_C1,16
CGTTGTTTCAATTCCC-1_V13B23-285_C1,5
CGTTTAAGCGGAGCAC-1_V13B23-285_C1,6
CGTTTACAAGGCAGCT-1_V13B23-285_C1,2
CGTTTCACTTCGGGCG-1_V13B23-285_C1,20
CGTTTCGCTCATTACA-1_V13B23-285_C1,5
CGTTTGGTGTTGTGGG-1_V13B23-285_C1,11
CGTTTGTGTAGAGGGT-1_V13B23-285_C1,10
CTAAAGAATGCCTACT-1_V13B23-285_C1,5
CTAAAGGGAAATAGGA-1_V13B23-285_C1,19
CTAAATCCGGTGTACA-1_V13B23-285_C1,10
CTAAATCCTATTCCGG-1_V13B23-285_C1,7
CTAACCGCGCGCCCGT-1_V13B23-285_C1,5
CTAACGAAACTTGCTG-1_V13B23-285_C1,3
CTAACTGATAATCGCC-1_V13B23-285_C1,11
CTAACTGGTCCGGTTC-1_V13B23-285_C1,10
CTAAGGGAATGATTGG-1_V13B23-285_C1,19
CTAATTCGCACGCGCT-1_V13B23-285_C1,5
CTAATTCTCAGATATT-1_V13B23-285_C1,1
CTAATTTCAACAACAC-1_V13B23-285_C1,5
CTACAAGAAATAACCC-1_V13B23-285_C1,12
CTACACTCGCAGATGG-1_V13B23-285_C1,11
CTACCCTAAGGTCATA-1_V13B23-285_C1,3
CTACGACTAGCTATAA-1_V13B23-285_C1,7
CTACGCACGGAGTACC-1_V13B23-285_C1,8
CTACTATCATAGGTTT-1_V13B23-285_C1,6
CTACTATCTTTCAGAG-1_V13B23-285_C1,3
CTACTCAAGGTATAGT-1_V13B23-285_C1,17
CTACTCTAGGCCCGGC-1_V13B23-285_C1,5
CTACTGCCACCTGACC-1_V13B23-285_C1,7
CTAGACTGCATTTCGT-1_V13B23-285_C1,12
CTAGATGTGAGTGTAA-1_V13B23-285_C1,1
CTAGATTTACGACGGC-1_V13B23-285_C1,11
CTAGCATAGTATAATG-1_V13B23-285_C1,2
CTAGCCACAGGCGAGC-1_V13B23-285_C1,11
CTAGCCGATGTTATGA-1_V13B23-285_C1,21
CTAGCTTAATGGTCCC-1_V13B23-285_C1,11
CTAGGCGCCCTATCAG-1_V13B23-285_C1,11
CTAGGTCTGAAGGAAT-1_V13B23-285_C1,11
CTAGGTTCGGACGTGA-1_V13B23-285_C1,19
CTAGTAGAAAGGGATT-1_V13B23-285_C1,19
CTAGTCACGTCTTAAG-1_V13B23-285_C1,19
CTAGTGAAGGACAGGA-1_V13B23-285_C1,17
CTAGTTACAACCCGGT-1_V13B23-285_C1,19
CTAGTTGGGCCCGGTA-1_V13B23-285_C1,4
CTATAAGAGCCAATCG-1_V13B23-285_C1,1
CTATAGGCGTTGATGT-1_V13B23-285_C1,10
CTATCGACGAAATACA-1_V13B23-285_C1,11
CTATCGCGTAGAGAAC-1_V13B23-285_C1,11
CTATCGGGTCTCAACA-1_V13B23-285_C1,2
CTATGCCCGAATGCAA-1_V13B23-285_C1,10
CTATGGGAAGCGGAAT-1_V13B23-285_C1,11
CTATGTCACTAGCCCA-1_V13B23-285_C1,5
CTATGTCTATTGAAAC-1_V13B23-285_C1,9
CTATGTGAGTCACGGC-1_V13B23-285_C1,1
CTATTCATGTGTCCCA-1_V13B23-285_C1,19
CTATTGTGTTTGGTCA-1_V13B23-285_C1,3
CTATTTGGTTACGGAT-1_V13B23-285_C1,11
CTCAACTAACCCGGAT-1_V13B23-285_C1,19
CTCAAGACATTAGCGC-1_V13B23-285_C1,3
CTCACACGCAAGCCTA-1_V13B23-285_C1,2
CTCACATTTACTAAAT-1_V13B23-285_C1,19
CTCACTGTGATACTTA-1_V13B23-285_C1,19
CTCACTTGGCTGGTAA-1_V13B23-285_C1,5
CTCAGGACTCACCTGT-1_V13B23-285_C1,5
CTCAGTCACGACAAAT-1_V13B23-285_C1,7
CTCATCACTTAGTGAT-1_V13B23-285_C1,3
CTCATGGCTCACAATC-1_V13B23-285_C1,6
CTCATGGTAATTTGCG-1_V13B23-285_C1,7
CTCATTAACGTTGCCC-1_V13B23-285_C1,3
CTCATTGCTCTAACAA-1_V13B23-285_C1,19
CTCATTTGATGGGCGG-1_V13B23-285_C1,14
CTCCCAATGAGTCGCG-1_V13B23-285_C1,11
CTCCCTCCTTTCGATC-1_V13B23-285_C1,17
CTCCGCCCACATGAGG-1_V13B23-285_C1,10
CTCCGGCCTAATATGC-1_V13B23-285_C1,14
CTCCGGCTTGTAGACA-1_V13B23-285_C1,5
CTCCTAAGTTATGTCT-1_V13B23-285_C1,9
CTCCTCCAGCTCACAC-1_V13B23-285_C1,10
CTCCTGTTCAAGGCAG-1_V13B23-285_C1,11
CTCCTTTACGCAAGTC-1_V13B23-285_C1,3
CTCGAGATCCAAAGCA-1_V13B23-285_C1,9
CTCGAGGTCGAACAGT-1_V13B23-285_C1,17
CTCGATATTTGCGAGC-1_V13B23-285_C1,21
CTCGCACCTATATAGT-1_V13B23-285_C1,19
CTCGCCGAATGTAGGG-1_V13B23-285_C1,19
CTCGGGATAACACCTA-1_V13B23-285_C1,3
CTCGGGTTCTCTGGCC-1_V13B23-285_C1,16
CTCGGTACCACTGCTC-1_V13B23-285_C1,11
CTCGGTCCGTAGCCTG-1_V13B23-285_C1,14
CTCGGTTGTCGGCCCT-1_V13B23-285_C1,10
CTCGTCGAGGGCTCAT-1_V13B23-285_C1,10
CTCGTTTCTAATGTTT-1_V13B23-285_C1,3
CTCTAATGCATTGATC-1_V13B23-285_C1,3
CTCTACACTGGCGATT-1_V13B23-285_C1,21
CTCTATTTGGCTGCAG-1_V13B23-285_C1,19
CTCTCACAATCGATGA-1_V13B23-285_C1,5
CTCTCGCTGTACTATG-1_V13B23-285_C1,17
CTCTCTAACTGCCTAG-1_V13B23-285_C1,10
CTCTGCGAAGCAAGCA-1_V13B23-285_C1,9
CTCTGGACGCCTGGTG-1_V13B23-285_C1,19
CTCTGTTTGAGGATTC-1_V13B23-285_C1,6
CTCTTCTATTGACTGG-1_V13B23-285_C1,11
CTCTTCTGGAAGTTAG-1_V13B23-285_C1,10
CTCTTGTCCCGCTTGG-1_V13B23-285_C1,19
CTGAAAGAGATCCGAC-1_V13B23-285_C1,6
CTGAATCCGAGACCTC-1_V13B23-285_C1,5
CTGAATTTATTGCCAG-1_V13B23-285_C1,3
CTGACATAGAAATAGA-1_V13B23-285_C1,11
CTGACTGCGCAGCTCG-1_V13B23-285_C1,21
CTGAGAAAGTTCGGCG-1_V13B23-285_C1,11
CTGAGCAAGTAACAAG-1_V13B23-285_C1,5
CTGAGCGAGACTTATT-1_V13B23-285_C1,2
CTGATAGTGTATCTCA-1_V13B23-285_C1,5
CTGCAAGCACGTTCCG-1_V13B23-285_C1,11
CTGCACAACTACATAT-1_V13B23-285_C1,11
CTGCACCTAGTCCACA-1_V13B23-285_C1,21
CTGCACCTGGAACCGC-1_V13B23-285_C1,6
CTGCACTCCAGTACAG-1_V13B23-285_C1,19
CTGCAGAGAATCAGAG-1_V13B23-285_C1,11
CTGCCAAGGTTGGAAG-1_V13B23-285_C1,12
CTGCCATGCATCACAT-1_V13B23-285_C1,19
CTGCCCACGAAGCGTT-1_V13B23-285_C1,5
CTGCCTAGCCACCAAG-1_V13B23-285_C1,9
CTGCCTCATATGCAAC-1_V13B23-285_C1,18
CTGCCTTTCTAGTAAA-1_V13B23-285_C1,11
CTGCGGGTGAAATGTT-1_V13B23-285_C1,5
CTGCGGTAGTCACGTG-1_V13B23-285_C1,12
CTGCGTTACGATATAA-1_V13B23-285_C1,17
CTGCTGAGGCCACGAA-1_V13B23-285_C1,1
CTGCTGTCTAACGAGC-1_V13B23-285_C1,11
CTGCTTGGCGATAGCT-1_V13B23-285_C1,19
CTGCTTTATGTCCGCG-1_V13B23-285_C1,18
CTGGAAATGGATGCTT-1_V13B23-285_C1,5
CTGGAAGACACGGTGG-1_V13B23-285_C1,11
CTGGACGCAGTCCGGC-1_V13B23-285_C1,10
CTGGATTTACACTTGA-1_V13B23-285_C1,10
CTGGCATCCGAATGAG-1_V13B23-285_C1,17
CTGGCGACATAAGTCC-1_V13B23-285_C1,14
CTGGCGCACAGGTCTG-1_V13B23-285_C1,11
CTGGCGGGAATAAGTA-1_V13B23-285_C1,5
CTGGCTGATTCATCCT-1_V13B23-285_C1,4
CTGGCTGGTTGTCAGT-1_V13B23-285_C1,7
CTGGGATAAATAATGG-1_V13B23-285_C1,11
CTGGGATACGCTACCC-1_V13B23-285_C1,19
CTGGGCCTGCTATATC-1_V13B23-285_C1,10
CTGGGTAGGCAGTTAA-1_V13B23-285_C1,11
CTGGTAAAGTGTGGGC-1_V13B23-285_C1,11
CTGGTAACACATAGAA-1_V13B23-285_C1,11
CTGGTAACGAGCTCTT-1_V13B23-285_C1,3
CTGGTCATTCCAATCC-1_V13B23-285_C1,5
CTGGTTCGCGAGCTAC-1_V13B23-285_C1,11
CTGGTTTCGAGCAAGA-1_V13B23-285_C1,11
CTGTACTTCTTAGCAT-1_V13B23-285_C1,5
CTGTAGCCATCTCACT-1_V13B23-285_C1,10
CTGTATGGTGTAGAAA-1_V13B23-285_C1,5
CTGTCAAATGGCTCGG-1_V13B23-285_C1,18
CTGTCACGCCAGGCGC-1_V13B23-285_C1,2
CTGTGCAGGGTAGGTC-1_V13B23-285_C1,19
CTGTGGTCGGGAGATA-1_V13B23-285_C1,11
CTGTTACCCAATCTAG-1_V13B23-285_C1,19
CTGTTCACTGCCTGTG-1_V13B23-285_C1,14
CTGTTCATCTCACGGG-1_V13B23-285_C1,5
CTTAAATAAGACCCAT-1_V13B23-285_C1,5
CTTAACTTCGAAGTAC-1_V13B23-285_C1,9
CTTACACGGTATTCCA-1_V13B23-285_C1,1
CTTACACTGGGAAATA-1_V13B23-285_C1,14
CTTAGCCCGGATAGTG-1_V13B23-285_C1,16
CTTAGCCTTCCACATG-1_V13B23-285_C1,10
CTTAGTAGGCCTACAG-1_V13B23-285_C1,21
CTTAGTGTAGTAGCAT-1_V13B23-285_C1,19
CTTATAGATGGCTGTT-1_V13B23-285_C1,10
CTTATGCGCTCAGGGC-1_V13B23-285_C1,3
CTTATGTTGACTACCA-1_V13B23-285_C1,4
CTTCAACTCCACTTGG-1_V13B23-285_C1,19
CTTCAGTGGTCGCCTA-1_V13B23-285_C1,10
CTTCATAGCTCAAGAA-1_V13B23-285_C1,5
CTTCATTGTCAGTGGA-1_V13B23-285_C1,8
CTTCCGCTCCGTGAAG-1_V13B23-285_C1,10
CTTCGGCCAATTGTTT-1_V13B23-285_C1,11
CTTCGTAGATAGGTGA-1_V13B23-285_C1,21
CTTCTATGTTGAAGTA-1_V13B23-285_C1,1
CTTCTATTAATGCTAG-1_V13B23-285_C1,10
CTTCTTACGTCGTATA-1_V13B23-285_C1,6
CTTGACCCGAAAGATA-1_V13B23-285_C1,9
CTTGAGGTTATCCCGA-1_V13B23-285_C1,5
CTTGAGTTAGGGTAAT-1_V13B23-285_C1,11
CTTGCAACCGCCTCCT-1_V13B23-285_C1,1
CTTGCCCAGGCTCTAC-1_V13B23-285_C1,5
CTTGGCCAAGCTGGGA-1_V13B23-285_C1,7
CTTGTACTTGTTGACT-1_V13B23-285_C1,12
CTTGTCAACATTCGAG-1_V13B23-285_C1,19
CTTGTGCTCACCGATT-1_V13B23-285_C1,17
CTTGTTGCTGAGTCAA-1_V13B23-285_C1,11
CTTGTTTATGTAGCCA-1_V13B23-285_C1,5
CTTTAACTTTCAAAGG-1_V13B23-285_C1,14
CTTTAATATTGGTCGA-1_V13B23-285_C1,19
CTTTACCGAATAGTAG-1_V13B23-285_C1,11
CTTTAGGAACACTGTT-1_V13B23-285_C1,11
CTTTAGTGCTATTATT-1_V13B23-285_C1,19
CTTTCTGTGCGGGCTT-1_V13B23-285_C1,19
CTTTGCATCGCTCTTG-1_V13B23-285_C1,11
CTTTGCTGTCATGGAT-1_V13B23-285_C1,11
CTTTGGCGCTTTATAC-1_V13B23-285_C1,5
CTTTGGCTTTAGTAAA-1_V13B23-285_C1,5
CTTTGGGATTGTTGCA-1_V13B23-285_C1,10
GAAACAGATGACCACC-1_V13B23-285_C1,11
GAAACAGCCATGCAGT-1_V13B23-285_C1,6
GAAACATAGGAAACAG-1_V13B23-285_C1,10
GAAACCATGGTGCGCT-1_V13B23-285_C1,17
GAAACCGAATTACCTT-1_V13B23-285_C1,5
GAAACCTATACAAATG-1_V13B23-285_C1,4
GAAACTCGTGCGATGC-1_V13B23-285_C1,5
GAAACTCTAATGAAGG-1_V13B23-285_C1,6
GAAAGAACAGCGTTAT-1_V13B23-285_C1,11
GAAAGCAGTGCACTTT-1_V13B23-285_C1,6
GAAAGCCCTTTGGACC-1_V13B23-285_C1,5
GAAAGTGACTAACTGC-1_V13B23-285_C1,5
GAAATACTAAACGTTT-1_V13B23-285_C1,4
GAAATATCACCATCAG-1_V13B23-285_C1,5
GAAATATGCTTGAATG-1_V13B23-285_C1,1
GAAATCGCGCGCAACT-1_V13B23-285_C1,6
GAAATGGCGGTGTTAG-1_V13B23-285_C1,5
GAAATGGGATGTAAAC-1_V13B23-285_C1,12
GAAATTAGCACGGATA-1_V13B23-285_C1,3
GAAATTCACATCGCTG-1_V13B23-285_C1,9
GAAATTGTCTCTATAA-1_V13B23-285_C1,5
GAACACACATCAACCA-1_V13B23-285_C1,5
GAACAGATTACTAAAT-1_V13B23-285_C1,19
GAACATTAGTATGTTA-1_V13B23-285_C1,15
GAACCCTCTGTGTTCT-1_V13B23-285_C1,19
GAACCTCGACCTACAC-1_V13B23-285_C1,16
GAACCTTTAACGATCC-1_V13B23-285_C1,19
GAACGACCGAATGATA-1_V13B23-285_C1,14
GAACGATAAGTTAAAG-1_V13B23-285_C1,2
GAACGCGGGTCACACG-1_V13B23-285_C1,11
GAACGTCTCATGGTCG-1_V13B23-285_C1,1
GAACGTTAGGAAGACG-1_V13B23-285_C1,5
GAACTTGTGCACGGGA-1_V13B23-285_C1,2
GAAGAAACGATATTGT-1_V13B23-285_C1,4
GAAGAACGGTGCAGGT-1_V13B23-285_C1,9
GAAGCCTGCACATTCC-1_V13B23-285_C1,1
GAAGCGTGAGGAATTT-1_V13B23-285_C1,11
GAAGCTCTTTGCTTAG-1_V13B23-285_C1,12
GAAGCTTGCTGACCGC-1_V13B23-285_C1,5
GAAGGCTACCATTGTT-1_V13B23-285_C1,1
GAAGTCAGTTGCACTA-1_V13B23-285_C1,10
GAAGTCTCCCTAGCGA-1_V13B23-285_C1,11
GAAGTGATTTATCGTG-1_V13B23-285_C1,16
GAAGTGCTGGATAGCT-1_V13B23-285_C1,6
GAAGTTTCCACTCAAT-1_V13B23-285_C1,5
GAATAGACGCGACCCA-1_V13B23-285_C1,11
GAATAGCATTTAGGGT-1_V13B23-285_C1,11
GAATAGCCCTGCGGTC-1_V13B23-285_C1,3
GAATAGTGCTCGATTA-1_V13B23-285_C1,10
GAATATTCGGAGTCCC-1_V13B23-285_C1,14
GAATCGACATGGTCAC-1_V13B23-285_C1,7
GAATCTGAACATTCTC-1_V13B23-285_C1,19
GAATGAAGGTCTTCAG-1_V13B23-285_C1,2
GAATGCCGAAATGACC-1_V13B23-285_C1,5
GAATGCGAATCGGTTC-1_V13B23-285_C1,19
GAATGTATGGCAGGTC-1_V13B23-285_C1,20
GAATGTGGTCCGGATT-1_V13B23-285_C1,11
GAATGTTGGGTAATCT-1_V13B23-285_C1,14
GAATTATAGTGAAAGG-1_V13B23-285_C1,15
GAATTCACCCGGGTGT-1_V13B23-285_C1,12
GAATTTCTCGCTGCAG-1_V13B23-285_C1,5
GACAAACATATGCAGG-1_V13B23-285_C1,11
GACAACGACCATTGAA-1_V13B23-285_C1,6
GACAACGCAGCTTACG-1_V13B23-285_C1,12
GACAAGAGATGAGATT-1_V13B23-285_C1,11
GACACAAGGGAAGAAA-1_V13B23-285_C1,3
GACACGAGTTAGAGGA-1_V13B23-285_C1,5
GACACTGAGTTCAGTG-1_V13B23-285_C1,10
GACACTGGAACCCGAT-1_V13B23-285_C1,11
GACAGATTTCTGGCTC-1_V13B23-285_C1,13
GACAGCCAGACCTGAC-1_V13B23-285_C1,11
GACAGGCACACACTAT-1_V13B23-285_C1,18
GACATACTGTCGCAGA-1_V13B23-285_C1,4
GACATCGATTTATAAC-1_V13B23-285_C1,10
GACCAAACGTTGACTG-1_V13B23-285_C1,11
GACCAGAGCCCTGTAG-1_V13B23-285_C1,5
GACCCAATTATGATAC-1_V13B23-285_C1,18
GACCCGTCGCCGGCTA-1_V13B23-285_C1,9
GACCGACGTGAAAGCA-1_V13B23-285_C1,11
GACCGACTGAAGCGTC-1_V13B23-285_C1,5
GACCGCGTCTGACGTG-1_V13B23-285_C1,11
GACCGTCAGGTCGTGA-1_V13B23-285_C1,14
GACCGTGCTGACGGTG-1_V13B23-285_C1,5
GACGACGATCCGCGTT-1_V13B23-285_C1,19
GACGAGGCTAATAAAC-1_V13B23-285_C1,11
GACGCCGTAAAGGCTA-1_V13B23-285_C1,20
GACGCTTGCTTCTAAA-1_V13B23-285_C1,12
GACGGGTTGGCCCGTA-1_V13B23-285_C1,10
GACGGTCAATAGAAGC-1_V13B23-285_C1,16
GACGGTCCTAGGGTGT-1_V13B23-285_C1,11
GACGTGTAGGGATTAT-1_V13B23-285_C1,5
GACGTTCGTAAATACA-1_V13B23-285_C1,7
GACTAACACAGCACCT-1_V13B23-285_C1,2
GACTAAGATCATGCAC-1_V13B23-285_C1,19
GACTAAGTAGGCTCAC-1_V13B23-285_C1,5
GACTACAAAGCGGTGG-1_V13B23-285_C1,1
GACTCACCCACGTGAG-1_V13B23-285_C1,11
GACTCCCAGAATAAGG-1_V13B23-285_C1,3
GACTCCTTCCAATTGA-1_V13B23-285_C1,21
GACTCGCGGGAATGAC-1_V13B23-285_C1,15
GACTGCAAATCGAGCT-1_V13B23-285_C1,19
GACTGCACCAGCCCAG-1_V13B23-285_C1,11
GACTGCGGCACGTGTA-1_V13B23-285_C1,5
GAGACCCTGCAACGCC-1_V13B23-285_C1,2
GAGACTGATGGGTAGA-1_V13B23-285_C1,16
GAGACTTCGCGACCGA-1_V13B23-285_C1,5
GAGAGCGCAGTCCCTG-1_V13B23-285_C1,5
GAGAGGGCGCGAGGTT-1_V13B23-285_C1,5
GAGAGGTGCATTCTGG-1_V13B23-285_C1,10
GAGATCTGCTTGGCAT-1_V13B23-285_C1,5
GAGATCTGTCACTCCG-1_V13B23-285_C1,3
GAGATCTTCCATGACA-1_V13B23-285_C1,11
GAGATGACAATCCTTA-1_V13B23-285_C1,1
GAGATGGGAGTCGACA-1_V13B23-285_C1,19
GAGCACCTGTGTCCAG-1_V13B23-285_C1,19
GAGCACGGCGCCTCTT-1_V13B23-285_C1,11
GAGCATCATCCCTGGG-1_V13B23-285_C1,9
GAGCCAGCTACCTGTG-1_V13B23-285_C1,11
GAGCCGAGCGTTTATT-1_V13B23-285_C1,2
GAGCGAGGGAGTACCG-1_V13B23-285_C1,6
GAGCGCAAATACTCCG-1_V13B23-285_C1,11
GAGCGCGCACGAGTAG-1_V13B23-285_C1,11
GAGCGCTGTTAGGTAA-1_V13B23-285_C1,10
GAGCTAAGGGCATATC-1_V13B23-285_C1,3
GAGCTCTCGGACCTAA-1_V13B23-285_C1,5
GAGCTGTCGTCTCGGA-1_V13B23-285_C1,3
GAGGAATGGAGAGGTT-1_V13B23-285_C1,5
GAGGAGATCCTCATGC-1_V13B23-285_C1,12
GAGGATAAACAGTGCT-1_V13B23-285_C1,11
GAGGCATTTGCAGCAG-1_V13B23-285_C1,2
GAGGCCCGACTCCGCA-1_V13B23-285_C1,16
GAGGCCTGTTGATACA-1_V13B23-285_C1,11
GAGGCTATCAAAGTCG-1_V13B23-285_C1,12
GAGGGCCATAATATTA-1_V13B23-285_C1,2
GAGGGCGCAGCTCTGC-1_V13B23-285_C1,3
GAGGTACATCCATCTT-1_V13B23-285_C1,6
GAGGTCCCAAAGATCT-1_V13B23-285_C1,5
GAGTAAACCGGAAAGT-1_V13B23-285_C1,11
GAGTAAGGCCACGGGA-1_V13B23-285_C1,5
GAGTACGGGTATACAA-1_V13B23-285_C1,9
GAGTAGATACTAGTTG-1_V13B23-285_C1,5
GAGTATCAAAGTTACA-1_V13B23-285_C1,11
GAGTATGCCCGCCTTG-1_V13B23-285_C1,10
GAGTATGCGCGTGCAT-1_V13B23-285_C1,19
GAGTCAGACCAGAATC-1_V13B23-285_C1,10
GAGTCCGCTTACCGGA-1_V13B23-285_C1,19
GAGTCGACAGACCCTC-1_V13B23-285_C1,1
GAGTGTCAACCAGAAA-1_V13B23-285_C1,19
GAGTGTGCGGTACCCA-1_V13B23-285_C1,11
GAGTTGATGGCAATTT-1_V13B23-285_C1,10
GATAAATCGGTGGATG-1_V13B23-285_C1,14
GATAACTCGCACTGTG-1_V13B23-285_C1,11
GATACCGTGTCGGAGT-1_V13B23-285_C1,11
GATACGATGGGAGTCA-1_V13B23-285_C1,10
GATAGGATTAATTACA-1_V13B23-285_C1,11
GATAGGTAACGTTGAC-1_V13B23-285_C1,19
GATAGGTGTCCCGGGC-1_V13B23-285_C1,21
GATATCTCATGCAATA-1_V13B23-285_C1,6
GATATGAGACACTAAC-1_V13B23-285_C1,11
GATATGCGGTAGCCAA-1_V13B23-285_C1,16
GATATGGATTACGCGG-1_V13B23-285_C1,5
GATATTGAGATTGGCG-1_V13B23-285_C1,13
GATATTTCCTACATGG-1_V13B23-285_C1,3
GATCAACATAAAGGGA-1_V13B23-285_C1,10
GATCATTCCAAACATT-1_V13B23-285_C1,12
GATCCCTTTATACTGC-1_V13B23-285_C1,7
GATCCGAATATAAGTG-1_V13B23-285_C1,19
GATCCGGGAATTAACA-1_V13B23-285_C1,11
GATCCTAAATCGGGAC-1_V13B23-285_C1,21
GATCCTCGACACTGGC-1_V13B23-285_C1,1
GATCGACACTATCTGA-1_V13B23-285_C1,5
GATCGCGGGCTCTCCA-1_V13B23-285_C1,5
GATCGCTACCCGATTT-1_V13B23-285_C1,11
GATCGCTATATCTCAG-1_V13B23-285_C1,10
GATCGGATAGAACCAT-1_V13B23-285_C1,7
GATCGGCGATAAGTCG-1_V13B23-285_C1,5
GATCGGTGGCCATAAC-1_V13B23-285_C1,13
GATCGTGACTGATATC-1_V13B23-285_C1,11
GATCTCGACGCTGTGG-1_V13B23-285_C1,11
GATCTGCTATCTAAGG-1_V13B23-285_C1,10
GATCTTCATTGTCCTC-1_V13B23-285_C1,5
GATCTTGGAGGGCATA-1_V13B23-285_C1,19
GATCTTTGCAGGGTAT-1_V13B23-285_C1,5
GATGACAAGTAGGGCA-1_V13B23-285_C1,10
GATGACGATGATCGCG-1_V13B23-285_C1,13
GATGCCAGCAGAAGGC-1_V13B23-285_C1,5
GATGCCTTCTGCGGCA-1_V13B23-285_C1,1
GATGCGAATGGTATTA-1_V13B23-285_C1,5
GATGCGTCCTGCATTC-1_V13B23-285_C1,5
GATGCTACAAGCGCCT-1_V13B23-285_C1,14
GATGCTGTATTTCATC-1_V13B23-285_C1,11
GATGGCGCACACATTA-1_V13B23-285_C1,5
GATGGTGCCCTAGGCA-1_V13B23-285_C1,12
GATGTAACGAACCACC-1_V13B23-285_C1,13
GATGTCGGTCAACTGC-1_V13B23-285_C1,9
GATGTTCAATCCACGA-1_V13B23-285_C1,10
GATGTTTGTGCGAGAT-1_V13B23-285_C1,5
GATTAACCGAAAGCCC-1_V13B23-285_C1,11
GATTACTGAATTTGGG-1_V13B23-285_C1,17
GATTCCCTTGTCGCAG-1_V13B23-285_C1,5
GATTCCGCGTTTCCGT-1_V13B23-285_C1,14
GATTCCTATACGGCGC-1_V13B23-285_C1,5
GATTCGACGGTTCACG-1_V13B23-285_C1,11
GCAAACCCTACATTAT-1_V13B23-285_C1,11
GCAAACCTTGGCCATA-1_V13B23-285_C1,19
GCAAACGTCGCCAGGT-1_V13B23-285_C1,11
GCAAATATTACGCTTT-1_V13B23-285_C1,5
GCAACACACTAGAACT-1_V13B23-285_C1,3
GCAACAGCAGTATGCG-1_V13B23-285_C1,11
GCAACCACCAGACCGG-1_V13B23-285_C1,5
GCAACCACGGCCGCGT-1_V13B23-285_C1,10
GCAACGGCTAGTTATG-1_V13B23-285_C1,11
GCAAGAATTCCTTGGC-1_V13B23-285_C1,10
GCAAGATGTGTTCGCG-1_V13B23-285_C1,2
GCAAGTGCACAGAGAA-1_V13B23-285_C1,5
GCAATTAGTCGCACCG-1_V13B23-285_C1,2
GCACAAACGAGGCGTG-1_V13B23-285_C1,11
GCACAACCTCGGGCGT-1_V13B23-285_C1,13
GCACAAGTGGATCATA-1_V13B23-285_C1,21
GCACAAGTGTCGGAAG-1_V13B23-285_C1,9
GCACACACTGGTAGCC-1_V13B23-285_C1,11
GCACACGCCCATGGTC-1_V13B23-285_C1,10
GCACGCCTACTTAGAT-1_V13B23-285_C1,10
GCACTAGTCGCGCTAT-1_V13B23-285_C1,9
GCAGAAGGTAATCTCC-1_V13B23-285_C1,11
GCAGACCCAGCACGTA-1_V13B23-285_C1,11
GCAGATCCATAAGACT-1_V13B23-285_C1,11
GCAGATCCTCGCAAAT-1_V13B23-285_C1,5
GCAGATTAGGGATATC-1_V13B23-285_C1,19
GCAGCACACAGCCCAG-1_V13B23-285_C1,18
GCAGCCTATATCACAT-1_V13B23-285_C1,11
GCAGCTATGGACAGGT-1_V13B23-285_C1,2
GCAGGAACTTAGATCT-1_V13B23-285_C1,10
GCAGGACTATAGAATA-1_V13B23-285_C1,5
GCAGGTAGAGTATGGT-1_V13B23-285_C1,16
GCAGTGCGGGCGGATG-1_V13B23-285_C1,11
GCAGTGTGGCTATAGG-1_V13B23-285_C1,19
GCAGTTCGATCCGAGC-1_V13B23-285_C1,11
GCATACGAGGTCTTTA-1_V13B23-285_C1,3
GCATAGAGCACTCAGG-1_V13B23-285_C1,19
GCATCCCTAACTTTGA-1_V13B23-285_C1,14
GCATCGGCCGTGTAGG-1_V13B23-285_C1,11
GCATGAGGGACGCGGC-1_V13B23-285_C1,17
GCATTCAAGGCAACGC-1_V13B23-285_C1,3
GCATTCGAAATGAACA-1_V13B23-285_C1,5
GCATTGTAATTCATAT-1_V13B23-285_C1,5
GCATTTCCAAGGCTCC-1_V13B23-285_C1,13
GCCAACCATTTCCGGA-1_V13B23-285_C1,3
GCCAAGAATACTTCTG-1_V13B23-285_C1,1
GCCAATAGGGCATCTC-1_V13B23-285_C1,16
GCCACAATTTAAGGAC-1_V13B23-285_C1,7
GCCACCCATTCCACTT-1_V13B23-285_C1,15
GCCACTCAGAGCGCGA-1_V13B23-285_C1,11
GCCACTCCTTACGGTA-1_V13B23-285_C1,11
GCCAGGAGTAACCGAT-1_V13B23-285_C1,17
GCCAGGCGTTCGCATG-1_V13B23-285_C1,12
GCCAGGCTTAGTGGTA-1_V13B23-285_C1,7
GCCATATTGCACACAG-1_V13B23-285_C1,2
GCCATCGAGCTGCGTG-1_V13B23-285_C1,10
GCCATCGATGCTGCAT-1_V13B23-285_C1,13
GCCATTAGCCTCAAAC-1_V13B23-285_C1,1
GCCCAGATGCTGGAGA-1_V13B23-285_C1,19
GCCCAGTTGGTATGCC-1_V13B23-285_C1,5
GCCCGACTTCTTCCCG-1_V13B23-285_C1,18
GCCCGATCTGTGGTCG-1_V13B23-285_C1,19
GCCCGCGCGTAAACGG-1_V13B23-285_C1,10
GCCCGCGCGTTTGACA-1_V13B23-285_C1,4
GCCCGTAATACCTTCT-1_V13B23-285_C1,21
GCCCTAGCCGTCGCGA-1_V13B23-285_C1,19
GCCGAAATTCCTACGT-1_V13B23-285_C1,5
GCCGACCCACGACTGC-1_V13B23-285_C1,10
GCCGATTGGCCAAGCT-1_V13B23-285_C1,19
GCCGCACTCCGTTTCA-1_V13B23-285_C1,11
GCCGCATTAGTCCGGC-1_V13B23-285_C1,5
GCCGCTTGTGAGAAAC-1_V13B23-285_C1,5
GCCGGGTTAGGGTCGC-1_V13B23-285_C1,12
GCCGTGGAAGAAATGT-1_V13B23-285_C1,11
GCCTAGCGATCTGACC-1_V13B23-285_C1,5
GCCTATAGTGTCAGGG-1_V13B23-285_C1,16
GCCTATCAGGTAAGAT-1_V13B23-285_C1,11
GCCTATGCTGGGCCTT-1_V13B23-285_C1,3
GCCTATTCCGATATAG-1_V13B23-285_C1,5
GCCTCATCTGGAAATA-1_V13B23-285_C1,11
GCCTCCGACAATTCAC-1_V13B23-285_C1,11
GCCTCTATACATAGCA-1_V13B23-285_C1,19
GCCTTCAGCCCTACCG-1_V13B23-285_C1,14
GCCTTGTATATGCAGT-1_V13B23-285_C1,5
GCGAAACGATCGGGAG-1_V13B23-285_C1,11
GCGAAACTTAACTGGA-1_V13B23-285_C1,11
GCGAAGCCATACCCGT-1_V13B23-285_C1,12
GCGACATGTAAACATC-1_V13B23-285_C1,11
GCGACCCAACCATCTG-1_V13B23-285_C1,10
GCGACGATAGTTGTAC-1_V13B23-285_C1,10
GCGAGAAACGGGAGTT-1_V13B23-285_C1,5
GCGAGAGGCCATGTAA-1_V13B23-285_C1,21
GCGAGAGTTGCGTCCA-1_V13B23-285_C1,13
GCGAGCGCATGCTCCC-1_V13B23-285_C1,11
GCGAGGCCCGAGCAGA-1_V13B23-285_C1,5
GCGAGTTCTGCAAAGA-1_V13B23-285_C1,5
GCGATTCTGGAAGCAG-1_V13B23-285_C1,9
GCGATTGTTAACGTTA-1_V13B23-285_C1,11
GCGCAAATATATTCAA-1_V13B23-285_C1,17
GCGCAAGAGCGCGCTG-1_V13B23-285_C1,8
GCGCATCCAGTCAGCA-1_V13B23-285_C1,13
GCGCCGTTCCACGATA-1_V13B23-285_C1,19
GCGCCTCCCACTCCGA-1_V13B23-285_C1,11
GCGCGTCATTGGTACA-1_V13B23-285_C1,11
GCGCTAATTGAATAGA-1_V13B23-285_C1,2
GCGCTATGCCGAGGCA-1_V13B23-285_C1,10
GCGCTCGATCACCTGT-1_V13B23-285_C1,11
GCGCTGATCCAGACTC-1_V13B23-285_C1,21
GCGCTGCTTTGCATTT-1_V13B23-285_C1,21
GCGCTTAAATAATTGG-1_V13B23-285_C1,11
GCGGACCGCGTTGTGG-1_V13B23-285_C1,10
GCGGAGAAACTTCGCA-1_V13B23-285_C1,10
GCGGAGAGGGAGAACG-1_V13B23-285_C1,11
GCGGCAAAGTATTGCC-1_V13B23-285_C1,17
GCGGCTCTGACGTACC-1_V13B23-285_C1,5
GCGGGAACCAGGCCCT-1_V13B23-285_C1,12
GCGGGCATTACGATGC-1_V13B23-285_C1,13
GCGGGCGAGCCTTACC-1_V13B23-285_C1,10
GCGGTCCCGGTGAAGG-1_V13B23-285_C1,2
GCGGTCCCTAGACGCA-1_V13B23-285_C1,9
GCGGTGAACTGCGCTC-1_V13B23-285_C1,21
GCGGTGCGGAGCATCG-1_V13B23-285_C1,5
GCGGTTCCCTATCATG-1_V13B23-285_C1,5
GCGTAAATGGCCATAA-1_V13B23-285_C1,17
GCGTCGAAATGTCGGT-1_V13B23-285_C1,14
GCGTCGCCAGGGTGAT-1_V13B23-285_C1,19
GCGTCTAACCTCCTAA-1_V13B23-285_C1,16
GCGTCTCTGCATTGGG-1_V13B23-285_C1,17
GCGTGGTACTGGGTTA-1_V13B23-285_C1,11
GCGTTATATTTGGAAC-1_V13B23-285_C1,5
GCGTTCGGAGACCGGG-1_V13B23-285_C1,3
GCGTTCTGACTAAGCG-1_V13B23-285_C1,11
GCTAAACCTGAGGTGA-1_V13B23-285_C1,5
GCTAACTGAAGTCTGA-1_V13B23-285_C1,11
GCTAAGTAAAGGCGAT-1_V13B23-285_C1,7
GCTAAGTAGTTTCTCT-1_V13B23-285_C1,2
GCTAATACCGAATGCC-1_V13B23-285_C1,20
GCTACAGTACGGACCG-1_V13B23-285_C1,5
GCTACGACTTATTGGG-1_V13B23-285_C1,19
GCTACTATAGTAGAGT-1_V13B23-285_C1,11
GCTAGACCGTCTACTG-1_V13B23-285_C1,11
GCTAGAGTAGAGATGT-1_V13B23-285_C1,11
GCTAGCACCTGGGCCA-1_V13B23-285_C1,11
GCTAGCAGGGAGTGGG-1_V13B23-285_C1,12
GCTAGCTTGAATAGCT-1_V13B23-285_C1,10
GCTAGGCACCACGGAG-1_V13B23-285_C1,11
GCTAGTAGAGCTTGTA-1_V13B23-285_C1,19
GCTAGTTTCATTGAGG-1_V13B23-285_C1,12
GCTATACGTCTCGGAC-1_V13B23-285_C1,11
GCTATCATACTCATGG-1_V13B23-285_C1,19
GCTATCGCGGCGCAAC-1_V13B23-285_C1,5
GCTCAACCTCTTAGAG-1_V13B23-285_C1,2
GCTCAATCCGTTTATT-1_V13B23-285_C1,10
GCTCAATGTAATACCG-1_V13B23-285_C1,10
GCTCATTACTGCATGT-1_V13B23-285_C1,12
GCTCCATGAGTGCAGA-1_V13B23-285_C1,11
GCTCCCAGTCGGTCCA-1_V13B23-285_C1,11
GCTCCGCTCGCTTCAG-1_V13B23-285_C1,11
GCTCCTGACATACTGG-1_V13B23-285_C1,10
GCTCGCGGTTCCGCTC-1_V13B23-285_C1,5
GCTCGCTCATGTCCAA-1_V13B23-285_C1,11
GCTCGGAATTTAAAGC-1_V13B23-285_C1,20
GCTCTAAACCCTGACG-1_V13B23-285_C1,5
GCTCTATGTTACGTGC-1_V13B23-285_C1,5
GCTCTCGGGTACCGAA-1_V13B23-285_C1,10
GCTGAACTCTCCAGGG-1_V13B23-285_C1,11
GCTGAATCTTCCAATC-1_V13B23-285_C1,16
GCTGAGCAACGGTTCT-1_V13B23-285_C1,18
GCTGAGGCGTGAGTAT-1_V13B23-285_C1,19
GCTGCACGGTTTCTTA-1_V13B23-285_C1,11
GCTGCTAAGTAGTCGA-1_V13B23-285_C1,18
GCTGCTACTGCGTAGC-1_V13B23-285_C1,19
GCTGCTCTCCGGACAC-1_V13B23-285_C1,3
GCTGGACCCAAAGTGG-1_V13B23-285_C1,3
GCTGGCATATTCACCT-1_V13B23-285_C1,5
GCTGGCGGCGCATGCT-1_V13B23-285_C1,19
GCTGGTTTAGGCCATA-1_V13B23-285_C1,7
GCTGTATTACTGGCCC-1_V13B23-285_C1,1
GCTGTTGCTACCGAAC-1_V13B23-285_C1,11
GCTTAATGTAACTAAC-1_V13B23-285_C1,11
GCTTACGTAGTTAGTA-1_V13B23-285_C1,11
GCTTATGAAGCAGGAA-1_V13B23-285_C1,11
GCTTCCGTCCCTAGAC-1_V13B23-285_C1,3
GCTTGATGATAATCAG-1_V13B23-285_C1,5
GCTTGCAGCACAATTG-1_V13B23-285_C1,16
GCTTGGATCGATTAGG-1_V13B23-285_C1,16
GCTTTCAGAGGAGGTG-1_V13B23-285_C1,18
GGAAACCTTGTTGAAT-1_V13B23-285_C1,3
GGAAACTAAATGGGCC-1_V13B23-285_C1,11
GGAAAGTGCCCATGCC-1_V13B23-285_C1,17
GGAACCCGAACAAGAA-1_V13B23-285_C1,5
GGAACCGTGTAAATTG-1_V13B23-285_C1,10
GGAACCTTGACTCTGC-1_V13B23-285_C1,18
GGAACGGCCTGCAGCC-1_V13B23-285_C1,5
GGAACTTTGGCGATTA-1_V13B23-285_C1,11
GGAAGCTCGCTTACAG-1_V13B23-285_C1,3
GGAATGCGCTAGCGTG-1_V13B23-285_C1,3
GGACAAGTTGCAGTGA-1_V13B23-285_C1,10
GGACACAAGTTTACAC-1_V13B23-285_C1,11
GGACCAACAGGATAAC-1_V13B23-285_C1,19
GGACCTACGGTAACGT-1_V13B23-285_C1,3
GGACCTCTAGGCCGCC-1_V13B23-285_C1,18
GGACGTCCATAGTTGG-1_V13B23-285_C1,2
GGACTCACAAATTAGG-1_V13B23-285_C1,11
GGACTCGAAGCTTTCA-1_V13B23-285_C1,11
GGACTCTTCCGGTTGA-1_V13B23-285_C1,11
GGAGAAGTCATTGGCA-1_V13B23-285_C1,7
GGAGACCAATGTGCTT-1_V13B23-285_C1,1
GGAGACCATCTACATA-1_V13B23-285_C1,5
GGAGACGACACCTTTG-1_V13B23-285_C1,19
GGAGCAACATTTCAAG-1_V13B23-285_C1,11
GGAGCACCAAGAACTA-1_V13B23-285_C1,16
GGAGGATTGAAAGGAG-1_V13B23-285_C1,9
GGAGGCCGAAGTCGTC-1_V13B23-285_C1,11
GGAGGGCTTGGTTGGC-1_V13B23-285_C1,6
GGAGGGTCAAGTAAGA-1_V13B23-285_C1,11
GGAGTGCCGCCCTGGA-1_V13B23-285_C1,14
GGATCATCCCGTACGC-1_V13B23-285_C1,3
GGATCCGGAATATACT-1_V13B23-285_C1,17
GGATCTTGACTCAACC-1_V13B23-285_C1,10
GGATGAAGATCGCTGA-1_V13B23-285_C1,11
GGATGACGCGAGTTTA-1_V13B23-285_C1,5
GGATGCTGGCGTTCCT-1_V13B23-285_C1,5
GGATGTCCTTACCGCA-1_V13B23-285_C1,11
GGATTCAGTACGGTGG-1_V13B23-285_C1,5
GGATTCCGCTATACCC-1_V13B23-285_C1,14
GGATTGCTGTGACTCC-1_V13B23-285_C1,19
GGATTTCACTTCTATA-1_V13B23-285_C1,13
GGCAAAGGCGCCAATA-1_V13B23-285_C1,10
GGCAAATTACTTTACT-1_V13B23-285_C1,5
GGCAAGCCAGGGATAG-1_V13B23-285_C1,2
GGCAAGGCGAAATAGC-1_V13B23-285_C1,19
GGCAATAGTCAATGAG-1_V13B23-285_C1,17
GGCACTCAGCCGACCC-1_V13B23-285_C1,11
GGCACTCCACTGGGCA-1_V13B23-285_C1,5
GGCAGCAAACCTATGC-1_V13B23-285_C1,11
GGCAGCGGTAATCCTA-1_V13B23-285_C1,12
GGCATACAGGTAGCGG-1_V13B23-285_C1,5
GGCATATCGGTTCTGC-1_V13B23-285_C1,10
GGCCCAGTTATCAGCA-1_V13B23-285_C1,2
GGCCCGGAGCATGTCT-1_V13B23-285_C1,1
GGCCCGTATACCATGC-1_V13B23-285_C1,1
GGCCCTCACCCACTTA-1_V13B23-285_C1,13
GGCCGAGACTCTGGTG-1_V13B23-285_C1,10
GGCCGTTTGGGTTTCA-1_V13B23-285_C1,10
GGCCTGCTTCTCCCGA-1_V13B23-285_C1,11
GGCCTTTGCAACTGGC-1_V13B23-285_C1,3
GGCGAAATCTAACTTG-1_V13B23-285_C1,11
GGCGCAGGACATCTTC-1_V13B23-285_C1,10
GGCGCATGAATTGATG-1_V13B23-285_C1,5
GGCGCGGAGATCTTTC-1_V13B23-285_C1,11
GGCGCGTTCGAGTTTA-1_V13B23-285_C1,19
GGCGCTCCTCATCAAT-1_V13B23-285_C1,5
GGCGGAGTAATATTAG-1_V13B23-285_C1,5
GGCGGGCTCTAAGAGT-1_V13B23-285_C1,11
GGCGGTAGGATCATTG-1_V13B23-285_C1,5
GGCGGTTTGCCGGTGC-1_V13B23-285_C1,5
GGCGTCCTATCCGCTG-1_V13B23-285_C1,5
GGCTAAAGGGCGGGTC-1_V13B23-285_C1,3
GGCTAATGATTGAAAT-1_V13B23-285_C1,15
GGCTATTAAGTTGTAT-1_V13B23-285_C1,5
GGCTCCTCCACCTGTT-1_V13B23-285_C1,10
GGCTCGCGTTGAGGTA-1_V13B23-285_C1,1
GGCTCGTGCCACCAGC-1_V13B23-285_C1,5
GGCTCTGCTCCAACGC-1_V13B23-285_C1,1
GGCTGAAATAGCAAAG-1_V13B23-285_C1,11
GGCTGAGCATCGTAAG-1_V13B23-285_C1,2
GGCTGGCAGCTTTATG-1_V13B23-285_C1,12
GGCTTTCAATAAGGGT-1_V13B23-285_C1,19
GGGAACGGGAGGTTAG-1_V13B23-285_C1,10
GGGAAGGGCTTTCTCA-1_V13B23-285_C1,19
GGGAATGAGCCCTCAC-1_V13B23-285_C1,3
GGGACAGAGTTACTCC-1_V13B23-285_C1,16
GGGACCCGTATATCTT-1_V13B23-285_C1,10
GGGACTGCATAGATAG-1_V13B23-285_C1,5
GGGAGAACTCACAGTA-1_V13B23-285_C1,12
GGGAGGATGCCCGAAA-1_V13B23-285_C1,5
GGGAGTTAATGAGGCG-1_V13B23-285_C1,14
GGGATACGGTAATAAT-1_V13B23-285_C1,17
GGGATCCCAATACAAA-1_V13B23-285_C1,2
GGGATGGTCGTAACCG-1_V13B23-285_C1,10
GGGATTTACCGCACCT-1_V13B23-285_C1,11
GGGCAACCGCACGTGC-1_V13B23-285_C1,4
GGGCAGAGCAATCGTT-1_V13B23-285_C1,4
GGGCCCGTCTTAAACA-1_V13B23-285_C1,5
GGGCCCTACGAAAGGG-1_V13B23-285_C1,16
GGGCCGGCCGAAGTAC-1_V13B23-285_C1,11
GGGCCTAAATGGGCTA-1_V13B23-285_C1,13
GGGCCTATTTAAGTAT-1_V13B23-285_C1,2
GGGCGAATTTCTCCAC-1_V13B23-285_C1,13
GGGCGATATGTGTGAA-1_V13B23-285_C1,17
GGGCGCAGCGTTACTC-1_V13B23-285_C1,21
GGGCGGCAAATGAATT-1_V13B23-285_C1,10
GGGCGGGTTCCCTACG-1_V13B23-285_C1,1
GGGCGGTCCTATTGTC-1_V13B23-285_C1,5
GGGCGTACATTTATAT-1_V13B23-285_C1,14
GGGCGTCACCACGTAA-1_V13B23-285_C1,5
GGGCGTCCACTGGCTC-1_V13B23-285_C1,7
GGGCGTGGTTTCCCAG-1_V13B23-285_C1,19
GGGCTATGATCGATGG-1_V13B23-285_C1,10
GGGCTCATCGAACCCA-1_V13B23-285_C1,13
GGGCTGCCTAGGGCGA-1_V13B23-285_C1,5
GGGCTGGTTAGTCGCG-1_V13B23-285_C1,5
GGGTACCCACGGTCCT-1_V13B23-285_C1,5
GGGTACTTCATGAACT-1_V13B23-285_C1,5
GGGTATGTATGCACTT-1_V13B23-285_C1,5
GGGTATTCTAGCAAAC-1_V13B23-285_C1,12
GGGTCACCGTGACGGT-1_V13B23-285_C1,5
GGGTCATGCGTACCAT-1_V13B23-285_C1,5
GGGTCGTGGCAAGTGT-1_V13B23-285_C1,3
GGGTGACACCTTAACT-1_V13B23-285_C1,5
GGGTGCATATGAAAGC-1_V13B23-285_C1,16
GGGTGGTCCAGCCTGT-1_V13B23-285_C1,9
GGGTGTTTCAGCTATG-1_V13B23-285_C1,6
GGGTTAACATTTGAGT-1_V13B23-285_C1,10
GGGTTCAGACGAACAA-1_V13B23-285_C1,5
GGGTTTAGGATAGGAT-1_V13B23-285_C1,11
GGTAAATGTGCGTTAC-1_V13B23-285_C1,14
GGTAACCGGGAGGATA-1_V13B23-285_C1,10
GGTAACTATGTATCTG-1_V13B23-285_C1,9
GGTACAAACATGCTAT-1_V13B23-285_C1,5
GGTACACCAGATTTAT-1_V13B23-285_C1,1
GGTACATCTGGGACGA-1_V13B23-285_C1,7
GGTACCATTAAGACGG-1_V13B23-285_C1,3
GGTACTAAGTGCTTTG-1_V13B23-285_C1,11
GGTAGAAGACCGCCTG-1_V13B23-285_C1,19
GGTAGACCGTTGGGCG-1_V13B23-285_C1,10
GGTAGTGCTCGCACCA-1_V13B23-285_C1,7
GGTATTGCCGAGTTTA-1_V13B23-285_C1,5
GGTCAAGACTACTTCG-1_V13B23-285_C1,11
GGTCAGTGGGTCCCAC-1_V13B23-285_C1,19
GGTCATTGTAGTCATA-1_V13B23-285_C1,15
GGTCCTTCATACGACT-1_V13B23-285_C1,5
GGTCGGATAAACGGCG-1_V13B23-285_C1,20
GGTCGGCCAGGAGCTT-1_V13B23-285_C1,15
GGTCGGTCGTCCACAG-1_V13B23-285_C1,10
GGTCGTAAGCTCGCAC-1_V13B23-285_C1,17
GGTCTCCAAGTAGTGC-1_V13B23-285_C1,11
GGTCTCCGTCCAGGTT-1_V13B23-285_C1,11
GGTCTCTGAATGGACT-1_V13B23-285_C1,10
GGTCTGAGAATCTGGA-1_V13B23-285_C1,1
GGTGAAGTACAGGGAT-1_V13B23-285_C1,17
GGTGAGATGCAGATAA-1_V13B23-285_C1,12
GGTGATAAGGAGCAGT-1_V13B23-285_C1,11
GGTGCAGAGCCTATCG-1_V13B23-285_C1,3
GGTGCGGATAAGTGGC-1_V13B23-285_C1,6
GGTGCTGATCACAAAG-1_V13B23-285_C1,5
GGTGCTGGTACACATT-1_V13B23-285_C1,10
GGTGGACCACGTGTTA-1_V13B23-285_C1,15
GGTGGACTGCTCTGGC-1_V13B23-285_C1,11
GGTGGAGGTTGATACG-1_V13B23-285_C1,11
GGTGTTGGGCGTCTTA-1_V13B23-285_C1,11
GGTTACCACCCTCGGG-1_V13B23-285_C1,1
GGTTACCCGACACTTT-1_V13B23-285_C1,3
GGTTAGCTATATGTCT-1_V13B23-285_C1,11
GGTTAGGCTTGGAGAA-1_V13B23-285_C1,5
GGTTAGTTACGGCGCC-1_V13B23-285_C1,5
GGTTCGGATTATACTA-1_V13B23-285_C1,12
GGTTCTACTCGTCTGA-1_V13B23-285_C1,11
GGTTGTGCTCTTGTCC-1_V13B23-285_C1,5
GGTTGTGTAGCCTGGC-1_V13B23-285_C1,5
GGTTTAATTGAGCAGG-1_V13B23-285_C1,21
GGTTTACAATCTCAAT-1_V13B23-285_C1,14
GGTTTAGCCTTTCTTG-1_V13B23-285_C1,11
GGTTTCAATCGGTCAG-1_V13B23-285_C1,18
GGTTTGACAAGAAGCT-1_V13B23-285_C1,2
GGTTTGAGTGCTGGAA-1_V13B23-285_C1,9
GGTTTGTGACCTGAGG-1_V13B23-285_C1,11
GTAACATCTAAGATAA-1_V13B23-285_C1,11
GTAAGCGGGCAGTCAG-1_V13B23-285_C1,12
GTAAGGATTTGTCGGA-1_V13B23-285_C1,9
GTAAGTAACAGTCTGG-1_V13B23-285_C1,11
GTAAGTAGGGTATACC-1_V13B23-285_C1,5
GTAAGTCCACACTCTA-1_V13B23-285_C1,11
GTAATAAAGGGCTCCC-1_V13B23-285_C1,3
GTAATCTGATTCTTCG-1_V13B23-285_C1,10
GTACACTTACCTGAAG-1_V13B23-285_C1,19
GTACAGAGGCAAGGGT-1_V13B23-285_C1,11
GTACGACGGCGCTGCG-1_V13B23-285_C1,12
GTACGAGATTGCGACA-1_V13B23-285_C1,14
GTACGCTTCATTGCAC-1_V13B23-285_C1,19
GTACGTCACGTATTAA-1_V13B23-285_C1,2
GTACGTTTGCCCGTCA-1_V13B23-285_C1,19
GTACTAAGATTTGGAG-1_V13B23-285_C1,7
GTACTCCCTTATCGCT-1_V13B23-285_C1,10
GTACTCCTGGGTATGC-1_V13B23-285_C1,16
GTACTGAGGTCGTAAC-1_V13B23-285_C1,9
GTACTGGAGTTAGACC-1_V13B23-285_C1,1
GTACTTGGGCACTTCT-1_V13B23-285_C1,5
GTAGAAACGGGTGGAG-1_V13B23-285_C1,5
GTAGACACGCCTGACT-1_V13B23-285_C1,19
GTAGACGTCGTTACAT-1_V13B23-285_C1,9
GTAGAGGGAGACAAGT-1_V13B23-285_C1,17
GTAGCCAAACATGGGA-1_V13B23-285_C1,19
GTAGCGGCTATACACT-1_V13B23-285_C1,11
GTAGCTTCCTCTTGTT-1_V13B23-285_C1,13
GTAGGTGATCCGTGTA-1_V13B23-285_C1,14
GTAGTCGCGGGAATCA-1_V13B23-285_C1,11
GTAGTCTACGATATTG-1_V13B23-285_C1,19
GTATAATCTCCCGGAT-1_V13B23-285_C1,5
GTATAGGACTCAGTAG-1_V13B23-285_C1,7
GTATCAAACGTTAGCT-1_V13B23-285_C1,11
GTATCAGCTTGGGTTC-1_V13B23-285_C1,5
GTATCTCAGTCTTGAC-1_V13B23-285_C1,10
GTATCTTTCATAACCA-1_V13B23-285_C1,19
GTATGAAATTTCACTC-1_V13B23-285_C1,17
GTATGTGGGTCTAGTT-1_V13B23-285_C1,11
GTATTAAGGCGTCTAA-1_V13B23-285_C1,5
GTATTCTGAGAAACGA-1_V13B23-285_C1,10
GTATTTAATGGCATAA-1_V13B23-285_C1,11
GTCAAAGAAGTGGTGT-1_V13B23-285_C1,10
GTCAAAGTTTACATAG-1_V13B23-285_C1,2
GTCAAGCGGACTCGGG-1_V13B23-285_C1,11
GTCAATGCTATAATTT-1_V13B23-285_C1,2
GTCACAAAGTTTCCAA-1_V13B23-285_C1,9
GTCACTCTCCAAATCT-1_V13B23-285_C1,5
GTCAGAATAGTCTATG-1_V13B23-285_C1,5
GTCAGACAGCGTTGGA-1_V13B23-285_C1,2
GTCAGTTGTGCTCGTT-1_V13B23-285_C1,9
GTCAGTTTGGTAGTCG-1_V13B23-285_C1,5
GTCATCTCCTACAGCT-1_V13B23-285_C1,14
GTCATGCACCTCCGTT-1_V13B23-285_C1,7
GTCATGGACATGACTA-1_V13B23-285_C1,17
GTCATTAGAGCGAACG-1_V13B23-285_C1,12
GTCATTGCATTGACCC-1_V13B23-285_C1,5
GTCCATTACTGCTACG-1_V13B23-285_C1,11
GTCCCAACGTAAAGTA-1_V13B23-285_C1,7
GTCCCGCGACGTTATG-1_V13B23-285_C1,11
GTCCGAGAGCAATCAT-1_V13B23-285_C1,13
GTCCGGACCTGAAATT-1_V13B23-285_C1,11
GTCCGGCTGAATTGCG-1_V13B23-285_C1,5
GTCCTACAGGCGGCTC-1_V13B23-285_C1,5
GTCCTACGAATAGTCT-1_V13B23-285_C1,11
GTCCTATTGTTGTGGT-1_V13B23-285_C1,10
GTCCTTCTACAACCCA-1_V13B23-285_C1,7
GTCCTTCTAGTGGGTT-1_V13B23-285_C1,20
GTCCTTTAATGACTTC-1_V13B23-285_C1,15
GTCGATAGGTGACTTT-1_V13B23-285_C1,11
GTCGCCGTTGTGTGTT-1_V13B23-285_C1,10
GTCGCGTAACCCGTTG-1_V13B23-285_C1,11
GTCGGAAGGATACCAG-1_V13B23-285_C1,2
GTCGGATATCTCAGAC-1_V13B23-285_C1,5
GTCGGATGTAGCGCGC-1_V13B23-285_C1,14
GTCGGGAAGCAGAAAC-1_V13B23-285_C1,19
GTCGTACCATCTCGGG-1_V13B23-285_C1,19
GTCGTATTGGCGTACA-1_V13B23-285_C1,3
GTCGTCTGGTTGGCTA-1_V13B23-285_C1,17
GTCGTTATTCGCTTAT-1_V13B23-285_C1,11
GTCTACTCAATTACAA-1_V13B23-285_C1,3
GTCTATCTGAGTTTCT-1_V13B23-285_C1,10
GTCTATTGGTTCCGGT-1_V13B23-285_C1,11
GTCTCAAGGCCCGGCT-1_V13B23-285_C1,19
GTCTCCTGCCAGTATG-1_V13B23-285_C1,21
GTCTCGACTAAGTTTG-1_V13B23-285_C1,3
GTCTCGATCTGCTTTC-1_V13B23-285_C1,17
GTCTGGGCGGTCGAGA-1_V13B23-285_C1,10
GTCTTAGTACAGCCGG-1_V13B23-285_C1,14
GTCTTGAGGAGCAGTG-1_V13B23-285_C1,11
GTCTTGTAGCTATTCA-1_V13B23-285_C1,11
GTGAAACGGCGCCACC-1_V13B23-285_C1,17
GTGAACTCCCATTCGA-1_V13B23-285_C1,3
GTGAAGATTTCAAGTG-1_V13B23-285_C1,16
GTGAAGCCGTATAGTC-1_V13B23-285_C1,3
GTGACCGCACACTACG-1_V13B23-285_C1,11
GTGACCTAAAGAATAA-1_V13B23-285_C1,17
GTGACTTCAGTAGTGC-1_V13B23-285_C1,5
GTGAGCGTGCTGCACT-1_V13B23-285_C1,5
GTGAGGACACTTAAGG-1_V13B23-285_C1,11
GTGAGGAGCGGTTGAG-1_V13B23-285_C1,3
GTGAGTCTAAGACGGA-1_V13B23-285_C1,5
GTGAGTGGTACAACGC-1_V13B23-285_C1,12
GTGATCACTAACGCCT-1_V13B23-285_C1,11
GTGATCATAGATCTGC-1_V13B23-285_C1,16
GTGATCCTTGTCATGA-1_V13B23-285_C1,19
GTGATGCACAACATCT-1_V13B23-285_C1,3
GTGATTCGCCGCTCAA-1_V13B23-285_C1,10
GTGCAACAAATGTGGC-1_V13B23-285_C1,6
GTGCACGAAAGTGACT-1_V13B23-285_C1,6
GTGCAGCGTAGAGTAG-1_V13B23-285_C1,8
GTGCCATCACACGGTG-1_V13B23-285_C1,1
GTGCCCGTTCGGATTC-1_V13B23-285_C1,11
GTGCCGCTTCAAAGGT-1_V13B23-285_C1,10
GTGCCTAGCTATGCTT-1_V13B23-285_C1,5
GTGCCTCAGTGTACGG-1_V13B23-285_C1,20
GTGCGAAATCGAACAC-1_V13B23-285_C1,10
GTGCGACAGGGAGTGT-1_V13B23-285_C1,11
GTGCGGGTCTCCAAAT-1_V13B23-285_C1,4
GTGCGTGTATATGAGC-1_V13B23-285_C1,11
GTGCTCAAGTACTGTC-1_V13B23-285_C1,5
GTGCTGCAGATAAGGA-1_V13B23-285_C1,3
GTGCTTACATCAGCGC-1_V13B23-285_C1,11
GTGGAACCTACATGCG-1_V13B23-285_C1,14
GTGGACCAACCCGATT-1_V13B23-285_C1,10
GTGGACGCATTTGTCC-1_V13B23-285_C1,19
GTGGACGTGCTGAGAC-1_V13B23-285_C1,4
GTGGAGCATGTCGGCC-1_V13B23-285_C1,19
GTGGAGCGTTTACCGA-1_V13B23-285_C1,4
GTGGAGTCGGCGGTTG-1_V13B23-285_C1,10
GTGGCAAACAGCGGCA-1_V13B23-285_C1,10
GTGGCGGTCCCAGCGT-1_V13B23-285_C1,5
GTGGGAAGACTGAATC-1_V13B23-285_C1,3
GTGGGCTTAGACACAC-1_V13B23-285_C1,5
GTGGTATAGTCTGCCG-1_V13B23-285_C1,10
GTGGTGATGGTTTGTG-1_V13B23-285_C1,11
GTGGTGGCCAAGTGAA-1_V13B23-285_C1,11
GTGGTTACTTCTTTCG-1_V13B23-285_C1,3
GTGGTTTCCGCCTTTC-1_V13B23-285_C1,16
GTGTACCTTGGCTACG-1_V13B23-285_C1,6
GTGTACGAACCGTTCC-1_V13B23-285_C1,11
GTGTATATCAGCGGGC-1_V13B23-285_C1,19
GTGTCGTATAGCGTTC-1_V13B23-285_C1,19
GTGTGAATAACTTAGG-1_V13B23-285_C1,14
GTGTTACTATGCGTCC-1_V13B23-285_C1,11
GTTAAAGTAGGACTGG-1_V13B23-285_C1,11
GTTAACATCACTTAAA-1_V13B23-285_C1,19
GTTAACTATGTTGTCA-1_V13B23-285_C1,11
GTTAAGGGTGCGATGT-1_V13B23-285_C1,19
GTTAAGTTAGAGTGGG-1_V13B23-285_C1,19
GTTAATGTCTATCTTA-1_V13B23-285_C1,5
GTTACAATTGGTGACG-1_V13B23-285_C1,10
GTTACCTACAACTTGC-1_V13B23-285_C1,19
GTTACTTTGGGCCTAG-1_V13B23-285_C1,5
GTTAGAGTGTGCCGCT-1_V13B23-285_C1,2
GTTAGCCGTAAATCAA-1_V13B23-285_C1,18
GTTAGGCTACCCGTTT-1_V13B23-285_C1,18
GTTATAATACGGTGAA-1_V13B23-285_C1,11
GTTATATCAGGAGCCA-1_V13B23-285_C1,13
GTTATATTATCTCCCT-1_V13B23-285_C1,19
GTTATTAACGTGGGAG-1_V13B23-285_C1,5
GTTCACAGGAGTCTAG-1_V13B23-285_C1,5
GTTCATCGTTTGGCTG-1_V13B23-285_C1,21
GTTCCAGTCTGACCAT-1_V13B23-285_C1,14
GTTCCCGTAAACATAT-1_V13B23-285_C1,11
GTTCGCCATAAGTGCC-1_V13B23-285_C1,5
GTTCGCTGAGACGTCT-1_V13B23-285_C1,11
GTTCGGATCGGGAACA-1_V13B23-285_C1,11
GTTCGGGCGTACCATT-1_V13B23-285_C1,21
GTTCGTCTAAAGAACT-1_V13B23-285_C1,11
GTTCGTCTGGGTCCCT-1_V13B23-285_C1,3
GTTCTTCCCTCGATGT-1_V13B23-285_C1,15
GTTGAACCGGTTCCAT-1_V13B23-285_C1,10
GTTGAGTCCCGCCGGT-1_V13B23-285_C1,19
GTTGCACGGAGTTTCG-1_V13B23-285_C1,5
GTTGCAGTCGACAACA-1_V13B23-285_C1,11
GTTGCGCTAACATTAC-1_V13B23-285_C1,11
GTTGCGGACGGTCAGG-1_V13B23-285_C1,11
GTTGGACCGCATCAGG-1_V13B23-285_C1,16
GTTGGATTCAGTGGCT-1_V13B23-285_C1,3
GTTGGATTGAGAACAC-1_V13B23-285_C1,17
GTTGGATTTGCGTTGG-1_V13B23-285_C1,5
GTTGGTCATGCTATCC-1_V13B23-285_C1,19
GTTGTCGTGTTAGTTG-1_V13B23-285_C1,6
GTTGTTGCAAGATGGC-1_V13B23-285_C1,11
GTTTACGTTCCATCTG-1_V13B23-285_C1,19
GTTTATGGGATTTAGA-1_V13B23-285_C1,7
GTTTCAAACGAGTTGT-1_V13B23-285_C1,11
GTTTCCTGGAGGGTGA-1_V13B23-285_C1,5
GTTTCTGCAGTCTCCC-1_V13B23-285_C1,11
GTTTGACCAAATCCTA-1_V13B23-285_C1,7
GTTTGGCCCAAGTTAT-1_V13B23-285_C1,11
GTTTGGCCGCTCAGCG-1_V13B23-285_C1,9
GTTTGGGCTTGTGAGC-1_V13B23-285_C1,19
GTTTGGTAGGGTCAAC-1_V13B23-285_C1,12
TAAACCCAGGAGGGCA-1_V13B23-285_C1,10
TAAACGTCGTCAATGA-1_V13B23-285_C1,12
TAAAGACAACCCTTTA-1_V13B23-285_C1,11
TAAAGCGGTATTTCCA-1_V13B23-285_C1,10
TAAAGCGTTAGGAGAA-1_V13B23-285_C1,1
TAAAGCTGCAATAGGG-1_V13B23-285_C1,20
TAAATCTTTACACCTC-1_V13B23-285_C1,21
TAAATGAATCCGTTTC-1_V13B23-285_C1,5
TAAATGCCGTCTCATG-1_V13B23-285_C1,12
TAAATGGGCTACTGAG-1_V13B23-285_C1,11
TAACAAAGGGAGAAGC-1_V13B23-285_C1,5
TAACAATATTTGTTGC-1_V13B23-285_C1,5
TAACATACAATGTGGG-1_V13B23-285_C1,11
TAACATACACGCGATC-1_V13B23-285_C1,16
TAACCTACCGTCCGAG-1_V13B23-285_C1,2
TAACCTAGGGAGTCCA-1_V13B23-285_C1,11
TAACGCTTTGAGAGCG-1_V13B23-285_C1,5
TAACTATCGAAGGTCC-1_V13B23-285_C1,5
TAACTATTACGCCAAA-1_V13B23-285_C1,15
TAACTCATCCGCGCGG-1_V13B23-285_C1,10
TAACTCCATGGAGGCT-1_V13B23-285_C1,5
TAAGCAGGCGACACGC-1_V13B23-285_C1,5
TAAGCCCTTACGACCA-1_V13B23-285_C1,2
TAAGGAACTTGTGGGA-1_V13B23-285_C1,5
TAAGGCAACATAAGAT-1_V13B23-285_C1,1
TAAGGCATAACATCAA-1_V13B23-285_C1,10
TAAGGCCCGTCACCCT-1_V13B23-285_C1,19
TAAGGCTGAATCCCTC-1_V13B23-285_C1,11
TAAGGGCCTGTCCGAT-1_V13B23-285_C1,11
TAAGGGCTGGGAGAGG-1_V13B23-285_C1,5
TAAGTAACATCTTGAC-1_V13B23-285_C1,21
TAAGTCGCCGAGTATC-1_V13B23-285_C1,10
TAAGTTGCGACGTAGG-1_V13B23-285_C1,11
TAATAAACAAGGAGAT-1_V13B23-285_C1,7
TAATACACAGTAGTAT-1_V13B23-285_C1,14
TAATAGAACAGAGTTA-1_V13B23-285_C1,10
TAATAGCTAAATGATG-1_V13B23-285_C1,2
TAATAGGTCACCAGAA-1_V13B23-285_C1,10
TAATAGTGACGACCAG-1_V13B23-285_C1,3
TAATATTGAAATTCGC-1_V13B23-285_C1,6
TAATCAACCAAATGGG-1_V13B23-285_C1,11
TAATCGATCCGTACGT-1_V13B23-285_C1,17
TAATGAAAGACCCTTG-1_V13B23-285_C1,5
TAATTACGTCAGTAGA-1_V13B23-285_C1,11
TAATTAGGACATCCGT-1_V13B23-285_C1,11
TAATTGGAATCGGGAA-1_V13B23-285_C1,12
TACAACGCACAACTCA-1_V13B23-285_C1,5
TACAAGTCTCGTGCAT-1_V13B23-285_C1,5
TACACCGTCGTTAGTC-1_V13B23-285_C1,13
TACAGAAACGGTGGGC-1_V13B23-285_C1,11
TACATAGGCATACACC-1_V13B23-285_C1,5
TACATCCCTATCCCTG-1_V13B23-285_C1,3
TACATGACCTTATCCG-1_V13B23-285_C1,5
TACATGCCGGAATTGT-1_V13B23-285_C1,11
TACATTTCTAACGTGC-1_V13B23-285_C1,5
TACCAAATAGCCCAGA-1_V13B23-285_C1,19
TACCAATAAAGTACCA-1_V13B23-285_C1,11
TACCAGAAGTAGGTTC-1_V13B23-285_C1,10
TACCAGCTAGGTTTAA-1_V13B23-285_C1,9
TACCATGTATTGATTT-1_V13B23-285_C1,11
TACCGCGGACTTGCAG-1_V13B23-285_C1,1
TACCGGCTCACTGCCC-1_V13B23-285_C1,19
TACCGGTCGTTTCCAT-1_V13B23-285_C1,10
TACCGTAGGTTAACTA-1_V13B23-285_C1,4
TACCGTGCCTCGGACC-1_V13B23-285_C1,19
TACCTACTCCCAGTAT-1_V13B23-285_C1,19
TACCTCACGCTTGTAC-1_V13B23-285_C1,14
TACCTCAGTTGTCTGT-1_V13B23-285_C1,10
TACCTGCTGCACTGTG-1_V13B23-285_C1,5
TACCTTAAGATTTCCC-1_V13B23-285_C1,16
TACGAACACGACTTCA-1_V13B23-285_C1,5
TACGACGCTTGCTGCG-1_V13B23-285_C1,5
TACGACTGCCTCTTAG-1_V13B23-285_C1,19
TACGAGAACTTCACGT-1_V13B23-285_C1,5
TACGATGTTGATCATC-1_V13B23-285_C1,5
TACGCAGTTCTTTCCT-1_V13B23-285_C1,4
TACGCCATATTCTAAT-1_V13B23-285_C1,5
TACGCCGAGGGTACCC-1_V13B23-285_C1,10
TACGCCGCCTCAGAAG-1_V13B23-285_C1,11
TACGCCTCCATTCCGA-1_V13B23-285_C1,19
TACGCTATAGAAACCT-1_V13B23-285_C1,16
TACGCTCGGTATTGGA-1_V13B23-285_C1,11
TACGGGATGCTAGCAG-1_V13B23-285_C1,11
TACGTACTAGTGCTGA-1_V13B23-285_C1,10
TACGTGCAAGGTTCCT-1_V13B23-285_C1,19
TACGTGCACTATGCTG-1_V13B23-285_C1,5
TACGTTTACCGGCAAT-1_V13B23-285_C1,17
TACTATGGTTCCTCAG-1_V13B23-285_C1,10
TACTCGGCACGCCGGG-1_V13B23-285_C1,3
TACTCTCCGAACAAAT-1_V13B23-285_C1,12
TACTCTTACTTTACTG-1_V13B23-285_C1,11
TACTCTTTCGTCTTCA-1_V13B23-285_C1,10
TACTGAACAGATTTAG-1_V13B23-285_C1,21
TACTGCAATCAATTAC-1_V13B23-285_C1,1
TACTGGACAGCTCGGC-1_V13B23-285_C1,7
TACTGTTTCTCTGGTA-1_V13B23-285_C1,11
TACTTGTTAGTAGTCC-1_V13B23-285_C1,11
TACTTTACTGAGCCGG-1_V13B23-285_C1,3
TACTTTCCGCACGCCA-1_V13B23-285_C1,17
TAGAAAGGTGGCGCTA-1_V13B23-285_C1,3
TAGAAATTCACGTATA-1_V13B23-285_C1,3
TAGAATAGCCGATGAA-1_V13B23-285_C1,11
TAGAATTAAGGGCAAC-1_V13B23-285_C1,9
TAGACGAAACGCCAAT-1_V13B23-285_C1,19
TAGACGCCCGTACCGG-1_V13B23-285_C1,17
TAGACTACCTAGCGTT-1_V13B23-285_C1,11
TAGAGATCATGCAACT-1_V13B23-285_C1,7
TAGAGCTACGAAGAAC-1_V13B23-285_C1,12
TAGAGGTTCTACTTGT-1_V13B23-285_C1,11
TAGAGTCTAAGCGAAC-1_V13B23-285_C1,5
TAGATATGGACTGGAA-1_V13B23-285_C1,10
TAGATCCGAAGTCGCA-1_V13B23-285_C1,9
TAGATGGTTCCTTACT-1_V13B23-285_C1,11
TAGATTCCTGGTTATT-1_V13B23-285_C1,5
TAGCAACCTGTCACAA-1_V13B23-285_C1,5
TAGCCATTTCAAAGTC-1_V13B23-285_C1,11
TAGCCGGCGGTCAGCG-1_V13B23-285_C1,17
TAGCGTCCCTCGATTG-1_V13B23-285_C1,11
TAGCGTCCGGTGTGGT-1_V13B23-285_C1,19
TAGCGTTGGGTCTTAC-1_V13B23-285_C1,8
TAGCTAAGTCCGGGAG-1_V13B23-285_C1,13
TAGCTAGAAGGCATGA-1_V13B23-285_C1,10
TAGCTAGTGATGATGG-1_V13B23-285_C1,17
TAGCTCGCCTGATAAC-1_V13B23-285_C1,12
TAGCTGATGTGAAGCG-1_V13B23-285_C1,13
TAGGCATGTTACGCCA-1_V13B23-285_C1,16
TAGGGAGCTTGGGATG-1_V13B23-285_C1,11
TAGGGTGTTTCAAGAG-1_V13B23-285_C1,14
TAGGTCCAAGTAAGGA-1_V13B23-285_C1,5
TAGGTCGCCGGAACTG-1_V13B23-285_C1,21
TAGGTGACGATAACCT-1_V13B23-285_C1,19
TAGGTGAGCCCTACTC-1_V13B23-285_C1,5
TAGGTGCTCGCCTAGC-1_V13B23-285_C1,11
TAGGTGTTCCACAGAT-1_V13B23-285_C1,18
TAGGTTCGAGTTCGTC-1_V13B23-285_C1,2
TAGTACCTTAGTGGTC-1_V13B23-285_C1,5
TAGTAGCTTATACCAG-1_V13B23-285_C1,10
TAGTCCGCAGAGAATG-1_V13B23-285_C1,5
TAGTCCGTATGCATAA-1_V13B23-285_C1,5
TAGTCGATCACGGGTT-1_V13B23-285_C1,11
TAGTCGGGATTCTTCG-1_V13B23-285_C1,17
TAGTCTAACAACGAGA-1_V13B23-285_C1,17
TAGTCTGTGACGTTGC-1_V13B23-285_C1,18
TAGTCTTTCCGAATTG-1_V13B23-285_C1,11
TAGTGCCCTCCAGAGT-1_V13B23-285_C1,5
TAGTGCTTGAATCCTT-1_V13B23-285_C1,7
TAGTGTCAGAAACGGC-1_V13B23-285_C1,5
TAGTTAAGATAGGATA-1_V13B23-285_C1,14
TAGTTTATTCTTGCTT-1_V13B23-285_C1,6
TATAAATCCACAAGCT-1_V13B23-285_C1,5
TATAAGTGAGGATAGC-1_V13B23-285_C1,5
TATACACAGACGCCTT-1_V13B23-285_C1,12
TATACACGCAAAGTAT-1_V13B23-285_C1,4
TATACCGAGTGCCACA-1_V13B23-285_C1,11
TATACGCGTCATCACT-1_V13B23-285_C1,19
TATACTCATGCGGCAA-1_V13B23-285_C1,5
TATAGATGGTCGCAGT-1_V13B23-285_C1,11
TATAGGGTACTCATGA-1_V13B23-285_C1,3
TATATATCGAGAAATG-1_V13B23-285_C1,7
TATATCATTGATCAGT-1_V13B23-285_C1,10
TATATCCCTGGGAGGA-1_V13B23-285_C1,11
TATATGCTGGGTTGCC-1_V13B23-285_C1,13
TATATTACAAATGTCG-1_V13B23-285_C1,13
TATATTCGCGTCGATA-1_V13B23-285_C1,9
TATCAAAGGTCTGTAA-1_V13B23-285_C1,7
TATCACCATGTAAAGT-1_V13B23-285_C1,12
TATCACCCAACCGACC-1_V13B23-285_C1,13
TATCACTTCGAGTAAC-1_V13B23-285_C1,3
TATCCAATTGGTTATC-1_V13B23-285_C1,19
TATCCATATCATGCGA-1_V13B23-285_C1,14
TATCCATCTCGGTTAG-1_V13B23-285_C1,10
TATCCGCACCGTCGGG-1_V13B23-285_C1,7
TATCGATCTATGCATA-1_V13B23-285_C1,17
TATCGATGATTAAACG-1_V13B23-285_C1,5
TATCTACAGAGGTAAT-1_V13B23-285_C1,5
TATCTACCACAGCGGG-1_V13B23-285_C1,5
TATCTAGCCTAAAGGA-1_V13B23-285_C1,5
TATCTTGCAATACAAC-1_V13B23-285_C1,10
TATGAAGACAGGTGCG-1_V13B23-285_C1,5
TATGATCCGGCACGCC-1_V13B23-285_C1,3
TATGATCTTCTCTTTA-1_V13B23-285_C1,11
TATGCTCCCTACTTAC-1_V13B23-285_C1,10
TATGGATGTGCTACGC-1_V13B23-285_C1,2
TATGGCCCGGCCTCGC-1_V13B23-285_C1,5
TATGGCTAGGCTAATT-1_V13B23-285_C1,1
TATGGGACCGAGCAGG-1_V13B23-285_C1,5
TATGGGTACGTATCGT-1_V13B23-285_C1,5
TATGGTCTGAGTAACA-1_V13B23-285_C1,5
TATGGTTAGTGGGAGA-1_V13B23-285_C1,11
TATGTCAAGACCGACT-1_V13B23-285_C1,17
TATGTCTCATTGTGCC-1_V13B23-285_C1,3
TATTAACCTGACCGCG-1_V13B23-285_C1,10
TATTACCATCCTGCTT-1_V13B23-285_C1,11
TATTATGTTTGCCTGC-1_V13B23-285_C1,10
TATTCAATTCTAATCC-1_V13B23-285_C1,14
TATTCCACTCAGCTCG-1_V13B23-285_C1,19
TATTCCGAGCTGTTAT-1_V13B23-285_C1,11
TATTCCTCCGCCCACT-1_V13B23-285_C1,10
TATTCGTGCCAGAATA-1_V13B23-285_C1,4
TATTGACATTTCTGCC-1_V13B23-285_C1,16
TATTTAGTCTAGATCG-1_V13B23-285_C1,14
TATTTATACCGAGTAG-1_V13B23-285_C1,14
TATTTGATTTGCACAG-1_V13B23-285_C1,11
TATTTGTTACCCTTTA-1_V13B23-285_C1,5
TCAAACAACCGCGTCG-1_V13B23-285_C1,5
TCAAACTTAGATTGTT-1_V13B23-285_C1,4
TCAAATTTGAGACTCA-1_V13B23-285_C1,19
TCAACAAAGATAATTC-1_V13B23-285_C1,7
TCAACATAGCGCCCTA-1_V13B23-285_C1,16
TCAACATCGACCGAGA-1_V13B23-285_C1,3
TCAACCATGTTCGGGC-1_V13B23-285_C1,5
TCAACGAGGAGACAAA-1_V13B23-285_C1,5
TCAACGCAGGAAATAA-1_V13B23-285_C1,10
TCAACTAACGTATAAC-1_V13B23-285_C1,5
TCAACTGCAGAGTCAG-1_V13B23-285_C1,11
TCAAGAAATACTAGCT-1_V13B23-285_C1,17
TCAAGCGCGGACGGTA-1_V13B23-285_C1,11
TCAAGCTGCCTTGAAA-1_V13B23-285_C1,3
TCAAGGTTACTACACC-1_V13B23-285_C1,11
TCAATACGCCGTCATG-1_V13B23-285_C1,10
TCACAAACCGAGGTAC-1_V13B23-285_C1,11
TCACAGATCCTCAAAC-1_V13B23-285_C1,9
TCACAGCAAACTCGAA-1_V13B23-285_C1,10
TCACAGGAGAATAAGA-1_V13B23-285_C1,10
TCACAGGGAATCGCAA-1_V13B23-285_C1,11
TCACAGGTTATTGGGC-1_V13B23-285_C1,5
TCACATCTTATCTGAT-1_V13B23-285_C1,5
TCACCCTCTTAAGATT-1_V13B23-285_C1,19
TCACCGCTCGGCACTC-1_V13B23-285_C1,3
TCACGATGTCCGTGGA-1_V13B23-285_C1,13
TCACGCATTGTAGATC-1_V13B23-285_C1,5
TCACGGTCATCGCACA-1_V13B23-285_C1,5
TCACGTGCCCGATTCA-1_V13B23-285_C1,19
TCACTACGACCAATGC-1_V13B23-285_C1,3
TCACTCGTGCAACGGC-1_V13B23-285_C1,3
TCACTCTTCGTCTGTC-1_V13B23-285_C1,7
TCAGAACCTCCACAGG-1_V13B23-285_C1,13
TCAGACGCTATAGAAG-1_V13B23-285_C1,19
TCAGAGTGTGAGCATG-1_V13B23-285_C1,11
TCAGCAAATGCATCTC-1_V13B23-285_C1,3
TCAGCAGTAGGCCCTG-1_V13B23-285_C1,10
TCAGCCAATCCGTAAA-1_V13B23-285_C1,11
TCAGGGCGCAAACTCG-1_V13B23-285_C1,5
TCAGGGTGTAACGTAA-1_V13B23-285_C1,1
TCAGGTTCTTTGAGAA-1_V13B23-285_C1,5
TCAGTACTGACCCGCG-1_V13B23-285_C1,4
TCAGTAGGGACTATAA-1_V13B23-285_C1,5
TCAGTGTATACGTCAT-1_V13B23-285_C1,10
TCATAAGTCCAAGAAG-1_V13B23-285_C1,11
TCATACTTACAGATCC-1_V13B23-285_C1,5
TCATCACTCGAGCTCG-1_V13B23-285_C1,5
TCATCCCAGAGGGTGG-1_V13B23-285_C1,6
TCATCGATGGTCCCAA-1_V13B23-285_C1,17
TCATGCAGGTTCTCAT-1_V13B23-285_C1,20
TCATTTAAGTCTCCGA-1_V13B23-285_C1,11
TCATTTAGAAGTGTGA-1_V13B23-285_C1,11
TCCAACTTTAAATTCT-1_V13B23-285_C1,10
TCCAATAAAGGCTACC-1_V13B23-285_C1,10
TCCACAATGGTTTACG-1_V13B23-285_C1,1
TCCACCTCTAGCCTTT-1_V13B23-285_C1,10
TCCACTTTATCTAGGT-1_V13B23-285_C1,21
TCCAGAGCACCGGTTC-1_V13B23-285_C1,11
TCCAGATGTACGCCAA-1_V13B23-285_C1,18
TCCAGCGCTATAAGCG-1_V13B23-285_C1,11
TCCAGGCGAGTACGGT-1_V13B23-285_C1,10
TCCAGGGTATATACGA-1_V13B23-285_C1,19
TCCATTCCCACTAGAG-1_V13B23-285_C1,15
TCCATTGTGACCTCGT-1_V13B23-285_C1,9
TCCCAAACAGACAACG-1_V13B23-285_C1,3
TCCCAAAGACGAAGGA-1_V13B23-285_C1,7
TCCCAAAGCCCTAAAT-1_V13B23-285_C1,8
TCCCACTCTCTTCCGG-1_V13B23-285_C1,3
TCCCAGCACACGACAT-1_V13B23-285_C1,11
TCCCAGCTTTAGTCTG-1_V13B23-285_C1,4
TCCCAGGCTTAGCTAA-1_V13B23-285_C1,5
TCCCGCCTATGTGCGT-1_V13B23-285_C1,3
TCCCGCGTACTCCTGG-1_V13B23-285_C1,1
TCCCGGGTGTGCTGCT-1_V13B23-285_C1,5
TCCCGTCAGTCCCGCA-1_V13B23-285_C1,16
TCCCGTCGCGTCATAG-1_V13B23-285_C1,13
TCCCGTGTGCAATTTG-1_V13B23-285_C1,11
TCCCTAGATCAATAGG-1_V13B23-285_C1,3
TCCCTGGCGTATTAAC-1_V13B23-285_C1,10
TCCCTGGCTCGCTGGA-1_V13B23-285_C1,5
TCCCTTAGATTACTCG-1_V13B23-285_C1,7
TCCGAACGTTGCCGCT-1_V13B23-285_C1,11
TCCGAACTTGGCTTAC-1_V13B23-285_C1,5
TCCGAAGTAGTCACCA-1_V13B23-285_C1,12
TCCGAATGGTCCTGAG-1_V13B23-285_C1,16
TCCGATAATTGCCATA-1_V13B23-285_C1,14
TCCGATGACTGAGCTC-1_V13B23-285_C1,12
TCCGATGGTGCGACAT-1_V13B23-285_C1,5
TCCGATTACATTGCCG-1_V13B23-285_C1,5
TCCGCAGCCACCTAGC-1_V13B23-285_C1,12
TCCGCCTGTCTACAAG-1_V13B23-285_C1,19
TCCGCGGCAGCATCTG-1_V13B23-285_C1,11
TCCGCGGCCCAATGAA-1_V13B23-285_C1,11
TCCGCTGTCATCCCGG-1_V13B23-285_C1,11
TCCGCTTATCCCATTA-1_V13B23-285_C1,19
TCCGGAGGAAGGGCTG-1_V13B23-285_C1,12
TCCGGCCTAGCGTACA-1_V13B23-285_C1,21
TCCGGCTGTCGGGTCG-1_V13B23-285_C1,11
TCCGGTTCGTCCGGTC-1_V13B23-285_C1,7
TCCGTAACCACAATCC-1_V13B23-285_C1,5
TCCGTTAAGCTAATAT-1_V13B23-285_C1,11
TCCGTTTAGCCTTGAA-1_V13B23-285_C1,1
TCCTAAATTGGGAAGC-1_V13B23-285_C1,19
TCCTAACCGTCGGGCA-1_V13B23-285_C1,10
TCCTACATCCACGGCC-1_V13B23-285_C1,11
TCCTAGCAAAGAAGCT-1_V13B23-285_C1,7
TCCTATCATAGGTAAC-1_V13B23-285_C1,11
TCCTCCTAAGACATTC-1_V13B23-285_C1,13
TCCTCGGGCTGGGCTT-1_V13B23-285_C1,11
TCCTCTACGAGATGGC-1_V13B23-285_C1,5
TCCTCTCCAGTTGTCC-1_V13B23-285_C1,5
TCCTCTGGCCCATTAG-1_V13B23-285_C1,12
TCCTGCCAACTGGAGA-1_V13B23-285_C1,14
TCCTGCGTTGATACTC-1_V13B23-285_C1,10
TCCTGGCGCTGCCTGG-1_V13B23-285_C1,2
TCCTTACGACGGTCCG-1_V13B23-285_C1,11
TCCTTCAGTGGTCGAA-1_V13B23-285_C1,6
TCCTTTAAATCCGCTT-1_V13B23-285_C1,11
TCCTTTCTTACGCTTA-1_V13B23-285_C1,3
TCGAAATTTAGGACCA-1_V13B23-285_C1,5
TCGAAGAACCGAGCAC-1_V13B23-285_C1,11
TCGAATATCCCGCAGG-1_V13B23-285_C1,16
TCGACAACTGAACCCG-1_V13B23-285_C1,10
TCGAGACCAACACCGT-1_V13B23-285_C1,5
TCGAGCCAGGCAGGCC-1_V13B23-285_C1,10
TCGAGGGCAACAGACG-1_V13B23-285_C1,17
TCGCAAAGATGCATTT-1_V13B23-285_C1,19
TCGCACCAGGAGGCAG-1_V13B23-285_C1,11
TCGCATAAAGGGCGCA-1_V13B23-285_C1,11
TCGCATCCCTAAGTGT-1_V13B23-285_C1,5
TCGCCGAAGTTGCGTC-1_V13B23-285_C1,7
TCGCCGGTCGATCCGT-1_V13B23-285_C1,14
TCGCGTAGCAGTGTCC-1_V13B23-285_C1,21
TCGCGTCCAGAAGGTC-1_V13B23-285_C1,5
TCGCTAAACCGCTATC-1_V13B23-285_C1,5
TCGCTCGATATATTCC-1_V13B23-285_C1,18
TCGCTCGGCACCAGCG-1_V13B23-285_C1,3
TCGCTGGGCGGATTGT-1_V13B23-285_C1,1
TCGCTGTGCGTAAATC-1_V13B23-285_C1,5
TCGCTTTAAACGTTTG-1_V13B23-285_C1,3
TCGGAATGCGCTCTGA-1_V13B23-285_C1,5
TCGGACGCCCAGCCCA-1_V13B23-285_C1,17
TCGGAGAGTATCGGGA-1_V13B23-285_C1,10
TCGGAGTACATGAGTA-1_V13B23-285_C1,7
TCGGCGAACCCAAACC-1_V13B23-285_C1,11
TCGGCGTACTGCACAA-1_V13B23-285_C1,12
TCGGCTTGTATCGACG-1_V13B23-285_C1,11
TCGGGAACGTGCCTAG-1_V13B23-285_C1,21
TCGGGAGACAGCGTAC-1_V13B23-285_C1,19
TCGGGATTCAAACATA-1_V13B23-285_C1,5
TCGGGCCGTCGTGGTA-1_V13B23-285_C1,11
TCGGGTGAAACTGCTA-1_V13B23-285_C1,9
TCGGTCCCGACAATAG-1_V13B23-285_C1,10
TCGGTCCCTGACTCCA-1_V13B23-285_C1,12
TCGGTGACCGCTCCGG-1_V13B23-285_C1,20
TCGTAAGACGACATTG-1_V13B23-285_C1,3
TCGTAAGCTCCGAGGA-1_V13B23-285_C1,12
TCGTATAGTGCAATTA-1_V13B23-285_C1,6
TCGTATTACCCATTGC-1_V13B23-285_C1,10
TCGTCAAGTACGCGCA-1_V13B23-285_C1,10
TCGTCACACTGTTAGC-1_V13B23-285_C1,5
TCGTCCGCTGGCGTCT-1_V13B23-285_C1,7
TCGTCTTAGGCGTTAA-1_V13B23-285_C1,11
TCGTGTACTATGGATG-1_V13B23-285_C1,11
TCGTGTATTGGTCACG-1_V13B23-285_C1,1
TCGTGTCACGCTGACA-1_V13B23-285_C1,3
TCGTGTTCGACCACAA-1_V13B23-285_C1,11
TCGTTAGGAGTCCCTA-1_V13B23-285_C1,10
TCGTTCGTTATTATGT-1_V13B23-285_C1,9
TCGTTGCTATCCGGTC-1_V13B23-285_C1,10
TCTAACTGTATGTAAA-1_V13B23-285_C1,5
TCTAATACTGCCTCAG-1_V13B23-285_C1,10
TCTACCCAATAGAGAG-1_V13B23-285_C1,11
TCTACCGTCCACAAGC-1_V13B23-285_C1,16
TCTACGGGCTCAGTTG-1_V13B23-285_C1,15
TCTAGCAATCTCCGCC-1_V13B23-285_C1,10
TCTAGCATCTTCGATG-1_V13B23-285_C1,5
TCTAGCATGCCCAGAA-1_V13B23-285_C1,19
TCTAGGTGGCGACGCT-1_V13B23-285_C1,3
TCTAGTGATATCGTGG-1_V13B23-285_C1,11
TCTAGTTATCAGAAGA-1_V13B23-285_C1,5
TCTATCATGCAGTTAC-1_V13B23-285_C1,7
TCTATCGGTCGCAACA-1_V13B23-285_C1,14
TCTATTACGCTGGCGA-1_V13B23-285_C1,9
TCTATTACTAGAGGAT-1_V13B23-285_C1,10
TCTCATGAGATAGGGT-1_V13B23-285_C1,11
TCTCCAACGTAGGTTA-1_V13B23-285_C1,4
TCTCCACAAGTTGAAT-1_V13B23-285_C1,11
TCTCCCTGGGCAGCGT-1_V13B23-285_C1,11
TCTCGAACGAGGTCAC-1_V13B23-285_C1,20
TCTCGACGTATCGCCG-1_V13B23-285_C1,11
TCTCGAGGAGGTTCGC-1_V13B23-285_C1,11
TCTCGGCTCCAGGACT-1_V13B23-285_C1,5
TCTCTAATAGCTGGTA-1_V13B23-285_C1,12
TCTCTCGCCGCACATA-1_V13B23-285_C1,11
TCTGAACCGGTCGGCT-1_V13B23-285_C1,5
TCTGAACTCGTACCCG-1_V13B23-285_C1,11
TCTGAAGCACGTGGTC-1_V13B23-285_C1,11
TCTGAATTCCGTACAA-1_V13B23-285_C1,17
TCTGACGGGCTAACCC-1_V13B23-285_C1,1
TCTGAGCAATTGACTG-1_V13B23-285_C1,11
TCTGATCGGGTGCTAG-1_V13B23-285_C1,1
TCTGATGTATTCTGTC-1_V13B23-285_C1,11
TCTGATTGGAAATGGA-1_V13B23-285_C1,19
TCTGCACCATTAGTAA-1_V13B23-285_C1,13
TCTGCATACCTTGCTT-1_V13B23-285_C1,11
TCTGCCAGAAACTGCA-1_V13B23-285_C1,11
TCTGCGAATCGTTCGC-1_V13B23-285_C1,2
TCTGCGTCCGGTTTCT-1_V13B23-285_C1,5
TCTGCTTAGAACAAGC-1_V13B23-285_C1,11
TCTGGAGCGTAAGAGT-1_V13B23-285_C1,10
TCTGGCCGTTCAAGTT-1_V13B23-285_C1,19
TCTGGGAACCTTTGAA-1_V13B23-285_C1,11
TCTGGGTAGCGCTCAT-1_V13B23-285_C1,1
TCTGTGCCATCATAGT-1_V13B23-285_C1,17
TCTGTTACCCAGCATA-1_V13B23-285_C1,10
TCTTACAGAGGTACCG-1_V13B23-285_C1,14
TCTTACCGGAACTCGT-1_V13B23-285_C1,17
TCTTACGGCATCCGAC-1_V13B23-285_C1,5
TCTTACTTATGCCTCT-1_V13B23-285_C1,11
TCTTAGAGCTCCAATT-1_V13B23-285_C1,11
TCTTAGAGTGAACTCT-1_V13B23-285_C1,11
TCTTCCCATGGGCACA-1_V13B23-285_C1,16
TCTTCGAATAGACGTT-1_V13B23-285_C1,11
TCTTCGATACCAATAA-1_V13B23-285_C1,5
TCTTCGCGGTGAGAGG-1_V13B23-285_C1,11
TCTTCTATAACCCGCC-1_V13B23-285_C1,11
TCTTGATGCGTAGCGA-1_V13B23-285_C1,5
TCTTGGTAACACCAAA-1_V13B23-285_C1,14
TCTTTAAGACTATGAA-1_V13B23-285_C1,16
TCTTTAGAGTCTAACA-1_V13B23-285_C1,11
TCTTTAGCAGGCGAAC-1_V13B23-285_C1,3
TCTTTCCTTCGAGATA-1_V13B23-285_C1,11
TGAAACTTATGCAAGC-1_V13B23-285_C1,9
TGAAAGGACCTGACTC-1_V13B23-285_C1,11
TGAAGAGCGGTCCTAG-1_V13B23-285_C1,5
TGAAGTAGCTTACGGA-1_V13B23-285_C1,16
TGAATATGCTATAAAC-1_V13B23-285_C1,3
TGAATGAGATACAGCA-1_V13B23-285_C1,15
TGAATGTCAGCCGGCC-1_V13B23-285_C1,11
TGACAACGCATGTCGC-1_V13B23-285_C1,8
TGACACTTCTCTTTGC-1_V13B23-285_C1,12
TGACAGGACAAGTCCA-1_V13B23-285_C1,3
TGACATCGAGCGGACC-1_V13B23-285_C1,11
TGACCCACGTTAGACA-1_V13B23-285_C1,5
TGACGAATATTTCCCT-1_V13B23-285_C1,3
TGACGATGCACTAGAA-1_V13B23-285_C1,11
TGACTATAATCCTTTC-1_V13B23-285_C1,19
TGAGAATGCTTTACCG-1_V13B23-285_C1,14
TGAGAGATTTACCACG-1_V13B23-285_C1,11
TGAGATTAGGCCCTAA-1_V13B23-285_C1,3
TGAGCCATACAGTCTC-1_V13B23-285_C1,1
TGAGCGGAAAGTGTTC-1_V13B23-285_C1,19
TGAGCTCAACTGTATA-1_V13B23-285_C1,11
TGAGCTTTAATGACGC-1_V13B23-285_C1,17
TGAGGAGTGCCAGCTT-1_V13B23-285_C1,4
TGAGTAAATTAGCGTA-1_V13B23-285_C1,19
TGAGTGCCTCTTAAAT-1_V13B23-285_C1,4
TGAGTGGTCCGTGACG-1_V13B23-285_C1,1
TGAGTTAAAGACATTC-1_V13B23-285_C1,11
TGATACATTTAGCCGT-1_V13B23-285_C1,10
TGATAGCGGGATTCTA-1_V13B23-285_C1,5
TGATCAGGGAACTGCT-1_V13B23-285_C1,3
TGATCCCAGCATTAGT-1_V13B23-285_C1,1
TGATCGGTTTGACCCT-1_V13B23-285_C1,5
TGATCTACGCTGATCT-1_V13B23-285_C1,17
TGATCTCCGGCGCCAG-1_V13B23-285_C1,12
TGATGGCTGTTTCTGA-1_V13B23-285_C1,1
TGATGTCAATTAAGTG-1_V13B23-285_C1,11
TGATTATGGCACGCAG-1_V13B23-285_C1,2
TGATTCAGGTCCCGCG-1_V13B23-285_C1,17
TGATTCGTCTATCACT-1_V13B23-285_C1,5
TGATTCTGTCGCCGGT-1_V13B23-285_C1,10
TGATTTATTAGCTGTG-1_V13B23-285_C1,10
TGATTTCCTCCTGACG-1_V13B23-285_C1,5
TGCAACCCATCTGCGG-1_V13B23-285_C1,11
TGCAAGAATGACGTAA-1_V13B23-285_C1,7
TGCAATCTAACACGGT-1_V13B23-285_C1,11
TGCAATTTGGGCACGG-1_V13B23-285_C1,3
TGCACAGTGAAGTTAT-1_V13B23-285_C1,12
TGCACTATGTGAGTGC-1_V13B23-285_C1,5
TGCAGAACTATATCGT-1_V13B23-285_C1,3
TGCAGAGTACCGAGCA-1_V13B23-285_C1,5
TGCAGATCGTCCTAGG-1_V13B23-285_C1,3
TGCAGCTACGTACTTC-1_V13B23-285_C1,3
TGCAGGATCGGCAAAG-1_V13B23-285_C1,7
TGCAGTGAGGCTCGGG-1_V13B23-285_C1,15
TGCAGTTTCCTCCCAT-1_V13B23-285_C1,11
TGCATATGTCTGTCAC-1_V13B23-285_C1,11
TGCATGGATCGGATCT-1_V13B23-285_C1,14
TGCATGTGGTAATCTA-1_V13B23-285_C1,1
TGCCAAAGTCAGACTT-1_V13B23-285_C1,3
TGCCAATGGGTACTCT-1_V13B23-285_C1,10
TGCCACCTGGCGAAAC-1_V13B23-285_C1,14
TGCCAGTACGTGGAGA-1_V13B23-285_C1,19
TGCCATTACTAAAGAA-1_V13B23-285_C1,17
TGCCCGTACCGTTAAA-1_V13B23-285_C1,11
TGCCGGATGTACGAGC-1_V13B23-285_C1,10
TGCCGTGGATCGTCCT-1_V13B23-285_C1,19
TGCCTAAATTTAATAG-1_V13B23-285_C1,10
TGCCTAATTGAAGATT-1_V13B23-285_C1,11
TGCCTGACATCGGTCA-1_V13B23-285_C1,5
TGCCTGATCAAACGAT-1_V13B23-285_C1,12
TGCCTTGGCCAGGCAA-1_V13B23-285_C1,11
TGCGAATATGGGATTT-1_V13B23-285_C1,3
TGCGACACCCTAGTGC-1_V13B23-285_C1,17
TGCGACGGCCGAACGT-1_V13B23-285_C1,10
TGCGAGAATATTACCC-1_V13B23-285_C1,10
TGCGAGCCCTTCCGCG-1_V13B23-285_C1,12
TGCGATGCTAATGGCT-1_V13B23-285_C1,5
TGCGCAAAGCATTTGG-1_V13B23-285_C1,5
TGCGCCGTTAATAACG-1_V13B23-285_C1,11
TGCGCGATTAACGGAG-1_V13B23-285_C1,21
TGCGGAGTAAAGGTGC-1_V13B23-285_C1,1
TGCGGCATAGTTCAAC-1_V13B23-285_C1,14
TGCGGTGAAATTTCAT-1_V13B23-285_C1,6
TGCGTAAGAACCTGAT-1_V13B23-285_C1,10
TGCGTCATGACTGAGC-1_V13B23-285_C1,1
TGCGTGATTGGGTGTC-1_V13B23-285_C1,9
TGCGTTTGTTGACACT-1_V13B23-285_C1,11
TGCTAAGTGTCTATTT-1_V13B23-285_C1,11
TGCTCCACAGTTCTTA-1_V13B23-285_C1,11
TGCTCGGCGAAACCCA-1_V13B23-285_C1,19
TGCTCTGCCGGTTCAC-1_V13B23-285_C1,3
TGCTGGTTGGACAATT-1_V13B23-285_C1,20
TGCTGTTGAAGAACTC-1_V13B23-285_C1,19
TGCTTAGAGAGAATGC-1_V13B23-285_C1,10
TGCTTCCCAAGCAGTA-1_V13B23-285_C1,19
TGGAACCACTGACACA-1_V13B23-285_C1,7
TGGAAGAAGGGAACGT-1_V13B23-285_C1,10
TGGAAGACGAACACCA-1_V13B23-285_C1,9
TGGAAGGATAAAGATG-1_V13B23-285_C1,14
TGGAATATCCTTGACC-1_V13B23-285_C1,17
TGGAATTAGACGCTTT-1_V13B23-285_C1,5
TGGACACCGTTGCTTG-1_V13B23-285_C1,12
TGGACCAATCTAAGAT-1_V13B23-285_C1,19
TGGACGCAATCCAGCC-1_V13B23-285_C1,18
TGGACTGTTCGCTCAA-1_V13B23-285_C1,11
TGGAGGGAAACACCTC-1_V13B23-285_C1,2
TGGAGTGATGCGATGA-1_V13B23-285_C1,5
TGGCAAACTAAATTAC-1_V13B23-285_C1,11
TGGCAACTCGCGCGCC-1_V13B23-285_C1,12
TGGCAATGGGACGGCG-1_V13B23-285_C1,11
TGGCAGATTACGATCA-1_V13B23-285_C1,5
TGGCAGCAGTAATAGT-1_V13B23-285_C1,19
TGGCCAAACTGAAGTA-1_V13B23-285_C1,3
TGGCCGTATATTGACC-1_V13B23-285_C1,5
TGGCGACTGCTCCAAA-1_V13B23-285_C1,10
TGGCGATCAAGTTATG-1_V13B23-285_C1,17
TGGCTATGTGACATAC-1_V13B23-285_C1,19
TGGCTCTTGTCGCGTA-1_V13B23-285_C1,3
TGGCTTGTACAAGCTT-1_V13B23-285_C1,2
TGGCTTTGGGTAGACA-1_V13B23-285_C1,14
TGGGAAATGCCTTTCC-1_V13B23-285_C1,5
TGGGATGCACTCATTC-1_V13B23-285_C1,12
TGGGCAATAGTTGGGT-1_V13B23-285_C1,11
TGGGCACGTTCTATGG-1_V13B23-285_C1,6
TGGGCAGGCCACCGCA-1_V13B23-285_C1,11
TGGGCCACAAGAGCGC-1_V13B23-285_C1,6
TGGGCCCATACTAATT-1_V13B23-285_C1,11
TGGGTAAGGTTCCCGC-1_V13B23-285_C1,14
TGGGTGGGATGTCATT-1_V13B23-285_C1,15
TGGTAAGCAGGATTGA-1_V13B23-285_C1,7
TGGTAGAATATATGGG-1_V13B23-285_C1,11
TGGTATCGCATCCCAA-1_V13B23-285_C1,9
TGGTCCCACGCTACGG-1_V13B23-285_C1,19
TGGTCGTGCAAGGCAA-1_V13B23-285_C1,7
TGGTCTAGCTTACATG-1_V13B23-285_C1,17
TGGTCTGTTGGGCGTA-1_V13B23-285_C1,10
TGGTGATCGTATTTGT-1_V13B23-285_C1,5
TGGTTAAGGGCGCTGG-1_V13B23-285_C1,17
TGGTTCAACGGGTAAT-1_V13B23-285_C1,19
TGGTTCGTAGCAAAGG-1_V13B23-285_C1,7
TGGTTGGAGGATCCTG-1_V13B23-285_C1,1
TGGTTTAAACGTGGGT-1_V13B23-285_C1,3
TGTAATGACCACAATA-1_V13B23-285_C1,3
TGTACCTACACGAGGG-1_V13B23-285_C1,11
TGTACGAACAAATCCG-1_V13B23-285_C1,5
TGTACTACTCTCACGG-1_V13B23-285_C1,2
TGTAGCCATCCCATTC-1_V13B23-285_C1,11
TGTAGGAGAAATTTCC-1_V13B23-285_C1,11
TGTAGTGATCTATAAT-1_V13B23-285_C1,18
TGTATAACAGATCCTG-1_V13B23-285_C1,3
TGTATACGGATGATGA-1_V13B23-285_C1,16
TGTATCCTTATTCCAT-1_V13B23-285_C1,9
TGTATGGCGCAGACAG-1_V13B23-285_C1,11
TGTATTTACCTAATGC-1_V13B23-285_C1,2
TGTCATTTGTTGGGAA-1_V13B23-285_C1,1
TGTCCCGACATAGCAC-1_V13B23-285_C1,9
TGTCCGTGGCGCCTTT-1_V13B23-285_C1,5
TGTCCTAAGTCACCGC-1_V13B23-285_C1,16
TGTCGTTATCACATAT-1_V13B23-285_C1,10
TGTCTACAGTTTCTGT-1_V13B23-285_C1,9
TGTGACTACGCCAGTC-1_V13B23-285_C1,14
TGTGAGACTAGCCCAA-1_V13B23-285_C1,19
TGTGCCGGTGCCGGAA-1_V13B23-285_C1,11
TGTGCTTTACGTAAGA-1_V13B23-285_C1,1
TGTGGACTATCTACGT-1_V13B23-285_C1,11
TGTGGCAAAGCGTATG-1_V13B23-285_C1,3
TGTGGCTCCCACCAAC-1_V13B23-285_C1,11
TGTGGTAGGGTGCCTT-1_V13B23-285_C1,11
TGTGTAGTAGCACGTG-1_V13B23-285_C1,11
TGTGTCGCGAGTTGCA-1_V13B23-285_C1,5
TGTGTTCGTATCCAAG-1_V13B23-285_C1,5
TGTTATTGTATGTGGC-1_V13B23-285_C1,8
TGTTCATAAATGTGCT-1_V13B23-285_C1,1
TGTTCCGCTTCCATGA-1_V13B23-285_C1,5
TGTTCGTATTGCGGTG-1_V13B23-285_C1,19
TGTTCTTCCATTGACT-1_V13B23-285_C1,5
TGTTGCCGTCGTCCCA-1_V13B23-285_C1,11
TGTTGTCAAGAAGTCT-1_V13B23-285_C1,4
TGTTTAATACTTCATC-1_V13B23-285_C1,9
TGTTTCGGTACTTCTC-1_V13B23-285_C1,14
TGTTTGAGATCGTCAG-1_V13B23-285_C1,11
TTAAACCTGGTTCCTT-1_V13B23-285_C1,5
TTAAACTCGAATTCAT-1_V13B23-285_C1,3
TTAACACCTCGAACAT-1_V13B23-285_C1,5
TTAACCAACCCTCCCT-1_V13B23-285_C1,14
TTAACGAACAAGCAGT-1_V13B23-285_C1,13
TTAACGTCGCAAGACC-1_V13B23-285_C1,9
TTAACTCACGCGTGGA-1_V13B23-285_C1,5
TTAACTTCAGGTAGGA-1_V13B23-285_C1,10
TTAAGATAGGATTGAC-1_V13B23-285_C1,11
TTAAGCCGACAACTTC-1_V13B23-285_C1,14
TTAAGCGCCTGACCCA-1_V13B23-285_C1,5
TTAAGGCCCGTACTTT-1_V13B23-285_C1,10
TTAATCAGTACGTCAG-1_V13B23-285_C1,14
TTAATGTAGACCAGGT-1_V13B23-285_C1,21
TTAATGTGTTTGCAGG-1_V13B23-285_C1,1
TTAATTGCTTTGGGTG-1_V13B23-285_C1,19
TTAATTTCAGACGCGG-1_V13B23-285_C1,6
TTACAACTACGCATCC-1_V13B23-285_C1,5
TTACACGATCTGCGAC-1_V13B23-285_C1,11
TTACAGACCTAAATGA-1_V13B23-285_C1,17
TTACATCGTGGCCTGG-1_V13B23-285_C1,5
TTACATGCCACAACTA-1_V13B23-285_C1,11
TTACCATTGATTACCC-1_V13B23-285_C1,5
TTACCCATTGCCGGGT-1_V13B23-285_C1,1
TTACCCTAACAGTCCT-1_V13B23-285_C1,5
TTACCCTAGGGATTGG-1_V13B23-285_C1,17
TTACCGCCTTAGGGAA-1_V13B23-285_C1,9
TTACGGATGGTTCGAG-1_V13B23-285_C1,16
TTACTAAAGGACTTTA-1_V13B23-285_C1,11
TTACTATCGGCTTCTC-1_V13B23-285_C1,5
TTACTCCGGCCGGGAA-1_V13B23-285_C1,11
TTACTCTGGTACGTAC-1_V13B23-285_C1,10
TTACTGGGATATTTCA-1_V13B23-285_C1,5
TTACTGTCTAGAGCTC-1_V13B23-285_C1,3
TTAGAAGAACATGACT-1_V13B23-285_C1,19
TTAGAATAAGGGTCGG-1_V13B23-285_C1,10
TTAGACACGATCGTTG-1_V13B23-285_C1,1
TTAGACGAGTCACCTC-1_V13B23-285_C1,11
TTAGAGTTTAGAAGGA-1_V13B23-285_C1,11
TTAGATAGGTCGATAC-1_V13B23-285_C1,20
TTAGCAACATGGATGT-1_V13B23-285_C1,5
TTAGCTAATACGATCT-1_V13B23-285_C1,13
TTAGCTCTGTAATCCG-1_V13B23-285_C1,5
TTAGCTGATTTGCCGT-1_V13B23-285_C1,11
TTAGGATGGGAGGGTA-1_V13B23-285_C1,8
TTAGGTCATAACCGAC-1_V13B23-285_C1,10
TTAGTAAACCTGCTCT-1_V13B23-285_C1,11
TTAGTAGGGCGGCGGG-1_V13B23-285_C1,7
TTAGTTATTCGTGGCA-1_V13B23-285_C1,11
TTAGTTCAAGTGTTCG-1_V13B23-285_C1,3
TTATAGGTAATTGTCT-1_V13B23-285_C1,19
TTATATACGCTGTCAC-1_V13B23-285_C1,11
TTATATTTGGCAATCC-1_V13B23-285_C1,17
TTATCCAATCGAACTC-1_V13B23-285_C1,9
TTATCCGGGATCTATA-1_V13B23-285_C1,11
TTATCCTCAAGGAATA-1_V13B23-285_C1,10
TTATCGCCTGCGAAGC-1_V13B23-285_C1,5
TTATCTGACATTAGGA-1_V13B23-285_C1,3
TTATCTGTATCATAAC-1_V13B23-285_C1,14
TTATGAATGAAAGGGA-1_V13B23-285_C1,19
TTATGACAAACTGGAT-1_V13B23-285_C1,5
TTATGATCTTAACGAA-1_V13B23-285_C1,11
TTATGTTTGCGATAGA-1_V13B23-285_C1,5
TTATTAGAGCGTGTTC-1_V13B23-285_C1,19
TTATTAGGGAAGCATC-1_V13B23-285_C1,14
TTATTATCTGGAAGGC-1_V13B23-285_C1,11
TTCAAAGTCTCTAGCC-1_V13B23-285_C1,11
TTCAACGACCCGACCG-1_V13B23-285_C1,12
TTCAAGCCGAGCTGAG-1_V13B23-285_C1,6
TTCAATACTCTGAATC-1_V13B23-285_C1,11
TTCAATTAGCCATAAT-1_V13B23-285_C1,2
TTCACGAAAGGATCAC-1_V13B23-285_C1,5
TTCACTCGAGCACCTA-1_V13B23-285_C1,19
TTCAGCCCTGGTCCAC-1_V13B23-285_C1,11
TTCAGCTGGCGTGCCC-1_V13B23-285_C1,4
TTCAGGCGTCAAAGCC-1_V13B23-285_C1,5
TTCAGTTTGTGGCAGC-1_V13B23-285_C1,16
TTCATAGGGTGTCCAT-1_V13B23-285_C1,7
TTCATGGCGCAACAGG-1_V13B23-285_C1,14
TTCCAATCAGAGCTAG-1_V13B23-285_C1,17
TTCCAATCTGGCTATC-1_V13B23-285_C1,10
TTCCACACAGATTTGA-1_V13B23-285_C1,10
TTCCAGACGAGATTTA-1_V13B23-285_C1,11
TTCCATCATGCGGTGA-1_V13B23-285_C1,12
TTCCATCGACAGCGTG-1_V13B23-285_C1,11
TTCCCGGCGCCAATAG-1_V13B23-285_C1,21
TTCCGCAGAGAAATAT-1_V13B23-285_C1,16
TTCCGCGTGAGGCGAT-1_V13B23-285_C1,19
TTCCGGCCTTGAGGCT-1_V13B23-285_C1,10
TTCCGGCTCGACTTCT-1_V13B23-285_C1,2
TTCCGGTATCTGTGTC-1_V13B23-285_C1,11
TTCCGGTTACCCACTT-1_V13B23-285_C1,11
TTCCTCGAGGGTGTCT-1_V13B23-285_C1,12
TTCCTCGGACTAACCA-1_V13B23-285_C1,11
TTCCTCTGCCCGAATA-1_V13B23-285_C1,5
TTCGACAGAGCCCGTG-1_V13B23-285_C1,19
TTCGACGGGAAGGGCG-1_V13B23-285_C1,5
TTCGCACTCGCGTGCT-1_V13B23-285_C1,5
TTCGCACTGTACGACA-1_V13B23-285_C1,17
TTCGCATCCGGAAGCA-1_V13B23-285_C1,9
TTCGCCGCTCGCGCTA-1_V13B23-285_C1,21
TTCGCGCGCCATACGA-1_V13B23-285_C1,10
TTCGCTAGGAAGTTGT-1_V13B23-285_C1,17
TTCGCTATCTGACGTG-1_V13B23-285_C1,1
TTCGGCAACCCGCTGA-1_V13B23-285_C1,6
TTCGGCTAGAGATGGT-1_V13B23-285_C1,12
TTCGGGACTAATCGCG-1_V13B23-285_C1,17
TTCGGGCGCTAGTCTT-1_V13B23-285_C1,10
TTCGGGTTGCCACGGG-1_V13B23-285_C1,11
TTCGGTGGAGACGCCC-1_V13B23-285_C1,11
TTCGTAATCCCAGCGG-1_V13B23-285_C1,12
TTCGTACTCCAGAACG-1_V13B23-285_C1,5
TTCGTTCAACGAAGTT-1_V13B23-285_C1,3
TTCTAACCGAAGCTTA-1_V13B23-285_C1,11
TTCTACTTGCGAGGGC-1_V13B23-285_C1,5
TTCTAGAAAGTCTTAT-1_V13B23-285_C1,1
TTCTAGGCCAATTGTG-1_V13B23-285_C1,20
TTCTATGCCTTTCGCA-1_V13B23-285_C1,1
TTCTGACCGGGCTCAA-1_V13B23-285_C1,11
TTCTGCCGCGCCTAGA-1_V13B23-285_C1,19
TTCTGCGAGCGCCCTT-1_V13B23-285_C1,5
TTCTGCGGGTTAGCGG-1_V13B23-285_C1,11
TTCTGCTAGACTCCAA-1_V13B23-285_C1,1
TTCTGTTTCCTGTCGC-1_V13B23-285_C1,5
TTCTTAGTGAACGGTG-1_V13B23-285_C1,5
TTCTTAGTGGCTCAGA-1_V13B23-285_C1,14
TTCTTATCCGCTGGGT-1_V13B23-285_C1,11
TTCTTGAGCCGCGCTA-1_V13B23-285_C1,21
TTCTTGCTAGCATCTC-1_V13B23-285_C1,11
TTCTTGGACGATCTGC-1_V13B23-285_C1,16
TTCTTGGAGTAATGAG-1_V13B23-285_C1,2
TTCTTGTAACCTAATG-1_V13B23-285_C1,5
TTCTTGTGTCCATCAG-1_V13B23-285_C1,10
TTCTTTGGTCGCGACG-1_V13B23-285_C1,18
TTGAAAGGTGTAAAGG-1_V13B23-285_C1,3
TTGAACGAATCCTTTG-1_V13B23-285_C1,5
TTGAACGACGTGCTGA-1_V13B23-285_C1,11
TTGAAGAATTCCCAGG-1_V13B23-285_C1,5
TTGAATATGGACTTTC-1_V13B23-285_C1,12
TTGAATTCACGTGAGG-1_V13B23-285_C1,11
TTGACAGGAGCTCCCG-1_V13B23-285_C1,11
TTGACATGAACGTGGA-1_V13B23-285_C1,10
TTGACCAGGAACAACT-1_V13B23-285_C1,19
TTGACCATGTTCTCCG-1_V13B23-285_C1,17
TTGACCGTGTTAATGA-1_V13B23-285_C1,18
TTGACGCTCCATGAGC-1_V13B23-285_C1,11
TTGACTACCATATGGT-1_V13B23-285_C1,21
TTGACTATTGTCCGGC-1_V13B23-285_C1,11
TTGAGAAGTTTAGCAT-1_V13B23-285_C1,11
TTGAGAGTACTGCTAA-1_V13B23-285_C1,1
TTGAGCAGCCCACGGT-1_V13B23-285_C1,11
TTGAGCGCCACGTGAT-1_V13B23-285_C1,11
TTGAGTCCCGCTGCTG-1_V13B23-285_C1,16
TTGATAGTCAATACAT-1_V13B23-285_C1,3
TTGATCTAACTTTGTC-1_V13B23-285_C1,7
TTGATGTGTAGTCCCG-1_V13B23-285_C1,17
TTGATTAGCTGTTTCT-1_V13B23-285_C1,10
TTGATTATGCAGATGA-1_V13B23-285_C1,5
TTGCACAATTCAGAAA-1_V13B23-285_C1,5
TTGCACGGAGCAGCAC-1_V13B23-285_C1,14
TTGCATGCTGATCACG-1_V13B23-285_C1,1
TTGCCAAGCAGAACCC-1_V13B23-285_C1,11
TTGCCATAGCCCGCTC-1_V13B23-285_C1,18
TTGCCCTGATCACGGG-1_V13B23-285_C1,15
TTGCCGCTTTCTAGTA-1_V13B23-285_C1,19
TTGCCGGTGATCCCTC-1_V13B23-285_C1,4
TTGCGGCATCAGAAAG-1_V13B23-285_C1,10
TTGCGTAGTTTGAGGA-1_V13B23-285_C1,5
TTGCGTCGGCCAACCG-1_V13B23-285_C1,10
TTGCGTGAACGCTTAG-1_V13B23-285_C1,3
TTGCTCCCATACCGGA-1_V13B23-285_C1,14
TTGCTGAAGGAACCAC-1_V13B23-285_C1,14
TTGCTGATCATGTTCG-1_V13B23-285_C1,4
TTGCTGCACCTATCCA-1_V13B23-285_C1,5
TTGCTGGCCGGGCTTC-1_V13B23-285_C1,9
TTGGAAGAATACAGTC-1_V13B23-285_C1,17
TTGGACATGTGGCTTA-1_V13B23-285_C1,10
TTGGACCATCTGGCAA-1_V13B23-285_C1,11
TTGGACCTATAACAGT-1_V13B23-285_C1,11
TTGGATATCGTCTACG-1_V13B23-285_C1,10
TTGGATCGACTTCTGG-1_V13B23-285_C1,9
TTGGATTGGGTACCAC-1_V13B23-285_C1,14
TTGGCCATCTTGCGCT-1_V13B23-285_C1,5
TTGGCCTAGAATTTCG-1_V13B23-285_C1,9
TTGGCGATCCGAATAT-1_V13B23-285_C1,19
TTGGCTCGCATGAGAC-1_V13B23-285_C1,5
TTGGGACACTGCCCGC-1_V13B23-285_C1,13
TTGGGACGTAAGAGTT-1_V13B23-285_C1,11
TTGGGCGGCGGTTGCC-1_V13B23-285_C1,3
TTGGTCACACTCGTAA-1_V13B23-285_C1,18
TTGGTTCGCTCAAAGG-1_V13B23-285_C1,10
TTGGTTGCGGTGCGCG-1_V13B23-285_C1,17
TTGTAAGGACCTAAGT-1_V13B23-285_C1,10
TTGTAAGGCCAGTTGG-1_V13B23-285_C1,3
TTGTAATCCGTACTCG-1_V13B23-285_C1,8
TTGTATCACACAGAAT-1_V13B23-285_C1,9
TTGTCGTTCAGTTACC-1_V13B23-285_C1,14
TTGTGAACCTAATCCG-1_V13B23-285_C1,11
TTGTGAGGCATGACGC-1_V13B23-285_C1,3
TTGTGCAGCCACGTCA-1_V13B23-285_C1,19
TTGTGGCCCTGACAGT-1_V13B23-285_C1,14
TTGTGGTAGGAGGGAT-1_V13B23-285_C1,1
TTGTGGTATAGGTATG-1_V13B23-285_C1,16
TTGTGGTGGTACTAAG-1_V13B23-285_C1,11
TTGTGTATGCCACCAA-1_V13B23-285_C1,19
TTGTGTTTCCCGAAAG-1_V13B23-285_C1,12
TTGTTAGCAAATTCGA-1_V13B23-285_C1,20
TTGTTCAGTGTGCTAC-1_V13B23-285_C1,8
TTGTTGTGTGTCAAGA-1_V13B23-285_C1,3
TTGTTTCACATCCAGG-1_V13B23-285_C1,18
TTGTTTCATTAGTCTA-1_V13B23-285_C1,10
TTGTTTCCATACAACT-1_V13B23-285_C1,16
AAACAAGTATCTCCCA-1_V13B23-285_D1,11
AAACACCAATAACTGC-1_V13B23-285_D1,17
AAACAGAGCGACTCCT-1_V13B23-285_D1,12
AAACAGGGTCTATATT-1_V13B23-285_D1,10
AAACATTTCCCGGATT-1_V13B23-285_D1,11
AAACCCGAACGAAATC-1_V13B23-285_D1,11
AAACCGGAAATGTTAA-1_V13B23-285_D1,11
AAACCGGGTAGGTACC-1_V13B23-285_D1,16
AAACCGTTCGTCCAGG-1_V13B23-285_D1,10
AAACCTAAGCAGCCGG-1_V13B23-285_D1,19
AAACCTCATGAAGTTG-1_V13B23-285_D1,3
AAACGAGACGGTTGAT-1_V13B23-285_D1,7
AAACGGGCGTACGGGT-1_V13B23-285_D1,11
AAACGTGTTCGCCCTA-1_V13B23-285_D1,15
AAACTCGTGATATAAG-1_V13B23-285_D1,2
AAACTGCTGGCTCCAA-1_V13B23-285_D1,19
AAACTTGCAAACGTAT-1_V13B23-285_D1,12
AAAGACTGGGCGCTTT-1_V13B23-285_D1,17
AAAGCTTGCCTACATA-1_V13B23-285_D1,21
AAAGGCTACGGACCAT-1_V13B23-285_D1,10
AAAGGCTCTCGCGCCG-1_V13B23-285_D1,10
AAAGGGATGTAGCAAG-1_V13B23-285_D1,14
AAAGGGCAGCTTGAAT-1_V13B23-285_D1,12
AAAGTAGCATTGCTCA-1_V13B23-285_D1,10
AAAGTCACTGATGTAA-1_V13B23-285_D1,9
AAAGTGCCATCAATTA-1_V13B23-285_D1,11
AAAGTGTGATTTATCT-1_V13B23-285_D1,11
AAAGTTGACTCCCGTA-1_V13B23-285_D1,11
AAATAACCATACGGGA-1_V13B23-285_D1,14
AAATAAGGTAGTGCCC-1_V13B23-285_D1,3
AAATACCTATAAGCAT-1_V13B23-285_D1,19
AAATAGCTTAGACTTT-1_V13B23-285_D1,3
AAATAGGGTGCTATTG-1_V13B23-285_D1,19
AAATCCGATACACGCC-1_V13B23-285_D1,19
AAATCGTGTACCACAA-1_V13B23-285_D1,5
AAATCTAGCCCTGCTA-1_V13B23-285_D1,11
AAATGATTCGATCAGC-1_V13B23-285_D1,2
AAATGCTCGTTACGTT-1_V13B23-285_D1,5
AAATGGCATGTCTTGT-1_V13B23-285_D1,6
AAATGGCCCGTGCCCT-1_V13B23-285_D1,10
AAATGGTCAATGTGCC-1_V13B23-285_D1,5
AAATTAACGGGTAGCT-1_V13B23-285_D1,5
AAATTACACGACTCTG-1_V13B23-285_D1,14
AAATTACCTATCGATG-1_V13B23-285_D1,1
AAATTCCAGGTCCAAA-1_V13B23-285_D1,16
AAATTGATAGTCCTTT-1_V13B23-285_D1,10
AAATTTGCGGGTGTGG-1_V13B23-285_D1,10
AACAACTGGTAGTTGC-1_V13B23-285_D1,5
AACAATACATTGTCGA-1_V13B23-285_D1,10
AACAATTACTCTACGC-1_V13B23-285_D1,5
AACACACGCTCGCCGC-1_V13B23-285_D1,11
AACACGACTGTACTGA-1_V13B23-285_D1,9
AACACGAGACGCGGCC-1_V13B23-285_D1,12
AACAGCTGTGTGGCAA-1_V13B23-285_D1,10
AACAGGAAATCGAATA-1_V13B23-285_D1,14
AACAGGATGGGCCGCG-1_V13B23-285_D1,5
AACAGGTAGTATGGAT-1_V13B23-285_D1,11
AACATATCAACTGGTG-1_V13B23-285_D1,17
AACATCGATACGTCTA-1_V13B23-285_D1,2
AACCAAGACTTCTCTG-1_V13B23-285_D1,21
AACCATGGGATCGCTA-1_V13B23-285_D1,5
AACCCAGAGACGGAGA-1_V13B23-285_D1,5
AACCCATCCCATGATC-1_V13B23-285_D1,21
AACCCGAGCAGAATCG-1_V13B23-285_D1,11
AACCCTACTGTCAATA-1_V13B23-285_D1,11
AACCCTGGTGGAACCA-1_V13B23-285_D1,9
AACCGAGCTTGGTCAT-1_V13B23-285_D1,12
AACCGCTAAGGGATGC-1_V13B23-285_D1,11
AACCGTTGTGTTTGCT-1_V13B23-285_D1,6
AACCTCGCTTTAGCCC-1_V13B23-285_D1,19
AACCTGTCACGGAATT-1_V13B23-285_D1,13
AACCTTTAAATACGGT-1_V13B23-285_D1,19
AACCTTTACGACGTCT-1_V13B23-285_D1,14
AACGATAATGCCGTAG-1_V13B23-285_D1,19
AACGATAGAAGGGCCG-1_V13B23-285_D1,20
AACGATATGTCAACTG-1_V13B23-285_D1,20
AACGCATGATCTGGGT-1_V13B23-285_D1,3
AACGCGAACGGCAACA-1_V13B23-285_D1,14
AACGCGGTCTCCAGCC-1_V13B23-285_D1,4
AACGCTGTTGCTGAAA-1_V13B23-285_D1,11
AACGGACGTACGTATA-1_V13B23-285_D1,11
AACGGCCATCTCCGGT-1_V13B23-285_D1,10
AACGTACTGTGGGTAC-1_V13B23-285_D1,10
AACGTCAGACTAGTGG-1_V13B23-285_D1,5
AACGTGATGAAGGACA-1_V13B23-285_D1,9
AACGTGCGAAAGTCTC-1_V13B23-285_D1,20
AACTACCCGTTTGTCA-1_V13B23-285_D1,11
AACTAGGCTTGGGTGT-1_V13B23-285_D1,10
AACTCAAGTTAATTGC-1_V13B23-285_D1,10
AACTCCAGAGCGTGTT-1_V13B23-285_D1,11
AACTCCTAATCCCATG-1_V13B23-285_D1,14
AACTCGATGGCGCAGT-1_V13B23-285_D1,5
AACTCTCAATAGAGCG-1_V13B23-285_D1,3
AACTCTCAGTGTGCTC-1_V13B23-285_D1,19
AACTGAGTTATACTGA-1_V13B23-285_D1,11
AACTGATATTAGGCCT-1_V13B23-285_D1,14
AACTGGGTCCCGACGT-1_V13B23-285_D1,12
AACTTCTGCGTCTATC-1_V13B23-285_D1,1
AACTTGCCCGTATGCA-1_V13B23-285_D1,5
AACTTGCGTTCTCGCG-1_V13B23-285_D1,5
AACTTTCTCGATCATG-1_V13B23-285_D1,13
AAGAAATCACCAGATT-1_V13B23-285_D1,2
AAGAAGGATCAGTTAG-1_V13B23-285_D1,5
AAGACCCAACTGAACA-1_V13B23-285_D1,5
AAGACTGCAAGCTACT-1_V13B23-285_D1,5
AAGAGATGAATCGGTA-1_V13B23-285_D1,5
AAGAGCTCTTTATCGG-1_V13B23-285_D1,20
AAGAGGATGTACGCGA-1_V13B23-285_D1,3
AAGAGGCATGGATCGC-1_V13B23-285_D1,5
AAGAGGCCCTTTGGAA-1_V13B23-285_D1,11
AAGATGGCACCGGACC-1_V13B23-285_D1,10
AAGATTGGCGGAACGT-1_V13B23-285_D1,10
AAGCACCCTGCGTATC-1_V13B23-285_D1,19
AAGCATACTCTCCTGA-1_V13B23-285_D1,19
AAGCCGAAGCGGTTTA-1_V13B23-285_D1,11
AAGCCGCTTTACCTTG-1_V13B23-285_D1,15
AAGCCGGAGAGCAGGA-1_V13B23-285_D1,11
AAGCGGCGTCATGGGT-1_V13B23-285_D1,9
AAGCGTCCCTCATCGA-1_V13B23-285_D1,16
AAGCTAGATCGAGTAA-1_V13B23-285_D1,19
AAGCTCGTGCCAAGTC-1_V13B23-285_D1,2
AAGCTCTTTCATGGTG-1_V13B23-285_D1,19
AAGGAGCGGTTGGTGC-1_V13B23-285_D1,5
AAGGATCGATCGCTTG-1_V13B23-285_D1,11
AAGGATGAGGGACCTC-1_V13B23-285_D1,3
AAGGCAGGCTGTCTCC-1_V13B23-285_D1,11
AAGGCGCGTAAAGCTT-1_V13B23-285_D1,5
AAGGCTGTGCTCATCG-1_V13B23-285_D1,5
AAGGGACAGATTCTGT-1_V13B23-285_D1,17
AAGGGACTATGCATTC-1_V13B23-285_D1,10
AAGGTATCCTAATATA-1_V13B23-285_D1,17
AAGGTGATAAACCAGC-1_V13B23-285_D1,11
AAGTAGAAGACCGGGT-1_V13B23-285_D1,5
AAGTAGTGACGCGAGG-1_V13B23-285_D1,21
AAGTCAATTGTCGTCA-1_V13B23-285_D1,11
AAGTCTAGTAGCTGCC-1_V13B23-285_D1,7
AAGTGACGACCGAATT-1_V13B23-285_D1,3
AAGTGAGTCGGGTTTA-1_V13B23-285_D1,10
AAGTGCCTTGACTGTA-1_V13B23-285_D1,11
AAGTGCGTTAGAATCT-1_V13B23-285_D1,7
AAGTGTTTGGAGACGG-1_V13B23-285_D1,19
AAGTTCACTCCAAGCT-1_V13B23-285_D1,19
AAGTTCAGTCTGCGTA-1_V13B23-285_D1,3
AAGTTCGGCCAACAGG-1_V13B23-285_D1,1
AAGTTGTGATGTTATA-1_V13B23-285_D1,11
AATAACAACGCTCGGC-1_V13B23-285_D1,7
AATAACACTAGAACAA-1_V13B23-285_D1,10
AATAATCTTCGTATCG-1_V13B23-285_D1,11
AATACAATGTTTCAGG-1_V13B23-285_D1,5
AATAGAACAGAGTGGC-1_V13B23-285_D1,5
AATAGAATCTGTTTCA-1_V13B23-285_D1,11
AATAGCTACCGCGTGC-1_V13B23-285_D1,3
AATAGTCCGTCCCGAC-1_V13B23-285_D1,12
AATATCGAATCAATGC-1_V13B23-285_D1,11
AATATCGAGGGTTCTC-1_V13B23-285_D1,10
AATATTGGAGTATTGA-1_V13B23-285_D1,18
AATCATGTAAAGACTC-1_V13B23-285_D1,11
AATCCAAGGGCCTGAG-1_V13B23-285_D1,9
AATCGCCTCAGCGCCA-1_V13B23-285_D1,19
AATCGCGCAGAGGACT-1_V13B23-285_D1,11
AATCTAGGTTTACTTG-1_V13B23-285_D1,13
AATCTATGCCGGAGCC-1_V13B23-285_D1,17
AATCTGCGTTGGGACG-1_V13B23-285_D1,3
AATCTGGCTTTCTAGT-1_V13B23-285_D1,3
AATGACAGCAATGTCT-1_V13B23-285_D1,10
AATGACGTAGGATGTC-1_V13B23-285_D1,19
AATGACTGTCAGCCGG-1_V13B23-285_D1,5
AATGAGTTCGCATATG-1_V13B23-285_D1,5
AATGATGATACGCTAT-1_V13B23-285_D1,6
AATGATGCGACTCCTG-1_V13B23-285_D1,1
AATGCAACCGGGTACC-1_V13B23-285_D1,5
AATGCACCAAGCAATG-1_V13B23-285_D1,17
AATGGTCCACCGTTCA-1_V13B23-285_D1,1
AATGGTTCTCACAAGC-1_V13B23-285_D1,5
AATGTGCCCGAGGTGT-1_V13B23-285_D1,10
AATTAAAGGTCGGCGT-1_V13B23-285_D1,16
AATTAACGGATTTCCA-1_V13B23-285_D1,19
AATTAGCGCTGCAGCG-1_V13B23-285_D1,19
AATTCATAAGGGATCT-1_V13B23-285_D1,14
AATTCTAGAGTTAGGC-1_V13B23-285_D1,19
AATTGAACGCTCTGGT-1_V13B23-285_D1,19
AATTGCAGCAATCGAC-1_V13B23-285_D1,11
AATTGTGGTTGCCAAA-1_V13B23-285_D1,11
AATTTGGGACATAGTA-1_V13B23-285_D1,14
AATTTGGTTCCAAAGA-1_V13B23-285_D1,6
ACAAAGCATGACCTAG-1_V13B23-285_D1,11
ACAAATCGCACCGAAT-1_V13B23-285_D1,19
ACAAATGGTAGTGTTT-1_V13B23-285_D1,19
ACAACAGCATGAGCTA-1_V13B23-285_D1,5
ACAACGGTCCCTGCGA-1_V13B23-285_D1,5
ACAAGCAGTGCCTAGC-1_V13B23-285_D1,5
ACAAGGAAATCCGCCC-1_V13B23-285_D1,19
ACAAGGACAAGAGGTT-1_V13B23-285_D1,5
ACAAGGATGCTTTAGG-1_V13B23-285_D1,19
ACAAGGGCAGGCTCTG-1_V13B23-285_D1,19
ACAATAGTCGTACGTT-1_V13B23-285_D1,3
ACAATCCATTTAAACC-1_V13B23-285_D1,10
ACAATGAATACGGAGA-1_V13B23-285_D1,10
ACAATTGTGTCTCTTT-1_V13B23-285_D1,11
ACAATTTGAGCAGTGG-1_V13B23-285_D1,19
ACAATTTGGCCATATT-1_V13B23-285_D1,11
ACACAAAGACGGGTGG-1_V13B23-285_D1,5
ACACACCAGGACCAGT-1_V13B23-285_D1,11
ACACATGATCAAATCT-1_V13B23-285_D1,16
ACACCACATAATTAGC-1_V13B23-285_D1,3
ACACCCAGCATGCAGC-1_V13B23-285_D1,5
ACACCCGAGAAATCCG-1_V13B23-285_D1,5
ACACCTTAAGTAGGGC-1_V13B23-285_D1,7
ACACCTTACTACTTGC-1_V13B23-285_D1,11
ACACGAGACTCCTTCT-1_V13B23-285_D1,1
ACACGGGAACTTAGGG-1_V13B23-285_D1,7
ACACGTAGGCCACAAG-1_V13B23-285_D1,11
ACACTCCAATGTCACT-1_V13B23-285_D1,17
ACACTGATCAAGGTGT-1_V13B23-285_D1,19
ACACTGGGACAGTCGT-1_V13B23-285_D1,8
ACAGAACTGAGAACAA-1_V13B23-285_D1,3
ACAGCATAGAGCCAGT-1_V13B23-285_D1,9
ACAGCGACATTCTCAT-1_V13B23-285_D1,11
ACAGCGCACCCGCAGC-1_V13B23-285_D1,9
ACAGGCTTGCCCGACT-1_V13B23-285_D1,11
ACAGGTGGAGGTGAGG-1_V13B23-285_D1,10
ACAGTAATACAACTTG-1_V13B23-285_D1,10
ACAGTATACCGTGGGA-1_V13B23-285_D1,15
ACATAATAAGGCGGTG-1_V13B23-285_D1,5
ACATCCCGGCCATACG-1_V13B23-285_D1,1
ACATCCTGGTAACTGT-1_V13B23-285_D1,11
ACATCGATCGTTTACC-1_V13B23-285_D1,5
ACATCGGTCAGCCGCG-1_V13B23-285_D1,10
ACATCGTATGCAATGG-1_V13B23-285_D1,19
ACATCGTTAACCTAGT-1_V13B23-285_D1,9
ACATGGCGCCAAAGTA-1_V13B23-285_D1,11
ACATTAGTTTATATCC-1_V13B23-285_D1,19
ACCAAACACCCAGCGA-1_V13B23-285_D1,15
ACCAACACCACACACT-1_V13B23-285_D1,1
ACCAACCGCACTCCAC-1_V13B23-285_D1,11
ACCAACGCTTATTTAT-1_V13B23-285_D1,1
ACCAAGAACGCGTGTC-1_V13B23-285_D1,5
ACCAATATGCAAGTTA-1_V13B23-285_D1,19
ACCACAACTCAGAACA-1_V13B23-285_D1,9
ACCACAAGTTTCTATC-1_V13B23-285_D1,5
ACCACCAATGTAACAA-1_V13B23-285_D1,11
ACCACCCTCTCTTCTA-1_V13B23-285_D1,3
ACCACGTGCAGCTATA-1_V13B23-285_D1,19
ACCAGTGCGGGAGACG-1_V13B23-285_D1,11
ACCATATCCGCAATAA-1_V13B23-285_D1,5
ACCATCGTATATGGTA-1_V13B23-285_D1,16
ACCCAACGCCCGTGGC-1_V13B23-285_D1,10
ACCCACCTACATGCTC-1_V13B23-285_D1,16
ACCCATCTTGAGGGTA-1_V13B23-285_D1,7
ACCCATTTGTCCCTCT-1_V13B23-285_D1,11
ACCCGGAAACTCCCAG-1_V13B23-285_D1,19
ACCCGGAGCACCACAA-1_V13B23-285_D1,11
ACCCGGATGACGCATC-1_V13B23-285_D1,11
ACCCGGTTACACTTCC-1_V13B23-285_D1,18
ACCCGTGTCATCAGTA-1_V13B23-285_D1,10
ACCCTATAGGACTGAG-1_V13B23-285_D1,12
ACCCTATGCCATATCG-1_V13B23-285_D1,10
ACCCTCCCTTGCTATT-1_V13B23-285_D1,11
ACCCTGGTAACGCCCT-1_V13B23-285_D1,2
ACCCTTGCCTGGGTCG-1_V13B23-285_D1,15
ACCGACACATCTCCCA-1_V13B23-285_D1,19
ACCGACTGAGTCCCAC-1_V13B23-285_D1,15
ACCGATAGGCATAACC-1_V13B23-285_D1,11
ACCGATATTTAATCAT-1_V13B23-285_D1,11
ACCGATGGTAGCATCG-1_V13B23-285_D1,17
ACCGCAATAACTGCCT-1_V13B23-285_D1,19
ACCGCGGTGGAAGTCG-1_V13B23-285_D1,11
ACCGGGCCTTTGTTGA-1_V13B23-285_D1,11
ACCGGTCAGGTACACC-1_V13B23-285_D1,18
ACCGTGACCACGTGGG-1_V13B23-285_D1,10
ACCTAAGTACCTTTCA-1_V13B23-285_D1,7
ACCTAATCGACTTCCT-1_V13B23-285_D1,5
ACCTACAGTATGTGGT-1_V13B23-285_D1,11
ACCTCCGCCCTCGCTG-1_V13B23-285_D1,11
ACCTCCGTTATTCACC-1_V13B23-285_D1,1
ACCTGCGTGTCATGTT-1_V13B23-285_D1,10
ACGAAATGGGCGGCAC-1_V13B23-285_D1,5
ACGACCCATGAGTTGC-1_V13B23-285_D1,11
ACGAGATATTTGCTTA-1_V13B23-285_D1,9
ACGAGGATACCACTCT-1_V13B23-285_D1,10
ACGAGGTTTACAACGT-1_V13B23-285_D1,13
ACGAGTACGGATGCCC-1_V13B23-285_D1,16
ACGATACATAGAACTA-1_V13B23-285_D1,14
ACGATCATACATAGAG-1_V13B23-285_D1,2
ACGATCATCTTGTAAA-1_V13B23-285_D1,16
ACGATGCATATGTTAT-1_V13B23-285_D1,10
ACGATGGATCCGATGC-1_V13B23-285_D1,9
ACGCAATCACTACAGC-1_V13B23-285_D1,3
ACGCATACGTTTACTA-1_V13B23-285_D1,11
ACGCATTCGTGAGTAC-1_V13B23-285_D1,4
ACGCCAGATGATTTCT-1_V13B23-285_D1,14
ACGCCGCTAGACGACC-1_V13B23-285_D1,19
ACGCGAAGTCAGACGA-1_V13B23-285_D1,5
ACGCGCTACACAGGGT-1_V13B23-285_D1,3
ACGCGGGCCAAGGACA-1_V13B23-285_D1,5
ACGCTAGTGATACACT-1_V13B23-285_D1,2
ACGGAATTTAGCAAAT-1_V13B23-285_D1,5
ACGGACTCTCAAAGCG-1_V13B23-285_D1,19
ACGGAGCGCAAATTAC-1_V13B23-285_D1,2
ACGGATGGTGCGGATA-1_V13B23-285_D1,19
ACGGCACTTGCTTGGG-1_V13B23-285_D1,19
ACGGCCAACATGGACT-1_V13B23-285_D1,10
ACGGCGACGATGGGAA-1_V13B23-285_D1,19
ACGGGAGTGTCGGCCC-1_V13B23-285_D1,10
ACGGGCGTATGCGACA-1_V13B23-285_D1,2
ACGTACAGATTTCTCT-1_V13B23-285_D1,9
ACGTAGATTGCTGATG-1_V13B23-285_D1,12
ACGTATTACTCCGATC-1_V13B23-285_D1,11
ACGTGCGCCTCGTGCA-1_V13B23-285_D1,6
ACGTTAATGTCGAAGA-1_V13B23-285_D1,19
ACGTTAGATTTGCCCG-1_V13B23-285_D1,1
ACGTTCGCAATCAATT-1_V13B23-285_D1,13
ACGTTCGTTCAGGAAA-1_V13B23-285_D1,11
ACGTTCTGTACAAGTC-1_V13B23-285_D1,11
ACGTTTAGTTGTGATC-1_V13B23-285_D1,6
ACTACCAGCTCTCTGG-1_V13B23-285_D1,5
ACTACGCGTTAGAATT-1_V13B23-285_D1,19
ACTAGTTGCGATCGTC-1_V13B23-285_D1,11
ACTATATGCTGTGTTC-1_V13B23-285_D1,12
ACTATCCAGGGCATGG-1_V13B23-285_D1,11
ACTATCTGCCCGCGTA-1_V13B23-285_D1,11
ACTATTCGTCCGTGGT-1_V13B23-285_D1,14
ACTATTTCCGGGCCCA-1_V13B23-285_D1,17
ACTCAAGTGCAAGGCT-1_V13B23-285_D1,19
ACTCAATAAAGGCACG-1_V13B23-285_D1,5
ACTCCCATTCCTAAAG-1_V13B23-285_D1,10
ACTCCCGAATTCGTTT-1_V13B23-285_D1,13
ACTCCCGTAGACTAGG-1_V13B23-285_D1,15
ACTCCCTAATGCTAAA-1_V13B23-285_D1,19
ACTCCCTAGAATAGTA-1_V13B23-285_D1,19
ACTCGCCGTTCGATAA-1_V13B23-285_D1,11
ACTCGCGATCTGACGC-1_V13B23-285_D1,11
ACTCGTAACCCGTCCT-1_V13B23-285_D1,10
ACTCGTCAGTAATCCC-1_V13B23-285_D1,5
ACTCTCTGACTTAGGT-1_V13B23-285_D1,19
ACTCTCTTATACACGA-1_V13B23-285_D1,9
ACTCTTCAGCTCCCGC-1_V13B23-285_D1,13
ACTCTTGTATAGTAAC-1_V13B23-285_D1,19
ACTGAAACGCCGTTAG-1_V13B23-285_D1,11
ACTGAATGGCGAAAGT-1_V13B23-285_D1,19
ACTGCCGTCGTAACTC-1_V13B23-285_D1,14
ACTGCGGACACACCGT-1_V13B23-285_D1,21
ACTGTACGATACACAT-1_V13B23-285_D1,3
ACTGTAGCACTTTGGA-1_V13B23-285_D1,4
ACTGTCCAGGATTATA-1_V13B23-285_D1,5
ACTGTCTTCTTTAGAA-1_V13B23-285_D1,18
ACTGTGCTAGTAGATC-1_V13B23-285_D1,5
ACTTACCGGGCGCGCA-1_V13B23-285_D1,3
ACTTACGCATCCACGC-1_V13B23-285_D1,19
ACTTAGTACGACAAGA-1_V13B23-285_D1,5
ACTTATACTTACCCGG-1_V13B23-285_D1,16
ACTTATTAGGATCGGT-1_V13B23-285_D1,1
ACTTATTTATGTGCCA-1_V13B23-285_D1,11
ACTTCAGGCTGATCCC-1_V13B23-285_D1,19
ACTTCCATGCGGGACA-1_V13B23-285_D1,19
ACTTCGCCATACGCAC-1_V13B23-285_D1,16
ACTTCGCTAGCGAGTG-1_V13B23-285_D1,13
ACTTGACTCCCTCTTT-1_V13B23-285_D1,19
ACTTGGGACCCGGTGG-1_V13B23-285_D1,5
ACTTGTGGATGGAACG-1_V13B23-285_D1,11
ACTTTACCCTCATGAA-1_V13B23-285_D1,3
ACTTTCCTATAGCTTC-1_V13B23-285_D1,16
ACTTTGTCGACGCACT-1_V13B23-285_D1,11
AGAAATTATGACTCGC-1_V13B23-285_D1,11
AGAACCCAGCGTGACA-1_V13B23-285_D1,11
AGAACGTGGTACATTC-1_V13B23-285_D1,16
AGAAGAGCGCCGTTCC-1_V13B23-285_D1,16
AGAAGGTACACTTCAC-1_V13B23-285_D1,3
AGAAGGTTGCCGAATT-1_V13B23-285_D1,7
AGAAGGTTGTAGGTCG-1_V13B23-285_D1,19
AGAAGTGATTCGTGAT-1_V13B23-285_D1,10
AGAATGCGGGTTCGGA-1_V13B23-285_D1,12
AGAATTATGGATTCGA-1_V13B23-285_D1,16
AGAATTGTTTGACATA-1_V13B23-285_D1,5
AGACAGGCATCTCAGC-1_V13B23-285_D1,11
AGACCATGGGATACAA-1_V13B23-285_D1,5
AGACCCACCGCTGATC-1_V13B23-285_D1,19
AGACCCGCCCTCCTCG-1_V13B23-285_D1,5
AGACCGCTCCGCGGTT-1_V13B23-285_D1,11
AGACCGGGAAACCCTG-1_V13B23-285_D1,21
AGACGAAGTGCCGGTC-1_V13B23-285_D1,11
AGACGACGATGCCGCT-1_V13B23-285_D1,10
AGACGCCCACTTCGCC-1_V13B23-285_D1,11
AGACTAGCCTTCCAGA-1_V13B23-285_D1,5
AGAGAACCGTCTAGGA-1_V13B23-285_D1,17
AGAGAAGGAGTACAAT-1_V13B23-285_D1,10
AGAGATCTCTAAAGCG-1_V13B23-285_D1,3
AGAGCAGTTATGAGAC-1_V13B23-285_D1,15
AGAGCCGCCGAGATTT-1_V13B23-285_D1,11
AGAGCGCTTGTAACGG-1_V13B23-285_D1,2
AGAGCGGGCTAATCAT-1_V13B23-285_D1,14
AGAGCGTACAAGCTCG-1_V13B23-285_D1,5
AGAGGCTTCGGAAACC-1_V13B23-285_D1,11
AGAGTAAACTTCACTA-1_V13B23-285_D1,11
AGAGTATAGTGTTACG-1_V13B23-285_D1,1
AGATAACTTCAGGGCC-1_V13B23-285_D1,7
AGATACCAATAGAACC-1_V13B23-285_D1,11
AGATACCAGCACTTCA-1_V13B23-285_D1,15
AGATACCGGTGTTCAC-1_V13B23-285_D1,1
AGATACGACTTCATAT-1_V13B23-285_D1,12
AGATACTCAAGATCGA-1_V13B23-285_D1,19
AGATATAATACGACTA-1_V13B23-285_D1,19
AGATCGTGCATAAGAT-1_V13B23-285_D1,7
AGATCTCAGGTGTGAT-1_V13B23-285_D1,1
AGATGACTCGCCCACG-1_V13B23-285_D1,5
AGATGAGGGTTGCGAT-1_V13B23-285_D1,3
AGATGATGGAGTCTGG-1_V13B23-285_D1,13
AGATGCAAGACGTGCA-1_V13B23-285_D1,16
AGATTATAGGACGTTT-1_V13B23-285_D1,7
AGCAAAGGCCGCTAGT-1_V13B23-285_D1,19
AGCAACATATCTTATT-1_V13B23-285_D1,11
AGCAACCGAAAGTAAT-1_V13B23-285_D1,13
AGCACCAGTACTCACG-1_V13B23-285_D1,7
AGCACTACCGGCCTGT-1_V13B23-285_D1,13
AGCACTACCTCACCAG-1_V13B23-285_D1,19
AGCACTTAAGGACGCC-1_V13B23-285_D1,5
AGCAGAAGGAGAAAGA-1_V13B23-285_D1,12
AGCAGCCAGATGAATA-1_V13B23-285_D1,1
AGCATATCAATATGCT-1_V13B23-285_D1,11
AGCATCATTTCGAAAG-1_V13B23-285_D1,10
AGCATCGTCGATAATT-1_V13B23-285_D1,5
AGCATTACGAGGCAAG-1_V13B23-285_D1,11
AGCCACAGGTTACCCG-1_V13B23-285_D1,11
AGCCACTCCCGTGCTT-1_V13B23-285_D1,14
AGCCCATACATGTAAG-1_V13B23-285_D1,17
AGCCCGGTAGCCTGTA-1_V13B23-285_D1,10
AGCCCTAAGCGAAGTT-1_V13B23-285_D1,14
AGCCCTGTCGCACCGT-1_V13B23-285_D1,11
AGCCCTTCTAATCCGA-1_V13B23-285_D1,3
AGCCCTTGGACATCCC-1_V13B23-285_D1,11
AGCCGTGGCTAAATGT-1_V13B23-285_D1,10
AGCCTTAAAGCGGAAG-1_V13B23-285_D1,18
AGCGACAGGAACGGTC-1_V13B23-285_D1,10
AGCGACATCCCATTCA-1_V13B23-285_D1,14
AGCGACCAACGATATT-1_V13B23-285_D1,5
AGCGATGCGCCTAATA-1_V13B23-285_D1,4
AGCGCATAATGAATCG-1_V13B23-285_D1,10
AGCGCGGGTGCCAATG-1_V13B23-285_D1,17
AGCGCTAGAGCGATGT-1_V13B23-285_D1,11
AGCGGACACTTCGTAG-1_V13B23-285_D1,4
AGCGGGAAGGGTCCAT-1_V13B23-285_D1,5
AGCGGTTGCCGCTCTG-1_V13B23-285_D1,1
AGCGTGGTATTCTACT-1_V13B23-285_D1,19
AGCTAAGTACGCAGGC-1_V13B23-285_D1,19
AGCTAGAAGCAGAAGT-1_V13B23-285_D1,12
AGCTATTTAATCCAAC-1_V13B23-285_D1,14
AGCTCCATATATGTTC-1_V13B23-285_D1,11
AGCTCCTTCGCACATC-1_V13B23-285_D1,11
AGCTCTAGACGTTCCA-1_V13B23-285_D1,19
AGCTCTTCCCAGTGCA-1_V13B23-285_D1,14
AGCTCTTCGTAACCTT-1_V13B23-285_D1,11
AGCTCTTTACTCAGTT-1_V13B23-285_D1,7
AGCTGAAGTAAACCAA-1_V13B23-285_D1,14
AGCTGTAACCTCAATC-1_V13B23-285_D1,10
AGCTTGATCTTAACTT-1_V13B23-285_D1,3
AGGAACGAACGACTTC-1_V13B23-285_D1,11
AGGAAGCTGTCCGCCG-1_V13B23-285_D1,10
AGGACAGTCGAATCCC-1_V13B23-285_D1,11
AGGACATCGCACGTCG-1_V13B23-285_D1,5
AGGACATCGGCACACT-1_V13B23-285_D1,11
AGGACGACCCATTAGA-1_V13B23-285_D1,18
AGGACGCTCGATGTTG-1_V13B23-285_D1,3
AGGAGACATCCACAGT-1_V13B23-285_D1,17
AGGAGAGTCTGGCTAC-1_V13B23-285_D1,16
AGGAGGCCTTCGCGCG-1_V13B23-285_D1,11
AGGATAAAGTCGGGAT-1_V13B23-285_D1,19
AGGATATAGGGATTTA-1_V13B23-285_D1,11
AGGATCACGCGATCTG-1_V13B23-285_D1,10
AGGATTGCTTACGACA-1_V13B23-285_D1,3
AGGCACGTGACTGTCC-1_V13B23-285_D1,11
AGGCAGATGCGTAAAC-1_V13B23-285_D1,17
AGGCAGGGAGCGTACT-1_V13B23-285_D1,10
AGGCATTGTCGTAGGG-1_V13B23-285_D1,11
AGGCCACATTGGTTAC-1_V13B23-285_D1,11
AGGCCACCCGTTATGA-1_V13B23-285_D1,5
AGGCCCATTGTACAGG-1_V13B23-285_D1,6
AGGCCCTAGAACGCCA-1_V13B23-285_D1,10
AGGCCTGAGAATCTCG-1_V13B23-285_D1,19
AGGCGATAACTGGCGT-1_V13B23-285_D1,11
AGGCGGTTTGTCCCGC-1_V13B23-285_D1,17
AGGCGTCTATGGACGG-1_V13B23-285_D1,3
AGGCTATGGTTAGCTT-1_V13B23-285_D1,5
AGGCTTCCCGAAGAAG-1_V13B23-285_D1,10
AGGCTTGCTAGACACC-1_V13B23-285_D1,12
AGGGAAACGAGGTACT-1_V13B23-285_D1,14
AGGGACCGGCTGCGTT-1_V13B23-285_D1,13
AGGGACTCTACGCGAC-1_V13B23-285_D1,10
AGGGAGACATACTTCG-1_V13B23-285_D1,3
AGGGCAGCGGCGTGGT-1_V13B23-285_D1,9
AGGGCCCTAATGTTCT-1_V13B23-285_D1,11
AGGGCGAGCAGCTGAT-1_V13B23-285_D1,21
AGGGCGTGATCGGCTA-1_V13B23-285_D1,5
AGGGCTGCAGTTACAG-1_V13B23-285_D1,5
AGGGTCAGTAACCCTA-1_V13B23-285_D1,2
AGGGTCGATGCGAACT-1_V13B23-285_D1,11
AGGGTGCTCTCGAGGG-1_V13B23-285_D1,17
AGGGTTCCCTTTGGTT-1_V13B23-285_D1,13
AGGGTTTAGTTCGGGA-1_V13B23-285_D1,10
AGGTAACCTCCTATTC-1_V13B23-285_D1,5
AGGTACGATATTGCCA-1_V13B23-285_D1,6
AGGTAGGTACAAAGCT-1_V13B23-285_D1,16
AGGTATAATTGATAGT-1_V13B23-285_D1,21
AGGTATGCGGACATTA-1_V13B23-285_D1,5
AGGTCAGGTGAGAGTG-1_V13B23-285_D1,1
AGGTCGCCTCCCAACA-1_V13B23-285_D1,11
AGGTCGCGGAGTTACT-1_V13B23-285_D1,18
AGGTGTATCGCCATGA-1_V13B23-285_D1,3
AGGTGTTGCCGACCAC-1_V13B23-285_D1,11
AGGTTACACCATGCCG-1_V13B23-285_D1,11
AGGTTGAGGCACGCTT-1_V13B23-285_D1,14
AGGTTTCACACACCTT-1_V13B23-285_D1,5
AGTAATGTCTTGCCGC-1_V13B23-285_D1,14
AGTACATCATTTATCA-1_V13B23-285_D1,3
AGTACGGGCACCTGGC-1_V13B23-285_D1,16
AGTACTCTTATGCCCA-1_V13B23-285_D1,11
AGTAGGAAGGAAGTTG-1_V13B23-285_D1,3
AGTAGGTAACATACAT-1_V13B23-285_D1,9
AGTATAATACTAGGCA-1_V13B23-285_D1,5
AGTATGCTGGAGACCA-1_V13B23-285_D1,10
AGTATTTGGCACGACC-1_V13B23-285_D1,10
AGTCAACACCACCATC-1_V13B23-285_D1,10
AGTCAAGATGACACTT-1_V13B23-285_D1,11
AGTCACTAGCTCTCGA-1_V13B23-285_D1,11
AGTCAGCCACCGCCTG-1_V13B23-285_D1,5
AGTCCATTGGCTGATG-1_V13B23-285_D1,11
AGTCCCGCCTTTAATT-1_V13B23-285_D1,12
AGTCCCTCGCAGAAAG-1_V13B23-285_D1,1
AGTCGACGGTCTCAAG-1_V13B23-285_D1,11
AGTCGGCCCAAACGAC-1_V13B23-285_D1,5
AGTCGGCTCAACTTTA-1_V13B23-285_D1,10
AGTCGGTTGCGTGAGA-1_V13B23-285_D1,11
AGTCGTATAAAGCAGA-1_V13B23-285_D1,19
AGTCGTCGACCACCAA-1_V13B23-285_D1,11
AGTCGTGGGCATTACG-1_V13B23-285_D1,10
AGTCTAAAGTATACTC-1_V13B23-285_D1,3
AGTCTCACAAGACTAC-1_V13B23-285_D1,7
AGTCTGGACATCCTTG-1_V13B23-285_D1,7
AGTCTTCTCCTCAAAT-1_V13B23-285_D1,10
AGTGAACAAACTTCTC-1_V13B23-285_D1,11
AGTGAAGATGGTGTCC-1_V13B23-285_D1,15
AGTGACCTACTTTACG-1_V13B23-285_D1,5
AGTGAGACTTCCAGTA-1_V13B23-285_D1,3
AGTGAGCCTCGCCGCC-1_V13B23-285_D1,3
AGTGAGGGTTTCTGAC-1_V13B23-285_D1,9
AGTGAGTCGAATTAAC-1_V13B23-285_D1,11
AGTGATAACCTGCGCG-1_V13B23-285_D1,19
AGTGATATGAGTAGTT-1_V13B23-285_D1,5
AGTGATTCAAGCAGGA-1_V13B23-285_D1,3
AGTGCACGCTTAAGAA-1_V13B23-285_D1,11
AGTGCGTAGCTCGTAA-1_V13B23-285_D1,10
AGTGCTAAACACAGCA-1_V13B23-285_D1,11
AGTGCTTGCACGAATA-1_V13B23-285_D1,11
AGTGGCGGCAATTTGA-1_V13B23-285_D1,12
AGTGGCGTCTGAAGGT-1_V13B23-285_D1,4
AGTGTATTGCGCATTG-1_V13B23-285_D1,3
AGTGTGGTCTATTGTG-1_V13B23-285_D1,5
AGTTAAACACTTGCGA-1_V13B23-285_D1,10
AGTTAAGCGGTCCCGG-1_V13B23-285_D1,6
AGTTAAGTCAACCGCT-1_V13B23-285_D1,1
AGTTACTCTATCGTGG-1_V13B23-285_D1,6
AGTTCCTACAGAATTA-1_V13B23-285_D1,5
AGTTCCTATTTATGTT-1_V13B23-285_D1,5
AGTTCTGCGTTGTATC-1_V13B23-285_D1,5
AGTTGACATCGGCTGG-1_V13B23-285_D1,12
AGTTGCTGACTGATAT-1_V13B23-285_D1,18
AGTTTATGTAAAGACA-1_V13B23-285_D1,21
AGTTTCGCAGGTCGGA-1_V13B23-285_D1,6
AGTTTGCACCTGCCTC-1_V13B23-285_D1,19
AGTTTGGCACGGGTTG-1_V13B23-285_D1,11
AGTTTGGCCAGACCTA-1_V13B23-285_D1,13
ATAAACGGACCCGTAA-1_V13B23-285_D1,5
ATAAACGTTGCACCAC-1_V13B23-285_D1,11
ATAAAGGCTCGGTCGT-1_V13B23-285_D1,5
ATAACGCCGGAGGGTC-1_V13B23-285_D1,7
ATAACGGAGTCCAACG-1_V13B23-285_D1,20
ATAAGGTGGAGAACAT-1_V13B23-285_D1,19
ATAAGTAGGATTCAGA-1_V13B23-285_D1,2
ATAAGTAGGGCGACTC-1_V13B23-285_D1,3
ATAAGTTACCGCGACG-1_V13B23-285_D1,5
ATAATACCGTTAGCCG-1_V13B23-285_D1,10
ATAATAGCTGTTGAAT-1_V13B23-285_D1,19
ATAATAGTGTAGGGAC-1_V13B23-285_D1,5
ATAATCTTGGAGAACC-1_V13B23-285_D1,19
ATAATTAGCTAAGTAG-1_V13B23-285_D1,17
ATACAGGCCCTCCAAT-1_V13B23-285_D1,19
ATACCACGGGCAACTT-1_V13B23-285_D1,3
ATACCAGGCTAATAGA-1_V13B23-285_D1,9
ATACCGTCATCCATAA-1_V13B23-285_D1,2
ATACCTAACCAAGAAA-1_V13B23-285_D1,19
ATACGAAGGCTTTCCA-1_V13B23-285_D1,13
ATACGCCGGCGAAACC-1_V13B23-285_D1,19
ATACGGAACGTCGTTT-1_V13B23-285_D1,16
ATACGGGTTTCGATTG-1_V13B23-285_D1,17
ATACGTACTTAGCCAC-1_V13B23-285_D1,19
ATACGTCCACTCCTGT-1_V13B23-285_D1,11
ATACGTTATGCACGGA-1_V13B23-285_D1,17
ATACTACCCGTACCAC-1_V13B23-285_D1,11
ATACTAGCATGACCCT-1_V13B23-285_D1,5
ATACTCTCGCCACTCT-1_V13B23-285_D1,4
ATACTGCCTTACACCG-1_V13B23-285_D1,19
ATAGACAACGGGACCT-1_V13B23-285_D1,17
ATAGACGAAGAGAAAG-1_V13B23-285_D1,10
ATAGAGTACTGGGACA-1_V13B23-285_D1,7
ATAGAGTTATCAACTT-1_V13B23-285_D1,17
ATAGCAACTAGGGAAG-1_V13B23-285_D1,11
ATAGGCGGCTATAGAA-1_V13B23-285_D1,7
ATAGGCTAGCTTCGCA-1_V13B23-285_D1,17
ATAGGGATATCCTTGA-1_V13B23-285_D1,2
ATAGGTTGGGCAGATG-1_V13B23-285_D1,10
ATAGTGAAGCGTTCTC-1_V13B23-285_D1,5
ATAGTTCCACCCACTC-1_V13B23-285_D1,11
ATATAAAGCGCTCGTG-1_V13B23-285_D1,19
ATATAAATGTAGCTGC-1_V13B23-285_D1,19
ATATAACACGGGCGCA-1_V13B23-285_D1,11
ATATACGCTCGTGACG-1_V13B23-285_D1,11
ATATCAACCTACAGAG-1_V13B23-285_D1,2
ATATCGGTAGGGAGAT-1_V13B23-285_D1,11
ATATCGTTCCTCGAAC-1_V13B23-285_D1,11
ATATCTCCCTCGTTAA-1_V13B23-285_D1,14
ATATCTTAGGGCCTTC-1_V13B23-285_D1,5
ATATGTCTCCCTAGCC-1_V13B23-285_D1,17
ATATTCAGTTAAACCT-1_V13B23-285_D1,10
ATATTCCACATAGTGA-1_V13B23-285_D1,19
ATATTCCCACAGGTCA-1_V13B23-285_D1,9
ATATTGCTGTCAAAGT-1_V13B23-285_D1,5
ATATTGGAGAGGCCTT-1_V13B23-285_D1,11
ATATTTAACCCTCAAG-1_V13B23-285_D1,5
ATCAAACACTGTTCCA-1_V13B23-285_D1,11
ATCAAACGAAGGTTTG-1_V13B23-285_D1,7
ATCAATCTGGGCTGCA-1_V13B23-285_D1,10
ATCACATTAGAATATC-1_V13B23-285_D1,14
ATCACGTGCTAATTAA-1_V13B23-285_D1,18
ATCACTTCATCCTCGC-1_V13B23-285_D1,5
ATCAGACGGCACGCCG-1_V13B23-285_D1,1
ATCAGCCTCATGCTGC-1_V13B23-285_D1,19
ATCAGCTCGTCCACTA-1_V13B23-285_D1,1
ATCAGGTAGCTGACAG-1_V13B23-285_D1,13
ATCAGTAGGCAGGGAT-1_V13B23-285_D1,10
ATCATAGCCCTATGTA-1_V13B23-285_D1,11
ATCATCCAATATTTGT-1_V13B23-285_D1,5
ATCATGGACTACCGAC-1_V13B23-285_D1,11
ATCCAACGCAGTCATA-1_V13B23-285_D1,5
ATCCAATGGAGGGTCC-1_V13B23-285_D1,16
ATCCACATCGACAGAA-1_V13B23-285_D1,19
ATCCAGAGCAACAACC-1_V13B23-285_D1,5
ATCCAGGATTCGTGAA-1_V13B23-285_D1,16
ATCCGGACCAGCCTGA-1_V13B23-285_D1,11
ATCCTACCTAAGCTCT-1_V13B23-285_D1,7
ATCCTGAATCGCTGCG-1_V13B23-285_D1,7
ATCCTGCGTGGAATGG-1_V13B23-285_D1,10
ATCCTTCTGAAAGAAC-1_V13B23-285_D1,11
ATCGACCCAATACAGA-1_V13B23-285_D1,5
ATCGACTCTTTCCGTT-1_V13B23-285_D1,17
ATCGCACGATTGTTCA-1_V13B23-285_D1,9
ATCGCACGCCGGGAGA-1_V13B23-285_D1,5
ATCGCCAGTCAACATT-1_V13B23-285_D1,11
ATCGCTGCGTGCAGCA-1_V13B23-285_D1,2
ATCGCTTTACGTCTCA-1_V13B23-285_D1,1
ATCGGAGACAGACGGC-1_V13B23-285_D1,19
ATCGGCAAGCAGTCCA-1_V13B23-285_D1,7
ATCGTTAGCTAGCGGA-1_V13B23-285_D1,11
ATCGTTCACTTTCGCC-1_V13B23-285_D1,9
ATCTAATATCCTACGG-1_V13B23-285_D1,19
ATCTCCCACGGAATAT-1_V13B23-285_D1,11
ATCTCCCTGCAATCTA-1_V13B23-285_D1,14
ATCTCGTGAGCGAAAC-1_V13B23-285_D1,11
ATCTGCACCTCTGCGA-1_V13B23-285_D1,16
ATCTGGGCTGTTCTTG-1_V13B23-285_D1,19
ATCTGGTTAAGACTGT-1_V13B23-285_D1,5
ATCTGTAATTGTACCC-1_V13B23-285_D1,14
ATCTTATCGCACACCC-1_V13B23-285_D1,11
ATCTTGACCTGCAACG-1_V13B23-285_D1,7
ATCTTGACTTGTCCAA-1_V13B23-285_D1,3
ATCTTTCGTATAACCA-1_V13B23-285_D1,21
ATGAAGCCAAGGAGCC-1_V13B23-285_D1,5
ATGACGCCGGCTCTAA-1_V13B23-285_D1,8
ATGACGCGTTCTATCC-1_V13B23-285_D1,16
ATGACTATGCGACATT-1_V13B23-285_D1,11
ATGAGGAGTGTTAATC-1_V13B23-285_D1,5
ATGAGGGCAGCGGCTA-1_V13B23-285_D1,11
ATGATCGGGAATAGAC-1_V13B23-285_D1,14
ATGATGCAATGGTACA-1_V13B23-285_D1,5
ATGCACTACCGCATTG-1_V13B23-285_D1,5
ATGCATGATCCAGGAT-1_V13B23-285_D1,17
ATGCCAATCGCTCTGC-1_V13B23-285_D1,12
ATGCCATTTGCGACCA-1_V13B23-285_D1,11
ATGCCGGTCTTGCATA-1_V13B23-285_D1,21
ATGCCGGTTGATGGGA-1_V13B23-285_D1,14
ATGCGACAATTGGTCC-1_V13B23-285_D1,12
ATGCGACAGTCCCATT-1_V13B23-285_D1,2
ATGCGAGTCCCACCAC-1_V13B23-285_D1,11
ATGCTCAGTGTTGCAT-1_V13B23-285_D1,5
ATGCTCTGGCGCGGTA-1_V13B23-285_D1,19
ATGCTTAGGAGTTGAT-1_V13B23-285_D1,11
ATGGAACCTTTGCACA-1_V13B23-285_D1,5
ATGGAGCAGGCCGTGA-1_V13B23-285_D1,8
ATGGATCCGGCGTCCG-1_V13B23-285_D1,14
ATGGATTGACCAAACG-1_V13B23-285_D1,7
ATGGCGGAATAGTCGC-1_V13B23-285_D1,1
ATGGCTGGAAATGGCC-1_V13B23-285_D1,9
ATGGGCCTCGGCCTCT-1_V13B23-285_D1,11
ATGGTCGCGTGGTTTC-1_V13B23-285_D1,19
ATGTAAGGCTGCTCTT-1_V13B23-285_D1,1
ATGTACATGCGGTGAG-1_V13B23-285_D1,11
ATGTGAAAGCCTAATG-1_V13B23-285_D1,7
ATGTGCATCCGACGCA-1_V13B23-285_D1,17
ATGTGGACATCTTGAT-1_V13B23-285_D1,19
ATGTTACGAGCAATAC-1_V13B23-285_D1,4
ATGTTCGTCGACCCAC-1_V13B23-285_D1,3
ATGTTTCGGCCCGGAG-1_V13B23-285_D1,1
ATTAAACATGCGGACC-1_V13B23-285_D1,5
ATTAATACTACGCGGG-1_V13B23-285_D1,12
ATTAATGAACCAGTCG-1_V13B23-285_D1,14
ATTACAACTACCGGCC-1_V13B23-285_D1,3
ATTACATGTCAGTCTT-1_V13B23-285_D1,11
ATTACCACACTGCCTG-1_V13B23-285_D1,11
ATTACGACTCCACAGT-1_V13B23-285_D1,15
ATTACGCGCTGGCAGG-1_V13B23-285_D1,21
ATTACTAGCCTCTTGC-1_V13B23-285_D1,8
ATTACTTACTGGGCAT-1_V13B23-285_D1,12
ATTAGATTCCTCAGCA-1_V13B23-285_D1,15
ATTAGATTGATAGCGG-1_V13B23-285_D1,16
ATTAGGCGATGCTTTC-1_V13B23-285_D1,19
ATTATACTTTGCTCGT-1_V13B23-285_D1,14
ATTATAGCTACTTTAC-1_V13B23-285_D1,13
ATTATGCCATAGGGAG-1_V13B23-285_D1,7
ATTATTATGTCCGTCA-1_V13B23-285_D1,10
ATTCAACCATTTAAGG-1_V13B23-285_D1,11
ATTCACTGATGTTGGA-1_V13B23-285_D1,19
ATTCAGGACCTATTTC-1_V13B23-285_D1,20
ATTCAGTAGCAGGGTC-1_V13B23-285_D1,5
ATTCATATACTGTCCA-1_V13B23-285_D1,5
ATTCATCGTTGAGGCA-1_V13B23-285_D1,11
ATTCCCACATAAACAA-1_V13B23-285_D1,7
ATTCCTAAGACGTGGA-1_V13B23-285_D1,12
ATTCCTCCGCCAGTGC-1_V13B23-285_D1,5
ATTCCTTCCAGGCGGT-1_V13B23-285_D1,5
ATTCGACGCCGGGCCT-1_V13B23-285_D1,1
ATTCGCAGAGGACACT-1_V13B23-285_D1,15
ATTCGCGCCTTGAGAG-1_V13B23-285_D1,11
ATTCGTGCTATCTCTT-1_V13B23-285_D1,11
ATTCTCGTCTCTTTAG-1_V13B23-285_D1,9
ATTCTTCGTACTTATG-1_V13B23-285_D1,9
ATTGAAGATCTTAGTG-1_V13B23-285_D1,5
ATTGACCGGCGATGAC-1_V13B23-285_D1,2
ATTGACGTAACTCGGT-1_V13B23-285_D1,9
ATTGATAGCAACGAGA-1_V13B23-285_D1,5
ATTGATGAGTCCTAAC-1_V13B23-285_D1,3
ATTGCCTTTATGTTTG-1_V13B23-285_D1,19
ATTGCGATCAGTAACT-1_V13B23-285_D1,11
ATTGCTGCTCCTCCAT-1_V13B23-285_D1,10
ATTGGATTACAGCGTA-1_V13B23-285_D1,11
ATTGGGAATATCTTGG-1_V13B23-285_D1,9
ATTGTACAACTCGGCT-1_V13B23-285_D1,3
ATTGTCGCAATACCTT-1_V13B23-285_D1,6
ATTGTGACTTCGCTGC-1_V13B23-285_D1,9
ATTGTTCAACGATCCG-1_V13B23-285_D1,11
ATTTAACTCGTATTAC-1_V13B23-285_D1,12
ATTTACAGTTTACTGG-1_V13B23-285_D1,5
ATTTACTAAGTCCATT-1_V13B23-285_D1,17
ATTTCATTATTTCGCG-1_V13B23-285_D1,14
ATTTCCGGGTTCTGCG-1_V13B23-285_D1,10
ATTTGCGCGAGTAGCT-1_V13B23-285_D1,10
ATTTGTCTTGGGAGCT-1_V13B23-285_D1,11
ATTTGTTCCAGGGCTC-1_V13B23-285_D1,14
CAAACGAGTATCGCAG-1_V13B23-285_D1,10
CAAACGGTCGCACTTT-1_V13B23-285_D1,5
CAAACTACGATAGAGA-1_V13B23-285_D1,6
CAAACTATTGAGCTTC-1_V13B23-285_D1,6
CAAACTCGCGACGCCG-1_V13B23-285_D1,11
CAAAGATTATTGGGCC-1_V13B23-285_D1,10
CAAAGGTCATCTGAAA-1_V13B23-285_D1,11
CAAATCTCTCACAAGG-1_V13B23-285_D1,4
CAAATGTCCTTCCGTG-1_V13B23-285_D1,5
CAAATTGGATTATGCC-1_V13B23-285_D1,2
CAACACATCTCCTGCC-1_V13B23-285_D1,3
CAACCAGTGGCCTACC-1_V13B23-285_D1,11
CAACCTACCGAGCAGT-1_V13B23-285_D1,11
CAACCTGAACCTGCCA-1_V13B23-285_D1,16
CAACGACCCGTTTACA-1_V13B23-285_D1,5
CAACGGTTCTTGATAC-1_V13B23-285_D1,5
CAACGTGGTGGAGTCT-1_V13B23-285_D1,11
CAACTATATCGAATGC-1_V13B23-285_D1,14
CAACTCCTTGATCCCG-1_V13B23-285_D1,5
CAACTGCTCATCCGAT-1_V13B23-285_D1,10
CAAGACTCAGAAGCGC-1_V13B23-285_D1,13
CAAGAGGGCGGAGTAC-1_V13B23-285_D1,19
CAAGATATTATAACGT-1_V13B23-285_D1,11
CAAGCAACGTCGGAGT-1_V13B23-285_D1,10
CAAGCACCAAATGCCT-1_V13B23-285_D1,14
CAAGCGGCACATAATT-1_V13B23-285_D1,19
CAAGGATCGCATGTTC-1_V13B23-285_D1,19
CAAGGCCAGTGGTGCA-1_V13B23-285_D1,11
CAAGGTCCTATAGGCT-1_V13B23-285_D1,1
CAAGTGTGGTTGCAAA-1_V13B23-285_D1,11
CAATAAACCTTGGCCC-1_V13B23-285_D1,12
CAATACGAGAGTCTGA-1_V13B23-285_D1,11
CAATATTCTTGACCTA-1_V13B23-285_D1,10
CAATATTGGACTAGTG-1_V13B23-285_D1,5
CAATCCCTATACCAGC-1_V13B23-285_D1,9
CAATCCTGCCGTGGAG-1_V13B23-285_D1,5
CAATGAGGTTCGACTA-1_V13B23-285_D1,3
CAATGCGAGAAGTATC-1_V13B23-285_D1,8
CAATGGAATCTACATA-1_V13B23-285_D1,9
CAATGGATCTCTACCA-1_V13B23-285_D1,10
CAATGTGCCAACCCTT-1_V13B23-285_D1,1
CAATTAAGGGTGATGA-1_V13B23-285_D1,4
CAATTTCGTATAAGGG-1_V13B23-285_D1,12
CACAAGAAAGATATTA-1_V13B23-285_D1,2
CACAATGAGCTGCTAT-1_V13B23-285_D1,17
CACACACGCTAACGAG-1_V13B23-285_D1,11
CACACAGCTTGCGCTC-1_V13B23-285_D1,11
CACACAGGGATAGATT-1_V13B23-285_D1,5
CACACGCGCTGTCTTA-1_V13B23-285_D1,13
CACAGCACCCACGGCA-1_V13B23-285_D1,7
CACAGCTAGGGAGTGA-1_V13B23-285_D1,5
CACAGGGCCATATAGT-1_V13B23-285_D1,11
CACAGGGCCGTTGTCA-1_V13B23-285_D1,7
CACAGTCCCGCTTCGC-1_V13B23-285_D1,11
CACAGTTCGCTTCCCA-1_V13B23-285_D1,11
CACATATTAGCAGGAT-1_V13B23-285_D1,19
CACATCGTGCACGCGC-1_V13B23-285_D1,10
CACATCTCACCGACGA-1_V13B23-285_D1,19
CACATGATTCAGCAAC-1_V13B23-285_D1,5
CACATGTTTGGACATG-1_V13B23-285_D1,7
CACATTCTTTCGATGG-1_V13B23-285_D1,14
CACATTTCTTGTCAGA-1_V13B23-285_D1,11
CACCAGTCAGCATGCA-1_V13B23-285_D1,17
CACCATCGGAGGAGAC-1_V13B23-285_D1,9
CACCCAAATCTTATGT-1_V13B23-285_D1,1
CACCCACACGTCACCC-1_V13B23-285_D1,5
CACCCACGAGGCAATT-1_V13B23-285_D1,14
CACCCGGTTTGTGACT-1_V13B23-285_D1,10
CACCCTAACAAGATCT-1_V13B23-285_D1,19
CACCCTTGGTGAGACC-1_V13B23-285_D1,3
CACCGATACACCGAGC-1_V13B23-285_D1,9
CACCGCCAGAAGGTTT-1_V13B23-285_D1,10
CACCGCCGACCAGCGA-1_V13B23-285_D1,9
CACCGCGTCCACTCTA-1_V13B23-285_D1,3
CACCGTATCCCATCCG-1_V13B23-285_D1,11
CACCGTTAGGGATCAC-1_V13B23-285_D1,10
CACCGTTGCGCGATAT-1_V13B23-285_D1,10
CACCTAATAGAGTCGT-1_V13B23-285_D1,12
CACCTAATCAGTTTAC-1_V13B23-285_D1,14
CACCTCGATGGTGGAC-1_V13B23-285_D1,14
CACCTTGCGAAACTCG-1_V13B23-285_D1,17
CACCTTGGCGCCTTTG-1_V13B23-285_D1,11
CACGAAAGTTAGTCCC-1_V13B23-285_D1,18
CACGCACAGCGCAGCT-1_V13B23-285_D1,12
CACGCAGCGAGGCTTT-1_V13B23-285_D1,5
CACGCGGAACTGTTGC-1_V13B23-285_D1,11
CACGGACGTGGATGGC-1_V13B23-285_D1,17
CACGGCGCGCCAAAGG-1_V13B23-285_D1,3
CACGTCAATCAATGGA-1_V13B23-285_D1,11
CACGTCGGCAACCTCT-1_V13B23-285_D1,17
CACGTTCGTGCTCTAG-1_V13B23-285_D1,20
CACGTTTCGTACACAC-1_V13B23-285_D1,11
CACTAAAGTTGCCTAT-1_V13B23-285_D1,5
CACTACGGGAGCTGCC-1_V13B23-285_D1,11
CACTCAAGAGCTATGG-1_V13B23-285_D1,5
CACTCAGCTCTTGAGG-1_V13B23-285_D1,6
CACTCCTATGTAAGAT-1_V13B23-285_D1,10
CACTCCTCTCGGTCGG-1_V13B23-285_D1,14
CACTCGAGCTGAACAA-1_V13B23-285_D1,19
CACTCTTCTGCTAGCC-1_V13B23-285_D1,11
CACTGTCCAAGTGAGA-1_V13B23-285_D1,5
CACTTAATCAGACGGA-1_V13B23-285_D1,5
CACTTCGCCACAGGCT-1_V13B23-285_D1,5
CAGAACTTAGCCCTCT-1_V13B23-285_D1,11
CAGAATAACACACGGA-1_V13B23-285_D1,11
CAGAATATTCGTTATC-1_V13B23-285_D1,11
CAGACACCGATCGCTG-1_V13B23-285_D1,5
CAGACCTGTAAGTGTT-1_V13B23-285_D1,13
CAGACGAACCTGATAC-1_V13B23-285_D1,5
CAGAGACGGTCACCCA-1_V13B23-285_D1,18
CAGAGCATGAGCTTGC-1_V13B23-285_D1,1
CAGAGGCGATGCATGA-1_V13B23-285_D1,10
CAGAGTGATTTAACGT-1_V13B23-285_D1,9
CAGATAATGGGCGGGT-1_V13B23-285_D1,11
CAGATACTAACATAGT-1_V13B23-285_D1,7
CAGATCATTTAAAGTC-1_V13B23-285_D1,2
CAGATCCTGGTTTGAA-1_V13B23-285_D1,21
CAGCAGCCCGTTCCTT-1_V13B23-285_D1,7
CAGCAGTCCAGACTAT-1_V13B23-285_D1,11
CAGCAGTCTGTGCTGC-1_V13B23-285_D1,19
CAGCCGGGCCCTCTAT-1_V13B23-285_D1,9
CAGCCTCCTGCAGAGG-1_V13B23-285_D1,5
CAGCCTCGATAGCGGT-1_V13B23-285_D1,11
CAGCCTCTCCTCAAGA-1_V13B23-285_D1,16
CAGCGATTCCCTTCAA-1_V13B23-285_D1,7
CAGCTCACTGAGACAT-1_V13B23-285_D1,5
CAGCTCGACAAGTTAA-1_V13B23-285_D1,12
CAGCTCGTGCTTGTGT-1_V13B23-285_D1,5
CAGCTGGCGTAACCGT-1_V13B23-285_D1,10
CAGCTTAGTAGGTAGC-1_V13B23-285_D1,5
CAGGAAGACTTTATAT-1_V13B23-285_D1,14
CAGGACAGCTGCCCTT-1_V13B23-285_D1,1
CAGGATATATCGTTGT-1_V13B23-285_D1,5
CAGGCAGTCTTACCAG-1_V13B23-285_D1,19
CAGGCCGTTTGGGTGT-1_V13B23-285_D1,10
CAGGCGCACGGTGGTC-1_V13B23-285_D1,10
CAGGCGCCATGCTAGG-1_V13B23-285_D1,19
CAGTAACTATTTATTG-1_V13B23-285_D1,3
CAGTAATCCCTCCCAG-1_V13B23-285_D1,5
CAGTACATTCTCTAAA-1_V13B23-285_D1,3
CAGTACCAGTTTACGT-1_V13B23-285_D1,10
CAGTAGCCCACGCGGT-1_V13B23-285_D1,10
CAGTCGAGGATGCAAT-1_V13B23-285_D1,17
CAGTCTGTATACTGGG-1_V13B23-285_D1,5
CAGTGAATAAATGACT-1_V13B23-285_D1,17
CAGTGGTTGCACATGA-1_V13B23-285_D1,5
CAGTGTCCGCAGAATG-1_V13B23-285_D1,20
CAGTGTCGGCTGGCCC-1_V13B23-285_D1,11
CAGTTCAAATTGACAC-1_V13B23-285_D1,5
CAGTTCCGCGGGTCGA-1_V13B23-285_D1,5
CATAACGGACAGTCGT-1_V13B23-285_D1,17
CATAAGAAGCTTGGCT-1_V13B23-285_D1,19
CATAAGCTCTCCGTCT-1_V13B23-285_D1,13
CATACAAAGCCGAACC-1_V13B23-285_D1,5
CATACACGGTTCCCAC-1_V13B23-285_D1,5
CATACCCGTACCCAGT-1_V13B23-285_D1,5
CATACGGCGTCTGGGC-1_V13B23-285_D1,5
CATACTATGTAATTGT-1_V13B23-285_D1,5
CATACTTAGGCAATAC-1_V13B23-285_D1,1
CATAGCCGCCCGGGAT-1_V13B23-285_D1,7
CATAGCGTTGCCCACC-1_V13B23-285_D1,7
CATAGTACATTGAGAG-1_V13B23-285_D1,14
CATAGTAGCATAGTAG-1_V13B23-285_D1,5
CATAGTCAAATACATA-1_V13B23-285_D1,11
CATAGTCCACAAGAAC-1_V13B23-285_D1,10
CATATACTACTGATAA-1_V13B23-285_D1,3
CATATAGGTACAGTCA-1_V13B23-285_D1,5
CATATGTCAGGCTACG-1_V13B23-285_D1,10
CATATTATTTGCCCTA-1_V13B23-285_D1,9
CATCAAACTGGCGCCC-1_V13B23-285_D1,15
CATCATCTACCCGGAC-1_V13B23-285_D1,6
CATCATTACCCTGAGG-1_V13B23-285_D1,11
CATCCTCTCAAAGATC-1_V13B23-285_D1,11
CATCGCCCGCGGCCAA-1_V13B23-285_D1,20
CATCGGACGGGTTAAT-1_V13B23-285_D1,5
CATCTAGTGAAGGGAA-1_V13B23-285_D1,11
CATCTATCCCGTGTCT-1_V13B23-285_D1,3
CATCTTACACCACCTC-1_V13B23-285_D1,11
CATGAACCGACATTTG-1_V13B23-285_D1,9
CATGACTTCGCTGAAT-1_V13B23-285_D1,11
CATGAGATGCACTCTC-1_V13B23-285_D1,19
CATGATCGCTTTGAGA-1_V13B23-285_D1,11
CATGATGCACAATTCT-1_V13B23-285_D1,12
CATGATGGAAGTTAGC-1_V13B23-285_D1,11
CATGCCAACTCGCAAA-1_V13B23-285_D1,3
CATGCGACCAGTTTAA-1_V13B23-285_D1,5
CATGCGTTAGACAGAA-1_V13B23-285_D1,14
CATGCTGGCTCCAATT-1_V13B23-285_D1,6
CATGGATTGTCTTCCG-1_V13B23-285_D1,11
CATGGCAGGAAGATCG-1_V13B23-285_D1,14
CATGGGTATGCCTTAT-1_V13B23-285_D1,19
CATGGGTCGGGTGTGG-1_V13B23-285_D1,14
CATGGTAAGTAGCGTT-1_V13B23-285_D1,19
CATGGTCTAGATACCG-1_V13B23-285_D1,12
CATGTAAGAGACATTT-1_V13B23-285_D1,11
CATGTAGGAGCGCCAA-1_V13B23-285_D1,18
CATGTCTCATTTATGG-1_V13B23-285_D1,11
CATTACATAGATTGTG-1_V13B23-285_D1,17
CATTACGTCGGCCCGT-1_V13B23-285_D1,14
CATTATGCTTGTTGTG-1_V13B23-285_D1,5
CATTCAGGTCAGTGCG-1_V13B23-285_D1,9
CATTCCCATTCCGTCG-1_V13B23-285_D1,1
CATTCCCTAAGTACAA-1_V13B23-285_D1,5
CATTCGTCGTAGCGGT-1_V13B23-285_D1,11
CATTGATGAACACGCC-1_V13B23-285_D1,2
CATTGCGGGTCAATTC-1_V13B23-285_D1,2
CATTTAGCGGACCATG-1_V13B23-285_D1,17
CATTTCTAGCAGACTA-1_V13B23-285_D1,5
CATTTGAGTGGTACGT-1_V13B23-285_D1,10
CCAAACAGAACCCTCG-1_V13B23-285_D1,5
CCAAATAACAAGATTC-1_V13B23-285_D1,11
CCAACGATGCACTGAT-1_V13B23-285_D1,5
CCAACGCTTGCCAGGG-1_V13B23-285_D1,9
CCAACTTGATAGATCC-1_V13B23-285_D1,11
CCAAGAAAGTGGGCGA-1_V13B23-285_D1,5
CCAAGACTTCTGCGAA-1_V13B23-285_D1,5
CCAAGCGTAACTCGTA-1_V13B23-285_D1,4
CCAAGGAACAGAGAGG-1_V13B23-285_D1,14
CCAATAGTGCCGTCGA-1_V13B23-285_D1,10
CCAATCGGTAGATCGA-1_V13B23-285_D1,14
CCAATGTCACAGCAAG-1_V13B23-285_D1,5
CCAATTACGGGTCGAG-1_V13B23-285_D1,12
CCAATTGAATGTTAAT-1_V13B23-285_D1,5
CCACAATGTACGTCTT-1_V13B23-285_D1,10
CCACACTGAGATATTA-1_V13B23-285_D1,17
CCACAGTACCCATCCT-1_V13B23-285_D1,11
CCACATACTGCACCCA-1_V13B23-285_D1,11
CCACCAACTTTACTGT-1_V13B23-285_D1,4
CCACCCAAGGAAAGTG-1_V13B23-285_D1,19
CCACCTGTATGGAATA-1_V13B23-285_D1,11
CCACGAATTTAACCTC-1_V13B23-285_D1,11
CCACGAGAAGAGAATC-1_V13B23-285_D1,14
CCACGGAGCCATAAGA-1_V13B23-285_D1,10
CCACGGTGCCCGGTAG-1_V13B23-285_D1,21
CCACGTAAATTAGACT-1_V13B23-285_D1,1
CCACTATCCGGGTCAC-1_V13B23-285_D1,3
CCACTGGTGGCTGGTT-1_V13B23-285_D1,5
CCACTGTTTGGATTAA-1_V13B23-285_D1,11
CCAGAAAGCAACTCAT-1_V13B23-285_D1,10
CCAGAGACAAAGCCGG-1_V13B23-285_D1,5
CCAGATAGTTGAGTGA-1_V13B23-285_D1,19
CCAGATGTAAATGGGT-1_V13B23-285_D1,15
CCAGCCTGGACCAATA-1_V13B23-285_D1,5
CCAGCGGGATCACCAG-1_V13B23-285_D1,1
CCAGCTCGAACGCATT-1_V13B23-285_D1,17
CCAGCTGATGGTACTT-1_V13B23-285_D1,3
CCAGCTTCCGCCCGCA-1_V13B23-285_D1,7
CCAGGCTGGCGTCTGA-1_V13B23-285_D1,11
CCAGGGACGTGGCCTC-1_V13B23-285_D1,5
CCAGTAGTCTGATCCA-1_V13B23-285_D1,17
CCAGTCCATTATTCGA-1_V13B23-285_D1,14
CCAGTCTAGACGGCGC-1_V13B23-285_D1,16
CCAGTCTTGTCATAGA-1_V13B23-285_D1,13
CCATAAACAACCCGAC-1_V13B23-285_D1,6
CCATACCTTTACTTGT-1_V13B23-285_D1,1
CCATAGGTTGGCGTGG-1_V13B23-285_D1,14
CCATAGTCAGTAACCC-1_V13B23-285_D1,18
CCATATGGAAACTATA-1_V13B23-285_D1,11
CCATCCATACCAAGTC-1_V13B23-285_D1,5
CCATCGCAGTTAAACT-1_V13B23-285_D1,19
CCATCTCACCAGTGAA-1_V13B23-285_D1,11
CCATGCCCTAGATTTC-1_V13B23-285_D1,11
CCATGCCTGTTTAGTA-1_V13B23-285_D1,5
CCATGCTCTGCAGGAA-1_V13B23-285_D1,5
CCATGGCCCTTGTACC-1_V13B23-285_D1,19
CCATTAGCGATAATCC-1_V13B23-285_D1,7
CCATTCCCTGCCCACA-1_V13B23-285_D1,10
CCATTGTTTCCTCCAT-1_V13B23-285_D1,1
CCATTTCTACCTATTA-1_V13B23-285_D1,19
CCCAAACATGCTGCTC-1_V13B23-285_D1,3
CCCAACATACGTCGCG-1_V13B23-285_D1,7
CCCAACCACACTAACA-1_V13B23-285_D1,9
CCCAATGAGATTTGCA-1_V13B23-285_D1,10
CCCAATTTCACAACTT-1_V13B23-285_D1,3
CCCAGAGGAGGGCGTA-1_V13B23-285_D1,3
CCCAGGTCTGAAGGCT-1_V13B23-285_D1,11
CCCAGTAAACTTGGGA-1_V13B23-285_D1,3
CCCAGTTAAGGCGCCG-1_V13B23-285_D1,19
CCCATATAGGTCGATT-1_V13B23-285_D1,11
CCCGACCATAGTCCGC-1_V13B23-285_D1,14
CCCGAGTTTCTCCGTA-1_V13B23-285_D1,11
CCCGATAGCCTCGCCT-1_V13B23-285_D1,13
CCCGCAGCGCGAACTA-1_V13B23-285_D1,19
CCCGCAGGGCCCAAAG-1_V13B23-285_D1,9
CCCGCCATGCTCCCGT-1_V13B23-285_D1,5
CCCGCGCAATGCACCC-1_V13B23-285_D1,5
CCCGGTGGAAGAACCT-1_V13B23-285_D1,5
CCCGGTGTATCGGAAT-1_V13B23-285_D1,16
CCCGTAAGTCTAGGCC-1_V13B23-285_D1,3
CCCGTAGCTGGGAAGA-1_V13B23-285_D1,10
CCCGTCAGCGTCTGAC-1_V13B23-285_D1,5
CCCGTTTCGCAGATGT-1_V13B23-285_D1,11
CCCTAGTGTCAGGTGT-1_V13B23-285_D1,5
CCCTATGTAGAGCAGA-1_V13B23-285_D1,10
CCCTCATTCTGGAATT-1_V13B23-285_D1,4
CCCTCCTCGCTCGTAT-1_V13B23-285_D1,11
CCCTGAAATGAGTTGA-1_V13B23-285_D1,10
CCCTGATGTAACTCGT-1_V13B23-285_D1,5
CCCTGCCCAATCCGCT-1_V13B23-285_D1,3
CCCTGCGCTACGCATA-1_V13B23-285_D1,3
CCCTTTAATGGAGTTC-1_V13B23-285_D1,11
CCCTTTGACAGGTCTT-1_V13B23-285_D1,4
CCGAAAGTGGTGAGCA-1_V13B23-285_D1,5
CCGAACACTGGGCCTC-1_V13B23-285_D1,1
CCGAACCTTCCCGGCC-1_V13B23-285_D1,19
CCGAAGGGCGTACCGC-1_V13B23-285_D1,13
CCGAAGTATATTGTTC-1_V13B23-285_D1,1
CCGACAAAGGGAGTGC-1_V13B23-285_D1,10
CCGACAATAGGCCGCC-1_V13B23-285_D1,11
CCGACGGGCATGAGGT-1_V13B23-285_D1,10
CCGACGTAAACACAAC-1_V13B23-285_D1,20
CCGAGAAGTCGCATAA-1_V13B23-285_D1,11
CCGAGCTGTGCTTGTC-1_V13B23-285_D1,2
CCGATATGACGTAAGG-1_V13B23-285_D1,11
CCGATCTCAACCTTAT-1_V13B23-285_D1,8
CCGATTCGAGGGACCC-1_V13B23-285_D1,5
CCGCACAAAGACCAAC-1_V13B23-285_D1,20
CCGCACACGAACGTGT-1_V13B23-285_D1,11
CCGCACGTGACCTCGG-1_V13B23-285_D1,5
CCGCATGTGGTACGAT-1_V13B23-285_D1,19
CCGCCGGAACTTCTCG-1_V13B23-285_D1,13
CCGCCGGTCAACACAC-1_V13B23-285_D1,9
CCGCCTGCGAATTGGT-1_V13B23-285_D1,3
CCGCGGAATGCGTCAC-1_V13B23-285_D1,17
CCGCGGGTACGAAGAA-1_V13B23-285_D1,5
CCGCGTAGGTAAGGGC-1_V13B23-285_D1,5
CCGCTATCAGCACCAG-1_V13B23-285_D1,5
CCGCTCTTCCGAACTA-1_V13B23-285_D1,11
CCGCTTACCTCACTCT-1_V13B23-285_D1,16
CCGCTTGCTGACATGG-1_V13B23-285_D1,18
CCGGAAGTTATCAGTC-1_V13B23-285_D1,11
CCGGAATGGTTTCAGT-1_V13B23-285_D1,5
CCGGAGCGTACTTTCT-1_V13B23-285_D1,10
CCGGAGGTCTTATGGT-1_V13B23-285_D1,15
CCGGCACGACCGTTTC-1_V13B23-285_D1,10
CCGGCGCATATTGGAT-1_V13B23-285_D1,6
CCGGGACCCGCAGAGA-1_V13B23-285_D1,19
CCGGGCGGTCTCGTCA-1_V13B23-285_D1,3
CCGGGCTGCTCCATAC-1_V13B23-285_D1,11
CCGGGTTCGAGGTTAC-1_V13B23-285_D1,10
CCGGTAATGGCTAGTC-1_V13B23-285_D1,5
CCGGTTTGTAATTGTG-1_V13B23-285_D1,10
CCGTAAGTTGGTCCCA-1_V13B23-285_D1,17
CCGTACCCAAGCGCCA-1_V13B23-285_D1,5
CCGTAGGAAATCCCTG-1_V13B23-285_D1,11
CCGTAGGGTTGTTTAC-1_V13B23-285_D1,11
CCGTATCTCGTCGTAG-1_V13B23-285_D1,1
CCGTATTAGCGCAGTT-1_V13B23-285_D1,17
CCGTGAGGCATTCATG-1_V13B23-285_D1,4
CCGTGCCCATGACGGC-1_V13B23-285_D1,9
CCGTGGAACGATCCAA-1_V13B23-285_D1,1
CCGTGTTAAATTCCAT-1_V13B23-285_D1,16
CCGTTACGTTAGAACA-1_V13B23-285_D1,19
CCGTTCCGAATCTCGG-1_V13B23-285_D1,3
CCTAAAGGCTGACGCT-1_V13B23-285_D1,14
CCTAAATTAACGGTTC-1_V13B23-285_D1,19
CCTAAATTGTATCCTA-1_V13B23-285_D1,11
CCTAACCCAAACAAGT-1_V13B23-285_D1,11
CCTAACTAAGGCTCTA-1_V13B23-285_D1,10
CCTACATTCACAGACG-1_V13B23-285_D1,17
CCTACGGCTCAGTCGA-1_V13B23-285_D1,5
CCTACTCAACACGATT-1_V13B23-285_D1,11
CCTACTGCGGCGGCCA-1_V13B23-285_D1,13
CCTACTGCTTACACTT-1_V13B23-285_D1,5
CCTAGGCGTAGCGATC-1_V13B23-285_D1,17
CCTAGTTAGTCGCATG-1_V13B23-285_D1,6
CCTATAATGAGTGCCC-1_V13B23-285_D1,19
CCTATACCGTCCTGTC-1_V13B23-285_D1,10
CCTATATTTGTCCTGG-1_V13B23-285_D1,10
CCTATGAAGTGGTGCC-1_V13B23-285_D1,21
CCTATGGGTTACCGTC-1_V13B23-285_D1,3
CCTATGTCCACTCCAC-1_V13B23-285_D1,11
CCTCACCAATCTTGAC-1_V13B23-285_D1,5
CCTCACCTGAGGGAGC-1_V13B23-285_D1,1
CCTCACCTTAGCATCG-1_V13B23-285_D1,1
CCTCACGTCAGCTAAT-1_V13B23-285_D1,11
CCTCATGCAGCTACGA-1_V13B23-285_D1,14
CCTCCCGACAATCCCT-1_V13B23-285_D1,9
CCTCCGACAATTCAAG-1_V13B23-285_D1,10
CCTCCTGTTGTGTCGT-1_V13B23-285_D1,11
CCTCGAAGTGGACGGG-1_V13B23-285_D1,14
CCTCGCCAGCAAATTA-1_V13B23-285_D1,14
CCTCGCGCGATATAGG-1_V13B23-285_D1,7
CCTCGCGCTGTGCGAT-1_V13B23-285_D1,1
CCTCGGACCGGGATAG-1_V13B23-285_D1,11
CCTCTAATCTGCCAAG-1_V13B23-285_D1,14
CCTCTATCGATTAGCA-1_V13B23-285_D1,10
CCTCTCTCCCATCTAG-1_V13B23-285_D1,10
CCTCTGGCCTAGACGG-1_V13B23-285_D1,14
CCTCTGTACTATTCTA-1_V13B23-285_D1,10
CCTGAACGATATATTC-1_V13B23-285_D1,11
CCTGAATATTTACATA-1_V13B23-285_D1,7
CCTGACCACCGATGGT-1_V13B23-285_D1,5
CCTGCGATAGAACTGT-1_V13B23-285_D1,7
CCTGCGTTCTACGCTT-1_V13B23-285_D1,13
CCTGCTATTTGAGAAG-1_V13B23-285_D1,18
CCTGGAAACGTTCTGC-1_V13B23-285_D1,11
CCTGGCTAGACCCGCC-1_V13B23-285_D1,21
CCTGGTCGAATGTGGG-1_V13B23-285_D1,19
CCTGTAAGACATGATA-1_V13B23-285_D1,10
CCTGTACTCACGCCCA-1_V13B23-285_D1,3
CCTGTCACCCGGGCTC-1_V13B23-285_D1,1
CCTGTCCCTCACGTTA-1_V13B23-285_D1,1
CCTGTCGCCCGTAAAT-1_V13B23-285_D1,5
CCTGTTTGAAGACACG-1_V13B23-285_D1,11
CCTTCAGTTAAAGTGA-1_V13B23-285_D1,10
CCTTCTTGATCCAGTG-1_V13B23-285_D1,14
CCTTGACCACTTTATT-1_V13B23-285_D1,11
CCTTTAAGGGAGCACT-1_V13B23-285_D1,10
CCTTTCAATGAAGAAA-1_V13B23-285_D1,17
CGAAACATAGATGGCA-1_V13B23-285_D1,9
CGAAACGCAATTCATG-1_V13B23-285_D1,3
CGAACAGTATGGGCGT-1_V13B23-285_D1,11
CGAACCCGCATGCGTC-1_V13B23-285_D1,10
CGAACGCCCAGTGCCG-1_V13B23-285_D1,14
CGAACGGCCGGACAAC-1_V13B23-285_D1,13
CGAAGCTATAAATTCA-1_V13B23-285_D1,3
CGAAGTTGCTCTGTGT-1_V13B23-285_D1,10
CGAATGACGCATAATG-1_V13B23-285_D1,10
CGAATTCCCGGTTCAA-1_V13B23-285_D1,11
CGACAATTTGATCTAA-1_V13B23-285_D1,11
CGACACGCTCCGACAG-1_V13B23-285_D1,11
CGACAGTTCGCGTTAT-1_V13B23-285_D1,10
CGACATGCGATCTTCT-1_V13B23-285_D1,9
CGACTCAGGATGTTAT-1_V13B23-285_D1,7
CGACTTTGTATAGCCT-1_V13B23-285_D1,13
CGAGACCCTAGAGTGT-1_V13B23-285_D1,5
CGAGAGATGTGAACCT-1_V13B23-285_D1,3
CGAGAGCTTTCACTAC-1_V13B23-285_D1,19
CGAGAGGGTAGCCGCG-1_V13B23-285_D1,11
CGAGATTTCGCTCGGG-1_V13B23-285_D1,11
CGAGCACTTCAAGTTT-1_V13B23-285_D1,5
CGAGCGTTGATCAGCC-1_V13B23-285_D1,9
CGAGCTGGGCTTTAGG-1_V13B23-285_D1,14
CGAGGAGCTTCCATAT-1_V13B23-285_D1,2
CGAGGATCGGGAACGA-1_V13B23-285_D1,16
CGAGGCCAGGCATTGG-1_V13B23-285_D1,5
CGAGGCTAAATATGGC-1_V13B23-285_D1,3
CGAGGGACTGCGGTCG-1_V13B23-285_D1,19
CGAGTACTAAAGAGGA-1_V13B23-285_D1,21
CGAGTGAAGGTACCAG-1_V13B23-285_D1,10
CGAGTGCTATAGTTCG-1_V13B23-285_D1,4
CGAGTTCTGTCCCACC-1_V13B23-285_D1,3
CGAGTTTATCGGACTG-1_V13B23-285_D1,17
CGATAATACTCAGGTT-1_V13B23-285_D1,11
CGATACCTCGCGGACA-1_V13B23-285_D1,13
CGATAGTCGTACTGCA-1_V13B23-285_D1,19
CGATCCGACCCAGTGC-1_V13B23-285_D1,5
CGATCTGTTGGAGGAC-1_V13B23-285_D1,7
CGATGGACCCTACGCC-1_V13B23-285_D1,19
CGATGTTGTTATCTAC-1_V13B23-285_D1,13
CGATTAAATATCTCCT-1_V13B23-285_D1,4
CGATTCGCCTGGCTGC-1_V13B23-285_D1,19
CGCAAACACGAGTTAC-1_V13B23-285_D1,5
CGCAATTACTTTCGGT-1_V13B23-285_D1,5
CGCAATTAGGGTAATA-1_V13B23-285_D1,7
CGCAATTCTACAATAA-1_V13B23-285_D1,5
CGCACATGTCCACTAC-1_V13B23-285_D1,11
CGCACGTGCGCTATCA-1_V13B23-285_D1,11
CGCAGATCTTCACCCG-1_V13B23-285_D1,2
CGCAGGCGATCCAAAC-1_V13B23-285_D1,11
CGCATCATGGCTTCAG-1_V13B23-285_D1,9
CGCATCCATCAGCCAG-1_V13B23-285_D1,17
CGCATGGTGCGATGCT-1_V13B23-285_D1,19
CGCATTAGCTAATAGG-1_V13B23-285_D1,12
CGCCAAGAAGCCGAGT-1_V13B23-285_D1,3
CGCCATCCGATTATGA-1_V13B23-285_D1,17
CGCCCAGCACGCCTAG-1_V13B23-285_D1,10
CGCCCAGCGTTTCACG-1_V13B23-285_D1,19
CGCCCGCTTCCGTACA-1_V13B23-285_D1,14
CGCCCTTGAAGGCTGA-1_V13B23-285_D1,5
CGCCGCCCATGCCTGT-1_V13B23-285_D1,11
CGCCGTCTACCCATCG-1_V13B23-285_D1,5
CGCCGTTCAGCATAGT-1_V13B23-285_D1,11
CGCCTCCCTCCTCTAT-1_V13B23-285_D1,19
CGCCTGGCCTACGTAA-1_V13B23-285_D1,3
CGCCTTTAGCATGCTC-1_V13B23-285_D1,11
CGCGAAGTGGCATACT-1_V13B23-285_D1,11
CGCGACCGCGACAGAT-1_V13B23-285_D1,19
CGCGAGAGGGACTTGT-1_V13B23-285_D1,3
CGCGAGTCTGCCGGGT-1_V13B23-285_D1,3
CGCGCAAATGTCCAGA-1_V13B23-285_D1,10
CGCGCATGTTTGATTG-1_V13B23-285_D1,10
CGCGCCCGACTTAATA-1_V13B23-285_D1,14
CGCGGCAGTATTACGG-1_V13B23-285_D1,5
CGCGGCTCAACTTGAA-1_V13B23-285_D1,11
CGCGGGAATTAGGCAG-1_V13B23-285_D1,19
CGCGGTAAGTCTAGCT-1_V13B23-285_D1,3
CGCGGTACGGTATACA-1_V13B23-285_D1,11
CGCGGTCACAAACCAA-1_V13B23-285_D1,3
CGCGTTCATGAAATAC-1_V13B23-285_D1,5
CGCTACGGGACATTTA-1_V13B23-285_D1,4
CGCTAGAGACCGCTGC-1_V13B23-285_D1,11
CGCTATACCGCCCACT-1_V13B23-285_D1,5
CGCTATTCAATGTATG-1_V13B23-285_D1,5
CGCTATTCTTAGGCTC-1_V13B23-285_D1,5
CGCTCGACATAATGAT-1_V13B23-285_D1,5
CGCTCTCCGTAGATTA-1_V13B23-285_D1,10
CGCTGGTGACTACCCT-1_V13B23-285_D1,11
CGCTGTGACGCCGCAC-1_V13B23-285_D1,5
CGCTGTGTGGATGTTG-1_V13B23-285_D1,17
CGCTTATTCCCGGTCG-1_V13B23-285_D1,21
CGCTTCCACTGAAATC-1_V13B23-285_D1,5
CGCTTCGGTCTAAGAC-1_V13B23-285_D1,11
CGCTTGGACGGATAGA-1_V13B23-285_D1,11
CGCTTTCATACCGGTG-1_V13B23-285_D1,14
CGCTTTCTTGCATTCG-1_V13B23-285_D1,1
CGGAAAGAATCAAACG-1_V13B23-285_D1,10
CGGAACGTAAACATAG-1_V13B23-285_D1,10
CGGAGCAATTTAATCG-1_V13B23-285_D1,19
CGGAGCATGGCGATCC-1_V13B23-285_D1,19
CGGAGCTTATAACACC-1_V13B23-285_D1,9
CGGAGTTTGAGAGACA-1_V13B23-285_D1,5
CGGATAAGCGGACATG-1_V13B23-285_D1,18
CGGATCCTCAAGGACT-1_V13B23-285_D1,19
CGGCAAACATCGTGCG-1_V13B23-285_D1,19
CGGCAATAAGATCGCC-1_V13B23-285_D1,11
CGGCACCGTTAGCGCC-1_V13B23-285_D1,17
CGGCACTCAAGAAAGT-1_V13B23-285_D1,5
CGGCAGGGTCGGGTTG-1_V13B23-285_D1,3
CGGCCACGCACAAAGT-1_V13B23-285_D1,5
CGGCCCAACCTGTAGT-1_V13B23-285_D1,16
CGGCCCAGGTATATCC-1_V13B23-285_D1,11
CGGCGCCATCAATCCC-1_V13B23-285_D1,11
CGGCTCTAAAGCTGCA-1_V13B23-285_D1,11
CGGCTCTTCGTCGAAC-1_V13B23-285_D1,9
CGGGAATATAGTATAC-1_V13B23-285_D1,11
CGGGAATTTATGTAAA-1_V13B23-285_D1,19
CGGGAGCTTCAGTGTA-1_V13B23-285_D1,11
CGGGAGTATACCGCCG-1_V13B23-285_D1,10
CGGGATCAATGTAAGA-1_V13B23-285_D1,5
CGGGCAGCTAAACCGC-1_V13B23-285_D1,4
CGGGCCATAGCCGCAC-1_V13B23-285_D1,5
CGGGCCTTCTTTGTAA-1_V13B23-285_D1,1
CGGGTGTACCCATTTA-1_V13B23-285_D1,3
CGGGTTTGTTAGGGCT-1_V13B23-285_D1,11
CGGTACTAGAATCAAA-1_V13B23-285_D1,19
CGGTAGAGGTGCAGGT-1_V13B23-285_D1,12
CGGTATAGGTATTAGC-1_V13B23-285_D1,4
CGGTCAAGTGGGAACC-1_V13B23-285_D1,7
CGGTCAGTCCATATTT-1_V13B23-285_D1,11
CGGTCCATGAGACTCC-1_V13B23-285_D1,2
CGGTCCGTCGCAAGCC-1_V13B23-285_D1,10
CGGTCTATCAACCCGT-1_V13B23-285_D1,6
CGGTGAAGACTAAAGT-1_V13B23-285_D1,3
CGGTGCAGATAGAACG-1_V13B23-285_D1,10
CGGTGCGCGTTGGTCC-1_V13B23-285_D1,16
CGGTGGGCTCCAGCCT-1_V13B23-285_D1,3
CGGTGTACTTGATCCC-1_V13B23-285_D1,5
CGGTTATCCAACAGTG-1_V13B23-285_D1,2
CGGTTCAAGTAGGTGT-1_V13B23-285_D1,17
CGGTTCCGGCTTCTTG-1_V13B23-285_D1,14
CGGTTGACCTGGCATA-1_V13B23-285_D1,3
CGTAAACGCTTGAGTG-1_V13B23-285_D1,5
CGTACCTGATAGGCCT-1_V13B23-285_D1,12
CGTAGCGAATTGTCAG-1_V13B23-285_D1,6
CGTATCTAGAACTAAG-1_V13B23-285_D1,11
CGTATTAAGAGATCTA-1_V13B23-285_D1,5
CGTATTGTTTCCTAAT-1_V13B23-285_D1,1
CGTCAAATGGTCGCAG-1_V13B23-285_D1,21
CGTCAAGGCTATAAAT-1_V13B23-285_D1,7
CGTCACGTCCATTGGT-1_V13B23-285_D1,5
CGTCAGTGCGCACAAG-1_V13B23-285_D1,9
CGTCATACCATATCCA-1_V13B23-285_D1,5
CGTCGCATGTGAGCCA-1_V13B23-285_D1,19
CGTCGGATAGTGTTGA-1_V13B23-285_D1,16
CGTCGGGTCTAAGCGC-1_V13B23-285_D1,10
CGTCGTCCTTCGCGAA-1_V13B23-285_D1,19
CGTCTGGAAGGGCCCG-1_V13B23-285_D1,14
CGTCTTGAGTGTGACG-1_V13B23-285_D1,11
CGTGAAGTTAATTCAC-1_V13B23-285_D1,5
CGTGACATTGGGTCGT-1_V13B23-285_D1,6
CGTGACCAGTCCTCTG-1_V13B23-285_D1,10
CGTGCAGACTGGGACA-1_V13B23-285_D1,19
CGTGCATTGTCGACGC-1_V13B23-285_D1,3
CGTGCCCTCCCGAAGA-1_V13B23-285_D1,19
CGTGCTGGCCTAGTCG-1_V13B23-285_D1,7
CGTGGAAGCCTCGTAC-1_V13B23-285_D1,11
CGTGGCCGAATATCTA-1_V13B23-285_D1,11
CGTGTATGGGAGCTGA-1_V13B23-285_D1,4
CGTGTCCCATTCGCGA-1_V13B23-285_D1,5
CGTGTCTCGTTACGAC-1_V13B23-285_D1,10
CGTGTGTTAAACCCTG-1_V13B23-285_D1,1
CGTTAAACTAGTTAGG-1_V13B23-285_D1,11
CGTTAATGTCCCGACG-1_V13B23-285_D1,19
CGTTAGCTCACAACTG-1_V13B23-285_D1,14
CGTTCATGGTGCGCGT-1_V13B23-285_D1,10
CGTTCTTCGCACACCT-1_V13B23-285_D1,3
CGTTGAATACCGCGCT-1_V13B23-285_D1,19
CGTTGAGCGACCGTCG-1_V13B23-285_D1,19
CGTTGAGTAATTGCGT-1_V13B23-285_D1,12
CGTTGTAAGATTGATT-1_V13B23-285_D1,2
CGTTGTCGGCAATTGA-1_V13B23-285_D1,17
CGTTGTTTCAATTCCC-1_V13B23-285_D1,10
CGTTTAAGCGGAGCAC-1_V13B23-285_D1,6
CGTTTACAAGGCAGCT-1_V13B23-285_D1,2
CGTTTCACTTCGGGCG-1_V13B23-285_D1,13
CGTTTCGCTCATTACA-1_V13B23-285_D1,5
CGTTTGGTGTTGTGGG-1_V13B23-285_D1,11
CGTTTGTGTAGAGGGT-1_V13B23-285_D1,10
CTAAAGAATGCCTACT-1_V13B23-285_D1,10
CTAAAGGGAAATAGGA-1_V13B23-285_D1,5
CTAAATCCGGTGTACA-1_V13B23-285_D1,10
CTAAATCCTATTCCGG-1_V13B23-285_D1,17
CTAACCGCGCGCCCGT-1_V13B23-285_D1,5
CTAACGAAACTTGCTG-1_V13B23-285_D1,2
CTAACTGATAATCGCC-1_V13B23-285_D1,11
CTAACTGGTCCGGTTC-1_V13B23-285_D1,10
CTAAGGGAATGATTGG-1_V13B23-285_D1,19
CTAATTCGCACGCGCT-1_V13B23-285_D1,5
CTAATTCTCAGATATT-1_V13B23-285_D1,16
CTAATTTCAACAACAC-1_V13B23-285_D1,5
CTACAAGAAATAACCC-1_V13B23-285_D1,12
CTACACTCGCAGATGG-1_V13B23-285_D1,11
CTACCCTAAGGTCATA-1_V13B23-285_D1,16
CTACGACTAGCTATAA-1_V13B23-285_D1,5
CTACGCACGGAGTACC-1_V13B23-285_D1,5
CTACGCCATTTCCGAT-1_V13B23-285_D1,6
CTACTATCATAGGTTT-1_V13B23-285_D1,10
CTACTATCTTTCAGAG-1_V13B23-285_D1,16
CTACTCAAGGTATAGT-1_V13B23-285_D1,7
CTACTCTAGGCCCGGC-1_V13B23-285_D1,5
CTACTGCCACCTGACC-1_V13B23-285_D1,7
CTAGACTGCATTTCGT-1_V13B23-285_D1,9
CTAGATGTGAGTGTAA-1_V13B23-285_D1,13
CTAGATTTACGACGGC-1_V13B23-285_D1,19
CTAGCATAGTATAATG-1_V13B23-285_D1,5
CTAGCCACAGGCGAGC-1_V13B23-285_D1,11
CTAGCCGATGTTATGA-1_V13B23-285_D1,17
CTAGCTTAATGGTCCC-1_V13B23-285_D1,11
CTAGGCGCCCTATCAG-1_V13B23-285_D1,11
CTAGGTCTGAAGGAAT-1_V13B23-285_D1,16
CTAGGTTCGGACGTGA-1_V13B23-285_D1,19
CTAGTAGAAAGGGATT-1_V13B23-285_D1,19
CTAGTATTCGGAATTA-1_V13B23-285_D1,14
CTAGTCACGTCTTAAG-1_V13B23-285_D1,11
CTAGTGAAGGACAGGA-1_V13B23-285_D1,10
CTAGTTACAACCCGGT-1_V13B23-285_D1,19
CTAGTTGGGCCCGGTA-1_V13B23-285_D1,18
CTATAAGAGCCAATCG-1_V13B23-285_D1,7
CTATCGACGAAATACA-1_V13B23-285_D1,11
CTATCGCGTAGAGAAC-1_V13B23-285_D1,11
CTATCGGGTCTCAACA-1_V13B23-285_D1,5
CTATGCCCGAATGCAA-1_V13B23-285_D1,20
CTATGGGAAGCGGAAT-1_V13B23-285_D1,11
CTATGTCACTAGCCCA-1_V13B23-285_D1,10
CTATGTCTATTGAAAC-1_V13B23-285_D1,9
CTATGTGAGTCACGGC-1_V13B23-285_D1,10
CTATTCATGTGTCCCA-1_V13B23-285_D1,19
CTATTGTGTTTGGTCA-1_V13B23-285_D1,7
CTATTTGGTTACGGAT-1_V13B23-285_D1,17
CTCAACTAACCCGGAT-1_V13B23-285_D1,19
CTCAAGACATTAGCGC-1_V13B23-285_D1,20
CTCACACGCAAGCCTA-1_V13B23-285_D1,15
CTCACATTTACTAAAT-1_V13B23-285_D1,19
CTCACTGTGATACTTA-1_V13B23-285_D1,19
CTCACTTGGCTGGTAA-1_V13B23-285_D1,3
CTCAGGACTCACCTGT-1_V13B23-285_D1,5
CTCAGTCACGACAAAT-1_V13B23-285_D1,17
CTCATCACTTAGTGAT-1_V13B23-285_D1,13
CTCATGGTAATTTGCG-1_V13B23-285_D1,18
CTCATTAACGTTGCCC-1_V13B23-285_D1,13
CTCATTGCTCTAACAA-1_V13B23-285_D1,19
CTCATTTGATGGGCGG-1_V13B23-285_D1,20
CTCCCAATGAGTCGCG-1_V13B23-285_D1,11
CTCCCTCCTTTCGATC-1_V13B23-285_D1,3
CTCCGCCCACATGAGG-1_V13B23-285_D1,10
CTCCGGCCTAATATGC-1_V13B23-285_D1,5
CTCCGGCTTGTAGACA-1_V13B23-285_D1,5
CTCCTAAGTTATGTCT-1_V13B23-285_D1,5
CTCCTCCAGCTCACAC-1_V13B23-285_D1,10
CTCCTGTTCAAGGCAG-1_V13B23-285_D1,11
CTCCTTTACGCAAGTC-1_V13B23-285_D1,2
CTCGAGGTCGAACAGT-1_V13B23-285_D1,7
CTCGATATTTGCGAGC-1_V13B23-285_D1,17
CTCGCACCTATATAGT-1_V13B23-285_D1,17
CTCGCATTGCATAGCC-1_V13B23-285_D1,17
CTCGCCGAATGTAGGG-1_V13B23-285_D1,19
CTCGGGATAACACCTA-1_V13B23-285_D1,3
CTCGGTACCACTGCTC-1_V13B23-285_D1,19
CTCGGTCCGTAGCCTG-1_V13B23-285_D1,20
CTCGGTTGTCGGCCCT-1_V13B23-285_D1,10
CTCGTCGAGGGCTCAT-1_V13B23-285_D1,1
CTCGTTTCTAATGTTT-1_V13B23-285_D1,3
CTCTAATGCATTGATC-1_V13B23-285_D1,2
CTCTACACTGGCGATT-1_V13B23-285_D1,13
CTCTAGCCCTCGGAAA-1_V13B23-285_D1,19
CTCTATTTGGCTGCAG-1_V13B23-285_D1,19
CTCTCACAATCGATGA-1_V13B23-285_D1,16
CTCTCTAACTGCCTAG-1_V13B23-285_D1,17
CTCTGCGAAGCAAGCA-1_V13B23-285_D1,9
CTCTGGACGCCTGGTG-1_V13B23-285_D1,21
CTCTGTTTGAGGATTC-1_V13B23-285_D1,6
CTCTTCTATTGACTGG-1_V13B23-285_D1,4
CTCTTGTCCCGCTTGG-1_V13B23-285_D1,1
CTGAAAGAGATCCGAC-1_V13B23-285_D1,14
CTGAATCCGAGACCTC-1_V13B23-285_D1,5
CTGAATTTATTGCCAG-1_V13B23-285_D1,3
CTGACATAGAAATAGA-1_V13B23-285_D1,11
CTGACTGCGCAGCTCG-1_V13B23-285_D1,12
CTGAGAAAGTTCGGCG-1_V13B23-285_D1,11
CTGAGAGTAGAAATAC-1_V13B23-285_D1,11
CTGAGCAAGTAACAAG-1_V13B23-285_D1,5
CTGAGCGAGACTTATT-1_V13B23-285_D1,13
CTGATAGTGTATCTCA-1_V13B23-285_D1,13
CTGCAAGCACGTTCCG-1_V13B23-285_D1,11
CTGCACAACTACATAT-1_V13B23-285_D1,19
CTGCACCTAGTCCACA-1_V13B23-285_D1,3
CTGCACCTGGAACCGC-1_V13B23-285_D1,7
CTGCACTCCAGTACAG-1_V13B23-285_D1,19
CTGCAGAGAATCAGAG-1_V13B23-285_D1,11
CTGCCAAGGTTGGAAG-1_V13B23-285_D1,14
CTGCCATGCATCACAT-1_V13B23-285_D1,5
CTGCCTAGCCACCAAG-1_V13B23-285_D1,9
CTGCCTCATATGCAAC-1_V13B23-285_D1,18
CTGCCTTTCTAGTAAA-1_V13B23-285_D1,11
CTGCGGGTGAAATGTT-1_V13B23-285_D1,5
CTGCGGTAGTCACGTG-1_V13B23-285_D1,12
CTGCGTTACGATATAA-1_V13B23-285_D1,14
CTGCTGAGGCCACGAA-1_V13B23-285_D1,10
CTGCTGTCTAACGAGC-1_V13B23-285_D1,11
CTGCTTGGCGATAGCT-1_V13B23-285_D1,19
CTGCTTTATGTCCGCG-1_V13B23-285_D1,2
CTGGAAATGGATGCTT-1_V13B23-285_D1,5
CTGGAAGACACGGTGG-1_V13B23-285_D1,11
CTGGACGCAGTCCGGC-1_V13B23-285_D1,3
CTGGATTTACACTTGA-1_V13B23-285_D1,5
CTGGCATCCGAATGAG-1_V13B23-285_D1,10
CTGGCGACATAAGTCC-1_V13B23-285_D1,14
CTGGCGCACAGGTCTG-1_V13B23-285_D1,1
CTGGCGGGAATAAGTA-1_V13B23-285_D1,5
CTGGCTGATTCATCCT-1_V13B23-285_D1,11
CTGGCTGGTTGTCAGT-1_V13B23-285_D1,3
CTGGGATAAATAATGG-1_V13B23-285_D1,11
CTGGGATACGCTACCC-1_V13B23-285_D1,21
CTGGGCCTGCTATATC-1_V13B23-285_D1,10
CTGGGTAGGCAGTTAA-1_V13B23-285_D1,19
CTGGTAAAGTGTGGGC-1_V13B23-285_D1,11
CTGGTAACACATAGAA-1_V13B23-285_D1,11
CTGGTAACGAGCTCTT-1_V13B23-285_D1,16
CTGGTCATTCCAATCC-1_V13B23-285_D1,17
CTGGTTCGCGAGCTAC-1_V13B23-285_D1,11
CTGGTTTCGAGCAAGA-1_V13B23-285_D1,11
CTGTACTTCTTAGCAT-1_V13B23-285_D1,21
CTGTAGCCATCTCACT-1_V13B23-285_D1,18
CTGTATGGTGTAGAAA-1_V13B23-285_D1,5
CTGTCAAATGGCTCGG-1_V13B23-285_D1,14
CTGTCACGCCAGGCGC-1_V13B23-285_D1,9
CTGTGCAGGGTAGGTC-1_V13B23-285_D1,19
CTGTGGTCGGGAGATA-1_V13B23-285_D1,11
CTGTTACCCAATCTAG-1_V13B23-285_D1,5
CTGTTCACTGCCTGTG-1_V13B23-285_D1,7
CTGTTCATCTCACGGG-1_V13B23-285_D1,5
CTTAACTTCGAAGTAC-1_V13B23-285_D1,9
CTTACACGGTATTCCA-1_V13B23-285_D1,5
CTTACACTGGGAAATA-1_V13B23-285_D1,20
CTTACTGACTCCTCTG-1_V13B23-285_D1,11
CTTAGCCTTCCACATG-1_V13B23-285_D1,14
CTTAGGTCCCAATCGT-1_V13B23-285_D1,2
CTTAGTAGGCCTACAG-1_V13B23-285_D1,18
CTTAGTGTAGTAGCAT-1_V13B23-285_D1,19
CTTATAGATGGCTGTT-1_V13B23-285_D1,11
CTTATGTTGACTACCA-1_V13B23-285_D1,5
CTTCAACTCCACTTGG-1_V13B23-285_D1,19
CTTCAGTGGTCGCCTA-1_V13B23-285_D1,16
CTTCATAGCTCAAGAA-1_V13B23-285_D1,5
CTTCATTGTCAGTGGA-1_V13B23-285_D1,5
CTTCCGCTCCGTGAAG-1_V13B23-285_D1,18
CTTCGGCCAATTGTTT-1_V13B23-285_D1,11
CTTCGTAGATAGGTGA-1_V13B23-285_D1,10
CTTCTATGTTGAAGTA-1_V13B23-285_D1,10
CTTCTATTAATGCTAG-1_V13B23-285_D1,16
CTTCTTACGTCGTATA-1_V13B23-285_D1,14
CTTGACCCGAAAGATA-1_V13B23-285_D1,9
CTTGAGGTTATCCCGA-1_V13B23-285_D1,5
CTTGAGTTAGGGTAAT-1_V13B23-285_D1,11
CTTGCAACCGCCTCCT-1_V13B23-285_D1,16
CTTGCCCAGGCTCTAC-1_V13B23-285_D1,5
CTTGGCCAAGCTGGGA-1_V13B23-285_D1,16
CTTGTACTTGTTGACT-1_V13B23-285_D1,5
CTTGTCAACATTCGAG-1_V13B23-285_D1,19
CTTGTGAGTCTTTGAC-1_V13B23-285_D1,9
CTTGTGCTCACCGATT-1_V13B23-285_D1,19
CTTGTTGCTGAGTCAA-1_V13B23-285_D1,11
CTTGTTTATGTAGCCA-1_V13B23-285_D1,5
CTTTAACTTTCAAAGG-1_V13B23-285_D1,2
CTTTAATATTGGTCGA-1_V13B23-285_D1,19
CTTTACCGAATAGTAG-1_V13B23-285_D1,19
CTTTAGGAACACTGTT-1_V13B23-285_D1,11
CTTTAGTGCTATTATT-1_V13B23-285_D1,5
CTTTCTGTGCGGGCTT-1_V13B23-285_D1,19
CTTTGCATCGCTCTTG-1_V13B23-285_D1,11
CTTTGCTGTCATGGAT-1_V13B23-285_D1,11
CTTTGGCGCTTTATAC-1_V13B23-285_D1,5
CTTTGGCTTTAGTAAA-1_V13B23-285_D1,10
CTTTGGGATTGTTGCA-1_V13B23-285_D1,10
GAAACAGATGACCACC-1_V13B23-285_D1,11
GAAACAGCCATGCAGT-1_V13B23-285_D1,6
GAAACATAGGAAACAG-1_V13B23-285_D1,12
GAAACCATGGTGCGCT-1_V13B23-285_D1,3
GAAACCGAATTACCTT-1_V13B23-285_D1,5
GAAACCTATACAAATG-1_V13B23-285_D1,12
GAAACTCGTGCGATGC-1_V13B23-285_D1,5
GAAACTCTAATGAAGG-1_V13B23-285_D1,6
GAAAGAACAGCGTTAT-1_V13B23-285_D1,10
GAAAGCAGTGCACTTT-1_V13B23-285_D1,10
GAAAGCCCTTTGGACC-1_V13B23-285_D1,5
GAAAGTGACTAACTGC-1_V13B23-285_D1,5
GAAATACCTGCTGGCT-1_V13B23-285_D1,9
GAAATACTAAACGTTT-1_V13B23-285_D1,5
GAAATATCACCATCAG-1_V13B23-285_D1,17
GAAATATGCTTGAATG-1_V13B23-285_D1,3
GAAATCGCGCGCAACT-1_V13B23-285_D1,14
GAAATGGCGGTGTTAG-1_V13B23-285_D1,5
GAAATGGGATGTAAAC-1_V13B23-285_D1,5
GAAATTAGCACGGATA-1_V13B23-285_D1,3
GAAATTCACATCGCTG-1_V13B23-285_D1,14
GAAATTGTCTCTATAA-1_V13B23-285_D1,5
GAACACACATCAACCA-1_V13B23-285_D1,20
GAACAGATTACTAAAT-1_V13B23-285_D1,19
GAACCCTCTGTGTTCT-1_V13B23-285_D1,19
GAACCTTTAACGATCC-1_V13B23-285_D1,19
GAACGACCGAATGATA-1_V13B23-285_D1,14
GAACGATAAGTTAAAG-1_V13B23-285_D1,13
GAACGCGGGTCACACG-1_V13B23-285_D1,11
GAACGTCTCATGGTCG-1_V13B23-285_D1,3
GAACTTGTGCACGGGA-1_V13B23-285_D1,15
GAAGAAACGATATTGT-1_V13B23-285_D1,10
GAAGAACGGTGCAGGT-1_V13B23-285_D1,5
GAAGCCTGCACATTCC-1_V13B23-285_D1,4
GAAGCGTGAGGAATTT-1_V13B23-285_D1,5
GAAGCTCGGACCCGTC-1_V13B23-285_D1,10
GAAGCTTGCTGACCGC-1_V13B23-285_D1,5
GAAGGCTACCATTGTT-1_V13B23-285_D1,21
GAAGTCAGTTGCACTA-1_V13B23-285_D1,10
GAAGTCTCCCTAGCGA-1_V13B23-285_D1,16
GAAGTGATTTATCGTG-1_V13B23-285_D1,17
GAAGTGCTGGATAGCT-1_V13B23-285_D1,14
GAAGTTTCCACTCAAT-1_V13B23-285_D1,10
GAATAGACGCGACCCA-1_V13B23-285_D1,11
GAATAGCATTTAGGGT-1_V13B23-285_D1,11
GAATAGCCCTGCGGTC-1_V13B23-285_D1,3
GAATAGTGCTCGATTA-1_V13B23-285_D1,10
GAATATTCGGAGTCCC-1_V13B23-285_D1,6
GAATCGACATGGTCAC-1_V13B23-285_D1,5
GAATCGCCGGACACGG-1_V13B23-285_D1,9
GAATCTGAACATTCTC-1_V13B23-285_D1,5
GAATGAAGGTCTTCAG-1_V13B23-285_D1,15
GAATGCCGAAATGACC-1_V13B23-285_D1,10
GAATGCGAATCGGTTC-1_V13B23-285_D1,19
GAATGTATGGCAGGTC-1_V13B23-285_D1,14
GAATGTGGTCCGGATT-1_V13B23-285_D1,19
GAATGTTGGGTAATCT-1_V13B23-285_D1,14
GAATTATAGTGAAAGG-1_V13B23-285_D1,5
GAATTCACCCGGGTGT-1_V13B23-285_D1,5
GAATTTCTCGCTGCAG-1_V13B23-285_D1,5
GACAAACATATGCAGG-1_V13B23-285_D1,11
GACAACGACCATTGAA-1_V13B23-285_D1,12
GACAACGCAGCTTACG-1_V13B23-285_D1,20
GACAAGAGATGAGATT-1_V13B23-285_D1,11
GACACAAGGGAAGAAA-1_V13B23-285_D1,3
GACACGAGTTAGAGGA-1_V13B23-285_D1,5
GACACTGAGTTCAGTG-1_V13B23-285_D1,17
GACACTGGAACCCGAT-1_V13B23-285_D1,11
GACAGCCAGACCTGAC-1_V13B23-285_D1,11
GACAGGCACACACTAT-1_V13B23-285_D1,5
GACATCGATTTATAAC-1_V13B23-285_D1,5
GACCAAACGTTGACTG-1_V13B23-285_D1,11
GACCAGAGCCCTGTAG-1_V13B23-285_D1,5
GACCCAATTATGATAC-1_V13B23-285_D1,16
GACCCGTCGCCGGCTA-1_V13B23-285_D1,9
GACCGACGTGAAAGCA-1_V13B23-285_D1,12
GACCGACTGAAGCGTC-1_V13B23-285_D1,3
GACCGCGTCTGACGTG-1_V13B23-285_D1,11
GACCGTCAGGTCGTGA-1_V13B23-285_D1,6
GACCGTGCTGACGGTG-1_V13B23-285_D1,18
GACGACGATCCGCGTT-1_V13B23-285_D1,19
GACGAGGCTAATAAAC-1_V13B23-285_D1,11
GACGCCGTAAAGGCTA-1_V13B23-285_D1,12
GACGCCTGTTGCAGGG-1_V13B23-285_D1,5
GACGCTTGCTTCTAAA-1_V13B23-285_D1,13
GACGGGTTGGCCCGTA-1_V13B23-285_D1,10
GACGGTCAATAGAAGC-1_V13B23-285_D1,17
GACGGTCCTAGGGTGT-1_V13B23-285_D1,11
GACGTGTAGGGATTAT-1_V13B23-285_D1,5
GACGTTCGTAAATACA-1_V13B23-285_D1,2
GACTAACACAGCACCT-1_V13B23-285_D1,9
GACTAAGATCATGCAC-1_V13B23-285_D1,12
GACTAAGTAGGCTCAC-1_V13B23-285_D1,7
GACTACAAAGCGGTGG-1_V13B23-285_D1,10
GACTACAATTGCTCGT-1_V13B23-285_D1,9
GACTCACCCACGTGAG-1_V13B23-285_D1,11
GACTCCCAGAATAAGG-1_V13B23-285_D1,16
GACTCGCGGGAATGAC-1_V13B23-285_D1,21
GACTGCAAATCGAGCT-1_V13B23-285_D1,19
GACTGCACCAGCCCAG-1_V13B23-285_D1,19
GACTGCGGCACGTGTA-1_V13B23-285_D1,17
GAGAAACTGGATCCCA-1_V13B23-285_D1,11
GAGAACGGTTCTGACT-1_V13B23-285_D1,11
GAGACTGATGGGTAGA-1_V13B23-285_D1,5
GAGACTTCGCGACCGA-1_V13B23-285_D1,10
GAGAGGCCTATGTGTA-1_V13B23-285_D1,11
GAGAGGGCGCGAGGTT-1_V13B23-285_D1,18
GAGAGGTGCATTCTGG-1_V13B23-285_D1,17
GAGATCTGCTTGGCAT-1_V13B23-285_D1,10
GAGATCTGTCACTCCG-1_V13B23-285_D1,20
GAGATCTTCCATGACA-1_V13B23-285_D1,19
GAGATGACAATCCTTA-1_V13B23-285_D1,16
GAGATGGGAGTCGACA-1_V13B23-285_D1,19
GAGCACCTGTGTCCAG-1_V13B23-285_D1,19
GAGCACGGCGCCTCTT-1_V13B23-285_D1,11
GAGCATCATCCCTGGG-1_V13B23-285_D1,5
GAGCCAGCTACCTGTG-1_V13B23-285_D1,11
GAGCCGAGCGTTTATT-1_V13B23-285_D1,12
GAGCGAGGGAGTACCG-1_V13B23-285_D1,14
GAGCGCAAATACTCCG-1_V13B23-285_D1,11
GAGCGCGCACGAGTAG-1_V13B23-285_D1,11
GAGCTAAGGGCATATC-1_V13B23-285_D1,1
GAGCTCTCGGACCTAA-1_V13B23-285_D1,5
GAGCTGTCGTCTCGGA-1_V13B23-285_D1,2
GAGGAATGGAGAGGTT-1_V13B23-285_D1,5
GAGGATAAACAGTGCT-1_V13B23-285_D1,11
GAGGCATTTGCAGCAG-1_V13B23-285_D1,15
GAGGCCCGACTCCGCA-1_V13B23-285_D1,10
GAGGCCTGTTGATACA-1_V13B23-285_D1,11
GAGGCTATCAAAGTCG-1_V13B23-285_D1,3
GAGGGCATCGCGTATC-1_V13B23-285_D1,5
GAGGGCCATAATATTA-1_V13B23-285_D1,15
GAGGGCGCAGCTCTGC-1_V13B23-285_D1,3
GAGGTACATCCATCTT-1_V13B23-285_D1,6
GAGGTCCCAAAGATCT-1_V13B23-285_D1,5
GAGTAAACCGGAAAGT-1_V13B23-285_D1,11
GAGTAAATTAAGAACC-1_V13B23-285_D1,11
GAGTAAGGCCACGGGA-1_V13B23-285_D1,18
GAGTACGGGTATACAA-1_V13B23-285_D1,12
GAGTAGATACTAGTTG-1_V13B23-285_D1,10
GAGTATCAAAGTTACA-1_V13B23-285_D1,11
GAGTATGCCCGCCTTG-1_V13B23-285_D1,10
GAGTATGCGCGTGCAT-1_V13B23-285_D1,19
GAGTCAGACCAGAATC-1_V13B23-285_D1,18
GAGTCCGCTTACCGGA-1_V13B23-285_D1,5
GAGTGCACGGACAACA-1_V13B23-285_D1,16
GAGTGTCAACCAGAAA-1_V13B23-285_D1,19
GAGTGTGCGGTACCCA-1_V13B23-285_D1,11
GAGTTGATGGCAATTT-1_V13B23-285_D1,13
GATAAATCGGTGGATG-1_V13B23-285_D1,5
GATAACTCGCACTGTG-1_V13B23-285_D1,11
GATAAGGCAGATGCAA-1_V13B23-285_D1,12
GATACCGTGTCGGAGT-1_V13B23-285_D1,11
GATACGATGGGAGTCA-1_V13B23-285_D1,16
GATAGGATTAATTACA-1_V13B23-285_D1,11
GATAGGTAACGTTGAC-1_V13B23-285_D1,5
GATAGGTGTCCCGGGC-1_V13B23-285_D1,11
GATATCTCATGCAATA-1_V13B23-285_D1,9
GATATGAGACACTAAC-1_V13B23-285_D1,11
GATATGCGGTAGCCAA-1_V13B23-285_D1,13
GATATGGATTACGCGG-1_V13B23-285_D1,7
GATATTGAGATTGGCG-1_V13B23-285_D1,16
GATATTTCCTACATGG-1_V13B23-285_D1,14
GATCATTCCAAACATT-1_V13B23-285_D1,5
GATCCCTTTATACTGC-1_V13B23-285_D1,7
GATCCGAATATAAGTG-1_V13B23-285_D1,13
GATCCGGGAATTAACA-1_V13B23-285_D1,19
GATCCTAAATCGGGAC-1_V13B23-285_D1,17
GATCCTCGACACTGGC-1_V13B23-285_D1,17
GATCCTCTTGCGCTTA-1_V13B23-285_D1,9
GATCGACACTATCTGA-1_V13B23-285_D1,5
GATCGCGGGCTCTCCA-1_V13B23-285_D1,5
GATCGCTACCCGATTT-1_V13B23-285_D1,11
GATCGGTGGCCATAAC-1_V13B23-285_D1,12
GATCGTGACTGATATC-1_V13B23-285_D1,19
GATCTCGACGCTGTGG-1_V13B23-285_D1,11
GATCTGCTATCTAAGG-1_V13B23-285_D1,10
GATCTTGGAGGGCATA-1_V13B23-285_D1,19
GATCTTTGCAGGGTAT-1_V13B23-285_D1,7
GATGACAAGTAGGGCA-1_V13B23-285_D1,4
GATGACGATGATCGCG-1_V13B23-285_D1,2
GATGCCAGCAGAAGGC-1_V13B23-285_D1,1
GATGCCTTCTGCGGCA-1_V13B23-285_D1,18
GATGCGTCCTGCATTC-1_V13B23-285_D1,5
GATGCTACAAGCGCCT-1_V13B23-285_D1,5
GATGCTGTATTTCATC-1_V13B23-285_D1,19
GATGGCGCACACATTA-1_V13B23-285_D1,5
GATGGTGCCCTAGGCA-1_V13B23-285_D1,9
GATGTAACGAACCACC-1_V13B23-285_D1,13
GATGTCGGTCAACTGC-1_V13B23-285_D1,9
GATGTTCAATCCACGA-1_V13B23-285_D1,18
GATGTTTGTGCGAGAT-1_V13B23-285_D1,5
GATTAACCGAAAGCCC-1_V13B23-285_D1,11
GATTACTGAATTTGGG-1_V13B23-285_D1,18
GATTCCCTTGTCGCAG-1_V13B23-285_D1,7
GATTCCGCGTTTCCGT-1_V13B23-285_D1,14
GATTCCTATACGGCGC-1_V13B23-285_D1,10
GATTCGACGGTTCACG-1_V13B23-285_D1,19
GCAAACCCTACATTAT-1_V13B23-285_D1,19
GCAAACCTTGGCCATA-1_V13B23-285_D1,19
GCAAACGTCGCCAGGT-1_V13B23-285_D1,11
GCAAATATTACGCTTT-1_V13B23-285_D1,7
GCAACACACTAGAACT-1_V13B23-285_D1,10
GCAACAGCAGTATGCG-1_V13B23-285_D1,11
GCAACCACCAGACCGG-1_V13B23-285_D1,14
GCAACCACGGCCGCGT-1_V13B23-285_D1,10
GCAACGGCTAGTTATG-1_V13B23-285_D1,11
GCAAGAATTCCTTGGC-1_V13B23-285_D1,10
GCAAGATGTGTTCGCG-1_V13B23-285_D1,9
GCAAGTGCACAGAGAA-1_V13B23-285_D1,5
GCAATTAGTCGCACCG-1_V13B23-285_D1,3
GCACAAACGAGGCGTG-1_V13B23-285_D1,11
GCACAAGTGTCGGAAG-1_V13B23-285_D1,9
GCACACACTGGTAGCC-1_V13B23-285_D1,11
GCACCTTCCCGAAGGT-1_V13B23-285_D1,11
GCACGCCTACTTAGAT-1_V13B23-285_D1,10
GCACGTGGTTTACTTA-1_V13B23-285_D1,11
GCACTAGTCGCGCTAT-1_V13B23-285_D1,14
GCACTGTGCAAATGTA-1_V13B23-285_D1,9
GCAGAAGGTAATCTCC-1_V13B23-285_D1,11
GCAGACCCAGCACGTA-1_V13B23-285_D1,11
GCAGATCCATAAGACT-1_V13B23-285_D1,11
GCAGATTAGGGATATC-1_V13B23-285_D1,5
GCAGCACACAGCCCAG-1_V13B23-285_D1,10
GCAGCCTATATCACAT-1_V13B23-285_D1,1
GCAGCTATGGACAGGT-1_V13B23-285_D1,2
GCAGGAACTTAGATCT-1_V13B23-285_D1,13
GCAGGACTATAGAATA-1_V13B23-285_D1,10
GCAGGTAGAGTATGGT-1_V13B23-285_D1,3
GCAGTGCGGGCGGATG-1_V13B23-285_D1,11
GCAGTGTGGCTATAGG-1_V13B23-285_D1,19
GCAGTTCGATCCGAGC-1_V13B23-285_D1,11
GCATACGAGGTCTTTA-1_V13B23-285_D1,3
GCATAGAGCACTCAGG-1_V13B23-285_D1,5
GCATCCCTAACTTTGA-1_V13B23-285_D1,5
GCATCGGCCGTGTAGG-1_V13B23-285_D1,11
GCATGAGGGACGCGGC-1_V13B23-285_D1,13
GCATTCAAGGCAACGC-1_V13B23-285_D1,3
GCATTCGAAATGAACA-1_V13B23-285_D1,7
GCATTGTAATTCATAT-1_V13B23-285_D1,3
GCATTTCCAAGGCTCC-1_V13B23-285_D1,13
GCCAACCATTTCCGGA-1_V13B23-285_D1,2
GCCAATAGGGCATCTC-1_V13B23-285_D1,21
GCCACAATTTAAGGAC-1_V13B23-285_D1,10
GCCACTCAGAGCGCGA-1_V13B23-285_D1,11
GCCACTCCTTACGGTA-1_V13B23-285_D1,11
GCCAGGAGTAACCGAT-1_V13B23-285_D1,3
GCCAGGCGTTCGCATG-1_V13B23-285_D1,9
GCCATATTGCACACAG-1_V13B23-285_D1,7
GCCATCGAGCTGCGTG-1_V13B23-285_D1,10
GCCATCGATGCTGCAT-1_V13B23-285_D1,3
GCCCACCAAGGCTGTC-1_V13B23-285_D1,5
GCCCAGATGCTGGAGA-1_V13B23-285_D1,13
GCCCAGTTGGTATGCC-1_V13B23-285_D1,18
GCCCGACTTCTTCCCG-1_V13B23-285_D1,10
GCCCGATCTGTGGTCG-1_V13B23-285_D1,19
GCCCGCGCGTAAACGG-1_V13B23-285_D1,10
GCCCGCGCGTTTGACA-1_V13B23-285_D1,5
GCCCGTAATACCTTCT-1_V13B23-285_D1,17
GCCCTAGCCGTCGCGA-1_V13B23-285_D1,16
GCCGAAATTCCTACGT-1_V13B23-285_D1,10
GCCGATTGGCCAAGCT-1_V13B23-285_D1,5
GCCGCACTCCGTTTCA-1_V13B23-285_D1,11
GCCGCATTAGTCCGGC-1_V13B23-285_D1,3
GCCGCTTGTGAGAAAC-1_V13B23-285_D1,16
GCCGGGTTAGGGTCGC-1_V13B23-285_D1,5
GCCGTGGAAGAAATGT-1_V13B23-285_D1,11
GCCTAGCGATCTGACC-1_V13B23-285_D1,5
GCCTATAGTGTCAGGG-1_V13B23-285_D1,18
GCCTATCAGGTAAGAT-1_V13B23-285_D1,11
GCCTATGCTGGGCCTT-1_V13B23-285_D1,2
GCCTATTCCGATATAG-1_V13B23-285_D1,5
GCCTCATCTGGAAATA-1_V13B23-285_D1,11
GCCTCCGACAATTCAC-1_V13B23-285_D1,11
GCCTCTATACATAGCA-1_V13B23-285_D1,19
GCCTTCAGCCCTACCG-1_V13B23-285_D1,5
GCCTTGTATATGCAGT-1_V13B23-285_D1,17
GCGAAACGATCGGGAG-1_V13B23-285_D1,11
GCGAAACTTAACTGGA-1_V13B23-285_D1,19
GCGAAGCCATACCCGT-1_V13B23-285_D1,5
GCGACATGTAAACATC-1_V13B23-285_D1,2
GCGACCCAACCATCTG-1_V13B23-285_D1,10
GCGACGATAGTTGTAC-1_V13B23-285_D1,5
GCGAGAGGCCATGTAA-1_V13B23-285_D1,2
GCGAGAGTTGCGTCCA-1_V13B23-285_D1,13
GCGAGCGCATGCTCCC-1_V13B23-285_D1,3
GCGAGGCCCGAGCAGA-1_V13B23-285_D1,5
GCGAGTTCTGCAAAGA-1_V13B23-285_D1,5
GCGATTCTGGAAGCAG-1_V13B23-285_D1,6
GCGATTGTTAACGTTA-1_V13B23-285_D1,19
GCGCAAATATATTCAA-1_V13B23-285_D1,10
GCGCAAGAGCGCGCTG-1_V13B23-285_D1,11
GCGCATCCAGTCAGCA-1_V13B23-285_D1,16
GCGCCGTTCCACGATA-1_V13B23-285_D1,5
GCGCCTCCCACTCCGA-1_V13B23-285_D1,11
GCGCGTCATTGGTACA-1_V13B23-285_D1,19
GCGCTAATTGAATAGA-1_V13B23-285_D1,4
GCGCTATGCCGAGGCA-1_V13B23-285_D1,18
GCGCTCGATCACCTGT-1_V13B23-285_D1,11
GCGCTGATCCAGACTC-1_V13B23-285_D1,14
GCGCTGCTTTGCATTT-1_V13B23-285_D1,17
GCGCTTAAATAATTGG-1_V13B23-285_D1,19
GCGGACCGCGTTGTGG-1_V13B23-285_D1,16
GCGGAGAAACTTCGCA-1_V13B23-285_D1,12
GCGGAGAGGGAGAACG-1_V13B23-285_D1,19
GCGGCAAAGTATTGCC-1_V13B23-285_D1,10
GCGGCTCTGACGTACC-1_V13B23-285_D1,1
GCGGGAACCAGGCCCT-1_V13B23-285_D1,5
GCGGGCATTACGATGC-1_V13B23-285_D1,3
GCGGGCGAGCCTTACC-1_V13B23-285_D1,10
GCGGTCCCGGTGAAGG-1_V13B23-285_D1,15
GCGGTCCCTAGACGCA-1_V13B23-285_D1,9
GCGGTGAACTGCGCTC-1_V13B23-285_D1,20
GCGGTTCCCTATCATG-1_V13B23-285_D1,10
GCGTAAATGGCCATAA-1_V13B23-285_D1,7
GCGTCGAAATGTCGGT-1_V13B23-285_D1,14
GCGTCGCCAGGGTGAT-1_V13B23-285_D1,19
GCGTCTAACCTCCTAA-1_V13B23-285_D1,1
GCGTCTCTGCATTGGG-1_V13B23-285_D1,12
GCGTGGTACTGGGTTA-1_V13B23-285_D1,17
GCGTTCGGAGACCGGG-1_V13B23-285_D1,3
GCGTTCTGACTAAGCG-1_V13B23-285_D1,11
GCTAAACCTGAGGTGA-1_V13B23-285_D1,5
GCTAACTGAAGTCTGA-1_V13B23-285_D1,19
GCTAAGTAGTTTCTCT-1_V13B23-285_D1,17
GCTAATACCGAATGCC-1_V13B23-285_D1,5
GCTACAATCGAGGATA-1_V13B23-285_D1,11
GCTACAGTACGGACCG-1_V13B23-285_D1,3
GCTACGACTTATTGGG-1_V13B23-285_D1,19
GCTACTATAGTAGAGT-1_V13B23-285_D1,11
GCTAGACCGTCTACTG-1_V13B23-285_D1,11
GCTAGAGTAGAGATGT-1_V13B23-285_D1,11
GCTAGCACCTGGGCCA-1_V13B23-285_D1,11
GCTAGCAGGGAGTGGG-1_V13B23-285_D1,3
GCTAGCTTGAATAGCT-1_V13B23-285_D1,10
GCTAGGCACCACGGAG-1_V13B23-285_D1,11
GCTAGTAGAGCTTGTA-1_V13B23-285_D1,5
GCTAGTTTCATTGAGG-1_V13B23-285_D1,5
GCTATACGTCTCGGAC-1_V13B23-285_D1,11
GCTATCATACTCATGG-1_V13B23-285_D1,19
GCTATCGCGGCGCAAC-1_V13B23-285_D1,5
GCTCAATCCGTTTATT-1_V13B23-285_D1,10
GCTCAATGTAATACCG-1_V13B23-285_D1,7
GCTCATTACTGCATGT-1_V13B23-285_D1,14
GCTCCATGAGTGCAGA-1_V13B23-285_D1,11
GCTCCCAGTCGGTCCA-1_V13B23-285_D1,11
GCTCCGCTCGCTTCAG-1_V13B23-285_D1,11
GCTCCTGACATACTGG-1_V13B23-285_D1,10
GCTCGCTCATGTCCAA-1_V13B23-285_D1,11
GCTCGGAATTTAAAGC-1_V13B23-285_D1,14
GCTCTAAACCCTGACG-1_V13B23-285_D1,5
GCTCTATGTTACGTGC-1_V13B23-285_D1,6
GCTCTCGGGTACCGAA-1_V13B23-285_D1,5
GCTGAACTCTCCAGGG-1_V13B23-285_D1,11
GCTGAATCTTCCAATC-1_V13B23-285_D1,18
GCTGAGGCGTGAGTAT-1_V13B23-285_D1,5
GCTGCACGGTTTCTTA-1_V13B23-285_D1,19
GCTGCTAAGTAGTCGA-1_V13B23-285_D1,10
GCTGCTACTGCGTAGC-1_V13B23-285_D1,19
GCTGCTCTCCGGACAC-1_V13B23-285_D1,5
GCTGGACCCAAAGTGG-1_V13B23-285_D1,12
GCTGGCATATTCACCT-1_V13B23-285_D1,5
GCTGGCGGCGCATGCT-1_V13B23-285_D1,19
GCTGGTTTAGGCCATA-1_V13B23-285_D1,17
GCTGTATTACTGGCCC-1_V13B23-285_D1,10
GCTGTTGCTACCGAAC-1_V13B23-285_D1,11
GCTTAATGTAACTAAC-1_V13B23-285_D1,11
GCTTACGTAGTTAGTA-1_V13B23-285_D1,1
GCTTATGAAGCAGGAA-1_V13B23-285_D1,1
GCTTCCGTCCCTAGAC-1_V13B23-285_D1,1
GCTTGATGATAATCAG-1_V13B23-285_D1,5
GCTTGCAGCACAATTG-1_V13B23-285_D1,2
GCTTGGATCGATTAGG-1_V13B23-285_D1,3
GCTTTCAGAGGAGGTG-1_V13B23-285_D1,1
GGAAACCTTGTTGAAT-1_V13B23-285_D1,21
GGAAACTAAATGGGCC-1_V13B23-285_D1,11
GGAAAGTGCCCATGCC-1_V13B23-285_D1,4
GGAACCGTGTAAATTG-1_V13B23-285_D1,10
GGAACCTTGACTCTGC-1_V13B23-285_D1,17
GGAACGGCCTGCAGCC-1_V13B23-285_D1,13
GGAACTTTGGCGATTA-1_V13B23-285_D1,11
GGAAGCTCGCTTACAG-1_V13B23-285_D1,9
GGAATGCGCTAGCGTG-1_V13B23-285_D1,3
GGACACAAGTTTACAC-1_V13B23-285_D1,11
GGACCAACAGGATAAC-1_V13B23-285_D1,19
GGACCTACGGTAACGT-1_V13B23-285_D1,3
GGACCTCTAGGCCGCC-1_V13B23-285_D1,10
GGACGGGCGACCAACC-1_V13B23-285_D1,11
GGACGTCCATAGTTGG-1_V13B23-285_D1,2
GGACTCACAAATTAGG-1_V13B23-285_D1,11
GGACTCGAAGCTTTCA-1_V13B23-285_D1,11
GGACTCTTCCGGTTGA-1_V13B23-285_D1,11
GGAGAAGTCATTGGCA-1_V13B23-285_D1,5
GGAGACCAATGTGCTT-1_V13B23-285_D1,2
GGAGACGACACCTTTG-1_V13B23-285_D1,19
GGAGCAACATTTCAAG-1_V13B23-285_D1,11
GGAGCACCAAGAACTA-1_V13B23-285_D1,3
GGAGGCCGAAGTCGTC-1_V13B23-285_D1,11
GGAGGGCTTGGTTGGC-1_V13B23-285_D1,3
GGAGGGTCAAGTAAGA-1_V13B23-285_D1,11
GGAGTGCCGCCCTGGA-1_V13B23-285_D1,20
GGATCATCCCGTACGC-1_V13B23-285_D1,3
GGATCCGGAATATACT-1_V13B23-285_D1,17
GGATCTTGACTCAACC-1_V13B23-285_D1,21
GGATGAAGATCGCTGA-1_V13B23-285_D1,11
GGATGACGCGAGTTTA-1_V13B23-285_D1,10
GGATGCTGGCGTTCCT-1_V13B23-285_D1,1
GGATGTCCTTACCGCA-1_V13B23-285_D1,1
GGATTCAGTACGGTGG-1_V13B23-285_D1,5
GGATTCCGCTATACCC-1_V13B23-285_D1,14
GGATTGCTGTGACTCC-1_V13B23-285_D1,19
GGATTTCACTTCTATA-1_V13B23-285_D1,3
GGCAAAGGCGCCAATA-1_V13B23-285_D1,10
GGCAAATTACTTTACT-1_V13B23-285_D1,5
GGCAAGCCAGGGATAG-1_V13B23-285_D1,15
GGCAAGGCGAAATAGC-1_V13B23-285_D1,19
GGCAATAGTCAATGAG-1_V13B23-285_D1,10
GGCACTCAGCCGACCC-1_V13B23-285_D1,11
GGCACTCCACTGGGCA-1_V13B23-285_D1,10
GGCAGCAAACCTATGC-1_V13B23-285_D1,11
GGCAGCGGTAATCCTA-1_V13B23-285_D1,3
GGCATACAGGTAGCGG-1_V13B23-285_D1,21
GGCATATCGGTTCTGC-1_V13B23-285_D1,14
GGCCCGGAGCATGTCT-1_V13B23-285_D1,4
GGCCCGTATACCATGC-1_V13B23-285_D1,21
GGCCCTCACCCACTTA-1_V13B23-285_D1,18
GGCCGGCGTCTGCTAT-1_V13B23-285_D1,19
GGCCGTTTGGGTTTCA-1_V13B23-285_D1,16
GGCCTGCTTCTCCCGA-1_V13B23-285_D1,11
GGCGAAATCTAACTTG-1_V13B23-285_D1,11
GGCGCAGGACATCTTC-1_V13B23-285_D1,14
GGCGCATGAATTGATG-1_V13B23-285_D1,5
GGCGCGGAGATCTTTC-1_V13B23-285_D1,19
GGCGCGTTCGAGTTTA-1_V13B23-285_D1,5
GGCGCTCCTCATCAAT-1_V13B23-285_D1,5
GGCGGAGTAATATTAG-1_V13B23-285_D1,5
GGCGGGCTCTAAGAGT-1_V13B23-285_D1,11
GGCGGTAGGATCATTG-1_V13B23-285_D1,7
GGCGTAGGGAAAGCTG-1_V13B23-285_D1,19
GGCGTCCTATCCGCTG-1_V13B23-285_D1,5
GGCTAAAGGGCGGGTC-1_V13B23-285_D1,3
GGCTATTAAGTTGTAT-1_V13B23-285_D1,10
GGCTCCTCCACCTGTT-1_V13B23-285_D1,18
GGCTCGCGTTGAGGTA-1_V13B23-285_D1,1
GGCTCGTGCCACCAGC-1_V13B23-285_D1,5
GGCTCTGCTCCAACGC-1_V13B23-285_D1,1
GGCTGAAATAGCAAAG-1_V13B23-285_D1,19
GGCTGGCTAGCTTAAA-1_V13B23-285_D1,5
GGCTTTCAATAAGGGT-1_V13B23-285_D1,21
GGGAAGACGGTCTGTC-1_V13B23-285_D1,19
GGGAAGGGCTTTCTCA-1_V13B23-285_D1,11
GGGAATGAGCCCTCAC-1_V13B23-285_D1,2
GGGACAGAGTTACTCC-1_V13B23-285_D1,17
GGGACCCGTATATCTT-1_V13B23-285_D1,10
GGGACTGCATAGATAG-1_V13B23-285_D1,5
GGGAGAACTCACAGTA-1_V13B23-285_D1,17
GGGAGGATGCCCGAAA-1_V13B23-285_D1,5
GGGAGTTAATGAGGCG-1_V13B23-285_D1,7
GGGATCCCAATACAAA-1_V13B23-285_D1,15
GGGATGGTCGTAACCG-1_V13B23-285_D1,10
GGGATTTACCGCACCT-1_V13B23-285_D1,11
GGGCAACCGCACGTGC-1_V13B23-285_D1,13
GGGCAGAGCAATCGTT-1_V13B23-285_D1,21
GGGCCCGTCTTAAACA-1_V13B23-285_D1,5
GGGCCCTACGAAAGGG-1_V13B23-285_D1,3
GGGCCGGCCGAAGTAC-1_V13B23-285_D1,7
GGGCGATATGTGTGAA-1_V13B23-285_D1,12
GGGCGCAGCGTTACTC-1_V13B23-285_D1,16
GGGCGGCAAATGAATT-1_V13B23-285_D1,10
GGGCGGGTTCCCTACG-1_V13B23-285_D1,7
GGGCGGTCCTATTGTC-1_V13B23-285_D1,5
GGGCGTACATTTATAT-1_V13B23-285_D1,5
GGGCGTCACCACGTAA-1_V13B23-285_D1,7
GGGCGTCCACTGGCTC-1_V13B23-285_D1,6
GGGCGTGGTTTCCCAG-1_V13B23-285_D1,19
GGGCTATGATCGATGG-1_V13B23-285_D1,10
GGGCTCATCGAACCCA-1_V13B23-285_D1,17
GGGCTGGTTAGTCGCG-1_V13B23-285_D1,5
GGGTAATGCTGTGTTT-1_V13B23-285_D1,14
GGGTACCCACGGTCCT-1_V13B23-285_D1,5
GGGTACTTCATGAACT-1_V13B23-285_D1,4
GGGTATGTATGCACTT-1_V13B23-285_D1,5
GGGTATTCTAGCAAAC-1_V13B23-285_D1,17
GGGTCACCGTGACGGT-1_V13B23-285_D1,5
GGGTCGTGGCAAGTGT-1_V13B23-285_D1,2
GGGTCTATCGCTTTCC-1_V13B23-285_D1,11
GGGTGACACCTTAACT-1_V13B23-285_D1,5
GGGTGCATATGAAAGC-1_V13B23-285_D1,3
GGGTGTTTCAGCTATG-1_V13B23-285_D1,14
GGGTTAACATTTGAGT-1_V13B23-285_D1,10
GGGTTCAGACGAACAA-1_V13B23-285_D1,12
GGGTTTAGGATAGGAT-1_V13B23-285_D1,11
GGTAAACTCTGCGCTG-1_V13B23-285_D1,11
GGTAAATGTGCGTTAC-1_V13B23-285_D1,9
GGTAACCGGGAGGATA-1_V13B23-285_D1,10
GGTAACTATGTATCTG-1_V13B23-285_D1,4
GGTACAAACATGCTAT-1_V13B23-285_D1,5
GGTACACCAGATTTAT-1_V13B23-285_D1,3
GGTACATCTGGGACGA-1_V13B23-285_D1,3
GGTACCATTAAGACGG-1_V13B23-285_D1,17
GGTACGTTGCGGCCGG-1_V13B23-285_D1,11
GGTACTAAGTGCTTTG-1_V13B23-285_D1,11
GGTAGAAGACCGCCTG-1_V13B23-285_D1,19
GGTAGACCGTTGGGCG-1_V13B23-285_D1,12
GGTAGTGCTCGCACCA-1_V13B23-285_D1,2
GGTATAGTGACACATA-1_V13B23-285_D1,21
GGTATTGCCGAGTTTA-1_V13B23-285_D1,5
GGTCAAGACTACTTCG-1_V13B23-285_D1,11
GGTCAGTGGGTCCCAC-1_V13B23-285_D1,5
GGTCGGATAAACGGCG-1_V13B23-285_D1,12
GGTCGGCCAGGAGCTT-1_V13B23-285_D1,3
GGTCGGTAATTAGACA-1_V13B23-285_D1,5
GGTCGGTCGTCCACAG-1_V13B23-285_D1,10
GGTCGTAAGCTCGCAC-1_V13B23-285_D1,10
GGTCTCCAAGTAGTGC-1_V13B23-285_D1,11
GGTCTCCGTCCAGGTT-1_V13B23-285_D1,11
GGTCTCTGAATGGACT-1_V13B23-285_D1,10
GGTCTGAGAATCTGGA-1_V13B23-285_D1,3
GGTGAAGTACAGGGAT-1_V13B23-285_D1,3
GGTGACTGATAGAGAG-1_V13B23-285_D1,11
GGTGAGATGCAGATAA-1_V13B23-285_D1,5
GGTGATAAGGAGCAGT-1_V13B23-285_D1,19
GGTGCAGAGCCTATCG-1_V13B23-285_D1,12
GGTGCGGATAAGTGGC-1_V13B23-285_D1,20
GGTGCTGATCACAAAG-1_V13B23-285_D1,7
GGTGCTGGTACACATT-1_V13B23-285_D1,16
GGTGGACTGCTCTGGC-1_V13B23-285_D1,11
GGTGGAGGTTGATACG-1_V13B23-285_D1,11
GGTGTTGGGCGTCTTA-1_V13B23-285_D1,11
GGTTACCACCCTCGGG-1_V13B23-285_D1,16
GGTTACCCGACACTTT-1_V13B23-285_D1,1
GGTTAGCTATATGTCT-1_V13B23-285_D1,11
GGTTAGGCTTGGAGAA-1_V13B23-285_D1,5
GGTTAGTTACGGCGCC-1_V13B23-285_D1,7
GGTTCTACTCGTCTGA-1_V13B23-285_D1,11
GGTTTAATTGAGCAGG-1_V13B23-285_D1,3
GGTTTACAATCTCAAT-1_V13B23-285_D1,11
GGTTTAGCCTTTCTTG-1_V13B23-285_D1,11
GGTTTCAATCGGTCAG-1_V13B23-285_D1,2
GGTTTGACAAGAAGCT-1_V13B23-285_D1,2
GGTTTGAGTGCTGGAA-1_V13B23-285_D1,9
GGTTTGCGAACACGTA-1_V13B23-285_D1,15
GGTTTGTGACCTGAGG-1_V13B23-285_D1,11
GTAACATCTAAGATAA-1_V13B23-285_D1,11
GTAACTTGCGGCAGTC-1_V13B23-285_D1,9
GTAAGCGGGCAGTCAG-1_V13B23-285_D1,5
GTAAGGATTTGTCGGA-1_V13B23-285_D1,9
GTAAGTAACAGTCTGG-1_V13B23-285_D1,11
GTAAGTAGGGTATACC-1_V13B23-285_D1,5
GTAAGTCCACACTCTA-1_V13B23-285_D1,11
GTAATAAAGGGCTCCC-1_V13B23-285_D1,13
GTAATCTGATTCTTCG-1_V13B23-285_D1,10
GTACACTTACCTGAAG-1_V13B23-285_D1,8
GTACAGAGGCAAGGGT-1_V13B23-285_D1,11
GTACGACGGCGCTGCG-1_V13B23-285_D1,5
GTACGAGATTGCGACA-1_V13B23-285_D1,17
GTACGCTTCATTGCAC-1_V13B23-285_D1,19
GTACGTCACGTATTAA-1_V13B23-285_D1,9
GTACGTTTGCCCGTCA-1_V13B23-285_D1,19
GTACTAAGATTTGGAG-1_V13B23-285_D1,5
GTACTCCTGGGTATGC-1_V13B23-285_D1,21
GTACTGAGGTCGTAAC-1_V13B23-285_D1,9
GTACTGCATGAAGCGT-1_V13B23-285_D1,4
GTACTGGAGTTAGACC-1_V13B23-285_D1,21
GTACTTGGGCACTTCT-1_V13B23-285_D1,5
GTAGAAACGGGTGGAG-1_V13B23-285_D1,16
GTAGACACGCCTGACT-1_V13B23-285_D1,19
GTAGACGTCGTTACAT-1_V13B23-285_D1,5
GTAGAGGGAGACAAGT-1_V13B23-285_D1,1
GTAGCCAAACATGGGA-1_V13B23-285_D1,19
GTAGCGGCTATACACT-1_V13B23-285_D1,19
GTAGCTTCCTCTTGTT-1_V13B23-285_D1,3
GTAGGTGATCCGTGTA-1_V13B23-285_D1,6
GTAGTCGCGGGAATCA-1_V13B23-285_D1,19
GTAGTCTACGATATTG-1_V13B23-285_D1,19
GTATAGGACTCAGTAG-1_V13B23-285_D1,14
GTATATGTTACGGCGG-1_V13B23-285_D1,7
GTATCAAACGTTAGCT-1_V13B23-285_D1,11
GTATCAGCTTGGGTTC-1_V13B23-285_D1,5
GTATCCTTTGGTAACC-1_V13B23-285_D1,11
GTATCTCAGTCTTGAC-1_V13B23-285_D1,17
GTATCTTTCATAACCA-1_V13B23-285_D1,12
GTATGAAATTTCACTC-1_V13B23-285_D1,4
GTATGTGGGTCTAGTT-1_V13B23-285_D1,11
GTATTAAGGCGTCTAA-1_V13B23-285_D1,5
GTATTCTGAGAAACGA-1_V13B23-285_D1,10
GTATTCTTACCGTGCT-1_V13B23-285_D1,14
GTATTTAATGGCATAA-1_V13B23-285_D1,11
GTCAAAGAAGTGGTGT-1_V13B23-285_D1,16
GTCAAAGTTTACATAG-1_V13B23-285_D1,5
GTCAACCAGGCCTATA-1_V13B23-285_D1,11
GTCAAGCGGACTCGGG-1_V13B23-285_D1,19
GTCAATGCTATAATTT-1_V13B23-285_D1,2
GTCACAAAGTTTCCAA-1_V13B23-285_D1,9
GTCACTCTCCAAATCT-1_V13B23-285_D1,5
GTCAGAATAGTCTATG-1_V13B23-285_D1,5
GTCAGTTGTGCTCGTT-1_V13B23-285_D1,9
GTCATGCACCTCCGTT-1_V13B23-285_D1,7
GTCATGCGCGAGGGCT-1_V13B23-285_D1,11
GTCATGGACATGACTA-1_V13B23-285_D1,2
GTCATTAGAGCGAACG-1_V13B23-285_D1,8
GTCATTGCATTGACCC-1_V13B23-285_D1,5
GTCCACGTCGCATTCG-1_V13B23-285_D1,11
GTCCATTACTGCTACG-1_V13B23-285_D1,11
GTCCCAACGTAAAGTA-1_V13B23-285_D1,2
GTCCCGCGACGTTATG-1_V13B23-285_D1,19
GTCCGGACCTGAAATT-1_V13B23-285_D1,11
GTCCGGCTGAATTGCG-1_V13B23-285_D1,5
GTCCTACAGGCGGCTC-1_V13B23-285_D1,18
GTCCTACGAATAGTCT-1_V13B23-285_D1,11
GTCCTTCTAGTGGGTT-1_V13B23-285_D1,9
GTCGATAGGTGACTTT-1_V13B23-285_D1,11
GTCGCCGTTGTGTGTT-1_V13B23-285_D1,17
GTCGCGTAACCCGTTG-1_V13B23-285_D1,19
GTCGGAAGGATACCAG-1_V13B23-285_D1,2
GTCGGATATCTCAGAC-1_V13B23-285_D1,10
GTCGGATGTAGCGCGC-1_V13B23-285_D1,14
GTCGGGAAGCAGAAAC-1_V13B23-285_D1,19
GTCGTACCATCTCGGG-1_V13B23-285_D1,5
GTCGTATTGGCGTACA-1_V13B23-285_D1,3
GTCGTCAATTATAAGG-1_V13B23-285_D1,9
GTCGTCTGGTTGGCTA-1_V13B23-285_D1,3
GTCGTGTCTGGTCATC-1_V13B23-285_D1,3
GTCGTTATTCGCTTAT-1_V13B23-285_D1,19
GTCTAGTGAGCCGCTT-1_V13B23-285_D1,11
GTCTATCTGAGTTTCT-1_V13B23-285_D1,10
GTCTATTGCATGCTCG-1_V13B23-285_D1,11
GTCTATTGGTTCCGGT-1_V13B23-285_D1,11
GTCTCAAGGCCCGGCT-1_V13B23-285_D1,19
GTCTCGACTAAGTTTG-1_V13B23-285_D1,2
GTCTCGATCTGCTTTC-1_V13B23-285_D1,14
GTCTGGGCGGTCGAGA-1_V13B23-285_D1,10
GTCTTAGTACAGCCGG-1_V13B23-285_D1,6
GTCTTGAGGAGCAGTG-1_V13B23-285_D1,10
GTCTTGTAGCTATTCA-1_V13B23-285_D1,11
GTGAAACGGCGCCACC-1_V13B23-285_D1,3
GTGAACTCCCATTCGA-1_V13B23-285_D1,17
GTGAAGATTTCAAGTG-1_V13B23-285_D1,3
GTGAAGCCGTATAGTC-1_V13B23-285_D1,3
GTGACAGCTTCCCACT-1_V13B23-285_D1,19
GTGACCGCACACTACG-1_V13B23-285_D1,11
GTGACCTAAAGAATAA-1_V13B23-285_D1,16
GTGACGAGGGTGACCC-1_V13B23-285_D1,13
GTGACTTCAGTAGTGC-1_V13B23-285_D1,5
GTGAGCGTGCTGCACT-1_V13B23-285_D1,16
GTGAGGACACTTAAGG-1_V13B23-285_D1,19
GTGAGGAGCGGTTGAG-1_V13B23-285_D1,14
GTGAGTGGTACAACGC-1_V13B23-285_D1,10
GTGATCACTAACGCCT-1_V13B23-285_D1,11
GTGATCATAGATCTGC-1_V13B23-285_D1,5
GTGATCCTTGTCATGA-1_V13B23-285_D1,19
GTGATGCACAACATCT-1_V13B23-285_D1,3
GTGATTCGCCGCTCAA-1_V13B23-285_D1,10
GTGCAACAAATGTGGC-1_V13B23-285_D1,14
GTGCACGAAAGTGACT-1_V13B23-285_D1,14
GTGCAGCGTAGAGTAG-1_V13B23-285_D1,11
GTGCCATCACACGGTG-1_V13B23-285_D1,7
GTGCCCGTTCGGATTC-1_V13B23-285_D1,11
GTGCCGCTTCAAAGGT-1_V13B23-285_D1,1
GTGCCTCAGTGTACGG-1_V13B23-285_D1,3
GTGCGAAATCGAACAC-1_V13B23-285_D1,7
GTGCGACAGGGAGTGT-1_V13B23-285_D1,16
GTGCGGGTCTCCAAAT-1_V13B23-285_D1,5
GTGCGTGTATATGAGC-1_V13B23-285_D1,11
GTGCTCAAGTACTGTC-1_V13B23-285_D1,5
GTGCTTACATCAGCGC-1_V13B23-285_D1,11
GTGGAACCTACATGCG-1_V13B23-285_D1,14
GTGGACCAACCCGATT-1_V13B23-285_D1,10
GTGGACGCATTTGTCC-1_V13B23-285_D1,19
GTGGACGTGCTGAGAC-1_V13B23-285_D1,5
GTGGAGCATGTCGGCC-1_V13B23-285_D1,13
GTGGAGCGTTTACCGA-1_V13B23-285_D1,18
GTGGAGTCGGCGGTTG-1_V13B23-285_D1,10
GTGGCAAACAGCGGCA-1_V13B23-285_D1,10
GTGGCGGTCCCAGCGT-1_V13B23-285_D1,3
GTGGGCTTAGACACAC-1_V13B23-285_D1,5
GTGGTATAGTCTGCCG-1_V13B23-285_D1,1
GTGGTGATGGTTTGTG-1_V13B23-285_D1,11
GTGGTGGCCAAGTGAA-1_V13B23-285_D1,19
GTGGTTACTTCTTTCG-1_V13B23-285_D1,16
GTGGTTTCCGCCTTTC-1_V13B23-285_D1,18
GTGTACCTTGGCTACG-1_V13B23-285_D1,14
GTGTACGAACCGTTCC-1_V13B23-285_D1,11
GTGTATATCAGCGGGC-1_V13B23-285_D1,19
GTGTCGTATAGCGTTC-1_V13B23-285_D1,19
GTGTGAATAACTTAGG-1_V13B23-285_D1,3
GTGTTACTATGCGTCC-1_V13B23-285_D1,19
GTTAAAGTAGGACTGG-1_V13B23-285_D1,19
GTTAACATCACTTAAA-1_V13B23-285_D1,19
GTTAACTATGTTGTCA-1_V13B23-285_D1,11
GTTAAGGGTGCGATGT-1_V13B23-285_D1,19
GTTAAGTTAGAGTGGG-1_V13B23-285_D1,13
GTTACAATTGGTGACG-1_V13B23-285_D1,5
GTTACCTACAACTTGC-1_V13B23-285_D1,19
GTTACTTTGGGCCTAG-1_V13B23-285_D1,5
GTTAGCCGTAAATCAA-1_V13B23-285_D1,3
GTTAGGCTACCCGTTT-1_V13B23-285_D1,13
GTTATAATACGGTGAA-1_V13B23-285_D1,11
GTTATATCAGGAGCCA-1_V13B23-285_D1,2
GTTATATTATCTCCCT-1_V13B23-285_D1,5
GTTATTAACGTGGGAG-1_V13B23-285_D1,3
GTTCACAGGAGTCTAG-1_V13B23-285_D1,10
GTTCATCGTTTGGCTG-1_V13B23-285_D1,16
GTTCCAGTCTGACCAT-1_V13B23-285_D1,14
GTTCCCGTAAACATAT-1_V13B23-285_D1,11
GTTCGCCATAAGTGCC-1_V13B23-285_D1,5
GTTCGCTGAGACGTCT-1_V13B23-285_D1,11
GTTCGGAGCACTCAAC-1_V13B23-285_D1,11
GTTCGGATCGGGAACA-1_V13B23-285_D1,11
GTTCGGGCGTACCATT-1_V13B23-285_D1,3
GTTCGTCTAAAGAACT-1_V13B23-285_D1,11
GTTCGTCTGGGTCCCT-1_V13B23-285_D1,1
GTTCTTCCCTCGATGT-1_V13B23-285_D1,7
GTTGAACCGGTTCCAT-1_V13B23-285_D1,16
GTTGAGTCCCGCCGGT-1_V13B23-285_D1,19
GTTGCACGGAGTTTCG-1_V13B23-285_D1,5
GTTGCAGTCGACAACA-1_V13B23-285_D1,11
GTTGCGCTAACATTAC-1_V13B23-285_D1,11
GTTGCGGACGGTCAGG-1_V13B23-285_D1,11
GTTGGACCGCATCAGG-1_V13B23-285_D1,2
GTTGGATTCAGTGGCT-1_V13B23-285_D1,3
GTTGGATTGAGAACAC-1_V13B23-285_D1,3
GTTGGATTTGCGTTGG-1_V13B23-285_D1,5
GTTGGTCATGCTATCC-1_V13B23-285_D1,19
GTTGTCGTGTTAGTTG-1_V13B23-285_D1,14
GTTGTTGCAAGATGGC-1_V13B23-285_D1,17
GTTTACGTTCCATCTG-1_V13B23-285_D1,19
GTTTCAAACGAGTTGT-1_V13B23-285_D1,11
GTTTCATATCGTCGCT-1_V13B23-285_D1,3
GTTTCCTGGAGGGTGA-1_V13B23-285_D1,18
GTTTCTGCAGTCTCCC-1_V13B23-285_D1,19
GTTTGACCAAATCCTA-1_V13B23-285_D1,18
GTTTGGCCCAAGTTAT-1_V13B23-285_D1,19
GTTTGGCCGCTCAGCG-1_V13B23-285_D1,4
GTTTGGGCTTGTGAGC-1_V13B23-285_D1,19
GTTTGGGTTTCGCCCG-1_V13B23-285_D1,11
GTTTGGTAGGGTCAAC-1_V13B23-285_D1,17
TAAACCCAGGAGGGCA-1_V13B23-285_D1,10
TAAAGACAACCCTTTA-1_V13B23-285_D1,11
TAAAGCGTTAGGAGAA-1_V13B23-285_D1,12
TAAAGCTGCAATAGGG-1_V13B23-285_D1,3
TAAATCTTTACACCTC-1_V13B23-285_D1,21
TAAATGAATCCGTTTC-1_V13B23-285_D1,5
TAAATGCCGTCTCATG-1_V13B23-285_D1,12
TAAATGGGCTACTGAG-1_V13B23-285_D1,11
TAACAAAGGGAGAAGC-1_V13B23-285_D1,5
TAACAATATTTGTTGC-1_V13B23-285_D1,13
TAACATACAATGTGGG-1_V13B23-285_D1,12
TAACATACACGCGATC-1_V13B23-285_D1,10
TAACCTACCGTCCGAG-1_V13B23-285_D1,18
TAACCTAGGGAGTCCA-1_V13B23-285_D1,11
TAACGCTTTGAGAGCG-1_V13B23-285_D1,5
TAACTATCGAAGGTCC-1_V13B23-285_D1,5
TAACTATTACGCCAAA-1_V13B23-285_D1,3
TAACTCATCCGCGCGG-1_V13B23-285_D1,17
TAACTCCATGGAGGCT-1_V13B23-285_D1,5
TAAGCAGGCGACACGC-1_V13B23-285_D1,12
TAAGCCCTTACGACCA-1_V13B23-285_D1,2
TAAGGAACTTGTGGGA-1_V13B23-285_D1,5
TAAGGCAACATAAGAT-1_V13B23-285_D1,12
TAAGGCATAACATCAA-1_V13B23-285_D1,1
TAAGGCCCGTCACCCT-1_V13B23-285_D1,19
TAAGGCTGAATCCCTC-1_V13B23-285_D1,11
TAAGGGCCTGTCCGAT-1_V13B23-285_D1,11
TAAGGGCTGGGAGAGG-1_V13B23-285_D1,13
TAAGTAACATCTTGAC-1_V13B23-285_D1,10
TAAGTCGCCGAGTATC-1_V13B23-285_D1,10
TAAGTTGCGACGTAGG-1_V13B23-285_D1,11
TAATAAACAAGGAGAT-1_V13B23-285_D1,14
TAATACACAGTAGTAT-1_V13B23-285_D1,5
TAATAGAACAGAGTTA-1_V13B23-285_D1,10
TAATAGCTAAATGATG-1_V13B23-285_D1,1
TAATAGTGACGACCAG-1_V13B23-285_D1,17
TAATATTGAAATTCGC-1_V13B23-285_D1,5
TAATCAACCAAATGGG-1_V13B23-285_D1,11
TAATCGATCCGTACGT-1_V13B23-285_D1,3
TAATGAAAGACCCTTG-1_V13B23-285_D1,10
TAATTACGTCAGTAGA-1_V13B23-285_D1,11
TAATTAGATGGATATG-1_V13B23-285_D1,5
TAATTAGGACATCCGT-1_V13B23-285_D1,11
TAATTCCAATGCTTCA-1_V13B23-285_D1,11
TAATTGGAATCGGGAA-1_V13B23-285_D1,3
TACAACGCACAACTCA-1_V13B23-285_D1,10
TACAAGTCTCGTGCAT-1_V13B23-285_D1,5
TACACCGTCGTTAGTC-1_V13B23-285_D1,2
TACAGAAACGGTGGGC-1_V13B23-285_D1,19
TACATAGGCATACACC-1_V13B23-285_D1,5
TACATGCCGGAATTGT-1_V13B23-285_D1,11
TACATTTCTAACGTGC-1_V13B23-285_D1,5
TACCAAATAGCCCAGA-1_V13B23-285_D1,16
TACCAATAAAGTACCA-1_V13B23-285_D1,19
TACCAGAAGTAGGTTC-1_V13B23-285_D1,5
TACCAGCTAGGTTTAA-1_V13B23-285_D1,6
TACCATGTATTGATTT-1_V13B23-285_D1,11
TACCCTCGGTAACCCT-1_V13B23-285_D1,11
TACCGCGGACTTGCAG-1_V13B23-285_D1,2
TACCGGCTCACTGCCC-1_V13B23-285_D1,19
TACCGGTCGTTTCCAT-1_V13B23-285_D1,18
TACCGTAGGTTAACTA-1_V13B23-285_D1,4
TACCGTGCCTCGGACC-1_V13B23-285_D1,19
TACCTACTCCCAGTAT-1_V13B23-285_D1,19
TACCTCACGCTTGTAC-1_V13B23-285_D1,14
TACCTCAGTTGTCTGT-1_V13B23-285_D1,10
TACCTCTTTACCATCC-1_V13B23-285_D1,11
TACCTGCTGCACTGTG-1_V13B23-285_D1,5
TACCTTAAGATTTCCC-1_V13B23-285_D1,18
TACGAACACGACTTCA-1_V13B23-285_D1,5
TACGACGCTTGCTGCG-1_V13B23-285_D1,5
TACGACTGCCTCTTAG-1_V13B23-285_D1,5
TACGAGAACTTCACGT-1_V13B23-285_D1,10
TACGATGTTGATCATC-1_V13B23-285_D1,10
TACGCAGTTCTTTCCT-1_V13B23-285_D1,18
TACGCCATATTCTAAT-1_V13B23-285_D1,5
TACGCCGAGGGTACCC-1_V13B23-285_D1,10
TACGCCGCCTCAGAAG-1_V13B23-285_D1,11
TACGCCTCCATTCCGA-1_V13B23-285_D1,3
TACGCTATAGAAACCT-1_V13B23-285_D1,3
TACGCTCGGTATTGGA-1_V13B23-285_D1,11
TACGGCATGGACGCTA-1_V13B23-285_D1,11
TACGGGATGCTAGCAG-1_V13B23-285_D1,14
TACGTAAAGCGGAGTG-1_V13B23-285_D1,11
TACGTGCAAGGTTCCT-1_V13B23-285_D1,21
TACGTGCACTATGCTG-1_V13B23-285_D1,5
TACGTTTACCGGCAAT-1_V13B23-285_D1,3
TACTATGGTTCCTCAG-1_V13B23-285_D1,1
TACTCGGCACGCCGGG-1_V13B23-285_D1,3
TACTCTCCGAACAAAT-1_V13B23-285_D1,12
TACTCTTACTTTACTG-1_V13B23-285_D1,11
TACTCTTTCGTCTTCA-1_V13B23-285_D1,10
TACTGAACAGATTTAG-1_V13B23-285_D1,10
TACTGCAATCAATTAC-1_V13B23-285_D1,3
TACTGGACAGCTCGGC-1_V13B23-285_D1,1
TACTTAAACATGTACA-1_V13B23-285_D1,11
TACTTGTTAGTAGTCC-1_V13B23-285_D1,11
TACTTTACTGAGCCGG-1_V13B23-285_D1,3
TACTTTCCGCACGCCA-1_V13B23-285_D1,10
TAGAAAGGTGGCGCTA-1_V13B23-285_D1,3
TAGAAGAAGGGTTACA-1_V13B23-285_D1,11
TAGAATAGCCGATGAA-1_V13B23-285_D1,11
TAGAATTAAGGGCAAC-1_V13B23-285_D1,9
TAGACGAAACGCCAAT-1_V13B23-285_D1,19
TAGACGCCCGTACCGG-1_V13B23-285_D1,3
TAGACTACCTAGCGTT-1_V13B23-285_D1,11
TAGAGATCATGCAACT-1_V13B23-285_D1,21
TAGAGCTACGAAGAAC-1_V13B23-285_D1,14
TAGAGGTTCTACTTGT-1_V13B23-285_D1,11
TAGAGTCTAAGCGAAC-1_V13B23-285_D1,5
TAGATATGGACTGGAA-1_V13B23-285_D1,5
TAGATCCGAAGTCGCA-1_V13B23-285_D1,9
TAGATGGTTCCTTACT-1_V13B23-285_D1,11
TAGATTCCTGGTTATT-1_V13B23-285_D1,5
TAGCAACCTGTCACAA-1_V13B23-285_D1,5
TAGCAGTATGACTAAA-1_V13B23-285_D1,11
TAGCCATTTCAAAGTC-1_V13B23-285_D1,11
TAGCCGGCGGTCAGCG-1_V13B23-285_D1,3
TAGCGTCCCTCGATTG-1_V13B23-285_D1,11
TAGCGTCCGGTGTGGT-1_V13B23-285_D1,19
TAGCGTTGGGTCTTAC-1_V13B23-285_D1,19
TAGCTAAGTCCGGGAG-1_V13B23-285_D1,5
TAGCTAGAAGGCATGA-1_V13B23-285_D1,5
TAGCTAGTGATGATGG-1_V13B23-285_D1,10
TAGCTCGCCTGATAAC-1_V13B23-285_D1,5
TAGGCATGTTACGCCA-1_V13B23-285_D1,1
TAGGCCTATATAGTCT-1_V13B23-285_D1,11
TAGGCTAAAGTGGCAC-1_V13B23-285_D1,11
TAGGGAGCTTGGGATG-1_V13B23-285_D1,16
TAGGGTGTTTCAAGAG-1_V13B23-285_D1,20
TAGGTCCAAGTAAGGA-1_V13B23-285_D1,5
TAGGTCGCCGGAACTG-1_V13B23-285_D1,3
TAGGTGACGATAACCT-1_V13B23-285_D1,19
TAGGTGAGCCCTACTC-1_V13B23-285_D1,5
TAGGTGCTCGCCTAGC-1_V13B23-285_D1,11
TAGGTGTTCCACAGAT-1_V13B23-285_D1,1
TAGGTTCGAGTTCGTC-1_V13B23-285_D1,5
TAGTACCTTAGTGGTC-1_V13B23-285_D1,5
TAGTAGCTTATACCAG-1_V13B23-285_D1,17
TAGTCCGCAGAGAATG-1_V13B23-285_D1,17
TAGTCGATCACGGGTT-1_V13B23-285_D1,11
TAGTCTAACAACGAGA-1_V13B23-285_D1,3
TAGTCTGTGACGTTGC-1_V13B23-285_D1,3
TAGTGCCCTCCAGAGT-1_V13B23-285_D1,5
TAGTGTCAGAAACGGC-1_V13B23-285_D1,5
TAGTTAAGATAGGATA-1_V13B23-285_D1,6
TAGTTTATTCTTGCTT-1_V13B23-285_D1,6
TATAAATCCACAAGCT-1_V13B23-285_D1,5
TATAAGTGAGGATAGC-1_V13B23-285_D1,5
TATACACAGACGCCTT-1_V13B23-285_D1,5
TATACACGCAAAGTAT-1_V13B23-285_D1,5
TATACCGAGTGCCACA-1_V13B23-285_D1,11
TATACGCGTCATCACT-1_V13B23-285_D1,19
TATACTCATGCGGCAA-1_V13B23-285_D1,5
TATAGATGGTCGCAGT-1_V13B23-285_D1,11
TATAGGGTACTCATGA-1_V13B23-285_D1,3
TATATATCGAGAAATG-1_V13B23-285_D1,10
TATATCCCTGGGAGGA-1_V13B23-285_D1,1
TATATTACAAATGTCG-1_V13B23-285_D1,16
TATATTCGCGTCGATA-1_V13B23-285_D1,9
TATCACCATGTAAAGT-1_V13B23-285_D1,9
TATCACCCAACCGACC-1_V13B23-285_D1,17
TATCACTTCGAGTAAC-1_V13B23-285_D1,3
TATCCAATTGGTTATC-1_V13B23-285_D1,19
TATCCATATCATGCGA-1_V13B23-285_D1,20
TATCCGCACCGTCGGG-1_V13B23-285_D1,10
TATCCTGCATGGGAAT-1_V13B23-285_D1,14
TATCGATCTATGCATA-1_V13B23-285_D1,4
TATCGATGATTAAACG-1_V13B23-285_D1,5
TATCTACAGAGGTAAT-1_V13B23-285_D1,5
TATCTACCACAGCGGG-1_V13B23-285_D1,5
TATCTTGCAATACAAC-1_V13B23-285_D1,3
TATGAAGACAGGTGCG-1_V13B23-285_D1,5
TATGATCCGGCACGCC-1_V13B23-285_D1,3
TATGATCTTCTCTTTA-1_V13B23-285_D1,19
TATGCTCCCTACTTAC-1_V13B23-285_D1,2
TATGGATGTGCTACGC-1_V13B23-285_D1,5
TATGGCCCGGCCTCGC-1_V13B23-285_D1,5
TATGGCTAGGCTAATT-1_V13B23-285_D1,1
TATGGGACCGAGCAGG-1_V13B23-285_D1,5
TATGGGTACGTATCGT-1_V13B23-285_D1,5
TATGGTCTGAGTAACA-1_V13B23-285_D1,5
TATGGTTAGTGGGAGA-1_V13B23-285_D1,11
TATGTCAAGACCGACT-1_V13B23-285_D1,10
TATGTCTCATTGTGCC-1_V13B23-285_D1,18
TATTAACCTGACCGCG-1_V13B23-285_D1,16
TATTACCATCCTGCTT-1_V13B23-285_D1,11
TATTATGTTTGCCTGC-1_V13B23-285_D1,13
TATTCAATTCTAATCC-1_V13B23-285_D1,2
TATTCCACTCAGCTCG-1_V13B23-285_D1,5
TATTCCGAGCTGTTAT-1_V13B23-285_D1,11
TATTCCTCCGCCCACT-1_V13B23-285_D1,18
TATTCGTGCCAGAATA-1_V13B23-285_D1,5
TATTGACATTTCTGCC-1_V13B23-285_D1,1
TATTGCCGGGCTTGTA-1_V13B23-285_D1,11
TATTTAGTCTAGATCG-1_V13B23-285_D1,5
TATTTATACCGAGTAG-1_V13B23-285_D1,14
TATTTGATTTGCACAG-1_V13B23-285_D1,11
TATTTGTTACCCTTTA-1_V13B23-285_D1,5
TCAAACAACCGCGTCG-1_V13B23-285_D1,5
TCAAACTTAGATTGTT-1_V13B23-285_D1,5
TCAAATTTGAGACTCA-1_V13B23-285_D1,19
TCAACAAAGATAATTC-1_V13B23-285_D1,7
TCAACACATTGGGTAA-1_V13B23-285_D1,5
TCAACATAGCGCCCTA-1_V13B23-285_D1,17
TCAACATCGACCGAGA-1_V13B23-285_D1,13
TCAACCATGTTCGGGC-1_V13B23-285_D1,5
TCAACGAGGAGACAAA-1_V13B23-285_D1,5
TCAACGCAGGAAATAA-1_V13B23-285_D1,17
TCAACGCGACCGGCAG-1_V13B23-285_D1,3
TCAACTAACGTATAAC-1_V13B23-285_D1,5
TCAACTGCAGAGTCAG-1_V13B23-285_D1,11
TCAAGAAATACTAGCT-1_V13B23-285_D1,21
TCAAGCGCGGACGGTA-1_V13B23-285_D1,11
TCAAGCTGCCTTGAAA-1_V13B23-285_D1,1
TCAAGGTTACTACACC-1_V13B23-285_D1,11
TCAATACGCCGTCATG-1_V13B23-285_D1,20
TCACAAACCGAGGTAC-1_V13B23-285_D1,11
TCACAGCAAACTCGAA-1_V13B23-285_D1,5
TCACAGGAGAATAAGA-1_V13B23-285_D1,21
TCACAGGGAATCGCAA-1_V13B23-285_D1,19
TCACAGGTTATTGGGC-1_V13B23-285_D1,5
TCACATCTTATCTGAT-1_V13B23-285_D1,5
TCACCCTCTTAAGATT-1_V13B23-285_D1,5
TCACCGCTCGGCACTC-1_V13B23-285_D1,18
TCACGATGTCCGTGGA-1_V13B23-285_D1,10
TCACGCATTGTAGATC-1_V13B23-285_D1,5
TCACGGTCATCGCACA-1_V13B23-285_D1,7
TCACGTGCCCGATTCA-1_V13B23-285_D1,5
TCACTACGACCAATGC-1_V13B23-285_D1,3
TCACTCGTGCAACGGC-1_V13B23-285_D1,14
TCAGAACCTCCACAGG-1_V13B23-285_D1,16
TCAGACGCTATAGAAG-1_V13B23-285_D1,19
TCAGAGTGTGAGCATG-1_V13B23-285_D1,11
TCAGCAAATGCATCTC-1_V13B23-285_D1,1
TCAGCAGTAGGCCCTG-1_V13B23-285_D1,10
TCAGCCAATCCGTAAA-1_V13B23-285_D1,11
TCAGGGCGCAAACTCG-1_V13B23-285_D1,18
TCAGGGTGTAACGTAA-1_V13B23-285_D1,13
TCAGGTTCTTTGAGAA-1_V13B23-285_D1,5
TCAGTACTGACCCGCG-1_V13B23-285_D1,5
TCAGTAGGGACTATAA-1_V13B23-285_D1,10
TCAGTGTATACGTCAT-1_V13B23-285_D1,1
TCATAAGTCCAAGAAG-1_V13B23-285_D1,11
TCATACTTACAGATCC-1_V13B23-285_D1,5
TCATATGAGCTTTGTT-1_V13B23-285_D1,17
TCATCACTCGAGCTCG-1_V13B23-285_D1,5
TCATCCCAGAGGGTGG-1_V13B23-285_D1,6
TCATCGATGGTCCCAA-1_V13B23-285_D1,10
TCATGCAGGTTCTCAT-1_V13B23-285_D1,14
TCATTTAAGTCTCCGA-1_V13B23-285_D1,3
TCATTTAGAAGTGTGA-1_V13B23-285_D1,11
TCCAACTTTAAATTCT-1_V13B23-285_D1,1
TCCAATAAAGGCTACC-1_V13B23-285_D1,10
TCCACAATGGTTTACG-1_V13B23-285_D1,7
TCCACCTCTAGCCTTT-1_V13B23-285_D1,10
TCCACTTTATCTAGGT-1_V13B23-285_D1,3
TCCAGAGCACCGGTTC-1_V13B23-285_D1,19
TCCAGATGTACGCCAA-1_V13B23-285_D1,2
TCCAGCGCTATAAGCG-1_V13B23-285_D1,11
TCCAGGCGAGTACGGT-1_V13B23-285_D1,5
TCCAGGGTATATACGA-1_V13B23-285_D1,17
TCCATTCCCACTAGAG-1_V13B23-285_D1,15
TCCATTGTGACCTCGT-1_V13B23-285_D1,9
TCCCAAACAGACAACG-1_V13B23-285_D1,2
TCCCAAAGACGAAGGA-1_V13B23-285_D1,5
TCCCAAAGCCCTAAAT-1_V13B23-285_D1,11
TCCCACTCTCTTCCGG-1_V13B23-285_D1,3
TCCCAGCACACGACAT-1_V13B23-285_D1,11
TCCCAGCTTTAGTCTG-1_V13B23-285_D1,5
TCCCAGGCTTAGCTAA-1_V13B23-285_D1,5
TCCCGCCTATGTGCGT-1_V13B23-285_D1,3
TCCCGCGTACTCCTGG-1_V13B23-285_D1,1
TCCCGGGTGTGCTGCT-1_V13B23-285_D1,10
TCCCGTCAGTCCCGCA-1_V13B23-285_D1,7
TCCCGTCGCGTCATAG-1_V13B23-285_D1,3
TCCCGTGTGCAATTTG-1_V13B23-285_D1,19
TCCCTAGATCAATAGG-1_V13B23-285_D1,3
TCCCTCTTCTCAAGGG-1_V13B23-285_D1,11
TCCCTGGCGTATTAAC-1_V13B23-285_D1,17
TCCCTGGCTCGCTGGA-1_V13B23-285_D1,16
TCCCTTAGATTACTCG-1_V13B23-285_D1,14
TCCCTTGTCTGAAACT-1_V13B23-285_D1,11
TCCGAACGTTGCCGCT-1_V13B23-285_D1,11
TCCGAACTTGGCTTAC-1_V13B23-285_D1,1
TCCGAAGTAGTCACCA-1_V13B23-285_D1,2
TCCGAATGGTCCTGAG-1_V13B23-285_D1,1
TCCGATAATTGCCATA-1_V13B23-285_D1,14
TCCGATGACTGAGCTC-1_V13B23-285_D1,14
TCCGATGGTGCGACAT-1_V13B23-285_D1,5
TCCGATTACATTGCCG-1_V13B23-285_D1,10
TCCGCCTGTCTACAAG-1_V13B23-285_D1,19
TCCGCGGCAGCATCTG-1_V13B23-285_D1,3
TCCGCGGCCCAATGAA-1_V13B23-285_D1,11
TCCGCTGTCATCCCGG-1_V13B23-285_D1,19
TCCGCTTATCCCATTA-1_V13B23-285_D1,19
TCCGGAGGAAGGGCTG-1_V13B23-285_D1,12
TCCGGCCTAGCGTACA-1_V13B23-285_D1,13
TCCGGCTGTCGGGTCG-1_V13B23-285_D1,11
TCCGGGCTTGACGGGA-1_V13B23-285_D1,11
TCCGGTTCGTCCGGTC-1_V13B23-285_D1,5
TCCGTAACCACAATCC-1_V13B23-285_D1,10
TCCGTTAAGCTAATAT-1_V13B23-285_D1,11
TCCGTTTAGCCTTGAA-1_V13B23-285_D1,16
TCCTAAATTGGGAAGC-1_V13B23-285_D1,19
TCCTAACCGTCGGGCA-1_V13B23-285_D1,10
TCCTACATCCACGGCC-1_V13B23-285_D1,19
TCCTAGCAAAGAAGCT-1_V13B23-285_D1,10
TCCTATCATAGGTAAC-1_V13B23-285_D1,11
TCCTCCTAAGACATTC-1_V13B23-285_D1,10
TCCTCGGGCTGGGCTT-1_V13B23-285_D1,19
TCCTCTACGAGATGGC-1_V13B23-285_D1,5
TCCTCTCCAGTTGTCC-1_V13B23-285_D1,5
TCCTCTGGCCCATTAG-1_V13B23-285_D1,9
TCCTGCCAACTGGAGA-1_V13B23-285_D1,14
TCCTGCGTTGATACTC-1_V13B23-285_D1,10
TCCTGGCGCTGCCTGG-1_V13B23-285_D1,12
TCCTTACGACGGTCCG-1_V13B23-285_D1,11
TCCTTCAGTGGTCGAA-1_V13B23-285_D1,14
TCCTTTAAATCCGCTT-1_V13B23-285_D1,11
TCCTTTCTTACGCTTA-1_V13B23-285_D1,17
TCGAAATTTAGGACCA-1_V13B23-285_D1,13
TCGAAGAACCGAGCAC-1_V13B23-285_D1,11
TCGAATATCCCGCAGG-1_V13B23-285_D1,10
TCGACAACTGAACCCG-1_V13B23-285_D1,13
TCGAGACCAACACCGT-1_V13B23-285_D1,5
TCGAGCCAGGCAGGCC-1_V13B23-285_D1,7
TCGAGGGCAACAGACG-1_V13B23-285_D1,11
TCGCAAAGATGCATTT-1_V13B23-285_D1,19
TCGCACCAGGAGGCAG-1_V13B23-285_D1,19
TCGCATAAAGGGCGCA-1_V13B23-285_D1,11
TCGCATCCCTAAGTGT-1_V13B23-285_D1,4
TCGCCGAAGTTGCGTC-1_V13B23-285_D1,10
TCGCCGGTCGATCCGT-1_V13B23-285_D1,14
TCGCGTAGCAGTGTCC-1_V13B23-285_D1,11
TCGCGTCCAGAAGGTC-1_V13B23-285_D1,5
TCGCTAAACCGCTATC-1_V13B23-285_D1,14
TCGCTCGATATATTCC-1_V13B23-285_D1,13
TCGCTCGGCACCAGCG-1_V13B23-285_D1,3
TCGCTGGGCGGATTGT-1_V13B23-285_D1,11
TCGCTGTGCGTAAATC-1_V13B23-285_D1,5
TCGCTTTAAACGTTTG-1_V13B23-285_D1,17
TCGGAATGCGCTCTGA-1_V13B23-285_D1,5
TCGGACGCCCAGCCCA-1_V13B23-285_D1,18
TCGGAGAGTATCGGGA-1_V13B23-285_D1,10
TCGGAGTACATGAGTA-1_V13B23-285_D1,3
TCGGCGAACCCAAACC-1_V13B23-285_D1,11
TCGGCGTACTGCACAA-1_V13B23-285_D1,16
TCGGCTTGTATCGACG-1_V13B23-285_D1,11
TCGGGAACGTGCCTAG-1_V13B23-285_D1,3
TCGGGAGACAGCGTAC-1_V13B23-285_D1,19
TCGGGATTCAAACATA-1_V13B23-285_D1,3
TCGGGCCGTCGTGGTA-1_V13B23-285_D1,11
TCGGGTGAAACTGCTA-1_V13B23-285_D1,9
TCGGTCCCGACAATAG-1_V13B23-285_D1,17
TCGGTCCCTGACTCCA-1_V13B23-285_D1,9
TCGGTGACCGCTCCGG-1_V13B23-285_D1,3
TCGTAAGACGACATTG-1_V13B23-285_D1,18
TCGTAAGCTCCGAGGA-1_V13B23-285_D1,16
TCGTATAGTGCAATTA-1_V13B23-285_D1,9
TCGTATTACCCATTGC-1_V13B23-285_D1,10
TCGTCAAGTACGCGCA-1_V13B23-285_D1,10
TCGTCACACTGTTAGC-1_V13B23-285_D1,7
TCGTCCGCTGGCGTCT-1_V13B23-285_D1,5
TCGTCTTAGGCGTTAA-1_V13B23-285_D1,19
TCGTGTACTATGGATG-1_V13B23-285_D1,21
TCGTGTATTGGTCACG-1_V13B23-285_D1,11
TCGTGTCACGCTGACA-1_V13B23-285_D1,13
TCGTGTTCGACCACAA-1_V13B23-285_D1,11
TCGTTAGGAGTCCCTA-1_V13B23-285_D1,10
TCGTTCGTTATTATGT-1_V13B23-285_D1,9
TCGTTGCTATCCGGTC-1_V13B23-285_D1,10
TCGTTGGCTCGTCAAT-1_V13B23-285_D1,14
TCTAATACTGCCTCAG-1_V13B23-285_D1,16
TCTACCCAATAGAGAG-1_V13B23-285_D1,11
TCTACCGTCCACAAGC-1_V13B23-285_D1,1
TCTAGCAATCTCCGCC-1_V13B23-285_D1,18
TCTAGCATCTTCGATG-1_V13B23-285_D1,5
TCTAGCATGCCCAGAA-1_V13B23-285_D1,19
TCTAGGTGGCGACGCT-1_V13B23-285_D1,13
TCTAGTGATATCGTGG-1_V13B23-285_D1,11
TCTAGTTATCAGAAGA-1_V13B23-285_D1,5
TCTATAGGTGGGTAAT-1_V13B23-285_D1,11
TCTATCATGCAGTTAC-1_V13B23-285_D1,5
TCTATCGGTCGCAACA-1_V13B23-285_D1,12
TCTATGCTATAACGAC-1_V13B23-285_D1,11
TCTATTACGCTGGCGA-1_V13B23-285_D1,12
TCTCATGAGATAGGGT-1_V13B23-285_D1,11
TCTCCAACGTAGGTTA-1_V13B23-285_D1,14
TCTCCACAAGTTGAAT-1_V13B23-285_D1,11
TCTCCCTGGGCAGCGT-1_V13B23-285_D1,19
TCTCGAACGAGGTCAC-1_V13B23-285_D1,12
TCTCGACGTATCGCCG-1_V13B23-285_D1,11
TCTCGAGGAGGTTCGC-1_V13B23-285_D1,11
TCTCGGCTCCAGGACT-1_V13B23-285_D1,5
TCTCTAATAGCTGGTA-1_V13B23-285_D1,20
TCTCTCGCCGCACATA-1_V13B23-285_D1,11
TCTGAACCGGTCGGCT-1_V13B23-285_D1,18
TCTGAACTCGTACCCG-1_V13B23-285_D1,11
TCTGAAGCACGTGGTC-1_V13B23-285_D1,19
TCTGAATTCCGTACAA-1_V13B23-285_D1,21
TCTGACGGGCTAACCC-1_V13B23-285_D1,7
TCTGAGCAATTGACTG-1_V13B23-285_D1,11
TCTGATCGGGTGCTAG-1_V13B23-285_D1,13
TCTGATGTATTCTGTC-1_V13B23-285_D1,19
TCTGATTGGAAATGGA-1_V13B23-285_D1,21
TCTGCACCATTAGTAA-1_V13B23-285_D1,13
TCTGCATACCTTGCTT-1_V13B23-285_D1,11
TCTGCCAGAAACTGCA-1_V13B23-285_D1,19
TCTGCGAATCGTTCGC-1_V13B23-285_D1,15
TCTGCGTCCGGTTTCT-1_V13B23-285_D1,5
TCTGCTTAGAACAAGC-1_V13B23-285_D1,11
TCTGGAGCGTAAGAGT-1_V13B23-285_D1,17
TCTGGCCGTTCAAGTT-1_V13B23-285_D1,13
TCTGGGAACCTTTGAA-1_V13B23-285_D1,11
TCTGGGTAGCGCTCAT-1_V13B23-285_D1,10
TCTGTCATACAAGAGC-1_V13B23-285_D1,9
TCTGTGCCATCATAGT-1_V13B23-285_D1,3
TCTGTTACCCAGCATA-1_V13B23-285_D1,10
TCTTACAGAGGTACCG-1_V13B23-285_D1,14
TCTTACCGGAACTCGT-1_V13B23-285_D1,11
TCTTACGGCATCCGAC-1_V13B23-285_D1,5
TCTTACTTATGCCTCT-1_V13B23-285_D1,11
TCTTAGAGCTCCAATT-1_V13B23-285_D1,11
TCTTAGAGTGAACTCT-1_V13B23-285_D1,11
TCTTCCCATGGGCACA-1_V13B23-285_D1,3
TCTTCGAATAGACGTT-1_V13B23-285_D1,19
TCTTCGATACCAATAA-1_V13B23-285_D1,7
TCTTCGCGGTGAGAGG-1_V13B23-285_D1,11
TCTTCTATAACCCGCC-1_V13B23-285_D1,11
TCTTGATGCGTAGCGA-1_V13B23-285_D1,3
TCTTGGTAACACCAAA-1_V13B23-285_D1,14
TCTTTAAGACTATGAA-1_V13B23-285_D1,3
TCTTTAGAGTCTAACA-1_V13B23-285_D1,11
TCTTTAGCAGGCGAAC-1_V13B23-285_D1,1
TCTTTCCTTCGAGATA-1_V13B23-285_D1,11
TCTTTCTCTTAAGGAG-1_V13B23-285_D1,9
TGAAACTTATGCAAGC-1_V13B23-285_D1,6
TGAAAGGACCTGACTC-1_V13B23-285_D1,7
TGAATATGCTATAAAC-1_V13B23-285_D1,2
TGAATGAGATACAGCA-1_V13B23-285_D1,15
TGAATGTCAGCCGGCC-1_V13B23-285_D1,4
TGACAACGCATGTCGC-1_V13B23-285_D1,11
TGACACTTCTCTTTGC-1_V13B23-285_D1,3
TGACATCGAGCGGACC-1_V13B23-285_D1,16
TGACCCACGTTAGACA-1_V13B23-285_D1,5
TGACGAATATTTCCCT-1_V13B23-285_D1,7
TGACGATGCACTAGAA-1_V13B23-285_D1,11
TGACTATAATCCTTTC-1_V13B23-285_D1,19
TGACTCTAACTGGTAA-1_V13B23-285_D1,11
TGAGAATGCTTTACCG-1_V13B23-285_D1,14
TGAGAGATTTACCACG-1_V13B23-285_D1,11
TGAGATTAGGCCCTAA-1_V13B23-285_D1,12
TGAGCCATACAGTCTC-1_V13B23-285_D1,16
TGAGCGGAAAGTGTTC-1_V13B23-285_D1,19
TGAGCTCAACTGTATA-1_V13B23-285_D1,11
TGAGCTTTAATGACGC-1_V13B23-285_D1,14
TGAGGAGTGCCAGCTT-1_V13B23-285_D1,10
TGAGTAAATTAGCGTA-1_V13B23-285_D1,5
TGAGTGCCTCTTAAAT-1_V13B23-285_D1,10
TGAGTGGTCCGTGACG-1_V13B23-285_D1,17
TGAGTTAAAGACATTC-1_V13B23-285_D1,11
TGATACATTTAGCCGT-1_V13B23-285_D1,10
TGATCAGGGAACTGCT-1_V13B23-285_D1,16
TGATCCCAGCATTAGT-1_V13B23-285_D1,16
TGATCGGTTTGACCCT-1_V13B23-285_D1,5
TGATCTACGCTGATCT-1_V13B23-285_D1,3
TGATCTCCGGCGCCAG-1_V13B23-285_D1,5
TGATGGCTGTTTCTGA-1_V13B23-285_D1,3
TGATGTCAATTAAGTG-1_V13B23-285_D1,11
TGATTATGGCACGCAG-1_V13B23-285_D1,2
TGATTCGTCTATCACT-1_V13B23-285_D1,7
TGATTCTGTCGCCGGT-1_V13B23-285_D1,10
TGATTTATTAGCTGTG-1_V13B23-285_D1,10
TGATTTCCTCCTGACG-1_V13B23-285_D1,5
TGCAACCCATCTGCGG-1_V13B23-285_D1,11
TGCAAGAATGACGTAA-1_V13B23-285_D1,4
TGCAATCTAACACGGT-1_V13B23-285_D1,11
TGCAATTTGGGCACGG-1_V13B23-285_D1,12
TGCACAGTGAAGTTAT-1_V13B23-285_D1,3
TGCAGAACTATATCGT-1_V13B23-285_D1,3
TGCAGAGTACCGAGCA-1_V13B23-285_D1,10
TGCAGATCGTCCTAGG-1_V13B23-285_D1,21
TGCAGCTACGTACTTC-1_V13B23-285_D1,13
TGCAGGATCGGCAAAG-1_V13B23-285_D1,5
TGCAGTGAGGCTCGGG-1_V13B23-285_D1,15
TGCAGTTTCCTCCCAT-1_V13B23-285_D1,11
TGCATATGTCTGTCAC-1_V13B23-285_D1,17
TGCATGGATCGGATCT-1_V13B23-285_D1,14
TGCATGTGGTAATCTA-1_V13B23-285_D1,7
TGCCAAAGTCAGACTT-1_V13B23-285_D1,1
TGCCAATGGGTACTCT-1_V13B23-285_D1,10
TGCCACCTGGCGAAAC-1_V13B23-285_D1,14
TGCCAGTACGTGGAGA-1_V13B23-285_D1,19
TGCCATTACTAAAGAA-1_V13B23-285_D1,5
TGCCCGTACCGTTAAA-1_V13B23-285_D1,19
TGCCGAAAGCGTATTC-1_V13B23-285_D1,13
TGCCGTGGATCGTCCT-1_V13B23-285_D1,19
TGCCTAAATTTAATAG-1_V13B23-285_D1,11
TGCCTAATTGAAGATT-1_V13B23-285_D1,11
TGCCTGACATCGGTCA-1_V13B23-285_D1,5
TGCCTGATCAAACGAT-1_V13B23-285_D1,14
TGCCTTGGCCAGGCAA-1_V13B23-285_D1,8
TGCGACACCCTAGTGC-1_V13B23-285_D1,10
TGCGACGGCCGAACGT-1_V13B23-285_D1,10
TGCGAGAATATTACCC-1_V13B23-285_D1,10
TGCGAGCCCTTCCGCG-1_V13B23-285_D1,14
TGCGCAAAGCATTTGG-1_V13B23-285_D1,7
TGCGCCGTTAATAACG-1_V13B23-285_D1,11
TGCGCGATTAACGGAG-1_V13B23-285_D1,5
TGCGGAGTAAAGGTGC-1_V13B23-285_D1,17
TGCGGCATAGTTCAAC-1_V13B23-285_D1,9
TGCGGTGAAATTTCAT-1_V13B23-285_D1,6
TGCGTAAGAACCTGAT-1_V13B23-285_D1,1
TGCGTACGGCTAATTG-1_V13B23-285_D1,11
TGCGTCATGACTGAGC-1_V13B23-285_D1,10
TGCGTGATTGGGTGTC-1_V13B23-285_D1,16
TGCGTTTGTTGACACT-1_V13B23-285_D1,19
TGCTAAGTGTCTATTT-1_V13B23-285_D1,11
TGCTCCACAGTTCTTA-1_V13B23-285_D1,11
TGCTCGGCGAAACCCA-1_V13B23-285_D1,19
TGCTCTGCCGGTTCAC-1_V13B23-285_D1,1
TGCTCTTGAGAGTTTG-1_V13B23-285_D1,19
TGCTGGTTGGACAATT-1_V13B23-285_D1,5
TGCTGTTGAAGAACTC-1_V13B23-285_D1,19
TGCTTCCCAAGCAGTA-1_V13B23-285_D1,19
TGCTTGAAACCATGCA-1_V13B23-285_D1,5
TGGAACCACTGACACA-1_V13B23-285_D1,1
TGGAAGAAGGGAACGT-1_V13B23-285_D1,3
TGGAAGACGAACACCA-1_V13B23-285_D1,14
TGGAAGGATAAAGATG-1_V13B23-285_D1,14
TGGAATATCCTTGACC-1_V13B23-285_D1,3
TGGAATTAGACGCTTT-1_V13B23-285_D1,5
TGGACCAATCTAAGAT-1_V13B23-285_D1,19
TGGACCACGGCGTTGA-1_V13B23-285_D1,7
TGGACGCAATCCAGCC-1_V13B23-285_D1,1
TGGACTGTTCGCTCAA-1_V13B23-285_D1,19
TGGAGGGAAACACCTC-1_V13B23-285_D1,2
TGGAGTGATGCGATGA-1_V13B23-285_D1,5
TGGCAAACTAAATTAC-1_V13B23-285_D1,19
TGGCAACTCGCGCGCC-1_V13B23-285_D1,10
TGGCAATGGGACGGCG-1_V13B23-285_D1,11
TGGCAGATTACGATCA-1_V13B23-285_D1,5
TGGCAGCAGTAATAGT-1_V13B23-285_D1,5
TGGCCAAACTGAAGTA-1_V13B23-285_D1,1
TGGCCGTATATTGACC-1_V13B23-285_D1,5
TGGCGACTGCTCCAAA-1_V13B23-285_D1,10
TGGCGATCAAGTTATG-1_V13B23-285_D1,10
TGGCTACACTCTACCT-1_V13B23-285_D1,11
TGGCTATGTGACATAC-1_V13B23-285_D1,19
TGGCTTGTACAAGCTT-1_V13B23-285_D1,15
TGGCTTTGGGTAGACA-1_V13B23-285_D1,20
TGGGAAATGCCTTTCC-1_V13B23-285_D1,5
TGGGATGCACTCATTC-1_V13B23-285_D1,3
TGGGCAATAGTTGGGT-1_V13B23-285_D1,11
TGGGCACGTTCTATGG-1_V13B23-285_D1,14
TGGGCAGGCCACCGCA-1_V13B23-285_D1,11
TGGGCCACAAGAGCGC-1_V13B23-285_D1,14
TGGGCCCATACTAATT-1_V13B23-285_D1,11
TGGTAGAATATATGGG-1_V13B23-285_D1,11
TGGTATCGCATCCCAA-1_V13B23-285_D1,9
TGGTCCCACGCTACGG-1_V13B23-285_D1,19
TGGTGATCGTATTTGT-1_V13B23-285_D1,13
TGGTTAAGGGCGCTGG-1_V13B23-285_D1,13
TGGTTCAACGGGTAAT-1_V13B23-285_D1,19
TGGTTCGTAGCAAAGG-1_V13B23-285_D1,17
TGGTTGGAGGATCCTG-1_V13B23-285_D1,12
TGGTTTAAACGTGGGT-1_V13B23-285_D1,2
TGTAATGACCACAATA-1_V13B23-285_D1,3
TGTACCTACACGAGGG-1_V13B23-285_D1,11
TGTACGAACAAATCCG-1_V13B23-285_D1,5
TGTACTACTCTCACGG-1_V13B23-285_D1,15
TGTAGCCATCCCATTC-1_V13B23-285_D1,11
TGTAGGAGAAATTTCC-1_V13B23-285_D1,3
TGTAGTGATCTATAAT-1_V13B23-285_D1,17
TGTATAACAGATCCTG-1_V13B23-285_D1,3
TGTATACGGATGATGA-1_V13B23-285_D1,16
TGTATCCTTATTCCAT-1_V13B23-285_D1,9
TGTATGGCGCAGACAG-1_V13B23-285_D1,11
TGTATTTACCTAATGC-1_V13B23-285_D1,9
TGTCATTTGTTGGGAA-1_V13B23-285_D1,2
TGTCCACGGCTCAACT-1_V13B23-285_D1,11
TGTCCCGACATAGCAC-1_V13B23-285_D1,9
TGTCCGTGGCGCCTTT-1_V13B23-285_D1,5
TGTCCTAAGTCACCGC-1_V13B23-285_D1,3
TGTCGGCATGGTGGAA-1_V13B23-285_D1,14
TGTCTACAGTTTCTGT-1_V13B23-285_D1,9
TGTGACTACGCCAGTC-1_V13B23-285_D1,14
TGTGAGACTAGCCCAA-1_V13B23-285_D1,19
TGTGCCGGTGCCGGAA-1_V13B23-285_D1,11
TGTGCTTTACGTAAGA-1_V13B23-285_D1,3
TGTGGACTATCTACGT-1_V13B23-285_D1,11
TGTGGCAAAGCGTATG-1_V13B23-285_D1,12
TGTGGCTCCCACCAAC-1_V13B23-285_D1,11
TGTGGTAGGGTGCCTT-1_V13B23-285_D1,11
TGTGTAGTAGCACGTG-1_V13B23-285_D1,11
TGTGTCGCGAGTTGCA-1_V13B23-285_D1,5
TGTGTTCGTATCCAAG-1_V13B23-285_D1,5
TGTTATTGTATGTGGC-1_V13B23-285_D1,19
TGTTCCGCTTCCATGA-1_V13B23-285_D1,10
TGTTCGTATTGCGGTG-1_V13B23-285_D1,5
TGTTCTTCCATTGACT-1_V13B23-285_D1,10
TGTTGCCGTCGTCCCA-1_V13B23-285_D1,11
TGTTGTCAAGAAGTCT-1_V13B23-285_D1,7
TGTTTAATACTTCATC-1_V13B23-285_D1,9
TGTTTCGGTACTTCTC-1_V13B23-285_D1,20
TGTTTGAGATCGTCAG-1_V13B23-285_D1,11
TTAAACAGAGTCCCGC-1_V13B23-285_D1,14
TTAAACTCGAATTCAT-1_V13B23-285_D1,3
TTAACACCTCGAACAT-1_V13B23-285_D1,5
TTAACCAACCCTCCCT-1_V13B23-285_D1,5
TTAACGAACAAGCAGT-1_V13B23-285_D1,2
TTAACGTCGCAAGACC-1_V13B23-285_D1,9
TTAACTTCAGGTAGGA-1_V13B23-285_D1,10
TTAAGATAGGATTGAC-1_V13B23-285_D1,11
TTAAGCCGACAACTTC-1_V13B23-285_D1,6
TTAAGCGCCTGACCCA-1_V13B23-285_D1,5
TTAAGGCCCGTACTTT-1_V13B23-285_D1,10
TTAAGTATTGTTATCC-1_V13B23-285_D1,11
TTAATCAGTACGTCAG-1_V13B23-285_D1,14
TTAATGTAGACCAGGT-1_V13B23-285_D1,10
TTAATTGCTTTGGGTG-1_V13B23-285_D1,19
TTAATTTCAGACGCGG-1_V13B23-285_D1,14
TTACAACTACGCATCC-1_V13B23-285_D1,5
TTACACGATCTGCGAC-1_V13B23-285_D1,11
TTACAGACCTAAATGA-1_V13B23-285_D1,1
TTACATCGTGGCCTGG-1_V13B23-285_D1,5
TTACATGCCACAACTA-1_V13B23-285_D1,11
TTACCATTGATTACCC-1_V13B23-285_D1,3
TTACCCATTGCCGGGT-1_V13B23-285_D1,14
TTACCCTAACAGTCCT-1_V13B23-285_D1,16
TTACCCTAGGGATTGG-1_V13B23-285_D1,1
TTACCGCCTTAGGGAA-1_V13B23-285_D1,5
TTACGGATGGTTCGAG-1_V13B23-285_D1,2
TTACGTATCTATGACA-1_V13B23-285_D1,11
TTACTAAAGGACTTTA-1_V13B23-285_D1,19
TTACTATCGGCTTCTC-1_V13B23-285_D1,3
TTACTCCGGCCGGGAA-1_V13B23-285_D1,7
TTACTCTGGTACGTAC-1_V13B23-285_D1,16
TTACTGGGATATTTCA-1_V13B23-285_D1,5
TTACTGTCTAGAGCTC-1_V13B23-285_D1,2
TTAGAAGAACATGACT-1_V13B23-285_D1,19
TTAGAATAAGGGTCGG-1_V13B23-285_D1,10
TTAGACACGATCGTTG-1_V13B23-285_D1,14
TTAGACGAGTCACCTC-1_V13B23-285_D1,19
TTAGAGTTTAGAAGGA-1_V13B23-285_D1,19
TTAGATAGGTCGATAC-1_V13B23-285_D1,5
TTAGCAACATGGATGT-1_V13B23-285_D1,5
TTAGCTAATACGATCT-1_V13B23-285_D1,12
TTAGCTCTGTAATCCG-1_V13B23-285_D1,1
TTAGCTGATTTGCCGT-1_V13B23-285_D1,11
TTAGGATGGGAGGGTA-1_V13B23-285_D1,11
TTAGGTCATAACCGAC-1_V13B23-285_D1,10
TTAGTAAACCTGCTCT-1_V13B23-285_D1,11
TTAGTAGGGCGGCGGG-1_V13B23-285_D1,3
TTAGTTATTCGTGGCA-1_V13B23-285_D1,11
TTAGTTCAAGTGTTCG-1_V13B23-285_D1,2
TTATAGGTAATTGTCT-1_V13B23-285_D1,19
TTATATACGCTGTCAC-1_V13B23-285_D1,19
TTATATTTGGCAATCC-1_V13B23-285_D1,21
TTATCCAATCGAACTC-1_V13B23-285_D1,5
TTATCCGGGATCTATA-1_V13B23-285_D1,11
TTATCCTCAAGGAATA-1_V13B23-285_D1,3
TTATCGCCTGCGAAGC-1_V13B23-285_D1,7
TTATCTGTATCATAAC-1_V13B23-285_D1,7
TTATGAATGAAAGGGA-1_V13B23-285_D1,5
TTATGACAAACTGGAT-1_V13B23-285_D1,5
TTATGATCTTAACGAA-1_V13B23-285_D1,11
TTATGTTTGCGATAGA-1_V13B23-285_D1,7
TTATTAGAGCGTGTTC-1_V13B23-285_D1,19
TTATTAGGGAAGCATC-1_V13B23-285_D1,14
TTATTATCTGGAAGGC-1_V13B23-285_D1,11
TTATTTAGGTTCCTTA-1_V13B23-285_D1,11
TTCAAAGTCTCTAGCC-1_V13B23-285_D1,20
TTCAACGACCCGACCG-1_V13B23-285_D1,5
TTCAAGCCGAGCTGAG-1_V13B23-285_D1,6
TTCAATACTCTGAATC-1_V13B23-285_D1,11
TTCAATTAGCCATAAT-1_V13B23-285_D1,9
TTCACGAAAGGATCAC-1_V13B23-285_D1,5
TTCACTCGAGCACCTA-1_V13B23-285_D1,19
TTCAGAGTAACCTGAC-1_V13B23-285_D1,14
TTCAGCCCTGGTCCAC-1_V13B23-285_D1,19
TTCAGCTGGCGTGCCC-1_V13B23-285_D1,11
TTCAGGCGTCAAAGCC-1_V13B23-285_D1,3
TTCATGGCGCAACAGG-1_V13B23-285_D1,14
TTCCAATCAGAGCTAG-1_V13B23-285_D1,12
TTCCAATCTGGCTATC-1_V13B23-285_D1,10
TTCCACACAGATTTGA-1_V13B23-285_D1,10
TTCCAGACGAGATTTA-1_V13B23-285_D1,11
TTCCATCATGCGGTGA-1_V13B23-285_D1,12
TTCCATCGACAGCGTG-1_V13B23-285_D1,11
TTCCGCAGAGAAATAT-1_V13B23-285_D1,3
TTCCGCGTGAGGCGAT-1_V13B23-285_D1,19
TTCCGGCCTTGAGGCT-1_V13B23-285_D1,12
TTCCGGCTCGACTTCT-1_V13B23-285_D1,2
TTCCGGTATCTGTGTC-1_V13B23-285_D1,11
TTCCGGTTACCCACTT-1_V13B23-285_D1,11
TTCCTCGAGGGTGTCT-1_V13B23-285_D1,5
TTCCTCGGACTAACCA-1_V13B23-285_D1,11
TTCCTCTGCCCGAATA-1_V13B23-285_D1,3
TTCCTTTCTGTGTTGC-1_V13B23-285_D1,5
TTCGACAGAGCCCGTG-1_V13B23-285_D1,19
TTCGACGGGAAGGGCG-1_V13B23-285_D1,5
TTCGCACTCGCGTGCT-1_V13B23-285_D1,5
TTCGCACTGTACGACA-1_V13B23-285_D1,18
TTCGCATCCGGAAGCA-1_V13B23-285_D1,5
TTCGCGCGCCATACGA-1_V13B23-285_D1,16
TTCGCTAGGAAGTTGT-1_V13B23-285_D1,11
TTCGCTATCTGACGTG-1_V13B23-285_D1,3
TTCGGCAACCCGCTGA-1_V13B23-285_D1,14
TTCGGCTAGAGATGGT-1_V13B23-285_D1,12
TTCGGGACTAATCGCG-1_V13B23-285_D1,20
TTCGGGCGCTAGTCTT-1_V13B23-285_D1,10
TTCGGGTTGCCACGGG-1_V13B23-285_D1,11
TTCGGTGGAGACGCCC-1_V13B23-285_D1,11
TTCGTAATCCCAGCGG-1_V13B23-285_D1,9
TTCGTACTCCAGAACG-1_V13B23-285_D1,5
TTCGTTCAACGAAGTT-1_V13B23-285_D1,3
TTCTAACCGAAGCTTA-1_V13B23-285_D1,1
TTCTACTTGCGAGGGC-1_V13B23-285_D1,5
TTCTAGAAAGTCTTAT-1_V13B23-285_D1,7
TTCTAGGCCAATTGTG-1_V13B23-285_D1,17
TTCTATGCCTTTCGCA-1_V13B23-285_D1,3
TTCTGACCGGGCTCAA-1_V13B23-285_D1,11
TTCTGCCGCGCCTAGA-1_V13B23-285_D1,19
TTCTGCGAGCGCCCTT-1_V13B23-285_D1,18
TTCTGCGGGTTAGCGG-1_V13B23-285_D1,19
TTCTGCTAGACTCCAA-1_V13B23-285_D1,2
TTCTTAGTGAACGGTG-1_V13B23-285_D1,5
TTCTTAGTGGCTCAGA-1_V13B23-285_D1,14
TTCTTATCCGCTGGGT-1_V13B23-285_D1,11
TTCTTGAGCCGCGCTA-1_V13B23-285_D1,10
TTCTTGCTAGCATCTC-1_V13B23-285_D1,11
TTCTTGGACGATCTGC-1_V13B23-285_D1,16
TTCTTGGAGTAATGAG-1_V13B23-285_D1,14
TTCTTGTAACCTAATG-1_V13B23-285_D1,5
TTCTTTGGTCGCGACG-1_V13B23-285_D1,2
TTGAAACCCTCATTCC-1_V13B23-285_D1,11
TTGAAAGGTGTAAAGG-1_V13B23-285_D1,3
TTGAACGAATCCTTTG-1_V13B23-285_D1,5
TTGAACGACGTGCTGA-1_V13B23-285_D1,19
TTGAAGAATTCCCAGG-1_V13B23-285_D1,5
TTGAATATGGACTTTC-1_V13B23-285_D1,17
TTGAATTCACGTGAGG-1_V13B23-285_D1,11
TTGACAGGAGCTCCCG-1_V13B23-285_D1,11
TTGACATGAACGTGGA-1_V13B23-285_D1,10
TTGACCAGGAACAACT-1_V13B23-285_D1,19
TTGACCATGTTCTCCG-1_V13B23-285_D1,7
TTGACCGTGTTAATGA-1_V13B23-285_D1,10
TTGACGCTCCATGAGC-1_V13B23-285_D1,11
TTGACTACCATATGGT-1_V13B23-285_D1,18
TTGACTATTGTCCGGC-1_V13B23-285_D1,11
TTGAGAAGTTTAGCAT-1_V13B23-285_D1,11
TTGAGAGTACTGCTAA-1_V13B23-285_D1,10
TTGAGCAGCCCACGGT-1_V13B23-285_D1,11
TTGAGCGCCACGTGAT-1_V13B23-285_D1,17
TTGAGTCCCGCTGCTG-1_V13B23-285_D1,11
TTGATAGTCAATACAT-1_V13B23-285_D1,3
TTGATCTAACTTTGTC-1_V13B23-285_D1,5
TTGATGTGTAGTCCCG-1_V13B23-285_D1,10
TTGATTAGCTGTTTCT-1_V13B23-285_D1,1
TTGATTATGCAGATGA-1_V13B23-285_D1,5
TTGCACAATTCAGAAA-1_V13B23-285_D1,5
TTGCACGGAGCAGCAC-1_V13B23-285_D1,5
TTGCATGCTGATCACG-1_V13B23-285_D1,10
TTGCCAAGCAGAACCC-1_V13B23-285_D1,11
TTGCCATAGCCCGCTC-1_V13B23-285_D1,10
TTGCCCTGATCACGGG-1_V13B23-285_D1,10
TTGCCGCTTTCTAGTA-1_V13B23-285_D1,19
TTGCCGGTGATCCCTC-1_V13B23-285_D1,3
TTGCGGCATCAGAAAG-1_V13B23-285_D1,10
TTGCGTAGTTTGAGGA-1_V13B23-285_D1,12
TTGCGTCGGCCAACCG-1_V13B23-285_D1,10
TTGCGTGAACGCTTAG-1_V13B23-285_D1,3
TTGCTCATAGTACGTG-1_V13B23-285_D1,11
TTGCTCCCATACCGGA-1_V13B23-285_D1,14
TTGCTGAAGGAACCAC-1_V13B23-285_D1,12
TTGCTGATCATGTTCG-1_V13B23-285_D1,5
TTGCTGCACCTATCCA-1_V13B23-285_D1,5
TTGCTGGCCGGGCTTC-1_V13B23-285_D1,9
TTGGAAGAATACAGTC-1_V13B23-285_D1,10
TTGGACATGTGGCTTA-1_V13B23-285_D1,3
TTGGACCATCTGGCAA-1_V13B23-285_D1,11
TTGGACCTATAACAGT-1_V13B23-285_D1,19
TTGGATATCGTCTACG-1_V13B23-285_D1,5
TTGGATCGACTTCTGG-1_V13B23-285_D1,9
TTGGATTGGGTACCAC-1_V13B23-285_D1,14
TTGGCCATCTTGCGCT-1_V13B23-285_D1,5
TTGGCCTAGAATTTCG-1_V13B23-285_D1,6
TTGGCGATCCGAATAT-1_V13B23-285_D1,5
TTGGCTCAATATGTGT-1_V13B23-285_D1,11
TTGGCTCGCATGAGAC-1_V13B23-285_D1,5
TTGGGACACTGCCCGC-1_V13B23-285_D1,7
TTGGGACGTAAGAGTT-1_V13B23-285_D1,11
TTGGGCGGCGGTTGCC-1_V13B23-285_D1,3
TTGGGTTTATTCAGCG-1_V13B23-285_D1,15
TTGGTATGGCTTGTGT-1_V13B23-285_D1,1
TTGGTCACACTCGTAA-1_V13B23-285_D1,10
TTGGTTCGCTCAAAGG-1_V13B23-285_D1,7
TTGGTTGCGGTGCGCG-1_V13B23-285_D1,10
TTGTAAGGACCTAAGT-1_V13B23-285_D1,7
TTGTAAGGCCAGTTGG-1_V13B23-285_D1,19
TTGTAATCCGTACTCG-1_V13B23-285_D1,5
TTGTATCACACAGAAT-1_V13B23-285_D1,6
TTGTCGTTCAGTTACC-1_V13B23-285_D1,5
TTGTGAACCTAATCCG-1_V13B23-285_D1,11
TTGTGCAGCCACGTCA-1_V13B23-285_D1,19
TTGTGGCCCTGACAGT-1_V13B23-285_D1,5
TTGTGGTAGGAGGGAT-1_V13B23-285_D1,7
TTGTGGTATAGGTATG-1_V13B23-285_D1,1
TTGTGGTGGTACTAAG-1_V13B23-285_D1,11
TTGTGTATGCCACCAA-1_V13B23-285_D1,1
TTGTGTTTCCCGAAAG-1_V13B23-285_D1,12
TTGTTAGCAAATTCGA-1_V13B23-285_D1,5
TTGTTCAGTGTGCTAC-1_V13B23-285_D1,17
TTGTTGTGTGTCAAGA-1_V13B23-285_D1,3
TTGTTTCACATCCAGG-1_V13B23-285_D1,17
TTGTTTCATTAGTCTA-1_V13B23-285_D1,10
TTGTTTCCATACAACT-1_V13B23-285_D1,10
