key,cluster
AAACAAGTATCTCCCA-1_V12D07-075_C1,12
AAACAGAGCGACTCCT-1_V12D07-075_C1,5
AAACATTTCCCGGATT-1_V12D07-075_C1,12
AAACCCGAACGAAATC-1_V12D07-075_C1,5
AAACCGGAAATGTTAA-1_V12D07-075_C1,5
AAACCGGGTAGGTACC-1_V12D07-075_C1,2
AAACCGTTCGTCCAGG-1_V12D07-075_C1,2
AAACCTAAGCAGCCGG-1_V12D07-075_C1,10
AAACCTCATGAAGTTG-1_V12D07-075_C1,10
AAACGAAGAACATACC-1_V12D07-075_C1,5
AAACGAGACGGTTGAT-1_V12D07-075_C1,12
AAACGCTGGGCACGAC-1_V12D07-075_C1,8
AAACGGTTGCGAACTG-1_V12D07-075_C1,3
AAACGTGTTCGCCCTA-1_V12D07-075_C1,5
AAACTAACGTGGCGAC-1_V12D07-075_C1,5
AAACTCGGTTCGCAAT-1_V12D07-075_C1,12
AAACTCGTGATATAAG-1_V12D07-075_C1,5
AAACTGCTGGCTCCAA-1_V12D07-075_C1,12
AAAGAATGTGGACTAA-1_V12D07-075_C1,12
AAAGACCCAAGTCGCG-1_V12D07-075_C1,5
AAAGACTGGGCGCTTT-1_V12D07-075_C1,10
AAAGCTTGCCTACATA-1_V12D07-075_C1,5
AAAGGCTACGGACCAT-1_V12D07-075_C1,10
AAAGGCTCTCGCGCCG-1_V12D07-075_C1,10
AAAGGGATGTAGCAAG-1_V12D07-075_C1,10
AAAGGGCAGCTTGAAT-1_V12D07-075_C1,10
AAAGGTAAGCTGTACC-1_V12D07-075_C1,5
AAAGTCACTGATGTAA-1_V12D07-075_C1,5
AAAGTCGACCCTCAGT-1_V12D07-075_C1,1
AAAGTGCCATCAATTA-1_V12D07-075_C1,12
AAAGTGTGATTTATCT-1_V12D07-075_C1,12
AAAGTTGACTCCCGTA-1_V12D07-075_C1,12
AAATAACCATACGGGA-1_V12D07-075_C1,5
AAATAAGGTAGTGCCC-1_V12D07-075_C1,5
AAATACCTATAAGCAT-1_V12D07-075_C1,10
AAATAGCTTAGACTTT-1_V12D07-075_C1,5
AAATAGGGTGCTATTG-1_V12D07-075_C1,9
AAATCGTGTACCACAA-1_V12D07-075_C1,10
AAATCTAGCCCTGCTA-1_V12D07-075_C1,12
AAATGATTCGATCAGC-1_V12D07-075_C1,5
AAATGGCATGTCTTGT-1_V12D07-075_C1,5
AAATGGTCAATGTGCC-1_V12D07-075_C1,10
AAATTAACGGGTAGCT-1_V12D07-075_C1,10
AAATTAATAAGCGCGA-1_V12D07-075_C1,9
AAATTACACGACTCTG-1_V12D07-075_C1,5
AAATTACCTATCGATG-1_V12D07-075_C1,2
AAATTCCAGGTCCAAA-1_V12D07-075_C1,5
AAATTGGTGAGAAGCA-1_V12D07-075_C1,5
AAATTTACCGAAATCC-1_V12D07-075_C1,5
AAATTTGCGGGTGTGG-1_V12D07-075_C1,2
AACAACTGGTAGTTGC-1_V12D07-075_C1,10
AACACACGCTCGCCGC-1_V12D07-075_C1,10
AACACGACTGTACTGA-1_V12D07-075_C1,5
AACACGCGGCCGCGAA-1_V12D07-075_C1,5
AACAGGATGGGCCGCG-1_V12D07-075_C1,10
AACAGGTAGTATGGAT-1_V12D07-075_C1,2
AACATATCAACTGGTG-1_V12D07-075_C1,2
AACATCGATACGTCTA-1_V12D07-075_C1,5
AACATTGTGACTCGAG-1_V12D07-075_C1,10
AACCAAGACTTCTCTG-1_V12D07-075_C1,10
AACCAGTATCACTCTT-1_V12D07-075_C1,5
AACCATGGGATCGCTA-1_V12D07-075_C1,5
AACCCAGAGACGGAGA-1_V12D07-075_C1,11
AACCCGAGCAGAATCG-1_V12D07-075_C1,12
AACCCTACTGTCAATA-1_V12D07-075_C1,12
AACCCTGGTGGAACCA-1_V12D07-075_C1,5
AACCGAGCTTGGTCAT-1_V12D07-075_C1,10
AACCGCTAAGGGATGC-1_V12D07-075_C1,12
AACCGTTGTGTTTGCT-1_V12D07-075_C1,5
AACCTCGCTTTAGCCC-1_V12D07-075_C1,10
AACCTGTCACGGAATT-1_V12D07-075_C1,5
AACCTTTAAATACGGT-1_V12D07-075_C1,10
AACCTTTACGACGTCT-1_V12D07-075_C1,2
AACGATAATGCCGTAG-1_V12D07-075_C1,9
AACGATATGTCAACTG-1_V12D07-075_C1,5
AACGCATGATCTGGGT-1_V12D07-075_C1,7
AACGCGAACGGCAACA-1_V12D07-075_C1,10
AACGCGACCTTGGGCG-1_V12D07-075_C1,10
AACGCGGTCTCCAGCC-1_V12D07-075_C1,10
AACGCTGTTGCTGAAA-1_V12D07-075_C1,12
AACGGACGTACGTATA-1_V12D07-075_C1,12
AACGGCCATCTCCGGT-1_V12D07-075_C1,2
AACGTACTGTGGGTAC-1_V12D07-075_C1,2
AACGTGATGAAGGACA-1_V12D07-075_C1,5
AACGTGCGAAAGTCTC-1_V12D07-075_C1,10
AACGTTATCAGCACCT-1_V12D07-075_C1,10
AACTACCCGTTTGTCA-1_V12D07-075_C1,10
AACTAGGCTTGGGTGT-1_V12D07-075_C1,10
AACTCAAGTTAATTGC-1_V12D07-075_C1,10
AACTCCAGAGCGTGTT-1_V12D07-075_C1,9
AACTCCTAATCCCATG-1_V12D07-075_C1,5
AACTCGATGGCGCAGT-1_V12D07-075_C1,5
AACTCTCAATAGAGCG-1_V12D07-075_C1,2
AACTCTCAGTGTGCTC-1_V12D07-075_C1,2
AACTGAGGTCAGCGTC-1_V12D07-075_C1,5
AACTGAGTTATACTGA-1_V12D07-075_C1,5
AACTGATATTAGGCCT-1_V12D07-075_C1,5
AACTGGGTCCCGACGT-1_V12D07-075_C1,5
AACTGGTGTGGGCCTT-1_V12D07-075_C1,5
AACTTGCCCGTATGCA-1_V12D07-075_C1,10
AACTTTACGGGAGCTT-1_V12D07-075_C1,10
AAGAAGGATCAGTTAG-1_V12D07-075_C1,11
AAGACATACGTGGTTT-1_V12D07-075_C1,12
AAGACCCAACTGAACA-1_V12D07-075_C1,10
AAGACTGCAAGCTACT-1_V12D07-075_C1,10
AAGAGATGAATCGGTA-1_V12D07-075_C1,10
AAGAGCTCTTTATCGG-1_V12D07-075_C1,12
AAGAGGATGTACGCGA-1_V12D07-075_C1,10
AAGAGGCATGGATCGC-1_V12D07-075_C1,12
AAGAGGCCCTTTGGAA-1_V12D07-075_C1,12
AAGATTGGCGGAACGT-1_V12D07-075_C1,10
AAGCACCCTGCGTATC-1_V12D07-075_C1,10
AAGCATACTCTCCTGA-1_V12D07-075_C1,10
AAGCCGAAGCGGTTTA-1_V12D07-075_C1,12
AAGCCGGAGAGCAGGA-1_V12D07-075_C1,12
AAGCGCAGGGCTTTGA-1_V12D07-075_C1,12
AAGCGGCGTCATGGGT-1_V12D07-075_C1,5
AAGCTAGATCGAGTAA-1_V12D07-075_C1,10
AAGCTCGTGCCAAGTC-1_V12D07-075_C1,10
AAGCTCTTTCATGGTG-1_V12D07-075_C1,9
AAGGAGCGGTTGGTGC-1_V12D07-075_C1,10
AAGGATGAGGGACCTC-1_V12D07-075_C1,2
AAGGCAGGCTGTCTCC-1_V12D07-075_C1,5
AAGGCGCGTAAAGCTT-1_V12D07-075_C1,10
AAGGCTGTGCTCATCG-1_V12D07-075_C1,10
AAGGGACAGATTCTGT-1_V12D07-075_C1,10
AAGGTATCCTAATATA-1_V12D07-075_C1,5
AAGGTGATAAACCAGC-1_V12D07-075_C1,12
AAGTAGAAGACCGGGT-1_V12D07-075_C1,10
AAGTAGTGACGCGAGG-1_V12D07-075_C1,10
AAGTCAATTGTCGTCA-1_V12D07-075_C1,12
AAGTCTTCTGTGGCCT-1_V12D07-075_C1,12
AAGTGACGACCGAATT-1_V12D07-075_C1,2
AAGTGAGTCGGGTTTA-1_V12D07-075_C1,8
AAGTGCAAAGGTAGAC-1_V12D07-075_C1,11
AAGTGCCTTGACTGTA-1_V12D07-075_C1,12
AAGTGTTTGGAGACGG-1_V12D07-075_C1,9
AAGTTCACTCCAAGCT-1_V12D07-075_C1,9
AAGTTCAGTCTGCGTA-1_V12D07-075_C1,5
AAGTTCGGCCAACAGG-1_V12D07-075_C1,2
AAGTTTACTAATGGCA-1_V12D07-075_C1,5
AAGTTTATGGGCCCAA-1_V12D07-075_C1,12
AATAACAACGCTCGGC-1_V12D07-075_C1,10
AATAACACTAGAACAA-1_V12D07-075_C1,2
AATAAGTCCTCGAGAC-1_V12D07-075_C1,3
AATAATCTTCGTATCG-1_V12D07-075_C1,5
AATAGAACAGAGTGGC-1_V12D07-075_C1,2
AATAGAATCTGTTTCA-1_V12D07-075_C1,8
AATAGCAAGCCTCCTG-1_V12D07-075_C1,5
AATAGCTACCGCGTGC-1_V12D07-075_C1,5
AATAGTCCGTCCCGAC-1_V12D07-075_C1,10
AATAGTCGCGAGTCGG-1_V12D07-075_C1,10
AATATCAAGGTCGGAT-1_V12D07-075_C1,5
AATATCGAATCAATGC-1_V12D07-075_C1,2
AATATCGAGGGTTCTC-1_V12D07-075_C1,2
AATCAGACTGCAGGAC-1_V12D07-075_C1,1
AATCATGTAAAGACTC-1_V12D07-075_C1,12
AATCCAAGGGCCTGAG-1_V12D07-075_C1,5
AATCCATGCAAGGGTG-1_V12D07-075_C1,5
AATCGCCTCAGCGCCA-1_V12D07-075_C1,10
AATCGCGCAGAGGACT-1_V12D07-075_C1,5
AATCGGGACACTACGA-1_V12D07-075_C1,5
AATCGGTATAGCCCTC-1_V12D07-075_C1,2
AATCGTGAGCCGAGCA-1_V12D07-075_C1,12
AATCTATGCCGGAGCC-1_V12D07-075_C1,5
AATCTCTACTGTGGTT-1_V12D07-075_C1,2
AATCTGCGTTGGGACG-1_V12D07-075_C1,2
AATGACAGCAATGTCT-1_V12D07-075_C1,2
AATGACGTAGGATGTC-1_V12D07-075_C1,12
AATGACTGTCAGCCGG-1_V12D07-075_C1,10
AATGAGTTCGCATATG-1_V12D07-075_C1,9
AATGATGATACGCTAT-1_V12D07-075_C1,5
AATGATGCGACTCCTG-1_V12D07-075_C1,5
AATGCAACCGGGTACC-1_V12D07-075_C1,10
AATGCACCAAGCAATG-1_V12D07-075_C1,5
AATGGTTCTCACAAGC-1_V12D07-075_C1,10
AATGTTGTCGTGAGAC-1_V12D07-075_C1,12
AATTAAAGGTCGGCGT-1_V12D07-075_C1,10
AATTAACGGATTTCCA-1_V12D07-075_C1,11
AATTACTCGTACGCTC-1_V12D07-075_C1,11
AATTAGCGCTGCAGCG-1_V12D07-075_C1,10
AATTCATAAGGGATCT-1_V12D07-075_C1,5
AATTCCAAGCATGTAC-1_V12D07-075_C1,9
AATTCGATTCGAGGAT-1_V12D07-075_C1,10
AATTCTAGAGTTAGGC-1_V12D07-075_C1,10
AATTGAACGCTCTGGT-1_V12D07-075_C1,12
AATTGCAGCAATCGAC-1_V12D07-075_C1,10
AATTGTGGTTGCCAAA-1_V12D07-075_C1,12
AATTTGGGACATAGTA-1_V12D07-075_C1,5
AATTTGGTTCCAAAGA-1_V12D07-075_C1,7
ACAAAGCATGACCTAG-1_V12D07-075_C1,9
ACAAATCGCACCGAAT-1_V12D07-075_C1,10
ACAAATGGTAGTGTTT-1_V12D07-075_C1,12
ACAAATTCAGATCTGA-1_V12D07-075_C1,5
ACAACAGCATGAGCTA-1_V12D07-075_C1,12
ACAACGGTCCCTGCGA-1_V12D07-075_C1,10
ACAAGCAGTGCCTAGC-1_V12D07-075_C1,1
ACAAGCTATATGGAAG-1_V12D07-075_C1,12
ACAAGGAAATCCGCCC-1_V12D07-075_C1,10
ACAAGGACAAGAGGTT-1_V12D07-075_C1,10
ACAAGGATGCTTTAGG-1_V12D07-075_C1,10
ACAAGGGCAGGCTCTG-1_V12D07-075_C1,10
ACAATCCATTTAAACC-1_V12D07-075_C1,10
ACAATGATTCTTCTAC-1_V12D07-075_C1,5
ACAATTGTGTCTCTTT-1_V12D07-075_C1,12
ACAATTTAGGAGGCTC-1_V12D07-075_C1,10
ACAATTTGAGCAGTGG-1_V12D07-075_C1,2
ACAATTTGGCCATATT-1_V12D07-075_C1,5
ACACAAAGACGGGTGG-1_V12D07-075_C1,10
ACACACCAGGACCAGT-1_V12D07-075_C1,12
ACACACTTTCTACACG-1_V12D07-075_C1,5
ACACATTGACGCAACA-1_V12D07-075_C1,12
ACACCACATAATTAGC-1_V12D07-075_C1,5
ACACCCAGCATGCAGC-1_V12D07-075_C1,5
ACACCCGAGAAATCCG-1_V12D07-075_C1,10
ACACCGAGCGCTCTTT-1_V12D07-075_C1,9
ACACCTTAAGTAGGGC-1_V12D07-075_C1,10
ACACCTTACTACTTGC-1_V12D07-075_C1,5
ACACGAGACTCCTTCT-1_V12D07-075_C1,10
ACACGGCACTATGCAT-1_V12D07-075_C1,6
ACACGGGAACTTAGGG-1_V12D07-075_C1,10
ACACGTAGGCCACAAG-1_V12D07-075_C1,12
ACACTCCAATGTCACT-1_V12D07-075_C1,10
ACACTGATCAAGGTGT-1_V12D07-075_C1,2
ACACTGGGACAGTCGT-1_V12D07-075_C1,12
ACAGATTAGGTTAGTG-1_V12D07-075_C1,5
ACAGCATAGAGCCAGT-1_V12D07-075_C1,5
ACAGCGACATTCTCAT-1_V12D07-075_C1,9
ACAGCGCACCCGCAGC-1_V12D07-075_C1,5
ACAGGCACGGATCCTT-1_V12D07-075_C1,12
ACAGGCTTGCCCGACT-1_V12D07-075_C1,10
ACAGGTGGAGGTGAGG-1_V12D07-075_C1,2
ACAGGTGTGTTGTTGC-1_V12D07-075_C1,2
ACAGTATACCGTGGGA-1_V12D07-075_C1,5
ACATCAGCTGGGACGC-1_V12D07-075_C1,10
ACATCCCGGCCATACG-1_V12D07-075_C1,8
ACATCCTGGTAACTGT-1_V12D07-075_C1,12
ACATCGATCGTTTACC-1_V12D07-075_C1,10
ACATCGGTCAGCCGCG-1_V12D07-075_C1,10
ACATCGTATGCAATGG-1_V12D07-075_C1,12
ACATCGTTAACCTAGT-1_V12D07-075_C1,5
ACATGGCGCCAAAGTA-1_V12D07-075_C1,2
ACATGGCTCAATTTAG-1_V12D07-075_C1,10
ACATTAGTTTATATCC-1_V12D07-075_C1,10
ACCAAACACCCAGCGA-1_V12D07-075_C1,5
ACCAACACCACACACT-1_V12D07-075_C1,5
ACCAACCGCACTCCAC-1_V12D07-075_C1,12
ACCAACGCTTATTTAT-1_V12D07-075_C1,2
ACCAAGAACGCGTGTC-1_V12D07-075_C1,5
ACCAAGTCATCGGCAG-1_V12D07-075_C1,12
ACCAATATGCAAGTTA-1_V12D07-075_C1,10
ACCACAACTCAGAACA-1_V12D07-075_C1,5
ACCACAAGTTTCTATC-1_V12D07-075_C1,10
ACCACCAATGTAACAA-1_V12D07-075_C1,2
ACCACCCTCTCTTCTA-1_V12D07-075_C1,7
ACCACGTGCAGCTATA-1_V12D07-075_C1,10
ACCACTGTTCAAGAAG-1_V12D07-075_C1,10
ACCAGACCATAACAAC-1_V12D07-075_C1,12
ACCAGCCCGGTCTTTG-1_V12D07-075_C1,5
ACCAGTGCCCGGTCAA-1_V12D07-075_C1,5
ACCAGTGCGGGAGACG-1_V12D07-075_C1,12
ACCATATCCGCAATAA-1_V12D07-075_C1,10
ACCATCGTATATGGTA-1_V12D07-075_C1,10
ACCATTAAGGGTGTCA-1_V12D07-075_C1,9
ACCCAACGCCCGTGGC-1_V12D07-075_C1,2
ACCCACCTACATGCTC-1_V12D07-075_C1,10
ACCCATCTTGAGGGTA-1_V12D07-075_C1,10
ACCCATTTGTCCCTCT-1_V12D07-075_C1,9
ACCCGGAAACTCCCAG-1_V12D07-075_C1,10
ACCCGGAGCACCACAA-1_V12D07-075_C1,12
ACCCGGATGACGCATC-1_V12D07-075_C1,2
ACCCGGTTACACTTCC-1_V12D07-075_C1,10
ACCCGTAGTCTAGTTG-1_V12D07-075_C1,12
ACCCGTGTCATCAGTA-1_V12D07-075_C1,10
ACCCTATAGGACTGAG-1_V12D07-075_C1,10
ACCCTATGCCATATCG-1_V12D07-075_C1,2
ACCCTCCCGTCAGGGC-1_V12D07-075_C1,12
ACCCTCCCTTGCTATT-1_V12D07-075_C1,3
ACCCTGGTAACGCCCT-1_V12D07-075_C1,5
ACCCTTCATCTGCGAA-1_V12D07-075_C1,3
ACCCTTTAGTTCTCCA-1_V12D07-075_C1,11
ACCGAAAGGGCCCTGC-1_V12D07-075_C1,5
ACCGACACATCTCCCA-1_V12D07-075_C1,10
ACCGACTGAGTCCCAC-1_V12D07-075_C1,10
ACCGATAGGCATAACC-1_V12D07-075_C1,12
ACCGATATTTAATCAT-1_V12D07-075_C1,5
ACCGATGGTAGCATCG-1_V12D07-075_C1,2
ACCGCAATAACTGCCT-1_V12D07-075_C1,10
ACCGCGGTGGAAGTCG-1_V12D07-075_C1,2
ACCGGGCCTTTGTTGA-1_V12D07-075_C1,12
ACCGTTCCCGCTCTGA-1_V12D07-075_C1,5
ACCTAATCGACTTCCT-1_V12D07-075_C1,6
ACCTACAGTATGTGGT-1_V12D07-075_C1,5
ACCTACTATAAATCTA-1_V12D07-075_C1,10
ACCTCCGCCCTCGCTG-1_V12D07-075_C1,12
ACCTCCGTTATTCACC-1_V12D07-075_C1,5
ACGACCCATGAGTTGC-1_V12D07-075_C1,2
ACGACTCTAGGGCCGA-1_V12D07-075_C1,2
ACGAGAACCCATCACG-1_V12D07-075_C1,5
ACGAGATATTTGCTTA-1_V12D07-075_C1,5
ACGAGTACGGATGCCC-1_V12D07-075_C1,2
ACGATACATAGAACTA-1_V12D07-075_C1,5
ACGATACCTATCCTGA-1_V12D07-075_C1,4
ACGATCATACATAGAG-1_V12D07-075_C1,10
ACGATCATCTTGTAAA-1_V12D07-075_C1,2
ACGATGCATATGTTAT-1_V12D07-075_C1,10
ACGATGGATCCGATGC-1_V12D07-075_C1,5
ACGCAAACTAATAGAT-1_V12D07-075_C1,8
ACGCAATCACTACAGC-1_V12D07-075_C1,5
ACGCATAAATGACATG-1_V12D07-075_C1,5
ACGCATACGTTTACTA-1_V12D07-075_C1,9
ACGCATTCGTGAGTAC-1_V12D07-075_C1,9
ACGCCAGATGATTTCT-1_V12D07-075_C1,5
ACGCCAGTGCGTTTGC-1_V12D07-075_C1,2
ACGCCGCTAGACGACC-1_V12D07-075_C1,10
ACGCGAAGTCAGACGA-1_V12D07-075_C1,10
ACGCGCTACACAGGGT-1_V12D07-075_C1,2
ACGCGGGCCAAGGACA-1_V12D07-075_C1,10
ACGCGTTTCTTAAGAG-1_V12D07-075_C1,9
ACGCTAGTGATACACT-1_V12D07-075_C1,2
ACGCTGTGAGGCGTAG-1_V12D07-075_C1,2
ACGGAATTTAGCAAAT-1_V12D07-075_C1,11
ACGGACTCTCAAAGCG-1_V12D07-075_C1,12
ACGGAGCGCAAATTAC-1_V12D07-075_C1,5
ACGGCACTTGCTTGGG-1_V12D07-075_C1,10
ACGGCCAACATGGACT-1_V12D07-075_C1,10
ACGGCGACGATGGGAA-1_V12D07-075_C1,10
ACGGCGGGTTGCCCTG-1_V12D07-075_C1,5
ACGGGCGTATGCGACA-1_V12D07-075_C1,7
ACGGGTCATGTGACTT-1_V12D07-075_C1,12
ACGGTACAGTTCAATG-1_V12D07-075_C1,12
ACGTACAGATTTCTCT-1_V12D07-075_C1,5
ACGTAGATTGCTGATG-1_V12D07-075_C1,9
ACGTAGGAGAGTCGCT-1_V12D07-075_C1,2
ACGTATTACTCCGATC-1_V12D07-075_C1,12
ACGTGCGCCTCGTGCA-1_V12D07-075_C1,5
ACGTTAATGTCGAAGA-1_V12D07-075_C1,10
ACGTTAGATTTGCCCG-1_V12D07-075_C1,10
ACGTTCCGCGCTCCGT-1_V12D07-075_C1,5
ACGTTCGCAATCAATT-1_V12D07-075_C1,5
ACGTTCGTTCAGGAAA-1_V12D07-075_C1,2
ACGTTCTGTACAAGTC-1_V12D07-075_C1,12
ACGTTTAGTTGTGATC-1_V12D07-075_C1,5
ACTAATACGTCAGGCG-1_V12D07-075_C1,5
ACTACCAGCTCTCTGG-1_V12D07-075_C1,10
ACTACGCGTTAGAATT-1_V12D07-075_C1,10
ACTAGTTGCGATCGTC-1_V12D07-075_C1,12
ACTATATGCTGTGTTC-1_V12D07-075_C1,5
ACTATCGCCGGCTAAA-1_V12D07-075_C1,9
ACTATTTCCGGGCCCA-1_V12D07-075_C1,2
ACTCAACGAATGTATT-1_V12D07-075_C1,5
ACTCAAGTGCAAGGCT-1_V12D07-075_C1,10
ACTCAATAAAGGCACG-1_V12D07-075_C1,10
ACTCAGACCTGCTTCT-1_V12D07-075_C1,5
ACTCCCGAATTCGTTT-1_V12D07-075_C1,5
ACTCCCTAATGCTAAA-1_V12D07-075_C1,10
ACTCCCTAGAATAGTA-1_V12D07-075_C1,10
ACTCCGGCCGACCACT-1_V12D07-075_C1,12
ACTCGATGTATTTCAT-1_V12D07-075_C1,7
ACTCGCCGTTCGATAA-1_V12D07-075_C1,12
ACTCGCGATCTGACGC-1_V12D07-075_C1,5
ACTCGTCAGTAATCCC-1_V12D07-075_C1,12
ACTCTAAACCTGGGAT-1_V12D07-075_C1,10
ACTCTCTGACTTAGGT-1_V12D07-075_C1,10
ACTCTCTTATACACGA-1_V12D07-075_C1,5
ACTCTGACCTAATAGA-1_V12D07-075_C1,9
ACTCTTCAGCTCCCGC-1_V12D07-075_C1,5
ACTCTTGTATAGTAAC-1_V12D07-075_C1,10
ACTGAAACGCCGTTAG-1_V12D07-075_C1,12
ACTGAATGGCGAAAGT-1_V12D07-075_C1,12
ACTGCGGACACACCGT-1_V12D07-075_C1,5
ACTGTACGATACACAT-1_V12D07-075_C1,10
ACTGTAGCACTTTGGA-1_V12D07-075_C1,10
ACTGTATACGCGAGCA-1_V12D07-075_C1,5
ACTGTCCAGGATTATA-1_V12D07-075_C1,10
ACTGTCTTCTTTAGAA-1_V12D07-075_C1,10
ACTTACCGGGCGCGCA-1_V12D07-075_C1,5
ACTTAGTACGACAAGA-1_V12D07-075_C1,10
ACTTATACTTACCCGG-1_V12D07-075_C1,12
ACTTATTAGGATCGGT-1_V12D07-075_C1,10
ACTTATTTATGTGCCA-1_V12D07-075_C1,12
ACTTCAGGCTGATCCC-1_V12D07-075_C1,10
ACTTCCATGCGGGACA-1_V12D07-075_C1,10
ACTTCGCCATACGCAC-1_V12D07-075_C1,10
ACTTCGCTAGCGAGTG-1_V12D07-075_C1,5
ACTTGACTCCCTCTTT-1_V12D07-075_C1,10
ACTTGGGACCCGGTGG-1_V12D07-075_C1,10
ACTTGTGGATGGAACG-1_V12D07-075_C1,12
ACTTTACCCTCATGAA-1_V12D07-075_C1,5
ACTTTCCTATAGCTTC-1_V12D07-075_C1,10
ACTTTGACTGCATCCT-1_V12D07-075_C1,2
ACTTTGTCGACGCACT-1_V12D07-075_C1,2
AGAAATTATGACTCGC-1_V12D07-075_C1,2
AGAACCCAGCGTGACA-1_V12D07-075_C1,5
AGAACGTGGTACATTC-1_V12D07-075_C1,10
AGAAGGTTGCCGAATT-1_V12D07-075_C1,10
AGAAGGTTGTAGGTCG-1_V12D07-075_C1,9
AGAATAAATCTTCAGG-1_V12D07-075_C1,7
AGAATGCGGGTTCGGA-1_V12D07-075_C1,5
AGAATTATGGATTCGA-1_V12D07-075_C1,2
AGAATTGTTTGACATA-1_V12D07-075_C1,11
AGACAGGCATCTCAGC-1_V12D07-075_C1,5
AGACATAGATCCTTCC-1_V12D07-075_C1,5
AGACCATGGGATACAA-1_V12D07-075_C1,10
AGACCCACCGCTGATC-1_V12D07-075_C1,10
AGACCCGCCCTCCTCG-1_V12D07-075_C1,10
AGACCGCTCCGCGGTT-1_V12D07-075_C1,12
AGACGAAGTGCCGGTC-1_V12D07-075_C1,12
AGACGCCCACTTCGCC-1_V12D07-075_C1,12
AGACGGGCCGATTTAA-1_V12D07-075_C1,5
AGACTAGCCTTCCAGA-1_V12D07-075_C1,10
AGACTGTTACCGGGTC-1_V12D07-075_C1,2
AGAGAACCGTCTAGGA-1_V12D07-075_C1,2
AGAGCCGCCGAGATTT-1_V12D07-075_C1,12
AGAGCGGGCTAATCAT-1_V12D07-075_C1,5
AGAGCGTACAAGCTCG-1_V12D07-075_C1,10
AGAGCTACGAAAGCAT-1_V12D07-075_C1,10
AGAGGCTTCGGAAACC-1_V12D07-075_C1,12
AGAGGGACAATTGTCC-1_V12D07-075_C1,5
AGAGTAAACTTCACTA-1_V12D07-075_C1,12
AGAGTATAGTGTTACG-1_V12D07-075_C1,5
AGAGTTAGAGACCGAT-1_V12D07-075_C1,5
AGATAACTTCAGGGCC-1_V12D07-075_C1,10
AGATACCAATAGAACC-1_V12D07-075_C1,9
AGATACCAGCACTTCA-1_V12D07-075_C1,5
AGATACCGGTGTTCAC-1_V12D07-075_C1,10
AGATACGACTTCATAT-1_V12D07-075_C1,4
AGATACTCAAGATCGA-1_V12D07-075_C1,12
AGATATAATACGACTA-1_V12D07-075_C1,12
AGATCGTGCATAAGAT-1_V12D07-075_C1,5
AGATCTCAGGTGTGAT-1_V12D07-075_C1,10
AGATGACTCGCCCACG-1_V12D07-075_C1,5
AGATGAGGGTTGCGAT-1_V12D07-075_C1,5
AGATGATGGAGTCTGG-1_V12D07-075_C1,5
AGATGCTATAACGAGC-1_V12D07-075_C1,9
AGATTATAGGACGTTT-1_V12D07-075_C1,10
AGCAAAGGCCGCTAGT-1_V12D07-075_C1,9
AGCAACATATCTTATT-1_V12D07-075_C1,12
AGCACCAGTACTCACG-1_V12D07-075_C1,8
AGCACTACCTCACCAG-1_V12D07-075_C1,8
AGCACTTAAGGACGCC-1_V12D07-075_C1,10
AGCAGAAGGAGAAAGA-1_V12D07-075_C1,12
AGCAGCCAGATGAATA-1_V12D07-075_C1,10
AGCATATCAATATGCT-1_V12D07-075_C1,12
AGCATCGTCGATAATT-1_V12D07-075_C1,5
AGCATTACGAGGCAAG-1_V12D07-075_C1,11
AGCCAAGCTTTGTGTC-1_V12D07-075_C1,10
AGCCACAGGTTACCCG-1_V12D07-075_C1,12
AGCCACTCCCGTGCTT-1_V12D07-075_C1,5
AGCCATATAGTATGTG-1_V12D07-075_C1,2
AGCCCATACATGTAAG-1_V12D07-075_C1,2
AGCCCGCAACAAGCAG-1_V12D07-075_C1,10
AGCCCGGTAGCCTGTA-1_V12D07-075_C1,2
AGCCCTAAGCGAAGTT-1_V12D07-075_C1,5
AGCCCTGTCGCACCGT-1_V12D07-075_C1,5
AGCCCTTCTAATCCGA-1_V12D07-075_C1,5
AGCCCTTGGACATCCC-1_V12D07-075_C1,12
AGCCGCAAATTCAAAT-1_V12D07-075_C1,12
AGCCGCTTGATTAGCG-1_V12D07-075_C1,9
AGCGACAGGAACGGTC-1_V12D07-075_C1,2
AGCGACATCCCATTCA-1_V12D07-075_C1,5
AGCGACCAACGATATT-1_V12D07-075_C1,10
AGCGATGCGCCTAATA-1_V12D07-075_C1,9
AGCGCATAATGAATCG-1_V12D07-075_C1,10
AGCGCGGGTGCCAATG-1_V12D07-075_C1,5
AGCGCTAGAGCGATGT-1_V12D07-075_C1,5
AGCGCTTATGGGCAAG-1_V12D07-075_C1,5
AGCGGACACTTCGTAG-1_V12D07-075_C1,10
AGCGGGAAGGGTCCAT-1_V12D07-075_C1,5
AGCGGGTCTGACACTC-1_V12D07-075_C1,9
AGCGGTTGCCGCTCTG-1_V12D07-075_C1,5
AGCGTACGAGAGCTAG-1_V12D07-075_C1,5
AGCGTCTGAACCCGCA-1_V12D07-075_C1,5
AGCGTGGTATTCTACT-1_V12D07-075_C1,10
AGCTAAGTACGCAGGC-1_V12D07-075_C1,10
AGCTAGAAGCAGAAGT-1_V12D07-075_C1,5
AGCTATTTAATCCAAC-1_V12D07-075_C1,5
AGCTCCATATATGTTC-1_V12D07-075_C1,9
AGCTCCTTCGCACATC-1_V12D07-075_C1,10
AGCTCTAGACGTTCCA-1_V12D07-075_C1,2
AGCTCTTCCCAGTGCA-1_V12D07-075_C1,5
AGCTCTTTACTCAGTT-1_V12D07-075_C1,10
AGCTGAAGTAAACCAA-1_V12D07-075_C1,5
AGCTTATAGAGACCTG-1_V12D07-075_C1,5
AGCTTCTTCTCGAGCA-1_V12D07-075_C1,12
AGCTTGATCTTAACTT-1_V12D07-075_C1,2
AGGAACGAACGACTTC-1_V12D07-075_C1,12
AGGAAGCTGTCCGCCG-1_V12D07-075_C1,10
AGGACATCGGCACACT-1_V12D07-075_C1,8
AGGACGACCCATTAGA-1_V12D07-075_C1,10
AGGACGCTCGATGTTG-1_V12D07-075_C1,5
AGGACTTATAGGAGAA-1_V12D07-075_C1,9
AGGAGACATCCACAGT-1_V12D07-075_C1,5
AGGAGGCCTTCGCGCG-1_V12D07-075_C1,12
AGGATAAAGTCGGGAT-1_V12D07-075_C1,10
AGGATATAGGGATTTA-1_V12D07-075_C1,12
AGGATATCCGACTGCA-1_V12D07-075_C1,2
AGGATTGCTTACGACA-1_V12D07-075_C1,5
AGGCACGTGACTGTCC-1_V12D07-075_C1,12
AGGCAGATGCGTAAAC-1_V12D07-075_C1,2
AGGCAGGGAGCGTACT-1_V12D07-075_C1,2
AGGCATTGTCGTAGGG-1_V12D07-075_C1,12
AGGCCACATTGGTTAC-1_V12D07-075_C1,5
AGGCCACCCGTTATGA-1_V12D07-075_C1,10
AGGCCCAGTGACTGGT-1_V12D07-075_C1,11
AGGCCTGAGAATCTCG-1_V12D07-075_C1,12
AGGCGATAACTGGCGT-1_V12D07-075_C1,12
AGGCGTCTATGGACGG-1_V12D07-075_C1,5
AGGCTATGGTTAGCTT-1_V12D07-075_C1,10
AGGCTTCCCGAAGAAG-1_V12D07-075_C1,2
AGGCTTGCTAGACACC-1_V12D07-075_C1,11
AGGGAAACGAGGTACT-1_V12D07-075_C1,5
AGGGACCGGCTGCGTT-1_V12D07-075_C1,5
AGGGACTCTACGCGAC-1_V12D07-075_C1,10
AGGGAGACATACTTCG-1_V12D07-075_C1,5
AGGGCAGCGGCGTGGT-1_V12D07-075_C1,5
AGGGCCCTAATGTTCT-1_V12D07-075_C1,12
AGGGCGTGATCGGCTA-1_V12D07-075_C1,3
AGGGCTGCAGTTACAG-1_V12D07-075_C1,10
AGGGTCAGTAACCCTA-1_V12D07-075_C1,5
AGGGTCGATGCGAACT-1_V12D07-075_C1,2
AGGGTCTGGACGCAGT-1_V12D07-075_C1,2
AGGGTGCTCTCGAGGG-1_V12D07-075_C1,2
AGGGTGGATAGTGCAT-1_V12D07-075_C1,7
AGGGTTCCCTTTGGTT-1_V12D07-075_C1,2
AGGGTTTAGTTCGGGA-1_V12D07-075_C1,10
AGGTAACCTCCTATTC-1_V12D07-075_C1,5
AGGTACGATATTGCCA-1_V12D07-075_C1,5
AGGTAGGTACAAAGCT-1_V12D07-075_C1,10
AGGTATAATTGATAGT-1_V12D07-075_C1,5
AGGTATGCGGACATTA-1_V12D07-075_C1,5
AGGTCGCCTCCCAACA-1_V12D07-075_C1,12
AGGTCGCGGAGTTACT-1_V12D07-075_C1,5
AGGTGCACGTCCACAT-1_V12D07-075_C1,12
AGGTGGTGACCTTCGC-1_V12D07-075_C1,10
AGGTGTATCGCCATGA-1_V12D07-075_C1,2
AGGTGTTGCCGACCAC-1_V12D07-075_C1,12
AGGTTACACCATGCCG-1_V12D07-075_C1,5
AGGTTGAGGCACGCTT-1_V12D07-075_C1,5
AGGTTTCACACACCTT-1_V12D07-075_C1,10
AGTAACGTTCATCCTG-1_V12D07-075_C1,5
AGTAACTATAGCAGCC-1_V12D07-075_C1,2
AGTAATGTCTTGCCGC-1_V12D07-075_C1,5
AGTACATCATTTATCA-1_V12D07-075_C1,5
AGTACCTTCGAGTGCT-1_V12D07-075_C1,5
AGTACGGCCCGTATCG-1_V12D07-075_C1,1
AGTACGGGCACCTGGC-1_V12D07-075_C1,5
AGTACGTGGCCTGTCT-1_V12D07-075_C1,5
AGTACTCTTATGCCCA-1_V12D07-075_C1,10
AGTAGAAGGCGCCTCA-1_V12D07-075_C1,12
AGTAGGAAGGAAGTTG-1_V12D07-075_C1,5
AGTAGGTAACATACAT-1_V12D07-075_C1,5
AGTATAATACTAGGCA-1_V12D07-075_C1,10
AGTATACACAGCGACA-1_V12D07-075_C1,8
AGTATTTGGCACGACC-1_V12D07-075_C1,2
AGTCAACACCACCATC-1_V12D07-075_C1,10
AGTCAAGATGACACTT-1_V12D07-075_C1,12
AGTCACTAGCTCTCGA-1_V12D07-075_C1,12
AGTCCATTGGCTGATG-1_V12D07-075_C1,12
AGTCCCTCGCAGAAAG-1_V12D07-075_C1,5
AGTCGACGGTCTCAAG-1_V12D07-075_C1,12
AGTCGGCCCAAACGAC-1_V12D07-075_C1,10
AGTCGGTTGCGTGAGA-1_V12D07-075_C1,5
AGTCGTATAAAGCAGA-1_V12D07-075_C1,10
AGTCGTCGACCACCAA-1_V12D07-075_C1,12
AGTCTAAAGTATACTC-1_V12D07-075_C1,5
AGTCTTCTCCTCAAAT-1_V12D07-075_C1,10
AGTCTTTAAAGTGTCC-1_V12D07-075_C1,12
AGTGAACAAACTTCTC-1_V12D07-075_C1,12
AGTGAAGATGGTGTCC-1_V12D07-075_C1,5
AGTGACCTACTTTACG-1_V12D07-075_C1,10
AGTGAGACTTCCAGTA-1_V12D07-075_C1,12
AGTGAGCCTCGCCGCC-1_V12D07-075_C1,2
AGTGAGGGTTTCTGAC-1_V12D07-075_C1,5
AGTGAGTCGAATTAAC-1_V12D07-075_C1,12
AGTGATAACCTGCGCG-1_V12D07-075_C1,10
AGTGATATGAGTAGTT-1_V12D07-075_C1,10
AGTGATTCAAGCAGGA-1_V12D07-075_C1,12
AGTGCACGCTTAAGAA-1_V12D07-075_C1,12
AGTGCGTAGCTCGTAA-1_V12D07-075_C1,2
AGTGCTAAACACAGCA-1_V12D07-075_C1,9
AGTGCTTGCACGAATA-1_V12D07-075_C1,12
AGTGGCGGCAATTTGA-1_V12D07-075_C1,2
AGTGGCGTCTGAAGGT-1_V12D07-075_C1,9
AGTGGCTCCGTCGGCC-1_V12D07-075_C1,2
AGTGGGAGTATACACG-1_V12D07-075_C1,9
AGTGGTTGCGTATAGG-1_V12D07-075_C1,12
AGTGTATTGCGCATTG-1_V12D07-075_C1,2
AGTGTGCTAAGATCGC-1_V12D07-075_C1,9
AGTGTGGTCTATTGTG-1_V12D07-075_C1,11
AGTTAAACACTTGCGA-1_V12D07-075_C1,10
AGTTAAGCGGTCCCGG-1_V12D07-075_C1,5
AGTTACCCTTAAGACT-1_V12D07-075_C1,10
AGTTACTCTATCGTGG-1_V12D07-075_C1,5
AGTTCACCGGTTGGAC-1_V12D07-075_C1,11
AGTTCCTACAGAATTA-1_V12D07-075_C1,10
AGTTCCTATTTATGTT-1_V12D07-075_C1,12
AGTTGACATCGGCTGG-1_V12D07-075_C1,5
AGTTGACGGTCCTTGC-1_V12D07-075_C1,9
AGTTGCTGACTGATAT-1_V12D07-075_C1,10
AGTTGGCAAGGCTAGA-1_V12D07-075_C1,12
AGTTTATGTAAAGACA-1_V12D07-075_C1,5
AGTTTCGCAGGTCGGA-1_V12D07-075_C1,5
AGTTTGCACCTGCCTC-1_V12D07-075_C1,10
AGTTTGGCACGGGTTG-1_V12D07-075_C1,12
AGTTTGGCCAGACCTA-1_V12D07-075_C1,2
ATAAACGGACCCGTAA-1_V12D07-075_C1,10
ATAAACGTTGCACCAC-1_V12D07-075_C1,12
ATAAAGGCTCGGTCGT-1_V12D07-075_C1,10
ATAAAGGTCAAGTACG-1_V12D07-075_C1,5
ATAAATATTAGCAGCT-1_V12D07-075_C1,10
ATAACGCCGGAGGGTC-1_V12D07-075_C1,12
ATAACGGAGTCCAACG-1_V12D07-075_C1,10
ATAACGTTACCTCCAC-1_V12D07-075_C1,5
ATAAGGTGGAGAACAT-1_V12D07-075_C1,10
ATAAGTACCCGATTGT-1_V12D07-075_C1,5
ATAAGTAGGATTCAGA-1_V12D07-075_C1,2
ATAAGTTACCGCGACG-1_V12D07-075_C1,10
ATAATACCGTTAGCCG-1_V12D07-075_C1,10
ATAATAGCTGTTGAAT-1_V12D07-075_C1,10
ATAATAGTGTAGGGAC-1_V12D07-075_C1,11
ATAATCTTGGAGAACC-1_V12D07-075_C1,9
ATAATTAGCTAAGTAG-1_V12D07-075_C1,9
ATACAGGCCCTCCAAT-1_V12D07-075_C1,10
ATACCACGGGCAACTT-1_V12D07-075_C1,10
ATACCAGGCTAATAGA-1_V12D07-075_C1,5
ATACCGTCATCCATAA-1_V12D07-075_C1,5
ATACCTAACCAAGAAA-1_V12D07-075_C1,11
ATACGAAGGCTTTCCA-1_V12D07-075_C1,5
ATACGCCGGCGAAACC-1_V12D07-075_C1,10
ATACGGGTTTCGATTG-1_V12D07-075_C1,5
ATACGGTGAAGATGCA-1_V12D07-075_C1,10
ATACGTACTTAGCCAC-1_V12D07-075_C1,10
ATACGTCCACTCCTGT-1_V12D07-075_C1,12
ATACGTTATGCACGGA-1_V12D07-075_C1,10
ATACTACCCGTACCAC-1_V12D07-075_C1,12
ATACTAGCATGACCCT-1_V12D07-075_C1,5
ATACTCTCGCCACTCT-1_V12D07-075_C1,5
ATACTGCCTTACACCG-1_V12D07-075_C1,10
ATACTTGTTCTCGAGC-1_V12D07-075_C1,11
ATAGACAACGGGACCT-1_V12D07-075_C1,2
ATAGACGAAGAGAAAG-1_V12D07-075_C1,10
ATAGAGTACTGGGACA-1_V12D07-075_C1,10
ATAGAGTTATCAACTT-1_V12D07-075_C1,10
ATAGCAACTAGGGAAG-1_V12D07-075_C1,12
ATAGCCTCAGTACCCA-1_V12D07-075_C1,10
ATAGCTGCTCTTGTTA-1_V12D07-075_C1,10
ATAGGAATCTAAGCTT-1_V12D07-075_C1,7
ATAGGCGGCTATAGAA-1_V12D07-075_C1,2
ATAGGCTAGCTTCGCA-1_V12D07-075_C1,2
ATAGGGATATCCTTGA-1_V12D07-075_C1,11
ATAGGTTGGGCAGATG-1_V12D07-075_C1,10
ATAGTCTTTGACGTGC-1_V12D07-075_C1,5
ATAGTGAAGCGTTCTC-1_V12D07-075_C1,10
ATAGTTCCACCCACTC-1_V12D07-075_C1,2
ATATAAAGCGCTCGTG-1_V12D07-075_C1,10
ATATAAATGTAGCTGC-1_V12D07-075_C1,10
ATATAACACGGGCGCA-1_V12D07-075_C1,12
ATATACGCTCGTGACG-1_V12D07-075_C1,12
ATATCAACCTACAGAG-1_V12D07-075_C1,10
ATATCGGTAGGGAGAT-1_V12D07-075_C1,5
ATATCGTTCCTCGAAC-1_V12D07-075_C1,12
ATATCTCCCTCGTTAA-1_V12D07-075_C1,5
ATATCTTAGGGCCTTC-1_V12D07-075_C1,10
ATATGGGATAGCAACT-1_V12D07-075_C1,10
ATATGTCTCCCTAGCC-1_V12D07-075_C1,2
ATATGTGCACAAACCA-1_V12D07-075_C1,5
ATATTATCCCGTATTT-1_V12D07-075_C1,9
ATATTCAGTTAAACCT-1_V12D07-075_C1,2
ATATTCCCACAGGTCA-1_V12D07-075_C1,5
ATATTGCTGTCAAAGT-1_V12D07-075_C1,11
ATATTGGAGAGGCCTT-1_V12D07-075_C1,12
ATATTTAACCCTCAAG-1_V12D07-075_C1,10
ATCAAACACTGTTCCA-1_V12D07-075_C1,12
ATCAAACGAAGGTTTG-1_V12D07-075_C1,2
ATCAATCTGGGCTGCA-1_V12D07-075_C1,10
ATCACATTAGAATATC-1_V12D07-075_C1,5
ATCACGTGCTAATTAA-1_V12D07-075_C1,2
ATCACTTCATCCTCGC-1_V12D07-075_C1,10
ATCAGACGGCACGCCG-1_V12D07-075_C1,10
ATCAGCCTCATGCTGC-1_V12D07-075_C1,5
ATCAGGTAGCTGACAG-1_V12D07-075_C1,5
ATCAGGTCGCCATTGC-1_V12D07-075_C1,5
ATCAGTAGGCAGGGAT-1_V12D07-075_C1,5
ATCATAGCCCTATGTA-1_V12D07-075_C1,12
ATCATCCAATATTTGT-1_V12D07-075_C1,10
ATCATGGACTACCGAC-1_V12D07-075_C1,5
ATCCAACGCAGTCATA-1_V12D07-075_C1,10
ATCCAATGGAGGGTCC-1_V12D07-075_C1,2
ATCCAATGGTACCGAA-1_V12D07-075_C1,12
ATCCACATCGACAGAA-1_V12D07-075_C1,9
ATCCACGCTAAATGTT-1_V12D07-075_C1,5
ATCCACTTTCAGACTA-1_V12D07-075_C1,5
ATCCAGAGCAACAACC-1_V12D07-075_C1,10
ATCCAGGATTCGTGAA-1_V12D07-075_C1,10
ATCCCATTTCCGTGGG-1_V12D07-075_C1,10
ATCCGGACCAGCCTGA-1_V12D07-075_C1,12
ATCCTACCTAAGCTCT-1_V12D07-075_C1,10
ATCCTGAATCGCTGCG-1_V12D07-075_C1,10
ATCCTGCGTGGAATGG-1_V12D07-075_C1,10
ATCCTGCTGCAGATAG-1_V12D07-075_C1,5
ATCCTTCTGAAAGAAC-1_V12D07-075_C1,5
ATCGACCCAATACAGA-1_V12D07-075_C1,12
ATCGACTCTTTCCGTT-1_V12D07-075_C1,10
ATCGCACGCCGGGAGA-1_V12D07-075_C1,10
ATCGCCAGTCAACATT-1_V12D07-075_C1,12
ATCGCTGCGTGCAGCA-1_V12D07-075_C1,5
ATCGCTTTACGTCTCA-1_V12D07-075_C1,5
ATCGGAGACAGACGGC-1_V12D07-075_C1,11
ATCGGCAAGCAGTCCA-1_V12D07-075_C1,5
ATCGGTTACCTAGTAA-1_V12D07-075_C1,12
ATCGTATTCCGAGAAC-1_V12D07-075_C1,9
ATCGTCCAATCGAGTC-1_V12D07-075_C1,11
ATCGTTAGCTAGCGGA-1_V12D07-075_C1,9
ATCGTTCACTTTCGCC-1_V12D07-075_C1,5
ATCTAACGTCCCTATG-1_V12D07-075_C1,9
ATCTAATATCCTACGG-1_V12D07-075_C1,10
ATCTACCATCTGCTCC-1_V12D07-075_C1,12
ATCTAGCTTGTGAGGG-1_V12D07-075_C1,12
ATCTCCCACGGAATAT-1_V12D07-075_C1,10
ATCTCCCTGCAATCTA-1_V12D07-075_C1,5
ATCTCGTGAGCGAAAC-1_V12D07-075_C1,5
ATCTGATAGTGTCTTA-1_V12D07-075_C1,9
ATCTGCACCTCTGCGA-1_V12D07-075_C1,2
ATCTGCTGTTATCGCC-1_V12D07-075_C1,10
ATCTGGGCTGTTCTTG-1_V12D07-075_C1,10
ATCTGGTTAAGACTGT-1_V12D07-075_C1,10
ATCTGTAATTGTACCC-1_V12D07-075_C1,5
ATCTTATCGCACACCC-1_V12D07-075_C1,10
ATCTTGACCTGCAACG-1_V12D07-075_C1,10
ATCTTGACTTGTCCAA-1_V12D07-075_C1,5
ATCTTTCGTATAACCA-1_V12D07-075_C1,7
ATGAAGCCAAGGAGCC-1_V12D07-075_C1,10
ATGAAGTGGACCCAGC-1_V12D07-075_C1,9
ATGACGCCGGCTCTAA-1_V12D07-075_C1,5
ATGACTATGCGACATT-1_V12D07-075_C1,12
ATGAGGAGTGTTAATC-1_V12D07-075_C1,10
ATGAGGGCAGCGGCTA-1_V12D07-075_C1,5
ATGATGCAATGGTACA-1_V12D07-075_C1,10
ATGCACTACCGCATTG-1_V12D07-075_C1,10
ATGCATGATCCAGGAT-1_V12D07-075_C1,10
ATGCCAATCGCTCTGC-1_V12D07-075_C1,5
ATGCCATTTGCGACCA-1_V12D07-075_C1,12
ATGCCGGTCTTGCATA-1_V12D07-075_C1,12
ATGCCGGTTGATGGGA-1_V12D07-075_C1,5
ATGCGACAATTGGTCC-1_V12D07-075_C1,2
ATGCGACAGTCCCATT-1_V12D07-075_C1,10
ATGCGAGTCCCACCAC-1_V12D07-075_C1,12
ATGCTCTGGCGCGGTA-1_V12D07-075_C1,12
ATGCTTAGGAGTTGAT-1_V12D07-075_C1,12
ATGGAACCTTTGCACA-1_V12D07-075_C1,5
ATGGAGCAGGCCGTGA-1_V12D07-075_C1,10
ATGGATCCGGCGTCCG-1_V12D07-075_C1,5
ATGGATTGACCAAACG-1_V12D07-075_C1,10
ATGGCAGCCGAGAAAC-1_V12D07-075_C1,3
ATGGCGGAATAGTCGC-1_V12D07-075_C1,5
ATGGCTGGAAATGGCC-1_V12D07-075_C1,5
ATGGGCCTCGGCCTCT-1_V12D07-075_C1,12
ATGGTCGCGTGGTTTC-1_V12D07-075_C1,8
ATGGTTACGAAACATG-1_V12D07-075_C1,5
ATGTAAGGCTGCTCTT-1_V12D07-075_C1,5
ATGTACATGCGGTGAG-1_V12D07-075_C1,12
ATGTACGATGACGTCG-1_V12D07-075_C1,9
ATGTAGCGCGCGTAGG-1_V12D07-075_C1,12
ATGTCATTTCCCATTG-1_V12D07-075_C1,4
ATGTGCATCCGACGCA-1_V12D07-075_C1,10
ATGTGGACATCTTGAT-1_V12D07-075_C1,10
ATGTTACGAGCAATAC-1_V12D07-075_C1,5
ATGTTCCTGCCCACCT-1_V12D07-075_C1,9
ATGTTCGTCGACCCAC-1_V12D07-075_C1,1
ATGTTGATTAGAGACT-1_V12D07-075_C1,12
ATGTTGTAGTCTGTTT-1_V12D07-075_C1,12
ATGTTTCGGCCCGGAG-1_V12D07-075_C1,5
ATTAAACATGCGGACC-1_V12D07-075_C1,10
ATTAACACCTGAGATA-1_V12D07-075_C1,10
ATTAATACTACGCGGG-1_V12D07-075_C1,10
ATTAATGAACCAGTCG-1_V12D07-075_C1,5
ATTAATTCGGTCACTC-1_V12D07-075_C1,5
ATTACAACTACCGGCC-1_V12D07-075_C1,5
ATTACATGTCAGTCTT-1_V12D07-075_C1,12
ATTACCACACTGCCTG-1_V12D07-075_C1,5
ATTACGACTCCACAGT-1_V12D07-075_C1,5
ATTACGCGCTGGCAGG-1_V12D07-075_C1,2
ATTACTTACTGGGCAT-1_V12D07-075_C1,5
ATTAGATTCCTCAGCA-1_V12D07-075_C1,5
ATTAGATTGATAGCGG-1_V12D07-075_C1,5
ATTAGGCGATGCTTTC-1_V12D07-075_C1,10
ATTATACTTTGCTCGT-1_V12D07-075_C1,5
ATTATAGCTACTTTAC-1_V12D07-075_C1,5
ATTATCGGAATGTACG-1_V12D07-075_C1,10
ATTATGCCATAGGGAG-1_V12D07-075_C1,5
ATTATTCAGAGTCACT-1_V12D07-075_C1,9
ATTCAAAGTACCTGTT-1_V12D07-075_C1,12
ATTCAACCATTTAAGG-1_V12D07-075_C1,9
ATTCACTGATGTTGGA-1_V12D07-075_C1,10
ATTCAGGACCTATTTC-1_V12D07-075_C1,5
ATTCAGTAGCAGGGTC-1_V12D07-075_C1,10
ATTCATATACTGTCCA-1_V12D07-075_C1,10
ATTCATCGTTGAGGCA-1_V12D07-075_C1,9
ATTCCCACATAAACAA-1_V12D07-075_C1,10
ATTCCTAAGACGTGGA-1_V12D07-075_C1,5
ATTCCTCCGCCAGTGC-1_V12D07-075_C1,10
ATTCCTTCCAGGCGGT-1_V12D07-075_C1,5
ATTCGACGCCGGGCCT-1_V12D07-075_C1,10
ATTCGCGCCTTGAGAG-1_V12D07-075_C1,12
ATTCTCGTCTCTTTAG-1_V12D07-075_C1,5
ATTCTGAGTATGAACT-1_V12D07-075_C1,5
ATTCTTCGTACTTATG-1_V12D07-075_C1,5
ATTGAAGATCTTAGTG-1_V12D07-075_C1,10
ATTGACCGGCGATGAC-1_V12D07-075_C1,5
ATTGACGTAACTCGGT-1_V12D07-075_C1,5
ATTGATGAGTCCTAAC-1_V12D07-075_C1,2
ATTGCCTTTATGTTTG-1_V12D07-075_C1,10
ATTGCGATCAGTAACT-1_V12D07-075_C1,12
ATTGCTGCTCCTCCAT-1_V12D07-075_C1,8
ATTGGATTACAGCGTA-1_V12D07-075_C1,12
ATTGGGAATATCTTGG-1_V12D07-075_C1,5
ATTGGGAGTTCTGTAA-1_V12D07-075_C1,5
ATTGGTAGGATCCGCT-1_V12D07-075_C1,9
ATTGGTTGTGCATTAC-1_V12D07-075_C1,2
ATTGTACAACTCGGCT-1_V12D07-075_C1,10
ATTGTCGCAATACCTT-1_V12D07-075_C1,5
ATTGTCTGTTTCATGT-1_V12D07-075_C1,10
ATTGTGACTTCGCTGC-1_V12D07-075_C1,5
ATTGTTCAACGATCCG-1_V12D07-075_C1,5
ATTTAACTCGTATTAC-1_V12D07-075_C1,5
ATTTACAGTTTACTGG-1_V12D07-075_C1,10
ATTTACTAAGTCCATT-1_V12D07-075_C1,5
ATTTCATTATTTCGCG-1_V12D07-075_C1,5
ATTTGTCTTGGGAGCT-1_V12D07-075_C1,12
ATTTGTTCCAGGGCTC-1_V12D07-075_C1,5
CAAACCAGGTCTGCAT-1_V12D07-075_C1,12
CAAACCCTCCGGCGGG-1_V12D07-075_C1,2
CAAACGAGTATCGCAG-1_V12D07-075_C1,2
CAAACGGTCGCACTTT-1_V12D07-075_C1,10
CAAACTACGATAGAGA-1_V12D07-075_C1,5
CAAACTATTGAGCTTC-1_V12D07-075_C1,5
CAAACTCGCGACGCCG-1_V12D07-075_C1,2
CAAAGGTCATCTGAAA-1_V12D07-075_C1,5
CAAAGGTTAAATTCAG-1_V12D07-075_C1,5
CAAATGTCCTTCCGTG-1_V12D07-075_C1,10
CAAATTGGATTATGCC-1_V12D07-075_C1,5
CAAATTGTCAGCAAGC-1_V12D07-075_C1,5
CAACACATCTCCTGCC-1_V12D07-075_C1,5
CAACATGGCCTGATAA-1_V12D07-075_C1,9
CAACCAGTGGCCTACC-1_V12D07-075_C1,12
CAACCGCACCTAGACA-1_V12D07-075_C1,9
CAACCTACCGAGCAGT-1_V12D07-075_C1,12
CAACCTGAACCTGCCA-1_V12D07-075_C1,5
CAACGACCCGTTTACA-1_V12D07-075_C1,5
CAACGGTTCTTGATAC-1_V12D07-075_C1,11
CAACGTGGTGGAGTCT-1_V12D07-075_C1,12
CAACTATATCGAATGC-1_V12D07-075_C1,5
CAACTCCGTAACTTGC-1_V12D07-075_C1,5
CAACTCCTTGATCCCG-1_V12D07-075_C1,5
CAACTGCTCATCCGAT-1_V12D07-075_C1,10
CAACTTGTAGTGGGCA-1_V12D07-075_C1,5
CAAGAAACCCTAAACT-1_V12D07-075_C1,5
CAAGACTCAGAAGCGC-1_V12D07-075_C1,5
CAAGAGGGCGGAGTAC-1_V12D07-075_C1,10
CAAGATATTATAACGT-1_V12D07-075_C1,12
CAAGCAACGTCGGAGT-1_V12D07-075_C1,10
CAAGCACCAAATGCCT-1_V12D07-075_C1,5
CAAGCGGCACATAATT-1_V12D07-075_C1,10
CAAGGATCGCATGTTC-1_V12D07-075_C1,10
CAAGGCCAGTGGTGCA-1_V12D07-075_C1,12
CAAGGTCCTATAGGCT-1_V12D07-075_C1,5
CAAGTAAGTGATAGAC-1_V12D07-075_C1,8
CAAGTGAACTTTGGTT-1_V12D07-075_C1,5
CAAGTGTGGTTGCAAA-1_V12D07-075_C1,12
CAATAAACCTTGGCCC-1_V12D07-075_C1,2
CAATACGAGAGTCTGA-1_V12D07-075_C1,5
CAATACGCTCTGAGGC-1_V12D07-075_C1,2
CAATATTCTTGACCTA-1_V12D07-075_C1,2
CAATCCCTATACCAGC-1_V12D07-075_C1,5
CAATGAGGTTCGACTA-1_V12D07-075_C1,5
CAATGGAATCTACATA-1_V12D07-075_C1,5
CAATGGATCTCTACCA-1_V12D07-075_C1,2
CAATGGTCGGCCTGGG-1_V12D07-075_C1,5
CAATGTGCCAACCCTT-1_V12D07-075_C1,5
CAATTAAGGGTGATGA-1_V12D07-075_C1,10
CAATTTCGTATAAGGG-1_V12D07-075_C1,10
CAATTTGACCGGGAAG-1_V12D07-075_C1,11
CACAAGAAAGATATTA-1_V12D07-075_C1,5
CACAATGAGCTGCTAT-1_V12D07-075_C1,10
CACACACGCTAACGAG-1_V12D07-075_C1,12
CACACAGCTTGCGCTC-1_V12D07-075_C1,5
CACACAGGGATAGATT-1_V12D07-075_C1,11
CACACGCGCTGTCTTA-1_V12D07-075_C1,2
CACACTTGTATTGCGA-1_V12D07-075_C1,5
CACAGCACCCACGGCA-1_V12D07-075_C1,10
CACAGCTAGGGAGTGA-1_V12D07-075_C1,5
CACAGGGCCATATAGT-1_V12D07-075_C1,9
CACAGGGCCGTTGTCA-1_V12D07-075_C1,10
CACAGTCCCGCTTCGC-1_V12D07-075_C1,12
CACAGTTCGCTTCCCA-1_V12D07-075_C1,12
CACATATTAGCAGGAT-1_V12D07-075_C1,10
CACATCTCACCGACGA-1_V12D07-075_C1,10
CACATGATTCAGCAAC-1_V12D07-075_C1,10
CACATTCTTTCGATGG-1_V12D07-075_C1,5
CACATTTCTTGTCAGA-1_V12D07-075_C1,2
CACCACGCCACACAGA-1_V12D07-075_C1,12
CACCATCGGAGGAGAC-1_V12D07-075_C1,5
CACCATGATCGCAAAG-1_V12D07-075_C1,5
CACCCAAATCTTATGT-1_V12D07-075_C1,5
CACCCACACGTCACCC-1_V12D07-075_C1,11
CACCCACGAGGCAATT-1_V12D07-075_C1,5
CACCCGGTTTGTGACT-1_V12D07-075_C1,2
CACCCTTTCCTCGCTC-1_V12D07-075_C1,5
CACCGATACACCGAGC-1_V12D07-075_C1,5
CACCGCCAGAAGGTTT-1_V12D07-075_C1,10
CACCGCCGACCAGCGA-1_V12D07-075_C1,5
CACCGCGTCCACTCTA-1_V12D07-075_C1,5
CACCGGAGATATCTCC-1_V12D07-075_C1,5
CACCGTATCCCATCCG-1_V12D07-075_C1,12
CACCGTTAGGGATCAC-1_V12D07-075_C1,2
CACCGTTGCGCGATAT-1_V12D07-075_C1,2
CACCTAATCAGTTTAC-1_V12D07-075_C1,5
CACCTCGATGGTGGAC-1_V12D07-075_C1,5
CACCTTGCGAAACTCG-1_V12D07-075_C1,5
CACCTTGGCGCCTTTG-1_V12D07-075_C1,9
CACGAAAGTTAGTCCC-1_V12D07-075_C1,10
CACGACGTAATAGTAA-1_V12D07-075_C1,7
CACGCACAGCGCAGCT-1_V12D07-075_C1,10
CACGCAGCGAGGCTTT-1_V12D07-075_C1,10
CACGCGGAACTGTTGC-1_V12D07-075_C1,12
CACGGACGTGGATGGC-1_V12D07-075_C1,5
CACGGCGCGCCAAAGG-1_V12D07-075_C1,5
CACGGGATTGAGGGTT-1_V12D07-075_C1,10
CACGTCAATCAATGGA-1_V12D07-075_C1,12
CACGTCGGCAACCTCT-1_V12D07-075_C1,2
CACGTCGGGTTCTAGA-1_V12D07-075_C1,9
CACGTCTATGATGTGG-1_V12D07-075_C1,5
CACGTTCGTGCTCTAG-1_V12D07-075_C1,2
CACGTTTCGTACACAC-1_V12D07-075_C1,12
CACTAAAGTTGCCTAT-1_V12D07-075_C1,10
CACTACGGGAGCTGCC-1_V12D07-075_C1,9
CACTACTCAGTTCTGT-1_V12D07-075_C1,5
CACTCAAGAGCTATGG-1_V12D07-075_C1,10
CACTCAGCTCTTGAGG-1_V12D07-075_C1,5
CACTCCTCTCGGTCGG-1_V12D07-075_C1,5
CACTCGAGCTGAACAA-1_V12D07-075_C1,10
CACTCGGTTAGGAGGA-1_V12D07-075_C1,1
CACTCTTCTGCTAGCC-1_V12D07-075_C1,10
CACTGACGATTGTGGA-1_V12D07-075_C1,10
CACTTAATCAGACGGA-1_V12D07-075_C1,10
CACTTCGTCTTATCTC-1_V12D07-075_C1,10
CAGAACTTAGCCCTCT-1_V12D07-075_C1,10
CAGAATAACACACGGA-1_V12D07-075_C1,12
CAGAATATTCGTTATC-1_V12D07-075_C1,5
CAGACACCGATCGCTG-1_V12D07-075_C1,10
CAGACCTGTAAGTGTT-1_V12D07-075_C1,2
CAGACGAACCTGATAC-1_V12D07-075_C1,10
CAGAGACGGTCACCCA-1_V12D07-075_C1,10
CAGAGCATGAGCTTGC-1_V12D07-075_C1,10
CAGAGCGATGGATGCT-1_V12D07-075_C1,8
CAGAGGCGATGCATGA-1_V12D07-075_C1,2
CAGAGTGATTTAACGT-1_V12D07-075_C1,5
CAGATAATGGGCGGGT-1_V12D07-075_C1,10
CAGATACTAACATAGT-1_V12D07-075_C1,10
CAGATCATTTAAAGTC-1_V12D07-075_C1,5
CAGCAGCCCGTTCCTT-1_V12D07-075_C1,10
CAGCAGTCCAGACTAT-1_V12D07-075_C1,12
CAGCAGTCTGTGCTGC-1_V12D07-075_C1,9
CAGCCGGGCCCTCTAT-1_V12D07-075_C1,5
CAGCCTCCTGCAGAGG-1_V12D07-075_C1,5
CAGCCTCGATAGCGGT-1_V12D07-075_C1,12
CAGCCTCTCCTCAAGA-1_V12D07-075_C1,5
CAGCGATTCCCTTCAA-1_V12D07-075_C1,2
CAGCGCCAACACGATA-1_V12D07-075_C1,12
CAGCTCACTGAGACAT-1_V12D07-075_C1,10
CAGCTCGACAAGTTAA-1_V12D07-075_C1,2
CAGCTTAGTAGGTAGC-1_V12D07-075_C1,10
CAGGAAGACTTTATAT-1_V12D07-075_C1,5
CAGGACAGCTGCCCTT-1_V12D07-075_C1,5
CAGGATATATCGTTGT-1_V12D07-075_C1,10
CAGGCAGTCTTACCAG-1_V12D07-075_C1,10
CAGGCCGTTTGGGTGT-1_V12D07-075_C1,10
CAGGCGCCATGCTAGG-1_V12D07-075_C1,10
CAGTAACTATTTATTG-1_V12D07-075_C1,5
CAGTACATTCTCTAAA-1_V12D07-075_C1,5
CAGTAGATGATGTCCG-1_V12D07-075_C1,10
CAGTAGCCCACGCGGT-1_V12D07-075_C1,5
CAGTCGAGGATGCAAT-1_V12D07-075_C1,10
CAGTCTCTCGGCTAAT-1_V12D07-075_C1,10
CAGTCTGTATACTGGG-1_V12D07-075_C1,10
CAGTGAATAAATGACT-1_V12D07-075_C1,5
CAGTGTCCGCAGAATG-1_V12D07-075_C1,11
CAGTGTCGGCTGGCCC-1_V12D07-075_C1,10
CAGTTCAAATTGACAC-1_V12D07-075_C1,10
CAGTTCGAGGACCCGA-1_V12D07-075_C1,10
CATAACGGACAGTCGT-1_V12D07-075_C1,2
CATAAGAAGCTTGGCT-1_V12D07-075_C1,10
CATAATGAGCGGGCGA-1_V12D07-075_C1,5
CATACAAAGCCGAACC-1_V12D07-075_C1,10
CATACACGGTTCCCAC-1_V12D07-075_C1,10
CATACCCGTACCCAGT-1_V12D07-075_C1,10
CATACGGCGTCTGGGC-1_V12D07-075_C1,10
CATACTATGTAATTGT-1_V12D07-075_C1,10
CATACTTAGGCAATAC-1_V12D07-075_C1,5
CATACTTCTTTCTCCG-1_V12D07-075_C1,8
CATAGAGGAGATACTA-1_V12D07-075_C1,12
CATAGCGTTGCCCACC-1_V12D07-075_C1,2
CATAGTACATTGAGAG-1_V12D07-075_C1,5
CATAGTAGCATAGTAG-1_V12D07-075_C1,10
CATAGTCAAATACATA-1_V12D07-075_C1,12
CATAGTCCACAAGAAC-1_V12D07-075_C1,2
CATAGTGGGCACGCCT-1_V12D07-075_C1,8
CATATACTACTGATAA-1_V12D07-075_C1,5
CATATAGGTACAGTCA-1_V12D07-075_C1,10
CATATTATTTGCCCTA-1_V12D07-075_C1,5
CATCAAACTGGCGCCC-1_V12D07-075_C1,5
CATCAACACCTACTAA-1_V12D07-075_C1,9
CATCATCTACCCGGAC-1_V12D07-075_C1,5
CATCATTACCCTGAGG-1_V12D07-075_C1,12
CATCCCGAGATTCATA-1_V12D07-075_C1,12
CATCCGCAGGCCCGAA-1_V12D07-075_C1,9
CATCCTCTCAAAGATC-1_V12D07-075_C1,12
CATCGGACGGGTTAAT-1_V12D07-075_C1,10
CATCGTCCGGTTACTA-1_V12D07-075_C1,10
CATCTACCCGAGAACG-1_V12D07-075_C1,5
CATCTAGTGAAGGGAA-1_V12D07-075_C1,5
CATCTATCCCGTGTCT-1_V12D07-075_C1,5
CATCTGCAGGATCATT-1_V12D07-075_C1,9
CATGAACCGACATTTG-1_V12D07-075_C1,5
CATGAACCTCTTATCA-1_V12D07-075_C1,6
CATGACTTCGCTGAAT-1_V12D07-075_C1,2
CATGAGATGCACTCTC-1_V12D07-075_C1,10
CATGATCGCTTTGAGA-1_V12D07-075_C1,12
CATGATGCACAATTCT-1_V12D07-075_C1,10
CATGATGGAAGTTAGC-1_V12D07-075_C1,12
CATGCATGGAGACCCT-1_V12D07-075_C1,6
CATGCGACCAGTTTAA-1_V12D07-075_C1,10
CATGCGTTAGACAGAA-1_V12D07-075_C1,5
CATGCTGGCTCCAATT-1_V12D07-075_C1,5
CATGGAAATGGGACCA-1_V12D07-075_C1,5
CATGGATTGTCTTCCG-1_V12D07-075_C1,12
CATGGCAGGAAGATCG-1_V12D07-075_C1,5
CATGGCTCCCTATGTC-1_V12D07-075_C1,9
CATGGGTCGGGTGTGG-1_V12D07-075_C1,5
CATGGTAAGTAGCGTT-1_V12D07-075_C1,10
CATGGTCTAGATACCG-1_V12D07-075_C1,10
CATGGTTTATTAATCA-1_V12D07-075_C1,12
CATGTAAGAGACATTT-1_V12D07-075_C1,12
CATGTAGGAGCGCCAA-1_V12D07-075_C1,5
CATGTCTCATTTATGG-1_V12D07-075_C1,12
CATTACATAGATTGTG-1_V12D07-075_C1,5
CATTACGCAGGAAGGG-1_V12D07-075_C1,2
CATTACGTCGGCCCGT-1_V12D07-075_C1,5
CATTATGCTTGTTGTG-1_V12D07-075_C1,10
CATTCACTGACAGCTA-1_V12D07-075_C1,5
CATTCCCATTCCGTCG-1_V12D07-075_C1,5
CATTCGTCGTAGCGGT-1_V12D07-075_C1,12
CATTGATGAACACGCC-1_V12D07-075_C1,7
CATTGCGAAATGGGCG-1_V12D07-075_C1,10
CATTGCGGGTCAATTC-1_V12D07-075_C1,7
CATTGTGTGCTAGATC-1_V12D07-075_C1,10
CATTTAGCGGACCATG-1_V12D07-075_C1,5
CATTTATCGTTCAAGA-1_V12D07-075_C1,5
CATTTGAGTGGTACGT-1_V12D07-075_C1,2
CCAAACAGAACCCTCG-1_V12D07-075_C1,10
CCAAAGCAGTTGGTTG-1_V12D07-075_C1,10
CCAAATAACAAGATTC-1_V12D07-075_C1,2
CCAACGATGCACTGAT-1_V12D07-075_C1,10
CCAACGCTTGCCAGGG-1_V12D07-075_C1,5
CCAACTTGATAGATCC-1_V12D07-075_C1,5
CCAAGAAAGTGGGCGA-1_V12D07-075_C1,10
CCAAGACTTCTGCGAA-1_V12D07-075_C1,5
CCAAGCGTAACTCGTA-1_V12D07-075_C1,10
CCAAGGTTGCCCTTTC-1_V12D07-075_C1,12
CCAAGTTTCTACAGAT-1_V12D07-075_C1,9
CCAATAGATTTCATCT-1_V12D07-075_C1,9
CCAATAGTGCCGTCGA-1_V12D07-075_C1,10
CCAATCGGTAGATCGA-1_V12D07-075_C1,5
CCAATGTCACAGCAAG-1_V12D07-075_C1,10
CCAATTACGGGTCGAG-1_V12D07-075_C1,5
CCAATTGAATGTTAAT-1_V12D07-075_C1,10
CCACAATGTACGTCTT-1_V12D07-075_C1,2
CCACACTGAGATATTA-1_V12D07-075_C1,10
CCACAGCTGAAATCAT-1_V12D07-075_C1,5
CCACAGTACCCATCCT-1_V12D07-075_C1,12
CCACATACTGCACCCA-1_V12D07-075_C1,5
CCACCAACTTTACTGT-1_V12D07-075_C1,2
CCACCCAAGGAAAGTG-1_V12D07-075_C1,2
CCACCTGTATGGAATA-1_V12D07-075_C1,12
CCACGAATTTAACCTC-1_V12D07-075_C1,12
CCACGAGAAGAGAATC-1_V12D07-075_C1,5
CCACGGTGCCCGGTAG-1_V12D07-075_C1,5
CCACGTAAATTAGACT-1_V12D07-075_C1,5
CCACTATCCGGGTCAC-1_V12D07-075_C1,5
CCACTGGTGGCTGGTT-1_V12D07-075_C1,2
CCACTGTTTGGATTAA-1_V12D07-075_C1,10
CCAGAAACTGATGCGA-1_V12D07-075_C1,2
CCAGAAAGCAACTCAT-1_V12D07-075_C1,2
CCAGAGACAAAGCCGG-1_V12D07-075_C1,11
CCAGATAGTTGAGTGA-1_V12D07-075_C1,2
CCAGCCTGGACCAATA-1_V12D07-075_C1,10
CCAGCGGGATCACCAG-1_V12D07-075_C1,5
CCAGCTACGCCTCATA-1_V12D07-075_C1,5
CCAGCTCGAACGCATT-1_V12D07-075_C1,10
CCAGCTGATGGTACTT-1_V12D07-075_C1,10
CCAGCTTCCGCCCGCA-1_V12D07-075_C1,10
CCAGGCTGGCGTCTGA-1_V12D07-075_C1,2
CCAGGGACGTGGCCTC-1_V12D07-075_C1,10
CCAGTAGTCTGATCCA-1_V12D07-075_C1,2
CCAGTCTAGACGGCGC-1_V12D07-075_C1,5
CCAGTCTTGTCATAGA-1_V12D07-075_C1,10
CCATAAACAACCCGAC-1_V12D07-075_C1,5
CCATACTCGCCTCTCC-1_V12D07-075_C1,12
CCATAGGTTGGCGTGG-1_V12D07-075_C1,5
CCATAGTCAGTAACCC-1_V12D07-075_C1,9
CCATATGGAAACTATA-1_V12D07-075_C1,12
CCATATTGGATCATGA-1_V12D07-075_C1,10
CCATCCATACCAAGTC-1_V12D07-075_C1,5
CCATCGCAGTTAAACT-1_V12D07-075_C1,10
CCATCTCACCAGTGAA-1_V12D07-075_C1,2
CCATCTTGTTCACAAT-1_V12D07-075_C1,5
CCATGCCCTAGATTTC-1_V12D07-075_C1,9
CCATGCCTGTTTAGTA-1_V12D07-075_C1,10
CCATGCTCTGCAGGAA-1_V12D07-075_C1,10
CCATGGCCCTTGTACC-1_V12D07-075_C1,9
CCATTAGCGATAATCC-1_V12D07-075_C1,3
CCATTCCCTGCCCACA-1_V12D07-075_C1,10
CCATTGTTTCCTCCAT-1_V12D07-075_C1,5
CCATTTCTACCTATTA-1_V12D07-075_C1,10
CCCAAACATGCTGCTC-1_V12D07-075_C1,12
CCCAACATACGTCGCG-1_V12D07-075_C1,2
CCCAACCACACTAACA-1_V12D07-075_C1,5
CCCAAGTCATTACACT-1_V12D07-075_C1,9
CCCAATTTCACAACTT-1_V12D07-075_C1,2
CCCAGAGGAGGGCGTA-1_V12D07-075_C1,5
CCCAGGTCTGAAGGCT-1_V12D07-075_C1,12
CCCAGTTAAGGCGCCG-1_V12D07-075_C1,5
CCCATATAGGTCGATT-1_V12D07-075_C1,12
CCCGACCATAGTCCGC-1_V12D07-075_C1,5
CCCGAGTTTCTCCGTA-1_V12D07-075_C1,2
CCCGATAGCCTCGCCT-1_V12D07-075_C1,5
CCCGCAGCGCGAACTA-1_V12D07-075_C1,10
CCCGCAGGGCCCAAAG-1_V12D07-075_C1,5
CCCGCCATGCTCCCGT-1_V12D07-075_C1,10
CCCGGCTAGGTGAGAA-1_V12D07-075_C1,9
CCCGGGTCGTTCAGGG-1_V12D07-075_C1,10
CCCGGTGGAAGAACCT-1_V12D07-075_C1,10
CCCGTAAGTCTAGGCC-1_V12D07-075_C1,2
CCCGTAGCTGGGAAGA-1_V12D07-075_C1,2
CCCGTCAGCGTCTGAC-1_V12D07-075_C1,5
CCCGTTTCGCAGATGT-1_V12D07-075_C1,12
CCCTACTTGAACAATG-1_V12D07-075_C1,12
CCCTAGTGTCAGGTGT-1_V12D07-075_C1,10
CCCTCAAGCTCTTAGT-1_V12D07-075_C1,10
CCCTCATTCTGGAATT-1_V12D07-075_C1,5
CCCTCCTCGCTCGTAT-1_V12D07-075_C1,12
CCCTGAAATGAGTTGA-1_V12D07-075_C1,10
CCCTGACTAACAAATT-1_V12D07-075_C1,2
CCCTGATGTAACTCGT-1_V12D07-075_C1,10
CCCTGCGCTACGCATA-1_V12D07-075_C1,8
CCCTGGTATGGGCGGC-1_V12D07-075_C1,1
CCCTGTTGGCAAAGAC-1_V12D07-075_C1,9
CCCTTTAATGGAGTTC-1_V12D07-075_C1,12
CCCTTTGACAGGTCTT-1_V12D07-075_C1,10
CCGAACCTTCCCGGCC-1_V12D07-075_C1,10
CCGAAGGGCGTACCGC-1_V12D07-075_C1,5
CCGAAGTATATTGTTC-1_V12D07-075_C1,11
CCGACAAACACATGAG-1_V12D07-075_C1,10
CCGACAAAGGGAGTGC-1_V12D07-075_C1,9
CCGACAATAGGCCGCC-1_V12D07-075_C1,9
CCGACGTAAACACAAC-1_V12D07-075_C1,5
CCGACTCGCATAGTCT-1_V12D07-075_C1,5
CCGAGCTGTGCTTGTC-1_V12D07-075_C1,5
CCGAGGGATGTTAGGC-1_V12D07-075_C1,5
CCGATATGACGTAAGG-1_V12D07-075_C1,5
CCGATCTCAACCTTAT-1_V12D07-075_C1,2
CCGATTCGAGGGACCC-1_V12D07-075_C1,2
CCGCACAAAGACCAAC-1_V12D07-075_C1,12
CCGCACACGAACGTGT-1_V12D07-075_C1,5
CCGCACGTGACCTCGG-1_V12D07-075_C1,10
CCGCACTTGCAATGAC-1_V12D07-075_C1,12
CCGCATGTGGTACGAT-1_V12D07-075_C1,10
CCGCCGGTCAACACAC-1_V12D07-075_C1,5
CCGCCGTTGAGGATAA-1_V12D07-075_C1,5
CCGCCTGCGAATTGGT-1_V12D07-075_C1,5
CCGCGATTTGGTAGGT-1_V12D07-075_C1,12
CCGCGGAATGCGTCAC-1_V12D07-075_C1,2
CCGCTATCAGCACCAG-1_V12D07-075_C1,12
CCGCTCTTCCGAACTA-1_V12D07-075_C1,12
CCGCTGGTGCCATTCA-1_V12D07-075_C1,5
CCGCTTACCTCACTCT-1_V12D07-075_C1,2
CCGCTTGCTGACATGG-1_V12D07-075_C1,7
CCGGAAGTTATCAGTC-1_V12D07-075_C1,5
CCGGAATGGTTTCAGT-1_V12D07-075_C1,11
CCGGAGCGTACTTTCT-1_V12D07-075_C1,10
CCGGAGGTCTTATGGT-1_V12D07-075_C1,5
CCGGCACGACCGTTTC-1_V12D07-075_C1,5
CCGGCGCATATTGGAT-1_V12D07-075_C1,5
CCGGGACCCGCAGAGA-1_V12D07-075_C1,5
CCGGGCGGTCTCGTCA-1_V12D07-075_C1,12
CCGGGCTGCTCCATAC-1_V12D07-075_C1,12
CCGGGTTCGAGGTTAC-1_V12D07-075_C1,10
CCGGTAATGGCTAGTC-1_V12D07-075_C1,5
CCGGTGCGAGTGATAG-1_V12D07-075_C1,12
CCGGTTTGTAATTGTG-1_V12D07-075_C1,2
CCGTAAGTTGGTCCCA-1_V12D07-075_C1,12
CCGTACCCAAGCGCCA-1_V12D07-075_C1,5
CCGTAGGAAATCCCTG-1_V12D07-075_C1,12
CCGTAGGGTTGTTTAC-1_V12D07-075_C1,12
CCGTATTAGCGCAGTT-1_V12D07-075_C1,5
CCGTGAGGCATTCATG-1_V12D07-075_C1,5
CCGTGCCCATGACGGC-1_V12D07-075_C1,5
CCGTGGAACGATCCAA-1_V12D07-075_C1,5
CCGTGTTAAATTCCAT-1_V12D07-075_C1,2
CCGTTACGTTAGAACA-1_V12D07-075_C1,5
CCGTTCCGAATCTCGG-1_V12D07-075_C1,2
CCTAAAGGCTGACGCT-1_V12D07-075_C1,5
CCTAAATTAACGGTTC-1_V12D07-075_C1,10
CCTAAATTGTATCCTA-1_V12D07-075_C1,2
CCTAACCCAAACAAGT-1_V12D07-075_C1,12
CCTAACTAAGGCTCTA-1_V12D07-075_C1,5
CCTACAAGTCCGGAAT-1_V12D07-075_C1,5
CCTACTCAACACGATT-1_V12D07-075_C1,12
CCTACTGCTTACACTT-1_V12D07-075_C1,10
CCTAGGCGTAGCGATC-1_V12D07-075_C1,12
CCTATAATGAGTGCCC-1_V12D07-075_C1,9
CCTATACCGTCCTGTC-1_V12D07-075_C1,2
CCTATATTTGTCCTGG-1_V12D07-075_C1,10
CCTATCTATATCGGAA-1_V12D07-075_C1,5
CCTATGAAGTGGTGCC-1_V12D07-075_C1,5
CCTATGGGTTACCGTC-1_V12D07-075_C1,2
CCTATGGTCAAAGCTG-1_V12D07-075_C1,12
CCTATGTCCACTCCAC-1_V12D07-075_C1,12
CCTCACCAATCTTGAC-1_V12D07-075_C1,10
CCTCACCTGAGGGAGC-1_V12D07-075_C1,2
CCTCACCTTAGCATCG-1_V12D07-075_C1,2
CCTCACGTCAGCTAAT-1_V12D07-075_C1,12
CCTCATGCAGCTACGA-1_V12D07-075_C1,5
CCTCCCGACAATCCCT-1_V12D07-075_C1,5
CCTCCGACAATTCAAG-1_V12D07-075_C1,10
CCTCCTGAGCCCACAT-1_V12D07-075_C1,12
CCTCCTGTTGTGTCGT-1_V12D07-075_C1,12
CCTCGAAGTGGACGGG-1_V12D07-075_C1,5
CCTCGCCAGCAAATTA-1_V12D07-075_C1,5
CCTCGCGCGATATAGG-1_V12D07-075_C1,2
CCTCGCGCTGTGCGAT-1_V12D07-075_C1,10
CCTCGGACCGGGATAG-1_V12D07-075_C1,10
CCTCGGATGCTACCTG-1_V12D07-075_C1,10
CCTCGTTACGCCTGTT-1_V12D07-075_C1,7
CCTCTAATCTGCCAAG-1_V12D07-075_C1,10
CCTCTCTCCCATCTAG-1_V12D07-075_C1,10
CCTCTGGCCTAGACGG-1_V12D07-075_C1,5
CCTCTGTACTATTCTA-1_V12D07-075_C1,10
CCTGAACGATATATTC-1_V12D07-075_C1,12
CCTGAATATTTACATA-1_V12D07-075_C1,10
CCTGACAAACTCGCGC-1_V12D07-075_C1,10
CCTGACCACCGATGGT-1_V12D07-075_C1,10
CCTGCCCGTTGTCTAG-1_V12D07-075_C1,12
CCTGCGATAGAACTGT-1_V12D07-075_C1,10
CCTGCGTTCTACGCTT-1_V12D07-075_C1,11
CCTGCTATTTGAGAAG-1_V12D07-075_C1,5
CCTGGAAACGTTCTGC-1_V12D07-075_C1,5
CCTGGCTAGACCCGCC-1_V12D07-075_C1,10
CCTGGTCGAATGTGGG-1_V12D07-075_C1,10
CCTGTAAGACATGATA-1_V12D07-075_C1,10
CCTGTACTCACGCCCA-1_V12D07-075_C1,2
CCTGTCACCCGGGCTC-1_V12D07-075_C1,10
CCTGTCCCTCACGTTA-1_V12D07-075_C1,5
CCTGTCGCCCGTAAAT-1_V12D07-075_C1,10
CCTGTGAAACCGTAAC-1_V12D07-075_C1,9
CCTGTTTGAAGACACG-1_V12D07-075_C1,12
CCTTCAGTTAAAGTGA-1_V12D07-075_C1,2
CCTTCGTATAGAATCC-1_V12D07-075_C1,12
CCTTCTTGATCCAGTG-1_V12D07-075_C1,5
CCTTGACCACTTTATT-1_V12D07-075_C1,12
CCTTTAAGGGAGCACT-1_V12D07-075_C1,2
CCTTTCAATGAAGAAA-1_V12D07-075_C1,2
CGAAACATAGATGGCA-1_V12D07-075_C1,5
CGAAACGCAATTCATG-1_V12D07-075_C1,2
CGAACAGTATGGGCGT-1_V12D07-075_C1,12
CGAACATAGTCAGAAA-1_V12D07-075_C1,5
CGAACCCGCATGCGTC-1_V12D07-075_C1,10
CGAACGCCCAGTGCCG-1_V12D07-075_C1,5
CGAAGACGGTGAGTGC-1_V12D07-075_C1,9
CGAAGCTATAAATTCA-1_V12D07-075_C1,5
CGAAGTTGCTCTGTGT-1_V12D07-075_C1,10
CGAATGACGCATAATG-1_V12D07-075_C1,10
CGAATTCCCGGTTCAA-1_V12D07-075_C1,12
CGACAATTTGATCTAA-1_V12D07-075_C1,12
CGACACCGCTTAAGGA-1_V12D07-075_C1,5
CGACACGCTCCGACAG-1_V12D07-075_C1,12
CGACAGTTCGCGTTAT-1_V12D07-075_C1,10
CGACATGCGATCTTCT-1_V12D07-075_C1,5
CGACTCAGGATGTTAT-1_V12D07-075_C1,5
CGACTTTGTATAGCCT-1_V12D07-075_C1,5
CGAGACCCTAGAGTGT-1_V12D07-075_C1,10
CGAGACTACTGCTGCT-1_V12D07-075_C1,2
CGAGAGATGTGAACCT-1_V12D07-075_C1,10
CGAGAGCTTTCACTAC-1_V12D07-075_C1,9
CGAGAGGGTAGCCGCG-1_V12D07-075_C1,12
CGAGATTTCGCTCGGG-1_V12D07-075_C1,5
CGAGCACTTCAAGTTT-1_V12D07-075_C1,1
CGAGCCGAGCACTCGA-1_V12D07-075_C1,9
CGAGCGTTGATCAGCC-1_V12D07-075_C1,5
CGAGCTGGGCTTTAGG-1_V12D07-075_C1,5
CGAGGAGCTTCCATAT-1_V12D07-075_C1,7
CGAGGATCGGGAACGA-1_V12D07-075_C1,5
CGAGGCCAGGCATTGG-1_V12D07-075_C1,10
CGAGGCTAAATATGGC-1_V12D07-075_C1,3
CGAGGGACTGCGGTCG-1_V12D07-075_C1,10
CGAGGGTATCCAGGTG-1_V12D07-075_C1,10
CGAGTACTAAAGAGGA-1_V12D07-075_C1,2
CGAGTGCTATAGTTCG-1_V12D07-075_C1,5
CGAGTTCTGTCCCACC-1_V12D07-075_C1,2
CGAGTTTATCGGACTG-1_V12D07-075_C1,12
CGATAATACTCAGGTT-1_V12D07-075_C1,5
CGATACCTCGCGGACA-1_V12D07-075_C1,10
CGATAGTCGTACTGCA-1_V12D07-075_C1,3
CGATATTAGCCGCAGG-1_V12D07-075_C1,5
CGATCCGACCCAGTGC-1_V12D07-075_C1,10
CGATGGACCCTACGCC-1_V12D07-075_C1,2
CGATTAAATATCTCCT-1_V12D07-075_C1,8
CGATTCGCCTGGCTGC-1_V12D07-075_C1,10
CGCAAACACGAGTTAC-1_V12D07-075_C1,10
CGCAATCGATCATTAG-1_V12D07-075_C1,11
CGCAATTACTTTCGGT-1_V12D07-075_C1,10
CGCAATTAGGGTAATA-1_V12D07-075_C1,10
CGCACATGTCCACTAC-1_V12D07-075_C1,12
CGCACGTGCGCTATCA-1_V12D07-075_C1,2
CGCAGAAACATTTGCG-1_V12D07-075_C1,5
CGCAGATCTTCACCCG-1_V12D07-075_C1,7
CGCAGGCGATCCAAAC-1_V12D07-075_C1,12
CGCATCATGGCTTCAG-1_V12D07-075_C1,5
CGCATCCATCAGCCAG-1_V12D07-075_C1,5
CGCATGCCGAATGCGT-1_V12D07-075_C1,12
CGCATGGTGCGATGCT-1_V12D07-075_C1,10
CGCATTAGCTAATAGG-1_V12D07-075_C1,10
CGCCAAGAAGCCGAGT-1_V12D07-075_C1,2
CGCCAATTATTGCGTT-1_V12D07-075_C1,9
CGCCACCCGCATTAAC-1_V12D07-075_C1,11
CGCCATCCGATTATGA-1_V12D07-075_C1,5
CGCCCAGCACGCCTAG-1_V12D07-075_C1,10
CGCCCAGCGTTTCACG-1_V12D07-075_C1,9
CGCCCGCTTCCGTACA-1_V12D07-075_C1,5
CGCCCTTGAAGGCTGA-1_V12D07-075_C1,10
CGCCGACTATTCGCTA-1_V12D07-075_C1,9
CGCCGCCCATGCCTGT-1_V12D07-075_C1,12
CGCCGTCTACCCATCG-1_V12D07-075_C1,5
CGCCGTTCAGCATAGT-1_V12D07-075_C1,12
CGCCTCCCTCCTCTAT-1_V12D07-075_C1,10
CGCCTGGCCTACGTAA-1_V12D07-075_C1,2
CGCCTTTAGCATGCTC-1_V12D07-075_C1,5
CGCGAAGTGGCATACT-1_V12D07-075_C1,12
CGCGACACTGCGCAGC-1_V12D07-075_C1,10
CGCGACCGCGACAGAT-1_V12D07-075_C1,10
CGCGAGAGGGACTTGT-1_V12D07-075_C1,5
CGCGCATGTTTGATTG-1_V12D07-075_C1,10
CGCGCCCGACTTAATA-1_V12D07-075_C1,5
CGCGGCAGTATTACGG-1_V12D07-075_C1,11
CGCGGCTCAACTTGAA-1_V12D07-075_C1,12
CGCGGGAATTAGGCAG-1_V12D07-075_C1,2
CGCGGTAAGTCTAGCT-1_V12D07-075_C1,5
CGCGGTACGGTATACA-1_V12D07-075_C1,12
CGCGGTCACAAACCAA-1_V12D07-075_C1,5
CGCGTACATTCTGGAA-1_V12D07-075_C1,5
CGCGTTCATGAAATAC-1_V12D07-075_C1,10
CGCTACGGGACATTTA-1_V12D07-075_C1,10
CGCTAGAGACCGCTGC-1_V12D07-075_C1,2
CGCTATACCGCCCACT-1_V12D07-075_C1,5
CGCTATTCTTAGGCTC-1_V12D07-075_C1,10
CGCTCGACATAATGAT-1_V12D07-075_C1,10
CGCTCTCCGTAGATTA-1_V12D07-075_C1,10
CGCTGGTGACTACCCT-1_V12D07-075_C1,12
CGCTGTGACGCCGCAC-1_V12D07-075_C1,10
CGCTGTGTGGATGTTG-1_V12D07-075_C1,2
CGCTTAGTATTGATAC-1_V12D07-075_C1,10
CGCTTATTCCCGGTCG-1_V12D07-075_C1,2
CGCTTCCACTGAAATC-1_V12D07-075_C1,11
CGCTTCGGTCTAAGAC-1_V12D07-075_C1,10
CGCTTGGACGGATAGA-1_V12D07-075_C1,2
CGCTTTCATACCGGTG-1_V12D07-075_C1,5
CGCTTTCTTGCATTCG-1_V12D07-075_C1,2
CGGAAAGAATCAAACG-1_V12D07-075_C1,2
CGGAAAGCAAATGTGC-1_V12D07-075_C1,10
CGGAACGTAAACATAG-1_V12D07-075_C1,2
CGGAGCAATTTAATCG-1_V12D07-075_C1,10
CGGAGCATGGCGATCC-1_V12D07-075_C1,10
CGGAGCTTATAACACC-1_V12D07-075_C1,5
CGGAGTTTGAGAGACA-1_V12D07-075_C1,10
CGGATAAGCGGACATG-1_V12D07-075_C1,9
CGGATCCTCAAGGACT-1_V12D07-075_C1,10
CGGCAAACATCGTGCG-1_V12D07-075_C1,10
CGGCAATAAGATCGCC-1_V12D07-075_C1,12
CGGCACCGTTAGCGCC-1_V12D07-075_C1,5
CGGCACTCAAGAAAGT-1_V12D07-075_C1,5
CGGCAGGGTCGGGTTG-1_V12D07-075_C1,2
CGGCCACGCACAAAGT-1_V12D07-075_C1,12
CGGCCAGAGCGACCAT-1_V12D07-075_C1,10
CGGCCCAACCTGTAGT-1_V12D07-075_C1,5
CGGCCCAGGTATATCC-1_V12D07-075_C1,12
CGGCGCCATCAATCCC-1_V12D07-075_C1,12
CGGCTCTAAAGCTGCA-1_V12D07-075_C1,2
CGGCTCTTCGTCGAAC-1_V12D07-075_C1,5
CGGCTTTGTATGATAA-1_V12D07-075_C1,5
CGGGAATATAGTATAC-1_V12D07-075_C1,12
CGGGAATTTATGTAAA-1_V12D07-075_C1,12
CGGGAGCTTCAGTGTA-1_V12D07-075_C1,12
CGGGAGTATACCGCCG-1_V12D07-075_C1,9
CGGGATCAATGTAAGA-1_V12D07-075_C1,10
CGGGCAGCTAAACCGC-1_V12D07-075_C1,10
CGGGCCATAGCCGCAC-1_V12D07-075_C1,5
CGGGCCTTCTTTGTAA-1_V12D07-075_C1,12
CGGGCGATGGATCACG-1_V12D07-075_C1,12
CGGGTGTACCCATTTA-1_V12D07-075_C1,2
CGGGTTCGGCACGTAT-1_V12D07-075_C1,7
CGGGTTTGTTAGGGCT-1_V12D07-075_C1,12
CGGTAGAGGTGCAGGT-1_V12D07-075_C1,5
CGGTATAGGTATTAGC-1_V12D07-075_C1,5
CGGTCAAGTGGGAACC-1_V12D07-075_C1,5
CGGTCAGTCCATATTT-1_V12D07-075_C1,2
CGGTCCATGAGACTCC-1_V12D07-075_C1,5
CGGTCCGTCGCAAGCC-1_V12D07-075_C1,10
CGGTCTATCAACCCGT-1_V12D07-075_C1,5
CGGTGAAGACTAAAGT-1_V12D07-075_C1,11
CGGTGCAGATAGAACG-1_V12D07-075_C1,10
CGGTGCGCGTTGGTCC-1_V12D07-075_C1,2
CGGTGGGCTCCAGCCT-1_V12D07-075_C1,5
CGGTGTACTTGATCCC-1_V12D07-075_C1,11
CGGTTATCCAACAGTG-1_V12D07-075_C1,2
CGGTTCAAGTAGGTGT-1_V12D07-075_C1,10
CGGTTCCGGCTTCTTG-1_V12D07-075_C1,5
CGGTTGACCTGGCATA-1_V12D07-075_C1,2
CGGTTGGGTTCAAGTT-1_V12D07-075_C1,5
CGGTTTATGAAGGAAC-1_V12D07-075_C1,5
CGTAACTTCGACACTT-1_V12D07-075_C1,10
CGTAATAATTACGAGT-1_V12D07-075_C1,9
CGTACCGAAAGTCTAG-1_V12D07-075_C1,10
CGTACCTGATAGGCCT-1_V12D07-075_C1,10
CGTAGCGAATTGTCAG-1_V12D07-075_C1,5
CGTAGCGCCGACGTTG-1_V12D07-075_C1,5
CGTATCTAGAACTAAG-1_V12D07-075_C1,12
CGTATTAAGAGATCTA-1_V12D07-075_C1,10
CGTCAAGGCTATAAAT-1_V12D07-075_C1,10
CGTCAATCTTTAACAT-1_V12D07-075_C1,10
CGTCACGTCCATTGGT-1_V12D07-075_C1,10
CGTCAGCTATTTACTC-1_V12D07-075_C1,10
CGTCAGTGCGCACAAG-1_V12D07-075_C1,5
CGTCCAGATGGCTCCA-1_V12D07-075_C1,9
CGTCCTCATCGCGTGC-1_V12D07-075_C1,2
CGTCGCATGTGAGCCA-1_V12D07-075_C1,9
CGTCGGATAGTGTTGA-1_V12D07-075_C1,2
CGTCGTCCTTCGCGAA-1_V12D07-075_C1,10
CGTCTGGAAGGGCCCG-1_V12D07-075_C1,5
CGTCTTGAGTGTGACG-1_V12D07-075_C1,5
CGTGAAGTTAATTCAC-1_V12D07-075_C1,10
CGTGACATTGGGTCGT-1_V12D07-075_C1,5
CGTGACCAGTCCTCTG-1_V12D07-075_C1,10
CGTGCAGACTGGGACA-1_V12D07-075_C1,10
CGTGCATTGTCGACGC-1_V12D07-075_C1,2
CGTGCCCTCCCGAAGA-1_V12D07-075_C1,10
CGTGCTGGCCTAGTCG-1_V12D07-075_C1,10
CGTGGAAGCCTCGTAC-1_V12D07-075_C1,5
CGTGGCCGAATATCTA-1_V12D07-075_C1,12
CGTGTATGGGAGCTGA-1_V12D07-075_C1,12
CGTGTCCCATTCGCGA-1_V12D07-075_C1,10
CGTGTGTTAAACCCTG-1_V12D07-075_C1,5
CGTTAAACTAGTTAGG-1_V12D07-075_C1,2
CGTTAATGTCCCGACG-1_V12D07-075_C1,10
CGTTAGCTCACAACTG-1_V12D07-075_C1,5
CGTTCAGACCCGCGAA-1_V12D07-075_C1,9
CGTTCTTCGCACACCT-1_V12D07-075_C1,5
CGTTGAATACCGCGCT-1_V12D07-075_C1,10
CGTTGAGCGACCGTCG-1_V12D07-075_C1,10
CGTTGAGTAATTGCGT-1_V12D07-075_C1,5
CGTTGCCCGCGTGGGA-1_V12D07-075_C1,2
CGTTGTAAGATTGATT-1_V12D07-075_C1,5
CGTTGTCGGCAATTGA-1_V12D07-075_C1,9
CGTTGTTTCAATTCCC-1_V12D07-075_C1,10
CGTTTAAGCGGAGCAC-1_V12D07-075_C1,5
CGTTTACAAGGCAGCT-1_V12D07-075_C1,5
CGTTTCACTTCGGGCG-1_V12D07-075_C1,5
CGTTTCGCTCATTACA-1_V12D07-075_C1,10
CGTTTGGTGTTGTGGG-1_V12D07-075_C1,12
CGTTTGTGTAGAGGGT-1_V12D07-075_C1,2
CTAAAGAATGCCTACT-1_V12D07-075_C1,10
CTAAAGGGAAATAGGA-1_V12D07-075_C1,10
CTAAATCCTATTCCGG-1_V12D07-075_C1,2
CTAACCGCGCGCCCGT-1_V12D07-075_C1,10
CTAACGAAACTTGCTG-1_V12D07-075_C1,2
CTAACTGATAATCGCC-1_V12D07-075_C1,12
CTAACTGGTCCGGTTC-1_V12D07-075_C1,2
CTAAGGGAATGATTGG-1_V12D07-075_C1,10
CTAAGTACAGGGCTAC-1_V12D07-075_C1,5
CTAATTCGCACGCGCT-1_V12D07-075_C1,10
CTAATTCTCAGATATT-1_V12D07-075_C1,2
CTAATTTCAACAACAC-1_V12D07-075_C1,10
CTACACTCGCAGATGG-1_V12D07-075_C1,12
CTACCCTAAGGTCATA-1_V12D07-075_C1,2
CTACGACTAGCTATAA-1_V12D07-075_C1,10
CTACGCACGGAGTACC-1_V12D07-075_C1,10
CTACGCCATTTCCGAT-1_V12D07-075_C1,5
CTACGTGTTGCCACCA-1_V12D07-075_C1,6
CTACTATCTTTCAGAG-1_V12D07-075_C1,2
CTACTCAAGGTATAGT-1_V12D07-075_C1,2
CTACTCTAGGCCCGGC-1_V12D07-075_C1,8
CTACTGCCACCTGACC-1_V12D07-075_C1,10
CTAGACATATATGTAG-1_V12D07-075_C1,5
CTAGACTGCATTTCGT-1_V12D07-075_C1,5
CTAGATAAACTCCTCG-1_V12D07-075_C1,8
CTAGATGTGAGTGTAA-1_V12D07-075_C1,5
CTAGATTTACGACGGC-1_V12D07-075_C1,10
CTAGCATAGTATAATG-1_V12D07-075_C1,10
CTAGCCACAGGCGAGC-1_V12D07-075_C1,12
CTAGCCGATGTTATGA-1_V12D07-075_C1,5
CTAGCTTAATGGTCCC-1_V12D07-075_C1,5
CTAGGCGCCCTATCAG-1_V12D07-075_C1,10
CTAGGTCTGAAGGAAT-1_V12D07-075_C1,2
CTAGGTTCGGACGTGA-1_V12D07-075_C1,10
CTAGTAGAAAGGGATT-1_V12D07-075_C1,10
CTAGTATTCGGAATTA-1_V12D07-075_C1,5
CTAGTCACGTCTTAAG-1_V12D07-075_C1,10
CTAGTGAAGGACAGGA-1_V12D07-075_C1,10
CTAGTTACAACCCGGT-1_V12D07-075_C1,10
CTAGTTGGGCCCGGTA-1_V12D07-075_C1,10
CTATAAGAGCCAATCG-1_V12D07-075_C1,10
CTATCGACGAAATACA-1_V12D07-075_C1,12
CTATCGCGTAGAGAAC-1_V12D07-075_C1,12
CTATCGGGTCTCAACA-1_V12D07-075_C1,10
CTATGCCCGAATGCAA-1_V12D07-075_C1,10
CTATGGGAAGCGGAAT-1_V12D07-075_C1,12
CTATGTCACTAGCCCA-1_V12D07-075_C1,10
CTATGTCTATTGAAAC-1_V12D07-075_C1,5
CTATTCATGTGTCCCA-1_V12D07-075_C1,10
CTATTGTGTTTGGTCA-1_V12D07-075_C1,5
CTATTTGCTTGGAGGA-1_V12D07-075_C1,12
CTATTTGGTTACGGAT-1_V12D07-075_C1,12
CTCAACTAACCCGGAT-1_V12D07-075_C1,9
CTCAAGACATTAGCGC-1_V12D07-075_C1,5
CTCACATTTACTAAAT-1_V12D07-075_C1,10
CTCACCAGTACAAGTG-1_V12D07-075_C1,10
CTCACCGATCCAAACT-1_V12D07-075_C1,5
CTCACTGTGATACTTA-1_V12D07-075_C1,12
CTCACTTGGCTGGTAA-1_V12D07-075_C1,2
CTCAGGACTCACCTGT-1_V12D07-075_C1,11
CTCAGTCACGACAAAT-1_V12D07-075_C1,2
CTCATCACTTAGTGAT-1_V12D07-075_C1,5
CTCATGGCTCACAATC-1_V12D07-075_C1,5
CTCATTCGTGAACATC-1_V12D07-075_C1,10
CTCATTGCTCTAACAA-1_V12D07-075_C1,9
CTCATTTGATGGGCGG-1_V12D07-075_C1,10
CTCCCAATGAGTCGCG-1_V12D07-075_C1,2
CTCCGCCCACATGAGG-1_V12D07-075_C1,10
CTCCGGCCTAATATGC-1_V12D07-075_C1,5
CTCCGGCTTGTAGACA-1_V12D07-075_C1,10
CTCCTCCAGCTCACAC-1_V12D07-075_C1,10
CTCCTGTTCAAGGCAG-1_V12D07-075_C1,11
CTCCTTTACGCAAGTC-1_V12D07-075_C1,5
CTCGAATGGAACGTAT-1_V12D07-075_C1,5
CTCGAGATCCAAAGCA-1_V12D07-075_C1,10
CTCGAGGTCGAACAGT-1_V12D07-075_C1,8
CTCGATATTTGCGAGC-1_V12D07-075_C1,5
CTCGCACCTATATAGT-1_V12D07-075_C1,10
CTCGCCGAATGTAGGG-1_V12D07-075_C1,10
CTCGCTAGGTAAGCGA-1_V12D07-075_C1,2
CTCGGGATAACACCTA-1_V12D07-075_C1,5
CTCGGTACCACTGCTC-1_V12D07-075_C1,10
CTCGTCTGTGCCTTCG-1_V12D07-075_C1,12
CTCGTTTCTAATGTTT-1_V12D07-075_C1,5
CTCTAATGCATTGATC-1_V12D07-075_C1,5
CTCTAGCCCTCGGAAA-1_V12D07-075_C1,9
CTCTATTTGGCTGCAG-1_V12D07-075_C1,10
CTCTCACAATCGATGA-1_V12D07-075_C1,12
CTCTCGCTGTACTATG-1_V12D07-075_C1,10
CTCTGCGAAGCAAGCA-1_V12D07-075_C1,5
CTCTGGACGCCTGGTG-1_V12D07-075_C1,10
CTCTGTTTGAGGATTC-1_V12D07-075_C1,5
CTCTTCTATTGACTGG-1_V12D07-075_C1,12
CTCTTGTCCCGCTTGG-1_V12D07-075_C1,10
CTGAAACGGCCCTCAG-1_V12D07-075_C1,5
CTGAAAGAGATCCGAC-1_V12D07-075_C1,3
CTGAATCCGAGACCTC-1_V12D07-075_C1,10
CTGAATTTATTGCCAG-1_V12D07-075_C1,5
CTGACATAGAAATAGA-1_V12D07-075_C1,5
CTGACTGCGCAGCTCG-1_V12D07-075_C1,2
CTGAGAAAGTTCGGCG-1_V12D07-075_C1,5
CTGAGAGTAGAAATAC-1_V12D07-075_C1,12
CTGAGCAAGTAACAAG-1_V12D07-075_C1,8
CTGAGCGAGACTTATT-1_V12D07-075_C1,5
CTGCAAGCACGTTCCG-1_V12D07-075_C1,12
CTGCACAACTACATAT-1_V12D07-075_C1,10
CTGCACCTAGTCCACA-1_V12D07-075_C1,5
CTGCACCTGGAACCGC-1_V12D07-075_C1,5
CTGCACTCCAGTACAG-1_V12D07-075_C1,10
CTGCAGAGAATCAGAG-1_V12D07-075_C1,9
CTGCAGGTGCTCGGCC-1_V12D07-075_C1,9
CTGCCAAGGTTGGAAG-1_V12D07-075_C1,5
CTGCCATGCATCACAT-1_V12D07-075_C1,10
CTGCCCACGAAGCGTT-1_V12D07-075_C1,10
CTGCCTCATATGCAAC-1_V12D07-075_C1,5
CTGCCTTTCTAGTAAA-1_V12D07-075_C1,12
CTGCGGTAGTCACGTG-1_V12D07-075_C1,5
CTGCGTTACGATATAA-1_V12D07-075_C1,5
CTGCTGAGGCCACGAA-1_V12D07-075_C1,2
CTGCTGTCTAACGAGC-1_V12D07-075_C1,5
CTGCTTGGCGATAGCT-1_V12D07-075_C1,10
CTGCTTTATGTCCGCG-1_V12D07-075_C1,5
CTGGAAATGGATGCTT-1_V12D07-075_C1,10
CTGGAAGACACGGTGG-1_V12D07-075_C1,12
CTGGATTTACACTTGA-1_V12D07-075_C1,10
CTGGCGACATAAGTCC-1_V12D07-075_C1,5
CTGGCGCACAGGTCTG-1_V12D07-075_C1,12
CTGGCGGGAATAAGTA-1_V12D07-075_C1,10
CTGGCTCCTGCGGGAT-1_V12D07-075_C1,3
CTGGCTGATTCATCCT-1_V12D07-075_C1,12
CTGGCTGGTTGTCAGT-1_V12D07-075_C1,10
CTGGGATAAATAATGG-1_V12D07-075_C1,12
CTGGGATACGCTACCC-1_V12D07-075_C1,5
CTGGGCCTGCTATATC-1_V12D07-075_C1,2
CTGGGCTATCCTTTGG-1_V12D07-075_C1,7
CTGGGTAGGCAGTTAA-1_V12D07-075_C1,8
CTGGTAAAGACTTACA-1_V12D07-075_C1,12
CTGGTAAAGTGTGGGC-1_V12D07-075_C1,12
CTGGTAACACATAGAA-1_V12D07-075_C1,12
CTGGTAACGAGCTCTT-1_V12D07-075_C1,2
CTGGTCATTCCAATCC-1_V12D07-075_C1,11
CTGGTCCTAACTTGGC-1_V12D07-075_C1,5
CTGGTTCAACGCATCA-1_V12D07-075_C1,5
CTGGTTCGCGAGCTAC-1_V12D07-075_C1,5
CTGGTTTCGAGCAAGA-1_V12D07-075_C1,12
CTGTACTTCTTAGCAT-1_V12D07-075_C1,10
CTGTAGCCATCTCACT-1_V12D07-075_C1,2
CTGTATGGTGTAGAAA-1_V12D07-075_C1,10
CTGTCAAATGGCTCGG-1_V12D07-075_C1,5
CTGTCACGCCAGGCGC-1_V12D07-075_C1,5
CTGTCTGTGGCTGGCT-1_V12D07-075_C1,9
CTGTGCAGGGTAGGTC-1_V12D07-075_C1,10
CTGTGGTCGGGAGATA-1_V12D07-075_C1,12
CTGTTACCCAATCTAG-1_V12D07-075_C1,10
CTGTTCACTGCCTGTG-1_V12D07-075_C1,5
CTGTTCATCTCACGGG-1_V12D07-075_C1,10
CTGTTGGCTCTTCTGA-1_V12D07-075_C1,10
CTTAAATAAGACCCAT-1_V12D07-075_C1,10
CTTAACTTACAGTATA-1_V12D07-075_C1,2
CTTAACTTCGAAGTAC-1_V12D07-075_C1,5
CTTACACGGTATTCCA-1_V12D07-075_C1,10
CTTACACTGGGAAATA-1_V12D07-075_C1,5
CTTACTGACTCCTCTG-1_V12D07-075_C1,8
CTTAGCCTTCCACATG-1_V12D07-075_C1,5
CTTAGTAGGCCTACAG-1_V12D07-075_C1,5
CTTAGTGTAGTAGCAT-1_V12D07-075_C1,10
CTTATAGATGGCTGTT-1_V12D07-075_C1,12
CTTCAACTCCACTTGG-1_V12D07-075_C1,10
CTTCATAGCTCAAGAA-1_V12D07-075_C1,10
CTTCATTGTCAGTGGA-1_V12D07-075_C1,9
CTTCCGCTCCGTGAAG-1_V12D07-075_C1,2
CTTCGATTGCGCAAGC-1_V12D07-075_C1,12
CTTCGGCCAATTGTTT-1_V12D07-075_C1,2
CTTCGTAGATAGGTGA-1_V12D07-075_C1,10
CTTCTATGTTGAAGTA-1_V12D07-075_C1,2
CTTCTATTAATGCTAG-1_V12D07-075_C1,2
CTTCTTACGTCGTATA-1_V12D07-075_C1,5
CTTGACCCGAAAGATA-1_V12D07-075_C1,5
CTTGAGGTTATCCCGA-1_V12D07-075_C1,10
CTTGAGTTAGGGTAAT-1_V12D07-075_C1,12
CTTGATGACCATCCAG-1_V12D07-075_C1,12
CTTGCCCACCCACGCA-1_V12D07-075_C1,12
CTTGCCCAGGCTCTAC-1_V12D07-075_C1,10
CTTGGCCAAGCTGGGA-1_V12D07-075_C1,10
CTTGTACTTGTTGACT-1_V12D07-075_C1,5
CTTGTCAACATTCGAG-1_V12D07-075_C1,10
CTTGTGAGGACAGCGG-1_V12D07-075_C1,10
CTTGTGAGTCTTTGAC-1_V12D07-075_C1,5
CTTGTGCTCACCGATT-1_V12D07-075_C1,2
CTTGTTGCTGAGTCAA-1_V12D07-075_C1,12
CTTGTTTATGTAGCCA-1_V12D07-075_C1,11
CTTTAACTTTCAAAGG-1_V12D07-075_C1,10
CTTTAATATTGGTCGA-1_V12D07-075_C1,10
CTTTAGGAACACTGTT-1_V12D07-075_C1,9
CTTTAGTGCTATTATT-1_V12D07-075_C1,12
CTTTCTGTGCGGGCTT-1_V12D07-075_C1,10
CTTTGCATCGCTCTTG-1_V12D07-075_C1,12
CTTTGCTGTCATGGAT-1_V12D07-075_C1,5
CTTTGGCAGACAGAGT-1_V12D07-075_C1,5
CTTTGGCGCTTTATAC-1_V12D07-075_C1,11
CTTTGGCTTTAGTAAA-1_V12D07-075_C1,10
CTTTGGGATTGTTGCA-1_V12D07-075_C1,2
GAAACAGATGACCACC-1_V12D07-075_C1,12
GAAACAGCCATGCAGT-1_V12D07-075_C1,5
GAAACCATGGTGCGCT-1_V12D07-075_C1,5
GAAACCGAATTACCTT-1_V12D07-075_C1,10
GAAACCTATACAAATG-1_V12D07-075_C1,10
GAAACTCGTGCGATGC-1_V12D07-075_C1,10
GAAAGAACAGCGTTAT-1_V12D07-075_C1,2
GAAAGCAGTGCACTTT-1_V12D07-075_C1,10
GAAAGCCCTTTGGACC-1_V12D07-075_C1,11
GAAAGTGACTAACTGC-1_V12D07-075_C1,10
GAAATACCTGCTGGCT-1_V12D07-075_C1,5
GAAATATCACCATCAG-1_V12D07-075_C1,4
GAAATATGCTTGAATG-1_V12D07-075_C1,5
GAAATCGCGCGCAACT-1_V12D07-075_C1,5
GAAATCTGACCAAGTT-1_V12D07-075_C1,3
GAAATGGCGGTGTTAG-1_V12D07-075_C1,10
GAAATGGGATGTAAAC-1_V12D07-075_C1,9
GAAATTAGCACGGATA-1_V12D07-075_C1,5
GAAATTCACATCGCTG-1_V12D07-075_C1,5
GAAATTGTCTCTATAA-1_V12D07-075_C1,10
GAACAACTGGGATGAA-1_V12D07-075_C1,12
GAACACACATCAACCA-1_V12D07-075_C1,5
GAACAGATTACTAAAT-1_V12D07-075_C1,10
GAACCCTCTGTGTTCT-1_V12D07-075_C1,10
GAACCTCGACCTACAC-1_V12D07-075_C1,2
GAACCTTTAACGATCC-1_V12D07-075_C1,10
GAACGACCGAATGATA-1_V12D07-075_C1,5
GAACGATAAGTTAAAG-1_V12D07-075_C1,5
GAACGCGGGTCACACG-1_V12D07-075_C1,10
GAACGTCTCATGGTCG-1_V12D07-075_C1,2
GAACGTTAGGAAGACG-1_V12D07-075_C1,11
GAACTGTGGAGAGACA-1_V12D07-075_C1,12
GAACTTAGCGCCCGGT-1_V12D07-075_C1,5
GAAGAACGGTGCAGGT-1_V12D07-075_C1,5
GAAGCCACTGATTATG-1_V12D07-075_C1,12
GAAGCCGGGTAAGCTC-1_V12D07-075_C1,10
GAAGCCTGCACATTCC-1_V12D07-075_C1,8
GAAGCGTGAGGAATTT-1_V12D07-075_C1,10
GAAGCTCTTTGCTTAG-1_V12D07-075_C1,9
GAAGCTTGCTGACCGC-1_V12D07-075_C1,10
GAAGGAGTCGAGTGCG-1_V12D07-075_C1,9
GAAGGCTACCATTGTT-1_V12D07-075_C1,7
GAAGGGCATAACCATG-1_V12D07-075_C1,6
GAAGTCAGTTGCACTA-1_V12D07-075_C1,10
GAAGTCTCCCTAGCGA-1_V12D07-075_C1,12
GAAGTGATTTATCGTG-1_V12D07-075_C1,10
GAAGTGCTGGATAGCT-1_V12D07-075_C1,5
GAAGTTTCCACTCAAT-1_V12D07-075_C1,10
GAATAGACGCGACCCA-1_V12D07-075_C1,12
GAATAGCATTTAGGGT-1_V12D07-075_C1,5
GAATAGCCCTGCGGTC-1_V12D07-075_C1,5
GAATATTCGGAGTCCC-1_V12D07-075_C1,5
GAATCGACATGGTCAC-1_V12D07-075_C1,10
GAATCGCCGGACACGG-1_V12D07-075_C1,5
GAATCTGAACATTCTC-1_V12D07-075_C1,10
GAATGAAGGTCTTCAG-1_V12D07-075_C1,5
GAATGCGAATCGGTTC-1_V12D07-075_C1,12
GAATGGGCTTATCGAC-1_V12D07-075_C1,12
GAATGTATGGCAGGTC-1_V12D07-075_C1,5
GAATGTGGTCCGGATT-1_V12D07-075_C1,10
GAATGTTGGGTAATCT-1_V12D07-075_C1,10
GAATTATAGTGAAAGG-1_V12D07-075_C1,9
GAATTCACCCGGGTGT-1_V12D07-075_C1,10
GACAAACATATGCAGG-1_V12D07-075_C1,12
GACAACGACCATTGAA-1_V12D07-075_C1,5
GACAACGCAGCTTACG-1_V12D07-075_C1,5
GACAAGACGCCCGTGC-1_V12D07-075_C1,8
GACAAGAGATGAGATT-1_V12D07-075_C1,12
GACACAAGGGAAGAAA-1_V12D07-075_C1,12
GACACAGCCGGGACTG-1_V12D07-075_C1,2
GACACGAGTTAGAGGA-1_V12D07-075_C1,11
GACACTGAGTTCAGTG-1_V12D07-075_C1,10
GACACTGGAACCCGAT-1_V12D07-075_C1,12
GACACTTCCAATTACC-1_V12D07-075_C1,12
GACAGCCAGACCTGAC-1_V12D07-075_C1,11
GACAGGCACACACTAT-1_V12D07-075_C1,10
GACATCCGTCGAACTG-1_V12D07-075_C1,12
GACATCGATTTATAAC-1_V12D07-075_C1,8
GACCAAACGTTGACTG-1_V12D07-075_C1,9
GACCACACTTCCCTTT-1_V12D07-075_C1,12
GACCAGAGCCCTGTAG-1_V12D07-075_C1,10
GACCCGTCGCCGGCTA-1_V12D07-075_C1,5
GACCGACGTGAAAGCA-1_V12D07-075_C1,5
GACCGACTGAAGCGTC-1_V12D07-075_C1,11
GACCGCGTCTGACGTG-1_V12D07-075_C1,2
GACCGTCAGGTCGTGA-1_V12D07-075_C1,5
GACCGTGCTGACGGTG-1_V12D07-075_C1,10
GACCGTTACATGCGAC-1_V12D07-075_C1,12
GACCTGGTCTGGGCGT-1_V12D07-075_C1,9
GACCTTCCACGTCTAC-1_V12D07-075_C1,11
GACGACGATCCGCGTT-1_V12D07-075_C1,10
GACGAGGCTAATAAAC-1_V12D07-075_C1,12
GACGCCGTAAAGGCTA-1_V12D07-075_C1,10
GACGCCTGTTGCAGGG-1_V12D07-075_C1,5
GACGCTTGCTTCTAAA-1_V12D07-075_C1,10
GACGGGTTGGCCCGTA-1_V12D07-075_C1,10
GACGGTCAATAGAAGC-1_V12D07-075_C1,2
GACGGTCCTAGGGTGT-1_V12D07-075_C1,5
GACGTGAGACTCCATG-1_V12D07-075_C1,5
GACGTTCGTAAATACA-1_V12D07-075_C1,7
GACTAACACAGCACCT-1_V12D07-075_C1,5
GACTAAGATCATGCAC-1_V12D07-075_C1,5
GACTAAGTAGGCTCAC-1_V12D07-075_C1,10
GACTACAATTGCTCGT-1_V12D07-075_C1,5
GACTAGGCCGTTAGGT-1_V12D07-075_C1,9
GACTCACCCACGTGAG-1_V12D07-075_C1,10
GACTCCCAGAATAAGG-1_V12D07-075_C1,5
GACTCGCGGGAATGAC-1_V12D07-075_C1,2
GACTCGGTCGGCGGAT-1_V12D07-075_C1,5
GACTGATTGGTCACAA-1_V12D07-075_C1,5
GACTGCAAATCGAGCT-1_V12D07-075_C1,10
GACTGCACCAGCCCAG-1_V12D07-075_C1,12
GACTGGGCGCCGCAAC-1_V12D07-075_C1,5
GAGAAACTGGATCCCA-1_V12D07-075_C1,12
GAGAATCTCACGATCA-1_V12D07-075_C1,10
GAGACCCTGCAACGCC-1_V12D07-075_C1,5
GAGACTGATGGGTAGA-1_V12D07-075_C1,10
GAGACTTCGCGACCGA-1_V12D07-075_C1,10
GAGAGCGCAGTCCCTG-1_V12D07-075_C1,3
GAGAGGCCTATGTGTA-1_V12D07-075_C1,12
GAGAGGGCGCGAGGTT-1_V12D07-075_C1,10
GAGAGGTGCATTCTGG-1_V12D07-075_C1,2
GAGATCTGCTTGGCAT-1_V12D07-075_C1,10
GAGATCTGTCACTCCG-1_V12D07-075_C1,10
GAGATCTTCCATGACA-1_V12D07-075_C1,12
GAGATGACAATCCTTA-1_V12D07-075_C1,5
GAGATGGCTTTAATCA-1_V12D07-075_C1,12
GAGATGGGAGTCGACA-1_V12D07-075_C1,10
GAGCACGGCGCCTCTT-1_V12D07-075_C1,5
GAGCATCATCCCTGGG-1_V12D07-075_C1,5
GAGCCACGGTAGTAGG-1_V12D07-075_C1,5
GAGCCAGCTACCTGTG-1_V12D07-075_C1,10
GAGCCGAGCGTTTATT-1_V12D07-075_C1,5
GAGCGAGGGAGTACCG-1_V12D07-075_C1,5
GAGCGCAAATACTCCG-1_V12D07-075_C1,12
GAGCGCGCACGAGTAG-1_V12D07-075_C1,9
GAGCGGAATGCGGTGT-1_V12D07-075_C1,2
GAGCTAAGGGCATATC-1_V12D07-075_C1,2
GAGCTCTCGGACCTAA-1_V12D07-075_C1,9
GAGCTGTCGTCTCGGA-1_V12D07-075_C1,5
GAGGAATGGAGAGGTT-1_V12D07-075_C1,9
GAGGAGATCCTCATGC-1_V12D07-075_C1,9
GAGGATAAACAGTGCT-1_V12D07-075_C1,5
GAGGCATTTGCAGCAG-1_V12D07-075_C1,5
GAGGCCTGTTGATACA-1_V12D07-075_C1,12
GAGGGCATCGCGTATC-1_V12D07-075_C1,5
GAGGGCGCAGCTCTGC-1_V12D07-075_C1,2
GAGGTACATCCATCTT-1_V12D07-075_C1,5
GAGGTACGCGTGTCCC-1_V12D07-075_C1,12
GAGGTCCCAAAGATCT-1_V12D07-075_C1,11
GAGTAAACCGGAAAGT-1_V12D07-075_C1,5
GAGTAAATTAAGAACC-1_V12D07-075_C1,8
GAGTAGATACTAGTTG-1_V12D07-075_C1,10
GAGTATCAAAGTTACA-1_V12D07-075_C1,2
GAGTATGCCCGCCTTG-1_V12D07-075_C1,2
GAGTATGCGCGTGCAT-1_V12D07-075_C1,9
GAGTCAGACCAGAATC-1_V12D07-075_C1,2
GAGTCCGCTTACCGGA-1_V12D07-075_C1,10
GAGTCGACAGACCCTC-1_V12D07-075_C1,4
GAGTGTCAACCAGAAA-1_V12D07-075_C1,9
GAGTGTGCGGTACCCA-1_V12D07-075_C1,12
GATAAATCGGTGGATG-1_V12D07-075_C1,5
GATAACTCGCACTGTG-1_V12D07-075_C1,12
GATAAGGCAGATGCAA-1_V12D07-075_C1,5
GATACCGTGTCGGAGT-1_V12D07-075_C1,5
GATACGATGGGAGTCA-1_V12D07-075_C1,2
GATAGAACCCGCTAGG-1_V12D07-075_C1,10
GATAGCGTACCACGCG-1_V12D07-075_C1,9
GATAGGATTAATTACA-1_V12D07-075_C1,5
GATAGGTAACGTTGAC-1_V12D07-075_C1,10
GATAGGTGTCCCGGGC-1_V12D07-075_C1,5
GATATCAGTATGTATC-1_V12D07-075_C1,10
GATATCTCATGCAATA-1_V12D07-075_C1,5
GATATGAGACACTAAC-1_V12D07-075_C1,12
GATATGCGGTAGCCAA-1_V12D07-075_C1,5
GATATTGAGATTGGCG-1_V12D07-075_C1,2
GATATTTCCTACATGG-1_V12D07-075_C1,5
GATCATTCCAAACATT-1_V12D07-075_C1,10
GATCCCTTTATACTGC-1_V12D07-075_C1,10
GATCCGAATATAAGTG-1_V12D07-075_C1,5
GATCCGGGAATTAACA-1_V12D07-075_C1,10
GATCCTAAATCGGGAC-1_V12D07-075_C1,2
GATCCTCTTGCGCTTA-1_V12D07-075_C1,5
GATCGACACTATCTGA-1_V12D07-075_C1,10
GATCGCGGGCTCTCCA-1_V12D07-075_C1,10
GATCGCTACCCGATTT-1_V12D07-075_C1,12
GATCGGCGATAAGTCG-1_V12D07-075_C1,10
GATCGGTGGCCATAAC-1_V12D07-075_C1,10
GATCGTGACTGATATC-1_V12D07-075_C1,10
GATCTCGACGCTGTGG-1_V12D07-075_C1,5
GATCTGCTATCTAAGG-1_V12D07-075_C1,10
GATCTTCATTGTCCTC-1_V12D07-075_C1,10
GATCTTGGAGGGCATA-1_V12D07-075_C1,10
GATCTTTGCAGGGTAT-1_V12D07-075_C1,10
GATCTTTGCTCAAAGA-1_V12D07-075_C1,5
GATGACGATGATCGCG-1_V12D07-075_C1,5
GATGAGGAACCTTCGG-1_V12D07-075_C1,12
GATGCGAATGGTATTA-1_V12D07-075_C1,10
GATGCGTCCTGCATTC-1_V12D07-075_C1,10
GATGCTACAAGCGCCT-1_V12D07-075_C1,5
GATGCTACCTTCGATG-1_V12D07-075_C1,10
GATGCTGTATTTCATC-1_V12D07-075_C1,10
GATGGCGCACACATTA-1_V12D07-075_C1,11
GATGGTGAAATAACCC-1_V12D07-075_C1,5
GATGGTGCCCTAGGCA-1_V12D07-075_C1,5
GATGTCCGGATCACAT-1_V12D07-075_C1,5
GATGTCGGTCAACTGC-1_V12D07-075_C1,5
GATGTGTTGTCACAAG-1_V12D07-075_C1,5
GATGTTCAATCCACGA-1_V12D07-075_C1,10
GATTAACCGAAAGCCC-1_V12D07-075_C1,12
GATTACTGAATTTGGG-1_V12D07-075_C1,10
GATTCCCTTGTCGCAG-1_V12D07-075_C1,10
GATTCCGCGTTTCCGT-1_V12D07-075_C1,5
GATTCCTATACGGCGC-1_V12D07-075_C1,10
GATTCGACGGTTCACG-1_V12D07-075_C1,10
GATTGACACTCTGCTC-1_V12D07-075_C1,5
GATTGGGAAAGGTTGT-1_V12D07-075_C1,9
GCAAACCCTACATTAT-1_V12D07-075_C1,10
GCAAACCTTGGCCATA-1_V12D07-075_C1,10
GCAAACGTCGCCAGGT-1_V12D07-075_C1,5
GCAAATATTACGCTTT-1_V12D07-075_C1,10
GCAAATGAGGACACTT-1_V12D07-075_C1,12
GCAACAGCAGTATGCG-1_V12D07-075_C1,12
GCAACCACCAGACCGG-1_V12D07-075_C1,5
GCAACCACGGCCGCGT-1_V12D07-075_C1,2
GCAACCCAAGTTGTTT-1_V12D07-075_C1,9
GCAACGGCTAGTTATG-1_V12D07-075_C1,5
GCAAGAATTCCTTGGC-1_V12D07-075_C1,2
GCAAGATGTGTTCGCG-1_V12D07-075_C1,5
GCAAGTGCACAGAGAA-1_V12D07-075_C1,10
GCAATTAGTCGCACCG-1_V12D07-075_C1,5
GCACAAACGAGGCGTG-1_V12D07-075_C1,5
GCACAAGTGGATCATA-1_V12D07-075_C1,9
GCACAAGTGTCGGAAG-1_V12D07-075_C1,5
GCACACACTGGTAGCC-1_V12D07-075_C1,12
GCACACGCCCATGGTC-1_V12D07-075_C1,1
GCACCTTCCCGAAGGT-1_V12D07-075_C1,12
GCACGCCTACTTAGAT-1_V12D07-075_C1,2
GCACGTGGTTTACTTA-1_V12D07-075_C1,12
GCACTAGTCGCGCTAT-1_V12D07-075_C1,5
GCACTGCCTACCTTTA-1_V12D07-075_C1,12
GCACTGTGCAAATGTA-1_V12D07-075_C1,5
GCAGAAGGTAATCTCC-1_V12D07-075_C1,5
GCAGACCCAGCACGTA-1_V12D07-075_C1,2
GCAGATCCATAAGACT-1_V12D07-075_C1,10
GCAGATCCTCGCAAAT-1_V12D07-075_C1,11
GCAGATTAGGGATATC-1_V12D07-075_C1,10
GCAGCACACAGCCCAG-1_V12D07-075_C1,10
GCAGCCTATATCACAT-1_V12D07-075_C1,5
GCAGCGGTGGGCATTA-1_V12D07-075_C1,5
GCAGCTATGGACAGGT-1_V12D07-075_C1,5
GCAGCTGTCAACGCAT-1_V12D07-075_C1,2
GCAGGACTATAGAATA-1_V12D07-075_C1,10
GCAGGTAGAGTATGGT-1_V12D07-075_C1,5
GCAGTGCGGGCGGATG-1_V12D07-075_C1,2
GCAGTGTGGCTATAGG-1_V12D07-075_C1,10
GCAGTTCGATCCGAGC-1_V12D07-075_C1,12
GCATACGAGGTCTTTA-1_V12D07-075_C1,2
GCATAGAGCACTCAGG-1_V12D07-075_C1,10
GCATCCCTAACTTTGA-1_V12D07-075_C1,6
GCATGACACAAAGGAA-1_V12D07-075_C1,8
GCATGAGGGACGCGGC-1_V12D07-075_C1,2
GCATGGGTACTGACGC-1_V12D07-075_C1,12
GCATTCAAGGCAACGC-1_V12D07-075_C1,5
GCATTCGAAATGAACA-1_V12D07-075_C1,10
GCATTTCCAAGGCTCC-1_V12D07-075_C1,5
GCCAACCATTTCCGGA-1_V12D07-075_C1,5
GCCAATAGGGCATCTC-1_V12D07-075_C1,5
GCCACAATTTAAGGAC-1_V12D07-075_C1,2
GCCACTCAGAGCGCGA-1_V12D07-075_C1,12
GCCACTCCTTACGGTA-1_V12D07-075_C1,12
GCCAGGAGTAACCGAT-1_V12D07-075_C1,5
GCCAGGCGTTCGCATG-1_V12D07-075_C1,5
GCCAGGCTTAGTGGTA-1_V12D07-075_C1,12
GCCATATTGCACACAG-1_V12D07-075_C1,5
GCCATCGAGCTGCGTG-1_V12D07-075_C1,2
GCCATCGATGCTGCAT-1_V12D07-075_C1,5
GCCCACCAAGGCTGTC-1_V12D07-075_C1,5
GCCCAGATGCTGGAGA-1_V12D07-075_C1,5
GCCCAGTTGGTATGCC-1_V12D07-075_C1,10
GCCCGATCTGTGGTCG-1_V12D07-075_C1,10
GCCCGCGCGTAAACGG-1_V12D07-075_C1,2
GCCCGCGCGTTTGACA-1_V12D07-075_C1,10
GCCCGTAATACCTTCT-1_V12D07-075_C1,10
GCCCTGAGGATGGGCT-1_V12D07-075_C1,12
GCCGAAATTCCTACGT-1_V12D07-075_C1,10
GCCGATTGGCCAAGCT-1_V12D07-075_C1,10
GCCGCACTCCGTTTCA-1_V12D07-075_C1,5
GCCGCATTAGTCCGGC-1_V12D07-075_C1,11
GCCGCTTGTGAGAAAC-1_V12D07-075_C1,10
GCCGGGTTAGGGTCGC-1_V12D07-075_C1,10
GCCGGTCGTATCTCTC-1_V12D07-075_C1,10
GCCGTGGAAGAAATGT-1_V12D07-075_C1,5
GCCTACGTTCTGTGCA-1_V12D07-075_C1,12
GCCTAGCGATCTGACC-1_V12D07-075_C1,10
GCCTATAGTGTCAGGG-1_V12D07-075_C1,2
GCCTATCAGGTAAGAT-1_V12D07-075_C1,2
GCCTATGCTGGGCCTT-1_V12D07-075_C1,5
GCCTATTTGCTACACA-1_V12D07-075_C1,5
GCCTCATCTGGAAATA-1_V12D07-075_C1,12
GCCTCCGACAATTCAC-1_V12D07-075_C1,9
GCCTCTATACATAGCA-1_V12D07-075_C1,10
GCCTGCTACACTGAGA-1_V12D07-075_C1,5
GCCTTCAGCCCTACCG-1_V12D07-075_C1,5
GCCTTGTATATGCAGT-1_V12D07-075_C1,10
GCGAAACGATCGGGAG-1_V12D07-075_C1,12
GCGAAACTTAACTGGA-1_V12D07-075_C1,12
GCGAAGAATCTGACGG-1_V12D07-075_C1,10
GCGAAGCCATACCCGT-1_V12D07-075_C1,10
GCGACATGTAAACATC-1_V12D07-075_C1,5
GCGACGATAGTTGTAC-1_V12D07-075_C1,10
GCGAGAAACGGGAGTT-1_V12D07-075_C1,10
GCGAGAGGCCATGTAA-1_V12D07-075_C1,5
GCGAGAGTTGCGTCCA-1_V12D07-075_C1,5
GCGAGCGCATGCTCCC-1_V12D07-075_C1,5
GCGAGGCCCGAGCAGA-1_V12D07-075_C1,10
GCGAGTTCTGCAAAGA-1_V12D07-075_C1,10
GCGATGTCTGTGCTTG-1_V12D07-075_C1,9
GCGATTGTTAACGTTA-1_V12D07-075_C1,12
GCGCAAGAGCGCGCTG-1_V12D07-075_C1,12
GCGCATCCAGTCAGCA-1_V12D07-075_C1,2
GCGCCGTTCCACGATA-1_V12D07-075_C1,10
GCGCCTCCCACTCCGA-1_V12D07-075_C1,2
GCGCGGTCTAGTAACT-1_V12D07-075_C1,10
GCGCGTCATTGGTACA-1_V12D07-075_C1,9
GCGCTAATTGAATAGA-1_V12D07-075_C1,10
GCGCTATGCCGAGGCA-1_V12D07-075_C1,10
GCGCTCGATCACCTGT-1_V12D07-075_C1,5
GCGCTGATCCAGACTC-1_V12D07-075_C1,5
GCGCTGCTTTGCATTT-1_V12D07-075_C1,2
GCGCTGGCGGAAAGTC-1_V12D07-075_C1,9
GCGCTTAAATAATTGG-1_V12D07-075_C1,12
GCGGACCGCGTTGTGG-1_V12D07-075_C1,2
GCGGAGAGGGAGAACG-1_V12D07-075_C1,12
GCGGCTCTGACGTACC-1_V12D07-075_C1,10
GCGGCTTTAGCAAGTT-1_V12D07-075_C1,12
GCGGGAACCAGGCCCT-1_V12D07-075_C1,5
GCGGGCATTACGATGC-1_V12D07-075_C1,5
GCGGGCGAGCCTTACC-1_V12D07-075_C1,2
GCGGTAACCCAAATGA-1_V12D07-075_C1,6
GCGGTCCCGGTGAAGG-1_V12D07-075_C1,5
GCGGTCCCTAGACGCA-1_V12D07-075_C1,5
GCGGTGAACTGCGCTC-1_V12D07-075_C1,5
GCGGTGCGGAGCATCG-1_V12D07-075_C1,10
GCGGTTCCCTATCATG-1_V12D07-075_C1,10
GCGTAAATGGCCATAA-1_V12D07-075_C1,5
GCGTCGAAATGTCGGT-1_V12D07-075_C1,5
GCGTCGCCAGGGTGAT-1_V12D07-075_C1,10
GCGTCTAACCTCCTAA-1_V12D07-075_C1,5
GCGTCTCTGCATTGGG-1_V12D07-075_C1,10
GCGTGGTACTGGGTTA-1_V12D07-075_C1,2
GCGTTATATTTGGAAC-1_V12D07-075_C1,10
GCGTTCGGAGACCGGG-1_V12D07-075_C1,5
GCGTTCTGACTAAGCG-1_V12D07-075_C1,2
GCTAAACCTGAGGTGA-1_V12D07-075_C1,11
GCTAACTGAAGTCTGA-1_V12D07-075_C1,10
GCTAAGTAAAGGCGAT-1_V12D07-075_C1,10
GCTAAGTAGTTTCTCT-1_V12D07-075_C1,12
GCTAATACCGAATGCC-1_V12D07-075_C1,10
GCTACAATCGAGGATA-1_V12D07-075_C1,12
GCTACAGTACGGACCG-1_V12D07-075_C1,2
GCTACGACTTATTGGG-1_V12D07-075_C1,10
GCTACTATAGTAGAGT-1_V12D07-075_C1,12
GCTAGACCGTCTACTG-1_V12D07-075_C1,12
GCTAGAGTAGAGATGT-1_V12D07-075_C1,12
GCTAGCACCTGGGCCA-1_V12D07-075_C1,5
GCTAGCAGGGAGTGGG-1_V12D07-075_C1,5
GCTAGCTTGAATAGCT-1_V12D07-075_C1,2
GCTAGTAGAGCTTGTA-1_V12D07-075_C1,10
GCTATCATACTCATGG-1_V12D07-075_C1,10
GCTCAACCTCTTAGAG-1_V12D07-075_C1,7
GCTCAATGTAATACCG-1_V12D07-075_C1,10
GCTCATTACTGCATGT-1_V12D07-075_C1,5
GCTCCATGAGTGCAGA-1_V12D07-075_C1,2
GCTCCATGCAAAGCAA-1_V12D07-075_C1,8
GCTCCCAGTCGGTCCA-1_V12D07-075_C1,2
GCTCCGCTCGCTTCAG-1_V12D07-075_C1,5
GCTCGCGGTTCCGCTC-1_V12D07-075_C1,11
GCTCGCTCATGTCCAA-1_V12D07-075_C1,12
GCTCGGAATTTAAAGC-1_V12D07-075_C1,5
GCTCTAAACCCTGACG-1_V12D07-075_C1,10
GCTCTATGTTACGTGC-1_V12D07-075_C1,10
GCTCTCGGGTACCGAA-1_V12D07-075_C1,10
GCTCTTTCCGCTAGTG-1_V12D07-075_C1,10
GCTGAACTCTCCAGGG-1_V12D07-075_C1,5
GCTGAGCAACGGTTCT-1_V12D07-075_C1,10
GCTGAGGCGTGAGTAT-1_V12D07-075_C1,10
GCTGCACGGTTTCTTA-1_V12D07-075_C1,10
GCTGCGCCTCCCACGT-1_V12D07-075_C1,9
GCTGCTAAGTAGTCGA-1_V12D07-075_C1,10
GCTGCTACTGCGTAGC-1_V12D07-075_C1,11
GCTGCTCTCCGGACAC-1_V12D07-075_C1,10
GCTGGACCCAAAGTGG-1_V12D07-075_C1,5
GCTGGCAGGTGCCGTG-1_V12D07-075_C1,10
GCTGGCATATTCACCT-1_V12D07-075_C1,6
GCTGGCGGCGCATGCT-1_V12D07-075_C1,10
GCTGGTGACTCGTAGT-1_V12D07-075_C1,5
GCTGTATTACTGGCCC-1_V12D07-075_C1,2
GCTGTTGCTACCGAAC-1_V12D07-075_C1,12
GCTTAATGTAACTAAC-1_V12D07-075_C1,5
GCTTACGTAGTTAGTA-1_V12D07-075_C1,5
GCTTATGAAGCAGGAA-1_V12D07-075_C1,12
GCTTCAGTGGGATTAC-1_V12D07-075_C1,5
GCTTCCAGCTTAGATT-1_V12D07-075_C1,11
GCTTCCGTCCCTAGAC-1_V12D07-075_C1,10
GCTTGATGATAATCAG-1_V12D07-075_C1,10
GCTTGCAGCACAATTG-1_V12D07-075_C1,5
GCTTGGATCGATTAGG-1_V12D07-075_C1,2
GCTTTACACAACTGGG-1_V12D07-075_C1,2
GCTTTCAGAGGAGGTG-1_V12D07-075_C1,2
GCTTTCTATCTCAACT-1_V12D07-075_C1,5
GGAAACCTTGTTGAAT-1_V12D07-075_C1,5
GGAAACTAAATGGGCC-1_V12D07-075_C1,12
GGAAAGTGCCCATGCC-1_V12D07-075_C1,5
GGAACCCGAACAAGAA-1_V12D07-075_C1,10
GGAACCGTGTAAATTG-1_V12D07-075_C1,2
GGAACGGCCTGCAGCC-1_V12D07-075_C1,9
GGAACTTTGGCGATTA-1_V12D07-075_C1,12
GGAAGCTCGCTTACAG-1_V12D07-075_C1,5
GGAATAACCTCAAGAA-1_V12D07-075_C1,5
GGAATGCGCTAGCGTG-1_V12D07-075_C1,2
GGACAACCATGAAGCC-1_V12D07-075_C1,12
GGACAAGTTGCAGTGA-1_V12D07-075_C1,10
GGACACAAGTTTACAC-1_V12D07-075_C1,2
GGACCAACAGGATAAC-1_V12D07-075_C1,10
GGACCTACGGTAACGT-1_V12D07-075_C1,5
GGACGGCTTGCGCAAC-1_V12D07-075_C1,5
GGACGGGCGACCAACC-1_V12D07-075_C1,12
GGACGTCCATAGTTGG-1_V12D07-075_C1,5
GGACTAAGTCAGGAGT-1_V12D07-075_C1,10
GGACTCACAAATTAGG-1_V12D07-075_C1,5
GGACTCGAAGCTTTCA-1_V12D07-075_C1,12
GGACTCTTCCGGTTGA-1_V12D07-075_C1,2
GGACTCTTTGACTAAG-1_V12D07-075_C1,2
GGAGAAGTCATTGGCA-1_V12D07-075_C1,10
GGAGACCAATGTGCTT-1_V12D07-075_C1,7
GGAGACGACACCTTTG-1_V12D07-075_C1,12
GGAGCAACATTTCAAG-1_V12D07-075_C1,9
GGAGCACCAAGAACTA-1_V12D07-075_C1,2
GGAGCGAGGCCTACTT-1_V12D07-075_C1,12
GGAGGATTGAAAGGAG-1_V12D07-075_C1,5
GGAGGCCGAAGTCGTC-1_V12D07-075_C1,5
GGAGGGCTTGGTTGGC-1_V12D07-075_C1,12
GGAGGGTCAAGTAAGA-1_V12D07-075_C1,12
GGAGTACACATGAGCT-1_V12D07-075_C1,9
GGAGTGCCGCCCTGGA-1_V12D07-075_C1,5
GGAGTTGATTCTGTGT-1_V12D07-075_C1,12
GGATACTCATGAATTG-1_V12D07-075_C1,5
GGATCAAAGGACGAGG-1_V12D07-075_C1,5
GGATCATCCCGTACGC-1_V12D07-075_C1,5
GGATCCGGAATATACT-1_V12D07-075_C1,12
GGATGAAGATCGCTGA-1_V12D07-075_C1,12
GGATGACGCGAGTTTA-1_V12D07-075_C1,10
GGATGTCCTTACCGCA-1_V12D07-075_C1,2
GGATTAAGCTAAGGTC-1_V12D07-075_C1,5
GGATTCCGCTATACCC-1_V12D07-075_C1,5
GGATTGCTGTGACTCC-1_V12D07-075_C1,10
GGATTTCACTTCTATA-1_V12D07-075_C1,2
GGCAAATTACTTTACT-1_V12D07-075_C1,10
GGCAAGCCAGGGATAG-1_V12D07-075_C1,5
GGCAAGCCCATAGTGG-1_V12D07-075_C1,9
GGCAAGGCGAAATAGC-1_V12D07-075_C1,10
GGCAATAGTCAATGAG-1_V12D07-075_C1,12
GGCACTCCACTGGGCA-1_V12D07-075_C1,10
GGCACTGCGGTGGTTT-1_V12D07-075_C1,2
GGCAGAGAGATCGGGA-1_V12D07-075_C1,12
GGCAGCAAACCTATGC-1_V12D07-075_C1,12
GGCAGCGGTAATCCTA-1_V12D07-075_C1,5
GGCATACAGGTAGCGG-1_V12D07-075_C1,10
GGCATATCGGTTCTGC-1_V12D07-075_C1,5
GGCATCAACGAGCACG-1_V12D07-075_C1,5
GGCCACACGAAAGCCT-1_V12D07-075_C1,9
GGCCCAATCTAGAGGG-1_V12D07-075_C1,5
GGCCCAGCTGGTTTGC-1_V12D07-075_C1,12
GGCCCAGTTATCAGCA-1_V12D07-075_C1,5
GGCCCGGAGCATGTCT-1_V12D07-075_C1,5
GGCCCGTATACCATGC-1_V12D07-075_C1,5
GGCCCTCACCCACTTA-1_V12D07-075_C1,10
GGCCGCAGGAACCGCA-1_V12D07-075_C1,12
GGCCGGCGTCTGCTAT-1_V12D07-075_C1,12
GGCCGTTTGGGTTTCA-1_V12D07-075_C1,2
GGCCTGCTTCTCCCGA-1_V12D07-075_C1,12
GGCCTTTGCAACTGGC-1_V12D07-075_C1,12
GGCGAAATCTAACTTG-1_V12D07-075_C1,11
GGCGCAGGACATCTTC-1_V12D07-075_C1,10
GGCGCATGAATTGATG-1_V12D07-075_C1,10
GGCGCGTTCGAGTTTA-1_V12D07-075_C1,10
GGCGCTTCATTCCCTG-1_V12D07-075_C1,12
GGCGGAGTAATATTAG-1_V12D07-075_C1,10
GGCGGGCTCTAAGAGT-1_V12D07-075_C1,5
GGCGGTAGGATCATTG-1_V12D07-075_C1,10
GGCGGTTTGCCGGTGC-1_V12D07-075_C1,9
GGCGTAGGGAAAGCTG-1_V12D07-075_C1,10
GGCGTCCTATCCGCTG-1_V12D07-075_C1,10
GGCTAAAGGGCGGGTC-1_V12D07-075_C1,5
GGCTAATGATTGAAAT-1_V12D07-075_C1,5
GGCTATTAAGTTGTAT-1_V12D07-075_C1,10
GGCTCGCGTTGAGGTA-1_V12D07-075_C1,2
GGCTCGTGCCACCAGC-1_V12D07-075_C1,10
GGCTCTGCTCCAACGC-1_V12D07-075_C1,10
GGCTGAAATAGCAAAG-1_V12D07-075_C1,10
GGCTGAGCATCGTAAG-1_V12D07-075_C1,5
GGCTGGCAGCTTTATG-1_V12D07-075_C1,9
GGCTGGCTAGCTTAAA-1_V12D07-075_C1,5
GGCTTGGCTCTCACCT-1_V12D07-075_C1,10
GGCTTTCAATAAGGGT-1_V12D07-075_C1,10
GGGAAAGAATGCCAAC-1_V12D07-075_C1,2
GGGAACGGGAGGTTAG-1_V12D07-075_C1,10
GGGAAGACGGTCTGTC-1_V12D07-075_C1,12
GGGAATGAGCCCTCAC-1_V12D07-075_C1,5
GGGAATTCTGTCCAGT-1_V12D07-075_C1,9
GGGACCCGTATATCTT-1_V12D07-075_C1,10
GGGACTGCATAGATAG-1_V12D07-075_C1,10
GGGAGAACTCACAGTA-1_V12D07-075_C1,10
GGGAGCGACCGTAGTG-1_V12D07-075_C1,3
GGGAGGATGCCCGAAA-1_V12D07-075_C1,3
GGGAGTAATGGCTGGC-1_V12D07-075_C1,9
GGGAGTTAATGAGGCG-1_V12D07-075_C1,12
GGGATACGGTAATAAT-1_V12D07-075_C1,11
GGGATCCCAATACAAA-1_V12D07-075_C1,5
GGGATGGTCGTAACCG-1_V12D07-075_C1,2
GGGATTTACCGCACCT-1_V12D07-075_C1,12
GGGCACGAATTGGCCG-1_V12D07-075_C1,9
GGGCAGAGCAATCGTT-1_V12D07-075_C1,10
GGGCAGTCAACGCCAA-1_V12D07-075_C1,12
GGGCCCGTCTTAAACA-1_V12D07-075_C1,10
GGGCCCTACGAAAGGG-1_V12D07-075_C1,2
GGGCCCTTATCTATAC-1_V12D07-075_C1,9
GGGCCGGCCGAAGTAC-1_V12D07-075_C1,12
GGGCCTATTTAAGTAT-1_V12D07-075_C1,5
GGGCGAATTTCTCCAC-1_V12D07-075_C1,9
GGGCGATATGTGTGAA-1_V12D07-075_C1,10
GGGCGCAGCGTTACTC-1_V12D07-075_C1,5
GGGCGGCAAATGAATT-1_V12D07-075_C1,2
GGGCGGGTTCCCTACG-1_V12D07-075_C1,2
GGGCGGTCCTATTGTC-1_V12D07-075_C1,5
GGGCGTACATTTATAT-1_V12D07-075_C1,10
GGGCGTCACCACGTAA-1_V12D07-075_C1,10
GGGCGTCCACTGGCTC-1_V12D07-075_C1,5
GGGCGTGGTTTCCCAG-1_V12D07-075_C1,9
GGGCTATGATCGATGG-1_V12D07-075_C1,2
GGGCTCATCGAACCCA-1_V12D07-075_C1,5
GGGCTGCCTAGGGCGA-1_V12D07-075_C1,9
GGGCTGGTTAGTCGCG-1_V12D07-075_C1,10
GGGTACACTCTGGAGG-1_V12D07-075_C1,2
GGGTACCCACGGTCCT-1_V12D07-075_C1,5
GGGTACTTCATGAACT-1_V12D07-075_C1,10
GGGTCACCGTGACGGT-1_V12D07-075_C1,10
GGGTCAGGAGCTAGAT-1_V12D07-075_C1,10
GGGTCATGCGTACCAT-1_V12D07-075_C1,11
GGGTCGTGGCAAGTGT-1_V12D07-075_C1,5
GGGTCTATCGCTTTCC-1_V12D07-075_C1,9
GGGTGACACCTTAACT-1_V12D07-075_C1,10
GGGTGCATATGAAAGC-1_V12D07-075_C1,5
GGGTGTTTCAGCTATG-1_V12D07-075_C1,5
GGGTTAACATTTGAGT-1_V12D07-075_C1,2
GGGTTTAGGATAGGAT-1_V12D07-075_C1,2
GGTAAACTCTGCGCTG-1_V12D07-075_C1,12
GGTAAATGTGCGTTAC-1_V12D07-075_C1,5
GGTAACCGGCAAAGGT-1_V12D07-075_C1,9
GGTAACTATGTATCTG-1_V12D07-075_C1,5
GGTACAAACATGCTAT-1_V12D07-075_C1,10
GGTACACCAGATTTAT-1_V12D07-075_C1,7
GGTACATCTGGGACGA-1_V12D07-075_C1,2
GGTACCATTAAGACGG-1_V12D07-075_C1,10
GGTACGTTGCGGCCGG-1_V12D07-075_C1,12
GGTACTAAGTGCTTTG-1_V12D07-075_C1,5
GGTAGAAGACCGCCTG-1_V12D07-075_C1,10
GGTAGACCGTTGGGCG-1_V12D07-075_C1,10
GGTAGTGCTCGCACCA-1_V12D07-075_C1,10
GGTATAGTGACACATA-1_V12D07-075_C1,5
GGTATGAAAGAACTGA-1_V12D07-075_C1,12
GGTATTGCCGAGTTTA-1_V12D07-075_C1,10
GGTCAAGACTACTTCG-1_V12D07-075_C1,12
GGTCAGTGGGTCCCAC-1_V12D07-075_C1,10
GGTCATTGTAGTCATA-1_V12D07-075_C1,5
GGTCCTTCATACGACT-1_V12D07-075_C1,9
GGTCGGATAAACGGCG-1_V12D07-075_C1,9
GGTCGGCCAGGAGCTT-1_V12D07-075_C1,2
GGTCGGTAATTAGACA-1_V12D07-075_C1,5
GGTCGGTCGTCCACAG-1_V12D07-075_C1,2
GGTCTCCAAGTAGTGC-1_V12D07-075_C1,5
GGTCTCCGTCCAGGTT-1_V12D07-075_C1,9
GGTCTGAGAATCTGGA-1_V12D07-075_C1,12
GGTCTTGAGCGCTCTT-1_V12D07-075_C1,9
GGTCTTGGTGTTAACT-1_V12D07-075_C1,9
GGTGAAACCGGGAATG-1_V12D07-075_C1,5
GGTGAACGGGCTAGCC-1_V12D07-075_C1,5
GGTGAAGTACAGGGAT-1_V12D07-075_C1,2
GGTGACTGATAGAGAG-1_V12D07-075_C1,9
GGTGAGATGCAGATAA-1_V12D07-075_C1,11
GGTGATAAGGAGCAGT-1_V12D07-075_C1,12
GGTGATGAAGGAAGTG-1_V12D07-075_C1,9
GGTGATTTCATCTTGT-1_V12D07-075_C1,5
GGTGCAGAGCCTATCG-1_V12D07-075_C1,5
GGTGCATAAATGATTA-1_V12D07-075_C1,2
GGTGCGGATAAGTGGC-1_V12D07-075_C1,5
GGTGCTGGTACACATT-1_V12D07-075_C1,10
GGTGGACCACGTGTTA-1_V12D07-075_C1,5
GGTGGACTGCTCTGGC-1_V12D07-075_C1,10
GGTGGAGGTTGATACG-1_V12D07-075_C1,5
GGTGTAAATCGATTGT-1_V12D07-075_C1,12
GGTGTAGGTAAGTAAA-1_V12D07-075_C1,10
GGTGTTGGGCGTCTTA-1_V12D07-075_C1,5
GGTTACCACCCTCGGG-1_V12D07-075_C1,2
GGTTACCCGACACTTT-1_V12D07-075_C1,5
GGTTAGCTATATGTCT-1_V12D07-075_C1,12
GGTTAGGCTTGGAGAA-1_V12D07-075_C1,10
GGTTCGGATTATACTA-1_V12D07-075_C1,12
GGTTCTACTCGTCTGA-1_V12D07-075_C1,2
GGTTGTGCTCTTGTCC-1_V12D07-075_C1,9
GGTTGTGTAGCCTGGC-1_V12D07-075_C1,11
GGTTTAATTGAGCAGG-1_V12D07-075_C1,7
GGTTTACAATCTCAAT-1_V12D07-075_C1,10
GGTTTAGCCTTTCTTG-1_V12D07-075_C1,12
GGTTTCAATCGGTCAG-1_V12D07-075_C1,2
GGTTTGACAAGAAGCT-1_V12D07-075_C1,5
GGTTTGAGTGCTGGAA-1_V12D07-075_C1,5
GGTTTGTGACCTGAGG-1_V12D07-075_C1,12
GTAACAACTGACCTTG-1_V12D07-075_C1,5
GTAACATCTAAGATAA-1_V12D07-075_C1,12
GTAACTGCCCAAGGAG-1_V12D07-075_C1,2
GTAACTTGCGGCAGTC-1_V12D07-075_C1,5
GTAAGCGGGCAGTCAG-1_V12D07-075_C1,10
GTAAGGATTTGTCGGA-1_V12D07-075_C1,5
GTAAGTAACAGTCTGG-1_V12D07-075_C1,12
GTAAGTAGGGTATACC-1_V12D07-075_C1,10
GTAAGTCCACACTCTA-1_V12D07-075_C1,7
GTAATAAAGGGCTCCC-1_V12D07-075_C1,5
GTAATCTGATTCTTCG-1_V12D07-075_C1,2
GTACACTTACCTGAAG-1_V12D07-075_C1,10
GTACAGAGGCAAGGGT-1_V12D07-075_C1,12
GTACGACGGCGCTGCG-1_V12D07-075_C1,5
GTACGAGATTGCGACA-1_V12D07-075_C1,5
GTACGCTTCATTGCAC-1_V12D07-075_C1,10
GTACGTCACGTATTAA-1_V12D07-075_C1,5
GTACGTTTGCCCGTCA-1_V12D07-075_C1,12
GTACTAAGATTTGGAG-1_V12D07-075_C1,10
GTACTCCCTTATCGCT-1_V12D07-075_C1,10
GTACTCCTGGGTATGC-1_V12D07-075_C1,5
GTACTGCATGAAGCGT-1_V12D07-075_C1,5
GTACTGGAGTTAGACC-1_V12D07-075_C1,12
GTACTTGGGCACTTCT-1_V12D07-075_C1,10
GTAGAAACGGGTGGAG-1_V12D07-075_C1,11
GTAGACAACCGATGAA-1_V12D07-075_C1,7
GTAGACACGCCTGACT-1_V12D07-075_C1,10
GTAGACGTCGTTACAT-1_V12D07-075_C1,5
GTAGCCAAACATGGGA-1_V12D07-075_C1,10
GTAGCGCTGTTGTAGT-1_V12D07-075_C1,5
GTAGCGGCTATACACT-1_V12D07-075_C1,10
GTAGCTTCCTCTTGTT-1_V12D07-075_C1,2
GTAGGTGATCCGTGTA-1_V12D07-075_C1,5
GTAGTCGCGGGAATCA-1_V12D07-075_C1,10
GTAGTCTACGATATTG-1_V12D07-075_C1,12
GTAGTGAGCAACCTCA-1_V12D07-075_C1,12
GTATAATCTCCCGGAT-1_V12D07-075_C1,9
GTATAGGACTCAGTAG-1_V12D07-075_C1,5
GTATCAAACGTTAGCT-1_V12D07-075_C1,12
GTATCAGCTTGGGTTC-1_V12D07-075_C1,10
GTATCCTTTGGTAACC-1_V12D07-075_C1,12
GTATCTTTCATAACCA-1_V12D07-075_C1,10
GTATGACGTGGGAAAC-1_V12D07-075_C1,5
GTATGTGGGTCTAGTT-1_V12D07-075_C1,12
GTATTAGGGTTCGCGT-1_V12D07-075_C1,7
GTATTCTGAGAAACGA-1_V12D07-075_C1,2
GTATTCTTACCGTGCT-1_V12D07-075_C1,11
GTATTTAATGGCATAA-1_V12D07-075_C1,5
GTCAAAGTTTACATAG-1_V12D07-075_C1,5
GTCAACCAGGCCTATA-1_V12D07-075_C1,10
GTCAAGCGGACTCGGG-1_V12D07-075_C1,10
GTCAATGCTATAATTT-1_V12D07-075_C1,5
GTCAATTGTACTGAAG-1_V12D07-075_C1,5
GTCACAAAGTTTCCAA-1_V12D07-075_C1,5
GTCAGAATAGTCTATG-1_V12D07-075_C1,10
GTCAGACAGCGTTGGA-1_V12D07-075_C1,12
GTCAGTTGTGCTCGTT-1_V12D07-075_C1,5
GTCAGTTTGGTAGTCG-1_V12D07-075_C1,10
GTCATCTCCTACAGCT-1_V12D07-075_C1,9
GTCATGCACCTCCGTT-1_V12D07-075_C1,10
GTCATGCGCGAGGGCT-1_V12D07-075_C1,9
GTCATGGACATGACTA-1_V12D07-075_C1,10
GTCATTAGAGCGAACG-1_V12D07-075_C1,10
GTCATTGCATTGACCC-1_V12D07-075_C1,10
GTCCAATATTTAGCCT-1_V12D07-075_C1,10
GTCCACGTCGCATTCG-1_V12D07-075_C1,12
GTCCATTACTGCTACG-1_V12D07-075_C1,2
GTCCCAACGTAAAGTA-1_V12D07-075_C1,3
GTCCCGCGACGTTATG-1_V12D07-075_C1,10
GTCCGAGAGCAATCAT-1_V12D07-075_C1,10
GTCCGGACCTGAAATT-1_V12D07-075_C1,12
GTCCGGCTGAATTGCG-1_V12D07-075_C1,10
GTCCGGGTTCACATTA-1_V12D07-075_C1,9
GTCCTACAGGCGGCTC-1_V12D07-075_C1,9
GTCCTACGAATAGTCT-1_V12D07-075_C1,10
GTCCTATTGTTGTGGT-1_V12D07-075_C1,11
GTCCTTCTACAACCCA-1_V12D07-075_C1,10
GTCCTTCTAGTGGGTT-1_V12D07-075_C1,5
GTCCTTTAATGACTTC-1_V12D07-075_C1,5
GTCGATAGGTGACTTT-1_V12D07-075_C1,5
GTCGCCGTTGTGTGTT-1_V12D07-075_C1,2
GTCGCGTAACCCGTTG-1_V12D07-075_C1,10
GTCGGAAGGATACCAG-1_V12D07-075_C1,5
GTCGGATATCTCAGAC-1_V12D07-075_C1,10
GTCGGATGTAGCGCGC-1_V12D07-075_C1,5
GTCGGGAACATGGTAG-1_V12D07-075_C1,12
GTCGGGAAGCAGAAAC-1_V12D07-075_C1,10
GTCGTACCATCTCGGG-1_V12D07-075_C1,12
GTCGTACCTACGATTG-1_V12D07-075_C1,12
GTCGTATTGGCGTACA-1_V12D07-075_C1,5
GTCGTCAATTATAAGG-1_V12D07-075_C1,5
GTCGTCTGGTTGGCTA-1_V12D07-075_C1,5
GTCGTGTCTGGTCATC-1_V12D07-075_C1,7
GTCGTTATTCGCTTAT-1_V12D07-075_C1,12
GTCTACTCAATTACAA-1_V12D07-075_C1,1
GTCTAGTGAGCCGCTT-1_V12D07-075_C1,12
GTCTATCTGAGTTTCT-1_V12D07-075_C1,10
GTCTATTGCATGCTCG-1_V12D07-075_C1,10
GTCTCAAGGCCCGGCT-1_V12D07-075_C1,10
GTCTCCGCCTCAATAC-1_V12D07-075_C1,10
GTCTCGACTAAGTTTG-1_V12D07-075_C1,7
GTCTCGATCTGCTTTC-1_V12D07-075_C1,5
GTCTGGGCGGTCGAGA-1_V12D07-075_C1,2
GTCTTAGTACAGCCGG-1_V12D07-075_C1,5
GTCTTCCTCACCTAAG-1_V12D07-075_C1,9
GTCTTGAGGAGCAGTG-1_V12D07-075_C1,5
GTGAAACGGCGCCACC-1_V12D07-075_C1,5
GTGAAACGTGCTCCAC-1_V12D07-075_C1,5
GTGAACTCCCATTCGA-1_V12D07-075_C1,5
GTGAAGATTTCAAGTG-1_V12D07-075_C1,5
GTGAAGCCGTATAGTC-1_V12D07-075_C1,5
GTGACAGCTTCCCACT-1_V12D07-075_C1,12
GTGACCGCACACTACG-1_V12D07-075_C1,9
GTGACCTAAAGAATAA-1_V12D07-075_C1,5
GTGACGAGGGTGACCC-1_V12D07-075_C1,5
GTGACGCAGGTTTCAT-1_V12D07-075_C1,12
GTGACTTCAGTAGTGC-1_V12D07-075_C1,10
GTGAGCGTGCTGCACT-1_V12D07-075_C1,3
GTGAGGACACTTAAGG-1_V12D07-075_C1,10
GTGAGGAGCGGTTGAG-1_V12D07-075_C1,5
GTGAGTCGACTAATAG-1_V12D07-075_C1,2
GTGAGTCTAAGACGGA-1_V12D07-075_C1,11
GTGAGTGGTACAACGC-1_V12D07-075_C1,10
GTGATCACTAACGCCT-1_V12D07-075_C1,12
GTGATCATAGATCTGC-1_V12D07-075_C1,10
GTGATCCTTGTCATGA-1_V12D07-075_C1,9
GTGATGCACAACATCT-1_V12D07-075_C1,5
GTGATTCGCCGCTCAA-1_V12D07-075_C1,2
GTGCAACAAATGTGGC-1_V12D07-075_C1,5
GTGCACCAGCTTCAAC-1_V12D07-075_C1,10
GTGCACGAAAGTGACT-1_V12D07-075_C1,5
GTGCAGCGTAGAGTAG-1_V12D07-075_C1,5
GTGCCATCACACGGTG-1_V12D07-075_C1,2
GTGCCCGTTCGGATTC-1_V12D07-075_C1,12
GTGCCGCTTCAAAGGT-1_V12D07-075_C1,10
GTGCCTAGCTATGCTT-1_V12D07-075_C1,9
GTGCCTCAGTGTACGG-1_V12D07-075_C1,5
GTGCCTGAGACCAAAC-1_V12D07-075_C1,12
GTGCGAAATCGAACAC-1_V12D07-075_C1,2
GTGCGACAGGGAGTGT-1_V12D07-075_C1,2
GTGCGGGACCATCGGC-1_V12D07-075_C1,6
GTGCGGGTCTCCAAAT-1_V12D07-075_C1,5
GTGCGTGTATATGAGC-1_V12D07-075_C1,5
GTGCTCAAGTACTGTC-1_V12D07-075_C1,10
GTGCTGCAGATAAGGA-1_V12D07-075_C1,12
GTGCTTACATCAGCGC-1_V12D07-075_C1,5
GTGGAACCTACATGCG-1_V12D07-075_C1,5
GTGGACCAACCCGATT-1_V12D07-075_C1,2
GTGGACGCATTTGTCC-1_V12D07-075_C1,10
GTGGACGTGCTGAGAC-1_V12D07-075_C1,11
GTGGAGCATGTCGGCC-1_V12D07-075_C1,5
GTGGAGTCGGCGGTTG-1_V12D07-075_C1,2
GTGGCCTAATATCATT-1_V12D07-075_C1,12
GTGGCTGTTTCTGTTC-1_V12D07-075_C1,9
GTGGGCTTAGACACAC-1_V12D07-075_C1,10
GTGGTATAGTCTGCCG-1_V12D07-075_C1,2
GTGGTCAGCGAAGTAT-1_V12D07-075_C1,5
GTGGTGATGGTTTGTG-1_V12D07-075_C1,5
GTGGTGGCCAAGTGAA-1_V12D07-075_C1,12
GTGGTTACTTCTTTCG-1_V12D07-075_C1,5
GTGGTTTCCGCCTTTC-1_V12D07-075_C1,2
GTGTACCTTGGCTACG-1_V12D07-075_C1,10
GTGTACGAACCGTTCC-1_V12D07-075_C1,5
GTGTATATCAGCGGGC-1_V12D07-075_C1,10
GTGTATGACTTTAAAG-1_V12D07-075_C1,3
GTGTCGTATAGCGTTC-1_V12D07-075_C1,10
GTGTCGTATTCACCTT-1_V12D07-075_C1,5
GTGTGAATAACTTAGG-1_V12D07-075_C1,12
GTGTGTCGACGTCGCT-1_V12D07-075_C1,9
GTGTTACTATGCGTCC-1_V12D07-075_C1,10
GTTAACATCACTTAAA-1_V12D07-075_C1,10
GTTAAGGGTGCGATGT-1_V12D07-075_C1,10
GTTAAGTTAGAGTGGG-1_V12D07-075_C1,5
GTTAATGTCTATCTTA-1_V12D07-075_C1,11
GTTACAATTGGTGACG-1_V12D07-075_C1,10
GTTACCAAGGCGTACG-1_V12D07-075_C1,2
GTTACCTACAACTTGC-1_V12D07-075_C1,10
GTTACTTTGGGCCTAG-1_V12D07-075_C1,10
GTTAGCCCATGACATC-1_V12D07-075_C1,12
GTTAGCCGTAAATCAA-1_V12D07-075_C1,5
GTTATAATACGGTGAA-1_V12D07-075_C1,12
GTTATATCAGGAGCCA-1_V12D07-075_C1,5
GTTATATTATCTCCCT-1_V12D07-075_C1,10
GTTATCAAGCTATCGA-1_V12D07-075_C1,12
GTTATCACCTTCTGAA-1_V12D07-075_C1,5
GTTCAAATCAGATGTC-1_V12D07-075_C1,9
GTTCACAGGAGTCTAG-1_V12D07-075_C1,10
GTTCAGTCGCCAAATG-1_V12D07-075_C1,10
GTTCATCGTTTGGCTG-1_V12D07-075_C1,5
GTTCCAGTCTGACCAT-1_V12D07-075_C1,5
GTTCCCGTAAACATAT-1_V12D07-075_C1,12
GTTCGCCATAAGTGCC-1_V12D07-075_C1,10
GTTCGCTGAGACGTCT-1_V12D07-075_C1,12
GTTCGGAGCACTCAAC-1_V12D07-075_C1,12
GTTCGGATCGGGAACA-1_V12D07-075_C1,2
GTTCGGGCGTACCATT-1_V12D07-075_C1,5
GTTCGTCTGGGTCCCT-1_V12D07-075_C1,5
GTTGAACCGGTTCCAT-1_V12D07-075_C1,10
GTTGAGTCCCGCCGGT-1_V12D07-075_C1,8
GTTGCACGGAGTTTCG-1_V12D07-075_C1,10
GTTGCAGTCGACAACA-1_V12D07-075_C1,12
GTTGCGCTAACATTAC-1_V12D07-075_C1,5
GTTGCGGACGGTCAGG-1_V12D07-075_C1,5
GTTGGACCGCATCAGG-1_V12D07-075_C1,5
GTTGGATTCAGTGGCT-1_V12D07-075_C1,5
GTTGGATTGAGAACAC-1_V12D07-075_C1,2
GTTGGATTTGCGTTGG-1_V12D07-075_C1,10
GTTGGTCATGCTATCC-1_V12D07-075_C1,10
GTTGTAGATTTATGAG-1_V12D07-075_C1,12
GTTGTTACATTGCGCT-1_V12D07-075_C1,5
GTTGTTGCAAGATGGC-1_V12D07-075_C1,12
GTTTACGTTCCATCTG-1_V12D07-075_C1,10
GTTTATGGGATTTAGA-1_V12D07-075_C1,11
GTTTCAAACGAGTTGT-1_V12D07-075_C1,12
GTTTCATATCGTCGCT-1_V12D07-075_C1,2
GTTTCCTGGAGGGTGA-1_V12D07-075_C1,10
GTTTCTAGAGGCGCGG-1_V12D07-075_C1,12
GTTTCTGCAGTCTCCC-1_V12D07-075_C1,10
GTTTGACCAAATCCTA-1_V12D07-075_C1,10
GTTTGGCCCAAGTTAT-1_V12D07-075_C1,10
GTTTGGGCTTGTGAGC-1_V12D07-075_C1,10
GTTTGGGTTTCGCCCG-1_V12D07-075_C1,12
GTTTGGTAGGGTCAAC-1_V12D07-075_C1,10
TAAACGTCGTCAATGA-1_V12D07-075_C1,10
TAAAGACAACCCTTTA-1_V12D07-075_C1,5
TAAAGAGCCCGAAACC-1_V12D07-075_C1,5
TAAAGCGGTATTTCCA-1_V12D07-075_C1,8
TAAAGCGTTAGGAGAA-1_V12D07-075_C1,2
TAAAGCTGCAATAGGG-1_V12D07-075_C1,11
TAAATCTTTACACCTC-1_V12D07-075_C1,7
TAAATGAATCCGTTTC-1_V12D07-075_C1,10
TAAATGCCGTCTCATG-1_V12D07-075_C1,5
TAAATGGGCTACTGAG-1_V12D07-075_C1,12
TAACAAAGGGAGAAGC-1_V12D07-075_C1,10
TAACAATATTTGTTGC-1_V12D07-075_C1,10
TAACATACAATGTGGG-1_V12D07-075_C1,10
TAACCGCCCGCAGTGC-1_V12D07-075_C1,5
TAACCTACCGTCCGAG-1_V12D07-075_C1,5
TAACCTAGGGAGTCCA-1_V12D07-075_C1,12
TAACGCTTTGAGAGCG-1_V12D07-075_C1,10
TAACTATCGAAGGTCC-1_V12D07-075_C1,10
TAACTATTACGCCAAA-1_V12D07-075_C1,5
TAACTCATCCGCGCGG-1_V12D07-075_C1,10
TAACTCCATGGAGGCT-1_V12D07-075_C1,11
TAAGCAGGCGACACGC-1_V12D07-075_C1,10
TAAGCCCTTACGACCA-1_V12D07-075_C1,5
TAAGGCAACATAAGAT-1_V12D07-075_C1,10
TAAGGCATAACATCAA-1_V12D07-075_C1,2
TAAGGCCCGTCACCCT-1_V12D07-075_C1,9
TAAGGCTGAATCCCTC-1_V12D07-075_C1,12
TAAGGGCCTGTCCGAT-1_V12D07-075_C1,12
TAAGGGCTGGGAGAGG-1_V12D07-075_C1,3
TAAGTAAATGTGCCGC-1_V12D07-075_C1,8
TAAGTAACATCTTGAC-1_V12D07-075_C1,2
TAAGTCGGTGAGCTAG-1_V12D07-075_C1,8
TAAGTTGCGACGTAGG-1_V12D07-075_C1,12
TAATAAACAAGGAGAT-1_V12D07-075_C1,5
TAATACACAGTAGTAT-1_V12D07-075_C1,5
TAATACTAGAACAGAC-1_V12D07-075_C1,12
TAATAGAACAGAGTTA-1_V12D07-075_C1,2
TAATAGCTAAATGATG-1_V12D07-075_C1,5
TAATAGTGACGACCAG-1_V12D07-075_C1,2
TAATATTGAAATTCGC-1_V12D07-075_C1,5
TAATCAACCAAATGGG-1_V12D07-075_C1,5
TAATCGATCCGTACGT-1_V12D07-075_C1,10
TAATGAAAGACCCTTG-1_V12D07-075_C1,10
TAATTACGTCAGTAGA-1_V12D07-075_C1,3
TAATTAGGACATCCGT-1_V12D07-075_C1,2
TAATTCCAATGCTTCA-1_V12D07-075_C1,12
TAATTGGAATCGGGAA-1_V12D07-075_C1,3
TAATTTCCGTCCAGTA-1_V12D07-075_C1,2
TACAACGCACAACTCA-1_V12D07-075_C1,10
TACAAGGGCTTCTTTA-1_V12D07-075_C1,12
TACACCGTCGTTAGTC-1_V12D07-075_C1,7
TACACCTCTTCGAATC-1_V12D07-075_C1,2
TACATAGGCATACACC-1_V12D07-075_C1,10
TACATCTTGTTTCTTG-1_V12D07-075_C1,10
TACATGACCTTATCCG-1_V12D07-075_C1,10
TACATGCCGGAATTGT-1_V12D07-075_C1,5
TACATTTCTAACGTGC-1_V12D07-075_C1,10
TACCAAATAGCCCAGA-1_V12D07-075_C1,10
TACCAATAAAGTACCA-1_V12D07-075_C1,12
TACCAGAAGTAGGTTC-1_V12D07-075_C1,10
TACCAGCTAGGTTTAA-1_V12D07-075_C1,5
TACCATGTATTGATTT-1_V12D07-075_C1,5
TACCCTCGGTAACCCT-1_V12D07-075_C1,9
TACCGAATAATTGTAA-1_V12D07-075_C1,12
TACCGCGGACTTGCAG-1_V12D07-075_C1,2
TACCGGCTCACTGCCC-1_V12D07-075_C1,10
TACCGGTCGTTTCCAT-1_V12D07-075_C1,2
TACCGTAGGTTAACTA-1_V12D07-075_C1,10
TACCGTGCCTCGGACC-1_V12D07-075_C1,10
TACCTACTCCCAGTAT-1_V12D07-075_C1,10
TACCTATCCCTAGAGG-1_V12D07-075_C1,12
TACCTCACGCTTGTAC-1_V12D07-075_C1,5
TACCTCAGTTGTCTGT-1_V12D07-075_C1,3
TACCTCTTTACCATCC-1_V12D07-075_C1,2
TACCTGCTGCACTGTG-1_V12D07-075_C1,11
TACGAACACGACTTCA-1_V12D07-075_C1,10
TACGACGCTTGCTGCG-1_V12D07-075_C1,10
TACGACTGCCTCTTAG-1_V12D07-075_C1,12
TACGAGAACTTCACGT-1_V12D07-075_C1,10
TACGATGTTGATCATC-1_V12D07-075_C1,10
TACGCAGTTCTTTCCT-1_V12D07-075_C1,10
TACGCCATATTCTAAT-1_V12D07-075_C1,10
TACGCCGCCTCAGAAG-1_V12D07-075_C1,5
TACGCCTCCATTCCGA-1_V12D07-075_C1,10
TACGCTATAGAAACCT-1_V12D07-075_C1,5
TACGCTCGGTATTGGA-1_V12D07-075_C1,12
TACGGAAGCCAAACCA-1_V12D07-075_C1,12
TACGGCATGGACGCTA-1_V12D07-075_C1,12
TACGGGATGCTAGCAG-1_V12D07-075_C1,5
TACGTAAAGCGGAGTG-1_V12D07-075_C1,9
TACGTGCAAGGTTCCT-1_V12D07-075_C1,5
TACGTGCACTATGCTG-1_V12D07-075_C1,10
TACGTGGGCCCAGGGC-1_V12D07-075_C1,12
TACGTTTACCGGCAAT-1_V12D07-075_C1,2
TACTACGTGCAATGCG-1_V12D07-075_C1,2
TACTATGGTTCCTCAG-1_V12D07-075_C1,2
TACTCTCCGAACAAAT-1_V12D07-075_C1,5
TACTCTTACTTTACTG-1_V12D07-075_C1,12
TACTCTTTCGTCTTCA-1_V12D07-075_C1,2
TACTGAACAGATTTAG-1_V12D07-075_C1,2
TACTGCAATCAATTAC-1_V12D07-075_C1,5
TACTGGACAGCTCGGC-1_V12D07-075_C1,7
TACTGTTTCTCTGGTA-1_V12D07-075_C1,5
TACTTAAACATGTACA-1_V12D07-075_C1,11
TACTTGTTAGTAGTCC-1_V12D07-075_C1,12
TACTTTACTGAGCCGG-1_V12D07-075_C1,2
TAGAAACACAATAGTG-1_V12D07-075_C1,12
TAGAAACCACTAAGTA-1_V12D07-075_C1,5
TAGAAAGGTGGCGCTA-1_V12D07-075_C1,12
TAGAAATTCACGTATA-1_V12D07-075_C1,12
TAGAAGAAGGGTTACA-1_V12D07-075_C1,12
TAGAATAGCCGATGAA-1_V12D07-075_C1,12
TAGACGAAACGCCAAT-1_V12D07-075_C1,11
TAGACGCCCGTACCGG-1_V12D07-075_C1,2
TAGACTACCTAGCGTT-1_V12D07-075_C1,2
TAGAGCTACGAAGAAC-1_V12D07-075_C1,5
TAGAGGTTCTACTTGT-1_V12D07-075_C1,12
TAGAGTCTAAGCGAAC-1_V12D07-075_C1,10
TAGATATGGACTGGAA-1_V12D07-075_C1,10
TAGATCCGAAGTCGCA-1_V12D07-075_C1,5
TAGATGGTTCCTTACT-1_V12D07-075_C1,9
TAGATTCCTGGTTATT-1_V12D07-075_C1,11
TAGCAACCTGTCACAA-1_V12D07-075_C1,10
TAGCAGTATGACTAAA-1_V12D07-075_C1,9
TAGCCAGAGGGTCCGG-1_V12D07-075_C1,9
TAGCCATTTCAAAGTC-1_V12D07-075_C1,8
TAGCCGGCGGTCAGCG-1_V12D07-075_C1,12
TAGCGTCCCTCGATTG-1_V12D07-075_C1,2
TAGCGTCCGGTGTGGT-1_V12D07-075_C1,7
TAGCGTCGAATATTGA-1_V12D07-075_C1,9
TAGCGTTGGGTCTTAC-1_V12D07-075_C1,10
TAGCTAAGTCCGGGAG-1_V12D07-075_C1,10
TAGCTAGAAGGCATGA-1_V12D07-075_C1,8
TAGCTAGTGATGATGG-1_V12D07-075_C1,2
TAGCTCAGATCCTAGT-1_V12D07-075_C1,5
TAGCTCGCCTGATAAC-1_V12D07-075_C1,10
TAGGAACAGCCTCCAG-1_V12D07-075_C1,5
TAGGCATGTTACGCCA-1_V12D07-075_C1,5
TAGGCCTATATAGTCT-1_V12D07-075_C1,12
TAGGCTAAAGTGGCAC-1_V12D07-075_C1,12
TAGGGAGCTTGGGATG-1_V12D07-075_C1,2
TAGGGTGTTTCAAGAG-1_V12D07-075_C1,5
TAGGTCGCCGGAACTG-1_V12D07-075_C1,2
TAGGTGACGATAACCT-1_V12D07-075_C1,9
TAGGTGAGCCCTACTC-1_V12D07-075_C1,10
TAGGTGCTCGCCTAGC-1_V12D07-075_C1,12
TAGGTGTTCCACAGAT-1_V12D07-075_C1,10
TAGGTTCGAGTTCGTC-1_V12D07-075_C1,10
TAGTAGCTTATACCAG-1_V12D07-075_C1,2
TAGTCCCGGAGACCAC-1_V12D07-075_C1,12
TAGTCCGCAGAGAATG-1_V12D07-075_C1,10
TAGTCCGTATGCATAA-1_V12D07-075_C1,9
TAGTCGATCACGGGTT-1_V12D07-075_C1,12
TAGTCGGGATTCTTCG-1_V12D07-075_C1,9
TAGTCTAACAACGAGA-1_V12D07-075_C1,10
TAGTCTGTGACGTTGC-1_V12D07-075_C1,5
TAGTCTTTCCGAATTG-1_V12D07-075_C1,5
TAGTGCCCTCCAGAGT-1_V12D07-075_C1,10
TAGTGCTTGAATCCTT-1_V12D07-075_C1,9
TAGTGTCAGAAACGGC-1_V12D07-075_C1,11
TAGTTAAGATAGGATA-1_V12D07-075_C1,5
TAGTTTATTCTTGCTT-1_V12D07-075_C1,5
TATAAATCCACAAGCT-1_V12D07-075_C1,10
TATAAGTGAGGATAGC-1_V12D07-075_C1,10
TATACACAGACGCCTT-1_V12D07-075_C1,10
TATACACGCAAAGTAT-1_V12D07-075_C1,11
TATACCGAGTGCCACA-1_V12D07-075_C1,5
TATACGCGTCATCACT-1_V12D07-075_C1,10
TATAGAGTCGCTTGAA-1_V12D07-075_C1,2
TATAGATGGTCGCAGT-1_V12D07-075_C1,12
TATAGGGTACTCATGA-1_V12D07-075_C1,10
TATATCATTGATCAGT-1_V12D07-075_C1,10
TATATCCCTGGGAGGA-1_V12D07-075_C1,2
TATATGCTGGGTTGCC-1_V12D07-075_C1,10
TATATTACAAATGTCG-1_V12D07-075_C1,5
TATATTCGCGTCGATA-1_V12D07-075_C1,5
TATCAAAGGTCTGTAA-1_V12D07-075_C1,10
TATCACCATGTAAAGT-1_V12D07-075_C1,5
TATCACCCAACCGACC-1_V12D07-075_C1,5
TATCACTTCGAGTAAC-1_V12D07-075_C1,5
TATCCATATCATGCGA-1_V12D07-075_C1,5
TATCCGCACCGTCGGG-1_V12D07-075_C1,10
TATCCTATCAACTGGT-1_V12D07-075_C1,10
TATCCTGCATGGGAAT-1_V12D07-075_C1,5
TATCGATCTATGCATA-1_V12D07-075_C1,5
TATCGATGATTAAACG-1_V12D07-075_C1,10
TATCTACAGAGGTAAT-1_V12D07-075_C1,11
TATCTACCACAGCGGG-1_V12D07-075_C1,10
TATCTAGCCTAAAGGA-1_V12D07-075_C1,11
TATGAAGAATTAAGGT-1_V12D07-075_C1,9
TATGAAGACAGGTGCG-1_V12D07-075_C1,11
TATGATAAATCTAACG-1_V12D07-075_C1,5
TATGATCCGGCACGCC-1_V12D07-075_C1,7
TATGATTCTGCTTGGT-1_V12D07-075_C1,5
TATGCTCCCTACTTAC-1_V12D07-075_C1,10
TATGGAGTTTCTCGTT-1_V12D07-075_C1,5
TATGGATGTGCTACGC-1_V12D07-075_C1,10
TATGGCTAGGCTAATT-1_V12D07-075_C1,5
TATGGGACCGAGCAGG-1_V12D07-075_C1,10
TATGGGTACGTATCGT-1_V12D07-075_C1,10
TATGGTCTGAGTAACA-1_V12D07-075_C1,10
TATGGTTAGTGGGAGA-1_V12D07-075_C1,2
TATGTCAAGACCGACT-1_V12D07-075_C1,5
TATGTCTCATTGTGCC-1_V12D07-075_C1,2
TATTAACCTGACCGCG-1_V12D07-075_C1,2
TATTACCATCCTGCTT-1_V12D07-075_C1,12
TATTCAATTCTAATCC-1_V12D07-075_C1,12
TATTCCACTCAGCTCG-1_V12D07-075_C1,10
TATTCCGGCAGTCCTA-1_V12D07-075_C1,5
TATTCCTCCGCCCACT-1_V12D07-075_C1,2
TATTCGTGCCAGAATA-1_V12D07-075_C1,10
TATTGACATTTCTGCC-1_V12D07-075_C1,5
TATTGCCGGGCTTGTA-1_V12D07-075_C1,12
TATTTAGTCTAGATCG-1_V12D07-075_C1,5
TATTTATACCGAGTAG-1_V12D07-075_C1,5
TATTTGTTACCCTTTA-1_V12D07-075_C1,10
TCAAACAACCGCGTCG-1_V12D07-075_C1,10
TCAAACTTAGATTGTT-1_V12D07-075_C1,10
TCAAATTGTTGTGCCG-1_V12D07-075_C1,12
TCAAATTTGAGACTCA-1_V12D07-075_C1,10
TCAACACATTGGGTAA-1_V12D07-075_C1,5
TCAACATAGCGCCCTA-1_V12D07-075_C1,2
TCAACCATGTTCGGGC-1_V12D07-075_C1,5
TCAACGAGGAGACAAA-1_V12D07-075_C1,10
TCAACGCGACCGGCAG-1_V12D07-075_C1,2
TCAACTAACGTATAAC-1_V12D07-075_C1,11
TCAACTGCAGAGTCAG-1_V12D07-075_C1,12
TCAAGAAATACTAGCT-1_V12D07-075_C1,5
TCAAGCGCGGACGGTA-1_V12D07-075_C1,12
TCAAGGTTACTACACC-1_V12D07-075_C1,12
TCAATACAATTGCTGC-1_V12D07-075_C1,12
TCAATACGCCGTCATG-1_V12D07-075_C1,10
TCAATATACAGGAGGC-1_V12D07-075_C1,2
TCAATCCCGCGCCAAA-1_V12D07-075_C1,8
TCACAAACCGAGGTAC-1_V12D07-075_C1,12
TCACAGATCCTCAAAC-1_V12D07-075_C1,10
TCACAGCAAACTCGAA-1_V12D07-075_C1,2
TCACAGGAGAATAAGA-1_V12D07-075_C1,2
TCACAGGGAATCGCAA-1_V12D07-075_C1,10
TCACAGGTTATTGGGC-1_V12D07-075_C1,10
TCACATCTTATCTGAT-1_V12D07-075_C1,11
TCACCCTCTTAAGATT-1_V12D07-075_C1,10
TCACCGCTCGGCACTC-1_V12D07-075_C1,2
TCACGCATTGTAGATC-1_V12D07-075_C1,10
TCACGGTCATCGCACA-1_V12D07-075_C1,10
TCACGTGCCCGATTCA-1_V12D07-075_C1,10
TCACTACGACCAATGC-1_V12D07-075_C1,5
TCACTATCCCTTCGGT-1_V12D07-075_C1,12
TCACTCGTGCAACGGC-1_V12D07-075_C1,5
TCACTCTTCGTCTGTC-1_V12D07-075_C1,10
TCAGAACCTCCACAGG-1_V12D07-075_C1,5
TCAGACGCTATAGAAG-1_V12D07-075_C1,10
TCAGAGTGTGAGCATG-1_V12D07-075_C1,12
TCAGCAAATGCATCTC-1_V12D07-075_C1,12
TCAGCCAATCCGTAAA-1_V12D07-075_C1,12
TCAGGGCGACTTCCTT-1_V12D07-075_C1,10
TCAGGGTGCACGAAAC-1_V12D07-075_C1,5
TCAGGGTGTAACGTAA-1_V12D07-075_C1,10
TCAGGTTCTTTGAGAA-1_V12D07-075_C1,10
TCAGTACTGACCCGCG-1_V12D07-075_C1,9
TCAGTAGGGACTATAA-1_V12D07-075_C1,10
TCATAAGTCCAAGAAG-1_V12D07-075_C1,12
TCATACTTACAGATCC-1_V12D07-075_C1,11
TCATATGAGCTTTGTT-1_V12D07-075_C1,9
TCATCCCAGAGGGTGG-1_V12D07-075_C1,5
TCATCCTCAGCTGCTT-1_V12D07-075_C1,12
TCATCGACGACCGTCG-1_V12D07-075_C1,12
TCATGCAGGTTCTCAT-1_V12D07-075_C1,5
TCATTCGTATAATTTG-1_V12D07-075_C1,5
TCATTTAAGTCTCCGA-1_V12D07-075_C1,2
TCATTTAGAAGTGTGA-1_V12D07-075_C1,12
TCCAACTCAGCTATCT-1_V12D07-075_C1,12
TCCAACTTTAAATTCT-1_V12D07-075_C1,10
TCCAATAAAGGCTACC-1_V12D07-075_C1,10
TCCACAATGGTTTACG-1_V12D07-075_C1,10
TCCACATCGTATATTG-1_V12D07-075_C1,12
TCCACCAAGACATAGG-1_V12D07-075_C1,2
TCCACCTCTAGCCTTT-1_V12D07-075_C1,10
TCCACTTTATCTAGGT-1_V12D07-075_C1,10
TCCAGAGCACCGGTTC-1_V12D07-075_C1,10
TCCAGATGTACGCCAA-1_V12D07-075_C1,7
TCCAGCGCTATAAGCG-1_V12D07-075_C1,2
TCCAGGCGAGTACGGT-1_V12D07-075_C1,10
TCCAGGGTATATACGA-1_V12D07-075_C1,10
TCCATTAGTTGGATAG-1_V12D07-075_C1,10
TCCATTGTGACCTCGT-1_V12D07-075_C1,5
TCCCAAACAGACAACG-1_V12D07-075_C1,5
TCCCAAAGACGAAGGA-1_V12D07-075_C1,10
TCCCAAAGCCCTAAAT-1_V12D07-075_C1,5
TCCCACTCTCTTCCGG-1_V12D07-075_C1,5
TCCCAGCACACGACAT-1_V12D07-075_C1,2
TCCCAGCTTTAGTCTG-1_V12D07-075_C1,10
TCCCAGGCTTAGCTAA-1_V12D07-075_C1,10
TCCCGCCTATGTGCGT-1_V12D07-075_C1,5
TCCCGCGTACTCCTGG-1_V12D07-075_C1,10
TCCCGGGTGTGCTGCT-1_V12D07-075_C1,10
TCCCGGTCAGGAATTT-1_V12D07-075_C1,5
TCCCGTCAGTCCCGCA-1_V12D07-075_C1,5
TCCCGTCGCGTCATAG-1_V12D07-075_C1,5
TCCCGTGTGCAATTTG-1_V12D07-075_C1,12
TCCCTAGATCAATAGG-1_V12D07-075_C1,5
TCCCTCTTCTCAAGGG-1_V12D07-075_C1,12
TCCCTGGCTCGCTGGA-1_V12D07-075_C1,10
TCCCTTAGATTACTCG-1_V12D07-075_C1,5
TCCCTTGTCTGAAACT-1_V12D07-075_C1,12
TCCGAACGTTGCCGCT-1_V12D07-075_C1,5
TCCGAAGTAGTCACCA-1_V12D07-075_C1,5
TCCGAATGGTCCTGAG-1_V12D07-075_C1,5
TCCGAGAAGGCTAAGC-1_V12D07-075_C1,3
TCCGATGACTGAGCTC-1_V12D07-075_C1,5
TCCGATGGTGCGACAT-1_V12D07-075_C1,10
TCCGATTACATTGCCG-1_V12D07-075_C1,10
TCCGCAGCCACCTAGC-1_V12D07-075_C1,9
TCCGCCTGTCTACAAG-1_V12D07-075_C1,10
TCCGCGGCAGCATCTG-1_V12D07-075_C1,12
TCCGCGGCCCAATGAA-1_V12D07-075_C1,12
TCCGCTGTCATCCCGG-1_V12D07-075_C1,12
TCCGCTTATCCCATTA-1_V12D07-075_C1,10
TCCGGAGGAAGGGCTG-1_V12D07-075_C1,5
TCCGGCCTAGCGTACA-1_V12D07-075_C1,2
TCCGGCTGTCGGGTCG-1_V12D07-075_C1,2
TCCGGGCTTGACGGGA-1_V12D07-075_C1,12
TCCGGTTCGTCCGGTC-1_V12D07-075_C1,10
TCCGTTAAGCTAATAT-1_V12D07-075_C1,12
TCCGTTTAGCCTTGAA-1_V12D07-075_C1,2
TCCTAAAGATTCAGAC-1_V12D07-075_C1,12
TCCTAAATTGGGAAGC-1_V12D07-075_C1,10
TCCTAACCGTCGGGCA-1_V12D07-075_C1,2
TCCTACATCCACGGCC-1_V12D07-075_C1,12
TCCTAGCAAAGAAGCT-1_V12D07-075_C1,10
TCCTATCATAGGTAAC-1_V12D07-075_C1,5
TCCTCGGGCTGGGCTT-1_V12D07-075_C1,10
TCCTCTACGAGATGGC-1_V12D07-075_C1,10
TCCTCTGGCCCATTAG-1_V12D07-075_C1,5
TCCTGCCAACTGGAGA-1_V12D07-075_C1,5
TCCTGCGTTGATACTC-1_V12D07-075_C1,10
TCCTGGCGCTGCCTGG-1_V12D07-075_C1,5
TCCTTACGACGGTCCG-1_V12D07-075_C1,12
TCCTTCAATCCCTACG-1_V12D07-075_C1,2
TCCTTCAGTGGTCGAA-1_V12D07-075_C1,5
TCCTTGTCCTTTAATT-1_V12D07-075_C1,12
TCCTTTAAATCCGCTT-1_V12D07-075_C1,12
TCCTTTCTTACGCTTA-1_V12D07-075_C1,10
TCGAAATTTAGGACCA-1_V12D07-075_C1,10
TCGAAGAACCGAGCAC-1_V12D07-075_C1,12
TCGAGACCAACACCGT-1_V12D07-075_C1,10
TCGAGGGCAACAGACG-1_V12D07-075_C1,12
TCGATAGGCTAGTCGC-1_V12D07-075_C1,5
TCGCAAAGATGCATTT-1_V12D07-075_C1,10
TCGCACCAGGAGGCAG-1_V12D07-075_C1,10
TCGCACTAACGTTTGT-1_V12D07-075_C1,12
TCGCATAAAGGGCGCA-1_V12D07-075_C1,12
TCGCATCCCTAAGTGT-1_V12D07-075_C1,5
TCGCATTCAATGACTT-1_V12D07-075_C1,5
TCGCCCAACTGACTCC-1_V12D07-075_C1,5
TCGCCCACTGCGAGAG-1_V12D07-075_C1,12
TCGCCGAAGTTGCGTC-1_V12D07-075_C1,2
TCGCCGACATATTCGC-1_V12D07-075_C1,10
TCGCCGGATGGGCAAG-1_V12D07-075_C1,9
TCGCCGGTCGATCCGT-1_V12D07-075_C1,5
TCGCTAAACCGCTATC-1_V12D07-075_C1,5
TCGCTACTGGCTTTGA-1_V12D07-075_C1,10
TCGCTCGATATATTCC-1_V12D07-075_C1,10
TCGCTCGGCACCAGCG-1_V12D07-075_C1,5
TCGCTGCCAATGCTGT-1_V12D07-075_C1,12
TCGCTGGGCGGATTGT-1_V12D07-075_C1,10
TCGCTGTGCGTAAATC-1_V12D07-075_C1,10
TCGCTTAATTACGAAG-1_V12D07-075_C1,5
TCGCTTTAAACGTTTG-1_V12D07-075_C1,5
TCGGAATGCGCTCTGA-1_V12D07-075_C1,11
TCGGACGCCCAGCCCA-1_V12D07-075_C1,12
TCGGAGTACATGAGTA-1_V12D07-075_C1,12
TCGGCAGGGTTAAGGG-1_V12D07-075_C1,2
TCGGCGAACCCAAACC-1_V12D07-075_C1,12
TCGGCTTGTATCGACG-1_V12D07-075_C1,12
TCGGGAACGTGCCTAG-1_V12D07-075_C1,5
TCGGGAGACAGCGTAC-1_V12D07-075_C1,10
TCGGGATTCAAACATA-1_V12D07-075_C1,2
TCGGGCCGTCGTGGTA-1_V12D07-075_C1,12
TCGGGTGAAACTGCTA-1_V12D07-075_C1,5
TCGGTCCCTGACTCCA-1_V12D07-075_C1,5
TCGGTGACCGCTCCGG-1_V12D07-075_C1,5
TCGGTTAGCCATGTAG-1_V12D07-075_C1,5
TCGTAACTCCCAAGAC-1_V12D07-075_C1,12
TCGTAAGACGACATTG-1_V12D07-075_C1,10
TCGTAAGCTCCGAGGA-1_V12D07-075_C1,5
TCGTACCGACGTCAAG-1_V12D07-075_C1,10
TCGTATAGTGCAATTA-1_V12D07-075_C1,5
TCGTATTACCCATTGC-1_V12D07-075_C1,10
TCGTCACACTGTTAGC-1_V12D07-075_C1,11
TCGTCCGCTGGCGTCT-1_V12D07-075_C1,10
TCGTCCGGGTACACTC-1_V12D07-075_C1,5
TCGTCTTAGGCGTTAA-1_V12D07-075_C1,10
TCGTGTTCGACCACAA-1_V12D07-075_C1,12
TCGTTAGGAGTCCCTA-1_V12D07-075_C1,10
TCGTTCGTTATTATGT-1_V12D07-075_C1,5
TCGTTGACAGGGTCCC-1_V12D07-075_C1,9
TCGTTGCTATCCGGTC-1_V12D07-075_C1,2
TCGTTGGCTCGTCAAT-1_V12D07-075_C1,5
TCGTTTACGCGACCCT-1_V12D07-075_C1,12
TCTAACTGTATGTAAA-1_V12D07-075_C1,10
TCTACACGTTCATGCA-1_V12D07-075_C1,5
TCTACCCAATAGAGAG-1_V12D07-075_C1,12
TCTACCGTCCACAAGC-1_V12D07-075_C1,10
TCTAGCAATCTCCGCC-1_V12D07-075_C1,2
TCTAGCATCTTCGATG-1_V12D07-075_C1,10
TCTAGCATGCCCAGAA-1_V12D07-075_C1,10
TCTAGGTGGCGACGCT-1_V12D07-075_C1,2
TCTAGTGATATCGTGG-1_V12D07-075_C1,12
TCTAGTTATCAGAAGA-1_V12D07-075_C1,9
TCTATAGGTGGGTAAT-1_V12D07-075_C1,9
TCTATCATGCAGTTAC-1_V12D07-075_C1,11
TCTATCGGTCGCAACA-1_V12D07-075_C1,10
TCTATGCTATAACGAC-1_V12D07-075_C1,12
TCTATTACGCTGGCGA-1_V12D07-075_C1,10
TCTCAAATCAATCGGG-1_V12D07-075_C1,12
TCTCATGAGATAGGGT-1_V12D07-075_C1,12
TCTCCAACGTAGGTTA-1_V12D07-075_C1,5
TCTCCACAAGTTGAAT-1_V12D07-075_C1,12
TCTCCCTGGGCAGCGT-1_V12D07-075_C1,10
TCTCGAACGAGGTCAC-1_V12D07-075_C1,5
TCTCGAGGAGGTTCGC-1_V12D07-075_C1,12
TCTCGGCTCCAGGACT-1_V12D07-075_C1,10
TCTCTAATAGCTGGTA-1_V12D07-075_C1,5
TCTCTCGCCGCACATA-1_V12D07-075_C1,12
TCTGAACCGGTCGGCT-1_V12D07-075_C1,10
TCTGAACTCGTACCCG-1_V12D07-075_C1,12
TCTGAAGCACGTGGTC-1_V12D07-075_C1,11
TCTGAATTCCGTACAA-1_V12D07-075_C1,2
TCTGACGGGCTAACCC-1_V12D07-075_C1,5
TCTGACTGTAATGGTT-1_V12D07-075_C1,10
TCTGAGCAATTGACTG-1_V12D07-075_C1,12
TCTGATCGGGTGCTAG-1_V12D07-075_C1,5
TCTGATGTATTCTGTC-1_V12D07-075_C1,10
TCTGATTGGAAATGGA-1_V12D07-075_C1,5
TCTGCAGATTCGAGTC-1_V12D07-075_C1,10
TCTGCATACCTTGCTT-1_V12D07-075_C1,12
TCTGCCAGAAACTGCA-1_V12D07-075_C1,10
TCTGCGTCCGGTTTCT-1_V12D07-075_C1,11
TCTGCTTAGAACAAGC-1_V12D07-075_C1,5
TCTGGAGCGTAAGAGT-1_V12D07-075_C1,5
TCTGGCCGTTCAAGTT-1_V12D07-075_C1,5
TCTGGCGCAAGCCGGG-1_V12D07-075_C1,3
TCTGGGAACCTTTGAA-1_V12D07-075_C1,12
TCTGGGTAGCGCTCAT-1_V12D07-075_C1,10
TCTGTCATACAAGAGC-1_V12D07-075_C1,5
TCTGTGATGGAGGTTG-1_V12D07-075_C1,5
TCTGTGCCATCATAGT-1_V12D07-075_C1,12
TCTGTTACCCAGCATA-1_V12D07-075_C1,2
TCTTAACTCGGATGTA-1_V12D07-075_C1,9
TCTTACAGAGGTACCG-1_V12D07-075_C1,5
TCTTACCGGAACTCGT-1_V12D07-075_C1,5
TCTTACGGCATCCGAC-1_V12D07-075_C1,10
TCTTACTTATGCCTCT-1_V12D07-075_C1,12
TCTTAGAGCTCCAATT-1_V12D07-075_C1,11
TCTTAGAGTGAACTCT-1_V12D07-075_C1,12
TCTTCCCATGGGCACA-1_V12D07-075_C1,2
TCTTCGAATAGACGTT-1_V12D07-075_C1,10
TCTTCGATACCAATAA-1_V12D07-075_C1,10
TCTTCGCGGTGAGAGG-1_V12D07-075_C1,12
TCTTCTATAACCCGCC-1_V12D07-075_C1,2
TCTTGATGCGTAGCGA-1_V12D07-075_C1,10
TCTTGCTCCCGATACT-1_V12D07-075_C1,9
TCTTGGTAACACCAAA-1_V12D07-075_C1,10
TCTTTAAGACTATGAA-1_V12D07-075_C1,2
TCTTTAGAGTCTAACA-1_V12D07-075_C1,2
TCTTTAGCAGGCGAAC-1_V12D07-075_C1,5
TCTTTCCTTCGAGATA-1_V12D07-075_C1,12
TGAAACTTATGCAAGC-1_V12D07-075_C1,5
TGAAAGGACCTGACTC-1_V12D07-075_C1,12
TGAACTGCTATGACTT-1_V12D07-075_C1,2
TGAAGAGCGGTCCTAG-1_V12D07-075_C1,10
TGAAGTAGCTTACGGA-1_V12D07-075_C1,9
TGAATACCGACGCGTA-1_V12D07-075_C1,12
TGAATATGCTATAAAC-1_V12D07-075_C1,5
TGAATGAGTGTTTCCC-1_V12D07-075_C1,10
TGAATGTCAGCCGGCC-1_V12D07-075_C1,2
TGACAACGCATGTCGC-1_V12D07-075_C1,5
TGACACTTCTCTTTGC-1_V12D07-075_C1,5
TGACATATATGACGAT-1_V12D07-075_C1,12
TGACATCGAGCGGACC-1_V12D07-075_C1,2
TGACATGTAACGTGAC-1_V12D07-075_C1,12
TGACCAAATCTTAAAC-1_V12D07-075_C1,9
TGACCAGCTTCAAAGT-1_V12D07-075_C1,5
TGACCCACGTTAGACA-1_V12D07-075_C1,10
TGACGATGCACTAGAA-1_V12D07-075_C1,2
TGACTATAATCCTTTC-1_V12D07-075_C1,10
TGACTCTAACTGGTAA-1_V12D07-075_C1,12
TGAGAATGCTTTACCG-1_V12D07-075_C1,5
TGAGACGTACCTCTCA-1_V12D07-075_C1,12
TGAGAGATTTACCACG-1_V12D07-075_C1,12
TGAGATCAAATACTCA-1_V12D07-075_C1,5
TGAGATTAGGCCCTAA-1_V12D07-075_C1,5
TGAGCAGTCGTGAAGT-1_V12D07-075_C1,7
TGAGCCATACAGTCTC-1_V12D07-075_C1,10
TGAGCGGAAAGTGTTC-1_V12D07-075_C1,10
TGAGCTCAACTGTATA-1_V12D07-075_C1,2
TGAGCTTTAATGACGC-1_V12D07-075_C1,5
TGAGGAGTGCCAGCTT-1_V12D07-075_C1,10
TGAGGTGTGTGGCGGA-1_V12D07-075_C1,10
TGAGTAAATTAGCGTA-1_V12D07-075_C1,9
TGAGTGCCTCTTAAAT-1_V12D07-075_C1,2
TGAGTGGTCCGTGACG-1_V12D07-075_C1,2
TGAGTTAAAGACATTC-1_V12D07-075_C1,2
TGATACATTTAGCCGT-1_V12D07-075_C1,2
TGATAGCGGGATTCTA-1_V12D07-075_C1,11
TGATCACCACACTGAC-1_V12D07-075_C1,10
TGATCCCAGCATTAGT-1_V12D07-075_C1,5
TGATCGGTTTGACCCT-1_V12D07-075_C1,10
TGATCTACGCTGATCT-1_V12D07-075_C1,5
TGATCTATCACACTCT-1_V12D07-075_C1,2
TGATCTCCGGCGCCAG-1_V12D07-075_C1,10
TGATGGCTGTTTCTGA-1_V12D07-075_C1,5
TGATGTCAATTAAGTG-1_V12D07-075_C1,12
TGATTATGGCACGCAG-1_V12D07-075_C1,5
TGATTCCCGGTTACCT-1_V12D07-075_C1,10
TGATTCGTCTATCACT-1_V12D07-075_C1,10
TGATTCTGTCGCCGGT-1_V12D07-075_C1,2
TGATTTATTAGCTGTG-1_V12D07-075_C1,10
TGATTTCCTCCTGACG-1_V12D07-075_C1,7
TGCAAAGTTCGTCTGT-1_V12D07-075_C1,10
TGCAACCCATCTGCGG-1_V12D07-075_C1,9
TGCAACTACTGGTTGA-1_V12D07-075_C1,12
TGCAAGAATGACGTAA-1_V12D07-075_C1,10
TGCAATCTAACACGGT-1_V12D07-075_C1,12
TGCAATTTGGGCACGG-1_V12D07-075_C1,5
TGCACAGTGAAGTTAT-1_V12D07-075_C1,5
TGCACGAGTCGGCAGC-1_V12D07-075_C1,5
TGCACTATGTGAGTGC-1_V12D07-075_C1,10
TGCAGAGTACCGAGCA-1_V12D07-075_C1,10
TGCAGGATCGGCAAAG-1_V12D07-075_C1,10
TGCAGTGAGGCTCGGG-1_V12D07-075_C1,5
TGCAGTTTCCTCCCAT-1_V12D07-075_C1,12
TGCATATGTCTGTCAC-1_V12D07-075_C1,12
TGCATGGATCGGATCT-1_V12D07-075_C1,5
TGCATGTGGTAATCTA-1_V12D07-075_C1,2
TGCCAATGGGTACTCT-1_V12D07-075_C1,10
TGCCACCTGGCGAAAC-1_V12D07-075_C1,5
TGCCAGTACGTGGAGA-1_V12D07-075_C1,10
TGCCATTACTAAAGAA-1_V12D07-075_C1,5
TGCCCGTACCGTTAAA-1_V12D07-075_C1,12
TGCCGAAAGCGTATTC-1_V12D07-075_C1,3
TGCCGTGGATCGTCCT-1_V12D07-075_C1,10
TGCCTAAATTTAATAG-1_V12D07-075_C1,5
TGCCTAATTGAAGATT-1_V12D07-075_C1,12
TGCCTGACATCGGTCA-1_V12D07-075_C1,10
TGCCTGATCAAACGAT-1_V12D07-075_C1,10
TGCCTTGGCCAGGCAA-1_V12D07-075_C1,10
TGCGACACCCTAGTGC-1_V12D07-075_C1,2
TGCGAGAATATTACCC-1_V12D07-075_C1,2
TGCGAGATGGCGGCCA-1_V12D07-075_C1,5
TGCGAGCCCTTCCGCG-1_V12D07-075_C1,5
TGCGCAAAGCATTTGG-1_V12D07-075_C1,10
TGCGCCGTTAATAACG-1_V12D07-075_C1,5
TGCGCGATTAACGGAG-1_V12D07-075_C1,10
TGCGGACTTGACTCCG-1_V12D07-075_C1,12
TGCGGAGTAAAGGTGC-1_V12D07-075_C1,10
TGCGGCATAGTTCAAC-1_V12D07-075_C1,5
TGCGGTGAAATTTCAT-1_V12D07-075_C1,5
TGCGTAAGAACCTGAT-1_V12D07-075_C1,10
TGCGTACGGCTAATTG-1_V12D07-075_C1,12
TGCGTGATTGGGTGTC-1_V12D07-075_C1,10
TGCGTTTGTTGACACT-1_V12D07-075_C1,10
TGCTAAGTGTCTATTT-1_V12D07-075_C1,10
TGCTATACAAACGGAC-1_V12D07-075_C1,5
TGCTCCACAGTTCTTA-1_V12D07-075_C1,12
TGCTCGGCGAAACCCA-1_V12D07-075_C1,10
TGCTCGGTGGGTCACC-1_V12D07-075_C1,12
TGCTCTTGAGAGTTTG-1_V12D07-075_C1,12
TGCTGGTTGGACAATT-1_V12D07-075_C1,10
TGCTGTTGAAGAACTC-1_V12D07-075_C1,10
TGCTTCCCAAGCAGTA-1_V12D07-075_C1,10
TGCTTGAAACCATGCA-1_V12D07-075_C1,11
TGGAACCACTGACACA-1_V12D07-075_C1,5
TGGAAGAAGGGAACGT-1_V12D07-075_C1,10
TGGAAGACGAACACCA-1_V12D07-075_C1,5
TGGAAGGATAAAGATG-1_V12D07-075_C1,3
TGGAATATCCTTGACC-1_V12D07-075_C1,5
TGGAATTAGACGCTTT-1_V12D07-075_C1,11
TGGACACCGTTGCTTG-1_V12D07-075_C1,11
TGGACCAATCTAAGAT-1_V12D07-075_C1,9
TGGACCACGGCGTTGA-1_V12D07-075_C1,11
TGGACGTAGGCGAATC-1_V12D07-075_C1,12
TGGACTGTTCGCTCAA-1_V12D07-075_C1,2
TGGAGGGAAACACCTC-1_V12D07-075_C1,5
TGGAGTGATGCGATGA-1_V12D07-075_C1,10
TGGCAAACTAAATTAC-1_V12D07-075_C1,10
TGGCAACTCGCGCGCC-1_V12D07-075_C1,5
TGGCAAGCACAAGTCG-1_V12D07-075_C1,10
TGGCAATGGGACGGCG-1_V12D07-075_C1,12
TGGCACGAGCTCGAGT-1_V12D07-075_C1,5
TGGCAGATTACGATCA-1_V12D07-075_C1,10
TGGCAGCAGTAATAGT-1_V12D07-075_C1,10
TGGCCAAACTGAAGTA-1_V12D07-075_C1,10
TGGCCGTATATTGACC-1_V12D07-075_C1,10
TGGCGACTGCTCCAAA-1_V12D07-075_C1,2
TGGCGATCAAGTTATG-1_V12D07-075_C1,10
TGGCGGTGTGCGATTG-1_V12D07-075_C1,5
TGGCTACACTCTACCT-1_V12D07-075_C1,12
TGGCTATGTGACATAC-1_V12D07-075_C1,10
TGGCTTGTACAAGCTT-1_V12D07-075_C1,5
TGGCTTTGGGTAGACA-1_V12D07-075_C1,5
TGGGAAATGCCTTTCC-1_V12D07-075_C1,10
TGGGACCATTGGGAGT-1_V12D07-075_C1,12
TGGGATGCACTCATTC-1_V12D07-075_C1,5
TGGGCAATAGTTGGGT-1_V12D07-075_C1,2
TGGGCACAAACAGAAC-1_V12D07-075_C1,5
TGGGCACGTTCTATGG-1_V12D07-075_C1,5
TGGGCAGGCCACCGCA-1_V12D07-075_C1,12
TGGGCCACAAGAGCGC-1_V12D07-075_C1,5
TGGGCCCATACTAATT-1_V12D07-075_C1,12
TGGGCGATACAATAAG-1_V12D07-075_C1,12
TGGGTAAGGTTCCCGC-1_V12D07-075_C1,5
TGGGTGCACAAGCCAT-1_V12D07-075_C1,12
TGGGTGGGATGTCATT-1_V12D07-075_C1,5
TGGGTGTAATAGATTT-1_V12D07-075_C1,12
TGGGTTCCCGGACGGA-1_V12D07-075_C1,10
TGGTAAGCAGGATTGA-1_V12D07-075_C1,2
TGGTAGAATATATGGG-1_V12D07-075_C1,12
TGGTATCGCATCCCAA-1_V12D07-075_C1,5
TGGTATCGGTCTGTAT-1_V12D07-075_C1,5
TGGTCCCACGCTACGG-1_V12D07-075_C1,8
TGGTCGTGCAAGGCAA-1_V12D07-075_C1,2
TGGTCTAGCTTACATG-1_V12D07-075_C1,10
TGGTCTGTTGGGCGTA-1_V12D07-075_C1,10
TGGTGATCGTATTTGT-1_V12D07-075_C1,10
TGGTTAAGGGCGCTGG-1_V12D07-075_C1,7
TGGTTATGCTTGCGGT-1_V12D07-075_C1,11
TGGTTCAACGGGTAAT-1_V12D07-075_C1,10
TGGTTCGTAGCAAAGG-1_V12D07-075_C1,5
TGGTTGGAGGATCCTG-1_V12D07-075_C1,5
TGGTTTAAACGTGGGT-1_V12D07-075_C1,5
TGTAATGACCACAATA-1_V12D07-075_C1,1
TGTACCTACACGAGGG-1_V12D07-075_C1,9
TGTACGAACAAATCCG-1_V12D07-075_C1,10
TGTACTACTCTCACGG-1_V12D07-075_C1,5
TGTACTGTGCCAAAGT-1_V12D07-075_C1,5
TGTACTTCCGGGCATG-1_V12D07-075_C1,2
TGTAGCCATCCCATTC-1_V12D07-075_C1,12
TGTAGGAGAAATTTCC-1_V12D07-075_C1,12
TGTAGTGATCTATAAT-1_V12D07-075_C1,10
TGTATAACAGATCCTG-1_V12D07-075_C1,10
TGTATACGGATGATGA-1_V12D07-075_C1,5
TGTATCAGACTGAAGC-1_V12D07-075_C1,5
TGTATCCTTATTCCAT-1_V12D07-075_C1,5
TGTATGGCGCAGACAG-1_V12D07-075_C1,12
TGTATTTACCTAATGC-1_V12D07-075_C1,5
TGTCATTTGTTGGGAA-1_V12D07-075_C1,5
TGTCCACGGCTCAACT-1_V12D07-075_C1,12
TGTCCCGACATAGCAC-1_V12D07-075_C1,5
TGTCCGTGGCGCCTTT-1_V12D07-075_C1,10
TGTCGGCATGGTGGAA-1_V12D07-075_C1,5
TGTCTACAGTTTCTGT-1_V12D07-075_C1,5
TGTGACTACGCCAGTC-1_V12D07-075_C1,5
TGTGACTAGAGTTTGC-1_V12D07-075_C1,12
TGTGAGACTAGCCCAA-1_V12D07-075_C1,10
TGTGCCGGTGCCGGAA-1_V12D07-075_C1,12
TGTGCTTTACGTAAGA-1_V12D07-075_C1,7
TGTGGCAAAGCGTATG-1_V12D07-075_C1,2
TGTGGCGGGCTTCTGG-1_V12D07-075_C1,3
TGTGGCTCCCACCAAC-1_V12D07-075_C1,5
TGTGGTAGGGTGCCTT-1_V12D07-075_C1,5
TGTGGTTGCTAAAGCT-1_V12D07-075_C1,12
TGTGTAGTAGCACGTG-1_V12D07-075_C1,12
TGTGTCGCGAGTTGCA-1_V12D07-075_C1,10
TGTGTTCGTATCCAAG-1_V12D07-075_C1,10
TGTTATTGTATGTGGC-1_V12D07-075_C1,12
TGTTCCGCTTCCATGA-1_V12D07-075_C1,10
TGTTCCGGCCTGAGCT-1_V12D07-075_C1,2
TGTTCGTATTGCGGTG-1_V12D07-075_C1,10
TGTTCTCATACTATAG-1_V12D07-075_C1,8
TGTTCTTCCATTGACT-1_V12D07-075_C1,10
TGTTGCCGTCGTCCCA-1_V12D07-075_C1,5
TGTTGTCAAGAAGTCT-1_V12D07-075_C1,5
TGTTTCGGTACTTCTC-1_V12D07-075_C1,5
TGTTTGAGATCGTCAG-1_V12D07-075_C1,10
TTAAACAGAGTCCCGC-1_V12D07-075_C1,5
TTAAACCGGTAGCGAC-1_V12D07-075_C1,5
TTAAACCTGGTTCCTT-1_V12D07-075_C1,11
TTAAACTCGAATTCAT-1_V12D07-075_C1,2
TTAACCAACCCTCCCT-1_V12D07-075_C1,5
TTAACGAACAAGCAGT-1_V12D07-075_C1,5
TTAACGTCGCAAGACC-1_V12D07-075_C1,5
TTAACGTTAAAGCCTG-1_V12D07-075_C1,12
TTAACTCACGCGTGGA-1_V12D07-075_C1,10
TTAACTGATCGTTTGG-1_V12D07-075_C1,8
TTAAGACGAACGAACC-1_V12D07-075_C1,5
TTAAGATAGGATTGAC-1_V12D07-075_C1,12
TTAAGCCGACAACTTC-1_V12D07-075_C1,5
TTAAGCGCCTGACCCA-1_V12D07-075_C1,10
TTAAGGATACGGAGGT-1_V12D07-075_C1,6
TTAAGTATTGTTATCC-1_V12D07-075_C1,9
TTAATCAGTACGTCAG-1_V12D07-075_C1,5
TTAATGTAGACCAGGT-1_V12D07-075_C1,10
TTAATGTGTTTGCAGG-1_V12D07-075_C1,9
TTAATTGCTTTGGGTG-1_V12D07-075_C1,12
TTAATTTCAGACGCGG-1_V12D07-075_C1,5
TTACAACTACGCATCC-1_V12D07-075_C1,5
TTACACGATCTGCGAC-1_V12D07-075_C1,12
TTACAGACCTAAATGA-1_V12D07-075_C1,2
TTACATCGTGGCCTGG-1_V12D07-075_C1,10
TTACATGCCACAACTA-1_V12D07-075_C1,2
TTACCATTGATTACCC-1_V12D07-075_C1,10
TTACCCATTGCCGGGT-1_V12D07-075_C1,5
TTACCCTAACAGTCCT-1_V12D07-075_C1,10
TTACCCTAGGGATTGG-1_V12D07-075_C1,10
TTACGGATGGTTCGAG-1_V12D07-075_C1,2
TTACGGTGTCACCGAG-1_V12D07-075_C1,5
TTACGTATCTATGACA-1_V12D07-075_C1,12
TTACTAAAGGACTTTA-1_V12D07-075_C1,10
TTACTCCGGCCGGGAA-1_V12D07-075_C1,12
TTACTCTGGTACGTAC-1_V12D07-075_C1,2
TTACTGGGATATTTCA-1_V12D07-075_C1,10
TTACTGTCTAGAGCTC-1_V12D07-075_C1,5
TTAGAAGAACATGACT-1_V12D07-075_C1,10
TTAGAATAAGGGTCGG-1_V12D07-075_C1,2
TTAGACACGATCGTTG-1_V12D07-075_C1,5
TTAGACGAGTCACCTC-1_V12D07-075_C1,10
TTAGAGTTTAGAAGGA-1_V12D07-075_C1,12
TTAGCTAATACGATCT-1_V12D07-075_C1,5
TTAGCTCTGTAATCCG-1_V12D07-075_C1,11
TTAGCTGATTTGCCGT-1_V12D07-075_C1,12
TTAGGATGGGAGGGTA-1_V12D07-075_C1,5
TTAGTAAACCTGCTCT-1_V12D07-075_C1,12
TTAGTAGGGCGGCGGG-1_V12D07-075_C1,10
TTAGTTATTCGTGGCA-1_V12D07-075_C1,12
TTAGTTCAAGTGTTCG-1_V12D07-075_C1,5
TTATAGATGCACATTA-1_V12D07-075_C1,5
TTATAGGTAATTGTCT-1_V12D07-075_C1,10
TTATAGTCCAAGGTGC-1_V12D07-075_C1,7
TTATATACGCTGTCAC-1_V12D07-075_C1,2
TTATATTTGGCAATCC-1_V12D07-075_C1,10
TTATCCAATCGAACTC-1_V12D07-075_C1,11
TTATCCGGGATCTATA-1_V12D07-075_C1,10
TTATCTGTATCATAAC-1_V12D07-075_C1,5
TTATGAATGAAAGGGA-1_V12D07-075_C1,10
TTATGACAAACTGGAT-1_V12D07-075_C1,10
TTATGATCTTAACGAA-1_V12D07-075_C1,12
TTATGCGTCCCGGTCC-1_V12D07-075_C1,5
TTATTAGAGCGTGTTC-1_V12D07-075_C1,10
TTATTTAGGTTCCTTA-1_V12D07-075_C1,12
TTCAAAGTCTCTAGCC-1_V12D07-075_C1,12
TTCAACGACCCGACCG-1_V12D07-075_C1,10
TTCAAGCCGAGCTGAG-1_V12D07-075_C1,5
TTCAATACTCTGAATC-1_V12D07-075_C1,12
TTCACGAAAGGATCAC-1_V12D07-075_C1,10
TTCACTCGAGCACCTA-1_V12D07-075_C1,10
TTCACTTCCTAGAACG-1_V12D07-075_C1,10
TTCAGAGTAACCTGAC-1_V12D07-075_C1,3
TTCAGCCCTGGTCCAC-1_V12D07-075_C1,12
TTCAGCTGGCGTGCCC-1_V12D07-075_C1,12
TTCAGTTTGTGGCAGC-1_V12D07-075_C1,10
TTCATAGCCTTGTAAC-1_V12D07-075_C1,10
TTCATAGGGTGTCCAT-1_V12D07-075_C1,12
TTCATGGCGCAACAGG-1_V12D07-075_C1,5
TTCCAATCAGAGCTAG-1_V12D07-075_C1,2
TTCCAATCTGGCTATC-1_V12D07-075_C1,2
TTCCACACAGATTTGA-1_V12D07-075_C1,2
TTCCAGACGAGATTTA-1_V12D07-075_C1,5
TTCCATCATGCGGTGA-1_V12D07-075_C1,5
TTCCATCGACAGCGTG-1_V12D07-075_C1,12
TTCCGCAGAGAAATAT-1_V12D07-075_C1,5
TTCCGCGTGAGGCGAT-1_V12D07-075_C1,12
TTCCGGCCTTGAGGCT-1_V12D07-075_C1,2
TTCCGGCTCGACTTCT-1_V12D07-075_C1,5
TTCCGGTATCTGTGTC-1_V12D07-075_C1,5
TTCCGGTTACCCACTT-1_V12D07-075_C1,12
TTCCTCGAGGGTGTCT-1_V12D07-075_C1,10
TTCGACAGAGCCCGTG-1_V12D07-075_C1,10
TTCGACGGGAAGGGCG-1_V12D07-075_C1,10
TTCGCACTCGCGTGCT-1_V12D07-075_C1,10
TTCGCACTGTACGACA-1_V12D07-075_C1,10
TTCGCATCCGGAAGCA-1_V12D07-075_C1,10
TTCGCGCGCCATACGA-1_V12D07-075_C1,2
TTCGCTAGGAAGTTGT-1_V12D07-075_C1,5
TTCGCTATCTGACGTG-1_V12D07-075_C1,5
TTCGGACTGATGCCTT-1_V12D07-075_C1,5
TTCGGCAACCCGCTGA-1_V12D07-075_C1,5
TTCGGGACTAATCGCG-1_V12D07-075_C1,10
TTCGGGTTGCCACGGG-1_V12D07-075_C1,12
TTCGGTACTGTAGAGG-1_V12D07-075_C1,9
TTCGGTGGAGACGCCC-1_V12D07-075_C1,5
TTCGTAATCCCAGCGG-1_V12D07-075_C1,5
TTCGTTCAACGAAGTT-1_V12D07-075_C1,5
TTCTAACCGAAGCTTA-1_V12D07-075_C1,2
TTCTACCTTTATGTTG-1_V12D07-075_C1,5
TTCTACTTGCGAGGGC-1_V12D07-075_C1,10
TTCTAGAAAGTCTTAT-1_V12D07-075_C1,2
TTCTAGGCCAATTGTG-1_V12D07-075_C1,10
TTCTATGCCTTTCGCA-1_V12D07-075_C1,5
TTCTATTAAACGCAGC-1_V12D07-075_C1,9
TTCTGCCGCGCCTAGA-1_V12D07-075_C1,10
TTCTGCGAGCGCCCTT-1_V12D07-075_C1,1
TTCTGCGGGTTAGCGG-1_V12D07-075_C1,10
TTCTGCTAGACTCCAA-1_V12D07-075_C1,10
TTCTGTTTCCTGTCGC-1_V12D07-075_C1,10
TTCTTAGTGAACGGTG-1_V12D07-075_C1,9
TTCTTAGTGGCTCAGA-1_V12D07-075_C1,5
TTCTTATCCGCTGGGT-1_V12D07-075_C1,12
TTCTTGAGCCGCGCTA-1_V12D07-075_C1,2
TTCTTGGAGTAATGAG-1_V12D07-075_C1,5
TTCTTGTAACCTAATG-1_V12D07-075_C1,10
TTCTTGTGTCCATCAG-1_V12D07-075_C1,10
TTCTTTGGTCGCGACG-1_V12D07-075_C1,5
TTGAAACCCTCATTCC-1_V12D07-075_C1,2
TTGAAAGGTGTAAAGG-1_V12D07-075_C1,5
TTGAACGACGTGCTGA-1_V12D07-075_C1,10
TTGAAGAATTCCCAGG-1_V12D07-075_C1,10
TTGAATATGGACTTTC-1_V12D07-075_C1,12
TTGAATTCACGTGAGG-1_V12D07-075_C1,12
TTGACAGGAGCTCCCG-1_V12D07-075_C1,12
TTGACATGAACGTGGA-1_V12D07-075_C1,2
TTGACCAGGAACAACT-1_V12D07-075_C1,9
TTGACCATGTTCTCCG-1_V12D07-075_C1,5
TTGACCGTGTTAATGA-1_V12D07-075_C1,2
TTGACGCTCCATGAGC-1_V12D07-075_C1,12
TTGACTACCATATGGT-1_V12D07-075_C1,10
TTGACTATTGTCCGGC-1_V12D07-075_C1,12
TTGAGAAGTTTAGCAT-1_V12D07-075_C1,10
TTGAGAGTACTGCTAA-1_V12D07-075_C1,2
TTGAGCAGCCCACGGT-1_V12D07-075_C1,5
TTGAGCGCCACGTGAT-1_V12D07-075_C1,5
TTGAGGCATTTAACTC-1_V12D07-075_C1,5
TTGAGTCCCGCTGCTG-1_V12D07-075_C1,5
TTGATAGTCAATACAT-1_V12D07-075_C1,5
TTGATCTAACTTTGTC-1_V12D07-075_C1,3
TTGATGTGTAGTCCCG-1_V12D07-075_C1,5
TTGATTAGCTGTTTCT-1_V12D07-075_C1,2
TTGATTATGCAGATGA-1_V12D07-075_C1,10
TTGCAAGAAGACTCCT-1_V12D07-075_C1,2
TTGCACAATTCAGAAA-1_V12D07-075_C1,10
TTGCACGGAGCAGCAC-1_V12D07-075_C1,5
TTGCATGCTGATCACG-1_V12D07-075_C1,10
TTGCCAAGCAGAACCC-1_V12D07-075_C1,5
TTGCCCTGATCACGGG-1_V12D07-075_C1,10
TTGCCGCTTTCTAGTA-1_V12D07-075_C1,12
TTGCCGGTGATCCCTC-1_V12D07-075_C1,5
TTGCCTTCTCGCCGGG-1_V12D07-075_C1,11
TTGCGCTCTCTCGCTT-1_V12D07-075_C1,10
TTGCGCTTGATCAATA-1_V12D07-075_C1,12
TTGCGGCATCAGAAAG-1_V12D07-075_C1,2
TTGCGTCGGCCAACCG-1_V12D07-075_C1,2
TTGCGTGAACGCTTAG-1_V12D07-075_C1,5
TTGCGTGTGTAGGCAT-1_V12D07-075_C1,12
TTGCTCCCATACCGGA-1_V12D07-075_C1,3
TTGCTGAAGGAACCAC-1_V12D07-075_C1,5
TTGCTGATCATGTTCG-1_V12D07-075_C1,10
TTGCTGGCCGGGCTTC-1_V12D07-075_C1,5
TTGGACATGTGGCTTA-1_V12D07-075_C1,2
TTGGACCATCTGGCAA-1_V12D07-075_C1,12
TTGGACCTATAACAGT-1_V12D07-075_C1,10
TTGGAGTCTCCCTTCT-1_V12D07-075_C1,5
TTGGATATCGTCTACG-1_V12D07-075_C1,10
TTGGATCGACTTCTGG-1_V12D07-075_C1,5
TTGGATTGGGTACCAC-1_V12D07-075_C1,5
TTGGCCTAGAATTTCG-1_V12D07-075_C1,5
TTGGCGATCCGAATAT-1_V12D07-075_C1,5
TTGGCTCAATATGTGT-1_V12D07-075_C1,12
TTGGCTCGCATGAGAC-1_V12D07-075_C1,10
TTGGGAAGACGAGCCG-1_V12D07-075_C1,12
TTGGGACACTGCCCGC-1_V12D07-075_C1,10
TTGGGACGTAAGAGTT-1_V12D07-075_C1,12
TTGGGCGGCGGTTGCC-1_V12D07-075_C1,10
TTGGTATGGCTTGTGT-1_V12D07-075_C1,5
TTGGTCACACTCGTAA-1_V12D07-075_C1,2
TTGGTTCGCTCAAAGG-1_V12D07-075_C1,5
TTGTAAGGACCTAAGT-1_V12D07-075_C1,2
TTGTAAGGCCAGTTGG-1_V12D07-075_C1,2
TTGTAATCCGTACTCG-1_V12D07-075_C1,10
TTGTATCACACAGAAT-1_V12D07-075_C1,5
TTGTCGTTCAGTTACC-1_V12D07-075_C1,5
TTGTGAACCTAATCCG-1_V12D07-075_C1,12
TTGTGATCTGTTCAGT-1_V12D07-075_C1,12
TTGTGCAGCCACGTCA-1_V12D07-075_C1,8
TTGTGGCCCTGACAGT-1_V12D07-075_C1,5
TTGTGGTGGTACTAAG-1_V12D07-075_C1,12
TTGTGTATGCCACCAA-1_V12D07-075_C1,3
TTGTGTTTCCCGAAAG-1_V12D07-075_C1,10
TTGTTAGCAAATTCGA-1_V12D07-075_C1,3
TTGTTCAGTGTGCTAC-1_V12D07-075_C1,10
TTGTTCTAGATACGCT-1_V12D07-075_C1,10
TTGTTGTGTGTCAAGA-1_V12D07-075_C1,10
TTGTTTCACATCCAGG-1_V12D07-075_C1,2
TTGTTTCCATACAACT-1_V12D07-075_C1,2
TTGTTTGTGTAAATTC-1_V12D07-075_C1,5
AAACAAGTATCTCCCA-1_V13B23-285_A1,6
AAACAATCTACTAGCA-1_V13B23-285_A1,11
AAACACCAATAACTGC-1_V13B23-285_A1,7
AAACAGAGCGACTCCT-1_V13B23-285_A1,10
AAACAGCTTTCAGAAG-1_V13B23-285_A1,7
AAACAGGGTCTATATT-1_V13B23-285_A1,7
AAACATTTCCCGGATT-1_V13B23-285_A1,6
AAACCCGAACGAAATC-1_V13B23-285_A1,3
AAACCGGGTAGGTACC-1_V13B23-285_A1,7
AAACCGTTCGTCCAGG-1_V13B23-285_A1,7
AAACCTAAGCAGCCGG-1_V13B23-285_A1,6
AAACCTCATGAAGTTG-1_V13B23-285_A1,7
AAACGAAGAACATACC-1_V13B23-285_A1,8
AAACGAAGATGGAGTA-1_V13B23-285_A1,1
AAACGAGACGGTTGAT-1_V13B23-285_A1,9
AAACGGGCGTACGGGT-1_V13B23-285_A1,6
AAACGGGTTGGTATCC-1_V13B23-285_A1,2
AAACGGTTGCGAACTG-1_V13B23-285_A1,1
AAACTCGGTTCGCAAT-1_V13B23-285_A1,6
AAACTCGTGATATAAG-1_V13B23-285_A1,10
AAACTGCTGGCTCCAA-1_V13B23-285_A1,7
AAACTTGCAAACGTAT-1_V13B23-285_A1,7
AAAGAATGTGGACTAA-1_V13B23-285_A1,6
AAAGACCCAAGTCGCG-1_V13B23-285_A1,11
AAAGACTGGGCGCTTT-1_V13B23-285_A1,7
AAAGCTTGCCTACATA-1_V13B23-285_A1,4
AAAGGCTACGGACCAT-1_V13B23-285_A1,1
AAAGGCTCTCGCGCCG-1_V13B23-285_A1,7
AAAGGGATGTAGCAAG-1_V13B23-285_A1,7
AAAGGGCAGCTTGAAT-1_V13B23-285_A1,7
AAAGTAGCATTGCTCA-1_V13B23-285_A1,7
AAAGTCACTGATGTAA-1_V13B23-285_A1,11
AAAGTCGACCCTCAGT-1_V13B23-285_A1,7
AAAGTGTGATTTATCT-1_V13B23-285_A1,6
AAAGTTGACTCCCGTA-1_V13B23-285_A1,6
AAATAACCATACGGGA-1_V13B23-285_A1,10
AAATAAGGTAGTGCCC-1_V13B23-285_A1,4
AAATACCTATAAGCAT-1_V13B23-285_A1,7
AAATAGCTTAGACTTT-1_V13B23-285_A1,6
AAATAGGGTGCTATTG-1_V13B23-285_A1,6
AAATCCGATACACGCC-1_V13B23-285_A1,6
AAATCGCGGAAGGAGT-1_V13B23-285_A1,1
AAATCGTGTACCACAA-1_V13B23-285_A1,7
AAATCTAGCCCTGCTA-1_V13B23-285_A1,6
AAATGATTCGATCAGC-1_V13B23-285_A1,10
AAATGCTCGTTACGTT-1_V13B23-285_A1,11
AAATGGCATGTCTTGT-1_V13B23-285_A1,11
AAATGGCCCGTGCCCT-1_V13B23-285_A1,7
AAATGGTCAATGTGCC-1_V13B23-285_A1,9
AAATGTATCTTATCCC-1_V13B23-285_A1,7
AAATGTGGGTGCTCCT-1_V13B23-285_A1,8
AAATTAACGGGTAGCT-1_V13B23-285_A1,7
AAATTAATAAGCGCGA-1_V13B23-285_A1,7
AAATTACACGACTCTG-1_V13B23-285_A1,10
AAATTACCTATCGATG-1_V13B23-285_A1,4
AAATTCCAGGTCCAAA-1_V13B23-285_A1,4
AAATTGATAGTCCTTT-1_V13B23-285_A1,1
AAATTGCGGCGGTTCT-1_V13B23-285_A1,11
AAATTTGCGGGTGTGG-1_V13B23-285_A1,7
AACAACTGGTAGTTGC-1_V13B23-285_A1,7
AACAATACATTGTCGA-1_V13B23-285_A1,7
AACAATTACTCTACGC-1_V13B23-285_A1,7
AACACACGCTCGCCGC-1_V13B23-285_A1,6
AACACGACTGTACTGA-1_V13B23-285_A1,2
AACACGAGACGCGGCC-1_V13B23-285_A1,5
AACACGCGGCCGCGAA-1_V13B23-285_A1,9
AACAGCTGTGTGGCAA-1_V13B23-285_A1,1
AACAGGAAATCGAATA-1_V13B23-285_A1,11
AACAGGATGGGCCGCG-1_V13B23-285_A1,7
AACAGGTAGTATGGAT-1_V13B23-285_A1,6
AACATATCAACTGGTG-1_V13B23-285_A1,6
AACATTGGTCAGCCGT-1_V13B23-285_A1,2
AACATTGTGACTCGAG-1_V13B23-285_A1,1
AACCAAGACTTCTCTG-1_V13B23-285_A1,7
AACCATGGGATCGCTA-1_V13B23-285_A1,11
AACCCAGAGACGGAGA-1_V13B23-285_A1,11
AACCCATCCCATGATC-1_V13B23-285_A1,4
AACCCGAGCAGAATCG-1_V13B23-285_A1,6
AACCCTACTGTCAATA-1_V13B23-285_A1,6
AACCCTGGTGGAACCA-1_V13B23-285_A1,5
AACCGAGCTTGGTCAT-1_V13B23-285_A1,7
AACCGCTAAGGGATGC-1_V13B23-285_A1,6
AACCGTTGTGTTTGCT-1_V13B23-285_A1,10
AACCTCGCTTTAGCCC-1_V13B23-285_A1,6
AACCTGTCACGGAATT-1_V13B23-285_A1,4
AACCTTTAAATACGGT-1_V13B23-285_A1,1
AACCTTTACGACGTCT-1_V13B23-285_A1,4
AACGAAAGTCGTCCCA-1_V13B23-285_A1,11
AACGATAATGCCGTAG-1_V13B23-285_A1,6
AACGATAGAAGGGCCG-1_V13B23-285_A1,11
AACGATATGTCAACTG-1_V13B23-285_A1,7
AACGCATGATCTGGGT-1_V13B23-285_A1,12
AACGCGAACGGCAACA-1_V13B23-285_A1,11
AACGCGACCTTGGGCG-1_V13B23-285_A1,1
AACGCGGTCTCCAGCC-1_V13B23-285_A1,7
AACGCTGTTGCTGAAA-1_V13B23-285_A1,6
AACGGACGTACGTATA-1_V13B23-285_A1,6
AACGGCCATCTCCGGT-1_V13B23-285_A1,7
AACGTACTGTGGGTAC-1_V13B23-285_A1,7
AACGTAGTCTACCCAT-1_V13B23-285_A1,11
AACGTCAGACTAGTGG-1_V13B23-285_A1,7
AACGTCGCTGCACTTC-1_V13B23-285_A1,9
AACGTGATGAAGGACA-1_V13B23-285_A1,8
AACGTGCGAAAGTCTC-1_V13B23-285_A1,7
AACGTTATCAGCACCT-1_V13B23-285_A1,7
AACTACCCGTTTGTCA-1_V13B23-285_A1,6
AACTAGCGTATCGCAC-1_V13B23-285_A1,11
AACTAGGCTTGGGTGT-1_V13B23-285_A1,1
AACTCAAGTTAATTGC-1_V13B23-285_A1,7
AACTCCAGAGCGTGTT-1_V13B23-285_A1,6
AACTCCTAATCCCATG-1_V13B23-285_A1,8
AACTCGATAAACACGT-1_V13B23-285_A1,9
AACTCGATGGCGCAGT-1_V13B23-285_A1,11
AACTCTCAATAGAGCG-1_V13B23-285_A1,6
AACTCTCAGTGTGCTC-1_V13B23-285_A1,7
AACTGATATTAGGCCT-1_V13B23-285_A1,1
AACTGGGTCCCGACGT-1_V13B23-285_A1,7
AACTGGTGTGGGCCTT-1_V13B23-285_A1,1
AACTTCTGCGTCTATC-1_V13B23-285_A1,3
AACTTGCCCGTATGCA-1_V13B23-285_A1,7
AACTTGCGTTCTCGCG-1_V13B23-285_A1,11
AACTTTACGGGAGCTT-1_V13B23-285_A1,7
AACTTTAGCTGCTGAG-1_V13B23-285_A1,4
AAGAAGGATCAGTTAG-1_V13B23-285_A1,11
AAGACATACGTGGTTT-1_V13B23-285_A1,6
AAGACCCAACTGAACA-1_V13B23-285_A1,1
AAGACTAACCCGTTGT-1_V13B23-285_A1,11
AAGACTGCAAGCTACT-1_V13B23-285_A1,7
AAGAGATGAATCGGTA-1_V13B23-285_A1,7
AAGAGCTCTTTATCGG-1_V13B23-285_A1,7
AAGAGGATGTACGCGA-1_V13B23-285_A1,9
AAGAGGCATGGATCGC-1_V13B23-285_A1,1
AAGAGGCCCTTTGGAA-1_V13B23-285_A1,6
AAGATGGCACCGGACC-1_V13B23-285_A1,1
AAGATTGGCGGAACGT-1_V13B23-285_A1,1
AAGCACCCTGCGTATC-1_V13B23-285_A1,6
AAGCATACTCTCCTGA-1_V13B23-285_A1,4
AAGCCGAAGCGGTTTA-1_V13B23-285_A1,6
AAGCCGCCGTGAAATC-1_V13B23-285_A1,1
AAGCGCAGGGCTTTGA-1_V13B23-285_A1,6
AAGCGTCCCTCATCGA-1_V13B23-285_A1,1
AAGCTAGATCGAGTAA-1_V13B23-285_A1,7
AAGCTCGTGCCAAGTC-1_V13B23-285_A1,7
AAGCTCTTTCATGGTG-1_V13B23-285_A1,6
AAGGAGAACTTATAAG-1_V13B23-285_A1,3
AAGGAGCGGTTGGTGC-1_V13B23-285_A1,5
AAGGATCGATCGCTTG-1_V13B23-285_A1,6
AAGGATGAGGGACCTC-1_V13B23-285_A1,1
AAGGCAGGCTGTCTCC-1_V13B23-285_A1,6
AAGGCGCGTAAAGCTT-1_V13B23-285_A1,7
AAGGCTGTGCTCATCG-1_V13B23-285_A1,7
AAGGGAACGACTGGCT-1_V13B23-285_A1,1
AAGGGACAGATTCTGT-1_V13B23-285_A1,5
AAGGGACTATGCATTC-1_V13B23-285_A1,1
AAGGGTTTGATTTCAG-1_V13B23-285_A1,1
AAGGTATCCTAATATA-1_V13B23-285_A1,1
AAGGTGATAAACCAGC-1_V13B23-285_A1,6
AAGTAAGCTTCCAAAC-1_V13B23-285_A1,11
AAGTAGAAGACCGGGT-1_V13B23-285_A1,1
AAGTAGTGACGCGAGG-1_V13B23-285_A1,7
AAGTCAATTGTCGTCA-1_V13B23-285_A1,6
AAGTCTTCTGTGGCCT-1_V13B23-285_A1,7
AAGTGACGACCGAATT-1_V13B23-285_A1,7
AAGTGAGTCGGGTTTA-1_V13B23-285_A1,1
AAGTGCAAAGGTAGAC-1_V13B23-285_A1,7
AAGTGCCTTGACTGTA-1_V13B23-285_A1,6
AAGTGCGTTAGAATCT-1_V13B23-285_A1,7
AAGTGTTTGGAGACGG-1_V13B23-285_A1,6
AAGTTCACTCCAAGCT-1_V13B23-285_A1,6
AAGTTCAGTCTGCGTA-1_V13B23-285_A1,8
AAGTTCGGCCAACAGG-1_V13B23-285_A1,7
AAGTTGTGATGTTATA-1_V13B23-285_A1,6
AAGTTTACTAATGGCA-1_V13B23-285_A1,10
AAGTTTATGGGCCCAA-1_V13B23-285_A1,6
AATAACAACGCTCGGC-1_V13B23-285_A1,7
AATAACACTAGAACAA-1_V13B23-285_A1,7
AATAAGTCCTCGAGAC-1_V13B23-285_A1,8
AATAATCTTCGTATCG-1_V13B23-285_A1,6
AATACAATGTTTCAGG-1_V13B23-285_A1,7
AATAGAACAGAGTGGC-1_V13B23-285_A1,7
AATAGAATCTGTTTCA-1_V13B23-285_A1,1
AATAGCTACCGCGTGC-1_V13B23-285_A1,8
AATAGTCCGTCCCGAC-1_V13B23-285_A1,1
AATAGTCGCGAGTCGG-1_V13B23-285_A1,7
AATATCAAGGTCGGAT-1_V13B23-285_A1,11
AATATCCTAGCAAACT-1_V13B23-285_A1,7
AATATCGAATCAATGC-1_V13B23-285_A1,6
AATATCGAGGGTTCTC-1_V13B23-285_A1,6
AATATTGGAGTATTGA-1_V13B23-285_A1,7
AATCAGACTGCAGGAC-1_V13B23-285_A1,11
AATCATGTAAAGACTC-1_V13B23-285_A1,6
AATCCAAGGGCCTGAG-1_V13B23-285_A1,11
AATCCATGCAAGGGTG-1_V13B23-285_A1,11
AATCGCCTCAGCGCCA-1_V13B23-285_A1,1
AATCGCGCAGAGGACT-1_V13B23-285_A1,6
AATCGGGACACTACGA-1_V13B23-285_A1,11
AATCGGTATAGCCCTC-1_V13B23-285_A1,6
AATCGTGAGCCGAGCA-1_V13B23-285_A1,6
AATCTAGGTTTACTTG-1_V13B23-285_A1,7
AATCTATGCCGGAGCC-1_V13B23-285_A1,6
AATCTCTACTGTGGTT-1_V13B23-285_A1,7
AATCTGCGTTGGGACG-1_V13B23-285_A1,6
AATCTGGCTTTCTAGT-1_V13B23-285_A1,7
AATGACAGCAATGTCT-1_V13B23-285_A1,7
AATGACGTAGGATGTC-1_V13B23-285_A1,1
AATGACTGTCAGCCGG-1_V13B23-285_A1,7
AATGAGTTCGCATATG-1_V13B23-285_A1,11
AATGATGATACGCTAT-1_V13B23-285_A1,6
AATGATGCGACTCCTG-1_V13B23-285_A1,6
AATGCAACCGGGTACC-1_V13B23-285_A1,7
AATGCACCAAGCAATG-1_V13B23-285_A1,11
AATGGTCCACCGTTCA-1_V13B23-285_A1,7
AATGGTTCTCACAAGC-1_V13B23-285_A1,11
AATGTGCCCGAGGTGT-1_V13B23-285_A1,1
AATGTTGTCGTGAGAC-1_V13B23-285_A1,6
AATTAAAGGTCGGCGT-1_V13B23-285_A1,7
AATTAACGGATTTCCA-1_V13B23-285_A1,1
AATTACGAGACCCATC-1_V13B23-285_A1,1
AATTACTCGTACGCTC-1_V13B23-285_A1,11
AATTAGCGCTGCAGCG-1_V13B23-285_A1,7
AATTCATAAGGGATCT-1_V13B23-285_A1,1
AATTCCAAGCATGTAC-1_V13B23-285_A1,1
AATTCGATTCGAGGAT-1_V13B23-285_A1,6
AATTCTAGAGTTAGGC-1_V13B23-285_A1,9
AATTGAACGCTCTGGT-1_V13B23-285_A1,1
AATTGCAGCAATCGAC-1_V13B23-285_A1,6
AATTGTGGTTGCCAAA-1_V13B23-285_A1,6
AATTTGGGACATAGTA-1_V13B23-285_A1,10
AATTTGGTTCCAAAGA-1_V13B23-285_A1,2
ACAAAGAAGGTAGGCC-1_V13B23-285_A1,7
ACAAAGCATGACCTAG-1_V13B23-285_A1,6
ACAAATCGCACCGAAT-1_V13B23-285_A1,3
ACAAATGGTAGTGTTT-1_V13B23-285_A1,1
ACAACAGCATGAGCTA-1_V13B23-285_A1,9
ACAACGGTCCCTGCGA-1_V13B23-285_A1,1
ACAAGCAGTGCCTAGC-1_V13B23-285_A1,7
ACAAGCTATATGGAAG-1_V13B23-285_A1,7
ACAAGGAAATCCGCCC-1_V13B23-285_A1,1
ACAAGGACAAGAGGTT-1_V13B23-285_A1,7
ACAAGGATGCTTTAGG-1_V13B23-285_A1,6
ACAAGGGCAGGCTCTG-1_V13B23-285_A1,1
ACAATAGTCGTACGTT-1_V13B23-285_A1,7
ACAATCCATTTAAACC-1_V13B23-285_A1,7
ACAATGAATACGGAGA-1_V13B23-285_A1,1
ACAATTGTGTCTCTTT-1_V13B23-285_A1,6
ACAATTTAGGAGGCTC-1_V13B23-285_A1,7
ACAATTTGAGCAGTGG-1_V13B23-285_A1,1
ACAATTTGGCCATATT-1_V13B23-285_A1,4
ACACAAAGACGGGTGG-1_V13B23-285_A1,7
ACACACCAGGACCAGT-1_V13B23-285_A1,6
ACACACTTTCTACACG-1_V13B23-285_A1,11
ACACATGATCAAATCT-1_V13B23-285_A1,1
ACACATTGACGCAACA-1_V13B23-285_A1,2
ACACCACATAATTAGC-1_V13B23-285_A1,4
ACACCCAGCATGCAGC-1_V13B23-285_A1,7
ACACCCGAGAAATCCG-1_V13B23-285_A1,1
ACACCGAGCGCTCTTT-1_V13B23-285_A1,11
ACACCTTAAGTAGGGC-1_V13B23-285_A1,7
ACACCTTACTACTTGC-1_V13B23-285_A1,6
ACACGAGACTCCTTCT-1_V13B23-285_A1,1
ACACGGCACTATGCAT-1_V13B23-285_A1,8
ACACGGGAACTTAGGG-1_V13B23-285_A1,7
ACACGTAGGCCACAAG-1_V13B23-285_A1,6
ACACTCCAATGTCACT-1_V13B23-285_A1,11
ACACTGATCAAGGTGT-1_V13B23-285_A1,7
ACACTGGGACAGTCGT-1_V13B23-285_A1,6
ACAGAACTGAGAACAA-1_V13B23-285_A1,7
ACAGATTAGGTTAGTG-1_V13B23-285_A1,10
ACAGCATAGAGCCAGT-1_V13B23-285_A1,11
ACAGCGACATTCTCAT-1_V13B23-285_A1,6
ACAGCGCACCCGCAGC-1_V13B23-285_A1,8
ACAGGCACGGATCCTT-1_V13B23-285_A1,6
ACAGGCTTGCCCGACT-1_V13B23-285_A1,6
ACAGGTGGAGGTGAGG-1_V13B23-285_A1,5
ACAGGTGTGTTGTTGC-1_V13B23-285_A1,7
ACAGTAATACAACTTG-1_V13B23-285_A1,7
ACATAAGTCGTGGTGA-1_V13B23-285_A1,6
ACATAATAAGGCGGTG-1_V13B23-285_A1,7
ACATCAGCTGGGACGC-1_V13B23-285_A1,7
ACATCCCGGCCATACG-1_V13B23-285_A1,1
ACATCCTGGTAACTGT-1_V13B23-285_A1,6
ACATCGATCGTTTACC-1_V13B23-285_A1,7
ACATCGGTCAGCCGCG-1_V13B23-285_A1,7
ACATCGTATGCAATGG-1_V13B23-285_A1,1
ACATCGTTAACCTAGT-1_V13B23-285_A1,8
ACATGGCGCCAAAGTA-1_V13B23-285_A1,6
ACATGGCTCAATTTAG-1_V13B23-285_A1,11
ACATTAGTTTATATCC-1_V13B23-285_A1,7
ACCAACACCACACACT-1_V13B23-285_A1,8
ACCAACCGCACTCCAC-1_V13B23-285_A1,6
ACCAACGCTTATTTAT-1_V13B23-285_A1,7
ACCAAGAACGCGTGTC-1_V13B23-285_A1,1
ACCAAGTCATCGGCAG-1_V13B23-285_A1,6
ACCAATATGCAAGTTA-1_V13B23-285_A1,6
ACCACAAGTTTCTATC-1_V13B23-285_A1,7
ACCACCAATGTAACAA-1_V13B23-285_A1,6
ACCACCCTCTCTTCTA-1_V13B23-285_A1,10
ACCACGTGCAGCTATA-1_V13B23-285_A1,1
ACCACTGTTCAAGAAG-1_V13B23-285_A1,2
ACCAGACCATAACAAC-1_V13B23-285_A1,7
ACCAGGAGTGTGATCT-1_V13B23-285_A1,10
ACCAGTGCGGGAGACG-1_V13B23-285_A1,6
ACCATATCCGCAATAA-1_V13B23-285_A1,7
ACCATCCGCCAACTAG-1_V13B23-285_A1,7
ACCATCGTATATGGTA-1_V13B23-285_A1,5
ACCATTAAGGGTGTCA-1_V13B23-285_A1,11
ACCCAACGCCCGTGGC-1_V13B23-285_A1,1
ACCCACCTACATGCTC-1_V13B23-285_A1,7
ACCCATCTTGAGGGTA-1_V13B23-285_A1,7
ACCCATTTGTCCCTCT-1_V13B23-285_A1,6
ACCCGAGCGAAATTAC-1_V13B23-285_A1,1
ACCCGGAAACTCCCAG-1_V13B23-285_A1,1
ACCCGGATGACGCATC-1_V13B23-285_A1,6
ACCCGGTTACACTTCC-1_V13B23-285_A1,7
ACCCGTGTCATCAGTA-1_V13B23-285_A1,1
ACCCTATAGGACTGAG-1_V13B23-285_A1,11
ACCCTATGCCATATCG-1_V13B23-285_A1,1
ACCCTCCCGTCAGGGC-1_V13B23-285_A1,6
ACCCTCCCTTGCTATT-1_V13B23-285_A1,5
ACCCTGGTAACGCCCT-1_V13B23-285_A1,10
ACCCTTCATCTGCGAA-1_V13B23-285_A1,11
ACCGAAAGGGCCCTGC-1_V13B23-285_A1,3
ACCGAAGAGTCTGGTT-1_V13B23-285_A1,1
ACCGACACATCTCCCA-1_V13B23-285_A1,1
ACCGACTGAGTCCCAC-1_V13B23-285_A1,1
ACCGAGTCTCCTTATT-1_V13B23-285_A1,6
ACCGATAGGCATAACC-1_V13B23-285_A1,6
ACCGATATTTAATCAT-1_V13B23-285_A1,6
ACCGATGGTAGCATCG-1_V13B23-285_A1,7
ACCGCAATAACTGCCT-1_V13B23-285_A1,6
ACCGCGGTGGAAGTCG-1_V13B23-285_A1,6
ACCGGGCCTTTGTTGA-1_V13B23-285_A1,6
ACCGGTCAGGTACACC-1_V13B23-285_A1,5
ACCGTGACCACGTGGG-1_V13B23-285_A1,7
ACCGTTCCCGCTCTGA-1_V13B23-285_A1,8
ACCTAAGTACCTTTCA-1_V13B23-285_A1,7
ACCTAATCGACTTCCT-1_V13B23-285_A1,7
ACCTACAGTATGTGGT-1_V13B23-285_A1,6
ACCTACTATAAATCTA-1_V13B23-285_A1,1
ACCTCCGCCCTCGCTG-1_V13B23-285_A1,6
ACCTCCGTTATTCACC-1_V13B23-285_A1,4
ACCTGCGTGTCATGTT-1_V13B23-285_A1,7
ACGAAATGGGCGGCAC-1_V13B23-285_A1,7
ACGACTGGTCATACTC-1_V13B23-285_A1,1
ACGAGAACCCATCACG-1_V13B23-285_A1,11
ACGAGATATTTGCTTA-1_V13B23-285_A1,8
ACGAGGATACCACTCT-1_V13B23-285_A1,7
ACGAGGTTTACAACGT-1_V13B23-285_A1,4
ACGAGTACGGATGCCC-1_V13B23-285_A1,6
ACGATACATAGAACTA-1_V13B23-285_A1,7
ACGATACCTATCCTGA-1_V13B23-285_A1,7
ACGATCATACATAGAG-1_V13B23-285_A1,7
ACGATCATCTTGTAAA-1_V13B23-285_A1,6
ACGATGCATATGTTAT-1_V13B23-285_A1,7
ACGATGGATCCGATGC-1_V13B23-285_A1,9
ACGCAAACTAATAGAT-1_V13B23-285_A1,1
ACGCAATCACTACAGC-1_V13B23-285_A1,6
ACGCATACGTTTACTA-1_V13B23-285_A1,6
ACGCATTCGTGAGTAC-1_V13B23-285_A1,7
ACGCCAGATGATTTCT-1_V13B23-285_A1,1
ACGCCGCTAGACGACC-1_V13B23-285_A1,5
ACGCGAAGTCAGACGA-1_V13B23-285_A1,7
ACGCGCTACACAGGGT-1_V13B23-285_A1,7
ACGCGGGCCAAGGACA-1_V13B23-285_A1,7
ACGCGTTTCTTAAGAG-1_V13B23-285_A1,7
ACGCTAGTGATACACT-1_V13B23-285_A1,6
ACGCTGTGAGGCGTAG-1_V13B23-285_A1,7
ACGGAATTTAGCAAAT-1_V13B23-285_A1,11
ACGGACTCTCAAAGCG-1_V13B23-285_A1,6
ACGGATGGTGCGGATA-1_V13B23-285_A1,6
ACGGCACTTGCTTGGG-1_V13B23-285_A1,7
ACGGCCAACATGGACT-1_V13B23-285_A1,7
ACGGCGACGATGGGAA-1_V13B23-285_A1,1
ACGGCGGGTTGCCCTG-1_V13B23-285_A1,11
ACGGCTGGATGTAGAA-1_V13B23-285_A1,7
ACGGGAGTGTCGGCCC-1_V13B23-285_A1,7
ACGGGCGTATGCGACA-1_V13B23-285_A1,4
ACGGGTCATGTGACTT-1_V13B23-285_A1,11
ACGGTACAGTTCAATG-1_V13B23-285_A1,9
ACGTACAGATTTCTCT-1_V13B23-285_A1,2
ACGTAGATTGCTGATG-1_V13B23-285_A1,7
ACGTAGGAGAGTCGCT-1_V13B23-285_A1,6
ACGTATTACTCCGATC-1_V13B23-285_A1,6
ACGTCTCGTTCCGGGA-1_V13B23-285_A1,7
ACGTGACAAAGTAAGT-1_V13B23-285_A1,7
ACGTGCGCCTCGTGCA-1_V13B23-285_A1,1
ACGTTAATGTCGAAGA-1_V13B23-285_A1,7
ACGTTAGATTTGCCCG-1_V13B23-285_A1,7
ACGTTATTGGTCACTC-1_V13B23-285_A1,6
ACGTTCCGCGCTCCGT-1_V13B23-285_A1,12
ACGTTCGCAATCAATT-1_V13B23-285_A1,4
ACGTTCGTTCAGGAAA-1_V13B23-285_A1,1
ACGTTCTGTACAAGTC-1_V13B23-285_A1,6
ACGTTTAGTTGTGATC-1_V13B23-285_A1,11
ACTACATCCCGACAAG-1_V13B23-285_A1,1
ACTACCAGCTCTCTGG-1_V13B23-285_A1,7
ACTACGCGTTAGAATT-1_V13B23-285_A1,1
ACTAGTTGCGATCGTC-1_V13B23-285_A1,6
ACTATCCAGGGCATGG-1_V13B23-285_A1,6
ACTATCGCCGGCTAAA-1_V13B23-285_A1,11
ACTATCTGCCCGCGTA-1_V13B23-285_A1,6
ACTATGTCCAGCTGCC-1_V13B23-285_A1,1
ACTATTCGTCCGTGGT-1_V13B23-285_A1,11
ACTATTTCCGGGCCCA-1_V13B23-285_A1,1
ACTCAACGAATGTATT-1_V13B23-285_A1,11
ACTCAAGTGCAAGGCT-1_V13B23-285_A1,6
ACTCAATAAAGGCACG-1_V13B23-285_A1,7
ACTCAGACCTGCTTCT-1_V13B23-285_A1,11
ACTCCAATATCATCAT-1_V13B23-285_A1,1
ACTCCCATTCCTAAAG-1_V13B23-285_A1,7
ACTCCCGAATTCGTTT-1_V13B23-285_A1,6
ACTCCCTAATGCTAAA-1_V13B23-285_A1,1
ACTCCCTAGAATAGTA-1_V13B23-285_A1,1
ACTCCGGCCGACCACT-1_V13B23-285_A1,6
ACTCGATGTATTTCAT-1_V13B23-285_A1,1
ACTCGCCGTTCGATAA-1_V13B23-285_A1,6
ACTCGCGATCTGACGC-1_V13B23-285_A1,4
ACTCGTAACCCGTCCT-1_V13B23-285_A1,7
ACTCGTCAGTAATCCC-1_V13B23-285_A1,7
ACTCTAAACCTGGGAT-1_V13B23-285_A1,7
ACTCTCTGACTTAGGT-1_V13B23-285_A1,1
ACTCTCTTATACACGA-1_V13B23-285_A1,8
ACTCTGACCTAATAGA-1_V13B23-285_A1,6
ACTCTTGTATAGTAAC-1_V13B23-285_A1,7
ACTGAAACGCCGTTAG-1_V13B23-285_A1,6
ACTGAATGGCGAAAGT-1_V13B23-285_A1,1
ACTGCCGTCGTAACTC-1_V13B23-285_A1,1
ACTGCGGACACACCGT-1_V13B23-285_A1,4
ACTGCTCGGAAGGATG-1_V13B23-285_A1,7
ACTGTACGATACACAT-1_V13B23-285_A1,9
ACTGTAGCACTTTGGA-1_V13B23-285_A1,7
ACTGTATACGCGAGCA-1_V13B23-285_A1,11
ACTGTCCAGGATTATA-1_V13B23-285_A1,7
ACTGTCTTCTTTAGAA-1_V13B23-285_A1,7
ACTGTGCTAGTAGATC-1_V13B23-285_A1,11
ACTGTTTAGTGTAGGC-1_V13B23-285_A1,2
ACTTACGCATCCACGC-1_V13B23-285_A1,6
ACTTAGTACGACAAGA-1_V13B23-285_A1,11
ACTTATACTTACCCGG-1_V13B23-285_A1,1
ACTTATCTGATCTATA-1_V13B23-285_A1,11
ACTTATTAGGATCGGT-1_V13B23-285_A1,7
ACTTATTTATGTGCCA-1_V13B23-285_A1,6
ACTTCAGGCTGATCCC-1_V13B23-285_A1,6
ACTTCCAGTGGAAGCT-1_V13B23-285_A1,1
ACTTCCATGCGGGACA-1_V13B23-285_A1,6
ACTTCGCCATACGCAC-1_V13B23-285_A1,1
ACTTGACTCCCTCTTT-1_V13B23-285_A1,1
ACTTGCCATATTGTAC-1_V13B23-285_A1,10
ACTTGGGACCCGGTGG-1_V13B23-285_A1,7
ACTTGTAGTCCCTTCA-1_V13B23-285_A1,7
ACTTGTGGATGGAACG-1_V13B23-285_A1,6
ACTTTACCCTCATGAA-1_V13B23-285_A1,6
ACTTTCCTATAGCTTC-1_V13B23-285_A1,7
ACTTTGACTGCATCCT-1_V13B23-285_A1,7
ACTTTGGTCGTGCTCC-1_V13B23-285_A1,7
ACTTTGTCGACGCACT-1_V13B23-285_A1,6
AGAAATTATGACTCGC-1_V13B23-285_A1,6
AGAACCCAGCGTGACA-1_V13B23-285_A1,4
AGAACCCTCAATTGGG-1_V13B23-285_A1,7
AGAACGTGGTACATTC-1_V13B23-285_A1,7
AGAAGAGCGCCGTTCC-1_V13B23-285_A1,1
AGAAGGTACACTTCAC-1_V13B23-285_A1,5
AGAAGGTTGCCGAATT-1_V13B23-285_A1,5
AGAAGGTTGTAGGTCG-1_V13B23-285_A1,6
AGAAGTGATTCGTGAT-1_V13B23-285_A1,7
AGAATAAATCTTCAGG-1_V13B23-285_A1,7
AGAATTATGGATTCGA-1_V13B23-285_A1,1
AGAATTGTTTGACATA-1_V13B23-285_A1,11
AGACAGCTCAGAATCC-1_V13B23-285_A1,7
AGACATAGATCCTTCC-1_V13B23-285_A1,1
AGACCAAACCACACCT-1_V13B23-285_A1,7
AGACCATGGGATACAA-1_V13B23-285_A1,1
AGACCCACCGCTGATC-1_V13B23-285_A1,5
AGACCCGCCCTCCTCG-1_V13B23-285_A1,7
AGACCGCTCCGCGGTT-1_V13B23-285_A1,6
AGACGAAGTGCCGGTC-1_V13B23-285_A1,6
AGACGACGATGCCGCT-1_V13B23-285_A1,1
AGACGCCCACTTCGCC-1_V13B23-285_A1,6
AGACTAGCCTTCCAGA-1_V13B23-285_A1,7
AGACTGTTACCGGGTC-1_V13B23-285_A1,1
AGAGAACCGTCTAGGA-1_V13B23-285_A1,5
AGAGAAGGAGTACAAT-1_V13B23-285_A1,1
AGAGATCTCTAAAGCG-1_V13B23-285_A1,7
AGAGCAGTTATGAGAC-1_V13B23-285_A1,7
AGAGCCGCCGAGATTT-1_V13B23-285_A1,6
AGAGCGGGCTAATCAT-1_V13B23-285_A1,1
AGAGCGTACAAGCTCG-1_V13B23-285_A1,7
AGAGCTACGAAAGCAT-1_V13B23-285_A1,11
AGAGGCTTCGGAAACC-1_V13B23-285_A1,6
AGAGGTATCTCGGTCC-1_V13B23-285_A1,10
AGAGTAAACTTCACTA-1_V13B23-285_A1,6
AGAGTATAGTGTTACG-1_V13B23-285_A1,6
AGATAACTTCAGGGCC-1_V13B23-285_A1,7
AGATACCAATAGAACC-1_V13B23-285_A1,6
AGATACCGGTGTTCAC-1_V13B23-285_A1,7
AGATACGACTTCATAT-1_V13B23-285_A1,11
AGATACTCAAGATCGA-1_V13B23-285_A1,1
AGATATAATACGACTA-1_V13B23-285_A1,6
AGATCGTGCATAAGAT-1_V13B23-285_A1,6
AGATCTCAGGTGTGAT-1_V13B23-285_A1,1
AGATGACTCGCCCACG-1_V13B23-285_A1,7
AGATGAGGGTTGCGAT-1_V13B23-285_A1,10
AGATGATGGAGTCTGG-1_V13B23-285_A1,6
AGATGCAAGACGTGCA-1_V13B23-285_A1,1
AGATGCATCCTGTGTC-1_V13B23-285_A1,7
AGATGCTATAACGAGC-1_V13B23-285_A1,2
AGATTATAGGACGTTT-1_V13B23-285_A1,7
AGATTCACAACCGATA-1_V13B23-285_A1,7
AGCAAAGGCCGCTAGT-1_V13B23-285_A1,6
AGCAACATATCTTATT-1_V13B23-285_A1,6
AGCAACCGAAAGTAAT-1_V13B23-285_A1,7
AGCACCAGTACTCACG-1_V13B23-285_A1,7
AGCACTACCGGCCTGT-1_V13B23-285_A1,7
AGCACTACCTCACCAG-1_V13B23-285_A1,6
AGCACTTAAGGACGCC-1_V13B23-285_A1,7
AGCAGAAGGAGAAAGA-1_V13B23-285_A1,1
AGCAGCCAGATGAATA-1_V13B23-285_A1,1
AGCATATCAATATGCT-1_V13B23-285_A1,6
AGCATCATTTCGAAAG-1_V13B23-285_A1,7
AGCATCGTCGATAATT-1_V13B23-285_A1,7
AGCATTACGAGGCAAG-1_V13B23-285_A1,6
AGCCAAGCTTTGTGTC-1_V13B23-285_A1,1
AGCCACAGGTTACCCG-1_V13B23-285_A1,6
AGCCACTCCCGTGCTT-1_V13B23-285_A1,1
AGCCATATAGTATGTG-1_V13B23-285_A1,1
AGCCCATACATGTAAG-1_V13B23-285_A1,7
AGCCCGCAACAAGCAG-1_V13B23-285_A1,1
AGCCCGCACTACAATG-1_V13B23-285_A1,6
AGCCCGGCATTAGAGG-1_V13B23-285_A1,1
AGCCCGGTAGCCTGTA-1_V13B23-285_A1,1
AGCCCTAAGCGAAGTT-1_V13B23-285_A1,11
AGCCCTGTCGCACCGT-1_V13B23-285_A1,6
AGCCCTTCTAATCCGA-1_V13B23-285_A1,8
AGCCCTTGGACATCCC-1_V13B23-285_A1,6
AGCCGCTTGATTAGCG-1_V13B23-285_A1,11
AGCCGTGGCTAAATGT-1_V13B23-285_A1,7
AGCCTAATACCCACGT-1_V13B23-285_A1,7
AGCCTTAAAGCGGAAG-1_V13B23-285_A1,7
AGCGACAGGAACGGTC-1_V13B23-285_A1,7
AGCGACATCCCATTCA-1_V13B23-285_A1,1
AGCGACCAACGATATT-1_V13B23-285_A1,7
AGCGATGCGCCTAATA-1_V13B23-285_A1,6
AGCGCATAATGAATCG-1_V13B23-285_A1,1
AGCGCGGGTGCCAATG-1_V13B23-285_A1,5
AGCGCTAGAGCGATGT-1_V13B23-285_A1,4
AGCGGACACTTCGTAG-1_V13B23-285_A1,1
AGCGGCGGTTAGCGGT-1_V13B23-285_A1,7
AGCGGGAAGGGTCCAT-1_V13B23-285_A1,11
AGCGGGTCTGACACTC-1_V13B23-285_A1,1
AGCGTACGAGAGCTAG-1_V13B23-285_A1,11
AGCGTAGCGCTAGACC-1_V13B23-285_A1,11
AGCGTCTGAACCCGCA-1_V13B23-285_A1,11
AGCGTGGTATTCTACT-1_V13B23-285_A1,7
AGCTAACAAGCAATGT-1_V13B23-285_A1,1
AGCTAAGTACGCAGGC-1_V13B23-285_A1,6
AGCTAGAAGCAGAAGT-1_V13B23-285_A1,6
AGCTATTTAATCCAAC-1_V13B23-285_A1,11
AGCTCCATATATGTTC-1_V13B23-285_A1,6
AGCTCCTTCGCACATC-1_V13B23-285_A1,6
AGCTCTAGACGTTCCA-1_V13B23-285_A1,7
AGCTCTTCCCAGTGCA-1_V13B23-285_A1,11
AGCTCTTCGTAACCTT-1_V13B23-285_A1,6
AGCTCTTTACTCAGTT-1_V13B23-285_A1,7
AGCTGAAGTAAACCAA-1_V13B23-285_A1,5
AGCTGTAACCTCAATC-1_V13B23-285_A1,1
AGCTTATAGAGACCTG-1_V13B23-285_A1,11
AGCTTCTTCTCGAGCA-1_V13B23-285_A1,6
AGCTTGATCTTAACTT-1_V13B23-285_A1,7
AGGAAAGCCTCTGATG-1_V13B23-285_A1,11
AGGAAGCTGTCCGCCG-1_V13B23-285_A1,1
AGGACAGTCGAATCCC-1_V13B23-285_A1,1
AGGACATCGCACGTCG-1_V13B23-285_A1,11
AGGACGACCCATTAGA-1_V13B23-285_A1,7
AGGACGCTCGATGTTG-1_V13B23-285_A1,4
AGGACTTATAGGAGAA-1_V13B23-285_A1,11
AGGAGACATCCACAGT-1_V13B23-285_A1,4
AGGAGGCCTTCGCGCG-1_V13B23-285_A1,6
AGGATAAAGTCGGGAT-1_V13B23-285_A1,7
AGGATATAGGGATTTA-1_V13B23-285_A1,6
AGGATCACGCGATCTG-1_V13B23-285_A1,7
AGGATTGCTTACGACA-1_V13B23-285_A1,6
AGGCAAAGAGGAATCA-1_V13B23-285_A1,11
AGGCACGTGACTGTCC-1_V13B23-285_A1,6
AGGCAGATGCGTAAAC-1_V13B23-285_A1,1
AGGCAGGGAGCGTACT-1_V13B23-285_A1,1
AGGCATTGTCGTAGGG-1_V13B23-285_A1,6
AGGCCACATTGGTTAC-1_V13B23-285_A1,4
AGGCCACCCGTTATGA-1_V13B23-285_A1,7
AGGCCCAGTGACTGGT-1_V13B23-285_A1,11
AGGCCCATTGTACAGG-1_V13B23-285_A1,11
AGGCCCTAGAACGCCA-1_V13B23-285_A1,7
AGGCGGTTTGTCCCGC-1_V13B23-285_A1,1
AGGCTATGGTTAGCTT-1_V13B23-285_A1,7
AGGCTTCCCGAAGAAG-1_V13B23-285_A1,7
AGGCTTGCTAGACACC-1_V13B23-285_A1,7
AGGGAAACGAGGTACT-1_V13B23-285_A1,10
AGGGACAGCACGGCGG-1_V13B23-285_A1,11
AGGGACCGGCTGCGTT-1_V13B23-285_A1,4
AGGGACTCTACGCGAC-1_V13B23-285_A1,7
AGGGAGACATACTTCG-1_V13B23-285_A1,6
AGGGCAGCGGCGTGGT-1_V13B23-285_A1,8
AGGGCGAGCAGCTGAT-1_V13B23-285_A1,7
AGGGCGTGATCGGCTA-1_V13B23-285_A1,1
AGGGCTGCAGTTACAG-1_V13B23-285_A1,7
AGGGTCGATGCGAACT-1_V13B23-285_A1,6
AGGGTGCCGTTCTTTA-1_V13B23-285_A1,1
AGGGTGCTCTCGAGGG-1_V13B23-285_A1,6
AGGGTGGATAGTGCAT-1_V13B23-285_A1,7
AGGGTTCCCTTTGGTT-1_V13B23-285_A1,1
AGGGTTTAGTTCGGGA-1_V13B23-285_A1,7
AGGTAACCTCCTATTC-1_V13B23-285_A1,11
AGGTACGATATTGCCA-1_V13B23-285_A1,2
AGGTAGATCGAGATAT-1_V13B23-285_A1,1
AGGTAGGTACAAAGCT-1_V13B23-285_A1,7
AGGTATAATTGATAGT-1_V13B23-285_A1,4
AGGTATGCGGACATTA-1_V13B23-285_A1,4
AGGTCAGGTGAGAGTG-1_V13B23-285_A1,7
AGGTCGCCACTTCGGT-1_V13B23-285_A1,11
AGGTCGCCTCCCAACA-1_V13B23-285_A1,6
AGGTCGCGGAGTTACT-1_V13B23-285_A1,6
AGGTGCACGTCCACAT-1_V13B23-285_A1,6
AGGTGGTGACCTTCGC-1_V13B23-285_A1,1
AGGTGTATCGCCATGA-1_V13B23-285_A1,7
AGGTTACACCATGCCG-1_V13B23-285_A1,6
AGGTTGAGGCACGCTT-1_V13B23-285_A1,7
AGGTTTCACACACCTT-1_V13B23-285_A1,7
AGTAACTATAGCAGCC-1_V13B23-285_A1,6
AGTAATGTCTTGCCGC-1_V13B23-285_A1,11
AGTACAGAAGCTTATA-1_V13B23-285_A1,6
AGTACATCATTTATCA-1_V13B23-285_A1,6
AGTACGGCCCGTATCG-1_V13B23-285_A1,7
AGTACGGGCACCTGGC-1_V13B23-285_A1,1
AGTACTCTTATGCCCA-1_V13B23-285_A1,6
AGTAGAAGGCGCCTCA-1_V13B23-285_A1,11
AGTAGGAAGGAAGTTG-1_V13B23-285_A1,2
AGTAGGTAACATACAT-1_V13B23-285_A1,11
AGTATAATACTAGGCA-1_V13B23-285_A1,7
AGTATACACAGCGACA-1_V13B23-285_A1,1
AGTATCCATAATAACG-1_V13B23-285_A1,11
AGTATGCTGGAGACCA-1_V13B23-285_A1,1
AGTATTTGGCACGACC-1_V13B23-285_A1,1
AGTCAACACCACCATC-1_V13B23-285_A1,7
AGTCAAGATGACACTT-1_V13B23-285_A1,6
AGTCACTAGCTCTCGA-1_V13B23-285_A1,6
AGTCACTCCGCCTCAT-1_V13B23-285_A1,11
AGTCAGCCACCGCCTG-1_V13B23-285_A1,11
AGTCCAGCGGGTACGT-1_V13B23-285_A1,11
AGTCCATTGGCTGATG-1_V13B23-285_A1,6
AGTCCCGCCTTTAATT-1_V13B23-285_A1,11
AGTCCCTCGCAGAAAG-1_V13B23-285_A1,4
AGTCGACGGTCTCAAG-1_V13B23-285_A1,1
AGTCGGCCCAAACGAC-1_V13B23-285_A1,7
AGTCGGCTCAACTTTA-1_V13B23-285_A1,7
AGTCGGTTGCGTGAGA-1_V13B23-285_A1,6
AGTCGTATAAAGCAGA-1_V13B23-285_A1,6
AGTCGTCGACCACCAA-1_V13B23-285_A1,6
AGTCGTGGGCATTACG-1_V13B23-285_A1,7
AGTCTAAAGTATACTC-1_V13B23-285_A1,6
AGTCTCACAAGACTAC-1_V13B23-285_A1,1
AGTCTGGACATCCTTG-1_V13B23-285_A1,3
AGTCTTCTCCTCAAAT-1_V13B23-285_A1,7
AGTCTTTAAAGTGTCC-1_V13B23-285_A1,6
AGTGAACAAACTTCTC-1_V13B23-285_A1,6
AGTGAAGATGGTGTCC-1_V13B23-285_A1,10
AGTGACCTACTTTACG-1_V13B23-285_A1,7
AGTGAGACTTCCAGTA-1_V13B23-285_A1,1
AGTGAGCCTCGCCGCC-1_V13B23-285_A1,6
AGTGAGTCGAATTAAC-1_V13B23-285_A1,6
AGTGATAACCTGCGCG-1_V13B23-285_A1,6
AGTGATATGAGTAGTT-1_V13B23-285_A1,5
AGTGATTCAAGCAGGA-1_V13B23-285_A1,1
AGTGCACGCTTAAGAA-1_V13B23-285_A1,6
AGTGCGTAGCTCGTAA-1_V13B23-285_A1,5
AGTGCTAAACACAGCA-1_V13B23-285_A1,6
AGTGCTTGCACGAATA-1_V13B23-285_A1,1
AGTGGCGGCAATTTGA-1_V13B23-285_A1,6
AGTGGCGTCTGAAGGT-1_V13B23-285_A1,6
AGTGGCTCCGTCGGCC-1_V13B23-285_A1,7
AGTGGTGTTACCCGTG-1_V13B23-285_A1,7
AGTGGTTGCGTATAGG-1_V13B23-285_A1,7
AGTGTATTGCGCATTG-1_V13B23-285_A1,4
AGTGTGCTAAGATCGC-1_V13B23-285_A1,11
AGTGTGGTCTATTGTG-1_V13B23-285_A1,11
AGTTAAACACTTGCGA-1_V13B23-285_A1,5
AGTTAAGCGGTCCCGG-1_V13B23-285_A1,11
AGTTAAGTCAACCGCT-1_V13B23-285_A1,7
AGTTACCCTTAAGACT-1_V13B23-285_A1,7
AGTTACCGCACATGGT-1_V13B23-285_A1,7
AGTTACTCTATCGTGG-1_V13B23-285_A1,1
AGTTCACCGGTTGGAC-1_V13B23-285_A1,7
AGTTCCTACAGAATTA-1_V13B23-285_A1,7
AGTTCCTATTTATGTT-1_V13B23-285_A1,7
AGTTCTGCGTTGTATC-1_V13B23-285_A1,11
AGTTGACATCGGCTGG-1_V13B23-285_A1,11
AGTTGACGGTCCTTGC-1_V13B23-285_A1,1
AGTTGCTGACTGATAT-1_V13B23-285_A1,11
AGTTGGCAAGGCTAGA-1_V13B23-285_A1,6
AGTTTATGTAAAGACA-1_V13B23-285_A1,4
AGTTTCGCAGGTCGGA-1_V13B23-285_A1,4
AGTTTGCACCTGCCTC-1_V13B23-285_A1,6
AGTTTGGCACGGGTTG-1_V13B23-285_A1,6
AGTTTGGCCAGACCTA-1_V13B23-285_A1,7
ATAAACCATTGGACGG-1_V13B23-285_A1,11
ATAAACGGACCCGTAA-1_V13B23-285_A1,7
ATAAACGTTGCACCAC-1_V13B23-285_A1,6
ATAAAGGCTCGGTCGT-1_V13B23-285_A1,9
ATAAATATTAGCAGCT-1_V13B23-285_A1,7
ATAACGCCGGAGGGTC-1_V13B23-285_A1,1
ATAACGGAGTCCAACG-1_V13B23-285_A1,7
ATAAGGTGGAGAACAT-1_V13B23-285_A1,1
ATAAGTAGGATTCAGA-1_V13B23-285_A1,6
ATAAGTAGGGCGACTC-1_V13B23-285_A1,4
ATAAGTTACCGCGACG-1_V13B23-285_A1,7
ATAATACCGTTAGCCG-1_V13B23-285_A1,11
ATAATAGCTGTTGAAT-1_V13B23-285_A1,7
ATAATAGTGTAGGGAC-1_V13B23-285_A1,11
ATAATCTTGGAGAACC-1_V13B23-285_A1,6
ATAATTAGCTAAGTAG-1_V13B23-285_A1,1
ATACAGGCCCTCCAAT-1_V13B23-285_A1,1
ATACCACGGGCAACTT-1_V13B23-285_A1,7
ATACCAGCAAATTGCT-1_V13B23-285_A1,2
ATACCAGGCTAATAGA-1_V13B23-285_A1,11
ATACCTAACCAAGAAA-1_V13B23-285_A1,1
ATACGAAGGCTTTCCA-1_V13B23-285_A1,4
ATACGCCGATCTACCG-1_V13B23-285_A1,11
ATACGCCGGCGAAACC-1_V13B23-285_A1,1
ATACGGAACGTCGTTT-1_V13B23-285_A1,7
ATACGGGTTTCGATTG-1_V13B23-285_A1,5
ATACGGTGAAGATGCA-1_V13B23-285_A1,7
ATACGTACTTAGCCAC-1_V13B23-285_A1,6
ATACGTCCACTCCTGT-1_V13B23-285_A1,6
ATACGTTATGCACGGA-1_V13B23-285_A1,1
ATACTACCCGTACCAC-1_V13B23-285_A1,6
ATACTAGCATGACCCT-1_V13B23-285_A1,7
ATACTCTCGCCACTCT-1_V13B23-285_A1,11
ATACTGCCTTACACCG-1_V13B23-285_A1,6
ATACTTGTTCTCGAGC-1_V13B23-285_A1,7
ATAGACAACGGGACCT-1_V13B23-285_A1,1
ATAGACGAAGAGAAAG-1_V13B23-285_A1,7
ATAGAGTACTGGGACA-1_V13B23-285_A1,7
ATAGAGTTATCAACTT-1_V13B23-285_A1,1
ATAGCAACTAGGGAAG-1_V13B23-285_A1,6
ATAGCCATAACAGTCA-1_V13B23-285_A1,1
ATAGCCTCAGTACCCA-1_V13B23-285_A1,11
ATAGCTGCTCTTGTTA-1_V13B23-285_A1,11
ATAGGCGGCTATAGAA-1_V13B23-285_A1,7
ATAGGCTAGCTTCGCA-1_V13B23-285_A1,3
ATAGGGATATCCTTGA-1_V13B23-285_A1,7
ATAGGTTGGGCAGATG-1_V13B23-285_A1,7
ATAGTCTTTGACGTGC-1_V13B23-285_A1,8
ATAGTGAAGCGTTCTC-1_V13B23-285_A1,7
ATAGTTCCACCCACTC-1_V13B23-285_A1,6
ATATAAAGCGCTCGTG-1_V13B23-285_A1,6
ATATAAATGTAGCTGC-1_V13B23-285_A1,6
ATATAACACGGGCGCA-1_V13B23-285_A1,6
ATATACATGTATGGTA-1_V13B23-285_A1,7
ATATACGCTCGTGACG-1_V13B23-285_A1,6
ATATAGAGTATTGGTC-1_V13B23-285_A1,7
ATATCAACCTACAGAG-1_V13B23-285_A1,6
ATATCAATTCCAGCCT-1_V13B23-285_A1,1
ATATCGGTAGGGAGAT-1_V13B23-285_A1,4
ATATCGTTCCTCGAAC-1_V13B23-285_A1,6
ATATCTCCCTCGTTAA-1_V13B23-285_A1,11
ATATCTTAGGGCCTTC-1_V13B23-285_A1,7
ATATGTCTCCCTAGCC-1_V13B23-285_A1,6
ATATTCAGTTAAACCT-1_V13B23-285_A1,5
ATATTCCACATAGTGA-1_V13B23-285_A1,6
ATATTCCCACAGGTCA-1_V13B23-285_A1,11
ATATTGCTGTCAAAGT-1_V13B23-285_A1,11
ATATTGGAGAGGCCTT-1_V13B23-285_A1,6
ATATTTAACCCTCAAG-1_V13B23-285_A1,7
ATCAAACACTGTTCCA-1_V13B23-285_A1,6
ATCAAACGAAGGTTTG-1_V13B23-285_A1,7
ATCAATCTGGGCTGCA-1_V13B23-285_A1,7
ATCAATGCCGTGGCTG-1_V13B23-285_A1,7
ATCACATTAGAATATC-1_V13B23-285_A1,5
ATCACGTGCTAATTAA-1_V13B23-285_A1,7
ATCACTTCATCCTCGC-1_V13B23-285_A1,7
ATCAGACGGCACGCCG-1_V13B23-285_A1,7
ATCAGCCTCATGCTGC-1_V13B23-285_A1,6
ATCAGCTCGTCCACTA-1_V13B23-285_A1,7
ATCAGTAGGCAGGGAT-1_V13B23-285_A1,5
ATCATAGCCCTATGTA-1_V13B23-285_A1,6
ATCATCCAATATTTGT-1_V13B23-285_A1,7
ATCATGGACTACCGAC-1_V13B23-285_A1,4
ATCCAACGCAGTCATA-1_V13B23-285_A1,7
ATCCAATGGAGGGTCC-1_V13B23-285_A1,7
ATCCAATGGTACCGAA-1_V13B23-285_A1,7
ATCCACATCGACAGAA-1_V13B23-285_A1,6
ATCCAGAGCAACAACC-1_V13B23-285_A1,7
ATCCAGGATTCGTGAA-1_V13B23-285_A1,7
ATCCCATCCACAGCGC-1_V13B23-285_A1,7
ATCCTACCTAAGCTCT-1_V13B23-285_A1,7
ATCCTGAATCGCTGCG-1_V13B23-285_A1,7
ATCCTGCGTGGAATGG-1_V13B23-285_A1,5
ATCCTGCTGCAGATAG-1_V13B23-285_A1,11
ATCGACCCAATACAGA-1_V13B23-285_A1,7
ATCGACTCTTTCCGTT-1_V13B23-285_A1,7
ATCGCACGATTGTTCA-1_V13B23-285_A1,11
ATCGCACGCCGGGAGA-1_V13B23-285_A1,7
ATCGCCAGTCAACATT-1_V13B23-285_A1,6
ATCGCTGCGTGCAGCA-1_V13B23-285_A1,4
ATCGCTTTACGTCTCA-1_V13B23-285_A1,4
ATCGGAGACAGACGGC-1_V13B23-285_A1,6
ATCGGCAAGCAGTCCA-1_V13B23-285_A1,11
ATCGGTTACCTAGTAA-1_V13B23-285_A1,7
ATCGTATTCCGAGAAC-1_V13B23-285_A1,7
ATCGTCCAATCGAGTC-1_V13B23-285_A1,11
ATCGTGGAAAGTCTGG-1_V13B23-285_A1,1
ATCGTTAGCTAGCGGA-1_V13B23-285_A1,6
ATCTAACGTCCCTATG-1_V13B23-285_A1,2
ATCTAATATCCTACGG-1_V13B23-285_A1,1
ATCTACCATCTGCTCC-1_V13B23-285_A1,6
ATCTAGCTTGTGAGGG-1_V13B23-285_A1,1
ATCTCCCACGGAATAT-1_V13B23-285_A1,6
ATCTCCCTGCAATCTA-1_V13B23-285_A1,1
ATCTCGTGAGCGAAAC-1_V13B23-285_A1,6
ATCTGACATGGAAGGA-1_V13B23-285_A1,1
ATCTGATAGTGTCTTA-1_V13B23-285_A1,11
ATCTGCACCTCTGCGA-1_V13B23-285_A1,6
ATCTGCTGTTATCGCC-1_V13B23-285_A1,1
ATCTGGGCTGTTCTTG-1_V13B23-285_A1,1
ATCTGGTTAAGACTGT-1_V13B23-285_A1,1
ATCTGTAATTGTACCC-1_V13B23-285_A1,11
ATCTTATCGCACACCC-1_V13B23-285_A1,6
ATCTTGACCTGCAACG-1_V13B23-285_A1,7
ATCTTGACTTGTCCAA-1_V13B23-285_A1,6
ATCTTTCGTATAACCA-1_V13B23-285_A1,4
ATGAAGCCAAGGAGCC-1_V13B23-285_A1,7
ATGAAGTGGACCCAGC-1_V13B23-285_A1,7
ATGACGCCGGCTCTAA-1_V13B23-285_A1,11
ATGACGCGTTCTATCC-1_V13B23-285_A1,1
ATGACTATCAGCTGTG-1_V13B23-285_A1,1
ATGACTATGCGACATT-1_V13B23-285_A1,6
ATGAGGAGTGTTAATC-1_V13B23-285_A1,7
ATGAGGGCAGCGGCTA-1_V13B23-285_A1,6
ATGATCGGGAATAGAC-1_V13B23-285_A1,11
ATGATGCAATGGTACA-1_V13B23-285_A1,7
ATGCACCTTCCTTAAT-1_V13B23-285_A1,7
ATGCACGCGCTGTTCA-1_V13B23-285_A1,1
ATGCACTACCGCATTG-1_V13B23-285_A1,7
ATGCATGATCCAGGAT-1_V13B23-285_A1,7
ATGCATTCCGTGATGG-1_V13B23-285_A1,9
ATGCCATTTGCGACCA-1_V13B23-285_A1,1
ATGCCGGTCTTGCATA-1_V13B23-285_A1,1
ATGCCGGTTGATGGGA-1_V13B23-285_A1,11
ATGCGACAGTCCCATT-1_V13B23-285_A1,7
ATGCGAGTCCCACCAC-1_V13B23-285_A1,6
ATGCTCAGTGTTGCAT-1_V13B23-285_A1,11
ATGCTCTGGCGCGGTA-1_V13B23-285_A1,6
ATGCTTAGGAGTTGAT-1_V13B23-285_A1,6
ATGGAAATTTAAGGAG-1_V13B23-285_A1,7
ATGGAACCTTTGCACA-1_V13B23-285_A1,4
ATGGAGCAGGCCGTGA-1_V13B23-285_A1,7
ATGGATCCGGCGTCCG-1_V13B23-285_A1,5
ATGGATTGACCAAACG-1_V13B23-285_A1,7
ATGGCAGCCGAGAAAC-1_V13B23-285_A1,7
ATGGCGGAATAGTCGC-1_V13B23-285_A1,4
ATGGGACCTGCTGAAC-1_V13B23-285_A1,1
ATGGGCCTCGGCCTCT-1_V13B23-285_A1,6
ATGGGTGTATACCTCC-1_V13B23-285_A1,1
ATGGTCGCGTGGTTTC-1_V13B23-285_A1,1
ATGTAAGGCTGCTCTT-1_V13B23-285_A1,4
ATGTACATGCGGTGAG-1_V13B23-285_A1,6
ATGTACGATGACGTCG-1_V13B23-285_A1,1
ATGTAGCGCGCGTAGG-1_V13B23-285_A1,6
ATGTCATTTCCCATTG-1_V13B23-285_A1,7
ATGTGAAAGCCTAATG-1_V13B23-285_A1,7
ATGTGCATCCGACGCA-1_V13B23-285_A1,7
ATGTGGACATCTTGAT-1_V13B23-285_A1,3
ATGTGTAGTTTAGTCA-1_V13B23-285_A1,10
ATGTTACGAGCAATAC-1_V13B23-285_A1,11
ATGTTCCTGCCCACCT-1_V13B23-285_A1,4
ATGTTCGTCGACCCAC-1_V13B23-285_A1,7
ATGTTGATTAGAGACT-1_V13B23-285_A1,6
ATGTTGTAGTCTGTTT-1_V13B23-285_A1,1
ATGTTTCGGCCCGGAG-1_V13B23-285_A1,4
ATTAAACATGCGGACC-1_V13B23-285_A1,7
ATTAACACCTGAGATA-1_V13B23-285_A1,7
ATTAATACTACGCGGG-1_V13B23-285_A1,7
ATTAATGAACCAGTCG-1_V13B23-285_A1,7
ATTAATTCGGTCACTC-1_V13B23-285_A1,11
ATTACAACTACCGGCC-1_V13B23-285_A1,8
ATTACATGTCAGTCTT-1_V13B23-285_A1,6
ATTACCACACTGCCTG-1_V13B23-285_A1,6
ATTACGCGCTGGCAGG-1_V13B23-285_A1,7
ATTACTAGCCTCTTGC-1_V13B23-285_A1,1
ATTACTTACTGGGCAT-1_V13B23-285_A1,6
ATTAGATTCCTCAGCA-1_V13B23-285_A1,6
ATTAGATTGATAGCGG-1_V13B23-285_A1,7
ATTAGGCGATGCTTTC-1_V13B23-285_A1,7
ATTATACTTTGCTCGT-1_V13B23-285_A1,11
ATTATAGCTACTTTAC-1_V13B23-285_A1,4
ATTATCGGAATGTACG-1_V13B23-285_A1,1
ATTATCTCGACAGATC-1_V13B23-285_A1,10
ATTATGCCATAGGGAG-1_V13B23-285_A1,7
ATTATTATGTCCGTCA-1_V13B23-285_A1,1
ATTATTCAGAGTCACT-1_V13B23-285_A1,6
ATTCAAAGTACCTGTT-1_V13B23-285_A1,2
ATTCAACCATTTAAGG-1_V13B23-285_A1,6
ATTCACTGATGTTGGA-1_V13B23-285_A1,1
ATTCAGGACCTATTTC-1_V13B23-285_A1,6
ATTCAGTAGCAGGGTC-1_V13B23-285_A1,7
ATTCATATACTGTCCA-1_V13B23-285_A1,7
ATTCATCGTTGAGGCA-1_V13B23-285_A1,6
ATTCCCACATAAACAA-1_V13B23-285_A1,7
ATTCCTCCGCCAGTGC-1_V13B23-285_A1,1
ATTCCTTCCAGGCGGT-1_V13B23-285_A1,11
ATTCGACGCCGGGCCT-1_V13B23-285_A1,7
ATTCGCGCCTTGAGAG-1_V13B23-285_A1,6
ATTCGTGCTATCTCTT-1_V13B23-285_A1,6
ATTCTCGTCTCTTTAG-1_V13B23-285_A1,11
ATTCTTCGTACTTATG-1_V13B23-285_A1,8
ATTGAAGATCTTAGTG-1_V13B23-285_A1,7
ATTGACCGGCGATGAC-1_V13B23-285_A1,8
ATTGACGTAACTCGGT-1_V13B23-285_A1,8
ATTGATAGCAACGAGA-1_V13B23-285_A1,11
ATTGATCACCACATTT-1_V13B23-285_A1,7
ATTGATGAGTCCTAAC-1_V13B23-285_A1,6
ATTGCCTTTATGTTTG-1_V13B23-285_A1,6
ATTGCGATCAGTAACT-1_V13B23-285_A1,6
ATTGCTGCTCCTCCAT-1_V13B23-285_A1,4
ATTGGATTACAGCGTA-1_V13B23-285_A1,6
ATTGGGAATATCTTGG-1_V13B23-285_A1,11
ATTGGTAGGATCCGCT-1_V13B23-285_A1,7
ATTGGTTGTGCATTAC-1_V13B23-285_A1,6
ATTGTACAACTCGGCT-1_V13B23-285_A1,6
ATTGTCGCAATACCTT-1_V13B23-285_A1,11
ATTGTTCAACGATCCG-1_V13B23-285_A1,6
ATTTAACTCGTATTAC-1_V13B23-285_A1,11
ATTTACAGTTTACTGG-1_V13B23-285_A1,7
ATTTACTAAGTCCATT-1_V13B23-285_A1,6
ATTTCATTATTTCGCG-1_V13B23-285_A1,11
ATTTCCGGGTTCTGCG-1_V13B23-285_A1,1
ATTTGCGCGAGTAGCT-1_V13B23-285_A1,1
ATTTGGAGATTGCGGT-1_V13B23-285_A1,1
ATTTGTCTTGGGAGCT-1_V13B23-285_A1,1
ATTTGTTCCAGGGCTC-1_V13B23-285_A1,1
CAAACCCTCCGGCGGG-1_V13B23-285_A1,6
CAAACGAGTATCGCAG-1_V13B23-285_A1,7
CAAACGGTCGCACTTT-1_V13B23-285_A1,7
CAAACTACGATAGAGA-1_V13B23-285_A1,10
CAAACTCGCGACGCCG-1_V13B23-285_A1,6
CAAAGATTATTGGGCC-1_V13B23-285_A1,1
CAAAGGTCATCTGAAA-1_V13B23-285_A1,4
CAAAGTCAGGTTAGCT-1_V13B23-285_A1,11
CAAATCTCTCACAAGG-1_V13B23-285_A1,7
CAAATGTCCTTCCGTG-1_V13B23-285_A1,7
CAAATTGGATTATGCC-1_V13B23-285_A1,4
CAAATTGTCAGCAAGC-1_V13B23-285_A1,11
CAACACATCTCCTGCC-1_V13B23-285_A1,4
CAACATGGCCTGATAA-1_V13B23-285_A1,11
CAACCAGTGGCCTACC-1_V13B23-285_A1,6
CAACCGCACCTAGACA-1_V13B23-285_A1,2
CAACCTACCGAGCAGT-1_V13B23-285_A1,6
CAACCTGAACCTGCCA-1_V13B23-285_A1,4
CAACGACCCGTTTACA-1_V13B23-285_A1,7
CAACGGTTCTTGATAC-1_V13B23-285_A1,1
CAACGTGGTGGAGTCT-1_V13B23-285_A1,6
CAACTATATCGAATGC-1_V13B23-285_A1,11
CAACTCCTTGATCCCG-1_V13B23-285_A1,1
CAACTGCTCATCCGAT-1_V13B23-285_A1,1
CAACTTGTAGTGGGCA-1_V13B23-285_A1,11
CAAGAGGGCGGAGTAC-1_V13B23-285_A1,1
CAAGATATTATAACGT-1_V13B23-285_A1,3
CAAGCAACGTCGGAGT-1_V13B23-285_A1,7
CAAGCACCAAATGCCT-1_V13B23-285_A1,1
CAAGCGGCACATAATT-1_V13B23-285_A1,6
CAAGGATCGCATGTTC-1_V13B23-285_A1,7
CAAGGCCAGTGGTGCA-1_V13B23-285_A1,6
CAAGGTCCTATAGGCT-1_V13B23-285_A1,4
CAAGTGAACTTTGGTT-1_V13B23-285_A1,10
CAAGTGTGGTTGCAAA-1_V13B23-285_A1,1
CAATAAACCTTGGCCC-1_V13B23-285_A1,7
CAATACGAGAGTCTGA-1_V13B23-285_A1,6
CAATACGCTCTGAGGC-1_V13B23-285_A1,7
CAATATTCTTGACCTA-1_V13B23-285_A1,7
CAATATTGGACTAGTG-1_V13B23-285_A1,11
CAATCCCTATACCAGC-1_V13B23-285_A1,8
CAATCCTGCCGTGGAG-1_V13B23-285_A1,11
CAATGAGGTTCGACTA-1_V13B23-285_A1,6
CAATGCGAGAAGTATC-1_V13B23-285_A1,6
CAATGGATCTCTACCA-1_V13B23-285_A1,1
CAATGGTCGGCCTGGG-1_V13B23-285_A1,10
CAATGTGCCAACCCTT-1_V13B23-285_A1,4
CAATTAAGGGTGATGA-1_V13B23-285_A1,9
CAATTGGGCCGCACTC-1_V13B23-285_A1,1
CAATTTCGTATAAGGG-1_V13B23-285_A1,7
CAATTTGACCGGGAAG-1_V13B23-285_A1,11
CACAAACCGCAGAACT-1_V13B23-285_A1,6
CACAATGAGCTGCTAT-1_V13B23-285_A1,7
CACACACGCTAACGAG-1_V13B23-285_A1,6
CACACAGCTTGCGCTC-1_V13B23-285_A1,6
CACACAGGGATAGATT-1_V13B23-285_A1,7
CACACGCGCTGTCTTA-1_V13B23-285_A1,6
CACAGAGACGAGGACG-1_V13B23-285_A1,1
CACAGCACCCACGGCA-1_V13B23-285_A1,7
CACAGCTAGGGAGTGA-1_V13B23-285_A1,9
CACAGGGCCATATAGT-1_V13B23-285_A1,6
CACAGGGCCGTTGTCA-1_V13B23-285_A1,1
CACAGTCCCGCTTCGC-1_V13B23-285_A1,6
CACAGTTCGCTTCCCA-1_V13B23-285_A1,6
CACATAAGGCGACCGT-1_V13B23-285_A1,11
CACATATTAGCAGGAT-1_V13B23-285_A1,1
CACATCGTGCACGCGC-1_V13B23-285_A1,1
CACATCTCACCGACGA-1_V13B23-285_A1,6
CACATGATTCAGCAAC-1_V13B23-285_A1,7
CACATGTTTGGACATG-1_V13B23-285_A1,11
CACATTCTTTCGATGG-1_V13B23-285_A1,11
CACATTTCTTGTCAGA-1_V13B23-285_A1,6
CACCAATCATCCGTCT-1_V13B23-285_A1,1
CACCACGCCACACAGA-1_V13B23-285_A1,7
CACCAGTCAGCATGCA-1_V13B23-285_A1,1
CACCATCGGAGGAGAC-1_V13B23-285_A1,11
CACCCAAATCTTATGT-1_V13B23-285_A1,1
CACCCACACGTCACCC-1_V13B23-285_A1,11
CACCCACGAGGCAATT-1_V13B23-285_A1,1
CACCCGGTTTGTGACT-1_V13B23-285_A1,7
CACCCTAACAAGATCT-1_V13B23-285_A1,6
CACCCTTGGTGAGACC-1_V13B23-285_A1,7
CACCCTTTCCTCGCTC-1_V13B23-285_A1,11
CACCGATACACCGAGC-1_V13B23-285_A1,8
CACCGCCAGAAGGTTT-1_V13B23-285_A1,7
CACCGCCGACCAGCGA-1_V13B23-285_A1,11
CACCGTATCCCATCCG-1_V13B23-285_A1,6
CACCGTTAGGGATCAC-1_V13B23-285_A1,7
CACCGTTGCGCGATAT-1_V13B23-285_A1,7
CACCTAATAGAGTCGT-1_V13B23-285_A1,11
CACCTAATCAGTTTAC-1_V13B23-285_A1,1
CACCTCGATGGTGGAC-1_V13B23-285_A1,1
CACCTTGCGAAACTCG-1_V13B23-285_A1,1
CACCTTGGCGCCTTTG-1_V13B23-285_A1,6
CACGAAAGTTAGTCCC-1_V13B23-285_A1,7
CACGACTAAAGTTCTG-1_V13B23-285_A1,10
CACGATTGGTCGTTAA-1_V13B23-285_A1,2
CACGCACAGCGCAGCT-1_V13B23-285_A1,7
CACGCAGCGAGGCTTT-1_V13B23-285_A1,7
CACGCGGAACTGTTGC-1_V13B23-285_A1,6
CACGGACGTGGATGGC-1_V13B23-285_A1,10
CACGGGATTGAGGGTT-1_V13B23-285_A1,7
CACGTCAATCAATGGA-1_V13B23-285_A1,6
CACGTCGGCAACCTCT-1_V13B23-285_A1,7
CACGTCGGGTTCTAGA-1_V13B23-285_A1,11
CACGTTCGTGCTCTAG-1_V13B23-285_A1,1
CACGTTTCGTACACAC-1_V13B23-285_A1,6
CACTAAAGTTGCCTAT-1_V13B23-285_A1,7
CACTACGGGAGCTGCC-1_V13B23-285_A1,6
CACTCAAGAGCTATGG-1_V13B23-285_A1,7
CACTCAGCTCTTGAGG-1_V13B23-285_A1,2
CACTCCTATGTAAGAT-1_V13B23-285_A1,1
CACTCCTCTCGGTCGG-1_V13B23-285_A1,10
CACTCGAGCTGAACAA-1_V13B23-285_A1,1
CACTCGGTTAGGAGGA-1_V13B23-285_A1,7
CACTCTTCTGCTAGCC-1_V13B23-285_A1,6
CACTGACGATTGTGGA-1_V13B23-285_A1,1
CACTGTCCAAGTGAGA-1_V13B23-285_A1,1
CACTTAATCAGACGGA-1_V13B23-285_A1,7
CACTTCGCCACAGGCT-1_V13B23-285_A1,11
CACTTCGTCTTATCTC-1_V13B23-285_A1,11
CAGAACTTAGCCCTCT-1_V13B23-285_A1,6
CAGAATAACACACGGA-1_V13B23-285_A1,6
CAGACACCGATCGCTG-1_V13B23-285_A1,7
CAGACCTGTAAGTGTT-1_V13B23-285_A1,6
CAGACGAACCTGATAC-1_V13B23-285_A1,7
CAGAGACGGTCACCCA-1_V13B23-285_A1,7
CAGAGCATGAGCTTGC-1_V13B23-285_A1,7
CAGAGGCGATGCATGA-1_V13B23-285_A1,7
CAGAGTGATTTAACGT-1_V13B23-285_A1,11
CAGATAATGGGCGGGT-1_V13B23-285_A1,6
CAGATACTAACATAGT-1_V13B23-285_A1,7
CAGATCATTTAAAGTC-1_V13B23-285_A1,4
CAGATCCTGGTTTGAA-1_V13B23-285_A1,7
CAGATGTTTGTCCCAA-1_V13B23-285_A1,1
CAGCAGCCCGTTCCTT-1_V13B23-285_A1,1
CAGCAGTCCAGACTAT-1_V13B23-285_A1,6
CAGCAGTCTGTGCTGC-1_V13B23-285_A1,6
CAGCCGGGCCCTCTAT-1_V13B23-285_A1,8
CAGCCTCCTGCAGAGG-1_V13B23-285_A1,7
CAGCCTCTCCTCAAGA-1_V13B23-285_A1,4
CAGCGATTCCCTTCAA-1_V13B23-285_A1,7
CAGCGCCAACACGATA-1_V13B23-285_A1,7
CAGCTCACTGAGACAT-1_V13B23-285_A1,7
CAGCTCGACAAGTTAA-1_V13B23-285_A1,1
CAGCTCGTGCTTGTGT-1_V13B23-285_A1,11
CAGCTGGCGTAACCGT-1_V13B23-285_A1,7
CAGCTTAGTAGGTAGC-1_V13B23-285_A1,7
CAGGAAGACTTTATAT-1_V13B23-285_A1,10
CAGGATATATCGTTGT-1_V13B23-285_A1,7
CAGGATCCGCCCGACC-1_V13B23-285_A1,11
CAGGCAGTCTTACCAG-1_V13B23-285_A1,6
CAGGCCGTTTGGGTGT-1_V13B23-285_A1,7
CAGGCGCACGGTGGTC-1_V13B23-285_A1,1
CAGGCGCCATGCTAGG-1_V13B23-285_A1,1
CAGTAACTATTTATTG-1_V13B23-285_A1,10
CAGTAATCCCTCCCAG-1_V13B23-285_A1,11
CAGTACATTCTCTAAA-1_V13B23-285_A1,10
CAGTACCAGTTTACGT-1_V13B23-285_A1,7
CAGTAGATGATGTCCG-1_V13B23-285_A1,7
CAGTAGCCCACGCGGT-1_V13B23-285_A1,5
CAGTAGCGAGGTAGTA-1_V13B23-285_A1,11
CAGTCGAGGATGCAAT-1_V13B23-285_A1,6
CAGTCGGCCTAGATAT-1_V13B23-285_A1,7
CAGTCTCTCGGCTAAT-1_V13B23-285_A1,11
CAGTCTGTATACTGGG-1_V13B23-285_A1,7
CAGTGAATAAATGACT-1_V13B23-285_A1,1
CAGTGGTTGCACATGA-1_V13B23-285_A1,11
CAGTGTCCGCAGAATG-1_V13B23-285_A1,11
CAGTGTCGGCTGGCCC-1_V13B23-285_A1,6
CAGTTCAAATTGACAC-1_V13B23-285_A1,7
CAGTTCCGCGGGTCGA-1_V13B23-285_A1,7
CATAACGGACAGTCGT-1_V13B23-285_A1,6
CATAAGAAGCTTGGCT-1_V13B23-285_A1,6
CATAAGCTCTCCGTCT-1_V13B23-285_A1,7
CATAATGAGCGGGCGA-1_V13B23-285_A1,9
CATACAAAGCCGAACC-1_V13B23-285_A1,11
CATACACAAAGTCAGC-1_V13B23-285_A1,1
CATACACGGTTCCCAC-1_V13B23-285_A1,1
CATACCCGTACCCAGT-1_V13B23-285_A1,7
CATACGGCGTCTGGGC-1_V13B23-285_A1,7
CATACGGGTGCATGAT-1_V13B23-285_A1,11
CATACTATGTAATTGT-1_V13B23-285_A1,7
CATACTTAGGCAATAC-1_V13B23-285_A1,4
CATACTTCTTTCTCCG-1_V13B23-285_A1,1
CATAGAGGAGATACTA-1_V13B23-285_A1,6
CATAGCCGCCCGGGAT-1_V13B23-285_A1,7
CATAGCGTTGCCCACC-1_V13B23-285_A1,7
CATAGTACATTGAGAG-1_V13B23-285_A1,11
CATAGTAGCATAGTAG-1_V13B23-285_A1,1
CATAGTCAAATACATA-1_V13B23-285_A1,6
CATAGTCCACAAGAAC-1_V13B23-285_A1,7
CATATACTACTGATAA-1_V13B23-285_A1,10
CATATAGGTACAGTCA-1_V13B23-285_A1,5
CATATGTCAGGCTACG-1_V13B23-285_A1,7
CATATTATTTGCCCTA-1_V13B23-285_A1,8
CATCAACACCTACTAA-1_V13B23-285_A1,11
CATCATTACCCTGAGG-1_V13B23-285_A1,6
CATCCCGAGATTCATA-1_V13B23-285_A1,6
CATCCGCAGGCCCGAA-1_V13B23-285_A1,11
CATCCTCTCAAAGATC-1_V13B23-285_A1,6
CATCGAATGGATCTCT-1_V13B23-285_A1,12
CATCGCCCGCGGCCAA-1_V13B23-285_A1,11
CATCGGACGGGTTAAT-1_V13B23-285_A1,7
CATCGTCCGGTTACTA-1_V13B23-285_A1,7
CATCTAGTGAAGGGAA-1_V13B23-285_A1,6
CATCTATCCCGTGTCT-1_V13B23-285_A1,3
CATCTGCAGGATCATT-1_V13B23-285_A1,7
CATCTTACACCACCTC-1_V13B23-285_A1,6
CATGAACCGACATTTG-1_V13B23-285_A1,11
CATGAACCTCTTATCA-1_V13B23-285_A1,8
CATGACTTCGCTGAAT-1_V13B23-285_A1,6
CATGAGATGCACTCTC-1_V13B23-285_A1,6
CATGATCGCTTTGAGA-1_V13B23-285_A1,6
CATGATGCACAATTCT-1_V13B23-285_A1,7
CATGATGGAAGTTAGC-1_V13B23-285_A1,6
CATGCATGGAGACCCT-1_V13B23-285_A1,8
CATGCCAACTCGCAAA-1_V13B23-285_A1,7
CATGCGACCAGTTTAA-1_V13B23-285_A1,6
CATGCGTTAGACAGAA-1_V13B23-285_A1,11
CATGCTGGCTCCAATT-1_V13B23-285_A1,11
CATGGATTGTCTTCCG-1_V13B23-285_A1,6
CATGGCAGGAAGATCG-1_V13B23-285_A1,7
CATGGCTCCCTATGTC-1_V13B23-285_A1,7
CATGGGTATGCCTTAT-1_V13B23-285_A1,6
CATGGGTCGGGTGTGG-1_V13B23-285_A1,5
CATGGTAAGTAGCGTT-1_V13B23-285_A1,1
CATGGTATTAGTTTGT-1_V13B23-285_A1,6
CATGGTCTAGATACCG-1_V13B23-285_A1,7
CATGGTTTATTAATCA-1_V13B23-285_A1,6
CATGTAAGAGACATTT-1_V13B23-285_A1,6
CATGTCTCATTTATGG-1_V13B23-285_A1,6
CATTACATAGATTGTG-1_V13B23-285_A1,4
CATTACGCAGGAAGGG-1_V13B23-285_A1,6
CATTACGTCGGCCCGT-1_V13B23-285_A1,1
CATTATGCTTGTTGTG-1_V13B23-285_A1,7
CATTCACTGACAGCTA-1_V13B23-285_A1,8
CATTCAGGTCAGTGCG-1_V13B23-285_A1,11
CATTCCCATTCCGTCG-1_V13B23-285_A1,4
CATTCCCTAAGTACAA-1_V13B23-285_A1,11
CATTGATGAACACGCC-1_V13B23-285_A1,10
CATTGCGAAATGGGCG-1_V13B23-285_A1,7
CATTGCGGGTCAATTC-1_V13B23-285_A1,4
CATTGTGTGCTAGATC-1_V13B23-285_A1,11
CATTTAGCGGACCATG-1_V13B23-285_A1,1
CATTTCTAGCAGACTA-1_V13B23-285_A1,11
CATTTGAGTGGTACGT-1_V13B23-285_A1,7
CCAAACAGAACCCTCG-1_V13B23-285_A1,7
CCAAAGCAGTTGGTTG-1_V13B23-285_A1,11
CCAAAGTCCCGCTAAC-1_V13B23-285_A1,11
CCAAATAACAAGATTC-1_V13B23-285_A1,6
CCAACGATGCACTGAT-1_V13B23-285_A1,7
CCAACTTGATAGATCC-1_V13B23-285_A1,6
CCAAGAAAGTGGGCGA-1_V13B23-285_A1,7
CCAAGACTTCTGCGAA-1_V13B23-285_A1,3
CCAAGCGTAACTCGTA-1_V13B23-285_A1,7
CCAAGGAACAGAGAGG-1_V13B23-285_A1,11
CCAAGGTTGCCCTTTC-1_V13B23-285_A1,6
CCAAGTTTCTACAGAT-1_V13B23-285_A1,11
CCAATAGATTTCATCT-1_V13B23-285_A1,7
CCAATAGTGCCGTCGA-1_V13B23-285_A1,7
CCAATCGGTAGATCGA-1_V13B23-285_A1,11
CCAATGTCACAGCAAG-1_V13B23-285_A1,7
CCAATTACGGGTCGAG-1_V13B23-285_A1,11
CCAATTGAATGTTAAT-1_V13B23-285_A1,1
CCACAATGTACGTCTT-1_V13B23-285_A1,1
CCACACTGAGATATTA-1_V13B23-285_A1,7
CCACAGCTGAAATCAT-1_V13B23-285_A1,11
CCACAGTACCCATCCT-1_V13B23-285_A1,6
CCACATACTGCACCCA-1_V13B23-285_A1,6
CCACATGGCTCTTTAT-1_V13B23-285_A1,1
CCACCAACTTTACTGT-1_V13B23-285_A1,7
CCACCCAAGGAAAGTG-1_V13B23-285_A1,7
CCACGAATTTAACCTC-1_V13B23-285_A1,6
CCACGAGAAGAGAATC-1_V13B23-285_A1,11
CCACGGAGCCATAAGA-1_V13B23-285_A1,7
CCACGGTGCCCGGTAG-1_V13B23-285_A1,4
CCACGTAAATTAGACT-1_V13B23-285_A1,4
CCACTAAACTGAATCG-1_V13B23-285_A1,12
CCACTATCCGGGTCAC-1_V13B23-285_A1,6
CCACTGGTGGCTGGTT-1_V13B23-285_A1,7
CCACTGTTTGGATTAA-1_V13B23-285_A1,6
CCAGAAAGCAACTCAT-1_V13B23-285_A1,7
CCAGAGACAAAGCCGG-1_V13B23-285_A1,1
CCAGATAGTTGAGTGA-1_V13B23-285_A1,1
CCAGCCTGGACCAATA-1_V13B23-285_A1,7
CCAGCGGGATCACCAG-1_V13B23-285_A1,4
CCAGCTACGCCTCATA-1_V13B23-285_A1,11
CCAGCTCGAACGCATT-1_V13B23-285_A1,1
CCAGCTGATGGTACTT-1_V13B23-285_A1,7
CCAGCTTCCGCCCGCA-1_V13B23-285_A1,7
CCAGGCTGGCGTCTGA-1_V13B23-285_A1,6
CCAGGGACGTGGCCTC-1_V13B23-285_A1,7
CCAGTAGTCTGATCCA-1_V13B23-285_A1,1
CCAGTCAAATCTCTTA-1_V13B23-285_A1,7
CCAGTCCATTATTCGA-1_V13B23-285_A1,11
CCAGTCTAGACGGCGC-1_V13B23-285_A1,5
CCAGTCTTGTCATAGA-1_V13B23-285_A1,1
CCATAAACAACCCGAC-1_V13B23-285_A1,11
CCATAACCTGTGCAGT-1_V13B23-285_A1,7
CCATACCTTTACTTGT-1_V13B23-285_A1,6
CCATACTCGCCTCTCC-1_V13B23-285_A1,7
CCATAGAGGCTGCCAG-1_V13B23-285_A1,1
CCATAGGTTGGCGTGG-1_V13B23-285_A1,7
CCATAGTCAGTAACCC-1_V13B23-285_A1,11
CCATATGGAAACTATA-1_V13B23-285_A1,6
CCATATTGGATCATGA-1_V13B23-285_A1,11
CCATCCATACCAAGTC-1_V13B23-285_A1,11
CCATCGCAGTTAAACT-1_V13B23-285_A1,7
CCATCTCACCAGTGAA-1_V13B23-285_A1,6
CCATCTTGTTCACAAT-1_V13B23-285_A1,11
CCATGCCCTAGATTTC-1_V13B23-285_A1,6
CCATGCCTGTTTAGTA-1_V13B23-285_A1,7
CCATGCTCTGCAGGAA-1_V13B23-285_A1,1
CCATGGCCCTTGTACC-1_V13B23-285_A1,7
CCATTAGCGATAATCC-1_V13B23-285_A1,7
CCATTCCCTGCCCACA-1_V13B23-285_A1,7
CCATTGTTTCCTCCAT-1_V13B23-285_A1,6
CCATTTCTACCTATTA-1_V13B23-285_A1,6
CCCAAACATGCTGCTC-1_V13B23-285_A1,1
CCCAACATACGTCGCG-1_V13B23-285_A1,7
CCCAACCACACTAACA-1_V13B23-285_A1,9
CCCAAGACAGAGTATG-1_V13B23-285_A1,10
CCCAAGTCATTACACT-1_V13B23-285_A1,6
CCCAATGAGATTTGCA-1_V13B23-285_A1,1
CCCAATTTCACAACTT-1_V13B23-285_A1,7
CCCACTCCACGGTATC-1_V13B23-285_A1,7
CCCAGAGGAGGGCGTA-1_V13B23-285_A1,12
CCCAGGTCTGAAGGCT-1_V13B23-285_A1,6
CCCAGTAAACTTGGGA-1_V13B23-285_A1,7
CCCAGTTAAGGCGCCG-1_V13B23-285_A1,1
CCCATATAGGTCGATT-1_V13B23-285_A1,6
CCCGAAGTTTCGCGAA-1_V13B23-285_A1,7
CCCGACCATAGTCCGC-1_V13B23-285_A1,1
CCCGAGTTTCTCCGTA-1_V13B23-285_A1,6
CCCGCAGCGCGAACTA-1_V13B23-285_A1,7
CCCGCCATGCTCCCGT-1_V13B23-285_A1,1
CCCGCGCAATGCACCC-1_V13B23-285_A1,11
CCCGCTTGCCCTCGTC-1_V13B23-285_A1,11
CCCGGCTAGGTGAGAA-1_V13B23-285_A1,11
CCCGGGTCGTTCAGGG-1_V13B23-285_A1,1
CCCGGTGGAAGAACCT-1_V13B23-285_A1,7
CCCGGTGTATCGGAAT-1_V13B23-285_A1,7
CCCGTAAGTCTAGGCC-1_V13B23-285_A1,7
CCCGTAGCTGGGAAGA-1_V13B23-285_A1,1
CCCGTCAGCGTCTGAC-1_V13B23-285_A1,7
CCCGTGAGGGCGGTGA-1_V13B23-285_A1,7
CCCGTTTCGCAGATGT-1_V13B23-285_A1,6
CCCTACTTGAACAATG-1_V13B23-285_A1,6
CCCTAGGCAACAAGAG-1_V13B23-285_A1,7
CCCTAGTGTCAGGTGT-1_V13B23-285_A1,11
CCCTATGTAGAGCAGA-1_V13B23-285_A1,1
CCCTCAAGCTCTTAGT-1_V13B23-285_A1,7
CCCTCATTCTGGAATT-1_V13B23-285_A1,11
CCCTCCTCGCTCGTAT-1_V13B23-285_A1,6
CCCTGAAATGAGTTGA-1_V13B23-285_A1,7
CCCTGATGTAACTCGT-1_V13B23-285_A1,11
CCCTGCCCAATCCGCT-1_V13B23-285_A1,7
CCCTGCGCTACGCATA-1_V13B23-285_A1,7
CCCTGGCTGTTCCTTC-1_V13B23-285_A1,7
CCCTGGTATGGGCGGC-1_V13B23-285_A1,8
CCCTGTTGGCAAAGAC-1_V13B23-285_A1,11
CCCTTCTCGTACGCGA-1_V13B23-285_A1,11
CCCTTTAATGGAGTTC-1_V13B23-285_A1,6
CCCTTTGACAGGTCTT-1_V13B23-285_A1,7
CCGAAAGTGGTGAGCA-1_V13B23-285_A1,11
CCGAACACTGGGCCTC-1_V13B23-285_A1,7
CCGAACCTTCCCGGCC-1_V13B23-285_A1,1
CCGAAGTATATTGTTC-1_V13B23-285_A1,1
CCGACAAACACATGAG-1_V13B23-285_A1,11
CCGACAAAGGGAGTGC-1_V13B23-285_A1,5
CCGACAATAGGCCGCC-1_V13B23-285_A1,6
CCGACGGGCATGAGGT-1_V13B23-285_A1,1
CCGACGTAAACACAAC-1_V13B23-285_A1,10
CCGAGAAGTCGCATAA-1_V13B23-285_A1,6
CCGAGGGATGTTAGGC-1_V13B23-285_A1,10
CCGATCTCAACCTTAT-1_V13B23-285_A1,6
CCGATTCGAGGGACCC-1_V13B23-285_A1,7
CCGCACAAAGACCAAC-1_V13B23-285_A1,7
CCGCACACGAACGTGT-1_V13B23-285_A1,4
CCGCACGTGACCTCGG-1_V13B23-285_A1,7
CCGCACTTGCAATGAC-1_V13B23-285_A1,6
CCGCATGTGGTACGAT-1_V13B23-285_A1,1
CCGCCACCACAATCCA-1_V13B23-285_A1,8
CCGCCGGAACTTCTCG-1_V13B23-285_A1,1
CCGCCGGTCAACACAC-1_V13B23-285_A1,11
CCGCCGTTGAGGATAA-1_V13B23-285_A1,6
CCGCCTGCGAATTGGT-1_V13B23-285_A1,10
CCGCCTTGCGATGTCG-1_V13B23-285_A1,7
CCGCGATTTGGTAGGT-1_V13B23-285_A1,7
CCGCGGAATGCGTCAC-1_V13B23-285_A1,7
CCGCGGGTACGAAGAA-1_V13B23-285_A1,7
CCGCGTAGGTAAGGGC-1_V13B23-285_A1,7
CCGCTATCAGCACCAG-1_V13B23-285_A1,7
CCGCTCCAGGGCGATC-1_V13B23-285_A1,9
CCGCTCTTCCGAACTA-1_V13B23-285_A1,6
CCGCTGGTGCCATTCA-1_V13B23-285_A1,8
CCGCTTACCTCACTCT-1_V13B23-285_A1,7
CCGCTTCGCGGTTAAC-1_V13B23-285_A1,11
CCGCTTGCTGACATGG-1_V13B23-285_A1,4
CCGGAATGGTTTCAGT-1_V13B23-285_A1,7
CCGGAGCGTACTTTCT-1_V13B23-285_A1,1
CCGGCACGACCGTTTC-1_V13B23-285_A1,4
CCGGCCGCGAGCATAT-1_V13B23-285_A1,1
CCGGCGCATATTGGAT-1_V13B23-285_A1,11
CCGGCGTGAGACTCTG-1_V13B23-285_A1,7
CCGGGACCCGCAGAGA-1_V13B23-285_A1,11
CCGGGCGGTCTCGTCA-1_V13B23-285_A1,3
CCGGGCTGCTCCATAC-1_V13B23-285_A1,1
CCGGGTTCGAGGTTAC-1_V13B23-285_A1,7
CCGGTAATGGCTAGTC-1_V13B23-285_A1,4
CCGGTGCGAGTGATAG-1_V13B23-285_A1,2
CCGGTTTGTAATTGTG-1_V13B23-285_A1,1
CCGTAAGTTGGTCCCA-1_V13B23-285_A1,9
CCGTACCCAAGCGCCA-1_V13B23-285_A1,11
CCGTAGGAAATCCCTG-1_V13B23-285_A1,6
CCGTAGGGTTGTTTAC-1_V13B23-285_A1,6
CCGTATCTCGTCGTAG-1_V13B23-285_A1,7
CCGTGAGGCATTCATG-1_V13B23-285_A1,4
CCGTGCCCATGACGGC-1_V13B23-285_A1,11
CCGTGGAACGATCCAA-1_V13B23-285_A1,3
CCGTGTTAAATTCCAT-1_V13B23-285_A1,7
CCGTTACGTTAGAACA-1_V13B23-285_A1,1
CCGTTCCGAATCTCGG-1_V13B23-285_A1,7
CCTAAAGGCTGACGCT-1_V13B23-285_A1,11
CCTAAATTAACGGTTC-1_V13B23-285_A1,7
CCTAAATTGTATCCTA-1_V13B23-285_A1,6
CCTAACCCAAACAAGT-1_V13B23-285_A1,6
CCTAACTAAGGCTCTA-1_V13B23-285_A1,6
CCTAAGTGTCTAACCG-1_V13B23-285_A1,2
CCTACATTCACAGACG-1_V13B23-285_A1,7
CCTACGGCTCAGTCGA-1_V13B23-285_A1,11
CCTACTCAACACGATT-1_V13B23-285_A1,6
CCTACTGCTTACACTT-1_V13B23-285_A1,5
CCTAGGCGTAGCGATC-1_V13B23-285_A1,1
CCTAGGTAAAGGTAGC-1_V13B23-285_A1,7
CCTAGTTAGTCGCATG-1_V13B23-285_A1,2
CCTATAATGAGTGCCC-1_V13B23-285_A1,6
CCTATACCGTCCTGTC-1_V13B23-285_A1,7
CCTATATCGTGTCACG-1_V13B23-285_A1,1
CCTATATTTGTCCTGG-1_V13B23-285_A1,1
CCTATCTATATCGGAA-1_V13B23-285_A1,1
CCTATGAAGTGGTGCC-1_V13B23-285_A1,4
CCTATGGCTCCTAGTG-1_V13B23-285_A1,1
CCTATGGGTTACCGTC-1_V13B23-285_A1,1
CCTATGGTCAAAGCTG-1_V13B23-285_A1,6
CCTATGTCCACTCCAC-1_V13B23-285_A1,6
CCTCAACGATCGCTGT-1_V13B23-285_A1,6
CCTCACCAATCTTGAC-1_V13B23-285_A1,11
CCTCACCTGAGGGAGC-1_V13B23-285_A1,6
CCTCACCTTAGCATCG-1_V13B23-285_A1,6
CCTCATGCAGCTACGA-1_V13B23-285_A1,11
CCTCCCGACAATCCCT-1_V13B23-285_A1,10
CCTCCGACAATTCAAG-1_V13B23-285_A1,7
CCTCCTGAGCCCACAT-1_V13B23-285_A1,7
CCTCCTGTTGTGTCGT-1_V13B23-285_A1,6
CCTCGAAGTGGACGGG-1_V13B23-285_A1,11
CCTCGCCAGCAAATTA-1_V13B23-285_A1,1
CCTCGCGCGATATAGG-1_V13B23-285_A1,6
CCTCGCGCTGTGCGAT-1_V13B23-285_A1,1
CCTCGGACCGGGATAG-1_V13B23-285_A1,1
CCTCGGATGCTACCTG-1_V13B23-285_A1,7
CCTCTAATCTGCCAAG-1_V13B23-285_A1,7
CCTCTATCGATTAGCA-1_V13B23-285_A1,7
CCTCTCTCCCATCTAG-1_V13B23-285_A1,7
CCTCTGGCCTAGACGG-1_V13B23-285_A1,11
CCTCTGTACTATTCTA-1_V13B23-285_A1,7
CCTGAACGATATATTC-1_V13B23-285_A1,1
CCTGAATATTTACATA-1_V13B23-285_A1,7
CCTGACAAACTCGCGC-1_V13B23-285_A1,7
CCTGACCACCGATGGT-1_V13B23-285_A1,7
CCTGCCCGTTGTCTAG-1_V13B23-285_A1,7
CCTGCGATAGAACTGT-1_V13B23-285_A1,11
CCTGCGTTCTACGCTT-1_V13B23-285_A1,7
CCTGCTATTTGAGAAG-1_V13B23-285_A1,7
CCTGGAAACGTTCTGC-1_V13B23-285_A1,4
CCTGGCTAGACCCGCC-1_V13B23-285_A1,7
CCTGGTCGAATGTGGG-1_V13B23-285_A1,1
CCTGTAAGACATGATA-1_V13B23-285_A1,7
CCTGTACTCACGCCCA-1_V13B23-285_A1,7
CCTGTCACCCGGGCTC-1_V13B23-285_A1,1
CCTGTCCCTCACGTTA-1_V13B23-285_A1,4
CCTGTCGCCCGTAAAT-1_V13B23-285_A1,7
CCTGTGAAACCGTAAC-1_V13B23-285_A1,7
CCTGTGCATAGGAGAC-1_V13B23-285_A1,11
CCTGTTTGAAGACACG-1_V13B23-285_A1,6
CCTTCAGTTAAAGTGA-1_V13B23-285_A1,1
CCTTCGTATAGAATCC-1_V13B23-285_A1,11
CCTTCTCAGCGTTCCT-1_V13B23-285_A1,7
CCTTCTTGATCCAGTG-1_V13B23-285_A1,1
CCTTGACCACTTTATT-1_V13B23-285_A1,6
CCTTTAAGGGAGCACT-1_V13B23-285_A1,1
CCTTTCAATGAAGAAA-1_V13B23-285_A1,1
CCTTTGAATTATGGCT-1_V13B23-285_A1,1
CGAAACGCAATTCATG-1_V13B23-285_A1,7
CGAACAGTATGGGCGT-1_V13B23-285_A1,6
CGAACCCGCATGCGTC-1_V13B23-285_A1,7
CGAACGCCCAGTGCCG-1_V13B23-285_A1,11
CGAACGGCCGGACAAC-1_V13B23-285_A1,7
CGAAGACGGTGAGTGC-1_V13B23-285_A1,7
CGAAGACTGCCCGGGA-1_V13B23-285_A1,2
CGAAGCTATAAATTCA-1_V13B23-285_A1,8
CGAAGTTGCTCTGTGT-1_V13B23-285_A1,7
CGAATCTGCTCGACGC-1_V13B23-285_A1,1
CGAATGAAGTCATTGC-1_V13B23-285_A1,1
CGAATGACGCATAATG-1_V13B23-285_A1,1
CGACAATTTGATCTAA-1_V13B23-285_A1,6
CGACACGCTCCGACAG-1_V13B23-285_A1,6
CGACAGTTCGCGTTAT-1_V13B23-285_A1,7
CGACATGCGATCTTCT-1_V13B23-285_A1,4
CGACCCTTAACGCCGG-1_V13B23-285_A1,7
CGACCTACTAGACAAT-1_V13B23-285_A1,7
CGACGCATCCGTACCT-1_V13B23-285_A1,7
CGACTCAGGATGTTAT-1_V13B23-285_A1,5
CGACTTTGTATAGCCT-1_V13B23-285_A1,4
CGAGACCCTAGAGTGT-1_V13B23-285_A1,7
CGAGAGATGTGAACCT-1_V13B23-285_A1,1
CGAGAGCGCGTAGATA-1_V13B23-285_A1,7
CGAGAGCTTTCACTAC-1_V13B23-285_A1,6
CGAGAGGGTAGCCGCG-1_V13B23-285_A1,6
CGAGATGTTGCCTATA-1_V13B23-285_A1,11
CGAGATTTCGCTCGGG-1_V13B23-285_A1,6
CGAGCACTTCAAGTTT-1_V13B23-285_A1,1
CGAGCCGAGCACTCGA-1_V13B23-285_A1,11
CGAGCGTTGATCAGCC-1_V13B23-285_A1,11
CGAGCTGGGCTTTAGG-1_V13B23-285_A1,1
CGAGGAGCTTCCATAT-1_V13B23-285_A1,4
CGAGGATCGGGAACGA-1_V13B23-285_A1,4
CGAGGCCAGGCATTGG-1_V13B23-285_A1,11
CGAGGCTAAATATGGC-1_V13B23-285_A1,1
CGAGGGACTGCGGTCG-1_V13B23-285_A1,1
CGAGGGTATCCAGGTG-1_V13B23-285_A1,1
CGAGTACTAAAGAGGA-1_V13B23-285_A1,7
CGAGTGAAGGTACCAG-1_V13B23-285_A1,1
CGAGTGCTATAGTTCG-1_V13B23-285_A1,11
CGAGTTCTGTCCCACC-1_V13B23-285_A1,1
CGAGTTTATCGGACTG-1_V13B23-285_A1,6
CGATAATACTCAGGTT-1_V13B23-285_A1,6
CGATACCTCGCGGACA-1_V13B23-285_A1,7
CGATAGTCGTACTGCA-1_V13B23-285_A1,6
CGATATTAGCCGCAGG-1_V13B23-285_A1,11
CGATCCGACCCAGTGC-1_V13B23-285_A1,7
CGATCCTCGCAACATA-1_V13B23-285_A1,1
CGATCTGTTGGAGGAC-1_V13B23-285_A1,7
CGATGGACCCTACGCC-1_V13B23-285_A1,6
CGATGTTGTTATCTAC-1_V13B23-285_A1,1
CGATTAAATATCTCCT-1_V13B23-285_A1,1
CGATTCGCCTGGCTGC-1_V13B23-285_A1,3
CGCAAACACGAGTTAC-1_V13B23-285_A1,7
CGCAATCGATCATTAG-1_V13B23-285_A1,7
CGCAATTACTTTCGGT-1_V13B23-285_A1,7
CGCAATTAGGGTAATA-1_V13B23-285_A1,7
CGCAATTCTACAATAA-1_V13B23-285_A1,7
CGCACATGTCCACTAC-1_V13B23-285_A1,1
CGCACGTGCGCTATCA-1_V13B23-285_A1,6
CGCAGAAACATTTGCG-1_V13B23-285_A1,10
CGCAGATCTTCACCCG-1_V13B23-285_A1,4
CGCAGGCGATCCAAAC-1_V13B23-285_A1,6
CGCATCATGGCTTCAG-1_V13B23-285_A1,8
CGCATCCATCAGCCAG-1_V13B23-285_A1,4
CGCATGCCGAATGCGT-1_V13B23-285_A1,6
CGCATGGTGCGATGCT-1_V13B23-285_A1,7
CGCATTAGCTAATAGG-1_V13B23-285_A1,7
CGCCAAGAAGCCGAGT-1_V13B23-285_A1,7
CGCCACAGGTCGCGAT-1_V13B23-285_A1,7
CGCCACCCGCATTAAC-1_V13B23-285_A1,11
CGCCATCCGATTATGA-1_V13B23-285_A1,1
CGCCCAGCACGCCTAG-1_V13B23-285_A1,1
CGCCCAGCGTTTCACG-1_V13B23-285_A1,6
CGCCCGCTTCCGTACA-1_V13B23-285_A1,11
CGCCCTTGAAGGCTGA-1_V13B23-285_A1,3
CGCCGACTATTCGCTA-1_V13B23-285_A1,7
CGCCGCCCATGCCTGT-1_V13B23-285_A1,1
CGCCGTCTACCCATCG-1_V13B23-285_A1,4
CGCCGTTCAGCATAGT-1_V13B23-285_A1,6
CGCCTCCCTCCTCTAT-1_V13B23-285_A1,1
CGCCTGGCCTACGTAA-1_V13B23-285_A1,7
CGCCTTTAGCATGCTC-1_V13B23-285_A1,6
CGCGAAGTGGCATACT-1_V13B23-285_A1,6
CGCGACACTGCGCAGC-1_V13B23-285_A1,7
CGCGACCGCGACAGAT-1_V13B23-285_A1,6
CGCGAGTCTGCCGGGT-1_V13B23-285_A1,7
CGCGCAAATGTCCAGA-1_V13B23-285_A1,1
CGCGCAAGGAACTACA-1_V13B23-285_A1,11
CGCGCATGTTTGATTG-1_V13B23-285_A1,7
CGCGCCCGACTTAATA-1_V13B23-285_A1,7
CGCGGCAGTATTACGG-1_V13B23-285_A1,11
CGCGGCTCAACTTGAA-1_V13B23-285_A1,6
CGCGGGAATTAGGCAG-1_V13B23-285_A1,1
CGCGGTAAGTCTAGCT-1_V13B23-285_A1,11
CGCGGTACGGTATACA-1_V13B23-285_A1,6
CGCGGTCACAAACCAA-1_V13B23-285_A1,8
CGCGTGCTATCAACGA-1_V13B23-285_A1,8
CGCGTTCATGAAATAC-1_V13B23-285_A1,5
CGCTACCGCCCTATGA-1_V13B23-285_A1,11
CGCTACGGGACATTTA-1_V13B23-285_A1,7
CGCTAGAGACCGCTGC-1_V13B23-285_A1,6
CGCTATACCGCCCACT-1_V13B23-285_A1,11
CGCTATTCAATGTATG-1_V13B23-285_A1,11
CGCTATTCTTAGGCTC-1_V13B23-285_A1,5
CGCTCGACATAATGAT-1_V13B23-285_A1,1
CGCTCTCCGTAGATTA-1_V13B23-285_A1,7
CGCTGAGGACGTCCAA-1_V13B23-285_A1,11
CGCTGGTGACTACCCT-1_V13B23-285_A1,6
CGCTGTGACGCCGCAC-1_V13B23-285_A1,7
CGCTGTGTGGATGTTG-1_V13B23-285_A1,1
CGCTTAGTATTGATAC-1_V13B23-285_A1,1
CGCTTATTCCCGGTCG-1_V13B23-285_A1,7
CGCTTCCACTGAAATC-1_V13B23-285_A1,1
CGCTTCGGTCTAAGAC-1_V13B23-285_A1,6
CGCTTGGACGGATAGA-1_V13B23-285_A1,6
CGCTTTCATACCGGTG-1_V13B23-285_A1,11
CGCTTTCTTGCATTCG-1_V13B23-285_A1,1
CGGAAAGAATCAAACG-1_V13B23-285_A1,1
CGGAAAGCAAATGTGC-1_V13B23-285_A1,7
CGGAACGTAAACATAG-1_V13B23-285_A1,7
CGGACCTTTACGTCCC-1_V13B23-285_A1,4
CGGACGTTACTTGAAG-1_V13B23-285_A1,7
CGGAGCAATTTAATCG-1_V13B23-285_A1,1
CGGAGCATGGCGATCC-1_V13B23-285_A1,7
CGGAGCTTATAACACC-1_V13B23-285_A1,8
CGGAGTTTGAGAGACA-1_V13B23-285_A1,7
CGGATAAGCGGACATG-1_V13B23-285_A1,11
CGGATCCTCAAGGACT-1_V13B23-285_A1,6
CGGCAAACATCGTGCG-1_V13B23-285_A1,7
CGGCAATAAGATCGCC-1_V13B23-285_A1,6
CGGCACCGTTAGCGCC-1_V13B23-285_A1,8
CGGCACTCAAGAAAGT-1_V13B23-285_A1,11
CGGCAGGGTCGGGTTG-1_V13B23-285_A1,6
CGGCCACGCACAAAGT-1_V13B23-285_A1,7
CGGCCAGAGCGACCAT-1_V13B23-285_A1,1
CGGCCCAACCTGTAGT-1_V13B23-285_A1,6
CGGCCCAGGTATATCC-1_V13B23-285_A1,6
CGGCGCCATCAATCCC-1_V13B23-285_A1,6
CGGCTCTAAAGCTGCA-1_V13B23-285_A1,6
CGGCTCTTCGTCGAAC-1_V13B23-285_A1,8
CGGCTTTGTATGATAA-1_V13B23-285_A1,10
CGGGAATATAGTATAC-1_V13B23-285_A1,6
CGGGAATTTATGTAAA-1_V13B23-285_A1,7
CGGGAGCTTCAGTGTA-1_V13B23-285_A1,6
CGGGAGTATACCGCCG-1_V13B23-285_A1,11
CGGGATCAATGTAAGA-1_V13B23-285_A1,7
CGGGCAGCTAAACCGC-1_V13B23-285_A1,7
CGGGCCATAGCCGCAC-1_V13B23-285_A1,11
CGGGCCTTCTTTGTAA-1_V13B23-285_A1,7
CGGGCGATGGATCACG-1_V13B23-285_A1,6
CGGGTGTACCCATTTA-1_V13B23-285_A1,1
CGGGTTGTAGCTTTGG-1_V13B23-285_A1,12
CGGGTTTGTTAGGGCT-1_V13B23-285_A1,6
CGGTACGGCAAACCCA-1_V13B23-285_A1,6
CGGTACTAGAATCAAA-1_V13B23-285_A1,1
CGGTAGAGGTGCAGGT-1_V13B23-285_A1,6
CGGTCAAGTGGGAACC-1_V13B23-285_A1,1
CGGTCCATGAGACTCC-1_V13B23-285_A1,10
CGGTCCGTCGCAAGCC-1_V13B23-285_A1,1
CGGTCTATCAACCCGT-1_V13B23-285_A1,11
CGGTGAAGACTAAAGT-1_V13B23-285_A1,7
CGGTGCAGATAGAACG-1_V13B23-285_A1,7
CGGTGCGCGTTGGTCC-1_V13B23-285_A1,7
CGGTGGGCTCCAGCCT-1_V13B23-285_A1,8
CGGTGTACTTGATCCC-1_V13B23-285_A1,11
CGGTTATCCAACAGTG-1_V13B23-285_A1,6
CGGTTCAAGTAGGTGT-1_V13B23-285_A1,6
CGGTTCCGGCTTCTTG-1_V13B23-285_A1,11
CGGTTGACCTGGCATA-1_V13B23-285_A1,7
CGTAAACGCTTGAGTG-1_V13B23-285_A1,11
CGTAACTTCGACACTT-1_V13B23-285_A1,1
CGTAATAATTACGAGT-1_V13B23-285_A1,11
CGTACCGAAAGTCTAG-1_V13B23-285_A1,11
CGTACCTGATAGGCCT-1_V13B23-285_A1,7
CGTAGAGAGTAATTAT-1_V13B23-285_A1,6
CGTAGCGAATTGTCAG-1_V13B23-285_A1,11
CGTAGCGCCGACGTTG-1_V13B23-285_A1,1
CGTATTAAGAGATCTA-1_V13B23-285_A1,7
CGTCAAGGCTATAAAT-1_V13B23-285_A1,7
CGTCAATCTTTAACAT-1_V13B23-285_A1,11
CGTCACGTCCATTGGT-1_V13B23-285_A1,7
CGTCAGCTATTTACTC-1_V13B23-285_A1,1
CGTCAGTGCGCACAAG-1_V13B23-285_A1,11
CGTCATACCATATCCA-1_V13B23-285_A1,11
CGTCCAGATGGCTCCA-1_V13B23-285_A1,11
CGTCCTCATCGCGTGC-1_V13B23-285_A1,6
CGTCGCATGTGAGCCA-1_V13B23-285_A1,6
CGTCGCGGCGGGATTT-1_V13B23-285_A1,11
CGTCGCTTGGTTATAC-1_V13B23-285_A1,1
CGTCGGATAGTGTTGA-1_V13B23-285_A1,6
CGTCGGGTCTAAGCGC-1_V13B23-285_A1,7
CGTCGTCCTTCGCGAA-1_V13B23-285_A1,6
CGTCTGGAAGGGCCCG-1_V13B23-285_A1,1
CGTCTTGAGTGTGACG-1_V13B23-285_A1,4
CGTGAAGTTAATTCAC-1_V13B23-285_A1,7
CGTGACATTGGGTCGT-1_V13B23-285_A1,11
CGTGACCAGTCCTCTG-1_V13B23-285_A1,1
CGTGCAGACTGGGACA-1_V13B23-285_A1,7
CGTGCATTGTCGACGC-1_V13B23-285_A1,7
CGTGCCCTCCCGAAGA-1_V13B23-285_A1,1
CGTGCTGGCCTAGTCG-1_V13B23-285_A1,11
CGTGCTTCTACCTAAA-1_V13B23-285_A1,1
CGTGGAAGCCTCGTAC-1_V13B23-285_A1,6
CGTGGCCGAATATCTA-1_V13B23-285_A1,6
CGTGGTACCCAAAGGC-1_V13B23-285_A1,1
CGTGTATGGGAGCTGA-1_V13B23-285_A1,6
CGTGTCCCATTCGCGA-1_V13B23-285_A1,7
CGTGTCTCGTTACGAC-1_V13B23-285_A1,1
CGTGTGTTAAACCCTG-1_V13B23-285_A1,4
CGTTAAACTAGTTAGG-1_V13B23-285_A1,6
CGTTAATGTCCCGACG-1_V13B23-285_A1,6
CGTTAGCTCACAACTG-1_V13B23-285_A1,1
CGTTATCATACTTCCA-1_V13B23-285_A1,7
CGTTCAGACCCGCGAA-1_V13B23-285_A1,1
CGTTCATGGTGCGCGT-1_V13B23-285_A1,7
CGTTCTTCGCACACCT-1_V13B23-285_A1,8
CGTTGAATACCGCGCT-1_V13B23-285_A1,6
CGTTGAGCGACCGTCG-1_V13B23-285_A1,1
CGTTGCCCGCGTGGGA-1_V13B23-285_A1,1
CGTTGTAAACGTCAGG-1_V13B23-285_A1,7
CGTTGTAAGATTGATT-1_V13B23-285_A1,6
CGTTGTCGGCAATTGA-1_V13B23-285_A1,1
CGTTGTTTCAATTCCC-1_V13B23-285_A1,7
CGTTTAAGCGGAGCAC-1_V13B23-285_A1,11
CGTTTACAAGGCAGCT-1_V13B23-285_A1,10
CGTTTCACTTCGGGCG-1_V13B23-285_A1,11
CGTTTCGCTCATTACA-1_V13B23-285_A1,7
CGTTTGGTGTTGTGGG-1_V13B23-285_A1,6
CGTTTGTGTAGAGGGT-1_V13B23-285_A1,1
CTAAACGGGTGTAATC-1_V13B23-285_A1,11
CTAAAGAATGCCTACT-1_V13B23-285_A1,7
CTAAAGGGAAATAGGA-1_V13B23-285_A1,7
CTAAAGTCCGAAGCTA-1_V13B23-285_A1,11
CTAAATCCGGTGTACA-1_V13B23-285_A1,1
CTAAATCCTATTCCGG-1_V13B23-285_A1,1
CTAACCGCGCGCCCGT-1_V13B23-285_A1,7
CTAACGAAACTTGCTG-1_V13B23-285_A1,1
CTAACTGATAATCGCC-1_V13B23-285_A1,6
CTAACTGGTCCGGTTC-1_V13B23-285_A1,7
CTAAGGGAATGATTGG-1_V13B23-285_A1,1
CTAATTCGCACGCGCT-1_V13B23-285_A1,7
CTAATTCTCAGATATT-1_V13B23-285_A1,6
CTAATTTCAACAACAC-1_V13B23-285_A1,11
CTACAAGAAATAACCC-1_V13B23-285_A1,1
CTACACTAGCTTGTTC-1_V13B23-285_A1,11
CTACACTCGCAGATGG-1_V13B23-285_A1,6
CTACCCTAAGGTCATA-1_V13B23-285_A1,1
CTACGACTAGCTATAA-1_V13B23-285_A1,7
CTACGCACGGAGTACC-1_V13B23-285_A1,7
CTACGCCATTTCCGAT-1_V13B23-285_A1,10
CTACGTGTTGCCACCA-1_V13B23-285_A1,11
CTACTATCATAGGTTT-1_V13B23-285_A1,7
CTACTATCTTTCAGAG-1_V13B23-285_A1,1
CTACTCAAGGTATAGT-1_V13B23-285_A1,1
CTACTCTAGGCCCGGC-1_V13B23-285_A1,7
CTACTGCCACCTGACC-1_V13B23-285_A1,7
CTAGATAAACTCCTCG-1_V13B23-285_A1,11
CTAGATGTGAGTGTAA-1_V13B23-285_A1,6
CTAGATTTACGACGGC-1_V13B23-285_A1,1
CTAGCAACTAATTTAC-1_V13B23-285_A1,11
CTAGCATAGTATAATG-1_V13B23-285_A1,7
CTAGCCACAGGCGAGC-1_V13B23-285_A1,6
CTAGCCGATGTTATGA-1_V13B23-285_A1,6
CTAGCTTAATGGTCCC-1_V13B23-285_A1,6
CTAGGCGCCCTATCAG-1_V13B23-285_A1,6
CTAGGCGGCAGAGAAT-1_V13B23-285_A1,11
CTAGGTCTGAAGGAAT-1_V13B23-285_A1,6
CTAGGTTCGGACGTGA-1_V13B23-285_A1,6
CTAGTAGAAAGGGATT-1_V13B23-285_A1,6
CTAGTATTCGGAATTA-1_V13B23-285_A1,11
CTAGTCACGTCTTAAG-1_V13B23-285_A1,7
CTAGTGAAGGACAGGA-1_V13B23-285_A1,7
CTAGTTACAACCCGGT-1_V13B23-285_A1,4
CTAGTTGGGCCCGGTA-1_V13B23-285_A1,7
CTATAAGAGCCAATCG-1_V13B23-285_A1,6
CTATAGGCGTTGATGT-1_V13B23-285_A1,7
CTATCGACGAAATACA-1_V13B23-285_A1,6
CTATCGCGTAGAGAAC-1_V13B23-285_A1,6
CTATCGGGTCTCAACA-1_V13B23-285_A1,5
CTATGCCCGAATGCAA-1_V13B23-285_A1,1
CTATGGGAAGCGGAAT-1_V13B23-285_A1,6
CTATGTCACTAGCCCA-1_V13B23-285_A1,5
CTATGTCTATTGAAAC-1_V13B23-285_A1,11
CTATGTGAGTCACGGC-1_V13B23-285_A1,7
CTATTCATGTGTCCCA-1_V13B23-285_A1,7
CTATTTGCTTGGAGGA-1_V13B23-285_A1,11
CTATTTGGTTACGGAT-1_V13B23-285_A1,1
CTCAAACCACTGCCCG-1_V13B23-285_A1,1
CTCAACTAACCCGGAT-1_V13B23-285_A1,6
CTCACATTTACTAAAT-1_V13B23-285_A1,1
CTCACCAGTACAAGTG-1_V13B23-285_A1,7
CTCACTGTGATACTTA-1_V13B23-285_A1,6
CTCACTTGGCTGGTAA-1_V13B23-285_A1,7
CTCAGATTGTGATAAG-1_V13B23-285_A1,7
CTCAGGACTCACCTGT-1_V13B23-285_A1,11
CTCAGTCACGACAAAT-1_V13B23-285_A1,6
CTCATCACTTAGTGAT-1_V13B23-285_A1,4
CTCATGGCTCACAATC-1_V13B23-285_A1,11
CTCATGGTAATTTGCG-1_V13B23-285_A1,7
CTCATTCGTGAACATC-1_V13B23-285_A1,7
CTCATTGCTCTAACAA-1_V13B23-285_A1,6
CTCATTTGATGGGCGG-1_V13B23-285_A1,10
CTCCCAATGAGTCGCG-1_V13B23-285_A1,6
CTCCCTCCTTTCGATC-1_V13B23-285_A1,7
CTCCGCCCACATGAGG-1_V13B23-285_A1,7
CTCCGGCCTAATATGC-1_V13B23-285_A1,7
CTCCGGCTTGTAGACA-1_V13B23-285_A1,11
CTCCTAAGTTATGTCT-1_V13B23-285_A1,11
CTCCTCCAGCTCACAC-1_V13B23-285_A1,1
CTCCTGTTCAAGGCAG-1_V13B23-285_A1,6
CTCCTTTACGCAAGTC-1_V13B23-285_A1,4
CTCGAGACATACGATA-1_V13B23-285_A1,1
CTCGAGATCCAAAGCA-1_V13B23-285_A1,11
CTCGAGGTCGAACAGT-1_V13B23-285_A1,7
CTCGATATTTGCGAGC-1_V13B23-285_A1,6
CTCGCACCTATATAGT-1_V13B23-285_A1,7
CTCGCATTGCATAGCC-1_V13B23-285_A1,1
CTCGCCGAATGTAGGG-1_V13B23-285_A1,1
CTCGGGATAACACCTA-1_V13B23-285_A1,6
CTCGGGTTCTCTGGCC-1_V13B23-285_A1,1
CTCGGTACCACTGCTC-1_V13B23-285_A1,1
CTCGGTCCGTAGCCTG-1_V13B23-285_A1,7
CTCGGTTGTCGGCCCT-1_V13B23-285_A1,1
CTCGTCGAGGGCTCAT-1_V13B23-285_A1,1
CTCGTCTGTGCCTTCG-1_V13B23-285_A1,6
CTCGTTTCTAATGTTT-1_V13B23-285_A1,6
CTCTAATGCATTGATC-1_V13B23-285_A1,4
CTCTACACTGGCGATT-1_V13B23-285_A1,7
CTCTAGCCCTCGGAAA-1_V13B23-285_A1,6
CTCTATTTGGCTGCAG-1_V13B23-285_A1,7
CTCTCACAATCGATGA-1_V13B23-285_A1,7
CTCTCGATGTGCGCCT-1_V13B23-285_A1,2
CTCTCGCTGTACTATG-1_V13B23-285_A1,7
CTCTCTAACTGCCTAG-1_V13B23-285_A1,7
CTCTGCGAAGCAAGCA-1_V13B23-285_A1,11
CTCTGGACGCCTGGTG-1_V13B23-285_A1,7
CTCTGTGCCTGCTATG-1_V13B23-285_A1,11
CTCTGTTTGAGGATTC-1_V13B23-285_A1,11
CTCTTCTATTGACTGG-1_V13B23-285_A1,6
CTCTTCTGGAAGTTAG-1_V13B23-285_A1,5
CTCTTGTCCCGCTTGG-1_V13B23-285_A1,1
CTGAAAGAGATCCGAC-1_V13B23-285_A1,1
CTGAATCCGAGACCTC-1_V13B23-285_A1,7
CTGAATTTATTGCCAG-1_V13B23-285_A1,4
CTGACATAGAAATAGA-1_V13B23-285_A1,6
CTGACTGCGCAGCTCG-1_V13B23-285_A1,6
CTGAGAAAGTTCGGCG-1_V13B23-285_A1,6
CTGAGCAAGTAACAAG-1_V13B23-285_A1,11
CTGATAGTGTATCTCA-1_V13B23-285_A1,7
CTGCAAGCACGTTCCG-1_V13B23-285_A1,6
CTGCACAACTACATAT-1_V13B23-285_A1,6
CTGCACCTAGTCCACA-1_V13B23-285_A1,6
CTGCACCTGGAACCGC-1_V13B23-285_A1,11
CTGCACTCCAGTACAG-1_V13B23-285_A1,6
CTGCAGAGAATCAGAG-1_V13B23-285_A1,6
CTGCCAAGGTTGGAAG-1_V13B23-285_A1,7
CTGCCATGCATCACAT-1_V13B23-285_A1,7
CTGCCCACGAAGCGTT-1_V13B23-285_A1,7
CTGCCTAGCCACCAAG-1_V13B23-285_A1,8
CTGCCTCATATGCAAC-1_V13B23-285_A1,4
CTGCCTTTAATACCTT-1_V13B23-285_A1,1
CTGCCTTTCTAGTAAA-1_V13B23-285_A1,6
CTGCGACCTCGCCGAA-1_V13B23-285_A1,4
CTGCGGGTGAAATGTT-1_V13B23-285_A1,7
CTGCGTTACGATATAA-1_V13B23-285_A1,4
CTGCTGAGGCCACGAA-1_V13B23-285_A1,7
CTGCTGTCTAACGAGC-1_V13B23-285_A1,6
CTGCTTGGCGATAGCT-1_V13B23-285_A1,6
CTGCTTTATGTCCGCG-1_V13B23-285_A1,8
CTGGAAATGGATGCTT-1_V13B23-285_A1,7
CTGGAAGACACGGTGG-1_V13B23-285_A1,6
CTGGACGCAGTCCGGC-1_V13B23-285_A1,7
CTGGATTTACACTTGA-1_V13B23-285_A1,7
CTGGCATCCGAATGAG-1_V13B23-285_A1,7
CTGGCGACATAAGTCC-1_V13B23-285_A1,11
CTGGCGATTTACATGT-1_V13B23-285_A1,9
CTGGCGCACAGGTCTG-1_V13B23-285_A1,1
CTGGCGGGAATAAGTA-1_V13B23-285_A1,11
CTGGCTCCTGCGGGAT-1_V13B23-285_A1,11
CTGGCTGATTCATCCT-1_V13B23-285_A1,6
CTGGCTGCTAACGTAA-1_V13B23-285_A1,11
CTGGCTGGTTGTCAGT-1_V13B23-285_A1,7
CTGGGATAAATAATGG-1_V13B23-285_A1,1
CTGGGATACGCTACCC-1_V13B23-285_A1,4
CTGGGCCTGCTATATC-1_V13B23-285_A1,7
CTGGGTAGGCAGTTAA-1_V13B23-285_A1,1
CTGGGTTGAGTTAAAG-1_V13B23-285_A1,7
CTGGTAAAGACTTACA-1_V13B23-285_A1,9
CTGGTAAAGTGTGGGC-1_V13B23-285_A1,6
CTGGTAACACATAGAA-1_V13B23-285_A1,1
CTGGTAACGAGCTCTT-1_V13B23-285_A1,6
CTGGTCATTCCAATCC-1_V13B23-285_A1,7
CTGGTCCTAACTTGGC-1_V13B23-285_A1,8
CTGGTTCAACGCATCA-1_V13B23-285_A1,11
CTGGTTCGCGAGCTAC-1_V13B23-285_A1,4
CTGGTTTCGAGCAAGA-1_V13B23-285_A1,6
CTGTACTTCTTAGCAT-1_V13B23-285_A1,7
CTGTAGCCATCTCACT-1_V13B23-285_A1,7
CTGTATGGTGTAGAAA-1_V13B23-285_A1,11
CTGTCAAATGGCTCGG-1_V13B23-285_A1,5
CTGTGCAGGGTAGGTC-1_V13B23-285_A1,7
CTGTGGTCGGGAGATA-1_V13B23-285_A1,6
CTGTTACCCAATCTAG-1_V13B23-285_A1,7
CTGTTCACTGCCTGTG-1_V13B23-285_A1,7
CTGTTCATCTCACGGG-1_V13B23-285_A1,1
CTGTTGGCTCTTCTGA-1_V13B23-285_A1,7
CTTAAATAAGACCCAT-1_V13B23-285_A1,7
CTTAACTTACAGTATA-1_V13B23-285_A1,6
CTTAACTTCGAAGTAC-1_V13B23-285_A1,11
CTTAAGCAGCGAGCCG-1_V13B23-285_A1,7
CTTACACGGTATTCCA-1_V13B23-285_A1,7
CTTACACTGGGAAATA-1_V13B23-285_A1,11
CTTAGCCCGGATAGTG-1_V13B23-285_A1,7
CTTAGCCTTCCACATG-1_V13B23-285_A1,5
CTTAGTAGGCCTACAG-1_V13B23-285_A1,6
CTTAGTGTAGTAGCAT-1_V13B23-285_A1,6
CTTATAGATGGCTGTT-1_V13B23-285_A1,6
CTTATGCGCTCAGGGC-1_V13B23-285_A1,7
CTTATGTTGACTACCA-1_V13B23-285_A1,11
CTTCAACTCCACTTGG-1_V13B23-285_A1,6
CTTCAGTGGTCGCCTA-1_V13B23-285_A1,7
CTTCATAGCTCAAGAA-1_V13B23-285_A1,1
CTTCATTGTCAGTGGA-1_V13B23-285_A1,7
CTTCCGCTCCGTGAAG-1_V13B23-285_A1,7
CTTCGATTGCGCAAGC-1_V13B23-285_A1,6
CTTCGGCCAATTGTTT-1_V13B23-285_A1,6
CTTCGTAGATAGGTGA-1_V13B23-285_A1,7
CTTCGTGCCCGCATCG-1_V13B23-285_A1,2
CTTCTATGTTGAAGTA-1_V13B23-285_A1,7
CTTCTATTAATGCTAG-1_V13B23-285_A1,7
CTTCTTACGTCGTATA-1_V13B23-285_A1,11
CTTGACCCGAAAGATA-1_V13B23-285_A1,11
CTTGAGGTTATCCCGA-1_V13B23-285_A1,11
CTTGAGTTAGGGTAAT-1_V13B23-285_A1,1
CTTGATGACCATCCAG-1_V13B23-285_A1,11
CTTGCAACCGCCTCCT-1_V13B23-285_A1,7
CTTGCCCACCCACGCA-1_V13B23-285_A1,6
CTTGCCCAGGCTCTAC-1_V13B23-285_A1,7
CTTGGCCAAGCTGGGA-1_V13B23-285_A1,1
CTTGTACTTGTTGACT-1_V13B23-285_A1,7
CTTGTCAACATTCGAG-1_V13B23-285_A1,7
CTTGTCGTACGTGTCA-1_V13B23-285_A1,11
CTTGTGAGGACAGCGG-1_V13B23-285_A1,11
CTTGTGAGTCTTTGAC-1_V13B23-285_A1,11
CTTGTGCTCACCGATT-1_V13B23-285_A1,6
CTTGTTGCTGAGTCAA-1_V13B23-285_A1,1
CTTGTTTATGTAGCCA-1_V13B23-285_A1,11
CTTTAACTTTCAAAGG-1_V13B23-285_A1,7
CTTTAATATTGGTCGA-1_V13B23-285_A1,4
CTTTACCGAATAGTAG-1_V13B23-285_A1,6
CTTTAGGAACACTGTT-1_V13B23-285_A1,1
CTTTAGTGCTATTATT-1_V13B23-285_A1,7
CTTTCTGTGCGGGCTT-1_V13B23-285_A1,1
CTTTGACGTCGCTTCT-1_V13B23-285_A1,7
CTTTGCATCGCTCTTG-1_V13B23-285_A1,6
CTTTGCTGTCATGGAT-1_V13B23-285_A1,6
CTTTGGCGCTTTATAC-1_V13B23-285_A1,7
CTTTGGCTTTAGTAAA-1_V13B23-285_A1,7
CTTTGGGATTGTTGCA-1_V13B23-285_A1,1
CTTTGTCGAATGCTCC-1_V13B23-285_A1,1
GAAACAGATGACCACC-1_V13B23-285_A1,1
GAAACAGCCATGCAGT-1_V13B23-285_A1,11
GAAACATAGGAAACAG-1_V13B23-285_A1,4
GAAACCATGGTGCGCT-1_V13B23-285_A1,6
GAAACCGAATTACCTT-1_V13B23-285_A1,7
GAAACCTATACAAATG-1_V13B23-285_A1,1
GAAACTCGTGCGATGC-1_V13B23-285_A1,7
GAAACTCTAATGAAGG-1_V13B23-285_A1,10
GAAAGAACAGCGTTAT-1_V13B23-285_A1,6
GAAAGCAGTGCACTTT-1_V13B23-285_A1,1
GAAAGCCCTTTGGACC-1_V13B23-285_A1,7
GAAAGTGACTAACTGC-1_V13B23-285_A1,7
GAAATACTAAACGTTT-1_V13B23-285_A1,3
GAAATATCACCATCAG-1_V13B23-285_A1,7
GAAATCGCGCGCAACT-1_V13B23-285_A1,1
GAAATCTGACCAAGTT-1_V13B23-285_A1,7
GAAATGGCGGTGTTAG-1_V13B23-285_A1,7
GAAATGGGATGTAAAC-1_V13B23-285_A1,11
GAAATTAGCACGGATA-1_V13B23-285_A1,4
GAAATTCACATCGCTG-1_V13B23-285_A1,11
GAAATTGTCTCTATAA-1_V13B23-285_A1,7
GAACAACTGGGATGAA-1_V13B23-285_A1,6
GAACACACATCAACCA-1_V13B23-285_A1,7
GAACAGATTACTAAAT-1_V13B23-285_A1,6
GAACCATCTGGGAGAC-1_V13B23-285_A1,10
GAACCCTCTGTGTTCT-1_V13B23-285_A1,1
GAACCTCGACCTACAC-1_V13B23-285_A1,7
GAACCTTTAACGATCC-1_V13B23-285_A1,6
GAACGACCGAATGATA-1_V13B23-285_A1,7
GAACGATAAGTTAAAG-1_V13B23-285_A1,4
GAACGCGGGTCACACG-1_V13B23-285_A1,6
GAACGTCTCATGGTCG-1_V13B23-285_A1,1
GAACGTTAGGAAGACG-1_V13B23-285_A1,7
GAACTGTGGAGAGACA-1_V13B23-285_A1,1
GAAGAAACGATATTGT-1_V13B23-285_A1,1
GAAGAACGGTGCAGGT-1_V13B23-285_A1,11
GAAGCAAGGCAATGTT-1_V13B23-285_A1,11
GAAGCCACTGATTATG-1_V13B23-285_A1,1
GAAGCCGGGTAAGCTC-1_V13B23-285_A1,7
GAAGCCTGCACATTCC-1_V13B23-285_A1,1
GAAGCGTGAGGAATTT-1_V13B23-285_A1,7
GAAGCTCGGACCCGTC-1_V13B23-285_A1,7
GAAGCTCTTTGCTTAG-1_V13B23-285_A1,11
GAAGCTTGCTGACCGC-1_V13B23-285_A1,7
GAAGGACTAAATTGAA-1_V13B23-285_A1,9
GAAGGAGTCGAGTGCG-1_V13B23-285_A1,1
GAAGGCTACCATTGTT-1_V13B23-285_A1,4
GAAGGGCATAACCATG-1_V13B23-285_A1,11
GAAGTCAGTTGCACTA-1_V13B23-285_A1,7
GAAGTCTCCCTAGCGA-1_V13B23-285_A1,1
GAAGTGATTTATCGTG-1_V13B23-285_A1,7
GAAGTGCTGGATAGCT-1_V13B23-285_A1,11
GAAGTTTCCACTCAAT-1_V13B23-285_A1,7
GAATAGACGCGACCCA-1_V13B23-285_A1,1
GAATAGCATTTAGGGT-1_V13B23-285_A1,6
GAATAGTGCTCGATTA-1_V13B23-285_A1,1
GAATATTCGGAGTCCC-1_V13B23-285_A1,10
GAATCGACATGGTCAC-1_V13B23-285_A1,7
GAATCGCCGGACACGG-1_V13B23-285_A1,11
GAATCTGAACATTCTC-1_V13B23-285_A1,7
GAATGCCGAAATGACC-1_V13B23-285_A1,6
GAATGCGAATCGGTTC-1_V13B23-285_A1,6
GAATGGGCTTATCGAC-1_V13B23-285_A1,7
GAATGTATGGCAGGTC-1_V13B23-285_A1,4
GAATGTGGTCCGGATT-1_V13B23-285_A1,1
GAATGTTGGGTAATCT-1_V13B23-285_A1,7
GAATTATAGTGAAAGG-1_V13B23-285_A1,7
GAATTCACCCGGGTGT-1_V13B23-285_A1,7
GAATTTCTCGCTGCAG-1_V13B23-285_A1,7
GACAAACATATGCAGG-1_V13B23-285_A1,6
GACAACGACCATTGAA-1_V13B23-285_A1,1
GACAACGCAGCTTACG-1_V13B23-285_A1,7
GACAAGAGATGAGATT-1_V13B23-285_A1,6
GACACAAGGGAAGAAA-1_V13B23-285_A1,1
GACACGAGTTAGAGGA-1_V13B23-285_A1,2
GACACTGAGTTCAGTG-1_V13B23-285_A1,7
GACACTGGAACCCGAT-1_V13B23-285_A1,6
GACACTTCCAATTACC-1_V13B23-285_A1,6
GACAGATTTCTGGCTC-1_V13B23-285_A1,7
GACAGCCAGACCTGAC-1_V13B23-285_A1,1
GACAGGCACACACTAT-1_V13B23-285_A1,7
GACATACTGTCGCAGA-1_V13B23-285_A1,7
GACATCCGTCGAACTG-1_V13B23-285_A1,6
GACATCGATTTATAAC-1_V13B23-285_A1,7
GACCAAACGTTGACTG-1_V13B23-285_A1,6
GACCACACTTCCCTTT-1_V13B23-285_A1,6
GACCAGAGCCCTGTAG-1_V13B23-285_A1,7
GACCCAATTATGATAC-1_V13B23-285_A1,7
GACCCGTCGCCGGCTA-1_V13B23-285_A1,11
GACCGACGTGAAAGCA-1_V13B23-285_A1,4
GACCGACTGAAGCGTC-1_V13B23-285_A1,7
GACCGCGTCTGACGTG-1_V13B23-285_A1,6
GACCGTCAGGTCGTGA-1_V13B23-285_A1,9
GACCGTGCTGACGGTG-1_V13B23-285_A1,7
GACCGTTACATGCGAC-1_V13B23-285_A1,7
GACCTTCCACGTCTAC-1_V13B23-285_A1,6
GACGACGATCCGCGTT-1_V13B23-285_A1,1
GACGAGGCTAATAAAC-1_V13B23-285_A1,6
GACGCCGTAAAGGCTA-1_V13B23-285_A1,7
GACGCCTGTTGCAGGG-1_V13B23-285_A1,11
GACGCTTGCTTCTAAA-1_V13B23-285_A1,7
GACGGACCGCGTTCCT-1_V13B23-285_A1,2
GACGGGATGTCTTATG-1_V13B23-285_A1,2
GACGGGTTGGCCCGTA-1_V13B23-285_A1,1
GACGGTCAATAGAAGC-1_V13B23-285_A1,6
GACGGTCCTAGGGTGT-1_V13B23-285_A1,4
GACGTGAGACTCCATG-1_V13B23-285_A1,11
GACGTGTAGGGATTAT-1_V13B23-285_A1,7
GACGTTCGTAAATACA-1_V13B23-285_A1,4
GACTAAGATCATGCAC-1_V13B23-285_A1,7
GACTAAGTAGGCTCAC-1_V13B23-285_A1,7
GACTACAAAGCGGTGG-1_V13B23-285_A1,7
GACTACAATTGCTCGT-1_V13B23-285_A1,8
GACTAGGCCGTTAGGT-1_V13B23-285_A1,6
GACTCACCCACGTGAG-1_V13B23-285_A1,6
GACTCCCAGAATAAGG-1_V13B23-285_A1,4
GACTCCTTCCAATTGA-1_V13B23-285_A1,1
GACTCGCGGGAATGAC-1_V13B23-285_A1,1
GACTGCAAATCGAGCT-1_V13B23-285_A1,6
GACTGCACCAGCCCAG-1_V13B23-285_A1,1
GACTGCGGCACGTGTA-1_V13B23-285_A1,7
GAGAACGGTTCTGACT-1_V13B23-285_A1,6
GAGAATCTCACGATCA-1_V13B23-285_A1,7
GAGACTGATGGGTAGA-1_V13B23-285_A1,7
GAGACTTCGCGACCGA-1_V13B23-285_A1,7
GAGAGCGCAGTCCCTG-1_V13B23-285_A1,7
GAGAGGCCTATGTGTA-1_V13B23-285_A1,6
GAGAGGGCGCGAGGTT-1_V13B23-285_A1,7
GAGAGGTGCATTCTGG-1_V13B23-285_A1,7
GAGATCTGCTTGGCAT-1_V13B23-285_A1,7
GAGATCTGTCACTCCG-1_V13B23-285_A1,1
GAGATCTTCCATGACA-1_V13B23-285_A1,1
GAGATGACAATCCTTA-1_V13B23-285_A1,4
GAGATGGCTTTAATCA-1_V13B23-285_A1,6
GAGATGGGAGTCGACA-1_V13B23-285_A1,1
GAGCACCTGTGTCCAG-1_V13B23-285_A1,6
GAGCACGGCGCCTCTT-1_V13B23-285_A1,6
GAGCATCAACAACTTG-1_V13B23-285_A1,1
GAGCATCATCCCTGGG-1_V13B23-285_A1,11
GAGCCACGGTAGTAGG-1_V13B23-285_A1,4
GAGCCAGCTACCTGTG-1_V13B23-285_A1,6
GAGCGAGGGAGTACCG-1_V13B23-285_A1,11
GAGCGCAAATACTCCG-1_V13B23-285_A1,6
GAGCGCGCACGAGTAG-1_V13B23-285_A1,6
GAGCGCTGTTAGGTAA-1_V13B23-285_A1,1
GAGCTAAGGGCATATC-1_V13B23-285_A1,1
GAGCTCTCGGACCTAA-1_V13B23-285_A1,11
GAGCTGTCGTCTCGGA-1_V13B23-285_A1,2
GAGGAATGGAGAGGTT-1_V13B23-285_A1,7
GAGGAGATCCTCATGC-1_V13B23-285_A1,11
GAGGAGTAATTCCTAC-1_V13B23-285_A1,10
GAGGATAAACAGTGCT-1_V13B23-285_A1,4
GAGGCCCGACTCCGCA-1_V13B23-285_A1,7
GAGGCCTGTTGATACA-1_V13B23-285_A1,6
GAGGCTATCAAAGTCG-1_V13B23-285_A1,7
GAGGGAGTCAGATCGC-1_V13B23-285_A1,1
GAGGGCATCGCGTATC-1_V13B23-285_A1,11
GAGGGCGCAGCTCTGC-1_V13B23-285_A1,1
GAGGGTAGTAACAAAG-1_V13B23-285_A1,1
GAGGTACATCCATCTT-1_V13B23-285_A1,2
GAGGTACGCGTGTCCC-1_V13B23-285_A1,1
GAGGTCCCAAAGATCT-1_V13B23-285_A1,11
GAGTAAACCGGAAAGT-1_V13B23-285_A1,6
GAGTAAGGCCACGGGA-1_V13B23-285_A1,7
GAGTACGGGTATACAA-1_V13B23-285_A1,11
GAGTAGATACTAGTTG-1_V13B23-285_A1,1
GAGTATCAAAGTTACA-1_V13B23-285_A1,6
GAGTATGCCCGCCTTG-1_V13B23-285_A1,7
GAGTATGCGCGTGCAT-1_V13B23-285_A1,6
GAGTCAGACCAGAATC-1_V13B23-285_A1,7
GAGTCCGCTTACCGGA-1_V13B23-285_A1,7
GAGTCGACAGACCCTC-1_V13B23-285_A1,7
GAGTCTTGTAAAGGAC-1_V13B23-285_A1,7
GAGTGTCAACCAGAAA-1_V13B23-285_A1,6
GAGTGTGCGGTACCCA-1_V13B23-285_A1,1
GAGTTCTGTGGGTGCT-1_V13B23-285_A1,1
GAGTTGATGGCAATTT-1_V13B23-285_A1,7
GATAAATCGGTGGATG-1_V13B23-285_A1,11
GATAACTCGCACTGTG-1_V13B23-285_A1,1
GATAAGGCAGATGCAA-1_V13B23-285_A1,11
GATACCGTGTCGGAGT-1_V13B23-285_A1,4
GATACGATGGGAGTCA-1_V13B23-285_A1,7
GATAGCGTACCACGCG-1_V13B23-285_A1,11
GATAGGATTAATTACA-1_V13B23-285_A1,4
GATAGGTAACGTTGAC-1_V13B23-285_A1,7
GATAGGTGTCCCGGGC-1_V13B23-285_A1,4
GATATCAAGCAGGAGC-1_V13B23-285_A1,1
GATATCAGTATGTATC-1_V13B23-285_A1,11
GATATCTCATGCAATA-1_V13B23-285_A1,11
GATATGAGACACTAAC-1_V13B23-285_A1,1
GATATGCGGTAGCCAA-1_V13B23-285_A1,11
GATATGGATTACGCGG-1_V13B23-285_A1,7
GATATTGAGATTGGCG-1_V13B23-285_A1,6
GATATTTCCTACATGG-1_V13B23-285_A1,11
GATCAACATAAAGGGA-1_V13B23-285_A1,7
GATCATTCCAAACATT-1_V13B23-285_A1,7
GATCCCTTTATACTGC-1_V13B23-285_A1,7
GATCCGAATATAAGTG-1_V13B23-285_A1,4
GATCCGGGAATTAACA-1_V13B23-285_A1,7
GATCCTAAATCGGGAC-1_V13B23-285_A1,1
GATCCTCGACACTGGC-1_V13B23-285_A1,7
GATCGACACTATCTGA-1_V13B23-285_A1,4
GATCGCGGGCTCTCCA-1_V13B23-285_A1,5
GATCGCTACCCGATTT-1_V13B23-285_A1,6
GATCGCTATATCTCAG-1_V13B23-285_A1,1
GATCGGATAGAACCAT-1_V13B23-285_A1,7
GATCGGCGATAAGTCG-1_V13B23-285_A1,1
GATCGGTGGCCATAAC-1_V13B23-285_A1,9
GATCGTGACTGATATC-1_V13B23-285_A1,7
GATCTAACCGTATTCA-1_V13B23-285_A1,7
GATCTCGACGCTGTGG-1_V13B23-285_A1,6
GATCTGCTATCTAAGG-1_V13B23-285_A1,1
GATCTTCATTGTCCTC-1_V13B23-285_A1,1
GATCTTGGAGGGCATA-1_V13B23-285_A1,7
GATCTTTGCAGGGTAT-1_V13B23-285_A1,7
GATGACAAGTAGGGCA-1_V13B23-285_A1,1
GATGAGGAACCTTCGG-1_V13B23-285_A1,6
GATGATTTGAAACTGG-1_V13B23-285_A1,11
GATGCCACACTACAGC-1_V13B23-285_A1,11
GATGCCAGCAGAAGGC-1_V13B23-285_A1,7
GATGCCTTCTGCGGCA-1_V13B23-285_A1,4
GATGCGAATGGTATTA-1_V13B23-285_A1,7
GATGCGTCCTGCATTC-1_V13B23-285_A1,7
GATGCTACAAGCGCCT-1_V13B23-285_A1,6
GATGCTACCTTCGATG-1_V13B23-285_A1,1
GATGCTGTATTTCATC-1_V13B23-285_A1,1
GATGGCGCACACATTA-1_V13B23-285_A1,11
GATGTAACGAACCACC-1_V13B23-285_A1,7
GATGTCCGGATCACAT-1_V13B23-285_A1,11
GATGTCGGTCAACTGC-1_V13B23-285_A1,8
GATGTTCAATCCACGA-1_V13B23-285_A1,5
GATGTTTGTGCGAGAT-1_V13B23-285_A1,11
GATTAACCGAAAGCCC-1_V13B23-285_A1,6
GATTAATCCTGGCTCA-1_V13B23-285_A1,11
GATTACTGAATTTGGG-1_V13B23-285_A1,7
GATTCCCTTGTCGCAG-1_V13B23-285_A1,7
GATTCCGCGTTTCCGT-1_V13B23-285_A1,11
GATTCCTATACGGCGC-1_V13B23-285_A1,7
GATTCGACGGTTCACG-1_V13B23-285_A1,7
GATTGACACTCTGCTC-1_V13B23-285_A1,8
GATTGCTCCAGTTGCA-1_V13B23-285_A1,1
GATTGGGAAAGGTTGT-1_V13B23-285_A1,6
GCAAACCCTACATTAT-1_V13B23-285_A1,1
GCAAACCTTGGCCATA-1_V13B23-285_A1,1
GCAAACGTCGCCAGGT-1_V13B23-285_A1,6
GCAAATATTACGCTTT-1_V13B23-285_A1,7
GCAAATGAGGACACTT-1_V13B23-285_A1,7
GCAACACACTAGAACT-1_V13B23-285_A1,7
GCAACAGCAGTATGCG-1_V13B23-285_A1,6
GCAACCACCAGACCGG-1_V13B23-285_A1,10
GCAACCACGGCCGCGT-1_V13B23-285_A1,7
GCAACCCAAGTTGTTT-1_V13B23-285_A1,7
GCAACGGCTAGTTATG-1_V13B23-285_A1,6
GCAAGAATTCCTTGGC-1_V13B23-285_A1,7
GCAAGCTGGAAACCGC-1_V13B23-285_A1,1
GCAAGTGCACAGAGAA-1_V13B23-285_A1,7
GCAAGTGTAAAGCATG-1_V13B23-285_A1,1
GCAATTAGTCGCACCG-1_V13B23-285_A1,6
GCACAAACGAGGCGTG-1_V13B23-285_A1,6
GCACAACCTCGGGCGT-1_V13B23-285_A1,1
GCACAAGTGGATCATA-1_V13B23-285_A1,7
GCACAAGTGTCGGAAG-1_V13B23-285_A1,2
GCACACACTGGTAGCC-1_V13B23-285_A1,6
GCACACGCCCATGGTC-1_V13B23-285_A1,7
GCACGCCTACTTAGAT-1_V13B23-285_A1,1
GCACGTGGTTTACTTA-1_V13B23-285_A1,6
GCACTAGTCGCGCTAT-1_V13B23-285_A1,11
GCACTCCCACAGTCCC-1_V13B23-285_A1,11
GCACTGCCTACCTTTA-1_V13B23-285_A1,1
GCACTGTGCAAATGTA-1_V13B23-285_A1,11
GCAGAAGGTAATCTCC-1_V13B23-285_A1,6
GCAGACCCAGCACGTA-1_V13B23-285_A1,6
GCAGATCCATAAGACT-1_V13B23-285_A1,6
GCAGATCCTCGCAAAT-1_V13B23-285_A1,7
GCAGATTAGGGATATC-1_V13B23-285_A1,7
GCAGCACACAGCCCAG-1_V13B23-285_A1,7
GCAGCCTATATCACAT-1_V13B23-285_A1,4
GCAGCGGTGGGCATTA-1_V13B23-285_A1,11
GCAGGAACTTAGATCT-1_V13B23-285_A1,7
GCAGGACTATAGAATA-1_V13B23-285_A1,7
GCAGGTAGAGTATGGT-1_V13B23-285_A1,11
GCAGTGTGGCTATAGG-1_V13B23-285_A1,6
GCAGTTCGATCCGAGC-1_V13B23-285_A1,6
GCATACGAGGTCTTTA-1_V13B23-285_A1,7
GCATAGAGCACTCAGG-1_V13B23-285_A1,7
GCATCCCTAACTTTGA-1_V13B23-285_A1,11
GCATCGGCCGTGTAGG-1_V13B23-285_A1,6
GCATGAGGGACGCGGC-1_V13B23-285_A1,1
GCATGCTAATAACGAT-1_V13B23-285_A1,6
GCATGGGTACTGACGC-1_V13B23-285_A1,7
GCATTCAAGGCAACGC-1_V13B23-285_A1,6
GCATTCGAAATGAACA-1_V13B23-285_A1,9
GCATTGACTTGCGGAA-1_V13B23-285_A1,7
GCATTGTAATTCATAT-1_V13B23-285_A1,7
GCATTTCCAAGGCTCC-1_V13B23-285_A1,4
GCCAACCATTTCCGGA-1_V13B23-285_A1,6
GCCAAGAATACTTCTG-1_V13B23-285_A1,7
GCCAATAGGGCATCTC-1_V13B23-285_A1,6
GCCACAATTTAAGGAC-1_V13B23-285_A1,7
GCCACTCAGAGCGCGA-1_V13B23-285_A1,6
GCCACTCCTTACGGTA-1_V13B23-285_A1,6
GCCAGGAGTAACCGAT-1_V13B23-285_A1,1
GCCAGGCTTAGTGGTA-1_V13B23-285_A1,2
GCCATATTGCACACAG-1_V13B23-285_A1,1
GCCATCGAGCTGCGTG-1_V13B23-285_A1,7
GCCATCGATGCTGCAT-1_V13B23-285_A1,4
GCCATTAGCCTCAAAC-1_V13B23-285_A1,1
GCCCACCAAGGCTGTC-1_V13B23-285_A1,11
GCCCAGATGCTGGAGA-1_V13B23-285_A1,4
GCCCAGTTGGTATGCC-1_V13B23-285_A1,1
GCCCGACTTCTTCCCG-1_V13B23-285_A1,7
GCCCGAGAGTCTAAAT-1_V13B23-285_A1,7
GCCCGATCTGTGGTCG-1_V13B23-285_A1,7
GCCCGCGCGTAAACGG-1_V13B23-285_A1,7
GCCCGCGCGTTTGACA-1_V13B23-285_A1,1
GCCCGTAATACCTTCT-1_V13B23-285_A1,1
GCCCTAGCCGTCGCGA-1_V13B23-285_A1,7
GCCGAAATTCCTACGT-1_V13B23-285_A1,7
GCCGACCCACGACTGC-1_V13B23-285_A1,1
GCCGATTGGCCAAGCT-1_V13B23-285_A1,7
GCCGCACTCCGTTTCA-1_V13B23-285_A1,6
GCCGCATTAGTCCGGC-1_V13B23-285_A1,7
GCCGCTTGTGAGAAAC-1_V13B23-285_A1,7
GCCGGAAACACATCTT-1_V13B23-285_A1,10
GCCGGGTTAGGGTCGC-1_V13B23-285_A1,7
GCCGGTTTGGGCGGAT-1_V13B23-285_A1,11
GCCGTGGAAGAAATGT-1_V13B23-285_A1,4
GCCTACGTTCTGTGCA-1_V13B23-285_A1,6
GCCTAGCGATCTGACC-1_V13B23-285_A1,1
GCCTATAGTGTCAGGG-1_V13B23-285_A1,1
GCCTATTCCGATATAG-1_V13B23-285_A1,7
GCCTATTTGCTACACA-1_V13B23-285_A1,1
GCCTCATCTGGAAATA-1_V13B23-285_A1,9
GCCTCCGACAATTCAC-1_V13B23-285_A1,6
GCCTCTATACATAGCA-1_V13B23-285_A1,6
GCCTTCAGCCCTACCG-1_V13B23-285_A1,11
GCCTTGTATATGCAGT-1_V13B23-285_A1,11
GCGAAACGATCGGGAG-1_V13B23-285_A1,6
GCGAAACTTAACTGGA-1_V13B23-285_A1,1
GCGAAGAATCTGACGG-1_V13B23-285_A1,6
GCGAAGCCATACCCGT-1_V13B23-285_A1,7
GCGACATGTAAACATC-1_V13B23-285_A1,4
GCGACCCAACCATCTG-1_V13B23-285_A1,1
GCGACGATAGTTGTAC-1_V13B23-285_A1,7
GCGAGAAACGGGAGTT-1_V13B23-285_A1,11
GCGAGAGGCCATGTAA-1_V13B23-285_A1,10
GCGAGAGTTGCGTCCA-1_V13B23-285_A1,6
GCGAGCGCATGCTCCC-1_V13B23-285_A1,4
GCGAGGCCCGAGCAGA-1_V13B23-285_A1,7
GCGAGTTCTGCAAAGA-1_V13B23-285_A1,7
GCGATGTCTGTGCTTG-1_V13B23-285_A1,7
GCGATTCTGGAAGCAG-1_V13B23-285_A1,3
GCGATTGTTAACGTTA-1_V13B23-285_A1,7
GCGCAAATATATTCAA-1_V13B23-285_A1,1
GCGCAAGAGCGCGCTG-1_V13B23-285_A1,6
GCGCATCCAGTCAGCA-1_V13B23-285_A1,6
GCGCCGTTCCACGATA-1_V13B23-285_A1,7
GCGCCTCCCACTCCGA-1_V13B23-285_A1,6
GCGCGATGGGTCAAGT-1_V13B23-285_A1,11
GCGCGGTCTAGTAACT-1_V13B23-285_A1,1
GCGCGTCATTGGTACA-1_V13B23-285_A1,6
GCGCTAATTGAATAGA-1_V13B23-285_A1,7
GCGCTATGCCGAGGCA-1_V13B23-285_A1,7
GCGCTCGATCACCTGT-1_V13B23-285_A1,4
GCGCTGATCCAGACTC-1_V13B23-285_A1,11
GCGCTGCTTTGCATTT-1_V13B23-285_A1,1
GCGCTTAAATAATTGG-1_V13B23-285_A1,6
GCGGACCGCGTTGTGG-1_V13B23-285_A1,7
GCGGAGAAACTTCGCA-1_V13B23-285_A1,1
GCGGAGAGGGAGAACG-1_V13B23-285_A1,1
GCGGATTACTTGTTCT-1_V13B23-285_A1,9
GCGGCAAAGTATTGCC-1_V13B23-285_A1,1
GCGGCTCTGACGTACC-1_V13B23-285_A1,7
GCGGCTTTAGCAAGTT-1_V13B23-285_A1,6
GCGGGAACCAGGCCCT-1_V13B23-285_A1,1
GCGGGCATTACGATGC-1_V13B23-285_A1,4
GCGGGCGAGCCTTACC-1_V13B23-285_A1,7
GCGGTAACCCAAATGA-1_V13B23-285_A1,11
GCGGTCCCTAGACGCA-1_V13B23-285_A1,11
GCGGTGAACTGCGCTC-1_V13B23-285_A1,11
GCGGTGCGGAGCATCG-1_V13B23-285_A1,7
GCGGTTCCCTATCATG-1_V13B23-285_A1,7
GCGTAAATGGCCATAA-1_V13B23-285_A1,6
GCGTCCAGCTCGTGGC-1_V13B23-285_A1,11
GCGTCCCTAAGACATA-1_V13B23-285_A1,1
GCGTCGAAATGTCGGT-1_V13B23-285_A1,1
GCGTCGCCAGGGTGAT-1_V13B23-285_A1,1
GCGTCTAACCTCCTAA-1_V13B23-285_A1,4
GCGTCTCTGCATTGGG-1_V13B23-285_A1,7
GCGTGGTACTGGGTTA-1_V13B23-285_A1,6
GCGTGTATGTCGTATT-1_V13B23-285_A1,2
GCGTTATATTTGGAAC-1_V13B23-285_A1,7
GCGTTCGGAGACCGGG-1_V13B23-285_A1,10
GCTAAACCTGAGGTGA-1_V13B23-285_A1,1
GCTAACTGAAGTCTGA-1_V13B23-285_A1,6
GCTAAGTAAAGGCGAT-1_V13B23-285_A1,7
GCTAAGTAGTTTCTCT-1_V13B23-285_A1,1
GCTAATACCGAATGCC-1_V13B23-285_A1,7
GCTACAATCGAGGATA-1_V13B23-285_A1,6
GCTACACTGTCCGAAC-1_V13B23-285_A1,2
GCTACAGTACGGACCG-1_V13B23-285_A1,7
GCTACGACTTATTGGG-1_V13B23-285_A1,7
GCTACTATAGTAGAGT-1_V13B23-285_A1,6
GCTAGACCGTCTACTG-1_V13B23-285_A1,6
GCTAGAGTAGAGATGT-1_V13B23-285_A1,6
GCTAGCACCTGGGCCA-1_V13B23-285_A1,4
GCTAGCTTGAATAGCT-1_V13B23-285_A1,7
GCTAGGCACCACGGAG-1_V13B23-285_A1,6
GCTAGTAGAGCTTGTA-1_V13B23-285_A1,7
GCTAGTTTCATTGAGG-1_V13B23-285_A1,11
GCTATACGTCTCGGAC-1_V13B23-285_A1,6
GCTATCATACTCATGG-1_V13B23-285_A1,6
GCTATCGCGGCGCAAC-1_V13B23-285_A1,11
GCTATGCCAGCTTATG-1_V13B23-285_A1,7
GCTCAACCTCTTAGAG-1_V13B23-285_A1,7
GCTCAATCCGTTTATT-1_V13B23-285_A1,7
GCTCAATGTAATACCG-1_V13B23-285_A1,1
GCTCATTACTGCATGT-1_V13B23-285_A1,10
GCTCCATGCAAAGCAA-1_V13B23-285_A1,1
GCTCCCAGTCGGTCCA-1_V13B23-285_A1,6
GCTCCGCTCGCTTCAG-1_V13B23-285_A1,6
GCTCCTGACATACTGG-1_V13B23-285_A1,1
GCTCGCGGTTCCGCTC-1_V13B23-285_A1,7
GCTCGCTCATGTCCAA-1_V13B23-285_A1,6
GCTCGGAATTTAAAGC-1_V13B23-285_A1,5
GCTCTAAACCCTGACG-1_V13B23-285_A1,7
GCTCTATGTTACGTGC-1_V13B23-285_A1,7
GCTCTCGGGTACCGAA-1_V13B23-285_A1,7
GCTCTTTCCGCTAGTG-1_V13B23-285_A1,1
GCTGAACTCTCCAGGG-1_V13B23-285_A1,6
GCTGAATCTTCCAATC-1_V13B23-285_A1,1
GCTGAGCAACGGTTCT-1_V13B23-285_A1,7
GCTGAGGCGTGAGTAT-1_V13B23-285_A1,7
GCTGCACGGTTTCTTA-1_V13B23-285_A1,7
GCTGCGCCTCCCACGT-1_V13B23-285_A1,7
GCTGCTAAGTAGTCGA-1_V13B23-285_A1,1
GCTGCTACTGCGTAGC-1_V13B23-285_A1,6
GCTGCTCTCCGGACAC-1_V13B23-285_A1,7
GCTGGCAGGTGCCGTG-1_V13B23-285_A1,7
GCTGGCATATTCACCT-1_V13B23-285_A1,7
GCTGGCGGCGCATGCT-1_V13B23-285_A1,9
GCTGGGTCCGCTGTTA-1_V13B23-285_A1,2
GCTGGTTTAGGCCATA-1_V13B23-285_A1,1
GCTGTATTACTGGCCC-1_V13B23-285_A1,7
GCTGTTGCTACCGAAC-1_V13B23-285_A1,6
GCTTAATGTAACTAAC-1_V13B23-285_A1,1
GCTTACGTAGTTAGTA-1_V13B23-285_A1,4
GCTTATGAAGCAGGAA-1_V13B23-285_A1,6
GCTTCCAGCTTAGATT-1_V13B23-285_A1,11
GCTTCCGTCCCTAGAC-1_V13B23-285_A1,1
GCTTGAGTGACCTCTG-1_V13B23-285_A1,6
GCTTGATGATAATCAG-1_V13B23-285_A1,1
GCTTGGATCGATTAGG-1_V13B23-285_A1,6
GCTTTACACAACTGGG-1_V13B23-285_A1,6
GCTTTCAGAGGAGGTG-1_V13B23-285_A1,6
GGAAACCTTGTTGAAT-1_V13B23-285_A1,3
GGAAACTAAATGGGCC-1_V13B23-285_A1,6
GGAAAGTGCCCATGCC-1_V13B23-285_A1,6
GGAACCCGAACAAGAA-1_V13B23-285_A1,7
GGAACCGTGTAAATTG-1_V13B23-285_A1,7
GGAACCTTGACTCTGC-1_V13B23-285_A1,1
GGAACGGCCTGCAGCC-1_V13B23-285_A1,7
GGAACTTTGGCGATTA-1_V13B23-285_A1,6
GGAAGCTCGCTTACAG-1_V13B23-285_A1,10
GGAATAACCTCAAGAA-1_V13B23-285_A1,10
GGAATGCGCTAGCGTG-1_V13B23-285_A1,1
GGACAACCATGAAGCC-1_V13B23-285_A1,6
GGACAAGTTGCAGTGA-1_V13B23-285_A1,7
GGACACAAGTTTACAC-1_V13B23-285_A1,6
GGACCAACAGGATAAC-1_V13B23-285_A1,7
GGACCTCTAGGCCGCC-1_V13B23-285_A1,1
GGACGGGCGACCAACC-1_V13B23-285_A1,6
GGACTAAGTCAGGAGT-1_V13B23-285_A1,7
GGACTCACAAATTAGG-1_V13B23-285_A1,6
GGACTCGTGAGTGGTC-1_V13B23-285_A1,1
GGACTCTTTGACTAAG-1_V13B23-285_A1,6
GGAGAAGTCATTGGCA-1_V13B23-285_A1,1
GGAGACCAATGTGCTT-1_V13B23-285_A1,10
GGAGACCATCTACATA-1_V13B23-285_A1,7
GGAGACGACACCTTTG-1_V13B23-285_A1,7
GGAGCAACATTTCAAG-1_V13B23-285_A1,6
GGAGCACCAAGAACTA-1_V13B23-285_A1,1
GGAGCGAGGCCTACTT-1_V13B23-285_A1,6
GGAGGATTGAAAGGAG-1_V13B23-285_A1,8
GGAGGCCGAAGTCGTC-1_V13B23-285_A1,6
GGAGGGCTTGGTTGGC-1_V13B23-285_A1,1
GGAGGGTCAAGTAAGA-1_V13B23-285_A1,6
GGAGTACACATGAGCT-1_V13B23-285_A1,11
GGAGTGCCGCCCTGGA-1_V13B23-285_A1,7
GGAGTTGATTCTGTGT-1_V13B23-285_A1,6
GGATACTCATGAATTG-1_V13B23-285_A1,11
GGATCAAAGGACGAGG-1_V13B23-285_A1,10
GGATCAGAGCCATCAG-1_V13B23-285_A1,7
GGATCATCCCGTACGC-1_V13B23-285_A1,8
GGATCCCTACCAGCTA-1_V13B23-285_A1,11
GGATCCGGAATATACT-1_V13B23-285_A1,1
GGATCTTACTGCCCTT-1_V13B23-285_A1,1
GGATCTTGACTCAACC-1_V13B23-285_A1,7
GGATGAAGATCGCTGA-1_V13B23-285_A1,6
GGATGACGCGAGTTTA-1_V13B23-285_A1,7
GGATGCTGGCGTTCCT-1_V13B23-285_A1,7
GGATGGCTTGAAGTAT-1_V13B23-285_A1,6
GGATGTCCTTACCGCA-1_V13B23-285_A1,6
GGATTAATCATGGACC-1_V13B23-285_A1,6
GGATTCAGTACGGTGG-1_V13B23-285_A1,11
GGATTCCGCTATACCC-1_V13B23-285_A1,11
GGATTGCTGTGACTCC-1_V13B23-285_A1,6
GGATTTCACTTCTATA-1_V13B23-285_A1,1
GGCAAAGGCGCCAATA-1_V13B23-285_A1,7
GGCAAATTACTTTACT-1_V13B23-285_A1,7
GGCAAGCCCATAGTGG-1_V13B23-285_A1,1
GGCAAGGCGAAATAGC-1_V13B23-285_A1,7
GGCAATAGTCAATGAG-1_V13B23-285_A1,1
GGCACTCCACTGGGCA-1_V13B23-285_A1,7
GGCACTGCGGTGGTTT-1_V13B23-285_A1,6
GGCAGAGAGATCGGGA-1_V13B23-285_A1,7
GGCAGCAAACCTATGC-1_V13B23-285_A1,6
GGCATACAGGTAGCGG-1_V13B23-285_A1,7
GGCATATCGGTTCTGC-1_V13B23-285_A1,11
GGCATCAACGAGCACG-1_V13B23-285_A1,10
GGCCACAAGCGATGGC-1_V13B23-285_A1,11
GGCCACACGAAAGCCT-1_V13B23-285_A1,7
GGCCCAGCTGGTTTGC-1_V13B23-285_A1,6
GGCCCGGAGCATGTCT-1_V13B23-285_A1,4
GGCCCGTATACCATGC-1_V13B23-285_A1,4
GGCCCTCACCCACTTA-1_V13B23-285_A1,7
GGCCGAGACTCTGGTG-1_V13B23-285_A1,1
GGCCGCAGGAACCGCA-1_V13B23-285_A1,6
GGCCGGCGTCTGCTAT-1_V13B23-285_A1,6
GGCCGTTTGGGTTTCA-1_V13B23-285_A1,1
GGCCTGCTTCTCCCGA-1_V13B23-285_A1,6
GGCCTTTGCAACTGGC-1_V13B23-285_A1,7
GGCGAAATCTAACTTG-1_V13B23-285_A1,1
GGCGAGCATCGAGGAC-1_V13B23-285_A1,8
GGCGAGCGAAACGGCA-1_V13B23-285_A1,7
GGCGCAGGACATCTTC-1_V13B23-285_A1,7
GGCGCATGAATTGATG-1_V13B23-285_A1,7
GGCGCGGAGATCTTTC-1_V13B23-285_A1,6
GGCGCGTTCGAGTTTA-1_V13B23-285_A1,7
GGCGCTCCTCATCAAT-1_V13B23-285_A1,11
GGCGCTTCATTCCCTG-1_V13B23-285_A1,6
GGCGGAGTAATATTAG-1_V13B23-285_A1,7
GGCGGTAGGATCATTG-1_V13B23-285_A1,1
GGCGGTTTGCCGGTGC-1_V13B23-285_A1,11
GGCGTACCCTATATAA-1_V13B23-285_A1,10
GGCGTAGGGAAAGCTG-1_V13B23-285_A1,6
GGCGTCCTATCCGCTG-1_V13B23-285_A1,7
GGCTAAAGGGCGGGTC-1_V13B23-285_A1,3
GGCTACTATACACTCC-1_V13B23-285_A1,1
GGCTATTAAGTTGTAT-1_V13B23-285_A1,7
GGCTCCTCCACCTGTT-1_V13B23-285_A1,1
GGCTCGCGTTGAGGTA-1_V13B23-285_A1,1
GGCTCGTGCCACCAGC-1_V13B23-285_A1,1
GGCTCTGCTCCAACGC-1_V13B23-285_A1,7
GGCTGAAATAGCAAAG-1_V13B23-285_A1,1
GGCTGGCTAGCTTAAA-1_V13B23-285_A1,11
GGCTTGGCTCTCACCT-1_V13B23-285_A1,7
GGCTTTCAATAAGGGT-1_V13B23-285_A1,1
GGGAAAGAATGCCAAC-1_V13B23-285_A1,6
GGGAACCACCTGTTTC-1_V13B23-285_A1,11
GGGAACGGGAGGTTAG-1_V13B23-285_A1,7
GGGAACGGTTTCAGAT-1_V13B23-285_A1,1
GGGAAGACGGTCTGTC-1_V13B23-285_A1,6
GGGAAGGGCTTTCTCA-1_V13B23-285_A1,6
GGGAATGAGCCCTCAC-1_V13B23-285_A1,8
GGGAATTCTGTCCAGT-1_V13B23-285_A1,7
GGGACAGAGTTACTCC-1_V13B23-285_A1,7
GGGACCCGTATATCTT-1_V13B23-285_A1,1
GGGACTGCATAGATAG-1_V13B23-285_A1,7
GGGAGAACTCACAGTA-1_V13B23-285_A1,7
GGGAGCGACCGTAGTG-1_V13B23-285_A1,6
GGGAGGATGCCCGAAA-1_V13B23-285_A1,7
GGGAGTAATGGCTGGC-1_V13B23-285_A1,11
GGGAGTTAATGAGGCG-1_V13B23-285_A1,7
GGGATACGGTAATAAT-1_V13B23-285_A1,7
GGGATGGTCGTAACCG-1_V13B23-285_A1,7
GGGATTTACCGCACCT-1_V13B23-285_A1,1
GGGCAACCGCACGTGC-1_V13B23-285_A1,7
GGGCAGACGTCACTGC-1_V13B23-285_A1,7
GGGCAGAGCAATCGTT-1_V13B23-285_A1,1
GGGCAGTCAACGCCAA-1_V13B23-285_A1,6
GGGCCCGTCTTAAACA-1_V13B23-285_A1,7
GGGCCCTACGAAAGGG-1_V13B23-285_A1,7
GGGCCCTTATCTATAC-1_V13B23-285_A1,7
GGGCCGGCCGAAGTAC-1_V13B23-285_A1,1
GGGCCTAAATGGGCTA-1_V13B23-285_A1,7
GGGCGAATTTCTCCAC-1_V13B23-285_A1,7
GGGCGATATGTGTGAA-1_V13B23-285_A1,7
GGGCGCAGCGTTACTC-1_V13B23-285_A1,4
GGGCGGCAAATGAATT-1_V13B23-285_A1,7
GGGCGGGTTCCCTACG-1_V13B23-285_A1,7
GGGCGGTCCTATTGTC-1_V13B23-285_A1,11
GGGCGTACATTTATAT-1_V13B23-285_A1,7
GGGCGTCACCACGTAA-1_V13B23-285_A1,7
GGGCGTCCACTGGCTC-1_V13B23-285_A1,11
GGGCGTGGTTTCCCAG-1_V13B23-285_A1,6
GGGCTACTATTTCGTG-1_V13B23-285_A1,7
GGGCTATGATCGATGG-1_V13B23-285_A1,1
GGGCTCATCGAACCCA-1_V13B23-285_A1,5
GGGCTGCCTAGGGCGA-1_V13B23-285_A1,7
GGGCTGGTTAGTCGCG-1_V13B23-285_A1,7
GGGTAATGCTGTGTTT-1_V13B23-285_A1,11
GGGTACACTCTGGAGG-1_V13B23-285_A1,2
GGGTACCCACGGTCCT-1_V13B23-285_A1,11
GGGTACTTCATGAACT-1_V13B23-285_A1,7
GGGTATGTATGCACTT-1_V13B23-285_A1,7
GGGTATTCTAGCAAAC-1_V13B23-285_A1,7
GGGTCACCGTGACGGT-1_V13B23-285_A1,7
GGGTCAGGAGCTAGAT-1_V13B23-285_A1,1
GGGTCATGCGTACCAT-1_V13B23-285_A1,7
GGGTCGTGGCAAGTGT-1_V13B23-285_A1,6
GGGTCTATCGCTTTCC-1_V13B23-285_A1,6
GGGTGACACCTTAACT-1_V13B23-285_A1,7
GGGTGCATATGAAAGC-1_V13B23-285_A1,6
GGGTGGTCCAGCCTGT-1_V13B23-285_A1,8
GGGTGTTTCAGCTATG-1_V13B23-285_A1,1
GGGTTAACATTTGAGT-1_V13B23-285_A1,7
GGGTTCAGACGAACAA-1_V13B23-285_A1,9
GGGTTTAGGATAGGAT-1_V13B23-285_A1,6
GGTAAACTCTGCGCTG-1_V13B23-285_A1,6
GGTAACCGGGAGGATA-1_V13B23-285_A1,1
GGTAACTATGTATCTG-1_V13B23-285_A1,11
GGTACAAACATGCTAT-1_V13B23-285_A1,7
GGTACACCAGATTTAT-1_V13B23-285_A1,4
GGTACATCTGGGACGA-1_V13B23-285_A1,7
GGTACCATTAAGACGG-1_V13B23-285_A1,6
GGTACGTTGCGGCCGG-1_V13B23-285_A1,6
GGTACTAAGTGCTTTG-1_V13B23-285_A1,6
GGTAGAAGACCGCCTG-1_V13B23-285_A1,4
GGTAGACCGTTGGGCG-1_V13B23-285_A1,7
GGTAGTGCTCGCACCA-1_V13B23-285_A1,9
GGTATAGTGACACATA-1_V13B23-285_A1,4
GGTATTGCCGAGTTTA-1_V13B23-285_A1,7
GGTCAAGACTACTTCG-1_V13B23-285_A1,6
GGTCACGTTAGATTCA-1_V13B23-285_A1,11
GGTCAGTGGGTCCCAC-1_V13B23-285_A1,7
GGTCCTTCATACGACT-1_V13B23-285_A1,11
GGTCGGATAAACGGCG-1_V13B23-285_A1,6
GGTCGGCCAGGAGCTT-1_V13B23-285_A1,1
GGTCGGTAATTAGACA-1_V13B23-285_A1,11
GGTCGGTCGTCCACAG-1_V13B23-285_A1,1
GGTCGTAAGCTCGCAC-1_V13B23-285_A1,7
GGTCTCCGTCCAGGTT-1_V13B23-285_A1,6
GGTCTCTGAATGGACT-1_V13B23-285_A1,7
GGTCTGAGAATCTGGA-1_V13B23-285_A1,1
GGTCTTGAGCGCTCTT-1_V13B23-285_A1,1
GGTGAAACCGGGAATG-1_V13B23-285_A1,11
GGTGAACGGGCTAGCC-1_V13B23-285_A1,11
GGTGAAGTACAGGGAT-1_V13B23-285_A1,7
GGTGAGATGCAGATAA-1_V13B23-285_A1,11
GGTGATAAGGAGCAGT-1_V13B23-285_A1,1
GGTGATGAAGGAAGTG-1_V13B23-285_A1,7
GGTGATTTCATCTTGT-1_V13B23-285_A1,11
GGTGCATAAATGATTA-1_V13B23-285_A1,1
GGTGCGGATAAGTGGC-1_V13B23-285_A1,11
GGTGCTGATCACAAAG-1_V13B23-285_A1,7
GGTGCTGGTACACATT-1_V13B23-285_A1,7
GGTGGACTGCTCTGGC-1_V13B23-285_A1,6
GGTGGAGGTTGATACG-1_V13B23-285_A1,4
GGTGTAAATCGATTGT-1_V13B23-285_A1,6
GGTGTTGGGCGTCTTA-1_V13B23-285_A1,6
GGTTACCACCCTCGGG-1_V13B23-285_A1,7
GGTTACCCGACACTTT-1_V13B23-285_A1,4
GGTTAGCTATATGTCT-1_V13B23-285_A1,1
GGTTAGGCTTGGAGAA-1_V13B23-285_A1,7
GGTTAGTTACGGCGCC-1_V13B23-285_A1,7
GGTTCGGATTATACTA-1_V13B23-285_A1,7
GGTTCTACTCGTCTGA-1_V13B23-285_A1,6
GGTTGTATCGTGAAAT-1_V13B23-285_A1,10
GGTTGTGCTCTTGTCC-1_V13B23-285_A1,7
GGTTGTGTAGCCTGGC-1_V13B23-285_A1,7
GGTTTAATTACCATCG-1_V13B23-285_A1,1
GGTTTAATTGAGCAGG-1_V13B23-285_A1,4
GGTTTACAATCTCAAT-1_V13B23-285_A1,7
GGTTTAGCCTTTCTTG-1_V13B23-285_A1,6
GGTTTCAATCGGTCAG-1_V13B23-285_A1,6
GGTTTGAGTGCTGGAA-1_V13B23-285_A1,11
GGTTTGTGACCTGAGG-1_V13B23-285_A1,6
GTAACATCTAAGATAA-1_V13B23-285_A1,6
GTAACTGCCCAAGGAG-1_V13B23-285_A1,1
GTAACTTGCGGCAGTC-1_V13B23-285_A1,11
GTAAGCGGGCAGTCAG-1_V13B23-285_A1,7
GTAAGTAACAGTCTGG-1_V13B23-285_A1,1
GTAAGTAGGGTATACC-1_V13B23-285_A1,7
GTAAGTCCACACTCTA-1_V13B23-285_A1,6
GTAATAAAGGGCTCCC-1_V13B23-285_A1,6
GTAATCTGATTCTTCG-1_V13B23-285_A1,7
GTACACTTACCTGAAG-1_V13B23-285_A1,9
GTACAGAGGCAAGGGT-1_V13B23-285_A1,1
GTACGACGGCGCTGCG-1_V13B23-285_A1,11
GTACGAGATTGCGACA-1_V13B23-285_A1,7
GTACGCTTCATTGCAC-1_V13B23-285_A1,1
GTACGTTTGCCCGTCA-1_V13B23-285_A1,7
GTACTAAGATTTGGAG-1_V13B23-285_A1,7
GTACTCCCTTATCGCT-1_V13B23-285_A1,7
GTACTCCTGGGTATGC-1_V13B23-285_A1,6
GTACTGAGGTCGTAAC-1_V13B23-285_A1,11
GTACTGCATGAAGCGT-1_V13B23-285_A1,11
GTACTGGAGTTAGACC-1_V13B23-285_A1,1
GTACTTGGGCACTTCT-1_V13B23-285_A1,11
GTAGAAACGGGTGGAG-1_V13B23-285_A1,7
GTAGACAACCGATGAA-1_V13B23-285_A1,10
GTAGACACGCCTGACT-1_V13B23-285_A1,1
GTAGACGTCGTTACAT-1_V13B23-285_A1,11
GTAGAGGGAGACAAGT-1_V13B23-285_A1,7
GTAGCCAAACATGGGA-1_V13B23-285_A1,1
GTAGCGCTGTTGTAGT-1_V13B23-285_A1,1
GTAGCGGCTATACACT-1_V13B23-285_A1,7
GTAGCTCCGGGAGGCT-1_V13B23-285_A1,1
GTAGCTTCCTCTTGTT-1_V13B23-285_A1,1
GTAGGTGATCCGTGTA-1_V13B23-285_A1,11
GTAGTCGCGGGAATCA-1_V13B23-285_A1,1
GTAGTCTACGATATTG-1_V13B23-285_A1,6
GTAGTGAGCAACCTCA-1_V13B23-285_A1,6
GTAGTTCGAAGGCGAA-1_V13B23-285_A1,1
GTATAATCTCCCGGAT-1_V13B23-285_A1,11
GTATAGGACTCAGTAG-1_V13B23-285_A1,7
GTATATGTTACGGCGG-1_V13B23-285_A1,11
GTATCAAACGTTAGCT-1_V13B23-285_A1,6
GTATCAGCTTGGGTTC-1_V13B23-285_A1,11
GTATCCTTTGGTAACC-1_V13B23-285_A1,6
GTATCGGGACGAGCTG-1_V13B23-285_A1,11
GTATCTCAGTCTTGAC-1_V13B23-285_A1,1
GTATCTTTCATAACCA-1_V13B23-285_A1,7
GTATGAAATTTCACTC-1_V13B23-285_A1,7
GTATGACGTGGGAAAC-1_V13B23-285_A1,11
GTATGTGGGTCTAGTT-1_V13B23-285_A1,4
GTATTAAGGCGTCTAA-1_V13B23-285_A1,11
GTATTCTGAGAAACGA-1_V13B23-285_A1,7
GTATTCTTACCGTGCT-1_V13B23-285_A1,11
GTATTTAATGGCATAA-1_V13B23-285_A1,6
GTCAAAGAAGTGGTGT-1_V13B23-285_A1,7
GTCAAAGTTTACATAG-1_V13B23-285_A1,11
GTCAACCAGGCCTATA-1_V13B23-285_A1,6
GTCAAGCGGACTCGGG-1_V13B23-285_A1,9
GTCAATGCTATAATTT-1_V13B23-285_A1,10
GTCAATTGTACTGAAG-1_V13B23-285_A1,11
GTCACAAAGTTTCCAA-1_V13B23-285_A1,4
GTCACTCTCCAAATCT-1_V13B23-285_A1,7
GTCAGAATAGTCTATG-1_V13B23-285_A1,7
GTCAGACAGCGTTGGA-1_V13B23-285_A1,2
GTCAGTTGTGCTCGTT-1_V13B23-285_A1,10
GTCAGTTTGGTAGTCG-1_V13B23-285_A1,7
GTCATCTCCTACAGCT-1_V13B23-285_A1,11
GTCATGCACCTCCGTT-1_V13B23-285_A1,7
GTCATGCGCGAGGGCT-1_V13B23-285_A1,6
GTCATGGACATGACTA-1_V13B23-285_A1,9
GTCATTAGAGCGAACG-1_V13B23-285_A1,7
GTCATTGCATTGACCC-1_V13B23-285_A1,7
GTCCAATATTTAGCCT-1_V13B23-285_A1,1
GTCCACGTCGCATTCG-1_V13B23-285_A1,6
GTCCATTACTGCTACG-1_V13B23-285_A1,6
GTCCCAACGTAAAGTA-1_V13B23-285_A1,7
GTCCCAATCATCCCGC-1_V13B23-285_A1,7
GTCCCGCGACGTTATG-1_V13B23-285_A1,6
GTCCGAGAGCAATCAT-1_V13B23-285_A1,7
GTCCGGACCTGAAATT-1_V13B23-285_A1,6
GTCCGGCTGAATTGCG-1_V13B23-285_A1,7
GTCCGGGTTCACATTA-1_V13B23-285_A1,6
GTCCTACAGGCGGCTC-1_V13B23-285_A1,11
GTCCTACGAATAGTCT-1_V13B23-285_A1,6
GTCCTACTCTACGGGC-1_V13B23-285_A1,1
GTCCTATTGTTGTGGT-1_V13B23-285_A1,7
GTCCTTCTACAACCCA-1_V13B23-285_A1,7
GTCCTTCTAGTGGGTT-1_V13B23-285_A1,8
GTCGATAGGTGACTTT-1_V13B23-285_A1,6
GTCGCCGTTGTGTGTT-1_V13B23-285_A1,1
GTCGCGTAACCCGTTG-1_V13B23-285_A1,7
GTCGGATATCTCAGAC-1_V13B23-285_A1,7
GTCGGATGTAGCGCGC-1_V13B23-285_A1,11
GTCGGGAACATGGTAG-1_V13B23-285_A1,7
GTCGGGAAGCAGAAAC-1_V13B23-285_A1,1
GTCGTACCATCTCGGG-1_V13B23-285_A1,7
GTCGTACCTACGATTG-1_V13B23-285_A1,7
GTCGTATTGGCGTACA-1_V13B23-285_A1,11
GTCGTCAATTATAAGG-1_V13B23-285_A1,11
GTCGTCTGGTTGGCTA-1_V13B23-285_A1,6
GTCGTGTCTGGTCATC-1_V13B23-285_A1,6
GTCGTTATTCGCTTAT-1_V13B23-285_A1,1
GTCTACTCAATTACAA-1_V13B23-285_A1,7
GTCTAGTGAGCCGCTT-1_V13B23-285_A1,6
GTCTATCTGAGTTTCT-1_V13B23-285_A1,7
GTCTATTGCATGCTCG-1_V13B23-285_A1,6
GTCTATTGGTTCCGGT-1_V13B23-285_A1,6
GTCTCAAGGCCCGGCT-1_V13B23-285_A1,1
GTCTCCCGAGTCCCGT-1_V13B23-285_A1,6
GTCTCCTGCCAGTATG-1_V13B23-285_A1,1
GTCTCGACTAAGTTTG-1_V13B23-285_A1,6
GTCTCGATCTGCTTTC-1_V13B23-285_A1,5
GTCTGGGCGGTCGAGA-1_V13B23-285_A1,7
GTCTTAGTACAGCCGG-1_V13B23-285_A1,2
GTCTTCCTCACCTAAG-1_V13B23-285_A1,7
GTCTTGAGGAGCAGTG-1_V13B23-285_A1,4
GTCTTGTAGCTATTCA-1_V13B23-285_A1,6
GTGAAACGGCGCCACC-1_V13B23-285_A1,5
GTGAAACGTGCTCCAC-1_V13B23-285_A1,11
GTGAACTCCCATTCGA-1_V13B23-285_A1,6
GTGAAGATTTCAAGTG-1_V13B23-285_A1,6
GTGAAGCCGTATAGTC-1_V13B23-285_A1,2
GTGAAGTCACGACTCG-1_V13B23-285_A1,7
GTGACAGCTTCCCACT-1_V13B23-285_A1,6
GTGACCGCACACTACG-1_V13B23-285_A1,1
GTGACCTAAAGAATAA-1_V13B23-285_A1,6
GTGACGAGGGTGACCC-1_V13B23-285_A1,4
GTGACGCAGGTTTCAT-1_V13B23-285_A1,6
GTGACTTCAGTAGTGC-1_V13B23-285_A1,7
GTGAGCGTGCTGCACT-1_V13B23-285_A1,7
GTGAGGACACTTAAGG-1_V13B23-285_A1,1
GTGAGGAGCGGTTGAG-1_V13B23-285_A1,8
GTGAGTCTAAGACGGA-1_V13B23-285_A1,7
GTGAGTGGTACAACGC-1_V13B23-285_A1,7
GTGATCAAGCGTGCAC-1_V13B23-285_A1,1
GTGATCACTAACGCCT-1_V13B23-285_A1,6
GTGATCATAGATCTGC-1_V13B23-285_A1,7
GTGATCCTTGTCATGA-1_V13B23-285_A1,6
GTGATTCGCCGCTCAA-1_V13B23-285_A1,7
GTGCAACAAATGTGGC-1_V13B23-285_A1,11
GTGCACCAGCTTCAAC-1_V13B23-285_A1,1
GTGCACGAAAGTGACT-1_V13B23-285_A1,1
GTGCCATCACACGGTG-1_V13B23-285_A1,7
GTGCCCGTTCGGATTC-1_V13B23-285_A1,1
GTGCCGCTTCAAAGGT-1_V13B23-285_A1,7
GTGCCTAGCTATGCTT-1_V13B23-285_A1,11
GTGCCTGAGACCAAAC-1_V13B23-285_A1,6
GTGCGAAATCGAACAC-1_V13B23-285_A1,7
GTGCGACAGGGAGTGT-1_V13B23-285_A1,6
GTGCGCAGCTTGCTCC-1_V13B23-285_A1,11
GTGCGCTTACAAATGA-1_V13B23-285_A1,2
GTGCGGGACCATCGGC-1_V13B23-285_A1,11
GTGCGGGTCTCCAAAT-1_V13B23-285_A1,7
GTGCGTGTATATGAGC-1_V13B23-285_A1,1
GTGCTCAAGTACTGTC-1_V13B23-285_A1,9
GTGCTGCAGATAAGGA-1_V13B23-285_A1,7
GTGCTTACATCAGCGC-1_V13B23-285_A1,6
GTGGAACCTACATGCG-1_V13B23-285_A1,11
GTGGACCAACCCGATT-1_V13B23-285_A1,7
GTGGACGCATTTGTCC-1_V13B23-285_A1,1
GTGGACGTGCTGAGAC-1_V13B23-285_A1,11
GTGGAGCGTTTACCGA-1_V13B23-285_A1,1
GTGGAGTCGGCGGTTG-1_V13B23-285_A1,7
GTGGCAAACAGCGGCA-1_V13B23-285_A1,7
GTGGCCTAATATCATT-1_V13B23-285_A1,7
GTGGCGGTCCCAGCGT-1_V13B23-285_A1,7
GTGGCTGTTTCTGTTC-1_V13B23-285_A1,6
GTGGGAAGACTGAATC-1_V13B23-285_A1,7
GTGGGCTTAGACACAC-1_V13B23-285_A1,7
GTGGGTACTGAGCGTA-1_V13B23-285_A1,7
GTGGGTCTTCTTTGCG-1_V13B23-285_A1,2
GTGGTATAGTCTGCCG-1_V13B23-285_A1,1
GTGGTGGCCAAGTGAA-1_V13B23-285_A1,1
GTGGTTACTTCTTTCG-1_V13B23-285_A1,6
GTGGTTTCCGCCTTTC-1_V13B23-285_A1,7
GTGTACCTTGGCTACG-1_V13B23-285_A1,1
GTGTACGAACCGTTCC-1_V13B23-285_A1,4
GTGTATATCAGCGGGC-1_V13B23-285_A1,6
GTGTATGACTTTAAAG-1_V13B23-285_A1,11
GTGTCGTATAGCGTTC-1_V13B23-285_A1,6
GTGTGAATAACTTAGG-1_V13B23-285_A1,1
GTGTGAGCCGAGGTGC-1_V13B23-285_A1,11
GTGTGTCGACGTCGCT-1_V13B23-285_A1,11
GTGTTACTATGCGTCC-1_V13B23-285_A1,7
GTTAAAGTAGGACTGG-1_V13B23-285_A1,1
GTTAACATCACTTAAA-1_V13B23-285_A1,6
GTTAACTATGTTGTCA-1_V13B23-285_A1,6
GTTAAGGGTGCGATGT-1_V13B23-285_A1,1
GTTAAGTTAGAGTGGG-1_V13B23-285_A1,4
GTTAATGTCTATCTTA-1_V13B23-285_A1,7
GTTACAATTGGTGACG-1_V13B23-285_A1,7
GTTACCTACAACTTGC-1_V13B23-285_A1,7
GTTACGAAATCCACGC-1_V13B23-285_A1,11
GTTACGGCCCGACTGC-1_V13B23-285_A1,11
GTTACTTTGGGCCTAG-1_V13B23-285_A1,7
GTTAGAGTGTGCCGCT-1_V13B23-285_A1,8
GTTAGCCCATGACATC-1_V13B23-285_A1,6
GTTAGCCGTAAATCAA-1_V13B23-285_A1,6
GTTAGGCTACCCGTTT-1_V13B23-285_A1,7
GTTATAATACGGTGAA-1_V13B23-285_A1,6
GTTATATCAGGAGCCA-1_V13B23-285_A1,4
GTTATATTATCTCCCT-1_V13B23-285_A1,7
GTTATCAAGCTATCGA-1_V13B23-285_A1,6
GTTATCACCTTCTGAA-1_V13B23-285_A1,10
GTTATTAACGTGGGAG-1_V13B23-285_A1,6
GTTCAAATCAGATGTC-1_V13B23-285_A1,7
GTTCACAGGAGTCTAG-1_V13B23-285_A1,5
GTTCAGTCGCCAAATG-1_V13B23-285_A1,11
GTTCATCGTTTGGCTG-1_V13B23-285_A1,6
GTTCCAAGACAGCGAC-1_V13B23-285_A1,11
GTTCCAGTCTGACCAT-1_V13B23-285_A1,7
GTTCCCGTAAACATAT-1_V13B23-285_A1,6
GTTCGCCATAAGTGCC-1_V13B23-285_A1,7
GTTCGCTGAGACGTCT-1_V13B23-285_A1,6
GTTCGGAGCACTCAAC-1_V13B23-285_A1,6
GTTCGGATCGGGAACA-1_V13B23-285_A1,4
GTTCGGGCGTACCATT-1_V13B23-285_A1,6
GTTCGTCTAAAGAACT-1_V13B23-285_A1,6
GTTCGTCTGGGTCCCT-1_V13B23-285_A1,10
GTTCGTTGCGGACCAG-1_V13B23-285_A1,11
GTTCTTCCCTCGATGT-1_V13B23-285_A1,11
GTTGAACCGGTTCCAT-1_V13B23-285_A1,5
GTTGAGTCCCGCCGGT-1_V13B23-285_A1,6
GTTGCACGGAGTTTCG-1_V13B23-285_A1,7
GTTGCGCTAACATTAC-1_V13B23-285_A1,6
GTTGCGGACGGTCAGG-1_V13B23-285_A1,6
GTTGGACCGCATCAGG-1_V13B23-285_A1,10
GTTGGATTCAGTGGCT-1_V13B23-285_A1,4
GTTGGATTGAGAACAC-1_V13B23-285_A1,1
GTTGGATTTGCGTTGG-1_V13B23-285_A1,7
GTTGGTCATGCTATCC-1_V13B23-285_A1,1
GTTGTAGATTTATGAG-1_V13B23-285_A1,11
GTTGTCGTGTTAGTTG-1_V13B23-285_A1,11
GTTTACGTTCCATCTG-1_V13B23-285_A1,7
GTTTATGGGATTTAGA-1_V13B23-285_A1,7
GTTTCAAACGAGTTGT-1_V13B23-285_A1,6
GTTTCATATCGTCGCT-1_V13B23-285_A1,7
GTTTCCTGGAGGGTGA-1_V13B23-285_A1,7
GTTTCTAGAGGCGCGG-1_V13B23-285_A1,6
GTTTCTGCAGTCTCCC-1_V13B23-285_A1,7
GTTTGACCAAATCCTA-1_V13B23-285_A1,7
GTTTGAGCGGTTATGT-1_V13B23-285_A1,11
GTTTGGCCCAAGTTAT-1_V13B23-285_A1,1
GTTTGGCCGCTCAGCG-1_V13B23-285_A1,11
GTTTGGGCTTGTGAGC-1_V13B23-285_A1,7
GTTTGGGTTTCGCCCG-1_V13B23-285_A1,6
GTTTGGTAGGGTCAAC-1_V13B23-285_A1,7
GTTTGGTGATCGGTGC-1_V13B23-285_A1,1
GTTTGTTAGCCAAGTA-1_V13B23-285_A1,1
TAAACCCAGGAGGGCA-1_V13B23-285_A1,7
TAAACGTCGTCAATGA-1_V13B23-285_A1,1
TAAAGACAACCCTTTA-1_V13B23-285_A1,6
TAAAGAGCCCGAAACC-1_V13B23-285_A1,9
TAAAGCGGTATTTCCA-1_V13B23-285_A1,7
TAAAGCGTTAGGAGAA-1_V13B23-285_A1,1
TAAAGCTGCAATAGGG-1_V13B23-285_A1,3
TAAATCTTTACACCTC-1_V13B23-285_A1,12
TAAATGAATCCGTTTC-1_V13B23-285_A1,7
TAACAAAGGGAGAAGC-1_V13B23-285_A1,1
TAACAATATTTGTTGC-1_V13B23-285_A1,7
TAACAGCGTTTGTGCT-1_V13B23-285_A1,1
TAACATACAATGTGGG-1_V13B23-285_A1,7
TAACATACACGCGATC-1_V13B23-285_A1,1
TAACCGCCCGCAGTGC-1_V13B23-285_A1,11
TAACCTACCGTCCGAG-1_V13B23-285_A1,6
TAACCTAGGGAGTCCA-1_V13B23-285_A1,6
TAACGCTTTGAGAGCG-1_V13B23-285_A1,3
TAACTATCGAAGGTCC-1_V13B23-285_A1,7
TAACTATTACGCCAAA-1_V13B23-285_A1,6
TAACTCATCCGCGCGG-1_V13B23-285_A1,5
TAACTCCATGGAGGCT-1_V13B23-285_A1,12
TAAGAGGGACAGGGAC-1_V13B23-285_A1,1
TAAGATTTAGCGGGAG-1_V13B23-285_A1,11
TAAGCAGGCGACACGC-1_V13B23-285_A1,7
TAAGCGCGAATCAAAT-1_V13B23-285_A1,1
TAAGGAACTTGTGGGA-1_V13B23-285_A1,11
TAAGGCAACATAAGAT-1_V13B23-285_A1,7
TAAGGCATAACATCAA-1_V13B23-285_A1,1
TAAGGCCCGTCACCCT-1_V13B23-285_A1,6
TAAGGCTGAATCCCTC-1_V13B23-285_A1,6
TAAGGGCCTGTCCGAT-1_V13B23-285_A1,6
TAAGGGCTGGGAGAGG-1_V13B23-285_A1,7
TAAGTAACATCTTGAC-1_V13B23-285_A1,7
TAAGTCGCCGAGTATC-1_V13B23-285_A1,1
TAAGTTGCGACGTAGG-1_V13B23-285_A1,6
TAATAAACAAGGAGAT-1_V13B23-285_A1,4
TAATACACAGTAGTAT-1_V13B23-285_A1,7
TAATACTAGAACAGAC-1_V13B23-285_A1,6
TAATAGAACAGAGTTA-1_V13B23-285_A1,7
TAATAGCTAAATGATG-1_V13B23-285_A1,4
TAATAGGTCACCAGAA-1_V13B23-285_A1,1
TAATAGTGACGACCAG-1_V13B23-285_A1,1
TAATATTGAAATTCGC-1_V13B23-285_A1,1
TAATCGATCCGTACGT-1_V13B23-285_A1,5
TAATGAAAGACCCTTG-1_V13B23-285_A1,7
TAATTACGTCAGTAGA-1_V13B23-285_A1,6
TAATTAGATGGATATG-1_V13B23-285_A1,11
TAATTAGGACATCCGT-1_V13B23-285_A1,6
TAATTTCCGTCCAGTA-1_V13B23-285_A1,7
TACAACAGCGCATACA-1_V13B23-285_A1,9
TACAACGCACAACTCA-1_V13B23-285_A1,7
TACAAGCTGTTCACTG-1_V13B23-285_A1,8
TACAAGGGCTTCTTTA-1_V13B23-285_A1,6
TACAAGTCTCGTGCAT-1_V13B23-285_A1,7
TACAATGAAACCAGCA-1_V13B23-285_A1,11
TACACCGTCGTTAGTC-1_V13B23-285_A1,4
TACAGAAACGGTGGGC-1_V13B23-285_A1,6
TACATAGGCATACACC-1_V13B23-285_A1,7
TACATCCCTATCCCTG-1_V13B23-285_A1,7
TACATCTTGTTTCTTG-1_V13B23-285_A1,7
TACATGACCTTATCCG-1_V13B23-285_A1,7
TACATGCCGGAATTGT-1_V13B23-285_A1,6
TACATTTCTAACGTGC-1_V13B23-285_A1,7
TACCAAATAGCCCAGA-1_V13B23-285_A1,1
TACCAATAAAGTACCA-1_V13B23-285_A1,6
TACCAGAAGTAGGTTC-1_V13B23-285_A1,7
TACCAGCTAGGTTTAA-1_V13B23-285_A1,2
TACCATGTATTGATTT-1_V13B23-285_A1,6
TACCGAATAATTGTAA-1_V13B23-285_A1,6
TACCGCGGACTTGCAG-1_V13B23-285_A1,6
TACCGGCTCACTGCCC-1_V13B23-285_A1,7
TACCGGTCGTTTCCAT-1_V13B23-285_A1,7
TACCGTAGGTTAACTA-1_V13B23-285_A1,1
TACCGTGCCTCGGACC-1_V13B23-285_A1,1
TACCTACTCCCAGTAT-1_V13B23-285_A1,1
TACCTATCCCTAGAGG-1_V13B23-285_A1,7
TACCTCACGCTTGTAC-1_V13B23-285_A1,11
TACCTCAGTTGTCTGT-1_V13B23-285_A1,1
TACCTGCTGCACTGTG-1_V13B23-285_A1,7
TACCTTAAGATTTCCC-1_V13B23-285_A1,7
TACGAACACGACTTCA-1_V13B23-285_A1,7
TACGACGCTTGCTGCG-1_V13B23-285_A1,7
TACGACTGCCTCTTAG-1_V13B23-285_A1,7
TACGAGAACTTCACGT-1_V13B23-285_A1,7
TACGATGTTGATCATC-1_V13B23-285_A1,7
TACGCAGTTCTTTCCT-1_V13B23-285_A1,7
TACGCCATATTCTAAT-1_V13B23-285_A1,7
TACGCCGAGGGTACCC-1_V13B23-285_A1,1
TACGCCGCCTCAGAAG-1_V13B23-285_A1,4
TACGCCTCCATTCCGA-1_V13B23-285_A1,1
TACGCTATAGAAACCT-1_V13B23-285_A1,6
TACGCTCGGTATTGGA-1_V13B23-285_A1,6
TACGGAAGCCAAACCA-1_V13B23-285_A1,6
TACGGCATGGACGCTA-1_V13B23-285_A1,6
TACGGGATGCTAGCAG-1_V13B23-285_A1,5
TACGTAAAGCGGAGTG-1_V13B23-285_A1,6
TACGTACTAGTGCTGA-1_V13B23-285_A1,1
TACGTGCACTATGCTG-1_V13B23-285_A1,1
TACGTGGGCCCAGGGC-1_V13B23-285_A1,6
TACGTTTACCGGCAAT-1_V13B23-285_A1,7
TACTACGTGCAATGCG-1_V13B23-285_A1,6
TACTATGGTTCCTCAG-1_V13B23-285_A1,1
TACTCCTCTAGTTGAC-1_V13B23-285_A1,1
TACTCGGCACGCCGGG-1_V13B23-285_A1,7
TACTCTCCGAACAAAT-1_V13B23-285_A1,5
TACTCTTACTTTACTG-1_V13B23-285_A1,6
TACTCTTTCGTCTTCA-1_V13B23-285_A1,1
TACTGAACAGATTTAG-1_V13B23-285_A1,7
TACTGAGGGAAGAAAG-1_V13B23-285_A1,1
TACTGCAATCAATTAC-1_V13B23-285_A1,6
TACTGGACAGCTCGGC-1_V13B23-285_A1,7
TACTGTTTCTCTGGTA-1_V13B23-285_A1,6
TACTTAAACATGTACA-1_V13B23-285_A1,6
TACTTGTTAGTAGTCC-1_V13B23-285_A1,1
TACTTTACTGAGCCGG-1_V13B23-285_A1,6
TACTTTCCGCACGCCA-1_V13B23-285_A1,7
TAGAAACACAATAGTG-1_V13B23-285_A1,7
TAGAAAGGTGGCGCTA-1_V13B23-285_A1,1
TAGAAATTCACGTATA-1_V13B23-285_A1,7
TAGAATAGCCGATGAA-1_V13B23-285_A1,6
TAGACGAAACGCCAAT-1_V13B23-285_A1,6
TAGACGCCCGTACCGG-1_V13B23-285_A1,1
TAGACTACCTAGCGTT-1_V13B23-285_A1,6
TAGAGATCATGCAACT-1_V13B23-285_A1,7
TAGAGCTACGAAGAAC-1_V13B23-285_A1,11
TAGAGGTTCTACTTGT-1_V13B23-285_A1,6
TAGAGTCTAAGCGAAC-1_V13B23-285_A1,7
TAGATATGGACTGGAA-1_V13B23-285_A1,7
TAGATCCGAAGTCGCA-1_V13B23-285_A1,3
TAGATGGTTCCTTACT-1_V13B23-285_A1,6
TAGATTCCTGGTTATT-1_V13B23-285_A1,7
TAGCAACCTGTCACAA-1_V13B23-285_A1,1
TAGCAGTATGACTAAA-1_V13B23-285_A1,6
TAGCCAGAGGGTCCGG-1_V13B23-285_A1,11
TAGCCATTTCAAAGTC-1_V13B23-285_A1,1
TAGCCGGCGGTCAGCG-1_V13B23-285_A1,1
TAGCGTCCCTCGATTG-1_V13B23-285_A1,6
TAGCGTCCGGTGTGGT-1_V13B23-285_A1,6
TAGCGTCGAATATTGA-1_V13B23-285_A1,7
TAGCGTTGGGTCTTAC-1_V13B23-285_A1,7
TAGCTAAGTCCGGGAG-1_V13B23-285_A1,7
TAGCTAGAAGGCATGA-1_V13B23-285_A1,7
TAGCTAGTGATGATGG-1_V13B23-285_A1,1
TAGCTCGCCTGATAAC-1_V13B23-285_A1,7
TAGCTGATGTGAAGCG-1_V13B23-285_A1,7
TAGGCATGTTACGCCA-1_V13B23-285_A1,1
TAGGCCTATATAGTCT-1_V13B23-285_A1,6
TAGGCGATGAGGTCTC-1_V13B23-285_A1,1
TAGGCTAAAGTGGCAC-1_V13B23-285_A1,6
TAGGGAGCTTGGGATG-1_V13B23-285_A1,6
TAGGGTGTTTCAAGAG-1_V13B23-285_A1,7
TAGGTCCAAGTAAGGA-1_V13B23-285_A1,7
TAGGTCGCCGGAACTG-1_V13B23-285_A1,6
TAGGTGACGATAACCT-1_V13B23-285_A1,6
TAGGTGAGCCCTACTC-1_V13B23-285_A1,7
TAGGTGCTCGCCTAGC-1_V13B23-285_A1,1
TAGGTGTTCCACAGAT-1_V13B23-285_A1,1
TAGGTTCGAGTTCGTC-1_V13B23-285_A1,7
TAGTACCACAACTTTC-1_V13B23-285_A1,7
TAGTACCTTAGTGGTC-1_V13B23-285_A1,6
TAGTAGCTTATACCAG-1_V13B23-285_A1,1
TAGTCCCGGAGACCAC-1_V13B23-285_A1,1
TAGTCCGCAGAGAATG-1_V13B23-285_A1,7
TAGTCCGTATGCATAA-1_V13B23-285_A1,11
TAGTCGATCACGGGTT-1_V13B23-285_A1,6
TAGTCGGGATTCTTCG-1_V13B23-285_A1,11
TAGTCTAACAACGAGA-1_V13B23-285_A1,7
TAGTCTGTGACGTTGC-1_V13B23-285_A1,6
TAGTCTTTCCGAATTG-1_V13B23-285_A1,6
TAGTGAGAAGTGGTTG-1_V13B23-285_A1,11
TAGTGCCCTCCAGAGT-1_V13B23-285_A1,7
TAGTGCTTGAATCCTT-1_V13B23-285_A1,11
TAGTGTCAGAAACGGC-1_V13B23-285_A1,6
TAGTTAAGATAGGATA-1_V13B23-285_A1,10
TAGTTTATTCTTGCTT-1_V13B23-285_A1,11
TATAAATCCACAAGCT-1_V13B23-285_A1,1
TATAAGTGAGGATAGC-1_V13B23-285_A1,1
TATACACAGACGCCTT-1_V13B23-285_A1,7
TATACACGCAAAGTAT-1_V13B23-285_A1,11
TATACCGAGTGCCACA-1_V13B23-285_A1,6
TATACGCGTCATCACT-1_V13B23-285_A1,1
TATACTCATGCGGCAA-1_V13B23-285_A1,6
TATAGAGTCGCTTGAA-1_V13B23-285_A1,1
TATAGATGGTCGCAGT-1_V13B23-285_A1,6
TATAGCGCACGTTATC-1_V13B23-285_A1,7
TATAGGGTACTCATGA-1_V13B23-285_A1,7
TATATAGGGCTTTACG-1_V13B23-285_A1,1
TATATATCGAGAAATG-1_V13B23-285_A1,1
TATATCATTGATCAGT-1_V13B23-285_A1,7
TATATCCCTGGGAGGA-1_V13B23-285_A1,6
TATATGCTGGGTTGCC-1_V13B23-285_A1,7
TATATTCGCGTCGATA-1_V13B23-285_A1,10
TATCAAAGGTCTGTAA-1_V13B23-285_A1,7
TATCACAGCACGGGCA-1_V13B23-285_A1,8
TATCACCCAACCGACC-1_V13B23-285_A1,6
TATCACTTCGAGTAAC-1_V13B23-285_A1,3
TATCAGTGGCGTAGTC-1_V13B23-285_A1,1
TATCCAATTGGTTATC-1_V13B23-285_A1,6
TATCCATATCATGCGA-1_V13B23-285_A1,7
TATCCATCTCGGTTAG-1_V13B23-285_A1,1
TATCCGCACCGTCGGG-1_V13B23-285_A1,1
TATCCTATCAACTGGT-1_V13B23-285_A1,11
TATCCTGCATGGGAAT-1_V13B23-285_A1,11
TATCGATCTATGCATA-1_V13B23-285_A1,5
TATCGATGATTAAACG-1_V13B23-285_A1,7
TATCTACAGAGGTAAT-1_V13B23-285_A1,7
TATCTACCACAGCGGG-1_V13B23-285_A1,7
TATCTAGCCTAAAGGA-1_V13B23-285_A1,7
TATCTTGCAATACAAC-1_V13B23-285_A1,7
TATGAAGAATTAAGGT-1_V13B23-285_A1,6
TATGAAGACAGGTGCG-1_V13B23-285_A1,7
TATGACCTTGCGCTGG-1_V13B23-285_A1,7
TATGATCCGGCACGCC-1_V13B23-285_A1,4
TATGATCTTCTCTTTA-1_V13B23-285_A1,6
TATGATTCTGCTTGGT-1_V13B23-285_A1,11
TATGCTCCCTACTTAC-1_V13B23-285_A1,7
TATGGAGTTTCTCGTT-1_V13B23-285_A1,11
TATGGATGTGCTACGC-1_V13B23-285_A1,7
TATGGCAGACTTTCGA-1_V13B23-285_A1,2
TATGGCCCGGCCTCGC-1_V13B23-285_A1,7
TATGGGACCGAGCAGG-1_V13B23-285_A1,7
TATGGGTACGTATCGT-1_V13B23-285_A1,7
TATGGTCTGAGTAACA-1_V13B23-285_A1,7
TATGGTTAGTGGGAGA-1_V13B23-285_A1,6
TATGTAAAGTGCTTAA-1_V13B23-285_A1,1
TATGTCAAGACCGACT-1_V13B23-285_A1,1
TATGTCTCATTGTGCC-1_V13B23-285_A1,1
TATTAACACCAAAGCA-1_V13B23-285_A1,7
TATTAACCTGACCGCG-1_V13B23-285_A1,1
TATTACCATCCTGCTT-1_V13B23-285_A1,6
TATTATGTTTGCCTGC-1_V13B23-285_A1,7
TATTCAATTCTAATCC-1_V13B23-285_A1,7
TATTCCACTCAGCTCG-1_V13B23-285_A1,7
TATTCCGAGCTGTTAT-1_V13B23-285_A1,6
TATTCCGGCAGTCCTA-1_V13B23-285_A1,10
TATTCCTCCGCCCACT-1_V13B23-285_A1,7
TATTCGTGCCAGAATA-1_V13B23-285_A1,7
TATTGACATTTCTGCC-1_V13B23-285_A1,4
TATTGCCGGGCTTGTA-1_V13B23-285_A1,6
TATTTAGTCTAGATCG-1_V13B23-285_A1,7
TATTTATACCGAGTAG-1_V13B23-285_A1,11
TATTTGATTTGCACAG-1_V13B23-285_A1,6
TATTTGTTACCCTTTA-1_V13B23-285_A1,7
TCAAACAACCGCGTCG-1_V13B23-285_A1,7
TCAAACTTAGATTGTT-1_V13B23-285_A1,7
TCAAAGAGCTATCTGT-1_V13B23-285_A1,7
TCAAATTGTTGTGCCG-1_V13B23-285_A1,6
TCAAATTTGAGACTCA-1_V13B23-285_A1,1
TCAACAAAGATAATTC-1_V13B23-285_A1,1
TCAACACATTGGGTAA-1_V13B23-285_A1,11
TCAACATAGCGCCCTA-1_V13B23-285_A1,1
TCAACATCGACCGAGA-1_V13B23-285_A1,7
TCAACCATGTTCGGGC-1_V13B23-285_A1,7
TCAACGAGGAGACAAA-1_V13B23-285_A1,7
TCAACGCAGGAAATAA-1_V13B23-285_A1,7
TCAACGCGACCGGCAG-1_V13B23-285_A1,7
TCAACTAACGTATAAC-1_V13B23-285_A1,7
TCAACTGCAGAGTCAG-1_V13B23-285_A1,6
TCAAGAAATACTAGCT-1_V13B23-285_A1,4
TCAAGCGCGGACGGTA-1_V13B23-285_A1,6
TCAAGGTTACTACACC-1_V13B23-285_A1,6
TCAATACAATTGCTGC-1_V13B23-285_A1,7
TCAATACGCCGTCATG-1_V13B23-285_A1,1
TCACAAACCGAGGTAC-1_V13B23-285_A1,6
TCACAGATCCTCAAAC-1_V13B23-285_A1,11
TCACAGCAAACTCGAA-1_V13B23-285_A1,7
TCACAGGAGAATAAGA-1_V13B23-285_A1,7
TCACAGGGAATCGCAA-1_V13B23-285_A1,1
TCACAGGTTATTGGGC-1_V13B23-285_A1,7
TCACATCTTATCTGAT-1_V13B23-285_A1,9
TCACCCTCTTAAGATT-1_V13B23-285_A1,7
TCACCGCTCGGCACTC-1_V13B23-285_A1,1
TCACGATGTCCGTGGA-1_V13B23-285_A1,7
TCACGCATTGTAGATC-1_V13B23-285_A1,7
TCACGGTCATCGCACA-1_V13B23-285_A1,7
TCACGTGCCCGATTCA-1_V13B23-285_A1,7
TCACTACGACCAATGC-1_V13B23-285_A1,8
TCACTATCCCTTCGGT-1_V13B23-285_A1,6
TCACTATCGTGCAATC-1_V13B23-285_A1,11
TCACTCAGCGCATTAG-1_V13B23-285_A1,11
TCACTCGTGCAACGGC-1_V13B23-285_A1,4
TCACTCTTCGTCTGTC-1_V13B23-285_A1,4
TCAGAACCTCCACAGG-1_V13B23-285_A1,6
TCAGACGCTATAGAAG-1_V13B23-285_A1,1
TCAGCAAATGCATCTC-1_V13B23-285_A1,1
TCAGCAGTAGGCCCTG-1_V13B23-285_A1,1
TCAGCCAATCCGTAAA-1_V13B23-285_A1,6
TCAGGGCGACTTCCTT-1_V13B23-285_A1,7
TCAGGGCGCAAACTCG-1_V13B23-285_A1,7
TCAGGGTGTAACGTAA-1_V13B23-285_A1,6
TCAGGTTCTTTGAGAA-1_V13B23-285_A1,7
TCAGTACTGACCCGCG-1_V13B23-285_A1,7
TCAGTAGGGACTATAA-1_V13B23-285_A1,5
TCAGTGTATACGTCAT-1_V13B23-285_A1,1
TCATACTTACAGATCC-1_V13B23-285_A1,1
TCATATGAGCTTTGTT-1_V13B23-285_A1,1
TCATCACTCGAGCTCG-1_V13B23-285_A1,11
TCATCCTCAGCTGCTT-1_V13B23-285_A1,6
TCATCGACGACCGTCG-1_V13B23-285_A1,6
TCATCGATGGTCCCAA-1_V13B23-285_A1,1
TCATGCAGGTTCTCAT-1_V13B23-285_A1,11
TCATTTAAGTCTCCGA-1_V13B23-285_A1,6
TCATTTAGAAGTGTGA-1_V13B23-285_A1,6
TCCAACTCAGCTATCT-1_V13B23-285_A1,6
TCCAACTTTAAATTCT-1_V13B23-285_A1,5
TCCAAGCCTAGACACA-1_V13B23-285_A1,6
TCCAATAAAGGCTACC-1_V13B23-285_A1,1
TCCACAATGGTTTACG-1_V13B23-285_A1,7
TCCACATCGTATATTG-1_V13B23-285_A1,6
TCCACCAAGACATAGG-1_V13B23-285_A1,6
TCCACCTCTAGCCTTT-1_V13B23-285_A1,1
TCCACTTTATCTAGGT-1_V13B23-285_A1,1
TCCAGAGCACCGGTTC-1_V13B23-285_A1,7
TCCAGATGTACGCCAA-1_V13B23-285_A1,4
TCCAGCGCTATAAGCG-1_V13B23-285_A1,6
TCCAGGCGAGTACGGT-1_V13B23-285_A1,7
TCCAGGGTATATACGA-1_V13B23-285_A1,1
TCCATTAGTTGGATAG-1_V13B23-285_A1,11
TCCATTGTGACCTCGT-1_V13B23-285_A1,8
TCCCAAACAGACAACG-1_V13B23-285_A1,4
TCCCAAAGACGAAGGA-1_V13B23-285_A1,5
TCCCAAAGCCCTAAAT-1_V13B23-285_A1,4
TCCCACTCTCTTCCGG-1_V13B23-285_A1,6
TCCCAGCTTTAGTCTG-1_V13B23-285_A1,7
TCCCAGGCTTAGCTAA-1_V13B23-285_A1,7
TCCCGCCTATGTGCGT-1_V13B23-285_A1,4
TCCCGCGTACTCCTGG-1_V13B23-285_A1,7
TCCCGGGTGTGCTGCT-1_V13B23-285_A1,7
TCCCGGTCAGGAATTT-1_V13B23-285_A1,11
TCCCGTCAGTCCCGCA-1_V13B23-285_A1,7
TCCCGTCGCGTCATAG-1_V13B23-285_A1,4
TCCCGTGTGCAATTTG-1_V13B23-285_A1,1
TCCCTAGATCAATAGG-1_V13B23-285_A1,4
TCCCTCCGAAATCGTT-1_V13B23-285_A1,11
TCCCTCTTCTCAAGGG-1_V13B23-285_A1,6
TCCCTGGCGTATTAAC-1_V13B23-285_A1,1
TCCCTGGCTCGCTGGA-1_V13B23-285_A1,7
TCCCTTAGATTACTCG-1_V13B23-285_A1,11
TCCCTTGTCTGAAACT-1_V13B23-285_A1,6
TCCGAACGTTGCCGCT-1_V13B23-285_A1,6
TCCGAACTTGGCTTAC-1_V13B23-285_A1,7
TCCGAATGGTCCTGAG-1_V13B23-285_A1,6
TCCGAGAAGGCTAAGC-1_V13B23-285_A1,11
TCCGATAATTGCCATA-1_V13B23-285_A1,1
TCCGATGACTGAGCTC-1_V13B23-285_A1,9
TCCGATGGTGCGACAT-1_V13B23-285_A1,7
TCCGATTACATTGCCG-1_V13B23-285_A1,7
TCCGCAGCCACCTAGC-1_V13B23-285_A1,11
TCCGCCTGTCTACAAG-1_V13B23-285_A1,4
TCCGCGGCAGCATCTG-1_V13B23-285_A1,1
TCCGCGGCCCAATGAA-1_V13B23-285_A1,6
TCCGCTGTCATCCCGG-1_V13B23-285_A1,1
TCCGCTTATCCCATTA-1_V13B23-285_A1,7
TCCGGCCTAGCGTACA-1_V13B23-285_A1,6
TCCGGGCTTGACGGGA-1_V13B23-285_A1,6
TCCGGTTCGTCCGGTC-1_V13B23-285_A1,7
TCCGTAACCACAATCC-1_V13B23-285_A1,12
TCCGTTAAGCTAATAT-1_V13B23-285_A1,6
TCCGTTTAGCCTTGAA-1_V13B23-285_A1,1
TCCTAAAGATTCAGAC-1_V13B23-285_A1,6
TCCTAAATTGGGAAGC-1_V13B23-285_A1,6
TCCTAACCGTCGGGCA-1_V13B23-285_A1,1
TCCTACATCCACGGCC-1_V13B23-285_A1,1
TCCTAGCAAAGAAGCT-1_V13B23-285_A1,7
TCCTATCATAGGTAAC-1_V13B23-285_A1,6
TCCTCCTAAGACATTC-1_V13B23-285_A1,7
TCCTCGGGCTGGGCTT-1_V13B23-285_A1,7
TCCTCTACGAGATGGC-1_V13B23-285_A1,7
TCCTCTCCAGTTGTCC-1_V13B23-285_A1,7
TCCTCTGGCCCATTAG-1_V13B23-285_A1,8
TCCTGCCAACTGGAGA-1_V13B23-285_A1,8
TCCTGCGTTGATACTC-1_V13B23-285_A1,7
TCCTTACGACGGTCCG-1_V13B23-285_A1,6
TCCTTCAATCCCTACG-1_V13B23-285_A1,7
TCCTTCAGTGGTCGAA-1_V13B23-285_A1,11
TCCTTGTCCTTTAATT-1_V13B23-285_A1,6
TCCTTTAAATCCGCTT-1_V13B23-285_A1,6
TCCTTTCTTACGCTTA-1_V13B23-285_A1,7
TCGAAATTTAGGACCA-1_V13B23-285_A1,7
TCGAAGAACCGAGCAC-1_V13B23-285_A1,6
TCGAATATCCCGCAGG-1_V13B23-285_A1,1
TCGACAACTGAACCCG-1_V13B23-285_A1,4
TCGAGACCAACACCGT-1_V13B23-285_A1,7
TCGAGCCAGGCAGGCC-1_V13B23-285_A1,1
TCGAGGGCAACAGACG-1_V13B23-285_A1,6
TCGAGTCTACGATTCG-1_V13B23-285_A1,1
TCGATAGGCTAGTCGC-1_V13B23-285_A1,1
TCGCAAAGATGCATTT-1_V13B23-285_A1,1
TCGCACCAGGAGGCAG-1_V13B23-285_A1,1
TCGCACTAACGTTTGT-1_V13B23-285_A1,3
TCGCATAAAGGGCGCA-1_V13B23-285_A1,6
TCGCATCCCTAAGTGT-1_V13B23-285_A1,11
TCGCATTCAATGACTT-1_V13B23-285_A1,11
TCGCCCACTGCGAGAG-1_V13B23-285_A1,7
TCGCCGAAGTTGCGTC-1_V13B23-285_A1,7
TCGCCGACATATTCGC-1_V13B23-285_A1,6
TCGCCGCACCGCGTGA-1_V13B23-285_A1,7
TCGCCGGATGGGCAAG-1_V13B23-285_A1,7
TCGCCGGTCGATCCGT-1_V13B23-285_A1,7
TCGCCTCGACCTGTTG-1_V13B23-285_A1,9
TCGCGTCCAGAAGGTC-1_V13B23-285_A1,7
TCGCTAAACCGCTATC-1_V13B23-285_A1,11
TCGCTACTGGCTTTGA-1_V13B23-285_A1,6
TCGCTCGATATATTCC-1_V13B23-285_A1,7
TCGCTCGGCACCAGCG-1_V13B23-285_A1,4
TCGCTGCCAATGCTGT-1_V13B23-285_A1,6
TCGCTGGGCGGATTGT-1_V13B23-285_A1,1
TCGCTGTGCGTAAATC-1_V13B23-285_A1,11
TCGCTTTAAACGTTTG-1_V13B23-285_A1,5
TCGGAATGCGCTCTGA-1_V13B23-285_A1,7
TCGGACGCCCAGCCCA-1_V13B23-285_A1,1
TCGGAGAGTATCGGGA-1_V13B23-285_A1,7
TCGGAGTACATGAGTA-1_V13B23-285_A1,1
TCGGCGAACCCAAACC-1_V13B23-285_A1,6
TCGGCGTACTGCACAA-1_V13B23-285_A1,7
TCGGCTTGTATCGACG-1_V13B23-285_A1,6
TCGGGAACGTGCCTAG-1_V13B23-285_A1,6
TCGGGAGACAGCGTAC-1_V13B23-285_A1,6
TCGGGATTCAAACATA-1_V13B23-285_A1,7
TCGGGCACTTCTGGAT-1_V13B23-285_A1,11
TCGGGCCGTCGTGGTA-1_V13B23-285_A1,1
TCGGGTGAAACTGCTA-1_V13B23-285_A1,11
TCGGTCCCGACAATAG-1_V13B23-285_A1,1
TCGTAAGACGACATTG-1_V13B23-285_A1,1
TCGTACCGACGTCAAG-1_V13B23-285_A1,1
TCGTATAGTGCAATTA-1_V13B23-285_A1,11
TCGTATTACCCATTGC-1_V13B23-285_A1,7
TCGTCAAGTACGCGCA-1_V13B23-285_A1,1
TCGTCACACTGTTAGC-1_V13B23-285_A1,7
TCGTCCGCTGGCGTCT-1_V13B23-285_A1,1
TCGTCTTAGGCGTTAA-1_V13B23-285_A1,6
TCGTGTACTATGGATG-1_V13B23-285_A1,1
TCGTGTATTGGTCACG-1_V13B23-285_A1,6
TCGTGTCACGCTGACA-1_V13B23-285_A1,7
TCGTGTTCGACCACAA-1_V13B23-285_A1,6
TCGTTAGGAGTCCCTA-1_V13B23-285_A1,7
TCGTTCGTTATTATGT-1_V13B23-285_A1,2
TCGTTGACAGGGTCCC-1_V13B23-285_A1,7
TCGTTGCTATCCGGTC-1_V13B23-285_A1,7
TCGTTGGCTCGTCAAT-1_V13B23-285_A1,11
TCGTTTACGCGACCCT-1_V13B23-285_A1,6
TCTAAAGAACAGTCTC-1_V13B23-285_A1,7
TCTAACCTAGCCTGCG-1_V13B23-285_A1,6
TCTAACTGTATGTAAA-1_V13B23-285_A1,7
TCTAATACTGCCTCAG-1_V13B23-285_A1,1
TCTACCCAATAGAGAG-1_V13B23-285_A1,6
TCTACCGTCCACAAGC-1_V13B23-285_A1,1
TCTAGCAATCTCCGCC-1_V13B23-285_A1,7
TCTAGCATCTTCGATG-1_V13B23-285_A1,9
TCTAGCATGCCCAGAA-1_V13B23-285_A1,7
TCTAGGTGGCGACGCT-1_V13B23-285_A1,6
TCTAGTGATATCGTGG-1_V13B23-285_A1,6
TCTAGTTATCAGAAGA-1_V13B23-285_A1,7
TCTATAGGTGGGTAAT-1_V13B23-285_A1,6
TCTATCATGCAGTTAC-1_V13B23-285_A1,1
TCTATCGGTCGCAACA-1_V13B23-285_A1,7
TCTATGCTATAACGAC-1_V13B23-285_A1,6
TCTATTACGCTGGCGA-1_V13B23-285_A1,11
TCTATTACTAGAGGAT-1_V13B23-285_A1,7
TCTCATGAGATAGGGT-1_V13B23-285_A1,6
TCTCCAACGTAGGTTA-1_V13B23-285_A1,3
TCTCCACAAGTTGAAT-1_V13B23-285_A1,6
TCTCCCTGGGCAGCGT-1_V13B23-285_A1,6
TCTCGAACGAGGTCAC-1_V13B23-285_A1,8
TCTCGACGTATCGCCG-1_V13B23-285_A1,6
TCTCGAGGAGGTTCGC-1_V13B23-285_A1,6
TCTCGGCTCCAGGACT-1_V13B23-285_A1,11
TCTCGTGTTACGAGGA-1_V13B23-285_A1,7
TCTCTAATAGCTGGTA-1_V13B23-285_A1,7
TCTCTCGCCGCACATA-1_V13B23-285_A1,6
TCTCTTACCGCGAACC-1_V13B23-285_A1,1
TCTGAACCGGTCGGCT-1_V13B23-285_A1,1
TCTGAACTCGTACCCG-1_V13B23-285_A1,6
TCTGAAGCACGTGGTC-1_V13B23-285_A1,6
TCTGAATTCCGTACAA-1_V13B23-285_A1,6
TCTGACGGGCTAACCC-1_V13B23-285_A1,4
TCTGACTGTAATGGTT-1_V13B23-285_A1,11
TCTGAGCAATTGACTG-1_V13B23-285_A1,6
TCTGATCGGGTGCTAG-1_V13B23-285_A1,4
TCTGATGTATTCTGTC-1_V13B23-285_A1,6
TCTGATTGGAAATGGA-1_V13B23-285_A1,4
TCTGCAGATTCGAGTC-1_V13B23-285_A1,7
TCTGCATACCTTGCTT-1_V13B23-285_A1,6
TCTGCCAGAAACTGCA-1_V13B23-285_A1,1
TCTGCGTCCGGTTTCT-1_V13B23-285_A1,11
TCTGGCCGTTCAAGTT-1_V13B23-285_A1,4
TCTGGCGCAAGCCGGG-1_V13B23-285_A1,7
TCTGGGAACCTTTGAA-1_V13B23-285_A1,6
TCTGGGTAGCGCTCAT-1_V13B23-285_A1,7
TCTGTCATACAAGAGC-1_V13B23-285_A1,11
TCTGTGACTGACCGTT-1_V13B23-285_A1,11
TCTGTGCCATCATAGT-1_V13B23-285_A1,1
TCTGTGGCTACATTTC-1_V13B23-285_A1,11
TCTGTTACCCAGCATA-1_V13B23-285_A1,7
TCTTAACTCGGATGTA-1_V13B23-285_A1,7
TCTTACAGAGGTACCG-1_V13B23-285_A1,11
TCTTACCGGAACTCGT-1_V13B23-285_A1,6
TCTTACGGCATCCGAC-1_V13B23-285_A1,7
TCTTACTTATGCCTCT-1_V13B23-285_A1,6
TCTTAGAGCTCCAATT-1_V13B23-285_A1,6
TCTTAGAGTGAACTCT-1_V13B23-285_A1,6
TCTTCCCATGGGCACA-1_V13B23-285_A1,6
TCTTCGAATAGACGTT-1_V13B23-285_A1,7
TCTTCGATACCAATAA-1_V13B23-285_A1,7
TCTTCGCGGTGAGAGG-1_V13B23-285_A1,6
TCTTCTATAACCCGCC-1_V13B23-285_A1,6
TCTTGATGCGTAGCGA-1_V13B23-285_A1,7
TCTTGCTCCCGATACT-1_V13B23-285_A1,1
TCTTGGTAACACCAAA-1_V13B23-285_A1,7
TCTTTAAGACTATGAA-1_V13B23-285_A1,6
TCTTTAGAGTCTAACA-1_V13B23-285_A1,6
TCTTTAGCAGGCGAAC-1_V13B23-285_A1,4
TCTTTCCTTCGAGATA-1_V13B23-285_A1,6
TGAAACCTCAACTCAC-1_V13B23-285_A1,8
TGAAACTTATGCAAGC-1_V13B23-285_A1,3
TGAAAGGACCTGACTC-1_V13B23-285_A1,1
TGAACTGCTATGACTT-1_V13B23-285_A1,7
TGAAGAGCGGTCCTAG-1_V13B23-285_A1,6
TGAAGTAGCTTACGGA-1_V13B23-285_A1,7
TGAATACCGACGCGTA-1_V13B23-285_A1,6
TGAATGAGTGTTTCCC-1_V13B23-285_A1,1
TGAATGTCAGCCGGCC-1_V13B23-285_A1,6
TGAATTTCACTTGCCT-1_V13B23-285_A1,7
TGACAACGCATGTCGC-1_V13B23-285_A1,4
TGACAGGACAAGTCCA-1_V13B23-285_A1,1
TGACATATATGACGAT-1_V13B23-285_A1,7
TGACATCGAGCGGACC-1_V13B23-285_A1,6
TGACATGTAACGTGAC-1_V13B23-285_A1,1
TGACCAAATCTTAAAC-1_V13B23-285_A1,1
TGACCCAACTCACATT-1_V13B23-285_A1,8
TGACCCACGTTAGACA-1_V13B23-285_A1,7
TGACGAATATTTCCCT-1_V13B23-285_A1,7
TGACGATGCACTAGAA-1_V13B23-285_A1,6
TGACTATAATCCTTTC-1_V13B23-285_A1,7
TGACTCCGAATCATAC-1_V13B23-285_A1,1
TGAGAATGCTTTACCG-1_V13B23-285_A1,7
TGAGACGTACCTCTCA-1_V13B23-285_A1,7
TGAGAGATTTACCACG-1_V13B23-285_A1,1
TGAGATCAAATACTCA-1_V13B23-285_A1,10
TGAGATTAGGCCCTAA-1_V13B23-285_A1,4
TGAGCAGTCGTGAAGT-1_V13B23-285_A1,11
TGAGCCATACAGTCTC-1_V13B23-285_A1,7
TGAGCGGAAAGTGTTC-1_V13B23-285_A1,1
TGAGCTTTAATGACGC-1_V13B23-285_A1,11
TGAGGAGTGCCAGCTT-1_V13B23-285_A1,1
TGAGGCATGTACTGTG-1_V13B23-285_A1,1
TGAGGTTGATCCCAAG-1_V13B23-285_A1,11
TGAGTAAATTAGCGTA-1_V13B23-285_A1,7
TGAGTGCCTCTTAAAT-1_V13B23-285_A1,7
TGAGTGGTCCGTGACG-1_V13B23-285_A1,1
TGAGTTAAAGACATTC-1_V13B23-285_A1,6
TGATACATTTAGCCGT-1_V13B23-285_A1,7
TGATAGCGGGATTCTA-1_V13B23-285_A1,7
TGATCAGGGAACTGCT-1_V13B23-285_A1,7
TGATCCCAGCATTAGT-1_V13B23-285_A1,6
TGATCGGTTTGACCCT-1_V13B23-285_A1,7
TGATCTACGCTGATCT-1_V13B23-285_A1,2
TGATCTCCGGCGCCAG-1_V13B23-285_A1,7
TGATGGCTGTTTCTGA-1_V13B23-285_A1,6
TGATGGGACTAAGTCA-1_V13B23-285_A1,2
TGATGTCAATTAAGTG-1_V13B23-285_A1,6
TGATTCAGGTCCCGCG-1_V13B23-285_A1,7
TGATTCCCGGTTACCT-1_V13B23-285_A1,1
TGATTCGTCTATCACT-1_V13B23-285_A1,7
TGATTCTGTCGCCGGT-1_V13B23-285_A1,7
TGATTTATTAGCTGTG-1_V13B23-285_A1,7
TGATTTCCTCCTGACG-1_V13B23-285_A1,11
TGCAAACCCACATCAA-1_V13B23-285_A1,8
TGCAACCCATCTGCGG-1_V13B23-285_A1,6
TGCAACTACTGGTTGA-1_V13B23-285_A1,6
TGCAAGAATGACGTAA-1_V13B23-285_A1,7
TGCAATCTAACACGGT-1_V13B23-285_A1,6
TGCACGAGTCGGCAGC-1_V13B23-285_A1,8
TGCACTATGTGAGTGC-1_V13B23-285_A1,11
TGCAGAACTATATCGT-1_V13B23-285_A1,7
TGCAGAGTACCGAGCA-1_V13B23-285_A1,7
TGCAGATCGTCCTAGG-1_V13B23-285_A1,7
TGCAGCTACGTACTTC-1_V13B23-285_A1,7
TGCAGGATCGGCAAAG-1_V13B23-285_A1,7
TGCAGTTTCCTCCCAT-1_V13B23-285_A1,1
TGCATATGTCTGTCAC-1_V13B23-285_A1,1
TGCATGGATCGGATCT-1_V13B23-285_A1,1
TGCATGTGGTAATCTA-1_V13B23-285_A1,1
TGCCAAAGTCAGACTT-1_V13B23-285_A1,7
TGCCAATGGGTACTCT-1_V13B23-285_A1,7
TGCCACACTAGAGGAA-1_V13B23-285_A1,7
TGCCACCTGGCGAAAC-1_V13B23-285_A1,7
TGCCAGTACGTGGAGA-1_V13B23-285_A1,1
TGCCATTACTAAAGAA-1_V13B23-285_A1,1
TGCCCGTACCGTTAAA-1_V13B23-285_A1,1
TGCCGAAAGCGTATTC-1_V13B23-285_A1,4
TGCCGGATGTACGAGC-1_V13B23-285_A1,1
TGCCGTGGATCGTCCT-1_V13B23-285_A1,1
TGCCGTGGGACCCAAT-1_V13B23-285_A1,9
TGCCGTTCTTAATCGG-1_V13B23-285_A1,1
TGCCTAATTGAAGATT-1_V13B23-285_A1,6
TGCCTGACATCGGTCA-1_V13B23-285_A1,11
TGCCTGATCAAACGAT-1_V13B23-285_A1,7
TGCCTTGGCCAGGCAA-1_V13B23-285_A1,6
TGCGAATATGGGATTT-1_V13B23-285_A1,7
TGCGACACCCTAGTGC-1_V13B23-285_A1,5
TGCGACGGCCGAACGT-1_V13B23-285_A1,1
TGCGAGAATATTACCC-1_V13B23-285_A1,7
TGCGATGCTAATGGCT-1_V13B23-285_A1,7
TGCGCAAAGCATTTGG-1_V13B23-285_A1,7
TGCGCCGTTAATAACG-1_V13B23-285_A1,4
TGCGCGATTAACGGAG-1_V13B23-285_A1,7
TGCGGACTTGACTCCG-1_V13B23-285_A1,6
TGCGGAGTAAAGGTGC-1_V13B23-285_A1,7
TGCGGCATAGTTCAAC-1_V13B23-285_A1,11
TGCGGTGAAATTTCAT-1_V13B23-285_A1,2
TGCGTAAGAACCTGAT-1_V13B23-285_A1,7
TGCGTACGGCTAATTG-1_V13B23-285_A1,6
TGCGTCATGACTGAGC-1_V13B23-285_A1,7
TGCGTGATTGGGTGTC-1_V13B23-285_A1,11
TGCGTTTGTTGACACT-1_V13B23-285_A1,1
TGCTAAGTGTCTATTT-1_V13B23-285_A1,6
TGCTATACAAACGGAC-1_V13B23-285_A1,10
TGCTCCACAGTTCTTA-1_V13B23-285_A1,6
TGCTCGGCGAAACCCA-1_V13B23-285_A1,1
TGCTCGGTGGGTCACC-1_V13B23-285_A1,6
TGCTCTTGAGAGTTTG-1_V13B23-285_A1,6
TGCTGGTTGGACAATT-1_V13B23-285_A1,1
TGCTGTTGAAGAACTC-1_V13B23-285_A1,7
TGCTTAGAGAGAATGC-1_V13B23-285_A1,1
TGCTTCCCAAGCAGTA-1_V13B23-285_A1,1
TGCTTGAAACCATGCA-1_V13B23-285_A1,11
TGGAAACGGAGTGAAC-1_V13B23-285_A1,11
TGGAACCACTGACACA-1_V13B23-285_A1,6
TGGAAGAAGGGAACGT-1_V13B23-285_A1,7
TGGAAGACGAACACCA-1_V13B23-285_A1,11
TGGAAGGATAAAGATG-1_V13B23-285_A1,7
TGGAATATCCTTGACC-1_V13B23-285_A1,4
TGGAATTAGACGCTTT-1_V13B23-285_A1,7
TGGACACCGTTGCTTG-1_V13B23-285_A1,7
TGGACCAATCTAAGAT-1_V13B23-285_A1,6
TGGACCACGGCGTTGA-1_V13B23-285_A1,11
TGGACGCAATCCAGCC-1_V13B23-285_A1,7
TGGACGTAGGCGAATC-1_V13B23-285_A1,2
TGGACTGTTCGCTCAA-1_V13B23-285_A1,7
TGGAGCTAAAGTTCCC-1_V13B23-285_A1,8
TGGAGGGAAACACCTC-1_V13B23-285_A1,10
TGGAGTGATGCGATGA-1_V13B23-285_A1,7
TGGATAGAGTAACAGA-1_V13B23-285_A1,11
TGGCAAACTAAATTAC-1_V13B23-285_A1,1
TGGCAACTCGCGCGCC-1_V13B23-285_A1,5
TGGCAAGCACAAGTCG-1_V13B23-285_A1,1
TGGCAATGGGACGGCG-1_V13B23-285_A1,6
TGGCAGATTACGATCA-1_V13B23-285_A1,7
TGGCAGCAGTAATAGT-1_V13B23-285_A1,7
TGGCATGAAGTTTGGG-1_V13B23-285_A1,4
TGGCCAAACTGAAGTA-1_V13B23-285_A1,1
TGGCCAATTTGGTACT-1_V13B23-285_A1,7
TGGCCGTATATTGACC-1_V13B23-285_A1,7
TGGCGACTGCTCCAAA-1_V13B23-285_A1,7
TGGCGATCAAGTTATG-1_V13B23-285_A1,7
TGGCGGTGTGCGATTG-1_V13B23-285_A1,11
TGGCTACACTCTACCT-1_V13B23-285_A1,6
TGGCTATGTGACATAC-1_V13B23-285_A1,6
TGGCTCTTGTCGCGTA-1_V13B23-285_A1,7
TGGCTTATGTATAATG-1_V13B23-285_A1,1
TGGCTTTGGGTAGACA-1_V13B23-285_A1,7
TGGGAAATGCCTTTCC-1_V13B23-285_A1,1
TGGGACCATTGGGAGT-1_V13B23-285_A1,2
TGGGCAATAGTTGGGT-1_V13B23-285_A1,6
TGGGCACAAACAGAAC-1_V13B23-285_A1,11
TGGGCACGTTCTATGG-1_V13B23-285_A1,11
TGGGCAGGCCACCGCA-1_V13B23-285_A1,6
TGGGCCACAAGAGCGC-1_V13B23-285_A1,1
TGGGCCCATACTAATT-1_V13B23-285_A1,6
TGGGCCTTGCCTGCAT-1_V13B23-285_A1,11
TGGGCGATACAATAAG-1_V13B23-285_A1,1
TGGGTAAGGTTCCCGC-1_V13B23-285_A1,9
TGGGTGCACAAGCCAT-1_V13B23-285_A1,6
TGGGTGTAATAGATTT-1_V13B23-285_A1,6
TGGGTTCCCGGACGGA-1_V13B23-285_A1,7
TGGTAAGCAGGATTGA-1_V13B23-285_A1,7
TGGTAGAATATATGGG-1_V13B23-285_A1,6
TGGTATCGCATCCCAA-1_V13B23-285_A1,10
TGGTATCGGTCTGTAT-1_V13B23-285_A1,10
TGGTCCCACGCTACGG-1_V13B23-285_A1,1
TGGTCGTGCAAGGCAA-1_V13B23-285_A1,7
TGGTCTAGCTTACATG-1_V13B23-285_A1,7
TGGTCTGTTGGGCGTA-1_V13B23-285_A1,7
TGGTGATCGTATTTGT-1_V13B23-285_A1,7
TGGTTAACTTACATTT-1_V13B23-285_A1,1
TGGTTAAGGGCGCTGG-1_V13B23-285_A1,4
TGGTTATGCTTGCGGT-1_V13B23-285_A1,7
TGGTTCAACGGGTAAT-1_V13B23-285_A1,9
TGGTTCGTAGCAAAGG-1_V13B23-285_A1,7
TGGTTGGAGGATCCTG-1_V13B23-285_A1,8
TGGTTTAAACGTGGGT-1_V13B23-285_A1,4
TGTAACTTGTCAACCT-1_V13B23-285_A1,11
TGTAATGACCACAATA-1_V13B23-285_A1,7
TGTACCTACACGAGGG-1_V13B23-285_A1,6
TGTACGAACAAATCCG-1_V13B23-285_A1,7
TGTACTACTCTCACGG-1_V13B23-285_A1,10
TGTACTGTGCCAAAGT-1_V13B23-285_A1,11
TGTAGCCAATTCCGTT-1_V13B23-285_A1,6
TGTAGCCATCCCATTC-1_V13B23-285_A1,6
TGTAGGAGAAATTTCC-1_V13B23-285_A1,1
TGTAGTGATCTATAAT-1_V13B23-285_A1,7
TGTATAACAGATCCTG-1_V13B23-285_A1,1
TGTATACGGATGATGA-1_V13B23-285_A1,4
TGTATCCTTATTCCAT-1_V13B23-285_A1,11
TGTATGGCGCAGACAG-1_V13B23-285_A1,6
TGTCATTTGTTGGGAA-1_V13B23-285_A1,8
TGTCCACGGCTCAACT-1_V13B23-285_A1,6
TGTCCCGACATAGCAC-1_V13B23-285_A1,11
TGTCCGTGGCGCCTTT-1_V13B23-285_A1,7
TGTCCTAAGTCACCGC-1_V13B23-285_A1,7
TGTCGGCATGGTGGAA-1_V13B23-285_A1,11
TGTCGTTATCACATAT-1_V13B23-285_A1,1
TGTCTACAGTTTCTGT-1_V13B23-285_A1,11
TGTGACTACGCCAGTC-1_V13B23-285_A1,7
TGTGACTAGAGTTTGC-1_V13B23-285_A1,6
TGTGAGACTAGCCCAA-1_V13B23-285_A1,1
TGTGCCAGAGGCAAAG-1_V13B23-285_A1,1
TGTGCCGGTGCCGGAA-1_V13B23-285_A1,6
TGTGCTTTACGTAAGA-1_V13B23-285_A1,7
TGTGGAGGAAGCTTAA-1_V13B23-285_A1,2
TGTGGCAAAGCGTATG-1_V13B23-285_A1,1
TGTGGCGGGCTTCTGG-1_V13B23-285_A1,1
TGTGGCTCCCACCAAC-1_V13B23-285_A1,6
TGTGGTTGCTAAAGCT-1_V13B23-285_A1,1
TGTGTAGTAGCACGTG-1_V13B23-285_A1,6
TGTGTCGAAGTCGAGG-1_V13B23-285_A1,7
TGTGTCGCGAGTTGCA-1_V13B23-285_A1,7
TGTGTGACCATGAATC-1_V13B23-285_A1,7
TGTGTTCGTATCCAAG-1_V13B23-285_A1,7
TGTTATTGTATGTGGC-1_V13B23-285_A1,1
TGTTCATAAATGTGCT-1_V13B23-285_A1,7
TGTTCCGCTTCCATGA-1_V13B23-285_A1,7
TGTTCCGGCCTGAGCT-1_V13B23-285_A1,6
TGTTCGTATTGCGGTG-1_V13B23-285_A1,7
TGTTCTTCCATTGACT-1_V13B23-285_A1,7
TGTTGCCGTCGTCCCA-1_V13B23-285_A1,6
TGTTGTCAAGAAGTCT-1_V13B23-285_A1,1
TGTTTAATACTTCATC-1_V13B23-285_A1,8
TGTTTCGGTACTTCTC-1_V13B23-285_A1,7
TGTTTGAGATCGTCAG-1_V13B23-285_A1,6
TTAAACAGAGTCCCGC-1_V13B23-285_A1,11
TTAAACCGGTAGCGAC-1_V13B23-285_A1,1
TTAAACCTGGTTCCTT-1_V13B23-285_A1,7
TTAAACTCGAATTCAT-1_V13B23-285_A1,6
TTAAAGTAAGTCGCCA-1_V13B23-285_A1,6
TTAACACCTCGAACAT-1_V13B23-285_A1,1
TTAACCAACCCTCCCT-1_V13B23-285_A1,7
TTAACGAACAAGCAGT-1_V13B23-285_A1,10
TTAACGTCGCAAGACC-1_V13B23-285_A1,11
TTAACGTTAAAGCCTG-1_V13B23-285_A1,7
TTAACTCACGCGTGGA-1_V13B23-285_A1,7
TTAACTTCAGGTAGGA-1_V13B23-285_A1,7
TTAAGATAGGATTGAC-1_V13B23-285_A1,6
TTAAGCCGACAACTTC-1_V13B23-285_A1,4
TTAAGCGCCTGACCCA-1_V13B23-285_A1,7
TTAAGGATACGGAGGT-1_V13B23-285_A1,11
TTAAGGCCCGTACTTT-1_V13B23-285_A1,1
TTAAGTATTGTTATCC-1_V13B23-285_A1,6
TTAATCAGTACGTCAG-1_V13B23-285_A1,1
TTAATGTAGACCAGGT-1_V13B23-285_A1,1
TTAATGTGTTTGCAGG-1_V13B23-285_A1,11
TTAATTGCTTTGGGTG-1_V13B23-285_A1,6
TTAATTTCAGACGCGG-1_V13B23-285_A1,1
TTACAACTACGCATCC-1_V13B23-285_A1,7
TTACACGATCTGCGAC-1_V13B23-285_A1,6
TTACAGACCTAAATGA-1_V13B23-285_A1,1
TTACATCGTGGCCTGG-1_V13B23-285_A1,1
TTACATGCCACAACTA-1_V13B23-285_A1,6
TTACCATTGATTACCC-1_V13B23-285_A1,7
TTACCCATTGCCGGGT-1_V13B23-285_A1,11
TTACCCTAACAGTCCT-1_V13B23-285_A1,3
TTACCCTAGGGATTGG-1_V13B23-285_A1,1
TTACCGCCTTAGGGAA-1_V13B23-285_A1,11
TTACGGATGGTTCGAG-1_V13B23-285_A1,6
TTACGGTGTCACCGAG-1_V13B23-285_A1,11
TTACGTATCTATGACA-1_V13B23-285_A1,6
TTACTAAAGGACTTTA-1_V13B23-285_A1,1
TTACTATCGGCTTCTC-1_V13B23-285_A1,7
TTACTCCGGCCGGGAA-1_V13B23-285_A1,7
TTACTCTGGTACGTAC-1_V13B23-285_A1,7
TTACTGGGATATTTCA-1_V13B23-285_A1,7
TTAGAAGAACATGACT-1_V13B23-285_A1,7
TTAGAATAAGGGTCGG-1_V13B23-285_A1,1
TTAGACACGATCGTTG-1_V13B23-285_A1,11
TTAGACGAGTCACCTC-1_V13B23-285_A1,1
TTAGAGGGATATACAG-1_V13B23-285_A1,7
TTAGAGTTTAGAAGGA-1_V13B23-285_A1,1
TTAGATAGGTCGATAC-1_V13B23-285_A1,11
TTAGCAACATGGATGT-1_V13B23-285_A1,11
TTAGCTAATACGATCT-1_V13B23-285_A1,6
TTAGCTCTGTAATCCG-1_V13B23-285_A1,7
TTAGCTGATTTGCCGT-1_V13B23-285_A1,6
TTAGGTCATAACCGAC-1_V13B23-285_A1,1
TTAGTAAACCTGCTCT-1_V13B23-285_A1,6
TTAGTAGGGCGGCGGG-1_V13B23-285_A1,7
TTAGTTATTCGTGGCA-1_V13B23-285_A1,6
TTAGTTCAAGTGTTCG-1_V13B23-285_A1,10
TTATAGATGCACATTA-1_V13B23-285_A1,10
TTATAGGTAATTGTCT-1_V13B23-285_A1,6
TTATATACGCTGTCAC-1_V13B23-285_A1,7
TTATATTTGGCAATCC-1_V13B23-285_A1,7
TTATCATACTCGCAAA-1_V13B23-285_A1,2
TTATCCAATCGAACTC-1_V13B23-285_A1,11
TTATCCGGGATCTATA-1_V13B23-285_A1,6
TTATCCTCAAGGAATA-1_V13B23-285_A1,7
TTATCGCCTGCGAAGC-1_V13B23-285_A1,7
TTATCTGACATTAGGA-1_V13B23-285_A1,7
TTATCTGTATCATAAC-1_V13B23-285_A1,7
TTATGAATGAAAGGGA-1_V13B23-285_A1,7
TTATGACAAACTGGAT-1_V13B23-285_A1,7
TTATGATCTTAACGAA-1_V13B23-285_A1,9
TTATGCGTCCCGGTCC-1_V13B23-285_A1,11
TTATGTTTGCGATAGA-1_V13B23-285_A1,7
TTATTAGAGCGTGTTC-1_V13B23-285_A1,7
TTATTAGGGAAGCATC-1_V13B23-285_A1,11
TTATTATCTGGAAGGC-1_V13B23-285_A1,6
TTATTTCATCCCAAAC-1_V13B23-285_A1,2
TTCAAAGTCTCTAGCC-1_V13B23-285_A1,7
TTCAACGACCCGACCG-1_V13B23-285_A1,7
TTCAAGCCGAGCTGAG-1_V13B23-285_A1,4
TTCAATACTCTGAATC-1_V13B23-285_A1,1
TTCACGAAAGGATCAC-1_V13B23-285_A1,7
TTCACTCGAGCACCTA-1_V13B23-285_A1,6
TTCACTTCCTAGAACG-1_V13B23-285_A1,1
TTCAGAGTAACCTGAC-1_V13B23-285_A1,11
TTCAGCCCTGGTCCAC-1_V13B23-285_A1,1
TTCAGCTGGCGTGCCC-1_V13B23-285_A1,6
TTCAGGCGTCAAAGCC-1_V13B23-285_A1,7
TTCAGTTTGTGGCAGC-1_V13B23-285_A1,7
TTCATAGCCTTGTAAC-1_V13B23-285_A1,11
TTCATAGGGTGTCCAT-1_V13B23-285_A1,9
TTCATGGCGCAACAGG-1_V13B23-285_A1,1
TTCCAATCAGAGCTAG-1_V13B23-285_A1,6
TTCCAATCTGGCTATC-1_V13B23-285_A1,7
TTCCACACAGATTTGA-1_V13B23-285_A1,7
TTCCAGACGAGATTTA-1_V13B23-285_A1,6
TTCCATCGACAGCGTG-1_V13B23-285_A1,6
TTCCCGGCGCCAATAG-1_V13B23-285_A1,7
TTCCGCAGAGAAATAT-1_V13B23-285_A1,6
TTCCGCGTGAGGCGAT-1_V13B23-285_A1,7
TTCCGGCCTTGAGGCT-1_V13B23-285_A1,7
TTCCGGTATCTGTGTC-1_V13B23-285_A1,6
TTCCGGTTACCCACTT-1_V13B23-285_A1,4
TTCCTCGAGGGTGTCT-1_V13B23-285_A1,7
TTCCTCGGACTAACCA-1_V13B23-285_A1,6
TTCCTCTGCCCGAATA-1_V13B23-285_A1,7
TTCCTTTCTGTGTTGC-1_V13B23-285_A1,11
TTCGACAGAGCCCGTG-1_V13B23-285_A1,7
TTCGACGGGAAGGGCG-1_V13B23-285_A1,7
TTCGCACTCGCGTGCT-1_V13B23-285_A1,7
TTCGCACTGTACGACA-1_V13B23-285_A1,1
TTCGCATCCGGAAGCA-1_V13B23-285_A1,11
TTCGCCGCTCGCGCTA-1_V13B23-285_A1,1
TTCGCGCGCCATACGA-1_V13B23-285_A1,1
TTCGCTAGGAAGTTGT-1_V13B23-285_A1,6
TTCGCTATCTGACGTG-1_V13B23-285_A1,6
TTCGGCAACCCGCTGA-1_V13B23-285_A1,3
TTCGGCTAGAGATGGT-1_V13B23-285_A1,11
TTCGGGACTAATCGCG-1_V13B23-285_A1,7
TTCGGGCGCTAGTCTT-1_V13B23-285_A1,1
TTCGGGTTGCCACGGG-1_V13B23-285_A1,6
TTCGGTACTGTAGAGG-1_V13B23-285_A1,1
TTCGGTGGAGACGCCC-1_V13B23-285_A1,6
TTCGTAATCCCAGCGG-1_V13B23-285_A1,8
TTCGTACTCCAGAACG-1_V13B23-285_A1,7
TTCGTTCAACGAAGTT-1_V13B23-285_A1,4
TTCTAACCGAAGCTTA-1_V13B23-285_A1,6
TTCTACTTGCGAGGGC-1_V13B23-285_A1,7
TTCTAGAAAGTCTTAT-1_V13B23-285_A1,1
TTCTAGGCCAATTGTG-1_V13B23-285_A1,7
TTCTATGCCTTTCGCA-1_V13B23-285_A1,6
TTCTATTAAACGCAGC-1_V13B23-285_A1,1
TTCTCTTACAGGTGAT-1_V13B23-285_A1,7
TTCTGACCGGGCTCAA-1_V13B23-285_A1,6
TTCTGCCGCGCCTAGA-1_V13B23-285_A1,1
TTCTGCGAGCGCCCTT-1_V13B23-285_A1,7
TTCTGCGGGTTAGCGG-1_V13B23-285_A1,1
TTCTGCTAGACTCCAA-1_V13B23-285_A1,6
TTCTGTTTCCTGTCGC-1_V13B23-285_A1,4
TTCTTAGTGAACGGTG-1_V13B23-285_A1,11
TTCTTAGTGGCTCAGA-1_V13B23-285_A1,1
TTCTTATCCGCTGGGT-1_V13B23-285_A1,6
TTCTTGAGCCGCGCTA-1_V13B23-285_A1,7
TTCTTGCTAGCATCTC-1_V13B23-285_A1,6
TTCTTGGACGATCTGC-1_V13B23-285_A1,7
TTCTTGGAGTAATGAG-1_V13B23-285_A1,5
TTCTTGTAACCTAATG-1_V13B23-285_A1,1
TTCTTGTGTCCATCAG-1_V13B23-285_A1,7
TTCTTTGGTCGCGACG-1_V13B23-285_A1,6
TTGAACGAATCCTTTG-1_V13B23-285_A1,2
TTGAACGACGTGCTGA-1_V13B23-285_A1,6
TTGAAGAATTCCCAGG-1_V13B23-285_A1,7
TTGAAGGATGGGCGCC-1_V13B23-285_A1,7
TTGAATATGGACTTTC-1_V13B23-285_A1,7
TTGAATCGTTGTATAA-1_V13B23-285_A1,7
TTGAATTCACGTGAGG-1_V13B23-285_A1,6
TTGACAGGAGCTCCCG-1_V13B23-285_A1,6
TTGACATGAACGTGGA-1_V13B23-285_A1,7
TTGACCAGGAACAACT-1_V13B23-285_A1,6
TTGACCATGTTCTCCG-1_V13B23-285_A1,7
TTGACCGTGTTAATGA-1_V13B23-285_A1,7
TTGACGATTCAGCACG-1_V13B23-285_A1,11
TTGACGCTCCATGAGC-1_V13B23-285_A1,6
TTGACTACCATATGGT-1_V13B23-285_A1,7
TTGACTATTGTCCGGC-1_V13B23-285_A1,6
TTGAGAAGTTTAGCAT-1_V13B23-285_A1,6
TTGAGAGTACTGCTAA-1_V13B23-285_A1,7
TTGAGCAGCCCACGGT-1_V13B23-285_A1,6
TTGAGCGCCACGTGAT-1_V13B23-285_A1,4
TTGATAGTCAATACAT-1_V13B23-285_A1,4
TTGATCTAACTTTGTC-1_V13B23-285_A1,7
TTGATGTGTAGTCCCG-1_V13B23-285_A1,5
TTGATTAGCTGTTTCT-1_V13B23-285_A1,7
TTGATTATGCAGATGA-1_V13B23-285_A1,7
TTGCAAGAAGACTCCT-1_V13B23-285_A1,6
TTGCACAATTCAGAAA-1_V13B23-285_A1,5
TTGCACGGAGCAGCAC-1_V13B23-285_A1,7
TTGCATGCTGATCACG-1_V13B23-285_A1,7
TTGCCAAGCAGAACCC-1_V13B23-285_A1,6
TTGCCATAGCCCGCTC-1_V13B23-285_A1,1
TTGCCCTGATCACGGG-1_V13B23-285_A1,7
TTGCCGCAGACCTACA-1_V13B23-285_A1,1
TTGCCGCTTTCTAGTA-1_V13B23-285_A1,6
TTGCCTTCTCGCCGGG-1_V13B23-285_A1,6
TTGCGCTCTCTCGCTT-1_V13B23-285_A1,7
TTGCGCTTGATCAATA-1_V13B23-285_A1,6
TTGCGGCATCAGAAAG-1_V13B23-285_A1,7
TTGCGTAGTTTGAGGA-1_V13B23-285_A1,7
TTGCGTCGGCCAACCG-1_V13B23-285_A1,7
TTGCGTGAACGCTTAG-1_V13B23-285_A1,10
TTGCGTGTGTAGGCAT-1_V13B23-285_A1,6
TTGCTAGCTACCAATC-1_V13B23-285_A1,11
TTGCTCATAGTACGTG-1_V13B23-285_A1,6
TTGCTCCCATACCGGA-1_V13B23-285_A1,7
TTGCTGAAGGAACCAC-1_V13B23-285_A1,7
TTGCTGATCATGTTCG-1_V13B23-285_A1,7
TTGCTGCACCTATCCA-1_V13B23-285_A1,6
TTGCTGGCCGGGCTTC-1_V13B23-285_A1,8
TTGGAAGAATACAGTC-1_V13B23-285_A1,7
TTGGACATGTGGCTTA-1_V13B23-285_A1,7
TTGGACCATCTGGCAA-1_V13B23-285_A1,6
TTGGACCTATAACAGT-1_V13B23-285_A1,6
TTGGAGTCTCCCTTCT-1_V13B23-285_A1,11
TTGGATATCGTCTACG-1_V13B23-285_A1,7
TTGGATCGACTTCTGG-1_V13B23-285_A1,11
TTGGATTGGGTACCAC-1_V13B23-285_A1,7
TTGGCCATCTTGCGCT-1_V13B23-285_A1,11
TTGGCCTAGAATTTCG-1_V13B23-285_A1,11
TTGGCGATCCGAATAT-1_V13B23-285_A1,4
TTGGCTCAATATGTGT-1_V13B23-285_A1,6
TTGGCTCGCATGAGAC-1_V13B23-285_A1,7
TTGGGAAGACGAGCCG-1_V13B23-285_A1,1
TTGGGACACTGCCCGC-1_V13B23-285_A1,9
TTGGGACGTAAGAGTT-1_V13B23-285_A1,6
TTGGGCGGCGGTTGCC-1_V13B23-285_A1,1
TTGGTATGGCTTGTGT-1_V13B23-285_A1,4
TTGGTCACACTCGTAA-1_V13B23-285_A1,7
TTGGTTGCGGTGCGCG-1_V13B23-285_A1,7
TTGTAAGGACCTAAGT-1_V13B23-285_A1,7
TTGTAAGGCCAGTTGG-1_V13B23-285_A1,1
TTGTAATCCGTACTCG-1_V13B23-285_A1,7
TTGTACACCTCGAACA-1_V13B23-285_A1,7
TTGTATCACACAGAAT-1_V13B23-285_A1,10
TTGTCACCGCGGTATC-1_V13B23-285_A1,1
TTGTCGTTCAGTTACC-1_V13B23-285_A1,7
TTGTGAACCTAATCCG-1_V13B23-285_A1,6
TTGTGAGGCATGACGC-1_V13B23-285_A1,7
TTGTGATCTGTTCAGT-1_V13B23-285_A1,6
TTGTGCAGCCACGTCA-1_V13B23-285_A1,6
TTGTGCGGAAGCGGAT-1_V13B23-285_A1,1
TTGTGGCCCTGACAGT-1_V13B23-285_A1,7
TTGTGGTAGGAGGGAT-1_V13B23-285_A1,7
TTGTGGTGGTACTAAG-1_V13B23-285_A1,6
TTGTGTATGCCACCAA-1_V13B23-285_A1,1
TTGTGTTTCCCGAAAG-1_V13B23-285_A1,7
TTGTTAGCAAATTCGA-1_V13B23-285_A1,1
TTGTTCAGTGTGCTAC-1_V13B23-285_A1,7
TTGTTCTAGATACGCT-1_V13B23-285_A1,7
TTGTTGTGTGTCAAGA-1_V13B23-285_A1,1
TTGTTTCACATCCAGG-1_V13B23-285_A1,1
TTGTTTCATTAGTCTA-1_V13B23-285_A1,1
TTGTTTCCATACAACT-1_V13B23-285_A1,7
TTGTTTGTGTAAATTC-1_V13B23-285_A1,1
AAACAAGTATCTCCCA-1_V13B23-285_B1,7
AAACACCAATAACTGC-1_V13B23-285_B1,6
AAACAGAGCGACTCCT-1_V13B23-285_B1,10
AAACAGCTTTCAGAAG-1_V13B23-285_B1,11
AAACAGGGTCTATATT-1_V13B23-285_B1,6
AAACATTTCCCGGATT-1_V13B23-285_B1,6
AAACCCGAACGAAATC-1_V13B23-285_B1,7
AAACCGGAAATGTTAA-1_V13B23-285_B1,7
AAACCGGGTAGGTACC-1_V13B23-285_B1,6
AAACCGTTCGTCCAGG-1_V13B23-285_B1,6
AAACCTCATGAAGTTG-1_V13B23-285_B1,11
AAACGAGACGGTTGAT-1_V13B23-285_B1,1
AAACGTGTTCGCCCTA-1_V13B23-285_B1,9
AAACTCGTGATATAAG-1_V13B23-285_B1,11
AAACTGCTGGCTCCAA-1_V13B23-285_B1,7
AAACTTGCAAACGTAT-1_V13B23-285_B1,11
AAAGACTGGGCGCTTT-1_V13B23-285_B1,6
AAAGCTTGCCTACATA-1_V13B23-285_B1,11
AAAGGCTACGGACCAT-1_V13B23-285_B1,9
AAAGGCTCTCGCGCCG-1_V13B23-285_B1,6
AAAGGGATGTAGCAAG-1_V13B23-285_B1,1
AAAGGGCAGCTTGAAT-1_V13B23-285_B1,6
AAAGGTAAGCTGTACC-1_V13B23-285_B1,2
AAAGTAGCATTGCTCA-1_V13B23-285_B1,6
AAAGTCGACCCTCAGT-1_V13B23-285_B1,11
AAAGTGTGATTTATCT-1_V13B23-285_B1,7
AAAGTTGACTCCCGTA-1_V13B23-285_B1,7
AAATAACCATACGGGA-1_V13B23-285_B1,10
AAATAAGGTAGTGCCC-1_V13B23-285_B1,11
AAATACCTATAAGCAT-1_V13B23-285_B1,7
AAATAGCTTAGACTTT-1_V13B23-285_B1,7
AAATAGGGTGCTATTG-1_V13B23-285_B1,7
AAATCGTGTACCACAA-1_V13B23-285_B1,4
AAATCTAGCCCTGCTA-1_V13B23-285_B1,7
AAATGATTCGATCAGC-1_V13B23-285_B1,11
AAATGCTCGTTACGTT-1_V13B23-285_B1,4
AAATGGCATGTCTTGT-1_V13B23-285_B1,8
AAATGGCCCGTGCCCT-1_V13B23-285_B1,6
AAATGGTCAATGTGCC-1_V13B23-285_B1,4
AAATTAACGGGTAGCT-1_V13B23-285_B1,4
AAATTACACGACTCTG-1_V13B23-285_B1,10
AAATTACCTATCGATG-1_V13B23-285_B1,11
AAATTCCAGGTCCAAA-1_V13B23-285_B1,7
AAATTGATAGTCCTTT-1_V13B23-285_B1,6
AAATTGGTGAGAAGCA-1_V13B23-285_B1,9
AAATTTGCGGGTGTGG-1_V13B23-285_B1,6
AACAACTGGTAGTTGC-1_V13B23-285_B1,4
AACAATACATTGTCGA-1_V13B23-285_B1,6
AACAATTACTCTACGC-1_V13B23-285_B1,6
AACACACGCTCGCCGC-1_V13B23-285_B1,7
AACACGAGACGCGGCC-1_V13B23-285_B1,11
AACAGCTGTGTGGCAA-1_V13B23-285_B1,6
AACAGGAAATCGAATA-1_V13B23-285_B1,10
AACAGGATGGGCCGCG-1_V13B23-285_B1,6
AACAGGTAGTATGGAT-1_V13B23-285_B1,7
AACATATCAACTGGTG-1_V13B23-285_B1,11
AACATCGATACGTCTA-1_V13B23-285_B1,11
AACCAAGACTTCTCTG-1_V13B23-285_B1,6
AACCATGGGATCGCTA-1_V13B23-285_B1,4
AACCCAGAGACGGAGA-1_V13B23-285_B1,10
AACCCATCCCATGATC-1_V13B23-285_B1,6
AACCCGAGCAGAATCG-1_V13B23-285_B1,7
AACCCTACTGTCAATA-1_V13B23-285_B1,7
AACCGAGCTTGGTCAT-1_V13B23-285_B1,1
AACCGCTAAGGGATGC-1_V13B23-285_B1,7
AACCGTTGTGTTTGCT-1_V13B23-285_B1,8
AACCTCGCTTTAGCCC-1_V13B23-285_B1,7
AACCTGTCACGGAATT-1_V13B23-285_B1,7
AACCTTTAAATACGGT-1_V13B23-285_B1,1
AACCTTTACGACGTCT-1_V13B23-285_B1,12
AACGATAATGCCGTAG-1_V13B23-285_B1,7
AACGATAGAAGGGCCG-1_V13B23-285_B1,10
AACGATATGTCAACTG-1_V13B23-285_B1,1
AACGCATGATCTGGGT-1_V13B23-285_B1,11
AACGCGGTCTCCAGCC-1_V13B23-285_B1,9
AACGCTGTTGCTGAAA-1_V13B23-285_B1,7
AACGGACGTACGTATA-1_V13B23-285_B1,7
AACGGCCATCTCCGGT-1_V13B23-285_B1,6
AACGTACTGTGGGTAC-1_V13B23-285_B1,6
AACGTCAGACTAGTGG-1_V13B23-285_B1,4
AACGTGATGAAGGACA-1_V13B23-285_B1,8
AACGTGCGAAAGTCTC-1_V13B23-285_B1,7
AACTACCCGTTTGTCA-1_V13B23-285_B1,7
AACTAGGCTTGGGTGT-1_V13B23-285_B1,6
AACTCAAGTTAATTGC-1_V13B23-285_B1,4
AACTCCAGAGCGTGTT-1_V13B23-285_B1,6
AACTCCTAATCCCATG-1_V13B23-285_B1,12
AACTCGATGGCGCAGT-1_V13B23-285_B1,10
AACTCTCAATAGAGCG-1_V13B23-285_B1,7
AACTCTCAGTGTGCTC-1_V13B23-285_B1,6
AACTGAGTTATACTGA-1_V13B23-285_B1,7
AACTGATATTAGGCCT-1_V13B23-285_B1,10
AACTGGGTCCCGACGT-1_V13B23-285_B1,10
AACTTCTGCGTCTATC-1_V13B23-285_B1,4
AACTTGCCCGTATGCA-1_V13B23-285_B1,6
AACTTGCGTTCTCGCG-1_V13B23-285_B1,3
AACTTTACGGGAGCTT-1_V13B23-285_B1,6
AACTTTCTCGATCATG-1_V13B23-285_B1,11
AAGAAATCACCAGATT-1_V13B23-285_B1,11
AAGAAGGATCAGTTAG-1_V13B23-285_B1,5
AAGACCCAACTGAACA-1_V13B23-285_B1,6
AAGACTGCAAGCTACT-1_V13B23-285_B1,7
AAGAGATGAATCGGTA-1_V13B23-285_B1,6
AAGAGCTCTTTATCGG-1_V13B23-285_B1,1
AAGAGGATGTACGCGA-1_V13B23-285_B1,3
AAGAGGCATGGATCGC-1_V13B23-285_B1,7
AAGAGGCCCTTTGGAA-1_V13B23-285_B1,7
AAGATGGCACCGGACC-1_V13B23-285_B1,6
AAGATTGGCGGAACGT-1_V13B23-285_B1,12
AAGCACCCTGCGTATC-1_V13B23-285_B1,7
AAGCATACTCTCCTGA-1_V13B23-285_B1,7
AAGCCGAAGCGGTTTA-1_V13B23-285_B1,7
AAGCCGCTTTACCTTG-1_V13B23-285_B1,11
AAGCCGGAGAGCAGGA-1_V13B23-285_B1,7
AAGCGGAGTGCGCGCA-1_V13B23-285_B1,2
AAGCGGCGTCATGGGT-1_V13B23-285_B1,12
AAGCGTCCCTCATCGA-1_V13B23-285_B1,6
AAGCTAGATCGAGTAA-1_V13B23-285_B1,7
AAGCTCGTGCCAAGTC-1_V13B23-285_B1,2
AAGCTCTTTCATGGTG-1_V13B23-285_B1,7
AAGGAGCGGTTGGTGC-1_V13B23-285_B1,4
AAGGATCGATCGCTTG-1_V13B23-285_B1,7
AAGGATGAGGGACCTC-1_V13B23-285_B1,11
AAGGCAGGCTGTCTCC-1_V13B23-285_B1,7
AAGGCGCGTAAAGCTT-1_V13B23-285_B1,4
AAGGCTGTGCTCATCG-1_V13B23-285_B1,4
AAGGGACAGATTCTGT-1_V13B23-285_B1,11
AAGGGACTATGCATTC-1_V13B23-285_B1,6
AAGGTATCCTAATATA-1_V13B23-285_B1,10
AAGGTGATAAACCAGC-1_V13B23-285_B1,7
AAGTAGAAGACCGGGT-1_V13B23-285_B1,4
AAGTAGTGACGCGAGG-1_V13B23-285_B1,4
AAGTCAATTGTCGTCA-1_V13B23-285_B1,7
AAGTCTAGTAGCTGCC-1_V13B23-285_B1,11
AAGTGACGACCGAATT-1_V13B23-285_B1,6
AAGTGAGTCGGGTTTA-1_V13B23-285_B1,6
AAGTGCAAAGGTAGAC-1_V13B23-285_B1,6
AAGTGCCTTGACTGTA-1_V13B23-285_B1,7
AAGTGCGTTAGAATCT-1_V13B23-285_B1,9
AAGTGTTTGGAGACGG-1_V13B23-285_B1,7
AAGTTCACTCCAAGCT-1_V13B23-285_B1,7
AAGTTCAGTCTGCGTA-1_V13B23-285_B1,11
AAGTTCGGCCAACAGG-1_V13B23-285_B1,6
AATAACAACGCTCGGC-1_V13B23-285_B1,4
AATAACACTAGAACAA-1_V13B23-285_B1,6
AATAATCTTCGTATCG-1_V13B23-285_B1,7
AATACAATGTTTCAGG-1_V13B23-285_B1,6
AATAGAACAGAGTGGC-1_V13B23-285_B1,4
AATAGAATCTGTTTCA-1_V13B23-285_B1,7
AATAGCTACCGCGTGC-1_V13B23-285_B1,11
AATAGTCCGTCCCGAC-1_V13B23-285_B1,6
AATAGTCGCGAGTCGG-1_V13B23-285_B1,6
AATATCGAATCAATGC-1_V13B23-285_B1,7
AATATCGAGGGTTCTC-1_V13B23-285_B1,11
AATATTGGAGTATTGA-1_V13B23-285_B1,6
AATCATGTAAAGACTC-1_V13B23-285_B1,7
AATCCAAGGGCCTGAG-1_V13B23-285_B1,8
AATCGCCTCAGCGCCA-1_V13B23-285_B1,7
AATCGCGCAGAGGACT-1_V13B23-285_B1,7
AATCTAGGTTTACTTG-1_V13B23-285_B1,6
AATCTATGCCGGAGCC-1_V13B23-285_B1,1
AATCTCTACTGTGGTT-1_V13B23-285_B1,11
AATCTGCGTTGGGACG-1_V13B23-285_B1,12
AATCTGGCTTTCTAGT-1_V13B23-285_B1,6
AATGACAGCAATGTCT-1_V13B23-285_B1,6
AATGACGTAGGATGTC-1_V13B23-285_B1,7
AATGACTGTCAGCCGG-1_V13B23-285_B1,4
AATGAGTTCGCATATG-1_V13B23-285_B1,4
AATGATGATACGCTAT-1_V13B23-285_B1,11
AATGATGCGACTCCTG-1_V13B23-285_B1,11
AATGCAACCGGGTACC-1_V13B23-285_B1,4
AATGCACCAAGCAATG-1_V13B23-285_B1,4
AATGGTCCACCGTTCA-1_V13B23-285_B1,6
AATGGTTCTCACAAGC-1_V13B23-285_B1,4
AATGTGCCCGAGGTGT-1_V13B23-285_B1,6
AATTAAAGGTCGGCGT-1_V13B23-285_B1,4
AATTAACGGATTTCCA-1_V13B23-285_B1,6
AATTAGCGCTGCAGCG-1_V13B23-285_B1,1
AATTCATAAGGGATCT-1_V13B23-285_B1,11
AATTCTAGAGTTAGGC-1_V13B23-285_B1,1
AATTGAACGCTCTGGT-1_V13B23-285_B1,7
AATTTGGGACATAGTA-1_V13B23-285_B1,9
AATTTGGTTCCAAAGA-1_V13B23-285_B1,8
ACAAATCGCACCGAAT-1_V13B23-285_B1,7
ACAAATGGTAGTGTTT-1_V13B23-285_B1,7
ACAACAGCATGAGCTA-1_V13B23-285_B1,5
ACAACGGTCCCTGCGA-1_V13B23-285_B1,4
ACAAGCAGTGCCTAGC-1_V13B23-285_B1,6
ACAAGGAAATCCGCCC-1_V13B23-285_B1,7
ACAAGGACAAGAGGTT-1_V13B23-285_B1,4
ACAAGGATGCTTTAGG-1_V13B23-285_B1,6
ACAAGGGCAGGCTCTG-1_V13B23-285_B1,7
ACAATAGTCGTACGTT-1_V13B23-285_B1,11
ACAATCCATTTAAACC-1_V13B23-285_B1,4
ACAATGAATACGGAGA-1_V13B23-285_B1,6
ACAATTGTGTCTCTTT-1_V13B23-285_B1,7
ACAATTTAGGAGGCTC-1_V13B23-285_B1,6
ACAATTTGAGCAGTGG-1_V13B23-285_B1,11
ACAATTTGGCCATATT-1_V13B23-285_B1,5
ACACAAAGACGGGTGG-1_V13B23-285_B1,4
ACACAAATATTCCTAG-1_V13B23-285_B1,2
ACACACCAGGACCAGT-1_V13B23-285_B1,7
ACACACTTTCTACACG-1_V13B23-285_B1,5
ACACATGATCAAATCT-1_V13B23-285_B1,6
ACACCACATAATTAGC-1_V13B23-285_B1,11
ACACCCAGCATGCAGC-1_V13B23-285_B1,4
ACACCCGAGAAATCCG-1_V13B23-285_B1,4
ACACCTTAAGTAGGGC-1_V13B23-285_B1,4
ACACCTTACTACTTGC-1_V13B23-285_B1,7
ACACGAGACTCCTTCT-1_V13B23-285_B1,5
ACACGGGAACTTAGGG-1_V13B23-285_B1,1
ACACGTAGGCCACAAG-1_V13B23-285_B1,7
ACACTCCAATGTCACT-1_V13B23-285_B1,4
ACACTGATCAAGGTGT-1_V13B23-285_B1,4
ACACTGGGACAGTCGT-1_V13B23-285_B1,7
ACAGAACTGAGAACAA-1_V13B23-285_B1,6
ACAGCGACATTCTCAT-1_V13B23-285_B1,7
ACAGCGCACCCGCAGC-1_V13B23-285_B1,8
ACAGGCTTGCCCGACT-1_V13B23-285_B1,7
ACAGGTGGAGGTGAGG-1_V13B23-285_B1,6
ACAGTAATACAACTTG-1_V13B23-285_B1,11
ACAGTATACCGTGGGA-1_V13B23-285_B1,11
ACATAATAAGGCGGTG-1_V13B23-285_B1,10
ACATCAGCTGGGACGC-1_V13B23-285_B1,6
ACATCCCGGCCATACG-1_V13B23-285_B1,6
ACATCCTGGTAACTGT-1_V13B23-285_B1,7
ACATCGATCGTTTACC-1_V13B23-285_B1,4
ACATCGGTCAGCCGCG-1_V13B23-285_B1,6
ACATCGTATGCAATGG-1_V13B23-285_B1,7
ACATCGTTAACCTAGT-1_V13B23-285_B1,8
ACATGGCGCCAAAGTA-1_V13B23-285_B1,7
ACATTAGTTTATATCC-1_V13B23-285_B1,1
ACCAAACACCCAGCGA-1_V13B23-285_B1,11
ACCAACACCACACACT-1_V13B23-285_B1,11
ACCAACGCTTATTTAT-1_V13B23-285_B1,4
ACCAAGAACGCGTGTC-1_V13B23-285_B1,10
ACCAATATGCAAGTTA-1_V13B23-285_B1,7
ACCACAAGTTTCTATC-1_V13B23-285_B1,4
ACCACCAATGTAACAA-1_V13B23-285_B1,7
ACCACCCTCTCTTCTA-1_V13B23-285_B1,11
ACCACGTGCAGCTATA-1_V13B23-285_B1,7
ACCAGTGCCCGGTCAA-1_V13B23-285_B1,2
ACCAGTGCGGGAGACG-1_V13B23-285_B1,7
ACCATATCCGCAATAA-1_V13B23-285_B1,4
ACCATCGTATATGGTA-1_V13B23-285_B1,6
ACCCAACGCCCGTGGC-1_V13B23-285_B1,11
ACCCACCTACATGCTC-1_V13B23-285_B1,6
ACCCATCTTGAGGGTA-1_V13B23-285_B1,4
ACCCATTTGTCCCTCT-1_V13B23-285_B1,7
ACCCGAGCGAAATTAC-1_V13B23-285_B1,6
ACCCGGAAACTCCCAG-1_V13B23-285_B1,6
ACCCGGAGCACCACAA-1_V13B23-285_B1,7
ACCCGGATGACGCATC-1_V13B23-285_B1,7
ACCCGGTTACACTTCC-1_V13B23-285_B1,6
ACCCGTGTCATCAGTA-1_V13B23-285_B1,6
ACCCTATAGGACTGAG-1_V13B23-285_B1,9
ACCCTATGCCATATCG-1_V13B23-285_B1,6
ACCCTCCCTTGCTATT-1_V13B23-285_B1,7
ACCCTGGTAACGCCCT-1_V13B23-285_B1,11
ACCCTTCATCTGCGAA-1_V13B23-285_B1,10
ACCCTTGCCTGGGTCG-1_V13B23-285_B1,9
ACCGAAGAGTCTGGTT-1_V13B23-285_B1,6
ACCGACACATCTCCCA-1_V13B23-285_B1,6
ACCGACTGAGTCCCAC-1_V13B23-285_B1,1
ACCGATAGGCATAACC-1_V13B23-285_B1,7
ACCGATATTTAATCAT-1_V13B23-285_B1,7
ACCGATGGTAGCATCG-1_V13B23-285_B1,7
ACCGCAATAACTGCCT-1_V13B23-285_B1,7
ACCGCGGTGGAAGTCG-1_V13B23-285_B1,3
ACCGGGCCTTTGTTGA-1_V13B23-285_B1,7
ACCGGTCAGGTACACC-1_V13B23-285_B1,6
ACCGTGACCACGTGGG-1_V13B23-285_B1,6
ACCTAAGTACCTTTCA-1_V13B23-285_B1,6
ACCTAATCGACTTCCT-1_V13B23-285_B1,4
ACCTACAGTATGTGGT-1_V13B23-285_B1,7
ACCTCCGCCCTCGCTG-1_V13B23-285_B1,7
ACCTCCGTTATTCACC-1_V13B23-285_B1,7
ACCTGCGTGTCATGTT-1_V13B23-285_B1,11
ACGAAATGGGCGGCAC-1_V13B23-285_B1,4
ACGACCCATGAGTTGC-1_V13B23-285_B1,7
ACGAGATATTTGCTTA-1_V13B23-285_B1,8
ACGAGGATACCACTCT-1_V13B23-285_B1,6
ACGAGGTTTACAACGT-1_V13B23-285_B1,6
ACGAGTACGGATGCCC-1_V13B23-285_B1,11
ACGATACATAGAACTA-1_V13B23-285_B1,10
ACGATCATACATAGAG-1_V13B23-285_B1,12
ACGATCATCTTGTAAA-1_V13B23-285_B1,7
ACGATGCATATGTTAT-1_V13B23-285_B1,4
ACGATGGATCCGATGC-1_V13B23-285_B1,8
ACGCAATCACTACAGC-1_V13B23-285_B1,11
ACGCATACGTTTACTA-1_V13B23-285_B1,7
ACGCATTCGTGAGTAC-1_V13B23-285_B1,4
ACGCCGCTAGACGACC-1_V13B23-285_B1,7
ACGCGAAGTCAGACGA-1_V13B23-285_B1,4
ACGCGCTACACAGGGT-1_V13B23-285_B1,6
ACGCGGGCCAAGGACA-1_V13B23-285_B1,4
ACGCTAGTGATACACT-1_V13B23-285_B1,11
ACGCTGTGAGGCGTAG-1_V13B23-285_B1,11
ACGGAATTTAGCAAAT-1_V13B23-285_B1,4
ACGGACTCTCAAAGCG-1_V13B23-285_B1,7
ACGGAGCGCAAATTAC-1_V13B23-285_B1,11
ACGGATGGTGCGGATA-1_V13B23-285_B1,7
ACGGCACTTGCTTGGG-1_V13B23-285_B1,6
ACGGCCAACATGGACT-1_V13B23-285_B1,4
ACGGCGACGATGGGAA-1_V13B23-285_B1,7
ACGGCTGGATGTAGAA-1_V13B23-285_B1,6
ACGGGAGTGTCGGCCC-1_V13B23-285_B1,6
ACGGGCGTATGCGACA-1_V13B23-285_B1,11
ACGGGTCATGTGACTT-1_V13B23-285_B1,6
ACGTACAGATTTCTCT-1_V13B23-285_B1,8
ACGTAGATTGCTGATG-1_V13B23-285_B1,7
ACGTATTACTCCGATC-1_V13B23-285_B1,7
ACGTGCGCCTCGTGCA-1_V13B23-285_B1,10
ACGTTAATGTCGAAGA-1_V13B23-285_B1,7
ACGTTAGATTTGCCCG-1_V13B23-285_B1,6
ACGTTATTGGTCACTC-1_V13B23-285_B1,6
ACGTTCGCAATCAATT-1_V13B23-285_B1,11
ACGTTCGTTCAGGAAA-1_V13B23-285_B1,6
ACGTTTAGTTGTGATC-1_V13B23-285_B1,5
ACTACCAGCTCTCTGG-1_V13B23-285_B1,4
ACTACGCGTTAGAATT-1_V13B23-285_B1,6
ACTAGTTGCGATCGTC-1_V13B23-285_B1,7
ACTATATGCTGTGTTC-1_V13B23-285_B1,9
ACTATCCAGGGCATGG-1_V13B23-285_B1,7
ACTATCTGCCCGCGTA-1_V13B23-285_B1,7
ACTATTCGTCCGTGGT-1_V13B23-285_B1,5
ACTATTTCCGGGCCCA-1_V13B23-285_B1,6
ACTCAAGTGCAAGGCT-1_V13B23-285_B1,3
ACTCAATAAAGGCACG-1_V13B23-285_B1,1
ACTCCCATTCCTAAAG-1_V13B23-285_B1,6
ACTCCCGAATTCGTTT-1_V13B23-285_B1,11
ACTCCCGTAGACTAGG-1_V13B23-285_B1,11
ACTCCCTAATGCTAAA-1_V13B23-285_B1,6
ACTCCCTAGAATAGTA-1_V13B23-285_B1,7
ACTCGCGATCTGACGC-1_V13B23-285_B1,5
ACTCGTAACCCGTCCT-1_V13B23-285_B1,6
ACTCGTCAGTAATCCC-1_V13B23-285_B1,7
ACTCTCTGACTTAGGT-1_V13B23-285_B1,7
ACTCTCTTATACACGA-1_V13B23-285_B1,2
ACTCTTCAGCTCCCGC-1_V13B23-285_B1,7
ACTCTTGTATAGTAAC-1_V13B23-285_B1,7
ACTGAAACGCCGTTAG-1_V13B23-285_B1,7
ACTGAATGGCGAAAGT-1_V13B23-285_B1,7
ACTGCCGTCGTAACTC-1_V13B23-285_B1,10
ACTGCGGACACACCGT-1_V13B23-285_B1,7
ACTGTACGATACACAT-1_V13B23-285_B1,1
ACTGTAGCACTTTGGA-1_V13B23-285_B1,4
ACTGTCCAGGATTATA-1_V13B23-285_B1,4
ACTGTCTTCTTTAGAA-1_V13B23-285_B1,1
ACTGTGCTAGTAGATC-1_V13B23-285_B1,4
ACTTACCGGGCGCGCA-1_V13B23-285_B1,11
ACTTACGCATCCACGC-1_V13B23-285_B1,7
ACTTAGTACGACAAGA-1_V13B23-285_B1,4
ACTTATACTTACCCGG-1_V13B23-285_B1,7
ACTTATTAGGATCGGT-1_V13B23-285_B1,4
ACTTATTTATGTGCCA-1_V13B23-285_B1,7
ACTTCAGGCTGATCCC-1_V13B23-285_B1,7
ACTTCCATGCGGGACA-1_V13B23-285_B1,6
ACTTCGCCATACGCAC-1_V13B23-285_B1,11
ACTTCGCTAGCGAGTG-1_V13B23-285_B1,11
ACTTGACTCCCTCTTT-1_V13B23-285_B1,7
ACTTGGGACCCGGTGG-1_V13B23-285_B1,4
ACTTGTGGATGGAACG-1_V13B23-285_B1,7
ACTTTACCCTCATGAA-1_V13B23-285_B1,11
ACTTTCCTATAGCTTC-1_V13B23-285_B1,1
ACTTTGGTCGTGCTCC-1_V13B23-285_B1,6
ACTTTGTCGACGCACT-1_V13B23-285_B1,7
AGAAATTATGACTCGC-1_V13B23-285_B1,7
AGAACCCAGCGTGACA-1_V13B23-285_B1,5
AGAACCCTCAATTGGG-1_V13B23-285_B1,6
AGAACGTGGTACATTC-1_V13B23-285_B1,1
AGAAGAGCGCCGTTCC-1_V13B23-285_B1,7
AGAAGGTACACTTCAC-1_V13B23-285_B1,6
AGAAGGTTGCCGAATT-1_V13B23-285_B1,6
AGAAGTGATTCGTGAT-1_V13B23-285_B1,6
AGAATGCGGGTTCGGA-1_V13B23-285_B1,9
AGAATTATGGATTCGA-1_V13B23-285_B1,11
AGAATTGTTTGACATA-1_V13B23-285_B1,4
AGACAGCTCAGAATCC-1_V13B23-285_B1,6
AGACAGGCATCTCAGC-1_V13B23-285_B1,7
AGACCAAACCACACCT-1_V13B23-285_B1,6
AGACCATGGGATACAA-1_V13B23-285_B1,4
AGACCCACCGCTGATC-1_V13B23-285_B1,1
AGACCCGCCCTCCTCG-1_V13B23-285_B1,4
AGACCGCTCCGCGGTT-1_V13B23-285_B1,7
AGACCGGGAAACCCTG-1_V13B23-285_B1,6
AGACGAAGTGCCGGTC-1_V13B23-285_B1,7
AGACGACGATGCCGCT-1_V13B23-285_B1,6
AGACGCCCACTTCGCC-1_V13B23-285_B1,7
AGACTAGCCTTCCAGA-1_V13B23-285_B1,4
AGAGAACCGTCTAGGA-1_V13B23-285_B1,11
AGAGAAGGAGTACAAT-1_V13B23-285_B1,6
AGAGATCTCTAAAGCG-1_V13B23-285_B1,4
AGAGCAGTTATGAGAC-1_V13B23-285_B1,6
AGAGCCGCCGAGATTT-1_V13B23-285_B1,7
AGAGCGCTTGTAACGG-1_V13B23-285_B1,11
AGAGCGGGCTAATCAT-1_V13B23-285_B1,10
AGAGCGTACAAGCTCG-1_V13B23-285_B1,6
AGAGGCTTCGGAAACC-1_V13B23-285_B1,7
AGAGTAAACTTCACTA-1_V13B23-285_B1,7
AGAGTATAGTGTTACG-1_V13B23-285_B1,11
AGATAACTTCAGGGCC-1_V13B23-285_B1,4
AGATACCAGCACTTCA-1_V13B23-285_B1,11
AGATACCGGTGTTCAC-1_V13B23-285_B1,6
AGATACGACTTCATAT-1_V13B23-285_B1,4
AGATACTCAAGATCGA-1_V13B23-285_B1,7
AGATCGTGCATAAGAT-1_V13B23-285_B1,11
AGATCTCAGGTGTGAT-1_V13B23-285_B1,1
AGATGACTCGCCCACG-1_V13B23-285_B1,4
AGATGAGGGTTGCGAT-1_V13B23-285_B1,11
AGATGATGGAGTCTGG-1_V13B23-285_B1,7
AGATGCAAGACGTGCA-1_V13B23-285_B1,6
AGATGCATCCTGTGTC-1_V13B23-285_B1,6
AGATTATAGGACGTTT-1_V13B23-285_B1,4
AGATTCACAACCGATA-1_V13B23-285_B1,6
AGCAAAGGCCGCTAGT-1_V13B23-285_B1,6
AGCAACATATCTTATT-1_V13B23-285_B1,7
AGCAACCGAAAGTAAT-1_V13B23-285_B1,6
AGCACCAGTACTCACG-1_V13B23-285_B1,1
AGCACTACCGGCCTGT-1_V13B23-285_B1,6
AGCACTACCTCACCAG-1_V13B23-285_B1,7
AGCACTTAAGGACGCC-1_V13B23-285_B1,4
AGCAGCCAGATGAATA-1_V13B23-285_B1,6
AGCATATCAATATGCT-1_V13B23-285_B1,7
AGCATCATTTCGAAAG-1_V13B23-285_B1,6
AGCATCGTCGATAATT-1_V13B23-285_B1,4
AGCCACTCCCGTGCTT-1_V13B23-285_B1,10
AGCCCATACATGTAAG-1_V13B23-285_B1,11
AGCCCGGTAGCCTGTA-1_V13B23-285_B1,6
AGCCCTAAGCGAAGTT-1_V13B23-285_B1,5
AGCCCTGTCGCACCGT-1_V13B23-285_B1,5
AGCCCTTCTAATCCGA-1_V13B23-285_B1,11
AGCCCTTGGACATCCC-1_V13B23-285_B1,7
AGCCGTGGCTAAATGT-1_V13B23-285_B1,6
AGCCTAATACCCACGT-1_V13B23-285_B1,6
AGCCTTAAAGCGGAAG-1_V13B23-285_B1,6
AGCGACAGGAACGGTC-1_V13B23-285_B1,6
AGCGACATCCCATTCA-1_V13B23-285_B1,2
AGCGACCAACGATATT-1_V13B23-285_B1,4
AGCGCATAATGAATCG-1_V13B23-285_B1,6
AGCGCGGGTGCCAATG-1_V13B23-285_B1,11
AGCGCTAGAGCGATGT-1_V13B23-285_B1,5
AGCGCTTATGGGCAAG-1_V13B23-285_B1,2
AGCGGACACTTCGTAG-1_V13B23-285_B1,6
AGCGGCGGTTAGCGGT-1_V13B23-285_B1,6
AGCGGGAAGGGTCCAT-1_V13B23-285_B1,4
AGCGGTTGCCGCTCTG-1_V13B23-285_B1,11
AGCGTGGTATTCTACT-1_V13B23-285_B1,7
AGCTAACAAGCAATGT-1_V13B23-285_B1,6
AGCTAGAAGCAGAAGT-1_V13B23-285_B1,9
AGCTCCATATATGTTC-1_V13B23-285_B1,7
AGCTCCTTCGCACATC-1_V13B23-285_B1,7
AGCTCGTTGATGGAAA-1_V13B23-285_B1,11
AGCTCTAGACGTTCCA-1_V13B23-285_B1,7
AGCTCTTCCCAGTGCA-1_V13B23-285_B1,9
AGCTCTTCGTAACCTT-1_V13B23-285_B1,7
AGCTCTTTACTCAGTT-1_V13B23-285_B1,6
AGCTGAAGTAAACCAA-1_V13B23-285_B1,9
AGCTGTAACCTCAATC-1_V13B23-285_B1,6
AGCTTGATCTTAACTT-1_V13B23-285_B1,4
AGGAAGCTGTCCGCCG-1_V13B23-285_B1,6
AGGACAGTCGAATCCC-1_V13B23-285_B1,7
AGGACATCGCACGTCG-1_V13B23-285_B1,4
AGGACGACCCATTAGA-1_V13B23-285_B1,6
AGGACGCTCGATGTTG-1_V13B23-285_B1,11
AGGAGACATCCACAGT-1_V13B23-285_B1,11
AGGAGAGTCTGGCTAC-1_V13B23-285_B1,11
AGGAGGCCTTCGCGCG-1_V13B23-285_B1,7
AGGATAAAGTCGGGAT-1_V13B23-285_B1,1
AGGATATAGGGATTTA-1_V13B23-285_B1,7
AGGATCACGCGATCTG-1_V13B23-285_B1,6
AGGATTGCTTACGACA-1_V13B23-285_B1,11
AGGCACGTGACTGTCC-1_V13B23-285_B1,7
AGGCAGATGCGTAAAC-1_V13B23-285_B1,11
AGGCAGGGAGCGTACT-1_V13B23-285_B1,6
AGGCATTGTCGTAGGG-1_V13B23-285_B1,7
AGGCCACATTGGTTAC-1_V13B23-285_B1,7
AGGCCACCCGTTATGA-1_V13B23-285_B1,3
AGGCCCATTGTACAGG-1_V13B23-285_B1,10
AGGCCCTAGAACGCCA-1_V13B23-285_B1,11
AGGCCTGAGAATCTCG-1_V13B23-285_B1,7
AGGCGATAACTGGCGT-1_V13B23-285_B1,7
AGGCGGTTTGTCCCGC-1_V13B23-285_B1,6
AGGCGTCTATGGACGG-1_V13B23-285_B1,9
AGGCTATGGTTAGCTT-1_V13B23-285_B1,6
AGGCTTCCCGAAGAAG-1_V13B23-285_B1,6
AGGCTTGCTAGACACC-1_V13B23-285_B1,6
AGGGAAACGAGGTACT-1_V13B23-285_B1,10
AGGGACCGGCTGCGTT-1_V13B23-285_B1,7
AGGGACTCTACGCGAC-1_V13B23-285_B1,6
AGGGAGACATACTTCG-1_V13B23-285_B1,11
AGGGCGAGCAGCTGAT-1_V13B23-285_B1,11
AGGGCGTGATCGGCTA-1_V13B23-285_B1,10
AGGGCTGCAGTTACAG-1_V13B23-285_B1,7
AGGGTCAGTAACCCTA-1_V13B23-285_B1,9
AGGGTCGATGCGAACT-1_V13B23-285_B1,7
AGGGTGCTCTCGAGGG-1_V13B23-285_B1,7
AGGGTGGATAGTGCAT-1_V13B23-285_B1,6
AGGGTTCCCTTTGGTT-1_V13B23-285_B1,11
AGGGTTTAGTTCGGGA-1_V13B23-285_B1,4
AGGTAACCTCCTATTC-1_V13B23-285_B1,8
AGGTACGATATTGCCA-1_V13B23-285_B1,8
AGGTAGGTACAAAGCT-1_V13B23-285_B1,4
AGGTATAATTGATAGT-1_V13B23-285_B1,7
AGGTATGCGGACATTA-1_V13B23-285_B1,11
AGGTCAGGTGAGAGTG-1_V13B23-285_B1,11
AGGTCGCCTCCCAACA-1_V13B23-285_B1,7
AGGTCGCGGAGTTACT-1_V13B23-285_B1,11
AGGTGTATCGCCATGA-1_V13B23-285_B1,11
AGGTTACACCATGCCG-1_V13B23-285_B1,5
AGGTTGAGGCACGCTT-1_V13B23-285_B1,10
AGGTTTCACACACCTT-1_V13B23-285_B1,4
AGTACATCATTTATCA-1_V13B23-285_B1,11
AGTACCTTCGAGTGCT-1_V13B23-285_B1,2
AGTACGGGCACCTGGC-1_V13B23-285_B1,4
AGTACTCTTATGCCCA-1_V13B23-285_B1,7
AGTAGGAAGGAAGTTG-1_V13B23-285_B1,11
AGTAGGTAACATACAT-1_V13B23-285_B1,8
AGTATAATACTAGGCA-1_V13B23-285_B1,4
AGTATGCTGGAGACCA-1_V13B23-285_B1,6
AGTATTTGGCACGACC-1_V13B23-285_B1,6
AGTCAACACCACCATC-1_V13B23-285_B1,4
AGTCAAGATGACACTT-1_V13B23-285_B1,7
AGTCACTAGCTCTCGA-1_V13B23-285_B1,7
AGTCAGCCACCGCCTG-1_V13B23-285_B1,4
AGTCCATTGGCTGATG-1_V13B23-285_B1,7
AGTCCCGCCTTTAATT-1_V13B23-285_B1,2
AGTCCCTCGCAGAAAG-1_V13B23-285_B1,11
AGTCGACGGTCTCAAG-1_V13B23-285_B1,7
AGTCGGCCCAAACGAC-1_V13B23-285_B1,4
AGTCGGCTCAACTTTA-1_V13B23-285_B1,6
AGTCGGTTGCGTGAGA-1_V13B23-285_B1,7
AGTCGTCGACCACCAA-1_V13B23-285_B1,7
AGTCGTGGGCATTACG-1_V13B23-285_B1,6
AGTCTAAAGTATACTC-1_V13B23-285_B1,11
AGTCTCACAAGACTAC-1_V13B23-285_B1,6
AGTCTGGACATCCTTG-1_V13B23-285_B1,4
AGTCTTCTCCTCAAAT-1_V13B23-285_B1,1
AGTGAACAAACTTCTC-1_V13B23-285_B1,7
AGTGAAGATGGTGTCC-1_V13B23-285_B1,11
AGTGACCTACTTTACG-1_V13B23-285_B1,6
AGTGAGACTTCCAGTA-1_V13B23-285_B1,7
AGTGAGCCTCGCCGCC-1_V13B23-285_B1,11
AGTGAGGGTTTCTGAC-1_V13B23-285_B1,2
AGTGATAACCTGCGCG-1_V13B23-285_B1,7
AGTGATATGAGTAGTT-1_V13B23-285_B1,6
AGTGATTCAAGCAGGA-1_V13B23-285_B1,1
AGTGCACGCTTAAGAA-1_V13B23-285_B1,7
AGTGCGTAGCTCGTAA-1_V13B23-285_B1,6
AGTGCTAAACACAGCA-1_V13B23-285_B1,6
AGTGCTTGCACGAATA-1_V13B23-285_B1,7
AGTGGCGGCAATTTGA-1_V13B23-285_B1,11
AGTGGCGTCTGAAGGT-1_V13B23-285_B1,7
AGTGGTTGCGTATAGG-1_V13B23-285_B1,11
AGTGTATTGCGCATTG-1_V13B23-285_B1,9
AGTGTGCTAAGATCGC-1_V13B23-285_B1,6
AGTGTGGTCTATTGTG-1_V13B23-285_B1,6
AGTTAAACACTTGCGA-1_V13B23-285_B1,4
AGTTAAGCGGTCCCGG-1_V13B23-285_B1,10
AGTTAAGTCAACCGCT-1_V13B23-285_B1,6
AGTTACCCTTAAGACT-1_V13B23-285_B1,6
AGTTACCGCACATGGT-1_V13B23-285_B1,6
AGTTACTCTATCGTGG-1_V13B23-285_B1,10
AGTTCACCGGTTGGAC-1_V13B23-285_B1,6
AGTTCCTACAGAATTA-1_V13B23-285_B1,4
AGTTCCTATTTATGTT-1_V13B23-285_B1,4
AGTTCTGCGTTGTATC-1_V13B23-285_B1,9
AGTTGCTGACTGATAT-1_V13B23-285_B1,4
AGTTTATGTAAAGACA-1_V13B23-285_B1,11
AGTTTCGCAGGTCGGA-1_V13B23-285_B1,8
AGTTTGCACCTGCCTC-1_V13B23-285_B1,7
AGTTTGGCACGGGTTG-1_V13B23-285_B1,7
AGTTTGGCCAGACCTA-1_V13B23-285_B1,6
ATAAACGGACCCGTAA-1_V13B23-285_B1,4
ATAAACGTTGCACCAC-1_V13B23-285_B1,7
ATAAAGGCTCGGTCGT-1_V13B23-285_B1,4
ATAAATATTAGCAGCT-1_V13B23-285_B1,4
ATAACGCCGGAGGGTC-1_V13B23-285_B1,7
ATAACGGAGTCCAACG-1_V13B23-285_B1,1
ATAAGGTGGAGAACAT-1_V13B23-285_B1,7
ATAAGTAGGATTCAGA-1_V13B23-285_B1,11
ATAAGTAGGGCGACTC-1_V13B23-285_B1,7
ATAAGTTACCGCGACG-1_V13B23-285_B1,6
ATAATACCGTTAGCCG-1_V13B23-285_B1,3
ATAATAGCTGTTGAAT-1_V13B23-285_B1,1
ATAATAGTGTAGGGAC-1_V13B23-285_B1,4
ATAATCTTGGAGAACC-1_V13B23-285_B1,7
ATACAGGCCCTCCAAT-1_V13B23-285_B1,7
ATACCACGGGCAACTT-1_V13B23-285_B1,4
ATACCGTCATCCATAA-1_V13B23-285_B1,9
ATACCTAACCAAGAAA-1_V13B23-285_B1,6
ATACGAAGGCTTTCCA-1_V13B23-285_B1,7
ATACGCCGGCGAAACC-1_V13B23-285_B1,7
ATACGGAACGTCGTTT-1_V13B23-285_B1,6
ATACGGGTTTCGATTG-1_V13B23-285_B1,10
ATACGGTGAAGATGCA-1_V13B23-285_B1,6
ATACGTACTTAGCCAC-1_V13B23-285_B1,1
ATACGTCCACTCCTGT-1_V13B23-285_B1,7
ATACTACCCGTACCAC-1_V13B23-285_B1,7
ATACTAGCATGACCCT-1_V13B23-285_B1,10
ATACTGCCTTACACCG-1_V13B23-285_B1,7
ATAGACAACGGGACCT-1_V13B23-285_B1,11
ATAGACGAAGAGAAAG-1_V13B23-285_B1,4
ATAGAGTACTGGGACA-1_V13B23-285_B1,4
ATAGAGTTATCAACTT-1_V13B23-285_B1,11
ATAGCAACTAGGGAAG-1_V13B23-285_B1,7
ATAGCCTCAGTACCCA-1_V13B23-285_B1,6
ATAGCTGCTCTTGTTA-1_V13B23-285_B1,6
ATAGGCGGCTATAGAA-1_V13B23-285_B1,6
ATAGGCTAGCTTCGCA-1_V13B23-285_B1,11
ATAGGGATATCCTTGA-1_V13B23-285_B1,10
ATAGGTTGGGCAGATG-1_V13B23-285_B1,1
ATAGTGAAGCGTTCTC-1_V13B23-285_B1,4
ATAGTTCCACCCACTC-1_V13B23-285_B1,7
ATATAAAGCGCTCGTG-1_V13B23-285_B1,6
ATATAAATGTAGCTGC-1_V13B23-285_B1,7
ATATACGCTCGTGACG-1_V13B23-285_B1,7
ATATCAACCTACAGAG-1_V13B23-285_B1,7
ATATCAATTCCAGCCT-1_V13B23-285_B1,9
ATATCGGTAGGGAGAT-1_V13B23-285_B1,7
ATATCGTTCCTCGAAC-1_V13B23-285_B1,7
ATATCTCCCTCGTTAA-1_V13B23-285_B1,10
ATATCTTAGGGCCTTC-1_V13B23-285_B1,4
ATATGTCTCCCTAGCC-1_V13B23-285_B1,7
ATATTCAGTTAAACCT-1_V13B23-285_B1,6
ATATTCCACATAGTGA-1_V13B23-285_B1,7
ATATTGCTGTCAAAGT-1_V13B23-285_B1,4
ATATTGGAGAGGCCTT-1_V13B23-285_B1,7
ATATTTAACCCTCAAG-1_V13B23-285_B1,4
ATCAAACACTGTTCCA-1_V13B23-285_B1,7
ATCAAACGAAGGTTTG-1_V13B23-285_B1,6
ATCAATCTGGGCTGCA-1_V13B23-285_B1,7
ATCAATGCCGTGGCTG-1_V13B23-285_B1,6
ATCACATTAGAATATC-1_V13B23-285_B1,10
ATCACGTGCTAATTAA-1_V13B23-285_B1,6
ATCACTTCATCCTCGC-1_V13B23-285_B1,10
ATCAGACGGCACGCCG-1_V13B23-285_B1,6
ATCAGCCTCATGCTGC-1_V13B23-285_B1,7
ATCAGCTCGTCCACTA-1_V13B23-285_B1,6
ATCAGTAGGCAGGGAT-1_V13B23-285_B1,11
ATCATAGCCCTATGTA-1_V13B23-285_B1,7
ATCATCCAATATTTGT-1_V13B23-285_B1,4
ATCATGGACTACCGAC-1_V13B23-285_B1,7
ATCCAACGCAGTCATA-1_V13B23-285_B1,4
ATCCAATGGAGGGTCC-1_V13B23-285_B1,11
ATCCACATCGACAGAA-1_V13B23-285_B1,12
ATCCAGAGCAACAACC-1_V13B23-285_B1,6
ATCCAGGATTCGTGAA-1_V13B23-285_B1,4
ATCCTACCTAAGCTCT-1_V13B23-285_B1,6
ATCCTGCGTGGAATGG-1_V13B23-285_B1,6
ATCCTTCTGAAAGAAC-1_V13B23-285_B1,7
ATCGACCCAATACAGA-1_V13B23-285_B1,3
ATCGACTCTTTCCGTT-1_V13B23-285_B1,4
ATCGCACGCCGGGAGA-1_V13B23-285_B1,4
ATCGCCAGTCAACATT-1_V13B23-285_B1,7
ATCGCTGCGTGCAGCA-1_V13B23-285_B1,11
ATCGCTTTACGTCTCA-1_V13B23-285_B1,11
ATCGGAGACAGACGGC-1_V13B23-285_B1,7
ATCGGCAAGCAGTCCA-1_V13B23-285_B1,4
ATCGGTTACCTAGTAA-1_V13B23-285_B1,6
ATCGTTAGCTAGCGGA-1_V13B23-285_B1,7
ATCGTTCACTTTCGCC-1_V13B23-285_B1,12
ATCTAATATCCTACGG-1_V13B23-285_B1,1
ATCTCCCACGGAATAT-1_V13B23-285_B1,7
ATCTCGTGAGCGAAAC-1_V13B23-285_B1,7
ATCTGATAGTGTCTTA-1_V13B23-285_B1,6
ATCTGCACCTCTGCGA-1_V13B23-285_B1,11
ATCTGGGCTGTTCTTG-1_V13B23-285_B1,6
ATCTGGTTAAGACTGT-1_V13B23-285_B1,11
ATCTGTAATTGTACCC-1_V13B23-285_B1,2
ATCTTGACCTGCAACG-1_V13B23-285_B1,9
ATCTTGACTTGTCCAA-1_V13B23-285_B1,11
ATCTTTCGTATAACCA-1_V13B23-285_B1,11
ATGAAGCCAAGGAGCC-1_V13B23-285_B1,3
ATGACGCCGGCTCTAA-1_V13B23-285_B1,2
ATGACGCGTTCTATCC-1_V13B23-285_B1,6
ATGACTATGCGACATT-1_V13B23-285_B1,7
ATGAGGAGTGTTAATC-1_V13B23-285_B1,4
ATGAGGGCAGCGGCTA-1_V13B23-285_B1,7
ATGATCGGGAATAGAC-1_V13B23-285_B1,10
ATGATGCAATGGTACA-1_V13B23-285_B1,6
ATGCACGCGCTGTTCA-1_V13B23-285_B1,6
ATGCACTACCGCATTG-1_V13B23-285_B1,4
ATGCATGATCCAGGAT-1_V13B23-285_B1,1
ATGCCAATCGCTCTGC-1_V13B23-285_B1,11
ATGCCATTTGCGACCA-1_V13B23-285_B1,7
ATGCCGGTCTTGCATA-1_V13B23-285_B1,5
ATGCCGGTTGATGGGA-1_V13B23-285_B1,10
ATGCGACAATTGGTCC-1_V13B23-285_B1,11
ATGCGACAGTCCCATT-1_V13B23-285_B1,7
ATGCGAGTCCCACCAC-1_V13B23-285_B1,7
ATGCTCAGTGTTGCAT-1_V13B23-285_B1,4
ATGCTCTGGCGCGGTA-1_V13B23-285_B1,7
ATGCTTAGGAGTTGAT-1_V13B23-285_B1,7
ATGGAAATTTAAGGAG-1_V13B23-285_B1,9
ATGGAACCTTTGCACA-1_V13B23-285_B1,7
ATGGAGCAGGCCGTGA-1_V13B23-285_B1,7
ATGGATCCGGCGTCCG-1_V13B23-285_B1,10
ATGGATTGACCAAACG-1_V13B23-285_B1,2
ATGGCAGCCGAGAAAC-1_V13B23-285_B1,6
ATGGCGGAATAGTCGC-1_V13B23-285_B1,11
ATGGCTGGAAATGGCC-1_V13B23-285_B1,12
ATGGGACCTGCTGAAC-1_V13B23-285_B1,6
ATGGGCCTCGGCCTCT-1_V13B23-285_B1,7
ATGGTCGCGTGGTTTC-1_V13B23-285_B1,7
ATGTAAGGCTGCTCTT-1_V13B23-285_B1,11
ATGTGAAAGCCTAATG-1_V13B23-285_B1,11
ATGTGCATCCGACGCA-1_V13B23-285_B1,4
ATGTGGACATCTTGAT-1_V13B23-285_B1,7
ATGTTACGAGCAATAC-1_V13B23-285_B1,4
ATGTTCCTGCCCACCT-1_V13B23-285_B1,6
ATGTTCGTCGACCCAC-1_V13B23-285_B1,6
ATGTTTCGGCCCGGAG-1_V13B23-285_B1,11
ATTAAACATGCGGACC-1_V13B23-285_B1,9
ATTAATACTACGCGGG-1_V13B23-285_B1,10
ATTAATGAACCAGTCG-1_V13B23-285_B1,10
ATTAATTCGGTCACTC-1_V13B23-285_B1,10
ATTACAACTACCGGCC-1_V13B23-285_B1,8
ATTACATGTCAGTCTT-1_V13B23-285_B1,7
ATTACCACACTGCCTG-1_V13B23-285_B1,7
ATTACGACTCCACAGT-1_V13B23-285_B1,11
ATTACGCGCTGGCAGG-1_V13B23-285_B1,6
ATTACTAGCCTCTTGC-1_V13B23-285_B1,4
ATTACTTACTGGGCAT-1_V13B23-285_B1,11
ATTAGATTCCTCAGCA-1_V13B23-285_B1,11
ATTAGATTGATAGCGG-1_V13B23-285_B1,4
ATTAGGCGATGCTTTC-1_V13B23-285_B1,7
ATTATAGCTACTTTAC-1_V13B23-285_B1,11
ATTATGCCATAGGGAG-1_V13B23-285_B1,4
ATTATTATGTCCGTCA-1_V13B23-285_B1,6
ATTCAACCATTTAAGG-1_V13B23-285_B1,7
ATTCACTGATGTTGGA-1_V13B23-285_B1,6
ATTCAGGACCTATTTC-1_V13B23-285_B1,4
ATTCAGTAGCAGGGTC-1_V13B23-285_B1,6
ATTCATATACTGTCCA-1_V13B23-285_B1,4
ATTCATCGTTGAGGCA-1_V13B23-285_B1,6
ATTCCCACATAAACAA-1_V13B23-285_B1,6
ATTCCTAAGACGTGGA-1_V13B23-285_B1,11
ATTCCTCCGCCAGTGC-1_V13B23-285_B1,4
ATTCGACGCCGGGCCT-1_V13B23-285_B1,6
ATTCGCAGAGGACACT-1_V13B23-285_B1,2
ATTCGTGCTATCTCTT-1_V13B23-285_B1,7
ATTCTTCGTACTTATG-1_V13B23-285_B1,8
ATTGAAGATCTTAGTG-1_V13B23-285_B1,4
ATTGACCGGCGATGAC-1_V13B23-285_B1,11
ATTGATAGCAACGAGA-1_V13B23-285_B1,10
ATTGATGAGTCCTAAC-1_V13B23-285_B1,7
ATTGCGATCAGTAACT-1_V13B23-285_B1,7
ATTGCTGCTCCTCCAT-1_V13B23-285_B1,4
ATTGGATTACAGCGTA-1_V13B23-285_B1,7
ATTGTACAACTCGGCT-1_V13B23-285_B1,7
ATTGTCGCAATACCTT-1_V13B23-285_B1,10
ATTGTGACTTCGCTGC-1_V13B23-285_B1,12
ATTGTTCAACGATCCG-1_V13B23-285_B1,7
ATTTAACTCGTATTAC-1_V13B23-285_B1,8
ATTTACAGTTTACTGG-1_V13B23-285_B1,4
ATTTACTAAGTCCATT-1_V13B23-285_B1,11
ATTTCATTATTTCGCG-1_V13B23-285_B1,5
ATTTCCGGGTTCTGCG-1_V13B23-285_B1,6
ATTTGCGCGAGTAGCT-1_V13B23-285_B1,6
ATTTGTCTTGGGAGCT-1_V13B23-285_B1,7
ATTTGTTCCAGGGCTC-1_V13B23-285_B1,10
CAAACGAGTATCGCAG-1_V13B23-285_B1,6
CAAACGGTCGCACTTT-1_V13B23-285_B1,4
CAAACTACGATAGAGA-1_V13B23-285_B1,9
CAAACTATTGAGCTTC-1_V13B23-285_B1,8
CAAACTCGCGACGCCG-1_V13B23-285_B1,7
CAAAGATTATTGGGCC-1_V13B23-285_B1,6
CAAAGGTCATCTGAAA-1_V13B23-285_B1,7
CAAAGTCAGGTTAGCT-1_V13B23-285_B1,6
CAAATCTCTCACAAGG-1_V13B23-285_B1,11
CAAATGTCCTTCCGTG-1_V13B23-285_B1,6
CAAATTGGATTATGCC-1_V13B23-285_B1,11
CAAATTGTCAGCAAGC-1_V13B23-285_B1,10
CAACACATCTCCTGCC-1_V13B23-285_B1,11
CAACCAGTGGCCTACC-1_V13B23-285_B1,7
CAACCTACCGAGCAGT-1_V13B23-285_B1,7
CAACCTGAACCTGCCA-1_V13B23-285_B1,11
CAACGACCCGTTTACA-1_V13B23-285_B1,4
CAACGGTTCTTGATAC-1_V13B23-285_B1,4
CAACGTGGTGGAGTCT-1_V13B23-285_B1,7
CAACTATATCGAATGC-1_V13B23-285_B1,5
CAACTCCGTAACTTGC-1_V13B23-285_B1,12
CAACTCCTTGATCCCG-1_V13B23-285_B1,4
CAACTGCTCATCCGAT-1_V13B23-285_B1,6
CAAGACTCAGAAGCGC-1_V13B23-285_B1,11
CAAGAGGGCGGAGTAC-1_V13B23-285_B1,7
CAAGATATTATAACGT-1_V13B23-285_B1,7
CAAGCAACGTCGGAGT-1_V13B23-285_B1,4
CAAGCGGCACATAATT-1_V13B23-285_B1,7
CAAGGATCGCATGTTC-1_V13B23-285_B1,7
CAAGGTCCTATAGGCT-1_V13B23-285_B1,7
CAAGTGTGGTTGCAAA-1_V13B23-285_B1,7
CAATAAACCTTGGCCC-1_V13B23-285_B1,11
CAATACGAGAGTCTGA-1_V13B23-285_B1,5
CAATATTCTTGACCTA-1_V13B23-285_B1,6
CAATCCCTATACCAGC-1_V13B23-285_B1,10
CAATCCTGCCGTGGAG-1_V13B23-285_B1,4
CAATGAGGTTCGACTA-1_V13B23-285_B1,11
CAATGCGAGAAGTATC-1_V13B23-285_B1,7
CAATGGAATCTACATA-1_V13B23-285_B1,8
CAATGGATCTCTACCA-1_V13B23-285_B1,11
CAATGTGCCAACCCTT-1_V13B23-285_B1,7
CAATTAAGGGTGATGA-1_V13B23-285_B1,1
CAATTTCGTATAAGGG-1_V13B23-285_B1,4
CACAAGAAAGATATTA-1_V13B23-285_B1,11
CACAATGAGCTGCTAT-1_V13B23-285_B1,6
CACACACGCTAACGAG-1_V13B23-285_B1,7
CACACAGCTTGCGCTC-1_V13B23-285_B1,7
CACACAGGGATAGATT-1_V13B23-285_B1,6
CACACGCGCTGTCTTA-1_V13B23-285_B1,1
CACAGCACCCACGGCA-1_V13B23-285_B1,4
CACAGCTAGGGAGTGA-1_V13B23-285_B1,10
CACAGGGCCATATAGT-1_V13B23-285_B1,7
CACAGGGCCGTTGTCA-1_V13B23-285_B1,6
CACAGTCCCGCTTCGC-1_V13B23-285_B1,7
CACAGTTCGCTTCCCA-1_V13B23-285_B1,7
CACATATTAGCAGGAT-1_V13B23-285_B1,7
CACATCGTGCACGCGC-1_V13B23-285_B1,6
CACATCTCACCGACGA-1_V13B23-285_B1,7
CACATGATTCAGCAAC-1_V13B23-285_B1,4
CACATTCTTTCGATGG-1_V13B23-285_B1,9
CACATTTCTTGTCAGA-1_V13B23-285_B1,7
CACCAGTCAGCATGCA-1_V13B23-285_B1,6
CACCATCGGAGGAGAC-1_V13B23-285_B1,8
CACCATGATCGCAAAG-1_V13B23-285_B1,12
CACCCAAATCTTATGT-1_V13B23-285_B1,7
CACCCACACGTCACCC-1_V13B23-285_B1,10
CACCCACGAGGCAATT-1_V13B23-285_B1,10
CACCCGGTTTGTGACT-1_V13B23-285_B1,6
CACCCTAACAAGATCT-1_V13B23-285_B1,7
CACCCTTGGTGAGACC-1_V13B23-285_B1,6
CACCGATACACCGAGC-1_V13B23-285_B1,8
CACCGCCAGAAGGTTT-1_V13B23-285_B1,2
CACCGCGTCCACTCTA-1_V13B23-285_B1,11
CACCGTATCCCATCCG-1_V13B23-285_B1,7
CACCGTTAGGGATCAC-1_V13B23-285_B1,6
CACCGTTGCGCGATAT-1_V13B23-285_B1,6
CACCTAATAGAGTCGT-1_V13B23-285_B1,4
CACCTAATCAGTTTAC-1_V13B23-285_B1,10
CACCTCGATGGTGGAC-1_V13B23-285_B1,10
CACCTTGCGAAACTCG-1_V13B23-285_B1,10
CACCTTGGCGCCTTTG-1_V13B23-285_B1,7
CACGAAAGTTAGTCCC-1_V13B23-285_B1,4
CACGCACAGCGCAGCT-1_V13B23-285_B1,1
CACGCAGCGAGGCTTT-1_V13B23-285_B1,4
CACGCGGAACTGTTGC-1_V13B23-285_B1,7
CACGGACGTGGATGGC-1_V13B23-285_B1,11
CACGGCGCGCCAAAGG-1_V13B23-285_B1,11
CACGTCAATCAATGGA-1_V13B23-285_B1,7
CACGTCGGCAACCTCT-1_V13B23-285_B1,6
CACGTTCGTGCTCTAG-1_V13B23-285_B1,7
CACGTTTCGTACACAC-1_V13B23-285_B1,7
CACTAAAGTTGCCTAT-1_V13B23-285_B1,4
CACTACGGGAGCTGCC-1_V13B23-285_B1,7
CACTCAAGAGCTATGG-1_V13B23-285_B1,4
CACTCAGCTCTTGAGG-1_V13B23-285_B1,8
CACTCCTATGTAAGAT-1_V13B23-285_B1,6
CACTCCTCTCGGTCGG-1_V13B23-285_B1,10
CACTCGAGCTGAACAA-1_V13B23-285_B1,7
CACTCGGTTAGGAGGA-1_V13B23-285_B1,11
CACTCTTCTGCTAGCC-1_V13B23-285_B1,7
CACTGTCCAAGTGAGA-1_V13B23-285_B1,4
CACTTAATCAGACGGA-1_V13B23-285_B1,4
CACTTCGCCACAGGCT-1_V13B23-285_B1,4
CACTTCGTCTTATCTC-1_V13B23-285_B1,10
CAGAACTTAGCCCTCT-1_V13B23-285_B1,7
CAGAATAACACACGGA-1_V13B23-285_B1,7
CAGAATATTCGTTATC-1_V13B23-285_B1,7
CAGACACCGATCGCTG-1_V13B23-285_B1,4
CAGACCTGTAAGTGTT-1_V13B23-285_B1,11
CAGACGAACCTGATAC-1_V13B23-285_B1,4
CAGAGACGGTCACCCA-1_V13B23-285_B1,6
CAGAGCATGAGCTTGC-1_V13B23-285_B1,1
CAGAGGCGATGCATGA-1_V13B23-285_B1,4
CAGATACTAACATAGT-1_V13B23-285_B1,4
CAGATCATTTAAAGTC-1_V13B23-285_B1,11
CAGATCCTGGTTTGAA-1_V13B23-285_B1,6
CAGCAGCCCGTTCCTT-1_V13B23-285_B1,11
CAGCAGTCCAGACTAT-1_V13B23-285_B1,7
CAGCAGTCTGTGCTGC-1_V13B23-285_B1,7
CAGCCGGGCCCTCTAT-1_V13B23-285_B1,8
CAGCCTCCTGCAGAGG-1_V13B23-285_B1,10
CAGCCTCTCCTCAAGA-1_V13B23-285_B1,11
CAGCGATTCCCTTCAA-1_V13B23-285_B1,6
CAGCTCACTGAGACAT-1_V13B23-285_B1,4
CAGCTCGACAAGTTAA-1_V13B23-285_B1,11
CAGCTCGTGCTTGTGT-1_V13B23-285_B1,8
CAGCTGGCGTAACCGT-1_V13B23-285_B1,6
CAGCTTAGTAGGTAGC-1_V13B23-285_B1,4
CAGGAAGACTTTATAT-1_V13B23-285_B1,10
CAGGACAGCTGCCCTT-1_V13B23-285_B1,11
CAGGATATATCGTTGT-1_V13B23-285_B1,4
CAGGCCGTTTGGGTGT-1_V13B23-285_B1,4
CAGGCGCACGGTGGTC-1_V13B23-285_B1,6
CAGGCGCCATGCTAGG-1_V13B23-285_B1,7
CAGGTTTAGTACTACA-1_V13B23-285_B1,2
CAGTAACTATTTATTG-1_V13B23-285_B1,11
CAGTAATCCCTCCCAG-1_V13B23-285_B1,4
CAGTACATTCTCTAAA-1_V13B23-285_B1,11
CAGTACCAGTTTACGT-1_V13B23-285_B1,6
CAGTAGCCCACGCGGT-1_V13B23-285_B1,11
CAGTCGAGGATGCAAT-1_V13B23-285_B1,11
CAGTCTGTATACTGGG-1_V13B23-285_B1,4
CAGTGAATAAATGACT-1_V13B23-285_B1,10
CAGTGGTTGCACATGA-1_V13B23-285_B1,4
CAGTGTCCGCAGAATG-1_V13B23-285_B1,4
CAGTGTCGGCTGGCCC-1_V13B23-285_B1,7
CAGTTCAAATTGACAC-1_V13B23-285_B1,4
CAGTTCCGCGGGTCGA-1_V13B23-285_B1,6
CATAACGGACAGTCGT-1_V13B23-285_B1,7
CATAAGAAGCTTGGCT-1_V13B23-285_B1,7
CATAAGCTCTCCGTCT-1_V13B23-285_B1,11
CATACAAAGCCGAACC-1_V13B23-285_B1,9
CATACACGGTTCCCAC-1_V13B23-285_B1,6
CATACCCGTACCCAGT-1_V13B23-285_B1,4
CATACGGCGTCTGGGC-1_V13B23-285_B1,4
CATACTATGTAATTGT-1_V13B23-285_B1,4
CATACTTAGGCAATAC-1_V13B23-285_B1,7
CATAGCCGCCCGGGAT-1_V13B23-285_B1,6
CATAGCGTTGCCCACC-1_V13B23-285_B1,6
CATAGTACATTGAGAG-1_V13B23-285_B1,8
CATAGTAGCATAGTAG-1_V13B23-285_B1,4
CATAGTCCACAAGAAC-1_V13B23-285_B1,6
CATATACTACTGATAA-1_V13B23-285_B1,11
CATATAGGTACAGTCA-1_V13B23-285_B1,4
CATATGTCAGGCTACG-1_V13B23-285_B1,6
CATATTATTTGCCCTA-1_V13B23-285_B1,8
CATCAAACTGGCGCCC-1_V13B23-285_B1,9
CATCAACACCTACTAA-1_V13B23-285_B1,6
CATCATCTACCCGGAC-1_V13B23-285_B1,8
CATCATTACCCTGAGG-1_V13B23-285_B1,7
CATCCGCAGGCCCGAA-1_V13B23-285_B1,3
CATCCTCTCAAAGATC-1_V13B23-285_B1,7
CATCGCCCGCGGCCAA-1_V13B23-285_B1,3
CATCGGACGGGTTAAT-1_V13B23-285_B1,4
CATCGTCCGGTTACTA-1_V13B23-285_B1,6
CATCTAGTGAAGGGAA-1_V13B23-285_B1,7
CATCTATCCCGTGTCT-1_V13B23-285_B1,11
CATCTGCAGGATCATT-1_V13B23-285_B1,6
CATCTTACACCACCTC-1_V13B23-285_B1,7
CATGACTTCGCTGAAT-1_V13B23-285_B1,7
CATGAGATGCACTCTC-1_V13B23-285_B1,7
CATGATGCACAATTCT-1_V13B23-285_B1,10
CATGATGGAAGTTAGC-1_V13B23-285_B1,7
CATGCCAACTCGCAAA-1_V13B23-285_B1,11
CATGCGACCAGTTTAA-1_V13B23-285_B1,11
CATGCGTTAGACAGAA-1_V13B23-285_B1,5
CATGCTGGCTCCAATT-1_V13B23-285_B1,8
CATGGATTGTCTTCCG-1_V13B23-285_B1,7
CATGGCAGGAAGATCG-1_V13B23-285_B1,5
CATGGGTATGCCTTAT-1_V13B23-285_B1,7
CATGGGTCGGGTGTGG-1_V13B23-285_B1,10
CATGGTAAGTAGCGTT-1_V13B23-285_B1,7
CATGGTATTAGTTTGT-1_V13B23-285_B1,6
CATGGTCTAGATACCG-1_V13B23-285_B1,3
CATGTAAGAGACATTT-1_V13B23-285_B1,7
CATGTAGGAGCGCCAA-1_V13B23-285_B1,11
CATGTCTCATTTATGG-1_V13B23-285_B1,7
CATTACATAGATTGTG-1_V13B23-285_B1,11
CATTACGTCGGCCCGT-1_V13B23-285_B1,10
CATTATGCTTGTTGTG-1_V13B23-285_B1,4
CATTCCCATTCCGTCG-1_V13B23-285_B1,11
CATTCCCTAAGTACAA-1_V13B23-285_B1,9
CATTCGTCGTAGCGGT-1_V13B23-285_B1,7
CATTGATGAACACGCC-1_V13B23-285_B1,11
CATTGCGGGTCAATTC-1_V13B23-285_B1,11
CATTGTGTGCTAGATC-1_V13B23-285_B1,4
CATTTAGCGGACCATG-1_V13B23-285_B1,11
CATTTCTAGCAGACTA-1_V13B23-285_B1,4
CATTTGAGTGGTACGT-1_V13B23-285_B1,4
CCAAACAGAACCCTCG-1_V13B23-285_B1,4
CCAAAGCAGTTGGTTG-1_V13B23-285_B1,6
CCAAATAACAAGATTC-1_V13B23-285_B1,7
CCAACGATGCACTGAT-1_V13B23-285_B1,4
CCAACGCTTGCCAGGG-1_V13B23-285_B1,12
CCAACTTGATAGATCC-1_V13B23-285_B1,7
CCAAGAAAGTGGGCGA-1_V13B23-285_B1,4
CCAAGACTTCTGCGAA-1_V13B23-285_B1,10
CCAAGCGTAACTCGTA-1_V13B23-285_B1,7
CCAAGGAACAGAGAGG-1_V13B23-285_B1,8
CCAAGTTTCTACAGAT-1_V13B23-285_B1,6
CCAATAGTGCCGTCGA-1_V13B23-285_B1,4
CCAATCGGTAGATCGA-1_V13B23-285_B1,10
CCAATGTCACAGCAAG-1_V13B23-285_B1,4
CCAATTACGGGTCGAG-1_V13B23-285_B1,1
CCAATTGAATGTTAAT-1_V13B23-285_B1,4
CCACAATGTACGTCTT-1_V13B23-285_B1,11
CCACACTGAGATATTA-1_V13B23-285_B1,4
CCACAGTACCCATCCT-1_V13B23-285_B1,7
CCACATACTGCACCCA-1_V13B23-285_B1,7
CCACCAACTTTACTGT-1_V13B23-285_B1,6
CCACCCAAGGAAAGTG-1_V13B23-285_B1,7
CCACCTGTATGGAATA-1_V13B23-285_B1,7
CCACGAATTTAACCTC-1_V13B23-285_B1,7
CCACGAGAAGAGAATC-1_V13B23-285_B1,10
CCACGGAGCCATAAGA-1_V13B23-285_B1,6
CCACGGTGCCCGGTAG-1_V13B23-285_B1,7
CCACGTAAATTAGACT-1_V13B23-285_B1,11
CCACTATCCGGGTCAC-1_V13B23-285_B1,11
CCACTGGTGGCTGGTT-1_V13B23-285_B1,6
CCACTGTTTGGATTAA-1_V13B23-285_B1,7
CCAGAAAGCAACTCAT-1_V13B23-285_B1,6
CCAGAGACAAAGCCGG-1_V13B23-285_B1,9
CCAGATAGTTGAGTGA-1_V13B23-285_B1,11
CCAGATGTAAATGGGT-1_V13B23-285_B1,11
CCAGCCTGGACCAATA-1_V13B23-285_B1,7
CCAGCGGGATCACCAG-1_V13B23-285_B1,11
CCAGCTGATGGTACTT-1_V13B23-285_B1,6
CCAGCTTCCGCCCGCA-1_V13B23-285_B1,6
CCAGGCTGGCGTCTGA-1_V13B23-285_B1,7
CCAGGGACGTGGCCTC-1_V13B23-285_B1,4
CCAGTAGTCTGATCCA-1_V13B23-285_B1,11
CCAGTCAAATCTCTTA-1_V13B23-285_B1,11
CCAGTCTAGACGGCGC-1_V13B23-285_B1,11
CCAGTCTTGTCATAGA-1_V13B23-285_B1,6
CCATAAACAACCCGAC-1_V13B23-285_B1,5
CCATACCTTTACTTGT-1_V13B23-285_B1,11
CCATAGGTTGGCGTGG-1_V13B23-285_B1,10
CCATAGTCAGTAACCC-1_V13B23-285_B1,4
CCATATGGAAACTATA-1_V13B23-285_B1,7
CCATATTGGATCATGA-1_V13B23-285_B1,6
CCATCCATACCAAGTC-1_V13B23-285_B1,4
CCATCGCAGTTAAACT-1_V13B23-285_B1,1
CCATCTCACCAGTGAA-1_V13B23-285_B1,7
CCATGCCCTAGATTTC-1_V13B23-285_B1,7
CCATGCCTGTTTAGTA-1_V13B23-285_B1,4
CCATGCTCTGCAGGAA-1_V13B23-285_B1,4
CCATGGCCCTTGTACC-1_V13B23-285_B1,6
CCATTAGCGATAATCC-1_V13B23-285_B1,4
CCATTCCCTGCCCACA-1_V13B23-285_B1,4
CCATTGTTTCCTCCAT-1_V13B23-285_B1,11
CCATTTCTACCTATTA-1_V13B23-285_B1,7
CCCAAACATGCTGCTC-1_V13B23-285_B1,7
CCCAACATACGTCGCG-1_V13B23-285_B1,6
CCCAATGAGATTTGCA-1_V13B23-285_B1,6
CCCAATTTCACAACTT-1_V13B23-285_B1,6
CCCAGAGGAGGGCGTA-1_V13B23-285_B1,11
CCCAGGTCTGAAGGCT-1_V13B23-285_B1,7
CCCAGTAAACTTGGGA-1_V13B23-285_B1,6
CCCAGTTAAGGCGCCG-1_V13B23-285_B1,7
CCCGACCATAGTCCGC-1_V13B23-285_B1,10
CCCGAGTTTCTCCGTA-1_V13B23-285_B1,7
CCCGATAGCCTCGCCT-1_V13B23-285_B1,7
CCCGCAGCGCGAACTA-1_V13B23-285_B1,7
CCCGCAGGGCCCAAAG-1_V13B23-285_B1,8
CCCGCCATGCTCCCGT-1_V13B23-285_B1,4
CCCGCGCAATGCACCC-1_V13B23-285_B1,4
CCCGGTGGAAGAACCT-1_V13B23-285_B1,9
CCCGGTGTATCGGAAT-1_V13B23-285_B1,6
CCCGTAAGTCTAGGCC-1_V13B23-285_B1,6
CCCGTAGCTGGGAAGA-1_V13B23-285_B1,6
CCCGTCAGCGTCTGAC-1_V13B23-285_B1,4
CCCGTTTCGCAGATGT-1_V13B23-285_B1,7
CCCTATGTAGAGCAGA-1_V13B23-285_B1,6
CCCTCATTCTGGAATT-1_V13B23-285_B1,10
CCCTCCTCGCTCGTAT-1_V13B23-285_B1,7
CCCTGAAATGAGTTGA-1_V13B23-285_B1,4
CCCTGACTAACAAATT-1_V13B23-285_B1,11
CCCTGATGTAACTCGT-1_V13B23-285_B1,9
CCCTGCCCAATCCGCT-1_V13B23-285_B1,4
CCCTGCGCTACGCATA-1_V13B23-285_B1,4
CCCTGTTGGCAAAGAC-1_V13B23-285_B1,6
CCCTTTGACAGGTCTT-1_V13B23-285_B1,6
CCGAAAGTGGTGAGCA-1_V13B23-285_B1,4
CCGAACACTGGGCCTC-1_V13B23-285_B1,11
CCGAACCTTCCCGGCC-1_V13B23-285_B1,7
CCGAAGGGCGTACCGC-1_V13B23-285_B1,11
CCGAAGTATATTGTTC-1_V13B23-285_B1,6
CCGACAAACACATGAG-1_V13B23-285_B1,6
CCGACAAAGGGAGTGC-1_V13B23-285_B1,6
CCGACAATAGGCCGCC-1_V13B23-285_B1,7
CCGACGGGCATGAGGT-1_V13B23-285_B1,6
CCGACGTAAACACAAC-1_V13B23-285_B1,10
CCGAGAAGTCGCATAA-1_V13B23-285_B1,7
CCGAGCTGTGCTTGTC-1_V13B23-285_B1,11
CCGATATGACGTAAGG-1_V13B23-285_B1,7
CCGATCTCAACCTTAT-1_V13B23-285_B1,7
CCGATTCGAGGGACCC-1_V13B23-285_B1,6
CCGCACAAAGACCAAC-1_V13B23-285_B1,7
CCGCACACGAACGTGT-1_V13B23-285_B1,7
CCGCACGTGACCTCGG-1_V13B23-285_B1,6
CCGCATGTGGTACGAT-1_V13B23-285_B1,6
CCGCCGGAACTTCTCG-1_V13B23-285_B1,6
CCGCCGGTCAACACAC-1_V13B23-285_B1,8
CCGCCGTTGAGGATAA-1_V13B23-285_B1,7
CCGCCTGCGAATTGGT-1_V13B23-285_B1,11
CCGCCTTGCGATGTCG-1_V13B23-285_B1,11
CCGCGGAATGCGTCAC-1_V13B23-285_B1,6
CCGCGGGTACGAAGAA-1_V13B23-285_B1,4
CCGCGTAGGTAAGGGC-1_V13B23-285_B1,6
CCGCTATCAGCACCAG-1_V13B23-285_B1,4
CCGCTTACCTCACTCT-1_V13B23-285_B1,6
CCGCTTGCTGACATGG-1_V13B23-285_B1,11
CCGGAAGTTATCAGTC-1_V13B23-285_B1,7
CCGGAATGGTTTCAGT-1_V13B23-285_B1,4
CCGGAGCGTACTTTCT-1_V13B23-285_B1,6
CCGGAGGTCTTATGGT-1_V13B23-285_B1,11
CCGGCACGACCGTTTC-1_V13B23-285_B1,7
CCGGCGCATATTGGAT-1_V13B23-285_B1,8
CCGGGACCCGCAGAGA-1_V13B23-285_B1,10
CCGGGCGGTCTCGTCA-1_V13B23-285_B1,5
CCGGGCTGCTCCATAC-1_V13B23-285_B1,7
CCGGGTTCGAGGTTAC-1_V13B23-285_B1,6
CCGGTAATGGCTAGTC-1_V13B23-285_B1,7
CCGGTTTGTAATTGTG-1_V13B23-285_B1,6
CCGTAAGTTGGTCCCA-1_V13B23-285_B1,4
CCGTACCCAAGCGCCA-1_V13B23-285_B1,4
CCGTAGGAAATCCCTG-1_V13B23-285_B1,6
CCGTAGGGTTGTTTAC-1_V13B23-285_B1,7
CCGTATCTCGTCGTAG-1_V13B23-285_B1,6
CCGTATTAGCGCAGTT-1_V13B23-285_B1,11
CCGTGAGGCATTCATG-1_V13B23-285_B1,7
CCGTGGAACGATCCAA-1_V13B23-285_B1,4
CCGTGTTAAATTCCAT-1_V13B23-285_B1,6
CCGTTACGTTAGAACA-1_V13B23-285_B1,12
CCGTTCCGAATCTCGG-1_V13B23-285_B1,6
CCTAAAGGCTGACGCT-1_V13B23-285_B1,10
CCTAAATTAACGGTTC-1_V13B23-285_B1,4
CCTAAATTGTATCCTA-1_V13B23-285_B1,7
CCTAACCCAAACAAGT-1_V13B23-285_B1,7
CCTAACTAAGGCTCTA-1_V13B23-285_B1,12
CCTACAAGTCCGGAAT-1_V13B23-285_B1,2
CCTACATTCACAGACG-1_V13B23-285_B1,6
CCTACGGCTCAGTCGA-1_V13B23-285_B1,4
CCTACTGCGGCGGCCA-1_V13B23-285_B1,11
CCTACTGCTTACACTT-1_V13B23-285_B1,4
CCTAGGCGTAGCGATC-1_V13B23-285_B1,7
CCTAGTTAGTCGCATG-1_V13B23-285_B1,8
CCTATAATGAGTGCCC-1_V13B23-285_B1,7
CCTATACCGTCCTGTC-1_V13B23-285_B1,3
CCTATATTTGTCCTGG-1_V13B23-285_B1,1
CCTATCTATATCGGAA-1_V13B23-285_B1,5
CCTATGAAGTGGTGCC-1_V13B23-285_B1,7
CCTATGGGTTACCGTC-1_V13B23-285_B1,9
CCTATGTCCACTCCAC-1_V13B23-285_B1,2
CCTCACCAATCTTGAC-1_V13B23-285_B1,4
CCTCACCTGAGGGAGC-1_V13B23-285_B1,11
CCTCACCTTAGCATCG-1_V13B23-285_B1,11
CCTCACGTCAGCTAAT-1_V13B23-285_B1,7
CCTCCGACAATTCAAG-1_V13B23-285_B1,4
CCTCCTGTTGTGTCGT-1_V13B23-285_B1,6
CCTCGAAGTGGACGGG-1_V13B23-285_B1,5
CCTCGCGCGATATAGG-1_V13B23-285_B1,12
CCTCGCGCTGTGCGAT-1_V13B23-285_B1,6
CCTCGGACCGGGATAG-1_V13B23-285_B1,7
CCTCGGATGCTACCTG-1_V13B23-285_B1,6
CCTCTAATCTGCCAAG-1_V13B23-285_B1,10
CCTCTATCGATTAGCA-1_V13B23-285_B1,6
CCTCTCTCCCATCTAG-1_V13B23-285_B1,4
CCTCTGGCCTAGACGG-1_V13B23-285_B1,5
CCTCTGTACTATTCTA-1_V13B23-285_B1,3
CCTGAACGATATATTC-1_V13B23-285_B1,7
CCTGAATATTTACATA-1_V13B23-285_B1,10
CCTGACCACCGATGGT-1_V13B23-285_B1,4
CCTGCGTTCTACGCTT-1_V13B23-285_B1,6
CCTGCTATTTGAGAAG-1_V13B23-285_B1,4
CCTGGAAACGTTCTGC-1_V13B23-285_B1,7
CCTGGCTAGACCCGCC-1_V13B23-285_B1,4
CCTGGTCGAATGTGGG-1_V13B23-285_B1,6
CCTGTAAGACATGATA-1_V13B23-285_B1,4
CCTGTACTCACGCCCA-1_V13B23-285_B1,6
CCTGTCACCCGGGCTC-1_V13B23-285_B1,1
CCTGTCCCTCACGTTA-1_V13B23-285_B1,7
CCTGTCGCCCGTAAAT-1_V13B23-285_B1,4
CCTGTTTGAAGACACG-1_V13B23-285_B1,7
CCTTCAGTTAAAGTGA-1_V13B23-285_B1,6
CCTTCTCAGCGTTCCT-1_V13B23-285_B1,11
CCTTGACCACTTTATT-1_V13B23-285_B1,7
CCTTTAAGGGAGCACT-1_V13B23-285_B1,6
CCTTTCAATGAAGAAA-1_V13B23-285_B1,11
CCTTTGAATTATGGCT-1_V13B23-285_B1,9
CGAAACATAGATGGCA-1_V13B23-285_B1,8
CGAAACGCAATTCATG-1_V13B23-285_B1,6
CGAACAGTATGGGCGT-1_V13B23-285_B1,7
CGAACCCGCATGCGTC-1_V13B23-285_B1,6
CGAACGCCCAGTGCCG-1_V13B23-285_B1,5
CGAACGGCCGGACAAC-1_V13B23-285_B1,11
CGAAGCTATAAATTCA-1_V13B23-285_B1,11
CGAAGTTGCTCTGTGT-1_V13B23-285_B1,4
CGACAATTTGATCTAA-1_V13B23-285_B1,7
CGACACGCTCCGACAG-1_V13B23-285_B1,7
CGACAGTTCGCGTTAT-1_V13B23-285_B1,4
CGACCCTTAACGCCGG-1_V13B23-285_B1,6
CGACTCAGGATGTTAT-1_V13B23-285_B1,11
CGACTTTGTATAGCCT-1_V13B23-285_B1,11
CGAGACCCTAGAGTGT-1_V13B23-285_B1,4
CGAGAGATGTGAACCT-1_V13B23-285_B1,1
CGAGAGCGCGTAGATA-1_V13B23-285_B1,11
CGAGAGGGTAGCCGCG-1_V13B23-285_B1,7
CGAGATTTCGCTCGGG-1_V13B23-285_B1,7
CGAGCACTTCAAGTTT-1_V13B23-285_B1,6
CGAGGAGCTTCCATAT-1_V13B23-285_B1,11
CGAGGATCGGGAACGA-1_V13B23-285_B1,11
CGAGGCCAGGCATTGG-1_V13B23-285_B1,4
CGAGGCTAAATATGGC-1_V13B23-285_B1,1
CGAGGGACTGCGGTCG-1_V13B23-285_B1,7
CGAGTACTAAAGAGGA-1_V13B23-285_B1,6
CGAGTTCTGTCCCACC-1_V13B23-285_B1,11
CGAGTTTATCGGACTG-1_V13B23-285_B1,7
CGATAATACTCAGGTT-1_V13B23-285_B1,5
CGATACCTCGCGGACA-1_V13B23-285_B1,4
CGATCATTAGAGGCAC-1_V13B23-285_B1,2
CGATCCGACCCAGTGC-1_V13B23-285_B1,4
CGATCTGTTGGAGGAC-1_V13B23-285_B1,6
CGATGGACCCTACGCC-1_V13B23-285_B1,12
CGATGTTGTTATCTAC-1_V13B23-285_B1,6
CGATTAAATATCTCCT-1_V13B23-285_B1,6
CGATTCGCCTGGCTGC-1_V13B23-285_B1,7
CGCAAACACGAGTTAC-1_V13B23-285_B1,4
CGCAATTACTTTCGGT-1_V13B23-285_B1,4
CGCAATTAGGGTAATA-1_V13B23-285_B1,4
CGCAATTCTACAATAA-1_V13B23-285_B1,6
CGCACATGTCCACTAC-1_V13B23-285_B1,7
CGCACGTGCGCTATCA-1_V13B23-285_B1,7
CGCAGATCTTCACCCG-1_V13B23-285_B1,11
CGCAGGCGATCCAAAC-1_V13B23-285_B1,7
CGCATCATGGCTTCAG-1_V13B23-285_B1,8
CGCATCCATCAGCCAG-1_V13B23-285_B1,11
CGCATGGTGCGATGCT-1_V13B23-285_B1,4
CGCATTAGCTAATAGG-1_V13B23-285_B1,4
CGCCAAGAAGCCGAGT-1_V13B23-285_B1,6
CGCCACAGGTCGCGAT-1_V13B23-285_B1,6
CGCCATCCGATTATGA-1_V13B23-285_B1,10
CGCCCAGCACGCCTAG-1_V13B23-285_B1,6
CGCCCGCTTCCGTACA-1_V13B23-285_B1,10
CGCCCTTGAAGGCTGA-1_V13B23-285_B1,6
CGCCGCCCATGCCTGT-1_V13B23-285_B1,7
CGCCGTCTACCCATCG-1_V13B23-285_B1,7
CGCCGTTCAGCATAGT-1_V13B23-285_B1,7
CGCCTCCCTCCTCTAT-1_V13B23-285_B1,7
CGCCTGGCCTACGTAA-1_V13B23-285_B1,6
CGCCTTTAGCATGCTC-1_V13B23-285_B1,5
CGCGACACTGCGCAGC-1_V13B23-285_B1,6
CGCGACCGCGACAGAT-1_V13B23-285_B1,7
CGCGAGAGGGACTTGT-1_V13B23-285_B1,11
CGCGAGTCTGCCGGGT-1_V13B23-285_B1,6
CGCGCAAATGTCCAGA-1_V13B23-285_B1,6
CGCGCATGTTTGATTG-1_V13B23-285_B1,6
CGCGCCCGACTTAATA-1_V13B23-285_B1,10
CGCGGCAGTATTACGG-1_V13B23-285_B1,12
CGCGGCTCAACTTGAA-1_V13B23-285_B1,7
CGCGGGAATTAGGCAG-1_V13B23-285_B1,11
CGCGGTAAGTCTAGCT-1_V13B23-285_B1,11
CGCGGTACGGTATACA-1_V13B23-285_B1,7
CGCGGTCACAAACCAA-1_V13B23-285_B1,11
CGCGTTCATGAAATAC-1_V13B23-285_B1,4
CGCTACGGGACATTTA-1_V13B23-285_B1,4
CGCTAGAGACCGCTGC-1_V13B23-285_B1,7
CGCTATACCGCCCACT-1_V13B23-285_B1,4
CGCTATTCAATGTATG-1_V13B23-285_B1,4
CGCTATTCTTAGGCTC-1_V13B23-285_B1,4
CGCTCGACATAATGAT-1_V13B23-285_B1,4
CGCTCTCCGTAGATTA-1_V13B23-285_B1,4
CGCTGGTGACTACCCT-1_V13B23-285_B1,7
CGCTGTGACGCCGCAC-1_V13B23-285_B1,4
CGCTGTGTGGATGTTG-1_V13B23-285_B1,6
CGCTTATTCCCGGTCG-1_V13B23-285_B1,6
CGCTTCCACTGAAATC-1_V13B23-285_B1,4
CGCTTTCATACCGGTG-1_V13B23-285_B1,8
CGCTTTCTTGCATTCG-1_V13B23-285_B1,1
CGGAAAGAATCAAACG-1_V13B23-285_B1,6
CGGAACGTAAACATAG-1_V13B23-285_B1,6
CGGAGCAATTTAATCG-1_V13B23-285_B1,6
CGGAGCATGGCGATCC-1_V13B23-285_B1,4
CGGAGCTTATAACACC-1_V13B23-285_B1,8
CGGAGTTTGAGAGACA-1_V13B23-285_B1,4
CGGATAAGCGGACATG-1_V13B23-285_B1,4
CGGATCCTCAAGGACT-1_V13B23-285_B1,7
CGGCAAACATCGTGCG-1_V13B23-285_B1,1
CGGCAATAAGATCGCC-1_V13B23-285_B1,7
CGGCACCGTTAGCGCC-1_V13B23-285_B1,12
CGGCACTCAAGAAAGT-1_V13B23-285_B1,4
CGGCAGGGTCGGGTTG-1_V13B23-285_B1,7
CGGCCACGCACAAAGT-1_V13B23-285_B1,4
CGGCCCAACCTGTAGT-1_V13B23-285_B1,11
CGGCCCAGGTATATCC-1_V13B23-285_B1,7
CGGCGCCATCAATCCC-1_V13B23-285_B1,6
CGGCTCTAAAGCTGCA-1_V13B23-285_B1,7
CGGCTCTTCGTCGAAC-1_V13B23-285_B1,2
CGGGAATATAGTATAC-1_V13B23-285_B1,7
CGGGAATTTATGTAAA-1_V13B23-285_B1,4
CGGGAGCTTCAGTGTA-1_V13B23-285_B1,7
CGGGAGTATACCGCCG-1_V13B23-285_B1,6
CGGGATCAATGTAAGA-1_V13B23-285_B1,4
CGGGCAGCTAAACCGC-1_V13B23-285_B1,4
CGGGCCATAGCCGCAC-1_V13B23-285_B1,4
CGGGCCTTCTTTGTAA-1_V13B23-285_B1,4
CGGGTGTACCCATTTA-1_V13B23-285_B1,1
CGGGTTTGTTAGGGCT-1_V13B23-285_B1,7
CGGTACTAGAATCAAA-1_V13B23-285_B1,7
CGGTAGAGGTGCAGGT-1_V13B23-285_B1,1
CGGTATAGGTATTAGC-1_V13B23-285_B1,11
CGGTCAAGTGGGAACC-1_V13B23-285_B1,11
CGGTCAGTCCATATTT-1_V13B23-285_B1,7
CGGTCCATGAGACTCC-1_V13B23-285_B1,11
CGGTCTATCAACCCGT-1_V13B23-285_B1,10
CGGTGAAGACTAAAGT-1_V13B23-285_B1,4
CGGTGCAGATAGAACG-1_V13B23-285_B1,6
CGGTGCGCGTTGGTCC-1_V13B23-285_B1,6
CGGTGGGCTCCAGCCT-1_V13B23-285_B1,11
CGGTGTACTTGATCCC-1_V13B23-285_B1,4
CGGTTATCCAACAGTG-1_V13B23-285_B1,11
CGGTTCAAGTAGGTGT-1_V13B23-285_B1,11
CGGTTGACCTGGCATA-1_V13B23-285_B1,4
CGGTTTATGAAGGAAC-1_V13B23-285_B1,2
CGTAAACGCTTGAGTG-1_V13B23-285_B1,8
CGTACCGAAAGTCTAG-1_V13B23-285_B1,6
CGTACCTGATAGGCCT-1_V13B23-285_B1,10
CGTAGCGAATTGTCAG-1_V13B23-285_B1,8
CGTATTAAGAGATCTA-1_V13B23-285_B1,4
CGTATTGTTTCCTAAT-1_V13B23-285_B1,11
CGTCAAATGGTCGCAG-1_V13B23-285_B1,11
CGTCAAGGCTATAAAT-1_V13B23-285_B1,6
CGTCAATCTTTAACAT-1_V13B23-285_B1,6
CGTCACGTCCATTGGT-1_V13B23-285_B1,6
CGTCAGCTATTTACTC-1_V13B23-285_B1,6
CGTCATACCATATCCA-1_V13B23-285_B1,4
CGTCGCGGCGGGATTT-1_V13B23-285_B1,9
CGTCGGATAGTGTTGA-1_V13B23-285_B1,7
CGTCGGGTCTAAGCGC-1_V13B23-285_B1,6
CGTCGTCCTTCGCGAA-1_V13B23-285_B1,7
CGTCTGGAAGGGCCCG-1_V13B23-285_B1,5
CGTCTTGAGTGTGACG-1_V13B23-285_B1,5
CGTGAAGTTAATTCAC-1_V13B23-285_B1,4
CGTGACATTGGGTCGT-1_V13B23-285_B1,10
CGTGCAGACTGGGACA-1_V13B23-285_B1,7
CGTGCATTGTCGACGC-1_V13B23-285_B1,6
CGTGCCCTCCCGAAGA-1_V13B23-285_B1,7
CGTGGAAGCCTCGTAC-1_V13B23-285_B1,7
CGTGGCCGAATATCTA-1_V13B23-285_B1,7
CGTGTCCCATTCGCGA-1_V13B23-285_B1,4
CGTGTCTCGTTACGAC-1_V13B23-285_B1,6
CGTGTGTTAAACCCTG-1_V13B23-285_B1,11
CGTTAAACTAGTTAGG-1_V13B23-285_B1,7
CGTTAATGTCCCGACG-1_V13B23-285_B1,7
CGTTAGCTCACAACTG-1_V13B23-285_B1,10
CGTTCATGGTGCGCGT-1_V13B23-285_B1,6
CGTTCTTCGCACACCT-1_V13B23-285_B1,11
CGTTGAATACCGCGCT-1_V13B23-285_B1,7
CGTTGAGCGACCGTCG-1_V13B23-285_B1,7
CGTTGAGTAATTGCGT-1_V13B23-285_B1,12
CGTTGTAAACGTCAGG-1_V13B23-285_B1,6
CGTTGTAAGATTGATT-1_V13B23-285_B1,11
CGTTGTTTCAATTCCC-1_V13B23-285_B1,4
CGTTTAAGCGGAGCAC-1_V13B23-285_B1,8
CGTTTACAAGGCAGCT-1_V13B23-285_B1,11
CGTTTCACTTCGGGCG-1_V13B23-285_B1,2
CGTTTCGCTCATTACA-1_V13B23-285_B1,4
CGTTTGGTGTTGTGGG-1_V13B23-285_B1,7
CGTTTGTGTAGAGGGT-1_V13B23-285_B1,6
CTAAAGAATGCCTACT-1_V13B23-285_B1,4
CTAAAGGGAAATAGGA-1_V13B23-285_B1,4
CTAAATCCGGTGTACA-1_V13B23-285_B1,6
CTAAATCCTATTCCGG-1_V13B23-285_B1,11
CTAACCGCGCGCCCGT-1_V13B23-285_B1,4
CTAACGAAACTTGCTG-1_V13B23-285_B1,9
CTAACTGATAATCGCC-1_V13B23-285_B1,7
CTAACTGGTCCGGTTC-1_V13B23-285_B1,6
CTAAGGGAATGATTGG-1_V13B23-285_B1,7
CTAATTCGCACGCGCT-1_V13B23-285_B1,6
CTAATTCTCAGATATT-1_V13B23-285_B1,11
CTAATTTCAACAACAC-1_V13B23-285_B1,4
CTACAAGAAATAACCC-1_V13B23-285_B1,6
CTACACTCGCAGATGG-1_V13B23-285_B1,7
CTACCCTAAGGTCATA-1_V13B23-285_B1,11
CTACGACTAGCTATAA-1_V13B23-285_B1,6
CTACGCACGGAGTACC-1_V13B23-285_B1,4
CTACTATCATAGGTTT-1_V13B23-285_B1,6
CTACTATCTTTCAGAG-1_V13B23-285_B1,11
CTACTCAAGGTATAGT-1_V13B23-285_B1,6
CTACTCTAGGCCCGGC-1_V13B23-285_B1,6
CTACTGCCACCTGACC-1_V13B23-285_B1,1
CTAGACTGCATTTCGT-1_V13B23-285_B1,12
CTAGATGTGAGTGTAA-1_V13B23-285_B1,5
CTAGATTTACGACGGC-1_V13B23-285_B1,7
CTAGCATAGTATAATG-1_V13B23-285_B1,7
CTAGCCACAGGCGAGC-1_V13B23-285_B1,7
CTAGCCGATGTTATGA-1_V13B23-285_B1,11
CTAGCTTAATGGTCCC-1_V13B23-285_B1,7
CTAGGCGCCCTATCAG-1_V13B23-285_B1,7
CTAGGTCTGAAGGAAT-1_V13B23-285_B1,7
CTAGGTTCGGACGTGA-1_V13B23-285_B1,6
CTAGTATTCGGAATTA-1_V13B23-285_B1,5
CTAGTCACGTCTTAAG-1_V13B23-285_B1,7
CTAGTGAAGGACAGGA-1_V13B23-285_B1,4
CTAGTTACAACCCGGT-1_V13B23-285_B1,1
CTAGTTGGGCCCGGTA-1_V13B23-285_B1,1
CTATAAGAGCCAATCG-1_V13B23-285_B1,11
CTATCGACGAAATACA-1_V13B23-285_B1,7
CTATCGCGTAGAGAAC-1_V13B23-285_B1,7
CTATCGGGTCTCAACA-1_V13B23-285_B1,7
CTATGGGAAGCGGAAT-1_V13B23-285_B1,7
CTATGTCACTAGCCCA-1_V13B23-285_B1,1
CTATGTGAGTCACGGC-1_V13B23-285_B1,11
CTATTCATGTGTCCCA-1_V13B23-285_B1,11
CTATTGTGTTTGGTCA-1_V13B23-285_B1,11
CTATTTGGTTACGGAT-1_V13B23-285_B1,7
CTCAAGACATTAGCGC-1_V13B23-285_B1,11
CTCACACGCAAGCCTA-1_V13B23-285_B1,11
CTCACATTTACTAAAT-1_V13B23-285_B1,9
CTCACTTGGCTGGTAA-1_V13B23-285_B1,4
CTCAGGACTCACCTGT-1_V13B23-285_B1,4
CTCAGTCACGACAAAT-1_V13B23-285_B1,11
CTCATCACTTAGTGAT-1_V13B23-285_B1,11
CTCATGGCTCACAATC-1_V13B23-285_B1,10
CTCATGGTAATTTGCG-1_V13B23-285_B1,6
CTCATTAACGTTGCCC-1_V13B23-285_B1,11
CTCATTGCTCTAACAA-1_V13B23-285_B1,7
CTCATTTGATGGGCGG-1_V13B23-285_B1,9
CTCCCAATGAGTCGCG-1_V13B23-285_B1,7
CTCCCTCCTTTCGATC-1_V13B23-285_B1,6
CTCCGCCCACATGAGG-1_V13B23-285_B1,6
CTCCGGCCTAATATGC-1_V13B23-285_B1,9
CTCCGGCTTGTAGACA-1_V13B23-285_B1,3
CTCCTAAGTTATGTCT-1_V13B23-285_B1,4
CTCCTCCAGCTCACAC-1_V13B23-285_B1,6
CTCCTGTTCAAGGCAG-1_V13B23-285_B1,7
CTCCTTTACGCAAGTC-1_V13B23-285_B1,11
CTCGAGACATACGATA-1_V13B23-285_B1,9
CTCGAGATCCAAAGCA-1_V13B23-285_B1,6
CTCGAGGTCGAACAGT-1_V13B23-285_B1,4
CTCGATATTTGCGAGC-1_V13B23-285_B1,11
CTCGCACCTATATAGT-1_V13B23-285_B1,9
CTCGCATTGCATAGCC-1_V13B23-285_B1,6
CTCGCCGAATGTAGGG-1_V13B23-285_B1,6
CTCGGGATAACACCTA-1_V13B23-285_B1,11
CTCGGGTTCTCTGGCC-1_V13B23-285_B1,6
CTCGGTACCACTGCTC-1_V13B23-285_B1,7
CTCGGTCCGTAGCCTG-1_V13B23-285_B1,10
CTCGGTTGTCGGCCCT-1_V13B23-285_B1,6
CTCGTCGAGGGCTCAT-1_V13B23-285_B1,6
CTCGTTTCTAATGTTT-1_V13B23-285_B1,11
CTCTAATGCATTGATC-1_V13B23-285_B1,11
CTCTACACTGGCGATT-1_V13B23-285_B1,11
CTCTATTTGGCTGCAG-1_V13B23-285_B1,7
CTCTCACAATCGATGA-1_V13B23-285_B1,10
CTCTCTAACTGCCTAG-1_V13B23-285_B1,6
CTCTGGACGCCTGGTG-1_V13B23-285_B1,4
CTCTGTTTGAGGATTC-1_V13B23-285_B1,5
CTCTTCTATTGACTGG-1_V13B23-285_B1,7
CTCTTGTCCCGCTTGG-1_V13B23-285_B1,6
CTGAAAGAGATCCGAC-1_V13B23-285_B1,10
CTGAATCCGAGACCTC-1_V13B23-285_B1,6
CTGAATTTATTGCCAG-1_V13B23-285_B1,11
CTGACATAGAAATAGA-1_V13B23-285_B1,7
CTGACTGCGCAGCTCG-1_V13B23-285_B1,5
CTGAGAAAGTTCGGCG-1_V13B23-285_B1,7
CTGAGCAAGTAACAAG-1_V13B23-285_B1,5
CTGAGCGAGACTTATT-1_V13B23-285_B1,11
CTGATAGTGTATCTCA-1_V13B23-285_B1,6
CTGCAAGCACGTTCCG-1_V13B23-285_B1,7
CTGCACAACTACATAT-1_V13B23-285_B1,7
CTGCACCTAGTCCACA-1_V13B23-285_B1,11
CTGCACCTGGAACCGC-1_V13B23-285_B1,10
CTGCACTCCAGTACAG-1_V13B23-285_B1,7
CTGCAGAGAATCAGAG-1_V13B23-285_B1,7
CTGCCAAGGTTGGAAG-1_V13B23-285_B1,10
CTGCCATGCATCACAT-1_V13B23-285_B1,4
CTGCCTAGCCACCAAG-1_V13B23-285_B1,8
CTGCCTCATATGCAAC-1_V13B23-285_B1,11
CTGCGGGTGAAATGTT-1_V13B23-285_B1,6
CTGCGGTAGTCACGTG-1_V13B23-285_B1,12
CTGCGTTACGATATAA-1_V13B23-285_B1,2
CTGCTGAGGCCACGAA-1_V13B23-285_B1,6
CTGCTGTCTAACGAGC-1_V13B23-285_B1,7
CTGCTTGGCGATAGCT-1_V13B23-285_B1,7
CTGCTTTATGTCCGCG-1_V13B23-285_B1,11
CTGGAAATGGATGCTT-1_V13B23-285_B1,4
CTGGAAGACACGGTGG-1_V13B23-285_B1,7
CTGGACGCAGTCCGGC-1_V13B23-285_B1,6
CTGGATTTACACTTGA-1_V13B23-285_B1,6
CTGGCATCCGAATGAG-1_V13B23-285_B1,6
CTGGCGACATAAGTCC-1_V13B23-285_B1,10
CTGGCGCACAGGTCTG-1_V13B23-285_B1,7
CTGGCGGGAATAAGTA-1_V13B23-285_B1,4
CTGGCTGATTCATCCT-1_V13B23-285_B1,7
CTGGCTGGTTGTCAGT-1_V13B23-285_B1,6
CTGGGATAAATAATGG-1_V13B23-285_B1,7
CTGGGATACGCTACCC-1_V13B23-285_B1,7
CTGGGCCTGCTATATC-1_V13B23-285_B1,6
CTGGGTAGGCAGTTAA-1_V13B23-285_B1,7
CTGGTAAAGTGTGGGC-1_V13B23-285_B1,7
CTGGTAACACATAGAA-1_V13B23-285_B1,7
CTGGTAACGAGCTCTT-1_V13B23-285_B1,11
CTGGTCATTCCAATCC-1_V13B23-285_B1,6
CTGGTTCGCGAGCTAC-1_V13B23-285_B1,5
CTGGTTTCGAGCAAGA-1_V13B23-285_B1,7
CTGTACTTCTTAGCAT-1_V13B23-285_B1,4
CTGTAGCCATCTCACT-1_V13B23-285_B1,6
CTGTATGGTGTAGAAA-1_V13B23-285_B1,4
CTGTCAAATGGCTCGG-1_V13B23-285_B1,10
CTGTCACGCCAGGCGC-1_V13B23-285_B1,12
CTGTGCAGGGTAGGTC-1_V13B23-285_B1,4
CTGTGGTCGGGAGATA-1_V13B23-285_B1,7
CTGTTACCCAATCTAG-1_V13B23-285_B1,6
CTGTTCACTGCCTGTG-1_V13B23-285_B1,4
CTGTTCATCTCACGGG-1_V13B23-285_B1,4
CTTAAATAAGACCCAT-1_V13B23-285_B1,6
CTTAACTTCGAAGTAC-1_V13B23-285_B1,8
CTTACACGGTATTCCA-1_V13B23-285_B1,4
CTTACACTGGGAAATA-1_V13B23-285_B1,10
CTTAGCCCGGATAGTG-1_V13B23-285_B1,6
CTTAGCCTTCCACATG-1_V13B23-285_B1,10
CTTAGGTCCCAATCGT-1_V13B23-285_B1,11
CTTAGTAGGCCTACAG-1_V13B23-285_B1,11
CTTAGTGTAGTAGCAT-1_V13B23-285_B1,7
CTTATAGATGGCTGTT-1_V13B23-285_B1,7
CTTATGTTGACTACCA-1_V13B23-285_B1,4
CTTCAACTCCACTTGG-1_V13B23-285_B1,7
CTTCAGTGGTCGCCTA-1_V13B23-285_B1,6
CTTCATAGCTCAAGAA-1_V13B23-285_B1,4
CTTCATTGTCAGTGGA-1_V13B23-285_B1,4
CTTCCGCTCCGTGAAG-1_V13B23-285_B1,6
CTTCGGCCAATTGTTT-1_V13B23-285_B1,7
CTTCGTAGATAGGTGA-1_V13B23-285_B1,4
CTTCTATGTTGAAGTA-1_V13B23-285_B1,6
CTTCTATTAATGCTAG-1_V13B23-285_B1,4
CTTCTTACGTCGTATA-1_V13B23-285_B1,2
CTTGAGGTTATCCCGA-1_V13B23-285_B1,10
CTTGAGTTAGGGTAAT-1_V13B23-285_B1,7
CTTGCAACCGCCTCCT-1_V13B23-285_B1,11
CTTGCCCAGGCTCTAC-1_V13B23-285_B1,4
CTTGGCCAAGCTGGGA-1_V13B23-285_B1,6
CTTGTACTTGTTGACT-1_V13B23-285_B1,4
CTTGTCAACATTCGAG-1_V13B23-285_B1,1
CTTGTGCTCACCGATT-1_V13B23-285_B1,11
CTTGTTGCTGAGTCAA-1_V13B23-285_B1,7
CTTGTTTATGTAGCCA-1_V13B23-285_B1,4
CTTTAACTTTCAAAGG-1_V13B23-285_B1,10
CTTTAATATTGGTCGA-1_V13B23-285_B1,7
CTTTACCGAATAGTAG-1_V13B23-285_B1,7
CTTTAGGAACACTGTT-1_V13B23-285_B1,7
CTTTAGTGCTATTATT-1_V13B23-285_B1,4
CTTTCTGTGCGGGCTT-1_V13B23-285_B1,1
CTTTGCATCGCTCTTG-1_V13B23-285_B1,6
CTTTGCTGTCATGGAT-1_V13B23-285_B1,7
CTTTGGCGCTTTATAC-1_V13B23-285_B1,6
CTTTGGCTTTAGTAAA-1_V13B23-285_B1,4
CTTTGGGATTGTTGCA-1_V13B23-285_B1,1
CTTTGTCGAATGCTCC-1_V13B23-285_B1,9
GAAACAGATGACCACC-1_V13B23-285_B1,7
GAAACAGCCATGCAGT-1_V13B23-285_B1,8
GAAACATAGGAAACAG-1_V13B23-285_B1,6
GAAACCATGGTGCGCT-1_V13B23-285_B1,11
GAAACCGAATTACCTT-1_V13B23-285_B1,6
GAAACCTATACAAATG-1_V13B23-285_B1,6
GAAACTCGTGCGATGC-1_V13B23-285_B1,6
GAAACTCTAATGAAGG-1_V13B23-285_B1,8
GAAAGAACAGCGTTAT-1_V13B23-285_B1,7
GAAAGCAGTGCACTTT-1_V13B23-285_B1,6
GAAAGCCCTTTGGACC-1_V13B23-285_B1,4
GAAAGTGACTAACTGC-1_V13B23-285_B1,4
GAAATACCTGCTGGCT-1_V13B23-285_B1,2
GAAATACTAAACGTTT-1_V13B23-285_B1,4
GAAATATCACCATCAG-1_V13B23-285_B1,4
GAAATATGCTTGAATG-1_V13B23-285_B1,11
GAAATCGCGCGCAACT-1_V13B23-285_B1,10
GAAATGGCGGTGTTAG-1_V13B23-285_B1,4
GAAATGGGATGTAAAC-1_V13B23-285_B1,4
GAAATTAGCACGGATA-1_V13B23-285_B1,3
GAAATTCACATCGCTG-1_V13B23-285_B1,8
GAAATTGTCTCTATAA-1_V13B23-285_B1,6
GAACACACATCAACCA-1_V13B23-285_B1,4
GAACAGATTACTAAAT-1_V13B23-285_B1,7
GAACATTAGTATGTTA-1_V13B23-285_B1,9
GAACCCTCTGTGTTCT-1_V13B23-285_B1,6
GAACGACCGAATGATA-1_V13B23-285_B1,10
GAACGATAAGTTAAAG-1_V13B23-285_B1,11
GAACGCGGGTCACACG-1_V13B23-285_B1,7
GAACGTCTCATGGTCG-1_V13B23-285_B1,11
GAACGTTAGGAAGACG-1_V13B23-285_B1,6
GAACTTGTGCACGGGA-1_V13B23-285_B1,11
GAAGAAACGATATTGT-1_V13B23-285_B1,6
GAAGAACGGTGCAGGT-1_V13B23-285_B1,8
GAAGCCTGCACATTCC-1_V13B23-285_B1,6
GAAGCGTGAGGAATTT-1_V13B23-285_B1,4
GAAGCTCGGACCCGTC-1_V13B23-285_B1,6
GAAGCTTGCTGACCGC-1_V13B23-285_B1,4
GAAGGCTACCATTGTT-1_V13B23-285_B1,11
GAAGGGCATAACCATG-1_V13B23-285_B1,1
GAAGTCAGTTGCACTA-1_V13B23-285_B1,6
GAAGTCTCCCTAGCGA-1_V13B23-285_B1,7
GAAGTGATTTATCGTG-1_V13B23-285_B1,4
GAAGTTTCCACTCAAT-1_V13B23-285_B1,4
GAATAGACGCGACCCA-1_V13B23-285_B1,7
GAATAGCATTTAGGGT-1_V13B23-285_B1,7
GAATAGCCCTGCGGTC-1_V13B23-285_B1,11
GAATAGTGCTCGATTA-1_V13B23-285_B1,6
GAATATTCGGAGTCCC-1_V13B23-285_B1,10
GAATCGACATGGTCAC-1_V13B23-285_B1,3
GAATCTGAACATTCTC-1_V13B23-285_B1,4
GAATGAAGGTCTTCAG-1_V13B23-285_B1,11
GAATGCCGAAATGACC-1_V13B23-285_B1,6
GAATGTATGGCAGGTC-1_V13B23-285_B1,2
GAATGTGGTCCGGATT-1_V13B23-285_B1,7
GAATGTTGGGTAATCT-1_V13B23-285_B1,12
GAATTATAGTGAAAGG-1_V13B23-285_B1,7
GAATTCACCCGGGTGT-1_V13B23-285_B1,6
GAATTTCTCGCTGCAG-1_V13B23-285_B1,6
GACAAACATATGCAGG-1_V13B23-285_B1,7
GACAACGACCATTGAA-1_V13B23-285_B1,6
GACAACGCAGCTTACG-1_V13B23-285_B1,3
GACAAGAGATGAGATT-1_V13B23-285_B1,7
GACACAAGGGAAGAAA-1_V13B23-285_B1,4
GACACGAGTTAGAGGA-1_V13B23-285_B1,4
GACACTGAGTTCAGTG-1_V13B23-285_B1,6
GACACTGGAACCCGAT-1_V13B23-285_B1,7
GACAGATTTCTGGCTC-1_V13B23-285_B1,11
GACAGCCAGACCTGAC-1_V13B23-285_B1,7
GACAGGCACACACTAT-1_V13B23-285_B1,6
GACATACTGTCGCAGA-1_V13B23-285_B1,6
GACATCGATTTATAAC-1_V13B23-285_B1,4
GACCAAACGTTGACTG-1_V13B23-285_B1,7
GACCAGAGCCCTGTAG-1_V13B23-285_B1,4
GACCCAATTATGATAC-1_V13B23-285_B1,6
GACCGACGTGAAAGCA-1_V13B23-285_B1,7
GACCGACTGAAGCGTC-1_V13B23-285_B1,4
GACCGCGTCTGACGTG-1_V13B23-285_B1,7
GACCGTCAGGTCGTGA-1_V13B23-285_B1,10
GACCGTGCTGACGGTG-1_V13B23-285_B1,4
GACGACGATCCGCGTT-1_V13B23-285_B1,7
GACGAGGCTAATAAAC-1_V13B23-285_B1,7
GACGCCGTAAAGGCTA-1_V13B23-285_B1,4
GACGCCTGTTGCAGGG-1_V13B23-285_B1,4
GACGCTTGCTTCTAAA-1_V13B23-285_B1,1
GACGGGTTGGCCCGTA-1_V13B23-285_B1,6
GACGGTCAATAGAAGC-1_V13B23-285_B1,11
GACGGTCCTAGGGTGT-1_V13B23-285_B1,5
GACGTGTAGGGATTAT-1_V13B23-285_B1,6
GACGTTCGTAAATACA-1_V13B23-285_B1,11
GACTAAGATCATGCAC-1_V13B23-285_B1,4
GACTAAGTAGGCTCAC-1_V13B23-285_B1,4
GACTACAAAGCGGTGG-1_V13B23-285_B1,6
GACTACAATTGCTCGT-1_V13B23-285_B1,2
GACTCACCCACGTGAG-1_V13B23-285_B1,7
GACTCCCAGAATAAGG-1_V13B23-285_B1,11
GACTCGCGGGAATGAC-1_V13B23-285_B1,11
GACTCGGTCGGCGGAT-1_V13B23-285_B1,2
GACTGATTGGTCACAA-1_V13B23-285_B1,12
GACTGCAAATCGAGCT-1_V13B23-285_B1,7
GACTGCACCAGCCCAG-1_V13B23-285_B1,7
GACTGCGGCACGTGTA-1_V13B23-285_B1,6
GAGACCCTGCAACGCC-1_V13B23-285_B1,8
GAGACTGATGGGTAGA-1_V13B23-285_B1,4
GAGACTTCGCGACCGA-1_V13B23-285_B1,4
GAGAGGGCGCGAGGTT-1_V13B23-285_B1,4
GAGAGGTGCATTCTGG-1_V13B23-285_B1,6
GAGATCTGCTTGGCAT-1_V13B23-285_B1,4
GAGATCTGTCACTCCG-1_V13B23-285_B1,1
GAGATCTTCCATGACA-1_V13B23-285_B1,7
GAGATGACAATCCTTA-1_V13B23-285_B1,11
GAGATGGGAGTCGACA-1_V13B23-285_B1,7
GAGCACCTGTGTCCAG-1_V13B23-285_B1,7
GAGCACGGCGCCTCTT-1_V13B23-285_B1,5
GAGCCAGCTACCTGTG-1_V13B23-285_B1,7
GAGCCGAGCGTTTATT-1_V13B23-285_B1,9
GAGCGAGGGAGTACCG-1_V13B23-285_B1,8
GAGCGCAAATACTCCG-1_V13B23-285_B1,7
GAGCGCGCACGAGTAG-1_V13B23-285_B1,7
GAGCGCTGTTAGGTAA-1_V13B23-285_B1,6
GAGCTAAGGGCATATC-1_V13B23-285_B1,1
GAGCTCTCGGACCTAA-1_V13B23-285_B1,4
GAGCTGTCGTCTCGGA-1_V13B23-285_B1,11
GAGGAATGGAGAGGTT-1_V13B23-285_B1,6
GAGGAGATCCTCATGC-1_V13B23-285_B1,6
GAGGATAAACAGTGCT-1_V13B23-285_B1,7
GAGGCATTTGCAGCAG-1_V13B23-285_B1,11
GAGGCCCGACTCCGCA-1_V13B23-285_B1,6
GAGGCTATCAAAGTCG-1_V13B23-285_B1,4
GAGGGCCATAATATTA-1_V13B23-285_B1,11
GAGGGCGCAGCTCTGC-1_V13B23-285_B1,11
GAGGTACATCCATCTT-1_V13B23-285_B1,8
GAGGTCCCAAAGATCT-1_V13B23-285_B1,4
GAGTAAACCGGAAAGT-1_V13B23-285_B1,7
GAGTAAGGCCACGGGA-1_V13B23-285_B1,6
GAGTACGGGTATACAA-1_V13B23-285_B1,10
GAGTAGATACTAGTTG-1_V13B23-285_B1,1
GAGTATCAAAGTTACA-1_V13B23-285_B1,7
GAGTATGCCCGCCTTG-1_V13B23-285_B1,6
GAGTCAGACCAGAATC-1_V13B23-285_B1,6
GAGTCCGCTTACCGGA-1_V13B23-285_B1,4
GAGTCGACAGACCCTC-1_V13B23-285_B1,6
GAGTGCACGGACAACA-1_V13B23-285_B1,11
GAGTGTGCGGTACCCA-1_V13B23-285_B1,7
GAGTTGATGGCAATTT-1_V13B23-285_B1,6
GATAAATCGGTGGATG-1_V13B23-285_B1,10
GATAACTCGCACTGTG-1_V13B23-285_B1,7
GATACCGTGTCGGAGT-1_V13B23-285_B1,5
GATACGATGGGAGTCA-1_V13B23-285_B1,6
GATAGGATTAATTACA-1_V13B23-285_B1,5
GATAGGTAACGTTGAC-1_V13B23-285_B1,4
GATAGGTGTCCCGGGC-1_V13B23-285_B1,5
GATATCTCATGCAATA-1_V13B23-285_B1,8
GATATGAGACACTAAC-1_V13B23-285_B1,7
GATATGCGGTAGCCAA-1_V13B23-285_B1,1
GATATGGATTACGCGG-1_V13B23-285_B1,6
GATATTGAGATTGGCG-1_V13B23-285_B1,7
GATCATTCCAAACATT-1_V13B23-285_B1,3
GATCCCTTTATACTGC-1_V13B23-285_B1,4
GATCCGAATATAAGTG-1_V13B23-285_B1,7
GATCCGGGAATTAACA-1_V13B23-285_B1,7
GATCCTAAATCGGGAC-1_V13B23-285_B1,11
GATCCTCGACACTGGC-1_V13B23-285_B1,6
GATCGACACTATCTGA-1_V13B23-285_B1,4
GATCGCGGGCTCTCCA-1_V13B23-285_B1,4
GATCGCTACCCGATTT-1_V13B23-285_B1,7
GATCGCTATATCTCAG-1_V13B23-285_B1,6
GATCGGATAGAACCAT-1_V13B23-285_B1,11
GATCGGCGATAAGTCG-1_V13B23-285_B1,6
GATCGGTGGCCATAAC-1_V13B23-285_B1,1
GATCGTGACTGATATC-1_V13B23-285_B1,7
GATCTAACCGTATTCA-1_V13B23-285_B1,9
GATCTCGACGCTGTGG-1_V13B23-285_B1,7
GATCTGCTATCTAAGG-1_V13B23-285_B1,6
GATCTTCATTGTCCTC-1_V13B23-285_B1,6
GATCTTGGAGGGCATA-1_V13B23-285_B1,7
GATCTTTGCAGGGTAT-1_V13B23-285_B1,4
GATCTTTGCTCAAAGA-1_V13B23-285_B1,2
GATGACAAGTAGGGCA-1_V13B23-285_B1,6
GATGACGATGATCGCG-1_V13B23-285_B1,11
GATGCCAGCAGAAGGC-1_V13B23-285_B1,6
GATGCCTTCTGCGGCA-1_V13B23-285_B1,6
GATGCGAATGGTATTA-1_V13B23-285_B1,6
GATGCGTCCTGCATTC-1_V13B23-285_B1,4
GATGCTACAAGCGCCT-1_V13B23-285_B1,10
GATGCTGTATTTCATC-1_V13B23-285_B1,7
GATGGCGCACACATTA-1_V13B23-285_B1,4
GATGGTGCCCTAGGCA-1_V13B23-285_B1,8
GATGTAACGAACCACC-1_V13B23-285_B1,6
GATGTCGGTCAACTGC-1_V13B23-285_B1,8
GATGTTCAATCCACGA-1_V13B23-285_B1,6
GATGTTTGTGCGAGAT-1_V13B23-285_B1,4
GATTAACCGAAAGCCC-1_V13B23-285_B1,7
GATTACTGAATTTGGG-1_V13B23-285_B1,6
GATTCCCTTGTCGCAG-1_V13B23-285_B1,1
GATTCCGCGTTTCCGT-1_V13B23-285_B1,10
GATTCCTATACGGCGC-1_V13B23-285_B1,6
GATTCGACGGTTCACG-1_V13B23-285_B1,7
GATTTAGTGCGTACTG-1_V13B23-285_B1,9
GCAAACCCTACATTAT-1_V13B23-285_B1,7
GCAAACCTTGGCCATA-1_V13B23-285_B1,6
GCAAACGTCGCCAGGT-1_V13B23-285_B1,7
GCAAATATTACGCTTT-1_V13B23-285_B1,4
GCAACACACTAGAACT-1_V13B23-285_B1,11
GCAACAGCAGTATGCG-1_V13B23-285_B1,7
GCAACCACCAGACCGG-1_V13B23-285_B1,10
GCAACCACGGCCGCGT-1_V13B23-285_B1,6
GCAACGGCTAGTTATG-1_V13B23-285_B1,7
GCAAGAATTCCTTGGC-1_V13B23-285_B1,6
GCAAGATGTGTTCGCG-1_V13B23-285_B1,2
GCAAGTGCACAGAGAA-1_V13B23-285_B1,4
GCAATTAGTCGCACCG-1_V13B23-285_B1,11
GCACAAACGAGGCGTG-1_V13B23-285_B1,7
GCACACACTGGTAGCC-1_V13B23-285_B1,7
GCACACGCCCATGGTC-1_V13B23-285_B1,6
GCACGCCTACTTAGAT-1_V13B23-285_B1,6
GCACTAGTCGCGCTAT-1_V13B23-285_B1,8
GCAGAAGGTAATCTCC-1_V13B23-285_B1,7
GCAGACCCAGCACGTA-1_V13B23-285_B1,7
GCAGATCCATAAGACT-1_V13B23-285_B1,7
GCAGATCCTCGCAAAT-1_V13B23-285_B1,6
GCAGATTAGGGATATC-1_V13B23-285_B1,4
GCAGCACACAGCCCAG-1_V13B23-285_B1,4
GCAGCCTATATCACAT-1_V13B23-285_B1,7
GCAGCTATGGACAGGT-1_V13B23-285_B1,12
GCAGGAACTTAGATCT-1_V13B23-285_B1,6
GCAGGACTATAGAATA-1_V13B23-285_B1,4
GCAGGTAGAGTATGGT-1_V13B23-285_B1,2
GCAGTGCGGGCGGATG-1_V13B23-285_B1,5
GCAGTGTGGCTATAGG-1_V13B23-285_B1,7
GCAGTTCGATCCGAGC-1_V13B23-285_B1,7
GCATACGAGGTCTTTA-1_V13B23-285_B1,11
GCATAGAGCACTCAGG-1_V13B23-285_B1,4
GCATCCCTAACTTTGA-1_V13B23-285_B1,10
GCATCGGCCGTGTAGG-1_V13B23-285_B1,7
GCATGAGGGACGCGGC-1_V13B23-285_B1,11
GCATTCAAGGCAACGC-1_V13B23-285_B1,11
GCATTCGAAATGAACA-1_V13B23-285_B1,6
GCATTGTAATTCATAT-1_V13B23-285_B1,4
GCATTTCCAAGGCTCC-1_V13B23-285_B1,11
GCCAACCATTTCCGGA-1_V13B23-285_B1,11
GCCAAGAATACTTCTG-1_V13B23-285_B1,11
GCCAATAGGGCATCTC-1_V13B23-285_B1,11
GCCACAATTTAAGGAC-1_V13B23-285_B1,6
GCCACTCAGAGCGCGA-1_V13B23-285_B1,7
GCCACTCCTTACGGTA-1_V13B23-285_B1,7
GCCAGGAGTAACCGAT-1_V13B23-285_B1,12
GCCAGGCGTTCGCATG-1_V13B23-285_B1,8
GCCATATTGCACACAG-1_V13B23-285_B1,9
GCCATCGAGCTGCGTG-1_V13B23-285_B1,4
GCCATCGATGCTGCAT-1_V13B23-285_B1,11
GCCATTAGCCTCAAAC-1_V13B23-285_B1,6
GCCCAGATGCTGGAGA-1_V13B23-285_B1,7
GCCCAGTTGGTATGCC-1_V13B23-285_B1,9
GCCCGACTTCTTCCCG-1_V13B23-285_B1,6
GCCCGATCTGTGGTCG-1_V13B23-285_B1,6
GCCCGCGCGTAAACGG-1_V13B23-285_B1,6
GCCCGCGCGTTTGACA-1_V13B23-285_B1,4
GCCCGTAATACCTTCT-1_V13B23-285_B1,11
GCCCTAGCCGTCGCGA-1_V13B23-285_B1,6
GCCGAAATTCCTACGT-1_V13B23-285_B1,4
GCCGATTGGCCAAGCT-1_V13B23-285_B1,4
GCCGCACTCCGTTTCA-1_V13B23-285_B1,5
GCCGCATTAGTCCGGC-1_V13B23-285_B1,6
GCCGCTTGTGAGAAAC-1_V13B23-285_B1,4
GCCGGGTTAGGGTCGC-1_V13B23-285_B1,4
GCCGTGGAAGAAATGT-1_V13B23-285_B1,7
GCCTAGCGATCTGACC-1_V13B23-285_B1,4
GCCTATAGTGTCAGGG-1_V13B23-285_B1,11
GCCTATCAGGTAAGAT-1_V13B23-285_B1,7
GCCTATGCTGGGCCTT-1_V13B23-285_B1,11
GCCTATTCCGATATAG-1_V13B23-285_B1,4
GCCTCATCTGGAAATA-1_V13B23-285_B1,7
GCCTCCGACAATTCAC-1_V13B23-285_B1,7
GCCTCTATACATAGCA-1_V13B23-285_B1,7
GCCTTCAGCCCTACCG-1_V13B23-285_B1,10
GCCTTGTATATGCAGT-1_V13B23-285_B1,6
GCGAAACGATCGGGAG-1_V13B23-285_B1,7
GCGAAACTTAACTGGA-1_V13B23-285_B1,7
GCGAAGCCATACCCGT-1_V13B23-285_B1,4
GCGACATGTAAACATC-1_V13B23-285_B1,7
GCGACCCAACCATCTG-1_V13B23-285_B1,6
GCGACGATAGTTGTAC-1_V13B23-285_B1,6
GCGAGAAACGGGAGTT-1_V13B23-285_B1,6
GCGAGAGGCCATGTAA-1_V13B23-285_B1,12
GCGAGAGTTGCGTCCA-1_V13B23-285_B1,11
GCGAGCGCATGCTCCC-1_V13B23-285_B1,7
GCGAGGCCCGAGCAGA-1_V13B23-285_B1,4
GCGAGTTCTGCAAAGA-1_V13B23-285_B1,4
GCGATTCTGGAAGCAG-1_V13B23-285_B1,8
GCGATTGTTAACGTTA-1_V13B23-285_B1,7
GCGCAAATATATTCAA-1_V13B23-285_B1,6
GCGCAAGAGCGCGCTG-1_V13B23-285_B1,7
GCGCATCCAGTCAGCA-1_V13B23-285_B1,9
GCGCCGTTCCACGATA-1_V13B23-285_B1,4
GCGCCTCCCACTCCGA-1_V13B23-285_B1,7
GCGCGTCATTGGTACA-1_V13B23-285_B1,7
GCGCTAATTGAATAGA-1_V13B23-285_B1,7
GCGCTATGCCGAGGCA-1_V13B23-285_B1,6
GCGCTCGATCACCTGT-1_V13B23-285_B1,7
GCGCTGATCCAGACTC-1_V13B23-285_B1,2
GCGCTGCTTTGCATTT-1_V13B23-285_B1,11
GCGCTTAAATAATTGG-1_V13B23-285_B1,7
GCGGACCGCGTTGTGG-1_V13B23-285_B1,6
GCGGAGAAACTTCGCA-1_V13B23-285_B1,6
GCGGAGAGGGAGAACG-1_V13B23-285_B1,7
GCGGCAAAGTATTGCC-1_V13B23-285_B1,6
GCGGCTCTGACGTACC-1_V13B23-285_B1,4
GCGGGAACCAGGCCCT-1_V13B23-285_B1,4
GCGGGCATTACGATGC-1_V13B23-285_B1,11
GCGGGCGAGCCTTACC-1_V13B23-285_B1,4
GCGGTCCCGGTGAAGG-1_V13B23-285_B1,11
GCGGTGAACTGCGCTC-1_V13B23-285_B1,4
GCGGTTCCCTATCATG-1_V13B23-285_B1,6
GCGTAAATGGCCATAA-1_V13B23-285_B1,7
GCGTCGAAATGTCGGT-1_V13B23-285_B1,10
GCGTCGCCAGGGTGAT-1_V13B23-285_B1,6
GCGTCTAACCTCCTAA-1_V13B23-285_B1,11
GCGTCTCTGCATTGGG-1_V13B23-285_B1,4
GCGTGGTACTGGGTTA-1_V13B23-285_B1,7
GCGTTATATTTGGAAC-1_V13B23-285_B1,6
GCGTTCGGAGACCGGG-1_V13B23-285_B1,11
GCGTTCTGACTAAGCG-1_V13B23-285_B1,7
GCTAAACCTGAGGTGA-1_V13B23-285_B1,6
GCTAACTGAAGTCTGA-1_V13B23-285_B1,7
GCTAAGTAAAGGCGAT-1_V13B23-285_B1,6
GCTAAGTAGTTTCTCT-1_V13B23-285_B1,3
GCTAATACCGAATGCC-1_V13B23-285_B1,4
GCTACAATCGAGGATA-1_V13B23-285_B1,7
GCTACAGTACGGACCG-1_V13B23-285_B1,6
GCTACGACTTATTGGG-1_V13B23-285_B1,4
GCTACTATAGTAGAGT-1_V13B23-285_B1,7
GCTAGACCGTCTACTG-1_V13B23-285_B1,7
GCTAGAGTAGAGATGT-1_V13B23-285_B1,7
GCTAGCACCTGGGCCA-1_V13B23-285_B1,7
GCTAGCAGGGAGTGGG-1_V13B23-285_B1,11
GCTAGCTTGAATAGCT-1_V13B23-285_B1,4
GCTAGGCACCACGGAG-1_V13B23-285_B1,7
GCTAGTAGAGCTTGTA-1_V13B23-285_B1,4
GCTAGTTTCATTGAGG-1_V13B23-285_B1,4
GCTATACGTCTCGGAC-1_V13B23-285_B1,7
GCTATCATACTCATGG-1_V13B23-285_B1,7
GCTATCGCGGCGCAAC-1_V13B23-285_B1,4
GCTCAATCCGTTTATT-1_V13B23-285_B1,6
GCTCAATGTAATACCG-1_V13B23-285_B1,6
GCTCATTACTGCATGT-1_V13B23-285_B1,10
GCTCCATGAGTGCAGA-1_V13B23-285_B1,7
GCTCCCAGTCGGTCCA-1_V13B23-285_B1,7
GCTCCGCTCGCTTCAG-1_V13B23-285_B1,7
GCTCCTGACATACTGG-1_V13B23-285_B1,6
GCTCGCGGTTCCGCTC-1_V13B23-285_B1,6
GCTCGCTCATGTCCAA-1_V13B23-285_B1,7
GCTCGGAATTTAAAGC-1_V13B23-285_B1,10
GCTCTAAACCCTGACG-1_V13B23-285_B1,4
GCTCTATGTTACGTGC-1_V13B23-285_B1,4
GCTCTCGGGTACCGAA-1_V13B23-285_B1,4
GCTGAACTCTCCAGGG-1_V13B23-285_B1,11
GCTGAATCTTCCAATC-1_V13B23-285_B1,6
GCTGAGCAACGGTTCT-1_V13B23-285_B1,6
GCTGAGGCGTGAGTAT-1_V13B23-285_B1,4
GCTGCACGGTTTCTTA-1_V13B23-285_B1,7
GCTGCTAAGTAGTCGA-1_V13B23-285_B1,6
GCTGCTACTGCGTAGC-1_V13B23-285_B1,7
GCTGCTCTCCGGACAC-1_V13B23-285_B1,4
GCTGGACCCAAAGTGG-1_V13B23-285_B1,9
GCTGGCATATTCACCT-1_V13B23-285_B1,4
GCTGGCGGCGCATGCT-1_V13B23-285_B1,6
GCTGGTTTAGGCCATA-1_V13B23-285_B1,6
GCTGTATTACTGGCCC-1_V13B23-285_B1,6
GCTGTTGCTACCGAAC-1_V13B23-285_B1,7
GCTTAATGTAACTAAC-1_V13B23-285_B1,7
GCTTACGTAGTTAGTA-1_V13B23-285_B1,7
GCTTAGGGAAGCGGTA-1_V13B23-285_B1,2
GCTTATGAAGCAGGAA-1_V13B23-285_B1,7
GCTTCCGTCCCTAGAC-1_V13B23-285_B1,1
GCTTGATGATAATCAG-1_V13B23-285_B1,4
GCTTGCAGCACAATTG-1_V13B23-285_B1,11
GCTTGGATCGATTAGG-1_V13B23-285_B1,11
GCTTTCAGAGGAGGTG-1_V13B23-285_B1,7
GGAAACCTTGTTGAAT-1_V13B23-285_B1,11
GGAAACTAAATGGGCC-1_V13B23-285_B1,7
GGAAAGTGCCCATGCC-1_V13B23-285_B1,1
GGAACCCGAACAAGAA-1_V13B23-285_B1,6
GGAACCGTGTAAATTG-1_V13B23-285_B1,6
GGAACCTTGACTCTGC-1_V13B23-285_B1,6
GGAACGGCCTGCAGCC-1_V13B23-285_B1,6
GGAACTTTGGCGATTA-1_V13B23-285_B1,7
GGAAGCTCGCTTACAG-1_V13B23-285_B1,8
GGAATGCGCTAGCGTG-1_V13B23-285_B1,1
GGACAAGTTGCAGTGA-1_V13B23-285_B1,6
GGACACAAGTTTACAC-1_V13B23-285_B1,7
GGACCAACAGGATAAC-1_V13B23-285_B1,1
GGACCTACGGTAACGT-1_V13B23-285_B1,11
GGACCTCTAGGCCGCC-1_V13B23-285_B1,6
GGACGTCCATAGTTGG-1_V13B23-285_B1,12
GGACTCACAAATTAGG-1_V13B23-285_B1,7
GGACTCGAAGCTTTCA-1_V13B23-285_B1,7
GGACTCTTCCGGTTGA-1_V13B23-285_B1,7
GGAGAAGTCATTGGCA-1_V13B23-285_B1,4
GGAGACCAATGTGCTT-1_V13B23-285_B1,11
GGAGACCATCTACATA-1_V13B23-285_B1,6
GGAGACGACACCTTTG-1_V13B23-285_B1,4
GGAGCAACATTTCAAG-1_V13B23-285_B1,7
GGAGCACCAAGAACTA-1_V13B23-285_B1,10
GGAGGCCGAAGTCGTC-1_V13B23-285_B1,7
GGAGGGCTTGGTTGGC-1_V13B23-285_B1,5
GGAGGGTCAAGTAAGA-1_V13B23-285_B1,7
GGAGTGCCGCCCTGGA-1_V13B23-285_B1,4
GGATCATCCCGTACGC-1_V13B23-285_B1,11
GGATCCGGAATATACT-1_V13B23-285_B1,2
GGATCTTGACTCAACC-1_V13B23-285_B1,6
GGATGAAGATCGCTGA-1_V13B23-285_B1,7
GGATGACGCGAGTTTA-1_V13B23-285_B1,4
GGATGCTGGCGTTCCT-1_V13B23-285_B1,6
GGATGTCCTTACCGCA-1_V13B23-285_B1,7
GGATTAAGCTAAGGTC-1_V13B23-285_B1,2
GGATTCAGTACGGTGG-1_V13B23-285_B1,4
GGATTCCGCTATACCC-1_V13B23-285_B1,10
GGATTGCTGTGACTCC-1_V13B23-285_B1,7
GGATTTCACTTCTATA-1_V13B23-285_B1,1
GGCAAAGGCGCCAATA-1_V13B23-285_B1,6
GGCAAATTACTTTACT-1_V13B23-285_B1,4
GGCAAGCCAGGGATAG-1_V13B23-285_B1,11
GGCAAGGCGAAATAGC-1_V13B23-285_B1,7
GGCAATAGTCAATGAG-1_V13B23-285_B1,1
GGCACTCAGCCGACCC-1_V13B23-285_B1,7
GGCACTCCACTGGGCA-1_V13B23-285_B1,4
GGCAGCAAACCTATGC-1_V13B23-285_B1,7
GGCAGCGGTAATCCTA-1_V13B23-285_B1,11
GGCATACAGGTAGCGG-1_V13B23-285_B1,4
GGCATATCGGTTCTGC-1_V13B23-285_B1,10
GGCCCAGTTATCAGCA-1_V13B23-285_B1,8
GGCCCGGAGCATGTCT-1_V13B23-285_B1,7
GGCCCGTATACCATGC-1_V13B23-285_B1,11
GGCCCTCACCCACTTA-1_V13B23-285_B1,6
GGCCGTTTGGGTTTCA-1_V13B23-285_B1,6
GGCCTGCTTCTCCCGA-1_V13B23-285_B1,7
GGCCTTTGCAACTGGC-1_V13B23-285_B1,11
GGCGAAATCTAACTTG-1_V13B23-285_B1,7
GGCGAACCGTTCTGAT-1_V13B23-285_B1,11
GGCGAGCGAAACGGCA-1_V13B23-285_B1,6
GGCGCAGGACATCTTC-1_V13B23-285_B1,4
GGCGCATGAATTGATG-1_V13B23-285_B1,4
GGCGCGGAGATCTTTC-1_V13B23-285_B1,7
GGCGCGTTCGAGTTTA-1_V13B23-285_B1,4
GGCGCTCCTCATCAAT-1_V13B23-285_B1,4
GGCGGAGTAATATTAG-1_V13B23-285_B1,4
GGCGGGCTCTAAGAGT-1_V13B23-285_B1,7
GGCGGTAGGATCATTG-1_V13B23-285_B1,5
GGCGGTTTGCCGGTGC-1_V13B23-285_B1,6
GGCGTCCTATCCGCTG-1_V13B23-285_B1,4
GGCTAAAGGGCGGGTC-1_V13B23-285_B1,4
GGCTAATGATTGAAAT-1_V13B23-285_B1,8
GGCTATTAAGTTGTAT-1_V13B23-285_B1,4
GGCTCCTCCACCTGTT-1_V13B23-285_B1,6
GGCTCGCGTTGAGGTA-1_V13B23-285_B1,11
GGCTCGTGCCACCAGC-1_V13B23-285_B1,4
GGCTCTGCTCCAACGC-1_V13B23-285_B1,11
GGCTGAAATAGCAAAG-1_V13B23-285_B1,7
GGCTGAGCATCGTAAG-1_V13B23-285_B1,12
GGCTGGCTAGCTTAAA-1_V13B23-285_B1,8
GGCTTTCAATAAGGGT-1_V13B23-285_B1,6
GGGAACGGGAGGTTAG-1_V13B23-285_B1,4
GGGAATGAGCCCTCAC-1_V13B23-285_B1,11
GGGACAGAGTTACTCC-1_V13B23-285_B1,6
GGGACCCGTATATCTT-1_V13B23-285_B1,6
GGGACTGCATAGATAG-1_V13B23-285_B1,4
GGGAGAACTCACAGTA-1_V13B23-285_B1,4
GGGAGGATGCCCGAAA-1_V13B23-285_B1,4
GGGAGTTAATGAGGCG-1_V13B23-285_B1,2
GGGATACGGTAATAAT-1_V13B23-285_B1,6
GGGATCCCAATACAAA-1_V13B23-285_B1,11
GGGATGGTCGTAACCG-1_V13B23-285_B1,6
GGGATTTACCGCACCT-1_V13B23-285_B1,7
GGGCAACCGCACGTGC-1_V13B23-285_B1,6
GGGCAGAGCAATCGTT-1_V13B23-285_B1,6
GGGCCCGTCTTAAACA-1_V13B23-285_B1,4
GGGCCCTACGAAAGGG-1_V13B23-285_B1,11
GGGCCGGCCGAAGTAC-1_V13B23-285_B1,7
GGGCCTAAATGGGCTA-1_V13B23-285_B1,11
GGGCCTATTTAAGTAT-1_V13B23-285_B1,11
GGGCGAATTTCTCCAC-1_V13B23-285_B1,6
GGGCGATATGTGTGAA-1_V13B23-285_B1,1
GGGCGCAGCGTTACTC-1_V13B23-285_B1,11
GGGCGGCAAATGAATT-1_V13B23-285_B1,6
GGGCGGGTTCCCTACG-1_V13B23-285_B1,6
GGGCGGTCCTATTGTC-1_V13B23-285_B1,4
GGGCGTACATTTATAT-1_V13B23-285_B1,4
GGGCGTCACCACGTAA-1_V13B23-285_B1,6
GGGCGTCCACTGGCTC-1_V13B23-285_B1,10
GGGCGTGGTTTCCCAG-1_V13B23-285_B1,7
GGGCTACTATTTCGTG-1_V13B23-285_B1,6
GGGCTATGATCGATGG-1_V13B23-285_B1,6
GGGCTCATCGAACCCA-1_V13B23-285_B1,11
GGGCTGCCTAGGGCGA-1_V13B23-285_B1,7
GGGCTGGTTAGTCGCG-1_V13B23-285_B1,4
GGGTACCCACGGTCCT-1_V13B23-285_B1,4
GGGTACTTCATGAACT-1_V13B23-285_B1,4
GGGTATGTATGCACTT-1_V13B23-285_B1,6
GGGTATTCTAGCAAAC-1_V13B23-285_B1,6
GGGTCACCGTGACGGT-1_V13B23-285_B1,4
GGGTCATGCGTACCAT-1_V13B23-285_B1,6
GGGTCGTGGCAAGTGT-1_V13B23-285_B1,11
GGGTGACACCTTAACT-1_V13B23-285_B1,4
GGGTGCATATGAAAGC-1_V13B23-285_B1,11
GGGTGTTTCAGCTATG-1_V13B23-285_B1,10
GGGTTAACATTTGAGT-1_V13B23-285_B1,4
GGGTTCAGACGAACAA-1_V13B23-285_B1,4
GGGTTTAGGATAGGAT-1_V13B23-285_B1,7
GGTAAATGTGCGTTAC-1_V13B23-285_B1,8
GGTAACCGGGAGGATA-1_V13B23-285_B1,6
GGTACAAACATGCTAT-1_V13B23-285_B1,4
GGTACACCAGATTTAT-1_V13B23-285_B1,11
GGTACATCTGGGACGA-1_V13B23-285_B1,11
GGTACCATTAAGACGG-1_V13B23-285_B1,11
GGTACTAAGTGCTTTG-1_V13B23-285_B1,7
GGTAGAAGACCGCCTG-1_V13B23-285_B1,7
GGTAGACCGTTGGGCG-1_V13B23-285_B1,4
GGTAGTGCTCGCACCA-1_V13B23-285_B1,2
GGTATAGTGACACATA-1_V13B23-285_B1,7
GGTATTGCCGAGTTTA-1_V13B23-285_B1,4
GGTCAAGACTACTTCG-1_V13B23-285_B1,7
GGTCAGTGGGTCCCAC-1_V13B23-285_B1,4
GGTCATTGTAGTCATA-1_V13B23-285_B1,9
GGTCCTTCATACGACT-1_V13B23-285_B1,6
GGTCGGATAAACGGCG-1_V13B23-285_B1,11
GGTCGGCCAGGAGCTT-1_V13B23-285_B1,1
GGTCGGTAATTAGACA-1_V13B23-285_B1,4
GGTCGGTCGTCCACAG-1_V13B23-285_B1,6
GGTCGTAAGCTCGCAC-1_V13B23-285_B1,6
GGTCTCCAAGTAGTGC-1_V13B23-285_B1,7
GGTCTCTGAATGGACT-1_V13B23-285_B1,6
GGTCTGAGAATCTGGA-1_V13B23-285_B1,1
GGTGAAGTACAGGGAT-1_V13B23-285_B1,6
GGTGAGATGCAGATAA-1_V13B23-285_B1,4
GGTGATAAGGAGCAGT-1_V13B23-285_B1,7
GGTGCAGAGCCTATCG-1_V13B23-285_B1,11
GGTGCGGATAAGTGGC-1_V13B23-285_B1,10
GGTGCTGATCACAAAG-1_V13B23-285_B1,6
GGTGCTGGTACACATT-1_V13B23-285_B1,6
GGTGGACTGCTCTGGC-1_V13B23-285_B1,7
GGTGGAGGTTGATACG-1_V13B23-285_B1,5
GGTGTTGGGCGTCTTA-1_V13B23-285_B1,7
GGTTACCACCCTCGGG-1_V13B23-285_B1,6
GGTTACCCGACACTTT-1_V13B23-285_B1,11
GGTTAGCTATATGTCT-1_V13B23-285_B1,7
GGTTAGGCTTGGAGAA-1_V13B23-285_B1,4
GGTTAGTTACGGCGCC-1_V13B23-285_B1,6
GGTTCGGATTATACTA-1_V13B23-285_B1,9
GGTTCTACTCGTCTGA-1_V13B23-285_B1,7
GGTTGTGCTCTTGTCC-1_V13B23-285_B1,6
GGTTGTGTAGCCTGGC-1_V13B23-285_B1,6
GGTTTAATTGAGCAGG-1_V13B23-285_B1,11
GGTTTACAATCTCAAT-1_V13B23-285_B1,11
GGTTTAGCCTTTCTTG-1_V13B23-285_B1,7
GGTTTCAATCGGTCAG-1_V13B23-285_B1,7
GGTTTGACAAGAAGCT-1_V13B23-285_B1,12
GGTTTGCGAACACGTA-1_V13B23-285_B1,9
GGTTTGTGACCTGAGG-1_V13B23-285_B1,7
GTAACATCTAAGATAA-1_V13B23-285_B1,7
GTAAGCGGGCAGTCAG-1_V13B23-285_B1,1
GTAAGGATTTGTCGGA-1_V13B23-285_B1,8
GTAAGTAACAGTCTGG-1_V13B23-285_B1,7
GTAAGTAGGGTATACC-1_V13B23-285_B1,4
GTAAGTCCACACTCTA-1_V13B23-285_B1,5
GTAATAAAGGGCTCCC-1_V13B23-285_B1,11
GTAATCTGATTCTTCG-1_V13B23-285_B1,6
GTACACTTACCTGAAG-1_V13B23-285_B1,7
GTACAGAGGCAAGGGT-1_V13B23-285_B1,7
GTACGACGGCGCTGCG-1_V13B23-285_B1,10
GTACGAGATTGCGACA-1_V13B23-285_B1,12
GTACGCTTCATTGCAC-1_V13B23-285_B1,7
GTACGTCACGTATTAA-1_V13B23-285_B1,9
GTACGTTTGCCCGTCA-1_V13B23-285_B1,7
GTACTAAGATTTGGAG-1_V13B23-285_B1,4
GTACTCCCTTATCGCT-1_V13B23-285_B1,4
GTACTCCTGGGTATGC-1_V13B23-285_B1,11
GTACTGGAGTTAGACC-1_V13B23-285_B1,1
GTACTTGGGCACTTCT-1_V13B23-285_B1,4
GTAGAAACGGGTGGAG-1_V13B23-285_B1,6
GTAGACGTCGTTACAT-1_V13B23-285_B1,8
GTAGAGGGAGACAAGT-1_V13B23-285_B1,6
GTAGCCAAACATGGGA-1_V13B23-285_B1,7
GTAGCGGCTATACACT-1_V13B23-285_B1,7
GTAGCTTCCTCTTGTT-1_V13B23-285_B1,11
GTAGGTGATCCGTGTA-1_V13B23-285_B1,10
GTAGTCGCGGGAATCA-1_V13B23-285_B1,7
GTATAATCTCCCGGAT-1_V13B23-285_B1,6
GTATAGGACTCAGTAG-1_V13B23-285_B1,9
GTATCAAACGTTAGCT-1_V13B23-285_B1,7
GTATCAGCTTGGGTTC-1_V13B23-285_B1,4
GTATCTCAGTCTTGAC-1_V13B23-285_B1,6
GTATCTTTCATAACCA-1_V13B23-285_B1,3
GTATGAAATTTCACTC-1_V13B23-285_B1,6
GTATGTGGGTCTAGTT-1_V13B23-285_B1,7
GTATTAAGGCGTCTAA-1_V13B23-285_B1,4
GTATTCTGAGAAACGA-1_V13B23-285_B1,6
GTATTTAATGGCATAA-1_V13B23-285_B1,7
GTCAAAGAAGTGGTGT-1_V13B23-285_B1,6
GTCAAAGTTTACATAG-1_V13B23-285_B1,4
GTCAAGCGGACTCGGG-1_V13B23-285_B1,7
GTCAATGCTATAATTT-1_V13B23-285_B1,11
GTCACTCTCCAAATCT-1_V13B23-285_B1,4
GTCAGAATAGTCTATG-1_V13B23-285_B1,4
GTCAGTTGTGCTCGTT-1_V13B23-285_B1,8
GTCAGTTTGGTAGTCG-1_V13B23-285_B1,6
GTCATCTCCTACAGCT-1_V13B23-285_B1,6
GTCATGCACCTCCGTT-1_V13B23-285_B1,4
GTCATGGACATGACTA-1_V13B23-285_B1,11
GTCATTAGAGCGAACG-1_V13B23-285_B1,7
GTCATTGCATTGACCC-1_V13B23-285_B1,6
GTCCATTACTGCTACG-1_V13B23-285_B1,7
GTCCCAACGTAAAGTA-1_V13B23-285_B1,2
GTCCCGCGACGTTATG-1_V13B23-285_B1,7
GTCCGAGAGCAATCAT-1_V13B23-285_B1,6
GTCCGGACCTGAAATT-1_V13B23-285_B1,7
GTCCGGCTGAATTGCG-1_V13B23-285_B1,4
GTCCTACAGGCGGCTC-1_V13B23-285_B1,4
GTCCTACGAATAGTCT-1_V13B23-285_B1,7
GTCCTACTCTACGGGC-1_V13B23-285_B1,9
GTCCTATTGTTGTGGT-1_V13B23-285_B1,6
GTCCTTCTAGTGGGTT-1_V13B23-285_B1,8
GTCGATAGGTGACTTT-1_V13B23-285_B1,7
GTCGCCGTTGTGTGTT-1_V13B23-285_B1,6
GTCGCGTAACCCGTTG-1_V13B23-285_B1,7
GTCGGAAGGATACCAG-1_V13B23-285_B1,11
GTCGGATATCTCAGAC-1_V13B23-285_B1,4
GTCGGATGTAGCGCGC-1_V13B23-285_B1,10
GTCGGGAAGCAGAAAC-1_V13B23-285_B1,6
GTCGTACCATCTCGGG-1_V13B23-285_B1,4
GTCGTATTGGCGTACA-1_V13B23-285_B1,4
GTCGTCTGGTTGGCTA-1_V13B23-285_B1,11
GTCGTGTCTGGTCATC-1_V13B23-285_B1,11
GTCGTTATTCGCTTAT-1_V13B23-285_B1,7
GTCTACTCAATTACAA-1_V13B23-285_B1,11
GTCTATCTGAGTTTCT-1_V13B23-285_B1,6
GTCTATTGGTTCCGGT-1_V13B23-285_B1,7
GTCTCAAGGCCCGGCT-1_V13B23-285_B1,6
GTCTCCTGCCAGTATG-1_V13B23-285_B1,6
GTCTCGACTAAGTTTG-1_V13B23-285_B1,11
GTCTCGATCTGCTTTC-1_V13B23-285_B1,10
GTCTGGGCGGTCGAGA-1_V13B23-285_B1,6
GTCTTAGTACAGCCGG-1_V13B23-285_B1,5
GTCTTGAGGAGCAGTG-1_V13B23-285_B1,7
GTCTTGTAGCTATTCA-1_V13B23-285_B1,7
GTGAAACGGCGCCACC-1_V13B23-285_B1,11
GTGAACTCCCATTCGA-1_V13B23-285_B1,11
GTGAAGATTTCAAGTG-1_V13B23-285_B1,9
GTGAAGCCGTATAGTC-1_V13B23-285_B1,11
GTGAAGTCACGACTCG-1_V13B23-285_B1,6
GTGACCGCACACTACG-1_V13B23-285_B1,7
GTGACCTAAAGAATAA-1_V13B23-285_B1,11
GTGACGAGGGTGACCC-1_V13B23-285_B1,11
GTGACTTCAGTAGTGC-1_V13B23-285_B1,6
GTGAGCGTGCTGCACT-1_V13B23-285_B1,4
GTGAGGACACTTAAGG-1_V13B23-285_B1,7
GTGAGGAGCGGTTGAG-1_V13B23-285_B1,10
GTGAGTCTAAGACGGA-1_V13B23-285_B1,6
GTGAGTGGTACAACGC-1_V13B23-285_B1,4
GTGATCACTAACGCCT-1_V13B23-285_B1,7
GTGATCATAGATCTGC-1_V13B23-285_B1,4
GTGATCCTTGTCATGA-1_V13B23-285_B1,7
GTGATGCACAACATCT-1_V13B23-285_B1,11
GTGATTCGCCGCTCAA-1_V13B23-285_B1,6
GTGCACGAAAGTGACT-1_V13B23-285_B1,10
GTGCAGCGTAGAGTAG-1_V13B23-285_B1,7
GTGCCATCACACGGTG-1_V13B23-285_B1,6
GTGCCCGTTCGGATTC-1_V13B23-285_B1,7
GTGCCGCTTCAAAGGT-1_V13B23-285_B1,6
GTGCCTAGCTATGCTT-1_V13B23-285_B1,6
GTGCCTCAGTGTACGG-1_V13B23-285_B1,12
GTGCGAAATCGAACAC-1_V13B23-285_B1,6
GTGCGACAGGGAGTGT-1_V13B23-285_B1,7
GTGCGGGTCTCCAAAT-1_V13B23-285_B1,4
GTGCGTGTATATGAGC-1_V13B23-285_B1,7
GTGCTCAAGTACTGTC-1_V13B23-285_B1,4
GTGCTGCAGATAAGGA-1_V13B23-285_B1,11
GTGCTTACATCAGCGC-1_V13B23-285_B1,7
GTGGAACCTACATGCG-1_V13B23-285_B1,5
GTGGACCAACCCGATT-1_V13B23-285_B1,6
GTGGACGCATTTGTCC-1_V13B23-285_B1,6
GTGGACGTGCTGAGAC-1_V13B23-285_B1,4
GTGGAGCATGTCGGCC-1_V13B23-285_B1,7
GTGGAGCGTTTACCGA-1_V13B23-285_B1,6
GTGGAGTCGGCGGTTG-1_V13B23-285_B1,6
GTGGCAAACAGCGGCA-1_V13B23-285_B1,6
GTGGCGGTCCCAGCGT-1_V13B23-285_B1,6
GTGGGAAGACTGAATC-1_V13B23-285_B1,11
GTGGGCTTAGACACAC-1_V13B23-285_B1,4
GTGGTATAGTCTGCCG-1_V13B23-285_B1,6
GTGGTGATGGTTTGTG-1_V13B23-285_B1,7
GTGGTGGCCAAGTGAA-1_V13B23-285_B1,7
GTGGTTACTTCTTTCG-1_V13B23-285_B1,11
GTGGTTTCCGCCTTTC-1_V13B23-285_B1,6
GTGTACCTTGGCTACG-1_V13B23-285_B1,11
GTGTACGAACCGTTCC-1_V13B23-285_B1,1
GTGTATATCAGCGGGC-1_V13B23-285_B1,7
GTGTCGTATAGCGTTC-1_V13B23-285_B1,7
GTGTGAATAACTTAGG-1_V13B23-285_B1,1
GTGTTACTATGCGTCC-1_V13B23-285_B1,7
GTTAAAGTAGGACTGG-1_V13B23-285_B1,7
GTTAACATCACTTAAA-1_V13B23-285_B1,7
GTTAACTATGTTGTCA-1_V13B23-285_B1,7
GTTAAGGGTGCGATGT-1_V13B23-285_B1,6
GTTAAGTTAGAGTGGG-1_V13B23-285_B1,7
GTTAATGTCTATCTTA-1_V13B23-285_B1,6
GTTACAATTGGTGACG-1_V13B23-285_B1,4
GTTACCTACAACTTGC-1_V13B23-285_B1,4
GTTACTTTGGGCCTAG-1_V13B23-285_B1,6
GTTAGCCGTAAATCAA-1_V13B23-285_B1,11
GTTAGGCTACCCGTTT-1_V13B23-285_B1,6
GTTATAATACGGTGAA-1_V13B23-285_B1,7
GTTATATCAGGAGCCA-1_V13B23-285_B1,11
GTTATATTATCTCCCT-1_V13B23-285_B1,6
GTTATTAACGTGGGAG-1_V13B23-285_B1,6
GTTCACAGGAGTCTAG-1_V13B23-285_B1,4
GTTCATCGTTTGGCTG-1_V13B23-285_B1,7
GTTCCAGTCTGACCAT-1_V13B23-285_B1,9
GTTCCCGTAAACATAT-1_V13B23-285_B1,7
GTTCGCCATAAGTGCC-1_V13B23-285_B1,4
GTTCGCTGAGACGTCT-1_V13B23-285_B1,7
GTTCGGATCGGGAACA-1_V13B23-285_B1,7
GTTCGGGCGTACCATT-1_V13B23-285_B1,11
GTTCGTCTAAAGAACT-1_V13B23-285_B1,7
GTTCGTCTGGGTCCCT-1_V13B23-285_B1,11
GTTCTTCCCTCGATGT-1_V13B23-285_B1,10
GTTGAACCGGTTCCAT-1_V13B23-285_B1,6
GTTGAGTCCCGCCGGT-1_V13B23-285_B1,7
GTTGCACGGAGTTTCG-1_V13B23-285_B1,4
GTTGCAGTCGACAACA-1_V13B23-285_B1,7
GTTGCGCTAACATTAC-1_V13B23-285_B1,7
GTTGCGGACGGTCAGG-1_V13B23-285_B1,7
GTTGGACCGCATCAGG-1_V13B23-285_B1,11
GTTGGATTCAGTGGCT-1_V13B23-285_B1,11
GTTGGATTGAGAACAC-1_V13B23-285_B1,1
GTTGGATTTGCGTTGG-1_V13B23-285_B1,4
GTTGGTCATGCTATCC-1_V13B23-285_B1,6
GTTGTCGTGTTAGTTG-1_V13B23-285_B1,10
GTTGTTACATTGCGCT-1_V13B23-285_B1,2
GTTTACGTTCCATCTG-1_V13B23-285_B1,1
GTTTATGGGATTTAGA-1_V13B23-285_B1,6
GTTTCAAACGAGTTGT-1_V13B23-285_B1,7
GTTTCATATCGTCGCT-1_V13B23-285_B1,4
GTTTCCTGGAGGGTGA-1_V13B23-285_B1,4
GTTTCTGCAGTCTCCC-1_V13B23-285_B1,7
GTTTGACCAAATCCTA-1_V13B23-285_B1,3
GTTTGGCCCAAGTTAT-1_V13B23-285_B1,7
GTTTGGCCGCTCAGCG-1_V13B23-285_B1,9
GTTTGGGCTTGTGAGC-1_V13B23-285_B1,1
GTTTGGTAGGGTCAAC-1_V13B23-285_B1,6
TAAACCCAGGAGGGCA-1_V13B23-285_B1,6
TAAACGTCGTCAATGA-1_V13B23-285_B1,6
TAAAGACAACCCTTTA-1_V13B23-285_B1,7
TAAAGCGTTAGGAGAA-1_V13B23-285_B1,11
TAAAGCTGCAATAGGG-1_V13B23-285_B1,9
TAAATCTTTACACCTC-1_V13B23-285_B1,11
TAAATGAATCCGTTTC-1_V13B23-285_B1,9
TAAATGCCGTCTCATG-1_V13B23-285_B1,12
TAACAAAGGGAGAAGC-1_V13B23-285_B1,4
TAACAATATTTGTTGC-1_V13B23-285_B1,6
TAACATACAATGTGGG-1_V13B23-285_B1,7
TAACATACACGCGATC-1_V13B23-285_B1,3
TAACCTACCGTCCGAG-1_V13B23-285_B1,7
TAACCTAGGGAGTCCA-1_V13B23-285_B1,7
TAACGCTTTGAGAGCG-1_V13B23-285_B1,6
TAACTATCGAAGGTCC-1_V13B23-285_B1,4
TAACTATTACGCCAAA-1_V13B23-285_B1,11
TAACTCATCCGCGCGG-1_V13B23-285_B1,6
TAACTCCATGGAGGCT-1_V13B23-285_B1,4
TAAGCAGGCGACACGC-1_V13B23-285_B1,4
TAAGCCCTTACGACCA-1_V13B23-285_B1,11
TAAGGAACTTGTGGGA-1_V13B23-285_B1,10
TAAGGCAACATAAGAT-1_V13B23-285_B1,1
TAAGGCATAACATCAA-1_V13B23-285_B1,6
TAAGGCCCGTCACCCT-1_V13B23-285_B1,12
TAAGGCTGAATCCCTC-1_V13B23-285_B1,7
TAAGGGCCTGTCCGAT-1_V13B23-285_B1,7
TAAGGGCTGGGAGAGG-1_V13B23-285_B1,6
TAAGTAACATCTTGAC-1_V13B23-285_B1,6
TAAGTCGCCGAGTATC-1_V13B23-285_B1,6
TAAGTTGCGACGTAGG-1_V13B23-285_B1,7
TAATAAACAAGGAGAT-1_V13B23-285_B1,2
TAATACACAGTAGTAT-1_V13B23-285_B1,10
TAATAGAACAGAGTTA-1_V13B23-285_B1,6
TAATAGCTAAATGATG-1_V13B23-285_B1,11
TAATAGGTCACCAGAA-1_V13B23-285_B1,6
TAATAGTGACGACCAG-1_V13B23-285_B1,11
TAATATTGAAATTCGC-1_V13B23-285_B1,4
TAATCAACCAAATGGG-1_V13B23-285_B1,7
TAATCGATCCGTACGT-1_V13B23-285_B1,11
TAATGAAAGACCCTTG-1_V13B23-285_B1,6
TAATTACGTCAGTAGA-1_V13B23-285_B1,7
TAATTAGGACATCCGT-1_V13B23-285_B1,7
TAATTGGAATCGGGAA-1_V13B23-285_B1,11
TACAACGCACAACTCA-1_V13B23-285_B1,4
TACAAGTCTCGTGCAT-1_V13B23-285_B1,6
TACACCGTCGTTAGTC-1_V13B23-285_B1,11
TACAGAAACGGTGGGC-1_V13B23-285_B1,7
TACATAGGCATACACC-1_V13B23-285_B1,4
TACATCCCTATCCCTG-1_V13B23-285_B1,11
TACATGCCGGAATTGT-1_V13B23-285_B1,7
TACATTTCTAACGTGC-1_V13B23-285_B1,4
TACCAAATAGCCCAGA-1_V13B23-285_B1,6
TACCAATAAAGTACCA-1_V13B23-285_B1,7
TACCAGAAGTAGGTTC-1_V13B23-285_B1,6
TACCAGCTAGGTTTAA-1_V13B23-285_B1,8
TACCATGTATTGATTT-1_V13B23-285_B1,7
TACCGCGGACTTGCAG-1_V13B23-285_B1,7
TACCGGCTCACTGCCC-1_V13B23-285_B1,3
TACCGGTCGTTTCCAT-1_V13B23-285_B1,6
TACCGTAGGTTAACTA-1_V13B23-285_B1,6
TACCGTGCCTCGGACC-1_V13B23-285_B1,7
TACCTACTCCCAGTAT-1_V13B23-285_B1,6
TACCTCACGCTTGTAC-1_V13B23-285_B1,10
TACCTCAGTTGTCTGT-1_V13B23-285_B1,6
TACCTGCTGCACTGTG-1_V13B23-285_B1,6
TACCTTAAGATTTCCC-1_V13B23-285_B1,6
TACGAACACGACTTCA-1_V13B23-285_B1,4
TACGACGCTTGCTGCG-1_V13B23-285_B1,6
TACGACTGCCTCTTAG-1_V13B23-285_B1,4
TACGAGAACTTCACGT-1_V13B23-285_B1,4
TACGATGTTGATCATC-1_V13B23-285_B1,4
TACGCAGTTCTTTCCT-1_V13B23-285_B1,4
TACGCCATATTCTAAT-1_V13B23-285_B1,4
TACGCCGAGGGTACCC-1_V13B23-285_B1,6
TACGCCGCCTCAGAAG-1_V13B23-285_B1,7
TACGCCTCCATTCCGA-1_V13B23-285_B1,6
TACGCTATAGAAACCT-1_V13B23-285_B1,7
TACGCTCGGTATTGGA-1_V13B23-285_B1,7
TACGGGATGCTAGCAG-1_V13B23-285_B1,10
TACGTACTAGTGCTGA-1_V13B23-285_B1,1
TACGTGCAAGGTTCCT-1_V13B23-285_B1,11
TACGTGCACTATGCTG-1_V13B23-285_B1,4
TACGTTTACCGGCAAT-1_V13B23-285_B1,6
TACTATGGTTCCTCAG-1_V13B23-285_B1,6
TACTCGGCACGCCGGG-1_V13B23-285_B1,11
TACTCTCCGAACAAAT-1_V13B23-285_B1,10
TACTCTTACTTTACTG-1_V13B23-285_B1,7
TACTCTTTCGTCTTCA-1_V13B23-285_B1,6
TACTGAACAGATTTAG-1_V13B23-285_B1,6
TACTGAGGGAAGAAAG-1_V13B23-285_B1,6
TACTGCAATCAATTAC-1_V13B23-285_B1,12
TACTGGACAGCTCGGC-1_V13B23-285_B1,4
TACTGTTTCTCTGGTA-1_V13B23-285_B1,7
TACTTGTTAGTAGTCC-1_V13B23-285_B1,7
TACTTTACTGAGCCGG-1_V13B23-285_B1,11
TACTTTCCGCACGCCA-1_V13B23-285_B1,6
TAGAAAGGTGGCGCTA-1_V13B23-285_B1,1
TAGAATAGCCGATGAA-1_V13B23-285_B1,7
TAGAATTAAGGGCAAC-1_V13B23-285_B1,8
TAGACGCCCGTACCGG-1_V13B23-285_B1,1
TAGACTACCTAGCGTT-1_V13B23-285_B1,7
TAGAGATCATGCAACT-1_V13B23-285_B1,11
TAGAGCTACGAAGAAC-1_V13B23-285_B1,8
TAGAGGTTCTACTTGT-1_V13B23-285_B1,7
TAGAGTCTAAGCGAAC-1_V13B23-285_B1,4
TAGATATGGACTGGAA-1_V13B23-285_B1,6
TAGATCCGAAGTCGCA-1_V13B23-285_B1,8
TAGATGGTTCCTTACT-1_V13B23-285_B1,7
TAGATTCCTGGTTATT-1_V13B23-285_B1,6
TAGCAACCTGTCACAA-1_V13B23-285_B1,6
TAGCCATTTCAAAGTC-1_V13B23-285_B1,7
TAGCCGGCGGTCAGCG-1_V13B23-285_B1,1
TAGCGTCCCTCGATTG-1_V13B23-285_B1,7
TAGCGTCCGGTGTGGT-1_V13B23-285_B1,7
TAGCGTTGGGTCTTAC-1_V13B23-285_B1,7
TAGCTAAGTCCGGGAG-1_V13B23-285_B1,4
TAGCTAGAAGGCATGA-1_V13B23-285_B1,4
TAGCTAGTGATGATGG-1_V13B23-285_B1,6
TAGCTCGCCTGATAAC-1_V13B23-285_B1,6
TAGCTGATGTGAAGCG-1_V13B23-285_B1,11
TAGGCATGTTACGCCA-1_V13B23-285_B1,10
TAGGGAGCTTGGGATG-1_V13B23-285_B1,7
TAGGGTGTTTCAAGAG-1_V13B23-285_B1,4
TAGGTCCAAGTAAGGA-1_V13B23-285_B1,6
TAGGTCGCCGGAACTG-1_V13B23-285_B1,11
TAGGTGACGATAACCT-1_V13B23-285_B1,7
TAGGTGAGCCCTACTC-1_V13B23-285_B1,4
TAGGTGCTCGCCTAGC-1_V13B23-285_B1,7
TAGGTGTTCCACAGAT-1_V13B23-285_B1,6
TAGGTTCGAGTTCGTC-1_V13B23-285_B1,7
TAGTACCTTAGTGGTC-1_V13B23-285_B1,4
TAGTAGCTTATACCAG-1_V13B23-285_B1,6
TAGTCCGCAGAGAATG-1_V13B23-285_B1,4
TAGTCCGTATGCATAA-1_V13B23-285_B1,3
TAGTCGATCACGGGTT-1_V13B23-285_B1,7
TAGTCTAACAACGAGA-1_V13B23-285_B1,6
TAGTCTGTGACGTTGC-1_V13B23-285_B1,1
TAGTCTTTCCGAATTG-1_V13B23-285_B1,7
TAGTGCCCTCCAGAGT-1_V13B23-285_B1,4
TAGTGTCAGAAACGGC-1_V13B23-285_B1,4
TAGTTAAGATAGGATA-1_V13B23-285_B1,8
TAGTTTATTCTTGCTT-1_V13B23-285_B1,8
TATAAATCCACAAGCT-1_V13B23-285_B1,4
TATAAGTGAGGATAGC-1_V13B23-285_B1,4
TATACACAGACGCCTT-1_V13B23-285_B1,1
TATACACGCAAAGTAT-1_V13B23-285_B1,4
TATACCGAGTGCCACA-1_V13B23-285_B1,7
TATACGCGTCATCACT-1_V13B23-285_B1,6
TATACTCATGCGGCAA-1_V13B23-285_B1,4
TATAGATGGTCGCAGT-1_V13B23-285_B1,7
TATAGCGCACGTTATC-1_V13B23-285_B1,6
TATAGGGTACTCATGA-1_V13B23-285_B1,6
TATATATCGAGAAATG-1_V13B23-285_B1,6
TATATCCCTGGGAGGA-1_V13B23-285_B1,7
TATATGCTGGGTTGCC-1_V13B23-285_B1,6
TATATTACAAATGTCG-1_V13B23-285_B1,11
TATCACCATGTAAAGT-1_V13B23-285_B1,12
TATCACCCAACCGACC-1_V13B23-285_B1,11
TATCACTTCGAGTAAC-1_V13B23-285_B1,9
TATCCAATTGGTTATC-1_V13B23-285_B1,7
TATCCATATCATGCGA-1_V13B23-285_B1,4
TATCCATCTCGGTTAG-1_V13B23-285_B1,6
TATCCGCACCGTCGGG-1_V13B23-285_B1,6
TATCCTGCATGGGAAT-1_V13B23-285_B1,8
TATCGATCTATGCATA-1_V13B23-285_B1,1
TATCGATGATTAAACG-1_V13B23-285_B1,9
TATCTACAGAGGTAAT-1_V13B23-285_B1,6
TATCTACCACAGCGGG-1_V13B23-285_B1,4
TATCTAGCCTAAAGGA-1_V13B23-285_B1,6
TATCTTGCAATACAAC-1_V13B23-285_B1,6
TATGAAGACAGGTGCG-1_V13B23-285_B1,6
TATGATCCGGCACGCC-1_V13B23-285_B1,11
TATGATCTTCTCTTTA-1_V13B23-285_B1,7
TATGCTCCCTACTTAC-1_V13B23-285_B1,1
TATGGATGTGCTACGC-1_V13B23-285_B1,4
TATGGCCCGGCCTCGC-1_V13B23-285_B1,6
TATGGCTAGGCTAATT-1_V13B23-285_B1,11
TATGGGACCGAGCAGG-1_V13B23-285_B1,4
TATGGGTACGTATCGT-1_V13B23-285_B1,4
TATGGTCTGAGTAACA-1_V13B23-285_B1,4
TATGGTTAGTGGGAGA-1_V13B23-285_B1,7
TATGTAGAAACCCGGC-1_V13B23-285_B1,6
TATGTCAAGACCGACT-1_V13B23-285_B1,1
TATGTCTCATTGTGCC-1_V13B23-285_B1,1
TATTAACCTGACCGCG-1_V13B23-285_B1,6
TATTACCATCCTGCTT-1_V13B23-285_B1,7
TATTATGTTTGCCTGC-1_V13B23-285_B1,6
TATTCAATTCTAATCC-1_V13B23-285_B1,2
TATTCCACTCAGCTCG-1_V13B23-285_B1,6
TATTCCGAGCTGTTAT-1_V13B23-285_B1,7
TATTCCTCCGCCCACT-1_V13B23-285_B1,6
TATTCGTGCCAGAATA-1_V13B23-285_B1,7
TATTGACATTTCTGCC-1_V13B23-285_B1,7
TATTTAGTCTAGATCG-1_V13B23-285_B1,10
TATTTATACCGAGTAG-1_V13B23-285_B1,10
TATTTGATTTGCACAG-1_V13B23-285_B1,7
TATTTGTTACCCTTTA-1_V13B23-285_B1,4
TCAAACAACCGCGTCG-1_V13B23-285_B1,1
TCAAACTTAGATTGTT-1_V13B23-285_B1,4
TCAAATTTGAGACTCA-1_V13B23-285_B1,6
TCAACAAAGATAATTC-1_V13B23-285_B1,6
TCAACATAGCGCCCTA-1_V13B23-285_B1,6
TCAACATCGACCGAGA-1_V13B23-285_B1,11
TCAACCATGTTCGGGC-1_V13B23-285_B1,4
TCAACGAGGAGACAAA-1_V13B23-285_B1,4
TCAACGCAGGAAATAA-1_V13B23-285_B1,6
TCAACGCGACCGGCAG-1_V13B23-285_B1,6
TCAACTAACGTATAAC-1_V13B23-285_B1,6
TCAACTGCAGAGTCAG-1_V13B23-285_B1,7
TCAAGAAATACTAGCT-1_V13B23-285_B1,7
TCAAGCGCGGACGGTA-1_V13B23-285_B1,7
TCAAGCTGCCTTGAAA-1_V13B23-285_B1,11
TCAAGGTTACTACACC-1_V13B23-285_B1,7
TCACAAACCGAGGTAC-1_V13B23-285_B1,6
TCACAGATCCTCAAAC-1_V13B23-285_B1,8
TCACAGCAAACTCGAA-1_V13B23-285_B1,4
TCACAGGAGAATAAGA-1_V13B23-285_B1,6
TCACAGGGAATCGCAA-1_V13B23-285_B1,7
TCACAGGTTATTGGGC-1_V13B23-285_B1,4
TCACATCTTATCTGAT-1_V13B23-285_B1,6
TCACCCTCTTAAGATT-1_V13B23-285_B1,4
TCACCGCTCGGCACTC-1_V13B23-285_B1,11
TCACGATGTCCGTGGA-1_V13B23-285_B1,6
TCACGCATTGTAGATC-1_V13B23-285_B1,4
TCACGGTCATCGCACA-1_V13B23-285_B1,4
TCACGTGCCCGATTCA-1_V13B23-285_B1,4
TCACTACGACCAATGC-1_V13B23-285_B1,10
TCACTCGTGCAACGGC-1_V13B23-285_B1,11
TCACTCTTCGTCTGTC-1_V13B23-285_B1,6
TCAGAACCTCCACAGG-1_V13B23-285_B1,11
TCAGACGCTATAGAAG-1_V13B23-285_B1,7
TCAGAGTGTGAGCATG-1_V13B23-285_B1,7
TCAGCAAATGCATCTC-1_V13B23-285_B1,5
TCAGCAGTAGGCCCTG-1_V13B23-285_B1,6
TCAGGGCGCAAACTCG-1_V13B23-285_B1,6
TCAGGGTGTAACGTAA-1_V13B23-285_B1,1
TCAGGTTCTTTGAGAA-1_V13B23-285_B1,4
TCAGTACTGACCCGCG-1_V13B23-285_B1,6
TCAGTAGGGACTATAA-1_V13B23-285_B1,6
TCAGTGTATACGTCAT-1_V13B23-285_B1,6
TCATAAGTCCAAGAAG-1_V13B23-285_B1,7
TCATACTTACAGATCC-1_V13B23-285_B1,6
TCATCACTCGAGCTCG-1_V13B23-285_B1,4
TCATCCCAGAGGGTGG-1_V13B23-285_B1,8
TCATCGATGGTCCCAA-1_V13B23-285_B1,6
TCATGCAGGTTCTCAT-1_V13B23-285_B1,10
TCATTTAAGTCTCCGA-1_V13B23-285_B1,7
TCATTTAGAAGTGTGA-1_V13B23-285_B1,7
TCCAACTTTAAATTCT-1_V13B23-285_B1,6
TCCACAATGGTTTACG-1_V13B23-285_B1,4
TCCACCTCTAGCCTTT-1_V13B23-285_B1,6
TCCACTTTATCTAGGT-1_V13B23-285_B1,1
TCCAGAGCACCGGTTC-1_V13B23-285_B1,7
TCCAGATGTACGCCAA-1_V13B23-285_B1,11
TCCAGCGCTATAAGCG-1_V13B23-285_B1,7
TCCAGGCGAGTACGGT-1_V13B23-285_B1,4
TCCAGGGTATATACGA-1_V13B23-285_B1,6
TCCATTCCCACTAGAG-1_V13B23-285_B1,11
TCCATTGTGACCTCGT-1_V13B23-285_B1,8
TCCCAAACAGACAACG-1_V13B23-285_B1,11
TCCCAAAGACGAAGGA-1_V13B23-285_B1,4
TCCCAAAGCCCTAAAT-1_V13B23-285_B1,7
TCCCACTCTCTTCCGG-1_V13B23-285_B1,11
TCCCAGCACACGACAT-1_V13B23-285_B1,7
TCCCAGCTTTAGTCTG-1_V13B23-285_B1,4
TCCCAGGCTTAGCTAA-1_V13B23-285_B1,4
TCCCGCCTATGTGCGT-1_V13B23-285_B1,11
TCCCGCGTACTCCTGG-1_V13B23-285_B1,1
TCCCGGGTGTGCTGCT-1_V13B23-285_B1,4
TCCCGTCAGTCCCGCA-1_V13B23-285_B1,10
TCCCGTCGCGTCATAG-1_V13B23-285_B1,11
TCCCGTGTGCAATTTG-1_V13B23-285_B1,7
TCCCTAGATCAATAGG-1_V13B23-285_B1,11
TCCCTGGCGTATTAAC-1_V13B23-285_B1,6
TCCCTGGCTCGCTGGA-1_V13B23-285_B1,4
TCCCTTAGATTACTCG-1_V13B23-285_B1,3
TCCGAACGTTGCCGCT-1_V13B23-285_B1,7
TCCGAACTTGGCTTAC-1_V13B23-285_B1,6
TCCGAAGTAGTCACCA-1_V13B23-285_B1,11
TCCGAATGGTCCTGAG-1_V13B23-285_B1,11
TCCGATAATTGCCATA-1_V13B23-285_B1,10
TCCGATGACTGAGCTC-1_V13B23-285_B1,10
TCCGATGGTGCGACAT-1_V13B23-285_B1,4
TCCGATTACATTGCCG-1_V13B23-285_B1,4
TCCGCCTGTCTACAAG-1_V13B23-285_B1,7
TCCGCGGCAGCATCTG-1_V13B23-285_B1,2
TCCGCGGCCCAATGAA-1_V13B23-285_B1,7
TCCGCTGTCATCCCGG-1_V13B23-285_B1,7
TCCGCTTATCCCATTA-1_V13B23-285_B1,1
TCCGGAGGAAGGGCTG-1_V13B23-285_B1,11
TCCGGCCTAGCGTACA-1_V13B23-285_B1,11
TCCGGCTGTCGGGTCG-1_V13B23-285_B1,7
TCCGGTTCGTCCGGTC-1_V13B23-285_B1,7
TCCGTAACCACAATCC-1_V13B23-285_B1,4
TCCGTTAAGCTAATAT-1_V13B23-285_B1,7
TCCGTTTAGCCTTGAA-1_V13B23-285_B1,11
TCCTAAATTGGGAAGC-1_V13B23-285_B1,9
TCCTAACCGTCGGGCA-1_V13B23-285_B1,1
TCCTACATCCACGGCC-1_V13B23-285_B1,7
TCCTAGCAAAGAAGCT-1_V13B23-285_B1,6
TCCTATCATAGGTAAC-1_V13B23-285_B1,7
TCCTCCTAAGACATTC-1_V13B23-285_B1,6
TCCTCGGGCTGGGCTT-1_V13B23-285_B1,7
TCCTCTACGAGATGGC-1_V13B23-285_B1,6
TCCTCTCCAGTTGTCC-1_V13B23-285_B1,6
TCCTCTGGCCCATTAG-1_V13B23-285_B1,8
TCCTGCCAACTGGAGA-1_V13B23-285_B1,10
TCCTGCGTTGATACTC-1_V13B23-285_B1,4
TCCTGGCGCTGCCTGG-1_V13B23-285_B1,9
TCCTTACGACGGTCCG-1_V13B23-285_B1,7
TCCTTCAGTGGTCGAA-1_V13B23-285_B1,5
TCCTTTAAATCCGCTT-1_V13B23-285_B1,7
TCCTTTCTTACGCTTA-1_V13B23-285_B1,1
TCGAAATTTAGGACCA-1_V13B23-285_B1,4
TCGAAGAACCGAGCAC-1_V13B23-285_B1,7
TCGAATATCCCGCAGG-1_V13B23-285_B1,6
TCGACAACTGAACCCG-1_V13B23-285_B1,6
TCGAGACCAACACCGT-1_V13B23-285_B1,4
TCGAGCCAGGCAGGCC-1_V13B23-285_B1,6
TCGAGGGCAACAGACG-1_V13B23-285_B1,7
TCGCAAAGATGCATTT-1_V13B23-285_B1,7
TCGCACCAGGAGGCAG-1_V13B23-285_B1,7
TCGCATCCCTAAGTGT-1_V13B23-285_B1,4
TCGCCGAAGTTGCGTC-1_V13B23-285_B1,6
TCGCCGGTCGATCCGT-1_V13B23-285_B1,10
TCGCGTAGCAGTGTCC-1_V13B23-285_B1,7
TCGCGTCCAGAAGGTC-1_V13B23-285_B1,6
TCGCTAAACCGCTATC-1_V13B23-285_B1,10
TCGCTCGATATATTCC-1_V13B23-285_B1,1
TCGCTCGGCACCAGCG-1_V13B23-285_B1,11
TCGCTGGGCGGATTGT-1_V13B23-285_B1,1
TCGCTGTGCGTAAATC-1_V13B23-285_B1,4
TCGCTTAATTACGAAG-1_V13B23-285_B1,2
TCGCTTTAAACGTTTG-1_V13B23-285_B1,11
TCGGAATGCGCTCTGA-1_V13B23-285_B1,6
TCGGACGCCCAGCCCA-1_V13B23-285_B1,4
TCGGAGAGTATCGGGA-1_V13B23-285_B1,11
TCGGAGTACATGAGTA-1_V13B23-285_B1,5
TCGGCGAACCCAAACC-1_V13B23-285_B1,7
TCGGCGTACTGCACAA-1_V13B23-285_B1,6
TCGGCTTGTATCGACG-1_V13B23-285_B1,7
TCGGGAACGTGCCTAG-1_V13B23-285_B1,11
TCGGGAGACAGCGTAC-1_V13B23-285_B1,6
TCGGGATTCAAACATA-1_V13B23-285_B1,6
TCGGGCCGTCGTGGTA-1_V13B23-285_B1,7
TCGGTCCCGACAATAG-1_V13B23-285_B1,6
TCGGTCCCTGACTCCA-1_V13B23-285_B1,8
TCGGTGACCGCTCCGG-1_V13B23-285_B1,11
TCGTAAGACGACATTG-1_V13B23-285_B1,11
TCGTAAGCTCCGAGGA-1_V13B23-285_B1,9
TCGTATAGTGCAATTA-1_V13B23-285_B1,8
TCGTATTACCCATTGC-1_V13B23-285_B1,6
TCGTCAAGTACGCGCA-1_V13B23-285_B1,6
TCGTCACACTGTTAGC-1_V13B23-285_B1,6
TCGTCCGCTGGCGTCT-1_V13B23-285_B1,4
TCGTCTTAGGCGTTAA-1_V13B23-285_B1,7
TCGTGTACTATGGATG-1_V13B23-285_B1,7
TCGTGTATTGGTCACG-1_V13B23-285_B1,7
TCGTGTCACGCTGACA-1_V13B23-285_B1,11
TCGTGTTCGACCACAA-1_V13B23-285_B1,7
TCGTTAGGAGTCCCTA-1_V13B23-285_B1,4
TCGTTGCTATCCGGTC-1_V13B23-285_B1,4
TCTAATACTGCCTCAG-1_V13B23-285_B1,6
TCTACCCAATAGAGAG-1_V13B23-285_B1,7
TCTACCGTCCACAAGC-1_V13B23-285_B1,1
TCTACGGGCTCAGTTG-1_V13B23-285_B1,11
TCTAGCAATCTCCGCC-1_V13B23-285_B1,6
TCTAGCATCTTCGATG-1_V13B23-285_B1,4
TCTAGCATGCCCAGAA-1_V13B23-285_B1,1
TCTAGGTGGCGACGCT-1_V13B23-285_B1,11
TCTAGTGATATCGTGG-1_V13B23-285_B1,7
TCTAGTTATCAGAAGA-1_V13B23-285_B1,4
TCTATCATGCAGTTAC-1_V13B23-285_B1,4
TCTATCGGTCGCAACA-1_V13B23-285_B1,9
TCTATTACGCTGGCGA-1_V13B23-285_B1,4
TCTATTACTAGAGGAT-1_V13B23-285_B1,6
TCTCATGAGATAGGGT-1_V13B23-285_B1,7
TCTCCAACGTAGGTTA-1_V13B23-285_B1,10
TCTCCACAAGTTGAAT-1_V13B23-285_B1,6
TCTCCCTGGGCAGCGT-1_V13B23-285_B1,7
TCTCGAACGAGGTCAC-1_V13B23-285_B1,11
TCTCGACGTATCGCCG-1_V13B23-285_B1,7
TCTCGAGGAGGTTCGC-1_V13B23-285_B1,7
TCTCGGCTCCAGGACT-1_V13B23-285_B1,3
TCTCTAATAGCTGGTA-1_V13B23-285_B1,4
TCTCTCGCCGCACATA-1_V13B23-285_B1,7
TCTGAACCGGTCGGCT-1_V13B23-285_B1,4
TCTGAACTCGTACCCG-1_V13B23-285_B1,7
TCTGAAGCACGTGGTC-1_V13B23-285_B1,7
TCTGAATTCCGTACAA-1_V13B23-285_B1,7
TCTGACGGGCTAACCC-1_V13B23-285_B1,11
TCTGAGCAATTGACTG-1_V13B23-285_B1,7
TCTGATCGGGTGCTAG-1_V13B23-285_B1,11
TCTGATGTATTCTGTC-1_V13B23-285_B1,7
TCTGATTGGAAATGGA-1_V13B23-285_B1,7
TCTGCACCATTAGTAA-1_V13B23-285_B1,11
TCTGCATACCTTGCTT-1_V13B23-285_B1,7
TCTGCCAGAAACTGCA-1_V13B23-285_B1,7
TCTGCGAATCGTTCGC-1_V13B23-285_B1,11
TCTGCGTCCGGTTTCT-1_V13B23-285_B1,4
TCTGCTTAGAACAAGC-1_V13B23-285_B1,7
TCTGGAGCGTAAGAGT-1_V13B23-285_B1,11
TCTGGCCGTTCAAGTT-1_V13B23-285_B1,7
TCTGGGAACCTTTGAA-1_V13B23-285_B1,7
TCTGGGTAGCGCTCAT-1_V13B23-285_B1,6
TCTGTGCCATCATAGT-1_V13B23-285_B1,1
TCTGTTACCCAGCATA-1_V13B23-285_B1,6
TCTTACAGAGGTACCG-1_V13B23-285_B1,10
TCTTACCGGAACTCGT-1_V13B23-285_B1,4
TCTTACGGCATCCGAC-1_V13B23-285_B1,6
TCTTACTTATGCCTCT-1_V13B23-285_B1,7
TCTTAGAGCTCCAATT-1_V13B23-285_B1,7
TCTTAGAGTGAACTCT-1_V13B23-285_B1,7
TCTTCCCATGGGCACA-1_V13B23-285_B1,11
TCTTCGAATAGACGTT-1_V13B23-285_B1,7
TCTTCGATACCAATAA-1_V13B23-285_B1,7
TCTTCGCGGTGAGAGG-1_V13B23-285_B1,7
TCTTCTATAACCCGCC-1_V13B23-285_B1,7
TCTTGATGCGTAGCGA-1_V13B23-285_B1,7
TCTTGGTAACACCAAA-1_V13B23-285_B1,5
TCTTTAAGACTATGAA-1_V13B23-285_B1,7
TCTTTAGAGTCTAACA-1_V13B23-285_B1,7
TCTTTAGCAGGCGAAC-1_V13B23-285_B1,7
TCTTTCCTTCGAGATA-1_V13B23-285_B1,7
TGAAACTTATGCAAGC-1_V13B23-285_B1,8
TGAAAGGACCTGACTC-1_V13B23-285_B1,7
TGAATATGCTATAAAC-1_V13B23-285_B1,9
TGAATGAGATACAGCA-1_V13B23-285_B1,11
TGAATGTCAGCCGGCC-1_V13B23-285_B1,7
TGACAACGCATGTCGC-1_V13B23-285_B1,5
TGACACTTCTCTTTGC-1_V13B23-285_B1,9
TGACATCGAGCGGACC-1_V13B23-285_B1,7
TGACCCACGTTAGACA-1_V13B23-285_B1,4
TGACGAATATTTCCCT-1_V13B23-285_B1,11
TGACGATGCACTAGAA-1_V13B23-285_B1,7
TGACTATAATCCTTTC-1_V13B23-285_B1,7
TGAGAATGCTTTACCG-1_V13B23-285_B1,1
TGAGAGATTTACCACG-1_V13B23-285_B1,7
TGAGATTAGGCCCTAA-1_V13B23-285_B1,11
TGAGCCATACAGTCTC-1_V13B23-285_B1,6
TGAGCGGAAAGTGTTC-1_V13B23-285_B1,6
TGAGCTCAACTGTATA-1_V13B23-285_B1,7
TGAGCTTTAATGACGC-1_V13B23-285_B1,10
TGAGGAGTGCCAGCTT-1_V13B23-285_B1,6
TGAGTAAATTAGCGTA-1_V13B23-285_B1,4
TGAGTGCCTCTTAAAT-1_V13B23-285_B1,6
TGAGTGGTCCGTGACG-1_V13B23-285_B1,11
TGAGTTAAAGACATTC-1_V13B23-285_B1,7
TGATACATTTAGCCGT-1_V13B23-285_B1,6
TGATAGCGGGATTCTA-1_V13B23-285_B1,6
TGATCAGGGAACTGCT-1_V13B23-285_B1,11
TGATCCCAGCATTAGT-1_V13B23-285_B1,11
TGATCGGTTTGACCCT-1_V13B23-285_B1,4
TGATCTACGCTGATCT-1_V13B23-285_B1,11
TGATCTCCGGCGCCAG-1_V13B23-285_B1,4
TGATGGCTGTTTCTGA-1_V13B23-285_B1,11
TGATGTCAATTAAGTG-1_V13B23-285_B1,7
TGATTATGGCACGCAG-1_V13B23-285_B1,12
TGATTCGTCTATCACT-1_V13B23-285_B1,4
TGATTCTGTCGCCGGT-1_V13B23-285_B1,6
TGATTTATTAGCTGTG-1_V13B23-285_B1,4
TGATTTCCTCCTGACG-1_V13B23-285_B1,4
TGCAACCCATCTGCGG-1_V13B23-285_B1,6
TGCAAGAATGACGTAA-1_V13B23-285_B1,4
TGCAATCTAACACGGT-1_V13B23-285_B1,1
TGCAATTTGGGCACGG-1_V13B23-285_B1,11
TGCACAGTGAAGTTAT-1_V13B23-285_B1,11
TGCACTATGTGAGTGC-1_V13B23-285_B1,6
TGCAGAACTATATCGT-1_V13B23-285_B1,11
TGCAGAGTACCGAGCA-1_V13B23-285_B1,4
TGCAGATCGTCCTAGG-1_V13B23-285_B1,11
TGCAGCTACGTACTTC-1_V13B23-285_B1,11
TGCAGGATCGGCAAAG-1_V13B23-285_B1,1
TGCAGTGAGGCTCGGG-1_V13B23-285_B1,11
TGCAGTTTCCTCCCAT-1_V13B23-285_B1,7
TGCATATGTCTGTCAC-1_V13B23-285_B1,7
TGCATGGATCGGATCT-1_V13B23-285_B1,10
TGCATGTGGTAATCTA-1_V13B23-285_B1,1
TGCCAAAGTCAGACTT-1_V13B23-285_B1,11
TGCCAATGGGTACTCT-1_V13B23-285_B1,4
TGCCACCTGGCGAAAC-1_V13B23-285_B1,10
TGCCAGTACGTGGAGA-1_V13B23-285_B1,7
TGCCATTACTAAAGAA-1_V13B23-285_B1,10
TGCCCGTACCGTTAAA-1_V13B23-285_B1,7
TGCCGAAAGCGTATTC-1_V13B23-285_B1,11
TGCCGTGGATCGTCCT-1_V13B23-285_B1,6
TGCCTAAATTTAATAG-1_V13B23-285_B1,11
TGCCTAATTGAAGATT-1_V13B23-285_B1,7
TGCCTGACATCGGTCA-1_V13B23-285_B1,4
TGCCTGATCAAACGAT-1_V13B23-285_B1,10
TGCCTTGGCCAGGCAA-1_V13B23-285_B1,7
TGCGAATATGGGATTT-1_V13B23-285_B1,11
TGCGACACCCTAGTGC-1_V13B23-285_B1,6
TGCGACGGCCGAACGT-1_V13B23-285_B1,6
TGCGAGAATATTACCC-1_V13B23-285_B1,6
TGCGAGATGGCGGCCA-1_V13B23-285_B1,2
TGCGAGCCCTTCCGCG-1_V13B23-285_B1,11
TGCGATGCTAATGGCT-1_V13B23-285_B1,6
TGCGCAAAGCATTTGG-1_V13B23-285_B1,4
TGCGCCGTTAATAACG-1_V13B23-285_B1,5
TGCGCGATTAACGGAG-1_V13B23-285_B1,4
TGCGGAGTAAAGGTGC-1_V13B23-285_B1,10
TGCGGCATAGTTCAAC-1_V13B23-285_B1,8
TGCGGTGAAATTTCAT-1_V13B23-285_B1,8
TGCGTAAGAACCTGAT-1_V13B23-285_B1,6
TGCGTCATGACTGAGC-1_V13B23-285_B1,6
TGCGTGATTGGGTGTC-1_V13B23-285_B1,8
TGCGTTTGTTGACACT-1_V13B23-285_B1,7
TGCTAAGTGTCTATTT-1_V13B23-285_B1,7
TGCTCCACAGTTCTTA-1_V13B23-285_B1,7
TGCTCGGCGAAACCCA-1_V13B23-285_B1,6
TGCTCTGCCGGTTCAC-1_V13B23-285_B1,11
TGCTGGTTGGACAATT-1_V13B23-285_B1,4
TGCTGTTGAAGAACTC-1_V13B23-285_B1,4
TGCTTCCCAAGCAGTA-1_V13B23-285_B1,9
TGGAACCACTGACACA-1_V13B23-285_B1,2
TGGAAGAAGGGAACGT-1_V13B23-285_B1,4
TGGAAGACGAACACCA-1_V13B23-285_B1,8
TGGAAGGATAAAGATG-1_V13B23-285_B1,10
TGGAATATCCTTGACC-1_V13B23-285_B1,11
TGGAATTAGACGCTTT-1_V13B23-285_B1,6
TGGACACCGTTGCTTG-1_V13B23-285_B1,6
TGGACCAATCTAAGAT-1_V13B23-285_B1,7
TGGACGCAATCCAGCC-1_V13B23-285_B1,6
TGGACTGTTCGCTCAA-1_V13B23-285_B1,7
TGGAGGGAAACACCTC-1_V13B23-285_B1,11
TGGAGTGATGCGATGA-1_V13B23-285_B1,4
TGGCAAACTAAATTAC-1_V13B23-285_B1,7
TGGCAACTCGCGCGCC-1_V13B23-285_B1,9
TGGCAATGGGACGGCG-1_V13B23-285_B1,7
TGGCAGATTACGATCA-1_V13B23-285_B1,4
TGGCAGCAGTAATAGT-1_V13B23-285_B1,4
TGGCATGAAGTTTGGG-1_V13B23-285_B1,6
TGGCCAAACTGAAGTA-1_V13B23-285_B1,11
TGGCCAATTTGGTACT-1_V13B23-285_B1,6
TGGCCGTATATTGACC-1_V13B23-285_B1,4
TGGCGACTGCTCCAAA-1_V13B23-285_B1,4
TGGCGATCAAGTTATG-1_V13B23-285_B1,3
TGGCTATGTGACATAC-1_V13B23-285_B1,7
TGGCTTGTACAAGCTT-1_V13B23-285_B1,11
TGGCTTTGGGTAGACA-1_V13B23-285_B1,4
TGGGAAATGCCTTTCC-1_V13B23-285_B1,6
TGGGATGCACTCATTC-1_V13B23-285_B1,11
TGGGCAATAGTTGGGT-1_V13B23-285_B1,7
TGGGCACGTTCTATGG-1_V13B23-285_B1,10
TGGGCAGGCCACCGCA-1_V13B23-285_B1,7
TGGGCCCATACTAATT-1_V13B23-285_B1,5
TGGGCCTTGCCTGCAT-1_V13B23-285_B1,1
TGGGTAAGGTTCCCGC-1_V13B23-285_B1,5
TGGGTGGGATGTCATT-1_V13B23-285_B1,8
TGGTAGAATATATGGG-1_V13B23-285_B1,7
TGGTCCCACGCTACGG-1_V13B23-285_B1,7
TGGTCGTGCAAGGCAA-1_V13B23-285_B1,11
TGGTCTGTTGGGCGTA-1_V13B23-285_B1,4
TGGTGATCGTATTTGT-1_V13B23-285_B1,6
TGGTTAACTTACATTT-1_V13B23-285_B1,6
TGGTTAAGGGCGCTGG-1_V13B23-285_B1,11
TGGTTCAACGGGTAAT-1_V13B23-285_B1,7
TGGTTCGTAGCAAAGG-1_V13B23-285_B1,4
TGGTTGGAGGATCCTG-1_V13B23-285_B1,12
TGGTTTAAACGTGGGT-1_V13B23-285_B1,11
TGTAATGACCACAATA-1_V13B23-285_B1,11
TGTACCTACACGAGGG-1_V13B23-285_B1,7
TGTACGAACAAATCCG-1_V13B23-285_B1,9
TGTACTACTCTCACGG-1_V13B23-285_B1,11
TGTAGCCATCCCATTC-1_V13B23-285_B1,7
TGTAGGAGAAATTTCC-1_V13B23-285_B1,7
TGTAGTGATCTATAAT-1_V13B23-285_B1,4
TGTATAACAGATCCTG-1_V13B23-285_B1,1
TGTATACGGATGATGA-1_V13B23-285_B1,11
TGTATCAGACTGAAGC-1_V13B23-285_B1,8
TGTATGGCGCAGACAG-1_V13B23-285_B1,7
TGTATTTACCTAATGC-1_V13B23-285_B1,12
TGTCATTTGTTGGGAA-1_V13B23-285_B1,11
TGTCCGTGGCGCCTTT-1_V13B23-285_B1,6
TGTCCTAAGTCACCGC-1_V13B23-285_B1,4
TGTCGTTATCACATAT-1_V13B23-285_B1,6
TGTGACTACGCCAGTC-1_V13B23-285_B1,10
TGTGAGACTAGCCCAA-1_V13B23-285_B1,6
TGTGCCGGTGCCGGAA-1_V13B23-285_B1,7
TGTGCTTTACGTAAGA-1_V13B23-285_B1,11
TGTGGACTATCTACGT-1_V13B23-285_B1,7
TGTGGCAAAGCGTATG-1_V13B23-285_B1,11
TGTGGCTCCCACCAAC-1_V13B23-285_B1,5
TGTGGTAGGGTGCCTT-1_V13B23-285_B1,7
TGTGTAGTAGCACGTG-1_V13B23-285_B1,7
TGTGTCGCGAGTTGCA-1_V13B23-285_B1,4
TGTGTTCGTATCCAAG-1_V13B23-285_B1,6
TGTTATTGTATGTGGC-1_V13B23-285_B1,7
TGTTCATAAATGTGCT-1_V13B23-285_B1,6
TGTTCCGCTTCCATGA-1_V13B23-285_B1,4
TGTTCGTATTGCGGTG-1_V13B23-285_B1,4
TGTTCTCTACTCCCTA-1_V13B23-285_B1,2
TGTTCTTCCATTGACT-1_V13B23-285_B1,4
TGTTGCCGTCGTCCCA-1_V13B23-285_B1,7
TGTTGTCAAGAAGTCT-1_V13B23-285_B1,10
TGTTTAATACTTCATC-1_V13B23-285_B1,8
TGTTTCGGTACTTCTC-1_V13B23-285_B1,12
TGTTTGAGATCGTCAG-1_V13B23-285_B1,7
TTAAACCTGGTTCCTT-1_V13B23-285_B1,6
TTAAACTCGAATTCAT-1_V13B23-285_B1,9
TTAACACCTCGAACAT-1_V13B23-285_B1,6
TTAACCAACCCTCCCT-1_V13B23-285_B1,1
TTAACGAACAAGCAGT-1_V13B23-285_B1,11
TTAACTCACGCGTGGA-1_V13B23-285_B1,6
TTAACTTCAGGTAGGA-1_V13B23-285_B1,6
TTAAGATAGGATTGAC-1_V13B23-285_B1,7
TTAAGCCGACAACTTC-1_V13B23-285_B1,5
TTAAGCGCCTGACCCA-1_V13B23-285_B1,4
TTAAGGCCCGTACTTT-1_V13B23-285_B1,6
TTAATCAGTACGTCAG-1_V13B23-285_B1,10
TTAATGTAGACCAGGT-1_V13B23-285_B1,1
TTAATTGCTTTGGGTG-1_V13B23-285_B1,7
TTAATTTCAGACGCGG-1_V13B23-285_B1,10
TTACAACTACGCATCC-1_V13B23-285_B1,4
TTACACGATCTGCGAC-1_V13B23-285_B1,7
TTACAGACCTAAATGA-1_V13B23-285_B1,11
TTACATCGTGGCCTGG-1_V13B23-285_B1,4
TTACATGCCACAACTA-1_V13B23-285_B1,7
TTACCATTGATTACCC-1_V13B23-285_B1,4
TTACCCATTGCCGGGT-1_V13B23-285_B1,10
TTACCCTAACAGTCCT-1_V13B23-285_B1,6
TTACCCTAGGGATTGG-1_V13B23-285_B1,6
TTACCGCCTTAGGGAA-1_V13B23-285_B1,8
TTACGGATGGTTCGAG-1_V13B23-285_B1,7
TTACTAAAGGACTTTA-1_V13B23-285_B1,7
TTACTATCGGCTTCTC-1_V13B23-285_B1,6
TTACTCCGGCCGGGAA-1_V13B23-285_B1,2
TTACTCTGGTACGTAC-1_V13B23-285_B1,6
TTACTGGGATATTTCA-1_V13B23-285_B1,6
TTACTGTCTAGAGCTC-1_V13B23-285_B1,11
TTAGAAGAACATGACT-1_V13B23-285_B1,1
TTAGAATAAGGGTCGG-1_V13B23-285_B1,6
TTAGACACGATCGTTG-1_V13B23-285_B1,10
TTAGACGAGTCACCTC-1_V13B23-285_B1,7
TTAGAGTTTAGAAGGA-1_V13B23-285_B1,7
TTAGATAGGTCGATAC-1_V13B23-285_B1,9
TTAGCAACATGGATGT-1_V13B23-285_B1,4
TTAGCTAATACGATCT-1_V13B23-285_B1,11
TTAGCTCTGTAATCCG-1_V13B23-285_B1,6
TTAGCTGATTTGCCGT-1_V13B23-285_B1,7
TTAGGATGGGAGGGTA-1_V13B23-285_B1,7
TTAGGTCATAACCGAC-1_V13B23-285_B1,6
TTAGTAAACCTGCTCT-1_V13B23-285_B1,3
TTAGTAGGGCGGCGGG-1_V13B23-285_B1,4
TTAGTTATTCGTGGCA-1_V13B23-285_B1,7
TTAGTTCAAGTGTTCG-1_V13B23-285_B1,11
TTATAGGTAATTGTCT-1_V13B23-285_B1,6
TTATATACGCTGTCAC-1_V13B23-285_B1,7
TTATATTTGGCAATCC-1_V13B23-285_B1,1
TTATCCAATCGAACTC-1_V13B23-285_B1,3
TTATCCGGGATCTATA-1_V13B23-285_B1,7
TTATCCTCAAGGAATA-1_V13B23-285_B1,6
TTATCGCCTGCGAAGC-1_V13B23-285_B1,6
TTATCTGTATCATAAC-1_V13B23-285_B1,4
TTATGAATGAAAGGGA-1_V13B23-285_B1,9
TTATGACAAACTGGAT-1_V13B23-285_B1,6
TTATGATCTTAACGAA-1_V13B23-285_B1,7
TTATGTTTGCGATAGA-1_V13B23-285_B1,6
TTATTAGAGCGTGTTC-1_V13B23-285_B1,7
TTATTAGGGAAGCATC-1_V13B23-285_B1,2
TTATTATCTGGAAGGC-1_V13B23-285_B1,7
TTCAAAGTCTCTAGCC-1_V13B23-285_B1,1
TTCAACGACCCGACCG-1_V13B23-285_B1,4
TTCAAGCCGAGCTGAG-1_V13B23-285_B1,5
TTCAATACTCTGAATC-1_V13B23-285_B1,7
TTCACGAAAGGATCAC-1_V13B23-285_B1,4
TTCACTCGAGCACCTA-1_V13B23-285_B1,1
TTCAGCCCTGGTCCAC-1_V13B23-285_B1,7
TTCAGCTGGCGTGCCC-1_V13B23-285_B1,7
TTCAGGCGTCAAAGCC-1_V13B23-285_B1,6
TTCAGTTTGTGGCAGC-1_V13B23-285_B1,6
TTCATGGCGCAACAGG-1_V13B23-285_B1,10
TTCCAATCAGAGCTAG-1_V13B23-285_B1,11
TTCCAATCTGGCTATC-1_V13B23-285_B1,6
TTCCACACAGATTTGA-1_V13B23-285_B1,6
TTCCAGACGAGATTTA-1_V13B23-285_B1,7
TTCCATCATGCGGTGA-1_V13B23-285_B1,12
TTCCATCGACAGCGTG-1_V13B23-285_B1,7
TTCCCGGCGCCAATAG-1_V13B23-285_B1,11
TTCCGCAGAGAAATAT-1_V13B23-285_B1,4
TTCCGCGTGAGGCGAT-1_V13B23-285_B1,6
TTCCGGCCTTGAGGCT-1_V13B23-285_B1,1
TTCCGGCTCGACTTCT-1_V13B23-285_B1,12
TTCCGGTATCTGTGTC-1_V13B23-285_B1,7
TTCCGGTTACCCACTT-1_V13B23-285_B1,7
TTCCTCGAGGGTGTCT-1_V13B23-285_B1,4
TTCCTCGGACTAACCA-1_V13B23-285_B1,7
TTCCTCTGCCCGAATA-1_V13B23-285_B1,6
TTCCTTTCTGTGTTGC-1_V13B23-285_B1,10
TTCGACAGAGCCCGTG-1_V13B23-285_B1,1
TTCGACGGGAAGGGCG-1_V13B23-285_B1,4
TTCGCACTCGCGTGCT-1_V13B23-285_B1,4
TTCGCACTGTACGACA-1_V13B23-285_B1,6
TTCGCATCCGGAAGCA-1_V13B23-285_B1,8
TTCGCGCGCCATACGA-1_V13B23-285_B1,6
TTCGCTAGGAAGTTGT-1_V13B23-285_B1,7
TTCGCTATCTGACGTG-1_V13B23-285_B1,4
TTCGGCAACCCGCTGA-1_V13B23-285_B1,10
TTCGGCTAGAGATGGT-1_V13B23-285_B1,4
TTCGGGACTAATCGCG-1_V13B23-285_B1,7
TTCGGGCGCTAGTCTT-1_V13B23-285_B1,6
TTCGGGTTGCCACGGG-1_V13B23-285_B1,7
TTCGGTGGAGACGCCC-1_V13B23-285_B1,7
TTCGTAATCCCAGCGG-1_V13B23-285_B1,8
TTCGTACTCCAGAACG-1_V13B23-285_B1,6
TTCGTTCAACGAAGTT-1_V13B23-285_B1,11
TTCTAACCGAAGCTTA-1_V13B23-285_B1,7
TTCTACTTGCGAGGGC-1_V13B23-285_B1,4
TTCTAGAAAGTCTTAT-1_V13B23-285_B1,6
TTCTAGGCCAATTGTG-1_V13B23-285_B1,4
TTCTATGCCTTTCGCA-1_V13B23-285_B1,11
TTCTGACCGGGCTCAA-1_V13B23-285_B1,7
TTCTGCCGCGCCTAGA-1_V13B23-285_B1,7
TTCTGCGAGCGCCCTT-1_V13B23-285_B1,6
TTCTGCGGGTTAGCGG-1_V13B23-285_B1,7
TTCTGCTAGACTCCAA-1_V13B23-285_B1,11
TTCTGTTTCCTGTCGC-1_V13B23-285_B1,6
TTCTTAGTGAACGGTG-1_V13B23-285_B1,4
TTCTTAGTGGCTCAGA-1_V13B23-285_B1,2
TTCTTATCCGCTGGGT-1_V13B23-285_B1,7
TTCTTGAGCCGCGCTA-1_V13B23-285_B1,6
TTCTTGCTAGCATCTC-1_V13B23-285_B1,7
TTCTTGGACGATCTGC-1_V13B23-285_B1,6
TTCTTGGAGTAATGAG-1_V13B23-285_B1,10
TTCTTGTAACCTAATG-1_V13B23-285_B1,4
TTCTTGTGTCCATCAG-1_V13B23-285_B1,6
TTCTTTGGTCGCGACG-1_V13B23-285_B1,1
TTGAAAGGTGTAAAGG-1_V13B23-285_B1,11
TTGAACGAATCCTTTG-1_V13B23-285_B1,4
TTGAACGACGTGCTGA-1_V13B23-285_B1,6
TTGAAGAATTCCCAGG-1_V13B23-285_B1,4
TTGAATATGGACTTTC-1_V13B23-285_B1,2
TTGAATTCACGTGAGG-1_V13B23-285_B1,5
TTGACAGGAGCTCCCG-1_V13B23-285_B1,7
TTGACATGAACGTGGA-1_V13B23-285_B1,6
TTGACCATGTTCTCCG-1_V13B23-285_B1,11
TTGACCGTGTTAATGA-1_V13B23-285_B1,6
TTGACGCTCCATGAGC-1_V13B23-285_B1,7
TTGACTACCATATGGT-1_V13B23-285_B1,6
TTGACTATTGTCCGGC-1_V13B23-285_B1,7
TTGAGAAGTTTAGCAT-1_V13B23-285_B1,7
TTGAGAGTACTGCTAA-1_V13B23-285_B1,6
TTGAGCAGCCCACGGT-1_V13B23-285_B1,1
TTGAGCGCCACGTGAT-1_V13B23-285_B1,7
TTGAGTCCCGCTGCTG-1_V13B23-285_B1,7
TTGATAGTCAATACAT-1_V13B23-285_B1,11
TTGATCTAACTTTGTC-1_V13B23-285_B1,4
TTGATGTGTAGTCCCG-1_V13B23-285_B1,11
TTGATTAGCTGTTTCT-1_V13B23-285_B1,6
TTGATTATGCAGATGA-1_V13B23-285_B1,6
TTGCACAATTCAGAAA-1_V13B23-285_B1,4
TTGCACGGAGCAGCAC-1_V13B23-285_B1,10
TTGCATGCTGATCACG-1_V13B23-285_B1,6
TTGCCAAGCAGAACCC-1_V13B23-285_B1,3
TTGCCATAGCCCGCTC-1_V13B23-285_B1,6
TTGCCCTGATCACGGG-1_V13B23-285_B1,6
TTGCCGCTTTCTAGTA-1_V13B23-285_B1,7
TTGCCGGTGATCCCTC-1_V13B23-285_B1,11
TTGCGGCATCAGAAAG-1_V13B23-285_B1,4
TTGCGTAGTTTGAGGA-1_V13B23-285_B1,6
TTGCGTCGGCCAACCG-1_V13B23-285_B1,6
TTGCGTGAACGCTTAG-1_V13B23-285_B1,11
TTGCTCCCATACCGGA-1_V13B23-285_B1,10
TTGCTGAAGGAACCAC-1_V13B23-285_B1,10
TTGCTGATCATGTTCG-1_V13B23-285_B1,4
TTGCTGCACCTATCCA-1_V13B23-285_B1,6
TTGCTGGCCGGGCTTC-1_V13B23-285_B1,8
TTGGAAGAATACAGTC-1_V13B23-285_B1,6
TTGGACATGTGGCTTA-1_V13B23-285_B1,6
TTGGACCATCTGGCAA-1_V13B23-285_B1,7
TTGGACCTATAACAGT-1_V13B23-285_B1,7
TTGGATATCGTCTACG-1_V13B23-285_B1,6
TTGGATTGGGTACCAC-1_V13B23-285_B1,12
TTGGCCATCTTGCGCT-1_V13B23-285_B1,4
TTGGCCTAGAATTTCG-1_V13B23-285_B1,10
TTGGCGATCCGAATAT-1_V13B23-285_B1,7
TTGGCTCGCATGAGAC-1_V13B23-285_B1,4
TTGGGACACTGCCCGC-1_V13B23-285_B1,1
TTGGGACGTAAGAGTT-1_V13B23-285_B1,7
TTGGGCGGCGGTTGCC-1_V13B23-285_B1,1
TTGGGTTTATTCAGCG-1_V13B23-285_B1,9
TTGGTATGGCTTGTGT-1_V13B23-285_B1,11
TTGGTCACACTCGTAA-1_V13B23-285_B1,6
TTGGTTCGCTCAAAGG-1_V13B23-285_B1,5
TTGGTTGCGGTGCGCG-1_V13B23-285_B1,6
TTGTAAGGACCTAAGT-1_V13B23-285_B1,6
TTGTAAGGCCAGTTGG-1_V13B23-285_B1,11
TTGTAATCCGTACTCG-1_V13B23-285_B1,4
TTGTATCACACAGAAT-1_V13B23-285_B1,8
TTGTCGTTCAGTTACC-1_V13B23-285_B1,4
TTGTGAACCTAATCCG-1_V13B23-285_B1,7
TTGTGAGGCATGACGC-1_V13B23-285_B1,11
TTGTGCAGCCACGTCA-1_V13B23-285_B1,7
TTGTGGCCCTGACAGT-1_V13B23-285_B1,2
TTGTGGTAGGAGGGAT-1_V13B23-285_B1,6
TTGTGGTATAGGTATG-1_V13B23-285_B1,11
TTGTGTATGCCACCAA-1_V13B23-285_B1,6
TTGTGTTTCCCGAAAG-1_V13B23-285_B1,6
TTGTTAGCAAATTCGA-1_V13B23-285_B1,4
TTGTTCAGTGTGCTAC-1_V13B23-285_B1,1
TTGTTGTGTGTCAAGA-1_V13B23-285_B1,5
TTGTTTCACATCCAGG-1_V13B23-285_B1,6
TTGTTTCATTAGTCTA-1_V13B23-285_B1,6
TTGTTTCCATACAACT-1_V13B23-285_B1,6
AAACAAGTATCTCCCA-1_V13B23-285_C1,7
AAACACCAATAACTGC-1_V13B23-285_C1,6
AAACAGAGCGACTCCT-1_V13B23-285_C1,11
AAACAGCTTTCAGAAG-1_V13B23-285_C1,11
AAACAGGGTCTATATT-1_V13B23-285_C1,4
AAACATTTCCCGGATT-1_V13B23-285_C1,7
AAACCCGAACGAAATC-1_V13B23-285_C1,7
AAACCGGAAATGTTAA-1_V13B23-285_C1,7
AAACCGGGTAGGTACC-1_V13B23-285_C1,6
AAACCGTTCGTCCAGG-1_V13B23-285_C1,6
AAACCTCATGAAGTTG-1_V13B23-285_C1,11
AAACGAGACGGTTGAT-1_V13B23-285_C1,1
AAACGTGTTCGCCCTA-1_V13B23-285_C1,2
AAACTCGTGATATAAG-1_V13B23-285_C1,11
AAACTGCTGGCTCCAA-1_V13B23-285_C1,7
AAACTTGCAAACGTAT-1_V13B23-285_C1,11
AAAGACTGGGCGCTTT-1_V13B23-285_C1,4
AAAGCTTGCCTACATA-1_V13B23-285_C1,11
AAAGGCTACGGACCAT-1_V13B23-285_C1,4
AAAGGCTCTCGCGCCG-1_V13B23-285_C1,6
AAAGGGATGTAGCAAG-1_V13B23-285_C1,9
AAAGGGCAGCTTGAAT-1_V13B23-285_C1,4
AAAGGTAAGCTGTACC-1_V13B23-285_C1,2
AAAGTAGCATTGCTCA-1_V13B23-285_C1,6
AAAGTCACTGATGTAA-1_V13B23-285_C1,8
AAAGTCGACCCTCAGT-1_V13B23-285_C1,11
AAAGTGCCATCAATTA-1_V13B23-285_C1,7
AAAGTGTGATTTATCT-1_V13B23-285_C1,7
AAAGTTGACTCCCGTA-1_V13B23-285_C1,7
AAATAACCATACGGGA-1_V13B23-285_C1,11
AAATAAGGTAGTGCCC-1_V13B23-285_C1,11
AAATACCTATAAGCAT-1_V13B23-285_C1,7
AAATAGCTTAGACTTT-1_V13B23-285_C1,7
AAATAGGGTGCTATTG-1_V13B23-285_C1,7
AAATCGTGTACCACAA-1_V13B23-285_C1,4
AAATCTAGCCCTGCTA-1_V13B23-285_C1,7
AAATGATTCGATCAGC-1_V13B23-285_C1,11
AAATGCTCGTTACGTT-1_V13B23-285_C1,4
AAATGGCATGTCTTGT-1_V13B23-285_C1,10
AAATGGCCCGTGCCCT-1_V13B23-285_C1,6
AAATGGTCAATGTGCC-1_V13B23-285_C1,4
AAATTAACGGGTAGCT-1_V13B23-285_C1,5
AAATTACACGACTCTG-1_V13B23-285_C1,11
AAATTACCTATCGATG-1_V13B23-285_C1,11
AAATTCCAGGTCCAAA-1_V13B23-285_C1,1
AAATTGATAGTCCTTT-1_V13B23-285_C1,6
AAATTGGTGAGAAGCA-1_V13B23-285_C1,2
AAATTTGCGGGTGTGG-1_V13B23-285_C1,6
AACAACTGGTAGTTGC-1_V13B23-285_C1,4
AACAATACATTGTCGA-1_V13B23-285_C1,9
AACAATTACTCTACGC-1_V13B23-285_C1,4
AACACACGCTCGCCGC-1_V13B23-285_C1,7
AACACGACTGTACTGA-1_V13B23-285_C1,8
AACACGAGACGCGGCC-1_V13B23-285_C1,11
AACAGCTGTGTGGCAA-1_V13B23-285_C1,6
AACAGGAAATCGAATA-1_V13B23-285_C1,10
AACAGGATGGGCCGCG-1_V13B23-285_C1,3
AACAGGTAGTATGGAT-1_V13B23-285_C1,7
AACATATCAACTGGTG-1_V13B23-285_C1,11
AACATCGATACGTCTA-1_V13B23-285_C1,11
AACCAAGACTTCTCTG-1_V13B23-285_C1,6
AACCATGGGATCGCTA-1_V13B23-285_C1,12
AACCCAGAGACGGAGA-1_V13B23-285_C1,10
AACCCATCCCATGATC-1_V13B23-285_C1,4
AACCCGAGCAGAATCG-1_V13B23-285_C1,7
AACCCTACTGTCAATA-1_V13B23-285_C1,7
AACCCTGGTGGAACCA-1_V13B23-285_C1,8
AACCGAGCTTGGTCAT-1_V13B23-285_C1,1
AACCGCTAAGGGATGC-1_V13B23-285_C1,7
AACCGTTGTGTTTGCT-1_V13B23-285_C1,5
AACCTCGCTTTAGCCC-1_V13B23-285_C1,7
AACCTGTCACGGAATT-1_V13B23-285_C1,1
AACCTTTAAATACGGT-1_V13B23-285_C1,7
AACCTTTACGACGTCT-1_V13B23-285_C1,11
AACGATAATGCCGTAG-1_V13B23-285_C1,7
AACGATATGTCAACTG-1_V13B23-285_C1,1
AACGCATGATCTGGGT-1_V13B23-285_C1,11
AACGCGGTCTCCAGCC-1_V13B23-285_C1,1
AACGCTGTTGCTGAAA-1_V13B23-285_C1,7
AACGGACGTACGTATA-1_V13B23-285_C1,7
AACGGCCATCTCCGGT-1_V13B23-285_C1,6
AACGTACTGTGGGTAC-1_V13B23-285_C1,6
AACGTCAGACTAGTGG-1_V13B23-285_C1,3
AACGTGATGAAGGACA-1_V13B23-285_C1,12
AACGTGCGAAAGTCTC-1_V13B23-285_C1,1
AACGTTATCAGCACCT-1_V13B23-285_C1,4
AACTACCCGTTTGTCA-1_V13B23-285_C1,7
AACTAGGCTTGGGTGT-1_V13B23-285_C1,1
AACTCAAGTTAATTGC-1_V13B23-285_C1,6
AACTCCAGAGCGTGTT-1_V13B23-285_C1,7
AACTCCTAATCCCATG-1_V13B23-285_C1,3
AACTCTCAATAGAGCG-1_V13B23-285_C1,7
AACTCTCAGTGTGCTC-1_V13B23-285_C1,6
AACTGAGTTATACTGA-1_V13B23-285_C1,7
AACTGATATTAGGCCT-1_V13B23-285_C1,10
AACTGGGTCCCGACGT-1_V13B23-285_C1,10
AACTTCTGCGTCTATC-1_V13B23-285_C1,4
AACTTGCCCGTATGCA-1_V13B23-285_C1,4
AACTTGCGTTCTCGCG-1_V13B23-285_C1,9
AACTTTACGGGAGCTT-1_V13B23-285_C1,6
AACTTTCTCGATCATG-1_V13B23-285_C1,11
AAGAAATCACCAGATT-1_V13B23-285_C1,2
AAGAAGGATCAGTTAG-1_V13B23-285_C1,4
AAGACCCAACTGAACA-1_V13B23-285_C1,6
AAGACTGCAAGCTACT-1_V13B23-285_C1,1
AAGAGATGAATCGGTA-1_V13B23-285_C1,4
AAGAGCTCTTTATCGG-1_V13B23-285_C1,9
AAGAGGATGTACGCGA-1_V13B23-285_C1,6
AAGAGGCATGGATCGC-1_V13B23-285_C1,7
AAGAGGCCCTTTGGAA-1_V13B23-285_C1,7
AAGATGGCACCGGACC-1_V13B23-285_C1,6
AAGATTGGCGGAACGT-1_V13B23-285_C1,11
AAGCACCCTGCGTATC-1_V13B23-285_C1,7
AAGCATACTCTCCTGA-1_V13B23-285_C1,7
AAGCCGAAGCGGTTTA-1_V13B23-285_C1,7
AAGCCGCTTTACCTTG-1_V13B23-285_C1,2
AAGCCGGAGAGCAGGA-1_V13B23-285_C1,7
AAGCGGCGTCATGGGT-1_V13B23-285_C1,2
AAGCGTCCCTCATCGA-1_V13B23-285_C1,6
AAGCTAGATCGAGTAA-1_V13B23-285_C1,7
AAGCTCGTGCCAAGTC-1_V13B23-285_C1,1
AAGCTCTTTCATGGTG-1_V13B23-285_C1,7
AAGGAGCGGTTGGTGC-1_V13B23-285_C1,4
AAGGATCGATCGCTTG-1_V13B23-285_C1,7
AAGGATGAGGGACCTC-1_V13B23-285_C1,11
AAGGCAGGCTGTCTCC-1_V13B23-285_C1,7
AAGGCGCGTAAAGCTT-1_V13B23-285_C1,4
AAGGCTGTGCTCATCG-1_V13B23-285_C1,4
AAGGGACAGATTCTGT-1_V13B23-285_C1,11
AAGGGACTATGCATTC-1_V13B23-285_C1,6
AAGGTATCCTAATATA-1_V13B23-285_C1,6
AAGGTGATAAACCAGC-1_V13B23-285_C1,7
AAGTAGAAGACCGGGT-1_V13B23-285_C1,3
AAGTAGTGACGCGAGG-1_V13B23-285_C1,4
AAGTCAATTGTCGTCA-1_V13B23-285_C1,7
AAGTCTAGTAGCTGCC-1_V13B23-285_C1,2
AAGTGACGACCGAATT-1_V13B23-285_C1,11
AAGTGAGTCGGGTTTA-1_V13B23-285_C1,6
AAGTGCAAAGGTAGAC-1_V13B23-285_C1,4
AAGTGCCTTGACTGTA-1_V13B23-285_C1,7
AAGTGCGTTAGAATCT-1_V13B23-285_C1,6
AAGTGTTTGGAGACGG-1_V13B23-285_C1,7
AAGTTCACTCCAAGCT-1_V13B23-285_C1,7
AAGTTCAGTCTGCGTA-1_V13B23-285_C1,11
AAGTTCGGCCAACAGG-1_V13B23-285_C1,6
AATAACAACGCTCGGC-1_V13B23-285_C1,4
AATAACACTAGAACAA-1_V13B23-285_C1,6
AATAATCTTCGTATCG-1_V13B23-285_C1,7
AATACAATGTTTCAGG-1_V13B23-285_C1,4
AATAGAACAGAGTGGC-1_V13B23-285_C1,6
AATAGAATCTGTTTCA-1_V13B23-285_C1,7
AATAGCTACCGCGTGC-1_V13B23-285_C1,11
AATAGTCCGTCCCGAC-1_V13B23-285_C1,6
AATAGTCGCGAGTCGG-1_V13B23-285_C1,6
AATATCGAATCAATGC-1_V13B23-285_C1,5
AATATCGAGGGTTCTC-1_V13B23-285_C1,11
AATATTGGAGTATTGA-1_V13B23-285_C1,6
AATCATGTAAAGACTC-1_V13B23-285_C1,7
AATCCAAGGGCCTGAG-1_V13B23-285_C1,8
AATCGCCTCAGCGCCA-1_V13B23-285_C1,7
AATCGCGCAGAGGACT-1_V13B23-285_C1,7
AATCTAGGTTTACTTG-1_V13B23-285_C1,6
AATCTATGCCGGAGCC-1_V13B23-285_C1,11
AATCTGCGTTGGGACG-1_V13B23-285_C1,11
AATCTGGCTTTCTAGT-1_V13B23-285_C1,4
AATGACAGCAATGTCT-1_V13B23-285_C1,6
AATGACGTAGGATGTC-1_V13B23-285_C1,7
AATGACTGTCAGCCGG-1_V13B23-285_C1,4
AATGAGTTCGCATATG-1_V13B23-285_C1,4
AATGATGATACGCTAT-1_V13B23-285_C1,11
AATGATGCGACTCCTG-1_V13B23-285_C1,11
AATGCAACCGGGTACC-1_V13B23-285_C1,9
AATGCACCAAGCAATG-1_V13B23-285_C1,11
AATGGTCCACCGTTCA-1_V13B23-285_C1,4
AATGGTTCTCACAAGC-1_V13B23-285_C1,4
AATGTGCCCGAGGTGT-1_V13B23-285_C1,6
AATTAAAGGTCGGCGT-1_V13B23-285_C1,4
AATTAACGGATTTCCA-1_V13B23-285_C1,7
AATTACTCGTACGCTC-1_V13B23-285_C1,8
AATTAGCGCTGCAGCG-1_V13B23-285_C1,9
AATTCATAAGGGATCT-1_V13B23-285_C1,11
AATTCTAGAGTTAGGC-1_V13B23-285_C1,7
AATTGAACGCTCTGGT-1_V13B23-285_C1,7
AATTTGGGACATAGTA-1_V13B23-285_C1,11
AATTTGGTTCCAAAGA-1_V13B23-285_C1,8
ACAAAGCATGACCTAG-1_V13B23-285_C1,7
ACAAATCGCACCGAAT-1_V13B23-285_C1,7
ACAAATGGTAGTGTTT-1_V13B23-285_C1,7
ACAACAGCATGAGCTA-1_V13B23-285_C1,1
ACAACGGTCCCTGCGA-1_V13B23-285_C1,4
ACAAGCAGTGCCTAGC-1_V13B23-285_C1,4
ACAAGGAAATCCGCCC-1_V13B23-285_C1,7
ACAAGGACAAGAGGTT-1_V13B23-285_C1,4
ACAAGGATGCTTTAGG-1_V13B23-285_C1,7
ACAAGGGCAGGCTCTG-1_V13B23-285_C1,7
ACAATAGTCGTACGTT-1_V13B23-285_C1,11
ACAATCCATTTAAACC-1_V13B23-285_C1,4
ACAATGAATACGGAGA-1_V13B23-285_C1,6
ACAATTGTGTCTCTTT-1_V13B23-285_C1,7
ACAATTTAGGAGGCTC-1_V13B23-285_C1,6
ACAATTTGAGCAGTGG-1_V13B23-285_C1,11
ACAATTTGGCCATATT-1_V13B23-285_C1,7
ACACAAAGACGGGTGG-1_V13B23-285_C1,1
ACACACCAGGACCAGT-1_V13B23-285_C1,7
ACACACTTTCTACACG-1_V13B23-285_C1,10
ACACATGATCAAATCT-1_V13B23-285_C1,6
ACACCACATAATTAGC-1_V13B23-285_C1,11
ACACCCAGCATGCAGC-1_V13B23-285_C1,4
ACACCCGAGAAATCCG-1_V13B23-285_C1,9
ACACCGAGCGCTCTTT-1_V13B23-285_C1,6
ACACCTTAAGTAGGGC-1_V13B23-285_C1,4
ACACCTTACTACTTGC-1_V13B23-285_C1,7
ACACGAGACTCCTTCT-1_V13B23-285_C1,11
ACACGGCACTATGCAT-1_V13B23-285_C1,8
ACACGGGAACTTAGGG-1_V13B23-285_C1,11
ACACGTAGGCCACAAG-1_V13B23-285_C1,7
ACACTCCAATGTCACT-1_V13B23-285_C1,4
ACACTGATCAAGGTGT-1_V13B23-285_C1,6
ACACTGGGACAGTCGT-1_V13B23-285_C1,7
ACAGAACTGAGAACAA-1_V13B23-285_C1,6
ACAGCATAGAGCCAGT-1_V13B23-285_C1,8
ACAGCGACATTCTCAT-1_V13B23-285_C1,7
ACAGCGCACCCGCAGC-1_V13B23-285_C1,9
ACAGGCTTGCCCGACT-1_V13B23-285_C1,7
ACAGGTGGAGGTGAGG-1_V13B23-285_C1,6
ACAGTAATACAACTTG-1_V13B23-285_C1,11
ACAGTATACCGTGGGA-1_V13B23-285_C1,11
ACATAAGTCGTGGTGA-1_V13B23-285_C1,6
ACATAATAAGGCGGTG-1_V13B23-285_C1,10
ACATCAGCTGGGACGC-1_V13B23-285_C1,4
ACATCCCGGCCATACG-1_V13B23-285_C1,6
ACATCCTGGTAACTGT-1_V13B23-285_C1,7
ACATCGATCGTTTACC-1_V13B23-285_C1,4
ACATCGGTCAGCCGCG-1_V13B23-285_C1,6
ACATCGTATGCAATGG-1_V13B23-285_C1,5
ACATCGTTAACCTAGT-1_V13B23-285_C1,8
ACATGGCGCCAAAGTA-1_V13B23-285_C1,7
ACATTAGTTTATATCC-1_V13B23-285_C1,9
ACCAAACACCCAGCGA-1_V13B23-285_C1,11
ACCAACACCACACACT-1_V13B23-285_C1,11
ACCAACGCTTATTTAT-1_V13B23-285_C1,6
ACCAAGAACGCGTGTC-1_V13B23-285_C1,10
ACCAATATGCAAGTTA-1_V13B23-285_C1,7
ACCACAAGTTTCTATC-1_V13B23-285_C1,11
ACCACCAATGTAACAA-1_V13B23-285_C1,7
ACCACCCTCTCTTCTA-1_V13B23-285_C1,11
ACCACGTGCAGCTATA-1_V13B23-285_C1,7
ACCACTGTTCAAGAAG-1_V13B23-285_C1,6
ACCAGTGCGGGAGACG-1_V13B23-285_C1,7
ACCATATCCGCAATAA-1_V13B23-285_C1,4
ACCATCCGCCAACTAG-1_V13B23-285_C1,11
ACCATCGTATATGGTA-1_V13B23-285_C1,6
ACCATTAAGGGTGTCA-1_V13B23-285_C1,11
ACCCAACGCCCGTGGC-1_V13B23-285_C1,11
ACCCACCTACATGCTC-1_V13B23-285_C1,4
ACCCATCTTGAGGGTA-1_V13B23-285_C1,4
ACCCATTTGTCCCTCT-1_V13B23-285_C1,7
ACCCGAGCGAAATTAC-1_V13B23-285_C1,3
ACCCGGAAACTCCCAG-1_V13B23-285_C1,7
ACCCGGAGCACCACAA-1_V13B23-285_C1,7
ACCCGGATGACGCATC-1_V13B23-285_C1,7
ACCCGGTTACACTTCC-1_V13B23-285_C1,6
ACCCGTGTCATCAGTA-1_V13B23-285_C1,6
ACCCTATAGGACTGAG-1_V13B23-285_C1,12
ACCCTATGCCATATCG-1_V13B23-285_C1,6
ACCCTCCCTTGCTATT-1_V13B23-285_C1,7
ACCCTGGTAACGCCCT-1_V13B23-285_C1,2
ACCCTTCATCTGCGAA-1_V13B23-285_C1,10
ACCGACACATCTCCCA-1_V13B23-285_C1,7
ACCGACTGAGTCCCAC-1_V13B23-285_C1,6
ACCGATAGGCATAACC-1_V13B23-285_C1,7
ACCGATATTTAATCAT-1_V13B23-285_C1,7
ACCGATGGTAGCATCG-1_V13B23-285_C1,7
ACCGCAATAACTGCCT-1_V13B23-285_C1,7
ACCGCGGTGGAAGTCG-1_V13B23-285_C1,7
ACCGGGCCTTTGTTGA-1_V13B23-285_C1,7
ACCGGTCAGGTACACC-1_V13B23-285_C1,6
ACCGTGACCACGTGGG-1_V13B23-285_C1,6
ACCTAAGTACCTTTCA-1_V13B23-285_C1,6
ACCTAATCGACTTCCT-1_V13B23-285_C1,4
ACCTACAGTATGTGGT-1_V13B23-285_C1,7
ACCTCCGCCCTCGCTG-1_V13B23-285_C1,7
ACCTCCGTTATTCACC-1_V13B23-285_C1,11
ACCTGCGTGTCATGTT-1_V13B23-285_C1,11
ACGAAATGGGCGGCAC-1_V13B23-285_C1,4
ACGACCCATGAGTTGC-1_V13B23-285_C1,7
ACGAGATATTTGCTTA-1_V13B23-285_C1,12
ACGAGGATACCACTCT-1_V13B23-285_C1,6
ACGAGGTTTACAACGT-1_V13B23-285_C1,6
ACGAGTACGGATGCCC-1_V13B23-285_C1,11
ACGATACATAGAACTA-1_V13B23-285_C1,3
ACGATCATACATAGAG-1_V13B23-285_C1,6
ACGATCATCTTGTAAA-1_V13B23-285_C1,7
ACGATGCATATGTTAT-1_V13B23-285_C1,4
ACGATGGATCCGATGC-1_V13B23-285_C1,8
ACGCAAACTAATAGAT-1_V13B23-285_C1,6
ACGCAATCACTACAGC-1_V13B23-285_C1,11
ACGCATACGTTTACTA-1_V13B23-285_C1,7
ACGCATTCGTGAGTAC-1_V13B23-285_C1,4
ACGCCAGATGATTTCT-1_V13B23-285_C1,10
ACGCCGCTAGACGACC-1_V13B23-285_C1,7
ACGCGAAGTCAGACGA-1_V13B23-285_C1,1
ACGCGCTACACAGGGT-1_V13B23-285_C1,6
ACGCGGGCCAAGGACA-1_V13B23-285_C1,7
ACGCTAGTGATACACT-1_V13B23-285_C1,11
ACGCTGTGAGGCGTAG-1_V13B23-285_C1,11
ACGGAATTTAGCAAAT-1_V13B23-285_C1,4
ACGGACTCTCAAAGCG-1_V13B23-285_C1,7
ACGGAGCGCAAATTAC-1_V13B23-285_C1,9
ACGGATGGTGCGGATA-1_V13B23-285_C1,7
ACGGCACTTGCTTGGG-1_V13B23-285_C1,4
ACGGCCAACATGGACT-1_V13B23-285_C1,5
ACGGCGACGATGGGAA-1_V13B23-285_C1,7
ACGGCTGGATGTAGAA-1_V13B23-285_C1,6
ACGGGAGTGTCGGCCC-1_V13B23-285_C1,6
ACGGGCGTATGCGACA-1_V13B23-285_C1,11
ACGGGTCATGTGACTT-1_V13B23-285_C1,10
ACGTACAGATTTCTCT-1_V13B23-285_C1,8
ACGTAGATTGCTGATG-1_V13B23-285_C1,2
ACGTATTACTCCGATC-1_V13B23-285_C1,7
ACGTGCGCCTCGTGCA-1_V13B23-285_C1,10
ACGTTAATGTCGAAGA-1_V13B23-285_C1,7
ACGTTAGATTTGCCCG-1_V13B23-285_C1,6
ACGTTATTGGTCACTC-1_V13B23-285_C1,4
ACGTTCGCAATCAATT-1_V13B23-285_C1,11
ACGTTCGTTCAGGAAA-1_V13B23-285_C1,6
ACGTTTAGTTGTGATC-1_V13B23-285_C1,10
ACTACCAGCTCTCTGG-1_V13B23-285_C1,4
ACTACGCGTTAGAATT-1_V13B23-285_C1,6
ACTAGTTGCGATCGTC-1_V13B23-285_C1,7
ACTATATGCTGTGTTC-1_V13B23-285_C1,11
ACTATCCAGGGCATGG-1_V13B23-285_C1,7
ACTATCTGCCCGCGTA-1_V13B23-285_C1,7
ACTATTCGTCCGTGGT-1_V13B23-285_C1,10
ACTATTTCCGGGCCCA-1_V13B23-285_C1,6
ACTCAAGTGCAAGGCT-1_V13B23-285_C1,7
ACTCAATAAAGGCACG-1_V13B23-285_C1,1
ACTCCCATTCCTAAAG-1_V13B23-285_C1,11
ACTCCCGAATTCGTTT-1_V13B23-285_C1,11
ACTCCCGTAGACTAGG-1_V13B23-285_C1,2
ACTCCCTAATGCTAAA-1_V13B23-285_C1,7
ACTCCCTAGAATAGTA-1_V13B23-285_C1,7
ACTCGATGTATTTCAT-1_V13B23-285_C1,4
ACTCGCGATCTGACGC-1_V13B23-285_C1,7
ACTCGTAACCCGTCCT-1_V13B23-285_C1,6
ACTCGTCAGTAATCCC-1_V13B23-285_C1,1
ACTCTCTGACTTAGGT-1_V13B23-285_C1,7
ACTCTCTTATACACGA-1_V13B23-285_C1,12
ACTCTTCAGCTCCCGC-1_V13B23-285_C1,1
ACTCTTGTATAGTAAC-1_V13B23-285_C1,1
ACTGAAACGCCGTTAG-1_V13B23-285_C1,7
ACTGAATGGCGAAAGT-1_V13B23-285_C1,7
ACTGCCGTCGTAACTC-1_V13B23-285_C1,10
ACTGCGGACACACCGT-1_V13B23-285_C1,1
ACTGCTCGGAAGGATG-1_V13B23-285_C1,4
ACTGTACGATACACAT-1_V13B23-285_C1,11
ACTGTAGCACTTTGGA-1_V13B23-285_C1,4
ACTGTCCAGGATTATA-1_V13B23-285_C1,4
ACTGTCTTCTTTAGAA-1_V13B23-285_C1,6
ACTGTGCTAGTAGATC-1_V13B23-285_C1,8
ACTTACCGGGCGCGCA-1_V13B23-285_C1,9
ACTTACGCATCCACGC-1_V13B23-285_C1,7
ACTTAGTACGACAAGA-1_V13B23-285_C1,8
ACTTATACTTACCCGG-1_V13B23-285_C1,7
ACTTATTAGGATCGGT-1_V13B23-285_C1,4
ACTTATTTATGTGCCA-1_V13B23-285_C1,7
ACTTCAGGCTGATCCC-1_V13B23-285_C1,7
ACTTCCATGCGGGACA-1_V13B23-285_C1,7
ACTTCGCCATACGCAC-1_V13B23-285_C1,11
ACTTCGCTAGCGAGTG-1_V13B23-285_C1,2
ACTTGACTCCCTCTTT-1_V13B23-285_C1,7
ACTTGGGACCCGGTGG-1_V13B23-285_C1,4
ACTTGTGGATGGAACG-1_V13B23-285_C1,7
ACTTTACCCTCATGAA-1_V13B23-285_C1,11
ACTTTCCTATAGCTTC-1_V13B23-285_C1,6
ACTTTGACTGCATCCT-1_V13B23-285_C1,11
ACTTTGGTCGTGCTCC-1_V13B23-285_C1,6
ACTTTGTCGACGCACT-1_V13B23-285_C1,7
AGAAATTATGACTCGC-1_V13B23-285_C1,7
AGAACCCAGCGTGACA-1_V13B23-285_C1,7
AGAACGTGGTACATTC-1_V13B23-285_C1,11
AGAAGAGCGCCGTTCC-1_V13B23-285_C1,7
AGAAGGTACACTTCAC-1_V13B23-285_C1,4
AGAAGGTTGCCGAATT-1_V13B23-285_C1,6
AGAAGTGATTCGTGAT-1_V13B23-285_C1,6
AGAATAAATCTTCAGG-1_V13B23-285_C1,11
AGAATGCGGGTTCGGA-1_V13B23-285_C1,12
AGAATTATGGATTCGA-1_V13B23-285_C1,11
AGAATTGTTTGACATA-1_V13B23-285_C1,4
AGACAGCTCAGAATCC-1_V13B23-285_C1,4
AGACAGGCATCTCAGC-1_V13B23-285_C1,7
AGACCAAACCACACCT-1_V13B23-285_C1,6
AGACCATGGGATACAA-1_V13B23-285_C1,4
AGACCCACCGCTGATC-1_V13B23-285_C1,7
AGACCCGCCCTCCTCG-1_V13B23-285_C1,11
AGACCGCTCCGCGGTT-1_V13B23-285_C1,7
AGACCGGGAAACCCTG-1_V13B23-285_C1,9
AGACGAAGTGCCGGTC-1_V13B23-285_C1,7
AGACGACGATGCCGCT-1_V13B23-285_C1,6
AGACGCCCACTTCGCC-1_V13B23-285_C1,6
AGACTAGCCTTCCAGA-1_V13B23-285_C1,4
AGACTGTTACCGGGTC-1_V13B23-285_C1,6
AGAGAACCGTCTAGGA-1_V13B23-285_C1,11
AGAGAAGGAGTACAAT-1_V13B23-285_C1,6
AGAGATCTCTAAAGCG-1_V13B23-285_C1,4
AGAGCAGTTATGAGAC-1_V13B23-285_C1,4
AGAGCCGCCGAGATTT-1_V13B23-285_C1,7
AGAGCGGGCTAATCAT-1_V13B23-285_C1,10
AGAGCGTACAAGCTCG-1_V13B23-285_C1,4
AGAGGCTTCGGAAACC-1_V13B23-285_C1,7
AGAGTAAACTTCACTA-1_V13B23-285_C1,7
AGAGTATAGTGTTACG-1_V13B23-285_C1,11
AGATAACTTCAGGGCC-1_V13B23-285_C1,4
AGATACCAGCACTTCA-1_V13B23-285_C1,2
AGATACCGGTGTTCAC-1_V13B23-285_C1,6
AGATACGACTTCATAT-1_V13B23-285_C1,8
AGATACTCAAGATCGA-1_V13B23-285_C1,7
AGATCGTGCATAAGAT-1_V13B23-285_C1,11
AGATCTCAGGTGTGAT-1_V13B23-285_C1,11
AGATGACTCGCCCACG-1_V13B23-285_C1,10
AGATGAGGGTTGCGAT-1_V13B23-285_C1,11
AGATGATGGAGTCTGG-1_V13B23-285_C1,2
AGATGCAAGACGTGCA-1_V13B23-285_C1,6
AGATGCTATAACGAGC-1_V13B23-285_C1,3
AGATTATAGGACGTTT-1_V13B23-285_C1,4
AGATTCACAACCGATA-1_V13B23-285_C1,6
AGCAAAGGCCGCTAGT-1_V13B23-285_C1,7
AGCAACATATCTTATT-1_V13B23-285_C1,7
AGCAACCGAAAGTAAT-1_V13B23-285_C1,6
AGCACCAGTACTCACG-1_V13B23-285_C1,6
AGCACTACCGGCCTGT-1_V13B23-285_C1,4
AGCACTACCTCACCAG-1_V13B23-285_C1,7
AGCACTTAAGGACGCC-1_V13B23-285_C1,4
AGCAGCCAGATGAATA-1_V13B23-285_C1,1
AGCATATCAATATGCT-1_V13B23-285_C1,7
AGCATCATTTCGAAAG-1_V13B23-285_C1,6
AGCATCGTCGATAATT-1_V13B23-285_C1,6
AGCCACAGGTTACCCG-1_V13B23-285_C1,7
AGCCACTCCCGTGCTT-1_V13B23-285_C1,3
AGCCCATACATGTAAG-1_V13B23-285_C1,11
AGCCCGGTAGCCTGTA-1_V13B23-285_C1,6
AGCCCTAAGCGAAGTT-1_V13B23-285_C1,10
AGCCCTGTCGCACCGT-1_V13B23-285_C1,7
AGCCCTTCTAATCCGA-1_V13B23-285_C1,11
AGCCCTTGGACATCCC-1_V13B23-285_C1,7
AGCCGTGGCTAAATGT-1_V13B23-285_C1,6
AGCCTAATACCCACGT-1_V13B23-285_C1,4
AGCCTTAAAGCGGAAG-1_V13B23-285_C1,4
AGCGACAGGAACGGTC-1_V13B23-285_C1,6
AGCGACATCCCATTCA-1_V13B23-285_C1,10
AGCGACCAACGATATT-1_V13B23-285_C1,4
AGCGCATAATGAATCG-1_V13B23-285_C1,6
AGCGCGGGTGCCAATG-1_V13B23-285_C1,11
AGCGCTAGAGCGATGT-1_V13B23-285_C1,1
AGCGGACACTTCGTAG-1_V13B23-285_C1,6
AGCGGCGGTTAGCGGT-1_V13B23-285_C1,6
AGCGGGAAGGGTCCAT-1_V13B23-285_C1,8
AGCGGTTGCCGCTCTG-1_V13B23-285_C1,11
AGCGTGGTATTCTACT-1_V13B23-285_C1,7
AGCTAACAAGCAATGT-1_V13B23-285_C1,6
AGCTAGAAGCAGAAGT-1_V13B23-285_C1,11
AGCTATTTAATCCAAC-1_V13B23-285_C1,10
AGCTCCATATATGTTC-1_V13B23-285_C1,7
AGCTCCTTCGCACATC-1_V13B23-285_C1,7
AGCTCTAGACGTTCCA-1_V13B23-285_C1,7
AGCTCTTCCCAGTGCA-1_V13B23-285_C1,11
AGCTCTTCGTAACCTT-1_V13B23-285_C1,7
AGCTCTTTACTCAGTT-1_V13B23-285_C1,6
AGCTGAAGTAAACCAA-1_V13B23-285_C1,1
AGCTGTAACCTCAATC-1_V13B23-285_C1,6
AGCTTGATCTTAACTT-1_V13B23-285_C1,4
AGGAAGCTGTCCGCCG-1_V13B23-285_C1,7
AGGACAGTCGAATCCC-1_V13B23-285_C1,7
AGGACATCGCACGTCG-1_V13B23-285_C1,12
AGGACGACCCATTAGA-1_V13B23-285_C1,6
AGGACGCTCGATGTTG-1_V13B23-285_C1,11
AGGAGACATCCACAGT-1_V13B23-285_C1,11
AGGAGAGTCTGGCTAC-1_V13B23-285_C1,11
AGGAGGCCTTCGCGCG-1_V13B23-285_C1,7
AGGATAAAGTCGGGAT-1_V13B23-285_C1,7
AGGATATAGGGATTTA-1_V13B23-285_C1,7
AGGATCACGCGATCTG-1_V13B23-285_C1,1
AGGATTGCTTACGACA-1_V13B23-285_C1,11
AGGCACGTGACTGTCC-1_V13B23-285_C1,7
AGGCAGATGCGTAAAC-1_V13B23-285_C1,11
AGGCAGGGAGCGTACT-1_V13B23-285_C1,6
AGGCATTGTCGTAGGG-1_V13B23-285_C1,7
AGGCCACATTGGTTAC-1_V13B23-285_C1,7
AGGCCACCCGTTATGA-1_V13B23-285_C1,4
AGGCCCATTGTACAGG-1_V13B23-285_C1,10
AGGCCCTAGAACGCCA-1_V13B23-285_C1,6
AGGCCTGAGAATCTCG-1_V13B23-285_C1,7
AGGCGATAACTGGCGT-1_V13B23-285_C1,7
AGGCGGTTTGTCCCGC-1_V13B23-285_C1,6
AGGCGTCTATGGACGG-1_V13B23-285_C1,11
AGGCTATGGTTAGCTT-1_V13B23-285_C1,4
AGGCTTCCCGAAGAAG-1_V13B23-285_C1,6
AGGCTTGCTAGACACC-1_V13B23-285_C1,4
AGGGAAACGAGGTACT-1_V13B23-285_C1,11
AGGGACCGGCTGCGTT-1_V13B23-285_C1,7
AGGGACTCTACGCGAC-1_V13B23-285_C1,6
AGGGAGACATACTTCG-1_V13B23-285_C1,11
AGGGCAGCGGCGTGGT-1_V13B23-285_C1,8
AGGGCGAGCAGCTGAT-1_V13B23-285_C1,11
AGGGCGTGATCGGCTA-1_V13B23-285_C1,3
AGGGCTGCAGTTACAG-1_V13B23-285_C1,3
AGGGTCAGTAACCCTA-1_V13B23-285_C1,11
AGGGTCGATGCGAACT-1_V13B23-285_C1,7
AGGGTGCTCTCGAGGG-1_V13B23-285_C1,1
AGGGTGGATAGTGCAT-1_V13B23-285_C1,4
AGGGTTCCCTTTGGTT-1_V13B23-285_C1,11
AGGGTTTAGTTCGGGA-1_V13B23-285_C1,11
AGGTAACCTCCTATTC-1_V13B23-285_C1,8
AGGTACGATATTGCCA-1_V13B23-285_C1,10
AGGTAGGTACAAAGCT-1_V13B23-285_C1,4
AGGTATAATTGATAGT-1_V13B23-285_C1,7
AGGTATGCGGACATTA-1_V13B23-285_C1,1
AGGTCAGGTGAGAGTG-1_V13B23-285_C1,6
AGGTCGCCTCCCAACA-1_V13B23-285_C1,1
AGGTCGCGGAGTTACT-1_V13B23-285_C1,11
AGGTGTATCGCCATGA-1_V13B23-285_C1,11
AGGTTACACCATGCCG-1_V13B23-285_C1,7
AGGTTGAGGCACGCTT-1_V13B23-285_C1,10
AGGTTTCACACACCTT-1_V13B23-285_C1,7
AGTAATGTCTTGCCGC-1_V13B23-285_C1,10
AGTACATCATTTATCA-1_V13B23-285_C1,11
AGTACCTTCGAGTGCT-1_V13B23-285_C1,2
AGTACGGCCCGTATCG-1_V13B23-285_C1,11
AGTACGGGCACCTGGC-1_V13B23-285_C1,6
AGTACTCTTATGCCCA-1_V13B23-285_C1,7
AGTAGGAAGGAAGTTG-1_V13B23-285_C1,11
AGTAGGTAACATACAT-1_V13B23-285_C1,8
AGTATAATACTAGGCA-1_V13B23-285_C1,4
AGTATGCTGGAGACCA-1_V13B23-285_C1,6
AGTATTTGGCACGACC-1_V13B23-285_C1,6
AGTCAACACCACCATC-1_V13B23-285_C1,6
AGTCAAGATGACACTT-1_V13B23-285_C1,7
AGTCACTAGCTCTCGA-1_V13B23-285_C1,7
AGTCAGCCACCGCCTG-1_V13B23-285_C1,4
AGTCCATTGGCTGATG-1_V13B23-285_C1,7
AGTCCCGCCTTTAATT-1_V13B23-285_C1,11
AGTCCCTCGCAGAAAG-1_V13B23-285_C1,11
AGTCGACGGTCTCAAG-1_V13B23-285_C1,7
AGTCGGCCCAAACGAC-1_V13B23-285_C1,4
AGTCGGCTCAACTTTA-1_V13B23-285_C1,6
AGTCGGTTGCGTGAGA-1_V13B23-285_C1,7
AGTCGTCGACCACCAA-1_V13B23-285_C1,7
AGTCGTGGGCATTACG-1_V13B23-285_C1,6
AGTCTAAAGTATACTC-1_V13B23-285_C1,11
AGTCTCACAAGACTAC-1_V13B23-285_C1,6
AGTCTGGACATCCTTG-1_V13B23-285_C1,4
AGTCTTCTCCTCAAAT-1_V13B23-285_C1,1
AGTGAACAAACTTCTC-1_V13B23-285_C1,7
AGTGAAGATGGTGTCC-1_V13B23-285_C1,11
AGTGACCTACTTTACG-1_V13B23-285_C1,4
AGTGAGACTTCCAGTA-1_V13B23-285_C1,7
AGTGAGCCTCGCCGCC-1_V13B23-285_C1,11
AGTGAGGGTTTCTGAC-1_V13B23-285_C1,9
AGTGATAACCTGCGCG-1_V13B23-285_C1,7
AGTGATATGAGTAGTT-1_V13B23-285_C1,4
AGTGATTCAAGCAGGA-1_V13B23-285_C1,1
AGTGCACGCTTAAGAA-1_V13B23-285_C1,7
AGTGCGTAGCTCGTAA-1_V13B23-285_C1,6
AGTGCTAAACACAGCA-1_V13B23-285_C1,7
AGTGCTTGCACGAATA-1_V13B23-285_C1,7
AGTGGCGGCAATTTGA-1_V13B23-285_C1,11
AGTGGCGTCTGAAGGT-1_V13B23-285_C1,7
AGTGGCTCCGTCGGCC-1_V13B23-285_C1,4
AGTGGTGTTACCCGTG-1_V13B23-285_C1,11
AGTGGTTGCGTATAGG-1_V13B23-285_C1,11
AGTGTATTGCGCATTG-1_V13B23-285_C1,11
AGTGTGCTAAGATCGC-1_V13B23-285_C1,10
AGTGTGGTCTATTGTG-1_V13B23-285_C1,4
AGTTAAACACTTGCGA-1_V13B23-285_C1,6
AGTTAAGCGGTCCCGG-1_V13B23-285_C1,10
AGTTAAGTCAACCGCT-1_V13B23-285_C1,6
AGTTACCCTTAAGACT-1_V13B23-285_C1,6
AGTTACCGCACATGGT-1_V13B23-285_C1,4
AGTTACTCTATCGTGG-1_V13B23-285_C1,11
AGTTCACCGGTTGGAC-1_V13B23-285_C1,6
AGTTCCTACAGAATTA-1_V13B23-285_C1,4
AGTTCCTATTTATGTT-1_V13B23-285_C1,7
AGTTCTGCGTTGTATC-1_V13B23-285_C1,9
AGTTGCTGACTGATAT-1_V13B23-285_C1,9
AGTTTATGTAAAGACA-1_V13B23-285_C1,11
AGTTTCGCAGGTCGGA-1_V13B23-285_C1,5
AGTTTGCACCTGCCTC-1_V13B23-285_C1,7
AGTTTGGCACGGGTTG-1_V13B23-285_C1,7
AGTTTGGCCAGACCTA-1_V13B23-285_C1,6
ATAAACGGACCCGTAA-1_V13B23-285_C1,7
ATAAACGTTGCACCAC-1_V13B23-285_C1,7
ATAAAGGCTCGGTCGT-1_V13B23-285_C1,4
ATAAATATTAGCAGCT-1_V13B23-285_C1,6
ATAACGCCGGAGGGTC-1_V13B23-285_C1,1
ATAACGGAGTCCAACG-1_V13B23-285_C1,1
ATAAGGTGGAGAACAT-1_V13B23-285_C1,7
ATAAGTAGGATTCAGA-1_V13B23-285_C1,11
ATAAGTAGGGCGACTC-1_V13B23-285_C1,7
ATAAGTTACCGCGACG-1_V13B23-285_C1,4
ATAATACCGTTAGCCG-1_V13B23-285_C1,4
ATAATAGCTGTTGAAT-1_V13B23-285_C1,7
ATAATAGTGTAGGGAC-1_V13B23-285_C1,4
ATAATCTTGGAGAACC-1_V13B23-285_C1,7
ATACAGGCCCTCCAAT-1_V13B23-285_C1,7
ATACCACGGGCAACTT-1_V13B23-285_C1,4
ATACCGTCATCCATAA-1_V13B23-285_C1,2
ATACCTAACCAAGAAA-1_V13B23-285_C1,7
ATACGAAGGCTTTCCA-1_V13B23-285_C1,1
ATACGCCGGCGAAACC-1_V13B23-285_C1,7
ATACGGAACGTCGTTT-1_V13B23-285_C1,6
ATACGGGTTTCGATTG-1_V13B23-285_C1,12
ATACGGTGAAGATGCA-1_V13B23-285_C1,4
ATACGTACTTAGCCAC-1_V13B23-285_C1,7
ATACGTCCACTCCTGT-1_V13B23-285_C1,7
ATACGTTATGCACGGA-1_V13B23-285_C1,6
ATACTACCCGTACCAC-1_V13B23-285_C1,7
ATACTAGCATGACCCT-1_V13B23-285_C1,10
ATACTGCCTTACACCG-1_V13B23-285_C1,7
ATACTTGTTCTCGAGC-1_V13B23-285_C1,6
ATAGACAACGGGACCT-1_V13B23-285_C1,11
ATAGACGAAGAGAAAG-1_V13B23-285_C1,4
ATAGAGTACTGGGACA-1_V13B23-285_C1,4
ATAGAGTTATCAACTT-1_V13B23-285_C1,11
ATAGCAACTAGGGAAG-1_V13B23-285_C1,7
ATAGCCTCAGTACCCA-1_V13B23-285_C1,4
ATAGCTGCTCTTGTTA-1_V13B23-285_C1,3
ATAGGCGGCTATAGAA-1_V13B23-285_C1,6
ATAGGCTAGCTTCGCA-1_V13B23-285_C1,11
ATAGGGATATCCTTGA-1_V13B23-285_C1,10
ATAGGTTGGGCAGATG-1_V13B23-285_C1,6
ATAGTGAAGCGTTCTC-1_V13B23-285_C1,4
ATAGTTCCACCCACTC-1_V13B23-285_C1,7
ATATAAAGCGCTCGTG-1_V13B23-285_C1,7
ATATAAATGTAGCTGC-1_V13B23-285_C1,7
ATATACGCTCGTGACG-1_V13B23-285_C1,7
ATATCAACCTACAGAG-1_V13B23-285_C1,7
ATATCGGTAGGGAGAT-1_V13B23-285_C1,7
ATATCGTTCCTCGAAC-1_V13B23-285_C1,7
ATATCTCCCTCGTTAA-1_V13B23-285_C1,1
ATATCTTAGGGCCTTC-1_V13B23-285_C1,7
ATATGTCTCCCTAGCC-1_V13B23-285_C1,7
ATATTCAGTTAAACCT-1_V13B23-285_C1,6
ATATTCCACATAGTGA-1_V13B23-285_C1,7
ATATTCCCACAGGTCA-1_V13B23-285_C1,8
ATATTGCTGTCAAAGT-1_V13B23-285_C1,4
ATATTGGAGAGGCCTT-1_V13B23-285_C1,7
ATATTTAACCCTCAAG-1_V13B23-285_C1,6
ATCAAACACTGTTCCA-1_V13B23-285_C1,7
ATCAAACGAAGGTTTG-1_V13B23-285_C1,6
ATCAATCTGGGCTGCA-1_V13B23-285_C1,2
ATCAATGCCGTGGCTG-1_V13B23-285_C1,6
ATCACATTAGAATATC-1_V13B23-285_C1,1
ATCACGTGCTAATTAA-1_V13B23-285_C1,6
ATCACTTCATCCTCGC-1_V13B23-285_C1,9
ATCAGACGGCACGCCG-1_V13B23-285_C1,6
ATCAGCCTCATGCTGC-1_V13B23-285_C1,7
ATCAGCTCGTCCACTA-1_V13B23-285_C1,1
ATCAGGTAGCTGACAG-1_V13B23-285_C1,1
ATCAGTAGGCAGGGAT-1_V13B23-285_C1,11
ATCATAGCCCTATGTA-1_V13B23-285_C1,7
ATCATCCAATATTTGT-1_V13B23-285_C1,4
ATCATGGACTACCGAC-1_V13B23-285_C1,7
ATCCAACGCAGTCATA-1_V13B23-285_C1,3
ATCCAATGGAGGGTCC-1_V13B23-285_C1,6
ATCCACATCGACAGAA-1_V13B23-285_C1,7
ATCCAGAGCAACAACC-1_V13B23-285_C1,6
ATCCAGGATTCGTGAA-1_V13B23-285_C1,6
ATCCTACCTAAGCTCT-1_V13B23-285_C1,7
ATCCTGAATCGCTGCG-1_V13B23-285_C1,6
ATCCTGCGTGGAATGG-1_V13B23-285_C1,6
ATCCTTCTGAAAGAAC-1_V13B23-285_C1,7
ATCGACCCAATACAGA-1_V13B23-285_C1,7
ATCGACTCTTTCCGTT-1_V13B23-285_C1,10
ATCGCACGCCGGGAGA-1_V13B23-285_C1,6
ATCGCCAGTCAACATT-1_V13B23-285_C1,7
ATCGCTGCGTGCAGCA-1_V13B23-285_C1,11
ATCGCTTTACGTCTCA-1_V13B23-285_C1,1
ATCGGAGACAGACGGC-1_V13B23-285_C1,7
ATCGGCAAGCAGTCCA-1_V13B23-285_C1,11
ATCGGTTACCTAGTAA-1_V13B23-285_C1,6
ATCGTTAGCTAGCGGA-1_V13B23-285_C1,7
ATCGTTCACTTTCGCC-1_V13B23-285_C1,9
ATCTAACGTCCCTATG-1_V13B23-285_C1,6
ATCTAATATCCTACGG-1_V13B23-285_C1,7
ATCTCCCACGGAATAT-1_V13B23-285_C1,7
ATCTCCCTGCAATCTA-1_V13B23-285_C1,10
ATCTCGTGAGCGAAAC-1_V13B23-285_C1,7
ATCTGATAGTGTCTTA-1_V13B23-285_C1,4
ATCTGCACCTCTGCGA-1_V13B23-285_C1,11
ATCTGGGCTGTTCTTG-1_V13B23-285_C1,7
ATCTGGTTAAGACTGT-1_V13B23-285_C1,11
ATCTGTAATTGTACCC-1_V13B23-285_C1,10
ATCTTGACCTGCAACG-1_V13B23-285_C1,4
ATCTTGACTTGTCCAA-1_V13B23-285_C1,11
ATCTTTCGTATAACCA-1_V13B23-285_C1,11
ATGAAGCCAAGGAGCC-1_V13B23-285_C1,9
ATGACGCCGGCTCTAA-1_V13B23-285_C1,10
ATGACGCGTTCTATCC-1_V13B23-285_C1,6
ATGACTATCAGCTGTG-1_V13B23-285_C1,6
ATGACTATGCGACATT-1_V13B23-285_C1,7
ATGAGGAGTGTTAATC-1_V13B23-285_C1,4
ATGAGGGCAGCGGCTA-1_V13B23-285_C1,7
ATGATCGGGAATAGAC-1_V13B23-285_C1,10
ATGATGCAATGGTACA-1_V13B23-285_C1,4
ATGCACCTTCCTTAAT-1_V13B23-285_C1,6
ATGCACTACCGCATTG-1_V13B23-285_C1,4
ATGCATGATCCAGGAT-1_V13B23-285_C1,1
ATGCCAATCGCTCTGC-1_V13B23-285_C1,12
ATGCCATTTGCGACCA-1_V13B23-285_C1,7
ATGCCGGTCTTGCATA-1_V13B23-285_C1,11
ATGCCGGTTGATGGGA-1_V13B23-285_C1,1
ATGCGACAATTGGTCC-1_V13B23-285_C1,12
ATGCGACAGTCCCATT-1_V13B23-285_C1,1
ATGCGAGTCCCACCAC-1_V13B23-285_C1,7
ATGCTCAGTGTTGCAT-1_V13B23-285_C1,4
ATGCTCTGGCGCGGTA-1_V13B23-285_C1,7
ATGCTTAGGAGTTGAT-1_V13B23-285_C1,7
ATGGAACCTTTGCACA-1_V13B23-285_C1,1
ATGGAGCAGGCCGTGA-1_V13B23-285_C1,9
ATGGATCCGGCGTCCG-1_V13B23-285_C1,10
ATGGATTGACCAAACG-1_V13B23-285_C1,6
ATGGCAGCCGAGAAAC-1_V13B23-285_C1,6
ATGGCGGAATAGTCGC-1_V13B23-285_C1,1
ATGGCTGGAAATGGCC-1_V13B23-285_C1,9
ATGGGACCTGCTGAAC-1_V13B23-285_C1,6
ATGGGCCTCGGCCTCT-1_V13B23-285_C1,7
ATGGTCGCGTGGTTTC-1_V13B23-285_C1,9
ATGTAAGGCTGCTCTT-1_V13B23-285_C1,11
ATGTGAAAGCCTAATG-1_V13B23-285_C1,6
ATGTGCATCCGACGCA-1_V13B23-285_C1,1
ATGTGGACATCTTGAT-1_V13B23-285_C1,7
ATGTTACGAGCAATAC-1_V13B23-285_C1,4
ATGTTCCTGCCCACCT-1_V13B23-285_C1,6
ATGTTCGTCGACCCAC-1_V13B23-285_C1,4
ATGTTTCGGCCCGGAG-1_V13B23-285_C1,1
ATTAAACATGCGGACC-1_V13B23-285_C1,4
ATTAATACTACGCGGG-1_V13B23-285_C1,1
ATTAATGAACCAGTCG-1_V13B23-285_C1,1
ATTAATTCGGTCACTC-1_V13B23-285_C1,10
ATTACAACTACCGGCC-1_V13B23-285_C1,9
ATTACATGTCAGTCTT-1_V13B23-285_C1,7
ATTACCACACTGCCTG-1_V13B23-285_C1,7
ATTACGACTCCACAGT-1_V13B23-285_C1,2
ATTACGCGCTGGCAGG-1_V13B23-285_C1,6
ATTACTAGCCTCTTGC-1_V13B23-285_C1,4
ATTACTTACTGGGCAT-1_V13B23-285_C1,11
ATTAGATTCCTCAGCA-1_V13B23-285_C1,11
ATTAGATTGATAGCGG-1_V13B23-285_C1,10
ATTAGGCGATGCTTTC-1_V13B23-285_C1,1
ATTATACTTTGCTCGT-1_V13B23-285_C1,10
ATTATGCCATAGGGAG-1_V13B23-285_C1,10
ATTATTATGTCCGTCA-1_V13B23-285_C1,6
ATTCAACCATTTAAGG-1_V13B23-285_C1,7
ATTCACTGATGTTGGA-1_V13B23-285_C1,7
ATTCAGGACCTATTTC-1_V13B23-285_C1,11
ATTCAGTAGCAGGGTC-1_V13B23-285_C1,4
ATTCATATACTGTCCA-1_V13B23-285_C1,1
ATTCATCGTTGAGGCA-1_V13B23-285_C1,7
ATTCCCACATAAACAA-1_V13B23-285_C1,4
ATTCCTAAGACGTGGA-1_V13B23-285_C1,11
ATTCCTCCGCCAGTGC-1_V13B23-285_C1,4
ATTCGACGCCGGGCCT-1_V13B23-285_C1,6
ATTCGTGCTATCTCTT-1_V13B23-285_C1,7
ATTCTCGTCTCTTTAG-1_V13B23-285_C1,8
ATTCTTCGTACTTATG-1_V13B23-285_C1,9
ATTGAAGATCTTAGTG-1_V13B23-285_C1,4
ATTGACCGGCGATGAC-1_V13B23-285_C1,11
ATTGACGTAACTCGGT-1_V13B23-285_C1,8
ATTGATAGCAACGAGA-1_V13B23-285_C1,9
ATTGATGAGTCCTAAC-1_V13B23-285_C1,11
ATTGCGATCAGTAACT-1_V13B23-285_C1,7
ATTGCTGCTCCTCCAT-1_V13B23-285_C1,4
ATTGGATTACAGCGTA-1_V13B23-285_C1,7
ATTGGGAATATCTTGG-1_V13B23-285_C1,8
ATTGTACAACTCGGCT-1_V13B23-285_C1,7
ATTGTCGCAATACCTT-1_V13B23-285_C1,11
ATTGTGACTTCGCTGC-1_V13B23-285_C1,2
ATTGTTCAACGATCCG-1_V13B23-285_C1,7
ATTTACAGTTTACTGG-1_V13B23-285_C1,4
ATTTACTAAGTCCATT-1_V13B23-285_C1,11
ATTTCATTATTTCGCG-1_V13B23-285_C1,10
ATTTCCGGGTTCTGCG-1_V13B23-285_C1,6
ATTTGCGCGAGTAGCT-1_V13B23-285_C1,6
ATTTGTCTTGGGAGCT-1_V13B23-285_C1,7
ATTTGTTCCAGGGCTC-1_V13B23-285_C1,10
CAAACGAGTATCGCAG-1_V13B23-285_C1,9
CAAACGGTCGCACTTT-1_V13B23-285_C1,4
CAAACTACGATAGAGA-1_V13B23-285_C1,9
CAAACTATTGAGCTTC-1_V13B23-285_C1,8
CAAACTCGCGACGCCG-1_V13B23-285_C1,7
CAAAGATTATTGGGCC-1_V13B23-285_C1,6
CAAAGGTCATCTGAAA-1_V13B23-285_C1,7
CAAATCTCTCACAAGG-1_V13B23-285_C1,6
CAAATGTCCTTCCGTG-1_V13B23-285_C1,4
CAAATTGGATTATGCC-1_V13B23-285_C1,11
CAAATTGTCAGCAAGC-1_V13B23-285_C1,5
CAACACATCTCCTGCC-1_V13B23-285_C1,11
CAACCAGTGGCCTACC-1_V13B23-285_C1,7
CAACCGCACCTAGACA-1_V13B23-285_C1,11
CAACCTACCGAGCAGT-1_V13B23-285_C1,7
CAACCTGAACCTGCCA-1_V13B23-285_C1,11
CAACGACCCGTTTACA-1_V13B23-285_C1,9
CAACGGTTCTTGATAC-1_V13B23-285_C1,3
CAACGTGGTGGAGTCT-1_V13B23-285_C1,7
CAACTCCGTAACTTGC-1_V13B23-285_C1,2
CAACTCCTTGATCCCG-1_V13B23-285_C1,9
CAACTGCTCATCCGAT-1_V13B23-285_C1,6
CAAGACTCAGAAGCGC-1_V13B23-285_C1,11
CAAGAGGGCGGAGTAC-1_V13B23-285_C1,7
CAAGATATTATAACGT-1_V13B23-285_C1,7
CAAGCAACGTCGGAGT-1_V13B23-285_C1,4
CAAGCACCAAATGCCT-1_V13B23-285_C1,10
CAAGCGGCACATAATT-1_V13B23-285_C1,7
CAAGGATCGCATGTTC-1_V13B23-285_C1,7
CAAGGTCCTATAGGCT-1_V13B23-285_C1,11
CAAGTGTGGTTGCAAA-1_V13B23-285_C1,7
CAATAAACCTTGGCCC-1_V13B23-285_C1,1
CAATACGAGAGTCTGA-1_V13B23-285_C1,7
CAATATGTAGATTTAC-1_V13B23-285_C1,2
CAATATTCTTGACCTA-1_V13B23-285_C1,6
CAATCCCTATACCAGC-1_V13B23-285_C1,9
CAATCCTGCCGTGGAG-1_V13B23-285_C1,4
CAATGAGGTTCGACTA-1_V13B23-285_C1,11
CAATGCGAGAAGTATC-1_V13B23-285_C1,7
CAATGGAATCTACATA-1_V13B23-285_C1,9
CAATGGATCTCTACCA-1_V13B23-285_C1,11
CAATGTGCCAACCCTT-1_V13B23-285_C1,7
CAATTAAGGGTGATGA-1_V13B23-285_C1,6
CAATTTCGTATAAGGG-1_V13B23-285_C1,7
CACAAGAAAGATATTA-1_V13B23-285_C1,12
CACAATGAGCTGCTAT-1_V13B23-285_C1,4
CACACACGCTAACGAG-1_V13B23-285_C1,7
CACACAGCTTGCGCTC-1_V13B23-285_C1,7
CACACAGGGATAGATT-1_V13B23-285_C1,4
CACACGCGCTGTCTTA-1_V13B23-285_C1,1
CACAGCACCCACGGCA-1_V13B23-285_C1,1
CACAGCTAGGGAGTGA-1_V13B23-285_C1,10
CACAGGGCCATATAGT-1_V13B23-285_C1,7
CACAGGGCCGTTGTCA-1_V13B23-285_C1,6
CACAGTCCCGCTTCGC-1_V13B23-285_C1,7
CACAGTTCGCTTCCCA-1_V13B23-285_C1,7
CACATATTAGCAGGAT-1_V13B23-285_C1,7
CACATCGTGCACGCGC-1_V13B23-285_C1,6
CACATCTCACCGACGA-1_V13B23-285_C1,7
CACATGATTCAGCAAC-1_V13B23-285_C1,7
CACATTCTTTCGATGG-1_V13B23-285_C1,11
CACATTTCTTGTCAGA-1_V13B23-285_C1,7
CACCACGCCACACAGA-1_V13B23-285_C1,11
CACCAGTCAGCATGCA-1_V13B23-285_C1,6
CACCATCGGAGGAGAC-1_V13B23-285_C1,8
CACCATGATCGCAAAG-1_V13B23-285_C1,2
CACCCAAATCTTATGT-1_V13B23-285_C1,7
CACCCACACGTCACCC-1_V13B23-285_C1,4
CACCCACGAGGCAATT-1_V13B23-285_C1,1
CACCCGGTTTGTGACT-1_V13B23-285_C1,6
CACCCTAACAAGATCT-1_V13B23-285_C1,7
CACCCTTGGTGAGACC-1_V13B23-285_C1,9
CACCGATACACCGAGC-1_V13B23-285_C1,12
CACCGCCAGAAGGTTT-1_V13B23-285_C1,6
CACCGCCGACCAGCGA-1_V13B23-285_C1,8
CACCGCGTCCACTCTA-1_V13B23-285_C1,9
CACCGTATCCCATCCG-1_V13B23-285_C1,7
CACCGTTAGGGATCAC-1_V13B23-285_C1,6
CACCGTTGCGCGATAT-1_V13B23-285_C1,6
CACCTAATAGAGTCGT-1_V13B23-285_C1,4
CACCTAATCAGTTTAC-1_V13B23-285_C1,10
CACCTCGATGGTGGAC-1_V13B23-285_C1,10
CACCTTGCGAAACTCG-1_V13B23-285_C1,1
CACCTTGGCGCCTTTG-1_V13B23-285_C1,9
CACGAAAGTTAGTCCC-1_V13B23-285_C1,4
CACGCACAGCGCAGCT-1_V13B23-285_C1,1
CACGCAGCGAGGCTTT-1_V13B23-285_C1,4
CACGCGGAACTGTTGC-1_V13B23-285_C1,7
CACGGACGTGGATGGC-1_V13B23-285_C1,11
CACGGCGCGCCAAAGG-1_V13B23-285_C1,11
CACGGGATTGAGGGTT-1_V13B23-285_C1,4
CACGTCGGCAACCTCT-1_V13B23-285_C1,6
CACGTTCGTGCTCTAG-1_V13B23-285_C1,7
CACGTTTCGTACACAC-1_V13B23-285_C1,7
CACTAAAGTTGCCTAT-1_V13B23-285_C1,4
CACTACGGGAGCTGCC-1_V13B23-285_C1,7
CACTCAAGAGCTATGG-1_V13B23-285_C1,4
CACTCAGCTCTTGAGG-1_V13B23-285_C1,8
CACTCCTATGTAAGAT-1_V13B23-285_C1,6
CACTCCTCTCGGTCGG-1_V13B23-285_C1,11
CACTCGAGCTGAACAA-1_V13B23-285_C1,7
CACTCGGTTAGGAGGA-1_V13B23-285_C1,4
CACTCTTCTGCTAGCC-1_V13B23-285_C1,7
CACTGTCCAAGTGAGA-1_V13B23-285_C1,4
CACTTAATCAGACGGA-1_V13B23-285_C1,4
CACTTCGCCACAGGCT-1_V13B23-285_C1,4
CACTTCGTCTTATCTC-1_V13B23-285_C1,4
CAGAACTTAGCCCTCT-1_V13B23-285_C1,7
CAGAATAACACACGGA-1_V13B23-285_C1,7
CAGAATATTCGTTATC-1_V13B23-285_C1,7
CAGACACCGATCGCTG-1_V13B23-285_C1,6
CAGACCTGTAAGTGTT-1_V13B23-285_C1,11
CAGACGAACCTGATAC-1_V13B23-285_C1,4
CAGAGACGGTCACCCA-1_V13B23-285_C1,1
CAGAGCATGAGCTTGC-1_V13B23-285_C1,1
CAGAGGCGATGCATGA-1_V13B23-285_C1,6
CAGAGTGATTTAACGT-1_V13B23-285_C1,8
CAGATACTAACATAGT-1_V13B23-285_C1,4
CAGATCATTTAAAGTC-1_V13B23-285_C1,11
CAGATCCTGGTTTGAA-1_V13B23-285_C1,4
CAGCAGCCCGTTCCTT-1_V13B23-285_C1,11
CAGCAGTCCAGACTAT-1_V13B23-285_C1,7
CAGCAGTCTGTGCTGC-1_V13B23-285_C1,7
CAGCCGGGCCCTCTAT-1_V13B23-285_C1,11
CAGCCTCCTGCAGAGG-1_V13B23-285_C1,9
CAGCCTCGATAGCGGT-1_V13B23-285_C1,7
CAGCCTCTCCTCAAGA-1_V13B23-285_C1,11
CAGCGATTCCCTTCAA-1_V13B23-285_C1,6
CAGCTCACTGAGACAT-1_V13B23-285_C1,10
CAGCTCGACAAGTTAA-1_V13B23-285_C1,11
CAGCTCGTGCTTGTGT-1_V13B23-285_C1,8
CAGCTGGCGTAACCGT-1_V13B23-285_C1,6
CAGCTTAGTAGGTAGC-1_V13B23-285_C1,4
CAGGAAGACTTTATAT-1_V13B23-285_C1,3
CAGGACAGCTGCCCTT-1_V13B23-285_C1,1
CAGGATATATCGTTGT-1_V13B23-285_C1,1
CAGGCCGTTTGGGTGT-1_V13B23-285_C1,6
CAGGCGCACGGTGGTC-1_V13B23-285_C1,6
CAGGCGCCATGCTAGG-1_V13B23-285_C1,7
CAGTAACTATTTATTG-1_V13B23-285_C1,11
CAGTAATCCCTCCCAG-1_V13B23-285_C1,4
CAGTACATTCTCTAAA-1_V13B23-285_C1,11
CAGTACCAGTTTACGT-1_V13B23-285_C1,6
CAGTAGCCCACGCGGT-1_V13B23-285_C1,11
CAGTCGAGGATGCAAT-1_V13B23-285_C1,11
CAGTCTGTATACTGGG-1_V13B23-285_C1,7
CAGTGAATAAATGACT-1_V13B23-285_C1,3
CAGTGGTTGCACATGA-1_V13B23-285_C1,4
CAGTGTCCGCAGAATG-1_V13B23-285_C1,8
CAGTGTCGGCTGGCCC-1_V13B23-285_C1,7
CAGTTCAAATTGACAC-1_V13B23-285_C1,4
CAGTTCCGCGGGTCGA-1_V13B23-285_C1,4
CATAACGGACAGTCGT-1_V13B23-285_C1,7
CATAAGAAGCTTGGCT-1_V13B23-285_C1,7
CATAAGCTCTCCGTCT-1_V13B23-285_C1,11
CATACAAAGCCGAACC-1_V13B23-285_C1,8
CATACACGGTTCCCAC-1_V13B23-285_C1,6
CATACCCGTACCCAGT-1_V13B23-285_C1,1
CATACGGCGTCTGGGC-1_V13B23-285_C1,7
CATACTATGTAATTGT-1_V13B23-285_C1,4
CATACTTAGGCAATAC-1_V13B23-285_C1,7
CATAGCCGCCCGGGAT-1_V13B23-285_C1,4
CATAGCGTTGCCCACC-1_V13B23-285_C1,6
CATAGTACATTGAGAG-1_V13B23-285_C1,10
CATAGTAGCATAGTAG-1_V13B23-285_C1,6
CATAGTCCACAAGAAC-1_V13B23-285_C1,6
CATATACTACTGATAA-1_V13B23-285_C1,11
CATATAGGTACAGTCA-1_V13B23-285_C1,4
CATATGTCAGGCTACG-1_V13B23-285_C1,6
CATATTATTTGCCCTA-1_V13B23-285_C1,12
CATCAAACTGGCGCCC-1_V13B23-285_C1,2
CATCAACACCTACTAA-1_V13B23-285_C1,6
CATCATCTACCCGGAC-1_V13B23-285_C1,8
CATCATTACCCTGAGG-1_V13B23-285_C1,7
CATCCGCAGGCCCGAA-1_V13B23-285_C1,9
CATCCTCTCAAAGATC-1_V13B23-285_C1,7
CATCGCCCGCGGCCAA-1_V13B23-285_C1,8
CATCGGACGGGTTAAT-1_V13B23-285_C1,4
CATCGTCCGGTTACTA-1_V13B23-285_C1,4
CATCTAGTGAAGGGAA-1_V13B23-285_C1,7
CATCTATCCCGTGTCT-1_V13B23-285_C1,11
CATCTGCAGGATCATT-1_V13B23-285_C1,6
CATCTTACACCACCTC-1_V13B23-285_C1,7
CATGACTTCGCTGAAT-1_V13B23-285_C1,7
CATGAGATGCACTCTC-1_V13B23-285_C1,7
CATGATGCACAATTCT-1_V13B23-285_C1,10
CATGATGGAAGTTAGC-1_V13B23-285_C1,7
CATGCCAACTCGCAAA-1_V13B23-285_C1,11
CATGCGACCAGTTTAA-1_V13B23-285_C1,11
CATGCGTTAGACAGAA-1_V13B23-285_C1,10
CATGCTGGCTCCAATT-1_V13B23-285_C1,5
CATGGATTGTCTTCCG-1_V13B23-285_C1,7
CATGGCAGGAAGATCG-1_V13B23-285_C1,10
CATGGGTATGCCTTAT-1_V13B23-285_C1,7
CATGGGTCGGGTGTGG-1_V13B23-285_C1,1
CATGGTAAGTAGCGTT-1_V13B23-285_C1,7
CATGGTCTAGATACCG-1_V13B23-285_C1,1
CATGTAAGAGACATTT-1_V13B23-285_C1,7
CATGTAGGAGCGCCAA-1_V13B23-285_C1,11
CATGTCTCATTTATGG-1_V13B23-285_C1,7
CATTACATAGATTGTG-1_V13B23-285_C1,11
CATTACGTCGGCCCGT-1_V13B23-285_C1,10
CATTATGCTTGTTGTG-1_V13B23-285_C1,4
CATTCCCATTCCGTCG-1_V13B23-285_C1,11
CATTCCCTAAGTACAA-1_V13B23-285_C1,12
CATTCGTCGTAGCGGT-1_V13B23-285_C1,7
CATTGATGAACACGCC-1_V13B23-285_C1,11
CATTGCGAAATGGGCG-1_V13B23-285_C1,11
CATTGCGGGTCAATTC-1_V13B23-285_C1,11
CATTGTGTGCTAGATC-1_V13B23-285_C1,4
CATTTAGCGGACCATG-1_V13B23-285_C1,11
CATTTCTAGCAGACTA-1_V13B23-285_C1,4
CATTTGAGTGGTACGT-1_V13B23-285_C1,6
CCAAACAGAACCCTCG-1_V13B23-285_C1,4
CCAAATAACAAGATTC-1_V13B23-285_C1,7
CCAACGATGCACTGAT-1_V13B23-285_C1,4
CCAACGCTTGCCAGGG-1_V13B23-285_C1,8
CCAACTTGATAGATCC-1_V13B23-285_C1,7
CCAAGAAAGTGGGCGA-1_V13B23-285_C1,6
CCAAGACTTCTGCGAA-1_V13B23-285_C1,10
CCAAGCGTAACTCGTA-1_V13B23-285_C1,9
CCAAGGAACAGAGAGG-1_V13B23-285_C1,8
CCAAGTTTCTACAGAT-1_V13B23-285_C1,10
CCAATAGTGCCGTCGA-1_V13B23-285_C1,4
CCAATCGGTAGATCGA-1_V13B23-285_C1,11
CCAATGTCACAGCAAG-1_V13B23-285_C1,4
CCAATTACGGGTCGAG-1_V13B23-285_C1,11
CCAATTGAATGTTAAT-1_V13B23-285_C1,12
CCACAATGTACGTCTT-1_V13B23-285_C1,11
CCACACTGAGATATTA-1_V13B23-285_C1,4
CCACAGTACCCATCCT-1_V13B23-285_C1,7
CCACATACTGCACCCA-1_V13B23-285_C1,7
CCACCAACTTTACTGT-1_V13B23-285_C1,6
CCACCCAAGGAAAGTG-1_V13B23-285_C1,7
CCACCTGTATGGAATA-1_V13B23-285_C1,7
CCACGAATTTAACCTC-1_V13B23-285_C1,7
CCACGAGAAGAGAATC-1_V13B23-285_C1,10
CCACGGAGCCATAAGA-1_V13B23-285_C1,6
CCACGGTGCCCGGTAG-1_V13B23-285_C1,7
CCACGTAAATTAGACT-1_V13B23-285_C1,1
CCACTATCCGGGTCAC-1_V13B23-285_C1,11
CCACTGGTGGCTGGTT-1_V13B23-285_C1,4
CCACTGTTTGGATTAA-1_V13B23-285_C1,7
CCAGAAAGCAACTCAT-1_V13B23-285_C1,6
CCAGAGACAAAGCCGG-1_V13B23-285_C1,4
CCAGATAGTTGAGTGA-1_V13B23-285_C1,11
CCAGATGTAAATGGGT-1_V13B23-285_C1,2
CCAGCCTGGACCAATA-1_V13B23-285_C1,7
CCAGCGGGATCACCAG-1_V13B23-285_C1,12
CCAGCTCGAACGCATT-1_V13B23-285_C1,3
CCAGCTGATGGTACTT-1_V13B23-285_C1,11
CCAGCTTCCGCCCGCA-1_V13B23-285_C1,4
CCAGGCTGGCGTCTGA-1_V13B23-285_C1,7
CCAGGGACGTGGCCTC-1_V13B23-285_C1,4
CCAGTAGTCTGATCCA-1_V13B23-285_C1,11
CCAGTCAAATCTCTTA-1_V13B23-285_C1,11
CCAGTCTAGACGGCGC-1_V13B23-285_C1,11
CCAGTCTTGTCATAGA-1_V13B23-285_C1,6
CCATAAACAACCCGAC-1_V13B23-285_C1,10
CCATACCTTTACTTGT-1_V13B23-285_C1,11
CCATAGGTTGGCGTGG-1_V13B23-285_C1,10
CCATAGTCAGTAACCC-1_V13B23-285_C1,9
CCATATGGAAACTATA-1_V13B23-285_C1,7
CCATATTGGATCATGA-1_V13B23-285_C1,8
CCATCCATACCAAGTC-1_V13B23-285_C1,8
CCATCGCAGTTAAACT-1_V13B23-285_C1,7
CCATCTCACCAGTGAA-1_V13B23-285_C1,7
CCATGCCCTAGATTTC-1_V13B23-285_C1,7
CCATGCCTGTTTAGTA-1_V13B23-285_C1,4
CCATGCTCTGCAGGAA-1_V13B23-285_C1,12
CCATGGCCCTTGTACC-1_V13B23-285_C1,4
CCATTAGCGATAATCC-1_V13B23-285_C1,4
CCATTCCCTGCCCACA-1_V13B23-285_C1,4
CCATTGTTTCCTCCAT-1_V13B23-285_C1,11
CCATTTCTACCTATTA-1_V13B23-285_C1,7
CCCAAACATGCTGCTC-1_V13B23-285_C1,1
CCCAACATACGTCGCG-1_V13B23-285_C1,6
CCCAACCACACTAACA-1_V13B23-285_C1,8
CCCAATGAGATTTGCA-1_V13B23-285_C1,6
CCCAATTTCACAACTT-1_V13B23-285_C1,6
CCCAGAGGAGGGCGTA-1_V13B23-285_C1,11
CCCAGGTCTGAAGGCT-1_V13B23-285_C1,7
CCCAGTTAAGGCGCCG-1_V13B23-285_C1,7
CCCGAAGTTTCGCGAA-1_V13B23-285_C1,11
CCCGACCATAGTCCGC-1_V13B23-285_C1,10
CCCGAGTTTCTCCGTA-1_V13B23-285_C1,7
CCCGATAGCCTCGCCT-1_V13B23-285_C1,1
CCCGCAGCGCGAACTA-1_V13B23-285_C1,7
CCCGCAGGGCCCAAAG-1_V13B23-285_C1,10
CCCGCCATGCTCCCGT-1_V13B23-285_C1,9
CCCGCGCAATGCACCC-1_V13B23-285_C1,4
CCCGGTGGAAGAACCT-1_V13B23-285_C1,4
CCCGGTGTATCGGAAT-1_V13B23-285_C1,3
CCCGTAGCTGGGAAGA-1_V13B23-285_C1,6
CCCGTCAGCGTCTGAC-1_V13B23-285_C1,4
CCCGTTTCGCAGATGT-1_V13B23-285_C1,7
CCCTATGTAGAGCAGA-1_V13B23-285_C1,6
CCCTCATTCTGGAATT-1_V13B23-285_C1,10
CCCTCCTCGCTCGTAT-1_V13B23-285_C1,7
CCCTGAAATGAGTTGA-1_V13B23-285_C1,4
CCCTGACTAACAAATT-1_V13B23-285_C1,11
CCCTGATGTAACTCGT-1_V13B23-285_C1,4
CCCTGCCCAATCCGCT-1_V13B23-285_C1,4
CCCTGCGCTACGCATA-1_V13B23-285_C1,4
CCCTGTTGGCAAAGAC-1_V13B23-285_C1,10
CCCTTTAATGGAGTTC-1_V13B23-285_C1,7
CCCTTTGACAGGTCTT-1_V13B23-285_C1,1
CCGAAAGTGGTGAGCA-1_V13B23-285_C1,4
CCGAACACTGGGCCTC-1_V13B23-285_C1,11
CCGAACCTTCCCGGCC-1_V13B23-285_C1,7
CCGAAGGGCGTACCGC-1_V13B23-285_C1,11
CCGAAGTATATTGTTC-1_V13B23-285_C1,4
CCGACAAACACATGAG-1_V13B23-285_C1,4
CCGACAAAGGGAGTGC-1_V13B23-285_C1,4
CCGACAATAGGCCGCC-1_V13B23-285_C1,7
CCGACGGGCATGAGGT-1_V13B23-285_C1,6
CCGACGTAAACACAAC-1_V13B23-285_C1,9
CCGAGAAGTCGCATAA-1_V13B23-285_C1,7
CCGAGCTGTGCTTGTC-1_V13B23-285_C1,11
CCGATATGACGTAAGG-1_V13B23-285_C1,7
CCGATCTCAACCTTAT-1_V13B23-285_C1,7
CCGATTCGAGGGACCC-1_V13B23-285_C1,4
CCGCACAAAGACCAAC-1_V13B23-285_C1,1
CCGCACACGAACGTGT-1_V13B23-285_C1,7
CCGCACGTGACCTCGG-1_V13B23-285_C1,4
CCGCATGTGGTACGAT-1_V13B23-285_C1,7
CCGCCGGTCAACACAC-1_V13B23-285_C1,5
CCGCCGTTGAGGATAA-1_V13B23-285_C1,7
CCGCCTGCGAATTGGT-1_V13B23-285_C1,11
CCGCGGAATGCGTCAC-1_V13B23-285_C1,6
CCGCGGGTACGAAGAA-1_V13B23-285_C1,4
CCGCGTAGGTAAGGGC-1_V13B23-285_C1,4
CCGCTATCAGCACCAG-1_V13B23-285_C1,7
CCGCTCTTCCGAACTA-1_V13B23-285_C1,7
CCGCTTACCTCACTCT-1_V13B23-285_C1,6
CCGCTTGCTGACATGG-1_V13B23-285_C1,11
CCGGAAGTTATCAGTC-1_V13B23-285_C1,7
CCGGAATGGTTTCAGT-1_V13B23-285_C1,4
CCGGAGCGTACTTTCT-1_V13B23-285_C1,6
CCGGAGGTCTTATGGT-1_V13B23-285_C1,6
CCGGCACGACCGTTTC-1_V13B23-285_C1,1
CCGGCGCATATTGGAT-1_V13B23-285_C1,10
CCGGGCGGTCTCGTCA-1_V13B23-285_C1,11
CCGGGCTGCTCCATAC-1_V13B23-285_C1,7
CCGGGTTCGAGGTTAC-1_V13B23-285_C1,6
CCGGTAATGGCTAGTC-1_V13B23-285_C1,7
CCGGTTTGTAATTGTG-1_V13B23-285_C1,6
CCGTAAGTTGGTCCCA-1_V13B23-285_C1,1
CCGTACCCAAGCGCCA-1_V13B23-285_C1,8
CCGTAGGAAATCCCTG-1_V13B23-285_C1,7
CCGTAGGGTTGTTTAC-1_V13B23-285_C1,7
CCGTATCTCGTCGTAG-1_V13B23-285_C1,6
CCGTATTAGCGCAGTT-1_V13B23-285_C1,11
CCGTGAGGCATTCATG-1_V13B23-285_C1,1
CCGTGCCCATGACGGC-1_V13B23-285_C1,8
CCGTGGAACGATCCAA-1_V13B23-285_C1,11
CCGTGTTAAATTCCAT-1_V13B23-285_C1,6
CCGTTACGTTAGAACA-1_V13B23-285_C1,1
CCGTTCCGAATCTCGG-1_V13B23-285_C1,4
CCTAAAGGCTGACGCT-1_V13B23-285_C1,10
CCTAAATTAACGGTTC-1_V13B23-285_C1,7
CCTAAATTGTATCCTA-1_V13B23-285_C1,7
CCTAACCCAAACAAGT-1_V13B23-285_C1,7
CCTAACTAAGGCTCTA-1_V13B23-285_C1,11
CCTACAAGTCCGGAAT-1_V13B23-285_C1,2
CCTACATTCACAGACG-1_V13B23-285_C1,6
CCTACGGCTCAGTCGA-1_V13B23-285_C1,4
CCTACTCAACACGATT-1_V13B23-285_C1,7
CCTACTGCGGCGGCCA-1_V13B23-285_C1,2
CCTACTGCTTACACTT-1_V13B23-285_C1,4
CCTAGGCGTAGCGATC-1_V13B23-285_C1,7
CCTAGGTAAAGGTAGC-1_V13B23-285_C1,6
CCTAGTTAGTCGCATG-1_V13B23-285_C1,10
CCTATAATGAGTGCCC-1_V13B23-285_C1,7
CCTATACCGTCCTGTC-1_V13B23-285_C1,6
CCTATATCGTGTCACG-1_V13B23-285_C1,6
CCTATATTTGTCCTGG-1_V13B23-285_C1,6
CCTATCTATATCGGAA-1_V13B23-285_C1,3
CCTATGAAGTGGTGCC-1_V13B23-285_C1,7
CCTATGGCTCCTAGTG-1_V13B23-285_C1,1
CCTATGGGTTACCGTC-1_V13B23-285_C1,11
CCTATGTCCACTCCAC-1_V13B23-285_C1,7
CCTCACCAATCTTGAC-1_V13B23-285_C1,4
CCTCACCTGAGGGAGC-1_V13B23-285_C1,11
CCTCACCTTAGCATCG-1_V13B23-285_C1,11
CCTCACGTCAGCTAAT-1_V13B23-285_C1,7
CCTCCCGACAATCCCT-1_V13B23-285_C1,8
CCTCCGACAATTCAAG-1_V13B23-285_C1,4
CCTCCTGTTGTGTCGT-1_V13B23-285_C1,7
CCTCGAAGTGGACGGG-1_V13B23-285_C1,10
CCTCGCCAGCAAATTA-1_V13B23-285_C1,10
CCTCGCGCGATATAGG-1_V13B23-285_C1,11
CCTCGCGCTGTGCGAT-1_V13B23-285_C1,1
CCTCGGACCGGGATAG-1_V13B23-285_C1,7
CCTCGGATGCTACCTG-1_V13B23-285_C1,4
CCTCTAATCTGCCAAG-1_V13B23-285_C1,1
CCTCTATCGATTAGCA-1_V13B23-285_C1,6
CCTCTCTCCCATCTAG-1_V13B23-285_C1,4
CCTCTGGCCTAGACGG-1_V13B23-285_C1,10
CCTCTGTACTATTCTA-1_V13B23-285_C1,9
CCTGAACGATATATTC-1_V13B23-285_C1,7
CCTGAATATTTACATA-1_V13B23-285_C1,1
CCTGACCACCGATGGT-1_V13B23-285_C1,7
CCTGCCCGTTGTCTAG-1_V13B23-285_C1,11
CCTGCGTTCTACGCTT-1_V13B23-285_C1,4
CCTGCTATTTGAGAAG-1_V13B23-285_C1,4
CCTGGAAACGTTCTGC-1_V13B23-285_C1,7
CCTGGCTAGACCCGCC-1_V13B23-285_C1,4
CCTGGTCGAATGTGGG-1_V13B23-285_C1,7
CCTGTAAGACATGATA-1_V13B23-285_C1,4
CCTGTACTCACGCCCA-1_V13B23-285_C1,4
CCTGTCACCCGGGCTC-1_V13B23-285_C1,6
CCTGTCCCTCACGTTA-1_V13B23-285_C1,7
CCTGTCGCCCGTAAAT-1_V13B23-285_C1,7
CCTGTTTGAAGACACG-1_V13B23-285_C1,7
CCTTCAGTTAAAGTGA-1_V13B23-285_C1,6
CCTTCTCAGCGTTCCT-1_V13B23-285_C1,11
CCTTCTTGATCCAGTG-1_V13B23-285_C1,10
CCTTGACCACTTTATT-1_V13B23-285_C1,7
CCTTTAAGGGAGCACT-1_V13B23-285_C1,6
CCTTTCAATGAAGAAA-1_V13B23-285_C1,11
CGAAACATAGATGGCA-1_V13B23-285_C1,10
CGAAACGCAATTCATG-1_V13B23-285_C1,6
CGAACAGTATGGGCGT-1_V13B23-285_C1,7
CGAACCCGCATGCGTC-1_V13B23-285_C1,4
CGAACGCCCAGTGCCG-1_V13B23-285_C1,10
CGAACGGCCGGACAAC-1_V13B23-285_C1,4
CGAAGCTATAAATTCA-1_V13B23-285_C1,11
CGAAGTTGCTCTGTGT-1_V13B23-285_C1,4
CGAATCTGCTCGACGC-1_V13B23-285_C1,1
CGAATGACGCATAATG-1_V13B23-285_C1,6
CGACAATTTGATCTAA-1_V13B23-285_C1,7
CGACACGCTCCGACAG-1_V13B23-285_C1,7
CGACAGTTCGCGTTAT-1_V13B23-285_C1,4
CGACATGCGATCTTCT-1_V13B23-285_C1,8
CGACCCTTAACGCCGG-1_V13B23-285_C1,4
CGACTCAGGATGTTAT-1_V13B23-285_C1,1
CGACTTTGTATAGCCT-1_V13B23-285_C1,11
CGAGACCCTAGAGTGT-1_V13B23-285_C1,9
CGAGAGATGTGAACCT-1_V13B23-285_C1,11
CGAGAGGGTAGCCGCG-1_V13B23-285_C1,7
CGAGATTTCGCTCGGG-1_V13B23-285_C1,7
CGAGCACTTCAAGTTT-1_V13B23-285_C1,4
CGAGCGTTGATCAGCC-1_V13B23-285_C1,8
CGAGCTGGGCTTTAGG-1_V13B23-285_C1,10
CGAGGAGCTTCCATAT-1_V13B23-285_C1,11
CGAGGATCGGGAACGA-1_V13B23-285_C1,11
CGAGGCCAGGCATTGG-1_V13B23-285_C1,4
CGAGGCTAAATATGGC-1_V13B23-285_C1,11
CGAGGGACTGCGGTCG-1_V13B23-285_C1,7
CGAGTACTAAAGAGGA-1_V13B23-285_C1,6
CGAGTGAAGGTACCAG-1_V13B23-285_C1,6
CGAGTTCTGTCCCACC-1_V13B23-285_C1,11
CGAGTTTATCGGACTG-1_V13B23-285_C1,7
CGATAATACTCAGGTT-1_V13B23-285_C1,7
CGATACCTCGCGGACA-1_V13B23-285_C1,4
CGATCCGACCCAGTGC-1_V13B23-285_C1,4
CGATCTGTTGGAGGAC-1_V13B23-285_C1,6
CGATGGACCCTACGCC-1_V13B23-285_C1,11
CGATTAAATATCTCCT-1_V13B23-285_C1,1
CGATTCGCCTGGCTGC-1_V13B23-285_C1,7
CGCAAACACGAGTTAC-1_V13B23-285_C1,4
CGCAATTACTTTCGGT-1_V13B23-285_C1,4
CGCAATTAGGGTAATA-1_V13B23-285_C1,4
CGCAATTCTACAATAA-1_V13B23-285_C1,4
CGCACATGTCCACTAC-1_V13B23-285_C1,7
CGCACGTGCGCTATCA-1_V13B23-285_C1,7
CGCAGATCTTCACCCG-1_V13B23-285_C1,11
CGCAGGCGATCCAAAC-1_V13B23-285_C1,7
CGCATCATGGCTTCAG-1_V13B23-285_C1,12
CGCATCCATCAGCCAG-1_V13B23-285_C1,11
CGCATGGTGCGATGCT-1_V13B23-285_C1,7
CGCATTAGCTAATAGG-1_V13B23-285_C1,6
CGCCAAGAAGCCGAGT-1_V13B23-285_C1,9
CGCCAATTATTGCGTT-1_V13B23-285_C1,12
CGCCACAGGTCGCGAT-1_V13B23-285_C1,6
CGCCATCCGATTATGA-1_V13B23-285_C1,11
CGCCCAGCACGCCTAG-1_V13B23-285_C1,6
CGCCCGCTTCCGTACA-1_V13B23-285_C1,10
CGCCCTTGAAGGCTGA-1_V13B23-285_C1,4
CGCCGCCCATGCCTGT-1_V13B23-285_C1,7
CGCCGTCTACCCATCG-1_V13B23-285_C1,1
CGCCGTTCAGCATAGT-1_V13B23-285_C1,7
CGCCTCCCTCCTCTAT-1_V13B23-285_C1,7
CGCCTGGCCTACGTAA-1_V13B23-285_C1,11
CGCCTTTAGCATGCTC-1_V13B23-285_C1,7
CGCGACACTGCGCAGC-1_V13B23-285_C1,4
CGCGACCGCGACAGAT-1_V13B23-285_C1,7
CGCGAGAGGGACTTGT-1_V13B23-285_C1,11
CGCGAGTCTGCCGGGT-1_V13B23-285_C1,6
CGCGCAAATGTCCAGA-1_V13B23-285_C1,6
CGCGCATGTTTGATTG-1_V13B23-285_C1,6
CGCGCCCGACTTAATA-1_V13B23-285_C1,10
CGCGGCAGTATTACGG-1_V13B23-285_C1,12
CGCGGCTCAACTTGAA-1_V13B23-285_C1,7
CGCGGGAATTAGGCAG-1_V13B23-285_C1,11
CGCGGTAAGTCTAGCT-1_V13B23-285_C1,11
CGCGGTACGGTATACA-1_V13B23-285_C1,6
CGCGGTCACAAACCAA-1_V13B23-285_C1,9
CGCGTTCATGAAATAC-1_V13B23-285_C1,9
CGCTACGGGACATTTA-1_V13B23-285_C1,4
CGCTAGAGACCGCTGC-1_V13B23-285_C1,7
CGCTATACCGCCCACT-1_V13B23-285_C1,8
CGCTATTCAATGTATG-1_V13B23-285_C1,4
CGCTATTCTTAGGCTC-1_V13B23-285_C1,7
CGCTCGACATAATGAT-1_V13B23-285_C1,12
CGCTCTCCGTAGATTA-1_V13B23-285_C1,4
CGCTGGTGACTACCCT-1_V13B23-285_C1,7
CGCTGTGACGCCGCAC-1_V13B23-285_C1,4
CGCTGTGTGGATGTTG-1_V13B23-285_C1,6
CGCTTATTCCCGGTCG-1_V13B23-285_C1,6
CGCTTCCACTGAAATC-1_V13B23-285_C1,9
CGCTTTCATACCGGTG-1_V13B23-285_C1,5
CGCTTTCTTGCATTCG-1_V13B23-285_C1,11
CGGAAAGAATCAAACG-1_V13B23-285_C1,6
CGGAAAGCAAATGTGC-1_V13B23-285_C1,6
CGGAACGTAAACATAG-1_V13B23-285_C1,6
CGGAGCAATTTAATCG-1_V13B23-285_C1,1
CGGAGCATGGCGATCC-1_V13B23-285_C1,9
CGGAGCTTATAACACC-1_V13B23-285_C1,9
CGGAGTTTGAGAGACA-1_V13B23-285_C1,4
CGGATAAGCGGACATG-1_V13B23-285_C1,4
CGGATCCTCAAGGACT-1_V13B23-285_C1,7
CGGCAAACATCGTGCG-1_V13B23-285_C1,7
CGGCAATAAGATCGCC-1_V13B23-285_C1,7
CGGCACCGTTAGCGCC-1_V13B23-285_C1,9
CGGCACTCAAGAAAGT-1_V13B23-285_C1,8
CGGCCACGCACAAAGT-1_V13B23-285_C1,7
CGGCCCAACCTGTAGT-1_V13B23-285_C1,11
CGGCCCAGGTATATCC-1_V13B23-285_C1,7
CGGCGCCATCAATCCC-1_V13B23-285_C1,7
CGGCTCTAAAGCTGCA-1_V13B23-285_C1,7
CGGCTCTTCGTCGAAC-1_V13B23-285_C1,2
CGGGAATATAGTATAC-1_V13B23-285_C1,7
CGGGAATTTATGTAAA-1_V13B23-285_C1,7
CGGGAGCTTCAGTGTA-1_V13B23-285_C1,7
CGGGAGTATACCGCCG-1_V13B23-285_C1,4
CGGGATCAATGTAAGA-1_V13B23-285_C1,1
CGGGCAGCTAAACCGC-1_V13B23-285_C1,1
CGGGCCATAGCCGCAC-1_V13B23-285_C1,4
CGGGCCTTCTTTGTAA-1_V13B23-285_C1,4
CGGGTGTACCCATTTA-1_V13B23-285_C1,11
CGGGTTTGTTAGGGCT-1_V13B23-285_C1,7
CGGTACTAGAATCAAA-1_V13B23-285_C1,7
CGGTAGAGGTGCAGGT-1_V13B23-285_C1,1
CGGTATAGGTATTAGC-1_V13B23-285_C1,12
CGGTCAAGTGGGAACC-1_V13B23-285_C1,6
CGGTCAGTCCATATTT-1_V13B23-285_C1,7
CGGTCCATGAGACTCC-1_V13B23-285_C1,11
CGGTCCGTCGCAAGCC-1_V13B23-285_C1,6
CGGTCTATCAACCCGT-1_V13B23-285_C1,10
CGGTGAAGACTAAAGT-1_V13B23-285_C1,4
CGGTGCAGATAGAACG-1_V13B23-285_C1,6
CGGTGCGCGTTGGTCC-1_V13B23-285_C1,6
CGGTGGGCTCCAGCCT-1_V13B23-285_C1,11
CGGTGTACTTGATCCC-1_V13B23-285_C1,4
CGGTTCAAGTAGGTGT-1_V13B23-285_C1,11
CGGTTTATGAAGGAAC-1_V13B23-285_C1,2
CGTAAACGCTTGAGTG-1_V13B23-285_C1,4
CGTAATAATTACGAGT-1_V13B23-285_C1,6
CGTACCTGATAGGCCT-1_V13B23-285_C1,9
CGTAGCGAATTGTCAG-1_V13B23-285_C1,10
CGTATTAAGAGATCTA-1_V13B23-285_C1,4
CGTATTGTTTCCTAAT-1_V13B23-285_C1,11
CGTCAAATGGTCGCAG-1_V13B23-285_C1,2
CGTCAAGGCTATAAAT-1_V13B23-285_C1,4
CGTCAATCTTTAACAT-1_V13B23-285_C1,8
CGTCACGTCCATTGGT-1_V13B23-285_C1,4
CGTCAGCTATTTACTC-1_V13B23-285_C1,2
CGTCAGTGCGCACAAG-1_V13B23-285_C1,8
CGTCATACCATATCCA-1_V13B23-285_C1,4
CGTCGCGGCGGGATTT-1_V13B23-285_C1,3
CGTCGGATAGTGTTGA-1_V13B23-285_C1,11
CGTCGGGTCTAAGCGC-1_V13B23-285_C1,6
CGTCGTCCTTCGCGAA-1_V13B23-285_C1,7
CGTCTGGAAGGGCCCG-1_V13B23-285_C1,10
CGTCTTGAGTGTGACG-1_V13B23-285_C1,7
CGTGAAGTTAATTCAC-1_V13B23-285_C1,4
CGTGACATTGGGTCGT-1_V13B23-285_C1,11
CGTGACCAGTCCTCTG-1_V13B23-285_C1,4
CGTGCAGACTGGGACA-1_V13B23-285_C1,7
CGTGCATTGTCGACGC-1_V13B23-285_C1,6
CGTGCCCTCCCGAAGA-1_V13B23-285_C1,7
CGTGCTTCTACCTAAA-1_V13B23-285_C1,1
CGTGGAAGCCTCGTAC-1_V13B23-285_C1,7
CGTGGCCGAATATCTA-1_V13B23-285_C1,7
CGTGTCCCATTCGCGA-1_V13B23-285_C1,4
CGTGTCTCGTTACGAC-1_V13B23-285_C1,6
CGTGTGTTAAACCCTG-1_V13B23-285_C1,11
CGTTAAACTAGTTAGG-1_V13B23-285_C1,7
CGTTAATGTCCCGACG-1_V13B23-285_C1,7
CGTTAGCTCACAACTG-1_V13B23-285_C1,11
CGTTCATGGTGCGCGT-1_V13B23-285_C1,6
CGTTCTTCGCACACCT-1_V13B23-285_C1,11
CGTTGAATACCGCGCT-1_V13B23-285_C1,7
CGTTGAGCGACCGTCG-1_V13B23-285_C1,7
CGTTGAGTAATTGCGT-1_V13B23-285_C1,9
CGTTGTAAACGTCAGG-1_V13B23-285_C1,4
CGTTGTAAGATTGATT-1_V13B23-285_C1,11
CGTTGTTTCAATTCCC-1_V13B23-285_C1,4
CGTTTAAGCGGAGCAC-1_V13B23-285_C1,5
CGTTTACAAGGCAGCT-1_V13B23-285_C1,11
CGTTTCACTTCGGGCG-1_V13B23-285_C1,12
CGTTTCGCTCATTACA-1_V13B23-285_C1,4
CGTTTGGTGTTGTGGG-1_V13B23-285_C1,7
CGTTTGTGTAGAGGGT-1_V13B23-285_C1,6
CTAAAGAATGCCTACT-1_V13B23-285_C1,4
CTAAAGGGAAATAGGA-1_V13B23-285_C1,7
CTAAATCCGGTGTACA-1_V13B23-285_C1,4
CTAAATCCTATTCCGG-1_V13B23-285_C1,11
CTAACCGCGCGCCCGT-1_V13B23-285_C1,4
CTAACGAAACTTGCTG-1_V13B23-285_C1,11
CTAACTGATAATCGCC-1_V13B23-285_C1,7
CTAACTGGTCCGGTTC-1_V13B23-285_C1,6
CTAAGGGAATGATTGG-1_V13B23-285_C1,7
CTAATTCGCACGCGCT-1_V13B23-285_C1,4
CTAATTCTCAGATATT-1_V13B23-285_C1,11
CTAATTTCAACAACAC-1_V13B23-285_C1,4
CTACAAGAAATAACCC-1_V13B23-285_C1,9
CTACACTCGCAGATGG-1_V13B23-285_C1,7
CTACCCTAAGGTCATA-1_V13B23-285_C1,11
CTACGACTAGCTATAA-1_V13B23-285_C1,6
CTACGCACGGAGTACC-1_V13B23-285_C1,5
CTACTATCATAGGTTT-1_V13B23-285_C1,6
CTACTATCTTTCAGAG-1_V13B23-285_C1,11
CTACTCAAGGTATAGT-1_V13B23-285_C1,6
CTACTCTAGGCCCGGC-1_V13B23-285_C1,4
CTACTGCCACCTGACC-1_V13B23-285_C1,6
CTAGACTGCATTTCGT-1_V13B23-285_C1,9
CTAGATGTGAGTGTAA-1_V13B23-285_C1,11
CTAGATTTACGACGGC-1_V13B23-285_C1,7
CTAGCATAGTATAATG-1_V13B23-285_C1,3
CTAGCCACAGGCGAGC-1_V13B23-285_C1,7
CTAGCCGATGTTATGA-1_V13B23-285_C1,11
CTAGCTTAATGGTCCC-1_V13B23-285_C1,7
CTAGGCGCCCTATCAG-1_V13B23-285_C1,7
CTAGGTCTGAAGGAAT-1_V13B23-285_C1,7
CTAGGTTCGGACGTGA-1_V13B23-285_C1,7
CTAGTAGAAAGGGATT-1_V13B23-285_C1,7
CTAGTCACGTCTTAAG-1_V13B23-285_C1,1
CTAGTGAAGGACAGGA-1_V13B23-285_C1,4
CTAGTTACAACCCGGT-1_V13B23-285_C1,7
CTAGTTGGGCCCGGTA-1_V13B23-285_C1,3
CTATAAGAGCCAATCG-1_V13B23-285_C1,11
CTATAGGCGTTGATGT-1_V13B23-285_C1,6
CTATCGACGAAATACA-1_V13B23-285_C1,7
CTATCGCGTAGAGAAC-1_V13B23-285_C1,7
CTATCGGGTCTCAACA-1_V13B23-285_C1,2
CTATGCCCGAATGCAA-1_V13B23-285_C1,6
CTATGGGAAGCGGAAT-1_V13B23-285_C1,7
CTATGTCACTAGCCCA-1_V13B23-285_C1,6
CTATGTCTATTGAAAC-1_V13B23-285_C1,8
CTATGTGAGTCACGGC-1_V13B23-285_C1,11
CTATTCATGTGTCCCA-1_V13B23-285_C1,7
CTATTGTGTTTGGTCA-1_V13B23-285_C1,11
CTATTTGGTTACGGAT-1_V13B23-285_C1,7
CTCAACTAACCCGGAT-1_V13B23-285_C1,7
CTCAAGACATTAGCGC-1_V13B23-285_C1,11
CTCACACGCAAGCCTA-1_V13B23-285_C1,2
CTCACATTTACTAAAT-1_V13B23-285_C1,7
CTCACTGTGATACTTA-1_V13B23-285_C1,7
CTCACTTGGCTGGTAA-1_V13B23-285_C1,4
CTCAGGACTCACCTGT-1_V13B23-285_C1,4
CTCAGTCACGACAAAT-1_V13B23-285_C1,11
CTCATCACTTAGTGAT-1_V13B23-285_C1,11
CTCATGGCTCACAATC-1_V13B23-285_C1,5
CTCATGGTAATTTGCG-1_V13B23-285_C1,6
CTCATTAACGTTGCCC-1_V13B23-285_C1,11
CTCATTGCTCTAACAA-1_V13B23-285_C1,7
CTCATTTGATGGGCGG-1_V13B23-285_C1,1
CTCCCAATGAGTCGCG-1_V13B23-285_C1,7
CTCCCTCCTTTCGATC-1_V13B23-285_C1,6
CTCCGCCCACATGAGG-1_V13B23-285_C1,6
CTCCGGCCTAATATGC-1_V13B23-285_C1,10
CTCCGGCTTGTAGACA-1_V13B23-285_C1,10
CTCCTAAGTTATGTCT-1_V13B23-285_C1,8
CTCCTCCAGCTCACAC-1_V13B23-285_C1,6
CTCCTGTTCAAGGCAG-1_V13B23-285_C1,7
CTCCTTTACGCAAGTC-1_V13B23-285_C1,11
CTCGAGATCCAAAGCA-1_V13B23-285_C1,8
CTCGAGGTCGAACAGT-1_V13B23-285_C1,6
CTCGATATTTGCGAGC-1_V13B23-285_C1,11
CTCGCACCTATATAGT-1_V13B23-285_C1,1
CTCGCCGAATGTAGGG-1_V13B23-285_C1,7
CTCGGGATAACACCTA-1_V13B23-285_C1,11
CTCGGGTTCTCTGGCC-1_V13B23-285_C1,6
CTCGGTACCACTGCTC-1_V13B23-285_C1,7
CTCGGTCCGTAGCCTG-1_V13B23-285_C1,10
CTCGGTTGTCGGCCCT-1_V13B23-285_C1,6
CTCGTCGAGGGCTCAT-1_V13B23-285_C1,6
CTCGTTTCTAATGTTT-1_V13B23-285_C1,11
CTCTAATGCATTGATC-1_V13B23-285_C1,11
CTCTACACTGGCGATT-1_V13B23-285_C1,11
CTCTATTTGGCTGCAG-1_V13B23-285_C1,7
CTCTCACAATCGATGA-1_V13B23-285_C1,1
CTCTCGCTGTACTATG-1_V13B23-285_C1,6
CTCTCTAACTGCCTAG-1_V13B23-285_C1,6
CTCTGCGAAGCAAGCA-1_V13B23-285_C1,8
CTCTGGACGCCTGGTG-1_V13B23-285_C1,1
CTCTGTTTGAGGATTC-1_V13B23-285_C1,10
CTCTTCTATTGACTGG-1_V13B23-285_C1,7
CTCTTCTGGAAGTTAG-1_V13B23-285_C1,6
CTCTTGTCCCGCTTGG-1_V13B23-285_C1,1
CTGAAAGAGATCCGAC-1_V13B23-285_C1,5
CTGAATCCGAGACCTC-1_V13B23-285_C1,4
CTGAATTTATTGCCAG-1_V13B23-285_C1,11
CTGACATAGAAATAGA-1_V13B23-285_C1,7
CTGACTGCGCAGCTCG-1_V13B23-285_C1,11
CTGAGAAAGTTCGGCG-1_V13B23-285_C1,7
CTGAGCAAGTAACAAG-1_V13B23-285_C1,4
CTGAGCGAGACTTATT-1_V13B23-285_C1,2
CTGATAGTGTATCTCA-1_V13B23-285_C1,4
CTGCAAGCACGTTCCG-1_V13B23-285_C1,7
CTGCACAACTACATAT-1_V13B23-285_C1,7
CTGCACCTAGTCCACA-1_V13B23-285_C1,11
CTGCACCTGGAACCGC-1_V13B23-285_C1,10
CTGCACTCCAGTACAG-1_V13B23-285_C1,7
CTGCAGAGAATCAGAG-1_V13B23-285_C1,7
CTGCCAAGGTTGGAAG-1_V13B23-285_C1,9
CTGCCATGCATCACAT-1_V13B23-285_C1,4
CTGCCCACGAAGCGTT-1_V13B23-285_C1,4
CTGCCTAGCCACCAAG-1_V13B23-285_C1,8
CTGCCTCATATGCAAC-1_V13B23-285_C1,11
CTGCCTTTCTAGTAAA-1_V13B23-285_C1,7
CTGCGGGTGAAATGTT-1_V13B23-285_C1,4
CTGCGGTAGTCACGTG-1_V13B23-285_C1,9
CTGCGTTACGATATAA-1_V13B23-285_C1,11
CTGCTGAGGCCACGAA-1_V13B23-285_C1,6
CTGCTGTCTAACGAGC-1_V13B23-285_C1,7
CTGCTTGGCGATAGCT-1_V13B23-285_C1,7
CTGCTTTATGTCCGCG-1_V13B23-285_C1,11
CTGGAAATGGATGCTT-1_V13B23-285_C1,4
CTGGAAGACACGGTGG-1_V13B23-285_C1,7
CTGGACGCAGTCCGGC-1_V13B23-285_C1,6
CTGGATTTACACTTGA-1_V13B23-285_C1,1
CTGGCATCCGAATGAG-1_V13B23-285_C1,6
CTGGCGACATAAGTCC-1_V13B23-285_C1,10
CTGGCGCACAGGTCTG-1_V13B23-285_C1,7
CTGGCGGGAATAAGTA-1_V13B23-285_C1,4
CTGGCTGATTCATCCT-1_V13B23-285_C1,3
CTGGCTGGTTGTCAGT-1_V13B23-285_C1,6
CTGGGATAAATAATGG-1_V13B23-285_C1,7
CTGGGATACGCTACCC-1_V13B23-285_C1,1
CTGGGCCTGCTATATC-1_V13B23-285_C1,6
CTGGGTAGGCAGTTAA-1_V13B23-285_C1,7
CTGGTAAAGTGTGGGC-1_V13B23-285_C1,7
CTGGTAACACATAGAA-1_V13B23-285_C1,7
CTGGTAACGAGCTCTT-1_V13B23-285_C1,11
CTGGTCATTCCAATCC-1_V13B23-285_C1,4
CTGGTTCGCGAGCTAC-1_V13B23-285_C1,7
CTGGTTTCGAGCAAGA-1_V13B23-285_C1,7
CTGTACTTCTTAGCAT-1_V13B23-285_C1,4
CTGTAGCCATCTCACT-1_V13B23-285_C1,6
CTGTATGGTGTAGAAA-1_V13B23-285_C1,4
CTGTCAAATGGCTCGG-1_V13B23-285_C1,11
CTGTCACGCCAGGCGC-1_V13B23-285_C1,2
CTGTGCAGGGTAGGTC-1_V13B23-285_C1,7
CTGTGGTCGGGAGATA-1_V13B23-285_C1,7
CTGTTACCCAATCTAG-1_V13B23-285_C1,1
CTGTTCACTGCCTGTG-1_V13B23-285_C1,1
CTGTTCATCTCACGGG-1_V13B23-285_C1,4
CTTAAATAAGACCCAT-1_V13B23-285_C1,4
CTTAACTTCGAAGTAC-1_V13B23-285_C1,8
CTTACACGGTATTCCA-1_V13B23-285_C1,4
CTTACACTGGGAAATA-1_V13B23-285_C1,10
CTTAGCCCGGATAGTG-1_V13B23-285_C1,6
CTTAGCCTTCCACATG-1_V13B23-285_C1,1
CTTAGTAGGCCTACAG-1_V13B23-285_C1,11
CTTAGTGTAGTAGCAT-1_V13B23-285_C1,7
CTTATAGATGGCTGTT-1_V13B23-285_C1,6
CTTATGCGCTCAGGGC-1_V13B23-285_C1,11
CTTATGTTGACTACCA-1_V13B23-285_C1,3
CTTCAACTCCACTTGG-1_V13B23-285_C1,7
CTTCAGTGGTCGCCTA-1_V13B23-285_C1,6
CTTCATAGCTCAAGAA-1_V13B23-285_C1,9
CTTCATTGTCAGTGGA-1_V13B23-285_C1,7
CTTCCGCTCCGTGAAG-1_V13B23-285_C1,6
CTTCGGCCAATTGTTT-1_V13B23-285_C1,7
CTTCGTAGATAGGTGA-1_V13B23-285_C1,6
CTTCTATGTTGAAGTA-1_V13B23-285_C1,6
CTTCTATTAATGCTAG-1_V13B23-285_C1,6
CTTCTTACGTCGTATA-1_V13B23-285_C1,10
CTTGACCCGAAAGATA-1_V13B23-285_C1,8
CTTGAGGTTATCCCGA-1_V13B23-285_C1,4
CTTGAGTTAGGGTAAT-1_V13B23-285_C1,7
CTTGCAACCGCCTCCT-1_V13B23-285_C1,11
CTTGCCCAGGCTCTAC-1_V13B23-285_C1,4
CTTGGCCAAGCTGGGA-1_V13B23-285_C1,6
CTTGTACTTGTTGACT-1_V13B23-285_C1,9
CTTGTCAACATTCGAG-1_V13B23-285_C1,7
CTTGTGCTCACCGATT-1_V13B23-285_C1,11
CTTGTTGCTGAGTCAA-1_V13B23-285_C1,7
CTTGTTTATGTAGCCA-1_V13B23-285_C1,4
CTTTAACTTTCAAAGG-1_V13B23-285_C1,1
CTTTAATATTGGTCGA-1_V13B23-285_C1,7
CTTTACCGAATAGTAG-1_V13B23-285_C1,7
CTTTAGGAACACTGTT-1_V13B23-285_C1,7
CTTTAGTGCTATTATT-1_V13B23-285_C1,7
CTTTCTGTGCGGGCTT-1_V13B23-285_C1,7
CTTTGCATCGCTCTTG-1_V13B23-285_C1,7
CTTTGCTGTCATGGAT-1_V13B23-285_C1,7
CTTTGGCGCTTTATAC-1_V13B23-285_C1,4
CTTTGGCTTTAGTAAA-1_V13B23-285_C1,4
CTTTGGGATTGTTGCA-1_V13B23-285_C1,6
GAAACAGATGACCACC-1_V13B23-285_C1,7
GAAACAGCCATGCAGT-1_V13B23-285_C1,5
GAAACATAGGAAACAG-1_V13B23-285_C1,6
GAAACCATGGTGCGCT-1_V13B23-285_C1,11
GAAACCGAATTACCTT-1_V13B23-285_C1,4
GAAACCTATACAAATG-1_V13B23-285_C1,3
GAAACTCGTGCGATGC-1_V13B23-285_C1,4
GAAACTCTAATGAAGG-1_V13B23-285_C1,10
GAAAGAACAGCGTTAT-1_V13B23-285_C1,7
GAAAGCAGTGCACTTT-1_V13B23-285_C1,5
GAAAGCCCTTTGGACC-1_V13B23-285_C1,4
GAAAGTGACTAACTGC-1_V13B23-285_C1,4
GAAATACTAAACGTTT-1_V13B23-285_C1,3
GAAATATCACCATCAG-1_V13B23-285_C1,4
GAAATATGCTTGAATG-1_V13B23-285_C1,11
GAAATCGCGCGCAACT-1_V13B23-285_C1,5
GAAATGGCGGTGTTAG-1_V13B23-285_C1,4
GAAATGGGATGTAAAC-1_V13B23-285_C1,9
GAAATTAGCACGGATA-1_V13B23-285_C1,11
GAAATTCACATCGCTG-1_V13B23-285_C1,8
GAAATTGTCTCTATAA-1_V13B23-285_C1,4
GAACACACATCAACCA-1_V13B23-285_C1,4
GAACAGATTACTAAAT-1_V13B23-285_C1,7
GAACATTAGTATGTTA-1_V13B23-285_C1,2
GAACCCTCTGTGTTCT-1_V13B23-285_C1,7
GAACCTCGACCTACAC-1_V13B23-285_C1,11
GAACCTTTAACGATCC-1_V13B23-285_C1,7
GAACGACCGAATGATA-1_V13B23-285_C1,10
GAACGATAAGTTAAAG-1_V13B23-285_C1,11
GAACGCGGGTCACACG-1_V13B23-285_C1,7
GAACGTCTCATGGTCG-1_V13B23-285_C1,11
GAACGTTAGGAAGACG-1_V13B23-285_C1,4
GAACTTGTGCACGGGA-1_V13B23-285_C1,2
GAAGAAACGATATTGT-1_V13B23-285_C1,3
GAAGAACGGTGCAGGT-1_V13B23-285_C1,8
GAAGCCTGCACATTCC-1_V13B23-285_C1,6
GAAGCGTGAGGAATTT-1_V13B23-285_C1,7
GAAGCTCTTTGCTTAG-1_V13B23-285_C1,9
GAAGCTTGCTGACCGC-1_V13B23-285_C1,4
GAAGGCTACCATTGTT-1_V13B23-285_C1,11
GAAGTCAGTTGCACTA-1_V13B23-285_C1,4
GAAGTCTCCCTAGCGA-1_V13B23-285_C1,7
GAAGTGATTTATCGTG-1_V13B23-285_C1,6
GAAGTGCTGGATAGCT-1_V13B23-285_C1,10
GAAGTTTCCACTCAAT-1_V13B23-285_C1,4
GAATAGACGCGACCCA-1_V13B23-285_C1,7
GAATAGCATTTAGGGT-1_V13B23-285_C1,7
GAATAGCCCTGCGGTC-1_V13B23-285_C1,11
GAATAGTGCTCGATTA-1_V13B23-285_C1,6
GAATATTCGGAGTCCC-1_V13B23-285_C1,10
GAATCGACATGGTCAC-1_V13B23-285_C1,4
GAATCTGAACATTCTC-1_V13B23-285_C1,7
GAATGAAGGTCTTCAG-1_V13B23-285_C1,2
GAATGCCGAAATGACC-1_V13B23-285_C1,4
GAATGCGAATCGGTTC-1_V13B23-285_C1,7
GAATGTATGGCAGGTC-1_V13B23-285_C1,12
GAATGTGGTCCGGATT-1_V13B23-285_C1,7
GAATGTTGGGTAATCT-1_V13B23-285_C1,1
GAATTATAGTGAAAGG-1_V13B23-285_C1,2
GAATTCACCCGGGTGT-1_V13B23-285_C1,4
GAATTTCTCGCTGCAG-1_V13B23-285_C1,4
GACAAACATATGCAGG-1_V13B23-285_C1,7
GACAACGACCATTGAA-1_V13B23-285_C1,5
GACAACGCAGCTTACG-1_V13B23-285_C1,9
GACAAGAGATGAGATT-1_V13B23-285_C1,7
GACACAAGGGAAGAAA-1_V13B23-285_C1,11
GACACGAGTTAGAGGA-1_V13B23-285_C1,4
GACACTGAGTTCAGTG-1_V13B23-285_C1,6
GACACTGGAACCCGAT-1_V13B23-285_C1,7
GACAGATTTCTGGCTC-1_V13B23-285_C1,11
GACAGCCAGACCTGAC-1_V13B23-285_C1,7
GACAGGCACACACTAT-1_V13B23-285_C1,6
GACATACTGTCGCAGA-1_V13B23-285_C1,3
GACATCGATTTATAAC-1_V13B23-285_C1,6
GACCAAACGTTGACTG-1_V13B23-285_C1,7
GACCAGAGCCCTGTAG-1_V13B23-285_C1,4
GACCCAATTATGATAC-1_V13B23-285_C1,6
GACCCGTCGCCGGCTA-1_V13B23-285_C1,8
GACCGACGTGAAAGCA-1_V13B23-285_C1,7
GACCGACTGAAGCGTC-1_V13B23-285_C1,4
GACCGCGTCTGACGTG-1_V13B23-285_C1,7
GACCGTCAGGTCGTGA-1_V13B23-285_C1,10
GACCGTGCTGACGGTG-1_V13B23-285_C1,4
GACGACGATCCGCGTT-1_V13B23-285_C1,7
GACGAGGCTAATAAAC-1_V13B23-285_C1,7
GACGCCGTAAAGGCTA-1_V13B23-285_C1,12
GACGCTTGCTTCTAAA-1_V13B23-285_C1,9
GACGGGTTGGCCCGTA-1_V13B23-285_C1,6
GACGGTCAATAGAAGC-1_V13B23-285_C1,11
GACGGTCCTAGGGTGT-1_V13B23-285_C1,7
GACGTGTAGGGATTAT-1_V13B23-285_C1,4
GACGTTCGTAAATACA-1_V13B23-285_C1,11
GACTAACACAGCACCT-1_V13B23-285_C1,2
GACTAAGATCATGCAC-1_V13B23-285_C1,1
GACTAAGTAGGCTCAC-1_V13B23-285_C1,4
GACTACAAAGCGGTGG-1_V13B23-285_C1,6
GACTCACCCACGTGAG-1_V13B23-285_C1,7
GACTCCCAGAATAAGG-1_V13B23-285_C1,11
GACTCCTTCCAATTGA-1_V13B23-285_C1,11
GACTCGCGGGAATGAC-1_V13B23-285_C1,11
GACTGCAAATCGAGCT-1_V13B23-285_C1,7
GACTGCACCAGCCCAG-1_V13B23-285_C1,7
GACTGCGGCACGTGTA-1_V13B23-285_C1,4
GAGACCCTGCAACGCC-1_V13B23-285_C1,2
GAGACTGATGGGTAGA-1_V13B23-285_C1,6
GAGACTTCGCGACCGA-1_V13B23-285_C1,4
GAGAGCGCAGTCCCTG-1_V13B23-285_C1,6
GAGAGGGCGCGAGGTT-1_V13B23-285_C1,4
GAGAGGTGCATTCTGG-1_V13B23-285_C1,6
GAGATCTGCTTGGCAT-1_V13B23-285_C1,4
GAGATCTGTCACTCCG-1_V13B23-285_C1,11
GAGATCTTCCATGACA-1_V13B23-285_C1,7
GAGATGACAATCCTTA-1_V13B23-285_C1,11
GAGATGGGAGTCGACA-1_V13B23-285_C1,7
GAGCACCTGTGTCCAG-1_V13B23-285_C1,7
GAGCACGGCGCCTCTT-1_V13B23-285_C1,7
GAGCATCATCCCTGGG-1_V13B23-285_C1,8
GAGCCAGCTACCTGTG-1_V13B23-285_C1,7
GAGCCGAGCGTTTATT-1_V13B23-285_C1,12
GAGCGAGGGAGTACCG-1_V13B23-285_C1,10
GAGCGCAAATACTCCG-1_V13B23-285_C1,7
GAGCGCGCACGAGTAG-1_V13B23-285_C1,7
GAGCGCTGTTAGGTAA-1_V13B23-285_C1,6
GAGCTAAGGGCATATC-1_V13B23-285_C1,11
GAGCTCTCGGACCTAA-1_V13B23-285_C1,10
GAGCTGTCGTCTCGGA-1_V13B23-285_C1,11
GAGGAATGGAGAGGTT-1_V13B23-285_C1,4
GAGGAGATCCTCATGC-1_V13B23-285_C1,9
GAGGATAAACAGTGCT-1_V13B23-285_C1,7
GAGGCATTTGCAGCAG-1_V13B23-285_C1,2
GAGGCCCGACTCCGCA-1_V13B23-285_C1,6
GAGGCCTGTTGATACA-1_V13B23-285_C1,7
GAGGCTATCAAAGTCG-1_V13B23-285_C1,4
GAGGGCCATAATATTA-1_V13B23-285_C1,2
GAGGGCGCAGCTCTGC-1_V13B23-285_C1,11
GAGGTACATCCATCTT-1_V13B23-285_C1,5
GAGGTCCCAAAGATCT-1_V13B23-285_C1,4
GAGTAAACCGGAAAGT-1_V13B23-285_C1,7
GAGTAAGGCCACGGGA-1_V13B23-285_C1,4
GAGTACGGGTATACAA-1_V13B23-285_C1,10
GAGTAGATACTAGTTG-1_V13B23-285_C1,4
GAGTATCAAAGTTACA-1_V13B23-285_C1,7
GAGTATGCCCGCCTTG-1_V13B23-285_C1,6
GAGTATGCGCGTGCAT-1_V13B23-285_C1,7
GAGTCAGACCAGAATC-1_V13B23-285_C1,6
GAGTCCGCTTACCGGA-1_V13B23-285_C1,1
GAGTCGACAGACCCTC-1_V13B23-285_C1,6
GAGTGTCAACCAGAAA-1_V13B23-285_C1,7
GAGTGTGCGGTACCCA-1_V13B23-285_C1,7
GAGTTGATGGCAATTT-1_V13B23-285_C1,6
GATAAATCGGTGGATG-1_V13B23-285_C1,10
GATAACTCGCACTGTG-1_V13B23-285_C1,7
GATACCGTGTCGGAGT-1_V13B23-285_C1,7
GATACGATGGGAGTCA-1_V13B23-285_C1,6
GATAGGATTAATTACA-1_V13B23-285_C1,1
GATAGGTAACGTTGAC-1_V13B23-285_C1,1
GATAGGTGTCCCGGGC-1_V13B23-285_C1,1
GATATCTCATGCAATA-1_V13B23-285_C1,5
GATATGAGACACTAAC-1_V13B23-285_C1,7
GATATGCGGTAGCCAA-1_V13B23-285_C1,11
GATATGGATTACGCGG-1_V13B23-285_C1,4
GATATTGAGATTGGCG-1_V13B23-285_C1,11
GATATTTCCTACATGG-1_V13B23-285_C1,11
GATCAACATAAAGGGA-1_V13B23-285_C1,4
GATCATTCCAAACATT-1_V13B23-285_C1,9
GATCCCTTTATACTGC-1_V13B23-285_C1,6
GATCCGAATATAAGTG-1_V13B23-285_C1,1
GATCCGGGAATTAACA-1_V13B23-285_C1,7
GATCCTAAATCGGGAC-1_V13B23-285_C1,11
GATCCTCGACACTGGC-1_V13B23-285_C1,6
GATCGACACTATCTGA-1_V13B23-285_C1,4
GATCGCGGGCTCTCCA-1_V13B23-285_C1,4
GATCGCTACCCGATTT-1_V13B23-285_C1,7
GATCGCTATATCTCAG-1_V13B23-285_C1,6
GATCGGATAGAACCAT-1_V13B23-285_C1,4
GATCGGCGATAAGTCG-1_V13B23-285_C1,4
GATCGGTGGCCATAAC-1_V13B23-285_C1,11
GATCGTGACTGATATC-1_V13B23-285_C1,7
GATCTCGACGCTGTGG-1_V13B23-285_C1,7
GATCTGCTATCTAAGG-1_V13B23-285_C1,6
GATCTTCATTGTCCTC-1_V13B23-285_C1,4
GATCTTGGAGGGCATA-1_V13B23-285_C1,7
GATCTTTGCAGGGTAT-1_V13B23-285_C1,4
GATGACAAGTAGGGCA-1_V13B23-285_C1,6
GATGACGATGATCGCG-1_V13B23-285_C1,11
GATGCCAGCAGAAGGC-1_V13B23-285_C1,4
GATGCCTTCTGCGGCA-1_V13B23-285_C1,6
GATGCGAATGGTATTA-1_V13B23-285_C1,4
GATGCGTCCTGCATTC-1_V13B23-285_C1,4
GATGCTACAAGCGCCT-1_V13B23-285_C1,10
GATGCTGTATTTCATC-1_V13B23-285_C1,7
GATGGCGCACACATTA-1_V13B23-285_C1,4
GATGGTGCCCTAGGCA-1_V13B23-285_C1,9
GATGTAACGAACCACC-1_V13B23-285_C1,6
GATGTCGGTCAACTGC-1_V13B23-285_C1,8
GATGTTCAATCCACGA-1_V13B23-285_C1,6
GATGTTTGTGCGAGAT-1_V13B23-285_C1,4
GATTAACCGAAAGCCC-1_V13B23-285_C1,7
GATTACTGAATTTGGG-1_V13B23-285_C1,6
GATTCCCTTGTCGCAG-1_V13B23-285_C1,1
GATTCCGCGTTTCCGT-1_V13B23-285_C1,10
GATTCCTATACGGCGC-1_V13B23-285_C1,4
GATTCGACGGTTCACG-1_V13B23-285_C1,7
GCAAACCCTACATTAT-1_V13B23-285_C1,7
GCAAACCTTGGCCATA-1_V13B23-285_C1,7
GCAAACGTCGCCAGGT-1_V13B23-285_C1,7
GCAAATATTACGCTTT-1_V13B23-285_C1,4
GCAACACACTAGAACT-1_V13B23-285_C1,11
GCAACAGCAGTATGCG-1_V13B23-285_C1,7
GCAACCACCAGACCGG-1_V13B23-285_C1,4
GCAACCACGGCCGCGT-1_V13B23-285_C1,6
GCAACGGCTAGTTATG-1_V13B23-285_C1,7
GCAAGAATTCCTTGGC-1_V13B23-285_C1,6
GCAAGATGTGTTCGCG-1_V13B23-285_C1,2
GCAAGTGCACAGAGAA-1_V13B23-285_C1,4
GCAATTAGTCGCACCG-1_V13B23-285_C1,2
GCACAAACGAGGCGTG-1_V13B23-285_C1,7
GCACAACCTCGGGCGT-1_V13B23-285_C1,11
GCACAAGTGGATCATA-1_V13B23-285_C1,6
GCACAAGTGTCGGAAG-1_V13B23-285_C1,8
GCACACACTGGTAGCC-1_V13B23-285_C1,7
GCACACGCCCATGGTC-1_V13B23-285_C1,6
GCACGCCTACTTAGAT-1_V13B23-285_C1,6
GCACTAGTCGCGCTAT-1_V13B23-285_C1,8
GCAGAAGGTAATCTCC-1_V13B23-285_C1,7
GCAGACCCAGCACGTA-1_V13B23-285_C1,7
GCAGATCCATAAGACT-1_V13B23-285_C1,7
GCAGATCCTCGCAAAT-1_V13B23-285_C1,9
GCAGATTAGGGATATC-1_V13B23-285_C1,7
GCAGCACACAGCCCAG-1_V13B23-285_C1,6
GCAGCCTATATCACAT-1_V13B23-285_C1,1
GCAGCTATGGACAGGT-1_V13B23-285_C1,12
GCAGGAACTTAGATCT-1_V13B23-285_C1,4
GCAGGACTATAGAATA-1_V13B23-285_C1,4
GCAGGTAGAGTATGGT-1_V13B23-285_C1,11
GCAGTGCGGGCGGATG-1_V13B23-285_C1,7
GCAGTGTGGCTATAGG-1_V13B23-285_C1,7
GCAGTTCGATCCGAGC-1_V13B23-285_C1,7
GCATACGAGGTCTTTA-1_V13B23-285_C1,11
GCATAGAGCACTCAGG-1_V13B23-285_C1,7
GCATCCCTAACTTTGA-1_V13B23-285_C1,10
GCATCGGCCGTGTAGG-1_V13B23-285_C1,7
GCATGAGGGACGCGGC-1_V13B23-285_C1,11
GCATTCAAGGCAACGC-1_V13B23-285_C1,11
GCATTCGAAATGAACA-1_V13B23-285_C1,4
GCATTGTAATTCATAT-1_V13B23-285_C1,4
GCATTTCCAAGGCTCC-1_V13B23-285_C1,11
GCCAACCATTTCCGGA-1_V13B23-285_C1,11
GCCAAGAATACTTCTG-1_V13B23-285_C1,11
GCCAATAGGGCATCTC-1_V13B23-285_C1,11
GCCACAATTTAAGGAC-1_V13B23-285_C1,6
GCCACCCATTCCACTT-1_V13B23-285_C1,2
GCCACTCAGAGCGCGA-1_V13B23-285_C1,7
GCCACTCCTTACGGTA-1_V13B23-285_C1,7
GCCAGGAGTAACCGAT-1_V13B23-285_C1,1
GCCAGGCGTTCGCATG-1_V13B23-285_C1,9
GCCAGGCTTAGTGGTA-1_V13B23-285_C1,6
GCCATATTGCACACAG-1_V13B23-285_C1,1
GCCATCGAGCTGCGTG-1_V13B23-285_C1,6
GCCATCGATGCTGCAT-1_V13B23-285_C1,11
GCCATTAGCCTCAAAC-1_V13B23-285_C1,6
GCCCAGATGCTGGAGA-1_V13B23-285_C1,1
GCCCAGTTGGTATGCC-1_V13B23-285_C1,4
GCCCGACTTCTTCCCG-1_V13B23-285_C1,6
GCCCGATCTGTGGTCG-1_V13B23-285_C1,4
GCCCGCGCGTAAACGG-1_V13B23-285_C1,6
GCCCGCGCGTTTGACA-1_V13B23-285_C1,3
GCCCGTAATACCTTCT-1_V13B23-285_C1,6
GCCCTAGCCGTCGCGA-1_V13B23-285_C1,7
GCCGAAATTCCTACGT-1_V13B23-285_C1,4
GCCGACCCACGACTGC-1_V13B23-285_C1,6
GCCGATTGGCCAAGCT-1_V13B23-285_C1,4
GCCGCACTCCGTTTCA-1_V13B23-285_C1,7
GCCGCATTAGTCCGGC-1_V13B23-285_C1,4
GCCGCTTGTGAGAAAC-1_V13B23-285_C1,4
GCCGGGTTAGGGTCGC-1_V13B23-285_C1,4
GCCGTGGAAGAAATGT-1_V13B23-285_C1,7
GCCTAGCGATCTGACC-1_V13B23-285_C1,4
GCCTATAGTGTCAGGG-1_V13B23-285_C1,11
GCCTATCAGGTAAGAT-1_V13B23-285_C1,7
GCCTATGCTGGGCCTT-1_V13B23-285_C1,11
GCCTATTCCGATATAG-1_V13B23-285_C1,4
GCCTCATCTGGAAATA-1_V13B23-285_C1,7
GCCTCCGACAATTCAC-1_V13B23-285_C1,7
GCCTCTATACATAGCA-1_V13B23-285_C1,7
GCCTTCAGCCCTACCG-1_V13B23-285_C1,10
GCCTTGTATATGCAGT-1_V13B23-285_C1,4
GCGAAACGATCGGGAG-1_V13B23-285_C1,7
GCGAAACTTAACTGGA-1_V13B23-285_C1,7
GCGAAGCCATACCCGT-1_V13B23-285_C1,9
GCGACATGTAAACATC-1_V13B23-285_C1,7
GCGACCCAACCATCTG-1_V13B23-285_C1,6
GCGACGATAGTTGTAC-1_V13B23-285_C1,4
GCGAGAAACGGGAGTT-1_V13B23-285_C1,10
GCGAGAGGCCATGTAA-1_V13B23-285_C1,11
GCGAGAGTTGCGTCCA-1_V13B23-285_C1,11
GCGAGCGCATGCTCCC-1_V13B23-285_C1,7
GCGAGGCCCGAGCAGA-1_V13B23-285_C1,4
GCGAGTTCTGCAAAGA-1_V13B23-285_C1,7
GCGATTCTGGAAGCAG-1_V13B23-285_C1,8
GCGATTGTTAACGTTA-1_V13B23-285_C1,7
GCGCAAATATATTCAA-1_V13B23-285_C1,6
GCGCAAGAGCGCGCTG-1_V13B23-285_C1,5
GCGCATCCAGTCAGCA-1_V13B23-285_C1,11
GCGCCGTTCCACGATA-1_V13B23-285_C1,7
GCGCCTCCCACTCCGA-1_V13B23-285_C1,7
GCGCGTCATTGGTACA-1_V13B23-285_C1,7
GCGCTAATTGAATAGA-1_V13B23-285_C1,2
GCGCTATGCCGAGGCA-1_V13B23-285_C1,6
GCGCTCGATCACCTGT-1_V13B23-285_C1,7
GCGCTGATCCAGACTC-1_V13B23-285_C1,11
GCGCTGCTTTGCATTT-1_V13B23-285_C1,11
GCGCTTAAATAATTGG-1_V13B23-285_C1,7
GCGGACCGCGTTGTGG-1_V13B23-285_C1,6
GCGGAGAAACTTCGCA-1_V13B23-285_C1,6
GCGGAGAGGGAGAACG-1_V13B23-285_C1,7
GCGGCAAAGTATTGCC-1_V13B23-285_C1,6
GCGGCTCTGACGTACC-1_V13B23-285_C1,4
GCGGGAACCAGGCCCT-1_V13B23-285_C1,9
GCGGGCATTACGATGC-1_V13B23-285_C1,11
GCGGGCGAGCCTTACC-1_V13B23-285_C1,6
GCGGTCCCGGTGAAGG-1_V13B23-285_C1,2
GCGGTCCCTAGACGCA-1_V13B23-285_C1,8
GCGGTGAACTGCGCTC-1_V13B23-285_C1,11
GCGGTGCGGAGCATCG-1_V13B23-285_C1,6
GCGGTTCCCTATCATG-1_V13B23-285_C1,4
GCGTAAATGGCCATAA-1_V13B23-285_C1,11
GCGTCGAAATGTCGGT-1_V13B23-285_C1,10
GCGTCGCCAGGGTGAT-1_V13B23-285_C1,1
GCGTCTAACCTCCTAA-1_V13B23-285_C1,11
GCGTCTCTGCATTGGG-1_V13B23-285_C1,6
GCGTGGTACTGGGTTA-1_V13B23-285_C1,7
GCGTTATATTTGGAAC-1_V13B23-285_C1,4
GCGTTCGGAGACCGGG-1_V13B23-285_C1,11
GCGTTCTGACTAAGCG-1_V13B23-285_C1,7
GCTAAACCTGAGGTGA-1_V13B23-285_C1,4
GCTAACTGAAGTCTGA-1_V13B23-285_C1,7
GCTAAGTAAAGGCGAT-1_V13B23-285_C1,4
GCTAAGTAGTTTCTCT-1_V13B23-285_C1,1
GCTAATACCGAATGCC-1_V13B23-285_C1,12
GCTACAGTACGGACCG-1_V13B23-285_C1,4
GCTACGACTTATTGGG-1_V13B23-285_C1,7
GCTACTATAGTAGAGT-1_V13B23-285_C1,7
GCTAGACCGTCTACTG-1_V13B23-285_C1,7
GCTAGAGTAGAGATGT-1_V13B23-285_C1,7
GCTAGCACCTGGGCCA-1_V13B23-285_C1,1
GCTAGCAGGGAGTGGG-1_V13B23-285_C1,9
GCTAGCTTGAATAGCT-1_V13B23-285_C1,6
GCTAGGCACCACGGAG-1_V13B23-285_C1,7
GCTAGTAGAGCTTGTA-1_V13B23-285_C1,7
GCTAGTTTCATTGAGG-1_V13B23-285_C1,9
GCTATACGTCTCGGAC-1_V13B23-285_C1,7
GCTATCATACTCATGG-1_V13B23-285_C1,7
GCTATCGCGGCGCAAC-1_V13B23-285_C1,4
GCTCAACCTCTTAGAG-1_V13B23-285_C1,12
GCTCAATCCGTTTATT-1_V13B23-285_C1,6
GCTCAATGTAATACCG-1_V13B23-285_C1,6
GCTCATTACTGCATGT-1_V13B23-285_C1,9
GCTCCATGAGTGCAGA-1_V13B23-285_C1,7
GCTCCCAGTCGGTCCA-1_V13B23-285_C1,7
GCTCCGCTCGCTTCAG-1_V13B23-285_C1,7
GCTCCTGACATACTGG-1_V13B23-285_C1,6
GCTCGCGGTTCCGCTC-1_V13B23-285_C1,4
GCTCGCTCATGTCCAA-1_V13B23-285_C1,7
GCTCGGAATTTAAAGC-1_V13B23-285_C1,1
GCTCTAAACCCTGACG-1_V13B23-285_C1,1
GCTCTATGTTACGTGC-1_V13B23-285_C1,4
GCTCTCGGGTACCGAA-1_V13B23-285_C1,6
GCTGAACTCTCCAGGG-1_V13B23-285_C1,7
GCTGAATCTTCCAATC-1_V13B23-285_C1,6
GCTGAGCAACGGTTCT-1_V13B23-285_C1,6
GCTGAGGCGTGAGTAT-1_V13B23-285_C1,7
GCTGCACGGTTTCTTA-1_V13B23-285_C1,7
GCTGCTAAGTAGTCGA-1_V13B23-285_C1,6
GCTGCTACTGCGTAGC-1_V13B23-285_C1,7
GCTGCTCTCCGGACAC-1_V13B23-285_C1,9
GCTGGACCCAAAGTGG-1_V13B23-285_C1,11
GCTGGCATATTCACCT-1_V13B23-285_C1,4
GCTGGCGGCGCATGCT-1_V13B23-285_C1,7
GCTGGTTTAGGCCATA-1_V13B23-285_C1,6
GCTGTATTACTGGCCC-1_V13B23-285_C1,6
GCTGTTGCTACCGAAC-1_V13B23-285_C1,7
GCTTAATGTAACTAAC-1_V13B23-285_C1,7
GCTTACGTAGTTAGTA-1_V13B23-285_C1,7
GCTTATGAAGCAGGAA-1_V13B23-285_C1,7
GCTTCCGTCCCTAGAC-1_V13B23-285_C1,11
GCTTGATGATAATCAG-1_V13B23-285_C1,4
GCTTGCAGCACAATTG-1_V13B23-285_C1,11
GCTTGGATCGATTAGG-1_V13B23-285_C1,11
GCTTTCAGAGGAGGTG-1_V13B23-285_C1,11
GGAAACCTTGTTGAAT-1_V13B23-285_C1,11
GGAAACTAAATGGGCC-1_V13B23-285_C1,7
GGAAAGTGCCCATGCC-1_V13B23-285_C1,1
GGAACCCGAACAAGAA-1_V13B23-285_C1,4
GGAACCGTGTAAATTG-1_V13B23-285_C1,6
GGAACCTTGACTCTGC-1_V13B23-285_C1,6
GGAACGGCCTGCAGCC-1_V13B23-285_C1,4
GGAACTTTGGCGATTA-1_V13B23-285_C1,7
GGAAGCTCGCTTACAG-1_V13B23-285_C1,9
GGAATGCGCTAGCGTG-1_V13B23-285_C1,11
GGACAAGTTGCAGTGA-1_V13B23-285_C1,6
GGACACAAGTTTACAC-1_V13B23-285_C1,7
GGACCAACAGGATAAC-1_V13B23-285_C1,7
GGACCTACGGTAACGT-1_V13B23-285_C1,11
GGACCTCTAGGCCGCC-1_V13B23-285_C1,6
GGACGTCCATAGTTGG-1_V13B23-285_C1,2
GGACTCACAAATTAGG-1_V13B23-285_C1,7
GGACTCGAAGCTTTCA-1_V13B23-285_C1,7
GGACTCTTCCGGTTGA-1_V13B23-285_C1,7
GGAGAAGTCATTGGCA-1_V13B23-285_C1,4
GGAGACCAATGTGCTT-1_V13B23-285_C1,11
GGAGACCATCTACATA-1_V13B23-285_C1,6
GGAGACGACACCTTTG-1_V13B23-285_C1,7
GGAGCAACATTTCAAG-1_V13B23-285_C1,7
GGAGCACCAAGAACTA-1_V13B23-285_C1,11
GGAGGATTGAAAGGAG-1_V13B23-285_C1,8
GGAGGCCGAAGTCGTC-1_V13B23-285_C1,7
GGAGGGCTTGGTTGGC-1_V13B23-285_C1,11
GGAGGGTCAAGTAAGA-1_V13B23-285_C1,7
GGAGTGCCGCCCTGGA-1_V13B23-285_C1,10
GGATCATCCCGTACGC-1_V13B23-285_C1,11
GGATCCGGAATATACT-1_V13B23-285_C1,1
GGATCTTGACTCAACC-1_V13B23-285_C1,6
GGATGAAGATCGCTGA-1_V13B23-285_C1,7
GGATGACGCGAGTTTA-1_V13B23-285_C1,4
GGATGCTGGCGTTCCT-1_V13B23-285_C1,4
GGATGTCCTTACCGCA-1_V13B23-285_C1,7
GGATTCAGTACGGTGG-1_V13B23-285_C1,4
GGATTCCGCTATACCC-1_V13B23-285_C1,12
GGATTGCTGTGACTCC-1_V13B23-285_C1,7
GGATTTCACTTCTATA-1_V13B23-285_C1,11
GGCAAAGGCGCCAATA-1_V13B23-285_C1,6
GGCAAATTACTTTACT-1_V13B23-285_C1,4
GGCAAGCCAGGGATAG-1_V13B23-285_C1,2
GGCAAGGCGAAATAGC-1_V13B23-285_C1,7
GGCAATAGTCAATGAG-1_V13B23-285_C1,11
GGCACTCAGCCGACCC-1_V13B23-285_C1,7
GGCACTCCACTGGGCA-1_V13B23-285_C1,4
GGCAGCAAACCTATGC-1_V13B23-285_C1,7
GGCAGCGGTAATCCTA-1_V13B23-285_C1,9
GGCATACAGGTAGCGG-1_V13B23-285_C1,4
GGCATATCGGTTCTGC-1_V13B23-285_C1,6
GGCCCAGTTATCAGCA-1_V13B23-285_C1,2
GGCCCGGAGCATGTCT-1_V13B23-285_C1,1
GGCCCGTATACCATGC-1_V13B23-285_C1,11
GGCCCTCACCCACTTA-1_V13B23-285_C1,6
GGCCGAGACTCTGGTG-1_V13B23-285_C1,6
GGCCGTTTGGGTTTCA-1_V13B23-285_C1,6
GGCCTGCTTCTCCCGA-1_V13B23-285_C1,7
GGCCTTTGCAACTGGC-1_V13B23-285_C1,11
GGCGAAATCTAACTTG-1_V13B23-285_C1,7
GGCGCAGGACATCTTC-1_V13B23-285_C1,6
GGCGCATGAATTGATG-1_V13B23-285_C1,4
GGCGCGGAGATCTTTC-1_V13B23-285_C1,7
GGCGCGTTCGAGTTTA-1_V13B23-285_C1,1
GGCGCTCCTCATCAAT-1_V13B23-285_C1,4
GGCGGAGTAATATTAG-1_V13B23-285_C1,4
GGCGGGCTCTAAGAGT-1_V13B23-285_C1,7
GGCGGTAGGATCATTG-1_V13B23-285_C1,4
GGCGGTTTGCCGGTGC-1_V13B23-285_C1,10
GGCGTCCTATCCGCTG-1_V13B23-285_C1,4
GGCTAAAGGGCGGGTC-1_V13B23-285_C1,11
GGCTAATGATTGAAAT-1_V13B23-285_C1,2
GGCTATTAAGTTGTAT-1_V13B23-285_C1,4
GGCTCCTCCACCTGTT-1_V13B23-285_C1,6
GGCTCGCGTTGAGGTA-1_V13B23-285_C1,11
GGCTCGTGCCACCAGC-1_V13B23-285_C1,4
GGCTCTGCTCCAACGC-1_V13B23-285_C1,11
GGCTGAAATAGCAAAG-1_V13B23-285_C1,7
GGCTGAGCATCGTAAG-1_V13B23-285_C1,2
GGCTGGCAGCTTTATG-1_V13B23-285_C1,9
GGCTTTCAATAAGGGT-1_V13B23-285_C1,7
GGGAACGGGAGGTTAG-1_V13B23-285_C1,6
GGGAAGGGCTTTCTCA-1_V13B23-285_C1,7
GGGAATGAGCCCTCAC-1_V13B23-285_C1,11
GGGACAGAGTTACTCC-1_V13B23-285_C1,6
GGGACCCGTATATCTT-1_V13B23-285_C1,6
GGGACTGCATAGATAG-1_V13B23-285_C1,1
GGGAGAACTCACAGTA-1_V13B23-285_C1,9
GGGAGGATGCCCGAAA-1_V13B23-285_C1,4
GGGAGTTAATGAGGCG-1_V13B23-285_C1,1
GGGATACGGTAATAAT-1_V13B23-285_C1,6
GGGATCCCAATACAAA-1_V13B23-285_C1,2
GGGATGGTCGTAACCG-1_V13B23-285_C1,6
GGGATTTACCGCACCT-1_V13B23-285_C1,7
GGGCAACCGCACGTGC-1_V13B23-285_C1,3
GGGCAGAGCAATCGTT-1_V13B23-285_C1,3
GGGCCCGTCTTAAACA-1_V13B23-285_C1,4
GGGCCCTACGAAAGGG-1_V13B23-285_C1,11
GGGCCGGCCGAAGTAC-1_V13B23-285_C1,7
GGGCCTAAATGGGCTA-1_V13B23-285_C1,11
GGGCCTATTTAAGTAT-1_V13B23-285_C1,2
GGGCGAATTTCTCCAC-1_V13B23-285_C1,6
GGGCGATATGTGTGAA-1_V13B23-285_C1,6
GGGCGCAGCGTTACTC-1_V13B23-285_C1,1
GGGCGGCAAATGAATT-1_V13B23-285_C1,6
GGGCGGGTTCCCTACG-1_V13B23-285_C1,6
GGGCGGTCCTATTGTC-1_V13B23-285_C1,10
GGGCGTACATTTATAT-1_V13B23-285_C1,1
GGGCGTCACCACGTAA-1_V13B23-285_C1,4
GGGCGTCCACTGGCTC-1_V13B23-285_C1,11
GGGCGTGGTTTCCCAG-1_V13B23-285_C1,7
GGGCTATGATCGATGG-1_V13B23-285_C1,6
GGGCTCATCGAACCCA-1_V13B23-285_C1,11
GGGCTGCCTAGGGCGA-1_V13B23-285_C1,1
GGGCTGGTTAGTCGCG-1_V13B23-285_C1,4
GGGTACCCACGGTCCT-1_V13B23-285_C1,4
GGGTACTTCATGAACT-1_V13B23-285_C1,4
GGGTATGTATGCACTT-1_V13B23-285_C1,4
GGGTATTCTAGCAAAC-1_V13B23-285_C1,4
GGGTCACCGTGACGGT-1_V13B23-285_C1,4
GGGTCATGCGTACCAT-1_V13B23-285_C1,4
GGGTCGTGGCAAGTGT-1_V13B23-285_C1,11
GGGTGACACCTTAACT-1_V13B23-285_C1,1
GGGTGCATATGAAAGC-1_V13B23-285_C1,11
GGGTGGTCCAGCCTGT-1_V13B23-285_C1,8
GGGTGTTTCAGCTATG-1_V13B23-285_C1,10
GGGTTAACATTTGAGT-1_V13B23-285_C1,6
GGGTTCAGACGAACAA-1_V13B23-285_C1,9
GGGTTTAGGATAGGAT-1_V13B23-285_C1,7
GGTAAATGTGCGTTAC-1_V13B23-285_C1,10
GGTAACCGGGAGGATA-1_V13B23-285_C1,6
GGTAACTATGTATCTG-1_V13B23-285_C1,8
GGTACAAACATGCTAT-1_V13B23-285_C1,4
GGTACACCAGATTTAT-1_V13B23-285_C1,11
GGTACATCTGGGACGA-1_V13B23-285_C1,4
GGTACCATTAAGACGG-1_V13B23-285_C1,11
GGTACTAAGTGCTTTG-1_V13B23-285_C1,7
GGTAGAAGACCGCCTG-1_V13B23-285_C1,7
GGTAGACCGTTGGGCG-1_V13B23-285_C1,4
GGTAGTGCTCGCACCA-1_V13B23-285_C1,1
GGTATTGCCGAGTTTA-1_V13B23-285_C1,4
GGTCAAGACTACTTCG-1_V13B23-285_C1,7
GGTCAGTGGGTCCCAC-1_V13B23-285_C1,7
GGTCATTGTAGTCATA-1_V13B23-285_C1,2
GGTCCTTCATACGACT-1_V13B23-285_C1,10
GGTCGGATAAACGGCG-1_V13B23-285_C1,11
GGTCGGCCAGGAGCTT-1_V13B23-285_C1,2
GGTCGGTCGTCCACAG-1_V13B23-285_C1,6
GGTCGTAAGCTCGCAC-1_V13B23-285_C1,6
GGTCTCCAAGTAGTGC-1_V13B23-285_C1,7
GGTCTCCGTCCAGGTT-1_V13B23-285_C1,7
GGTCTCTGAATGGACT-1_V13B23-285_C1,6
GGTCTGAGAATCTGGA-1_V13B23-285_C1,11
GGTGAAGTACAGGGAT-1_V13B23-285_C1,6
GGTGAGATGCAGATAA-1_V13B23-285_C1,9
GGTGATAAGGAGCAGT-1_V13B23-285_C1,7
GGTGCAGAGCCTATCG-1_V13B23-285_C1,11
GGTGCGGATAAGTGGC-1_V13B23-285_C1,5
GGTGCTGATCACAAAG-1_V13B23-285_C1,4
GGTGCTGGTACACATT-1_V13B23-285_C1,6
GGTGGACCACGTGTTA-1_V13B23-285_C1,2
GGTGGACTGCTCTGGC-1_V13B23-285_C1,7
GGTGGAGGTTGATACG-1_V13B23-285_C1,7
GGTGTTGGGCGTCTTA-1_V13B23-285_C1,7
GGTTACCACCCTCGGG-1_V13B23-285_C1,6
GGTTACCCGACACTTT-1_V13B23-285_C1,11
GGTTAGCTATATGTCT-1_V13B23-285_C1,7
GGTTAGGCTTGGAGAA-1_V13B23-285_C1,4
GGTTAGTTACGGCGCC-1_V13B23-285_C1,4
GGTTCGGATTATACTA-1_V13B23-285_C1,9
GGTTCTACTCGTCTGA-1_V13B23-285_C1,7
GGTTGTGCTCTTGTCC-1_V13B23-285_C1,4
GGTTGTGTAGCCTGGC-1_V13B23-285_C1,4
GGTTTAATTGAGCAGG-1_V13B23-285_C1,11
GGTTTACAATCTCAAT-1_V13B23-285_C1,1
GGTTTAGCCTTTCTTG-1_V13B23-285_C1,7
GGTTTCAATCGGTCAG-1_V13B23-285_C1,11
GGTTTGACAAGAAGCT-1_V13B23-285_C1,2
GGTTTGAGTGCTGGAA-1_V13B23-285_C1,8
GGTTTGTGACCTGAGG-1_V13B23-285_C1,7
GTAACATCTAAGATAA-1_V13B23-285_C1,7
GTAAGCGGGCAGTCAG-1_V13B23-285_C1,9
GTAAGGATTTGTCGGA-1_V13B23-285_C1,8
GTAAGTAACAGTCTGG-1_V13B23-285_C1,7
GTAAGTAGGGTATACC-1_V13B23-285_C1,4
GTAAGTCCACACTCTA-1_V13B23-285_C1,7
GTAATAAAGGGCTCCC-1_V13B23-285_C1,11
GTAATCTGATTCTTCG-1_V13B23-285_C1,6
GTACACTTACCTGAAG-1_V13B23-285_C1,7
GTACAGAGGCAAGGGT-1_V13B23-285_C1,7
GTACGACGGCGCTGCG-1_V13B23-285_C1,9
GTACGAGATTGCGACA-1_V13B23-285_C1,10
GTACGCTTCATTGCAC-1_V13B23-285_C1,7
GTACGTCACGTATTAA-1_V13B23-285_C1,2
GTACGTTTGCCCGTCA-1_V13B23-285_C1,7
GTACTAAGATTTGGAG-1_V13B23-285_C1,6
GTACTCCCTTATCGCT-1_V13B23-285_C1,4
GTACTCCTGGGTATGC-1_V13B23-285_C1,11
GTACTGAGGTCGTAAC-1_V13B23-285_C1,8
GTACTGGAGTTAGACC-1_V13B23-285_C1,11
GTACTTGGGCACTTCT-1_V13B23-285_C1,4
GTAGAAACGGGTGGAG-1_V13B23-285_C1,4
GTAGACACGCCTGACT-1_V13B23-285_C1,7
GTAGACGTCGTTACAT-1_V13B23-285_C1,8
GTAGAGGGAGACAAGT-1_V13B23-285_C1,6
GTAGCCAAACATGGGA-1_V13B23-285_C1,7
GTAGCGGCTATACACT-1_V13B23-285_C1,7
GTAGCTTCCTCTTGTT-1_V13B23-285_C1,11
GTAGGTGATCCGTGTA-1_V13B23-285_C1,10
GTAGTCGCGGGAATCA-1_V13B23-285_C1,7
GTAGTCTACGATATTG-1_V13B23-285_C1,7
GTATAATCTCCCGGAT-1_V13B23-285_C1,10
GTATAGGACTCAGTAG-1_V13B23-285_C1,4
GTATCAAACGTTAGCT-1_V13B23-285_C1,7
GTATCAGCTTGGGTTC-1_V13B23-285_C1,4
GTATCTCAGTCTTGAC-1_V13B23-285_C1,6
GTATCTTTCATAACCA-1_V13B23-285_C1,7
GTATGAAATTTCACTC-1_V13B23-285_C1,6
GTATGTGGGTCTAGTT-1_V13B23-285_C1,7
GTATTAAGGCGTCTAA-1_V13B23-285_C1,4
GTATTCTGAGAAACGA-1_V13B23-285_C1,6
GTATTTAATGGCATAA-1_V13B23-285_C1,7
GTCAAAGAAGTGGTGT-1_V13B23-285_C1,6
GTCAAAGTTTACATAG-1_V13B23-285_C1,2
GTCAAGCGGACTCGGG-1_V13B23-285_C1,7
GTCAATGCTATAATTT-1_V13B23-285_C1,11
GTCACAAAGTTTCCAA-1_V13B23-285_C1,8
GTCACTCTCCAAATCT-1_V13B23-285_C1,4
GTCAGAATAGTCTATG-1_V13B23-285_C1,4
GTCAGACAGCGTTGGA-1_V13B23-285_C1,12
GTCAGTTGTGCTCGTT-1_V13B23-285_C1,8
GTCAGTTTGGTAGTCG-1_V13B23-285_C1,4
GTCATCTCCTACAGCT-1_V13B23-285_C1,10
GTCATGCACCTCCGTT-1_V13B23-285_C1,6
GTCATGGACATGACTA-1_V13B23-285_C1,6
GTCATTAGAGCGAACG-1_V13B23-285_C1,9
GTCATTGCATTGACCC-1_V13B23-285_C1,4
GTCCATTACTGCTACG-1_V13B23-285_C1,7
GTCCCAACGTAAAGTA-1_V13B23-285_C1,1
GTCCCGCGACGTTATG-1_V13B23-285_C1,7
GTCCGAGAGCAATCAT-1_V13B23-285_C1,6
GTCCGGACCTGAAATT-1_V13B23-285_C1,7
GTCCGGCTGAATTGCG-1_V13B23-285_C1,4
GTCCTACAGGCGGCTC-1_V13B23-285_C1,4
GTCCTACGAATAGTCT-1_V13B23-285_C1,7
GTCCTATTGTTGTGGT-1_V13B23-285_C1,6
GTCCTTCTACAACCCA-1_V13B23-285_C1,6
GTCCTTCTAGTGGGTT-1_V13B23-285_C1,12
GTCCTTTAATGACTTC-1_V13B23-285_C1,2
GTCGATAGGTGACTTT-1_V13B23-285_C1,7
GTCGCCGTTGTGTGTT-1_V13B23-285_C1,6
GTCGCGTAACCCGTTG-1_V13B23-285_C1,7
GTCGGAAGGATACCAG-1_V13B23-285_C1,2
GTCGGATATCTCAGAC-1_V13B23-285_C1,4
GTCGGATGTAGCGCGC-1_V13B23-285_C1,10
GTCGGGAAGCAGAAAC-1_V13B23-285_C1,7
GTCGTACCATCTCGGG-1_V13B23-285_C1,7
GTCGTATTGGCGTACA-1_V13B23-285_C1,11
GTCGTCTGGTTGGCTA-1_V13B23-285_C1,11
GTCGTTATTCGCTTAT-1_V13B23-285_C1,7
GTCTACTCAATTACAA-1_V13B23-285_C1,11
GTCTATCTGAGTTTCT-1_V13B23-285_C1,6
GTCTATTGGTTCCGGT-1_V13B23-285_C1,7
GTCTCAAGGCCCGGCT-1_V13B23-285_C1,7
GTCTCCTGCCAGTATG-1_V13B23-285_C1,6
GTCTCGACTAAGTTTG-1_V13B23-285_C1,11
GTCTCGATCTGCTTTC-1_V13B23-285_C1,12
GTCTGGGCGGTCGAGA-1_V13B23-285_C1,6
GTCTTAGTACAGCCGG-1_V13B23-285_C1,10
GTCTTGAGGAGCAGTG-1_V13B23-285_C1,7
GTCTTGTAGCTATTCA-1_V13B23-285_C1,7
GTGAAACGGCGCCACC-1_V13B23-285_C1,11
GTGAACTCCCATTCGA-1_V13B23-285_C1,11
GTGAAGATTTCAAGTG-1_V13B23-285_C1,11
GTGAAGCCGTATAGTC-1_V13B23-285_C1,11
GTGACCGCACACTACG-1_V13B23-285_C1,7
GTGACCTAAAGAATAA-1_V13B23-285_C1,11
GTGACTTCAGTAGTGC-1_V13B23-285_C1,4
GTGAGCGTGCTGCACT-1_V13B23-285_C1,4
GTGAGGACACTTAAGG-1_V13B23-285_C1,7
GTGAGGAGCGGTTGAG-1_V13B23-285_C1,11
GTGAGTCTAAGACGGA-1_V13B23-285_C1,4
GTGAGTGGTACAACGC-1_V13B23-285_C1,9
GTGATCACTAACGCCT-1_V13B23-285_C1,7
GTGATCATAGATCTGC-1_V13B23-285_C1,1
GTGATCCTTGTCATGA-1_V13B23-285_C1,7
GTGATGCACAACATCT-1_V13B23-285_C1,9
GTGATTCGCCGCTCAA-1_V13B23-285_C1,6
GTGCAACAAATGTGGC-1_V13B23-285_C1,10
GTGCACGAAAGTGACT-1_V13B23-285_C1,10
GTGCAGCGTAGAGTAG-1_V13B23-285_C1,5
GTGCCATCACACGGTG-1_V13B23-285_C1,6
GTGCCCGTTCGGATTC-1_V13B23-285_C1,7
GTGCCGCTTCAAAGGT-1_V13B23-285_C1,6
GTGCCTAGCTATGCTT-1_V13B23-285_C1,10
GTGCCTCAGTGTACGG-1_V13B23-285_C1,12
GTGCGAAATCGAACAC-1_V13B23-285_C1,6
GTGCGACAGGGAGTGT-1_V13B23-285_C1,7
GTGCGGGTCTCCAAAT-1_V13B23-285_C1,10
GTGCGTGTATATGAGC-1_V13B23-285_C1,7
GTGCTCAAGTACTGTC-1_V13B23-285_C1,4
GTGCTGCAGATAAGGA-1_V13B23-285_C1,11
GTGCTTACATCAGCGC-1_V13B23-285_C1,7
GTGGAACCTACATGCG-1_V13B23-285_C1,10
GTGGACCAACCCGATT-1_V13B23-285_C1,6
GTGGACGCATTTGTCC-1_V13B23-285_C1,7
GTGGACGTGCTGAGAC-1_V13B23-285_C1,3
GTGGAGCATGTCGGCC-1_V13B23-285_C1,1
GTGGAGCGTTTACCGA-1_V13B23-285_C1,3
GTGGAGTCGGCGGTTG-1_V13B23-285_C1,6
GTGGCAAACAGCGGCA-1_V13B23-285_C1,6
GTGGCGGTCCCAGCGT-1_V13B23-285_C1,4
GTGGGAAGACTGAATC-1_V13B23-285_C1,11
GTGGGCTTAGACACAC-1_V13B23-285_C1,4
GTGGTATAGTCTGCCG-1_V13B23-285_C1,6
GTGGTGATGGTTTGTG-1_V13B23-285_C1,7
GTGGTGGCCAAGTGAA-1_V13B23-285_C1,7
GTGGTTACTTCTTTCG-1_V13B23-285_C1,11
GTGGTTTCCGCCTTTC-1_V13B23-285_C1,6
GTGTACCTTGGCTACG-1_V13B23-285_C1,5
GTGTACGAACCGTTCC-1_V13B23-285_C1,7
GTGTATATCAGCGGGC-1_V13B23-285_C1,7
GTGTCGTATAGCGTTC-1_V13B23-285_C1,7
GTGTGAATAACTTAGG-1_V13B23-285_C1,1
GTGTTACTATGCGTCC-1_V13B23-285_C1,7
GTTAAAGTAGGACTGG-1_V13B23-285_C1,7
GTTAACATCACTTAAA-1_V13B23-285_C1,7
GTTAACTATGTTGTCA-1_V13B23-285_C1,7
GTTAAGGGTGCGATGT-1_V13B23-285_C1,7
GTTAAGTTAGAGTGGG-1_V13B23-285_C1,1
GTTAATGTCTATCTTA-1_V13B23-285_C1,4
GTTACAATTGGTGACG-1_V13B23-285_C1,4
GTTACCTACAACTTGC-1_V13B23-285_C1,7
GTTACTTTGGGCCTAG-1_V13B23-285_C1,4
GTTAGAGTGTGCCGCT-1_V13B23-285_C1,2
GTTAGCCGTAAATCAA-1_V13B23-285_C1,11
GTTAGGCTACCCGTTT-1_V13B23-285_C1,6
GTTATAATACGGTGAA-1_V13B23-285_C1,7
GTTATATCAGGAGCCA-1_V13B23-285_C1,11
GTTATATTATCTCCCT-1_V13B23-285_C1,1
GTTATTAACGTGGGAG-1_V13B23-285_C1,4
GTTCACAGGAGTCTAG-1_V13B23-285_C1,4
GTTCATCGTTTGGCTG-1_V13B23-285_C1,11
GTTCCAGTCTGACCAT-1_V13B23-285_C1,10
GTTCCCGTAAACATAT-1_V13B23-285_C1,7
GTTCGCCATAAGTGCC-1_V13B23-285_C1,4
GTTCGCTGAGACGTCT-1_V13B23-285_C1,7
GTTCGGATCGGGAACA-1_V13B23-285_C1,7
GTTCGGGCGTACCATT-1_V13B23-285_C1,11
GTTCGTCTAAAGAACT-1_V13B23-285_C1,7
GTTCGTCTGGGTCCCT-1_V13B23-285_C1,11
GTTCTTCCCTCGATGT-1_V13B23-285_C1,2
GTTGAACCGGTTCCAT-1_V13B23-285_C1,6
GTTGAGTCCCGCCGGT-1_V13B23-285_C1,7
GTTGCACGGAGTTTCG-1_V13B23-285_C1,4
GTTGCAGTCGACAACA-1_V13B23-285_C1,7
GTTGCGCTAACATTAC-1_V13B23-285_C1,7
GTTGCGGACGGTCAGG-1_V13B23-285_C1,7
GTTGGACCGCATCAGG-1_V13B23-285_C1,11
GTTGGATTCAGTGGCT-1_V13B23-285_C1,11
GTTGGATTGAGAACAC-1_V13B23-285_C1,11
GTTGGATTTGCGTTGG-1_V13B23-285_C1,4
GTTGGTCATGCTATCC-1_V13B23-285_C1,7
GTTGTCGTGTTAGTTG-1_V13B23-285_C1,10
GTTGTTGCAAGATGGC-1_V13B23-285_C1,7
GTTTACGTTCCATCTG-1_V13B23-285_C1,7
GTTTATGGGATTTAGA-1_V13B23-285_C1,6
GTTTCAAACGAGTTGT-1_V13B23-285_C1,7
GTTTCCTGGAGGGTGA-1_V13B23-285_C1,4
GTTTCTGCAGTCTCCC-1_V13B23-285_C1,7
GTTTGACCAAATCCTA-1_V13B23-285_C1,6
GTTTGGCCCAAGTTAT-1_V13B23-285_C1,7
GTTTGGCCGCTCAGCG-1_V13B23-285_C1,8
GTTTGGGCTTGTGAGC-1_V13B23-285_C1,7
GTTTGGTAGGGTCAAC-1_V13B23-285_C1,9
TAAACCCAGGAGGGCA-1_V13B23-285_C1,6
TAAACGTCGTCAATGA-1_V13B23-285_C1,9
TAAAGACAACCCTTTA-1_V13B23-285_C1,7
TAAAGCGGTATTTCCA-1_V13B23-285_C1,6
TAAAGCGTTAGGAGAA-1_V13B23-285_C1,11
TAAAGCTGCAATAGGG-1_V13B23-285_C1,11
TAAATCTTTACACCTC-1_V13B23-285_C1,11
TAAATGAATCCGTTTC-1_V13B23-285_C1,4
TAAATGCCGTCTCATG-1_V13B23-285_C1,9
TAAATGGGCTACTGAG-1_V13B23-285_C1,7
TAACAAAGGGAGAAGC-1_V13B23-285_C1,4
TAACAATATTTGTTGC-1_V13B23-285_C1,4
TAACATACAATGTGGG-1_V13B23-285_C1,7
TAACATACACGCGATC-1_V13B23-285_C1,6
TAACCTACCGTCCGAG-1_V13B23-285_C1,11
TAACCTAGGGAGTCCA-1_V13B23-285_C1,7
TAACGCTTTGAGAGCG-1_V13B23-285_C1,4
TAACTATCGAAGGTCC-1_V13B23-285_C1,4
TAACTATTACGCCAAA-1_V13B23-285_C1,11
TAACTCATCCGCGCGG-1_V13B23-285_C1,4
TAACTCCATGGAGGCT-1_V13B23-285_C1,4
TAAGCAGGCGACACGC-1_V13B23-285_C1,4
TAAGCCCTTACGACCA-1_V13B23-285_C1,12
TAAGGAACTTGTGGGA-1_V13B23-285_C1,4
TAAGGCAACATAAGAT-1_V13B23-285_C1,1
TAAGGCATAACATCAA-1_V13B23-285_C1,6
TAAGGCCCGTCACCCT-1_V13B23-285_C1,7
TAAGGCTGAATCCCTC-1_V13B23-285_C1,7
TAAGGGCCTGTCCGAT-1_V13B23-285_C1,7
TAAGGGCTGGGAGAGG-1_V13B23-285_C1,4
TAAGTAACATCTTGAC-1_V13B23-285_C1,6
TAAGTCGCCGAGTATC-1_V13B23-285_C1,6
TAAGTTGCGACGTAGG-1_V13B23-285_C1,7
TAATAAACAAGGAGAT-1_V13B23-285_C1,11
TAATACACAGTAGTAT-1_V13B23-285_C1,10
TAATAGAACAGAGTTA-1_V13B23-285_C1,6
TAATAGCTAAATGATG-1_V13B23-285_C1,11
TAATAGGTCACCAGAA-1_V13B23-285_C1,6
TAATAGTGACGACCAG-1_V13B23-285_C1,11
TAATATTGAAATTCGC-1_V13B23-285_C1,5
TAATCAACCAAATGGG-1_V13B23-285_C1,7
TAATCGATCCGTACGT-1_V13B23-285_C1,11
TAATGAAAGACCCTTG-1_V13B23-285_C1,4
TAATTACGTCAGTAGA-1_V13B23-285_C1,7
TAATTAGGACATCCGT-1_V13B23-285_C1,7
TAATTGGAATCGGGAA-1_V13B23-285_C1,9
TACAACGCACAACTCA-1_V13B23-285_C1,4
TACAAGTCTCGTGCAT-1_V13B23-285_C1,4
TACACCGTCGTTAGTC-1_V13B23-285_C1,11
TACAGAAACGGTGGGC-1_V13B23-285_C1,7
TACATAGGCATACACC-1_V13B23-285_C1,4
TACATCCCTATCCCTG-1_V13B23-285_C1,11
TACATGACCTTATCCG-1_V13B23-285_C1,6
TACATGCCGGAATTGT-1_V13B23-285_C1,7
TACATTTCTAACGTGC-1_V13B23-285_C1,4
TACCAAATAGCCCAGA-1_V13B23-285_C1,1
TACCAATAAAGTACCA-1_V13B23-285_C1,7
TACCAGAAGTAGGTTC-1_V13B23-285_C1,4
TACCAGCTAGGTTTAA-1_V13B23-285_C1,8
TACCATGTATTGATTT-1_V13B23-285_C1,7
TACCGCGGACTTGCAG-1_V13B23-285_C1,11
TACCGGCTCACTGCCC-1_V13B23-285_C1,7
TACCGGTCGTTTCCAT-1_V13B23-285_C1,6
TACCGTAGGTTAACTA-1_V13B23-285_C1,6
TACCGTGCCTCGGACC-1_V13B23-285_C1,7
TACCTACTCCCAGTAT-1_V13B23-285_C1,1
TACCTCACGCTTGTAC-1_V13B23-285_C1,10
TACCTCAGTTGTCTGT-1_V13B23-285_C1,6
TACCTGCTGCACTGTG-1_V13B23-285_C1,4
TACCTTAAGATTTCCC-1_V13B23-285_C1,6
TACGAACACGACTTCA-1_V13B23-285_C1,4
TACGACGCTTGCTGCG-1_V13B23-285_C1,4
TACGACTGCCTCTTAG-1_V13B23-285_C1,7
TACGAGAACTTCACGT-1_V13B23-285_C1,4
TACGATGTTGATCATC-1_V13B23-285_C1,4
TACGCAGTTCTTTCCT-1_V13B23-285_C1,4
TACGCCATATTCTAAT-1_V13B23-285_C1,4
TACGCCGAGGGTACCC-1_V13B23-285_C1,6
TACGCCGCCTCAGAAG-1_V13B23-285_C1,7
TACGCCTCCATTCCGA-1_V13B23-285_C1,1
TACGCTATAGAAACCT-1_V13B23-285_C1,11
TACGCTCGGTATTGGA-1_V13B23-285_C1,7
TACGGGATGCTAGCAG-1_V13B23-285_C1,1
TACGTACTAGTGCTGA-1_V13B23-285_C1,6
TACGTGCAAGGTTCCT-1_V13B23-285_C1,1
TACGTGCACTATGCTG-1_V13B23-285_C1,4
TACGTTTACCGGCAAT-1_V13B23-285_C1,6
TACTATGGTTCCTCAG-1_V13B23-285_C1,6
TACTCGGCACGCCGGG-1_V13B23-285_C1,11
TACTCTCCGAACAAAT-1_V13B23-285_C1,12
TACTCTTACTTTACTG-1_V13B23-285_C1,7
TACTCTTTCGTCTTCA-1_V13B23-285_C1,6
TACTGAACAGATTTAG-1_V13B23-285_C1,6
TACTGCAATCAATTAC-1_V13B23-285_C1,11
TACTGGACAGCTCGGC-1_V13B23-285_C1,6
TACTGTTTCTCTGGTA-1_V13B23-285_C1,7
TACTTGTTAGTAGTCC-1_V13B23-285_C1,7
TACTTTACTGAGCCGG-1_V13B23-285_C1,11
TACTTTCCGCACGCCA-1_V13B23-285_C1,6
TAGAAAGGTGGCGCTA-1_V13B23-285_C1,11
TAGAAATTCACGTATA-1_V13B23-285_C1,11
TAGAATAGCCGATGAA-1_V13B23-285_C1,7
TAGAATTAAGGGCAAC-1_V13B23-285_C1,8
TAGACGAAACGCCAAT-1_V13B23-285_C1,7
TAGACGCCCGTACCGG-1_V13B23-285_C1,1
TAGACTACCTAGCGTT-1_V13B23-285_C1,7
TAGAGATCATGCAACT-1_V13B23-285_C1,6
TAGAGCTACGAAGAAC-1_V13B23-285_C1,9
TAGAGGTTCTACTTGT-1_V13B23-285_C1,7
TAGAGTCTAAGCGAAC-1_V13B23-285_C1,1
TAGATATGGACTGGAA-1_V13B23-285_C1,1
TAGATCCGAAGTCGCA-1_V13B23-285_C1,8
TAGATGGTTCCTTACT-1_V13B23-285_C1,7
TAGATTCCTGGTTATT-1_V13B23-285_C1,4
TAGCAACCTGTCACAA-1_V13B23-285_C1,4
TAGCCATTTCAAAGTC-1_V13B23-285_C1,7
TAGCCGGCGGTCAGCG-1_V13B23-285_C1,1
TAGCGTCCCTCGATTG-1_V13B23-285_C1,7
TAGCGTCCGGTGTGGT-1_V13B23-285_C1,7
TAGCGTTGGGTCTTAC-1_V13B23-285_C1,5
TAGCTAAGTCCGGGAG-1_V13B23-285_C1,11
TAGCTAGAAGGCATGA-1_V13B23-285_C1,6
TAGCTAGTGATGATGG-1_V13B23-285_C1,6
TAGCTCGCCTGATAAC-1_V13B23-285_C1,1
TAGCTGATGTGAAGCG-1_V13B23-285_C1,11
TAGGCATGTTACGCCA-1_V13B23-285_C1,11
TAGGGAGCTTGGGATG-1_V13B23-285_C1,7
TAGGGTGTTTCAAGAG-1_V13B23-285_C1,1
TAGGTCCAAGTAAGGA-1_V13B23-285_C1,4
TAGGTCGCCGGAACTG-1_V13B23-285_C1,11
TAGGTGACGATAACCT-1_V13B23-285_C1,7
TAGGTGAGCCCTACTC-1_V13B23-285_C1,4
TAGGTGCTCGCCTAGC-1_V13B23-285_C1,7
TAGGTGTTCCACAGAT-1_V13B23-285_C1,6
TAGGTTCGAGTTCGTC-1_V13B23-285_C1,3
TAGTACCTTAGTGGTC-1_V13B23-285_C1,4
TAGTAGCTTATACCAG-1_V13B23-285_C1,6
TAGTCCGCAGAGAATG-1_V13B23-285_C1,4
TAGTCCGTATGCATAA-1_V13B23-285_C1,4
TAGTCGATCACGGGTT-1_V13B23-285_C1,7
TAGTCGGGATTCTTCG-1_V13B23-285_C1,11
TAGTCTAACAACGAGA-1_V13B23-285_C1,6
TAGTCTGTGACGTTGC-1_V13B23-285_C1,11
TAGTCTTTCCGAATTG-1_V13B23-285_C1,7
TAGTGCCCTCCAGAGT-1_V13B23-285_C1,4
TAGTGCTTGAATCCTT-1_V13B23-285_C1,6
TAGTGTCAGAAACGGC-1_V13B23-285_C1,4
TAGTTAAGATAGGATA-1_V13B23-285_C1,10
TAGTTTATTCTTGCTT-1_V13B23-285_C1,10
TATAAATCCACAAGCT-1_V13B23-285_C1,1
TATAAGTGAGGATAGC-1_V13B23-285_C1,4
TATACACAGACGCCTT-1_V13B23-285_C1,1
TATACACGCAAAGTAT-1_V13B23-285_C1,3
TATACCGAGTGCCACA-1_V13B23-285_C1,7
TATACGCGTCATCACT-1_V13B23-285_C1,7
TATACTCATGCGGCAA-1_V13B23-285_C1,4
TATAGATGGTCGCAGT-1_V13B23-285_C1,7
TATAGGGTACTCATGA-1_V13B23-285_C1,11
TATATATCGAGAAATG-1_V13B23-285_C1,6
TATATCATTGATCAGT-1_V13B23-285_C1,6
TATATCCCTGGGAGGA-1_V13B23-285_C1,7
TATATGCTGGGTTGCC-1_V13B23-285_C1,6
TATATTACAAATGTCG-1_V13B23-285_C1,11
TATATTCGCGTCGATA-1_V13B23-285_C1,8
TATCAAAGGTCTGTAA-1_V13B23-285_C1,6
TATCACCATGTAAAGT-1_V13B23-285_C1,9
TATCACCCAACCGACC-1_V13B23-285_C1,11
TATCACTTCGAGTAAC-1_V13B23-285_C1,11
TATCCAATTGGTTATC-1_V13B23-285_C1,7
TATCCATATCATGCGA-1_V13B23-285_C1,10
TATCCATCTCGGTTAG-1_V13B23-285_C1,6
TATCCGCACCGTCGGG-1_V13B23-285_C1,6
TATCGATCTATGCATA-1_V13B23-285_C1,1
TATCGATGATTAAACG-1_V13B23-285_C1,4
TATCTACAGAGGTAAT-1_V13B23-285_C1,4
TATCTACCACAGCGGG-1_V13B23-285_C1,4
TATCTAGCCTAAAGGA-1_V13B23-285_C1,4
TATCTTGCAATACAAC-1_V13B23-285_C1,6
TATGAAGACAGGTGCG-1_V13B23-285_C1,4
TATGATCCGGCACGCC-1_V13B23-285_C1,11
TATGATCTTCTCTTTA-1_V13B23-285_C1,7
TATGCTCCCTACTTAC-1_V13B23-285_C1,6
TATGGATGTGCTACGC-1_V13B23-285_C1,2
TATGGCCCGGCCTCGC-1_V13B23-285_C1,4
TATGGCTAGGCTAATT-1_V13B23-285_C1,11
TATGGGACCGAGCAGG-1_V13B23-285_C1,4
TATGGGTACGTATCGT-1_V13B23-285_C1,1
TATGGTCTGAGTAACA-1_V13B23-285_C1,4
TATGGTTAGTGGGAGA-1_V13B23-285_C1,7
TATGTCAAGACCGACT-1_V13B23-285_C1,11
TATGTCTCATTGTGCC-1_V13B23-285_C1,11
TATTAACCTGACCGCG-1_V13B23-285_C1,6
TATTACCATCCTGCTT-1_V13B23-285_C1,7
TATTATGTTTGCCTGC-1_V13B23-285_C1,6
TATTCAATTCTAATCC-1_V13B23-285_C1,1
TATTCCACTCAGCTCG-1_V13B23-285_C1,1
TATTCCGAGCTGTTAT-1_V13B23-285_C1,7
TATTCCTCCGCCCACT-1_V13B23-285_C1,6
TATTCGTGCCAGAATA-1_V13B23-285_C1,3
TATTGACATTTCTGCC-1_V13B23-285_C1,1
TATTTAGTCTAGATCG-1_V13B23-285_C1,10
TATTTATACCGAGTAG-1_V13B23-285_C1,10
TATTTGATTTGCACAG-1_V13B23-285_C1,7
TATTTGTTACCCTTTA-1_V13B23-285_C1,4
TCAAACAACCGCGTCG-1_V13B23-285_C1,1
TCAAACTTAGATTGTT-1_V13B23-285_C1,3
TCAAATTTGAGACTCA-1_V13B23-285_C1,7
TCAACAAAGATAATTC-1_V13B23-285_C1,6
TCAACATAGCGCCCTA-1_V13B23-285_C1,6
TCAACATCGACCGAGA-1_V13B23-285_C1,11
TCAACCATGTTCGGGC-1_V13B23-285_C1,4
TCAACGAGGAGACAAA-1_V13B23-285_C1,4
TCAACGCAGGAAATAA-1_V13B23-285_C1,6
TCAACTAACGTATAAC-1_V13B23-285_C1,4
TCAACTGCAGAGTCAG-1_V13B23-285_C1,7
TCAAGAAATACTAGCT-1_V13B23-285_C1,11
TCAAGCGCGGACGGTA-1_V13B23-285_C1,7
TCAAGCTGCCTTGAAA-1_V13B23-285_C1,11
TCAAGGTTACTACACC-1_V13B23-285_C1,7
TCAATACGCCGTCATG-1_V13B23-285_C1,6
TCACAAACCGAGGTAC-1_V13B23-285_C1,7
TCACAGATCCTCAAAC-1_V13B23-285_C1,8
TCACAGCAAACTCGAA-1_V13B23-285_C1,6
TCACAGGAGAATAAGA-1_V13B23-285_C1,6
TCACAGGGAATCGCAA-1_V13B23-285_C1,7
TCACAGGTTATTGGGC-1_V13B23-285_C1,4
TCACATCTTATCTGAT-1_V13B23-285_C1,4
TCACCCTCTTAAGATT-1_V13B23-285_C1,1
TCACCGCTCGGCACTC-1_V13B23-285_C1,11
TCACGATGTCCGTGGA-1_V13B23-285_C1,6
TCACGCATTGTAGATC-1_V13B23-285_C1,4
TCACGGTCATCGCACA-1_V13B23-285_C1,4
TCACGTGCCCGATTCA-1_V13B23-285_C1,7
TCACTACGACCAATGC-1_V13B23-285_C1,11
TCACTCGTGCAACGGC-1_V13B23-285_C1,11
TCACTCTTCGTCTGTC-1_V13B23-285_C1,6
TCAGAACCTCCACAGG-1_V13B23-285_C1,11
TCAGACGCTATAGAAG-1_V13B23-285_C1,7
TCAGAGTGTGAGCATG-1_V13B23-285_C1,7
TCAGCAAATGCATCTC-1_V13B23-285_C1,11
TCAGCAGTAGGCCCTG-1_V13B23-285_C1,6
TCAGCCAATCCGTAAA-1_V13B23-285_C1,7
TCAGGGCGCAAACTCG-1_V13B23-285_C1,4
TCAGGGTGTAACGTAA-1_V13B23-285_C1,11
TCAGGTTCTTTGAGAA-1_V13B23-285_C1,4
TCAGTACTGACCCGCG-1_V13B23-285_C1,3
TCAGTAGGGACTATAA-1_V13B23-285_C1,4
TCAGTGTATACGTCAT-1_V13B23-285_C1,6
TCATAAGTCCAAGAAG-1_V13B23-285_C1,7
TCATACTTACAGATCC-1_V13B23-285_C1,4
TCATCACTCGAGCTCG-1_V13B23-285_C1,4
TCATCCCAGAGGGTGG-1_V13B23-285_C1,10
TCATCGATGGTCCCAA-1_V13B23-285_C1,6
TCATGCAGGTTCTCAT-1_V13B23-285_C1,12
TCATTTAAGTCTCCGA-1_V13B23-285_C1,7
TCATTTAGAAGTGTGA-1_V13B23-285_C1,7
TCCAACTTTAAATTCT-1_V13B23-285_C1,6
TCCAATAAAGGCTACC-1_V13B23-285_C1,4
TCCACAATGGTTTACG-1_V13B23-285_C1,4
TCCACCTCTAGCCTTT-1_V13B23-285_C1,6
TCCACTTTATCTAGGT-1_V13B23-285_C1,11
TCCAGAGCACCGGTTC-1_V13B23-285_C1,7
TCCAGATGTACGCCAA-1_V13B23-285_C1,11
TCCAGCGCTATAAGCG-1_V13B23-285_C1,7
TCCAGGCGAGTACGGT-1_V13B23-285_C1,6
TCCAGGGTATATACGA-1_V13B23-285_C1,7
TCCATTCCCACTAGAG-1_V13B23-285_C1,2
TCCATTGTGACCTCGT-1_V13B23-285_C1,8
TCCCAAACAGACAACG-1_V13B23-285_C1,11
TCCCAAAGACGAAGGA-1_V13B23-285_C1,6
TCCCAAAGCCCTAAAT-1_V13B23-285_C1,5
TCCCACTCTCTTCCGG-1_V13B23-285_C1,11
TCCCAGCACACGACAT-1_V13B23-285_C1,7
TCCCAGCTTTAGTCTG-1_V13B23-285_C1,3
TCCCAGGCTTAGCTAA-1_V13B23-285_C1,4
TCCCGCCTATGTGCGT-1_V13B23-285_C1,11
TCCCGCGTACTCCTGG-1_V13B23-285_C1,11
TCCCGGGTGTGCTGCT-1_V13B23-285_C1,4
TCCCGTCAGTCCCGCA-1_V13B23-285_C1,11
TCCCGTCGCGTCATAG-1_V13B23-285_C1,11
TCCCGTGTGCAATTTG-1_V13B23-285_C1,7
TCCCTAGATCAATAGG-1_V13B23-285_C1,11
TCCCTGGCGTATTAAC-1_V13B23-285_C1,6
TCCCTGGCTCGCTGGA-1_V13B23-285_C1,4
TCCCTTAGATTACTCG-1_V13B23-285_C1,11
TCCGAACGTTGCCGCT-1_V13B23-285_C1,7
TCCGAACTTGGCTTAC-1_V13B23-285_C1,4
TCCGAAGTAGTCACCA-1_V13B23-285_C1,9
TCCGAATGGTCCTGAG-1_V13B23-285_C1,11
TCCGATAATTGCCATA-1_V13B23-285_C1,10
TCCGATGACTGAGCTC-1_V13B23-285_C1,9
TCCGATGGTGCGACAT-1_V13B23-285_C1,4
TCCGATTACATTGCCG-1_V13B23-285_C1,4
TCCGCAGCCACCTAGC-1_V13B23-285_C1,9
TCCGCCTGTCTACAAG-1_V13B23-285_C1,7
TCCGCGGCAGCATCTG-1_V13B23-285_C1,1
TCCGCGGCCCAATGAA-1_V13B23-285_C1,7
TCCGCTGTCATCCCGG-1_V13B23-285_C1,7
TCCGCTTATCCCATTA-1_V13B23-285_C1,7
TCCGGAGGAAGGGCTG-1_V13B23-285_C1,9
TCCGGCCTAGCGTACA-1_V13B23-285_C1,11
TCCGGCTGTCGGGTCG-1_V13B23-285_C1,7
TCCGGTTCGTCCGGTC-1_V13B23-285_C1,6
TCCGTAACCACAATCC-1_V13B23-285_C1,4
TCCGTTAAGCTAATAT-1_V13B23-285_C1,7
TCCGTTTAGCCTTGAA-1_V13B23-285_C1,11
TCCTAAATTGGGAAGC-1_V13B23-285_C1,7
TCCTAACCGTCGGGCA-1_V13B23-285_C1,6
TCCTACATCCACGGCC-1_V13B23-285_C1,7
TCCTAGCAAAGAAGCT-1_V13B23-285_C1,6
TCCTATCATAGGTAAC-1_V13B23-285_C1,7
TCCTCCTAAGACATTC-1_V13B23-285_C1,6
TCCTCGGGCTGGGCTT-1_V13B23-285_C1,7
TCCTCTACGAGATGGC-1_V13B23-285_C1,4
TCCTCTCCAGTTGTCC-1_V13B23-285_C1,4
TCCTCTGGCCCATTAG-1_V13B23-285_C1,9
TCCTGCCAACTGGAGA-1_V13B23-285_C1,10
TCCTGCGTTGATACTC-1_V13B23-285_C1,6
TCCTGGCGCTGCCTGG-1_V13B23-285_C1,12
TCCTTACGACGGTCCG-1_V13B23-285_C1,7
TCCTTCAGTGGTCGAA-1_V13B23-285_C1,10
TCCTTTAAATCCGCTT-1_V13B23-285_C1,7
TCCTTTCTTACGCTTA-1_V13B23-285_C1,11
TCGAAATTTAGGACCA-1_V13B23-285_C1,4
TCGAAGAACCGAGCAC-1_V13B23-285_C1,7
TCGAATATCCCGCAGG-1_V13B23-285_C1,6
TCGACAACTGAACCCG-1_V13B23-285_C1,6
TCGAGACCAACACCGT-1_V13B23-285_C1,4
TCGAGCCAGGCAGGCC-1_V13B23-285_C1,6
TCGAGGGCAACAGACG-1_V13B23-285_C1,1
TCGCAAAGATGCATTT-1_V13B23-285_C1,7
TCGCACCAGGAGGCAG-1_V13B23-285_C1,7
TCGCATAAAGGGCGCA-1_V13B23-285_C1,7
TCGCATCCCTAAGTGT-1_V13B23-285_C1,4
TCGCCGAAGTTGCGTC-1_V13B23-285_C1,6
TCGCCGGTCGATCCGT-1_V13B23-285_C1,10
TCGCGTAGCAGTGTCC-1_V13B23-285_C1,7
TCGCGTCCAGAAGGTC-1_V13B23-285_C1,4
TCGCTAAACCGCTATC-1_V13B23-285_C1,4
TCGCTCGATATATTCC-1_V13B23-285_C1,6
TCGCTCGGCACCAGCG-1_V13B23-285_C1,11
TCGCTGGGCGGATTGT-1_V13B23-285_C1,11
TCGCTGTGCGTAAATC-1_V13B23-285_C1,4
TCGCTTTAAACGTTTG-1_V13B23-285_C1,11
TCGGAATGCGCTCTGA-1_V13B23-285_C1,4
TCGGACGCCCAGCCCA-1_V13B23-285_C1,11
TCGGAGAGTATCGGGA-1_V13B23-285_C1,6
TCGGAGTACATGAGTA-1_V13B23-285_C1,11
TCGGCGAACCCAAACC-1_V13B23-285_C1,7
TCGGCGTACTGCACAA-1_V13B23-285_C1,9
TCGGCTTGTATCGACG-1_V13B23-285_C1,7
TCGGGAACGTGCCTAG-1_V13B23-285_C1,11
TCGGGAGACAGCGTAC-1_V13B23-285_C1,7
TCGGGATTCAAACATA-1_V13B23-285_C1,4
TCGGGCCGTCGTGGTA-1_V13B23-285_C1,7
TCGGGTGAAACTGCTA-1_V13B23-285_C1,8
TCGGTCCCGACAATAG-1_V13B23-285_C1,6
TCGGTCCCTGACTCCA-1_V13B23-285_C1,9
TCGGTGACCGCTCCGG-1_V13B23-285_C1,12
TCGTAAGACGACATTG-1_V13B23-285_C1,11
TCGTAAGCTCCGAGGA-1_V13B23-285_C1,9
TCGTATAGTGCAATTA-1_V13B23-285_C1,10
TCGTATTACCCATTGC-1_V13B23-285_C1,6
TCGTCAAGTACGCGCA-1_V13B23-285_C1,7
TCGTCACACTGTTAGC-1_V13B23-285_C1,4
TCGTCCGCTGGCGTCT-1_V13B23-285_C1,4
TCGTCTTAGGCGTTAA-1_V13B23-285_C1,7
TCGTGTACTATGGATG-1_V13B23-285_C1,7
TCGTGTATTGGTCACG-1_V13B23-285_C1,7
TCGTGTCACGCTGACA-1_V13B23-285_C1,11
TCGTGTTCGACCACAA-1_V13B23-285_C1,7
TCGTTAGGAGTCCCTA-1_V13B23-285_C1,6
TCGTTCGTTATTATGT-1_V13B23-285_C1,8
TCGTTGCTATCCGGTC-1_V13B23-285_C1,6
TCTAACTGTATGTAAA-1_V13B23-285_C1,4
TCTAATACTGCCTCAG-1_V13B23-285_C1,6
TCTACCCAATAGAGAG-1_V13B23-285_C1,7
TCTACCGTCCACAAGC-1_V13B23-285_C1,11
TCTACGGGCTCAGTTG-1_V13B23-285_C1,2
TCTAGCAATCTCCGCC-1_V13B23-285_C1,6
TCTAGCATCTTCGATG-1_V13B23-285_C1,4
TCTAGCATGCCCAGAA-1_V13B23-285_C1,7
TCTAGGTGGCGACGCT-1_V13B23-285_C1,11
TCTAGTGATATCGTGG-1_V13B23-285_C1,7
TCTAGTTATCAGAAGA-1_V13B23-285_C1,4
TCTATCATGCAGTTAC-1_V13B23-285_C1,4
TCTATCGGTCGCAACA-1_V13B23-285_C1,1
TCTATTACGCTGGCGA-1_V13B23-285_C1,8
TCTATTACTAGAGGAT-1_V13B23-285_C1,4
TCTCATGAGATAGGGT-1_V13B23-285_C1,7
TCTCCAACGTAGGTTA-1_V13B23-285_C1,3
TCTCCACAAGTTGAAT-1_V13B23-285_C1,7
TCTCCCTGGGCAGCGT-1_V13B23-285_C1,7
TCTCGAACGAGGTCAC-1_V13B23-285_C1,12
TCTCGACGTATCGCCG-1_V13B23-285_C1,7
TCTCGAGGAGGTTCGC-1_V13B23-285_C1,7
TCTCGGCTCCAGGACT-1_V13B23-285_C1,4
TCTCTAATAGCTGGTA-1_V13B23-285_C1,9
TCTCTCGCCGCACATA-1_V13B23-285_C1,7
TCTGAACCGGTCGGCT-1_V13B23-285_C1,4
TCTGAACTCGTACCCG-1_V13B23-285_C1,7
TCTGAAGCACGTGGTC-1_V13B23-285_C1,7
TCTGAATTCCGTACAA-1_V13B23-285_C1,1
TCTGACGGGCTAACCC-1_V13B23-285_C1,11
TCTGAGCAATTGACTG-1_V13B23-285_C1,7
TCTGATCGGGTGCTAG-1_V13B23-285_C1,1
TCTGATGTATTCTGTC-1_V13B23-285_C1,7
TCTGATTGGAAATGGA-1_V13B23-285_C1,1
TCTGCACCATTAGTAA-1_V13B23-285_C1,11
TCTGCATACCTTGCTT-1_V13B23-285_C1,7
TCTGCCAGAAACTGCA-1_V13B23-285_C1,7
TCTGCGAATCGTTCGC-1_V13B23-285_C1,2
TCTGCGTCCGGTTTCT-1_V13B23-285_C1,4
TCTGCTTAGAACAAGC-1_V13B23-285_C1,7
TCTGGAGCGTAAGAGT-1_V13B23-285_C1,1
TCTGGCCGTTCAAGTT-1_V13B23-285_C1,1
TCTGGGAACCTTTGAA-1_V13B23-285_C1,7
TCTGGGTAGCGCTCAT-1_V13B23-285_C1,6
TCTGTGCCATCATAGT-1_V13B23-285_C1,11
TCTGTTACCCAGCATA-1_V13B23-285_C1,6
TCTTACAGAGGTACCG-1_V13B23-285_C1,10
TCTTACCGGAACTCGT-1_V13B23-285_C1,1
TCTTACGGCATCCGAC-1_V13B23-285_C1,4
TCTTACTTATGCCTCT-1_V13B23-285_C1,7
TCTTAGAGCTCCAATT-1_V13B23-285_C1,7
TCTTAGAGTGAACTCT-1_V13B23-285_C1,7
TCTTCCCATGGGCACA-1_V13B23-285_C1,11
TCTTCGAATAGACGTT-1_V13B23-285_C1,7
TCTTCGATACCAATAA-1_V13B23-285_C1,1
TCTTCGCGGTGAGAGG-1_V13B23-285_C1,7
TCTTCTATAACCCGCC-1_V13B23-285_C1,7
TCTTGATGCGTAGCGA-1_V13B23-285_C1,1
TCTTGGTAACACCAAA-1_V13B23-285_C1,10
TCTTTAAGACTATGAA-1_V13B23-285_C1,11
TCTTTAGAGTCTAACA-1_V13B23-285_C1,7
TCTTTAGCAGGCGAAC-1_V13B23-285_C1,11
TCTTTCCTTCGAGATA-1_V13B23-285_C1,7
TGAAACTTATGCAAGC-1_V13B23-285_C1,8
TGAAAGGACCTGACTC-1_V13B23-285_C1,7
TGAAGAGCGGTCCTAG-1_V13B23-285_C1,4
TGAAGTAGCTTACGGA-1_V13B23-285_C1,6
TGAATATGCTATAAAC-1_V13B23-285_C1,11
TGAATGAGATACAGCA-1_V13B23-285_C1,2
TGAATGTCAGCCGGCC-1_V13B23-285_C1,7
TGACAACGCATGTCGC-1_V13B23-285_C1,1
TGACACTTCTCTTTGC-1_V13B23-285_C1,9
TGACAGGACAAGTCCA-1_V13B23-285_C1,11
TGACATCGAGCGGACC-1_V13B23-285_C1,7
TGACCCACGTTAGACA-1_V13B23-285_C1,4
TGACGAATATTTCCCT-1_V13B23-285_C1,11
TGACGATGCACTAGAA-1_V13B23-285_C1,7
TGACTATAATCCTTTC-1_V13B23-285_C1,7
TGAGAATGCTTTACCG-1_V13B23-285_C1,10
TGAGAGATTTACCACG-1_V13B23-285_C1,7
TGAGATTAGGCCCTAA-1_V13B23-285_C1,11
TGAGCCATACAGTCTC-1_V13B23-285_C1,6
TGAGCGGAAAGTGTTC-1_V13B23-285_C1,7
TGAGCTCAACTGTATA-1_V13B23-285_C1,7
TGAGCTTTAATGACGC-1_V13B23-285_C1,1
TGAGGAGTGCCAGCTT-1_V13B23-285_C1,3
TGAGTAAATTAGCGTA-1_V13B23-285_C1,1
TGAGTGCCTCTTAAAT-1_V13B23-285_C1,6
TGAGTGGTCCGTGACG-1_V13B23-285_C1,11
TGAGTTAAAGACATTC-1_V13B23-285_C1,7
TGATACATTTAGCCGT-1_V13B23-285_C1,6
TGATAGCGGGATTCTA-1_V13B23-285_C1,4
TGATCAGGGAACTGCT-1_V13B23-285_C1,11
TGATCCCAGCATTAGT-1_V13B23-285_C1,11
TGATCGGTTTGACCCT-1_V13B23-285_C1,4
TGATCTACGCTGATCT-1_V13B23-285_C1,11
TGATCTCCGGCGCCAG-1_V13B23-285_C1,9
TGATGGCTGTTTCTGA-1_V13B23-285_C1,11
TGATGTCAATTAAGTG-1_V13B23-285_C1,7
TGATTATGGCACGCAG-1_V13B23-285_C1,12
TGATTCAGGTCCCGCG-1_V13B23-285_C1,6
TGATTCGTCTATCACT-1_V13B23-285_C1,4
TGATTCTGTCGCCGGT-1_V13B23-285_C1,6
TGATTTATTAGCTGTG-1_V13B23-285_C1,6
TGATTTCCTCCTGACG-1_V13B23-285_C1,4
TGCAACCCATCTGCGG-1_V13B23-285_C1,7
TGCAAGAATGACGTAA-1_V13B23-285_C1,6
TGCAATCTAACACGGT-1_V13B23-285_C1,7
TGCAATTTGGGCACGG-1_V13B23-285_C1,11
TGCACAGTGAAGTTAT-1_V13B23-285_C1,9
TGCACTATGTGAGTGC-1_V13B23-285_C1,4
TGCAGAACTATATCGT-1_V13B23-285_C1,11
TGCAGAGTACCGAGCA-1_V13B23-285_C1,4
TGCAGATCGTCCTAGG-1_V13B23-285_C1,11
TGCAGCTACGTACTTC-1_V13B23-285_C1,11
TGCAGGATCGGCAAAG-1_V13B23-285_C1,1
TGCAGTGAGGCTCGGG-1_V13B23-285_C1,2
TGCAGTTTCCTCCCAT-1_V13B23-285_C1,7
TGCATATGTCTGTCAC-1_V13B23-285_C1,7
TGCATGGATCGGATCT-1_V13B23-285_C1,10
TGCATGTGGTAATCTA-1_V13B23-285_C1,11
TGCCAAAGTCAGACTT-1_V13B23-285_C1,11
TGCCAATGGGTACTCT-1_V13B23-285_C1,6
TGCCACCTGGCGAAAC-1_V13B23-285_C1,10
TGCCAGTACGTGGAGA-1_V13B23-285_C1,7
TGCCATTACTAAAGAA-1_V13B23-285_C1,1
TGCCCGTACCGTTAAA-1_V13B23-285_C1,7
TGCCGGATGTACGAGC-1_V13B23-285_C1,4
TGCCGTGGATCGTCCT-1_V13B23-285_C1,1
TGCCTAAATTTAATAG-1_V13B23-285_C1,1
TGCCTAATTGAAGATT-1_V13B23-285_C1,7
TGCCTGACATCGGTCA-1_V13B23-285_C1,4
TGCCTGATCAAACGAT-1_V13B23-285_C1,9
TGCCTTGGCCAGGCAA-1_V13B23-285_C1,7
TGCGAATATGGGATTT-1_V13B23-285_C1,11
TGCGACACCCTAGTGC-1_V13B23-285_C1,6
TGCGACGGCCGAACGT-1_V13B23-285_C1,6
TGCGAGAATATTACCC-1_V13B23-285_C1,6
TGCGAGCCCTTCCGCG-1_V13B23-285_C1,9
TGCGATGCTAATGGCT-1_V13B23-285_C1,4
TGCGCAAAGCATTTGG-1_V13B23-285_C1,4
TGCGCCGTTAATAACG-1_V13B23-285_C1,7
TGCGCGATTAACGGAG-1_V13B23-285_C1,4
TGCGGAGTAAAGGTGC-1_V13B23-285_C1,11
TGCGGCATAGTTCAAC-1_V13B23-285_C1,10
TGCGGTGAAATTTCAT-1_V13B23-285_C1,5
TGCGTAAGAACCTGAT-1_V13B23-285_C1,6
TGCGTCATGACTGAGC-1_V13B23-285_C1,6
TGCGTGATTGGGTGTC-1_V13B23-285_C1,8
TGCGTTTGTTGACACT-1_V13B23-285_C1,7
TGCTAAGTGTCTATTT-1_V13B23-285_C1,7
TGCTCCACAGTTCTTA-1_V13B23-285_C1,7
TGCTCGGCGAAACCCA-1_V13B23-285_C1,1
TGCTCTGCCGGTTCAC-1_V13B23-285_C1,11
TGCTGGTTGGACAATT-1_V13B23-285_C1,12
TGCTGTTGAAGAACTC-1_V13B23-285_C1,9
TGCTTAGAGAGAATGC-1_V13B23-285_C1,6
TGCTTCCCAAGCAGTA-1_V13B23-285_C1,7
TGGAACCACTGACACA-1_V13B23-285_C1,11
TGGAAGAAGGGAACGT-1_V13B23-285_C1,6
TGGAAGACGAACACCA-1_V13B23-285_C1,8
TGGAAGGATAAAGATG-1_V13B23-285_C1,10
TGGAATATCCTTGACC-1_V13B23-285_C1,11
TGGAATTAGACGCTTT-1_V13B23-285_C1,4
TGGACACCGTTGCTTG-1_V13B23-285_C1,9
TGGACCAATCTAAGAT-1_V13B23-285_C1,7
TGGACGCAATCCAGCC-1_V13B23-285_C1,6
TGGACTGTTCGCTCAA-1_V13B23-285_C1,7
TGGAGGGAAACACCTC-1_V13B23-285_C1,11
TGGAGTGATGCGATGA-1_V13B23-285_C1,4
TGGCAAACTAAATTAC-1_V13B23-285_C1,7
TGGCAACTCGCGCGCC-1_V13B23-285_C1,1
TGGCAATGGGACGGCG-1_V13B23-285_C1,7
TGGCAGATTACGATCA-1_V13B23-285_C1,4
TGGCAGCAGTAATAGT-1_V13B23-285_C1,7
TGGCCAAACTGAAGTA-1_V13B23-285_C1,11
TGGCCGTATATTGACC-1_V13B23-285_C1,4
TGGCGACTGCTCCAAA-1_V13B23-285_C1,6
TGGCGATCAAGTTATG-1_V13B23-285_C1,1
TGGCTATGTGACATAC-1_V13B23-285_C1,7
TGGCTCTTGTCGCGTA-1_V13B23-285_C1,11
TGGCTTGTACAAGCTT-1_V13B23-285_C1,2
TGGCTTTGGGTAGACA-1_V13B23-285_C1,10
TGGGAAATGCCTTTCC-1_V13B23-285_C1,4
TGGGATGCACTCATTC-1_V13B23-285_C1,9
TGGGCAATAGTTGGGT-1_V13B23-285_C1,7
TGGGCACGTTCTATGG-1_V13B23-285_C1,10
TGGGCAGGCCACCGCA-1_V13B23-285_C1,7
TGGGCCACAAGAGCGC-1_V13B23-285_C1,10
TGGGCCCATACTAATT-1_V13B23-285_C1,7
TGGGTAAGGTTCCCGC-1_V13B23-285_C1,10
TGGGTGGGATGTCATT-1_V13B23-285_C1,2
TGGTAAGCAGGATTGA-1_V13B23-285_C1,11
TGGTAGAATATATGGG-1_V13B23-285_C1,7
TGGTATCGCATCCCAA-1_V13B23-285_C1,8
TGGTCCCACGCTACGG-1_V13B23-285_C1,7
TGGTCGTGCAAGGCAA-1_V13B23-285_C1,11
TGGTCTAGCTTACATG-1_V13B23-285_C1,6
TGGTCTGTTGGGCGTA-1_V13B23-285_C1,6
TGGTGATCGTATTTGT-1_V13B23-285_C1,4
TGGTTAAGGGCGCTGG-1_V13B23-285_C1,11
TGGTTCAACGGGTAAT-1_V13B23-285_C1,7
TGGTTCGTAGCAAAGG-1_V13B23-285_C1,1
TGGTTGGAGGATCCTG-1_V13B23-285_C1,11
TGGTTTAAACGTGGGT-1_V13B23-285_C1,11
TGTAATGACCACAATA-1_V13B23-285_C1,11
TGTACCTACACGAGGG-1_V13B23-285_C1,7
TGTACGAACAAATCCG-1_V13B23-285_C1,4
TGTACTACTCTCACGG-1_V13B23-285_C1,11
TGTAGCCATCCCATTC-1_V13B23-285_C1,7
TGTAGGAGAAATTTCC-1_V13B23-285_C1,7
TGTAGTGATCTATAAT-1_V13B23-285_C1,4
TGTATAACAGATCCTG-1_V13B23-285_C1,11
TGTATACGGATGATGA-1_V13B23-285_C1,11
TGTATCCTTATTCCAT-1_V13B23-285_C1,8
TGTATGGCGCAGACAG-1_V13B23-285_C1,7
TGTATTTACCTAATGC-1_V13B23-285_C1,8
TGTCATTTGTTGGGAA-1_V13B23-285_C1,11
TGTCCCGACATAGCAC-1_V13B23-285_C1,8
TGTCCGTGGCGCCTTT-1_V13B23-285_C1,4
TGTCCTAAGTCACCGC-1_V13B23-285_C1,4
TGTCGTTATCACATAT-1_V13B23-285_C1,6
TGTCTACAGTTTCTGT-1_V13B23-285_C1,8
TGTGACTACGCCAGTC-1_V13B23-285_C1,10
TGTGAGACTAGCCCAA-1_V13B23-285_C1,7
TGTGCCGGTGCCGGAA-1_V13B23-285_C1,7
TGTGCTTTACGTAAGA-1_V13B23-285_C1,11
TGTGGACTATCTACGT-1_V13B23-285_C1,7
TGTGGCAAAGCGTATG-1_V13B23-285_C1,11
TGTGGCTCCCACCAAC-1_V13B23-285_C1,7
TGTGGTAGGGTGCCTT-1_V13B23-285_C1,7
TGTGTAGTAGCACGTG-1_V13B23-285_C1,7
TGTGTCGCGAGTTGCA-1_V13B23-285_C1,4
TGTGTTCGTATCCAAG-1_V13B23-285_C1,4
TGTTATTGTATGTGGC-1_V13B23-285_C1,5
TGTTCATAAATGTGCT-1_V13B23-285_C1,6
TGTTCCGCTTCCATGA-1_V13B23-285_C1,4
TGTTCGTATTGCGGTG-1_V13B23-285_C1,1
TGTTCTTCCATTGACT-1_V13B23-285_C1,4
TGTTGCCGTCGTCCCA-1_V13B23-285_C1,7
TGTTGTCAAGAAGTCT-1_V13B23-285_C1,3
TGTTTAATACTTCATC-1_V13B23-285_C1,8
TGTTTCGGTACTTCTC-1_V13B23-285_C1,10
TGTTTGAGATCGTCAG-1_V13B23-285_C1,7
TTAAACCTGGTTCCTT-1_V13B23-285_C1,4
TTAAACTCGAATTCAT-1_V13B23-285_C1,11
TTAACACCTCGAACAT-1_V13B23-285_C1,4
TTAACCAACCCTCCCT-1_V13B23-285_C1,10
TTAACGAACAAGCAGT-1_V13B23-285_C1,11
TTAACGTCGCAAGACC-1_V13B23-285_C1,8
TTAACTCACGCGTGGA-1_V13B23-285_C1,4
TTAACTTCAGGTAGGA-1_V13B23-285_C1,6
TTAAGATAGGATTGAC-1_V13B23-285_C1,7
TTAAGCCGACAACTTC-1_V13B23-285_C1,10
TTAAGCGCCTGACCCA-1_V13B23-285_C1,4
TTAAGGCCCGTACTTT-1_V13B23-285_C1,6
TTAATCAGTACGTCAG-1_V13B23-285_C1,10
TTAATGTAGACCAGGT-1_V13B23-285_C1,6
TTAATGTGTTTGCAGG-1_V13B23-285_C1,11
TTAATTGCTTTGGGTG-1_V13B23-285_C1,7
TTAATTTCAGACGCGG-1_V13B23-285_C1,10
TTACAACTACGCATCC-1_V13B23-285_C1,4
TTACACGATCTGCGAC-1_V13B23-285_C1,7
TTACAGACCTAAATGA-1_V13B23-285_C1,11
TTACATCGTGGCCTGG-1_V13B23-285_C1,4
TTACATGCCACAACTA-1_V13B23-285_C1,7
TTACCATTGATTACCC-1_V13B23-285_C1,4
TTACCCATTGCCGGGT-1_V13B23-285_C1,11
TTACCCTAACAGTCCT-1_V13B23-285_C1,4
TTACCCTAGGGATTGG-1_V13B23-285_C1,6
TTACCGCCTTAGGGAA-1_V13B23-285_C1,8
TTACGGATGGTTCGAG-1_V13B23-285_C1,11
TTACTAAAGGACTTTA-1_V13B23-285_C1,7
TTACTATCGGCTTCTC-1_V13B23-285_C1,4
TTACTCCGGCCGGGAA-1_V13B23-285_C1,1
TTACTCTGGTACGTAC-1_V13B23-285_C1,6
TTACTGGGATATTTCA-1_V13B23-285_C1,4
TTACTGTCTAGAGCTC-1_V13B23-285_C1,11
TTAGAAGAACATGACT-1_V13B23-285_C1,7
TTAGAATAAGGGTCGG-1_V13B23-285_C1,6
TTAGACACGATCGTTG-1_V13B23-285_C1,11
TTAGACGAGTCACCTC-1_V13B23-285_C1,7
TTAGAGTTTAGAAGGA-1_V13B23-285_C1,7
TTAGATAGGTCGATAC-1_V13B23-285_C1,12
TTAGCAACATGGATGT-1_V13B23-285_C1,4
TTAGCTAATACGATCT-1_V13B23-285_C1,11
TTAGCTCTGTAATCCG-1_V13B23-285_C1,4
TTAGCTGATTTGCCGT-1_V13B23-285_C1,7
TTAGGATGGGAGGGTA-1_V13B23-285_C1,5
TTAGGTCATAACCGAC-1_V13B23-285_C1,6
TTAGTAAACCTGCTCT-1_V13B23-285_C1,7
TTAGTAGGGCGGCGGG-1_V13B23-285_C1,4
TTAGTTATTCGTGGCA-1_V13B23-285_C1,7
TTAGTTCAAGTGTTCG-1_V13B23-285_C1,11
TTATAGGTAATTGTCT-1_V13B23-285_C1,7
TTATATACGCTGTCAC-1_V13B23-285_C1,7
TTATATTTGGCAATCC-1_V13B23-285_C1,6
TTATCCAATCGAACTC-1_V13B23-285_C1,8
TTATCCGGGATCTATA-1_V13B23-285_C1,7
TTATCCTCAAGGAATA-1_V13B23-285_C1,6
TTATCGCCTGCGAAGC-1_V13B23-285_C1,4
TTATCTGACATTAGGA-1_V13B23-285_C1,11
TTATCTGTATCATAAC-1_V13B23-285_C1,12
TTATGAATGAAAGGGA-1_V13B23-285_C1,7
TTATGACAAACTGGAT-1_V13B23-285_C1,4
TTATGATCTTAACGAA-1_V13B23-285_C1,7
TTATGTTTGCGATAGA-1_V13B23-285_C1,4
TTATTAGAGCGTGTTC-1_V13B23-285_C1,7
TTATTAGGGAAGCATC-1_V13B23-285_C1,10
TTATTATCTGGAAGGC-1_V13B23-285_C1,7
TTCAAAGTCTCTAGCC-1_V13B23-285_C1,1
TTCAACGACCCGACCG-1_V13B23-285_C1,9
TTCAAGCCGAGCTGAG-1_V13B23-285_C1,10
TTCAATACTCTGAATC-1_V13B23-285_C1,7
TTCAATTAGCCATAAT-1_V13B23-285_C1,2
TTCACGAAAGGATCAC-1_V13B23-285_C1,4
TTCACTCGAGCACCTA-1_V13B23-285_C1,7
TTCAGCCCTGGTCCAC-1_V13B23-285_C1,7
TTCAGCTGGCGTGCCC-1_V13B23-285_C1,3
TTCAGGCGTCAAAGCC-1_V13B23-285_C1,4
TTCAGTTTGTGGCAGC-1_V13B23-285_C1,6
TTCATAGGGTGTCCAT-1_V13B23-285_C1,6
TTCATGGCGCAACAGG-1_V13B23-285_C1,10
TTCCAATCAGAGCTAG-1_V13B23-285_C1,11
TTCCAATCTGGCTATC-1_V13B23-285_C1,6
TTCCACACAGATTTGA-1_V13B23-285_C1,6
TTCCAGACGAGATTTA-1_V13B23-285_C1,7
TTCCATCATGCGGTGA-1_V13B23-285_C1,9
TTCCATCGACAGCGTG-1_V13B23-285_C1,7
TTCCCGGCGCCAATAG-1_V13B23-285_C1,11
TTCCGCAGAGAAATAT-1_V13B23-285_C1,11
TTCCGCGTGAGGCGAT-1_V13B23-285_C1,7
TTCCGGCCTTGAGGCT-1_V13B23-285_C1,6
TTCCGGCTCGACTTCT-1_V13B23-285_C1,2
TTCCGGTATCTGTGTC-1_V13B23-285_C1,7
TTCCGGTTACCCACTT-1_V13B23-285_C1,7
TTCCTCGAGGGTGTCT-1_V13B23-285_C1,9
TTCCTCGGACTAACCA-1_V13B23-285_C1,7
TTCCTCTGCCCGAATA-1_V13B23-285_C1,4
TTCGACAGAGCCCGTG-1_V13B23-285_C1,7
TTCGACGGGAAGGGCG-1_V13B23-285_C1,4
TTCGCACTCGCGTGCT-1_V13B23-285_C1,4
TTCGCACTGTACGACA-1_V13B23-285_C1,6
TTCGCATCCGGAAGCA-1_V13B23-285_C1,8
TTCGCCGCTCGCGCTA-1_V13B23-285_C1,11
TTCGCGCGCCATACGA-1_V13B23-285_C1,6
TTCGCTAGGAAGTTGT-1_V13B23-285_C1,7
TTCGCTATCTGACGTG-1_V13B23-285_C1,11
TTCGGCAACCCGCTGA-1_V13B23-285_C1,11
TTCGGCTAGAGATGGT-1_V13B23-285_C1,9
TTCGGGACTAATCGCG-1_V13B23-285_C1,1
TTCGGGCGCTAGTCTT-1_V13B23-285_C1,6
TTCGGGTTGCCACGGG-1_V13B23-285_C1,7
TTCGGTGGAGACGCCC-1_V13B23-285_C1,7
TTCGTAATCCCAGCGG-1_V13B23-285_C1,9
TTCGTACTCCAGAACG-1_V13B23-285_C1,4
TTCGTTCAACGAAGTT-1_V13B23-285_C1,11
TTCTAACCGAAGCTTA-1_V13B23-285_C1,1
TTCTACTTGCGAGGGC-1_V13B23-285_C1,4
TTCTAGAAAGTCTTAT-1_V13B23-285_C1,6
TTCTAGGCCAATTGTG-1_V13B23-285_C1,12
TTCTATGCCTTTCGCA-1_V13B23-285_C1,11
TTCTGACCGGGCTCAA-1_V13B23-285_C1,7
TTCTGCCGCGCCTAGA-1_V13B23-285_C1,7
TTCTGCGAGCGCCCTT-1_V13B23-285_C1,4
TTCTGCGGGTTAGCGG-1_V13B23-285_C1,7
TTCTGCTAGACTCCAA-1_V13B23-285_C1,11
TTCTGTTTCCTGTCGC-1_V13B23-285_C1,4
TTCTTAGTGAACGGTG-1_V13B23-285_C1,4
TTCTTAGTGGCTCAGA-1_V13B23-285_C1,10
TTCTTATCCGCTGGGT-1_V13B23-285_C1,7
TTCTTGAGCCGCGCTA-1_V13B23-285_C1,6
TTCTTGCTAGCATCTC-1_V13B23-285_C1,7
TTCTTGGACGATCTGC-1_V13B23-285_C1,6
TTCTTGGAGTAATGAG-1_V13B23-285_C1,12
TTCTTGTAACCTAATG-1_V13B23-285_C1,4
TTCTTGTGTCCATCAG-1_V13B23-285_C1,6
TTCTTTGGTCGCGACG-1_V13B23-285_C1,11
TTGAAAGGTGTAAAGG-1_V13B23-285_C1,11
TTGAACGAATCCTTTG-1_V13B23-285_C1,4
TTGAACGACGTGCTGA-1_V13B23-285_C1,7
TTGAAGAATTCCCAGG-1_V13B23-285_C1,4
TTGAATATGGACTTTC-1_V13B23-285_C1,9
TTGAATTCACGTGAGG-1_V13B23-285_C1,7
TTGACAGGAGCTCCCG-1_V13B23-285_C1,7
TTGACATGAACGTGGA-1_V13B23-285_C1,6
TTGACCAGGAACAACT-1_V13B23-285_C1,7
TTGACCATGTTCTCCG-1_V13B23-285_C1,1
TTGACCGTGTTAATGA-1_V13B23-285_C1,6
TTGACGCTCCATGAGC-1_V13B23-285_C1,7
TTGACTACCATATGGT-1_V13B23-285_C1,6
TTGACTATTGTCCGGC-1_V13B23-285_C1,7
TTGAGAAGTTTAGCAT-1_V13B23-285_C1,7
TTGAGAGTACTGCTAA-1_V13B23-285_C1,6
TTGAGCAGCCCACGGT-1_V13B23-285_C1,7
TTGAGCGCCACGTGAT-1_V13B23-285_C1,7
TTGAGTCCCGCTGCTG-1_V13B23-285_C1,1
TTGATAGTCAATACAT-1_V13B23-285_C1,11
TTGATCTAACTTTGTC-1_V13B23-285_C1,4
TTGATGTGTAGTCCCG-1_V13B23-285_C1,11
TTGATTAGCTGTTTCT-1_V13B23-285_C1,6
TTGATTATGCAGATGA-1_V13B23-285_C1,4
TTGCACAATTCAGAAA-1_V13B23-285_C1,4
TTGCACGGAGCAGCAC-1_V13B23-285_C1,10
TTGCATGCTGATCACG-1_V13B23-285_C1,6
TTGCCAAGCAGAACCC-1_V13B23-285_C1,7
TTGCCATAGCCCGCTC-1_V13B23-285_C1,6
TTGCCCTGATCACGGG-1_V13B23-285_C1,4
TTGCCGCTTTCTAGTA-1_V13B23-285_C1,7
TTGCCGGTGATCCCTC-1_V13B23-285_C1,3
TTGCGGCATCAGAAAG-1_V13B23-285_C1,6
TTGCGTAGTTTGAGGA-1_V13B23-285_C1,4
TTGCGTCGGCCAACCG-1_V13B23-285_C1,6
TTGCGTGAACGCTTAG-1_V13B23-285_C1,11
TTGCTCCCATACCGGA-1_V13B23-285_C1,1
TTGCTGAAGGAACCAC-1_V13B23-285_C1,10
TTGCTGATCATGTTCG-1_V13B23-285_C1,3
TTGCTGCACCTATCCA-1_V13B23-285_C1,4
TTGCTGGCCGGGCTTC-1_V13B23-285_C1,8
TTGGAAGAATACAGTC-1_V13B23-285_C1,6
TTGGACATGTGGCTTA-1_V13B23-285_C1,6
TTGGACCATCTGGCAA-1_V13B23-285_C1,7
TTGGACCTATAACAGT-1_V13B23-285_C1,7
TTGGATATCGTCTACG-1_V13B23-285_C1,4
TTGGATCGACTTCTGG-1_V13B23-285_C1,8
TTGGATTGGGTACCAC-1_V13B23-285_C1,10
TTGGCCATCTTGCGCT-1_V13B23-285_C1,4
TTGGCCTAGAATTTCG-1_V13B23-285_C1,10
TTGGCGATCCGAATAT-1_V13B23-285_C1,1
TTGGCTCGCATGAGAC-1_V13B23-285_C1,4
TTGGGACACTGCCCGC-1_V13B23-285_C1,11
TTGGGACGTAAGAGTT-1_V13B23-285_C1,7
TTGGGCGGCGGTTGCC-1_V13B23-285_C1,11
TTGGTCACACTCGTAA-1_V13B23-285_C1,6
TTGGTTCGCTCAAAGG-1_V13B23-285_C1,1
TTGGTTGCGGTGCGCG-1_V13B23-285_C1,6
TTGTAAGGACCTAAGT-1_V13B23-285_C1,6
TTGTAAGGCCAGTTGG-1_V13B23-285_C1,11
TTGTAATCCGTACTCG-1_V13B23-285_C1,5
TTGTATCACACAGAAT-1_V13B23-285_C1,10
TTGTCGTTCAGTTACC-1_V13B23-285_C1,1
TTGTGAACCTAATCCG-1_V13B23-285_C1,7
TTGTGAGGCATGACGC-1_V13B23-285_C1,11
TTGTGCAGCCACGTCA-1_V13B23-285_C1,7
TTGTGGCCCTGACAGT-1_V13B23-285_C1,10
TTGTGGTAGGAGGGAT-1_V13B23-285_C1,6
TTGTGGTATAGGTATG-1_V13B23-285_C1,11
TTGTGGTGGTACTAAG-1_V13B23-285_C1,7
TTGTGTATGCCACCAA-1_V13B23-285_C1,1
TTGTGTTTCCCGAAAG-1_V13B23-285_C1,9
TTGTTAGCAAATTCGA-1_V13B23-285_C1,12
TTGTTCAGTGTGCTAC-1_V13B23-285_C1,1
TTGTTGTGTGTCAAGA-1_V13B23-285_C1,11
TTGTTTCACATCCAGG-1_V13B23-285_C1,6
TTGTTTCATTAGTCTA-1_V13B23-285_C1,6
TTGTTTCCATACAACT-1_V13B23-285_C1,6
AAACAAGTATCTCCCA-1_V13B23-285_D1,7
AAACACCAATAACTGC-1_V13B23-285_D1,6
AAACAGAGCGACTCCT-1_V13B23-285_D1,9
AAACAGGGTCTATATT-1_V13B23-285_D1,6
AAACATTTCCCGGATT-1_V13B23-285_D1,7
AAACCCGAACGAAATC-1_V13B23-285_D1,7
AAACCGGAAATGTTAA-1_V13B23-285_D1,7
AAACCGGGTAGGTACC-1_V13B23-285_D1,11
AAACCGTTCGTCCAGG-1_V13B23-285_D1,6
AAACCTAAGCAGCCGG-1_V13B23-285_D1,7
AAACCTCATGAAGTTG-1_V13B23-285_D1,11
AAACGAGACGGTTGAT-1_V13B23-285_D1,4
AAACGGGCGTACGGGT-1_V13B23-285_D1,7
AAACGTGTTCGCCCTA-1_V13B23-285_D1,2
AAACTCGTGATATAAG-1_V13B23-285_D1,11
AAACTGCTGGCTCCAA-1_V13B23-285_D1,7
AAACTTGCAAACGTAT-1_V13B23-285_D1,9
AAAGACTGGGCGCTTT-1_V13B23-285_D1,6
AAAGCTTGCCTACATA-1_V13B23-285_D1,11
AAAGGCTACGGACCAT-1_V13B23-285_D1,4
AAAGGCTCTCGCGCCG-1_V13B23-285_D1,6
AAAGGGATGTAGCAAG-1_V13B23-285_D1,1
AAAGGGCAGCTTGAAT-1_V13B23-285_D1,4
AAAGTAGCATTGCTCA-1_V13B23-285_D1,6
AAAGTCACTGATGTAA-1_V13B23-285_D1,8
AAAGTGCCATCAATTA-1_V13B23-285_D1,7
AAAGTGTGATTTATCT-1_V13B23-285_D1,7
AAAGTTGACTCCCGTA-1_V13B23-285_D1,7
AAATAACCATACGGGA-1_V13B23-285_D1,10
AAATAAGGTAGTGCCC-1_V13B23-285_D1,11
AAATACCTATAAGCAT-1_V13B23-285_D1,7
AAATAGCTTAGACTTT-1_V13B23-285_D1,11
AAATAGGGTGCTATTG-1_V13B23-285_D1,7
AAATCCGATACACGCC-1_V13B23-285_D1,7
AAATCGTGTACCACAA-1_V13B23-285_D1,4
AAATCTAGCCCTGCTA-1_V13B23-285_D1,7
AAATGATTCGATCAGC-1_V13B23-285_D1,11
AAATGCTCGTTACGTT-1_V13B23-285_D1,4
AAATGGCATGTCTTGT-1_V13B23-285_D1,5
AAATGGCCCGTGCCCT-1_V13B23-285_D1,6
AAATGGTCAATGTGCC-1_V13B23-285_D1,4
AAATTAACGGGTAGCT-1_V13B23-285_D1,4
AAATTACACGACTCTG-1_V13B23-285_D1,10
AAATTACCTATCGATG-1_V13B23-285_D1,11
AAATTCCAGGTCCAAA-1_V13B23-285_D1,11
AAATTGATAGTCCTTT-1_V13B23-285_D1,6
AAATTTGCGGGTGTGG-1_V13B23-285_D1,6
AACAACTGGTAGTTGC-1_V13B23-285_D1,4
AACAATACATTGTCGA-1_V13B23-285_D1,6
AACAATTACTCTACGC-1_V13B23-285_D1,4
AACACACGCTCGCCGC-1_V13B23-285_D1,7
AACACGACTGTACTGA-1_V13B23-285_D1,8
AACACGAGACGCGGCC-1_V13B23-285_D1,6
AACAGCTGTGTGGCAA-1_V13B23-285_D1,6
AACAGGAAATCGAATA-1_V13B23-285_D1,10
AACAGGATGGGCCGCG-1_V13B23-285_D1,4
AACAGGTAGTATGGAT-1_V13B23-285_D1,7
AACATATCAACTGGTG-1_V13B23-285_D1,11
AACATCGATACGTCTA-1_V13B23-285_D1,2
AACCAAGACTTCTCTG-1_V13B23-285_D1,11
AACCATGGGATCGCTA-1_V13B23-285_D1,4
AACCCAGAGACGGAGA-1_V13B23-285_D1,4
AACCCATCCCATGATC-1_V13B23-285_D1,6
AACCCGAGCAGAATCG-1_V13B23-285_D1,7
AACCCTACTGTCAATA-1_V13B23-285_D1,7
AACCCTGGTGGAACCA-1_V13B23-285_D1,8
AACCGAGCTTGGTCAT-1_V13B23-285_D1,9
AACCGCTAAGGGATGC-1_V13B23-285_D1,7
AACCGTTGTGTTTGCT-1_V13B23-285_D1,5
AACCTCGCTTTAGCCC-1_V13B23-285_D1,7
AACCTGTCACGGAATT-1_V13B23-285_D1,11
AACCTTTAAATACGGT-1_V13B23-285_D1,7
AACCTTTACGACGTCT-1_V13B23-285_D1,1
AACGATAATGCCGTAG-1_V13B23-285_D1,7
AACGATAGAAGGGCCG-1_V13B23-285_D1,10
AACGATATGTCAACTG-1_V13B23-285_D1,12
AACGCATGATCTGGGT-1_V13B23-285_D1,11
AACGCGAACGGCAACA-1_V13B23-285_D1,10
AACGCGGTCTCCAGCC-1_V13B23-285_D1,3
AACGCTGTTGCTGAAA-1_V13B23-285_D1,7
AACGGACGTACGTATA-1_V13B23-285_D1,7
AACGGCCATCTCCGGT-1_V13B23-285_D1,6
AACGTACTGTGGGTAC-1_V13B23-285_D1,6
AACGTCAGACTAGTGG-1_V13B23-285_D1,4
AACGTGATGAAGGACA-1_V13B23-285_D1,8
AACGTGCGAAAGTCTC-1_V13B23-285_D1,12
AACTACCCGTTTGTCA-1_V13B23-285_D1,7
AACTAGGCTTGGGTGT-1_V13B23-285_D1,1
AACTCAAGTTAATTGC-1_V13B23-285_D1,6
AACTCCAGAGCGTGTT-1_V13B23-285_D1,7
AACTCCTAATCCCATG-1_V13B23-285_D1,10
AACTCGATGGCGCAGT-1_V13B23-285_D1,4
AACTCTCAATAGAGCG-1_V13B23-285_D1,11
AACTCTCAGTGTGCTC-1_V13B23-285_D1,6
AACTGAGTTATACTGA-1_V13B23-285_D1,7
AACTGATATTAGGCCT-1_V13B23-285_D1,10
AACTGGGTCCCGACGT-1_V13B23-285_D1,9
AACTTCTGCGTCTATC-1_V13B23-285_D1,6
AACTTGCCCGTATGCA-1_V13B23-285_D1,4
AACTTGCGTTCTCGCG-1_V13B23-285_D1,4
AACTTTCTCGATCATG-1_V13B23-285_D1,11
AAGAAATCACCAGATT-1_V13B23-285_D1,2
AAGAAGGATCAGTTAG-1_V13B23-285_D1,4
AAGACCCAACTGAACA-1_V13B23-285_D1,4
AAGACTGCAAGCTACT-1_V13B23-285_D1,1
AAGAGATGAATCGGTA-1_V13B23-285_D1,4
AAGAGCTCTTTATCGG-1_V13B23-285_D1,12
AAGAGGATGTACGCGA-1_V13B23-285_D1,11
AAGAGGCATGGATCGC-1_V13B23-285_D1,4
AAGAGGCCCTTTGGAA-1_V13B23-285_D1,7
AAGATGGCACCGGACC-1_V13B23-285_D1,6
AAGATTGGCGGAACGT-1_V13B23-285_D1,4
AAGCACCCTGCGTATC-1_V13B23-285_D1,7
AAGCATACTCTCCTGA-1_V13B23-285_D1,7
AAGCCGAAGCGGTTTA-1_V13B23-285_D1,7
AAGCCGCTTTACCTTG-1_V13B23-285_D1,2
AAGCCGGAGAGCAGGA-1_V13B23-285_D1,7
AAGCGGCGTCATGGGT-1_V13B23-285_D1,8
AAGCGTCCCTCATCGA-1_V13B23-285_D1,6
AAGCTAGATCGAGTAA-1_V13B23-285_D1,7
AAGCTCGTGCCAAGTC-1_V13B23-285_D1,12
AAGCTCTTTCATGGTG-1_V13B23-285_D1,7
AAGGAGCGGTTGGTGC-1_V13B23-285_D1,4
AAGGATCGATCGCTTG-1_V13B23-285_D1,7
AAGGATGAGGGACCTC-1_V13B23-285_D1,11
AAGGCAGGCTGTCTCC-1_V13B23-285_D1,7
AAGGCGCGTAAAGCTT-1_V13B23-285_D1,4
AAGGCTGTGCTCATCG-1_V13B23-285_D1,4
AAGGGACAGATTCTGT-1_V13B23-285_D1,1
AAGGGACTATGCATTC-1_V13B23-285_D1,6
AAGGTATCCTAATATA-1_V13B23-285_D1,6
AAGGTGATAAACCAGC-1_V13B23-285_D1,7
AAGTAGAAGACCGGGT-1_V13B23-285_D1,4
AAGTAGTGACGCGAGG-1_V13B23-285_D1,11
AAGTCAATTGTCGTCA-1_V13B23-285_D1,7
AAGTCTAGTAGCTGCC-1_V13B23-285_D1,6
AAGTGACGACCGAATT-1_V13B23-285_D1,11
AAGTGAGTCGGGTTTA-1_V13B23-285_D1,6
AAGTGCCTTGACTGTA-1_V13B23-285_D1,7
AAGTGCGTTAGAATCT-1_V13B23-285_D1,6
AAGTGTTTGGAGACGG-1_V13B23-285_D1,7
AAGTTCACTCCAAGCT-1_V13B23-285_D1,7
AAGTTCAGTCTGCGTA-1_V13B23-285_D1,11
AAGTTCGGCCAACAGG-1_V13B23-285_D1,6
AAGTTGTGATGTTATA-1_V13B23-285_D1,7
AATAACAACGCTCGGC-1_V13B23-285_D1,4
AATAACACTAGAACAA-1_V13B23-285_D1,6
AATAATCTTCGTATCG-1_V13B23-285_D1,7
AATACAATGTTTCAGG-1_V13B23-285_D1,4
AATAGAACAGAGTGGC-1_V13B23-285_D1,4
AATAGAATCTGTTTCA-1_V13B23-285_D1,7
AATAGCTACCGCGTGC-1_V13B23-285_D1,11
AATAGTCCGTCCCGAC-1_V13B23-285_D1,9
AATATCGAATCAATGC-1_V13B23-285_D1,7
AATATCGAGGGTTCTC-1_V13B23-285_D1,11
AATATTGGAGTATTGA-1_V13B23-285_D1,11
AATCATGTAAAGACTC-1_V13B23-285_D1,7
AATCCAAGGGCCTGAG-1_V13B23-285_D1,8
AATCGCCTCAGCGCCA-1_V13B23-285_D1,7
AATCGCGCAGAGGACT-1_V13B23-285_D1,7
AATCTAGGTTTACTTG-1_V13B23-285_D1,11
AATCTATGCCGGAGCC-1_V13B23-285_D1,11
AATCTGCGTTGGGACG-1_V13B23-285_D1,11
AATCTGGCTTTCTAGT-1_V13B23-285_D1,11
AATGACAGCAATGTCT-1_V13B23-285_D1,6
AATGACGTAGGATGTC-1_V13B23-285_D1,7
AATGACTGTCAGCCGG-1_V13B23-285_D1,4
AATGAGTTCGCATATG-1_V13B23-285_D1,4
AATGATGATACGCTAT-1_V13B23-285_D1,5
AATGATGCGACTCCTG-1_V13B23-285_D1,11
AATGCAACCGGGTACC-1_V13B23-285_D1,4
AATGCACCAAGCAATG-1_V13B23-285_D1,11
AATGGTCCACCGTTCA-1_V13B23-285_D1,6
AATGGTTCTCACAAGC-1_V13B23-285_D1,4
AATGTGCCCGAGGTGT-1_V13B23-285_D1,6
AATTAAAGGTCGGCGT-1_V13B23-285_D1,6
AATTAACGGATTTCCA-1_V13B23-285_D1,1
AATTAGCGCTGCAGCG-1_V13B23-285_D1,1
AATTCATAAGGGATCT-1_V13B23-285_D1,1
AATTCTAGAGTTAGGC-1_V13B23-285_D1,1
AATTGAACGCTCTGGT-1_V13B23-285_D1,7
AATTGCAGCAATCGAC-1_V13B23-285_D1,7
AATTGTGGTTGCCAAA-1_V13B23-285_D1,7
AATTTGGGACATAGTA-1_V13B23-285_D1,10
AATTTGGTTCCAAAGA-1_V13B23-285_D1,5
ACAAAGCATGACCTAG-1_V13B23-285_D1,7
ACAAATCGCACCGAAT-1_V13B23-285_D1,7
ACAAATGGTAGTGTTT-1_V13B23-285_D1,7
ACAACAGCATGAGCTA-1_V13B23-285_D1,11
ACAACGGTCCCTGCGA-1_V13B23-285_D1,4
ACAAGCAGTGCCTAGC-1_V13B23-285_D1,4
ACAAGGAAATCCGCCC-1_V13B23-285_D1,7
ACAAGGACAAGAGGTT-1_V13B23-285_D1,4
ACAAGGATGCTTTAGG-1_V13B23-285_D1,7
ACAAGGGCAGGCTCTG-1_V13B23-285_D1,7
ACAATAGTCGTACGTT-1_V13B23-285_D1,11
ACAATCCATTTAAACC-1_V13B23-285_D1,4
ACAATGAATACGGAGA-1_V13B23-285_D1,6
ACAATTGTGTCTCTTT-1_V13B23-285_D1,7
ACAATTTGAGCAGTGG-1_V13B23-285_D1,1
ACAATTTGGCCATATT-1_V13B23-285_D1,7
ACACAAAGACGGGTGG-1_V13B23-285_D1,4
ACACACCAGGACCAGT-1_V13B23-285_D1,7
ACACATGATCAAATCT-1_V13B23-285_D1,6
ACACCACATAATTAGC-1_V13B23-285_D1,11
ACACCCAGCATGCAGC-1_V13B23-285_D1,4
ACACCCGAGAAATCCG-1_V13B23-285_D1,4
ACACCTTAAGTAGGGC-1_V13B23-285_D1,4
ACACCTTACTACTTGC-1_V13B23-285_D1,7
ACACGAGACTCCTTCT-1_V13B23-285_D1,6
ACACGGGAACTTAGGG-1_V13B23-285_D1,11
ACACGTAGGCCACAAG-1_V13B23-285_D1,7
ACACTCCAATGTCACT-1_V13B23-285_D1,6
ACACTGATCAAGGTGT-1_V13B23-285_D1,4
ACACTGGGACAGTCGT-1_V13B23-285_D1,5
ACAGAACTGAGAACAA-1_V13B23-285_D1,6
ACAGCATAGAGCCAGT-1_V13B23-285_D1,8
ACAGCGACATTCTCAT-1_V13B23-285_D1,7
ACAGCGCACCCGCAGC-1_V13B23-285_D1,8
ACAGGCTTGCCCGACT-1_V13B23-285_D1,7
ACAGGTGGAGGTGAGG-1_V13B23-285_D1,6
ACAGTAATACAACTTG-1_V13B23-285_D1,6
ACAGTATACCGTGGGA-1_V13B23-285_D1,2
ACATAATAAGGCGGTG-1_V13B23-285_D1,4
ACATCCCGGCCATACG-1_V13B23-285_D1,6
ACATCCTGGTAACTGT-1_V13B23-285_D1,7
ACATCGATCGTTTACC-1_V13B23-285_D1,4
ACATCGGTCAGCCGCG-1_V13B23-285_D1,6
ACATCGTATGCAATGG-1_V13B23-285_D1,7
ACATCGTTAACCTAGT-1_V13B23-285_D1,8
ACATGGCGCCAAAGTA-1_V13B23-285_D1,7
ACATTAGTTTATATCC-1_V13B23-285_D1,1
ACCAAACACCCAGCGA-1_V13B23-285_D1,2
ACCAACACCACACACT-1_V13B23-285_D1,11
ACCAACCGCACTCCAC-1_V13B23-285_D1,7
ACCAACGCTTATTTAT-1_V13B23-285_D1,4
ACCAAGAACGCGTGTC-1_V13B23-285_D1,4
ACCAATATGCAAGTTA-1_V13B23-285_D1,7
ACCACAACTCAGAACA-1_V13B23-285_D1,8
ACCACAAGTTTCTATC-1_V13B23-285_D1,4
ACCACCAATGTAACAA-1_V13B23-285_D1,7
ACCACCCTCTCTTCTA-1_V13B23-285_D1,11
ACCACGTGCAGCTATA-1_V13B23-285_D1,7
ACCAGTGCGGGAGACG-1_V13B23-285_D1,7
ACCATATCCGCAATAA-1_V13B23-285_D1,4
ACCATCGTATATGGTA-1_V13B23-285_D1,6
ACCCAACGCCCGTGGC-1_V13B23-285_D1,11
ACCCACCTACATGCTC-1_V13B23-285_D1,4
ACCCATCTTGAGGGTA-1_V13B23-285_D1,6
ACCCATTTGTCCCTCT-1_V13B23-285_D1,7
ACCCGGAAACTCCCAG-1_V13B23-285_D1,1
ACCCGGAGCACCACAA-1_V13B23-285_D1,7
ACCCGGATGACGCATC-1_V13B23-285_D1,7
ACCCGGTTACACTTCC-1_V13B23-285_D1,6
ACCCGTGTCATCAGTA-1_V13B23-285_D1,6
ACCCTATAGGACTGAG-1_V13B23-285_D1,9
ACCCTATGCCATATCG-1_V13B23-285_D1,6
ACCCTCCCTTGCTATT-1_V13B23-285_D1,7
ACCCTGGTAACGCCCT-1_V13B23-285_D1,2
ACCCTTGCCTGGGTCG-1_V13B23-285_D1,2
ACCGACACATCTCCCA-1_V13B23-285_D1,4
ACCGACTGAGTCCCAC-1_V13B23-285_D1,2
ACCGATAGGCATAACC-1_V13B23-285_D1,7
ACCGATATTTAATCAT-1_V13B23-285_D1,7
ACCGATGGTAGCATCG-1_V13B23-285_D1,1
ACCGCAATAACTGCCT-1_V13B23-285_D1,7
ACCGCGGTGGAAGTCG-1_V13B23-285_D1,7
ACCGGGCCTTTGTTGA-1_V13B23-285_D1,7
ACCGGTCAGGTACACC-1_V13B23-285_D1,6
ACCGTGACCACGTGGG-1_V13B23-285_D1,6
ACCTAAGTACCTTTCA-1_V13B23-285_D1,6
ACCTAATCGACTTCCT-1_V13B23-285_D1,4
ACCTACAGTATGTGGT-1_V13B23-285_D1,7
ACCTCCGCCCTCGCTG-1_V13B23-285_D1,7
ACCTCCGTTATTCACC-1_V13B23-285_D1,11
ACCTGCGTGTCATGTT-1_V13B23-285_D1,6
ACGAAATGGGCGGCAC-1_V13B23-285_D1,4
ACGACCCATGAGTTGC-1_V13B23-285_D1,7
ACGAGATATTTGCTTA-1_V13B23-285_D1,8
ACGAGGATACCACTCT-1_V13B23-285_D1,6
ACGAGGTTTACAACGT-1_V13B23-285_D1,6
ACGAGTACGGATGCCC-1_V13B23-285_D1,11
ACGATACATAGAACTA-1_V13B23-285_D1,1
ACGATCATACATAGAG-1_V13B23-285_D1,1
ACGATCATCTTGTAAA-1_V13B23-285_D1,11
ACGATGCATATGTTAT-1_V13B23-285_D1,6
ACGATGGATCCGATGC-1_V13B23-285_D1,8
ACGCAATCACTACAGC-1_V13B23-285_D1,11
ACGCATACGTTTACTA-1_V13B23-285_D1,7
ACGCATTCGTGAGTAC-1_V13B23-285_D1,3
ACGCCAGATGATTTCT-1_V13B23-285_D1,10
ACGCCGCTAGACGACC-1_V13B23-285_D1,7
ACGCGAAGTCAGACGA-1_V13B23-285_D1,4
ACGCGCTACACAGGGT-1_V13B23-285_D1,11
ACGCGGGCCAAGGACA-1_V13B23-285_D1,4
ACGCTAGTGATACACT-1_V13B23-285_D1,11
ACGGAATTTAGCAAAT-1_V13B23-285_D1,4
ACGGACTCTCAAAGCG-1_V13B23-285_D1,7
ACGGAGCGCAAATTAC-1_V13B23-285_D1,11
ACGGATGGTGCGGATA-1_V13B23-285_D1,7
ACGGCACTTGCTTGGG-1_V13B23-285_D1,1
ACGGCCAACATGGACT-1_V13B23-285_D1,4
ACGGCGACGATGGGAA-1_V13B23-285_D1,7
ACGGGAGTGTCGGCCC-1_V13B23-285_D1,6
ACGGGCGTATGCGACA-1_V13B23-285_D1,11
ACGTACAGATTTCTCT-1_V13B23-285_D1,8
ACGTAGATTGCTGATG-1_V13B23-285_D1,9
ACGTATTACTCCGATC-1_V13B23-285_D1,7
ACGTGCGCCTCGTGCA-1_V13B23-285_D1,10
ACGTTAATGTCGAAGA-1_V13B23-285_D1,7
ACGTTAGATTTGCCCG-1_V13B23-285_D1,6
ACGTTCGCAATCAATT-1_V13B23-285_D1,11
ACGTTCGTTCAGGAAA-1_V13B23-285_D1,7
ACGTTCTGTACAAGTC-1_V13B23-285_D1,7
ACGTTTAGTTGTGATC-1_V13B23-285_D1,10
ACTACCAGCTCTCTGG-1_V13B23-285_D1,4
ACTACGCGTTAGAATT-1_V13B23-285_D1,4
ACTAGTTGCGATCGTC-1_V13B23-285_D1,7
ACTATATGCTGTGTTC-1_V13B23-285_D1,9
ACTATCCAGGGCATGG-1_V13B23-285_D1,7
ACTATCTGCCCGCGTA-1_V13B23-285_D1,7
ACTATTCGTCCGTGGT-1_V13B23-285_D1,10
ACTATTTCCGGGCCCA-1_V13B23-285_D1,6
ACTCAAGTGCAAGGCT-1_V13B23-285_D1,7
ACTCAATAAAGGCACG-1_V13B23-285_D1,4
ACTCCCATTCCTAAAG-1_V13B23-285_D1,6
ACTCCCGAATTCGTTT-1_V13B23-285_D1,11
ACTCCCGTAGACTAGG-1_V13B23-285_D1,2
ACTCCCTAATGCTAAA-1_V13B23-285_D1,7
ACTCCCTAGAATAGTA-1_V13B23-285_D1,7
ACTCGCCGTTCGATAA-1_V13B23-285_D1,7
ACTCGCGATCTGACGC-1_V13B23-285_D1,7
ACTCGTAACCCGTCCT-1_V13B23-285_D1,6
ACTCGTCAGTAATCCC-1_V13B23-285_D1,4
ACTCTCTGACTTAGGT-1_V13B23-285_D1,7
ACTCTCTTATACACGA-1_V13B23-285_D1,8
ACTCTTCAGCTCCCGC-1_V13B23-285_D1,11
ACTCTTGTATAGTAAC-1_V13B23-285_D1,7
ACTGAAACGCCGTTAG-1_V13B23-285_D1,7
ACTGAATGGCGAAAGT-1_V13B23-285_D1,7
ACTGCCGTCGTAACTC-1_V13B23-285_D1,10
ACTGCGGACACACCGT-1_V13B23-285_D1,11
ACTGTACGATACACAT-1_V13B23-285_D1,11
ACTGTAGCACTTTGGA-1_V13B23-285_D1,3
ACTGTCCAGGATTATA-1_V13B23-285_D1,4
ACTGTCTTCTTTAGAA-1_V13B23-285_D1,6
ACTGTGCTAGTAGATC-1_V13B23-285_D1,4
ACTTACCGGGCGCGCA-1_V13B23-285_D1,11
ACTTACGCATCCACGC-1_V13B23-285_D1,7
ACTTAGTACGACAAGA-1_V13B23-285_D1,4
ACTTATACTTACCCGG-1_V13B23-285_D1,1
ACTTATTAGGATCGGT-1_V13B23-285_D1,4
ACTTATTTATGTGCCA-1_V13B23-285_D1,7
ACTTCAGGCTGATCCC-1_V13B23-285_D1,7
ACTTCCATGCGGGACA-1_V13B23-285_D1,7
ACTTCGCCATACGCAC-1_V13B23-285_D1,11
ACTTCGCTAGCGAGTG-1_V13B23-285_D1,11
ACTTGACTCCCTCTTT-1_V13B23-285_D1,7
ACTTGGGACCCGGTGG-1_V13B23-285_D1,4
ACTTGTGGATGGAACG-1_V13B23-285_D1,7
ACTTTACCCTCATGAA-1_V13B23-285_D1,11
ACTTTCCTATAGCTTC-1_V13B23-285_D1,6
ACTTTGTCGACGCACT-1_V13B23-285_D1,7
AGAAATTATGACTCGC-1_V13B23-285_D1,7
AGAACCCAGCGTGACA-1_V13B23-285_D1,7
AGAACGTGGTACATTC-1_V13B23-285_D1,11
AGAAGAGCGCCGTTCC-1_V13B23-285_D1,7
AGAAGGTACACTTCAC-1_V13B23-285_D1,11
AGAAGGTTGCCGAATT-1_V13B23-285_D1,6
AGAAGGTTGTAGGTCG-1_V13B23-285_D1,7
AGAAGTGATTCGTGAT-1_V13B23-285_D1,6
AGAATGCGGGTTCGGA-1_V13B23-285_D1,9
AGAATTATGGATTCGA-1_V13B23-285_D1,11
AGAATTGTTTGACATA-1_V13B23-285_D1,4
AGACAGGCATCTCAGC-1_V13B23-285_D1,7
AGACCATGGGATACAA-1_V13B23-285_D1,4
AGACCCACCGCTGATC-1_V13B23-285_D1,4
AGACCCGCCCTCCTCG-1_V13B23-285_D1,4
AGACCGCTCCGCGGTT-1_V13B23-285_D1,7
AGACCGGGAAACCCTG-1_V13B23-285_D1,11
AGACGAAGTGCCGGTC-1_V13B23-285_D1,7
AGACGACGATGCCGCT-1_V13B23-285_D1,6
AGACGCCCACTTCGCC-1_V13B23-285_D1,7
AGACTAGCCTTCCAGA-1_V13B23-285_D1,4
AGAGAACCGTCTAGGA-1_V13B23-285_D1,11
AGAGAAGGAGTACAAT-1_V13B23-285_D1,6
AGAGATCTCTAAAGCG-1_V13B23-285_D1,11
AGAGCAGTTATGAGAC-1_V13B23-285_D1,2
AGAGCCGCCGAGATTT-1_V13B23-285_D1,7
AGAGCGCTTGTAACGG-1_V13B23-285_D1,2
AGAGCGGGCTAATCAT-1_V13B23-285_D1,10
AGAGCGTACAAGCTCG-1_V13B23-285_D1,4
AGAGGCTTCGGAAACC-1_V13B23-285_D1,7
AGAGTAAACTTCACTA-1_V13B23-285_D1,7
AGAGTATAGTGTTACG-1_V13B23-285_D1,11
AGATAACTTCAGGGCC-1_V13B23-285_D1,4
AGATACCAATAGAACC-1_V13B23-285_D1,7
AGATACCAGCACTTCA-1_V13B23-285_D1,2
AGATACCGGTGTTCAC-1_V13B23-285_D1,6
AGATACGACTTCATAT-1_V13B23-285_D1,9
AGATACTCAAGATCGA-1_V13B23-285_D1,7
AGATATAATACGACTA-1_V13B23-285_D1,7
AGATCGTGCATAAGAT-1_V13B23-285_D1,11
AGATCTCAGGTGTGAT-1_V13B23-285_D1,11
AGATGACTCGCCCACG-1_V13B23-285_D1,4
AGATGAGGGTTGCGAT-1_V13B23-285_D1,11
AGATGATGGAGTCTGG-1_V13B23-285_D1,11
AGATGCAAGACGTGCA-1_V13B23-285_D1,6
AGATTATAGGACGTTT-1_V13B23-285_D1,4
AGCAAAGGCCGCTAGT-1_V13B23-285_D1,7
AGCAACATATCTTATT-1_V13B23-285_D1,7
AGCAACCGAAAGTAAT-1_V13B23-285_D1,6
AGCACCAGTACTCACG-1_V13B23-285_D1,6
AGCACTACCGGCCTGT-1_V13B23-285_D1,11
AGCACTACCTCACCAG-1_V13B23-285_D1,7
AGCACTTAAGGACGCC-1_V13B23-285_D1,4
AGCAGAAGGAGAAAGA-1_V13B23-285_D1,9
AGCAGCCAGATGAATA-1_V13B23-285_D1,11
AGCATATCAATATGCT-1_V13B23-285_D1,7
AGCATCATTTCGAAAG-1_V13B23-285_D1,6
AGCATCGTCGATAATT-1_V13B23-285_D1,4
AGCATTACGAGGCAAG-1_V13B23-285_D1,7
AGCCACAGGTTACCCG-1_V13B23-285_D1,7
AGCCACTCCCGTGCTT-1_V13B23-285_D1,1
AGCCCATACATGTAAG-1_V13B23-285_D1,11
AGCCCGGTAGCCTGTA-1_V13B23-285_D1,6
AGCCCTAAGCGAAGTT-1_V13B23-285_D1,10
AGCCCTGTCGCACCGT-1_V13B23-285_D1,7
AGCCCTTCTAATCCGA-1_V13B23-285_D1,11
AGCCCTTGGACATCCC-1_V13B23-285_D1,7
AGCCGTGGCTAAATGT-1_V13B23-285_D1,6
AGCCTTAAAGCGGAAG-1_V13B23-285_D1,6
AGCGACAGGAACGGTC-1_V13B23-285_D1,6
AGCGACATCCCATTCA-1_V13B23-285_D1,12
AGCGACCAACGATATT-1_V13B23-285_D1,4
AGCGATGCGCCTAATA-1_V13B23-285_D1,3
AGCGCATAATGAATCG-1_V13B23-285_D1,4
AGCGCGGGTGCCAATG-1_V13B23-285_D1,1
AGCGCTAGAGCGATGT-1_V13B23-285_D1,7
AGCGGACACTTCGTAG-1_V13B23-285_D1,3
AGCGGGAAGGGTCCAT-1_V13B23-285_D1,4
AGCGGTTGCCGCTCTG-1_V13B23-285_D1,2
AGCGTGGTATTCTACT-1_V13B23-285_D1,7
AGCTAAGTACGCAGGC-1_V13B23-285_D1,7
AGCTAGAAGCAGAAGT-1_V13B23-285_D1,9
AGCTATTTAATCCAAC-1_V13B23-285_D1,10
AGCTCCATATATGTTC-1_V13B23-285_D1,7
AGCTCCTTCGCACATC-1_V13B23-285_D1,7
AGCTCTAGACGTTCCA-1_V13B23-285_D1,7
AGCTCTTCCCAGTGCA-1_V13B23-285_D1,10
AGCTCTTCGTAACCTT-1_V13B23-285_D1,7
AGCTCTTTACTCAGTT-1_V13B23-285_D1,6
AGCTGAAGTAAACCAA-1_V13B23-285_D1,10
AGCTGTAACCTCAATC-1_V13B23-285_D1,6
AGCTTGATCTTAACTT-1_V13B23-285_D1,11
AGGAACGAACGACTTC-1_V13B23-285_D1,7
AGGAAGCTGTCCGCCG-1_V13B23-285_D1,4
AGGACAGTCGAATCCC-1_V13B23-285_D1,7
AGGACATCGCACGTCG-1_V13B23-285_D1,4
AGGACATCGGCACACT-1_V13B23-285_D1,7
AGGACGACCCATTAGA-1_V13B23-285_D1,6
AGGACGCTCGATGTTG-1_V13B23-285_D1,11
AGGAGACATCCACAGT-1_V13B23-285_D1,11
AGGAGAGTCTGGCTAC-1_V13B23-285_D1,11
AGGAGGCCTTCGCGCG-1_V13B23-285_D1,7
AGGATAAAGTCGGGAT-1_V13B23-285_D1,1
AGGATATAGGGATTTA-1_V13B23-285_D1,7
AGGATCACGCGATCTG-1_V13B23-285_D1,6
AGGATTGCTTACGACA-1_V13B23-285_D1,11
AGGCACGTGACTGTCC-1_V13B23-285_D1,7
AGGCAGATGCGTAAAC-1_V13B23-285_D1,11
AGGCAGGGAGCGTACT-1_V13B23-285_D1,6
AGGCATTGTCGTAGGG-1_V13B23-285_D1,7
AGGCCACATTGGTTAC-1_V13B23-285_D1,7
AGGCCACCCGTTATGA-1_V13B23-285_D1,4
AGGCCCATTGTACAGG-1_V13B23-285_D1,10
AGGCCCTAGAACGCCA-1_V13B23-285_D1,6
AGGCCTGAGAATCTCG-1_V13B23-285_D1,7
AGGCGATAACTGGCGT-1_V13B23-285_D1,7
AGGCGGTTTGTCCCGC-1_V13B23-285_D1,6
AGGCGTCTATGGACGG-1_V13B23-285_D1,11
AGGCTATGGTTAGCTT-1_V13B23-285_D1,4
AGGCTTCCCGAAGAAG-1_V13B23-285_D1,6
AGGCTTGCTAGACACC-1_V13B23-285_D1,9
AGGGAAACGAGGTACT-1_V13B23-285_D1,10
AGGGACCGGCTGCGTT-1_V13B23-285_D1,11
AGGGACTCTACGCGAC-1_V13B23-285_D1,6
AGGGAGACATACTTCG-1_V13B23-285_D1,11
AGGGCAGCGGCGTGGT-1_V13B23-285_D1,8
AGGGCCCTAATGTTCT-1_V13B23-285_D1,7
AGGGCGAGCAGCTGAT-1_V13B23-285_D1,11
AGGGCGTGATCGGCTA-1_V13B23-285_D1,4
AGGGCTGCAGTTACAG-1_V13B23-285_D1,4
AGGGTCAGTAACCCTA-1_V13B23-285_D1,2
AGGGTCGATGCGAACT-1_V13B23-285_D1,7
AGGGTGCTCTCGAGGG-1_V13B23-285_D1,11
AGGGTTCCCTTTGGTT-1_V13B23-285_D1,11
AGGGTTTAGTTCGGGA-1_V13B23-285_D1,1
AGGTAACCTCCTATTC-1_V13B23-285_D1,4
AGGTACGATATTGCCA-1_V13B23-285_D1,5
AGGTAGGTACAAAGCT-1_V13B23-285_D1,11
AGGTATAATTGATAGT-1_V13B23-285_D1,11
AGGTATGCGGACATTA-1_V13B23-285_D1,4
AGGTCAGGTGAGAGTG-1_V13B23-285_D1,6
AGGTCGCCTCCCAACA-1_V13B23-285_D1,7
AGGTCGCGGAGTTACT-1_V13B23-285_D1,11
AGGTGTATCGCCATGA-1_V13B23-285_D1,11
AGGTGTTGCCGACCAC-1_V13B23-285_D1,7
AGGTTACACCATGCCG-1_V13B23-285_D1,7
AGGTTGAGGCACGCTT-1_V13B23-285_D1,10
AGGTTTCACACACCTT-1_V13B23-285_D1,4
AGTAATGTCTTGCCGC-1_V13B23-285_D1,10
AGTACATCATTTATCA-1_V13B23-285_D1,11
AGTACGGGCACCTGGC-1_V13B23-285_D1,6
AGTACTCTTATGCCCA-1_V13B23-285_D1,7
AGTAGGAAGGAAGTTG-1_V13B23-285_D1,11
AGTAGGTAACATACAT-1_V13B23-285_D1,10
AGTATAATACTAGGCA-1_V13B23-285_D1,4
AGTATGCTGGAGACCA-1_V13B23-285_D1,6
AGTATTTGGCACGACC-1_V13B23-285_D1,6
AGTCAACACCACCATC-1_V13B23-285_D1,6
AGTCAAGATGACACTT-1_V13B23-285_D1,7
AGTCACTAGCTCTCGA-1_V13B23-285_D1,7
AGTCAGCCACCGCCTG-1_V13B23-285_D1,4
AGTCCATTGGCTGATG-1_V13B23-285_D1,7
AGTCCCGCCTTTAATT-1_V13B23-285_D1,9
AGTCCCTCGCAGAAAG-1_V13B23-285_D1,11
AGTCGACGGTCTCAAG-1_V13B23-285_D1,7
AGTCGGCCCAAACGAC-1_V13B23-285_D1,4
AGTCGGCTCAACTTTA-1_V13B23-285_D1,6
AGTCGGTTGCGTGAGA-1_V13B23-285_D1,7
AGTCGTATAAAGCAGA-1_V13B23-285_D1,7
AGTCGTCGACCACCAA-1_V13B23-285_D1,7
AGTCGTGGGCATTACG-1_V13B23-285_D1,6
AGTCTAAAGTATACTC-1_V13B23-285_D1,11
AGTCTCACAAGACTAC-1_V13B23-285_D1,6
AGTCTGGACATCCTTG-1_V13B23-285_D1,4
AGTCTTCTCCTCAAAT-1_V13B23-285_D1,1
AGTGAACAAACTTCTC-1_V13B23-285_D1,7
AGTGAAGATGGTGTCC-1_V13B23-285_D1,2
AGTGACCTACTTTACG-1_V13B23-285_D1,4
AGTGAGACTTCCAGTA-1_V13B23-285_D1,11
AGTGAGCCTCGCCGCC-1_V13B23-285_D1,11
AGTGAGGGTTTCTGAC-1_V13B23-285_D1,8
AGTGAGTCGAATTAAC-1_V13B23-285_D1,7
AGTGATAACCTGCGCG-1_V13B23-285_D1,7
AGTGATATGAGTAGTT-1_V13B23-285_D1,4
AGTGATTCAAGCAGGA-1_V13B23-285_D1,11
AGTGCACGCTTAAGAA-1_V13B23-285_D1,7
AGTGCGTAGCTCGTAA-1_V13B23-285_D1,6
AGTGCTAAACACAGCA-1_V13B23-285_D1,7
AGTGCTTGCACGAATA-1_V13B23-285_D1,7
AGTGGCGGCAATTTGA-1_V13B23-285_D1,9
AGTGGCGTCTGAAGGT-1_V13B23-285_D1,3
AGTGTATTGCGCATTG-1_V13B23-285_D1,11
AGTGTGGTCTATTGTG-1_V13B23-285_D1,4
AGTTAAACACTTGCGA-1_V13B23-285_D1,6
AGTTAAGCGGTCCCGG-1_V13B23-285_D1,5
AGTTAAGTCAACCGCT-1_V13B23-285_D1,6
AGTTACTCTATCGTGG-1_V13B23-285_D1,5
AGTTCCTACAGAATTA-1_V13B23-285_D1,4
AGTTCCTATTTATGTT-1_V13B23-285_D1,4
AGTTCTGCGTTGTATC-1_V13B23-285_D1,4
AGTTGACATCGGCTGG-1_V13B23-285_D1,9
AGTTGCTGACTGATAT-1_V13B23-285_D1,6
AGTTTATGTAAAGACA-1_V13B23-285_D1,11
AGTTTCGCAGGTCGGA-1_V13B23-285_D1,5
AGTTTGCACCTGCCTC-1_V13B23-285_D1,7
AGTTTGGCACGGGTTG-1_V13B23-285_D1,7
AGTTTGGCCAGACCTA-1_V13B23-285_D1,6
ATAAACGGACCCGTAA-1_V13B23-285_D1,4
ATAAACGTTGCACCAC-1_V13B23-285_D1,7
ATAAAGGCTCGGTCGT-1_V13B23-285_D1,4
ATAACGCCGGAGGGTC-1_V13B23-285_D1,11
ATAACGGAGTCCAACG-1_V13B23-285_D1,12
ATAAGGTGGAGAACAT-1_V13B23-285_D1,7
ATAAGTAGGATTCAGA-1_V13B23-285_D1,11
ATAAGTAGGGCGACTC-1_V13B23-285_D1,11
ATAAGTTACCGCGACG-1_V13B23-285_D1,4
ATAATACCGTTAGCCG-1_V13B23-285_D1,6
ATAATAGCTGTTGAAT-1_V13B23-285_D1,1
ATAATAGTGTAGGGAC-1_V13B23-285_D1,4
ATAATCTTGGAGAACC-1_V13B23-285_D1,7
ATAATTAGCTAAGTAG-1_V13B23-285_D1,6
ATACAGGCCCTCCAAT-1_V13B23-285_D1,7
ATACCACGGGCAACTT-1_V13B23-285_D1,11
ATACCAGGCTAATAGA-1_V13B23-285_D1,8
ATACCGTCATCCATAA-1_V13B23-285_D1,2
ATACCTAACCAAGAAA-1_V13B23-285_D1,1
ATACGAAGGCTTTCCA-1_V13B23-285_D1,11
ATACGCCGGCGAAACC-1_V13B23-285_D1,7
ATACGGAACGTCGTTT-1_V13B23-285_D1,6
ATACGGGTTTCGATTG-1_V13B23-285_D1,1
ATACGTACTTAGCCAC-1_V13B23-285_D1,7
ATACGTCCACTCCTGT-1_V13B23-285_D1,7
ATACGTTATGCACGGA-1_V13B23-285_D1,4
ATACTACCCGTACCAC-1_V13B23-285_D1,7
ATACTAGCATGACCCT-1_V13B23-285_D1,4
ATACTCTCGCCACTCT-1_V13B23-285_D1,3
ATACTGCCTTACACCG-1_V13B23-285_D1,7
ATAGACAACGGGACCT-1_V13B23-285_D1,11
ATAGACGAAGAGAAAG-1_V13B23-285_D1,4
ATAGAGTACTGGGACA-1_V13B23-285_D1,4
ATAGAGTTATCAACTT-1_V13B23-285_D1,11
ATAGCAACTAGGGAAG-1_V13B23-285_D1,7
ATAGGCGGCTATAGAA-1_V13B23-285_D1,6
ATAGGCTAGCTTCGCA-1_V13B23-285_D1,11
ATAGGGATATCCTTGA-1_V13B23-285_D1,2
ATAGGTTGGGCAGATG-1_V13B23-285_D1,6
ATAGTGAAGCGTTCTC-1_V13B23-285_D1,4
ATAGTTCCACCCACTC-1_V13B23-285_D1,7
ATATAAAGCGCTCGTG-1_V13B23-285_D1,1
ATATAAATGTAGCTGC-1_V13B23-285_D1,7
ATATAACACGGGCGCA-1_V13B23-285_D1,7
ATATACGCTCGTGACG-1_V13B23-285_D1,7
ATATCAACCTACAGAG-1_V13B23-285_D1,2
ATATCGGTAGGGAGAT-1_V13B23-285_D1,7
ATATCGTTCCTCGAAC-1_V13B23-285_D1,7
ATATCTCCCTCGTTAA-1_V13B23-285_D1,10
ATATCTTAGGGCCTTC-1_V13B23-285_D1,4
ATATGTCTCCCTAGCC-1_V13B23-285_D1,11
ATATTCAGTTAAACCT-1_V13B23-285_D1,6
ATATTCCACATAGTGA-1_V13B23-285_D1,7
ATATTCCCACAGGTCA-1_V13B23-285_D1,8
ATATTGCTGTCAAAGT-1_V13B23-285_D1,4
ATATTGGAGAGGCCTT-1_V13B23-285_D1,7
ATATTTAACCCTCAAG-1_V13B23-285_D1,4
ATCAAACACTGTTCCA-1_V13B23-285_D1,7
ATCAAACGAAGGTTTG-1_V13B23-285_D1,6
ATCAATCTGGGCTGCA-1_V13B23-285_D1,1
ATCACATTAGAATATC-1_V13B23-285_D1,10
ATCACGTGCTAATTAA-1_V13B23-285_D1,6
ATCACTTCATCCTCGC-1_V13B23-285_D1,4
ATCAGACGGCACGCCG-1_V13B23-285_D1,6
ATCAGCCTCATGCTGC-1_V13B23-285_D1,7
ATCAGCTCGTCCACTA-1_V13B23-285_D1,6
ATCAGGTAGCTGACAG-1_V13B23-285_D1,11
ATCAGTAGGCAGGGAT-1_V13B23-285_D1,6
ATCATAGCCCTATGTA-1_V13B23-285_D1,7
ATCATCCAATATTTGT-1_V13B23-285_D1,4
ATCATGGACTACCGAC-1_V13B23-285_D1,7
ATCCAACGCAGTCATA-1_V13B23-285_D1,4
ATCCAATGGAGGGTCC-1_V13B23-285_D1,6
ATCCACATCGACAGAA-1_V13B23-285_D1,7
ATCCAGAGCAACAACC-1_V13B23-285_D1,4
ATCCAGGATTCGTGAA-1_V13B23-285_D1,6
ATCCGGACCAGCCTGA-1_V13B23-285_D1,7
ATCCTACCTAAGCTCT-1_V13B23-285_D1,6
ATCCTGAATCGCTGCG-1_V13B23-285_D1,4
ATCCTGCGTGGAATGG-1_V13B23-285_D1,6
ATCCTTCTGAAAGAAC-1_V13B23-285_D1,7
ATCGACCCAATACAGA-1_V13B23-285_D1,4
ATCGACTCTTTCCGTT-1_V13B23-285_D1,4
ATCGCACGATTGTTCA-1_V13B23-285_D1,10
ATCGCACGCCGGGAGA-1_V13B23-285_D1,4
ATCGCCAGTCAACATT-1_V13B23-285_D1,7
ATCGCTGCGTGCAGCA-1_V13B23-285_D1,11
ATCGCTTTACGTCTCA-1_V13B23-285_D1,11
ATCGGAGACAGACGGC-1_V13B23-285_D1,7
ATCGGCAAGCAGTCCA-1_V13B23-285_D1,1
ATCGTTAGCTAGCGGA-1_V13B23-285_D1,7
ATCGTTCACTTTCGCC-1_V13B23-285_D1,8
ATCTAATATCCTACGG-1_V13B23-285_D1,1
ATCTCCCACGGAATAT-1_V13B23-285_D1,7
ATCTCCCTGCAATCTA-1_V13B23-285_D1,10
ATCTCGTGAGCGAAAC-1_V13B23-285_D1,7
ATCTGCACCTCTGCGA-1_V13B23-285_D1,11
ATCTGGGCTGTTCTTG-1_V13B23-285_D1,4
ATCTGGTTAAGACTGT-1_V13B23-285_D1,4
ATCTGTAATTGTACCC-1_V13B23-285_D1,10
ATCTTATCGCACACCC-1_V13B23-285_D1,7
ATCTTGACCTGCAACG-1_V13B23-285_D1,4
ATCTTGACTTGTCCAA-1_V13B23-285_D1,11
ATCTTTCGTATAACCA-1_V13B23-285_D1,11
ATGAAGCCAAGGAGCC-1_V13B23-285_D1,4
ATGACGCCGGCTCTAA-1_V13B23-285_D1,5
ATGACGCGTTCTATCC-1_V13B23-285_D1,6
ATGACTATGCGACATT-1_V13B23-285_D1,7
ATGAGGAGTGTTAATC-1_V13B23-285_D1,4
ATGAGGGCAGCGGCTA-1_V13B23-285_D1,7
ATGATCGGGAATAGAC-1_V13B23-285_D1,10
ATGATGCAATGGTACA-1_V13B23-285_D1,4
ATGCACTACCGCATTG-1_V13B23-285_D1,4
ATGCATGATCCAGGAT-1_V13B23-285_D1,1
ATGCCAATCGCTCTGC-1_V13B23-285_D1,11
ATGCCATTTGCGACCA-1_V13B23-285_D1,7
ATGCCGGTCTTGCATA-1_V13B23-285_D1,11
ATGCCGGTTGATGGGA-1_V13B23-285_D1,10
ATGCGACAATTGGTCC-1_V13B23-285_D1,9
ATGCGACAGTCCCATT-1_V13B23-285_D1,12
ATGCGAGTCCCACCAC-1_V13B23-285_D1,7
ATGCTCAGTGTTGCAT-1_V13B23-285_D1,4
ATGCTCTGGCGCGGTA-1_V13B23-285_D1,7
ATGCTTAGGAGTTGAT-1_V13B23-285_D1,7
ATGGAACCTTTGCACA-1_V13B23-285_D1,4
ATGGAGCAGGCCGTGA-1_V13B23-285_D1,5
ATGGATCCGGCGTCCG-1_V13B23-285_D1,10
ATGGATTGACCAAACG-1_V13B23-285_D1,6
ATGGCGGAATAGTCGC-1_V13B23-285_D1,11
ATGGCTGGAAATGGCC-1_V13B23-285_D1,8
ATGGGCCTCGGCCTCT-1_V13B23-285_D1,7
ATGGTCGCGTGGTTTC-1_V13B23-285_D1,7
ATGTAAGGCTGCTCTT-1_V13B23-285_D1,11
ATGTACATGCGGTGAG-1_V13B23-285_D1,7
ATGTGAAAGCCTAATG-1_V13B23-285_D1,6
ATGTGCATCCGACGCA-1_V13B23-285_D1,4
ATGTGGACATCTTGAT-1_V13B23-285_D1,7
ATGTTACGAGCAATAC-1_V13B23-285_D1,3
ATGTTCGTCGACCCAC-1_V13B23-285_D1,11
ATGTTTCGGCCCGGAG-1_V13B23-285_D1,11
ATTAAACATGCGGACC-1_V13B23-285_D1,4
ATTAATACTACGCGGG-1_V13B23-285_D1,9
ATTAATGAACCAGTCG-1_V13B23-285_D1,1
ATTACAACTACCGGCC-1_V13B23-285_D1,9
ATTACATGTCAGTCTT-1_V13B23-285_D1,7
ATTACCACACTGCCTG-1_V13B23-285_D1,7
ATTACGACTCCACAGT-1_V13B23-285_D1,2
ATTACGCGCTGGCAGG-1_V13B23-285_D1,11
ATTACTAGCCTCTTGC-1_V13B23-285_D1,5
ATTACTTACTGGGCAT-1_V13B23-285_D1,11
ATTAGATTCCTCAGCA-1_V13B23-285_D1,2
ATTAGATTGATAGCGG-1_V13B23-285_D1,4
ATTAGGCGATGCTTTC-1_V13B23-285_D1,7
ATTATACTTTGCTCGT-1_V13B23-285_D1,10
ATTATAGCTACTTTAC-1_V13B23-285_D1,11
ATTATGCCATAGGGAG-1_V13B23-285_D1,4
ATTATTATGTCCGTCA-1_V13B23-285_D1,6
ATTCAACCATTTAAGG-1_V13B23-285_D1,7
ATTCACTGATGTTGGA-1_V13B23-285_D1,7
ATTCAGGACCTATTTC-1_V13B23-285_D1,12
ATTCAGTAGCAGGGTC-1_V13B23-285_D1,4
ATTCATATACTGTCCA-1_V13B23-285_D1,4
ATTCATCGTTGAGGCA-1_V13B23-285_D1,7
ATTCCCACATAAACAA-1_V13B23-285_D1,4
ATTCCTAAGACGTGGA-1_V13B23-285_D1,9
ATTCCTCCGCCAGTGC-1_V13B23-285_D1,4
ATTCCTTCCAGGCGGT-1_V13B23-285_D1,4
ATTCGACGCCGGGCCT-1_V13B23-285_D1,6
ATTCGCAGAGGACACT-1_V13B23-285_D1,2
ATTCGCGCCTTGAGAG-1_V13B23-285_D1,7
ATTCGTGCTATCTCTT-1_V13B23-285_D1,7
ATTCTCGTCTCTTTAG-1_V13B23-285_D1,8
ATTCTTCGTACTTATG-1_V13B23-285_D1,8
ATTGAAGATCTTAGTG-1_V13B23-285_D1,4
ATTGACCGGCGATGAC-1_V13B23-285_D1,2
ATTGACGTAACTCGGT-1_V13B23-285_D1,8
ATTGATAGCAACGAGA-1_V13B23-285_D1,4
ATTGATGAGTCCTAAC-1_V13B23-285_D1,11
ATTGCCTTTATGTTTG-1_V13B23-285_D1,7
ATTGCGATCAGTAACT-1_V13B23-285_D1,7
ATTGCTGCTCCTCCAT-1_V13B23-285_D1,6
ATTGGATTACAGCGTA-1_V13B23-285_D1,7
ATTGGGAATATCTTGG-1_V13B23-285_D1,10
ATTGTACAACTCGGCT-1_V13B23-285_D1,11
ATTGTCGCAATACCTT-1_V13B23-285_D1,10
ATTGTGACTTCGCTGC-1_V13B23-285_D1,8
ATTGTTCAACGATCCG-1_V13B23-285_D1,7
ATTTAACTCGTATTAC-1_V13B23-285_D1,9
ATTTACAGTTTACTGG-1_V13B23-285_D1,4
ATTTACTAAGTCCATT-1_V13B23-285_D1,11
ATTTCATTATTTCGCG-1_V13B23-285_D1,10
ATTTCCGGGTTCTGCG-1_V13B23-285_D1,6
ATTTGCGCGAGTAGCT-1_V13B23-285_D1,6
ATTTGTCTTGGGAGCT-1_V13B23-285_D1,7
ATTTGTTCCAGGGCTC-1_V13B23-285_D1,10
CAAACGAGTATCGCAG-1_V13B23-285_D1,6
CAAACGGTCGCACTTT-1_V13B23-285_D1,4
CAAACTACGATAGAGA-1_V13B23-285_D1,10
CAAACTATTGAGCTTC-1_V13B23-285_D1,5
CAAACTCGCGACGCCG-1_V13B23-285_D1,7
CAAAGATTATTGGGCC-1_V13B23-285_D1,6
CAAAGGTCATCTGAAA-1_V13B23-285_D1,7
CAAATCTCTCACAAGG-1_V13B23-285_D1,3
CAAATGTCCTTCCGTG-1_V13B23-285_D1,4
CAAATTGGATTATGCC-1_V13B23-285_D1,2
CAACACATCTCCTGCC-1_V13B23-285_D1,11
CAACCAGTGGCCTACC-1_V13B23-285_D1,7
CAACCTACCGAGCAGT-1_V13B23-285_D1,7
CAACCTGAACCTGCCA-1_V13B23-285_D1,11
CAACGACCCGTTTACA-1_V13B23-285_D1,4
CAACGGTTCTTGATAC-1_V13B23-285_D1,4
CAACGTGGTGGAGTCT-1_V13B23-285_D1,7
CAACTATATCGAATGC-1_V13B23-285_D1,10
CAACTCCTTGATCCCG-1_V13B23-285_D1,4
CAACTGCTCATCCGAT-1_V13B23-285_D1,4
CAAGACTCAGAAGCGC-1_V13B23-285_D1,11
CAAGAGGGCGGAGTAC-1_V13B23-285_D1,7
CAAGATATTATAACGT-1_V13B23-285_D1,7
CAAGCAACGTCGGAGT-1_V13B23-285_D1,4
CAAGCACCAAATGCCT-1_V13B23-285_D1,10
CAAGCGGCACATAATT-1_V13B23-285_D1,7
CAAGGATCGCATGTTC-1_V13B23-285_D1,7
CAAGGCCAGTGGTGCA-1_V13B23-285_D1,7
CAAGGTCCTATAGGCT-1_V13B23-285_D1,11
CAAGTGTGGTTGCAAA-1_V13B23-285_D1,7
CAATAAACCTTGGCCC-1_V13B23-285_D1,1
CAATACGAGAGTCTGA-1_V13B23-285_D1,7
CAATATTCTTGACCTA-1_V13B23-285_D1,6
CAATATTGGACTAGTG-1_V13B23-285_D1,6
CAATCCCTATACCAGC-1_V13B23-285_D1,8
CAATCCTGCCGTGGAG-1_V13B23-285_D1,4
CAATGAGGTTCGACTA-1_V13B23-285_D1,11
CAATGCGAGAAGTATC-1_V13B23-285_D1,5
CAATGGAATCTACATA-1_V13B23-285_D1,8
CAATGGATCTCTACCA-1_V13B23-285_D1,1
CAATGTGCCAACCCTT-1_V13B23-285_D1,11
CAATTAAGGGTGATGA-1_V13B23-285_D1,6
CAATTTCGTATAAGGG-1_V13B23-285_D1,9
CACAAGAAAGATATTA-1_V13B23-285_D1,9
CACAATGAGCTGCTAT-1_V13B23-285_D1,6
CACACACGCTAACGAG-1_V13B23-285_D1,7
CACACAGCTTGCGCTC-1_V13B23-285_D1,7
CACACAGGGATAGATT-1_V13B23-285_D1,4
CACACGCGCTGTCTTA-1_V13B23-285_D1,11
CACAGCACCCACGGCA-1_V13B23-285_D1,4
CACAGCTAGGGAGTGA-1_V13B23-285_D1,4
CACAGGGCCATATAGT-1_V13B23-285_D1,7
CACAGGGCCGTTGTCA-1_V13B23-285_D1,6
CACAGTCCCGCTTCGC-1_V13B23-285_D1,7
CACAGTTCGCTTCCCA-1_V13B23-285_D1,7
CACATATTAGCAGGAT-1_V13B23-285_D1,7
CACATCGTGCACGCGC-1_V13B23-285_D1,6
CACATCTCACCGACGA-1_V13B23-285_D1,7
CACATGATTCAGCAAC-1_V13B23-285_D1,4
CACATGTTTGGACATG-1_V13B23-285_D1,6
CACATTCTTTCGATGG-1_V13B23-285_D1,10
CACATTTCTTGTCAGA-1_V13B23-285_D1,7
CACCAGTCAGCATGCA-1_V13B23-285_D1,6
CACCATCGGAGGAGAC-1_V13B23-285_D1,8
CACCCAAATCTTATGT-1_V13B23-285_D1,11
CACCCACACGTCACCC-1_V13B23-285_D1,4
CACCCACGAGGCAATT-1_V13B23-285_D1,9
CACCCGGTTTGTGACT-1_V13B23-285_D1,6
CACCCTAACAAGATCT-1_V13B23-285_D1,7
CACCCTTGGTGAGACC-1_V13B23-285_D1,11
CACCGATACACCGAGC-1_V13B23-285_D1,8
CACCGCCAGAAGGTTT-1_V13B23-285_D1,6
CACCGCCGACCAGCGA-1_V13B23-285_D1,8
CACCGCGTCCACTCTA-1_V13B23-285_D1,11
CACCGTATCCCATCCG-1_V13B23-285_D1,7
CACCGTTAGGGATCAC-1_V13B23-285_D1,6
CACCGTTGCGCGATAT-1_V13B23-285_D1,6
CACCTAATAGAGTCGT-1_V13B23-285_D1,9
CACCTAATCAGTTTAC-1_V13B23-285_D1,10
CACCTCGATGGTGGAC-1_V13B23-285_D1,10
CACCTTGCGAAACTCG-1_V13B23-285_D1,6
CACCTTGGCGCCTTTG-1_V13B23-285_D1,7
CACGAAAGTTAGTCCC-1_V13B23-285_D1,11
CACGCACAGCGCAGCT-1_V13B23-285_D1,1
CACGCAGCGAGGCTTT-1_V13B23-285_D1,4
CACGCGGAACTGTTGC-1_V13B23-285_D1,7
CACGGACGTGGATGGC-1_V13B23-285_D1,11
CACGGCGCGCCAAAGG-1_V13B23-285_D1,11
CACGTCAATCAATGGA-1_V13B23-285_D1,7
CACGTCGGCAACCTCT-1_V13B23-285_D1,6
CACGTTCGTGCTCTAG-1_V13B23-285_D1,1
CACGTTTCGTACACAC-1_V13B23-285_D1,7
CACTAAAGTTGCCTAT-1_V13B23-285_D1,4
CACTACGGGAGCTGCC-1_V13B23-285_D1,7
CACTCAAGAGCTATGG-1_V13B23-285_D1,4
CACTCAGCTCTTGAGG-1_V13B23-285_D1,5
CACTCCTATGTAAGAT-1_V13B23-285_D1,6
CACTCCTCTCGGTCGG-1_V13B23-285_D1,10
CACTCGAGCTGAACAA-1_V13B23-285_D1,7
CACTCTTCTGCTAGCC-1_V13B23-285_D1,7
CACTGTCCAAGTGAGA-1_V13B23-285_D1,4
CACTTAATCAGACGGA-1_V13B23-285_D1,4
CACTTCGCCACAGGCT-1_V13B23-285_D1,4
CAGAACTTAGCCCTCT-1_V13B23-285_D1,7
CAGAATAACACACGGA-1_V13B23-285_D1,7
CAGAATATTCGTTATC-1_V13B23-285_D1,7
CAGACACCGATCGCTG-1_V13B23-285_D1,4
CAGACCTGTAAGTGTT-1_V13B23-285_D1,11
CAGACGAACCTGATAC-1_V13B23-285_D1,4
CAGAGACGGTCACCCA-1_V13B23-285_D1,4
CAGAGCATGAGCTTGC-1_V13B23-285_D1,11
CAGAGGCGATGCATGA-1_V13B23-285_D1,4
CAGAGTGATTTAACGT-1_V13B23-285_D1,8
CAGATAATGGGCGGGT-1_V13B23-285_D1,7
CAGATACTAACATAGT-1_V13B23-285_D1,4
CAGATCATTTAAAGTC-1_V13B23-285_D1,11
CAGATCCTGGTTTGAA-1_V13B23-285_D1,6
CAGCAGCCCGTTCCTT-1_V13B23-285_D1,11
CAGCAGTCCAGACTAT-1_V13B23-285_D1,7
CAGCAGTCTGTGCTGC-1_V13B23-285_D1,7
CAGCCGGGCCCTCTAT-1_V13B23-285_D1,10
CAGCCTCCTGCAGAGG-1_V13B23-285_D1,1
CAGCCTCGATAGCGGT-1_V13B23-285_D1,7
CAGCCTCTCCTCAAGA-1_V13B23-285_D1,11
CAGCGATTCCCTTCAA-1_V13B23-285_D1,6
CAGCTCACTGAGACAT-1_V13B23-285_D1,4
CAGCTCGACAAGTTAA-1_V13B23-285_D1,9
CAGCTCGTGCTTGTGT-1_V13B23-285_D1,4
CAGCTGGCGTAACCGT-1_V13B23-285_D1,6
CAGCTTAGTAGGTAGC-1_V13B23-285_D1,4
CAGGAAGACTTTATAT-1_V13B23-285_D1,10
CAGGACAGCTGCCCTT-1_V13B23-285_D1,11
CAGGATATATCGTTGT-1_V13B23-285_D1,4
CAGGCAGTCTTACCAG-1_V13B23-285_D1,7
CAGGCCGTTTGGGTGT-1_V13B23-285_D1,6
CAGGCGCACGGTGGTC-1_V13B23-285_D1,6
CAGGCGCCATGCTAGG-1_V13B23-285_D1,7
CAGTAACTATTTATTG-1_V13B23-285_D1,11
CAGTAATCCCTCCCAG-1_V13B23-285_D1,4
CAGTACATTCTCTAAA-1_V13B23-285_D1,11
CAGTACCAGTTTACGT-1_V13B23-285_D1,6
CAGTAGCCCACGCGGT-1_V13B23-285_D1,1
CAGTCGAGGATGCAAT-1_V13B23-285_D1,11
CAGTCTGTATACTGGG-1_V13B23-285_D1,4
CAGTGAATAAATGACT-1_V13B23-285_D1,6
CAGTGGTTGCACATGA-1_V13B23-285_D1,4
CAGTGTCCGCAGAATG-1_V13B23-285_D1,12
CAGTGTCGGCTGGCCC-1_V13B23-285_D1,7
CAGTTCAAATTGACAC-1_V13B23-285_D1,4
CAGTTCCGCGGGTCGA-1_V13B23-285_D1,4
CATAACGGACAGTCGT-1_V13B23-285_D1,11
CATAAGAAGCTTGGCT-1_V13B23-285_D1,7
CATAAGCTCTCCGTCT-1_V13B23-285_D1,11
CATACAAAGCCGAACC-1_V13B23-285_D1,4
CATACACGGTTCCCAC-1_V13B23-285_D1,4
CATACCCGTACCCAGT-1_V13B23-285_D1,4
CATACGGCGTCTGGGC-1_V13B23-285_D1,4
CATACTATGTAATTGT-1_V13B23-285_D1,4
CATACTTAGGCAATAC-1_V13B23-285_D1,11
CATAGCCGCCCGGGAT-1_V13B23-285_D1,4
CATAGCGTTGCCCACC-1_V13B23-285_D1,6
CATAGTACATTGAGAG-1_V13B23-285_D1,10
CATAGTAGCATAGTAG-1_V13B23-285_D1,4
CATAGTCAAATACATA-1_V13B23-285_D1,7
CATAGTCCACAAGAAC-1_V13B23-285_D1,6
CATATACTACTGATAA-1_V13B23-285_D1,11
CATATAGGTACAGTCA-1_V13B23-285_D1,4
CATATGTCAGGCTACG-1_V13B23-285_D1,6
CATATTATTTGCCCTA-1_V13B23-285_D1,8
CATCAAACTGGCGCCC-1_V13B23-285_D1,2
CATCATCTACCCGGAC-1_V13B23-285_D1,5
CATCATTACCCTGAGG-1_V13B23-285_D1,7
CATCCTCTCAAAGATC-1_V13B23-285_D1,7
CATCGCCCGCGGCCAA-1_V13B23-285_D1,12
CATCGGACGGGTTAAT-1_V13B23-285_D1,4
CATCTAGTGAAGGGAA-1_V13B23-285_D1,7
CATCTATCCCGTGTCT-1_V13B23-285_D1,11
CATCTTACACCACCTC-1_V13B23-285_D1,7
CATGAACCGACATTTG-1_V13B23-285_D1,8
CATGACTTCGCTGAAT-1_V13B23-285_D1,7
CATGAGATGCACTCTC-1_V13B23-285_D1,7
CATGATCGCTTTGAGA-1_V13B23-285_D1,7
CATGATGCACAATTCT-1_V13B23-285_D1,9
CATGATGGAAGTTAGC-1_V13B23-285_D1,7
CATGCCAACTCGCAAA-1_V13B23-285_D1,11
CATGCGACCAGTTTAA-1_V13B23-285_D1,11
CATGCGTTAGACAGAA-1_V13B23-285_D1,10
CATGCTGGCTCCAATT-1_V13B23-285_D1,5
CATGGATTGTCTTCCG-1_V13B23-285_D1,7
CATGGCAGGAAGATCG-1_V13B23-285_D1,10
CATGGGTATGCCTTAT-1_V13B23-285_D1,7
CATGGGTCGGGTGTGG-1_V13B23-285_D1,10
CATGGTAAGTAGCGTT-1_V13B23-285_D1,7
CATGGTCTAGATACCG-1_V13B23-285_D1,6
CATGTAAGAGACATTT-1_V13B23-285_D1,7
CATGTAGGAGCGCCAA-1_V13B23-285_D1,11
CATGTCTCATTTATGG-1_V13B23-285_D1,7
CATTACATAGATTGTG-1_V13B23-285_D1,11
CATTACGTCGGCCCGT-1_V13B23-285_D1,10
CATTATGCTTGTTGTG-1_V13B23-285_D1,4
CATTCAGGTCAGTGCG-1_V13B23-285_D1,10
CATTCCCATTCCGTCG-1_V13B23-285_D1,11
CATTCCCTAAGTACAA-1_V13B23-285_D1,4
CATTCGTCGTAGCGGT-1_V13B23-285_D1,7
CATTGATGAACACGCC-1_V13B23-285_D1,11
CATTGCGGGTCAATTC-1_V13B23-285_D1,11
CATTTAGCGGACCATG-1_V13B23-285_D1,6
CATTTCTAGCAGACTA-1_V13B23-285_D1,4
CATTTGAGTGGTACGT-1_V13B23-285_D1,4
CCAAACAGAACCCTCG-1_V13B23-285_D1,4
CCAAATAACAAGATTC-1_V13B23-285_D1,7
CCAACGATGCACTGAT-1_V13B23-285_D1,4
CCAACGCTTGCCAGGG-1_V13B23-285_D1,8
CCAACTTGATAGATCC-1_V13B23-285_D1,7
CCAAGAAAGTGGGCGA-1_V13B23-285_D1,4
CCAAGACTTCTGCGAA-1_V13B23-285_D1,4
CCAAGCGTAACTCGTA-1_V13B23-285_D1,3
CCAAGGAACAGAGAGG-1_V13B23-285_D1,10
CCAATAGTGCCGTCGA-1_V13B23-285_D1,6
CCAATCGGTAGATCGA-1_V13B23-285_D1,10
CCAATGTCACAGCAAG-1_V13B23-285_D1,4
CCAATTACGGGTCGAG-1_V13B23-285_D1,11
CCAATTGAATGTTAAT-1_V13B23-285_D1,4
CCACAATGTACGTCTT-1_V13B23-285_D1,11
CCACACTGAGATATTA-1_V13B23-285_D1,6
CCACAGTACCCATCCT-1_V13B23-285_D1,7
CCACATACTGCACCCA-1_V13B23-285_D1,7
CCACCAACTTTACTGT-1_V13B23-285_D1,3
CCACCCAAGGAAAGTG-1_V13B23-285_D1,12
CCACCTGTATGGAATA-1_V13B23-285_D1,7
CCACGAATTTAACCTC-1_V13B23-285_D1,7
CCACGAGAAGAGAATC-1_V13B23-285_D1,10
CCACGGAGCCATAAGA-1_V13B23-285_D1,6
CCACGGTGCCCGGTAG-1_V13B23-285_D1,11
CCACGTAAATTAGACT-1_V13B23-285_D1,11
CCACTATCCGGGTCAC-1_V13B23-285_D1,11
CCACTGGTGGCTGGTT-1_V13B23-285_D1,4
CCACTGTTTGGATTAA-1_V13B23-285_D1,7
CCAGAAAGCAACTCAT-1_V13B23-285_D1,6
CCAGAGACAAAGCCGG-1_V13B23-285_D1,4
CCAGATAGTTGAGTGA-1_V13B23-285_D1,1
CCAGATGTAAATGGGT-1_V13B23-285_D1,2
CCAGCCTGGACCAATA-1_V13B23-285_D1,5
CCAGCGGGATCACCAG-1_V13B23-285_D1,11
CCAGCTCGAACGCATT-1_V13B23-285_D1,6
CCAGCTGATGGTACTT-1_V13B23-285_D1,11
CCAGCTTCCGCCCGCA-1_V13B23-285_D1,6
CCAGGCTGGCGTCTGA-1_V13B23-285_D1,7
CCAGGGACGTGGCCTC-1_V13B23-285_D1,4
CCAGTAGTCTGATCCA-1_V13B23-285_D1,11
CCAGTCCATTATTCGA-1_V13B23-285_D1,10
CCAGTCTAGACGGCGC-1_V13B23-285_D1,6
CCAGTCTTGTCATAGA-1_V13B23-285_D1,6
CCATAAACAACCCGAC-1_V13B23-285_D1,5
CCATACCTTTACTTGT-1_V13B23-285_D1,11
CCATAGGTTGGCGTGG-1_V13B23-285_D1,10
CCATAGTCAGTAACCC-1_V13B23-285_D1,6
CCATATGGAAACTATA-1_V13B23-285_D1,7
CCATCCATACCAAGTC-1_V13B23-285_D1,4
CCATCGCAGTTAAACT-1_V13B23-285_D1,1
CCATCTCACCAGTGAA-1_V13B23-285_D1,7
CCATGCCCTAGATTTC-1_V13B23-285_D1,7
CCATGCCTGTTTAGTA-1_V13B23-285_D1,4
CCATGCTCTGCAGGAA-1_V13B23-285_D1,4
CCATGGCCCTTGTACC-1_V13B23-285_D1,7
CCATTAGCGATAATCC-1_V13B23-285_D1,6
CCATTCCCTGCCCACA-1_V13B23-285_D1,6
CCATTGTTTCCTCCAT-1_V13B23-285_D1,11
CCATTTCTACCTATTA-1_V13B23-285_D1,7
CCCAAACATGCTGCTC-1_V13B23-285_D1,11
CCCAACATACGTCGCG-1_V13B23-285_D1,6
CCCAACCACACTAACA-1_V13B23-285_D1,8
CCCAATGAGATTTGCA-1_V13B23-285_D1,6
CCCAATTTCACAACTT-1_V13B23-285_D1,11
CCCAGAGGAGGGCGTA-1_V13B23-285_D1,11
CCCAGGTCTGAAGGCT-1_V13B23-285_D1,7
CCCAGTAAACTTGGGA-1_V13B23-285_D1,11
CCCAGTTAAGGCGCCG-1_V13B23-285_D1,7
CCCATATAGGTCGATT-1_V13B23-285_D1,7
CCCGACCATAGTCCGC-1_V13B23-285_D1,10
CCCGAGTTTCTCCGTA-1_V13B23-285_D1,7
CCCGATAGCCTCGCCT-1_V13B23-285_D1,11
CCCGCAGCGCGAACTA-1_V13B23-285_D1,7
CCCGCAGGGCCCAAAG-1_V13B23-285_D1,8
CCCGCCATGCTCCCGT-1_V13B23-285_D1,4
CCCGCGCAATGCACCC-1_V13B23-285_D1,4
CCCGGTGGAAGAACCT-1_V13B23-285_D1,4
CCCGGTGTATCGGAAT-1_V13B23-285_D1,6
CCCGTAAGTCTAGGCC-1_V13B23-285_D1,11
CCCGTAGCTGGGAAGA-1_V13B23-285_D1,6
CCCGTCAGCGTCTGAC-1_V13B23-285_D1,4
CCCGTTTCGCAGATGT-1_V13B23-285_D1,7
CCCTAGTGTCAGGTGT-1_V13B23-285_D1,10
CCCTATGTAGAGCAGA-1_V13B23-285_D1,6
CCCTCATTCTGGAATT-1_V13B23-285_D1,3
CCCTCCTCGCTCGTAT-1_V13B23-285_D1,7
CCCTGAAATGAGTTGA-1_V13B23-285_D1,4
CCCTGATGTAACTCGT-1_V13B23-285_D1,6
CCCTGCCCAATCCGCT-1_V13B23-285_D1,11
CCCTGCGCTACGCATA-1_V13B23-285_D1,11
CCCTTTAATGGAGTTC-1_V13B23-285_D1,7
CCCTTTGACAGGTCTT-1_V13B23-285_D1,4
CCGAAAGTGGTGAGCA-1_V13B23-285_D1,4
CCGAACACTGGGCCTC-1_V13B23-285_D1,11
CCGAACCTTCCCGGCC-1_V13B23-285_D1,7
CCGAAGGGCGTACCGC-1_V13B23-285_D1,11
CCGAAGTATATTGTTC-1_V13B23-285_D1,11
CCGACAAAGGGAGTGC-1_V13B23-285_D1,6
CCGACAATAGGCCGCC-1_V13B23-285_D1,7
CCGACGGGCATGAGGT-1_V13B23-285_D1,6
CCGACGTAAACACAAC-1_V13B23-285_D1,11
CCGAGAAGTCGCATAA-1_V13B23-285_D1,7
CCGAGCTGTGCTTGTC-1_V13B23-285_D1,2
CCGATATGACGTAAGG-1_V13B23-285_D1,7
CCGATCTCAACCTTAT-1_V13B23-285_D1,5
CCGATTCGAGGGACCC-1_V13B23-285_D1,4
CCGCACAAAGACCAAC-1_V13B23-285_D1,12
CCGCACACGAACGTGT-1_V13B23-285_D1,7
CCGCACGTGACCTCGG-1_V13B23-285_D1,4
CCGCATGTGGTACGAT-1_V13B23-285_D1,1
CCGCCGGAACTTCTCG-1_V13B23-285_D1,6
CCGCCGGTCAACACAC-1_V13B23-285_D1,10
CCGCCTGCGAATTGGT-1_V13B23-285_D1,11
CCGCGGAATGCGTCAC-1_V13B23-285_D1,4
CCGCGGGTACGAAGAA-1_V13B23-285_D1,4
CCGCGTAGGTAAGGGC-1_V13B23-285_D1,4
CCGCTATCAGCACCAG-1_V13B23-285_D1,4
CCGCTCTTCCGAACTA-1_V13B23-285_D1,7
CCGCTTACCTCACTCT-1_V13B23-285_D1,6
CCGCTTGCTGACATGG-1_V13B23-285_D1,11
CCGGAAGTTATCAGTC-1_V13B23-285_D1,7
CCGGAATGGTTTCAGT-1_V13B23-285_D1,4
CCGGAGCGTACTTTCT-1_V13B23-285_D1,6
CCGGAGGTCTTATGGT-1_V13B23-285_D1,2
CCGGCACGACCGTTTC-1_V13B23-285_D1,11
CCGGCGCATATTGGAT-1_V13B23-285_D1,5
CCGGGACCCGCAGAGA-1_V13B23-285_D1,7
CCGGGCGGTCTCGTCA-1_V13B23-285_D1,11
CCGGGCTGCTCCATAC-1_V13B23-285_D1,1
CCGGGTTCGAGGTTAC-1_V13B23-285_D1,4
CCGGTAATGGCTAGTC-1_V13B23-285_D1,1
CCGGTTTGTAATTGTG-1_V13B23-285_D1,6
CCGTAAGTTGGTCCCA-1_V13B23-285_D1,11
CCGTACCCAAGCGCCA-1_V13B23-285_D1,4
CCGTAGGAAATCCCTG-1_V13B23-285_D1,7
CCGTAGGGTTGTTTAC-1_V13B23-285_D1,7
CCGTATCTCGTCGTAG-1_V13B23-285_D1,6
CCGTATTAGCGCAGTT-1_V13B23-285_D1,11
CCGTGAGGCATTCATG-1_V13B23-285_D1,3
CCGTGCCCATGACGGC-1_V13B23-285_D1,8
CCGTGGAACGATCCAA-1_V13B23-285_D1,11
CCGTGTTAAATTCCAT-1_V13B23-285_D1,6
CCGTTACGTTAGAACA-1_V13B23-285_D1,1
CCGTTCCGAATCTCGG-1_V13B23-285_D1,11
CCTAAAGGCTGACGCT-1_V13B23-285_D1,10
CCTAAATTAACGGTTC-1_V13B23-285_D1,7
CCTAAATTGTATCCTA-1_V13B23-285_D1,7
CCTAACCCAAACAAGT-1_V13B23-285_D1,7
CCTAACTAAGGCTCTA-1_V13B23-285_D1,1
CCTACATTCACAGACG-1_V13B23-285_D1,6
CCTACGGCTCAGTCGA-1_V13B23-285_D1,4
CCTACTCAACACGATT-1_V13B23-285_D1,7
CCTACTGCGGCGGCCA-1_V13B23-285_D1,11
CCTACTGCTTACACTT-1_V13B23-285_D1,4
CCTAGGCGTAGCGATC-1_V13B23-285_D1,1
CCTAGTTAGTCGCATG-1_V13B23-285_D1,5
CCTATAATGAGTGCCC-1_V13B23-285_D1,7
CCTATACCGTCCTGTC-1_V13B23-285_D1,6
CCTATATTTGTCCTGG-1_V13B23-285_D1,4
CCTATGAAGTGGTGCC-1_V13B23-285_D1,11
CCTATGGGTTACCGTC-1_V13B23-285_D1,11
CCTATGTCCACTCCAC-1_V13B23-285_D1,7
CCTCACCAATCTTGAC-1_V13B23-285_D1,4
CCTCACCTGAGGGAGC-1_V13B23-285_D1,11
CCTCACCTTAGCATCG-1_V13B23-285_D1,11
CCTCACGTCAGCTAAT-1_V13B23-285_D1,7
CCTCATGCAGCTACGA-1_V13B23-285_D1,12
CCTCCCGACAATCCCT-1_V13B23-285_D1,8
CCTCCGACAATTCAAG-1_V13B23-285_D1,4
CCTCCTGTTGTGTCGT-1_V13B23-285_D1,7
CCTCGAAGTGGACGGG-1_V13B23-285_D1,10
CCTCGCCAGCAAATTA-1_V13B23-285_D1,10
CCTCGCGCGATATAGG-1_V13B23-285_D1,1
CCTCGCGCTGTGCGAT-1_V13B23-285_D1,11
CCTCGGACCGGGATAG-1_V13B23-285_D1,7
CCTCTAATCTGCCAAG-1_V13B23-285_D1,1
CCTCTATCGATTAGCA-1_V13B23-285_D1,6
CCTCTCTCCCATCTAG-1_V13B23-285_D1,6
CCTCTGGCCTAGACGG-1_V13B23-285_D1,10
CCTCTGTACTATTCTA-1_V13B23-285_D1,1
CCTGAACGATATATTC-1_V13B23-285_D1,1
CCTGAATATTTACATA-1_V13B23-285_D1,1
CCTGACCACCGATGGT-1_V13B23-285_D1,4
CCTGCGATAGAACTGT-1_V13B23-285_D1,6
CCTGCGTTCTACGCTT-1_V13B23-285_D1,6
CCTGCTATTTGAGAAG-1_V13B23-285_D1,4
CCTGGAAACGTTCTGC-1_V13B23-285_D1,7
CCTGGCTAGACCCGCC-1_V13B23-285_D1,4
CCTGGTCGAATGTGGG-1_V13B23-285_D1,7
CCTGTAAGACATGATA-1_V13B23-285_D1,6
CCTGTACTCACGCCCA-1_V13B23-285_D1,11
CCTGTCACCCGGGCTC-1_V13B23-285_D1,6
CCTGTCCCTCACGTTA-1_V13B23-285_D1,11
CCTGTCGCCCGTAAAT-1_V13B23-285_D1,4
CCTGTTTGAAGACACG-1_V13B23-285_D1,7
CCTTCAGTTAAAGTGA-1_V13B23-285_D1,6
CCTTCTTGATCCAGTG-1_V13B23-285_D1,10
CCTTGACCACTTTATT-1_V13B23-285_D1,7
CCTTTAAGGGAGCACT-1_V13B23-285_D1,6
CCTTTCAATGAAGAAA-1_V13B23-285_D1,11
CGAAACATAGATGGCA-1_V13B23-285_D1,8
CGAAACGCAATTCATG-1_V13B23-285_D1,6
CGAACAGTATGGGCGT-1_V13B23-285_D1,7
CGAACCCGCATGCGTC-1_V13B23-285_D1,4
CGAACGCCCAGTGCCG-1_V13B23-285_D1,10
CGAACGGCCGGACAAC-1_V13B23-285_D1,6
CGAAGCTATAAATTCA-1_V13B23-285_D1,11
CGAAGTTGCTCTGTGT-1_V13B23-285_D1,4
CGAATGACGCATAATG-1_V13B23-285_D1,4
CGAATTCCCGGTTCAA-1_V13B23-285_D1,7
CGACAATTTGATCTAA-1_V13B23-285_D1,7
CGACACGCTCCGACAG-1_V13B23-285_D1,7
CGACAGTTCGCGTTAT-1_V13B23-285_D1,6
CGACATGCGATCTTCT-1_V13B23-285_D1,8
CGACTCAGGATGTTAT-1_V13B23-285_D1,6
CGACTTTGTATAGCCT-1_V13B23-285_D1,11
CGAGACCCTAGAGTGT-1_V13B23-285_D1,4
CGAGAGATGTGAACCT-1_V13B23-285_D1,11
CGAGAGCTTTCACTAC-1_V13B23-285_D1,7
CGAGAGGGTAGCCGCG-1_V13B23-285_D1,7
CGAGATTTCGCTCGGG-1_V13B23-285_D1,7
CGAGCACTTCAAGTTT-1_V13B23-285_D1,4
CGAGCGTTGATCAGCC-1_V13B23-285_D1,8
CGAGCTGGGCTTTAGG-1_V13B23-285_D1,10
CGAGGAGCTTCCATAT-1_V13B23-285_D1,11
CGAGGATCGGGAACGA-1_V13B23-285_D1,11
CGAGGCCAGGCATTGG-1_V13B23-285_D1,4
CGAGGCTAAATATGGC-1_V13B23-285_D1,11
CGAGGGACTGCGGTCG-1_V13B23-285_D1,7
CGAGTACTAAAGAGGA-1_V13B23-285_D1,6
CGAGTGAAGGTACCAG-1_V13B23-285_D1,6
CGAGTGCTATAGTTCG-1_V13B23-285_D1,3
CGAGTTCTGTCCCACC-1_V13B23-285_D1,11
CGAGTTTATCGGACTG-1_V13B23-285_D1,7
CGATAATACTCAGGTT-1_V13B23-285_D1,7
CGATACCTCGCGGACA-1_V13B23-285_D1,6
CGATAGTCGTACTGCA-1_V13B23-285_D1,7
CGATCCGACCCAGTGC-1_V13B23-285_D1,4
CGATCTGTTGGAGGAC-1_V13B23-285_D1,6
CGATGGACCCTACGCC-1_V13B23-285_D1,1
CGATGTTGTTATCTAC-1_V13B23-285_D1,6
CGATTAAATATCTCCT-1_V13B23-285_D1,3
CGATTCGCCTGGCTGC-1_V13B23-285_D1,7
CGCAAACACGAGTTAC-1_V13B23-285_D1,4
CGCAATTACTTTCGGT-1_V13B23-285_D1,4
CGCAATTAGGGTAATA-1_V13B23-285_D1,4
CGCAATTCTACAATAA-1_V13B23-285_D1,4
CGCACATGTCCACTAC-1_V13B23-285_D1,7
CGCACGTGCGCTATCA-1_V13B23-285_D1,7
CGCAGATCTTCACCCG-1_V13B23-285_D1,11
CGCAGGCGATCCAAAC-1_V13B23-285_D1,7
CGCATCATGGCTTCAG-1_V13B23-285_D1,8
CGCATCCATCAGCCAG-1_V13B23-285_D1,11
CGCATGGTGCGATGCT-1_V13B23-285_D1,7
CGCATTAGCTAATAGG-1_V13B23-285_D1,9
CGCCAAGAAGCCGAGT-1_V13B23-285_D1,11
CGCCATCCGATTATGA-1_V13B23-285_D1,6
CGCCCAGCACGCCTAG-1_V13B23-285_D1,6
CGCCCAGCGTTTCACG-1_V13B23-285_D1,7
CGCCCGCTTCCGTACA-1_V13B23-285_D1,10
CGCCCTTGAAGGCTGA-1_V13B23-285_D1,4
CGCCGCCCATGCCTGT-1_V13B23-285_D1,7
CGCCGTCTACCCATCG-1_V13B23-285_D1,4
CGCCGTTCAGCATAGT-1_V13B23-285_D1,7
CGCCTCCCTCCTCTAT-1_V13B23-285_D1,7
CGCCTGGCCTACGTAA-1_V13B23-285_D1,11
CGCCTTTAGCATGCTC-1_V13B23-285_D1,7
CGCGAAGTGGCATACT-1_V13B23-285_D1,7
CGCGACCGCGACAGAT-1_V13B23-285_D1,7
CGCGAGAGGGACTTGT-1_V13B23-285_D1,11
CGCGAGTCTGCCGGGT-1_V13B23-285_D1,11
CGCGCAAATGTCCAGA-1_V13B23-285_D1,6
CGCGCATGTTTGATTG-1_V13B23-285_D1,4
CGCGCCCGACTTAATA-1_V13B23-285_D1,10
CGCGGCAGTATTACGG-1_V13B23-285_D1,4
CGCGGCTCAACTTGAA-1_V13B23-285_D1,7
CGCGGGAATTAGGCAG-1_V13B23-285_D1,1
CGCGGTAAGTCTAGCT-1_V13B23-285_D1,11
CGCGGTACGGTATACA-1_V13B23-285_D1,7
CGCGGTCACAAACCAA-1_V13B23-285_D1,11
CGCGTTCATGAAATAC-1_V13B23-285_D1,4
CGCTACGGGACATTTA-1_V13B23-285_D1,3
CGCTAGAGACCGCTGC-1_V13B23-285_D1,7
CGCTATACCGCCCACT-1_V13B23-285_D1,4
CGCTATTCAATGTATG-1_V13B23-285_D1,4
CGCTATTCTTAGGCTC-1_V13B23-285_D1,4
CGCTCGACATAATGAT-1_V13B23-285_D1,4
CGCTCTCCGTAGATTA-1_V13B23-285_D1,6
CGCTGGTGACTACCCT-1_V13B23-285_D1,7
CGCTGTGACGCCGCAC-1_V13B23-285_D1,4
CGCTGTGTGGATGTTG-1_V13B23-285_D1,6
CGCTTATTCCCGGTCG-1_V13B23-285_D1,6
CGCTTCCACTGAAATC-1_V13B23-285_D1,4
CGCTTCGGTCTAAGAC-1_V13B23-285_D1,7
CGCTTGGACGGATAGA-1_V13B23-285_D1,7
CGCTTTCATACCGGTG-1_V13B23-285_D1,10
CGCTTTCTTGCATTCG-1_V13B23-285_D1,11
CGGAAAGAATCAAACG-1_V13B23-285_D1,6
CGGAACGTAAACATAG-1_V13B23-285_D1,6
CGGAGCAATTTAATCG-1_V13B23-285_D1,1
CGGAGCATGGCGATCC-1_V13B23-285_D1,7
CGGAGCTTATAACACC-1_V13B23-285_D1,8
CGGAGTTTGAGAGACA-1_V13B23-285_D1,4
CGGATAAGCGGACATG-1_V13B23-285_D1,6
CGGATCCTCAAGGACT-1_V13B23-285_D1,7
CGGCAAACATCGTGCG-1_V13B23-285_D1,7
CGGCAATAAGATCGCC-1_V13B23-285_D1,7
CGGCACCGTTAGCGCC-1_V13B23-285_D1,12
CGGCACTCAAGAAAGT-1_V13B23-285_D1,4
CGGCAGGGTCGGGTTG-1_V13B23-285_D1,11
CGGCCACGCACAAAGT-1_V13B23-285_D1,4
CGGCCCAACCTGTAGT-1_V13B23-285_D1,11
CGGCCCAGGTATATCC-1_V13B23-285_D1,7
CGGCGCCATCAATCCC-1_V13B23-285_D1,7
CGGCTCTAAAGCTGCA-1_V13B23-285_D1,7
CGGCTCTTCGTCGAAC-1_V13B23-285_D1,8
CGGGAATATAGTATAC-1_V13B23-285_D1,7
CGGGAATTTATGTAAA-1_V13B23-285_D1,7
CGGGAGCTTCAGTGTA-1_V13B23-285_D1,7
CGGGAGTATACCGCCG-1_V13B23-285_D1,6
CGGGATCAATGTAAGA-1_V13B23-285_D1,4
CGGGCAGCTAAACCGC-1_V13B23-285_D1,3
CGGGCCATAGCCGCAC-1_V13B23-285_D1,4
CGGGCCTTCTTTGTAA-1_V13B23-285_D1,4
CGGGTGTACCCATTTA-1_V13B23-285_D1,11
CGGGTTTGTTAGGGCT-1_V13B23-285_D1,7
CGGTACTAGAATCAAA-1_V13B23-285_D1,7
CGGTAGAGGTGCAGGT-1_V13B23-285_D1,9
CGGTATAGGTATTAGC-1_V13B23-285_D1,3
CGGTCAAGTGGGAACC-1_V13B23-285_D1,6
CGGTCAGTCCATATTT-1_V13B23-285_D1,7
CGGTCCATGAGACTCC-1_V13B23-285_D1,2
CGGTCCGTCGCAAGCC-1_V13B23-285_D1,6
CGGTCTATCAACCCGT-1_V13B23-285_D1,10
CGGTGAAGACTAAAGT-1_V13B23-285_D1,11
CGGTGCAGATAGAACG-1_V13B23-285_D1,6
CGGTGCGCGTTGGTCC-1_V13B23-285_D1,6
CGGTGGGCTCCAGCCT-1_V13B23-285_D1,11
CGGTGTACTTGATCCC-1_V13B23-285_D1,4
CGGTTATCCAACAGTG-1_V13B23-285_D1,11
CGGTTCAAGTAGGTGT-1_V13B23-285_D1,11
CGGTTCCGGCTTCTTG-1_V13B23-285_D1,10
CGGTTGACCTGGCATA-1_V13B23-285_D1,11
CGTAAACGCTTGAGTG-1_V13B23-285_D1,4
CGTACCTGATAGGCCT-1_V13B23-285_D1,9
CGTAGCGAATTGTCAG-1_V13B23-285_D1,5
CGTATCTAGAACTAAG-1_V13B23-285_D1,7
CGTATTAAGAGATCTA-1_V13B23-285_D1,4
CGTATTGTTTCCTAAT-1_V13B23-285_D1,11
CGTCAAATGGTCGCAG-1_V13B23-285_D1,2
CGTCAAGGCTATAAAT-1_V13B23-285_D1,6
CGTCACGTCCATTGGT-1_V13B23-285_D1,4
CGTCAGTGCGCACAAG-1_V13B23-285_D1,8
CGTCATACCATATCCA-1_V13B23-285_D1,4
CGTCGCATGTGAGCCA-1_V13B23-285_D1,7
CGTCGGATAGTGTTGA-1_V13B23-285_D1,11
CGTCGGGTCTAAGCGC-1_V13B23-285_D1,6
CGTCGTCCTTCGCGAA-1_V13B23-285_D1,7
CGTCTGGAAGGGCCCG-1_V13B23-285_D1,10
CGTCTTGAGTGTGACG-1_V13B23-285_D1,7
CGTGAAGTTAATTCAC-1_V13B23-285_D1,4
CGTGACATTGGGTCGT-1_V13B23-285_D1,10
CGTGACCAGTCCTCTG-1_V13B23-285_D1,4
CGTGCAGACTGGGACA-1_V13B23-285_D1,7
CGTGCATTGTCGACGC-1_V13B23-285_D1,11
CGTGCCCTCCCGAAGA-1_V13B23-285_D1,7
CGTGCTGGCCTAGTCG-1_V13B23-285_D1,6
CGTGGAAGCCTCGTAC-1_V13B23-285_D1,7
CGTGGCCGAATATCTA-1_V13B23-285_D1,7
CGTGTATGGGAGCTGA-1_V13B23-285_D1,3
CGTGTCCCATTCGCGA-1_V13B23-285_D1,4
CGTGTCTCGTTACGAC-1_V13B23-285_D1,6
CGTGTGTTAAACCCTG-1_V13B23-285_D1,11
CGTTAAACTAGTTAGG-1_V13B23-285_D1,7
CGTTAATGTCCCGACG-1_V13B23-285_D1,7
CGTTAGCTCACAACTG-1_V13B23-285_D1,10
CGTTCATGGTGCGCGT-1_V13B23-285_D1,6
CGTTCTTCGCACACCT-1_V13B23-285_D1,11
CGTTGAATACCGCGCT-1_V13B23-285_D1,7
CGTTGAGCGACCGTCG-1_V13B23-285_D1,7
CGTTGAGTAATTGCGT-1_V13B23-285_D1,9
CGTTGTAAGATTGATT-1_V13B23-285_D1,2
CGTTGTCGGCAATTGA-1_V13B23-285_D1,6
CGTTGTTTCAATTCCC-1_V13B23-285_D1,6
CGTTTAAGCGGAGCAC-1_V13B23-285_D1,10
CGTTTACAAGGCAGCT-1_V13B23-285_D1,2
CGTTTCACTTCGGGCG-1_V13B23-285_D1,11
CGTTTCGCTCATTACA-1_V13B23-285_D1,4
CGTTTGGTGTTGTGGG-1_V13B23-285_D1,7
CGTTTGTGTAGAGGGT-1_V13B23-285_D1,6
CTAAAGAATGCCTACT-1_V13B23-285_D1,6
CTAAAGGGAAATAGGA-1_V13B23-285_D1,4
CTAAATCCGGTGTACA-1_V13B23-285_D1,6
CTAAATCCTATTCCGG-1_V13B23-285_D1,11
CTAACCGCGCGCCCGT-1_V13B23-285_D1,4
CTAACGAAACTTGCTG-1_V13B23-285_D1,11
CTAACTGATAATCGCC-1_V13B23-285_D1,7
CTAACTGGTCCGGTTC-1_V13B23-285_D1,6
CTAAGGGAATGATTGG-1_V13B23-285_D1,7
CTAATTCGCACGCGCT-1_V13B23-285_D1,4
CTAATTCTCAGATATT-1_V13B23-285_D1,11
CTAATTTCAACAACAC-1_V13B23-285_D1,4
CTACAAGAAATAACCC-1_V13B23-285_D1,6
CTACACTCGCAGATGG-1_V13B23-285_D1,7
CTACCCTAAGGTCATA-1_V13B23-285_D1,11
CTACGACTAGCTATAA-1_V13B23-285_D1,4
CTACGCACGGAGTACC-1_V13B23-285_D1,4
CTACGCCATTTCCGAT-1_V13B23-285_D1,5
CTACTATCATAGGTTT-1_V13B23-285_D1,6
CTACTATCTTTCAGAG-1_V13B23-285_D1,11
CTACTCAAGGTATAGT-1_V13B23-285_D1,6
CTACTCTAGGCCCGGC-1_V13B23-285_D1,4
CTACTGCCACCTGACC-1_V13B23-285_D1,6
CTAGACTGCATTTCGT-1_V13B23-285_D1,8
CTAGATGTGAGTGTAA-1_V13B23-285_D1,11
CTAGATTTACGACGGC-1_V13B23-285_D1,7
CTAGCATAGTATAATG-1_V13B23-285_D1,4
CTAGCCACAGGCGAGC-1_V13B23-285_D1,7
CTAGCCGATGTTATGA-1_V13B23-285_D1,11
CTAGCTTAATGGTCCC-1_V13B23-285_D1,7
CTAGGCGCCCTATCAG-1_V13B23-285_D1,7
CTAGGTCTGAAGGAAT-1_V13B23-285_D1,11
CTAGGTTCGGACGTGA-1_V13B23-285_D1,1
CTAGTAGAAAGGGATT-1_V13B23-285_D1,7
CTAGTATTCGGAATTA-1_V13B23-285_D1,10
CTAGTCACGTCTTAAG-1_V13B23-285_D1,7
CTAGTGAAGGACAGGA-1_V13B23-285_D1,6
CTAGTTACAACCCGGT-1_V13B23-285_D1,7
CTAGTTGGGCCCGGTA-1_V13B23-285_D1,6
CTATAAGAGCCAATCG-1_V13B23-285_D1,11
CTATCGACGAAATACA-1_V13B23-285_D1,7
CTATCGCGTAGAGAAC-1_V13B23-285_D1,7
CTATCGGGTCTCAACA-1_V13B23-285_D1,4
CTATGCCCGAATGCAA-1_V13B23-285_D1,12
CTATGGGAAGCGGAAT-1_V13B23-285_D1,7
CTATGTCACTAGCCCA-1_V13B23-285_D1,6
CTATGTCTATTGAAAC-1_V13B23-285_D1,8
CTATGTGAGTCACGGC-1_V13B23-285_D1,6
CTATTCATGTGTCCCA-1_V13B23-285_D1,1
CTATTGTGTTTGGTCA-1_V13B23-285_D1,11
CTATTTGGTTACGGAT-1_V13B23-285_D1,11
CTCAACTAACCCGGAT-1_V13B23-285_D1,7
CTCAAGACATTAGCGC-1_V13B23-285_D1,11
CTCACACGCAAGCCTA-1_V13B23-285_D1,2
CTCACATTTACTAAAT-1_V13B23-285_D1,4
CTCACTGTGATACTTA-1_V13B23-285_D1,7
CTCACTTGGCTGGTAA-1_V13B23-285_D1,11
CTCAGGACTCACCTGT-1_V13B23-285_D1,4
CTCAGTCACGACAAAT-1_V13B23-285_D1,1
CTCATCACTTAGTGAT-1_V13B23-285_D1,11
CTCATGGTAATTTGCG-1_V13B23-285_D1,6
CTCATTAACGTTGCCC-1_V13B23-285_D1,11
CTCATTGCTCTAACAA-1_V13B23-285_D1,7
CTCATTTGATGGGCGG-1_V13B23-285_D1,12
CTCCCAATGAGTCGCG-1_V13B23-285_D1,7
CTCCCTCCTTTCGATC-1_V13B23-285_D1,11
CTCCGCCCACATGAGG-1_V13B23-285_D1,6
CTCCGGCCTAATATGC-1_V13B23-285_D1,4
CTCCGGCTTGTAGACA-1_V13B23-285_D1,4
CTCCTAAGTTATGTCT-1_V13B23-285_D1,4
CTCCTCCAGCTCACAC-1_V13B23-285_D1,6
CTCCTGTTCAAGGCAG-1_V13B23-285_D1,7
CTCCTTTACGCAAGTC-1_V13B23-285_D1,11
CTCGAGGTCGAACAGT-1_V13B23-285_D1,6
CTCGATATTTGCGAGC-1_V13B23-285_D1,11
CTCGCACCTATATAGT-1_V13B23-285_D1,9
CTCGCATTGCATAGCC-1_V13B23-285_D1,6
CTCGCCGAATGTAGGG-1_V13B23-285_D1,4
CTCGGGATAACACCTA-1_V13B23-285_D1,11
CTCGGTACCACTGCTC-1_V13B23-285_D1,7
CTCGGTCCGTAGCCTG-1_V13B23-285_D1,4
CTCGGTTGTCGGCCCT-1_V13B23-285_D1,6
CTCGTCGAGGGCTCAT-1_V13B23-285_D1,6
CTCGTTTCTAATGTTT-1_V13B23-285_D1,11
CTCTAATGCATTGATC-1_V13B23-285_D1,11
CTCTACACTGGCGATT-1_V13B23-285_D1,11
CTCTAGCCCTCGGAAA-1_V13B23-285_D1,7
CTCTATTTGGCTGCAG-1_V13B23-285_D1,7
CTCTCACAATCGATGA-1_V13B23-285_D1,6
CTCTCTAACTGCCTAG-1_V13B23-285_D1,6
CTCTGCGAAGCAAGCA-1_V13B23-285_D1,8
CTCTGGACGCCTGGTG-1_V13B23-285_D1,6
CTCTGTTTGAGGATTC-1_V13B23-285_D1,10
CTCTTCTATTGACTGG-1_V13B23-285_D1,3
CTCTTGTCCCGCTTGG-1_V13B23-285_D1,11
CTGAAAGAGATCCGAC-1_V13B23-285_D1,10
CTGAATCCGAGACCTC-1_V13B23-285_D1,4
CTGAATTTATTGCCAG-1_V13B23-285_D1,11
CTGACATAGAAATAGA-1_V13B23-285_D1,7
CTGACTGCGCAGCTCG-1_V13B23-285_D1,11
CTGAGAAAGTTCGGCG-1_V13B23-285_D1,7
CTGAGAGTAGAAATAC-1_V13B23-285_D1,7
CTGAGCAAGTAACAAG-1_V13B23-285_D1,4
CTGAGCGAGACTTATT-1_V13B23-285_D1,11
CTGATAGTGTATCTCA-1_V13B23-285_D1,6
CTGCAAGCACGTTCCG-1_V13B23-285_D1,7
CTGCACAACTACATAT-1_V13B23-285_D1,7
CTGCACCTAGTCCACA-1_V13B23-285_D1,11
CTGCACCTGGAACCGC-1_V13B23-285_D1,10
CTGCACTCCAGTACAG-1_V13B23-285_D1,7
CTGCAGAGAATCAGAG-1_V13B23-285_D1,7
CTGCCAAGGTTGGAAG-1_V13B23-285_D1,10
CTGCCATGCATCACAT-1_V13B23-285_D1,4
CTGCCTAGCCACCAAG-1_V13B23-285_D1,8
CTGCCTCATATGCAAC-1_V13B23-285_D1,11
CTGCCTTTCTAGTAAA-1_V13B23-285_D1,7
CTGCGGGTGAAATGTT-1_V13B23-285_D1,4
CTGCGGTAGTCACGTG-1_V13B23-285_D1,9
CTGCGTTACGATATAA-1_V13B23-285_D1,10
CTGCTGAGGCCACGAA-1_V13B23-285_D1,6
CTGCTGTCTAACGAGC-1_V13B23-285_D1,7
CTGCTTGGCGATAGCT-1_V13B23-285_D1,7
CTGCTTTATGTCCGCG-1_V13B23-285_D1,11
CTGGAAATGGATGCTT-1_V13B23-285_D1,4
CTGGAAGACACGGTGG-1_V13B23-285_D1,7
CTGGACGCAGTCCGGC-1_V13B23-285_D1,11
CTGGATTTACACTTGA-1_V13B23-285_D1,4
CTGGCATCCGAATGAG-1_V13B23-285_D1,6
CTGGCGACATAAGTCC-1_V13B23-285_D1,10
CTGGCGCACAGGTCTG-1_V13B23-285_D1,1
CTGGCGGGAATAAGTA-1_V13B23-285_D1,4
CTGGCTGATTCATCCT-1_V13B23-285_D1,7
CTGGCTGGTTGTCAGT-1_V13B23-285_D1,11
CTGGGATAAATAATGG-1_V13B23-285_D1,7
CTGGGATACGCTACCC-1_V13B23-285_D1,11
CTGGGCCTGCTATATC-1_V13B23-285_D1,6
CTGGGTAGGCAGTTAA-1_V13B23-285_D1,7
CTGGTAAAGTGTGGGC-1_V13B23-285_D1,7
CTGGTAACACATAGAA-1_V13B23-285_D1,7
CTGGTAACGAGCTCTT-1_V13B23-285_D1,11
CTGGTCATTCCAATCC-1_V13B23-285_D1,6
CTGGTTCGCGAGCTAC-1_V13B23-285_D1,7
CTGGTTTCGAGCAAGA-1_V13B23-285_D1,7
CTGTACTTCTTAGCAT-1_V13B23-285_D1,6
CTGTAGCCATCTCACT-1_V13B23-285_D1,6
CTGTATGGTGTAGAAA-1_V13B23-285_D1,4
CTGTCAAATGGCTCGG-1_V13B23-285_D1,12
CTGTCACGCCAGGCGC-1_V13B23-285_D1,8
CTGTGCAGGGTAGGTC-1_V13B23-285_D1,7
CTGTGGTCGGGAGATA-1_V13B23-285_D1,7
CTGTTACCCAATCTAG-1_V13B23-285_D1,4
CTGTTCACTGCCTGTG-1_V13B23-285_D1,4
CTGTTCATCTCACGGG-1_V13B23-285_D1,4
CTTAACTTCGAAGTAC-1_V13B23-285_D1,8
CTTACACGGTATTCCA-1_V13B23-285_D1,4
CTTACACTGGGAAATA-1_V13B23-285_D1,12
CTTACTGACTCCTCTG-1_V13B23-285_D1,7
CTTAGCCTTCCACATG-1_V13B23-285_D1,1
CTTAGGTCCCAATCGT-1_V13B23-285_D1,11
CTTAGTAGGCCTACAG-1_V13B23-285_D1,11
CTTAGTGTAGTAGCAT-1_V13B23-285_D1,7
CTTATAGATGGCTGTT-1_V13B23-285_D1,7
CTTATGTTGACTACCA-1_V13B23-285_D1,4
CTTCAACTCCACTTGG-1_V13B23-285_D1,7
CTTCAGTGGTCGCCTA-1_V13B23-285_D1,6
CTTCATAGCTCAAGAA-1_V13B23-285_D1,4
CTTCATTGTCAGTGGA-1_V13B23-285_D1,4
CTTCCGCTCCGTGAAG-1_V13B23-285_D1,6
CTTCGGCCAATTGTTT-1_V13B23-285_D1,7
CTTCGTAGATAGGTGA-1_V13B23-285_D1,6
CTTCTATGTTGAAGTA-1_V13B23-285_D1,6
CTTCTATTAATGCTAG-1_V13B23-285_D1,4
CTTCTTACGTCGTATA-1_V13B23-285_D1,10
CTTGACCCGAAAGATA-1_V13B23-285_D1,8
CTTGAGGTTATCCCGA-1_V13B23-285_D1,4
CTTGAGTTAGGGTAAT-1_V13B23-285_D1,7
CTTGCAACCGCCTCCT-1_V13B23-285_D1,11
CTTGCCCAGGCTCTAC-1_V13B23-285_D1,4
CTTGGCCAAGCTGGGA-1_V13B23-285_D1,6
CTTGTACTTGTTGACT-1_V13B23-285_D1,4
CTTGTCAACATTCGAG-1_V13B23-285_D1,7
CTTGTGAGTCTTTGAC-1_V13B23-285_D1,8
CTTGTGCTCACCGATT-1_V13B23-285_D1,7
CTTGTTGCTGAGTCAA-1_V13B23-285_D1,7
CTTGTTTATGTAGCCA-1_V13B23-285_D1,4
CTTTAACTTTCAAAGG-1_V13B23-285_D1,12
CTTTAATATTGGTCGA-1_V13B23-285_D1,7
CTTTACCGAATAGTAG-1_V13B23-285_D1,7
CTTTAGGAACACTGTT-1_V13B23-285_D1,7
CTTTAGTGCTATTATT-1_V13B23-285_D1,4
CTTTCTGTGCGGGCTT-1_V13B23-285_D1,7
CTTTGCATCGCTCTTG-1_V13B23-285_D1,7
CTTTGCTGTCATGGAT-1_V13B23-285_D1,7
CTTTGGCGCTTTATAC-1_V13B23-285_D1,4
CTTTGGCTTTAGTAAA-1_V13B23-285_D1,6
CTTTGGGATTGTTGCA-1_V13B23-285_D1,6
GAAACAGATGACCACC-1_V13B23-285_D1,7
GAAACAGCCATGCAGT-1_V13B23-285_D1,5
GAAACATAGGAAACAG-1_V13B23-285_D1,9
GAAACCATGGTGCGCT-1_V13B23-285_D1,11
GAAACCGAATTACCTT-1_V13B23-285_D1,4
GAAACCTATACAAATG-1_V13B23-285_D1,9
GAAACTCGTGCGATGC-1_V13B23-285_D1,4
GAAACTCTAATGAAGG-1_V13B23-285_D1,5
GAAAGAACAGCGTTAT-1_V13B23-285_D1,4
GAAAGCAGTGCACTTT-1_V13B23-285_D1,4
GAAAGCCCTTTGGACC-1_V13B23-285_D1,11
GAAAGTGACTAACTGC-1_V13B23-285_D1,4
GAAATACCTGCTGGCT-1_V13B23-285_D1,8
GAAATACTAAACGTTT-1_V13B23-285_D1,4
GAAATATCACCATCAG-1_V13B23-285_D1,6
GAAATATGCTTGAATG-1_V13B23-285_D1,11
GAAATCGCGCGCAACT-1_V13B23-285_D1,10
GAAATGGCGGTGTTAG-1_V13B23-285_D1,4
GAAATGGGATGTAAAC-1_V13B23-285_D1,4
GAAATTAGCACGGATA-1_V13B23-285_D1,11
GAAATTCACATCGCTG-1_V13B23-285_D1,10
GAAATTGTCTCTATAA-1_V13B23-285_D1,4
GAACACACATCAACCA-1_V13B23-285_D1,12
GAACAGATTACTAAAT-1_V13B23-285_D1,7
GAACCCTCTGTGTTCT-1_V13B23-285_D1,1
GAACCTTTAACGATCC-1_V13B23-285_D1,7
GAACGACCGAATGATA-1_V13B23-285_D1,10
GAACGATAAGTTAAAG-1_V13B23-285_D1,11
GAACGCGGGTCACACG-1_V13B23-285_D1,7
GAACGTCTCATGGTCG-1_V13B23-285_D1,11
GAACTTGTGCACGGGA-1_V13B23-285_D1,2
GAAGAAACGATATTGT-1_V13B23-285_D1,6
GAAGAACGGTGCAGGT-1_V13B23-285_D1,4
GAAGCCTGCACATTCC-1_V13B23-285_D1,3
GAAGCGTGAGGAATTT-1_V13B23-285_D1,4
GAAGCTCGGACCCGTC-1_V13B23-285_D1,6
GAAGCTTGCTGACCGC-1_V13B23-285_D1,4
GAAGGCTACCATTGTT-1_V13B23-285_D1,11
GAAGTCAGTTGCACTA-1_V13B23-285_D1,1
GAAGTCTCCCTAGCGA-1_V13B23-285_D1,1
GAAGTGATTTATCGTG-1_V13B23-285_D1,6
GAAGTGCTGGATAGCT-1_V13B23-285_D1,10
GAAGTTTCCACTCAAT-1_V13B23-285_D1,6
GAATAGACGCGACCCA-1_V13B23-285_D1,7
GAATAGCATTTAGGGT-1_V13B23-285_D1,7
GAATAGCCCTGCGGTC-1_V13B23-285_D1,11
GAATAGTGCTCGATTA-1_V13B23-285_D1,6
GAATATTCGGAGTCCC-1_V13B23-285_D1,5
GAATCGACATGGTCAC-1_V13B23-285_D1,4
GAATCGCCGGACACGG-1_V13B23-285_D1,8
GAATCTGAACATTCTC-1_V13B23-285_D1,4
GAATGAAGGTCTTCAG-1_V13B23-285_D1,2
GAATGCCGAAATGACC-1_V13B23-285_D1,6
GAATGCGAATCGGTTC-1_V13B23-285_D1,7
GAATGTATGGCAGGTC-1_V13B23-285_D1,10
GAATGTGGTCCGGATT-1_V13B23-285_D1,7
GAATGTTGGGTAATCT-1_V13B23-285_D1,1
GAATTATAGTGAAAGG-1_V13B23-285_D1,4
GAATTCACCCGGGTGT-1_V13B23-285_D1,4
GAATTTCTCGCTGCAG-1_V13B23-285_D1,4
GACAAACATATGCAGG-1_V13B23-285_D1,7
GACAACGACCATTGAA-1_V13B23-285_D1,9
GACAACGCAGCTTACG-1_V13B23-285_D1,4
GACAAGAGATGAGATT-1_V13B23-285_D1,7
GACACAAGGGAAGAAA-1_V13B23-285_D1,11
GACACGAGTTAGAGGA-1_V13B23-285_D1,4
GACACTGAGTTCAGTG-1_V13B23-285_D1,6
GACACTGGAACCCGAT-1_V13B23-285_D1,7
GACAGCCAGACCTGAC-1_V13B23-285_D1,7
GACAGGCACACACTAT-1_V13B23-285_D1,4
GACATCGATTTATAAC-1_V13B23-285_D1,4
GACCAAACGTTGACTG-1_V13B23-285_D1,7
GACCAGAGCCCTGTAG-1_V13B23-285_D1,4
GACCCAATTATGATAC-1_V13B23-285_D1,6
GACCCGTCGCCGGCTA-1_V13B23-285_D1,8
GACCGACGTGAAAGCA-1_V13B23-285_D1,9
GACCGACTGAAGCGTC-1_V13B23-285_D1,11
GACCGCGTCTGACGTG-1_V13B23-285_D1,7
GACCGTCAGGTCGTGA-1_V13B23-285_D1,10
GACCGTGCTGACGGTG-1_V13B23-285_D1,6
GACGACGATCCGCGTT-1_V13B23-285_D1,7
GACGAGGCTAATAAAC-1_V13B23-285_D1,7
GACGCCGTAAAGGCTA-1_V13B23-285_D1,9
GACGCCTGTTGCAGGG-1_V13B23-285_D1,4
GACGCTTGCTTCTAAA-1_V13B23-285_D1,6
GACGGGTTGGCCCGTA-1_V13B23-285_D1,4
GACGGTCAATAGAAGC-1_V13B23-285_D1,11
GACGGTCCTAGGGTGT-1_V13B23-285_D1,7
GACGTGTAGGGATTAT-1_V13B23-285_D1,4
GACGTTCGTAAATACA-1_V13B23-285_D1,11
GACTAACACAGCACCT-1_V13B23-285_D1,8
GACTAAGATCATGCAC-1_V13B23-285_D1,9
GACTAAGTAGGCTCAC-1_V13B23-285_D1,4
GACTACAAAGCGGTGG-1_V13B23-285_D1,6
GACTACAATTGCTCGT-1_V13B23-285_D1,8
GACTCACCCACGTGAG-1_V13B23-285_D1,7
GACTCCCAGAATAAGG-1_V13B23-285_D1,11
GACTCGCGGGAATGAC-1_V13B23-285_D1,11
GACTGCAAATCGAGCT-1_V13B23-285_D1,7
GACTGCACCAGCCCAG-1_V13B23-285_D1,7
GACTGCGGCACGTGTA-1_V13B23-285_D1,6
GAGAAACTGGATCCCA-1_V13B23-285_D1,7
GAGAACGGTTCTGACT-1_V13B23-285_D1,7
GAGACTGATGGGTAGA-1_V13B23-285_D1,4
GAGACTTCGCGACCGA-1_V13B23-285_D1,4
GAGAGGCCTATGTGTA-1_V13B23-285_D1,7
GAGAGGGCGCGAGGTT-1_V13B23-285_D1,6
GAGAGGTGCATTCTGG-1_V13B23-285_D1,6
GAGATCTGCTTGGCAT-1_V13B23-285_D1,6
GAGATCTGTCACTCCG-1_V13B23-285_D1,11
GAGATCTTCCATGACA-1_V13B23-285_D1,7
GAGATGACAATCCTTA-1_V13B23-285_D1,11
GAGATGGGAGTCGACA-1_V13B23-285_D1,7
GAGCACCTGTGTCCAG-1_V13B23-285_D1,7
GAGCACGGCGCCTCTT-1_V13B23-285_D1,7
GAGCATCATCCCTGGG-1_V13B23-285_D1,4
GAGCCAGCTACCTGTG-1_V13B23-285_D1,7
GAGCCGAGCGTTTATT-1_V13B23-285_D1,9
GAGCGAGGGAGTACCG-1_V13B23-285_D1,10
GAGCGCAAATACTCCG-1_V13B23-285_D1,7
GAGCGCGCACGAGTAG-1_V13B23-285_D1,7
GAGCTAAGGGCATATC-1_V13B23-285_D1,11
GAGCTCTCGGACCTAA-1_V13B23-285_D1,4
GAGCTGTCGTCTCGGA-1_V13B23-285_D1,11
GAGGAATGGAGAGGTT-1_V13B23-285_D1,4
GAGGATAAACAGTGCT-1_V13B23-285_D1,7
GAGGCATTTGCAGCAG-1_V13B23-285_D1,2
GAGGCCCGACTCCGCA-1_V13B23-285_D1,6
GAGGCCTGTTGATACA-1_V13B23-285_D1,7
GAGGCTATCAAAGTCG-1_V13B23-285_D1,11
GAGGGCATCGCGTATC-1_V13B23-285_D1,4
GAGGGCCATAATATTA-1_V13B23-285_D1,2
GAGGGCGCAGCTCTGC-1_V13B23-285_D1,11
GAGGTACATCCATCTT-1_V13B23-285_D1,5
GAGGTCCCAAAGATCT-1_V13B23-285_D1,4
GAGTAAACCGGAAAGT-1_V13B23-285_D1,7
GAGTAAATTAAGAACC-1_V13B23-285_D1,7
GAGTAAGGCCACGGGA-1_V13B23-285_D1,6
GAGTACGGGTATACAA-1_V13B23-285_D1,9
GAGTAGATACTAGTTG-1_V13B23-285_D1,4
GAGTATCAAAGTTACA-1_V13B23-285_D1,7
GAGTATGCCCGCCTTG-1_V13B23-285_D1,4
GAGTATGCGCGTGCAT-1_V13B23-285_D1,7
GAGTCAGACCAGAATC-1_V13B23-285_D1,6
GAGTCCGCTTACCGGA-1_V13B23-285_D1,4
GAGTGCACGGACAACA-1_V13B23-285_D1,6
GAGTGTCAACCAGAAA-1_V13B23-285_D1,7
GAGTGTGCGGTACCCA-1_V13B23-285_D1,7
GAGTTGATGGCAATTT-1_V13B23-285_D1,11
GATAAATCGGTGGATG-1_V13B23-285_D1,4
GATAACTCGCACTGTG-1_V13B23-285_D1,7
GATAAGGCAGATGCAA-1_V13B23-285_D1,9
GATACCGTGTCGGAGT-1_V13B23-285_D1,7
GATACGATGGGAGTCA-1_V13B23-285_D1,6
GATAGGATTAATTACA-1_V13B23-285_D1,7
GATAGGTAACGTTGAC-1_V13B23-285_D1,4
GATAGGTGTCCCGGGC-1_V13B23-285_D1,7
GATATCTCATGCAATA-1_V13B23-285_D1,10
GATATGAGACACTAAC-1_V13B23-285_D1,7
GATATGCGGTAGCCAA-1_V13B23-285_D1,11
GATATGGATTACGCGG-1_V13B23-285_D1,6
GATATTGAGATTGGCG-1_V13B23-285_D1,11
GATATTTCCTACATGG-1_V13B23-285_D1,10
GATCATTCCAAACATT-1_V13B23-285_D1,4
GATCCCTTTATACTGC-1_V13B23-285_D1,6
GATCCGAATATAAGTG-1_V13B23-285_D1,11
GATCCGGGAATTAACA-1_V13B23-285_D1,7
GATCCTAAATCGGGAC-1_V13B23-285_D1,11
GATCCTCGACACTGGC-1_V13B23-285_D1,6
GATCCTCTTGCGCTTA-1_V13B23-285_D1,8
GATCGACACTATCTGA-1_V13B23-285_D1,4
GATCGCGGGCTCTCCA-1_V13B23-285_D1,4
GATCGCTACCCGATTT-1_V13B23-285_D1,7
GATCGGTGGCCATAAC-1_V13B23-285_D1,9
GATCGTGACTGATATC-1_V13B23-285_D1,7
GATCTCGACGCTGTGG-1_V13B23-285_D1,7
GATCTGCTATCTAAGG-1_V13B23-285_D1,4
GATCTTGGAGGGCATA-1_V13B23-285_D1,7
GATCTTTGCAGGGTAT-1_V13B23-285_D1,6
GATGACAAGTAGGGCA-1_V13B23-285_D1,3
GATGACGATGATCGCG-1_V13B23-285_D1,2
GATGCCAGCAGAAGGC-1_V13B23-285_D1,6
GATGCCTTCTGCGGCA-1_V13B23-285_D1,6
GATGCGTCCTGCATTC-1_V13B23-285_D1,4
GATGCTACAAGCGCCT-1_V13B23-285_D1,4
GATGCTGTATTTCATC-1_V13B23-285_D1,7
GATGGCGCACACATTA-1_V13B23-285_D1,4
GATGGTGCCCTAGGCA-1_V13B23-285_D1,8
GATGTAACGAACCACC-1_V13B23-285_D1,11
GATGTCGGTCAACTGC-1_V13B23-285_D1,8
GATGTTCAATCCACGA-1_V13B23-285_D1,6
GATGTTTGTGCGAGAT-1_V13B23-285_D1,4
GATTAACCGAAAGCCC-1_V13B23-285_D1,7
GATTACTGAATTTGGG-1_V13B23-285_D1,6
GATTCCCTTGTCGCAG-1_V13B23-285_D1,6
GATTCCGCGTTTCCGT-1_V13B23-285_D1,10
GATTCCTATACGGCGC-1_V13B23-285_D1,4
GATTCGACGGTTCACG-1_V13B23-285_D1,7
GCAAACCCTACATTAT-1_V13B23-285_D1,7
GCAAACCTTGGCCATA-1_V13B23-285_D1,4
GCAAACGTCGCCAGGT-1_V13B23-285_D1,7
GCAAATATTACGCTTT-1_V13B23-285_D1,6
GCAACACACTAGAACT-1_V13B23-285_D1,6
GCAACAGCAGTATGCG-1_V13B23-285_D1,7
GCAACCACCAGACCGG-1_V13B23-285_D1,10
GCAACCACGGCCGCGT-1_V13B23-285_D1,6
GCAACGGCTAGTTATG-1_V13B23-285_D1,7
GCAAGAATTCCTTGGC-1_V13B23-285_D1,6
GCAAGATGTGTTCGCG-1_V13B23-285_D1,8
GCAAGTGCACAGAGAA-1_V13B23-285_D1,4
GCAATTAGTCGCACCG-1_V13B23-285_D1,11
GCACAAACGAGGCGTG-1_V13B23-285_D1,7
GCACAAGTGTCGGAAG-1_V13B23-285_D1,8
GCACACACTGGTAGCC-1_V13B23-285_D1,7
GCACCTTCCCGAAGGT-1_V13B23-285_D1,7
GCACGCCTACTTAGAT-1_V13B23-285_D1,6
GCACGTGGTTTACTTA-1_V13B23-285_D1,7
GCACTAGTCGCGCTAT-1_V13B23-285_D1,10
GCACTGTGCAAATGTA-1_V13B23-285_D1,8
GCAGAAGGTAATCTCC-1_V13B23-285_D1,7
GCAGACCCAGCACGTA-1_V13B23-285_D1,7
GCAGATCCATAAGACT-1_V13B23-285_D1,7
GCAGATTAGGGATATC-1_V13B23-285_D1,4
GCAGCACACAGCCCAG-1_V13B23-285_D1,6
GCAGCCTATATCACAT-1_V13B23-285_D1,11
GCAGCTATGGACAGGT-1_V13B23-285_D1,2
GCAGGAACTTAGATCT-1_V13B23-285_D1,6
GCAGGACTATAGAATA-1_V13B23-285_D1,6
GCAGGTAGAGTATGGT-1_V13B23-285_D1,11
GCAGTGCGGGCGGATG-1_V13B23-285_D1,7
GCAGTGTGGCTATAGG-1_V13B23-285_D1,7
GCAGTTCGATCCGAGC-1_V13B23-285_D1,7
GCATACGAGGTCTTTA-1_V13B23-285_D1,11
GCATAGAGCACTCAGG-1_V13B23-285_D1,4
GCATCCCTAACTTTGA-1_V13B23-285_D1,4
GCATCGGCCGTGTAGG-1_V13B23-285_D1,7
GCATGAGGGACGCGGC-1_V13B23-285_D1,11
GCATTCAAGGCAACGC-1_V13B23-285_D1,11
GCATTCGAAATGAACA-1_V13B23-285_D1,6
GCATTGTAATTCATAT-1_V13B23-285_D1,11
GCATTTCCAAGGCTCC-1_V13B23-285_D1,11
GCCAACCATTTCCGGA-1_V13B23-285_D1,11
GCCAATAGGGCATCTC-1_V13B23-285_D1,11
GCCACAATTTAAGGAC-1_V13B23-285_D1,6
GCCACTCAGAGCGCGA-1_V13B23-285_D1,7
GCCACTCCTTACGGTA-1_V13B23-285_D1,7
GCCAGGAGTAACCGAT-1_V13B23-285_D1,1
GCCAGGCGTTCGCATG-1_V13B23-285_D1,8
GCCATATTGCACACAG-1_V13B23-285_D1,6
GCCATCGAGCTGCGTG-1_V13B23-285_D1,4
GCCATCGATGCTGCAT-1_V13B23-285_D1,11
GCCCACCAAGGCTGTC-1_V13B23-285_D1,4
GCCCAGATGCTGGAGA-1_V13B23-285_D1,11
GCCCAGTTGGTATGCC-1_V13B23-285_D1,4
GCCCGACTTCTTCCCG-1_V13B23-285_D1,6
GCCCGATCTGTGGTCG-1_V13B23-285_D1,1
GCCCGCGCGTAAACGG-1_V13B23-285_D1,4
GCCCGCGCGTTTGACA-1_V13B23-285_D1,4
GCCCGTAATACCTTCT-1_V13B23-285_D1,1
GCCCTAGCCGTCGCGA-1_V13B23-285_D1,6
GCCGAAATTCCTACGT-1_V13B23-285_D1,6
GCCGATTGGCCAAGCT-1_V13B23-285_D1,4
GCCGCACTCCGTTTCA-1_V13B23-285_D1,7
GCCGCATTAGTCCGGC-1_V13B23-285_D1,11
GCCGCTTGTGAGAAAC-1_V13B23-285_D1,6
GCCGGGTTAGGGTCGC-1_V13B23-285_D1,4
GCCGTGGAAGAAATGT-1_V13B23-285_D1,7
GCCTAGCGATCTGACC-1_V13B23-285_D1,4
GCCTATAGTGTCAGGG-1_V13B23-285_D1,11
GCCTATCAGGTAAGAT-1_V13B23-285_D1,7
GCCTATGCTGGGCCTT-1_V13B23-285_D1,2
GCCTATTCCGATATAG-1_V13B23-285_D1,4
GCCTCATCTGGAAATA-1_V13B23-285_D1,7
GCCTCCGACAATTCAC-1_V13B23-285_D1,7
GCCTCTATACATAGCA-1_V13B23-285_D1,7
GCCTTCAGCCCTACCG-1_V13B23-285_D1,4
GCCTTGTATATGCAGT-1_V13B23-285_D1,6
GCGAAACGATCGGGAG-1_V13B23-285_D1,7
GCGAAACTTAACTGGA-1_V13B23-285_D1,7
GCGAAGCCATACCCGT-1_V13B23-285_D1,4
GCGACATGTAAACATC-1_V13B23-285_D1,12
GCGACCCAACCATCTG-1_V13B23-285_D1,6
GCGACGATAGTTGTAC-1_V13B23-285_D1,4
GCGAGAGGCCATGTAA-1_V13B23-285_D1,2
GCGAGAGTTGCGTCCA-1_V13B23-285_D1,11
GCGAGCGCATGCTCCC-1_V13B23-285_D1,11
GCGAGGCCCGAGCAGA-1_V13B23-285_D1,4
GCGAGTTCTGCAAAGA-1_V13B23-285_D1,4
GCGATTCTGGAAGCAG-1_V13B23-285_D1,5
GCGATTGTTAACGTTA-1_V13B23-285_D1,7
GCGCAAATATATTCAA-1_V13B23-285_D1,6
GCGCAAGAGCGCGCTG-1_V13B23-285_D1,7
GCGCATCCAGTCAGCA-1_V13B23-285_D1,11
GCGCCGTTCCACGATA-1_V13B23-285_D1,4
GCGCCTCCCACTCCGA-1_V13B23-285_D1,7
GCGCGTCATTGGTACA-1_V13B23-285_D1,7
GCGCTAATTGAATAGA-1_V13B23-285_D1,3
GCGCTATGCCGAGGCA-1_V13B23-285_D1,6
GCGCTCGATCACCTGT-1_V13B23-285_D1,7
GCGCTGATCCAGACTC-1_V13B23-285_D1,10
GCGCTGCTTTGCATTT-1_V13B23-285_D1,11
GCGCTTAAATAATTGG-1_V13B23-285_D1,7
GCGGACCGCGTTGTGG-1_V13B23-285_D1,6
GCGGAGAAACTTCGCA-1_V13B23-285_D1,9
GCGGAGAGGGAGAACG-1_V13B23-285_D1,7
GCGGCAAAGTATTGCC-1_V13B23-285_D1,6
GCGGCTCTGACGTACC-1_V13B23-285_D1,6
GCGGGAACCAGGCCCT-1_V13B23-285_D1,4
GCGGGCATTACGATGC-1_V13B23-285_D1,11
GCGGGCGAGCCTTACC-1_V13B23-285_D1,4
GCGGTCCCGGTGAAGG-1_V13B23-285_D1,2
GCGGTCCCTAGACGCA-1_V13B23-285_D1,8
GCGGTGAACTGCGCTC-1_V13B23-285_D1,12
GCGGTTCCCTATCATG-1_V13B23-285_D1,4
GCGTAAATGGCCATAA-1_V13B23-285_D1,11
GCGTCGAAATGTCGGT-1_V13B23-285_D1,10
GCGTCGCCAGGGTGAT-1_V13B23-285_D1,1
GCGTCTAACCTCCTAA-1_V13B23-285_D1,11
GCGTCTCTGCATTGGG-1_V13B23-285_D1,6
GCGTGGTACTGGGTTA-1_V13B23-285_D1,11
GCGTTCGGAGACCGGG-1_V13B23-285_D1,11
GCGTTCTGACTAAGCG-1_V13B23-285_D1,7
GCTAAACCTGAGGTGA-1_V13B23-285_D1,4
GCTAACTGAAGTCTGA-1_V13B23-285_D1,7
GCTAAGTAGTTTCTCT-1_V13B23-285_D1,11
GCTAATACCGAATGCC-1_V13B23-285_D1,4
GCTACAATCGAGGATA-1_V13B23-285_D1,7
GCTACAGTACGGACCG-1_V13B23-285_D1,11
GCTACGACTTATTGGG-1_V13B23-285_D1,7
GCTACTATAGTAGAGT-1_V13B23-285_D1,7
GCTAGACCGTCTACTG-1_V13B23-285_D1,7
GCTAGAGTAGAGATGT-1_V13B23-285_D1,7
GCTAGCACCTGGGCCA-1_V13B23-285_D1,7
GCTAGCAGGGAGTGGG-1_V13B23-285_D1,11
GCTAGCTTGAATAGCT-1_V13B23-285_D1,6
GCTAGGCACCACGGAG-1_V13B23-285_D1,7
GCTAGTAGAGCTTGTA-1_V13B23-285_D1,4
GCTAGTTTCATTGAGG-1_V13B23-285_D1,4
GCTATACGTCTCGGAC-1_V13B23-285_D1,7
GCTATCATACTCATGG-1_V13B23-285_D1,7
GCTATCGCGGCGCAAC-1_V13B23-285_D1,4
GCTCAATCCGTTTATT-1_V13B23-285_D1,6
GCTCAATGTAATACCG-1_V13B23-285_D1,6
GCTCATTACTGCATGT-1_V13B23-285_D1,10
GCTCCATGAGTGCAGA-1_V13B23-285_D1,7
GCTCCCAGTCGGTCCA-1_V13B23-285_D1,7
GCTCCGCTCGCTTCAG-1_V13B23-285_D1,7
GCTCCTGACATACTGG-1_V13B23-285_D1,6
GCTCGCTCATGTCCAA-1_V13B23-285_D1,7
GCTCGGAATTTAAAGC-1_V13B23-285_D1,1
GCTCTAAACCCTGACG-1_V13B23-285_D1,4
GCTCTATGTTACGTGC-1_V13B23-285_D1,4
GCTCTCGGGTACCGAA-1_V13B23-285_D1,6
GCTGAACTCTCCAGGG-1_V13B23-285_D1,7
GCTGAATCTTCCAATC-1_V13B23-285_D1,6
GCTGAGGCGTGAGTAT-1_V13B23-285_D1,4
GCTGCACGGTTTCTTA-1_V13B23-285_D1,7
GCTGCTAAGTAGTCGA-1_V13B23-285_D1,6
GCTGCTACTGCGTAGC-1_V13B23-285_D1,7
GCTGCTCTCCGGACAC-1_V13B23-285_D1,1
GCTGGACCCAAAGTGG-1_V13B23-285_D1,9
GCTGGCATATTCACCT-1_V13B23-285_D1,4
GCTGGCGGCGCATGCT-1_V13B23-285_D1,1
GCTGGTTTAGGCCATA-1_V13B23-285_D1,6
GCTGTATTACTGGCCC-1_V13B23-285_D1,6
GCTGTTGCTACCGAAC-1_V13B23-285_D1,7
GCTTAATGTAACTAAC-1_V13B23-285_D1,7
GCTTACGTAGTTAGTA-1_V13B23-285_D1,11
GCTTATGAAGCAGGAA-1_V13B23-285_D1,11
GCTTCCGTCCCTAGAC-1_V13B23-285_D1,11
GCTTGATGATAATCAG-1_V13B23-285_D1,4
GCTTGCAGCACAATTG-1_V13B23-285_D1,2
GCTTGGATCGATTAGG-1_V13B23-285_D1,11
GCTTTCAGAGGAGGTG-1_V13B23-285_D1,11
GGAAACCTTGTTGAAT-1_V13B23-285_D1,11
GGAAACTAAATGGGCC-1_V13B23-285_D1,7
GGAAAGTGCCCATGCC-1_V13B23-285_D1,3
GGAACCGTGTAAATTG-1_V13B23-285_D1,4
GGAACCTTGACTCTGC-1_V13B23-285_D1,6
GGAACGGCCTGCAGCC-1_V13B23-285_D1,6
GGAACTTTGGCGATTA-1_V13B23-285_D1,7
GGAAGCTCGCTTACAG-1_V13B23-285_D1,8
GGAATGCGCTAGCGTG-1_V13B23-285_D1,11
GGACACAAGTTTACAC-1_V13B23-285_D1,7
GGACCAACAGGATAAC-1_V13B23-285_D1,7
GGACCTACGGTAACGT-1_V13B23-285_D1,11
GGACCTCTAGGCCGCC-1_V13B23-285_D1,6
GGACGGGCGACCAACC-1_V13B23-285_D1,7
GGACGTCCATAGTTGG-1_V13B23-285_D1,2
GGACTCACAAATTAGG-1_V13B23-285_D1,7
GGACTCGAAGCTTTCA-1_V13B23-285_D1,7
GGACTCTTCCGGTTGA-1_V13B23-285_D1,7
GGAGAAGTCATTGGCA-1_V13B23-285_D1,4
GGAGACCAATGTGCTT-1_V13B23-285_D1,11
GGAGACGACACCTTTG-1_V13B23-285_D1,4
GGAGCAACATTTCAAG-1_V13B23-285_D1,7
GGAGCACCAAGAACTA-1_V13B23-285_D1,11
GGAGGCCGAAGTCGTC-1_V13B23-285_D1,7
GGAGGGCTTGGTTGGC-1_V13B23-285_D1,11
GGAGGGTCAAGTAAGA-1_V13B23-285_D1,7
GGAGTGCCGCCCTGGA-1_V13B23-285_D1,12
GGATCATCCCGTACGC-1_V13B23-285_D1,11
GGATCCGGAATATACT-1_V13B23-285_D1,11
GGATCTTGACTCAACC-1_V13B23-285_D1,11
GGATGAAGATCGCTGA-1_V13B23-285_D1,7
GGATGACGCGAGTTTA-1_V13B23-285_D1,6
GGATGCTGGCGTTCCT-1_V13B23-285_D1,11
GGATGTCCTTACCGCA-1_V13B23-285_D1,11
GGATTCAGTACGGTGG-1_V13B23-285_D1,4
GGATTCCGCTATACCC-1_V13B23-285_D1,10
GGATTGCTGTGACTCC-1_V13B23-285_D1,7
GGATTTCACTTCTATA-1_V13B23-285_D1,11
GGCAAAGGCGCCAATA-1_V13B23-285_D1,6
GGCAAATTACTTTACT-1_V13B23-285_D1,4
GGCAAGCCAGGGATAG-1_V13B23-285_D1,2
GGCAAGGCGAAATAGC-1_V13B23-285_D1,7
GGCAATAGTCAATGAG-1_V13B23-285_D1,6
GGCACTCAGCCGACCC-1_V13B23-285_D1,7
GGCACTCCACTGGGCA-1_V13B23-285_D1,4
GGCAGCAAACCTATGC-1_V13B23-285_D1,7
GGCAGCGGTAATCCTA-1_V13B23-285_D1,11
GGCATACAGGTAGCGG-1_V13B23-285_D1,11
GGCATATCGGTTCTGC-1_V13B23-285_D1,10
GGCCCGGAGCATGTCT-1_V13B23-285_D1,11
GGCCCGTATACCATGC-1_V13B23-285_D1,11
GGCCCTCACCCACTTA-1_V13B23-285_D1,4
GGCCGGCGTCTGCTAT-1_V13B23-285_D1,7
GGCCGTTTGGGTTTCA-1_V13B23-285_D1,6
GGCCTGCTTCTCCCGA-1_V13B23-285_D1,7
GGCGAAATCTAACTTG-1_V13B23-285_D1,7
GGCGCAGGACATCTTC-1_V13B23-285_D1,4
GGCGCATGAATTGATG-1_V13B23-285_D1,4
GGCGCGGAGATCTTTC-1_V13B23-285_D1,7
GGCGCGTTCGAGTTTA-1_V13B23-285_D1,4
GGCGCTCCTCATCAAT-1_V13B23-285_D1,4
GGCGGAGTAATATTAG-1_V13B23-285_D1,4
GGCGGGCTCTAAGAGT-1_V13B23-285_D1,7
GGCGGTAGGATCATTG-1_V13B23-285_D1,6
GGCGTAGGGAAAGCTG-1_V13B23-285_D1,7
GGCGTCCTATCCGCTG-1_V13B23-285_D1,4
GGCTAAAGGGCGGGTC-1_V13B23-285_D1,11
GGCTATTAAGTTGTAT-1_V13B23-285_D1,6
GGCTCCTCCACCTGTT-1_V13B23-285_D1,6
GGCTCGCGTTGAGGTA-1_V13B23-285_D1,11
GGCTCGTGCCACCAGC-1_V13B23-285_D1,4
GGCTCTGCTCCAACGC-1_V13B23-285_D1,11
GGCTGAAATAGCAAAG-1_V13B23-285_D1,7
GGCTGGCTAGCTTAAA-1_V13B23-285_D1,4
GGCTTTCAATAAGGGT-1_V13B23-285_D1,11
GGGAAGACGGTCTGTC-1_V13B23-285_D1,7
GGGAAGGGCTTTCTCA-1_V13B23-285_D1,7
GGGAATGAGCCCTCAC-1_V13B23-285_D1,12
GGGACAGAGTTACTCC-1_V13B23-285_D1,6
GGGACCCGTATATCTT-1_V13B23-285_D1,6
GGGACTGCATAGATAG-1_V13B23-285_D1,4
GGGAGAACTCACAGTA-1_V13B23-285_D1,1
GGGAGGATGCCCGAAA-1_V13B23-285_D1,4
GGGAGTTAATGAGGCG-1_V13B23-285_D1,11
GGGATCCCAATACAAA-1_V13B23-285_D1,2
GGGATGGTCGTAACCG-1_V13B23-285_D1,6
GGGATTTACCGCACCT-1_V13B23-285_D1,7
GGGCAACCGCACGTGC-1_V13B23-285_D1,6
GGGCAGAGCAATCGTT-1_V13B23-285_D1,6
GGGCCCGTCTTAAACA-1_V13B23-285_D1,4
GGGCCCTACGAAAGGG-1_V13B23-285_D1,11
GGGCCGGCCGAAGTAC-1_V13B23-285_D1,11
GGGCGATATGTGTGAA-1_V13B23-285_D1,9
GGGCGCAGCGTTACTC-1_V13B23-285_D1,11
GGGCGGCAAATGAATT-1_V13B23-285_D1,4
GGGCGGGTTCCCTACG-1_V13B23-285_D1,6
GGGCGGTCCTATTGTC-1_V13B23-285_D1,3
GGGCGTACATTTATAT-1_V13B23-285_D1,4
GGGCGTCACCACGTAA-1_V13B23-285_D1,4
GGGCGTCCACTGGCTC-1_V13B23-285_D1,10
GGGCGTGGTTTCCCAG-1_V13B23-285_D1,7
GGGCTATGATCGATGG-1_V13B23-285_D1,6
GGGCTCATCGAACCCA-1_V13B23-285_D1,6
GGGCTGGTTAGTCGCG-1_V13B23-285_D1,4
GGGTAATGCTGTGTTT-1_V13B23-285_D1,10
GGGTACCCACGGTCCT-1_V13B23-285_D1,4
GGGTACTTCATGAACT-1_V13B23-285_D1,3
GGGTATGTATGCACTT-1_V13B23-285_D1,4
GGGTATTCTAGCAAAC-1_V13B23-285_D1,6
GGGTCACCGTGACGGT-1_V13B23-285_D1,4
GGGTCGTGGCAAGTGT-1_V13B23-285_D1,2
GGGTCTATCGCTTTCC-1_V13B23-285_D1,7
GGGTGACACCTTAACT-1_V13B23-285_D1,4
GGGTGCATATGAAAGC-1_V13B23-285_D1,11
GGGTGTTTCAGCTATG-1_V13B23-285_D1,10
GGGTTAACATTTGAGT-1_V13B23-285_D1,6
GGGTTCAGACGAACAA-1_V13B23-285_D1,9
GGGTTTAGGATAGGAT-1_V13B23-285_D1,7
GGTAAACTCTGCGCTG-1_V13B23-285_D1,7
GGTAAATGTGCGTTAC-1_V13B23-285_D1,8
GGTAACCGGGAGGATA-1_V13B23-285_D1,6
GGTAACTATGTATCTG-1_V13B23-285_D1,8
GGTACAAACATGCTAT-1_V13B23-285_D1,4
GGTACACCAGATTTAT-1_V13B23-285_D1,11
GGTACATCTGGGACGA-1_V13B23-285_D1,11
GGTACCATTAAGACGG-1_V13B23-285_D1,11
GGTACGTTGCGGCCGG-1_V13B23-285_D1,7
GGTACTAAGTGCTTTG-1_V13B23-285_D1,7
GGTAGAAGACCGCCTG-1_V13B23-285_D1,7
GGTAGACCGTTGGGCG-1_V13B23-285_D1,9
GGTAGTGCTCGCACCA-1_V13B23-285_D1,2
GGTATAGTGACACATA-1_V13B23-285_D1,11
GGTATTGCCGAGTTTA-1_V13B23-285_D1,4
GGTCAAGACTACTTCG-1_V13B23-285_D1,7
GGTCAGTGGGTCCCAC-1_V13B23-285_D1,4
GGTCGGATAAACGGCG-1_V13B23-285_D1,9
GGTCGGCCAGGAGCTT-1_V13B23-285_D1,11
GGTCGGTAATTAGACA-1_V13B23-285_D1,4
GGTCGGTCGTCCACAG-1_V13B23-285_D1,4
GGTCGTAAGCTCGCAC-1_V13B23-285_D1,6
GGTCTCCAAGTAGTGC-1_V13B23-285_D1,7
GGTCTCCGTCCAGGTT-1_V13B23-285_D1,7
GGTCTCTGAATGGACT-1_V13B23-285_D1,6
GGTCTGAGAATCTGGA-1_V13B23-285_D1,11
GGTGAAGTACAGGGAT-1_V13B23-285_D1,6
GGTGACTGATAGAGAG-1_V13B23-285_D1,7
GGTGAGATGCAGATAA-1_V13B23-285_D1,4
GGTGATAAGGAGCAGT-1_V13B23-285_D1,1
GGTGCAGAGCCTATCG-1_V13B23-285_D1,9
GGTGCGGATAAGTGGC-1_V13B23-285_D1,12
GGTGCTGATCACAAAG-1_V13B23-285_D1,4
GGTGCTGGTACACATT-1_V13B23-285_D1,6
GGTGGACTGCTCTGGC-1_V13B23-285_D1,7
GGTGGAGGTTGATACG-1_V13B23-285_D1,7
GGTGTTGGGCGTCTTA-1_V13B23-285_D1,7
GGTTACCACCCTCGGG-1_V13B23-285_D1,6
GGTTACCCGACACTTT-1_V13B23-285_D1,11
GGTTAGCTATATGTCT-1_V13B23-285_D1,7
GGTTAGGCTTGGAGAA-1_V13B23-285_D1,4
GGTTAGTTACGGCGCC-1_V13B23-285_D1,4
GGTTCTACTCGTCTGA-1_V13B23-285_D1,7
GGTTTAATTGAGCAGG-1_V13B23-285_D1,11
GGTTTACAATCTCAAT-1_V13B23-285_D1,1
GGTTTAGCCTTTCTTG-1_V13B23-285_D1,7
GGTTTCAATCGGTCAG-1_V13B23-285_D1,12
GGTTTGACAAGAAGCT-1_V13B23-285_D1,2
GGTTTGAGTGCTGGAA-1_V13B23-285_D1,8
GGTTTGCGAACACGTA-1_V13B23-285_D1,2
GGTTTGTGACCTGAGG-1_V13B23-285_D1,7
GTAACATCTAAGATAA-1_V13B23-285_D1,7
GTAACTTGCGGCAGTC-1_V13B23-285_D1,8
GTAAGCGGGCAGTCAG-1_V13B23-285_D1,1
GTAAGGATTTGTCGGA-1_V13B23-285_D1,8
GTAAGTAACAGTCTGG-1_V13B23-285_D1,7
GTAAGTAGGGTATACC-1_V13B23-285_D1,4
GTAAGTCCACACTCTA-1_V13B23-285_D1,7
GTAATAAAGGGCTCCC-1_V13B23-285_D1,11
GTAATCTGATTCTTCG-1_V13B23-285_D1,4
GTACACTTACCTGAAG-1_V13B23-285_D1,5
GTACAGAGGCAAGGGT-1_V13B23-285_D1,1
GTACGACGGCGCTGCG-1_V13B23-285_D1,4
GTACGAGATTGCGACA-1_V13B23-285_D1,4
GTACGCTTCATTGCAC-1_V13B23-285_D1,7
GTACGTCACGTATTAA-1_V13B23-285_D1,8
GTACGTTTGCCCGTCA-1_V13B23-285_D1,7
GTACTAAGATTTGGAG-1_V13B23-285_D1,4
GTACTCCTGGGTATGC-1_V13B23-285_D1,11
GTACTGAGGTCGTAAC-1_V13B23-285_D1,8
GTACTGCATGAAGCGT-1_V13B23-285_D1,3
GTACTGGAGTTAGACC-1_V13B23-285_D1,11
GTACTTGGGCACTTCT-1_V13B23-285_D1,4
GTAGAAACGGGTGGAG-1_V13B23-285_D1,6
GTAGACACGCCTGACT-1_V13B23-285_D1,1
GTAGACGTCGTTACAT-1_V13B23-285_D1,4
GTAGAGGGAGACAAGT-1_V13B23-285_D1,6
GTAGCCAAACATGGGA-1_V13B23-285_D1,7
GTAGCGGCTATACACT-1_V13B23-285_D1,7
GTAGCTTCCTCTTGTT-1_V13B23-285_D1,11
GTAGGTGATCCGTGTA-1_V13B23-285_D1,5
GTAGTCGCGGGAATCA-1_V13B23-285_D1,7
GTAGTCTACGATATTG-1_V13B23-285_D1,7
GTATAGGACTCAGTAG-1_V13B23-285_D1,4
GTATATGTTACGGCGG-1_V13B23-285_D1,10
GTATCAAACGTTAGCT-1_V13B23-285_D1,7
GTATCAGCTTGGGTTC-1_V13B23-285_D1,4
GTATCCTTTGGTAACC-1_V13B23-285_D1,7
GTATCTCAGTCTTGAC-1_V13B23-285_D1,6
GTATCTTTCATAACCA-1_V13B23-285_D1,9
GTATGAAATTTCACTC-1_V13B23-285_D1,3
GTATGTGGGTCTAGTT-1_V13B23-285_D1,7
GTATTAAGGCGTCTAA-1_V13B23-285_D1,4
GTATTCTGAGAAACGA-1_V13B23-285_D1,6
GTATTCTTACCGTGCT-1_V13B23-285_D1,10
GTATTTAATGGCATAA-1_V13B23-285_D1,7
GTCAAAGAAGTGGTGT-1_V13B23-285_D1,6
GTCAAAGTTTACATAG-1_V13B23-285_D1,4
GTCAACCAGGCCTATA-1_V13B23-285_D1,7
GTCAAGCGGACTCGGG-1_V13B23-285_D1,7
GTCAATGCTATAATTT-1_V13B23-285_D1,11
GTCACAAAGTTTCCAA-1_V13B23-285_D1,8
GTCACTCTCCAAATCT-1_V13B23-285_D1,3
GTCAGAATAGTCTATG-1_V13B23-285_D1,4
GTCAGTTGTGCTCGTT-1_V13B23-285_D1,8
GTCATGCACCTCCGTT-1_V13B23-285_D1,6
GTCATGCGCGAGGGCT-1_V13B23-285_D1,7
GTCATGGACATGACTA-1_V13B23-285_D1,4
GTCATTAGAGCGAACG-1_V13B23-285_D1,5
GTCATTGCATTGACCC-1_V13B23-285_D1,6
GTCCACGTCGCATTCG-1_V13B23-285_D1,7
GTCCATTACTGCTACG-1_V13B23-285_D1,7
GTCCCAACGTAAAGTA-1_V13B23-285_D1,2
GTCCCGCGACGTTATG-1_V13B23-285_D1,7
GTCCGGACCTGAAATT-1_V13B23-285_D1,7
GTCCGGCTGAATTGCG-1_V13B23-285_D1,4
GTCCTACAGGCGGCTC-1_V13B23-285_D1,6
GTCCTACGAATAGTCT-1_V13B23-285_D1,7
GTCCTTCTAGTGGGTT-1_V13B23-285_D1,8
GTCGATAGGTGACTTT-1_V13B23-285_D1,7
GTCGCCGTTGTGTGTT-1_V13B23-285_D1,6
GTCGCGTAACCCGTTG-1_V13B23-285_D1,7
GTCGGAAGGATACCAG-1_V13B23-285_D1,2
GTCGGATATCTCAGAC-1_V13B23-285_D1,4
GTCGGATGTAGCGCGC-1_V13B23-285_D1,10
GTCGGGAAGCAGAAAC-1_V13B23-285_D1,1
GTCGTACCATCTCGGG-1_V13B23-285_D1,4
GTCGTATTGGCGTACA-1_V13B23-285_D1,11
GTCGTCAATTATAAGG-1_V13B23-285_D1,8
GTCGTCTGGTTGGCTA-1_V13B23-285_D1,11
GTCGTGTCTGGTCATC-1_V13B23-285_D1,11
GTCGTTATTCGCTTAT-1_V13B23-285_D1,7
GTCTAGTGAGCCGCTT-1_V13B23-285_D1,7
GTCTATCTGAGTTTCT-1_V13B23-285_D1,6
GTCTATTGCATGCTCG-1_V13B23-285_D1,7
GTCTATTGGTTCCGGT-1_V13B23-285_D1,7
GTCTCAAGGCCCGGCT-1_V13B23-285_D1,1
GTCTCGACTAAGTTTG-1_V13B23-285_D1,11
GTCTCGATCTGCTTTC-1_V13B23-285_D1,10
GTCTGGGCGGTCGAGA-1_V13B23-285_D1,6
GTCTTAGTACAGCCGG-1_V13B23-285_D1,5
GTCTTGAGGAGCAGTG-1_V13B23-285_D1,11
GTCTTGTAGCTATTCA-1_V13B23-285_D1,7
GTGAAACGGCGCCACC-1_V13B23-285_D1,6
GTGAACTCCCATTCGA-1_V13B23-285_D1,11
GTGAAGATTTCAAGTG-1_V13B23-285_D1,11
GTGAAGCCGTATAGTC-1_V13B23-285_D1,11
GTGACAGCTTCCCACT-1_V13B23-285_D1,7
GTGACCGCACACTACG-1_V13B23-285_D1,7
GTGACCTAAAGAATAA-1_V13B23-285_D1,11
GTGACGAGGGTGACCC-1_V13B23-285_D1,11
GTGACTTCAGTAGTGC-1_V13B23-285_D1,4
GTGAGCGTGCTGCACT-1_V13B23-285_D1,6
GTGAGGACACTTAAGG-1_V13B23-285_D1,7
GTGAGGAGCGGTTGAG-1_V13B23-285_D1,10
GTGAGTGGTACAACGC-1_V13B23-285_D1,1
GTGATCACTAACGCCT-1_V13B23-285_D1,7
GTGATCATAGATCTGC-1_V13B23-285_D1,4
GTGATCCTTGTCATGA-1_V13B23-285_D1,7
GTGATGCACAACATCT-1_V13B23-285_D1,11
GTGATTCGCCGCTCAA-1_V13B23-285_D1,6
GTGCAACAAATGTGGC-1_V13B23-285_D1,10
GTGCACGAAAGTGACT-1_V13B23-285_D1,10
GTGCAGCGTAGAGTAG-1_V13B23-285_D1,7
GTGCCATCACACGGTG-1_V13B23-285_D1,6
GTGCCCGTTCGGATTC-1_V13B23-285_D1,7
GTGCCGCTTCAAAGGT-1_V13B23-285_D1,6
GTGCCTCAGTGTACGG-1_V13B23-285_D1,9
GTGCGAAATCGAACAC-1_V13B23-285_D1,6
GTGCGACAGGGAGTGT-1_V13B23-285_D1,11
GTGCGGGTCTCCAAAT-1_V13B23-285_D1,4
GTGCGTGTATATGAGC-1_V13B23-285_D1,7
GTGCTCAAGTACTGTC-1_V13B23-285_D1,4
GTGCTTACATCAGCGC-1_V13B23-285_D1,7
GTGGAACCTACATGCG-1_V13B23-285_D1,10
GTGGACCAACCCGATT-1_V13B23-285_D1,6
GTGGACGCATTTGTCC-1_V13B23-285_D1,1
GTGGACGTGCTGAGAC-1_V13B23-285_D1,4
GTGGAGCATGTCGGCC-1_V13B23-285_D1,11
GTGGAGCGTTTACCGA-1_V13B23-285_D1,6
GTGGAGTCGGCGGTTG-1_V13B23-285_D1,6
GTGGCAAACAGCGGCA-1_V13B23-285_D1,6
GTGGCGGTCCCAGCGT-1_V13B23-285_D1,11
GTGGGCTTAGACACAC-1_V13B23-285_D1,4
GTGGTATAGTCTGCCG-1_V13B23-285_D1,6
GTGGTGATGGTTTGTG-1_V13B23-285_D1,7
GTGGTGGCCAAGTGAA-1_V13B23-285_D1,7
GTGGTTACTTCTTTCG-1_V13B23-285_D1,11
GTGGTTTCCGCCTTTC-1_V13B23-285_D1,6
GTGTACCTTGGCTACG-1_V13B23-285_D1,1
GTGTACGAACCGTTCC-1_V13B23-285_D1,7
GTGTATATCAGCGGGC-1_V13B23-285_D1,7
GTGTCGTATAGCGTTC-1_V13B23-285_D1,7
GTGTGAATAACTTAGG-1_V13B23-285_D1,11
GTGTTACTATGCGTCC-1_V13B23-285_D1,7
GTTAAAGTAGGACTGG-1_V13B23-285_D1,7
GTTAACATCACTTAAA-1_V13B23-285_D1,7
GTTAACTATGTTGTCA-1_V13B23-285_D1,7
GTTAAGGGTGCGATGT-1_V13B23-285_D1,7
GTTAAGTTAGAGTGGG-1_V13B23-285_D1,11
GTTACAATTGGTGACG-1_V13B23-285_D1,4
GTTACCTACAACTTGC-1_V13B23-285_D1,7
GTTACTTTGGGCCTAG-1_V13B23-285_D1,4
GTTAGCCGTAAATCAA-1_V13B23-285_D1,11
GTTAGGCTACCCGTTT-1_V13B23-285_D1,6
GTTATAATACGGTGAA-1_V13B23-285_D1,7
GTTATATCAGGAGCCA-1_V13B23-285_D1,11
GTTATATTATCTCCCT-1_V13B23-285_D1,4
GTTATTAACGTGGGAG-1_V13B23-285_D1,6
GTTCACAGGAGTCTAG-1_V13B23-285_D1,4
GTTCATCGTTTGGCTG-1_V13B23-285_D1,11
GTTCCAGTCTGACCAT-1_V13B23-285_D1,9
GTTCCCGTAAACATAT-1_V13B23-285_D1,7
GTTCGCCATAAGTGCC-1_V13B23-285_D1,4
GTTCGCTGAGACGTCT-1_V13B23-285_D1,7
GTTCGGAGCACTCAAC-1_V13B23-285_D1,7
GTTCGGATCGGGAACA-1_V13B23-285_D1,7
GTTCGGGCGTACCATT-1_V13B23-285_D1,11
GTTCGTCTAAAGAACT-1_V13B23-285_D1,7
GTTCGTCTGGGTCCCT-1_V13B23-285_D1,2
GTTCTTCCCTCGATGT-1_V13B23-285_D1,4
GTTGAACCGGTTCCAT-1_V13B23-285_D1,6
GTTGAGTCCCGCCGGT-1_V13B23-285_D1,7
GTTGCACGGAGTTTCG-1_V13B23-285_D1,4
GTTGCAGTCGACAACA-1_V13B23-285_D1,7
GTTGCGCTAACATTAC-1_V13B23-285_D1,7
GTTGCGGACGGTCAGG-1_V13B23-285_D1,7
GTTGGACCGCATCAGG-1_V13B23-285_D1,2
GTTGGATTCAGTGGCT-1_V13B23-285_D1,11
GTTGGATTGAGAACAC-1_V13B23-285_D1,11
GTTGGATTTGCGTTGG-1_V13B23-285_D1,4
GTTGGTCATGCTATCC-1_V13B23-285_D1,1
GTTGTCGTGTTAGTTG-1_V13B23-285_D1,10
GTTGTTGCAAGATGGC-1_V13B23-285_D1,7
GTTTACGTTCCATCTG-1_V13B23-285_D1,1
GTTTCAAACGAGTTGT-1_V13B23-285_D1,7
GTTTCATATCGTCGCT-1_V13B23-285_D1,11
GTTTCCTGGAGGGTGA-1_V13B23-285_D1,4
GTTTCTGCAGTCTCCC-1_V13B23-285_D1,7
GTTTGACCAAATCCTA-1_V13B23-285_D1,6
GTTTGGCCCAAGTTAT-1_V13B23-285_D1,7
GTTTGGCCGCTCAGCG-1_V13B23-285_D1,3
GTTTGGGCTTGTGAGC-1_V13B23-285_D1,7
GTTTGGGTTTCGCCCG-1_V13B23-285_D1,7
GTTTGGTAGGGTCAAC-1_V13B23-285_D1,1
TAAACCCAGGAGGGCA-1_V13B23-285_D1,6
TAAAGACAACCCTTTA-1_V13B23-285_D1,7
TAAAGCGTTAGGAGAA-1_V13B23-285_D1,9
TAAAGCTGCAATAGGG-1_V13B23-285_D1,11
TAAATCTTTACACCTC-1_V13B23-285_D1,11
TAAATGAATCCGTTTC-1_V13B23-285_D1,4
TAAATGCCGTCTCATG-1_V13B23-285_D1,9
TAAATGGGCTACTGAG-1_V13B23-285_D1,7
TAACAAAGGGAGAAGC-1_V13B23-285_D1,4
TAACAATATTTGTTGC-1_V13B23-285_D1,6
TAACATACAATGTGGG-1_V13B23-285_D1,9
TAACATACACGCGATC-1_V13B23-285_D1,6
TAACCTACCGTCCGAG-1_V13B23-285_D1,11
TAACCTAGGGAGTCCA-1_V13B23-285_D1,7
TAACGCTTTGAGAGCG-1_V13B23-285_D1,4
TAACTATCGAAGGTCC-1_V13B23-285_D1,4
TAACTATTACGCCAAA-1_V13B23-285_D1,11
TAACTCATCCGCGCGG-1_V13B23-285_D1,6
TAACTCCATGGAGGCT-1_V13B23-285_D1,4
TAAGCAGGCGACACGC-1_V13B23-285_D1,11
TAAGCCCTTACGACCA-1_V13B23-285_D1,2
TAAGGAACTTGTGGGA-1_V13B23-285_D1,4
TAAGGCAACATAAGAT-1_V13B23-285_D1,9
TAAGGCATAACATCAA-1_V13B23-285_D1,6
TAAGGCCCGTCACCCT-1_V13B23-285_D1,7
TAAGGCTGAATCCCTC-1_V13B23-285_D1,7
TAAGGGCCTGTCCGAT-1_V13B23-285_D1,7
TAAGGGCTGGGAGAGG-1_V13B23-285_D1,11
TAAGTAACATCTTGAC-1_V13B23-285_D1,6
TAAGTCGCCGAGTATC-1_V13B23-285_D1,6
TAAGTTGCGACGTAGG-1_V13B23-285_D1,7
TAATAAACAAGGAGAT-1_V13B23-285_D1,10
TAATACACAGTAGTAT-1_V13B23-285_D1,4
TAATAGAACAGAGTTA-1_V13B23-285_D1,6
TAATAGCTAAATGATG-1_V13B23-285_D1,11
TAATAGTGACGACCAG-1_V13B23-285_D1,11
TAATATTGAAATTCGC-1_V13B23-285_D1,4
TAATCAACCAAATGGG-1_V13B23-285_D1,7
TAATCGATCCGTACGT-1_V13B23-285_D1,11
TAATGAAAGACCCTTG-1_V13B23-285_D1,6
TAATTACGTCAGTAGA-1_V13B23-285_D1,7
TAATTAGATGGATATG-1_V13B23-285_D1,4
TAATTAGGACATCCGT-1_V13B23-285_D1,7
TAATTCCAATGCTTCA-1_V13B23-285_D1,7
TAATTGGAATCGGGAA-1_V13B23-285_D1,11
TACAACGCACAACTCA-1_V13B23-285_D1,6
TACAAGTCTCGTGCAT-1_V13B23-285_D1,4
TACACCGTCGTTAGTC-1_V13B23-285_D1,11
TACAGAAACGGTGGGC-1_V13B23-285_D1,7
TACATAGGCATACACC-1_V13B23-285_D1,4
TACATGCCGGAATTGT-1_V13B23-285_D1,7
TACATTTCTAACGTGC-1_V13B23-285_D1,4
TACCAAATAGCCCAGA-1_V13B23-285_D1,6
TACCAATAAAGTACCA-1_V13B23-285_D1,7
TACCAGAAGTAGGTTC-1_V13B23-285_D1,4
TACCAGCTAGGTTTAA-1_V13B23-285_D1,10
TACCATGTATTGATTT-1_V13B23-285_D1,7
TACCCTCGGTAACCCT-1_V13B23-285_D1,7
TACCGCGGACTTGCAG-1_V13B23-285_D1,11
TACCGGCTCACTGCCC-1_V13B23-285_D1,1
TACCGGTCGTTTCCAT-1_V13B23-285_D1,6
TACCGTAGGTTAACTA-1_V13B23-285_D1,3
TACCGTGCCTCGGACC-1_V13B23-285_D1,7
TACCTACTCCCAGTAT-1_V13B23-285_D1,1
TACCTCACGCTTGTAC-1_V13B23-285_D1,10
TACCTCAGTTGTCTGT-1_V13B23-285_D1,6
TACCTCTTTACCATCC-1_V13B23-285_D1,7
TACCTGCTGCACTGTG-1_V13B23-285_D1,4
TACCTTAAGATTTCCC-1_V13B23-285_D1,6
TACGAACACGACTTCA-1_V13B23-285_D1,4
TACGACGCTTGCTGCG-1_V13B23-285_D1,4
TACGACTGCCTCTTAG-1_V13B23-285_D1,4
TACGAGAACTTCACGT-1_V13B23-285_D1,6
TACGATGTTGATCATC-1_V13B23-285_D1,6
TACGCAGTTCTTTCCT-1_V13B23-285_D1,6
TACGCCATATTCTAAT-1_V13B23-285_D1,4
TACGCCGAGGGTACCC-1_V13B23-285_D1,6
TACGCCGCCTCAGAAG-1_V13B23-285_D1,7
TACGCCTCCATTCCGA-1_V13B23-285_D1,11
TACGCTATAGAAACCT-1_V13B23-285_D1,11
TACGCTCGGTATTGGA-1_V13B23-285_D1,7
TACGGCATGGACGCTA-1_V13B23-285_D1,7
TACGGGATGCTAGCAG-1_V13B23-285_D1,10
TACGTAAAGCGGAGTG-1_V13B23-285_D1,7
TACGTGCAAGGTTCCT-1_V13B23-285_D1,11
TACGTGCACTATGCTG-1_V13B23-285_D1,4
TACGTTTACCGGCAAT-1_V13B23-285_D1,11
TACTATGGTTCCTCAG-1_V13B23-285_D1,6
TACTCGGCACGCCGGG-1_V13B23-285_D1,11
TACTCTCCGAACAAAT-1_V13B23-285_D1,9
TACTCTTACTTTACTG-1_V13B23-285_D1,7
TACTCTTTCGTCTTCA-1_V13B23-285_D1,6
TACTGAACAGATTTAG-1_V13B23-285_D1,6
TACTGCAATCAATTAC-1_V13B23-285_D1,11
TACTGGACAGCTCGGC-1_V13B23-285_D1,11
TACTTAAACATGTACA-1_V13B23-285_D1,7
TACTTGTTAGTAGTCC-1_V13B23-285_D1,1
TACTTTACTGAGCCGG-1_V13B23-285_D1,11
TACTTTCCGCACGCCA-1_V13B23-285_D1,6
TAGAAAGGTGGCGCTA-1_V13B23-285_D1,11
TAGAAGAAGGGTTACA-1_V13B23-285_D1,7
TAGAATAGCCGATGAA-1_V13B23-285_D1,7
TAGAATTAAGGGCAAC-1_V13B23-285_D1,8
TAGACGAAACGCCAAT-1_V13B23-285_D1,7
TAGACGCCCGTACCGG-1_V13B23-285_D1,11
TAGACTACCTAGCGTT-1_V13B23-285_D1,7
TAGAGATCATGCAACT-1_V13B23-285_D1,6
TAGAGCTACGAAGAAC-1_V13B23-285_D1,10
TAGAGGTTCTACTTGT-1_V13B23-285_D1,7
TAGAGTCTAAGCGAAC-1_V13B23-285_D1,4
TAGATATGGACTGGAA-1_V13B23-285_D1,4
TAGATCCGAAGTCGCA-1_V13B23-285_D1,8
TAGATGGTTCCTTACT-1_V13B23-285_D1,7
TAGATTCCTGGTTATT-1_V13B23-285_D1,4
TAGCAACCTGTCACAA-1_V13B23-285_D1,4
TAGCAGTATGACTAAA-1_V13B23-285_D1,7
TAGCCATTTCAAAGTC-1_V13B23-285_D1,7
TAGCCGGCGGTCAGCG-1_V13B23-285_D1,11
TAGCGTCCCTCGATTG-1_V13B23-285_D1,7
TAGCGTCCGGTGTGGT-1_V13B23-285_D1,7
TAGCGTTGGGTCTTAC-1_V13B23-285_D1,7
TAGCTAAGTCCGGGAG-1_V13B23-285_D1,4
TAGCTAGAAGGCATGA-1_V13B23-285_D1,4
TAGCTAGTGATGATGG-1_V13B23-285_D1,6
TAGCTCGCCTGATAAC-1_V13B23-285_D1,4
TAGGCATGTTACGCCA-1_V13B23-285_D1,6
TAGGCCTATATAGTCT-1_V13B23-285_D1,7
TAGGCTAAAGTGGCAC-1_V13B23-285_D1,7
TAGGGAGCTTGGGATG-1_V13B23-285_D1,11
TAGGGTGTTTCAAGAG-1_V13B23-285_D1,4
TAGGTCCAAGTAAGGA-1_V13B23-285_D1,4
TAGGTCGCCGGAACTG-1_V13B23-285_D1,11
TAGGTGACGATAACCT-1_V13B23-285_D1,7
TAGGTGAGCCCTACTC-1_V13B23-285_D1,4
TAGGTGCTCGCCTAGC-1_V13B23-285_D1,7
TAGGTGTTCCACAGAT-1_V13B23-285_D1,6
TAGGTTCGAGTTCGTC-1_V13B23-285_D1,4
TAGTACCTTAGTGGTC-1_V13B23-285_D1,4
TAGTAGCTTATACCAG-1_V13B23-285_D1,6
TAGTCCGCAGAGAATG-1_V13B23-285_D1,6
TAGTCGATCACGGGTT-1_V13B23-285_D1,7
TAGTCTAACAACGAGA-1_V13B23-285_D1,11
TAGTCTGTGACGTTGC-1_V13B23-285_D1,11
TAGTGCCCTCCAGAGT-1_V13B23-285_D1,4
TAGTGTCAGAAACGGC-1_V13B23-285_D1,4
TAGTTAAGATAGGATA-1_V13B23-285_D1,5
TAGTTTATTCTTGCTT-1_V13B23-285_D1,5
TATAAATCCACAAGCT-1_V13B23-285_D1,4
TATAAGTGAGGATAGC-1_V13B23-285_D1,4
TATACACAGACGCCTT-1_V13B23-285_D1,4
TATACACGCAAAGTAT-1_V13B23-285_D1,4
TATACCGAGTGCCACA-1_V13B23-285_D1,7
TATACGCGTCATCACT-1_V13B23-285_D1,7
TATACTCATGCGGCAA-1_V13B23-285_D1,6
TATAGATGGTCGCAGT-1_V13B23-285_D1,7
TATAGGGTACTCATGA-1_V13B23-285_D1,11
TATATATCGAGAAATG-1_V13B23-285_D1,6
TATATCCCTGGGAGGA-1_V13B23-285_D1,11
TATATTACAAATGTCG-1_V13B23-285_D1,11
TATATTCGCGTCGATA-1_V13B23-285_D1,8
TATCACCATGTAAAGT-1_V13B23-285_D1,8
TATCACCCAACCGACC-1_V13B23-285_D1,11
TATCACTTCGAGTAAC-1_V13B23-285_D1,11
TATCCAATTGGTTATC-1_V13B23-285_D1,7
TATCCATATCATGCGA-1_V13B23-285_D1,12
TATCCGCACCGTCGGG-1_V13B23-285_D1,6
TATCCTGCATGGGAAT-1_V13B23-285_D1,10
TATCGATCTATGCATA-1_V13B23-285_D1,3
TATCGATGATTAAACG-1_V13B23-285_D1,4
TATCTACAGAGGTAAT-1_V13B23-285_D1,4
TATCTACCACAGCGGG-1_V13B23-285_D1,4
TATCTTGCAATACAAC-1_V13B23-285_D1,6
TATGAAGACAGGTGCG-1_V13B23-285_D1,4
TATGATCCGGCACGCC-1_V13B23-285_D1,11
TATGATCTTCTCTTTA-1_V13B23-285_D1,7
TATGCTCCCTACTTAC-1_V13B23-285_D1,4
TATGGATGTGCTACGC-1_V13B23-285_D1,4
TATGGCCCGGCCTCGC-1_V13B23-285_D1,4
TATGGCTAGGCTAATT-1_V13B23-285_D1,11
TATGGGACCGAGCAGG-1_V13B23-285_D1,4
TATGGGTACGTATCGT-1_V13B23-285_D1,4
TATGGTCTGAGTAACA-1_V13B23-285_D1,4
TATGGTTAGTGGGAGA-1_V13B23-285_D1,7
TATGTCAAGACCGACT-1_V13B23-285_D1,1
TATGTCTCATTGTGCC-1_V13B23-285_D1,11
TATTAACCTGACCGCG-1_V13B23-285_D1,6
TATTACCATCCTGCTT-1_V13B23-285_D1,7
TATTATGTTTGCCTGC-1_V13B23-285_D1,6
TATTCAATTCTAATCC-1_V13B23-285_D1,12
TATTCCACTCAGCTCG-1_V13B23-285_D1,4
TATTCCGAGCTGTTAT-1_V13B23-285_D1,7
TATTCCTCCGCCCACT-1_V13B23-285_D1,6
TATTCGTGCCAGAATA-1_V13B23-285_D1,4
TATTGACATTTCTGCC-1_V13B23-285_D1,11
TATTGCCGGGCTTGTA-1_V13B23-285_D1,7
TATTTAGTCTAGATCG-1_V13B23-285_D1,4
TATTTATACCGAGTAG-1_V13B23-285_D1,10
TATTTGATTTGCACAG-1_V13B23-285_D1,7
TATTTGTTACCCTTTA-1_V13B23-285_D1,4
TCAAACAACCGCGTCG-1_V13B23-285_D1,4
TCAAACTTAGATTGTT-1_V13B23-285_D1,6
TCAAATTTGAGACTCA-1_V13B23-285_D1,7
TCAACAAAGATAATTC-1_V13B23-285_D1,6
TCAACACATTGGGTAA-1_V13B23-285_D1,4
TCAACATAGCGCCCTA-1_V13B23-285_D1,6
TCAACATCGACCGAGA-1_V13B23-285_D1,11
TCAACCATGTTCGGGC-1_V13B23-285_D1,4
TCAACGAGGAGACAAA-1_V13B23-285_D1,4
TCAACGCAGGAAATAA-1_V13B23-285_D1,6
TCAACGCGACCGGCAG-1_V13B23-285_D1,11
TCAACTAACGTATAAC-1_V13B23-285_D1,4
TCAACTGCAGAGTCAG-1_V13B23-285_D1,7
TCAAGAAATACTAGCT-1_V13B23-285_D1,11
TCAAGCGCGGACGGTA-1_V13B23-285_D1,7
TCAAGCTGCCTTGAAA-1_V13B23-285_D1,11
TCAAGGTTACTACACC-1_V13B23-285_D1,7
TCAATACGCCGTCATG-1_V13B23-285_D1,9
TCACAAACCGAGGTAC-1_V13B23-285_D1,7
TCACAGCAAACTCGAA-1_V13B23-285_D1,4
TCACAGGAGAATAAGA-1_V13B23-285_D1,6
TCACAGGGAATCGCAA-1_V13B23-285_D1,7
TCACAGGTTATTGGGC-1_V13B23-285_D1,4
TCACATCTTATCTGAT-1_V13B23-285_D1,4
TCACCCTCTTAAGATT-1_V13B23-285_D1,4
TCACCGCTCGGCACTC-1_V13B23-285_D1,11
TCACGATGTCCGTGGA-1_V13B23-285_D1,6
TCACGCATTGTAGATC-1_V13B23-285_D1,4
TCACGGTCATCGCACA-1_V13B23-285_D1,4
TCACGTGCCCGATTCA-1_V13B23-285_D1,4
TCACTACGACCAATGC-1_V13B23-285_D1,11
TCACTCGTGCAACGGC-1_V13B23-285_D1,10
TCAGAACCTCCACAGG-1_V13B23-285_D1,11
TCAGACGCTATAGAAG-1_V13B23-285_D1,7
TCAGAGTGTGAGCATG-1_V13B23-285_D1,7
TCAGCAAATGCATCTC-1_V13B23-285_D1,11
TCAGCAGTAGGCCCTG-1_V13B23-285_D1,6
TCAGCCAATCCGTAAA-1_V13B23-285_D1,7
TCAGGGCGCAAACTCG-1_V13B23-285_D1,6
TCAGGGTGTAACGTAA-1_V13B23-285_D1,11
TCAGGTTCTTTGAGAA-1_V13B23-285_D1,4
TCAGTACTGACCCGCG-1_V13B23-285_D1,4
TCAGTAGGGACTATAA-1_V13B23-285_D1,6
TCAGTGTATACGTCAT-1_V13B23-285_D1,6
TCATAAGTCCAAGAAG-1_V13B23-285_D1,7
TCATACTTACAGATCC-1_V13B23-285_D1,4
TCATATGAGCTTTGTT-1_V13B23-285_D1,6
TCATCACTCGAGCTCG-1_V13B23-285_D1,4
TCATCCCAGAGGGTGG-1_V13B23-285_D1,5
TCATCGATGGTCCCAA-1_V13B23-285_D1,6
TCATGCAGGTTCTCAT-1_V13B23-285_D1,10
TCATTTAAGTCTCCGA-1_V13B23-285_D1,11
TCATTTAGAAGTGTGA-1_V13B23-285_D1,7
TCCAACTTTAAATTCT-1_V13B23-285_D1,6
TCCAATAAAGGCTACC-1_V13B23-285_D1,4
TCCACAATGGTTTACG-1_V13B23-285_D1,4
TCCACCTCTAGCCTTT-1_V13B23-285_D1,4
TCCACTTTATCTAGGT-1_V13B23-285_D1,11
TCCAGAGCACCGGTTC-1_V13B23-285_D1,7
TCCAGATGTACGCCAA-1_V13B23-285_D1,11
TCCAGCGCTATAAGCG-1_V13B23-285_D1,7
TCCAGGCGAGTACGGT-1_V13B23-285_D1,4
TCCAGGGTATATACGA-1_V13B23-285_D1,4
TCCATTCCCACTAGAG-1_V13B23-285_D1,2
TCCATTGTGACCTCGT-1_V13B23-285_D1,8
TCCCAAACAGACAACG-1_V13B23-285_D1,11
TCCCAAAGACGAAGGA-1_V13B23-285_D1,4
TCCCAAAGCCCTAAAT-1_V13B23-285_D1,7
TCCCACTCTCTTCCGG-1_V13B23-285_D1,11
TCCCAGCACACGACAT-1_V13B23-285_D1,7
TCCCAGCTTTAGTCTG-1_V13B23-285_D1,4
TCCCAGGCTTAGCTAA-1_V13B23-285_D1,4
TCCCGCCTATGTGCGT-1_V13B23-285_D1,11
TCCCGCGTACTCCTGG-1_V13B23-285_D1,6
TCCCGGGTGTGCTGCT-1_V13B23-285_D1,6
TCCCGTCAGTCCCGCA-1_V13B23-285_D1,4
TCCCGTCGCGTCATAG-1_V13B23-285_D1,11
TCCCGTGTGCAATTTG-1_V13B23-285_D1,7
TCCCTAGATCAATAGG-1_V13B23-285_D1,11
TCCCTCTTCTCAAGGG-1_V13B23-285_D1,7
TCCCTGGCGTATTAAC-1_V13B23-285_D1,6
TCCCTGGCTCGCTGGA-1_V13B23-285_D1,11
TCCCTTAGATTACTCG-1_V13B23-285_D1,10
TCCCTTGTCTGAAACT-1_V13B23-285_D1,7
TCCGAACGTTGCCGCT-1_V13B23-285_D1,7
TCCGAACTTGGCTTAC-1_V13B23-285_D1,11
TCCGAAGTAGTCACCA-1_V13B23-285_D1,12
TCCGAATGGTCCTGAG-1_V13B23-285_D1,11
TCCGATAATTGCCATA-1_V13B23-285_D1,10
TCCGATGACTGAGCTC-1_V13B23-285_D1,1
TCCGATGGTGCGACAT-1_V13B23-285_D1,4
TCCGATTACATTGCCG-1_V13B23-285_D1,4
TCCGCCTGTCTACAAG-1_V13B23-285_D1,7
TCCGCGGCAGCATCTG-1_V13B23-285_D1,11
TCCGCGGCCCAATGAA-1_V13B23-285_D1,7
TCCGCTGTCATCCCGG-1_V13B23-285_D1,7
TCCGCTTATCCCATTA-1_V13B23-285_D1,1
TCCGGAGGAAGGGCTG-1_V13B23-285_D1,9
TCCGGCCTAGCGTACA-1_V13B23-285_D1,11
TCCGGCTGTCGGGTCG-1_V13B23-285_D1,7
TCCGGGCTTGACGGGA-1_V13B23-285_D1,7
TCCGGTTCGTCCGGTC-1_V13B23-285_D1,4
TCCGTAACCACAATCC-1_V13B23-285_D1,6
TCCGTTAAGCTAATAT-1_V13B23-285_D1,7
TCCGTTTAGCCTTGAA-1_V13B23-285_D1,11
TCCTAAATTGGGAAGC-1_V13B23-285_D1,7
TCCTAACCGTCGGGCA-1_V13B23-285_D1,6
TCCTACATCCACGGCC-1_V13B23-285_D1,7
TCCTAGCAAAGAAGCT-1_V13B23-285_D1,6
TCCTATCATAGGTAAC-1_V13B23-285_D1,7
TCCTCCTAAGACATTC-1_V13B23-285_D1,6
TCCTCGGGCTGGGCTT-1_V13B23-285_D1,7
TCCTCTACGAGATGGC-1_V13B23-285_D1,4
TCCTCTCCAGTTGTCC-1_V13B23-285_D1,4
TCCTCTGGCCCATTAG-1_V13B23-285_D1,8
TCCTGCCAACTGGAGA-1_V13B23-285_D1,10
TCCTGCGTTGATACTC-1_V13B23-285_D1,4
TCCTGGCGCTGCCTGG-1_V13B23-285_D1,9
TCCTTACGACGGTCCG-1_V13B23-285_D1,7
TCCTTCAGTGGTCGAA-1_V13B23-285_D1,10
TCCTTTAAATCCGCTT-1_V13B23-285_D1,7
TCCTTTCTTACGCTTA-1_V13B23-285_D1,6
TCGAAATTTAGGACCA-1_V13B23-285_D1,4
TCGAAGAACCGAGCAC-1_V13B23-285_D1,7
TCGAATATCCCGCAGG-1_V13B23-285_D1,6
TCGACAACTGAACCCG-1_V13B23-285_D1,6
TCGAGACCAACACCGT-1_V13B23-285_D1,4
TCGAGCCAGGCAGGCC-1_V13B23-285_D1,6
TCGAGGGCAACAGACG-1_V13B23-285_D1,7
TCGCAAAGATGCATTT-1_V13B23-285_D1,7
TCGCACCAGGAGGCAG-1_V13B23-285_D1,7
TCGCATAAAGGGCGCA-1_V13B23-285_D1,7
TCGCATCCCTAAGTGT-1_V13B23-285_D1,3
TCGCCGAAGTTGCGTC-1_V13B23-285_D1,6
TCGCCGGTCGATCCGT-1_V13B23-285_D1,4
TCGCGTAGCAGTGTCC-1_V13B23-285_D1,7
TCGCGTCCAGAAGGTC-1_V13B23-285_D1,4
TCGCTAAACCGCTATC-1_V13B23-285_D1,10
TCGCTCGATATATTCC-1_V13B23-285_D1,6
TCGCTCGGCACCAGCG-1_V13B23-285_D1,11
TCGCTGGGCGGATTGT-1_V13B23-285_D1,7
TCGCTGTGCGTAAATC-1_V13B23-285_D1,4
TCGCTTTAAACGTTTG-1_V13B23-285_D1,6
TCGGAATGCGCTCTGA-1_V13B23-285_D1,4
TCGGACGCCCAGCCCA-1_V13B23-285_D1,11
TCGGAGAGTATCGGGA-1_V13B23-285_D1,6
TCGGAGTACATGAGTA-1_V13B23-285_D1,11
TCGGCGAACCCAAACC-1_V13B23-285_D1,7
TCGGCGTACTGCACAA-1_V13B23-285_D1,6
TCGGCTTGTATCGACG-1_V13B23-285_D1,7
TCGGGAACGTGCCTAG-1_V13B23-285_D1,11
TCGGGAGACAGCGTAC-1_V13B23-285_D1,7
TCGGGATTCAAACATA-1_V13B23-285_D1,11
TCGGGCCGTCGTGGTA-1_V13B23-285_D1,7
TCGGGTGAAACTGCTA-1_V13B23-285_D1,8
TCGGTCCCGACAATAG-1_V13B23-285_D1,6
TCGGTCCCTGACTCCA-1_V13B23-285_D1,8
TCGGTGACCGCTCCGG-1_V13B23-285_D1,11
TCGTAAGACGACATTG-1_V13B23-285_D1,11
TCGTAAGCTCCGAGGA-1_V13B23-285_D1,11
TCGTATAGTGCAATTA-1_V13B23-285_D1,8
TCGTATTACCCATTGC-1_V13B23-285_D1,4
TCGTCAAGTACGCGCA-1_V13B23-285_D1,6
TCGTCACACTGTTAGC-1_V13B23-285_D1,4
TCGTCCGCTGGCGTCT-1_V13B23-285_D1,4
TCGTCTTAGGCGTTAA-1_V13B23-285_D1,7
TCGTGTACTATGGATG-1_V13B23-285_D1,7
TCGTGTATTGGTCACG-1_V13B23-285_D1,7
TCGTGTCACGCTGACA-1_V13B23-285_D1,11
TCGTGTTCGACCACAA-1_V13B23-285_D1,7
TCGTTAGGAGTCCCTA-1_V13B23-285_D1,4
TCGTTCGTTATTATGT-1_V13B23-285_D1,8
TCGTTGCTATCCGGTC-1_V13B23-285_D1,6
TCGTTGGCTCGTCAAT-1_V13B23-285_D1,10
TCTAATACTGCCTCAG-1_V13B23-285_D1,6
TCTACCCAATAGAGAG-1_V13B23-285_D1,7
TCTACCGTCCACAAGC-1_V13B23-285_D1,6
TCTAGCAATCTCCGCC-1_V13B23-285_D1,6
TCTAGCATCTTCGATG-1_V13B23-285_D1,4
TCTAGCATGCCCAGAA-1_V13B23-285_D1,7
TCTAGGTGGCGACGCT-1_V13B23-285_D1,11
TCTAGTGATATCGTGG-1_V13B23-285_D1,7
TCTAGTTATCAGAAGA-1_V13B23-285_D1,4
TCTATAGGTGGGTAAT-1_V13B23-285_D1,7
TCTATCATGCAGTTAC-1_V13B23-285_D1,4
TCTATCGGTCGCAACA-1_V13B23-285_D1,9
TCTATGCTATAACGAC-1_V13B23-285_D1,7
TCTATTACGCTGGCGA-1_V13B23-285_D1,9
TCTCATGAGATAGGGT-1_V13B23-285_D1,7
TCTCCAACGTAGGTTA-1_V13B23-285_D1,10
TCTCCACAAGTTGAAT-1_V13B23-285_D1,7
TCTCCCTGGGCAGCGT-1_V13B23-285_D1,7
TCTCGAACGAGGTCAC-1_V13B23-285_D1,9
TCTCGACGTATCGCCG-1_V13B23-285_D1,7
TCTCGAGGAGGTTCGC-1_V13B23-285_D1,7
TCTCGGCTCCAGGACT-1_V13B23-285_D1,4
TCTCTAATAGCTGGTA-1_V13B23-285_D1,4
TCTCTCGCCGCACATA-1_V13B23-285_D1,7
TCTGAACCGGTCGGCT-1_V13B23-285_D1,4
TCTGAACTCGTACCCG-1_V13B23-285_D1,7
TCTGAAGCACGTGGTC-1_V13B23-285_D1,7
TCTGAATTCCGTACAA-1_V13B23-285_D1,11
TCTGACGGGCTAACCC-1_V13B23-285_D1,11
TCTGAGCAATTGACTG-1_V13B23-285_D1,7
TCTGATCGGGTGCTAG-1_V13B23-285_D1,11
TCTGATGTATTCTGTC-1_V13B23-285_D1,7
TCTGATTGGAAATGGA-1_V13B23-285_D1,11
TCTGCACCATTAGTAA-1_V13B23-285_D1,11
TCTGCATACCTTGCTT-1_V13B23-285_D1,7
TCTGCCAGAAACTGCA-1_V13B23-285_D1,7
TCTGCGAATCGTTCGC-1_V13B23-285_D1,2
TCTGCGTCCGGTTTCT-1_V13B23-285_D1,4
TCTGCTTAGAACAAGC-1_V13B23-285_D1,7
TCTGGAGCGTAAGAGT-1_V13B23-285_D1,4
TCTGGCCGTTCAAGTT-1_V13B23-285_D1,11
TCTGGGAACCTTTGAA-1_V13B23-285_D1,7
TCTGGGTAGCGCTCAT-1_V13B23-285_D1,6
TCTGTCATACAAGAGC-1_V13B23-285_D1,8
TCTGTGCCATCATAGT-1_V13B23-285_D1,11
TCTGTTACCCAGCATA-1_V13B23-285_D1,6
TCTTACAGAGGTACCG-1_V13B23-285_D1,12
TCTTACCGGAACTCGT-1_V13B23-285_D1,1
TCTTACGGCATCCGAC-1_V13B23-285_D1,4
TCTTACTTATGCCTCT-1_V13B23-285_D1,7
TCTTAGAGCTCCAATT-1_V13B23-285_D1,7
TCTTAGAGTGAACTCT-1_V13B23-285_D1,7
TCTTCCCATGGGCACA-1_V13B23-285_D1,11
TCTTCGAATAGACGTT-1_V13B23-285_D1,7
TCTTCGATACCAATAA-1_V13B23-285_D1,6
TCTTCGCGGTGAGAGG-1_V13B23-285_D1,7
TCTTCTATAACCCGCC-1_V13B23-285_D1,7
TCTTGATGCGTAGCGA-1_V13B23-285_D1,6
TCTTGGTAACACCAAA-1_V13B23-285_D1,10
TCTTTAAGACTATGAA-1_V13B23-285_D1,11
TCTTTAGAGTCTAACA-1_V13B23-285_D1,7
TCTTTAGCAGGCGAAC-1_V13B23-285_D1,11
TCTTTCCTTCGAGATA-1_V13B23-285_D1,7
TCTTTCTCTTAAGGAG-1_V13B23-285_D1,8
TGAAACTTATGCAAGC-1_V13B23-285_D1,5
TGAAAGGACCTGACTC-1_V13B23-285_D1,11
TGAATATGCTATAAAC-1_V13B23-285_D1,2
TGAATGAGATACAGCA-1_V13B23-285_D1,2
TGAATGTCAGCCGGCC-1_V13B23-285_D1,3
TGACAACGCATGTCGC-1_V13B23-285_D1,7
TGACACTTCTCTTTGC-1_V13B23-285_D1,11
TGACATCGAGCGGACC-1_V13B23-285_D1,11
TGACCCACGTTAGACA-1_V13B23-285_D1,4
TGACGAATATTTCCCT-1_V13B23-285_D1,6
TGACGATGCACTAGAA-1_V13B23-285_D1,7
TGACTATAATCCTTTC-1_V13B23-285_D1,7
TGACTCTAACTGGTAA-1_V13B23-285_D1,7
TGAGAATGCTTTACCG-1_V13B23-285_D1,10
TGAGAGATTTACCACG-1_V13B23-285_D1,7
TGAGATTAGGCCCTAA-1_V13B23-285_D1,9
TGAGCCATACAGTCTC-1_V13B23-285_D1,6
TGAGCGGAAAGTGTTC-1_V13B23-285_D1,1
TGAGCTCAACTGTATA-1_V13B23-285_D1,7
TGAGCTTTAATGACGC-1_V13B23-285_D1,10
TGAGGAGTGCCAGCTT-1_V13B23-285_D1,6
TGAGTAAATTAGCGTA-1_V13B23-285_D1,4
TGAGTGCCTCTTAAAT-1_V13B23-285_D1,6
TGAGTGGTCCGTGACG-1_V13B23-285_D1,11
TGAGTTAAAGACATTC-1_V13B23-285_D1,7
TGATACATTTAGCCGT-1_V13B23-285_D1,6
TGATCAGGGAACTGCT-1_V13B23-285_D1,11
TGATCCCAGCATTAGT-1_V13B23-285_D1,11
TGATCGGTTTGACCCT-1_V13B23-285_D1,4
TGATCTACGCTGATCT-1_V13B23-285_D1,11
TGATCTCCGGCGCCAG-1_V13B23-285_D1,4
TGATGGCTGTTTCTGA-1_V13B23-285_D1,11
TGATGTCAATTAAGTG-1_V13B23-285_D1,7
TGATTATGGCACGCAG-1_V13B23-285_D1,9
TGATTCGTCTATCACT-1_V13B23-285_D1,4
TGATTCTGTCGCCGGT-1_V13B23-285_D1,4
TGATTTATTAGCTGTG-1_V13B23-285_D1,4
TGATTTCCTCCTGACG-1_V13B23-285_D1,4
TGCAACCCATCTGCGG-1_V13B23-285_D1,7
TGCAAGAATGACGTAA-1_V13B23-285_D1,3
TGCAATCTAACACGGT-1_V13B23-285_D1,7
TGCAATTTGGGCACGG-1_V13B23-285_D1,9
TGCACAGTGAAGTTAT-1_V13B23-285_D1,11
TGCAGAACTATATCGT-1_V13B23-285_D1,11
TGCAGAGTACCGAGCA-1_V13B23-285_D1,6
TGCAGATCGTCCTAGG-1_V13B23-285_D1,11
TGCAGCTACGTACTTC-1_V13B23-285_D1,11
TGCAGGATCGGCAAAG-1_V13B23-285_D1,4
TGCAGTGAGGCTCGGG-1_V13B23-285_D1,2
TGCAGTTTCCTCCCAT-1_V13B23-285_D1,7
TGCATATGTCTGTCAC-1_V13B23-285_D1,11
TGCATGGATCGGATCT-1_V13B23-285_D1,10
TGCATGTGGTAATCTA-1_V13B23-285_D1,1
TGCCAAAGTCAGACTT-1_V13B23-285_D1,11
TGCCAATGGGTACTCT-1_V13B23-285_D1,4
TGCCACCTGGCGAAAC-1_V13B23-285_D1,10
TGCCAGTACGTGGAGA-1_V13B23-285_D1,7
TGCCATTACTAAAGAA-1_V13B23-285_D1,1
TGCCCGTACCGTTAAA-1_V13B23-285_D1,7
TGCCGAAAGCGTATTC-1_V13B23-285_D1,11
TGCCGTGGATCGTCCT-1_V13B23-285_D1,1
TGCCTAAATTTAATAG-1_V13B23-285_D1,7
TGCCTAATTGAAGATT-1_V13B23-285_D1,7
TGCCTGACATCGGTCA-1_V13B23-285_D1,4
TGCCTGATCAAACGAT-1_V13B23-285_D1,10
TGCCTTGGCCAGGCAA-1_V13B23-285_D1,7
TGCGACACCCTAGTGC-1_V13B23-285_D1,6
TGCGACGGCCGAACGT-1_V13B23-285_D1,6
TGCGAGAATATTACCC-1_V13B23-285_D1,6
TGCGAGCCCTTCCGCG-1_V13B23-285_D1,10
TGCGCAAAGCATTTGG-1_V13B23-285_D1,6
TGCGCCGTTAATAACG-1_V13B23-285_D1,7
TGCGCGATTAACGGAG-1_V13B23-285_D1,4
TGCGGAGTAAAGGTGC-1_V13B23-285_D1,1
TGCGGCATAGTTCAAC-1_V13B23-285_D1,10
TGCGGTGAAATTTCAT-1_V13B23-285_D1,5
TGCGTAAGAACCTGAT-1_V13B23-285_D1,6
TGCGTACGGCTAATTG-1_V13B23-285_D1,7
TGCGTCATGACTGAGC-1_V13B23-285_D1,6
TGCGTGATTGGGTGTC-1_V13B23-285_D1,6
TGCGTTTGTTGACACT-1_V13B23-285_D1,7
TGCTAAGTGTCTATTT-1_V13B23-285_D1,7
TGCTCCACAGTTCTTA-1_V13B23-285_D1,7
TGCTCGGCGAAACCCA-1_V13B23-285_D1,4
TGCTCTGCCGGTTCAC-1_V13B23-285_D1,11
TGCTCTTGAGAGTTTG-1_V13B23-285_D1,7
TGCTGGTTGGACAATT-1_V13B23-285_D1,4
TGCTGTTGAAGAACTC-1_V13B23-285_D1,7
TGCTTCCCAAGCAGTA-1_V13B23-285_D1,4
TGCTTGAAACCATGCA-1_V13B23-285_D1,6
TGGAACCACTGACACA-1_V13B23-285_D1,11
TGGAAGAAGGGAACGT-1_V13B23-285_D1,11
TGGAAGACGAACACCA-1_V13B23-285_D1,10
TGGAAGGATAAAGATG-1_V13B23-285_D1,10
TGGAATATCCTTGACC-1_V13B23-285_D1,11
TGGAATTAGACGCTTT-1_V13B23-285_D1,4
TGGACCAATCTAAGAT-1_V13B23-285_D1,7
TGGACCACGGCGTTGA-1_V13B23-285_D1,10
TGGACGCAATCCAGCC-1_V13B23-285_D1,6
TGGACTGTTCGCTCAA-1_V13B23-285_D1,7
TGGAGGGAAACACCTC-1_V13B23-285_D1,11
TGGAGTGATGCGATGA-1_V13B23-285_D1,4
TGGCAAACTAAATTAC-1_V13B23-285_D1,7
TGGCAACTCGCGCGCC-1_V13B23-285_D1,6
TGGCAATGGGACGGCG-1_V13B23-285_D1,7
TGGCAGATTACGATCA-1_V13B23-285_D1,4
TGGCAGCAGTAATAGT-1_V13B23-285_D1,4
TGGCCAAACTGAAGTA-1_V13B23-285_D1,11
TGGCCGTATATTGACC-1_V13B23-285_D1,4
TGGCGACTGCTCCAAA-1_V13B23-285_D1,6
TGGCGATCAAGTTATG-1_V13B23-285_D1,4
TGGCTACACTCTACCT-1_V13B23-285_D1,7
TGGCTATGTGACATAC-1_V13B23-285_D1,7
TGGCTTGTACAAGCTT-1_V13B23-285_D1,2
TGGCTTTGGGTAGACA-1_V13B23-285_D1,4
TGGGAAATGCCTTTCC-1_V13B23-285_D1,4
TGGGATGCACTCATTC-1_V13B23-285_D1,11
TGGGCAATAGTTGGGT-1_V13B23-285_D1,7
TGGGCACGTTCTATGG-1_V13B23-285_D1,10
TGGGCAGGCCACCGCA-1_V13B23-285_D1,7
TGGGCCACAAGAGCGC-1_V13B23-285_D1,10
TGGGCCCATACTAATT-1_V13B23-285_D1,7
TGGTAGAATATATGGG-1_V13B23-285_D1,7
TGGTATCGCATCCCAA-1_V13B23-285_D1,8
TGGTCCCACGCTACGG-1_V13B23-285_D1,7
TGGTGATCGTATTTGT-1_V13B23-285_D1,6
TGGTTAAGGGCGCTGG-1_V13B23-285_D1,11
TGGTTCAACGGGTAAT-1_V13B23-285_D1,7
TGGTTCGTAGCAAAGG-1_V13B23-285_D1,4
TGGTTGGAGGATCCTG-1_V13B23-285_D1,9
TGGTTTAAACGTGGGT-1_V13B23-285_D1,11
TGTAATGACCACAATA-1_V13B23-285_D1,11
TGTACCTACACGAGGG-1_V13B23-285_D1,7
TGTACGAACAAATCCG-1_V13B23-285_D1,4
TGTACTACTCTCACGG-1_V13B23-285_D1,2
TGTAGCCATCCCATTC-1_V13B23-285_D1,7
TGTAGGAGAAATTTCC-1_V13B23-285_D1,11
TGTAGTGATCTATAAT-1_V13B23-285_D1,6
TGTATAACAGATCCTG-1_V13B23-285_D1,11
TGTATACGGATGATGA-1_V13B23-285_D1,11
TGTATCCTTATTCCAT-1_V13B23-285_D1,8
TGTATGGCGCAGACAG-1_V13B23-285_D1,7
TGTATTTACCTAATGC-1_V13B23-285_D1,8
TGTCATTTGTTGGGAA-1_V13B23-285_D1,11
TGTCCACGGCTCAACT-1_V13B23-285_D1,7
TGTCCCGACATAGCAC-1_V13B23-285_D1,8
TGTCCGTGGCGCCTTT-1_V13B23-285_D1,4
TGTCCTAAGTCACCGC-1_V13B23-285_D1,11
TGTCGGCATGGTGGAA-1_V13B23-285_D1,10
TGTCTACAGTTTCTGT-1_V13B23-285_D1,8
TGTGACTACGCCAGTC-1_V13B23-285_D1,10
TGTGAGACTAGCCCAA-1_V13B23-285_D1,1
TGTGCCGGTGCCGGAA-1_V13B23-285_D1,7
TGTGCTTTACGTAAGA-1_V13B23-285_D1,11
TGTGGACTATCTACGT-1_V13B23-285_D1,7
TGTGGCAAAGCGTATG-1_V13B23-285_D1,11
TGTGGCTCCCACCAAC-1_V13B23-285_D1,7
TGTGGTAGGGTGCCTT-1_V13B23-285_D1,7
TGTGTAGTAGCACGTG-1_V13B23-285_D1,7
TGTGTCGCGAGTTGCA-1_V13B23-285_D1,4
TGTGTTCGTATCCAAG-1_V13B23-285_D1,4
TGTTATTGTATGTGGC-1_V13B23-285_D1,7
TGTTCCGCTTCCATGA-1_V13B23-285_D1,6
TGTTCGTATTGCGGTG-1_V13B23-285_D1,4
TGTTCTTCCATTGACT-1_V13B23-285_D1,6
TGTTGCCGTCGTCCCA-1_V13B23-285_D1,7
TGTTGTCAAGAAGTCT-1_V13B23-285_D1,6
TGTTTAATACTTCATC-1_V13B23-285_D1,8
TGTTTCGGTACTTCTC-1_V13B23-285_D1,12
TGTTTGAGATCGTCAG-1_V13B23-285_D1,7
TTAAACAGAGTCCCGC-1_V13B23-285_D1,10
TTAAACTCGAATTCAT-1_V13B23-285_D1,11
TTAACACCTCGAACAT-1_V13B23-285_D1,4
TTAACCAACCCTCCCT-1_V13B23-285_D1,4
TTAACGAACAAGCAGT-1_V13B23-285_D1,2
TTAACGTCGCAAGACC-1_V13B23-285_D1,8
TTAACTTCAGGTAGGA-1_V13B23-285_D1,6
TTAAGATAGGATTGAC-1_V13B23-285_D1,7
TTAAGCCGACAACTTC-1_V13B23-285_D1,5
TTAAGCGCCTGACCCA-1_V13B23-285_D1,4
TTAAGGCCCGTACTTT-1_V13B23-285_D1,6
TTAAGTATTGTTATCC-1_V13B23-285_D1,7
TTAATCAGTACGTCAG-1_V13B23-285_D1,10
TTAATGTAGACCAGGT-1_V13B23-285_D1,6
TTAATTGCTTTGGGTG-1_V13B23-285_D1,7
TTAATTTCAGACGCGG-1_V13B23-285_D1,10
TTACAACTACGCATCC-1_V13B23-285_D1,4
TTACACGATCTGCGAC-1_V13B23-285_D1,7
TTACAGACCTAAATGA-1_V13B23-285_D1,11
TTACATCGTGGCCTGG-1_V13B23-285_D1,4
TTACATGCCACAACTA-1_V13B23-285_D1,7
TTACCATTGATTACCC-1_V13B23-285_D1,11
TTACCCATTGCCGGGT-1_V13B23-285_D1,10
TTACCCTAACAGTCCT-1_V13B23-285_D1,4
TTACCCTAGGGATTGG-1_V13B23-285_D1,6
TTACCGCCTTAGGGAA-1_V13B23-285_D1,4
TTACGGATGGTTCGAG-1_V13B23-285_D1,11
TTACGTATCTATGACA-1_V13B23-285_D1,7
TTACTAAAGGACTTTA-1_V13B23-285_D1,7
TTACTATCGGCTTCTC-1_V13B23-285_D1,11
TTACTCCGGCCGGGAA-1_V13B23-285_D1,11
TTACTCTGGTACGTAC-1_V13B23-285_D1,6
TTACTGGGATATTTCA-1_V13B23-285_D1,4
TTACTGTCTAGAGCTC-1_V13B23-285_D1,2
TTAGAAGAACATGACT-1_V13B23-285_D1,1
TTAGAATAAGGGTCGG-1_V13B23-285_D1,6
TTAGACACGATCGTTG-1_V13B23-285_D1,10
TTAGACGAGTCACCTC-1_V13B23-285_D1,7
TTAGAGTTTAGAAGGA-1_V13B23-285_D1,7
TTAGATAGGTCGATAC-1_V13B23-285_D1,4
TTAGCAACATGGATGT-1_V13B23-285_D1,4
TTAGCTAATACGATCT-1_V13B23-285_D1,9
TTAGCTCTGTAATCCG-1_V13B23-285_D1,6
TTAGCTGATTTGCCGT-1_V13B23-285_D1,7
TTAGGATGGGAGGGTA-1_V13B23-285_D1,7
TTAGGTCATAACCGAC-1_V13B23-285_D1,6
TTAGTAAACCTGCTCT-1_V13B23-285_D1,7
TTAGTAGGGCGGCGGG-1_V13B23-285_D1,11
TTAGTTATTCGTGGCA-1_V13B23-285_D1,7
TTAGTTCAAGTGTTCG-1_V13B23-285_D1,11
TTATAGGTAATTGTCT-1_V13B23-285_D1,7
TTATATACGCTGTCAC-1_V13B23-285_D1,7
TTATATTTGGCAATCC-1_V13B23-285_D1,6
TTATCCAATCGAACTC-1_V13B23-285_D1,4
TTATCCGGGATCTATA-1_V13B23-285_D1,7
TTATCCTCAAGGAATA-1_V13B23-285_D1,11
TTATCGCCTGCGAAGC-1_V13B23-285_D1,6
TTATCTGTATCATAAC-1_V13B23-285_D1,4
TTATGAATGAAAGGGA-1_V13B23-285_D1,4
TTATGACAAACTGGAT-1_V13B23-285_D1,4
TTATGATCTTAACGAA-1_V13B23-285_D1,7
TTATGTTTGCGATAGA-1_V13B23-285_D1,4
TTATTAGAGCGTGTTC-1_V13B23-285_D1,7
TTATTAGGGAAGCATC-1_V13B23-285_D1,10
TTATTATCTGGAAGGC-1_V13B23-285_D1,7
TTATTTAGGTTCCTTA-1_V13B23-285_D1,7
TTCAAAGTCTCTAGCC-1_V13B23-285_D1,12
TTCAACGACCCGACCG-1_V13B23-285_D1,4
TTCAAGCCGAGCTGAG-1_V13B23-285_D1,5
TTCAATACTCTGAATC-1_V13B23-285_D1,7
TTCAATTAGCCATAAT-1_V13B23-285_D1,8
TTCACGAAAGGATCAC-1_V13B23-285_D1,4
TTCACTCGAGCACCTA-1_V13B23-285_D1,7
TTCAGAGTAACCTGAC-1_V13B23-285_D1,10
TTCAGCCCTGGTCCAC-1_V13B23-285_D1,7
TTCAGCTGGCGTGCCC-1_V13B23-285_D1,7
TTCAGGCGTCAAAGCC-1_V13B23-285_D1,11
TTCATGGCGCAACAGG-1_V13B23-285_D1,10
TTCCAATCAGAGCTAG-1_V13B23-285_D1,9
TTCCAATCTGGCTATC-1_V13B23-285_D1,4
TTCCACACAGATTTGA-1_V13B23-285_D1,4
TTCCAGACGAGATTTA-1_V13B23-285_D1,7
TTCCATCATGCGGTGA-1_V13B23-285_D1,11
TTCCATCGACAGCGTG-1_V13B23-285_D1,7
TTCCGCAGAGAAATAT-1_V13B23-285_D1,11
TTCCGCGTGAGGCGAT-1_V13B23-285_D1,1
TTCCGGCCTTGAGGCT-1_V13B23-285_D1,9
TTCCGGCTCGACTTCT-1_V13B23-285_D1,2
TTCCGGTATCTGTGTC-1_V13B23-285_D1,7
TTCCGGTTACCCACTT-1_V13B23-285_D1,7
TTCCTCGAGGGTGTCT-1_V13B23-285_D1,4
TTCCTCGGACTAACCA-1_V13B23-285_D1,7
TTCCTCTGCCCGAATA-1_V13B23-285_D1,11
TTCCTTTCTGTGTTGC-1_V13B23-285_D1,4
TTCGACAGAGCCCGTG-1_V13B23-285_D1,7
TTCGACGGGAAGGGCG-1_V13B23-285_D1,4
TTCGCACTCGCGTGCT-1_V13B23-285_D1,4
TTCGCACTGTACGACA-1_V13B23-285_D1,6
TTCGCATCCGGAAGCA-1_V13B23-285_D1,6
TTCGCGCGCCATACGA-1_V13B23-285_D1,6
TTCGCTAGGAAGTTGT-1_V13B23-285_D1,7
TTCGCTATCTGACGTG-1_V13B23-285_D1,11
TTCGGCAACCCGCTGA-1_V13B23-285_D1,10
TTCGGCTAGAGATGGT-1_V13B23-285_D1,9
TTCGGGACTAATCGCG-1_V13B23-285_D1,12
TTCGGGCGCTAGTCTT-1_V13B23-285_D1,6
TTCGGGTTGCCACGGG-1_V13B23-285_D1,7
TTCGGTGGAGACGCCC-1_V13B23-285_D1,7
TTCGTAATCCCAGCGG-1_V13B23-285_D1,8
TTCGTACTCCAGAACG-1_V13B23-285_D1,4
TTCGTTCAACGAAGTT-1_V13B23-285_D1,11
TTCTAACCGAAGCTTA-1_V13B23-285_D1,11
TTCTACTTGCGAGGGC-1_V13B23-285_D1,4
TTCTAGAAAGTCTTAT-1_V13B23-285_D1,6
TTCTAGGCCAATTGTG-1_V13B23-285_D1,4
TTCTATGCCTTTCGCA-1_V13B23-285_D1,11
TTCTGACCGGGCTCAA-1_V13B23-285_D1,7
TTCTGCCGCGCCTAGA-1_V13B23-285_D1,7
TTCTGCGAGCGCCCTT-1_V13B23-285_D1,11
TTCTGCGGGTTAGCGG-1_V13B23-285_D1,7
TTCTGCTAGACTCCAA-1_V13B23-285_D1,11
TTCTTAGTGAACGGTG-1_V13B23-285_D1,4
TTCTTAGTGGCTCAGA-1_V13B23-285_D1,10
TTCTTATCCGCTGGGT-1_V13B23-285_D1,7
TTCTTGAGCCGCGCTA-1_V13B23-285_D1,6
TTCTTGCTAGCATCTC-1_V13B23-285_D1,7
TTCTTGGACGATCTGC-1_V13B23-285_D1,6
TTCTTGGAGTAATGAG-1_V13B23-285_D1,10
TTCTTGTAACCTAATG-1_V13B23-285_D1,4
TTCTTTGGTCGCGACG-1_V13B23-285_D1,2
TTGAAACCCTCATTCC-1_V13B23-285_D1,7
TTGAAAGGTGTAAAGG-1_V13B23-285_D1,11
TTGAACGAATCCTTTG-1_V13B23-285_D1,4
TTGAACGACGTGCTGA-1_V13B23-285_D1,7
TTGAAGAATTCCCAGG-1_V13B23-285_D1,4
TTGAATATGGACTTTC-1_V13B23-285_D1,11
TTGAATTCACGTGAGG-1_V13B23-285_D1,7
TTGACAGGAGCTCCCG-1_V13B23-285_D1,7
TTGACATGAACGTGGA-1_V13B23-285_D1,6
TTGACCAGGAACAACT-1_V13B23-285_D1,7
TTGACCATGTTCTCCG-1_V13B23-285_D1,6
TTGACCGTGTTAATGA-1_V13B23-285_D1,6
TTGACGCTCCATGAGC-1_V13B23-285_D1,7
TTGACTACCATATGGT-1_V13B23-285_D1,6
TTGACTATTGTCCGGC-1_V13B23-285_D1,7
TTGAGAAGTTTAGCAT-1_V13B23-285_D1,7
TTGAGAGTACTGCTAA-1_V13B23-285_D1,6
TTGAGCAGCCCACGGT-1_V13B23-285_D1,7
TTGAGCGCCACGTGAT-1_V13B23-285_D1,1
TTGAGTCCCGCTGCTG-1_V13B23-285_D1,7
TTGATAGTCAATACAT-1_V13B23-285_D1,11
TTGATCTAACTTTGTC-1_V13B23-285_D1,4
TTGATGTGTAGTCCCG-1_V13B23-285_D1,6
TTGATTAGCTGTTTCT-1_V13B23-285_D1,6
TTGATTATGCAGATGA-1_V13B23-285_D1,4
TTGCACAATTCAGAAA-1_V13B23-285_D1,4
TTGCACGGAGCAGCAC-1_V13B23-285_D1,4
TTGCATGCTGATCACG-1_V13B23-285_D1,6
TTGCCAAGCAGAACCC-1_V13B23-285_D1,7
TTGCCATAGCCCGCTC-1_V13B23-285_D1,6
TTGCCCTGATCACGGG-1_V13B23-285_D1,4
TTGCCGCTTTCTAGTA-1_V13B23-285_D1,7
TTGCCGGTGATCCCTC-1_V13B23-285_D1,11
TTGCGGCATCAGAAAG-1_V13B23-285_D1,6
TTGCGTAGTTTGAGGA-1_V13B23-285_D1,9
TTGCGTCGGCCAACCG-1_V13B23-285_D1,6
TTGCGTGAACGCTTAG-1_V13B23-285_D1,11
TTGCTCATAGTACGTG-1_V13B23-285_D1,7
TTGCTCCCATACCGGA-1_V13B23-285_D1,1
TTGCTGAAGGAACCAC-1_V13B23-285_D1,9
TTGCTGATCATGTTCG-1_V13B23-285_D1,4
TTGCTGCACCTATCCA-1_V13B23-285_D1,4
TTGCTGGCCGGGCTTC-1_V13B23-285_D1,8
TTGGAAGAATACAGTC-1_V13B23-285_D1,6
TTGGACATGTGGCTTA-1_V13B23-285_D1,11
TTGGACCATCTGGCAA-1_V13B23-285_D1,7
TTGGACCTATAACAGT-1_V13B23-285_D1,7
TTGGATATCGTCTACG-1_V13B23-285_D1,4
TTGGATCGACTTCTGG-1_V13B23-285_D1,8
TTGGATTGGGTACCAC-1_V13B23-285_D1,10
TTGGCCATCTTGCGCT-1_V13B23-285_D1,4
TTGGCCTAGAATTTCG-1_V13B23-285_D1,10
TTGGCGATCCGAATAT-1_V13B23-285_D1,11
TTGGCTCAATATGTGT-1_V13B23-285_D1,7
TTGGCTCGCATGAGAC-1_V13B23-285_D1,4
TTGGGACACTGCCCGC-1_V13B23-285_D1,6
TTGGGACGTAAGAGTT-1_V13B23-285_D1,7
TTGGGCGGCGGTTGCC-1_V13B23-285_D1,11
TTGGGTTTATTCAGCG-1_V13B23-285_D1,2
TTGGTATGGCTTGTGT-1_V13B23-285_D1,11
TTGGTCACACTCGTAA-1_V13B23-285_D1,4
TTGGTTCGCTCAAAGG-1_V13B23-285_D1,4
TTGGTTGCGGTGCGCG-1_V13B23-285_D1,6
TTGTAAGGACCTAAGT-1_V13B23-285_D1,6
TTGTAAGGCCAGTTGG-1_V13B23-285_D1,1
TTGTAATCCGTACTCG-1_V13B23-285_D1,4
TTGTATCACACAGAAT-1_V13B23-285_D1,5
TTGTCGTTCAGTTACC-1_V13B23-285_D1,4
TTGTGAACCTAATCCG-1_V13B23-285_D1,7
TTGTGCAGCCACGTCA-1_V13B23-285_D1,7
TTGTGGCCCTGACAGT-1_V13B23-285_D1,4
TTGTGGTAGGAGGGAT-1_V13B23-285_D1,6
TTGTGGTATAGGTATG-1_V13B23-285_D1,11
TTGTGGTGGTACTAAG-1_V13B23-285_D1,7
TTGTGTATGCCACCAA-1_V13B23-285_D1,11
TTGTGTTTCCCGAAAG-1_V13B23-285_D1,9
TTGTTAGCAAATTCGA-1_V13B23-285_D1,4
TTGTTCAGTGTGCTAC-1_V13B23-285_D1,1
TTGTTGTGTGTCAAGA-1_V13B23-285_D1,11
TTGTTTCACATCCAGG-1_V13B23-285_D1,6
TTGTTTCATTAGTCTA-1_V13B23-285_D1,6
TTGTTTCCATACAACT-1_V13B23-285_D1,6
