key,cluster
AAACAAGTATCTCCCA-1_V12D07-075_C1,18
AAACAGAGCGACTCCT-1_V12D07-075_C1,6
AAACATTTCCCGGATT-1_V12D07-075_C1,18
AAACCCGAACGAAATC-1_V12D07-075_C1,6
AAACCGGAAATGTTAA-1_V12D07-075_C1,6
AAACCGGGTAGGTACC-1_V12D07-075_C1,14
AAACCGTTCGTCCAGG-1_V12D07-075_C1,14
AAACCTAAGCAGCCGG-1_V12D07-075_C1,18
AAACCTCATGAAGTTG-1_V12D07-075_C1,2
AAACGAAGAACATACC-1_V12D07-075_C1,6
AAACGAGACGGTTGAT-1_V12D07-075_C1,18
AAACGCTGGGCACGAC-1_V12D07-075_C1,9
AAACGGTTGCGAACTG-1_V12D07-075_C1,4
AAACGTGTTCGCCCTA-1_V12D07-075_C1,6
AAACTAACGTGGCGAC-1_V12D07-075_C1,6
AAACTCGGTTCGCAAT-1_V12D07-075_C1,18
AAACTCGTGATATAAG-1_V12D07-075_C1,6
AAACTGCTGGCTCCAA-1_V12D07-075_C1,18
AAAGAATGTGGACTAA-1_V12D07-075_C1,2
AAAGACCCAAGTCGCG-1_V12D07-075_C1,6
AAAGACTGGGCGCTTT-1_V12D07-075_C1,13
AAAGCTTGCCTACATA-1_V12D07-075_C1,6
AAAGGCTACGGACCAT-1_V12D07-075_C1,13
AAAGGCTCTCGCGCCG-1_V12D07-075_C1,2
AAAGGGATGTAGCAAG-1_V12D07-075_C1,13
AAAGGGCAGCTTGAAT-1_V12D07-075_C1,13
AAAGGTAAGCTGTACC-1_V12D07-075_C1,6
AAAGTCACTGATGTAA-1_V12D07-075_C1,6
AAAGTCGACCCTCAGT-1_V12D07-075_C1,5
AAAGTGCCATCAATTA-1_V12D07-075_C1,12
AAAGTGTGATTTATCT-1_V12D07-075_C1,18
AAAGTTGACTCCCGTA-1_V12D07-075_C1,18
AAATAACCATACGGGA-1_V12D07-075_C1,6
AAATAAGGTAGTGCCC-1_V12D07-075_C1,6
AAATACCTATAAGCAT-1_V12D07-075_C1,13
AAATAGCTTAGACTTT-1_V12D07-075_C1,6
AAATAGGGTGCTATTG-1_V12D07-075_C1,12
AAATCGTGTACCACAA-1_V12D07-075_C1,13
AAATCTAGCCCTGCTA-1_V12D07-075_C1,18
AAATGATTCGATCAGC-1_V12D07-075_C1,6
AAATGGCATGTCTTGT-1_V12D07-075_C1,6
AAATGGTCAATGTGCC-1_V12D07-075_C1,13
AAATTAACGGGTAGCT-1_V12D07-075_C1,13
AAATTAATAAGCGCGA-1_V12D07-075_C1,5
AAATTACACGACTCTG-1_V12D07-075_C1,6
AAATTACCTATCGATG-1_V12D07-075_C1,2
AAATTCCAGGTCCAAA-1_V12D07-075_C1,6
AAATTGGTGAGAAGCA-1_V12D07-075_C1,6
AAATTTACCGAAATCC-1_V12D07-075_C1,6
AAATTTGCGGGTGTGG-1_V12D07-075_C1,14
AACAACTGGTAGTTGC-1_V12D07-075_C1,13
AACACACGCTCGCCGC-1_V12D07-075_C1,18
AACACGACTGTACTGA-1_V12D07-075_C1,6
AACACGCGGCCGCGAA-1_V12D07-075_C1,6
AACAGGATGGGCCGCG-1_V12D07-075_C1,13
AACAGGTAGTATGGAT-1_V12D07-075_C1,2
AACATATCAACTGGTG-1_V12D07-075_C1,2
AACATCGATACGTCTA-1_V12D07-075_C1,6
AACATTGTGACTCGAG-1_V12D07-075_C1,13
AACCAAGACTTCTCTG-1_V12D07-075_C1,13
AACCAGTATCACTCTT-1_V12D07-075_C1,6
AACCATGGGATCGCTA-1_V12D07-075_C1,6
AACCCAGAGACGGAGA-1_V12D07-075_C1,3
AACCCGAGCAGAATCG-1_V12D07-075_C1,18
AACCCTACTGTCAATA-1_V12D07-075_C1,18
AACCCTGGTGGAACCA-1_V12D07-075_C1,6
AACCGAGCTTGGTCAT-1_V12D07-075_C1,13
AACCGCTAAGGGATGC-1_V12D07-075_C1,18
AACCGTTGTGTTTGCT-1_V12D07-075_C1,6
AACCTCGCTTTAGCCC-1_V12D07-075_C1,18
AACCTGTCACGGAATT-1_V12D07-075_C1,6
AACCTTTAAATACGGT-1_V12D07-075_C1,13
AACCTTTACGACGTCT-1_V12D07-075_C1,2
AACGATAATGCCGTAG-1_V12D07-075_C1,12
AACGATATGTCAACTG-1_V12D07-075_C1,6
AACGCATGATCTGGGT-1_V12D07-075_C1,6
AACGCGAACGGCAACA-1_V12D07-075_C1,13
AACGCGACCTTGGGCG-1_V12D07-075_C1,13
AACGCGGTCTCCAGCC-1_V12D07-075_C1,13
AACGCTGTTGCTGAAA-1_V12D07-075_C1,18
AACGGACGTACGTATA-1_V12D07-075_C1,18
AACGGCCATCTCCGGT-1_V12D07-075_C1,14
AACGTACTGTGGGTAC-1_V12D07-075_C1,14
AACGTGATGAAGGACA-1_V12D07-075_C1,6
AACGTGCGAAAGTCTC-1_V12D07-075_C1,18
AACGTTATCAGCACCT-1_V12D07-075_C1,13
AACTACCCGTTTGTCA-1_V12D07-075_C1,2
AACTAGGCTTGGGTGT-1_V12D07-075_C1,13
AACTCAAGTTAATTGC-1_V12D07-075_C1,13
AACTCCAGAGCGTGTT-1_V12D07-075_C1,12
AACTCCTAATCCCATG-1_V12D07-075_C1,6
AACTCGATGGCGCAGT-1_V12D07-075_C1,6
AACTCTCAATAGAGCG-1_V12D07-075_C1,2
AACTCTCAGTGTGCTC-1_V12D07-075_C1,14
AACTGAGGTCAGCGTC-1_V12D07-075_C1,6
AACTGAGTTATACTGA-1_V12D07-075_C1,6
AACTGATATTAGGCCT-1_V12D07-075_C1,6
AACTGGGTCCCGACGT-1_V12D07-075_C1,6
AACTGGTGTGGGCCTT-1_V12D07-075_C1,6
AACTTGCCCGTATGCA-1_V12D07-075_C1,13
AACTTTACGGGAGCTT-1_V12D07-075_C1,13
AAGAAGGATCAGTTAG-1_V12D07-075_C1,6
AAGACATACGTGGTTT-1_V12D07-075_C1,18
AAGACCCAACTGAACA-1_V12D07-075_C1,13
AAGACTGCAAGCTACT-1_V12D07-075_C1,13
AAGAGATGAATCGGTA-1_V12D07-075_C1,13
AAGAGCTCTTTATCGG-1_V12D07-075_C1,18
AAGAGGATGTACGCGA-1_V12D07-075_C1,2
AAGAGGCATGGATCGC-1_V12D07-075_C1,2
AAGAGGCCCTTTGGAA-1_V12D07-075_C1,18
AAGATTGGCGGAACGT-1_V12D07-075_C1,2
AAGCACCCTGCGTATC-1_V12D07-075_C1,13
AAGCATACTCTCCTGA-1_V12D07-075_C1,13
AAGCCGAAGCGGTTTA-1_V12D07-075_C1,18
AAGCCGGAGAGCAGGA-1_V12D07-075_C1,12
AAGCGCAGGGCTTTGA-1_V12D07-075_C1,18
AAGCGGCGTCATGGGT-1_V12D07-075_C1,6
AAGCTAGATCGAGTAA-1_V12D07-075_C1,13
AAGCTCGTGCCAAGTC-1_V12D07-075_C1,18
AAGCTCTTTCATGGTG-1_V12D07-075_C1,7
AAGGAGCGGTTGGTGC-1_V12D07-075_C1,13
AAGGATGAGGGACCTC-1_V12D07-075_C1,14
AAGGCAGGCTGTCTCC-1_V12D07-075_C1,6
AAGGCGCGTAAAGCTT-1_V12D07-075_C1,13
AAGGCTGTGCTCATCG-1_V12D07-075_C1,13
AAGGGACAGATTCTGT-1_V12D07-075_C1,2
AAGGTATCCTAATATA-1_V12D07-075_C1,6
AAGGTGATAAACCAGC-1_V12D07-075_C1,18
AAGTAGAAGACCGGGT-1_V12D07-075_C1,13
AAGTAGTGACGCGAGG-1_V12D07-075_C1,13
AAGTCAATTGTCGTCA-1_V12D07-075_C1,18
AAGTCTTCTGTGGCCT-1_V12D07-075_C1,2
AAGTGACGACCGAATT-1_V12D07-075_C1,14
AAGTGAGTCGGGTTTA-1_V12D07-075_C1,9
AAGTGCAAAGGTAGAC-1_V12D07-075_C1,3
AAGTGCCTTGACTGTA-1_V12D07-075_C1,2
AAGTGTTTGGAGACGG-1_V12D07-075_C1,12
AAGTTCACTCCAAGCT-1_V12D07-075_C1,12
AAGTTCAGTCTGCGTA-1_V12D07-075_C1,6
AAGTTCGGCCAACAGG-1_V12D07-075_C1,14
AAGTTTACTAATGGCA-1_V12D07-075_C1,6
AAGTTTATGGGCCCAA-1_V12D07-075_C1,18
AATAACAACGCTCGGC-1_V12D07-075_C1,13
AATAACACTAGAACAA-1_V12D07-075_C1,14
AATAAGTCCTCGAGAC-1_V12D07-075_C1,4
AATAATCTTCGTATCG-1_V12D07-075_C1,6
AATAGAACAGAGTGGC-1_V12D07-075_C1,14
AATAGAATCTGTTTCA-1_V12D07-075_C1,9
AATAGCAAGCCTCCTG-1_V12D07-075_C1,6
AATAGCTACCGCGTGC-1_V12D07-075_C1,6
AATAGTCCGTCCCGAC-1_V12D07-075_C1,13
AATAGTCGCGAGTCGG-1_V12D07-075_C1,13
AATATCAAGGTCGGAT-1_V12D07-075_C1,6
AATATCGAATCAATGC-1_V12D07-075_C1,2
AATATCGAGGGTTCTC-1_V12D07-075_C1,2
AATCAGACTGCAGGAC-1_V12D07-075_C1,6
AATCATGTAAAGACTC-1_V12D07-075_C1,18
AATCCAAGGGCCTGAG-1_V12D07-075_C1,6
AATCCATGCAAGGGTG-1_V12D07-075_C1,13
AATCGCCTCAGCGCCA-1_V12D07-075_C1,13
AATCGCGCAGAGGACT-1_V12D07-075_C1,6
AATCGGGACACTACGA-1_V12D07-075_C1,6
AATCGGTATAGCCCTC-1_V12D07-075_C1,2
AATCGTGAGCCGAGCA-1_V12D07-075_C1,18
AATCTATGCCGGAGCC-1_V12D07-075_C1,6
AATCTCTACTGTGGTT-1_V12D07-075_C1,2
AATCTGCGTTGGGACG-1_V12D07-075_C1,14
AATGACAGCAATGTCT-1_V12D07-075_C1,14
AATGACGTAGGATGTC-1_V12D07-075_C1,18
AATGACTGTCAGCCGG-1_V12D07-075_C1,13
AATGAGTTCGCATATG-1_V12D07-075_C1,12
AATGATGATACGCTAT-1_V12D07-075_C1,6
AATGATGCGACTCCTG-1_V12D07-075_C1,6
AATGCAACCGGGTACC-1_V12D07-075_C1,13
AATGCACCAAGCAATG-1_V12D07-075_C1,13
AATGGTTCTCACAAGC-1_V12D07-075_C1,13
AATGTTGTCGTGAGAC-1_V12D07-075_C1,18
AATTAAAGGTCGGCGT-1_V12D07-075_C1,13
AATTAACGGATTTCCA-1_V12D07-075_C1,3
AATTACTCGTACGCTC-1_V12D07-075_C1,3
AATTAGCGCTGCAGCG-1_V12D07-075_C1,13
AATTCATAAGGGATCT-1_V12D07-075_C1,6
AATTCCAAGCATGTAC-1_V12D07-075_C1,12
AATTCGATTCGAGGAT-1_V12D07-075_C1,13
AATTCTAGAGTTAGGC-1_V12D07-075_C1,13
AATTGAACGCTCTGGT-1_V12D07-075_C1,18
AATTGCAGCAATCGAC-1_V12D07-075_C1,13
AATTGTGGTTGCCAAA-1_V12D07-075_C1,18
AATTTGGGACATAGTA-1_V12D07-075_C1,6
AATTTGGTTCCAAAGA-1_V12D07-075_C1,11
ACAAAGCATGACCTAG-1_V12D07-075_C1,12
ACAAATCGCACCGAAT-1_V12D07-075_C1,13
ACAAATGGTAGTGTTT-1_V12D07-075_C1,18
ACAAATTCAGATCTGA-1_V12D07-075_C1,6
ACAACAGCATGAGCTA-1_V12D07-075_C1,18
ACAACGGTCCCTGCGA-1_V12D07-075_C1,13
ACAAGCAGTGCCTAGC-1_V12D07-075_C1,16
ACAAGCTATATGGAAG-1_V12D07-075_C1,18
ACAAGGAAATCCGCCC-1_V12D07-075_C1,13
ACAAGGACAAGAGGTT-1_V12D07-075_C1,13
ACAAGGATGCTTTAGG-1_V12D07-075_C1,13
ACAAGGGCAGGCTCTG-1_V12D07-075_C1,18
ACAATCCATTTAAACC-1_V12D07-075_C1,13
ACAATGATTCTTCTAC-1_V12D07-075_C1,6
ACAATTGTGTCTCTTT-1_V12D07-075_C1,18
ACAATTTAGGAGGCTC-1_V12D07-075_C1,13
ACAATTTGAGCAGTGG-1_V12D07-075_C1,2
ACAATTTGGCCATATT-1_V12D07-075_C1,6
ACACAAAGACGGGTGG-1_V12D07-075_C1,13
ACACACCAGGACCAGT-1_V12D07-075_C1,18
ACACACTTTCTACACG-1_V12D07-075_C1,6
ACACATTGACGCAACA-1_V12D07-075_C1,18
ACACCACATAATTAGC-1_V12D07-075_C1,6
ACACCCAGCATGCAGC-1_V12D07-075_C1,6
ACACCCGAGAAATCCG-1_V12D07-075_C1,13
ACACCGAGCGCTCTTT-1_V12D07-075_C1,12
ACACCTTAAGTAGGGC-1_V12D07-075_C1,13
ACACCTTACTACTTGC-1_V12D07-075_C1,6
ACACGAGACTCCTTCT-1_V12D07-075_C1,13
ACACGGCACTATGCAT-1_V12D07-075_C1,6
ACACGGGAACTTAGGG-1_V12D07-075_C1,18
ACACGTAGGCCACAAG-1_V12D07-075_C1,18
ACACTCCAATGTCACT-1_V12D07-075_C1,13
ACACTGATCAAGGTGT-1_V12D07-075_C1,2
ACACTGGGACAGTCGT-1_V12D07-075_C1,18
ACAGATTAGGTTAGTG-1_V12D07-075_C1,6
ACAGCATAGAGCCAGT-1_V12D07-075_C1,6
ACAGCGACATTCTCAT-1_V12D07-075_C1,12
ACAGCGCACCCGCAGC-1_V12D07-075_C1,6
ACAGGCACGGATCCTT-1_V12D07-075_C1,18
ACAGGCTTGCCCGACT-1_V12D07-075_C1,13
ACAGGTGGAGGTGAGG-1_V12D07-075_C1,14
ACAGGTGTGTTGTTGC-1_V12D07-075_C1,2
ACAGTATACCGTGGGA-1_V12D07-075_C1,6
ACATCAGCTGGGACGC-1_V12D07-075_C1,13
ACATCCCGGCCATACG-1_V12D07-075_C1,9
ACATCCTGGTAACTGT-1_V12D07-075_C1,18
ACATCGATCGTTTACC-1_V12D07-075_C1,13
ACATCGGTCAGCCGCG-1_V12D07-075_C1,2
ACATCGTATGCAATGG-1_V12D07-075_C1,18
ACATCGTTAACCTAGT-1_V12D07-075_C1,6
ACATGGCGCCAAAGTA-1_V12D07-075_C1,2
ACATGGCTCAATTTAG-1_V12D07-075_C1,13
ACATTAGTTTATATCC-1_V12D07-075_C1,13
ACCAAACACCCAGCGA-1_V12D07-075_C1,6
ACCAACACCACACACT-1_V12D07-075_C1,6
ACCAACCGCACTCCAC-1_V12D07-075_C1,18
ACCAACGCTTATTTAT-1_V12D07-075_C1,2
ACCAAGAACGCGTGTC-1_V12D07-075_C1,6
ACCAAGTCATCGGCAG-1_V12D07-075_C1,2
ACCAATATGCAAGTTA-1_V12D07-075_C1,13
ACCACAACTCAGAACA-1_V12D07-075_C1,6
ACCACAAGTTTCTATC-1_V12D07-075_C1,13
ACCACCAATGTAACAA-1_V12D07-075_C1,2
ACCACCCTCTCTTCTA-1_V12D07-075_C1,11
ACCACGTGCAGCTATA-1_V12D07-075_C1,13
ACCACTGTTCAAGAAG-1_V12D07-075_C1,13
ACCAGACCATAACAAC-1_V12D07-075_C1,18
ACCAGCCCGGTCTTTG-1_V12D07-075_C1,6
ACCAGTGCCCGGTCAA-1_V12D07-075_C1,6
ACCAGTGCGGGAGACG-1_V12D07-075_C1,18
ACCATATCCGCAATAA-1_V12D07-075_C1,13
ACCATCGTATATGGTA-1_V12D07-075_C1,9
ACCATTAAGGGTGTCA-1_V12D07-075_C1,12
ACCCAACGCCCGTGGC-1_V12D07-075_C1,14
ACCCACCTACATGCTC-1_V12D07-075_C1,13
ACCCATCTTGAGGGTA-1_V12D07-075_C1,13
ACCCATTTGTCCCTCT-1_V12D07-075_C1,12
ACCCGGAAACTCCCAG-1_V12D07-075_C1,13
ACCCGGAGCACCACAA-1_V12D07-075_C1,18
ACCCGGATGACGCATC-1_V12D07-075_C1,2
ACCCGGTTACACTTCC-1_V12D07-075_C1,13
ACCCGTAGTCTAGTTG-1_V12D07-075_C1,2
ACCCGTGTCATCAGTA-1_V12D07-075_C1,13
ACCCTATAGGACTGAG-1_V12D07-075_C1,13
ACCCTATGCCATATCG-1_V12D07-075_C1,14
ACCCTCCCGTCAGGGC-1_V12D07-075_C1,12
ACCCTCCCTTGCTATT-1_V12D07-075_C1,4
ACCCTGGTAACGCCCT-1_V12D07-075_C1,6
ACCCTTCATCTGCGAA-1_V12D07-075_C1,4
ACCCTTTAGTTCTCCA-1_V12D07-075_C1,3
ACCGAAAGGGCCCTGC-1_V12D07-075_C1,6
ACCGACACATCTCCCA-1_V12D07-075_C1,13
ACCGACTGAGTCCCAC-1_V12D07-075_C1,13
ACCGATAGGCATAACC-1_V12D07-075_C1,18
ACCGATATTTAATCAT-1_V12D07-075_C1,6
ACCGATGGTAGCATCG-1_V12D07-075_C1,2
ACCGCAATAACTGCCT-1_V12D07-075_C1,13
ACCGCGGTGGAAGTCG-1_V12D07-075_C1,2
ACCGGGCCTTTGTTGA-1_V12D07-075_C1,18
ACCGTTCCCGCTCTGA-1_V12D07-075_C1,6
ACCTAATCGACTTCCT-1_V12D07-075_C1,13
ACCTACAGTATGTGGT-1_V12D07-075_C1,6
ACCTACTATAAATCTA-1_V12D07-075_C1,13
ACCTCCGCCCTCGCTG-1_V12D07-075_C1,18
ACCTCCGTTATTCACC-1_V12D07-075_C1,6
ACGACCCATGAGTTGC-1_V12D07-075_C1,2
ACGACTCTAGGGCCGA-1_V12D07-075_C1,2
ACGAGAACCCATCACG-1_V12D07-075_C1,6
ACGAGATATTTGCTTA-1_V12D07-075_C1,6
ACGAGTACGGATGCCC-1_V12D07-075_C1,2
ACGATACATAGAACTA-1_V12D07-075_C1,6
ACGATACCTATCCTGA-1_V12D07-075_C1,5
ACGATCATACATAGAG-1_V12D07-075_C1,13
ACGATCATCTTGTAAA-1_V12D07-075_C1,2
ACGATGCATATGTTAT-1_V12D07-075_C1,13
ACGATGGATCCGATGC-1_V12D07-075_C1,6
ACGCAAACTAATAGAT-1_V12D07-075_C1,2
ACGCAATCACTACAGC-1_V12D07-075_C1,6
ACGCATAAATGACATG-1_V12D07-075_C1,6
ACGCATACGTTTACTA-1_V12D07-075_C1,12
ACGCATTCGTGAGTAC-1_V12D07-075_C1,12
ACGCCAGATGATTTCT-1_V12D07-075_C1,6
ACGCCAGTGCGTTTGC-1_V12D07-075_C1,2
ACGCCGCTAGACGACC-1_V12D07-075_C1,13
ACGCGAAGTCAGACGA-1_V12D07-075_C1,13
ACGCGCTACACAGGGT-1_V12D07-075_C1,14
ACGCGGGCCAAGGACA-1_V12D07-075_C1,13
ACGCGTTTCTTAAGAG-1_V12D07-075_C1,12
ACGCTAGTGATACACT-1_V12D07-075_C1,2
ACGCTGTGAGGCGTAG-1_V12D07-075_C1,2
ACGGAATTTAGCAAAT-1_V12D07-075_C1,13
ACGGACTCTCAAAGCG-1_V12D07-075_C1,18
ACGGAGCGCAAATTAC-1_V12D07-075_C1,6
ACGGCACTTGCTTGGG-1_V12D07-075_C1,13
ACGGCCAACATGGACT-1_V12D07-075_C1,2
ACGGCGACGATGGGAA-1_V12D07-075_C1,13
ACGGCGGGTTGCCCTG-1_V12D07-075_C1,6
ACGGGCGTATGCGACA-1_V12D07-075_C1,11
ACGGGTCATGTGACTT-1_V12D07-075_C1,18
ACGGTACAGTTCAATG-1_V12D07-075_C1,13
ACGTACAGATTTCTCT-1_V12D07-075_C1,6
ACGTAGATTGCTGATG-1_V12D07-075_C1,12
ACGTAGGAGAGTCGCT-1_V12D07-075_C1,2
ACGTATTACTCCGATC-1_V12D07-075_C1,18
ACGTGCGCCTCGTGCA-1_V12D07-075_C1,6
ACGTTAATGTCGAAGA-1_V12D07-075_C1,13
ACGTTAGATTTGCCCG-1_V12D07-075_C1,13
ACGTTCCGCGCTCCGT-1_V12D07-075_C1,6
ACGTTCGCAATCAATT-1_V12D07-075_C1,6
ACGTTCGTTCAGGAAA-1_V12D07-075_C1,14
ACGTTCTGTACAAGTC-1_V12D07-075_C1,18
ACGTTTAGTTGTGATC-1_V12D07-075_C1,6
ACTAATACGTCAGGCG-1_V12D07-075_C1,6
ACTACCAGCTCTCTGG-1_V12D07-075_C1,13
ACTACGCGTTAGAATT-1_V12D07-075_C1,13
ACTAGTTGCGATCGTC-1_V12D07-075_C1,18
ACTATATGCTGTGTTC-1_V12D07-075_C1,6
ACTATCGCCGGCTAAA-1_V12D07-075_C1,12
ACTATTTCCGGGCCCA-1_V12D07-075_C1,14
ACTCAACGAATGTATT-1_V12D07-075_C1,6
ACTCAAGTGCAAGGCT-1_V12D07-075_C1,13
ACTCAATAAAGGCACG-1_V12D07-075_C1,13
ACTCAGACCTGCTTCT-1_V12D07-075_C1,6
ACTCCCGAATTCGTTT-1_V12D07-075_C1,6
ACTCCCTAATGCTAAA-1_V12D07-075_C1,13
ACTCCCTAGAATAGTA-1_V12D07-075_C1,13
ACTCCGGCCGACCACT-1_V12D07-075_C1,18
ACTCGATGTATTTCAT-1_V12D07-075_C1,11
ACTCGCCGTTCGATAA-1_V12D07-075_C1,18
ACTCGCGATCTGACGC-1_V12D07-075_C1,6
ACTCGTCAGTAATCCC-1_V12D07-075_C1,18
ACTCTAAACCTGGGAT-1_V12D07-075_C1,13
ACTCTCTGACTTAGGT-1_V12D07-075_C1,13
ACTCTCTTATACACGA-1_V12D07-075_C1,6
ACTCTGACCTAATAGA-1_V12D07-075_C1,12
ACTCTTCAGCTCCCGC-1_V12D07-075_C1,6
ACTCTTGTATAGTAAC-1_V12D07-075_C1,13
ACTGAAACGCCGTTAG-1_V12D07-075_C1,18
ACTGAATGGCGAAAGT-1_V12D07-075_C1,18
ACTGCGGACACACCGT-1_V12D07-075_C1,6
ACTGTACGATACACAT-1_V12D07-075_C1,13
ACTGTAGCACTTTGGA-1_V12D07-075_C1,13
ACTGTATACGCGAGCA-1_V12D07-075_C1,6
ACTGTCCAGGATTATA-1_V12D07-075_C1,13
ACTGTCTTCTTTAGAA-1_V12D07-075_C1,13
ACTTACCGGGCGCGCA-1_V12D07-075_C1,6
ACTTAGTACGACAAGA-1_V12D07-075_C1,13
ACTTATACTTACCCGG-1_V12D07-075_C1,2
ACTTATTAGGATCGGT-1_V12D07-075_C1,13
ACTTATTTATGTGCCA-1_V12D07-075_C1,18
ACTTCAGGCTGATCCC-1_V12D07-075_C1,13
ACTTCCATGCGGGACA-1_V12D07-075_C1,13
ACTTCGCCATACGCAC-1_V12D07-075_C1,13
ACTTCGCTAGCGAGTG-1_V12D07-075_C1,6
ACTTGACTCCCTCTTT-1_V12D07-075_C1,13
ACTTGGGACCCGGTGG-1_V12D07-075_C1,13
ACTTGTGGATGGAACG-1_V12D07-075_C1,18
ACTTTACCCTCATGAA-1_V12D07-075_C1,6
ACTTTCCTATAGCTTC-1_V12D07-075_C1,13
ACTTTGACTGCATCCT-1_V12D07-075_C1,2
ACTTTGTCGACGCACT-1_V12D07-075_C1,2
AGAAATTATGACTCGC-1_V12D07-075_C1,2
AGAACCCAGCGTGACA-1_V12D07-075_C1,6
AGAACGTGGTACATTC-1_V12D07-075_C1,2
AGAAGGTTGCCGAATT-1_V12D07-075_C1,13
AGAAGGTTGTAGGTCG-1_V12D07-075_C1,12
AGAATAAATCTTCAGG-1_V12D07-075_C1,11
AGAATGCGGGTTCGGA-1_V12D07-075_C1,6
AGAATTATGGATTCGA-1_V12D07-075_C1,14
AGAATTGTTTGACATA-1_V12D07-075_C1,3
AGACAGGCATCTCAGC-1_V12D07-075_C1,6
AGACATAGATCCTTCC-1_V12D07-075_C1,6
AGACCATGGGATACAA-1_V12D07-075_C1,13
AGACCCACCGCTGATC-1_V12D07-075_C1,13
AGACCCGCCCTCCTCG-1_V12D07-075_C1,13
AGACCGCTCCGCGGTT-1_V12D07-075_C1,2
AGACGAAGTGCCGGTC-1_V12D07-075_C1,18
AGACGCCCACTTCGCC-1_V12D07-075_C1,12
AGACGGGCCGATTTAA-1_V12D07-075_C1,6
AGACTAGCCTTCCAGA-1_V12D07-075_C1,13
AGACTGTTACCGGGTC-1_V12D07-075_C1,14
AGAGAACCGTCTAGGA-1_V12D07-075_C1,2
AGAGCCGCCGAGATTT-1_V12D07-075_C1,18
AGAGCGGGCTAATCAT-1_V12D07-075_C1,6
AGAGCGTACAAGCTCG-1_V12D07-075_C1,3
AGAGCTACGAAAGCAT-1_V12D07-075_C1,13
AGAGGCTTCGGAAACC-1_V12D07-075_C1,18
AGAGGGACAATTGTCC-1_V12D07-075_C1,6
AGAGTAAACTTCACTA-1_V12D07-075_C1,18
AGAGTATAGTGTTACG-1_V12D07-075_C1,6
AGAGTTAGAGACCGAT-1_V12D07-075_C1,6
AGATAACTTCAGGGCC-1_V12D07-075_C1,13
AGATACCAATAGAACC-1_V12D07-075_C1,12
AGATACCAGCACTTCA-1_V12D07-075_C1,6
AGATACCGGTGTTCAC-1_V12D07-075_C1,13
AGATACGACTTCATAT-1_V12D07-075_C1,5
AGATACTCAAGATCGA-1_V12D07-075_C1,18
AGATATAATACGACTA-1_V12D07-075_C1,18
AGATCGTGCATAAGAT-1_V12D07-075_C1,6
AGATCTCAGGTGTGAT-1_V12D07-075_C1,13
AGATGACTCGCCCACG-1_V12D07-075_C1,6
AGATGAGGGTTGCGAT-1_V12D07-075_C1,6
AGATGATGGAGTCTGG-1_V12D07-075_C1,6
AGATGCTATAACGAGC-1_V12D07-075_C1,12
AGATTATAGGACGTTT-1_V12D07-075_C1,13
AGCAAAGGCCGCTAGT-1_V12D07-075_C1,12
AGCAACATATCTTATT-1_V12D07-075_C1,18
AGCACCAGTACTCACG-1_V12D07-075_C1,9
AGCACTACCTCACCAG-1_V12D07-075_C1,9
AGCACTTAAGGACGCC-1_V12D07-075_C1,13
AGCAGAAGGAGAAAGA-1_V12D07-075_C1,18
AGCAGCCAGATGAATA-1_V12D07-075_C1,13
AGCATATCAATATGCT-1_V12D07-075_C1,18
AGCATCGTCGATAATT-1_V12D07-075_C1,6
AGCATTACGAGGCAAG-1_V12D07-075_C1,3
AGCCAAGCTTTGTGTC-1_V12D07-075_C1,13
AGCCACAGGTTACCCG-1_V12D07-075_C1,18
AGCCACTCCCGTGCTT-1_V12D07-075_C1,6
AGCCATATAGTATGTG-1_V12D07-075_C1,2
AGCCCATACATGTAAG-1_V12D07-075_C1,14
AGCCCGCAACAAGCAG-1_V12D07-075_C1,13
AGCCCGGTAGCCTGTA-1_V12D07-075_C1,2
AGCCCTAAGCGAAGTT-1_V12D07-075_C1,6
AGCCCTGTCGCACCGT-1_V12D07-075_C1,6
AGCCCTTCTAATCCGA-1_V12D07-075_C1,6
AGCCCTTGGACATCCC-1_V12D07-075_C1,18
AGCCGCAAATTCAAAT-1_V12D07-075_C1,18
AGCCGCTTGATTAGCG-1_V12D07-075_C1,12
AGCGACAGGAACGGTC-1_V12D07-075_C1,14
AGCGACATCCCATTCA-1_V12D07-075_C1,6
AGCGACCAACGATATT-1_V12D07-075_C1,13
AGCGATGCGCCTAATA-1_V12D07-075_C1,12
AGCGCATAATGAATCG-1_V12D07-075_C1,13
AGCGCGGGTGCCAATG-1_V12D07-075_C1,6
AGCGCTAGAGCGATGT-1_V12D07-075_C1,6
AGCGCTTATGGGCAAG-1_V12D07-075_C1,6
AGCGGACACTTCGTAG-1_V12D07-075_C1,13
AGCGGGAAGGGTCCAT-1_V12D07-075_C1,6
AGCGGGTCTGACACTC-1_V12D07-075_C1,12
AGCGGTTGCCGCTCTG-1_V12D07-075_C1,6
AGCGTACGAGAGCTAG-1_V12D07-075_C1,6
AGCGTCTGAACCCGCA-1_V12D07-075_C1,6
AGCGTGGTATTCTACT-1_V12D07-075_C1,13
AGCTAAGTACGCAGGC-1_V12D07-075_C1,18
AGCTAGAAGCAGAAGT-1_V12D07-075_C1,6
AGCTATTTAATCCAAC-1_V12D07-075_C1,6
AGCTCCATATATGTTC-1_V12D07-075_C1,12
AGCTCCTTCGCACATC-1_V12D07-075_C1,13
AGCTCTAGACGTTCCA-1_V12D07-075_C1,14
AGCTCTTCCCAGTGCA-1_V12D07-075_C1,6
AGCTCTTTACTCAGTT-1_V12D07-075_C1,13
AGCTGAAGTAAACCAA-1_V12D07-075_C1,6
AGCTTATAGAGACCTG-1_V12D07-075_C1,6
AGCTTCTTCTCGAGCA-1_V12D07-075_C1,18
AGCTTGATCTTAACTT-1_V12D07-075_C1,14
AGGAACGAACGACTTC-1_V12D07-075_C1,2
AGGAAGCTGTCCGCCG-1_V12D07-075_C1,13
AGGACATCGGCACACT-1_V12D07-075_C1,9
AGGACGACCCATTAGA-1_V12D07-075_C1,13
AGGACGCTCGATGTTG-1_V12D07-075_C1,6
AGGACTTATAGGAGAA-1_V12D07-075_C1,12
AGGAGACATCCACAGT-1_V12D07-075_C1,6
AGGAGGCCTTCGCGCG-1_V12D07-075_C1,18
AGGATAAAGTCGGGAT-1_V12D07-075_C1,13
AGGATATAGGGATTTA-1_V12D07-075_C1,18
AGGATATCCGACTGCA-1_V12D07-075_C1,14
AGGATTGCTTACGACA-1_V12D07-075_C1,6
AGGCACGTGACTGTCC-1_V12D07-075_C1,18
AGGCAGATGCGTAAAC-1_V12D07-075_C1,2
AGGCAGGGAGCGTACT-1_V12D07-075_C1,2
AGGCATTGTCGTAGGG-1_V12D07-075_C1,18
AGGCCACATTGGTTAC-1_V12D07-075_C1,6
AGGCCACCCGTTATGA-1_V12D07-075_C1,13
AGGCCCAGTGACTGGT-1_V12D07-075_C1,13
AGGCCTGAGAATCTCG-1_V12D07-075_C1,18
AGGCGATAACTGGCGT-1_V12D07-075_C1,18
AGGCGTCTATGGACGG-1_V12D07-075_C1,6
AGGCTATGGTTAGCTT-1_V12D07-075_C1,13
AGGCTTCCCGAAGAAG-1_V12D07-075_C1,14
AGGCTTGCTAGACACC-1_V12D07-075_C1,13
AGGGAAACGAGGTACT-1_V12D07-075_C1,6
AGGGACCGGCTGCGTT-1_V12D07-075_C1,6
AGGGACTCTACGCGAC-1_V12D07-075_C1,2
AGGGAGACATACTTCG-1_V12D07-075_C1,6
AGGGCAGCGGCGTGGT-1_V12D07-075_C1,6
AGGGCCCTAATGTTCT-1_V12D07-075_C1,18
AGGGCGTGATCGGCTA-1_V12D07-075_C1,4
AGGGCTGCAGTTACAG-1_V12D07-075_C1,13
AGGGTCAGTAACCCTA-1_V12D07-075_C1,6
AGGGTCGATGCGAACT-1_V12D07-075_C1,2
AGGGTCTGGACGCAGT-1_V12D07-075_C1,2
AGGGTGCTCTCGAGGG-1_V12D07-075_C1,14
AGGGTGGATAGTGCAT-1_V12D07-075_C1,11
AGGGTTCCCTTTGGTT-1_V12D07-075_C1,14
AGGGTTTAGTTCGGGA-1_V12D07-075_C1,13
AGGTAACCTCCTATTC-1_V12D07-075_C1,6
AGGTACGATATTGCCA-1_V12D07-075_C1,6
AGGTAGGTACAAAGCT-1_V12D07-075_C1,13
AGGTATAATTGATAGT-1_V12D07-075_C1,6
AGGTATGCGGACATTA-1_V12D07-075_C1,6
AGGTCGCCTCCCAACA-1_V12D07-075_C1,18
AGGTCGCGGAGTTACT-1_V12D07-075_C1,6
AGGTGCACGTCCACAT-1_V12D07-075_C1,18
AGGTGGTGACCTTCGC-1_V12D07-075_C1,13
AGGTGTATCGCCATGA-1_V12D07-075_C1,2
AGGTGTTGCCGACCAC-1_V12D07-075_C1,18
AGGTTACACCATGCCG-1_V12D07-075_C1,6
AGGTTGAGGCACGCTT-1_V12D07-075_C1,6
AGGTTTCACACACCTT-1_V12D07-075_C1,13
AGTAACGTTCATCCTG-1_V12D07-075_C1,6
AGTAACTATAGCAGCC-1_V12D07-075_C1,2
AGTAATGTCTTGCCGC-1_V12D07-075_C1,6
AGTACATCATTTATCA-1_V12D07-075_C1,6
AGTACCTTCGAGTGCT-1_V12D07-075_C1,6
AGTACGGCCCGTATCG-1_V12D07-075_C1,5
AGTACGGGCACCTGGC-1_V12D07-075_C1,6
AGTACGTGGCCTGTCT-1_V12D07-075_C1,6
AGTACTCTTATGCCCA-1_V12D07-075_C1,18
AGTAGAAGGCGCCTCA-1_V12D07-075_C1,18
AGTAGGAAGGAAGTTG-1_V12D07-075_C1,6
AGTAGGTAACATACAT-1_V12D07-075_C1,6
AGTATAATACTAGGCA-1_V12D07-075_C1,13
AGTATACACAGCGACA-1_V12D07-075_C1,9
AGTATTTGGCACGACC-1_V12D07-075_C1,2
AGTCAACACCACCATC-1_V12D07-075_C1,13
AGTCAAGATGACACTT-1_V12D07-075_C1,18
AGTCACTAGCTCTCGA-1_V12D07-075_C1,18
AGTCCATTGGCTGATG-1_V12D07-075_C1,18
AGTCCCTCGCAGAAAG-1_V12D07-075_C1,6
AGTCGACGGTCTCAAG-1_V12D07-075_C1,18
AGTCGGCCCAAACGAC-1_V12D07-075_C1,13
AGTCGGTTGCGTGAGA-1_V12D07-075_C1,6
AGTCGTATAAAGCAGA-1_V12D07-075_C1,13
AGTCGTCGACCACCAA-1_V12D07-075_C1,18
AGTCTAAAGTATACTC-1_V12D07-075_C1,6
AGTCTTCTCCTCAAAT-1_V12D07-075_C1,13
AGTCTTTAAAGTGTCC-1_V12D07-075_C1,18
AGTGAACAAACTTCTC-1_V12D07-075_C1,18
AGTGAAGATGGTGTCC-1_V12D07-075_C1,6
AGTGACCTACTTTACG-1_V12D07-075_C1,13
AGTGAGACTTCCAGTA-1_V12D07-075_C1,2
AGTGAGCCTCGCCGCC-1_V12D07-075_C1,2
AGTGAGGGTTTCTGAC-1_V12D07-075_C1,6
AGTGAGTCGAATTAAC-1_V12D07-075_C1,18
AGTGATAACCTGCGCG-1_V12D07-075_C1,13
AGTGATATGAGTAGTT-1_V12D07-075_C1,2
AGTGATTCAAGCAGGA-1_V12D07-075_C1,2
AGTGCACGCTTAAGAA-1_V12D07-075_C1,18
AGTGCGTAGCTCGTAA-1_V12D07-075_C1,2
AGTGCTAAACACAGCA-1_V12D07-075_C1,12
AGTGCTTGCACGAATA-1_V12D07-075_C1,18
AGTGGCGGCAATTTGA-1_V12D07-075_C1,2
AGTGGCGTCTGAAGGT-1_V12D07-075_C1,12
AGTGGCTCCGTCGGCC-1_V12D07-075_C1,14
AGTGGGAGTATACACG-1_V12D07-075_C1,12
AGTGGTTGCGTATAGG-1_V12D07-075_C1,18
AGTGTATTGCGCATTG-1_V12D07-075_C1,2
AGTGTGCTAAGATCGC-1_V12D07-075_C1,12
AGTGTGGTCTATTGTG-1_V12D07-075_C1,3
AGTTAAACACTTGCGA-1_V12D07-075_C1,13
AGTTAAGCGGTCCCGG-1_V12D07-075_C1,6
AGTTACCCTTAAGACT-1_V12D07-075_C1,13
AGTTACTCTATCGTGG-1_V12D07-075_C1,6
AGTTCACCGGTTGGAC-1_V12D07-075_C1,16
AGTTCCTACAGAATTA-1_V12D07-075_C1,13
AGTTCCTATTTATGTT-1_V12D07-075_C1,18
AGTTGACATCGGCTGG-1_V12D07-075_C1,6
AGTTGACGGTCCTTGC-1_V12D07-075_C1,12
AGTTGCTGACTGATAT-1_V12D07-075_C1,13
AGTTGGCAAGGCTAGA-1_V12D07-075_C1,18
AGTTTATGTAAAGACA-1_V12D07-075_C1,6
AGTTTCGCAGGTCGGA-1_V12D07-075_C1,6
AGTTTGCACCTGCCTC-1_V12D07-075_C1,13
AGTTTGGCACGGGTTG-1_V12D07-075_C1,18
AGTTTGGCCAGACCTA-1_V12D07-075_C1,14
ATAAACGGACCCGTAA-1_V12D07-075_C1,13
ATAAACGTTGCACCAC-1_V12D07-075_C1,18
ATAAAGGCTCGGTCGT-1_V12D07-075_C1,13
ATAAAGGTCAAGTACG-1_V12D07-075_C1,6
ATAAATATTAGCAGCT-1_V12D07-075_C1,13
ATAACGCCGGAGGGTC-1_V12D07-075_C1,18
ATAACGGAGTCCAACG-1_V12D07-075_C1,2
ATAACGTTACCTCCAC-1_V12D07-075_C1,6
ATAAGGTGGAGAACAT-1_V12D07-075_C1,13
ATAAGTACCCGATTGT-1_V12D07-075_C1,6
ATAAGTAGGATTCAGA-1_V12D07-075_C1,2
ATAAGTTACCGCGACG-1_V12D07-075_C1,13
ATAATACCGTTAGCCG-1_V12D07-075_C1,13
ATAATAGCTGTTGAAT-1_V12D07-075_C1,13
ATAATAGTGTAGGGAC-1_V12D07-075_C1,16
ATAATCTTGGAGAACC-1_V12D07-075_C1,12
ATAATTAGCTAAGTAG-1_V12D07-075_C1,12
ATACAGGCCCTCCAAT-1_V12D07-075_C1,13
ATACCACGGGCAACTT-1_V12D07-075_C1,13
ATACCAGGCTAATAGA-1_V12D07-075_C1,6
ATACCGTCATCCATAA-1_V12D07-075_C1,6
ATACCTAACCAAGAAA-1_V12D07-075_C1,3
ATACGAAGGCTTTCCA-1_V12D07-075_C1,6
ATACGCCGGCGAAACC-1_V12D07-075_C1,13
ATACGGGTTTCGATTG-1_V12D07-075_C1,6
ATACGGTGAAGATGCA-1_V12D07-075_C1,5
ATACGTACTTAGCCAC-1_V12D07-075_C1,13
ATACGTCCACTCCTGT-1_V12D07-075_C1,18
ATACGTTATGCACGGA-1_V12D07-075_C1,13
ATACTACCCGTACCAC-1_V12D07-075_C1,18
ATACTAGCATGACCCT-1_V12D07-075_C1,6
ATACTCTCGCCACTCT-1_V12D07-075_C1,6
ATACTGCCTTACACCG-1_V12D07-075_C1,13
ATACTTGTTCTCGAGC-1_V12D07-075_C1,3
ATAGACAACGGGACCT-1_V12D07-075_C1,2
ATAGACGAAGAGAAAG-1_V12D07-075_C1,13
ATAGAGTACTGGGACA-1_V12D07-075_C1,13
ATAGAGTTATCAACTT-1_V12D07-075_C1,2
ATAGCAACTAGGGAAG-1_V12D07-075_C1,18
ATAGCCTCAGTACCCA-1_V12D07-075_C1,13
ATAGCTGCTCTTGTTA-1_V12D07-075_C1,13
ATAGGAATCTAAGCTT-1_V12D07-075_C1,6
ATAGGCGGCTATAGAA-1_V12D07-075_C1,14
ATAGGCTAGCTTCGCA-1_V12D07-075_C1,2
ATAGGGATATCCTTGA-1_V12D07-075_C1,16
ATAGGTTGGGCAGATG-1_V12D07-075_C1,13
ATAGTCTTTGACGTGC-1_V12D07-075_C1,6
ATAGTGAAGCGTTCTC-1_V12D07-075_C1,13
ATAGTTCCACCCACTC-1_V12D07-075_C1,2
ATATAAAGCGCTCGTG-1_V12D07-075_C1,13
ATATAAATGTAGCTGC-1_V12D07-075_C1,13
ATATAACACGGGCGCA-1_V12D07-075_C1,18
ATATACGCTCGTGACG-1_V12D07-075_C1,18
ATATCAACCTACAGAG-1_V12D07-075_C1,2
ATATCGGTAGGGAGAT-1_V12D07-075_C1,6
ATATCGTTCCTCGAAC-1_V12D07-075_C1,18
ATATCTCCCTCGTTAA-1_V12D07-075_C1,6
ATATCTTAGGGCCTTC-1_V12D07-075_C1,13
ATATGGGATAGCAACT-1_V12D07-075_C1,13
ATATGTCTCCCTAGCC-1_V12D07-075_C1,14
ATATGTGCACAAACCA-1_V12D07-075_C1,6
ATATTATCCCGTATTT-1_V12D07-075_C1,12
ATATTCAGTTAAACCT-1_V12D07-075_C1,2
ATATTCCCACAGGTCA-1_V12D07-075_C1,6
ATATTGCTGTCAAAGT-1_V12D07-075_C1,3
ATATTGGAGAGGCCTT-1_V12D07-075_C1,18
ATATTTAACCCTCAAG-1_V12D07-075_C1,13
ATCAAACACTGTTCCA-1_V12D07-075_C1,2
ATCAAACGAAGGTTTG-1_V12D07-075_C1,14
ATCAATCTGGGCTGCA-1_V12D07-075_C1,13
ATCACATTAGAATATC-1_V12D07-075_C1,6
ATCACGTGCTAATTAA-1_V12D07-075_C1,14
ATCACTTCATCCTCGC-1_V12D07-075_C1,13
ATCAGACGGCACGCCG-1_V12D07-075_C1,2
ATCAGCCTCATGCTGC-1_V12D07-075_C1,6
ATCAGGTAGCTGACAG-1_V12D07-075_C1,6
ATCAGGTCGCCATTGC-1_V12D07-075_C1,6
ATCAGTAGGCAGGGAT-1_V12D07-075_C1,6
ATCATAGCCCTATGTA-1_V12D07-075_C1,18
ATCATCCAATATTTGT-1_V12D07-075_C1,18
ATCATGGACTACCGAC-1_V12D07-075_C1,6
ATCCAACGCAGTCATA-1_V12D07-075_C1,13
ATCCAATGGAGGGTCC-1_V12D07-075_C1,14
ATCCAATGGTACCGAA-1_V12D07-075_C1,18
ATCCACATCGACAGAA-1_V12D07-075_C1,12
ATCCACGCTAAATGTT-1_V12D07-075_C1,6
ATCCACTTTCAGACTA-1_V12D07-075_C1,6
ATCCAGAGCAACAACC-1_V12D07-075_C1,2
ATCCAGGATTCGTGAA-1_V12D07-075_C1,13
ATCCCATTTCCGTGGG-1_V12D07-075_C1,13
ATCCGGACCAGCCTGA-1_V12D07-075_C1,9
ATCCTACCTAAGCTCT-1_V12D07-075_C1,2
ATCCTGAATCGCTGCG-1_V12D07-075_C1,2
ATCCTGCGTGGAATGG-1_V12D07-075_C1,2
ATCCTGCTGCAGATAG-1_V12D07-075_C1,6
ATCCTTCTGAAAGAAC-1_V12D07-075_C1,6
ATCGACCCAATACAGA-1_V12D07-075_C1,18
ATCGACTCTTTCCGTT-1_V12D07-075_C1,13
ATCGCACGCCGGGAGA-1_V12D07-075_C1,13
ATCGCCAGTCAACATT-1_V12D07-075_C1,2
ATCGCTGCGTGCAGCA-1_V12D07-075_C1,6
ATCGCTTTACGTCTCA-1_V12D07-075_C1,6
ATCGGAGACAGACGGC-1_V12D07-075_C1,1
ATCGGCAAGCAGTCCA-1_V12D07-075_C1,6
ATCGGTTACCTAGTAA-1_V12D07-075_C1,5
ATCGTATTCCGAGAAC-1_V12D07-075_C1,12
ATCGTCCAATCGAGTC-1_V12D07-075_C1,3
ATCGTTAGCTAGCGGA-1_V12D07-075_C1,12
ATCGTTCACTTTCGCC-1_V12D07-075_C1,6
ATCTAACGTCCCTATG-1_V12D07-075_C1,5
ATCTAATATCCTACGG-1_V12D07-075_C1,13
ATCTACCATCTGCTCC-1_V12D07-075_C1,18
ATCTAGCTTGTGAGGG-1_V12D07-075_C1,18
ATCTCCCACGGAATAT-1_V12D07-075_C1,13
ATCTCCCTGCAATCTA-1_V12D07-075_C1,6
ATCTCGTGAGCGAAAC-1_V12D07-075_C1,6
ATCTGATAGTGTCTTA-1_V12D07-075_C1,12
ATCTGCACCTCTGCGA-1_V12D07-075_C1,14
ATCTGCTGTTATCGCC-1_V12D07-075_C1,13
ATCTGGGCTGTTCTTG-1_V12D07-075_C1,13
ATCTGGTTAAGACTGT-1_V12D07-075_C1,2
ATCTGTAATTGTACCC-1_V12D07-075_C1,6
ATCTTATCGCACACCC-1_V12D07-075_C1,13
ATCTTGACCTGCAACG-1_V12D07-075_C1,13
ATCTTGACTTGTCCAA-1_V12D07-075_C1,6
ATCTTTCGTATAACCA-1_V12D07-075_C1,11
ATGAAGCCAAGGAGCC-1_V12D07-075_C1,13
ATGAAGTGGACCCAGC-1_V12D07-075_C1,5
ATGACGCCGGCTCTAA-1_V12D07-075_C1,6
ATGACTATGCGACATT-1_V12D07-075_C1,18
ATGAGGAGTGTTAATC-1_V12D07-075_C1,13
ATGAGGGCAGCGGCTA-1_V12D07-075_C1,6
ATGATGCAATGGTACA-1_V12D07-075_C1,13
ATGCACTACCGCATTG-1_V12D07-075_C1,13
ATGCATGATCCAGGAT-1_V12D07-075_C1,13
ATGCCAATCGCTCTGC-1_V12D07-075_C1,6
ATGCCATTTGCGACCA-1_V12D07-075_C1,18
ATGCCGGTCTTGCATA-1_V12D07-075_C1,18
ATGCCGGTTGATGGGA-1_V12D07-075_C1,6
ATGCGACAATTGGTCC-1_V12D07-075_C1,2
ATGCGACAGTCCCATT-1_V12D07-075_C1,18
ATGCGAGTCCCACCAC-1_V12D07-075_C1,18
ATGCTCTGGCGCGGTA-1_V12D07-075_C1,18
ATGCTTAGGAGTTGAT-1_V12D07-075_C1,18
ATGGAACCTTTGCACA-1_V12D07-075_C1,6
ATGGAGCAGGCCGTGA-1_V12D07-075_C1,13
ATGGATCCGGCGTCCG-1_V12D07-075_C1,6
ATGGATTGACCAAACG-1_V12D07-075_C1,13
ATGGCAGCCGAGAAAC-1_V12D07-075_C1,4
ATGGCGGAATAGTCGC-1_V12D07-075_C1,6
ATGGCTGGAAATGGCC-1_V12D07-075_C1,6
ATGGGCCTCGGCCTCT-1_V12D07-075_C1,18
ATGGTCGCGTGGTTTC-1_V12D07-075_C1,9
ATGGTTACGAAACATG-1_V12D07-075_C1,6
ATGTAAGGCTGCTCTT-1_V12D07-075_C1,6
ATGTACATGCGGTGAG-1_V12D07-075_C1,18
ATGTACGATGACGTCG-1_V12D07-075_C1,12
ATGTAGCGCGCGTAGG-1_V12D07-075_C1,18
ATGTCATTTCCCATTG-1_V12D07-075_C1,5
ATGTGCATCCGACGCA-1_V12D07-075_C1,13
ATGTGGACATCTTGAT-1_V12D07-075_C1,13
ATGTTACGAGCAATAC-1_V12D07-075_C1,6
ATGTTCCTGCCCACCT-1_V12D07-075_C1,12
ATGTTCGTCGACCCAC-1_V12D07-075_C1,11
ATGTTGATTAGAGACT-1_V12D07-075_C1,18
ATGTTGTAGTCTGTTT-1_V12D07-075_C1,2
ATGTTTCGGCCCGGAG-1_V12D07-075_C1,6
ATTAAACATGCGGACC-1_V12D07-075_C1,18
ATTAACACCTGAGATA-1_V12D07-075_C1,13
ATTAATACTACGCGGG-1_V12D07-075_C1,13
ATTAATGAACCAGTCG-1_V12D07-075_C1,6
ATTAATTCGGTCACTC-1_V12D07-075_C1,6
ATTACAACTACCGGCC-1_V12D07-075_C1,6
ATTACATGTCAGTCTT-1_V12D07-075_C1,18
ATTACCACACTGCCTG-1_V12D07-075_C1,6
ATTACGACTCCACAGT-1_V12D07-075_C1,6
ATTACGCGCTGGCAGG-1_V12D07-075_C1,2
ATTACTTACTGGGCAT-1_V12D07-075_C1,6
ATTAGATTCCTCAGCA-1_V12D07-075_C1,6
ATTAGATTGATAGCGG-1_V12D07-075_C1,6
ATTAGGCGATGCTTTC-1_V12D07-075_C1,13
ATTATACTTTGCTCGT-1_V12D07-075_C1,6
ATTATAGCTACTTTAC-1_V12D07-075_C1,6
ATTATCGGAATGTACG-1_V12D07-075_C1,13
ATTATGCCATAGGGAG-1_V12D07-075_C1,6
ATTATTCAGAGTCACT-1_V12D07-075_C1,12
ATTCAAAGTACCTGTT-1_V12D07-075_C1,18
ATTCAACCATTTAAGG-1_V12D07-075_C1,12
ATTCACTGATGTTGGA-1_V12D07-075_C1,13
ATTCAGGACCTATTTC-1_V12D07-075_C1,6
ATTCAGTAGCAGGGTC-1_V12D07-075_C1,13
ATTCATATACTGTCCA-1_V12D07-075_C1,13
ATTCATCGTTGAGGCA-1_V12D07-075_C1,12
ATTCCCACATAAACAA-1_V12D07-075_C1,8
ATTCCTAAGACGTGGA-1_V12D07-075_C1,6
ATTCCTCCGCCAGTGC-1_V12D07-075_C1,13
ATTCCTTCCAGGCGGT-1_V12D07-075_C1,6
ATTCGACGCCGGGCCT-1_V12D07-075_C1,13
ATTCGCGCCTTGAGAG-1_V12D07-075_C1,18
ATTCTCGTCTCTTTAG-1_V12D07-075_C1,6
ATTCTGAGTATGAACT-1_V12D07-075_C1,6
ATTCTTCGTACTTATG-1_V12D07-075_C1,6
ATTGAAGATCTTAGTG-1_V12D07-075_C1,13
ATTGACCGGCGATGAC-1_V12D07-075_C1,6
ATTGACGTAACTCGGT-1_V12D07-075_C1,6
ATTGATGAGTCCTAAC-1_V12D07-075_C1,14
ATTGCCTTTATGTTTG-1_V12D07-075_C1,18
ATTGCGATCAGTAACT-1_V12D07-075_C1,18
ATTGCTGCTCCTCCAT-1_V12D07-075_C1,9
ATTGGATTACAGCGTA-1_V12D07-075_C1,18
ATTGGGAATATCTTGG-1_V12D07-075_C1,6
ATTGGGAGTTCTGTAA-1_V12D07-075_C1,6
ATTGGTAGGATCCGCT-1_V12D07-075_C1,12
ATTGGTTGTGCATTAC-1_V12D07-075_C1,2
ATTGTACAACTCGGCT-1_V12D07-075_C1,2
ATTGTCGCAATACCTT-1_V12D07-075_C1,6
ATTGTCTGTTTCATGT-1_V12D07-075_C1,13
ATTGTGACTTCGCTGC-1_V12D07-075_C1,6
ATTGTTCAACGATCCG-1_V12D07-075_C1,6
ATTTAACTCGTATTAC-1_V12D07-075_C1,6
ATTTACAGTTTACTGG-1_V12D07-075_C1,13
ATTTACTAAGTCCATT-1_V12D07-075_C1,6
ATTTCATTATTTCGCG-1_V12D07-075_C1,6
ATTTGTCTTGGGAGCT-1_V12D07-075_C1,18
ATTTGTTCCAGGGCTC-1_V12D07-075_C1,6
CAAACCAGGTCTGCAT-1_V12D07-075_C1,18
CAAACCCTCCGGCGGG-1_V12D07-075_C1,2
CAAACGAGTATCGCAG-1_V12D07-075_C1,2
CAAACGGTCGCACTTT-1_V12D07-075_C1,13
CAAACTACGATAGAGA-1_V12D07-075_C1,6
CAAACTATTGAGCTTC-1_V12D07-075_C1,6
CAAACTCGCGACGCCG-1_V12D07-075_C1,2
CAAAGGTCATCTGAAA-1_V12D07-075_C1,6
CAAAGGTTAAATTCAG-1_V12D07-075_C1,6
CAAATGTCCTTCCGTG-1_V12D07-075_C1,13
CAAATTGGATTATGCC-1_V12D07-075_C1,6
CAAATTGTCAGCAAGC-1_V12D07-075_C1,6
CAACACATCTCCTGCC-1_V12D07-075_C1,6
CAACATGGCCTGATAA-1_V12D07-075_C1,12
CAACCAGTGGCCTACC-1_V12D07-075_C1,18
CAACCGCACCTAGACA-1_V12D07-075_C1,12
CAACCTACCGAGCAGT-1_V12D07-075_C1,18
CAACCTGAACCTGCCA-1_V12D07-075_C1,6
CAACGACCCGTTTACA-1_V12D07-075_C1,6
CAACGGTTCTTGATAC-1_V12D07-075_C1,13
CAACGTGGTGGAGTCT-1_V12D07-075_C1,18
CAACTATATCGAATGC-1_V12D07-075_C1,6
CAACTCCGTAACTTGC-1_V12D07-075_C1,6
CAACTCCTTGATCCCG-1_V12D07-075_C1,6
CAACTGCTCATCCGAT-1_V12D07-075_C1,13
CAACTTGTAGTGGGCA-1_V12D07-075_C1,6
CAAGAAACCCTAAACT-1_V12D07-075_C1,6
CAAGACTCAGAAGCGC-1_V12D07-075_C1,6
CAAGAGGGCGGAGTAC-1_V12D07-075_C1,13
CAAGATATTATAACGT-1_V12D07-075_C1,18
CAAGCAACGTCGGAGT-1_V12D07-075_C1,13
CAAGCACCAAATGCCT-1_V12D07-075_C1,6
CAAGCGGCACATAATT-1_V12D07-075_C1,13
CAAGGATCGCATGTTC-1_V12D07-075_C1,13
CAAGGCCAGTGGTGCA-1_V12D07-075_C1,18
CAAGGTCCTATAGGCT-1_V12D07-075_C1,6
CAAGTAAGTGATAGAC-1_V12D07-075_C1,9
CAAGTGAACTTTGGTT-1_V12D07-075_C1,6
CAAGTGTGGTTGCAAA-1_V12D07-075_C1,18
CAATAAACCTTGGCCC-1_V12D07-075_C1,2
CAATACGAGAGTCTGA-1_V12D07-075_C1,6
CAATACGCTCTGAGGC-1_V12D07-075_C1,14
CAATATTCTTGACCTA-1_V12D07-075_C1,14
CAATCCCTATACCAGC-1_V12D07-075_C1,6
CAATGAGGTTCGACTA-1_V12D07-075_C1,6
CAATGGAATCTACATA-1_V12D07-075_C1,6
CAATGGATCTCTACCA-1_V12D07-075_C1,14
CAATGGTCGGCCTGGG-1_V12D07-075_C1,6
CAATGTGCCAACCCTT-1_V12D07-075_C1,6
CAATTAAGGGTGATGA-1_V12D07-075_C1,13
CAATTTCGTATAAGGG-1_V12D07-075_C1,13
CAATTTGACCGGGAAG-1_V12D07-075_C1,3
CACAAGAAAGATATTA-1_V12D07-075_C1,6
CACAATGAGCTGCTAT-1_V12D07-075_C1,13
CACACACGCTAACGAG-1_V12D07-075_C1,18
CACACAGCTTGCGCTC-1_V12D07-075_C1,6
CACACAGGGATAGATT-1_V12D07-075_C1,3
CACACGCGCTGTCTTA-1_V12D07-075_C1,2
CACACTTGTATTGCGA-1_V12D07-075_C1,6
CACAGCACCCACGGCA-1_V12D07-075_C1,13
CACAGCTAGGGAGTGA-1_V12D07-075_C1,6
CACAGGGCCATATAGT-1_V12D07-075_C1,12
CACAGGGCCGTTGTCA-1_V12D07-075_C1,13
CACAGTCCCGCTTCGC-1_V12D07-075_C1,18
CACAGTTCGCTTCCCA-1_V12D07-075_C1,18
CACATATTAGCAGGAT-1_V12D07-075_C1,13
CACATCTCACCGACGA-1_V12D07-075_C1,13
CACATGATTCAGCAAC-1_V12D07-075_C1,13
CACATTCTTTCGATGG-1_V12D07-075_C1,6
CACATTTCTTGTCAGA-1_V12D07-075_C1,14
CACCACGCCACACAGA-1_V12D07-075_C1,2
CACCATCGGAGGAGAC-1_V12D07-075_C1,6
CACCATGATCGCAAAG-1_V12D07-075_C1,6
CACCCAAATCTTATGT-1_V12D07-075_C1,6
CACCCACACGTCACCC-1_V12D07-075_C1,7
CACCCACGAGGCAATT-1_V12D07-075_C1,6
CACCCGGTTTGTGACT-1_V12D07-075_C1,14
CACCCTTTCCTCGCTC-1_V12D07-075_C1,6
CACCGATACACCGAGC-1_V12D07-075_C1,6
CACCGCCAGAAGGTTT-1_V12D07-075_C1,13
CACCGCCGACCAGCGA-1_V12D07-075_C1,6
CACCGCGTCCACTCTA-1_V12D07-075_C1,6
CACCGGAGATATCTCC-1_V12D07-075_C1,6
CACCGTATCCCATCCG-1_V12D07-075_C1,18
CACCGTTAGGGATCAC-1_V12D07-075_C1,14
CACCGTTGCGCGATAT-1_V12D07-075_C1,14
CACCTAATCAGTTTAC-1_V12D07-075_C1,6
CACCTCGATGGTGGAC-1_V12D07-075_C1,6
CACCTTGCGAAACTCG-1_V12D07-075_C1,6
CACCTTGGCGCCTTTG-1_V12D07-075_C1,12
CACGAAAGTTAGTCCC-1_V12D07-075_C1,13
CACGACGTAATAGTAA-1_V12D07-075_C1,6
CACGCACAGCGCAGCT-1_V12D07-075_C1,13
CACGCAGCGAGGCTTT-1_V12D07-075_C1,13
CACGCGGAACTGTTGC-1_V12D07-075_C1,18
CACGGACGTGGATGGC-1_V12D07-075_C1,6
CACGGCGCGCCAAAGG-1_V12D07-075_C1,6
CACGGGATTGAGGGTT-1_V12D07-075_C1,13
CACGTCAATCAATGGA-1_V12D07-075_C1,18
CACGTCGGCAACCTCT-1_V12D07-075_C1,14
CACGTCGGGTTCTAGA-1_V12D07-075_C1,18
CACGTCTATGATGTGG-1_V12D07-075_C1,6
CACGTTCGTGCTCTAG-1_V12D07-075_C1,2
CACGTTTCGTACACAC-1_V12D07-075_C1,18
CACTAAAGTTGCCTAT-1_V12D07-075_C1,13
CACTACGGGAGCTGCC-1_V12D07-075_C1,12
CACTACTCAGTTCTGT-1_V12D07-075_C1,6
CACTCAAGAGCTATGG-1_V12D07-075_C1,18
CACTCAGCTCTTGAGG-1_V12D07-075_C1,6
CACTCCTCTCGGTCGG-1_V12D07-075_C1,6
CACTCGAGCTGAACAA-1_V12D07-075_C1,13
CACTCGGTTAGGAGGA-1_V12D07-075_C1,5
CACTCTTCTGCTAGCC-1_V12D07-075_C1,18
CACTGACGATTGTGGA-1_V12D07-075_C1,13
CACTTAATCAGACGGA-1_V12D07-075_C1,13
CACTTCGTCTTATCTC-1_V12D07-075_C1,13
CAGAACTTAGCCCTCT-1_V12D07-075_C1,13
CAGAATAACACACGGA-1_V12D07-075_C1,18
CAGAATATTCGTTATC-1_V12D07-075_C1,6
CAGACACCGATCGCTG-1_V12D07-075_C1,2
CAGACCTGTAAGTGTT-1_V12D07-075_C1,2
CAGACGAACCTGATAC-1_V12D07-075_C1,2
CAGAGACGGTCACCCA-1_V12D07-075_C1,13
CAGAGCATGAGCTTGC-1_V12D07-075_C1,13
CAGAGCGATGGATGCT-1_V12D07-075_C1,9
CAGAGGCGATGCATGA-1_V12D07-075_C1,2
CAGAGTGATTTAACGT-1_V12D07-075_C1,6
CAGATAATGGGCGGGT-1_V12D07-075_C1,13
CAGATACTAACATAGT-1_V12D07-075_C1,13
CAGATCATTTAAAGTC-1_V12D07-075_C1,6
CAGCAGCCCGTTCCTT-1_V12D07-075_C1,2
CAGCAGTCCAGACTAT-1_V12D07-075_C1,18
CAGCAGTCTGTGCTGC-1_V12D07-075_C1,12
CAGCCGGGCCCTCTAT-1_V12D07-075_C1,6
CAGCCTCCTGCAGAGG-1_V12D07-075_C1,6
CAGCCTCGATAGCGGT-1_V12D07-075_C1,2
CAGCCTCTCCTCAAGA-1_V12D07-075_C1,6
CAGCGATTCCCTTCAA-1_V12D07-075_C1,14
CAGCGCCAACACGATA-1_V12D07-075_C1,18
CAGCTCACTGAGACAT-1_V12D07-075_C1,13
CAGCTCGACAAGTTAA-1_V12D07-075_C1,2
CAGCTTAGTAGGTAGC-1_V12D07-075_C1,13
CAGGAAGACTTTATAT-1_V12D07-075_C1,6
CAGGACAGCTGCCCTT-1_V12D07-075_C1,6
CAGGATATATCGTTGT-1_V12D07-075_C1,13
CAGGCAGTCTTACCAG-1_V12D07-075_C1,18
CAGGCCGTTTGGGTGT-1_V12D07-075_C1,13
CAGGCGCCATGCTAGG-1_V12D07-075_C1,13
CAGTAACTATTTATTG-1_V12D07-075_C1,6
CAGTACATTCTCTAAA-1_V12D07-075_C1,6
CAGTAGATGATGTCCG-1_V12D07-075_C1,18
CAGTAGCCCACGCGGT-1_V12D07-075_C1,6
CAGTCGAGGATGCAAT-1_V12D07-075_C1,2
CAGTCTCTCGGCTAAT-1_V12D07-075_C1,13
CAGTCTGTATACTGGG-1_V12D07-075_C1,13
CAGTGAATAAATGACT-1_V12D07-075_C1,6
CAGTGTCCGCAGAATG-1_V12D07-075_C1,3
CAGTGTCGGCTGGCCC-1_V12D07-075_C1,18
CAGTTCAAATTGACAC-1_V12D07-075_C1,13
CAGTTCGAGGACCCGA-1_V12D07-075_C1,2
CATAACGGACAGTCGT-1_V12D07-075_C1,2
CATAAGAAGCTTGGCT-1_V12D07-075_C1,13
CATAATGAGCGGGCGA-1_V12D07-075_C1,6
CATACAAAGCCGAACC-1_V12D07-075_C1,13
CATACACGGTTCCCAC-1_V12D07-075_C1,13
CATACCCGTACCCAGT-1_V12D07-075_C1,13
CATACGGCGTCTGGGC-1_V12D07-075_C1,13
CATACTATGTAATTGT-1_V12D07-075_C1,13
CATACTTAGGCAATAC-1_V12D07-075_C1,6
CATACTTCTTTCTCCG-1_V12D07-075_C1,9
CATAGAGGAGATACTA-1_V12D07-075_C1,18
CATAGCGTTGCCCACC-1_V12D07-075_C1,14
CATAGTACATTGAGAG-1_V12D07-075_C1,6
CATAGTAGCATAGTAG-1_V12D07-075_C1,13
CATAGTCAAATACATA-1_V12D07-075_C1,18
CATAGTCCACAAGAAC-1_V12D07-075_C1,14
CATAGTGGGCACGCCT-1_V12D07-075_C1,2
CATATACTACTGATAA-1_V12D07-075_C1,6
CATATAGGTACAGTCA-1_V12D07-075_C1,13
CATATTATTTGCCCTA-1_V12D07-075_C1,6
CATCAAACTGGCGCCC-1_V12D07-075_C1,6
CATCAACACCTACTAA-1_V12D07-075_C1,12
CATCATCTACCCGGAC-1_V12D07-075_C1,6
CATCATTACCCTGAGG-1_V12D07-075_C1,18
CATCCCGAGATTCATA-1_V12D07-075_C1,2
CATCCGCAGGCCCGAA-1_V12D07-075_C1,12
CATCCTCTCAAAGATC-1_V12D07-075_C1,18
CATCGGACGGGTTAAT-1_V12D07-075_C1,13
CATCGTCCGGTTACTA-1_V12D07-075_C1,13
CATCTACCCGAGAACG-1_V12D07-075_C1,6
CATCTAGTGAAGGGAA-1_V12D07-075_C1,6
CATCTATCCCGTGTCT-1_V12D07-075_C1,6
CATCTGCAGGATCATT-1_V12D07-075_C1,12
CATGAACCGACATTTG-1_V12D07-075_C1,6
CATGAACCTCTTATCA-1_V12D07-075_C1,16
CATGACTTCGCTGAAT-1_V12D07-075_C1,2
CATGAGATGCACTCTC-1_V12D07-075_C1,13
CATGATCGCTTTGAGA-1_V12D07-075_C1,18
CATGATGCACAATTCT-1_V12D07-075_C1,13
CATGATGGAAGTTAGC-1_V12D07-075_C1,18
CATGCATGGAGACCCT-1_V12D07-075_C1,16
CATGCGACCAGTTTAA-1_V12D07-075_C1,2
CATGCGTTAGACAGAA-1_V12D07-075_C1,6
CATGCTGGCTCCAATT-1_V12D07-075_C1,6
CATGGAAATGGGACCA-1_V12D07-075_C1,6
CATGGATTGTCTTCCG-1_V12D07-075_C1,18
CATGGCAGGAAGATCG-1_V12D07-075_C1,6
CATGGCTCCCTATGTC-1_V12D07-075_C1,12
CATGGGTCGGGTGTGG-1_V12D07-075_C1,6
CATGGTAAGTAGCGTT-1_V12D07-075_C1,13
CATGGTCTAGATACCG-1_V12D07-075_C1,13
CATGGTTTATTAATCA-1_V12D07-075_C1,18
CATGTAAGAGACATTT-1_V12D07-075_C1,18
CATGTAGGAGCGCCAA-1_V12D07-075_C1,6
CATGTCTCATTTATGG-1_V12D07-075_C1,18
CATTACATAGATTGTG-1_V12D07-075_C1,6
CATTACGCAGGAAGGG-1_V12D07-075_C1,2
CATTACGTCGGCCCGT-1_V12D07-075_C1,6
CATTATGCTTGTTGTG-1_V12D07-075_C1,13
CATTCACTGACAGCTA-1_V12D07-075_C1,6
CATTCCCATTCCGTCG-1_V12D07-075_C1,6
CATTCGTCGTAGCGGT-1_V12D07-075_C1,2
CATTGATGAACACGCC-1_V12D07-075_C1,11
CATTGCGAAATGGGCG-1_V12D07-075_C1,5
CATTGCGGGTCAATTC-1_V12D07-075_C1,11
CATTGTGTGCTAGATC-1_V12D07-075_C1,13
CATTTAGCGGACCATG-1_V12D07-075_C1,6
CATTTATCGTTCAAGA-1_V12D07-075_C1,6
CATTTGAGTGGTACGT-1_V12D07-075_C1,2
CCAAACAGAACCCTCG-1_V12D07-075_C1,13
CCAAAGCAGTTGGTTG-1_V12D07-075_C1,13
CCAAATAACAAGATTC-1_V12D07-075_C1,2
CCAACGATGCACTGAT-1_V12D07-075_C1,13
CCAACGCTTGCCAGGG-1_V12D07-075_C1,6
CCAACTTGATAGATCC-1_V12D07-075_C1,6
CCAAGAAAGTGGGCGA-1_V12D07-075_C1,2
CCAAGACTTCTGCGAA-1_V12D07-075_C1,6
CCAAGCGTAACTCGTA-1_V12D07-075_C1,13
CCAAGGTTGCCCTTTC-1_V12D07-075_C1,18
CCAAGTTTCTACAGAT-1_V12D07-075_C1,12
CCAATAGATTTCATCT-1_V12D07-075_C1,12
CCAATAGTGCCGTCGA-1_V12D07-075_C1,13
CCAATCGGTAGATCGA-1_V12D07-075_C1,6
CCAATGTCACAGCAAG-1_V12D07-075_C1,13
CCAATTACGGGTCGAG-1_V12D07-075_C1,6
CCAATTGAATGTTAAT-1_V12D07-075_C1,13
CCACAATGTACGTCTT-1_V12D07-075_C1,14
CCACACTGAGATATTA-1_V12D07-075_C1,13
CCACAGCTGAAATCAT-1_V12D07-075_C1,6
CCACAGTACCCATCCT-1_V12D07-075_C1,18
CCACATACTGCACCCA-1_V12D07-075_C1,6
CCACCAACTTTACTGT-1_V12D07-075_C1,14
CCACCCAAGGAAAGTG-1_V12D07-075_C1,2
CCACCTGTATGGAATA-1_V12D07-075_C1,18
CCACGAATTTAACCTC-1_V12D07-075_C1,18
CCACGAGAAGAGAATC-1_V12D07-075_C1,6
CCACGGTGCCCGGTAG-1_V12D07-075_C1,6
CCACGTAAATTAGACT-1_V12D07-075_C1,6
CCACTATCCGGGTCAC-1_V12D07-075_C1,6
CCACTGGTGGCTGGTT-1_V12D07-075_C1,2
CCACTGTTTGGATTAA-1_V12D07-075_C1,13
CCAGAAACTGATGCGA-1_V12D07-075_C1,2
CCAGAAAGCAACTCAT-1_V12D07-075_C1,14
CCAGAGACAAAGCCGG-1_V12D07-075_C1,3
CCAGATAGTTGAGTGA-1_V12D07-075_C1,14
CCAGCCTGGACCAATA-1_V12D07-075_C1,13
CCAGCGGGATCACCAG-1_V12D07-075_C1,6
CCAGCTACGCCTCATA-1_V12D07-075_C1,6
CCAGCTCGAACGCATT-1_V12D07-075_C1,13
CCAGCTGATGGTACTT-1_V12D07-075_C1,2
CCAGCTTCCGCCCGCA-1_V12D07-075_C1,13
CCAGGCTGGCGTCTGA-1_V12D07-075_C1,2
CCAGGGACGTGGCCTC-1_V12D07-075_C1,13
CCAGTAGTCTGATCCA-1_V12D07-075_C1,2
CCAGTCTAGACGGCGC-1_V12D07-075_C1,6
CCAGTCTTGTCATAGA-1_V12D07-075_C1,13
CCATAAACAACCCGAC-1_V12D07-075_C1,6
CCATACTCGCCTCTCC-1_V12D07-075_C1,18
CCATAGGTTGGCGTGG-1_V12D07-075_C1,6
CCATAGTCAGTAACCC-1_V12D07-075_C1,12
CCATATGGAAACTATA-1_V12D07-075_C1,18
CCATATTGGATCATGA-1_V12D07-075_C1,13
CCATCCATACCAAGTC-1_V12D07-075_C1,6
CCATCGCAGTTAAACT-1_V12D07-075_C1,13
CCATCTCACCAGTGAA-1_V12D07-075_C1,2
CCATCTTGTTCACAAT-1_V12D07-075_C1,6
CCATGCCCTAGATTTC-1_V12D07-075_C1,12
CCATGCCTGTTTAGTA-1_V12D07-075_C1,13
CCATGCTCTGCAGGAA-1_V12D07-075_C1,13
CCATGGCCCTTGTACC-1_V12D07-075_C1,5
CCATTAGCGATAATCC-1_V12D07-075_C1,4
CCATTCCCTGCCCACA-1_V12D07-075_C1,13
CCATTGTTTCCTCCAT-1_V12D07-075_C1,6
CCATTTCTACCTATTA-1_V12D07-075_C1,13
CCCAAACATGCTGCTC-1_V12D07-075_C1,2
CCCAACATACGTCGCG-1_V12D07-075_C1,2
CCCAACCACACTAACA-1_V12D07-075_C1,6
CCCAAGTCATTACACT-1_V12D07-075_C1,12
CCCAATTTCACAACTT-1_V12D07-075_C1,2
CCCAGAGGAGGGCGTA-1_V12D07-075_C1,6
CCCAGGTCTGAAGGCT-1_V12D07-075_C1,18
CCCAGTTAAGGCGCCG-1_V12D07-075_C1,6
CCCATATAGGTCGATT-1_V12D07-075_C1,18
CCCGACCATAGTCCGC-1_V12D07-075_C1,6
CCCGAGTTTCTCCGTA-1_V12D07-075_C1,2
CCCGATAGCCTCGCCT-1_V12D07-075_C1,6
CCCGCAGCGCGAACTA-1_V12D07-075_C1,13
CCCGCAGGGCCCAAAG-1_V12D07-075_C1,6
CCCGCCATGCTCCCGT-1_V12D07-075_C1,13
CCCGGCTAGGTGAGAA-1_V12D07-075_C1,18
CCCGGGTCGTTCAGGG-1_V12D07-075_C1,18
CCCGGTGGAAGAACCT-1_V12D07-075_C1,13
CCCGTAAGTCTAGGCC-1_V12D07-075_C1,14
CCCGTAGCTGGGAAGA-1_V12D07-075_C1,14
CCCGTCAGCGTCTGAC-1_V12D07-075_C1,6
CCCGTTTCGCAGATGT-1_V12D07-075_C1,18
CCCTACTTGAACAATG-1_V12D07-075_C1,18
CCCTAGTGTCAGGTGT-1_V12D07-075_C1,13
CCCTCAAGCTCTTAGT-1_V12D07-075_C1,13
CCCTCATTCTGGAATT-1_V12D07-075_C1,6
CCCTCCTCGCTCGTAT-1_V12D07-075_C1,18
CCCTGAAATGAGTTGA-1_V12D07-075_C1,13
CCCTGACTAACAAATT-1_V12D07-075_C1,2
CCCTGATGTAACTCGT-1_V12D07-075_C1,13
CCCTGCGCTACGCATA-1_V12D07-075_C1,9
CCCTGGTATGGGCGGC-1_V12D07-075_C1,6
CCCTGTTGGCAAAGAC-1_V12D07-075_C1,12
CCCTTTAATGGAGTTC-1_V12D07-075_C1,18
CCCTTTGACAGGTCTT-1_V12D07-075_C1,13
CCGAACCTTCCCGGCC-1_V12D07-075_C1,13
CCGAAGGGCGTACCGC-1_V12D07-075_C1,6
CCGAAGTATATTGTTC-1_V12D07-075_C1,3
CCGACAAACACATGAG-1_V12D07-075_C1,13
CCGACAAAGGGAGTGC-1_V12D07-075_C1,12
CCGACAATAGGCCGCC-1_V12D07-075_C1,12
CCGACGTAAACACAAC-1_V12D07-075_C1,6
CCGACTCGCATAGTCT-1_V12D07-075_C1,6
CCGAGCTGTGCTTGTC-1_V12D07-075_C1,6
CCGAGGGATGTTAGGC-1_V12D07-075_C1,6
CCGATATGACGTAAGG-1_V12D07-075_C1,6
CCGATCTCAACCTTAT-1_V12D07-075_C1,2
CCGATTCGAGGGACCC-1_V12D07-075_C1,2
CCGCACAAAGACCAAC-1_V12D07-075_C1,18
CCGCACACGAACGTGT-1_V12D07-075_C1,6
CCGCACGTGACCTCGG-1_V12D07-075_C1,13
CCGCACTTGCAATGAC-1_V12D07-075_C1,18
CCGCATGTGGTACGAT-1_V12D07-075_C1,13
CCGCCGGTCAACACAC-1_V12D07-075_C1,6
CCGCCGTTGAGGATAA-1_V12D07-075_C1,6
CCGCCTGCGAATTGGT-1_V12D07-075_C1,6
CCGCGATTTGGTAGGT-1_V12D07-075_C1,2
CCGCGGAATGCGTCAC-1_V12D07-075_C1,14
CCGCTATCAGCACCAG-1_V12D07-075_C1,18
CCGCTCTTCCGAACTA-1_V12D07-075_C1,18
CCGCTGGTGCCATTCA-1_V12D07-075_C1,6
CCGCTTACCTCACTCT-1_V12D07-075_C1,14
CCGCTTGCTGACATGG-1_V12D07-075_C1,11
CCGGAAGTTATCAGTC-1_V12D07-075_C1,6
CCGGAATGGTTTCAGT-1_V12D07-075_C1,3
CCGGAGCGTACTTTCT-1_V12D07-075_C1,13
CCGGAGGTCTTATGGT-1_V12D07-075_C1,6
CCGGCACGACCGTTTC-1_V12D07-075_C1,6
CCGGCGCATATTGGAT-1_V12D07-075_C1,6
CCGGGACCCGCAGAGA-1_V12D07-075_C1,6
CCGGGCGGTCTCGTCA-1_V12D07-075_C1,18
CCGGGCTGCTCCATAC-1_V12D07-075_C1,18
CCGGGTTCGAGGTTAC-1_V12D07-075_C1,13
CCGGTAATGGCTAGTC-1_V12D07-075_C1,6
CCGGTGCGAGTGATAG-1_V12D07-075_C1,18
CCGGTTTGTAATTGTG-1_V12D07-075_C1,14
CCGTAAGTTGGTCCCA-1_V12D07-075_C1,2
CCGTACCCAAGCGCCA-1_V12D07-075_C1,6
CCGTAGGAAATCCCTG-1_V12D07-075_C1,18
CCGTAGGGTTGTTTAC-1_V12D07-075_C1,18
CCGTATTAGCGCAGTT-1_V12D07-075_C1,6
CCGTGAGGCATTCATG-1_V12D07-075_C1,6
CCGTGCCCATGACGGC-1_V12D07-075_C1,6
CCGTGGAACGATCCAA-1_V12D07-075_C1,6
CCGTGTTAAATTCCAT-1_V12D07-075_C1,14
CCGTTACGTTAGAACA-1_V12D07-075_C1,6
CCGTTCCGAATCTCGG-1_V12D07-075_C1,2
CCTAAAGGCTGACGCT-1_V12D07-075_C1,6
CCTAAATTAACGGTTC-1_V12D07-075_C1,13
CCTAAATTGTATCCTA-1_V12D07-075_C1,2
CCTAACCCAAACAAGT-1_V12D07-075_C1,18
CCTAACTAAGGCTCTA-1_V12D07-075_C1,6
CCTACAAGTCCGGAAT-1_V12D07-075_C1,6
CCTACTCAACACGATT-1_V12D07-075_C1,2
CCTACTGCTTACACTT-1_V12D07-075_C1,13
CCTAGGCGTAGCGATC-1_V12D07-075_C1,2
CCTATAATGAGTGCCC-1_V12D07-075_C1,12
CCTATACCGTCCTGTC-1_V12D07-075_C1,14
CCTATATTTGTCCTGG-1_V12D07-075_C1,13
CCTATCTATATCGGAA-1_V12D07-075_C1,6
CCTATGAAGTGGTGCC-1_V12D07-075_C1,6
CCTATGGGTTACCGTC-1_V12D07-075_C1,2
CCTATGGTCAAAGCTG-1_V12D07-075_C1,18
CCTATGTCCACTCCAC-1_V12D07-075_C1,18
CCTCACCAATCTTGAC-1_V12D07-075_C1,13
CCTCACCTGAGGGAGC-1_V12D07-075_C1,14
CCTCACCTTAGCATCG-1_V12D07-075_C1,2
CCTCACGTCAGCTAAT-1_V12D07-075_C1,18
CCTCATGCAGCTACGA-1_V12D07-075_C1,6
CCTCCCGACAATCCCT-1_V12D07-075_C1,6
CCTCCGACAATTCAAG-1_V12D07-075_C1,13
CCTCCTGAGCCCACAT-1_V12D07-075_C1,18
CCTCCTGTTGTGTCGT-1_V12D07-075_C1,18
CCTCGAAGTGGACGGG-1_V12D07-075_C1,6
CCTCGCCAGCAAATTA-1_V12D07-075_C1,6
CCTCGCGCGATATAGG-1_V12D07-075_C1,2
CCTCGCGCTGTGCGAT-1_V12D07-075_C1,13
CCTCGGACCGGGATAG-1_V12D07-075_C1,13
CCTCGGATGCTACCTG-1_V12D07-075_C1,18
CCTCGTTACGCCTGTT-1_V12D07-075_C1,11
CCTCTAATCTGCCAAG-1_V12D07-075_C1,13
CCTCTCTCCCATCTAG-1_V12D07-075_C1,13
CCTCTGGCCTAGACGG-1_V12D07-075_C1,6
CCTCTGTACTATTCTA-1_V12D07-075_C1,13
CCTGAACGATATATTC-1_V12D07-075_C1,18
CCTGAATATTTACATA-1_V12D07-075_C1,13
CCTGACAAACTCGCGC-1_V12D07-075_C1,13
CCTGACCACCGATGGT-1_V12D07-075_C1,13
CCTGCCCGTTGTCTAG-1_V12D07-075_C1,18
CCTGCGATAGAACTGT-1_V12D07-075_C1,13
CCTGCGTTCTACGCTT-1_V12D07-075_C1,3
CCTGCTATTTGAGAAG-1_V12D07-075_C1,6
CCTGGAAACGTTCTGC-1_V12D07-075_C1,6
CCTGGCTAGACCCGCC-1_V12D07-075_C1,13
CCTGGTCGAATGTGGG-1_V12D07-075_C1,13
CCTGTAAGACATGATA-1_V12D07-075_C1,13
CCTGTACTCACGCCCA-1_V12D07-075_C1,2
CCTGTCACCCGGGCTC-1_V12D07-075_C1,13
CCTGTCCCTCACGTTA-1_V12D07-075_C1,6
CCTGTCGCCCGTAAAT-1_V12D07-075_C1,13
CCTGTGAAACCGTAAC-1_V12D07-075_C1,12
CCTGTTTGAAGACACG-1_V12D07-075_C1,18
CCTTCAGTTAAAGTGA-1_V12D07-075_C1,2
CCTTCGTATAGAATCC-1_V12D07-075_C1,18
CCTTCTTGATCCAGTG-1_V12D07-075_C1,6
CCTTGACCACTTTATT-1_V12D07-075_C1,18
CCTTTAAGGGAGCACT-1_V12D07-075_C1,2
CCTTTCAATGAAGAAA-1_V12D07-075_C1,2
CGAAACATAGATGGCA-1_V12D07-075_C1,6
CGAAACGCAATTCATG-1_V12D07-075_C1,14
CGAACAGTATGGGCGT-1_V12D07-075_C1,18
CGAACATAGTCAGAAA-1_V12D07-075_C1,6
CGAACCCGCATGCGTC-1_V12D07-075_C1,2
CGAACGCCCAGTGCCG-1_V12D07-075_C1,6
CGAAGACGGTGAGTGC-1_V12D07-075_C1,12
CGAAGCTATAAATTCA-1_V12D07-075_C1,6
CGAAGTTGCTCTGTGT-1_V12D07-075_C1,13
CGAATGACGCATAATG-1_V12D07-075_C1,13
CGAATTCCCGGTTCAA-1_V12D07-075_C1,9
CGACAATTTGATCTAA-1_V12D07-075_C1,18
CGACACCGCTTAAGGA-1_V12D07-075_C1,6
CGACACGCTCCGACAG-1_V12D07-075_C1,18
CGACAGTTCGCGTTAT-1_V12D07-075_C1,13
CGACATGCGATCTTCT-1_V12D07-075_C1,6
CGACTCAGGATGTTAT-1_V12D07-075_C1,6
CGACTTTGTATAGCCT-1_V12D07-075_C1,6
CGAGACCCTAGAGTGT-1_V12D07-075_C1,13
CGAGACTACTGCTGCT-1_V12D07-075_C1,2
CGAGAGATGTGAACCT-1_V12D07-075_C1,2
CGAGAGCTTTCACTAC-1_V12D07-075_C1,12
CGAGAGGGTAGCCGCG-1_V12D07-075_C1,18
CGAGATTTCGCTCGGG-1_V12D07-075_C1,6
CGAGCACTTCAAGTTT-1_V12D07-075_C1,13
CGAGCCGAGCACTCGA-1_V12D07-075_C1,12
CGAGCGTTGATCAGCC-1_V12D07-075_C1,6
CGAGCTGGGCTTTAGG-1_V12D07-075_C1,6
CGAGGAGCTTCCATAT-1_V12D07-075_C1,11
CGAGGATCGGGAACGA-1_V12D07-075_C1,6
CGAGGCCAGGCATTGG-1_V12D07-075_C1,13
CGAGGCTAAATATGGC-1_V12D07-075_C1,4
CGAGGGACTGCGGTCG-1_V12D07-075_C1,13
CGAGGGTATCCAGGTG-1_V12D07-075_C1,13
CGAGTACTAAAGAGGA-1_V12D07-075_C1,14
CGAGTGCTATAGTTCG-1_V12D07-075_C1,6
CGAGTTCTGTCCCACC-1_V12D07-075_C1,14
CGAGTTTATCGGACTG-1_V12D07-075_C1,18
CGATAATACTCAGGTT-1_V12D07-075_C1,6
CGATACCTCGCGGACA-1_V12D07-075_C1,13
CGATAGTCGTACTGCA-1_V12D07-075_C1,4
CGATATTAGCCGCAGG-1_V12D07-075_C1,6
CGATCCGACCCAGTGC-1_V12D07-075_C1,13
CGATGGACCCTACGCC-1_V12D07-075_C1,2
CGATTAAATATCTCCT-1_V12D07-075_C1,9
CGATTCGCCTGGCTGC-1_V12D07-075_C1,13
CGCAAACACGAGTTAC-1_V12D07-075_C1,13
CGCAATCGATCATTAG-1_V12D07-075_C1,3
CGCAATTACTTTCGGT-1_V12D07-075_C1,13
CGCAATTAGGGTAATA-1_V12D07-075_C1,13
CGCACATGTCCACTAC-1_V12D07-075_C1,2
CGCACGTGCGCTATCA-1_V12D07-075_C1,2
CGCAGAAACATTTGCG-1_V12D07-075_C1,6
CGCAGATCTTCACCCG-1_V12D07-075_C1,11
CGCAGGCGATCCAAAC-1_V12D07-075_C1,18
CGCATCATGGCTTCAG-1_V12D07-075_C1,6
CGCATCCATCAGCCAG-1_V12D07-075_C1,6
CGCATGCCGAATGCGT-1_V12D07-075_C1,18
CGCATGGTGCGATGCT-1_V12D07-075_C1,13
CGCATTAGCTAATAGG-1_V12D07-075_C1,13
CGCCAAGAAGCCGAGT-1_V12D07-075_C1,14
CGCCAATTATTGCGTT-1_V12D07-075_C1,12
CGCCACCCGCATTAAC-1_V12D07-075_C1,3
CGCCATCCGATTATGA-1_V12D07-075_C1,6
CGCCCAGCACGCCTAG-1_V12D07-075_C1,2
CGCCCAGCGTTTCACG-1_V12D07-075_C1,12
CGCCCGCTTCCGTACA-1_V12D07-075_C1,6
CGCCCTTGAAGGCTGA-1_V12D07-075_C1,13
CGCCGACTATTCGCTA-1_V12D07-075_C1,12
CGCCGCCCATGCCTGT-1_V12D07-075_C1,18
CGCCGTCTACCCATCG-1_V12D07-075_C1,6
CGCCGTTCAGCATAGT-1_V12D07-075_C1,18
CGCCTCCCTCCTCTAT-1_V12D07-075_C1,13
CGCCTGGCCTACGTAA-1_V12D07-075_C1,14
CGCCTTTAGCATGCTC-1_V12D07-075_C1,6
CGCGAAGTGGCATACT-1_V12D07-075_C1,18
CGCGACACTGCGCAGC-1_V12D07-075_C1,13
CGCGACCGCGACAGAT-1_V12D07-075_C1,13
CGCGAGAGGGACTTGT-1_V12D07-075_C1,6
CGCGCATGTTTGATTG-1_V12D07-075_C1,13
CGCGCCCGACTTAATA-1_V12D07-075_C1,6
CGCGGCAGTATTACGG-1_V12D07-075_C1,3
CGCGGCTCAACTTGAA-1_V12D07-075_C1,18
CGCGGGAATTAGGCAG-1_V12D07-075_C1,2
CGCGGTAAGTCTAGCT-1_V12D07-075_C1,6
CGCGGTACGGTATACA-1_V12D07-075_C1,2
CGCGGTCACAAACCAA-1_V12D07-075_C1,6
CGCGTACATTCTGGAA-1_V12D07-075_C1,6
CGCGTTCATGAAATAC-1_V12D07-075_C1,13
CGCTACGGGACATTTA-1_V12D07-075_C1,13
CGCTAGAGACCGCTGC-1_V12D07-075_C1,2
CGCTATACCGCCCACT-1_V12D07-075_C1,6
CGCTATTCTTAGGCTC-1_V12D07-075_C1,18
CGCTCGACATAATGAT-1_V12D07-075_C1,13
CGCTCTCCGTAGATTA-1_V12D07-075_C1,13
CGCTGGTGACTACCCT-1_V12D07-075_C1,18
CGCTGTGACGCCGCAC-1_V12D07-075_C1,13
CGCTGTGTGGATGTTG-1_V12D07-075_C1,14
CGCTTAGTATTGATAC-1_V12D07-075_C1,13
CGCTTATTCCCGGTCG-1_V12D07-075_C1,14
CGCTTCCACTGAAATC-1_V12D07-075_C1,3
CGCTTCGGTCTAAGAC-1_V12D07-075_C1,13
CGCTTGGACGGATAGA-1_V12D07-075_C1,2
CGCTTTCATACCGGTG-1_V12D07-075_C1,6
CGCTTTCTTGCATTCG-1_V12D07-075_C1,14
CGGAAAGAATCAAACG-1_V12D07-075_C1,2
CGGAAAGCAAATGTGC-1_V12D07-075_C1,5
CGGAACGTAAACATAG-1_V12D07-075_C1,2
CGGAGCAATTTAATCG-1_V12D07-075_C1,13
CGGAGCATGGCGATCC-1_V12D07-075_C1,13
CGGAGCTTATAACACC-1_V12D07-075_C1,6
CGGAGTTTGAGAGACA-1_V12D07-075_C1,13
CGGATAAGCGGACATG-1_V12D07-075_C1,12
CGGATCCTCAAGGACT-1_V12D07-075_C1,13
CGGCAAACATCGTGCG-1_V12D07-075_C1,13
CGGCAATAAGATCGCC-1_V12D07-075_C1,18
CGGCACCGTTAGCGCC-1_V12D07-075_C1,6
CGGCACTCAAGAAAGT-1_V12D07-075_C1,13
CGGCAGGGTCGGGTTG-1_V12D07-075_C1,14
CGGCCACGCACAAAGT-1_V12D07-075_C1,18
CGGCCAGAGCGACCAT-1_V12D07-075_C1,13
CGGCCCAACCTGTAGT-1_V12D07-075_C1,6
CGGCCCAGGTATATCC-1_V12D07-075_C1,2
CGGCGCCATCAATCCC-1_V12D07-075_C1,18
CGGCTCTAAAGCTGCA-1_V12D07-075_C1,2
CGGCTCTTCGTCGAAC-1_V12D07-075_C1,6
CGGCTTTGTATGATAA-1_V12D07-075_C1,6
CGGGAATATAGTATAC-1_V12D07-075_C1,18
CGGGAATTTATGTAAA-1_V12D07-075_C1,18
CGGGAGCTTCAGTGTA-1_V12D07-075_C1,18
CGGGAGTATACCGCCG-1_V12D07-075_C1,12
CGGGATCAATGTAAGA-1_V12D07-075_C1,13
CGGGCAGCTAAACCGC-1_V12D07-075_C1,13
CGGGCCATAGCCGCAC-1_V12D07-075_C1,6
CGGGCCTTCTTTGTAA-1_V12D07-075_C1,18
CGGGCGATGGATCACG-1_V12D07-075_C1,18
CGGGTGTACCCATTTA-1_V12D07-075_C1,2
CGGGTTCGGCACGTAT-1_V12D07-075_C1,11
CGGGTTTGTTAGGGCT-1_V12D07-075_C1,18
CGGTAGAGGTGCAGGT-1_V12D07-075_C1,6
CGGTATAGGTATTAGC-1_V12D07-075_C1,6
CGGTCAAGTGGGAACC-1_V12D07-075_C1,2
CGGTCAGTCCATATTT-1_V12D07-075_C1,2
CGGTCCATGAGACTCC-1_V12D07-075_C1,6
CGGTCCGTCGCAAGCC-1_V12D07-075_C1,13
CGGTCTATCAACCCGT-1_V12D07-075_C1,6
CGGTGAAGACTAAAGT-1_V12D07-075_C1,16
CGGTGCAGATAGAACG-1_V12D07-075_C1,2
CGGTGCGCGTTGGTCC-1_V12D07-075_C1,14
CGGTGGGCTCCAGCCT-1_V12D07-075_C1,6
CGGTGTACTTGATCCC-1_V12D07-075_C1,3
CGGTTATCCAACAGTG-1_V12D07-075_C1,2
CGGTTCAAGTAGGTGT-1_V12D07-075_C1,2
CGGTTCCGGCTTCTTG-1_V12D07-075_C1,6
CGGTTGACCTGGCATA-1_V12D07-075_C1,2
CGGTTGGGTTCAAGTT-1_V12D07-075_C1,6
CGGTTTATGAAGGAAC-1_V12D07-075_C1,6
CGTAACTTCGACACTT-1_V12D07-075_C1,2
CGTAATAATTACGAGT-1_V12D07-075_C1,12
CGTACCGAAAGTCTAG-1_V12D07-075_C1,13
CGTACCTGATAGGCCT-1_V12D07-075_C1,13
CGTAGCGAATTGTCAG-1_V12D07-075_C1,6
CGTAGCGCCGACGTTG-1_V12D07-075_C1,6
CGTATCTAGAACTAAG-1_V12D07-075_C1,2
CGTATTAAGAGATCTA-1_V12D07-075_C1,13
CGTCAAGGCTATAAAT-1_V12D07-075_C1,13
CGTCAATCTTTAACAT-1_V12D07-075_C1,13
CGTCACGTCCATTGGT-1_V12D07-075_C1,13
CGTCAGCTATTTACTC-1_V12D07-075_C1,13
CGTCAGTGCGCACAAG-1_V12D07-075_C1,6
CGTCCAGATGGCTCCA-1_V12D07-075_C1,12
CGTCCTCATCGCGTGC-1_V12D07-075_C1,2
CGTCGCATGTGAGCCA-1_V12D07-075_C1,12
CGTCGGATAGTGTTGA-1_V12D07-075_C1,14
CGTCGTCCTTCGCGAA-1_V12D07-075_C1,13
CGTCTGGAAGGGCCCG-1_V12D07-075_C1,6
CGTCTTGAGTGTGACG-1_V12D07-075_C1,6
CGTGAAGTTAATTCAC-1_V12D07-075_C1,18
CGTGACATTGGGTCGT-1_V12D07-075_C1,6
CGTGACCAGTCCTCTG-1_V12D07-075_C1,13
CGTGCAGACTGGGACA-1_V12D07-075_C1,13
CGTGCATTGTCGACGC-1_V12D07-075_C1,2
CGTGCCCTCCCGAAGA-1_V12D07-075_C1,13
CGTGCTGGCCTAGTCG-1_V12D07-075_C1,13
CGTGGAAGCCTCGTAC-1_V12D07-075_C1,6
CGTGGCCGAATATCTA-1_V12D07-075_C1,18
CGTGTATGGGAGCTGA-1_V12D07-075_C1,18
CGTGTCCCATTCGCGA-1_V12D07-075_C1,13
CGTGTGTTAAACCCTG-1_V12D07-075_C1,6
CGTTAAACTAGTTAGG-1_V12D07-075_C1,2
CGTTAATGTCCCGACG-1_V12D07-075_C1,13
CGTTAGCTCACAACTG-1_V12D07-075_C1,6
CGTTCAGACCCGCGAA-1_V12D07-075_C1,12
CGTTCTTCGCACACCT-1_V12D07-075_C1,6
CGTTGAATACCGCGCT-1_V12D07-075_C1,13
CGTTGAGCGACCGTCG-1_V12D07-075_C1,18
CGTTGAGTAATTGCGT-1_V12D07-075_C1,6
CGTTGCCCGCGTGGGA-1_V12D07-075_C1,2
CGTTGTAAGATTGATT-1_V12D07-075_C1,6
CGTTGTCGGCAATTGA-1_V12D07-075_C1,12
CGTTGTTTCAATTCCC-1_V12D07-075_C1,13
CGTTTAAGCGGAGCAC-1_V12D07-075_C1,6
CGTTTACAAGGCAGCT-1_V12D07-075_C1,6
CGTTTCACTTCGGGCG-1_V12D07-075_C1,6
CGTTTCGCTCATTACA-1_V12D07-075_C1,13
CGTTTGGTGTTGTGGG-1_V12D07-075_C1,18
CGTTTGTGTAGAGGGT-1_V12D07-075_C1,14
CTAAAGAATGCCTACT-1_V12D07-075_C1,13
CTAAAGGGAAATAGGA-1_V12D07-075_C1,18
CTAAATCCTATTCCGG-1_V12D07-075_C1,2
CTAACCGCGCGCCCGT-1_V12D07-075_C1,13
CTAACGAAACTTGCTG-1_V12D07-075_C1,14
CTAACTGATAATCGCC-1_V12D07-075_C1,18
CTAACTGGTCCGGTTC-1_V12D07-075_C1,14
CTAAGGGAATGATTGG-1_V12D07-075_C1,13
CTAAGTACAGGGCTAC-1_V12D07-075_C1,6
CTAATTCGCACGCGCT-1_V12D07-075_C1,13
CTAATTCTCAGATATT-1_V12D07-075_C1,2
CTAATTTCAACAACAC-1_V12D07-075_C1,13
CTACACTCGCAGATGG-1_V12D07-075_C1,18
CTACCCTAAGGTCATA-1_V12D07-075_C1,14
CTACGACTAGCTATAA-1_V12D07-075_C1,2
CTACGCACGGAGTACC-1_V12D07-075_C1,13
CTACGCCATTTCCGAT-1_V12D07-075_C1,6
CTACGTGTTGCCACCA-1_V12D07-075_C1,6
CTACTATCTTTCAGAG-1_V12D07-075_C1,14
CTACTCAAGGTATAGT-1_V12D07-075_C1,14
CTACTCTAGGCCCGGC-1_V12D07-075_C1,13
CTACTGCCACCTGACC-1_V12D07-075_C1,13
CTAGACATATATGTAG-1_V12D07-075_C1,6
CTAGACTGCATTTCGT-1_V12D07-075_C1,6
CTAGATAAACTCCTCG-1_V12D07-075_C1,9
CTAGATGTGAGTGTAA-1_V12D07-075_C1,6
CTAGATTTACGACGGC-1_V12D07-075_C1,13
CTAGCATAGTATAATG-1_V12D07-075_C1,13
CTAGCCACAGGCGAGC-1_V12D07-075_C1,18
CTAGCCGATGTTATGA-1_V12D07-075_C1,6
CTAGCTTAATGGTCCC-1_V12D07-075_C1,6
CTAGGCGCCCTATCAG-1_V12D07-075_C1,18
CTAGGTCTGAAGGAAT-1_V12D07-075_C1,2
CTAGGTTCGGACGTGA-1_V12D07-075_C1,13
CTAGTAGAAAGGGATT-1_V12D07-075_C1,13
CTAGTATTCGGAATTA-1_V12D07-075_C1,6
CTAGTCACGTCTTAAG-1_V12D07-075_C1,13
CTAGTGAAGGACAGGA-1_V12D07-075_C1,13
CTAGTTACAACCCGGT-1_V12D07-075_C1,13
CTAGTTGGGCCCGGTA-1_V12D07-075_C1,13
CTATAAGAGCCAATCG-1_V12D07-075_C1,2
CTATCGACGAAATACA-1_V12D07-075_C1,18
CTATCGCGTAGAGAAC-1_V12D07-075_C1,18
CTATCGGGTCTCAACA-1_V12D07-075_C1,18
CTATGCCCGAATGCAA-1_V12D07-075_C1,13
CTATGGGAAGCGGAAT-1_V12D07-075_C1,18
CTATGTCACTAGCCCA-1_V12D07-075_C1,13
CTATGTCTATTGAAAC-1_V12D07-075_C1,6
CTATTCATGTGTCCCA-1_V12D07-075_C1,13
CTATTGTGTTTGGTCA-1_V12D07-075_C1,6
CTATTTGCTTGGAGGA-1_V12D07-075_C1,18
CTATTTGGTTACGGAT-1_V12D07-075_C1,18
CTCAACTAACCCGGAT-1_V12D07-075_C1,12
CTCAAGACATTAGCGC-1_V12D07-075_C1,6
CTCACATTTACTAAAT-1_V12D07-075_C1,13
CTCACCAGTACAAGTG-1_V12D07-075_C1,13
CTCACCGATCCAAACT-1_V12D07-075_C1,6
CTCACTGTGATACTTA-1_V12D07-075_C1,18
CTCACTTGGCTGGTAA-1_V12D07-075_C1,14
CTCAGGACTCACCTGT-1_V12D07-075_C1,3
CTCAGTCACGACAAAT-1_V12D07-075_C1,2
CTCATCACTTAGTGAT-1_V12D07-075_C1,6
CTCATGGCTCACAATC-1_V12D07-075_C1,6
CTCATTCGTGAACATC-1_V12D07-075_C1,13
CTCATTGCTCTAACAA-1_V12D07-075_C1,12
CTCATTTGATGGGCGG-1_V12D07-075_C1,13
CTCCCAATGAGTCGCG-1_V12D07-075_C1,2
CTCCGCCCACATGAGG-1_V12D07-075_C1,2
CTCCGGCCTAATATGC-1_V12D07-075_C1,6
CTCCGGCTTGTAGACA-1_V12D07-075_C1,13
CTCCTCCAGCTCACAC-1_V12D07-075_C1,13
CTCCTGTTCAAGGCAG-1_V12D07-075_C1,18
CTCCTTTACGCAAGTC-1_V12D07-075_C1,6
CTCGAATGGAACGTAT-1_V12D07-075_C1,6
CTCGAGATCCAAAGCA-1_V12D07-075_C1,13
CTCGAGGTCGAACAGT-1_V12D07-075_C1,13
CTCGATATTTGCGAGC-1_V12D07-075_C1,6
CTCGCACCTATATAGT-1_V12D07-075_C1,13
CTCGCCGAATGTAGGG-1_V12D07-075_C1,13
CTCGCTAGGTAAGCGA-1_V12D07-075_C1,2
CTCGGGATAACACCTA-1_V12D07-075_C1,6
CTCGGTACCACTGCTC-1_V12D07-075_C1,13
CTCGTCTGTGCCTTCG-1_V12D07-075_C1,18
CTCGTTTCTAATGTTT-1_V12D07-075_C1,6
CTCTAATGCATTGATC-1_V12D07-075_C1,6
CTCTAGCCCTCGGAAA-1_V12D07-075_C1,12
CTCTATTTGGCTGCAG-1_V12D07-075_C1,13
CTCTCACAATCGATGA-1_V12D07-075_C1,18
CTCTCGCTGTACTATG-1_V12D07-075_C1,13
CTCTGCGAAGCAAGCA-1_V12D07-075_C1,6
CTCTGGACGCCTGGTG-1_V12D07-075_C1,13
CTCTGTTTGAGGATTC-1_V12D07-075_C1,6
CTCTTCTATTGACTGG-1_V12D07-075_C1,18
CTCTTGTCCCGCTTGG-1_V12D07-075_C1,13
CTGAAACGGCCCTCAG-1_V12D07-075_C1,6
CTGAAAGAGATCCGAC-1_V12D07-075_C1,6
CTGAATCCGAGACCTC-1_V12D07-075_C1,13
CTGAATTTATTGCCAG-1_V12D07-075_C1,6
CTGACATAGAAATAGA-1_V12D07-075_C1,6
CTGACTGCGCAGCTCG-1_V12D07-075_C1,2
CTGAGAAAGTTCGGCG-1_V12D07-075_C1,6
CTGAGAGTAGAAATAC-1_V12D07-075_C1,18
CTGAGCAAGTAACAAG-1_V12D07-075_C1,9
CTGAGCGAGACTTATT-1_V12D07-075_C1,6
CTGCAAGCACGTTCCG-1_V12D07-075_C1,18
CTGCACAACTACATAT-1_V12D07-075_C1,13
CTGCACCTAGTCCACA-1_V12D07-075_C1,6
CTGCACCTGGAACCGC-1_V12D07-075_C1,6
CTGCACTCCAGTACAG-1_V12D07-075_C1,13
CTGCAGAGAATCAGAG-1_V12D07-075_C1,12
CTGCAGGTGCTCGGCC-1_V12D07-075_C1,12
CTGCCAAGGTTGGAAG-1_V12D07-075_C1,6
CTGCCATGCATCACAT-1_V12D07-075_C1,13
CTGCCCACGAAGCGTT-1_V12D07-075_C1,18
CTGCCTCATATGCAAC-1_V12D07-075_C1,6
CTGCCTTTCTAGTAAA-1_V12D07-075_C1,18
CTGCGGTAGTCACGTG-1_V12D07-075_C1,6
CTGCGTTACGATATAA-1_V12D07-075_C1,6
CTGCTGAGGCCACGAA-1_V12D07-075_C1,14
CTGCTGTCTAACGAGC-1_V12D07-075_C1,6
CTGCTTGGCGATAGCT-1_V12D07-075_C1,13
CTGCTTTATGTCCGCG-1_V12D07-075_C1,6
CTGGAAATGGATGCTT-1_V12D07-075_C1,13
CTGGAAGACACGGTGG-1_V12D07-075_C1,18
CTGGATTTACACTTGA-1_V12D07-075_C1,13
CTGGCGACATAAGTCC-1_V12D07-075_C1,6
CTGGCGCACAGGTCTG-1_V12D07-075_C1,2
CTGGCGGGAATAAGTA-1_V12D07-075_C1,13
CTGGCTCCTGCGGGAT-1_V12D07-075_C1,4
CTGGCTGATTCATCCT-1_V12D07-075_C1,18
CTGGCTGGTTGTCAGT-1_V12D07-075_C1,11
CTGGGATAAATAATGG-1_V12D07-075_C1,18
CTGGGATACGCTACCC-1_V12D07-075_C1,6
CTGGGCCTGCTATATC-1_V12D07-075_C1,14
CTGGGCTATCCTTTGG-1_V12D07-075_C1,6
CTGGGTAGGCAGTTAA-1_V12D07-075_C1,9
CTGGTAAAGACTTACA-1_V12D07-075_C1,2
CTGGTAAAGTGTGGGC-1_V12D07-075_C1,18
CTGGTAACACATAGAA-1_V12D07-075_C1,18
CTGGTAACGAGCTCTT-1_V12D07-075_C1,2
CTGGTCATTCCAATCC-1_V12D07-075_C1,3
CTGGTCCTAACTTGGC-1_V12D07-075_C1,6
CTGGTTCAACGCATCA-1_V12D07-075_C1,6
CTGGTTCGCGAGCTAC-1_V12D07-075_C1,6
CTGGTTTCGAGCAAGA-1_V12D07-075_C1,18
CTGTACTTCTTAGCAT-1_V12D07-075_C1,13
CTGTAGCCATCTCACT-1_V12D07-075_C1,14
CTGTATGGTGTAGAAA-1_V12D07-075_C1,13
CTGTCAAATGGCTCGG-1_V12D07-075_C1,6
CTGTCACGCCAGGCGC-1_V12D07-075_C1,6
CTGTCTGTGGCTGGCT-1_V12D07-075_C1,3
CTGTGCAGGGTAGGTC-1_V12D07-075_C1,13
CTGTGGTCGGGAGATA-1_V12D07-075_C1,18
CTGTTACCCAATCTAG-1_V12D07-075_C1,13
CTGTTCACTGCCTGTG-1_V12D07-075_C1,6
CTGTTCATCTCACGGG-1_V12D07-075_C1,13
CTGTTGGCTCTTCTGA-1_V12D07-075_C1,13
CTTAAATAAGACCCAT-1_V12D07-075_C1,13
CTTAACTTACAGTATA-1_V12D07-075_C1,2
CTTAACTTCGAAGTAC-1_V12D07-075_C1,6
CTTACACGGTATTCCA-1_V12D07-075_C1,13
CTTACACTGGGAAATA-1_V12D07-075_C1,6
CTTACTGACTCCTCTG-1_V12D07-075_C1,9
CTTAGCCTTCCACATG-1_V12D07-075_C1,6
CTTAGTAGGCCTACAG-1_V12D07-075_C1,6
CTTAGTGTAGTAGCAT-1_V12D07-075_C1,13
CTTATAGATGGCTGTT-1_V12D07-075_C1,18
CTTCAACTCCACTTGG-1_V12D07-075_C1,13
CTTCATAGCTCAAGAA-1_V12D07-075_C1,13
CTTCATTGTCAGTGGA-1_V12D07-075_C1,12
CTTCCGCTCCGTGAAG-1_V12D07-075_C1,2
CTTCGATTGCGCAAGC-1_V12D07-075_C1,18
CTTCGGCCAATTGTTT-1_V12D07-075_C1,2
CTTCGTAGATAGGTGA-1_V12D07-075_C1,13
CTTCTATGTTGAAGTA-1_V12D07-075_C1,14
CTTCTATTAATGCTAG-1_V12D07-075_C1,2
CTTCTTACGTCGTATA-1_V12D07-075_C1,6
CTTGACCCGAAAGATA-1_V12D07-075_C1,6
CTTGAGGTTATCCCGA-1_V12D07-075_C1,13
CTTGAGTTAGGGTAAT-1_V12D07-075_C1,18
CTTGATGACCATCCAG-1_V12D07-075_C1,13
CTTGCCCACCCACGCA-1_V12D07-075_C1,2
CTTGCCCAGGCTCTAC-1_V12D07-075_C1,13
CTTGGCCAAGCTGGGA-1_V12D07-075_C1,13
CTTGTACTTGTTGACT-1_V12D07-075_C1,6
CTTGTCAACATTCGAG-1_V12D07-075_C1,13
CTTGTGAGGACAGCGG-1_V12D07-075_C1,13
CTTGTGAGTCTTTGAC-1_V12D07-075_C1,6
CTTGTGCTCACCGATT-1_V12D07-075_C1,2
CTTGTTGCTGAGTCAA-1_V12D07-075_C1,18
CTTGTTTATGTAGCCA-1_V12D07-075_C1,3
CTTTAACTTTCAAAGG-1_V12D07-075_C1,13
CTTTAATATTGGTCGA-1_V12D07-075_C1,13
CTTTAGGAACACTGTT-1_V12D07-075_C1,12
CTTTAGTGCTATTATT-1_V12D07-075_C1,18
CTTTCTGTGCGGGCTT-1_V12D07-075_C1,13
CTTTGCATCGCTCTTG-1_V12D07-075_C1,18
CTTTGCTGTCATGGAT-1_V12D07-075_C1,6
CTTTGGCAGACAGAGT-1_V12D07-075_C1,6
CTTTGGCGCTTTATAC-1_V12D07-075_C1,1
CTTTGGCTTTAGTAAA-1_V12D07-075_C1,13
CTTTGGGATTGTTGCA-1_V12D07-075_C1,14
GAAACAGATGACCACC-1_V12D07-075_C1,18
GAAACAGCCATGCAGT-1_V12D07-075_C1,6
GAAACCATGGTGCGCT-1_V12D07-075_C1,6
GAAACCGAATTACCTT-1_V12D07-075_C1,2
GAAACCTATACAAATG-1_V12D07-075_C1,13
GAAACTCGTGCGATGC-1_V12D07-075_C1,13
GAAAGAACAGCGTTAT-1_V12D07-075_C1,2
GAAAGCAGTGCACTTT-1_V12D07-075_C1,2
GAAAGCCCTTTGGACC-1_V12D07-075_C1,3
GAAAGTGACTAACTGC-1_V12D07-075_C1,13
GAAATACCTGCTGGCT-1_V12D07-075_C1,6
GAAATATCACCATCAG-1_V12D07-075_C1,5
GAAATATGCTTGAATG-1_V12D07-075_C1,6
GAAATCGCGCGCAACT-1_V12D07-075_C1,6
GAAATCTGACCAAGTT-1_V12D07-075_C1,4
GAAATGGCGGTGTTAG-1_V12D07-075_C1,13
GAAATGGGATGTAAAC-1_V12D07-075_C1,12
GAAATTAGCACGGATA-1_V12D07-075_C1,6
GAAATTCACATCGCTG-1_V12D07-075_C1,6
GAAATTGTCTCTATAA-1_V12D07-075_C1,13
GAACAACTGGGATGAA-1_V12D07-075_C1,18
GAACACACATCAACCA-1_V12D07-075_C1,6
GAACAGATTACTAAAT-1_V12D07-075_C1,13
GAACCCTCTGTGTTCT-1_V12D07-075_C1,13
GAACCTCGACCTACAC-1_V12D07-075_C1,14
GAACCTTTAACGATCC-1_V12D07-075_C1,13
GAACGACCGAATGATA-1_V12D07-075_C1,6
GAACGATAAGTTAAAG-1_V12D07-075_C1,6
GAACGCGGGTCACACG-1_V12D07-075_C1,2
GAACGTCTCATGGTCG-1_V12D07-075_C1,14
GAACGTTAGGAAGACG-1_V12D07-075_C1,3
GAACTGTGGAGAGACA-1_V12D07-075_C1,18
GAACTTAGCGCCCGGT-1_V12D07-075_C1,6
GAAGAACGGTGCAGGT-1_V12D07-075_C1,6
GAAGCCACTGATTATG-1_V12D07-075_C1,18
GAAGCCGGGTAAGCTC-1_V12D07-075_C1,13
GAAGCCTGCACATTCC-1_V12D07-075_C1,9
GAAGCGTGAGGAATTT-1_V12D07-075_C1,13
GAAGCTCTTTGCTTAG-1_V12D07-075_C1,12
GAAGCTTGCTGACCGC-1_V12D07-075_C1,13
GAAGGAGTCGAGTGCG-1_V12D07-075_C1,12
GAAGGCTACCATTGTT-1_V12D07-075_C1,11
GAAGGGCATAACCATG-1_V12D07-075_C1,5
GAAGTCAGTTGCACTA-1_V12D07-075_C1,13
GAAGTCTCCCTAGCGA-1_V12D07-075_C1,2
GAAGTGATTTATCGTG-1_V12D07-075_C1,13
GAAGTGCTGGATAGCT-1_V12D07-075_C1,6
GAAGTTTCCACTCAAT-1_V12D07-075_C1,13
GAATAGACGCGACCCA-1_V12D07-075_C1,18
GAATAGCATTTAGGGT-1_V12D07-075_C1,6
GAATAGCCCTGCGGTC-1_V12D07-075_C1,6
GAATATTCGGAGTCCC-1_V12D07-075_C1,6
GAATCGACATGGTCAC-1_V12D07-075_C1,13
GAATCGCCGGACACGG-1_V12D07-075_C1,6
GAATCTGAACATTCTC-1_V12D07-075_C1,13
GAATGAAGGTCTTCAG-1_V12D07-075_C1,6
GAATGCGAATCGGTTC-1_V12D07-075_C1,18
GAATGGGCTTATCGAC-1_V12D07-075_C1,18
GAATGTATGGCAGGTC-1_V12D07-075_C1,6
GAATGTGGTCCGGATT-1_V12D07-075_C1,18
GAATGTTGGGTAATCT-1_V12D07-075_C1,13
GAATTATAGTGAAAGG-1_V12D07-075_C1,18
GAATTCACCCGGGTGT-1_V12D07-075_C1,13
GACAAACATATGCAGG-1_V12D07-075_C1,18
GACAACGACCATTGAA-1_V12D07-075_C1,6
GACAACGCAGCTTACG-1_V12D07-075_C1,6
GACAAGACGCCCGTGC-1_V12D07-075_C1,9
GACAAGAGATGAGATT-1_V12D07-075_C1,18
GACACAAGGGAAGAAA-1_V12D07-075_C1,18
GACACAGCCGGGACTG-1_V12D07-075_C1,2
GACACGAGTTAGAGGA-1_V12D07-075_C1,3
GACACTGAGTTCAGTG-1_V12D07-075_C1,13
GACACTGGAACCCGAT-1_V12D07-075_C1,18
GACACTTCCAATTACC-1_V12D07-075_C1,18
GACAGCCAGACCTGAC-1_V12D07-075_C1,3
GACAGGCACACACTAT-1_V12D07-075_C1,5
GACATCCGTCGAACTG-1_V12D07-075_C1,18
GACATCGATTTATAAC-1_V12D07-075_C1,2
GACCAAACGTTGACTG-1_V12D07-075_C1,12
GACCACACTTCCCTTT-1_V12D07-075_C1,18
GACCAGAGCCCTGTAG-1_V12D07-075_C1,13
GACCCGTCGCCGGCTA-1_V12D07-075_C1,6
GACCGACGTGAAAGCA-1_V12D07-075_C1,6
GACCGACTGAAGCGTC-1_V12D07-075_C1,3
GACCGCGTCTGACGTG-1_V12D07-075_C1,2
GACCGTCAGGTCGTGA-1_V12D07-075_C1,6
GACCGTGCTGACGGTG-1_V12D07-075_C1,13
GACCGTTACATGCGAC-1_V12D07-075_C1,18
GACCTGGTCTGGGCGT-1_V12D07-075_C1,12
GACCTTCCACGTCTAC-1_V12D07-075_C1,18
GACGACGATCCGCGTT-1_V12D07-075_C1,13
GACGAGGCTAATAAAC-1_V12D07-075_C1,18
GACGCCGTAAAGGCTA-1_V12D07-075_C1,2
GACGCCTGTTGCAGGG-1_V12D07-075_C1,6
GACGCTTGCTTCTAAA-1_V12D07-075_C1,13
GACGGGTTGGCCCGTA-1_V12D07-075_C1,13
GACGGTCAATAGAAGC-1_V12D07-075_C1,2
GACGGTCCTAGGGTGT-1_V12D07-075_C1,6
GACGTGAGACTCCATG-1_V12D07-075_C1,6
GACGTTCGTAAATACA-1_V12D07-075_C1,11
GACTAACACAGCACCT-1_V12D07-075_C1,6
GACTAAGATCATGCAC-1_V12D07-075_C1,6
GACTAAGTAGGCTCAC-1_V12D07-075_C1,13
GACTACAATTGCTCGT-1_V12D07-075_C1,6
GACTAGGCCGTTAGGT-1_V12D07-075_C1,12
GACTCACCCACGTGAG-1_V12D07-075_C1,2
GACTCCCAGAATAAGG-1_V12D07-075_C1,6
GACTCGCGGGAATGAC-1_V12D07-075_C1,2
GACTCGGTCGGCGGAT-1_V12D07-075_C1,6
GACTGATTGGTCACAA-1_V12D07-075_C1,6
GACTGCAAATCGAGCT-1_V12D07-075_C1,13
GACTGCACCAGCCCAG-1_V12D07-075_C1,18
GACTGGGCGCCGCAAC-1_V12D07-075_C1,6
GAGAAACTGGATCCCA-1_V12D07-075_C1,2
GAGAATCTCACGATCA-1_V12D07-075_C1,13
GAGACCCTGCAACGCC-1_V12D07-075_C1,6
GAGACTGATGGGTAGA-1_V12D07-075_C1,13
GAGACTTCGCGACCGA-1_V12D07-075_C1,13
GAGAGCGCAGTCCCTG-1_V12D07-075_C1,4
GAGAGGCCTATGTGTA-1_V12D07-075_C1,18
GAGAGGGCGCGAGGTT-1_V12D07-075_C1,13
GAGAGGTGCATTCTGG-1_V12D07-075_C1,14
GAGATCTGCTTGGCAT-1_V12D07-075_C1,13
GAGATCTGTCACTCCG-1_V12D07-075_C1,18
GAGATCTTCCATGACA-1_V12D07-075_C1,18
GAGATGACAATCCTTA-1_V12D07-075_C1,6
GAGATGGCTTTAATCA-1_V12D07-075_C1,18
GAGATGGGAGTCGACA-1_V12D07-075_C1,13
GAGCACGGCGCCTCTT-1_V12D07-075_C1,6
GAGCATCATCCCTGGG-1_V12D07-075_C1,6
GAGCCACGGTAGTAGG-1_V12D07-075_C1,6
GAGCCAGCTACCTGTG-1_V12D07-075_C1,13
GAGCCGAGCGTTTATT-1_V12D07-075_C1,6
GAGCGAGGGAGTACCG-1_V12D07-075_C1,6
GAGCGCAAATACTCCG-1_V12D07-075_C1,18
GAGCGCGCACGAGTAG-1_V12D07-075_C1,12
GAGCGGAATGCGGTGT-1_V12D07-075_C1,2
GAGCTAAGGGCATATC-1_V12D07-075_C1,14
GAGCTCTCGGACCTAA-1_V12D07-075_C1,12
GAGCTGTCGTCTCGGA-1_V12D07-075_C1,6
GAGGAATGGAGAGGTT-1_V12D07-075_C1,12
GAGGAGATCCTCATGC-1_V12D07-075_C1,12
GAGGATAAACAGTGCT-1_V12D07-075_C1,6
GAGGCATTTGCAGCAG-1_V12D07-075_C1,6
GAGGCCTGTTGATACA-1_V12D07-075_C1,18
GAGGGCATCGCGTATC-1_V12D07-075_C1,6
GAGGGCGCAGCTCTGC-1_V12D07-075_C1,2
GAGGTACATCCATCTT-1_V12D07-075_C1,6
GAGGTACGCGTGTCCC-1_V12D07-075_C1,18
GAGGTCCCAAAGATCT-1_V12D07-075_C1,3
GAGTAAACCGGAAAGT-1_V12D07-075_C1,6
GAGTAAATTAAGAACC-1_V12D07-075_C1,9
GAGTAGATACTAGTTG-1_V12D07-075_C1,13
GAGTATCAAAGTTACA-1_V12D07-075_C1,2
GAGTATGCCCGCCTTG-1_V12D07-075_C1,14
GAGTATGCGCGTGCAT-1_V12D07-075_C1,12
GAGTCAGACCAGAATC-1_V12D07-075_C1,2
GAGTCCGCTTACCGGA-1_V12D07-075_C1,13
GAGTCGACAGACCCTC-1_V12D07-075_C1,5
GAGTGTCAACCAGAAA-1_V12D07-075_C1,12
GAGTGTGCGGTACCCA-1_V12D07-075_C1,18
GATAAATCGGTGGATG-1_V12D07-075_C1,6
GATAACTCGCACTGTG-1_V12D07-075_C1,18
GATAAGGCAGATGCAA-1_V12D07-075_C1,6
GATACCGTGTCGGAGT-1_V12D07-075_C1,6
GATACGATGGGAGTCA-1_V12D07-075_C1,2
GATAGAACCCGCTAGG-1_V12D07-075_C1,13
GATAGCGTACCACGCG-1_V12D07-075_C1,12
GATAGGATTAATTACA-1_V12D07-075_C1,6
GATAGGTAACGTTGAC-1_V12D07-075_C1,13
GATAGGTGTCCCGGGC-1_V12D07-075_C1,6
GATATCAGTATGTATC-1_V12D07-075_C1,13
GATATCTCATGCAATA-1_V12D07-075_C1,6
GATATGAGACACTAAC-1_V12D07-075_C1,18
GATATGCGGTAGCCAA-1_V12D07-075_C1,6
GATATTGAGATTGGCG-1_V12D07-075_C1,2
GATATTTCCTACATGG-1_V12D07-075_C1,6
GATCATTCCAAACATT-1_V12D07-075_C1,13
GATCCCTTTATACTGC-1_V12D07-075_C1,13
GATCCGAATATAAGTG-1_V12D07-075_C1,6
GATCCGGGAATTAACA-1_V12D07-075_C1,13
GATCCTAAATCGGGAC-1_V12D07-075_C1,2
GATCCTCTTGCGCTTA-1_V12D07-075_C1,6
GATCGACACTATCTGA-1_V12D07-075_C1,13
GATCGCGGGCTCTCCA-1_V12D07-075_C1,13
GATCGCTACCCGATTT-1_V12D07-075_C1,18
GATCGGCGATAAGTCG-1_V12D07-075_C1,13
GATCGGTGGCCATAAC-1_V12D07-075_C1,13
GATCGTGACTGATATC-1_V12D07-075_C1,2
GATCTCGACGCTGTGG-1_V12D07-075_C1,6
GATCTGCTATCTAAGG-1_V12D07-075_C1,13
GATCTTCATTGTCCTC-1_V12D07-075_C1,13
GATCTTGGAGGGCATA-1_V12D07-075_C1,13
GATCTTTGCAGGGTAT-1_V12D07-075_C1,13
GATCTTTGCTCAAAGA-1_V12D07-075_C1,6
GATGACGATGATCGCG-1_V12D07-075_C1,6
GATGAGGAACCTTCGG-1_V12D07-075_C1,18
GATGCGAATGGTATTA-1_V12D07-075_C1,13
GATGCGTCCTGCATTC-1_V12D07-075_C1,13
GATGCTACAAGCGCCT-1_V12D07-075_C1,6
GATGCTACCTTCGATG-1_V12D07-075_C1,13
GATGCTGTATTTCATC-1_V12D07-075_C1,12
GATGGCGCACACATTA-1_V12D07-075_C1,3
GATGGTGAAATAACCC-1_V12D07-075_C1,6
GATGGTGCCCTAGGCA-1_V12D07-075_C1,6
GATGTCCGGATCACAT-1_V12D07-075_C1,6
GATGTCGGTCAACTGC-1_V12D07-075_C1,6
GATGTGTTGTCACAAG-1_V12D07-075_C1,6
GATGTTCAATCCACGA-1_V12D07-075_C1,13
GATTAACCGAAAGCCC-1_V12D07-075_C1,18
GATTACTGAATTTGGG-1_V12D07-075_C1,2
GATTCCCTTGTCGCAG-1_V12D07-075_C1,13
GATTCCGCGTTTCCGT-1_V12D07-075_C1,6
GATTCCTATACGGCGC-1_V12D07-075_C1,13
GATTCGACGGTTCACG-1_V12D07-075_C1,13
GATTGACACTCTGCTC-1_V12D07-075_C1,6
GATTGGGAAAGGTTGT-1_V12D07-075_C1,12
GCAAACCCTACATTAT-1_V12D07-075_C1,18
GCAAACCTTGGCCATA-1_V12D07-075_C1,13
GCAAACGTCGCCAGGT-1_V12D07-075_C1,6
GCAAATATTACGCTTT-1_V12D07-075_C1,13
GCAAATGAGGACACTT-1_V12D07-075_C1,2
GCAACAGCAGTATGCG-1_V12D07-075_C1,18
GCAACCACCAGACCGG-1_V12D07-075_C1,6
GCAACCACGGCCGCGT-1_V12D07-075_C1,14
GCAACCCAAGTTGTTT-1_V12D07-075_C1,5
GCAACGGCTAGTTATG-1_V12D07-075_C1,6
GCAAGAATTCCTTGGC-1_V12D07-075_C1,2
GCAAGATGTGTTCGCG-1_V12D07-075_C1,6
GCAAGTGCACAGAGAA-1_V12D07-075_C1,13
GCAATTAGTCGCACCG-1_V12D07-075_C1,6
GCACAAACGAGGCGTG-1_V12D07-075_C1,6
GCACAAGTGGATCATA-1_V12D07-075_C1,12
GCACAAGTGTCGGAAG-1_V12D07-075_C1,6
GCACACACTGGTAGCC-1_V12D07-075_C1,18
GCACACGCCCATGGTC-1_V12D07-075_C1,5
GCACCTTCCCGAAGGT-1_V12D07-075_C1,2
GCACGCCTACTTAGAT-1_V12D07-075_C1,14
GCACGTGGTTTACTTA-1_V12D07-075_C1,18
GCACTAGTCGCGCTAT-1_V12D07-075_C1,6
GCACTGCCTACCTTTA-1_V12D07-075_C1,18
GCACTGTGCAAATGTA-1_V12D07-075_C1,6
GCAGAAGGTAATCTCC-1_V12D07-075_C1,6
GCAGACCCAGCACGTA-1_V12D07-075_C1,2
GCAGATCCATAAGACT-1_V12D07-075_C1,13
GCAGATCCTCGCAAAT-1_V12D07-075_C1,3
GCAGATTAGGGATATC-1_V12D07-075_C1,13
GCAGCACACAGCCCAG-1_V12D07-075_C1,13
GCAGCCTATATCACAT-1_V12D07-075_C1,6
GCAGCGGTGGGCATTA-1_V12D07-075_C1,6
GCAGCTATGGACAGGT-1_V12D07-075_C1,6
GCAGCTGTCAACGCAT-1_V12D07-075_C1,2
GCAGGACTATAGAATA-1_V12D07-075_C1,13
GCAGGTAGAGTATGGT-1_V12D07-075_C1,6
GCAGTGCGGGCGGATG-1_V12D07-075_C1,2
GCAGTGTGGCTATAGG-1_V12D07-075_C1,13
GCAGTTCGATCCGAGC-1_V12D07-075_C1,18
GCATACGAGGTCTTTA-1_V12D07-075_C1,2
GCATAGAGCACTCAGG-1_V12D07-075_C1,13
GCATCCCTAACTTTGA-1_V12D07-075_C1,15
GCATGACACAAAGGAA-1_V12D07-075_C1,9
GCATGAGGGACGCGGC-1_V12D07-075_C1,14
GCATGGGTACTGACGC-1_V12D07-075_C1,2
GCATTCAAGGCAACGC-1_V12D07-075_C1,6
GCATTCGAAATGAACA-1_V12D07-075_C1,13
GCATTTCCAAGGCTCC-1_V12D07-075_C1,6
GCCAACCATTTCCGGA-1_V12D07-075_C1,6
GCCAATAGGGCATCTC-1_V12D07-075_C1,6
GCCACAATTTAAGGAC-1_V12D07-075_C1,2
GCCACTCAGAGCGCGA-1_V12D07-075_C1,18
GCCACTCCTTACGGTA-1_V12D07-075_C1,2
GCCAGGAGTAACCGAT-1_V12D07-075_C1,6
GCCAGGCGTTCGCATG-1_V12D07-075_C1,6
GCCAGGCTTAGTGGTA-1_V12D07-075_C1,18
GCCATATTGCACACAG-1_V12D07-075_C1,6
GCCATCGAGCTGCGTG-1_V12D07-075_C1,14
GCCATCGATGCTGCAT-1_V12D07-075_C1,6
GCCCACCAAGGCTGTC-1_V12D07-075_C1,6
GCCCAGATGCTGGAGA-1_V12D07-075_C1,6
GCCCAGTTGGTATGCC-1_V12D07-075_C1,13
GCCCGATCTGTGGTCG-1_V12D07-075_C1,13
GCCCGCGCGTAAACGG-1_V12D07-075_C1,14
GCCCGCGCGTTTGACA-1_V12D07-075_C1,13
GCCCGTAATACCTTCT-1_V12D07-075_C1,2
GCCCTGAGGATGGGCT-1_V12D07-075_C1,18
GCCGAAATTCCTACGT-1_V12D07-075_C1,13
GCCGATTGGCCAAGCT-1_V12D07-075_C1,13
GCCGCACTCCGTTTCA-1_V12D07-075_C1,6
GCCGCATTAGTCCGGC-1_V12D07-075_C1,2
GCCGCTTGTGAGAAAC-1_V12D07-075_C1,13
GCCGGGTTAGGGTCGC-1_V12D07-075_C1,13
GCCGGTCGTATCTCTC-1_V12D07-075_C1,13
GCCGTGGAAGAAATGT-1_V12D07-075_C1,6
GCCTACGTTCTGTGCA-1_V12D07-075_C1,18
GCCTAGCGATCTGACC-1_V12D07-075_C1,13
GCCTATAGTGTCAGGG-1_V12D07-075_C1,14
GCCTATCAGGTAAGAT-1_V12D07-075_C1,2
GCCTATGCTGGGCCTT-1_V12D07-075_C1,6
GCCTATTTGCTACACA-1_V12D07-075_C1,6
GCCTCATCTGGAAATA-1_V12D07-075_C1,18
GCCTCCGACAATTCAC-1_V12D07-075_C1,12
GCCTCTATACATAGCA-1_V12D07-075_C1,13
GCCTGCTACACTGAGA-1_V12D07-075_C1,6
GCCTTCAGCCCTACCG-1_V12D07-075_C1,6
GCCTTGTATATGCAGT-1_V12D07-075_C1,13
GCGAAACGATCGGGAG-1_V12D07-075_C1,18
GCGAAACTTAACTGGA-1_V12D07-075_C1,18
GCGAAGAATCTGACGG-1_V12D07-075_C1,18
GCGAAGCCATACCCGT-1_V12D07-075_C1,13
GCGACATGTAAACATC-1_V12D07-075_C1,6
GCGACGATAGTTGTAC-1_V12D07-075_C1,13
GCGAGAAACGGGAGTT-1_V12D07-075_C1,18
GCGAGAGGCCATGTAA-1_V12D07-075_C1,6
GCGAGAGTTGCGTCCA-1_V12D07-075_C1,6
GCGAGCGCATGCTCCC-1_V12D07-075_C1,6
GCGAGGCCCGAGCAGA-1_V12D07-075_C1,13
GCGAGTTCTGCAAAGA-1_V12D07-075_C1,13
GCGATGTCTGTGCTTG-1_V12D07-075_C1,12
GCGATTGTTAACGTTA-1_V12D07-075_C1,2
GCGCAAGAGCGCGCTG-1_V12D07-075_C1,18
GCGCATCCAGTCAGCA-1_V12D07-075_C1,14
GCGCCGTTCCACGATA-1_V12D07-075_C1,13
GCGCCTCCCACTCCGA-1_V12D07-075_C1,2
GCGCGGTCTAGTAACT-1_V12D07-075_C1,13
GCGCGTCATTGGTACA-1_V12D07-075_C1,12
GCGCTAATTGAATAGA-1_V12D07-075_C1,18
GCGCTATGCCGAGGCA-1_V12D07-075_C1,13
GCGCTCGATCACCTGT-1_V12D07-075_C1,6
GCGCTGATCCAGACTC-1_V12D07-075_C1,6
GCGCTGCTTTGCATTT-1_V12D07-075_C1,2
GCGCTGGCGGAAAGTC-1_V12D07-075_C1,12
GCGCTTAAATAATTGG-1_V12D07-075_C1,18
GCGGACCGCGTTGTGG-1_V12D07-075_C1,14
GCGGAGAGGGAGAACG-1_V12D07-075_C1,18
GCGGCTCTGACGTACC-1_V12D07-075_C1,13
GCGGCTTTAGCAAGTT-1_V12D07-075_C1,18
GCGGGAACCAGGCCCT-1_V12D07-075_C1,6
GCGGGCATTACGATGC-1_V12D07-075_C1,6
GCGGGCGAGCCTTACC-1_V12D07-075_C1,2
GCGGTAACCCAAATGA-1_V12D07-075_C1,16
GCGGTCCCGGTGAAGG-1_V12D07-075_C1,6
GCGGTCCCTAGACGCA-1_V12D07-075_C1,6
GCGGTGAACTGCGCTC-1_V12D07-075_C1,6
GCGGTGCGGAGCATCG-1_V12D07-075_C1,13
GCGGTTCCCTATCATG-1_V12D07-075_C1,2
GCGTAAATGGCCATAA-1_V12D07-075_C1,2
GCGTCGAAATGTCGGT-1_V12D07-075_C1,6
GCGTCGCCAGGGTGAT-1_V12D07-075_C1,13
GCGTCTAACCTCCTAA-1_V12D07-075_C1,6
GCGTCTCTGCATTGGG-1_V12D07-075_C1,13
GCGTGGTACTGGGTTA-1_V12D07-075_C1,14
GCGTTATATTTGGAAC-1_V12D07-075_C1,13
GCGTTCGGAGACCGGG-1_V12D07-075_C1,6
GCGTTCTGACTAAGCG-1_V12D07-075_C1,2
GCTAAACCTGAGGTGA-1_V12D07-075_C1,3
GCTAACTGAAGTCTGA-1_V12D07-075_C1,18
GCTAAGTAAAGGCGAT-1_V12D07-075_C1,13
GCTAAGTAGTTTCTCT-1_V12D07-075_C1,18
GCTAATACCGAATGCC-1_V12D07-075_C1,13
GCTACAATCGAGGATA-1_V12D07-075_C1,18
GCTACAGTACGGACCG-1_V12D07-075_C1,14
GCTACGACTTATTGGG-1_V12D07-075_C1,13
GCTACTATAGTAGAGT-1_V12D07-075_C1,18
GCTAGACCGTCTACTG-1_V12D07-075_C1,2
GCTAGAGTAGAGATGT-1_V12D07-075_C1,18
GCTAGCACCTGGGCCA-1_V12D07-075_C1,6
GCTAGCAGGGAGTGGG-1_V12D07-075_C1,6
GCTAGCTTGAATAGCT-1_V12D07-075_C1,14
GCTAGTAGAGCTTGTA-1_V12D07-075_C1,13
GCTATCATACTCATGG-1_V12D07-075_C1,13
GCTCAACCTCTTAGAG-1_V12D07-075_C1,11
GCTCAATGTAATACCG-1_V12D07-075_C1,13
GCTCATTACTGCATGT-1_V12D07-075_C1,6
GCTCCATGAGTGCAGA-1_V12D07-075_C1,2
GCTCCATGCAAAGCAA-1_V12D07-075_C1,13
GCTCCCAGTCGGTCCA-1_V12D07-075_C1,2
GCTCCGCTCGCTTCAG-1_V12D07-075_C1,6
GCTCGCGGTTCCGCTC-1_V12D07-075_C1,3
GCTCGCTCATGTCCAA-1_V12D07-075_C1,18
GCTCGGAATTTAAAGC-1_V12D07-075_C1,6
GCTCTAAACCCTGACG-1_V12D07-075_C1,13
GCTCTATGTTACGTGC-1_V12D07-075_C1,13
GCTCTCGGGTACCGAA-1_V12D07-075_C1,13
GCTCTTTCCGCTAGTG-1_V12D07-075_C1,13
GCTGAACTCTCCAGGG-1_V12D07-075_C1,6
GCTGAGCAACGGTTCT-1_V12D07-075_C1,5
GCTGAGGCGTGAGTAT-1_V12D07-075_C1,13
GCTGCACGGTTTCTTA-1_V12D07-075_C1,13
GCTGCGCCTCCCACGT-1_V12D07-075_C1,12
GCTGCTAAGTAGTCGA-1_V12D07-075_C1,13
GCTGCTACTGCGTAGC-1_V12D07-075_C1,15
GCTGCTCTCCGGACAC-1_V12D07-075_C1,13
GCTGGACCCAAAGTGG-1_V12D07-075_C1,6
GCTGGCAGGTGCCGTG-1_V12D07-075_C1,13
GCTGGCATATTCACCT-1_V12D07-075_C1,10
GCTGGCGGCGCATGCT-1_V12D07-075_C1,13
GCTGGTGACTCGTAGT-1_V12D07-075_C1,6
GCTGTATTACTGGCCC-1_V12D07-075_C1,14
GCTGTTGCTACCGAAC-1_V12D07-075_C1,18
GCTTAATGTAACTAAC-1_V12D07-075_C1,6
GCTTACGTAGTTAGTA-1_V12D07-075_C1,6
GCTTATGAAGCAGGAA-1_V12D07-075_C1,2
GCTTCAGTGGGATTAC-1_V12D07-075_C1,6
GCTTCCAGCTTAGATT-1_V12D07-075_C1,13
GCTTCCGTCCCTAGAC-1_V12D07-075_C1,13
GCTTGATGATAATCAG-1_V12D07-075_C1,13
GCTTGCAGCACAATTG-1_V12D07-075_C1,6
GCTTGGATCGATTAGG-1_V12D07-075_C1,14
GCTTTACACAACTGGG-1_V12D07-075_C1,2
GCTTTCAGAGGAGGTG-1_V12D07-075_C1,14
GCTTTCTATCTCAACT-1_V12D07-075_C1,6
GGAAACCTTGTTGAAT-1_V12D07-075_C1,6
GGAAACTAAATGGGCC-1_V12D07-075_C1,18
GGAAAGTGCCCATGCC-1_V12D07-075_C1,6
GGAACCCGAACAAGAA-1_V12D07-075_C1,13
GGAACCGTGTAAATTG-1_V12D07-075_C1,2
GGAACGGCCTGCAGCC-1_V12D07-075_C1,3
GGAACTTTGGCGATTA-1_V12D07-075_C1,18
GGAAGCTCGCTTACAG-1_V12D07-075_C1,6
GGAATAACCTCAAGAA-1_V12D07-075_C1,6
GGAATGCGCTAGCGTG-1_V12D07-075_C1,2
GGACAACCATGAAGCC-1_V12D07-075_C1,18
GGACAAGTTGCAGTGA-1_V12D07-075_C1,13
GGACACAAGTTTACAC-1_V12D07-075_C1,2
GGACCAACAGGATAAC-1_V12D07-075_C1,13
GGACCTACGGTAACGT-1_V12D07-075_C1,6
GGACGGCTTGCGCAAC-1_V12D07-075_C1,6
GGACGGGCGACCAACC-1_V12D07-075_C1,18
GGACGTCCATAGTTGG-1_V12D07-075_C1,6
GGACTAAGTCAGGAGT-1_V12D07-075_C1,13
GGACTCACAAATTAGG-1_V12D07-075_C1,6
GGACTCGAAGCTTTCA-1_V12D07-075_C1,18
GGACTCTTCCGGTTGA-1_V12D07-075_C1,2
GGACTCTTTGACTAAG-1_V12D07-075_C1,2
GGAGAAGTCATTGGCA-1_V12D07-075_C1,13
GGAGACCAATGTGCTT-1_V12D07-075_C1,11
GGAGACGACACCTTTG-1_V12D07-075_C1,18
GGAGCAACATTTCAAG-1_V12D07-075_C1,12
GGAGCACCAAGAACTA-1_V12D07-075_C1,2
GGAGCGAGGCCTACTT-1_V12D07-075_C1,18
GGAGGATTGAAAGGAG-1_V12D07-075_C1,6
GGAGGCCGAAGTCGTC-1_V12D07-075_C1,6
GGAGGGCTTGGTTGGC-1_V12D07-075_C1,18
GGAGGGTCAAGTAAGA-1_V12D07-075_C1,18
GGAGTACACATGAGCT-1_V12D07-075_C1,18
GGAGTGCCGCCCTGGA-1_V12D07-075_C1,6
GGAGTTGATTCTGTGT-1_V12D07-075_C1,18
GGATACTCATGAATTG-1_V12D07-075_C1,6
GGATCAAAGGACGAGG-1_V12D07-075_C1,6
GGATCATCCCGTACGC-1_V12D07-075_C1,6
GGATCCGGAATATACT-1_V12D07-075_C1,18
GGATGAAGATCGCTGA-1_V12D07-075_C1,18
GGATGACGCGAGTTTA-1_V12D07-075_C1,13
GGATGTCCTTACCGCA-1_V12D07-075_C1,2
GGATTAAGCTAAGGTC-1_V12D07-075_C1,6
GGATTCCGCTATACCC-1_V12D07-075_C1,6
GGATTGCTGTGACTCC-1_V12D07-075_C1,13
GGATTTCACTTCTATA-1_V12D07-075_C1,2
GGCAAATTACTTTACT-1_V12D07-075_C1,13
GGCAAGCCAGGGATAG-1_V12D07-075_C1,6
GGCAAGCCCATAGTGG-1_V12D07-075_C1,12
GGCAAGGCGAAATAGC-1_V12D07-075_C1,13
GGCAATAGTCAATGAG-1_V12D07-075_C1,18
GGCACTCCACTGGGCA-1_V12D07-075_C1,13
GGCACTGCGGTGGTTT-1_V12D07-075_C1,2
GGCAGAGAGATCGGGA-1_V12D07-075_C1,18
GGCAGCAAACCTATGC-1_V12D07-075_C1,18
GGCAGCGGTAATCCTA-1_V12D07-075_C1,6
GGCATACAGGTAGCGG-1_V12D07-075_C1,13
GGCATATCGGTTCTGC-1_V12D07-075_C1,6
GGCATCAACGAGCACG-1_V12D07-075_C1,6
GGCCACACGAAAGCCT-1_V12D07-075_C1,12
GGCCCAATCTAGAGGG-1_V12D07-075_C1,6
GGCCCAGCTGGTTTGC-1_V12D07-075_C1,2
GGCCCAGTTATCAGCA-1_V12D07-075_C1,6
GGCCCGGAGCATGTCT-1_V12D07-075_C1,6
GGCCCGTATACCATGC-1_V12D07-075_C1,6
GGCCCTCACCCACTTA-1_V12D07-075_C1,13
GGCCGCAGGAACCGCA-1_V12D07-075_C1,18
GGCCGGCGTCTGCTAT-1_V12D07-075_C1,18
GGCCGTTTGGGTTTCA-1_V12D07-075_C1,14
GGCCTGCTTCTCCCGA-1_V12D07-075_C1,18
GGCCTTTGCAACTGGC-1_V12D07-075_C1,5
GGCGAAATCTAACTTG-1_V12D07-075_C1,18
GGCGCAGGACATCTTC-1_V12D07-075_C1,13
GGCGCATGAATTGATG-1_V12D07-075_C1,13
GGCGCGTTCGAGTTTA-1_V12D07-075_C1,13
GGCGCTTCATTCCCTG-1_V12D07-075_C1,18
GGCGGAGTAATATTAG-1_V12D07-075_C1,13
GGCGGGCTCTAAGAGT-1_V12D07-075_C1,6
GGCGGTAGGATCATTG-1_V12D07-075_C1,13
GGCGGTTTGCCGGTGC-1_V12D07-075_C1,12
GGCGTAGGGAAAGCTG-1_V12D07-075_C1,18
GGCGTCCTATCCGCTG-1_V12D07-075_C1,13
GGCTAAAGGGCGGGTC-1_V12D07-075_C1,6
GGCTAATGATTGAAAT-1_V12D07-075_C1,6
GGCTATTAAGTTGTAT-1_V12D07-075_C1,13
GGCTCGCGTTGAGGTA-1_V12D07-075_C1,14
GGCTCGTGCCACCAGC-1_V12D07-075_C1,13
GGCTCTGCTCCAACGC-1_V12D07-075_C1,2
GGCTGAAATAGCAAAG-1_V12D07-075_C1,13
GGCTGAGCATCGTAAG-1_V12D07-075_C1,6
GGCTGGCAGCTTTATG-1_V12D07-075_C1,12
GGCTGGCTAGCTTAAA-1_V12D07-075_C1,6
GGCTTGGCTCTCACCT-1_V12D07-075_C1,13
GGCTTTCAATAAGGGT-1_V12D07-075_C1,13
GGGAAAGAATGCCAAC-1_V12D07-075_C1,2
GGGAACGGGAGGTTAG-1_V12D07-075_C1,13
GGGAAGACGGTCTGTC-1_V12D07-075_C1,18
GGGAATGAGCCCTCAC-1_V12D07-075_C1,6
GGGAATTCTGTCCAGT-1_V12D07-075_C1,12
GGGACCCGTATATCTT-1_V12D07-075_C1,13
GGGACTGCATAGATAG-1_V12D07-075_C1,13
GGGAGAACTCACAGTA-1_V12D07-075_C1,13
GGGAGCGACCGTAGTG-1_V12D07-075_C1,18
GGGAGGATGCCCGAAA-1_V12D07-075_C1,4
GGGAGTAATGGCTGGC-1_V12D07-075_C1,12
GGGAGTTAATGAGGCG-1_V12D07-075_C1,18
GGGATACGGTAATAAT-1_V12D07-075_C1,13
GGGATCCCAATACAAA-1_V12D07-075_C1,6
GGGATGGTCGTAACCG-1_V12D07-075_C1,2
GGGATTTACCGCACCT-1_V12D07-075_C1,18
GGGCACGAATTGGCCG-1_V12D07-075_C1,12
GGGCAGAGCAATCGTT-1_V12D07-075_C1,13
GGGCAGTCAACGCCAA-1_V12D07-075_C1,18
GGGCCCGTCTTAAACA-1_V12D07-075_C1,13
GGGCCCTACGAAAGGG-1_V12D07-075_C1,2
GGGCCCTTATCTATAC-1_V12D07-075_C1,5
GGGCCGGCCGAAGTAC-1_V12D07-075_C1,18
GGGCCTATTTAAGTAT-1_V12D07-075_C1,6
GGGCGAATTTCTCCAC-1_V12D07-075_C1,12
GGGCGATATGTGTGAA-1_V12D07-075_C1,13
GGGCGCAGCGTTACTC-1_V12D07-075_C1,6
GGGCGGCAAATGAATT-1_V12D07-075_C1,14
GGGCGGGTTCCCTACG-1_V12D07-075_C1,2
GGGCGGTCCTATTGTC-1_V12D07-075_C1,6
GGGCGTACATTTATAT-1_V12D07-075_C1,13
GGGCGTCACCACGTAA-1_V12D07-075_C1,18
GGGCGTCCACTGGCTC-1_V12D07-075_C1,6
GGGCGTGGTTTCCCAG-1_V12D07-075_C1,12
GGGCTATGATCGATGG-1_V12D07-075_C1,2
GGGCTCATCGAACCCA-1_V12D07-075_C1,6
GGGCTGCCTAGGGCGA-1_V12D07-075_C1,12
GGGCTGGTTAGTCGCG-1_V12D07-075_C1,13
GGGTACACTCTGGAGG-1_V12D07-075_C1,2
GGGTACCCACGGTCCT-1_V12D07-075_C1,6
GGGTACTTCATGAACT-1_V12D07-075_C1,13
GGGTCACCGTGACGGT-1_V12D07-075_C1,13
GGGTCAGGAGCTAGAT-1_V12D07-075_C1,13
GGGTCATGCGTACCAT-1_V12D07-075_C1,3
GGGTCGTGGCAAGTGT-1_V12D07-075_C1,6
GGGTCTATCGCTTTCC-1_V12D07-075_C1,12
GGGTGACACCTTAACT-1_V12D07-075_C1,13
GGGTGCATATGAAAGC-1_V12D07-075_C1,6
GGGTGTTTCAGCTATG-1_V12D07-075_C1,6
GGGTTAACATTTGAGT-1_V12D07-075_C1,2
GGGTTTAGGATAGGAT-1_V12D07-075_C1,2
GGTAAACTCTGCGCTG-1_V12D07-075_C1,18
GGTAAATGTGCGTTAC-1_V12D07-075_C1,6
GGTAACCGGCAAAGGT-1_V12D07-075_C1,12
GGTAACTATGTATCTG-1_V12D07-075_C1,6
GGTACAAACATGCTAT-1_V12D07-075_C1,13
GGTACACCAGATTTAT-1_V12D07-075_C1,11
GGTACATCTGGGACGA-1_V12D07-075_C1,2
GGTACCATTAAGACGG-1_V12D07-075_C1,2
GGTACGTTGCGGCCGG-1_V12D07-075_C1,18
GGTACTAAGTGCTTTG-1_V12D07-075_C1,6
GGTAGAAGACCGCCTG-1_V12D07-075_C1,13
GGTAGACCGTTGGGCG-1_V12D07-075_C1,2
GGTAGTGCTCGCACCA-1_V12D07-075_C1,18
GGTATAGTGACACATA-1_V12D07-075_C1,6
GGTATGAAAGAACTGA-1_V12D07-075_C1,18
GGTATTGCCGAGTTTA-1_V12D07-075_C1,13
GGTCAAGACTACTTCG-1_V12D07-075_C1,18
GGTCAGTGGGTCCCAC-1_V12D07-075_C1,13
GGTCATTGTAGTCATA-1_V12D07-075_C1,6
GGTCCTTCATACGACT-1_V12D07-075_C1,12
GGTCGGATAAACGGCG-1_V12D07-075_C1,12
GGTCGGCCAGGAGCTT-1_V12D07-075_C1,2
GGTCGGTAATTAGACA-1_V12D07-075_C1,6
GGTCGGTCGTCCACAG-1_V12D07-075_C1,2
GGTCTCCAAGTAGTGC-1_V12D07-075_C1,6
GGTCTCCGTCCAGGTT-1_V12D07-075_C1,18
GGTCTGAGAATCTGGA-1_V12D07-075_C1,2
GGTCTTGAGCGCTCTT-1_V12D07-075_C1,12
GGTCTTGGTGTTAACT-1_V12D07-075_C1,12
GGTGAAACCGGGAATG-1_V12D07-075_C1,6
GGTGAACGGGCTAGCC-1_V12D07-075_C1,6
GGTGAAGTACAGGGAT-1_V12D07-075_C1,14
GGTGACTGATAGAGAG-1_V12D07-075_C1,12
GGTGAGATGCAGATAA-1_V12D07-075_C1,19
GGTGATAAGGAGCAGT-1_V12D07-075_C1,13
GGTGATGAAGGAAGTG-1_V12D07-075_C1,5
GGTGATTTCATCTTGT-1_V12D07-075_C1,6
GGTGCAGAGCCTATCG-1_V12D07-075_C1,6
GGTGCATAAATGATTA-1_V12D07-075_C1,2
GGTGCGGATAAGTGGC-1_V12D07-075_C1,6
GGTGCTGGTACACATT-1_V12D07-075_C1,13
GGTGGACCACGTGTTA-1_V12D07-075_C1,6
GGTGGACTGCTCTGGC-1_V12D07-075_C1,18
GGTGGAGGTTGATACG-1_V12D07-075_C1,6
GGTGTAAATCGATTGT-1_V12D07-075_C1,18
GGTGTAGGTAAGTAAA-1_V12D07-075_C1,13
GGTGTTGGGCGTCTTA-1_V12D07-075_C1,6
GGTTACCACCCTCGGG-1_V12D07-075_C1,14
GGTTACCCGACACTTT-1_V12D07-075_C1,6
GGTTAGCTATATGTCT-1_V12D07-075_C1,18
GGTTAGGCTTGGAGAA-1_V12D07-075_C1,13
GGTTCGGATTATACTA-1_V12D07-075_C1,18
GGTTCTACTCGTCTGA-1_V12D07-075_C1,2
GGTTGTGCTCTTGTCC-1_V12D07-075_C1,12
GGTTGTGTAGCCTGGC-1_V12D07-075_C1,3
GGTTTAATTGAGCAGG-1_V12D07-075_C1,11
GGTTTACAATCTCAAT-1_V12D07-075_C1,2
GGTTTAGCCTTTCTTG-1_V12D07-075_C1,18
GGTTTCAATCGGTCAG-1_V12D07-075_C1,14
GGTTTGACAAGAAGCT-1_V12D07-075_C1,6
GGTTTGAGTGCTGGAA-1_V12D07-075_C1,6
GGTTTGTGACCTGAGG-1_V12D07-075_C1,18
GTAACAACTGACCTTG-1_V12D07-075_C1,6
GTAACATCTAAGATAA-1_V12D07-075_C1,18
GTAACTGCCCAAGGAG-1_V12D07-075_C1,2
GTAACTTGCGGCAGTC-1_V12D07-075_C1,6
GTAAGCGGGCAGTCAG-1_V12D07-075_C1,13
GTAAGGATTTGTCGGA-1_V12D07-075_C1,6
GTAAGTAACAGTCTGG-1_V12D07-075_C1,18
GTAAGTAGGGTATACC-1_V12D07-075_C1,13
GTAAGTCCACACTCTA-1_V12D07-075_C1,11
GTAATAAAGGGCTCCC-1_V12D07-075_C1,6
GTAATCTGATTCTTCG-1_V12D07-075_C1,14
GTACACTTACCTGAAG-1_V12D07-075_C1,13
GTACAGAGGCAAGGGT-1_V12D07-075_C1,18
GTACGACGGCGCTGCG-1_V12D07-075_C1,13
GTACGAGATTGCGACA-1_V12D07-075_C1,6
GTACGCTTCATTGCAC-1_V12D07-075_C1,13
GTACGTCACGTATTAA-1_V12D07-075_C1,6
GTACGTTTGCCCGTCA-1_V12D07-075_C1,18
GTACTAAGATTTGGAG-1_V12D07-075_C1,13
GTACTCCCTTATCGCT-1_V12D07-075_C1,13
GTACTCCTGGGTATGC-1_V12D07-075_C1,6
GTACTGCATGAAGCGT-1_V12D07-075_C1,6
GTACTGGAGTTAGACC-1_V12D07-075_C1,18
GTACTTGGGCACTTCT-1_V12D07-075_C1,13
GTAGAAACGGGTGGAG-1_V12D07-075_C1,3
GTAGACAACCGATGAA-1_V12D07-075_C1,11
GTAGACACGCCTGACT-1_V12D07-075_C1,13
GTAGACGTCGTTACAT-1_V12D07-075_C1,6
GTAGCCAAACATGGGA-1_V12D07-075_C1,13
GTAGCGCTGTTGTAGT-1_V12D07-075_C1,6
GTAGCGGCTATACACT-1_V12D07-075_C1,13
GTAGCTTCCTCTTGTT-1_V12D07-075_C1,14
GTAGGTGATCCGTGTA-1_V12D07-075_C1,6
GTAGTCGCGGGAATCA-1_V12D07-075_C1,13
GTAGTCTACGATATTG-1_V12D07-075_C1,18
GTAGTGAGCAACCTCA-1_V12D07-075_C1,18
GTATAATCTCCCGGAT-1_V12D07-075_C1,12
GTATAGGACTCAGTAG-1_V12D07-075_C1,6
GTATCAAACGTTAGCT-1_V12D07-075_C1,18
GTATCAGCTTGGGTTC-1_V12D07-075_C1,13
GTATCCTTTGGTAACC-1_V12D07-075_C1,18
GTATCTTTCATAACCA-1_V12D07-075_C1,13
GTATGACGTGGGAAAC-1_V12D07-075_C1,6
GTATGTGGGTCTAGTT-1_V12D07-075_C1,18
GTATTAGGGTTCGCGT-1_V12D07-075_C1,11
GTATTCTGAGAAACGA-1_V12D07-075_C1,14
GTATTCTTACCGTGCT-1_V12D07-075_C1,3
GTATTTAATGGCATAA-1_V12D07-075_C1,6
GTCAAAGTTTACATAG-1_V12D07-075_C1,6
GTCAACCAGGCCTATA-1_V12D07-075_C1,13
GTCAAGCGGACTCGGG-1_V12D07-075_C1,13
GTCAATGCTATAATTT-1_V12D07-075_C1,6
GTCAATTGTACTGAAG-1_V12D07-075_C1,6
GTCACAAAGTTTCCAA-1_V12D07-075_C1,6
GTCAGAATAGTCTATG-1_V12D07-075_C1,13
GTCAGACAGCGTTGGA-1_V12D07-075_C1,18
GTCAGTTGTGCTCGTT-1_V12D07-075_C1,6
GTCAGTTTGGTAGTCG-1_V12D07-075_C1,13
GTCATCTCCTACAGCT-1_V12D07-075_C1,12
GTCATGCACCTCCGTT-1_V12D07-075_C1,13
GTCATGCGCGAGGGCT-1_V12D07-075_C1,12
GTCATGGACATGACTA-1_V12D07-075_C1,13
GTCATTAGAGCGAACG-1_V12D07-075_C1,13
GTCATTGCATTGACCC-1_V12D07-075_C1,13
GTCCAATATTTAGCCT-1_V12D07-075_C1,13
GTCCACGTCGCATTCG-1_V12D07-075_C1,2
GTCCATTACTGCTACG-1_V12D07-075_C1,2
GTCCCAACGTAAAGTA-1_V12D07-075_C1,4
GTCCCGCGACGTTATG-1_V12D07-075_C1,13
GTCCGAGAGCAATCAT-1_V12D07-075_C1,13
GTCCGGACCTGAAATT-1_V12D07-075_C1,18
GTCCGGCTGAATTGCG-1_V12D07-075_C1,13
GTCCGGGTTCACATTA-1_V12D07-075_C1,12
GTCCTACAGGCGGCTC-1_V12D07-075_C1,12
GTCCTACGAATAGTCT-1_V12D07-075_C1,18
GTCCTATTGTTGTGGT-1_V12D07-075_C1,3
GTCCTTCTACAACCCA-1_V12D07-075_C1,13
GTCCTTCTAGTGGGTT-1_V12D07-075_C1,6
GTCCTTTAATGACTTC-1_V12D07-075_C1,6
GTCGATAGGTGACTTT-1_V12D07-075_C1,6
GTCGCCGTTGTGTGTT-1_V12D07-075_C1,2
GTCGCGTAACCCGTTG-1_V12D07-075_C1,13
GTCGGAAGGATACCAG-1_V12D07-075_C1,6
GTCGGATATCTCAGAC-1_V12D07-075_C1,13
GTCGGATGTAGCGCGC-1_V12D07-075_C1,6
GTCGGGAACATGGTAG-1_V12D07-075_C1,18
GTCGGGAAGCAGAAAC-1_V12D07-075_C1,13
GTCGTACCATCTCGGG-1_V12D07-075_C1,18
GTCGTACCTACGATTG-1_V12D07-075_C1,5
GTCGTATTGGCGTACA-1_V12D07-075_C1,6
GTCGTCAATTATAAGG-1_V12D07-075_C1,6
GTCGTCTGGTTGGCTA-1_V12D07-075_C1,6
GTCGTGTCTGGTCATC-1_V12D07-075_C1,11
GTCGTTATTCGCTTAT-1_V12D07-075_C1,18
GTCTACTCAATTACAA-1_V12D07-075_C1,5
GTCTAGTGAGCCGCTT-1_V12D07-075_C1,18
GTCTATCTGAGTTTCT-1_V12D07-075_C1,13
GTCTATTGCATGCTCG-1_V12D07-075_C1,13
GTCTCAAGGCCCGGCT-1_V12D07-075_C1,13
GTCTCCGCCTCAATAC-1_V12D07-075_C1,2
GTCTCGACTAAGTTTG-1_V12D07-075_C1,11
GTCTCGATCTGCTTTC-1_V12D07-075_C1,6
GTCTGGGCGGTCGAGA-1_V12D07-075_C1,2
GTCTTAGTACAGCCGG-1_V12D07-075_C1,6
GTCTTCCTCACCTAAG-1_V12D07-075_C1,5
GTCTTGAGGAGCAGTG-1_V12D07-075_C1,6
GTGAAACGGCGCCACC-1_V12D07-075_C1,6
GTGAAACGTGCTCCAC-1_V12D07-075_C1,6
GTGAACTCCCATTCGA-1_V12D07-075_C1,2
GTGAAGATTTCAAGTG-1_V12D07-075_C1,6
GTGAAGCCGTATAGTC-1_V12D07-075_C1,6
GTGACAGCTTCCCACT-1_V12D07-075_C1,18
GTGACCGCACACTACG-1_V12D07-075_C1,12
GTGACCTAAAGAATAA-1_V12D07-075_C1,6
GTGACGAGGGTGACCC-1_V12D07-075_C1,6
GTGACGCAGGTTTCAT-1_V12D07-075_C1,18
GTGACTTCAGTAGTGC-1_V12D07-075_C1,13
GTGAGCGTGCTGCACT-1_V12D07-075_C1,4
GTGAGGACACTTAAGG-1_V12D07-075_C1,13
GTGAGGAGCGGTTGAG-1_V12D07-075_C1,6
GTGAGTCGACTAATAG-1_V12D07-075_C1,2
GTGAGTCTAAGACGGA-1_V12D07-075_C1,1
GTGAGTGGTACAACGC-1_V12D07-075_C1,9
GTGATCACTAACGCCT-1_V12D07-075_C1,18
GTGATCATAGATCTGC-1_V12D07-075_C1,13
GTGATCCTTGTCATGA-1_V12D07-075_C1,12
GTGATGCACAACATCT-1_V12D07-075_C1,6
GTGATTCGCCGCTCAA-1_V12D07-075_C1,14
GTGCAACAAATGTGGC-1_V12D07-075_C1,6
GTGCACCAGCTTCAAC-1_V12D07-075_C1,13
GTGCACGAAAGTGACT-1_V12D07-075_C1,6
GTGCAGCGTAGAGTAG-1_V12D07-075_C1,6
GTGCCATCACACGGTG-1_V12D07-075_C1,2
GTGCCCGTTCGGATTC-1_V12D07-075_C1,18
GTGCCGCTTCAAAGGT-1_V12D07-075_C1,13
GTGCCTAGCTATGCTT-1_V12D07-075_C1,12
GTGCCTCAGTGTACGG-1_V12D07-075_C1,6
GTGCCTGAGACCAAAC-1_V12D07-075_C1,18
GTGCGAAATCGAACAC-1_V12D07-075_C1,2
GTGCGACAGGGAGTGT-1_V12D07-075_C1,2
GTGCGGGACCATCGGC-1_V12D07-075_C1,4
GTGCGGGTCTCCAAAT-1_V12D07-075_C1,6
GTGCGTGTATATGAGC-1_V12D07-075_C1,6
GTGCTCAAGTACTGTC-1_V12D07-075_C1,13
GTGCTGCAGATAAGGA-1_V12D07-075_C1,18
GTGCTTACATCAGCGC-1_V12D07-075_C1,6
GTGGAACCTACATGCG-1_V12D07-075_C1,6
GTGGACCAACCCGATT-1_V12D07-075_C1,14
GTGGACGCATTTGTCC-1_V12D07-075_C1,13
GTGGACGTGCTGAGAC-1_V12D07-075_C1,3
GTGGAGCATGTCGGCC-1_V12D07-075_C1,6
GTGGAGTCGGCGGTTG-1_V12D07-075_C1,14
GTGGCCTAATATCATT-1_V12D07-075_C1,18
GTGGCTGTTTCTGTTC-1_V12D07-075_C1,12
GTGGGCTTAGACACAC-1_V12D07-075_C1,13
GTGGTATAGTCTGCCG-1_V12D07-075_C1,14
GTGGTCAGCGAAGTAT-1_V12D07-075_C1,6
GTGGTGATGGTTTGTG-1_V12D07-075_C1,6
GTGGTGGCCAAGTGAA-1_V12D07-075_C1,18
GTGGTTACTTCTTTCG-1_V12D07-075_C1,6
GTGGTTTCCGCCTTTC-1_V12D07-075_C1,14
GTGTACCTTGGCTACG-1_V12D07-075_C1,2
GTGTACGAACCGTTCC-1_V12D07-075_C1,6
GTGTATATCAGCGGGC-1_V12D07-075_C1,13
GTGTATGACTTTAAAG-1_V12D07-075_C1,4
GTGTCGTATAGCGTTC-1_V12D07-075_C1,13
GTGTCGTATTCACCTT-1_V12D07-075_C1,6
GTGTGAATAACTTAGG-1_V12D07-075_C1,2
GTGTGTCGACGTCGCT-1_V12D07-075_C1,12
GTGTTACTATGCGTCC-1_V12D07-075_C1,13
GTTAACATCACTTAAA-1_V12D07-075_C1,13
GTTAAGGGTGCGATGT-1_V12D07-075_C1,13
GTTAAGTTAGAGTGGG-1_V12D07-075_C1,6
GTTAATGTCTATCTTA-1_V12D07-075_C1,3
GTTACAATTGGTGACG-1_V12D07-075_C1,13
GTTACCAAGGCGTACG-1_V12D07-075_C1,2
GTTACCTACAACTTGC-1_V12D07-075_C1,13
GTTACTTTGGGCCTAG-1_V12D07-075_C1,13
GTTAGCCCATGACATC-1_V12D07-075_C1,18
GTTAGCCGTAAATCAA-1_V12D07-075_C1,6
GTTATAATACGGTGAA-1_V12D07-075_C1,18
GTTATATCAGGAGCCA-1_V12D07-075_C1,6
GTTATATTATCTCCCT-1_V12D07-075_C1,13
GTTATCAAGCTATCGA-1_V12D07-075_C1,2
GTTATCACCTTCTGAA-1_V12D07-075_C1,6
GTTCAAATCAGATGTC-1_V12D07-075_C1,12
GTTCACAGGAGTCTAG-1_V12D07-075_C1,13
GTTCAGTCGCCAAATG-1_V12D07-075_C1,18
GTTCATCGTTTGGCTG-1_V12D07-075_C1,6
GTTCCAGTCTGACCAT-1_V12D07-075_C1,6
GTTCCCGTAAACATAT-1_V12D07-075_C1,18
GTTCGCCATAAGTGCC-1_V12D07-075_C1,13
GTTCGCTGAGACGTCT-1_V12D07-075_C1,18
GTTCGGAGCACTCAAC-1_V12D07-075_C1,18
GTTCGGATCGGGAACA-1_V12D07-075_C1,2
GTTCGGGCGTACCATT-1_V12D07-075_C1,6
GTTCGTCTGGGTCCCT-1_V12D07-075_C1,6
GTTGAACCGGTTCCAT-1_V12D07-075_C1,2
GTTGAGTCCCGCCGGT-1_V12D07-075_C1,9
GTTGCACGGAGTTTCG-1_V12D07-075_C1,13
GTTGCAGTCGACAACA-1_V12D07-075_C1,12
GTTGCGCTAACATTAC-1_V12D07-075_C1,6
GTTGCGGACGGTCAGG-1_V12D07-075_C1,6
GTTGGACCGCATCAGG-1_V12D07-075_C1,6
GTTGGATTCAGTGGCT-1_V12D07-075_C1,6
GTTGGATTGAGAACAC-1_V12D07-075_C1,2
GTTGGATTTGCGTTGG-1_V12D07-075_C1,13
GTTGGTCATGCTATCC-1_V12D07-075_C1,13
GTTGTAGATTTATGAG-1_V12D07-075_C1,2
GTTGTTACATTGCGCT-1_V12D07-075_C1,6
GTTGTTGCAAGATGGC-1_V12D07-075_C1,2
GTTTACGTTCCATCTG-1_V12D07-075_C1,13
GTTTATGGGATTTAGA-1_V12D07-075_C1,3
GTTTCAAACGAGTTGT-1_V12D07-075_C1,18
GTTTCATATCGTCGCT-1_V12D07-075_C1,14
GTTTCCTGGAGGGTGA-1_V12D07-075_C1,13
GTTTCTAGAGGCGCGG-1_V12D07-075_C1,18
GTTTCTGCAGTCTCCC-1_V12D07-075_C1,13
GTTTGACCAAATCCTA-1_V12D07-075_C1,13
GTTTGGCCCAAGTTAT-1_V12D07-075_C1,13
GTTTGGGCTTGTGAGC-1_V12D07-075_C1,13
GTTTGGGTTTCGCCCG-1_V12D07-075_C1,18
GTTTGGTAGGGTCAAC-1_V12D07-075_C1,13
TAAACGTCGTCAATGA-1_V12D07-075_C1,13
TAAAGACAACCCTTTA-1_V12D07-075_C1,6
TAAAGAGCCCGAAACC-1_V12D07-075_C1,6
TAAAGCGGTATTTCCA-1_V12D07-075_C1,9
TAAAGCGTTAGGAGAA-1_V12D07-075_C1,14
TAAAGCTGCAATAGGG-1_V12D07-075_C1,3
TAAATCTTTACACCTC-1_V12D07-075_C1,11
TAAATGAATCCGTTTC-1_V12D07-075_C1,13
TAAATGCCGTCTCATG-1_V12D07-075_C1,6
TAAATGGGCTACTGAG-1_V12D07-075_C1,18
TAACAAAGGGAGAAGC-1_V12D07-075_C1,13
TAACAATATTTGTTGC-1_V12D07-075_C1,13
TAACATACAATGTGGG-1_V12D07-075_C1,13
TAACCGCCCGCAGTGC-1_V12D07-075_C1,6
TAACCTACCGTCCGAG-1_V12D07-075_C1,2
TAACCTAGGGAGTCCA-1_V12D07-075_C1,18
TAACGCTTTGAGAGCG-1_V12D07-075_C1,13
TAACTATCGAAGGTCC-1_V12D07-075_C1,13
TAACTATTACGCCAAA-1_V12D07-075_C1,6
TAACTCATCCGCGCGG-1_V12D07-075_C1,13
TAACTCCATGGAGGCT-1_V12D07-075_C1,3
TAAGCAGGCGACACGC-1_V12D07-075_C1,2
TAAGCCCTTACGACCA-1_V12D07-075_C1,6
TAAGGCAACATAAGAT-1_V12D07-075_C1,13
TAAGGCATAACATCAA-1_V12D07-075_C1,2
TAAGGCCCGTCACCCT-1_V12D07-075_C1,12
TAAGGCTGAATCCCTC-1_V12D07-075_C1,18
TAAGGGCCTGTCCGAT-1_V12D07-075_C1,18
TAAGGGCTGGGAGAGG-1_V12D07-075_C1,4
TAAGTAAATGTGCCGC-1_V12D07-075_C1,9
TAAGTAACATCTTGAC-1_V12D07-075_C1,2
TAAGTCGGTGAGCTAG-1_V12D07-075_C1,9
TAAGTTGCGACGTAGG-1_V12D07-075_C1,18
TAATAAACAAGGAGAT-1_V12D07-075_C1,6
TAATACACAGTAGTAT-1_V12D07-075_C1,6
TAATACTAGAACAGAC-1_V12D07-075_C1,18
TAATAGAACAGAGTTA-1_V12D07-075_C1,14
TAATAGCTAAATGATG-1_V12D07-075_C1,6
TAATAGTGACGACCAG-1_V12D07-075_C1,2
TAATATTGAAATTCGC-1_V12D07-075_C1,6
TAATCAACCAAATGGG-1_V12D07-075_C1,6
TAATCGATCCGTACGT-1_V12D07-075_C1,2
TAATGAAAGACCCTTG-1_V12D07-075_C1,13
TAATTACGTCAGTAGA-1_V12D07-075_C1,4
TAATTAGGACATCCGT-1_V12D07-075_C1,2
TAATTCCAATGCTTCA-1_V12D07-075_C1,2
TAATTGGAATCGGGAA-1_V12D07-075_C1,4
TAATTTCCGTCCAGTA-1_V12D07-075_C1,14
TACAACGCACAACTCA-1_V12D07-075_C1,13
TACAAGGGCTTCTTTA-1_V12D07-075_C1,18
TACACCGTCGTTAGTC-1_V12D07-075_C1,11
TACACCTCTTCGAATC-1_V12D07-075_C1,2
TACATAGGCATACACC-1_V12D07-075_C1,18
TACATCTTGTTTCTTG-1_V12D07-075_C1,18
TACATGACCTTATCCG-1_V12D07-075_C1,13
TACATGCCGGAATTGT-1_V12D07-075_C1,6
TACATTTCTAACGTGC-1_V12D07-075_C1,13
TACCAAATAGCCCAGA-1_V12D07-075_C1,13
TACCAATAAAGTACCA-1_V12D07-075_C1,18
TACCAGAAGTAGGTTC-1_V12D07-075_C1,13
TACCAGCTAGGTTTAA-1_V12D07-075_C1,6
TACCATGTATTGATTT-1_V12D07-075_C1,6
TACCCTCGGTAACCCT-1_V12D07-075_C1,12
TACCGAATAATTGTAA-1_V12D07-075_C1,18
TACCGCGGACTTGCAG-1_V12D07-075_C1,14
TACCGGCTCACTGCCC-1_V12D07-075_C1,13
TACCGGTCGTTTCCAT-1_V12D07-075_C1,14
TACCGTAGGTTAACTA-1_V12D07-075_C1,13
TACCGTGCCTCGGACC-1_V12D07-075_C1,13
TACCTACTCCCAGTAT-1_V12D07-075_C1,13
TACCTATCCCTAGAGG-1_V12D07-075_C1,2
TACCTCACGCTTGTAC-1_V12D07-075_C1,6
TACCTCAGTTGTCTGT-1_V12D07-075_C1,4
TACCTCTTTACCATCC-1_V12D07-075_C1,2
TACCTGCTGCACTGTG-1_V12D07-075_C1,3
TACGAACACGACTTCA-1_V12D07-075_C1,13
TACGACGCTTGCTGCG-1_V12D07-075_C1,13
TACGACTGCCTCTTAG-1_V12D07-075_C1,18
TACGAGAACTTCACGT-1_V12D07-075_C1,13
TACGATGTTGATCATC-1_V12D07-075_C1,13
TACGCAGTTCTTTCCT-1_V12D07-075_C1,13
TACGCCATATTCTAAT-1_V12D07-075_C1,13
TACGCCGCCTCAGAAG-1_V12D07-075_C1,6
TACGCCTCCATTCCGA-1_V12D07-075_C1,13
TACGCTATAGAAACCT-1_V12D07-075_C1,6
TACGCTCGGTATTGGA-1_V12D07-075_C1,18
TACGGAAGCCAAACCA-1_V12D07-075_C1,18
TACGGCATGGACGCTA-1_V12D07-075_C1,18
TACGGGATGCTAGCAG-1_V12D07-075_C1,6
TACGTAAAGCGGAGTG-1_V12D07-075_C1,12
TACGTGCAAGGTTCCT-1_V12D07-075_C1,6
TACGTGCACTATGCTG-1_V12D07-075_C1,13
TACGTGGGCCCAGGGC-1_V12D07-075_C1,18
TACGTTTACCGGCAAT-1_V12D07-075_C1,2
TACTACGTGCAATGCG-1_V12D07-075_C1,2
TACTATGGTTCCTCAG-1_V12D07-075_C1,2
TACTCTCCGAACAAAT-1_V12D07-075_C1,6
TACTCTTACTTTACTG-1_V12D07-075_C1,18
TACTCTTTCGTCTTCA-1_V12D07-075_C1,14
TACTGAACAGATTTAG-1_V12D07-075_C1,14
TACTGCAATCAATTAC-1_V12D07-075_C1,6
TACTGGACAGCTCGGC-1_V12D07-075_C1,11
TACTGTTTCTCTGGTA-1_V12D07-075_C1,6
TACTTAAACATGTACA-1_V12D07-075_C1,18
TACTTGTTAGTAGTCC-1_V12D07-075_C1,2
TACTTTACTGAGCCGG-1_V12D07-075_C1,14
TAGAAACACAATAGTG-1_V12D07-075_C1,18
TAGAAACCACTAAGTA-1_V12D07-075_C1,6
TAGAAAGGTGGCGCTA-1_V12D07-075_C1,2
TAGAAATTCACGTATA-1_V12D07-075_C1,5
TAGAAGAAGGGTTACA-1_V12D07-075_C1,12
TAGAATAGCCGATGAA-1_V12D07-075_C1,18
TAGACGAAACGCCAAT-1_V12D07-075_C1,3
TAGACGCCCGTACCGG-1_V12D07-075_C1,14
TAGACTACCTAGCGTT-1_V12D07-075_C1,2
TAGAGCTACGAAGAAC-1_V12D07-075_C1,6
TAGAGGTTCTACTTGT-1_V12D07-075_C1,18
TAGAGTCTAAGCGAAC-1_V12D07-075_C1,13
TAGATATGGACTGGAA-1_V12D07-075_C1,2
TAGATCCGAAGTCGCA-1_V12D07-075_C1,6
TAGATGGTTCCTTACT-1_V12D07-075_C1,12
TAGATTCCTGGTTATT-1_V12D07-075_C1,7
TAGCAACCTGTCACAA-1_V12D07-075_C1,13
TAGCAGTATGACTAAA-1_V12D07-075_C1,12
TAGCCAGAGGGTCCGG-1_V12D07-075_C1,12
TAGCCATTTCAAAGTC-1_V12D07-075_C1,9
TAGCCGGCGGTCAGCG-1_V12D07-075_C1,2
TAGCGTCCCTCGATTG-1_V12D07-075_C1,14
TAGCGTCCGGTGTGGT-1_V12D07-075_C1,11
TAGCGTCGAATATTGA-1_V12D07-075_C1,12
TAGCGTTGGGTCTTAC-1_V12D07-075_C1,13
TAGCTAAGTCCGGGAG-1_V12D07-075_C1,13
TAGCTAGAAGGCATGA-1_V12D07-075_C1,2
TAGCTAGTGATGATGG-1_V12D07-075_C1,2
TAGCTCAGATCCTAGT-1_V12D07-075_C1,6
TAGCTCGCCTGATAAC-1_V12D07-075_C1,13
TAGGAACAGCCTCCAG-1_V12D07-075_C1,6
TAGGCATGTTACGCCA-1_V12D07-075_C1,6
TAGGCCTATATAGTCT-1_V12D07-075_C1,18
TAGGCTAAAGTGGCAC-1_V12D07-075_C1,18
TAGGGAGCTTGGGATG-1_V12D07-075_C1,2
TAGGGTGTTTCAAGAG-1_V12D07-075_C1,6
TAGGTCGCCGGAACTG-1_V12D07-075_C1,14
TAGGTGACGATAACCT-1_V12D07-075_C1,12
TAGGTGAGCCCTACTC-1_V12D07-075_C1,13
TAGGTGCTCGCCTAGC-1_V12D07-075_C1,18
TAGGTGTTCCACAGAT-1_V12D07-075_C1,13
TAGGTTCGAGTTCGTC-1_V12D07-075_C1,13
TAGTAGCTTATACCAG-1_V12D07-075_C1,14
TAGTCCCGGAGACCAC-1_V12D07-075_C1,18
TAGTCCGCAGAGAATG-1_V12D07-075_C1,13
TAGTCCGTATGCATAA-1_V12D07-075_C1,12
TAGTCGATCACGGGTT-1_V12D07-075_C1,18
TAGTCGGGATTCTTCG-1_V12D07-075_C1,12
TAGTCTAACAACGAGA-1_V12D07-075_C1,2
TAGTCTGTGACGTTGC-1_V12D07-075_C1,6
TAGTCTTTCCGAATTG-1_V12D07-075_C1,6
TAGTGCCCTCCAGAGT-1_V12D07-075_C1,13
TAGTGCTTGAATCCTT-1_V12D07-075_C1,18
TAGTGTCAGAAACGGC-1_V12D07-075_C1,7
TAGTTAAGATAGGATA-1_V12D07-075_C1,6
TAGTTTATTCTTGCTT-1_V12D07-075_C1,6
TATAAATCCACAAGCT-1_V12D07-075_C1,13
TATAAGTGAGGATAGC-1_V12D07-075_C1,13
TATACACAGACGCCTT-1_V12D07-075_C1,13
TATACACGCAAAGTAT-1_V12D07-075_C1,17
TATACCGAGTGCCACA-1_V12D07-075_C1,6
TATACGCGTCATCACT-1_V12D07-075_C1,13
TATAGAGTCGCTTGAA-1_V12D07-075_C1,2
TATAGATGGTCGCAGT-1_V12D07-075_C1,18
TATAGGGTACTCATGA-1_V12D07-075_C1,2
TATATCATTGATCAGT-1_V12D07-075_C1,13
TATATCCCTGGGAGGA-1_V12D07-075_C1,2
TATATGCTGGGTTGCC-1_V12D07-075_C1,13
TATATTACAAATGTCG-1_V12D07-075_C1,6
TATATTCGCGTCGATA-1_V12D07-075_C1,6
TATCAAAGGTCTGTAA-1_V12D07-075_C1,13
TATCACCATGTAAAGT-1_V12D07-075_C1,6
TATCACCCAACCGACC-1_V12D07-075_C1,6
TATCACTTCGAGTAAC-1_V12D07-075_C1,6
TATCCATATCATGCGA-1_V12D07-075_C1,6
TATCCGCACCGTCGGG-1_V12D07-075_C1,13
TATCCTATCAACTGGT-1_V12D07-075_C1,13
TATCCTGCATGGGAAT-1_V12D07-075_C1,6
TATCGATCTATGCATA-1_V12D07-075_C1,6
TATCGATGATTAAACG-1_V12D07-075_C1,13
TATCTACAGAGGTAAT-1_V12D07-075_C1,16
TATCTACCACAGCGGG-1_V12D07-075_C1,13
TATCTAGCCTAAAGGA-1_V12D07-075_C1,3
TATGAAGAATTAAGGT-1_V12D07-075_C1,12
TATGAAGACAGGTGCG-1_V12D07-075_C1,3
TATGATAAATCTAACG-1_V12D07-075_C1,6
TATGATCCGGCACGCC-1_V12D07-075_C1,11
TATGATTCTGCTTGGT-1_V12D07-075_C1,6
TATGCTCCCTACTTAC-1_V12D07-075_C1,13
TATGGAGTTTCTCGTT-1_V12D07-075_C1,6
TATGGATGTGCTACGC-1_V12D07-075_C1,13
TATGGCTAGGCTAATT-1_V12D07-075_C1,6
TATGGGACCGAGCAGG-1_V12D07-075_C1,13
TATGGGTACGTATCGT-1_V12D07-075_C1,13
TATGGTCTGAGTAACA-1_V12D07-075_C1,13
TATGGTTAGTGGGAGA-1_V12D07-075_C1,2
TATGTCAAGACCGACT-1_V12D07-075_C1,6
TATGTCTCATTGTGCC-1_V12D07-075_C1,14
TATTAACCTGACCGCG-1_V12D07-075_C1,14
TATTACCATCCTGCTT-1_V12D07-075_C1,18
TATTCAATTCTAATCC-1_V12D07-075_C1,18
TATTCCACTCAGCTCG-1_V12D07-075_C1,13
TATTCCGGCAGTCCTA-1_V12D07-075_C1,6
TATTCCTCCGCCCACT-1_V12D07-075_C1,14
TATTCGTGCCAGAATA-1_V12D07-075_C1,13
TATTGACATTTCTGCC-1_V12D07-075_C1,6
TATTGCCGGGCTTGTA-1_V12D07-075_C1,18
TATTTAGTCTAGATCG-1_V12D07-075_C1,6
TATTTATACCGAGTAG-1_V12D07-075_C1,6
TATTTGTTACCCTTTA-1_V12D07-075_C1,13
TCAAACAACCGCGTCG-1_V12D07-075_C1,13
TCAAACTTAGATTGTT-1_V12D07-075_C1,13
TCAAATTGTTGTGCCG-1_V12D07-075_C1,18
TCAAATTTGAGACTCA-1_V12D07-075_C1,9
TCAACACATTGGGTAA-1_V12D07-075_C1,6
TCAACATAGCGCCCTA-1_V12D07-075_C1,14
TCAACCATGTTCGGGC-1_V12D07-075_C1,6
TCAACGAGGAGACAAA-1_V12D07-075_C1,13
TCAACGCGACCGGCAG-1_V12D07-075_C1,2
TCAACTAACGTATAAC-1_V12D07-075_C1,1
TCAACTGCAGAGTCAG-1_V12D07-075_C1,18
TCAAGAAATACTAGCT-1_V12D07-075_C1,6
TCAAGCGCGGACGGTA-1_V12D07-075_C1,18
TCAAGGTTACTACACC-1_V12D07-075_C1,18
TCAATACAATTGCTGC-1_V12D07-075_C1,18
TCAATACGCCGTCATG-1_V12D07-075_C1,13
TCAATATACAGGAGGC-1_V12D07-075_C1,2
TCAATCCCGCGCCAAA-1_V12D07-075_C1,9
TCACAAACCGAGGTAC-1_V12D07-075_C1,18
TCACAGATCCTCAAAC-1_V12D07-075_C1,13
TCACAGCAAACTCGAA-1_V12D07-075_C1,2
TCACAGGAGAATAAGA-1_V12D07-075_C1,2
TCACAGGGAATCGCAA-1_V12D07-075_C1,13
TCACAGGTTATTGGGC-1_V12D07-075_C1,13
TCACATCTTATCTGAT-1_V12D07-075_C1,3
TCACCCTCTTAAGATT-1_V12D07-075_C1,13
TCACCGCTCGGCACTC-1_V12D07-075_C1,14
TCACGCATTGTAGATC-1_V12D07-075_C1,13
TCACGGTCATCGCACA-1_V12D07-075_C1,13
TCACGTGCCCGATTCA-1_V12D07-075_C1,13
TCACTACGACCAATGC-1_V12D07-075_C1,6
TCACTATCCCTTCGGT-1_V12D07-075_C1,2
TCACTCGTGCAACGGC-1_V12D07-075_C1,6
TCACTCTTCGTCTGTC-1_V12D07-075_C1,5
TCAGAACCTCCACAGG-1_V12D07-075_C1,6
TCAGACGCTATAGAAG-1_V12D07-075_C1,13
TCAGAGTGTGAGCATG-1_V12D07-075_C1,2
TCAGCAAATGCATCTC-1_V12D07-075_C1,18
TCAGCCAATCCGTAAA-1_V12D07-075_C1,18
TCAGGGCGACTTCCTT-1_V12D07-075_C1,13
TCAGGGTGCACGAAAC-1_V12D07-075_C1,6
TCAGGGTGTAACGTAA-1_V12D07-075_C1,13
TCAGGTTCTTTGAGAA-1_V12D07-075_C1,13
TCAGTACTGACCCGCG-1_V12D07-075_C1,12
TCAGTAGGGACTATAA-1_V12D07-075_C1,2
TCATAAGTCCAAGAAG-1_V12D07-075_C1,12
TCATACTTACAGATCC-1_V12D07-075_C1,3
TCATATGAGCTTTGTT-1_V12D07-075_C1,12
TCATCCCAGAGGGTGG-1_V12D07-075_C1,6
TCATCCTCAGCTGCTT-1_V12D07-075_C1,18
TCATCGACGACCGTCG-1_V12D07-075_C1,18
TCATGCAGGTTCTCAT-1_V12D07-075_C1,6
TCATTCGTATAATTTG-1_V12D07-075_C1,6
TCATTTAAGTCTCCGA-1_V12D07-075_C1,2
TCATTTAGAAGTGTGA-1_V12D07-075_C1,18
TCCAACTCAGCTATCT-1_V12D07-075_C1,18
TCCAACTTTAAATTCT-1_V12D07-075_C1,13
TCCAATAAAGGCTACC-1_V12D07-075_C1,13
TCCACAATGGTTTACG-1_V12D07-075_C1,13
TCCACATCGTATATTG-1_V12D07-075_C1,18
TCCACCAAGACATAGG-1_V12D07-075_C1,2
TCCACCTCTAGCCTTT-1_V12D07-075_C1,13
TCCACTTTATCTAGGT-1_V12D07-075_C1,13
TCCAGAGCACCGGTTC-1_V12D07-075_C1,13
TCCAGATGTACGCCAA-1_V12D07-075_C1,11
TCCAGCGCTATAAGCG-1_V12D07-075_C1,2
TCCAGGCGAGTACGGT-1_V12D07-075_C1,13
TCCAGGGTATATACGA-1_V12D07-075_C1,13
TCCATTAGTTGGATAG-1_V12D07-075_C1,13
TCCATTGTGACCTCGT-1_V12D07-075_C1,6
TCCCAAACAGACAACG-1_V12D07-075_C1,6
TCCCAAAGACGAAGGA-1_V12D07-075_C1,13
TCCCAAAGCCCTAAAT-1_V12D07-075_C1,6
TCCCACTCTCTTCCGG-1_V12D07-075_C1,6
TCCCAGCACACGACAT-1_V12D07-075_C1,2
TCCCAGCTTTAGTCTG-1_V12D07-075_C1,13
TCCCAGGCTTAGCTAA-1_V12D07-075_C1,13
TCCCGCCTATGTGCGT-1_V12D07-075_C1,6
TCCCGCGTACTCCTGG-1_V12D07-075_C1,13
TCCCGGGTGTGCTGCT-1_V12D07-075_C1,13
TCCCGGTCAGGAATTT-1_V12D07-075_C1,6
TCCCGTCAGTCCCGCA-1_V12D07-075_C1,6
TCCCGTCGCGTCATAG-1_V12D07-075_C1,6
TCCCGTGTGCAATTTG-1_V12D07-075_C1,18
TCCCTAGATCAATAGG-1_V12D07-075_C1,6
TCCCTCTTCTCAAGGG-1_V12D07-075_C1,18
TCCCTGGCTCGCTGGA-1_V12D07-075_C1,13
TCCCTTAGATTACTCG-1_V12D07-075_C1,6
TCCCTTGTCTGAAACT-1_V12D07-075_C1,18
TCCGAACGTTGCCGCT-1_V12D07-075_C1,6
TCCGAAGTAGTCACCA-1_V12D07-075_C1,6
TCCGAATGGTCCTGAG-1_V12D07-075_C1,6
TCCGAGAAGGCTAAGC-1_V12D07-075_C1,4
TCCGATGACTGAGCTC-1_V12D07-075_C1,6
TCCGATGGTGCGACAT-1_V12D07-075_C1,13
TCCGATTACATTGCCG-1_V12D07-075_C1,13
TCCGCAGCCACCTAGC-1_V12D07-075_C1,12
TCCGCCTGTCTACAAG-1_V12D07-075_C1,13
TCCGCGGCAGCATCTG-1_V12D07-075_C1,2
TCCGCGGCCCAATGAA-1_V12D07-075_C1,18
TCCGCTGTCATCCCGG-1_V12D07-075_C1,18
TCCGCTTATCCCATTA-1_V12D07-075_C1,13
TCCGGAGGAAGGGCTG-1_V12D07-075_C1,6
TCCGGCCTAGCGTACA-1_V12D07-075_C1,2
TCCGGCTGTCGGGTCG-1_V12D07-075_C1,2
TCCGGGCTTGACGGGA-1_V12D07-075_C1,18
TCCGGTTCGTCCGGTC-1_V12D07-075_C1,9
TCCGTTAAGCTAATAT-1_V12D07-075_C1,18
TCCGTTTAGCCTTGAA-1_V12D07-075_C1,14
TCCTAAAGATTCAGAC-1_V12D07-075_C1,18
TCCTAAATTGGGAAGC-1_V12D07-075_C1,13
TCCTAACCGTCGGGCA-1_V12D07-075_C1,14
TCCTACATCCACGGCC-1_V12D07-075_C1,18
TCCTAGCAAAGAAGCT-1_V12D07-075_C1,2
TCCTATCATAGGTAAC-1_V12D07-075_C1,6
TCCTCGGGCTGGGCTT-1_V12D07-075_C1,13
TCCTCTACGAGATGGC-1_V12D07-075_C1,13
TCCTCTGGCCCATTAG-1_V12D07-075_C1,6
TCCTGCCAACTGGAGA-1_V12D07-075_C1,6
TCCTGCGTTGATACTC-1_V12D07-075_C1,13
TCCTGGCGCTGCCTGG-1_V12D07-075_C1,6
TCCTTACGACGGTCCG-1_V12D07-075_C1,18
TCCTTCAATCCCTACG-1_V12D07-075_C1,14
TCCTTCAGTGGTCGAA-1_V12D07-075_C1,6
TCCTTGTCCTTTAATT-1_V12D07-075_C1,18
TCCTTTAAATCCGCTT-1_V12D07-075_C1,18
TCCTTTCTTACGCTTA-1_V12D07-075_C1,13
TCGAAATTTAGGACCA-1_V12D07-075_C1,13
TCGAAGAACCGAGCAC-1_V12D07-075_C1,18
TCGAGACCAACACCGT-1_V12D07-075_C1,13
TCGAGGGCAACAGACG-1_V12D07-075_C1,18
TCGATAGGCTAGTCGC-1_V12D07-075_C1,6
TCGCAAAGATGCATTT-1_V12D07-075_C1,13
TCGCACCAGGAGGCAG-1_V12D07-075_C1,13
TCGCACTAACGTTTGT-1_V12D07-075_C1,18
TCGCATAAAGGGCGCA-1_V12D07-075_C1,18
TCGCATCCCTAAGTGT-1_V12D07-075_C1,6
TCGCATTCAATGACTT-1_V12D07-075_C1,6
TCGCCCAACTGACTCC-1_V12D07-075_C1,6
TCGCCCACTGCGAGAG-1_V12D07-075_C1,18
TCGCCGAAGTTGCGTC-1_V12D07-075_C1,14
TCGCCGACATATTCGC-1_V12D07-075_C1,18
TCGCCGGATGGGCAAG-1_V12D07-075_C1,12
TCGCCGGTCGATCCGT-1_V12D07-075_C1,6
TCGCTAAACCGCTATC-1_V12D07-075_C1,6
TCGCTACTGGCTTTGA-1_V12D07-075_C1,18
TCGCTCGATATATTCC-1_V12D07-075_C1,13
TCGCTCGGCACCAGCG-1_V12D07-075_C1,6
TCGCTGCCAATGCTGT-1_V12D07-075_C1,18
TCGCTGGGCGGATTGT-1_V12D07-075_C1,13
TCGCTGTGCGTAAATC-1_V12D07-075_C1,13
TCGCTTAATTACGAAG-1_V12D07-075_C1,6
TCGCTTTAAACGTTTG-1_V12D07-075_C1,6
TCGGAATGCGCTCTGA-1_V12D07-075_C1,16
TCGGACGCCCAGCCCA-1_V12D07-075_C1,18
TCGGAGTACATGAGTA-1_V12D07-075_C1,18
TCGGCAGGGTTAAGGG-1_V12D07-075_C1,2
TCGGCGAACCCAAACC-1_V12D07-075_C1,18
TCGGCTTGTATCGACG-1_V12D07-075_C1,18
TCGGGAACGTGCCTAG-1_V12D07-075_C1,6
TCGGGAGACAGCGTAC-1_V12D07-075_C1,13
TCGGGATTCAAACATA-1_V12D07-075_C1,14
TCGGGCCGTCGTGGTA-1_V12D07-075_C1,18
TCGGGTGAAACTGCTA-1_V12D07-075_C1,6
TCGGTCCCTGACTCCA-1_V12D07-075_C1,6
TCGGTGACCGCTCCGG-1_V12D07-075_C1,6
TCGGTTAGCCATGTAG-1_V12D07-075_C1,6
TCGTAACTCCCAAGAC-1_V12D07-075_C1,18
TCGTAAGACGACATTG-1_V12D07-075_C1,13
TCGTAAGCTCCGAGGA-1_V12D07-075_C1,6
TCGTACCGACGTCAAG-1_V12D07-075_C1,13
TCGTATAGTGCAATTA-1_V12D07-075_C1,6
TCGTATTACCCATTGC-1_V12D07-075_C1,13
TCGTCACACTGTTAGC-1_V12D07-075_C1,3
TCGTCCGCTGGCGTCT-1_V12D07-075_C1,13
TCGTCCGGGTACACTC-1_V12D07-075_C1,6
TCGTCTTAGGCGTTAA-1_V12D07-075_C1,13
TCGTGTTCGACCACAA-1_V12D07-075_C1,18
TCGTTAGGAGTCCCTA-1_V12D07-075_C1,2
TCGTTCGTTATTATGT-1_V12D07-075_C1,6
TCGTTGACAGGGTCCC-1_V12D07-075_C1,12
TCGTTGCTATCCGGTC-1_V12D07-075_C1,14
TCGTTGGCTCGTCAAT-1_V12D07-075_C1,6
TCGTTTACGCGACCCT-1_V12D07-075_C1,18
TCTAACTGTATGTAAA-1_V12D07-075_C1,13
TCTACACGTTCATGCA-1_V12D07-075_C1,6
TCTACCCAATAGAGAG-1_V12D07-075_C1,18
TCTACCGTCCACAAGC-1_V12D07-075_C1,13
TCTAGCAATCTCCGCC-1_V12D07-075_C1,14
TCTAGCATCTTCGATG-1_V12D07-075_C1,13
TCTAGCATGCCCAGAA-1_V12D07-075_C1,13
TCTAGGTGGCGACGCT-1_V12D07-075_C1,2
TCTAGTGATATCGTGG-1_V12D07-075_C1,18
TCTAGTTATCAGAAGA-1_V12D07-075_C1,12
TCTATAGGTGGGTAAT-1_V12D07-075_C1,12
TCTATCATGCAGTTAC-1_V12D07-075_C1,3
TCTATCGGTCGCAACA-1_V12D07-075_C1,13
TCTATGCTATAACGAC-1_V12D07-075_C1,18
TCTATTACGCTGGCGA-1_V12D07-075_C1,13
TCTCAAATCAATCGGG-1_V12D07-075_C1,2
TCTCATGAGATAGGGT-1_V12D07-075_C1,18
TCTCCAACGTAGGTTA-1_V12D07-075_C1,6
TCTCCACAAGTTGAAT-1_V12D07-075_C1,18
TCTCCCTGGGCAGCGT-1_V12D07-075_C1,13
TCTCGAACGAGGTCAC-1_V12D07-075_C1,6
TCTCGAGGAGGTTCGC-1_V12D07-075_C1,2
TCTCGGCTCCAGGACT-1_V12D07-075_C1,7
TCTCTAATAGCTGGTA-1_V12D07-075_C1,6
TCTCTCGCCGCACATA-1_V12D07-075_C1,18
TCTGAACCGGTCGGCT-1_V12D07-075_C1,13
TCTGAACTCGTACCCG-1_V12D07-075_C1,18
TCTGAAGCACGTGGTC-1_V12D07-075_C1,3
TCTGAATTCCGTACAA-1_V12D07-075_C1,14
TCTGACGGGCTAACCC-1_V12D07-075_C1,6
TCTGACTGTAATGGTT-1_V12D07-075_C1,13
TCTGAGCAATTGACTG-1_V12D07-075_C1,18
TCTGATCGGGTGCTAG-1_V12D07-075_C1,6
TCTGATGTATTCTGTC-1_V12D07-075_C1,13
TCTGATTGGAAATGGA-1_V12D07-075_C1,6
TCTGCAGATTCGAGTC-1_V12D07-075_C1,13
TCTGCATACCTTGCTT-1_V12D07-075_C1,18
TCTGCCAGAAACTGCA-1_V12D07-075_C1,13
TCTGCGTCCGGTTTCT-1_V12D07-075_C1,16
TCTGCTTAGAACAAGC-1_V12D07-075_C1,6
TCTGGAGCGTAAGAGT-1_V12D07-075_C1,6
TCTGGCCGTTCAAGTT-1_V12D07-075_C1,6
TCTGGCGCAAGCCGGG-1_V12D07-075_C1,4
TCTGGGAACCTTTGAA-1_V12D07-075_C1,18
TCTGGGTAGCGCTCAT-1_V12D07-075_C1,13
TCTGTCATACAAGAGC-1_V12D07-075_C1,6
TCTGTGATGGAGGTTG-1_V12D07-075_C1,6
TCTGTGCCATCATAGT-1_V12D07-075_C1,18
TCTGTTACCCAGCATA-1_V12D07-075_C1,14
TCTTAACTCGGATGTA-1_V12D07-075_C1,18
TCTTACAGAGGTACCG-1_V12D07-075_C1,6
TCTTACCGGAACTCGT-1_V12D07-075_C1,6
TCTTACGGCATCCGAC-1_V12D07-075_C1,13
TCTTACTTATGCCTCT-1_V12D07-075_C1,18
TCTTAGAGCTCCAATT-1_V12D07-075_C1,3
TCTTAGAGTGAACTCT-1_V12D07-075_C1,18
TCTTCCCATGGGCACA-1_V12D07-075_C1,14
TCTTCGAATAGACGTT-1_V12D07-075_C1,13
TCTTCGATACCAATAA-1_V12D07-075_C1,13
TCTTCGCGGTGAGAGG-1_V12D07-075_C1,18
TCTTCTATAACCCGCC-1_V12D07-075_C1,14
TCTTGATGCGTAGCGA-1_V12D07-075_C1,13
TCTTGCTCCCGATACT-1_V12D07-075_C1,12
TCTTGGTAACACCAAA-1_V12D07-075_C1,13
TCTTTAAGACTATGAA-1_V12D07-075_C1,14
TCTTTAGAGTCTAACA-1_V12D07-075_C1,2
TCTTTAGCAGGCGAAC-1_V12D07-075_C1,6
TCTTTCCTTCGAGATA-1_V12D07-075_C1,18
TGAAACTTATGCAAGC-1_V12D07-075_C1,6
TGAAAGGACCTGACTC-1_V12D07-075_C1,2
TGAACTGCTATGACTT-1_V12D07-075_C1,2
TGAAGAGCGGTCCTAG-1_V12D07-075_C1,13
TGAAGTAGCTTACGGA-1_V12D07-075_C1,12
TGAATACCGACGCGTA-1_V12D07-075_C1,18
TGAATATGCTATAAAC-1_V12D07-075_C1,6
TGAATGAGTGTTTCCC-1_V12D07-075_C1,13
TGAATGTCAGCCGGCC-1_V12D07-075_C1,14
TGACAACGCATGTCGC-1_V12D07-075_C1,6
TGACACTTCTCTTTGC-1_V12D07-075_C1,6
TGACATATATGACGAT-1_V12D07-075_C1,2
TGACATCGAGCGGACC-1_V12D07-075_C1,2
TGACATGTAACGTGAC-1_V12D07-075_C1,18
TGACCAAATCTTAAAC-1_V12D07-075_C1,12
TGACCAGCTTCAAAGT-1_V12D07-075_C1,6
TGACCCACGTTAGACA-1_V12D07-075_C1,13
TGACGATGCACTAGAA-1_V12D07-075_C1,2
TGACTATAATCCTTTC-1_V12D07-075_C1,13
TGACTCTAACTGGTAA-1_V12D07-075_C1,2
TGAGAATGCTTTACCG-1_V12D07-075_C1,6
TGAGACGTACCTCTCA-1_V12D07-075_C1,18
TGAGAGATTTACCACG-1_V12D07-075_C1,18
TGAGATCAAATACTCA-1_V12D07-075_C1,6
TGAGATTAGGCCCTAA-1_V12D07-075_C1,6
TGAGCAGTCGTGAAGT-1_V12D07-075_C1,11
TGAGCCATACAGTCTC-1_V12D07-075_C1,2
TGAGCGGAAAGTGTTC-1_V12D07-075_C1,13
TGAGCTCAACTGTATA-1_V12D07-075_C1,2
TGAGCTTTAATGACGC-1_V12D07-075_C1,6
TGAGGAGTGCCAGCTT-1_V12D07-075_C1,13
TGAGGTGTGTGGCGGA-1_V12D07-075_C1,13
TGAGTAAATTAGCGTA-1_V12D07-075_C1,12
TGAGTGCCTCTTAAAT-1_V12D07-075_C1,2
TGAGTGGTCCGTGACG-1_V12D07-075_C1,14
TGAGTTAAAGACATTC-1_V12D07-075_C1,2
TGATACATTTAGCCGT-1_V12D07-075_C1,14
TGATAGCGGGATTCTA-1_V12D07-075_C1,16
TGATCACCACACTGAC-1_V12D07-075_C1,13
TGATCCCAGCATTAGT-1_V12D07-075_C1,2
TGATCGGTTTGACCCT-1_V12D07-075_C1,13
TGATCTACGCTGATCT-1_V12D07-075_C1,6
TGATCTATCACACTCT-1_V12D07-075_C1,2
TGATCTCCGGCGCCAG-1_V12D07-075_C1,13
TGATGGCTGTTTCTGA-1_V12D07-075_C1,6
TGATGTCAATTAAGTG-1_V12D07-075_C1,18
TGATTATGGCACGCAG-1_V12D07-075_C1,15
TGATTCCCGGTTACCT-1_V12D07-075_C1,13
TGATTCGTCTATCACT-1_V12D07-075_C1,13
TGATTCTGTCGCCGGT-1_V12D07-075_C1,2
TGATTTATTAGCTGTG-1_V12D07-075_C1,13
TGATTTCCTCCTGACG-1_V12D07-075_C1,11
TGCAAAGTTCGTCTGT-1_V12D07-075_C1,13
TGCAACCCATCTGCGG-1_V12D07-075_C1,12
TGCAACTACTGGTTGA-1_V12D07-075_C1,18
TGCAAGAATGACGTAA-1_V12D07-075_C1,13
TGCAATCTAACACGGT-1_V12D07-075_C1,18
TGCAATTTGGGCACGG-1_V12D07-075_C1,6
TGCACAGTGAAGTTAT-1_V12D07-075_C1,6
TGCACGAGTCGGCAGC-1_V12D07-075_C1,6
TGCACTATGTGAGTGC-1_V12D07-075_C1,13
TGCAGAGTACCGAGCA-1_V12D07-075_C1,13
TGCAGGATCGGCAAAG-1_V12D07-075_C1,13
TGCAGTGAGGCTCGGG-1_V12D07-075_C1,6
TGCAGTTTCCTCCCAT-1_V12D07-075_C1,18
TGCATATGTCTGTCAC-1_V12D07-075_C1,2
TGCATGGATCGGATCT-1_V12D07-075_C1,6
TGCATGTGGTAATCTA-1_V12D07-075_C1,2
TGCCAATGGGTACTCT-1_V12D07-075_C1,2
TGCCACCTGGCGAAAC-1_V12D07-075_C1,6
TGCCAGTACGTGGAGA-1_V12D07-075_C1,13
TGCCATTACTAAAGAA-1_V12D07-075_C1,6
TGCCCGTACCGTTAAA-1_V12D07-075_C1,18
TGCCGAAAGCGTATTC-1_V12D07-075_C1,4
TGCCGTGGATCGTCCT-1_V12D07-075_C1,13
TGCCTAAATTTAATAG-1_V12D07-075_C1,6
TGCCTAATTGAAGATT-1_V12D07-075_C1,18
TGCCTGACATCGGTCA-1_V12D07-075_C1,13
TGCCTGATCAAACGAT-1_V12D07-075_C1,13
TGCCTTGGCCAGGCAA-1_V12D07-075_C1,13
TGCGACACCCTAGTGC-1_V12D07-075_C1,2
TGCGAGAATATTACCC-1_V12D07-075_C1,14
TGCGAGATGGCGGCCA-1_V12D07-075_C1,6
TGCGAGCCCTTCCGCG-1_V12D07-075_C1,6
TGCGCAAAGCATTTGG-1_V12D07-075_C1,13
TGCGCCGTTAATAACG-1_V12D07-075_C1,6
TGCGCGATTAACGGAG-1_V12D07-075_C1,13
TGCGGACTTGACTCCG-1_V12D07-075_C1,18
TGCGGAGTAAAGGTGC-1_V12D07-075_C1,13
TGCGGCATAGTTCAAC-1_V12D07-075_C1,6
TGCGGTGAAATTTCAT-1_V12D07-075_C1,6
TGCGTAAGAACCTGAT-1_V12D07-075_C1,13
TGCGTACGGCTAATTG-1_V12D07-075_C1,18
TGCGTGATTGGGTGTC-1_V12D07-075_C1,13
TGCGTTTGTTGACACT-1_V12D07-075_C1,13
TGCTAAGTGTCTATTT-1_V12D07-075_C1,18
TGCTATACAAACGGAC-1_V12D07-075_C1,6
TGCTCCACAGTTCTTA-1_V12D07-075_C1,18
TGCTCGGCGAAACCCA-1_V12D07-075_C1,13
TGCTCGGTGGGTCACC-1_V12D07-075_C1,18
TGCTCTTGAGAGTTTG-1_V12D07-075_C1,18
TGCTGGTTGGACAATT-1_V12D07-075_C1,13
TGCTGTTGAAGAACTC-1_V12D07-075_C1,13
TGCTTCCCAAGCAGTA-1_V12D07-075_C1,13
TGCTTGAAACCATGCA-1_V12D07-075_C1,15
TGGAACCACTGACACA-1_V12D07-075_C1,6
TGGAAGAAGGGAACGT-1_V12D07-075_C1,13
TGGAAGACGAACACCA-1_V12D07-075_C1,6
TGGAAGGATAAAGATG-1_V12D07-075_C1,4
TGGAATATCCTTGACC-1_V12D07-075_C1,6
TGGAATTAGACGCTTT-1_V12D07-075_C1,3
TGGACACCGTTGCTTG-1_V12D07-075_C1,3
TGGACCAATCTAAGAT-1_V12D07-075_C1,12
TGGACCACGGCGTTGA-1_V12D07-075_C1,3
TGGACGTAGGCGAATC-1_V12D07-075_C1,18
TGGACTGTTCGCTCAA-1_V12D07-075_C1,2
TGGAGGGAAACACCTC-1_V12D07-075_C1,6
TGGAGTGATGCGATGA-1_V12D07-075_C1,13
TGGCAAACTAAATTAC-1_V12D07-075_C1,13
TGGCAACTCGCGCGCC-1_V12D07-075_C1,6
TGGCAAGCACAAGTCG-1_V12D07-075_C1,13
TGGCAATGGGACGGCG-1_V12D07-075_C1,18
TGGCACGAGCTCGAGT-1_V12D07-075_C1,6
TGGCAGATTACGATCA-1_V12D07-075_C1,13
TGGCAGCAGTAATAGT-1_V12D07-075_C1,18
TGGCCAAACTGAAGTA-1_V12D07-075_C1,13
TGGCCGTATATTGACC-1_V12D07-075_C1,13
TGGCGACTGCTCCAAA-1_V12D07-075_C1,2
TGGCGATCAAGTTATG-1_V12D07-075_C1,13
TGGCGGTGTGCGATTG-1_V12D07-075_C1,6
TGGCTACACTCTACCT-1_V12D07-075_C1,18
TGGCTATGTGACATAC-1_V12D07-075_C1,13
TGGCTTGTACAAGCTT-1_V12D07-075_C1,6
TGGCTTTGGGTAGACA-1_V12D07-075_C1,6
TGGGAAATGCCTTTCC-1_V12D07-075_C1,13
TGGGACCATTGGGAGT-1_V12D07-075_C1,18
TGGGATGCACTCATTC-1_V12D07-075_C1,6
TGGGCAATAGTTGGGT-1_V12D07-075_C1,2
TGGGCACAAACAGAAC-1_V12D07-075_C1,6
TGGGCACGTTCTATGG-1_V12D07-075_C1,6
TGGGCAGGCCACCGCA-1_V12D07-075_C1,18
TGGGCCACAAGAGCGC-1_V12D07-075_C1,6
TGGGCCCATACTAATT-1_V12D07-075_C1,18
TGGGCGATACAATAAG-1_V12D07-075_C1,18
TGGGTAAGGTTCCCGC-1_V12D07-075_C1,6
TGGGTGCACAAGCCAT-1_V12D07-075_C1,18
TGGGTGGGATGTCATT-1_V12D07-075_C1,6
TGGGTGTAATAGATTT-1_V12D07-075_C1,18
TGGGTTCCCGGACGGA-1_V12D07-075_C1,13
TGGTAAGCAGGATTGA-1_V12D07-075_C1,14
TGGTAGAATATATGGG-1_V12D07-075_C1,18
TGGTATCGCATCCCAA-1_V12D07-075_C1,6
TGGTATCGGTCTGTAT-1_V12D07-075_C1,6
TGGTCCCACGCTACGG-1_V12D07-075_C1,9
TGGTCGTGCAAGGCAA-1_V12D07-075_C1,14
TGGTCTAGCTTACATG-1_V12D07-075_C1,13
TGGTCTGTTGGGCGTA-1_V12D07-075_C1,13
TGGTGATCGTATTTGT-1_V12D07-075_C1,13
TGGTTAAGGGCGCTGG-1_V12D07-075_C1,11
TGGTTATGCTTGCGGT-1_V12D07-075_C1,3
TGGTTCAACGGGTAAT-1_V12D07-075_C1,13
TGGTTCGTAGCAAAGG-1_V12D07-075_C1,6
TGGTTGGAGGATCCTG-1_V12D07-075_C1,6
TGGTTTAAACGTGGGT-1_V12D07-075_C1,6
TGTAATGACCACAATA-1_V12D07-075_C1,5
TGTACCTACACGAGGG-1_V12D07-075_C1,12
TGTACGAACAAATCCG-1_V12D07-075_C1,18
TGTACTACTCTCACGG-1_V12D07-075_C1,6
TGTACTGTGCCAAAGT-1_V12D07-075_C1,6
TGTACTTCCGGGCATG-1_V12D07-075_C1,2
TGTAGCCATCCCATTC-1_V12D07-075_C1,18
TGTAGGAGAAATTTCC-1_V12D07-075_C1,2
TGTAGTGATCTATAAT-1_V12D07-075_C1,13
TGTATAACAGATCCTG-1_V12D07-075_C1,2
TGTATACGGATGATGA-1_V12D07-075_C1,6
TGTATCAGACTGAAGC-1_V12D07-075_C1,6
TGTATCCTTATTCCAT-1_V12D07-075_C1,6
TGTATGGCGCAGACAG-1_V12D07-075_C1,18
TGTATTTACCTAATGC-1_V12D07-075_C1,6
TGTCATTTGTTGGGAA-1_V12D07-075_C1,6
TGTCCACGGCTCAACT-1_V12D07-075_C1,18
TGTCCCGACATAGCAC-1_V12D07-075_C1,6
TGTCCGTGGCGCCTTT-1_V12D07-075_C1,13
TGTCGGCATGGTGGAA-1_V12D07-075_C1,6
TGTCTACAGTTTCTGT-1_V12D07-075_C1,6
TGTGACTACGCCAGTC-1_V12D07-075_C1,6
TGTGACTAGAGTTTGC-1_V12D07-075_C1,12
TGTGAGACTAGCCCAA-1_V12D07-075_C1,13
TGTGCCGGTGCCGGAA-1_V12D07-075_C1,18
TGTGCTTTACGTAAGA-1_V12D07-075_C1,2
TGTGGCAAAGCGTATG-1_V12D07-075_C1,14
TGTGGCGGGCTTCTGG-1_V12D07-075_C1,4
TGTGGCTCCCACCAAC-1_V12D07-075_C1,6
TGTGGTAGGGTGCCTT-1_V12D07-075_C1,6
TGTGGTTGCTAAAGCT-1_V12D07-075_C1,18
TGTGTAGTAGCACGTG-1_V12D07-075_C1,18
TGTGTCGCGAGTTGCA-1_V12D07-075_C1,13
TGTGTTCGTATCCAAG-1_V12D07-075_C1,13
TGTTATTGTATGTGGC-1_V12D07-075_C1,18
TGTTCCGCTTCCATGA-1_V12D07-075_C1,13
TGTTCCGGCCTGAGCT-1_V12D07-075_C1,2
TGTTCGTATTGCGGTG-1_V12D07-075_C1,13
TGTTCTCATACTATAG-1_V12D07-075_C1,9
TGTTCTTCCATTGACT-1_V12D07-075_C1,13
TGTTGCCGTCGTCCCA-1_V12D07-075_C1,6
TGTTGTCAAGAAGTCT-1_V12D07-075_C1,6
TGTTTCGGTACTTCTC-1_V12D07-075_C1,6
TGTTTGAGATCGTCAG-1_V12D07-075_C1,13
TTAAACAGAGTCCCGC-1_V12D07-075_C1,6
TTAAACCGGTAGCGAC-1_V12D07-075_C1,6
TTAAACCTGGTTCCTT-1_V12D07-075_C1,3
TTAAACTCGAATTCAT-1_V12D07-075_C1,14
TTAACCAACCCTCCCT-1_V12D07-075_C1,6
TTAACGAACAAGCAGT-1_V12D07-075_C1,6
TTAACGTCGCAAGACC-1_V12D07-075_C1,6
TTAACGTTAAAGCCTG-1_V12D07-075_C1,18
TTAACTCACGCGTGGA-1_V12D07-075_C1,3
TTAACTGATCGTTTGG-1_V12D07-075_C1,9
TTAAGACGAACGAACC-1_V12D07-075_C1,6
TTAAGATAGGATTGAC-1_V12D07-075_C1,18
TTAAGCCGACAACTTC-1_V12D07-075_C1,6
TTAAGCGCCTGACCCA-1_V12D07-075_C1,13
TTAAGGATACGGAGGT-1_V12D07-075_C1,16
TTAAGTATTGTTATCC-1_V12D07-075_C1,12
TTAATCAGTACGTCAG-1_V12D07-075_C1,6
TTAATGTAGACCAGGT-1_V12D07-075_C1,13
TTAATGTGTTTGCAGG-1_V12D07-075_C1,12
TTAATTGCTTTGGGTG-1_V12D07-075_C1,18
TTAATTTCAGACGCGG-1_V12D07-075_C1,6
TTACAACTACGCATCC-1_V12D07-075_C1,6
TTACACGATCTGCGAC-1_V12D07-075_C1,18
TTACAGACCTAAATGA-1_V12D07-075_C1,2
TTACATCGTGGCCTGG-1_V12D07-075_C1,13
TTACATGCCACAACTA-1_V12D07-075_C1,2
TTACCATTGATTACCC-1_V12D07-075_C1,13
TTACCCATTGCCGGGT-1_V12D07-075_C1,6
TTACCCTAACAGTCCT-1_V12D07-075_C1,13
TTACCCTAGGGATTGG-1_V12D07-075_C1,13
TTACGGATGGTTCGAG-1_V12D07-075_C1,14
TTACGGTGTCACCGAG-1_V12D07-075_C1,6
TTACGTATCTATGACA-1_V12D07-075_C1,2
TTACTAAAGGACTTTA-1_V12D07-075_C1,13
TTACTCCGGCCGGGAA-1_V12D07-075_C1,18
TTACTCTGGTACGTAC-1_V12D07-075_C1,14
TTACTGGGATATTTCA-1_V12D07-075_C1,13
TTACTGTCTAGAGCTC-1_V12D07-075_C1,6
TTAGAAGAACATGACT-1_V12D07-075_C1,13
TTAGAATAAGGGTCGG-1_V12D07-075_C1,14
TTAGACACGATCGTTG-1_V12D07-075_C1,6
TTAGACGAGTCACCTC-1_V12D07-075_C1,9
TTAGAGTTTAGAAGGA-1_V12D07-075_C1,18
TTAGCTAATACGATCT-1_V12D07-075_C1,6
TTAGCTCTGTAATCCG-1_V12D07-075_C1,13
TTAGCTGATTTGCCGT-1_V12D07-075_C1,2
TTAGGATGGGAGGGTA-1_V12D07-075_C1,6
TTAGTAAACCTGCTCT-1_V12D07-075_C1,18
TTAGTAGGGCGGCGGG-1_V12D07-075_C1,13
TTAGTTATTCGTGGCA-1_V12D07-075_C1,18
TTAGTTCAAGTGTTCG-1_V12D07-075_C1,6
TTATAGATGCACATTA-1_V12D07-075_C1,6
TTATAGGTAATTGTCT-1_V12D07-075_C1,18
TTATAGTCCAAGGTGC-1_V12D07-075_C1,6
TTATATACGCTGTCAC-1_V12D07-075_C1,2
TTATATTTGGCAATCC-1_V12D07-075_C1,13
TTATCCAATCGAACTC-1_V12D07-075_C1,13
TTATCCGGGATCTATA-1_V12D07-075_C1,13
TTATCTGTATCATAAC-1_V12D07-075_C1,6
TTATGAATGAAAGGGA-1_V12D07-075_C1,13
TTATGACAAACTGGAT-1_V12D07-075_C1,13
TTATGATCTTAACGAA-1_V12D07-075_C1,18
TTATGCGTCCCGGTCC-1_V12D07-075_C1,6
TTATTAGAGCGTGTTC-1_V12D07-075_C1,13
TTATTTAGGTTCCTTA-1_V12D07-075_C1,18
TTCAAAGTCTCTAGCC-1_V12D07-075_C1,18
TTCAACGACCCGACCG-1_V12D07-075_C1,13
TTCAAGCCGAGCTGAG-1_V12D07-075_C1,6
TTCAATACTCTGAATC-1_V12D07-075_C1,2
TTCACGAAAGGATCAC-1_V12D07-075_C1,13
TTCACTCGAGCACCTA-1_V12D07-075_C1,13
TTCACTTCCTAGAACG-1_V12D07-075_C1,13
TTCAGAGTAACCTGAC-1_V12D07-075_C1,4
TTCAGCCCTGGTCCAC-1_V12D07-075_C1,18
TTCAGCTGGCGTGCCC-1_V12D07-075_C1,12
TTCAGTTTGTGGCAGC-1_V12D07-075_C1,13
TTCATAGCCTTGTAAC-1_V12D07-075_C1,13
TTCATAGGGTGTCCAT-1_V12D07-075_C1,18
TTCATGGCGCAACAGG-1_V12D07-075_C1,6
TTCCAATCAGAGCTAG-1_V12D07-075_C1,2
TTCCAATCTGGCTATC-1_V12D07-075_C1,14
TTCCACACAGATTTGA-1_V12D07-075_C1,14
TTCCAGACGAGATTTA-1_V12D07-075_C1,6
TTCCATCATGCGGTGA-1_V12D07-075_C1,6
TTCCATCGACAGCGTG-1_V12D07-075_C1,18
TTCCGCAGAGAAATAT-1_V12D07-075_C1,6
TTCCGCGTGAGGCGAT-1_V12D07-075_C1,18
TTCCGGCCTTGAGGCT-1_V12D07-075_C1,14
TTCCGGCTCGACTTCT-1_V12D07-075_C1,6
TTCCGGTATCTGTGTC-1_V12D07-075_C1,6
TTCCGGTTACCCACTT-1_V12D07-075_C1,18
TTCCTCGAGGGTGTCT-1_V12D07-075_C1,13
TTCGACAGAGCCCGTG-1_V12D07-075_C1,13
TTCGACGGGAAGGGCG-1_V12D07-075_C1,13
TTCGCACTCGCGTGCT-1_V12D07-075_C1,13
TTCGCACTGTACGACA-1_V12D07-075_C1,13
TTCGCATCCGGAAGCA-1_V12D07-075_C1,13
TTCGCGCGCCATACGA-1_V12D07-075_C1,14
TTCGCTAGGAAGTTGT-1_V12D07-075_C1,6
TTCGCTATCTGACGTG-1_V12D07-075_C1,6
TTCGGACTGATGCCTT-1_V12D07-075_C1,6
TTCGGCAACCCGCTGA-1_V12D07-075_C1,6
TTCGGGACTAATCGCG-1_V12D07-075_C1,13
TTCGGGTTGCCACGGG-1_V12D07-075_C1,18
TTCGGTACTGTAGAGG-1_V12D07-075_C1,12
TTCGGTGGAGACGCCC-1_V12D07-075_C1,6
TTCGTAATCCCAGCGG-1_V12D07-075_C1,6
TTCGTTCAACGAAGTT-1_V12D07-075_C1,6
TTCTAACCGAAGCTTA-1_V12D07-075_C1,2
TTCTACCTTTATGTTG-1_V12D07-075_C1,6
TTCTACTTGCGAGGGC-1_V12D07-075_C1,13
TTCTAGAAAGTCTTAT-1_V12D07-075_C1,14
TTCTAGGCCAATTGTG-1_V12D07-075_C1,13
TTCTATGCCTTTCGCA-1_V12D07-075_C1,6
TTCTATTAAACGCAGC-1_V12D07-075_C1,12
TTCTGCCGCGCCTAGA-1_V12D07-075_C1,13
TTCTGCGAGCGCCCTT-1_V12D07-075_C1,11
TTCTGCGGGTTAGCGG-1_V12D07-075_C1,13
TTCTGCTAGACTCCAA-1_V12D07-075_C1,2
TTCTGTTTCCTGTCGC-1_V12D07-075_C1,13
TTCTTAGTGAACGGTG-1_V12D07-075_C1,12
TTCTTAGTGGCTCAGA-1_V12D07-075_C1,6
TTCTTATCCGCTGGGT-1_V12D07-075_C1,18
TTCTTGAGCCGCGCTA-1_V12D07-075_C1,2
TTCTTGGAGTAATGAG-1_V12D07-075_C1,6
TTCTTGTAACCTAATG-1_V12D07-075_C1,13
TTCTTGTGTCCATCAG-1_V12D07-075_C1,13
TTCTTTGGTCGCGACG-1_V12D07-075_C1,6
TTGAAACCCTCATTCC-1_V12D07-075_C1,2
TTGAAAGGTGTAAAGG-1_V12D07-075_C1,6
TTGAACGACGTGCTGA-1_V12D07-075_C1,13
TTGAAGAATTCCCAGG-1_V12D07-075_C1,13
TTGAATATGGACTTTC-1_V12D07-075_C1,18
TTGAATTCACGTGAGG-1_V12D07-075_C1,2
TTGACAGGAGCTCCCG-1_V12D07-075_C1,18
TTGACATGAACGTGGA-1_V12D07-075_C1,14
TTGACCAGGAACAACT-1_V12D07-075_C1,12
TTGACCATGTTCTCCG-1_V12D07-075_C1,6
TTGACCGTGTTAATGA-1_V12D07-075_C1,14
TTGACGCTCCATGAGC-1_V12D07-075_C1,18
TTGACTACCATATGGT-1_V12D07-075_C1,2
TTGACTATTGTCCGGC-1_V12D07-075_C1,18
TTGAGAAGTTTAGCAT-1_V12D07-075_C1,18
TTGAGAGTACTGCTAA-1_V12D07-075_C1,2
TTGAGCAGCCCACGGT-1_V12D07-075_C1,6
TTGAGCGCCACGTGAT-1_V12D07-075_C1,6
TTGAGGCATTTAACTC-1_V12D07-075_C1,6
TTGAGTCCCGCTGCTG-1_V12D07-075_C1,6
TTGATAGTCAATACAT-1_V12D07-075_C1,6
TTGATCTAACTTTGTC-1_V12D07-075_C1,4
TTGATGTGTAGTCCCG-1_V12D07-075_C1,6
TTGATTAGCTGTTTCT-1_V12D07-075_C1,14
TTGATTATGCAGATGA-1_V12D07-075_C1,13
TTGCAAGAAGACTCCT-1_V12D07-075_C1,2
TTGCACAATTCAGAAA-1_V12D07-075_C1,18
TTGCACGGAGCAGCAC-1_V12D07-075_C1,6
TTGCATGCTGATCACG-1_V12D07-075_C1,2
TTGCCAAGCAGAACCC-1_V12D07-075_C1,6
TTGCCCTGATCACGGG-1_V12D07-075_C1,13
TTGCCGCTTTCTAGTA-1_V12D07-075_C1,18
TTGCCGGTGATCCCTC-1_V12D07-075_C1,6
TTGCCTTCTCGCCGGG-1_V12D07-075_C1,17
TTGCGCTCTCTCGCTT-1_V12D07-075_C1,13
TTGCGCTTGATCAATA-1_V12D07-075_C1,18
TTGCGGCATCAGAAAG-1_V12D07-075_C1,14
TTGCGTCGGCCAACCG-1_V12D07-075_C1,14
TTGCGTGAACGCTTAG-1_V12D07-075_C1,6
TTGCGTGTGTAGGCAT-1_V12D07-075_C1,18
TTGCTCCCATACCGGA-1_V12D07-075_C1,4
TTGCTGAAGGAACCAC-1_V12D07-075_C1,6
TTGCTGATCATGTTCG-1_V12D07-075_C1,13
TTGCTGGCCGGGCTTC-1_V12D07-075_C1,6
TTGGACATGTGGCTTA-1_V12D07-075_C1,14
TTGGACCATCTGGCAA-1_V12D07-075_C1,18
TTGGACCTATAACAGT-1_V12D07-075_C1,13
TTGGAGTCTCCCTTCT-1_V12D07-075_C1,6
TTGGATATCGTCTACG-1_V12D07-075_C1,13
TTGGATCGACTTCTGG-1_V12D07-075_C1,6
TTGGATTGGGTACCAC-1_V12D07-075_C1,6
TTGGCCTAGAATTTCG-1_V12D07-075_C1,6
TTGGCGATCCGAATAT-1_V12D07-075_C1,6
TTGGCTCAATATGTGT-1_V12D07-075_C1,18
TTGGCTCGCATGAGAC-1_V12D07-075_C1,13
TTGGGAAGACGAGCCG-1_V12D07-075_C1,18
TTGGGACACTGCCCGC-1_V12D07-075_C1,2
TTGGGACGTAAGAGTT-1_V12D07-075_C1,18
TTGGGCGGCGGTTGCC-1_V12D07-075_C1,13
TTGGTATGGCTTGTGT-1_V12D07-075_C1,6
TTGGTCACACTCGTAA-1_V12D07-075_C1,2
TTGGTTCGCTCAAAGG-1_V12D07-075_C1,6
TTGTAAGGACCTAAGT-1_V12D07-075_C1,14
TTGTAAGGCCAGTTGG-1_V12D07-075_C1,2
TTGTAATCCGTACTCG-1_V12D07-075_C1,13
TTGTATCACACAGAAT-1_V12D07-075_C1,6
TTGTCGTTCAGTTACC-1_V12D07-075_C1,6
TTGTGAACCTAATCCG-1_V12D07-075_C1,18
TTGTGATCTGTTCAGT-1_V12D07-075_C1,18
TTGTGCAGCCACGTCA-1_V12D07-075_C1,9
TTGTGGCCCTGACAGT-1_V12D07-075_C1,6
TTGTGGTGGTACTAAG-1_V12D07-075_C1,18
TTGTGTATGCCACCAA-1_V12D07-075_C1,4
TTGTGTTTCCCGAAAG-1_V12D07-075_C1,13
TTGTTAGCAAATTCGA-1_V12D07-075_C1,4
TTGTTCAGTGTGCTAC-1_V12D07-075_C1,13
TTGTTCTAGATACGCT-1_V12D07-075_C1,13
TTGTTGTGTGTCAAGA-1_V12D07-075_C1,18
TTGTTTCACATCCAGG-1_V12D07-075_C1,14
TTGTTTCCATACAACT-1_V12D07-075_C1,14
TTGTTTGTGTAAATTC-1_V12D07-075_C1,6
AAACAAGTATCTCCCA-1_V13B23-285_A1,10
AAACAATCTACTAGCA-1_V13B23-285_A1,3
AAACACCAATAACTGC-1_V13B23-285_A1,11
AAACAGAGCGACTCCT-1_V13B23-285_A1,5
AAACAGCTTTCAGAAG-1_V13B23-285_A1,11
AAACAGGGTCTATATT-1_V13B23-285_A1,11
AAACATTTCCCGGATT-1_V13B23-285_A1,17
AAACCCGAACGAAATC-1_V13B23-285_A1,4
AAACCGGGTAGGTACC-1_V13B23-285_A1,11
AAACCGTTCGTCCAGG-1_V13B23-285_A1,11
AAACCTAAGCAGCCGG-1_V13B23-285_A1,1
AAACCTCATGAAGTTG-1_V13B23-285_A1,11
AAACGAAGAACATACC-1_V13B23-285_A1,9
AAACGAAGATGGAGTA-1_V13B23-285_A1,11
AAACGAGACGGTTGAT-1_V13B23-285_A1,11
AAACGGGCGTACGGGT-1_V13B23-285_A1,10
AAACGGGTTGGTATCC-1_V13B23-285_A1,2
AAACGGTTGCGAACTG-1_V13B23-285_A1,10
AAACTCGGTTCGCAAT-1_V13B23-285_A1,16
AAACTCGTGATATAAG-1_V13B23-285_A1,5
AAACTGCTGGCTCCAA-1_V13B23-285_A1,11
AAACTTGCAAACGTAT-1_V13B23-285_A1,11
AAAGAATGTGGACTAA-1_V13B23-285_A1,16
AAAGACCCAAGTCGCG-1_V13B23-285_A1,19
AAAGACTGGGCGCTTT-1_V13B23-285_A1,11
AAAGCTTGCCTACATA-1_V13B23-285_A1,5
AAAGGCTACGGACCAT-1_V13B23-285_A1,16
AAAGGCTCTCGCGCCG-1_V13B23-285_A1,11
AAAGGGATGTAGCAAG-1_V13B23-285_A1,11
AAAGGGCAGCTTGAAT-1_V13B23-285_A1,11
AAAGTAGCATTGCTCA-1_V13B23-285_A1,11
AAAGTCACTGATGTAA-1_V13B23-285_A1,8
AAAGTCGACCCTCAGT-1_V13B23-285_A1,11
AAAGTGTGATTTATCT-1_V13B23-285_A1,1
AAAGTTGACTCCCGTA-1_V13B23-285_A1,15
AAATAACCATACGGGA-1_V13B23-285_A1,18
AAATAAGGTAGTGCCC-1_V13B23-285_A1,10
AAATACCTATAAGCAT-1_V13B23-285_A1,11
AAATAGCTTAGACTTT-1_V13B23-285_A1,7
AAATAGGGTGCTATTG-1_V13B23-285_A1,7
AAATCCGATACACGCC-1_V13B23-285_A1,17
AAATCGCGGAAGGAGT-1_V13B23-285_A1,11
AAATCGTGTACCACAA-1_V13B23-285_A1,11
AAATCTAGCCCTGCTA-1_V13B23-285_A1,10
AAATGATTCGATCAGC-1_V13B23-285_A1,5
AAATGCTCGTTACGTT-1_V13B23-285_A1,3
AAATGGCATGTCTTGT-1_V13B23-285_A1,3
AAATGGCCCGTGCCCT-1_V13B23-285_A1,11
AAATGGTCAATGTGCC-1_V13B23-285_A1,12
AAATGTATCTTATCCC-1_V13B23-285_A1,11
AAATGTGGGTGCTCCT-1_V13B23-285_A1,9
AAATTAACGGGTAGCT-1_V13B23-285_A1,11
AAATTAATAAGCGCGA-1_V13B23-285_A1,11
AAATTACACGACTCTG-1_V13B23-285_A1,13
AAATTACCTATCGATG-1_V13B23-285_A1,5
AAATTCCAGGTCCAAA-1_V13B23-285_A1,10
AAATTGATAGTCCTTT-1_V13B23-285_A1,11
AAATTGCGGCGGTTCT-1_V13B23-285_A1,3
AAATTTGCGGGTGTGG-1_V13B23-285_A1,11
AACAACTGGTAGTTGC-1_V13B23-285_A1,11
AACAATACATTGTCGA-1_V13B23-285_A1,11
AACAATTACTCTACGC-1_V13B23-285_A1,11
AACACACGCTCGCCGC-1_V13B23-285_A1,8
AACACGACTGTACTGA-1_V13B23-285_A1,7
AACACGAGACGCGGCC-1_V13B23-285_A1,6
AACACGCGGCCGCGAA-1_V13B23-285_A1,12
AACAGCTGTGTGGCAA-1_V13B23-285_A1,16
AACAGGAAATCGAATA-1_V13B23-285_A1,16
AACAGGATGGGCCGCG-1_V13B23-285_A1,11
AACAGGTAGTATGGAT-1_V13B23-285_A1,10
AACATATCAACTGGTG-1_V13B23-285_A1,16
AACATTGGTCAGCCGT-1_V13B23-285_A1,2
AACATTGTGACTCGAG-1_V13B23-285_A1,11
AACCAAGACTTCTCTG-1_V13B23-285_A1,11
AACCATGGGATCGCTA-1_V13B23-285_A1,3
AACCCAGAGACGGAGA-1_V13B23-285_A1,3
AACCCATCCCATGATC-1_V13B23-285_A1,11
AACCCGAGCAGAATCG-1_V13B23-285_A1,1
AACCCTACTGTCAATA-1_V13B23-285_A1,16
AACCCTGGTGGAACCA-1_V13B23-285_A1,6
AACCGAGCTTGGTCAT-1_V13B23-285_A1,11
AACCGCTAAGGGATGC-1_V13B23-285_A1,15
AACCGTTGTGTTTGCT-1_V13B23-285_A1,13
AACCTCGCTTTAGCCC-1_V13B23-285_A1,1
AACCTGTCACGGAATT-1_V13B23-285_A1,15
AACCTTTAAATACGGT-1_V13B23-285_A1,10
AACCTTTACGACGTCT-1_V13B23-285_A1,7
AACGAAAGTCGTCCCA-1_V13B23-285_A1,19
AACGATAATGCCGTAG-1_V13B23-285_A1,16
AACGATAGAAGGGCCG-1_V13B23-285_A1,3
AACGATATGTCAACTG-1_V13B23-285_A1,11
AACGCATGATCTGGGT-1_V13B23-285_A1,18
AACGCGAACGGCAACA-1_V13B23-285_A1,3
AACGCGACCTTGGGCG-1_V13B23-285_A1,11
AACGCGGTCTCCAGCC-1_V13B23-285_A1,11
AACGCTGTTGCTGAAA-1_V13B23-285_A1,16
AACGGACGTACGTATA-1_V13B23-285_A1,8
AACGGCCATCTCCGGT-1_V13B23-285_A1,11
AACGTACTGTGGGTAC-1_V13B23-285_A1,11
AACGTAGTCTACCCAT-1_V13B23-285_A1,3
AACGTCAGACTAGTGG-1_V13B23-285_A1,11
AACGTCGCTGCACTTC-1_V13B23-285_A1,12
AACGTGATGAAGGACA-1_V13B23-285_A1,9
AACGTGCGAAAGTCTC-1_V13B23-285_A1,11
AACGTTATCAGCACCT-1_V13B23-285_A1,11
AACTACCCGTTTGTCA-1_V13B23-285_A1,10
AACTAGCGTATCGCAC-1_V13B23-285_A1,18
AACTAGGCTTGGGTGT-1_V13B23-285_A1,11
AACTCAAGTTAATTGC-1_V13B23-285_A1,11
AACTCCAGAGCGTGTT-1_V13B23-285_A1,19
AACTCCTAATCCCATG-1_V13B23-285_A1,9
AACTCGATAAACACGT-1_V13B23-285_A1,12
AACTCGATGGCGCAGT-1_V13B23-285_A1,3
AACTCTCAATAGAGCG-1_V13B23-285_A1,15
AACTCTCAGTGTGCTC-1_V13B23-285_A1,11
AACTGATATTAGGCCT-1_V13B23-285_A1,16
AACTGGGTCCCGACGT-1_V13B23-285_A1,11
AACTGGTGTGGGCCTT-1_V13B23-285_A1,16
AACTTCTGCGTCTATC-1_V13B23-285_A1,4
AACTTGCCCGTATGCA-1_V13B23-285_A1,11
AACTTGCGTTCTCGCG-1_V13B23-285_A1,3
AACTTTACGGGAGCTT-1_V13B23-285_A1,11
AACTTTAGCTGCTGAG-1_V13B23-285_A1,16
AAGAAGGATCAGTTAG-1_V13B23-285_A1,3
AAGACATACGTGGTTT-1_V13B23-285_A1,17
AAGACCCAACTGAACA-1_V13B23-285_A1,16
AAGACTAACCCGTTGT-1_V13B23-285_A1,15
AAGACTGCAAGCTACT-1_V13B23-285_A1,11
AAGAGATGAATCGGTA-1_V13B23-285_A1,11
AAGAGCTCTTTATCGG-1_V13B23-285_A1,11
AAGAGGATGTACGCGA-1_V13B23-285_A1,12
AAGAGGCATGGATCGC-1_V13B23-285_A1,11
AAGAGGCCCTTTGGAA-1_V13B23-285_A1,15
AAGATGGCACCGGACC-1_V13B23-285_A1,11
AAGATTGGCGGAACGT-1_V13B23-285_A1,11
AAGCACCCTGCGTATC-1_V13B23-285_A1,1
AAGCATACTCTCCTGA-1_V13B23-285_A1,10
AAGCCGAAGCGGTTTA-1_V13B23-285_A1,10
AAGCCGCCGTGAAATC-1_V13B23-285_A1,12
AAGCGCAGGGCTTTGA-1_V13B23-285_A1,17
AAGCGTCCCTCATCGA-1_V13B23-285_A1,16
AAGCTAGATCGAGTAA-1_V13B23-285_A1,11
AAGCTCGTGCCAAGTC-1_V13B23-285_A1,11
AAGCTCTTTCATGGTG-1_V13B23-285_A1,17
AAGGAGAACTTATAAG-1_V13B23-285_A1,4
AAGGAGCGGTTGGTGC-1_V13B23-285_A1,6
AAGGATCGATCGCTTG-1_V13B23-285_A1,16
AAGGATGAGGGACCTC-1_V13B23-285_A1,5
AAGGCAGGCTGTCTCC-1_V13B23-285_A1,10
AAGGCGCGTAAAGCTT-1_V13B23-285_A1,11
AAGGCTGTGCTCATCG-1_V13B23-285_A1,11
AAGGGAACGACTGGCT-1_V13B23-285_A1,16
AAGGGACAGATTCTGT-1_V13B23-285_A1,6
AAGGGACTATGCATTC-1_V13B23-285_A1,10
AAGGGTTTGATTTCAG-1_V13B23-285_A1,11
AAGGTATCCTAATATA-1_V13B23-285_A1,11
AAGGTGATAAACCAGC-1_V13B23-285_A1,10
AAGTAAGCTTCCAAAC-1_V13B23-285_A1,3
AAGTAGAAGACCGGGT-1_V13B23-285_A1,11
AAGTAGTGACGCGAGG-1_V13B23-285_A1,11
AAGTCAATTGTCGTCA-1_V13B23-285_A1,19
AAGTCTTCTGTGGCCT-1_V13B23-285_A1,11
AAGTGACGACCGAATT-1_V13B23-285_A1,11
AAGTGAGTCGGGTTTA-1_V13B23-285_A1,16
AAGTGCAAAGGTAGAC-1_V13B23-285_A1,11
AAGTGCCTTGACTGTA-1_V13B23-285_A1,10
AAGTGCGTTAGAATCT-1_V13B23-285_A1,11
AAGTGTTTGGAGACGG-1_V13B23-285_A1,16
AAGTTCACTCCAAGCT-1_V13B23-285_A1,7
AAGTTCAGTCTGCGTA-1_V13B23-285_A1,9
AAGTTCGGCCAACAGG-1_V13B23-285_A1,11
AAGTTGTGATGTTATA-1_V13B23-285_A1,16
AAGTTTACTAATGGCA-1_V13B23-285_A1,2
AAGTTTATGGGCCCAA-1_V13B23-285_A1,17
AATAACAACGCTCGGC-1_V13B23-285_A1,11
AATAACACTAGAACAA-1_V13B23-285_A1,11
AATAAGTCCTCGAGAC-1_V13B23-285_A1,9
AATAATCTTCGTATCG-1_V13B23-285_A1,1
AATACAATGTTTCAGG-1_V13B23-285_A1,11
AATAGAACAGAGTGGC-1_V13B23-285_A1,11
AATAGAATCTGTTTCA-1_V13B23-285_A1,10
AATAGCTACCGCGTGC-1_V13B23-285_A1,9
AATAGTCCGTCCCGAC-1_V13B23-285_A1,11
AATAGTCGCGAGTCGG-1_V13B23-285_A1,11
AATATCAAGGTCGGAT-1_V13B23-285_A1,3
AATATCCTAGCAAACT-1_V13B23-285_A1,11
AATATCGAATCAATGC-1_V13B23-285_A1,10
AATATCGAGGGTTCTC-1_V13B23-285_A1,1
AATATTGGAGTATTGA-1_V13B23-285_A1,11
AATCAGACTGCAGGAC-1_V13B23-285_A1,19
AATCATGTAAAGACTC-1_V13B23-285_A1,10
AATCCAAGGGCCTGAG-1_V13B23-285_A1,1
AATCCATGCAAGGGTG-1_V13B23-285_A1,3
AATCGCCTCAGCGCCA-1_V13B23-285_A1,11
AATCGCGCAGAGGACT-1_V13B23-285_A1,10
AATCGGGACACTACGA-1_V13B23-285_A1,17
AATCGGTATAGCCCTC-1_V13B23-285_A1,16
AATCGTGAGCCGAGCA-1_V13B23-285_A1,16
AATCTAGGTTTACTTG-1_V13B23-285_A1,11
AATCTATGCCGGAGCC-1_V13B23-285_A1,3
AATCTCTACTGTGGTT-1_V13B23-285_A1,11
AATCTGCGTTGGGACG-1_V13B23-285_A1,15
AATCTGGCTTTCTAGT-1_V13B23-285_A1,11
AATGACAGCAATGTCT-1_V13B23-285_A1,11
AATGACGTAGGATGTC-1_V13B23-285_A1,11
AATGACTGTCAGCCGG-1_V13B23-285_A1,11
AATGAGTTCGCATATG-1_V13B23-285_A1,3
AATGATGATACGCTAT-1_V13B23-285_A1,5
AATGATGCGACTCCTG-1_V13B23-285_A1,17
AATGCAACCGGGTACC-1_V13B23-285_A1,11
AATGCACCAAGCAATG-1_V13B23-285_A1,18
AATGGTCCACCGTTCA-1_V13B23-285_A1,11
AATGGTTCTCACAAGC-1_V13B23-285_A1,17
AATGTGCCCGAGGTGT-1_V13B23-285_A1,16
AATGTTGTCGTGAGAC-1_V13B23-285_A1,8
AATTAAAGGTCGGCGT-1_V13B23-285_A1,11
AATTAACGGATTTCCA-1_V13B23-285_A1,11
AATTACGAGACCCATC-1_V13B23-285_A1,11
AATTACTCGTACGCTC-1_V13B23-285_A1,3
AATTAGCGCTGCAGCG-1_V13B23-285_A1,11
AATTCATAAGGGATCT-1_V13B23-285_A1,5
AATTCCAAGCATGTAC-1_V13B23-285_A1,15
AATTCGATTCGAGGAT-1_V13B23-285_A1,15
AATTCTAGAGTTAGGC-1_V13B23-285_A1,12
AATTGAACGCTCTGGT-1_V13B23-285_A1,11
AATTGCAGCAATCGAC-1_V13B23-285_A1,7
AATTGTGGTTGCCAAA-1_V13B23-285_A1,7
AATTTGGGACATAGTA-1_V13B23-285_A1,9
AATTTGGTTCCAAAGA-1_V13B23-285_A1,14
ACAAAGAAGGTAGGCC-1_V13B23-285_A1,11
ACAAAGCATGACCTAG-1_V13B23-285_A1,10
ACAAATCGCACCGAAT-1_V13B23-285_A1,4
ACAAATGGTAGTGTTT-1_V13B23-285_A1,11
ACAACAGCATGAGCTA-1_V13B23-285_A1,12
ACAACGGTCCCTGCGA-1_V13B23-285_A1,11
ACAAGCAGTGCCTAGC-1_V13B23-285_A1,11
ACAAGCTATATGGAAG-1_V13B23-285_A1,11
ACAAGGAAATCCGCCC-1_V13B23-285_A1,10
ACAAGGACAAGAGGTT-1_V13B23-285_A1,11
ACAAGGATGCTTTAGG-1_V13B23-285_A1,2
ACAAGGGCAGGCTCTG-1_V13B23-285_A1,10
ACAATAGTCGTACGTT-1_V13B23-285_A1,11
ACAATCCATTTAAACC-1_V13B23-285_A1,11
ACAATGAATACGGAGA-1_V13B23-285_A1,11
ACAATTGTGTCTCTTT-1_V13B23-285_A1,8
ACAATTTAGGAGGCTC-1_V13B23-285_A1,11
ACAATTTGAGCAGTGG-1_V13B23-285_A1,11
ACAATTTGGCCATATT-1_V13B23-285_A1,10
ACACAAAGACGGGTGG-1_V13B23-285_A1,11
ACACACCAGGACCAGT-1_V13B23-285_A1,10
ACACACTTTCTACACG-1_V13B23-285_A1,19
ACACATGATCAAATCT-1_V13B23-285_A1,17
ACACATTGACGCAACA-1_V13B23-285_A1,14
ACACCACATAATTAGC-1_V13B23-285_A1,10
ACACCCAGCATGCAGC-1_V13B23-285_A1,11
ACACCCGAGAAATCCG-1_V13B23-285_A1,16
ACACCGAGCGCTCTTT-1_V13B23-285_A1,16
ACACCTTAAGTAGGGC-1_V13B23-285_A1,11
ACACCTTACTACTTGC-1_V13B23-285_A1,10
ACACGAGACTCCTTCT-1_V13B23-285_A1,11
ACACGGCACTATGCAT-1_V13B23-285_A1,9
ACACGGGAACTTAGGG-1_V13B23-285_A1,11
ACACGTAGGCCACAAG-1_V13B23-285_A1,19
ACACTCCAATGTCACT-1_V13B23-285_A1,3
ACACTGATCAAGGTGT-1_V13B23-285_A1,11
ACACTGGGACAGTCGT-1_V13B23-285_A1,17
ACAGAACTGAGAACAA-1_V13B23-285_A1,11
ACAGATTAGGTTAGTG-1_V13B23-285_A1,13
ACAGCATAGAGCCAGT-1_V13B23-285_A1,1
ACAGCGACATTCTCAT-1_V13B23-285_A1,16
ACAGCGCACCCGCAGC-1_V13B23-285_A1,9
ACAGGCACGGATCCTT-1_V13B23-285_A1,7
ACAGGCTTGCCCGACT-1_V13B23-285_A1,16
ACAGGTGGAGGTGAGG-1_V13B23-285_A1,6
ACAGGTGTGTTGTTGC-1_V13B23-285_A1,11
ACAGTAATACAACTTG-1_V13B23-285_A1,11
ACATAAGTCGTGGTGA-1_V13B23-285_A1,7
ACATAATAAGGCGGTG-1_V13B23-285_A1,11
ACATCAGCTGGGACGC-1_V13B23-285_A1,11
ACATCCCGGCCATACG-1_V13B23-285_A1,11
ACATCCTGGTAACTGT-1_V13B23-285_A1,10
ACATCGATCGTTTACC-1_V13B23-285_A1,11
ACATCGGTCAGCCGCG-1_V13B23-285_A1,11
ACATCGTATGCAATGG-1_V13B23-285_A1,11
ACATCGTTAACCTAGT-1_V13B23-285_A1,9
ACATGGCGCCAAAGTA-1_V13B23-285_A1,10
ACATGGCTCAATTTAG-1_V13B23-285_A1,8
ACATTAGTTTATATCC-1_V13B23-285_A1,11
ACCAACACCACACACT-1_V13B23-285_A1,9
ACCAACCGCACTCCAC-1_V13B23-285_A1,10
ACCAACGCTTATTTAT-1_V13B23-285_A1,11
ACCAAGAACGCGTGTC-1_V13B23-285_A1,16
ACCAAGTCATCGGCAG-1_V13B23-285_A1,1
ACCAATATGCAAGTTA-1_V13B23-285_A1,10
ACCACAAGTTTCTATC-1_V13B23-285_A1,11
ACCACCAATGTAACAA-1_V13B23-285_A1,10
ACCACCCTCTCTTCTA-1_V13B23-285_A1,5
ACCACGTGCAGCTATA-1_V13B23-285_A1,4
ACCACTGTTCAAGAAG-1_V13B23-285_A1,14
ACCAGACCATAACAAC-1_V13B23-285_A1,11
ACCAGGAGTGTGATCT-1_V13B23-285_A1,5
ACCAGTGCGGGAGACG-1_V13B23-285_A1,1
ACCATATCCGCAATAA-1_V13B23-285_A1,11
ACCATCCGCCAACTAG-1_V13B23-285_A1,11
ACCATCGTATATGGTA-1_V13B23-285_A1,6
ACCATTAAGGGTGTCA-1_V13B23-285_A1,1
ACCCAACGCCCGTGGC-1_V13B23-285_A1,11
ACCCACCTACATGCTC-1_V13B23-285_A1,11
ACCCATCTTGAGGGTA-1_V13B23-285_A1,11
ACCCATTTGTCCCTCT-1_V13B23-285_A1,15
ACCCGAGCGAAATTAC-1_V13B23-285_A1,11
ACCCGGAAACTCCCAG-1_V13B23-285_A1,11
ACCCGGATGACGCATC-1_V13B23-285_A1,16
ACCCGGTTACACTTCC-1_V13B23-285_A1,11
ACCCGTGTCATCAGTA-1_V13B23-285_A1,16
ACCCTATAGGACTGAG-1_V13B23-285_A1,3
ACCCTATGCCATATCG-1_V13B23-285_A1,11
ACCCTCCCGTCAGGGC-1_V13B23-285_A1,15
ACCCTCCCTTGCTATT-1_V13B23-285_A1,6
ACCCTGGTAACGCCCT-1_V13B23-285_A1,9
ACCCTTCATCTGCGAA-1_V13B23-285_A1,15
ACCGAAAGGGCCCTGC-1_V13B23-285_A1,4
ACCGAAGAGTCTGGTT-1_V13B23-285_A1,16
ACCGACACATCTCCCA-1_V13B23-285_A1,11
ACCGACTGAGTCCCAC-1_V13B23-285_A1,11
ACCGAGTCTCCTTATT-1_V13B23-285_A1,16
ACCGATAGGCATAACC-1_V13B23-285_A1,1
ACCGATATTTAATCAT-1_V13B23-285_A1,15
ACCGATGGTAGCATCG-1_V13B23-285_A1,11
ACCGCAATAACTGCCT-1_V13B23-285_A1,16
ACCGCGGTGGAAGTCG-1_V13B23-285_A1,10
ACCGGGCCTTTGTTGA-1_V13B23-285_A1,1
ACCGGTCAGGTACACC-1_V13B23-285_A1,6
ACCGTGACCACGTGGG-1_V13B23-285_A1,11
ACCGTTCCCGCTCTGA-1_V13B23-285_A1,9
ACCTAAGTACCTTTCA-1_V13B23-285_A1,11
ACCTAATCGACTTCCT-1_V13B23-285_A1,11
ACCTACAGTATGTGGT-1_V13B23-285_A1,10
ACCTACTATAAATCTA-1_V13B23-285_A1,16
ACCTCCGCCCTCGCTG-1_V13B23-285_A1,16
ACCTCCGTTATTCACC-1_V13B23-285_A1,10
ACCTGCGTGTCATGTT-1_V13B23-285_A1,11
ACGAAATGGGCGGCAC-1_V13B23-285_A1,11
ACGACTGGTCATACTC-1_V13B23-285_A1,19
ACGAGAACCCATCACG-1_V13B23-285_A1,3
ACGAGATATTTGCTTA-1_V13B23-285_A1,9
ACGAGGATACCACTCT-1_V13B23-285_A1,11
ACGAGGTTTACAACGT-1_V13B23-285_A1,8
ACGAGTACGGATGCCC-1_V13B23-285_A1,1
ACGATACATAGAACTA-1_V13B23-285_A1,11
ACGATACCTATCCTGA-1_V13B23-285_A1,11
ACGATCATACATAGAG-1_V13B23-285_A1,11
ACGATCATCTTGTAAA-1_V13B23-285_A1,10
ACGATGCATATGTTAT-1_V13B23-285_A1,11
ACGATGGATCCGATGC-1_V13B23-285_A1,12
ACGCAAACTAATAGAT-1_V13B23-285_A1,11
ACGCAATCACTACAGC-1_V13B23-285_A1,16
ACGCATACGTTTACTA-1_V13B23-285_A1,10
ACGCATTCGTGAGTAC-1_V13B23-285_A1,11
ACGCCAGATGATTTCT-1_V13B23-285_A1,7
ACGCCGCTAGACGACC-1_V13B23-285_A1,11
ACGCGAAGTCAGACGA-1_V13B23-285_A1,11
ACGCGCTACACAGGGT-1_V13B23-285_A1,11
ACGCGGGCCAAGGACA-1_V13B23-285_A1,11
ACGCGTTTCTTAAGAG-1_V13B23-285_A1,11
ACGCTAGTGATACACT-1_V13B23-285_A1,10
ACGCTGTGAGGCGTAG-1_V13B23-285_A1,11
ACGGAATTTAGCAAAT-1_V13B23-285_A1,3
ACGGACTCTCAAAGCG-1_V13B23-285_A1,15
ACGGATGGTGCGGATA-1_V13B23-285_A1,1
ACGGCACTTGCTTGGG-1_V13B23-285_A1,11
ACGGCCAACATGGACT-1_V13B23-285_A1,11
ACGGCGACGATGGGAA-1_V13B23-285_A1,10
ACGGCGGGTTGCCCTG-1_V13B23-285_A1,3
ACGGCTGGATGTAGAA-1_V13B23-285_A1,11
ACGGGAGTGTCGGCCC-1_V13B23-285_A1,11
ACGGGCGTATGCGACA-1_V13B23-285_A1,5
ACGGGTCATGTGACTT-1_V13B23-285_A1,8
ACGGTACAGTTCAATG-1_V13B23-285_A1,12
ACGTACAGATTTCTCT-1_V13B23-285_A1,14
ACGTAGATTGCTGATG-1_V13B23-285_A1,11
ACGTAGGAGAGTCGCT-1_V13B23-285_A1,1
ACGTATTACTCCGATC-1_V13B23-285_A1,15
ACGTCTCGTTCCGGGA-1_V13B23-285_A1,11
ACGTGACAAAGTAAGT-1_V13B23-285_A1,11
ACGTGCGCCTCGTGCA-1_V13B23-285_A1,16
ACGTTAATGTCGAAGA-1_V13B23-285_A1,11
ACGTTAGATTTGCCCG-1_V13B23-285_A1,11
ACGTTATTGGTCACTC-1_V13B23-285_A1,16
ACGTTCCGCGCTCCGT-1_V13B23-285_A1,18
ACGTTCGCAATCAATT-1_V13B23-285_A1,10
ACGTTCGTTCAGGAAA-1_V13B23-285_A1,15
ACGTTCTGTACAAGTC-1_V13B23-285_A1,16
ACGTTTAGTTGTGATC-1_V13B23-285_A1,17
ACTACATCCCGACAAG-1_V13B23-285_A1,18
ACTACCAGCTCTCTGG-1_V13B23-285_A1,11
ACTACGCGTTAGAATT-1_V13B23-285_A1,16
ACTAGTTGCGATCGTC-1_V13B23-285_A1,1
ACTATCCAGGGCATGG-1_V13B23-285_A1,7
ACTATCGCCGGCTAAA-1_V13B23-285_A1,17
ACTATCTGCCCGCGTA-1_V13B23-285_A1,15
ACTATGTCCAGCTGCC-1_V13B23-285_A1,16
ACTATTCGTCCGTGGT-1_V13B23-285_A1,15
ACTATTTCCGGGCCCA-1_V13B23-285_A1,11
ACTCAACGAATGTATT-1_V13B23-285_A1,3
ACTCAAGTGCAAGGCT-1_V13B23-285_A1,8
ACTCAATAAAGGCACG-1_V13B23-285_A1,11
ACTCAGACCTGCTTCT-1_V13B23-285_A1,3
ACTCCAATATCATCAT-1_V13B23-285_A1,17
ACTCCCATTCCTAAAG-1_V13B23-285_A1,11
ACTCCCGAATTCGTTT-1_V13B23-285_A1,15
ACTCCCTAATGCTAAA-1_V13B23-285_A1,16
ACTCCCTAGAATAGTA-1_V13B23-285_A1,11
ACTCCGGCCGACCACT-1_V13B23-285_A1,16
ACTCGATGTATTTCAT-1_V13B23-285_A1,11
ACTCGCCGTTCGATAA-1_V13B23-285_A1,1
ACTCGCGATCTGACGC-1_V13B23-285_A1,10
ACTCGTAACCCGTCCT-1_V13B23-285_A1,11
ACTCGTCAGTAATCCC-1_V13B23-285_A1,11
ACTCTAAACCTGGGAT-1_V13B23-285_A1,11
ACTCTCTGACTTAGGT-1_V13B23-285_A1,11
ACTCTCTTATACACGA-1_V13B23-285_A1,9
ACTCTGACCTAATAGA-1_V13B23-285_A1,17
ACTCTTGTATAGTAAC-1_V13B23-285_A1,11
ACTGAAACGCCGTTAG-1_V13B23-285_A1,16
ACTGAATGGCGAAAGT-1_V13B23-285_A1,11
ACTGCCGTCGTAACTC-1_V13B23-285_A1,15
ACTGCGGACACACCGT-1_V13B23-285_A1,15
ACTGCTCGGAAGGATG-1_V13B23-285_A1,11
ACTGTACGATACACAT-1_V13B23-285_A1,12
ACTGTAGCACTTTGGA-1_V13B23-285_A1,11
ACTGTATACGCGAGCA-1_V13B23-285_A1,3
ACTGTCCAGGATTATA-1_V13B23-285_A1,11
ACTGTCTTCTTTAGAA-1_V13B23-285_A1,11
ACTGTGCTAGTAGATC-1_V13B23-285_A1,3
ACTGTTTAGTGTAGGC-1_V13B23-285_A1,14
ACTTACGCATCCACGC-1_V13B23-285_A1,15
ACTTAGTACGACAAGA-1_V13B23-285_A1,3
ACTTATACTTACCCGG-1_V13B23-285_A1,10
ACTTATCTGATCTATA-1_V13B23-285_A1,3
ACTTATTAGGATCGGT-1_V13B23-285_A1,11
ACTTATTTATGTGCCA-1_V13B23-285_A1,10
ACTTCAGGCTGATCCC-1_V13B23-285_A1,16
ACTTCCAGTGGAAGCT-1_V13B23-285_A1,11
ACTTCCATGCGGGACA-1_V13B23-285_A1,7
ACTTCGCCATACGCAC-1_V13B23-285_A1,11
ACTTGACTCCCTCTTT-1_V13B23-285_A1,11
ACTTGCCATATTGTAC-1_V13B23-285_A1,5
ACTTGGGACCCGGTGG-1_V13B23-285_A1,11
ACTTGTAGTCCCTTCA-1_V13B23-285_A1,11
ACTTGTGGATGGAACG-1_V13B23-285_A1,1
ACTTTACCCTCATGAA-1_V13B23-285_A1,10
ACTTTCCTATAGCTTC-1_V13B23-285_A1,11
ACTTTGACTGCATCCT-1_V13B23-285_A1,11
ACTTTGGTCGTGCTCC-1_V13B23-285_A1,11
ACTTTGTCGACGCACT-1_V13B23-285_A1,17
AGAAATTATGACTCGC-1_V13B23-285_A1,19
AGAACCCAGCGTGACA-1_V13B23-285_A1,10
AGAACCCTCAATTGGG-1_V13B23-285_A1,11
AGAACGTGGTACATTC-1_V13B23-285_A1,11
AGAAGAGCGCCGTTCC-1_V13B23-285_A1,15
AGAAGGTACACTTCAC-1_V13B23-285_A1,6
AGAAGGTTGCCGAATT-1_V13B23-285_A1,6
AGAAGGTTGTAGGTCG-1_V13B23-285_A1,8
AGAAGTGATTCGTGAT-1_V13B23-285_A1,11
AGAATAAATCTTCAGG-1_V13B23-285_A1,11
AGAATTATGGATTCGA-1_V13B23-285_A1,16
AGAATTGTTTGACATA-1_V13B23-285_A1,3
AGACAGCTCAGAATCC-1_V13B23-285_A1,11
AGACATAGATCCTTCC-1_V13B23-285_A1,16
AGACCAAACCACACCT-1_V13B23-285_A1,11
AGACCATGGGATACAA-1_V13B23-285_A1,11
AGACCCACCGCTGATC-1_V13B23-285_A1,6
AGACCCGCCCTCCTCG-1_V13B23-285_A1,11
AGACCGCTCCGCGGTT-1_V13B23-285_A1,1
AGACGAAGTGCCGGTC-1_V13B23-285_A1,15
AGACGACGATGCCGCT-1_V13B23-285_A1,16
AGACGCCCACTTCGCC-1_V13B23-285_A1,17
AGACTAGCCTTCCAGA-1_V13B23-285_A1,11
AGACTGTTACCGGGTC-1_V13B23-285_A1,11
AGAGAACCGTCTAGGA-1_V13B23-285_A1,6
AGAGAAGGAGTACAAT-1_V13B23-285_A1,16
AGAGATCTCTAAAGCG-1_V13B23-285_A1,11
AGAGCAGTTATGAGAC-1_V13B23-285_A1,11
AGAGCCGCCGAGATTT-1_V13B23-285_A1,8
AGAGCGGGCTAATCAT-1_V13B23-285_A1,16
AGAGCGTACAAGCTCG-1_V13B23-285_A1,11
AGAGCTACGAAAGCAT-1_V13B23-285_A1,8
AGAGGCTTCGGAAACC-1_V13B23-285_A1,10
AGAGGTATCTCGGTCC-1_V13B23-285_A1,13
AGAGTAAACTTCACTA-1_V13B23-285_A1,10
AGAGTATAGTGTTACG-1_V13B23-285_A1,19
AGATAACTTCAGGGCC-1_V13B23-285_A1,11
AGATACCAATAGAACC-1_V13B23-285_A1,1
AGATACCGGTGTTCAC-1_V13B23-285_A1,11
AGATACGACTTCATAT-1_V13B23-285_A1,3
AGATACTCAAGATCGA-1_V13B23-285_A1,11
AGATATAATACGACTA-1_V13B23-285_A1,7
AGATCGTGCATAAGAT-1_V13B23-285_A1,5
AGATCTCAGGTGTGAT-1_V13B23-285_A1,7
AGATGACTCGCCCACG-1_V13B23-285_A1,11
AGATGAGGGTTGCGAT-1_V13B23-285_A1,9
AGATGATGGAGTCTGG-1_V13B23-285_A1,17
AGATGCAAGACGTGCA-1_V13B23-285_A1,11
AGATGCATCCTGTGTC-1_V13B23-285_A1,11
AGATGCTATAACGAGC-1_V13B23-285_A1,14
AGATTATAGGACGTTT-1_V13B23-285_A1,11
AGATTCACAACCGATA-1_V13B23-285_A1,11
AGCAAAGGCCGCTAGT-1_V13B23-285_A1,16
AGCAACATATCTTATT-1_V13B23-285_A1,7
AGCAACCGAAAGTAAT-1_V13B23-285_A1,11
AGCACCAGTACTCACG-1_V13B23-285_A1,11
AGCACTACCGGCCTGT-1_V13B23-285_A1,11
AGCACTACCTCACCAG-1_V13B23-285_A1,15
AGCACTTAAGGACGCC-1_V13B23-285_A1,11
AGCAGAAGGAGAAAGA-1_V13B23-285_A1,16
AGCAGCCAGATGAATA-1_V13B23-285_A1,11
AGCATATCAATATGCT-1_V13B23-285_A1,8
AGCATCATTTCGAAAG-1_V13B23-285_A1,11
AGCATCGTCGATAATT-1_V13B23-285_A1,11
AGCATTACGAGGCAAG-1_V13B23-285_A1,11
AGCCAAGCTTTGTGTC-1_V13B23-285_A1,11
AGCCACAGGTTACCCG-1_V13B23-285_A1,17
AGCCACTCCCGTGCTT-1_V13B23-285_A1,10
AGCCATATAGTATGTG-1_V13B23-285_A1,5
AGCCCATACATGTAAG-1_V13B23-285_A1,11
AGCCCGCAACAAGCAG-1_V13B23-285_A1,11
AGCCCGCACTACAATG-1_V13B23-285_A1,1
AGCCCGGCATTAGAGG-1_V13B23-285_A1,15
AGCCCGGTAGCCTGTA-1_V13B23-285_A1,16
AGCCCTAAGCGAAGTT-1_V13B23-285_A1,8
AGCCCTGTCGCACCGT-1_V13B23-285_A1,10
AGCCCTTCTAATCCGA-1_V13B23-285_A1,9
AGCCCTTGGACATCCC-1_V13B23-285_A1,19
AGCCGCTTGATTAGCG-1_V13B23-285_A1,17
AGCCGTGGCTAAATGT-1_V13B23-285_A1,11
AGCCTAATACCCACGT-1_V13B23-285_A1,11
AGCCTTAAAGCGGAAG-1_V13B23-285_A1,11
AGCGACAGGAACGGTC-1_V13B23-285_A1,11
AGCGACATCCCATTCA-1_V13B23-285_A1,16
AGCGACCAACGATATT-1_V13B23-285_A1,11
AGCGATGCGCCTAATA-1_V13B23-285_A1,1
AGCGCATAATGAATCG-1_V13B23-285_A1,11
AGCGCGGGTGCCAATG-1_V13B23-285_A1,6
AGCGCTAGAGCGATGT-1_V13B23-285_A1,10
AGCGGACACTTCGTAG-1_V13B23-285_A1,11
AGCGGCGGTTAGCGGT-1_V13B23-285_A1,11
AGCGGGAAGGGTCCAT-1_V13B23-285_A1,3
AGCGGGTCTGACACTC-1_V13B23-285_A1,15
AGCGTACGAGAGCTAG-1_V13B23-285_A1,3
AGCGTAGCGCTAGACC-1_V13B23-285_A1,12
AGCGTCTGAACCCGCA-1_V13B23-285_A1,3
AGCGTGGTATTCTACT-1_V13B23-285_A1,11
AGCTAACAAGCAATGT-1_V13B23-285_A1,11
AGCTAAGTACGCAGGC-1_V13B23-285_A1,16
AGCTAGAAGCAGAAGT-1_V13B23-285_A1,7
AGCTATTTAATCCAAC-1_V13B23-285_A1,7
AGCTCCATATATGTTC-1_V13B23-285_A1,19
AGCTCCTTCGCACATC-1_V13B23-285_A1,16
AGCTCTAGACGTTCCA-1_V13B23-285_A1,11
AGCTCTTCCCAGTGCA-1_V13B23-285_A1,17
AGCTCTTCGTAACCTT-1_V13B23-285_A1,7
AGCTCTTTACTCAGTT-1_V13B23-285_A1,11
AGCTGAAGTAAACCAA-1_V13B23-285_A1,6
AGCTGTAACCTCAATC-1_V13B23-285_A1,11
AGCTTATAGAGACCTG-1_V13B23-285_A1,3
AGCTTCTTCTCGAGCA-1_V13B23-285_A1,1
AGCTTGATCTTAACTT-1_V13B23-285_A1,11
AGGAAAGCCTCTGATG-1_V13B23-285_A1,16
AGGAAGCTGTCCGCCG-1_V13B23-285_A1,11
AGGACAGTCGAATCCC-1_V13B23-285_A1,11
AGGACATCGCACGTCG-1_V13B23-285_A1,1
AGGACGACCCATTAGA-1_V13B23-285_A1,11
AGGACGCTCGATGTTG-1_V13B23-285_A1,5
AGGACTTATAGGAGAA-1_V13B23-285_A1,5
AGGAGACATCCACAGT-1_V13B23-285_A1,5
AGGAGGCCTTCGCGCG-1_V13B23-285_A1,19
AGGATAAAGTCGGGAT-1_V13B23-285_A1,10
AGGATATAGGGATTTA-1_V13B23-285_A1,16
AGGATCACGCGATCTG-1_V13B23-285_A1,11
AGGATTGCTTACGACA-1_V13B23-285_A1,16
AGGCAAAGAGGAATCA-1_V13B23-285_A1,3
AGGCACGTGACTGTCC-1_V13B23-285_A1,19
AGGCAGATGCGTAAAC-1_V13B23-285_A1,5
AGGCAGGGAGCGTACT-1_V13B23-285_A1,15
AGGCATTGTCGTAGGG-1_V13B23-285_A1,7
AGGCCACATTGGTTAC-1_V13B23-285_A1,17
AGGCCACCCGTTATGA-1_V13B23-285_A1,11
AGGCCCAGTGACTGGT-1_V13B23-285_A1,1
AGGCCCATTGTACAGG-1_V13B23-285_A1,15
AGGCCCTAGAACGCCA-1_V13B23-285_A1,11
AGGCGGTTTGTCCCGC-1_V13B23-285_A1,11
AGGCTATGGTTAGCTT-1_V13B23-285_A1,11
AGGCTTCCCGAAGAAG-1_V13B23-285_A1,11
AGGCTTGCTAGACACC-1_V13B23-285_A1,11
AGGGAAACGAGGTACT-1_V13B23-285_A1,9
AGGGACAGCACGGCGG-1_V13B23-285_A1,3
AGGGACCGGCTGCGTT-1_V13B23-285_A1,10
AGGGACTCTACGCGAC-1_V13B23-285_A1,11
AGGGAGACATACTTCG-1_V13B23-285_A1,3
AGGGCAGCGGCGTGGT-1_V13B23-285_A1,9
AGGGCGAGCAGCTGAT-1_V13B23-285_A1,11
AGGGCGTGATCGGCTA-1_V13B23-285_A1,16
AGGGCTGCAGTTACAG-1_V13B23-285_A1,11
AGGGTCGATGCGAACT-1_V13B23-285_A1,10
AGGGTGCCGTTCTTTA-1_V13B23-285_A1,11
AGGGTGCTCTCGAGGG-1_V13B23-285_A1,7
AGGGTGGATAGTGCAT-1_V13B23-285_A1,11
AGGGTTCCCTTTGGTT-1_V13B23-285_A1,16
AGGGTTTAGTTCGGGA-1_V13B23-285_A1,11
AGGTAACCTCCTATTC-1_V13B23-285_A1,3
AGGTACGATATTGCCA-1_V13B23-285_A1,2
AGGTAGATCGAGATAT-1_V13B23-285_A1,16
AGGTAGGTACAAAGCT-1_V13B23-285_A1,11
AGGTATAATTGATAGT-1_V13B23-285_A1,10
AGGTATGCGGACATTA-1_V13B23-285_A1,7
AGGTCAGGTGAGAGTG-1_V13B23-285_A1,11
AGGTCGCCACTTCGGT-1_V13B23-285_A1,1
AGGTCGCCTCCCAACA-1_V13B23-285_A1,12
AGGTCGCGGAGTTACT-1_V13B23-285_A1,16
AGGTGCACGTCCACAT-1_V13B23-285_A1,1
AGGTGGTGACCTTCGC-1_V13B23-285_A1,11
AGGTGTATCGCCATGA-1_V13B23-285_A1,11
AGGTTACACCATGCCG-1_V13B23-285_A1,10
AGGTTGAGGCACGCTT-1_V13B23-285_A1,11
AGGTTTCACACACCTT-1_V13B23-285_A1,11
AGTAACTATAGCAGCC-1_V13B23-285_A1,16
AGTAATGTCTTGCCGC-1_V13B23-285_A1,15
AGTACAGAAGCTTATA-1_V13B23-285_A1,16
AGTACATCATTTATCA-1_V13B23-285_A1,15
AGTACGGCCCGTATCG-1_V13B23-285_A1,11
AGTACGGGCACCTGGC-1_V13B23-285_A1,11
AGTACTCTTATGCCCA-1_V13B23-285_A1,1
AGTAGAAGGCGCCTCA-1_V13B23-285_A1,17
AGTAGGAAGGAAGTTG-1_V13B23-285_A1,14
AGTAGGTAACATACAT-1_V13B23-285_A1,16
AGTATAATACTAGGCA-1_V13B23-285_A1,11
AGTATACACAGCGACA-1_V13B23-285_A1,11
AGTATCCATAATAACG-1_V13B23-285_A1,12
AGTATGCTGGAGACCA-1_V13B23-285_A1,11
AGTATTTGGCACGACC-1_V13B23-285_A1,16
AGTCAACACCACCATC-1_V13B23-285_A1,11
AGTCAAGATGACACTT-1_V13B23-285_A1,15
AGTCACTAGCTCTCGA-1_V13B23-285_A1,10
AGTCACTCCGCCTCAT-1_V13B23-285_A1,3
AGTCAGCCACCGCCTG-1_V13B23-285_A1,3
AGTCCAGCGGGTACGT-1_V13B23-285_A1,18
AGTCCATTGGCTGATG-1_V13B23-285_A1,15
AGTCCCGCCTTTAATT-1_V13B23-285_A1,7
AGTCCCTCGCAGAAAG-1_V13B23-285_A1,5
AGTCGACGGTCTCAAG-1_V13B23-285_A1,10
AGTCGGCCCAAACGAC-1_V13B23-285_A1,11
AGTCGGCTCAACTTTA-1_V13B23-285_A1,11
AGTCGGTTGCGTGAGA-1_V13B23-285_A1,10
AGTCGTATAAAGCAGA-1_V13B23-285_A1,16
AGTCGTCGACCACCAA-1_V13B23-285_A1,16
AGTCGTGGGCATTACG-1_V13B23-285_A1,11
AGTCTAAAGTATACTC-1_V13B23-285_A1,15
AGTCTCACAAGACTAC-1_V13B23-285_A1,15
AGTCTGGACATCCTTG-1_V13B23-285_A1,4
AGTCTTCTCCTCAAAT-1_V13B23-285_A1,11
AGTCTTTAAAGTGTCC-1_V13B23-285_A1,16
AGTGAACAAACTTCTC-1_V13B23-285_A1,10
AGTGAAGATGGTGTCC-1_V13B23-285_A1,5
AGTGACCTACTTTACG-1_V13B23-285_A1,11
AGTGAGACTTCCAGTA-1_V13B23-285_A1,15
AGTGAGCCTCGCCGCC-1_V13B23-285_A1,15
AGTGAGTCGAATTAAC-1_V13B23-285_A1,17
AGTGATAACCTGCGCG-1_V13B23-285_A1,15
AGTGATATGAGTAGTT-1_V13B23-285_A1,6
AGTGATTCAAGCAGGA-1_V13B23-285_A1,16
AGTGCACGCTTAAGAA-1_V13B23-285_A1,16
AGTGCGTAGCTCGTAA-1_V13B23-285_A1,6
AGTGCTAAACACAGCA-1_V13B23-285_A1,7
AGTGCTTGCACGAATA-1_V13B23-285_A1,11
AGTGGCGGCAATTTGA-1_V13B23-285_A1,5
AGTGGCGTCTGAAGGT-1_V13B23-285_A1,1
AGTGGCTCCGTCGGCC-1_V13B23-285_A1,11
AGTGGTGTTACCCGTG-1_V13B23-285_A1,11
AGTGGTTGCGTATAGG-1_V13B23-285_A1,11
AGTGTATTGCGCATTG-1_V13B23-285_A1,5
AGTGTGCTAAGATCGC-1_V13B23-285_A1,17
AGTGTGGTCTATTGTG-1_V13B23-285_A1,19
AGTTAAACACTTGCGA-1_V13B23-285_A1,6
AGTTAAGCGGTCCCGG-1_V13B23-285_A1,3
AGTTAAGTCAACCGCT-1_V13B23-285_A1,11
AGTTACCCTTAAGACT-1_V13B23-285_A1,11
AGTTACCGCACATGGT-1_V13B23-285_A1,11
AGTTACTCTATCGTGG-1_V13B23-285_A1,16
AGTTCACCGGTTGGAC-1_V13B23-285_A1,11
AGTTCCTACAGAATTA-1_V13B23-285_A1,11
AGTTCCTATTTATGTT-1_V13B23-285_A1,11
AGTTCTGCGTTGTATC-1_V13B23-285_A1,3
AGTTGACATCGGCTGG-1_V13B23-285_A1,3
AGTTGACGGTCCTTGC-1_V13B23-285_A1,16
AGTTGCTGACTGATAT-1_V13B23-285_A1,3
AGTTGGCAAGGCTAGA-1_V13B23-285_A1,1
AGTTTATGTAAAGACA-1_V13B23-285_A1,5
AGTTTCGCAGGTCGGA-1_V13B23-285_A1,17
AGTTTGCACCTGCCTC-1_V13B23-285_A1,15
AGTTTGGCACGGGTTG-1_V13B23-285_A1,16
AGTTTGGCCAGACCTA-1_V13B23-285_A1,11
ATAAACCATTGGACGG-1_V13B23-285_A1,3
ATAAACGGACCCGTAA-1_V13B23-285_A1,11
ATAAACGTTGCACCAC-1_V13B23-285_A1,16
ATAAAGGCTCGGTCGT-1_V13B23-285_A1,12
ATAAATATTAGCAGCT-1_V13B23-285_A1,11
ATAACGCCGGAGGGTC-1_V13B23-285_A1,11
ATAACGGAGTCCAACG-1_V13B23-285_A1,11
ATAAGGTGGAGAACAT-1_V13B23-285_A1,10
ATAAGTAGGATTCAGA-1_V13B23-285_A1,1
ATAAGTAGGGCGACTC-1_V13B23-285_A1,10
ATAAGTTACCGCGACG-1_V13B23-285_A1,11
ATAATACCGTTAGCCG-1_V13B23-285_A1,3
ATAATAGCTGTTGAAT-1_V13B23-285_A1,11
ATAATAGTGTAGGGAC-1_V13B23-285_A1,8
ATAATCTTGGAGAACC-1_V13B23-285_A1,17
ATAATTAGCTAAGTAG-1_V13B23-285_A1,11
ATACAGGCCCTCCAAT-1_V13B23-285_A1,5
ATACCACGGGCAACTT-1_V13B23-285_A1,11
ATACCAGCAAATTGCT-1_V13B23-285_A1,2
ATACCAGGCTAATAGA-1_V13B23-285_A1,15
ATACCTAACCAAGAAA-1_V13B23-285_A1,11
ATACGAAGGCTTTCCA-1_V13B23-285_A1,17
ATACGCCGATCTACCG-1_V13B23-285_A1,3
ATACGCCGGCGAAACC-1_V13B23-285_A1,11
ATACGGAACGTCGTTT-1_V13B23-285_A1,11
ATACGGGTTTCGATTG-1_V13B23-285_A1,6
ATACGGTGAAGATGCA-1_V13B23-285_A1,11
ATACGTACTTAGCCAC-1_V13B23-285_A1,15
ATACGTCCACTCCTGT-1_V13B23-285_A1,1
ATACGTTATGCACGGA-1_V13B23-285_A1,15
ATACTACCCGTACCAC-1_V13B23-285_A1,11
ATACTAGCATGACCCT-1_V13B23-285_A1,11
ATACTCTCGCCACTCT-1_V13B23-285_A1,3
ATACTGCCTTACACCG-1_V13B23-285_A1,17
ATACTTGTTCTCGAGC-1_V13B23-285_A1,11
ATAGACAACGGGACCT-1_V13B23-285_A1,5
ATAGACGAAGAGAAAG-1_V13B23-285_A1,11
ATAGAGTACTGGGACA-1_V13B23-285_A1,11
ATAGAGTTATCAACTT-1_V13B23-285_A1,5
ATAGCAACTAGGGAAG-1_V13B23-285_A1,15
ATAGCCATAACAGTCA-1_V13B23-285_A1,16
ATAGCCTCAGTACCCA-1_V13B23-285_A1,16
ATAGCTGCTCTTGTTA-1_V13B23-285_A1,15
ATAGGCGGCTATAGAA-1_V13B23-285_A1,11
ATAGGCTAGCTTCGCA-1_V13B23-285_A1,4
ATAGGGATATCCTTGA-1_V13B23-285_A1,11
ATAGGTTGGGCAGATG-1_V13B23-285_A1,11
ATAGTCTTTGACGTGC-1_V13B23-285_A1,9
ATAGTGAAGCGTTCTC-1_V13B23-285_A1,11
ATAGTTCCACCCACTC-1_V13B23-285_A1,15
ATATAAAGCGCTCGTG-1_V13B23-285_A1,16
ATATAAATGTAGCTGC-1_V13B23-285_A1,16
ATATAACACGGGCGCA-1_V13B23-285_A1,10
ATATACATGTATGGTA-1_V13B23-285_A1,11
ATATACGCTCGTGACG-1_V13B23-285_A1,17
ATATAGAGTATTGGTC-1_V13B23-285_A1,11
ATATCAACCTACAGAG-1_V13B23-285_A1,10
ATATCAATTCCAGCCT-1_V13B23-285_A1,11
ATATCGGTAGGGAGAT-1_V13B23-285_A1,10
ATATCGTTCCTCGAAC-1_V13B23-285_A1,15
ATATCTCCCTCGTTAA-1_V13B23-285_A1,19
ATATCTTAGGGCCTTC-1_V13B23-285_A1,11
ATATGTCTCCCTAGCC-1_V13B23-285_A1,16
ATATTCAGTTAAACCT-1_V13B23-285_A1,6
ATATTCCACATAGTGA-1_V13B23-285_A1,16
ATATTCCCACAGGTCA-1_V13B23-285_A1,7
ATATTGCTGTCAAAGT-1_V13B23-285_A1,7
ATATTGGAGAGGCCTT-1_V13B23-285_A1,17
ATATTTAACCCTCAAG-1_V13B23-285_A1,11
ATCAAACACTGTTCCA-1_V13B23-285_A1,10
ATCAAACGAAGGTTTG-1_V13B23-285_A1,11
ATCAATCTGGGCTGCA-1_V13B23-285_A1,11
ATCAATGCCGTGGCTG-1_V13B23-285_A1,11
ATCACATTAGAATATC-1_V13B23-285_A1,6
ATCACGTGCTAATTAA-1_V13B23-285_A1,11
ATCACTTCATCCTCGC-1_V13B23-285_A1,11
ATCAGACGGCACGCCG-1_V13B23-285_A1,11
ATCAGCCTCATGCTGC-1_V13B23-285_A1,8
ATCAGCTCGTCCACTA-1_V13B23-285_A1,11
ATCAGTAGGCAGGGAT-1_V13B23-285_A1,6
ATCATAGCCCTATGTA-1_V13B23-285_A1,17
ATCATCCAATATTTGT-1_V13B23-285_A1,11
ATCATGGACTACCGAC-1_V13B23-285_A1,10
ATCCAACGCAGTCATA-1_V13B23-285_A1,11
ATCCAATGGAGGGTCC-1_V13B23-285_A1,11
ATCCAATGGTACCGAA-1_V13B23-285_A1,11
ATCCACATCGACAGAA-1_V13B23-285_A1,7
ATCCAGAGCAACAACC-1_V13B23-285_A1,11
ATCCAGGATTCGTGAA-1_V13B23-285_A1,11
ATCCCATCCACAGCGC-1_V13B23-285_A1,11
ATCCTACCTAAGCTCT-1_V13B23-285_A1,11
ATCCTGAATCGCTGCG-1_V13B23-285_A1,11
ATCCTGCGTGGAATGG-1_V13B23-285_A1,6
ATCCTGCTGCAGATAG-1_V13B23-285_A1,3
ATCGACCCAATACAGA-1_V13B23-285_A1,11
ATCGACTCTTTCCGTT-1_V13B23-285_A1,11
ATCGCACGATTGTTCA-1_V13B23-285_A1,15
ATCGCACGCCGGGAGA-1_V13B23-285_A1,11
ATCGCCAGTCAACATT-1_V13B23-285_A1,10
ATCGCTGCGTGCAGCA-1_V13B23-285_A1,5
ATCGCTTTACGTCTCA-1_V13B23-285_A1,10
ATCGGAGACAGACGGC-1_V13B23-285_A1,16
ATCGGCAAGCAGTCCA-1_V13B23-285_A1,3
ATCGGTTACCTAGTAA-1_V13B23-285_A1,11
ATCGTATTCCGAGAAC-1_V13B23-285_A1,11
ATCGTCCAATCGAGTC-1_V13B23-285_A1,3
ATCGTGGAAAGTCTGG-1_V13B23-285_A1,16
ATCGTTAGCTAGCGGA-1_V13B23-285_A1,19
ATCTAACGTCCCTATG-1_V13B23-285_A1,14
ATCTAATATCCTACGG-1_V13B23-285_A1,16
ATCTACCATCTGCTCC-1_V13B23-285_A1,8
ATCTAGCTTGTGAGGG-1_V13B23-285_A1,10
ATCTCCCACGGAATAT-1_V13B23-285_A1,19
ATCTCCCTGCAATCTA-1_V13B23-285_A1,16
ATCTCGTGAGCGAAAC-1_V13B23-285_A1,7
ATCTGACATGGAAGGA-1_V13B23-285_A1,16
ATCTGATAGTGTCTTA-1_V13B23-285_A1,17
ATCTGCACCTCTGCGA-1_V13B23-285_A1,7
ATCTGCTGTTATCGCC-1_V13B23-285_A1,3
ATCTGGGCTGTTCTTG-1_V13B23-285_A1,10
ATCTGGTTAAGACTGT-1_V13B23-285_A1,11
ATCTGTAATTGTACCC-1_V13B23-285_A1,16
ATCTTATCGCACACCC-1_V13B23-285_A1,16
ATCTTGACCTGCAACG-1_V13B23-285_A1,11
ATCTTGACTTGTCCAA-1_V13B23-285_A1,1
ATCTTTCGTATAACCA-1_V13B23-285_A1,5
ATGAAGCCAAGGAGCC-1_V13B23-285_A1,11
ATGAAGTGGACCCAGC-1_V13B23-285_A1,11
ATGACGCCGGCTCTAA-1_V13B23-285_A1,19
ATGACGCGTTCTATCC-1_V13B23-285_A1,11
ATGACTATCAGCTGTG-1_V13B23-285_A1,16
ATGACTATGCGACATT-1_V13B23-285_A1,19
ATGAGGAGTGTTAATC-1_V13B23-285_A1,11
ATGAGGGCAGCGGCTA-1_V13B23-285_A1,10
ATGATCGGGAATAGAC-1_V13B23-285_A1,16
ATGATGCAATGGTACA-1_V13B23-285_A1,11
ATGCACCTTCCTTAAT-1_V13B23-285_A1,11
ATGCACGCGCTGTTCA-1_V13B23-285_A1,10
ATGCACTACCGCATTG-1_V13B23-285_A1,11
ATGCATGATCCAGGAT-1_V13B23-285_A1,11
ATGCATTCCGTGATGG-1_V13B23-285_A1,12
ATGCCATTTGCGACCA-1_V13B23-285_A1,10
ATGCCGGTCTTGCATA-1_V13B23-285_A1,11
ATGCCGGTTGATGGGA-1_V13B23-285_A1,19
ATGCGACAGTCCCATT-1_V13B23-285_A1,11
ATGCGAGTCCCACCAC-1_V13B23-285_A1,10
ATGCTCAGTGTTGCAT-1_V13B23-285_A1,3
ATGCTCTGGCGCGGTA-1_V13B23-285_A1,16
ATGCTTAGGAGTTGAT-1_V13B23-285_A1,1
ATGGAAATTTAAGGAG-1_V13B23-285_A1,11
ATGGAACCTTTGCACA-1_V13B23-285_A1,10
ATGGAGCAGGCCGTGA-1_V13B23-285_A1,11
ATGGATCCGGCGTCCG-1_V13B23-285_A1,6
ATGGATTGACCAAACG-1_V13B23-285_A1,11
ATGGCAGCCGAGAAAC-1_V13B23-285_A1,11
ATGGCGGAATAGTCGC-1_V13B23-285_A1,15
ATGGGACCTGCTGAAC-1_V13B23-285_A1,11
ATGGGCCTCGGCCTCT-1_V13B23-285_A1,16
ATGGGTGTATACCTCC-1_V13B23-285_A1,16
ATGGTCGCGTGGTTTC-1_V13B23-285_A1,11
ATGTAAGGCTGCTCTT-1_V13B23-285_A1,10
ATGTACATGCGGTGAG-1_V13B23-285_A1,17
ATGTACGATGACGTCG-1_V13B23-285_A1,11
ATGTAGCGCGCGTAGG-1_V13B23-285_A1,1
ATGTCATTTCCCATTG-1_V13B23-285_A1,11
ATGTGAAAGCCTAATG-1_V13B23-285_A1,11
ATGTGCATCCGACGCA-1_V13B23-285_A1,11
ATGTGGACATCTTGAT-1_V13B23-285_A1,11
ATGTGTAGTTTAGTCA-1_V13B23-285_A1,13
ATGTTACGAGCAATAC-1_V13B23-285_A1,3
ATGTTCCTGCCCACCT-1_V13B23-285_A1,5
ATGTTCGTCGACCCAC-1_V13B23-285_A1,11
ATGTTGATTAGAGACT-1_V13B23-285_A1,15
ATGTTGTAGTCTGTTT-1_V13B23-285_A1,11
ATGTTTCGGCCCGGAG-1_V13B23-285_A1,1
ATTAAACATGCGGACC-1_V13B23-285_A1,11
ATTAACACCTGAGATA-1_V13B23-285_A1,11
ATTAATACTACGCGGG-1_V13B23-285_A1,11
ATTAATGAACCAGTCG-1_V13B23-285_A1,11
ATTAATTCGGTCACTC-1_V13B23-285_A1,1
ATTACAACTACCGGCC-1_V13B23-285_A1,9
ATTACATGTCAGTCTT-1_V13B23-285_A1,10
ATTACCACACTGCCTG-1_V13B23-285_A1,8
ATTACGCGCTGGCAGG-1_V13B23-285_A1,11
ATTACTAGCCTCTTGC-1_V13B23-285_A1,16
ATTACTTACTGGGCAT-1_V13B23-285_A1,5
ATTAGATTCCTCAGCA-1_V13B23-285_A1,17
ATTAGATTGATAGCGG-1_V13B23-285_A1,11
ATTAGGCGATGCTTTC-1_V13B23-285_A1,11
ATTATACTTTGCTCGT-1_V13B23-285_A1,19
ATTATAGCTACTTTAC-1_V13B23-285_A1,10
ATTATCGGAATGTACG-1_V13B23-285_A1,16
ATTATCTCGACAGATC-1_V13B23-285_A1,13
ATTATGCCATAGGGAG-1_V13B23-285_A1,11
ATTATTATGTCCGTCA-1_V13B23-285_A1,11
ATTATTCAGAGTCACT-1_V13B23-285_A1,4
ATTCAAAGTACCTGTT-1_V13B23-285_A1,14
ATTCAACCATTTAAGG-1_V13B23-285_A1,15
ATTCACTGATGTTGGA-1_V13B23-285_A1,16
ATTCAGGACCTATTTC-1_V13B23-285_A1,17
ATTCAGTAGCAGGGTC-1_V13B23-285_A1,11
ATTCATATACTGTCCA-1_V13B23-285_A1,11
ATTCATCGTTGAGGCA-1_V13B23-285_A1,17
ATTCCCACATAAACAA-1_V13B23-285_A1,11
ATTCCTCCGCCAGTGC-1_V13B23-285_A1,11
ATTCCTTCCAGGCGGT-1_V13B23-285_A1,3
ATTCGACGCCGGGCCT-1_V13B23-285_A1,11
ATTCGCGCCTTGAGAG-1_V13B23-285_A1,16
ATTCGTGCTATCTCTT-1_V13B23-285_A1,10
ATTCTCGTCTCTTTAG-1_V13B23-285_A1,3
ATTCTTCGTACTTATG-1_V13B23-285_A1,9
ATTGAAGATCTTAGTG-1_V13B23-285_A1,11
ATTGACCGGCGATGAC-1_V13B23-285_A1,9
ATTGACGTAACTCGGT-1_V13B23-285_A1,9
ATTGATAGCAACGAGA-1_V13B23-285_A1,3
ATTGATCACCACATTT-1_V13B23-285_A1,11
ATTGATGAGTCCTAAC-1_V13B23-285_A1,16
ATTGCCTTTATGTTTG-1_V13B23-285_A1,1
ATTGCGATCAGTAACT-1_V13B23-285_A1,19
ATTGCTGCTCCTCCAT-1_V13B23-285_A1,5
ATTGGATTACAGCGTA-1_V13B23-285_A1,1
ATTGGGAATATCTTGG-1_V13B23-285_A1,15
ATTGGTAGGATCCGCT-1_V13B23-285_A1,11
ATTGGTTGTGCATTAC-1_V13B23-285_A1,16
ATTGTACAACTCGGCT-1_V13B23-285_A1,10
ATTGTCGCAATACCTT-1_V13B23-285_A1,1
ATTGTTCAACGATCCG-1_V13B23-285_A1,16
ATTTAACTCGTATTAC-1_V13B23-285_A1,1
ATTTACAGTTTACTGG-1_V13B23-285_A1,11
ATTTACTAAGTCCATT-1_V13B23-285_A1,10
ATTTCATTATTTCGCG-1_V13B23-285_A1,7
ATTTCCGGGTTCTGCG-1_V13B23-285_A1,15
ATTTGCGCGAGTAGCT-1_V13B23-285_A1,11
ATTTGGAGATTGCGGT-1_V13B23-285_A1,11
ATTTGTCTTGGGAGCT-1_V13B23-285_A1,17
ATTTGTTCCAGGGCTC-1_V13B23-285_A1,11
CAAACCCTCCGGCGGG-1_V13B23-285_A1,17
CAAACGAGTATCGCAG-1_V13B23-285_A1,11
CAAACGGTCGCACTTT-1_V13B23-285_A1,11
CAAACTACGATAGAGA-1_V13B23-285_A1,13
CAAACTCGCGACGCCG-1_V13B23-285_A1,10
CAAAGATTATTGGGCC-1_V13B23-285_A1,8
CAAAGGTCATCTGAAA-1_V13B23-285_A1,10
CAAAGTCAGGTTAGCT-1_V13B23-285_A1,3
CAAATCTCTCACAAGG-1_V13B23-285_A1,11
CAAATGTCCTTCCGTG-1_V13B23-285_A1,11
CAAATTGGATTATGCC-1_V13B23-285_A1,5
CAAATTGTCAGCAAGC-1_V13B23-285_A1,7
CAACACATCTCCTGCC-1_V13B23-285_A1,10
CAACATGGCCTGATAA-1_V13B23-285_A1,1
CAACCAGTGGCCTACC-1_V13B23-285_A1,7
CAACCGCACCTAGACA-1_V13B23-285_A1,2
CAACCTACCGAGCAGT-1_V13B23-285_A1,16
CAACCTGAACCTGCCA-1_V13B23-285_A1,5
CAACGACCCGTTTACA-1_V13B23-285_A1,11
CAACGGTTCTTGATAC-1_V13B23-285_A1,16
CAACGTGGTGGAGTCT-1_V13B23-285_A1,17
CAACTATATCGAATGC-1_V13B23-285_A1,7
CAACTCCTTGATCCCG-1_V13B23-285_A1,16
CAACTGCTCATCCGAT-1_V13B23-285_A1,16
CAACTTGTAGTGGGCA-1_V13B23-285_A1,3
CAAGAGGGCGGAGTAC-1_V13B23-285_A1,11
CAAGATATTATAACGT-1_V13B23-285_A1,4
CAAGCAACGTCGGAGT-1_V13B23-285_A1,11
CAAGCACCAAATGCCT-1_V13B23-285_A1,11
CAAGCGGCACATAATT-1_V13B23-285_A1,16
CAAGGATCGCATGTTC-1_V13B23-285_A1,11
CAAGGCCAGTGGTGCA-1_V13B23-285_A1,16
CAAGGTCCTATAGGCT-1_V13B23-285_A1,10
CAAGTGAACTTTGGTT-1_V13B23-285_A1,5
CAAGTGTGGTTGCAAA-1_V13B23-285_A1,10
CAATAAACCTTGGCCC-1_V13B23-285_A1,11
CAATACGAGAGTCTGA-1_V13B23-285_A1,10
CAATACGCTCTGAGGC-1_V13B23-285_A1,11
CAATATTCTTGACCTA-1_V13B23-285_A1,11
CAATATTGGACTAGTG-1_V13B23-285_A1,3
CAATCCCTATACCAGC-1_V13B23-285_A1,9
CAATCCTGCCGTGGAG-1_V13B23-285_A1,3
CAATGAGGTTCGACTA-1_V13B23-285_A1,15
CAATGCGAGAAGTATC-1_V13B23-285_A1,16
CAATGGATCTCTACCA-1_V13B23-285_A1,5
CAATGGTCGGCCTGGG-1_V13B23-285_A1,13
CAATGTGCCAACCCTT-1_V13B23-285_A1,10
CAATTAAGGGTGATGA-1_V13B23-285_A1,11
CAATTGGGCCGCACTC-1_V13B23-285_A1,11
CAATTTCGTATAAGGG-1_V13B23-285_A1,11
CAATTTGACCGGGAAG-1_V13B23-285_A1,3
CACAAACCGCAGAACT-1_V13B23-285_A1,7
CACAATGAGCTGCTAT-1_V13B23-285_A1,11
CACACACGCTAACGAG-1_V13B23-285_A1,10
CACACAGCTTGCGCTC-1_V13B23-285_A1,10
CACACAGGGATAGATT-1_V13B23-285_A1,11
CACACGCGCTGTCTTA-1_V13B23-285_A1,7
CACAGAGACGAGGACG-1_V13B23-285_A1,11
CACAGCACCCACGGCA-1_V13B23-285_A1,11
CACAGCTAGGGAGTGA-1_V13B23-285_A1,12
CACAGGGCCATATAGT-1_V13B23-285_A1,10
CACAGGGCCGTTGTCA-1_V13B23-285_A1,11
CACAGTCCCGCTTCGC-1_V13B23-285_A1,1
CACAGTTCGCTTCCCA-1_V13B23-285_A1,8
CACATAAGGCGACCGT-1_V13B23-285_A1,5
CACATATTAGCAGGAT-1_V13B23-285_A1,11
CACATCGTGCACGCGC-1_V13B23-285_A1,10
CACATCTCACCGACGA-1_V13B23-285_A1,5
CACATGATTCAGCAAC-1_V13B23-285_A1,11
CACATGTTTGGACATG-1_V13B23-285_A1,3
CACATTCTTTCGATGG-1_V13B23-285_A1,16
CACATTTCTTGTCAGA-1_V13B23-285_A1,10
CACCAATCATCCGTCT-1_V13B23-285_A1,11
CACCACGCCACACAGA-1_V13B23-285_A1,11
CACCAGTCAGCATGCA-1_V13B23-285_A1,11
CACCATCGGAGGAGAC-1_V13B23-285_A1,7
CACCCAAATCTTATGT-1_V13B23-285_A1,11
CACCCACACGTCACCC-1_V13B23-285_A1,1
CACCCACGAGGCAATT-1_V13B23-285_A1,15
CACCCGGTTTGTGACT-1_V13B23-285_A1,11
CACCCTAACAAGATCT-1_V13B23-285_A1,17
CACCCTTGGTGAGACC-1_V13B23-285_A1,11
CACCCTTTCCTCGCTC-1_V13B23-285_A1,16
CACCGATACACCGAGC-1_V13B23-285_A1,9
CACCGCCAGAAGGTTT-1_V13B23-285_A1,11
CACCGCCGACCAGCGA-1_V13B23-285_A1,3
CACCGTATCCCATCCG-1_V13B23-285_A1,15
CACCGTTAGGGATCAC-1_V13B23-285_A1,11
CACCGTTGCGCGATAT-1_V13B23-285_A1,11
CACCTAATAGAGTCGT-1_V13B23-285_A1,3
CACCTAATCAGTTTAC-1_V13B23-285_A1,11
CACCTCGATGGTGGAC-1_V13B23-285_A1,11
CACCTTGCGAAACTCG-1_V13B23-285_A1,11
CACCTTGGCGCCTTTG-1_V13B23-285_A1,17
CACGAAAGTTAGTCCC-1_V13B23-285_A1,11
CACGACTAAAGTTCTG-1_V13B23-285_A1,13
CACGATTGGTCGTTAA-1_V13B23-285_A1,14
CACGCACAGCGCAGCT-1_V13B23-285_A1,11
CACGCAGCGAGGCTTT-1_V13B23-285_A1,11
CACGCGGAACTGTTGC-1_V13B23-285_A1,17
CACGGACGTGGATGGC-1_V13B23-285_A1,5
CACGGGATTGAGGGTT-1_V13B23-285_A1,11
CACGTCAATCAATGGA-1_V13B23-285_A1,7
CACGTCGGCAACCTCT-1_V13B23-285_A1,11
CACGTCGGGTTCTAGA-1_V13B23-285_A1,1
CACGTTCGTGCTCTAG-1_V13B23-285_A1,11
CACGTTTCGTACACAC-1_V13B23-285_A1,17
CACTAAAGTTGCCTAT-1_V13B23-285_A1,11
CACTACGGGAGCTGCC-1_V13B23-285_A1,1
CACTCAAGAGCTATGG-1_V13B23-285_A1,11
CACTCAGCTCTTGAGG-1_V13B23-285_A1,2
CACTCCTATGTAAGAT-1_V13B23-285_A1,16
CACTCCTCTCGGTCGG-1_V13B23-285_A1,5
CACTCGAGCTGAACAA-1_V13B23-285_A1,11
CACTCGGTTAGGAGGA-1_V13B23-285_A1,11
CACTCTTCTGCTAGCC-1_V13B23-285_A1,8
CACTGACGATTGTGGA-1_V13B23-285_A1,11
CACTGTCCAAGTGAGA-1_V13B23-285_A1,16
CACTTAATCAGACGGA-1_V13B23-285_A1,11
CACTTCGCCACAGGCT-1_V13B23-285_A1,1
CACTTCGTCTTATCTC-1_V13B23-285_A1,3
CAGAACTTAGCCCTCT-1_V13B23-285_A1,16
CAGAATAACACACGGA-1_V13B23-285_A1,1
CAGACACCGATCGCTG-1_V13B23-285_A1,11
CAGACCTGTAAGTGTT-1_V13B23-285_A1,15
CAGACGAACCTGATAC-1_V13B23-285_A1,11
CAGAGACGGTCACCCA-1_V13B23-285_A1,11
CAGAGCATGAGCTTGC-1_V13B23-285_A1,11
CAGAGGCGATGCATGA-1_V13B23-285_A1,11
CAGAGTGATTTAACGT-1_V13B23-285_A1,7
CAGATAATGGGCGGGT-1_V13B23-285_A1,15
CAGATACTAACATAGT-1_V13B23-285_A1,11
CAGATCATTTAAAGTC-1_V13B23-285_A1,5
CAGATCCTGGTTTGAA-1_V13B23-285_A1,11
CAGATGTTTGTCCCAA-1_V13B23-285_A1,16
CAGCAGCCCGTTCCTT-1_V13B23-285_A1,7
CAGCAGTCCAGACTAT-1_V13B23-285_A1,16
CAGCAGTCTGTGCTGC-1_V13B23-285_A1,16
CAGCCGGGCCCTCTAT-1_V13B23-285_A1,9
CAGCCTCCTGCAGAGG-1_V13B23-285_A1,11
CAGCCTCTCCTCAAGA-1_V13B23-285_A1,5
CAGCGATTCCCTTCAA-1_V13B23-285_A1,11
CAGCGCCAACACGATA-1_V13B23-285_A1,11
CAGCTCACTGAGACAT-1_V13B23-285_A1,11
CAGCTCGACAAGTTAA-1_V13B23-285_A1,5
CAGCTCGTGCTTGTGT-1_V13B23-285_A1,8
CAGCTGGCGTAACCGT-1_V13B23-285_A1,11
CAGCTTAGTAGGTAGC-1_V13B23-285_A1,11
CAGGAAGACTTTATAT-1_V13B23-285_A1,13
CAGGATATATCGTTGT-1_V13B23-285_A1,11
CAGGATCCGCCCGACC-1_V13B23-285_A1,16
CAGGCAGTCTTACCAG-1_V13B23-285_A1,16
CAGGCCGTTTGGGTGT-1_V13B23-285_A1,11
CAGGCGCACGGTGGTC-1_V13B23-285_A1,1
CAGGCGCCATGCTAGG-1_V13B23-285_A1,16
CAGTAACTATTTATTG-1_V13B23-285_A1,12
CAGTAATCCCTCCCAG-1_V13B23-285_A1,17
CAGTACATTCTCTAAA-1_V13B23-285_A1,5
CAGTACCAGTTTACGT-1_V13B23-285_A1,11
CAGTAGATGATGTCCG-1_V13B23-285_A1,11
CAGTAGCCCACGCGGT-1_V13B23-285_A1,6
CAGTAGCGAGGTAGTA-1_V13B23-285_A1,3
CAGTCGAGGATGCAAT-1_V13B23-285_A1,16
CAGTCGGCCTAGATAT-1_V13B23-285_A1,11
CAGTCTCTCGGCTAAT-1_V13B23-285_A1,3
CAGTCTGTATACTGGG-1_V13B23-285_A1,11
CAGTGAATAAATGACT-1_V13B23-285_A1,11
CAGTGGTTGCACATGA-1_V13B23-285_A1,3
CAGTGTCCGCAGAATG-1_V13B23-285_A1,3
CAGTGTCGGCTGGCCC-1_V13B23-285_A1,19
CAGTTCAAATTGACAC-1_V13B23-285_A1,11
CAGTTCCGCGGGTCGA-1_V13B23-285_A1,11
CATAACGGACAGTCGT-1_V13B23-285_A1,10
CATAAGAAGCTTGGCT-1_V13B23-285_A1,7
CATAAGCTCTCCGTCT-1_V13B23-285_A1,11
CATAATGAGCGGGCGA-1_V13B23-285_A1,12
CATACAAAGCCGAACC-1_V13B23-285_A1,3
CATACACAAAGTCAGC-1_V13B23-285_A1,11
CATACACGGTTCCCAC-1_V13B23-285_A1,16
CATACCCGTACCCAGT-1_V13B23-285_A1,11
CATACGGCGTCTGGGC-1_V13B23-285_A1,16
CATACGGGTGCATGAT-1_V13B23-285_A1,3
CATACTATGTAATTGT-1_V13B23-285_A1,11
CATACTTAGGCAATAC-1_V13B23-285_A1,10
CATACTTCTTTCTCCG-1_V13B23-285_A1,11
CATAGAGGAGATACTA-1_V13B23-285_A1,16
CATAGCCGCCCGGGAT-1_V13B23-285_A1,11
CATAGCGTTGCCCACC-1_V13B23-285_A1,11
CATAGTACATTGAGAG-1_V13B23-285_A1,7
CATAGTAGCATAGTAG-1_V13B23-285_A1,16
CATAGTCAAATACATA-1_V13B23-285_A1,8
CATAGTCCACAAGAAC-1_V13B23-285_A1,11
CATATACTACTGATAA-1_V13B23-285_A1,18
CATATAGGTACAGTCA-1_V13B23-285_A1,6
CATATGTCAGGCTACG-1_V13B23-285_A1,11
CATATTATTTGCCCTA-1_V13B23-285_A1,9
CATCAACACCTACTAA-1_V13B23-285_A1,15
CATCATTACCCTGAGG-1_V13B23-285_A1,8
CATCCCGAGATTCATA-1_V13B23-285_A1,16
CATCCGCAGGCCCGAA-1_V13B23-285_A1,3
CATCCTCTCAAAGATC-1_V13B23-285_A1,1
CATCGAATGGATCTCT-1_V13B23-285_A1,18
CATCGCCCGCGGCCAA-1_V13B23-285_A1,3
CATCGGACGGGTTAAT-1_V13B23-285_A1,11
CATCGTCCGGTTACTA-1_V13B23-285_A1,11
CATCTAGTGAAGGGAA-1_V13B23-285_A1,10
CATCTATCCCGTGTCT-1_V13B23-285_A1,4
CATCTGCAGGATCATT-1_V13B23-285_A1,11
CATCTTACACCACCTC-1_V13B23-285_A1,1
CATGAACCGACATTTG-1_V13B23-285_A1,19
CATGAACCTCTTATCA-1_V13B23-285_A1,9
CATGACTTCGCTGAAT-1_V13B23-285_A1,10
CATGAGATGCACTCTC-1_V13B23-285_A1,19
CATGATCGCTTTGAGA-1_V13B23-285_A1,19
CATGATGCACAATTCT-1_V13B23-285_A1,11
CATGATGGAAGTTAGC-1_V13B23-285_A1,10
CATGCATGGAGACCCT-1_V13B23-285_A1,9
CATGCCAACTCGCAAA-1_V13B23-285_A1,11
CATGCGACCAGTTTAA-1_V13B23-285_A1,7
CATGCGTTAGACAGAA-1_V13B23-285_A1,19
CATGCTGGCTCCAATT-1_V13B23-285_A1,7
CATGGATTGTCTTCCG-1_V13B23-285_A1,10
CATGGCAGGAAGATCG-1_V13B23-285_A1,11
CATGGCTCCCTATGTC-1_V13B23-285_A1,11
CATGGGTATGCCTTAT-1_V13B23-285_A1,16
CATGGGTCGGGTGTGG-1_V13B23-285_A1,6
CATGGTAAGTAGCGTT-1_V13B23-285_A1,11
CATGGTATTAGTTTGT-1_V13B23-285_A1,16
CATGGTCTAGATACCG-1_V13B23-285_A1,11
CATGGTTTATTAATCA-1_V13B23-285_A1,7
CATGTAAGAGACATTT-1_V13B23-285_A1,15
CATGTCTCATTTATGG-1_V13B23-285_A1,10
CATTACATAGATTGTG-1_V13B23-285_A1,5
CATTACGCAGGAAGGG-1_V13B23-285_A1,1
CATTACGTCGGCCCGT-1_V13B23-285_A1,11
CATTATGCTTGTTGTG-1_V13B23-285_A1,11
CATTCACTGACAGCTA-1_V13B23-285_A1,9
CATTCAGGTCAGTGCG-1_V13B23-285_A1,7
CATTCCCATTCCGTCG-1_V13B23-285_A1,17
CATTCCCTAAGTACAA-1_V13B23-285_A1,3
CATTGATGAACACGCC-1_V13B23-285_A1,5
CATTGCGAAATGGGCG-1_V13B23-285_A1,11
CATTGCGGGTCAATTC-1_V13B23-285_A1,5
CATTGTGTGCTAGATC-1_V13B23-285_A1,3
CATTTAGCGGACCATG-1_V13B23-285_A1,6
CATTTCTAGCAGACTA-1_V13B23-285_A1,3
CATTTGAGTGGTACGT-1_V13B23-285_A1,11
CCAAACAGAACCCTCG-1_V13B23-285_A1,11
CCAAAGCAGTTGGTTG-1_V13B23-285_A1,3
CCAAAGTCCCGCTAAC-1_V13B23-285_A1,3
CCAAATAACAAGATTC-1_V13B23-285_A1,1
CCAACGATGCACTGAT-1_V13B23-285_A1,11
CCAACTTGATAGATCC-1_V13B23-285_A1,10
CCAAGAAAGTGGGCGA-1_V13B23-285_A1,11
CCAAGACTTCTGCGAA-1_V13B23-285_A1,4
CCAAGCGTAACTCGTA-1_V13B23-285_A1,11
CCAAGGAACAGAGAGG-1_V13B23-285_A1,19
CCAAGGTTGCCCTTTC-1_V13B23-285_A1,17
CCAAGTTTCTACAGAT-1_V13B23-285_A1,16
CCAATAGATTTCATCT-1_V13B23-285_A1,11
CCAATAGTGCCGTCGA-1_V13B23-285_A1,11
CCAATCGGTAGATCGA-1_V13B23-285_A1,1
CCAATGTCACAGCAAG-1_V13B23-285_A1,11
CCAATTACGGGTCGAG-1_V13B23-285_A1,16
CCAATTGAATGTTAAT-1_V13B23-285_A1,11
CCACAATGTACGTCTT-1_V13B23-285_A1,15
CCACACTGAGATATTA-1_V13B23-285_A1,11
CCACAGCTGAAATCAT-1_V13B23-285_A1,3
CCACAGTACCCATCCT-1_V13B23-285_A1,8
CCACATACTGCACCCA-1_V13B23-285_A1,15
CCACATGGCTCTTTAT-1_V13B23-285_A1,11
CCACCAACTTTACTGT-1_V13B23-285_A1,11
CCACCCAAGGAAAGTG-1_V13B23-285_A1,11
CCACGAATTTAACCTC-1_V13B23-285_A1,10
CCACGAGAAGAGAATC-1_V13B23-285_A1,15
CCACGGAGCCATAAGA-1_V13B23-285_A1,11
CCACGGTGCCCGGTAG-1_V13B23-285_A1,6
CCACGTAAATTAGACT-1_V13B23-285_A1,10
CCACTAAACTGAATCG-1_V13B23-285_A1,18
CCACTATCCGGGTCAC-1_V13B23-285_A1,16
CCACTGGTGGCTGGTT-1_V13B23-285_A1,11
CCACTGTTTGGATTAA-1_V13B23-285_A1,16
CCAGAAAGCAACTCAT-1_V13B23-285_A1,11
CCAGAGACAAAGCCGG-1_V13B23-285_A1,11
CCAGATAGTTGAGTGA-1_V13B23-285_A1,11
CCAGCCTGGACCAATA-1_V13B23-285_A1,11
CCAGCGGGATCACCAG-1_V13B23-285_A1,7
CCAGCTACGCCTCATA-1_V13B23-285_A1,3
CCAGCTCGAACGCATT-1_V13B23-285_A1,11
CCAGCTGATGGTACTT-1_V13B23-285_A1,11
CCAGCTTCCGCCCGCA-1_V13B23-285_A1,11
CCAGGCTGGCGTCTGA-1_V13B23-285_A1,17
CCAGGGACGTGGCCTC-1_V13B23-285_A1,11
CCAGTAGTCTGATCCA-1_V13B23-285_A1,5
CCAGTCAAATCTCTTA-1_V13B23-285_A1,11
CCAGTCCATTATTCGA-1_V13B23-285_A1,3
CCAGTCTAGACGGCGC-1_V13B23-285_A1,6
CCAGTCTTGTCATAGA-1_V13B23-285_A1,11
CCATAAACAACCCGAC-1_V13B23-285_A1,17
CCATAACCTGTGCAGT-1_V13B23-285_A1,11
CCATACCTTTACTTGT-1_V13B23-285_A1,15
CCATACTCGCCTCTCC-1_V13B23-285_A1,11
CCATAGAGGCTGCCAG-1_V13B23-285_A1,11
CCATAGGTTGGCGTGG-1_V13B23-285_A1,11
CCATAGTCAGTAACCC-1_V13B23-285_A1,3
CCATATGGAAACTATA-1_V13B23-285_A1,1
CCATATTGGATCATGA-1_V13B23-285_A1,3
CCATCCATACCAAGTC-1_V13B23-285_A1,3
CCATCGCAGTTAAACT-1_V13B23-285_A1,11
CCATCTCACCAGTGAA-1_V13B23-285_A1,16
CCATCTTGTTCACAAT-1_V13B23-285_A1,3
CCATGCCCTAGATTTC-1_V13B23-285_A1,17
CCATGCCTGTTTAGTA-1_V13B23-285_A1,11
CCATGCTCTGCAGGAA-1_V13B23-285_A1,11
CCATGGCCCTTGTACC-1_V13B23-285_A1,11
CCATTAGCGATAATCC-1_V13B23-285_A1,11
CCATTCCCTGCCCACA-1_V13B23-285_A1,11
CCATTGTTTCCTCCAT-1_V13B23-285_A1,17
CCATTTCTACCTATTA-1_V13B23-285_A1,7
CCCAAACATGCTGCTC-1_V13B23-285_A1,16
CCCAACATACGTCGCG-1_V13B23-285_A1,11
CCCAACCACACTAACA-1_V13B23-285_A1,12
CCCAAGACAGAGTATG-1_V13B23-285_A1,18
CCCAAGTCATTACACT-1_V13B23-285_A1,15
CCCAATGAGATTTGCA-1_V13B23-285_A1,11
CCCAATTTCACAACTT-1_V13B23-285_A1,11
CCCACTCCACGGTATC-1_V13B23-285_A1,11
CCCAGAGGAGGGCGTA-1_V13B23-285_A1,5
CCCAGGTCTGAAGGCT-1_V13B23-285_A1,7
CCCAGTAAACTTGGGA-1_V13B23-285_A1,11
CCCAGTTAAGGCGCCG-1_V13B23-285_A1,11
CCCATATAGGTCGATT-1_V13B23-285_A1,19
CCCGAAGTTTCGCGAA-1_V13B23-285_A1,11
CCCGACCATAGTCCGC-1_V13B23-285_A1,11
CCCGAGTTTCTCCGTA-1_V13B23-285_A1,10
CCCGCAGCGCGAACTA-1_V13B23-285_A1,11
CCCGCCATGCTCCCGT-1_V13B23-285_A1,16
CCCGCGCAATGCACCC-1_V13B23-285_A1,4
CCCGCTTGCCCTCGTC-1_V13B23-285_A1,3
CCCGGCTAGGTGAGAA-1_V13B23-285_A1,17
CCCGGGTCGTTCAGGG-1_V13B23-285_A1,7
CCCGGTGGAAGAACCT-1_V13B23-285_A1,11
CCCGGTGTATCGGAAT-1_V13B23-285_A1,11
CCCGTAAGTCTAGGCC-1_V13B23-285_A1,11
CCCGTAGCTGGGAAGA-1_V13B23-285_A1,11
CCCGTCAGCGTCTGAC-1_V13B23-285_A1,11
CCCGTGAGGGCGGTGA-1_V13B23-285_A1,11
CCCGTTTCGCAGATGT-1_V13B23-285_A1,15
CCCTACTTGAACAATG-1_V13B23-285_A1,19
CCCTAGGCAACAAGAG-1_V13B23-285_A1,11
CCCTAGTGTCAGGTGT-1_V13B23-285_A1,3
CCCTATGTAGAGCAGA-1_V13B23-285_A1,15
CCCTCAAGCTCTTAGT-1_V13B23-285_A1,11
CCCTCATTCTGGAATT-1_V13B23-285_A1,3
CCCTCCTCGCTCGTAT-1_V13B23-285_A1,7
CCCTGAAATGAGTTGA-1_V13B23-285_A1,11
CCCTGATGTAACTCGT-1_V13B23-285_A1,3
CCCTGCCCAATCCGCT-1_V13B23-285_A1,11
CCCTGCGCTACGCATA-1_V13B23-285_A1,11
CCCTGGCTGTTCCTTC-1_V13B23-285_A1,11
CCCTGGTATGGGCGGC-1_V13B23-285_A1,9
CCCTGTTGGCAAAGAC-1_V13B23-285_A1,3
CCCTTCTCGTACGCGA-1_V13B23-285_A1,3
CCCTTTAATGGAGTTC-1_V13B23-285_A1,8
CCCTTTGACAGGTCTT-1_V13B23-285_A1,11
CCGAAAGTGGTGAGCA-1_V13B23-285_A1,3
CCGAACACTGGGCCTC-1_V13B23-285_A1,11
CCGAACCTTCCCGGCC-1_V13B23-285_A1,16
CCGAAGTATATTGTTC-1_V13B23-285_A1,16
CCGACAAACACATGAG-1_V13B23-285_A1,3
CCGACAAAGGGAGTGC-1_V13B23-285_A1,6
CCGACAATAGGCCGCC-1_V13B23-285_A1,19
CCGACGGGCATGAGGT-1_V13B23-285_A1,11
CCGACGTAAACACAAC-1_V13B23-285_A1,9
CCGAGAAGTCGCATAA-1_V13B23-285_A1,10
CCGAGGGATGTTAGGC-1_V13B23-285_A1,13
CCGATCTCAACCTTAT-1_V13B23-285_A1,1
CCGATTCGAGGGACCC-1_V13B23-285_A1,11
CCGCACAAAGACCAAC-1_V13B23-285_A1,11
CCGCACACGAACGTGT-1_V13B23-285_A1,10
CCGCACGTGACCTCGG-1_V13B23-285_A1,11
CCGCACTTGCAATGAC-1_V13B23-285_A1,1
CCGCATGTGGTACGAT-1_V13B23-285_A1,16
CCGCCACCACAATCCA-1_V13B23-285_A1,9
CCGCCGGAACTTCTCG-1_V13B23-285_A1,11
CCGCCGGTCAACACAC-1_V13B23-285_A1,16
CCGCCGTTGAGGATAA-1_V13B23-285_A1,10
CCGCCTGCGAATTGGT-1_V13B23-285_A1,13
CCGCCTTGCGATGTCG-1_V13B23-285_A1,11
CCGCGATTTGGTAGGT-1_V13B23-285_A1,11
CCGCGGAATGCGTCAC-1_V13B23-285_A1,11
CCGCGGGTACGAAGAA-1_V13B23-285_A1,11
CCGCGTAGGTAAGGGC-1_V13B23-285_A1,11
CCGCTATCAGCACCAG-1_V13B23-285_A1,11
CCGCTCCAGGGCGATC-1_V13B23-285_A1,5
CCGCTCTTCCGAACTA-1_V13B23-285_A1,17
CCGCTGGTGCCATTCA-1_V13B23-285_A1,9
CCGCTTACCTCACTCT-1_V13B23-285_A1,11
CCGCTTCGCGGTTAAC-1_V13B23-285_A1,3
CCGCTTGCTGACATGG-1_V13B23-285_A1,15
CCGGAATGGTTTCAGT-1_V13B23-285_A1,11
CCGGAGCGTACTTTCT-1_V13B23-285_A1,7
CCGGCACGACCGTTTC-1_V13B23-285_A1,10
CCGGCCGCGAGCATAT-1_V13B23-285_A1,11
CCGGCGCATATTGGAT-1_V13B23-285_A1,16
CCGGCGTGAGACTCTG-1_V13B23-285_A1,11
CCGGGACCCGCAGAGA-1_V13B23-285_A1,17
CCGGGCGGTCTCGTCA-1_V13B23-285_A1,4
CCGGGCTGCTCCATAC-1_V13B23-285_A1,11
CCGGGTTCGAGGTTAC-1_V13B23-285_A1,11
CCGGTAATGGCTAGTC-1_V13B23-285_A1,10
CCGGTGCGAGTGATAG-1_V13B23-285_A1,2
CCGGTTTGTAATTGTG-1_V13B23-285_A1,11
CCGTAAGTTGGTCCCA-1_V13B23-285_A1,12
CCGTACCCAAGCGCCA-1_V13B23-285_A1,3
CCGTAGGAAATCCCTG-1_V13B23-285_A1,8
CCGTAGGGTTGTTTAC-1_V13B23-285_A1,1
CCGTATCTCGTCGTAG-1_V13B23-285_A1,11
CCGTGAGGCATTCATG-1_V13B23-285_A1,10
CCGTGCCCATGACGGC-1_V13B23-285_A1,15
CCGTGGAACGATCCAA-1_V13B23-285_A1,4
CCGTGTTAAATTCCAT-1_V13B23-285_A1,11
CCGTTACGTTAGAACA-1_V13B23-285_A1,15
CCGTTCCGAATCTCGG-1_V13B23-285_A1,11
CCTAAAGGCTGACGCT-1_V13B23-285_A1,18
CCTAAATTAACGGTTC-1_V13B23-285_A1,11
CCTAAATTGTATCCTA-1_V13B23-285_A1,19
CCTAACCCAAACAAGT-1_V13B23-285_A1,12
CCTAACTAAGGCTCTA-1_V13B23-285_A1,17
CCTAAGTGTCTAACCG-1_V13B23-285_A1,14
CCTACATTCACAGACG-1_V13B23-285_A1,11
CCTACGGCTCAGTCGA-1_V13B23-285_A1,3
CCTACTCAACACGATT-1_V13B23-285_A1,17
CCTACTGCTTACACTT-1_V13B23-285_A1,6
CCTAGGCGTAGCGATC-1_V13B23-285_A1,16
CCTAGGTAAAGGTAGC-1_V13B23-285_A1,11
CCTAGTTAGTCGCATG-1_V13B23-285_A1,2
CCTATAATGAGTGCCC-1_V13B23-285_A1,19
CCTATACCGTCCTGTC-1_V13B23-285_A1,11
CCTATATCGTGTCACG-1_V13B23-285_A1,11
CCTATATTTGTCCTGG-1_V13B23-285_A1,17
CCTATCTATATCGGAA-1_V13B23-285_A1,11
CCTATGAAGTGGTGCC-1_V13B23-285_A1,10
CCTATGGCTCCTAGTG-1_V13B23-285_A1,19
CCTATGGGTTACCGTC-1_V13B23-285_A1,12
CCTATGGTCAAAGCTG-1_V13B23-285_A1,15
CCTATGTCCACTCCAC-1_V13B23-285_A1,19
CCTCAACGATCGCTGT-1_V13B23-285_A1,2
CCTCACCAATCTTGAC-1_V13B23-285_A1,3
CCTCACCTGAGGGAGC-1_V13B23-285_A1,1
CCTCACCTTAGCATCG-1_V13B23-285_A1,5
CCTCATGCAGCTACGA-1_V13B23-285_A1,3
CCTCCCGACAATCCCT-1_V13B23-285_A1,17
CCTCCGACAATTCAAG-1_V13B23-285_A1,11
CCTCCTGAGCCCACAT-1_V13B23-285_A1,11
CCTCCTGTTGTGTCGT-1_V13B23-285_A1,15
CCTCGAAGTGGACGGG-1_V13B23-285_A1,15
CCTCGCCAGCAAATTA-1_V13B23-285_A1,5
CCTCGCGCGATATAGG-1_V13B23-285_A1,5
CCTCGCGCTGTGCGAT-1_V13B23-285_A1,11
CCTCGGACCGGGATAG-1_V13B23-285_A1,11
CCTCGGATGCTACCTG-1_V13B23-285_A1,11
CCTCTAATCTGCCAAG-1_V13B23-285_A1,11
CCTCTATCGATTAGCA-1_V13B23-285_A1,11
CCTCTCTCCCATCTAG-1_V13B23-285_A1,11
CCTCTGGCCTAGACGG-1_V13B23-285_A1,7
CCTCTGTACTATTCTA-1_V13B23-285_A1,11
CCTGAACGATATATTC-1_V13B23-285_A1,10
CCTGAATATTTACATA-1_V13B23-285_A1,11
CCTGACAAACTCGCGC-1_V13B23-285_A1,11
CCTGACCACCGATGGT-1_V13B23-285_A1,11
CCTGCCCGTTGTCTAG-1_V13B23-285_A1,11
CCTGCGATAGAACTGT-1_V13B23-285_A1,3
CCTGCGTTCTACGCTT-1_V13B23-285_A1,11
CCTGCTATTTGAGAAG-1_V13B23-285_A1,11
CCTGGAAACGTTCTGC-1_V13B23-285_A1,10
CCTGGCTAGACCCGCC-1_V13B23-285_A1,11
CCTGGTCGAATGTGGG-1_V13B23-285_A1,16
CCTGTAAGACATGATA-1_V13B23-285_A1,11
CCTGTACTCACGCCCA-1_V13B23-285_A1,11
CCTGTCACCCGGGCTC-1_V13B23-285_A1,11
CCTGTCCCTCACGTTA-1_V13B23-285_A1,10
CCTGTCGCCCGTAAAT-1_V13B23-285_A1,11
CCTGTGAAACCGTAAC-1_V13B23-285_A1,11
CCTGTGCATAGGAGAC-1_V13B23-285_A1,17
CCTGTTTGAAGACACG-1_V13B23-285_A1,10
CCTTCAGTTAAAGTGA-1_V13B23-285_A1,16
CCTTCGTATAGAATCC-1_V13B23-285_A1,19
CCTTCTCAGCGTTCCT-1_V13B23-285_A1,11
CCTTCTTGATCCAGTG-1_V13B23-285_A1,11
CCTTGACCACTTTATT-1_V13B23-285_A1,19
CCTTTAAGGGAGCACT-1_V13B23-285_A1,11
CCTTTCAATGAAGAAA-1_V13B23-285_A1,5
CCTTTGAATTATGGCT-1_V13B23-285_A1,11
CGAAACGCAATTCATG-1_V13B23-285_A1,11
CGAACAGTATGGGCGT-1_V13B23-285_A1,7
CGAACCCGCATGCGTC-1_V13B23-285_A1,11
CGAACGCCCAGTGCCG-1_V13B23-285_A1,3
CGAACGGCCGGACAAC-1_V13B23-285_A1,11
CGAAGACGGTGAGTGC-1_V13B23-285_A1,11
CGAAGACTGCCCGGGA-1_V13B23-285_A1,2
CGAAGCTATAAATTCA-1_V13B23-285_A1,9
CGAAGTTGCTCTGTGT-1_V13B23-285_A1,11
CGAATCTGCTCGACGC-1_V13B23-285_A1,16
CGAATGAAGTCATTGC-1_V13B23-285_A1,15
CGAATGACGCATAATG-1_V13B23-285_A1,11
CGACAATTTGATCTAA-1_V13B23-285_A1,16
CGACACGCTCCGACAG-1_V13B23-285_A1,17
CGACAGTTCGCGTTAT-1_V13B23-285_A1,11
CGACATGCGATCTTCT-1_V13B23-285_A1,5
CGACCCTTAACGCCGG-1_V13B23-285_A1,11
CGACCTACTAGACAAT-1_V13B23-285_A1,11
CGACGCATCCGTACCT-1_V13B23-285_A1,11
CGACTCAGGATGTTAT-1_V13B23-285_A1,6
CGACTTTGTATAGCCT-1_V13B23-285_A1,10
CGAGACCCTAGAGTGT-1_V13B23-285_A1,11
CGAGAGATGTGAACCT-1_V13B23-285_A1,16
CGAGAGCGCGTAGATA-1_V13B23-285_A1,11
CGAGAGCTTTCACTAC-1_V13B23-285_A1,1
CGAGAGGGTAGCCGCG-1_V13B23-285_A1,15
CGAGATGTTGCCTATA-1_V13B23-285_A1,3
CGAGATTTCGCTCGGG-1_V13B23-285_A1,10
CGAGCACTTCAAGTTT-1_V13B23-285_A1,11
CGAGCCGAGCACTCGA-1_V13B23-285_A1,17
CGAGCGTTGATCAGCC-1_V13B23-285_A1,1
CGAGCTGGGCTTTAGG-1_V13B23-285_A1,7
CGAGGAGCTTCCATAT-1_V13B23-285_A1,5
CGAGGATCGGGAACGA-1_V13B23-285_A1,5
CGAGGCCAGGCATTGG-1_V13B23-285_A1,3
CGAGGCTAAATATGGC-1_V13B23-285_A1,6
CGAGGGACTGCGGTCG-1_V13B23-285_A1,11
CGAGGGTATCCAGGTG-1_V13B23-285_A1,11
CGAGTACTAAAGAGGA-1_V13B23-285_A1,11
CGAGTGAAGGTACCAG-1_V13B23-285_A1,16
CGAGTGCTATAGTTCG-1_V13B23-285_A1,3
CGAGTTCTGTCCCACC-1_V13B23-285_A1,11
CGAGTTTATCGGACTG-1_V13B23-285_A1,16
CGATAATACTCAGGTT-1_V13B23-285_A1,10
CGATACCTCGCGGACA-1_V13B23-285_A1,11
CGATAGTCGTACTGCA-1_V13B23-285_A1,1
CGATATTAGCCGCAGG-1_V13B23-285_A1,3
CGATCCGACCCAGTGC-1_V13B23-285_A1,11
CGATCCTCGCAACATA-1_V13B23-285_A1,12
CGATCTGTTGGAGGAC-1_V13B23-285_A1,11
CGATGGACCCTACGCC-1_V13B23-285_A1,5
CGATGTTGTTATCTAC-1_V13B23-285_A1,10
CGATTAAATATCTCCT-1_V13B23-285_A1,5
CGATTCGCCTGGCTGC-1_V13B23-285_A1,4
CGCAAACACGAGTTAC-1_V13B23-285_A1,11
CGCAATCGATCATTAG-1_V13B23-285_A1,11
CGCAATTACTTTCGGT-1_V13B23-285_A1,11
CGCAATTAGGGTAATA-1_V13B23-285_A1,11
CGCAATTCTACAATAA-1_V13B23-285_A1,11
CGCACATGTCCACTAC-1_V13B23-285_A1,10
CGCACGTGCGCTATCA-1_V13B23-285_A1,16
CGCAGAAACATTTGCG-1_V13B23-285_A1,13
CGCAGATCTTCACCCG-1_V13B23-285_A1,5
CGCAGGCGATCCAAAC-1_V13B23-285_A1,10
CGCATCATGGCTTCAG-1_V13B23-285_A1,9
CGCATCCATCAGCCAG-1_V13B23-285_A1,5
CGCATGCCGAATGCGT-1_V13B23-285_A1,15
CGCATGGTGCGATGCT-1_V13B23-285_A1,11
CGCATTAGCTAATAGG-1_V13B23-285_A1,11
CGCCAAGAAGCCGAGT-1_V13B23-285_A1,11
CGCCACAGGTCGCGAT-1_V13B23-285_A1,11
CGCCACCCGCATTAAC-1_V13B23-285_A1,3
CGCCATCCGATTATGA-1_V13B23-285_A1,11
CGCCCAGCACGCCTAG-1_V13B23-285_A1,16
CGCCCAGCGTTTCACG-1_V13B23-285_A1,15
CGCCCGCTTCCGTACA-1_V13B23-285_A1,1
CGCCCTTGAAGGCTGA-1_V13B23-285_A1,4
CGCCGACTATTCGCTA-1_V13B23-285_A1,11
CGCCGCCCATGCCTGT-1_V13B23-285_A1,11
CGCCGTCTACCCATCG-1_V13B23-285_A1,7
CGCCGTTCAGCATAGT-1_V13B23-285_A1,1
CGCCTCCCTCCTCTAT-1_V13B23-285_A1,11
CGCCTGGCCTACGTAA-1_V13B23-285_A1,11
CGCCTTTAGCATGCTC-1_V13B23-285_A1,10
CGCGAAGTGGCATACT-1_V13B23-285_A1,1
CGCGACACTGCGCAGC-1_V13B23-285_A1,11
CGCGACCGCGACAGAT-1_V13B23-285_A1,1
CGCGAGTCTGCCGGGT-1_V13B23-285_A1,11
CGCGCAAATGTCCAGA-1_V13B23-285_A1,11
CGCGCAAGGAACTACA-1_V13B23-285_A1,3
CGCGCATGTTTGATTG-1_V13B23-285_A1,11
CGCGCCCGACTTAATA-1_V13B23-285_A1,11
CGCGGCAGTATTACGG-1_V13B23-285_A1,3
CGCGGCTCAACTTGAA-1_V13B23-285_A1,16
CGCGGGAATTAGGCAG-1_V13B23-285_A1,11
CGCGGTAAGTCTAGCT-1_V13B23-285_A1,17
CGCGGTACGGTATACA-1_V13B23-285_A1,1
CGCGGTCACAAACCAA-1_V13B23-285_A1,9
CGCGTGCTATCAACGA-1_V13B23-285_A1,9
CGCGTTCATGAAATAC-1_V13B23-285_A1,6
CGCTACCGCCCTATGA-1_V13B23-285_A1,3
CGCTACGGGACATTTA-1_V13B23-285_A1,11
CGCTAGAGACCGCTGC-1_V13B23-285_A1,16
CGCTATACCGCCCACT-1_V13B23-285_A1,3
CGCTATTCAATGTATG-1_V13B23-285_A1,1
CGCTATTCTTAGGCTC-1_V13B23-285_A1,6
CGCTCGACATAATGAT-1_V13B23-285_A1,11
CGCTCTCCGTAGATTA-1_V13B23-285_A1,11
CGCTGAGGACGTCCAA-1_V13B23-285_A1,3
CGCTGGTGACTACCCT-1_V13B23-285_A1,15
CGCTGTGACGCCGCAC-1_V13B23-285_A1,11
CGCTGTGTGGATGTTG-1_V13B23-285_A1,15
CGCTTAGTATTGATAC-1_V13B23-285_A1,11
CGCTTATTCCCGGTCG-1_V13B23-285_A1,11
CGCTTCCACTGAAATC-1_V13B23-285_A1,16
CGCTTCGGTCTAAGAC-1_V13B23-285_A1,1
CGCTTGGACGGATAGA-1_V13B23-285_A1,19
CGCTTTCATACCGGTG-1_V13B23-285_A1,3
CGCTTTCTTGCATTCG-1_V13B23-285_A1,7
CGGAAAGAATCAAACG-1_V13B23-285_A1,11
CGGAAAGCAAATGTGC-1_V13B23-285_A1,11
CGGAACGTAAACATAG-1_V13B23-285_A1,11
CGGACCTTTACGTCCC-1_V13B23-285_A1,5
CGGACGTTACTTGAAG-1_V13B23-285_A1,11
CGGAGCAATTTAATCG-1_V13B23-285_A1,11
CGGAGCATGGCGATCC-1_V13B23-285_A1,11
CGGAGCTTATAACACC-1_V13B23-285_A1,9
CGGAGTTTGAGAGACA-1_V13B23-285_A1,11
CGGATAAGCGGACATG-1_V13B23-285_A1,3
CGGATCCTCAAGGACT-1_V13B23-285_A1,17
CGGCAAACATCGTGCG-1_V13B23-285_A1,11
CGGCAATAAGATCGCC-1_V13B23-285_A1,10
CGGCACCGTTAGCGCC-1_V13B23-285_A1,9
CGGCACTCAAGAAAGT-1_V13B23-285_A1,3
CGGCAGGGTCGGGTTG-1_V13B23-285_A1,16
CGGCCACGCACAAAGT-1_V13B23-285_A1,11
CGGCCAGAGCGACCAT-1_V13B23-285_A1,11
CGGCCCAACCTGTAGT-1_V13B23-285_A1,1
CGGCCCAGGTATATCC-1_V13B23-285_A1,10
CGGCGCCATCAATCCC-1_V13B23-285_A1,19
CGGCTCTAAAGCTGCA-1_V13B23-285_A1,10
CGGCTCTTCGTCGAAC-1_V13B23-285_A1,9
CGGCTTTGTATGATAA-1_V13B23-285_A1,13
CGGGAATATAGTATAC-1_V13B23-285_A1,10
CGGGAATTTATGTAAA-1_V13B23-285_A1,11
CGGGAGCTTCAGTGTA-1_V13B23-285_A1,19
CGGGAGTATACCGCCG-1_V13B23-285_A1,16
CGGGATCAATGTAAGA-1_V13B23-285_A1,11
CGGGCAGCTAAACCGC-1_V13B23-285_A1,11
CGGGCCATAGCCGCAC-1_V13B23-285_A1,3
CGGGCCTTCTTTGTAA-1_V13B23-285_A1,11
CGGGCGATGGATCACG-1_V13B23-285_A1,16
CGGGTGTACCCATTTA-1_V13B23-285_A1,16
CGGGTTGTAGCTTTGG-1_V13B23-285_A1,18
CGGGTTTGTTAGGGCT-1_V13B23-285_A1,1
CGGTACGGCAAACCCA-1_V13B23-285_A1,7
CGGTACTAGAATCAAA-1_V13B23-285_A1,11
CGGTAGAGGTGCAGGT-1_V13B23-285_A1,16
CGGTCAAGTGGGAACC-1_V13B23-285_A1,11
CGGTCCATGAGACTCC-1_V13B23-285_A1,9
CGGTCCGTCGCAAGCC-1_V13B23-285_A1,16
CGGTCTATCAACCCGT-1_V13B23-285_A1,1
CGGTGAAGACTAAAGT-1_V13B23-285_A1,11
CGGTGCAGATAGAACG-1_V13B23-285_A1,11
CGGTGCGCGTTGGTCC-1_V13B23-285_A1,11
CGGTGGGCTCCAGCCT-1_V13B23-285_A1,9
CGGTGTACTTGATCCC-1_V13B23-285_A1,3
CGGTTATCCAACAGTG-1_V13B23-285_A1,10
CGGTTCAAGTAGGTGT-1_V13B23-285_A1,15
CGGTTCCGGCTTCTTG-1_V13B23-285_A1,3
CGGTTGACCTGGCATA-1_V13B23-285_A1,11
CGTAAACGCTTGAGTG-1_V13B23-285_A1,3
CGTAACTTCGACACTT-1_V13B23-285_A1,11
CGTAATAATTACGAGT-1_V13B23-285_A1,16
CGTACCGAAAGTCTAG-1_V13B23-285_A1,3
CGTACCTGATAGGCCT-1_V13B23-285_A1,11
CGTAGAGAGTAATTAT-1_V13B23-285_A1,1
CGTAGCGAATTGTCAG-1_V13B23-285_A1,3
CGTAGCGCCGACGTTG-1_V13B23-285_A1,5
CGTATTAAGAGATCTA-1_V13B23-285_A1,11
CGTCAAGGCTATAAAT-1_V13B23-285_A1,11
CGTCAATCTTTAACAT-1_V13B23-285_A1,3
CGTCACGTCCATTGGT-1_V13B23-285_A1,11
CGTCAGCTATTTACTC-1_V13B23-285_A1,7
CGTCAGTGCGCACAAG-1_V13B23-285_A1,19
CGTCATACCATATCCA-1_V13B23-285_A1,16
CGTCCAGATGGCTCCA-1_V13B23-285_A1,18
CGTCCTCATCGCGTGC-1_V13B23-285_A1,1
CGTCGCATGTGAGCCA-1_V13B23-285_A1,1
CGTCGCGGCGGGATTT-1_V13B23-285_A1,3
CGTCGCTTGGTTATAC-1_V13B23-285_A1,15
CGTCGGATAGTGTTGA-1_V13B23-285_A1,7
CGTCGGGTCTAAGCGC-1_V13B23-285_A1,11
CGTCGTCCTTCGCGAA-1_V13B23-285_A1,16
CGTCTGGAAGGGCCCG-1_V13B23-285_A1,16
CGTCTTGAGTGTGACG-1_V13B23-285_A1,10
CGTGAAGTTAATTCAC-1_V13B23-285_A1,11
CGTGACATTGGGTCGT-1_V13B23-285_A1,16
CGTGACCAGTCCTCTG-1_V13B23-285_A1,16
CGTGCAGACTGGGACA-1_V13B23-285_A1,11
CGTGCATTGTCGACGC-1_V13B23-285_A1,11
CGTGCCCTCCCGAAGA-1_V13B23-285_A1,11
CGTGCTGGCCTAGTCG-1_V13B23-285_A1,3
CGTGCTTCTACCTAAA-1_V13B23-285_A1,16
CGTGGAAGCCTCGTAC-1_V13B23-285_A1,15
CGTGGCCGAATATCTA-1_V13B23-285_A1,16
CGTGGTACCCAAAGGC-1_V13B23-285_A1,16
CGTGTATGGGAGCTGA-1_V13B23-285_A1,17
CGTGTCCCATTCGCGA-1_V13B23-285_A1,11
CGTGTCTCGTTACGAC-1_V13B23-285_A1,11
CGTGTGTTAAACCCTG-1_V13B23-285_A1,10
CGTTAAACTAGTTAGG-1_V13B23-285_A1,10
CGTTAATGTCCCGACG-1_V13B23-285_A1,15
CGTTAGCTCACAACTG-1_V13B23-285_A1,5
CGTTATCATACTTCCA-1_V13B23-285_A1,11
CGTTCAGACCCGCGAA-1_V13B23-285_A1,15
CGTTCATGGTGCGCGT-1_V13B23-285_A1,11
CGTTCTTCGCACACCT-1_V13B23-285_A1,9
CGTTGAATACCGCGCT-1_V13B23-285_A1,7
CGTTGAGCGACCGTCG-1_V13B23-285_A1,11
CGTTGCCCGCGTGGGA-1_V13B23-285_A1,16
CGTTGTAAACGTCAGG-1_V13B23-285_A1,11
CGTTGTAAGATTGATT-1_V13B23-285_A1,16
CGTTGTCGGCAATTGA-1_V13B23-285_A1,16
CGTTGTTTCAATTCCC-1_V13B23-285_A1,11
CGTTTAAGCGGAGCAC-1_V13B23-285_A1,8
CGTTTACAAGGCAGCT-1_V13B23-285_A1,9
CGTTTCACTTCGGGCG-1_V13B23-285_A1,16
CGTTTCGCTCATTACA-1_V13B23-285_A1,11
CGTTTGGTGTTGTGGG-1_V13B23-285_A1,19
CGTTTGTGTAGAGGGT-1_V13B23-285_A1,11
CTAAACGGGTGTAATC-1_V13B23-285_A1,3
CTAAAGAATGCCTACT-1_V13B23-285_A1,11
CTAAAGGGAAATAGGA-1_V13B23-285_A1,11
CTAAAGTCCGAAGCTA-1_V13B23-285_A1,12
CTAAATCCGGTGTACA-1_V13B23-285_A1,11
CTAAATCCTATTCCGG-1_V13B23-285_A1,11
CTAACCGCGCGCCCGT-1_V13B23-285_A1,11
CTAACGAAACTTGCTG-1_V13B23-285_A1,2
CTAACTGATAATCGCC-1_V13B23-285_A1,10
CTAACTGGTCCGGTTC-1_V13B23-285_A1,11
CTAAGGGAATGATTGG-1_V13B23-285_A1,11
CTAATTCGCACGCGCT-1_V13B23-285_A1,11
CTAATTCTCAGATATT-1_V13B23-285_A1,8
CTAATTTCAACAACAC-1_V13B23-285_A1,1
CTACAAGAAATAACCC-1_V13B23-285_A1,11
CTACACTAGCTTGTTC-1_V13B23-285_A1,3
CTACACTCGCAGATGG-1_V13B23-285_A1,15
CTACCCTAAGGTCATA-1_V13B23-285_A1,7
CTACGACTAGCTATAA-1_V13B23-285_A1,11
CTACGCACGGAGTACC-1_V13B23-285_A1,11
CTACGCCATTTCCGAT-1_V13B23-285_A1,13
CTACGTGTTGCCACCA-1_V13B23-285_A1,19
CTACTATCATAGGTTT-1_V13B23-285_A1,11
CTACTATCTTTCAGAG-1_V13B23-285_A1,16
CTACTCAAGGTATAGT-1_V13B23-285_A1,8
CTACTCTAGGCCCGGC-1_V13B23-285_A1,11
CTACTGCCACCTGACC-1_V13B23-285_A1,11
CTAGATAAACTCCTCG-1_V13B23-285_A1,3
CTAGATGTGAGTGTAA-1_V13B23-285_A1,10
CTAGATTTACGACGGC-1_V13B23-285_A1,11
CTAGCAACTAATTTAC-1_V13B23-285_A1,3
CTAGCATAGTATAATG-1_V13B23-285_A1,11
CTAGCCACAGGCGAGC-1_V13B23-285_A1,19
CTAGCCGATGTTATGA-1_V13B23-285_A1,8
CTAGCTTAATGGTCCC-1_V13B23-285_A1,15
CTAGGCGCCCTATCAG-1_V13B23-285_A1,8
CTAGGCGGCAGAGAAT-1_V13B23-285_A1,3
CTAGGTCTGAAGGAAT-1_V13B23-285_A1,10
CTAGGTTCGGACGTGA-1_V13B23-285_A1,7
CTAGTAGAAAGGGATT-1_V13B23-285_A1,1
CTAGTATTCGGAATTA-1_V13B23-285_A1,15
CTAGTCACGTCTTAAG-1_V13B23-285_A1,11
CTAGTGAAGGACAGGA-1_V13B23-285_A1,11
CTAGTTACAACCCGGT-1_V13B23-285_A1,10
CTAGTTGGGCCCGGTA-1_V13B23-285_A1,11
CTATAAGAGCCAATCG-1_V13B23-285_A1,16
CTATAGGCGTTGATGT-1_V13B23-285_A1,11
CTATCGACGAAATACA-1_V13B23-285_A1,16
CTATCGCGTAGAGAAC-1_V13B23-285_A1,1
CTATCGGGTCTCAACA-1_V13B23-285_A1,6
CTATGCCCGAATGCAA-1_V13B23-285_A1,11
CTATGGGAAGCGGAAT-1_V13B23-285_A1,10
CTATGTCACTAGCCCA-1_V13B23-285_A1,11
CTATGTCTATTGAAAC-1_V13B23-285_A1,1
CTATGTGAGTCACGGC-1_V13B23-285_A1,11
CTATTCATGTGTCCCA-1_V13B23-285_A1,11
CTATTTGCTTGGAGGA-1_V13B23-285_A1,19
CTATTTGGTTACGGAT-1_V13B23-285_A1,11
CTCAAACCACTGCCCG-1_V13B23-285_A1,15
CTCAACTAACCCGGAT-1_V13B23-285_A1,16
CTCACATTTACTAAAT-1_V13B23-285_A1,10
CTCACCAGTACAAGTG-1_V13B23-285_A1,11
CTCACTGTGATACTTA-1_V13B23-285_A1,1
CTCACTTGGCTGGTAA-1_V13B23-285_A1,11
CTCAGATTGTGATAAG-1_V13B23-285_A1,11
CTCAGGACTCACCTGT-1_V13B23-285_A1,3
CTCAGTCACGACAAAT-1_V13B23-285_A1,5
CTCATCACTTAGTGAT-1_V13B23-285_A1,5
CTCATGGCTCACAATC-1_V13B23-285_A1,19
CTCATGGTAATTTGCG-1_V13B23-285_A1,11
CTCATTCGTGAACATC-1_V13B23-285_A1,11
CTCATTGCTCTAACAA-1_V13B23-285_A1,15
CTCATTTGATGGGCGG-1_V13B23-285_A1,13
CTCCCAATGAGTCGCG-1_V13B23-285_A1,19
CTCCCTCCTTTCGATC-1_V13B23-285_A1,11
CTCCGCCCACATGAGG-1_V13B23-285_A1,11
CTCCGGCCTAATATGC-1_V13B23-285_A1,11
CTCCGGCTTGTAGACA-1_V13B23-285_A1,3
CTCCTAAGTTATGTCT-1_V13B23-285_A1,3
CTCCTCCAGCTCACAC-1_V13B23-285_A1,16
CTCCTGTTCAAGGCAG-1_V13B23-285_A1,15
CTCCTTTACGCAAGTC-1_V13B23-285_A1,5
CTCGAGACATACGATA-1_V13B23-285_A1,11
CTCGAGATCCAAAGCA-1_V13B23-285_A1,3
CTCGAGGTCGAACAGT-1_V13B23-285_A1,11
CTCGATATTTGCGAGC-1_V13B23-285_A1,7
CTCGCACCTATATAGT-1_V13B23-285_A1,11
CTCGCATTGCATAGCC-1_V13B23-285_A1,11
CTCGCCGAATGTAGGG-1_V13B23-285_A1,11
CTCGGGATAACACCTA-1_V13B23-285_A1,10
CTCGGGTTCTCTGGCC-1_V13B23-285_A1,11
CTCGGTACCACTGCTC-1_V13B23-285_A1,11
CTCGGTCCGTAGCCTG-1_V13B23-285_A1,11
CTCGGTTGTCGGCCCT-1_V13B23-285_A1,16
CTCGTCGAGGGCTCAT-1_V13B23-285_A1,11
CTCGTCTGTGCCTTCG-1_V13B23-285_A1,16
CTCGTTTCTAATGTTT-1_V13B23-285_A1,7
CTCTAATGCATTGATC-1_V13B23-285_A1,5
CTCTACACTGGCGATT-1_V13B23-285_A1,11
CTCTAGCCCTCGGAAA-1_V13B23-285_A1,15
CTCTATTTGGCTGCAG-1_V13B23-285_A1,11
CTCTCACAATCGATGA-1_V13B23-285_A1,11
CTCTCGATGTGCGCCT-1_V13B23-285_A1,14
CTCTCGCTGTACTATG-1_V13B23-285_A1,11
CTCTCTAACTGCCTAG-1_V13B23-285_A1,11
CTCTGCGAAGCAAGCA-1_V13B23-285_A1,16
CTCTGGACGCCTGGTG-1_V13B23-285_A1,11
CTCTGTGCCTGCTATG-1_V13B23-285_A1,3
CTCTGTTTGAGGATTC-1_V13B23-285_A1,3
CTCTTCTATTGACTGG-1_V13B23-285_A1,17
CTCTTCTGGAAGTTAG-1_V13B23-285_A1,6
CTCTTGTCCCGCTTGG-1_V13B23-285_A1,15
CTGAAAGAGATCCGAC-1_V13B23-285_A1,11
CTGAATCCGAGACCTC-1_V13B23-285_A1,11
CTGAATTTATTGCCAG-1_V13B23-285_A1,5
CTGACATAGAAATAGA-1_V13B23-285_A1,7
CTGACTGCGCAGCTCG-1_V13B23-285_A1,7
CTGAGAAAGTTCGGCG-1_V13B23-285_A1,8
CTGAGCAAGTAACAAG-1_V13B23-285_A1,3
CTGATAGTGTATCTCA-1_V13B23-285_A1,11
CTGCAAGCACGTTCCG-1_V13B23-285_A1,1
CTGCACAACTACATAT-1_V13B23-285_A1,15
CTGCACCTAGTCCACA-1_V13B23-285_A1,7
CTGCACCTGGAACCGC-1_V13B23-285_A1,3
CTGCACTCCAGTACAG-1_V13B23-285_A1,7
CTGCAGAGAATCAGAG-1_V13B23-285_A1,16
CTGCCAAGGTTGGAAG-1_V13B23-285_A1,11
CTGCCATGCATCACAT-1_V13B23-285_A1,11
CTGCCCACGAAGCGTT-1_V13B23-285_A1,11
CTGCCTAGCCACCAAG-1_V13B23-285_A1,9
CTGCCTCATATGCAAC-1_V13B23-285_A1,10
CTGCCTTTAATACCTT-1_V13B23-285_A1,5
CTGCCTTTCTAGTAAA-1_V13B23-285_A1,17
CTGCGACCTCGCCGAA-1_V13B23-285_A1,5
CTGCGGGTGAAATGTT-1_V13B23-285_A1,11
CTGCGTTACGATATAA-1_V13B23-285_A1,16
CTGCTGAGGCCACGAA-1_V13B23-285_A1,11
CTGCTGTCTAACGAGC-1_V13B23-285_A1,16
CTGCTTGGCGATAGCT-1_V13B23-285_A1,17
CTGCTTTATGTCCGCG-1_V13B23-285_A1,9
CTGGAAATGGATGCTT-1_V13B23-285_A1,11
CTGGAAGACACGGTGG-1_V13B23-285_A1,10
CTGGACGCAGTCCGGC-1_V13B23-285_A1,11
CTGGATTTACACTTGA-1_V13B23-285_A1,11
CTGGCATCCGAATGAG-1_V13B23-285_A1,11
CTGGCGACATAAGTCC-1_V13B23-285_A1,1
CTGGCGATTTACATGT-1_V13B23-285_A1,12
CTGGCGCACAGGTCTG-1_V13B23-285_A1,10
CTGGCGGGAATAAGTA-1_V13B23-285_A1,17
CTGGCTCCTGCGGGAT-1_V13B23-285_A1,3
CTGGCTGATTCATCCT-1_V13B23-285_A1,1
CTGGCTGCTAACGTAA-1_V13B23-285_A1,19
CTGGCTGGTTGTCAGT-1_V13B23-285_A1,11
CTGGGATAAATAATGG-1_V13B23-285_A1,16
CTGGGATACGCTACCC-1_V13B23-285_A1,10
CTGGGCCTGCTATATC-1_V13B23-285_A1,11
CTGGGTAGGCAGTTAA-1_V13B23-285_A1,11
CTGGGTTGAGTTAAAG-1_V13B23-285_A1,11
CTGGTAAAGACTTACA-1_V13B23-285_A1,12
CTGGTAAAGTGTGGGC-1_V13B23-285_A1,17
CTGGTAACACATAGAA-1_V13B23-285_A1,11
CTGGTAACGAGCTCTT-1_V13B23-285_A1,10
CTGGTCATTCCAATCC-1_V13B23-285_A1,11
CTGGTCCTAACTTGGC-1_V13B23-285_A1,9
CTGGTTCAACGCATCA-1_V13B23-285_A1,3
CTGGTTCGCGAGCTAC-1_V13B23-285_A1,10
CTGGTTTCGAGCAAGA-1_V13B23-285_A1,10
CTGTACTTCTTAGCAT-1_V13B23-285_A1,11
CTGTAGCCATCTCACT-1_V13B23-285_A1,11
CTGTATGGTGTAGAAA-1_V13B23-285_A1,1
CTGTCAAATGGCTCGG-1_V13B23-285_A1,6
CTGTGCAGGGTAGGTC-1_V13B23-285_A1,11
CTGTGGTCGGGAGATA-1_V13B23-285_A1,15
CTGTTACCCAATCTAG-1_V13B23-285_A1,11
CTGTTCACTGCCTGTG-1_V13B23-285_A1,11
CTGTTCATCTCACGGG-1_V13B23-285_A1,11
CTGTTGGCTCTTCTGA-1_V13B23-285_A1,11
CTTAAATAAGACCCAT-1_V13B23-285_A1,11
CTTAACTTACAGTATA-1_V13B23-285_A1,1
CTTAACTTCGAAGTAC-1_V13B23-285_A1,17
CTTAAGCAGCGAGCCG-1_V13B23-285_A1,11
CTTACACGGTATTCCA-1_V13B23-285_A1,11
CTTACACTGGGAAATA-1_V13B23-285_A1,3
CTTAGCCCGGATAGTG-1_V13B23-285_A1,11
CTTAGCCTTCCACATG-1_V13B23-285_A1,6
CTTAGTAGGCCTACAG-1_V13B23-285_A1,16
CTTAGTGTAGTAGCAT-1_V13B23-285_A1,19
CTTATAGATGGCTGTT-1_V13B23-285_A1,19
CTTATGCGCTCAGGGC-1_V13B23-285_A1,11
CTTATGTTGACTACCA-1_V13B23-285_A1,3
CTTCAACTCCACTTGG-1_V13B23-285_A1,19
CTTCAGTGGTCGCCTA-1_V13B23-285_A1,11
CTTCATAGCTCAAGAA-1_V13B23-285_A1,16
CTTCATTGTCAGTGGA-1_V13B23-285_A1,11
CTTCCGCTCCGTGAAG-1_V13B23-285_A1,11
CTTCGATTGCGCAAGC-1_V13B23-285_A1,1
CTTCGGCCAATTGTTT-1_V13B23-285_A1,10
CTTCGTAGATAGGTGA-1_V13B23-285_A1,11
CTTCGTGCCCGCATCG-1_V13B23-285_A1,14
CTTCTATGTTGAAGTA-1_V13B23-285_A1,11
CTTCTATTAATGCTAG-1_V13B23-285_A1,11
CTTCTTACGTCGTATA-1_V13B23-285_A1,19
CTTGACCCGAAAGATA-1_V13B23-285_A1,13
CTTGAGGTTATCCCGA-1_V13B23-285_A1,3
CTTGAGTTAGGGTAAT-1_V13B23-285_A1,10
CTTGATGACCATCCAG-1_V13B23-285_A1,8
CTTGCAACCGCCTCCT-1_V13B23-285_A1,11
CTTGCCCACCCACGCA-1_V13B23-285_A1,8
CTTGCCCAGGCTCTAC-1_V13B23-285_A1,11
CTTGGCCAAGCTGGGA-1_V13B23-285_A1,11
CTTGTACTTGTTGACT-1_V13B23-285_A1,11
CTTGTCAACATTCGAG-1_V13B23-285_A1,11
CTTGTCGTACGTGTCA-1_V13B23-285_A1,3
CTTGTGAGGACAGCGG-1_V13B23-285_A1,3
CTTGTGAGTCTTTGAC-1_V13B23-285_A1,3
CTTGTGCTCACCGATT-1_V13B23-285_A1,5
CTTGTTGCTGAGTCAA-1_V13B23-285_A1,11
CTTGTTTATGTAGCCA-1_V13B23-285_A1,17
CTTTAACTTTCAAAGG-1_V13B23-285_A1,11
CTTTAATATTGGTCGA-1_V13B23-285_A1,10
CTTTACCGAATAGTAG-1_V13B23-285_A1,10
CTTTAGGAACACTGTT-1_V13B23-285_A1,11
CTTTAGTGCTATTATT-1_V13B23-285_A1,11
CTTTCTGTGCGGGCTT-1_V13B23-285_A1,10
CTTTGACGTCGCTTCT-1_V13B23-285_A1,11
CTTTGCATCGCTCTTG-1_V13B23-285_A1,15
CTTTGCTGTCATGGAT-1_V13B23-285_A1,10
CTTTGGCGCTTTATAC-1_V13B23-285_A1,11
CTTTGGCTTTAGTAAA-1_V13B23-285_A1,11
CTTTGGGATTGTTGCA-1_V13B23-285_A1,11
CTTTGTCGAATGCTCC-1_V13B23-285_A1,16
GAAACAGATGACCACC-1_V13B23-285_A1,10
GAAACAGCCATGCAGT-1_V13B23-285_A1,12
GAAACATAGGAAACAG-1_V13B23-285_A1,5
GAAACCATGGTGCGCT-1_V13B23-285_A1,7
GAAACCGAATTACCTT-1_V13B23-285_A1,11
GAAACCTATACAAATG-1_V13B23-285_A1,16
GAAACTCGTGCGATGC-1_V13B23-285_A1,11
GAAACTCTAATGAAGG-1_V13B23-285_A1,5
GAAAGAACAGCGTTAT-1_V13B23-285_A1,10
GAAAGCAGTGCACTTT-1_V13B23-285_A1,11
GAAAGCCCTTTGGACC-1_V13B23-285_A1,11
GAAAGTGACTAACTGC-1_V13B23-285_A1,11
GAAATACTAAACGTTT-1_V13B23-285_A1,14
GAAATATCACCATCAG-1_V13B23-285_A1,11
GAAATCGCGCGCAACT-1_V13B23-285_A1,11
GAAATCTGACCAAGTT-1_V13B23-285_A1,11
GAAATGGCGGTGTTAG-1_V13B23-285_A1,11
GAAATGGGATGTAAAC-1_V13B23-285_A1,3
GAAATTAGCACGGATA-1_V13B23-285_A1,5
GAAATTCACATCGCTG-1_V13B23-285_A1,16
GAAATTGTCTCTATAA-1_V13B23-285_A1,11
GAACAACTGGGATGAA-1_V13B23-285_A1,1
GAACACACATCAACCA-1_V13B23-285_A1,11
GAACAGATTACTAAAT-1_V13B23-285_A1,1
GAACCATCTGGGAGAC-1_V13B23-285_A1,5
GAACCCTCTGTGTTCT-1_V13B23-285_A1,11
GAACCTCGACCTACAC-1_V13B23-285_A1,11
GAACCTTTAACGATCC-1_V13B23-285_A1,1
GAACGACCGAATGATA-1_V13B23-285_A1,11
GAACGATAAGTTAAAG-1_V13B23-285_A1,5
GAACGCGGGTCACACG-1_V13B23-285_A1,10
GAACGTCTCATGGTCG-1_V13B23-285_A1,15
GAACGTTAGGAAGACG-1_V13B23-285_A1,11
GAACTGTGGAGAGACA-1_V13B23-285_A1,11
GAAGAAACGATATTGT-1_V13B23-285_A1,11
GAAGAACGGTGCAGGT-1_V13B23-285_A1,3
GAAGCAAGGCAATGTT-1_V13B23-285_A1,3
GAAGCCACTGATTATG-1_V13B23-285_A1,16
GAAGCCGGGTAAGCTC-1_V13B23-285_A1,11
GAAGCCTGCACATTCC-1_V13B23-285_A1,11
GAAGCGTGAGGAATTT-1_V13B23-285_A1,11
GAAGCTCGGACCCGTC-1_V13B23-285_A1,11
GAAGCTCTTTGCTTAG-1_V13B23-285_A1,3
GAAGCTTGCTGACCGC-1_V13B23-285_A1,11
GAAGGACTAAATTGAA-1_V13B23-285_A1,12
GAAGGAGTCGAGTGCG-1_V13B23-285_A1,16
GAAGGCTACCATTGTT-1_V13B23-285_A1,5
GAAGGGCATAACCATG-1_V13B23-285_A1,3
GAAGTCAGTTGCACTA-1_V13B23-285_A1,11
GAAGTCTCCCTAGCGA-1_V13B23-285_A1,10
GAAGTGATTTATCGTG-1_V13B23-285_A1,11
GAAGTGCTGGATAGCT-1_V13B23-285_A1,16
GAAGTTTCCACTCAAT-1_V13B23-285_A1,11
GAATAGACGCGACCCA-1_V13B23-285_A1,10
GAATAGCATTTAGGGT-1_V13B23-285_A1,10
GAATAGTGCTCGATTA-1_V13B23-285_A1,11
GAATATTCGGAGTCCC-1_V13B23-285_A1,13
GAATCGACATGGTCAC-1_V13B23-285_A1,11
GAATCGCCGGACACGG-1_V13B23-285_A1,3
GAATCTGAACATTCTC-1_V13B23-285_A1,11
GAATGCCGAAATGACC-1_V13B23-285_A1,7
GAATGCGAATCGGTTC-1_V13B23-285_A1,10
GAATGGGCTTATCGAC-1_V13B23-285_A1,11
GAATGTATGGCAGGTC-1_V13B23-285_A1,7
GAATGTGGTCCGGATT-1_V13B23-285_A1,11
GAATGTTGGGTAATCT-1_V13B23-285_A1,11
GAATTATAGTGAAAGG-1_V13B23-285_A1,11
GAATTCACCCGGGTGT-1_V13B23-285_A1,11
GAATTTCTCGCTGCAG-1_V13B23-285_A1,11
GACAAACATATGCAGG-1_V13B23-285_A1,1
GACAACGACCATTGAA-1_V13B23-285_A1,11
GACAACGCAGCTTACG-1_V13B23-285_A1,11
GACAAGAGATGAGATT-1_V13B23-285_A1,17
GACACAAGGGAAGAAA-1_V13B23-285_A1,16
GACACGAGTTAGAGGA-1_V13B23-285_A1,2
GACACTGAGTTCAGTG-1_V13B23-285_A1,11
GACACTGGAACCCGAT-1_V13B23-285_A1,15
GACACTTCCAATTACC-1_V13B23-285_A1,17
GACAGATTTCTGGCTC-1_V13B23-285_A1,11
GACAGCCAGACCTGAC-1_V13B23-285_A1,11
GACAGGCACACACTAT-1_V13B23-285_A1,11
GACATACTGTCGCAGA-1_V13B23-285_A1,11
GACATCCGTCGAACTG-1_V13B23-285_A1,15
GACATCGATTTATAAC-1_V13B23-285_A1,11
GACCAAACGTTGACTG-1_V13B23-285_A1,15
GACCACACTTCCCTTT-1_V13B23-285_A1,16
GACCAGAGCCCTGTAG-1_V13B23-285_A1,11
GACCCAATTATGATAC-1_V13B23-285_A1,11
GACCCGTCGCCGGCTA-1_V13B23-285_A1,3
GACCGACGTGAAAGCA-1_V13B23-285_A1,10
GACCGACTGAAGCGTC-1_V13B23-285_A1,11
GACCGCGTCTGACGTG-1_V13B23-285_A1,16
GACCGTCAGGTCGTGA-1_V13B23-285_A1,12
GACCGTGCTGACGGTG-1_V13B23-285_A1,11
GACCGTTACATGCGAC-1_V13B23-285_A1,11
GACCTTCCACGTCTAC-1_V13B23-285_A1,3
GACGACGATCCGCGTT-1_V13B23-285_A1,11
GACGAGGCTAATAAAC-1_V13B23-285_A1,10
GACGCCGTAAAGGCTA-1_V13B23-285_A1,11
GACGCCTGTTGCAGGG-1_V13B23-285_A1,3
GACGCTTGCTTCTAAA-1_V13B23-285_A1,11
GACGGACCGCGTTCCT-1_V13B23-285_A1,2
GACGGGATGTCTTATG-1_V13B23-285_A1,2
GACGGGTTGGCCCGTA-1_V13B23-285_A1,16
GACGGTCAATAGAAGC-1_V13B23-285_A1,10
GACGGTCCTAGGGTGT-1_V13B23-285_A1,10
GACGTGAGACTCCATG-1_V13B23-285_A1,3
GACGTGTAGGGATTAT-1_V13B23-285_A1,11
GACGTTCGTAAATACA-1_V13B23-285_A1,5
GACTAAGATCATGCAC-1_V13B23-285_A1,11
GACTAAGTAGGCTCAC-1_V13B23-285_A1,11
GACTACAAAGCGGTGG-1_V13B23-285_A1,11
GACTACAATTGCTCGT-1_V13B23-285_A1,9
GACTAGGCCGTTAGGT-1_V13B23-285_A1,19
GACTCACCCACGTGAG-1_V13B23-285_A1,10
GACTCCCAGAATAAGG-1_V13B23-285_A1,5
GACTCCTTCCAATTGA-1_V13B23-285_A1,10
GACTCGCGGGAATGAC-1_V13B23-285_A1,10
GACTGCAAATCGAGCT-1_V13B23-285_A1,3
GACTGCACCAGCCCAG-1_V13B23-285_A1,11
GACTGCGGCACGTGTA-1_V13B23-285_A1,11
GAGAACGGTTCTGACT-1_V13B23-285_A1,1
GAGAATCTCACGATCA-1_V13B23-285_A1,11
GAGACTGATGGGTAGA-1_V13B23-285_A1,11
GAGACTTCGCGACCGA-1_V13B23-285_A1,11
GAGAGCGCAGTCCCTG-1_V13B23-285_A1,11
GAGAGGCCTATGTGTA-1_V13B23-285_A1,7
GAGAGGGCGCGAGGTT-1_V13B23-285_A1,11
GAGAGGTGCATTCTGG-1_V13B23-285_A1,11
GAGATCTGCTTGGCAT-1_V13B23-285_A1,11
GAGATCTGTCACTCCG-1_V13B23-285_A1,16
GAGATCTTCCATGACA-1_V13B23-285_A1,10
GAGATGACAATCCTTA-1_V13B23-285_A1,7
GAGATGGCTTTAATCA-1_V13B23-285_A1,16
GAGATGGGAGTCGACA-1_V13B23-285_A1,16
GAGCACCTGTGTCCAG-1_V13B23-285_A1,17
GAGCACGGCGCCTCTT-1_V13B23-285_A1,10
GAGCATCAACAACTTG-1_V13B23-285_A1,12
GAGCATCATCCCTGGG-1_V13B23-285_A1,3
GAGCCACGGTAGTAGG-1_V13B23-285_A1,5
GAGCCAGCTACCTGTG-1_V13B23-285_A1,1
GAGCGAGGGAGTACCG-1_V13B23-285_A1,17
GAGCGCAAATACTCCG-1_V13B23-285_A1,10
GAGCGCGCACGAGTAG-1_V13B23-285_A1,1
GAGCGCTGTTAGGTAA-1_V13B23-285_A1,11
GAGCTAAGGGCATATC-1_V13B23-285_A1,16
GAGCTCTCGGACCTAA-1_V13B23-285_A1,3
GAGCTGTCGTCTCGGA-1_V13B23-285_A1,2
GAGGAATGGAGAGGTT-1_V13B23-285_A1,11
GAGGAGATCCTCATGC-1_V13B23-285_A1,19
GAGGAGTAATTCCTAC-1_V13B23-285_A1,18
GAGGATAAACAGTGCT-1_V13B23-285_A1,10
GAGGCCCGACTCCGCA-1_V13B23-285_A1,11
GAGGCCTGTTGATACA-1_V13B23-285_A1,1
GAGGCTATCAAAGTCG-1_V13B23-285_A1,11
GAGGGAGTCAGATCGC-1_V13B23-285_A1,15
GAGGGCATCGCGTATC-1_V13B23-285_A1,3
GAGGGCGCAGCTCTGC-1_V13B23-285_A1,5
GAGGGTAGTAACAAAG-1_V13B23-285_A1,16
GAGGTACATCCATCTT-1_V13B23-285_A1,4
GAGGTACGCGTGTCCC-1_V13B23-285_A1,15
GAGGTCCCAAAGATCT-1_V13B23-285_A1,1
GAGTAAACCGGAAAGT-1_V13B23-285_A1,7
GAGTAAGGCCACGGGA-1_V13B23-285_A1,11
GAGTACGGGTATACAA-1_V13B23-285_A1,3
GAGTAGATACTAGTTG-1_V13B23-285_A1,11
GAGTATCAAAGTTACA-1_V13B23-285_A1,10
GAGTATGCCCGCCTTG-1_V13B23-285_A1,11
GAGTATGCGCGTGCAT-1_V13B23-285_A1,15
GAGTCAGACCAGAATC-1_V13B23-285_A1,11
GAGTCCGCTTACCGGA-1_V13B23-285_A1,11
GAGTCGACAGACCCTC-1_V13B23-285_A1,11
GAGTCTTGTAAAGGAC-1_V13B23-285_A1,11
GAGTGTCAACCAGAAA-1_V13B23-285_A1,16
GAGTGTGCGGTACCCA-1_V13B23-285_A1,11
GAGTTCTGTGGGTGCT-1_V13B23-285_A1,11
GAGTTGATGGCAATTT-1_V13B23-285_A1,11
GATAAATCGGTGGATG-1_V13B23-285_A1,3
GATAACTCGCACTGTG-1_V13B23-285_A1,10
GATAAGGCAGATGCAA-1_V13B23-285_A1,3
GATACCGTGTCGGAGT-1_V13B23-285_A1,10
GATACGATGGGAGTCA-1_V13B23-285_A1,11
GATAGCGTACCACGCG-1_V13B23-285_A1,5
GATAGGATTAATTACA-1_V13B23-285_A1,10
GATAGGTAACGTTGAC-1_V13B23-285_A1,11
GATAGGTGTCCCGGGC-1_V13B23-285_A1,7
GATATCAAGCAGGAGC-1_V13B23-285_A1,11
GATATCAGTATGTATC-1_V13B23-285_A1,3
GATATCTCATGCAATA-1_V13B23-285_A1,15
GATATGAGACACTAAC-1_V13B23-285_A1,11
GATATGCGGTAGCCAA-1_V13B23-285_A1,16
GATATGGATTACGCGG-1_V13B23-285_A1,11
GATATTGAGATTGGCG-1_V13B23-285_A1,10
GATATTTCCTACATGG-1_V13B23-285_A1,16
GATCAACATAAAGGGA-1_V13B23-285_A1,11
GATCATTCCAAACATT-1_V13B23-285_A1,11
GATCCCTTTATACTGC-1_V13B23-285_A1,11
GATCCGAATATAAGTG-1_V13B23-285_A1,10
GATCCGGGAATTAACA-1_V13B23-285_A1,11
GATCCTAAATCGGGAC-1_V13B23-285_A1,5
GATCCTCGACACTGGC-1_V13B23-285_A1,11
GATCGACACTATCTGA-1_V13B23-285_A1,10
GATCGCGGGCTCTCCA-1_V13B23-285_A1,6
GATCGCTACCCGATTT-1_V13B23-285_A1,19
GATCGCTATATCTCAG-1_V13B23-285_A1,16
GATCGGATAGAACCAT-1_V13B23-285_A1,11
GATCGGCGATAAGTCG-1_V13B23-285_A1,16
GATCGGTGGCCATAAC-1_V13B23-285_A1,12
GATCGTGACTGATATC-1_V13B23-285_A1,11
GATCTAACCGTATTCA-1_V13B23-285_A1,11
GATCTCGACGCTGTGG-1_V13B23-285_A1,7
GATCTGCTATCTAAGG-1_V13B23-285_A1,16
GATCTTCATTGTCCTC-1_V13B23-285_A1,11
GATCTTGGAGGGCATA-1_V13B23-285_A1,11
GATCTTTGCAGGGTAT-1_V13B23-285_A1,11
GATGACAAGTAGGGCA-1_V13B23-285_A1,16
GATGAGGAACCTTCGG-1_V13B23-285_A1,16
GATGATTTGAAACTGG-1_V13B23-285_A1,3
GATGCCACACTACAGC-1_V13B23-285_A1,3
GATGCCAGCAGAAGGC-1_V13B23-285_A1,11
GATGCCTTCTGCGGCA-1_V13B23-285_A1,6
GATGCGAATGGTATTA-1_V13B23-285_A1,11
GATGCGTCCTGCATTC-1_V13B23-285_A1,11
GATGCTACAAGCGCCT-1_V13B23-285_A1,16
GATGCTACCTTCGATG-1_V13B23-285_A1,11
GATGCTGTATTTCATC-1_V13B23-285_A1,11
GATGGCGCACACATTA-1_V13B23-285_A1,1
GATGTAACGAACCACC-1_V13B23-285_A1,11
GATGTCCGGATCACAT-1_V13B23-285_A1,3
GATGTCGGTCAACTGC-1_V13B23-285_A1,9
GATGTTCAATCCACGA-1_V13B23-285_A1,6
GATGTTTGTGCGAGAT-1_V13B23-285_A1,17
GATTAACCGAAAGCCC-1_V13B23-285_A1,7
GATTAATCCTGGCTCA-1_V13B23-285_A1,3
GATTACTGAATTTGGG-1_V13B23-285_A1,11
GATTCCCTTGTCGCAG-1_V13B23-285_A1,11
GATTCCGCGTTTCCGT-1_V13B23-285_A1,18
GATTCCTATACGGCGC-1_V13B23-285_A1,11
GATTCGACGGTTCACG-1_V13B23-285_A1,11
GATTGACACTCTGCTC-1_V13B23-285_A1,9
GATTGCTCCAGTTGCA-1_V13B23-285_A1,15
GATTGGGAAAGGTTGT-1_V13B23-285_A1,16
GCAAACCCTACATTAT-1_V13B23-285_A1,11
GCAAACCTTGGCCATA-1_V13B23-285_A1,16
GCAAACGTCGCCAGGT-1_V13B23-285_A1,10
GCAAATATTACGCTTT-1_V13B23-285_A1,11
GCAAATGAGGACACTT-1_V13B23-285_A1,11
GCAACACACTAGAACT-1_V13B23-285_A1,11
GCAACAGCAGTATGCG-1_V13B23-285_A1,10
GCAACCACCAGACCGG-1_V13B23-285_A1,5
GCAACCACGGCCGCGT-1_V13B23-285_A1,11
GCAACCCAAGTTGTTT-1_V13B23-285_A1,11
GCAACGGCTAGTTATG-1_V13B23-285_A1,10
GCAAGAATTCCTTGGC-1_V13B23-285_A1,11
GCAAGCTGGAAACCGC-1_V13B23-285_A1,16
GCAAGTGCACAGAGAA-1_V13B23-285_A1,11
GCAAGTGTAAAGCATG-1_V13B23-285_A1,5
GCAATTAGTCGCACCG-1_V13B23-285_A1,7
GCACAAACGAGGCGTG-1_V13B23-285_A1,10
GCACAACCTCGGGCGT-1_V13B23-285_A1,5
GCACAAGTGGATCATA-1_V13B23-285_A1,11
GCACAAGTGTCGGAAG-1_V13B23-285_A1,14
GCACACACTGGTAGCC-1_V13B23-285_A1,16
GCACACGCCCATGGTC-1_V13B23-285_A1,11
GCACGCCTACTTAGAT-1_V13B23-285_A1,11
GCACGTGGTTTACTTA-1_V13B23-285_A1,19
GCACTAGTCGCGCTAT-1_V13B23-285_A1,3
GCACTCCCACAGTCCC-1_V13B23-285_A1,3
GCACTGCCTACCTTTA-1_V13B23-285_A1,15
GCACTGTGCAAATGTA-1_V13B23-285_A1,3
GCAGAAGGTAATCTCC-1_V13B23-285_A1,7
GCAGACCCAGCACGTA-1_V13B23-285_A1,10
GCAGATCCATAAGACT-1_V13B23-285_A1,10
GCAGATCCTCGCAAAT-1_V13B23-285_A1,11
GCAGATTAGGGATATC-1_V13B23-285_A1,11
GCAGCACACAGCCCAG-1_V13B23-285_A1,11
GCAGCCTATATCACAT-1_V13B23-285_A1,10
GCAGCGGTGGGCATTA-1_V13B23-285_A1,3
GCAGGAACTTAGATCT-1_V13B23-285_A1,11
GCAGGACTATAGAATA-1_V13B23-285_A1,11
GCAGGTAGAGTATGGT-1_V13B23-285_A1,3
GCAGTGTGGCTATAGG-1_V13B23-285_A1,17
GCAGTTCGATCCGAGC-1_V13B23-285_A1,10
GCATACGAGGTCTTTA-1_V13B23-285_A1,11
GCATAGAGCACTCAGG-1_V13B23-285_A1,11
GCATCCCTAACTTTGA-1_V13B23-285_A1,3
GCATCGGCCGTGTAGG-1_V13B23-285_A1,1
GCATGAGGGACGCGGC-1_V13B23-285_A1,15
GCATGCTAATAACGAT-1_V13B23-285_A1,7
GCATGGGTACTGACGC-1_V13B23-285_A1,11
GCATTCAAGGCAACGC-1_V13B23-285_A1,19
GCATTCGAAATGAACA-1_V13B23-285_A1,12
GCATTGACTTGCGGAA-1_V13B23-285_A1,11
GCATTGTAATTCATAT-1_V13B23-285_A1,11
GCATTTCCAAGGCTCC-1_V13B23-285_A1,10
GCCAACCATTTCCGGA-1_V13B23-285_A1,5
GCCAAGAATACTTCTG-1_V13B23-285_A1,11
GCCAATAGGGCATCTC-1_V13B23-285_A1,15
GCCACAATTTAAGGAC-1_V13B23-285_A1,11
GCCACTCAGAGCGCGA-1_V13B23-285_A1,1
GCCACTCCTTACGGTA-1_V13B23-285_A1,1
GCCAGGAGTAACCGAT-1_V13B23-285_A1,16
GCCAGGCTTAGTGGTA-1_V13B23-285_A1,14
GCCATATTGCACACAG-1_V13B23-285_A1,5
GCCATCGAGCTGCGTG-1_V13B23-285_A1,11
GCCATCGATGCTGCAT-1_V13B23-285_A1,10
GCCATTAGCCTCAAAC-1_V13B23-285_A1,11
GCCCACCAAGGCTGTC-1_V13B23-285_A1,3
GCCCAGATGCTGGAGA-1_V13B23-285_A1,10
GCCCAGTTGGTATGCC-1_V13B23-285_A1,11
GCCCGACTTCTTCCCG-1_V13B23-285_A1,11
GCCCGAGAGTCTAAAT-1_V13B23-285_A1,11
GCCCGATCTGTGGTCG-1_V13B23-285_A1,11
GCCCGCGCGTAAACGG-1_V13B23-285_A1,11
GCCCGCGCGTTTGACA-1_V13B23-285_A1,16
GCCCGTAATACCTTCT-1_V13B23-285_A1,11
GCCCTAGCCGTCGCGA-1_V13B23-285_A1,11
GCCGAAATTCCTACGT-1_V13B23-285_A1,11
GCCGACCCACGACTGC-1_V13B23-285_A1,16
GCCGATTGGCCAAGCT-1_V13B23-285_A1,11
GCCGCACTCCGTTTCA-1_V13B23-285_A1,10
GCCGCATTAGTCCGGC-1_V13B23-285_A1,11
GCCGCTTGTGAGAAAC-1_V13B23-285_A1,11
GCCGGAAACACATCTT-1_V13B23-285_A1,13
GCCGGGTTAGGGTCGC-1_V13B23-285_A1,11
GCCGGTTTGGGCGGAT-1_V13B23-285_A1,3
GCCGTGGAAGAAATGT-1_V13B23-285_A1,10
GCCTACGTTCTGTGCA-1_V13B23-285_A1,16
GCCTAGCGATCTGACC-1_V13B23-285_A1,16
GCCTATAGTGTCAGGG-1_V13B23-285_A1,16
GCCTATTCCGATATAG-1_V13B23-285_A1,11
GCCTATTTGCTACACA-1_V13B23-285_A1,1
GCCTCATCTGGAAATA-1_V13B23-285_A1,12
GCCTCCGACAATTCAC-1_V13B23-285_A1,15
GCCTCTATACATAGCA-1_V13B23-285_A1,16
GCCTTCAGCCCTACCG-1_V13B23-285_A1,3
GCCTTGTATATGCAGT-1_V13B23-285_A1,3
GCGAAACGATCGGGAG-1_V13B23-285_A1,10
GCGAAACTTAACTGGA-1_V13B23-285_A1,11
GCGAAGAATCTGACGG-1_V13B23-285_A1,7
GCGAAGCCATACCCGT-1_V13B23-285_A1,11
GCGACATGTAAACATC-1_V13B23-285_A1,10
GCGACCCAACCATCTG-1_V13B23-285_A1,11
GCGACGATAGTTGTAC-1_V13B23-285_A1,11
GCGAGAAACGGGAGTT-1_V13B23-285_A1,3
GCGAGAGGCCATGTAA-1_V13B23-285_A1,13
GCGAGAGTTGCGTCCA-1_V13B23-285_A1,10
GCGAGCGCATGCTCCC-1_V13B23-285_A1,10
GCGAGGCCCGAGCAGA-1_V13B23-285_A1,11
GCGAGTTCTGCAAAGA-1_V13B23-285_A1,11
GCGATGTCTGTGCTTG-1_V13B23-285_A1,11
GCGATTCTGGAAGCAG-1_V13B23-285_A1,4
GCGATTGTTAACGTTA-1_V13B23-285_A1,11
GCGCAAATATATTCAA-1_V13B23-285_A1,11
GCGCAAGAGCGCGCTG-1_V13B23-285_A1,16
GCGCATCCAGTCAGCA-1_V13B23-285_A1,10
GCGCCGTTCCACGATA-1_V13B23-285_A1,11
GCGCCTCCCACTCCGA-1_V13B23-285_A1,10
GCGCGATGGGTCAAGT-1_V13B23-285_A1,3
GCGCGGTCTAGTAACT-1_V13B23-285_A1,16
GCGCGTCATTGGTACA-1_V13B23-285_A1,7
GCGCTAATTGAATAGA-1_V13B23-285_A1,11
GCGCTATGCCGAGGCA-1_V13B23-285_A1,11
GCGCTCGATCACCTGT-1_V13B23-285_A1,10
GCGCTGATCCAGACTC-1_V13B23-285_A1,15
GCGCTGCTTTGCATTT-1_V13B23-285_A1,5
GCGCTTAAATAATTGG-1_V13B23-285_A1,10
GCGGACCGCGTTGTGG-1_V13B23-285_A1,11
GCGGAGAAACTTCGCA-1_V13B23-285_A1,16
GCGGAGAGGGAGAACG-1_V13B23-285_A1,11
GCGGATTACTTGTTCT-1_V13B23-285_A1,2
GCGGCAAAGTATTGCC-1_V13B23-285_A1,16
GCGGCTCTGACGTACC-1_V13B23-285_A1,11
GCGGCTTTAGCAAGTT-1_V13B23-285_A1,16
GCGGGAACCAGGCCCT-1_V13B23-285_A1,7
GCGGGCATTACGATGC-1_V13B23-285_A1,10
GCGGGCGAGCCTTACC-1_V13B23-285_A1,11
GCGGTAACCCAAATGA-1_V13B23-285_A1,8
GCGGTCCCTAGACGCA-1_V13B23-285_A1,17
GCGGTGAACTGCGCTC-1_V13B23-285_A1,1
GCGGTGCGGAGCATCG-1_V13B23-285_A1,11
GCGGTTCCCTATCATG-1_V13B23-285_A1,11
GCGTAAATGGCCATAA-1_V13B23-285_A1,10
GCGTCCAGCTCGTGGC-1_V13B23-285_A1,3
GCGTCCCTAAGACATA-1_V13B23-285_A1,16
GCGTCGAAATGTCGGT-1_V13B23-285_A1,11
GCGTCGCCAGGGTGAT-1_V13B23-285_A1,11
GCGTCTAACCTCCTAA-1_V13B23-285_A1,7
GCGTCTCTGCATTGGG-1_V13B23-285_A1,11
GCGTGGTACTGGGTTA-1_V13B23-285_A1,16
GCGTGTATGTCGTATT-1_V13B23-285_A1,14
GCGTTATATTTGGAAC-1_V13B23-285_A1,11
GCGTTCGGAGACCGGG-1_V13B23-285_A1,18
GCTAAACCTGAGGTGA-1_V13B23-285_A1,11
GCTAACTGAAGTCTGA-1_V13B23-285_A1,16
GCTAAGTAAAGGCGAT-1_V13B23-285_A1,11
GCTAAGTAGTTTCTCT-1_V13B23-285_A1,11
GCTAATACCGAATGCC-1_V13B23-285_A1,11
GCTACAATCGAGGATA-1_V13B23-285_A1,7
GCTACACTGTCCGAAC-1_V13B23-285_A1,14
GCTACAGTACGGACCG-1_V13B23-285_A1,11
GCTACGACTTATTGGG-1_V13B23-285_A1,11
GCTACTATAGTAGAGT-1_V13B23-285_A1,1
GCTAGACCGTCTACTG-1_V13B23-285_A1,8
GCTAGAGTAGAGATGT-1_V13B23-285_A1,7
GCTAGCACCTGGGCCA-1_V13B23-285_A1,10
GCTAGCTTGAATAGCT-1_V13B23-285_A1,11
GCTAGGCACCACGGAG-1_V13B23-285_A1,15
GCTAGTAGAGCTTGTA-1_V13B23-285_A1,11
GCTAGTTTCATTGAGG-1_V13B23-285_A1,1
GCTATACGTCTCGGAC-1_V13B23-285_A1,16
GCTATCATACTCATGG-1_V13B23-285_A1,19
GCTATCGCGGCGCAAC-1_V13B23-285_A1,17
GCTATGCCAGCTTATG-1_V13B23-285_A1,11
GCTCAACCTCTTAGAG-1_V13B23-285_A1,11
GCTCAATCCGTTTATT-1_V13B23-285_A1,11
GCTCAATGTAATACCG-1_V13B23-285_A1,11
GCTCATTACTGCATGT-1_V13B23-285_A1,9
GCTCCATGCAAAGCAA-1_V13B23-285_A1,11
GCTCCCAGTCGGTCCA-1_V13B23-285_A1,17
GCTCCGCTCGCTTCAG-1_V13B23-285_A1,10
GCTCCTGACATACTGG-1_V13B23-285_A1,17
GCTCGCGGTTCCGCTC-1_V13B23-285_A1,11
GCTCGCTCATGTCCAA-1_V13B23-285_A1,15
GCTCGGAATTTAAAGC-1_V13B23-285_A1,6
GCTCTAAACCCTGACG-1_V13B23-285_A1,11
GCTCTATGTTACGTGC-1_V13B23-285_A1,11
GCTCTCGGGTACCGAA-1_V13B23-285_A1,11
GCTCTTTCCGCTAGTG-1_V13B23-285_A1,11
GCTGAACTCTCCAGGG-1_V13B23-285_A1,10
GCTGAATCTTCCAATC-1_V13B23-285_A1,15
GCTGAGCAACGGTTCT-1_V13B23-285_A1,11
GCTGAGGCGTGAGTAT-1_V13B23-285_A1,11
GCTGCACGGTTTCTTA-1_V13B23-285_A1,11
GCTGCGCCTCCCACGT-1_V13B23-285_A1,11
GCTGCTAAGTAGTCGA-1_V13B23-285_A1,11
GCTGCTACTGCGTAGC-1_V13B23-285_A1,16
GCTGCTCTCCGGACAC-1_V13B23-285_A1,11
GCTGGCAGGTGCCGTG-1_V13B23-285_A1,11
GCTGGCATATTCACCT-1_V13B23-285_A1,11
GCTGGCGGCGCATGCT-1_V13B23-285_A1,12
GCTGGGTCCGCTGTTA-1_V13B23-285_A1,2
GCTGGTTTAGGCCATA-1_V13B23-285_A1,11
GCTGTATTACTGGCCC-1_V13B23-285_A1,11
GCTGTTGCTACCGAAC-1_V13B23-285_A1,16
GCTTAATGTAACTAAC-1_V13B23-285_A1,11
GCTTACGTAGTTAGTA-1_V13B23-285_A1,10
GCTTATGAAGCAGGAA-1_V13B23-285_A1,16
GCTTCCAGCTTAGATT-1_V13B23-285_A1,8
GCTTCCGTCCCTAGAC-1_V13B23-285_A1,1
GCTTGAGTGACCTCTG-1_V13B23-285_A1,15
GCTTGATGATAATCAG-1_V13B23-285_A1,11
GCTTGGATCGATTAGG-1_V13B23-285_A1,15
GCTTTACACAACTGGG-1_V13B23-285_A1,7
GCTTTCAGAGGAGGTG-1_V13B23-285_A1,7
GGAAACCTTGTTGAAT-1_V13B23-285_A1,4
GGAAACTAAATGGGCC-1_V13B23-285_A1,16
GGAAAGTGCCCATGCC-1_V13B23-285_A1,1
GGAACCCGAACAAGAA-1_V13B23-285_A1,11
GGAACCGTGTAAATTG-1_V13B23-285_A1,11
GGAACCTTGACTCTGC-1_V13B23-285_A1,11
GGAACGGCCTGCAGCC-1_V13B23-285_A1,11
GGAACTTTGGCGATTA-1_V13B23-285_A1,7
GGAAGCTCGCTTACAG-1_V13B23-285_A1,9
GGAATAACCTCAAGAA-1_V13B23-285_A1,13
GGAATGCGCTAGCGTG-1_V13B23-285_A1,11
GGACAACCATGAAGCC-1_V13B23-285_A1,15
GGACAAGTTGCAGTGA-1_V13B23-285_A1,11
GGACACAAGTTTACAC-1_V13B23-285_A1,10
GGACCAACAGGATAAC-1_V13B23-285_A1,11
GGACCTCTAGGCCGCC-1_V13B23-285_A1,11
GGACGGGCGACCAACC-1_V13B23-285_A1,10
GGACTAAGTCAGGAGT-1_V13B23-285_A1,11
GGACTCACAAATTAGG-1_V13B23-285_A1,10
GGACTCGTGAGTGGTC-1_V13B23-285_A1,15
GGACTCTTTGACTAAG-1_V13B23-285_A1,16
GGAGAAGTCATTGGCA-1_V13B23-285_A1,11
GGAGACCAATGTGCTT-1_V13B23-285_A1,5
GGAGACCATCTACATA-1_V13B23-285_A1,11
GGAGACGACACCTTTG-1_V13B23-285_A1,11
GGAGCAACATTTCAAG-1_V13B23-285_A1,1
GGAGCACCAAGAACTA-1_V13B23-285_A1,11
GGAGCGAGGCCTACTT-1_V13B23-285_A1,15
GGAGGATTGAAAGGAG-1_V13B23-285_A1,9
GGAGGCCGAAGTCGTC-1_V13B23-285_A1,10
GGAGGGCTTGGTTGGC-1_V13B23-285_A1,11
GGAGGGTCAAGTAAGA-1_V13B23-285_A1,17
GGAGTACACATGAGCT-1_V13B23-285_A1,3
GGAGTGCCGCCCTGGA-1_V13B23-285_A1,11
GGAGTTGATTCTGTGT-1_V13B23-285_A1,17
GGATACTCATGAATTG-1_V13B23-285_A1,3
GGATCAAAGGACGAGG-1_V13B23-285_A1,13
GGATCAGAGCCATCAG-1_V13B23-285_A1,11
GGATCATCCCGTACGC-1_V13B23-285_A1,9
GGATCCCTACCAGCTA-1_V13B23-285_A1,3
GGATCCGGAATATACT-1_V13B23-285_A1,11
GGATCTTACTGCCCTT-1_V13B23-285_A1,11
GGATCTTGACTCAACC-1_V13B23-285_A1,11
GGATGAAGATCGCTGA-1_V13B23-285_A1,15
GGATGACGCGAGTTTA-1_V13B23-285_A1,11
GGATGCTGGCGTTCCT-1_V13B23-285_A1,11
GGATGGCTTGAAGTAT-1_V13B23-285_A1,15
GGATGTCCTTACCGCA-1_V13B23-285_A1,16
GGATTAATCATGGACC-1_V13B23-285_A1,5
GGATTCAGTACGGTGG-1_V13B23-285_A1,15
GGATTCCGCTATACCC-1_V13B23-285_A1,3
GGATTGCTGTGACTCC-1_V13B23-285_A1,8
GGATTTCACTTCTATA-1_V13B23-285_A1,11
GGCAAAGGCGCCAATA-1_V13B23-285_A1,11
GGCAAATTACTTTACT-1_V13B23-285_A1,11
GGCAAGCCCATAGTGG-1_V13B23-285_A1,10
GGCAAGGCGAAATAGC-1_V13B23-285_A1,11
GGCAATAGTCAATGAG-1_V13B23-285_A1,11
GGCACTCCACTGGGCA-1_V13B23-285_A1,11
GGCACTGCGGTGGTTT-1_V13B23-285_A1,7
GGCAGAGAGATCGGGA-1_V13B23-285_A1,11
GGCAGCAAACCTATGC-1_V13B23-285_A1,10
GGCATACAGGTAGCGG-1_V13B23-285_A1,11
GGCATATCGGTTCTGC-1_V13B23-285_A1,1
GGCATCAACGAGCACG-1_V13B23-285_A1,5
GGCCACAAGCGATGGC-1_V13B23-285_A1,3
GGCCACACGAAAGCCT-1_V13B23-285_A1,11
GGCCCAGCTGGTTTGC-1_V13B23-285_A1,1
GGCCCGGAGCATGTCT-1_V13B23-285_A1,10
GGCCCGTATACCATGC-1_V13B23-285_A1,5
GGCCCTCACCCACTTA-1_V13B23-285_A1,11
GGCCGAGACTCTGGTG-1_V13B23-285_A1,16
GGCCGCAGGAACCGCA-1_V13B23-285_A1,1
GGCCGGCGTCTGCTAT-1_V13B23-285_A1,16
GGCCGTTTGGGTTTCA-1_V13B23-285_A1,11
GGCCTGCTTCTCCCGA-1_V13B23-285_A1,16
GGCCTTTGCAACTGGC-1_V13B23-285_A1,11
GGCGAAATCTAACTTG-1_V13B23-285_A1,11
GGCGAGCATCGAGGAC-1_V13B23-285_A1,9
GGCGAGCGAAACGGCA-1_V13B23-285_A1,11
GGCGCAGGACATCTTC-1_V13B23-285_A1,11
GGCGCATGAATTGATG-1_V13B23-285_A1,11
GGCGCGGAGATCTTTC-1_V13B23-285_A1,15
GGCGCGTTCGAGTTTA-1_V13B23-285_A1,11
GGCGCTCCTCATCAAT-1_V13B23-285_A1,3
GGCGCTTCATTCCCTG-1_V13B23-285_A1,1
GGCGGAGTAATATTAG-1_V13B23-285_A1,11
GGCGGTAGGATCATTG-1_V13B23-285_A1,11
GGCGGTTTGCCGGTGC-1_V13B23-285_A1,1
GGCGTACCCTATATAA-1_V13B23-285_A1,13
GGCGTAGGGAAAGCTG-1_V13B23-285_A1,16
GGCGTCCTATCCGCTG-1_V13B23-285_A1,11
GGCTAAAGGGCGGGTC-1_V13B23-285_A1,4
GGCTACTATACACTCC-1_V13B23-285_A1,16
GGCTATTAAGTTGTAT-1_V13B23-285_A1,11
GGCTCCTCCACCTGTT-1_V13B23-285_A1,11
GGCTCGCGTTGAGGTA-1_V13B23-285_A1,2
GGCTCGTGCCACCAGC-1_V13B23-285_A1,16
GGCTCTGCTCCAACGC-1_V13B23-285_A1,11
GGCTGAAATAGCAAAG-1_V13B23-285_A1,10
GGCTGGCTAGCTTAAA-1_V13B23-285_A1,3
GGCTTGGCTCTCACCT-1_V13B23-285_A1,11
GGCTTTCAATAAGGGT-1_V13B23-285_A1,11
GGGAAAGAATGCCAAC-1_V13B23-285_A1,8
GGGAACCACCTGTTTC-1_V13B23-285_A1,3
GGGAACGGGAGGTTAG-1_V13B23-285_A1,11
GGGAACGGTTTCAGAT-1_V13B23-285_A1,1
GGGAAGACGGTCTGTC-1_V13B23-285_A1,8
GGGAAGGGCTTTCTCA-1_V13B23-285_A1,16
GGGAATGAGCCCTCAC-1_V13B23-285_A1,9
GGGAATTCTGTCCAGT-1_V13B23-285_A1,11
GGGACAGAGTTACTCC-1_V13B23-285_A1,11
GGGACCCGTATATCTT-1_V13B23-285_A1,11
GGGACTGCATAGATAG-1_V13B23-285_A1,11
GGGAGAACTCACAGTA-1_V13B23-285_A1,11
GGGAGCGACCGTAGTG-1_V13B23-285_A1,1
GGGAGGATGCCCGAAA-1_V13B23-285_A1,11
GGGAGTAATGGCTGGC-1_V13B23-285_A1,3
GGGAGTTAATGAGGCG-1_V13B23-285_A1,11
GGGATACGGTAATAAT-1_V13B23-285_A1,11
GGGATGGTCGTAACCG-1_V13B23-285_A1,11
GGGATTTACCGCACCT-1_V13B23-285_A1,17
GGGCAACCGCACGTGC-1_V13B23-285_A1,11
GGGCAGACGTCACTGC-1_V13B23-285_A1,11
GGGCAGAGCAATCGTT-1_V13B23-285_A1,11
GGGCAGTCAACGCCAA-1_V13B23-285_A1,1
GGGCCCGTCTTAAACA-1_V13B23-285_A1,11
GGGCCCTACGAAAGGG-1_V13B23-285_A1,11
GGGCCCTTATCTATAC-1_V13B23-285_A1,11
GGGCCGGCCGAAGTAC-1_V13B23-285_A1,15
GGGCCTAAATGGGCTA-1_V13B23-285_A1,11
GGGCGAATTTCTCCAC-1_V13B23-285_A1,11
GGGCGATATGTGTGAA-1_V13B23-285_A1,11
GGGCGCAGCGTTACTC-1_V13B23-285_A1,10
GGGCGGCAAATGAATT-1_V13B23-285_A1,11
GGGCGGGTTCCCTACG-1_V13B23-285_A1,11
GGGCGGTCCTATTGTC-1_V13B23-285_A1,3
GGGCGTACATTTATAT-1_V13B23-285_A1,11
GGGCGTCACCACGTAA-1_V13B23-285_A1,11
GGGCGTCCACTGGCTC-1_V13B23-285_A1,17
GGGCGTGGTTTCCCAG-1_V13B23-285_A1,19
GGGCTACTATTTCGTG-1_V13B23-285_A1,11
GGGCTATGATCGATGG-1_V13B23-285_A1,11
GGGCTCATCGAACCCA-1_V13B23-285_A1,6
GGGCTGCCTAGGGCGA-1_V13B23-285_A1,11
GGGCTGGTTAGTCGCG-1_V13B23-285_A1,11
GGGTAATGCTGTGTTT-1_V13B23-285_A1,3
GGGTACACTCTGGAGG-1_V13B23-285_A1,2
GGGTACCCACGGTCCT-1_V13B23-285_A1,3
GGGTACTTCATGAACT-1_V13B23-285_A1,11
GGGTATGTATGCACTT-1_V13B23-285_A1,11
GGGTATTCTAGCAAAC-1_V13B23-285_A1,11
GGGTCACCGTGACGGT-1_V13B23-285_A1,11
GGGTCAGGAGCTAGAT-1_V13B23-285_A1,11
GGGTCATGCGTACCAT-1_V13B23-285_A1,11
GGGTCGTGGCAAGTGT-1_V13B23-285_A1,1
GGGTCTATCGCTTTCC-1_V13B23-285_A1,17
GGGTGACACCTTAACT-1_V13B23-285_A1,11
GGGTGCATATGAAAGC-1_V13B23-285_A1,1
GGGTGGTCCAGCCTGT-1_V13B23-285_A1,9
GGGTGTTTCAGCTATG-1_V13B23-285_A1,8
GGGTTAACATTTGAGT-1_V13B23-285_A1,11
GGGTTCAGACGAACAA-1_V13B23-285_A1,12
GGGTTTAGGATAGGAT-1_V13B23-285_A1,10
GGTAAACTCTGCGCTG-1_V13B23-285_A1,17
GGTAACCGGGAGGATA-1_V13B23-285_A1,16
GGTAACTATGTATCTG-1_V13B23-285_A1,8
GGTACAAACATGCTAT-1_V13B23-285_A1,11
GGTACACCAGATTTAT-1_V13B23-285_A1,5
GGTACATCTGGGACGA-1_V13B23-285_A1,11
GGTACCATTAAGACGG-1_V13B23-285_A1,15
GGTACGTTGCGGCCGG-1_V13B23-285_A1,19
GGTACTAAGTGCTTTG-1_V13B23-285_A1,10
GGTAGAAGACCGCCTG-1_V13B23-285_A1,5
GGTAGACCGTTGGGCG-1_V13B23-285_A1,11
GGTAGTGCTCGCACCA-1_V13B23-285_A1,11
GGTATAGTGACACATA-1_V13B23-285_A1,10
GGTATTGCCGAGTTTA-1_V13B23-285_A1,11
GGTCAAGACTACTTCG-1_V13B23-285_A1,10
GGTCACGTTAGATTCA-1_V13B23-285_A1,3
GGTCAGTGGGTCCCAC-1_V13B23-285_A1,11
GGTCCTTCATACGACT-1_V13B23-285_A1,7
GGTCGGATAAACGGCG-1_V13B23-285_A1,5
GGTCGGCCAGGAGCTT-1_V13B23-285_A1,11
GGTCGGTAATTAGACA-1_V13B23-285_A1,3
GGTCGGTCGTCCACAG-1_V13B23-285_A1,11
GGTCGTAAGCTCGCAC-1_V13B23-285_A1,11
GGTCTCCGTCCAGGTT-1_V13B23-285_A1,16
GGTCTCTGAATGGACT-1_V13B23-285_A1,11
GGTCTGAGAATCTGGA-1_V13B23-285_A1,7
GGTCTTGAGCGCTCTT-1_V13B23-285_A1,10
GGTGAAACCGGGAATG-1_V13B23-285_A1,16
GGTGAACGGGCTAGCC-1_V13B23-285_A1,3
GGTGAAGTACAGGGAT-1_V13B23-285_A1,11
GGTGAGATGCAGATAA-1_V13B23-285_A1,15
GGTGATAAGGAGCAGT-1_V13B23-285_A1,11
GGTGATGAAGGAAGTG-1_V13B23-285_A1,11
GGTGATTTCATCTTGT-1_V13B23-285_A1,3
GGTGCATAAATGATTA-1_V13B23-285_A1,11
GGTGCGGATAAGTGGC-1_V13B23-285_A1,3
GGTGCTGATCACAAAG-1_V13B23-285_A1,11
GGTGCTGGTACACATT-1_V13B23-285_A1,11
GGTGGACTGCTCTGGC-1_V13B23-285_A1,1
GGTGGAGGTTGATACG-1_V13B23-285_A1,10
GGTGTAAATCGATTGT-1_V13B23-285_A1,15
GGTGTTGGGCGTCTTA-1_V13B23-285_A1,19
GGTTACCACCCTCGGG-1_V13B23-285_A1,11
GGTTACCCGACACTTT-1_V13B23-285_A1,15
GGTTAGCTATATGTCT-1_V13B23-285_A1,10
GGTTAGGCTTGGAGAA-1_V13B23-285_A1,11
GGTTAGTTACGGCGCC-1_V13B23-285_A1,11
GGTTCGGATTATACTA-1_V13B23-285_A1,11
GGTTCTACTCGTCTGA-1_V13B23-285_A1,10
GGTTGTATCGTGAAAT-1_V13B23-285_A1,9
GGTTGTGCTCTTGTCC-1_V13B23-285_A1,11
GGTTGTGTAGCCTGGC-1_V13B23-285_A1,11
GGTTTAATTACCATCG-1_V13B23-285_A1,11
GGTTTAATTGAGCAGG-1_V13B23-285_A1,5
GGTTTACAATCTCAAT-1_V13B23-285_A1,11
GGTTTAGCCTTTCTTG-1_V13B23-285_A1,19
GGTTTCAATCGGTCAG-1_V13B23-285_A1,16
GGTTTGAGTGCTGGAA-1_V13B23-285_A1,3
GGTTTGTGACCTGAGG-1_V13B23-285_A1,1
GTAACATCTAAGATAA-1_V13B23-285_A1,16
GTAACTGCCCAAGGAG-1_V13B23-285_A1,16
GTAACTTGCGGCAGTC-1_V13B23-285_A1,3
GTAAGCGGGCAGTCAG-1_V13B23-285_A1,11
GTAAGTAACAGTCTGG-1_V13B23-285_A1,16
GTAAGTAGGGTATACC-1_V13B23-285_A1,11
GTAAGTCCACACTCTA-1_V13B23-285_A1,10
GTAATAAAGGGCTCCC-1_V13B23-285_A1,15
GTAATCTGATTCTTCG-1_V13B23-285_A1,11
GTACACTTACCTGAAG-1_V13B23-285_A1,12
GTACAGAGGCAAGGGT-1_V13B23-285_A1,12
GTACGACGGCGCTGCG-1_V13B23-285_A1,3
GTACGAGATTGCGACA-1_V13B23-285_A1,11
GTACGCTTCATTGCAC-1_V13B23-285_A1,11
GTACGTTTGCCCGTCA-1_V13B23-285_A1,11
GTACTAAGATTTGGAG-1_V13B23-285_A1,11
GTACTCCCTTATCGCT-1_V13B23-285_A1,11
GTACTCCTGGGTATGC-1_V13B23-285_A1,17
GTACTGAGGTCGTAAC-1_V13B23-285_A1,15
GTACTGCATGAAGCGT-1_V13B23-285_A1,3
GTACTGGAGTTAGACC-1_V13B23-285_A1,11
GTACTTGGGCACTTCT-1_V13B23-285_A1,3
GTAGAAACGGGTGGAG-1_V13B23-285_A1,11
GTAGACAACCGATGAA-1_V13B23-285_A1,5
GTAGACACGCCTGACT-1_V13B23-285_A1,15
GTAGACGTCGTTACAT-1_V13B23-285_A1,3
GTAGAGGGAGACAAGT-1_V13B23-285_A1,11
GTAGCCAAACATGGGA-1_V13B23-285_A1,11
GTAGCGCTGTTGTAGT-1_V13B23-285_A1,5
GTAGCGGCTATACACT-1_V13B23-285_A1,11
GTAGCTCCGGGAGGCT-1_V13B23-285_A1,11
GTAGCTTCCTCTTGTT-1_V13B23-285_A1,1
GTAGGTGATCCGTGTA-1_V13B23-285_A1,16
GTAGTCGCGGGAATCA-1_V13B23-285_A1,10
GTAGTCTACGATATTG-1_V13B23-285_A1,8
GTAGTGAGCAACCTCA-1_V13B23-285_A1,17
GTAGTTCGAAGGCGAA-1_V13B23-285_A1,15
GTATAATCTCCCGGAT-1_V13B23-285_A1,2
GTATAGGACTCAGTAG-1_V13B23-285_A1,11
GTATATGTTACGGCGG-1_V13B23-285_A1,16
GTATCAAACGTTAGCT-1_V13B23-285_A1,7
GTATCAGCTTGGGTTC-1_V13B23-285_A1,1
GTATCCTTTGGTAACC-1_V13B23-285_A1,1
GTATCGGGACGAGCTG-1_V13B23-285_A1,16
GTATCTCAGTCTTGAC-1_V13B23-285_A1,11
GTATCTTTCATAACCA-1_V13B23-285_A1,11
GTATGAAATTTCACTC-1_V13B23-285_A1,11
GTATGACGTGGGAAAC-1_V13B23-285_A1,3
GTATGTGGGTCTAGTT-1_V13B23-285_A1,10
GTATTAAGGCGTCTAA-1_V13B23-285_A1,15
GTATTCTGAGAAACGA-1_V13B23-285_A1,11
GTATTCTTACCGTGCT-1_V13B23-285_A1,3
GTATTTAATGGCATAA-1_V13B23-285_A1,16
GTCAAAGAAGTGGTGT-1_V13B23-285_A1,11
GTCAAAGTTTACATAG-1_V13B23-285_A1,3
GTCAACCAGGCCTATA-1_V13B23-285_A1,19
GTCAAGCGGACTCGGG-1_V13B23-285_A1,12
GTCAATGCTATAATTT-1_V13B23-285_A1,5
GTCAATTGTACTGAAG-1_V13B23-285_A1,3
GTCACAAAGTTTCCAA-1_V13B23-285_A1,10
GTCACTCTCCAAATCT-1_V13B23-285_A1,11
GTCAGAATAGTCTATG-1_V13B23-285_A1,11
GTCAGACAGCGTTGGA-1_V13B23-285_A1,14
GTCAGTTGTGCTCGTT-1_V13B23-285_A1,13
GTCAGTTTGGTAGTCG-1_V13B23-285_A1,11
GTCATCTCCTACAGCT-1_V13B23-285_A1,3
GTCATGCACCTCCGTT-1_V13B23-285_A1,11
GTCATGCGCGAGGGCT-1_V13B23-285_A1,10
GTCATGGACATGACTA-1_V13B23-285_A1,12
GTCATTAGAGCGAACG-1_V13B23-285_A1,11
GTCATTGCATTGACCC-1_V13B23-285_A1,11
GTCCAATATTTAGCCT-1_V13B23-285_A1,11
GTCCACGTCGCATTCG-1_V13B23-285_A1,19
GTCCATTACTGCTACG-1_V13B23-285_A1,15
GTCCCAACGTAAAGTA-1_V13B23-285_A1,11
GTCCCAATCATCCCGC-1_V13B23-285_A1,11
GTCCCGCGACGTTATG-1_V13B23-285_A1,7
GTCCGAGAGCAATCAT-1_V13B23-285_A1,11
GTCCGGACCTGAAATT-1_V13B23-285_A1,16
GTCCGGCTGAATTGCG-1_V13B23-285_A1,11
GTCCGGGTTCACATTA-1_V13B23-285_A1,19
GTCCTACAGGCGGCTC-1_V13B23-285_A1,3
GTCCTACGAATAGTCT-1_V13B23-285_A1,1
GTCCTACTCTACGGGC-1_V13B23-285_A1,11
GTCCTATTGTTGTGGT-1_V13B23-285_A1,11
GTCCTTCTACAACCCA-1_V13B23-285_A1,11
GTCCTTCTAGTGGGTT-1_V13B23-285_A1,9
GTCGATAGGTGACTTT-1_V13B23-285_A1,16
GTCGCCGTTGTGTGTT-1_V13B23-285_A1,11
GTCGCGTAACCCGTTG-1_V13B23-285_A1,11
GTCGGATATCTCAGAC-1_V13B23-285_A1,11
GTCGGATGTAGCGCGC-1_V13B23-285_A1,5
GTCGGGAACATGGTAG-1_V13B23-285_A1,11
GTCGGGAAGCAGAAAC-1_V13B23-285_A1,11
GTCGTACCATCTCGGG-1_V13B23-285_A1,11
GTCGTACCTACGATTG-1_V13B23-285_A1,11
GTCGTATTGGCGTACA-1_V13B23-285_A1,19
GTCGTCAATTATAAGG-1_V13B23-285_A1,16
GTCGTCTGGTTGGCTA-1_V13B23-285_A1,7
GTCGTGTCTGGTCATC-1_V13B23-285_A1,17
GTCGTTATTCGCTTAT-1_V13B23-285_A1,11
GTCTACTCAATTACAA-1_V13B23-285_A1,11
GTCTAGTGAGCCGCTT-1_V13B23-285_A1,8
GTCTATCTGAGTTTCT-1_V13B23-285_A1,11
GTCTATTGCATGCTCG-1_V13B23-285_A1,1
GTCTATTGGTTCCGGT-1_V13B23-285_A1,19
GTCTCAAGGCCCGGCT-1_V13B23-285_A1,11
GTCTCCCGAGTCCCGT-1_V13B23-285_A1,16
GTCTCCTGCCAGTATG-1_V13B23-285_A1,6
GTCTCGACTAAGTTTG-1_V13B23-285_A1,5
GTCTCGATCTGCTTTC-1_V13B23-285_A1,6
GTCTGGGCGGTCGAGA-1_V13B23-285_A1,11
GTCTTAGTACAGCCGG-1_V13B23-285_A1,2
GTCTTCCTCACCTAAG-1_V13B23-285_A1,11
GTCTTGAGGAGCAGTG-1_V13B23-285_A1,10
GTCTTGTAGCTATTCA-1_V13B23-285_A1,10
GTGAAACGGCGCCACC-1_V13B23-285_A1,6
GTGAAACGTGCTCCAC-1_V13B23-285_A1,3
GTGAACTCCCATTCGA-1_V13B23-285_A1,16
GTGAAGATTTCAAGTG-1_V13B23-285_A1,5
GTGAAGCCGTATAGTC-1_V13B23-285_A1,2
GTGAAGTCACGACTCG-1_V13B23-285_A1,11
GTGACAGCTTCCCACT-1_V13B23-285_A1,1
GTGACCGCACACTACG-1_V13B23-285_A1,10
GTGACCTAAAGAATAA-1_V13B23-285_A1,7
GTGACGAGGGTGACCC-1_V13B23-285_A1,10
GTGACGCAGGTTTCAT-1_V13B23-285_A1,8
GTGACTTCAGTAGTGC-1_V13B23-285_A1,11
GTGAGCGTGCTGCACT-1_V13B23-285_A1,11
GTGAGGACACTTAAGG-1_V13B23-285_A1,11
GTGAGGAGCGGTTGAG-1_V13B23-285_A1,9
GTGAGTCTAAGACGGA-1_V13B23-285_A1,11
GTGAGTGGTACAACGC-1_V13B23-285_A1,11
GTGATCAAGCGTGCAC-1_V13B23-285_A1,11
GTGATCACTAACGCCT-1_V13B23-285_A1,15
GTGATCATAGATCTGC-1_V13B23-285_A1,11
GTGATCCTTGTCATGA-1_V13B23-285_A1,1
GTGATTCGCCGCTCAA-1_V13B23-285_A1,11
GTGCAACAAATGTGGC-1_V13B23-285_A1,5
GTGCACCAGCTTCAAC-1_V13B23-285_A1,11
GTGCACGAAAGTGACT-1_V13B23-285_A1,16
GTGCCATCACACGGTG-1_V13B23-285_A1,11
GTGCCCGTTCGGATTC-1_V13B23-285_A1,15
GTGCCGCTTCAAAGGT-1_V13B23-285_A1,11
GTGCCTAGCTATGCTT-1_V13B23-285_A1,19
GTGCCTGAGACCAAAC-1_V13B23-285_A1,5
GTGCGAAATCGAACAC-1_V13B23-285_A1,11
GTGCGACAGGGAGTGT-1_V13B23-285_A1,16
GTGCGCAGCTTGCTCC-1_V13B23-285_A1,3
GTGCGCTTACAAATGA-1_V13B23-285_A1,2
GTGCGGGACCATCGGC-1_V13B23-285_A1,3
GTGCGGGTCTCCAAAT-1_V13B23-285_A1,11
GTGCGTGTATATGAGC-1_V13B23-285_A1,1
GTGCTCAAGTACTGTC-1_V13B23-285_A1,12
GTGCTGCAGATAAGGA-1_V13B23-285_A1,11
GTGCTTACATCAGCGC-1_V13B23-285_A1,10
GTGGAACCTACATGCG-1_V13B23-285_A1,7
GTGGACCAACCCGATT-1_V13B23-285_A1,11
GTGGACGCATTTGTCC-1_V13B23-285_A1,11
GTGGACGTGCTGAGAC-1_V13B23-285_A1,1
GTGGAGCGTTTACCGA-1_V13B23-285_A1,6
GTGGAGTCGGCGGTTG-1_V13B23-285_A1,11
GTGGCAAACAGCGGCA-1_V13B23-285_A1,11
GTGGCCTAATATCATT-1_V13B23-285_A1,11
GTGGCGGTCCCAGCGT-1_V13B23-285_A1,11
GTGGCTGTTTCTGTTC-1_V13B23-285_A1,8
GTGGGAAGACTGAATC-1_V13B23-285_A1,11
GTGGGCTTAGACACAC-1_V13B23-285_A1,11
GTGGGTACTGAGCGTA-1_V13B23-285_A1,11
GTGGGTCTTCTTTGCG-1_V13B23-285_A1,14
GTGGTATAGTCTGCCG-1_V13B23-285_A1,11
GTGGTGGCCAAGTGAA-1_V13B23-285_A1,11
GTGGTTACTTCTTTCG-1_V13B23-285_A1,7
GTGGTTTCCGCCTTTC-1_V13B23-285_A1,11
GTGTACCTTGGCTACG-1_V13B23-285_A1,11
GTGTACGAACCGTTCC-1_V13B23-285_A1,4
GTGTATATCAGCGGGC-1_V13B23-285_A1,1
GTGTATGACTTTAAAG-1_V13B23-285_A1,3
GTGTCGTATAGCGTTC-1_V13B23-285_A1,16
GTGTGAATAACTTAGG-1_V13B23-285_A1,11
GTGTGAGCCGAGGTGC-1_V13B23-285_A1,3
GTGTGTCGACGTCGCT-1_V13B23-285_A1,10
GTGTTACTATGCGTCC-1_V13B23-285_A1,11
GTTAAAGTAGGACTGG-1_V13B23-285_A1,15
GTTAACATCACTTAAA-1_V13B23-285_A1,8
GTTAACTATGTTGTCA-1_V13B23-285_A1,10
GTTAAGGGTGCGATGT-1_V13B23-285_A1,16
GTTAAGTTAGAGTGGG-1_V13B23-285_A1,10
GTTAATGTCTATCTTA-1_V13B23-285_A1,11
GTTACAATTGGTGACG-1_V13B23-285_A1,11
GTTACCTACAACTTGC-1_V13B23-285_A1,11
GTTACGAAATCCACGC-1_V13B23-285_A1,3
GTTACGGCCCGACTGC-1_V13B23-285_A1,3
GTTACTTTGGGCCTAG-1_V13B23-285_A1,11
GTTAGAGTGTGCCGCT-1_V13B23-285_A1,9
GTTAGCCCATGACATC-1_V13B23-285_A1,19
GTTAGCCGTAAATCAA-1_V13B23-285_A1,1
GTTAGGCTACCCGTTT-1_V13B23-285_A1,11
GTTATAATACGGTGAA-1_V13B23-285_A1,10
GTTATATCAGGAGCCA-1_V13B23-285_A1,5
GTTATATTATCTCCCT-1_V13B23-285_A1,11
GTTATCAAGCTATCGA-1_V13B23-285_A1,16
GTTATCACCTTCTGAA-1_V13B23-285_A1,13
GTTATTAACGTGGGAG-1_V13B23-285_A1,11
GTTCAAATCAGATGTC-1_V13B23-285_A1,11
GTTCACAGGAGTCTAG-1_V13B23-285_A1,6
GTTCAGTCGCCAAATG-1_V13B23-285_A1,17
GTTCATCGTTTGGCTG-1_V13B23-285_A1,10
GTTCCAAGACAGCGAC-1_V13B23-285_A1,17
GTTCCAGTCTGACCAT-1_V13B23-285_A1,11
GTTCCCGTAAACATAT-1_V13B23-285_A1,19
GTTCGCCATAAGTGCC-1_V13B23-285_A1,11
GTTCGCTGAGACGTCT-1_V13B23-285_A1,7
GTTCGGAGCACTCAAC-1_V13B23-285_A1,7
GTTCGGATCGGGAACA-1_V13B23-285_A1,10
GTTCGGGCGTACCATT-1_V13B23-285_A1,15
GTTCGTCTAAAGAACT-1_V13B23-285_A1,7
GTTCGTCTGGGTCCCT-1_V13B23-285_A1,5
GTTCGTTGCGGACCAG-1_V13B23-285_A1,3
GTTCTTCCCTCGATGT-1_V13B23-285_A1,19
GTTGAACCGGTTCCAT-1_V13B23-285_A1,6
GTTGAGTCCCGCCGGT-1_V13B23-285_A1,1
GTTGCACGGAGTTTCG-1_V13B23-285_A1,11
GTTGCGCTAACATTAC-1_V13B23-285_A1,10
GTTGCGGACGGTCAGG-1_V13B23-285_A1,16
GTTGGACCGCATCAGG-1_V13B23-285_A1,9
GTTGGATTCAGTGGCT-1_V13B23-285_A1,5
GTTGGATTGAGAACAC-1_V13B23-285_A1,15
GTTGGATTTGCGTTGG-1_V13B23-285_A1,11
GTTGGTCATGCTATCC-1_V13B23-285_A1,11
GTTGTAGATTTATGAG-1_V13B23-285_A1,7
GTTGTCGTGTTAGTTG-1_V13B23-285_A1,3
GTTTACGTTCCATCTG-1_V13B23-285_A1,11
GTTTATGGGATTTAGA-1_V13B23-285_A1,11
GTTTCAAACGAGTTGT-1_V13B23-285_A1,19
GTTTCATATCGTCGCT-1_V13B23-285_A1,11
GTTTCCTGGAGGGTGA-1_V13B23-285_A1,11
GTTTCTAGAGGCGCGG-1_V13B23-285_A1,7
GTTTCTGCAGTCTCCC-1_V13B23-285_A1,11
GTTTGACCAAATCCTA-1_V13B23-285_A1,11
GTTTGAGCGGTTATGT-1_V13B23-285_A1,3
GTTTGGCCCAAGTTAT-1_V13B23-285_A1,11
GTTTGGCCGCTCAGCG-1_V13B23-285_A1,3
GTTTGGGCTTGTGAGC-1_V13B23-285_A1,11
GTTTGGGTTTCGCCCG-1_V13B23-285_A1,16
GTTTGGTAGGGTCAAC-1_V13B23-285_A1,11
GTTTGGTGATCGGTGC-1_V13B23-285_A1,11
GTTTGTTAGCCAAGTA-1_V13B23-285_A1,11
TAAACCCAGGAGGGCA-1_V13B23-285_A1,11
TAAACGTCGTCAATGA-1_V13B23-285_A1,15
TAAAGACAACCCTTTA-1_V13B23-285_A1,10
TAAAGAGCCCGAAACC-1_V13B23-285_A1,12
TAAAGCGGTATTTCCA-1_V13B23-285_A1,11
TAAAGCGTTAGGAGAA-1_V13B23-285_A1,5
TAAAGCTGCAATAGGG-1_V13B23-285_A1,4
TAAATCTTTACACCTC-1_V13B23-285_A1,5
TAAATGAATCCGTTTC-1_V13B23-285_A1,11
TAACAAAGGGAGAAGC-1_V13B23-285_A1,11
TAACAATATTTGTTGC-1_V13B23-285_A1,11
TAACAGCGTTTGTGCT-1_V13B23-285_A1,15
TAACATACAATGTGGG-1_V13B23-285_A1,11
TAACATACACGCGATC-1_V13B23-285_A1,16
TAACCGCCCGCAGTGC-1_V13B23-285_A1,12
TAACCTACCGTCCGAG-1_V13B23-285_A1,10
TAACCTAGGGAGTCCA-1_V13B23-285_A1,1
TAACGCTTTGAGAGCG-1_V13B23-285_A1,4
TAACTATCGAAGGTCC-1_V13B23-285_A1,11
TAACTATTACGCCAAA-1_V13B23-285_A1,7
TAACTCATCCGCGCGG-1_V13B23-285_A1,6
TAACTCCATGGAGGCT-1_V13B23-285_A1,12
TAAGAGGGACAGGGAC-1_V13B23-285_A1,15
TAAGATTTAGCGGGAG-1_V13B23-285_A1,3
TAAGCAGGCGACACGC-1_V13B23-285_A1,11
TAAGCGCGAATCAAAT-1_V13B23-285_A1,12
TAAGGAACTTGTGGGA-1_V13B23-285_A1,3
TAAGGCAACATAAGAT-1_V13B23-285_A1,11
TAAGGCATAACATCAA-1_V13B23-285_A1,11
TAAGGCCCGTCACCCT-1_V13B23-285_A1,8
TAAGGCTGAATCCCTC-1_V13B23-285_A1,1
TAAGGGCCTGTCCGAT-1_V13B23-285_A1,10
TAAGGGCTGGGAGAGG-1_V13B23-285_A1,11
TAAGTAACATCTTGAC-1_V13B23-285_A1,11
TAAGTCGCCGAGTATC-1_V13B23-285_A1,19
TAAGTTGCGACGTAGG-1_V13B23-285_A1,16
TAATAAACAAGGAGAT-1_V13B23-285_A1,16
TAATACACAGTAGTAT-1_V13B23-285_A1,11
TAATACTAGAACAGAC-1_V13B23-285_A1,16
TAATAGAACAGAGTTA-1_V13B23-285_A1,11
TAATAGCTAAATGATG-1_V13B23-285_A1,5
TAATAGGTCACCAGAA-1_V13B23-285_A1,11
TAATAGTGACGACCAG-1_V13B23-285_A1,11
TAATATTGAAATTCGC-1_V13B23-285_A1,16
TAATCGATCCGTACGT-1_V13B23-285_A1,6
TAATGAAAGACCCTTG-1_V13B23-285_A1,11
TAATTACGTCAGTAGA-1_V13B23-285_A1,7
TAATTAGATGGATATG-1_V13B23-285_A1,3
TAATTAGGACATCCGT-1_V13B23-285_A1,10
TAATTTCCGTCCAGTA-1_V13B23-285_A1,11
TACAACAGCGCATACA-1_V13B23-285_A1,12
TACAACGCACAACTCA-1_V13B23-285_A1,11
TACAAGCTGTTCACTG-1_V13B23-285_A1,9
TACAAGGGCTTCTTTA-1_V13B23-285_A1,8
TACAAGTCTCGTGCAT-1_V13B23-285_A1,11
TACAATGAAACCAGCA-1_V13B23-285_A1,3
TACACCGTCGTTAGTC-1_V13B23-285_A1,5
TACAGAAACGGTGGGC-1_V13B23-285_A1,17
TACATAGGCATACACC-1_V13B23-285_A1,11
TACATCCCTATCCCTG-1_V13B23-285_A1,11
TACATCTTGTTTCTTG-1_V13B23-285_A1,11
TACATGACCTTATCCG-1_V13B23-285_A1,11
TACATGCCGGAATTGT-1_V13B23-285_A1,17
TACATTTCTAACGTGC-1_V13B23-285_A1,11
TACCAAATAGCCCAGA-1_V13B23-285_A1,11
TACCAATAAAGTACCA-1_V13B23-285_A1,7
TACCAGAAGTAGGTTC-1_V13B23-285_A1,11
TACCAGCTAGGTTTAA-1_V13B23-285_A1,14
TACCATGTATTGATTT-1_V13B23-285_A1,10
TACCGAATAATTGTAA-1_V13B23-285_A1,10
TACCGCGGACTTGCAG-1_V13B23-285_A1,16
TACCGGCTCACTGCCC-1_V13B23-285_A1,11
TACCGGTCGTTTCCAT-1_V13B23-285_A1,11
TACCGTAGGTTAACTA-1_V13B23-285_A1,16
TACCGTGCCTCGGACC-1_V13B23-285_A1,5
TACCTACTCCCAGTAT-1_V13B23-285_A1,11
TACCTATCCCTAGAGG-1_V13B23-285_A1,11
TACCTCACGCTTGTAC-1_V13B23-285_A1,15
TACCTCAGTTGTCTGT-1_V13B23-285_A1,16
TACCTGCTGCACTGTG-1_V13B23-285_A1,11
TACCTTAAGATTTCCC-1_V13B23-285_A1,11
TACGAACACGACTTCA-1_V13B23-285_A1,11
TACGACGCTTGCTGCG-1_V13B23-285_A1,11
TACGACTGCCTCTTAG-1_V13B23-285_A1,11
TACGAGAACTTCACGT-1_V13B23-285_A1,11
TACGATGTTGATCATC-1_V13B23-285_A1,11
TACGCAGTTCTTTCCT-1_V13B23-285_A1,11
TACGCCATATTCTAAT-1_V13B23-285_A1,11
TACGCCGAGGGTACCC-1_V13B23-285_A1,11
TACGCCGCCTCAGAAG-1_V13B23-285_A1,10
TACGCCTCCATTCCGA-1_V13B23-285_A1,11
TACGCTATAGAAACCT-1_V13B23-285_A1,10
TACGCTCGGTATTGGA-1_V13B23-285_A1,17
TACGGAAGCCAAACCA-1_V13B23-285_A1,16
TACGGCATGGACGCTA-1_V13B23-285_A1,7
TACGGGATGCTAGCAG-1_V13B23-285_A1,6
TACGTAAAGCGGAGTG-1_V13B23-285_A1,7
TACGTACTAGTGCTGA-1_V13B23-285_A1,16
TACGTGCACTATGCTG-1_V13B23-285_A1,16
TACGTGGGCCCAGGGC-1_V13B23-285_A1,16
TACGTTTACCGGCAAT-1_V13B23-285_A1,11
TACTACGTGCAATGCG-1_V13B23-285_A1,16
TACTATGGTTCCTCAG-1_V13B23-285_A1,11
TACTCCTCTAGTTGAC-1_V13B23-285_A1,16
TACTCGGCACGCCGGG-1_V13B23-285_A1,11
TACTCTCCGAACAAAT-1_V13B23-285_A1,6
TACTCTTACTTTACTG-1_V13B23-285_A1,1
TACTCTTTCGTCTTCA-1_V13B23-285_A1,11
TACTGAACAGATTTAG-1_V13B23-285_A1,11
TACTGAGGGAAGAAAG-1_V13B23-285_A1,11
TACTGCAATCAATTAC-1_V13B23-285_A1,1
TACTGGACAGCTCGGC-1_V13B23-285_A1,11
TACTGTTTCTCTGGTA-1_V13B23-285_A1,15
TACTTAAACATGTACA-1_V13B23-285_A1,5
TACTTGTTAGTAGTCC-1_V13B23-285_A1,16
TACTTTACTGAGCCGG-1_V13B23-285_A1,15
TACTTTCCGCACGCCA-1_V13B23-285_A1,11
TAGAAACACAATAGTG-1_V13B23-285_A1,11
TAGAAAGGTGGCGCTA-1_V13B23-285_A1,11
TAGAAATTCACGTATA-1_V13B23-285_A1,11
TAGAATAGCCGATGAA-1_V13B23-285_A1,11
TAGACGAAACGCCAAT-1_V13B23-285_A1,1
TAGACGCCCGTACCGG-1_V13B23-285_A1,16
TAGACTACCTAGCGTT-1_V13B23-285_A1,10
TAGAGATCATGCAACT-1_V13B23-285_A1,11
TAGAGCTACGAAGAAC-1_V13B23-285_A1,3
TAGAGGTTCTACTTGT-1_V13B23-285_A1,16
TAGAGTCTAAGCGAAC-1_V13B23-285_A1,11
TAGATATGGACTGGAA-1_V13B23-285_A1,11
TAGATCCGAAGTCGCA-1_V13B23-285_A1,4
TAGATGGTTCCTTACT-1_V13B23-285_A1,17
TAGATTCCTGGTTATT-1_V13B23-285_A1,11
TAGCAACCTGTCACAA-1_V13B23-285_A1,1
TAGCAGTATGACTAAA-1_V13B23-285_A1,2
TAGCCAGAGGGTCCGG-1_V13B23-285_A1,3
TAGCCATTTCAAAGTC-1_V13B23-285_A1,10
TAGCCGGCGGTCAGCG-1_V13B23-285_A1,11
TAGCGTCCCTCGATTG-1_V13B23-285_A1,10
TAGCGTCCGGTGTGGT-1_V13B23-285_A1,4
TAGCGTCGAATATTGA-1_V13B23-285_A1,11
TAGCGTTGGGTCTTAC-1_V13B23-285_A1,11
TAGCTAAGTCCGGGAG-1_V13B23-285_A1,11
TAGCTAGAAGGCATGA-1_V13B23-285_A1,11
TAGCTAGTGATGATGG-1_V13B23-285_A1,16
TAGCTCGCCTGATAAC-1_V13B23-285_A1,11
TAGCTGATGTGAAGCG-1_V13B23-285_A1,11
TAGGCATGTTACGCCA-1_V13B23-285_A1,13
TAGGCCTATATAGTCT-1_V13B23-285_A1,19
TAGGCGATGAGGTCTC-1_V13B23-285_A1,11
TAGGCTAAAGTGGCAC-1_V13B23-285_A1,19
TAGGGAGCTTGGGATG-1_V13B23-285_A1,3
TAGGGTGTTTCAAGAG-1_V13B23-285_A1,11
TAGGTCCAAGTAAGGA-1_V13B23-285_A1,11
TAGGTCGCCGGAACTG-1_V13B23-285_A1,16
TAGGTGACGATAACCT-1_V13B23-285_A1,17
TAGGTGAGCCCTACTC-1_V13B23-285_A1,11
TAGGTGCTCGCCTAGC-1_V13B23-285_A1,11
TAGGTGTTCCACAGAT-1_V13B23-285_A1,11
TAGGTTCGAGTTCGTC-1_V13B23-285_A1,11
TAGTACCACAACTTTC-1_V13B23-285_A1,11
TAGTACCTTAGTGGTC-1_V13B23-285_A1,7
TAGTAGCTTATACCAG-1_V13B23-285_A1,15
TAGTCCCGGAGACCAC-1_V13B23-285_A1,11
TAGTCCGCAGAGAATG-1_V13B23-285_A1,11
TAGTCCGTATGCATAA-1_V13B23-285_A1,3
TAGTCGATCACGGGTT-1_V13B23-285_A1,16
TAGTCGGGATTCTTCG-1_V13B23-285_A1,2
TAGTCTAACAACGAGA-1_V13B23-285_A1,11
TAGTCTGTGACGTTGC-1_V13B23-285_A1,15
TAGTCTTTCCGAATTG-1_V13B23-285_A1,7
TAGTGAGAAGTGGTTG-1_V13B23-285_A1,3
TAGTGCCCTCCAGAGT-1_V13B23-285_A1,11
TAGTGCTTGAATCCTT-1_V13B23-285_A1,17
TAGTGTCAGAAACGGC-1_V13B23-285_A1,17
TAGTTAAGATAGGATA-1_V13B23-285_A1,13
TAGTTTATTCTTGCTT-1_V13B23-285_A1,16
TATAAATCCACAAGCT-1_V13B23-285_A1,11
TATAAGTGAGGATAGC-1_V13B23-285_A1,11
TATACACAGACGCCTT-1_V13B23-285_A1,11
TATACACGCAAAGTAT-1_V13B23-285_A1,7
TATACCGAGTGCCACA-1_V13B23-285_A1,7
TATACGCGTCATCACT-1_V13B23-285_A1,11
TATACTCATGCGGCAA-1_V13B23-285_A1,15
TATAGAGTCGCTTGAA-1_V13B23-285_A1,11
TATAGATGGTCGCAGT-1_V13B23-285_A1,1
TATAGCGCACGTTATC-1_V13B23-285_A1,11
TATAGGGTACTCATGA-1_V13B23-285_A1,11
TATATAGGGCTTTACG-1_V13B23-285_A1,16
TATATATCGAGAAATG-1_V13B23-285_A1,11
TATATCATTGATCAGT-1_V13B23-285_A1,11
TATATCCCTGGGAGGA-1_V13B23-285_A1,15
TATATGCTGGGTTGCC-1_V13B23-285_A1,11
TATATTCGCGTCGATA-1_V13B23-285_A1,13
TATCAAAGGTCTGTAA-1_V13B23-285_A1,11
TATCACAGCACGGGCA-1_V13B23-285_A1,9
TATCACCCAACCGACC-1_V13B23-285_A1,7
TATCACTTCGAGTAAC-1_V13B23-285_A1,4
TATCAGTGGCGTAGTC-1_V13B23-285_A1,11
TATCCAATTGGTTATC-1_V13B23-285_A1,10
TATCCATATCATGCGA-1_V13B23-285_A1,11
TATCCATCTCGGTTAG-1_V13B23-285_A1,15
TATCCGCACCGTCGGG-1_V13B23-285_A1,16
TATCCTATCAACTGGT-1_V13B23-285_A1,17
TATCCTGCATGGGAAT-1_V13B23-285_A1,19
TATCGATCTATGCATA-1_V13B23-285_A1,6
TATCGATGATTAAACG-1_V13B23-285_A1,11
TATCTACAGAGGTAAT-1_V13B23-285_A1,11
TATCTACCACAGCGGG-1_V13B23-285_A1,11
TATCTAGCCTAAAGGA-1_V13B23-285_A1,11
TATCTTGCAATACAAC-1_V13B23-285_A1,11
TATGAAGAATTAAGGT-1_V13B23-285_A1,1
TATGAAGACAGGTGCG-1_V13B23-285_A1,11
TATGACCTTGCGCTGG-1_V13B23-285_A1,11
TATGATCCGGCACGCC-1_V13B23-285_A1,5
TATGATCTTCTCTTTA-1_V13B23-285_A1,17
TATGATTCTGCTTGGT-1_V13B23-285_A1,3
TATGCTCCCTACTTAC-1_V13B23-285_A1,11
TATGGAGTTTCTCGTT-1_V13B23-285_A1,3
TATGGATGTGCTACGC-1_V13B23-285_A1,11
TATGGCAGACTTTCGA-1_V13B23-285_A1,14
TATGGCCCGGCCTCGC-1_V13B23-285_A1,11
TATGGGACCGAGCAGG-1_V13B23-285_A1,11
TATGGGTACGTATCGT-1_V13B23-285_A1,11
TATGGTCTGAGTAACA-1_V13B23-285_A1,11
TATGGTTAGTGGGAGA-1_V13B23-285_A1,10
TATGTAAAGTGCTTAA-1_V13B23-285_A1,16
TATGTCAAGACCGACT-1_V13B23-285_A1,16
TATGTCTCATTGTGCC-1_V13B23-285_A1,16
TATTAACACCAAAGCA-1_V13B23-285_A1,11
TATTAACCTGACCGCG-1_V13B23-285_A1,11
TATTACCATCCTGCTT-1_V13B23-285_A1,16
TATTATGTTTGCCTGC-1_V13B23-285_A1,17
TATTCAATTCTAATCC-1_V13B23-285_A1,11
TATTCCACTCAGCTCG-1_V13B23-285_A1,11
TATTCCGAGCTGTTAT-1_V13B23-285_A1,1
TATTCCGGCAGTCCTA-1_V13B23-285_A1,13
TATTCCTCCGCCCACT-1_V13B23-285_A1,11
TATTCGTGCCAGAATA-1_V13B23-285_A1,11
TATTGACATTTCTGCC-1_V13B23-285_A1,10
TATTGCCGGGCTTGTA-1_V13B23-285_A1,1
TATTTAGTCTAGATCG-1_V13B23-285_A1,11
TATTTATACCGAGTAG-1_V13B23-285_A1,7
TATTTGATTTGCACAG-1_V13B23-285_A1,17
TATTTGTTACCCTTTA-1_V13B23-285_A1,11
TCAAACAACCGCGTCG-1_V13B23-285_A1,11
TCAAACTTAGATTGTT-1_V13B23-285_A1,11
TCAAAGAGCTATCTGT-1_V13B23-285_A1,11
TCAAATTGTTGTGCCG-1_V13B23-285_A1,15
TCAAATTTGAGACTCA-1_V13B23-285_A1,16
TCAACAAAGATAATTC-1_V13B23-285_A1,11
TCAACACATTGGGTAA-1_V13B23-285_A1,3
TCAACATAGCGCCCTA-1_V13B23-285_A1,11
TCAACATCGACCGAGA-1_V13B23-285_A1,11
TCAACCATGTTCGGGC-1_V13B23-285_A1,11
TCAACGAGGAGACAAA-1_V13B23-285_A1,11
TCAACGCAGGAAATAA-1_V13B23-285_A1,11
TCAACGCGACCGGCAG-1_V13B23-285_A1,11
TCAACTAACGTATAAC-1_V13B23-285_A1,11
TCAACTGCAGAGTCAG-1_V13B23-285_A1,16
TCAAGAAATACTAGCT-1_V13B23-285_A1,10
TCAAGCGCGGACGGTA-1_V13B23-285_A1,15
TCAAGGTTACTACACC-1_V13B23-285_A1,17
TCAATACAATTGCTGC-1_V13B23-285_A1,11
TCAATACGCCGTCATG-1_V13B23-285_A1,5
TCACAAACCGAGGTAC-1_V13B23-285_A1,1
TCACAGATCCTCAAAC-1_V13B23-285_A1,3
TCACAGCAAACTCGAA-1_V13B23-285_A1,11
TCACAGGAGAATAAGA-1_V13B23-285_A1,11
TCACAGGGAATCGCAA-1_V13B23-285_A1,11
TCACAGGTTATTGGGC-1_V13B23-285_A1,11
TCACATCTTATCTGAT-1_V13B23-285_A1,12
TCACCCTCTTAAGATT-1_V13B23-285_A1,11
TCACCGCTCGGCACTC-1_V13B23-285_A1,16
TCACGATGTCCGTGGA-1_V13B23-285_A1,11
TCACGCATTGTAGATC-1_V13B23-285_A1,11
TCACGGTCATCGCACA-1_V13B23-285_A1,11
TCACGTGCCCGATTCA-1_V13B23-285_A1,11
TCACTACGACCAATGC-1_V13B23-285_A1,9
TCACTATCCCTTCGGT-1_V13B23-285_A1,16
TCACTATCGTGCAATC-1_V13B23-285_A1,3
TCACTCAGCGCATTAG-1_V13B23-285_A1,3
TCACTCGTGCAACGGC-1_V13B23-285_A1,5
TCACTCTTCGTCTGTC-1_V13B23-285_A1,10
TCAGAACCTCCACAGG-1_V13B23-285_A1,19
TCAGACGCTATAGAAG-1_V13B23-285_A1,11
TCAGCAAATGCATCTC-1_V13B23-285_A1,11
TCAGCAGTAGGCCCTG-1_V13B23-285_A1,11
TCAGCCAATCCGTAAA-1_V13B23-285_A1,7
TCAGGGCGACTTCCTT-1_V13B23-285_A1,11
TCAGGGCGCAAACTCG-1_V13B23-285_A1,11
TCAGGGTGTAACGTAA-1_V13B23-285_A1,10
TCAGGTTCTTTGAGAA-1_V13B23-285_A1,11
TCAGTACTGACCCGCG-1_V13B23-285_A1,11
TCAGTAGGGACTATAA-1_V13B23-285_A1,11
TCAGTGTATACGTCAT-1_V13B23-285_A1,15
TCATACTTACAGATCC-1_V13B23-285_A1,10
TCATATGAGCTTTGTT-1_V13B23-285_A1,15
TCATCACTCGAGCTCG-1_V13B23-285_A1,3
TCATCCTCAGCTGCTT-1_V13B23-285_A1,1
TCATCGACGACCGTCG-1_V13B23-285_A1,17
TCATCGATGGTCCCAA-1_V13B23-285_A1,15
TCATGCAGGTTCTCAT-1_V13B23-285_A1,1
TCATTTAAGTCTCCGA-1_V13B23-285_A1,16
TCATTTAGAAGTGTGA-1_V13B23-285_A1,1
TCCAACTCAGCTATCT-1_V13B23-285_A1,15
TCCAACTTTAAATTCT-1_V13B23-285_A1,6
TCCAAGCCTAGACACA-1_V13B23-285_A1,17
TCCAATAAAGGCTACC-1_V13B23-285_A1,16
TCCACAATGGTTTACG-1_V13B23-285_A1,11
TCCACATCGTATATTG-1_V13B23-285_A1,15
TCCACCAAGACATAGG-1_V13B23-285_A1,19
TCCACCTCTAGCCTTT-1_V13B23-285_A1,16
TCCACTTTATCTAGGT-1_V13B23-285_A1,11
TCCAGAGCACCGGTTC-1_V13B23-285_A1,11
TCCAGATGTACGCCAA-1_V13B23-285_A1,5
TCCAGCGCTATAAGCG-1_V13B23-285_A1,19
TCCAGGCGAGTACGGT-1_V13B23-285_A1,11
TCCAGGGTATATACGA-1_V13B23-285_A1,11
TCCATTAGTTGGATAG-1_V13B23-285_A1,8
TCCATTGTGACCTCGT-1_V13B23-285_A1,9
TCCCAAACAGACAACG-1_V13B23-285_A1,5
TCCCAAAGACGAAGGA-1_V13B23-285_A1,6
TCCCAAAGCCCTAAAT-1_V13B23-285_A1,10
TCCCACTCTCTTCCGG-1_V13B23-285_A1,1
TCCCAGCTTTAGTCTG-1_V13B23-285_A1,11
TCCCAGGCTTAGCTAA-1_V13B23-285_A1,11
TCCCGCCTATGTGCGT-1_V13B23-285_A1,10
TCCCGCGTACTCCTGG-1_V13B23-285_A1,11
TCCCGGGTGTGCTGCT-1_V13B23-285_A1,11
TCCCGGTCAGGAATTT-1_V13B23-285_A1,3
TCCCGTCAGTCCCGCA-1_V13B23-285_A1,11
TCCCGTCGCGTCATAG-1_V13B23-285_A1,16
TCCCGTGTGCAATTTG-1_V13B23-285_A1,11
TCCCTAGATCAATAGG-1_V13B23-285_A1,15
TCCCTCCGAAATCGTT-1_V13B23-285_A1,5
TCCCTCTTCTCAAGGG-1_V13B23-285_A1,15
TCCCTGGCGTATTAAC-1_V13B23-285_A1,11
TCCCTGGCTCGCTGGA-1_V13B23-285_A1,11
TCCCTTAGATTACTCG-1_V13B23-285_A1,19
TCCCTTGTCTGAAACT-1_V13B23-285_A1,17
TCCGAACGTTGCCGCT-1_V13B23-285_A1,1
TCCGAACTTGGCTTAC-1_V13B23-285_A1,11
TCCGAATGGTCCTGAG-1_V13B23-285_A1,8
TCCGAGAAGGCTAAGC-1_V13B23-285_A1,3
TCCGATAATTGCCATA-1_V13B23-285_A1,11
TCCGATGACTGAGCTC-1_V13B23-285_A1,12
TCCGATGGTGCGACAT-1_V13B23-285_A1,11
TCCGATTACATTGCCG-1_V13B23-285_A1,11
TCCGCAGCCACCTAGC-1_V13B23-285_A1,19
TCCGCCTGTCTACAAG-1_V13B23-285_A1,5
TCCGCGGCAGCATCTG-1_V13B23-285_A1,11
TCCGCGGCCCAATGAA-1_V13B23-285_A1,10
TCCGCTGTCATCCCGG-1_V13B23-285_A1,11
TCCGCTTATCCCATTA-1_V13B23-285_A1,11
TCCGGCCTAGCGTACA-1_V13B23-285_A1,10
TCCGGGCTTGACGGGA-1_V13B23-285_A1,10
TCCGGTTCGTCCGGTC-1_V13B23-285_A1,11
TCCGTAACCACAATCC-1_V13B23-285_A1,18
TCCGTTAAGCTAATAT-1_V13B23-285_A1,10
TCCGTTTAGCCTTGAA-1_V13B23-285_A1,16
TCCTAAAGATTCAGAC-1_V13B23-285_A1,19
TCCTAAATTGGGAAGC-1_V13B23-285_A1,5
TCCTAACCGTCGGGCA-1_V13B23-285_A1,11
TCCTACATCCACGGCC-1_V13B23-285_A1,11
TCCTAGCAAAGAAGCT-1_V13B23-285_A1,11
TCCTATCATAGGTAAC-1_V13B23-285_A1,10
TCCTCCTAAGACATTC-1_V13B23-285_A1,11
TCCTCGGGCTGGGCTT-1_V13B23-285_A1,11
TCCTCTACGAGATGGC-1_V13B23-285_A1,11
TCCTCTCCAGTTGTCC-1_V13B23-285_A1,11
TCCTCTGGCCCATTAG-1_V13B23-285_A1,9
TCCTGCCAACTGGAGA-1_V13B23-285_A1,9
TCCTGCGTTGATACTC-1_V13B23-285_A1,11
TCCTTACGACGGTCCG-1_V13B23-285_A1,16
TCCTTCAATCCCTACG-1_V13B23-285_A1,11
TCCTTCAGTGGTCGAA-1_V13B23-285_A1,16
TCCTTGTCCTTTAATT-1_V13B23-285_A1,15
TCCTTTAAATCCGCTT-1_V13B23-285_A1,15
TCCTTTCTTACGCTTA-1_V13B23-285_A1,7
TCGAAATTTAGGACCA-1_V13B23-285_A1,11
TCGAAGAACCGAGCAC-1_V13B23-285_A1,17
TCGAATATCCCGCAGG-1_V13B23-285_A1,16
TCGACAACTGAACCCG-1_V13B23-285_A1,5
TCGAGACCAACACCGT-1_V13B23-285_A1,11
TCGAGCCAGGCAGGCC-1_V13B23-285_A1,11
TCGAGGGCAACAGACG-1_V13B23-285_A1,17
TCGAGTCTACGATTCG-1_V13B23-285_A1,11
TCGATAGGCTAGTCGC-1_V13B23-285_A1,16
TCGCAAAGATGCATTT-1_V13B23-285_A1,11
TCGCACCAGGAGGCAG-1_V13B23-285_A1,16
TCGCACTAACGTTTGT-1_V13B23-285_A1,4
TCGCATAAAGGGCGCA-1_V13B23-285_A1,10
TCGCATCCCTAAGTGT-1_V13B23-285_A1,3
TCGCATTCAATGACTT-1_V13B23-285_A1,3
TCGCCCACTGCGAGAG-1_V13B23-285_A1,11
TCGCCGAAGTTGCGTC-1_V13B23-285_A1,11
TCGCCGACATATTCGC-1_V13B23-285_A1,15
TCGCCGCACCGCGTGA-1_V13B23-285_A1,11
TCGCCGGATGGGCAAG-1_V13B23-285_A1,11
TCGCCGGTCGATCCGT-1_V13B23-285_A1,11
TCGCCTCGACCTGTTG-1_V13B23-285_A1,12
TCGCGTCCAGAAGGTC-1_V13B23-285_A1,11
TCGCTAAACCGCTATC-1_V13B23-285_A1,19
TCGCTACTGGCTTTGA-1_V13B23-285_A1,16
TCGCTCGATATATTCC-1_V13B23-285_A1,11
TCGCTCGGCACCAGCG-1_V13B23-285_A1,5
TCGCTGCCAATGCTGT-1_V13B23-285_A1,16
TCGCTGGGCGGATTGT-1_V13B23-285_A1,10
TCGCTGTGCGTAAATC-1_V13B23-285_A1,3
TCGCTTTAAACGTTTG-1_V13B23-285_A1,6
TCGGAATGCGCTCTGA-1_V13B23-285_A1,11
TCGGACGCCCAGCCCA-1_V13B23-285_A1,11
TCGGAGAGTATCGGGA-1_V13B23-285_A1,11
TCGGAGTACATGAGTA-1_V13B23-285_A1,11
TCGGCGAACCCAAACC-1_V13B23-285_A1,10
TCGGCGTACTGCACAA-1_V13B23-285_A1,11
TCGGCTTGTATCGACG-1_V13B23-285_A1,15
TCGGGAACGTGCCTAG-1_V13B23-285_A1,1
TCGGGAGACAGCGTAC-1_V13B23-285_A1,16
TCGGGATTCAAACATA-1_V13B23-285_A1,11
TCGGGCACTTCTGGAT-1_V13B23-285_A1,3
TCGGGCCGTCGTGGTA-1_V13B23-285_A1,10
TCGGGTGAAACTGCTA-1_V13B23-285_A1,1
TCGGTCCCGACAATAG-1_V13B23-285_A1,11
TCGTAAGACGACATTG-1_V13B23-285_A1,11
TCGTACCGACGTCAAG-1_V13B23-285_A1,11
TCGTATAGTGCAATTA-1_V13B23-285_A1,15
TCGTATTACCCATTGC-1_V13B23-285_A1,11
TCGTCAAGTACGCGCA-1_V13B23-285_A1,11
TCGTCACACTGTTAGC-1_V13B23-285_A1,11
TCGTCCGCTGGCGTCT-1_V13B23-285_A1,11
TCGTCTTAGGCGTTAA-1_V13B23-285_A1,15
TCGTGTACTATGGATG-1_V13B23-285_A1,15
TCGTGTATTGGTCACG-1_V13B23-285_A1,19
TCGTGTCACGCTGACA-1_V13B23-285_A1,11
TCGTGTTCGACCACAA-1_V13B23-285_A1,1
TCGTTAGGAGTCCCTA-1_V13B23-285_A1,11
TCGTTCGTTATTATGT-1_V13B23-285_A1,7
TCGTTGACAGGGTCCC-1_V13B23-285_A1,11
TCGTTGCTATCCGGTC-1_V13B23-285_A1,11
TCGTTGGCTCGTCAAT-1_V13B23-285_A1,3
TCGTTTACGCGACCCT-1_V13B23-285_A1,17
TCTAAAGAACAGTCTC-1_V13B23-285_A1,11
TCTAACCTAGCCTGCG-1_V13B23-285_A1,16
TCTAACTGTATGTAAA-1_V13B23-285_A1,11
TCTAATACTGCCTCAG-1_V13B23-285_A1,11
TCTACCCAATAGAGAG-1_V13B23-285_A1,8
TCTACCGTCCACAAGC-1_V13B23-285_A1,11
TCTAGCAATCTCCGCC-1_V13B23-285_A1,11
TCTAGCATCTTCGATG-1_V13B23-285_A1,12
TCTAGCATGCCCAGAA-1_V13B23-285_A1,11
TCTAGGTGGCGACGCT-1_V13B23-285_A1,10
TCTAGTGATATCGTGG-1_V13B23-285_A1,1
TCTAGTTATCAGAAGA-1_V13B23-285_A1,11
TCTATAGGTGGGTAAT-1_V13B23-285_A1,19
TCTATCATGCAGTTAC-1_V13B23-285_A1,16
TCTATCGGTCGCAACA-1_V13B23-285_A1,11
TCTATGCTATAACGAC-1_V13B23-285_A1,16
TCTATTACGCTGGCGA-1_V13B23-285_A1,3
TCTATTACTAGAGGAT-1_V13B23-285_A1,11
TCTCATGAGATAGGGT-1_V13B23-285_A1,10
TCTCCAACGTAGGTTA-1_V13B23-285_A1,4
TCTCCACAAGTTGAAT-1_V13B23-285_A1,16
TCTCCCTGGGCAGCGT-1_V13B23-285_A1,15
TCTCGAACGAGGTCAC-1_V13B23-285_A1,9
TCTCGACGTATCGCCG-1_V13B23-285_A1,10
TCTCGAGGAGGTTCGC-1_V13B23-285_A1,7
TCTCGGCTCCAGGACT-1_V13B23-285_A1,3
TCTCGTGTTACGAGGA-1_V13B23-285_A1,11
TCTCTAATAGCTGGTA-1_V13B23-285_A1,11
TCTCTCGCCGCACATA-1_V13B23-285_A1,15
TCTCTTACCGCGAACC-1_V13B23-285_A1,16
TCTGAACCGGTCGGCT-1_V13B23-285_A1,7
TCTGAACTCGTACCCG-1_V13B23-285_A1,16
TCTGAAGCACGTGGTC-1_V13B23-285_A1,17
TCTGAATTCCGTACAA-1_V13B23-285_A1,16
TCTGACGGGCTAACCC-1_V13B23-285_A1,7
TCTGACTGTAATGGTT-1_V13B23-285_A1,16
TCTGAGCAATTGACTG-1_V13B23-285_A1,15
TCTGATCGGGTGCTAG-1_V13B23-285_A1,10
TCTGATGTATTCTGTC-1_V13B23-285_A1,15
TCTGATTGGAAATGGA-1_V13B23-285_A1,10
TCTGCAGATTCGAGTC-1_V13B23-285_A1,11
TCTGCATACCTTGCTT-1_V13B23-285_A1,10
TCTGCCAGAAACTGCA-1_V13B23-285_A1,11
TCTGCGTCCGGTTTCT-1_V13B23-285_A1,3
TCTGGCCGTTCAAGTT-1_V13B23-285_A1,10
TCTGGCGCAAGCCGGG-1_V13B23-285_A1,11
TCTGGGAACCTTTGAA-1_V13B23-285_A1,16
TCTGGGTAGCGCTCAT-1_V13B23-285_A1,11
TCTGTCATACAAGAGC-1_V13B23-285_A1,16
TCTGTGACTGACCGTT-1_V13B23-285_A1,7
TCTGTGCCATCATAGT-1_V13B23-285_A1,11
TCTGTGGCTACATTTC-1_V13B23-285_A1,3
TCTGTTACCCAGCATA-1_V13B23-285_A1,11
TCTTAACTCGGATGTA-1_V13B23-285_A1,11
TCTTACAGAGGTACCG-1_V13B23-285_A1,3
TCTTACCGGAACTCGT-1_V13B23-285_A1,1
TCTTACGGCATCCGAC-1_V13B23-285_A1,11
TCTTACTTATGCCTCT-1_V13B23-285_A1,10
TCTTAGAGCTCCAATT-1_V13B23-285_A1,10
TCTTAGAGTGAACTCT-1_V13B23-285_A1,1
TCTTCCCATGGGCACA-1_V13B23-285_A1,16
TCTTCGAATAGACGTT-1_V13B23-285_A1,11
TCTTCGATACCAATAA-1_V13B23-285_A1,11
TCTTCGCGGTGAGAGG-1_V13B23-285_A1,10
TCTTCTATAACCCGCC-1_V13B23-285_A1,10
TCTTGATGCGTAGCGA-1_V13B23-285_A1,11
TCTTGCTCCCGATACT-1_V13B23-285_A1,7
TCTTGGTAACACCAAA-1_V13B23-285_A1,11
TCTTTAAGACTATGAA-1_V13B23-285_A1,16
TCTTTAGAGTCTAACA-1_V13B23-285_A1,19
TCTTTAGCAGGCGAAC-1_V13B23-285_A1,10
TCTTTCCTTCGAGATA-1_V13B23-285_A1,1
TGAAACCTCAACTCAC-1_V13B23-285_A1,9
TGAAACTTATGCAAGC-1_V13B23-285_A1,4
TGAAAGGACCTGACTC-1_V13B23-285_A1,11
TGAACTGCTATGACTT-1_V13B23-285_A1,11
TGAAGAGCGGTCCTAG-1_V13B23-285_A1,15
TGAAGTAGCTTACGGA-1_V13B23-285_A1,11
TGAATACCGACGCGTA-1_V13B23-285_A1,16
TGAATGAGTGTTTCCC-1_V13B23-285_A1,11
TGAATGTCAGCCGGCC-1_V13B23-285_A1,10
TGAATTTCACTTGCCT-1_V13B23-285_A1,11
TGACAACGCATGTCGC-1_V13B23-285_A1,10
TGACAGGACAAGTCCA-1_V13B23-285_A1,11
TGACATATATGACGAT-1_V13B23-285_A1,11
TGACATCGAGCGGACC-1_V13B23-285_A1,10
TGACATGTAACGTGAC-1_V13B23-285_A1,19
TGACCAAATCTTAAAC-1_V13B23-285_A1,10
TGACCCAACTCACATT-1_V13B23-285_A1,9
TGACCCACGTTAGACA-1_V13B23-285_A1,11
TGACGAATATTTCCCT-1_V13B23-285_A1,11
TGACGATGCACTAGAA-1_V13B23-285_A1,16
TGACTATAATCCTTTC-1_V13B23-285_A1,11
TGACTCCGAATCATAC-1_V13B23-285_A1,11
TGAGAATGCTTTACCG-1_V13B23-285_A1,11
TGAGACGTACCTCTCA-1_V13B23-285_A1,11
TGAGAGATTTACCACG-1_V13B23-285_A1,10
TGAGATCAAATACTCA-1_V13B23-285_A1,13
TGAGATTAGGCCCTAA-1_V13B23-285_A1,5
TGAGCAGTCGTGAAGT-1_V13B23-285_A1,3
TGAGCCATACAGTCTC-1_V13B23-285_A1,11
TGAGCGGAAAGTGTTC-1_V13B23-285_A1,10
TGAGCTTTAATGACGC-1_V13B23-285_A1,19
TGAGGAGTGCCAGCTT-1_V13B23-285_A1,7
TGAGGCATGTACTGTG-1_V13B23-285_A1,5
TGAGGTTGATCCCAAG-1_V13B23-285_A1,3
TGAGTAAATTAGCGTA-1_V13B23-285_A1,11
TGAGTGCCTCTTAAAT-1_V13B23-285_A1,11
TGAGTGGTCCGTGACG-1_V13B23-285_A1,11
TGAGTTAAAGACATTC-1_V13B23-285_A1,10
TGATACATTTAGCCGT-1_V13B23-285_A1,11
TGATAGCGGGATTCTA-1_V13B23-285_A1,11
TGATCAGGGAACTGCT-1_V13B23-285_A1,11
TGATCCCAGCATTAGT-1_V13B23-285_A1,16
TGATCGGTTTGACCCT-1_V13B23-285_A1,11
TGATCTACGCTGATCT-1_V13B23-285_A1,14
TGATCTCCGGCGCCAG-1_V13B23-285_A1,11
TGATGGCTGTTTCTGA-1_V13B23-285_A1,16
TGATGGGACTAAGTCA-1_V13B23-285_A1,14
TGATGTCAATTAAGTG-1_V13B23-285_A1,15
TGATTCAGGTCCCGCG-1_V13B23-285_A1,11
TGATTCCCGGTTACCT-1_V13B23-285_A1,11
TGATTCGTCTATCACT-1_V13B23-285_A1,11
TGATTCTGTCGCCGGT-1_V13B23-285_A1,11
TGATTTATTAGCTGTG-1_V13B23-285_A1,11
TGATTTCCTCCTGACG-1_V13B23-285_A1,3
TGCAAACCCACATCAA-1_V13B23-285_A1,9
TGCAACCCATCTGCGG-1_V13B23-285_A1,16
TGCAACTACTGGTTGA-1_V13B23-285_A1,10
TGCAAGAATGACGTAA-1_V13B23-285_A1,11
TGCAATCTAACACGGT-1_V13B23-285_A1,15
TGCACGAGTCGGCAGC-1_V13B23-285_A1,9
TGCACTATGTGAGTGC-1_V13B23-285_A1,7
TGCAGAACTATATCGT-1_V13B23-285_A1,11
TGCAGAGTACCGAGCA-1_V13B23-285_A1,11
TGCAGATCGTCCTAGG-1_V13B23-285_A1,11
TGCAGCTACGTACTTC-1_V13B23-285_A1,11
TGCAGGATCGGCAAAG-1_V13B23-285_A1,11
TGCAGTTTCCTCCCAT-1_V13B23-285_A1,10
TGCATATGTCTGTCAC-1_V13B23-285_A1,11
TGCATGGATCGGATCT-1_V13B23-285_A1,11
TGCATGTGGTAATCTA-1_V13B23-285_A1,19
TGCCAAAGTCAGACTT-1_V13B23-285_A1,11
TGCCAATGGGTACTCT-1_V13B23-285_A1,11
TGCCACACTAGAGGAA-1_V13B23-285_A1,11
TGCCACCTGGCGAAAC-1_V13B23-285_A1,11
TGCCAGTACGTGGAGA-1_V13B23-285_A1,10
TGCCATTACTAAAGAA-1_V13B23-285_A1,5
TGCCCGTACCGTTAAA-1_V13B23-285_A1,10
TGCCGAAAGCGTATTC-1_V13B23-285_A1,10
TGCCGGATGTACGAGC-1_V13B23-285_A1,11
TGCCGTGGATCGTCCT-1_V13B23-285_A1,1
TGCCGTGGGACCCAAT-1_V13B23-285_A1,5
TGCCGTTCTTAATCGG-1_V13B23-285_A1,11
TGCCTAATTGAAGATT-1_V13B23-285_A1,16
TGCCTGACATCGGTCA-1_V13B23-285_A1,3
TGCCTGATCAAACGAT-1_V13B23-285_A1,11
TGCCTTGGCCAGGCAA-1_V13B23-285_A1,7
TGCGAATATGGGATTT-1_V13B23-285_A1,11
TGCGACACCCTAGTGC-1_V13B23-285_A1,6
TGCGACGGCCGAACGT-1_V13B23-285_A1,11
TGCGAGAATATTACCC-1_V13B23-285_A1,11
TGCGATGCTAATGGCT-1_V13B23-285_A1,11
TGCGCAAAGCATTTGG-1_V13B23-285_A1,11
TGCGCCGTTAATAACG-1_V13B23-285_A1,10
TGCGCGATTAACGGAG-1_V13B23-285_A1,11
TGCGGACTTGACTCCG-1_V13B23-285_A1,16
TGCGGAGTAAAGGTGC-1_V13B23-285_A1,11
TGCGGCATAGTTCAAC-1_V13B23-285_A1,15
TGCGGTGAAATTTCAT-1_V13B23-285_A1,2
TGCGTAAGAACCTGAT-1_V13B23-285_A1,11
TGCGTACGGCTAATTG-1_V13B23-285_A1,1
TGCGTCATGACTGAGC-1_V13B23-285_A1,11
TGCGTGATTGGGTGTC-1_V13B23-285_A1,3
TGCGTTTGTTGACACT-1_V13B23-285_A1,11
TGCTAAGTGTCTATTT-1_V13B23-285_A1,1
TGCTATACAAACGGAC-1_V13B23-285_A1,5
TGCTCCACAGTTCTTA-1_V13B23-285_A1,1
TGCTCGGCGAAACCCA-1_V13B23-285_A1,1
TGCTCGGTGGGTCACC-1_V13B23-285_A1,17
TGCTCTTGAGAGTTTG-1_V13B23-285_A1,16
TGCTGGTTGGACAATT-1_V13B23-285_A1,11
TGCTGTTGAAGAACTC-1_V13B23-285_A1,11
TGCTTAGAGAGAATGC-1_V13B23-285_A1,16
TGCTTCCCAAGCAGTA-1_V13B23-285_A1,11
TGCTTGAAACCATGCA-1_V13B23-285_A1,1
TGGAAACGGAGTGAAC-1_V13B23-285_A1,3
TGGAACCACTGACACA-1_V13B23-285_A1,15
TGGAAGAAGGGAACGT-1_V13B23-285_A1,11
TGGAAGACGAACACCA-1_V13B23-285_A1,15
TGGAAGGATAAAGATG-1_V13B23-285_A1,11
TGGAATATCCTTGACC-1_V13B23-285_A1,5
TGGAATTAGACGCTTT-1_V13B23-285_A1,11
TGGACACCGTTGCTTG-1_V13B23-285_A1,11
TGGACCAATCTAAGAT-1_V13B23-285_A1,17
TGGACCACGGCGTTGA-1_V13B23-285_A1,18
TGGACGCAATCCAGCC-1_V13B23-285_A1,11
TGGACGTAGGCGAATC-1_V13B23-285_A1,14
TGGACTGTTCGCTCAA-1_V13B23-285_A1,11
TGGAGCTAAAGTTCCC-1_V13B23-285_A1,9
TGGAGGGAAACACCTC-1_V13B23-285_A1,5
TGGAGTGATGCGATGA-1_V13B23-285_A1,11
TGGATAGAGTAACAGA-1_V13B23-285_A1,3
TGGCAAACTAAATTAC-1_V13B23-285_A1,16
TGGCAACTCGCGCGCC-1_V13B23-285_A1,6
TGGCAAGCACAAGTCG-1_V13B23-285_A1,16
TGGCAATGGGACGGCG-1_V13B23-285_A1,15
TGGCAGATTACGATCA-1_V13B23-285_A1,11
TGGCAGCAGTAATAGT-1_V13B23-285_A1,11
TGGCATGAAGTTTGGG-1_V13B23-285_A1,10
TGGCCAAACTGAAGTA-1_V13B23-285_A1,11
TGGCCAATTTGGTACT-1_V13B23-285_A1,11
TGGCCGTATATTGACC-1_V13B23-285_A1,11
TGGCGACTGCTCCAAA-1_V13B23-285_A1,11
TGGCGATCAAGTTATG-1_V13B23-285_A1,11
TGGCGGTGTGCGATTG-1_V13B23-285_A1,3
TGGCTACACTCTACCT-1_V13B23-285_A1,15
TGGCTATGTGACATAC-1_V13B23-285_A1,17
TGGCTCTTGTCGCGTA-1_V13B23-285_A1,11
TGGCTTATGTATAATG-1_V13B23-285_A1,16
TGGCTTTGGGTAGACA-1_V13B23-285_A1,11
TGGGAAATGCCTTTCC-1_V13B23-285_A1,11
TGGGACCATTGGGAGT-1_V13B23-285_A1,14
TGGGCAATAGTTGGGT-1_V13B23-285_A1,10
TGGGCACAAACAGAAC-1_V13B23-285_A1,3
TGGGCACGTTCTATGG-1_V13B23-285_A1,3
TGGGCAGGCCACCGCA-1_V13B23-285_A1,7
TGGGCCACAAGAGCGC-1_V13B23-285_A1,11
TGGGCCCATACTAATT-1_V13B23-285_A1,10
TGGGCCTTGCCTGCAT-1_V13B23-285_A1,3
TGGGCGATACAATAAG-1_V13B23-285_A1,11
TGGGTAAGGTTCCCGC-1_V13B23-285_A1,12
TGGGTGCACAAGCCAT-1_V13B23-285_A1,17
TGGGTGTAATAGATTT-1_V13B23-285_A1,1
TGGGTTCCCGGACGGA-1_V13B23-285_A1,11
TGGTAAGCAGGATTGA-1_V13B23-285_A1,11
TGGTAGAATATATGGG-1_V13B23-285_A1,16
TGGTATCGCATCCCAA-1_V13B23-285_A1,18
TGGTATCGGTCTGTAT-1_V13B23-285_A1,13
TGGTCCCACGCTACGG-1_V13B23-285_A1,16
TGGTCGTGCAAGGCAA-1_V13B23-285_A1,11
TGGTCTAGCTTACATG-1_V13B23-285_A1,11
TGGTCTGTTGGGCGTA-1_V13B23-285_A1,11
TGGTGATCGTATTTGT-1_V13B23-285_A1,11
TGGTTAACTTACATTT-1_V13B23-285_A1,11
TGGTTAAGGGCGCTGG-1_V13B23-285_A1,5
TGGTTATGCTTGCGGT-1_V13B23-285_A1,11
TGGTTCAACGGGTAAT-1_V13B23-285_A1,12
TGGTTCGTAGCAAAGG-1_V13B23-285_A1,11
TGGTTGGAGGATCCTG-1_V13B23-285_A1,9
TGGTTTAAACGTGGGT-1_V13B23-285_A1,5
TGTAACTTGTCAACCT-1_V13B23-285_A1,3
TGTAATGACCACAATA-1_V13B23-285_A1,11
TGTACCTACACGAGGG-1_V13B23-285_A1,19
TGTACGAACAAATCCG-1_V13B23-285_A1,11
TGTACTACTCTCACGG-1_V13B23-285_A1,13
TGTACTGTGCCAAAGT-1_V13B23-285_A1,3
TGTAGCCAATTCCGTT-1_V13B23-285_A1,16
TGTAGCCATCCCATTC-1_V13B23-285_A1,17
TGTAGGAGAAATTTCC-1_V13B23-285_A1,11
TGTAGTGATCTATAAT-1_V13B23-285_A1,11
TGTATAACAGATCCTG-1_V13B23-285_A1,10
TGTATACGGATGATGA-1_V13B23-285_A1,5
TGTATCCTTATTCCAT-1_V13B23-285_A1,16
TGTATGGCGCAGACAG-1_V13B23-285_A1,10
TGTCATTTGTTGGGAA-1_V13B23-285_A1,9
TGTCCACGGCTCAACT-1_V13B23-285_A1,15
TGTCCCGACATAGCAC-1_V13B23-285_A1,15
TGTCCGTGGCGCCTTT-1_V13B23-285_A1,11
TGTCCTAAGTCACCGC-1_V13B23-285_A1,11
TGTCGGCATGGTGGAA-1_V13B23-285_A1,3
TGTCGTTATCACATAT-1_V13B23-285_A1,11
TGTCTACAGTTTCTGT-1_V13B23-285_A1,15
TGTGACTACGCCAGTC-1_V13B23-285_A1,11
TGTGACTAGAGTTTGC-1_V13B23-285_A1,1
TGTGAGACTAGCCCAA-1_V13B23-285_A1,11
TGTGCCAGAGGCAAAG-1_V13B23-285_A1,16
TGTGCCGGTGCCGGAA-1_V13B23-285_A1,10
TGTGCTTTACGTAAGA-1_V13B23-285_A1,11
TGTGGAGGAAGCTTAA-1_V13B23-285_A1,2
TGTGGCAAAGCGTATG-1_V13B23-285_A1,6
TGTGGCGGGCTTCTGG-1_V13B23-285_A1,11
TGTGGCTCCCACCAAC-1_V13B23-285_A1,10
TGTGGTTGCTAAAGCT-1_V13B23-285_A1,11
TGTGTAGTAGCACGTG-1_V13B23-285_A1,15
TGTGTCGAAGTCGAGG-1_V13B23-285_A1,11
TGTGTCGCGAGTTGCA-1_V13B23-285_A1,11
TGTGTGACCATGAATC-1_V13B23-285_A1,11
TGTGTTCGTATCCAAG-1_V13B23-285_A1,11
TGTTATTGTATGTGGC-1_V13B23-285_A1,7
TGTTCATAAATGTGCT-1_V13B23-285_A1,11
TGTTCCGCTTCCATGA-1_V13B23-285_A1,11
TGTTCCGGCCTGAGCT-1_V13B23-285_A1,19
TGTTCGTATTGCGGTG-1_V13B23-285_A1,11
TGTTCTTCCATTGACT-1_V13B23-285_A1,11
TGTTGCCGTCGTCCCA-1_V13B23-285_A1,10
TGTTGTCAAGAAGTCT-1_V13B23-285_A1,11
TGTTTAATACTTCATC-1_V13B23-285_A1,9
TGTTTCGGTACTTCTC-1_V13B23-285_A1,11
TGTTTGAGATCGTCAG-1_V13B23-285_A1,10
TTAAACAGAGTCCCGC-1_V13B23-285_A1,3
TTAAACCGGTAGCGAC-1_V13B23-285_A1,15
TTAAACCTGGTTCCTT-1_V13B23-285_A1,11
TTAAACTCGAATTCAT-1_V13B23-285_A1,7
TTAAAGTAAGTCGCCA-1_V13B23-285_A1,1
TTAACACCTCGAACAT-1_V13B23-285_A1,7
TTAACCAACCCTCCCT-1_V13B23-285_A1,11
TTAACGAACAAGCAGT-1_V13B23-285_A1,5
TTAACGTCGCAAGACC-1_V13B23-285_A1,17
TTAACGTTAAAGCCTG-1_V13B23-285_A1,11
TTAACTCACGCGTGGA-1_V13B23-285_A1,11
TTAACTTCAGGTAGGA-1_V13B23-285_A1,11
TTAAGATAGGATTGAC-1_V13B23-285_A1,19
TTAAGCCGACAACTTC-1_V13B23-285_A1,5
TTAAGCGCCTGACCCA-1_V13B23-285_A1,11
TTAAGGATACGGAGGT-1_V13B23-285_A1,3
TTAAGGCCCGTACTTT-1_V13B23-285_A1,15
TTAAGTATTGTTATCC-1_V13B23-285_A1,1
TTAATCAGTACGTCAG-1_V13B23-285_A1,5
TTAATGTAGACCAGGT-1_V13B23-285_A1,11
TTAATGTGTTTGCAGG-1_V13B23-285_A1,19
TTAATTGCTTTGGGTG-1_V13B23-285_A1,8
TTAATTTCAGACGCGG-1_V13B23-285_A1,11
TTACAACTACGCATCC-1_V13B23-285_A1,11
TTACACGATCTGCGAC-1_V13B23-285_A1,17
TTACAGACCTAAATGA-1_V13B23-285_A1,5
TTACATCGTGGCCTGG-1_V13B23-285_A1,16
TTACATGCCACAACTA-1_V13B23-285_A1,10
TTACCATTGATTACCC-1_V13B23-285_A1,11
TTACCCATTGCCGGGT-1_V13B23-285_A1,19
TTACCCTAACAGTCCT-1_V13B23-285_A1,4
TTACCCTAGGGATTGG-1_V13B23-285_A1,16
TTACCGCCTTAGGGAA-1_V13B23-285_A1,3
TTACGGATGGTTCGAG-1_V13B23-285_A1,15
TTACGGTGTCACCGAG-1_V13B23-285_A1,3
TTACGTATCTATGACA-1_V13B23-285_A1,7
TTACTAAAGGACTTTA-1_V13B23-285_A1,10
TTACTATCGGCTTCTC-1_V13B23-285_A1,11
TTACTCCGGCCGGGAA-1_V13B23-285_A1,11
TTACTCTGGTACGTAC-1_V13B23-285_A1,11
TTACTGGGATATTTCA-1_V13B23-285_A1,11
TTAGAAGAACATGACT-1_V13B23-285_A1,11
TTAGAATAAGGGTCGG-1_V13B23-285_A1,1
TTAGACACGATCGTTG-1_V13B23-285_A1,19
TTAGACGAGTCACCTC-1_V13B23-285_A1,10
TTAGAGGGATATACAG-1_V13B23-285_A1,11
TTAGAGTTTAGAAGGA-1_V13B23-285_A1,10
TTAGATAGGTCGATAC-1_V13B23-285_A1,3
TTAGCAACATGGATGT-1_V13B23-285_A1,15
TTAGCTAATACGATCT-1_V13B23-285_A1,5
TTAGCTCTGTAATCCG-1_V13B23-285_A1,11
TTAGCTGATTTGCCGT-1_V13B23-285_A1,16
TTAGGTCATAACCGAC-1_V13B23-285_A1,11
TTAGTAAACCTGCTCT-1_V13B23-285_A1,15
TTAGTAGGGCGGCGGG-1_V13B23-285_A1,11
TTAGTTATTCGTGGCA-1_V13B23-285_A1,7
TTAGTTCAAGTGTTCG-1_V13B23-285_A1,5
TTATAGATGCACATTA-1_V13B23-285_A1,5
TTATAGGTAATTGTCT-1_V13B23-285_A1,8
TTATATACGCTGTCAC-1_V13B23-285_A1,11
TTATATTTGGCAATCC-1_V13B23-285_A1,11
TTATCATACTCGCAAA-1_V13B23-285_A1,2
TTATCCAATCGAACTC-1_V13B23-285_A1,3
TTATCCGGGATCTATA-1_V13B23-285_A1,16
TTATCCTCAAGGAATA-1_V13B23-285_A1,11
TTATCGCCTGCGAAGC-1_V13B23-285_A1,11
TTATCTGACATTAGGA-1_V13B23-285_A1,11
TTATCTGTATCATAAC-1_V13B23-285_A1,11
TTATGAATGAAAGGGA-1_V13B23-285_A1,11
TTATGACAAACTGGAT-1_V13B23-285_A1,11
TTATGATCTTAACGAA-1_V13B23-285_A1,12
TTATGCGTCCCGGTCC-1_V13B23-285_A1,15
TTATGTTTGCGATAGA-1_V13B23-285_A1,11
TTATTAGAGCGTGTTC-1_V13B23-285_A1,11
TTATTAGGGAAGCATC-1_V13B23-285_A1,17
TTATTATCTGGAAGGC-1_V13B23-285_A1,1
TTATTTCATCCCAAAC-1_V13B23-285_A1,14
TTCAAAGTCTCTAGCC-1_V13B23-285_A1,11
TTCAACGACCCGACCG-1_V13B23-285_A1,11
TTCAAGCCGAGCTGAG-1_V13B23-285_A1,5
TTCAATACTCTGAATC-1_V13B23-285_A1,12
TTCACGAAAGGATCAC-1_V13B23-285_A1,11
TTCACTCGAGCACCTA-1_V13B23-285_A1,17
TTCACTTCCTAGAACG-1_V13B23-285_A1,11
TTCAGAGTAACCTGAC-1_V13B23-285_A1,8
TTCAGCCCTGGTCCAC-1_V13B23-285_A1,11
TTCAGCTGGCGTGCCC-1_V13B23-285_A1,1
TTCAGGCGTCAAAGCC-1_V13B23-285_A1,11
TTCAGTTTGTGGCAGC-1_V13B23-285_A1,11
TTCATAGCCTTGTAAC-1_V13B23-285_A1,1
TTCATAGGGTGTCCAT-1_V13B23-285_A1,11
TTCATGGCGCAACAGG-1_V13B23-285_A1,11
TTCCAATCAGAGCTAG-1_V13B23-285_A1,5
TTCCAATCTGGCTATC-1_V13B23-285_A1,11
TTCCACACAGATTTGA-1_V13B23-285_A1,11
TTCCAGACGAGATTTA-1_V13B23-285_A1,10
TTCCATCGACAGCGTG-1_V13B23-285_A1,19
TTCCCGGCGCCAATAG-1_V13B23-285_A1,11
TTCCGCAGAGAAATAT-1_V13B23-285_A1,5
TTCCGCGTGAGGCGAT-1_V13B23-285_A1,11
TTCCGGCCTTGAGGCT-1_V13B23-285_A1,11
TTCCGGTATCTGTGTC-1_V13B23-285_A1,10
TTCCGGTTACCCACTT-1_V13B23-285_A1,10
TTCCTCGAGGGTGTCT-1_V13B23-285_A1,11
TTCCTCGGACTAACCA-1_V13B23-285_A1,7
TTCCTCTGCCCGAATA-1_V13B23-285_A1,11
TTCCTTTCTGTGTTGC-1_V13B23-285_A1,3
TTCGACAGAGCCCGTG-1_V13B23-285_A1,11
TTCGACGGGAAGGGCG-1_V13B23-285_A1,11
TTCGCACTCGCGTGCT-1_V13B23-285_A1,11
TTCGCACTGTACGACA-1_V13B23-285_A1,11
TTCGCATCCGGAAGCA-1_V13B23-285_A1,3
TTCGCCGCTCGCGCTA-1_V13B23-285_A1,16
TTCGCGCGCCATACGA-1_V13B23-285_A1,16
TTCGCTAGGAAGTTGT-1_V13B23-285_A1,10
TTCGCTATCTGACGTG-1_V13B23-285_A1,5
TTCGGCAACCCGCTGA-1_V13B23-285_A1,4
TTCGGCTAGAGATGGT-1_V13B23-285_A1,7
TTCGGGACTAATCGCG-1_V13B23-285_A1,11
TTCGGGCGCTAGTCTT-1_V13B23-285_A1,11
TTCGGGTTGCCACGGG-1_V13B23-285_A1,16
TTCGGTACTGTAGAGG-1_V13B23-285_A1,10
TTCGGTGGAGACGCCC-1_V13B23-285_A1,10
TTCGTAATCCCAGCGG-1_V13B23-285_A1,9
TTCGTACTCCAGAACG-1_V13B23-285_A1,11
TTCGTTCAACGAAGTT-1_V13B23-285_A1,5
TTCTAACCGAAGCTTA-1_V13B23-285_A1,7
TTCTACTTGCGAGGGC-1_V13B23-285_A1,11
TTCTAGAAAGTCTTAT-1_V13B23-285_A1,11
TTCTAGGCCAATTGTG-1_V13B23-285_A1,11
TTCTATGCCTTTCGCA-1_V13B23-285_A1,16
TTCTATTAAACGCAGC-1_V13B23-285_A1,11
TTCTCTTACAGGTGAT-1_V13B23-285_A1,11
TTCTGACCGGGCTCAA-1_V13B23-285_A1,16
TTCTGCCGCGCCTAGA-1_V13B23-285_A1,11
TTCTGCGAGCGCCCTT-1_V13B23-285_A1,11
TTCTGCGGGTTAGCGG-1_V13B23-285_A1,11
TTCTGCTAGACTCCAA-1_V13B23-285_A1,1
TTCTGTTTCCTGTCGC-1_V13B23-285_A1,11
TTCTTAGTGAACGGTG-1_V13B23-285_A1,19
TTCTTAGTGGCTCAGA-1_V13B23-285_A1,16
TTCTTATCCGCTGGGT-1_V13B23-285_A1,15
TTCTTGAGCCGCGCTA-1_V13B23-285_A1,11
TTCTTGCTAGCATCTC-1_V13B23-285_A1,10
TTCTTGGACGATCTGC-1_V13B23-285_A1,11
TTCTTGGAGTAATGAG-1_V13B23-285_A1,6
TTCTTGTAACCTAATG-1_V13B23-285_A1,11
TTCTTGTGTCCATCAG-1_V13B23-285_A1,11
TTCTTTGGTCGCGACG-1_V13B23-285_A1,7
TTGAACGAATCCTTTG-1_V13B23-285_A1,2
TTGAACGACGTGCTGA-1_V13B23-285_A1,7
TTGAAGAATTCCCAGG-1_V13B23-285_A1,11
TTGAAGGATGGGCGCC-1_V13B23-285_A1,11
TTGAATATGGACTTTC-1_V13B23-285_A1,11
TTGAATCGTTGTATAA-1_V13B23-285_A1,11
TTGAATTCACGTGAGG-1_V13B23-285_A1,16
TTGACAGGAGCTCCCG-1_V13B23-285_A1,15
TTGACATGAACGTGGA-1_V13B23-285_A1,11
TTGACCAGGAACAACT-1_V13B23-285_A1,16
TTGACCATGTTCTCCG-1_V13B23-285_A1,11
TTGACCGTGTTAATGA-1_V13B23-285_A1,11
TTGACGATTCAGCACG-1_V13B23-285_A1,15
TTGACGCTCCATGAGC-1_V13B23-285_A1,19
TTGACTACCATATGGT-1_V13B23-285_A1,11
TTGACTATTGTCCGGC-1_V13B23-285_A1,7
TTGAGAAGTTTAGCAT-1_V13B23-285_A1,1
TTGAGAGTACTGCTAA-1_V13B23-285_A1,11
TTGAGCAGCCCACGGT-1_V13B23-285_A1,10
TTGAGCGCCACGTGAT-1_V13B23-285_A1,16
TTGATAGTCAATACAT-1_V13B23-285_A1,5
TTGATCTAACTTTGTC-1_V13B23-285_A1,11
TTGATGTGTAGTCCCG-1_V13B23-285_A1,6
TTGATTAGCTGTTTCT-1_V13B23-285_A1,11
TTGATTATGCAGATGA-1_V13B23-285_A1,11
TTGCAAGAAGACTCCT-1_V13B23-285_A1,15
TTGCACAATTCAGAAA-1_V13B23-285_A1,6
TTGCACGGAGCAGCAC-1_V13B23-285_A1,11
TTGCATGCTGATCACG-1_V13B23-285_A1,11
TTGCCAAGCAGAACCC-1_V13B23-285_A1,15
TTGCCATAGCCCGCTC-1_V13B23-285_A1,11
TTGCCCTGATCACGGG-1_V13B23-285_A1,11
TTGCCGCAGACCTACA-1_V13B23-285_A1,1
TTGCCGCTTTCTAGTA-1_V13B23-285_A1,1
TTGCCTTCTCGCCGGG-1_V13B23-285_A1,1
TTGCGCTCTCTCGCTT-1_V13B23-285_A1,11
TTGCGCTTGATCAATA-1_V13B23-285_A1,15
TTGCGGCATCAGAAAG-1_V13B23-285_A1,11
TTGCGTAGTTTGAGGA-1_V13B23-285_A1,11
TTGCGTCGGCCAACCG-1_V13B23-285_A1,11
TTGCGTGAACGCTTAG-1_V13B23-285_A1,9
TTGCGTGTGTAGGCAT-1_V13B23-285_A1,15
TTGCTAGCTACCAATC-1_V13B23-285_A1,3
TTGCTCATAGTACGTG-1_V13B23-285_A1,5
TTGCTCCCATACCGGA-1_V13B23-285_A1,11
TTGCTGAAGGAACCAC-1_V13B23-285_A1,11
TTGCTGATCATGTTCG-1_V13B23-285_A1,11
TTGCTGCACCTATCCA-1_V13B23-285_A1,7
TTGCTGGCCGGGCTTC-1_V13B23-285_A1,9
TTGGAAGAATACAGTC-1_V13B23-285_A1,11
TTGGACATGTGGCTTA-1_V13B23-285_A1,11
TTGGACCATCTGGCAA-1_V13B23-285_A1,10
TTGGACCTATAACAGT-1_V13B23-285_A1,1
TTGGAGTCTCCCTTCT-1_V13B23-285_A1,3
TTGGATATCGTCTACG-1_V13B23-285_A1,11
TTGGATCGACTTCTGG-1_V13B23-285_A1,7
TTGGATTGGGTACCAC-1_V13B23-285_A1,15
TTGGCCATCTTGCGCT-1_V13B23-285_A1,3
TTGGCCTAGAATTTCG-1_V13B23-285_A1,1
TTGGCGATCCGAATAT-1_V13B23-285_A1,10
TTGGCTCAATATGTGT-1_V13B23-285_A1,15
TTGGCTCGCATGAGAC-1_V13B23-285_A1,11
TTGGGAAGACGAGCCG-1_V13B23-285_A1,10
TTGGGACACTGCCCGC-1_V13B23-285_A1,12
TTGGGACGTAAGAGTT-1_V13B23-285_A1,7
TTGGGCGGCGGTTGCC-1_V13B23-285_A1,11
TTGGTATGGCTTGTGT-1_V13B23-285_A1,17
TTGGTCACACTCGTAA-1_V13B23-285_A1,11
TTGGTTGCGGTGCGCG-1_V13B23-285_A1,11
TTGTAAGGACCTAAGT-1_V13B23-285_A1,11
TTGTAAGGCCAGTTGG-1_V13B23-285_A1,11
TTGTAATCCGTACTCG-1_V13B23-285_A1,11
TTGTACACCTCGAACA-1_V13B23-285_A1,11
TTGTATCACACAGAAT-1_V13B23-285_A1,5
TTGTCACCGCGGTATC-1_V13B23-285_A1,11
TTGTCGTTCAGTTACC-1_V13B23-285_A1,11
TTGTGAACCTAATCCG-1_V13B23-285_A1,7
TTGTGAGGCATGACGC-1_V13B23-285_A1,11
TTGTGATCTGTTCAGT-1_V13B23-285_A1,17
TTGTGCAGCCACGTCA-1_V13B23-285_A1,8
TTGTGCGGAAGCGGAT-1_V13B23-285_A1,11
TTGTGGCCCTGACAGT-1_V13B23-285_A1,11
TTGTGGTAGGAGGGAT-1_V13B23-285_A1,11
TTGTGGTGGTACTAAG-1_V13B23-285_A1,8
TTGTGTATGCCACCAA-1_V13B23-285_A1,11
TTGTGTTTCCCGAAAG-1_V13B23-285_A1,11
TTGTTAGCAAATTCGA-1_V13B23-285_A1,11
TTGTTCAGTGTGCTAC-1_V13B23-285_A1,11
TTGTTCTAGATACGCT-1_V13B23-285_A1,11
TTGTTGTGTGTCAAGA-1_V13B23-285_A1,11
TTGTTTCACATCCAGG-1_V13B23-285_A1,11
TTGTTTCATTAGTCTA-1_V13B23-285_A1,15
TTGTTTCCATACAACT-1_V13B23-285_A1,11
TTGTTTGTGTAAATTC-1_V13B23-285_A1,16
AAACAAGTATCTCCCA-1_V13B23-285_B1,11
AAACACCAATAACTGC-1_V13B23-285_B1,7
AAACAGAGCGACTCCT-1_V13B23-285_B1,13
AAACAGCTTTCAGAAG-1_V13B23-285_B1,17
AAACAGGGTCTATATT-1_V13B23-285_B1,15
AAACATTTCCCGGATT-1_V13B23-285_B1,11
AAACCCGAACGAAATC-1_V13B23-285_B1,11
AAACCGGAAATGTTAA-1_V13B23-285_B1,11
AAACCGGGTAGGTACC-1_V13B23-285_B1,19
AAACCGTTCGTCCAGG-1_V13B23-285_B1,7
AAACCTCATGAAGTTG-1_V13B23-285_B1,3
AAACGAGACGGTTGAT-1_V13B23-285_B1,11
AAACGTGTTCGCCCTA-1_V13B23-285_B1,12
AAACTCGTGATATAAG-1_V13B23-285_B1,3
AAACTGCTGGCTCCAA-1_V13B23-285_B1,11
AAACTTGCAAACGTAT-1_V13B23-285_B1,3
AAAGACTGGGCGCTTT-1_V13B23-285_B1,10
AAAGCTTGCCTACATA-1_V13B23-285_B1,1
AAAGGCTACGGACCAT-1_V13B23-285_B1,11
AAAGGCTCTCGCGCCG-1_V13B23-285_B1,7
AAAGGGATGTAGCAAG-1_V13B23-285_B1,5
AAAGGGCAGCTTGAAT-1_V13B23-285_B1,7
AAAGGTAAGCTGTACC-1_V13B23-285_B1,2
AAAGTAGCATTGCTCA-1_V13B23-285_B1,10
AAAGTCGACCCTCAGT-1_V13B23-285_B1,3
AAAGTGTGATTTATCT-1_V13B23-285_B1,11
AAAGTTGACTCCCGTA-1_V13B23-285_B1,11
AAATAACCATACGGGA-1_V13B23-285_B1,13
AAATAAGGTAGTGCCC-1_V13B23-285_B1,7
AAATACCTATAAGCAT-1_V13B23-285_B1,11
AAATAGCTTAGACTTT-1_V13B23-285_B1,11
AAATAGGGTGCTATTG-1_V13B23-285_B1,11
AAATCGTGTACCACAA-1_V13B23-285_B1,10
AAATCTAGCCCTGCTA-1_V13B23-285_B1,11
AAATGATTCGATCAGC-1_V13B23-285_B1,3
AAATGCTCGTTACGTT-1_V13B23-285_B1,5
AAATGGCATGTCTTGT-1_V13B23-285_B1,9
AAATGGCCCGTGCCCT-1_V13B23-285_B1,10
AAATGGTCAATGTGCC-1_V13B23-285_B1,10
AAATTAACGGGTAGCT-1_V13B23-285_B1,10
AAATTACACGACTCTG-1_V13B23-285_B1,13
AAATTACCTATCGATG-1_V13B23-285_B1,16
AAATTCCAGGTCCAAA-1_V13B23-285_B1,11
AAATTGATAGTCCTTT-1_V13B23-285_B1,17
AAATTGGTGAGAAGCA-1_V13B23-285_B1,12
AAATTTGCGGGTGTGG-1_V13B23-285_B1,7
AACAACTGGTAGTTGC-1_V13B23-285_B1,10
AACAATACATTGTCGA-1_V13B23-285_B1,16
AACAATTACTCTACGC-1_V13B23-285_B1,7
AACACACGCTCGCCGC-1_V13B23-285_B1,11
AACACGAGACGCGGCC-1_V13B23-285_B1,15
AACAGCTGTGTGGCAA-1_V13B23-285_B1,1
AACAGGAAATCGAATA-1_V13B23-285_B1,13
AACAGGATGGGCCGCG-1_V13B23-285_B1,10
AACAGGTAGTATGGAT-1_V13B23-285_B1,11
AACATATCAACTGGTG-1_V13B23-285_B1,1
AACATCGATACGTCTA-1_V13B23-285_B1,3
AACCAAGACTTCTCTG-1_V13B23-285_B1,17
AACCATGGGATCGCTA-1_V13B23-285_B1,5
AACCCAGAGACGGAGA-1_V13B23-285_B1,5
AACCCATCCCATGATC-1_V13B23-285_B1,7
AACCCGAGCAGAATCG-1_V13B23-285_B1,11
AACCCTACTGTCAATA-1_V13B23-285_B1,11
AACCGAGCTTGGTCAT-1_V13B23-285_B1,5
AACCGCTAAGGGATGC-1_V13B23-285_B1,11
AACCGTTGTGTTTGCT-1_V13B23-285_B1,9
AACCTCGCTTTAGCCC-1_V13B23-285_B1,11
AACCTGTCACGGAATT-1_V13B23-285_B1,11
AACCTTTAAATACGGT-1_V13B23-285_B1,11
AACCTTTACGACGTCT-1_V13B23-285_B1,2
AACGATAATGCCGTAG-1_V13B23-285_B1,11
AACGATAGAAGGGCCG-1_V13B23-285_B1,13
AACGATATGTCAACTG-1_V13B23-285_B1,5
AACGCATGATCTGGGT-1_V13B23-285_B1,3
AACGCGGTCTCCAGCC-1_V13B23-285_B1,12
AACGCTGTTGCTGAAA-1_V13B23-285_B1,11
AACGGACGTACGTATA-1_V13B23-285_B1,11
AACGGCCATCTCCGGT-1_V13B23-285_B1,17
AACGTACTGTGGGTAC-1_V13B23-285_B1,10
AACGTCAGACTAGTGG-1_V13B23-285_B1,10
AACGTGATGAAGGACA-1_V13B23-285_B1,9
AACGTGCGAAAGTCTC-1_V13B23-285_B1,11
AACTACCCGTTTGTCA-1_V13B23-285_B1,11
AACTAGGCTTGGGTGT-1_V13B23-285_B1,1
AACTCAAGTTAATTGC-1_V13B23-285_B1,10
AACTCCAGAGCGTGTT-1_V13B23-285_B1,1
AACTCCTAATCCCATG-1_V13B23-285_B1,18
AACTCGATGGCGCAGT-1_V13B23-285_B1,4
AACTCTCAATAGAGCG-1_V13B23-285_B1,11
AACTCTCAGTGTGCTC-1_V13B23-285_B1,19
AACTGAGTTATACTGA-1_V13B23-285_B1,11
AACTGATATTAGGCCT-1_V13B23-285_B1,13
AACTGGGTCCCGACGT-1_V13B23-285_B1,13
AACTTCTGCGTCTATC-1_V13B23-285_B1,5
AACTTGCCCGTATGCA-1_V13B23-285_B1,7
AACTTGCGTTCTCGCG-1_V13B23-285_B1,4
AACTTTACGGGAGCTT-1_V13B23-285_B1,10
AACTTTCTCGATCATG-1_V13B23-285_B1,16
AAGAAATCACCAGATT-1_V13B23-285_B1,3
AAGAAGGATCAGTTAG-1_V13B23-285_B1,5
AAGACCCAACTGAACA-1_V13B23-285_B1,15
AAGACTGCAAGCTACT-1_V13B23-285_B1,11
AAGAGATGAATCGGTA-1_V13B23-285_B1,7
AAGAGCTCTTTATCGG-1_V13B23-285_B1,5
AAGAGGATGTACGCGA-1_V13B23-285_B1,4
AAGAGGCATGGATCGC-1_V13B23-285_B1,11
AAGAGGCCCTTTGGAA-1_V13B23-285_B1,11
AAGATGGCACCGGACC-1_V13B23-285_B1,10
AAGATTGGCGGAACGT-1_V13B23-285_B1,18
AAGCACCCTGCGTATC-1_V13B23-285_B1,11
AAGCATACTCTCCTGA-1_V13B23-285_B1,11
AAGCCGAAGCGGTTTA-1_V13B23-285_B1,11
AAGCCGCTTTACCTTG-1_V13B23-285_B1,3
AAGCCGGAGAGCAGGA-1_V13B23-285_B1,11
AAGCGGAGTGCGCGCA-1_V13B23-285_B1,4
AAGCGGCGTCATGGGT-1_V13B23-285_B1,18
AAGCGTCCCTCATCGA-1_V13B23-285_B1,19
AAGCTAGATCGAGTAA-1_V13B23-285_B1,11
AAGCTCGTGCCAAGTC-1_V13B23-285_B1,2
AAGCTCTTTCATGGTG-1_V13B23-285_B1,11
AAGGAGCGGTTGGTGC-1_V13B23-285_B1,7
AAGGATCGATCGCTTG-1_V13B23-285_B1,11
AAGGATGAGGGACCTC-1_V13B23-285_B1,3
AAGGCAGGCTGTCTCC-1_V13B23-285_B1,11
AAGGCGCGTAAAGCTT-1_V13B23-285_B1,10
AAGGCTGTGCTCATCG-1_V13B23-285_B1,7
AAGGGACAGATTCTGT-1_V13B23-285_B1,16
AAGGGACTATGCATTC-1_V13B23-285_B1,16
AAGGTATCCTAATATA-1_V13B23-285_B1,13
AAGGTGATAAACCAGC-1_V13B23-285_B1,11
AAGTAGAAGACCGGGT-1_V13B23-285_B1,5
AAGTAGTGACGCGAGG-1_V13B23-285_B1,10
AAGTCAATTGTCGTCA-1_V13B23-285_B1,11
AAGTCTAGTAGCTGCC-1_V13B23-285_B1,3
AAGTGACGACCGAATT-1_V13B23-285_B1,10
AAGTGAGTCGGGTTTA-1_V13B23-285_B1,10
AAGTGCAAAGGTAGAC-1_V13B23-285_B1,15
AAGTGCCTTGACTGTA-1_V13B23-285_B1,11
AAGTGCGTTAGAATCT-1_V13B23-285_B1,12
AAGTGTTTGGAGACGG-1_V13B23-285_B1,11
AAGTTCACTCCAAGCT-1_V13B23-285_B1,11
AAGTTCAGTCTGCGTA-1_V13B23-285_B1,3
AAGTTCGGCCAACAGG-1_V13B23-285_B1,10
AATAACAACGCTCGGC-1_V13B23-285_B1,10
AATAACACTAGAACAA-1_V13B23-285_B1,12
AATAATCTTCGTATCG-1_V13B23-285_B1,11
AATACAATGTTTCAGG-1_V13B23-285_B1,17
AATAGAACAGAGTGGC-1_V13B23-285_B1,10
AATAGAATCTGTTTCA-1_V13B23-285_B1,11
AATAGCTACCGCGTGC-1_V13B23-285_B1,3
AATAGTCCGTCCCGAC-1_V13B23-285_B1,7
AATAGTCGCGAGTCGG-1_V13B23-285_B1,10
AATATCGAATCAATGC-1_V13B23-285_B1,11
AATATCGAGGGTTCTC-1_V13B23-285_B1,1
AATATTGGAGTATTGA-1_V13B23-285_B1,7
AATCATGTAAAGACTC-1_V13B23-285_B1,11
AATCCAAGGGCCTGAG-1_V13B23-285_B1,9
AATCGCCTCAGCGCCA-1_V13B23-285_B1,11
AATCGCGCAGAGGACT-1_V13B23-285_B1,11
AATCTAGGTTTACTTG-1_V13B23-285_B1,10
AATCTATGCCGGAGCC-1_V13B23-285_B1,16
AATCTCTACTGTGGTT-1_V13B23-285_B1,3
AATCTGCGTTGGGACG-1_V13B23-285_B1,18
AATCTGGCTTTCTAGT-1_V13B23-285_B1,8
AATGACAGCAATGTCT-1_V13B23-285_B1,7
AATGACGTAGGATGTC-1_V13B23-285_B1,11
AATGACTGTCAGCCGG-1_V13B23-285_B1,5
AATGAGTTCGCATATG-1_V13B23-285_B1,5
AATGATGATACGCTAT-1_V13B23-285_B1,16
AATGATGCGACTCCTG-1_V13B23-285_B1,1
AATGCAACCGGGTACC-1_V13B23-285_B1,5
AATGCACCAAGCAATG-1_V13B23-285_B1,5
AATGGTCCACCGTTCA-1_V13B23-285_B1,16
AATGGTTCTCACAAGC-1_V13B23-285_B1,5
AATGTGCCCGAGGTGT-1_V13B23-285_B1,4
AATTAAAGGTCGGCGT-1_V13B23-285_B1,10
AATTAACGGATTTCCA-1_V13B23-285_B1,1
AATTAGCGCTGCAGCG-1_V13B23-285_B1,11
AATTCATAAGGGATCT-1_V13B23-285_B1,3
AATTCTAGAGTTAGGC-1_V13B23-285_B1,10
AATTGAACGCTCTGGT-1_V13B23-285_B1,11
AATTTGGGACATAGTA-1_V13B23-285_B1,12
AATTTGGTTCCAAAGA-1_V13B23-285_B1,9
ACAAATCGCACCGAAT-1_V13B23-285_B1,11
ACAAATGGTAGTGTTT-1_V13B23-285_B1,11
ACAACAGCATGAGCTA-1_V13B23-285_B1,6
ACAACGGTCCCTGCGA-1_V13B23-285_B1,10
ACAAGCAGTGCCTAGC-1_V13B23-285_B1,15
ACAAGGAAATCCGCCC-1_V13B23-285_B1,11
ACAAGGACAAGAGGTT-1_V13B23-285_B1,10
ACAAGGATGCTTTAGG-1_V13B23-285_B1,1
ACAAGGGCAGGCTCTG-1_V13B23-285_B1,11
ACAATAGTCGTACGTT-1_V13B23-285_B1,3
ACAATCCATTTAAACC-1_V13B23-285_B1,10
ACAATGAATACGGAGA-1_V13B23-285_B1,16
ACAATTGTGTCTCTTT-1_V13B23-285_B1,11
ACAATTTAGGAGGCTC-1_V13B23-285_B1,1
ACAATTTGAGCAGTGG-1_V13B23-285_B1,15
ACAATTTGGCCATATT-1_V13B23-285_B1,6
ACACAAAGACGGGTGG-1_V13B23-285_B1,5
ACACAAATATTCCTAG-1_V13B23-285_B1,2
ACACACCAGGACCAGT-1_V13B23-285_B1,11
ACACACTTTCTACACG-1_V13B23-285_B1,13
ACACATGATCAAATCT-1_V13B23-285_B1,15
ACACCACATAATTAGC-1_V13B23-285_B1,3
ACACCCAGCATGCAGC-1_V13B23-285_B1,5
ACACCCGAGAAATCCG-1_V13B23-285_B1,5
ACACCTTAAGTAGGGC-1_V13B23-285_B1,12
ACACCTTACTACTTGC-1_V13B23-285_B1,11
ACACGAGACTCCTTCT-1_V13B23-285_B1,6
ACACGGGAACTTAGGG-1_V13B23-285_B1,7
ACACGTAGGCCACAAG-1_V13B23-285_B1,11
ACACTCCAATGTCACT-1_V13B23-285_B1,5
ACACTGATCAAGGTGT-1_V13B23-285_B1,10
ACACTGGGACAGTCGT-1_V13B23-285_B1,11
ACAGAACTGAGAACAA-1_V13B23-285_B1,10
ACAGCGACATTCTCAT-1_V13B23-285_B1,11
ACAGCGCACCCGCAGC-1_V13B23-285_B1,9
ACAGGCTTGCCCGACT-1_V13B23-285_B1,11
ACAGGTGGAGGTGAGG-1_V13B23-285_B1,7
ACAGTAATACAACTTG-1_V13B23-285_B1,3
ACAGTATACCGTGGGA-1_V13B23-285_B1,3
ACATAATAAGGCGGTG-1_V13B23-285_B1,13
ACATCAGCTGGGACGC-1_V13B23-285_B1,15
ACATCCCGGCCATACG-1_V13B23-285_B1,7
ACATCCTGGTAACTGT-1_V13B23-285_B1,11
ACATCGATCGTTTACC-1_V13B23-285_B1,10
ACATCGGTCAGCCGCG-1_V13B23-285_B1,7
ACATCGTATGCAATGG-1_V13B23-285_B1,11
ACATCGTTAACCTAGT-1_V13B23-285_B1,9
ACATGGCGCCAAAGTA-1_V13B23-285_B1,11
ACATTAGTTTATATCC-1_V13B23-285_B1,15
ACCAAACACCCAGCGA-1_V13B23-285_B1,16
ACCAACACCACACACT-1_V13B23-285_B1,3
ACCAACGCTTATTTAT-1_V13B23-285_B1,10
ACCAAGAACGCGTGTC-1_V13B23-285_B1,5
ACCAATATGCAAGTTA-1_V13B23-285_B1,11
ACCACAAGTTTCTATC-1_V13B23-285_B1,7
ACCACCAATGTAACAA-1_V13B23-285_B1,11
ACCACCCTCTCTTCTA-1_V13B23-285_B1,3
ACCACGTGCAGCTATA-1_V13B23-285_B1,11
ACCAGTGCCCGGTCAA-1_V13B23-285_B1,2
ACCAGTGCGGGAGACG-1_V13B23-285_B1,11
ACCATATCCGCAATAA-1_V13B23-285_B1,10
ACCATCGTATATGGTA-1_V13B23-285_B1,19
ACCCAACGCCCGTGGC-1_V13B23-285_B1,1
ACCCACCTACATGCTC-1_V13B23-285_B1,7
ACCCATCTTGAGGGTA-1_V13B23-285_B1,10
ACCCATTTGTCCCTCT-1_V13B23-285_B1,11
ACCCGAGCGAAATTAC-1_V13B23-285_B1,10
ACCCGGAAACTCCCAG-1_V13B23-285_B1,1
ACCCGGAGCACCACAA-1_V13B23-285_B1,11
ACCCGGATGACGCATC-1_V13B23-285_B1,11
ACCCGGTTACACTTCC-1_V13B23-285_B1,10
ACCCGTGTCATCAGTA-1_V13B23-285_B1,19
ACCCTATAGGACTGAG-1_V13B23-285_B1,5
ACCCTATGCCATATCG-1_V13B23-285_B1,10
ACCCTCCCTTGCTATT-1_V13B23-285_B1,11
ACCCTGGTAACGCCCT-1_V13B23-285_B1,3
ACCCTTCATCTGCGAA-1_V13B23-285_B1,13
ACCCTTGCCTGGGTCG-1_V13B23-285_B1,12
ACCGAAGAGTCTGGTT-1_V13B23-285_B1,1
ACCGACACATCTCCCA-1_V13B23-285_B1,16
ACCGACTGAGTCCCAC-1_V13B23-285_B1,16
ACCGATAGGCATAACC-1_V13B23-285_B1,11
ACCGATATTTAATCAT-1_V13B23-285_B1,11
ACCGATGGTAGCATCG-1_V13B23-285_B1,11
ACCGCAATAACTGCCT-1_V13B23-285_B1,11
ACCGCGGTGGAAGTCG-1_V13B23-285_B1,4
ACCGGGCCTTTGTTGA-1_V13B23-285_B1,11
ACCGGTCAGGTACACC-1_V13B23-285_B1,15
ACCGTGACCACGTGGG-1_V13B23-285_B1,16
ACCTAAGTACCTTTCA-1_V13B23-285_B1,10
ACCTAATCGACTTCCT-1_V13B23-285_B1,10
ACCTACAGTATGTGGT-1_V13B23-285_B1,11
ACCTCCGCCCTCGCTG-1_V13B23-285_B1,11
ACCTCCGTTATTCACC-1_V13B23-285_B1,11
ACCTGCGTGTCATGTT-1_V13B23-285_B1,3
ACGAAATGGGCGGCAC-1_V13B23-285_B1,10
ACGACCCATGAGTTGC-1_V13B23-285_B1,11
ACGAGATATTTGCTTA-1_V13B23-285_B1,9
ACGAGGATACCACTCT-1_V13B23-285_B1,10
ACGAGGTTTACAACGT-1_V13B23-285_B1,1
ACGAGTACGGATGCCC-1_V13B23-285_B1,3
ACGATACATAGAACTA-1_V13B23-285_B1,5
ACGATCATACATAGAG-1_V13B23-285_B1,18
ACGATCATCTTGTAAA-1_V13B23-285_B1,11
ACGATGCATATGTTAT-1_V13B23-285_B1,10
ACGATGGATCCGATGC-1_V13B23-285_B1,9
ACGCAATCACTACAGC-1_V13B23-285_B1,16
ACGCATACGTTTACTA-1_V13B23-285_B1,11
ACGCATTCGTGAGTAC-1_V13B23-285_B1,10
ACGCCGCTAGACGACC-1_V13B23-285_B1,11
ACGCGAAGTCAGACGA-1_V13B23-285_B1,10
ACGCGCTACACAGGGT-1_V13B23-285_B1,10
ACGCGGGCCAAGGACA-1_V13B23-285_B1,10
ACGCTAGTGATACACT-1_V13B23-285_B1,1
ACGCTGTGAGGCGTAG-1_V13B23-285_B1,3
ACGGAATTTAGCAAAT-1_V13B23-285_B1,5
ACGGACTCTCAAAGCG-1_V13B23-285_B1,11
ACGGAGCGCAAATTAC-1_V13B23-285_B1,16
ACGGATGGTGCGGATA-1_V13B23-285_B1,11
ACGGCACTTGCTTGGG-1_V13B23-285_B1,10
ACGGCCAACATGGACT-1_V13B23-285_B1,10
ACGGCGACGATGGGAA-1_V13B23-285_B1,11
ACGGCTGGATGTAGAA-1_V13B23-285_B1,16
ACGGGAGTGTCGGCCC-1_V13B23-285_B1,16
ACGGGCGTATGCGACA-1_V13B23-285_B1,1
ACGGGTCATGTGACTT-1_V13B23-285_B1,1
ACGTACAGATTTCTCT-1_V13B23-285_B1,9
ACGTAGATTGCTGATG-1_V13B23-285_B1,11
ACGTATTACTCCGATC-1_V13B23-285_B1,11
ACGTGCGCCTCGTGCA-1_V13B23-285_B1,13
ACGTTAATGTCGAAGA-1_V13B23-285_B1,11
ACGTTAGATTTGCCCG-1_V13B23-285_B1,10
ACGTTATTGGTCACTC-1_V13B23-285_B1,16
ACGTTCGCAATCAATT-1_V13B23-285_B1,19
ACGTTCGTTCAGGAAA-1_V13B23-285_B1,15
ACGTTTAGTTGTGATC-1_V13B23-285_B1,6
ACTACCAGCTCTCTGG-1_V13B23-285_B1,10
ACTACGCGTTAGAATT-1_V13B23-285_B1,1
ACTAGTTGCGATCGTC-1_V13B23-285_B1,11
ACTATATGCTGTGTTC-1_V13B23-285_B1,18
ACTATCCAGGGCATGG-1_V13B23-285_B1,11
ACTATCTGCCCGCGTA-1_V13B23-285_B1,11
ACTATTCGTCCGTGGT-1_V13B23-285_B1,6
ACTATTTCCGGGCCCA-1_V13B23-285_B1,16
ACTCAAGTGCAAGGCT-1_V13B23-285_B1,4
ACTCAATAAAGGCACG-1_V13B23-285_B1,18
ACTCCCATTCCTAAAG-1_V13B23-285_B1,16
ACTCCCGAATTCGTTT-1_V13B23-285_B1,16
ACTCCCGTAGACTAGG-1_V13B23-285_B1,3
ACTCCCTAATGCTAAA-1_V13B23-285_B1,8
ACTCCCTAGAATAGTA-1_V13B23-285_B1,11
ACTCGCGATCTGACGC-1_V13B23-285_B1,6
ACTCGTAACCCGTCCT-1_V13B23-285_B1,7
ACTCGTCAGTAATCCC-1_V13B23-285_B1,11
ACTCTCTGACTTAGGT-1_V13B23-285_B1,11
ACTCTCTTATACACGA-1_V13B23-285_B1,2
ACTCTTCAGCTCCCGC-1_V13B23-285_B1,11
ACTCTTGTATAGTAAC-1_V13B23-285_B1,11
ACTGAAACGCCGTTAG-1_V13B23-285_B1,11
ACTGAATGGCGAAAGT-1_V13B23-285_B1,11
ACTGCCGTCGTAACTC-1_V13B23-285_B1,13
ACTGCGGACACACCGT-1_V13B23-285_B1,11
ACTGTACGATACACAT-1_V13B23-285_B1,6
ACTGTAGCACTTTGGA-1_V13B23-285_B1,10
ACTGTCCAGGATTATA-1_V13B23-285_B1,10
ACTGTCTTCTTTAGAA-1_V13B23-285_B1,5
ACTGTGCTAGTAGATC-1_V13B23-285_B1,5
ACTTACCGGGCGCGCA-1_V13B23-285_B1,18
ACTTACGCATCCACGC-1_V13B23-285_B1,11
ACTTAGTACGACAAGA-1_V13B23-285_B1,5
ACTTATACTTACCCGG-1_V13B23-285_B1,11
ACTTATTAGGATCGGT-1_V13B23-285_B1,10
ACTTATTTATGTGCCA-1_V13B23-285_B1,11
ACTTCAGGCTGATCCC-1_V13B23-285_B1,11
ACTTCCATGCGGGACA-1_V13B23-285_B1,11
ACTTCGCCATACGCAC-1_V13B23-285_B1,17
ACTTCGCTAGCGAGTG-1_V13B23-285_B1,1
ACTTGACTCCCTCTTT-1_V13B23-285_B1,11
ACTTGGGACCCGGTGG-1_V13B23-285_B1,5
ACTTGTGGATGGAACG-1_V13B23-285_B1,11
ACTTTACCCTCATGAA-1_V13B23-285_B1,16
ACTTTCCTATAGCTTC-1_V13B23-285_B1,5
ACTTTGGTCGTGCTCC-1_V13B23-285_B1,15
ACTTTGTCGACGCACT-1_V13B23-285_B1,11
AGAAATTATGACTCGC-1_V13B23-285_B1,11
AGAACCCAGCGTGACA-1_V13B23-285_B1,6
AGAACCCTCAATTGGG-1_V13B23-285_B1,16
AGAACGTGGTACATTC-1_V13B23-285_B1,15
AGAAGAGCGCCGTTCC-1_V13B23-285_B1,11
AGAAGGTACACTTCAC-1_V13B23-285_B1,7
AGAAGGTTGCCGAATT-1_V13B23-285_B1,10
AGAAGTGATTCGTGAT-1_V13B23-285_B1,8
AGAATGCGGGTTCGGA-1_V13B23-285_B1,12
AGAATTATGGATTCGA-1_V13B23-285_B1,16
AGAATTGTTTGACATA-1_V13B23-285_B1,5
AGACAGCTCAGAATCC-1_V13B23-285_B1,1
AGACAGGCATCTCAGC-1_V13B23-285_B1,11
AGACCAAACCACACCT-1_V13B23-285_B1,8
AGACCATGGGATACAA-1_V13B23-285_B1,10
AGACCCACCGCTGATC-1_V13B23-285_B1,10
AGACCCGCCCTCCTCG-1_V13B23-285_B1,10
AGACCGCTCCGCGGTT-1_V13B23-285_B1,11
AGACCGGGAAACCCTG-1_V13B23-285_B1,7
AGACGAAGTGCCGGTC-1_V13B23-285_B1,11
AGACGACGATGCCGCT-1_V13B23-285_B1,1
AGACGCCCACTTCGCC-1_V13B23-285_B1,11
AGACTAGCCTTCCAGA-1_V13B23-285_B1,7
AGAGAACCGTCTAGGA-1_V13B23-285_B1,18
AGAGAAGGAGTACAAT-1_V13B23-285_B1,16
AGAGATCTCTAAAGCG-1_V13B23-285_B1,10
AGAGCAGTTATGAGAC-1_V13B23-285_B1,7
AGAGCCGCCGAGATTT-1_V13B23-285_B1,11
AGAGCGCTTGTAACGG-1_V13B23-285_B1,3
AGAGCGGGCTAATCAT-1_V13B23-285_B1,13
AGAGCGTACAAGCTCG-1_V13B23-285_B1,17
AGAGGCTTCGGAAACC-1_V13B23-285_B1,11
AGAGTAAACTTCACTA-1_V13B23-285_B1,11
AGAGTATAGTGTTACG-1_V13B23-285_B1,3
AGATAACTTCAGGGCC-1_V13B23-285_B1,10
AGATACCAGCACTTCA-1_V13B23-285_B1,12
AGATACCGGTGTTCAC-1_V13B23-285_B1,10
AGATACGACTTCATAT-1_V13B23-285_B1,5
AGATACTCAAGATCGA-1_V13B23-285_B1,11
AGATCGTGCATAAGAT-1_V13B23-285_B1,17
AGATCTCAGGTGTGAT-1_V13B23-285_B1,4
AGATGACTCGCCCACG-1_V13B23-285_B1,5
AGATGAGGGTTGCGAT-1_V13B23-285_B1,3
AGATGATGGAGTCTGG-1_V13B23-285_B1,11
AGATGCAAGACGTGCA-1_V13B23-285_B1,19
AGATGCATCCTGTGTC-1_V13B23-285_B1,3
AGATTATAGGACGTTT-1_V13B23-285_B1,10
AGATTCACAACCGATA-1_V13B23-285_B1,16
AGCAAAGGCCGCTAGT-1_V13B23-285_B1,16
AGCAACATATCTTATT-1_V13B23-285_B1,11
AGCAACCGAAAGTAAT-1_V13B23-285_B1,19
AGCACCAGTACTCACG-1_V13B23-285_B1,15
AGCACTACCGGCCTGT-1_V13B23-285_B1,10
AGCACTACCTCACCAG-1_V13B23-285_B1,11
AGCACTTAAGGACGCC-1_V13B23-285_B1,10
AGCAGCCAGATGAATA-1_V13B23-285_B1,16
AGCATATCAATATGCT-1_V13B23-285_B1,11
AGCATCATTTCGAAAG-1_V13B23-285_B1,10
AGCATCGTCGATAATT-1_V13B23-285_B1,5
AGCCACTCCCGTGCTT-1_V13B23-285_B1,5
AGCCCATACATGTAAG-1_V13B23-285_B1,3
AGCCCGGTAGCCTGTA-1_V13B23-285_B1,15
AGCCCTAAGCGAAGTT-1_V13B23-285_B1,6
AGCCCTGTCGCACCGT-1_V13B23-285_B1,6
AGCCCTTCTAATCCGA-1_V13B23-285_B1,3
AGCCCTTGGACATCCC-1_V13B23-285_B1,11
AGCCGTGGCTAAATGT-1_V13B23-285_B1,10
AGCCTAATACCCACGT-1_V13B23-285_B1,7
AGCCTTAAAGCGGAAG-1_V13B23-285_B1,7
AGCGACAGGAACGGTC-1_V13B23-285_B1,15
AGCGACATCCCATTCA-1_V13B23-285_B1,14
AGCGACCAACGATATT-1_V13B23-285_B1,5
AGCGCATAATGAATCG-1_V13B23-285_B1,7
AGCGCGGGTGCCAATG-1_V13B23-285_B1,1
AGCGCTAGAGCGATGT-1_V13B23-285_B1,6
AGCGCTTATGGGCAAG-1_V13B23-285_B1,14
AGCGGACACTTCGTAG-1_V13B23-285_B1,19
AGCGGCGGTTAGCGGT-1_V13B23-285_B1,16
AGCGGGAAGGGTCCAT-1_V13B23-285_B1,5
AGCGGTTGCCGCTCTG-1_V13B23-285_B1,13
AGCGTGGTATTCTACT-1_V13B23-285_B1,11
AGCTAACAAGCAATGT-1_V13B23-285_B1,16
AGCTAGAAGCAGAAGT-1_V13B23-285_B1,12
AGCTCCATATATGTTC-1_V13B23-285_B1,11
AGCTCCTTCGCACATC-1_V13B23-285_B1,11
AGCTCGTTGATGGAAA-1_V13B23-285_B1,3
AGCTCTAGACGTTCCA-1_V13B23-285_B1,11
AGCTCTTCCCAGTGCA-1_V13B23-285_B1,12
AGCTCTTCGTAACCTT-1_V13B23-285_B1,11
AGCTCTTTACTCAGTT-1_V13B23-285_B1,10
AGCTGAAGTAAACCAA-1_V13B23-285_B1,12
AGCTGTAACCTCAATC-1_V13B23-285_B1,10
AGCTTGATCTTAACTT-1_V13B23-285_B1,10
AGGAAGCTGTCCGCCG-1_V13B23-285_B1,15
AGGACAGTCGAATCCC-1_V13B23-285_B1,11
AGGACATCGCACGTCG-1_V13B23-285_B1,5
AGGACGACCCATTAGA-1_V13B23-285_B1,10
AGGACGCTCGATGTTG-1_V13B23-285_B1,3
AGGAGACATCCACAGT-1_V13B23-285_B1,3
AGGAGAGTCTGGCTAC-1_V13B23-285_B1,3
AGGAGGCCTTCGCGCG-1_V13B23-285_B1,11
AGGATAAAGTCGGGAT-1_V13B23-285_B1,10
AGGATATAGGGATTTA-1_V13B23-285_B1,11
AGGATCACGCGATCTG-1_V13B23-285_B1,17
AGGATTGCTTACGACA-1_V13B23-285_B1,17
AGGCACGTGACTGTCC-1_V13B23-285_B1,11
AGGCAGATGCGTAAAC-1_V13B23-285_B1,3
AGGCAGGGAGCGTACT-1_V13B23-285_B1,1
AGGCATTGTCGTAGGG-1_V13B23-285_B1,11
AGGCCACATTGGTTAC-1_V13B23-285_B1,11
AGGCCACCCGTTATGA-1_V13B23-285_B1,4
AGGCCCATTGTACAGG-1_V13B23-285_B1,13
AGGCCCTAGAACGCCA-1_V13B23-285_B1,8
AGGCCTGAGAATCTCG-1_V13B23-285_B1,11
AGGCGATAACTGGCGT-1_V13B23-285_B1,11
AGGCGGTTTGTCCCGC-1_V13B23-285_B1,8
AGGCGTCTATGGACGG-1_V13B23-285_B1,12
AGGCTATGGTTAGCTT-1_V13B23-285_B1,7
AGGCTTCCCGAAGAAG-1_V13B23-285_B1,10
AGGCTTGCTAGACACC-1_V13B23-285_B1,16
AGGGAAACGAGGTACT-1_V13B23-285_B1,13
AGGGACCGGCTGCGTT-1_V13B23-285_B1,11
AGGGACTCTACGCGAC-1_V13B23-285_B1,10
AGGGAGACATACTTCG-1_V13B23-285_B1,3
AGGGCGAGCAGCTGAT-1_V13B23-285_B1,3
AGGGCGTGATCGGCTA-1_V13B23-285_B1,5
AGGGCTGCAGTTACAG-1_V13B23-285_B1,11
AGGGTCAGTAACCCTA-1_V13B23-285_B1,3
AGGGTCGATGCGAACT-1_V13B23-285_B1,11
AGGGTGCTCTCGAGGG-1_V13B23-285_B1,11
AGGGTGGATAGTGCAT-1_V13B23-285_B1,16
AGGGTTCCCTTTGGTT-1_V13B23-285_B1,8
AGGGTTTAGTTCGGGA-1_V13B23-285_B1,10
AGGTAACCTCCTATTC-1_V13B23-285_B1,9
AGGTACGATATTGCCA-1_V13B23-285_B1,9
AGGTAGGTACAAAGCT-1_V13B23-285_B1,10
AGGTATAATTGATAGT-1_V13B23-285_B1,11
AGGTATGCGGACATTA-1_V13B23-285_B1,8
AGGTCAGGTGAGAGTG-1_V13B23-285_B1,3
AGGTCGCCTCCCAACA-1_V13B23-285_B1,11
AGGTCGCGGAGTTACT-1_V13B23-285_B1,16
AGGTGTATCGCCATGA-1_V13B23-285_B1,3
AGGTTACACCATGCCG-1_V13B23-285_B1,6
AGGTTGAGGCACGCTT-1_V13B23-285_B1,5
AGGTTTCACACACCTT-1_V13B23-285_B1,10
AGTACATCATTTATCA-1_V13B23-285_B1,4
AGTACCTTCGAGTGCT-1_V13B23-285_B1,2
AGTACGGGCACCTGGC-1_V13B23-285_B1,5
AGTACTCTTATGCCCA-1_V13B23-285_B1,11
AGTAGGAAGGAAGTTG-1_V13B23-285_B1,3
AGTAGGTAACATACAT-1_V13B23-285_B1,9
AGTATAATACTAGGCA-1_V13B23-285_B1,10
AGTATGCTGGAGACCA-1_V13B23-285_B1,16
AGTATTTGGCACGACC-1_V13B23-285_B1,16
AGTCAACACCACCATC-1_V13B23-285_B1,10
AGTCAAGATGACACTT-1_V13B23-285_B1,11
AGTCACTAGCTCTCGA-1_V13B23-285_B1,11
AGTCAGCCACCGCCTG-1_V13B23-285_B1,5
AGTCCATTGGCTGATG-1_V13B23-285_B1,11
AGTCCCGCCTTTAATT-1_V13B23-285_B1,2
AGTCCCTCGCAGAAAG-1_V13B23-285_B1,3
AGTCGACGGTCTCAAG-1_V13B23-285_B1,11
AGTCGGCCCAAACGAC-1_V13B23-285_B1,10
AGTCGGCTCAACTTTA-1_V13B23-285_B1,16
AGTCGGTTGCGTGAGA-1_V13B23-285_B1,11
AGTCGTCGACCACCAA-1_V13B23-285_B1,11
AGTCGTGGGCATTACG-1_V13B23-285_B1,15
AGTCTAAAGTATACTC-1_V13B23-285_B1,1
AGTCTCACAAGACTAC-1_V13B23-285_B1,15
AGTCTGGACATCCTTG-1_V13B23-285_B1,5
AGTCTTCTCCTCAAAT-1_V13B23-285_B1,5
AGTGAACAAACTTCTC-1_V13B23-285_B1,11
AGTGAAGATGGTGTCC-1_V13B23-285_B1,3
AGTGACCTACTTTACG-1_V13B23-285_B1,10
AGTGAGACTTCCAGTA-1_V13B23-285_B1,11
AGTGAGCCTCGCCGCC-1_V13B23-285_B1,19
AGTGAGGGTTTCTGAC-1_V13B23-285_B1,2
AGTGATAACCTGCGCG-1_V13B23-285_B1,11
AGTGATATGAGTAGTT-1_V13B23-285_B1,15
AGTGATTCAAGCAGGA-1_V13B23-285_B1,11
AGTGCACGCTTAAGAA-1_V13B23-285_B1,11
AGTGCGTAGCTCGTAA-1_V13B23-285_B1,10
AGTGCTAAACACAGCA-1_V13B23-285_B1,1
AGTGCTTGCACGAATA-1_V13B23-285_B1,11
AGTGGCGGCAATTTGA-1_V13B23-285_B1,16
AGTGGCGTCTGAAGGT-1_V13B23-285_B1,11
AGTGGTTGCGTATAGG-1_V13B23-285_B1,3
AGTGTATTGCGCATTG-1_V13B23-285_B1,12
AGTGTGCTAAGATCGC-1_V13B23-285_B1,1
AGTGTGGTCTATTGTG-1_V13B23-285_B1,17
AGTTAAACACTTGCGA-1_V13B23-285_B1,10
AGTTAAGCGGTCCCGG-1_V13B23-285_B1,13
AGTTAAGTCAACCGCT-1_V13B23-285_B1,10
AGTTACCCTTAAGACT-1_V13B23-285_B1,15
AGTTACCGCACATGGT-1_V13B23-285_B1,19
AGTTACTCTATCGTGG-1_V13B23-285_B1,13
AGTTCACCGGTTGGAC-1_V13B23-285_B1,8
AGTTCCTACAGAATTA-1_V13B23-285_B1,5
AGTTCCTATTTATGTT-1_V13B23-285_B1,10
AGTTCTGCGTTGTATC-1_V13B23-285_B1,12
AGTTGCTGACTGATAT-1_V13B23-285_B1,5
AGTTTATGTAAAGACA-1_V13B23-285_B1,3
AGTTTCGCAGGTCGGA-1_V13B23-285_B1,9
AGTTTGCACCTGCCTC-1_V13B23-285_B1,11
AGTTTGGCACGGGTTG-1_V13B23-285_B1,11
AGTTTGGCCAGACCTA-1_V13B23-285_B1,16
ATAAACGGACCCGTAA-1_V13B23-285_B1,10
ATAAACGTTGCACCAC-1_V13B23-285_B1,11
ATAAAGGCTCGGTCGT-1_V13B23-285_B1,10
ATAAATATTAGCAGCT-1_V13B23-285_B1,10
ATAACGCCGGAGGGTC-1_V13B23-285_B1,11
ATAACGGAGTCCAACG-1_V13B23-285_B1,13
ATAAGGTGGAGAACAT-1_V13B23-285_B1,11
ATAAGTAGGATTCAGA-1_V13B23-285_B1,7
ATAAGTAGGGCGACTC-1_V13B23-285_B1,11
ATAAGTTACCGCGACG-1_V13B23-285_B1,19
ATAATACCGTTAGCCG-1_V13B23-285_B1,4
ATAATAGCTGTTGAAT-1_V13B23-285_B1,7
ATAATAGTGTAGGGAC-1_V13B23-285_B1,5
ATAATCTTGGAGAACC-1_V13B23-285_B1,11
ATACAGGCCCTCCAAT-1_V13B23-285_B1,11
ATACCACGGGCAACTT-1_V13B23-285_B1,10
ATACCGTCATCCATAA-1_V13B23-285_B1,5
ATACCTAACCAAGAAA-1_V13B23-285_B1,8
ATACGAAGGCTTTCCA-1_V13B23-285_B1,11
ATACGCCGGCGAAACC-1_V13B23-285_B1,11
ATACGGAACGTCGTTT-1_V13B23-285_B1,17
ATACGGGTTTCGATTG-1_V13B23-285_B1,5
ATACGGTGAAGATGCA-1_V13B23-285_B1,15
ATACGTACTTAGCCAC-1_V13B23-285_B1,11
ATACGTCCACTCCTGT-1_V13B23-285_B1,11
ATACTACCCGTACCAC-1_V13B23-285_B1,11
ATACTAGCATGACCCT-1_V13B23-285_B1,13
ATACTGCCTTACACCG-1_V13B23-285_B1,11
ATAGACAACGGGACCT-1_V13B23-285_B1,3
ATAGACGAAGAGAAAG-1_V13B23-285_B1,10
ATAGAGTACTGGGACA-1_V13B23-285_B1,5
ATAGAGTTATCAACTT-1_V13B23-285_B1,15
ATAGCAACTAGGGAAG-1_V13B23-285_B1,11
ATAGCCTCAGTACCCA-1_V13B23-285_B1,16
ATAGCTGCTCTTGTTA-1_V13B23-285_B1,1
ATAGGCGGCTATAGAA-1_V13B23-285_B1,1
ATAGGCTAGCTTCGCA-1_V13B23-285_B1,17
ATAGGGATATCCTTGA-1_V13B23-285_B1,13
ATAGGTTGGGCAGATG-1_V13B23-285_B1,1
ATAGTGAAGCGTTCTC-1_V13B23-285_B1,10
ATAGTTCCACCCACTC-1_V13B23-285_B1,11
ATATAAAGCGCTCGTG-1_V13B23-285_B1,16
ATATAAATGTAGCTGC-1_V13B23-285_B1,11
ATATACGCTCGTGACG-1_V13B23-285_B1,11
ATATCAACCTACAGAG-1_V13B23-285_B1,11
ATATCAATTCCAGCCT-1_V13B23-285_B1,12
ATATCGGTAGGGAGAT-1_V13B23-285_B1,11
ATATCGTTCCTCGAAC-1_V13B23-285_B1,11
ATATCTCCCTCGTTAA-1_V13B23-285_B1,13
ATATCTTAGGGCCTTC-1_V13B23-285_B1,10
ATATGTCTCCCTAGCC-1_V13B23-285_B1,11
ATATTCAGTTAAACCT-1_V13B23-285_B1,10
ATATTCCACATAGTGA-1_V13B23-285_B1,11
ATATTGCTGTCAAAGT-1_V13B23-285_B1,5
ATATTGGAGAGGCCTT-1_V13B23-285_B1,11
ATATTTAACCCTCAAG-1_V13B23-285_B1,7
ATCAAACACTGTTCCA-1_V13B23-285_B1,11
ATCAAACGAAGGTTTG-1_V13B23-285_B1,10
ATCAATCTGGGCTGCA-1_V13B23-285_B1,11
ATCAATGCCGTGGCTG-1_V13B23-285_B1,10
ATCACATTAGAATATC-1_V13B23-285_B1,13
ATCACGTGCTAATTAA-1_V13B23-285_B1,10
ATCACTTCATCCTCGC-1_V13B23-285_B1,13
ATCAGACGGCACGCCG-1_V13B23-285_B1,10
ATCAGCCTCATGCTGC-1_V13B23-285_B1,11
ATCAGCTCGTCCACTA-1_V13B23-285_B1,10
ATCAGTAGGCAGGGAT-1_V13B23-285_B1,16
ATCATAGCCCTATGTA-1_V13B23-285_B1,11
ATCATCCAATATTTGT-1_V13B23-285_B1,10
ATCATGGACTACCGAC-1_V13B23-285_B1,11
ATCCAACGCAGTCATA-1_V13B23-285_B1,10
ATCCAATGGAGGGTCC-1_V13B23-285_B1,3
ATCCACATCGACAGAA-1_V13B23-285_B1,18
ATCCAGAGCAACAACC-1_V13B23-285_B1,10
ATCCAGGATTCGTGAA-1_V13B23-285_B1,10
ATCCTACCTAAGCTCT-1_V13B23-285_B1,16
ATCCTGCGTGGAATGG-1_V13B23-285_B1,17
ATCCTTCTGAAAGAAC-1_V13B23-285_B1,11
ATCGACCCAATACAGA-1_V13B23-285_B1,4
ATCGACTCTTTCCGTT-1_V13B23-285_B1,5
ATCGCACGCCGGGAGA-1_V13B23-285_B1,7
ATCGCCAGTCAACATT-1_V13B23-285_B1,11
ATCGCTGCGTGCAGCA-1_V13B23-285_B1,17
ATCGCTTTACGTCTCA-1_V13B23-285_B1,1
ATCGGAGACAGACGGC-1_V13B23-285_B1,11
ATCGGCAAGCAGTCCA-1_V13B23-285_B1,5
ATCGGTTACCTAGTAA-1_V13B23-285_B1,15
ATCGTTAGCTAGCGGA-1_V13B23-285_B1,11
ATCGTTCACTTTCGCC-1_V13B23-285_B1,18
ATCTAATATCCTACGG-1_V13B23-285_B1,10
ATCTCCCACGGAATAT-1_V13B23-285_B1,11
ATCTCGTGAGCGAAAC-1_V13B23-285_B1,11
ATCTGATAGTGTCTTA-1_V13B23-285_B1,1
ATCTGCACCTCTGCGA-1_V13B23-285_B1,3
ATCTGGGCTGTTCTTG-1_V13B23-285_B1,16
ATCTGGTTAAGACTGT-1_V13B23-285_B1,1
ATCTGTAATTGTACCC-1_V13B23-285_B1,2
ATCTTGACCTGCAACG-1_V13B23-285_B1,12
ATCTTGACTTGTCCAA-1_V13B23-285_B1,3
ATCTTTCGTATAACCA-1_V13B23-285_B1,1
ATGAAGCCAAGGAGCC-1_V13B23-285_B1,5
ATGACGCCGGCTCTAA-1_V13B23-285_B1,14
ATGACGCGTTCTATCC-1_V13B23-285_B1,1
ATGACTATGCGACATT-1_V13B23-285_B1,11
ATGAGGAGTGTTAATC-1_V13B23-285_B1,15
ATGAGGGCAGCGGCTA-1_V13B23-285_B1,11
ATGATCGGGAATAGAC-1_V13B23-285_B1,13
ATGATGCAATGGTACA-1_V13B23-285_B1,16
ATGCACGCGCTGTTCA-1_V13B23-285_B1,8
ATGCACTACCGCATTG-1_V13B23-285_B1,10
ATGCATGATCCAGGAT-1_V13B23-285_B1,16
ATGCCAATCGCTCTGC-1_V13B23-285_B1,3
ATGCCATTTGCGACCA-1_V13B23-285_B1,11
ATGCCGGTCTTGCATA-1_V13B23-285_B1,6
ATGCCGGTTGATGGGA-1_V13B23-285_B1,13
ATGCGACAATTGGTCC-1_V13B23-285_B1,16
ATGCGACAGTCCCATT-1_V13B23-285_B1,11
ATGCGAGTCCCACCAC-1_V13B23-285_B1,11
ATGCTCAGTGTTGCAT-1_V13B23-285_B1,10
ATGCTCTGGCGCGGTA-1_V13B23-285_B1,11
ATGCTTAGGAGTTGAT-1_V13B23-285_B1,11
ATGGAAATTTAAGGAG-1_V13B23-285_B1,12
ATGGAACCTTTGCACA-1_V13B23-285_B1,11
ATGGAGCAGGCCGTGA-1_V13B23-285_B1,11
ATGGATCCGGCGTCCG-1_V13B23-285_B1,13
ATGGATTGACCAAACG-1_V13B23-285_B1,2
ATGGCAGCCGAGAAAC-1_V13B23-285_B1,19
ATGGCGGAATAGTCGC-1_V13B23-285_B1,15
ATGGCTGGAAATGGCC-1_V13B23-285_B1,18
ATGGGACCTGCTGAAC-1_V13B23-285_B1,16
ATGGGCCTCGGCCTCT-1_V13B23-285_B1,11
ATGGTCGCGTGGTTTC-1_V13B23-285_B1,11
ATGTAAGGCTGCTCTT-1_V13B23-285_B1,19
ATGTGAAAGCCTAATG-1_V13B23-285_B1,8
ATGTGCATCCGACGCA-1_V13B23-285_B1,5
ATGTGGACATCTTGAT-1_V13B23-285_B1,11
ATGTTACGAGCAATAC-1_V13B23-285_B1,5
ATGTTCCTGCCCACCT-1_V13B23-285_B1,1
ATGTTCGTCGACCCAC-1_V13B23-285_B1,1
ATGTTTCGGCCCGGAG-1_V13B23-285_B1,1
ATTAAACATGCGGACC-1_V13B23-285_B1,12
ATTAATACTACGCGGG-1_V13B23-285_B1,13
ATTAATGAACCAGTCG-1_V13B23-285_B1,5
ATTAATTCGGTCACTC-1_V13B23-285_B1,13
ATTACAACTACCGGCC-1_V13B23-285_B1,9
ATTACATGTCAGTCTT-1_V13B23-285_B1,11
ATTACCACACTGCCTG-1_V13B23-285_B1,11
ATTACGACTCCACAGT-1_V13B23-285_B1,3
ATTACGCGCTGGCAGG-1_V13B23-285_B1,10
ATTACTAGCCTCTTGC-1_V13B23-285_B1,5
ATTACTTACTGGGCAT-1_V13B23-285_B1,2
ATTAGATTCCTCAGCA-1_V13B23-285_B1,17
ATTAGATTGATAGCGG-1_V13B23-285_B1,5
ATTAGGCGATGCTTTC-1_V13B23-285_B1,11
ATTATAGCTACTTTAC-1_V13B23-285_B1,16
ATTATGCCATAGGGAG-1_V13B23-285_B1,5
ATTATTATGTCCGTCA-1_V13B23-285_B1,7
ATTCAACCATTTAAGG-1_V13B23-285_B1,11
ATTCACTGATGTTGGA-1_V13B23-285_B1,10
ATTCAGGACCTATTTC-1_V13B23-285_B1,5
ATTCAGTAGCAGGGTC-1_V13B23-285_B1,17
ATTCATATACTGTCCA-1_V13B23-285_B1,10
ATTCATCGTTGAGGCA-1_V13B23-285_B1,17
ATTCCCACATAAACAA-1_V13B23-285_B1,15
ATTCCTAAGACGTGGA-1_V13B23-285_B1,3
ATTCCTCCGCCAGTGC-1_V13B23-285_B1,10
ATTCGACGCCGGGCCT-1_V13B23-285_B1,10
ATTCGCAGAGGACACT-1_V13B23-285_B1,2
ATTCGTGCTATCTCTT-1_V13B23-285_B1,11
ATTCTTCGTACTTATG-1_V13B23-285_B1,9
ATTGAAGATCTTAGTG-1_V13B23-285_B1,17
ATTGACCGGCGATGAC-1_V13B23-285_B1,3
ATTGATAGCAACGAGA-1_V13B23-285_B1,5
ATTGATGAGTCCTAAC-1_V13B23-285_B1,11
ATTGCGATCAGTAACT-1_V13B23-285_B1,11
ATTGCTGCTCCTCCAT-1_V13B23-285_B1,10
ATTGGATTACAGCGTA-1_V13B23-285_B1,11
ATTGTACAACTCGGCT-1_V13B23-285_B1,11
ATTGTCGCAATACCTT-1_V13B23-285_B1,13
ATTGTGACTTCGCTGC-1_V13B23-285_B1,18
ATTGTTCAACGATCCG-1_V13B23-285_B1,11
ATTTAACTCGTATTAC-1_V13B23-285_B1,9
ATTTACAGTTTACTGG-1_V13B23-285_B1,10
ATTTACTAAGTCCATT-1_V13B23-285_B1,2
ATTTCATTATTTCGCG-1_V13B23-285_B1,6
ATTTCCGGGTTCTGCG-1_V13B23-285_B1,1
ATTTGCGCGAGTAGCT-1_V13B23-285_B1,16
ATTTGTCTTGGGAGCT-1_V13B23-285_B1,11
ATTTGTTCCAGGGCTC-1_V13B23-285_B1,13
CAAACGAGTATCGCAG-1_V13B23-285_B1,10
CAAACGGTCGCACTTT-1_V13B23-285_B1,10
CAAACTACGATAGAGA-1_V13B23-285_B1,12
CAAACTATTGAGCTTC-1_V13B23-285_B1,9
CAAACTCGCGACGCCG-1_V13B23-285_B1,11
CAAAGATTATTGGGCC-1_V13B23-285_B1,17
CAAAGGTCATCTGAAA-1_V13B23-285_B1,11
CAAAGTCAGGTTAGCT-1_V13B23-285_B1,15
CAAATCTCTCACAAGG-1_V13B23-285_B1,3
CAAATGTCCTTCCGTG-1_V13B23-285_B1,7
CAAATTGGATTATGCC-1_V13B23-285_B1,3
CAAATTGTCAGCAAGC-1_V13B23-285_B1,13
CAACACATCTCCTGCC-1_V13B23-285_B1,3
CAACCAGTGGCCTACC-1_V13B23-285_B1,11
CAACCTACCGAGCAGT-1_V13B23-285_B1,11
CAACCTGAACCTGCCA-1_V13B23-285_B1,3
CAACGACCCGTTTACA-1_V13B23-285_B1,5
CAACGGTTCTTGATAC-1_V13B23-285_B1,5
CAACGTGGTGGAGTCT-1_V13B23-285_B1,11
CAACTATATCGAATGC-1_V13B23-285_B1,6
CAACTCCGTAACTTGC-1_V13B23-285_B1,2
CAACTCCTTGATCCCG-1_V13B23-285_B1,5
CAACTGCTCATCCGAT-1_V13B23-285_B1,15
CAAGACTCAGAAGCGC-1_V13B23-285_B1,3
CAAGAGGGCGGAGTAC-1_V13B23-285_B1,11
CAAGATATTATAACGT-1_V13B23-285_B1,11
CAAGCAACGTCGGAGT-1_V13B23-285_B1,10
CAAGCGGCACATAATT-1_V13B23-285_B1,11
CAAGGATCGCATGTTC-1_V13B23-285_B1,11
CAAGGTCCTATAGGCT-1_V13B23-285_B1,11
CAAGTGTGGTTGCAAA-1_V13B23-285_B1,11
CAATAAACCTTGGCCC-1_V13B23-285_B1,12
CAATACGAGAGTCTGA-1_V13B23-285_B1,6
CAATATTCTTGACCTA-1_V13B23-285_B1,7
CAATCCCTATACCAGC-1_V13B23-285_B1,13
CAATCCTGCCGTGGAG-1_V13B23-285_B1,5
CAATGAGGTTCGACTA-1_V13B23-285_B1,3
CAATGCGAGAAGTATC-1_V13B23-285_B1,11
CAATGGAATCTACATA-1_V13B23-285_B1,9
CAATGGATCTCTACCA-1_V13B23-285_B1,3
CAATGTGCCAACCCTT-1_V13B23-285_B1,11
CAATTAAGGGTGATGA-1_V13B23-285_B1,16
CAATTTCGTATAAGGG-1_V13B23-285_B1,10
CACAAGAAAGATATTA-1_V13B23-285_B1,3
CACAATGAGCTGCTAT-1_V13B23-285_B1,10
CACACACGCTAACGAG-1_V13B23-285_B1,11
CACACAGCTTGCGCTC-1_V13B23-285_B1,11
CACACAGGGATAGATT-1_V13B23-285_B1,16
CACACGCGCTGTCTTA-1_V13B23-285_B1,16
CACAGCACCCACGGCA-1_V13B23-285_B1,10
CACAGCTAGGGAGTGA-1_V13B23-285_B1,13
CACAGGGCCATATAGT-1_V13B23-285_B1,11
CACAGGGCCGTTGTCA-1_V13B23-285_B1,1
CACAGTCCCGCTTCGC-1_V13B23-285_B1,11
CACAGTTCGCTTCCCA-1_V13B23-285_B1,11
CACATATTAGCAGGAT-1_V13B23-285_B1,11
CACATCGTGCACGCGC-1_V13B23-285_B1,1
CACATCTCACCGACGA-1_V13B23-285_B1,11
CACATGATTCAGCAAC-1_V13B23-285_B1,10
CACATTCTTTCGATGG-1_V13B23-285_B1,12
CACATTTCTTGTCAGA-1_V13B23-285_B1,11
CACCAGTCAGCATGCA-1_V13B23-285_B1,1
CACCATCGGAGGAGAC-1_V13B23-285_B1,9
CACCATGATCGCAAAG-1_V13B23-285_B1,18
CACCCAAATCTTATGT-1_V13B23-285_B1,11
CACCCACACGTCACCC-1_V13B23-285_B1,5
CACCCACGAGGCAATT-1_V13B23-285_B1,13
CACCCGGTTTGTGACT-1_V13B23-285_B1,7
CACCCTAACAAGATCT-1_V13B23-285_B1,11
CACCCTTGGTGAGACC-1_V13B23-285_B1,10
CACCGATACACCGAGC-1_V13B23-285_B1,9
CACCGCCAGAAGGTTT-1_V13B23-285_B1,14
CACCGCGTCCACTCTA-1_V13B23-285_B1,3
CACCGTATCCCATCCG-1_V13B23-285_B1,11
CACCGTTAGGGATCAC-1_V13B23-285_B1,7
CACCGTTGCGCGATAT-1_V13B23-285_B1,16
CACCTAATAGAGTCGT-1_V13B23-285_B1,5
CACCTAATCAGTTTAC-1_V13B23-285_B1,13
CACCTCGATGGTGGAC-1_V13B23-285_B1,13
CACCTTGCGAAACTCG-1_V13B23-285_B1,5
CACCTTGGCGCCTTTG-1_V13B23-285_B1,11
CACGAAAGTTAGTCCC-1_V13B23-285_B1,10
CACGCACAGCGCAGCT-1_V13B23-285_B1,5
CACGCAGCGAGGCTTT-1_V13B23-285_B1,12
CACGCGGAACTGTTGC-1_V13B23-285_B1,11
CACGGACGTGGATGGC-1_V13B23-285_B1,3
CACGGCGCGCCAAAGG-1_V13B23-285_B1,3
CACGTCAATCAATGGA-1_V13B23-285_B1,11
CACGTCGGCAACCTCT-1_V13B23-285_B1,16
CACGTTCGTGCTCTAG-1_V13B23-285_B1,11
CACGTTTCGTACACAC-1_V13B23-285_B1,11
CACTAAAGTTGCCTAT-1_V13B23-285_B1,10
CACTACGGGAGCTGCC-1_V13B23-285_B1,11
CACTCAAGAGCTATGG-1_V13B23-285_B1,10
CACTCAGCTCTTGAGG-1_V13B23-285_B1,9
CACTCCTATGTAAGAT-1_V13B23-285_B1,16
CACTCCTCTCGGTCGG-1_V13B23-285_B1,13
CACTCGAGCTGAACAA-1_V13B23-285_B1,11
CACTCGGTTAGGAGGA-1_V13B23-285_B1,1
CACTCTTCTGCTAGCC-1_V13B23-285_B1,11
CACTGTCCAAGTGAGA-1_V13B23-285_B1,5
CACTTAATCAGACGGA-1_V13B23-285_B1,10
CACTTCGCCACAGGCT-1_V13B23-285_B1,16
CACTTCGTCTTATCTC-1_V13B23-285_B1,5
CAGAACTTAGCCCTCT-1_V13B23-285_B1,11
CAGAATAACACACGGA-1_V13B23-285_B1,11
CAGAATATTCGTTATC-1_V13B23-285_B1,11
CAGACACCGATCGCTG-1_V13B23-285_B1,10
CAGACCTGTAAGTGTT-1_V13B23-285_B1,15
CAGACGAACCTGATAC-1_V13B23-285_B1,10
CAGAGACGGTCACCCA-1_V13B23-285_B1,10
CAGAGCATGAGCTTGC-1_V13B23-285_B1,7
CAGAGGCGATGCATGA-1_V13B23-285_B1,10
CAGATACTAACATAGT-1_V13B23-285_B1,5
CAGATCATTTAAAGTC-1_V13B23-285_B1,3
CAGATCCTGGTTTGAA-1_V13B23-285_B1,10
CAGCAGCCCGTTCCTT-1_V13B23-285_B1,17
CAGCAGTCCAGACTAT-1_V13B23-285_B1,11
CAGCAGTCTGTGCTGC-1_V13B23-285_B1,11
CAGCCGGGCCCTCTAT-1_V13B23-285_B1,9
CAGCCTCCTGCAGAGG-1_V13B23-285_B1,5
CAGCCTCTCCTCAAGA-1_V13B23-285_B1,3
CAGCGATTCCCTTCAA-1_V13B23-285_B1,15
CAGCTCACTGAGACAT-1_V13B23-285_B1,10
CAGCTCGACAAGTTAA-1_V13B23-285_B1,1
CAGCTCGTGCTTGTGT-1_V13B23-285_B1,9
CAGCTGGCGTAACCGT-1_V13B23-285_B1,10
CAGCTTAGTAGGTAGC-1_V13B23-285_B1,10
CAGGAAGACTTTATAT-1_V13B23-285_B1,13
CAGGACAGCTGCCCTT-1_V13B23-285_B1,16
CAGGATATATCGTTGT-1_V13B23-285_B1,10
CAGGCCGTTTGGGTGT-1_V13B23-285_B1,10
CAGGCGCACGGTGGTC-1_V13B23-285_B1,17
CAGGCGCCATGCTAGG-1_V13B23-285_B1,11
CAGGTTTAGTACTACA-1_V13B23-285_B1,2
CAGTAACTATTTATTG-1_V13B23-285_B1,3
CAGTAATCCCTCCCAG-1_V13B23-285_B1,5
CAGTACATTCTCTAAA-1_V13B23-285_B1,3
CAGTACCAGTTTACGT-1_V13B23-285_B1,15
CAGTAGCCCACGCGGT-1_V13B23-285_B1,18
CAGTCGAGGATGCAAT-1_V13B23-285_B1,12
CAGTCTGTATACTGGG-1_V13B23-285_B1,10
CAGTGAATAAATGACT-1_V13B23-285_B1,5
CAGTGGTTGCACATGA-1_V13B23-285_B1,5
CAGTGTCCGCAGAATG-1_V13B23-285_B1,5
CAGTGTCGGCTGGCCC-1_V13B23-285_B1,11
CAGTTCAAATTGACAC-1_V13B23-285_B1,5
CAGTTCCGCGGGTCGA-1_V13B23-285_B1,16
CATAACGGACAGTCGT-1_V13B23-285_B1,11
CATAAGAAGCTTGGCT-1_V13B23-285_B1,11
CATAAGCTCTCCGTCT-1_V13B23-285_B1,3
CATACAAAGCCGAACC-1_V13B23-285_B1,12
CATACACGGTTCCCAC-1_V13B23-285_B1,16
CATACCCGTACCCAGT-1_V13B23-285_B1,10
CATACGGCGTCTGGGC-1_V13B23-285_B1,10
CATACTATGTAATTGT-1_V13B23-285_B1,10
CATACTTAGGCAATAC-1_V13B23-285_B1,11
CATAGCCGCCCGGGAT-1_V13B23-285_B1,17
CATAGCGTTGCCCACC-1_V13B23-285_B1,10
CATAGTACATTGAGAG-1_V13B23-285_B1,9
CATAGTAGCATAGTAG-1_V13B23-285_B1,5
CATAGTCCACAAGAAC-1_V13B23-285_B1,10
CATATACTACTGATAA-1_V13B23-285_B1,3
CATATAGGTACAGTCA-1_V13B23-285_B1,10
CATATGTCAGGCTACG-1_V13B23-285_B1,17
CATATTATTTGCCCTA-1_V13B23-285_B1,9
CATCAAACTGGCGCCC-1_V13B23-285_B1,12
CATCAACACCTACTAA-1_V13B23-285_B1,7
CATCATCTACCCGGAC-1_V13B23-285_B1,9
CATCATTACCCTGAGG-1_V13B23-285_B1,11
CATCCGCAGGCCCGAA-1_V13B23-285_B1,4
CATCCTCTCAAAGATC-1_V13B23-285_B1,11
CATCGCCCGCGGCCAA-1_V13B23-285_B1,4
CATCGGACGGGTTAAT-1_V13B23-285_B1,10
CATCGTCCGGTTACTA-1_V13B23-285_B1,8
CATCTAGTGAAGGGAA-1_V13B23-285_B1,11
CATCTATCCCGTGTCT-1_V13B23-285_B1,3
CATCTGCAGGATCATT-1_V13B23-285_B1,15
CATCTTACACCACCTC-1_V13B23-285_B1,11
CATGACTTCGCTGAAT-1_V13B23-285_B1,11
CATGAGATGCACTCTC-1_V13B23-285_B1,11
CATGATGCACAATTCT-1_V13B23-285_B1,18
CATGATGGAAGTTAGC-1_V13B23-285_B1,11
CATGCCAACTCGCAAA-1_V13B23-285_B1,3
CATGCGACCAGTTTAA-1_V13B23-285_B1,16
CATGCGTTAGACAGAA-1_V13B23-285_B1,6
CATGCTGGCTCCAATT-1_V13B23-285_B1,9
CATGGATTGTCTTCCG-1_V13B23-285_B1,11
CATGGCAGGAAGATCG-1_V13B23-285_B1,6
CATGGGTATGCCTTAT-1_V13B23-285_B1,11
CATGGGTCGGGTGTGG-1_V13B23-285_B1,5
CATGGTAAGTAGCGTT-1_V13B23-285_B1,11
CATGGTATTAGTTTGT-1_V13B23-285_B1,1
CATGGTCTAGATACCG-1_V13B23-285_B1,4
CATGTAAGAGACATTT-1_V13B23-285_B1,11
CATGTAGGAGCGCCAA-1_V13B23-285_B1,3
CATGTCTCATTTATGG-1_V13B23-285_B1,11
CATTACATAGATTGTG-1_V13B23-285_B1,15
CATTACGTCGGCCCGT-1_V13B23-285_B1,13
CATTATGCTTGTTGTG-1_V13B23-285_B1,5
CATTCCCATTCCGTCG-1_V13B23-285_B1,3
CATTCCCTAAGTACAA-1_V13B23-285_B1,12
CATTCGTCGTAGCGGT-1_V13B23-285_B1,11
CATTGATGAACACGCC-1_V13B23-285_B1,3
CATTGCGGGTCAATTC-1_V13B23-285_B1,3
CATTGTGTGCTAGATC-1_V13B23-285_B1,5
CATTTAGCGGACCATG-1_V13B23-285_B1,1
CATTTCTAGCAGACTA-1_V13B23-285_B1,5
CATTTGAGTGGTACGT-1_V13B23-285_B1,10
CCAAACAGAACCCTCG-1_V13B23-285_B1,5
CCAAAGCAGTTGGTTG-1_V13B23-285_B1,17
CCAAATAACAAGATTC-1_V13B23-285_B1,11
CCAACGATGCACTGAT-1_V13B23-285_B1,10
CCAACGCTTGCCAGGG-1_V13B23-285_B1,18
CCAACTTGATAGATCC-1_V13B23-285_B1,11
CCAAGAAAGTGGGCGA-1_V13B23-285_B1,10
CCAAGACTTCTGCGAA-1_V13B23-285_B1,13
CCAAGCGTAACTCGTA-1_V13B23-285_B1,11
CCAAGGAACAGAGAGG-1_V13B23-285_B1,9
CCAAGTTTCTACAGAT-1_V13B23-285_B1,16
CCAATAGTGCCGTCGA-1_V13B23-285_B1,10
CCAATCGGTAGATCGA-1_V13B23-285_B1,13
CCAATGTCACAGCAAG-1_V13B23-285_B1,10
CCAATTACGGGTCGAG-1_V13B23-285_B1,5
CCAATTGAATGTTAAT-1_V13B23-285_B1,5
CCACAATGTACGTCTT-1_V13B23-285_B1,1
CCACACTGAGATATTA-1_V13B23-285_B1,10
CCACAGTACCCATCCT-1_V13B23-285_B1,11
CCACATACTGCACCCA-1_V13B23-285_B1,11
CCACCAACTTTACTGT-1_V13B23-285_B1,15
CCACCCAAGGAAAGTG-1_V13B23-285_B1,11
CCACCTGTATGGAATA-1_V13B23-285_B1,11
CCACGAATTTAACCTC-1_V13B23-285_B1,11
CCACGAGAAGAGAATC-1_V13B23-285_B1,13
CCACGGAGCCATAAGA-1_V13B23-285_B1,16
CCACGGTGCCCGGTAG-1_V13B23-285_B1,11
CCACGTAAATTAGACT-1_V13B23-285_B1,16
CCACTATCCGGGTCAC-1_V13B23-285_B1,3
CCACTGGTGGCTGGTT-1_V13B23-285_B1,10
CCACTGTTTGGATTAA-1_V13B23-285_B1,11
CCAGAAAGCAACTCAT-1_V13B23-285_B1,5
CCAGAGACAAAGCCGG-1_V13B23-285_B1,12
CCAGATAGTTGAGTGA-1_V13B23-285_B1,15
CCAGATGTAAATGGGT-1_V13B23-285_B1,3
CCAGCCTGGACCAATA-1_V13B23-285_B1,11
CCAGCGGGATCACCAG-1_V13B23-285_B1,1
CCAGCTGATGGTACTT-1_V13B23-285_B1,7
CCAGCTTCCGCCCGCA-1_V13B23-285_B1,17
CCAGGCTGGCGTCTGA-1_V13B23-285_B1,11
CCAGGGACGTGGCCTC-1_V13B23-285_B1,5
CCAGTAGTCTGATCCA-1_V13B23-285_B1,3
CCAGTCAAATCTCTTA-1_V13B23-285_B1,19
CCAGTCTAGACGGCGC-1_V13B23-285_B1,19
CCAGTCTTGTCATAGA-1_V13B23-285_B1,15
CCATAAACAACCCGAC-1_V13B23-285_B1,6
CCATACCTTTACTTGT-1_V13B23-285_B1,16
CCATAGGTTGGCGTGG-1_V13B23-285_B1,13
CCATAGTCAGTAACCC-1_V13B23-285_B1,5
CCATATGGAAACTATA-1_V13B23-285_B1,11
CCATATTGGATCATGA-1_V13B23-285_B1,8
CCATCCATACCAAGTC-1_V13B23-285_B1,5
CCATCGCAGTTAAACT-1_V13B23-285_B1,12
CCATCTCACCAGTGAA-1_V13B23-285_B1,11
CCATGCCCTAGATTTC-1_V13B23-285_B1,11
CCATGCCTGTTTAGTA-1_V13B23-285_B1,10
CCATGCTCTGCAGGAA-1_V13B23-285_B1,5
CCATGGCCCTTGTACC-1_V13B23-285_B1,7
CCATTAGCGATAATCC-1_V13B23-285_B1,10
CCATTCCCTGCCCACA-1_V13B23-285_B1,10
CCATTGTTTCCTCCAT-1_V13B23-285_B1,3
CCATTTCTACCTATTA-1_V13B23-285_B1,11
CCCAAACATGCTGCTC-1_V13B23-285_B1,11
CCCAACATACGTCGCG-1_V13B23-285_B1,10
CCCAATGAGATTTGCA-1_V13B23-285_B1,1
CCCAATTTCACAACTT-1_V13B23-285_B1,10
CCCAGAGGAGGGCGTA-1_V13B23-285_B1,16
CCCAGGTCTGAAGGCT-1_V13B23-285_B1,11
CCCAGTAAACTTGGGA-1_V13B23-285_B1,7
CCCAGTTAAGGCGCCG-1_V13B23-285_B1,11
CCCGACCATAGTCCGC-1_V13B23-285_B1,13
CCCGAGTTTCTCCGTA-1_V13B23-285_B1,11
CCCGATAGCCTCGCCT-1_V13B23-285_B1,11
CCCGCAGCGCGAACTA-1_V13B23-285_B1,11
CCCGCAGGGCCCAAAG-1_V13B23-285_B1,9
CCCGCCATGCTCCCGT-1_V13B23-285_B1,5
CCCGCGCAATGCACCC-1_V13B23-285_B1,5
CCCGGTGGAAGAACCT-1_V13B23-285_B1,12
CCCGGTGTATCGGAAT-1_V13B23-285_B1,10
CCCGTAAGTCTAGGCC-1_V13B23-285_B1,10
CCCGTAGCTGGGAAGA-1_V13B23-285_B1,15
CCCGTCAGCGTCTGAC-1_V13B23-285_B1,5
CCCGTTTCGCAGATGT-1_V13B23-285_B1,11
CCCTATGTAGAGCAGA-1_V13B23-285_B1,1
CCCTCATTCTGGAATT-1_V13B23-285_B1,2
CCCTCCTCGCTCGTAT-1_V13B23-285_B1,11
CCCTGAAATGAGTTGA-1_V13B23-285_B1,10
CCCTGACTAACAAATT-1_V13B23-285_B1,3
CCCTGATGTAACTCGT-1_V13B23-285_B1,5
CCCTGCCCAATCCGCT-1_V13B23-285_B1,10
CCCTGCGCTACGCATA-1_V13B23-285_B1,10
CCCTGTTGGCAAAGAC-1_V13B23-285_B1,7
CCCTTTGACAGGTCTT-1_V13B23-285_B1,7
CCGAAAGTGGTGAGCA-1_V13B23-285_B1,5
CCGAACACTGGGCCTC-1_V13B23-285_B1,3
CCGAACCTTCCCGGCC-1_V13B23-285_B1,11
CCGAAGGGCGTACCGC-1_V13B23-285_B1,17
CCGAAGTATATTGTTC-1_V13B23-285_B1,19
CCGACAAACACATGAG-1_V13B23-285_B1,7
CCGACAAAGGGAGTGC-1_V13B23-285_B1,10
CCGACAATAGGCCGCC-1_V13B23-285_B1,11
CCGACGGGCATGAGGT-1_V13B23-285_B1,2
CCGACGTAAACACAAC-1_V13B23-285_B1,5
CCGAGAAGTCGCATAA-1_V13B23-285_B1,11
CCGAGCTGTGCTTGTC-1_V13B23-285_B1,3
CCGATATGACGTAAGG-1_V13B23-285_B1,15
CCGATCTCAACCTTAT-1_V13B23-285_B1,11
CCGATTCGAGGGACCC-1_V13B23-285_B1,7
CCGCACAAAGACCAAC-1_V13B23-285_B1,11
CCGCACACGAACGTGT-1_V13B23-285_B1,11
CCGCACGTGACCTCGG-1_V13B23-285_B1,15
CCGCATGTGGTACGAT-1_V13B23-285_B1,15
CCGCCGGAACTTCTCG-1_V13B23-285_B1,15
CCGCCGGTCAACACAC-1_V13B23-285_B1,9
CCGCCGTTGAGGATAA-1_V13B23-285_B1,11
CCGCCTGCGAATTGGT-1_V13B23-285_B1,3
CCGCCTTGCGATGTCG-1_V13B23-285_B1,17
CCGCGGAATGCGTCAC-1_V13B23-285_B1,10
CCGCGGGTACGAAGAA-1_V13B23-285_B1,10
CCGCGTAGGTAAGGGC-1_V13B23-285_B1,8
CCGCTATCAGCACCAG-1_V13B23-285_B1,10
CCGCTTACCTCACTCT-1_V13B23-285_B1,17
CCGCTTGCTGACATGG-1_V13B23-285_B1,1
CCGGAAGTTATCAGTC-1_V13B23-285_B1,11
CCGGAATGGTTTCAGT-1_V13B23-285_B1,12
CCGGAGCGTACTTTCT-1_V13B23-285_B1,19
CCGGAGGTCTTATGGT-1_V13B23-285_B1,3
CCGGCACGACCGTTTC-1_V13B23-285_B1,11
CCGGCGCATATTGGAT-1_V13B23-285_B1,9
CCGGGACCCGCAGAGA-1_V13B23-285_B1,13
CCGGGCGGTCTCGTCA-1_V13B23-285_B1,6
CCGGGCTGCTCCATAC-1_V13B23-285_B1,11
CCGGGTTCGAGGTTAC-1_V13B23-285_B1,10
CCGGTAATGGCTAGTC-1_V13B23-285_B1,11
CCGGTTTGTAATTGTG-1_V13B23-285_B1,7
CCGTAAGTTGGTCCCA-1_V13B23-285_B1,5
CCGTACCCAAGCGCCA-1_V13B23-285_B1,5
CCGTAGGAAATCCCTG-1_V13B23-285_B1,11
CCGTAGGGTTGTTTAC-1_V13B23-285_B1,11
CCGTATCTCGTCGTAG-1_V13B23-285_B1,10
CCGTATTAGCGCAGTT-1_V13B23-285_B1,3
CCGTGAGGCATTCATG-1_V13B23-285_B1,11
CCGTGGAACGATCCAA-1_V13B23-285_B1,10
CCGTGTTAAATTCCAT-1_V13B23-285_B1,16
CCGTTACGTTAGAACA-1_V13B23-285_B1,18
CCGTTCCGAATCTCGG-1_V13B23-285_B1,10
CCTAAAGGCTGACGCT-1_V13B23-285_B1,13
CCTAAATTAACGGTTC-1_V13B23-285_B1,10
CCTAAATTGTATCCTA-1_V13B23-285_B1,11
CCTAACCCAAACAAGT-1_V13B23-285_B1,11
CCTAACTAAGGCTCTA-1_V13B23-285_B1,5
CCTACAAGTCCGGAAT-1_V13B23-285_B1,2
CCTACATTCACAGACG-1_V13B23-285_B1,1
CCTACGGCTCAGTCGA-1_V13B23-285_B1,5
CCTACTGCGGCGGCCA-1_V13B23-285_B1,3
CCTACTGCTTACACTT-1_V13B23-285_B1,17
CCTAGGCGTAGCGATC-1_V13B23-285_B1,11
CCTAGTTAGTCGCATG-1_V13B23-285_B1,9
CCTATAATGAGTGCCC-1_V13B23-285_B1,11
CCTATACCGTCCTGTC-1_V13B23-285_B1,10
CCTATATTTGTCCTGG-1_V13B23-285_B1,11
CCTATCTATATCGGAA-1_V13B23-285_B1,6
CCTATGAAGTGGTGCC-1_V13B23-285_B1,11
CCTATGGGTTACCGTC-1_V13B23-285_B1,12
CCTATGTCCACTCCAC-1_V13B23-285_B1,14
CCTCACCAATCTTGAC-1_V13B23-285_B1,5
CCTCACCTGAGGGAGC-1_V13B23-285_B1,3
CCTCACCTTAGCATCG-1_V13B23-285_B1,16
CCTCACGTCAGCTAAT-1_V13B23-285_B1,11
CCTCCGACAATTCAAG-1_V13B23-285_B1,10
CCTCCTGTTGTGTCGT-1_V13B23-285_B1,8
CCTCGAAGTGGACGGG-1_V13B23-285_B1,6
CCTCGCGCGATATAGG-1_V13B23-285_B1,18
CCTCGCGCTGTGCGAT-1_V13B23-285_B1,7
CCTCGGACCGGGATAG-1_V13B23-285_B1,11
CCTCGGATGCTACCTG-1_V13B23-285_B1,15
CCTCTAATCTGCCAAG-1_V13B23-285_B1,5
CCTCTATCGATTAGCA-1_V13B23-285_B1,19
CCTCTCTCCCATCTAG-1_V13B23-285_B1,10
CCTCTGGCCTAGACGG-1_V13B23-285_B1,13
CCTCTGTACTATTCTA-1_V13B23-285_B1,4
CCTGAACGATATATTC-1_V13B23-285_B1,11
CCTGAATATTTACATA-1_V13B23-285_B1,5
CCTGACCACCGATGGT-1_V13B23-285_B1,10
CCTGCGTTCTACGCTT-1_V13B23-285_B1,16
CCTGCTATTTGAGAAG-1_V13B23-285_B1,5
CCTGGAAACGTTCTGC-1_V13B23-285_B1,11
CCTGGCTAGACCCGCC-1_V13B23-285_B1,10
CCTGGTCGAATGTGGG-1_V13B23-285_B1,7
CCTGTAAGACATGATA-1_V13B23-285_B1,10
CCTGTACTCACGCCCA-1_V13B23-285_B1,10
CCTGTCACCCGGGCTC-1_V13B23-285_B1,16
CCTGTCCCTCACGTTA-1_V13B23-285_B1,11
CCTGTCGCCCGTAAAT-1_V13B23-285_B1,10
CCTGTTTGAAGACACG-1_V13B23-285_B1,11
CCTTCAGTTAAAGTGA-1_V13B23-285_B1,15
CCTTCTCAGCGTTCCT-1_V13B23-285_B1,3
CCTTGACCACTTTATT-1_V13B23-285_B1,11
CCTTTAAGGGAGCACT-1_V13B23-285_B1,1
CCTTTCAATGAAGAAA-1_V13B23-285_B1,5
CCTTTGAATTATGGCT-1_V13B23-285_B1,12
CGAAACATAGATGGCA-1_V13B23-285_B1,9
CGAAACGCAATTCATG-1_V13B23-285_B1,10
CGAACAGTATGGGCGT-1_V13B23-285_B1,11
CGAACCCGCATGCGTC-1_V13B23-285_B1,10
CGAACGCCCAGTGCCG-1_V13B23-285_B1,6
CGAACGGCCGGACAAC-1_V13B23-285_B1,1
CGAAGCTATAAATTCA-1_V13B23-285_B1,8
CGAAGTTGCTCTGTGT-1_V13B23-285_B1,10
CGACAATTTGATCTAA-1_V13B23-285_B1,11
CGACACGCTCCGACAG-1_V13B23-285_B1,11
CGACAGTTCGCGTTAT-1_V13B23-285_B1,10
CGACCCTTAACGCCGG-1_V13B23-285_B1,1
CGACTCAGGATGTTAT-1_V13B23-285_B1,3
CGACTTTGTATAGCCT-1_V13B23-285_B1,16
CGAGACCCTAGAGTGT-1_V13B23-285_B1,10
CGAGAGATGTGAACCT-1_V13B23-285_B1,10
CGAGAGCGCGTAGATA-1_V13B23-285_B1,3
CGAGAGGGTAGCCGCG-1_V13B23-285_B1,11
CGAGATTTCGCTCGGG-1_V13B23-285_B1,11
CGAGCACTTCAAGTTT-1_V13B23-285_B1,16
CGAGGAGCTTCCATAT-1_V13B23-285_B1,1
CGAGGATCGGGAACGA-1_V13B23-285_B1,3
CGAGGCCAGGCATTGG-1_V13B23-285_B1,5
CGAGGCTAAATATGGC-1_V13B23-285_B1,16
CGAGGGACTGCGGTCG-1_V13B23-285_B1,11
CGAGTACTAAAGAGGA-1_V13B23-285_B1,10
CGAGTTCTGTCCCACC-1_V13B23-285_B1,3
CGAGTTTATCGGACTG-1_V13B23-285_B1,11
CGATAATACTCAGGTT-1_V13B23-285_B1,6
CGATACCTCGCGGACA-1_V13B23-285_B1,10
CGATCATTAGAGGCAC-1_V13B23-285_B1,14
CGATCCGACCCAGTGC-1_V13B23-285_B1,10
CGATCTGTTGGAGGAC-1_V13B23-285_B1,8
CGATGGACCCTACGCC-1_V13B23-285_B1,18
CGATGTTGTTATCTAC-1_V13B23-285_B1,16
CGATTAAATATCTCCT-1_V13B23-285_B1,19
CGATTCGCCTGGCTGC-1_V13B23-285_B1,11
CGCAAACACGAGTTAC-1_V13B23-285_B1,10
CGCAATTACTTTCGGT-1_V13B23-285_B1,10
CGCAATTAGGGTAATA-1_V13B23-285_B1,10
CGCAATTCTACAATAA-1_V13B23-285_B1,7
CGCACATGTCCACTAC-1_V13B23-285_B1,11
CGCACGTGCGCTATCA-1_V13B23-285_B1,11
CGCAGATCTTCACCCG-1_V13B23-285_B1,17
CGCAGGCGATCCAAAC-1_V13B23-285_B1,11
CGCATCATGGCTTCAG-1_V13B23-285_B1,9
CGCATCCATCAGCCAG-1_V13B23-285_B1,15
CGCATGGTGCGATGCT-1_V13B23-285_B1,10
CGCATTAGCTAATAGG-1_V13B23-285_B1,15
CGCCAAGAAGCCGAGT-1_V13B23-285_B1,7
CGCCACAGGTCGCGAT-1_V13B23-285_B1,16
CGCCATCCGATTATGA-1_V13B23-285_B1,5
CGCCCAGCACGCCTAG-1_V13B23-285_B1,1
CGCCCGCTTCCGTACA-1_V13B23-285_B1,13
CGCCCTTGAAGGCTGA-1_V13B23-285_B1,15
CGCCGCCCATGCCTGT-1_V13B23-285_B1,11
CGCCGTCTACCCATCG-1_V13B23-285_B1,11
CGCCGTTCAGCATAGT-1_V13B23-285_B1,11
CGCCTCCCTCCTCTAT-1_V13B23-285_B1,11
CGCCTGGCCTACGTAA-1_V13B23-285_B1,10
CGCCTTTAGCATGCTC-1_V13B23-285_B1,6
CGCGACACTGCGCAGC-1_V13B23-285_B1,15
CGCGACCGCGACAGAT-1_V13B23-285_B1,11
CGCGAGAGGGACTTGT-1_V13B23-285_B1,3
CGCGAGTCTGCCGGGT-1_V13B23-285_B1,10
CGCGCAAATGTCCAGA-1_V13B23-285_B1,17
CGCGCATGTTTGATTG-1_V13B23-285_B1,10
CGCGCCCGACTTAATA-1_V13B23-285_B1,13
CGCGGCAGTATTACGG-1_V13B23-285_B1,18
CGCGGCTCAACTTGAA-1_V13B23-285_B1,11
CGCGGGAATTAGGCAG-1_V13B23-285_B1,1
CGCGGTAAGTCTAGCT-1_V13B23-285_B1,8
CGCGGTACGGTATACA-1_V13B23-285_B1,11
CGCGGTCACAAACCAA-1_V13B23-285_B1,3
CGCGTTCATGAAATAC-1_V13B23-285_B1,5
CGCTACGGGACATTTA-1_V13B23-285_B1,10
CGCTAGAGACCGCTGC-1_V13B23-285_B1,11
CGCTATACCGCCCACT-1_V13B23-285_B1,5
CGCTATTCAATGTATG-1_V13B23-285_B1,5
CGCTATTCTTAGGCTC-1_V13B23-285_B1,10
CGCTCGACATAATGAT-1_V13B23-285_B1,5
CGCTCTCCGTAGATTA-1_V13B23-285_B1,10
CGCTGGTGACTACCCT-1_V13B23-285_B1,11
CGCTGTGACGCCGCAC-1_V13B23-285_B1,5
CGCTGTGTGGATGTTG-1_V13B23-285_B1,15
CGCTTATTCCCGGTCG-1_V13B23-285_B1,10
CGCTTCCACTGAAATC-1_V13B23-285_B1,5
CGCTTTCATACCGGTG-1_V13B23-285_B1,9
CGCTTTCTTGCATTCG-1_V13B23-285_B1,15
CGGAAAGAATCAAACG-1_V13B23-285_B1,10
CGGAACGTAAACATAG-1_V13B23-285_B1,10
CGGAGCAATTTAATCG-1_V13B23-285_B1,19
CGGAGCATGGCGATCC-1_V13B23-285_B1,11
CGGAGCTTATAACACC-1_V13B23-285_B1,9
CGGAGTTTGAGAGACA-1_V13B23-285_B1,10
CGGATAAGCGGACATG-1_V13B23-285_B1,5
CGGATCCTCAAGGACT-1_V13B23-285_B1,11
CGGCAAACATCGTGCG-1_V13B23-285_B1,11
CGGCAATAAGATCGCC-1_V13B23-285_B1,11
CGGCACCGTTAGCGCC-1_V13B23-285_B1,18
CGGCACTCAAGAAAGT-1_V13B23-285_B1,5
CGGCAGGGTCGGGTTG-1_V13B23-285_B1,11
CGGCCACGCACAAAGT-1_V13B23-285_B1,10
CGGCCCAACCTGTAGT-1_V13B23-285_B1,3
CGGCCCAGGTATATCC-1_V13B23-285_B1,11
CGGCGCCATCAATCCC-1_V13B23-285_B1,11
CGGCTCTAAAGCTGCA-1_V13B23-285_B1,11
CGGCTCTTCGTCGAAC-1_V13B23-285_B1,2
CGGGAATATAGTATAC-1_V13B23-285_B1,11
CGGGAATTTATGTAAA-1_V13B23-285_B1,10
CGGGAGCTTCAGTGTA-1_V13B23-285_B1,11
CGGGAGTATACCGCCG-1_V13B23-285_B1,16
CGGGATCAATGTAAGA-1_V13B23-285_B1,5
CGGGCAGCTAAACCGC-1_V13B23-285_B1,10
CGGGCCATAGCCGCAC-1_V13B23-285_B1,5
CGGGCCTTCTTTGTAA-1_V13B23-285_B1,10
CGGGTGTACCCATTTA-1_V13B23-285_B1,11
CGGGTTTGTTAGGGCT-1_V13B23-285_B1,11
CGGTACTAGAATCAAA-1_V13B23-285_B1,11
CGGTAGAGGTGCAGGT-1_V13B23-285_B1,5
CGGTATAGGTATTAGC-1_V13B23-285_B1,3
CGGTCAAGTGGGAACC-1_V13B23-285_B1,12
CGGTCAGTCCATATTT-1_V13B23-285_B1,11
CGGTCCATGAGACTCC-1_V13B23-285_B1,3
CGGTCTATCAACCCGT-1_V13B23-285_B1,13
CGGTGAAGACTAAAGT-1_V13B23-285_B1,10
CGGTGCAGATAGAACG-1_V13B23-285_B1,7
CGGTGCGCGTTGGTCC-1_V13B23-285_B1,16
CGGTGGGCTCCAGCCT-1_V13B23-285_B1,3
CGGTGTACTTGATCCC-1_V13B23-285_B1,5
CGGTTATCCAACAGTG-1_V13B23-285_B1,1
CGGTTCAAGTAGGTGT-1_V13B23-285_B1,15
CGGTTGACCTGGCATA-1_V13B23-285_B1,10
CGGTTTATGAAGGAAC-1_V13B23-285_B1,2
CGTAAACGCTTGAGTG-1_V13B23-285_B1,9
CGTACCGAAAGTCTAG-1_V13B23-285_B1,2
CGTACCTGATAGGCCT-1_V13B23-285_B1,13
CGTAGCGAATTGTCAG-1_V13B23-285_B1,9
CGTATTAAGAGATCTA-1_V13B23-285_B1,10
CGTATTGTTTCCTAAT-1_V13B23-285_B1,3
CGTCAAATGGTCGCAG-1_V13B23-285_B1,3
CGTCAAGGCTATAAAT-1_V13B23-285_B1,16
CGTCAATCTTTAACAT-1_V13B23-285_B1,16
CGTCACGTCCATTGGT-1_V13B23-285_B1,7
CGTCAGCTATTTACTC-1_V13B23-285_B1,15
CGTCATACCATATCCA-1_V13B23-285_B1,5
CGTCGCGGCGGGATTT-1_V13B23-285_B1,12
CGTCGGATAGTGTTGA-1_V13B23-285_B1,11
CGTCGGGTCTAAGCGC-1_V13B23-285_B1,10
CGTCGTCCTTCGCGAA-1_V13B23-285_B1,11
CGTCTGGAAGGGCCCG-1_V13B23-285_B1,13
CGTCTTGAGTGTGACG-1_V13B23-285_B1,6
CGTGAAGTTAATTCAC-1_V13B23-285_B1,10
CGTGACATTGGGTCGT-1_V13B23-285_B1,13
CGTGCAGACTGGGACA-1_V13B23-285_B1,11
CGTGCATTGTCGACGC-1_V13B23-285_B1,10
CGTGCCCTCCCGAAGA-1_V13B23-285_B1,11
CGTGGAAGCCTCGTAC-1_V13B23-285_B1,11
CGTGGCCGAATATCTA-1_V13B23-285_B1,11
CGTGTCCCATTCGCGA-1_V13B23-285_B1,10
CGTGTCTCGTTACGAC-1_V13B23-285_B1,16
CGTGTGTTAAACCCTG-1_V13B23-285_B1,15
CGTTAAACTAGTTAGG-1_V13B23-285_B1,11
CGTTAATGTCCCGACG-1_V13B23-285_B1,11
CGTTAGCTCACAACTG-1_V13B23-285_B1,13
CGTTCATGGTGCGCGT-1_V13B23-285_B1,10
CGTTCTTCGCACACCT-1_V13B23-285_B1,3
CGTTGAATACCGCGCT-1_V13B23-285_B1,11
CGTTGAGCGACCGTCG-1_V13B23-285_B1,11
CGTTGAGTAATTGCGT-1_V13B23-285_B1,3
CGTTGTAAACGTCAGG-1_V13B23-285_B1,16
CGTTGTAAGATTGATT-1_V13B23-285_B1,3
CGTTGTTTCAATTCCC-1_V13B23-285_B1,10
CGTTTAAGCGGAGCAC-1_V13B23-285_B1,9
CGTTTACAAGGCAGCT-1_V13B23-285_B1,3
CGTTTCACTTCGGGCG-1_V13B23-285_B1,14
CGTTTCGCTCATTACA-1_V13B23-285_B1,10
CGTTTGGTGTTGTGGG-1_V13B23-285_B1,11
CGTTTGTGTAGAGGGT-1_V13B23-285_B1,7
CTAAAGAATGCCTACT-1_V13B23-285_B1,10
CTAAAGGGAAATAGGA-1_V13B23-285_B1,10
CTAAATCCGGTGTACA-1_V13B23-285_B1,16
CTAAATCCTATTCCGG-1_V13B23-285_B1,3
CTAACCGCGCGCCCGT-1_V13B23-285_B1,10
CTAACGAAACTTGCTG-1_V13B23-285_B1,12
CTAACTGATAATCGCC-1_V13B23-285_B1,11
CTAACTGGTCCGGTTC-1_V13B23-285_B1,8
CTAAGGGAATGATTGG-1_V13B23-285_B1,11
CTAATTCGCACGCGCT-1_V13B23-285_B1,16
CTAATTCTCAGATATT-1_V13B23-285_B1,1
CTAATTTCAACAACAC-1_V13B23-285_B1,5
CTACAAGAAATAACCC-1_V13B23-285_B1,7
CTACACTCGCAGATGG-1_V13B23-285_B1,11
CTACCCTAAGGTCATA-1_V13B23-285_B1,15
CTACGACTAGCTATAA-1_V13B23-285_B1,10
CTACGCACGGAGTACC-1_V13B23-285_B1,10
CTACTATCATAGGTTT-1_V13B23-285_B1,10
CTACTATCTTTCAGAG-1_V13B23-285_B1,3
CTACTCAAGGTATAGT-1_V13B23-285_B1,10
CTACTCTAGGCCCGGC-1_V13B23-285_B1,7
CTACTGCCACCTGACC-1_V13B23-285_B1,5
CTAGACTGCATTTCGT-1_V13B23-285_B1,18
CTAGATGTGAGTGTAA-1_V13B23-285_B1,6
CTAGATTTACGACGGC-1_V13B23-285_B1,11
CTAGCATAGTATAATG-1_V13B23-285_B1,11
CTAGCCACAGGCGAGC-1_V13B23-285_B1,11
CTAGCCGATGTTATGA-1_V13B23-285_B1,3
CTAGCTTAATGGTCCC-1_V13B23-285_B1,11
CTAGGCGCCCTATCAG-1_V13B23-285_B1,11
CTAGGTCTGAAGGAAT-1_V13B23-285_B1,11
CTAGGTTCGGACGTGA-1_V13B23-285_B1,11
CTAGTATTCGGAATTA-1_V13B23-285_B1,13
CTAGTCACGTCTTAAG-1_V13B23-285_B1,11
CTAGTGAAGGACAGGA-1_V13B23-285_B1,10
CTAGTTACAACCCGGT-1_V13B23-285_B1,11
CTAGTTGGGCCCGGTA-1_V13B23-285_B1,16
CTATAAGAGCCAATCG-1_V13B23-285_B1,16
CTATCGACGAAATACA-1_V13B23-285_B1,11
CTATCGCGTAGAGAAC-1_V13B23-285_B1,11
CTATCGGGTCTCAACA-1_V13B23-285_B1,11
CTATGGGAAGCGGAAT-1_V13B23-285_B1,11
CTATGTCACTAGCCCA-1_V13B23-285_B1,5
CTATGTGAGTCACGGC-1_V13B23-285_B1,3
CTATTCATGTGTCCCA-1_V13B23-285_B1,17
CTATTGTGTTTGGTCA-1_V13B23-285_B1,3
CTATTTGGTTACGGAT-1_V13B23-285_B1,11
CTCAAGACATTAGCGC-1_V13B23-285_B1,3
CTCACACGCAAGCCTA-1_V13B23-285_B1,3
CTCACATTTACTAAAT-1_V13B23-285_B1,12
CTCACTTGGCTGGTAA-1_V13B23-285_B1,10
CTCAGGACTCACCTGT-1_V13B23-285_B1,5
CTCAGTCACGACAAAT-1_V13B23-285_B1,5
CTCATCACTTAGTGAT-1_V13B23-285_B1,3
CTCATGGCTCACAATC-1_V13B23-285_B1,13
CTCATGGTAATTTGCG-1_V13B23-285_B1,15
CTCATTAACGTTGCCC-1_V13B23-285_B1,17
CTCATTGCTCTAACAA-1_V13B23-285_B1,11
CTCATTTGATGGGCGG-1_V13B23-285_B1,17
CTCCCAATGAGTCGCG-1_V13B23-285_B1,11
CTCCCTCCTTTCGATC-1_V13B23-285_B1,10
CTCCGCCCACATGAGG-1_V13B23-285_B1,7
CTCCGGCCTAATATGC-1_V13B23-285_B1,12
CTCCGGCTTGTAGACA-1_V13B23-285_B1,5
CTCCTAAGTTATGTCT-1_V13B23-285_B1,5
CTCCTCCAGCTCACAC-1_V13B23-285_B1,16
CTCCTGTTCAAGGCAG-1_V13B23-285_B1,11
CTCCTTTACGCAAGTC-1_V13B23-285_B1,1
CTCGAGACATACGATA-1_V13B23-285_B1,12
CTCGAGATCCAAAGCA-1_V13B23-285_B1,5
CTCGAGGTCGAACAGT-1_V13B23-285_B1,5
CTCGATATTTGCGAGC-1_V13B23-285_B1,19
CTCGCACCTATATAGT-1_V13B23-285_B1,12
CTCGCATTGCATAGCC-1_V13B23-285_B1,15
CTCGCCGAATGTAGGG-1_V13B23-285_B1,19
CTCGGGATAACACCTA-1_V13B23-285_B1,3
CTCGGGTTCTCTGGCC-1_V13B23-285_B1,17
CTCGGTACCACTGCTC-1_V13B23-285_B1,11
CTCGGTCCGTAGCCTG-1_V13B23-285_B1,5
CTCGGTTGTCGGCCCT-1_V13B23-285_B1,17
CTCGTCGAGGGCTCAT-1_V13B23-285_B1,8
CTCGTTTCTAATGTTT-1_V13B23-285_B1,19
CTCTAATGCATTGATC-1_V13B23-285_B1,8
CTCTACACTGGCGATT-1_V13B23-285_B1,3
CTCTATTTGGCTGCAG-1_V13B23-285_B1,11
CTCTCACAATCGATGA-1_V13B23-285_B1,11
CTCTCTAACTGCCTAG-1_V13B23-285_B1,8
CTCTGGACGCCTGGTG-1_V13B23-285_B1,10
CTCTGTTTGAGGATTC-1_V13B23-285_B1,6
CTCTTCTATTGACTGG-1_V13B23-285_B1,11
CTCTTGTCCCGCTTGG-1_V13B23-285_B1,7
CTGAAAGAGATCCGAC-1_V13B23-285_B1,13
CTGAATCCGAGACCTC-1_V13B23-285_B1,7
CTGAATTTATTGCCAG-1_V13B23-285_B1,3
CTGACATAGAAATAGA-1_V13B23-285_B1,11
CTGACTGCGCAGCTCG-1_V13B23-285_B1,6
CTGAGAAAGTTCGGCG-1_V13B23-285_B1,11
CTGAGCAAGTAACAAG-1_V13B23-285_B1,5
CTGAGCGAGACTTATT-1_V13B23-285_B1,3
CTGATAGTGTATCTCA-1_V13B23-285_B1,16
CTGCAAGCACGTTCCG-1_V13B23-285_B1,11
CTGCACAACTACATAT-1_V13B23-285_B1,11
CTGCACCTAGTCCACA-1_V13B23-285_B1,1
CTGCACCTGGAACCGC-1_V13B23-285_B1,13
CTGCACTCCAGTACAG-1_V13B23-285_B1,11
CTGCAGAGAATCAGAG-1_V13B23-285_B1,11
CTGCCAAGGTTGGAAG-1_V13B23-285_B1,5
CTGCCATGCATCACAT-1_V13B23-285_B1,10
CTGCCTAGCCACCAAG-1_V13B23-285_B1,9
CTGCCTCATATGCAAC-1_V13B23-285_B1,1
CTGCGGGTGAAATGTT-1_V13B23-285_B1,16
CTGCGGTAGTCACGTG-1_V13B23-285_B1,18
CTGCGTTACGATATAA-1_V13B23-285_B1,2
CTGCTGAGGCCACGAA-1_V13B23-285_B1,12
CTGCTGTCTAACGAGC-1_V13B23-285_B1,11
CTGCTTGGCGATAGCT-1_V13B23-285_B1,11
CTGCTTTATGTCCGCG-1_V13B23-285_B1,3
CTGGAAATGGATGCTT-1_V13B23-285_B1,7
CTGGAAGACACGGTGG-1_V13B23-285_B1,11
CTGGACGCAGTCCGGC-1_V13B23-285_B1,7
CTGGATTTACACTTGA-1_V13B23-285_B1,10
CTGGCATCCGAATGAG-1_V13B23-285_B1,15
CTGGCGACATAAGTCC-1_V13B23-285_B1,13
CTGGCGCACAGGTCTG-1_V13B23-285_B1,11
CTGGCGGGAATAAGTA-1_V13B23-285_B1,17
CTGGCTGATTCATCCT-1_V13B23-285_B1,11
CTGGCTGGTTGTCAGT-1_V13B23-285_B1,1
CTGGGATAAATAATGG-1_V13B23-285_B1,11
CTGGGATACGCTACCC-1_V13B23-285_B1,11
CTGGGCCTGCTATATC-1_V13B23-285_B1,10
CTGGGTAGGCAGTTAA-1_V13B23-285_B1,11
CTGGTAAAGTGTGGGC-1_V13B23-285_B1,11
CTGGTAACACATAGAA-1_V13B23-285_B1,11
CTGGTAACGAGCTCTT-1_V13B23-285_B1,16
CTGGTCATTCCAATCC-1_V13B23-285_B1,17
CTGGTTCGCGAGCTAC-1_V13B23-285_B1,6
CTGGTTTCGAGCAAGA-1_V13B23-285_B1,11
CTGTACTTCTTAGCAT-1_V13B23-285_B1,10
CTGTAGCCATCTCACT-1_V13B23-285_B1,10
CTGTATGGTGTAGAAA-1_V13B23-285_B1,5
CTGTCAAATGGCTCGG-1_V13B23-285_B1,5
CTGTCACGCCAGGCGC-1_V13B23-285_B1,18
CTGTGCAGGGTAGGTC-1_V13B23-285_B1,10
CTGTGGTCGGGAGATA-1_V13B23-285_B1,11
CTGTTACCCAATCTAG-1_V13B23-285_B1,7
CTGTTCACTGCCTGTG-1_V13B23-285_B1,5
CTGTTCATCTCACGGG-1_V13B23-285_B1,10
CTTAAATAAGACCCAT-1_V13B23-285_B1,15
CTTAACTTCGAAGTAC-1_V13B23-285_B1,9
CTTACACGGTATTCCA-1_V13B23-285_B1,17
CTTACACTGGGAAATA-1_V13B23-285_B1,5
CTTAGCCCGGATAGTG-1_V13B23-285_B1,1
CTTAGCCTTCCACATG-1_V13B23-285_B1,5
CTTAGGTCCCAATCGT-1_V13B23-285_B1,15
CTTAGTAGGCCTACAG-1_V13B23-285_B1,17
CTTAGTGTAGTAGCAT-1_V13B23-285_B1,11
CTTATAGATGGCTGTT-1_V13B23-285_B1,11
CTTATGTTGACTACCA-1_V13B23-285_B1,5
CTTCAACTCCACTTGG-1_V13B23-285_B1,11
CTTCAGTGGTCGCCTA-1_V13B23-285_B1,10
CTTCATAGCTCAAGAA-1_V13B23-285_B1,5
CTTCATTGTCAGTGGA-1_V13B23-285_B1,10
CTTCCGCTCCGTGAAG-1_V13B23-285_B1,10
CTTCGGCCAATTGTTT-1_V13B23-285_B1,11
CTTCGTAGATAGGTGA-1_V13B23-285_B1,10
CTTCTATGTTGAAGTA-1_V13B23-285_B1,16
CTTCTATTAATGCTAG-1_V13B23-285_B1,10
CTTCTTACGTCGTATA-1_V13B23-285_B1,2
CTTGAGGTTATCCCGA-1_V13B23-285_B1,5
CTTGAGTTAGGGTAAT-1_V13B23-285_B1,11
CTTGCAACCGCCTCCT-1_V13B23-285_B1,3
CTTGCCCAGGCTCTAC-1_V13B23-285_B1,10
CTTGGCCAAGCTGGGA-1_V13B23-285_B1,1
CTTGTACTTGTTGACT-1_V13B23-285_B1,5
CTTGTCAACATTCGAG-1_V13B23-285_B1,11
CTTGTGCTCACCGATT-1_V13B23-285_B1,7
CTTGTTGCTGAGTCAA-1_V13B23-285_B1,11
CTTGTTTATGTAGCCA-1_V13B23-285_B1,5
CTTTAACTTTCAAAGG-1_V13B23-285_B1,13
CTTTAATATTGGTCGA-1_V13B23-285_B1,11
CTTTACCGAATAGTAG-1_V13B23-285_B1,11
CTTTAGGAACACTGTT-1_V13B23-285_B1,11
CTTTAGTGCTATTATT-1_V13B23-285_B1,10
CTTTCTGTGCGGGCTT-1_V13B23-285_B1,11
CTTTGCATCGCTCTTG-1_V13B23-285_B1,17
CTTTGCTGTCATGGAT-1_V13B23-285_B1,11
CTTTGGCGCTTTATAC-1_V13B23-285_B1,16
CTTTGGCTTTAGTAAA-1_V13B23-285_B1,10
CTTTGGGATTGTTGCA-1_V13B23-285_B1,10
CTTTGTCGAATGCTCC-1_V13B23-285_B1,12
GAAACAGATGACCACC-1_V13B23-285_B1,11
GAAACAGCCATGCAGT-1_V13B23-285_B1,9
GAAACATAGGAAACAG-1_V13B23-285_B1,16
GAAACCATGGTGCGCT-1_V13B23-285_B1,3
GAAACCGAATTACCTT-1_V13B23-285_B1,10
GAAACCTATACAAATG-1_V13B23-285_B1,1
GAAACTCGTGCGATGC-1_V13B23-285_B1,17
GAAACTCTAATGAAGG-1_V13B23-285_B1,9
GAAAGAACAGCGTTAT-1_V13B23-285_B1,11
GAAAGCAGTGCACTTT-1_V13B23-285_B1,10
GAAAGCCCTTTGGACC-1_V13B23-285_B1,10
GAAAGTGACTAACTGC-1_V13B23-285_B1,10
GAAATACCTGCTGGCT-1_V13B23-285_B1,2
GAAATACTAAACGTTT-1_V13B23-285_B1,5
GAAATATCACCATCAG-1_V13B23-285_B1,10
GAAATATGCTTGAATG-1_V13B23-285_B1,3
GAAATCGCGCGCAACT-1_V13B23-285_B1,13
GAAATGGCGGTGTTAG-1_V13B23-285_B1,5
GAAATGGGATGTAAAC-1_V13B23-285_B1,5
GAAATTAGCACGGATA-1_V13B23-285_B1,4
GAAATTCACATCGCTG-1_V13B23-285_B1,9
GAAATTGTCTCTATAA-1_V13B23-285_B1,10
GAACACACATCAACCA-1_V13B23-285_B1,5
GAACAGATTACTAAAT-1_V13B23-285_B1,11
GAACATTAGTATGTTA-1_V13B23-285_B1,12
GAACCCTCTGTGTTCT-1_V13B23-285_B1,1
GAACGACCGAATGATA-1_V13B23-285_B1,13
GAACGATAAGTTAAAG-1_V13B23-285_B1,17
GAACGCGGGTCACACG-1_V13B23-285_B1,11
GAACGTCTCATGGTCG-1_V13B23-285_B1,16
GAACGTTAGGAAGACG-1_V13B23-285_B1,16
GAACTTGTGCACGGGA-1_V13B23-285_B1,3
GAAGAAACGATATTGT-1_V13B23-285_B1,16
GAAGAACGGTGCAGGT-1_V13B23-285_B1,9
GAAGCCTGCACATTCC-1_V13B23-285_B1,10
GAAGCGTGAGGAATTT-1_V13B23-285_B1,10
GAAGCTCGGACCCGTC-1_V13B23-285_B1,10
GAAGCTTGCTGACCGC-1_V13B23-285_B1,10
GAAGGCTACCATTGTT-1_V13B23-285_B1,1
GAAGGGCATAACCATG-1_V13B23-285_B1,15
GAAGTCAGTTGCACTA-1_V13B23-285_B1,10
GAAGTCTCCCTAGCGA-1_V13B23-285_B1,11
GAAGTGATTTATCGTG-1_V13B23-285_B1,10
GAAGTTTCCACTCAAT-1_V13B23-285_B1,10
GAATAGACGCGACCCA-1_V13B23-285_B1,11
GAATAGCATTTAGGGT-1_V13B23-285_B1,11
GAATAGCCCTGCGGTC-1_V13B23-285_B1,3
GAATAGTGCTCGATTA-1_V13B23-285_B1,16
GAATATTCGGAGTCCC-1_V13B23-285_B1,13
GAATCGACATGGTCAC-1_V13B23-285_B1,4
GAATCTGAACATTCTC-1_V13B23-285_B1,10
GAATGAAGGTCTTCAG-1_V13B23-285_B1,7
GAATGCCGAAATGACC-1_V13B23-285_B1,5
GAATGTATGGCAGGTC-1_V13B23-285_B1,2
GAATGTGGTCCGGATT-1_V13B23-285_B1,11
GAATGTTGGGTAATCT-1_V13B23-285_B1,18
GAATTATAGTGAAAGG-1_V13B23-285_B1,11
GAATTCACCCGGGTGT-1_V13B23-285_B1,10
GAATTTCTCGCTGCAG-1_V13B23-285_B1,7
GACAAACATATGCAGG-1_V13B23-285_B1,11
GACAACGACCATTGAA-1_V13B23-285_B1,7
GACAACGCAGCTTACG-1_V13B23-285_B1,4
GACAAGAGATGAGATT-1_V13B23-285_B1,11
GACACAAGGGAAGAAA-1_V13B23-285_B1,10
GACACGAGTTAGAGGA-1_V13B23-285_B1,5
GACACTGAGTTCAGTG-1_V13B23-285_B1,15
GACACTGGAACCCGAT-1_V13B23-285_B1,11
GACAGATTTCTGGCTC-1_V13B23-285_B1,3
GACAGCCAGACCTGAC-1_V13B23-285_B1,11
GACAGGCACACACTAT-1_V13B23-285_B1,7
GACATACTGTCGCAGA-1_V13B23-285_B1,8
GACATCGATTTATAAC-1_V13B23-285_B1,10
GACCAAACGTTGACTG-1_V13B23-285_B1,11
GACCAGAGCCCTGTAG-1_V13B23-285_B1,10
GACCCAATTATGATAC-1_V13B23-285_B1,10
GACCGACGTGAAAGCA-1_V13B23-285_B1,11
GACCGACTGAAGCGTC-1_V13B23-285_B1,10
GACCGCGTCTGACGTG-1_V13B23-285_B1,11
GACCGTCAGGTCGTGA-1_V13B23-285_B1,13
GACCGTGCTGACGGTG-1_V13B23-285_B1,10
GACGACGATCCGCGTT-1_V13B23-285_B1,11
GACGAGGCTAATAAAC-1_V13B23-285_B1,11
GACGCCGTAAAGGCTA-1_V13B23-285_B1,10
GACGCCTGTTGCAGGG-1_V13B23-285_B1,5
GACGCTTGCTTCTAAA-1_V13B23-285_B1,10
GACGGGTTGGCCCGTA-1_V13B23-285_B1,1
GACGGTCAATAGAAGC-1_V13B23-285_B1,16
GACGGTCCTAGGGTGT-1_V13B23-285_B1,6
GACGTGTAGGGATTAT-1_V13B23-285_B1,8
GACGTTCGTAAATACA-1_V13B23-285_B1,1
GACTAAGATCATGCAC-1_V13B23-285_B1,5
GACTAAGTAGGCTCAC-1_V13B23-285_B1,10
GACTACAAAGCGGTGG-1_V13B23-285_B1,10
GACTACAATTGCTCGT-1_V13B23-285_B1,9
GACTCACCCACGTGAG-1_V13B23-285_B1,11
GACTCCCAGAATAAGG-1_V13B23-285_B1,1
GACTCGCGGGAATGAC-1_V13B23-285_B1,16
GACTCGGTCGGCGGAT-1_V13B23-285_B1,2
GACTGATTGGTCACAA-1_V13B23-285_B1,2
GACTGCAAATCGAGCT-1_V13B23-285_B1,11
GACTGCACCAGCCCAG-1_V13B23-285_B1,11
GACTGCGGCACGTGTA-1_V13B23-285_B1,17
GAGACCCTGCAACGCC-1_V13B23-285_B1,9
GAGACTGATGGGTAGA-1_V13B23-285_B1,7
GAGACTTCGCGACCGA-1_V13B23-285_B1,10
GAGAGGGCGCGAGGTT-1_V13B23-285_B1,10
GAGAGGTGCATTCTGG-1_V13B23-285_B1,10
GAGATCTGCTTGGCAT-1_V13B23-285_B1,10
GAGATCTGTCACTCCG-1_V13B23-285_B1,13
GAGATCTTCCATGACA-1_V13B23-285_B1,11
GAGATGACAATCCTTA-1_V13B23-285_B1,19
GAGATGGGAGTCGACA-1_V13B23-285_B1,11
GAGCACCTGTGTCCAG-1_V13B23-285_B1,11
GAGCACGGCGCCTCTT-1_V13B23-285_B1,6
GAGCCAGCTACCTGTG-1_V13B23-285_B1,11
GAGCCGAGCGTTTATT-1_V13B23-285_B1,12
GAGCGAGGGAGTACCG-1_V13B23-285_B1,9
GAGCGCAAATACTCCG-1_V13B23-285_B1,11
GAGCGCGCACGAGTAG-1_V13B23-285_B1,11
GAGCGCTGTTAGGTAA-1_V13B23-285_B1,10
GAGCTAAGGGCATATC-1_V13B23-285_B1,12
GAGCTCTCGGACCTAA-1_V13B23-285_B1,5
GAGCTGTCGTCTCGGA-1_V13B23-285_B1,3
GAGGAATGGAGAGGTT-1_V13B23-285_B1,7
GAGGAGATCCTCATGC-1_V13B23-285_B1,7
GAGGATAAACAGTGCT-1_V13B23-285_B1,11
GAGGCATTTGCAGCAG-1_V13B23-285_B1,1
GAGGCCCGACTCCGCA-1_V13B23-285_B1,7
GAGGCTATCAAAGTCG-1_V13B23-285_B1,10
GAGGGCCATAATATTA-1_V13B23-285_B1,3
GAGGGCGCAGCTCTGC-1_V13B23-285_B1,2
GAGGTACATCCATCTT-1_V13B23-285_B1,9
GAGGTCCCAAAGATCT-1_V13B23-285_B1,5
GAGTAAACCGGAAAGT-1_V13B23-285_B1,11
GAGTAAGGCCACGGGA-1_V13B23-285_B1,16
GAGTACGGGTATACAA-1_V13B23-285_B1,9
GAGTAGATACTAGTTG-1_V13B23-285_B1,5
GAGTATCAAAGTTACA-1_V13B23-285_B1,11
GAGTATGCCCGCCTTG-1_V13B23-285_B1,10
GAGTCAGACCAGAATC-1_V13B23-285_B1,10
GAGTCCGCTTACCGGA-1_V13B23-285_B1,10
GAGTCGACAGACCCTC-1_V13B23-285_B1,8
GAGTGCACGGACAACA-1_V13B23-285_B1,3
GAGTGTGCGGTACCCA-1_V13B23-285_B1,11
GAGTTGATGGCAATTT-1_V13B23-285_B1,10
GATAAATCGGTGGATG-1_V13B23-285_B1,5
GATAACTCGCACTGTG-1_V13B23-285_B1,11
GATACCGTGTCGGAGT-1_V13B23-285_B1,6
GATACGATGGGAGTCA-1_V13B23-285_B1,15
GATAGGATTAATTACA-1_V13B23-285_B1,6
GATAGGTAACGTTGAC-1_V13B23-285_B1,10
GATAGGTGTCCCGGGC-1_V13B23-285_B1,6
GATATCTCATGCAATA-1_V13B23-285_B1,9
GATATGAGACACTAAC-1_V13B23-285_B1,11
GATATGCGGTAGCCAA-1_V13B23-285_B1,16
GATATGGATTACGCGG-1_V13B23-285_B1,16
GATATTGAGATTGGCG-1_V13B23-285_B1,11
GATCATTCCAAACATT-1_V13B23-285_B1,4
GATCCCTTTATACTGC-1_V13B23-285_B1,5
GATCCGAATATAAGTG-1_V13B23-285_B1,11
GATCCGGGAATTAACA-1_V13B23-285_B1,11
GATCCTAAATCGGGAC-1_V13B23-285_B1,16
GATCCTCGACACTGGC-1_V13B23-285_B1,10
GATCGACACTATCTGA-1_V13B23-285_B1,7
GATCGCGGGCTCTCCA-1_V13B23-285_B1,10
GATCGCTACCCGATTT-1_V13B23-285_B1,11
GATCGCTATATCTCAG-1_V13B23-285_B1,10
GATCGGATAGAACCAT-1_V13B23-285_B1,3
GATCGGCGATAAGTCG-1_V13B23-285_B1,16
GATCGGTGGCCATAAC-1_V13B23-285_B1,16
GATCGTGACTGATATC-1_V13B23-285_B1,11
GATCTAACCGTATTCA-1_V13B23-285_B1,12
GATCTCGACGCTGTGG-1_V13B23-285_B1,11
GATCTGCTATCTAAGG-1_V13B23-285_B1,11
GATCTTCATTGTCCTC-1_V13B23-285_B1,8
GATCTTGGAGGGCATA-1_V13B23-285_B1,11
GATCTTTGCAGGGTAT-1_V13B23-285_B1,1
GATCTTTGCTCAAAGA-1_V13B23-285_B1,14
GATGACAAGTAGGGCA-1_V13B23-285_B1,16
GATGACGATGATCGCG-1_V13B23-285_B1,3
GATGCCAGCAGAAGGC-1_V13B23-285_B1,10
GATGCCTTCTGCGGCA-1_V13B23-285_B1,15
GATGCGAATGGTATTA-1_V13B23-285_B1,19
GATGCGTCCTGCATTC-1_V13B23-285_B1,10
GATGCTACAAGCGCCT-1_V13B23-285_B1,13
GATGCTGTATTTCATC-1_V13B23-285_B1,11
GATGGCGCACACATTA-1_V13B23-285_B1,5
GATGGTGCCCTAGGCA-1_V13B23-285_B1,9
GATGTAACGAACCACC-1_V13B23-285_B1,10
GATGTCGGTCAACTGC-1_V13B23-285_B1,9
GATGTTCAATCCACGA-1_V13B23-285_B1,10
GATGTTTGTGCGAGAT-1_V13B23-285_B1,5
GATTAACCGAAAGCCC-1_V13B23-285_B1,11
GATTACTGAATTTGGG-1_V13B23-285_B1,10
GATTCCCTTGTCGCAG-1_V13B23-285_B1,16
GATTCCGCGTTTCCGT-1_V13B23-285_B1,13
GATTCCTATACGGCGC-1_V13B23-285_B1,17
GATTCGACGGTTCACG-1_V13B23-285_B1,11
GATTTAGTGCGTACTG-1_V13B23-285_B1,12
GCAAACCCTACATTAT-1_V13B23-285_B1,11
GCAAACCTTGGCCATA-1_V13B23-285_B1,19
GCAAACGTCGCCAGGT-1_V13B23-285_B1,11
GCAAATATTACGCTTT-1_V13B23-285_B1,10
GCAACACACTAGAACT-1_V13B23-285_B1,3
GCAACAGCAGTATGCG-1_V13B23-285_B1,11
GCAACCACCAGACCGG-1_V13B23-285_B1,13
GCAACCACGGCCGCGT-1_V13B23-285_B1,7
GCAACGGCTAGTTATG-1_V13B23-285_B1,11
GCAAGAATTCCTTGGC-1_V13B23-285_B1,10
GCAAGATGTGTTCGCG-1_V13B23-285_B1,2
GCAAGTGCACAGAGAA-1_V13B23-285_B1,5
GCAATTAGTCGCACCG-1_V13B23-285_B1,3
GCACAAACGAGGCGTG-1_V13B23-285_B1,11
GCACACACTGGTAGCC-1_V13B23-285_B1,11
GCACACGCCCATGGTC-1_V13B23-285_B1,1
GCACGCCTACTTAGAT-1_V13B23-285_B1,7
GCACTAGTCGCGCTAT-1_V13B23-285_B1,9
GCAGAAGGTAATCTCC-1_V13B23-285_B1,11
GCAGACCCAGCACGTA-1_V13B23-285_B1,11
GCAGATCCATAAGACT-1_V13B23-285_B1,11
GCAGATCCTCGCAAAT-1_V13B23-285_B1,15
GCAGATTAGGGATATC-1_V13B23-285_B1,10
GCAGCACACAGCCCAG-1_V13B23-285_B1,10
GCAGCCTATATCACAT-1_V13B23-285_B1,11
GCAGCTATGGACAGGT-1_V13B23-285_B1,12
GCAGGAACTTAGATCT-1_V13B23-285_B1,16
GCAGGACTATAGAATA-1_V13B23-285_B1,10
GCAGGTAGAGTATGGT-1_V13B23-285_B1,2
GCAGTGCGGGCGGATG-1_V13B23-285_B1,6
GCAGTGTGGCTATAGG-1_V13B23-285_B1,11
GCAGTTCGATCCGAGC-1_V13B23-285_B1,11
GCATACGAGGTCTTTA-1_V13B23-285_B1,3
GCATAGAGCACTCAGG-1_V13B23-285_B1,10
GCATCCCTAACTTTGA-1_V13B23-285_B1,2
GCATCGGCCGTGTAGG-1_V13B23-285_B1,11
GCATGAGGGACGCGGC-1_V13B23-285_B1,3
GCATTCAAGGCAACGC-1_V13B23-285_B1,3
GCATTCGAAATGAACA-1_V13B23-285_B1,10
GCATTGTAATTCATAT-1_V13B23-285_B1,10
GCATTTCCAAGGCTCC-1_V13B23-285_B1,11
GCCAACCATTTCCGGA-1_V13B23-285_B1,15
GCCAAGAATACTTCTG-1_V13B23-285_B1,3
GCCAATAGGGCATCTC-1_V13B23-285_B1,15
GCCACAATTTAAGGAC-1_V13B23-285_B1,10
GCCACTCAGAGCGCGA-1_V13B23-285_B1,11
GCCACTCCTTACGGTA-1_V13B23-285_B1,11
GCCAGGAGTAACCGAT-1_V13B23-285_B1,5
GCCAGGCGTTCGCATG-1_V13B23-285_B1,9
GCCATATTGCACACAG-1_V13B23-285_B1,5
GCCATCGAGCTGCGTG-1_V13B23-285_B1,10
GCCATCGATGCTGCAT-1_V13B23-285_B1,8
GCCATTAGCCTCAAAC-1_V13B23-285_B1,3
GCCCAGATGCTGGAGA-1_V13B23-285_B1,11
GCCCAGTTGGTATGCC-1_V13B23-285_B1,12
GCCCGACTTCTTCCCG-1_V13B23-285_B1,7
GCCCGATCTGTGGTCG-1_V13B23-285_B1,10
GCCCGCGCGTAAACGG-1_V13B23-285_B1,10
GCCCGCGCGTTTGACA-1_V13B23-285_B1,5
GCCCGTAATACCTTCT-1_V13B23-285_B1,3
GCCCTAGCCGTCGCGA-1_V13B23-285_B1,10
GCCGAAATTCCTACGT-1_V13B23-285_B1,10
GCCGATTGGCCAAGCT-1_V13B23-285_B1,10
GCCGCACTCCGTTTCA-1_V13B23-285_B1,6
GCCGCATTAGTCCGGC-1_V13B23-285_B1,10
GCCGCTTGTGAGAAAC-1_V13B23-285_B1,10
GCCGGGTTAGGGTCGC-1_V13B23-285_B1,10
GCCGTGGAAGAAATGT-1_V13B23-285_B1,11
GCCTAGCGATCTGACC-1_V13B23-285_B1,5
GCCTATAGTGTCAGGG-1_V13B23-285_B1,3
GCCTATCAGGTAAGAT-1_V13B23-285_B1,11
GCCTATGCTGGGCCTT-1_V13B23-285_B1,3
GCCTATTCCGATATAG-1_V13B23-285_B1,10
GCCTCATCTGGAAATA-1_V13B23-285_B1,11
GCCTCCGACAATTCAC-1_V13B23-285_B1,11
GCCTCTATACATAGCA-1_V13B23-285_B1,11
GCCTTCAGCCCTACCG-1_V13B23-285_B1,13
GCCTTGTATATGCAGT-1_V13B23-285_B1,5
GCGAAACGATCGGGAG-1_V13B23-285_B1,11
GCGAAACTTAACTGGA-1_V13B23-285_B1,11
GCGAAGCCATACCCGT-1_V13B23-285_B1,10
GCGACATGTAAACATC-1_V13B23-285_B1,11
GCGACCCAACCATCTG-1_V13B23-285_B1,7
GCGACGATAGTTGTAC-1_V13B23-285_B1,10
GCGAGAAACGGGAGTT-1_V13B23-285_B1,5
GCGAGAGGCCATGTAA-1_V13B23-285_B1,18
GCGAGAGTTGCGTCCA-1_V13B23-285_B1,7
GCGAGCGCATGCTCCC-1_V13B23-285_B1,11
GCGAGGCCCGAGCAGA-1_V13B23-285_B1,10
GCGAGTTCTGCAAAGA-1_V13B23-285_B1,11
GCGATTCTGGAAGCAG-1_V13B23-285_B1,9
GCGATTGTTAACGTTA-1_V13B23-285_B1,11
GCGCAAATATATTCAA-1_V13B23-285_B1,16
GCGCAAGAGCGCGCTG-1_V13B23-285_B1,11
GCGCATCCAGTCAGCA-1_V13B23-285_B1,12
GCGCCGTTCCACGATA-1_V13B23-285_B1,10
GCGCCTCCCACTCCGA-1_V13B23-285_B1,11
GCGCGTCATTGGTACA-1_V13B23-285_B1,11
GCGCTAATTGAATAGA-1_V13B23-285_B1,11
GCGCTATGCCGAGGCA-1_V13B23-285_B1,10
GCGCTCGATCACCTGT-1_V13B23-285_B1,11
GCGCTGATCCAGACTC-1_V13B23-285_B1,14
GCGCTGCTTTGCATTT-1_V13B23-285_B1,19
GCGCTTAAATAATTGG-1_V13B23-285_B1,11
GCGGACCGCGTTGTGG-1_V13B23-285_B1,10
GCGGAGAAACTTCGCA-1_V13B23-285_B1,17
GCGGAGAGGGAGAACG-1_V13B23-285_B1,11
GCGGCAAAGTATTGCC-1_V13B23-285_B1,16
GCGGCTCTGACGTACC-1_V13B23-285_B1,10
GCGGGAACCAGGCCCT-1_V13B23-285_B1,5
GCGGGCATTACGATGC-1_V13B23-285_B1,1
GCGGGCGAGCCTTACC-1_V13B23-285_B1,10
GCGGTCCCGGTGAAGG-1_V13B23-285_B1,1
GCGGTGAACTGCGCTC-1_V13B23-285_B1,5
GCGGTTCCCTATCATG-1_V13B23-285_B1,16
GCGTAAATGGCCATAA-1_V13B23-285_B1,11
GCGTCGAAATGTCGGT-1_V13B23-285_B1,13
GCGTCGCCAGGGTGAT-1_V13B23-285_B1,10
GCGTCTAACCTCCTAA-1_V13B23-285_B1,17
GCGTCTCTGCATTGGG-1_V13B23-285_B1,10
GCGTGGTACTGGGTTA-1_V13B23-285_B1,11
GCGTTATATTTGGAAC-1_V13B23-285_B1,19
GCGTTCGGAGACCGGG-1_V13B23-285_B1,3
GCGTTCTGACTAAGCG-1_V13B23-285_B1,11
GCTAAACCTGAGGTGA-1_V13B23-285_B1,19
GCTAACTGAAGTCTGA-1_V13B23-285_B1,11
GCTAAGTAAAGGCGAT-1_V13B23-285_B1,16
GCTAAGTAGTTTCTCT-1_V13B23-285_B1,4
GCTAATACCGAATGCC-1_V13B23-285_B1,5
GCTACAATCGAGGATA-1_V13B23-285_B1,11
GCTACAGTACGGACCG-1_V13B23-285_B1,7
GCTACGACTTATTGGG-1_V13B23-285_B1,10
GCTACTATAGTAGAGT-1_V13B23-285_B1,11
GCTAGACCGTCTACTG-1_V13B23-285_B1,11
GCTAGAGTAGAGATGT-1_V13B23-285_B1,11
GCTAGCACCTGGGCCA-1_V13B23-285_B1,11
GCTAGCAGGGAGTGGG-1_V13B23-285_B1,3
GCTAGCTTGAATAGCT-1_V13B23-285_B1,10
GCTAGGCACCACGGAG-1_V13B23-285_B1,11
GCTAGTAGAGCTTGTA-1_V13B23-285_B1,10
GCTAGTTTCATTGAGG-1_V13B23-285_B1,5
GCTATACGTCTCGGAC-1_V13B23-285_B1,11
GCTATCATACTCATGG-1_V13B23-285_B1,11
GCTATCGCGGCGCAAC-1_V13B23-285_B1,5
GCTCAATCCGTTTATT-1_V13B23-285_B1,15
GCTCAATGTAATACCG-1_V13B23-285_B1,17
GCTCATTACTGCATGT-1_V13B23-285_B1,13
GCTCCATGAGTGCAGA-1_V13B23-285_B1,11
GCTCCCAGTCGGTCCA-1_V13B23-285_B1,11
GCTCCGCTCGCTTCAG-1_V13B23-285_B1,11
GCTCCTGACATACTGG-1_V13B23-285_B1,17
GCTCGCGGTTCCGCTC-1_V13B23-285_B1,17
GCTCGCTCATGTCCAA-1_V13B23-285_B1,11
GCTCGGAATTTAAAGC-1_V13B23-285_B1,5
GCTCTAAACCCTGACG-1_V13B23-285_B1,5
GCTCTATGTTACGTGC-1_V13B23-285_B1,10
GCTCTCGGGTACCGAA-1_V13B23-285_B1,7
GCTGAACTCTCCAGGG-1_V13B23-285_B1,15
GCTGAATCTTCCAATC-1_V13B23-285_B1,8
GCTGAGCAACGGTTCT-1_V13B23-285_B1,16
GCTGAGGCGTGAGTAT-1_V13B23-285_B1,10
GCTGCACGGTTTCTTA-1_V13B23-285_B1,11
GCTGCTAAGTAGTCGA-1_V13B23-285_B1,7
GCTGCTACTGCGTAGC-1_V13B23-285_B1,11
GCTGCTCTCCGGACAC-1_V13B23-285_B1,10
GCTGGACCCAAAGTGG-1_V13B23-285_B1,3
GCTGGCATATTCACCT-1_V13B23-285_B1,10
GCTGGCGGCGCATGCT-1_V13B23-285_B1,10
GCTGGTTTAGGCCATA-1_V13B23-285_B1,15
GCTGTATTACTGGCCC-1_V13B23-285_B1,10
GCTGTTGCTACCGAAC-1_V13B23-285_B1,11
GCTTAATGTAACTAAC-1_V13B23-285_B1,11
GCTTACGTAGTTAGTA-1_V13B23-285_B1,11
GCTTAGGGAAGCGGTA-1_V13B23-285_B1,4
GCTTATGAAGCAGGAA-1_V13B23-285_B1,11
GCTTCCGTCCCTAGAC-1_V13B23-285_B1,16
GCTTGATGATAATCAG-1_V13B23-285_B1,5
GCTTGCAGCACAATTG-1_V13B23-285_B1,3
GCTTGGATCGATTAGG-1_V13B23-285_B1,1
GCTTTCAGAGGAGGTG-1_V13B23-285_B1,11
GGAAACCTTGTTGAAT-1_V13B23-285_B1,16
GGAAACTAAATGGGCC-1_V13B23-285_B1,11
GGAAAGTGCCCATGCC-1_V13B23-285_B1,5
GGAACCCGAACAAGAA-1_V13B23-285_B1,8
GGAACCGTGTAAATTG-1_V13B23-285_B1,10
GGAACCTTGACTCTGC-1_V13B23-285_B1,1
GGAACGGCCTGCAGCC-1_V13B23-285_B1,10
GGAACTTTGGCGATTA-1_V13B23-285_B1,11
GGAAGCTCGCTTACAG-1_V13B23-285_B1,9
GGAATGCGCTAGCGTG-1_V13B23-285_B1,11
GGACAAGTTGCAGTGA-1_V13B23-285_B1,10
GGACACAAGTTTACAC-1_V13B23-285_B1,11
GGACCAACAGGATAAC-1_V13B23-285_B1,11
GGACCTACGGTAACGT-1_V13B23-285_B1,3
GGACCTCTAGGCCGCC-1_V13B23-285_B1,19
GGACGTCCATAGTTGG-1_V13B23-285_B1,18
GGACTCACAAATTAGG-1_V13B23-285_B1,11
GGACTCGAAGCTTTCA-1_V13B23-285_B1,11
GGACTCTTCCGGTTGA-1_V13B23-285_B1,11
GGAGAAGTCATTGGCA-1_V13B23-285_B1,5
GGAGACCAATGTGCTT-1_V13B23-285_B1,3
GGAGACCATCTACATA-1_V13B23-285_B1,16
GGAGACGACACCTTTG-1_V13B23-285_B1,10
GGAGCAACATTTCAAG-1_V13B23-285_B1,11
GGAGCACCAAGAACTA-1_V13B23-285_B1,7
GGAGGCCGAAGTCGTC-1_V13B23-285_B1,11
GGAGGGCTTGGTTGGC-1_V13B23-285_B1,6
GGAGGGTCAAGTAAGA-1_V13B23-285_B1,11
GGAGTGCCGCCCTGGA-1_V13B23-285_B1,10
GGATCATCCCGTACGC-1_V13B23-285_B1,3
GGATCCGGAATATACT-1_V13B23-285_B1,2
GGATCTTGACTCAACC-1_V13B23-285_B1,10
GGATGAAGATCGCTGA-1_V13B23-285_B1,11
GGATGACGCGAGTTTA-1_V13B23-285_B1,10
GGATGCTGGCGTTCCT-1_V13B23-285_B1,7
GGATGTCCTTACCGCA-1_V13B23-285_B1,11
GGATTAAGCTAAGGTC-1_V13B23-285_B1,2
GGATTCAGTACGGTGG-1_V13B23-285_B1,5
GGATTCCGCTATACCC-1_V13B23-285_B1,13
GGATTGCTGTGACTCC-1_V13B23-285_B1,11
GGATTTCACTTCTATA-1_V13B23-285_B1,7
GGCAAAGGCGCCAATA-1_V13B23-285_B1,10
GGCAAATTACTTTACT-1_V13B23-285_B1,10
GGCAAGCCAGGGATAG-1_V13B23-285_B1,1
GGCAAGGCGAAATAGC-1_V13B23-285_B1,11
GGCAATAGTCAATGAG-1_V13B23-285_B1,11
GGCACTCAGCCGACCC-1_V13B23-285_B1,11
GGCACTCCACTGGGCA-1_V13B23-285_B1,7
GGCAGCAAACCTATGC-1_V13B23-285_B1,11
GGCAGCGGTAATCCTA-1_V13B23-285_B1,3
GGCATACAGGTAGCGG-1_V13B23-285_B1,10
GGCATATCGGTTCTGC-1_V13B23-285_B1,13
GGCCCAGTTATCAGCA-1_V13B23-285_B1,9
GGCCCGGAGCATGTCT-1_V13B23-285_B1,11
GGCCCGTATACCATGC-1_V13B23-285_B1,3
GGCCCTCACCCACTTA-1_V13B23-285_B1,1
GGCCGTTTGGGTTTCA-1_V13B23-285_B1,10
GGCCTGCTTCTCCCGA-1_V13B23-285_B1,11
GGCCTTTGCAACTGGC-1_V13B23-285_B1,3
GGCGAAATCTAACTTG-1_V13B23-285_B1,11
GGCGAACCGTTCTGAT-1_V13B23-285_B1,3
GGCGAGCGAAACGGCA-1_V13B23-285_B1,15
GGCGCAGGACATCTTC-1_V13B23-285_B1,10
GGCGCATGAATTGATG-1_V13B23-285_B1,10
GGCGCGGAGATCTTTC-1_V13B23-285_B1,11
GGCGCGTTCGAGTTTA-1_V13B23-285_B1,10
GGCGCTCCTCATCAAT-1_V13B23-285_B1,5
GGCGGAGTAATATTAG-1_V13B23-285_B1,10
GGCGGGCTCTAAGAGT-1_V13B23-285_B1,11
GGCGGTAGGATCATTG-1_V13B23-285_B1,11
GGCGGTTTGCCGGTGC-1_V13B23-285_B1,1
GGCGTCCTATCCGCTG-1_V13B23-285_B1,10
GGCTAAAGGGCGGGTC-1_V13B23-285_B1,5
GGCTAATGATTGAAAT-1_V13B23-285_B1,2
GGCTATTAAGTTGTAT-1_V13B23-285_B1,10
GGCTCCTCCACCTGTT-1_V13B23-285_B1,1
GGCTCGCGTTGAGGTA-1_V13B23-285_B1,3
GGCTCGTGCCACCAGC-1_V13B23-285_B1,5
GGCTCTGCTCCAACGC-1_V13B23-285_B1,1
GGCTGAAATAGCAAAG-1_V13B23-285_B1,11
GGCTGAGCATCGTAAG-1_V13B23-285_B1,18
GGCTGGCTAGCTTAAA-1_V13B23-285_B1,9
GGCTTTCAATAAGGGT-1_V13B23-285_B1,16
GGGAACGGGAGGTTAG-1_V13B23-285_B1,10
GGGAATGAGCCCTCAC-1_V13B23-285_B1,3
GGGACAGAGTTACTCC-1_V13B23-285_B1,8
GGGACCCGTATATCTT-1_V13B23-285_B1,16
GGGACTGCATAGATAG-1_V13B23-285_B1,10
GGGAGAACTCACAGTA-1_V13B23-285_B1,10
GGGAGGATGCCCGAAA-1_V13B23-285_B1,10
GGGAGTTAATGAGGCG-1_V13B23-285_B1,14
GGGATACGGTAATAAT-1_V13B23-285_B1,7
GGGATCCCAATACAAA-1_V13B23-285_B1,3
GGGATGGTCGTAACCG-1_V13B23-285_B1,15
GGGATTTACCGCACCT-1_V13B23-285_B1,11
GGGCAACCGCACGTGC-1_V13B23-285_B1,10
GGGCAGAGCAATCGTT-1_V13B23-285_B1,7
GGGCCCGTCTTAAACA-1_V13B23-285_B1,10
GGGCCCTACGAAAGGG-1_V13B23-285_B1,3
GGGCCGGCCGAAGTAC-1_V13B23-285_B1,11
GGGCCTAAATGGGCTA-1_V13B23-285_B1,3
GGGCCTATTTAAGTAT-1_V13B23-285_B1,13
GGGCGAATTTCTCCAC-1_V13B23-285_B1,7
GGGCGATATGTGTGAA-1_V13B23-285_B1,5
GGGCGCAGCGTTACTC-1_V13B23-285_B1,16
GGGCGGCAAATGAATT-1_V13B23-285_B1,10
GGGCGGGTTCCCTACG-1_V13B23-285_B1,10
GGGCGGTCCTATTGTC-1_V13B23-285_B1,5
GGGCGTACATTTATAT-1_V13B23-285_B1,5
GGGCGTCACCACGTAA-1_V13B23-285_B1,15
GGGCGTCCACTGGCTC-1_V13B23-285_B1,13
GGGCGTGGTTTCCCAG-1_V13B23-285_B1,11
GGGCTACTATTTCGTG-1_V13B23-285_B1,5
GGGCTATGATCGATGG-1_V13B23-285_B1,1
GGGCTCATCGAACCCA-1_V13B23-285_B1,16
GGGCTGCCTAGGGCGA-1_V13B23-285_B1,11
GGGCTGGTTAGTCGCG-1_V13B23-285_B1,7
GGGTACCCACGGTCCT-1_V13B23-285_B1,5
GGGTACTTCATGAACT-1_V13B23-285_B1,10
GGGTATGTATGCACTT-1_V13B23-285_B1,7
GGGTATTCTAGCAAAC-1_V13B23-285_B1,7
GGGTCACCGTGACGGT-1_V13B23-285_B1,10
GGGTCATGCGTACCAT-1_V13B23-285_B1,16
GGGTCGTGGCAAGTGT-1_V13B23-285_B1,16
GGGTGACACCTTAACT-1_V13B23-285_B1,10
GGGTGCATATGAAAGC-1_V13B23-285_B1,15
GGGTGTTTCAGCTATG-1_V13B23-285_B1,13
GGGTTAACATTTGAGT-1_V13B23-285_B1,10
GGGTTCAGACGAACAA-1_V13B23-285_B1,5
GGGTTTAGGATAGGAT-1_V13B23-285_B1,11
GGTAAATGTGCGTTAC-1_V13B23-285_B1,9
GGTAACCGGGAGGATA-1_V13B23-285_B1,17
GGTACAAACATGCTAT-1_V13B23-285_B1,10
GGTACACCAGATTTAT-1_V13B23-285_B1,3
GGTACATCTGGGACGA-1_V13B23-285_B1,17
GGTACCATTAAGACGG-1_V13B23-285_B1,16
GGTACTAAGTGCTTTG-1_V13B23-285_B1,11
GGTAGAAGACCGCCTG-1_V13B23-285_B1,11
GGTAGACCGTTGGGCG-1_V13B23-285_B1,10
GGTAGTGCTCGCACCA-1_V13B23-285_B1,2
GGTATAGTGACACATA-1_V13B23-285_B1,11
GGTATTGCCGAGTTTA-1_V13B23-285_B1,10
GGTCAAGACTACTTCG-1_V13B23-285_B1,11
GGTCAGTGGGTCCCAC-1_V13B23-285_B1,7
GGTCATTGTAGTCATA-1_V13B23-285_B1,12
GGTCCTTCATACGACT-1_V13B23-285_B1,8
GGTCGGATAAACGGCG-1_V13B23-285_B1,17
GGTCGGCCAGGAGCTT-1_V13B23-285_B1,11
GGTCGGTAATTAGACA-1_V13B23-285_B1,5
GGTCGGTCGTCCACAG-1_V13B23-285_B1,10
GGTCGTAAGCTCGCAC-1_V13B23-285_B1,10
GGTCTCCAAGTAGTGC-1_V13B23-285_B1,11
GGTCTCTGAATGGACT-1_V13B23-285_B1,15
GGTCTGAGAATCTGGA-1_V13B23-285_B1,16
GGTGAAGTACAGGGAT-1_V13B23-285_B1,10
GGTGAGATGCAGATAA-1_V13B23-285_B1,5
GGTGATAAGGAGCAGT-1_V13B23-285_B1,11
GGTGCAGAGCCTATCG-1_V13B23-285_B1,1
GGTGCGGATAAGTGGC-1_V13B23-285_B1,5
GGTGCTGATCACAAAG-1_V13B23-285_B1,15
GGTGCTGGTACACATT-1_V13B23-285_B1,10
GGTGGACTGCTCTGGC-1_V13B23-285_B1,11
GGTGGAGGTTGATACG-1_V13B23-285_B1,6
GGTGTTGGGCGTCTTA-1_V13B23-285_B1,11
GGTTACCACCCTCGGG-1_V13B23-285_B1,1
GGTTACCCGACACTTT-1_V13B23-285_B1,1
GGTTAGCTATATGTCT-1_V13B23-285_B1,11
GGTTAGGCTTGGAGAA-1_V13B23-285_B1,10
GGTTAGTTACGGCGCC-1_V13B23-285_B1,7
GGTTCGGATTATACTA-1_V13B23-285_B1,12
GGTTCTACTCGTCTGA-1_V13B23-285_B1,11
GGTTGTGCTCTTGTCC-1_V13B23-285_B1,8
GGTTGTGTAGCCTGGC-1_V13B23-285_B1,15
GGTTTAATTGAGCAGG-1_V13B23-285_B1,3
GGTTTACAATCTCAAT-1_V13B23-285_B1,1
GGTTTAGCCTTTCTTG-1_V13B23-285_B1,11
GGTTTCAATCGGTCAG-1_V13B23-285_B1,11
GGTTTGACAAGAAGCT-1_V13B23-285_B1,18
GGTTTGCGAACACGTA-1_V13B23-285_B1,12
GGTTTGTGACCTGAGG-1_V13B23-285_B1,11
GTAACATCTAAGATAA-1_V13B23-285_B1,11
GTAAGCGGGCAGTCAG-1_V13B23-285_B1,11
GTAAGGATTTGTCGGA-1_V13B23-285_B1,9
GTAAGTAACAGTCTGG-1_V13B23-285_B1,11
GTAAGTAGGGTATACC-1_V13B23-285_B1,7
GTAAGTCCACACTCTA-1_V13B23-285_B1,6
GTAATAAAGGGCTCCC-1_V13B23-285_B1,16
GTAATCTGATTCTTCG-1_V13B23-285_B1,10
GTACACTTACCTGAAG-1_V13B23-285_B1,11
GTACAGAGGCAAGGGT-1_V13B23-285_B1,11
GTACGACGGCGCTGCG-1_V13B23-285_B1,5
GTACGAGATTGCGACA-1_V13B23-285_B1,5
GTACGCTTCATTGCAC-1_V13B23-285_B1,11
GTACGTCACGTATTAA-1_V13B23-285_B1,12
GTACGTTTGCCCGTCA-1_V13B23-285_B1,11
GTACTAAGATTTGGAG-1_V13B23-285_B1,5
GTACTCCCTTATCGCT-1_V13B23-285_B1,10
GTACTCCTGGGTATGC-1_V13B23-285_B1,7
GTACTGGAGTTAGACC-1_V13B23-285_B1,5
GTACTTGGGCACTTCT-1_V13B23-285_B1,5
GTAGAAACGGGTGGAG-1_V13B23-285_B1,1
GTAGACGTCGTTACAT-1_V13B23-285_B1,9
GTAGAGGGAGACAAGT-1_V13B23-285_B1,16
GTAGCCAAACATGGGA-1_V13B23-285_B1,11
GTAGCGGCTATACACT-1_V13B23-285_B1,11
GTAGCTTCCTCTTGTT-1_V13B23-285_B1,3
GTAGGTGATCCGTGTA-1_V13B23-285_B1,13
GTAGTCGCGGGAATCA-1_V13B23-285_B1,11
GTATAATCTCCCGGAT-1_V13B23-285_B1,15
GTATAGGACTCAGTAG-1_V13B23-285_B1,12
GTATCAAACGTTAGCT-1_V13B23-285_B1,11
GTATCAGCTTGGGTTC-1_V13B23-285_B1,5
GTATCTCAGTCTTGAC-1_V13B23-285_B1,15
GTATCTTTCATAACCA-1_V13B23-285_B1,4
GTATGAAATTTCACTC-1_V13B23-285_B1,10
GTATGTGGGTCTAGTT-1_V13B23-285_B1,11
GTATTAAGGCGTCTAA-1_V13B23-285_B1,5
GTATTCTGAGAAACGA-1_V13B23-285_B1,19
GTATTTAATGGCATAA-1_V13B23-285_B1,11
GTCAAAGAAGTGGTGT-1_V13B23-285_B1,10
GTCAAAGTTTACATAG-1_V13B23-285_B1,5
GTCAAGCGGACTCGGG-1_V13B23-285_B1,11
GTCAATGCTATAATTT-1_V13B23-285_B1,3
GTCACTCTCCAAATCT-1_V13B23-285_B1,10
GTCAGAATAGTCTATG-1_V13B23-285_B1,10
GTCAGTTGTGCTCGTT-1_V13B23-285_B1,9
GTCAGTTTGGTAGTCG-1_V13B23-285_B1,16
GTCATCTCCTACAGCT-1_V13B23-285_B1,7
GTCATGCACCTCCGTT-1_V13B23-285_B1,5
GTCATGGACATGACTA-1_V13B23-285_B1,16
GTCATTAGAGCGAACG-1_V13B23-285_B1,11
GTCATTGCATTGACCC-1_V13B23-285_B1,16
GTCCATTACTGCTACG-1_V13B23-285_B1,11
GTCCCAACGTAAAGTA-1_V13B23-285_B1,2
GTCCCGCGACGTTATG-1_V13B23-285_B1,11
GTCCGAGAGCAATCAT-1_V13B23-285_B1,1
GTCCGGACCTGAAATT-1_V13B23-285_B1,11
GTCCGGCTGAATTGCG-1_V13B23-285_B1,5
GTCCTACAGGCGGCTC-1_V13B23-285_B1,5
GTCCTACGAATAGTCT-1_V13B23-285_B1,11
GTCCTACTCTACGGGC-1_V13B23-285_B1,12
GTCCTATTGTTGTGGT-1_V13B23-285_B1,10
GTCCTTCTAGTGGGTT-1_V13B23-285_B1,9
GTCGATAGGTGACTTT-1_V13B23-285_B1,11
GTCGCCGTTGTGTGTT-1_V13B23-285_B1,19
GTCGCGTAACCCGTTG-1_V13B23-285_B1,11
GTCGGAAGGATACCAG-1_V13B23-285_B1,16
GTCGGATATCTCAGAC-1_V13B23-285_B1,10
GTCGGATGTAGCGCGC-1_V13B23-285_B1,13
GTCGGGAAGCAGAAAC-1_V13B23-285_B1,1
GTCGTACCATCTCGGG-1_V13B23-285_B1,10
GTCGTATTGGCGTACA-1_V13B23-285_B1,5
GTCGTCTGGTTGGCTA-1_V13B23-285_B1,15
GTCGTGTCTGGTCATC-1_V13B23-285_B1,3
GTCGTTATTCGCTTAT-1_V13B23-285_B1,11
GTCTACTCAATTACAA-1_V13B23-285_B1,3
GTCTATCTGAGTTTCT-1_V13B23-285_B1,10
GTCTATTGGTTCCGGT-1_V13B23-285_B1,11
GTCTCAAGGCCCGGCT-1_V13B23-285_B1,1
GTCTCCTGCCAGTATG-1_V13B23-285_B1,15
GTCTCGACTAAGTTTG-1_V13B23-285_B1,3
GTCTCGATCTGCTTTC-1_V13B23-285_B1,13
GTCTGGGCGGTCGAGA-1_V13B23-285_B1,17
GTCTTAGTACAGCCGG-1_V13B23-285_B1,13
GTCTTGAGGAGCAGTG-1_V13B23-285_B1,11
GTCTTGTAGCTATTCA-1_V13B23-285_B1,11
GTGAAACGGCGCCACC-1_V13B23-285_B1,16
GTGAACTCCCATTCGA-1_V13B23-285_B1,16
GTGAAGATTTCAAGTG-1_V13B23-285_B1,12
GTGAAGCCGTATAGTC-1_V13B23-285_B1,15
GTGAAGTCACGACTCG-1_V13B23-285_B1,19
GTGACCGCACACTACG-1_V13B23-285_B1,11
GTGACCTAAAGAATAA-1_V13B23-285_B1,17
GTGACGAGGGTGACCC-1_V13B23-285_B1,19
GTGACTTCAGTAGTGC-1_V13B23-285_B1,10
GTGAGCGTGCTGCACT-1_V13B23-285_B1,10
GTGAGGACACTTAAGG-1_V13B23-285_B1,11
GTGAGGAGCGGTTGAG-1_V13B23-285_B1,13
GTGAGTCTAAGACGGA-1_V13B23-285_B1,19
GTGAGTGGTACAACGC-1_V13B23-285_B1,10
GTGATCACTAACGCCT-1_V13B23-285_B1,11
GTGATCATAGATCTGC-1_V13B23-285_B1,10
GTGATCCTTGTCATGA-1_V13B23-285_B1,11
GTGATGCACAACATCT-1_V13B23-285_B1,3
GTGATTCGCCGCTCAA-1_V13B23-285_B1,4
GTGCACGAAAGTGACT-1_V13B23-285_B1,13
GTGCAGCGTAGAGTAG-1_V13B23-285_B1,11
GTGCCATCACACGGTG-1_V13B23-285_B1,7
GTGCCCGTTCGGATTC-1_V13B23-285_B1,11
GTGCCGCTTCAAAGGT-1_V13B23-285_B1,10
GTGCCTAGCTATGCTT-1_V13B23-285_B1,17
GTGCCTCAGTGTACGG-1_V13B23-285_B1,18
GTGCGAAATCGAACAC-1_V13B23-285_B1,1
GTGCGACAGGGAGTGT-1_V13B23-285_B1,11
GTGCGGGTCTCCAAAT-1_V13B23-285_B1,19
GTGCGTGTATATGAGC-1_V13B23-285_B1,11
GTGCTCAAGTACTGTC-1_V13B23-285_B1,10
GTGCTGCAGATAAGGA-1_V13B23-285_B1,3
GTGCTTACATCAGCGC-1_V13B23-285_B1,11
GTGGAACCTACATGCG-1_V13B23-285_B1,6
GTGGACCAACCCGATT-1_V13B23-285_B1,10
GTGGACGCATTTGTCC-1_V13B23-285_B1,15
GTGGACGTGCTGAGAC-1_V13B23-285_B1,5
GTGGAGCATGTCGGCC-1_V13B23-285_B1,11
GTGGAGCGTTTACCGA-1_V13B23-285_B1,15
GTGGAGTCGGCGGTTG-1_V13B23-285_B1,7
GTGGCAAACAGCGGCA-1_V13B23-285_B1,10
GTGGCGGTCCCAGCGT-1_V13B23-285_B1,10
GTGGGAAGACTGAATC-1_V13B23-285_B1,3
GTGGGCTTAGACACAC-1_V13B23-285_B1,10
GTGGTATAGTCTGCCG-1_V13B23-285_B1,10
GTGGTGATGGTTTGTG-1_V13B23-285_B1,11
GTGGTGGCCAAGTGAA-1_V13B23-285_B1,11
GTGGTTACTTCTTTCG-1_V13B23-285_B1,1
GTGGTTTCCGCCTTTC-1_V13B23-285_B1,10
GTGTACCTTGGCTACG-1_V13B23-285_B1,3
GTGTACGAACCGTTCC-1_V13B23-285_B1,11
GTGTATATCAGCGGGC-1_V13B23-285_B1,11
GTGTCGTATAGCGTTC-1_V13B23-285_B1,11
GTGTGAATAACTTAGG-1_V13B23-285_B1,5
GTGTTACTATGCGTCC-1_V13B23-285_B1,11
GTTAAAGTAGGACTGG-1_V13B23-285_B1,11
GTTAACATCACTTAAA-1_V13B23-285_B1,11
GTTAACTATGTTGTCA-1_V13B23-285_B1,11
GTTAAGGGTGCGATGT-1_V13B23-285_B1,16
GTTAAGTTAGAGTGGG-1_V13B23-285_B1,11
GTTAATGTCTATCTTA-1_V13B23-285_B1,19
GTTACAATTGGTGACG-1_V13B23-285_B1,10
GTTACCTACAACTTGC-1_V13B23-285_B1,10
GTTACTTTGGGCCTAG-1_V13B23-285_B1,7
GTTAGCCGTAAATCAA-1_V13B23-285_B1,1
GTTAGGCTACCCGTTT-1_V13B23-285_B1,8
GTTATAATACGGTGAA-1_V13B23-285_B1,11
GTTATATCAGGAGCCA-1_V13B23-285_B1,1
GTTATATTATCTCCCT-1_V13B23-285_B1,15
GTTATTAACGTGGGAG-1_V13B23-285_B1,16
GTTCACAGGAGTCTAG-1_V13B23-285_B1,10
GTTCATCGTTTGGCTG-1_V13B23-285_B1,15
GTTCCAGTCTGACCAT-1_V13B23-285_B1,12
GTTCCCGTAAACATAT-1_V13B23-285_B1,11
GTTCGCCATAAGTGCC-1_V13B23-285_B1,10
GTTCGCTGAGACGTCT-1_V13B23-285_B1,11
GTTCGGATCGGGAACA-1_V13B23-285_B1,11
GTTCGGGCGTACCATT-1_V13B23-285_B1,15
GTTCGTCTAAAGAACT-1_V13B23-285_B1,11
GTTCGTCTGGGTCCCT-1_V13B23-285_B1,3
GTTCTTCCCTCGATGT-1_V13B23-285_B1,13
GTTGAACCGGTTCCAT-1_V13B23-285_B1,17
GTTGAGTCCCGCCGGT-1_V13B23-285_B1,11
GTTGCACGGAGTTTCG-1_V13B23-285_B1,5
GTTGCAGTCGACAACA-1_V13B23-285_B1,11
GTTGCGCTAACATTAC-1_V13B23-285_B1,11
GTTGCGGACGGTCAGG-1_V13B23-285_B1,11
GTTGGACCGCATCAGG-1_V13B23-285_B1,3
GTTGGATTCAGTGGCT-1_V13B23-285_B1,8
GTTGGATTGAGAACAC-1_V13B23-285_B1,7
GTTGGATTTGCGTTGG-1_V13B23-285_B1,10
GTTGGTCATGCTATCC-1_V13B23-285_B1,7
GTTGTCGTGTTAGTTG-1_V13B23-285_B1,9
GTTGTTACATTGCGCT-1_V13B23-285_B1,2
GTTTACGTTCCATCTG-1_V13B23-285_B1,10
GTTTATGGGATTTAGA-1_V13B23-285_B1,19
GTTTCAAACGAGTTGT-1_V13B23-285_B1,11
GTTTCATATCGTCGCT-1_V13B23-285_B1,10
GTTTCCTGGAGGGTGA-1_V13B23-285_B1,5
GTTTCTGCAGTCTCCC-1_V13B23-285_B1,11
GTTTGACCAAATCCTA-1_V13B23-285_B1,4
GTTTGGCCCAAGTTAT-1_V13B23-285_B1,11
GTTTGGCCGCTCAGCG-1_V13B23-285_B1,12
GTTTGGGCTTGTGAGC-1_V13B23-285_B1,11
GTTTGGTAGGGTCAAC-1_V13B23-285_B1,16
TAAACCCAGGAGGGCA-1_V13B23-285_B1,10
TAAACGTCGTCAATGA-1_V13B23-285_B1,1
TAAAGACAACCCTTTA-1_V13B23-285_B1,11
TAAAGCGTTAGGAGAA-1_V13B23-285_B1,1
TAAAGCTGCAATAGGG-1_V13B23-285_B1,12
TAAATCTTTACACCTC-1_V13B23-285_B1,15
TAAATGAATCCGTTTC-1_V13B23-285_B1,12
TAAATGCCGTCTCATG-1_V13B23-285_B1,12
TAACAAAGGGAGAAGC-1_V13B23-285_B1,5
TAACAATATTTGTTGC-1_V13B23-285_B1,12
TAACATACAATGTGGG-1_V13B23-285_B1,11
TAACATACACGCGATC-1_V13B23-285_B1,4
TAACCTACCGTCCGAG-1_V13B23-285_B1,11
TAACCTAGGGAGTCCA-1_V13B23-285_B1,11
TAACGCTTTGAGAGCG-1_V13B23-285_B1,7
TAACTATCGAAGGTCC-1_V13B23-285_B1,15
TAACTATTACGCCAAA-1_V13B23-285_B1,3
TAACTCATCCGCGCGG-1_V13B23-285_B1,7
TAACTCCATGGAGGCT-1_V13B23-285_B1,5
TAAGCAGGCGACACGC-1_V13B23-285_B1,10
TAAGCCCTTACGACCA-1_V13B23-285_B1,3
TAAGGAACTTGTGGGA-1_V13B23-285_B1,2
TAAGGCAACATAAGAT-1_V13B23-285_B1,5
TAAGGCATAACATCAA-1_V13B23-285_B1,10
TAAGGCCCGTCACCCT-1_V13B23-285_B1,18
TAAGGCTGAATCCCTC-1_V13B23-285_B1,11
TAAGGGCCTGTCCGAT-1_V13B23-285_B1,11
TAAGGGCTGGGAGAGG-1_V13B23-285_B1,10
TAAGTAACATCTTGAC-1_V13B23-285_B1,7
TAAGTCGCCGAGTATC-1_V13B23-285_B1,10
TAAGTTGCGACGTAGG-1_V13B23-285_B1,11
TAATAAACAAGGAGAT-1_V13B23-285_B1,14
TAATACACAGTAGTAT-1_V13B23-285_B1,13
TAATAGAACAGAGTTA-1_V13B23-285_B1,16
TAATAGCTAAATGATG-1_V13B23-285_B1,3
TAATAGGTCACCAGAA-1_V13B23-285_B1,10
TAATAGTGACGACCAG-1_V13B23-285_B1,7
TAATATTGAAATTCGC-1_V13B23-285_B1,5
TAATCAACCAAATGGG-1_V13B23-285_B1,11
TAATCGATCCGTACGT-1_V13B23-285_B1,15
TAATGAAAGACCCTTG-1_V13B23-285_B1,16
TAATTACGTCAGTAGA-1_V13B23-285_B1,11
TAATTAGGACATCCGT-1_V13B23-285_B1,11
TAATTGGAATCGGGAA-1_V13B23-285_B1,3
TACAACGCACAACTCA-1_V13B23-285_B1,10
TACAAGTCTCGTGCAT-1_V13B23-285_B1,19
TACACCGTCGTTAGTC-1_V13B23-285_B1,17
TACAGAAACGGTGGGC-1_V13B23-285_B1,11
TACATAGGCATACACC-1_V13B23-285_B1,10
TACATCCCTATCCCTG-1_V13B23-285_B1,3
TACATGCCGGAATTGT-1_V13B23-285_B1,11
TACATTTCTAACGTGC-1_V13B23-285_B1,1
TACCAAATAGCCCAGA-1_V13B23-285_B1,17
TACCAATAAAGTACCA-1_V13B23-285_B1,11
TACCAGAAGTAGGTTC-1_V13B23-285_B1,10
TACCAGCTAGGTTTAA-1_V13B23-285_B1,9
TACCATGTATTGATTT-1_V13B23-285_B1,11
TACCGCGGACTTGCAG-1_V13B23-285_B1,11
TACCGGCTCACTGCCC-1_V13B23-285_B1,4
TACCGGTCGTTTCCAT-1_V13B23-285_B1,10
TACCGTAGGTTAACTA-1_V13B23-285_B1,7
TACCGTGCCTCGGACC-1_V13B23-285_B1,11
TACCTACTCCCAGTAT-1_V13B23-285_B1,1
TACCTCACGCTTGTAC-1_V13B23-285_B1,9
TACCTCAGTTGTCTGT-1_V13B23-285_B1,1
TACCTGCTGCACTGTG-1_V13B23-285_B1,15
TACCTTAAGATTTCCC-1_V13B23-285_B1,7
TACGAACACGACTTCA-1_V13B23-285_B1,5
TACGACGCTTGCTGCG-1_V13B23-285_B1,10
TACGACTGCCTCTTAG-1_V13B23-285_B1,10
TACGAGAACTTCACGT-1_V13B23-285_B1,10
TACGATGTTGATCATC-1_V13B23-285_B1,10
TACGCAGTTCTTTCCT-1_V13B23-285_B1,10
TACGCCATATTCTAAT-1_V13B23-285_B1,10
TACGCCGAGGGTACCC-1_V13B23-285_B1,1
TACGCCGCCTCAGAAG-1_V13B23-285_B1,11
TACGCCTCCATTCCGA-1_V13B23-285_B1,19
TACGCTATAGAAACCT-1_V13B23-285_B1,11
TACGCTCGGTATTGGA-1_V13B23-285_B1,11
TACGGGATGCTAGCAG-1_V13B23-285_B1,13
TACGTACTAGTGCTGA-1_V13B23-285_B1,10
TACGTGCAAGGTTCCT-1_V13B23-285_B1,1
TACGTGCACTATGCTG-1_V13B23-285_B1,5
TACGTTTACCGGCAAT-1_V13B23-285_B1,10
TACTATGGTTCCTCAG-1_V13B23-285_B1,10
TACTCGGCACGCCGGG-1_V13B23-285_B1,3
TACTCTCCGAACAAAT-1_V13B23-285_B1,13
TACTCTTACTTTACTG-1_V13B23-285_B1,11
TACTCTTTCGTCTTCA-1_V13B23-285_B1,10
TACTGAACAGATTTAG-1_V13B23-285_B1,10
TACTGAGGGAAGAAAG-1_V13B23-285_B1,10
TACTGCAATCAATTAC-1_V13B23-285_B1,2
TACTGGACAGCTCGGC-1_V13B23-285_B1,10
TACTGTTTCTCTGGTA-1_V13B23-285_B1,11
TACTTGTTAGTAGTCC-1_V13B23-285_B1,11
TACTTTACTGAGCCGG-1_V13B23-285_B1,16
TACTTTCCGCACGCCA-1_V13B23-285_B1,17
TAGAAAGGTGGCGCTA-1_V13B23-285_B1,5
TAGAATAGCCGATGAA-1_V13B23-285_B1,11
TAGAATTAAGGGCAAC-1_V13B23-285_B1,9
TAGACGCCCGTACCGG-1_V13B23-285_B1,16
TAGACTACCTAGCGTT-1_V13B23-285_B1,11
TAGAGATCATGCAACT-1_V13B23-285_B1,17
TAGAGCTACGAAGAAC-1_V13B23-285_B1,9
TAGAGGTTCTACTTGT-1_V13B23-285_B1,11
TAGAGTCTAAGCGAAC-1_V13B23-285_B1,5
TAGATATGGACTGGAA-1_V13B23-285_B1,10
TAGATCCGAAGTCGCA-1_V13B23-285_B1,9
TAGATGGTTCCTTACT-1_V13B23-285_B1,11
TAGATTCCTGGTTATT-1_V13B23-285_B1,16
TAGCAACCTGTCACAA-1_V13B23-285_B1,10
TAGCCATTTCAAAGTC-1_V13B23-285_B1,11
TAGCCGGCGGTCAGCG-1_V13B23-285_B1,11
TAGCGTCCCTCGATTG-1_V13B23-285_B1,11
TAGCGTCCGGTGTGGT-1_V13B23-285_B1,11
TAGCGTTGGGTCTTAC-1_V13B23-285_B1,11
TAGCTAAGTCCGGGAG-1_V13B23-285_B1,5
TAGCTAGAAGGCATGA-1_V13B23-285_B1,10
TAGCTAGTGATGATGG-1_V13B23-285_B1,16
TAGCTCGCCTGATAAC-1_V13B23-285_B1,7
TAGCTGATGTGAAGCG-1_V13B23-285_B1,19
TAGGCATGTTACGCCA-1_V13B23-285_B1,5
TAGGGAGCTTGGGATG-1_V13B23-285_B1,11
TAGGGTGTTTCAAGAG-1_V13B23-285_B1,5
TAGGTCCAAGTAAGGA-1_V13B23-285_B1,7
TAGGTCGCCGGAACTG-1_V13B23-285_B1,8
TAGGTGACGATAACCT-1_V13B23-285_B1,11
TAGGTGAGCCCTACTC-1_V13B23-285_B1,10
TAGGTGCTCGCCTAGC-1_V13B23-285_B1,11
TAGGTGTTCCACAGAT-1_V13B23-285_B1,16
TAGGTTCGAGTTCGTC-1_V13B23-285_B1,11
TAGTACCTTAGTGGTC-1_V13B23-285_B1,17
TAGTAGCTTATACCAG-1_V13B23-285_B1,10
TAGTCCGCAGAGAATG-1_V13B23-285_B1,10
TAGTCCGTATGCATAA-1_V13B23-285_B1,4
TAGTCGATCACGGGTT-1_V13B23-285_B1,11
TAGTCTAACAACGAGA-1_V13B23-285_B1,10
TAGTCTGTGACGTTGC-1_V13B23-285_B1,2
TAGTCTTTCCGAATTG-1_V13B23-285_B1,11
TAGTGCCCTCCAGAGT-1_V13B23-285_B1,10
TAGTGTCAGAAACGGC-1_V13B23-285_B1,5
TAGTTAAGATAGGATA-1_V13B23-285_B1,9
TAGTTTATTCTTGCTT-1_V13B23-285_B1,9
TATAAATCCACAAGCT-1_V13B23-285_B1,5
TATAAGTGAGGATAGC-1_V13B23-285_B1,5
TATACACAGACGCCTT-1_V13B23-285_B1,15
TATACACGCAAAGTAT-1_V13B23-285_B1,5
TATACCGAGTGCCACA-1_V13B23-285_B1,11
TATACGCGTCATCACT-1_V13B23-285_B1,7
TATACTCATGCGGCAA-1_V13B23-285_B1,5
TATAGATGGTCGCAGT-1_V13B23-285_B1,11
TATAGCGCACGTTATC-1_V13B23-285_B1,3
TATAGGGTACTCATGA-1_V13B23-285_B1,10
TATATATCGAGAAATG-1_V13B23-285_B1,16
TATATCCCTGGGAGGA-1_V13B23-285_B1,11
TATATGCTGGGTTGCC-1_V13B23-285_B1,17
TATATTACAAATGTCG-1_V13B23-285_B1,3
TATCACCATGTAAAGT-1_V13B23-285_B1,18
TATCACCCAACCGACC-1_V13B23-285_B1,12
TATCACTTCGAGTAAC-1_V13B23-285_B1,12
TATCCAATTGGTTATC-1_V13B23-285_B1,11
TATCCATATCATGCGA-1_V13B23-285_B1,7
TATCCATCTCGGTTAG-1_V13B23-285_B1,10
TATCCGCACCGTCGGG-1_V13B23-285_B1,8
TATCCTGCATGGGAAT-1_V13B23-285_B1,9
TATCGATCTATGCATA-1_V13B23-285_B1,5
TATCGATGATTAAACG-1_V13B23-285_B1,12
TATCTACAGAGGTAAT-1_V13B23-285_B1,7
TATCTACCACAGCGGG-1_V13B23-285_B1,10
TATCTAGCCTAAAGGA-1_V13B23-285_B1,16
TATCTTGCAATACAAC-1_V13B23-285_B1,7
TATGAAGACAGGTGCG-1_V13B23-285_B1,7
TATGATCCGGCACGCC-1_V13B23-285_B1,1
TATGATCTTCTCTTTA-1_V13B23-285_B1,11
TATGCTCCCTACTTAC-1_V13B23-285_B1,5
TATGGATGTGCTACGC-1_V13B23-285_B1,5
TATGGCCCGGCCTCGC-1_V13B23-285_B1,17
TATGGCTAGGCTAATT-1_V13B23-285_B1,3
TATGGGACCGAGCAGG-1_V13B23-285_B1,10
TATGGGTACGTATCGT-1_V13B23-285_B1,10
TATGGTCTGAGTAACA-1_V13B23-285_B1,10
TATGGTTAGTGGGAGA-1_V13B23-285_B1,11
TATGTAGAAACCCGGC-1_V13B23-285_B1,10
TATGTCAAGACCGACT-1_V13B23-285_B1,5
TATGTCTCATTGTGCC-1_V13B23-285_B1,16
TATTAACCTGACCGCG-1_V13B23-285_B1,10
TATTACCATCCTGCTT-1_V13B23-285_B1,11
TATTATGTTTGCCTGC-1_V13B23-285_B1,8
TATTCAATTCTAATCC-1_V13B23-285_B1,14
TATTCCACTCAGCTCG-1_V13B23-285_B1,7
TATTCCGAGCTGTTAT-1_V13B23-285_B1,11
TATTCCTCCGCCCACT-1_V13B23-285_B1,1
TATTCGTGCCAGAATA-1_V13B23-285_B1,11
TATTGACATTTCTGCC-1_V13B23-285_B1,11
TATTTAGTCTAGATCG-1_V13B23-285_B1,13
TATTTATACCGAGTAG-1_V13B23-285_B1,13
TATTTGATTTGCACAG-1_V13B23-285_B1,11
TATTTGTTACCCTTTA-1_V13B23-285_B1,10
TCAAACAACCGCGTCG-1_V13B23-285_B1,5
TCAAACTTAGATTGTT-1_V13B23-285_B1,5
TCAAATTTGAGACTCA-1_V13B23-285_B1,16
TCAACAAAGATAATTC-1_V13B23-285_B1,1
TCAACATAGCGCCCTA-1_V13B23-285_B1,11
TCAACATCGACCGAGA-1_V13B23-285_B1,3
TCAACCATGTTCGGGC-1_V13B23-285_B1,5
TCAACGAGGAGACAAA-1_V13B23-285_B1,10
TCAACGCAGGAAATAA-1_V13B23-285_B1,10
TCAACGCGACCGGCAG-1_V13B23-285_B1,10
TCAACTAACGTATAAC-1_V13B23-285_B1,7
TCAACTGCAGAGTCAG-1_V13B23-285_B1,11
TCAAGAAATACTAGCT-1_V13B23-285_B1,11
TCAAGCGCGGACGGTA-1_V13B23-285_B1,11
TCAAGCTGCCTTGAAA-1_V13B23-285_B1,17
TCAAGGTTACTACACC-1_V13B23-285_B1,11
TCACAAACCGAGGTAC-1_V13B23-285_B1,7
TCACAGATCCTCAAAC-1_V13B23-285_B1,9
TCACAGCAAACTCGAA-1_V13B23-285_B1,10
TCACAGGAGAATAAGA-1_V13B23-285_B1,10
TCACAGGGAATCGCAA-1_V13B23-285_B1,11
TCACAGGTTATTGGGC-1_V13B23-285_B1,10
TCACATCTTATCTGAT-1_V13B23-285_B1,15
TCACCCTCTTAAGATT-1_V13B23-285_B1,10
TCACCGCTCGGCACTC-1_V13B23-285_B1,1
TCACGATGTCCGTGGA-1_V13B23-285_B1,17
TCACGCATTGTAGATC-1_V13B23-285_B1,10
TCACGGTCATCGCACA-1_V13B23-285_B1,5
TCACGTGCCCGATTCA-1_V13B23-285_B1,10
TCACTACGACCAATGC-1_V13B23-285_B1,13
TCACTCGTGCAACGGC-1_V13B23-285_B1,1
TCACTCTTCGTCTGTC-1_V13B23-285_B1,19
TCAGAACCTCCACAGG-1_V13B23-285_B1,16
TCAGACGCTATAGAAG-1_V13B23-285_B1,11
TCAGAGTGTGAGCATG-1_V13B23-285_B1,11
TCAGCAAATGCATCTC-1_V13B23-285_B1,6
TCAGCAGTAGGCCCTG-1_V13B23-285_B1,10
TCAGGGCGCAAACTCG-1_V13B23-285_B1,15
TCAGGGTGTAACGTAA-1_V13B23-285_B1,7
TCAGGTTCTTTGAGAA-1_V13B23-285_B1,10
TCAGTACTGACCCGCG-1_V13B23-285_B1,16
TCAGTAGGGACTATAA-1_V13B23-285_B1,4
TCAGTGTATACGTCAT-1_V13B23-285_B1,1
TCATAAGTCCAAGAAG-1_V13B23-285_B1,11
TCATACTTACAGATCC-1_V13B23-285_B1,17
TCATCACTCGAGCTCG-1_V13B23-285_B1,5
TCATCCCAGAGGGTGG-1_V13B23-285_B1,9
TCATCGATGGTCCCAA-1_V13B23-285_B1,17
TCATGCAGGTTCTCAT-1_V13B23-285_B1,13
TCATTTAAGTCTCCGA-1_V13B23-285_B1,11
TCATTTAGAAGTGTGA-1_V13B23-285_B1,11
TCCAACTTTAAATTCT-1_V13B23-285_B1,10
TCCACAATGGTTTACG-1_V13B23-285_B1,10
TCCACCTCTAGCCTTT-1_V13B23-285_B1,16
TCCACTTTATCTAGGT-1_V13B23-285_B1,6
TCCAGAGCACCGGTTC-1_V13B23-285_B1,11
TCCAGATGTACGCCAA-1_V13B23-285_B1,15
TCCAGCGCTATAAGCG-1_V13B23-285_B1,11
TCCAGGCGAGTACGGT-1_V13B23-285_B1,10
TCCAGGGTATATACGA-1_V13B23-285_B1,7
TCCATTCCCACTAGAG-1_V13B23-285_B1,3
TCCATTGTGACCTCGT-1_V13B23-285_B1,9
TCCCAAACAGACAACG-1_V13B23-285_B1,3
TCCCAAAGACGAAGGA-1_V13B23-285_B1,7
TCCCAAAGCCCTAAAT-1_V13B23-285_B1,11
TCCCACTCTCTTCCGG-1_V13B23-285_B1,1
TCCCAGCACACGACAT-1_V13B23-285_B1,11
TCCCAGCTTTAGTCTG-1_V13B23-285_B1,10
TCCCAGGCTTAGCTAA-1_V13B23-285_B1,17
TCCCGCCTATGTGCGT-1_V13B23-285_B1,3
TCCCGCGTACTCCTGG-1_V13B23-285_B1,16
TCCCGGGTGTGCTGCT-1_V13B23-285_B1,10
TCCCGTCAGTCCCGCA-1_V13B23-285_B1,4
TCCCGTCGCGTCATAG-1_V13B23-285_B1,8
TCCCGTGTGCAATTTG-1_V13B23-285_B1,11
TCCCTAGATCAATAGG-1_V13B23-285_B1,3
TCCCTGGCGTATTAAC-1_V13B23-285_B1,15
TCCCTGGCTCGCTGGA-1_V13B23-285_B1,10
TCCCTTAGATTACTCG-1_V13B23-285_B1,4
TCCGAACGTTGCCGCT-1_V13B23-285_B1,11
TCCGAACTTGGCTTAC-1_V13B23-285_B1,10
TCCGAAGTAGTCACCA-1_V13B23-285_B1,3
TCCGAATGGTCCTGAG-1_V13B23-285_B1,1
TCCGATAATTGCCATA-1_V13B23-285_B1,13
TCCGATGACTGAGCTC-1_V13B23-285_B1,5
TCCGATGGTGCGACAT-1_V13B23-285_B1,5
TCCGATTACATTGCCG-1_V13B23-285_B1,10
TCCGCCTGTCTACAAG-1_V13B23-285_B1,11
TCCGCGGCAGCATCTG-1_V13B23-285_B1,2
TCCGCGGCCCAATGAA-1_V13B23-285_B1,11
TCCGCTGTCATCCCGG-1_V13B23-285_B1,11
TCCGCTTATCCCATTA-1_V13B23-285_B1,11
TCCGGAGGAAGGGCTG-1_V13B23-285_B1,3
TCCGGCCTAGCGTACA-1_V13B23-285_B1,17
TCCGGCTGTCGGGTCG-1_V13B23-285_B1,11
TCCGGTTCGTCCGGTC-1_V13B23-285_B1,10
TCCGTAACCACAATCC-1_V13B23-285_B1,7
TCCGTTAAGCTAATAT-1_V13B23-285_B1,11
TCCGTTTAGCCTTGAA-1_V13B23-285_B1,1
TCCTAAATTGGGAAGC-1_V13B23-285_B1,12
TCCTAACCGTCGGGCA-1_V13B23-285_B1,10
TCCTACATCCACGGCC-1_V13B23-285_B1,11
TCCTAGCAAAGAAGCT-1_V13B23-285_B1,10
TCCTATCATAGGTAAC-1_V13B23-285_B1,11
TCCTCCTAAGACATTC-1_V13B23-285_B1,7
TCCTCGGGCTGGGCTT-1_V13B23-285_B1,11
TCCTCTACGAGATGGC-1_V13B23-285_B1,10
TCCTCTCCAGTTGTCC-1_V13B23-285_B1,7
TCCTCTGGCCCATTAG-1_V13B23-285_B1,9
TCCTGCCAACTGGAGA-1_V13B23-285_B1,13
TCCTGCGTTGATACTC-1_V13B23-285_B1,10
TCCTGGCGCTGCCTGG-1_V13B23-285_B1,5
TCCTTACGACGGTCCG-1_V13B23-285_B1,11
TCCTTCAGTGGTCGAA-1_V13B23-285_B1,6
TCCTTTAAATCCGCTT-1_V13B23-285_B1,11
TCCTTTCTTACGCTTA-1_V13B23-285_B1,5
TCGAAATTTAGGACCA-1_V13B23-285_B1,10
TCGAAGAACCGAGCAC-1_V13B23-285_B1,11
TCGAATATCCCGCAGG-1_V13B23-285_B1,19
TCGACAACTGAACCCG-1_V13B23-285_B1,15
TCGAGACCAACACCGT-1_V13B23-285_B1,10
TCGAGCCAGGCAGGCC-1_V13B23-285_B1,8
TCGAGGGCAACAGACG-1_V13B23-285_B1,11
TCGCAAAGATGCATTT-1_V13B23-285_B1,11
TCGCACCAGGAGGCAG-1_V13B23-285_B1,11
TCGCATCCCTAAGTGT-1_V13B23-285_B1,5
TCGCCGAAGTTGCGTC-1_V13B23-285_B1,10
TCGCCGGTCGATCCGT-1_V13B23-285_B1,13
TCGCGTAGCAGTGTCC-1_V13B23-285_B1,11
TCGCGTCCAGAAGGTC-1_V13B23-285_B1,15
TCGCTAAACCGCTATC-1_V13B23-285_B1,13
TCGCTCGATATATTCC-1_V13B23-285_B1,5
TCGCTCGGCACCAGCG-1_V13B23-285_B1,19
TCGCTGGGCGGATTGT-1_V13B23-285_B1,15
TCGCTGTGCGTAAATC-1_V13B23-285_B1,5
TCGCTTAATTACGAAG-1_V13B23-285_B1,2
TCGCTTTAAACGTTTG-1_V13B23-285_B1,16
TCGGAATGCGCTCTGA-1_V13B23-285_B1,17
TCGGACGCCCAGCCCA-1_V13B23-285_B1,10
TCGGAGAGTATCGGGA-1_V13B23-285_B1,17
TCGGAGTACATGAGTA-1_V13B23-285_B1,6
TCGGCGAACCCAAACC-1_V13B23-285_B1,11
TCGGCGTACTGCACAA-1_V13B23-285_B1,16
TCGGCTTGTATCGACG-1_V13B23-285_B1,11
TCGGGAACGTGCCTAG-1_V13B23-285_B1,8
TCGGGAGACAGCGTAC-1_V13B23-285_B1,16
TCGGGATTCAAACATA-1_V13B23-285_B1,16
TCGGGCCGTCGTGGTA-1_V13B23-285_B1,11
TCGGTCCCGACAATAG-1_V13B23-285_B1,19
TCGGTCCCTGACTCCA-1_V13B23-285_B1,9
TCGGTGACCGCTCCGG-1_V13B23-285_B1,3
TCGTAAGACGACATTG-1_V13B23-285_B1,3
TCGTAAGCTCCGAGGA-1_V13B23-285_B1,3
TCGTATAGTGCAATTA-1_V13B23-285_B1,9
TCGTATTACCCATTGC-1_V13B23-285_B1,1
TCGTCAAGTACGCGCA-1_V13B23-285_B1,16
TCGTCACACTGTTAGC-1_V13B23-285_B1,8
TCGTCCGCTGGCGTCT-1_V13B23-285_B1,5
TCGTCTTAGGCGTTAA-1_V13B23-285_B1,11
TCGTGTACTATGGATG-1_V13B23-285_B1,11
TCGTGTATTGGTCACG-1_V13B23-285_B1,11
TCGTGTCACGCTGACA-1_V13B23-285_B1,3
TCGTGTTCGACCACAA-1_V13B23-285_B1,11
TCGTTAGGAGTCCCTA-1_V13B23-285_B1,10
TCGTTGCTATCCGGTC-1_V13B23-285_B1,10
TCTAATACTGCCTCAG-1_V13B23-285_B1,17
TCTACCCAATAGAGAG-1_V13B23-285_B1,11
TCTACCGTCCACAAGC-1_V13B23-285_B1,16
TCTACGGGCTCAGTTG-1_V13B23-285_B1,19
TCTAGCAATCTCCGCC-1_V13B23-285_B1,16
TCTAGCATCTTCGATG-1_V13B23-285_B1,19
TCTAGCATGCCCAGAA-1_V13B23-285_B1,11
TCTAGGTGGCGACGCT-1_V13B23-285_B1,17
TCTAGTGATATCGTGG-1_V13B23-285_B1,11
TCTAGTTATCAGAAGA-1_V13B23-285_B1,10
TCTATCATGCAGTTAC-1_V13B23-285_B1,5
TCTATCGGTCGCAACA-1_V13B23-285_B1,12
TCTATTACGCTGGCGA-1_V13B23-285_B1,5
TCTATTACTAGAGGAT-1_V13B23-285_B1,15
TCTCATGAGATAGGGT-1_V13B23-285_B1,11
TCTCCAACGTAGGTTA-1_V13B23-285_B1,13
TCTCCACAAGTTGAAT-1_V13B23-285_B1,16
TCTCCCTGGGCAGCGT-1_V13B23-285_B1,11
TCTCGAACGAGGTCAC-1_V13B23-285_B1,3
TCTCGACGTATCGCCG-1_V13B23-285_B1,11
TCTCGAGGAGGTTCGC-1_V13B23-285_B1,11
TCTCGGCTCCAGGACT-1_V13B23-285_B1,4
TCTCTAATAGCTGGTA-1_V13B23-285_B1,5
TCTCTCGCCGCACATA-1_V13B23-285_B1,11
TCTGAACCGGTCGGCT-1_V13B23-285_B1,5
TCTGAACTCGTACCCG-1_V13B23-285_B1,11
TCTGAAGCACGTGGTC-1_V13B23-285_B1,11
TCTGAATTCCGTACAA-1_V13B23-285_B1,11
TCTGACGGGCTAACCC-1_V13B23-285_B1,3
TCTGAGCAATTGACTG-1_V13B23-285_B1,11
TCTGATCGGGTGCTAG-1_V13B23-285_B1,16
TCTGATGTATTCTGTC-1_V13B23-285_B1,11
TCTGATTGGAAATGGA-1_V13B23-285_B1,11
TCTGCACCATTAGTAA-1_V13B23-285_B1,3
TCTGCATACCTTGCTT-1_V13B23-285_B1,11
TCTGCCAGAAACTGCA-1_V13B23-285_B1,11
TCTGCGAATCGTTCGC-1_V13B23-285_B1,3
TCTGCGTCCGGTTTCT-1_V13B23-285_B1,5
TCTGCTTAGAACAAGC-1_V13B23-285_B1,11
TCTGGAGCGTAAGAGT-1_V13B23-285_B1,16
TCTGGCCGTTCAAGTT-1_V13B23-285_B1,11
TCTGGGAACCTTTGAA-1_V13B23-285_B1,11
TCTGGGTAGCGCTCAT-1_V13B23-285_B1,10
TCTGTGCCATCATAGT-1_V13B23-285_B1,10
TCTGTTACCCAGCATA-1_V13B23-285_B1,15
TCTTACAGAGGTACCG-1_V13B23-285_B1,13
TCTTACCGGAACTCGT-1_V13B23-285_B1,5
TCTTACGGCATCCGAC-1_V13B23-285_B1,10
TCTTACTTATGCCTCT-1_V13B23-285_B1,11
TCTTAGAGCTCCAATT-1_V13B23-285_B1,11
TCTTAGAGTGAACTCT-1_V13B23-285_B1,11
TCTTCCCATGGGCACA-1_V13B23-285_B1,3
TCTTCGAATAGACGTT-1_V13B23-285_B1,11
TCTTCGATACCAATAA-1_V13B23-285_B1,11
TCTTCGCGGTGAGAGG-1_V13B23-285_B1,11
TCTTCTATAACCCGCC-1_V13B23-285_B1,11
TCTTGATGCGTAGCGA-1_V13B23-285_B1,11
TCTTGGTAACACCAAA-1_V13B23-285_B1,6
TCTTTAAGACTATGAA-1_V13B23-285_B1,11
TCTTTAGAGTCTAACA-1_V13B23-285_B1,11
TCTTTAGCAGGCGAAC-1_V13B23-285_B1,11
TCTTTCCTTCGAGATA-1_V13B23-285_B1,11
TGAAACTTATGCAAGC-1_V13B23-285_B1,9
TGAAAGGACCTGACTC-1_V13B23-285_B1,11
TGAATATGCTATAAAC-1_V13B23-285_B1,12
TGAATGAGATACAGCA-1_V13B23-285_B1,3
TGAATGTCAGCCGGCC-1_V13B23-285_B1,11
TGACAACGCATGTCGC-1_V13B23-285_B1,6
TGACACTTCTCTTTGC-1_V13B23-285_B1,12
TGACATCGAGCGGACC-1_V13B23-285_B1,11
TGACCCACGTTAGACA-1_V13B23-285_B1,10
TGACGAATATTTCCCT-1_V13B23-285_B1,3
TGACGATGCACTAGAA-1_V13B23-285_B1,11
TGACTATAATCCTTTC-1_V13B23-285_B1,11
TGAGAATGCTTTACCG-1_V13B23-285_B1,11
TGAGAGATTTACCACG-1_V13B23-285_B1,11
TGAGATTAGGCCCTAA-1_V13B23-285_B1,3
TGAGCCATACAGTCTC-1_V13B23-285_B1,10
TGAGCGGAAAGTGTTC-1_V13B23-285_B1,1
TGAGCTCAACTGTATA-1_V13B23-285_B1,11
TGAGCTTTAATGACGC-1_V13B23-285_B1,13
TGAGGAGTGCCAGCTT-1_V13B23-285_B1,7
TGAGTAAATTAGCGTA-1_V13B23-285_B1,10
TGAGTGCCTCTTAAAT-1_V13B23-285_B1,10
TGAGTGGTCCGTGACG-1_V13B23-285_B1,1
TGAGTTAAAGACATTC-1_V13B23-285_B1,11
TGATACATTTAGCCGT-1_V13B23-285_B1,10
TGATAGCGGGATTCTA-1_V13B23-285_B1,16
TGATCAGGGAACTGCT-1_V13B23-285_B1,3
TGATCCCAGCATTAGT-1_V13B23-285_B1,3
TGATCGGTTTGACCCT-1_V13B23-285_B1,7
TGATCTACGCTGATCT-1_V13B23-285_B1,3
TGATCTCCGGCGCCAG-1_V13B23-285_B1,5
TGATGGCTGTTTCTGA-1_V13B23-285_B1,8
TGATGTCAATTAAGTG-1_V13B23-285_B1,11
TGATTATGGCACGCAG-1_V13B23-285_B1,18
TGATTCGTCTATCACT-1_V13B23-285_B1,10
TGATTCTGTCGCCGGT-1_V13B23-285_B1,10
TGATTTATTAGCTGTG-1_V13B23-285_B1,10
TGATTTCCTCCTGACG-1_V13B23-285_B1,5
TGCAACCCATCTGCGG-1_V13B23-285_B1,15
TGCAAGAATGACGTAA-1_V13B23-285_B1,10
TGCAATCTAACACGGT-1_V13B23-285_B1,11
TGCAATTTGGGCACGG-1_V13B23-285_B1,3
TGCACAGTGAAGTTAT-1_V13B23-285_B1,3
TGCACTATGTGAGTGC-1_V13B23-285_B1,16
TGCAGAACTATATCGT-1_V13B23-285_B1,3
TGCAGAGTACCGAGCA-1_V13B23-285_B1,10
TGCAGATCGTCCTAGG-1_V13B23-285_B1,3
TGCAGCTACGTACTTC-1_V13B23-285_B1,3
TGCAGGATCGGCAAAG-1_V13B23-285_B1,5
TGCAGTGAGGCTCGGG-1_V13B23-285_B1,3
TGCAGTTTCCTCCCAT-1_V13B23-285_B1,11
TGCATATGTCTGTCAC-1_V13B23-285_B1,11
TGCATGGATCGGATCT-1_V13B23-285_B1,13
TGCATGTGGTAATCTA-1_V13B23-285_B1,16
TGCCAAAGTCAGACTT-1_V13B23-285_B1,3
TGCCAATGGGTACTCT-1_V13B23-285_B1,10
TGCCACCTGGCGAAAC-1_V13B23-285_B1,13
TGCCAGTACGTGGAGA-1_V13B23-285_B1,11
TGCCATTACTAAAGAA-1_V13B23-285_B1,5
TGCCCGTACCGTTAAA-1_V13B23-285_B1,11
TGCCGAAAGCGTATTC-1_V13B23-285_B1,19
TGCCGTGGATCGTCCT-1_V13B23-285_B1,8
TGCCTAAATTTAATAG-1_V13B23-285_B1,17
TGCCTAATTGAAGATT-1_V13B23-285_B1,11
TGCCTGACATCGGTCA-1_V13B23-285_B1,5
TGCCTGATCAAACGAT-1_V13B23-285_B1,13
TGCCTTGGCCAGGCAA-1_V13B23-285_B1,11
TGCGAATATGGGATTT-1_V13B23-285_B1,16
TGCGACACCCTAGTGC-1_V13B23-285_B1,1
TGCGACGGCCGAACGT-1_V13B23-285_B1,19
TGCGAGAATATTACCC-1_V13B23-285_B1,10
TGCGAGATGGCGGCCA-1_V13B23-285_B1,2
TGCGAGCCCTTCCGCG-1_V13B23-285_B1,3
TGCGATGCTAATGGCT-1_V13B23-285_B1,16
TGCGCAAAGCATTTGG-1_V13B23-285_B1,11
TGCGCCGTTAATAACG-1_V13B23-285_B1,6
TGCGCGATTAACGGAG-1_V13B23-285_B1,10
TGCGGAGTAAAGGTGC-1_V13B23-285_B1,18
TGCGGCATAGTTCAAC-1_V13B23-285_B1,9
TGCGGTGAAATTTCAT-1_V13B23-285_B1,9
TGCGTAAGAACCTGAT-1_V13B23-285_B1,10
TGCGTCATGACTGAGC-1_V13B23-285_B1,10
TGCGTGATTGGGTGTC-1_V13B23-285_B1,9
TGCGTTTGTTGACACT-1_V13B23-285_B1,11
TGCTAAGTGTCTATTT-1_V13B23-285_B1,11
TGCTCCACAGTTCTTA-1_V13B23-285_B1,11
TGCTCGGCGAAACCCA-1_V13B23-285_B1,19
TGCTCTGCCGGTTCAC-1_V13B23-285_B1,1
TGCTGGTTGGACAATT-1_V13B23-285_B1,5
TGCTGTTGAAGAACTC-1_V13B23-285_B1,11
TGCTTCCCAAGCAGTA-1_V13B23-285_B1,12
TGGAACCACTGACACA-1_V13B23-285_B1,2
TGGAAGAAGGGAACGT-1_V13B23-285_B1,10
TGGAAGACGAACACCA-1_V13B23-285_B1,9
TGGAAGGATAAAGATG-1_V13B23-285_B1,13
TGGAATATCCTTGACC-1_V13B23-285_B1,3
TGGAATTAGACGCTTT-1_V13B23-285_B1,16
TGGACACCGTTGCTTG-1_V13B23-285_B1,16
TGGACCAATCTAAGAT-1_V13B23-285_B1,11
TGGACGCAATCCAGCC-1_V13B23-285_B1,19
TGGACTGTTCGCTCAA-1_V13B23-285_B1,11
TGGAGGGAAACACCTC-1_V13B23-285_B1,3
TGGAGTGATGCGATGA-1_V13B23-285_B1,10
TGGCAAACTAAATTAC-1_V13B23-285_B1,11
TGGCAACTCGCGCGCC-1_V13B23-285_B1,12
TGGCAATGGGACGGCG-1_V13B23-285_B1,11
TGGCAGATTACGATCA-1_V13B23-285_B1,10
TGGCAGCAGTAATAGT-1_V13B23-285_B1,10
TGGCATGAAGTTTGGG-1_V13B23-285_B1,1
TGGCCAAACTGAAGTA-1_V13B23-285_B1,1
TGGCCAATTTGGTACT-1_V13B23-285_B1,16
TGGCCGTATATTGACC-1_V13B23-285_B1,10
TGGCGACTGCTCCAAA-1_V13B23-285_B1,10
TGGCGATCAAGTTATG-1_V13B23-285_B1,4
TGGCTATGTGACATAC-1_V13B23-285_B1,11
TGGCTTGTACAAGCTT-1_V13B23-285_B1,1
TGGCTTTGGGTAGACA-1_V13B23-285_B1,5
TGGGAAATGCCTTTCC-1_V13B23-285_B1,16
TGGGATGCACTCATTC-1_V13B23-285_B1,3
TGGGCAATAGTTGGGT-1_V13B23-285_B1,11
TGGGCACGTTCTATGG-1_V13B23-285_B1,13
TGGGCAGGCCACCGCA-1_V13B23-285_B1,11
TGGGCCCATACTAATT-1_V13B23-285_B1,6
TGGGCCTTGCCTGCAT-1_V13B23-285_B1,15
TGGGTAAGGTTCCCGC-1_V13B23-285_B1,6
TGGGTGGGATGTCATT-1_V13B23-285_B1,2
TGGTAGAATATATGGG-1_V13B23-285_B1,11
TGGTCCCACGCTACGG-1_V13B23-285_B1,11
TGGTCGTGCAAGGCAA-1_V13B23-285_B1,17
TGGTCTGTTGGGCGTA-1_V13B23-285_B1,10
TGGTGATCGTATTTGT-1_V13B23-285_B1,19
TGGTTAACTTACATTT-1_V13B23-285_B1,8
TGGTTAAGGGCGCTGG-1_V13B23-285_B1,3
TGGTTCAACGGGTAAT-1_V13B23-285_B1,11
TGGTTCGTAGCAAAGG-1_V13B23-285_B1,5
TGGTTGGAGGATCCTG-1_V13B23-285_B1,18
TGGTTTAAACGTGGGT-1_V13B23-285_B1,17
TGTAATGACCACAATA-1_V13B23-285_B1,3
TGTACCTACACGAGGG-1_V13B23-285_B1,11
TGTACGAACAAATCCG-1_V13B23-285_B1,12
TGTACTACTCTCACGG-1_V13B23-285_B1,3
TGTAGCCATCCCATTC-1_V13B23-285_B1,11
TGTAGGAGAAATTTCC-1_V13B23-285_B1,11
TGTAGTGATCTATAAT-1_V13B23-285_B1,10
TGTATAACAGATCCTG-1_V13B23-285_B1,16
TGTATACGGATGATGA-1_V13B23-285_B1,17
TGTATCAGACTGAAGC-1_V13B23-285_B1,2
TGTATGGCGCAGACAG-1_V13B23-285_B1,11
TGTATTTACCTAATGC-1_V13B23-285_B1,3
TGTCATTTGTTGGGAA-1_V13B23-285_B1,3
TGTCCGTGGCGCCTTT-1_V13B23-285_B1,7
TGTCCTAAGTCACCGC-1_V13B23-285_B1,10
TGTCGTTATCACATAT-1_V13B23-285_B1,7
TGTGACTACGCCAGTC-1_V13B23-285_B1,13
TGTGAGACTAGCCCAA-1_V13B23-285_B1,1
TGTGCCGGTGCCGGAA-1_V13B23-285_B1,11
TGTGCTTTACGTAAGA-1_V13B23-285_B1,3
TGTGGACTATCTACGT-1_V13B23-285_B1,11
TGTGGCAAAGCGTATG-1_V13B23-285_B1,8
TGTGGCTCCCACCAAC-1_V13B23-285_B1,6
TGTGGTAGGGTGCCTT-1_V13B23-285_B1,11
TGTGTAGTAGCACGTG-1_V13B23-285_B1,11
TGTGTCGCGAGTTGCA-1_V13B23-285_B1,15
TGTGTTCGTATCCAAG-1_V13B23-285_B1,7
TGTTATTGTATGTGGC-1_V13B23-285_B1,11
TGTTCATAAATGTGCT-1_V13B23-285_B1,1
TGTTCCGCTTCCATGA-1_V13B23-285_B1,10
TGTTCGTATTGCGGTG-1_V13B23-285_B1,10
TGTTCTCTACTCCCTA-1_V13B23-285_B1,2
TGTTCTTCCATTGACT-1_V13B23-285_B1,10
TGTTGCCGTCGTCCCA-1_V13B23-285_B1,11
TGTTGTCAAGAAGTCT-1_V13B23-285_B1,5
TGTTTAATACTTCATC-1_V13B23-285_B1,9
TGTTTCGGTACTTCTC-1_V13B23-285_B1,18
TGTTTGAGATCGTCAG-1_V13B23-285_B1,11
TTAAACCTGGTTCCTT-1_V13B23-285_B1,1
TTAAACTCGAATTCAT-1_V13B23-285_B1,12
TTAACACCTCGAACAT-1_V13B23-285_B1,7
TTAACCAACCCTCCCT-1_V13B23-285_B1,11
TTAACGAACAAGCAGT-1_V13B23-285_B1,3
TTAACTCACGCGTGGA-1_V13B23-285_B1,17
TTAACTTCAGGTAGGA-1_V13B23-285_B1,8
TTAAGATAGGATTGAC-1_V13B23-285_B1,11
TTAAGCCGACAACTTC-1_V13B23-285_B1,6
TTAAGCGCCTGACCCA-1_V13B23-285_B1,10
TTAAGGCCCGTACTTT-1_V13B23-285_B1,16
TTAATCAGTACGTCAG-1_V13B23-285_B1,13
TTAATGTAGACCAGGT-1_V13B23-285_B1,11
TTAATTGCTTTGGGTG-1_V13B23-285_B1,11
TTAATTTCAGACGCGG-1_V13B23-285_B1,13
TTACAACTACGCATCC-1_V13B23-285_B1,5
TTACACGATCTGCGAC-1_V13B23-285_B1,11
TTACAGACCTAAATGA-1_V13B23-285_B1,16
TTACATCGTGGCCTGG-1_V13B23-285_B1,5
TTACATGCCACAACTA-1_V13B23-285_B1,11
TTACCATTGATTACCC-1_V13B23-285_B1,10
TTACCCATTGCCGGGT-1_V13B23-285_B1,13
TTACCCTAACAGTCCT-1_V13B23-285_B1,17
TTACCCTAGGGATTGG-1_V13B23-285_B1,1
TTACCGCCTTAGGGAA-1_V13B23-285_B1,9
TTACGGATGGTTCGAG-1_V13B23-285_B1,11
TTACTAAAGGACTTTA-1_V13B23-285_B1,11
TTACTATCGGCTTCTC-1_V13B23-285_B1,7
TTACTCCGGCCGGGAA-1_V13B23-285_B1,2
TTACTCTGGTACGTAC-1_V13B23-285_B1,19
TTACTGGGATATTTCA-1_V13B23-285_B1,10
TTACTGTCTAGAGCTC-1_V13B23-285_B1,3
TTAGAAGAACATGACT-1_V13B23-285_B1,10
TTAGAATAAGGGTCGG-1_V13B23-285_B1,15
TTAGACACGATCGTTG-1_V13B23-285_B1,13
TTAGACGAGTCACCTC-1_V13B23-285_B1,11
TTAGAGTTTAGAAGGA-1_V13B23-285_B1,11
TTAGATAGGTCGATAC-1_V13B23-285_B1,5
TTAGCAACATGGATGT-1_V13B23-285_B1,5
TTAGCTAATACGATCT-1_V13B23-285_B1,17
TTAGCTCTGTAATCCG-1_V13B23-285_B1,16
TTAGCTGATTTGCCGT-1_V13B23-285_B1,11
TTAGGATGGGAGGGTA-1_V13B23-285_B1,11
TTAGGTCATAACCGAC-1_V13B23-285_B1,4
TTAGTAAACCTGCTCT-1_V13B23-285_B1,4
TTAGTAGGGCGGCGGG-1_V13B23-285_B1,10
TTAGTTATTCGTGGCA-1_V13B23-285_B1,11
TTAGTTCAAGTGTTCG-1_V13B23-285_B1,3
TTATAGGTAATTGTCT-1_V13B23-285_B1,8
TTATATACGCTGTCAC-1_V13B23-285_B1,11
TTATATTTGGCAATCC-1_V13B23-285_B1,16
TTATCCAATCGAACTC-1_V13B23-285_B1,4
TTATCCGGGATCTATA-1_V13B23-285_B1,11
TTATCCTCAAGGAATA-1_V13B23-285_B1,10
TTATCGCCTGCGAAGC-1_V13B23-285_B1,16
TTATCTGTATCATAAC-1_V13B23-285_B1,5
TTATGAATGAAAGGGA-1_V13B23-285_B1,12
TTATGACAAACTGGAT-1_V13B23-285_B1,10
TTATGATCTTAACGAA-1_V13B23-285_B1,11
TTATGTTTGCGATAGA-1_V13B23-285_B1,17
TTATTAGAGCGTGTTC-1_V13B23-285_B1,11
TTATTAGGGAAGCATC-1_V13B23-285_B1,14
TTATTATCTGGAAGGC-1_V13B23-285_B1,11
TTCAAAGTCTCTAGCC-1_V13B23-285_B1,11
TTCAACGACCCGACCG-1_V13B23-285_B1,5
TTCAAGCCGAGCTGAG-1_V13B23-285_B1,6
TTCAATACTCTGAATC-1_V13B23-285_B1,11
TTCACGAAAGGATCAC-1_V13B23-285_B1,10
TTCACTCGAGCACCTA-1_V13B23-285_B1,11
TTCAGCCCTGGTCCAC-1_V13B23-285_B1,11
TTCAGCTGGCGTGCCC-1_V13B23-285_B1,11
TTCAGGCGTCAAAGCC-1_V13B23-285_B1,7
TTCAGTTTGTGGCAGC-1_V13B23-285_B1,1
TTCATGGCGCAACAGG-1_V13B23-285_B1,13
TTCCAATCAGAGCTAG-1_V13B23-285_B1,16
TTCCAATCTGGCTATC-1_V13B23-285_B1,10
TTCCACACAGATTTGA-1_V13B23-285_B1,10
TTCCAGACGAGATTTA-1_V13B23-285_B1,11
TTCCATCATGCGGTGA-1_V13B23-285_B1,18
TTCCATCGACAGCGTG-1_V13B23-285_B1,11
TTCCCGGCGCCAATAG-1_V13B23-285_B1,19
TTCCGCAGAGAAATAT-1_V13B23-285_B1,5
TTCCGCGTGAGGCGAT-1_V13B23-285_B1,7
TTCCGGCCTTGAGGCT-1_V13B23-285_B1,10
TTCCGGCTCGACTTCT-1_V13B23-285_B1,3
TTCCGGTATCTGTGTC-1_V13B23-285_B1,11
TTCCGGTTACCCACTT-1_V13B23-285_B1,11
TTCCTCGAGGGTGTCT-1_V13B23-285_B1,5
TTCCTCGGACTAACCA-1_V13B23-285_B1,11
TTCCTCTGCCCGAATA-1_V13B23-285_B1,1
TTCCTTTCTGTGTTGC-1_V13B23-285_B1,13
TTCGACAGAGCCCGTG-1_V13B23-285_B1,11
TTCGACGGGAAGGGCG-1_V13B23-285_B1,7
TTCGCACTCGCGTGCT-1_V13B23-285_B1,7
TTCGCACTGTACGACA-1_V13B23-285_B1,15
TTCGCATCCGGAAGCA-1_V13B23-285_B1,9
TTCGCGCGCCATACGA-1_V13B23-285_B1,10
TTCGCTAGGAAGTTGT-1_V13B23-285_B1,11
TTCGCTATCTGACGTG-1_V13B23-285_B1,5
TTCGGCAACCCGCTGA-1_V13B23-285_B1,13
TTCGGCTAGAGATGGT-1_V13B23-285_B1,5
TTCGGGACTAATCGCG-1_V13B23-285_B1,11
TTCGGGCGCTAGTCTT-1_V13B23-285_B1,1
TTCGGGTTGCCACGGG-1_V13B23-285_B1,11
TTCGGTGGAGACGCCC-1_V13B23-285_B1,11
TTCGTAATCCCAGCGG-1_V13B23-285_B1,9
TTCGTACTCCAGAACG-1_V13B23-285_B1,10
TTCGTTCAACGAAGTT-1_V13B23-285_B1,7
TTCTAACCGAAGCTTA-1_V13B23-285_B1,11
TTCTACTTGCGAGGGC-1_V13B23-285_B1,16
TTCTAGAAAGTCTTAT-1_V13B23-285_B1,1
TTCTAGGCCAATTGTG-1_V13B23-285_B1,5
TTCTATGCCTTTCGCA-1_V13B23-285_B1,17
TTCTGACCGGGCTCAA-1_V13B23-285_B1,11
TTCTGCCGCGCCTAGA-1_V13B23-285_B1,11
TTCTGCGAGCGCCCTT-1_V13B23-285_B1,7
TTCTGCGGGTTAGCGG-1_V13B23-285_B1,11
TTCTGCTAGACTCCAA-1_V13B23-285_B1,3
TTCTGTTTCCTGTCGC-1_V13B23-285_B1,8
TTCTTAGTGAACGGTG-1_V13B23-285_B1,5
TTCTTAGTGGCTCAGA-1_V13B23-285_B1,14
TTCTTATCCGCTGGGT-1_V13B23-285_B1,11
TTCTTGAGCCGCGCTA-1_V13B23-285_B1,7
TTCTTGCTAGCATCTC-1_V13B23-285_B1,11
TTCTTGGACGATCTGC-1_V13B23-285_B1,19
TTCTTGGAGTAATGAG-1_V13B23-285_B1,5
TTCTTGTAACCTAATG-1_V13B23-285_B1,10
TTCTTGTGTCCATCAG-1_V13B23-285_B1,1
TTCTTTGGTCGCGACG-1_V13B23-285_B1,11
TTGAAAGGTGTAAAGG-1_V13B23-285_B1,7
TTGAACGAATCCTTTG-1_V13B23-285_B1,5
TTGAACGACGTGCTGA-1_V13B23-285_B1,16
TTGAAGAATTCCCAGG-1_V13B23-285_B1,10
TTGAATATGGACTTTC-1_V13B23-285_B1,14
TTGAATTCACGTGAGG-1_V13B23-285_B1,6
TTGACAGGAGCTCCCG-1_V13B23-285_B1,11
TTGACATGAACGTGGA-1_V13B23-285_B1,7
TTGACCATGTTCTCCG-1_V13B23-285_B1,5
TTGACCGTGTTAATGA-1_V13B23-285_B1,15
TTGACGCTCCATGAGC-1_V13B23-285_B1,11
TTGACTACCATATGGT-1_V13B23-285_B1,16
TTGACTATTGTCCGGC-1_V13B23-285_B1,11
TTGAGAAGTTTAGCAT-1_V13B23-285_B1,11
TTGAGAGTACTGCTAA-1_V13B23-285_B1,10
TTGAGCAGCCCACGGT-1_V13B23-285_B1,16
TTGAGCGCCACGTGAT-1_V13B23-285_B1,11
TTGAGTCCCGCTGCTG-1_V13B23-285_B1,11
TTGATAGTCAATACAT-1_V13B23-285_B1,3
TTGATCTAACTTTGTC-1_V13B23-285_B1,4
TTGATGTGTAGTCCCG-1_V13B23-285_B1,19
TTGATTAGCTGTTTCT-1_V13B23-285_B1,10
TTGATTATGCAGATGA-1_V13B23-285_B1,7
TTGCACAATTCAGAAA-1_V13B23-285_B1,10
TTGCACGGAGCAGCAC-1_V13B23-285_B1,5
TTGCATGCTGATCACG-1_V13B23-285_B1,10
TTGCCAAGCAGAACCC-1_V13B23-285_B1,4
TTGCCATAGCCCGCTC-1_V13B23-285_B1,10
TTGCCCTGATCACGGG-1_V13B23-285_B1,10
TTGCCGCTTTCTAGTA-1_V13B23-285_B1,11
TTGCCGGTGATCCCTC-1_V13B23-285_B1,3
TTGCGGCATCAGAAAG-1_V13B23-285_B1,10
TTGCGTAGTTTGAGGA-1_V13B23-285_B1,1
TTGCGTCGGCCAACCG-1_V13B23-285_B1,10
TTGCGTGAACGCTTAG-1_V13B23-285_B1,3
TTGCTCCCATACCGGA-1_V13B23-285_B1,13
TTGCTGAAGGAACCAC-1_V13B23-285_B1,7
TTGCTGATCATGTTCG-1_V13B23-285_B1,10
TTGCTGCACCTATCCA-1_V13B23-285_B1,5
TTGCTGGCCGGGCTTC-1_V13B23-285_B1,9
TTGGAAGAATACAGTC-1_V13B23-285_B1,16
TTGGACATGTGGCTTA-1_V13B23-285_B1,10
TTGGACCATCTGGCAA-1_V13B23-285_B1,11
TTGGACCTATAACAGT-1_V13B23-285_B1,11
TTGGATATCGTCTACG-1_V13B23-285_B1,16
TTGGATTGGGTACCAC-1_V13B23-285_B1,18
TTGGCCATCTTGCGCT-1_V13B23-285_B1,5
TTGGCCTAGAATTTCG-1_V13B23-285_B1,13
TTGGCGATCCGAATAT-1_V13B23-285_B1,11
TTGGCTCGCATGAGAC-1_V13B23-285_B1,5
TTGGGACACTGCCCGC-1_V13B23-285_B1,16
TTGGGACGTAAGAGTT-1_V13B23-285_B1,11
TTGGGCGGCGGTTGCC-1_V13B23-285_B1,11
TTGGGTTTATTCAGCG-1_V13B23-285_B1,12
TTGGTATGGCTTGTGT-1_V13B23-285_B1,16
TTGGTCACACTCGTAA-1_V13B23-285_B1,10
TTGGTTCGCTCAAAGG-1_V13B23-285_B1,6
TTGGTTGCGGTGCGCG-1_V13B23-285_B1,10
TTGTAAGGACCTAAGT-1_V13B23-285_B1,1
TTGTAAGGCCAGTTGG-1_V13B23-285_B1,18
TTGTAATCCGTACTCG-1_V13B23-285_B1,10
TTGTATCACACAGAAT-1_V13B23-285_B1,9
TTGTCGTTCAGTTACC-1_V13B23-285_B1,5
TTGTGAACCTAATCCG-1_V13B23-285_B1,11
TTGTGAGGCATGACGC-1_V13B23-285_B1,3
TTGTGCAGCCACGTCA-1_V13B23-285_B1,11
TTGTGGCCCTGACAGT-1_V13B23-285_B1,14
TTGTGGTAGGAGGGAT-1_V13B23-285_B1,8
TTGTGGTATAGGTATG-1_V13B23-285_B1,19
TTGTGTATGCCACCAA-1_V13B23-285_B1,16
TTGTGTTTCCCGAAAG-1_V13B23-285_B1,17
TTGTTAGCAAATTCGA-1_V13B23-285_B1,5
TTGTTCAGTGTGCTAC-1_V13B23-285_B1,5
TTGTTGTGTGTCAAGA-1_V13B23-285_B1,6
TTGTTTCACATCCAGG-1_V13B23-285_B1,19
TTGTTTCATTAGTCTA-1_V13B23-285_B1,1
TTGTTTCCATACAACT-1_V13B23-285_B1,8
AAACAAGTATCTCCCA-1_V13B23-285_C1,11
AAACACCAATAACTGC-1_V13B23-285_C1,10
AAACAGAGCGACTCCT-1_V13B23-285_C1,3
AAACAGCTTTCAGAAG-1_V13B23-285_C1,19
AAACAGGGTCTATATT-1_V13B23-285_C1,10
AAACATTTCCCGGATT-1_V13B23-285_C1,11
AAACCCGAACGAAATC-1_V13B23-285_C1,11
AAACCGGAAATGTTAA-1_V13B23-285_C1,11
AAACCGGGTAGGTACC-1_V13B23-285_C1,7
AAACCGTTCGTCCAGG-1_V13B23-285_C1,10
AAACCTCATGAAGTTG-1_V13B23-285_C1,3
AAACGAGACGGTTGAT-1_V13B23-285_C1,12
AAACGTGTTCGCCCTA-1_V13B23-285_C1,2
AAACTCGTGATATAAG-1_V13B23-285_C1,7
AAACTGCTGGCTCCAA-1_V13B23-285_C1,11
AAACTTGCAAACGTAT-1_V13B23-285_C1,3
AAAGACTGGGCGCTTT-1_V13B23-285_C1,5
AAAGCTTGCCTACATA-1_V13B23-285_C1,16
AAAGGCTACGGACCAT-1_V13B23-285_C1,10
AAAGGCTCTCGCGCCG-1_V13B23-285_C1,1
AAAGGGATGTAGCAAG-1_V13B23-285_C1,12
AAAGGGCAGCTTGAAT-1_V13B23-285_C1,10
AAAGGTAAGCTGTACC-1_V13B23-285_C1,2
AAAGTAGCATTGCTCA-1_V13B23-285_C1,1
AAAGTCACTGATGTAA-1_V13B23-285_C1,9
AAAGTCGACCCTCAGT-1_V13B23-285_C1,3
AAAGTGCCATCAATTA-1_V13B23-285_C1,11
AAAGTGTGATTTATCT-1_V13B23-285_C1,11
AAAGTTGACTCCCGTA-1_V13B23-285_C1,11
AAATAACCATACGGGA-1_V13B23-285_C1,3
AAATAAGGTAGTGCCC-1_V13B23-285_C1,2
AAATACCTATAAGCAT-1_V13B23-285_C1,11
AAATAGCTTAGACTTT-1_V13B23-285_C1,11
AAATAGGGTGCTATTG-1_V13B23-285_C1,11
AAATCGTGTACCACAA-1_V13B23-285_C1,10
AAATCTAGCCCTGCTA-1_V13B23-285_C1,11
AAATGATTCGATCAGC-1_V13B23-285_C1,19
AAATGCTCGTTACGTT-1_V13B23-285_C1,5
AAATGGCATGTCTTGT-1_V13B23-285_C1,13
AAATGGCCCGTGCCCT-1_V13B23-285_C1,10
AAATGGTCAATGTGCC-1_V13B23-285_C1,10
AAATTAACGGGTAGCT-1_V13B23-285_C1,6
AAATTACACGACTCTG-1_V13B23-285_C1,17
AAATTACCTATCGATG-1_V13B23-285_C1,15
AAATTCCAGGTCCAAA-1_V13B23-285_C1,11
AAATTGATAGTCCTTT-1_V13B23-285_C1,7
AAATTGGTGAGAAGCA-1_V13B23-285_C1,2
AAATTTGCGGGTGTGG-1_V13B23-285_C1,10
AACAACTGGTAGTTGC-1_V13B23-285_C1,5
AACAATACATTGTCGA-1_V13B23-285_C1,10
AACAATTACTCTACGC-1_V13B23-285_C1,10
AACACACGCTCGCCGC-1_V13B23-285_C1,11
AACACGACTGTACTGA-1_V13B23-285_C1,9
AACACGAGACGCGGCC-1_V13B23-285_C1,17
AACAGCTGTGTGGCAA-1_V13B23-285_C1,10
AACAGGAAATCGAATA-1_V13B23-285_C1,13
AACAGGATGGGCCGCG-1_V13B23-285_C1,4
AACAGGTAGTATGGAT-1_V13B23-285_C1,11
AACATATCAACTGGTG-1_V13B23-285_C1,17
AACATCGATACGTCTA-1_V13B23-285_C1,3
AACCAAGACTTCTCTG-1_V13B23-285_C1,10
AACCATGGGATCGCTA-1_V13B23-285_C1,5
AACCCAGAGACGGAGA-1_V13B23-285_C1,9
AACCCATCCCATGATC-1_V13B23-285_C1,10
AACCCGAGCAGAATCG-1_V13B23-285_C1,11
AACCCTACTGTCAATA-1_V13B23-285_C1,11
AACCCTGGTGGAACCA-1_V13B23-285_C1,9
AACCGAGCTTGGTCAT-1_V13B23-285_C1,5
AACCGCTAAGGGATGC-1_V13B23-285_C1,11
AACCGTTGTGTTTGCT-1_V13B23-285_C1,6
AACCTCGCTTTAGCCC-1_V13B23-285_C1,11
AACCTGTCACGGAATT-1_V13B23-285_C1,11
AACCTTTAAATACGGT-1_V13B23-285_C1,11
AACCTTTACGACGTCT-1_V13B23-285_C1,1
AACGATAATGCCGTAG-1_V13B23-285_C1,11
AACGATATGTCAACTG-1_V13B23-285_C1,16
AACGCATGATCTGGGT-1_V13B23-285_C1,3
AACGCGGTCTCCAGCC-1_V13B23-285_C1,5
AACGCTGTTGCTGAAA-1_V13B23-285_C1,11
AACGGACGTACGTATA-1_V13B23-285_C1,11
AACGGCCATCTCCGGT-1_V13B23-285_C1,10
AACGTACTGTGGGTAC-1_V13B23-285_C1,10
AACGTCAGACTAGTGG-1_V13B23-285_C1,4
AACGTGATGAAGGACA-1_V13B23-285_C1,18
AACGTGCGAAAGTCTC-1_V13B23-285_C1,13
AACGTTATCAGCACCT-1_V13B23-285_C1,5
AACTACCCGTTTGTCA-1_V13B23-285_C1,11
AACTAGGCTTGGGTGT-1_V13B23-285_C1,10
AACTCAAGTTAATTGC-1_V13B23-285_C1,10
AACTCCAGAGCGTGTT-1_V13B23-285_C1,11
AACTCCTAATCCCATG-1_V13B23-285_C1,4
AACTCTCAATAGAGCG-1_V13B23-285_C1,11
AACTCTCAGTGTGCTC-1_V13B23-285_C1,10
AACTGAGTTATACTGA-1_V13B23-285_C1,11
AACTGATATTAGGCCT-1_V13B23-285_C1,13
AACTGGGTCCCGACGT-1_V13B23-285_C1,13
AACTTCTGCGTCTATC-1_V13B23-285_C1,5
AACTTGCCCGTATGCA-1_V13B23-285_C1,10
AACTTGCGTTCTCGCG-1_V13B23-285_C1,5
AACTTTACGGGAGCTT-1_V13B23-285_C1,8
AACTTTCTCGATCATG-1_V13B23-285_C1,8
AAGAAATCACCAGATT-1_V13B23-285_C1,2
AAGAAGGATCAGTTAG-1_V13B23-285_C1,5
AAGACCCAACTGAACA-1_V13B23-285_C1,10
AAGACTGCAAGCTACT-1_V13B23-285_C1,5
AAGAGATGAATCGGTA-1_V13B23-285_C1,10
AAGAGCTCTTTATCGG-1_V13B23-285_C1,12
AAGAGGATGTACGCGA-1_V13B23-285_C1,10
AAGAGGCATGGATCGC-1_V13B23-285_C1,11
AAGAGGCCCTTTGGAA-1_V13B23-285_C1,11
AAGATGGCACCGGACC-1_V13B23-285_C1,10
AAGATTGGCGGAACGT-1_V13B23-285_C1,3
AAGCACCCTGCGTATC-1_V13B23-285_C1,11
AAGCATACTCTCCTGA-1_V13B23-285_C1,11
AAGCCGAAGCGGTTTA-1_V13B23-285_C1,11
AAGCCGCTTTACCTTG-1_V13B23-285_C1,2
AAGCCGGAGAGCAGGA-1_V13B23-285_C1,11
AAGCGGCGTCATGGGT-1_V13B23-285_C1,14
AAGCGTCCCTCATCGA-1_V13B23-285_C1,10
AAGCTAGATCGAGTAA-1_V13B23-285_C1,11
AAGCTCGTGCCAAGTC-1_V13B23-285_C1,5
AAGCTCTTTCATGGTG-1_V13B23-285_C1,11
AAGGAGCGGTTGGTGC-1_V13B23-285_C1,5
AAGGATCGATCGCTTG-1_V13B23-285_C1,11
AAGGATGAGGGACCTC-1_V13B23-285_C1,19
AAGGCAGGCTGTCTCC-1_V13B23-285_C1,11
AAGGCGCGTAAAGCTT-1_V13B23-285_C1,4
AAGGCTGTGCTCATCG-1_V13B23-285_C1,5
AAGGGACAGATTCTGT-1_V13B23-285_C1,19
AAGGGACTATGCATTC-1_V13B23-285_C1,1
AAGGTATCCTAATATA-1_V13B23-285_C1,16
AAGGTGATAAACCAGC-1_V13B23-285_C1,11
AAGTAGAAGACCGGGT-1_V13B23-285_C1,18
AAGTAGTGACGCGAGG-1_V13B23-285_C1,10
AAGTCAATTGTCGTCA-1_V13B23-285_C1,11
AAGTCTAGTAGCTGCC-1_V13B23-285_C1,17
AAGTGACGACCGAATT-1_V13B23-285_C1,3
AAGTGAGTCGGGTTTA-1_V13B23-285_C1,10
AAGTGCAAAGGTAGAC-1_V13B23-285_C1,5
AAGTGCCTTGACTGTA-1_V13B23-285_C1,11
AAGTGCGTTAGAATCT-1_V13B23-285_C1,1
AAGTGTTTGGAGACGG-1_V13B23-285_C1,11
AAGTTCACTCCAAGCT-1_V13B23-285_C1,11
AAGTTCAGTCTGCGTA-1_V13B23-285_C1,3
AAGTTCGGCCAACAGG-1_V13B23-285_C1,16
AATAACAACGCTCGGC-1_V13B23-285_C1,10
AATAACACTAGAACAA-1_V13B23-285_C1,10
AATAATCTTCGTATCG-1_V13B23-285_C1,11
AATACAATGTTTCAGG-1_V13B23-285_C1,5
AATAGAACAGAGTGGC-1_V13B23-285_C1,10
AATAGAATCTGTTTCA-1_V13B23-285_C1,11
AATAGCTACCGCGTGC-1_V13B23-285_C1,1
AATAGTCCGTCCCGAC-1_V13B23-285_C1,16
AATAGTCGCGAGTCGG-1_V13B23-285_C1,19
AATATCGAATCAATGC-1_V13B23-285_C1,6
AATATCGAGGGTTCTC-1_V13B23-285_C1,3
AATATTGGAGTATTGA-1_V13B23-285_C1,1
AATCATGTAAAGACTC-1_V13B23-285_C1,11
AATCCAAGGGCCTGAG-1_V13B23-285_C1,9
AATCGCCTCAGCGCCA-1_V13B23-285_C1,11
AATCGCGCAGAGGACT-1_V13B23-285_C1,11
AATCTAGGTTTACTTG-1_V13B23-285_C1,10
AATCTATGCCGGAGCC-1_V13B23-285_C1,1
AATCTGCGTTGGGACG-1_V13B23-285_C1,16
AATCTGGCTTTCTAGT-1_V13B23-285_C1,10
AATGACAGCAATGTCT-1_V13B23-285_C1,16
AATGACGTAGGATGTC-1_V13B23-285_C1,11
AATGACTGTCAGCCGG-1_V13B23-285_C1,5
AATGAGTTCGCATATG-1_V13B23-285_C1,5
AATGATGATACGCTAT-1_V13B23-285_C1,17
AATGATGCGACTCCTG-1_V13B23-285_C1,15
AATGCAACCGGGTACC-1_V13B23-285_C1,12
AATGCACCAAGCAATG-1_V13B23-285_C1,8
AATGGTCCACCGTTCA-1_V13B23-285_C1,10
AATGGTTCTCACAAGC-1_V13B23-285_C1,5
AATGTGCCCGAGGTGT-1_V13B23-285_C1,16
AATTAAAGGTCGGCGT-1_V13B23-285_C1,10
AATTAACGGATTTCCA-1_V13B23-285_C1,11
AATTACTCGTACGCTC-1_V13B23-285_C1,9
AATTAGCGCTGCAGCG-1_V13B23-285_C1,12
AATTCATAAGGGATCT-1_V13B23-285_C1,19
AATTCTAGAGTTAGGC-1_V13B23-285_C1,11
AATTGAACGCTCTGGT-1_V13B23-285_C1,11
AATTTGGGACATAGTA-1_V13B23-285_C1,3
AATTTGGTTCCAAAGA-1_V13B23-285_C1,9
ACAAAGCATGACCTAG-1_V13B23-285_C1,11
ACAAATCGCACCGAAT-1_V13B23-285_C1,11
ACAAATGGTAGTGTTT-1_V13B23-285_C1,11
ACAACAGCATGAGCTA-1_V13B23-285_C1,16
ACAACGGTCCCTGCGA-1_V13B23-285_C1,5
ACAAGCAGTGCCTAGC-1_V13B23-285_C1,10
ACAAGGAAATCCGCCC-1_V13B23-285_C1,11
ACAAGGACAAGAGGTT-1_V13B23-285_C1,10
ACAAGGATGCTTTAGG-1_V13B23-285_C1,11
ACAAGGGCAGGCTCTG-1_V13B23-285_C1,11
ACAATAGTCGTACGTT-1_V13B23-285_C1,3
ACAATCCATTTAAACC-1_V13B23-285_C1,10
ACAATGAATACGGAGA-1_V13B23-285_C1,4
ACAATTGTGTCTCTTT-1_V13B23-285_C1,11
ACAATTTAGGAGGCTC-1_V13B23-285_C1,15
ACAATTTGAGCAGTGG-1_V13B23-285_C1,3
ACAATTTGGCCATATT-1_V13B23-285_C1,11
ACACAAAGACGGGTGG-1_V13B23-285_C1,5
ACACACCAGGACCAGT-1_V13B23-285_C1,11
ACACACTTTCTACACG-1_V13B23-285_C1,13
ACACATGATCAAATCT-1_V13B23-285_C1,10
ACACCACATAATTAGC-1_V13B23-285_C1,3
ACACCCAGCATGCAGC-1_V13B23-285_C1,5
ACACCCGAGAAATCCG-1_V13B23-285_C1,12
ACACCGAGCGCTCTTT-1_V13B23-285_C1,7
ACACCTTAAGTAGGGC-1_V13B23-285_C1,5
ACACCTTACTACTTGC-1_V13B23-285_C1,11
ACACGAGACTCCTTCT-1_V13B23-285_C1,3
ACACGGCACTATGCAT-1_V13B23-285_C1,9
ACACGGGAACTTAGGG-1_V13B23-285_C1,1
ACACGTAGGCCACAAG-1_V13B23-285_C1,11
ACACTCCAATGTCACT-1_V13B23-285_C1,5
ACACTGATCAAGGTGT-1_V13B23-285_C1,10
ACACTGGGACAGTCGT-1_V13B23-285_C1,11
ACAGAACTGAGAACAA-1_V13B23-285_C1,1
ACAGCATAGAGCCAGT-1_V13B23-285_C1,9
ACAGCGACATTCTCAT-1_V13B23-285_C1,11
ACAGCGCACCCGCAGC-1_V13B23-285_C1,12
ACAGGCTTGCCCGACT-1_V13B23-285_C1,11
ACAGGTGGAGGTGAGG-1_V13B23-285_C1,10
ACAGTAATACAACTTG-1_V13B23-285_C1,3
ACAGTATACCGTGGGA-1_V13B23-285_C1,3
ACATAAGTCGTGGTGA-1_V13B23-285_C1,10
ACATAATAAGGCGGTG-1_V13B23-285_C1,13
ACATCAGCTGGGACGC-1_V13B23-285_C1,10
ACATCCCGGCCATACG-1_V13B23-285_C1,19
ACATCCTGGTAACTGT-1_V13B23-285_C1,11
ACATCGATCGTTTACC-1_V13B23-285_C1,10
ACATCGGTCAGCCGCG-1_V13B23-285_C1,16
ACATCGTATGCAATGG-1_V13B23-285_C1,6
ACATCGTTAACCTAGT-1_V13B23-285_C1,9
ACATGGCGCCAAAGTA-1_V13B23-285_C1,11
ACATTAGTTTATATCC-1_V13B23-285_C1,12
ACCAAACACCCAGCGA-1_V13B23-285_C1,3
ACCAACACCACACACT-1_V13B23-285_C1,19
ACCAACGCTTATTTAT-1_V13B23-285_C1,10
ACCAAGAACGCGTGTC-1_V13B23-285_C1,13
ACCAATATGCAAGTTA-1_V13B23-285_C1,11
ACCACAAGTTTCTATC-1_V13B23-285_C1,5
ACCACCAATGTAACAA-1_V13B23-285_C1,11
ACCACCCTCTCTTCTA-1_V13B23-285_C1,2
ACCACGTGCAGCTATA-1_V13B23-285_C1,11
ACCACTGTTCAAGAAG-1_V13B23-285_C1,7
ACCAGTGCGGGAGACG-1_V13B23-285_C1,11
ACCATATCCGCAATAA-1_V13B23-285_C1,10
ACCATCCGCCAACTAG-1_V13B23-285_C1,3
ACCATCGTATATGGTA-1_V13B23-285_C1,10
ACCATTAAGGGTGTCA-1_V13B23-285_C1,1
ACCCAACGCCCGTGGC-1_V13B23-285_C1,1
ACCCACCTACATGCTC-1_V13B23-285_C1,10
ACCCATCTTGAGGGTA-1_V13B23-285_C1,10
ACCCATTTGTCCCTCT-1_V13B23-285_C1,11
ACCCGAGCGAAATTAC-1_V13B23-285_C1,4
ACCCGGAAACTCCCAG-1_V13B23-285_C1,11
ACCCGGAGCACCACAA-1_V13B23-285_C1,11
ACCCGGATGACGCATC-1_V13B23-285_C1,11
ACCCGGTTACACTTCC-1_V13B23-285_C1,10
ACCCGTGTCATCAGTA-1_V13B23-285_C1,15
ACCCTATAGGACTGAG-1_V13B23-285_C1,5
ACCCTATGCCATATCG-1_V13B23-285_C1,10
ACCCTCCCTTGCTATT-1_V13B23-285_C1,11
ACCCTGGTAACGCCCT-1_V13B23-285_C1,2
ACCCTTCATCTGCGAA-1_V13B23-285_C1,13
ACCGACACATCTCCCA-1_V13B23-285_C1,11
ACCGACTGAGTCCCAC-1_V13B23-285_C1,16
ACCGATAGGCATAACC-1_V13B23-285_C1,11
ACCGATATTTAATCAT-1_V13B23-285_C1,11
ACCGATGGTAGCATCG-1_V13B23-285_C1,11
ACCGCAATAACTGCCT-1_V13B23-285_C1,11
ACCGCGGTGGAAGTCG-1_V13B23-285_C1,11
ACCGGGCCTTTGTTGA-1_V13B23-285_C1,11
ACCGGTCAGGTACACC-1_V13B23-285_C1,10
ACCGTGACCACGTGGG-1_V13B23-285_C1,10
ACCTAAGTACCTTTCA-1_V13B23-285_C1,15
ACCTAATCGACTTCCT-1_V13B23-285_C1,10
ACCTACAGTATGTGGT-1_V13B23-285_C1,11
ACCTCCGCCCTCGCTG-1_V13B23-285_C1,11
ACCTCCGTTATTCACC-1_V13B23-285_C1,3
ACCTGCGTGTCATGTT-1_V13B23-285_C1,3
ACGAAATGGGCGGCAC-1_V13B23-285_C1,10
ACGACCCATGAGTTGC-1_V13B23-285_C1,11
ACGAGATATTTGCTTA-1_V13B23-285_C1,18
ACGAGGATACCACTCT-1_V13B23-285_C1,10
ACGAGGTTTACAACGT-1_V13B23-285_C1,3
ACGAGTACGGATGCCC-1_V13B23-285_C1,1
ACGATACATAGAACTA-1_V13B23-285_C1,4
ACGATCATACATAGAG-1_V13B23-285_C1,12
ACGATCATCTTGTAAA-1_V13B23-285_C1,11
ACGATGCATATGTTAT-1_V13B23-285_C1,10
ACGATGGATCCGATGC-1_V13B23-285_C1,9
ACGCAAACTAATAGAT-1_V13B23-285_C1,10
ACGCAATCACTACAGC-1_V13B23-285_C1,3
ACGCATACGTTTACTA-1_V13B23-285_C1,11
ACGCATTCGTGAGTAC-1_V13B23-285_C1,7
ACGCCAGATGATTTCT-1_V13B23-285_C1,13
ACGCCGCTAGACGACC-1_V13B23-285_C1,11
ACGCGAAGTCAGACGA-1_V13B23-285_C1,11
ACGCGCTACACAGGGT-1_V13B23-285_C1,10
ACGCGGGCCAAGGACA-1_V13B23-285_C1,5
ACGCTAGTGATACACT-1_V13B23-285_C1,3
ACGCTGTGAGGCGTAG-1_V13B23-285_C1,3
ACGGAATTTAGCAAAT-1_V13B23-285_C1,5
ACGGACTCTCAAAGCG-1_V13B23-285_C1,11
ACGGAGCGCAAATTAC-1_V13B23-285_C1,12
ACGGATGGTGCGGATA-1_V13B23-285_C1,11
ACGGCACTTGCTTGGG-1_V13B23-285_C1,10
ACGGCCAACATGGACT-1_V13B23-285_C1,6
ACGGCGACGATGGGAA-1_V13B23-285_C1,11
ACGGCTGGATGTAGAA-1_V13B23-285_C1,1
ACGGGAGTGTCGGCCC-1_V13B23-285_C1,7
ACGGGCGTATGCGACA-1_V13B23-285_C1,17
ACGGGTCATGTGACTT-1_V13B23-285_C1,5
ACGTACAGATTTCTCT-1_V13B23-285_C1,9
ACGTAGATTGCTGATG-1_V13B23-285_C1,2
ACGTATTACTCCGATC-1_V13B23-285_C1,11
ACGTGCGCCTCGTGCA-1_V13B23-285_C1,13
ACGTTAATGTCGAAGA-1_V13B23-285_C1,11
ACGTTAGATTTGCCCG-1_V13B23-285_C1,10
ACGTTATTGGTCACTC-1_V13B23-285_C1,5
ACGTTCGCAATCAATT-1_V13B23-285_C1,8
ACGTTCGTTCAGGAAA-1_V13B23-285_C1,7
ACGTTTAGTTGTGATC-1_V13B23-285_C1,13
ACTACCAGCTCTCTGG-1_V13B23-285_C1,17
ACTACGCGTTAGAATT-1_V13B23-285_C1,15
ACTAGTTGCGATCGTC-1_V13B23-285_C1,11
ACTATATGCTGTGTTC-1_V13B23-285_C1,16
ACTATCCAGGGCATGG-1_V13B23-285_C1,11
ACTATCTGCCCGCGTA-1_V13B23-285_C1,11
ACTATTCGTCCGTGGT-1_V13B23-285_C1,13
ACTATTTCCGGGCCCA-1_V13B23-285_C1,15
ACTCAAGTGCAAGGCT-1_V13B23-285_C1,11
ACTCAATAAAGGCACG-1_V13B23-285_C1,11
ACTCCCATTCCTAAAG-1_V13B23-285_C1,3
ACTCCCGAATTCGTTT-1_V13B23-285_C1,7
ACTCCCGTAGACTAGG-1_V13B23-285_C1,2
ACTCCCTAATGCTAAA-1_V13B23-285_C1,11
ACTCCCTAGAATAGTA-1_V13B23-285_C1,11
ACTCGATGTATTTCAT-1_V13B23-285_C1,5
ACTCGCGATCTGACGC-1_V13B23-285_C1,11
ACTCGTAACCCGTCCT-1_V13B23-285_C1,16
ACTCGTCAGTAATCCC-1_V13B23-285_C1,11
ACTCTCTGACTTAGGT-1_V13B23-285_C1,11
ACTCTCTTATACACGA-1_V13B23-285_C1,18
ACTCTTCAGCTCCCGC-1_V13B23-285_C1,10
ACTCTTGTATAGTAAC-1_V13B23-285_C1,5
ACTGAAACGCCGTTAG-1_V13B23-285_C1,11
ACTGAATGGCGAAAGT-1_V13B23-285_C1,11
ACTGCCGTCGTAACTC-1_V13B23-285_C1,13
ACTGCGGACACACCGT-1_V13B23-285_C1,11
ACTGCTCGGAAGGATG-1_V13B23-285_C1,10
ACTGTACGATACACAT-1_V13B23-285_C1,3
ACTGTAGCACTTTGGA-1_V13B23-285_C1,17
ACTGTCCAGGATTATA-1_V13B23-285_C1,5
ACTGTCTTCTTTAGAA-1_V13B23-285_C1,15
ACTGTGCTAGTAGATC-1_V13B23-285_C1,9
ACTTACCGGGCGCGCA-1_V13B23-285_C1,5
ACTTACGCATCCACGC-1_V13B23-285_C1,11
ACTTAGTACGACAAGA-1_V13B23-285_C1,9
ACTTATACTTACCCGG-1_V13B23-285_C1,11
ACTTATTAGGATCGGT-1_V13B23-285_C1,10
ACTTATTTATGTGCCA-1_V13B23-285_C1,11
ACTTCAGGCTGATCCC-1_V13B23-285_C1,11
ACTTCCATGCGGGACA-1_V13B23-285_C1,11
ACTTCGCCATACGCAC-1_V13B23-285_C1,19
ACTTCGCTAGCGAGTG-1_V13B23-285_C1,2
ACTTGACTCCCTCTTT-1_V13B23-285_C1,11
ACTTGGGACCCGGTGG-1_V13B23-285_C1,5
ACTTGTGGATGGAACG-1_V13B23-285_C1,11
ACTTTACCCTCATGAA-1_V13B23-285_C1,7
ACTTTCCTATAGCTTC-1_V13B23-285_C1,1
ACTTTGACTGCATCCT-1_V13B23-285_C1,3
ACTTTGGTCGTGCTCC-1_V13B23-285_C1,19
ACTTTGTCGACGCACT-1_V13B23-285_C1,11
AGAAATTATGACTCGC-1_V13B23-285_C1,11
AGAACCCAGCGTGACA-1_V13B23-285_C1,11
AGAACGTGGTACATTC-1_V13B23-285_C1,19
AGAAGAGCGCCGTTCC-1_V13B23-285_C1,11
AGAAGGTACACTTCAC-1_V13B23-285_C1,10
AGAAGGTTGCCGAATT-1_V13B23-285_C1,15
AGAAGTGATTCGTGAT-1_V13B23-285_C1,1
AGAATAAATCTTCAGG-1_V13B23-285_C1,3
AGAATGCGGGTTCGGA-1_V13B23-285_C1,2
AGAATTATGGATTCGA-1_V13B23-285_C1,8
AGAATTGTTTGACATA-1_V13B23-285_C1,5
AGACAGCTCAGAATCC-1_V13B23-285_C1,5
AGACAGGCATCTCAGC-1_V13B23-285_C1,11
AGACCAAACCACACCT-1_V13B23-285_C1,8
AGACCATGGGATACAA-1_V13B23-285_C1,5
AGACCCACCGCTGATC-1_V13B23-285_C1,11
AGACCCGCCCTCCTCG-1_V13B23-285_C1,7
AGACCGCTCCGCGGTT-1_V13B23-285_C1,11
AGACCGGGAAACCCTG-1_V13B23-285_C1,12
AGACGAAGTGCCGGTC-1_V13B23-285_C1,11
AGACGACGATGCCGCT-1_V13B23-285_C1,10
AGACGCCCACTTCGCC-1_V13B23-285_C1,7
AGACTAGCCTTCCAGA-1_V13B23-285_C1,5
AGACTGTTACCGGGTC-1_V13B23-285_C1,10
AGAGAACCGTCTAGGA-1_V13B23-285_C1,3
AGAGAAGGAGTACAAT-1_V13B23-285_C1,10
AGAGATCTCTAAAGCG-1_V13B23-285_C1,10
AGAGCAGTTATGAGAC-1_V13B23-285_C1,10
AGAGCCGCCGAGATTT-1_V13B23-285_C1,11
AGAGCGGGCTAATCAT-1_V13B23-285_C1,13
AGAGCGTACAAGCTCG-1_V13B23-285_C1,10
AGAGGCTTCGGAAACC-1_V13B23-285_C1,11
AGAGTAAACTTCACTA-1_V13B23-285_C1,11
AGAGTATAGTGTTACG-1_V13B23-285_C1,3
AGATAACTTCAGGGCC-1_V13B23-285_C1,10
AGATACCAGCACTTCA-1_V13B23-285_C1,2
AGATACCGGTGTTCAC-1_V13B23-285_C1,10
AGATACGACTTCATAT-1_V13B23-285_C1,9
AGATACTCAAGATCGA-1_V13B23-285_C1,11
AGATCGTGCATAAGAT-1_V13B23-285_C1,3
AGATCTCAGGTGTGAT-1_V13B23-285_C1,3
AGATGACTCGCCCACG-1_V13B23-285_C1,5
AGATGAGGGTTGCGAT-1_V13B23-285_C1,19
AGATGATGGAGTCTGG-1_V13B23-285_C1,2
AGATGCAAGACGTGCA-1_V13B23-285_C1,16
AGATGCTATAACGAGC-1_V13B23-285_C1,4
AGATTATAGGACGTTT-1_V13B23-285_C1,10
AGATTCACAACCGATA-1_V13B23-285_C1,15
AGCAAAGGCCGCTAGT-1_V13B23-285_C1,11
AGCAACATATCTTATT-1_V13B23-285_C1,11
AGCAACCGAAAGTAAT-1_V13B23-285_C1,17
AGCACCAGTACTCACG-1_V13B23-285_C1,15
AGCACTACCGGCCTGT-1_V13B23-285_C1,10
AGCACTACCTCACCAG-1_V13B23-285_C1,11
AGCACTTAAGGACGCC-1_V13B23-285_C1,10
AGCAGCCAGATGAATA-1_V13B23-285_C1,16
AGCATATCAATATGCT-1_V13B23-285_C1,11
AGCATCATTTCGAAAG-1_V13B23-285_C1,10
AGCATCGTCGATAATT-1_V13B23-285_C1,7
AGCCACAGGTTACCCG-1_V13B23-285_C1,11
AGCCACTCCCGTGCTT-1_V13B23-285_C1,4
AGCCCATACATGTAAG-1_V13B23-285_C1,3
AGCCCGGTAGCCTGTA-1_V13B23-285_C1,10
AGCCCTAAGCGAAGTT-1_V13B23-285_C1,13
AGCCCTGTCGCACCGT-1_V13B23-285_C1,11
AGCCCTTCTAATCCGA-1_V13B23-285_C1,3
AGCCCTTGGACATCCC-1_V13B23-285_C1,11
AGCCGTGGCTAAATGT-1_V13B23-285_C1,16
AGCCTAATACCCACGT-1_V13B23-285_C1,10
AGCCTTAAAGCGGAAG-1_V13B23-285_C1,5
AGCGACAGGAACGGTC-1_V13B23-285_C1,10
AGCGACATCCCATTCA-1_V13B23-285_C1,13
AGCGACCAACGATATT-1_V13B23-285_C1,5
AGCGCATAATGAATCG-1_V13B23-285_C1,16
AGCGCGGGTGCCAATG-1_V13B23-285_C1,7
AGCGCTAGAGCGATGT-1_V13B23-285_C1,11
AGCGGACACTTCGTAG-1_V13B23-285_C1,10
AGCGGCGGTTAGCGGT-1_V13B23-285_C1,15
AGCGGGAAGGGTCCAT-1_V13B23-285_C1,9
AGCGGTTGCCGCTCTG-1_V13B23-285_C1,12
AGCGTGGTATTCTACT-1_V13B23-285_C1,11
AGCTAACAAGCAATGT-1_V13B23-285_C1,10
AGCTAGAAGCAGAAGT-1_V13B23-285_C1,3
AGCTATTTAATCCAAC-1_V13B23-285_C1,13
AGCTCCATATATGTTC-1_V13B23-285_C1,11
AGCTCCTTCGCACATC-1_V13B23-285_C1,11
AGCTCTAGACGTTCCA-1_V13B23-285_C1,11
AGCTCTTCCCAGTGCA-1_V13B23-285_C1,19
AGCTCTTCGTAACCTT-1_V13B23-285_C1,11
AGCTCTTTACTCAGTT-1_V13B23-285_C1,10
AGCTGAAGTAAACCAA-1_V13B23-285_C1,11
AGCTGTAACCTCAATC-1_V13B23-285_C1,17
AGCTTGATCTTAACTT-1_V13B23-285_C1,5
AGGAAGCTGTCCGCCG-1_V13B23-285_C1,11
AGGACAGTCGAATCCC-1_V13B23-285_C1,11
AGGACATCGCACGTCG-1_V13B23-285_C1,18
AGGACGACCCATTAGA-1_V13B23-285_C1,10
AGGACGCTCGATGTTG-1_V13B23-285_C1,3
AGGAGACATCCACAGT-1_V13B23-285_C1,1
AGGAGAGTCTGGCTAC-1_V13B23-285_C1,17
AGGAGGCCTTCGCGCG-1_V13B23-285_C1,11
AGGATAAAGTCGGGAT-1_V13B23-285_C1,11
AGGATATAGGGATTTA-1_V13B23-285_C1,11
AGGATCACGCGATCTG-1_V13B23-285_C1,10
AGGATTGCTTACGACA-1_V13B23-285_C1,1
AGGCACGTGACTGTCC-1_V13B23-285_C1,11
AGGCAGATGCGTAAAC-1_V13B23-285_C1,3
AGGCAGGGAGCGTACT-1_V13B23-285_C1,10
AGGCATTGTCGTAGGG-1_V13B23-285_C1,11
AGGCCACATTGGTTAC-1_V13B23-285_C1,11
AGGCCACCCGTTATGA-1_V13B23-285_C1,10
AGGCCCATTGTACAGG-1_V13B23-285_C1,13
AGGCCCTAGAACGCCA-1_V13B23-285_C1,10
AGGCCTGAGAATCTCG-1_V13B23-285_C1,11
AGGCGATAACTGGCGT-1_V13B23-285_C1,11
AGGCGGTTTGTCCCGC-1_V13B23-285_C1,10
AGGCGTCTATGGACGG-1_V13B23-285_C1,3
AGGCTATGGTTAGCTT-1_V13B23-285_C1,10
AGGCTTCCCGAAGAAG-1_V13B23-285_C1,10
AGGCTTGCTAGACACC-1_V13B23-285_C1,10
AGGGAAACGAGGTACT-1_V13B23-285_C1,3
AGGGACCGGCTGCGTT-1_V13B23-285_C1,11
AGGGACTCTACGCGAC-1_V13B23-285_C1,16
AGGGAGACATACTTCG-1_V13B23-285_C1,3
AGGGCAGCGGCGTGGT-1_V13B23-285_C1,9
AGGGCGAGCAGCTGAT-1_V13B23-285_C1,3
AGGGCGTGATCGGCTA-1_V13B23-285_C1,4
AGGGCTGCAGTTACAG-1_V13B23-285_C1,4
AGGGTCAGTAACCCTA-1_V13B23-285_C1,3
AGGGTCGATGCGAACT-1_V13B23-285_C1,11
AGGGTGCTCTCGAGGG-1_V13B23-285_C1,16
AGGGTGGATAGTGCAT-1_V13B23-285_C1,5
AGGGTTCCCTTTGGTT-1_V13B23-285_C1,1
AGGGTTTAGTTCGGGA-1_V13B23-285_C1,8
AGGTAACCTCCTATTC-1_V13B23-285_C1,9
AGGTACGATATTGCCA-1_V13B23-285_C1,13
AGGTAGGTACAAAGCT-1_V13B23-285_C1,7
AGGTATAATTGATAGT-1_V13B23-285_C1,11
AGGTATGCGGACATTA-1_V13B23-285_C1,11
AGGTCAGGTGAGAGTG-1_V13B23-285_C1,16
AGGTCGCCTCCCAACA-1_V13B23-285_C1,11
AGGTCGCGGAGTTACT-1_V13B23-285_C1,15
AGGTGTATCGCCATGA-1_V13B23-285_C1,1
AGGTTACACCATGCCG-1_V13B23-285_C1,11
AGGTTGAGGCACGCTT-1_V13B23-285_C1,13
AGGTTTCACACACCTT-1_V13B23-285_C1,11
AGTAATGTCTTGCCGC-1_V13B23-285_C1,13
AGTACATCATTTATCA-1_V13B23-285_C1,1
AGTACCTTCGAGTGCT-1_V13B23-285_C1,14
AGTACGGCCCGTATCG-1_V13B23-285_C1,3
AGTACGGGCACCTGGC-1_V13B23-285_C1,16
AGTACTCTTATGCCCA-1_V13B23-285_C1,11
AGTAGGAAGGAAGTTG-1_V13B23-285_C1,19
AGTAGGTAACATACAT-1_V13B23-285_C1,9
AGTATAATACTAGGCA-1_V13B23-285_C1,10
AGTATGCTGGAGACCA-1_V13B23-285_C1,16
AGTATTTGGCACGACC-1_V13B23-285_C1,10
AGTCAACACCACCATC-1_V13B23-285_C1,10
AGTCAAGATGACACTT-1_V13B23-285_C1,11
AGTCACTAGCTCTCGA-1_V13B23-285_C1,11
AGTCAGCCACCGCCTG-1_V13B23-285_C1,5
AGTCCATTGGCTGATG-1_V13B23-285_C1,11
AGTCCCGCCTTTAATT-1_V13B23-285_C1,19
AGTCCCTCGCAGAAAG-1_V13B23-285_C1,17
AGTCGACGGTCTCAAG-1_V13B23-285_C1,11
AGTCGGCCCAAACGAC-1_V13B23-285_C1,5
AGTCGGCTCAACTTTA-1_V13B23-285_C1,1
AGTCGGTTGCGTGAGA-1_V13B23-285_C1,11
AGTCGTCGACCACCAA-1_V13B23-285_C1,11
AGTCGTGGGCATTACG-1_V13B23-285_C1,16
AGTCTAAAGTATACTC-1_V13B23-285_C1,1
AGTCTCACAAGACTAC-1_V13B23-285_C1,16
AGTCTGGACATCCTTG-1_V13B23-285_C1,5
AGTCTTCTCCTCAAAT-1_V13B23-285_C1,12
AGTGAACAAACTTCTC-1_V13B23-285_C1,11
AGTGAAGATGGTGTCC-1_V13B23-285_C1,2
AGTGACCTACTTTACG-1_V13B23-285_C1,10
AGTGAGACTTCCAGTA-1_V13B23-285_C1,11
AGTGAGCCTCGCCGCC-1_V13B23-285_C1,3
AGTGAGGGTTTCTGAC-1_V13B23-285_C1,2
AGTGATAACCTGCGCG-1_V13B23-285_C1,11
AGTGATATGAGTAGTT-1_V13B23-285_C1,10
AGTGATTCAAGCAGGA-1_V13B23-285_C1,16
AGTGCACGCTTAAGAA-1_V13B23-285_C1,11
AGTGCGTAGCTCGTAA-1_V13B23-285_C1,17
AGTGCTAAACACAGCA-1_V13B23-285_C1,11
AGTGCTTGCACGAATA-1_V13B23-285_C1,11
AGTGGCGGCAATTTGA-1_V13B23-285_C1,16
AGTGGCGTCTGAAGGT-1_V13B23-285_C1,11
AGTGGCTCCGTCGGCC-1_V13B23-285_C1,10
AGTGGTGTTACCCGTG-1_V13B23-285_C1,1
AGTGGTTGCGTATAGG-1_V13B23-285_C1,12
AGTGTATTGCGCATTG-1_V13B23-285_C1,15
AGTGTGCTAAGATCGC-1_V13B23-285_C1,5
AGTGTGGTCTATTGTG-1_V13B23-285_C1,5
AGTTAAACACTTGCGA-1_V13B23-285_C1,7
AGTTAAGCGGTCCCGG-1_V13B23-285_C1,13
AGTTAAGTCAACCGCT-1_V13B23-285_C1,17
AGTTACCCTTAAGACT-1_V13B23-285_C1,16
AGTTACCGCACATGGT-1_V13B23-285_C1,5
AGTTACTCTATCGTGG-1_V13B23-285_C1,3
AGTTCACCGGTTGGAC-1_V13B23-285_C1,1
AGTTCCTACAGAATTA-1_V13B23-285_C1,5
AGTTCCTATTTATGTT-1_V13B23-285_C1,11
AGTTCTGCGTTGTATC-1_V13B23-285_C1,12
AGTTGCTGACTGATAT-1_V13B23-285_C1,5
AGTTTATGTAAAGACA-1_V13B23-285_C1,17
AGTTTCGCAGGTCGGA-1_V13B23-285_C1,6
AGTTTGCACCTGCCTC-1_V13B23-285_C1,11
AGTTTGGCACGGGTTG-1_V13B23-285_C1,11
AGTTTGGCCAGACCTA-1_V13B23-285_C1,3
ATAAACGGACCCGTAA-1_V13B23-285_C1,11
ATAAACGTTGCACCAC-1_V13B23-285_C1,11
ATAAAGGCTCGGTCGT-1_V13B23-285_C1,10
ATAAATATTAGCAGCT-1_V13B23-285_C1,10
ATAACGCCGGAGGGTC-1_V13B23-285_C1,11
ATAACGGAGTCCAACG-1_V13B23-285_C1,5
ATAAGGTGGAGAACAT-1_V13B23-285_C1,11
ATAAGTAGGATTCAGA-1_V13B23-285_C1,3
ATAAGTAGGGCGACTC-1_V13B23-285_C1,11
ATAAGTTACCGCGACG-1_V13B23-285_C1,10
ATAATACCGTTAGCCG-1_V13B23-285_C1,5
ATAATAGCTGTTGAAT-1_V13B23-285_C1,11
ATAATAGTGTAGGGAC-1_V13B23-285_C1,5
ATAATCTTGGAGAACC-1_V13B23-285_C1,11
ATACAGGCCCTCCAAT-1_V13B23-285_C1,11
ATACCACGGGCAACTT-1_V13B23-285_C1,10
ATACCGTCATCCATAA-1_V13B23-285_C1,2
ATACCTAACCAAGAAA-1_V13B23-285_C1,11
ATACGAAGGCTTTCCA-1_V13B23-285_C1,11
ATACGCCGGCGAAACC-1_V13B23-285_C1,11
ATACGGAACGTCGTTT-1_V13B23-285_C1,10
ATACGGGTTTCGATTG-1_V13B23-285_C1,18
ATACGGTGAAGATGCA-1_V13B23-285_C1,10
ATACGTACTTAGCCAC-1_V13B23-285_C1,11
ATACGTCCACTCCTGT-1_V13B23-285_C1,11
ATACGTTATGCACGGA-1_V13B23-285_C1,1
ATACTACCCGTACCAC-1_V13B23-285_C1,11
ATACTAGCATGACCCT-1_V13B23-285_C1,13
ATACTGCCTTACACCG-1_V13B23-285_C1,11
ATACTTGTTCTCGAGC-1_V13B23-285_C1,17
ATAGACAACGGGACCT-1_V13B23-285_C1,1
ATAGACGAAGAGAAAG-1_V13B23-285_C1,10
ATAGAGTACTGGGACA-1_V13B23-285_C1,5
ATAGAGTTATCAACTT-1_V13B23-285_C1,19
ATAGCAACTAGGGAAG-1_V13B23-285_C1,11
ATAGCCTCAGTACCCA-1_V13B23-285_C1,5
ATAGCTGCTCTTGTTA-1_V13B23-285_C1,4
ATAGGCGGCTATAGAA-1_V13B23-285_C1,15
ATAGGCTAGCTTCGCA-1_V13B23-285_C1,7
ATAGGGATATCCTTGA-1_V13B23-285_C1,13
ATAGGTTGGGCAGATG-1_V13B23-285_C1,15
ATAGTGAAGCGTTCTC-1_V13B23-285_C1,10
ATAGTTCCACCCACTC-1_V13B23-285_C1,11
ATATAAAGCGCTCGTG-1_V13B23-285_C1,11
ATATAAATGTAGCTGC-1_V13B23-285_C1,11
ATATACGCTCGTGACG-1_V13B23-285_C1,11
ATATCAACCTACAGAG-1_V13B23-285_C1,11
ATATCGGTAGGGAGAT-1_V13B23-285_C1,11
ATATCGTTCCTCGAAC-1_V13B23-285_C1,11
ATATCTCCCTCGTTAA-1_V13B23-285_C1,16
ATATCTTAGGGCCTTC-1_V13B23-285_C1,11
ATATGTCTCCCTAGCC-1_V13B23-285_C1,11
ATATTCAGTTAAACCT-1_V13B23-285_C1,7
ATATTCCACATAGTGA-1_V13B23-285_C1,11
ATATTCCCACAGGTCA-1_V13B23-285_C1,9
ATATTGCTGTCAAAGT-1_V13B23-285_C1,5
ATATTGGAGAGGCCTT-1_V13B23-285_C1,11
ATATTTAACCCTCAAG-1_V13B23-285_C1,5
ATCAAACACTGTTCCA-1_V13B23-285_C1,11
ATCAAACGAAGGTTTG-1_V13B23-285_C1,3
ATCAATCTGGGCTGCA-1_V13B23-285_C1,2
ATCAATGCCGTGGCTG-1_V13B23-285_C1,10
ATCACATTAGAATATC-1_V13B23-285_C1,16
ATCACGTGCTAATTAA-1_V13B23-285_C1,16
ATCACTTCATCCTCGC-1_V13B23-285_C1,12
ATCAGACGGCACGCCG-1_V13B23-285_C1,16
ATCAGCCTCATGCTGC-1_V13B23-285_C1,11
ATCAGCTCGTCCACTA-1_V13B23-285_C1,10
ATCAGGTAGCTGACAG-1_V13B23-285_C1,10
ATCAGTAGGCAGGGAT-1_V13B23-285_C1,16
ATCATAGCCCTATGTA-1_V13B23-285_C1,11
ATCATCCAATATTTGT-1_V13B23-285_C1,10
ATCATGGACTACCGAC-1_V13B23-285_C1,11
ATCCAACGCAGTCATA-1_V13B23-285_C1,4
ATCCAATGGAGGGTCC-1_V13B23-285_C1,1
ATCCACATCGACAGAA-1_V13B23-285_C1,11
ATCCAGAGCAACAACC-1_V13B23-285_C1,7
ATCCAGGATTCGTGAA-1_V13B23-285_C1,10
ATCCTACCTAAGCTCT-1_V13B23-285_C1,10
ATCCTGAATCGCTGCG-1_V13B23-285_C1,10
ATCCTGCGTGGAATGG-1_V13B23-285_C1,7
ATCCTTCTGAAAGAAC-1_V13B23-285_C1,11
ATCGACCCAATACAGA-1_V13B23-285_C1,11
ATCGACTCTTTCCGTT-1_V13B23-285_C1,5
ATCGCACGCCGGGAGA-1_V13B23-285_C1,7
ATCGCCAGTCAACATT-1_V13B23-285_C1,11
ATCGCTGCGTGCAGCA-1_V13B23-285_C1,3
ATCGCTTTACGTCTCA-1_V13B23-285_C1,10
ATCGGAGACAGACGGC-1_V13B23-285_C1,11
ATCGGCAAGCAGTCCA-1_V13B23-285_C1,3
ATCGGTTACCTAGTAA-1_V13B23-285_C1,16
ATCGTTAGCTAGCGGA-1_V13B23-285_C1,11
ATCGTTCACTTTCGCC-1_V13B23-285_C1,12
ATCTAACGTCCCTATG-1_V13B23-285_C1,4
ATCTAATATCCTACGG-1_V13B23-285_C1,11
ATCTCCCACGGAATAT-1_V13B23-285_C1,11
ATCTCCCTGCAATCTA-1_V13B23-285_C1,13
ATCTCGTGAGCGAAAC-1_V13B23-285_C1,11
ATCTGATAGTGTCTTA-1_V13B23-285_C1,5
ATCTGCACCTCTGCGA-1_V13B23-285_C1,3
ATCTGGGCTGTTCTTG-1_V13B23-285_C1,11
ATCTGGTTAAGACTGT-1_V13B23-285_C1,15
ATCTGTAATTGTACCC-1_V13B23-285_C1,13
ATCTTGACCTGCAACG-1_V13B23-285_C1,5
ATCTTGACTTGTCCAA-1_V13B23-285_C1,8
ATCTTTCGTATAACCA-1_V13B23-285_C1,1
ATGAAGCCAAGGAGCC-1_V13B23-285_C1,5
ATGACGCCGGCTCTAA-1_V13B23-285_C1,13
ATGACGCGTTCTATCC-1_V13B23-285_C1,19
ATGACTATCAGCTGTG-1_V13B23-285_C1,10
ATGACTATGCGACATT-1_V13B23-285_C1,11
ATGAGGAGTGTTAATC-1_V13B23-285_C1,5
ATGAGGGCAGCGGCTA-1_V13B23-285_C1,11
ATGATCGGGAATAGAC-1_V13B23-285_C1,13
ATGATGCAATGGTACA-1_V13B23-285_C1,10
ATGCACCTTCCTTAAT-1_V13B23-285_C1,1
ATGCACTACCGCATTG-1_V13B23-285_C1,5
ATGCATGATCCAGGAT-1_V13B23-285_C1,5
ATGCCAATCGCTCTGC-1_V13B23-285_C1,18
ATGCCATTTGCGACCA-1_V13B23-285_C1,11
ATGCCGGTCTTGCATA-1_V13B23-285_C1,3
ATGCCGGTTGATGGGA-1_V13B23-285_C1,5
ATGCGACAATTGGTCC-1_V13B23-285_C1,18
ATGCGACAGTCCCATT-1_V13B23-285_C1,2
ATGCGAGTCCCACCAC-1_V13B23-285_C1,11
ATGCTCAGTGTTGCAT-1_V13B23-285_C1,5
ATGCTCTGGCGCGGTA-1_V13B23-285_C1,11
ATGCTTAGGAGTTGAT-1_V13B23-285_C1,11
ATGGAACCTTTGCACA-1_V13B23-285_C1,11
ATGGAGCAGGCCGTGA-1_V13B23-285_C1,12
ATGGATCCGGCGTCCG-1_V13B23-285_C1,13
ATGGATTGACCAAACG-1_V13B23-285_C1,18
ATGGCAGCCGAGAAAC-1_V13B23-285_C1,15
ATGGCGGAATAGTCGC-1_V13B23-285_C1,10
ATGGCTGGAAATGGCC-1_V13B23-285_C1,12
ATGGGACCTGCTGAAC-1_V13B23-285_C1,10
ATGGGCCTCGGCCTCT-1_V13B23-285_C1,11
ATGGTCGCGTGGTTTC-1_V13B23-285_C1,12
ATGTAAGGCTGCTCTT-1_V13B23-285_C1,3
ATGTGAAAGCCTAATG-1_V13B23-285_C1,10
ATGTGCATCCGACGCA-1_V13B23-285_C1,5
ATGTGGACATCTTGAT-1_V13B23-285_C1,11
ATGTTACGAGCAATAC-1_V13B23-285_C1,5
ATGTTCCTGCCCACCT-1_V13B23-285_C1,5
ATGTTCGTCGACCCAC-1_V13B23-285_C1,10
ATGTTTCGGCCCGGAG-1_V13B23-285_C1,10
ATTAAACATGCGGACC-1_V13B23-285_C1,10
ATTAATACTACGCGGG-1_V13B23-285_C1,5
ATTAATGAACCAGTCG-1_V13B23-285_C1,16
ATTAATTCGGTCACTC-1_V13B23-285_C1,13
ATTACAACTACCGGCC-1_V13B23-285_C1,12
ATTACATGTCAGTCTT-1_V13B23-285_C1,11
ATTACCACACTGCCTG-1_V13B23-285_C1,11
ATTACGACTCCACAGT-1_V13B23-285_C1,2
ATTACGCGCTGGCAGG-1_V13B23-285_C1,10
ATTACTAGCCTCTTGC-1_V13B23-285_C1,5
ATTACTTACTGGGCAT-1_V13B23-285_C1,17
ATTAGATTCCTCAGCA-1_V13B23-285_C1,8
ATTAGATTGATAGCGG-1_V13B23-285_C1,13
ATTAGGCGATGCTTTC-1_V13B23-285_C1,11
ATTATACTTTGCTCGT-1_V13B23-285_C1,13
ATTATGCCATAGGGAG-1_V13B23-285_C1,5
ATTATTATGTCCGTCA-1_V13B23-285_C1,10
ATTCAACCATTTAAGG-1_V13B23-285_C1,11
ATTCACTGATGTTGGA-1_V13B23-285_C1,11
ATTCAGGACCTATTTC-1_V13B23-285_C1,3
ATTCAGTAGCAGGGTC-1_V13B23-285_C1,10
ATTCATATACTGTCCA-1_V13B23-285_C1,11
ATTCATCGTTGAGGCA-1_V13B23-285_C1,11
ATTCCCACATAAACAA-1_V13B23-285_C1,10
ATTCCTAAGACGTGGA-1_V13B23-285_C1,3
ATTCCTCCGCCAGTGC-1_V13B23-285_C1,5
ATTCGACGCCGGGCCT-1_V13B23-285_C1,15
ATTCGTGCTATCTCTT-1_V13B23-285_C1,11
ATTCTCGTCTCTTTAG-1_V13B23-285_C1,9
ATTCTTCGTACTTATG-1_V13B23-285_C1,12
ATTGAAGATCTTAGTG-1_V13B23-285_C1,5
ATTGACCGGCGATGAC-1_V13B23-285_C1,17
ATTGACGTAACTCGGT-1_V13B23-285_C1,9
ATTGATAGCAACGAGA-1_V13B23-285_C1,12
ATTGATGAGTCCTAAC-1_V13B23-285_C1,8
ATTGCGATCAGTAACT-1_V13B23-285_C1,11
ATTGCTGCTCCTCCAT-1_V13B23-285_C1,10
ATTGGATTACAGCGTA-1_V13B23-285_C1,11
ATTGGGAATATCTTGG-1_V13B23-285_C1,9
ATTGTACAACTCGGCT-1_V13B23-285_C1,11
ATTGTCGCAATACCTT-1_V13B23-285_C1,3
ATTGTGACTTCGCTGC-1_V13B23-285_C1,2
ATTGTTCAACGATCCG-1_V13B23-285_C1,11
ATTTACAGTTTACTGG-1_V13B23-285_C1,10
ATTTACTAAGTCCATT-1_V13B23-285_C1,16
ATTTCATTATTTCGCG-1_V13B23-285_C1,13
ATTTCCGGGTTCTGCG-1_V13B23-285_C1,10
ATTTGCGCGAGTAGCT-1_V13B23-285_C1,17
ATTTGTCTTGGGAGCT-1_V13B23-285_C1,11
ATTTGTTCCAGGGCTC-1_V13B23-285_C1,13
CAAACGAGTATCGCAG-1_V13B23-285_C1,10
CAAACGGTCGCACTTT-1_V13B23-285_C1,10
CAAACTACGATAGAGA-1_V13B23-285_C1,12
CAAACTATTGAGCTTC-1_V13B23-285_C1,9
CAAACTCGCGACGCCG-1_V13B23-285_C1,11
CAAAGATTATTGGGCC-1_V13B23-285_C1,16
CAAAGGTCATCTGAAA-1_V13B23-285_C1,11
CAAATCTCTCACAAGG-1_V13B23-285_C1,15
CAAATGTCCTTCCGTG-1_V13B23-285_C1,10
CAAATTGGATTATGCC-1_V13B23-285_C1,2
CAAATTGTCAGCAAGC-1_V13B23-285_C1,13
CAACACATCTCCTGCC-1_V13B23-285_C1,19
CAACCAGTGGCCTACC-1_V13B23-285_C1,11
CAACCGCACCTAGACA-1_V13B23-285_C1,8
CAACCTACCGAGCAGT-1_V13B23-285_C1,11
CAACCTGAACCTGCCA-1_V13B23-285_C1,4
CAACGACCCGTTTACA-1_V13B23-285_C1,5
CAACGGTTCTTGATAC-1_V13B23-285_C1,4
CAACGTGGTGGAGTCT-1_V13B23-285_C1,11
CAACTCCGTAACTTGC-1_V13B23-285_C1,14
CAACTCCTTGATCCCG-1_V13B23-285_C1,12
CAACTGCTCATCCGAT-1_V13B23-285_C1,10
CAAGACTCAGAAGCGC-1_V13B23-285_C1,2
CAAGAGGGCGGAGTAC-1_V13B23-285_C1,11
CAAGATATTATAACGT-1_V13B23-285_C1,11
CAAGCAACGTCGGAGT-1_V13B23-285_C1,10
CAAGCACCAAATGCCT-1_V13B23-285_C1,13
CAAGCGGCACATAATT-1_V13B23-285_C1,11
CAAGGATCGCATGTTC-1_V13B23-285_C1,11
CAAGGTCCTATAGGCT-1_V13B23-285_C1,19
CAAGTGTGGTTGCAAA-1_V13B23-285_C1,11
CAATAAACCTTGGCCC-1_V13B23-285_C1,5
CAATACGAGAGTCTGA-1_V13B23-285_C1,11
CAATATGTAGATTTAC-1_V13B23-285_C1,14
CAATATTCTTGACCTA-1_V13B23-285_C1,10
CAATCCCTATACCAGC-1_V13B23-285_C1,12
CAATCCTGCCGTGGAG-1_V13B23-285_C1,5
CAATGAGGTTCGACTA-1_V13B23-285_C1,15
CAATGCGAGAAGTATC-1_V13B23-285_C1,11
CAATGGAATCTACATA-1_V13B23-285_C1,12
CAATGGATCTCTACCA-1_V13B23-285_C1,3
CAATGTGCCAACCCTT-1_V13B23-285_C1,11
CAATTAAGGGTGATGA-1_V13B23-285_C1,19
CAATTTCGTATAAGGG-1_V13B23-285_C1,11
CACAAGAAAGATATTA-1_V13B23-285_C1,2
CACAATGAGCTGCTAT-1_V13B23-285_C1,10
CACACACGCTAACGAG-1_V13B23-285_C1,11
CACACAGCTTGCGCTC-1_V13B23-285_C1,11
CACACAGGGATAGATT-1_V13B23-285_C1,10
CACACGCGCTGTCTTA-1_V13B23-285_C1,16
CACAGCACCCACGGCA-1_V13B23-285_C1,16
CACAGCTAGGGAGTGA-1_V13B23-285_C1,13
CACAGGGCCATATAGT-1_V13B23-285_C1,11
CACAGGGCCGTTGTCA-1_V13B23-285_C1,10
CACAGTCCCGCTTCGC-1_V13B23-285_C1,11
CACAGTTCGCTTCCCA-1_V13B23-285_C1,11
CACATATTAGCAGGAT-1_V13B23-285_C1,11
CACATCGTGCACGCGC-1_V13B23-285_C1,10
CACATCTCACCGACGA-1_V13B23-285_C1,11
CACATGATTCAGCAAC-1_V13B23-285_C1,11
CACATTCTTTCGATGG-1_V13B23-285_C1,3
CACATTTCTTGTCAGA-1_V13B23-285_C1,11
CACCACGCCACACAGA-1_V13B23-285_C1,3
CACCAGTCAGCATGCA-1_V13B23-285_C1,10
CACCATCGGAGGAGAC-1_V13B23-285_C1,9
CACCATGATCGCAAAG-1_V13B23-285_C1,2
CACCCAAATCTTATGT-1_V13B23-285_C1,11
CACCCACACGTCACCC-1_V13B23-285_C1,5
CACCCACGAGGCAATT-1_V13B23-285_C1,5
CACCCGGTTTGTGACT-1_V13B23-285_C1,10
CACCCTAACAAGATCT-1_V13B23-285_C1,11
CACCCTTGGTGAGACC-1_V13B23-285_C1,12
CACCGATACACCGAGC-1_V13B23-285_C1,18
CACCGCCAGAAGGTTT-1_V13B23-285_C1,7
CACCGCCGACCAGCGA-1_V13B23-285_C1,9
CACCGCGTCCACTCTA-1_V13B23-285_C1,12
CACCGTATCCCATCCG-1_V13B23-285_C1,11
CACCGTTAGGGATCAC-1_V13B23-285_C1,10
CACCGTTGCGCGATAT-1_V13B23-285_C1,7
CACCTAATAGAGTCGT-1_V13B23-285_C1,5
CACCTAATCAGTTTAC-1_V13B23-285_C1,13
CACCTCGATGGTGGAC-1_V13B23-285_C1,13
CACCTTGCGAAACTCG-1_V13B23-285_C1,7
CACCTTGGCGCCTTTG-1_V13B23-285_C1,12
CACGAAAGTTAGTCCC-1_V13B23-285_C1,10
CACGCACAGCGCAGCT-1_V13B23-285_C1,15
CACGCAGCGAGGCTTT-1_V13B23-285_C1,10
CACGCGGAACTGTTGC-1_V13B23-285_C1,11
CACGGACGTGGATGGC-1_V13B23-285_C1,2
CACGGCGCGCCAAAGG-1_V13B23-285_C1,3
CACGGGATTGAGGGTT-1_V13B23-285_C1,10
CACGTCGGCAACCTCT-1_V13B23-285_C1,19
CACGTTCGTGCTCTAG-1_V13B23-285_C1,11
CACGTTTCGTACACAC-1_V13B23-285_C1,11
CACTAAAGTTGCCTAT-1_V13B23-285_C1,10
CACTACGGGAGCTGCC-1_V13B23-285_C1,11
CACTCAAGAGCTATGG-1_V13B23-285_C1,10
CACTCAGCTCTTGAGG-1_V13B23-285_C1,9
CACTCCTATGTAAGAT-1_V13B23-285_C1,10
CACTCCTCTCGGTCGG-1_V13B23-285_C1,3
CACTCGAGCTGAACAA-1_V13B23-285_C1,11
CACTCGGTTAGGAGGA-1_V13B23-285_C1,10
CACTCTTCTGCTAGCC-1_V13B23-285_C1,11
CACTGTCCAAGTGAGA-1_V13B23-285_C1,5
CACTTAATCAGACGGA-1_V13B23-285_C1,10
CACTTCGCCACAGGCT-1_V13B23-285_C1,5
CACTTCGTCTTATCTC-1_V13B23-285_C1,5
CAGAACTTAGCCCTCT-1_V13B23-285_C1,11
CAGAATAACACACGGA-1_V13B23-285_C1,11
CAGAATATTCGTTATC-1_V13B23-285_C1,11
CAGACACCGATCGCTG-1_V13B23-285_C1,16
CAGACCTGTAAGTGTT-1_V13B23-285_C1,8
CAGACGAACCTGATAC-1_V13B23-285_C1,10
CAGAGACGGTCACCCA-1_V13B23-285_C1,10
CAGAGCATGAGCTTGC-1_V13B23-285_C1,16
CAGAGGCGATGCATGA-1_V13B23-285_C1,10
CAGAGTGATTTAACGT-1_V13B23-285_C1,9
CAGATACTAACATAGT-1_V13B23-285_C1,5
CAGATCATTTAAAGTC-1_V13B23-285_C1,3
CAGATCCTGGTTTGAA-1_V13B23-285_C1,10
CAGCAGCCCGTTCCTT-1_V13B23-285_C1,3
CAGCAGTCCAGACTAT-1_V13B23-285_C1,11
CAGCAGTCTGTGCTGC-1_V13B23-285_C1,11
CAGCCGGGCCCTCTAT-1_V13B23-285_C1,3
CAGCCTCCTGCAGAGG-1_V13B23-285_C1,12
CAGCCTCGATAGCGGT-1_V13B23-285_C1,11
CAGCCTCTCCTCAAGA-1_V13B23-285_C1,3
CAGCGATTCCCTTCAA-1_V13B23-285_C1,10
CAGCTCACTGAGACAT-1_V13B23-285_C1,2
CAGCTCGACAAGTTAA-1_V13B23-285_C1,1
CAGCTCGTGCTTGTGT-1_V13B23-285_C1,9
CAGCTGGCGTAACCGT-1_V13B23-285_C1,17
CAGCTTAGTAGGTAGC-1_V13B23-285_C1,10
CAGGAAGACTTTATAT-1_V13B23-285_C1,4
CAGGACAGCTGCCCTT-1_V13B23-285_C1,10
CAGGATATATCGTTGT-1_V13B23-285_C1,11
CAGGCCGTTTGGGTGT-1_V13B23-285_C1,10
CAGGCGCACGGTGGTC-1_V13B23-285_C1,16
CAGGCGCCATGCTAGG-1_V13B23-285_C1,11
CAGTAACTATTTATTG-1_V13B23-285_C1,3
CAGTAATCCCTCCCAG-1_V13B23-285_C1,5
CAGTACATTCTCTAAA-1_V13B23-285_C1,3
CAGTACCAGTTTACGT-1_V13B23-285_C1,10
CAGTAGCCCACGCGGT-1_V13B23-285_C1,3
CAGTCGAGGATGCAAT-1_V13B23-285_C1,7
CAGTCTGTATACTGGG-1_V13B23-285_C1,11
CAGTGAATAAATGACT-1_V13B23-285_C1,4
CAGTGGTTGCACATGA-1_V13B23-285_C1,5
CAGTGTCCGCAGAATG-1_V13B23-285_C1,9
CAGTGTCGGCTGGCCC-1_V13B23-285_C1,11
CAGTTCAAATTGACAC-1_V13B23-285_C1,5
CAGTTCCGCGGGTCGA-1_V13B23-285_C1,10
CATAACGGACAGTCGT-1_V13B23-285_C1,11
CATAAGAAGCTTGGCT-1_V13B23-285_C1,11
CATAAGCTCTCCGTCT-1_V13B23-285_C1,3
CATACAAAGCCGAACC-1_V13B23-285_C1,9
CATACACGGTTCCCAC-1_V13B23-285_C1,10
CATACCCGTACCCAGT-1_V13B23-285_C1,10
CATACGGCGTCTGGGC-1_V13B23-285_C1,11
CATACTATGTAATTGT-1_V13B23-285_C1,10
CATACTTAGGCAATAC-1_V13B23-285_C1,11
CATAGCCGCCCGGGAT-1_V13B23-285_C1,10
CATAGCGTTGCCCACC-1_V13B23-285_C1,10
CATAGTACATTGAGAG-1_V13B23-285_C1,13
CATAGTAGCATAGTAG-1_V13B23-285_C1,7
CATAGTCCACAAGAAC-1_V13B23-285_C1,10
CATATACTACTGATAA-1_V13B23-285_C1,3
CATATAGGTACAGTCA-1_V13B23-285_C1,10
CATATGTCAGGCTACG-1_V13B23-285_C1,15
CATATTATTTGCCCTA-1_V13B23-285_C1,9
CATCAAACTGGCGCCC-1_V13B23-285_C1,2
CATCAACACCTACTAA-1_V13B23-285_C1,17
CATCATCTACCCGGAC-1_V13B23-285_C1,9
CATCATTACCCTGAGG-1_V13B23-285_C1,11
CATCCGCAGGCCCGAA-1_V13B23-285_C1,5
CATCCTCTCAAAGATC-1_V13B23-285_C1,11
CATCGCCCGCGGCCAA-1_V13B23-285_C1,9
CATCGGACGGGTTAAT-1_V13B23-285_C1,10
CATCGTCCGGTTACTA-1_V13B23-285_C1,5
CATCTAGTGAAGGGAA-1_V13B23-285_C1,11
CATCTATCCCGTGTCT-1_V13B23-285_C1,3
CATCTGCAGGATCATT-1_V13B23-285_C1,15
CATCTTACACCACCTC-1_V13B23-285_C1,11
CATGACTTCGCTGAAT-1_V13B23-285_C1,11
CATGAGATGCACTCTC-1_V13B23-285_C1,11
CATGATGCACAATTCT-1_V13B23-285_C1,13
CATGATGGAAGTTAGC-1_V13B23-285_C1,11
CATGCCAACTCGCAAA-1_V13B23-285_C1,3
CATGCGACCAGTTTAA-1_V13B23-285_C1,19
CATGCGTTAGACAGAA-1_V13B23-285_C1,13
CATGCTGGCTCCAATT-1_V13B23-285_C1,6
CATGGATTGTCTTCCG-1_V13B23-285_C1,11
CATGGCAGGAAGATCG-1_V13B23-285_C1,13
CATGGGTATGCCTTAT-1_V13B23-285_C1,11
CATGGGTCGGGTGTGG-1_V13B23-285_C1,11
CATGGTAAGTAGCGTT-1_V13B23-285_C1,11
CATGGTCTAGATACCG-1_V13B23-285_C1,5
CATGTAAGAGACATTT-1_V13B23-285_C1,11
CATGTAGGAGCGCCAA-1_V13B23-285_C1,3
CATGTCTCATTTATGG-1_V13B23-285_C1,11
CATTACATAGATTGTG-1_V13B23-285_C1,3
CATTACGTCGGCCCGT-1_V13B23-285_C1,13
CATTATGCTTGTTGTG-1_V13B23-285_C1,1
CATTCCCATTCCGTCG-1_V13B23-285_C1,19
CATTCCCTAAGTACAA-1_V13B23-285_C1,5
CATTCGTCGTAGCGGT-1_V13B23-285_C1,11
CATTGATGAACACGCC-1_V13B23-285_C1,2
CATTGCGAAATGGGCG-1_V13B23-285_C1,3
CATTGCGGGTCAATTC-1_V13B23-285_C1,12
CATTGTGTGCTAGATC-1_V13B23-285_C1,5
CATTTAGCGGACCATG-1_V13B23-285_C1,7
CATTTCTAGCAGACTA-1_V13B23-285_C1,5
CATTTGAGTGGTACGT-1_V13B23-285_C1,10
CCAAACAGAACCCTCG-1_V13B23-285_C1,5
CCAAATAACAAGATTC-1_V13B23-285_C1,11
CCAACGATGCACTGAT-1_V13B23-285_C1,10
CCAACGCTTGCCAGGG-1_V13B23-285_C1,9
CCAACTTGATAGATCC-1_V13B23-285_C1,11
CCAAGAAAGTGGGCGA-1_V13B23-285_C1,10
CCAAGACTTCTGCGAA-1_V13B23-285_C1,13
CCAAGCGTAACTCGTA-1_V13B23-285_C1,12
CCAAGGAACAGAGAGG-1_V13B23-285_C1,9
CCAAGTTTCTACAGAT-1_V13B23-285_C1,5
CCAATAGTGCCGTCGA-1_V13B23-285_C1,10
CCAATCGGTAGATCGA-1_V13B23-285_C1,3
CCAATGTCACAGCAAG-1_V13B23-285_C1,10
CCAATTACGGGTCGAG-1_V13B23-285_C1,19
CCAATTGAATGTTAAT-1_V13B23-285_C1,5
CCACAATGTACGTCTT-1_V13B23-285_C1,3
CCACACTGAGATATTA-1_V13B23-285_C1,10
CCACAGTACCCATCCT-1_V13B23-285_C1,11
CCACATACTGCACCCA-1_V13B23-285_C1,11
CCACCAACTTTACTGT-1_V13B23-285_C1,10
CCACCCAAGGAAAGTG-1_V13B23-285_C1,11
CCACCTGTATGGAATA-1_V13B23-285_C1,11
CCACGAATTTAACCTC-1_V13B23-285_C1,11
CCACGAGAAGAGAATC-1_V13B23-285_C1,13
CCACGGAGCCATAAGA-1_V13B23-285_C1,7
CCACGGTGCCCGGTAG-1_V13B23-285_C1,11
CCACGTAAATTAGACT-1_V13B23-285_C1,5
CCACTATCCGGGTCAC-1_V13B23-285_C1,17
CCACTGGTGGCTGGTT-1_V13B23-285_C1,10
CCACTGTTTGGATTAA-1_V13B23-285_C1,11
CCAGAAAGCAACTCAT-1_V13B23-285_C1,10
CCAGAGACAAAGCCGG-1_V13B23-285_C1,5
CCAGATAGTTGAGTGA-1_V13B23-285_C1,3
CCAGATGTAAATGGGT-1_V13B23-285_C1,2
CCAGCCTGGACCAATA-1_V13B23-285_C1,11
CCAGCGGGATCACCAG-1_V13B23-285_C1,2
CCAGCTCGAACGCATT-1_V13B23-285_C1,4
CCAGCTGATGGTACTT-1_V13B23-285_C1,3
CCAGCTTCCGCCCGCA-1_V13B23-285_C1,5
CCAGGCTGGCGTCTGA-1_V13B23-285_C1,11
CCAGGGACGTGGCCTC-1_V13B23-285_C1,5
CCAGTAGTCTGATCCA-1_V13B23-285_C1,1
CCAGTCAAATCTCTTA-1_V13B23-285_C1,7
CCAGTCTAGACGGCGC-1_V13B23-285_C1,3
CCAGTCTTGTCATAGA-1_V13B23-285_C1,16
CCATAAACAACCCGAC-1_V13B23-285_C1,13
CCATACCTTTACTTGT-1_V13B23-285_C1,17
CCATAGGTTGGCGTGG-1_V13B23-285_C1,13
CCATAGTCAGTAACCC-1_V13B23-285_C1,5
CCATATGGAAACTATA-1_V13B23-285_C1,11
CCATATTGGATCATGA-1_V13B23-285_C1,9
CCATCCATACCAAGTC-1_V13B23-285_C1,9
CCATCGCAGTTAAACT-1_V13B23-285_C1,11
CCATCTCACCAGTGAA-1_V13B23-285_C1,11
CCATGCCCTAGATTTC-1_V13B23-285_C1,11
CCATGCCTGTTTAGTA-1_V13B23-285_C1,10
CCATGCTCTGCAGGAA-1_V13B23-285_C1,5
CCATGGCCCTTGTACC-1_V13B23-285_C1,10
CCATTAGCGATAATCC-1_V13B23-285_C1,10
CCATTCCCTGCCCACA-1_V13B23-285_C1,10
CCATTGTTTCCTCCAT-1_V13B23-285_C1,3
CCATTTCTACCTATTA-1_V13B23-285_C1,11
CCCAAACATGCTGCTC-1_V13B23-285_C1,7
CCCAACATACGTCGCG-1_V13B23-285_C1,15
CCCAACCACACTAACA-1_V13B23-285_C1,9
CCCAATGAGATTTGCA-1_V13B23-285_C1,10
CCCAATTTCACAACTT-1_V13B23-285_C1,10
CCCAGAGGAGGGCGTA-1_V13B23-285_C1,3
CCCAGGTCTGAAGGCT-1_V13B23-285_C1,11
CCCAGTTAAGGCGCCG-1_V13B23-285_C1,11
CCCGAAGTTTCGCGAA-1_V13B23-285_C1,8
CCCGACCATAGTCCGC-1_V13B23-285_C1,13
CCCGAGTTTCTCCGTA-1_V13B23-285_C1,11
CCCGATAGCCTCGCCT-1_V13B23-285_C1,10
CCCGCAGCGCGAACTA-1_V13B23-285_C1,11
CCCGCAGGGCCCAAAG-1_V13B23-285_C1,13
CCCGCCATGCTCCCGT-1_V13B23-285_C1,12
CCCGCGCAATGCACCC-1_V13B23-285_C1,5
CCCGGTGGAAGAACCT-1_V13B23-285_C1,10
CCCGGTGTATCGGAAT-1_V13B23-285_C1,4
CCCGTAGCTGGGAAGA-1_V13B23-285_C1,10
CCCGTCAGCGTCTGAC-1_V13B23-285_C1,5
CCCGTTTCGCAGATGT-1_V13B23-285_C1,11
CCCTATGTAGAGCAGA-1_V13B23-285_C1,15
CCCTCATTCTGGAATT-1_V13B23-285_C1,13
CCCTCCTCGCTCGTAT-1_V13B23-285_C1,11
CCCTGAAATGAGTTGA-1_V13B23-285_C1,10
CCCTGACTAACAAATT-1_V13B23-285_C1,3
CCCTGATGTAACTCGT-1_V13B23-285_C1,5
CCCTGCCCAATCCGCT-1_V13B23-285_C1,10
CCCTGCGCTACGCATA-1_V13B23-285_C1,10
CCCTGTTGGCAAAGAC-1_V13B23-285_C1,5
CCCTTTAATGGAGTTC-1_V13B23-285_C1,11
CCCTTTGACAGGTCTT-1_V13B23-285_C1,10
CCGAAAGTGGTGAGCA-1_V13B23-285_C1,5
CCGAACACTGGGCCTC-1_V13B23-285_C1,3
CCGAACCTTCCCGGCC-1_V13B23-285_C1,11
CCGAAGGGCGTACCGC-1_V13B23-285_C1,8
CCGAAGTATATTGTTC-1_V13B23-285_C1,5
CCGACAAACACATGAG-1_V13B23-285_C1,5
CCGACAAAGGGAGTGC-1_V13B23-285_C1,10
CCGACAATAGGCCGCC-1_V13B23-285_C1,11
CCGACGGGCATGAGGT-1_V13B23-285_C1,19
CCGACGTAAACACAAC-1_V13B23-285_C1,12
CCGAGAAGTCGCATAA-1_V13B23-285_C1,11
CCGAGCTGTGCTTGTC-1_V13B23-285_C1,3
CCGATATGACGTAAGG-1_V13B23-285_C1,11
CCGATCTCAACCTTAT-1_V13B23-285_C1,11
CCGATTCGAGGGACCC-1_V13B23-285_C1,5
CCGCACAAAGACCAAC-1_V13B23-285_C1,11
CCGCACACGAACGTGT-1_V13B23-285_C1,11
CCGCACGTGACCTCGG-1_V13B23-285_C1,10
CCGCATGTGGTACGAT-1_V13B23-285_C1,11
CCGCCGGTCAACACAC-1_V13B23-285_C1,6
CCGCCGTTGAGGATAA-1_V13B23-285_C1,11
CCGCCTGCGAATTGGT-1_V13B23-285_C1,3
CCGCGGAATGCGTCAC-1_V13B23-285_C1,10
CCGCGGGTACGAAGAA-1_V13B23-285_C1,10
CCGCGTAGGTAAGGGC-1_V13B23-285_C1,10
CCGCTATCAGCACCAG-1_V13B23-285_C1,11
CCGCTCTTCCGAACTA-1_V13B23-285_C1,11
CCGCTTACCTCACTCT-1_V13B23-285_C1,7
CCGCTTGCTGACATGG-1_V13B23-285_C1,3
CCGGAAGTTATCAGTC-1_V13B23-285_C1,11
CCGGAATGGTTTCAGT-1_V13B23-285_C1,5
CCGGAGCGTACTTTCT-1_V13B23-285_C1,1
CCGGAGGTCTTATGGT-1_V13B23-285_C1,15
CCGGCACGACCGTTTC-1_V13B23-285_C1,11
CCGGCGCATATTGGAT-1_V13B23-285_C1,13
CCGGGCGGTCTCGTCA-1_V13B23-285_C1,16
CCGGGCTGCTCCATAC-1_V13B23-285_C1,11
CCGGGTTCGAGGTTAC-1_V13B23-285_C1,10
CCGGTAATGGCTAGTC-1_V13B23-285_C1,11
CCGGTTTGTAATTGTG-1_V13B23-285_C1,7
CCGTAAGTTGGTCCCA-1_V13B23-285_C1,16
CCGTACCCAAGCGCCA-1_V13B23-285_C1,9
CCGTAGGAAATCCCTG-1_V13B23-285_C1,11
CCGTAGGGTTGTTTAC-1_V13B23-285_C1,11
CCGTATCTCGTCGTAG-1_V13B23-285_C1,19
CCGTATTAGCGCAGTT-1_V13B23-285_C1,3
CCGTGAGGCATTCATG-1_V13B23-285_C1,11
CCGTGCCCATGACGGC-1_V13B23-285_C1,9
CCGTGGAACGATCCAA-1_V13B23-285_C1,8
CCGTGTTAAATTCCAT-1_V13B23-285_C1,16
CCGTTACGTTAGAACA-1_V13B23-285_C1,5
CCGTTCCGAATCTCGG-1_V13B23-285_C1,10
CCTAAAGGCTGACGCT-1_V13B23-285_C1,13
CCTAAATTAACGGTTC-1_V13B23-285_C1,11
CCTAAATTGTATCCTA-1_V13B23-285_C1,11
CCTAACCCAAACAAGT-1_V13B23-285_C1,11
CCTAACTAAGGCTCTA-1_V13B23-285_C1,17
CCTACAAGTCCGGAAT-1_V13B23-285_C1,14
CCTACATTCACAGACG-1_V13B23-285_C1,15
CCTACGGCTCAGTCGA-1_V13B23-285_C1,5
CCTACTCAACACGATT-1_V13B23-285_C1,11
CCTACTGCGGCGGCCA-1_V13B23-285_C1,2
CCTACTGCTTACACTT-1_V13B23-285_C1,5
CCTAGGCGTAGCGATC-1_V13B23-285_C1,11
CCTAGGTAAAGGTAGC-1_V13B23-285_C1,8
CCTAGTTAGTCGCATG-1_V13B23-285_C1,13
CCTATAATGAGTGCCC-1_V13B23-285_C1,11
CCTATACCGTCCTGTC-1_V13B23-285_C1,10
CCTATATCGTGTCACG-1_V13B23-285_C1,1
CCTATATTTGTCCTGG-1_V13B23-285_C1,10
CCTATCTATATCGGAA-1_V13B23-285_C1,4
CCTATGAAGTGGTGCC-1_V13B23-285_C1,11
CCTATGGCTCCTAGTG-1_V13B23-285_C1,10
CCTATGGGTTACCGTC-1_V13B23-285_C1,19
CCTATGTCCACTCCAC-1_V13B23-285_C1,11
CCTCACCAATCTTGAC-1_V13B23-285_C1,5
CCTCACCTGAGGGAGC-1_V13B23-285_C1,3
CCTCACCTTAGCATCG-1_V13B23-285_C1,19
CCTCACGTCAGCTAAT-1_V13B23-285_C1,7
CCTCCCGACAATCCCT-1_V13B23-285_C1,9
CCTCCGACAATTCAAG-1_V13B23-285_C1,10
CCTCCTGTTGTGTCGT-1_V13B23-285_C1,11
CCTCGAAGTGGACGGG-1_V13B23-285_C1,13
CCTCGCCAGCAAATTA-1_V13B23-285_C1,13
CCTCGCGCGATATAGG-1_V13B23-285_C1,3
CCTCGCGCTGTGCGAT-1_V13B23-285_C1,16
CCTCGGACCGGGATAG-1_V13B23-285_C1,11
CCTCGGATGCTACCTG-1_V13B23-285_C1,10
CCTCTAATCTGCCAAG-1_V13B23-285_C1,5
CCTCTATCGATTAGCA-1_V13B23-285_C1,1
CCTCTCTCCCATCTAG-1_V13B23-285_C1,10
CCTCTGGCCTAGACGG-1_V13B23-285_C1,13
CCTCTGTACTATTCTA-1_V13B23-285_C1,12
CCTGAACGATATATTC-1_V13B23-285_C1,11
CCTGAATATTTACATA-1_V13B23-285_C1,5
CCTGACCACCGATGGT-1_V13B23-285_C1,11
CCTGCCCGTTGTCTAG-1_V13B23-285_C1,19
CCTGCGTTCTACGCTT-1_V13B23-285_C1,10
CCTGCTATTTGAGAAG-1_V13B23-285_C1,5
CCTGGAAACGTTCTGC-1_V13B23-285_C1,11
CCTGGCTAGACCCGCC-1_V13B23-285_C1,10
CCTGGTCGAATGTGGG-1_V13B23-285_C1,11
CCTGTAAGACATGATA-1_V13B23-285_C1,10
CCTGTACTCACGCCCA-1_V13B23-285_C1,10
CCTGTCACCCGGGCTC-1_V13B23-285_C1,16
CCTGTCCCTCACGTTA-1_V13B23-285_C1,11
CCTGTCGCCCGTAAAT-1_V13B23-285_C1,11
CCTGTTTGAAGACACG-1_V13B23-285_C1,11
CCTTCAGTTAAAGTGA-1_V13B23-285_C1,10
CCTTCTCAGCGTTCCT-1_V13B23-285_C1,3
CCTTCTTGATCCAGTG-1_V13B23-285_C1,13
CCTTGACCACTTTATT-1_V13B23-285_C1,11
CCTTTAAGGGAGCACT-1_V13B23-285_C1,10
CCTTTCAATGAAGAAA-1_V13B23-285_C1,7
CGAAACATAGATGGCA-1_V13B23-285_C1,9
CGAAACGCAATTCATG-1_V13B23-285_C1,7
CGAACAGTATGGGCGT-1_V13B23-285_C1,11
CGAACCCGCATGCGTC-1_V13B23-285_C1,10
CGAACGCCCAGTGCCG-1_V13B23-285_C1,13
CGAACGGCCGGACAAC-1_V13B23-285_C1,10
CGAAGCTATAAATTCA-1_V13B23-285_C1,3
CGAAGTTGCTCTGTGT-1_V13B23-285_C1,10
CGAATCTGCTCGACGC-1_V13B23-285_C1,10
CGAATGACGCATAATG-1_V13B23-285_C1,10
CGACAATTTGATCTAA-1_V13B23-285_C1,11
CGACACGCTCCGACAG-1_V13B23-285_C1,11
CGACAGTTCGCGTTAT-1_V13B23-285_C1,10
CGACATGCGATCTTCT-1_V13B23-285_C1,9
CGACCCTTAACGCCGG-1_V13B23-285_C1,1
CGACTCAGGATGTTAT-1_V13B23-285_C1,16
CGACTTTGTATAGCCT-1_V13B23-285_C1,19
CGAGACCCTAGAGTGT-1_V13B23-285_C1,12
CGAGAGATGTGAACCT-1_V13B23-285_C1,3
CGAGAGGGTAGCCGCG-1_V13B23-285_C1,11
CGAGATTTCGCTCGGG-1_V13B23-285_C1,11
CGAGCACTTCAAGTTT-1_V13B23-285_C1,5
CGAGCGTTGATCAGCC-1_V13B23-285_C1,9
CGAGCTGGGCTTTAGG-1_V13B23-285_C1,13
CGAGGAGCTTCCATAT-1_V13B23-285_C1,19
CGAGGATCGGGAACGA-1_V13B23-285_C1,3
CGAGGCCAGGCATTGG-1_V13B23-285_C1,5
CGAGGCTAAATATGGC-1_V13B23-285_C1,19
CGAGGGACTGCGGTCG-1_V13B23-285_C1,11
CGAGTACTAAAGAGGA-1_V13B23-285_C1,10
CGAGTGAAGGTACCAG-1_V13B23-285_C1,16
CGAGTTCTGTCCCACC-1_V13B23-285_C1,3
CGAGTTTATCGGACTG-1_V13B23-285_C1,11
CGATAATACTCAGGTT-1_V13B23-285_C1,11
CGATACCTCGCGGACA-1_V13B23-285_C1,10
CGATCCGACCCAGTGC-1_V13B23-285_C1,10
CGATCTGTTGGAGGAC-1_V13B23-285_C1,10
CGATGGACCCTACGCC-1_V13B23-285_C1,1
CGATTAAATATCTCCT-1_V13B23-285_C1,11
CGATTCGCCTGGCTGC-1_V13B23-285_C1,11
CGCAAACACGAGTTAC-1_V13B23-285_C1,10
CGCAATTACTTTCGGT-1_V13B23-285_C1,5
CGCAATTAGGGTAATA-1_V13B23-285_C1,5
CGCAATTCTACAATAA-1_V13B23-285_C1,10
CGCACATGTCCACTAC-1_V13B23-285_C1,11
CGCACGTGCGCTATCA-1_V13B23-285_C1,11
CGCAGATCTTCACCCG-1_V13B23-285_C1,3
CGCAGGCGATCCAAAC-1_V13B23-285_C1,11
CGCATCATGGCTTCAG-1_V13B23-285_C1,18
CGCATCCATCAGCCAG-1_V13B23-285_C1,3
CGCATGGTGCGATGCT-1_V13B23-285_C1,11
CGCATTAGCTAATAGG-1_V13B23-285_C1,16
CGCCAAGAAGCCGAGT-1_V13B23-285_C1,12
CGCCAATTATTGCGTT-1_V13B23-285_C1,18
CGCCACAGGTCGCGAT-1_V13B23-285_C1,16
CGCCATCCGATTATGA-1_V13B23-285_C1,16
CGCCCAGCACGCCTAG-1_V13B23-285_C1,10
CGCCCGCTTCCGTACA-1_V13B23-285_C1,13
CGCCCTTGAAGGCTGA-1_V13B23-285_C1,10
CGCCGCCCATGCCTGT-1_V13B23-285_C1,11
CGCCGTCTACCCATCG-1_V13B23-285_C1,11
CGCCGTTCAGCATAGT-1_V13B23-285_C1,11
CGCCTCCCTCCTCTAT-1_V13B23-285_C1,11
CGCCTGGCCTACGTAA-1_V13B23-285_C1,3
CGCCTTTAGCATGCTC-1_V13B23-285_C1,11
CGCGACACTGCGCAGC-1_V13B23-285_C1,5
CGCGACCGCGACAGAT-1_V13B23-285_C1,11
CGCGAGAGGGACTTGT-1_V13B23-285_C1,3
CGCGAGTCTGCCGGGT-1_V13B23-285_C1,16
CGCGCAAATGTCCAGA-1_V13B23-285_C1,7
CGCGCATGTTTGATTG-1_V13B23-285_C1,7
CGCGCCCGACTTAATA-1_V13B23-285_C1,13
CGCGGCAGTATTACGG-1_V13B23-285_C1,18
CGCGGCTCAACTTGAA-1_V13B23-285_C1,11
CGCGGGAATTAGGCAG-1_V13B23-285_C1,3
CGCGGTAAGTCTAGCT-1_V13B23-285_C1,1
CGCGGTACGGTATACA-1_V13B23-285_C1,11
CGCGGTCACAAACCAA-1_V13B23-285_C1,12
CGCGTTCATGAAATAC-1_V13B23-285_C1,12
CGCTACGGGACATTTA-1_V13B23-285_C1,10
CGCTAGAGACCGCTGC-1_V13B23-285_C1,11
CGCTATACCGCCCACT-1_V13B23-285_C1,9
CGCTATTCAATGTATG-1_V13B23-285_C1,5
CGCTATTCTTAGGCTC-1_V13B23-285_C1,11
CGCTCGACATAATGAT-1_V13B23-285_C1,5
CGCTCTCCGTAGATTA-1_V13B23-285_C1,10
CGCTGGTGACTACCCT-1_V13B23-285_C1,11
CGCTGTGACGCCGCAC-1_V13B23-285_C1,5
CGCTGTGTGGATGTTG-1_V13B23-285_C1,10
CGCTTATTCCCGGTCG-1_V13B23-285_C1,7
CGCTTCCACTGAAATC-1_V13B23-285_C1,12
CGCTTTCATACCGGTG-1_V13B23-285_C1,6
CGCTTTCTTGCATTCG-1_V13B23-285_C1,1
CGGAAAGAATCAAACG-1_V13B23-285_C1,16
CGGAAAGCAAATGTGC-1_V13B23-285_C1,15
CGGAACGTAAACATAG-1_V13B23-285_C1,10
CGGAGCAATTTAATCG-1_V13B23-285_C1,10
CGGAGCATGGCGATCC-1_V13B23-285_C1,12
CGGAGCTTATAACACC-1_V13B23-285_C1,12
CGGAGTTTGAGAGACA-1_V13B23-285_C1,10
CGGATAAGCGGACATG-1_V13B23-285_C1,5
CGGATCCTCAAGGACT-1_V13B23-285_C1,11
CGGCAAACATCGTGCG-1_V13B23-285_C1,11
CGGCAATAAGATCGCC-1_V13B23-285_C1,11
CGGCACCGTTAGCGCC-1_V13B23-285_C1,12
CGGCACTCAAGAAAGT-1_V13B23-285_C1,9
CGGCCACGCACAAAGT-1_V13B23-285_C1,11
CGGCCCAACCTGTAGT-1_V13B23-285_C1,3
CGGCCCAGGTATATCC-1_V13B23-285_C1,11
CGGCGCCATCAATCCC-1_V13B23-285_C1,11
CGGCTCTAAAGCTGCA-1_V13B23-285_C1,11
CGGCTCTTCGTCGAAC-1_V13B23-285_C1,2
CGGGAATATAGTATAC-1_V13B23-285_C1,11
CGGGAATTTATGTAAA-1_V13B23-285_C1,11
CGGGAGCTTCAGTGTA-1_V13B23-285_C1,11
CGGGAGTATACCGCCG-1_V13B23-285_C1,5
CGGGATCAATGTAAGA-1_V13B23-285_C1,5
CGGGCAGCTAAACCGC-1_V13B23-285_C1,5
CGGGCCATAGCCGCAC-1_V13B23-285_C1,5
CGGGCCTTCTTTGTAA-1_V13B23-285_C1,10
CGGGTGTACCCATTTA-1_V13B23-285_C1,16
CGGGTTTGTTAGGGCT-1_V13B23-285_C1,11
CGGTACTAGAATCAAA-1_V13B23-285_C1,11
CGGTAGAGGTGCAGGT-1_V13B23-285_C1,2
CGGTATAGGTATTAGC-1_V13B23-285_C1,18
CGGTCAAGTGGGAACC-1_V13B23-285_C1,16
CGGTCAGTCCATATTT-1_V13B23-285_C1,11
CGGTCCATGAGACTCC-1_V13B23-285_C1,3
CGGTCCGTCGCAAGCC-1_V13B23-285_C1,10
CGGTCTATCAACCCGT-1_V13B23-285_C1,13
CGGTGAAGACTAAAGT-1_V13B23-285_C1,10
CGGTGCAGATAGAACG-1_V13B23-285_C1,19
CGGTGCGCGTTGGTCC-1_V13B23-285_C1,10
CGGTGGGCTCCAGCCT-1_V13B23-285_C1,19
CGGTGTACTTGATCCC-1_V13B23-285_C1,5
CGGTTCAAGTAGGTGT-1_V13B23-285_C1,3
CGGTTTATGAAGGAAC-1_V13B23-285_C1,14
CGTAAACGCTTGAGTG-1_V13B23-285_C1,5
CGTAATAATTACGAGT-1_V13B23-285_C1,19
CGTACCTGATAGGCCT-1_V13B23-285_C1,12
CGTAGCGAATTGTCAG-1_V13B23-285_C1,13
CGTATTAAGAGATCTA-1_V13B23-285_C1,5
CGTATTGTTTCCTAAT-1_V13B23-285_C1,1
CGTCAAATGGTCGCAG-1_V13B23-285_C1,2
CGTCAAGGCTATAAAT-1_V13B23-285_C1,5
CGTCAATCTTTAACAT-1_V13B23-285_C1,9
CGTCACGTCCATTGGT-1_V13B23-285_C1,10
CGTCAGCTATTTACTC-1_V13B23-285_C1,2
CGTCAGTGCGCACAAG-1_V13B23-285_C1,9
CGTCATACCATATCCA-1_V13B23-285_C1,5
CGTCGCGGCGGGATTT-1_V13B23-285_C1,4
CGTCGGATAGTGTTGA-1_V13B23-285_C1,12
CGTCGGGTCTAAGCGC-1_V13B23-285_C1,16
CGTCGTCCTTCGCGAA-1_V13B23-285_C1,11
CGTCTGGAAGGGCCCG-1_V13B23-285_C1,13
CGTCTTGAGTGTGACG-1_V13B23-285_C1,11
CGTGAAGTTAATTCAC-1_V13B23-285_C1,10
CGTGACATTGGGTCGT-1_V13B23-285_C1,16
CGTGACCAGTCCTCTG-1_V13B23-285_C1,10
CGTGCAGACTGGGACA-1_V13B23-285_C1,11
CGTGCATTGTCGACGC-1_V13B23-285_C1,19
CGTGCCCTCCCGAAGA-1_V13B23-285_C1,11
CGTGCTTCTACCTAAA-1_V13B23-285_C1,10
CGTGGAAGCCTCGTAC-1_V13B23-285_C1,11
CGTGGCCGAATATCTA-1_V13B23-285_C1,11
CGTGTCCCATTCGCGA-1_V13B23-285_C1,15
CGTGTCTCGTTACGAC-1_V13B23-285_C1,10
CGTGTGTTAAACCCTG-1_V13B23-285_C1,1
CGTTAAACTAGTTAGG-1_V13B23-285_C1,11
CGTTAATGTCCCGACG-1_V13B23-285_C1,11
CGTTAGCTCACAACTG-1_V13B23-285_C1,3
CGTTCATGGTGCGCGT-1_V13B23-285_C1,7
CGTTCTTCGCACACCT-1_V13B23-285_C1,3
CGTTGAATACCGCGCT-1_V13B23-285_C1,11
CGTTGAGCGACCGTCG-1_V13B23-285_C1,11
CGTTGAGTAATTGCGT-1_V13B23-285_C1,12
CGTTGTAAACGTCAGG-1_V13B23-285_C1,5
CGTTGTAAGATTGATT-1_V13B23-285_C1,16
CGTTGTTTCAATTCCC-1_V13B23-285_C1,10
CGTTTAAGCGGAGCAC-1_V13B23-285_C1,6
CGTTTACAAGGCAGCT-1_V13B23-285_C1,2
CGTTTCACTTCGGGCG-1_V13B23-285_C1,18
CGTTTCGCTCATTACA-1_V13B23-285_C1,10
CGTTTGGTGTTGTGGG-1_V13B23-285_C1,11
CGTTTGTGTAGAGGGT-1_V13B23-285_C1,10
CTAAAGAATGCCTACT-1_V13B23-285_C1,10
CTAAAGGGAAATAGGA-1_V13B23-285_C1,11
CTAAATCCGGTGTACA-1_V13B23-285_C1,10
CTAAATCCTATTCCGG-1_V13B23-285_C1,3
CTAACCGCGCGCCCGT-1_V13B23-285_C1,10
CTAACGAAACTTGCTG-1_V13B23-285_C1,3
CTAACTGATAATCGCC-1_V13B23-285_C1,11
CTAACTGGTCCGGTTC-1_V13B23-285_C1,10
CTAAGGGAATGATTGG-1_V13B23-285_C1,11
CTAATTCGCACGCGCT-1_V13B23-285_C1,10
CTAATTCTCAGATATT-1_V13B23-285_C1,1
CTAATTTCAACAACAC-1_V13B23-285_C1,5
CTACAAGAAATAACCC-1_V13B23-285_C1,12
CTACACTCGCAGATGG-1_V13B23-285_C1,11
CTACCCTAAGGTCATA-1_V13B23-285_C1,3
CTACGACTAGCTATAA-1_V13B23-285_C1,7
CTACGCACGGAGTACC-1_V13B23-285_C1,6
CTACTATCATAGGTTT-1_V13B23-285_C1,6
CTACTATCTTTCAGAG-1_V13B23-285_C1,3
CTACTCAAGGTATAGT-1_V13B23-285_C1,10
CTACTCTAGGCCCGGC-1_V13B23-285_C1,10
CTACTGCCACCTGACC-1_V13B23-285_C1,7
CTAGACTGCATTTCGT-1_V13B23-285_C1,12
CTAGATGTGAGTGTAA-1_V13B23-285_C1,1
CTAGATTTACGACGGC-1_V13B23-285_C1,11
CTAGCATAGTATAATG-1_V13B23-285_C1,2
CTAGCCACAGGCGAGC-1_V13B23-285_C1,11
CTAGCCGATGTTATGA-1_V13B23-285_C1,17
CTAGCTTAATGGTCCC-1_V13B23-285_C1,11
CTAGGCGCCCTATCAG-1_V13B23-285_C1,11
CTAGGTCTGAAGGAAT-1_V13B23-285_C1,11
CTAGGTTCGGACGTGA-1_V13B23-285_C1,11
CTAGTAGAAAGGGATT-1_V13B23-285_C1,11
CTAGTCACGTCTTAAG-1_V13B23-285_C1,11
CTAGTGAAGGACAGGA-1_V13B23-285_C1,10
CTAGTTACAACCCGGT-1_V13B23-285_C1,11
CTAGTTGGGCCCGGTA-1_V13B23-285_C1,4
CTATAAGAGCCAATCG-1_V13B23-285_C1,1
CTATAGGCGTTGATGT-1_V13B23-285_C1,10
CTATCGACGAAATACA-1_V13B23-285_C1,11
CTATCGCGTAGAGAAC-1_V13B23-285_C1,11
CTATCGGGTCTCAACA-1_V13B23-285_C1,2
CTATGCCCGAATGCAA-1_V13B23-285_C1,10
CTATGGGAAGCGGAAT-1_V13B23-285_C1,11
CTATGTCACTAGCCCA-1_V13B23-285_C1,5
CTATGTCTATTGAAAC-1_V13B23-285_C1,9
CTATGTGAGTCACGGC-1_V13B23-285_C1,3
CTATTCATGTGTCCCA-1_V13B23-285_C1,11
CTATTGTGTTTGGTCA-1_V13B23-285_C1,3
CTATTTGGTTACGGAT-1_V13B23-285_C1,11
CTCAACTAACCCGGAT-1_V13B23-285_C1,11
CTCAAGACATTAGCGC-1_V13B23-285_C1,3
CTCACACGCAAGCCTA-1_V13B23-285_C1,2
CTCACATTTACTAAAT-1_V13B23-285_C1,11
CTCACTGTGATACTTA-1_V13B23-285_C1,11
CTCACTTGGCTGGTAA-1_V13B23-285_C1,10
CTCAGGACTCACCTGT-1_V13B23-285_C1,5
CTCAGTCACGACAAAT-1_V13B23-285_C1,7
CTCATCACTTAGTGAT-1_V13B23-285_C1,3
CTCATGGCTCACAATC-1_V13B23-285_C1,6
CTCATGGTAATTTGCG-1_V13B23-285_C1,7
CTCATTAACGTTGCCC-1_V13B23-285_C1,8
CTCATTGCTCTAACAA-1_V13B23-285_C1,11
CTCATTTGATGGGCGG-1_V13B23-285_C1,5
CTCCCAATGAGTCGCG-1_V13B23-285_C1,11
CTCCCTCCTTTCGATC-1_V13B23-285_C1,16
CTCCGCCCACATGAGG-1_V13B23-285_C1,16
CTCCGGCCTAATATGC-1_V13B23-285_C1,13
CTCCGGCTTGTAGACA-1_V13B23-285_C1,5
CTCCTAAGTTATGTCT-1_V13B23-285_C1,9
CTCCTCCAGCTCACAC-1_V13B23-285_C1,10
CTCCTGTTCAAGGCAG-1_V13B23-285_C1,11
CTCCTTTACGCAAGTC-1_V13B23-285_C1,3
CTCGAGATCCAAAGCA-1_V13B23-285_C1,9
CTCGAGGTCGAACAGT-1_V13B23-285_C1,16
CTCGATATTTGCGAGC-1_V13B23-285_C1,17
CTCGCACCTATATAGT-1_V13B23-285_C1,5
CTCGCCGAATGTAGGG-1_V13B23-285_C1,11
CTCGGGATAACACCTA-1_V13B23-285_C1,3
CTCGGGTTCTCTGGCC-1_V13B23-285_C1,15
CTCGGTACCACTGCTC-1_V13B23-285_C1,11
CTCGGTCCGTAGCCTG-1_V13B23-285_C1,13
CTCGGTTGTCGGCCCT-1_V13B23-285_C1,7
CTCGTCGAGGGCTCAT-1_V13B23-285_C1,10
CTCGTTTCTAATGTTT-1_V13B23-285_C1,3
CTCTAATGCATTGATC-1_V13B23-285_C1,3
CTCTACACTGGCGATT-1_V13B23-285_C1,17
CTCTATTTGGCTGCAG-1_V13B23-285_C1,11
CTCTCACAATCGATGA-1_V13B23-285_C1,5
CTCTCGCTGTACTATG-1_V13B23-285_C1,16
CTCTCTAACTGCCTAG-1_V13B23-285_C1,15
CTCTGCGAAGCAAGCA-1_V13B23-285_C1,9
CTCTGGACGCCTGGTG-1_V13B23-285_C1,5
CTCTGTTTGAGGATTC-1_V13B23-285_C1,13
CTCTTCTATTGACTGG-1_V13B23-285_C1,11
CTCTTCTGGAAGTTAG-1_V13B23-285_C1,10
CTCTTGTCCCGCTTGG-1_V13B23-285_C1,10
CTGAAAGAGATCCGAC-1_V13B23-285_C1,6
CTGAATCCGAGACCTC-1_V13B23-285_C1,10
CTGAATTTATTGCCAG-1_V13B23-285_C1,3
CTGACATAGAAATAGA-1_V13B23-285_C1,11
CTGACTGCGCAGCTCG-1_V13B23-285_C1,17
CTGAGAAAGTTCGGCG-1_V13B23-285_C1,11
CTGAGCAAGTAACAAG-1_V13B23-285_C1,5
CTGAGCGAGACTTATT-1_V13B23-285_C1,2
CTGATAGTGTATCTCA-1_V13B23-285_C1,10
CTGCAAGCACGTTCCG-1_V13B23-285_C1,11
CTGCACAACTACATAT-1_V13B23-285_C1,11
CTGCACCTAGTCCACA-1_V13B23-285_C1,17
CTGCACCTGGAACCGC-1_V13B23-285_C1,13
CTGCACTCCAGTACAG-1_V13B23-285_C1,11
CTGCAGAGAATCAGAG-1_V13B23-285_C1,11
CTGCCAAGGTTGGAAG-1_V13B23-285_C1,12
CTGCCATGCATCACAT-1_V13B23-285_C1,5
CTGCCCACGAAGCGTT-1_V13B23-285_C1,5
CTGCCTAGCCACCAAG-1_V13B23-285_C1,9
CTGCCTCATATGCAAC-1_V13B23-285_C1,19
CTGCCTTTCTAGTAAA-1_V13B23-285_C1,11
CTGCGGGTGAAATGTT-1_V13B23-285_C1,10
CTGCGGTAGTCACGTG-1_V13B23-285_C1,12
CTGCGTTACGATATAA-1_V13B23-285_C1,16
CTGCTGAGGCCACGAA-1_V13B23-285_C1,1
CTGCTGTCTAACGAGC-1_V13B23-285_C1,11
CTGCTTGGCGATAGCT-1_V13B23-285_C1,11
CTGCTTTATGTCCGCG-1_V13B23-285_C1,19
CTGGAAATGGATGCTT-1_V13B23-285_C1,5
CTGGAAGACACGGTGG-1_V13B23-285_C1,11
CTGGACGCAGTCCGGC-1_V13B23-285_C1,10
CTGGATTTACACTTGA-1_V13B23-285_C1,10
CTGGCATCCGAATGAG-1_V13B23-285_C1,16
CTGGCGACATAAGTCC-1_V13B23-285_C1,13
CTGGCGCACAGGTCTG-1_V13B23-285_C1,11
CTGGCGGGAATAAGTA-1_V13B23-285_C1,5
CTGGCTGATTCATCCT-1_V13B23-285_C1,4
CTGGCTGGTTGTCAGT-1_V13B23-285_C1,7
CTGGGATAAATAATGG-1_V13B23-285_C1,11
CTGGGATACGCTACCC-1_V13B23-285_C1,11
CTGGGCCTGCTATATC-1_V13B23-285_C1,10
CTGGGTAGGCAGTTAA-1_V13B23-285_C1,11
CTGGTAAAGTGTGGGC-1_V13B23-285_C1,11
CTGGTAACACATAGAA-1_V13B23-285_C1,11
CTGGTAACGAGCTCTT-1_V13B23-285_C1,3
CTGGTCATTCCAATCC-1_V13B23-285_C1,5
CTGGTTCGCGAGCTAC-1_V13B23-285_C1,11
CTGGTTTCGAGCAAGA-1_V13B23-285_C1,11
CTGTACTTCTTAGCAT-1_V13B23-285_C1,10
CTGTAGCCATCTCACT-1_V13B23-285_C1,1
CTGTATGGTGTAGAAA-1_V13B23-285_C1,5
CTGTCAAATGGCTCGG-1_V13B23-285_C1,19
CTGTCACGCCAGGCGC-1_V13B23-285_C1,2
CTGTGCAGGGTAGGTC-1_V13B23-285_C1,11
CTGTGGTCGGGAGATA-1_V13B23-285_C1,11
CTGTTACCCAATCTAG-1_V13B23-285_C1,11
CTGTTCACTGCCTGTG-1_V13B23-285_C1,5
CTGTTCATCTCACGGG-1_V13B23-285_C1,5
CTTAAATAAGACCCAT-1_V13B23-285_C1,5
CTTAACTTCGAAGTAC-1_V13B23-285_C1,9
CTTACACGGTATTCCA-1_V13B23-285_C1,1
CTTACACTGGGAAATA-1_V13B23-285_C1,13
CTTAGCCCGGATAGTG-1_V13B23-285_C1,15
CTTAGCCTTCCACATG-1_V13B23-285_C1,5
CTTAGTAGGCCTACAG-1_V13B23-285_C1,8
CTTAGTGTAGTAGCAT-1_V13B23-285_C1,11
CTTATAGATGGCTGTT-1_V13B23-285_C1,11
CTTATGCGCTCAGGGC-1_V13B23-285_C1,3
CTTATGTTGACTACCA-1_V13B23-285_C1,4
CTTCAACTCCACTTGG-1_V13B23-285_C1,11
CTTCAGTGGTCGCCTA-1_V13B23-285_C1,10
CTTCATAGCTCAAGAA-1_V13B23-285_C1,5
CTTCATTGTCAGTGGA-1_V13B23-285_C1,11
CTTCCGCTCCGTGAAG-1_V13B23-285_C1,10
CTTCGGCCAATTGTTT-1_V13B23-285_C1,11
CTTCGTAGATAGGTGA-1_V13B23-285_C1,17
CTTCTATGTTGAAGTA-1_V13B23-285_C1,8
CTTCTATTAATGCTAG-1_V13B23-285_C1,10
CTTCTTACGTCGTATA-1_V13B23-285_C1,13
CTTGACCCGAAAGATA-1_V13B23-285_C1,9
CTTGAGGTTATCCCGA-1_V13B23-285_C1,5
CTTGAGTTAGGGTAAT-1_V13B23-285_C1,11
CTTGCAACCGCCTCCT-1_V13B23-285_C1,1
CTTGCCCAGGCTCTAC-1_V13B23-285_C1,10
CTTGGCCAAGCTGGGA-1_V13B23-285_C1,7
CTTGTACTTGTTGACT-1_V13B23-285_C1,5
CTTGTCAACATTCGAG-1_V13B23-285_C1,11
CTTGTGCTCACCGATT-1_V13B23-285_C1,16
CTTGTTGCTGAGTCAA-1_V13B23-285_C1,11
CTTGTTTATGTAGCCA-1_V13B23-285_C1,5
CTTTAACTTTCAAAGG-1_V13B23-285_C1,5
CTTTAATATTGGTCGA-1_V13B23-285_C1,11
CTTTACCGAATAGTAG-1_V13B23-285_C1,11
CTTTAGGAACACTGTT-1_V13B23-285_C1,11
CTTTAGTGCTATTATT-1_V13B23-285_C1,11
CTTTCTGTGCGGGCTT-1_V13B23-285_C1,11
CTTTGCATCGCTCTTG-1_V13B23-285_C1,11
CTTTGCTGTCATGGAT-1_V13B23-285_C1,11
CTTTGGCGCTTTATAC-1_V13B23-285_C1,10
CTTTGGCTTTAGTAAA-1_V13B23-285_C1,10
CTTTGGGATTGTTGCA-1_V13B23-285_C1,15
GAAACAGATGACCACC-1_V13B23-285_C1,11
GAAACAGCCATGCAGT-1_V13B23-285_C1,6
GAAACATAGGAAACAG-1_V13B23-285_C1,10
GAAACCATGGTGCGCT-1_V13B23-285_C1,16
GAAACCGAATTACCTT-1_V13B23-285_C1,10
GAAACCTATACAAATG-1_V13B23-285_C1,4
GAAACTCGTGCGATGC-1_V13B23-285_C1,10
GAAACTCTAATGAAGG-1_V13B23-285_C1,13
GAAAGAACAGCGTTAT-1_V13B23-285_C1,11
GAAAGCAGTGCACTTT-1_V13B23-285_C1,6
GAAAGCCCTTTGGACC-1_V13B23-285_C1,10
GAAAGTGACTAACTGC-1_V13B23-285_C1,10
GAAATACTAAACGTTT-1_V13B23-285_C1,4
GAAATATCACCATCAG-1_V13B23-285_C1,10
GAAATATGCTTGAATG-1_V13B23-285_C1,3
GAAATCGCGCGCAACT-1_V13B23-285_C1,6
GAAATGGCGGTGTTAG-1_V13B23-285_C1,5
GAAATGGGATGTAAAC-1_V13B23-285_C1,12
GAAATTAGCACGGATA-1_V13B23-285_C1,3
GAAATTCACATCGCTG-1_V13B23-285_C1,9
GAAATTGTCTCTATAA-1_V13B23-285_C1,10
GAACACACATCAACCA-1_V13B23-285_C1,5
GAACAGATTACTAAAT-1_V13B23-285_C1,11
GAACATTAGTATGTTA-1_V13B23-285_C1,14
GAACCCTCTGTGTTCT-1_V13B23-285_C1,11
GAACCTCGACCTACAC-1_V13B23-285_C1,15
GAACCTTTAACGATCC-1_V13B23-285_C1,11
GAACGACCGAATGATA-1_V13B23-285_C1,13
GAACGATAAGTTAAAG-1_V13B23-285_C1,2
GAACGCGGGTCACACG-1_V13B23-285_C1,11
GAACGTCTCATGGTCG-1_V13B23-285_C1,1
GAACGTTAGGAAGACG-1_V13B23-285_C1,10
GAACTTGTGCACGGGA-1_V13B23-285_C1,2
GAAGAAACGATATTGT-1_V13B23-285_C1,4
GAAGAACGGTGCAGGT-1_V13B23-285_C1,9
GAAGCCTGCACATTCC-1_V13B23-285_C1,1
GAAGCGTGAGGAATTT-1_V13B23-285_C1,11
GAAGCTCTTTGCTTAG-1_V13B23-285_C1,12
GAAGCTTGCTGACCGC-1_V13B23-285_C1,10
GAAGGCTACCATTGTT-1_V13B23-285_C1,1
GAAGTCAGTTGCACTA-1_V13B23-285_C1,10
GAAGTCTCCCTAGCGA-1_V13B23-285_C1,11
GAAGTGATTTATCGTG-1_V13B23-285_C1,15
GAAGTGCTGGATAGCT-1_V13B23-285_C1,13
GAAGTTTCCACTCAAT-1_V13B23-285_C1,10
GAATAGACGCGACCCA-1_V13B23-285_C1,11
GAATAGCATTTAGGGT-1_V13B23-285_C1,11
GAATAGCCCTGCGGTC-1_V13B23-285_C1,3
GAATAGTGCTCGATTA-1_V13B23-285_C1,10
GAATATTCGGAGTCCC-1_V13B23-285_C1,13
GAATCGACATGGTCAC-1_V13B23-285_C1,7
GAATCTGAACATTCTC-1_V13B23-285_C1,11
GAATGAAGGTCTTCAG-1_V13B23-285_C1,2
GAATGCCGAAATGACC-1_V13B23-285_C1,5
GAATGCGAATCGGTTC-1_V13B23-285_C1,11
GAATGTATGGCAGGTC-1_V13B23-285_C1,18
GAATGTGGTCCGGATT-1_V13B23-285_C1,11
GAATGTTGGGTAATCT-1_V13B23-285_C1,5
GAATTATAGTGAAAGG-1_V13B23-285_C1,14
GAATTCACCCGGGTGT-1_V13B23-285_C1,10
GAATTTCTCGCTGCAG-1_V13B23-285_C1,10
GACAAACATATGCAGG-1_V13B23-285_C1,11
GACAACGACCATTGAA-1_V13B23-285_C1,6
GACAACGCAGCTTACG-1_V13B23-285_C1,12
GACAAGAGATGAGATT-1_V13B23-285_C1,11
GACACAAGGGAAGAAA-1_V13B23-285_C1,3
GACACGAGTTAGAGGA-1_V13B23-285_C1,5
GACACTGAGTTCAGTG-1_V13B23-285_C1,10
GACACTGGAACCCGAT-1_V13B23-285_C1,11
GACAGATTTCTGGCTC-1_V13B23-285_C1,19
GACAGCCAGACCTGAC-1_V13B23-285_C1,11
GACAGGCACACACTAT-1_V13B23-285_C1,10
GACATACTGTCGCAGA-1_V13B23-285_C1,4
GACATCGATTTATAAC-1_V13B23-285_C1,10
GACCAAACGTTGACTG-1_V13B23-285_C1,11
GACCAGAGCCCTGTAG-1_V13B23-285_C1,5
GACCCAATTATGATAC-1_V13B23-285_C1,17
GACCCGTCGCCGGCTA-1_V13B23-285_C1,9
GACCGACGTGAAAGCA-1_V13B23-285_C1,11
GACCGACTGAAGCGTC-1_V13B23-285_C1,10
GACCGCGTCTGACGTG-1_V13B23-285_C1,11
GACCGTCAGGTCGTGA-1_V13B23-285_C1,13
GACCGTGCTGACGGTG-1_V13B23-285_C1,10
GACGACGATCCGCGTT-1_V13B23-285_C1,11
GACGAGGCTAATAAAC-1_V13B23-285_C1,11
GACGCCGTAAAGGCTA-1_V13B23-285_C1,18
GACGCTTGCTTCTAAA-1_V13B23-285_C1,12
GACGGGTTGGCCCGTA-1_V13B23-285_C1,10
GACGGTCAATAGAAGC-1_V13B23-285_C1,3
GACGGTCCTAGGGTGT-1_V13B23-285_C1,11
GACGTGTAGGGATTAT-1_V13B23-285_C1,10
GACGTTCGTAAATACA-1_V13B23-285_C1,7
GACTAACACAGCACCT-1_V13B23-285_C1,2
GACTAAGATCATGCAC-1_V13B23-285_C1,5
GACTAAGTAGGCTCAC-1_V13B23-285_C1,5
GACTACAAAGCGGTGG-1_V13B23-285_C1,1
GACTCACCCACGTGAG-1_V13B23-285_C1,11
GACTCCCAGAATAAGG-1_V13B23-285_C1,3
GACTCCTTCCAATTGA-1_V13B23-285_C1,17
GACTCGCGGGAATGAC-1_V13B23-285_C1,14
GACTGCAAATCGAGCT-1_V13B23-285_C1,11
GACTGCACCAGCCCAG-1_V13B23-285_C1,11
GACTGCGGCACGTGTA-1_V13B23-285_C1,5
GAGACCCTGCAACGCC-1_V13B23-285_C1,2
GAGACTGATGGGTAGA-1_V13B23-285_C1,15
GAGACTTCGCGACCGA-1_V13B23-285_C1,10
GAGAGCGCAGTCCCTG-1_V13B23-285_C1,5
GAGAGGGCGCGAGGTT-1_V13B23-285_C1,10
GAGAGGTGCATTCTGG-1_V13B23-285_C1,10
GAGATCTGCTTGGCAT-1_V13B23-285_C1,10
GAGATCTGTCACTCCG-1_V13B23-285_C1,3
GAGATCTTCCATGACA-1_V13B23-285_C1,11
GAGATGACAATCCTTA-1_V13B23-285_C1,1
GAGATGGGAGTCGACA-1_V13B23-285_C1,11
GAGCACCTGTGTCCAG-1_V13B23-285_C1,11
GAGCACGGCGCCTCTT-1_V13B23-285_C1,11
GAGCATCATCCCTGGG-1_V13B23-285_C1,9
GAGCCAGCTACCTGTG-1_V13B23-285_C1,11
GAGCCGAGCGTTTATT-1_V13B23-285_C1,5
GAGCGAGGGAGTACCG-1_V13B23-285_C1,13
GAGCGCAAATACTCCG-1_V13B23-285_C1,11
GAGCGCGCACGAGTAG-1_V13B23-285_C1,11
GAGCGCTGTTAGGTAA-1_V13B23-285_C1,10
GAGCTAAGGGCATATC-1_V13B23-285_C1,3
GAGCTCTCGGACCTAA-1_V13B23-285_C1,5
GAGCTGTCGTCTCGGA-1_V13B23-285_C1,3
GAGGAATGGAGAGGTT-1_V13B23-285_C1,10
GAGGAGATCCTCATGC-1_V13B23-285_C1,12
GAGGATAAACAGTGCT-1_V13B23-285_C1,11
GAGGCATTTGCAGCAG-1_V13B23-285_C1,2
GAGGCCCGACTCCGCA-1_V13B23-285_C1,15
GAGGCCTGTTGATACA-1_V13B23-285_C1,11
GAGGCTATCAAAGTCG-1_V13B23-285_C1,10
GAGGGCCATAATATTA-1_V13B23-285_C1,2
GAGGGCGCAGCTCTGC-1_V13B23-285_C1,19
GAGGTACATCCATCTT-1_V13B23-285_C1,13
GAGGTCCCAAAGATCT-1_V13B23-285_C1,5
GAGTAAACCGGAAAGT-1_V13B23-285_C1,11
GAGTAAGGCCACGGGA-1_V13B23-285_C1,10
GAGTACGGGTATACAA-1_V13B23-285_C1,9
GAGTAGATACTAGTTG-1_V13B23-285_C1,5
GAGTATCAAAGTTACA-1_V13B23-285_C1,11
GAGTATGCCCGCCTTG-1_V13B23-285_C1,10
GAGTATGCGCGTGCAT-1_V13B23-285_C1,11
GAGTCAGACCAGAATC-1_V13B23-285_C1,10
GAGTCCGCTTACCGGA-1_V13B23-285_C1,11
GAGTCGACAGACCCTC-1_V13B23-285_C1,7
GAGTGTCAACCAGAAA-1_V13B23-285_C1,11
GAGTGTGCGGTACCCA-1_V13B23-285_C1,11
GAGTTGATGGCAATTT-1_V13B23-285_C1,10
GATAAATCGGTGGATG-1_V13B23-285_C1,9
GATAACTCGCACTGTG-1_V13B23-285_C1,11
GATACCGTGTCGGAGT-1_V13B23-285_C1,11
GATACGATGGGAGTCA-1_V13B23-285_C1,7
GATAGGATTAATTACA-1_V13B23-285_C1,11
GATAGGTAACGTTGAC-1_V13B23-285_C1,11
GATAGGTGTCCCGGGC-1_V13B23-285_C1,17
GATATCTCATGCAATA-1_V13B23-285_C1,6
GATATGAGACACTAAC-1_V13B23-285_C1,11
GATATGCGGTAGCCAA-1_V13B23-285_C1,15
GATATGGATTACGCGG-1_V13B23-285_C1,5
GATATTGAGATTGGCG-1_V13B23-285_C1,8
GATATTTCCTACATGG-1_V13B23-285_C1,3
GATCAACATAAAGGGA-1_V13B23-285_C1,10
GATCATTCCAAACATT-1_V13B23-285_C1,12
GATCCCTTTATACTGC-1_V13B23-285_C1,7
GATCCGAATATAAGTG-1_V13B23-285_C1,10
GATCCGGGAATTAACA-1_V13B23-285_C1,11
GATCCTAAATCGGGAC-1_V13B23-285_C1,19
GATCCTCGACACTGGC-1_V13B23-285_C1,8
GATCGACACTATCTGA-1_V13B23-285_C1,5
GATCGCGGGCTCTCCA-1_V13B23-285_C1,10
GATCGCTACCCGATTT-1_V13B23-285_C1,11
GATCGCTATATCTCAG-1_V13B23-285_C1,10
GATCGGATAGAACCAT-1_V13B23-285_C1,7
GATCGGCGATAAGTCG-1_V13B23-285_C1,5
GATCGGTGGCCATAAC-1_V13B23-285_C1,19
GATCGTGACTGATATC-1_V13B23-285_C1,11
GATCTCGACGCTGTGG-1_V13B23-285_C1,11
GATCTGCTATCTAAGG-1_V13B23-285_C1,10
GATCTTCATTGTCCTC-1_V13B23-285_C1,5
GATCTTGGAGGGCATA-1_V13B23-285_C1,11
GATCTTTGCAGGGTAT-1_V13B23-285_C1,10
GATGACAAGTAGGGCA-1_V13B23-285_C1,10
GATGACGATGATCGCG-1_V13B23-285_C1,8
GATGCCAGCAGAAGGC-1_V13B23-285_C1,5
GATGCCTTCTGCGGCA-1_V13B23-285_C1,1
GATGCGAATGGTATTA-1_V13B23-285_C1,5
GATGCGTCCTGCATTC-1_V13B23-285_C1,11
GATGCTACAAGCGCCT-1_V13B23-285_C1,13
GATGCTGTATTTCATC-1_V13B23-285_C1,11
GATGGCGCACACATTA-1_V13B23-285_C1,5
GATGGTGCCCTAGGCA-1_V13B23-285_C1,12
GATGTAACGAACCACC-1_V13B23-285_C1,8
GATGTCGGTCAACTGC-1_V13B23-285_C1,9
GATGTTCAATCCACGA-1_V13B23-285_C1,10
GATGTTTGTGCGAGAT-1_V13B23-285_C1,5
GATTAACCGAAAGCCC-1_V13B23-285_C1,11
GATTACTGAATTTGGG-1_V13B23-285_C1,16
GATTCCCTTGTCGCAG-1_V13B23-285_C1,5
GATTCCGCGTTTCCGT-1_V13B23-285_C1,13
GATTCCTATACGGCGC-1_V13B23-285_C1,10
GATTCGACGGTTCACG-1_V13B23-285_C1,11
GCAAACCCTACATTAT-1_V13B23-285_C1,11
GCAAACCTTGGCCATA-1_V13B23-285_C1,11
GCAAACGTCGCCAGGT-1_V13B23-285_C1,11
GCAAATATTACGCTTT-1_V13B23-285_C1,10
GCAACACACTAGAACT-1_V13B23-285_C1,3
GCAACAGCAGTATGCG-1_V13B23-285_C1,11
GCAACCACCAGACCGG-1_V13B23-285_C1,5
GCAACCACGGCCGCGT-1_V13B23-285_C1,10
GCAACGGCTAGTTATG-1_V13B23-285_C1,11
GCAAGAATTCCTTGGC-1_V13B23-285_C1,7
GCAAGATGTGTTCGCG-1_V13B23-285_C1,2
GCAAGTGCACAGAGAA-1_V13B23-285_C1,5
GCAATTAGTCGCACCG-1_V13B23-285_C1,2
GCACAAACGAGGCGTG-1_V13B23-285_C1,11
GCACAACCTCGGGCGT-1_V13B23-285_C1,19
GCACAAGTGGATCATA-1_V13B23-285_C1,7
GCACAAGTGTCGGAAG-1_V13B23-285_C1,9
GCACACACTGGTAGCC-1_V13B23-285_C1,11
GCACACGCCCATGGTC-1_V13B23-285_C1,10
GCACGCCTACTTAGAT-1_V13B23-285_C1,10
GCACTAGTCGCGCTAT-1_V13B23-285_C1,9
GCAGAAGGTAATCTCC-1_V13B23-285_C1,11
GCAGACCCAGCACGTA-1_V13B23-285_C1,11
GCAGATCCATAAGACT-1_V13B23-285_C1,11
GCAGATCCTCGCAAAT-1_V13B23-285_C1,5
GCAGATTAGGGATATC-1_V13B23-285_C1,11
GCAGCACACAGCCCAG-1_V13B23-285_C1,17
GCAGCCTATATCACAT-1_V13B23-285_C1,11
GCAGCTATGGACAGGT-1_V13B23-285_C1,2
GCAGGAACTTAGATCT-1_V13B23-285_C1,10
GCAGGACTATAGAATA-1_V13B23-285_C1,10
GCAGGTAGAGTATGGT-1_V13B23-285_C1,15
GCAGTGCGGGCGGATG-1_V13B23-285_C1,11
GCAGTGTGGCTATAGG-1_V13B23-285_C1,11
GCAGTTCGATCCGAGC-1_V13B23-285_C1,11
GCATACGAGGTCTTTA-1_V13B23-285_C1,3
GCATAGAGCACTCAGG-1_V13B23-285_C1,11
GCATCCCTAACTTTGA-1_V13B23-285_C1,13
GCATCGGCCGTGTAGG-1_V13B23-285_C1,11
GCATGAGGGACGCGGC-1_V13B23-285_C1,16
GCATTCAAGGCAACGC-1_V13B23-285_C1,3
GCATTCGAAATGAACA-1_V13B23-285_C1,5
GCATTGTAATTCATAT-1_V13B23-285_C1,10
GCATTTCCAAGGCTCC-1_V13B23-285_C1,3
GCCAACCATTTCCGGA-1_V13B23-285_C1,3
GCCAAGAATACTTCTG-1_V13B23-285_C1,1
GCCAATAGGGCATCTC-1_V13B23-285_C1,15
GCCACAATTTAAGGAC-1_V13B23-285_C1,7
GCCACCCATTCCACTT-1_V13B23-285_C1,14
GCCACTCAGAGCGCGA-1_V13B23-285_C1,11
GCCACTCCTTACGGTA-1_V13B23-285_C1,11
GCCAGGAGTAACCGAT-1_V13B23-285_C1,16
GCCAGGCGTTCGCATG-1_V13B23-285_C1,12
GCCAGGCTTAGTGGTA-1_V13B23-285_C1,7
GCCATATTGCACACAG-1_V13B23-285_C1,5
GCCATCGAGCTGCGTG-1_V13B23-285_C1,10
GCCATCGATGCTGCAT-1_V13B23-285_C1,19
GCCATTAGCCTCAAAC-1_V13B23-285_C1,1
GCCCAGATGCTGGAGA-1_V13B23-285_C1,11
GCCCAGTTGGTATGCC-1_V13B23-285_C1,5
GCCCGACTTCTTCCCG-1_V13B23-285_C1,15
GCCCGATCTGTGGTCG-1_V13B23-285_C1,10
GCCCGCGCGTAAACGG-1_V13B23-285_C1,10
GCCCGCGCGTTTGACA-1_V13B23-285_C1,4
GCCCGTAATACCTTCT-1_V13B23-285_C1,7
GCCCTAGCCGTCGCGA-1_V13B23-285_C1,11
GCCGAAATTCCTACGT-1_V13B23-285_C1,10
GCCGACCCACGACTGC-1_V13B23-285_C1,10
GCCGATTGGCCAAGCT-1_V13B23-285_C1,10
GCCGCACTCCGTTTCA-1_V13B23-285_C1,11
GCCGCATTAGTCCGGC-1_V13B23-285_C1,10
GCCGCTTGTGAGAAAC-1_V13B23-285_C1,10
GCCGGGTTAGGGTCGC-1_V13B23-285_C1,10
GCCGTGGAAGAAATGT-1_V13B23-285_C1,11
GCCTAGCGATCTGACC-1_V13B23-285_C1,5
GCCTATAGTGTCAGGG-1_V13B23-285_C1,15
GCCTATCAGGTAAGAT-1_V13B23-285_C1,11
GCCTATGCTGGGCCTT-1_V13B23-285_C1,3
GCCTATTCCGATATAG-1_V13B23-285_C1,7
GCCTCATCTGGAAATA-1_V13B23-285_C1,11
GCCTCCGACAATTCAC-1_V13B23-285_C1,11
GCCTCTATACATAGCA-1_V13B23-285_C1,11
GCCTTCAGCCCTACCG-1_V13B23-285_C1,13
GCCTTGTATATGCAGT-1_V13B23-285_C1,5
GCGAAACGATCGGGAG-1_V13B23-285_C1,11
GCGAAACTTAACTGGA-1_V13B23-285_C1,11
GCGAAGCCATACCCGT-1_V13B23-285_C1,12
GCGACATGTAAACATC-1_V13B23-285_C1,11
GCGACCCAACCATCTG-1_V13B23-285_C1,10
GCGACGATAGTTGTAC-1_V13B23-285_C1,10
GCGAGAAACGGGAGTT-1_V13B23-285_C1,5
GCGAGAGGCCATGTAA-1_V13B23-285_C1,19
GCGAGAGTTGCGTCCA-1_V13B23-285_C1,8
GCGAGCGCATGCTCCC-1_V13B23-285_C1,11
GCGAGGCCCGAGCAGA-1_V13B23-285_C1,10
GCGAGTTCTGCAAAGA-1_V13B23-285_C1,11
GCGATTCTGGAAGCAG-1_V13B23-285_C1,9
GCGATTGTTAACGTTA-1_V13B23-285_C1,11
GCGCAAATATATTCAA-1_V13B23-285_C1,16
GCGCAAGAGCGCGCTG-1_V13B23-285_C1,6
GCGCATCCAGTCAGCA-1_V13B23-285_C1,8
GCGCCGTTCCACGATA-1_V13B23-285_C1,11
GCGCCTCCCACTCCGA-1_V13B23-285_C1,11
GCGCGTCATTGGTACA-1_V13B23-285_C1,11
GCGCTAATTGAATAGA-1_V13B23-285_C1,2
GCGCTATGCCGAGGCA-1_V13B23-285_C1,10
GCGCTCGATCACCTGT-1_V13B23-285_C1,11
GCGCTGATCCAGACTC-1_V13B23-285_C1,17
GCGCTGCTTTGCATTT-1_V13B23-285_C1,17
GCGCTTAAATAATTGG-1_V13B23-285_C1,11
GCGGACCGCGTTGTGG-1_V13B23-285_C1,10
GCGGAGAAACTTCGCA-1_V13B23-285_C1,10
GCGGAGAGGGAGAACG-1_V13B23-285_C1,11
GCGGCAAAGTATTGCC-1_V13B23-285_C1,16
GCGGCTCTGACGTACC-1_V13B23-285_C1,10
GCGGGAACCAGGCCCT-1_V13B23-285_C1,12
GCGGGCATTACGATGC-1_V13B23-285_C1,8
GCGGGCGAGCCTTACC-1_V13B23-285_C1,10
GCGGTCCCGGTGAAGG-1_V13B23-285_C1,2
GCGGTCCCTAGACGCA-1_V13B23-285_C1,9
GCGGTGAACTGCGCTC-1_V13B23-285_C1,17
GCGGTGCGGAGCATCG-1_V13B23-285_C1,5
GCGGTTCCCTATCATG-1_V13B23-285_C1,10
GCGTAAATGGCCATAA-1_V13B23-285_C1,16
GCGTCGAAATGTCGGT-1_V13B23-285_C1,13
GCGTCGCCAGGGTGAT-1_V13B23-285_C1,10
GCGTCTAACCTCCTAA-1_V13B23-285_C1,15
GCGTCTCTGCATTGGG-1_V13B23-285_C1,10
GCGTGGTACTGGGTTA-1_V13B23-285_C1,11
GCGTTATATTTGGAAC-1_V13B23-285_C1,10
GCGTTCGGAGACCGGG-1_V13B23-285_C1,3
GCGTTCTGACTAAGCG-1_V13B23-285_C1,11
GCTAAACCTGAGGTGA-1_V13B23-285_C1,5
GCTAACTGAAGTCTGA-1_V13B23-285_C1,11
GCTAAGTAAAGGCGAT-1_V13B23-285_C1,5
GCTAAGTAGTTTCTCT-1_V13B23-285_C1,2
GCTAATACCGAATGCC-1_V13B23-285_C1,5
GCTACAGTACGGACCG-1_V13B23-285_C1,10
GCTACGACTTATTGGG-1_V13B23-285_C1,11
GCTACTATAGTAGAGT-1_V13B23-285_C1,11
GCTAGACCGTCTACTG-1_V13B23-285_C1,11
GCTAGAGTAGAGATGT-1_V13B23-285_C1,11
GCTAGCACCTGGGCCA-1_V13B23-285_C1,11
GCTAGCAGGGAGTGGG-1_V13B23-285_C1,12
GCTAGCTTGAATAGCT-1_V13B23-285_C1,10
GCTAGGCACCACGGAG-1_V13B23-285_C1,11
GCTAGTAGAGCTTGTA-1_V13B23-285_C1,11
GCTAGTTTCATTGAGG-1_V13B23-285_C1,12
GCTATACGTCTCGGAC-1_V13B23-285_C1,11
GCTATCATACTCATGG-1_V13B23-285_C1,11
GCTATCGCGGCGCAAC-1_V13B23-285_C1,5
GCTCAACCTCTTAGAG-1_V13B23-285_C1,2
GCTCAATCCGTTTATT-1_V13B23-285_C1,10
GCTCAATGTAATACCG-1_V13B23-285_C1,10
GCTCATTACTGCATGT-1_V13B23-285_C1,12
GCTCCATGAGTGCAGA-1_V13B23-285_C1,11
GCTCCCAGTCGGTCCA-1_V13B23-285_C1,11
GCTCCGCTCGCTTCAG-1_V13B23-285_C1,11
GCTCCTGACATACTGG-1_V13B23-285_C1,10
GCTCGCGGTTCCGCTC-1_V13B23-285_C1,5
GCTCGCTCATGTCCAA-1_V13B23-285_C1,11
GCTCGGAATTTAAAGC-1_V13B23-285_C1,18
GCTCTAAACCCTGACG-1_V13B23-285_C1,5
GCTCTATGTTACGTGC-1_V13B23-285_C1,10
GCTCTCGGGTACCGAA-1_V13B23-285_C1,16
GCTGAACTCTCCAGGG-1_V13B23-285_C1,11
GCTGAATCTTCCAATC-1_V13B23-285_C1,15
GCTGAGCAACGGTTCT-1_V13B23-285_C1,17
GCTGAGGCGTGAGTAT-1_V13B23-285_C1,11
GCTGCACGGTTTCTTA-1_V13B23-285_C1,11
GCTGCTAAGTAGTCGA-1_V13B23-285_C1,19
GCTGCTACTGCGTAGC-1_V13B23-285_C1,11
GCTGCTCTCCGGACAC-1_V13B23-285_C1,3
GCTGGACCCAAAGTGG-1_V13B23-285_C1,3
GCTGGCATATTCACCT-1_V13B23-285_C1,10
GCTGGCGGCGCATGCT-1_V13B23-285_C1,11
GCTGGTTTAGGCCATA-1_V13B23-285_C1,7
GCTGTATTACTGGCCC-1_V13B23-285_C1,1
GCTGTTGCTACCGAAC-1_V13B23-285_C1,11
GCTTAATGTAACTAAC-1_V13B23-285_C1,11
GCTTACGTAGTTAGTA-1_V13B23-285_C1,11
GCTTATGAAGCAGGAA-1_V13B23-285_C1,11
GCTTCCGTCCCTAGAC-1_V13B23-285_C1,3
GCTTGATGATAATCAG-1_V13B23-285_C1,5
GCTTGCAGCACAATTG-1_V13B23-285_C1,15
GCTTGGATCGATTAGG-1_V13B23-285_C1,15
GCTTTCAGAGGAGGTG-1_V13B23-285_C1,19
GGAAACCTTGTTGAAT-1_V13B23-285_C1,3
GGAAACTAAATGGGCC-1_V13B23-285_C1,11
GGAAAGTGCCCATGCC-1_V13B23-285_C1,16
GGAACCCGAACAAGAA-1_V13B23-285_C1,5
GGAACCGTGTAAATTG-1_V13B23-285_C1,10
GGAACCTTGACTCTGC-1_V13B23-285_C1,17
GGAACGGCCTGCAGCC-1_V13B23-285_C1,5
GGAACTTTGGCGATTA-1_V13B23-285_C1,11
GGAAGCTCGCTTACAG-1_V13B23-285_C1,3
GGAATGCGCTAGCGTG-1_V13B23-285_C1,3
GGACAAGTTGCAGTGA-1_V13B23-285_C1,16
GGACACAAGTTTACAC-1_V13B23-285_C1,11
GGACCAACAGGATAAC-1_V13B23-285_C1,11
GGACCTACGGTAACGT-1_V13B23-285_C1,3
GGACCTCTAGGCCGCC-1_V13B23-285_C1,17
GGACGTCCATAGTTGG-1_V13B23-285_C1,2
GGACTCACAAATTAGG-1_V13B23-285_C1,11
GGACTCGAAGCTTTCA-1_V13B23-285_C1,11
GGACTCTTCCGGTTGA-1_V13B23-285_C1,11
GGAGAAGTCATTGGCA-1_V13B23-285_C1,5
GGAGACCAATGTGCTT-1_V13B23-285_C1,1
GGAGACCATCTACATA-1_V13B23-285_C1,10
GGAGACGACACCTTTG-1_V13B23-285_C1,11
GGAGCAACATTTCAAG-1_V13B23-285_C1,11
GGAGCACCAAGAACTA-1_V13B23-285_C1,16
GGAGGATTGAAAGGAG-1_V13B23-285_C1,9
GGAGGCCGAAGTCGTC-1_V13B23-285_C1,11
GGAGGGCTTGGTTGGC-1_V13B23-285_C1,16
GGAGGGTCAAGTAAGA-1_V13B23-285_C1,11
GGAGTGCCGCCCTGGA-1_V13B23-285_C1,13
GGATCATCCCGTACGC-1_V13B23-285_C1,3
GGATCCGGAATATACT-1_V13B23-285_C1,16
GGATCTTGACTCAACC-1_V13B23-285_C1,10
GGATGAAGATCGCTGA-1_V13B23-285_C1,11
GGATGACGCGAGTTTA-1_V13B23-285_C1,10
GGATGCTGGCGTTCCT-1_V13B23-285_C1,5
GGATGTCCTTACCGCA-1_V13B23-285_C1,11
GGATTCAGTACGGTGG-1_V13B23-285_C1,5
GGATTCCGCTATACCC-1_V13B23-285_C1,18
GGATTGCTGTGACTCC-1_V13B23-285_C1,11
GGATTTCACTTCTATA-1_V13B23-285_C1,19
GGCAAAGGCGCCAATA-1_V13B23-285_C1,10
GGCAAATTACTTTACT-1_V13B23-285_C1,10
GGCAAGCCAGGGATAG-1_V13B23-285_C1,2
GGCAAGGCGAAATAGC-1_V13B23-285_C1,11
GGCAATAGTCAATGAG-1_V13B23-285_C1,16
GGCACTCAGCCGACCC-1_V13B23-285_C1,11
GGCACTCCACTGGGCA-1_V13B23-285_C1,10
GGCAGCAAACCTATGC-1_V13B23-285_C1,11
GGCAGCGGTAATCCTA-1_V13B23-285_C1,12
GGCATACAGGTAGCGG-1_V13B23-285_C1,10
GGCATATCGGTTCTGC-1_V13B23-285_C1,5
GGCCCAGTTATCAGCA-1_V13B23-285_C1,2
GGCCCGGAGCATGTCT-1_V13B23-285_C1,1
GGCCCGTATACCATGC-1_V13B23-285_C1,1
GGCCCTCACCCACTTA-1_V13B23-285_C1,19
GGCCGAGACTCTGGTG-1_V13B23-285_C1,10
GGCCGTTTGGGTTTCA-1_V13B23-285_C1,10
GGCCTGCTTCTCCCGA-1_V13B23-285_C1,11
GGCCTTTGCAACTGGC-1_V13B23-285_C1,3
GGCGAAATCTAACTTG-1_V13B23-285_C1,11
GGCGCAGGACATCTTC-1_V13B23-285_C1,10
GGCGCATGAATTGATG-1_V13B23-285_C1,10
GGCGCGGAGATCTTTC-1_V13B23-285_C1,11
GGCGCGTTCGAGTTTA-1_V13B23-285_C1,11
GGCGCTCCTCATCAAT-1_V13B23-285_C1,5
GGCGGAGTAATATTAG-1_V13B23-285_C1,10
GGCGGGCTCTAAGAGT-1_V13B23-285_C1,11
GGCGGTAGGATCATTG-1_V13B23-285_C1,5
GGCGGTTTGCCGGTGC-1_V13B23-285_C1,5
GGCGTCCTATCCGCTG-1_V13B23-285_C1,10
GGCTAAAGGGCGGGTC-1_V13B23-285_C1,3
GGCTAATGATTGAAAT-1_V13B23-285_C1,14
GGCTATTAAGTTGTAT-1_V13B23-285_C1,10
GGCTCCTCCACCTGTT-1_V13B23-285_C1,10
GGCTCGCGTTGAGGTA-1_V13B23-285_C1,1
GGCTCGTGCCACCAGC-1_V13B23-285_C1,5
GGCTCTGCTCCAACGC-1_V13B23-285_C1,1
GGCTGAAATAGCAAAG-1_V13B23-285_C1,11
GGCTGAGCATCGTAAG-1_V13B23-285_C1,2
GGCTGGCAGCTTTATG-1_V13B23-285_C1,12
GGCTTTCAATAAGGGT-1_V13B23-285_C1,11
GGGAACGGGAGGTTAG-1_V13B23-285_C1,10
GGGAAGGGCTTTCTCA-1_V13B23-285_C1,11
GGGAATGAGCCCTCAC-1_V13B23-285_C1,3
GGGACAGAGTTACTCC-1_V13B23-285_C1,8
GGGACCCGTATATCTT-1_V13B23-285_C1,10
GGGACTGCATAGATAG-1_V13B23-285_C1,5
GGGAGAACTCACAGTA-1_V13B23-285_C1,12
GGGAGGATGCCCGAAA-1_V13B23-285_C1,10
GGGAGTTAATGAGGCG-1_V13B23-285_C1,5
GGGATACGGTAATAAT-1_V13B23-285_C1,1
GGGATCCCAATACAAA-1_V13B23-285_C1,2
GGGATGGTCGTAACCG-1_V13B23-285_C1,10
GGGATTTACCGCACCT-1_V13B23-285_C1,11
GGGCAACCGCACGTGC-1_V13B23-285_C1,4
GGGCAGAGCAATCGTT-1_V13B23-285_C1,4
GGGCCCGTCTTAAACA-1_V13B23-285_C1,10
GGGCCCTACGAAAGGG-1_V13B23-285_C1,15
GGGCCGGCCGAAGTAC-1_V13B23-285_C1,11
GGGCCTAAATGGGCTA-1_V13B23-285_C1,8
GGGCCTATTTAAGTAT-1_V13B23-285_C1,2
GGGCGAATTTCTCCAC-1_V13B23-285_C1,19
GGGCGATATGTGTGAA-1_V13B23-285_C1,16
GGGCGCAGCGTTACTC-1_V13B23-285_C1,17
GGGCGGCAAATGAATT-1_V13B23-285_C1,10
GGGCGGGTTCCCTACG-1_V13B23-285_C1,1
GGGCGGTCCTATTGTC-1_V13B23-285_C1,5
GGGCGTACATTTATAT-1_V13B23-285_C1,5
GGGCGTCACCACGTAA-1_V13B23-285_C1,10
GGGCGTCCACTGGCTC-1_V13B23-285_C1,7
GGGCGTGGTTTCCCAG-1_V13B23-285_C1,11
GGGCTATGATCGATGG-1_V13B23-285_C1,10
GGGCTCATCGAACCCA-1_V13B23-285_C1,8
GGGCTGCCTAGGGCGA-1_V13B23-285_C1,5
GGGCTGGTTAGTCGCG-1_V13B23-285_C1,5
GGGTACCCACGGTCCT-1_V13B23-285_C1,5
GGGTACTTCATGAACT-1_V13B23-285_C1,10
GGGTATGTATGCACTT-1_V13B23-285_C1,10
GGGTATTCTAGCAAAC-1_V13B23-285_C1,10
GGGTCACCGTGACGGT-1_V13B23-285_C1,10
GGGTCATGCGTACCAT-1_V13B23-285_C1,5
GGGTCGTGGCAAGTGT-1_V13B23-285_C1,3
GGGTGACACCTTAACT-1_V13B23-285_C1,10
GGGTGCATATGAAAGC-1_V13B23-285_C1,15
GGGTGGTCCAGCCTGT-1_V13B23-285_C1,9
GGGTGTTTCAGCTATG-1_V13B23-285_C1,13
GGGTTAACATTTGAGT-1_V13B23-285_C1,10
GGGTTCAGACGAACAA-1_V13B23-285_C1,5
GGGTTTAGGATAGGAT-1_V13B23-285_C1,11
GGTAAATGTGCGTTAC-1_V13B23-285_C1,13
GGTAACCGGGAGGATA-1_V13B23-285_C1,16
GGTAACTATGTATCTG-1_V13B23-285_C1,9
GGTACAAACATGCTAT-1_V13B23-285_C1,10
GGTACACCAGATTTAT-1_V13B23-285_C1,1
GGTACATCTGGGACGA-1_V13B23-285_C1,7
GGTACCATTAAGACGG-1_V13B23-285_C1,3
GGTACTAAGTGCTTTG-1_V13B23-285_C1,11
GGTAGAAGACCGCCTG-1_V13B23-285_C1,11
GGTAGACCGTTGGGCG-1_V13B23-285_C1,10
GGTAGTGCTCGCACCA-1_V13B23-285_C1,7
GGTATTGCCGAGTTTA-1_V13B23-285_C1,10
GGTCAAGACTACTTCG-1_V13B23-285_C1,11
GGTCAGTGGGTCCCAC-1_V13B23-285_C1,11
GGTCATTGTAGTCATA-1_V13B23-285_C1,14
GGTCCTTCATACGACT-1_V13B23-285_C1,5
GGTCGGATAAACGGCG-1_V13B23-285_C1,18
GGTCGGCCAGGAGCTT-1_V13B23-285_C1,14
GGTCGGTCGTCCACAG-1_V13B23-285_C1,10
GGTCGTAAGCTCGCAC-1_V13B23-285_C1,16
GGTCTCCAAGTAGTGC-1_V13B23-285_C1,11
GGTCTCCGTCCAGGTT-1_V13B23-285_C1,11
GGTCTCTGAATGGACT-1_V13B23-285_C1,10
GGTCTGAGAATCTGGA-1_V13B23-285_C1,1
GGTGAAGTACAGGGAT-1_V13B23-285_C1,16
GGTGAGATGCAGATAA-1_V13B23-285_C1,12
GGTGATAAGGAGCAGT-1_V13B23-285_C1,11
GGTGCAGAGCCTATCG-1_V13B23-285_C1,3
GGTGCGGATAAGTGGC-1_V13B23-285_C1,6
GGTGCTGATCACAAAG-1_V13B23-285_C1,10
GGTGCTGGTACACATT-1_V13B23-285_C1,10
GGTGGACCACGTGTTA-1_V13B23-285_C1,14
GGTGGACTGCTCTGGC-1_V13B23-285_C1,11
GGTGGAGGTTGATACG-1_V13B23-285_C1,11
GGTGTTGGGCGTCTTA-1_V13B23-285_C1,11
GGTTACCACCCTCGGG-1_V13B23-285_C1,1
GGTTACCCGACACTTT-1_V13B23-285_C1,3
GGTTAGCTATATGTCT-1_V13B23-285_C1,11
GGTTAGGCTTGGAGAA-1_V13B23-285_C1,10
GGTTAGTTACGGCGCC-1_V13B23-285_C1,10
GGTTCGGATTATACTA-1_V13B23-285_C1,12
GGTTCTACTCGTCTGA-1_V13B23-285_C1,11
GGTTGTGCTCTTGTCC-1_V13B23-285_C1,5
GGTTGTGTAGCCTGGC-1_V13B23-285_C1,10
GGTTTAATTGAGCAGG-1_V13B23-285_C1,17
GGTTTACAATCTCAAT-1_V13B23-285_C1,16
GGTTTAGCCTTTCTTG-1_V13B23-285_C1,11
GGTTTCAATCGGTCAG-1_V13B23-285_C1,17
GGTTTGACAAGAAGCT-1_V13B23-285_C1,2
GGTTTGAGTGCTGGAA-1_V13B23-285_C1,9
GGTTTGTGACCTGAGG-1_V13B23-285_C1,11
GTAACATCTAAGATAA-1_V13B23-285_C1,11
GTAAGCGGGCAGTCAG-1_V13B23-285_C1,12
GTAAGGATTTGTCGGA-1_V13B23-285_C1,9
GTAAGTAACAGTCTGG-1_V13B23-285_C1,11
GTAAGTAGGGTATACC-1_V13B23-285_C1,10
GTAAGTCCACACTCTA-1_V13B23-285_C1,11
GTAATAAAGGGCTCCC-1_V13B23-285_C1,3
GTAATCTGATTCTTCG-1_V13B23-285_C1,10
GTACACTTACCTGAAG-1_V13B23-285_C1,11
GTACAGAGGCAAGGGT-1_V13B23-285_C1,11
GTACGACGGCGCTGCG-1_V13B23-285_C1,12
GTACGAGATTGCGACA-1_V13B23-285_C1,4
GTACGCTTCATTGCAC-1_V13B23-285_C1,11
GTACGTCACGTATTAA-1_V13B23-285_C1,2
GTACGTTTGCCCGTCA-1_V13B23-285_C1,11
GTACTAAGATTTGGAG-1_V13B23-285_C1,7
GTACTCCCTTATCGCT-1_V13B23-285_C1,10
GTACTCCTGGGTATGC-1_V13B23-285_C1,15
GTACTGAGGTCGTAAC-1_V13B23-285_C1,9
GTACTGGAGTTAGACC-1_V13B23-285_C1,1
GTACTTGGGCACTTCT-1_V13B23-285_C1,5
GTAGAAACGGGTGGAG-1_V13B23-285_C1,5
GTAGACACGCCTGACT-1_V13B23-285_C1,11
GTAGACGTCGTTACAT-1_V13B23-285_C1,9
GTAGAGGGAGACAAGT-1_V13B23-285_C1,16
GTAGCCAAACATGGGA-1_V13B23-285_C1,11
GTAGCGGCTATACACT-1_V13B23-285_C1,11
GTAGCTTCCTCTTGTT-1_V13B23-285_C1,19
GTAGGTGATCCGTGTA-1_V13B23-285_C1,13
GTAGTCGCGGGAATCA-1_V13B23-285_C1,11
GTAGTCTACGATATTG-1_V13B23-285_C1,11
GTATAATCTCCCGGAT-1_V13B23-285_C1,5
GTATAGGACTCAGTAG-1_V13B23-285_C1,7
GTATCAAACGTTAGCT-1_V13B23-285_C1,11
GTATCAGCTTGGGTTC-1_V13B23-285_C1,5
GTATCTCAGTCTTGAC-1_V13B23-285_C1,8
GTATCTTTCATAACCA-1_V13B23-285_C1,11
GTATGAAATTTCACTC-1_V13B23-285_C1,16
GTATGTGGGTCTAGTT-1_V13B23-285_C1,11
GTATTAAGGCGTCTAA-1_V13B23-285_C1,5
GTATTCTGAGAAACGA-1_V13B23-285_C1,10
GTATTTAATGGCATAA-1_V13B23-285_C1,11
GTCAAAGAAGTGGTGT-1_V13B23-285_C1,10
GTCAAAGTTTACATAG-1_V13B23-285_C1,2
GTCAAGCGGACTCGGG-1_V13B23-285_C1,11
GTCAATGCTATAATTT-1_V13B23-285_C1,2
GTCACAAAGTTTCCAA-1_V13B23-285_C1,9
GTCACTCTCCAAATCT-1_V13B23-285_C1,5
GTCAGAATAGTCTATG-1_V13B23-285_C1,10
GTCAGACAGCGTTGGA-1_V13B23-285_C1,2
GTCAGTTGTGCTCGTT-1_V13B23-285_C1,9
GTCAGTTTGGTAGTCG-1_V13B23-285_C1,5
GTCATCTCCTACAGCT-1_V13B23-285_C1,18
GTCATGCACCTCCGTT-1_V13B23-285_C1,7
GTCATGGACATGACTA-1_V13B23-285_C1,16
GTCATTAGAGCGAACG-1_V13B23-285_C1,5
GTCATTGCATTGACCC-1_V13B23-285_C1,10
GTCCATTACTGCTACG-1_V13B23-285_C1,11
GTCCCAACGTAAAGTA-1_V13B23-285_C1,7
GTCCCGCGACGTTATG-1_V13B23-285_C1,11
GTCCGAGAGCAATCAT-1_V13B23-285_C1,8
GTCCGGACCTGAAATT-1_V13B23-285_C1,11
GTCCGGCTGAATTGCG-1_V13B23-285_C1,5
GTCCTACAGGCGGCTC-1_V13B23-285_C1,5
GTCCTACGAATAGTCT-1_V13B23-285_C1,11
GTCCTATTGTTGTGGT-1_V13B23-285_C1,16
GTCCTTCTACAACCCA-1_V13B23-285_C1,19
GTCCTTCTAGTGGGTT-1_V13B23-285_C1,18
GTCCTTTAATGACTTC-1_V13B23-285_C1,14
GTCGATAGGTGACTTT-1_V13B23-285_C1,11
GTCGCCGTTGTGTGTT-1_V13B23-285_C1,16
GTCGCGTAACCCGTTG-1_V13B23-285_C1,11
GTCGGAAGGATACCAG-1_V13B23-285_C1,2
GTCGGATATCTCAGAC-1_V13B23-285_C1,10
GTCGGATGTAGCGCGC-1_V13B23-285_C1,13
GTCGGGAAGCAGAAAC-1_V13B23-285_C1,11
GTCGTACCATCTCGGG-1_V13B23-285_C1,11
GTCGTATTGGCGTACA-1_V13B23-285_C1,3
GTCGTCTGGTTGGCTA-1_V13B23-285_C1,16
GTCGTTATTCGCTTAT-1_V13B23-285_C1,11
GTCTACTCAATTACAA-1_V13B23-285_C1,3
GTCTATCTGAGTTTCT-1_V13B23-285_C1,7
GTCTATTGGTTCCGGT-1_V13B23-285_C1,11
GTCTCAAGGCCCGGCT-1_V13B23-285_C1,11
GTCTCCTGCCAGTATG-1_V13B23-285_C1,17
GTCTCGACTAAGTTTG-1_V13B23-285_C1,3
GTCTCGATCTGCTTTC-1_V13B23-285_C1,18
GTCTGGGCGGTCGAGA-1_V13B23-285_C1,10
GTCTTAGTACAGCCGG-1_V13B23-285_C1,13
GTCTTGAGGAGCAGTG-1_V13B23-285_C1,11
GTCTTGTAGCTATTCA-1_V13B23-285_C1,11
GTGAAACGGCGCCACC-1_V13B23-285_C1,16
GTGAACTCCCATTCGA-1_V13B23-285_C1,3
GTGAAGATTTCAAGTG-1_V13B23-285_C1,15
GTGAAGCCGTATAGTC-1_V13B23-285_C1,3
GTGACCGCACACTACG-1_V13B23-285_C1,11
GTGACCTAAAGAATAA-1_V13B23-285_C1,16
GTGACTTCAGTAGTGC-1_V13B23-285_C1,10
GTGAGCGTGCTGCACT-1_V13B23-285_C1,10
GTGAGGACACTTAAGG-1_V13B23-285_C1,11
GTGAGGAGCGGTTGAG-1_V13B23-285_C1,3
GTGAGTCTAAGACGGA-1_V13B23-285_C1,5
GTGAGTGGTACAACGC-1_V13B23-285_C1,12
GTGATCACTAACGCCT-1_V13B23-285_C1,11
GTGATCATAGATCTGC-1_V13B23-285_C1,15
GTGATCCTTGTCATGA-1_V13B23-285_C1,11
GTGATGCACAACATCT-1_V13B23-285_C1,3
GTGATTCGCCGCTCAA-1_V13B23-285_C1,10
GTGCAACAAATGTGGC-1_V13B23-285_C1,13
GTGCACGAAAGTGACT-1_V13B23-285_C1,13
GTGCAGCGTAGAGTAG-1_V13B23-285_C1,6
GTGCCATCACACGGTG-1_V13B23-285_C1,1
GTGCCCGTTCGGATTC-1_V13B23-285_C1,11
GTGCCGCTTCAAAGGT-1_V13B23-285_C1,10
GTGCCTAGCTATGCTT-1_V13B23-285_C1,5
GTGCCTCAGTGTACGG-1_V13B23-285_C1,18
GTGCGAAATCGAACAC-1_V13B23-285_C1,10
GTGCGACAGGGAGTGT-1_V13B23-285_C1,11
GTGCGGGTCTCCAAAT-1_V13B23-285_C1,4
GTGCGTGTATATGAGC-1_V13B23-285_C1,11
GTGCTCAAGTACTGTC-1_V13B23-285_C1,10
GTGCTGCAGATAAGGA-1_V13B23-285_C1,3
GTGCTTACATCAGCGC-1_V13B23-285_C1,11
GTGGAACCTACATGCG-1_V13B23-285_C1,13
GTGGACCAACCCGATT-1_V13B23-285_C1,10
GTGGACGCATTTGTCC-1_V13B23-285_C1,11
GTGGACGTGCTGAGAC-1_V13B23-285_C1,4
GTGGAGCATGTCGGCC-1_V13B23-285_C1,10
GTGGAGCGTTTACCGA-1_V13B23-285_C1,4
GTGGAGTCGGCGGTTG-1_V13B23-285_C1,10
GTGGCAAACAGCGGCA-1_V13B23-285_C1,10
GTGGCGGTCCCAGCGT-1_V13B23-285_C1,10
GTGGGAAGACTGAATC-1_V13B23-285_C1,3
GTGGGCTTAGACACAC-1_V13B23-285_C1,10
GTGGTATAGTCTGCCG-1_V13B23-285_C1,19
GTGGTGATGGTTTGTG-1_V13B23-285_C1,11
GTGGTGGCCAAGTGAA-1_V13B23-285_C1,11
GTGGTTACTTCTTTCG-1_V13B23-285_C1,3
GTGGTTTCCGCCTTTC-1_V13B23-285_C1,15
GTGTACCTTGGCTACG-1_V13B23-285_C1,6
GTGTACGAACCGTTCC-1_V13B23-285_C1,11
GTGTATATCAGCGGGC-1_V13B23-285_C1,11
GTGTCGTATAGCGTTC-1_V13B23-285_C1,11
GTGTGAATAACTTAGG-1_V13B23-285_C1,16
GTGTTACTATGCGTCC-1_V13B23-285_C1,11
GTTAAAGTAGGACTGG-1_V13B23-285_C1,11
GTTAACATCACTTAAA-1_V13B23-285_C1,11
GTTAACTATGTTGTCA-1_V13B23-285_C1,11
GTTAAGGGTGCGATGT-1_V13B23-285_C1,11
GTTAAGTTAGAGTGGG-1_V13B23-285_C1,11
GTTAATGTCTATCTTA-1_V13B23-285_C1,10
GTTACAATTGGTGACG-1_V13B23-285_C1,10
GTTACCTACAACTTGC-1_V13B23-285_C1,11
GTTACTTTGGGCCTAG-1_V13B23-285_C1,10
GTTAGAGTGTGCCGCT-1_V13B23-285_C1,2
GTTAGCCGTAAATCAA-1_V13B23-285_C1,17
GTTAGGCTACCCGTTT-1_V13B23-285_C1,15
GTTATAATACGGTGAA-1_V13B23-285_C1,11
GTTATATCAGGAGCCA-1_V13B23-285_C1,19
GTTATATTATCTCCCT-1_V13B23-285_C1,10
GTTATTAACGTGGGAG-1_V13B23-285_C1,5
GTTCACAGGAGTCTAG-1_V13B23-285_C1,10
GTTCATCGTTTGGCTG-1_V13B23-285_C1,17
GTTCCAGTCTGACCAT-1_V13B23-285_C1,13
GTTCCCGTAAACATAT-1_V13B23-285_C1,11
GTTCGCCATAAGTGCC-1_V13B23-285_C1,10
GTTCGCTGAGACGTCT-1_V13B23-285_C1,11
GTTCGGATCGGGAACA-1_V13B23-285_C1,11
GTTCGGGCGTACCATT-1_V13B23-285_C1,17
GTTCGTCTAAAGAACT-1_V13B23-285_C1,11
GTTCGTCTGGGTCCCT-1_V13B23-285_C1,3
GTTCTTCCCTCGATGT-1_V13B23-285_C1,14
GTTGAACCGGTTCCAT-1_V13B23-285_C1,10
GTTGAGTCCCGCCGGT-1_V13B23-285_C1,11
GTTGCACGGAGTTTCG-1_V13B23-285_C1,5
GTTGCAGTCGACAACA-1_V13B23-285_C1,11
GTTGCGCTAACATTAC-1_V13B23-285_C1,11
GTTGCGGACGGTCAGG-1_V13B23-285_C1,11
GTTGGACCGCATCAGG-1_V13B23-285_C1,15
GTTGGATTCAGTGGCT-1_V13B23-285_C1,3
GTTGGATTGAGAACAC-1_V13B23-285_C1,16
GTTGGATTTGCGTTGG-1_V13B23-285_C1,10
GTTGGTCATGCTATCC-1_V13B23-285_C1,11
GTTGTCGTGTTAGTTG-1_V13B23-285_C1,13
GTTGTTGCAAGATGGC-1_V13B23-285_C1,11
GTTTACGTTCCATCTG-1_V13B23-285_C1,11
GTTTATGGGATTTAGA-1_V13B23-285_C1,7
GTTTCAAACGAGTTGT-1_V13B23-285_C1,11
GTTTCCTGGAGGGTGA-1_V13B23-285_C1,5
GTTTCTGCAGTCTCCC-1_V13B23-285_C1,11
GTTTGACCAAATCCTA-1_V13B23-285_C1,7
GTTTGGCCCAAGTTAT-1_V13B23-285_C1,11
GTTTGGCCGCTCAGCG-1_V13B23-285_C1,9
GTTTGGGCTTGTGAGC-1_V13B23-285_C1,11
GTTTGGTAGGGTCAAC-1_V13B23-285_C1,12
TAAACCCAGGAGGGCA-1_V13B23-285_C1,10
TAAACGTCGTCAATGA-1_V13B23-285_C1,5
TAAAGACAACCCTTTA-1_V13B23-285_C1,11
TAAAGCGGTATTTCCA-1_V13B23-285_C1,10
TAAAGCGTTAGGAGAA-1_V13B23-285_C1,1
TAAAGCTGCAATAGGG-1_V13B23-285_C1,18
TAAATCTTTACACCTC-1_V13B23-285_C1,3
TAAATGAATCCGTTTC-1_V13B23-285_C1,5
TAAATGCCGTCTCATG-1_V13B23-285_C1,2
TAAATGGGCTACTGAG-1_V13B23-285_C1,11
TAACAAAGGGAGAAGC-1_V13B23-285_C1,5
TAACAATATTTGTTGC-1_V13B23-285_C1,5
TAACATACAATGTGGG-1_V13B23-285_C1,11
TAACATACACGCGATC-1_V13B23-285_C1,15
TAACCTACCGTCCGAG-1_V13B23-285_C1,2
TAACCTAGGGAGTCCA-1_V13B23-285_C1,11
TAACGCTTTGAGAGCG-1_V13B23-285_C1,10
TAACTATCGAAGGTCC-1_V13B23-285_C1,5
TAACTATTACGCCAAA-1_V13B23-285_C1,14
TAACTCATCCGCGCGG-1_V13B23-285_C1,10
TAACTCCATGGAGGCT-1_V13B23-285_C1,5
TAAGCAGGCGACACGC-1_V13B23-285_C1,10
TAAGCCCTTACGACCA-1_V13B23-285_C1,2
TAAGGAACTTGTGGGA-1_V13B23-285_C1,10
TAAGGCAACATAAGAT-1_V13B23-285_C1,1
TAAGGCATAACATCAA-1_V13B23-285_C1,10
TAAGGCCCGTCACCCT-1_V13B23-285_C1,11
TAAGGCTGAATCCCTC-1_V13B23-285_C1,11
TAAGGGCCTGTCCGAT-1_V13B23-285_C1,11
TAAGGGCTGGGAGAGG-1_V13B23-285_C1,10
TAAGTAACATCTTGAC-1_V13B23-285_C1,17
TAAGTCGCCGAGTATC-1_V13B23-285_C1,10
TAAGTTGCGACGTAGG-1_V13B23-285_C1,11
TAATAAACAAGGAGAT-1_V13B23-285_C1,1
TAATACACAGTAGTAT-1_V13B23-285_C1,13
TAATAGAACAGAGTTA-1_V13B23-285_C1,10
TAATAGCTAAATGATG-1_V13B23-285_C1,2
TAATAGGTCACCAGAA-1_V13B23-285_C1,10
TAATAGTGACGACCAG-1_V13B23-285_C1,3
TAATATTGAAATTCGC-1_V13B23-285_C1,6
TAATCAACCAAATGGG-1_V13B23-285_C1,11
TAATCGATCCGTACGT-1_V13B23-285_C1,16
TAATGAAAGACCCTTG-1_V13B23-285_C1,5
TAATTACGTCAGTAGA-1_V13B23-285_C1,11
TAATTAGGACATCCGT-1_V13B23-285_C1,11
TAATTGGAATCGGGAA-1_V13B23-285_C1,12
TACAACGCACAACTCA-1_V13B23-285_C1,10
TACAAGTCTCGTGCAT-1_V13B23-285_C1,10
TACACCGTCGTTAGTC-1_V13B23-285_C1,8
TACAGAAACGGTGGGC-1_V13B23-285_C1,11
TACATAGGCATACACC-1_V13B23-285_C1,10
TACATCCCTATCCCTG-1_V13B23-285_C1,3
TACATGACCTTATCCG-1_V13B23-285_C1,5
TACATGCCGGAATTGT-1_V13B23-285_C1,11
TACATTTCTAACGTGC-1_V13B23-285_C1,10
TACCAAATAGCCCAGA-1_V13B23-285_C1,11
TACCAATAAAGTACCA-1_V13B23-285_C1,11
TACCAGAAGTAGGTTC-1_V13B23-285_C1,10
TACCAGCTAGGTTTAA-1_V13B23-285_C1,9
TACCATGTATTGATTT-1_V13B23-285_C1,11
TACCGCGGACTTGCAG-1_V13B23-285_C1,1
TACCGGCTCACTGCCC-1_V13B23-285_C1,11
TACCGGTCGTTTCCAT-1_V13B23-285_C1,7
TACCGTAGGTTAACTA-1_V13B23-285_C1,4
TACCGTGCCTCGGACC-1_V13B23-285_C1,11
TACCTACTCCCAGTAT-1_V13B23-285_C1,11
TACCTCACGCTTGTAC-1_V13B23-285_C1,13
TACCTCAGTTGTCTGT-1_V13B23-285_C1,10
TACCTGCTGCACTGTG-1_V13B23-285_C1,10
TACCTTAAGATTTCCC-1_V13B23-285_C1,15
TACGAACACGACTTCA-1_V13B23-285_C1,5
TACGACGCTTGCTGCG-1_V13B23-285_C1,10
TACGACTGCCTCTTAG-1_V13B23-285_C1,11
TACGAGAACTTCACGT-1_V13B23-285_C1,10
TACGATGTTGATCATC-1_V13B23-285_C1,10
TACGCAGTTCTTTCCT-1_V13B23-285_C1,4
TACGCCATATTCTAAT-1_V13B23-285_C1,10
TACGCCGAGGGTACCC-1_V13B23-285_C1,10
TACGCCGCCTCAGAAG-1_V13B23-285_C1,11
TACGCCTCCATTCCGA-1_V13B23-285_C1,10
TACGCTATAGAAACCT-1_V13B23-285_C1,15
TACGCTCGGTATTGGA-1_V13B23-285_C1,11
TACGGGATGCTAGCAG-1_V13B23-285_C1,11
TACGTACTAGTGCTGA-1_V13B23-285_C1,10
TACGTGCAAGGTTCCT-1_V13B23-285_C1,10
TACGTGCACTATGCTG-1_V13B23-285_C1,5
TACGTTTACCGGCAAT-1_V13B23-285_C1,16
TACTATGGTTCCTCAG-1_V13B23-285_C1,17
TACTCGGCACGCCGGG-1_V13B23-285_C1,3
TACTCTCCGAACAAAT-1_V13B23-285_C1,12
TACTCTTACTTTACTG-1_V13B23-285_C1,11
TACTCTTTCGTCTTCA-1_V13B23-285_C1,7
TACTGAACAGATTTAG-1_V13B23-285_C1,8
TACTGCAATCAATTAC-1_V13B23-285_C1,1
TACTGGACAGCTCGGC-1_V13B23-285_C1,10
TACTGTTTCTCTGGTA-1_V13B23-285_C1,11
TACTTGTTAGTAGTCC-1_V13B23-285_C1,11
TACTTTACTGAGCCGG-1_V13B23-285_C1,3
TACTTTCCGCACGCCA-1_V13B23-285_C1,16
TAGAAAGGTGGCGCTA-1_V13B23-285_C1,3
TAGAAATTCACGTATA-1_V13B23-285_C1,3
TAGAATAGCCGATGAA-1_V13B23-285_C1,11
TAGAATTAAGGGCAAC-1_V13B23-285_C1,9
TAGACGAAACGCCAAT-1_V13B23-285_C1,11
TAGACGCCCGTACCGG-1_V13B23-285_C1,16
TAGACTACCTAGCGTT-1_V13B23-285_C1,11
TAGAGATCATGCAACT-1_V13B23-285_C1,7
TAGAGCTACGAAGAAC-1_V13B23-285_C1,12
TAGAGGTTCTACTTGT-1_V13B23-285_C1,11
TAGAGTCTAAGCGAAC-1_V13B23-285_C1,5
TAGATATGGACTGGAA-1_V13B23-285_C1,10
TAGATCCGAAGTCGCA-1_V13B23-285_C1,9
TAGATGGTTCCTTACT-1_V13B23-285_C1,11
TAGATTCCTGGTTATT-1_V13B23-285_C1,10
TAGCAACCTGTCACAA-1_V13B23-285_C1,5
TAGCCATTTCAAAGTC-1_V13B23-285_C1,11
TAGCCGGCGGTCAGCG-1_V13B23-285_C1,16
TAGCGTCCCTCGATTG-1_V13B23-285_C1,11
TAGCGTCCGGTGTGGT-1_V13B23-285_C1,11
TAGCGTTGGGTCTTAC-1_V13B23-285_C1,6
TAGCTAAGTCCGGGAG-1_V13B23-285_C1,3
TAGCTAGAAGGCATGA-1_V13B23-285_C1,10
TAGCTAGTGATGATGG-1_V13B23-285_C1,16
TAGCTCGCCTGATAAC-1_V13B23-285_C1,12
TAGCTGATGTGAAGCG-1_V13B23-285_C1,19
TAGGCATGTTACGCCA-1_V13B23-285_C1,15
TAGGGAGCTTGGGATG-1_V13B23-285_C1,11
TAGGGTGTTTCAAGAG-1_V13B23-285_C1,5
TAGGTCCAAGTAAGGA-1_V13B23-285_C1,10
TAGGTCGCCGGAACTG-1_V13B23-285_C1,17
TAGGTGACGATAACCT-1_V13B23-285_C1,11
TAGGTGAGCCCTACTC-1_V13B23-285_C1,10
TAGGTGCTCGCCTAGC-1_V13B23-285_C1,11
TAGGTGTTCCACAGAT-1_V13B23-285_C1,17
TAGGTTCGAGTTCGTC-1_V13B23-285_C1,2
TAGTACCTTAGTGGTC-1_V13B23-285_C1,5
TAGTAGCTTATACCAG-1_V13B23-285_C1,10
TAGTCCGCAGAGAATG-1_V13B23-285_C1,10
TAGTCCGTATGCATAA-1_V13B23-285_C1,5
TAGTCGATCACGGGTT-1_V13B23-285_C1,11
TAGTCGGGATTCTTCG-1_V13B23-285_C1,16
TAGTCTAACAACGAGA-1_V13B23-285_C1,16
TAGTCTGTGACGTTGC-1_V13B23-285_C1,17
TAGTCTTTCCGAATTG-1_V13B23-285_C1,11
TAGTGCCCTCCAGAGT-1_V13B23-285_C1,5
TAGTGCTTGAATCCTT-1_V13B23-285_C1,7
TAGTGTCAGAAACGGC-1_V13B23-285_C1,5
TAGTTAAGATAGGATA-1_V13B23-285_C1,13
TAGTTTATTCTTGCTT-1_V13B23-285_C1,13
TATAAATCCACAAGCT-1_V13B23-285_C1,5
TATAAGTGAGGATAGC-1_V13B23-285_C1,5
TATACACAGACGCCTT-1_V13B23-285_C1,12
TATACACGCAAAGTAT-1_V13B23-285_C1,4
TATACCGAGTGCCACA-1_V13B23-285_C1,11
TATACGCGTCATCACT-1_V13B23-285_C1,11
TATACTCATGCGGCAA-1_V13B23-285_C1,5
TATAGATGGTCGCAGT-1_V13B23-285_C1,11
TATAGGGTACTCATGA-1_V13B23-285_C1,3
TATATATCGAGAAATG-1_V13B23-285_C1,7
TATATCATTGATCAGT-1_V13B23-285_C1,16
TATATCCCTGGGAGGA-1_V13B23-285_C1,11
TATATGCTGGGTTGCC-1_V13B23-285_C1,8
TATATTACAAATGTCG-1_V13B23-285_C1,3
TATATTCGCGTCGATA-1_V13B23-285_C1,9
TATCAAAGGTCTGTAA-1_V13B23-285_C1,7
TATCACCATGTAAAGT-1_V13B23-285_C1,12
TATCACCCAACCGACC-1_V13B23-285_C1,8
TATCACTTCGAGTAAC-1_V13B23-285_C1,3
TATCCAATTGGTTATC-1_V13B23-285_C1,11
TATCCATATCATGCGA-1_V13B23-285_C1,13
TATCCATCTCGGTTAG-1_V13B23-285_C1,10
TATCCGCACCGTCGGG-1_V13B23-285_C1,7
TATCGATCTATGCATA-1_V13B23-285_C1,16
TATCGATGATTAAACG-1_V13B23-285_C1,5
TATCTACAGAGGTAAT-1_V13B23-285_C1,10
TATCTACCACAGCGGG-1_V13B23-285_C1,10
TATCTAGCCTAAAGGA-1_V13B23-285_C1,10
TATCTTGCAATACAAC-1_V13B23-285_C1,10
TATGAAGACAGGTGCG-1_V13B23-285_C1,10
TATGATCCGGCACGCC-1_V13B23-285_C1,3
TATGATCTTCTCTTTA-1_V13B23-285_C1,11
TATGCTCCCTACTTAC-1_V13B23-285_C1,16
TATGGATGTGCTACGC-1_V13B23-285_C1,2
TATGGCCCGGCCTCGC-1_V13B23-285_C1,10
TATGGCTAGGCTAATT-1_V13B23-285_C1,1
TATGGGACCGAGCAGG-1_V13B23-285_C1,10
TATGGGTACGTATCGT-1_V13B23-285_C1,5
TATGGTCTGAGTAACA-1_V13B23-285_C1,10
TATGGTTAGTGGGAGA-1_V13B23-285_C1,11
TATGTCAAGACCGACT-1_V13B23-285_C1,16
TATGTCTCATTGTGCC-1_V13B23-285_C1,3
TATTAACCTGACCGCG-1_V13B23-285_C1,10
TATTACCATCCTGCTT-1_V13B23-285_C1,11
TATTATGTTTGCCTGC-1_V13B23-285_C1,10
TATTCAATTCTAATCC-1_V13B23-285_C1,5
TATTCCACTCAGCTCG-1_V13B23-285_C1,10
TATTCCGAGCTGTTAT-1_V13B23-285_C1,11
TATTCCTCCGCCCACT-1_V13B23-285_C1,1
TATTCGTGCCAGAATA-1_V13B23-285_C1,4
TATTGACATTTCTGCC-1_V13B23-285_C1,15
TATTTAGTCTAGATCG-1_V13B23-285_C1,13
TATTTATACCGAGTAG-1_V13B23-285_C1,13
TATTTGATTTGCACAG-1_V13B23-285_C1,11
TATTTGTTACCCTTTA-1_V13B23-285_C1,5
TCAAACAACCGCGTCG-1_V13B23-285_C1,5
TCAAACTTAGATTGTT-1_V13B23-285_C1,4
TCAAATTTGAGACTCA-1_V13B23-285_C1,11
TCAACAAAGATAATTC-1_V13B23-285_C1,7
TCAACATAGCGCCCTA-1_V13B23-285_C1,15
TCAACATCGACCGAGA-1_V13B23-285_C1,3
TCAACCATGTTCGGGC-1_V13B23-285_C1,5
TCAACGAGGAGACAAA-1_V13B23-285_C1,10
TCAACGCAGGAAATAA-1_V13B23-285_C1,7
TCAACTAACGTATAAC-1_V13B23-285_C1,10
TCAACTGCAGAGTCAG-1_V13B23-285_C1,11
TCAAGAAATACTAGCT-1_V13B23-285_C1,16
TCAAGCGCGGACGGTA-1_V13B23-285_C1,11
TCAAGCTGCCTTGAAA-1_V13B23-285_C1,8
TCAAGGTTACTACACC-1_V13B23-285_C1,11
TCAATACGCCGTCATG-1_V13B23-285_C1,10
TCACAAACCGAGGTAC-1_V13B23-285_C1,11
TCACAGATCCTCAAAC-1_V13B23-285_C1,9
TCACAGCAAACTCGAA-1_V13B23-285_C1,10
TCACAGGAGAATAAGA-1_V13B23-285_C1,10
TCACAGGGAATCGCAA-1_V13B23-285_C1,11
TCACAGGTTATTGGGC-1_V13B23-285_C1,10
TCACATCTTATCTGAT-1_V13B23-285_C1,5
TCACCCTCTTAAGATT-1_V13B23-285_C1,11
TCACCGCTCGGCACTC-1_V13B23-285_C1,3
TCACGATGTCCGTGGA-1_V13B23-285_C1,19
TCACGCATTGTAGATC-1_V13B23-285_C1,10
TCACGGTCATCGCACA-1_V13B23-285_C1,5
TCACGTGCCCGATTCA-1_V13B23-285_C1,11
TCACTACGACCAATGC-1_V13B23-285_C1,3
TCACTCGTGCAACGGC-1_V13B23-285_C1,3
TCACTCTTCGTCTGTC-1_V13B23-285_C1,7
TCAGAACCTCCACAGG-1_V13B23-285_C1,8
TCAGACGCTATAGAAG-1_V13B23-285_C1,11
TCAGAGTGTGAGCATG-1_V13B23-285_C1,11
TCAGCAAATGCATCTC-1_V13B23-285_C1,3
TCAGCAGTAGGCCCTG-1_V13B23-285_C1,10
TCAGCCAATCCGTAAA-1_V13B23-285_C1,11
TCAGGGCGCAAACTCG-1_V13B23-285_C1,5
TCAGGGTGTAACGTAA-1_V13B23-285_C1,1
TCAGGTTCTTTGAGAA-1_V13B23-285_C1,10
TCAGTACTGACCCGCG-1_V13B23-285_C1,4
TCAGTAGGGACTATAA-1_V13B23-285_C1,10
TCAGTGTATACGTCAT-1_V13B23-285_C1,10
TCATAAGTCCAAGAAG-1_V13B23-285_C1,11
TCATACTTACAGATCC-1_V13B23-285_C1,5
TCATCACTCGAGCTCG-1_V13B23-285_C1,5
TCATCCCAGAGGGTGG-1_V13B23-285_C1,13
TCATCGATGGTCCCAA-1_V13B23-285_C1,16
TCATGCAGGTTCTCAT-1_V13B23-285_C1,18
TCATTTAAGTCTCCGA-1_V13B23-285_C1,11
TCATTTAGAAGTGTGA-1_V13B23-285_C1,11
TCCAACTTTAAATTCT-1_V13B23-285_C1,10
TCCAATAAAGGCTACC-1_V13B23-285_C1,10
TCCACAATGGTTTACG-1_V13B23-285_C1,1
TCCACCTCTAGCCTTT-1_V13B23-285_C1,10
TCCACTTTATCTAGGT-1_V13B23-285_C1,17
TCCAGAGCACCGGTTC-1_V13B23-285_C1,11
TCCAGATGTACGCCAA-1_V13B23-285_C1,17
TCCAGCGCTATAAGCG-1_V13B23-285_C1,11
TCCAGGCGAGTACGGT-1_V13B23-285_C1,7
TCCAGGGTATATACGA-1_V13B23-285_C1,11
TCCATTCCCACTAGAG-1_V13B23-285_C1,14
TCCATTGTGACCTCGT-1_V13B23-285_C1,9
TCCCAAACAGACAACG-1_V13B23-285_C1,3
TCCCAAAGACGAAGGA-1_V13B23-285_C1,7
TCCCAAAGCCCTAAAT-1_V13B23-285_C1,6
TCCCACTCTCTTCCGG-1_V13B23-285_C1,3
TCCCAGCACACGACAT-1_V13B23-285_C1,11
TCCCAGCTTTAGTCTG-1_V13B23-285_C1,4
TCCCAGGCTTAGCTAA-1_V13B23-285_C1,5
TCCCGCCTATGTGCGT-1_V13B23-285_C1,3
TCCCGCGTACTCCTGG-1_V13B23-285_C1,1
TCCCGGGTGTGCTGCT-1_V13B23-285_C1,10
TCCCGTCAGTCCCGCA-1_V13B23-285_C1,16
TCCCGTCGCGTCATAG-1_V13B23-285_C1,8
TCCCGTGTGCAATTTG-1_V13B23-285_C1,11
TCCCTAGATCAATAGG-1_V13B23-285_C1,3
TCCCTGGCGTATTAAC-1_V13B23-285_C1,10
TCCCTGGCTCGCTGGA-1_V13B23-285_C1,10
TCCCTTAGATTACTCG-1_V13B23-285_C1,7
TCCGAACGTTGCCGCT-1_V13B23-285_C1,11
TCCGAACTTGGCTTAC-1_V13B23-285_C1,10
TCCGAAGTAGTCACCA-1_V13B23-285_C1,12
TCCGAATGGTCCTGAG-1_V13B23-285_C1,15
TCCGATAATTGCCATA-1_V13B23-285_C1,13
TCCGATGACTGAGCTC-1_V13B23-285_C1,12
TCCGATGGTGCGACAT-1_V13B23-285_C1,5
TCCGATTACATTGCCG-1_V13B23-285_C1,10
TCCGCAGCCACCTAGC-1_V13B23-285_C1,12
TCCGCCTGTCTACAAG-1_V13B23-285_C1,11
TCCGCGGCAGCATCTG-1_V13B23-285_C1,11
TCCGCGGCCCAATGAA-1_V13B23-285_C1,11
TCCGCTGTCATCCCGG-1_V13B23-285_C1,11
TCCGCTTATCCCATTA-1_V13B23-285_C1,11
TCCGGAGGAAGGGCTG-1_V13B23-285_C1,12
TCCGGCCTAGCGTACA-1_V13B23-285_C1,17
TCCGGCTGTCGGGTCG-1_V13B23-285_C1,11
TCCGGTTCGTCCGGTC-1_V13B23-285_C1,7
TCCGTAACCACAATCC-1_V13B23-285_C1,5
TCCGTTAAGCTAATAT-1_V13B23-285_C1,11
TCCGTTTAGCCTTGAA-1_V13B23-285_C1,1
TCCTAAATTGGGAAGC-1_V13B23-285_C1,11
TCCTAACCGTCGGGCA-1_V13B23-285_C1,10
TCCTACATCCACGGCC-1_V13B23-285_C1,11
TCCTAGCAAAGAAGCT-1_V13B23-285_C1,7
TCCTATCATAGGTAAC-1_V13B23-285_C1,11
TCCTCCTAAGACATTC-1_V13B23-285_C1,19
TCCTCGGGCTGGGCTT-1_V13B23-285_C1,11
TCCTCTACGAGATGGC-1_V13B23-285_C1,10
TCCTCTCCAGTTGTCC-1_V13B23-285_C1,10
TCCTCTGGCCCATTAG-1_V13B23-285_C1,12
TCCTGCCAACTGGAGA-1_V13B23-285_C1,5
TCCTGCGTTGATACTC-1_V13B23-285_C1,10
TCCTGGCGCTGCCTGG-1_V13B23-285_C1,2
TCCTTACGACGGTCCG-1_V13B23-285_C1,11
TCCTTCAGTGGTCGAA-1_V13B23-285_C1,13
TCCTTTAAATCCGCTT-1_V13B23-285_C1,11
TCCTTTCTTACGCTTA-1_V13B23-285_C1,3
TCGAAATTTAGGACCA-1_V13B23-285_C1,10
TCGAAGAACCGAGCAC-1_V13B23-285_C1,11
TCGAATATCCCGCAGG-1_V13B23-285_C1,15
TCGACAACTGAACCCG-1_V13B23-285_C1,10
TCGAGACCAACACCGT-1_V13B23-285_C1,10
TCGAGCCAGGCAGGCC-1_V13B23-285_C1,10
TCGAGGGCAACAGACG-1_V13B23-285_C1,16
TCGCAAAGATGCATTT-1_V13B23-285_C1,11
TCGCACCAGGAGGCAG-1_V13B23-285_C1,11
TCGCATAAAGGGCGCA-1_V13B23-285_C1,11
TCGCATCCCTAAGTGT-1_V13B23-285_C1,5
TCGCCGAAGTTGCGTC-1_V13B23-285_C1,7
TCGCCGGTCGATCCGT-1_V13B23-285_C1,13
TCGCGTAGCAGTGTCC-1_V13B23-285_C1,17
TCGCGTCCAGAAGGTC-1_V13B23-285_C1,10
TCGCTAAACCGCTATC-1_V13B23-285_C1,5
TCGCTCGATATATTCC-1_V13B23-285_C1,19
TCGCTCGGCACCAGCG-1_V13B23-285_C1,3
TCGCTGGGCGGATTGT-1_V13B23-285_C1,1
TCGCTGTGCGTAAATC-1_V13B23-285_C1,5
TCGCTTTAAACGTTTG-1_V13B23-285_C1,3
TCGGAATGCGCTCTGA-1_V13B23-285_C1,10
TCGGACGCCCAGCCCA-1_V13B23-285_C1,16
TCGGAGAGTATCGGGA-1_V13B23-285_C1,10
TCGGAGTACATGAGTA-1_V13B23-285_C1,1
TCGGCGAACCCAAACC-1_V13B23-285_C1,11
TCGGCGTACTGCACAA-1_V13B23-285_C1,12
TCGGCTTGTATCGACG-1_V13B23-285_C1,11
TCGGGAACGTGCCTAG-1_V13B23-285_C1,17
TCGGGAGACAGCGTAC-1_V13B23-285_C1,11
TCGGGATTCAAACATA-1_V13B23-285_C1,5
TCGGGCCGTCGTGGTA-1_V13B23-285_C1,11
TCGGGTGAAACTGCTA-1_V13B23-285_C1,9
TCGGTCCCGACAATAG-1_V13B23-285_C1,10
TCGGTCCCTGACTCCA-1_V13B23-285_C1,12
TCGGTGACCGCTCCGG-1_V13B23-285_C1,18
TCGTAAGACGACATTG-1_V13B23-285_C1,3
TCGTAAGCTCCGAGGA-1_V13B23-285_C1,12
TCGTATAGTGCAATTA-1_V13B23-285_C1,13
TCGTATTACCCATTGC-1_V13B23-285_C1,10
TCGTCAAGTACGCGCA-1_V13B23-285_C1,10
TCGTCACACTGTTAGC-1_V13B23-285_C1,5
TCGTCCGCTGGCGTCT-1_V13B23-285_C1,5
TCGTCTTAGGCGTTAA-1_V13B23-285_C1,11
TCGTGTACTATGGATG-1_V13B23-285_C1,11
TCGTGTATTGGTCACG-1_V13B23-285_C1,1
TCGTGTCACGCTGACA-1_V13B23-285_C1,3
TCGTGTTCGACCACAA-1_V13B23-285_C1,11
TCGTTAGGAGTCCCTA-1_V13B23-285_C1,10
TCGTTCGTTATTATGT-1_V13B23-285_C1,9
TCGTTGCTATCCGGTC-1_V13B23-285_C1,10
TCTAACTGTATGTAAA-1_V13B23-285_C1,5
TCTAATACTGCCTCAG-1_V13B23-285_C1,16
TCTACCCAATAGAGAG-1_V13B23-285_C1,11
TCTACCGTCCACAAGC-1_V13B23-285_C1,15
TCTACGGGCTCAGTTG-1_V13B23-285_C1,14
TCTAGCAATCTCCGCC-1_V13B23-285_C1,10
TCTAGCATCTTCGATG-1_V13B23-285_C1,5
TCTAGCATGCCCAGAA-1_V13B23-285_C1,11
TCTAGGTGGCGACGCT-1_V13B23-285_C1,3
TCTAGTGATATCGTGG-1_V13B23-285_C1,11
TCTAGTTATCAGAAGA-1_V13B23-285_C1,10
TCTATCATGCAGTTAC-1_V13B23-285_C1,7
TCTATCGGTCGCAACA-1_V13B23-285_C1,5
TCTATTACGCTGGCGA-1_V13B23-285_C1,9
TCTATTACTAGAGGAT-1_V13B23-285_C1,10
TCTCATGAGATAGGGT-1_V13B23-285_C1,11
TCTCCAACGTAGGTTA-1_V13B23-285_C1,4
TCTCCACAAGTTGAAT-1_V13B23-285_C1,11
TCTCCCTGGGCAGCGT-1_V13B23-285_C1,11
TCTCGAACGAGGTCAC-1_V13B23-285_C1,18
TCTCGACGTATCGCCG-1_V13B23-285_C1,11
TCTCGAGGAGGTTCGC-1_V13B23-285_C1,11
TCTCGGCTCCAGGACT-1_V13B23-285_C1,5
TCTCTAATAGCTGGTA-1_V13B23-285_C1,12
TCTCTCGCCGCACATA-1_V13B23-285_C1,11
TCTGAACCGGTCGGCT-1_V13B23-285_C1,5
TCTGAACTCGTACCCG-1_V13B23-285_C1,11
TCTGAAGCACGTGGTC-1_V13B23-285_C1,11
TCTGAATTCCGTACAA-1_V13B23-285_C1,16
TCTGACGGGCTAACCC-1_V13B23-285_C1,1
TCTGAGCAATTGACTG-1_V13B23-285_C1,11
TCTGATCGGGTGCTAG-1_V13B23-285_C1,1
TCTGATGTATTCTGTC-1_V13B23-285_C1,11
TCTGATTGGAAATGGA-1_V13B23-285_C1,10
TCTGCACCATTAGTAA-1_V13B23-285_C1,19
TCTGCATACCTTGCTT-1_V13B23-285_C1,11
TCTGCCAGAAACTGCA-1_V13B23-285_C1,11
TCTGCGAATCGTTCGC-1_V13B23-285_C1,2
TCTGCGTCCGGTTTCT-1_V13B23-285_C1,5
TCTGCTTAGAACAAGC-1_V13B23-285_C1,11
TCTGGAGCGTAAGAGT-1_V13B23-285_C1,10
TCTGGCCGTTCAAGTT-1_V13B23-285_C1,11
TCTGGGAACCTTTGAA-1_V13B23-285_C1,11
TCTGGGTAGCGCTCAT-1_V13B23-285_C1,1
TCTGTGCCATCATAGT-1_V13B23-285_C1,16
TCTGTTACCCAGCATA-1_V13B23-285_C1,10
TCTTACAGAGGTACCG-1_V13B23-285_C1,13
TCTTACCGGAACTCGT-1_V13B23-285_C1,16
TCTTACGGCATCCGAC-1_V13B23-285_C1,10
TCTTACTTATGCCTCT-1_V13B23-285_C1,11
TCTTAGAGCTCCAATT-1_V13B23-285_C1,11
TCTTAGAGTGAACTCT-1_V13B23-285_C1,11
TCTTCCCATGGGCACA-1_V13B23-285_C1,15
TCTTCGAATAGACGTT-1_V13B23-285_C1,11
TCTTCGATACCAATAA-1_V13B23-285_C1,5
TCTTCGCGGTGAGAGG-1_V13B23-285_C1,11
TCTTCTATAACCCGCC-1_V13B23-285_C1,11
TCTTGATGCGTAGCGA-1_V13B23-285_C1,5
TCTTGGTAACACCAAA-1_V13B23-285_C1,13
TCTTTAAGACTATGAA-1_V13B23-285_C1,15
TCTTTAGAGTCTAACA-1_V13B23-285_C1,11
TCTTTAGCAGGCGAAC-1_V13B23-285_C1,3
TCTTTCCTTCGAGATA-1_V13B23-285_C1,11
TGAAACTTATGCAAGC-1_V13B23-285_C1,9
TGAAAGGACCTGACTC-1_V13B23-285_C1,11
TGAAGAGCGGTCCTAG-1_V13B23-285_C1,5
TGAAGTAGCTTACGGA-1_V13B23-285_C1,15
TGAATATGCTATAAAC-1_V13B23-285_C1,3
TGAATGAGATACAGCA-1_V13B23-285_C1,14
TGAATGTCAGCCGGCC-1_V13B23-285_C1,11
TGACAACGCATGTCGC-1_V13B23-285_C1,11
TGACACTTCTCTTTGC-1_V13B23-285_C1,12
TGACAGGACAAGTCCA-1_V13B23-285_C1,3
TGACATCGAGCGGACC-1_V13B23-285_C1,11
TGACCCACGTTAGACA-1_V13B23-285_C1,10
TGACGAATATTTCCCT-1_V13B23-285_C1,3
TGACGATGCACTAGAA-1_V13B23-285_C1,11
TGACTATAATCCTTTC-1_V13B23-285_C1,11
TGAGAATGCTTTACCG-1_V13B23-285_C1,13
TGAGAGATTTACCACG-1_V13B23-285_C1,11
TGAGATTAGGCCCTAA-1_V13B23-285_C1,3
TGAGCCATACAGTCTC-1_V13B23-285_C1,1
TGAGCGGAAAGTGTTC-1_V13B23-285_C1,11
TGAGCTCAACTGTATA-1_V13B23-285_C1,11
TGAGCTTTAATGACGC-1_V13B23-285_C1,16
TGAGGAGTGCCAGCTT-1_V13B23-285_C1,4
TGAGTAAATTAGCGTA-1_V13B23-285_C1,10
TGAGTGCCTCTTAAAT-1_V13B23-285_C1,4
TGAGTGGTCCGTGACG-1_V13B23-285_C1,1
TGAGTTAAAGACATTC-1_V13B23-285_C1,11
TGATACATTTAGCCGT-1_V13B23-285_C1,1
TGATAGCGGGATTCTA-1_V13B23-285_C1,5
TGATCAGGGAACTGCT-1_V13B23-285_C1,3
TGATCCCAGCATTAGT-1_V13B23-285_C1,1
TGATCGGTTTGACCCT-1_V13B23-285_C1,5
TGATCTACGCTGATCT-1_V13B23-285_C1,16
TGATCTCCGGCGCCAG-1_V13B23-285_C1,12
TGATGGCTGTTTCTGA-1_V13B23-285_C1,1
TGATGTCAATTAAGTG-1_V13B23-285_C1,11
TGATTATGGCACGCAG-1_V13B23-285_C1,2
TGATTCAGGTCCCGCG-1_V13B23-285_C1,16
TGATTCGTCTATCACT-1_V13B23-285_C1,10
TGATTCTGTCGCCGGT-1_V13B23-285_C1,10
TGATTTATTAGCTGTG-1_V13B23-285_C1,10
TGATTTCCTCCTGACG-1_V13B23-285_C1,5
TGCAACCCATCTGCGG-1_V13B23-285_C1,11
TGCAAGAATGACGTAA-1_V13B23-285_C1,16
TGCAATCTAACACGGT-1_V13B23-285_C1,11
TGCAATTTGGGCACGG-1_V13B23-285_C1,3
TGCACAGTGAAGTTAT-1_V13B23-285_C1,5
TGCACTATGTGAGTGC-1_V13B23-285_C1,5
TGCAGAACTATATCGT-1_V13B23-285_C1,3
TGCAGAGTACCGAGCA-1_V13B23-285_C1,10
TGCAGATCGTCCTAGG-1_V13B23-285_C1,3
TGCAGCTACGTACTTC-1_V13B23-285_C1,3
TGCAGGATCGGCAAAG-1_V13B23-285_C1,5
TGCAGTGAGGCTCGGG-1_V13B23-285_C1,14
TGCAGTTTCCTCCCAT-1_V13B23-285_C1,11
TGCATATGTCTGTCAC-1_V13B23-285_C1,11
TGCATGGATCGGATCT-1_V13B23-285_C1,13
TGCATGTGGTAATCTA-1_V13B23-285_C1,1
TGCCAAAGTCAGACTT-1_V13B23-285_C1,3
TGCCAATGGGTACTCT-1_V13B23-285_C1,10
TGCCACCTGGCGAAAC-1_V13B23-285_C1,13
TGCCAGTACGTGGAGA-1_V13B23-285_C1,11
TGCCATTACTAAAGAA-1_V13B23-285_C1,16
TGCCCGTACCGTTAAA-1_V13B23-285_C1,11
TGCCGGATGTACGAGC-1_V13B23-285_C1,10
TGCCGTGGATCGTCCT-1_V13B23-285_C1,11
TGCCTAAATTTAATAG-1_V13B23-285_C1,10
TGCCTAATTGAAGATT-1_V13B23-285_C1,11
TGCCTGACATCGGTCA-1_V13B23-285_C1,5
TGCCTGATCAAACGAT-1_V13B23-285_C1,12
TGCCTTGGCCAGGCAA-1_V13B23-285_C1,11
TGCGAATATGGGATTT-1_V13B23-285_C1,3
TGCGACACCCTAGTGC-1_V13B23-285_C1,16
TGCGACGGCCGAACGT-1_V13B23-285_C1,10
TGCGAGAATATTACCC-1_V13B23-285_C1,10
TGCGAGCCCTTCCGCG-1_V13B23-285_C1,12
TGCGATGCTAATGGCT-1_V13B23-285_C1,5
TGCGCAAAGCATTTGG-1_V13B23-285_C1,5
TGCGCCGTTAATAACG-1_V13B23-285_C1,11
TGCGCGATTAACGGAG-1_V13B23-285_C1,17
TGCGGAGTAAAGGTGC-1_V13B23-285_C1,1
TGCGGCATAGTTCAAC-1_V13B23-285_C1,13
TGCGGTGAAATTTCAT-1_V13B23-285_C1,6
TGCGTAAGAACCTGAT-1_V13B23-285_C1,10
TGCGTCATGACTGAGC-1_V13B23-285_C1,1
TGCGTGATTGGGTGTC-1_V13B23-285_C1,9
TGCGTTTGTTGACACT-1_V13B23-285_C1,11
TGCTAAGTGTCTATTT-1_V13B23-285_C1,11
TGCTCCACAGTTCTTA-1_V13B23-285_C1,11
TGCTCGGCGAAACCCA-1_V13B23-285_C1,11
TGCTCTGCCGGTTCAC-1_V13B23-285_C1,3
TGCTGGTTGGACAATT-1_V13B23-285_C1,5
TGCTGTTGAAGAACTC-1_V13B23-285_C1,11
TGCTTAGAGAGAATGC-1_V13B23-285_C1,10
TGCTTCCCAAGCAGTA-1_V13B23-285_C1,11
TGGAACCACTGACACA-1_V13B23-285_C1,3
TGGAAGAAGGGAACGT-1_V13B23-285_C1,10
TGGAAGACGAACACCA-1_V13B23-285_C1,9
TGGAAGGATAAAGATG-1_V13B23-285_C1,13
TGGAATATCCTTGACC-1_V13B23-285_C1,3
TGGAATTAGACGCTTT-1_V13B23-285_C1,5
TGGACACCGTTGCTTG-1_V13B23-285_C1,5
TGGACCAATCTAAGAT-1_V13B23-285_C1,11
TGGACGCAATCCAGCC-1_V13B23-285_C1,19
TGGACTGTTCGCTCAA-1_V13B23-285_C1,11
TGGAGGGAAACACCTC-1_V13B23-285_C1,2
TGGAGTGATGCGATGA-1_V13B23-285_C1,10
TGGCAAACTAAATTAC-1_V13B23-285_C1,11
TGGCAACTCGCGCGCC-1_V13B23-285_C1,12
TGGCAATGGGACGGCG-1_V13B23-285_C1,11
TGGCAGATTACGATCA-1_V13B23-285_C1,10
TGGCAGCAGTAATAGT-1_V13B23-285_C1,11
TGGCCAAACTGAAGTA-1_V13B23-285_C1,3
TGGCCGTATATTGACC-1_V13B23-285_C1,10
TGGCGACTGCTCCAAA-1_V13B23-285_C1,10
TGGCGATCAAGTTATG-1_V13B23-285_C1,16
TGGCTATGTGACATAC-1_V13B23-285_C1,11
TGGCTCTTGTCGCGTA-1_V13B23-285_C1,3
TGGCTTGTACAAGCTT-1_V13B23-285_C1,2
TGGCTTTGGGTAGACA-1_V13B23-285_C1,13
TGGGAAATGCCTTTCC-1_V13B23-285_C1,5
TGGGATGCACTCATTC-1_V13B23-285_C1,12
TGGGCAATAGTTGGGT-1_V13B23-285_C1,11
TGGGCACGTTCTATGG-1_V13B23-285_C1,13
TGGGCAGGCCACCGCA-1_V13B23-285_C1,11
TGGGCCACAAGAGCGC-1_V13B23-285_C1,13
TGGGCCCATACTAATT-1_V13B23-285_C1,11
TGGGTAAGGTTCCCGC-1_V13B23-285_C1,13
TGGGTGGGATGTCATT-1_V13B23-285_C1,14
TGGTAAGCAGGATTGA-1_V13B23-285_C1,7
TGGTAGAATATATGGG-1_V13B23-285_C1,11
TGGTATCGCATCCCAA-1_V13B23-285_C1,9
TGGTCCCACGCTACGG-1_V13B23-285_C1,11
TGGTCGTGCAAGGCAA-1_V13B23-285_C1,7
TGGTCTAGCTTACATG-1_V13B23-285_C1,16
TGGTCTGTTGGGCGTA-1_V13B23-285_C1,10
TGGTGATCGTATTTGT-1_V13B23-285_C1,5
TGGTTAAGGGCGCTGG-1_V13B23-285_C1,16
TGGTTCAACGGGTAAT-1_V13B23-285_C1,11
TGGTTCGTAGCAAAGG-1_V13B23-285_C1,5
TGGTTGGAGGATCCTG-1_V13B23-285_C1,1
TGGTTTAAACGTGGGT-1_V13B23-285_C1,3
TGTAATGACCACAATA-1_V13B23-285_C1,3
TGTACCTACACGAGGG-1_V13B23-285_C1,11
TGTACGAACAAATCCG-1_V13B23-285_C1,11
TGTACTACTCTCACGG-1_V13B23-285_C1,2
TGTAGCCATCCCATTC-1_V13B23-285_C1,11
TGTAGGAGAAATTTCC-1_V13B23-285_C1,11
TGTAGTGATCTATAAT-1_V13B23-285_C1,17
TGTATAACAGATCCTG-1_V13B23-285_C1,3
TGTATACGGATGATGA-1_V13B23-285_C1,15
TGTATCCTTATTCCAT-1_V13B23-285_C1,9
TGTATGGCGCAGACAG-1_V13B23-285_C1,11
TGTATTTACCTAATGC-1_V13B23-285_C1,2
TGTCATTTGTTGGGAA-1_V13B23-285_C1,1
TGTCCCGACATAGCAC-1_V13B23-285_C1,9
TGTCCGTGGCGCCTTT-1_V13B23-285_C1,10
TGTCCTAAGTCACCGC-1_V13B23-285_C1,15
TGTCGTTATCACATAT-1_V13B23-285_C1,10
TGTCTACAGTTTCTGT-1_V13B23-285_C1,9
TGTGACTACGCCAGTC-1_V13B23-285_C1,13
TGTGAGACTAGCCCAA-1_V13B23-285_C1,11
TGTGCCGGTGCCGGAA-1_V13B23-285_C1,11
TGTGCTTTACGTAAGA-1_V13B23-285_C1,7
TGTGGACTATCTACGT-1_V13B23-285_C1,11
TGTGGCAAAGCGTATG-1_V13B23-285_C1,3
TGTGGCTCCCACCAAC-1_V13B23-285_C1,11
TGTGGTAGGGTGCCTT-1_V13B23-285_C1,11
TGTGTAGTAGCACGTG-1_V13B23-285_C1,11
TGTGTCGCGAGTTGCA-1_V13B23-285_C1,5
TGTGTTCGTATCCAAG-1_V13B23-285_C1,10
TGTTATTGTATGTGGC-1_V13B23-285_C1,6
TGTTCATAAATGTGCT-1_V13B23-285_C1,1
TGTTCCGCTTCCATGA-1_V13B23-285_C1,10
TGTTCGTATTGCGGTG-1_V13B23-285_C1,11
TGTTCTTCCATTGACT-1_V13B23-285_C1,10
TGTTGCCGTCGTCCCA-1_V13B23-285_C1,11
TGTTGTCAAGAAGTCT-1_V13B23-285_C1,4
TGTTTAATACTTCATC-1_V13B23-285_C1,9
TGTTTCGGTACTTCTC-1_V13B23-285_C1,13
TGTTTGAGATCGTCAG-1_V13B23-285_C1,11
TTAAACCTGGTTCCTT-1_V13B23-285_C1,5
TTAAACTCGAATTCAT-1_V13B23-285_C1,3
TTAACACCTCGAACAT-1_V13B23-285_C1,10
TTAACCAACCCTCCCT-1_V13B23-285_C1,13
TTAACGAACAAGCAGT-1_V13B23-285_C1,8
TTAACGTCGCAAGACC-1_V13B23-285_C1,9
TTAACTCACGCGTGGA-1_V13B23-285_C1,5
TTAACTTCAGGTAGGA-1_V13B23-285_C1,10
TTAAGATAGGATTGAC-1_V13B23-285_C1,11
TTAAGCCGACAACTTC-1_V13B23-285_C1,13
TTAAGCGCCTGACCCA-1_V13B23-285_C1,10
TTAAGGCCCGTACTTT-1_V13B23-285_C1,10
TTAATCAGTACGTCAG-1_V13B23-285_C1,13
TTAATGTAGACCAGGT-1_V13B23-285_C1,17
TTAATGTGTTTGCAGG-1_V13B23-285_C1,1
TTAATTGCTTTGGGTG-1_V13B23-285_C1,11
TTAATTTCAGACGCGG-1_V13B23-285_C1,13
TTACAACTACGCATCC-1_V13B23-285_C1,5
TTACACGATCTGCGAC-1_V13B23-285_C1,11
TTACAGACCTAAATGA-1_V13B23-285_C1,16
TTACATCGTGGCCTGG-1_V13B23-285_C1,5
TTACATGCCACAACTA-1_V13B23-285_C1,11
TTACCATTGATTACCC-1_V13B23-285_C1,10
TTACCCATTGCCGGGT-1_V13B23-285_C1,1
TTACCCTAACAGTCCT-1_V13B23-285_C1,10
TTACCCTAGGGATTGG-1_V13B23-285_C1,16
TTACCGCCTTAGGGAA-1_V13B23-285_C1,9
TTACGGATGGTTCGAG-1_V13B23-285_C1,15
TTACTAAAGGACTTTA-1_V13B23-285_C1,11
TTACTATCGGCTTCTC-1_V13B23-285_C1,10
TTACTCCGGCCGGGAA-1_V13B23-285_C1,11
TTACTCTGGTACGTAC-1_V13B23-285_C1,10
TTACTGGGATATTTCA-1_V13B23-285_C1,10
TTACTGTCTAGAGCTC-1_V13B23-285_C1,3
TTAGAAGAACATGACT-1_V13B23-285_C1,11
TTAGAATAAGGGTCGG-1_V13B23-285_C1,10
TTAGACACGATCGTTG-1_V13B23-285_C1,1
TTAGACGAGTCACCTC-1_V13B23-285_C1,11
TTAGAGTTTAGAAGGA-1_V13B23-285_C1,11
TTAGATAGGTCGATAC-1_V13B23-285_C1,18
TTAGCAACATGGATGT-1_V13B23-285_C1,5
TTAGCTAATACGATCT-1_V13B23-285_C1,19
TTAGCTCTGTAATCCG-1_V13B23-285_C1,10
TTAGCTGATTTGCCGT-1_V13B23-285_C1,11
TTAGGATGGGAGGGTA-1_V13B23-285_C1,6
TTAGGTCATAACCGAC-1_V13B23-285_C1,10
TTAGTAAACCTGCTCT-1_V13B23-285_C1,11
TTAGTAGGGCGGCGGG-1_V13B23-285_C1,10
TTAGTTATTCGTGGCA-1_V13B23-285_C1,11
TTAGTTCAAGTGTTCG-1_V13B23-285_C1,3
TTATAGGTAATTGTCT-1_V13B23-285_C1,11
TTATATACGCTGTCAC-1_V13B23-285_C1,11
TTATATTTGGCAATCC-1_V13B23-285_C1,16
TTATCCAATCGAACTC-1_V13B23-285_C1,9
TTATCCGGGATCTATA-1_V13B23-285_C1,11
TTATCCTCAAGGAATA-1_V13B23-285_C1,17
TTATCGCCTGCGAAGC-1_V13B23-285_C1,5
TTATCTGACATTAGGA-1_V13B23-285_C1,3
TTATCTGTATCATAAC-1_V13B23-285_C1,18
TTATGAATGAAAGGGA-1_V13B23-285_C1,11
TTATGACAAACTGGAT-1_V13B23-285_C1,10
TTATGATCTTAACGAA-1_V13B23-285_C1,11
TTATGTTTGCGATAGA-1_V13B23-285_C1,10
TTATTAGAGCGTGTTC-1_V13B23-285_C1,11
TTATTAGGGAAGCATC-1_V13B23-285_C1,13
TTATTATCTGGAAGGC-1_V13B23-285_C1,11
TTCAAAGTCTCTAGCC-1_V13B23-285_C1,11
TTCAACGACCCGACCG-1_V13B23-285_C1,5
TTCAAGCCGAGCTGAG-1_V13B23-285_C1,13
TTCAATACTCTGAATC-1_V13B23-285_C1,11
TTCAATTAGCCATAAT-1_V13B23-285_C1,2
TTCACGAAAGGATCAC-1_V13B23-285_C1,10
TTCACTCGAGCACCTA-1_V13B23-285_C1,11
TTCAGCCCTGGTCCAC-1_V13B23-285_C1,11
TTCAGCTGGCGTGCCC-1_V13B23-285_C1,4
TTCAGGCGTCAAAGCC-1_V13B23-285_C1,10
TTCAGTTTGTGGCAGC-1_V13B23-285_C1,15
TTCATAGGGTGTCCAT-1_V13B23-285_C1,7
TTCATGGCGCAACAGG-1_V13B23-285_C1,13
TTCCAATCAGAGCTAG-1_V13B23-285_C1,16
TTCCAATCTGGCTATC-1_V13B23-285_C1,10
TTCCACACAGATTTGA-1_V13B23-285_C1,10
TTCCAGACGAGATTTA-1_V13B23-285_C1,11
TTCCATCATGCGGTGA-1_V13B23-285_C1,12
TTCCATCGACAGCGTG-1_V13B23-285_C1,11
TTCCCGGCGCCAATAG-1_V13B23-285_C1,17
TTCCGCAGAGAAATAT-1_V13B23-285_C1,15
TTCCGCGTGAGGCGAT-1_V13B23-285_C1,11
TTCCGGCCTTGAGGCT-1_V13B23-285_C1,10
TTCCGGCTCGACTTCT-1_V13B23-285_C1,2
TTCCGGTATCTGTGTC-1_V13B23-285_C1,11
TTCCGGTTACCCACTT-1_V13B23-285_C1,11
TTCCTCGAGGGTGTCT-1_V13B23-285_C1,5
TTCCTCGGACTAACCA-1_V13B23-285_C1,11
TTCCTCTGCCCGAATA-1_V13B23-285_C1,10
TTCGACAGAGCCCGTG-1_V13B23-285_C1,11
TTCGACGGGAAGGGCG-1_V13B23-285_C1,5
TTCGCACTCGCGTGCT-1_V13B23-285_C1,5
TTCGCACTGTACGACA-1_V13B23-285_C1,16
TTCGCATCCGGAAGCA-1_V13B23-285_C1,9
TTCGCCGCTCGCGCTA-1_V13B23-285_C1,17
TTCGCGCGCCATACGA-1_V13B23-285_C1,16
TTCGCTAGGAAGTTGT-1_V13B23-285_C1,11
TTCGCTATCTGACGTG-1_V13B23-285_C1,1
TTCGGCAACCCGCTGA-1_V13B23-285_C1,3
TTCGGCTAGAGATGGT-1_V13B23-285_C1,5
TTCGGGACTAATCGCG-1_V13B23-285_C1,11
TTCGGGCGCTAGTCTT-1_V13B23-285_C1,10
TTCGGGTTGCCACGGG-1_V13B23-285_C1,11
TTCGGTGGAGACGCCC-1_V13B23-285_C1,11
TTCGTAATCCCAGCGG-1_V13B23-285_C1,12
TTCGTACTCCAGAACG-1_V13B23-285_C1,10
TTCGTTCAACGAAGTT-1_V13B23-285_C1,3
TTCTAACCGAAGCTTA-1_V13B23-285_C1,11
TTCTACTTGCGAGGGC-1_V13B23-285_C1,5
TTCTAGAAAGTCTTAT-1_V13B23-285_C1,1
TTCTAGGCCAATTGTG-1_V13B23-285_C1,5
TTCTATGCCTTTCGCA-1_V13B23-285_C1,3
TTCTGACCGGGCTCAA-1_V13B23-285_C1,11
TTCTGCCGCGCCTAGA-1_V13B23-285_C1,11
TTCTGCGAGCGCCCTT-1_V13B23-285_C1,10
TTCTGCGGGTTAGCGG-1_V13B23-285_C1,11
TTCTGCTAGACTCCAA-1_V13B23-285_C1,1
TTCTGTTTCCTGTCGC-1_V13B23-285_C1,5
TTCTTAGTGAACGGTG-1_V13B23-285_C1,5
TTCTTAGTGGCTCAGA-1_V13B23-285_C1,13
TTCTTATCCGCTGGGT-1_V13B23-285_C1,11
TTCTTGAGCCGCGCTA-1_V13B23-285_C1,17
TTCTTGCTAGCATCTC-1_V13B23-285_C1,11
TTCTTGGACGATCTGC-1_V13B23-285_C1,15
TTCTTGGAGTAATGAG-1_V13B23-285_C1,2
TTCTTGTAACCTAATG-1_V13B23-285_C1,5
TTCTTGTGTCCATCAG-1_V13B23-285_C1,16
TTCTTTGGTCGCGACG-1_V13B23-285_C1,17
TTGAAAGGTGTAAAGG-1_V13B23-285_C1,3
TTGAACGAATCCTTTG-1_V13B23-285_C1,5
TTGAACGACGTGCTGA-1_V13B23-285_C1,11
TTGAAGAATTCCCAGG-1_V13B23-285_C1,5
TTGAATATGGACTTTC-1_V13B23-285_C1,12
TTGAATTCACGTGAGG-1_V13B23-285_C1,11
TTGACAGGAGCTCCCG-1_V13B23-285_C1,11
TTGACATGAACGTGGA-1_V13B23-285_C1,10
TTGACCAGGAACAACT-1_V13B23-285_C1,11
TTGACCATGTTCTCCG-1_V13B23-285_C1,16
TTGACCGTGTTAATGA-1_V13B23-285_C1,19
TTGACGCTCCATGAGC-1_V13B23-285_C1,11
TTGACTACCATATGGT-1_V13B23-285_C1,19
TTGACTATTGTCCGGC-1_V13B23-285_C1,11
TTGAGAAGTTTAGCAT-1_V13B23-285_C1,11
TTGAGAGTACTGCTAA-1_V13B23-285_C1,7
TTGAGCAGCCCACGGT-1_V13B23-285_C1,11
TTGAGCGCCACGTGAT-1_V13B23-285_C1,11
TTGAGTCCCGCTGCTG-1_V13B23-285_C1,11
TTGATAGTCAATACAT-1_V13B23-285_C1,3
TTGATCTAACTTTGTC-1_V13B23-285_C1,7
TTGATGTGTAGTCCCG-1_V13B23-285_C1,16
TTGATTAGCTGTTTCT-1_V13B23-285_C1,10
TTGATTATGCAGATGA-1_V13B23-285_C1,10
TTGCACAATTCAGAAA-1_V13B23-285_C1,10
TTGCACGGAGCAGCAC-1_V13B23-285_C1,13
TTGCATGCTGATCACG-1_V13B23-285_C1,1
TTGCCAAGCAGAACCC-1_V13B23-285_C1,11
TTGCCATAGCCCGCTC-1_V13B23-285_C1,19
TTGCCCTGATCACGGG-1_V13B23-285_C1,10
TTGCCGCTTTCTAGTA-1_V13B23-285_C1,11
TTGCCGGTGATCCCTC-1_V13B23-285_C1,4
TTGCGGCATCAGAAAG-1_V13B23-285_C1,10
TTGCGTAGTTTGAGGA-1_V13B23-285_C1,10
TTGCGTCGGCCAACCG-1_V13B23-285_C1,10
TTGCGTGAACGCTTAG-1_V13B23-285_C1,3
TTGCTCCCATACCGGA-1_V13B23-285_C1,13
TTGCTGAAGGAACCAC-1_V13B23-285_C1,13
TTGCTGATCATGTTCG-1_V13B23-285_C1,4
TTGCTGCACCTATCCA-1_V13B23-285_C1,5
TTGCTGGCCGGGCTTC-1_V13B23-285_C1,9
TTGGAAGAATACAGTC-1_V13B23-285_C1,16
TTGGACATGTGGCTTA-1_V13B23-285_C1,10
TTGGACCATCTGGCAA-1_V13B23-285_C1,11
TTGGACCTATAACAGT-1_V13B23-285_C1,11
TTGGATATCGTCTACG-1_V13B23-285_C1,10
TTGGATCGACTTCTGG-1_V13B23-285_C1,9
TTGGATTGGGTACCAC-1_V13B23-285_C1,13
TTGGCCATCTTGCGCT-1_V13B23-285_C1,5
TTGGCCTAGAATTTCG-1_V13B23-285_C1,9
TTGGCGATCCGAATAT-1_V13B23-285_C1,12
TTGGCTCGCATGAGAC-1_V13B23-285_C1,5
TTGGGACACTGCCCGC-1_V13B23-285_C1,19
TTGGGACGTAAGAGTT-1_V13B23-285_C1,11
TTGGGCGGCGGTTGCC-1_V13B23-285_C1,3
TTGGTCACACTCGTAA-1_V13B23-285_C1,10
TTGGTTCGCTCAAAGG-1_V13B23-285_C1,10
TTGGTTGCGGTGCGCG-1_V13B23-285_C1,16
TTGTAAGGACCTAAGT-1_V13B23-285_C1,10
TTGTAAGGCCAGTTGG-1_V13B23-285_C1,16
TTGTAATCCGTACTCG-1_V13B23-285_C1,6
TTGTATCACACAGAAT-1_V13B23-285_C1,13
TTGTCGTTCAGTTACC-1_V13B23-285_C1,5
TTGTGAACCTAATCCG-1_V13B23-285_C1,11
TTGTGAGGCATGACGC-1_V13B23-285_C1,3
TTGTGCAGCCACGTCA-1_V13B23-285_C1,11
TTGTGGCCCTGACAGT-1_V13B23-285_C1,13
TTGTGGTAGGAGGGAT-1_V13B23-285_C1,1
TTGTGGTATAGGTATG-1_V13B23-285_C1,15
TTGTGGTGGTACTAAG-1_V13B23-285_C1,11
TTGTGTATGCCACCAA-1_V13B23-285_C1,10
TTGTGTTTCCCGAAAG-1_V13B23-285_C1,12
TTGTTAGCAAATTCGA-1_V13B23-285_C1,5
TTGTTCAGTGTGCTAC-1_V13B23-285_C1,6
TTGTTGTGTGTCAAGA-1_V13B23-285_C1,3
TTGTTTCACATCCAGG-1_V13B23-285_C1,19
TTGTTTCATTAGTCTA-1_V13B23-285_C1,10
TTGTTTCCATACAACT-1_V13B23-285_C1,15
AAACAAGTATCTCCCA-1_V13B23-285_D1,11
AAACACCAATAACTGC-1_V13B23-285_D1,16
AAACAGAGCGACTCCT-1_V13B23-285_D1,12
AAACAGGGTCTATATT-1_V13B23-285_D1,16
AAACATTTCCCGGATT-1_V13B23-285_D1,11
AAACCCGAACGAAATC-1_V13B23-285_D1,11
AAACCGGAAATGTTAA-1_V13B23-285_D1,11
AAACCGGGTAGGTACC-1_V13B23-285_D1,15
AAACCGTTCGTCCAGG-1_V13B23-285_D1,10
AAACCTAAGCAGCCGG-1_V13B23-285_D1,11
AAACCTCATGAAGTTG-1_V13B23-285_D1,3
AAACGAGACGGTTGAT-1_V13B23-285_D1,7
AAACGGGCGTACGGGT-1_V13B23-285_D1,11
AAACGTGTTCGCCCTA-1_V13B23-285_D1,14
AAACTCGTGATATAAG-1_V13B23-285_D1,2
AAACTGCTGGCTCCAA-1_V13B23-285_D1,11
AAACTTGCAAACGTAT-1_V13B23-285_D1,12
AAAGACTGGGCGCTTT-1_V13B23-285_D1,16
AAAGCTTGCCTACATA-1_V13B23-285_D1,3
AAAGGCTACGGACCAT-1_V13B23-285_D1,10
AAAGGCTCTCGCGCCG-1_V13B23-285_D1,10
AAAGGGATGTAGCAAG-1_V13B23-285_D1,5
AAAGGGCAGCTTGAAT-1_V13B23-285_D1,12
AAAGTAGCATTGCTCA-1_V13B23-285_D1,10
AAAGTCACTGATGTAA-1_V13B23-285_D1,9
AAAGTGCCATCAATTA-1_V13B23-285_D1,11
AAAGTGTGATTTATCT-1_V13B23-285_D1,11
AAAGTTGACTCCCGTA-1_V13B23-285_D1,11
AAATAACCATACGGGA-1_V13B23-285_D1,13
AAATAAGGTAGTGCCC-1_V13B23-285_D1,3
AAATACCTATAAGCAT-1_V13B23-285_D1,11
AAATAGCTTAGACTTT-1_V13B23-285_D1,3
AAATAGGGTGCTATTG-1_V13B23-285_D1,11
AAATCCGATACACGCC-1_V13B23-285_D1,11
AAATCGTGTACCACAA-1_V13B23-285_D1,10
AAATCTAGCCCTGCTA-1_V13B23-285_D1,11
AAATGATTCGATCAGC-1_V13B23-285_D1,2
AAATGCTCGTTACGTT-1_V13B23-285_D1,5
AAATGGCATGTCTTGT-1_V13B23-285_D1,6
AAATGGCCCGTGCCCT-1_V13B23-285_D1,10
AAATGGTCAATGTGCC-1_V13B23-285_D1,10
AAATTAACGGGTAGCT-1_V13B23-285_D1,10
AAATTACACGACTCTG-1_V13B23-285_D1,13
AAATTACCTATCGATG-1_V13B23-285_D1,16
AAATTCCAGGTCCAAA-1_V13B23-285_D1,15
AAATTGATAGTCCTTT-1_V13B23-285_D1,17
AAATTTGCGGGTGTGG-1_V13B23-285_D1,16
AACAACTGGTAGTTGC-1_V13B23-285_D1,10
AACAATACATTGTCGA-1_V13B23-285_D1,10
AACAATTACTCTACGC-1_V13B23-285_D1,10
AACACACGCTCGCCGC-1_V13B23-285_D1,11
AACACGACTGTACTGA-1_V13B23-285_D1,9
AACACGAGACGCGGCC-1_V13B23-285_D1,12
AACAGCTGTGTGGCAA-1_V13B23-285_D1,10
AACAGGAAATCGAATA-1_V13B23-285_D1,13
AACAGGATGGGCCGCG-1_V13B23-285_D1,10
AACAGGTAGTATGGAT-1_V13B23-285_D1,11
AACATATCAACTGGTG-1_V13B23-285_D1,16
AACATCGATACGTCTA-1_V13B23-285_D1,2
AACCAAGACTTCTCTG-1_V13B23-285_D1,17
AACCATGGGATCGCTA-1_V13B23-285_D1,5
AACCCAGAGACGGAGA-1_V13B23-285_D1,5
AACCCATCCCATGATC-1_V13B23-285_D1,3
AACCCGAGCAGAATCG-1_V13B23-285_D1,11
AACCCTACTGTCAATA-1_V13B23-285_D1,11
AACCCTGGTGGAACCA-1_V13B23-285_D1,9
AACCGAGCTTGGTCAT-1_V13B23-285_D1,12
AACCGCTAAGGGATGC-1_V13B23-285_D1,11
AACCGTTGTGTTTGCT-1_V13B23-285_D1,6
AACCTCGCTTTAGCCC-1_V13B23-285_D1,11
AACCTGTCACGGAATT-1_V13B23-285_D1,8
AACCTTTAAATACGGT-1_V13B23-285_D1,11
AACCTTTACGACGTCT-1_V13B23-285_D1,13
AACGATAATGCCGTAG-1_V13B23-285_D1,11
AACGATAGAAGGGCCG-1_V13B23-285_D1,13
AACGATATGTCAACTG-1_V13B23-285_D1,5
AACGCATGATCTGGGT-1_V13B23-285_D1,3
AACGCGAACGGCAACA-1_V13B23-285_D1,5
AACGCGGTCTCCAGCC-1_V13B23-285_D1,4
AACGCTGTTGCTGAAA-1_V13B23-285_D1,11
AACGGACGTACGTATA-1_V13B23-285_D1,11
AACGGCCATCTCCGGT-1_V13B23-285_D1,10
AACGTACTGTGGGTAC-1_V13B23-285_D1,10
AACGTCAGACTAGTGG-1_V13B23-285_D1,10
AACGTGATGAAGGACA-1_V13B23-285_D1,9
AACGTGCGAAAGTCTC-1_V13B23-285_D1,5
AACTACCCGTTTGTCA-1_V13B23-285_D1,11
AACTAGGCTTGGGTGT-1_V13B23-285_D1,10
AACTCAAGTTAATTGC-1_V13B23-285_D1,10
AACTCCAGAGCGTGTT-1_V13B23-285_D1,11
AACTCCTAATCCCATG-1_V13B23-285_D1,13
AACTCGATGGCGCAGT-1_V13B23-285_D1,5
AACTCTCAATAGAGCG-1_V13B23-285_D1,3
AACTCTCAGTGTGCTC-1_V13B23-285_D1,10
AACTGAGTTATACTGA-1_V13B23-285_D1,11
AACTGATATTAGGCCT-1_V13B23-285_D1,13
AACTGGGTCCCGACGT-1_V13B23-285_D1,12
AACTTCTGCGTCTATC-1_V13B23-285_D1,1
AACTTGCCCGTATGCA-1_V13B23-285_D1,10
AACTTGCGTTCTCGCG-1_V13B23-285_D1,5
AACTTTCTCGATCATG-1_V13B23-285_D1,8
AAGAAATCACCAGATT-1_V13B23-285_D1,2
AAGAAGGATCAGTTAG-1_V13B23-285_D1,5
AAGACCCAACTGAACA-1_V13B23-285_D1,10
AAGACTGCAAGCTACT-1_V13B23-285_D1,5
AAGAGATGAATCGGTA-1_V13B23-285_D1,10
AAGAGCTCTTTATCGG-1_V13B23-285_D1,2
AAGAGGATGTACGCGA-1_V13B23-285_D1,3
AAGAGGCATGGATCGC-1_V13B23-285_D1,5
AAGAGGCCCTTTGGAA-1_V13B23-285_D1,11
AAGATGGCACCGGACC-1_V13B23-285_D1,10
AAGATTGGCGGAACGT-1_V13B23-285_D1,16
AAGCACCCTGCGTATC-1_V13B23-285_D1,11
AAGCATACTCTCCTGA-1_V13B23-285_D1,11
AAGCCGAAGCGGTTTA-1_V13B23-285_D1,11
AAGCCGCTTTACCTTG-1_V13B23-285_D1,14
AAGCCGGAGAGCAGGA-1_V13B23-285_D1,11
AAGCGGCGTCATGGGT-1_V13B23-285_D1,9
AAGCGTCCCTCATCGA-1_V13B23-285_D1,15
AAGCTAGATCGAGTAA-1_V13B23-285_D1,11
AAGCTCGTGCCAAGTC-1_V13B23-285_D1,2
AAGCTCTTTCATGGTG-1_V13B23-285_D1,11
AAGGAGCGGTTGGTGC-1_V13B23-285_D1,10
AAGGATCGATCGCTTG-1_V13B23-285_D1,11
AAGGATGAGGGACCTC-1_V13B23-285_D1,3
AAGGCAGGCTGTCTCC-1_V13B23-285_D1,11
AAGGCGCGTAAAGCTT-1_V13B23-285_D1,10
AAGGCTGTGCTCATCG-1_V13B23-285_D1,10
AAGGGACAGATTCTGT-1_V13B23-285_D1,16
AAGGGACTATGCATTC-1_V13B23-285_D1,10
AAGGTATCCTAATATA-1_V13B23-285_D1,16
AAGGTGATAAACCAGC-1_V13B23-285_D1,11
AAGTAGAAGACCGGGT-1_V13B23-285_D1,5
AAGTAGTGACGCGAGG-1_V13B23-285_D1,8
AAGTCAATTGTCGTCA-1_V13B23-285_D1,11
AAGTCTAGTAGCTGCC-1_V13B23-285_D1,7
AAGTGACGACCGAATT-1_V13B23-285_D1,3
AAGTGAGTCGGGTTTA-1_V13B23-285_D1,10
AAGTGCCTTGACTGTA-1_V13B23-285_D1,11
AAGTGCGTTAGAATCT-1_V13B23-285_D1,7
AAGTGTTTGGAGACGG-1_V13B23-285_D1,11
AAGTTCACTCCAAGCT-1_V13B23-285_D1,11
AAGTTCAGTCTGCGTA-1_V13B23-285_D1,3
AAGTTCGGCCAACAGG-1_V13B23-285_D1,1
AAGTTGTGATGTTATA-1_V13B23-285_D1,11
AATAACAACGCTCGGC-1_V13B23-285_D1,10
AATAACACTAGAACAA-1_V13B23-285_D1,10
AATAATCTTCGTATCG-1_V13B23-285_D1,11
AATACAATGTTTCAGG-1_V13B23-285_D1,5
AATAGAACAGAGTGGC-1_V13B23-285_D1,10
AATAGAATCTGTTTCA-1_V13B23-285_D1,11
AATAGCTACCGCGTGC-1_V13B23-285_D1,3
AATAGTCCGTCCCGAC-1_V13B23-285_D1,12
AATATCGAATCAATGC-1_V13B23-285_D1,11
AATATCGAGGGTTCTC-1_V13B23-285_D1,7
AATATTGGAGTATTGA-1_V13B23-285_D1,3
AATCATGTAAAGACTC-1_V13B23-285_D1,11
AATCCAAGGGCCTGAG-1_V13B23-285_D1,9
AATCGCCTCAGCGCCA-1_V13B23-285_D1,11
AATCGCGCAGAGGACT-1_V13B23-285_D1,11
AATCTAGGTTTACTTG-1_V13B23-285_D1,8
AATCTATGCCGGAGCC-1_V13B23-285_D1,16
AATCTGCGTTGGGACG-1_V13B23-285_D1,3
AATCTGGCTTTCTAGT-1_V13B23-285_D1,3
AATGACAGCAATGTCT-1_V13B23-285_D1,10
AATGACGTAGGATGTC-1_V13B23-285_D1,11
AATGACTGTCAGCCGG-1_V13B23-285_D1,10
AATGAGTTCGCATATG-1_V13B23-285_D1,5
AATGATGATACGCTAT-1_V13B23-285_D1,15
AATGATGCGACTCCTG-1_V13B23-285_D1,1
AATGCAACCGGGTACC-1_V13B23-285_D1,5
AATGCACCAAGCAATG-1_V13B23-285_D1,16
AATGGTCCACCGTTCA-1_V13B23-285_D1,1
AATGGTTCTCACAAGC-1_V13B23-285_D1,5
AATGTGCCCGAGGTGT-1_V13B23-285_D1,7
AATTAAAGGTCGGCGT-1_V13B23-285_D1,15
AATTAACGGATTTCCA-1_V13B23-285_D1,10
AATTAGCGCTGCAGCG-1_V13B23-285_D1,10
AATTCATAAGGGATCT-1_V13B23-285_D1,16
AATTCTAGAGTTAGGC-1_V13B23-285_D1,10
AATTGAACGCTCTGGT-1_V13B23-285_D1,11
AATTGCAGCAATCGAC-1_V13B23-285_D1,11
AATTGTGGTTGCCAAA-1_V13B23-285_D1,11
AATTTGGGACATAGTA-1_V13B23-285_D1,13
AATTTGGTTCCAAAGA-1_V13B23-285_D1,6
ACAAAGCATGACCTAG-1_V13B23-285_D1,11
ACAAATCGCACCGAAT-1_V13B23-285_D1,11
ACAAATGGTAGTGTTT-1_V13B23-285_D1,11
ACAACAGCATGAGCTA-1_V13B23-285_D1,5
ACAACGGTCCCTGCGA-1_V13B23-285_D1,5
ACAAGCAGTGCCTAGC-1_V13B23-285_D1,10
ACAAGGAAATCCGCCC-1_V13B23-285_D1,11
ACAAGGACAAGAGGTT-1_V13B23-285_D1,10
ACAAGGATGCTTTAGG-1_V13B23-285_D1,11
ACAAGGGCAGGCTCTG-1_V13B23-285_D1,11
ACAATAGTCGTACGTT-1_V13B23-285_D1,3
ACAATCCATTTAAACC-1_V13B23-285_D1,10
ACAATGAATACGGAGA-1_V13B23-285_D1,10
ACAATTGTGTCTCTTT-1_V13B23-285_D1,11
ACAATTTGAGCAGTGG-1_V13B23-285_D1,5
ACAATTTGGCCATATT-1_V13B23-285_D1,11
ACACAAAGACGGGTGG-1_V13B23-285_D1,5
ACACACCAGGACCAGT-1_V13B23-285_D1,11
ACACATGATCAAATCT-1_V13B23-285_D1,16
ACACCACATAATTAGC-1_V13B23-285_D1,3
ACACCCAGCATGCAGC-1_V13B23-285_D1,7
ACACCCGAGAAATCCG-1_V13B23-285_D1,5
ACACCTTAAGTAGGGC-1_V13B23-285_D1,7
ACACCTTACTACTTGC-1_V13B23-285_D1,11
ACACGAGACTCCTTCT-1_V13B23-285_D1,7
ACACGGGAACTTAGGG-1_V13B23-285_D1,7
ACACGTAGGCCACAAG-1_V13B23-285_D1,11
ACACTCCAATGTCACT-1_V13B23-285_D1,16
ACACTGATCAAGGTGT-1_V13B23-285_D1,10
ACACTGGGACAGTCGT-1_V13B23-285_D1,6
ACAGAACTGAGAACAA-1_V13B23-285_D1,3
ACAGCATAGAGCCAGT-1_V13B23-285_D1,9
ACAGCGACATTCTCAT-1_V13B23-285_D1,11
ACAGCGCACCCGCAGC-1_V13B23-285_D1,9
ACAGGCTTGCCCGACT-1_V13B23-285_D1,11
ACAGGTGGAGGTGAGG-1_V13B23-285_D1,10
ACAGTAATACAACTTG-1_V13B23-285_D1,16
ACAGTATACCGTGGGA-1_V13B23-285_D1,14
ACATAATAAGGCGGTG-1_V13B23-285_D1,5
ACATCCCGGCCATACG-1_V13B23-285_D1,1
ACATCCTGGTAACTGT-1_V13B23-285_D1,11
ACATCGATCGTTTACC-1_V13B23-285_D1,10
ACATCGGTCAGCCGCG-1_V13B23-285_D1,10
ACATCGTATGCAATGG-1_V13B23-285_D1,11
ACATCGTTAACCTAGT-1_V13B23-285_D1,9
ACATGGCGCCAAAGTA-1_V13B23-285_D1,11
ACATTAGTTTATATCC-1_V13B23-285_D1,10
ACCAAACACCCAGCGA-1_V13B23-285_D1,14
ACCAACACCACACACT-1_V13B23-285_D1,1
ACCAACCGCACTCCAC-1_V13B23-285_D1,11
ACCAACGCTTATTTAT-1_V13B23-285_D1,7
ACCAAGAACGCGTGTC-1_V13B23-285_D1,5
ACCAATATGCAAGTTA-1_V13B23-285_D1,11
ACCACAACTCAGAACA-1_V13B23-285_D1,9
ACCACAAGTTTCTATC-1_V13B23-285_D1,5
ACCACCAATGTAACAA-1_V13B23-285_D1,11
ACCACCCTCTCTTCTA-1_V13B23-285_D1,3
ACCACGTGCAGCTATA-1_V13B23-285_D1,11
ACCAGTGCGGGAGACG-1_V13B23-285_D1,11
ACCATATCCGCAATAA-1_V13B23-285_D1,10
ACCATCGTATATGGTA-1_V13B23-285_D1,19
ACCCAACGCCCGTGGC-1_V13B23-285_D1,16
ACCCACCTACATGCTC-1_V13B23-285_D1,15
ACCCATCTTGAGGGTA-1_V13B23-285_D1,7
ACCCATTTGTCCCTCT-1_V13B23-285_D1,11
ACCCGGAAACTCCCAG-1_V13B23-285_D1,10
ACCCGGAGCACCACAA-1_V13B23-285_D1,11
ACCCGGATGACGCATC-1_V13B23-285_D1,11
ACCCGGTTACACTTCC-1_V13B23-285_D1,17
ACCCGTGTCATCAGTA-1_V13B23-285_D1,10
ACCCTATAGGACTGAG-1_V13B23-285_D1,5
ACCCTATGCCATATCG-1_V13B23-285_D1,10
ACCCTCCCTTGCTATT-1_V13B23-285_D1,11
ACCCTGGTAACGCCCT-1_V13B23-285_D1,2
ACCCTTGCCTGGGTCG-1_V13B23-285_D1,14
ACCGACACATCTCCCA-1_V13B23-285_D1,10
ACCGACTGAGTCCCAC-1_V13B23-285_D1,14
ACCGATAGGCATAACC-1_V13B23-285_D1,11
ACCGATATTTAATCAT-1_V13B23-285_D1,11
ACCGATGGTAGCATCG-1_V13B23-285_D1,16
ACCGCAATAACTGCCT-1_V13B23-285_D1,11
ACCGCGGTGGAAGTCG-1_V13B23-285_D1,11
ACCGGGCCTTTGTTGA-1_V13B23-285_D1,11
ACCGGTCAGGTACACC-1_V13B23-285_D1,16
ACCGTGACCACGTGGG-1_V13B23-285_D1,10
ACCTAAGTACCTTTCA-1_V13B23-285_D1,7
ACCTAATCGACTTCCT-1_V13B23-285_D1,10
ACCTACAGTATGTGGT-1_V13B23-285_D1,11
ACCTCCGCCCTCGCTG-1_V13B23-285_D1,11
ACCTCCGTTATTCACC-1_V13B23-285_D1,1
ACCTGCGTGTCATGTT-1_V13B23-285_D1,10
ACGAAATGGGCGGCAC-1_V13B23-285_D1,10
ACGACCCATGAGTTGC-1_V13B23-285_D1,11
ACGAGATATTTGCTTA-1_V13B23-285_D1,9
ACGAGGATACCACTCT-1_V13B23-285_D1,10
ACGAGGTTTACAACGT-1_V13B23-285_D1,8
ACGAGTACGGATGCCC-1_V13B23-285_D1,15
ACGATACATAGAACTA-1_V13B23-285_D1,5
ACGATCATACATAGAG-1_V13B23-285_D1,2
ACGATCATCTTGTAAA-1_V13B23-285_D1,15
ACGATGCATATGTTAT-1_V13B23-285_D1,10
ACGATGGATCCGATGC-1_V13B23-285_D1,9
ACGCAATCACTACAGC-1_V13B23-285_D1,3
ACGCATACGTTTACTA-1_V13B23-285_D1,11
ACGCATTCGTGAGTAC-1_V13B23-285_D1,4
ACGCCAGATGATTTCT-1_V13B23-285_D1,13
ACGCCGCTAGACGACC-1_V13B23-285_D1,11
ACGCGAAGTCAGACGA-1_V13B23-285_D1,10
ACGCGCTACACAGGGT-1_V13B23-285_D1,3
ACGCGGGCCAAGGACA-1_V13B23-285_D1,10
ACGCTAGTGATACACT-1_V13B23-285_D1,2
ACGGAATTTAGCAAAT-1_V13B23-285_D1,5
ACGGACTCTCAAAGCG-1_V13B23-285_D1,11
ACGGAGCGCAAATTAC-1_V13B23-285_D1,2
ACGGATGGTGCGGATA-1_V13B23-285_D1,11
ACGGCACTTGCTTGGG-1_V13B23-285_D1,10
ACGGCCAACATGGACT-1_V13B23-285_D1,10
ACGGCGACGATGGGAA-1_V13B23-285_D1,11
ACGGGAGTGTCGGCCC-1_V13B23-285_D1,7
ACGGGCGTATGCGACA-1_V13B23-285_D1,2
ACGTACAGATTTCTCT-1_V13B23-285_D1,9
ACGTAGATTGCTGATG-1_V13B23-285_D1,12
ACGTATTACTCCGATC-1_V13B23-285_D1,11
ACGTGCGCCTCGTGCA-1_V13B23-285_D1,13
ACGTTAATGTCGAAGA-1_V13B23-285_D1,11
ACGTTAGATTTGCCCG-1_V13B23-285_D1,1
ACGTTCGCAATCAATT-1_V13B23-285_D1,19
ACGTTCGTTCAGGAAA-1_V13B23-285_D1,11
ACGTTCTGTACAAGTC-1_V13B23-285_D1,11
ACGTTTAGTTGTGATC-1_V13B23-285_D1,13
ACTACCAGCTCTCTGG-1_V13B23-285_D1,10
ACTACGCGTTAGAATT-1_V13B23-285_D1,10
ACTAGTTGCGATCGTC-1_V13B23-285_D1,11
ACTATATGCTGTGTTC-1_V13B23-285_D1,12
ACTATCCAGGGCATGG-1_V13B23-285_D1,11
ACTATCTGCCCGCGTA-1_V13B23-285_D1,11
ACTATTCGTCCGTGGT-1_V13B23-285_D1,13
ACTATTTCCGGGCCCA-1_V13B23-285_D1,16
ACTCAAGTGCAAGGCT-1_V13B23-285_D1,11
ACTCAATAAAGGCACG-1_V13B23-285_D1,5
ACTCCCATTCCTAAAG-1_V13B23-285_D1,10
ACTCCCGAATTCGTTT-1_V13B23-285_D1,19
ACTCCCGTAGACTAGG-1_V13B23-285_D1,14
ACTCCCTAATGCTAAA-1_V13B23-285_D1,11
ACTCCCTAGAATAGTA-1_V13B23-285_D1,11
ACTCGCCGTTCGATAA-1_V13B23-285_D1,11
ACTCGCGATCTGACGC-1_V13B23-285_D1,11
ACTCGTAACCCGTCCT-1_V13B23-285_D1,10
ACTCGTCAGTAATCCC-1_V13B23-285_D1,5
ACTCTCTGACTTAGGT-1_V13B23-285_D1,11
ACTCTCTTATACACGA-1_V13B23-285_D1,9
ACTCTTCAGCTCCCGC-1_V13B23-285_D1,19
ACTCTTGTATAGTAAC-1_V13B23-285_D1,11
ACTGAAACGCCGTTAG-1_V13B23-285_D1,11
ACTGAATGGCGAAAGT-1_V13B23-285_D1,11
ACTGCCGTCGTAACTC-1_V13B23-285_D1,13
ACTGCGGACACACCGT-1_V13B23-285_D1,8
ACTGTACGATACACAT-1_V13B23-285_D1,3
ACTGTAGCACTTTGGA-1_V13B23-285_D1,4
ACTGTCCAGGATTATA-1_V13B23-285_D1,10
ACTGTCTTCTTTAGAA-1_V13B23-285_D1,19
ACTGTGCTAGTAGATC-1_V13B23-285_D1,5
ACTTACCGGGCGCGCA-1_V13B23-285_D1,19
ACTTACGCATCCACGC-1_V13B23-285_D1,11
ACTTAGTACGACAAGA-1_V13B23-285_D1,5
ACTTATACTTACCCGG-1_V13B23-285_D1,16
ACTTATTAGGATCGGT-1_V13B23-285_D1,7
ACTTATTTATGTGCCA-1_V13B23-285_D1,11
ACTTCAGGCTGATCCC-1_V13B23-285_D1,11
ACTTCCATGCGGGACA-1_V13B23-285_D1,11
ACTTCGCCATACGCAC-1_V13B23-285_D1,15
ACTTCGCTAGCGAGTG-1_V13B23-285_D1,8
ACTTGACTCCCTCTTT-1_V13B23-285_D1,11
ACTTGGGACCCGGTGG-1_V13B23-285_D1,5
ACTTGTGGATGGAACG-1_V13B23-285_D1,11
ACTTTACCCTCATGAA-1_V13B23-285_D1,3
ACTTTCCTATAGCTTC-1_V13B23-285_D1,15
ACTTTGTCGACGCACT-1_V13B23-285_D1,11
AGAAATTATGACTCGC-1_V13B23-285_D1,11
AGAACCCAGCGTGACA-1_V13B23-285_D1,11
AGAACGTGGTACATTC-1_V13B23-285_D1,15
AGAAGAGCGCCGTTCC-1_V13B23-285_D1,15
AGAAGGTACACTTCAC-1_V13B23-285_D1,3
AGAAGGTTGCCGAATT-1_V13B23-285_D1,7
AGAAGGTTGTAGGTCG-1_V13B23-285_D1,11
AGAAGTGATTCGTGAT-1_V13B23-285_D1,10
AGAATGCGGGTTCGGA-1_V13B23-285_D1,12
AGAATTATGGATTCGA-1_V13B23-285_D1,15
AGAATTGTTTGACATA-1_V13B23-285_D1,5
AGACAGGCATCTCAGC-1_V13B23-285_D1,11
AGACCATGGGATACAA-1_V13B23-285_D1,5
AGACCCACCGCTGATC-1_V13B23-285_D1,5
AGACCCGCCCTCCTCG-1_V13B23-285_D1,5
AGACCGCTCCGCGGTT-1_V13B23-285_D1,11
AGACCGGGAAACCCTG-1_V13B23-285_D1,17
AGACGAAGTGCCGGTC-1_V13B23-285_D1,11
AGACGACGATGCCGCT-1_V13B23-285_D1,16
AGACGCCCACTTCGCC-1_V13B23-285_D1,11
AGACTAGCCTTCCAGA-1_V13B23-285_D1,10
AGAGAACCGTCTAGGA-1_V13B23-285_D1,16
AGAGAAGGAGTACAAT-1_V13B23-285_D1,10
AGAGATCTCTAAAGCG-1_V13B23-285_D1,3
AGAGCAGTTATGAGAC-1_V13B23-285_D1,14
AGAGCCGCCGAGATTT-1_V13B23-285_D1,11
AGAGCGCTTGTAACGG-1_V13B23-285_D1,2
AGAGCGGGCTAATCAT-1_V13B23-285_D1,13
AGAGCGTACAAGCTCG-1_V13B23-285_D1,10
AGAGGCTTCGGAAACC-1_V13B23-285_D1,11
AGAGTAAACTTCACTA-1_V13B23-285_D1,11
AGAGTATAGTGTTACG-1_V13B23-285_D1,1
AGATAACTTCAGGGCC-1_V13B23-285_D1,10
AGATACCAATAGAACC-1_V13B23-285_D1,11
AGATACCAGCACTTCA-1_V13B23-285_D1,14
AGATACCGGTGTTCAC-1_V13B23-285_D1,7
AGATACGACTTCATAT-1_V13B23-285_D1,5
AGATACTCAAGATCGA-1_V13B23-285_D1,11
AGATATAATACGACTA-1_V13B23-285_D1,11
AGATCGTGCATAAGAT-1_V13B23-285_D1,7
AGATCTCAGGTGTGAT-1_V13B23-285_D1,1
AGATGACTCGCCCACG-1_V13B23-285_D1,5
AGATGAGGGTTGCGAT-1_V13B23-285_D1,3
AGATGATGGAGTCTGG-1_V13B23-285_D1,8
AGATGCAAGACGTGCA-1_V13B23-285_D1,16
AGATTATAGGACGTTT-1_V13B23-285_D1,10
AGCAAAGGCCGCTAGT-1_V13B23-285_D1,11
AGCAACATATCTTATT-1_V13B23-285_D1,11
AGCAACCGAAAGTAAT-1_V13B23-285_D1,8
AGCACCAGTACTCACG-1_V13B23-285_D1,7
AGCACTACCGGCCTGT-1_V13B23-285_D1,19
AGCACTACCTCACCAG-1_V13B23-285_D1,11
AGCACTTAAGGACGCC-1_V13B23-285_D1,10
AGCAGAAGGAGAAAGA-1_V13B23-285_D1,12
AGCAGCCAGATGAATA-1_V13B23-285_D1,1
AGCATATCAATATGCT-1_V13B23-285_D1,11
AGCATCATTTCGAAAG-1_V13B23-285_D1,10
AGCATCGTCGATAATT-1_V13B23-285_D1,5
AGCATTACGAGGCAAG-1_V13B23-285_D1,11
AGCCACAGGTTACCCG-1_V13B23-285_D1,11
AGCCACTCCCGTGCTT-1_V13B23-285_D1,13
AGCCCATACATGTAAG-1_V13B23-285_D1,3
AGCCCGGTAGCCTGTA-1_V13B23-285_D1,10
AGCCCTAAGCGAAGTT-1_V13B23-285_D1,13
AGCCCTGTCGCACCGT-1_V13B23-285_D1,11
AGCCCTTCTAATCCGA-1_V13B23-285_D1,3
AGCCCTTGGACATCCC-1_V13B23-285_D1,11
AGCCGTGGCTAAATGT-1_V13B23-285_D1,10
AGCCTTAAAGCGGAAG-1_V13B23-285_D1,15
AGCGACAGGAACGGTC-1_V13B23-285_D1,10
AGCGACATCCCATTCA-1_V13B23-285_D1,18
AGCGACCAACGATATT-1_V13B23-285_D1,5
AGCGATGCGCCTAATA-1_V13B23-285_D1,4
AGCGCATAATGAATCG-1_V13B23-285_D1,10
AGCGCGGGTGCCAATG-1_V13B23-285_D1,16
AGCGCTAGAGCGATGT-1_V13B23-285_D1,11
AGCGGACACTTCGTAG-1_V13B23-285_D1,4
AGCGGGAAGGGTCCAT-1_V13B23-285_D1,5
AGCGGTTGCCGCTCTG-1_V13B23-285_D1,1
AGCGTGGTATTCTACT-1_V13B23-285_D1,11
AGCTAAGTACGCAGGC-1_V13B23-285_D1,11
AGCTAGAAGCAGAAGT-1_V13B23-285_D1,12
AGCTATTTAATCCAAC-1_V13B23-285_D1,13
AGCTCCATATATGTTC-1_V13B23-285_D1,11
AGCTCCTTCGCACATC-1_V13B23-285_D1,11
AGCTCTAGACGTTCCA-1_V13B23-285_D1,11
AGCTCTTCCCAGTGCA-1_V13B23-285_D1,13
AGCTCTTCGTAACCTT-1_V13B23-285_D1,11
AGCTCTTTACTCAGTT-1_V13B23-285_D1,7
AGCTGAAGTAAACCAA-1_V13B23-285_D1,13
AGCTGTAACCTCAATC-1_V13B23-285_D1,16
AGCTTGATCTTAACTT-1_V13B23-285_D1,3
AGGAACGAACGACTTC-1_V13B23-285_D1,11
AGGAAGCTGTCCGCCG-1_V13B23-285_D1,10
AGGACAGTCGAATCCC-1_V13B23-285_D1,11
AGGACATCGCACGTCG-1_V13B23-285_D1,5
AGGACATCGGCACACT-1_V13B23-285_D1,11
AGGACGACCCATTAGA-1_V13B23-285_D1,19
AGGACGCTCGATGTTG-1_V13B23-285_D1,3
AGGAGACATCCACAGT-1_V13B23-285_D1,16
AGGAGAGTCTGGCTAC-1_V13B23-285_D1,15
AGGAGGCCTTCGCGCG-1_V13B23-285_D1,11
AGGATAAAGTCGGGAT-1_V13B23-285_D1,11
AGGATATAGGGATTTA-1_V13B23-285_D1,11
AGGATCACGCGATCTG-1_V13B23-285_D1,15
AGGATTGCTTACGACA-1_V13B23-285_D1,3
AGGCACGTGACTGTCC-1_V13B23-285_D1,11
AGGCAGATGCGTAAAC-1_V13B23-285_D1,16
AGGCAGGGAGCGTACT-1_V13B23-285_D1,7
AGGCATTGTCGTAGGG-1_V13B23-285_D1,11
AGGCCACATTGGTTAC-1_V13B23-285_D1,11
AGGCCACCCGTTATGA-1_V13B23-285_D1,10
AGGCCCATTGTACAGG-1_V13B23-285_D1,13
AGGCCCTAGAACGCCA-1_V13B23-285_D1,16
AGGCCTGAGAATCTCG-1_V13B23-285_D1,11
AGGCGATAACTGGCGT-1_V13B23-285_D1,11
AGGCGGTTTGTCCCGC-1_V13B23-285_D1,16
AGGCGTCTATGGACGG-1_V13B23-285_D1,3
AGGCTATGGTTAGCTT-1_V13B23-285_D1,10
AGGCTTCCCGAAGAAG-1_V13B23-285_D1,10
AGGCTTGCTAGACACC-1_V13B23-285_D1,12
AGGGAAACGAGGTACT-1_V13B23-285_D1,13
AGGGACCGGCTGCGTT-1_V13B23-285_D1,8
AGGGACTCTACGCGAC-1_V13B23-285_D1,10
AGGGAGACATACTTCG-1_V13B23-285_D1,3
AGGGCAGCGGCGTGGT-1_V13B23-285_D1,9
AGGGCCCTAATGTTCT-1_V13B23-285_D1,11
AGGGCGAGCAGCTGAT-1_V13B23-285_D1,17
AGGGCGTGATCGGCTA-1_V13B23-285_D1,5
AGGGCTGCAGTTACAG-1_V13B23-285_D1,6
AGGGTCAGTAACCCTA-1_V13B23-285_D1,2
AGGGTCGATGCGAACT-1_V13B23-285_D1,11
AGGGTGCTCTCGAGGG-1_V13B23-285_D1,2
AGGGTTCCCTTTGGTT-1_V13B23-285_D1,8
AGGGTTTAGTTCGGGA-1_V13B23-285_D1,16
AGGTAACCTCCTATTC-1_V13B23-285_D1,5
AGGTACGATATTGCCA-1_V13B23-285_D1,6
AGGTAGGTACAAAGCT-1_V13B23-285_D1,15
AGGTATAATTGATAGT-1_V13B23-285_D1,17
AGGTATGCGGACATTA-1_V13B23-285_D1,5
AGGTCAGGTGAGAGTG-1_V13B23-285_D1,1
AGGTCGCCTCCCAACA-1_V13B23-285_D1,11
AGGTCGCGGAGTTACT-1_V13B23-285_D1,17
AGGTGTATCGCCATGA-1_V13B23-285_D1,3
AGGTGTTGCCGACCAC-1_V13B23-285_D1,11
AGGTTACACCATGCCG-1_V13B23-285_D1,11
AGGTTGAGGCACGCTT-1_V13B23-285_D1,5
AGGTTTCACACACCTT-1_V13B23-285_D1,5
AGTAATGTCTTGCCGC-1_V13B23-285_D1,13
AGTACATCATTTATCA-1_V13B23-285_D1,3
AGTACGGGCACCTGGC-1_V13B23-285_D1,15
AGTACTCTTATGCCCA-1_V13B23-285_D1,11
AGTAGGAAGGAAGTTG-1_V13B23-285_D1,3
AGTAGGTAACATACAT-1_V13B23-285_D1,9
AGTATAATACTAGGCA-1_V13B23-285_D1,10
AGTATGCTGGAGACCA-1_V13B23-285_D1,16
AGTATTTGGCACGACC-1_V13B23-285_D1,10
AGTCAACACCACCATC-1_V13B23-285_D1,10
AGTCAAGATGACACTT-1_V13B23-285_D1,11
AGTCACTAGCTCTCGA-1_V13B23-285_D1,11
AGTCAGCCACCGCCTG-1_V13B23-285_D1,5
AGTCCATTGGCTGATG-1_V13B23-285_D1,11
AGTCCCGCCTTTAATT-1_V13B23-285_D1,12
AGTCCCTCGCAGAAAG-1_V13B23-285_D1,1
AGTCGACGGTCTCAAG-1_V13B23-285_D1,11
AGTCGGCCCAAACGAC-1_V13B23-285_D1,10
AGTCGGCTCAACTTTA-1_V13B23-285_D1,7
AGTCGGTTGCGTGAGA-1_V13B23-285_D1,11
AGTCGTATAAAGCAGA-1_V13B23-285_D1,11
AGTCGTCGACCACCAA-1_V13B23-285_D1,11
AGTCGTGGGCATTACG-1_V13B23-285_D1,10
AGTCTAAAGTATACTC-1_V13B23-285_D1,3
AGTCTCACAAGACTAC-1_V13B23-285_D1,7
AGTCTGGACATCCTTG-1_V13B23-285_D1,7
AGTCTTCTCCTCAAAT-1_V13B23-285_D1,5
AGTGAACAAACTTCTC-1_V13B23-285_D1,11
AGTGAAGATGGTGTCC-1_V13B23-285_D1,14
AGTGACCTACTTTACG-1_V13B23-285_D1,10
AGTGAGACTTCCAGTA-1_V13B23-285_D1,3
AGTGAGCCTCGCCGCC-1_V13B23-285_D1,3
AGTGAGGGTTTCTGAC-1_V13B23-285_D1,9
AGTGAGTCGAATTAAC-1_V13B23-285_D1,11
AGTGATAACCTGCGCG-1_V13B23-285_D1,11
AGTGATATGAGTAGTT-1_V13B23-285_D1,10
AGTGATTCAAGCAGGA-1_V13B23-285_D1,3
AGTGCACGCTTAAGAA-1_V13B23-285_D1,11
AGTGCGTAGCTCGTAA-1_V13B23-285_D1,7
AGTGCTAAACACAGCA-1_V13B23-285_D1,11
AGTGCTTGCACGAATA-1_V13B23-285_D1,11
AGTGGCGGCAATTTGA-1_V13B23-285_D1,12
AGTGGCGTCTGAAGGT-1_V13B23-285_D1,4
AGTGTATTGCGCATTG-1_V13B23-285_D1,3
AGTGTGGTCTATTGTG-1_V13B23-285_D1,5
AGTTAAACACTTGCGA-1_V13B23-285_D1,10
AGTTAAGCGGTCCCGG-1_V13B23-285_D1,13
AGTTAAGTCAACCGCT-1_V13B23-285_D1,7
AGTTACTCTATCGTGG-1_V13B23-285_D1,6
AGTTCCTACAGAATTA-1_V13B23-285_D1,5
AGTTCCTATTTATGTT-1_V13B23-285_D1,5
AGTTCTGCGTTGTATC-1_V13B23-285_D1,5
AGTTGACATCGGCTGG-1_V13B23-285_D1,12
AGTTGCTGACTGATAT-1_V13B23-285_D1,17
AGTTTATGTAAAGACA-1_V13B23-285_D1,3
AGTTTCGCAGGTCGGA-1_V13B23-285_D1,6
AGTTTGCACCTGCCTC-1_V13B23-285_D1,11
AGTTTGGCACGGGTTG-1_V13B23-285_D1,11
AGTTTGGCCAGACCTA-1_V13B23-285_D1,19
ATAAACGGACCCGTAA-1_V13B23-285_D1,10
ATAAACGTTGCACCAC-1_V13B23-285_D1,11
ATAAAGGCTCGGTCGT-1_V13B23-285_D1,10
ATAACGCCGGAGGGTC-1_V13B23-285_D1,7
ATAACGGAGTCCAACG-1_V13B23-285_D1,5
ATAAGGTGGAGAACAT-1_V13B23-285_D1,11
ATAAGTAGGATTCAGA-1_V13B23-285_D1,2
ATAAGTAGGGCGACTC-1_V13B23-285_D1,3
ATAAGTTACCGCGACG-1_V13B23-285_D1,10
ATAATACCGTTAGCCG-1_V13B23-285_D1,16
ATAATAGCTGTTGAAT-1_V13B23-285_D1,10
ATAATAGTGTAGGGAC-1_V13B23-285_D1,5
ATAATCTTGGAGAACC-1_V13B23-285_D1,11
ATAATTAGCTAAGTAG-1_V13B23-285_D1,16
ATACAGGCCCTCCAAT-1_V13B23-285_D1,11
ATACCACGGGCAACTT-1_V13B23-285_D1,3
ATACCAGGCTAATAGA-1_V13B23-285_D1,9
ATACCGTCATCCATAA-1_V13B23-285_D1,2
ATACCTAACCAAGAAA-1_V13B23-285_D1,10
ATACGAAGGCTTTCCA-1_V13B23-285_D1,8
ATACGCCGGCGAAACC-1_V13B23-285_D1,11
ATACGGAACGTCGTTT-1_V13B23-285_D1,15
ATACGGGTTTCGATTG-1_V13B23-285_D1,5
ATACGTACTTAGCCAC-1_V13B23-285_D1,11
ATACGTCCACTCCTGT-1_V13B23-285_D1,11
ATACGTTATGCACGGA-1_V13B23-285_D1,16
ATACTACCCGTACCAC-1_V13B23-285_D1,11
ATACTAGCATGACCCT-1_V13B23-285_D1,5
ATACTCTCGCCACTCT-1_V13B23-285_D1,4
ATACTGCCTTACACCG-1_V13B23-285_D1,11
ATAGACAACGGGACCT-1_V13B23-285_D1,16
ATAGACGAAGAGAAAG-1_V13B23-285_D1,10
ATAGAGTACTGGGACA-1_V13B23-285_D1,7
ATAGAGTTATCAACTT-1_V13B23-285_D1,16
ATAGCAACTAGGGAAG-1_V13B23-285_D1,11
ATAGGCGGCTATAGAA-1_V13B23-285_D1,19
ATAGGCTAGCTTCGCA-1_V13B23-285_D1,16
ATAGGGATATCCTTGA-1_V13B23-285_D1,2
ATAGGTTGGGCAGATG-1_V13B23-285_D1,16
ATAGTGAAGCGTTCTC-1_V13B23-285_D1,10
ATAGTTCCACCCACTC-1_V13B23-285_D1,11
ATATAAAGCGCTCGTG-1_V13B23-285_D1,11
ATATAAATGTAGCTGC-1_V13B23-285_D1,11
ATATAACACGGGCGCA-1_V13B23-285_D1,11
ATATACGCTCGTGACG-1_V13B23-285_D1,11
ATATCAACCTACAGAG-1_V13B23-285_D1,2
ATATCGGTAGGGAGAT-1_V13B23-285_D1,11
ATATCGTTCCTCGAAC-1_V13B23-285_D1,11
ATATCTCCCTCGTTAA-1_V13B23-285_D1,13
ATATCTTAGGGCCTTC-1_V13B23-285_D1,10
ATATGTCTCCCTAGCC-1_V13B23-285_D1,16
ATATTCAGTTAAACCT-1_V13B23-285_D1,16
ATATTCCACATAGTGA-1_V13B23-285_D1,11
ATATTCCCACAGGTCA-1_V13B23-285_D1,9
ATATTGCTGTCAAAGT-1_V13B23-285_D1,5
ATATTGGAGAGGCCTT-1_V13B23-285_D1,11
ATATTTAACCCTCAAG-1_V13B23-285_D1,5
ATCAAACACTGTTCCA-1_V13B23-285_D1,11
ATCAAACGAAGGTTTG-1_V13B23-285_D1,7
ATCAATCTGGGCTGCA-1_V13B23-285_D1,16
ATCACATTAGAATATC-1_V13B23-285_D1,13
ATCACGTGCTAATTAA-1_V13B23-285_D1,17
ATCACTTCATCCTCGC-1_V13B23-285_D1,5
ATCAGACGGCACGCCG-1_V13B23-285_D1,1
ATCAGCCTCATGCTGC-1_V13B23-285_D1,11
ATCAGCTCGTCCACTA-1_V13B23-285_D1,1
ATCAGGTAGCTGACAG-1_V13B23-285_D1,1
ATCAGTAGGCAGGGAT-1_V13B23-285_D1,10
ATCATAGCCCTATGTA-1_V13B23-285_D1,11
ATCATCCAATATTTGT-1_V13B23-285_D1,10
ATCATGGACTACCGAC-1_V13B23-285_D1,11
ATCCAACGCAGTCATA-1_V13B23-285_D1,10
ATCCAATGGAGGGTCC-1_V13B23-285_D1,15
ATCCACATCGACAGAA-1_V13B23-285_D1,11
ATCCAGAGCAACAACC-1_V13B23-285_D1,10
ATCCAGGATTCGTGAA-1_V13B23-285_D1,15
ATCCGGACCAGCCTGA-1_V13B23-285_D1,11
ATCCTACCTAAGCTCT-1_V13B23-285_D1,7
ATCCTGAATCGCTGCG-1_V13B23-285_D1,7
ATCCTGCGTGGAATGG-1_V13B23-285_D1,10
ATCCTTCTGAAAGAAC-1_V13B23-285_D1,11
ATCGACCCAATACAGA-1_V13B23-285_D1,5
ATCGACTCTTTCCGTT-1_V13B23-285_D1,5
ATCGCACGATTGTTCA-1_V13B23-285_D1,5
ATCGCACGCCGGGAGA-1_V13B23-285_D1,5
ATCGCCAGTCAACATT-1_V13B23-285_D1,11
ATCGCTGCGTGCAGCA-1_V13B23-285_D1,2
ATCGCTTTACGTCTCA-1_V13B23-285_D1,1
ATCGGAGACAGACGGC-1_V13B23-285_D1,11
ATCGGCAAGCAGTCCA-1_V13B23-285_D1,7
ATCGTTAGCTAGCGGA-1_V13B23-285_D1,11
ATCGTTCACTTTCGCC-1_V13B23-285_D1,9
ATCTAATATCCTACGG-1_V13B23-285_D1,11
ATCTCCCACGGAATAT-1_V13B23-285_D1,11
ATCTCCCTGCAATCTA-1_V13B23-285_D1,13
ATCTCGTGAGCGAAAC-1_V13B23-285_D1,11
ATCTGCACCTCTGCGA-1_V13B23-285_D1,15
ATCTGGGCTGTTCTTG-1_V13B23-285_D1,10
ATCTGGTTAAGACTGT-1_V13B23-285_D1,5
ATCTGTAATTGTACCC-1_V13B23-285_D1,13
ATCTTATCGCACACCC-1_V13B23-285_D1,11
ATCTTGACCTGCAACG-1_V13B23-285_D1,7
ATCTTGACTTGTCCAA-1_V13B23-285_D1,3
ATCTTTCGTATAACCA-1_V13B23-285_D1,17
ATGAAGCCAAGGAGCC-1_V13B23-285_D1,5
ATGACGCCGGCTCTAA-1_V13B23-285_D1,6
ATGACGCGTTCTATCC-1_V13B23-285_D1,15
ATGACTATGCGACATT-1_V13B23-285_D1,11
ATGAGGAGTGTTAATC-1_V13B23-285_D1,10
ATGAGGGCAGCGGCTA-1_V13B23-285_D1,11
ATGATCGGGAATAGAC-1_V13B23-285_D1,13
ATGATGCAATGGTACA-1_V13B23-285_D1,10
ATGCACTACCGCATTG-1_V13B23-285_D1,7
ATGCATGATCCAGGAT-1_V13B23-285_D1,16
ATGCCAATCGCTCTGC-1_V13B23-285_D1,12
ATGCCATTTGCGACCA-1_V13B23-285_D1,11
ATGCCGGTCTTGCATA-1_V13B23-285_D1,17
ATGCCGGTTGATGGGA-1_V13B23-285_D1,13
ATGCGACAATTGGTCC-1_V13B23-285_D1,12
ATGCGACAGTCCCATT-1_V13B23-285_D1,5
ATGCGAGTCCCACCAC-1_V13B23-285_D1,11
ATGCTCAGTGTTGCAT-1_V13B23-285_D1,5
ATGCTCTGGCGCGGTA-1_V13B23-285_D1,11
ATGCTTAGGAGTTGAT-1_V13B23-285_D1,11
ATGGAACCTTTGCACA-1_V13B23-285_D1,5
ATGGAGCAGGCCGTGA-1_V13B23-285_D1,6
ATGGATCCGGCGTCCG-1_V13B23-285_D1,13
ATGGATTGACCAAACG-1_V13B23-285_D1,7
ATGGCGGAATAGTCGC-1_V13B23-285_D1,1
ATGGCTGGAAATGGCC-1_V13B23-285_D1,9
ATGGGCCTCGGCCTCT-1_V13B23-285_D1,11
ATGGTCGCGTGGTTTC-1_V13B23-285_D1,11
ATGTAAGGCTGCTCTT-1_V13B23-285_D1,1
ATGTACATGCGGTGAG-1_V13B23-285_D1,11
ATGTGAAAGCCTAATG-1_V13B23-285_D1,7
ATGTGCATCCGACGCA-1_V13B23-285_D1,5
ATGTGGACATCTTGAT-1_V13B23-285_D1,11
ATGTTACGAGCAATAC-1_V13B23-285_D1,5
ATGTTCGTCGACCCAC-1_V13B23-285_D1,3
ATGTTTCGGCCCGGAG-1_V13B23-285_D1,1
ATTAAACATGCGGACC-1_V13B23-285_D1,10
ATTAATACTACGCGGG-1_V13B23-285_D1,12
ATTAATGAACCAGTCG-1_V13B23-285_D1,5
ATTACAACTACCGGCC-1_V13B23-285_D1,3
ATTACATGTCAGTCTT-1_V13B23-285_D1,11
ATTACCACACTGCCTG-1_V13B23-285_D1,11
ATTACGACTCCACAGT-1_V13B23-285_D1,14
ATTACGCGCTGGCAGG-1_V13B23-285_D1,3
ATTACTAGCCTCTTGC-1_V13B23-285_D1,6
ATTACTTACTGGGCAT-1_V13B23-285_D1,3
ATTAGATTCCTCAGCA-1_V13B23-285_D1,14
ATTAGATTGATAGCGG-1_V13B23-285_D1,15
ATTAGGCGATGCTTTC-1_V13B23-285_D1,11
ATTATACTTTGCTCGT-1_V13B23-285_D1,13
ATTATAGCTACTTTAC-1_V13B23-285_D1,19
ATTATGCCATAGGGAG-1_V13B23-285_D1,5
ATTATTATGTCCGTCA-1_V13B23-285_D1,10
ATTCAACCATTTAAGG-1_V13B23-285_D1,11
ATTCACTGATGTTGGA-1_V13B23-285_D1,11
ATTCAGGACCTATTTC-1_V13B23-285_D1,18
ATTCAGTAGCAGGGTC-1_V13B23-285_D1,10
ATTCATATACTGTCCA-1_V13B23-285_D1,10
ATTCATCGTTGAGGCA-1_V13B23-285_D1,11
ATTCCCACATAAACAA-1_V13B23-285_D1,7
ATTCCTAAGACGTGGA-1_V13B23-285_D1,12
ATTCCTCCGCCAGTGC-1_V13B23-285_D1,10
ATTCCTTCCAGGCGGT-1_V13B23-285_D1,5
ATTCGACGCCGGGCCT-1_V13B23-285_D1,1
ATTCGCAGAGGACACT-1_V13B23-285_D1,14
ATTCGCGCCTTGAGAG-1_V13B23-285_D1,11
ATTCGTGCTATCTCTT-1_V13B23-285_D1,11
ATTCTCGTCTCTTTAG-1_V13B23-285_D1,9
ATTCTTCGTACTTATG-1_V13B23-285_D1,9
ATTGAAGATCTTAGTG-1_V13B23-285_D1,5
ATTGACCGGCGATGAC-1_V13B23-285_D1,2
ATTGACGTAACTCGGT-1_V13B23-285_D1,9
ATTGATAGCAACGAGA-1_V13B23-285_D1,5
ATTGATGAGTCCTAAC-1_V13B23-285_D1,3
ATTGCCTTTATGTTTG-1_V13B23-285_D1,11
ATTGCGATCAGTAACT-1_V13B23-285_D1,11
ATTGCTGCTCCTCCAT-1_V13B23-285_D1,10
ATTGGATTACAGCGTA-1_V13B23-285_D1,11
ATTGGGAATATCTTGG-1_V13B23-285_D1,9
ATTGTACAACTCGGCT-1_V13B23-285_D1,3
ATTGTCGCAATACCTT-1_V13B23-285_D1,13
ATTGTGACTTCGCTGC-1_V13B23-285_D1,9
ATTGTTCAACGATCCG-1_V13B23-285_D1,11
ATTTAACTCGTATTAC-1_V13B23-285_D1,12
ATTTACAGTTTACTGG-1_V13B23-285_D1,10
ATTTACTAAGTCCATT-1_V13B23-285_D1,3
ATTTCATTATTTCGCG-1_V13B23-285_D1,13
ATTTCCGGGTTCTGCG-1_V13B23-285_D1,10
ATTTGCGCGAGTAGCT-1_V13B23-285_D1,10
ATTTGTCTTGGGAGCT-1_V13B23-285_D1,11
ATTTGTTCCAGGGCTC-1_V13B23-285_D1,13
CAAACGAGTATCGCAG-1_V13B23-285_D1,10
CAAACGGTCGCACTTT-1_V13B23-285_D1,10
CAAACTACGATAGAGA-1_V13B23-285_D1,13
CAAACTATTGAGCTTC-1_V13B23-285_D1,6
CAAACTCGCGACGCCG-1_V13B23-285_D1,11
CAAAGATTATTGGGCC-1_V13B23-285_D1,10
CAAAGGTCATCTGAAA-1_V13B23-285_D1,11
CAAATCTCTCACAAGG-1_V13B23-285_D1,4
CAAATGTCCTTCCGTG-1_V13B23-285_D1,10
CAAATTGGATTATGCC-1_V13B23-285_D1,2
CAACACATCTCCTGCC-1_V13B23-285_D1,3
CAACCAGTGGCCTACC-1_V13B23-285_D1,11
CAACCTACCGAGCAGT-1_V13B23-285_D1,11
CAACCTGAACCTGCCA-1_V13B23-285_D1,15
CAACGACCCGTTTACA-1_V13B23-285_D1,5
CAACGGTTCTTGATAC-1_V13B23-285_D1,5
CAACGTGGTGGAGTCT-1_V13B23-285_D1,11
CAACTATATCGAATGC-1_V13B23-285_D1,13
CAACTCCTTGATCCCG-1_V13B23-285_D1,5
CAACTGCTCATCCGAT-1_V13B23-285_D1,10
CAAGACTCAGAAGCGC-1_V13B23-285_D1,8
CAAGAGGGCGGAGTAC-1_V13B23-285_D1,11
CAAGATATTATAACGT-1_V13B23-285_D1,11
CAAGCAACGTCGGAGT-1_V13B23-285_D1,10
CAAGCACCAAATGCCT-1_V13B23-285_D1,13
CAAGCGGCACATAATT-1_V13B23-285_D1,11
CAAGGATCGCATGTTC-1_V13B23-285_D1,11
CAAGGCCAGTGGTGCA-1_V13B23-285_D1,11
CAAGGTCCTATAGGCT-1_V13B23-285_D1,1
CAAGTGTGGTTGCAAA-1_V13B23-285_D1,11
CAATAAACCTTGGCCC-1_V13B23-285_D1,5
CAATACGAGAGTCTGA-1_V13B23-285_D1,11
CAATATTCTTGACCTA-1_V13B23-285_D1,10
CAATATTGGACTAGTG-1_V13B23-285_D1,5
CAATCCCTATACCAGC-1_V13B23-285_D1,9
CAATCCTGCCGTGGAG-1_V13B23-285_D1,5
CAATGAGGTTCGACTA-1_V13B23-285_D1,3
CAATGCGAGAAGTATC-1_V13B23-285_D1,6
CAATGGAATCTACATA-1_V13B23-285_D1,9
CAATGGATCTCTACCA-1_V13B23-285_D1,16
CAATGTGCCAACCCTT-1_V13B23-285_D1,1
CAATTAAGGGTGATGA-1_V13B23-285_D1,4
CAATTTCGTATAAGGG-1_V13B23-285_D1,12
CACAAGAAAGATATTA-1_V13B23-285_D1,2
CACAATGAGCTGCTAT-1_V13B23-285_D1,10
CACACACGCTAACGAG-1_V13B23-285_D1,11
CACACAGCTTGCGCTC-1_V13B23-285_D1,11
CACACAGGGATAGATT-1_V13B23-285_D1,10
CACACGCGCTGTCTTA-1_V13B23-285_D1,19
CACAGCACCCACGGCA-1_V13B23-285_D1,7
CACAGCTAGGGAGTGA-1_V13B23-285_D1,5
CACAGGGCCATATAGT-1_V13B23-285_D1,11
CACAGGGCCGTTGTCA-1_V13B23-285_D1,7
CACAGTCCCGCTTCGC-1_V13B23-285_D1,11
CACAGTTCGCTTCCCA-1_V13B23-285_D1,11
CACATATTAGCAGGAT-1_V13B23-285_D1,11
CACATCGTGCACGCGC-1_V13B23-285_D1,10
CACATCTCACCGACGA-1_V13B23-285_D1,11
CACATGATTCAGCAAC-1_V13B23-285_D1,10
CACATGTTTGGACATG-1_V13B23-285_D1,7
CACATTCTTTCGATGG-1_V13B23-285_D1,13
CACATTTCTTGTCAGA-1_V13B23-285_D1,11
CACCAGTCAGCATGCA-1_V13B23-285_D1,16
CACCATCGGAGGAGAC-1_V13B23-285_D1,9
CACCCAAATCTTATGT-1_V13B23-285_D1,1
CACCCACACGTCACCC-1_V13B23-285_D1,5
CACCCACGAGGCAATT-1_V13B23-285_D1,12
CACCCGGTTTGTGACT-1_V13B23-285_D1,10
CACCCTAACAAGATCT-1_V13B23-285_D1,11
CACCCTTGGTGAGACC-1_V13B23-285_D1,3
CACCGATACACCGAGC-1_V13B23-285_D1,9
CACCGCCAGAAGGTTT-1_V13B23-285_D1,7
CACCGCCGACCAGCGA-1_V13B23-285_D1,9
CACCGCGTCCACTCTA-1_V13B23-285_D1,3
CACCGTATCCCATCCG-1_V13B23-285_D1,11
CACCGTTAGGGATCAC-1_V13B23-285_D1,10
CACCGTTGCGCGATAT-1_V13B23-285_D1,10
CACCTAATAGAGTCGT-1_V13B23-285_D1,12
CACCTAATCAGTTTAC-1_V13B23-285_D1,13
CACCTCGATGGTGGAC-1_V13B23-285_D1,13
CACCTTGCGAAACTCG-1_V13B23-285_D1,16
CACCTTGGCGCCTTTG-1_V13B23-285_D1,11
CACGAAAGTTAGTCCC-1_V13B23-285_D1,17
CACGCACAGCGCAGCT-1_V13B23-285_D1,5
CACGCAGCGAGGCTTT-1_V13B23-285_D1,10
CACGCGGAACTGTTGC-1_V13B23-285_D1,11
CACGGACGTGGATGGC-1_V13B23-285_D1,16
CACGGCGCGCCAAAGG-1_V13B23-285_D1,3
CACGTCAATCAATGGA-1_V13B23-285_D1,11
CACGTCGGCAACCTCT-1_V13B23-285_D1,16
CACGTTCGTGCTCTAG-1_V13B23-285_D1,5
CACGTTTCGTACACAC-1_V13B23-285_D1,11
CACTAAAGTTGCCTAT-1_V13B23-285_D1,10
CACTACGGGAGCTGCC-1_V13B23-285_D1,11
CACTCAAGAGCTATGG-1_V13B23-285_D1,10
CACTCAGCTCTTGAGG-1_V13B23-285_D1,6
CACTCCTATGTAAGAT-1_V13B23-285_D1,10
CACTCCTCTCGGTCGG-1_V13B23-285_D1,13
CACTCGAGCTGAACAA-1_V13B23-285_D1,11
CACTCTTCTGCTAGCC-1_V13B23-285_D1,11
CACTGTCCAAGTGAGA-1_V13B23-285_D1,5
CACTTAATCAGACGGA-1_V13B23-285_D1,10
CACTTCGCCACAGGCT-1_V13B23-285_D1,5
CAGAACTTAGCCCTCT-1_V13B23-285_D1,11
CAGAATAACACACGGA-1_V13B23-285_D1,11
CAGAATATTCGTTATC-1_V13B23-285_D1,11
CAGACACCGATCGCTG-1_V13B23-285_D1,10
CAGACCTGTAAGTGTT-1_V13B23-285_D1,8
CAGACGAACCTGATAC-1_V13B23-285_D1,10
CAGAGACGGTCACCCA-1_V13B23-285_D1,10
CAGAGCATGAGCTTGC-1_V13B23-285_D1,1
CAGAGGCGATGCATGA-1_V13B23-285_D1,10
CAGAGTGATTTAACGT-1_V13B23-285_D1,9
CAGATAATGGGCGGGT-1_V13B23-285_D1,11
CAGATACTAACATAGT-1_V13B23-285_D1,7
CAGATCATTTAAAGTC-1_V13B23-285_D1,2
CAGATCCTGGTTTGAA-1_V13B23-285_D1,19
CAGCAGCCCGTTCCTT-1_V13B23-285_D1,7
CAGCAGTCCAGACTAT-1_V13B23-285_D1,11
CAGCAGTCTGTGCTGC-1_V13B23-285_D1,11
CAGCCGGGCCCTCTAT-1_V13B23-285_D1,13
CAGCCTCCTGCAGAGG-1_V13B23-285_D1,5
CAGCCTCGATAGCGGT-1_V13B23-285_D1,11
CAGCCTCTCCTCAAGA-1_V13B23-285_D1,15
CAGCGATTCCCTTCAA-1_V13B23-285_D1,7
CAGCTCACTGAGACAT-1_V13B23-285_D1,10
CAGCTCGACAAGTTAA-1_V13B23-285_D1,12
CAGCTCGTGCTTGTGT-1_V13B23-285_D1,5
CAGCTGGCGTAACCGT-1_V13B23-285_D1,10
CAGCTTAGTAGGTAGC-1_V13B23-285_D1,10
CAGGAAGACTTTATAT-1_V13B23-285_D1,13
CAGGACAGCTGCCCTT-1_V13B23-285_D1,1
CAGGATATATCGTTGT-1_V13B23-285_D1,10
CAGGCAGTCTTACCAG-1_V13B23-285_D1,11
CAGGCCGTTTGGGTGT-1_V13B23-285_D1,10
CAGGCGCACGGTGGTC-1_V13B23-285_D1,7
CAGGCGCCATGCTAGG-1_V13B23-285_D1,11
CAGTAACTATTTATTG-1_V13B23-285_D1,3
CAGTAATCCCTCCCAG-1_V13B23-285_D1,5
CAGTACATTCTCTAAA-1_V13B23-285_D1,3
CAGTACCAGTTTACGT-1_V13B23-285_D1,10
CAGTAGCCCACGCGGT-1_V13B23-285_D1,16
CAGTCGAGGATGCAAT-1_V13B23-285_D1,16
CAGTCTGTATACTGGG-1_V13B23-285_D1,5
CAGTGAATAAATGACT-1_V13B23-285_D1,16
CAGTGGTTGCACATGA-1_V13B23-285_D1,5
CAGTGTCCGCAGAATG-1_V13B23-285_D1,5
CAGTGTCGGCTGGCCC-1_V13B23-285_D1,11
CAGTTCAAATTGACAC-1_V13B23-285_D1,5
CAGTTCCGCGGGTCGA-1_V13B23-285_D1,10
CATAACGGACAGTCGT-1_V13B23-285_D1,16
CATAAGAAGCTTGGCT-1_V13B23-285_D1,11
CATAAGCTCTCCGTCT-1_V13B23-285_D1,8
CATACAAAGCCGAACC-1_V13B23-285_D1,5
CATACACGGTTCCCAC-1_V13B23-285_D1,10
CATACCCGTACCCAGT-1_V13B23-285_D1,10
CATACGGCGTCTGGGC-1_V13B23-285_D1,10
CATACTATGTAATTGT-1_V13B23-285_D1,10
CATACTTAGGCAATAC-1_V13B23-285_D1,1
CATAGCCGCCCGGGAT-1_V13B23-285_D1,7
CATAGCGTTGCCCACC-1_V13B23-285_D1,7
CATAGTACATTGAGAG-1_V13B23-285_D1,13
CATAGTAGCATAGTAG-1_V13B23-285_D1,5
CATAGTCAAATACATA-1_V13B23-285_D1,11
CATAGTCCACAAGAAC-1_V13B23-285_D1,16
CATATACTACTGATAA-1_V13B23-285_D1,3
CATATAGGTACAGTCA-1_V13B23-285_D1,10
CATATGTCAGGCTACG-1_V13B23-285_D1,7
CATATTATTTGCCCTA-1_V13B23-285_D1,9
CATCAAACTGGCGCCC-1_V13B23-285_D1,14
CATCATCTACCCGGAC-1_V13B23-285_D1,6
CATCATTACCCTGAGG-1_V13B23-285_D1,11
CATCCTCTCAAAGATC-1_V13B23-285_D1,11
CATCGCCCGCGGCCAA-1_V13B23-285_D1,5
CATCGGACGGGTTAAT-1_V13B23-285_D1,10
CATCTAGTGAAGGGAA-1_V13B23-285_D1,11
CATCTATCCCGTGTCT-1_V13B23-285_D1,3
CATCTTACACCACCTC-1_V13B23-285_D1,11
CATGAACCGACATTTG-1_V13B23-285_D1,9
CATGACTTCGCTGAAT-1_V13B23-285_D1,11
CATGAGATGCACTCTC-1_V13B23-285_D1,11
CATGATCGCTTTGAGA-1_V13B23-285_D1,11
CATGATGCACAATTCT-1_V13B23-285_D1,5
CATGATGGAAGTTAGC-1_V13B23-285_D1,11
CATGCCAACTCGCAAA-1_V13B23-285_D1,3
CATGCGACCAGTTTAA-1_V13B23-285_D1,10
CATGCGTTAGACAGAA-1_V13B23-285_D1,13
CATGCTGGCTCCAATT-1_V13B23-285_D1,6
CATGGATTGTCTTCCG-1_V13B23-285_D1,11
CATGGCAGGAAGATCG-1_V13B23-285_D1,5
CATGGGTATGCCTTAT-1_V13B23-285_D1,11
CATGGGTCGGGTGTGG-1_V13B23-285_D1,13
CATGGTAAGTAGCGTT-1_V13B23-285_D1,11
CATGGTCTAGATACCG-1_V13B23-285_D1,12
CATGTAAGAGACATTT-1_V13B23-285_D1,11
CATGTAGGAGCGCCAA-1_V13B23-285_D1,3
CATGTCTCATTTATGG-1_V13B23-285_D1,11
CATTACATAGATTGTG-1_V13B23-285_D1,3
CATTACGTCGGCCCGT-1_V13B23-285_D1,13
CATTATGCTTGTTGTG-1_V13B23-285_D1,5
CATTCAGGTCAGTGCG-1_V13B23-285_D1,9
CATTCCCATTCCGTCG-1_V13B23-285_D1,1
CATTCCCTAAGTACAA-1_V13B23-285_D1,5
CATTCGTCGTAGCGGT-1_V13B23-285_D1,11
CATTGATGAACACGCC-1_V13B23-285_D1,3
CATTGCGGGTCAATTC-1_V13B23-285_D1,2
CATTTAGCGGACCATG-1_V13B23-285_D1,16
CATTTCTAGCAGACTA-1_V13B23-285_D1,5
CATTTGAGTGGTACGT-1_V13B23-285_D1,10
CCAAACAGAACCCTCG-1_V13B23-285_D1,5
CCAAATAACAAGATTC-1_V13B23-285_D1,11
CCAACGATGCACTGAT-1_V13B23-285_D1,10
CCAACGCTTGCCAGGG-1_V13B23-285_D1,9
CCAACTTGATAGATCC-1_V13B23-285_D1,11
CCAAGAAAGTGGGCGA-1_V13B23-285_D1,10
CCAAGACTTCTGCGAA-1_V13B23-285_D1,5
CCAAGCGTAACTCGTA-1_V13B23-285_D1,4
CCAAGGAACAGAGAGG-1_V13B23-285_D1,5
CCAATAGTGCCGTCGA-1_V13B23-285_D1,10
CCAATCGGTAGATCGA-1_V13B23-285_D1,13
CCAATGTCACAGCAAG-1_V13B23-285_D1,10
CCAATTACGGGTCGAG-1_V13B23-285_D1,12
CCAATTGAATGTTAAT-1_V13B23-285_D1,5
CCACAATGTACGTCTT-1_V13B23-285_D1,16
CCACACTGAGATATTA-1_V13B23-285_D1,16
CCACAGTACCCATCCT-1_V13B23-285_D1,11
CCACATACTGCACCCA-1_V13B23-285_D1,11
CCACCAACTTTACTGT-1_V13B23-285_D1,4
CCACCCAAGGAAAGTG-1_V13B23-285_D1,11
CCACCTGTATGGAATA-1_V13B23-285_D1,11
CCACGAATTTAACCTC-1_V13B23-285_D1,11
CCACGAGAAGAGAATC-1_V13B23-285_D1,13
CCACGGAGCCATAAGA-1_V13B23-285_D1,7
CCACGGTGCCCGGTAG-1_V13B23-285_D1,17
CCACGTAAATTAGACT-1_V13B23-285_D1,1
CCACTATCCGGGTCAC-1_V13B23-285_D1,3
CCACTGGTGGCTGGTT-1_V13B23-285_D1,5
CCACTGTTTGGATTAA-1_V13B23-285_D1,11
CCAGAAAGCAACTCAT-1_V13B23-285_D1,10
CCAGAGACAAAGCCGG-1_V13B23-285_D1,5
CCAGATAGTTGAGTGA-1_V13B23-285_D1,16
CCAGATGTAAATGGGT-1_V13B23-285_D1,14
CCAGCCTGGACCAATA-1_V13B23-285_D1,6
CCAGCGGGATCACCAG-1_V13B23-285_D1,1
CCAGCTCGAACGCATT-1_V13B23-285_D1,16
CCAGCTGATGGTACTT-1_V13B23-285_D1,3
CCAGCTTCCGCCCGCA-1_V13B23-285_D1,7
CCAGGCTGGCGTCTGA-1_V13B23-285_D1,11
CCAGGGACGTGGCCTC-1_V13B23-285_D1,5
CCAGTAGTCTGATCCA-1_V13B23-285_D1,16
CCAGTCCATTATTCGA-1_V13B23-285_D1,5
CCAGTCTAGACGGCGC-1_V13B23-285_D1,15
CCAGTCTTGTCATAGA-1_V13B23-285_D1,19
CCATAAACAACCCGAC-1_V13B23-285_D1,6
CCATACCTTTACTTGT-1_V13B23-285_D1,1
CCATAGGTTGGCGTGG-1_V13B23-285_D1,13
CCATAGTCAGTAACCC-1_V13B23-285_D1,19
CCATATGGAAACTATA-1_V13B23-285_D1,11
CCATCCATACCAAGTC-1_V13B23-285_D1,5
CCATCGCAGTTAAACT-1_V13B23-285_D1,10
CCATCTCACCAGTGAA-1_V13B23-285_D1,11
CCATGCCCTAGATTTC-1_V13B23-285_D1,11
CCATGCCTGTTTAGTA-1_V13B23-285_D1,10
CCATGCTCTGCAGGAA-1_V13B23-285_D1,5
CCATGGCCCTTGTACC-1_V13B23-285_D1,10
CCATTAGCGATAATCC-1_V13B23-285_D1,7
CCATTCCCTGCCCACA-1_V13B23-285_D1,10
CCATTGTTTCCTCCAT-1_V13B23-285_D1,1
CCATTTCTACCTATTA-1_V13B23-285_D1,11
CCCAAACATGCTGCTC-1_V13B23-285_D1,3
CCCAACATACGTCGCG-1_V13B23-285_D1,7
CCCAACCACACTAACA-1_V13B23-285_D1,9
CCCAATGAGATTTGCA-1_V13B23-285_D1,10
CCCAATTTCACAACTT-1_V13B23-285_D1,3
CCCAGAGGAGGGCGTA-1_V13B23-285_D1,3
CCCAGGTCTGAAGGCT-1_V13B23-285_D1,11
CCCAGTAAACTTGGGA-1_V13B23-285_D1,3
CCCAGTTAAGGCGCCG-1_V13B23-285_D1,11
CCCATATAGGTCGATT-1_V13B23-285_D1,11
CCCGACCATAGTCCGC-1_V13B23-285_D1,13
CCCGAGTTTCTCCGTA-1_V13B23-285_D1,11
CCCGATAGCCTCGCCT-1_V13B23-285_D1,19
CCCGCAGCGCGAACTA-1_V13B23-285_D1,11
CCCGCAGGGCCCAAAG-1_V13B23-285_D1,9
CCCGCCATGCTCCCGT-1_V13B23-285_D1,5
CCCGCGCAATGCACCC-1_V13B23-285_D1,7
CCCGGTGGAAGAACCT-1_V13B23-285_D1,7
CCCGGTGTATCGGAAT-1_V13B23-285_D1,15
CCCGTAAGTCTAGGCC-1_V13B23-285_D1,3
CCCGTAGCTGGGAAGA-1_V13B23-285_D1,10
CCCGTCAGCGTCTGAC-1_V13B23-285_D1,5
CCCGTTTCGCAGATGT-1_V13B23-285_D1,11
CCCTAGTGTCAGGTGT-1_V13B23-285_D1,5
CCCTATGTAGAGCAGA-1_V13B23-285_D1,16
CCCTCATTCTGGAATT-1_V13B23-285_D1,4
CCCTCCTCGCTCGTAT-1_V13B23-285_D1,11
CCCTGAAATGAGTTGA-1_V13B23-285_D1,10
CCCTGATGTAACTCGT-1_V13B23-285_D1,5
CCCTGCCCAATCCGCT-1_V13B23-285_D1,3
CCCTGCGCTACGCATA-1_V13B23-285_D1,3
CCCTTTAATGGAGTTC-1_V13B23-285_D1,11
CCCTTTGACAGGTCTT-1_V13B23-285_D1,10
CCGAAAGTGGTGAGCA-1_V13B23-285_D1,5
CCGAACACTGGGCCTC-1_V13B23-285_D1,1
CCGAACCTTCCCGGCC-1_V13B23-285_D1,11
CCGAAGGGCGTACCGC-1_V13B23-285_D1,8
CCGAAGTATATTGTTC-1_V13B23-285_D1,1
CCGACAAAGGGAGTGC-1_V13B23-285_D1,10
CCGACAATAGGCCGCC-1_V13B23-285_D1,11
CCGACGGGCATGAGGT-1_V13B23-285_D1,16
CCGACGTAAACACAAC-1_V13B23-285_D1,18
CCGAGAAGTCGCATAA-1_V13B23-285_D1,11
CCGAGCTGTGCTTGTC-1_V13B23-285_D1,2
CCGATATGACGTAAGG-1_V13B23-285_D1,11
CCGATCTCAACCTTAT-1_V13B23-285_D1,6
CCGATTCGAGGGACCC-1_V13B23-285_D1,5
CCGCACAAAGACCAAC-1_V13B23-285_D1,5
CCGCACACGAACGTGT-1_V13B23-285_D1,11
CCGCACGTGACCTCGG-1_V13B23-285_D1,10
CCGCATGTGGTACGAT-1_V13B23-285_D1,10
CCGCCGGAACTTCTCG-1_V13B23-285_D1,8
CCGCCGGTCAACACAC-1_V13B23-285_D1,13
CCGCCTGCGAATTGGT-1_V13B23-285_D1,3
CCGCGGAATGCGTCAC-1_V13B23-285_D1,10
CCGCGGGTACGAAGAA-1_V13B23-285_D1,10
CCGCGTAGGTAAGGGC-1_V13B23-285_D1,10
CCGCTATCAGCACCAG-1_V13B23-285_D1,10
CCGCTCTTCCGAACTA-1_V13B23-285_D1,11
CCGCTTACCTCACTCT-1_V13B23-285_D1,15
CCGCTTGCTGACATGG-1_V13B23-285_D1,3
CCGGAAGTTATCAGTC-1_V13B23-285_D1,11
CCGGAATGGTTTCAGT-1_V13B23-285_D1,10
CCGGAGCGTACTTTCT-1_V13B23-285_D1,10
CCGGAGGTCTTATGGT-1_V13B23-285_D1,14
CCGGCACGACCGTTTC-1_V13B23-285_D1,1
CCGGCGCATATTGGAT-1_V13B23-285_D1,13
CCGGGACCCGCAGAGA-1_V13B23-285_D1,5
CCGGGCGGTCTCGTCA-1_V13B23-285_D1,17
CCGGGCTGCTCCATAC-1_V13B23-285_D1,11
CCGGGTTCGAGGTTAC-1_V13B23-285_D1,10
CCGGTAATGGCTAGTC-1_V13B23-285_D1,5
CCGGTTTGTAATTGTG-1_V13B23-285_D1,3
CCGTAAGTTGGTCCCA-1_V13B23-285_D1,16
CCGTACCCAAGCGCCA-1_V13B23-285_D1,5
CCGTAGGAAATCCCTG-1_V13B23-285_D1,11
CCGTAGGGTTGTTTAC-1_V13B23-285_D1,11
CCGTATCTCGTCGTAG-1_V13B23-285_D1,7
CCGTATTAGCGCAGTT-1_V13B23-285_D1,3
CCGTGAGGCATTCATG-1_V13B23-285_D1,4
CCGTGCCCATGACGGC-1_V13B23-285_D1,9
CCGTGGAACGATCCAA-1_V13B23-285_D1,1
CCGTGTTAAATTCCAT-1_V13B23-285_D1,15
CCGTTACGTTAGAACA-1_V13B23-285_D1,5
CCGTTCCGAATCTCGG-1_V13B23-285_D1,3
CCTAAAGGCTGACGCT-1_V13B23-285_D1,13
CCTAAATTAACGGTTC-1_V13B23-285_D1,11
CCTAAATTGTATCCTA-1_V13B23-285_D1,11
CCTAACCCAAACAAGT-1_V13B23-285_D1,11
CCTAACTAAGGCTCTA-1_V13B23-285_D1,16
CCTACATTCACAGACG-1_V13B23-285_D1,16
CCTACGGCTCAGTCGA-1_V13B23-285_D1,5
CCTACTCAACACGATT-1_V13B23-285_D1,11
CCTACTGCGGCGGCCA-1_V13B23-285_D1,8
CCTACTGCTTACACTT-1_V13B23-285_D1,10
CCTAGGCGTAGCGATC-1_V13B23-285_D1,16
CCTAGTTAGTCGCATG-1_V13B23-285_D1,6
CCTATAATGAGTGCCC-1_V13B23-285_D1,11
CCTATACCGTCCTGTC-1_V13B23-285_D1,7
CCTATATTTGTCCTGG-1_V13B23-285_D1,10
CCTATGAAGTGGTGCC-1_V13B23-285_D1,17
CCTATGGGTTACCGTC-1_V13B23-285_D1,3
CCTATGTCCACTCCAC-1_V13B23-285_D1,11
CCTCACCAATCTTGAC-1_V13B23-285_D1,5
CCTCACCTGAGGGAGC-1_V13B23-285_D1,3
CCTCACCTTAGCATCG-1_V13B23-285_D1,1
CCTCACGTCAGCTAAT-1_V13B23-285_D1,11
CCTCATGCAGCTACGA-1_V13B23-285_D1,5
CCTCCCGACAATCCCT-1_V13B23-285_D1,9
CCTCCGACAATTCAAG-1_V13B23-285_D1,10
CCTCCTGTTGTGTCGT-1_V13B23-285_D1,11
CCTCGAAGTGGACGGG-1_V13B23-285_D1,13
CCTCGCCAGCAAATTA-1_V13B23-285_D1,13
CCTCGCGCGATATAGG-1_V13B23-285_D1,7
CCTCGCGCTGTGCGAT-1_V13B23-285_D1,1
CCTCGGACCGGGATAG-1_V13B23-285_D1,11
CCTCTAATCTGCCAAG-1_V13B23-285_D1,5
CCTCTATCGATTAGCA-1_V13B23-285_D1,16
CCTCTCTCCCATCTAG-1_V13B23-285_D1,15
CCTCTGGCCTAGACGG-1_V13B23-285_D1,13
CCTCTGTACTATTCTA-1_V13B23-285_D1,10
CCTGAACGATATATTC-1_V13B23-285_D1,11
CCTGAATATTTACATA-1_V13B23-285_D1,5
CCTGACCACCGATGGT-1_V13B23-285_D1,10
CCTGCGATAGAACTGT-1_V13B23-285_D1,7
CCTGCGTTCTACGCTT-1_V13B23-285_D1,19
CCTGCTATTTGAGAAG-1_V13B23-285_D1,17
CCTGGAAACGTTCTGC-1_V13B23-285_D1,11
CCTGGCTAGACCCGCC-1_V13B23-285_D1,17
CCTGGTCGAATGTGGG-1_V13B23-285_D1,11
CCTGTAAGACATGATA-1_V13B23-285_D1,10
CCTGTACTCACGCCCA-1_V13B23-285_D1,3
CCTGTCACCCGGGCTC-1_V13B23-285_D1,1
CCTGTCCCTCACGTTA-1_V13B23-285_D1,1
CCTGTCGCCCGTAAAT-1_V13B23-285_D1,10
CCTGTTTGAAGACACG-1_V13B23-285_D1,11
CCTTCAGTTAAAGTGA-1_V13B23-285_D1,10
CCTTCTTGATCCAGTG-1_V13B23-285_D1,13
CCTTGACCACTTTATT-1_V13B23-285_D1,11
CCTTTAAGGGAGCACT-1_V13B23-285_D1,10
CCTTTCAATGAAGAAA-1_V13B23-285_D1,16
CGAAACATAGATGGCA-1_V13B23-285_D1,9
CGAAACGCAATTCATG-1_V13B23-285_D1,19
CGAACAGTATGGGCGT-1_V13B23-285_D1,11
CGAACCCGCATGCGTC-1_V13B23-285_D1,10
CGAACGCCCAGTGCCG-1_V13B23-285_D1,13
CGAACGGCCGGACAAC-1_V13B23-285_D1,8
CGAAGCTATAAATTCA-1_V13B23-285_D1,3
CGAAGTTGCTCTGTGT-1_V13B23-285_D1,10
CGAATGACGCATAATG-1_V13B23-285_D1,10
CGAATTCCCGGTTCAA-1_V13B23-285_D1,11
CGACAATTTGATCTAA-1_V13B23-285_D1,11
CGACACGCTCCGACAG-1_V13B23-285_D1,11
CGACAGTTCGCGTTAT-1_V13B23-285_D1,10
CGACATGCGATCTTCT-1_V13B23-285_D1,9
CGACTCAGGATGTTAT-1_V13B23-285_D1,7
CGACTTTGTATAGCCT-1_V13B23-285_D1,19
CGAGACCCTAGAGTGT-1_V13B23-285_D1,10
CGAGAGATGTGAACCT-1_V13B23-285_D1,3
CGAGAGCTTTCACTAC-1_V13B23-285_D1,11
CGAGAGGGTAGCCGCG-1_V13B23-285_D1,11
CGAGATTTCGCTCGGG-1_V13B23-285_D1,11
CGAGCACTTCAAGTTT-1_V13B23-285_D1,10
CGAGCGTTGATCAGCC-1_V13B23-285_D1,9
CGAGCTGGGCTTTAGG-1_V13B23-285_D1,13
CGAGGAGCTTCCATAT-1_V13B23-285_D1,2
CGAGGATCGGGAACGA-1_V13B23-285_D1,15
CGAGGCCAGGCATTGG-1_V13B23-285_D1,5
CGAGGCTAAATATGGC-1_V13B23-285_D1,3
CGAGGGACTGCGGTCG-1_V13B23-285_D1,11
CGAGTACTAAAGAGGA-1_V13B23-285_D1,17
CGAGTGAAGGTACCAG-1_V13B23-285_D1,7
CGAGTGCTATAGTTCG-1_V13B23-285_D1,4
CGAGTTCTGTCCCACC-1_V13B23-285_D1,3
CGAGTTTATCGGACTG-1_V13B23-285_D1,16
CGATAATACTCAGGTT-1_V13B23-285_D1,11
CGATACCTCGCGGACA-1_V13B23-285_D1,19
CGATAGTCGTACTGCA-1_V13B23-285_D1,11
CGATCCGACCCAGTGC-1_V13B23-285_D1,10
CGATCTGTTGGAGGAC-1_V13B23-285_D1,7
CGATGGACCCTACGCC-1_V13B23-285_D1,11
CGATGTTGTTATCTAC-1_V13B23-285_D1,8
CGATTAAATATCTCCT-1_V13B23-285_D1,4
CGATTCGCCTGGCTGC-1_V13B23-285_D1,11
CGCAAACACGAGTTAC-1_V13B23-285_D1,10
CGCAATTACTTTCGGT-1_V13B23-285_D1,10
CGCAATTAGGGTAATA-1_V13B23-285_D1,7
CGCAATTCTACAATAA-1_V13B23-285_D1,10
CGCACATGTCCACTAC-1_V13B23-285_D1,11
CGCACGTGCGCTATCA-1_V13B23-285_D1,11
CGCAGATCTTCACCCG-1_V13B23-285_D1,2
CGCAGGCGATCCAAAC-1_V13B23-285_D1,11
CGCATCATGGCTTCAG-1_V13B23-285_D1,9
CGCATCCATCAGCCAG-1_V13B23-285_D1,16
CGCATGGTGCGATGCT-1_V13B23-285_D1,11
CGCATTAGCTAATAGG-1_V13B23-285_D1,12
CGCCAAGAAGCCGAGT-1_V13B23-285_D1,3
CGCCATCCGATTATGA-1_V13B23-285_D1,16
CGCCCAGCACGCCTAG-1_V13B23-285_D1,10
CGCCCAGCGTTTCACG-1_V13B23-285_D1,11
CGCCCGCTTCCGTACA-1_V13B23-285_D1,13
CGCCCTTGAAGGCTGA-1_V13B23-285_D1,5
CGCCGCCCATGCCTGT-1_V13B23-285_D1,11
CGCCGTCTACCCATCG-1_V13B23-285_D1,5
CGCCGTTCAGCATAGT-1_V13B23-285_D1,11
CGCCTCCCTCCTCTAT-1_V13B23-285_D1,11
CGCCTGGCCTACGTAA-1_V13B23-285_D1,3
CGCCTTTAGCATGCTC-1_V13B23-285_D1,11
CGCGAAGTGGCATACT-1_V13B23-285_D1,11
CGCGACCGCGACAGAT-1_V13B23-285_D1,11
CGCGAGAGGGACTTGT-1_V13B23-285_D1,3
CGCGAGTCTGCCGGGT-1_V13B23-285_D1,3
CGCGCAAATGTCCAGA-1_V13B23-285_D1,16
CGCGCATGTTTGATTG-1_V13B23-285_D1,10
CGCGCCCGACTTAATA-1_V13B23-285_D1,13
CGCGGCAGTATTACGG-1_V13B23-285_D1,5
CGCGGCTCAACTTGAA-1_V13B23-285_D1,11
CGCGGGAATTAGGCAG-1_V13B23-285_D1,11
CGCGGTAAGTCTAGCT-1_V13B23-285_D1,3
CGCGGTACGGTATACA-1_V13B23-285_D1,11
CGCGGTCACAAACCAA-1_V13B23-285_D1,3
CGCGTTCATGAAATAC-1_V13B23-285_D1,5
CGCTACGGGACATTTA-1_V13B23-285_D1,4
CGCTAGAGACCGCTGC-1_V13B23-285_D1,11
CGCTATACCGCCCACT-1_V13B23-285_D1,5
CGCTATTCAATGTATG-1_V13B23-285_D1,5
CGCTATTCTTAGGCTC-1_V13B23-285_D1,10
CGCTCGACATAATGAT-1_V13B23-285_D1,5
CGCTCTCCGTAGATTA-1_V13B23-285_D1,10
CGCTGGTGACTACCCT-1_V13B23-285_D1,11
CGCTGTGACGCCGCAC-1_V13B23-285_D1,10
CGCTGTGTGGATGTTG-1_V13B23-285_D1,16
CGCTTATTCCCGGTCG-1_V13B23-285_D1,17
CGCTTCCACTGAAATC-1_V13B23-285_D1,5
CGCTTCGGTCTAAGAC-1_V13B23-285_D1,11
CGCTTGGACGGATAGA-1_V13B23-285_D1,11
CGCTTTCATACCGGTG-1_V13B23-285_D1,5
CGCTTTCTTGCATTCG-1_V13B23-285_D1,3
CGGAAAGAATCAAACG-1_V13B23-285_D1,10
CGGAACGTAAACATAG-1_V13B23-285_D1,10
CGGAGCAATTTAATCG-1_V13B23-285_D1,10
CGGAGCATGGCGATCC-1_V13B23-285_D1,11
CGGAGCTTATAACACC-1_V13B23-285_D1,9
CGGAGTTTGAGAGACA-1_V13B23-285_D1,10
CGGATAAGCGGACATG-1_V13B23-285_D1,17
CGGATCCTCAAGGACT-1_V13B23-285_D1,11
CGGCAAACATCGTGCG-1_V13B23-285_D1,11
CGGCAATAAGATCGCC-1_V13B23-285_D1,11
CGGCACCGTTAGCGCC-1_V13B23-285_D1,16
CGGCACTCAAGAAAGT-1_V13B23-285_D1,5
CGGCAGGGTCGGGTTG-1_V13B23-285_D1,3
CGGCCACGCACAAAGT-1_V13B23-285_D1,10
CGGCCCAACCTGTAGT-1_V13B23-285_D1,3
CGGCCCAGGTATATCC-1_V13B23-285_D1,11
CGGCGCCATCAATCCC-1_V13B23-285_D1,11
CGGCTCTAAAGCTGCA-1_V13B23-285_D1,11
CGGCTCTTCGTCGAAC-1_V13B23-285_D1,9
CGGGAATATAGTATAC-1_V13B23-285_D1,11
CGGGAATTTATGTAAA-1_V13B23-285_D1,11
CGGGAGCTTCAGTGTA-1_V13B23-285_D1,11
CGGGAGTATACCGCCG-1_V13B23-285_D1,7
CGGGATCAATGTAAGA-1_V13B23-285_D1,5
CGGGCAGCTAAACCGC-1_V13B23-285_D1,4
CGGGCCATAGCCGCAC-1_V13B23-285_D1,5
CGGGCCTTCTTTGTAA-1_V13B23-285_D1,1
CGGGTGTACCCATTTA-1_V13B23-285_D1,3
CGGGTTTGTTAGGGCT-1_V13B23-285_D1,11
CGGTACTAGAATCAAA-1_V13B23-285_D1,11
CGGTAGAGGTGCAGGT-1_V13B23-285_D1,12
CGGTATAGGTATTAGC-1_V13B23-285_D1,4
CGGTCAAGTGGGAACC-1_V13B23-285_D1,7
CGGTCAGTCCATATTT-1_V13B23-285_D1,11
CGGTCCATGAGACTCC-1_V13B23-285_D1,2
CGGTCCGTCGCAAGCC-1_V13B23-285_D1,10
CGGTCTATCAACCCGT-1_V13B23-285_D1,13
CGGTGAAGACTAAAGT-1_V13B23-285_D1,3
CGGTGCAGATAGAACG-1_V13B23-285_D1,10
CGGTGCGCGTTGGTCC-1_V13B23-285_D1,15
CGGTGGGCTCCAGCCT-1_V13B23-285_D1,3
CGGTGTACTTGATCCC-1_V13B23-285_D1,5
CGGTTATCCAACAGTG-1_V13B23-285_D1,2
CGGTTCAAGTAGGTGT-1_V13B23-285_D1,16
CGGTTCCGGCTTCTTG-1_V13B23-285_D1,13
CGGTTGACCTGGCATA-1_V13B23-285_D1,3
CGTAAACGCTTGAGTG-1_V13B23-285_D1,5
CGTACCTGATAGGCCT-1_V13B23-285_D1,12
CGTAGCGAATTGTCAG-1_V13B23-285_D1,6
CGTATCTAGAACTAAG-1_V13B23-285_D1,11
CGTATTAAGAGATCTA-1_V13B23-285_D1,10
CGTATTGTTTCCTAAT-1_V13B23-285_D1,1
CGTCAAATGGTCGCAG-1_V13B23-285_D1,17
CGTCAAGGCTATAAAT-1_V13B23-285_D1,7
CGTCACGTCCATTGGT-1_V13B23-285_D1,10
CGTCAGTGCGCACAAG-1_V13B23-285_D1,9
CGTCATACCATATCCA-1_V13B23-285_D1,10
CGTCGCATGTGAGCCA-1_V13B23-285_D1,11
CGTCGGATAGTGTTGA-1_V13B23-285_D1,15
CGTCGGGTCTAAGCGC-1_V13B23-285_D1,16
CGTCGTCCTTCGCGAA-1_V13B23-285_D1,11
CGTCTGGAAGGGCCCG-1_V13B23-285_D1,13
CGTCTTGAGTGTGACG-1_V13B23-285_D1,11
CGTGAAGTTAATTCAC-1_V13B23-285_D1,10
CGTGACATTGGGTCGT-1_V13B23-285_D1,13
CGTGACCAGTCCTCTG-1_V13B23-285_D1,10
CGTGCAGACTGGGACA-1_V13B23-285_D1,11
CGTGCATTGTCGACGC-1_V13B23-285_D1,3
CGTGCCCTCCCGAAGA-1_V13B23-285_D1,11
CGTGCTGGCCTAGTCG-1_V13B23-285_D1,7
CGTGGAAGCCTCGTAC-1_V13B23-285_D1,11
CGTGGCCGAATATCTA-1_V13B23-285_D1,11
CGTGTATGGGAGCTGA-1_V13B23-285_D1,4
CGTGTCCCATTCGCGA-1_V13B23-285_D1,10
CGTGTCTCGTTACGAC-1_V13B23-285_D1,10
CGTGTGTTAAACCCTG-1_V13B23-285_D1,1
CGTTAAACTAGTTAGG-1_V13B23-285_D1,11
CGTTAATGTCCCGACG-1_V13B23-285_D1,11
CGTTAGCTCACAACTG-1_V13B23-285_D1,13
CGTTCATGGTGCGCGT-1_V13B23-285_D1,10
CGTTCTTCGCACACCT-1_V13B23-285_D1,3
CGTTGAATACCGCGCT-1_V13B23-285_D1,11
CGTTGAGCGACCGTCG-1_V13B23-285_D1,11
CGTTGAGTAATTGCGT-1_V13B23-285_D1,12
CGTTGTAAGATTGATT-1_V13B23-285_D1,2
CGTTGTCGGCAATTGA-1_V13B23-285_D1,16
CGTTGTTTCAATTCCC-1_V13B23-285_D1,10
CGTTTAAGCGGAGCAC-1_V13B23-285_D1,13
CGTTTACAAGGCAGCT-1_V13B23-285_D1,2
CGTTTCACTTCGGGCG-1_V13B23-285_D1,19
CGTTTCGCTCATTACA-1_V13B23-285_D1,10
CGTTTGGTGTTGTGGG-1_V13B23-285_D1,11
CGTTTGTGTAGAGGGT-1_V13B23-285_D1,19
CTAAAGAATGCCTACT-1_V13B23-285_D1,10
CTAAAGGGAAATAGGA-1_V13B23-285_D1,10
CTAAATCCGGTGTACA-1_V13B23-285_D1,10
CTAAATCCTATTCCGG-1_V13B23-285_D1,16
CTAACCGCGCGCCCGT-1_V13B23-285_D1,10
CTAACGAAACTTGCTG-1_V13B23-285_D1,2
CTAACTGATAATCGCC-1_V13B23-285_D1,11
CTAACTGGTCCGGTTC-1_V13B23-285_D1,10
CTAAGGGAATGATTGG-1_V13B23-285_D1,11
CTAATTCGCACGCGCT-1_V13B23-285_D1,10
CTAATTCTCAGATATT-1_V13B23-285_D1,15
CTAATTTCAACAACAC-1_V13B23-285_D1,5
CTACAAGAAATAACCC-1_V13B23-285_D1,12
CTACACTCGCAGATGG-1_V13B23-285_D1,11
CTACCCTAAGGTCATA-1_V13B23-285_D1,15
CTACGACTAGCTATAA-1_V13B23-285_D1,5
CTACGCACGGAGTACC-1_V13B23-285_D1,10
CTACGCCATTTCCGAT-1_V13B23-285_D1,6
CTACTATCATAGGTTT-1_V13B23-285_D1,16
CTACTATCTTTCAGAG-1_V13B23-285_D1,15
CTACTCAAGGTATAGT-1_V13B23-285_D1,7
CTACTCTAGGCCCGGC-1_V13B23-285_D1,10
CTACTGCCACCTGACC-1_V13B23-285_D1,7
CTAGACTGCATTTCGT-1_V13B23-285_D1,9
CTAGATGTGAGTGTAA-1_V13B23-285_D1,19
CTAGATTTACGACGGC-1_V13B23-285_D1,11
CTAGCATAGTATAATG-1_V13B23-285_D1,5
CTAGCCACAGGCGAGC-1_V13B23-285_D1,11
CTAGCCGATGTTATGA-1_V13B23-285_D1,3
CTAGCTTAATGGTCCC-1_V13B23-285_D1,11
CTAGGCGCCCTATCAG-1_V13B23-285_D1,11
CTAGGTCTGAAGGAAT-1_V13B23-285_D1,15
CTAGGTTCGGACGTGA-1_V13B23-285_D1,11
CTAGTAGAAAGGGATT-1_V13B23-285_D1,11
CTAGTATTCGGAATTA-1_V13B23-285_D1,13
CTAGTCACGTCTTAAG-1_V13B23-285_D1,11
CTAGTGAAGGACAGGA-1_V13B23-285_D1,10
CTAGTTACAACCCGGT-1_V13B23-285_D1,11
CTAGTTGGGCCCGGTA-1_V13B23-285_D1,17
CTATAAGAGCCAATCG-1_V13B23-285_D1,7
CTATCGACGAAATACA-1_V13B23-285_D1,11
CTATCGCGTAGAGAAC-1_V13B23-285_D1,11
CTATCGGGTCTCAACA-1_V13B23-285_D1,5
CTATGCCCGAATGCAA-1_V13B23-285_D1,18
CTATGGGAAGCGGAAT-1_V13B23-285_D1,11
CTATGTCACTAGCCCA-1_V13B23-285_D1,16
CTATGTCTATTGAAAC-1_V13B23-285_D1,9
CTATGTGAGTCACGGC-1_V13B23-285_D1,10
CTATTCATGTGTCCCA-1_V13B23-285_D1,10
CTATTGTGTTTGGTCA-1_V13B23-285_D1,7
CTATTTGGTTACGGAT-1_V13B23-285_D1,16
CTCAACTAACCCGGAT-1_V13B23-285_D1,11
CTCAAGACATTAGCGC-1_V13B23-285_D1,18
CTCACACGCAAGCCTA-1_V13B23-285_D1,14
CTCACATTTACTAAAT-1_V13B23-285_D1,10
CTCACTGTGATACTTA-1_V13B23-285_D1,11
CTCACTTGGCTGGTAA-1_V13B23-285_D1,3
CTCAGGACTCACCTGT-1_V13B23-285_D1,5
CTCAGTCACGACAAAT-1_V13B23-285_D1,16
CTCATCACTTAGTGAT-1_V13B23-285_D1,8
CTCATGGTAATTTGCG-1_V13B23-285_D1,7
CTCATTAACGTTGCCC-1_V13B23-285_D1,8
CTCATTGCTCTAACAA-1_V13B23-285_D1,11
CTCATTTGATGGGCGG-1_V13B23-285_D1,18
CTCCCAATGAGTCGCG-1_V13B23-285_D1,11
CTCCCTCCTTTCGATC-1_V13B23-285_D1,3
CTCCGCCCACATGAGG-1_V13B23-285_D1,10
CTCCGGCCTAATATGC-1_V13B23-285_D1,5
CTCCGGCTTGTAGACA-1_V13B23-285_D1,5
CTCCTAAGTTATGTCT-1_V13B23-285_D1,5
CTCCTCCAGCTCACAC-1_V13B23-285_D1,10
CTCCTGTTCAAGGCAG-1_V13B23-285_D1,11
CTCCTTTACGCAAGTC-1_V13B23-285_D1,2
CTCGAGGTCGAACAGT-1_V13B23-285_D1,7
CTCGATATTTGCGAGC-1_V13B23-285_D1,16
CTCGCACCTATATAGT-1_V13B23-285_D1,5
CTCGCATTGCATAGCC-1_V13B23-285_D1,16
CTCGCCGAATGTAGGG-1_V13B23-285_D1,10
CTCGGGATAACACCTA-1_V13B23-285_D1,3
CTCGGTACCACTGCTC-1_V13B23-285_D1,11
CTCGGTCCGTAGCCTG-1_V13B23-285_D1,5
CTCGGTTGTCGGCCCT-1_V13B23-285_D1,18
CTCGTCGAGGGCTCAT-1_V13B23-285_D1,16
CTCGTTTCTAATGTTT-1_V13B23-285_D1,3
CTCTAATGCATTGATC-1_V13B23-285_D1,2
CTCTACACTGGCGATT-1_V13B23-285_D1,19
CTCTAGCCCTCGGAAA-1_V13B23-285_D1,11
CTCTATTTGGCTGCAG-1_V13B23-285_D1,11
CTCTCACAATCGATGA-1_V13B23-285_D1,15
CTCTCTAACTGCCTAG-1_V13B23-285_D1,16
CTCTGCGAAGCAAGCA-1_V13B23-285_D1,9
CTCTGGACGCCTGGTG-1_V13B23-285_D1,17
CTCTGTTTGAGGATTC-1_V13B23-285_D1,13
CTCTTCTATTGACTGG-1_V13B23-285_D1,4
CTCTTGTCCCGCTTGG-1_V13B23-285_D1,1
CTGAAAGAGATCCGAC-1_V13B23-285_D1,13
CTGAATCCGAGACCTC-1_V13B23-285_D1,10
CTGAATTTATTGCCAG-1_V13B23-285_D1,3
CTGACATAGAAATAGA-1_V13B23-285_D1,11
CTGACTGCGCAGCTCG-1_V13B23-285_D1,12
CTGAGAAAGTTCGGCG-1_V13B23-285_D1,11
CTGAGAGTAGAAATAC-1_V13B23-285_D1,11
CTGAGCAAGTAACAAG-1_V13B23-285_D1,5
CTGAGCGAGACTTATT-1_V13B23-285_D1,8
CTGATAGTGTATCTCA-1_V13B23-285_D1,19
CTGCAAGCACGTTCCG-1_V13B23-285_D1,11
CTGCACAACTACATAT-1_V13B23-285_D1,11
CTGCACCTAGTCCACA-1_V13B23-285_D1,3
CTGCACCTGGAACCGC-1_V13B23-285_D1,5
CTGCACTCCAGTACAG-1_V13B23-285_D1,11
CTGCAGAGAATCAGAG-1_V13B23-285_D1,11
CTGCCAAGGTTGGAAG-1_V13B23-285_D1,13
CTGCCATGCATCACAT-1_V13B23-285_D1,10
CTGCCTAGCCACCAAG-1_V13B23-285_D1,9
CTGCCTCATATGCAAC-1_V13B23-285_D1,19
CTGCCTTTCTAGTAAA-1_V13B23-285_D1,11
CTGCGGGTGAAATGTT-1_V13B23-285_D1,10
CTGCGGTAGTCACGTG-1_V13B23-285_D1,12
CTGCGTTACGATATAA-1_V13B23-285_D1,13
CTGCTGAGGCCACGAA-1_V13B23-285_D1,16
CTGCTGTCTAACGAGC-1_V13B23-285_D1,11
CTGCTTGGCGATAGCT-1_V13B23-285_D1,11
CTGCTTTATGTCCGCG-1_V13B23-285_D1,2
CTGGAAATGGATGCTT-1_V13B23-285_D1,5
CTGGAAGACACGGTGG-1_V13B23-285_D1,11
CTGGACGCAGTCCGGC-1_V13B23-285_D1,3
CTGGATTTACACTTGA-1_V13B23-285_D1,10
CTGGCATCCGAATGAG-1_V13B23-285_D1,7
CTGGCGACATAAGTCC-1_V13B23-285_D1,13
CTGGCGCACAGGTCTG-1_V13B23-285_D1,7
CTGGCGGGAATAAGTA-1_V13B23-285_D1,5
CTGGCTGATTCATCCT-1_V13B23-285_D1,11
CTGGCTGGTTGTCAGT-1_V13B23-285_D1,3
CTGGGATAAATAATGG-1_V13B23-285_D1,11
CTGGGATACGCTACCC-1_V13B23-285_D1,8
CTGGGCCTGCTATATC-1_V13B23-285_D1,16
CTGGGTAGGCAGTTAA-1_V13B23-285_D1,11
CTGGTAAAGTGTGGGC-1_V13B23-285_D1,11
CTGGTAACACATAGAA-1_V13B23-285_D1,11
CTGGTAACGAGCTCTT-1_V13B23-285_D1,8
CTGGTCATTCCAATCC-1_V13B23-285_D1,16
CTGGTTCGCGAGCTAC-1_V13B23-285_D1,11
CTGGTTTCGAGCAAGA-1_V13B23-285_D1,11
CTGTACTTCTTAGCAT-1_V13B23-285_D1,17
CTGTAGCCATCTCACT-1_V13B23-285_D1,19
CTGTATGGTGTAGAAA-1_V13B23-285_D1,5
CTGTCAAATGGCTCGG-1_V13B23-285_D1,18
CTGTCACGCCAGGCGC-1_V13B23-285_D1,9
CTGTGCAGGGTAGGTC-1_V13B23-285_D1,11
CTGTGGTCGGGAGATA-1_V13B23-285_D1,11
CTGTTACCCAATCTAG-1_V13B23-285_D1,10
CTGTTCACTGCCTGTG-1_V13B23-285_D1,7
CTGTTCATCTCACGGG-1_V13B23-285_D1,5
CTTAACTTCGAAGTAC-1_V13B23-285_D1,9
CTTACACGGTATTCCA-1_V13B23-285_D1,10
CTTACACTGGGAAATA-1_V13B23-285_D1,5
CTTACTGACTCCTCTG-1_V13B23-285_D1,11
CTTAGCCTTCCACATG-1_V13B23-285_D1,13
CTTAGGTCCCAATCGT-1_V13B23-285_D1,2
CTTAGTAGGCCTACAG-1_V13B23-285_D1,19
CTTAGTGTAGTAGCAT-1_V13B23-285_D1,11
CTTATAGATGGCTGTT-1_V13B23-285_D1,11
CTTATGTTGACTACCA-1_V13B23-285_D1,5
CTTCAACTCCACTTGG-1_V13B23-285_D1,11
CTTCAGTGGTCGCCTA-1_V13B23-285_D1,15
CTTCATAGCTCAAGAA-1_V13B23-285_D1,5
CTTCATTGTCAGTGGA-1_V13B23-285_D1,10
CTTCCGCTCCGTGAAG-1_V13B23-285_D1,17
CTTCGGCCAATTGTTT-1_V13B23-285_D1,11
CTTCGTAGATAGGTGA-1_V13B23-285_D1,10
CTTCTATGTTGAAGTA-1_V13B23-285_D1,16
CTTCTATTAATGCTAG-1_V13B23-285_D1,10
CTTCTTACGTCGTATA-1_V13B23-285_D1,13
CTTGACCCGAAAGATA-1_V13B23-285_D1,9
CTTGAGGTTATCCCGA-1_V13B23-285_D1,5
CTTGAGTTAGGGTAAT-1_V13B23-285_D1,11
CTTGCAACCGCCTCCT-1_V13B23-285_D1,15
CTTGCCCAGGCTCTAC-1_V13B23-285_D1,10
CTTGGCCAAGCTGGGA-1_V13B23-285_D1,15
CTTGTACTTGTTGACT-1_V13B23-285_D1,5
CTTGTCAACATTCGAG-1_V13B23-285_D1,11
CTTGTGAGTCTTTGAC-1_V13B23-285_D1,9
CTTGTGCTCACCGATT-1_V13B23-285_D1,11
CTTGTTGCTGAGTCAA-1_V13B23-285_D1,11
CTTGTTTATGTAGCCA-1_V13B23-285_D1,5
CTTTAACTTTCAAAGG-1_V13B23-285_D1,2
CTTTAATATTGGTCGA-1_V13B23-285_D1,11
CTTTACCGAATAGTAG-1_V13B23-285_D1,11
CTTTAGGAACACTGTT-1_V13B23-285_D1,11
CTTTAGTGCTATTATT-1_V13B23-285_D1,10
CTTTCTGTGCGGGCTT-1_V13B23-285_D1,11
CTTTGCATCGCTCTTG-1_V13B23-285_D1,11
CTTTGCTGTCATGGAT-1_V13B23-285_D1,11
CTTTGGCGCTTTATAC-1_V13B23-285_D1,10
CTTTGGCTTTAGTAAA-1_V13B23-285_D1,10
CTTTGGGATTGTTGCA-1_V13B23-285_D1,10
GAAACAGATGACCACC-1_V13B23-285_D1,11
GAAACAGCCATGCAGT-1_V13B23-285_D1,6
GAAACATAGGAAACAG-1_V13B23-285_D1,12
GAAACCATGGTGCGCT-1_V13B23-285_D1,3
GAAACCGAATTACCTT-1_V13B23-285_D1,10
GAAACCTATACAAATG-1_V13B23-285_D1,10
GAAACTCGTGCGATGC-1_V13B23-285_D1,10
GAAACTCTAATGAAGG-1_V13B23-285_D1,6
GAAAGAACAGCGTTAT-1_V13B23-285_D1,10
GAAAGCAGTGCACTTT-1_V13B23-285_D1,10
GAAAGCCCTTTGGACC-1_V13B23-285_D1,3
GAAAGTGACTAACTGC-1_V13B23-285_D1,10
GAAATACCTGCTGGCT-1_V13B23-285_D1,9
GAAATACTAAACGTTT-1_V13B23-285_D1,5
GAAATATCACCATCAG-1_V13B23-285_D1,16
GAAATATGCTTGAATG-1_V13B23-285_D1,3
GAAATCGCGCGCAACT-1_V13B23-285_D1,13
GAAATGGCGGTGTTAG-1_V13B23-285_D1,5
GAAATGGGATGTAAAC-1_V13B23-285_D1,5
GAAATTAGCACGGATA-1_V13B23-285_D1,3
GAAATTCACATCGCTG-1_V13B23-285_D1,5
GAAATTGTCTCTATAA-1_V13B23-285_D1,10
GAACACACATCAACCA-1_V13B23-285_D1,18
GAACAGATTACTAAAT-1_V13B23-285_D1,11
GAACCCTCTGTGTTCT-1_V13B23-285_D1,11
GAACCTTTAACGATCC-1_V13B23-285_D1,11
GAACGACCGAATGATA-1_V13B23-285_D1,13
GAACGATAAGTTAAAG-1_V13B23-285_D1,8
GAACGCGGGTCACACG-1_V13B23-285_D1,11
GAACGTCTCATGGTCG-1_V13B23-285_D1,3
GAACTTGTGCACGGGA-1_V13B23-285_D1,14
GAAGAAACGATATTGT-1_V13B23-285_D1,10
GAAGAACGGTGCAGGT-1_V13B23-285_D1,5
GAAGCCTGCACATTCC-1_V13B23-285_D1,4
GAAGCGTGAGGAATTT-1_V13B23-285_D1,10
GAAGCTCGGACCCGTC-1_V13B23-285_D1,16
GAAGCTTGCTGACCGC-1_V13B23-285_D1,10
GAAGGCTACCATTGTT-1_V13B23-285_D1,17
GAAGTCAGTTGCACTA-1_V13B23-285_D1,10
GAAGTCTCCCTAGCGA-1_V13B23-285_D1,15
GAAGTGATTTATCGTG-1_V13B23-285_D1,16
GAAGTGCTGGATAGCT-1_V13B23-285_D1,13
GAAGTTTCCACTCAAT-1_V13B23-285_D1,10
GAATAGACGCGACCCA-1_V13B23-285_D1,11
GAATAGCATTTAGGGT-1_V13B23-285_D1,11
GAATAGCCCTGCGGTC-1_V13B23-285_D1,3
GAATAGTGCTCGATTA-1_V13B23-285_D1,10
GAATATTCGGAGTCCC-1_V13B23-285_D1,13
GAATCGACATGGTCAC-1_V13B23-285_D1,10
GAATCGCCGGACACGG-1_V13B23-285_D1,9
GAATCTGAACATTCTC-1_V13B23-285_D1,5
GAATGAAGGTCTTCAG-1_V13B23-285_D1,14
GAATGCCGAAATGACC-1_V13B23-285_D1,15
GAATGCGAATCGGTTC-1_V13B23-285_D1,11
GAATGTATGGCAGGTC-1_V13B23-285_D1,13
GAATGTGGTCCGGATT-1_V13B23-285_D1,11
GAATGTTGGGTAATCT-1_V13B23-285_D1,5
GAATTATAGTGAAAGG-1_V13B23-285_D1,5
GAATTCACCCGGGTGT-1_V13B23-285_D1,10
GAATTTCTCGCTGCAG-1_V13B23-285_D1,10
GACAAACATATGCAGG-1_V13B23-285_D1,11
GACAACGACCATTGAA-1_V13B23-285_D1,12
GACAACGCAGCTTACG-1_V13B23-285_D1,5
GACAAGAGATGAGATT-1_V13B23-285_D1,11
GACACAAGGGAAGAAA-1_V13B23-285_D1,3
GACACGAGTTAGAGGA-1_V13B23-285_D1,5
GACACTGAGTTCAGTG-1_V13B23-285_D1,16
GACACTGGAACCCGAT-1_V13B23-285_D1,11
GACAGCCAGACCTGAC-1_V13B23-285_D1,11
GACAGGCACACACTAT-1_V13B23-285_D1,5
GACATCGATTTATAAC-1_V13B23-285_D1,10
GACCAAACGTTGACTG-1_V13B23-285_D1,11
GACCAGAGCCCTGTAG-1_V13B23-285_D1,10
GACCCAATTATGATAC-1_V13B23-285_D1,15
GACCCGTCGCCGGCTA-1_V13B23-285_D1,9
GACCGACGTGAAAGCA-1_V13B23-285_D1,12
GACCGACTGAAGCGTC-1_V13B23-285_D1,3
GACCGCGTCTGACGTG-1_V13B23-285_D1,11
GACCGTCAGGTCGTGA-1_V13B23-285_D1,13
GACCGTGCTGACGGTG-1_V13B23-285_D1,17
GACGACGATCCGCGTT-1_V13B23-285_D1,11
GACGAGGCTAATAAAC-1_V13B23-285_D1,11
GACGCCGTAAAGGCTA-1_V13B23-285_D1,12
GACGCCTGTTGCAGGG-1_V13B23-285_D1,5
GACGCTTGCTTCTAAA-1_V13B23-285_D1,19
GACGGGTTGGCCCGTA-1_V13B23-285_D1,10
GACGGTCAATAGAAGC-1_V13B23-285_D1,2
GACGGTCCTAGGGTGT-1_V13B23-285_D1,11
GACGTGTAGGGATTAT-1_V13B23-285_D1,10
GACGTTCGTAAATACA-1_V13B23-285_D1,2
GACTAACACAGCACCT-1_V13B23-285_D1,9
GACTAAGATCATGCAC-1_V13B23-285_D1,12
GACTAAGTAGGCTCAC-1_V13B23-285_D1,7
GACTACAAAGCGGTGG-1_V13B23-285_D1,10
GACTACAATTGCTCGT-1_V13B23-285_D1,9
GACTCACCCACGTGAG-1_V13B23-285_D1,11
GACTCCCAGAATAAGG-1_V13B23-285_D1,15
GACTCGCGGGAATGAC-1_V13B23-285_D1,8
GACTGCAAATCGAGCT-1_V13B23-285_D1,11
GACTGCACCAGCCCAG-1_V13B23-285_D1,11
GACTGCGGCACGTGTA-1_V13B23-285_D1,16
GAGAAACTGGATCCCA-1_V13B23-285_D1,11
GAGAACGGTTCTGACT-1_V13B23-285_D1,11
GAGACTGATGGGTAGA-1_V13B23-285_D1,5
GAGACTTCGCGACCGA-1_V13B23-285_D1,10
GAGAGGCCTATGTGTA-1_V13B23-285_D1,11
GAGAGGGCGCGAGGTT-1_V13B23-285_D1,17
GAGAGGTGCATTCTGG-1_V13B23-285_D1,16
GAGATCTGCTTGGCAT-1_V13B23-285_D1,10
GAGATCTGTCACTCCG-1_V13B23-285_D1,18
GAGATCTTCCATGACA-1_V13B23-285_D1,11
GAGATGACAATCCTTA-1_V13B23-285_D1,15
GAGATGGGAGTCGACA-1_V13B23-285_D1,11
GAGCACCTGTGTCCAG-1_V13B23-285_D1,11
GAGCACGGCGCCTCTT-1_V13B23-285_D1,11
GAGCATCATCCCTGGG-1_V13B23-285_D1,5
GAGCCAGCTACCTGTG-1_V13B23-285_D1,11
GAGCCGAGCGTTTATT-1_V13B23-285_D1,12
GAGCGAGGGAGTACCG-1_V13B23-285_D1,13
GAGCGCAAATACTCCG-1_V13B23-285_D1,11
GAGCGCGCACGAGTAG-1_V13B23-285_D1,11
GAGCTAAGGGCATATC-1_V13B23-285_D1,16
GAGCTCTCGGACCTAA-1_V13B23-285_D1,5
GAGCTGTCGTCTCGGA-1_V13B23-285_D1,2
GAGGAATGGAGAGGTT-1_V13B23-285_D1,10
GAGGATAAACAGTGCT-1_V13B23-285_D1,11
GAGGCATTTGCAGCAG-1_V13B23-285_D1,14
GAGGCCCGACTCCGCA-1_V13B23-285_D1,16
GAGGCCTGTTGATACA-1_V13B23-285_D1,11
GAGGCTATCAAAGTCG-1_V13B23-285_D1,3
GAGGGCATCGCGTATC-1_V13B23-285_D1,5
GAGGGCCATAATATTA-1_V13B23-285_D1,14
GAGGGCGCAGCTCTGC-1_V13B23-285_D1,3
GAGGTACATCCATCTT-1_V13B23-285_D1,6
GAGGTCCCAAAGATCT-1_V13B23-285_D1,5
GAGTAAACCGGAAAGT-1_V13B23-285_D1,11
GAGTAAATTAAGAACC-1_V13B23-285_D1,11
GAGTAAGGCCACGGGA-1_V13B23-285_D1,19
GAGTACGGGTATACAA-1_V13B23-285_D1,12
GAGTAGATACTAGTTG-1_V13B23-285_D1,10
GAGTATCAAAGTTACA-1_V13B23-285_D1,11
GAGTATGCCCGCCTTG-1_V13B23-285_D1,10
GAGTATGCGCGTGCAT-1_V13B23-285_D1,11
GAGTCAGACCAGAATC-1_V13B23-285_D1,17
GAGTCCGCTTACCGGA-1_V13B23-285_D1,10
GAGTGCACGGACAACA-1_V13B23-285_D1,15
GAGTGTCAACCAGAAA-1_V13B23-285_D1,11
GAGTGTGCGGTACCCA-1_V13B23-285_D1,11
GAGTTGATGGCAATTT-1_V13B23-285_D1,8
GATAAATCGGTGGATG-1_V13B23-285_D1,5
GATAACTCGCACTGTG-1_V13B23-285_D1,11
GATAAGGCAGATGCAA-1_V13B23-285_D1,12
GATACCGTGTCGGAGT-1_V13B23-285_D1,11
GATACGATGGGAGTCA-1_V13B23-285_D1,15
GATAGGATTAATTACA-1_V13B23-285_D1,11
GATAGGTAACGTTGAC-1_V13B23-285_D1,10
GATAGGTGTCCCGGGC-1_V13B23-285_D1,11
GATATCTCATGCAATA-1_V13B23-285_D1,13
GATATGAGACACTAAC-1_V13B23-285_D1,11
GATATGCGGTAGCCAA-1_V13B23-285_D1,8
GATATGGATTACGCGG-1_V13B23-285_D1,7
GATATTGAGATTGGCG-1_V13B23-285_D1,15
GATATTTCCTACATGG-1_V13B23-285_D1,13
GATCATTCCAAACATT-1_V13B23-285_D1,5
GATCCCTTTATACTGC-1_V13B23-285_D1,7
GATCCGAATATAAGTG-1_V13B23-285_D1,3
GATCCGGGAATTAACA-1_V13B23-285_D1,11
GATCCTAAATCGGGAC-1_V13B23-285_D1,16
GATCCTCGACACTGGC-1_V13B23-285_D1,16
GATCCTCTTGCGCTTA-1_V13B23-285_D1,9
GATCGACACTATCTGA-1_V13B23-285_D1,10
GATCGCGGGCTCTCCA-1_V13B23-285_D1,10
GATCGCTACCCGATTT-1_V13B23-285_D1,11
GATCGGTGGCCATAAC-1_V13B23-285_D1,12
GATCGTGACTGATATC-1_V13B23-285_D1,11
GATCTCGACGCTGTGG-1_V13B23-285_D1,11
GATCTGCTATCTAAGG-1_V13B23-285_D1,10
GATCTTGGAGGGCATA-1_V13B23-285_D1,11
GATCTTTGCAGGGTAT-1_V13B23-285_D1,7
GATGACAAGTAGGGCA-1_V13B23-285_D1,4
GATGACGATGATCGCG-1_V13B23-285_D1,2
GATGCCAGCAGAAGGC-1_V13B23-285_D1,1
GATGCCTTCTGCGGCA-1_V13B23-285_D1,8
GATGCGTCCTGCATTC-1_V13B23-285_D1,10
GATGCTACAAGCGCCT-1_V13B23-285_D1,5
GATGCTGTATTTCATC-1_V13B23-285_D1,11
GATGGCGCACACATTA-1_V13B23-285_D1,5
GATGGTGCCCTAGGCA-1_V13B23-285_D1,9
GATGTAACGAACCACC-1_V13B23-285_D1,8
GATGTCGGTCAACTGC-1_V13B23-285_D1,9
GATGTTCAATCCACGA-1_V13B23-285_D1,10
GATGTTTGTGCGAGAT-1_V13B23-285_D1,5
GATTAACCGAAAGCCC-1_V13B23-285_D1,11
GATTACTGAATTTGGG-1_V13B23-285_D1,17
GATTCCCTTGTCGCAG-1_V13B23-285_D1,7
GATTCCGCGTTTCCGT-1_V13B23-285_D1,13
GATTCCTATACGGCGC-1_V13B23-285_D1,10
GATTCGACGGTTCACG-1_V13B23-285_D1,11
GCAAACCCTACATTAT-1_V13B23-285_D1,11
GCAAACCTTGGCCATA-1_V13B23-285_D1,10
GCAAACGTCGCCAGGT-1_V13B23-285_D1,11
GCAAATATTACGCTTT-1_V13B23-285_D1,7
GCAACACACTAGAACT-1_V13B23-285_D1,10
GCAACAGCAGTATGCG-1_V13B23-285_D1,11
GCAACCACCAGACCGG-1_V13B23-285_D1,13
GCAACCACGGCCGCGT-1_V13B23-285_D1,7
GCAACGGCTAGTTATG-1_V13B23-285_D1,11
GCAAGAATTCCTTGGC-1_V13B23-285_D1,15
GCAAGATGTGTTCGCG-1_V13B23-285_D1,9
GCAAGTGCACAGAGAA-1_V13B23-285_D1,10
GCAATTAGTCGCACCG-1_V13B23-285_D1,3
GCACAAACGAGGCGTG-1_V13B23-285_D1,11
GCACAAGTGTCGGAAG-1_V13B23-285_D1,9
GCACACACTGGTAGCC-1_V13B23-285_D1,11
GCACCTTCCCGAAGGT-1_V13B23-285_D1,11
GCACGCCTACTTAGAT-1_V13B23-285_D1,10
GCACGTGGTTTACTTA-1_V13B23-285_D1,11
GCACTAGTCGCGCTAT-1_V13B23-285_D1,5
GCACTGTGCAAATGTA-1_V13B23-285_D1,9
GCAGAAGGTAATCTCC-1_V13B23-285_D1,11
GCAGACCCAGCACGTA-1_V13B23-285_D1,11
GCAGATCCATAAGACT-1_V13B23-285_D1,11
GCAGATTAGGGATATC-1_V13B23-285_D1,10
GCAGCACACAGCCCAG-1_V13B23-285_D1,10
GCAGCCTATATCACAT-1_V13B23-285_D1,1
GCAGCTATGGACAGGT-1_V13B23-285_D1,2
GCAGGAACTTAGATCT-1_V13B23-285_D1,8
GCAGGACTATAGAATA-1_V13B23-285_D1,10
GCAGGTAGAGTATGGT-1_V13B23-285_D1,3
GCAGTGCGGGCGGATG-1_V13B23-285_D1,11
GCAGTGTGGCTATAGG-1_V13B23-285_D1,11
GCAGTTCGATCCGAGC-1_V13B23-285_D1,11
GCATACGAGGTCTTTA-1_V13B23-285_D1,3
GCATAGAGCACTCAGG-1_V13B23-285_D1,10
GCATCCCTAACTTTGA-1_V13B23-285_D1,5
GCATCGGCCGTGTAGG-1_V13B23-285_D1,11
GCATGAGGGACGCGGC-1_V13B23-285_D1,19
GCATTCAAGGCAACGC-1_V13B23-285_D1,3
GCATTCGAAATGAACA-1_V13B23-285_D1,7
GCATTGTAATTCATAT-1_V13B23-285_D1,3
GCATTTCCAAGGCTCC-1_V13B23-285_D1,19
GCCAACCATTTCCGGA-1_V13B23-285_D1,2
GCCAATAGGGCATCTC-1_V13B23-285_D1,17
GCCACAATTTAAGGAC-1_V13B23-285_D1,10
GCCACTCAGAGCGCGA-1_V13B23-285_D1,11
GCCACTCCTTACGGTA-1_V13B23-285_D1,11
GCCAGGAGTAACCGAT-1_V13B23-285_D1,7
GCCAGGCGTTCGCATG-1_V13B23-285_D1,9
GCCATATTGCACACAG-1_V13B23-285_D1,7
GCCATCGAGCTGCGTG-1_V13B23-285_D1,10
GCCATCGATGCTGCAT-1_V13B23-285_D1,3
GCCCACCAAGGCTGTC-1_V13B23-285_D1,5
GCCCAGATGCTGGAGA-1_V13B23-285_D1,19
GCCCAGTTGGTATGCC-1_V13B23-285_D1,17
GCCCGACTTCTTCCCG-1_V13B23-285_D1,10
GCCCGATCTGTGGTCG-1_V13B23-285_D1,10
GCCCGCGCGTAAACGG-1_V13B23-285_D1,10
GCCCGCGCGTTTGACA-1_V13B23-285_D1,5
GCCCGTAATACCTTCT-1_V13B23-285_D1,16
GCCCTAGCCGTCGCGA-1_V13B23-285_D1,15
GCCGAAATTCCTACGT-1_V13B23-285_D1,10
GCCGATTGGCCAAGCT-1_V13B23-285_D1,10
GCCGCACTCCGTTTCA-1_V13B23-285_D1,11
GCCGCATTAGTCCGGC-1_V13B23-285_D1,3
GCCGCTTGTGAGAAAC-1_V13B23-285_D1,15
GCCGGGTTAGGGTCGC-1_V13B23-285_D1,10
GCCGTGGAAGAAATGT-1_V13B23-285_D1,11
GCCTAGCGATCTGACC-1_V13B23-285_D1,5
GCCTATAGTGTCAGGG-1_V13B23-285_D1,17
GCCTATCAGGTAAGAT-1_V13B23-285_D1,11
GCCTATGCTGGGCCTT-1_V13B23-285_D1,2
GCCTATTCCGATATAG-1_V13B23-285_D1,10
GCCTCATCTGGAAATA-1_V13B23-285_D1,11
GCCTCCGACAATTCAC-1_V13B23-285_D1,11
GCCTCTATACATAGCA-1_V13B23-285_D1,11
GCCTTCAGCCCTACCG-1_V13B23-285_D1,5
GCCTTGTATATGCAGT-1_V13B23-285_D1,16
GCGAAACGATCGGGAG-1_V13B23-285_D1,11
GCGAAACTTAACTGGA-1_V13B23-285_D1,11
GCGAAGCCATACCCGT-1_V13B23-285_D1,10
GCGACATGTAAACATC-1_V13B23-285_D1,2
GCGACCCAACCATCTG-1_V13B23-285_D1,10
GCGACGATAGTTGTAC-1_V13B23-285_D1,10
GCGAGAGGCCATGTAA-1_V13B23-285_D1,2
GCGAGAGTTGCGTCCA-1_V13B23-285_D1,19
GCGAGCGCATGCTCCC-1_V13B23-285_D1,8
GCGAGGCCCGAGCAGA-1_V13B23-285_D1,10
GCGAGTTCTGCAAAGA-1_V13B23-285_D1,10
GCGATTCTGGAAGCAG-1_V13B23-285_D1,6
GCGATTGTTAACGTTA-1_V13B23-285_D1,11
GCGCAAATATATTCAA-1_V13B23-285_D1,10
GCGCAAGAGCGCGCTG-1_V13B23-285_D1,11
GCGCATCCAGTCAGCA-1_V13B23-285_D1,16
GCGCCGTTCCACGATA-1_V13B23-285_D1,5
GCGCCTCCCACTCCGA-1_V13B23-285_D1,11
GCGCGTCATTGGTACA-1_V13B23-285_D1,11
GCGCTAATTGAATAGA-1_V13B23-285_D1,4
GCGCTATGCCGAGGCA-1_V13B23-285_D1,17
GCGCTCGATCACCTGT-1_V13B23-285_D1,11
GCGCTGATCCAGACTC-1_V13B23-285_D1,13
GCGCTGCTTTGCATTT-1_V13B23-285_D1,16
GCGCTTAAATAATTGG-1_V13B23-285_D1,11
GCGGACCGCGTTGTGG-1_V13B23-285_D1,15
GCGGAGAAACTTCGCA-1_V13B23-285_D1,12
GCGGAGAGGGAGAACG-1_V13B23-285_D1,11
GCGGCAAAGTATTGCC-1_V13B23-285_D1,10
GCGGCTCTGACGTACC-1_V13B23-285_D1,1
GCGGGAACCAGGCCCT-1_V13B23-285_D1,5
GCGGGCATTACGATGC-1_V13B23-285_D1,3
GCGGGCGAGCCTTACC-1_V13B23-285_D1,10
GCGGTCCCGGTGAAGG-1_V13B23-285_D1,14
GCGGTCCCTAGACGCA-1_V13B23-285_D1,9
GCGGTGAACTGCGCTC-1_V13B23-285_D1,18
GCGGTTCCCTATCATG-1_V13B23-285_D1,10
GCGTAAATGGCCATAA-1_V13B23-285_D1,3
GCGTCGAAATGTCGGT-1_V13B23-285_D1,13
GCGTCGCCAGGGTGAT-1_V13B23-285_D1,10
GCGTCTAACCTCCTAA-1_V13B23-285_D1,1
GCGTCTCTGCATTGGG-1_V13B23-285_D1,12
GCGTGGTACTGGGTTA-1_V13B23-285_D1,16
GCGTTCGGAGACCGGG-1_V13B23-285_D1,3
GCGTTCTGACTAAGCG-1_V13B23-285_D1,11
GCTAAACCTGAGGTGA-1_V13B23-285_D1,4
GCTAACTGAAGTCTGA-1_V13B23-285_D1,11
GCTAAGTAGTTTCTCT-1_V13B23-285_D1,16
GCTAATACCGAATGCC-1_V13B23-285_D1,5
GCTACAATCGAGGATA-1_V13B23-285_D1,11
GCTACAGTACGGACCG-1_V13B23-285_D1,3
GCTACGACTTATTGGG-1_V13B23-285_D1,11
GCTACTATAGTAGAGT-1_V13B23-285_D1,11
GCTAGACCGTCTACTG-1_V13B23-285_D1,11
GCTAGAGTAGAGATGT-1_V13B23-285_D1,11
GCTAGCACCTGGGCCA-1_V13B23-285_D1,11
GCTAGCAGGGAGTGGG-1_V13B23-285_D1,3
GCTAGCTTGAATAGCT-1_V13B23-285_D1,10
GCTAGGCACCACGGAG-1_V13B23-285_D1,11
GCTAGTAGAGCTTGTA-1_V13B23-285_D1,10
GCTAGTTTCATTGAGG-1_V13B23-285_D1,5
GCTATACGTCTCGGAC-1_V13B23-285_D1,11
GCTATCATACTCATGG-1_V13B23-285_D1,11
GCTATCGCGGCGCAAC-1_V13B23-285_D1,5
GCTCAATCCGTTTATT-1_V13B23-285_D1,10
GCTCAATGTAATACCG-1_V13B23-285_D1,7
GCTCATTACTGCATGT-1_V13B23-285_D1,13
GCTCCATGAGTGCAGA-1_V13B23-285_D1,11
GCTCCCAGTCGGTCCA-1_V13B23-285_D1,11
GCTCCGCTCGCTTCAG-1_V13B23-285_D1,11
GCTCCTGACATACTGG-1_V13B23-285_D1,10
GCTCGCTCATGTCCAA-1_V13B23-285_D1,11
GCTCGGAATTTAAAGC-1_V13B23-285_D1,13
GCTCTAAACCCTGACG-1_V13B23-285_D1,5
GCTCTATGTTACGTGC-1_V13B23-285_D1,10
GCTCTCGGGTACCGAA-1_V13B23-285_D1,5
GCTGAACTCTCCAGGG-1_V13B23-285_D1,11
GCTGAATCTTCCAATC-1_V13B23-285_D1,16
GCTGAGGCGTGAGTAT-1_V13B23-285_D1,10
GCTGCACGGTTTCTTA-1_V13B23-285_D1,11
GCTGCTAAGTAGTCGA-1_V13B23-285_D1,10
GCTGCTACTGCGTAGC-1_V13B23-285_D1,11
GCTGCTCTCCGGACAC-1_V13B23-285_D1,10
GCTGGACCCAAAGTGG-1_V13B23-285_D1,12
GCTGGCATATTCACCT-1_V13B23-285_D1,10
GCTGGCGGCGCATGCT-1_V13B23-285_D1,10
GCTGGTTTAGGCCATA-1_V13B23-285_D1,16
GCTGTATTACTGGCCC-1_V13B23-285_D1,10
GCTGTTGCTACCGAAC-1_V13B23-285_D1,11
GCTTAATGTAACTAAC-1_V13B23-285_D1,11
GCTTACGTAGTTAGTA-1_V13B23-285_D1,1
GCTTATGAAGCAGGAA-1_V13B23-285_D1,1
GCTTCCGTCCCTAGAC-1_V13B23-285_D1,1
GCTTGATGATAATCAG-1_V13B23-285_D1,10
GCTTGCAGCACAATTG-1_V13B23-285_D1,2
GCTTGGATCGATTAGG-1_V13B23-285_D1,3
GCTTTCAGAGGAGGTG-1_V13B23-285_D1,1
GGAAACCTTGTTGAAT-1_V13B23-285_D1,17
GGAAACTAAATGGGCC-1_V13B23-285_D1,11
GGAAAGTGCCCATGCC-1_V13B23-285_D1,4
GGAACCGTGTAAATTG-1_V13B23-285_D1,10
GGAACCTTGACTCTGC-1_V13B23-285_D1,16
GGAACGGCCTGCAGCC-1_V13B23-285_D1,8
GGAACTTTGGCGATTA-1_V13B23-285_D1,11
GGAAGCTCGCTTACAG-1_V13B23-285_D1,9
GGAATGCGCTAGCGTG-1_V13B23-285_D1,3
GGACACAAGTTTACAC-1_V13B23-285_D1,11
GGACCAACAGGATAAC-1_V13B23-285_D1,11
GGACCTACGGTAACGT-1_V13B23-285_D1,3
GGACCTCTAGGCCGCC-1_V13B23-285_D1,10
GGACGGGCGACCAACC-1_V13B23-285_D1,11
GGACGTCCATAGTTGG-1_V13B23-285_D1,2
GGACTCACAAATTAGG-1_V13B23-285_D1,11
GGACTCGAAGCTTTCA-1_V13B23-285_D1,11
GGACTCTTCCGGTTGA-1_V13B23-285_D1,11
GGAGAAGTCATTGGCA-1_V13B23-285_D1,10
GGAGACCAATGTGCTT-1_V13B23-285_D1,2
GGAGACGACACCTTTG-1_V13B23-285_D1,11
GGAGCAACATTTCAAG-1_V13B23-285_D1,11
GGAGCACCAAGAACTA-1_V13B23-285_D1,3
GGAGGCCGAAGTCGTC-1_V13B23-285_D1,11
GGAGGGCTTGGTTGGC-1_V13B23-285_D1,19
GGAGGGTCAAGTAAGA-1_V13B23-285_D1,11
GGAGTGCCGCCCTGGA-1_V13B23-285_D1,5
GGATCATCCCGTACGC-1_V13B23-285_D1,3
GGATCCGGAATATACT-1_V13B23-285_D1,16
GGATCTTGACTCAACC-1_V13B23-285_D1,17
GGATGAAGATCGCTGA-1_V13B23-285_D1,11
GGATGACGCGAGTTTA-1_V13B23-285_D1,10
GGATGCTGGCGTTCCT-1_V13B23-285_D1,1
GGATGTCCTTACCGCA-1_V13B23-285_D1,1
GGATTCAGTACGGTGG-1_V13B23-285_D1,5
GGATTCCGCTATACCC-1_V13B23-285_D1,13
GGATTGCTGTGACTCC-1_V13B23-285_D1,11
GGATTTCACTTCTATA-1_V13B23-285_D1,3
GGCAAAGGCGCCAATA-1_V13B23-285_D1,10
GGCAAATTACTTTACT-1_V13B23-285_D1,10
GGCAAGCCAGGGATAG-1_V13B23-285_D1,14
GGCAAGGCGAAATAGC-1_V13B23-285_D1,11
GGCAATAGTCAATGAG-1_V13B23-285_D1,10
GGCACTCAGCCGACCC-1_V13B23-285_D1,11
GGCACTCCACTGGGCA-1_V13B23-285_D1,10
GGCAGCAAACCTATGC-1_V13B23-285_D1,11
GGCAGCGGTAATCCTA-1_V13B23-285_D1,3
GGCATACAGGTAGCGG-1_V13B23-285_D1,17
GGCATATCGGTTCTGC-1_V13B23-285_D1,13
GGCCCGGAGCATGTCT-1_V13B23-285_D1,4
GGCCCGTATACCATGC-1_V13B23-285_D1,17
GGCCCTCACCCACTTA-1_V13B23-285_D1,17
GGCCGGCGTCTGCTAT-1_V13B23-285_D1,11
GGCCGTTTGGGTTTCA-1_V13B23-285_D1,15
GGCCTGCTTCTCCCGA-1_V13B23-285_D1,11
GGCGAAATCTAACTTG-1_V13B23-285_D1,11
GGCGCAGGACATCTTC-1_V13B23-285_D1,5
GGCGCATGAATTGATG-1_V13B23-285_D1,10
GGCGCGGAGATCTTTC-1_V13B23-285_D1,11
GGCGCGTTCGAGTTTA-1_V13B23-285_D1,10
GGCGCTCCTCATCAAT-1_V13B23-285_D1,5
GGCGGAGTAATATTAG-1_V13B23-285_D1,10
GGCGGGCTCTAAGAGT-1_V13B23-285_D1,11
GGCGGTAGGATCATTG-1_V13B23-285_D1,7
GGCGTAGGGAAAGCTG-1_V13B23-285_D1,11
GGCGTCCTATCCGCTG-1_V13B23-285_D1,10
GGCTAAAGGGCGGGTC-1_V13B23-285_D1,3
GGCTATTAAGTTGTAT-1_V13B23-285_D1,10
GGCTCCTCCACCTGTT-1_V13B23-285_D1,17
GGCTCGCGTTGAGGTA-1_V13B23-285_D1,1
GGCTCGTGCCACCAGC-1_V13B23-285_D1,5
GGCTCTGCTCCAACGC-1_V13B23-285_D1,1
GGCTGAAATAGCAAAG-1_V13B23-285_D1,11
GGCTGGCTAGCTTAAA-1_V13B23-285_D1,5
GGCTTTCAATAAGGGT-1_V13B23-285_D1,8
GGGAAGACGGTCTGTC-1_V13B23-285_D1,11
GGGAAGGGCTTTCTCA-1_V13B23-285_D1,11
GGGAATGAGCCCTCAC-1_V13B23-285_D1,2
GGGACAGAGTTACTCC-1_V13B23-285_D1,15
GGGACCCGTATATCTT-1_V13B23-285_D1,10
GGGACTGCATAGATAG-1_V13B23-285_D1,10
GGGAGAACTCACAGTA-1_V13B23-285_D1,16
GGGAGGATGCCCGAAA-1_V13B23-285_D1,10
GGGAGTTAATGAGGCG-1_V13B23-285_D1,7
GGGATCCCAATACAAA-1_V13B23-285_D1,14
GGGATGGTCGTAACCG-1_V13B23-285_D1,10
GGGATTTACCGCACCT-1_V13B23-285_D1,11
GGGCAACCGCACGTGC-1_V13B23-285_D1,8
GGGCAGAGCAATCGTT-1_V13B23-285_D1,17
GGGCCCGTCTTAAACA-1_V13B23-285_D1,10
GGGCCCTACGAAAGGG-1_V13B23-285_D1,3
GGGCCGGCCGAAGTAC-1_V13B23-285_D1,7
GGGCGATATGTGTGAA-1_V13B23-285_D1,12
GGGCGCAGCGTTACTC-1_V13B23-285_D1,15
GGGCGGCAAATGAATT-1_V13B23-285_D1,10
GGGCGGGTTCCCTACG-1_V13B23-285_D1,7
GGGCGGTCCTATTGTC-1_V13B23-285_D1,5
GGGCGTACATTTATAT-1_V13B23-285_D1,5
GGGCGTCACCACGTAA-1_V13B23-285_D1,10
GGGCGTCCACTGGCTC-1_V13B23-285_D1,13
GGGCGTGGTTTCCCAG-1_V13B23-285_D1,11
GGGCTATGATCGATGG-1_V13B23-285_D1,10
GGGCTCATCGAACCCA-1_V13B23-285_D1,16
GGGCTGGTTAGTCGCG-1_V13B23-285_D1,5
GGGTAATGCTGTGTTT-1_V13B23-285_D1,18
GGGTACCCACGGTCCT-1_V13B23-285_D1,5
GGGTACTTCATGAACT-1_V13B23-285_D1,4
GGGTATGTATGCACTT-1_V13B23-285_D1,10
GGGTATTCTAGCAAAC-1_V13B23-285_D1,16
GGGTCACCGTGACGGT-1_V13B23-285_D1,10
GGGTCGTGGCAAGTGT-1_V13B23-285_D1,2
GGGTCTATCGCTTTCC-1_V13B23-285_D1,11
GGGTGACACCTTAACT-1_V13B23-285_D1,10
GGGTGCATATGAAAGC-1_V13B23-285_D1,3
GGGTGTTTCAGCTATG-1_V13B23-285_D1,13
GGGTTAACATTTGAGT-1_V13B23-285_D1,10
GGGTTCAGACGAACAA-1_V13B23-285_D1,12
GGGTTTAGGATAGGAT-1_V13B23-285_D1,11
GGTAAACTCTGCGCTG-1_V13B23-285_D1,11
GGTAAATGTGCGTTAC-1_V13B23-285_D1,9
GGTAACCGGGAGGATA-1_V13B23-285_D1,7
GGTAACTATGTATCTG-1_V13B23-285_D1,9
GGTACAAACATGCTAT-1_V13B23-285_D1,10
GGTACACCAGATTTAT-1_V13B23-285_D1,3
GGTACATCTGGGACGA-1_V13B23-285_D1,3
GGTACCATTAAGACGG-1_V13B23-285_D1,3
GGTACGTTGCGGCCGG-1_V13B23-285_D1,11
GGTACTAAGTGCTTTG-1_V13B23-285_D1,11
GGTAGAAGACCGCCTG-1_V13B23-285_D1,11
GGTAGACCGTTGGGCG-1_V13B23-285_D1,10
GGTAGTGCTCGCACCA-1_V13B23-285_D1,2
GGTATAGTGACACATA-1_V13B23-285_D1,19
GGTATTGCCGAGTTTA-1_V13B23-285_D1,10
GGTCAAGACTACTTCG-1_V13B23-285_D1,11
GGTCAGTGGGTCCCAC-1_V13B23-285_D1,10
GGTCGGATAAACGGCG-1_V13B23-285_D1,12
GGTCGGCCAGGAGCTT-1_V13B23-285_D1,3
GGTCGGTAATTAGACA-1_V13B23-285_D1,5
GGTCGGTCGTCCACAG-1_V13B23-285_D1,10
GGTCGTAAGCTCGCAC-1_V13B23-285_D1,10
GGTCTCCAAGTAGTGC-1_V13B23-285_D1,11
GGTCTCCGTCCAGGTT-1_V13B23-285_D1,11
GGTCTCTGAATGGACT-1_V13B23-285_D1,16
GGTCTGAGAATCTGGA-1_V13B23-285_D1,3
GGTGAAGTACAGGGAT-1_V13B23-285_D1,3
GGTGACTGATAGAGAG-1_V13B23-285_D1,11
GGTGAGATGCAGATAA-1_V13B23-285_D1,5
GGTGATAAGGAGCAGT-1_V13B23-285_D1,11
GGTGCAGAGCCTATCG-1_V13B23-285_D1,12
GGTGCGGATAAGTGGC-1_V13B23-285_D1,5
GGTGCTGATCACAAAG-1_V13B23-285_D1,7
GGTGCTGGTACACATT-1_V13B23-285_D1,17
GGTGGACTGCTCTGGC-1_V13B23-285_D1,11
GGTGGAGGTTGATACG-1_V13B23-285_D1,11
GGTGTTGGGCGTCTTA-1_V13B23-285_D1,11
GGTTACCACCCTCGGG-1_V13B23-285_D1,15
GGTTACCCGACACTTT-1_V13B23-285_D1,1
GGTTAGCTATATGTCT-1_V13B23-285_D1,11
GGTTAGGCTTGGAGAA-1_V13B23-285_D1,10
GGTTAGTTACGGCGCC-1_V13B23-285_D1,7
GGTTCTACTCGTCTGA-1_V13B23-285_D1,11
GGTTTAATTGAGCAGG-1_V13B23-285_D1,3
GGTTTACAATCTCAAT-1_V13B23-285_D1,5
GGTTTAGCCTTTCTTG-1_V13B23-285_D1,11
GGTTTCAATCGGTCAG-1_V13B23-285_D1,2
GGTTTGACAAGAAGCT-1_V13B23-285_D1,2
GGTTTGAGTGCTGGAA-1_V13B23-285_D1,9
GGTTTGCGAACACGTA-1_V13B23-285_D1,14
GGTTTGTGACCTGAGG-1_V13B23-285_D1,11
GTAACATCTAAGATAA-1_V13B23-285_D1,11
GTAACTTGCGGCAGTC-1_V13B23-285_D1,9
GTAAGCGGGCAGTCAG-1_V13B23-285_D1,5
GTAAGGATTTGTCGGA-1_V13B23-285_D1,9
GTAAGTAACAGTCTGG-1_V13B23-285_D1,11
GTAAGTAGGGTATACC-1_V13B23-285_D1,10
GTAAGTCCACACTCTA-1_V13B23-285_D1,11
GTAATAAAGGGCTCCC-1_V13B23-285_D1,19
GTAATCTGATTCTTCG-1_V13B23-285_D1,10
GTACACTTACCTGAAG-1_V13B23-285_D1,6
GTACAGAGGCAAGGGT-1_V13B23-285_D1,11
GTACGACGGCGCTGCG-1_V13B23-285_D1,5
GTACGAGATTGCGACA-1_V13B23-285_D1,5
GTACGCTTCATTGCAC-1_V13B23-285_D1,11
GTACGTCACGTATTAA-1_V13B23-285_D1,9
GTACGTTTGCCCGTCA-1_V13B23-285_D1,11
GTACTAAGATTTGGAG-1_V13B23-285_D1,5
GTACTCCTGGGTATGC-1_V13B23-285_D1,17
GTACTGAGGTCGTAAC-1_V13B23-285_D1,9
GTACTGCATGAAGCGT-1_V13B23-285_D1,4
GTACTGGAGTTAGACC-1_V13B23-285_D1,3
GTACTTGGGCACTTCT-1_V13B23-285_D1,5
GTAGAAACGGGTGGAG-1_V13B23-285_D1,15
GTAGACACGCCTGACT-1_V13B23-285_D1,10
GTAGACGTCGTTACAT-1_V13B23-285_D1,5
GTAGAGGGAGACAAGT-1_V13B23-285_D1,1
GTAGCCAAACATGGGA-1_V13B23-285_D1,11
GTAGCGGCTATACACT-1_V13B23-285_D1,11
GTAGCTTCCTCTTGTT-1_V13B23-285_D1,3
GTAGGTGATCCGTGTA-1_V13B23-285_D1,13
GTAGTCGCGGGAATCA-1_V13B23-285_D1,11
GTAGTCTACGATATTG-1_V13B23-285_D1,11
GTATAGGACTCAGTAG-1_V13B23-285_D1,5
GTATATGTTACGGCGG-1_V13B23-285_D1,7
GTATCAAACGTTAGCT-1_V13B23-285_D1,11
GTATCAGCTTGGGTTC-1_V13B23-285_D1,5
GTATCCTTTGGTAACC-1_V13B23-285_D1,11
GTATCTCAGTCTTGAC-1_V13B23-285_D1,16
GTATCTTTCATAACCA-1_V13B23-285_D1,12
GTATGAAATTTCACTC-1_V13B23-285_D1,4
GTATGTGGGTCTAGTT-1_V13B23-285_D1,11
GTATTAAGGCGTCTAA-1_V13B23-285_D1,5
GTATTCTGAGAAACGA-1_V13B23-285_D1,10
GTATTCTTACCGTGCT-1_V13B23-285_D1,5
GTATTTAATGGCATAA-1_V13B23-285_D1,11
GTCAAAGAAGTGGTGT-1_V13B23-285_D1,15
GTCAAAGTTTACATAG-1_V13B23-285_D1,5
GTCAACCAGGCCTATA-1_V13B23-285_D1,11
GTCAAGCGGACTCGGG-1_V13B23-285_D1,11
GTCAATGCTATAATTT-1_V13B23-285_D1,3
GTCACAAAGTTTCCAA-1_V13B23-285_D1,9
GTCACTCTCCAAATCT-1_V13B23-285_D1,4
GTCAGAATAGTCTATG-1_V13B23-285_D1,10
GTCAGTTGTGCTCGTT-1_V13B23-285_D1,9
GTCATGCACCTCCGTT-1_V13B23-285_D1,7
GTCATGCGCGAGGGCT-1_V13B23-285_D1,11
GTCATGGACATGACTA-1_V13B23-285_D1,5
GTCATTAGAGCGAACG-1_V13B23-285_D1,6
GTCATTGCATTGACCC-1_V13B23-285_D1,10
GTCCACGTCGCATTCG-1_V13B23-285_D1,11
GTCCATTACTGCTACG-1_V13B23-285_D1,11
GTCCCAACGTAAAGTA-1_V13B23-285_D1,2
GTCCCGCGACGTTATG-1_V13B23-285_D1,11
GTCCGGACCTGAAATT-1_V13B23-285_D1,11
GTCCGGCTGAATTGCG-1_V13B23-285_D1,5
GTCCTACAGGCGGCTC-1_V13B23-285_D1,17
GTCCTACGAATAGTCT-1_V13B23-285_D1,11
GTCCTTCTAGTGGGTT-1_V13B23-285_D1,9
GTCGATAGGTGACTTT-1_V13B23-285_D1,11
GTCGCCGTTGTGTGTT-1_V13B23-285_D1,16
GTCGCGTAACCCGTTG-1_V13B23-285_D1,11
GTCGGAAGGATACCAG-1_V13B23-285_D1,2
GTCGGATATCTCAGAC-1_V13B23-285_D1,10
GTCGGATGTAGCGCGC-1_V13B23-285_D1,13
GTCGGGAAGCAGAAAC-1_V13B23-285_D1,10
GTCGTACCATCTCGGG-1_V13B23-285_D1,10
GTCGTATTGGCGTACA-1_V13B23-285_D1,3
GTCGTCAATTATAAGG-1_V13B23-285_D1,9
GTCGTCTGGTTGGCTA-1_V13B23-285_D1,3
GTCGTGTCTGGTCATC-1_V13B23-285_D1,3
GTCGTTATTCGCTTAT-1_V13B23-285_D1,11
GTCTAGTGAGCCGCTT-1_V13B23-285_D1,11
GTCTATCTGAGTTTCT-1_V13B23-285_D1,7
GTCTATTGCATGCTCG-1_V13B23-285_D1,11
GTCTATTGGTTCCGGT-1_V13B23-285_D1,11
GTCTCAAGGCCCGGCT-1_V13B23-285_D1,10
GTCTCGACTAAGTTTG-1_V13B23-285_D1,19
GTCTCGATCTGCTTTC-1_V13B23-285_D1,13
GTCTGGGCGGTCGAGA-1_V13B23-285_D1,16
GTCTTAGTACAGCCGG-1_V13B23-285_D1,6
GTCTTGAGGAGCAGTG-1_V13B23-285_D1,16
GTCTTGTAGCTATTCA-1_V13B23-285_D1,11
GTGAAACGGCGCCACC-1_V13B23-285_D1,16
GTGAACTCCCATTCGA-1_V13B23-285_D1,16
GTGAAGATTTCAAGTG-1_V13B23-285_D1,3
GTGAAGCCGTATAGTC-1_V13B23-285_D1,3
GTGACAGCTTCCCACT-1_V13B23-285_D1,11
GTGACCGCACACTACG-1_V13B23-285_D1,11
GTGACCTAAAGAATAA-1_V13B23-285_D1,15
GTGACGAGGGTGACCC-1_V13B23-285_D1,19
GTGACTTCAGTAGTGC-1_V13B23-285_D1,10
GTGAGCGTGCTGCACT-1_V13B23-285_D1,15
GTGAGGACACTTAAGG-1_V13B23-285_D1,11
GTGAGGAGCGGTTGAG-1_V13B23-285_D1,13
GTGAGTGGTACAACGC-1_V13B23-285_D1,10
GTGATCACTAACGCCT-1_V13B23-285_D1,11
GTGATCATAGATCTGC-1_V13B23-285_D1,10
GTGATCCTTGTCATGA-1_V13B23-285_D1,11
GTGATGCACAACATCT-1_V13B23-285_D1,3
GTGATTCGCCGCTCAA-1_V13B23-285_D1,10
GTGCAACAAATGTGGC-1_V13B23-285_D1,13
GTGCACGAAAGTGACT-1_V13B23-285_D1,13
GTGCAGCGTAGAGTAG-1_V13B23-285_D1,11
GTGCCATCACACGGTG-1_V13B23-285_D1,19
GTGCCCGTTCGGATTC-1_V13B23-285_D1,11
GTGCCGCTTCAAAGGT-1_V13B23-285_D1,1
GTGCCTCAGTGTACGG-1_V13B23-285_D1,3
GTGCGAAATCGAACAC-1_V13B23-285_D1,7
GTGCGACAGGGAGTGT-1_V13B23-285_D1,15
GTGCGGGTCTCCAAAT-1_V13B23-285_D1,5
GTGCGTGTATATGAGC-1_V13B23-285_D1,11
GTGCTCAAGTACTGTC-1_V13B23-285_D1,10
GTGCTTACATCAGCGC-1_V13B23-285_D1,11
GTGGAACCTACATGCG-1_V13B23-285_D1,13
GTGGACCAACCCGATT-1_V13B23-285_D1,16
GTGGACGCATTTGTCC-1_V13B23-285_D1,10
GTGGACGTGCTGAGAC-1_V13B23-285_D1,5
GTGGAGCATGTCGGCC-1_V13B23-285_D1,19
GTGGAGCGTTTACCGA-1_V13B23-285_D1,17
GTGGAGTCGGCGGTTG-1_V13B23-285_D1,10
GTGGCAAACAGCGGCA-1_V13B23-285_D1,10
GTGGCGGTCCCAGCGT-1_V13B23-285_D1,3
GTGGGCTTAGACACAC-1_V13B23-285_D1,10
GTGGTATAGTCTGCCG-1_V13B23-285_D1,7
GTGGTGATGGTTTGTG-1_V13B23-285_D1,11
GTGGTGGCCAAGTGAA-1_V13B23-285_D1,11
GTGGTTACTTCTTTCG-1_V13B23-285_D1,3
GTGGTTTCCGCCTTTC-1_V13B23-285_D1,19
GTGTACCTTGGCTACG-1_V13B23-285_D1,13
GTGTACGAACCGTTCC-1_V13B23-285_D1,11
GTGTATATCAGCGGGC-1_V13B23-285_D1,11
GTGTCGTATAGCGTTC-1_V13B23-285_D1,11
GTGTGAATAACTTAGG-1_V13B23-285_D1,3
GTGTTACTATGCGTCC-1_V13B23-285_D1,11
GTTAAAGTAGGACTGG-1_V13B23-285_D1,11
GTTAACATCACTTAAA-1_V13B23-285_D1,11
GTTAACTATGTTGTCA-1_V13B23-285_D1,11
GTTAAGGGTGCGATGT-1_V13B23-285_D1,11
GTTAAGTTAGAGTGGG-1_V13B23-285_D1,8
GTTACAATTGGTGACG-1_V13B23-285_D1,10
GTTACCTACAACTTGC-1_V13B23-285_D1,11
GTTACTTTGGGCCTAG-1_V13B23-285_D1,10
GTTAGCCGTAAATCAA-1_V13B23-285_D1,3
GTTAGGCTACCCGTTT-1_V13B23-285_D1,8
GTTATAATACGGTGAA-1_V13B23-285_D1,11
GTTATATCAGGAGCCA-1_V13B23-285_D1,2
GTTATATTATCTCCCT-1_V13B23-285_D1,10
GTTATTAACGTGGGAG-1_V13B23-285_D1,3
GTTCACAGGAGTCTAG-1_V13B23-285_D1,10
GTTCATCGTTTGGCTG-1_V13B23-285_D1,15
GTTCCAGTCTGACCAT-1_V13B23-285_D1,5
GTTCCCGTAAACATAT-1_V13B23-285_D1,11
GTTCGCCATAAGTGCC-1_V13B23-285_D1,10
GTTCGCTGAGACGTCT-1_V13B23-285_D1,11
GTTCGGAGCACTCAAC-1_V13B23-285_D1,11
GTTCGGATCGGGAACA-1_V13B23-285_D1,11
GTTCGGGCGTACCATT-1_V13B23-285_D1,3
GTTCGTCTAAAGAACT-1_V13B23-285_D1,11
GTTCGTCTGGGTCCCT-1_V13B23-285_D1,1
GTTCTTCCCTCGATGT-1_V13B23-285_D1,5
GTTGAACCGGTTCCAT-1_V13B23-285_D1,15
GTTGAGTCCCGCCGGT-1_V13B23-285_D1,11
GTTGCACGGAGTTTCG-1_V13B23-285_D1,10
GTTGCAGTCGACAACA-1_V13B23-285_D1,11
GTTGCGCTAACATTAC-1_V13B23-285_D1,11
GTTGCGGACGGTCAGG-1_V13B23-285_D1,11
GTTGGACCGCATCAGG-1_V13B23-285_D1,2
GTTGGATTCAGTGGCT-1_V13B23-285_D1,3
GTTGGATTGAGAACAC-1_V13B23-285_D1,3
GTTGGATTTGCGTTGG-1_V13B23-285_D1,10
GTTGGTCATGCTATCC-1_V13B23-285_D1,10
GTTGTCGTGTTAGTTG-1_V13B23-285_D1,5
GTTGTTGCAAGATGGC-1_V13B23-285_D1,11
GTTTACGTTCCATCTG-1_V13B23-285_D1,5
GTTTCAAACGAGTTGT-1_V13B23-285_D1,11
GTTTCATATCGTCGCT-1_V13B23-285_D1,3
GTTTCCTGGAGGGTGA-1_V13B23-285_D1,17
GTTTCTGCAGTCTCCC-1_V13B23-285_D1,11
GTTTGACCAAATCCTA-1_V13B23-285_D1,17
GTTTGGCCCAAGTTAT-1_V13B23-285_D1,11
GTTTGGCCGCTCAGCG-1_V13B23-285_D1,4
GTTTGGGCTTGTGAGC-1_V13B23-285_D1,11
GTTTGGGTTTCGCCCG-1_V13B23-285_D1,11
GTTTGGTAGGGTCAAC-1_V13B23-285_D1,10
TAAACCCAGGAGGGCA-1_V13B23-285_D1,10
TAAAGACAACCCTTTA-1_V13B23-285_D1,11
TAAAGCGTTAGGAGAA-1_V13B23-285_D1,12
TAAAGCTGCAATAGGG-1_V13B23-285_D1,3
TAAATCTTTACACCTC-1_V13B23-285_D1,3
TAAATGAATCCGTTTC-1_V13B23-285_D1,10
TAAATGCCGTCTCATG-1_V13B23-285_D1,12
TAAATGGGCTACTGAG-1_V13B23-285_D1,11
TAACAAAGGGAGAAGC-1_V13B23-285_D1,5
TAACAATATTTGTTGC-1_V13B23-285_D1,19
TAACATACAATGTGGG-1_V13B23-285_D1,12
TAACATACACGCGATC-1_V13B23-285_D1,16
TAACCTACCGTCCGAG-1_V13B23-285_D1,17
TAACCTAGGGAGTCCA-1_V13B23-285_D1,11
TAACGCTTTGAGAGCG-1_V13B23-285_D1,10
TAACTATCGAAGGTCC-1_V13B23-285_D1,10
TAACTATTACGCCAAA-1_V13B23-285_D1,3
TAACTCATCCGCGCGG-1_V13B23-285_D1,10
TAACTCCATGGAGGCT-1_V13B23-285_D1,5
TAAGCAGGCGACACGC-1_V13B23-285_D1,12
TAAGCCCTTACGACCA-1_V13B23-285_D1,2
TAAGGAACTTGTGGGA-1_V13B23-285_D1,5
TAAGGCAACATAAGAT-1_V13B23-285_D1,5
TAAGGCATAACATCAA-1_V13B23-285_D1,7
TAAGGCCCGTCACCCT-1_V13B23-285_D1,11
TAAGGCTGAATCCCTC-1_V13B23-285_D1,11
TAAGGGCCTGTCCGAT-1_V13B23-285_D1,11
TAAGGGCTGGGAGAGG-1_V13B23-285_D1,19
TAAGTAACATCTTGAC-1_V13B23-285_D1,7
TAAGTCGCCGAGTATC-1_V13B23-285_D1,10
TAAGTTGCGACGTAGG-1_V13B23-285_D1,11
TAATAAACAAGGAGAT-1_V13B23-285_D1,13
TAATACACAGTAGTAT-1_V13B23-285_D1,5
TAATAGAACAGAGTTA-1_V13B23-285_D1,10
TAATAGCTAAATGATG-1_V13B23-285_D1,3
TAATAGTGACGACCAG-1_V13B23-285_D1,16
TAATATTGAAATTCGC-1_V13B23-285_D1,5
TAATCAACCAAATGGG-1_V13B23-285_D1,11
TAATCGATCCGTACGT-1_V13B23-285_D1,16
TAATGAAAGACCCTTG-1_V13B23-285_D1,10
TAATTACGTCAGTAGA-1_V13B23-285_D1,11
TAATTAGATGGATATG-1_V13B23-285_D1,5
TAATTAGGACATCCGT-1_V13B23-285_D1,11
TAATTCCAATGCTTCA-1_V13B23-285_D1,11
TAATTGGAATCGGGAA-1_V13B23-285_D1,3
TACAACGCACAACTCA-1_V13B23-285_D1,10
TACAAGTCTCGTGCAT-1_V13B23-285_D1,10
TACACCGTCGTTAGTC-1_V13B23-285_D1,2
TACAGAAACGGTGGGC-1_V13B23-285_D1,11
TACATAGGCATACACC-1_V13B23-285_D1,10
TACATGCCGGAATTGT-1_V13B23-285_D1,11
TACATTTCTAACGTGC-1_V13B23-285_D1,10
TACCAAATAGCCCAGA-1_V13B23-285_D1,15
TACCAATAAAGTACCA-1_V13B23-285_D1,11
TACCAGAAGTAGGTTC-1_V13B23-285_D1,10
TACCAGCTAGGTTTAA-1_V13B23-285_D1,13
TACCATGTATTGATTT-1_V13B23-285_D1,11
TACCCTCGGTAACCCT-1_V13B23-285_D1,11
TACCGCGGACTTGCAG-1_V13B23-285_D1,2
TACCGGCTCACTGCCC-1_V13B23-285_D1,5
TACCGGTCGTTTCCAT-1_V13B23-285_D1,19
TACCGTAGGTTAACTA-1_V13B23-285_D1,4
TACCGTGCCTCGGACC-1_V13B23-285_D1,11
TACCTACTCCCAGTAT-1_V13B23-285_D1,10
TACCTCACGCTTGTAC-1_V13B23-285_D1,13
TACCTCAGTTGTCTGT-1_V13B23-285_D1,10
TACCTCTTTACCATCC-1_V13B23-285_D1,11
TACCTGCTGCACTGTG-1_V13B23-285_D1,10
TACCTTAAGATTTCCC-1_V13B23-285_D1,7
TACGAACACGACTTCA-1_V13B23-285_D1,5
TACGACGCTTGCTGCG-1_V13B23-285_D1,10
TACGACTGCCTCTTAG-1_V13B23-285_D1,5
TACGAGAACTTCACGT-1_V13B23-285_D1,10
TACGATGTTGATCATC-1_V13B23-285_D1,10
TACGCAGTTCTTTCCT-1_V13B23-285_D1,10
TACGCCATATTCTAAT-1_V13B23-285_D1,10
TACGCCGAGGGTACCC-1_V13B23-285_D1,10
TACGCCGCCTCAGAAG-1_V13B23-285_D1,11
TACGCCTCCATTCCGA-1_V13B23-285_D1,3
TACGCTATAGAAACCT-1_V13B23-285_D1,3
TACGCTCGGTATTGGA-1_V13B23-285_D1,11
TACGGCATGGACGCTA-1_V13B23-285_D1,11
TACGGGATGCTAGCAG-1_V13B23-285_D1,13
TACGTAAAGCGGAGTG-1_V13B23-285_D1,11
TACGTGCAAGGTTCCT-1_V13B23-285_D1,17
TACGTGCACTATGCTG-1_V13B23-285_D1,5
TACGTTTACCGGCAAT-1_V13B23-285_D1,3
TACTATGGTTCCTCAG-1_V13B23-285_D1,1
TACTCGGCACGCCGGG-1_V13B23-285_D1,3
TACTCTCCGAACAAAT-1_V13B23-285_D1,12
TACTCTTACTTTACTG-1_V13B23-285_D1,11
TACTCTTTCGTCTTCA-1_V13B23-285_D1,10
TACTGAACAGATTTAG-1_V13B23-285_D1,16
TACTGCAATCAATTAC-1_V13B23-285_D1,3
TACTGGACAGCTCGGC-1_V13B23-285_D1,1
TACTTAAACATGTACA-1_V13B23-285_D1,11
TACTTGTTAGTAGTCC-1_V13B23-285_D1,11
TACTTTACTGAGCCGG-1_V13B23-285_D1,3
TACTTTCCGCACGCCA-1_V13B23-285_D1,10
TAGAAAGGTGGCGCTA-1_V13B23-285_D1,3
TAGAAGAAGGGTTACA-1_V13B23-285_D1,11
TAGAATAGCCGATGAA-1_V13B23-285_D1,11
TAGAATTAAGGGCAAC-1_V13B23-285_D1,9
TAGACGAAACGCCAAT-1_V13B23-285_D1,11
TAGACGCCCGTACCGG-1_V13B23-285_D1,3
TAGACTACCTAGCGTT-1_V13B23-285_D1,11
TAGAGATCATGCAACT-1_V13B23-285_D1,17
TAGAGCTACGAAGAAC-1_V13B23-285_D1,13
TAGAGGTTCTACTTGT-1_V13B23-285_D1,11
TAGAGTCTAAGCGAAC-1_V13B23-285_D1,5
TAGATATGGACTGGAA-1_V13B23-285_D1,10
TAGATCCGAAGTCGCA-1_V13B23-285_D1,9
TAGATGGTTCCTTACT-1_V13B23-285_D1,11
TAGATTCCTGGTTATT-1_V13B23-285_D1,10
TAGCAACCTGTCACAA-1_V13B23-285_D1,10
TAGCAGTATGACTAAA-1_V13B23-285_D1,11
TAGCCATTTCAAAGTC-1_V13B23-285_D1,11
TAGCCGGCGGTCAGCG-1_V13B23-285_D1,3
TAGCGTCCCTCGATTG-1_V13B23-285_D1,11
TAGCGTCCGGTGTGGT-1_V13B23-285_D1,11
TAGCGTTGGGTCTTAC-1_V13B23-285_D1,11
TAGCTAAGTCCGGGAG-1_V13B23-285_D1,5
TAGCTAGAAGGCATGA-1_V13B23-285_D1,10
TAGCTAGTGATGATGG-1_V13B23-285_D1,7
TAGCTCGCCTGATAAC-1_V13B23-285_D1,10
TAGGCATGTTACGCCA-1_V13B23-285_D1,1
TAGGCCTATATAGTCT-1_V13B23-285_D1,11
TAGGCTAAAGTGGCAC-1_V13B23-285_D1,11
TAGGGAGCTTGGGATG-1_V13B23-285_D1,15
TAGGGTGTTTCAAGAG-1_V13B23-285_D1,5
TAGGTCCAAGTAAGGA-1_V13B23-285_D1,10
TAGGTCGCCGGAACTG-1_V13B23-285_D1,3
TAGGTGACGATAACCT-1_V13B23-285_D1,11
TAGGTGAGCCCTACTC-1_V13B23-285_D1,10
TAGGTGCTCGCCTAGC-1_V13B23-285_D1,11
TAGGTGTTCCACAGAT-1_V13B23-285_D1,1
TAGGTTCGAGTTCGTC-1_V13B23-285_D1,5
TAGTACCTTAGTGGTC-1_V13B23-285_D1,10
TAGTAGCTTATACCAG-1_V13B23-285_D1,16
TAGTCCGCAGAGAATG-1_V13B23-285_D1,10
TAGTCGATCACGGGTT-1_V13B23-285_D1,11
TAGTCTAACAACGAGA-1_V13B23-285_D1,3
TAGTCTGTGACGTTGC-1_V13B23-285_D1,3
TAGTGCCCTCCAGAGT-1_V13B23-285_D1,10
TAGTGTCAGAAACGGC-1_V13B23-285_D1,10
TAGTTAAGATAGGATA-1_V13B23-285_D1,13
TAGTTTATTCTTGCTT-1_V13B23-285_D1,6
TATAAATCCACAAGCT-1_V13B23-285_D1,5
TATAAGTGAGGATAGC-1_V13B23-285_D1,5
TATACACAGACGCCTT-1_V13B23-285_D1,10
TATACACGCAAAGTAT-1_V13B23-285_D1,5
TATACCGAGTGCCACA-1_V13B23-285_D1,11
TATACGCGTCATCACT-1_V13B23-285_D1,10
TATACTCATGCGGCAA-1_V13B23-285_D1,10
TATAGATGGTCGCAGT-1_V13B23-285_D1,11
TATAGGGTACTCATGA-1_V13B23-285_D1,3
TATATATCGAGAAATG-1_V13B23-285_D1,10
TATATCCCTGGGAGGA-1_V13B23-285_D1,1
TATATTACAAATGTCG-1_V13B23-285_D1,15
TATATTCGCGTCGATA-1_V13B23-285_D1,9
TATCACCATGTAAAGT-1_V13B23-285_D1,9
TATCACCCAACCGACC-1_V13B23-285_D1,16
TATCACTTCGAGTAAC-1_V13B23-285_D1,3
TATCCAATTGGTTATC-1_V13B23-285_D1,11
TATCCATATCATGCGA-1_V13B23-285_D1,18
TATCCGCACCGTCGGG-1_V13B23-285_D1,10
TATCCTGCATGGGAAT-1_V13B23-285_D1,13
TATCGATCTATGCATA-1_V13B23-285_D1,4
TATCGATGATTAAACG-1_V13B23-285_D1,5
TATCTACAGAGGTAAT-1_V13B23-285_D1,10
TATCTACCACAGCGGG-1_V13B23-285_D1,10
TATCTTGCAATACAAC-1_V13B23-285_D1,3
TATGAAGACAGGTGCG-1_V13B23-285_D1,10
TATGATCCGGCACGCC-1_V13B23-285_D1,3
TATGATCTTCTCTTTA-1_V13B23-285_D1,11
TATGCTCCCTACTTAC-1_V13B23-285_D1,5
TATGGATGTGCTACGC-1_V13B23-285_D1,5
TATGGCCCGGCCTCGC-1_V13B23-285_D1,10
TATGGCTAGGCTAATT-1_V13B23-285_D1,1
TATGGGACCGAGCAGG-1_V13B23-285_D1,10
TATGGGTACGTATCGT-1_V13B23-285_D1,10
TATGGTCTGAGTAACA-1_V13B23-285_D1,10
TATGGTTAGTGGGAGA-1_V13B23-285_D1,11
TATGTCAAGACCGACT-1_V13B23-285_D1,16
TATGTCTCATTGTGCC-1_V13B23-285_D1,3
TATTAACCTGACCGCG-1_V13B23-285_D1,15
TATTACCATCCTGCTT-1_V13B23-285_D1,11
TATTATGTTTGCCTGC-1_V13B23-285_D1,19
TATTCAATTCTAATCC-1_V13B23-285_D1,2
TATTCCACTCAGCTCG-1_V13B23-285_D1,10
TATTCCGAGCTGTTAT-1_V13B23-285_D1,11
TATTCCTCCGCCCACT-1_V13B23-285_D1,15
TATTCGTGCCAGAATA-1_V13B23-285_D1,10
TATTGACATTTCTGCC-1_V13B23-285_D1,1
TATTGCCGGGCTTGTA-1_V13B23-285_D1,11
TATTTAGTCTAGATCG-1_V13B23-285_D1,5
TATTTATACCGAGTAG-1_V13B23-285_D1,13
TATTTGATTTGCACAG-1_V13B23-285_D1,11
TATTTGTTACCCTTTA-1_V13B23-285_D1,10
TCAAACAACCGCGTCG-1_V13B23-285_D1,5
TCAAACTTAGATTGTT-1_V13B23-285_D1,10
TCAAATTTGAGACTCA-1_V13B23-285_D1,11
TCAACAAAGATAATTC-1_V13B23-285_D1,7
TCAACACATTGGGTAA-1_V13B23-285_D1,5
TCAACATAGCGCCCTA-1_V13B23-285_D1,16
TCAACATCGACCGAGA-1_V13B23-285_D1,8
TCAACCATGTTCGGGC-1_V13B23-285_D1,10
TCAACGAGGAGACAAA-1_V13B23-285_D1,4
TCAACGCAGGAAATAA-1_V13B23-285_D1,10
TCAACGCGACCGGCAG-1_V13B23-285_D1,3
TCAACTAACGTATAAC-1_V13B23-285_D1,10
TCAACTGCAGAGTCAG-1_V13B23-285_D1,11
TCAAGAAATACTAGCT-1_V13B23-285_D1,17
TCAAGCGCGGACGGTA-1_V13B23-285_D1,11
TCAAGCTGCCTTGAAA-1_V13B23-285_D1,1
TCAAGGTTACTACACC-1_V13B23-285_D1,11
TCAATACGCCGTCATG-1_V13B23-285_D1,18
TCACAAACCGAGGTAC-1_V13B23-285_D1,11
TCACAGCAAACTCGAA-1_V13B23-285_D1,10
TCACAGGAGAATAAGA-1_V13B23-285_D1,17
TCACAGGGAATCGCAA-1_V13B23-285_D1,11
TCACAGGTTATTGGGC-1_V13B23-285_D1,10
TCACATCTTATCTGAT-1_V13B23-285_D1,10
TCACCCTCTTAAGATT-1_V13B23-285_D1,10
TCACCGCTCGGCACTC-1_V13B23-285_D1,17
TCACGATGTCCGTGGA-1_V13B23-285_D1,10
TCACGCATTGTAGATC-1_V13B23-285_D1,10
TCACGGTCATCGCACA-1_V13B23-285_D1,7
TCACGTGCCCGATTCA-1_V13B23-285_D1,10
TCACTACGACCAATGC-1_V13B23-285_D1,3
TCACTCGTGCAACGGC-1_V13B23-285_D1,13
TCAGAACCTCCACAGG-1_V13B23-285_D1,3
TCAGACGCTATAGAAG-1_V13B23-285_D1,11
TCAGAGTGTGAGCATG-1_V13B23-285_D1,11
TCAGCAAATGCATCTC-1_V13B23-285_D1,1
TCAGCAGTAGGCCCTG-1_V13B23-285_D1,10
TCAGCCAATCCGTAAA-1_V13B23-285_D1,11
TCAGGGCGCAAACTCG-1_V13B23-285_D1,15
TCAGGGTGTAACGTAA-1_V13B23-285_D1,19
TCAGGTTCTTTGAGAA-1_V13B23-285_D1,10
TCAGTACTGACCCGCG-1_V13B23-285_D1,10
TCAGTAGGGACTATAA-1_V13B23-285_D1,10
TCAGTGTATACGTCAT-1_V13B23-285_D1,7
TCATAAGTCCAAGAAG-1_V13B23-285_D1,11
TCATACTTACAGATCC-1_V13B23-285_D1,5
TCATATGAGCTTTGTT-1_V13B23-285_D1,16
TCATCACTCGAGCTCG-1_V13B23-285_D1,5
TCATCCCAGAGGGTGG-1_V13B23-285_D1,6
TCATCGATGGTCCCAA-1_V13B23-285_D1,10
TCATGCAGGTTCTCAT-1_V13B23-285_D1,13
TCATTTAAGTCTCCGA-1_V13B23-285_D1,3
TCATTTAGAAGTGTGA-1_V13B23-285_D1,11
TCCAACTTTAAATTCT-1_V13B23-285_D1,1
TCCAATAAAGGCTACC-1_V13B23-285_D1,10
TCCACAATGGTTTACG-1_V13B23-285_D1,7
TCCACCTCTAGCCTTT-1_V13B23-285_D1,10
TCCACTTTATCTAGGT-1_V13B23-285_D1,3
TCCAGAGCACCGGTTC-1_V13B23-285_D1,11
TCCAGATGTACGCCAA-1_V13B23-285_D1,2
TCCAGCGCTATAAGCG-1_V13B23-285_D1,11
TCCAGGCGAGTACGGT-1_V13B23-285_D1,7
TCCAGGGTATATACGA-1_V13B23-285_D1,10
TCCATTCCCACTAGAG-1_V13B23-285_D1,14
TCCATTGTGACCTCGT-1_V13B23-285_D1,9
TCCCAAACAGACAACG-1_V13B23-285_D1,2
TCCCAAAGACGAAGGA-1_V13B23-285_D1,5
TCCCAAAGCCCTAAAT-1_V13B23-285_D1,11
TCCCACTCTCTTCCGG-1_V13B23-285_D1,3
TCCCAGCACACGACAT-1_V13B23-285_D1,11
TCCCAGCTTTAGTCTG-1_V13B23-285_D1,10
TCCCAGGCTTAGCTAA-1_V13B23-285_D1,15
TCCCGCCTATGTGCGT-1_V13B23-285_D1,3
TCCCGCGTACTCCTGG-1_V13B23-285_D1,1
TCCCGGGTGTGCTGCT-1_V13B23-285_D1,10
TCCCGTCAGTCCCGCA-1_V13B23-285_D1,7
TCCCGTCGCGTCATAG-1_V13B23-285_D1,3
TCCCGTGTGCAATTTG-1_V13B23-285_D1,11
TCCCTAGATCAATAGG-1_V13B23-285_D1,3
TCCCTCTTCTCAAGGG-1_V13B23-285_D1,11
TCCCTGGCGTATTAAC-1_V13B23-285_D1,16
TCCCTGGCTCGCTGGA-1_V13B23-285_D1,15
TCCCTTAGATTACTCG-1_V13B23-285_D1,13
TCCCTTGTCTGAAACT-1_V13B23-285_D1,11
TCCGAACGTTGCCGCT-1_V13B23-285_D1,11
TCCGAACTTGGCTTAC-1_V13B23-285_D1,7
TCCGAAGTAGTCACCA-1_V13B23-285_D1,2
TCCGAATGGTCCTGAG-1_V13B23-285_D1,1
TCCGATAATTGCCATA-1_V13B23-285_D1,13
TCCGATGACTGAGCTC-1_V13B23-285_D1,13
TCCGATGGTGCGACAT-1_V13B23-285_D1,5
TCCGATTACATTGCCG-1_V13B23-285_D1,10
TCCGCCTGTCTACAAG-1_V13B23-285_D1,11
TCCGCGGCAGCATCTG-1_V13B23-285_D1,3
TCCGCGGCCCAATGAA-1_V13B23-285_D1,11
TCCGCTGTCATCCCGG-1_V13B23-285_D1,11
TCCGCTTATCCCATTA-1_V13B23-285_D1,10
TCCGGAGGAAGGGCTG-1_V13B23-285_D1,12
TCCGGCCTAGCGTACA-1_V13B23-285_D1,8
TCCGGCTGTCGGGTCG-1_V13B23-285_D1,11
TCCGGGCTTGACGGGA-1_V13B23-285_D1,11
TCCGGTTCGTCCGGTC-1_V13B23-285_D1,10
TCCGTAACCACAATCC-1_V13B23-285_D1,10
TCCGTTAAGCTAATAT-1_V13B23-285_D1,11
TCCGTTTAGCCTTGAA-1_V13B23-285_D1,15
TCCTAAATTGGGAAGC-1_V13B23-285_D1,11
TCCTAACCGTCGGGCA-1_V13B23-285_D1,10
TCCTACATCCACGGCC-1_V13B23-285_D1,11
TCCTAGCAAAGAAGCT-1_V13B23-285_D1,10
TCCTATCATAGGTAAC-1_V13B23-285_D1,11
TCCTCCTAAGACATTC-1_V13B23-285_D1,10
TCCTCGGGCTGGGCTT-1_V13B23-285_D1,11
TCCTCTACGAGATGGC-1_V13B23-285_D1,10
TCCTCTCCAGTTGTCC-1_V13B23-285_D1,2
TCCTCTGGCCCATTAG-1_V13B23-285_D1,9
TCCTGCCAACTGGAGA-1_V13B23-285_D1,13
TCCTGCGTTGATACTC-1_V13B23-285_D1,10
TCCTGGCGCTGCCTGG-1_V13B23-285_D1,12
TCCTTACGACGGTCCG-1_V13B23-285_D1,11
TCCTTCAGTGGTCGAA-1_V13B23-285_D1,13
TCCTTTAAATCCGCTT-1_V13B23-285_D1,11
TCCTTTCTTACGCTTA-1_V13B23-285_D1,16
TCGAAATTTAGGACCA-1_V13B23-285_D1,19
TCGAAGAACCGAGCAC-1_V13B23-285_D1,11
TCGAATATCCCGCAGG-1_V13B23-285_D1,10
TCGACAACTGAACCCG-1_V13B23-285_D1,19
TCGAGACCAACACCGT-1_V13B23-285_D1,10
TCGAGCCAGGCAGGCC-1_V13B23-285_D1,7
TCGAGGGCAACAGACG-1_V13B23-285_D1,11
TCGCAAAGATGCATTT-1_V13B23-285_D1,11
TCGCACCAGGAGGCAG-1_V13B23-285_D1,11
TCGCATAAAGGGCGCA-1_V13B23-285_D1,11
TCGCATCCCTAAGTGT-1_V13B23-285_D1,5
TCGCCGAAGTTGCGTC-1_V13B23-285_D1,7
TCGCCGGTCGATCCGT-1_V13B23-285_D1,5
TCGCGTAGCAGTGTCC-1_V13B23-285_D1,11
TCGCGTCCAGAAGGTC-1_V13B23-285_D1,10
TCGCTAAACCGCTATC-1_V13B23-285_D1,13
TCGCTCGATATATTCC-1_V13B23-285_D1,8
TCGCTCGGCACCAGCG-1_V13B23-285_D1,3
TCGCTGGGCGGATTGT-1_V13B23-285_D1,11
TCGCTGTGCGTAAATC-1_V13B23-285_D1,5
TCGCTTTAAACGTTTG-1_V13B23-285_D1,16
TCGGAATGCGCTCTGA-1_V13B23-285_D1,10
TCGGACGCCCAGCCCA-1_V13B23-285_D1,19
TCGGAGAGTATCGGGA-1_V13B23-285_D1,10
TCGGAGTACATGAGTA-1_V13B23-285_D1,3
TCGGCGAACCCAAACC-1_V13B23-285_D1,11
TCGGCGTACTGCACAA-1_V13B23-285_D1,15
TCGGCTTGTATCGACG-1_V13B23-285_D1,11
TCGGGAACGTGCCTAG-1_V13B23-285_D1,3
TCGGGAGACAGCGTAC-1_V13B23-285_D1,11
TCGGGATTCAAACATA-1_V13B23-285_D1,3
TCGGGCCGTCGTGGTA-1_V13B23-285_D1,11
TCGGGTGAAACTGCTA-1_V13B23-285_D1,9
TCGGTCCCGACAATAG-1_V13B23-285_D1,16
TCGGTCCCTGACTCCA-1_V13B23-285_D1,9
TCGGTGACCGCTCCGG-1_V13B23-285_D1,3
TCGTAAGACGACATTG-1_V13B23-285_D1,8
TCGTAAGCTCCGAGGA-1_V13B23-285_D1,15
TCGTATAGTGCAATTA-1_V13B23-285_D1,9
TCGTATTACCCATTGC-1_V13B23-285_D1,11
TCGTCAAGTACGCGCA-1_V13B23-285_D1,10
TCGTCACACTGTTAGC-1_V13B23-285_D1,7
TCGTCCGCTGGCGTCT-1_V13B23-285_D1,5
TCGTCTTAGGCGTTAA-1_V13B23-285_D1,11
TCGTGTACTATGGATG-1_V13B23-285_D1,17
TCGTGTATTGGTCACG-1_V13B23-285_D1,11
TCGTGTCACGCTGACA-1_V13B23-285_D1,8
TCGTGTTCGACCACAA-1_V13B23-285_D1,11
TCGTTAGGAGTCCCTA-1_V13B23-285_D1,10
TCGTTCGTTATTATGT-1_V13B23-285_D1,9
TCGTTGCTATCCGGTC-1_V13B23-285_D1,10
TCGTTGGCTCGTCAAT-1_V13B23-285_D1,13
TCTAATACTGCCTCAG-1_V13B23-285_D1,15
TCTACCCAATAGAGAG-1_V13B23-285_D1,11
TCTACCGTCCACAAGC-1_V13B23-285_D1,1
TCTAGCAATCTCCGCC-1_V13B23-285_D1,19
TCTAGCATCTTCGATG-1_V13B23-285_D1,10
TCTAGCATGCCCAGAA-1_V13B23-285_D1,11
TCTAGGTGGCGACGCT-1_V13B23-285_D1,19
TCTAGTGATATCGTGG-1_V13B23-285_D1,11
TCTAGTTATCAGAAGA-1_V13B23-285_D1,10
TCTATAGGTGGGTAAT-1_V13B23-285_D1,11
TCTATCATGCAGTTAC-1_V13B23-285_D1,5
TCTATCGGTCGCAACA-1_V13B23-285_D1,12
TCTATGCTATAACGAC-1_V13B23-285_D1,11
TCTATTACGCTGGCGA-1_V13B23-285_D1,5
TCTCATGAGATAGGGT-1_V13B23-285_D1,11
TCTCCAACGTAGGTTA-1_V13B23-285_D1,13
TCTCCACAAGTTGAAT-1_V13B23-285_D1,11
TCTCCCTGGGCAGCGT-1_V13B23-285_D1,11
TCTCGAACGAGGTCAC-1_V13B23-285_D1,12
TCTCGACGTATCGCCG-1_V13B23-285_D1,11
TCTCGAGGAGGTTCGC-1_V13B23-285_D1,11
TCTCGGCTCCAGGACT-1_V13B23-285_D1,5
TCTCTAATAGCTGGTA-1_V13B23-285_D1,5
TCTCTCGCCGCACATA-1_V13B23-285_D1,11
TCTGAACCGGTCGGCT-1_V13B23-285_D1,17
TCTGAACTCGTACCCG-1_V13B23-285_D1,11
TCTGAAGCACGTGGTC-1_V13B23-285_D1,11
TCTGAATTCCGTACAA-1_V13B23-285_D1,19
TCTGACGGGCTAACCC-1_V13B23-285_D1,19
TCTGAGCAATTGACTG-1_V13B23-285_D1,11
TCTGATCGGGTGCTAG-1_V13B23-285_D1,19
TCTGATGTATTCTGTC-1_V13B23-285_D1,11
TCTGATTGGAAATGGA-1_V13B23-285_D1,17
TCTGCACCATTAGTAA-1_V13B23-285_D1,19
TCTGCATACCTTGCTT-1_V13B23-285_D1,11
TCTGCCAGAAACTGCA-1_V13B23-285_D1,11
TCTGCGAATCGTTCGC-1_V13B23-285_D1,14
TCTGCGTCCGGTTTCT-1_V13B23-285_D1,5
TCTGCTTAGAACAAGC-1_V13B23-285_D1,11
TCTGGAGCGTAAGAGT-1_V13B23-285_D1,11
TCTGGCCGTTCAAGTT-1_V13B23-285_D1,1
TCTGGGAACCTTTGAA-1_V13B23-285_D1,11
TCTGGGTAGCGCTCAT-1_V13B23-285_D1,10
TCTGTCATACAAGAGC-1_V13B23-285_D1,9
TCTGTGCCATCATAGT-1_V13B23-285_D1,3
TCTGTTACCCAGCATA-1_V13B23-285_D1,10
TCTTACAGAGGTACCG-1_V13B23-285_D1,5
TCTTACCGGAACTCGT-1_V13B23-285_D1,16
TCTTACGGCATCCGAC-1_V13B23-285_D1,10
TCTTACTTATGCCTCT-1_V13B23-285_D1,11
TCTTAGAGCTCCAATT-1_V13B23-285_D1,11
TCTTAGAGTGAACTCT-1_V13B23-285_D1,11
TCTTCCCATGGGCACA-1_V13B23-285_D1,3
TCTTCGAATAGACGTT-1_V13B23-285_D1,11
TCTTCGATACCAATAA-1_V13B23-285_D1,7
TCTTCGCGGTGAGAGG-1_V13B23-285_D1,11
TCTTCTATAACCCGCC-1_V13B23-285_D1,11
TCTTGATGCGTAGCGA-1_V13B23-285_D1,19
TCTTGGTAACACCAAA-1_V13B23-285_D1,5
TCTTTAAGACTATGAA-1_V13B23-285_D1,3
TCTTTAGAGTCTAACA-1_V13B23-285_D1,11
TCTTTAGCAGGCGAAC-1_V13B23-285_D1,1
TCTTTCCTTCGAGATA-1_V13B23-285_D1,11
TCTTTCTCTTAAGGAG-1_V13B23-285_D1,9
TGAAACTTATGCAAGC-1_V13B23-285_D1,6
TGAAAGGACCTGACTC-1_V13B23-285_D1,7
TGAATATGCTATAAAC-1_V13B23-285_D1,2
TGAATGAGATACAGCA-1_V13B23-285_D1,14
TGAATGTCAGCCGGCC-1_V13B23-285_D1,4
TGACAACGCATGTCGC-1_V13B23-285_D1,11
TGACACTTCTCTTTGC-1_V13B23-285_D1,3
TGACATCGAGCGGACC-1_V13B23-285_D1,3
TGACCCACGTTAGACA-1_V13B23-285_D1,10
TGACGAATATTTCCCT-1_V13B23-285_D1,7
TGACGATGCACTAGAA-1_V13B23-285_D1,11
TGACTATAATCCTTTC-1_V13B23-285_D1,11
TGACTCTAACTGGTAA-1_V13B23-285_D1,11
TGAGAATGCTTTACCG-1_V13B23-285_D1,5
TGAGAGATTTACCACG-1_V13B23-285_D1,11
TGAGATTAGGCCCTAA-1_V13B23-285_D1,12
TGAGCCATACAGTCTC-1_V13B23-285_D1,15
TGAGCGGAAAGTGTTC-1_V13B23-285_D1,10
TGAGCTCAACTGTATA-1_V13B23-285_D1,11
TGAGCTTTAATGACGC-1_V13B23-285_D1,13
TGAGGAGTGCCAGCTT-1_V13B23-285_D1,10
TGAGTAAATTAGCGTA-1_V13B23-285_D1,10
TGAGTGCCTCTTAAAT-1_V13B23-285_D1,10
TGAGTGGTCCGTGACG-1_V13B23-285_D1,16
TGAGTTAAAGACATTC-1_V13B23-285_D1,11
TGATACATTTAGCCGT-1_V13B23-285_D1,16
TGATCAGGGAACTGCT-1_V13B23-285_D1,15
TGATCCCAGCATTAGT-1_V13B23-285_D1,15
TGATCGGTTTGACCCT-1_V13B23-285_D1,5
TGATCTACGCTGATCT-1_V13B23-285_D1,3
TGATCTCCGGCGCCAG-1_V13B23-285_D1,5
TGATGGCTGTTTCTGA-1_V13B23-285_D1,3
TGATGTCAATTAAGTG-1_V13B23-285_D1,11
TGATTATGGCACGCAG-1_V13B23-285_D1,2
TGATTCGTCTATCACT-1_V13B23-285_D1,7
TGATTCTGTCGCCGGT-1_V13B23-285_D1,10
TGATTTATTAGCTGTG-1_V13B23-285_D1,10
TGATTTCCTCCTGACG-1_V13B23-285_D1,5
TGCAACCCATCTGCGG-1_V13B23-285_D1,11
TGCAAGAATGACGTAA-1_V13B23-285_D1,4
TGCAATCTAACACGGT-1_V13B23-285_D1,11
TGCAATTTGGGCACGG-1_V13B23-285_D1,12
TGCACAGTGAAGTTAT-1_V13B23-285_D1,3
TGCAGAACTATATCGT-1_V13B23-285_D1,3
TGCAGAGTACCGAGCA-1_V13B23-285_D1,10
TGCAGATCGTCCTAGG-1_V13B23-285_D1,17
TGCAGCTACGTACTTC-1_V13B23-285_D1,8
TGCAGGATCGGCAAAG-1_V13B23-285_D1,5
TGCAGTGAGGCTCGGG-1_V13B23-285_D1,14
TGCAGTTTCCTCCCAT-1_V13B23-285_D1,11
TGCATATGTCTGTCAC-1_V13B23-285_D1,16
TGCATGGATCGGATCT-1_V13B23-285_D1,13
TGCATGTGGTAATCTA-1_V13B23-285_D1,7
TGCCAAAGTCAGACTT-1_V13B23-285_D1,1
TGCCAATGGGTACTCT-1_V13B23-285_D1,10
TGCCACCTGGCGAAAC-1_V13B23-285_D1,13
TGCCAGTACGTGGAGA-1_V13B23-285_D1,11
TGCCATTACTAAAGAA-1_V13B23-285_D1,5
TGCCCGTACCGTTAAA-1_V13B23-285_D1,11
TGCCGAAAGCGTATTC-1_V13B23-285_D1,17
TGCCGTGGATCGTCCT-1_V13B23-285_D1,10
TGCCTAAATTTAATAG-1_V13B23-285_D1,11
TGCCTAATTGAAGATT-1_V13B23-285_D1,11
TGCCTGACATCGGTCA-1_V13B23-285_D1,5
TGCCTGATCAAACGAT-1_V13B23-285_D1,13
TGCCTTGGCCAGGCAA-1_V13B23-285_D1,11
TGCGACACCCTAGTGC-1_V13B23-285_D1,10
TGCGACGGCCGAACGT-1_V13B23-285_D1,10
TGCGAGAATATTACCC-1_V13B23-285_D1,10
TGCGAGCCCTTCCGCG-1_V13B23-285_D1,13
TGCGCAAAGCATTTGG-1_V13B23-285_D1,19
TGCGCCGTTAATAACG-1_V13B23-285_D1,11
TGCGCGATTAACGGAG-1_V13B23-285_D1,10
TGCGGAGTAAAGGTGC-1_V13B23-285_D1,5
TGCGGCATAGTTCAAC-1_V13B23-285_D1,13
TGCGGTGAAATTTCAT-1_V13B23-285_D1,6
TGCGTAAGAACCTGAT-1_V13B23-285_D1,1
TGCGTACGGCTAATTG-1_V13B23-285_D1,11
TGCGTCATGACTGAGC-1_V13B23-285_D1,10
TGCGTGATTGGGTGTC-1_V13B23-285_D1,15
TGCGTTTGTTGACACT-1_V13B23-285_D1,11
TGCTAAGTGTCTATTT-1_V13B23-285_D1,11
TGCTCCACAGTTCTTA-1_V13B23-285_D1,11
TGCTCGGCGAAACCCA-1_V13B23-285_D1,10
TGCTCTGCCGGTTCAC-1_V13B23-285_D1,1
TGCTCTTGAGAGTTTG-1_V13B23-285_D1,11
TGCTGGTTGGACAATT-1_V13B23-285_D1,5
TGCTGTTGAAGAACTC-1_V13B23-285_D1,11
TGCTTCCCAAGCAGTA-1_V13B23-285_D1,10
TGCTTGAAACCATGCA-1_V13B23-285_D1,5
TGGAACCACTGACACA-1_V13B23-285_D1,1
TGGAAGAAGGGAACGT-1_V13B23-285_D1,3
TGGAAGACGAACACCA-1_V13B23-285_D1,5
TGGAAGGATAAAGATG-1_V13B23-285_D1,5
TGGAATATCCTTGACC-1_V13B23-285_D1,3
TGGAATTAGACGCTTT-1_V13B23-285_D1,10
TGGACCAATCTAAGAT-1_V13B23-285_D1,11
TGGACCACGGCGTTGA-1_V13B23-285_D1,5
TGGACGCAATCCAGCC-1_V13B23-285_D1,1
TGGACTGTTCGCTCAA-1_V13B23-285_D1,11
TGGAGGGAAACACCTC-1_V13B23-285_D1,2
TGGAGTGATGCGATGA-1_V13B23-285_D1,10
TGGCAAACTAAATTAC-1_V13B23-285_D1,11
TGGCAACTCGCGCGCC-1_V13B23-285_D1,10
TGGCAATGGGACGGCG-1_V13B23-285_D1,11
TGGCAGATTACGATCA-1_V13B23-285_D1,10
TGGCAGCAGTAATAGT-1_V13B23-285_D1,10
TGGCCAAACTGAAGTA-1_V13B23-285_D1,1
TGGCCGTATATTGACC-1_V13B23-285_D1,10
TGGCGACTGCTCCAAA-1_V13B23-285_D1,10
TGGCGATCAAGTTATG-1_V13B23-285_D1,10
TGGCTACACTCTACCT-1_V13B23-285_D1,11
TGGCTATGTGACATAC-1_V13B23-285_D1,11
TGGCTTGTACAAGCTT-1_V13B23-285_D1,14
TGGCTTTGGGTAGACA-1_V13B23-285_D1,5
TGGGAAATGCCTTTCC-1_V13B23-285_D1,10
TGGGATGCACTCATTC-1_V13B23-285_D1,3
TGGGCAATAGTTGGGT-1_V13B23-285_D1,11
TGGGCACGTTCTATGG-1_V13B23-285_D1,13
TGGGCAGGCCACCGCA-1_V13B23-285_D1,11
TGGGCCACAAGAGCGC-1_V13B23-285_D1,13
TGGGCCCATACTAATT-1_V13B23-285_D1,11
TGGTAGAATATATGGG-1_V13B23-285_D1,11
TGGTATCGCATCCCAA-1_V13B23-285_D1,9
TGGTCCCACGCTACGG-1_V13B23-285_D1,11
TGGTGATCGTATTTGT-1_V13B23-285_D1,8
TGGTTAAGGGCGCTGG-1_V13B23-285_D1,3
TGGTTCAACGGGTAAT-1_V13B23-285_D1,11
TGGTTCGTAGCAAAGG-1_V13B23-285_D1,16
TGGTTGGAGGATCCTG-1_V13B23-285_D1,12
TGGTTTAAACGTGGGT-1_V13B23-285_D1,2
TGTAATGACCACAATA-1_V13B23-285_D1,3
TGTACCTACACGAGGG-1_V13B23-285_D1,11
TGTACGAACAAATCCG-1_V13B23-285_D1,10
TGTACTACTCTCACGG-1_V13B23-285_D1,14
TGTAGCCATCCCATTC-1_V13B23-285_D1,11
TGTAGGAGAAATTTCC-1_V13B23-285_D1,3
TGTAGTGATCTATAAT-1_V13B23-285_D1,10
TGTATAACAGATCCTG-1_V13B23-285_D1,3
TGTATACGGATGATGA-1_V13B23-285_D1,15
TGTATCCTTATTCCAT-1_V13B23-285_D1,9
TGTATGGCGCAGACAG-1_V13B23-285_D1,11
TGTATTTACCTAATGC-1_V13B23-285_D1,9
TGTCATTTGTTGGGAA-1_V13B23-285_D1,2
TGTCCACGGCTCAACT-1_V13B23-285_D1,11
TGTCCCGACATAGCAC-1_V13B23-285_D1,9
TGTCCGTGGCGCCTTT-1_V13B23-285_D1,10
TGTCCTAAGTCACCGC-1_V13B23-285_D1,3
TGTCGGCATGGTGGAA-1_V13B23-285_D1,5
TGTCTACAGTTTCTGT-1_V13B23-285_D1,9
TGTGACTACGCCAGTC-1_V13B23-285_D1,13
TGTGAGACTAGCCCAA-1_V13B23-285_D1,10
TGTGCCGGTGCCGGAA-1_V13B23-285_D1,11
TGTGCTTTACGTAAGA-1_V13B23-285_D1,3
TGTGGACTATCTACGT-1_V13B23-285_D1,11
TGTGGCAAAGCGTATG-1_V13B23-285_D1,12
TGTGGCTCCCACCAAC-1_V13B23-285_D1,11
TGTGGTAGGGTGCCTT-1_V13B23-285_D1,11
TGTGTAGTAGCACGTG-1_V13B23-285_D1,11
TGTGTCGCGAGTTGCA-1_V13B23-285_D1,10
TGTGTTCGTATCCAAG-1_V13B23-285_D1,10
TGTTATTGTATGTGGC-1_V13B23-285_D1,11
TGTTCCGCTTCCATGA-1_V13B23-285_D1,10
TGTTCGTATTGCGGTG-1_V13B23-285_D1,10
TGTTCTTCCATTGACT-1_V13B23-285_D1,10
TGTTGCCGTCGTCCCA-1_V13B23-285_D1,11
TGTTGTCAAGAAGTCT-1_V13B23-285_D1,7
TGTTTAATACTTCATC-1_V13B23-285_D1,9
TGTTTCGGTACTTCTC-1_V13B23-285_D1,18
TGTTTGAGATCGTCAG-1_V13B23-285_D1,11
TTAAACAGAGTCCCGC-1_V13B23-285_D1,13
TTAAACTCGAATTCAT-1_V13B23-285_D1,3
TTAACACCTCGAACAT-1_V13B23-285_D1,5
TTAACCAACCCTCCCT-1_V13B23-285_D1,5
TTAACGAACAAGCAGT-1_V13B23-285_D1,2
TTAACGTCGCAAGACC-1_V13B23-285_D1,9
TTAACTTCAGGTAGGA-1_V13B23-285_D1,16
TTAAGATAGGATTGAC-1_V13B23-285_D1,11
TTAAGCCGACAACTTC-1_V13B23-285_D1,6
TTAAGCGCCTGACCCA-1_V13B23-285_D1,10
TTAAGGCCCGTACTTT-1_V13B23-285_D1,16
TTAAGTATTGTTATCC-1_V13B23-285_D1,11
TTAATCAGTACGTCAG-1_V13B23-285_D1,13
TTAATGTAGACCAGGT-1_V13B23-285_D1,16
TTAATTGCTTTGGGTG-1_V13B23-285_D1,11
TTAATTTCAGACGCGG-1_V13B23-285_D1,13
TTACAACTACGCATCC-1_V13B23-285_D1,5
TTACACGATCTGCGAC-1_V13B23-285_D1,11
TTACAGACCTAAATGA-1_V13B23-285_D1,1
TTACATCGTGGCCTGG-1_V13B23-285_D1,5
TTACATGCCACAACTA-1_V13B23-285_D1,11
TTACCATTGATTACCC-1_V13B23-285_D1,3
TTACCCATTGCCGGGT-1_V13B23-285_D1,13
TTACCCTAACAGTCCT-1_V13B23-285_D1,15
TTACCCTAGGGATTGG-1_V13B23-285_D1,1
TTACCGCCTTAGGGAA-1_V13B23-285_D1,5
TTACGGATGGTTCGAG-1_V13B23-285_D1,2
TTACGTATCTATGACA-1_V13B23-285_D1,11
TTACTAAAGGACTTTA-1_V13B23-285_D1,11
TTACTATCGGCTTCTC-1_V13B23-285_D1,9
TTACTCCGGCCGGGAA-1_V13B23-285_D1,16
TTACTCTGGTACGTAC-1_V13B23-285_D1,15
TTACTGGGATATTTCA-1_V13B23-285_D1,10
TTACTGTCTAGAGCTC-1_V13B23-285_D1,2
TTAGAAGAACATGACT-1_V13B23-285_D1,10
TTAGAATAAGGGTCGG-1_V13B23-285_D1,10
TTAGACACGATCGTTG-1_V13B23-285_D1,13
TTAGACGAGTCACCTC-1_V13B23-285_D1,11
TTAGAGTTTAGAAGGA-1_V13B23-285_D1,11
TTAGATAGGTCGATAC-1_V13B23-285_D1,5
TTAGCAACATGGATGT-1_V13B23-285_D1,5
TTAGCTAATACGATCT-1_V13B23-285_D1,12
TTAGCTCTGTAATCCG-1_V13B23-285_D1,1
TTAGCTGATTTGCCGT-1_V13B23-285_D1,11
TTAGGATGGGAGGGTA-1_V13B23-285_D1,11
TTAGGTCATAACCGAC-1_V13B23-285_D1,10
TTAGTAAACCTGCTCT-1_V13B23-285_D1,11
TTAGTAGGGCGGCGGG-1_V13B23-285_D1,3
TTAGTTATTCGTGGCA-1_V13B23-285_D1,11
TTAGTTCAAGTGTTCG-1_V13B23-285_D1,2
TTATAGGTAATTGTCT-1_V13B23-285_D1,11
TTATATACGCTGTCAC-1_V13B23-285_D1,11
TTATATTTGGCAATCC-1_V13B23-285_D1,19
TTATCCAATCGAACTC-1_V13B23-285_D1,5
TTATCCGGGATCTATA-1_V13B23-285_D1,11
TTATCCTCAAGGAATA-1_V13B23-285_D1,3
TTATCGCCTGCGAAGC-1_V13B23-285_D1,7
TTATCTGTATCATAAC-1_V13B23-285_D1,7
TTATGAATGAAAGGGA-1_V13B23-285_D1,10
TTATGACAAACTGGAT-1_V13B23-285_D1,10
TTATGATCTTAACGAA-1_V13B23-285_D1,11
TTATGTTTGCGATAGA-1_V13B23-285_D1,7
TTATTAGAGCGTGTTC-1_V13B23-285_D1,11
TTATTAGGGAAGCATC-1_V13B23-285_D1,13
TTATTATCTGGAAGGC-1_V13B23-285_D1,11
TTATTTAGGTTCCTTA-1_V13B23-285_D1,11
TTCAAAGTCTCTAGCC-1_V13B23-285_D1,18
TTCAACGACCCGACCG-1_V13B23-285_D1,5
TTCAAGCCGAGCTGAG-1_V13B23-285_D1,6
TTCAATACTCTGAATC-1_V13B23-285_D1,11
TTCAATTAGCCATAAT-1_V13B23-285_D1,9
TTCACGAAAGGATCAC-1_V13B23-285_D1,10
TTCACTCGAGCACCTA-1_V13B23-285_D1,11
TTCAGAGTAACCTGAC-1_V13B23-285_D1,13
TTCAGCCCTGGTCCAC-1_V13B23-285_D1,11
TTCAGCTGGCGTGCCC-1_V13B23-285_D1,11
TTCAGGCGTCAAAGCC-1_V13B23-285_D1,3
TTCATGGCGCAACAGG-1_V13B23-285_D1,13
TTCCAATCAGAGCTAG-1_V13B23-285_D1,12
TTCCAATCTGGCTATC-1_V13B23-285_D1,10
TTCCACACAGATTTGA-1_V13B23-285_D1,10
TTCCAGACGAGATTTA-1_V13B23-285_D1,11
TTCCATCATGCGGTGA-1_V13B23-285_D1,12
TTCCATCGACAGCGTG-1_V13B23-285_D1,11
TTCCGCAGAGAAATAT-1_V13B23-285_D1,3
TTCCGCGTGAGGCGAT-1_V13B23-285_D1,11
TTCCGGCCTTGAGGCT-1_V13B23-285_D1,12
TTCCGGCTCGACTTCT-1_V13B23-285_D1,2
TTCCGGTATCTGTGTC-1_V13B23-285_D1,11
TTCCGGTTACCCACTT-1_V13B23-285_D1,11
TTCCTCGAGGGTGTCT-1_V13B23-285_D1,5
TTCCTCGGACTAACCA-1_V13B23-285_D1,11
TTCCTCTGCCCGAATA-1_V13B23-285_D1,3
TTCCTTTCTGTGTTGC-1_V13B23-285_D1,5
TTCGACAGAGCCCGTG-1_V13B23-285_D1,11
TTCGACGGGAAGGGCG-1_V13B23-285_D1,10
TTCGCACTCGCGTGCT-1_V13B23-285_D1,10
TTCGCACTGTACGACA-1_V13B23-285_D1,19
TTCGCATCCGGAAGCA-1_V13B23-285_D1,5
TTCGCGCGCCATACGA-1_V13B23-285_D1,15
TTCGCTAGGAAGTTGT-1_V13B23-285_D1,11
TTCGCTATCTGACGTG-1_V13B23-285_D1,3
TTCGGCAACCCGCTGA-1_V13B23-285_D1,13
TTCGGCTAGAGATGGT-1_V13B23-285_D1,12
TTCGGGACTAATCGCG-1_V13B23-285_D1,5
TTCGGGCGCTAGTCTT-1_V13B23-285_D1,10
TTCGGGTTGCCACGGG-1_V13B23-285_D1,11
TTCGGTGGAGACGCCC-1_V13B23-285_D1,11
TTCGTAATCCCAGCGG-1_V13B23-285_D1,9
TTCGTACTCCAGAACG-1_V13B23-285_D1,10
TTCGTTCAACGAAGTT-1_V13B23-285_D1,3
TTCTAACCGAAGCTTA-1_V13B23-285_D1,1
TTCTACTTGCGAGGGC-1_V13B23-285_D1,5
TTCTAGAAAGTCTTAT-1_V13B23-285_D1,7
TTCTAGGCCAATTGTG-1_V13B23-285_D1,16
TTCTATGCCTTTCGCA-1_V13B23-285_D1,3
TTCTGACCGGGCTCAA-1_V13B23-285_D1,11
TTCTGCCGCGCCTAGA-1_V13B23-285_D1,11
TTCTGCGAGCGCCCTT-1_V13B23-285_D1,17
TTCTGCGGGTTAGCGG-1_V13B23-285_D1,11
TTCTGCTAGACTCCAA-1_V13B23-285_D1,2
TTCTTAGTGAACGGTG-1_V13B23-285_D1,5
TTCTTAGTGGCTCAGA-1_V13B23-285_D1,13
TTCTTATCCGCTGGGT-1_V13B23-285_D1,11
TTCTTGAGCCGCGCTA-1_V13B23-285_D1,7
TTCTTGCTAGCATCTC-1_V13B23-285_D1,11
TTCTTGGACGATCTGC-1_V13B23-285_D1,16
TTCTTGGAGTAATGAG-1_V13B23-285_D1,13
TTCTTGTAACCTAATG-1_V13B23-285_D1,15
TTCTTTGGTCGCGACG-1_V13B23-285_D1,2
TTGAAACCCTCATTCC-1_V13B23-285_D1,11
TTGAAAGGTGTAAAGG-1_V13B23-285_D1,3
TTGAACGAATCCTTTG-1_V13B23-285_D1,5
TTGAACGACGTGCTGA-1_V13B23-285_D1,11
TTGAAGAATTCCCAGG-1_V13B23-285_D1,5
TTGAATATGGACTTTC-1_V13B23-285_D1,16
TTGAATTCACGTGAGG-1_V13B23-285_D1,11
TTGACAGGAGCTCCCG-1_V13B23-285_D1,11
TTGACATGAACGTGGA-1_V13B23-285_D1,10
TTGACCAGGAACAACT-1_V13B23-285_D1,11
TTGACCATGTTCTCCG-1_V13B23-285_D1,7
TTGACCGTGTTAATGA-1_V13B23-285_D1,10
TTGACGCTCCATGAGC-1_V13B23-285_D1,11
TTGACTACCATATGGT-1_V13B23-285_D1,19
TTGACTATTGTCCGGC-1_V13B23-285_D1,11
TTGAGAAGTTTAGCAT-1_V13B23-285_D1,11
TTGAGAGTACTGCTAA-1_V13B23-285_D1,10
TTGAGCAGCCCACGGT-1_V13B23-285_D1,11
TTGAGCGCCACGTGAT-1_V13B23-285_D1,16
TTGAGTCCCGCTGCTG-1_V13B23-285_D1,11
TTGATAGTCAATACAT-1_V13B23-285_D1,3
TTGATCTAACTTTGTC-1_V13B23-285_D1,10
TTGATGTGTAGTCCCG-1_V13B23-285_D1,7
TTGATTAGCTGTTTCT-1_V13B23-285_D1,1
TTGATTATGCAGATGA-1_V13B23-285_D1,10
TTGCACAATTCAGAAA-1_V13B23-285_D1,10
TTGCACGGAGCAGCAC-1_V13B23-285_D1,5
TTGCATGCTGATCACG-1_V13B23-285_D1,10
TTGCCAAGCAGAACCC-1_V13B23-285_D1,11
TTGCCATAGCCCGCTC-1_V13B23-285_D1,16
TTGCCCTGATCACGGG-1_V13B23-285_D1,10
TTGCCGCTTTCTAGTA-1_V13B23-285_D1,11
TTGCCGGTGATCCCTC-1_V13B23-285_D1,3
TTGCGGCATCAGAAAG-1_V13B23-285_D1,10
TTGCGTAGTTTGAGGA-1_V13B23-285_D1,12
TTGCGTCGGCCAACCG-1_V13B23-285_D1,10
TTGCGTGAACGCTTAG-1_V13B23-285_D1,3
TTGCTCATAGTACGTG-1_V13B23-285_D1,11
TTGCTCCCATACCGGA-1_V13B23-285_D1,5
TTGCTGAAGGAACCAC-1_V13B23-285_D1,12
TTGCTGATCATGTTCG-1_V13B23-285_D1,10
TTGCTGCACCTATCCA-1_V13B23-285_D1,10
TTGCTGGCCGGGCTTC-1_V13B23-285_D1,9
TTGGAAGAATACAGTC-1_V13B23-285_D1,10
TTGGACATGTGGCTTA-1_V13B23-285_D1,3
TTGGACCATCTGGCAA-1_V13B23-285_D1,11
TTGGACCTATAACAGT-1_V13B23-285_D1,11
TTGGATATCGTCTACG-1_V13B23-285_D1,10
TTGGATCGACTTCTGG-1_V13B23-285_D1,9
TTGGATTGGGTACCAC-1_V13B23-285_D1,5
TTGGCCATCTTGCGCT-1_V13B23-285_D1,5
TTGGCCTAGAATTTCG-1_V13B23-285_D1,13
TTGGCGATCCGAATAT-1_V13B23-285_D1,5
TTGGCTCAATATGTGT-1_V13B23-285_D1,11
TTGGCTCGCATGAGAC-1_V13B23-285_D1,10
TTGGGACACTGCCCGC-1_V13B23-285_D1,7
TTGGGACGTAAGAGTT-1_V13B23-285_D1,11
TTGGGCGGCGGTTGCC-1_V13B23-285_D1,3
TTGGGTTTATTCAGCG-1_V13B23-285_D1,14
TTGGTATGGCTTGTGT-1_V13B23-285_D1,1
TTGGTCACACTCGTAA-1_V13B23-285_D1,10
TTGGTTCGCTCAAAGG-1_V13B23-285_D1,7
TTGGTTGCGGTGCGCG-1_V13B23-285_D1,10
TTGTAAGGACCTAAGT-1_V13B23-285_D1,7
TTGTAAGGCCAGTTGG-1_V13B23-285_D1,5
TTGTAATCCGTACTCG-1_V13B23-285_D1,10
TTGTATCACACAGAAT-1_V13B23-285_D1,6
TTGTCGTTCAGTTACC-1_V13B23-285_D1,5
TTGTGAACCTAATCCG-1_V13B23-285_D1,11
TTGTGCAGCCACGTCA-1_V13B23-285_D1,11
TTGTGGCCCTGACAGT-1_V13B23-285_D1,5
TTGTGGTAGGAGGGAT-1_V13B23-285_D1,7
TTGTGGTATAGGTATG-1_V13B23-285_D1,1
TTGTGGTGGTACTAAG-1_V13B23-285_D1,11
TTGTGTATGCCACCAA-1_V13B23-285_D1,1
TTGTGTTTCCCGAAAG-1_V13B23-285_D1,10
TTGTTAGCAAATTCGA-1_V13B23-285_D1,5
TTGTTCAGTGTGCTAC-1_V13B23-285_D1,5
TTGTTGTGTGTCAAGA-1_V13B23-285_D1,3
TTGTTTCACATCCAGG-1_V13B23-285_D1,16
TTGTTTCATTAGTCTA-1_V13B23-285_D1,10
TTGTTTCCATACAACT-1_V13B23-285_D1,16
