key,cluster
AAACAAGTATCTCCCA-1_V12D07-075_C1,14
AAACAGAGCGACTCCT-1_V12D07-075_C1,6
AAACATTTCCCGGATT-1_V12D07-075_C1,14
AAACCCGAACGAAATC-1_V12D07-075_C1,6
AAACCGGAAATGTTAA-1_V12D07-075_C1,6
AAACCGGGTAGGTACC-1_V12D07-075_C1,2
AAACCGTTCGTCCAGG-1_V12D07-075_C1,2
AAACCTAAGCAGCCGG-1_V12D07-075_C1,12
AAACCTCATGAAGTTG-1_V12D07-075_C1,8
AAACGAAGAACATACC-1_V12D07-075_C1,6
AAACGAGACGGTTGAT-1_V12D07-075_C1,14
AAACGCTGGGCACGAC-1_V12D07-075_C1,9
AAACGGTTGCGAACTG-1_V12D07-075_C1,4
AAACGTGTTCGCCCTA-1_V12D07-075_C1,6
AAACTAACGTGGCGAC-1_V12D07-075_C1,6
AAACTCGGTTCGCAAT-1_V12D07-075_C1,14
AAACTCGTGATATAAG-1_V12D07-075_C1,6
AAACTGCTGGCTCCAA-1_V12D07-075_C1,14
AAAGAATGTGGACTAA-1_V12D07-075_C1,14
AAAGACCCAAGTCGCG-1_V12D07-075_C1,6
AAAGACTGGGCGCTTT-1_V12D07-075_C1,12
AAAGCTTGCCTACATA-1_V12D07-075_C1,6
AAAGGCTACGGACCAT-1_V12D07-075_C1,12
AAAGGCTCTCGCGCCG-1_V12D07-075_C1,12
AAAGGGATGTAGCAAG-1_V12D07-075_C1,12
AAAGGGCAGCTTGAAT-1_V12D07-075_C1,12
AAAGGTAAGCTGTACC-1_V12D07-075_C1,6
AAAGTCACTGATGTAA-1_V12D07-075_C1,6
AAAGTCGACCCTCAGT-1_V12D07-075_C1,8
AAAGTGCCATCAATTA-1_V12D07-075_C1,14
AAAGTGTGATTTATCT-1_V12D07-075_C1,14
AAAGTTGACTCCCGTA-1_V12D07-075_C1,14
AAATAACCATACGGGA-1_V12D07-075_C1,6
AAATAAGGTAGTGCCC-1_V12D07-075_C1,6
AAATACCTATAAGCAT-1_V12D07-075_C1,12
AAATAGCTTAGACTTT-1_V12D07-075_C1,6
AAATAGGGTGCTATTG-1_V12D07-075_C1,11
AAATCGTGTACCACAA-1_V12D07-075_C1,12
AAATCTAGCCCTGCTA-1_V12D07-075_C1,14
AAATGATTCGATCAGC-1_V12D07-075_C1,6
AAATGGCATGTCTTGT-1_V12D07-075_C1,6
AAATGGTCAATGTGCC-1_V12D07-075_C1,12
AAATTAACGGGTAGCT-1_V12D07-075_C1,12
AAATTAATAAGCGCGA-1_V12D07-075_C1,8
AAATTACACGACTCTG-1_V12D07-075_C1,6
AAATTACCTATCGATG-1_V12D07-075_C1,2
AAATTCCAGGTCCAAA-1_V12D07-075_C1,6
AAATTGGTGAGAAGCA-1_V12D07-075_C1,6
AAATTTACCGAAATCC-1_V12D07-075_C1,6
AAATTTGCGGGTGTGG-1_V12D07-075_C1,2
AACAACTGGTAGTTGC-1_V12D07-075_C1,12
AACACACGCTCGCCGC-1_V12D07-075_C1,12
AACACGACTGTACTGA-1_V12D07-075_C1,6
AACACGCGGCCGCGAA-1_V12D07-075_C1,6
AACAGGATGGGCCGCG-1_V12D07-075_C1,12
AACAGGTAGTATGGAT-1_V12D07-075_C1,2
AACATATCAACTGGTG-1_V12D07-075_C1,2
AACATCGATACGTCTA-1_V12D07-075_C1,6
AACATTGTGACTCGAG-1_V12D07-075_C1,12
AACCAAGACTTCTCTG-1_V12D07-075_C1,12
AACCAGTATCACTCTT-1_V12D07-075_C1,6
AACCATGGGATCGCTA-1_V12D07-075_C1,6
AACCCAGAGACGGAGA-1_V12D07-075_C1,13
AACCCGAGCAGAATCG-1_V12D07-075_C1,14
AACCCTACTGTCAATA-1_V12D07-075_C1,14
AACCCTGGTGGAACCA-1_V12D07-075_C1,6
AACCGAGCTTGGTCAT-1_V12D07-075_C1,12
AACCGCTAAGGGATGC-1_V12D07-075_C1,14
AACCGTTGTGTTTGCT-1_V12D07-075_C1,6
AACCTCGCTTTAGCCC-1_V12D07-075_C1,14
AACCTGTCACGGAATT-1_V12D07-075_C1,6
AACCTTTAAATACGGT-1_V12D07-075_C1,12
AACCTTTACGACGTCT-1_V12D07-075_C1,2
AACGATAATGCCGTAG-1_V12D07-075_C1,11
AACGATATGTCAACTG-1_V12D07-075_C1,6
AACGCATGATCTGGGT-1_V12D07-075_C1,6
AACGCGAACGGCAACA-1_V12D07-075_C1,12
AACGCGACCTTGGGCG-1_V12D07-075_C1,12
AACGCGGTCTCCAGCC-1_V12D07-075_C1,12
AACGCTGTTGCTGAAA-1_V12D07-075_C1,14
AACGGACGTACGTATA-1_V12D07-075_C1,14
AACGGCCATCTCCGGT-1_V12D07-075_C1,2
AACGTACTGTGGGTAC-1_V12D07-075_C1,2
AACGTGATGAAGGACA-1_V12D07-075_C1,6
AACGTGCGAAAGTCTC-1_V12D07-075_C1,12
AACGTTATCAGCACCT-1_V12D07-075_C1,12
AACTACCCGTTTGTCA-1_V12D07-075_C1,12
AACTAGGCTTGGGTGT-1_V12D07-075_C1,12
AACTCAAGTTAATTGC-1_V12D07-075_C1,12
AACTCCAGAGCGTGTT-1_V12D07-075_C1,11
AACTCCTAATCCCATG-1_V12D07-075_C1,6
AACTCGATGGCGCAGT-1_V12D07-075_C1,6
AACTCTCAATAGAGCG-1_V12D07-075_C1,2
AACTCTCAGTGTGCTC-1_V12D07-075_C1,2
AACTGAGGTCAGCGTC-1_V12D07-075_C1,6
AACTGAGTTATACTGA-1_V12D07-075_C1,6
AACTGATATTAGGCCT-1_V12D07-075_C1,6
AACTGGGTCCCGACGT-1_V12D07-075_C1,6
AACTGGTGTGGGCCTT-1_V12D07-075_C1,6
AACTTGCCCGTATGCA-1_V12D07-075_C1,12
AACTTTACGGGAGCTT-1_V12D07-075_C1,8
AAGAAGGATCAGTTAG-1_V12D07-075_C1,6
AAGACATACGTGGTTT-1_V12D07-075_C1,14
AAGACCCAACTGAACA-1_V12D07-075_C1,12
AAGACTGCAAGCTACT-1_V12D07-075_C1,12
AAGAGATGAATCGGTA-1_V12D07-075_C1,12
AAGAGCTCTTTATCGG-1_V12D07-075_C1,14
AAGAGGATGTACGCGA-1_V12D07-075_C1,12
AAGAGGCATGGATCGC-1_V12D07-075_C1,14
AAGAGGCCCTTTGGAA-1_V12D07-075_C1,14
AAGATTGGCGGAACGT-1_V12D07-075_C1,12
AAGCACCCTGCGTATC-1_V12D07-075_C1,12
AAGCATACTCTCCTGA-1_V12D07-075_C1,12
AAGCCGAAGCGGTTTA-1_V12D07-075_C1,14
AAGCCGGAGAGCAGGA-1_V12D07-075_C1,14
AAGCGCAGGGCTTTGA-1_V12D07-075_C1,14
AAGCGGCGTCATGGGT-1_V12D07-075_C1,6
AAGCTAGATCGAGTAA-1_V12D07-075_C1,12
AAGCTCGTGCCAAGTC-1_V12D07-075_C1,12
AAGCTCTTTCATGGTG-1_V12D07-075_C1,11
AAGGAGCGGTTGGTGC-1_V12D07-075_C1,12
AAGGATGAGGGACCTC-1_V12D07-075_C1,2
AAGGCAGGCTGTCTCC-1_V12D07-075_C1,6
AAGGCGCGTAAAGCTT-1_V12D07-075_C1,12
AAGGCTGTGCTCATCG-1_V12D07-075_C1,12
AAGGGACAGATTCTGT-1_V12D07-075_C1,12
AAGGTATCCTAATATA-1_V12D07-075_C1,6
AAGGTGATAAACCAGC-1_V12D07-075_C1,14
AAGTAGAAGACCGGGT-1_V12D07-075_C1,12
AAGTAGTGACGCGAGG-1_V12D07-075_C1,12
AAGTCAATTGTCGTCA-1_V12D07-075_C1,14
AAGTCTTCTGTGGCCT-1_V12D07-075_C1,8
AAGTGACGACCGAATT-1_V12D07-075_C1,2
AAGTGAGTCGGGTTTA-1_V12D07-075_C1,9
AAGTGCAAAGGTAGAC-1_V12D07-075_C1,13
AAGTGCCTTGACTGTA-1_V12D07-075_C1,14
AAGTGTTTGGAGACGG-1_V12D07-075_C1,11
AAGTTCACTCCAAGCT-1_V12D07-075_C1,11
AAGTTCAGTCTGCGTA-1_V12D07-075_C1,6
AAGTTCGGCCAACAGG-1_V12D07-075_C1,2
AAGTTTACTAATGGCA-1_V12D07-075_C1,6
AAGTTTATGGGCCCAA-1_V12D07-075_C1,14
AATAACAACGCTCGGC-1_V12D07-075_C1,12
AATAACACTAGAACAA-1_V12D07-075_C1,2
AATAAGTCCTCGAGAC-1_V12D07-075_C1,4
AATAATCTTCGTATCG-1_V12D07-075_C1,6
AATAGAACAGAGTGGC-1_V12D07-075_C1,2
AATAGAATCTGTTTCA-1_V12D07-075_C1,9
AATAGCAAGCCTCCTG-1_V12D07-075_C1,6
AATAGCTACCGCGTGC-1_V12D07-075_C1,6
AATAGTCCGTCCCGAC-1_V12D07-075_C1,12
AATAGTCGCGAGTCGG-1_V12D07-075_C1,12
AATATCAAGGTCGGAT-1_V12D07-075_C1,6
AATATCGAATCAATGC-1_V12D07-075_C1,2
AATATCGAGGGTTCTC-1_V12D07-075_C1,2
AATCAGACTGCAGGAC-1_V12D07-075_C1,6
AATCATGTAAAGACTC-1_V12D07-075_C1,14
AATCCAAGGGCCTGAG-1_V12D07-075_C1,6
AATCCATGCAAGGGTG-1_V12D07-075_C1,12
AATCGCCTCAGCGCCA-1_V12D07-075_C1,12
AATCGCGCAGAGGACT-1_V12D07-075_C1,6
AATCGGGACACTACGA-1_V12D07-075_C1,6
AATCGGTATAGCCCTC-1_V12D07-075_C1,2
AATCGTGAGCCGAGCA-1_V12D07-075_C1,14
AATCTATGCCGGAGCC-1_V12D07-075_C1,6
AATCTCTACTGTGGTT-1_V12D07-075_C1,2
AATCTGCGTTGGGACG-1_V12D07-075_C1,2
AATGACAGCAATGTCT-1_V12D07-075_C1,2
AATGACGTAGGATGTC-1_V12D07-075_C1,14
AATGACTGTCAGCCGG-1_V12D07-075_C1,12
AATGAGTTCGCATATG-1_V12D07-075_C1,11
AATGATGATACGCTAT-1_V12D07-075_C1,6
AATGATGCGACTCCTG-1_V12D07-075_C1,6
AATGCAACCGGGTACC-1_V12D07-075_C1,12
AATGCACCAAGCAATG-1_V12D07-075_C1,12
AATGGTTCTCACAAGC-1_V12D07-075_C1,12
AATGTTGTCGTGAGAC-1_V12D07-075_C1,14
AATTAAAGGTCGGCGT-1_V12D07-075_C1,12
AATTAACGGATTTCCA-1_V12D07-075_C1,13
AATTACTCGTACGCTC-1_V12D07-075_C1,13
AATTAGCGCTGCAGCG-1_V12D07-075_C1,12
AATTCATAAGGGATCT-1_V12D07-075_C1,6
AATTCCAAGCATGTAC-1_V12D07-075_C1,11
AATTCGATTCGAGGAT-1_V12D07-075_C1,12
AATTCTAGAGTTAGGC-1_V12D07-075_C1,12
AATTGAACGCTCTGGT-1_V12D07-075_C1,14
AATTGCAGCAATCGAC-1_V12D07-075_C1,12
AATTGTGGTTGCCAAA-1_V12D07-075_C1,14
AATTTGGGACATAGTA-1_V12D07-075_C1,6
AATTTGGTTCCAAAGA-1_V12D07-075_C1,10
ACAAAGCATGACCTAG-1_V12D07-075_C1,11
ACAAATCGCACCGAAT-1_V12D07-075_C1,12
ACAAATGGTAGTGTTT-1_V12D07-075_C1,14
ACAAATTCAGATCTGA-1_V12D07-075_C1,6
ACAACAGCATGAGCTA-1_V12D07-075_C1,14
ACAACGGTCCCTGCGA-1_V12D07-075_C1,12
ACAAGCAGTGCCTAGC-1_V12D07-075_C1,1
ACAAGCTATATGGAAG-1_V12D07-075_C1,8
ACAAGGAAATCCGCCC-1_V12D07-075_C1,12
ACAAGGACAAGAGGTT-1_V12D07-075_C1,12
ACAAGGATGCTTTAGG-1_V12D07-075_C1,12
ACAAGGGCAGGCTCTG-1_V12D07-075_C1,12
ACAATCCATTTAAACC-1_V12D07-075_C1,12
ACAATGATTCTTCTAC-1_V12D07-075_C1,6
ACAATTGTGTCTCTTT-1_V12D07-075_C1,14
ACAATTTAGGAGGCTC-1_V12D07-075_C1,8
ACAATTTGAGCAGTGG-1_V12D07-075_C1,2
ACAATTTGGCCATATT-1_V12D07-075_C1,6
ACACAAAGACGGGTGG-1_V12D07-075_C1,12
ACACACCAGGACCAGT-1_V12D07-075_C1,14
ACACACTTTCTACACG-1_V12D07-075_C1,6
ACACATTGACGCAACA-1_V12D07-075_C1,14
ACACCACATAATTAGC-1_V12D07-075_C1,6
ACACCCAGCATGCAGC-1_V12D07-075_C1,6
ACACCCGAGAAATCCG-1_V12D07-075_C1,12
ACACCGAGCGCTCTTT-1_V12D07-075_C1,11
ACACCTTAAGTAGGGC-1_V12D07-075_C1,12
ACACCTTACTACTTGC-1_V12D07-075_C1,6
ACACGAGACTCCTTCT-1_V12D07-075_C1,12
ACACGGCACTATGCAT-1_V12D07-075_C1,6
ACACGGGAACTTAGGG-1_V12D07-075_C1,12
ACACGTAGGCCACAAG-1_V12D07-075_C1,14
ACACTCCAATGTCACT-1_V12D07-075_C1,12
ACACTGATCAAGGTGT-1_V12D07-075_C1,2
ACACTGGGACAGTCGT-1_V12D07-075_C1,14
ACAGATTAGGTTAGTG-1_V12D07-075_C1,6
ACAGCATAGAGCCAGT-1_V12D07-075_C1,6
ACAGCGACATTCTCAT-1_V12D07-075_C1,11
ACAGCGCACCCGCAGC-1_V12D07-075_C1,6
ACAGGCACGGATCCTT-1_V12D07-075_C1,14
ACAGGCTTGCCCGACT-1_V12D07-075_C1,12
ACAGGTGGAGGTGAGG-1_V12D07-075_C1,2
ACAGGTGTGTTGTTGC-1_V12D07-075_C1,2
ACAGTATACCGTGGGA-1_V12D07-075_C1,6
ACATCAGCTGGGACGC-1_V12D07-075_C1,12
ACATCCCGGCCATACG-1_V12D07-075_C1,9
ACATCCTGGTAACTGT-1_V12D07-075_C1,14
ACATCGATCGTTTACC-1_V12D07-075_C1,12
ACATCGGTCAGCCGCG-1_V12D07-075_C1,12
ACATCGTATGCAATGG-1_V12D07-075_C1,14
ACATCGTTAACCTAGT-1_V12D07-075_C1,6
ACATGGCGCCAAAGTA-1_V12D07-075_C1,2
ACATGGCTCAATTTAG-1_V12D07-075_C1,12
ACATTAGTTTATATCC-1_V12D07-075_C1,12
ACCAAACACCCAGCGA-1_V12D07-075_C1,6
ACCAACACCACACACT-1_V12D07-075_C1,6
ACCAACCGCACTCCAC-1_V12D07-075_C1,14
ACCAACGCTTATTTAT-1_V12D07-075_C1,2
ACCAAGAACGCGTGTC-1_V12D07-075_C1,6
ACCAAGTCATCGGCAG-1_V12D07-075_C1,14
ACCAATATGCAAGTTA-1_V12D07-075_C1,12
ACCACAACTCAGAACA-1_V12D07-075_C1,6
ACCACAAGTTTCTATC-1_V12D07-075_C1,12
ACCACCAATGTAACAA-1_V12D07-075_C1,2
ACCACCCTCTCTTCTA-1_V12D07-075_C1,10
ACCACGTGCAGCTATA-1_V12D07-075_C1,12
ACCACTGTTCAAGAAG-1_V12D07-075_C1,8
ACCAGACCATAACAAC-1_V12D07-075_C1,8
ACCAGCCCGGTCTTTG-1_V12D07-075_C1,6
ACCAGTGCCCGGTCAA-1_V12D07-075_C1,6
ACCAGTGCGGGAGACG-1_V12D07-075_C1,14
ACCATATCCGCAATAA-1_V12D07-075_C1,12
ACCATCGTATATGGTA-1_V12D07-075_C1,12
ACCATTAAGGGTGTCA-1_V12D07-075_C1,11
ACCCAACGCCCGTGGC-1_V12D07-075_C1,2
ACCCACCTACATGCTC-1_V12D07-075_C1,12
ACCCATCTTGAGGGTA-1_V12D07-075_C1,12
ACCCATTTGTCCCTCT-1_V12D07-075_C1,11
ACCCGGAAACTCCCAG-1_V12D07-075_C1,12
ACCCGGAGCACCACAA-1_V12D07-075_C1,14
ACCCGGATGACGCATC-1_V12D07-075_C1,2
ACCCGGTTACACTTCC-1_V12D07-075_C1,12
ACCCGTAGTCTAGTTG-1_V12D07-075_C1,14
ACCCGTGTCATCAGTA-1_V12D07-075_C1,12
ACCCTATAGGACTGAG-1_V12D07-075_C1,12
ACCCTATGCCATATCG-1_V12D07-075_C1,2
ACCCTCCCGTCAGGGC-1_V12D07-075_C1,14
ACCCTCCCTTGCTATT-1_V12D07-075_C1,4
ACCCTGGTAACGCCCT-1_V12D07-075_C1,6
ACCCTTCATCTGCGAA-1_V12D07-075_C1,4
ACCCTTTAGTTCTCCA-1_V12D07-075_C1,13
ACCGAAAGGGCCCTGC-1_V12D07-075_C1,6
ACCGACACATCTCCCA-1_V12D07-075_C1,12
ACCGACTGAGTCCCAC-1_V12D07-075_C1,12
ACCGATAGGCATAACC-1_V12D07-075_C1,14
ACCGATATTTAATCAT-1_V12D07-075_C1,6
ACCGATGGTAGCATCG-1_V12D07-075_C1,2
ACCGCAATAACTGCCT-1_V12D07-075_C1,12
ACCGCGGTGGAAGTCG-1_V12D07-075_C1,2
ACCGGGCCTTTGTTGA-1_V12D07-075_C1,14
ACCGTTCCCGCTCTGA-1_V12D07-075_C1,6
ACCTAATCGACTTCCT-1_V12D07-075_C1,7
ACCTACAGTATGTGGT-1_V12D07-075_C1,6
ACCTACTATAAATCTA-1_V12D07-075_C1,12
ACCTCCGCCCTCGCTG-1_V12D07-075_C1,14
ACCTCCGTTATTCACC-1_V12D07-075_C1,6
ACGACCCATGAGTTGC-1_V12D07-075_C1,2
ACGACTCTAGGGCCGA-1_V12D07-075_C1,2
ACGAGAACCCATCACG-1_V12D07-075_C1,6
ACGAGATATTTGCTTA-1_V12D07-075_C1,6
ACGAGTACGGATGCCC-1_V12D07-075_C1,2
ACGATACATAGAACTA-1_V12D07-075_C1,6
ACGATACCTATCCTGA-1_V12D07-075_C1,8
ACGATCATACATAGAG-1_V12D07-075_C1,12
ACGATCATCTTGTAAA-1_V12D07-075_C1,2
ACGATGCATATGTTAT-1_V12D07-075_C1,12
ACGATGGATCCGATGC-1_V12D07-075_C1,6
ACGCAAACTAATAGAT-1_V12D07-075_C1,9
ACGCAATCACTACAGC-1_V12D07-075_C1,6
ACGCATAAATGACATG-1_V12D07-075_C1,6
ACGCATACGTTTACTA-1_V12D07-075_C1,11
ACGCATTCGTGAGTAC-1_V12D07-075_C1,11
ACGCCAGATGATTTCT-1_V12D07-075_C1,6
ACGCCAGTGCGTTTGC-1_V12D07-075_C1,2
ACGCCGCTAGACGACC-1_V12D07-075_C1,12
ACGCGAAGTCAGACGA-1_V12D07-075_C1,12
ACGCGCTACACAGGGT-1_V12D07-075_C1,2
ACGCGGGCCAAGGACA-1_V12D07-075_C1,12
ACGCGTTTCTTAAGAG-1_V12D07-075_C1,11
ACGCTAGTGATACACT-1_V12D07-075_C1,2
ACGCTGTGAGGCGTAG-1_V12D07-075_C1,2
ACGGAATTTAGCAAAT-1_V12D07-075_C1,13
ACGGACTCTCAAAGCG-1_V12D07-075_C1,14
ACGGAGCGCAAATTAC-1_V12D07-075_C1,6
ACGGCACTTGCTTGGG-1_V12D07-075_C1,12
ACGGCCAACATGGACT-1_V12D07-075_C1,12
ACGGCGACGATGGGAA-1_V12D07-075_C1,12
ACGGCGGGTTGCCCTG-1_V12D07-075_C1,6
ACGGGCGTATGCGACA-1_V12D07-075_C1,10
ACGGGTCATGTGACTT-1_V12D07-075_C1,14
ACGGTACAGTTCAATG-1_V12D07-075_C1,14
ACGTACAGATTTCTCT-1_V12D07-075_C1,6
ACGTAGATTGCTGATG-1_V12D07-075_C1,12
ACGTAGGAGAGTCGCT-1_V12D07-075_C1,2
ACGTATTACTCCGATC-1_V12D07-075_C1,14
ACGTGCGCCTCGTGCA-1_V12D07-075_C1,6
ACGTTAATGTCGAAGA-1_V12D07-075_C1,12
ACGTTAGATTTGCCCG-1_V12D07-075_C1,12
ACGTTCCGCGCTCCGT-1_V12D07-075_C1,6
ACGTTCGCAATCAATT-1_V12D07-075_C1,6
ACGTTCGTTCAGGAAA-1_V12D07-075_C1,2
ACGTTCTGTACAAGTC-1_V12D07-075_C1,14
ACGTTTAGTTGTGATC-1_V12D07-075_C1,6
ACTAATACGTCAGGCG-1_V12D07-075_C1,6
ACTACCAGCTCTCTGG-1_V12D07-075_C1,12
ACTACGCGTTAGAATT-1_V12D07-075_C1,12
ACTAGTTGCGATCGTC-1_V12D07-075_C1,14
ACTATATGCTGTGTTC-1_V12D07-075_C1,6
ACTATCGCCGGCTAAA-1_V12D07-075_C1,11
ACTATTTCCGGGCCCA-1_V12D07-075_C1,2
ACTCAACGAATGTATT-1_V12D07-075_C1,6
ACTCAAGTGCAAGGCT-1_V12D07-075_C1,12
ACTCAATAAAGGCACG-1_V12D07-075_C1,12
ACTCAGACCTGCTTCT-1_V12D07-075_C1,6
ACTCCCGAATTCGTTT-1_V12D07-075_C1,6
ACTCCCTAATGCTAAA-1_V12D07-075_C1,12
ACTCCCTAGAATAGTA-1_V12D07-075_C1,12
ACTCCGGCCGACCACT-1_V12D07-075_C1,14
ACTCGATGTATTTCAT-1_V12D07-075_C1,10
ACTCGCCGTTCGATAA-1_V12D07-075_C1,14
ACTCGCGATCTGACGC-1_V12D07-075_C1,6
ACTCGTCAGTAATCCC-1_V12D07-075_C1,14
ACTCTAAACCTGGGAT-1_V12D07-075_C1,12
ACTCTCTGACTTAGGT-1_V12D07-075_C1,12
ACTCTCTTATACACGA-1_V12D07-075_C1,6
ACTCTGACCTAATAGA-1_V12D07-075_C1,11
ACTCTTCAGCTCCCGC-1_V12D07-075_C1,6
ACTCTTGTATAGTAAC-1_V12D07-075_C1,12
ACTGAAACGCCGTTAG-1_V12D07-075_C1,14
ACTGAATGGCGAAAGT-1_V12D07-075_C1,14
ACTGCGGACACACCGT-1_V12D07-075_C1,6
ACTGTACGATACACAT-1_V12D07-075_C1,12
ACTGTAGCACTTTGGA-1_V12D07-075_C1,12
ACTGTATACGCGAGCA-1_V12D07-075_C1,6
ACTGTCCAGGATTATA-1_V12D07-075_C1,12
ACTGTCTTCTTTAGAA-1_V12D07-075_C1,12
ACTTACCGGGCGCGCA-1_V12D07-075_C1,6
ACTTAGTACGACAAGA-1_V12D07-075_C1,12
ACTTATACTTACCCGG-1_V12D07-075_C1,14
ACTTATTAGGATCGGT-1_V12D07-075_C1,12
ACTTATTTATGTGCCA-1_V12D07-075_C1,14
ACTTCAGGCTGATCCC-1_V12D07-075_C1,12
ACTTCCATGCGGGACA-1_V12D07-075_C1,12
ACTTCGCCATACGCAC-1_V12D07-075_C1,12
ACTTCGCTAGCGAGTG-1_V12D07-075_C1,6
ACTTGACTCCCTCTTT-1_V12D07-075_C1,12
ACTTGGGACCCGGTGG-1_V12D07-075_C1,12
ACTTGTGGATGGAACG-1_V12D07-075_C1,14
ACTTTACCCTCATGAA-1_V12D07-075_C1,6
ACTTTCCTATAGCTTC-1_V12D07-075_C1,12
ACTTTGACTGCATCCT-1_V12D07-075_C1,2
ACTTTGTCGACGCACT-1_V12D07-075_C1,2
AGAAATTATGACTCGC-1_V12D07-075_C1,2
AGAACCCAGCGTGACA-1_V12D07-075_C1,6
AGAACGTGGTACATTC-1_V12D07-075_C1,12
AGAAGGTTGCCGAATT-1_V12D07-075_C1,12
AGAAGGTTGTAGGTCG-1_V12D07-075_C1,11
AGAATAAATCTTCAGG-1_V12D07-075_C1,8
AGAATGCGGGTTCGGA-1_V12D07-075_C1,6
AGAATTATGGATTCGA-1_V12D07-075_C1,2
AGAATTGTTTGACATA-1_V12D07-075_C1,13
AGACAGGCATCTCAGC-1_V12D07-075_C1,6
AGACATAGATCCTTCC-1_V12D07-075_C1,6
AGACCATGGGATACAA-1_V12D07-075_C1,12
AGACCCACCGCTGATC-1_V12D07-075_C1,12
AGACCCGCCCTCCTCG-1_V12D07-075_C1,12
AGACCGCTCCGCGGTT-1_V12D07-075_C1,14
AGACGAAGTGCCGGTC-1_V12D07-075_C1,14
AGACGCCCACTTCGCC-1_V12D07-075_C1,11
AGACGGGCCGATTTAA-1_V12D07-075_C1,6
AGACTAGCCTTCCAGA-1_V12D07-075_C1,12
AGACTGTTACCGGGTC-1_V12D07-075_C1,2
AGAGAACCGTCTAGGA-1_V12D07-075_C1,2
AGAGCCGCCGAGATTT-1_V12D07-075_C1,14
AGAGCGGGCTAATCAT-1_V12D07-075_C1,6
AGAGCGTACAAGCTCG-1_V12D07-075_C1,12
AGAGCTACGAAAGCAT-1_V12D07-075_C1,12
AGAGGCTTCGGAAACC-1_V12D07-075_C1,14
AGAGGGACAATTGTCC-1_V12D07-075_C1,6
AGAGTAAACTTCACTA-1_V12D07-075_C1,14
AGAGTATAGTGTTACG-1_V12D07-075_C1,6
AGAGTTAGAGACCGAT-1_V12D07-075_C1,6
AGATAACTTCAGGGCC-1_V12D07-075_C1,12
AGATACCAATAGAACC-1_V12D07-075_C1,11
AGATACCAGCACTTCA-1_V12D07-075_C1,6
AGATACCGGTGTTCAC-1_V12D07-075_C1,12
AGATACGACTTCATAT-1_V12D07-075_C1,8
AGATACTCAAGATCGA-1_V12D07-075_C1,14
AGATATAATACGACTA-1_V12D07-075_C1,14
AGATCGTGCATAAGAT-1_V12D07-075_C1,6
AGATCTCAGGTGTGAT-1_V12D07-075_C1,12
AGATGACTCGCCCACG-1_V12D07-075_C1,6
AGATGAGGGTTGCGAT-1_V12D07-075_C1,6
AGATGATGGAGTCTGG-1_V12D07-075_C1,6
AGATGCTATAACGAGC-1_V12D07-075_C1,11
AGATTATAGGACGTTT-1_V12D07-075_C1,12
AGCAAAGGCCGCTAGT-1_V12D07-075_C1,11
AGCAACATATCTTATT-1_V12D07-075_C1,14
AGCACCAGTACTCACG-1_V12D07-075_C1,9
AGCACTACCTCACCAG-1_V12D07-075_C1,9
AGCACTTAAGGACGCC-1_V12D07-075_C1,12
AGCAGAAGGAGAAAGA-1_V12D07-075_C1,14
AGCAGCCAGATGAATA-1_V12D07-075_C1,12
AGCATATCAATATGCT-1_V12D07-075_C1,14
AGCATCGTCGATAATT-1_V12D07-075_C1,6
AGCATTACGAGGCAAG-1_V12D07-075_C1,13
AGCCAAGCTTTGTGTC-1_V12D07-075_C1,12
AGCCACAGGTTACCCG-1_V12D07-075_C1,14
AGCCACTCCCGTGCTT-1_V12D07-075_C1,6
AGCCATATAGTATGTG-1_V12D07-075_C1,2
AGCCCATACATGTAAG-1_V12D07-075_C1,2
AGCCCGCAACAAGCAG-1_V12D07-075_C1,12
AGCCCGGTAGCCTGTA-1_V12D07-075_C1,2
AGCCCTAAGCGAAGTT-1_V12D07-075_C1,6
AGCCCTGTCGCACCGT-1_V12D07-075_C1,6
AGCCCTTCTAATCCGA-1_V12D07-075_C1,6
AGCCCTTGGACATCCC-1_V12D07-075_C1,14
AGCCGCAAATTCAAAT-1_V12D07-075_C1,8
AGCCGCTTGATTAGCG-1_V12D07-075_C1,11
AGCGACAGGAACGGTC-1_V12D07-075_C1,2
AGCGACATCCCATTCA-1_V12D07-075_C1,6
AGCGACCAACGATATT-1_V12D07-075_C1,12
AGCGATGCGCCTAATA-1_V12D07-075_C1,11
AGCGCATAATGAATCG-1_V12D07-075_C1,12
AGCGCGGGTGCCAATG-1_V12D07-075_C1,6
AGCGCTAGAGCGATGT-1_V12D07-075_C1,6
AGCGCTTATGGGCAAG-1_V12D07-075_C1,6
AGCGGACACTTCGTAG-1_V12D07-075_C1,12
AGCGGGAAGGGTCCAT-1_V12D07-075_C1,6
AGCGGGTCTGACACTC-1_V12D07-075_C1,11
AGCGGTTGCCGCTCTG-1_V12D07-075_C1,6
AGCGTACGAGAGCTAG-1_V12D07-075_C1,6
AGCGTCTGAACCCGCA-1_V12D07-075_C1,6
AGCGTGGTATTCTACT-1_V12D07-075_C1,12
AGCTAAGTACGCAGGC-1_V12D07-075_C1,12
AGCTAGAAGCAGAAGT-1_V12D07-075_C1,6
AGCTATTTAATCCAAC-1_V12D07-075_C1,6
AGCTCCATATATGTTC-1_V12D07-075_C1,11
AGCTCCTTCGCACATC-1_V12D07-075_C1,12
AGCTCTAGACGTTCCA-1_V12D07-075_C1,2
AGCTCTTCCCAGTGCA-1_V12D07-075_C1,6
AGCTCTTTACTCAGTT-1_V12D07-075_C1,12
AGCTGAAGTAAACCAA-1_V12D07-075_C1,6
AGCTTATAGAGACCTG-1_V12D07-075_C1,6
AGCTTCTTCTCGAGCA-1_V12D07-075_C1,14
AGCTTGATCTTAACTT-1_V12D07-075_C1,2
AGGAACGAACGACTTC-1_V12D07-075_C1,14
AGGAAGCTGTCCGCCG-1_V12D07-075_C1,12
AGGACATCGGCACACT-1_V12D07-075_C1,9
AGGACGACCCATTAGA-1_V12D07-075_C1,12
AGGACGCTCGATGTTG-1_V12D07-075_C1,6
AGGACTTATAGGAGAA-1_V12D07-075_C1,11
AGGAGACATCCACAGT-1_V12D07-075_C1,6
AGGAGGCCTTCGCGCG-1_V12D07-075_C1,14
AGGATAAAGTCGGGAT-1_V12D07-075_C1,12
AGGATATAGGGATTTA-1_V12D07-075_C1,14
AGGATATCCGACTGCA-1_V12D07-075_C1,2
AGGATTGCTTACGACA-1_V12D07-075_C1,6
AGGCACGTGACTGTCC-1_V12D07-075_C1,14
AGGCAGATGCGTAAAC-1_V12D07-075_C1,2
AGGCAGGGAGCGTACT-1_V12D07-075_C1,2
AGGCATTGTCGTAGGG-1_V12D07-075_C1,14
AGGCCACATTGGTTAC-1_V12D07-075_C1,6
AGGCCACCCGTTATGA-1_V12D07-075_C1,12
AGGCCCAGTGACTGGT-1_V12D07-075_C1,13
AGGCCTGAGAATCTCG-1_V12D07-075_C1,14
AGGCGATAACTGGCGT-1_V12D07-075_C1,14
AGGCGTCTATGGACGG-1_V12D07-075_C1,6
AGGCTATGGTTAGCTT-1_V12D07-075_C1,12
AGGCTTCCCGAAGAAG-1_V12D07-075_C1,2
AGGCTTGCTAGACACC-1_V12D07-075_C1,12
AGGGAAACGAGGTACT-1_V12D07-075_C1,6
AGGGACCGGCTGCGTT-1_V12D07-075_C1,6
AGGGACTCTACGCGAC-1_V12D07-075_C1,12
AGGGAGACATACTTCG-1_V12D07-075_C1,6
AGGGCAGCGGCGTGGT-1_V12D07-075_C1,6
AGGGCCCTAATGTTCT-1_V12D07-075_C1,14
AGGGCGTGATCGGCTA-1_V12D07-075_C1,4
AGGGCTGCAGTTACAG-1_V12D07-075_C1,12
AGGGTCAGTAACCCTA-1_V12D07-075_C1,6
AGGGTCGATGCGAACT-1_V12D07-075_C1,2
AGGGTCTGGACGCAGT-1_V12D07-075_C1,2
AGGGTGCTCTCGAGGG-1_V12D07-075_C1,2
AGGGTGGATAGTGCAT-1_V12D07-075_C1,10
AGGGTTCCCTTTGGTT-1_V12D07-075_C1,2
AGGGTTTAGTTCGGGA-1_V12D07-075_C1,12
AGGTAACCTCCTATTC-1_V12D07-075_C1,6
AGGTACGATATTGCCA-1_V12D07-075_C1,6
AGGTAGGTACAAAGCT-1_V12D07-075_C1,12
AGGTATAATTGATAGT-1_V12D07-075_C1,6
AGGTATGCGGACATTA-1_V12D07-075_C1,6
AGGTCGCCTCCCAACA-1_V12D07-075_C1,14
AGGTCGCGGAGTTACT-1_V12D07-075_C1,6
AGGTGCACGTCCACAT-1_V12D07-075_C1,14
AGGTGGTGACCTTCGC-1_V12D07-075_C1,12
AGGTGTATCGCCATGA-1_V12D07-075_C1,2
AGGTGTTGCCGACCAC-1_V12D07-075_C1,14
AGGTTACACCATGCCG-1_V12D07-075_C1,6
AGGTTGAGGCACGCTT-1_V12D07-075_C1,12
AGGTTTCACACACCTT-1_V12D07-075_C1,12
AGTAACGTTCATCCTG-1_V12D07-075_C1,6
AGTAACTATAGCAGCC-1_V12D07-075_C1,2
AGTAATGTCTTGCCGC-1_V12D07-075_C1,6
AGTACATCATTTATCA-1_V12D07-075_C1,6
AGTACCTTCGAGTGCT-1_V12D07-075_C1,6
AGTACGGCCCGTATCG-1_V12D07-075_C1,8
AGTACGGGCACCTGGC-1_V12D07-075_C1,6
AGTACGTGGCCTGTCT-1_V12D07-075_C1,6
AGTACTCTTATGCCCA-1_V12D07-075_C1,12
AGTAGAAGGCGCCTCA-1_V12D07-075_C1,14
AGTAGGAAGGAAGTTG-1_V12D07-075_C1,6
AGTAGGTAACATACAT-1_V12D07-075_C1,6
AGTATAATACTAGGCA-1_V12D07-075_C1,12
AGTATACACAGCGACA-1_V12D07-075_C1,9
AGTATTTGGCACGACC-1_V12D07-075_C1,12
AGTCAACACCACCATC-1_V12D07-075_C1,12
AGTCAAGATGACACTT-1_V12D07-075_C1,14
AGTCACTAGCTCTCGA-1_V12D07-075_C1,14
AGTCCATTGGCTGATG-1_V12D07-075_C1,14
AGTCCCTCGCAGAAAG-1_V12D07-075_C1,6
AGTCGACGGTCTCAAG-1_V12D07-075_C1,14
AGTCGGCCCAAACGAC-1_V12D07-075_C1,12
AGTCGGTTGCGTGAGA-1_V12D07-075_C1,6
AGTCGTATAAAGCAGA-1_V12D07-075_C1,12
AGTCGTCGACCACCAA-1_V12D07-075_C1,14
AGTCTAAAGTATACTC-1_V12D07-075_C1,6
AGTCTTCTCCTCAAAT-1_V12D07-075_C1,12
AGTCTTTAAAGTGTCC-1_V12D07-075_C1,14
AGTGAACAAACTTCTC-1_V12D07-075_C1,14
AGTGAAGATGGTGTCC-1_V12D07-075_C1,6
AGTGACCTACTTTACG-1_V12D07-075_C1,12
AGTGAGACTTCCAGTA-1_V12D07-075_C1,14
AGTGAGCCTCGCCGCC-1_V12D07-075_C1,2
AGTGAGGGTTTCTGAC-1_V12D07-075_C1,6
AGTGAGTCGAATTAAC-1_V12D07-075_C1,14
AGTGATAACCTGCGCG-1_V12D07-075_C1,12
AGTGATATGAGTAGTT-1_V12D07-075_C1,12
AGTGATTCAAGCAGGA-1_V12D07-075_C1,14
AGTGCACGCTTAAGAA-1_V12D07-075_C1,14
AGTGCGTAGCTCGTAA-1_V12D07-075_C1,2
AGTGCTAAACACAGCA-1_V12D07-075_C1,11
AGTGCTTGCACGAATA-1_V12D07-075_C1,14
AGTGGCGGCAATTTGA-1_V12D07-075_C1,2
AGTGGCGTCTGAAGGT-1_V12D07-075_C1,11
AGTGGCTCCGTCGGCC-1_V12D07-075_C1,2
AGTGGGAGTATACACG-1_V12D07-075_C1,11
AGTGGTTGCGTATAGG-1_V12D07-075_C1,8
AGTGTATTGCGCATTG-1_V12D07-075_C1,2
AGTGTGCTAAGATCGC-1_V12D07-075_C1,11
AGTGTGGTCTATTGTG-1_V12D07-075_C1,13
AGTTAAACACTTGCGA-1_V12D07-075_C1,12
AGTTAAGCGGTCCCGG-1_V12D07-075_C1,6
AGTTACCCTTAAGACT-1_V12D07-075_C1,12
AGTTACTCTATCGTGG-1_V12D07-075_C1,6
AGTTCACCGGTTGGAC-1_V12D07-075_C1,1
AGTTCCTACAGAATTA-1_V12D07-075_C1,12
AGTTCCTATTTATGTT-1_V12D07-075_C1,14
AGTTGACATCGGCTGG-1_V12D07-075_C1,6
AGTTGACGGTCCTTGC-1_V12D07-075_C1,11
AGTTGCTGACTGATAT-1_V12D07-075_C1,12
AGTTGGCAAGGCTAGA-1_V12D07-075_C1,14
AGTTTATGTAAAGACA-1_V12D07-075_C1,6
AGTTTCGCAGGTCGGA-1_V12D07-075_C1,6
AGTTTGCACCTGCCTC-1_V12D07-075_C1,12
AGTTTGGCACGGGTTG-1_V12D07-075_C1,14
AGTTTGGCCAGACCTA-1_V12D07-075_C1,2
ATAAACGGACCCGTAA-1_V12D07-075_C1,12
ATAAACGTTGCACCAC-1_V12D07-075_C1,14
ATAAAGGCTCGGTCGT-1_V12D07-075_C1,12
ATAAAGGTCAAGTACG-1_V12D07-075_C1,6
ATAAATATTAGCAGCT-1_V12D07-075_C1,12
ATAACGCCGGAGGGTC-1_V12D07-075_C1,14
ATAACGGAGTCCAACG-1_V12D07-075_C1,12
ATAACGTTACCTCCAC-1_V12D07-075_C1,6
ATAAGGTGGAGAACAT-1_V12D07-075_C1,12
ATAAGTACCCGATTGT-1_V12D07-075_C1,6
ATAAGTAGGATTCAGA-1_V12D07-075_C1,2
ATAAGTTACCGCGACG-1_V12D07-075_C1,12
ATAATACCGTTAGCCG-1_V12D07-075_C1,12
ATAATAGCTGTTGAAT-1_V12D07-075_C1,12
ATAATAGTGTAGGGAC-1_V12D07-075_C1,1
ATAATCTTGGAGAACC-1_V12D07-075_C1,11
ATAATTAGCTAAGTAG-1_V12D07-075_C1,11
ATACAGGCCCTCCAAT-1_V12D07-075_C1,12
ATACCACGGGCAACTT-1_V12D07-075_C1,12
ATACCAGGCTAATAGA-1_V12D07-075_C1,6
ATACCGTCATCCATAA-1_V12D07-075_C1,6
ATACCTAACCAAGAAA-1_V12D07-075_C1,13
ATACGAAGGCTTTCCA-1_V12D07-075_C1,6
ATACGCCGGCGAAACC-1_V12D07-075_C1,12
ATACGGGTTTCGATTG-1_V12D07-075_C1,6
ATACGGTGAAGATGCA-1_V12D07-075_C1,8
ATACGTACTTAGCCAC-1_V12D07-075_C1,12
ATACGTCCACTCCTGT-1_V12D07-075_C1,14
ATACGTTATGCACGGA-1_V12D07-075_C1,12
ATACTACCCGTACCAC-1_V12D07-075_C1,14
ATACTAGCATGACCCT-1_V12D07-075_C1,6
ATACTCTCGCCACTCT-1_V12D07-075_C1,6
ATACTGCCTTACACCG-1_V12D07-075_C1,12
ATACTTGTTCTCGAGC-1_V12D07-075_C1,13
ATAGACAACGGGACCT-1_V12D07-075_C1,2
ATAGACGAAGAGAAAG-1_V12D07-075_C1,12
ATAGAGTACTGGGACA-1_V12D07-075_C1,12
ATAGAGTTATCAACTT-1_V12D07-075_C1,12
ATAGCAACTAGGGAAG-1_V12D07-075_C1,14
ATAGCCTCAGTACCCA-1_V12D07-075_C1,12
ATAGCTGCTCTTGTTA-1_V12D07-075_C1,12
ATAGGAATCTAAGCTT-1_V12D07-075_C1,6
ATAGGCGGCTATAGAA-1_V12D07-075_C1,2
ATAGGCTAGCTTCGCA-1_V12D07-075_C1,2
ATAGGGATATCCTTGA-1_V12D07-075_C1,1
ATAGGTTGGGCAGATG-1_V12D07-075_C1,12
ATAGTCTTTGACGTGC-1_V12D07-075_C1,6
ATAGTGAAGCGTTCTC-1_V12D07-075_C1,12
ATAGTTCCACCCACTC-1_V12D07-075_C1,2
ATATAAAGCGCTCGTG-1_V12D07-075_C1,12
ATATAAATGTAGCTGC-1_V12D07-075_C1,12
ATATAACACGGGCGCA-1_V12D07-075_C1,14
ATATACGCTCGTGACG-1_V12D07-075_C1,14
ATATCAACCTACAGAG-1_V12D07-075_C1,12
ATATCGGTAGGGAGAT-1_V12D07-075_C1,6
ATATCGTTCCTCGAAC-1_V12D07-075_C1,14
ATATCTCCCTCGTTAA-1_V12D07-075_C1,6
ATATCTTAGGGCCTTC-1_V12D07-075_C1,12
ATATGGGATAGCAACT-1_V12D07-075_C1,12
ATATGTCTCCCTAGCC-1_V12D07-075_C1,2
ATATGTGCACAAACCA-1_V12D07-075_C1,6
ATATTATCCCGTATTT-1_V12D07-075_C1,11
ATATTCAGTTAAACCT-1_V12D07-075_C1,2
ATATTCCCACAGGTCA-1_V12D07-075_C1,6
ATATTGCTGTCAAAGT-1_V12D07-075_C1,13
ATATTGGAGAGGCCTT-1_V12D07-075_C1,14
ATATTTAACCCTCAAG-1_V12D07-075_C1,12
ATCAAACACTGTTCCA-1_V12D07-075_C1,14
ATCAAACGAAGGTTTG-1_V12D07-075_C1,2
ATCAATCTGGGCTGCA-1_V12D07-075_C1,12
ATCACATTAGAATATC-1_V12D07-075_C1,6
ATCACGTGCTAATTAA-1_V12D07-075_C1,2
ATCACTTCATCCTCGC-1_V12D07-075_C1,12
ATCAGACGGCACGCCG-1_V12D07-075_C1,12
ATCAGCCTCATGCTGC-1_V12D07-075_C1,12
ATCAGGTAGCTGACAG-1_V12D07-075_C1,6
ATCAGGTCGCCATTGC-1_V12D07-075_C1,6
ATCAGTAGGCAGGGAT-1_V12D07-075_C1,6
ATCATAGCCCTATGTA-1_V12D07-075_C1,14
ATCATCCAATATTTGT-1_V12D07-075_C1,14
ATCATGGACTACCGAC-1_V12D07-075_C1,6
ATCCAACGCAGTCATA-1_V12D07-075_C1,12
ATCCAATGGAGGGTCC-1_V12D07-075_C1,2
ATCCAATGGTACCGAA-1_V12D07-075_C1,8
ATCCACATCGACAGAA-1_V12D07-075_C1,11
ATCCACGCTAAATGTT-1_V12D07-075_C1,6
ATCCACTTTCAGACTA-1_V12D07-075_C1,6
ATCCAGAGCAACAACC-1_V12D07-075_C1,12
ATCCAGGATTCGTGAA-1_V12D07-075_C1,12
ATCCCATTTCCGTGGG-1_V12D07-075_C1,12
ATCCGGACCAGCCTGA-1_V12D07-075_C1,14
ATCCTACCTAAGCTCT-1_V12D07-075_C1,12
ATCCTGAATCGCTGCG-1_V12D07-075_C1,12
ATCCTGCGTGGAATGG-1_V12D07-075_C1,12
ATCCTGCTGCAGATAG-1_V12D07-075_C1,6
ATCCTTCTGAAAGAAC-1_V12D07-075_C1,6
ATCGACCCAATACAGA-1_V12D07-075_C1,14
ATCGACTCTTTCCGTT-1_V12D07-075_C1,12
ATCGCACGCCGGGAGA-1_V12D07-075_C1,12
ATCGCCAGTCAACATT-1_V12D07-075_C1,14
ATCGCTGCGTGCAGCA-1_V12D07-075_C1,6
ATCGCTTTACGTCTCA-1_V12D07-075_C1,6
ATCGGAGACAGACGGC-1_V12D07-075_C1,13
ATCGGCAAGCAGTCCA-1_V12D07-075_C1,6
ATCGGTTACCTAGTAA-1_V12D07-075_C1,8
ATCGTATTCCGAGAAC-1_V12D07-075_C1,11
ATCGTCCAATCGAGTC-1_V12D07-075_C1,13
ATCGTTAGCTAGCGGA-1_V12D07-075_C1,11
ATCGTTCACTTTCGCC-1_V12D07-075_C1,6
ATCTAACGTCCCTATG-1_V12D07-075_C1,8
ATCTAATATCCTACGG-1_V12D07-075_C1,12
ATCTACCATCTGCTCC-1_V12D07-075_C1,14
ATCTAGCTTGTGAGGG-1_V12D07-075_C1,14
ATCTCCCACGGAATAT-1_V12D07-075_C1,12
ATCTCCCTGCAATCTA-1_V12D07-075_C1,6
ATCTCGTGAGCGAAAC-1_V12D07-075_C1,6
ATCTGATAGTGTCTTA-1_V12D07-075_C1,11
ATCTGCACCTCTGCGA-1_V12D07-075_C1,2
ATCTGCTGTTATCGCC-1_V12D07-075_C1,12
ATCTGGGCTGTTCTTG-1_V12D07-075_C1,12
ATCTGGTTAAGACTGT-1_V12D07-075_C1,12
ATCTGTAATTGTACCC-1_V12D07-075_C1,6
ATCTTATCGCACACCC-1_V12D07-075_C1,12
ATCTTGACCTGCAACG-1_V12D07-075_C1,12
ATCTTGACTTGTCCAA-1_V12D07-075_C1,6
ATCTTTCGTATAACCA-1_V12D07-075_C1,10
ATGAAGCCAAGGAGCC-1_V12D07-075_C1,12
ATGAAGTGGACCCAGC-1_V12D07-075_C1,8
ATGACGCCGGCTCTAA-1_V12D07-075_C1,11
ATGACTATGCGACATT-1_V12D07-075_C1,14
ATGAGGAGTGTTAATC-1_V12D07-075_C1,12
ATGAGGGCAGCGGCTA-1_V12D07-075_C1,6
ATGATGCAATGGTACA-1_V12D07-075_C1,12
ATGCACTACCGCATTG-1_V12D07-075_C1,12
ATGCATGATCCAGGAT-1_V12D07-075_C1,12
ATGCCAATCGCTCTGC-1_V12D07-075_C1,6
ATGCCATTTGCGACCA-1_V12D07-075_C1,14
ATGCCGGTCTTGCATA-1_V12D07-075_C1,14
ATGCCGGTTGATGGGA-1_V12D07-075_C1,6
ATGCGACAATTGGTCC-1_V12D07-075_C1,2
ATGCGACAGTCCCATT-1_V12D07-075_C1,12
ATGCGAGTCCCACCAC-1_V12D07-075_C1,14
ATGCTCTGGCGCGGTA-1_V12D07-075_C1,14
ATGCTTAGGAGTTGAT-1_V12D07-075_C1,14
ATGGAACCTTTGCACA-1_V12D07-075_C1,6
ATGGAGCAGGCCGTGA-1_V12D07-075_C1,12
ATGGATCCGGCGTCCG-1_V12D07-075_C1,6
ATGGATTGACCAAACG-1_V12D07-075_C1,12
ATGGCAGCCGAGAAAC-1_V12D07-075_C1,4
ATGGCGGAATAGTCGC-1_V12D07-075_C1,6
ATGGCTGGAAATGGCC-1_V12D07-075_C1,6
ATGGGCCTCGGCCTCT-1_V12D07-075_C1,14
ATGGTCGCGTGGTTTC-1_V12D07-075_C1,9
ATGGTTACGAAACATG-1_V12D07-075_C1,6
ATGTAAGGCTGCTCTT-1_V12D07-075_C1,6
ATGTACATGCGGTGAG-1_V12D07-075_C1,14
ATGTACGATGACGTCG-1_V12D07-075_C1,11
ATGTAGCGCGCGTAGG-1_V12D07-075_C1,14
ATGTCATTTCCCATTG-1_V12D07-075_C1,8
ATGTGCATCCGACGCA-1_V12D07-075_C1,12
ATGTGGACATCTTGAT-1_V12D07-075_C1,12
ATGTTACGAGCAATAC-1_V12D07-075_C1,6
ATGTTCCTGCCCACCT-1_V12D07-075_C1,11
ATGTTCGTCGACCCAC-1_V12D07-075_C1,8
ATGTTGATTAGAGACT-1_V12D07-075_C1,14
ATGTTGTAGTCTGTTT-1_V12D07-075_C1,14
ATGTTTCGGCCCGGAG-1_V12D07-075_C1,6
ATTAAACATGCGGACC-1_V12D07-075_C1,12
ATTAACACCTGAGATA-1_V12D07-075_C1,11
ATTAATACTACGCGGG-1_V12D07-075_C1,12
ATTAATGAACCAGTCG-1_V12D07-075_C1,6
ATTAATTCGGTCACTC-1_V12D07-075_C1,6
ATTACAACTACCGGCC-1_V12D07-075_C1,6
ATTACATGTCAGTCTT-1_V12D07-075_C1,14
ATTACCACACTGCCTG-1_V12D07-075_C1,6
ATTACGACTCCACAGT-1_V12D07-075_C1,6
ATTACGCGCTGGCAGG-1_V12D07-075_C1,2
ATTACTTACTGGGCAT-1_V12D07-075_C1,6
ATTAGATTCCTCAGCA-1_V12D07-075_C1,6
ATTAGATTGATAGCGG-1_V12D07-075_C1,6
ATTAGGCGATGCTTTC-1_V12D07-075_C1,12
ATTATACTTTGCTCGT-1_V12D07-075_C1,6
ATTATAGCTACTTTAC-1_V12D07-075_C1,6
ATTATCGGAATGTACG-1_V12D07-075_C1,12
ATTATGCCATAGGGAG-1_V12D07-075_C1,6
ATTATTCAGAGTCACT-1_V12D07-075_C1,11
ATTCAAAGTACCTGTT-1_V12D07-075_C1,14
ATTCAACCATTTAAGG-1_V12D07-075_C1,11
ATTCACTGATGTTGGA-1_V12D07-075_C1,12
ATTCAGGACCTATTTC-1_V12D07-075_C1,6
ATTCAGTAGCAGGGTC-1_V12D07-075_C1,12
ATTCATATACTGTCCA-1_V12D07-075_C1,12
ATTCATCGTTGAGGCA-1_V12D07-075_C1,11
ATTCCCACATAAACAA-1_V12D07-075_C1,12
ATTCCTAAGACGTGGA-1_V12D07-075_C1,6
ATTCCTCCGCCAGTGC-1_V12D07-075_C1,12
ATTCCTTCCAGGCGGT-1_V12D07-075_C1,6
ATTCGACGCCGGGCCT-1_V12D07-075_C1,12
ATTCGCGCCTTGAGAG-1_V12D07-075_C1,14
ATTCTCGTCTCTTTAG-1_V12D07-075_C1,6
ATTCTGAGTATGAACT-1_V12D07-075_C1,6
ATTCTTCGTACTTATG-1_V12D07-075_C1,6
ATTGAAGATCTTAGTG-1_V12D07-075_C1,12
ATTGACCGGCGATGAC-1_V12D07-075_C1,6
ATTGACGTAACTCGGT-1_V12D07-075_C1,6
ATTGATGAGTCCTAAC-1_V12D07-075_C1,2
ATTGCCTTTATGTTTG-1_V12D07-075_C1,12
ATTGCGATCAGTAACT-1_V12D07-075_C1,14
ATTGCTGCTCCTCCAT-1_V12D07-075_C1,9
ATTGGATTACAGCGTA-1_V12D07-075_C1,14
ATTGGGAATATCTTGG-1_V12D07-075_C1,6
ATTGGGAGTTCTGTAA-1_V12D07-075_C1,6
ATTGGTAGGATCCGCT-1_V12D07-075_C1,11
ATTGGTTGTGCATTAC-1_V12D07-075_C1,2
ATTGTACAACTCGGCT-1_V12D07-075_C1,12
ATTGTCGCAATACCTT-1_V12D07-075_C1,6
ATTGTCTGTTTCATGT-1_V12D07-075_C1,12
ATTGTGACTTCGCTGC-1_V12D07-075_C1,6
ATTGTTCAACGATCCG-1_V12D07-075_C1,6
ATTTAACTCGTATTAC-1_V12D07-075_C1,6
ATTTACAGTTTACTGG-1_V12D07-075_C1,12
ATTTACTAAGTCCATT-1_V12D07-075_C1,6
ATTTCATTATTTCGCG-1_V12D07-075_C1,6
ATTTGTCTTGGGAGCT-1_V12D07-075_C1,14
ATTTGTTCCAGGGCTC-1_V12D07-075_C1,6
CAAACCAGGTCTGCAT-1_V12D07-075_C1,14
CAAACCCTCCGGCGGG-1_V12D07-075_C1,2
CAAACGAGTATCGCAG-1_V12D07-075_C1,2
CAAACGGTCGCACTTT-1_V12D07-075_C1,12
CAAACTACGATAGAGA-1_V12D07-075_C1,6
CAAACTATTGAGCTTC-1_V12D07-075_C1,6
CAAACTCGCGACGCCG-1_V12D07-075_C1,2
CAAAGGTCATCTGAAA-1_V12D07-075_C1,6
CAAAGGTTAAATTCAG-1_V12D07-075_C1,6
CAAATGTCCTTCCGTG-1_V12D07-075_C1,12
CAAATTGGATTATGCC-1_V12D07-075_C1,6
CAAATTGTCAGCAAGC-1_V12D07-075_C1,6
CAACACATCTCCTGCC-1_V12D07-075_C1,6
CAACATGGCCTGATAA-1_V12D07-075_C1,11
CAACCAGTGGCCTACC-1_V12D07-075_C1,14
CAACCGCACCTAGACA-1_V12D07-075_C1,11
CAACCTACCGAGCAGT-1_V12D07-075_C1,14
CAACCTGAACCTGCCA-1_V12D07-075_C1,6
CAACGACCCGTTTACA-1_V12D07-075_C1,6
CAACGGTTCTTGATAC-1_V12D07-075_C1,12
CAACGTGGTGGAGTCT-1_V12D07-075_C1,14
CAACTATATCGAATGC-1_V12D07-075_C1,6
CAACTCCGTAACTTGC-1_V12D07-075_C1,6
CAACTCCTTGATCCCG-1_V12D07-075_C1,6
CAACTGCTCATCCGAT-1_V12D07-075_C1,12
CAACTTGTAGTGGGCA-1_V12D07-075_C1,6
CAAGAAACCCTAAACT-1_V12D07-075_C1,6
CAAGACTCAGAAGCGC-1_V12D07-075_C1,6
CAAGAGGGCGGAGTAC-1_V12D07-075_C1,12
CAAGATATTATAACGT-1_V12D07-075_C1,14
CAAGCAACGTCGGAGT-1_V12D07-075_C1,12
CAAGCACCAAATGCCT-1_V12D07-075_C1,6
CAAGCGGCACATAATT-1_V12D07-075_C1,12
CAAGGATCGCATGTTC-1_V12D07-075_C1,12
CAAGGCCAGTGGTGCA-1_V12D07-075_C1,14
CAAGGTCCTATAGGCT-1_V12D07-075_C1,6
CAAGTAAGTGATAGAC-1_V12D07-075_C1,9
CAAGTGAACTTTGGTT-1_V12D07-075_C1,6
CAAGTGTGGTTGCAAA-1_V12D07-075_C1,14
CAATAAACCTTGGCCC-1_V12D07-075_C1,2
CAATACGAGAGTCTGA-1_V12D07-075_C1,6
CAATACGCTCTGAGGC-1_V12D07-075_C1,2
CAATATTCTTGACCTA-1_V12D07-075_C1,2
CAATCCCTATACCAGC-1_V12D07-075_C1,6
CAATGAGGTTCGACTA-1_V12D07-075_C1,6
CAATGGAATCTACATA-1_V12D07-075_C1,6
CAATGGATCTCTACCA-1_V12D07-075_C1,2
CAATGGTCGGCCTGGG-1_V12D07-075_C1,6
CAATGTGCCAACCCTT-1_V12D07-075_C1,6
CAATTAAGGGTGATGA-1_V12D07-075_C1,12
CAATTTCGTATAAGGG-1_V12D07-075_C1,12
CAATTTGACCGGGAAG-1_V12D07-075_C1,13
CACAAGAAAGATATTA-1_V12D07-075_C1,6
CACAATGAGCTGCTAT-1_V12D07-075_C1,12
CACACACGCTAACGAG-1_V12D07-075_C1,14
CACACAGCTTGCGCTC-1_V12D07-075_C1,6
CACACAGGGATAGATT-1_V12D07-075_C1,13
CACACGCGCTGTCTTA-1_V12D07-075_C1,2
CACACTTGTATTGCGA-1_V12D07-075_C1,6
CACAGCACCCACGGCA-1_V12D07-075_C1,12
CACAGCTAGGGAGTGA-1_V12D07-075_C1,6
CACAGGGCCATATAGT-1_V12D07-075_C1,11
CACAGGGCCGTTGTCA-1_V12D07-075_C1,12
CACAGTCCCGCTTCGC-1_V12D07-075_C1,14
CACAGTTCGCTTCCCA-1_V12D07-075_C1,14
CACATATTAGCAGGAT-1_V12D07-075_C1,12
CACATCTCACCGACGA-1_V12D07-075_C1,12
CACATGATTCAGCAAC-1_V12D07-075_C1,12
CACATTCTTTCGATGG-1_V12D07-075_C1,6
CACATTTCTTGTCAGA-1_V12D07-075_C1,2
CACCACGCCACACAGA-1_V12D07-075_C1,8
CACCATCGGAGGAGAC-1_V12D07-075_C1,6
CACCATGATCGCAAAG-1_V12D07-075_C1,6
CACCCAAATCTTATGT-1_V12D07-075_C1,6
CACCCACACGTCACCC-1_V12D07-075_C1,7
CACCCACGAGGCAATT-1_V12D07-075_C1,6
CACCCGGTTTGTGACT-1_V12D07-075_C1,2
CACCCTTTCCTCGCTC-1_V12D07-075_C1,6
CACCGATACACCGAGC-1_V12D07-075_C1,6
CACCGCCAGAAGGTTT-1_V12D07-075_C1,12
CACCGCCGACCAGCGA-1_V12D07-075_C1,6
CACCGCGTCCACTCTA-1_V12D07-075_C1,6
CACCGGAGATATCTCC-1_V12D07-075_C1,6
CACCGTATCCCATCCG-1_V12D07-075_C1,14
CACCGTTAGGGATCAC-1_V12D07-075_C1,2
CACCGTTGCGCGATAT-1_V12D07-075_C1,2
CACCTAATCAGTTTAC-1_V12D07-075_C1,6
CACCTCGATGGTGGAC-1_V12D07-075_C1,6
CACCTTGCGAAACTCG-1_V12D07-075_C1,6
CACCTTGGCGCCTTTG-1_V12D07-075_C1,11
CACGAAAGTTAGTCCC-1_V12D07-075_C1,12
CACGACGTAATAGTAA-1_V12D07-075_C1,10
CACGCACAGCGCAGCT-1_V12D07-075_C1,12
CACGCAGCGAGGCTTT-1_V12D07-075_C1,12
CACGCGGAACTGTTGC-1_V12D07-075_C1,14
CACGGACGTGGATGGC-1_V12D07-075_C1,6
CACGGCGCGCCAAAGG-1_V12D07-075_C1,6
CACGGGATTGAGGGTT-1_V12D07-075_C1,8
CACGTCAATCAATGGA-1_V12D07-075_C1,14
CACGTCGGCAACCTCT-1_V12D07-075_C1,2
CACGTCGGGTTCTAGA-1_V12D07-075_C1,8
CACGTCTATGATGTGG-1_V12D07-075_C1,6
CACGTTCGTGCTCTAG-1_V12D07-075_C1,2
CACGTTTCGTACACAC-1_V12D07-075_C1,14
CACTAAAGTTGCCTAT-1_V12D07-075_C1,12
CACTACGGGAGCTGCC-1_V12D07-075_C1,11
CACTACTCAGTTCTGT-1_V12D07-075_C1,6
CACTCAAGAGCTATGG-1_V12D07-075_C1,12
CACTCAGCTCTTGAGG-1_V12D07-075_C1,6
CACTCCTCTCGGTCGG-1_V12D07-075_C1,6
CACTCGAGCTGAACAA-1_V12D07-075_C1,12
CACTCGGTTAGGAGGA-1_V12D07-075_C1,8
CACTCTTCTGCTAGCC-1_V12D07-075_C1,12
CACTGACGATTGTGGA-1_V12D07-075_C1,12
CACTTAATCAGACGGA-1_V12D07-075_C1,12
CACTTCGTCTTATCTC-1_V12D07-075_C1,12
CAGAACTTAGCCCTCT-1_V12D07-075_C1,12
CAGAATAACACACGGA-1_V12D07-075_C1,14
CAGAATATTCGTTATC-1_V12D07-075_C1,6
CAGACACCGATCGCTG-1_V12D07-075_C1,12
CAGACCTGTAAGTGTT-1_V12D07-075_C1,2
CAGACGAACCTGATAC-1_V12D07-075_C1,12
CAGAGACGGTCACCCA-1_V12D07-075_C1,12
CAGAGCATGAGCTTGC-1_V12D07-075_C1,12
CAGAGCGATGGATGCT-1_V12D07-075_C1,9
CAGAGGCGATGCATGA-1_V12D07-075_C1,2
CAGAGTGATTTAACGT-1_V12D07-075_C1,6
CAGATAATGGGCGGGT-1_V12D07-075_C1,12
CAGATACTAACATAGT-1_V12D07-075_C1,12
CAGATCATTTAAAGTC-1_V12D07-075_C1,6
CAGCAGCCCGTTCCTT-1_V12D07-075_C1,12
CAGCAGTCCAGACTAT-1_V12D07-075_C1,14
CAGCAGTCTGTGCTGC-1_V12D07-075_C1,11
CAGCCGGGCCCTCTAT-1_V12D07-075_C1,6
CAGCCTCCTGCAGAGG-1_V12D07-075_C1,6
CAGCCTCGATAGCGGT-1_V12D07-075_C1,14
CAGCCTCTCCTCAAGA-1_V12D07-075_C1,6
CAGCGATTCCCTTCAA-1_V12D07-075_C1,2
CAGCGCCAACACGATA-1_V12D07-075_C1,8
CAGCTCACTGAGACAT-1_V12D07-075_C1,12
CAGCTCGACAAGTTAA-1_V12D07-075_C1,2
CAGCTTAGTAGGTAGC-1_V12D07-075_C1,12
CAGGAAGACTTTATAT-1_V12D07-075_C1,6
CAGGACAGCTGCCCTT-1_V12D07-075_C1,6
CAGGATATATCGTTGT-1_V12D07-075_C1,12
CAGGCAGTCTTACCAG-1_V12D07-075_C1,12
CAGGCCGTTTGGGTGT-1_V12D07-075_C1,12
CAGGCGCCATGCTAGG-1_V12D07-075_C1,12
CAGTAACTATTTATTG-1_V12D07-075_C1,6
CAGTACATTCTCTAAA-1_V12D07-075_C1,6
CAGTAGATGATGTCCG-1_V12D07-075_C1,8
CAGTAGCCCACGCGGT-1_V12D07-075_C1,6
CAGTCGAGGATGCAAT-1_V12D07-075_C1,12
CAGTCTCTCGGCTAAT-1_V12D07-075_C1,12
CAGTCTGTATACTGGG-1_V12D07-075_C1,12
CAGTGAATAAATGACT-1_V12D07-075_C1,6
CAGTGTCCGCAGAATG-1_V12D07-075_C1,13
CAGTGTCGGCTGGCCC-1_V12D07-075_C1,12
CAGTTCAAATTGACAC-1_V12D07-075_C1,12
CAGTTCGAGGACCCGA-1_V12D07-075_C1,12
CATAACGGACAGTCGT-1_V12D07-075_C1,2
CATAAGAAGCTTGGCT-1_V12D07-075_C1,12
CATAATGAGCGGGCGA-1_V12D07-075_C1,6
CATACAAAGCCGAACC-1_V12D07-075_C1,12
CATACACGGTTCCCAC-1_V12D07-075_C1,12
CATACCCGTACCCAGT-1_V12D07-075_C1,12
CATACGGCGTCTGGGC-1_V12D07-075_C1,12
CATACTATGTAATTGT-1_V12D07-075_C1,12
CATACTTAGGCAATAC-1_V12D07-075_C1,6
CATACTTCTTTCTCCG-1_V12D07-075_C1,9
CATAGAGGAGATACTA-1_V12D07-075_C1,14
CATAGCGTTGCCCACC-1_V12D07-075_C1,2
CATAGTACATTGAGAG-1_V12D07-075_C1,6
CATAGTAGCATAGTAG-1_V12D07-075_C1,12
CATAGTCAAATACATA-1_V12D07-075_C1,14
CATAGTCCACAAGAAC-1_V12D07-075_C1,2
CATAGTGGGCACGCCT-1_V12D07-075_C1,9
CATATACTACTGATAA-1_V12D07-075_C1,6
CATATAGGTACAGTCA-1_V12D07-075_C1,12
CATATTATTTGCCCTA-1_V12D07-075_C1,6
CATCAAACTGGCGCCC-1_V12D07-075_C1,6
CATCAACACCTACTAA-1_V12D07-075_C1,11
CATCATCTACCCGGAC-1_V12D07-075_C1,6
CATCATTACCCTGAGG-1_V12D07-075_C1,14
CATCCCGAGATTCATA-1_V12D07-075_C1,14
CATCCGCAGGCCCGAA-1_V12D07-075_C1,11
CATCCTCTCAAAGATC-1_V12D07-075_C1,14
CATCGGACGGGTTAAT-1_V12D07-075_C1,12
CATCGTCCGGTTACTA-1_V12D07-075_C1,12
CATCTACCCGAGAACG-1_V12D07-075_C1,6
CATCTAGTGAAGGGAA-1_V12D07-075_C1,6
CATCTATCCCGTGTCT-1_V12D07-075_C1,6
CATCTGCAGGATCATT-1_V12D07-075_C1,11
CATGAACCGACATTTG-1_V12D07-075_C1,6
CATGAACCTCTTATCA-1_V12D07-075_C1,1
CATGACTTCGCTGAAT-1_V12D07-075_C1,2
CATGAGATGCACTCTC-1_V12D07-075_C1,12
CATGATCGCTTTGAGA-1_V12D07-075_C1,14
CATGATGCACAATTCT-1_V12D07-075_C1,12
CATGATGGAAGTTAGC-1_V12D07-075_C1,14
CATGCATGGAGACCCT-1_V12D07-075_C1,1
CATGCGACCAGTTTAA-1_V12D07-075_C1,12
CATGCGTTAGACAGAA-1_V12D07-075_C1,6
CATGCTGGCTCCAATT-1_V12D07-075_C1,6
CATGGAAATGGGACCA-1_V12D07-075_C1,6
CATGGATTGTCTTCCG-1_V12D07-075_C1,14
CATGGCAGGAAGATCG-1_V12D07-075_C1,6
CATGGCTCCCTATGTC-1_V12D07-075_C1,11
CATGGGTCGGGTGTGG-1_V12D07-075_C1,6
CATGGTAAGTAGCGTT-1_V12D07-075_C1,12
CATGGTCTAGATACCG-1_V12D07-075_C1,12
CATGGTTTATTAATCA-1_V12D07-075_C1,14
CATGTAAGAGACATTT-1_V12D07-075_C1,14
CATGTAGGAGCGCCAA-1_V12D07-075_C1,6
CATGTCTCATTTATGG-1_V12D07-075_C1,14
CATTACATAGATTGTG-1_V12D07-075_C1,6
CATTACGCAGGAAGGG-1_V12D07-075_C1,2
CATTACGTCGGCCCGT-1_V12D07-075_C1,6
CATTATGCTTGTTGTG-1_V12D07-075_C1,12
CATTCACTGACAGCTA-1_V12D07-075_C1,6
CATTCCCATTCCGTCG-1_V12D07-075_C1,6
CATTCGTCGTAGCGGT-1_V12D07-075_C1,14
CATTGATGAACACGCC-1_V12D07-075_C1,10
CATTGCGAAATGGGCG-1_V12D07-075_C1,8
CATTGCGGGTCAATTC-1_V12D07-075_C1,10
CATTGTGTGCTAGATC-1_V12D07-075_C1,12
CATTTAGCGGACCATG-1_V12D07-075_C1,6
CATTTATCGTTCAAGA-1_V12D07-075_C1,6
CATTTGAGTGGTACGT-1_V12D07-075_C1,2
CCAAACAGAACCCTCG-1_V12D07-075_C1,12
CCAAAGCAGTTGGTTG-1_V12D07-075_C1,12
CCAAATAACAAGATTC-1_V12D07-075_C1,2
CCAACGATGCACTGAT-1_V12D07-075_C1,12
CCAACGCTTGCCAGGG-1_V12D07-075_C1,6
CCAACTTGATAGATCC-1_V12D07-075_C1,6
CCAAGAAAGTGGGCGA-1_V12D07-075_C1,12
CCAAGACTTCTGCGAA-1_V12D07-075_C1,6
CCAAGCGTAACTCGTA-1_V12D07-075_C1,12
CCAAGGTTGCCCTTTC-1_V12D07-075_C1,14
CCAAGTTTCTACAGAT-1_V12D07-075_C1,11
CCAATAGATTTCATCT-1_V12D07-075_C1,11
CCAATAGTGCCGTCGA-1_V12D07-075_C1,12
CCAATCGGTAGATCGA-1_V12D07-075_C1,6
CCAATGTCACAGCAAG-1_V12D07-075_C1,12
CCAATTACGGGTCGAG-1_V12D07-075_C1,6
CCAATTGAATGTTAAT-1_V12D07-075_C1,12
CCACAATGTACGTCTT-1_V12D07-075_C1,2
CCACACTGAGATATTA-1_V12D07-075_C1,12
CCACAGCTGAAATCAT-1_V12D07-075_C1,6
CCACAGTACCCATCCT-1_V12D07-075_C1,14
CCACATACTGCACCCA-1_V12D07-075_C1,6
CCACCAACTTTACTGT-1_V12D07-075_C1,2
CCACCCAAGGAAAGTG-1_V12D07-075_C1,2
CCACCTGTATGGAATA-1_V12D07-075_C1,14
CCACGAATTTAACCTC-1_V12D07-075_C1,14
CCACGAGAAGAGAATC-1_V12D07-075_C1,6
CCACGGTGCCCGGTAG-1_V12D07-075_C1,6
CCACGTAAATTAGACT-1_V12D07-075_C1,6
CCACTATCCGGGTCAC-1_V12D07-075_C1,6
CCACTGGTGGCTGGTT-1_V12D07-075_C1,2
CCACTGTTTGGATTAA-1_V12D07-075_C1,12
CCAGAAACTGATGCGA-1_V12D07-075_C1,2
CCAGAAAGCAACTCAT-1_V12D07-075_C1,2
CCAGAGACAAAGCCGG-1_V12D07-075_C1,13
CCAGATAGTTGAGTGA-1_V12D07-075_C1,2
CCAGCCTGGACCAATA-1_V12D07-075_C1,12
CCAGCGGGATCACCAG-1_V12D07-075_C1,6
CCAGCTACGCCTCATA-1_V12D07-075_C1,6
CCAGCTCGAACGCATT-1_V12D07-075_C1,12
CCAGCTGATGGTACTT-1_V12D07-075_C1,8
CCAGCTTCCGCCCGCA-1_V12D07-075_C1,12
CCAGGCTGGCGTCTGA-1_V12D07-075_C1,2
CCAGGGACGTGGCCTC-1_V12D07-075_C1,12
CCAGTAGTCTGATCCA-1_V12D07-075_C1,2
CCAGTCTAGACGGCGC-1_V12D07-075_C1,6
CCAGTCTTGTCATAGA-1_V12D07-075_C1,12
CCATAAACAACCCGAC-1_V12D07-075_C1,6
CCATACTCGCCTCTCC-1_V12D07-075_C1,8
CCATAGGTTGGCGTGG-1_V12D07-075_C1,6
CCATAGTCAGTAACCC-1_V12D07-075_C1,11
CCATATGGAAACTATA-1_V12D07-075_C1,14
CCATATTGGATCATGA-1_V12D07-075_C1,12
CCATCCATACCAAGTC-1_V12D07-075_C1,6
CCATCGCAGTTAAACT-1_V12D07-075_C1,12
CCATCTCACCAGTGAA-1_V12D07-075_C1,2
CCATCTTGTTCACAAT-1_V12D07-075_C1,6
CCATGCCCTAGATTTC-1_V12D07-075_C1,11
CCATGCCTGTTTAGTA-1_V12D07-075_C1,12
CCATGCTCTGCAGGAA-1_V12D07-075_C1,12
CCATGGCCCTTGTACC-1_V12D07-075_C1,8
CCATTAGCGATAATCC-1_V12D07-075_C1,4
CCATTCCCTGCCCACA-1_V12D07-075_C1,12
CCATTGTTTCCTCCAT-1_V12D07-075_C1,6
CCATTTCTACCTATTA-1_V12D07-075_C1,12
CCCAAACATGCTGCTC-1_V12D07-075_C1,14
CCCAACATACGTCGCG-1_V12D07-075_C1,2
CCCAACCACACTAACA-1_V12D07-075_C1,6
CCCAAGTCATTACACT-1_V12D07-075_C1,11
CCCAATTTCACAACTT-1_V12D07-075_C1,2
CCCAGAGGAGGGCGTA-1_V12D07-075_C1,6
CCCAGGTCTGAAGGCT-1_V12D07-075_C1,14
CCCAGTTAAGGCGCCG-1_V12D07-075_C1,6
CCCATATAGGTCGATT-1_V12D07-075_C1,14
CCCGACCATAGTCCGC-1_V12D07-075_C1,6
CCCGAGTTTCTCCGTA-1_V12D07-075_C1,2
CCCGATAGCCTCGCCT-1_V12D07-075_C1,6
CCCGCAGCGCGAACTA-1_V12D07-075_C1,12
CCCGCAGGGCCCAAAG-1_V12D07-075_C1,6
CCCGCCATGCTCCCGT-1_V12D07-075_C1,12
CCCGGCTAGGTGAGAA-1_V12D07-075_C1,14
CCCGGGTCGTTCAGGG-1_V12D07-075_C1,14
CCCGGTGGAAGAACCT-1_V12D07-075_C1,12
CCCGTAAGTCTAGGCC-1_V12D07-075_C1,2
CCCGTAGCTGGGAAGA-1_V12D07-075_C1,2
CCCGTCAGCGTCTGAC-1_V12D07-075_C1,6
CCCGTTTCGCAGATGT-1_V12D07-075_C1,14
CCCTACTTGAACAATG-1_V12D07-075_C1,14
CCCTAGTGTCAGGTGT-1_V12D07-075_C1,12
CCCTCAAGCTCTTAGT-1_V12D07-075_C1,12
CCCTCATTCTGGAATT-1_V12D07-075_C1,6
CCCTCCTCGCTCGTAT-1_V12D07-075_C1,14
CCCTGAAATGAGTTGA-1_V12D07-075_C1,12
CCCTGACTAACAAATT-1_V12D07-075_C1,2
CCCTGATGTAACTCGT-1_V12D07-075_C1,12
CCCTGCGCTACGCATA-1_V12D07-075_C1,9
CCCTGGTATGGGCGGC-1_V12D07-075_C1,6
CCCTGTTGGCAAAGAC-1_V12D07-075_C1,11
CCCTTTAATGGAGTTC-1_V12D07-075_C1,14
CCCTTTGACAGGTCTT-1_V12D07-075_C1,12
CCGAACCTTCCCGGCC-1_V12D07-075_C1,12
CCGAAGGGCGTACCGC-1_V12D07-075_C1,6
CCGAAGTATATTGTTC-1_V12D07-075_C1,13
CCGACAAACACATGAG-1_V12D07-075_C1,12
CCGACAAAGGGAGTGC-1_V12D07-075_C1,8
CCGACAATAGGCCGCC-1_V12D07-075_C1,11
CCGACGTAAACACAAC-1_V12D07-075_C1,6
CCGACTCGCATAGTCT-1_V12D07-075_C1,6
CCGAGCTGTGCTTGTC-1_V12D07-075_C1,6
CCGAGGGATGTTAGGC-1_V12D07-075_C1,6
CCGATATGACGTAAGG-1_V12D07-075_C1,6
CCGATCTCAACCTTAT-1_V12D07-075_C1,2
CCGATTCGAGGGACCC-1_V12D07-075_C1,2
CCGCACAAAGACCAAC-1_V12D07-075_C1,14
CCGCACACGAACGTGT-1_V12D07-075_C1,6
CCGCACGTGACCTCGG-1_V12D07-075_C1,12
CCGCACTTGCAATGAC-1_V12D07-075_C1,14
CCGCATGTGGTACGAT-1_V12D07-075_C1,12
CCGCCGGTCAACACAC-1_V12D07-075_C1,6
CCGCCGTTGAGGATAA-1_V12D07-075_C1,6
CCGCCTGCGAATTGGT-1_V12D07-075_C1,6
CCGCGATTTGGTAGGT-1_V12D07-075_C1,14
CCGCGGAATGCGTCAC-1_V12D07-075_C1,2
CCGCTATCAGCACCAG-1_V12D07-075_C1,14
CCGCTCTTCCGAACTA-1_V12D07-075_C1,14
CCGCTGGTGCCATTCA-1_V12D07-075_C1,6
CCGCTTACCTCACTCT-1_V12D07-075_C1,2
CCGCTTGCTGACATGG-1_V12D07-075_C1,10
CCGGAAGTTATCAGTC-1_V12D07-075_C1,6
CCGGAATGGTTTCAGT-1_V12D07-075_C1,13
CCGGAGCGTACTTTCT-1_V12D07-075_C1,12
CCGGAGGTCTTATGGT-1_V12D07-075_C1,6
CCGGCACGACCGTTTC-1_V12D07-075_C1,6
CCGGCGCATATTGGAT-1_V12D07-075_C1,6
CCGGGACCCGCAGAGA-1_V12D07-075_C1,6
CCGGGCGGTCTCGTCA-1_V12D07-075_C1,14
CCGGGCTGCTCCATAC-1_V12D07-075_C1,14
CCGGGTTCGAGGTTAC-1_V12D07-075_C1,12
CCGGTAATGGCTAGTC-1_V12D07-075_C1,6
CCGGTGCGAGTGATAG-1_V12D07-075_C1,14
CCGGTTTGTAATTGTG-1_V12D07-075_C1,2
CCGTAAGTTGGTCCCA-1_V12D07-075_C1,14
CCGTACCCAAGCGCCA-1_V12D07-075_C1,6
CCGTAGGAAATCCCTG-1_V12D07-075_C1,14
CCGTAGGGTTGTTTAC-1_V12D07-075_C1,14
CCGTATTAGCGCAGTT-1_V12D07-075_C1,6
CCGTGAGGCATTCATG-1_V12D07-075_C1,6
CCGTGCCCATGACGGC-1_V12D07-075_C1,6
CCGTGGAACGATCCAA-1_V12D07-075_C1,6
CCGTGTTAAATTCCAT-1_V12D07-075_C1,2
CCGTTACGTTAGAACA-1_V12D07-075_C1,6
CCGTTCCGAATCTCGG-1_V12D07-075_C1,2
CCTAAAGGCTGACGCT-1_V12D07-075_C1,6
CCTAAATTAACGGTTC-1_V12D07-075_C1,12
CCTAAATTGTATCCTA-1_V12D07-075_C1,2
CCTAACCCAAACAAGT-1_V12D07-075_C1,14
CCTAACTAAGGCTCTA-1_V12D07-075_C1,6
CCTACAAGTCCGGAAT-1_V12D07-075_C1,6
CCTACTCAACACGATT-1_V12D07-075_C1,14
CCTACTGCTTACACTT-1_V12D07-075_C1,12
CCTAGGCGTAGCGATC-1_V12D07-075_C1,14
CCTATAATGAGTGCCC-1_V12D07-075_C1,11
CCTATACCGTCCTGTC-1_V12D07-075_C1,2
CCTATATTTGTCCTGG-1_V12D07-075_C1,12
CCTATCTATATCGGAA-1_V12D07-075_C1,6
CCTATGAAGTGGTGCC-1_V12D07-075_C1,6
CCTATGGGTTACCGTC-1_V12D07-075_C1,2
CCTATGGTCAAAGCTG-1_V12D07-075_C1,14
CCTATGTCCACTCCAC-1_V12D07-075_C1,14
CCTCACCAATCTTGAC-1_V12D07-075_C1,12
CCTCACCTGAGGGAGC-1_V12D07-075_C1,2
CCTCACCTTAGCATCG-1_V12D07-075_C1,2
CCTCACGTCAGCTAAT-1_V12D07-075_C1,14
CCTCATGCAGCTACGA-1_V12D07-075_C1,6
CCTCCCGACAATCCCT-1_V12D07-075_C1,6
CCTCCGACAATTCAAG-1_V12D07-075_C1,12
CCTCCTGAGCCCACAT-1_V12D07-075_C1,8
CCTCCTGTTGTGTCGT-1_V12D07-075_C1,14
CCTCGAAGTGGACGGG-1_V12D07-075_C1,6
CCTCGCCAGCAAATTA-1_V12D07-075_C1,6
CCTCGCGCGATATAGG-1_V12D07-075_C1,2
CCTCGCGCTGTGCGAT-1_V12D07-075_C1,12
CCTCGGACCGGGATAG-1_V12D07-075_C1,12
CCTCGGATGCTACCTG-1_V12D07-075_C1,14
CCTCGTTACGCCTGTT-1_V12D07-075_C1,10
CCTCTAATCTGCCAAG-1_V12D07-075_C1,12
CCTCTCTCCCATCTAG-1_V12D07-075_C1,12
CCTCTGGCCTAGACGG-1_V12D07-075_C1,6
CCTCTGTACTATTCTA-1_V12D07-075_C1,12
CCTGAACGATATATTC-1_V12D07-075_C1,14
CCTGAATATTTACATA-1_V12D07-075_C1,12
CCTGACAAACTCGCGC-1_V12D07-075_C1,8
CCTGACCACCGATGGT-1_V12D07-075_C1,12
CCTGCCCGTTGTCTAG-1_V12D07-075_C1,8
CCTGCGATAGAACTGT-1_V12D07-075_C1,12
CCTGCGTTCTACGCTT-1_V12D07-075_C1,13
CCTGCTATTTGAGAAG-1_V12D07-075_C1,6
CCTGGAAACGTTCTGC-1_V12D07-075_C1,6
CCTGGCTAGACCCGCC-1_V12D07-075_C1,12
CCTGGTCGAATGTGGG-1_V12D07-075_C1,12
CCTGTAAGACATGATA-1_V12D07-075_C1,12
CCTGTACTCACGCCCA-1_V12D07-075_C1,2
CCTGTCACCCGGGCTC-1_V12D07-075_C1,12
CCTGTCCCTCACGTTA-1_V12D07-075_C1,6
CCTGTCGCCCGTAAAT-1_V12D07-075_C1,12
CCTGTGAAACCGTAAC-1_V12D07-075_C1,11
CCTGTTTGAAGACACG-1_V12D07-075_C1,14
CCTTCAGTTAAAGTGA-1_V12D07-075_C1,2
CCTTCGTATAGAATCC-1_V12D07-075_C1,14
CCTTCTTGATCCAGTG-1_V12D07-075_C1,6
CCTTGACCACTTTATT-1_V12D07-075_C1,14
CCTTTAAGGGAGCACT-1_V12D07-075_C1,12
CCTTTCAATGAAGAAA-1_V12D07-075_C1,2
CGAAACATAGATGGCA-1_V12D07-075_C1,6
CGAAACGCAATTCATG-1_V12D07-075_C1,2
CGAACAGTATGGGCGT-1_V12D07-075_C1,14
CGAACATAGTCAGAAA-1_V12D07-075_C1,6
CGAACCCGCATGCGTC-1_V12D07-075_C1,12
CGAACGCCCAGTGCCG-1_V12D07-075_C1,6
CGAAGACGGTGAGTGC-1_V12D07-075_C1,11
CGAAGCTATAAATTCA-1_V12D07-075_C1,6
CGAAGTTGCTCTGTGT-1_V12D07-075_C1,12
CGAATGACGCATAATG-1_V12D07-075_C1,12
CGAATTCCCGGTTCAA-1_V12D07-075_C1,9
CGACAATTTGATCTAA-1_V12D07-075_C1,14
CGACACCGCTTAAGGA-1_V12D07-075_C1,6
CGACACGCTCCGACAG-1_V12D07-075_C1,14
CGACAGTTCGCGTTAT-1_V12D07-075_C1,12
CGACATGCGATCTTCT-1_V12D07-075_C1,6
CGACTCAGGATGTTAT-1_V12D07-075_C1,6
CGACTTTGTATAGCCT-1_V12D07-075_C1,6
CGAGACCCTAGAGTGT-1_V12D07-075_C1,12
CGAGACTACTGCTGCT-1_V12D07-075_C1,2
CGAGAGATGTGAACCT-1_V12D07-075_C1,12
CGAGAGCTTTCACTAC-1_V12D07-075_C1,11
CGAGAGGGTAGCCGCG-1_V12D07-075_C1,14
CGAGATTTCGCTCGGG-1_V12D07-075_C1,6
CGAGCACTTCAAGTTT-1_V12D07-075_C1,12
CGAGCCGAGCACTCGA-1_V12D07-075_C1,11
CGAGCGTTGATCAGCC-1_V12D07-075_C1,6
CGAGCTGGGCTTTAGG-1_V12D07-075_C1,6
CGAGGAGCTTCCATAT-1_V12D07-075_C1,10
CGAGGATCGGGAACGA-1_V12D07-075_C1,6
CGAGGCCAGGCATTGG-1_V12D07-075_C1,12
CGAGGCTAAATATGGC-1_V12D07-075_C1,4
CGAGGGACTGCGGTCG-1_V12D07-075_C1,12
CGAGGGTATCCAGGTG-1_V12D07-075_C1,12
CGAGTACTAAAGAGGA-1_V12D07-075_C1,2
CGAGTGCTATAGTTCG-1_V12D07-075_C1,6
CGAGTTCTGTCCCACC-1_V12D07-075_C1,2
CGAGTTTATCGGACTG-1_V12D07-075_C1,14
CGATAATACTCAGGTT-1_V12D07-075_C1,6
CGATACCTCGCGGACA-1_V12D07-075_C1,12
CGATAGTCGTACTGCA-1_V12D07-075_C1,4
CGATATTAGCCGCAGG-1_V12D07-075_C1,6
CGATCCGACCCAGTGC-1_V12D07-075_C1,12
CGATGGACCCTACGCC-1_V12D07-075_C1,2
CGATTAAATATCTCCT-1_V12D07-075_C1,9
CGATTCGCCTGGCTGC-1_V12D07-075_C1,12
CGCAAACACGAGTTAC-1_V12D07-075_C1,12
CGCAATCGATCATTAG-1_V12D07-075_C1,13
CGCAATTACTTTCGGT-1_V12D07-075_C1,12
CGCAATTAGGGTAATA-1_V12D07-075_C1,12
CGCACATGTCCACTAC-1_V12D07-075_C1,14
CGCACGTGCGCTATCA-1_V12D07-075_C1,2
CGCAGAAACATTTGCG-1_V12D07-075_C1,6
CGCAGATCTTCACCCG-1_V12D07-075_C1,10
CGCAGGCGATCCAAAC-1_V12D07-075_C1,14
CGCATCATGGCTTCAG-1_V12D07-075_C1,6
CGCATCCATCAGCCAG-1_V12D07-075_C1,6
CGCATGCCGAATGCGT-1_V12D07-075_C1,14
CGCATGGTGCGATGCT-1_V12D07-075_C1,12
CGCATTAGCTAATAGG-1_V12D07-075_C1,12
CGCCAAGAAGCCGAGT-1_V12D07-075_C1,2
CGCCAATTATTGCGTT-1_V12D07-075_C1,11
CGCCACCCGCATTAAC-1_V12D07-075_C1,13
CGCCATCCGATTATGA-1_V12D07-075_C1,6
CGCCCAGCACGCCTAG-1_V12D07-075_C1,12
CGCCCAGCGTTTCACG-1_V12D07-075_C1,11
CGCCCGCTTCCGTACA-1_V12D07-075_C1,6
CGCCCTTGAAGGCTGA-1_V12D07-075_C1,12
CGCCGACTATTCGCTA-1_V12D07-075_C1,11
CGCCGCCCATGCCTGT-1_V12D07-075_C1,14
CGCCGTCTACCCATCG-1_V12D07-075_C1,6
CGCCGTTCAGCATAGT-1_V12D07-075_C1,14
CGCCTCCCTCCTCTAT-1_V12D07-075_C1,12
CGCCTGGCCTACGTAA-1_V12D07-075_C1,2
CGCCTTTAGCATGCTC-1_V12D07-075_C1,6
CGCGAAGTGGCATACT-1_V12D07-075_C1,14
CGCGACACTGCGCAGC-1_V12D07-075_C1,12
CGCGACCGCGACAGAT-1_V12D07-075_C1,12
CGCGAGAGGGACTTGT-1_V12D07-075_C1,6
CGCGCATGTTTGATTG-1_V12D07-075_C1,12
CGCGCCCGACTTAATA-1_V12D07-075_C1,6
CGCGGCAGTATTACGG-1_V12D07-075_C1,13
CGCGGCTCAACTTGAA-1_V12D07-075_C1,14
CGCGGGAATTAGGCAG-1_V12D07-075_C1,2
CGCGGTAAGTCTAGCT-1_V12D07-075_C1,6
CGCGGTACGGTATACA-1_V12D07-075_C1,14
CGCGGTCACAAACCAA-1_V12D07-075_C1,6
CGCGTACATTCTGGAA-1_V12D07-075_C1,6
CGCGTTCATGAAATAC-1_V12D07-075_C1,12
CGCTACGGGACATTTA-1_V12D07-075_C1,12
CGCTAGAGACCGCTGC-1_V12D07-075_C1,2
CGCTATACCGCCCACT-1_V12D07-075_C1,6
CGCTATTCTTAGGCTC-1_V12D07-075_C1,12
CGCTCGACATAATGAT-1_V12D07-075_C1,12
CGCTCTCCGTAGATTA-1_V12D07-075_C1,12
CGCTGGTGACTACCCT-1_V12D07-075_C1,14
CGCTGTGACGCCGCAC-1_V12D07-075_C1,12
CGCTGTGTGGATGTTG-1_V12D07-075_C1,2
CGCTTAGTATTGATAC-1_V12D07-075_C1,12
CGCTTATTCCCGGTCG-1_V12D07-075_C1,2
CGCTTCCACTGAAATC-1_V12D07-075_C1,13
CGCTTCGGTCTAAGAC-1_V12D07-075_C1,12
CGCTTGGACGGATAGA-1_V12D07-075_C1,2
CGCTTTCATACCGGTG-1_V12D07-075_C1,6
CGCTTTCTTGCATTCG-1_V12D07-075_C1,2
CGGAAAGAATCAAACG-1_V12D07-075_C1,2
CGGAAAGCAAATGTGC-1_V12D07-075_C1,8
CGGAACGTAAACATAG-1_V12D07-075_C1,2
CGGAGCAATTTAATCG-1_V12D07-075_C1,12
CGGAGCATGGCGATCC-1_V12D07-075_C1,12
CGGAGCTTATAACACC-1_V12D07-075_C1,6
CGGAGTTTGAGAGACA-1_V12D07-075_C1,12
CGGATAAGCGGACATG-1_V12D07-075_C1,11
CGGATCCTCAAGGACT-1_V12D07-075_C1,12
CGGCAAACATCGTGCG-1_V12D07-075_C1,12
CGGCAATAAGATCGCC-1_V12D07-075_C1,14
CGGCACCGTTAGCGCC-1_V12D07-075_C1,6
CGGCACTCAAGAAAGT-1_V12D07-075_C1,12
CGGCAGGGTCGGGTTG-1_V12D07-075_C1,2
CGGCCACGCACAAAGT-1_V12D07-075_C1,14
CGGCCAGAGCGACCAT-1_V12D07-075_C1,12
CGGCCCAACCTGTAGT-1_V12D07-075_C1,6
CGGCCCAGGTATATCC-1_V12D07-075_C1,14
CGGCGCCATCAATCCC-1_V12D07-075_C1,14
CGGCTCTAAAGCTGCA-1_V12D07-075_C1,2
CGGCTCTTCGTCGAAC-1_V12D07-075_C1,6
CGGCTTTGTATGATAA-1_V12D07-075_C1,6
CGGGAATATAGTATAC-1_V12D07-075_C1,14
CGGGAATTTATGTAAA-1_V12D07-075_C1,14
CGGGAGCTTCAGTGTA-1_V12D07-075_C1,14
CGGGAGTATACCGCCG-1_V12D07-075_C1,11
CGGGATCAATGTAAGA-1_V12D07-075_C1,12
CGGGCAGCTAAACCGC-1_V12D07-075_C1,12
CGGGCCATAGCCGCAC-1_V12D07-075_C1,6
CGGGCCTTCTTTGTAA-1_V12D07-075_C1,14
CGGGCGATGGATCACG-1_V12D07-075_C1,14
CGGGTGTACCCATTTA-1_V12D07-075_C1,2
CGGGTTCGGCACGTAT-1_V12D07-075_C1,10
CGGGTTTGTTAGGGCT-1_V12D07-075_C1,14
CGGTAGAGGTGCAGGT-1_V12D07-075_C1,6
CGGTATAGGTATTAGC-1_V12D07-075_C1,6
CGGTCAAGTGGGAACC-1_V12D07-075_C1,6
CGGTCAGTCCATATTT-1_V12D07-075_C1,2
CGGTCCATGAGACTCC-1_V12D07-075_C1,6
CGGTCCGTCGCAAGCC-1_V12D07-075_C1,12
CGGTCTATCAACCCGT-1_V12D07-075_C1,6
CGGTGAAGACTAAAGT-1_V12D07-075_C1,13
CGGTGCAGATAGAACG-1_V12D07-075_C1,12
CGGTGCGCGTTGGTCC-1_V12D07-075_C1,2
CGGTGGGCTCCAGCCT-1_V12D07-075_C1,6
CGGTGTACTTGATCCC-1_V12D07-075_C1,13
CGGTTATCCAACAGTG-1_V12D07-075_C1,2
CGGTTCAAGTAGGTGT-1_V12D07-075_C1,12
CGGTTCCGGCTTCTTG-1_V12D07-075_C1,6
CGGTTGACCTGGCATA-1_V12D07-075_C1,2
CGGTTGGGTTCAAGTT-1_V12D07-075_C1,6
CGGTTTATGAAGGAAC-1_V12D07-075_C1,6
CGTAACTTCGACACTT-1_V12D07-075_C1,12
CGTAATAATTACGAGT-1_V12D07-075_C1,11
CGTACCGAAAGTCTAG-1_V12D07-075_C1,12
CGTACCTGATAGGCCT-1_V12D07-075_C1,12
CGTAGCGAATTGTCAG-1_V12D07-075_C1,6
CGTAGCGCCGACGTTG-1_V12D07-075_C1,6
CGTATCTAGAACTAAG-1_V12D07-075_C1,14
CGTATTAAGAGATCTA-1_V12D07-075_C1,12
CGTCAAGGCTATAAAT-1_V12D07-075_C1,12
CGTCAATCTTTAACAT-1_V12D07-075_C1,12
CGTCACGTCCATTGGT-1_V12D07-075_C1,12
CGTCAGCTATTTACTC-1_V12D07-075_C1,12
CGTCAGTGCGCACAAG-1_V12D07-075_C1,6
CGTCCAGATGGCTCCA-1_V12D07-075_C1,11
CGTCCTCATCGCGTGC-1_V12D07-075_C1,2
CGTCGCATGTGAGCCA-1_V12D07-075_C1,11
CGTCGGATAGTGTTGA-1_V12D07-075_C1,2
CGTCGTCCTTCGCGAA-1_V12D07-075_C1,12
CGTCTGGAAGGGCCCG-1_V12D07-075_C1,6
CGTCTTGAGTGTGACG-1_V12D07-075_C1,6
CGTGAAGTTAATTCAC-1_V12D07-075_C1,12
CGTGACATTGGGTCGT-1_V12D07-075_C1,6
CGTGACCAGTCCTCTG-1_V12D07-075_C1,12
CGTGCAGACTGGGACA-1_V12D07-075_C1,12
CGTGCATTGTCGACGC-1_V12D07-075_C1,2
CGTGCCCTCCCGAAGA-1_V12D07-075_C1,12
CGTGCTGGCCTAGTCG-1_V12D07-075_C1,12
CGTGGAAGCCTCGTAC-1_V12D07-075_C1,6
CGTGGCCGAATATCTA-1_V12D07-075_C1,14
CGTGTATGGGAGCTGA-1_V12D07-075_C1,14
CGTGTCCCATTCGCGA-1_V12D07-075_C1,12
CGTGTGTTAAACCCTG-1_V12D07-075_C1,6
CGTTAAACTAGTTAGG-1_V12D07-075_C1,2
CGTTAATGTCCCGACG-1_V12D07-075_C1,12
CGTTAGCTCACAACTG-1_V12D07-075_C1,6
CGTTCAGACCCGCGAA-1_V12D07-075_C1,11
CGTTCTTCGCACACCT-1_V12D07-075_C1,6
CGTTGAATACCGCGCT-1_V12D07-075_C1,12
CGTTGAGCGACCGTCG-1_V12D07-075_C1,12
CGTTGAGTAATTGCGT-1_V12D07-075_C1,6
CGTTGCCCGCGTGGGA-1_V12D07-075_C1,2
CGTTGTAAGATTGATT-1_V12D07-075_C1,6
CGTTGTCGGCAATTGA-1_V12D07-075_C1,11
CGTTGTTTCAATTCCC-1_V12D07-075_C1,12
CGTTTAAGCGGAGCAC-1_V12D07-075_C1,6
CGTTTACAAGGCAGCT-1_V12D07-075_C1,6
CGTTTCACTTCGGGCG-1_V12D07-075_C1,6
CGTTTCGCTCATTACA-1_V12D07-075_C1,12
CGTTTGGTGTTGTGGG-1_V12D07-075_C1,14
CGTTTGTGTAGAGGGT-1_V12D07-075_C1,2
CTAAAGAATGCCTACT-1_V12D07-075_C1,12
CTAAAGGGAAATAGGA-1_V12D07-075_C1,12
CTAAATCCTATTCCGG-1_V12D07-075_C1,2
CTAACCGCGCGCCCGT-1_V12D07-075_C1,12
CTAACGAAACTTGCTG-1_V12D07-075_C1,2
CTAACTGATAATCGCC-1_V12D07-075_C1,14
CTAACTGGTCCGGTTC-1_V12D07-075_C1,2
CTAAGGGAATGATTGG-1_V12D07-075_C1,12
CTAAGTACAGGGCTAC-1_V12D07-075_C1,6
CTAATTCGCACGCGCT-1_V12D07-075_C1,12
CTAATTCTCAGATATT-1_V12D07-075_C1,2
CTAATTTCAACAACAC-1_V12D07-075_C1,12
CTACACTCGCAGATGG-1_V12D07-075_C1,14
CTACCCTAAGGTCATA-1_V12D07-075_C1,2
CTACGACTAGCTATAA-1_V12D07-075_C1,8
CTACGCACGGAGTACC-1_V12D07-075_C1,12
CTACGCCATTTCCGAT-1_V12D07-075_C1,6
CTACGTGTTGCCACCA-1_V12D07-075_C1,6
CTACTATCTTTCAGAG-1_V12D07-075_C1,2
CTACTCAAGGTATAGT-1_V12D07-075_C1,2
CTACTCTAGGCCCGGC-1_V12D07-075_C1,9
CTACTGCCACCTGACC-1_V12D07-075_C1,12
CTAGACATATATGTAG-1_V12D07-075_C1,6
CTAGACTGCATTTCGT-1_V12D07-075_C1,6
CTAGATAAACTCCTCG-1_V12D07-075_C1,9
CTAGATGTGAGTGTAA-1_V12D07-075_C1,6
CTAGATTTACGACGGC-1_V12D07-075_C1,12
CTAGCATAGTATAATG-1_V12D07-075_C1,12
CTAGCCACAGGCGAGC-1_V12D07-075_C1,14
CTAGCCGATGTTATGA-1_V12D07-075_C1,6
CTAGCTTAATGGTCCC-1_V12D07-075_C1,6
CTAGGCGCCCTATCAG-1_V12D07-075_C1,12
CTAGGTCTGAAGGAAT-1_V12D07-075_C1,2
CTAGGTTCGGACGTGA-1_V12D07-075_C1,12
CTAGTAGAAAGGGATT-1_V12D07-075_C1,12
CTAGTATTCGGAATTA-1_V12D07-075_C1,6
CTAGTCACGTCTTAAG-1_V12D07-075_C1,12
CTAGTGAAGGACAGGA-1_V12D07-075_C1,12
CTAGTTACAACCCGGT-1_V12D07-075_C1,12
CTAGTTGGGCCCGGTA-1_V12D07-075_C1,12
CTATAAGAGCCAATCG-1_V12D07-075_C1,12
CTATCGACGAAATACA-1_V12D07-075_C1,14
CTATCGCGTAGAGAAC-1_V12D07-075_C1,14
CTATCGGGTCTCAACA-1_V12D07-075_C1,12
CTATGCCCGAATGCAA-1_V12D07-075_C1,12
CTATGGGAAGCGGAAT-1_V12D07-075_C1,14
CTATGTCACTAGCCCA-1_V12D07-075_C1,12
CTATGTCTATTGAAAC-1_V12D07-075_C1,6
CTATTCATGTGTCCCA-1_V12D07-075_C1,12
CTATTGTGTTTGGTCA-1_V12D07-075_C1,6
CTATTTGCTTGGAGGA-1_V12D07-075_C1,14
CTATTTGGTTACGGAT-1_V12D07-075_C1,14
CTCAACTAACCCGGAT-1_V12D07-075_C1,11
CTCAAGACATTAGCGC-1_V12D07-075_C1,6
CTCACATTTACTAAAT-1_V12D07-075_C1,12
CTCACCAGTACAAGTG-1_V12D07-075_C1,8
CTCACCGATCCAAACT-1_V12D07-075_C1,6
CTCACTGTGATACTTA-1_V12D07-075_C1,14
CTCACTTGGCTGGTAA-1_V12D07-075_C1,2
CTCAGGACTCACCTGT-1_V12D07-075_C1,13
CTCAGTCACGACAAAT-1_V12D07-075_C1,2
CTCATCACTTAGTGAT-1_V12D07-075_C1,6
CTCATGGCTCACAATC-1_V12D07-075_C1,6
CTCATTCGTGAACATC-1_V12D07-075_C1,12
CTCATTGCTCTAACAA-1_V12D07-075_C1,11
CTCATTTGATGGGCGG-1_V12D07-075_C1,12
CTCCCAATGAGTCGCG-1_V12D07-075_C1,2
CTCCGCCCACATGAGG-1_V12D07-075_C1,12
CTCCGGCCTAATATGC-1_V12D07-075_C1,6
CTCCGGCTTGTAGACA-1_V12D07-075_C1,12
CTCCTCCAGCTCACAC-1_V12D07-075_C1,12
CTCCTGTTCAAGGCAG-1_V12D07-075_C1,13
CTCCTTTACGCAAGTC-1_V12D07-075_C1,6
CTCGAATGGAACGTAT-1_V12D07-075_C1,6
CTCGAGATCCAAAGCA-1_V12D07-075_C1,12
CTCGAGGTCGAACAGT-1_V12D07-075_C1,12
CTCGATATTTGCGAGC-1_V12D07-075_C1,6
CTCGCACCTATATAGT-1_V12D07-075_C1,12
CTCGCCGAATGTAGGG-1_V12D07-075_C1,12
CTCGCTAGGTAAGCGA-1_V12D07-075_C1,2
CTCGGGATAACACCTA-1_V12D07-075_C1,6
CTCGGTACCACTGCTC-1_V12D07-075_C1,12
CTCGTCTGTGCCTTCG-1_V12D07-075_C1,14
CTCGTTTCTAATGTTT-1_V12D07-075_C1,6
CTCTAATGCATTGATC-1_V12D07-075_C1,6
CTCTAGCCCTCGGAAA-1_V12D07-075_C1,11
CTCTATTTGGCTGCAG-1_V12D07-075_C1,12
CTCTCACAATCGATGA-1_V12D07-075_C1,14
CTCTCGCTGTACTATG-1_V12D07-075_C1,12
CTCTGCGAAGCAAGCA-1_V12D07-075_C1,6
CTCTGGACGCCTGGTG-1_V12D07-075_C1,12
CTCTGTTTGAGGATTC-1_V12D07-075_C1,6
CTCTTCTATTGACTGG-1_V12D07-075_C1,14
CTCTTGTCCCGCTTGG-1_V12D07-075_C1,12
CTGAAACGGCCCTCAG-1_V12D07-075_C1,6
CTGAAAGAGATCCGAC-1_V12D07-075_C1,6
CTGAATCCGAGACCTC-1_V12D07-075_C1,12
CTGAATTTATTGCCAG-1_V12D07-075_C1,6
CTGACATAGAAATAGA-1_V12D07-075_C1,6
CTGACTGCGCAGCTCG-1_V12D07-075_C1,2
CTGAGAAAGTTCGGCG-1_V12D07-075_C1,6
CTGAGAGTAGAAATAC-1_V12D07-075_C1,14
CTGAGCAAGTAACAAG-1_V12D07-075_C1,9
CTGAGCGAGACTTATT-1_V12D07-075_C1,6
CTGCAAGCACGTTCCG-1_V12D07-075_C1,14
CTGCACAACTACATAT-1_V12D07-075_C1,12
CTGCACCTAGTCCACA-1_V12D07-075_C1,6
CTGCACCTGGAACCGC-1_V12D07-075_C1,6
CTGCACTCCAGTACAG-1_V12D07-075_C1,12
CTGCAGAGAATCAGAG-1_V12D07-075_C1,11
CTGCAGGTGCTCGGCC-1_V12D07-075_C1,11
CTGCCAAGGTTGGAAG-1_V12D07-075_C1,6
CTGCCATGCATCACAT-1_V12D07-075_C1,12
CTGCCCACGAAGCGTT-1_V12D07-075_C1,8
CTGCCTCATATGCAAC-1_V12D07-075_C1,6
CTGCCTTTCTAGTAAA-1_V12D07-075_C1,14
CTGCGGTAGTCACGTG-1_V12D07-075_C1,6
CTGCGTTACGATATAA-1_V12D07-075_C1,6
CTGCTGAGGCCACGAA-1_V12D07-075_C1,2
CTGCTGTCTAACGAGC-1_V12D07-075_C1,6
CTGCTTGGCGATAGCT-1_V12D07-075_C1,12
CTGCTTTATGTCCGCG-1_V12D07-075_C1,6
CTGGAAATGGATGCTT-1_V12D07-075_C1,12
CTGGAAGACACGGTGG-1_V12D07-075_C1,14
CTGGATTTACACTTGA-1_V12D07-075_C1,12
CTGGCGACATAAGTCC-1_V12D07-075_C1,6
CTGGCGCACAGGTCTG-1_V12D07-075_C1,14
CTGGCGGGAATAAGTA-1_V12D07-075_C1,12
CTGGCTCCTGCGGGAT-1_V12D07-075_C1,4
CTGGCTGATTCATCCT-1_V12D07-075_C1,14
CTGGCTGGTTGTCAGT-1_V12D07-075_C1,12
CTGGGATAAATAATGG-1_V12D07-075_C1,14
CTGGGATACGCTACCC-1_V12D07-075_C1,6
CTGGGCCTGCTATATC-1_V12D07-075_C1,2
CTGGGCTATCCTTTGG-1_V12D07-075_C1,6
CTGGGTAGGCAGTTAA-1_V12D07-075_C1,9
CTGGTAAAGACTTACA-1_V12D07-075_C1,14
CTGGTAAAGTGTGGGC-1_V12D07-075_C1,14
CTGGTAACACATAGAA-1_V12D07-075_C1,14
CTGGTAACGAGCTCTT-1_V12D07-075_C1,2
CTGGTCATTCCAATCC-1_V12D07-075_C1,13
CTGGTCCTAACTTGGC-1_V12D07-075_C1,6
CTGGTTCAACGCATCA-1_V12D07-075_C1,6
CTGGTTCGCGAGCTAC-1_V12D07-075_C1,6
CTGGTTTCGAGCAAGA-1_V12D07-075_C1,14
CTGTACTTCTTAGCAT-1_V12D07-075_C1,12
CTGTAGCCATCTCACT-1_V12D07-075_C1,2
CTGTATGGTGTAGAAA-1_V12D07-075_C1,12
CTGTCAAATGGCTCGG-1_V12D07-075_C1,6
CTGTCACGCCAGGCGC-1_V12D07-075_C1,6
CTGTCTGTGGCTGGCT-1_V12D07-075_C1,11
CTGTGCAGGGTAGGTC-1_V12D07-075_C1,12
CTGTGGTCGGGAGATA-1_V12D07-075_C1,14
CTGTTACCCAATCTAG-1_V12D07-075_C1,12
CTGTTCACTGCCTGTG-1_V12D07-075_C1,6
CTGTTCATCTCACGGG-1_V12D07-075_C1,12
CTGTTGGCTCTTCTGA-1_V12D07-075_C1,8
CTTAAATAAGACCCAT-1_V12D07-075_C1,12
CTTAACTTACAGTATA-1_V12D07-075_C1,2
CTTAACTTCGAAGTAC-1_V12D07-075_C1,6
CTTACACGGTATTCCA-1_V12D07-075_C1,12
CTTACACTGGGAAATA-1_V12D07-075_C1,6
CTTACTGACTCCTCTG-1_V12D07-075_C1,9
CTTAGCCTTCCACATG-1_V12D07-075_C1,6
CTTAGTAGGCCTACAG-1_V12D07-075_C1,6
CTTAGTGTAGTAGCAT-1_V12D07-075_C1,12
CTTATAGATGGCTGTT-1_V12D07-075_C1,14
CTTCAACTCCACTTGG-1_V12D07-075_C1,12
CTTCATAGCTCAAGAA-1_V12D07-075_C1,12
CTTCATTGTCAGTGGA-1_V12D07-075_C1,11
CTTCCGCTCCGTGAAG-1_V12D07-075_C1,2
CTTCGATTGCGCAAGC-1_V12D07-075_C1,14
CTTCGGCCAATTGTTT-1_V12D07-075_C1,2
CTTCGTAGATAGGTGA-1_V12D07-075_C1,12
CTTCTATGTTGAAGTA-1_V12D07-075_C1,2
CTTCTATTAATGCTAG-1_V12D07-075_C1,2
CTTCTTACGTCGTATA-1_V12D07-075_C1,6
CTTGACCCGAAAGATA-1_V12D07-075_C1,6
CTTGAGGTTATCCCGA-1_V12D07-075_C1,12
CTTGAGTTAGGGTAAT-1_V12D07-075_C1,14
CTTGATGACCATCCAG-1_V12D07-075_C1,14
CTTGCCCACCCACGCA-1_V12D07-075_C1,14
CTTGCCCAGGCTCTAC-1_V12D07-075_C1,12
CTTGGCCAAGCTGGGA-1_V12D07-075_C1,12
CTTGTACTTGTTGACT-1_V12D07-075_C1,6
CTTGTCAACATTCGAG-1_V12D07-075_C1,12
CTTGTGAGGACAGCGG-1_V12D07-075_C1,12
CTTGTGAGTCTTTGAC-1_V12D07-075_C1,6
CTTGTGCTCACCGATT-1_V12D07-075_C1,2
CTTGTTGCTGAGTCAA-1_V12D07-075_C1,12
CTTGTTTATGTAGCCA-1_V12D07-075_C1,13
CTTTAACTTTCAAAGG-1_V12D07-075_C1,12
CTTTAATATTGGTCGA-1_V12D07-075_C1,12
CTTTAGGAACACTGTT-1_V12D07-075_C1,11
CTTTAGTGCTATTATT-1_V12D07-075_C1,14
CTTTCTGTGCGGGCTT-1_V12D07-075_C1,12
CTTTGCATCGCTCTTG-1_V12D07-075_C1,14
CTTTGCTGTCATGGAT-1_V12D07-075_C1,6
CTTTGGCAGACAGAGT-1_V12D07-075_C1,6
CTTTGGCGCTTTATAC-1_V12D07-075_C1,7
CTTTGGCTTTAGTAAA-1_V12D07-075_C1,12
CTTTGGGATTGTTGCA-1_V12D07-075_C1,2
GAAACAGATGACCACC-1_V12D07-075_C1,14
GAAACAGCCATGCAGT-1_V12D07-075_C1,6
GAAACCATGGTGCGCT-1_V12D07-075_C1,6
GAAACCGAATTACCTT-1_V12D07-075_C1,12
GAAACCTATACAAATG-1_V12D07-075_C1,12
GAAACTCGTGCGATGC-1_V12D07-075_C1,12
GAAAGAACAGCGTTAT-1_V12D07-075_C1,2
GAAAGCAGTGCACTTT-1_V12D07-075_C1,12
GAAAGCCCTTTGGACC-1_V12D07-075_C1,13
GAAAGTGACTAACTGC-1_V12D07-075_C1,12
GAAATACCTGCTGGCT-1_V12D07-075_C1,6
GAAATATCACCATCAG-1_V12D07-075_C1,8
GAAATATGCTTGAATG-1_V12D07-075_C1,6
GAAATCGCGCGCAACT-1_V12D07-075_C1,6
GAAATCTGACCAAGTT-1_V12D07-075_C1,8
GAAATGGCGGTGTTAG-1_V12D07-075_C1,12
GAAATGGGATGTAAAC-1_V12D07-075_C1,11
GAAATTAGCACGGATA-1_V12D07-075_C1,6
GAAATTCACATCGCTG-1_V12D07-075_C1,6
GAAATTGTCTCTATAA-1_V12D07-075_C1,12
GAACAACTGGGATGAA-1_V12D07-075_C1,14
GAACACACATCAACCA-1_V12D07-075_C1,6
GAACAGATTACTAAAT-1_V12D07-075_C1,12
GAACCCTCTGTGTTCT-1_V12D07-075_C1,12
GAACCTCGACCTACAC-1_V12D07-075_C1,2
GAACCTTTAACGATCC-1_V12D07-075_C1,12
GAACGACCGAATGATA-1_V12D07-075_C1,6
GAACGATAAGTTAAAG-1_V12D07-075_C1,6
GAACGCGGGTCACACG-1_V12D07-075_C1,12
GAACGTCTCATGGTCG-1_V12D07-075_C1,2
GAACGTTAGGAAGACG-1_V12D07-075_C1,13
GAACTGTGGAGAGACA-1_V12D07-075_C1,14
GAACTTAGCGCCCGGT-1_V12D07-075_C1,6
GAAGAACGGTGCAGGT-1_V12D07-075_C1,6
GAAGCCACTGATTATG-1_V12D07-075_C1,14
GAAGCCGGGTAAGCTC-1_V12D07-075_C1,12
GAAGCCTGCACATTCC-1_V12D07-075_C1,9
GAAGCGTGAGGAATTT-1_V12D07-075_C1,12
GAAGCTCTTTGCTTAG-1_V12D07-075_C1,11
GAAGCTTGCTGACCGC-1_V12D07-075_C1,12
GAAGGAGTCGAGTGCG-1_V12D07-075_C1,11
GAAGGCTACCATTGTT-1_V12D07-075_C1,10
GAAGGGCATAACCATG-1_V12D07-075_C1,8
GAAGTCAGTTGCACTA-1_V12D07-075_C1,12
GAAGTCTCCCTAGCGA-1_V12D07-075_C1,14
GAAGTGATTTATCGTG-1_V12D07-075_C1,12
GAAGTGCTGGATAGCT-1_V12D07-075_C1,6
GAAGTTTCCACTCAAT-1_V12D07-075_C1,12
GAATAGACGCGACCCA-1_V12D07-075_C1,14
GAATAGCATTTAGGGT-1_V12D07-075_C1,6
GAATAGCCCTGCGGTC-1_V12D07-075_C1,6
GAATATTCGGAGTCCC-1_V12D07-075_C1,6
GAATCGACATGGTCAC-1_V12D07-075_C1,12
GAATCGCCGGACACGG-1_V12D07-075_C1,6
GAATCTGAACATTCTC-1_V12D07-075_C1,12
GAATGAAGGTCTTCAG-1_V12D07-075_C1,6
GAATGCGAATCGGTTC-1_V12D07-075_C1,14
GAATGGGCTTATCGAC-1_V12D07-075_C1,8
GAATGTATGGCAGGTC-1_V12D07-075_C1,6
GAATGTGGTCCGGATT-1_V12D07-075_C1,14
GAATGTTGGGTAATCT-1_V12D07-075_C1,12
GAATTATAGTGAAAGG-1_V12D07-075_C1,14
GAATTCACCCGGGTGT-1_V12D07-075_C1,12
GACAAACATATGCAGG-1_V12D07-075_C1,14
GACAACGACCATTGAA-1_V12D07-075_C1,6
GACAACGCAGCTTACG-1_V12D07-075_C1,6
GACAAGACGCCCGTGC-1_V12D07-075_C1,9
GACAAGAGATGAGATT-1_V12D07-075_C1,14
GACACAAGGGAAGAAA-1_V12D07-075_C1,14
GACACAGCCGGGACTG-1_V12D07-075_C1,2
GACACGAGTTAGAGGA-1_V12D07-075_C1,13
GACACTGAGTTCAGTG-1_V12D07-075_C1,12
GACACTGGAACCCGAT-1_V12D07-075_C1,14
GACACTTCCAATTACC-1_V12D07-075_C1,14
GACAGCCAGACCTGAC-1_V12D07-075_C1,13
GACAGGCACACACTAT-1_V12D07-075_C1,8
GACATCCGTCGAACTG-1_V12D07-075_C1,14
GACATCGATTTATAAC-1_V12D07-075_C1,9
GACCAAACGTTGACTG-1_V12D07-075_C1,11
GACCACACTTCCCTTT-1_V12D07-075_C1,14
GACCAGAGCCCTGTAG-1_V12D07-075_C1,12
GACCCGTCGCCGGCTA-1_V12D07-075_C1,6
GACCGACGTGAAAGCA-1_V12D07-075_C1,6
GACCGACTGAAGCGTC-1_V12D07-075_C1,13
GACCGCGTCTGACGTG-1_V12D07-075_C1,2
GACCGTCAGGTCGTGA-1_V12D07-075_C1,6
GACCGTGCTGACGGTG-1_V12D07-075_C1,12
GACCGTTACATGCGAC-1_V12D07-075_C1,8
GACCTGGTCTGGGCGT-1_V12D07-075_C1,11
GACCTTCCACGTCTAC-1_V12D07-075_C1,14
GACGACGATCCGCGTT-1_V12D07-075_C1,12
GACGAGGCTAATAAAC-1_V12D07-075_C1,14
GACGCCGTAAAGGCTA-1_V12D07-075_C1,12
GACGCCTGTTGCAGGG-1_V12D07-075_C1,6
GACGCTTGCTTCTAAA-1_V12D07-075_C1,12
GACGGGTTGGCCCGTA-1_V12D07-075_C1,12
GACGGTCAATAGAAGC-1_V12D07-075_C1,2
GACGGTCCTAGGGTGT-1_V12D07-075_C1,6
GACGTGAGACTCCATG-1_V12D07-075_C1,6
GACGTTCGTAAATACA-1_V12D07-075_C1,10
GACTAACACAGCACCT-1_V12D07-075_C1,6
GACTAAGATCATGCAC-1_V12D07-075_C1,6
GACTAAGTAGGCTCAC-1_V12D07-075_C1,12
GACTACAATTGCTCGT-1_V12D07-075_C1,6
GACTAGGCCGTTAGGT-1_V12D07-075_C1,11
GACTCACCCACGTGAG-1_V12D07-075_C1,2
GACTCCCAGAATAAGG-1_V12D07-075_C1,6
GACTCGCGGGAATGAC-1_V12D07-075_C1,2
GACTCGGTCGGCGGAT-1_V12D07-075_C1,6
GACTGATTGGTCACAA-1_V12D07-075_C1,6
GACTGCAAATCGAGCT-1_V12D07-075_C1,12
GACTGCACCAGCCCAG-1_V12D07-075_C1,14
GACTGGGCGCCGCAAC-1_V12D07-075_C1,6
GAGAAACTGGATCCCA-1_V12D07-075_C1,14
GAGAATCTCACGATCA-1_V12D07-075_C1,12
GAGACCCTGCAACGCC-1_V12D07-075_C1,6
GAGACTGATGGGTAGA-1_V12D07-075_C1,12
GAGACTTCGCGACCGA-1_V12D07-075_C1,12
GAGAGCGCAGTCCCTG-1_V12D07-075_C1,4
GAGAGGCCTATGTGTA-1_V12D07-075_C1,14
GAGAGGGCGCGAGGTT-1_V12D07-075_C1,12
GAGAGGTGCATTCTGG-1_V12D07-075_C1,2
GAGATCTGCTTGGCAT-1_V12D07-075_C1,12
GAGATCTGTCACTCCG-1_V12D07-075_C1,12
GAGATCTTCCATGACA-1_V12D07-075_C1,14
GAGATGACAATCCTTA-1_V12D07-075_C1,6
GAGATGGCTTTAATCA-1_V12D07-075_C1,14
GAGATGGGAGTCGACA-1_V12D07-075_C1,13
GAGCACGGCGCCTCTT-1_V12D07-075_C1,6
GAGCATCATCCCTGGG-1_V12D07-075_C1,6
GAGCCACGGTAGTAGG-1_V12D07-075_C1,6
GAGCCAGCTACCTGTG-1_V12D07-075_C1,12
GAGCCGAGCGTTTATT-1_V12D07-075_C1,6
GAGCGAGGGAGTACCG-1_V12D07-075_C1,6
GAGCGCAAATACTCCG-1_V12D07-075_C1,14
GAGCGCGCACGAGTAG-1_V12D07-075_C1,11
GAGCGGAATGCGGTGT-1_V12D07-075_C1,2
GAGCTAAGGGCATATC-1_V12D07-075_C1,2
GAGCTCTCGGACCTAA-1_V12D07-075_C1,11
GAGCTGTCGTCTCGGA-1_V12D07-075_C1,6
GAGGAATGGAGAGGTT-1_V12D07-075_C1,11
GAGGAGATCCTCATGC-1_V12D07-075_C1,11
GAGGATAAACAGTGCT-1_V12D07-075_C1,6
GAGGCATTTGCAGCAG-1_V12D07-075_C1,6
GAGGCCTGTTGATACA-1_V12D07-075_C1,14
GAGGGCATCGCGTATC-1_V12D07-075_C1,6
GAGGGCGCAGCTCTGC-1_V12D07-075_C1,2
GAGGTACATCCATCTT-1_V12D07-075_C1,6
GAGGTACGCGTGTCCC-1_V12D07-075_C1,14
GAGGTCCCAAAGATCT-1_V12D07-075_C1,13
GAGTAAACCGGAAAGT-1_V12D07-075_C1,6
GAGTAAATTAAGAACC-1_V12D07-075_C1,9
GAGTAGATACTAGTTG-1_V12D07-075_C1,12
GAGTATCAAAGTTACA-1_V12D07-075_C1,2
GAGTATGCCCGCCTTG-1_V12D07-075_C1,2
GAGTATGCGCGTGCAT-1_V12D07-075_C1,11
GAGTCAGACCAGAATC-1_V12D07-075_C1,2
GAGTCCGCTTACCGGA-1_V12D07-075_C1,12
GAGTCGACAGACCCTC-1_V12D07-075_C1,8
GAGTGTCAACCAGAAA-1_V12D07-075_C1,11
GAGTGTGCGGTACCCA-1_V12D07-075_C1,14
GATAAATCGGTGGATG-1_V12D07-075_C1,6
GATAACTCGCACTGTG-1_V12D07-075_C1,14
GATAAGGCAGATGCAA-1_V12D07-075_C1,6
GATACCGTGTCGGAGT-1_V12D07-075_C1,6
GATACGATGGGAGTCA-1_V12D07-075_C1,2
GATAGAACCCGCTAGG-1_V12D07-075_C1,12
GATAGCGTACCACGCG-1_V12D07-075_C1,11
GATAGGATTAATTACA-1_V12D07-075_C1,6
GATAGGTAACGTTGAC-1_V12D07-075_C1,12
GATAGGTGTCCCGGGC-1_V12D07-075_C1,6
GATATCAGTATGTATC-1_V12D07-075_C1,12
GATATCTCATGCAATA-1_V12D07-075_C1,6
GATATGAGACACTAAC-1_V12D07-075_C1,14
GATATGCGGTAGCCAA-1_V12D07-075_C1,6
GATATTGAGATTGGCG-1_V12D07-075_C1,2
GATATTTCCTACATGG-1_V12D07-075_C1,6
GATCATTCCAAACATT-1_V12D07-075_C1,12
GATCCCTTTATACTGC-1_V12D07-075_C1,12
GATCCGAATATAAGTG-1_V12D07-075_C1,6
GATCCGGGAATTAACA-1_V12D07-075_C1,12
GATCCTAAATCGGGAC-1_V12D07-075_C1,2
GATCCTCTTGCGCTTA-1_V12D07-075_C1,6
GATCGACACTATCTGA-1_V12D07-075_C1,12
GATCGCGGGCTCTCCA-1_V12D07-075_C1,12
GATCGCTACCCGATTT-1_V12D07-075_C1,14
GATCGGCGATAAGTCG-1_V12D07-075_C1,8
GATCGGTGGCCATAAC-1_V12D07-075_C1,12
GATCGTGACTGATATC-1_V12D07-075_C1,12
GATCTCGACGCTGTGG-1_V12D07-075_C1,6
GATCTGCTATCTAAGG-1_V12D07-075_C1,12
GATCTTCATTGTCCTC-1_V12D07-075_C1,8
GATCTTGGAGGGCATA-1_V12D07-075_C1,12
GATCTTTGCAGGGTAT-1_V12D07-075_C1,12
GATCTTTGCTCAAAGA-1_V12D07-075_C1,6
GATGACGATGATCGCG-1_V12D07-075_C1,6
GATGAGGAACCTTCGG-1_V12D07-075_C1,14
GATGCGAATGGTATTA-1_V12D07-075_C1,12
GATGCGTCCTGCATTC-1_V12D07-075_C1,12
GATGCTACAAGCGCCT-1_V12D07-075_C1,6
GATGCTACCTTCGATG-1_V12D07-075_C1,12
GATGCTGTATTTCATC-1_V12D07-075_C1,12
GATGGCGCACACATTA-1_V12D07-075_C1,13
GATGGTGAAATAACCC-1_V12D07-075_C1,6
GATGGTGCCCTAGGCA-1_V12D07-075_C1,6
GATGTCCGGATCACAT-1_V12D07-075_C1,6
GATGTCGGTCAACTGC-1_V12D07-075_C1,6
GATGTGTTGTCACAAG-1_V12D07-075_C1,6
GATGTTCAATCCACGA-1_V12D07-075_C1,12
GATTAACCGAAAGCCC-1_V12D07-075_C1,14
GATTACTGAATTTGGG-1_V12D07-075_C1,12
GATTCCCTTGTCGCAG-1_V12D07-075_C1,12
GATTCCGCGTTTCCGT-1_V12D07-075_C1,6
GATTCCTATACGGCGC-1_V12D07-075_C1,12
GATTCGACGGTTCACG-1_V12D07-075_C1,12
GATTGACACTCTGCTC-1_V12D07-075_C1,6
GATTGGGAAAGGTTGT-1_V12D07-075_C1,11
GCAAACCCTACATTAT-1_V12D07-075_C1,12
GCAAACCTTGGCCATA-1_V12D07-075_C1,12
GCAAACGTCGCCAGGT-1_V12D07-075_C1,6
GCAAATATTACGCTTT-1_V12D07-075_C1,12
GCAAATGAGGACACTT-1_V12D07-075_C1,14
GCAACAGCAGTATGCG-1_V12D07-075_C1,14
GCAACCACCAGACCGG-1_V12D07-075_C1,6
GCAACCACGGCCGCGT-1_V12D07-075_C1,2
GCAACCCAAGTTGTTT-1_V12D07-075_C1,8
GCAACGGCTAGTTATG-1_V12D07-075_C1,6
GCAAGAATTCCTTGGC-1_V12D07-075_C1,2
GCAAGATGTGTTCGCG-1_V12D07-075_C1,6
GCAAGTGCACAGAGAA-1_V12D07-075_C1,12
GCAATTAGTCGCACCG-1_V12D07-075_C1,6
GCACAAACGAGGCGTG-1_V12D07-075_C1,6
GCACAAGTGGATCATA-1_V12D07-075_C1,11
GCACAAGTGTCGGAAG-1_V12D07-075_C1,6
GCACACACTGGTAGCC-1_V12D07-075_C1,14
GCACACGCCCATGGTC-1_V12D07-075_C1,8
GCACCTTCCCGAAGGT-1_V12D07-075_C1,14
GCACGCCTACTTAGAT-1_V12D07-075_C1,2
GCACGTGGTTTACTTA-1_V12D07-075_C1,14
GCACTAGTCGCGCTAT-1_V12D07-075_C1,6
GCACTGCCTACCTTTA-1_V12D07-075_C1,14
GCACTGTGCAAATGTA-1_V12D07-075_C1,6
GCAGAAGGTAATCTCC-1_V12D07-075_C1,6
GCAGACCCAGCACGTA-1_V12D07-075_C1,2
GCAGATCCATAAGACT-1_V12D07-075_C1,12
GCAGATCCTCGCAAAT-1_V12D07-075_C1,13
GCAGATTAGGGATATC-1_V12D07-075_C1,12
GCAGCACACAGCCCAG-1_V12D07-075_C1,12
GCAGCCTATATCACAT-1_V12D07-075_C1,6
GCAGCGGTGGGCATTA-1_V12D07-075_C1,6
GCAGCTATGGACAGGT-1_V12D07-075_C1,6
GCAGCTGTCAACGCAT-1_V12D07-075_C1,2
GCAGGACTATAGAATA-1_V12D07-075_C1,12
GCAGGTAGAGTATGGT-1_V12D07-075_C1,6
GCAGTGCGGGCGGATG-1_V12D07-075_C1,2
GCAGTGTGGCTATAGG-1_V12D07-075_C1,12
GCAGTTCGATCCGAGC-1_V12D07-075_C1,14
GCATACGAGGTCTTTA-1_V12D07-075_C1,2
GCATAGAGCACTCAGG-1_V12D07-075_C1,12
GCATCCCTAACTTTGA-1_V12D07-075_C1,3
GCATGACACAAAGGAA-1_V12D07-075_C1,9
GCATGAGGGACGCGGC-1_V12D07-075_C1,2
GCATGGGTACTGACGC-1_V12D07-075_C1,14
GCATTCAAGGCAACGC-1_V12D07-075_C1,6
GCATTCGAAATGAACA-1_V12D07-075_C1,12
GCATTTCCAAGGCTCC-1_V12D07-075_C1,6
GCCAACCATTTCCGGA-1_V12D07-075_C1,6
GCCAATAGGGCATCTC-1_V12D07-075_C1,6
GCCACAATTTAAGGAC-1_V12D07-075_C1,2
GCCACTCAGAGCGCGA-1_V12D07-075_C1,14
GCCACTCCTTACGGTA-1_V12D07-075_C1,14
GCCAGGAGTAACCGAT-1_V12D07-075_C1,6
GCCAGGCGTTCGCATG-1_V12D07-075_C1,6
GCCAGGCTTAGTGGTA-1_V12D07-075_C1,8
GCCATATTGCACACAG-1_V12D07-075_C1,6
GCCATCGAGCTGCGTG-1_V12D07-075_C1,2
GCCATCGATGCTGCAT-1_V12D07-075_C1,6
GCCCACCAAGGCTGTC-1_V12D07-075_C1,6
GCCCAGATGCTGGAGA-1_V12D07-075_C1,6
GCCCAGTTGGTATGCC-1_V12D07-075_C1,12
GCCCGATCTGTGGTCG-1_V12D07-075_C1,12
GCCCGCGCGTAAACGG-1_V12D07-075_C1,2
GCCCGCGCGTTTGACA-1_V12D07-075_C1,12
GCCCGTAATACCTTCT-1_V12D07-075_C1,12
GCCCTGAGGATGGGCT-1_V12D07-075_C1,14
GCCGAAATTCCTACGT-1_V12D07-075_C1,12
GCCGATTGGCCAAGCT-1_V12D07-075_C1,12
GCCGCACTCCGTTTCA-1_V12D07-075_C1,6
GCCGCATTAGTCCGGC-1_V12D07-075_C1,13
GCCGCTTGTGAGAAAC-1_V12D07-075_C1,12
GCCGGGTTAGGGTCGC-1_V12D07-075_C1,12
GCCGGTCGTATCTCTC-1_V12D07-075_C1,12
GCCGTGGAAGAAATGT-1_V12D07-075_C1,6
GCCTACGTTCTGTGCA-1_V12D07-075_C1,14
GCCTAGCGATCTGACC-1_V12D07-075_C1,12
GCCTATAGTGTCAGGG-1_V12D07-075_C1,2
GCCTATCAGGTAAGAT-1_V12D07-075_C1,2
GCCTATGCTGGGCCTT-1_V12D07-075_C1,6
GCCTATTTGCTACACA-1_V12D07-075_C1,6
GCCTCATCTGGAAATA-1_V12D07-075_C1,14
GCCTCCGACAATTCAC-1_V12D07-075_C1,11
GCCTCTATACATAGCA-1_V12D07-075_C1,12
GCCTGCTACACTGAGA-1_V12D07-075_C1,6
GCCTTCAGCCCTACCG-1_V12D07-075_C1,6
GCCTTGTATATGCAGT-1_V12D07-075_C1,12
GCGAAACGATCGGGAG-1_V12D07-075_C1,14
GCGAAACTTAACTGGA-1_V12D07-075_C1,14
GCGAAGAATCTGACGG-1_V12D07-075_C1,12
GCGAAGCCATACCCGT-1_V12D07-075_C1,12
GCGACATGTAAACATC-1_V12D07-075_C1,6
GCGACGATAGTTGTAC-1_V12D07-075_C1,12
GCGAGAAACGGGAGTT-1_V12D07-075_C1,12
GCGAGAGGCCATGTAA-1_V12D07-075_C1,6
GCGAGAGTTGCGTCCA-1_V12D07-075_C1,6
GCGAGCGCATGCTCCC-1_V12D07-075_C1,6
GCGAGGCCCGAGCAGA-1_V12D07-075_C1,12
GCGAGTTCTGCAAAGA-1_V12D07-075_C1,12
GCGATGTCTGTGCTTG-1_V12D07-075_C1,11
GCGATTGTTAACGTTA-1_V12D07-075_C1,14
GCGCAAGAGCGCGCTG-1_V12D07-075_C1,14
GCGCATCCAGTCAGCA-1_V12D07-075_C1,2
GCGCCGTTCCACGATA-1_V12D07-075_C1,12
GCGCCTCCCACTCCGA-1_V12D07-075_C1,2
GCGCGGTCTAGTAACT-1_V12D07-075_C1,12
GCGCGTCATTGGTACA-1_V12D07-075_C1,11
GCGCTAATTGAATAGA-1_V12D07-075_C1,12
GCGCTATGCCGAGGCA-1_V12D07-075_C1,12
GCGCTCGATCACCTGT-1_V12D07-075_C1,6
GCGCTGATCCAGACTC-1_V12D07-075_C1,6
GCGCTGCTTTGCATTT-1_V12D07-075_C1,2
GCGCTGGCGGAAAGTC-1_V12D07-075_C1,11
GCGCTTAAATAATTGG-1_V12D07-075_C1,14
GCGGACCGCGTTGTGG-1_V12D07-075_C1,2
GCGGAGAGGGAGAACG-1_V12D07-075_C1,14
GCGGCTCTGACGTACC-1_V12D07-075_C1,12
GCGGCTTTAGCAAGTT-1_V12D07-075_C1,14
GCGGGAACCAGGCCCT-1_V12D07-075_C1,6
GCGGGCATTACGATGC-1_V12D07-075_C1,6
GCGGGCGAGCCTTACC-1_V12D07-075_C1,2
GCGGTAACCCAAATGA-1_V12D07-075_C1,1
GCGGTCCCGGTGAAGG-1_V12D07-075_C1,6
GCGGTCCCTAGACGCA-1_V12D07-075_C1,6
GCGGTGAACTGCGCTC-1_V12D07-075_C1,6
GCGGTGCGGAGCATCG-1_V12D07-075_C1,8
GCGGTTCCCTATCATG-1_V12D07-075_C1,12
GCGTAAATGGCCATAA-1_V12D07-075_C1,6
GCGTCGAAATGTCGGT-1_V12D07-075_C1,6
GCGTCGCCAGGGTGAT-1_V12D07-075_C1,12
GCGTCTAACCTCCTAA-1_V12D07-075_C1,6
GCGTCTCTGCATTGGG-1_V12D07-075_C1,12
GCGTGGTACTGGGTTA-1_V12D07-075_C1,2
GCGTTATATTTGGAAC-1_V12D07-075_C1,12
GCGTTCGGAGACCGGG-1_V12D07-075_C1,6
GCGTTCTGACTAAGCG-1_V12D07-075_C1,2
GCTAAACCTGAGGTGA-1_V12D07-075_C1,13
GCTAACTGAAGTCTGA-1_V12D07-075_C1,12
GCTAAGTAAAGGCGAT-1_V12D07-075_C1,12
GCTAAGTAGTTTCTCT-1_V12D07-075_C1,14
GCTAATACCGAATGCC-1_V12D07-075_C1,12
GCTACAATCGAGGATA-1_V12D07-075_C1,14
GCTACAGTACGGACCG-1_V12D07-075_C1,2
GCTACGACTTATTGGG-1_V12D07-075_C1,12
GCTACTATAGTAGAGT-1_V12D07-075_C1,14
GCTAGACCGTCTACTG-1_V12D07-075_C1,14
GCTAGAGTAGAGATGT-1_V12D07-075_C1,14
GCTAGCACCTGGGCCA-1_V12D07-075_C1,6
GCTAGCAGGGAGTGGG-1_V12D07-075_C1,6
GCTAGCTTGAATAGCT-1_V12D07-075_C1,2
GCTAGTAGAGCTTGTA-1_V12D07-075_C1,12
GCTATCATACTCATGG-1_V12D07-075_C1,12
GCTCAACCTCTTAGAG-1_V12D07-075_C1,10
GCTCAATGTAATACCG-1_V12D07-075_C1,12
GCTCATTACTGCATGT-1_V12D07-075_C1,6
GCTCCATGAGTGCAGA-1_V12D07-075_C1,2
GCTCCATGCAAAGCAA-1_V12D07-075_C1,12
GCTCCCAGTCGGTCCA-1_V12D07-075_C1,2
GCTCCGCTCGCTTCAG-1_V12D07-075_C1,6
GCTCGCGGTTCCGCTC-1_V12D07-075_C1,13
GCTCGCTCATGTCCAA-1_V12D07-075_C1,14
GCTCGGAATTTAAAGC-1_V12D07-075_C1,6
GCTCTAAACCCTGACG-1_V12D07-075_C1,12
GCTCTATGTTACGTGC-1_V12D07-075_C1,12
GCTCTCGGGTACCGAA-1_V12D07-075_C1,12
GCTCTTTCCGCTAGTG-1_V12D07-075_C1,12
GCTGAACTCTCCAGGG-1_V12D07-075_C1,6
GCTGAGCAACGGTTCT-1_V12D07-075_C1,8
GCTGAGGCGTGAGTAT-1_V12D07-075_C1,12
GCTGCACGGTTTCTTA-1_V12D07-075_C1,12
GCTGCGCCTCCCACGT-1_V12D07-075_C1,8
GCTGCTAAGTAGTCGA-1_V12D07-075_C1,12
GCTGCTACTGCGTAGC-1_V12D07-075_C1,13
GCTGCTCTCCGGACAC-1_V12D07-075_C1,12
GCTGGACCCAAAGTGG-1_V12D07-075_C1,6
GCTGGCAGGTGCCGTG-1_V12D07-075_C1,12
GCTGGCATATTCACCT-1_V12D07-075_C1,5
GCTGGCGGCGCATGCT-1_V12D07-075_C1,12
GCTGGTGACTCGTAGT-1_V12D07-075_C1,6
GCTGTATTACTGGCCC-1_V12D07-075_C1,2
GCTGTTGCTACCGAAC-1_V12D07-075_C1,14
GCTTAATGTAACTAAC-1_V12D07-075_C1,6
GCTTACGTAGTTAGTA-1_V12D07-075_C1,6
GCTTATGAAGCAGGAA-1_V12D07-075_C1,14
GCTTCAGTGGGATTAC-1_V12D07-075_C1,6
GCTTCCAGCTTAGATT-1_V12D07-075_C1,12
GCTTCCGTCCCTAGAC-1_V12D07-075_C1,12
GCTTGATGATAATCAG-1_V12D07-075_C1,12
GCTTGCAGCACAATTG-1_V12D07-075_C1,6
GCTTGGATCGATTAGG-1_V12D07-075_C1,2
GCTTTACACAACTGGG-1_V12D07-075_C1,2
GCTTTCAGAGGAGGTG-1_V12D07-075_C1,2
GCTTTCTATCTCAACT-1_V12D07-075_C1,6
GGAAACCTTGTTGAAT-1_V12D07-075_C1,6
GGAAACTAAATGGGCC-1_V12D07-075_C1,14
GGAAAGTGCCCATGCC-1_V12D07-075_C1,6
GGAACCCGAACAAGAA-1_V12D07-075_C1,12
GGAACCGTGTAAATTG-1_V12D07-075_C1,2
GGAACGGCCTGCAGCC-1_V12D07-075_C1,11
GGAACTTTGGCGATTA-1_V12D07-075_C1,14
GGAAGCTCGCTTACAG-1_V12D07-075_C1,6
GGAATAACCTCAAGAA-1_V12D07-075_C1,6
GGAATGCGCTAGCGTG-1_V12D07-075_C1,2
GGACAACCATGAAGCC-1_V12D07-075_C1,14
GGACAAGTTGCAGTGA-1_V12D07-075_C1,12
GGACACAAGTTTACAC-1_V12D07-075_C1,2
GGACCAACAGGATAAC-1_V12D07-075_C1,12
GGACCTACGGTAACGT-1_V12D07-075_C1,6
GGACGGCTTGCGCAAC-1_V12D07-075_C1,6
GGACGGGCGACCAACC-1_V12D07-075_C1,14
GGACGTCCATAGTTGG-1_V12D07-075_C1,6
GGACTAAGTCAGGAGT-1_V12D07-075_C1,8
GGACTCACAAATTAGG-1_V12D07-075_C1,6
GGACTCGAAGCTTTCA-1_V12D07-075_C1,14
GGACTCTTCCGGTTGA-1_V12D07-075_C1,2
GGACTCTTTGACTAAG-1_V12D07-075_C1,2
GGAGAAGTCATTGGCA-1_V12D07-075_C1,12
GGAGACCAATGTGCTT-1_V12D07-075_C1,10
GGAGACGACACCTTTG-1_V12D07-075_C1,14
GGAGCAACATTTCAAG-1_V12D07-075_C1,11
GGAGCACCAAGAACTA-1_V12D07-075_C1,2
GGAGCGAGGCCTACTT-1_V12D07-075_C1,14
GGAGGATTGAAAGGAG-1_V12D07-075_C1,6
GGAGGCCGAAGTCGTC-1_V12D07-075_C1,6
GGAGGGCTTGGTTGGC-1_V12D07-075_C1,14
GGAGGGTCAAGTAAGA-1_V12D07-075_C1,14
GGAGTACACATGAGCT-1_V12D07-075_C1,8
GGAGTGCCGCCCTGGA-1_V12D07-075_C1,6
GGAGTTGATTCTGTGT-1_V12D07-075_C1,14
GGATACTCATGAATTG-1_V12D07-075_C1,6
GGATCAAAGGACGAGG-1_V12D07-075_C1,6
GGATCATCCCGTACGC-1_V12D07-075_C1,6
GGATCCGGAATATACT-1_V12D07-075_C1,14
GGATGAAGATCGCTGA-1_V12D07-075_C1,14
GGATGACGCGAGTTTA-1_V12D07-075_C1,12
GGATGTCCTTACCGCA-1_V12D07-075_C1,2
GGATTAAGCTAAGGTC-1_V12D07-075_C1,6
GGATTCCGCTATACCC-1_V12D07-075_C1,6
GGATTGCTGTGACTCC-1_V12D07-075_C1,12
GGATTTCACTTCTATA-1_V12D07-075_C1,2
GGCAAATTACTTTACT-1_V12D07-075_C1,12
GGCAAGCCAGGGATAG-1_V12D07-075_C1,6
GGCAAGCCCATAGTGG-1_V12D07-075_C1,11
GGCAAGGCGAAATAGC-1_V12D07-075_C1,12
GGCAATAGTCAATGAG-1_V12D07-075_C1,14
GGCACTCCACTGGGCA-1_V12D07-075_C1,12
GGCACTGCGGTGGTTT-1_V12D07-075_C1,2
GGCAGAGAGATCGGGA-1_V12D07-075_C1,14
GGCAGCAAACCTATGC-1_V12D07-075_C1,14
GGCAGCGGTAATCCTA-1_V12D07-075_C1,6
GGCATACAGGTAGCGG-1_V12D07-075_C1,12
GGCATATCGGTTCTGC-1_V12D07-075_C1,6
GGCATCAACGAGCACG-1_V12D07-075_C1,6
GGCCACACGAAAGCCT-1_V12D07-075_C1,8
GGCCCAATCTAGAGGG-1_V12D07-075_C1,6
GGCCCAGCTGGTTTGC-1_V12D07-075_C1,14
GGCCCAGTTATCAGCA-1_V12D07-075_C1,6
GGCCCGGAGCATGTCT-1_V12D07-075_C1,6
GGCCCGTATACCATGC-1_V12D07-075_C1,6
GGCCCTCACCCACTTA-1_V12D07-075_C1,8
GGCCGCAGGAACCGCA-1_V12D07-075_C1,14
GGCCGGCGTCTGCTAT-1_V12D07-075_C1,14
GGCCGTTTGGGTTTCA-1_V12D07-075_C1,2
GGCCTGCTTCTCCCGA-1_V12D07-075_C1,14
GGCCTTTGCAACTGGC-1_V12D07-075_C1,8
GGCGAAATCTAACTTG-1_V12D07-075_C1,13
GGCGCAGGACATCTTC-1_V12D07-075_C1,12
GGCGCATGAATTGATG-1_V12D07-075_C1,12
GGCGCGTTCGAGTTTA-1_V12D07-075_C1,12
GGCGCTTCATTCCCTG-1_V12D07-075_C1,14
GGCGGAGTAATATTAG-1_V12D07-075_C1,12
GGCGGGCTCTAAGAGT-1_V12D07-075_C1,6
GGCGGTAGGATCATTG-1_V12D07-075_C1,12
GGCGGTTTGCCGGTGC-1_V12D07-075_C1,11
GGCGTAGGGAAAGCTG-1_V12D07-075_C1,12
GGCGTCCTATCCGCTG-1_V12D07-075_C1,12
GGCTAAAGGGCGGGTC-1_V12D07-075_C1,6
GGCTAATGATTGAAAT-1_V12D07-075_C1,6
GGCTATTAAGTTGTAT-1_V12D07-075_C1,12
GGCTCGCGTTGAGGTA-1_V12D07-075_C1,2
GGCTCGTGCCACCAGC-1_V12D07-075_C1,12
GGCTCTGCTCCAACGC-1_V12D07-075_C1,12
GGCTGAAATAGCAAAG-1_V12D07-075_C1,12
GGCTGAGCATCGTAAG-1_V12D07-075_C1,6
GGCTGGCAGCTTTATG-1_V12D07-075_C1,11
GGCTGGCTAGCTTAAA-1_V12D07-075_C1,6
GGCTTGGCTCTCACCT-1_V12D07-075_C1,12
GGCTTTCAATAAGGGT-1_V12D07-075_C1,12
GGGAAAGAATGCCAAC-1_V12D07-075_C1,2
GGGAACGGGAGGTTAG-1_V12D07-075_C1,12
GGGAAGACGGTCTGTC-1_V12D07-075_C1,14
GGGAATGAGCCCTCAC-1_V12D07-075_C1,6
GGGAATTCTGTCCAGT-1_V12D07-075_C1,11
GGGACCCGTATATCTT-1_V12D07-075_C1,12
GGGACTGCATAGATAG-1_V12D07-075_C1,12
GGGAGAACTCACAGTA-1_V12D07-075_C1,12
GGGAGCGACCGTAGTG-1_V12D07-075_C1,4
GGGAGGATGCCCGAAA-1_V12D07-075_C1,12
GGGAGTAATGGCTGGC-1_V12D07-075_C1,11
GGGAGTTAATGAGGCG-1_V12D07-075_C1,14
GGGATACGGTAATAAT-1_V12D07-075_C1,13
GGGATCCCAATACAAA-1_V12D07-075_C1,6
GGGATGGTCGTAACCG-1_V12D07-075_C1,2
GGGATTTACCGCACCT-1_V12D07-075_C1,14
GGGCACGAATTGGCCG-1_V12D07-075_C1,8
GGGCAGAGCAATCGTT-1_V12D07-075_C1,12
GGGCAGTCAACGCCAA-1_V12D07-075_C1,14
GGGCCCGTCTTAAACA-1_V12D07-075_C1,12
GGGCCCTACGAAAGGG-1_V12D07-075_C1,2
GGGCCCTTATCTATAC-1_V12D07-075_C1,8
GGGCCGGCCGAAGTAC-1_V12D07-075_C1,14
GGGCCTATTTAAGTAT-1_V12D07-075_C1,6
GGGCGAATTTCTCCAC-1_V12D07-075_C1,11
GGGCGATATGTGTGAA-1_V12D07-075_C1,12
GGGCGCAGCGTTACTC-1_V12D07-075_C1,6
GGGCGGCAAATGAATT-1_V12D07-075_C1,2
GGGCGGGTTCCCTACG-1_V12D07-075_C1,2
GGGCGGTCCTATTGTC-1_V12D07-075_C1,6
GGGCGTACATTTATAT-1_V12D07-075_C1,12
GGGCGTCACCACGTAA-1_V12D07-075_C1,12
GGGCGTCCACTGGCTC-1_V12D07-075_C1,6
GGGCGTGGTTTCCCAG-1_V12D07-075_C1,11
GGGCTATGATCGATGG-1_V12D07-075_C1,2
GGGCTCATCGAACCCA-1_V12D07-075_C1,6
GGGCTGCCTAGGGCGA-1_V12D07-075_C1,11
GGGCTGGTTAGTCGCG-1_V12D07-075_C1,12
GGGTACACTCTGGAGG-1_V12D07-075_C1,2
GGGTACCCACGGTCCT-1_V12D07-075_C1,6
GGGTACTTCATGAACT-1_V12D07-075_C1,12
GGGTCACCGTGACGGT-1_V12D07-075_C1,12
GGGTCAGGAGCTAGAT-1_V12D07-075_C1,12
GGGTCATGCGTACCAT-1_V12D07-075_C1,13
GGGTCGTGGCAAGTGT-1_V12D07-075_C1,6
GGGTCTATCGCTTTCC-1_V12D07-075_C1,11
GGGTGACACCTTAACT-1_V12D07-075_C1,12
GGGTGCATATGAAAGC-1_V12D07-075_C1,6
GGGTGTTTCAGCTATG-1_V12D07-075_C1,6
GGGTTAACATTTGAGT-1_V12D07-075_C1,2
GGGTTTAGGATAGGAT-1_V12D07-075_C1,2
GGTAAACTCTGCGCTG-1_V12D07-075_C1,14
GGTAAATGTGCGTTAC-1_V12D07-075_C1,6
GGTAACCGGCAAAGGT-1_V12D07-075_C1,11
GGTAACTATGTATCTG-1_V12D07-075_C1,6
GGTACAAACATGCTAT-1_V12D07-075_C1,12
GGTACACCAGATTTAT-1_V12D07-075_C1,10
GGTACATCTGGGACGA-1_V12D07-075_C1,2
GGTACCATTAAGACGG-1_V12D07-075_C1,8
GGTACGTTGCGGCCGG-1_V12D07-075_C1,14
GGTACTAAGTGCTTTG-1_V12D07-075_C1,6
GGTAGAAGACCGCCTG-1_V12D07-075_C1,12
GGTAGACCGTTGGGCG-1_V12D07-075_C1,12
GGTAGTGCTCGCACCA-1_V12D07-075_C1,12
GGTATAGTGACACATA-1_V12D07-075_C1,6
GGTATGAAAGAACTGA-1_V12D07-075_C1,8
GGTATTGCCGAGTTTA-1_V12D07-075_C1,12
GGTCAAGACTACTTCG-1_V12D07-075_C1,14
GGTCAGTGGGTCCCAC-1_V12D07-075_C1,12
GGTCATTGTAGTCATA-1_V12D07-075_C1,6
GGTCCTTCATACGACT-1_V12D07-075_C1,11
GGTCGGATAAACGGCG-1_V12D07-075_C1,11
GGTCGGCCAGGAGCTT-1_V12D07-075_C1,2
GGTCGGTAATTAGACA-1_V12D07-075_C1,6
GGTCGGTCGTCCACAG-1_V12D07-075_C1,2
GGTCTCCAAGTAGTGC-1_V12D07-075_C1,6
GGTCTCCGTCCAGGTT-1_V12D07-075_C1,11
GGTCTGAGAATCTGGA-1_V12D07-075_C1,14
GGTCTTGAGCGCTCTT-1_V12D07-075_C1,11
GGTCTTGGTGTTAACT-1_V12D07-075_C1,11
GGTGAAACCGGGAATG-1_V12D07-075_C1,6
GGTGAACGGGCTAGCC-1_V12D07-075_C1,6
GGTGAAGTACAGGGAT-1_V12D07-075_C1,2
GGTGACTGATAGAGAG-1_V12D07-075_C1,11
GGTGAGATGCAGATAA-1_V12D07-075_C1,13
GGTGATAAGGAGCAGT-1_V12D07-075_C1,14
GGTGATGAAGGAAGTG-1_V12D07-075_C1,8
GGTGATTTCATCTTGT-1_V12D07-075_C1,6
GGTGCAGAGCCTATCG-1_V12D07-075_C1,6
GGTGCATAAATGATTA-1_V12D07-075_C1,2
GGTGCGGATAAGTGGC-1_V12D07-075_C1,6
GGTGCTGGTACACATT-1_V12D07-075_C1,12
GGTGGACCACGTGTTA-1_V12D07-075_C1,6
GGTGGACTGCTCTGGC-1_V12D07-075_C1,12
GGTGGAGGTTGATACG-1_V12D07-075_C1,6
GGTGTAAATCGATTGT-1_V12D07-075_C1,14
GGTGTAGGTAAGTAAA-1_V12D07-075_C1,12
GGTGTTGGGCGTCTTA-1_V12D07-075_C1,6
GGTTACCACCCTCGGG-1_V12D07-075_C1,2
GGTTACCCGACACTTT-1_V12D07-075_C1,6
GGTTAGCTATATGTCT-1_V12D07-075_C1,14
GGTTAGGCTTGGAGAA-1_V12D07-075_C1,12
GGTTCGGATTATACTA-1_V12D07-075_C1,14
GGTTCTACTCGTCTGA-1_V12D07-075_C1,2
GGTTGTGCTCTTGTCC-1_V12D07-075_C1,11
GGTTGTGTAGCCTGGC-1_V12D07-075_C1,13
GGTTTAATTGAGCAGG-1_V12D07-075_C1,10
GGTTTACAATCTCAAT-1_V12D07-075_C1,12
GGTTTAGCCTTTCTTG-1_V12D07-075_C1,14
GGTTTCAATCGGTCAG-1_V12D07-075_C1,2
GGTTTGACAAGAAGCT-1_V12D07-075_C1,6
GGTTTGAGTGCTGGAA-1_V12D07-075_C1,6
GGTTTGTGACCTGAGG-1_V12D07-075_C1,14
GTAACAACTGACCTTG-1_V12D07-075_C1,6
GTAACATCTAAGATAA-1_V12D07-075_C1,14
GTAACTGCCCAAGGAG-1_V12D07-075_C1,2
GTAACTTGCGGCAGTC-1_V12D07-075_C1,6
GTAAGCGGGCAGTCAG-1_V12D07-075_C1,12
GTAAGGATTTGTCGGA-1_V12D07-075_C1,6
GTAAGTAACAGTCTGG-1_V12D07-075_C1,14
GTAAGTAGGGTATACC-1_V12D07-075_C1,12
GTAAGTCCACACTCTA-1_V12D07-075_C1,10
GTAATAAAGGGCTCCC-1_V12D07-075_C1,6
GTAATCTGATTCTTCG-1_V12D07-075_C1,2
GTACACTTACCTGAAG-1_V12D07-075_C1,12
GTACAGAGGCAAGGGT-1_V12D07-075_C1,14
GTACGACGGCGCTGCG-1_V12D07-075_C1,12
GTACGAGATTGCGACA-1_V12D07-075_C1,6
GTACGCTTCATTGCAC-1_V12D07-075_C1,12
GTACGTCACGTATTAA-1_V12D07-075_C1,6
GTACGTTTGCCCGTCA-1_V12D07-075_C1,14
GTACTAAGATTTGGAG-1_V12D07-075_C1,12
GTACTCCCTTATCGCT-1_V12D07-075_C1,12
GTACTCCTGGGTATGC-1_V12D07-075_C1,6
GTACTGCATGAAGCGT-1_V12D07-075_C1,6
GTACTGGAGTTAGACC-1_V12D07-075_C1,14
GTACTTGGGCACTTCT-1_V12D07-075_C1,12
GTAGAAACGGGTGGAG-1_V12D07-075_C1,13
GTAGACAACCGATGAA-1_V12D07-075_C1,10
GTAGACACGCCTGACT-1_V12D07-075_C1,12
GTAGACGTCGTTACAT-1_V12D07-075_C1,6
GTAGCCAAACATGGGA-1_V12D07-075_C1,12
GTAGCGCTGTTGTAGT-1_V12D07-075_C1,6
GTAGCGGCTATACACT-1_V12D07-075_C1,12
GTAGCTTCCTCTTGTT-1_V12D07-075_C1,2
GTAGGTGATCCGTGTA-1_V12D07-075_C1,6
GTAGTCGCGGGAATCA-1_V12D07-075_C1,12
GTAGTCTACGATATTG-1_V12D07-075_C1,14
GTAGTGAGCAACCTCA-1_V12D07-075_C1,14
GTATAATCTCCCGGAT-1_V12D07-075_C1,11
GTATAGGACTCAGTAG-1_V12D07-075_C1,6
GTATCAAACGTTAGCT-1_V12D07-075_C1,14
GTATCAGCTTGGGTTC-1_V12D07-075_C1,12
GTATCCTTTGGTAACC-1_V12D07-075_C1,14
GTATCTTTCATAACCA-1_V12D07-075_C1,12
GTATGACGTGGGAAAC-1_V12D07-075_C1,6
GTATGTGGGTCTAGTT-1_V12D07-075_C1,14
GTATTAGGGTTCGCGT-1_V12D07-075_C1,10
GTATTCTGAGAAACGA-1_V12D07-075_C1,2
GTATTCTTACCGTGCT-1_V12D07-075_C1,13
GTATTTAATGGCATAA-1_V12D07-075_C1,6
GTCAAAGTTTACATAG-1_V12D07-075_C1,6
GTCAACCAGGCCTATA-1_V12D07-075_C1,12
GTCAAGCGGACTCGGG-1_V12D07-075_C1,12
GTCAATGCTATAATTT-1_V12D07-075_C1,6
GTCAATTGTACTGAAG-1_V12D07-075_C1,6
GTCACAAAGTTTCCAA-1_V12D07-075_C1,6
GTCAGAATAGTCTATG-1_V12D07-075_C1,12
GTCAGACAGCGTTGGA-1_V12D07-075_C1,8
GTCAGTTGTGCTCGTT-1_V12D07-075_C1,6
GTCAGTTTGGTAGTCG-1_V12D07-075_C1,12
GTCATCTCCTACAGCT-1_V12D07-075_C1,11
GTCATGCACCTCCGTT-1_V12D07-075_C1,12
GTCATGCGCGAGGGCT-1_V12D07-075_C1,11
GTCATGGACATGACTA-1_V12D07-075_C1,12
GTCATTAGAGCGAACG-1_V12D07-075_C1,12
GTCATTGCATTGACCC-1_V12D07-075_C1,12
GTCCAATATTTAGCCT-1_V12D07-075_C1,12
GTCCACGTCGCATTCG-1_V12D07-075_C1,14
GTCCATTACTGCTACG-1_V12D07-075_C1,2
GTCCCAACGTAAAGTA-1_V12D07-075_C1,4
GTCCCGCGACGTTATG-1_V12D07-075_C1,12
GTCCGAGAGCAATCAT-1_V12D07-075_C1,12
GTCCGGACCTGAAATT-1_V12D07-075_C1,14
GTCCGGCTGAATTGCG-1_V12D07-075_C1,12
GTCCGGGTTCACATTA-1_V12D07-075_C1,11
GTCCTACAGGCGGCTC-1_V12D07-075_C1,11
GTCCTACGAATAGTCT-1_V12D07-075_C1,12
GTCCTATTGTTGTGGT-1_V12D07-075_C1,13
GTCCTTCTACAACCCA-1_V12D07-075_C1,12
GTCCTTCTAGTGGGTT-1_V12D07-075_C1,6
GTCCTTTAATGACTTC-1_V12D07-075_C1,6
GTCGATAGGTGACTTT-1_V12D07-075_C1,6
GTCGCCGTTGTGTGTT-1_V12D07-075_C1,2
GTCGCGTAACCCGTTG-1_V12D07-075_C1,12
GTCGGAAGGATACCAG-1_V12D07-075_C1,6
GTCGGATATCTCAGAC-1_V12D07-075_C1,12
GTCGGATGTAGCGCGC-1_V12D07-075_C1,6
GTCGGGAACATGGTAG-1_V12D07-075_C1,8
GTCGGGAAGCAGAAAC-1_V12D07-075_C1,12
GTCGTACCATCTCGGG-1_V12D07-075_C1,14
GTCGTACCTACGATTG-1_V12D07-075_C1,8
GTCGTATTGGCGTACA-1_V12D07-075_C1,6
GTCGTCAATTATAAGG-1_V12D07-075_C1,6
GTCGTCTGGTTGGCTA-1_V12D07-075_C1,6
GTCGTGTCTGGTCATC-1_V12D07-075_C1,10
GTCGTTATTCGCTTAT-1_V12D07-075_C1,14
GTCTACTCAATTACAA-1_V12D07-075_C1,8
GTCTAGTGAGCCGCTT-1_V12D07-075_C1,14
GTCTATCTGAGTTTCT-1_V12D07-075_C1,12
GTCTATTGCATGCTCG-1_V12D07-075_C1,12
GTCTCAAGGCCCGGCT-1_V12D07-075_C1,12
GTCTCCGCCTCAATAC-1_V12D07-075_C1,12
GTCTCGACTAAGTTTG-1_V12D07-075_C1,10
GTCTCGATCTGCTTTC-1_V12D07-075_C1,6
GTCTGGGCGGTCGAGA-1_V12D07-075_C1,2
GTCTTAGTACAGCCGG-1_V12D07-075_C1,6
GTCTTCCTCACCTAAG-1_V12D07-075_C1,8
GTCTTGAGGAGCAGTG-1_V12D07-075_C1,6
GTGAAACGGCGCCACC-1_V12D07-075_C1,6
GTGAAACGTGCTCCAC-1_V12D07-075_C1,6
GTGAACTCCCATTCGA-1_V12D07-075_C1,6
GTGAAGATTTCAAGTG-1_V12D07-075_C1,6
GTGAAGCCGTATAGTC-1_V12D07-075_C1,6
GTGACAGCTTCCCACT-1_V12D07-075_C1,14
GTGACCGCACACTACG-1_V12D07-075_C1,11
GTGACCTAAAGAATAA-1_V12D07-075_C1,6
GTGACGAGGGTGACCC-1_V12D07-075_C1,6
GTGACGCAGGTTTCAT-1_V12D07-075_C1,14
GTGACTTCAGTAGTGC-1_V12D07-075_C1,12
GTGAGCGTGCTGCACT-1_V12D07-075_C1,4
GTGAGGACACTTAAGG-1_V12D07-075_C1,12
GTGAGGAGCGGTTGAG-1_V12D07-075_C1,6
GTGAGTCGACTAATAG-1_V12D07-075_C1,2
GTGAGTCTAAGACGGA-1_V12D07-075_C1,13
GTGAGTGGTACAACGC-1_V12D07-075_C1,12
GTGATCACTAACGCCT-1_V12D07-075_C1,14
GTGATCATAGATCTGC-1_V12D07-075_C1,12
GTGATCCTTGTCATGA-1_V12D07-075_C1,11
GTGATGCACAACATCT-1_V12D07-075_C1,6
GTGATTCGCCGCTCAA-1_V12D07-075_C1,2
GTGCAACAAATGTGGC-1_V12D07-075_C1,6
GTGCACCAGCTTCAAC-1_V12D07-075_C1,12
GTGCACGAAAGTGACT-1_V12D07-075_C1,6
GTGCAGCGTAGAGTAG-1_V12D07-075_C1,6
GTGCCATCACACGGTG-1_V12D07-075_C1,2
GTGCCCGTTCGGATTC-1_V12D07-075_C1,14
GTGCCGCTTCAAAGGT-1_V12D07-075_C1,12
GTGCCTAGCTATGCTT-1_V12D07-075_C1,11
GTGCCTCAGTGTACGG-1_V12D07-075_C1,6
GTGCCTGAGACCAAAC-1_V12D07-075_C1,14
GTGCGAAATCGAACAC-1_V12D07-075_C1,2
GTGCGACAGGGAGTGT-1_V12D07-075_C1,2
GTGCGGGACCATCGGC-1_V12D07-075_C1,4
GTGCGGGTCTCCAAAT-1_V12D07-075_C1,6
GTGCGTGTATATGAGC-1_V12D07-075_C1,6
GTGCTCAAGTACTGTC-1_V12D07-075_C1,12
GTGCTGCAGATAAGGA-1_V12D07-075_C1,8
GTGCTTACATCAGCGC-1_V12D07-075_C1,6
GTGGAACCTACATGCG-1_V12D07-075_C1,6
GTGGACCAACCCGATT-1_V12D07-075_C1,2
GTGGACGCATTTGTCC-1_V12D07-075_C1,12
GTGGACGTGCTGAGAC-1_V12D07-075_C1,13
GTGGAGCATGTCGGCC-1_V12D07-075_C1,6
GTGGAGTCGGCGGTTG-1_V12D07-075_C1,2
GTGGCCTAATATCATT-1_V12D07-075_C1,11
GTGGCTGTTTCTGTTC-1_V12D07-075_C1,11
GTGGGCTTAGACACAC-1_V12D07-075_C1,12
GTGGTATAGTCTGCCG-1_V12D07-075_C1,2
GTGGTCAGCGAAGTAT-1_V12D07-075_C1,6
GTGGTGATGGTTTGTG-1_V12D07-075_C1,6
GTGGTGGCCAAGTGAA-1_V12D07-075_C1,14
GTGGTTACTTCTTTCG-1_V12D07-075_C1,6
GTGGTTTCCGCCTTTC-1_V12D07-075_C1,2
GTGTACCTTGGCTACG-1_V12D07-075_C1,12
GTGTACGAACCGTTCC-1_V12D07-075_C1,6
GTGTATATCAGCGGGC-1_V12D07-075_C1,12
GTGTATGACTTTAAAG-1_V12D07-075_C1,4
GTGTCGTATAGCGTTC-1_V12D07-075_C1,12
GTGTCGTATTCACCTT-1_V12D07-075_C1,6
GTGTGAATAACTTAGG-1_V12D07-075_C1,14
GTGTGTCGACGTCGCT-1_V12D07-075_C1,11
GTGTTACTATGCGTCC-1_V12D07-075_C1,12
GTTAACATCACTTAAA-1_V12D07-075_C1,12
GTTAAGGGTGCGATGT-1_V12D07-075_C1,12
GTTAAGTTAGAGTGGG-1_V12D07-075_C1,6
GTTAATGTCTATCTTA-1_V12D07-075_C1,13
GTTACAATTGGTGACG-1_V12D07-075_C1,12
GTTACCAAGGCGTACG-1_V12D07-075_C1,2
GTTACCTACAACTTGC-1_V12D07-075_C1,12
GTTACTTTGGGCCTAG-1_V12D07-075_C1,12
GTTAGCCCATGACATC-1_V12D07-075_C1,14
GTTAGCCGTAAATCAA-1_V12D07-075_C1,6
GTTATAATACGGTGAA-1_V12D07-075_C1,14
GTTATATCAGGAGCCA-1_V12D07-075_C1,6
GTTATATTATCTCCCT-1_V12D07-075_C1,12
GTTATCAAGCTATCGA-1_V12D07-075_C1,14
GTTATCACCTTCTGAA-1_V12D07-075_C1,6
GTTCAAATCAGATGTC-1_V12D07-075_C1,8
GTTCACAGGAGTCTAG-1_V12D07-075_C1,12
GTTCAGTCGCCAAATG-1_V12D07-075_C1,12
GTTCATCGTTTGGCTG-1_V12D07-075_C1,6
GTTCCAGTCTGACCAT-1_V12D07-075_C1,6
GTTCCCGTAAACATAT-1_V12D07-075_C1,14
GTTCGCCATAAGTGCC-1_V12D07-075_C1,12
GTTCGCTGAGACGTCT-1_V12D07-075_C1,14
GTTCGGAGCACTCAAC-1_V12D07-075_C1,14
GTTCGGATCGGGAACA-1_V12D07-075_C1,2
GTTCGGGCGTACCATT-1_V12D07-075_C1,6
GTTCGTCTGGGTCCCT-1_V12D07-075_C1,6
GTTGAACCGGTTCCAT-1_V12D07-075_C1,12
GTTGAGTCCCGCCGGT-1_V12D07-075_C1,9
GTTGCACGGAGTTTCG-1_V12D07-075_C1,12
GTTGCAGTCGACAACA-1_V12D07-075_C1,14
GTTGCGCTAACATTAC-1_V12D07-075_C1,6
GTTGCGGACGGTCAGG-1_V12D07-075_C1,6
GTTGGACCGCATCAGG-1_V12D07-075_C1,6
GTTGGATTCAGTGGCT-1_V12D07-075_C1,6
GTTGGATTGAGAACAC-1_V12D07-075_C1,2
GTTGGATTTGCGTTGG-1_V12D07-075_C1,12
GTTGGTCATGCTATCC-1_V12D07-075_C1,12
GTTGTAGATTTATGAG-1_V12D07-075_C1,14
GTTGTTACATTGCGCT-1_V12D07-075_C1,6
GTTGTTGCAAGATGGC-1_V12D07-075_C1,14
GTTTACGTTCCATCTG-1_V12D07-075_C1,12
GTTTATGGGATTTAGA-1_V12D07-075_C1,13
GTTTCAAACGAGTTGT-1_V12D07-075_C1,14
GTTTCATATCGTCGCT-1_V12D07-075_C1,2
GTTTCCTGGAGGGTGA-1_V12D07-075_C1,12
GTTTCTAGAGGCGCGG-1_V12D07-075_C1,14
GTTTCTGCAGTCTCCC-1_V12D07-075_C1,12
GTTTGACCAAATCCTA-1_V12D07-075_C1,12
GTTTGGCCCAAGTTAT-1_V12D07-075_C1,12
GTTTGGGCTTGTGAGC-1_V12D07-075_C1,12
GTTTGGGTTTCGCCCG-1_V12D07-075_C1,14
GTTTGGTAGGGTCAAC-1_V12D07-075_C1,12
TAAACGTCGTCAATGA-1_V12D07-075_C1,12
TAAAGACAACCCTTTA-1_V12D07-075_C1,6
TAAAGAGCCCGAAACC-1_V12D07-075_C1,6
TAAAGCGGTATTTCCA-1_V12D07-075_C1,9
TAAAGCGTTAGGAGAA-1_V12D07-075_C1,2
TAAAGCTGCAATAGGG-1_V12D07-075_C1,13
TAAATCTTTACACCTC-1_V12D07-075_C1,10
TAAATGAATCCGTTTC-1_V12D07-075_C1,12
TAAATGCCGTCTCATG-1_V12D07-075_C1,6
TAAATGGGCTACTGAG-1_V12D07-075_C1,14
TAACAAAGGGAGAAGC-1_V12D07-075_C1,12
TAACAATATTTGTTGC-1_V12D07-075_C1,1
TAACATACAATGTGGG-1_V12D07-075_C1,12
TAACCGCCCGCAGTGC-1_V12D07-075_C1,6
TAACCTACCGTCCGAG-1_V12D07-075_C1,6
TAACCTAGGGAGTCCA-1_V12D07-075_C1,14
TAACGCTTTGAGAGCG-1_V12D07-075_C1,12
TAACTATCGAAGGTCC-1_V12D07-075_C1,12
TAACTATTACGCCAAA-1_V12D07-075_C1,6
TAACTCATCCGCGCGG-1_V12D07-075_C1,12
TAACTCCATGGAGGCT-1_V12D07-075_C1,13
TAAGCAGGCGACACGC-1_V12D07-075_C1,12
TAAGCCCTTACGACCA-1_V12D07-075_C1,6
TAAGGCAACATAAGAT-1_V12D07-075_C1,12
TAAGGCATAACATCAA-1_V12D07-075_C1,2
TAAGGCCCGTCACCCT-1_V12D07-075_C1,11
TAAGGCTGAATCCCTC-1_V12D07-075_C1,14
TAAGGGCCTGTCCGAT-1_V12D07-075_C1,14
TAAGGGCTGGGAGAGG-1_V12D07-075_C1,4
TAAGTAAATGTGCCGC-1_V12D07-075_C1,9
TAAGTAACATCTTGAC-1_V12D07-075_C1,2
TAAGTCGGTGAGCTAG-1_V12D07-075_C1,9
TAAGTTGCGACGTAGG-1_V12D07-075_C1,14
TAATAAACAAGGAGAT-1_V12D07-075_C1,6
TAATACACAGTAGTAT-1_V12D07-075_C1,6
TAATACTAGAACAGAC-1_V12D07-075_C1,14
TAATAGAACAGAGTTA-1_V12D07-075_C1,2
TAATAGCTAAATGATG-1_V12D07-075_C1,6
TAATAGTGACGACCAG-1_V12D07-075_C1,2
TAATATTGAAATTCGC-1_V12D07-075_C1,6
TAATCAACCAAATGGG-1_V12D07-075_C1,6
TAATCGATCCGTACGT-1_V12D07-075_C1,12
TAATGAAAGACCCTTG-1_V12D07-075_C1,12
TAATTACGTCAGTAGA-1_V12D07-075_C1,4
TAATTAGGACATCCGT-1_V12D07-075_C1,2
TAATTCCAATGCTTCA-1_V12D07-075_C1,14
TAATTGGAATCGGGAA-1_V12D07-075_C1,4
TAATTTCCGTCCAGTA-1_V12D07-075_C1,2
TACAACGCACAACTCA-1_V12D07-075_C1,12
TACAAGGGCTTCTTTA-1_V12D07-075_C1,14
TACACCGTCGTTAGTC-1_V12D07-075_C1,10
TACACCTCTTCGAATC-1_V12D07-075_C1,2
TACATAGGCATACACC-1_V12D07-075_C1,12
TACATCTTGTTTCTTG-1_V12D07-075_C1,8
TACATGACCTTATCCG-1_V12D07-075_C1,12
TACATGCCGGAATTGT-1_V12D07-075_C1,6
TACATTTCTAACGTGC-1_V12D07-075_C1,12
TACCAAATAGCCCAGA-1_V12D07-075_C1,12
TACCAATAAAGTACCA-1_V12D07-075_C1,14
TACCAGAAGTAGGTTC-1_V12D07-075_C1,12
TACCAGCTAGGTTTAA-1_V12D07-075_C1,6
TACCATGTATTGATTT-1_V12D07-075_C1,6
TACCCTCGGTAACCCT-1_V12D07-075_C1,11
TACCGAATAATTGTAA-1_V12D07-075_C1,14
TACCGCGGACTTGCAG-1_V12D07-075_C1,2
TACCGGCTCACTGCCC-1_V12D07-075_C1,12
TACCGGTCGTTTCCAT-1_V12D07-075_C1,2
TACCGTAGGTTAACTA-1_V12D07-075_C1,12
TACCGTGCCTCGGACC-1_V12D07-075_C1,12
TACCTACTCCCAGTAT-1_V12D07-075_C1,12
TACCTATCCCTAGAGG-1_V12D07-075_C1,2
TACCTCACGCTTGTAC-1_V12D07-075_C1,6
TACCTCAGTTGTCTGT-1_V12D07-075_C1,4
TACCTCTTTACCATCC-1_V12D07-075_C1,14
TACCTGCTGCACTGTG-1_V12D07-075_C1,13
TACGAACACGACTTCA-1_V12D07-075_C1,12
TACGACGCTTGCTGCG-1_V12D07-075_C1,12
TACGACTGCCTCTTAG-1_V12D07-075_C1,14
TACGAGAACTTCACGT-1_V12D07-075_C1,12
TACGATGTTGATCATC-1_V12D07-075_C1,12
TACGCAGTTCTTTCCT-1_V12D07-075_C1,12
TACGCCATATTCTAAT-1_V12D07-075_C1,12
TACGCCGCCTCAGAAG-1_V12D07-075_C1,6
TACGCCTCCATTCCGA-1_V12D07-075_C1,12
TACGCTATAGAAACCT-1_V12D07-075_C1,6
TACGCTCGGTATTGGA-1_V12D07-075_C1,14
TACGGAAGCCAAACCA-1_V12D07-075_C1,14
TACGGCATGGACGCTA-1_V12D07-075_C1,14
TACGGGATGCTAGCAG-1_V12D07-075_C1,6
TACGTAAAGCGGAGTG-1_V12D07-075_C1,11
TACGTGCAAGGTTCCT-1_V12D07-075_C1,6
TACGTGCACTATGCTG-1_V12D07-075_C1,12
TACGTGGGCCCAGGGC-1_V12D07-075_C1,14
TACGTTTACCGGCAAT-1_V12D07-075_C1,2
TACTACGTGCAATGCG-1_V12D07-075_C1,2
TACTATGGTTCCTCAG-1_V12D07-075_C1,2
TACTCTCCGAACAAAT-1_V12D07-075_C1,6
TACTCTTACTTTACTG-1_V12D07-075_C1,14
TACTCTTTCGTCTTCA-1_V12D07-075_C1,2
TACTGAACAGATTTAG-1_V12D07-075_C1,2
TACTGCAATCAATTAC-1_V12D07-075_C1,6
TACTGGACAGCTCGGC-1_V12D07-075_C1,10
TACTGTTTCTCTGGTA-1_V12D07-075_C1,6
TACTTAAACATGTACA-1_V12D07-075_C1,13
TACTTGTTAGTAGTCC-1_V12D07-075_C1,14
TACTTTACTGAGCCGG-1_V12D07-075_C1,2
TAGAAACACAATAGTG-1_V12D07-075_C1,8
TAGAAACCACTAAGTA-1_V12D07-075_C1,6
TAGAAAGGTGGCGCTA-1_V12D07-075_C1,14
TAGAAATTCACGTATA-1_V12D07-075_C1,8
TAGAAGAAGGGTTACA-1_V12D07-075_C1,14
TAGAATAGCCGATGAA-1_V12D07-075_C1,14
TAGACGAAACGCCAAT-1_V12D07-075_C1,13
TAGACGCCCGTACCGG-1_V12D07-075_C1,2
TAGACTACCTAGCGTT-1_V12D07-075_C1,2
TAGAGCTACGAAGAAC-1_V12D07-075_C1,6
TAGAGGTTCTACTTGT-1_V12D07-075_C1,14
TAGAGTCTAAGCGAAC-1_V12D07-075_C1,12
TAGATATGGACTGGAA-1_V12D07-075_C1,12
TAGATCCGAAGTCGCA-1_V12D07-075_C1,6
TAGATGGTTCCTTACT-1_V12D07-075_C1,11
TAGATTCCTGGTTATT-1_V12D07-075_C1,8
TAGCAACCTGTCACAA-1_V12D07-075_C1,12
TAGCAGTATGACTAAA-1_V12D07-075_C1,11
TAGCCAGAGGGTCCGG-1_V12D07-075_C1,11
TAGCCATTTCAAAGTC-1_V12D07-075_C1,9
TAGCCGGCGGTCAGCG-1_V12D07-075_C1,14
TAGCGTCCCTCGATTG-1_V12D07-075_C1,2
TAGCGTCCGGTGTGGT-1_V12D07-075_C1,10
TAGCGTCGAATATTGA-1_V12D07-075_C1,11
TAGCGTTGGGTCTTAC-1_V12D07-075_C1,12
TAGCTAAGTCCGGGAG-1_V12D07-075_C1,12
TAGCTAGAAGGCATGA-1_V12D07-075_C1,9
TAGCTAGTGATGATGG-1_V12D07-075_C1,2
TAGCTCAGATCCTAGT-1_V12D07-075_C1,6
TAGCTCGCCTGATAAC-1_V12D07-075_C1,12
TAGGAACAGCCTCCAG-1_V12D07-075_C1,6
TAGGCATGTTACGCCA-1_V12D07-075_C1,6
TAGGCCTATATAGTCT-1_V12D07-075_C1,14
TAGGCTAAAGTGGCAC-1_V12D07-075_C1,14
TAGGGAGCTTGGGATG-1_V12D07-075_C1,2
TAGGGTGTTTCAAGAG-1_V12D07-075_C1,6
TAGGTCGCCGGAACTG-1_V12D07-075_C1,2
TAGGTGACGATAACCT-1_V12D07-075_C1,11
TAGGTGAGCCCTACTC-1_V12D07-075_C1,12
TAGGTGCTCGCCTAGC-1_V12D07-075_C1,14
TAGGTGTTCCACAGAT-1_V12D07-075_C1,12
TAGGTTCGAGTTCGTC-1_V12D07-075_C1,12
TAGTAGCTTATACCAG-1_V12D07-075_C1,2
TAGTCCCGGAGACCAC-1_V12D07-075_C1,14
TAGTCCGCAGAGAATG-1_V12D07-075_C1,12
TAGTCCGTATGCATAA-1_V12D07-075_C1,11
TAGTCGATCACGGGTT-1_V12D07-075_C1,14
TAGTCGGGATTCTTCG-1_V12D07-075_C1,11
TAGTCTAACAACGAGA-1_V12D07-075_C1,12
TAGTCTGTGACGTTGC-1_V12D07-075_C1,6
TAGTCTTTCCGAATTG-1_V12D07-075_C1,6
TAGTGCCCTCCAGAGT-1_V12D07-075_C1,12
TAGTGCTTGAATCCTT-1_V12D07-075_C1,8
TAGTGTCAGAAACGGC-1_V12D07-075_C1,13
TAGTTAAGATAGGATA-1_V12D07-075_C1,6
TAGTTTATTCTTGCTT-1_V12D07-075_C1,6
TATAAATCCACAAGCT-1_V12D07-075_C1,12
TATAAGTGAGGATAGC-1_V12D07-075_C1,12
TATACACAGACGCCTT-1_V12D07-075_C1,12
TATACACGCAAAGTAT-1_V12D07-075_C1,13
TATACCGAGTGCCACA-1_V12D07-075_C1,6
TATACGCGTCATCACT-1_V12D07-075_C1,12
TATAGAGTCGCTTGAA-1_V12D07-075_C1,2
TATAGATGGTCGCAGT-1_V12D07-075_C1,14
TATAGGGTACTCATGA-1_V12D07-075_C1,8
TATATCATTGATCAGT-1_V12D07-075_C1,8
TATATCCCTGGGAGGA-1_V12D07-075_C1,2
TATATGCTGGGTTGCC-1_V12D07-075_C1,12
TATATTACAAATGTCG-1_V12D07-075_C1,6
TATATTCGCGTCGATA-1_V12D07-075_C1,6
TATCAAAGGTCTGTAA-1_V12D07-075_C1,12
TATCACCATGTAAAGT-1_V12D07-075_C1,6
TATCACCCAACCGACC-1_V12D07-075_C1,6
TATCACTTCGAGTAAC-1_V12D07-075_C1,6
TATCCATATCATGCGA-1_V12D07-075_C1,6
TATCCGCACCGTCGGG-1_V12D07-075_C1,12
TATCCTATCAACTGGT-1_V12D07-075_C1,12
TATCCTGCATGGGAAT-1_V12D07-075_C1,6
TATCGATCTATGCATA-1_V12D07-075_C1,6
TATCGATGATTAAACG-1_V12D07-075_C1,12
TATCTACAGAGGTAAT-1_V12D07-075_C1,1
TATCTACCACAGCGGG-1_V12D07-075_C1,12
TATCTAGCCTAAAGGA-1_V12D07-075_C1,13
TATGAAGAATTAAGGT-1_V12D07-075_C1,11
TATGAAGACAGGTGCG-1_V12D07-075_C1,13
TATGATAAATCTAACG-1_V12D07-075_C1,6
TATGATCCGGCACGCC-1_V12D07-075_C1,10
TATGATTCTGCTTGGT-1_V12D07-075_C1,6
TATGCTCCCTACTTAC-1_V12D07-075_C1,12
TATGGAGTTTCTCGTT-1_V12D07-075_C1,6
TATGGATGTGCTACGC-1_V12D07-075_C1,12
TATGGCTAGGCTAATT-1_V12D07-075_C1,6
TATGGGACCGAGCAGG-1_V12D07-075_C1,12
TATGGGTACGTATCGT-1_V12D07-075_C1,12
TATGGTCTGAGTAACA-1_V12D07-075_C1,12
TATGGTTAGTGGGAGA-1_V12D07-075_C1,2
TATGTCAAGACCGACT-1_V12D07-075_C1,6
TATGTCTCATTGTGCC-1_V12D07-075_C1,2
TATTAACCTGACCGCG-1_V12D07-075_C1,2
TATTACCATCCTGCTT-1_V12D07-075_C1,14
TATTCAATTCTAATCC-1_V12D07-075_C1,14
TATTCCACTCAGCTCG-1_V12D07-075_C1,12
TATTCCGGCAGTCCTA-1_V12D07-075_C1,6
TATTCCTCCGCCCACT-1_V12D07-075_C1,2
TATTCGTGCCAGAATA-1_V12D07-075_C1,12
TATTGACATTTCTGCC-1_V12D07-075_C1,6
TATTGCCGGGCTTGTA-1_V12D07-075_C1,14
TATTTAGTCTAGATCG-1_V12D07-075_C1,6
TATTTATACCGAGTAG-1_V12D07-075_C1,6
TATTTGTTACCCTTTA-1_V12D07-075_C1,12
TCAAACAACCGCGTCG-1_V12D07-075_C1,12
TCAAACTTAGATTGTT-1_V12D07-075_C1,12
TCAAATTGTTGTGCCG-1_V12D07-075_C1,14
TCAAATTTGAGACTCA-1_V12D07-075_C1,12
TCAACACATTGGGTAA-1_V12D07-075_C1,6
TCAACATAGCGCCCTA-1_V12D07-075_C1,2
TCAACCATGTTCGGGC-1_V12D07-075_C1,6
TCAACGAGGAGACAAA-1_V12D07-075_C1,12
TCAACGCGACCGGCAG-1_V12D07-075_C1,2
TCAACTAACGTATAAC-1_V12D07-075_C1,13
TCAACTGCAGAGTCAG-1_V12D07-075_C1,14
TCAAGAAATACTAGCT-1_V12D07-075_C1,6
TCAAGCGCGGACGGTA-1_V12D07-075_C1,14
TCAAGGTTACTACACC-1_V12D07-075_C1,14
TCAATACAATTGCTGC-1_V12D07-075_C1,8
TCAATACGCCGTCATG-1_V12D07-075_C1,12
TCAATATACAGGAGGC-1_V12D07-075_C1,2
TCAATCCCGCGCCAAA-1_V12D07-075_C1,9
TCACAAACCGAGGTAC-1_V12D07-075_C1,14
TCACAGATCCTCAAAC-1_V12D07-075_C1,12
TCACAGCAAACTCGAA-1_V12D07-075_C1,2
TCACAGGAGAATAAGA-1_V12D07-075_C1,2
TCACAGGGAATCGCAA-1_V12D07-075_C1,12
TCACAGGTTATTGGGC-1_V12D07-075_C1,12
TCACATCTTATCTGAT-1_V12D07-075_C1,13
TCACCCTCTTAAGATT-1_V12D07-075_C1,12
TCACCGCTCGGCACTC-1_V12D07-075_C1,2
TCACGCATTGTAGATC-1_V12D07-075_C1,12
TCACGGTCATCGCACA-1_V12D07-075_C1,12
TCACGTGCCCGATTCA-1_V12D07-075_C1,12
TCACTACGACCAATGC-1_V12D07-075_C1,6
TCACTATCCCTTCGGT-1_V12D07-075_C1,14
TCACTCGTGCAACGGC-1_V12D07-075_C1,6
TCACTCTTCGTCTGTC-1_V12D07-075_C1,8
TCAGAACCTCCACAGG-1_V12D07-075_C1,6
TCAGACGCTATAGAAG-1_V12D07-075_C1,12
TCAGAGTGTGAGCATG-1_V12D07-075_C1,14
TCAGCAAATGCATCTC-1_V12D07-075_C1,14
TCAGCCAATCCGTAAA-1_V12D07-075_C1,14
TCAGGGCGACTTCCTT-1_V12D07-075_C1,12
TCAGGGTGCACGAAAC-1_V12D07-075_C1,6
TCAGGGTGTAACGTAA-1_V12D07-075_C1,12
TCAGGTTCTTTGAGAA-1_V12D07-075_C1,12
TCAGTACTGACCCGCG-1_V12D07-075_C1,11
TCAGTAGGGACTATAA-1_V12D07-075_C1,12
TCATAAGTCCAAGAAG-1_V12D07-075_C1,14
TCATACTTACAGATCC-1_V12D07-075_C1,13
TCATATGAGCTTTGTT-1_V12D07-075_C1,11
TCATCCCAGAGGGTGG-1_V12D07-075_C1,6
TCATCCTCAGCTGCTT-1_V12D07-075_C1,14
TCATCGACGACCGTCG-1_V12D07-075_C1,14
TCATGCAGGTTCTCAT-1_V12D07-075_C1,6
TCATTCGTATAATTTG-1_V12D07-075_C1,6
TCATTTAAGTCTCCGA-1_V12D07-075_C1,2
TCATTTAGAAGTGTGA-1_V12D07-075_C1,14
TCCAACTCAGCTATCT-1_V12D07-075_C1,14
TCCAACTTTAAATTCT-1_V12D07-075_C1,12
TCCAATAAAGGCTACC-1_V12D07-075_C1,12
TCCACAATGGTTTACG-1_V12D07-075_C1,12
TCCACATCGTATATTG-1_V12D07-075_C1,14
TCCACCAAGACATAGG-1_V12D07-075_C1,2
TCCACCTCTAGCCTTT-1_V12D07-075_C1,12
TCCACTTTATCTAGGT-1_V12D07-075_C1,12
TCCAGAGCACCGGTTC-1_V12D07-075_C1,12
TCCAGATGTACGCCAA-1_V12D07-075_C1,10
TCCAGCGCTATAAGCG-1_V12D07-075_C1,2
TCCAGGCGAGTACGGT-1_V12D07-075_C1,12
TCCAGGGTATATACGA-1_V12D07-075_C1,12
TCCATTAGTTGGATAG-1_V12D07-075_C1,12
TCCATTGTGACCTCGT-1_V12D07-075_C1,6
TCCCAAACAGACAACG-1_V12D07-075_C1,6
TCCCAAAGACGAAGGA-1_V12D07-075_C1,12
TCCCAAAGCCCTAAAT-1_V12D07-075_C1,6
TCCCACTCTCTTCCGG-1_V12D07-075_C1,6
TCCCAGCACACGACAT-1_V12D07-075_C1,2
TCCCAGCTTTAGTCTG-1_V12D07-075_C1,12
TCCCAGGCTTAGCTAA-1_V12D07-075_C1,12
TCCCGCCTATGTGCGT-1_V12D07-075_C1,6
TCCCGCGTACTCCTGG-1_V12D07-075_C1,12
TCCCGGGTGTGCTGCT-1_V12D07-075_C1,12
TCCCGGTCAGGAATTT-1_V12D07-075_C1,6
TCCCGTCAGTCCCGCA-1_V12D07-075_C1,6
TCCCGTCGCGTCATAG-1_V12D07-075_C1,6
TCCCGTGTGCAATTTG-1_V12D07-075_C1,14
TCCCTAGATCAATAGG-1_V12D07-075_C1,6
TCCCTCTTCTCAAGGG-1_V12D07-075_C1,14
TCCCTGGCTCGCTGGA-1_V12D07-075_C1,12
TCCCTTAGATTACTCG-1_V12D07-075_C1,6
TCCCTTGTCTGAAACT-1_V12D07-075_C1,14
TCCGAACGTTGCCGCT-1_V12D07-075_C1,6
TCCGAAGTAGTCACCA-1_V12D07-075_C1,6
TCCGAATGGTCCTGAG-1_V12D07-075_C1,6
TCCGAGAAGGCTAAGC-1_V12D07-075_C1,4
TCCGATGACTGAGCTC-1_V12D07-075_C1,6
TCCGATGGTGCGACAT-1_V12D07-075_C1,12
TCCGATTACATTGCCG-1_V12D07-075_C1,12
TCCGCAGCCACCTAGC-1_V12D07-075_C1,11
TCCGCCTGTCTACAAG-1_V12D07-075_C1,12
TCCGCGGCAGCATCTG-1_V12D07-075_C1,14
TCCGCGGCCCAATGAA-1_V12D07-075_C1,14
TCCGCTGTCATCCCGG-1_V12D07-075_C1,14
TCCGCTTATCCCATTA-1_V12D07-075_C1,12
TCCGGAGGAAGGGCTG-1_V12D07-075_C1,6
TCCGGCCTAGCGTACA-1_V12D07-075_C1,2
TCCGGCTGTCGGGTCG-1_V12D07-075_C1,2
TCCGGGCTTGACGGGA-1_V12D07-075_C1,14
TCCGGTTCGTCCGGTC-1_V12D07-075_C1,12
TCCGTTAAGCTAATAT-1_V12D07-075_C1,14
TCCGTTTAGCCTTGAA-1_V12D07-075_C1,2
TCCTAAAGATTCAGAC-1_V12D07-075_C1,14
TCCTAAATTGGGAAGC-1_V12D07-075_C1,12
TCCTAACCGTCGGGCA-1_V12D07-075_C1,2
TCCTACATCCACGGCC-1_V12D07-075_C1,14
TCCTAGCAAAGAAGCT-1_V12D07-075_C1,12
TCCTATCATAGGTAAC-1_V12D07-075_C1,6
TCCTCGGGCTGGGCTT-1_V12D07-075_C1,12
TCCTCTACGAGATGGC-1_V12D07-075_C1,12
TCCTCTGGCCCATTAG-1_V12D07-075_C1,6
TCCTGCCAACTGGAGA-1_V12D07-075_C1,6
TCCTGCGTTGATACTC-1_V12D07-075_C1,12
TCCTGGCGCTGCCTGG-1_V12D07-075_C1,6
TCCTTACGACGGTCCG-1_V12D07-075_C1,14
TCCTTCAATCCCTACG-1_V12D07-075_C1,2
TCCTTCAGTGGTCGAA-1_V12D07-075_C1,6
TCCTTGTCCTTTAATT-1_V12D07-075_C1,14
TCCTTTAAATCCGCTT-1_V12D07-075_C1,14
TCCTTTCTTACGCTTA-1_V12D07-075_C1,12
TCGAAATTTAGGACCA-1_V12D07-075_C1,12
TCGAAGAACCGAGCAC-1_V12D07-075_C1,14
TCGAGACCAACACCGT-1_V12D07-075_C1,12
TCGAGGGCAACAGACG-1_V12D07-075_C1,14
TCGATAGGCTAGTCGC-1_V12D07-075_C1,6
TCGCAAAGATGCATTT-1_V12D07-075_C1,12
TCGCACCAGGAGGCAG-1_V12D07-075_C1,12
TCGCACTAACGTTTGT-1_V12D07-075_C1,8
TCGCATAAAGGGCGCA-1_V12D07-075_C1,14
TCGCATCCCTAAGTGT-1_V12D07-075_C1,6
TCGCATTCAATGACTT-1_V12D07-075_C1,6
TCGCCCAACTGACTCC-1_V12D07-075_C1,6
TCGCCCACTGCGAGAG-1_V12D07-075_C1,14
TCGCCGAAGTTGCGTC-1_V12D07-075_C1,2
TCGCCGACATATTCGC-1_V12D07-075_C1,12
TCGCCGGATGGGCAAG-1_V12D07-075_C1,11
TCGCCGGTCGATCCGT-1_V12D07-075_C1,6
TCGCTAAACCGCTATC-1_V12D07-075_C1,6
TCGCTACTGGCTTTGA-1_V12D07-075_C1,14
TCGCTCGATATATTCC-1_V12D07-075_C1,12
TCGCTCGGCACCAGCG-1_V12D07-075_C1,6
TCGCTGCCAATGCTGT-1_V12D07-075_C1,14
TCGCTGGGCGGATTGT-1_V12D07-075_C1,12
TCGCTGTGCGTAAATC-1_V12D07-075_C1,12
TCGCTTAATTACGAAG-1_V12D07-075_C1,6
TCGCTTTAAACGTTTG-1_V12D07-075_C1,6
TCGGAATGCGCTCTGA-1_V12D07-075_C1,1
TCGGACGCCCAGCCCA-1_V12D07-075_C1,14
TCGGAGTACATGAGTA-1_V12D07-075_C1,14
TCGGCAGGGTTAAGGG-1_V12D07-075_C1,2
TCGGCGAACCCAAACC-1_V12D07-075_C1,14
TCGGCTTGTATCGACG-1_V12D07-075_C1,14
TCGGGAACGTGCCTAG-1_V12D07-075_C1,6
TCGGGAGACAGCGTAC-1_V12D07-075_C1,12
TCGGGATTCAAACATA-1_V12D07-075_C1,2
TCGGGCCGTCGTGGTA-1_V12D07-075_C1,14
TCGGGTGAAACTGCTA-1_V12D07-075_C1,6
TCGGTCCCTGACTCCA-1_V12D07-075_C1,6
TCGGTGACCGCTCCGG-1_V12D07-075_C1,6
TCGGTTAGCCATGTAG-1_V12D07-075_C1,6
TCGTAACTCCCAAGAC-1_V12D07-075_C1,14
TCGTAAGACGACATTG-1_V12D07-075_C1,12
TCGTAAGCTCCGAGGA-1_V12D07-075_C1,6
TCGTACCGACGTCAAG-1_V12D07-075_C1,12
TCGTATAGTGCAATTA-1_V12D07-075_C1,6
TCGTATTACCCATTGC-1_V12D07-075_C1,12
TCGTCACACTGTTAGC-1_V12D07-075_C1,13
TCGTCCGCTGGCGTCT-1_V12D07-075_C1,12
TCGTCCGGGTACACTC-1_V12D07-075_C1,6
TCGTCTTAGGCGTTAA-1_V12D07-075_C1,12
TCGTGTTCGACCACAA-1_V12D07-075_C1,14
TCGTTAGGAGTCCCTA-1_V12D07-075_C1,12
TCGTTCGTTATTATGT-1_V12D07-075_C1,6
TCGTTGACAGGGTCCC-1_V12D07-075_C1,11
TCGTTGCTATCCGGTC-1_V12D07-075_C1,2
TCGTTGGCTCGTCAAT-1_V12D07-075_C1,6
TCGTTTACGCGACCCT-1_V12D07-075_C1,14
TCTAACTGTATGTAAA-1_V12D07-075_C1,12
TCTACACGTTCATGCA-1_V12D07-075_C1,6
TCTACCCAATAGAGAG-1_V12D07-075_C1,14
TCTACCGTCCACAAGC-1_V12D07-075_C1,12
TCTAGCAATCTCCGCC-1_V12D07-075_C1,2
TCTAGCATCTTCGATG-1_V12D07-075_C1,12
TCTAGCATGCCCAGAA-1_V12D07-075_C1,12
TCTAGGTGGCGACGCT-1_V12D07-075_C1,2
TCTAGTGATATCGTGG-1_V12D07-075_C1,14
TCTAGTTATCAGAAGA-1_V12D07-075_C1,11
TCTATAGGTGGGTAAT-1_V12D07-075_C1,11
TCTATCATGCAGTTAC-1_V12D07-075_C1,13
TCTATCGGTCGCAACA-1_V12D07-075_C1,12
TCTATGCTATAACGAC-1_V12D07-075_C1,14
TCTATTACGCTGGCGA-1_V12D07-075_C1,12
TCTCAAATCAATCGGG-1_V12D07-075_C1,14
TCTCATGAGATAGGGT-1_V12D07-075_C1,14
TCTCCAACGTAGGTTA-1_V12D07-075_C1,6
TCTCCACAAGTTGAAT-1_V12D07-075_C1,14
TCTCCCTGGGCAGCGT-1_V12D07-075_C1,12
TCTCGAACGAGGTCAC-1_V12D07-075_C1,6
TCTCGAGGAGGTTCGC-1_V12D07-075_C1,14
TCTCGGCTCCAGGACT-1_V12D07-075_C1,6
TCTCTAATAGCTGGTA-1_V12D07-075_C1,6
TCTCTCGCCGCACATA-1_V12D07-075_C1,14
TCTGAACCGGTCGGCT-1_V12D07-075_C1,12
TCTGAACTCGTACCCG-1_V12D07-075_C1,14
TCTGAAGCACGTGGTC-1_V12D07-075_C1,13
TCTGAATTCCGTACAA-1_V12D07-075_C1,2
TCTGACGGGCTAACCC-1_V12D07-075_C1,6
TCTGACTGTAATGGTT-1_V12D07-075_C1,8
TCTGAGCAATTGACTG-1_V12D07-075_C1,14
TCTGATCGGGTGCTAG-1_V12D07-075_C1,6
TCTGATGTATTCTGTC-1_V12D07-075_C1,12
TCTGATTGGAAATGGA-1_V12D07-075_C1,6
TCTGCAGATTCGAGTC-1_V12D07-075_C1,12
TCTGCATACCTTGCTT-1_V12D07-075_C1,14
TCTGCCAGAAACTGCA-1_V12D07-075_C1,12
TCTGCGTCCGGTTTCT-1_V12D07-075_C1,1
TCTGCTTAGAACAAGC-1_V12D07-075_C1,6
TCTGGAGCGTAAGAGT-1_V12D07-075_C1,6
TCTGGCCGTTCAAGTT-1_V12D07-075_C1,6
TCTGGCGCAAGCCGGG-1_V12D07-075_C1,4
TCTGGGAACCTTTGAA-1_V12D07-075_C1,14
TCTGGGTAGCGCTCAT-1_V12D07-075_C1,12
TCTGTCATACAAGAGC-1_V12D07-075_C1,6
TCTGTGATGGAGGTTG-1_V12D07-075_C1,6
TCTGTGCCATCATAGT-1_V12D07-075_C1,14
TCTGTTACCCAGCATA-1_V12D07-075_C1,2
TCTTAACTCGGATGTA-1_V12D07-075_C1,8
TCTTACAGAGGTACCG-1_V12D07-075_C1,6
TCTTACCGGAACTCGT-1_V12D07-075_C1,6
TCTTACGGCATCCGAC-1_V12D07-075_C1,12
TCTTACTTATGCCTCT-1_V12D07-075_C1,14
TCTTAGAGCTCCAATT-1_V12D07-075_C1,13
TCTTAGAGTGAACTCT-1_V12D07-075_C1,14
TCTTCCCATGGGCACA-1_V12D07-075_C1,2
TCTTCGAATAGACGTT-1_V12D07-075_C1,12
TCTTCGATACCAATAA-1_V12D07-075_C1,12
TCTTCGCGGTGAGAGG-1_V12D07-075_C1,14
TCTTCTATAACCCGCC-1_V12D07-075_C1,2
TCTTGATGCGTAGCGA-1_V12D07-075_C1,12
TCTTGCTCCCGATACT-1_V12D07-075_C1,11
TCTTGGTAACACCAAA-1_V12D07-075_C1,12
TCTTTAAGACTATGAA-1_V12D07-075_C1,2
TCTTTAGAGTCTAACA-1_V12D07-075_C1,2
TCTTTAGCAGGCGAAC-1_V12D07-075_C1,6
TCTTTCCTTCGAGATA-1_V12D07-075_C1,14
TGAAACTTATGCAAGC-1_V12D07-075_C1,6
TGAAAGGACCTGACTC-1_V12D07-075_C1,14
TGAACTGCTATGACTT-1_V12D07-075_C1,2
TGAAGAGCGGTCCTAG-1_V12D07-075_C1,12
TGAAGTAGCTTACGGA-1_V12D07-075_C1,11
TGAATACCGACGCGTA-1_V12D07-075_C1,11
TGAATATGCTATAAAC-1_V12D07-075_C1,6
TGAATGAGTGTTTCCC-1_V12D07-075_C1,12
TGAATGTCAGCCGGCC-1_V12D07-075_C1,2
TGACAACGCATGTCGC-1_V12D07-075_C1,6
TGACACTTCTCTTTGC-1_V12D07-075_C1,6
TGACATATATGACGAT-1_V12D07-075_C1,11
TGACATCGAGCGGACC-1_V12D07-075_C1,2
TGACATGTAACGTGAC-1_V12D07-075_C1,14
TGACCAAATCTTAAAC-1_V12D07-075_C1,11
TGACCAGCTTCAAAGT-1_V12D07-075_C1,6
TGACCCACGTTAGACA-1_V12D07-075_C1,12
TGACGATGCACTAGAA-1_V12D07-075_C1,2
TGACTATAATCCTTTC-1_V12D07-075_C1,12
TGACTCTAACTGGTAA-1_V12D07-075_C1,14
TGAGAATGCTTTACCG-1_V12D07-075_C1,6
TGAGACGTACCTCTCA-1_V12D07-075_C1,14
TGAGAGATTTACCACG-1_V12D07-075_C1,14
TGAGATCAAATACTCA-1_V12D07-075_C1,6
TGAGATTAGGCCCTAA-1_V12D07-075_C1,6
TGAGCAGTCGTGAAGT-1_V12D07-075_C1,10
TGAGCCATACAGTCTC-1_V12D07-075_C1,12
TGAGCGGAAAGTGTTC-1_V12D07-075_C1,12
TGAGCTCAACTGTATA-1_V12D07-075_C1,2
TGAGCTTTAATGACGC-1_V12D07-075_C1,6
TGAGGAGTGCCAGCTT-1_V12D07-075_C1,12
TGAGGTGTGTGGCGGA-1_V12D07-075_C1,12
TGAGTAAATTAGCGTA-1_V12D07-075_C1,11
TGAGTGCCTCTTAAAT-1_V12D07-075_C1,2
TGAGTGGTCCGTGACG-1_V12D07-075_C1,2
TGAGTTAAAGACATTC-1_V12D07-075_C1,2
TGATACATTTAGCCGT-1_V12D07-075_C1,2
TGATAGCGGGATTCTA-1_V12D07-075_C1,1
TGATCACCACACTGAC-1_V12D07-075_C1,12
TGATCCCAGCATTAGT-1_V12D07-075_C1,6
TGATCGGTTTGACCCT-1_V12D07-075_C1,12
TGATCTACGCTGATCT-1_V12D07-075_C1,6
TGATCTATCACACTCT-1_V12D07-075_C1,2
TGATCTCCGGCGCCAG-1_V12D07-075_C1,12
TGATGGCTGTTTCTGA-1_V12D07-075_C1,6
TGATGTCAATTAAGTG-1_V12D07-075_C1,14
TGATTATGGCACGCAG-1_V12D07-075_C1,3
TGATTCCCGGTTACCT-1_V12D07-075_C1,12
TGATTCGTCTATCACT-1_V12D07-075_C1,12
TGATTCTGTCGCCGGT-1_V12D07-075_C1,2
TGATTTATTAGCTGTG-1_V12D07-075_C1,12
TGATTTCCTCCTGACG-1_V12D07-075_C1,10
TGCAAAGTTCGTCTGT-1_V12D07-075_C1,12
TGCAACCCATCTGCGG-1_V12D07-075_C1,11
TGCAACTACTGGTTGA-1_V12D07-075_C1,14
TGCAAGAATGACGTAA-1_V12D07-075_C1,12
TGCAATCTAACACGGT-1_V12D07-075_C1,14
TGCAATTTGGGCACGG-1_V12D07-075_C1,6
TGCACAGTGAAGTTAT-1_V12D07-075_C1,6
TGCACGAGTCGGCAGC-1_V12D07-075_C1,6
TGCACTATGTGAGTGC-1_V12D07-075_C1,12
TGCAGAGTACCGAGCA-1_V12D07-075_C1,12
TGCAGGATCGGCAAAG-1_V12D07-075_C1,12
TGCAGTGAGGCTCGGG-1_V12D07-075_C1,6
TGCAGTTTCCTCCCAT-1_V12D07-075_C1,14
TGCATATGTCTGTCAC-1_V12D07-075_C1,14
TGCATGGATCGGATCT-1_V12D07-075_C1,6
TGCATGTGGTAATCTA-1_V12D07-075_C1,2
TGCCAATGGGTACTCT-1_V12D07-075_C1,12
TGCCACCTGGCGAAAC-1_V12D07-075_C1,6
TGCCAGTACGTGGAGA-1_V12D07-075_C1,12
TGCCATTACTAAAGAA-1_V12D07-075_C1,6
TGCCCGTACCGTTAAA-1_V12D07-075_C1,14
TGCCGAAAGCGTATTC-1_V12D07-075_C1,4
TGCCGTGGATCGTCCT-1_V12D07-075_C1,12
TGCCTAAATTTAATAG-1_V12D07-075_C1,6
TGCCTAATTGAAGATT-1_V12D07-075_C1,14
TGCCTGACATCGGTCA-1_V12D07-075_C1,12
TGCCTGATCAAACGAT-1_V12D07-075_C1,12
TGCCTTGGCCAGGCAA-1_V12D07-075_C1,12
TGCGACACCCTAGTGC-1_V12D07-075_C1,2
TGCGAGAATATTACCC-1_V12D07-075_C1,2
TGCGAGATGGCGGCCA-1_V12D07-075_C1,6
TGCGAGCCCTTCCGCG-1_V12D07-075_C1,6
TGCGCAAAGCATTTGG-1_V12D07-075_C1,12
TGCGCCGTTAATAACG-1_V12D07-075_C1,6
TGCGCGATTAACGGAG-1_V12D07-075_C1,12
TGCGGACTTGACTCCG-1_V12D07-075_C1,14
TGCGGAGTAAAGGTGC-1_V12D07-075_C1,12
TGCGGCATAGTTCAAC-1_V12D07-075_C1,6
TGCGGTGAAATTTCAT-1_V12D07-075_C1,6
TGCGTAAGAACCTGAT-1_V12D07-075_C1,12
TGCGTACGGCTAATTG-1_V12D07-075_C1,14
TGCGTGATTGGGTGTC-1_V12D07-075_C1,12
TGCGTTTGTTGACACT-1_V12D07-075_C1,12
TGCTAAGTGTCTATTT-1_V12D07-075_C1,12
TGCTATACAAACGGAC-1_V12D07-075_C1,6
TGCTCCACAGTTCTTA-1_V12D07-075_C1,14
TGCTCGGCGAAACCCA-1_V12D07-075_C1,12
TGCTCGGTGGGTCACC-1_V12D07-075_C1,14
TGCTCTTGAGAGTTTG-1_V12D07-075_C1,14
TGCTGGTTGGACAATT-1_V12D07-075_C1,12
TGCTGTTGAAGAACTC-1_V12D07-075_C1,12
TGCTTCCCAAGCAGTA-1_V12D07-075_C1,12
TGCTTGAAACCATGCA-1_V12D07-075_C1,3
TGGAACCACTGACACA-1_V12D07-075_C1,6
TGGAAGAAGGGAACGT-1_V12D07-075_C1,12
TGGAAGACGAACACCA-1_V12D07-075_C1,6
TGGAAGGATAAAGATG-1_V12D07-075_C1,4
TGGAATATCCTTGACC-1_V12D07-075_C1,6
TGGAATTAGACGCTTT-1_V12D07-075_C1,13
TGGACACCGTTGCTTG-1_V12D07-075_C1,11
TGGACCAATCTAAGAT-1_V12D07-075_C1,11
TGGACCACGGCGTTGA-1_V12D07-075_C1,13
TGGACGTAGGCGAATC-1_V12D07-075_C1,8
TGGACTGTTCGCTCAA-1_V12D07-075_C1,2
TGGAGGGAAACACCTC-1_V12D07-075_C1,6
TGGAGTGATGCGATGA-1_V12D07-075_C1,12
TGGCAAACTAAATTAC-1_V12D07-075_C1,12
TGGCAACTCGCGCGCC-1_V12D07-075_C1,6
TGGCAAGCACAAGTCG-1_V12D07-075_C1,12
TGGCAATGGGACGGCG-1_V12D07-075_C1,14
TGGCACGAGCTCGAGT-1_V12D07-075_C1,6
TGGCAGATTACGATCA-1_V12D07-075_C1,12
TGGCAGCAGTAATAGT-1_V12D07-075_C1,12
TGGCCAAACTGAAGTA-1_V12D07-075_C1,12
TGGCCGTATATTGACC-1_V12D07-075_C1,12
TGGCGACTGCTCCAAA-1_V12D07-075_C1,2
TGGCGATCAAGTTATG-1_V12D07-075_C1,12
TGGCGGTGTGCGATTG-1_V12D07-075_C1,6
TGGCTACACTCTACCT-1_V12D07-075_C1,14
TGGCTATGTGACATAC-1_V12D07-075_C1,12
TGGCTTGTACAAGCTT-1_V12D07-075_C1,6
TGGCTTTGGGTAGACA-1_V12D07-075_C1,6
TGGGAAATGCCTTTCC-1_V12D07-075_C1,12
TGGGACCATTGGGAGT-1_V12D07-075_C1,14
TGGGATGCACTCATTC-1_V12D07-075_C1,6
TGGGCAATAGTTGGGT-1_V12D07-075_C1,2
TGGGCACAAACAGAAC-1_V12D07-075_C1,6
TGGGCACGTTCTATGG-1_V12D07-075_C1,6
TGGGCAGGCCACCGCA-1_V12D07-075_C1,14
TGGGCCACAAGAGCGC-1_V12D07-075_C1,6
TGGGCCCATACTAATT-1_V12D07-075_C1,14
TGGGCGATACAATAAG-1_V12D07-075_C1,14
TGGGTAAGGTTCCCGC-1_V12D07-075_C1,6
TGGGTGCACAAGCCAT-1_V12D07-075_C1,14
TGGGTGGGATGTCATT-1_V12D07-075_C1,6
TGGGTGTAATAGATTT-1_V12D07-075_C1,14
TGGGTTCCCGGACGGA-1_V12D07-075_C1,12
TGGTAAGCAGGATTGA-1_V12D07-075_C1,2
TGGTAGAATATATGGG-1_V12D07-075_C1,14
TGGTATCGCATCCCAA-1_V12D07-075_C1,6
TGGTATCGGTCTGTAT-1_V12D07-075_C1,6
TGGTCCCACGCTACGG-1_V12D07-075_C1,9
TGGTCGTGCAAGGCAA-1_V12D07-075_C1,2
TGGTCTAGCTTACATG-1_V12D07-075_C1,12
TGGTCTGTTGGGCGTA-1_V12D07-075_C1,12
TGGTGATCGTATTTGT-1_V12D07-075_C1,12
TGGTTAAGGGCGCTGG-1_V12D07-075_C1,10
TGGTTATGCTTGCGGT-1_V12D07-075_C1,13
TGGTTCAACGGGTAAT-1_V12D07-075_C1,12
TGGTTCGTAGCAAAGG-1_V12D07-075_C1,6
TGGTTGGAGGATCCTG-1_V12D07-075_C1,6
TGGTTTAAACGTGGGT-1_V12D07-075_C1,6
TGTAATGACCACAATA-1_V12D07-075_C1,8
TGTACCTACACGAGGG-1_V12D07-075_C1,11
TGTACGAACAAATCCG-1_V12D07-075_C1,12
TGTACTACTCTCACGG-1_V12D07-075_C1,6
TGTACTGTGCCAAAGT-1_V12D07-075_C1,6
TGTACTTCCGGGCATG-1_V12D07-075_C1,2
TGTAGCCATCCCATTC-1_V12D07-075_C1,14
TGTAGGAGAAATTTCC-1_V12D07-075_C1,14
TGTAGTGATCTATAAT-1_V12D07-075_C1,12
TGTATAACAGATCCTG-1_V12D07-075_C1,12
TGTATACGGATGATGA-1_V12D07-075_C1,6
TGTATCAGACTGAAGC-1_V12D07-075_C1,6
TGTATCCTTATTCCAT-1_V12D07-075_C1,6
TGTATGGCGCAGACAG-1_V12D07-075_C1,14
TGTATTTACCTAATGC-1_V12D07-075_C1,6
TGTCATTTGTTGGGAA-1_V12D07-075_C1,6
TGTCCACGGCTCAACT-1_V12D07-075_C1,14
TGTCCCGACATAGCAC-1_V12D07-075_C1,6
TGTCCGTGGCGCCTTT-1_V12D07-075_C1,12
TGTCGGCATGGTGGAA-1_V12D07-075_C1,6
TGTCTACAGTTTCTGT-1_V12D07-075_C1,6
TGTGACTACGCCAGTC-1_V12D07-075_C1,6
TGTGACTAGAGTTTGC-1_V12D07-075_C1,14
TGTGAGACTAGCCCAA-1_V12D07-075_C1,12
TGTGCCGGTGCCGGAA-1_V12D07-075_C1,14
TGTGCTTTACGTAAGA-1_V12D07-075_C1,10
TGTGGCAAAGCGTATG-1_V12D07-075_C1,2
TGTGGCGGGCTTCTGG-1_V12D07-075_C1,4
TGTGGCTCCCACCAAC-1_V12D07-075_C1,6
TGTGGTAGGGTGCCTT-1_V12D07-075_C1,6
TGTGGTTGCTAAAGCT-1_V12D07-075_C1,14
TGTGTAGTAGCACGTG-1_V12D07-075_C1,14
TGTGTCGCGAGTTGCA-1_V12D07-075_C1,12
TGTGTTCGTATCCAAG-1_V12D07-075_C1,12
TGTTATTGTATGTGGC-1_V12D07-075_C1,14
TGTTCCGCTTCCATGA-1_V12D07-075_C1,12
TGTTCCGGCCTGAGCT-1_V12D07-075_C1,2
TGTTCGTATTGCGGTG-1_V12D07-075_C1,12
TGTTCTCATACTATAG-1_V12D07-075_C1,9
TGTTCTTCCATTGACT-1_V12D07-075_C1,12
TGTTGCCGTCGTCCCA-1_V12D07-075_C1,6
TGTTGTCAAGAAGTCT-1_V12D07-075_C1,6
TGTTTCGGTACTTCTC-1_V12D07-075_C1,6
TGTTTGAGATCGTCAG-1_V12D07-075_C1,12
TTAAACAGAGTCCCGC-1_V12D07-075_C1,6
TTAAACCGGTAGCGAC-1_V12D07-075_C1,6
TTAAACCTGGTTCCTT-1_V12D07-075_C1,13
TTAAACTCGAATTCAT-1_V12D07-075_C1,2
TTAACCAACCCTCCCT-1_V12D07-075_C1,6
TTAACGAACAAGCAGT-1_V12D07-075_C1,6
TTAACGTCGCAAGACC-1_V12D07-075_C1,6
TTAACGTTAAAGCCTG-1_V12D07-075_C1,14
TTAACTCACGCGTGGA-1_V12D07-075_C1,12
TTAACTGATCGTTTGG-1_V12D07-075_C1,9
TTAAGACGAACGAACC-1_V12D07-075_C1,6
TTAAGATAGGATTGAC-1_V12D07-075_C1,14
TTAAGCCGACAACTTC-1_V12D07-075_C1,6
TTAAGCGCCTGACCCA-1_V12D07-075_C1,12
TTAAGGATACGGAGGT-1_V12D07-075_C1,1
TTAAGTATTGTTATCC-1_V12D07-075_C1,11
TTAATCAGTACGTCAG-1_V12D07-075_C1,6
TTAATGTAGACCAGGT-1_V12D07-075_C1,12
TTAATGTGTTTGCAGG-1_V12D07-075_C1,11
TTAATTGCTTTGGGTG-1_V12D07-075_C1,14
TTAATTTCAGACGCGG-1_V12D07-075_C1,6
TTACAACTACGCATCC-1_V12D07-075_C1,6
TTACACGATCTGCGAC-1_V12D07-075_C1,14
TTACAGACCTAAATGA-1_V12D07-075_C1,2
TTACATCGTGGCCTGG-1_V12D07-075_C1,12
TTACATGCCACAACTA-1_V12D07-075_C1,2
TTACCATTGATTACCC-1_V12D07-075_C1,12
TTACCCATTGCCGGGT-1_V12D07-075_C1,6
TTACCCTAACAGTCCT-1_V12D07-075_C1,12
TTACCCTAGGGATTGG-1_V12D07-075_C1,12
TTACGGATGGTTCGAG-1_V12D07-075_C1,2
TTACGGTGTCACCGAG-1_V12D07-075_C1,6
TTACGTATCTATGACA-1_V12D07-075_C1,14
TTACTAAAGGACTTTA-1_V12D07-075_C1,12
TTACTCCGGCCGGGAA-1_V12D07-075_C1,14
TTACTCTGGTACGTAC-1_V12D07-075_C1,2
TTACTGGGATATTTCA-1_V12D07-075_C1,12
TTACTGTCTAGAGCTC-1_V12D07-075_C1,6
TTAGAAGAACATGACT-1_V12D07-075_C1,12
TTAGAATAAGGGTCGG-1_V12D07-075_C1,2
TTAGACACGATCGTTG-1_V12D07-075_C1,6
TTAGACGAGTCACCTC-1_V12D07-075_C1,9
TTAGAGTTTAGAAGGA-1_V12D07-075_C1,14
TTAGCTAATACGATCT-1_V12D07-075_C1,6
TTAGCTCTGTAATCCG-1_V12D07-075_C1,13
TTAGCTGATTTGCCGT-1_V12D07-075_C1,14
TTAGGATGGGAGGGTA-1_V12D07-075_C1,6
TTAGTAAACCTGCTCT-1_V12D07-075_C1,14
TTAGTAGGGCGGCGGG-1_V12D07-075_C1,12
TTAGTTATTCGTGGCA-1_V12D07-075_C1,14
TTAGTTCAAGTGTTCG-1_V12D07-075_C1,6
TTATAGATGCACATTA-1_V12D07-075_C1,6
TTATAGGTAATTGTCT-1_V12D07-075_C1,12
TTATAGTCCAAGGTGC-1_V12D07-075_C1,10
TTATATACGCTGTCAC-1_V12D07-075_C1,2
TTATATTTGGCAATCC-1_V12D07-075_C1,12
TTATCCAATCGAACTC-1_V12D07-075_C1,12
TTATCCGGGATCTATA-1_V12D07-075_C1,12
TTATCTGTATCATAAC-1_V12D07-075_C1,6
TTATGAATGAAAGGGA-1_V12D07-075_C1,12
TTATGACAAACTGGAT-1_V12D07-075_C1,12
TTATGATCTTAACGAA-1_V12D07-075_C1,14
TTATGCGTCCCGGTCC-1_V12D07-075_C1,6
TTATTAGAGCGTGTTC-1_V12D07-075_C1,12
TTATTTAGGTTCCTTA-1_V12D07-075_C1,14
TTCAAAGTCTCTAGCC-1_V12D07-075_C1,14
TTCAACGACCCGACCG-1_V12D07-075_C1,12
TTCAAGCCGAGCTGAG-1_V12D07-075_C1,6
TTCAATACTCTGAATC-1_V12D07-075_C1,14
TTCACGAAAGGATCAC-1_V12D07-075_C1,12
TTCACTCGAGCACCTA-1_V12D07-075_C1,12
TTCACTTCCTAGAACG-1_V12D07-075_C1,12
TTCAGAGTAACCTGAC-1_V12D07-075_C1,4
TTCAGCCCTGGTCCAC-1_V12D07-075_C1,14
TTCAGCTGGCGTGCCC-1_V12D07-075_C1,14
TTCAGTTTGTGGCAGC-1_V12D07-075_C1,12
TTCATAGCCTTGTAAC-1_V12D07-075_C1,12
TTCATAGGGTGTCCAT-1_V12D07-075_C1,14
TTCATGGCGCAACAGG-1_V12D07-075_C1,6
TTCCAATCAGAGCTAG-1_V12D07-075_C1,2
TTCCAATCTGGCTATC-1_V12D07-075_C1,2
TTCCACACAGATTTGA-1_V12D07-075_C1,2
TTCCAGACGAGATTTA-1_V12D07-075_C1,6
TTCCATCATGCGGTGA-1_V12D07-075_C1,6
TTCCATCGACAGCGTG-1_V12D07-075_C1,14
TTCCGCAGAGAAATAT-1_V12D07-075_C1,6
TTCCGCGTGAGGCGAT-1_V12D07-075_C1,14
TTCCGGCCTTGAGGCT-1_V12D07-075_C1,2
TTCCGGCTCGACTTCT-1_V12D07-075_C1,6
TTCCGGTATCTGTGTC-1_V12D07-075_C1,6
TTCCGGTTACCCACTT-1_V12D07-075_C1,14
TTCCTCGAGGGTGTCT-1_V12D07-075_C1,12
TTCGACAGAGCCCGTG-1_V12D07-075_C1,12
TTCGACGGGAAGGGCG-1_V12D07-075_C1,12
TTCGCACTCGCGTGCT-1_V12D07-075_C1,12
TTCGCACTGTACGACA-1_V12D07-075_C1,12
TTCGCATCCGGAAGCA-1_V12D07-075_C1,12
TTCGCGCGCCATACGA-1_V12D07-075_C1,2
TTCGCTAGGAAGTTGT-1_V12D07-075_C1,6
TTCGCTATCTGACGTG-1_V12D07-075_C1,6
TTCGGACTGATGCCTT-1_V12D07-075_C1,6
TTCGGCAACCCGCTGA-1_V12D07-075_C1,6
TTCGGGACTAATCGCG-1_V12D07-075_C1,12
TTCGGGTTGCCACGGG-1_V12D07-075_C1,14
TTCGGTACTGTAGAGG-1_V12D07-075_C1,11
TTCGGTGGAGACGCCC-1_V12D07-075_C1,6
TTCGTAATCCCAGCGG-1_V12D07-075_C1,6
TTCGTTCAACGAAGTT-1_V12D07-075_C1,6
TTCTAACCGAAGCTTA-1_V12D07-075_C1,2
TTCTACCTTTATGTTG-1_V12D07-075_C1,6
TTCTACTTGCGAGGGC-1_V12D07-075_C1,12
TTCTAGAAAGTCTTAT-1_V12D07-075_C1,2
TTCTAGGCCAATTGTG-1_V12D07-075_C1,12
TTCTATGCCTTTCGCA-1_V12D07-075_C1,6
TTCTATTAAACGCAGC-1_V12D07-075_C1,11
TTCTGCCGCGCCTAGA-1_V12D07-075_C1,12
TTCTGCGAGCGCCCTT-1_V12D07-075_C1,10
TTCTGCGGGTTAGCGG-1_V12D07-075_C1,12
TTCTGCTAGACTCCAA-1_V12D07-075_C1,12
TTCTGTTTCCTGTCGC-1_V12D07-075_C1,8
TTCTTAGTGAACGGTG-1_V12D07-075_C1,11
TTCTTAGTGGCTCAGA-1_V12D07-075_C1,6
TTCTTATCCGCTGGGT-1_V12D07-075_C1,14
TTCTTGAGCCGCGCTA-1_V12D07-075_C1,2
TTCTTGGAGTAATGAG-1_V12D07-075_C1,6
TTCTTGTAACCTAATG-1_V12D07-075_C1,12
TTCTTGTGTCCATCAG-1_V12D07-075_C1,8
TTCTTTGGTCGCGACG-1_V12D07-075_C1,6
TTGAAACCCTCATTCC-1_V12D07-075_C1,2
TTGAAAGGTGTAAAGG-1_V12D07-075_C1,6
TTGAACGACGTGCTGA-1_V12D07-075_C1,12
TTGAAGAATTCCCAGG-1_V12D07-075_C1,12
TTGAATATGGACTTTC-1_V12D07-075_C1,14
TTGAATTCACGTGAGG-1_V12D07-075_C1,14
TTGACAGGAGCTCCCG-1_V12D07-075_C1,14
TTGACATGAACGTGGA-1_V12D07-075_C1,2
TTGACCAGGAACAACT-1_V12D07-075_C1,11
TTGACCATGTTCTCCG-1_V12D07-075_C1,6
TTGACCGTGTTAATGA-1_V12D07-075_C1,2
TTGACGCTCCATGAGC-1_V12D07-075_C1,14
TTGACTACCATATGGT-1_V12D07-075_C1,12
TTGACTATTGTCCGGC-1_V12D07-075_C1,14
TTGAGAAGTTTAGCAT-1_V12D07-075_C1,12
TTGAGAGTACTGCTAA-1_V12D07-075_C1,2
TTGAGCAGCCCACGGT-1_V12D07-075_C1,6
TTGAGCGCCACGTGAT-1_V12D07-075_C1,6
TTGAGGCATTTAACTC-1_V12D07-075_C1,6
TTGAGTCCCGCTGCTG-1_V12D07-075_C1,6
TTGATAGTCAATACAT-1_V12D07-075_C1,6
TTGATCTAACTTTGTC-1_V12D07-075_C1,4
TTGATGTGTAGTCCCG-1_V12D07-075_C1,6
TTGATTAGCTGTTTCT-1_V12D07-075_C1,2
TTGATTATGCAGATGA-1_V12D07-075_C1,12
TTGCAAGAAGACTCCT-1_V12D07-075_C1,2
TTGCACAATTCAGAAA-1_V12D07-075_C1,12
TTGCACGGAGCAGCAC-1_V12D07-075_C1,6
TTGCATGCTGATCACG-1_V12D07-075_C1,12
TTGCCAAGCAGAACCC-1_V12D07-075_C1,6
TTGCCCTGATCACGGG-1_V12D07-075_C1,12
TTGCCGCTTTCTAGTA-1_V12D07-075_C1,14
TTGCCGGTGATCCCTC-1_V12D07-075_C1,6
TTGCCTTCTCGCCGGG-1_V12D07-075_C1,13
TTGCGCTCTCTCGCTT-1_V12D07-075_C1,12
TTGCGCTTGATCAATA-1_V12D07-075_C1,14
TTGCGGCATCAGAAAG-1_V12D07-075_C1,2
TTGCGTCGGCCAACCG-1_V12D07-075_C1,2
TTGCGTGAACGCTTAG-1_V12D07-075_C1,6
TTGCGTGTGTAGGCAT-1_V12D07-075_C1,14
TTGCTCCCATACCGGA-1_V12D07-075_C1,4
TTGCTGAAGGAACCAC-1_V12D07-075_C1,6
TTGCTGATCATGTTCG-1_V12D07-075_C1,12
TTGCTGGCCGGGCTTC-1_V12D07-075_C1,6
TTGGACATGTGGCTTA-1_V12D07-075_C1,2
TTGGACCATCTGGCAA-1_V12D07-075_C1,14
TTGGACCTATAACAGT-1_V12D07-075_C1,12
TTGGAGTCTCCCTTCT-1_V12D07-075_C1,6
TTGGATATCGTCTACG-1_V12D07-075_C1,12
TTGGATCGACTTCTGG-1_V12D07-075_C1,6
TTGGATTGGGTACCAC-1_V12D07-075_C1,6
TTGGCCTAGAATTTCG-1_V12D07-075_C1,6
TTGGCGATCCGAATAT-1_V12D07-075_C1,6
TTGGCTCAATATGTGT-1_V12D07-075_C1,14
TTGGCTCGCATGAGAC-1_V12D07-075_C1,12
TTGGGAAGACGAGCCG-1_V12D07-075_C1,14
TTGGGACACTGCCCGC-1_V12D07-075_C1,12
TTGGGACGTAAGAGTT-1_V12D07-075_C1,14
TTGGGCGGCGGTTGCC-1_V12D07-075_C1,12
TTGGTATGGCTTGTGT-1_V12D07-075_C1,6
TTGGTCACACTCGTAA-1_V12D07-075_C1,2
TTGGTTCGCTCAAAGG-1_V12D07-075_C1,6
TTGTAAGGACCTAAGT-1_V12D07-075_C1,2
TTGTAAGGCCAGTTGG-1_V12D07-075_C1,2
TTGTAATCCGTACTCG-1_V12D07-075_C1,12
TTGTATCACACAGAAT-1_V12D07-075_C1,6
TTGTCGTTCAGTTACC-1_V12D07-075_C1,6
TTGTGAACCTAATCCG-1_V12D07-075_C1,14
TTGTGATCTGTTCAGT-1_V12D07-075_C1,14
TTGTGCAGCCACGTCA-1_V12D07-075_C1,9
TTGTGGCCCTGACAGT-1_V12D07-075_C1,6
TTGTGGTGGTACTAAG-1_V12D07-075_C1,14
TTGTGTATGCCACCAA-1_V12D07-075_C1,4
TTGTGTTTCCCGAAAG-1_V12D07-075_C1,12
TTGTTAGCAAATTCGA-1_V12D07-075_C1,4
TTGTTCAGTGTGCTAC-1_V12D07-075_C1,12
TTGTTCTAGATACGCT-1_V12D07-075_C1,8
TTGTTGTGTGTCAAGA-1_V12D07-075_C1,12
TTGTTTCACATCCAGG-1_V12D07-075_C1,2
TTGTTTCCATACAACT-1_V12D07-075_C1,2
TTGTTTGTGTAAATTC-1_V12D07-075_C1,6
AAACAAGTATCTCCCA-1_V13B23-285_A1,5
AAACAATCTACTAGCA-1_V13B23-285_A1,13
AAACACCAATAACTGC-1_V13B23-285_A1,10
AAACAGAGCGACTCCT-1_V13B23-285_A1,8
AAACAGCTTTCAGAAG-1_V13B23-285_A1,10
AAACAGGGTCTATATT-1_V13B23-285_A1,10
AAACATTTCCCGGATT-1_V13B23-285_A1,3
AAACCCGAACGAAATC-1_V13B23-285_A1,4
AAACCGGGTAGGTACC-1_V13B23-285_A1,10
AAACCGTTCGTCCAGG-1_V13B23-285_A1,10
AAACCTAAGCAGCCGG-1_V13B23-285_A1,1
AAACCTCATGAAGTTG-1_V13B23-285_A1,10
AAACGAAGAACATACC-1_V13B23-285_A1,9
AAACGAAGATGGAGTA-1_V13B23-285_A1,10
AAACGAGACGGTTGAT-1_V13B23-285_A1,10
AAACGGGCGTACGGGT-1_V13B23-285_A1,5
AAACGGGTTGGTATCC-1_V13B23-285_A1,2
AAACGGTTGCGAACTG-1_V13B23-285_A1,1
AAACTCGGTTCGCAAT-1_V13B23-285_A1,1
AAACTCGTGATATAAG-1_V13B23-285_A1,8
AAACTGCTGGCTCCAA-1_V13B23-285_A1,10
AAACTTGCAAACGTAT-1_V13B23-285_A1,10
AAAGAATGTGGACTAA-1_V13B23-285_A1,1
AAAGACCCAAGTCGCG-1_V13B23-285_A1,13
AAAGACTGGGCGCTTT-1_V13B23-285_A1,10
AAAGCTTGCCTACATA-1_V13B23-285_A1,8
AAAGGCTACGGACCAT-1_V13B23-285_A1,1
AAAGGCTCTCGCGCCG-1_V13B23-285_A1,10
AAAGGGATGTAGCAAG-1_V13B23-285_A1,10
AAAGGGCAGCTTGAAT-1_V13B23-285_A1,10
AAAGTAGCATTGCTCA-1_V13B23-285_A1,10
AAAGTCACTGATGTAA-1_V13B23-285_A1,13
AAAGTCGACCCTCAGT-1_V13B23-285_A1,10
AAAGTGTGATTTATCT-1_V13B23-285_A1,7
AAAGTTGACTCCCGTA-1_V13B23-285_A1,3
AAATAACCATACGGGA-1_V13B23-285_A1,8
AAATAAGGTAGTGCCC-1_V13B23-285_A1,5
AAATACCTATAAGCAT-1_V13B23-285_A1,10
AAATAGCTTAGACTTT-1_V13B23-285_A1,5
AAATAGGGTGCTATTG-1_V13B23-285_A1,7
AAATCCGATACACGCC-1_V13B23-285_A1,11
AAATCGCGGAAGGAGT-1_V13B23-285_A1,10
AAATCGTGTACCACAA-1_V13B23-285_A1,10
AAATCTAGCCCTGCTA-1_V13B23-285_A1,5
AAATGATTCGATCAGC-1_V13B23-285_A1,8
AAATGCTCGTTACGTT-1_V13B23-285_A1,13
AAATGGCATGTCTTGT-1_V13B23-285_A1,13
AAATGGCCCGTGCCCT-1_V13B23-285_A1,10
AAATGGTCAATGTGCC-1_V13B23-285_A1,11
AAATGTATCTTATCCC-1_V13B23-285_A1,10
AAATGTGGGTGCTCCT-1_V13B23-285_A1,9
AAATTAACGGGTAGCT-1_V13B23-285_A1,10
AAATTAATAAGCGCGA-1_V13B23-285_A1,10
AAATTACACGACTCTG-1_V13B23-285_A1,8
AAATTACCTATCGATG-1_V13B23-285_A1,8
AAATTCCAGGTCCAAA-1_V13B23-285_A1,5
AAATTGATAGTCCTTT-1_V13B23-285_A1,10
AAATTGCGGCGGTTCT-1_V13B23-285_A1,13
AAATTTGCGGGTGTGG-1_V13B23-285_A1,10
AACAACTGGTAGTTGC-1_V13B23-285_A1,10
AACAATACATTGTCGA-1_V13B23-285_A1,10
AACAATTACTCTACGC-1_V13B23-285_A1,10
AACACACGCTCGCCGC-1_V13B23-285_A1,7
AACACGACTGTACTGA-1_V13B23-285_A1,2
AACACGAGACGCGGCC-1_V13B23-285_A1,6
AACACGCGGCCGCGAA-1_V13B23-285_A1,11
AACAGCTGTGTGGCAA-1_V13B23-285_A1,1
AACAGGAAATCGAATA-1_V13B23-285_A1,1
AACAGGATGGGCCGCG-1_V13B23-285_A1,10
AACAGGTAGTATGGAT-1_V13B23-285_A1,5
AACATATCAACTGGTG-1_V13B23-285_A1,1
AACATTGGTCAGCCGT-1_V13B23-285_A1,2
AACATTGTGACTCGAG-1_V13B23-285_A1,10
AACCAAGACTTCTCTG-1_V13B23-285_A1,10
AACCATGGGATCGCTA-1_V13B23-285_A1,13
AACCCAGAGACGGAGA-1_V13B23-285_A1,13
AACCCATCCCATGATC-1_V13B23-285_A1,10
AACCCGAGCAGAATCG-1_V13B23-285_A1,7
AACCCTACTGTCAATA-1_V13B23-285_A1,1
AACCCTGGTGGAACCA-1_V13B23-285_A1,6
AACCGAGCTTGGTCAT-1_V13B23-285_A1,10
AACCGCTAAGGGATGC-1_V13B23-285_A1,3
AACCGTTGTGTTTGCT-1_V13B23-285_A1,12
AACCTCGCTTTAGCCC-1_V13B23-285_A1,7
AACCTGTCACGGAATT-1_V13B23-285_A1,5
AACCTTTAAATACGGT-1_V13B23-285_A1,5
AACCTTTACGACGTCT-1_V13B23-285_A1,7
AACGAAAGTCGTCCCA-1_V13B23-285_A1,7
AACGATAATGCCGTAG-1_V13B23-285_A1,1
AACGATAGAAGGGCCG-1_V13B23-285_A1,13
AACGATATGTCAACTG-1_V13B23-285_A1,10
AACGCATGATCTGGGT-1_V13B23-285_A1,14
AACGCGAACGGCAACA-1_V13B23-285_A1,13
AACGCGACCTTGGGCG-1_V13B23-285_A1,10
AACGCGGTCTCCAGCC-1_V13B23-285_A1,10
AACGCTGTTGCTGAAA-1_V13B23-285_A1,1
AACGGACGTACGTATA-1_V13B23-285_A1,7
AACGGCCATCTCCGGT-1_V13B23-285_A1,10
AACGTACTGTGGGTAC-1_V13B23-285_A1,10
AACGTAGTCTACCCAT-1_V13B23-285_A1,13
AACGTCAGACTAGTGG-1_V13B23-285_A1,10
AACGTCGCTGCACTTC-1_V13B23-285_A1,11
AACGTGATGAAGGACA-1_V13B23-285_A1,9
AACGTGCGAAAGTCTC-1_V13B23-285_A1,10
AACGTTATCAGCACCT-1_V13B23-285_A1,10
AACTACCCGTTTGTCA-1_V13B23-285_A1,5
AACTAGCGTATCGCAC-1_V13B23-285_A1,8
AACTAGGCTTGGGTGT-1_V13B23-285_A1,10
AACTCAAGTTAATTGC-1_V13B23-285_A1,10
AACTCCAGAGCGTGTT-1_V13B23-285_A1,7
AACTCCTAATCCCATG-1_V13B23-285_A1,9
AACTCGATAAACACGT-1_V13B23-285_A1,11
AACTCGATGGCGCAGT-1_V13B23-285_A1,13
AACTCTCAATAGAGCG-1_V13B23-285_A1,3
AACTCTCAGTGTGCTC-1_V13B23-285_A1,10
AACTGATATTAGGCCT-1_V13B23-285_A1,1
AACTGGGTCCCGACGT-1_V13B23-285_A1,10
AACTGGTGTGGGCCTT-1_V13B23-285_A1,1
AACTTCTGCGTCTATC-1_V13B23-285_A1,4
AACTTGCCCGTATGCA-1_V13B23-285_A1,10
AACTTGCGTTCTCGCG-1_V13B23-285_A1,13
AACTTTACGGGAGCTT-1_V13B23-285_A1,10
AACTTTAGCTGCTGAG-1_V13B23-285_A1,5
AAGAAGGATCAGTTAG-1_V13B23-285_A1,13
AAGACATACGTGGTTT-1_V13B23-285_A1,7
AAGACCCAACTGAACA-1_V13B23-285_A1,1
AAGACTAACCCGTTGT-1_V13B23-285_A1,13
AAGACTGCAAGCTACT-1_V13B23-285_A1,10
AAGAGATGAATCGGTA-1_V13B23-285_A1,10
AAGAGCTCTTTATCGG-1_V13B23-285_A1,10
AAGAGGATGTACGCGA-1_V13B23-285_A1,11
AAGAGGCATGGATCGC-1_V13B23-285_A1,10
AAGAGGCCCTTTGGAA-1_V13B23-285_A1,3
AAGATGGCACCGGACC-1_V13B23-285_A1,10
AAGATTGGCGGAACGT-1_V13B23-285_A1,10
AAGCACCCTGCGTATC-1_V13B23-285_A1,7
AAGCATACTCTCCTGA-1_V13B23-285_A1,5
AAGCCGAAGCGGTTTA-1_V13B23-285_A1,5
AAGCCGCCGTGAAATC-1_V13B23-285_A1,11
AAGCGCAGGGCTTTGA-1_V13B23-285_A1,7
AAGCGTCCCTCATCGA-1_V13B23-285_A1,1
AAGCTAGATCGAGTAA-1_V13B23-285_A1,10
AAGCTCGTGCCAAGTC-1_V13B23-285_A1,10
AAGCTCTTTCATGGTG-1_V13B23-285_A1,7
AAGGAGAACTTATAAG-1_V13B23-285_A1,4
AAGGAGCGGTTGGTGC-1_V13B23-285_A1,6
AAGGATCGATCGCTTG-1_V13B23-285_A1,5
AAGGATGAGGGACCTC-1_V13B23-285_A1,8
AAGGCAGGCTGTCTCC-1_V13B23-285_A1,5
AAGGCGCGTAAAGCTT-1_V13B23-285_A1,10
AAGGCTGTGCTCATCG-1_V13B23-285_A1,10
AAGGGAACGACTGGCT-1_V13B23-285_A1,1
AAGGGACAGATTCTGT-1_V13B23-285_A1,6
AAGGGACTATGCATTC-1_V13B23-285_A1,1
AAGGGTTTGATTTCAG-1_V13B23-285_A1,10
AAGGTATCCTAATATA-1_V13B23-285_A1,10
AAGGTGATAAACCAGC-1_V13B23-285_A1,7
AAGTAAGCTTCCAAAC-1_V13B23-285_A1,13
AAGTAGAAGACCGGGT-1_V13B23-285_A1,10
AAGTAGTGACGCGAGG-1_V13B23-285_A1,10
AAGTCAATTGTCGTCA-1_V13B23-285_A1,7
AAGTCTTCTGTGGCCT-1_V13B23-285_A1,10
AAGTGACGACCGAATT-1_V13B23-285_A1,10
AAGTGAGTCGGGTTTA-1_V13B23-285_A1,1
AAGTGCAAAGGTAGAC-1_V13B23-285_A1,10
AAGTGCCTTGACTGTA-1_V13B23-285_A1,5
AAGTGCGTTAGAATCT-1_V13B23-285_A1,10
AAGTGTTTGGAGACGG-1_V13B23-285_A1,1
AAGTTCACTCCAAGCT-1_V13B23-285_A1,7
AAGTTCAGTCTGCGTA-1_V13B23-285_A1,9
AAGTTCGGCCAACAGG-1_V13B23-285_A1,10
AAGTTGTGATGTTATA-1_V13B23-285_A1,1
AAGTTTACTAATGGCA-1_V13B23-285_A1,12
AAGTTTATGGGCCCAA-1_V13B23-285_A1,7
AATAACAACGCTCGGC-1_V13B23-285_A1,10
AATAACACTAGAACAA-1_V13B23-285_A1,10
AATAAGTCCTCGAGAC-1_V13B23-285_A1,9
AATAATCTTCGTATCG-1_V13B23-285_A1,7
AATACAATGTTTCAGG-1_V13B23-285_A1,10
AATAGAACAGAGTGGC-1_V13B23-285_A1,10
AATAGAATCTGTTTCA-1_V13B23-285_A1,5
AATAGCTACCGCGTGC-1_V13B23-285_A1,9
AATAGTCCGTCCCGAC-1_V13B23-285_A1,10
AATAGTCGCGAGTCGG-1_V13B23-285_A1,10
AATATCAAGGTCGGAT-1_V13B23-285_A1,13
AATATCCTAGCAAACT-1_V13B23-285_A1,10
AATATCGAATCAATGC-1_V13B23-285_A1,5
AATATCGAGGGTTCTC-1_V13B23-285_A1,7
AATATTGGAGTATTGA-1_V13B23-285_A1,10
AATCAGACTGCAGGAC-1_V13B23-285_A1,13
AATCATGTAAAGACTC-1_V13B23-285_A1,5
AATCCAAGGGCCTGAG-1_V13B23-285_A1,13
AATCCATGCAAGGGTG-1_V13B23-285_A1,13
AATCGCCTCAGCGCCA-1_V13B23-285_A1,10
AATCGCGCAGAGGACT-1_V13B23-285_A1,5
AATCGGGACACTACGA-1_V13B23-285_A1,13
AATCGGTATAGCCCTC-1_V13B23-285_A1,1
AATCGTGAGCCGAGCA-1_V13B23-285_A1,1
AATCTAGGTTTACTTG-1_V13B23-285_A1,10
AATCTATGCCGGAGCC-1_V13B23-285_A1,13
AATCTCTACTGTGGTT-1_V13B23-285_A1,10
AATCTGCGTTGGGACG-1_V13B23-285_A1,1
AATCTGGCTTTCTAGT-1_V13B23-285_A1,10
AATGACAGCAATGTCT-1_V13B23-285_A1,10
AATGACGTAGGATGTC-1_V13B23-285_A1,10
AATGACTGTCAGCCGG-1_V13B23-285_A1,10
AATGAGTTCGCATATG-1_V13B23-285_A1,13
AATGATGATACGCTAT-1_V13B23-285_A1,8
AATGATGCGACTCCTG-1_V13B23-285_A1,7
AATGCAACCGGGTACC-1_V13B23-285_A1,10
AATGCACCAAGCAATG-1_V13B23-285_A1,13
AATGGTCCACCGTTCA-1_V13B23-285_A1,10
AATGGTTCTCACAAGC-1_V13B23-285_A1,13
AATGTGCCCGAGGTGT-1_V13B23-285_A1,1
AATGTTGTCGTGAGAC-1_V13B23-285_A1,7
AATTAAAGGTCGGCGT-1_V13B23-285_A1,10
AATTAACGGATTTCCA-1_V13B23-285_A1,10
AATTACGAGACCCATC-1_V13B23-285_A1,10
AATTACTCGTACGCTC-1_V13B23-285_A1,13
AATTAGCGCTGCAGCG-1_V13B23-285_A1,10
AATTCATAAGGGATCT-1_V13B23-285_A1,8
AATTCCAAGCATGTAC-1_V13B23-285_A1,1
AATTCGATTCGAGGAT-1_V13B23-285_A1,3
AATTCTAGAGTTAGGC-1_V13B23-285_A1,11
AATTGAACGCTCTGGT-1_V13B23-285_A1,10
AATTGCAGCAATCGAC-1_V13B23-285_A1,7
AATTGTGGTTGCCAAA-1_V13B23-285_A1,7
AATTTGGGACATAGTA-1_V13B23-285_A1,9
AATTTGGTTCCAAAGA-1_V13B23-285_A1,2
ACAAAGAAGGTAGGCC-1_V13B23-285_A1,10
ACAAAGCATGACCTAG-1_V13B23-285_A1,5
ACAAATCGCACCGAAT-1_V13B23-285_A1,4
ACAAATGGTAGTGTTT-1_V13B23-285_A1,10
ACAACAGCATGAGCTA-1_V13B23-285_A1,11
ACAACGGTCCCTGCGA-1_V13B23-285_A1,10
ACAAGCAGTGCCTAGC-1_V13B23-285_A1,10
ACAAGCTATATGGAAG-1_V13B23-285_A1,10
ACAAGGAAATCCGCCC-1_V13B23-285_A1,5
ACAAGGACAAGAGGTT-1_V13B23-285_A1,10
ACAAGGATGCTTTAGG-1_V13B23-285_A1,2
ACAAGGGCAGGCTCTG-1_V13B23-285_A1,5
ACAATAGTCGTACGTT-1_V13B23-285_A1,10
ACAATCCATTTAAACC-1_V13B23-285_A1,10
ACAATGAATACGGAGA-1_V13B23-285_A1,1
ACAATTGTGTCTCTTT-1_V13B23-285_A1,7
ACAATTTAGGAGGCTC-1_V13B23-285_A1,10
ACAATTTGAGCAGTGG-1_V13B23-285_A1,10
ACAATTTGGCCATATT-1_V13B23-285_A1,5
ACACAAAGACGGGTGG-1_V13B23-285_A1,10
ACACACCAGGACCAGT-1_V13B23-285_A1,5
ACACACTTTCTACACG-1_V13B23-285_A1,7
ACACATGATCAAATCT-1_V13B23-285_A1,13
ACACATTGACGCAACA-1_V13B23-285_A1,2
ACACCACATAATTAGC-1_V13B23-285_A1,5
ACACCCAGCATGCAGC-1_V13B23-285_A1,10
ACACCCGAGAAATCCG-1_V13B23-285_A1,1
ACACCGAGCGCTCTTT-1_V13B23-285_A1,1
ACACCTTAAGTAGGGC-1_V13B23-285_A1,10
ACACCTTACTACTTGC-1_V13B23-285_A1,5
ACACGAGACTCCTTCT-1_V13B23-285_A1,1
ACACGGCACTATGCAT-1_V13B23-285_A1,9
ACACGGGAACTTAGGG-1_V13B23-285_A1,10
ACACGTAGGCCACAAG-1_V13B23-285_A1,7
ACACTCCAATGTCACT-1_V13B23-285_A1,13
ACACTGATCAAGGTGT-1_V13B23-285_A1,10
ACACTGGGACAGTCGT-1_V13B23-285_A1,3
ACAGAACTGAGAACAA-1_V13B23-285_A1,10
ACAGATTAGGTTAGTG-1_V13B23-285_A1,12
ACAGCATAGAGCCAGT-1_V13B23-285_A1,7
ACAGCGACATTCTCAT-1_V13B23-285_A1,1
ACAGCGCACCCGCAGC-1_V13B23-285_A1,9
ACAGGCACGGATCCTT-1_V13B23-285_A1,7
ACAGGCTTGCCCGACT-1_V13B23-285_A1,1
ACAGGTGGAGGTGAGG-1_V13B23-285_A1,6
ACAGGTGTGTTGTTGC-1_V13B23-285_A1,10
ACAGTAATACAACTTG-1_V13B23-285_A1,10
ACATAAGTCGTGGTGA-1_V13B23-285_A1,7
ACATAATAAGGCGGTG-1_V13B23-285_A1,10
ACATCAGCTGGGACGC-1_V13B23-285_A1,10
ACATCCCGGCCATACG-1_V13B23-285_A1,10
ACATCCTGGTAACTGT-1_V13B23-285_A1,7
ACATCGATCGTTTACC-1_V13B23-285_A1,10
ACATCGGTCAGCCGCG-1_V13B23-285_A1,10
ACATCGTATGCAATGG-1_V13B23-285_A1,10
ACATCGTTAACCTAGT-1_V13B23-285_A1,9
ACATGGCGCCAAAGTA-1_V13B23-285_A1,5
ACATGGCTCAATTTAG-1_V13B23-285_A1,13
ACATTAGTTTATATCC-1_V13B23-285_A1,10
ACCAACACCACACACT-1_V13B23-285_A1,9
ACCAACCGCACTCCAC-1_V13B23-285_A1,5
ACCAACGCTTATTTAT-1_V13B23-285_A1,10
ACCAAGAACGCGTGTC-1_V13B23-285_A1,1
ACCAAGTCATCGGCAG-1_V13B23-285_A1,7
ACCAATATGCAAGTTA-1_V13B23-285_A1,5
ACCACAAGTTTCTATC-1_V13B23-285_A1,10
ACCACCAATGTAACAA-1_V13B23-285_A1,5
ACCACCCTCTCTTCTA-1_V13B23-285_A1,8
ACCACGTGCAGCTATA-1_V13B23-285_A1,5
ACCACTGTTCAAGAAG-1_V13B23-285_A1,2
ACCAGACCATAACAAC-1_V13B23-285_A1,10
ACCAGGAGTGTGATCT-1_V13B23-285_A1,8
ACCAGTGCGGGAGACG-1_V13B23-285_A1,7
ACCATATCCGCAATAA-1_V13B23-285_A1,10
ACCATCCGCCAACTAG-1_V13B23-285_A1,10
ACCATCGTATATGGTA-1_V13B23-285_A1,6
ACCATTAAGGGTGTCA-1_V13B23-285_A1,7
ACCCAACGCCCGTGGC-1_V13B23-285_A1,10
ACCCACCTACATGCTC-1_V13B23-285_A1,10
ACCCATCTTGAGGGTA-1_V13B23-285_A1,10
ACCCATTTGTCCCTCT-1_V13B23-285_A1,3
ACCCGAGCGAAATTAC-1_V13B23-285_A1,10
ACCCGGAAACTCCCAG-1_V13B23-285_A1,10
ACCCGGATGACGCATC-1_V13B23-285_A1,1
ACCCGGTTACACTTCC-1_V13B23-285_A1,10
ACCCGTGTCATCAGTA-1_V13B23-285_A1,1
ACCCTATAGGACTGAG-1_V13B23-285_A1,13
ACCCTATGCCATATCG-1_V13B23-285_A1,10
ACCCTCCCGTCAGGGC-1_V13B23-285_A1,3
ACCCTCCCTTGCTATT-1_V13B23-285_A1,6
ACCCTGGTAACGCCCT-1_V13B23-285_A1,8
ACCCTTCATCTGCGAA-1_V13B23-285_A1,13
ACCGAAAGGGCCCTGC-1_V13B23-285_A1,4
ACCGAAGAGTCTGGTT-1_V13B23-285_A1,1
ACCGACACATCTCCCA-1_V13B23-285_A1,10
ACCGACTGAGTCCCAC-1_V13B23-285_A1,10
ACCGAGTCTCCTTATT-1_V13B23-285_A1,1
ACCGATAGGCATAACC-1_V13B23-285_A1,7
ACCGATATTTAATCAT-1_V13B23-285_A1,3
ACCGATGGTAGCATCG-1_V13B23-285_A1,10
ACCGCAATAACTGCCT-1_V13B23-285_A1,1
ACCGCGGTGGAAGTCG-1_V13B23-285_A1,5
ACCGGGCCTTTGTTGA-1_V13B23-285_A1,7
ACCGGTCAGGTACACC-1_V13B23-285_A1,6
ACCGTGACCACGTGGG-1_V13B23-285_A1,10
ACCGTTCCCGCTCTGA-1_V13B23-285_A1,9
ACCTAAGTACCTTTCA-1_V13B23-285_A1,10
ACCTAATCGACTTCCT-1_V13B23-285_A1,10
ACCTACAGTATGTGGT-1_V13B23-285_A1,5
ACCTACTATAAATCTA-1_V13B23-285_A1,1
ACCTCCGCCCTCGCTG-1_V13B23-285_A1,1
ACCTCCGTTATTCACC-1_V13B23-285_A1,5
ACCTGCGTGTCATGTT-1_V13B23-285_A1,10
ACGAAATGGGCGGCAC-1_V13B23-285_A1,10
ACGACTGGTCATACTC-1_V13B23-285_A1,1
ACGAGAACCCATCACG-1_V13B23-285_A1,13
ACGAGATATTTGCTTA-1_V13B23-285_A1,9
ACGAGGATACCACTCT-1_V13B23-285_A1,10
ACGAGGTTTACAACGT-1_V13B23-285_A1,3
ACGAGTACGGATGCCC-1_V13B23-285_A1,7
ACGATACATAGAACTA-1_V13B23-285_A1,10
ACGATACCTATCCTGA-1_V13B23-285_A1,10
ACGATCATACATAGAG-1_V13B23-285_A1,10
ACGATCATCTTGTAAA-1_V13B23-285_A1,5
ACGATGCATATGTTAT-1_V13B23-285_A1,10
ACGATGGATCCGATGC-1_V13B23-285_A1,11
ACGCAAACTAATAGAT-1_V13B23-285_A1,10
ACGCAATCACTACAGC-1_V13B23-285_A1,1
ACGCATACGTTTACTA-1_V13B23-285_A1,7
ACGCATTCGTGAGTAC-1_V13B23-285_A1,10
ACGCCAGATGATTTCT-1_V13B23-285_A1,7
ACGCCGCTAGACGACC-1_V13B23-285_A1,10
ACGCGAAGTCAGACGA-1_V13B23-285_A1,10
ACGCGCTACACAGGGT-1_V13B23-285_A1,10
ACGCGGGCCAAGGACA-1_V13B23-285_A1,10
ACGCGTTTCTTAAGAG-1_V13B23-285_A1,10
ACGCTAGTGATACACT-1_V13B23-285_A1,7
ACGCTGTGAGGCGTAG-1_V13B23-285_A1,10
ACGGAATTTAGCAAAT-1_V13B23-285_A1,13
ACGGACTCTCAAAGCG-1_V13B23-285_A1,3
ACGGATGGTGCGGATA-1_V13B23-285_A1,7
ACGGCACTTGCTTGGG-1_V13B23-285_A1,10
ACGGCCAACATGGACT-1_V13B23-285_A1,10
ACGGCGACGATGGGAA-1_V13B23-285_A1,5
ACGGCGGGTTGCCCTG-1_V13B23-285_A1,13
ACGGCTGGATGTAGAA-1_V13B23-285_A1,10
ACGGGAGTGTCGGCCC-1_V13B23-285_A1,10
ACGGGCGTATGCGACA-1_V13B23-285_A1,8
ACGGGTCATGTGACTT-1_V13B23-285_A1,7
ACGGTACAGTTCAATG-1_V13B23-285_A1,11
ACGTACAGATTTCTCT-1_V13B23-285_A1,2
ACGTAGATTGCTGATG-1_V13B23-285_A1,10
ACGTAGGAGAGTCGCT-1_V13B23-285_A1,7
ACGTATTACTCCGATC-1_V13B23-285_A1,3
ACGTCTCGTTCCGGGA-1_V13B23-285_A1,10
ACGTGACAAAGTAAGT-1_V13B23-285_A1,10
ACGTGCGCCTCGTGCA-1_V13B23-285_A1,1
ACGTTAATGTCGAAGA-1_V13B23-285_A1,10
ACGTTAGATTTGCCCG-1_V13B23-285_A1,10
ACGTTATTGGTCACTC-1_V13B23-285_A1,1
ACGTTCCGCGCTCCGT-1_V13B23-285_A1,14
ACGTTCGCAATCAATT-1_V13B23-285_A1,5
ACGTTCGTTCAGGAAA-1_V13B23-285_A1,3
ACGTTCTGTACAAGTC-1_V13B23-285_A1,1
ACGTTTAGTTGTGATC-1_V13B23-285_A1,13
ACTACATCCCGACAAG-1_V13B23-285_A1,14
ACTACCAGCTCTCTGG-1_V13B23-285_A1,10
ACTACGCGTTAGAATT-1_V13B23-285_A1,1
ACTAGTTGCGATCGTC-1_V13B23-285_A1,7
ACTATCCAGGGCATGG-1_V13B23-285_A1,5
ACTATCGCCGGCTAAA-1_V13B23-285_A1,13
ACTATCTGCCCGCGTA-1_V13B23-285_A1,3
ACTATGTCCAGCTGCC-1_V13B23-285_A1,1
ACTATTCGTCCGTGGT-1_V13B23-285_A1,13
ACTATTTCCGGGCCCA-1_V13B23-285_A1,10
ACTCAACGAATGTATT-1_V13B23-285_A1,13
ACTCAAGTGCAAGGCT-1_V13B23-285_A1,7
ACTCAATAAAGGCACG-1_V13B23-285_A1,10
ACTCAGACCTGCTTCT-1_V13B23-285_A1,13
ACTCCAATATCATCAT-1_V13B23-285_A1,7
ACTCCCATTCCTAAAG-1_V13B23-285_A1,10
ACTCCCGAATTCGTTT-1_V13B23-285_A1,3
ACTCCCTAATGCTAAA-1_V13B23-285_A1,1
ACTCCCTAGAATAGTA-1_V13B23-285_A1,1
ACTCCGGCCGACCACT-1_V13B23-285_A1,7
ACTCGATGTATTTCAT-1_V13B23-285_A1,10
ACTCGCCGTTCGATAA-1_V13B23-285_A1,7
ACTCGCGATCTGACGC-1_V13B23-285_A1,5
ACTCGTAACCCGTCCT-1_V13B23-285_A1,10
ACTCGTCAGTAATCCC-1_V13B23-285_A1,10
ACTCTAAACCTGGGAT-1_V13B23-285_A1,10
ACTCTCTGACTTAGGT-1_V13B23-285_A1,10
ACTCTCTTATACACGA-1_V13B23-285_A1,9
ACTCTGACCTAATAGA-1_V13B23-285_A1,3
ACTCTTGTATAGTAAC-1_V13B23-285_A1,10
ACTGAAACGCCGTTAG-1_V13B23-285_A1,1
ACTGAATGGCGAAAGT-1_V13B23-285_A1,10
ACTGCCGTCGTAACTC-1_V13B23-285_A1,3
ACTGCGGACACACCGT-1_V13B23-285_A1,5
ACTGCTCGGAAGGATG-1_V13B23-285_A1,10
ACTGTACGATACACAT-1_V13B23-285_A1,11
ACTGTAGCACTTTGGA-1_V13B23-285_A1,10
ACTGTATACGCGAGCA-1_V13B23-285_A1,13
ACTGTCCAGGATTATA-1_V13B23-285_A1,10
ACTGTCTTCTTTAGAA-1_V13B23-285_A1,10
ACTGTGCTAGTAGATC-1_V13B23-285_A1,13
ACTGTTTAGTGTAGGC-1_V13B23-285_A1,2
ACTTACGCATCCACGC-1_V13B23-285_A1,7
ACTTAGTACGACAAGA-1_V13B23-285_A1,13
ACTTATACTTACCCGG-1_V13B23-285_A1,5
ACTTATCTGATCTATA-1_V13B23-285_A1,13
ACTTATTAGGATCGGT-1_V13B23-285_A1,10
ACTTATTTATGTGCCA-1_V13B23-285_A1,5
ACTTCAGGCTGATCCC-1_V13B23-285_A1,1
ACTTCCAGTGGAAGCT-1_V13B23-285_A1,10
ACTTCCATGCGGGACA-1_V13B23-285_A1,7
ACTTCGCCATACGCAC-1_V13B23-285_A1,10
ACTTGACTCCCTCTTT-1_V13B23-285_A1,10
ACTTGCCATATTGTAC-1_V13B23-285_A1,8
ACTTGGGACCCGGTGG-1_V13B23-285_A1,10
ACTTGTAGTCCCTTCA-1_V13B23-285_A1,10
ACTTGTGGATGGAACG-1_V13B23-285_A1,7
ACTTTACCCTCATGAA-1_V13B23-285_A1,5
ACTTTCCTATAGCTTC-1_V13B23-285_A1,10
ACTTTGACTGCATCCT-1_V13B23-285_A1,10
ACTTTGGTCGTGCTCC-1_V13B23-285_A1,10
ACTTTGTCGACGCACT-1_V13B23-285_A1,7
AGAAATTATGACTCGC-1_V13B23-285_A1,7
AGAACCCAGCGTGACA-1_V13B23-285_A1,5
AGAACCCTCAATTGGG-1_V13B23-285_A1,10
AGAACGTGGTACATTC-1_V13B23-285_A1,10
AGAAGAGCGCCGTTCC-1_V13B23-285_A1,3
AGAAGGTACACTTCAC-1_V13B23-285_A1,6
AGAAGGTTGCCGAATT-1_V13B23-285_A1,6
AGAAGGTTGTAGGTCG-1_V13B23-285_A1,7
AGAAGTGATTCGTGAT-1_V13B23-285_A1,10
AGAATAAATCTTCAGG-1_V13B23-285_A1,10
AGAATTATGGATTCGA-1_V13B23-285_A1,1
AGAATTGTTTGACATA-1_V13B23-285_A1,13
AGACAGCTCAGAATCC-1_V13B23-285_A1,10
AGACATAGATCCTTCC-1_V13B23-285_A1,1
AGACCAAACCACACCT-1_V13B23-285_A1,10
AGACCATGGGATACAA-1_V13B23-285_A1,10
AGACCCACCGCTGATC-1_V13B23-285_A1,6
AGACCCGCCCTCCTCG-1_V13B23-285_A1,10
AGACCGCTCCGCGGTT-1_V13B23-285_A1,7
AGACGAAGTGCCGGTC-1_V13B23-285_A1,7
AGACGACGATGCCGCT-1_V13B23-285_A1,1
AGACGCCCACTTCGCC-1_V13B23-285_A1,7
AGACTAGCCTTCCAGA-1_V13B23-285_A1,10
AGACTGTTACCGGGTC-1_V13B23-285_A1,10
AGAGAACCGTCTAGGA-1_V13B23-285_A1,6
AGAGAAGGAGTACAAT-1_V13B23-285_A1,1
AGAGATCTCTAAAGCG-1_V13B23-285_A1,10
AGAGCAGTTATGAGAC-1_V13B23-285_A1,10
AGAGCCGCCGAGATTT-1_V13B23-285_A1,7
AGAGCGGGCTAATCAT-1_V13B23-285_A1,1
AGAGCGTACAAGCTCG-1_V13B23-285_A1,10
AGAGCTACGAAAGCAT-1_V13B23-285_A1,13
AGAGGCTTCGGAAACC-1_V13B23-285_A1,5
AGAGGTATCTCGGTCC-1_V13B23-285_A1,8
AGAGTAAACTTCACTA-1_V13B23-285_A1,5
AGAGTATAGTGTTACG-1_V13B23-285_A1,7
AGATAACTTCAGGGCC-1_V13B23-285_A1,10
AGATACCAATAGAACC-1_V13B23-285_A1,7
AGATACCGGTGTTCAC-1_V13B23-285_A1,10
AGATACGACTTCATAT-1_V13B23-285_A1,13
AGATACTCAAGATCGA-1_V13B23-285_A1,10
AGATATAATACGACTA-1_V13B23-285_A1,7
AGATCGTGCATAAGAT-1_V13B23-285_A1,8
AGATCTCAGGTGTGAT-1_V13B23-285_A1,7
AGATGACTCGCCCACG-1_V13B23-285_A1,10
AGATGAGGGTTGCGAT-1_V13B23-285_A1,9
AGATGATGGAGTCTGG-1_V13B23-285_A1,7
AGATGCAAGACGTGCA-1_V13B23-285_A1,10
AGATGCATCCTGTGTC-1_V13B23-285_A1,10
AGATGCTATAACGAGC-1_V13B23-285_A1,2
AGATTATAGGACGTTT-1_V13B23-285_A1,10
AGATTCACAACCGATA-1_V13B23-285_A1,10
AGCAAAGGCCGCTAGT-1_V13B23-285_A1,1
AGCAACATATCTTATT-1_V13B23-285_A1,7
AGCAACCGAAAGTAAT-1_V13B23-285_A1,10
AGCACCAGTACTCACG-1_V13B23-285_A1,10
AGCACTACCGGCCTGT-1_V13B23-285_A1,10
AGCACTACCTCACCAG-1_V13B23-285_A1,3
AGCACTTAAGGACGCC-1_V13B23-285_A1,10
AGCAGAAGGAGAAAGA-1_V13B23-285_A1,1
AGCAGCCAGATGAATA-1_V13B23-285_A1,10
AGCATATCAATATGCT-1_V13B23-285_A1,3
AGCATCATTTCGAAAG-1_V13B23-285_A1,10
AGCATCGTCGATAATT-1_V13B23-285_A1,10
AGCATTACGAGGCAAG-1_V13B23-285_A1,10
AGCCAAGCTTTGTGTC-1_V13B23-285_A1,1
AGCCACAGGTTACCCG-1_V13B23-285_A1,7
AGCCACTCCCGTGCTT-1_V13B23-285_A1,8
AGCCATATAGTATGTG-1_V13B23-285_A1,8
AGCCCATACATGTAAG-1_V13B23-285_A1,10
AGCCCGCAACAAGCAG-1_V13B23-285_A1,10
AGCCCGCACTACAATG-1_V13B23-285_A1,7
AGCCCGGCATTAGAGG-1_V13B23-285_A1,3
AGCCCGGTAGCCTGTA-1_V13B23-285_A1,1
AGCCCTAAGCGAAGTT-1_V13B23-285_A1,7
AGCCCTGTCGCACCGT-1_V13B23-285_A1,5
AGCCCTTCTAATCCGA-1_V13B23-285_A1,9
AGCCCTTGGACATCCC-1_V13B23-285_A1,7
AGCCGCTTGATTAGCG-1_V13B23-285_A1,7
AGCCGTGGCTAAATGT-1_V13B23-285_A1,10
AGCCTAATACCCACGT-1_V13B23-285_A1,10
AGCCTTAAAGCGGAAG-1_V13B23-285_A1,10
AGCGACAGGAACGGTC-1_V13B23-285_A1,10
AGCGACATCCCATTCA-1_V13B23-285_A1,1
AGCGACCAACGATATT-1_V13B23-285_A1,10
AGCGATGCGCCTAATA-1_V13B23-285_A1,7
AGCGCATAATGAATCG-1_V13B23-285_A1,10
AGCGCGGGTGCCAATG-1_V13B23-285_A1,6
AGCGCTAGAGCGATGT-1_V13B23-285_A1,5
AGCGGACACTTCGTAG-1_V13B23-285_A1,10
AGCGGCGGTTAGCGGT-1_V13B23-285_A1,10
AGCGGGAAGGGTCCAT-1_V13B23-285_A1,13
AGCGGGTCTGACACTC-1_V13B23-285_A1,3
AGCGTACGAGAGCTAG-1_V13B23-285_A1,13
AGCGTAGCGCTAGACC-1_V13B23-285_A1,13
AGCGTCTGAACCCGCA-1_V13B23-285_A1,13
AGCGTGGTATTCTACT-1_V13B23-285_A1,10
AGCTAACAAGCAATGT-1_V13B23-285_A1,10
AGCTAAGTACGCAGGC-1_V13B23-285_A1,1
AGCTAGAAGCAGAAGT-1_V13B23-285_A1,8
AGCTATTTAATCCAAC-1_V13B23-285_A1,7
AGCTCCATATATGTTC-1_V13B23-285_A1,7
AGCTCCTTCGCACATC-1_V13B23-285_A1,7
AGCTCTAGACGTTCCA-1_V13B23-285_A1,10
AGCTCTTCCCAGTGCA-1_V13B23-285_A1,7
AGCTCTTCGTAACCTT-1_V13B23-285_A1,5
AGCTCTTTACTCAGTT-1_V13B23-285_A1,10
AGCTGAAGTAAACCAA-1_V13B23-285_A1,6
AGCTGTAACCTCAATC-1_V13B23-285_A1,6
AGCTTATAGAGACCTG-1_V13B23-285_A1,13
AGCTTCTTCTCGAGCA-1_V13B23-285_A1,7
AGCTTGATCTTAACTT-1_V13B23-285_A1,10
AGGAAAGCCTCTGATG-1_V13B23-285_A1,1
AGGAAGCTGTCCGCCG-1_V13B23-285_A1,10
AGGACAGTCGAATCCC-1_V13B23-285_A1,10
AGGACATCGCACGTCG-1_V13B23-285_A1,7
AGGACGACCCATTAGA-1_V13B23-285_A1,10
AGGACGCTCGATGTTG-1_V13B23-285_A1,5
AGGACTTATAGGAGAA-1_V13B23-285_A1,8
AGGAGACATCCACAGT-1_V13B23-285_A1,8
AGGAGGCCTTCGCGCG-1_V13B23-285_A1,7
AGGATAAAGTCGGGAT-1_V13B23-285_A1,5
AGGATATAGGGATTTA-1_V13B23-285_A1,1
AGGATCACGCGATCTG-1_V13B23-285_A1,10
AGGATTGCTTACGACA-1_V13B23-285_A1,1
AGGCAAAGAGGAATCA-1_V13B23-285_A1,13
AGGCACGTGACTGTCC-1_V13B23-285_A1,7
AGGCAGATGCGTAAAC-1_V13B23-285_A1,8
AGGCAGGGAGCGTACT-1_V13B23-285_A1,3
AGGCATTGTCGTAGGG-1_V13B23-285_A1,7
AGGCCACATTGGTTAC-1_V13B23-285_A1,3
AGGCCACCCGTTATGA-1_V13B23-285_A1,10
AGGCCCAGTGACTGGT-1_V13B23-285_A1,13
AGGCCCATTGTACAGG-1_V13B23-285_A1,13
AGGCCCTAGAACGCCA-1_V13B23-285_A1,10
AGGCGGTTTGTCCCGC-1_V13B23-285_A1,10
AGGCTATGGTTAGCTT-1_V13B23-285_A1,10
AGGCTTCCCGAAGAAG-1_V13B23-285_A1,10
AGGCTTGCTAGACACC-1_V13B23-285_A1,10
AGGGAAACGAGGTACT-1_V13B23-285_A1,9
AGGGACAGCACGGCGG-1_V13B23-285_A1,13
AGGGACCGGCTGCGTT-1_V13B23-285_A1,5
AGGGACTCTACGCGAC-1_V13B23-285_A1,10
AGGGAGACATACTTCG-1_V13B23-285_A1,7
AGGGCAGCGGCGTGGT-1_V13B23-285_A1,9
AGGGCGAGCAGCTGAT-1_V13B23-285_A1,10
AGGGCGTGATCGGCTA-1_V13B23-285_A1,1
AGGGCTGCAGTTACAG-1_V13B23-285_A1,10
AGGGTCGATGCGAACT-1_V13B23-285_A1,5
AGGGTGCCGTTCTTTA-1_V13B23-285_A1,10
AGGGTGCTCTCGAGGG-1_V13B23-285_A1,1
AGGGTGGATAGTGCAT-1_V13B23-285_A1,10
AGGGTTCCCTTTGGTT-1_V13B23-285_A1,1
AGGGTTTAGTTCGGGA-1_V13B23-285_A1,10
AGGTAACCTCCTATTC-1_V13B23-285_A1,13
AGGTACGATATTGCCA-1_V13B23-285_A1,8
AGGTAGATCGAGATAT-1_V13B23-285_A1,1
AGGTAGGTACAAAGCT-1_V13B23-285_A1,10
AGGTATAATTGATAGT-1_V13B23-285_A1,5
AGGTATGCGGACATTA-1_V13B23-285_A1,7
AGGTCAGGTGAGAGTG-1_V13B23-285_A1,10
AGGTCGCCACTTCGGT-1_V13B23-285_A1,13
AGGTCGCCTCCCAACA-1_V13B23-285_A1,11
AGGTCGCGGAGTTACT-1_V13B23-285_A1,7
AGGTGCACGTCCACAT-1_V13B23-285_A1,7
AGGTGGTGACCTTCGC-1_V13B23-285_A1,1
AGGTGTATCGCCATGA-1_V13B23-285_A1,10
AGGTTACACCATGCCG-1_V13B23-285_A1,5
AGGTTGAGGCACGCTT-1_V13B23-285_A1,10
AGGTTTCACACACCTT-1_V13B23-285_A1,10
AGTAACTATAGCAGCC-1_V13B23-285_A1,1
AGTAATGTCTTGCCGC-1_V13B23-285_A1,1
AGTACAGAAGCTTATA-1_V13B23-285_A1,1
AGTACATCATTTATCA-1_V13B23-285_A1,7
AGTACGGCCCGTATCG-1_V13B23-285_A1,10
AGTACGGGCACCTGGC-1_V13B23-285_A1,10
AGTACTCTTATGCCCA-1_V13B23-285_A1,7
AGTAGAAGGCGCCTCA-1_V13B23-285_A1,7
AGTAGGAAGGAAGTTG-1_V13B23-285_A1,2
AGTAGGTAACATACAT-1_V13B23-285_A1,13
AGTATAATACTAGGCA-1_V13B23-285_A1,10
AGTATACACAGCGACA-1_V13B23-285_A1,10
AGTATCCATAATAACG-1_V13B23-285_A1,13
AGTATGCTGGAGACCA-1_V13B23-285_A1,1
AGTATTTGGCACGACC-1_V13B23-285_A1,1
AGTCAACACCACCATC-1_V13B23-285_A1,10
AGTCAAGATGACACTT-1_V13B23-285_A1,3
AGTCACTAGCTCTCGA-1_V13B23-285_A1,5
AGTCACTCCGCCTCAT-1_V13B23-285_A1,13
AGTCAGCCACCGCCTG-1_V13B23-285_A1,13
AGTCCAGCGGGTACGT-1_V13B23-285_A1,14
AGTCCATTGGCTGATG-1_V13B23-285_A1,3
AGTCCCGCCTTTAATT-1_V13B23-285_A1,7
AGTCCCTCGCAGAAAG-1_V13B23-285_A1,8
AGTCGACGGTCTCAAG-1_V13B23-285_A1,5
AGTCGGCCCAAACGAC-1_V13B23-285_A1,10
AGTCGGCTCAACTTTA-1_V13B23-285_A1,10
AGTCGGTTGCGTGAGA-1_V13B23-285_A1,5
AGTCGTATAAAGCAGA-1_V13B23-285_A1,1
AGTCGTCGACCACCAA-1_V13B23-285_A1,1
AGTCGTGGGCATTACG-1_V13B23-285_A1,10
AGTCTAAAGTATACTC-1_V13B23-285_A1,7
AGTCTCACAAGACTAC-1_V13B23-285_A1,1
AGTCTGGACATCCTTG-1_V13B23-285_A1,4
AGTCTTCTCCTCAAAT-1_V13B23-285_A1,10
AGTCTTTAAAGTGTCC-1_V13B23-285_A1,1
AGTGAACAAACTTCTC-1_V13B23-285_A1,5
AGTGAAGATGGTGTCC-1_V13B23-285_A1,8
AGTGACCTACTTTACG-1_V13B23-285_A1,10
AGTGAGACTTCCAGTA-1_V13B23-285_A1,3
AGTGAGCCTCGCCGCC-1_V13B23-285_A1,3
AGTGAGTCGAATTAAC-1_V13B23-285_A1,7
AGTGATAACCTGCGCG-1_V13B23-285_A1,3
AGTGATATGAGTAGTT-1_V13B23-285_A1,6
AGTGATTCAAGCAGGA-1_V13B23-285_A1,1
AGTGCACGCTTAAGAA-1_V13B23-285_A1,1
AGTGCGTAGCTCGTAA-1_V13B23-285_A1,6
AGTGCTAAACACAGCA-1_V13B23-285_A1,7
AGTGCTTGCACGAATA-1_V13B23-285_A1,10
AGTGGCGGCAATTTGA-1_V13B23-285_A1,8
AGTGGCGTCTGAAGGT-1_V13B23-285_A1,7
AGTGGCTCCGTCGGCC-1_V13B23-285_A1,10
AGTGGTGTTACCCGTG-1_V13B23-285_A1,10
AGTGGTTGCGTATAGG-1_V13B23-285_A1,10
AGTGTATTGCGCATTG-1_V13B23-285_A1,5
AGTGTGCTAAGATCGC-1_V13B23-285_A1,13
AGTGTGGTCTATTGTG-1_V13B23-285_A1,7
AGTTAAACACTTGCGA-1_V13B23-285_A1,6
AGTTAAGCGGTCCCGG-1_V13B23-285_A1,13
AGTTAAGTCAACCGCT-1_V13B23-285_A1,10
AGTTACCCTTAAGACT-1_V13B23-285_A1,10
AGTTACCGCACATGGT-1_V13B23-285_A1,10
AGTTACTCTATCGTGG-1_V13B23-285_A1,1
AGTTCACCGGTTGGAC-1_V13B23-285_A1,10
AGTTCCTACAGAATTA-1_V13B23-285_A1,10
AGTTCCTATTTATGTT-1_V13B23-285_A1,10
AGTTCTGCGTTGTATC-1_V13B23-285_A1,13
AGTTGACATCGGCTGG-1_V13B23-285_A1,13
AGTTGACGGTCCTTGC-1_V13B23-285_A1,1
AGTTGCTGACTGATAT-1_V13B23-285_A1,13
AGTTGGCAAGGCTAGA-1_V13B23-285_A1,7
AGTTTATGTAAAGACA-1_V13B23-285_A1,8
AGTTTCGCAGGTCGGA-1_V13B23-285_A1,7
AGTTTGCACCTGCCTC-1_V13B23-285_A1,3
AGTTTGGCACGGGTTG-1_V13B23-285_A1,1
AGTTTGGCCAGACCTA-1_V13B23-285_A1,10
ATAAACCATTGGACGG-1_V13B23-285_A1,13
ATAAACGGACCCGTAA-1_V13B23-285_A1,10
ATAAACGTTGCACCAC-1_V13B23-285_A1,7
ATAAAGGCTCGGTCGT-1_V13B23-285_A1,11
ATAAATATTAGCAGCT-1_V13B23-285_A1,10
ATAACGCCGGAGGGTC-1_V13B23-285_A1,10
ATAACGGAGTCCAACG-1_V13B23-285_A1,10
ATAAGGTGGAGAACAT-1_V13B23-285_A1,5
ATAAGTAGGATTCAGA-1_V13B23-285_A1,7
ATAAGTAGGGCGACTC-1_V13B23-285_A1,5
ATAAGTTACCGCGACG-1_V13B23-285_A1,10
ATAATACCGTTAGCCG-1_V13B23-285_A1,13
ATAATAGCTGTTGAAT-1_V13B23-285_A1,10
ATAATAGTGTAGGGAC-1_V13B23-285_A1,13
ATAATCTTGGAGAACC-1_V13B23-285_A1,3
ATAATTAGCTAAGTAG-1_V13B23-285_A1,10
ATACAGGCCCTCCAAT-1_V13B23-285_A1,8
ATACCACGGGCAACTT-1_V13B23-285_A1,10
ATACCAGCAAATTGCT-1_V13B23-285_A1,2
ATACCAGGCTAATAGA-1_V13B23-285_A1,3
ATACCTAACCAAGAAA-1_V13B23-285_A1,10
ATACGAAGGCTTTCCA-1_V13B23-285_A1,5
ATACGCCGATCTACCG-1_V13B23-285_A1,13
ATACGCCGGCGAAACC-1_V13B23-285_A1,10
ATACGGAACGTCGTTT-1_V13B23-285_A1,10
ATACGGGTTTCGATTG-1_V13B23-285_A1,6
ATACGGTGAAGATGCA-1_V13B23-285_A1,10
ATACGTACTTAGCCAC-1_V13B23-285_A1,3
ATACGTCCACTCCTGT-1_V13B23-285_A1,7
ATACGTTATGCACGGA-1_V13B23-285_A1,3
ATACTACCCGTACCAC-1_V13B23-285_A1,10
ATACTAGCATGACCCT-1_V13B23-285_A1,10
ATACTCTCGCCACTCT-1_V13B23-285_A1,13
ATACTGCCTTACACCG-1_V13B23-285_A1,7
ATACTTGTTCTCGAGC-1_V13B23-285_A1,10
ATAGACAACGGGACCT-1_V13B23-285_A1,8
ATAGACGAAGAGAAAG-1_V13B23-285_A1,10
ATAGAGTACTGGGACA-1_V13B23-285_A1,10
ATAGAGTTATCAACTT-1_V13B23-285_A1,8
ATAGCAACTAGGGAAG-1_V13B23-285_A1,3
ATAGCCATAACAGTCA-1_V13B23-285_A1,1
ATAGCCTCAGTACCCA-1_V13B23-285_A1,1
ATAGCTGCTCTTGTTA-1_V13B23-285_A1,13
ATAGGCGGCTATAGAA-1_V13B23-285_A1,10
ATAGGCTAGCTTCGCA-1_V13B23-285_A1,4
ATAGGGATATCCTTGA-1_V13B23-285_A1,10
ATAGGTTGGGCAGATG-1_V13B23-285_A1,10
ATAGTCTTTGACGTGC-1_V13B23-285_A1,9
ATAGTGAAGCGTTCTC-1_V13B23-285_A1,10
ATAGTTCCACCCACTC-1_V13B23-285_A1,3
ATATAAAGCGCTCGTG-1_V13B23-285_A1,1
ATATAAATGTAGCTGC-1_V13B23-285_A1,1
ATATAACACGGGCGCA-1_V13B23-285_A1,3
ATATACATGTATGGTA-1_V13B23-285_A1,10
ATATACGCTCGTGACG-1_V13B23-285_A1,7
ATATAGAGTATTGGTC-1_V13B23-285_A1,10
ATATCAACCTACAGAG-1_V13B23-285_A1,5
ATATCAATTCCAGCCT-1_V13B23-285_A1,10
ATATCGGTAGGGAGAT-1_V13B23-285_A1,5
ATATCGTTCCTCGAAC-1_V13B23-285_A1,3
ATATCTCCCTCGTTAA-1_V13B23-285_A1,7
ATATCTTAGGGCCTTC-1_V13B23-285_A1,10
ATATGTCTCCCTAGCC-1_V13B23-285_A1,1
ATATTCAGTTAAACCT-1_V13B23-285_A1,6
ATATTCCACATAGTGA-1_V13B23-285_A1,1
ATATTCCCACAGGTCA-1_V13B23-285_A1,7
ATATTGCTGTCAAAGT-1_V13B23-285_A1,13
ATATTGGAGAGGCCTT-1_V13B23-285_A1,7
ATATTTAACCCTCAAG-1_V13B23-285_A1,10
ATCAAACACTGTTCCA-1_V13B23-285_A1,5
ATCAAACGAAGGTTTG-1_V13B23-285_A1,10
ATCAATCTGGGCTGCA-1_V13B23-285_A1,10
ATCAATGCCGTGGCTG-1_V13B23-285_A1,10
ATCACATTAGAATATC-1_V13B23-285_A1,6
ATCACGTGCTAATTAA-1_V13B23-285_A1,10
ATCACTTCATCCTCGC-1_V13B23-285_A1,10
ATCAGACGGCACGCCG-1_V13B23-285_A1,10
ATCAGCCTCATGCTGC-1_V13B23-285_A1,7
ATCAGCTCGTCCACTA-1_V13B23-285_A1,10
ATCAGTAGGCAGGGAT-1_V13B23-285_A1,6
ATCATAGCCCTATGTA-1_V13B23-285_A1,7
ATCATCCAATATTTGT-1_V13B23-285_A1,10
ATCATGGACTACCGAC-1_V13B23-285_A1,5
ATCCAACGCAGTCATA-1_V13B23-285_A1,10
ATCCAATGGAGGGTCC-1_V13B23-285_A1,10
ATCCAATGGTACCGAA-1_V13B23-285_A1,10
ATCCACATCGACAGAA-1_V13B23-285_A1,7
ATCCAGAGCAACAACC-1_V13B23-285_A1,10
ATCCAGGATTCGTGAA-1_V13B23-285_A1,10
ATCCCATCCACAGCGC-1_V13B23-285_A1,10
ATCCTACCTAAGCTCT-1_V13B23-285_A1,10
ATCCTGAATCGCTGCG-1_V13B23-285_A1,10
ATCCTGCGTGGAATGG-1_V13B23-285_A1,6
ATCCTGCTGCAGATAG-1_V13B23-285_A1,13
ATCGACCCAATACAGA-1_V13B23-285_A1,10
ATCGACTCTTTCCGTT-1_V13B23-285_A1,10
ATCGCACGATTGTTCA-1_V13B23-285_A1,13
ATCGCACGCCGGGAGA-1_V13B23-285_A1,10
ATCGCCAGTCAACATT-1_V13B23-285_A1,5
ATCGCTGCGTGCAGCA-1_V13B23-285_A1,8
ATCGCTTTACGTCTCA-1_V13B23-285_A1,5
ATCGGAGACAGACGGC-1_V13B23-285_A1,1
ATCGGCAAGCAGTCCA-1_V13B23-285_A1,13
ATCGGTTACCTAGTAA-1_V13B23-285_A1,10
ATCGTATTCCGAGAAC-1_V13B23-285_A1,10
ATCGTCCAATCGAGTC-1_V13B23-285_A1,13
ATCGTGGAAAGTCTGG-1_V13B23-285_A1,1
ATCGTTAGCTAGCGGA-1_V13B23-285_A1,7
ATCTAACGTCCCTATG-1_V13B23-285_A1,2
ATCTAATATCCTACGG-1_V13B23-285_A1,1
ATCTACCATCTGCTCC-1_V13B23-285_A1,7
ATCTAGCTTGTGAGGG-1_V13B23-285_A1,5
ATCTCCCACGGAATAT-1_V13B23-285_A1,7
ATCTCCCTGCAATCTA-1_V13B23-285_A1,1
ATCTCGTGAGCGAAAC-1_V13B23-285_A1,5
ATCTGACATGGAAGGA-1_V13B23-285_A1,1
ATCTGATAGTGTCTTA-1_V13B23-285_A1,7
ATCTGCACCTCTGCGA-1_V13B23-285_A1,7
ATCTGCTGTTATCGCC-1_V13B23-285_A1,1
ATCTGGGCTGTTCTTG-1_V13B23-285_A1,5
ATCTGGTTAAGACTGT-1_V13B23-285_A1,10
ATCTGTAATTGTACCC-1_V13B23-285_A1,13
ATCTTATCGCACACCC-1_V13B23-285_A1,7
ATCTTGACCTGCAACG-1_V13B23-285_A1,10
ATCTTGACTTGTCCAA-1_V13B23-285_A1,7
ATCTTTCGTATAACCA-1_V13B23-285_A1,8
ATGAAGCCAAGGAGCC-1_V13B23-285_A1,10
ATGAAGTGGACCCAGC-1_V13B23-285_A1,10
ATGACGCCGGCTCTAA-1_V13B23-285_A1,7
ATGACGCGTTCTATCC-1_V13B23-285_A1,10
ATGACTATCAGCTGTG-1_V13B23-285_A1,1
ATGACTATGCGACATT-1_V13B23-285_A1,5
ATGAGGAGTGTTAATC-1_V13B23-285_A1,10
ATGAGGGCAGCGGCTA-1_V13B23-285_A1,5
ATGATCGGGAATAGAC-1_V13B23-285_A1,1
ATGATGCAATGGTACA-1_V13B23-285_A1,10
ATGCACCTTCCTTAAT-1_V13B23-285_A1,10
ATGCACGCGCTGTTCA-1_V13B23-285_A1,5
ATGCACTACCGCATTG-1_V13B23-285_A1,10
ATGCATGATCCAGGAT-1_V13B23-285_A1,10
ATGCATTCCGTGATGG-1_V13B23-285_A1,11
ATGCCATTTGCGACCA-1_V13B23-285_A1,5
ATGCCGGTCTTGCATA-1_V13B23-285_A1,10
ATGCCGGTTGATGGGA-1_V13B23-285_A1,7
ATGCGACAGTCCCATT-1_V13B23-285_A1,10
ATGCGAGTCCCACCAC-1_V13B23-285_A1,1
ATGCTCAGTGTTGCAT-1_V13B23-285_A1,13
ATGCTCTGGCGCGGTA-1_V13B23-285_A1,3
ATGCTTAGGAGTTGAT-1_V13B23-285_A1,7
ATGGAAATTTAAGGAG-1_V13B23-285_A1,10
ATGGAACCTTTGCACA-1_V13B23-285_A1,5
ATGGAGCAGGCCGTGA-1_V13B23-285_A1,10
ATGGATCCGGCGTCCG-1_V13B23-285_A1,6
ATGGATTGACCAAACG-1_V13B23-285_A1,10
ATGGCAGCCGAGAAAC-1_V13B23-285_A1,10
ATGGCGGAATAGTCGC-1_V13B23-285_A1,3
ATGGGACCTGCTGAAC-1_V13B23-285_A1,10
ATGGGCCTCGGCCTCT-1_V13B23-285_A1,1
ATGGGTGTATACCTCC-1_V13B23-285_A1,1
ATGGTCGCGTGGTTTC-1_V13B23-285_A1,10
ATGTAAGGCTGCTCTT-1_V13B23-285_A1,5
ATGTACATGCGGTGAG-1_V13B23-285_A1,7
ATGTACGATGACGTCG-1_V13B23-285_A1,10
ATGTAGCGCGCGTAGG-1_V13B23-285_A1,7
ATGTCATTTCCCATTG-1_V13B23-285_A1,10
ATGTGAAAGCCTAATG-1_V13B23-285_A1,10
ATGTGCATCCGACGCA-1_V13B23-285_A1,10
ATGTGGACATCTTGAT-1_V13B23-285_A1,10
ATGTGTAGTTTAGTCA-1_V13B23-285_A1,12
ATGTTACGAGCAATAC-1_V13B23-285_A1,13
ATGTTCCTGCCCACCT-1_V13B23-285_A1,10
ATGTTCGTCGACCCAC-1_V13B23-285_A1,10
ATGTTGATTAGAGACT-1_V13B23-285_A1,3
ATGTTGTAGTCTGTTT-1_V13B23-285_A1,10
ATGTTTCGGCCCGGAG-1_V13B23-285_A1,7
ATTAAACATGCGGACC-1_V13B23-285_A1,10
ATTAACACCTGAGATA-1_V13B23-285_A1,10
ATTAATACTACGCGGG-1_V13B23-285_A1,10
ATTAATGAACCAGTCG-1_V13B23-285_A1,10
ATTAATTCGGTCACTC-1_V13B23-285_A1,7
ATTACAACTACCGGCC-1_V13B23-285_A1,9
ATTACATGTCAGTCTT-1_V13B23-285_A1,5
ATTACCACACTGCCTG-1_V13B23-285_A1,3
ATTACGCGCTGGCAGG-1_V13B23-285_A1,10
ATTACTAGCCTCTTGC-1_V13B23-285_A1,1
ATTACTTACTGGGCAT-1_V13B23-285_A1,8
ATTAGATTCCTCAGCA-1_V13B23-285_A1,7
ATTAGATTGATAGCGG-1_V13B23-285_A1,10
ATTAGGCGATGCTTTC-1_V13B23-285_A1,10
ATTATACTTTGCTCGT-1_V13B23-285_A1,7
ATTATAGCTACTTTAC-1_V13B23-285_A1,5
ATTATCGGAATGTACG-1_V13B23-285_A1,1
ATTATCTCGACAGATC-1_V13B23-285_A1,12
ATTATGCCATAGGGAG-1_V13B23-285_A1,10
ATTATTATGTCCGTCA-1_V13B23-285_A1,10
ATTATTCAGAGTCACT-1_V13B23-285_A1,5
ATTCAAAGTACCTGTT-1_V13B23-285_A1,2
ATTCAACCATTTAAGG-1_V13B23-285_A1,3
ATTCACTGATGTTGGA-1_V13B23-285_A1,1
ATTCAGGACCTATTTC-1_V13B23-285_A1,13
ATTCAGTAGCAGGGTC-1_V13B23-285_A1,10
ATTCATATACTGTCCA-1_V13B23-285_A1,10
ATTCATCGTTGAGGCA-1_V13B23-285_A1,7
ATTCCCACATAAACAA-1_V13B23-285_A1,10
ATTCCTCCGCCAGTGC-1_V13B23-285_A1,10
ATTCCTTCCAGGCGGT-1_V13B23-285_A1,13
ATTCGACGCCGGGCCT-1_V13B23-285_A1,10
ATTCGCGCCTTGAGAG-1_V13B23-285_A1,1
ATTCGTGCTATCTCTT-1_V13B23-285_A1,5
ATTCTCGTCTCTTTAG-1_V13B23-285_A1,13
ATTCTTCGTACTTATG-1_V13B23-285_A1,9
ATTGAAGATCTTAGTG-1_V13B23-285_A1,10
ATTGACCGGCGATGAC-1_V13B23-285_A1,9
ATTGACGTAACTCGGT-1_V13B23-285_A1,9
ATTGATAGCAACGAGA-1_V13B23-285_A1,13
ATTGATCACCACATTT-1_V13B23-285_A1,10
ATTGATGAGTCCTAAC-1_V13B23-285_A1,1
ATTGCCTTTATGTTTG-1_V13B23-285_A1,1
ATTGCGATCAGTAACT-1_V13B23-285_A1,7
ATTGCTGCTCCTCCAT-1_V13B23-285_A1,10
ATTGGATTACAGCGTA-1_V13B23-285_A1,5
ATTGGGAATATCTTGG-1_V13B23-285_A1,13
ATTGGTAGGATCCGCT-1_V13B23-285_A1,10
ATTGGTTGTGCATTAC-1_V13B23-285_A1,1
ATTGTACAACTCGGCT-1_V13B23-285_A1,5
ATTGTCGCAATACCTT-1_V13B23-285_A1,7
ATTGTTCAACGATCCG-1_V13B23-285_A1,1
ATTTAACTCGTATTAC-1_V13B23-285_A1,13
ATTTACAGTTTACTGG-1_V13B23-285_A1,10
ATTTACTAAGTCCATT-1_V13B23-285_A1,5
ATTTCATTATTTCGCG-1_V13B23-285_A1,7
ATTTCCGGGTTCTGCG-1_V13B23-285_A1,3
ATTTGCGCGAGTAGCT-1_V13B23-285_A1,10
ATTTGGAGATTGCGGT-1_V13B23-285_A1,10
ATTTGTCTTGGGAGCT-1_V13B23-285_A1,7
ATTTGTTCCAGGGCTC-1_V13B23-285_A1,10
CAAACCCTCCGGCGGG-1_V13B23-285_A1,7
CAAACGAGTATCGCAG-1_V13B23-285_A1,10
CAAACGGTCGCACTTT-1_V13B23-285_A1,10
CAAACTACGATAGAGA-1_V13B23-285_A1,12
CAAACTCGCGACGCCG-1_V13B23-285_A1,5
CAAAGATTATTGGGCC-1_V13B23-285_A1,1
CAAAGGTCATCTGAAA-1_V13B23-285_A1,5
CAAAGTCAGGTTAGCT-1_V13B23-285_A1,13
CAAATCTCTCACAAGG-1_V13B23-285_A1,10
CAAATGTCCTTCCGTG-1_V13B23-285_A1,10
CAAATTGGATTATGCC-1_V13B23-285_A1,8
CAAATTGTCAGCAAGC-1_V13B23-285_A1,13
CAACACATCTCCTGCC-1_V13B23-285_A1,5
CAACATGGCCTGATAA-1_V13B23-285_A1,13
CAACCAGTGGCCTACC-1_V13B23-285_A1,7
CAACCGCACCTAGACA-1_V13B23-285_A1,2
CAACCTACCGAGCAGT-1_V13B23-285_A1,1
CAACCTGAACCTGCCA-1_V13B23-285_A1,8
CAACGACCCGTTTACA-1_V13B23-285_A1,10
CAACGGTTCTTGATAC-1_V13B23-285_A1,1
CAACGTGGTGGAGTCT-1_V13B23-285_A1,7
CAACTATATCGAATGC-1_V13B23-285_A1,7
CAACTCCTTGATCCCG-1_V13B23-285_A1,1
CAACTGCTCATCCGAT-1_V13B23-285_A1,1
CAACTTGTAGTGGGCA-1_V13B23-285_A1,13
CAAGAGGGCGGAGTAC-1_V13B23-285_A1,10
CAAGATATTATAACGT-1_V13B23-285_A1,4
CAAGCAACGTCGGAGT-1_V13B23-285_A1,10
CAAGCACCAAATGCCT-1_V13B23-285_A1,10
CAAGCGGCACATAATT-1_V13B23-285_A1,1
CAAGGATCGCATGTTC-1_V13B23-285_A1,10
CAAGGCCAGTGGTGCA-1_V13B23-285_A1,1
CAAGGTCCTATAGGCT-1_V13B23-285_A1,5
CAAGTGAACTTTGGTT-1_V13B23-285_A1,8
CAAGTGTGGTTGCAAA-1_V13B23-285_A1,5
CAATAAACCTTGGCCC-1_V13B23-285_A1,10
CAATACGAGAGTCTGA-1_V13B23-285_A1,5
CAATACGCTCTGAGGC-1_V13B23-285_A1,10
CAATATTCTTGACCTA-1_V13B23-285_A1,10
CAATATTGGACTAGTG-1_V13B23-285_A1,13
CAATCCCTATACCAGC-1_V13B23-285_A1,9
CAATCCTGCCGTGGAG-1_V13B23-285_A1,13
CAATGAGGTTCGACTA-1_V13B23-285_A1,1
CAATGCGAGAAGTATC-1_V13B23-285_A1,1
CAATGGATCTCTACCA-1_V13B23-285_A1,8
CAATGGTCGGCCTGGG-1_V13B23-285_A1,12
CAATGTGCCAACCCTT-1_V13B23-285_A1,5
CAATTAAGGGTGATGA-1_V13B23-285_A1,10
CAATTGGGCCGCACTC-1_V13B23-285_A1,10
CAATTTCGTATAAGGG-1_V13B23-285_A1,10
CAATTTGACCGGGAAG-1_V13B23-285_A1,13
CACAAACCGCAGAACT-1_V13B23-285_A1,7
CACAATGAGCTGCTAT-1_V13B23-285_A1,10
CACACACGCTAACGAG-1_V13B23-285_A1,5
CACACAGCTTGCGCTC-1_V13B23-285_A1,5
CACACAGGGATAGATT-1_V13B23-285_A1,10
CACACGCGCTGTCTTA-1_V13B23-285_A1,7
CACAGAGACGAGGACG-1_V13B23-285_A1,10
CACAGCACCCACGGCA-1_V13B23-285_A1,10
CACAGCTAGGGAGTGA-1_V13B23-285_A1,11
CACAGGGCCATATAGT-1_V13B23-285_A1,7
CACAGGGCCGTTGTCA-1_V13B23-285_A1,10
CACAGTCCCGCTTCGC-1_V13B23-285_A1,7
CACAGTTCGCTTCCCA-1_V13B23-285_A1,3
CACATAAGGCGACCGT-1_V13B23-285_A1,8
CACATATTAGCAGGAT-1_V13B23-285_A1,10
CACATCGTGCACGCGC-1_V13B23-285_A1,5
CACATCTCACCGACGA-1_V13B23-285_A1,8
CACATGATTCAGCAAC-1_V13B23-285_A1,10
CACATGTTTGGACATG-1_V13B23-285_A1,13
CACATTCTTTCGATGG-1_V13B23-285_A1,1
CACATTTCTTGTCAGA-1_V13B23-285_A1,5
CACCAATCATCCGTCT-1_V13B23-285_A1,10
CACCACGCCACACAGA-1_V13B23-285_A1,10
CACCAGTCAGCATGCA-1_V13B23-285_A1,10
CACCATCGGAGGAGAC-1_V13B23-285_A1,7
CACCCAAATCTTATGT-1_V13B23-285_A1,5
CACCCACACGTCACCC-1_V13B23-285_A1,13
CACCCACGAGGCAATT-1_V13B23-285_A1,3
CACCCGGTTTGTGACT-1_V13B23-285_A1,10
CACCCTAACAAGATCT-1_V13B23-285_A1,7
CACCCTTGGTGAGACC-1_V13B23-285_A1,10
CACCCTTTCCTCGCTC-1_V13B23-285_A1,13
CACCGATACACCGAGC-1_V13B23-285_A1,9
CACCGCCAGAAGGTTT-1_V13B23-285_A1,10
CACCGCCGACCAGCGA-1_V13B23-285_A1,13
CACCGTATCCCATCCG-1_V13B23-285_A1,5
CACCGTTAGGGATCAC-1_V13B23-285_A1,10
CACCGTTGCGCGATAT-1_V13B23-285_A1,10
CACCTAATAGAGTCGT-1_V13B23-285_A1,13
CACCTAATCAGTTTAC-1_V13B23-285_A1,10
CACCTCGATGGTGGAC-1_V13B23-285_A1,10
CACCTTGCGAAACTCG-1_V13B23-285_A1,8
CACCTTGGCGCCTTTG-1_V13B23-285_A1,7
CACGAAAGTTAGTCCC-1_V13B23-285_A1,10
CACGACTAAAGTTCTG-1_V13B23-285_A1,12
CACGATTGGTCGTTAA-1_V13B23-285_A1,2
CACGCACAGCGCAGCT-1_V13B23-285_A1,10
CACGCAGCGAGGCTTT-1_V13B23-285_A1,10
CACGCGGAACTGTTGC-1_V13B23-285_A1,3
CACGGACGTGGATGGC-1_V13B23-285_A1,8
CACGGGATTGAGGGTT-1_V13B23-285_A1,10
CACGTCAATCAATGGA-1_V13B23-285_A1,7
CACGTCGGCAACCTCT-1_V13B23-285_A1,10
CACGTCGGGTTCTAGA-1_V13B23-285_A1,13
CACGTTCGTGCTCTAG-1_V13B23-285_A1,10
CACGTTTCGTACACAC-1_V13B23-285_A1,7
CACTAAAGTTGCCTAT-1_V13B23-285_A1,10
CACTACGGGAGCTGCC-1_V13B23-285_A1,7
CACTCAAGAGCTATGG-1_V13B23-285_A1,10
CACTCAGCTCTTGAGG-1_V13B23-285_A1,2
CACTCCTATGTAAGAT-1_V13B23-285_A1,1
CACTCCTCTCGGTCGG-1_V13B23-285_A1,8
CACTCGAGCTGAACAA-1_V13B23-285_A1,10
CACTCGGTTAGGAGGA-1_V13B23-285_A1,10
CACTCTTCTGCTAGCC-1_V13B23-285_A1,3
CACTGACGATTGTGGA-1_V13B23-285_A1,10
CACTGTCCAAGTGAGA-1_V13B23-285_A1,1
CACTTAATCAGACGGA-1_V13B23-285_A1,10
CACTTCGCCACAGGCT-1_V13B23-285_A1,13
CACTTCGTCTTATCTC-1_V13B23-285_A1,13
CAGAACTTAGCCCTCT-1_V13B23-285_A1,13
CAGAATAACACACGGA-1_V13B23-285_A1,7
CAGACACCGATCGCTG-1_V13B23-285_A1,10
CAGACCTGTAAGTGTT-1_V13B23-285_A1,3
CAGACGAACCTGATAC-1_V13B23-285_A1,10
CAGAGACGGTCACCCA-1_V13B23-285_A1,10
CAGAGCATGAGCTTGC-1_V13B23-285_A1,10
CAGAGGCGATGCATGA-1_V13B23-285_A1,10
CAGAGTGATTTAACGT-1_V13B23-285_A1,7
CAGATAATGGGCGGGT-1_V13B23-285_A1,3
CAGATACTAACATAGT-1_V13B23-285_A1,10
CAGATCATTTAAAGTC-1_V13B23-285_A1,8
CAGATCCTGGTTTGAA-1_V13B23-285_A1,10
CAGATGTTTGTCCCAA-1_V13B23-285_A1,10
CAGCAGCCCGTTCCTT-1_V13B23-285_A1,8
CAGCAGTCCAGACTAT-1_V13B23-285_A1,7
CAGCAGTCTGTGCTGC-1_V13B23-285_A1,3
CAGCCGGGCCCTCTAT-1_V13B23-285_A1,9
CAGCCTCCTGCAGAGG-1_V13B23-285_A1,10
CAGCCTCTCCTCAAGA-1_V13B23-285_A1,8
CAGCGATTCCCTTCAA-1_V13B23-285_A1,10
CAGCGCCAACACGATA-1_V13B23-285_A1,10
CAGCTCACTGAGACAT-1_V13B23-285_A1,10
CAGCTCGACAAGTTAA-1_V13B23-285_A1,8
CAGCTCGTGCTTGTGT-1_V13B23-285_A1,13
CAGCTGGCGTAACCGT-1_V13B23-285_A1,10
CAGCTTAGTAGGTAGC-1_V13B23-285_A1,10
CAGGAAGACTTTATAT-1_V13B23-285_A1,12
CAGGATATATCGTTGT-1_V13B23-285_A1,10
CAGGATCCGCCCGACC-1_V13B23-285_A1,11
CAGGCAGTCTTACCAG-1_V13B23-285_A1,1
CAGGCCGTTTGGGTGT-1_V13B23-285_A1,10
CAGGCGCACGGTGGTC-1_V13B23-285_A1,1
CAGGCGCCATGCTAGG-1_V13B23-285_A1,1
CAGTAACTATTTATTG-1_V13B23-285_A1,11
CAGTAATCCCTCCCAG-1_V13B23-285_A1,7
CAGTACATTCTCTAAA-1_V13B23-285_A1,8
CAGTACCAGTTTACGT-1_V13B23-285_A1,10
CAGTAGATGATGTCCG-1_V13B23-285_A1,10
CAGTAGCCCACGCGGT-1_V13B23-285_A1,6
CAGTAGCGAGGTAGTA-1_V13B23-285_A1,13
CAGTCGAGGATGCAAT-1_V13B23-285_A1,1
CAGTCGGCCTAGATAT-1_V13B23-285_A1,10
CAGTCTCTCGGCTAAT-1_V13B23-285_A1,13
CAGTCTGTATACTGGG-1_V13B23-285_A1,10
CAGTGAATAAATGACT-1_V13B23-285_A1,10
CAGTGGTTGCACATGA-1_V13B23-285_A1,13
CAGTGTCCGCAGAATG-1_V13B23-285_A1,13
CAGTGTCGGCTGGCCC-1_V13B23-285_A1,7
CAGTTCAAATTGACAC-1_V13B23-285_A1,10
CAGTTCCGCGGGTCGA-1_V13B23-285_A1,10
CATAACGGACAGTCGT-1_V13B23-285_A1,5
CATAAGAAGCTTGGCT-1_V13B23-285_A1,7
CATAAGCTCTCCGTCT-1_V13B23-285_A1,10
CATAATGAGCGGGCGA-1_V13B23-285_A1,11
CATACAAAGCCGAACC-1_V13B23-285_A1,13
CATACACAAAGTCAGC-1_V13B23-285_A1,10
CATACACGGTTCCCAC-1_V13B23-285_A1,1
CATACCCGTACCCAGT-1_V13B23-285_A1,10
CATACGGCGTCTGGGC-1_V13B23-285_A1,1
CATACGGGTGCATGAT-1_V13B23-285_A1,13
CATACTATGTAATTGT-1_V13B23-285_A1,10
CATACTTAGGCAATAC-1_V13B23-285_A1,5
CATACTTCTTTCTCCG-1_V13B23-285_A1,10
CATAGAGGAGATACTA-1_V13B23-285_A1,7
CATAGCCGCCCGGGAT-1_V13B23-285_A1,10
CATAGCGTTGCCCACC-1_V13B23-285_A1,10
CATAGTACATTGAGAG-1_V13B23-285_A1,7
CATAGTAGCATAGTAG-1_V13B23-285_A1,1
CATAGTCAAATACATA-1_V13B23-285_A1,7
CATAGTCCACAAGAAC-1_V13B23-285_A1,10
CATATACTACTGATAA-1_V13B23-285_A1,12
CATATAGGTACAGTCA-1_V13B23-285_A1,6
CATATGTCAGGCTACG-1_V13B23-285_A1,10
CATATTATTTGCCCTA-1_V13B23-285_A1,9
CATCAACACCTACTAA-1_V13B23-285_A1,3
CATCATTACCCTGAGG-1_V13B23-285_A1,7
CATCCCGAGATTCATA-1_V13B23-285_A1,7
CATCCGCAGGCCCGAA-1_V13B23-285_A1,13
CATCCTCTCAAAGATC-1_V13B23-285_A1,7
CATCGAATGGATCTCT-1_V13B23-285_A1,14
CATCGCCCGCGGCCAA-1_V13B23-285_A1,13
CATCGGACGGGTTAAT-1_V13B23-285_A1,10
CATCGTCCGGTTACTA-1_V13B23-285_A1,10
CATCTAGTGAAGGGAA-1_V13B23-285_A1,5
CATCTATCCCGTGTCT-1_V13B23-285_A1,4
CATCTGCAGGATCATT-1_V13B23-285_A1,10
CATCTTACACCACCTC-1_V13B23-285_A1,7
CATGAACCGACATTTG-1_V13B23-285_A1,13
CATGAACCTCTTATCA-1_V13B23-285_A1,9
CATGACTTCGCTGAAT-1_V13B23-285_A1,5
CATGAGATGCACTCTC-1_V13B23-285_A1,7
CATGATCGCTTTGAGA-1_V13B23-285_A1,7
CATGATGCACAATTCT-1_V13B23-285_A1,10
CATGATGGAAGTTAGC-1_V13B23-285_A1,5
CATGCATGGAGACCCT-1_V13B23-285_A1,9
CATGCCAACTCGCAAA-1_V13B23-285_A1,10
CATGCGACCAGTTTAA-1_V13B23-285_A1,7
CATGCGTTAGACAGAA-1_V13B23-285_A1,7
CATGCTGGCTCCAATT-1_V13B23-285_A1,7
CATGGATTGTCTTCCG-1_V13B23-285_A1,5
CATGGCAGGAAGATCG-1_V13B23-285_A1,10
CATGGCTCCCTATGTC-1_V13B23-285_A1,10
CATGGGTATGCCTTAT-1_V13B23-285_A1,7
CATGGGTCGGGTGTGG-1_V13B23-285_A1,6
CATGGTAAGTAGCGTT-1_V13B23-285_A1,10
CATGGTATTAGTTTGT-1_V13B23-285_A1,1
CATGGTCTAGATACCG-1_V13B23-285_A1,10
CATGGTTTATTAATCA-1_V13B23-285_A1,7
CATGTAAGAGACATTT-1_V13B23-285_A1,3
CATGTCTCATTTATGG-1_V13B23-285_A1,5
CATTACATAGATTGTG-1_V13B23-285_A1,8
CATTACGCAGGAAGGG-1_V13B23-285_A1,1
CATTACGTCGGCCCGT-1_V13B23-285_A1,10
CATTATGCTTGTTGTG-1_V13B23-285_A1,10
CATTCACTGACAGCTA-1_V13B23-285_A1,9
CATTCAGGTCAGTGCG-1_V13B23-285_A1,13
CATTCCCATTCCGTCG-1_V13B23-285_A1,5
CATTCCCTAAGTACAA-1_V13B23-285_A1,13
CATTGATGAACACGCC-1_V13B23-285_A1,8
CATTGCGAAATGGGCG-1_V13B23-285_A1,10
CATTGCGGGTCAATTC-1_V13B23-285_A1,8
CATTGTGTGCTAGATC-1_V13B23-285_A1,13
CATTTAGCGGACCATG-1_V13B23-285_A1,6
CATTTCTAGCAGACTA-1_V13B23-285_A1,13
CATTTGAGTGGTACGT-1_V13B23-285_A1,10
CCAAACAGAACCCTCG-1_V13B23-285_A1,10
CCAAAGCAGTTGGTTG-1_V13B23-285_A1,13
CCAAAGTCCCGCTAAC-1_V13B23-285_A1,13
CCAAATAACAAGATTC-1_V13B23-285_A1,7
CCAACGATGCACTGAT-1_V13B23-285_A1,10
CCAACTTGATAGATCC-1_V13B23-285_A1,5
CCAAGAAAGTGGGCGA-1_V13B23-285_A1,10
CCAAGACTTCTGCGAA-1_V13B23-285_A1,4
CCAAGCGTAACTCGTA-1_V13B23-285_A1,10
CCAAGGAACAGAGAGG-1_V13B23-285_A1,13
CCAAGGTTGCCCTTTC-1_V13B23-285_A1,7
CCAAGTTTCTACAGAT-1_V13B23-285_A1,7
CCAATAGATTTCATCT-1_V13B23-285_A1,10
CCAATAGTGCCGTCGA-1_V13B23-285_A1,10
CCAATCGGTAGATCGA-1_V13B23-285_A1,7
CCAATGTCACAGCAAG-1_V13B23-285_A1,10
CCAATTACGGGTCGAG-1_V13B23-285_A1,1
CCAATTGAATGTTAAT-1_V13B23-285_A1,10
CCACAATGTACGTCTT-1_V13B23-285_A1,3
CCACACTGAGATATTA-1_V13B23-285_A1,10
CCACAGCTGAAATCAT-1_V13B23-285_A1,13
CCACAGTACCCATCCT-1_V13B23-285_A1,7
CCACATACTGCACCCA-1_V13B23-285_A1,3
CCACATGGCTCTTTAT-1_V13B23-285_A1,10
CCACCAACTTTACTGT-1_V13B23-285_A1,10
CCACCCAAGGAAAGTG-1_V13B23-285_A1,10
CCACGAATTTAACCTC-1_V13B23-285_A1,5
CCACGAGAAGAGAATC-1_V13B23-285_A1,3
CCACGGAGCCATAAGA-1_V13B23-285_A1,10
CCACGGTGCCCGGTAG-1_V13B23-285_A1,5
CCACGTAAATTAGACT-1_V13B23-285_A1,5
CCACTAAACTGAATCG-1_V13B23-285_A1,14
CCACTATCCGGGTCAC-1_V13B23-285_A1,1
CCACTGGTGGCTGGTT-1_V13B23-285_A1,10
CCACTGTTTGGATTAA-1_V13B23-285_A1,7
CCAGAAAGCAACTCAT-1_V13B23-285_A1,10
CCAGAGACAAAGCCGG-1_V13B23-285_A1,10
CCAGATAGTTGAGTGA-1_V13B23-285_A1,1
CCAGCCTGGACCAATA-1_V13B23-285_A1,10
CCAGCGGGATCACCAG-1_V13B23-285_A1,5
CCAGCTACGCCTCATA-1_V13B23-285_A1,13
CCAGCTCGAACGCATT-1_V13B23-285_A1,10
CCAGCTGATGGTACTT-1_V13B23-285_A1,10
CCAGCTTCCGCCCGCA-1_V13B23-285_A1,10
CCAGGCTGGCGTCTGA-1_V13B23-285_A1,7
CCAGGGACGTGGCCTC-1_V13B23-285_A1,10
CCAGTAGTCTGATCCA-1_V13B23-285_A1,8
CCAGTCAAATCTCTTA-1_V13B23-285_A1,10
CCAGTCCATTATTCGA-1_V13B23-285_A1,13
CCAGTCTAGACGGCGC-1_V13B23-285_A1,6
CCAGTCTTGTCATAGA-1_V13B23-285_A1,10
CCATAAACAACCCGAC-1_V13B23-285_A1,7
CCATAACCTGTGCAGT-1_V13B23-285_A1,10
CCATACCTTTACTTGT-1_V13B23-285_A1,3
CCATACTCGCCTCTCC-1_V13B23-285_A1,10
CCATAGAGGCTGCCAG-1_V13B23-285_A1,10
CCATAGGTTGGCGTGG-1_V13B23-285_A1,10
CCATAGTCAGTAACCC-1_V13B23-285_A1,13
CCATATGGAAACTATA-1_V13B23-285_A1,5
CCATATTGGATCATGA-1_V13B23-285_A1,13
CCATCCATACCAAGTC-1_V13B23-285_A1,13
CCATCGCAGTTAAACT-1_V13B23-285_A1,10
CCATCTCACCAGTGAA-1_V13B23-285_A1,1
CCATCTTGTTCACAAT-1_V13B23-285_A1,13
CCATGCCCTAGATTTC-1_V13B23-285_A1,7
CCATGCCTGTTTAGTA-1_V13B23-285_A1,10
CCATGCTCTGCAGGAA-1_V13B23-285_A1,10
CCATGGCCCTTGTACC-1_V13B23-285_A1,10
CCATTAGCGATAATCC-1_V13B23-285_A1,10
CCATTCCCTGCCCACA-1_V13B23-285_A1,10
CCATTGTTTCCTCCAT-1_V13B23-285_A1,3
CCATTTCTACCTATTA-1_V13B23-285_A1,7
CCCAAACATGCTGCTC-1_V13B23-285_A1,1
CCCAACATACGTCGCG-1_V13B23-285_A1,10
CCCAACCACACTAACA-1_V13B23-285_A1,11
CCCAAGACAGAGTATG-1_V13B23-285_A1,4
CCCAAGTCATTACACT-1_V13B23-285_A1,3
CCCAATGAGATTTGCA-1_V13B23-285_A1,10
CCCAATTTCACAACTT-1_V13B23-285_A1,10
CCCACTCCACGGTATC-1_V13B23-285_A1,10
CCCAGAGGAGGGCGTA-1_V13B23-285_A1,8
CCCAGGTCTGAAGGCT-1_V13B23-285_A1,7
CCCAGTAAACTTGGGA-1_V13B23-285_A1,10
CCCAGTTAAGGCGCCG-1_V13B23-285_A1,10
CCCATATAGGTCGATT-1_V13B23-285_A1,7
CCCGAAGTTTCGCGAA-1_V13B23-285_A1,10
CCCGACCATAGTCCGC-1_V13B23-285_A1,10
CCCGAGTTTCTCCGTA-1_V13B23-285_A1,5
CCCGCAGCGCGAACTA-1_V13B23-285_A1,10
CCCGCCATGCTCCCGT-1_V13B23-285_A1,1
CCCGCGCAATGCACCC-1_V13B23-285_A1,4
CCCGCTTGCCCTCGTC-1_V13B23-285_A1,13
CCCGGCTAGGTGAGAA-1_V13B23-285_A1,7
CCCGGGTCGTTCAGGG-1_V13B23-285_A1,1
CCCGGTGGAAGAACCT-1_V13B23-285_A1,10
CCCGGTGTATCGGAAT-1_V13B23-285_A1,10
CCCGTAAGTCTAGGCC-1_V13B23-285_A1,10
CCCGTAGCTGGGAAGA-1_V13B23-285_A1,10
CCCGTCAGCGTCTGAC-1_V13B23-285_A1,10
CCCGTGAGGGCGGTGA-1_V13B23-285_A1,10
CCCGTTTCGCAGATGT-1_V13B23-285_A1,3
CCCTACTTGAACAATG-1_V13B23-285_A1,7
CCCTAGGCAACAAGAG-1_V13B23-285_A1,10
CCCTAGTGTCAGGTGT-1_V13B23-285_A1,13
CCCTATGTAGAGCAGA-1_V13B23-285_A1,3
CCCTCAAGCTCTTAGT-1_V13B23-285_A1,10
CCCTCATTCTGGAATT-1_V13B23-285_A1,13
CCCTCCTCGCTCGTAT-1_V13B23-285_A1,7
CCCTGAAATGAGTTGA-1_V13B23-285_A1,10
CCCTGATGTAACTCGT-1_V13B23-285_A1,13
CCCTGCCCAATCCGCT-1_V13B23-285_A1,10
CCCTGCGCTACGCATA-1_V13B23-285_A1,10
CCCTGGCTGTTCCTTC-1_V13B23-285_A1,10
CCCTGGTATGGGCGGC-1_V13B23-285_A1,9
CCCTGTTGGCAAAGAC-1_V13B23-285_A1,13
CCCTTCTCGTACGCGA-1_V13B23-285_A1,13
CCCTTTAATGGAGTTC-1_V13B23-285_A1,7
CCCTTTGACAGGTCTT-1_V13B23-285_A1,10
CCGAAAGTGGTGAGCA-1_V13B23-285_A1,13
CCGAACACTGGGCCTC-1_V13B23-285_A1,10
CCGAACCTTCCCGGCC-1_V13B23-285_A1,1
CCGAAGTATATTGTTC-1_V13B23-285_A1,1
CCGACAAACACATGAG-1_V13B23-285_A1,13
CCGACAAAGGGAGTGC-1_V13B23-285_A1,6
CCGACAATAGGCCGCC-1_V13B23-285_A1,7
CCGACGGGCATGAGGT-1_V13B23-285_A1,1
CCGACGTAAACACAAC-1_V13B23-285_A1,9
CCGAGAAGTCGCATAA-1_V13B23-285_A1,5
CCGAGGGATGTTAGGC-1_V13B23-285_A1,12
CCGATCTCAACCTTAT-1_V13B23-285_A1,7
CCGATTCGAGGGACCC-1_V13B23-285_A1,10
CCGCACAAAGACCAAC-1_V13B23-285_A1,10
CCGCACACGAACGTGT-1_V13B23-285_A1,5
CCGCACGTGACCTCGG-1_V13B23-285_A1,10
CCGCACTTGCAATGAC-1_V13B23-285_A1,7
CCGCATGTGGTACGAT-1_V13B23-285_A1,1
CCGCCACCACAATCCA-1_V13B23-285_A1,9
CCGCCGGAACTTCTCG-1_V13B23-285_A1,10
CCGCCGGTCAACACAC-1_V13B23-285_A1,13
CCGCCGTTGAGGATAA-1_V13B23-285_A1,5
CCGCCTGCGAATTGGT-1_V13B23-285_A1,12
CCGCCTTGCGATGTCG-1_V13B23-285_A1,10
CCGCGATTTGGTAGGT-1_V13B23-285_A1,10
CCGCGGAATGCGTCAC-1_V13B23-285_A1,10
CCGCGGGTACGAAGAA-1_V13B23-285_A1,10
CCGCGTAGGTAAGGGC-1_V13B23-285_A1,10
CCGCTATCAGCACCAG-1_V13B23-285_A1,10
CCGCTCCAGGGCGATC-1_V13B23-285_A1,8
CCGCTCTTCCGAACTA-1_V13B23-285_A1,7
CCGCTGGTGCCATTCA-1_V13B23-285_A1,9
CCGCTTACCTCACTCT-1_V13B23-285_A1,10
CCGCTTCGCGGTTAAC-1_V13B23-285_A1,13
CCGCTTGCTGACATGG-1_V13B23-285_A1,8
CCGGAATGGTTTCAGT-1_V13B23-285_A1,10
CCGGAGCGTACTTTCT-1_V13B23-285_A1,7
CCGGCACGACCGTTTC-1_V13B23-285_A1,5
CCGGCCGCGAGCATAT-1_V13B23-285_A1,10
CCGGCGCATATTGGAT-1_V13B23-285_A1,13
CCGGCGTGAGACTCTG-1_V13B23-285_A1,10
CCGGGACCCGCAGAGA-1_V13B23-285_A1,13
CCGGGCGGTCTCGTCA-1_V13B23-285_A1,4
CCGGGCTGCTCCATAC-1_V13B23-285_A1,5
CCGGGTTCGAGGTTAC-1_V13B23-285_A1,10
CCGGTAATGGCTAGTC-1_V13B23-285_A1,5
CCGGTGCGAGTGATAG-1_V13B23-285_A1,2
CCGGTTTGTAATTGTG-1_V13B23-285_A1,10
CCGTAAGTTGGTCCCA-1_V13B23-285_A1,11
CCGTACCCAAGCGCCA-1_V13B23-285_A1,13
CCGTAGGAAATCCCTG-1_V13B23-285_A1,7
CCGTAGGGTTGTTTAC-1_V13B23-285_A1,7
CCGTATCTCGTCGTAG-1_V13B23-285_A1,10
CCGTGAGGCATTCATG-1_V13B23-285_A1,5
CCGTGCCCATGACGGC-1_V13B23-285_A1,13
CCGTGGAACGATCCAA-1_V13B23-285_A1,4
CCGTGTTAAATTCCAT-1_V13B23-285_A1,10
CCGTTACGTTAGAACA-1_V13B23-285_A1,3
CCGTTCCGAATCTCGG-1_V13B23-285_A1,10
CCTAAAGGCTGACGCT-1_V13B23-285_A1,12
CCTAAATTAACGGTTC-1_V13B23-285_A1,10
CCTAAATTGTATCCTA-1_V13B23-285_A1,7
CCTAACCCAAACAAGT-1_V13B23-285_A1,5
CCTAACTAAGGCTCTA-1_V13B23-285_A1,7
CCTAAGTGTCTAACCG-1_V13B23-285_A1,2
CCTACATTCACAGACG-1_V13B23-285_A1,10
CCTACGGCTCAGTCGA-1_V13B23-285_A1,13
CCTACTCAACACGATT-1_V13B23-285_A1,7
CCTACTGCTTACACTT-1_V13B23-285_A1,6
CCTAGGCGTAGCGATC-1_V13B23-285_A1,1
CCTAGGTAAAGGTAGC-1_V13B23-285_A1,10
CCTAGTTAGTCGCATG-1_V13B23-285_A1,2
CCTATAATGAGTGCCC-1_V13B23-285_A1,7
CCTATACCGTCCTGTC-1_V13B23-285_A1,10
CCTATATCGTGTCACG-1_V13B23-285_A1,10
CCTATATTTGTCCTGG-1_V13B23-285_A1,1
CCTATCTATATCGGAA-1_V13B23-285_A1,10
CCTATGAAGTGGTGCC-1_V13B23-285_A1,5
CCTATGGCTCCTAGTG-1_V13B23-285_A1,1
CCTATGGGTTACCGTC-1_V13B23-285_A1,8
CCTATGGTCAAAGCTG-1_V13B23-285_A1,3
CCTATGTCCACTCCAC-1_V13B23-285_A1,7
CCTCAACGATCGCTGT-1_V13B23-285_A1,10
CCTCACCAATCTTGAC-1_V13B23-285_A1,13
CCTCACCTGAGGGAGC-1_V13B23-285_A1,7
CCTCACCTTAGCATCG-1_V13B23-285_A1,5
CCTCATGCAGCTACGA-1_V13B23-285_A1,13
CCTCCCGACAATCCCT-1_V13B23-285_A1,12
CCTCCGACAATTCAAG-1_V13B23-285_A1,10
CCTCCTGAGCCCACAT-1_V13B23-285_A1,10
CCTCCTGTTGTGTCGT-1_V13B23-285_A1,3
CCTCGAAGTGGACGGG-1_V13B23-285_A1,3
CCTCGCCAGCAAATTA-1_V13B23-285_A1,8
CCTCGCGCGATATAGG-1_V13B23-285_A1,8
CCTCGCGCTGTGCGAT-1_V13B23-285_A1,10
CCTCGGACCGGGATAG-1_V13B23-285_A1,10
CCTCGGATGCTACCTG-1_V13B23-285_A1,10
CCTCTAATCTGCCAAG-1_V13B23-285_A1,10
CCTCTATCGATTAGCA-1_V13B23-285_A1,10
CCTCTCTCCCATCTAG-1_V13B23-285_A1,10
CCTCTGGCCTAGACGG-1_V13B23-285_A1,7
CCTCTGTACTATTCTA-1_V13B23-285_A1,10
CCTGAACGATATATTC-1_V13B23-285_A1,5
CCTGAATATTTACATA-1_V13B23-285_A1,10
CCTGACAAACTCGCGC-1_V13B23-285_A1,10
CCTGACCACCGATGGT-1_V13B23-285_A1,10
CCTGCCCGTTGTCTAG-1_V13B23-285_A1,10
CCTGCGATAGAACTGT-1_V13B23-285_A1,13
CCTGCGTTCTACGCTT-1_V13B23-285_A1,10
CCTGCTATTTGAGAAG-1_V13B23-285_A1,10
CCTGGAAACGTTCTGC-1_V13B23-285_A1,5
CCTGGCTAGACCCGCC-1_V13B23-285_A1,10
CCTGGTCGAATGTGGG-1_V13B23-285_A1,1
CCTGTAAGACATGATA-1_V13B23-285_A1,10
CCTGTACTCACGCCCA-1_V13B23-285_A1,10
CCTGTCACCCGGGCTC-1_V13B23-285_A1,10
CCTGTCCCTCACGTTA-1_V13B23-285_A1,5
CCTGTCGCCCGTAAAT-1_V13B23-285_A1,10
CCTGTGAAACCGTAAC-1_V13B23-285_A1,10
CCTGTGCATAGGAGAC-1_V13B23-285_A1,13
CCTGTTTGAAGACACG-1_V13B23-285_A1,5
CCTTCAGTTAAAGTGA-1_V13B23-285_A1,1
CCTTCGTATAGAATCC-1_V13B23-285_A1,7
CCTTCTCAGCGTTCCT-1_V13B23-285_A1,10
CCTTCTTGATCCAGTG-1_V13B23-285_A1,10
CCTTGACCACTTTATT-1_V13B23-285_A1,7
CCTTTAAGGGAGCACT-1_V13B23-285_A1,10
CCTTTCAATGAAGAAA-1_V13B23-285_A1,8
CCTTTGAATTATGGCT-1_V13B23-285_A1,10
CGAAACGCAATTCATG-1_V13B23-285_A1,10
CGAACAGTATGGGCGT-1_V13B23-285_A1,7
CGAACCCGCATGCGTC-1_V13B23-285_A1,10
CGAACGCCCAGTGCCG-1_V13B23-285_A1,13
CGAACGGCCGGACAAC-1_V13B23-285_A1,10
CGAAGACGGTGAGTGC-1_V13B23-285_A1,10
CGAAGACTGCCCGGGA-1_V13B23-285_A1,2
CGAAGCTATAAATTCA-1_V13B23-285_A1,9
CGAAGTTGCTCTGTGT-1_V13B23-285_A1,10
CGAATCTGCTCGACGC-1_V13B23-285_A1,1
CGAATGAAGTCATTGC-1_V13B23-285_A1,3
CGAATGACGCATAATG-1_V13B23-285_A1,1
CGACAATTTGATCTAA-1_V13B23-285_A1,1
CGACACGCTCCGACAG-1_V13B23-285_A1,7
CGACAGTTCGCGTTAT-1_V13B23-285_A1,10
CGACATGCGATCTTCT-1_V13B23-285_A1,8
CGACCCTTAACGCCGG-1_V13B23-285_A1,10
CGACCTACTAGACAAT-1_V13B23-285_A1,10
CGACGCATCCGTACCT-1_V13B23-285_A1,10
CGACTCAGGATGTTAT-1_V13B23-285_A1,6
CGACTTTGTATAGCCT-1_V13B23-285_A1,5
CGAGACCCTAGAGTGT-1_V13B23-285_A1,10
CGAGAGATGTGAACCT-1_V13B23-285_A1,1
CGAGAGCGCGTAGATA-1_V13B23-285_A1,10
CGAGAGCTTTCACTAC-1_V13B23-285_A1,1
CGAGAGGGTAGCCGCG-1_V13B23-285_A1,5
CGAGATGTTGCCTATA-1_V13B23-285_A1,13
CGAGATTTCGCTCGGG-1_V13B23-285_A1,5
CGAGCACTTCAAGTTT-1_V13B23-285_A1,10
CGAGCCGAGCACTCGA-1_V13B23-285_A1,7
CGAGCGTTGATCAGCC-1_V13B23-285_A1,7
CGAGCTGGGCTTTAGG-1_V13B23-285_A1,10
CGAGGAGCTTCCATAT-1_V13B23-285_A1,8
CGAGGATCGGGAACGA-1_V13B23-285_A1,8
CGAGGCCAGGCATTGG-1_V13B23-285_A1,13
CGAGGCTAAATATGGC-1_V13B23-285_A1,6
CGAGGGACTGCGGTCG-1_V13B23-285_A1,10
CGAGGGTATCCAGGTG-1_V13B23-285_A1,1
CGAGTACTAAAGAGGA-1_V13B23-285_A1,10
CGAGTGAAGGTACCAG-1_V13B23-285_A1,1
CGAGTGCTATAGTTCG-1_V13B23-285_A1,13
CGAGTTCTGTCCCACC-1_V13B23-285_A1,10
CGAGTTTATCGGACTG-1_V13B23-285_A1,1
CGATAATACTCAGGTT-1_V13B23-285_A1,5
CGATACCTCGCGGACA-1_V13B23-285_A1,10
CGATAGTCGTACTGCA-1_V13B23-285_A1,7
CGATATTAGCCGCAGG-1_V13B23-285_A1,13
CGATCCGACCCAGTGC-1_V13B23-285_A1,10
CGATCCTCGCAACATA-1_V13B23-285_A1,11
CGATCTGTTGGAGGAC-1_V13B23-285_A1,10
CGATGGACCCTACGCC-1_V13B23-285_A1,8
CGATGTTGTTATCTAC-1_V13B23-285_A1,5
CGATTAAATATCTCCT-1_V13B23-285_A1,8
CGATTCGCCTGGCTGC-1_V13B23-285_A1,4
CGCAAACACGAGTTAC-1_V13B23-285_A1,10
CGCAATCGATCATTAG-1_V13B23-285_A1,10
CGCAATTACTTTCGGT-1_V13B23-285_A1,10
CGCAATTAGGGTAATA-1_V13B23-285_A1,10
CGCAATTCTACAATAA-1_V13B23-285_A1,10
CGCACATGTCCACTAC-1_V13B23-285_A1,5
CGCACGTGCGCTATCA-1_V13B23-285_A1,1
CGCAGAAACATTTGCG-1_V13B23-285_A1,12
CGCAGATCTTCACCCG-1_V13B23-285_A1,8
CGCAGGCGATCCAAAC-1_V13B23-285_A1,5
CGCATCATGGCTTCAG-1_V13B23-285_A1,9
CGCATCCATCAGCCAG-1_V13B23-285_A1,8
CGCATGCCGAATGCGT-1_V13B23-285_A1,3
CGCATGGTGCGATGCT-1_V13B23-285_A1,10
CGCATTAGCTAATAGG-1_V13B23-285_A1,10
CGCCAAGAAGCCGAGT-1_V13B23-285_A1,10
CGCCACAGGTCGCGAT-1_V13B23-285_A1,10
CGCCACCCGCATTAAC-1_V13B23-285_A1,13
CGCCATCCGATTATGA-1_V13B23-285_A1,10
CGCCCAGCACGCCTAG-1_V13B23-285_A1,1
CGCCCAGCGTTTCACG-1_V13B23-285_A1,1
CGCCCGCTTCCGTACA-1_V13B23-285_A1,7
CGCCCTTGAAGGCTGA-1_V13B23-285_A1,4
CGCCGACTATTCGCTA-1_V13B23-285_A1,10
CGCCGCCCATGCCTGT-1_V13B23-285_A1,1
CGCCGTCTACCCATCG-1_V13B23-285_A1,5
CGCCGTTCAGCATAGT-1_V13B23-285_A1,7
CGCCTCCCTCCTCTAT-1_V13B23-285_A1,10
CGCCTGGCCTACGTAA-1_V13B23-285_A1,10
CGCCTTTAGCATGCTC-1_V13B23-285_A1,5
CGCGAAGTGGCATACT-1_V13B23-285_A1,7
CGCGACACTGCGCAGC-1_V13B23-285_A1,10
CGCGACCGCGACAGAT-1_V13B23-285_A1,7
CGCGAGTCTGCCGGGT-1_V13B23-285_A1,10
CGCGCAAATGTCCAGA-1_V13B23-285_A1,10
CGCGCAAGGAACTACA-1_V13B23-285_A1,13
CGCGCATGTTTGATTG-1_V13B23-285_A1,10
CGCGCCCGACTTAATA-1_V13B23-285_A1,10
CGCGGCAGTATTACGG-1_V13B23-285_A1,13
CGCGGCTCAACTTGAA-1_V13B23-285_A1,1
CGCGGGAATTAGGCAG-1_V13B23-285_A1,8
CGCGGTAAGTCTAGCT-1_V13B23-285_A1,13
CGCGGTACGGTATACA-1_V13B23-285_A1,7
CGCGGTCACAAACCAA-1_V13B23-285_A1,9
CGCGTGCTATCAACGA-1_V13B23-285_A1,9
CGCGTTCATGAAATAC-1_V13B23-285_A1,6
CGCTACCGCCCTATGA-1_V13B23-285_A1,13
CGCTACGGGACATTTA-1_V13B23-285_A1,10
CGCTAGAGACCGCTGC-1_V13B23-285_A1,3
CGCTATACCGCCCACT-1_V13B23-285_A1,13
CGCTATTCAATGTATG-1_V13B23-285_A1,13
CGCTATTCTTAGGCTC-1_V13B23-285_A1,6
CGCTCGACATAATGAT-1_V13B23-285_A1,10
CGCTCTCCGTAGATTA-1_V13B23-285_A1,10
CGCTGAGGACGTCCAA-1_V13B23-285_A1,13
CGCTGGTGACTACCCT-1_V13B23-285_A1,7
CGCTGTGACGCCGCAC-1_V13B23-285_A1,10
CGCTGTGTGGATGTTG-1_V13B23-285_A1,3
CGCTTAGTATTGATAC-1_V13B23-285_A1,10
CGCTTATTCCCGGTCG-1_V13B23-285_A1,10
CGCTTCCACTGAAATC-1_V13B23-285_A1,1
CGCTTCGGTCTAAGAC-1_V13B23-285_A1,7
CGCTTGGACGGATAGA-1_V13B23-285_A1,7
CGCTTTCATACCGGTG-1_V13B23-285_A1,13
CGCTTTCTTGCATTCG-1_V13B23-285_A1,7
CGGAAAGAATCAAACG-1_V13B23-285_A1,10
CGGAAAGCAAATGTGC-1_V13B23-285_A1,10
CGGAACGTAAACATAG-1_V13B23-285_A1,10
CGGACCTTTACGTCCC-1_V13B23-285_A1,8
CGGACGTTACTTGAAG-1_V13B23-285_A1,10
CGGAGCAATTTAATCG-1_V13B23-285_A1,10
CGGAGCATGGCGATCC-1_V13B23-285_A1,10
CGGAGCTTATAACACC-1_V13B23-285_A1,9
CGGAGTTTGAGAGACA-1_V13B23-285_A1,10
CGGATAAGCGGACATG-1_V13B23-285_A1,13
CGGATCCTCAAGGACT-1_V13B23-285_A1,7
CGGCAAACATCGTGCG-1_V13B23-285_A1,10
CGGCAATAAGATCGCC-1_V13B23-285_A1,5
CGGCACCGTTAGCGCC-1_V13B23-285_A1,9
CGGCACTCAAGAAAGT-1_V13B23-285_A1,13
CGGCAGGGTCGGGTTG-1_V13B23-285_A1,1
CGGCCACGCACAAAGT-1_V13B23-285_A1,10
CGGCCAGAGCGACCAT-1_V13B23-285_A1,10
CGGCCCAACCTGTAGT-1_V13B23-285_A1,7
CGGCCCAGGTATATCC-1_V13B23-285_A1,5
CGGCGCCATCAATCCC-1_V13B23-285_A1,7
CGGCTCTAAAGCTGCA-1_V13B23-285_A1,5
CGGCTCTTCGTCGAAC-1_V13B23-285_A1,9
CGGCTTTGTATGATAA-1_V13B23-285_A1,12
CGGGAATATAGTATAC-1_V13B23-285_A1,5
CGGGAATTTATGTAAA-1_V13B23-285_A1,10
CGGGAGCTTCAGTGTA-1_V13B23-285_A1,7
CGGGAGTATACCGCCG-1_V13B23-285_A1,1
CGGGATCAATGTAAGA-1_V13B23-285_A1,10
CGGGCAGCTAAACCGC-1_V13B23-285_A1,10
CGGGCCATAGCCGCAC-1_V13B23-285_A1,13
CGGGCCTTCTTTGTAA-1_V13B23-285_A1,10
CGGGCGATGGATCACG-1_V13B23-285_A1,1
CGGGTGTACCCATTTA-1_V13B23-285_A1,1
CGGGTTGTAGCTTTGG-1_V13B23-285_A1,14
CGGGTTTGTTAGGGCT-1_V13B23-285_A1,7
CGGTACGGCAAACCCA-1_V13B23-285_A1,7
CGGTACTAGAATCAAA-1_V13B23-285_A1,10
CGGTAGAGGTGCAGGT-1_V13B23-285_A1,1
CGGTCAAGTGGGAACC-1_V13B23-285_A1,10
CGGTCCATGAGACTCC-1_V13B23-285_A1,9
CGGTCCGTCGCAAGCC-1_V13B23-285_A1,1
CGGTCTATCAACCCGT-1_V13B23-285_A1,7
CGGTGAAGACTAAAGT-1_V13B23-285_A1,10
CGGTGCAGATAGAACG-1_V13B23-285_A1,10
CGGTGCGCGTTGGTCC-1_V13B23-285_A1,10
CGGTGGGCTCCAGCCT-1_V13B23-285_A1,9
CGGTGTACTTGATCCC-1_V13B23-285_A1,13
CGGTTATCCAACAGTG-1_V13B23-285_A1,5
CGGTTCAAGTAGGTGT-1_V13B23-285_A1,3
CGGTTCCGGCTTCTTG-1_V13B23-285_A1,13
CGGTTGACCTGGCATA-1_V13B23-285_A1,10
CGTAAACGCTTGAGTG-1_V13B23-285_A1,13
CGTAACTTCGACACTT-1_V13B23-285_A1,10
CGTAATAATTACGAGT-1_V13B23-285_A1,1
CGTACCGAAAGTCTAG-1_V13B23-285_A1,13
CGTACCTGATAGGCCT-1_V13B23-285_A1,10
CGTAGAGAGTAATTAT-1_V13B23-285_A1,7
CGTAGCGAATTGTCAG-1_V13B23-285_A1,13
CGTAGCGCCGACGTTG-1_V13B23-285_A1,8
CGTATTAAGAGATCTA-1_V13B23-285_A1,10
CGTCAAGGCTATAAAT-1_V13B23-285_A1,10
CGTCAATCTTTAACAT-1_V13B23-285_A1,13
CGTCACGTCCATTGGT-1_V13B23-285_A1,10
CGTCAGCTATTTACTC-1_V13B23-285_A1,7
CGTCAGTGCGCACAAG-1_V13B23-285_A1,13
CGTCATACCATATCCA-1_V13B23-285_A1,1
CGTCCAGATGGCTCCA-1_V13B23-285_A1,8
CGTCCTCATCGCGTGC-1_V13B23-285_A1,7
CGTCGCATGTGAGCCA-1_V13B23-285_A1,7
CGTCGCGGCGGGATTT-1_V13B23-285_A1,13
CGTCGCTTGGTTATAC-1_V13B23-285_A1,3
CGTCGGATAGTGTTGA-1_V13B23-285_A1,1
CGTCGGGTCTAAGCGC-1_V13B23-285_A1,10
CGTCGTCCTTCGCGAA-1_V13B23-285_A1,1
CGTCTGGAAGGGCCCG-1_V13B23-285_A1,1
CGTCTTGAGTGTGACG-1_V13B23-285_A1,5
CGTGAAGTTAATTCAC-1_V13B23-285_A1,10
CGTGACATTGGGTCGT-1_V13B23-285_A1,7
CGTGACCAGTCCTCTG-1_V13B23-285_A1,1
CGTGCAGACTGGGACA-1_V13B23-285_A1,10
CGTGCATTGTCGACGC-1_V13B23-285_A1,10
CGTGCCCTCCCGAAGA-1_V13B23-285_A1,10
CGTGCTGGCCTAGTCG-1_V13B23-285_A1,13
CGTGCTTCTACCTAAA-1_V13B23-285_A1,1
CGTGGAAGCCTCGTAC-1_V13B23-285_A1,3
CGTGGCCGAATATCTA-1_V13B23-285_A1,1
CGTGGTACCCAAAGGC-1_V13B23-285_A1,1
CGTGTATGGGAGCTGA-1_V13B23-285_A1,7
CGTGTCCCATTCGCGA-1_V13B23-285_A1,10
CGTGTCTCGTTACGAC-1_V13B23-285_A1,10
CGTGTGTTAAACCCTG-1_V13B23-285_A1,5
CGTTAAACTAGTTAGG-1_V13B23-285_A1,5
CGTTAATGTCCCGACG-1_V13B23-285_A1,3
CGTTAGCTCACAACTG-1_V13B23-285_A1,8
CGTTATCATACTTCCA-1_V13B23-285_A1,10
CGTTCAGACCCGCGAA-1_V13B23-285_A1,1
CGTTCATGGTGCGCGT-1_V13B23-285_A1,10
CGTTCTTCGCACACCT-1_V13B23-285_A1,9
CGTTGAATACCGCGCT-1_V13B23-285_A1,7
CGTTGAGCGACCGTCG-1_V13B23-285_A1,5
CGTTGCCCGCGTGGGA-1_V13B23-285_A1,1
CGTTGTAAACGTCAGG-1_V13B23-285_A1,10
CGTTGTAAGATTGATT-1_V13B23-285_A1,1
CGTTGTCGGCAATTGA-1_V13B23-285_A1,1
CGTTGTTTCAATTCCC-1_V13B23-285_A1,10
CGTTTAAGCGGAGCAC-1_V13B23-285_A1,13
CGTTTACAAGGCAGCT-1_V13B23-285_A1,9
CGTTTCACTTCGGGCG-1_V13B23-285_A1,1
CGTTTCGCTCATTACA-1_V13B23-285_A1,10
CGTTTGGTGTTGTGGG-1_V13B23-285_A1,7
CGTTTGTGTAGAGGGT-1_V13B23-285_A1,10
CTAAACGGGTGTAATC-1_V13B23-285_A1,13
CTAAAGAATGCCTACT-1_V13B23-285_A1,10
CTAAAGGGAAATAGGA-1_V13B23-285_A1,10
CTAAAGTCCGAAGCTA-1_V13B23-285_A1,13
CTAAATCCGGTGTACA-1_V13B23-285_A1,10
CTAAATCCTATTCCGG-1_V13B23-285_A1,10
CTAACCGCGCGCCCGT-1_V13B23-285_A1,10
CTAACGAAACTTGCTG-1_V13B23-285_A1,1
CTAACTGATAATCGCC-1_V13B23-285_A1,5
CTAACTGGTCCGGTTC-1_V13B23-285_A1,10
CTAAGGGAATGATTGG-1_V13B23-285_A1,10
CTAATTCGCACGCGCT-1_V13B23-285_A1,10
CTAATTCTCAGATATT-1_V13B23-285_A1,7
CTAATTTCAACAACAC-1_V13B23-285_A1,7
CTACAAGAAATAACCC-1_V13B23-285_A1,10
CTACACTAGCTTGTTC-1_V13B23-285_A1,13
CTACACTCGCAGATGG-1_V13B23-285_A1,3
CTACCCTAAGGTCATA-1_V13B23-285_A1,7
CTACGACTAGCTATAA-1_V13B23-285_A1,10
CTACGCACGGAGTACC-1_V13B23-285_A1,10
CTACGCCATTTCCGAT-1_V13B23-285_A1,12
CTACGTGTTGCCACCA-1_V13B23-285_A1,13
CTACTATCATAGGTTT-1_V13B23-285_A1,1
CTACTATCTTTCAGAG-1_V13B23-285_A1,1
CTACTCAAGGTATAGT-1_V13B23-285_A1,3
CTACTCTAGGCCCGGC-1_V13B23-285_A1,10
CTACTGCCACCTGACC-1_V13B23-285_A1,10
CTAGATAAACTCCTCG-1_V13B23-285_A1,13
CTAGATGTGAGTGTAA-1_V13B23-285_A1,5
CTAGATTTACGACGGC-1_V13B23-285_A1,10
CTAGCAACTAATTTAC-1_V13B23-285_A1,13
CTAGCATAGTATAATG-1_V13B23-285_A1,10
CTAGCCACAGGCGAGC-1_V13B23-285_A1,7
CTAGCCGATGTTATGA-1_V13B23-285_A1,3
CTAGCTTAATGGTCCC-1_V13B23-285_A1,3
CTAGGCGCCCTATCAG-1_V13B23-285_A1,7
CTAGGCGGCAGAGAAT-1_V13B23-285_A1,13
CTAGGTCTGAAGGAAT-1_V13B23-285_A1,5
CTAGGTTCGGACGTGA-1_V13B23-285_A1,7
CTAGTAGAAAGGGATT-1_V13B23-285_A1,7
CTAGTATTCGGAATTA-1_V13B23-285_A1,3
CTAGTCACGTCTTAAG-1_V13B23-285_A1,10
CTAGTGAAGGACAGGA-1_V13B23-285_A1,10
CTAGTTACAACCCGGT-1_V13B23-285_A1,5
CTAGTTGGGCCCGGTA-1_V13B23-285_A1,10
CTATAAGAGCCAATCG-1_V13B23-285_A1,1
CTATAGGCGTTGATGT-1_V13B23-285_A1,10
CTATCGACGAAATACA-1_V13B23-285_A1,1
CTATCGCGTAGAGAAC-1_V13B23-285_A1,7
CTATCGGGTCTCAACA-1_V13B23-285_A1,6
CTATGCCCGAATGCAA-1_V13B23-285_A1,10
CTATGGGAAGCGGAAT-1_V13B23-285_A1,5
CTATGTCACTAGCCCA-1_V13B23-285_A1,10
CTATGTCTATTGAAAC-1_V13B23-285_A1,13
CTATGTGAGTCACGGC-1_V13B23-285_A1,10
CTATTCATGTGTCCCA-1_V13B23-285_A1,10
CTATTTGCTTGGAGGA-1_V13B23-285_A1,7
CTATTTGGTTACGGAT-1_V13B23-285_A1,10
CTCAAACCACTGCCCG-1_V13B23-285_A1,1
CTCAACTAACCCGGAT-1_V13B23-285_A1,1
CTCACATTTACTAAAT-1_V13B23-285_A1,5
CTCACCAGTACAAGTG-1_V13B23-285_A1,10
CTCACTGTGATACTTA-1_V13B23-285_A1,7
CTCACTTGGCTGGTAA-1_V13B23-285_A1,10
CTCAGATTGTGATAAG-1_V13B23-285_A1,10
CTCAGGACTCACCTGT-1_V13B23-285_A1,13
CTCAGTCACGACAAAT-1_V13B23-285_A1,8
CTCATCACTTAGTGAT-1_V13B23-285_A1,8
CTCATGGCTCACAATC-1_V13B23-285_A1,7
CTCATGGTAATTTGCG-1_V13B23-285_A1,10
CTCATTCGTGAACATC-1_V13B23-285_A1,10
CTCATTGCTCTAACAA-1_V13B23-285_A1,3
CTCATTTGATGGGCGG-1_V13B23-285_A1,12
CTCCCAATGAGTCGCG-1_V13B23-285_A1,7
CTCCCTCCTTTCGATC-1_V13B23-285_A1,10
CTCCGCCCACATGAGG-1_V13B23-285_A1,10
CTCCGGCCTAATATGC-1_V13B23-285_A1,10
CTCCGGCTTGTAGACA-1_V13B23-285_A1,13
CTCCTAAGTTATGTCT-1_V13B23-285_A1,13
CTCCTCCAGCTCACAC-1_V13B23-285_A1,1
CTCCTGTTCAAGGCAG-1_V13B23-285_A1,3
CTCCTTTACGCAAGTC-1_V13B23-285_A1,8
CTCGAGACATACGATA-1_V13B23-285_A1,10
CTCGAGATCCAAAGCA-1_V13B23-285_A1,13
CTCGAGGTCGAACAGT-1_V13B23-285_A1,10
CTCGATATTTGCGAGC-1_V13B23-285_A1,8
CTCGCACCTATATAGT-1_V13B23-285_A1,10
CTCGCATTGCATAGCC-1_V13B23-285_A1,10
CTCGCCGAATGTAGGG-1_V13B23-285_A1,10
CTCGGGATAACACCTA-1_V13B23-285_A1,5
CTCGGGTTCTCTGGCC-1_V13B23-285_A1,10
CTCGGTACCACTGCTC-1_V13B23-285_A1,10
CTCGGTCCGTAGCCTG-1_V13B23-285_A1,10
CTCGGTTGTCGGCCCT-1_V13B23-285_A1,1
CTCGTCGAGGGCTCAT-1_V13B23-285_A1,10
CTCGTCTGTGCCTTCG-1_V13B23-285_A1,1
CTCGTTTCTAATGTTT-1_V13B23-285_A1,8
CTCTAATGCATTGATC-1_V13B23-285_A1,8
CTCTACACTGGCGATT-1_V13B23-285_A1,10
CTCTAGCCCTCGGAAA-1_V13B23-285_A1,3
CTCTATTTGGCTGCAG-1_V13B23-285_A1,10
CTCTCACAATCGATGA-1_V13B23-285_A1,10
CTCTCGATGTGCGCCT-1_V13B23-285_A1,2
CTCTCGCTGTACTATG-1_V13B23-285_A1,10
CTCTCTAACTGCCTAG-1_V13B23-285_A1,10
CTCTGCGAAGCAAGCA-1_V13B23-285_A1,13
CTCTGGACGCCTGGTG-1_V13B23-285_A1,10
CTCTGTGCCTGCTATG-1_V13B23-285_A1,13
CTCTGTTTGAGGATTC-1_V13B23-285_A1,13
CTCTTCTATTGACTGG-1_V13B23-285_A1,7
CTCTTCTGGAAGTTAG-1_V13B23-285_A1,6
CTCTTGTCCCGCTTGG-1_V13B23-285_A1,10
CTGAAAGAGATCCGAC-1_V13B23-285_A1,10
CTGAATCCGAGACCTC-1_V13B23-285_A1,10
CTGAATTTATTGCCAG-1_V13B23-285_A1,8
CTGACATAGAAATAGA-1_V13B23-285_A1,7
CTGACTGCGCAGCTCG-1_V13B23-285_A1,5
CTGAGAAAGTTCGGCG-1_V13B23-285_A1,3
CTGAGCAAGTAACAAG-1_V13B23-285_A1,13
CTGATAGTGTATCTCA-1_V13B23-285_A1,10
CTGCAAGCACGTTCCG-1_V13B23-285_A1,7
CTGCACAACTACATAT-1_V13B23-285_A1,3
CTGCACCTAGTCCACA-1_V13B23-285_A1,7
CTGCACCTGGAACCGC-1_V13B23-285_A1,13
CTGCACTCCAGTACAG-1_V13B23-285_A1,7
CTGCAGAGAATCAGAG-1_V13B23-285_A1,1
CTGCCAAGGTTGGAAG-1_V13B23-285_A1,10
CTGCCATGCATCACAT-1_V13B23-285_A1,10
CTGCCCACGAAGCGTT-1_V13B23-285_A1,10
CTGCCTAGCCACCAAG-1_V13B23-285_A1,9
CTGCCTCATATGCAAC-1_V13B23-285_A1,5
CTGCCTTTAATACCTT-1_V13B23-285_A1,8
CTGCCTTTCTAGTAAA-1_V13B23-285_A1,7
CTGCGACCTCGCCGAA-1_V13B23-285_A1,8
CTGCGGGTGAAATGTT-1_V13B23-285_A1,10
CTGCGTTACGATATAA-1_V13B23-285_A1,1
CTGCTGAGGCCACGAA-1_V13B23-285_A1,10
CTGCTGTCTAACGAGC-1_V13B23-285_A1,3
CTGCTTGGCGATAGCT-1_V13B23-285_A1,3
CTGCTTTATGTCCGCG-1_V13B23-285_A1,9
CTGGAAATGGATGCTT-1_V13B23-285_A1,10
CTGGAAGACACGGTGG-1_V13B23-285_A1,7
CTGGACGCAGTCCGGC-1_V13B23-285_A1,10
CTGGATTTACACTTGA-1_V13B23-285_A1,10
CTGGCATCCGAATGAG-1_V13B23-285_A1,10
CTGGCGACATAAGTCC-1_V13B23-285_A1,7
CTGGCGATTTACATGT-1_V13B23-285_A1,11
CTGGCGCACAGGTCTG-1_V13B23-285_A1,5
CTGGCGGGAATAAGTA-1_V13B23-285_A1,7
CTGGCTCCTGCGGGAT-1_V13B23-285_A1,13
CTGGCTGATTCATCCT-1_V13B23-285_A1,7
CTGGCTGCTAACGTAA-1_V13B23-285_A1,13
CTGGCTGGTTGTCAGT-1_V13B23-285_A1,10
CTGGGATAAATAATGG-1_V13B23-285_A1,1
CTGGGATACGCTACCC-1_V13B23-285_A1,5
CTGGGCCTGCTATATC-1_V13B23-285_A1,10
CTGGGTAGGCAGTTAA-1_V13B23-285_A1,10
CTGGGTTGAGTTAAAG-1_V13B23-285_A1,10
CTGGTAAAGACTTACA-1_V13B23-285_A1,11
CTGGTAAAGTGTGGGC-1_V13B23-285_A1,7
CTGGTAACACATAGAA-1_V13B23-285_A1,10
CTGGTAACGAGCTCTT-1_V13B23-285_A1,5
CTGGTCATTCCAATCC-1_V13B23-285_A1,10
CTGGTCCTAACTTGGC-1_V13B23-285_A1,9
CTGGTTCAACGCATCA-1_V13B23-285_A1,13
CTGGTTCGCGAGCTAC-1_V13B23-285_A1,5
CTGGTTTCGAGCAAGA-1_V13B23-285_A1,5
CTGTACTTCTTAGCAT-1_V13B23-285_A1,10
CTGTAGCCATCTCACT-1_V13B23-285_A1,10
CTGTATGGTGTAGAAA-1_V13B23-285_A1,13
CTGTCAAATGGCTCGG-1_V13B23-285_A1,6
CTGTGCAGGGTAGGTC-1_V13B23-285_A1,10
CTGTGGTCGGGAGATA-1_V13B23-285_A1,3
CTGTTACCCAATCTAG-1_V13B23-285_A1,10
CTGTTCACTGCCTGTG-1_V13B23-285_A1,10
CTGTTCATCTCACGGG-1_V13B23-285_A1,10
CTGTTGGCTCTTCTGA-1_V13B23-285_A1,10
CTTAAATAAGACCCAT-1_V13B23-285_A1,10
CTTAACTTACAGTATA-1_V13B23-285_A1,7
CTTAACTTCGAAGTAC-1_V13B23-285_A1,7
CTTAAGCAGCGAGCCG-1_V13B23-285_A1,10
CTTACACGGTATTCCA-1_V13B23-285_A1,10
CTTACACTGGGAAATA-1_V13B23-285_A1,13
CTTAGCCCGGATAGTG-1_V13B23-285_A1,10
CTTAGCCTTCCACATG-1_V13B23-285_A1,6
CTTAGTAGGCCTACAG-1_V13B23-285_A1,1
CTTAGTGTAGTAGCAT-1_V13B23-285_A1,7
CTTATAGATGGCTGTT-1_V13B23-285_A1,7
CTTATGCGCTCAGGGC-1_V13B23-285_A1,10
CTTATGTTGACTACCA-1_V13B23-285_A1,13
CTTCAACTCCACTTGG-1_V13B23-285_A1,7
CTTCAGTGGTCGCCTA-1_V13B23-285_A1,10
CTTCATAGCTCAAGAA-1_V13B23-285_A1,1
CTTCATTGTCAGTGGA-1_V13B23-285_A1,10
CTTCCGCTCCGTGAAG-1_V13B23-285_A1,10
CTTCGATTGCGCAAGC-1_V13B23-285_A1,7
CTTCGGCCAATTGTTT-1_V13B23-285_A1,5
CTTCGTAGATAGGTGA-1_V13B23-285_A1,10
CTTCGTGCCCGCATCG-1_V13B23-285_A1,2
CTTCTATGTTGAAGTA-1_V13B23-285_A1,10
CTTCTATTAATGCTAG-1_V13B23-285_A1,10
CTTCTTACGTCGTATA-1_V13B23-285_A1,13
CTTGACCCGAAAGATA-1_V13B23-285_A1,13
CTTGAGGTTATCCCGA-1_V13B23-285_A1,13
CTTGAGTTAGGGTAAT-1_V13B23-285_A1,5
CTTGATGACCATCCAG-1_V13B23-285_A1,13
CTTGCAACCGCCTCCT-1_V13B23-285_A1,10
CTTGCCCACCCACGCA-1_V13B23-285_A1,3
CTTGCCCAGGCTCTAC-1_V13B23-285_A1,10
CTTGGCCAAGCTGGGA-1_V13B23-285_A1,10
CTTGTACTTGTTGACT-1_V13B23-285_A1,10
CTTGTCAACATTCGAG-1_V13B23-285_A1,10
CTTGTCGTACGTGTCA-1_V13B23-285_A1,13
CTTGTGAGGACAGCGG-1_V13B23-285_A1,13
CTTGTGAGTCTTTGAC-1_V13B23-285_A1,13
CTTGTGCTCACCGATT-1_V13B23-285_A1,8
CTTGTTGCTGAGTCAA-1_V13B23-285_A1,10
CTTGTTTATGTAGCCA-1_V13B23-285_A1,13
CTTTAACTTTCAAAGG-1_V13B23-285_A1,10
CTTTAATATTGGTCGA-1_V13B23-285_A1,5
CTTTACCGAATAGTAG-1_V13B23-285_A1,5
CTTTAGGAACACTGTT-1_V13B23-285_A1,10
CTTTAGTGCTATTATT-1_V13B23-285_A1,10
CTTTCTGTGCGGGCTT-1_V13B23-285_A1,5
CTTTGACGTCGCTTCT-1_V13B23-285_A1,10
CTTTGCATCGCTCTTG-1_V13B23-285_A1,3
CTTTGCTGTCATGGAT-1_V13B23-285_A1,5
CTTTGGCGCTTTATAC-1_V13B23-285_A1,10
CTTTGGCTTTAGTAAA-1_V13B23-285_A1,10
CTTTGGGATTGTTGCA-1_V13B23-285_A1,1
CTTTGTCGAATGCTCC-1_V13B23-285_A1,1
GAAACAGATGACCACC-1_V13B23-285_A1,5
GAAACAGCCATGCAGT-1_V13B23-285_A1,11
GAAACATAGGAAACAG-1_V13B23-285_A1,5
GAAACCATGGTGCGCT-1_V13B23-285_A1,7
GAAACCGAATTACCTT-1_V13B23-285_A1,10
GAAACCTATACAAATG-1_V13B23-285_A1,1
GAAACTCGTGCGATGC-1_V13B23-285_A1,10
GAAACTCTAATGAAGG-1_V13B23-285_A1,8
GAAAGAACAGCGTTAT-1_V13B23-285_A1,5
GAAAGCAGTGCACTTT-1_V13B23-285_A1,10
GAAAGCCCTTTGGACC-1_V13B23-285_A1,10
GAAAGTGACTAACTGC-1_V13B23-285_A1,10
GAAATACTAAACGTTT-1_V13B23-285_A1,4
GAAATATCACCATCAG-1_V13B23-285_A1,10
GAAATCGCGCGCAACT-1_V13B23-285_A1,10
GAAATCTGACCAAGTT-1_V13B23-285_A1,10
GAAATGGCGGTGTTAG-1_V13B23-285_A1,10
GAAATGGGATGTAAAC-1_V13B23-285_A1,13
GAAATTAGCACGGATA-1_V13B23-285_A1,5
GAAATTCACATCGCTG-1_V13B23-285_A1,13
GAAATTGTCTCTATAA-1_V13B23-285_A1,10
GAACAACTGGGATGAA-1_V13B23-285_A1,7
GAACACACATCAACCA-1_V13B23-285_A1,10
GAACAGATTACTAAAT-1_V13B23-285_A1,7
GAACCATCTGGGAGAC-1_V13B23-285_A1,8
GAACCCTCTGTGTTCT-1_V13B23-285_A1,10
GAACCTCGACCTACAC-1_V13B23-285_A1,10
GAACCTTTAACGATCC-1_V13B23-285_A1,7
GAACGACCGAATGATA-1_V13B23-285_A1,10
GAACGATAAGTTAAAG-1_V13B23-285_A1,8
GAACGCGGGTCACACG-1_V13B23-285_A1,5
GAACGTCTCATGGTCG-1_V13B23-285_A1,3
GAACGTTAGGAAGACG-1_V13B23-285_A1,10
GAACTGTGGAGAGACA-1_V13B23-285_A1,1
GAAGAAACGATATTGT-1_V13B23-285_A1,10
GAAGAACGGTGCAGGT-1_V13B23-285_A1,13
GAAGCAAGGCAATGTT-1_V13B23-285_A1,13
GAAGCCACTGATTATG-1_V13B23-285_A1,1
GAAGCCGGGTAAGCTC-1_V13B23-285_A1,10
GAAGCCTGCACATTCC-1_V13B23-285_A1,10
GAAGCGTGAGGAATTT-1_V13B23-285_A1,10
GAAGCTCGGACCCGTC-1_V13B23-285_A1,10
GAAGCTCTTTGCTTAG-1_V13B23-285_A1,13
GAAGCTTGCTGACCGC-1_V13B23-285_A1,10
GAAGGACTAAATTGAA-1_V13B23-285_A1,11
GAAGGAGTCGAGTGCG-1_V13B23-285_A1,1
GAAGGCTACCATTGTT-1_V13B23-285_A1,8
GAAGGGCATAACCATG-1_V13B23-285_A1,13
GAAGTCAGTTGCACTA-1_V13B23-285_A1,10
GAAGTCTCCCTAGCGA-1_V13B23-285_A1,5
GAAGTGATTTATCGTG-1_V13B23-285_A1,10
GAAGTGCTGGATAGCT-1_V13B23-285_A1,13
GAAGTTTCCACTCAAT-1_V13B23-285_A1,10
GAATAGACGCGACCCA-1_V13B23-285_A1,5
GAATAGCATTTAGGGT-1_V13B23-285_A1,5
GAATAGTGCTCGATTA-1_V13B23-285_A1,10
GAATATTCGGAGTCCC-1_V13B23-285_A1,12
GAATCGACATGGTCAC-1_V13B23-285_A1,10
GAATCGCCGGACACGG-1_V13B23-285_A1,13
GAATCTGAACATTCTC-1_V13B23-285_A1,10
GAATGCCGAAATGACC-1_V13B23-285_A1,7
GAATGCGAATCGGTTC-1_V13B23-285_A1,5
GAATGGGCTTATCGAC-1_V13B23-285_A1,10
GAATGTATGGCAGGTC-1_V13B23-285_A1,7
GAATGTGGTCCGGATT-1_V13B23-285_A1,10
GAATGTTGGGTAATCT-1_V13B23-285_A1,10
GAATTATAGTGAAAGG-1_V13B23-285_A1,10
GAATTCACCCGGGTGT-1_V13B23-285_A1,10
GAATTTCTCGCTGCAG-1_V13B23-285_A1,10
GACAAACATATGCAGG-1_V13B23-285_A1,7
GACAACGACCATTGAA-1_V13B23-285_A1,10
GACAACGCAGCTTACG-1_V13B23-285_A1,10
GACAAGAGATGAGATT-1_V13B23-285_A1,7
GACACAAGGGAAGAAA-1_V13B23-285_A1,1
GACACGAGTTAGAGGA-1_V13B23-285_A1,2
GACACTGAGTTCAGTG-1_V13B23-285_A1,10
GACACTGGAACCCGAT-1_V13B23-285_A1,3
GACACTTCCAATTACC-1_V13B23-285_A1,3
GACAGATTTCTGGCTC-1_V13B23-285_A1,10
GACAGCCAGACCTGAC-1_V13B23-285_A1,10
GACAGGCACACACTAT-1_V13B23-285_A1,10
GACATACTGTCGCAGA-1_V13B23-285_A1,10
GACATCCGTCGAACTG-1_V13B23-285_A1,3
GACATCGATTTATAAC-1_V13B23-285_A1,10
GACCAAACGTTGACTG-1_V13B23-285_A1,3
GACCACACTTCCCTTT-1_V13B23-285_A1,1
GACCAGAGCCCTGTAG-1_V13B23-285_A1,10
GACCCAATTATGATAC-1_V13B23-285_A1,10
GACCCGTCGCCGGCTA-1_V13B23-285_A1,13
GACCGACGTGAAAGCA-1_V13B23-285_A1,5
GACCGACTGAAGCGTC-1_V13B23-285_A1,10
GACCGCGTCTGACGTG-1_V13B23-285_A1,7
GACCGTCAGGTCGTGA-1_V13B23-285_A1,11
GACCGTGCTGACGGTG-1_V13B23-285_A1,10
GACCGTTACATGCGAC-1_V13B23-285_A1,10
GACCTTCCACGTCTAC-1_V13B23-285_A1,7
GACGACGATCCGCGTT-1_V13B23-285_A1,10
GACGAGGCTAATAAAC-1_V13B23-285_A1,5
GACGCCGTAAAGGCTA-1_V13B23-285_A1,10
GACGCCTGTTGCAGGG-1_V13B23-285_A1,13
GACGCTTGCTTCTAAA-1_V13B23-285_A1,10
GACGGACCGCGTTCCT-1_V13B23-285_A1,2
GACGGGATGTCTTATG-1_V13B23-285_A1,2
GACGGGTTGGCCCGTA-1_V13B23-285_A1,1
GACGGTCAATAGAAGC-1_V13B23-285_A1,5
GACGGTCCTAGGGTGT-1_V13B23-285_A1,5
GACGTGAGACTCCATG-1_V13B23-285_A1,13
GACGTGTAGGGATTAT-1_V13B23-285_A1,10
GACGTTCGTAAATACA-1_V13B23-285_A1,8
GACTAAGATCATGCAC-1_V13B23-285_A1,10
GACTAAGTAGGCTCAC-1_V13B23-285_A1,10
GACTACAAAGCGGTGG-1_V13B23-285_A1,10
GACTACAATTGCTCGT-1_V13B23-285_A1,9
GACTAGGCCGTTAGGT-1_V13B23-285_A1,1
GACTCACCCACGTGAG-1_V13B23-285_A1,5
GACTCCCAGAATAAGG-1_V13B23-285_A1,8
GACTCCTTCCAATTGA-1_V13B23-285_A1,5
GACTCGCGGGAATGAC-1_V13B23-285_A1,5
GACTGCAAATCGAGCT-1_V13B23-285_A1,11
GACTGCACCAGCCCAG-1_V13B23-285_A1,10
GACTGCGGCACGTGTA-1_V13B23-285_A1,10
GAGAACGGTTCTGACT-1_V13B23-285_A1,7
GAGAATCTCACGATCA-1_V13B23-285_A1,10
GAGACTGATGGGTAGA-1_V13B23-285_A1,10
GAGACTTCGCGACCGA-1_V13B23-285_A1,10
GAGAGCGCAGTCCCTG-1_V13B23-285_A1,10
GAGAGGCCTATGTGTA-1_V13B23-285_A1,7
GAGAGGGCGCGAGGTT-1_V13B23-285_A1,10
GAGAGGTGCATTCTGG-1_V13B23-285_A1,10
GAGATCTGCTTGGCAT-1_V13B23-285_A1,10
GAGATCTGTCACTCCG-1_V13B23-285_A1,1
GAGATCTTCCATGACA-1_V13B23-285_A1,5
GAGATGACAATCCTTA-1_V13B23-285_A1,7
GAGATGGCTTTAATCA-1_V13B23-285_A1,1
GAGATGGGAGTCGACA-1_V13B23-285_A1,1
GAGCACCTGTGTCCAG-1_V13B23-285_A1,7
GAGCACGGCGCCTCTT-1_V13B23-285_A1,5
GAGCATCAACAACTTG-1_V13B23-285_A1,11
GAGCATCATCCCTGGG-1_V13B23-285_A1,13
GAGCCACGGTAGTAGG-1_V13B23-285_A1,8
GAGCCAGCTACCTGTG-1_V13B23-285_A1,7
GAGCGAGGGAGTACCG-1_V13B23-285_A1,13
GAGCGCAAATACTCCG-1_V13B23-285_A1,5
GAGCGCGCACGAGTAG-1_V13B23-285_A1,7
GAGCGCTGTTAGGTAA-1_V13B23-285_A1,1
GAGCTAAGGGCATATC-1_V13B23-285_A1,1
GAGCTCTCGGACCTAA-1_V13B23-285_A1,13
GAGCTGTCGTCTCGGA-1_V13B23-285_A1,9
GAGGAATGGAGAGGTT-1_V13B23-285_A1,10
GAGGAGATCCTCATGC-1_V13B23-285_A1,7
GAGGAGTAATTCCTAC-1_V13B23-285_A1,14
GAGGATAAACAGTGCT-1_V13B23-285_A1,5
GAGGCCCGACTCCGCA-1_V13B23-285_A1,10
GAGGCCTGTTGATACA-1_V13B23-285_A1,7
GAGGCTATCAAAGTCG-1_V13B23-285_A1,10
GAGGGAGTCAGATCGC-1_V13B23-285_A1,1
GAGGGCATCGCGTATC-1_V13B23-285_A1,13
GAGGGCGCAGCTCTGC-1_V13B23-285_A1,8
GAGGGTAGTAACAAAG-1_V13B23-285_A1,1
GAGGTACATCCATCTT-1_V13B23-285_A1,2
GAGGTACGCGTGTCCC-1_V13B23-285_A1,1
GAGGTCCCAAAGATCT-1_V13B23-285_A1,13
GAGTAAACCGGAAAGT-1_V13B23-285_A1,7
GAGTAAGGCCACGGGA-1_V13B23-285_A1,10
GAGTACGGGTATACAA-1_V13B23-285_A1,13
GAGTAGATACTAGTTG-1_V13B23-285_A1,10
GAGTATCAAAGTTACA-1_V13B23-285_A1,7
GAGTATGCCCGCCTTG-1_V13B23-285_A1,10
GAGTATGCGCGTGCAT-1_V13B23-285_A1,3
GAGTCAGACCAGAATC-1_V13B23-285_A1,10
GAGTCCGCTTACCGGA-1_V13B23-285_A1,10
GAGTCGACAGACCCTC-1_V13B23-285_A1,10
GAGTCTTGTAAAGGAC-1_V13B23-285_A1,10
GAGTGTCAACCAGAAA-1_V13B23-285_A1,1
GAGTGTGCGGTACCCA-1_V13B23-285_A1,10
GAGTTCTGTGGGTGCT-1_V13B23-285_A1,10
GAGTTGATGGCAATTT-1_V13B23-285_A1,10
GATAAATCGGTGGATG-1_V13B23-285_A1,13
GATAACTCGCACTGTG-1_V13B23-285_A1,5
GATAAGGCAGATGCAA-1_V13B23-285_A1,13
GATACCGTGTCGGAGT-1_V13B23-285_A1,5
GATACGATGGGAGTCA-1_V13B23-285_A1,10
GATAGCGTACCACGCG-1_V13B23-285_A1,8
GATAGGATTAATTACA-1_V13B23-285_A1,5
GATAGGTAACGTTGAC-1_V13B23-285_A1,10
GATAGGTGTCCCGGGC-1_V13B23-285_A1,5
GATATCAAGCAGGAGC-1_V13B23-285_A1,10
GATATCAGTATGTATC-1_V13B23-285_A1,13
GATATCTCATGCAATA-1_V13B23-285_A1,3
GATATGAGACACTAAC-1_V13B23-285_A1,10
GATATGCGGTAGCCAA-1_V13B23-285_A1,1
GATATGGATTACGCGG-1_V13B23-285_A1,10
GATATTGAGATTGGCG-1_V13B23-285_A1,1
GATATTTCCTACATGG-1_V13B23-285_A1,1
GATCAACATAAAGGGA-1_V13B23-285_A1,10
GATCATTCCAAACATT-1_V13B23-285_A1,10
GATCCCTTTATACTGC-1_V13B23-285_A1,10
GATCCGAATATAAGTG-1_V13B23-285_A1,5
GATCCGGGAATTAACA-1_V13B23-285_A1,10
GATCCTAAATCGGGAC-1_V13B23-285_A1,8
GATCCTCGACACTGGC-1_V13B23-285_A1,10
GATCGACACTATCTGA-1_V13B23-285_A1,5
GATCGCGGGCTCTCCA-1_V13B23-285_A1,6
GATCGCTACCCGATTT-1_V13B23-285_A1,7
GATCGCTATATCTCAG-1_V13B23-285_A1,1
GATCGGATAGAACCAT-1_V13B23-285_A1,10
GATCGGCGATAAGTCG-1_V13B23-285_A1,5
GATCGGTGGCCATAAC-1_V13B23-285_A1,11
GATCGTGACTGATATC-1_V13B23-285_A1,10
GATCTAACCGTATTCA-1_V13B23-285_A1,10
GATCTCGACGCTGTGG-1_V13B23-285_A1,7
GATCTGCTATCTAAGG-1_V13B23-285_A1,1
GATCTTCATTGTCCTC-1_V13B23-285_A1,10
GATCTTGGAGGGCATA-1_V13B23-285_A1,10
GATCTTTGCAGGGTAT-1_V13B23-285_A1,10
GATGACAAGTAGGGCA-1_V13B23-285_A1,1
GATGAGGAACCTTCGG-1_V13B23-285_A1,1
GATGATTTGAAACTGG-1_V13B23-285_A1,13
GATGCCACACTACAGC-1_V13B23-285_A1,13
GATGCCAGCAGAAGGC-1_V13B23-285_A1,10
GATGCCTTCTGCGGCA-1_V13B23-285_A1,5
GATGCGAATGGTATTA-1_V13B23-285_A1,10
GATGCGTCCTGCATTC-1_V13B23-285_A1,10
GATGCTACAAGCGCCT-1_V13B23-285_A1,1
GATGCTACCTTCGATG-1_V13B23-285_A1,1
GATGCTGTATTTCATC-1_V13B23-285_A1,10
GATGGCGCACACATTA-1_V13B23-285_A1,13
GATGTAACGAACCACC-1_V13B23-285_A1,10
GATGTCCGGATCACAT-1_V13B23-285_A1,13
GATGTCGGTCAACTGC-1_V13B23-285_A1,9
GATGTTCAATCCACGA-1_V13B23-285_A1,6
GATGTTTGTGCGAGAT-1_V13B23-285_A1,13
GATTAACCGAAAGCCC-1_V13B23-285_A1,7
GATTAATCCTGGCTCA-1_V13B23-285_A1,13
GATTACTGAATTTGGG-1_V13B23-285_A1,10
GATTCCCTTGTCGCAG-1_V13B23-285_A1,10
GATTCCGCGTTTCCGT-1_V13B23-285_A1,14
GATTCCTATACGGCGC-1_V13B23-285_A1,10
GATTCGACGGTTCACG-1_V13B23-285_A1,10
GATTGACACTCTGCTC-1_V13B23-285_A1,9
GATTGCTCCAGTTGCA-1_V13B23-285_A1,3
GATTGGGAAAGGTTGT-1_V13B23-285_A1,1
GCAAACCCTACATTAT-1_V13B23-285_A1,10
GCAAACCTTGGCCATA-1_V13B23-285_A1,1
GCAAACGTCGCCAGGT-1_V13B23-285_A1,5
GCAAATATTACGCTTT-1_V13B23-285_A1,10
GCAAATGAGGACACTT-1_V13B23-285_A1,10
GCAACACACTAGAACT-1_V13B23-285_A1,10
GCAACAGCAGTATGCG-1_V13B23-285_A1,5
GCAACCACCAGACCGG-1_V13B23-285_A1,8
GCAACCACGGCCGCGT-1_V13B23-285_A1,10
GCAACCCAAGTTGTTT-1_V13B23-285_A1,10
GCAACGGCTAGTTATG-1_V13B23-285_A1,5
GCAAGAATTCCTTGGC-1_V13B23-285_A1,10
GCAAGCTGGAAACCGC-1_V13B23-285_A1,1
GCAAGTGCACAGAGAA-1_V13B23-285_A1,10
GCAAGTGTAAAGCATG-1_V13B23-285_A1,1
GCAATTAGTCGCACCG-1_V13B23-285_A1,5
GCACAAACGAGGCGTG-1_V13B23-285_A1,5
GCACAACCTCGGGCGT-1_V13B23-285_A1,8
GCACAAGTGGATCATA-1_V13B23-285_A1,10
GCACAAGTGTCGGAAG-1_V13B23-285_A1,2
GCACACACTGGTAGCC-1_V13B23-285_A1,1
GCACACGCCCATGGTC-1_V13B23-285_A1,10
GCACGCCTACTTAGAT-1_V13B23-285_A1,10
GCACGTGGTTTACTTA-1_V13B23-285_A1,7
GCACTAGTCGCGCTAT-1_V13B23-285_A1,13
GCACTCCCACAGTCCC-1_V13B23-285_A1,13
GCACTGCCTACCTTTA-1_V13B23-285_A1,1
GCACTGTGCAAATGTA-1_V13B23-285_A1,13
GCAGAAGGTAATCTCC-1_V13B23-285_A1,7
GCAGACCCAGCACGTA-1_V13B23-285_A1,5
GCAGATCCATAAGACT-1_V13B23-285_A1,5
GCAGATCCTCGCAAAT-1_V13B23-285_A1,10
GCAGATTAGGGATATC-1_V13B23-285_A1,10
GCAGCACACAGCCCAG-1_V13B23-285_A1,10
GCAGCCTATATCACAT-1_V13B23-285_A1,5
GCAGCGGTGGGCATTA-1_V13B23-285_A1,13
GCAGGAACTTAGATCT-1_V13B23-285_A1,10
GCAGGACTATAGAATA-1_V13B23-285_A1,10
GCAGGTAGAGTATGGT-1_V13B23-285_A1,13
GCAGTGTGGCTATAGG-1_V13B23-285_A1,7
GCAGTTCGATCCGAGC-1_V13B23-285_A1,5
GCATACGAGGTCTTTA-1_V13B23-285_A1,10
GCATAGAGCACTCAGG-1_V13B23-285_A1,10
GCATCCCTAACTTTGA-1_V13B23-285_A1,13
GCATCGGCCGTGTAGG-1_V13B23-285_A1,7
GCATGAGGGACGCGGC-1_V13B23-285_A1,3
GCATGCTAATAACGAT-1_V13B23-285_A1,7
GCATGGGTACTGACGC-1_V13B23-285_A1,10
GCATTCAAGGCAACGC-1_V13B23-285_A1,7
GCATTCGAAATGAACA-1_V13B23-285_A1,11
GCATTGACTTGCGGAA-1_V13B23-285_A1,10
GCATTGTAATTCATAT-1_V13B23-285_A1,10
GCATTTCCAAGGCTCC-1_V13B23-285_A1,5
GCCAACCATTTCCGGA-1_V13B23-285_A1,8
GCCAAGAATACTTCTG-1_V13B23-285_A1,10
GCCAATAGGGCATCTC-1_V13B23-285_A1,3
GCCACAATTTAAGGAC-1_V13B23-285_A1,10
GCCACTCAGAGCGCGA-1_V13B23-285_A1,7
GCCACTCCTTACGGTA-1_V13B23-285_A1,7
GCCAGGAGTAACCGAT-1_V13B23-285_A1,1
GCCAGGCTTAGTGGTA-1_V13B23-285_A1,2
GCCATATTGCACACAG-1_V13B23-285_A1,8
GCCATCGAGCTGCGTG-1_V13B23-285_A1,10
GCCATCGATGCTGCAT-1_V13B23-285_A1,5
GCCATTAGCCTCAAAC-1_V13B23-285_A1,10
GCCCACCAAGGCTGTC-1_V13B23-285_A1,13
GCCCAGATGCTGGAGA-1_V13B23-285_A1,5
GCCCAGTTGGTATGCC-1_V13B23-285_A1,10
GCCCGACTTCTTCCCG-1_V13B23-285_A1,10
GCCCGAGAGTCTAAAT-1_V13B23-285_A1,10
GCCCGATCTGTGGTCG-1_V13B23-285_A1,10
GCCCGCGCGTAAACGG-1_V13B23-285_A1,10
GCCCGCGCGTTTGACA-1_V13B23-285_A1,1
GCCCGTAATACCTTCT-1_V13B23-285_A1,10
GCCCTAGCCGTCGCGA-1_V13B23-285_A1,10
GCCGAAATTCCTACGT-1_V13B23-285_A1,10
GCCGACCCACGACTGC-1_V13B23-285_A1,1
GCCGATTGGCCAAGCT-1_V13B23-285_A1,10
GCCGCACTCCGTTTCA-1_V13B23-285_A1,5
GCCGCATTAGTCCGGC-1_V13B23-285_A1,10
GCCGCTTGTGAGAAAC-1_V13B23-285_A1,10
GCCGGAAACACATCTT-1_V13B23-285_A1,8
GCCGGGTTAGGGTCGC-1_V13B23-285_A1,10
GCCGGTTTGGGCGGAT-1_V13B23-285_A1,13
GCCGTGGAAGAAATGT-1_V13B23-285_A1,5
GCCTACGTTCTGTGCA-1_V13B23-285_A1,1
GCCTAGCGATCTGACC-1_V13B23-285_A1,1
GCCTATAGTGTCAGGG-1_V13B23-285_A1,1
GCCTATTCCGATATAG-1_V13B23-285_A1,10
GCCTATTTGCTACACA-1_V13B23-285_A1,7
GCCTCATCTGGAAATA-1_V13B23-285_A1,11
GCCTCCGACAATTCAC-1_V13B23-285_A1,3
GCCTCTATACATAGCA-1_V13B23-285_A1,1
GCCTTCAGCCCTACCG-1_V13B23-285_A1,13
GCCTTGTATATGCAGT-1_V13B23-285_A1,13
GCGAAACGATCGGGAG-1_V13B23-285_A1,5
GCGAAACTTAACTGGA-1_V13B23-285_A1,10
GCGAAGAATCTGACGG-1_V13B23-285_A1,7
GCGAAGCCATACCCGT-1_V13B23-285_A1,10
GCGACATGTAAACATC-1_V13B23-285_A1,5
GCGACCCAACCATCTG-1_V13B23-285_A1,1
GCGACGATAGTTGTAC-1_V13B23-285_A1,10
GCGAGAAACGGGAGTT-1_V13B23-285_A1,13
GCGAGAGGCCATGTAA-1_V13B23-285_A1,8
GCGAGAGTTGCGTCCA-1_V13B23-285_A1,5
GCGAGCGCATGCTCCC-1_V13B23-285_A1,5
GCGAGGCCCGAGCAGA-1_V13B23-285_A1,10
GCGAGTTCTGCAAAGA-1_V13B23-285_A1,10
GCGATGTCTGTGCTTG-1_V13B23-285_A1,10
GCGATTCTGGAAGCAG-1_V13B23-285_A1,4
GCGATTGTTAACGTTA-1_V13B23-285_A1,10
GCGCAAATATATTCAA-1_V13B23-285_A1,10
GCGCAAGAGCGCGCTG-1_V13B23-285_A1,7
GCGCATCCAGTCAGCA-1_V13B23-285_A1,5
GCGCCGTTCCACGATA-1_V13B23-285_A1,10
GCGCCTCCCACTCCGA-1_V13B23-285_A1,5
GCGCGATGGGTCAAGT-1_V13B23-285_A1,13
GCGCGGTCTAGTAACT-1_V13B23-285_A1,1
GCGCGTCATTGGTACA-1_V13B23-285_A1,7
GCGCTAATTGAATAGA-1_V13B23-285_A1,10
GCGCTATGCCGAGGCA-1_V13B23-285_A1,10
GCGCTCGATCACCTGT-1_V13B23-285_A1,5
GCGCTGATCCAGACTC-1_V13B23-285_A1,1
GCGCTGCTTTGCATTT-1_V13B23-285_A1,5
GCGCTTAAATAATTGG-1_V13B23-285_A1,5
GCGGACCGCGTTGTGG-1_V13B23-285_A1,10
GCGGAGAAACTTCGCA-1_V13B23-285_A1,1
GCGGAGAGGGAGAACG-1_V13B23-285_A1,10
GCGGATTACTTGTTCT-1_V13B23-285_A1,11
GCGGCAAAGTATTGCC-1_V13B23-285_A1,1
GCGGCTCTGACGTACC-1_V13B23-285_A1,10
GCGGCTTTAGCAAGTT-1_V13B23-285_A1,1
GCGGGAACCAGGCCCT-1_V13B23-285_A1,10
GCGGGCATTACGATGC-1_V13B23-285_A1,5
GCGGGCGAGCCTTACC-1_V13B23-285_A1,10
GCGGTAACCCAAATGA-1_V13B23-285_A1,13
GCGGTCCCTAGACGCA-1_V13B23-285_A1,13
GCGGTGAACTGCGCTC-1_V13B23-285_A1,13
GCGGTGCGGAGCATCG-1_V13B23-285_A1,10
GCGGTTCCCTATCATG-1_V13B23-285_A1,10
GCGTAAATGGCCATAA-1_V13B23-285_A1,5
GCGTCCAGCTCGTGGC-1_V13B23-285_A1,13
GCGTCCCTAAGACATA-1_V13B23-285_A1,1
GCGTCGAAATGTCGGT-1_V13B23-285_A1,10
GCGTCGCCAGGGTGAT-1_V13B23-285_A1,10
GCGTCTAACCTCCTAA-1_V13B23-285_A1,5
GCGTCTCTGCATTGGG-1_V13B23-285_A1,10
GCGTGGTACTGGGTTA-1_V13B23-285_A1,1
GCGTGTATGTCGTATT-1_V13B23-285_A1,2
GCGTTATATTTGGAAC-1_V13B23-285_A1,10
GCGTTCGGAGACCGGG-1_V13B23-285_A1,14
GCTAAACCTGAGGTGA-1_V13B23-285_A1,10
GCTAACTGAAGTCTGA-1_V13B23-285_A1,1
GCTAAGTAAAGGCGAT-1_V13B23-285_A1,10
GCTAAGTAGTTTCTCT-1_V13B23-285_A1,10
GCTAATACCGAATGCC-1_V13B23-285_A1,10
GCTACAATCGAGGATA-1_V13B23-285_A1,7
GCTACACTGTCCGAAC-1_V13B23-285_A1,2
GCTACAGTACGGACCG-1_V13B23-285_A1,10
GCTACGACTTATTGGG-1_V13B23-285_A1,10
GCTACTATAGTAGAGT-1_V13B23-285_A1,7
GCTAGACCGTCTACTG-1_V13B23-285_A1,7
GCTAGAGTAGAGATGT-1_V13B23-285_A1,7
GCTAGCACCTGGGCCA-1_V13B23-285_A1,5
GCTAGCTTGAATAGCT-1_V13B23-285_A1,10
GCTAGGCACCACGGAG-1_V13B23-285_A1,3
GCTAGTAGAGCTTGTA-1_V13B23-285_A1,10
GCTAGTTTCATTGAGG-1_V13B23-285_A1,13
GCTATACGTCTCGGAC-1_V13B23-285_A1,7
GCTATCATACTCATGG-1_V13B23-285_A1,7
GCTATCGCGGCGCAAC-1_V13B23-285_A1,7
GCTATGCCAGCTTATG-1_V13B23-285_A1,10
GCTCAACCTCTTAGAG-1_V13B23-285_A1,10
GCTCAATCCGTTTATT-1_V13B23-285_A1,10
GCTCAATGTAATACCG-1_V13B23-285_A1,10
GCTCATTACTGCATGT-1_V13B23-285_A1,9
GCTCCATGCAAAGCAA-1_V13B23-285_A1,1
GCTCCCAGTCGGTCCA-1_V13B23-285_A1,5
GCTCCGCTCGCTTCAG-1_V13B23-285_A1,5
GCTCCTGACATACTGG-1_V13B23-285_A1,1
GCTCGCGGTTCCGCTC-1_V13B23-285_A1,10
GCTCGCTCATGTCCAA-1_V13B23-285_A1,3
GCTCGGAATTTAAAGC-1_V13B23-285_A1,6
GCTCTAAACCCTGACG-1_V13B23-285_A1,10
GCTCTATGTTACGTGC-1_V13B23-285_A1,10
GCTCTCGGGTACCGAA-1_V13B23-285_A1,10
GCTCTTTCCGCTAGTG-1_V13B23-285_A1,1
GCTGAACTCTCCAGGG-1_V13B23-285_A1,5
GCTGAATCTTCCAATC-1_V13B23-285_A1,10
GCTGAGCAACGGTTCT-1_V13B23-285_A1,10
GCTGAGGCGTGAGTAT-1_V13B23-285_A1,10
GCTGCACGGTTTCTTA-1_V13B23-285_A1,10
GCTGCGCCTCCCACGT-1_V13B23-285_A1,10
GCTGCTAAGTAGTCGA-1_V13B23-285_A1,10
GCTGCTACTGCGTAGC-1_V13B23-285_A1,1
GCTGCTCTCCGGACAC-1_V13B23-285_A1,10
GCTGGCAGGTGCCGTG-1_V13B23-285_A1,10
GCTGGCATATTCACCT-1_V13B23-285_A1,10
GCTGGCGGCGCATGCT-1_V13B23-285_A1,11
GCTGGGTCCGCTGTTA-1_V13B23-285_A1,2
GCTGGTTTAGGCCATA-1_V13B23-285_A1,10
GCTGTATTACTGGCCC-1_V13B23-285_A1,10
GCTGTTGCTACCGAAC-1_V13B23-285_A1,1
GCTTAATGTAACTAAC-1_V13B23-285_A1,10
GCTTACGTAGTTAGTA-1_V13B23-285_A1,5
GCTTATGAAGCAGGAA-1_V13B23-285_A1,1
GCTTCCAGCTTAGATT-1_V13B23-285_A1,13
GCTTCCGTCCCTAGAC-1_V13B23-285_A1,7
GCTTGAGTGACCTCTG-1_V13B23-285_A1,1
GCTTGATGATAATCAG-1_V13B23-285_A1,10
GCTTGGATCGATTAGG-1_V13B23-285_A1,5
GCTTTACACAACTGGG-1_V13B23-285_A1,7
GCTTTCAGAGGAGGTG-1_V13B23-285_A1,1
GGAAACCTTGTTGAAT-1_V13B23-285_A1,4
GGAAACTAAATGGGCC-1_V13B23-285_A1,1
GGAAAGTGCCCATGCC-1_V13B23-285_A1,7
GGAACCCGAACAAGAA-1_V13B23-285_A1,10
GGAACCGTGTAAATTG-1_V13B23-285_A1,10
GGAACCTTGACTCTGC-1_V13B23-285_A1,10
GGAACGGCCTGCAGCC-1_V13B23-285_A1,10
GGAACTTTGGCGATTA-1_V13B23-285_A1,7
GGAAGCTCGCTTACAG-1_V13B23-285_A1,12
GGAATAACCTCAAGAA-1_V13B23-285_A1,12
GGAATGCGCTAGCGTG-1_V13B23-285_A1,10
GGACAACCATGAAGCC-1_V13B23-285_A1,3
GGACAAGTTGCAGTGA-1_V13B23-285_A1,10
GGACACAAGTTTACAC-1_V13B23-285_A1,5
GGACCAACAGGATAAC-1_V13B23-285_A1,10
GGACCTCTAGGCCGCC-1_V13B23-285_A1,10
GGACGGGCGACCAACC-1_V13B23-285_A1,7
GGACTAAGTCAGGAGT-1_V13B23-285_A1,10
GGACTCACAAATTAGG-1_V13B23-285_A1,5
GGACTCGTGAGTGGTC-1_V13B23-285_A1,3
GGACTCTTTGACTAAG-1_V13B23-285_A1,1
GGAGAAGTCATTGGCA-1_V13B23-285_A1,10
GGAGACCAATGTGCTT-1_V13B23-285_A1,8
GGAGACCATCTACATA-1_V13B23-285_A1,10
GGAGACGACACCTTTG-1_V13B23-285_A1,10
GGAGCAACATTTCAAG-1_V13B23-285_A1,5
GGAGCACCAAGAACTA-1_V13B23-285_A1,10
GGAGCGAGGCCTACTT-1_V13B23-285_A1,3
GGAGGATTGAAAGGAG-1_V13B23-285_A1,9
GGAGGCCGAAGTCGTC-1_V13B23-285_A1,5
GGAGGGCTTGGTTGGC-1_V13B23-285_A1,10
GGAGGGTCAAGTAAGA-1_V13B23-285_A1,7
GGAGTACACATGAGCT-1_V13B23-285_A1,13
GGAGTGCCGCCCTGGA-1_V13B23-285_A1,10
GGAGTTGATTCTGTGT-1_V13B23-285_A1,7
GGATACTCATGAATTG-1_V13B23-285_A1,13
GGATCAAAGGACGAGG-1_V13B23-285_A1,8
GGATCAGAGCCATCAG-1_V13B23-285_A1,10
GGATCATCCCGTACGC-1_V13B23-285_A1,9
GGATCCCTACCAGCTA-1_V13B23-285_A1,13
GGATCCGGAATATACT-1_V13B23-285_A1,10
GGATCTTACTGCCCTT-1_V13B23-285_A1,10
GGATCTTGACTCAACC-1_V13B23-285_A1,10
GGATGAAGATCGCTGA-1_V13B23-285_A1,3
GGATGACGCGAGTTTA-1_V13B23-285_A1,10
GGATGCTGGCGTTCCT-1_V13B23-285_A1,10
GGATGGCTTGAAGTAT-1_V13B23-285_A1,3
GGATGTCCTTACCGCA-1_V13B23-285_A1,1
GGATTAATCATGGACC-1_V13B23-285_A1,1
GGATTCAGTACGGTGG-1_V13B23-285_A1,3
GGATTCCGCTATACCC-1_V13B23-285_A1,13
GGATTGCTGTGACTCC-1_V13B23-285_A1,7
GGATTTCACTTCTATA-1_V13B23-285_A1,1
GGCAAAGGCGCCAATA-1_V13B23-285_A1,10
GGCAAATTACTTTACT-1_V13B23-285_A1,10
GGCAAGCCCATAGTGG-1_V13B23-285_A1,1
GGCAAGGCGAAATAGC-1_V13B23-285_A1,10
GGCAATAGTCAATGAG-1_V13B23-285_A1,1
GGCACTCCACTGGGCA-1_V13B23-285_A1,10
GGCACTGCGGTGGTTT-1_V13B23-285_A1,7
GGCAGAGAGATCGGGA-1_V13B23-285_A1,10
GGCAGCAAACCTATGC-1_V13B23-285_A1,5
GGCATACAGGTAGCGG-1_V13B23-285_A1,10
GGCATATCGGTTCTGC-1_V13B23-285_A1,7
GGCATCAACGAGCACG-1_V13B23-285_A1,8
GGCCACAAGCGATGGC-1_V13B23-285_A1,13
GGCCACACGAAAGCCT-1_V13B23-285_A1,10
GGCCCAGCTGGTTTGC-1_V13B23-285_A1,7
GGCCCGGAGCATGTCT-1_V13B23-285_A1,5
GGCCCGTATACCATGC-1_V13B23-285_A1,8
GGCCCTCACCCACTTA-1_V13B23-285_A1,10
GGCCGAGACTCTGGTG-1_V13B23-285_A1,1
GGCCGCAGGAACCGCA-1_V13B23-285_A1,7
GGCCGGCGTCTGCTAT-1_V13B23-285_A1,1
GGCCGTTTGGGTTTCA-1_V13B23-285_A1,10
GGCCTGCTTCTCCCGA-1_V13B23-285_A1,1
GGCCTTTGCAACTGGC-1_V13B23-285_A1,10
GGCGAAATCTAACTTG-1_V13B23-285_A1,10
GGCGAGCATCGAGGAC-1_V13B23-285_A1,9
GGCGAGCGAAACGGCA-1_V13B23-285_A1,10
GGCGCAGGACATCTTC-1_V13B23-285_A1,10
GGCGCATGAATTGATG-1_V13B23-285_A1,10
GGCGCGGAGATCTTTC-1_V13B23-285_A1,3
GGCGCGTTCGAGTTTA-1_V13B23-285_A1,10
GGCGCTCCTCATCAAT-1_V13B23-285_A1,13
GGCGCTTCATTCCCTG-1_V13B23-285_A1,7
GGCGGAGTAATATTAG-1_V13B23-285_A1,10
GGCGGTAGGATCATTG-1_V13B23-285_A1,10
GGCGGTTTGCCGGTGC-1_V13B23-285_A1,7
GGCGTACCCTATATAA-1_V13B23-285_A1,12
GGCGTAGGGAAAGCTG-1_V13B23-285_A1,1
GGCGTCCTATCCGCTG-1_V13B23-285_A1,10
GGCTAAAGGGCGGGTC-1_V13B23-285_A1,4
GGCTACTATACACTCC-1_V13B23-285_A1,1
GGCTATTAAGTTGTAT-1_V13B23-285_A1,10
GGCTCCTCCACCTGTT-1_V13B23-285_A1,10
GGCTCGCGTTGAGGTA-1_V13B23-285_A1,1
GGCTCGTGCCACCAGC-1_V13B23-285_A1,1
GGCTCTGCTCCAACGC-1_V13B23-285_A1,10
GGCTGAAATAGCAAAG-1_V13B23-285_A1,5
GGCTGGCTAGCTTAAA-1_V13B23-285_A1,13
GGCTTGGCTCTCACCT-1_V13B23-285_A1,10
GGCTTTCAATAAGGGT-1_V13B23-285_A1,10
GGGAAAGAATGCCAAC-1_V13B23-285_A1,7
GGGAACCACCTGTTTC-1_V13B23-285_A1,13
GGGAACGGGAGGTTAG-1_V13B23-285_A1,10
GGGAACGGTTTCAGAT-1_V13B23-285_A1,1
GGGAAGACGGTCTGTC-1_V13B23-285_A1,7
GGGAAGGGCTTTCTCA-1_V13B23-285_A1,1
GGGAATGAGCCCTCAC-1_V13B23-285_A1,9
GGGAATTCTGTCCAGT-1_V13B23-285_A1,10
GGGACAGAGTTACTCC-1_V13B23-285_A1,10
GGGACCCGTATATCTT-1_V13B23-285_A1,10
GGGACTGCATAGATAG-1_V13B23-285_A1,10
GGGAGAACTCACAGTA-1_V13B23-285_A1,10
GGGAGCGACCGTAGTG-1_V13B23-285_A1,7
GGGAGGATGCCCGAAA-1_V13B23-285_A1,10
GGGAGTAATGGCTGGC-1_V13B23-285_A1,13
GGGAGTTAATGAGGCG-1_V13B23-285_A1,10
GGGATACGGTAATAAT-1_V13B23-285_A1,10
GGGATGGTCGTAACCG-1_V13B23-285_A1,10
GGGATTTACCGCACCT-1_V13B23-285_A1,5
GGGCAACCGCACGTGC-1_V13B23-285_A1,10
GGGCAGACGTCACTGC-1_V13B23-285_A1,10
GGGCAGAGCAATCGTT-1_V13B23-285_A1,10
GGGCAGTCAACGCCAA-1_V13B23-285_A1,1
GGGCCCGTCTTAAACA-1_V13B23-285_A1,10
GGGCCCTACGAAAGGG-1_V13B23-285_A1,10
GGGCCCTTATCTATAC-1_V13B23-285_A1,10
GGGCCGGCCGAAGTAC-1_V13B23-285_A1,5
GGGCCTAAATGGGCTA-1_V13B23-285_A1,10
GGGCGAATTTCTCCAC-1_V13B23-285_A1,10
GGGCGATATGTGTGAA-1_V13B23-285_A1,10
GGGCGCAGCGTTACTC-1_V13B23-285_A1,5
GGGCGGCAAATGAATT-1_V13B23-285_A1,10
GGGCGGGTTCCCTACG-1_V13B23-285_A1,10
GGGCGGTCCTATTGTC-1_V13B23-285_A1,13
GGGCGTACATTTATAT-1_V13B23-285_A1,10
GGGCGTCACCACGTAA-1_V13B23-285_A1,10
GGGCGTCCACTGGCTC-1_V13B23-285_A1,7
GGGCGTGGTTTCCCAG-1_V13B23-285_A1,7
GGGCTACTATTTCGTG-1_V13B23-285_A1,10
GGGCTATGATCGATGG-1_V13B23-285_A1,10
GGGCTCATCGAACCCA-1_V13B23-285_A1,6
GGGCTGCCTAGGGCGA-1_V13B23-285_A1,10
GGGCTGGTTAGTCGCG-1_V13B23-285_A1,10
GGGTAATGCTGTGTTT-1_V13B23-285_A1,13
GGGTACACTCTGGAGG-1_V13B23-285_A1,2
GGGTACCCACGGTCCT-1_V13B23-285_A1,13
GGGTACTTCATGAACT-1_V13B23-285_A1,10
GGGTATGTATGCACTT-1_V13B23-285_A1,10
GGGTATTCTAGCAAAC-1_V13B23-285_A1,10
GGGTCACCGTGACGGT-1_V13B23-285_A1,10
GGGTCAGGAGCTAGAT-1_V13B23-285_A1,1
GGGTCATGCGTACCAT-1_V13B23-285_A1,10
GGGTCGTGGCAAGTGT-1_V13B23-285_A1,7
GGGTCTATCGCTTTCC-1_V13B23-285_A1,7
GGGTGACACCTTAACT-1_V13B23-285_A1,10
GGGTGCATATGAAAGC-1_V13B23-285_A1,7
GGGTGGTCCAGCCTGT-1_V13B23-285_A1,9
GGGTGTTTCAGCTATG-1_V13B23-285_A1,3
GGGTTAACATTTGAGT-1_V13B23-285_A1,10
GGGTTCAGACGAACAA-1_V13B23-285_A1,11
GGGTTTAGGATAGGAT-1_V13B23-285_A1,5
GGTAAACTCTGCGCTG-1_V13B23-285_A1,7
GGTAACCGGGAGGATA-1_V13B23-285_A1,1
GGTAACTATGTATCTG-1_V13B23-285_A1,13
GGTACAAACATGCTAT-1_V13B23-285_A1,10
GGTACACCAGATTTAT-1_V13B23-285_A1,8
GGTACATCTGGGACGA-1_V13B23-285_A1,10
GGTACCATTAAGACGG-1_V13B23-285_A1,3
GGTACGTTGCGGCCGG-1_V13B23-285_A1,7
GGTACTAAGTGCTTTG-1_V13B23-285_A1,7
GGTAGAAGACCGCCTG-1_V13B23-285_A1,5
GGTAGACCGTTGGGCG-1_V13B23-285_A1,10
GGTAGTGCTCGCACCA-1_V13B23-285_A1,11
GGTATAGTGACACATA-1_V13B23-285_A1,5
GGTATTGCCGAGTTTA-1_V13B23-285_A1,10
GGTCAAGACTACTTCG-1_V13B23-285_A1,5
GGTCACGTTAGATTCA-1_V13B23-285_A1,13
GGTCAGTGGGTCCCAC-1_V13B23-285_A1,10
GGTCCTTCATACGACT-1_V13B23-285_A1,7
GGTCGGATAAACGGCG-1_V13B23-285_A1,8
GGTCGGCCAGGAGCTT-1_V13B23-285_A1,10
GGTCGGTAATTAGACA-1_V13B23-285_A1,13
GGTCGGTCGTCCACAG-1_V13B23-285_A1,10
GGTCGTAAGCTCGCAC-1_V13B23-285_A1,10
GGTCTCCGTCCAGGTT-1_V13B23-285_A1,7
GGTCTCTGAATGGACT-1_V13B23-285_A1,10
GGTCTGAGAATCTGGA-1_V13B23-285_A1,5
GGTCTTGAGCGCTCTT-1_V13B23-285_A1,1
GGTGAAACCGGGAATG-1_V13B23-285_A1,1
GGTGAACGGGCTAGCC-1_V13B23-285_A1,13
GGTGAAGTACAGGGAT-1_V13B23-285_A1,10
GGTGAGATGCAGATAA-1_V13B23-285_A1,3
GGTGATAAGGAGCAGT-1_V13B23-285_A1,10
GGTGATGAAGGAAGTG-1_V13B23-285_A1,10
GGTGATTTCATCTTGT-1_V13B23-285_A1,13
GGTGCATAAATGATTA-1_V13B23-285_A1,10
GGTGCGGATAAGTGGC-1_V13B23-285_A1,13
GGTGCTGATCACAAAG-1_V13B23-285_A1,10
GGTGCTGGTACACATT-1_V13B23-285_A1,10
GGTGGACTGCTCTGGC-1_V13B23-285_A1,7
GGTGGAGGTTGATACG-1_V13B23-285_A1,5
GGTGTAAATCGATTGT-1_V13B23-285_A1,3
GGTGTTGGGCGTCTTA-1_V13B23-285_A1,7
GGTTACCACCCTCGGG-1_V13B23-285_A1,10
GGTTACCCGACACTTT-1_V13B23-285_A1,5
GGTTAGCTATATGTCT-1_V13B23-285_A1,5
GGTTAGGCTTGGAGAA-1_V13B23-285_A1,10
GGTTAGTTACGGCGCC-1_V13B23-285_A1,10
GGTTCGGATTATACTA-1_V13B23-285_A1,10
GGTTCTACTCGTCTGA-1_V13B23-285_A1,5
GGTTGTATCGTGAAAT-1_V13B23-285_A1,9
GGTTGTGCTCTTGTCC-1_V13B23-285_A1,10
GGTTGTGTAGCCTGGC-1_V13B23-285_A1,10
GGTTTAATTACCATCG-1_V13B23-285_A1,10
GGTTTAATTGAGCAGG-1_V13B23-285_A1,8
GGTTTACAATCTCAAT-1_V13B23-285_A1,10
GGTTTAGCCTTTCTTG-1_V13B23-285_A1,7
GGTTTCAATCGGTCAG-1_V13B23-285_A1,1
GGTTTGAGTGCTGGAA-1_V13B23-285_A1,13
GGTTTGTGACCTGAGG-1_V13B23-285_A1,7
GTAACATCTAAGATAA-1_V13B23-285_A1,7
GTAACTGCCCAAGGAG-1_V13B23-285_A1,1
GTAACTTGCGGCAGTC-1_V13B23-285_A1,13
GTAAGCGGGCAGTCAG-1_V13B23-285_A1,10
GTAAGTAACAGTCTGG-1_V13B23-285_A1,1
GTAAGTAGGGTATACC-1_V13B23-285_A1,10
GTAAGTCCACACTCTA-1_V13B23-285_A1,5
GTAATAAAGGGCTCCC-1_V13B23-285_A1,3
GTAATCTGATTCTTCG-1_V13B23-285_A1,10
GTACACTTACCTGAAG-1_V13B23-285_A1,11
GTACAGAGGCAAGGGT-1_V13B23-285_A1,11
GTACGACGGCGCTGCG-1_V13B23-285_A1,13
GTACGAGATTGCGACA-1_V13B23-285_A1,10
GTACGCTTCATTGCAC-1_V13B23-285_A1,10
GTACGTTTGCCCGTCA-1_V13B23-285_A1,10
GTACTAAGATTTGGAG-1_V13B23-285_A1,10
GTACTCCCTTATCGCT-1_V13B23-285_A1,10
GTACTCCTGGGTATGC-1_V13B23-285_A1,7
GTACTGAGGTCGTAAC-1_V13B23-285_A1,13
GTACTGCATGAAGCGT-1_V13B23-285_A1,13
GTACTGGAGTTAGACC-1_V13B23-285_A1,10
GTACTTGGGCACTTCT-1_V13B23-285_A1,13
GTAGAAACGGGTGGAG-1_V13B23-285_A1,10
GTAGACAACCGATGAA-1_V13B23-285_A1,8
GTAGACACGCCTGACT-1_V13B23-285_A1,3
GTAGACGTCGTTACAT-1_V13B23-285_A1,13
GTAGAGGGAGACAAGT-1_V13B23-285_A1,10
GTAGCCAAACATGGGA-1_V13B23-285_A1,10
GTAGCGCTGTTGTAGT-1_V13B23-285_A1,8
GTAGCGGCTATACACT-1_V13B23-285_A1,10
GTAGCTCCGGGAGGCT-1_V13B23-285_A1,10
GTAGCTTCCTCTTGTT-1_V13B23-285_A1,7
GTAGGTGATCCGTGTA-1_V13B23-285_A1,7
GTAGTCGCGGGAATCA-1_V13B23-285_A1,5
GTAGTCTACGATATTG-1_V13B23-285_A1,7
GTAGTGAGCAACCTCA-1_V13B23-285_A1,7
GTAGTTCGAAGGCGAA-1_V13B23-285_A1,10
GTATAATCTCCCGGAT-1_V13B23-285_A1,13
GTATAGGACTCAGTAG-1_V13B23-285_A1,10
GTATATGTTACGGCGG-1_V13B23-285_A1,13
GTATCAAACGTTAGCT-1_V13B23-285_A1,7
GTATCAGCTTGGGTTC-1_V13B23-285_A1,13
GTATCCTTTGGTAACC-1_V13B23-285_A1,7
GTATCGGGACGAGCTG-1_V13B23-285_A1,13
GTATCTCAGTCTTGAC-1_V13B23-285_A1,10
GTATCTTTCATAACCA-1_V13B23-285_A1,10
GTATGAAATTTCACTC-1_V13B23-285_A1,10
GTATGACGTGGGAAAC-1_V13B23-285_A1,13
GTATGTGGGTCTAGTT-1_V13B23-285_A1,5
GTATTAAGGCGTCTAA-1_V13B23-285_A1,3
GTATTCTGAGAAACGA-1_V13B23-285_A1,10
GTATTCTTACCGTGCT-1_V13B23-285_A1,13
GTATTTAATGGCATAA-1_V13B23-285_A1,1
GTCAAAGAAGTGGTGT-1_V13B23-285_A1,10
GTCAAAGTTTACATAG-1_V13B23-285_A1,13
GTCAACCAGGCCTATA-1_V13B23-285_A1,7
GTCAAGCGGACTCGGG-1_V13B23-285_A1,11
GTCAATGCTATAATTT-1_V13B23-285_A1,8
GTCAATTGTACTGAAG-1_V13B23-285_A1,13
GTCACAAAGTTTCCAA-1_V13B23-285_A1,5
GTCACTCTCCAAATCT-1_V13B23-285_A1,10
GTCAGAATAGTCTATG-1_V13B23-285_A1,10
GTCAGACAGCGTTGGA-1_V13B23-285_A1,2
GTCAGTTGTGCTCGTT-1_V13B23-285_A1,12
GTCAGTTTGGTAGTCG-1_V13B23-285_A1,10
GTCATCTCCTACAGCT-1_V13B23-285_A1,13
GTCATGCACCTCCGTT-1_V13B23-285_A1,10
GTCATGCGCGAGGGCT-1_V13B23-285_A1,5
GTCATGGACATGACTA-1_V13B23-285_A1,11
GTCATTAGAGCGAACG-1_V13B23-285_A1,10
GTCATTGCATTGACCC-1_V13B23-285_A1,10
GTCCAATATTTAGCCT-1_V13B23-285_A1,10
GTCCACGTCGCATTCG-1_V13B23-285_A1,7
GTCCATTACTGCTACG-1_V13B23-285_A1,3
GTCCCAACGTAAAGTA-1_V13B23-285_A1,10
GTCCCAATCATCCCGC-1_V13B23-285_A1,10
GTCCCGCGACGTTATG-1_V13B23-285_A1,7
GTCCGAGAGCAATCAT-1_V13B23-285_A1,10
GTCCGGACCTGAAATT-1_V13B23-285_A1,1
GTCCGGCTGAATTGCG-1_V13B23-285_A1,10
GTCCGGGTTCACATTA-1_V13B23-285_A1,7
GTCCTACAGGCGGCTC-1_V13B23-285_A1,13
GTCCTACGAATAGTCT-1_V13B23-285_A1,7
GTCCTACTCTACGGGC-1_V13B23-285_A1,10
GTCCTATTGTTGTGGT-1_V13B23-285_A1,10
GTCCTTCTACAACCCA-1_V13B23-285_A1,10
GTCCTTCTAGTGGGTT-1_V13B23-285_A1,9
GTCGATAGGTGACTTT-1_V13B23-285_A1,1
GTCGCCGTTGTGTGTT-1_V13B23-285_A1,10
GTCGCGTAACCCGTTG-1_V13B23-285_A1,10
GTCGGATATCTCAGAC-1_V13B23-285_A1,10
GTCGGATGTAGCGCGC-1_V13B23-285_A1,8
GTCGGGAACATGGTAG-1_V13B23-285_A1,10
GTCGGGAAGCAGAAAC-1_V13B23-285_A1,10
GTCGTACCATCTCGGG-1_V13B23-285_A1,10
GTCGTACCTACGATTG-1_V13B23-285_A1,10
GTCGTATTGGCGTACA-1_V13B23-285_A1,13
GTCGTCAATTATAAGG-1_V13B23-285_A1,1
GTCGTCTGGTTGGCTA-1_V13B23-285_A1,5
GTCGTGTCTGGTCATC-1_V13B23-285_A1,7
GTCGTTATTCGCTTAT-1_V13B23-285_A1,10
GTCTACTCAATTACAA-1_V13B23-285_A1,10
GTCTAGTGAGCCGCTT-1_V13B23-285_A1,3
GTCTATCTGAGTTTCT-1_V13B23-285_A1,10
GTCTATTGCATGCTCG-1_V13B23-285_A1,7
GTCTATTGGTTCCGGT-1_V13B23-285_A1,7
GTCTCAAGGCCCGGCT-1_V13B23-285_A1,10
GTCTCCCGAGTCCCGT-1_V13B23-285_A1,1
GTCTCCTGCCAGTATG-1_V13B23-285_A1,6
GTCTCGACTAAGTTTG-1_V13B23-285_A1,8
GTCTCGATCTGCTTTC-1_V13B23-285_A1,6
GTCTGGGCGGTCGAGA-1_V13B23-285_A1,10
GTCTTAGTACAGCCGG-1_V13B23-285_A1,8
GTCTTCCTCACCTAAG-1_V13B23-285_A1,10
GTCTTGAGGAGCAGTG-1_V13B23-285_A1,5
GTCTTGTAGCTATTCA-1_V13B23-285_A1,5
GTGAAACGGCGCCACC-1_V13B23-285_A1,6
GTGAAACGTGCTCCAC-1_V13B23-285_A1,13
GTGAACTCCCATTCGA-1_V13B23-285_A1,1
GTGAAGATTTCAAGTG-1_V13B23-285_A1,8
GTGAAGCCGTATAGTC-1_V13B23-285_A1,2
GTGAAGTCACGACTCG-1_V13B23-285_A1,10
GTGACAGCTTCCCACT-1_V13B23-285_A1,7
GTGACCGCACACTACG-1_V13B23-285_A1,5
GTGACCTAAAGAATAA-1_V13B23-285_A1,5
GTGACGAGGGTGACCC-1_V13B23-285_A1,5
GTGACGCAGGTTTCAT-1_V13B23-285_A1,7
GTGACTTCAGTAGTGC-1_V13B23-285_A1,10
GTGAGCGTGCTGCACT-1_V13B23-285_A1,10
GTGAGGACACTTAAGG-1_V13B23-285_A1,10
GTGAGGAGCGGTTGAG-1_V13B23-285_A1,9
GTGAGTCTAAGACGGA-1_V13B23-285_A1,10
GTGAGTGGTACAACGC-1_V13B23-285_A1,10
GTGATCAAGCGTGCAC-1_V13B23-285_A1,10
GTGATCACTAACGCCT-1_V13B23-285_A1,3
GTGATCATAGATCTGC-1_V13B23-285_A1,10
GTGATCCTTGTCATGA-1_V13B23-285_A1,7
GTGATTCGCCGCTCAA-1_V13B23-285_A1,10
GTGCAACAAATGTGGC-1_V13B23-285_A1,13
GTGCACCAGCTTCAAC-1_V13B23-285_A1,1
GTGCACGAAAGTGACT-1_V13B23-285_A1,1
GTGCCATCACACGGTG-1_V13B23-285_A1,10
GTGCCCGTTCGGATTC-1_V13B23-285_A1,1
GTGCCGCTTCAAAGGT-1_V13B23-285_A1,10
GTGCCTAGCTATGCTT-1_V13B23-285_A1,7
GTGCCTGAGACCAAAC-1_V13B23-285_A1,7
GTGCGAAATCGAACAC-1_V13B23-285_A1,10
GTGCGACAGGGAGTGT-1_V13B23-285_A1,1
GTGCGCAGCTTGCTCC-1_V13B23-285_A1,13
GTGCGCTTACAAATGA-1_V13B23-285_A1,2
GTGCGGGACCATCGGC-1_V13B23-285_A1,13
GTGCGGGTCTCCAAAT-1_V13B23-285_A1,10
GTGCGTGTATATGAGC-1_V13B23-285_A1,7
GTGCTCAAGTACTGTC-1_V13B23-285_A1,11
GTGCTGCAGATAAGGA-1_V13B23-285_A1,10
GTGCTTACATCAGCGC-1_V13B23-285_A1,5
GTGGAACCTACATGCG-1_V13B23-285_A1,7
GTGGACCAACCCGATT-1_V13B23-285_A1,10
GTGGACGCATTTGTCC-1_V13B23-285_A1,10
GTGGACGTGCTGAGAC-1_V13B23-285_A1,13
GTGGAGCGTTTACCGA-1_V13B23-285_A1,6
GTGGAGTCGGCGGTTG-1_V13B23-285_A1,10
GTGGCAAACAGCGGCA-1_V13B23-285_A1,10
GTGGCCTAATATCATT-1_V13B23-285_A1,10
GTGGCGGTCCCAGCGT-1_V13B23-285_A1,10
GTGGCTGTTTCTGTTC-1_V13B23-285_A1,7
GTGGGAAGACTGAATC-1_V13B23-285_A1,10
GTGGGCTTAGACACAC-1_V13B23-285_A1,10
GTGGGTACTGAGCGTA-1_V13B23-285_A1,10
GTGGGTCTTCTTTGCG-1_V13B23-285_A1,2
GTGGTATAGTCTGCCG-1_V13B23-285_A1,10
GTGGTGGCCAAGTGAA-1_V13B23-285_A1,10
GTGGTTACTTCTTTCG-1_V13B23-285_A1,7
GTGGTTTCCGCCTTTC-1_V13B23-285_A1,10
GTGTACCTTGGCTACG-1_V13B23-285_A1,10
GTGTACGAACCGTTCC-1_V13B23-285_A1,5
GTGTATATCAGCGGGC-1_V13B23-285_A1,7
GTGTATGACTTTAAAG-1_V13B23-285_A1,13
GTGTCGTATAGCGTTC-1_V13B23-285_A1,1
GTGTGAATAACTTAGG-1_V13B23-285_A1,10
GTGTGAGCCGAGGTGC-1_V13B23-285_A1,13
GTGTGTCGACGTCGCT-1_V13B23-285_A1,5
GTGTTACTATGCGTCC-1_V13B23-285_A1,10
GTTAAAGTAGGACTGG-1_V13B23-285_A1,3
GTTAACATCACTTAAA-1_V13B23-285_A1,1
GTTAACTATGTTGTCA-1_V13B23-285_A1,5
GTTAAGGGTGCGATGT-1_V13B23-285_A1,1
GTTAAGTTAGAGTGGG-1_V13B23-285_A1,5
GTTAATGTCTATCTTA-1_V13B23-285_A1,10
GTTACAATTGGTGACG-1_V13B23-285_A1,10
GTTACCTACAACTTGC-1_V13B23-285_A1,10
GTTACGAAATCCACGC-1_V13B23-285_A1,13
GTTACGGCCCGACTGC-1_V13B23-285_A1,13
GTTACTTTGGGCCTAG-1_V13B23-285_A1,10
GTTAGAGTGTGCCGCT-1_V13B23-285_A1,9
GTTAGCCCATGACATC-1_V13B23-285_A1,7
GTTAGCCGTAAATCAA-1_V13B23-285_A1,7
GTTAGGCTACCCGTTT-1_V13B23-285_A1,10
GTTATAATACGGTGAA-1_V13B23-285_A1,5
GTTATATCAGGAGCCA-1_V13B23-285_A1,8
GTTATATTATCTCCCT-1_V13B23-285_A1,10
GTTATCAAGCTATCGA-1_V13B23-285_A1,1
GTTATCACCTTCTGAA-1_V13B23-285_A1,12
GTTATTAACGTGGGAG-1_V13B23-285_A1,10
GTTCAAATCAGATGTC-1_V13B23-285_A1,10
GTTCACAGGAGTCTAG-1_V13B23-285_A1,6
GTTCAGTCGCCAAATG-1_V13B23-285_A1,7
GTTCATCGTTTGGCTG-1_V13B23-285_A1,5
GTTCCAAGACAGCGAC-1_V13B23-285_A1,13
GTTCCAGTCTGACCAT-1_V13B23-285_A1,10
GTTCCCGTAAACATAT-1_V13B23-285_A1,7
GTTCGCCATAAGTGCC-1_V13B23-285_A1,10
GTTCGCTGAGACGTCT-1_V13B23-285_A1,7
GTTCGGAGCACTCAAC-1_V13B23-285_A1,7
GTTCGGATCGGGAACA-1_V13B23-285_A1,5
GTTCGGGCGTACCATT-1_V13B23-285_A1,3
GTTCGTCTAAAGAACT-1_V13B23-285_A1,7
GTTCGTCTGGGTCCCT-1_V13B23-285_A1,8
GTTCGTTGCGGACCAG-1_V13B23-285_A1,13
GTTCTTCCCTCGATGT-1_V13B23-285_A1,13
GTTGAACCGGTTCCAT-1_V13B23-285_A1,6
GTTGAGTCCCGCCGGT-1_V13B23-285_A1,1
GTTGCACGGAGTTTCG-1_V13B23-285_A1,10
GTTGCGCTAACATTAC-1_V13B23-285_A1,5
GTTGCGGACGGTCAGG-1_V13B23-285_A1,7
GTTGGACCGCATCAGG-1_V13B23-285_A1,9
GTTGGATTCAGTGGCT-1_V13B23-285_A1,8
GTTGGATTGAGAACAC-1_V13B23-285_A1,3
GTTGGATTTGCGTTGG-1_V13B23-285_A1,10
GTTGGTCATGCTATCC-1_V13B23-285_A1,10
GTTGTAGATTTATGAG-1_V13B23-285_A1,7
GTTGTCGTGTTAGTTG-1_V13B23-285_A1,13
GTTTACGTTCCATCTG-1_V13B23-285_A1,10
GTTTATGGGATTTAGA-1_V13B23-285_A1,10
GTTTCAAACGAGTTGT-1_V13B23-285_A1,7
GTTTCATATCGTCGCT-1_V13B23-285_A1,10
GTTTCCTGGAGGGTGA-1_V13B23-285_A1,10
GTTTCTAGAGGCGCGG-1_V13B23-285_A1,7
GTTTCTGCAGTCTCCC-1_V13B23-285_A1,10
GTTTGACCAAATCCTA-1_V13B23-285_A1,10
GTTTGAGCGGTTATGT-1_V13B23-285_A1,13
GTTTGGCCCAAGTTAT-1_V13B23-285_A1,10
GTTTGGCCGCTCAGCG-1_V13B23-285_A1,13
GTTTGGGCTTGTGAGC-1_V13B23-285_A1,10
GTTTGGGTTTCGCCCG-1_V13B23-285_A1,7
GTTTGGTAGGGTCAAC-1_V13B23-285_A1,10
GTTTGGTGATCGGTGC-1_V13B23-285_A1,10
GTTTGTTAGCCAAGTA-1_V13B23-285_A1,10
TAAACCCAGGAGGGCA-1_V13B23-285_A1,10
TAAACGTCGTCAATGA-1_V13B23-285_A1,3
TAAAGACAACCCTTTA-1_V13B23-285_A1,5
TAAAGAGCCCGAAACC-1_V13B23-285_A1,11
TAAAGCGGTATTTCCA-1_V13B23-285_A1,10
TAAAGCGTTAGGAGAA-1_V13B23-285_A1,8
TAAAGCTGCAATAGGG-1_V13B23-285_A1,4
TAAATCTTTACACCTC-1_V13B23-285_A1,8
TAAATGAATCCGTTTC-1_V13B23-285_A1,10
TAACAAAGGGAGAAGC-1_V13B23-285_A1,10
TAACAATATTTGTTGC-1_V13B23-285_A1,10
TAACAGCGTTTGTGCT-1_V13B23-285_A1,10
TAACATACAATGTGGG-1_V13B23-285_A1,10
TAACATACACGCGATC-1_V13B23-285_A1,1
TAACCGCCCGCAGTGC-1_V13B23-285_A1,11
TAACCTACCGTCCGAG-1_V13B23-285_A1,1
TAACCTAGGGAGTCCA-1_V13B23-285_A1,7
TAACGCTTTGAGAGCG-1_V13B23-285_A1,4
TAACTATCGAAGGTCC-1_V13B23-285_A1,10
TAACTATTACGCCAAA-1_V13B23-285_A1,7
TAACTCATCCGCGCGG-1_V13B23-285_A1,6
TAACTCCATGGAGGCT-1_V13B23-285_A1,14
TAAGAGGGACAGGGAC-1_V13B23-285_A1,3
TAAGATTTAGCGGGAG-1_V13B23-285_A1,13
TAAGCAGGCGACACGC-1_V13B23-285_A1,10
TAAGCGCGAATCAAAT-1_V13B23-285_A1,11
TAAGGAACTTGTGGGA-1_V13B23-285_A1,13
TAAGGCAACATAAGAT-1_V13B23-285_A1,10
TAAGGCATAACATCAA-1_V13B23-285_A1,10
TAAGGCCCGTCACCCT-1_V13B23-285_A1,3
TAAGGCTGAATCCCTC-1_V13B23-285_A1,7
TAAGGGCCTGTCCGAT-1_V13B23-285_A1,7
TAAGGGCTGGGAGAGG-1_V13B23-285_A1,10
TAAGTAACATCTTGAC-1_V13B23-285_A1,10
TAAGTCGCCGAGTATC-1_V13B23-285_A1,7
TAAGTTGCGACGTAGG-1_V13B23-285_A1,1
TAATAAACAAGGAGAT-1_V13B23-285_A1,1
TAATACACAGTAGTAT-1_V13B23-285_A1,10
TAATACTAGAACAGAC-1_V13B23-285_A1,1
TAATAGAACAGAGTTA-1_V13B23-285_A1,10
TAATAGCTAAATGATG-1_V13B23-285_A1,8
TAATAGGTCACCAGAA-1_V13B23-285_A1,10
TAATAGTGACGACCAG-1_V13B23-285_A1,10
TAATATTGAAATTCGC-1_V13B23-285_A1,1
TAATCGATCCGTACGT-1_V13B23-285_A1,6
TAATGAAAGACCCTTG-1_V13B23-285_A1,10
TAATTACGTCAGTAGA-1_V13B23-285_A1,7
TAATTAGATGGATATG-1_V13B23-285_A1,13
TAATTAGGACATCCGT-1_V13B23-285_A1,5
TAATTTCCGTCCAGTA-1_V13B23-285_A1,10
TACAACAGCGCATACA-1_V13B23-285_A1,11
TACAACGCACAACTCA-1_V13B23-285_A1,10
TACAAGCTGTTCACTG-1_V13B23-285_A1,9
TACAAGGGCTTCTTTA-1_V13B23-285_A1,3
TACAAGTCTCGTGCAT-1_V13B23-285_A1,10
TACAATGAAACCAGCA-1_V13B23-285_A1,13
TACACCGTCGTTAGTC-1_V13B23-285_A1,8
TACAGAAACGGTGGGC-1_V13B23-285_A1,7
TACATAGGCATACACC-1_V13B23-285_A1,10
TACATCCCTATCCCTG-1_V13B23-285_A1,10
TACATCTTGTTTCTTG-1_V13B23-285_A1,10
TACATGACCTTATCCG-1_V13B23-285_A1,10
TACATGCCGGAATTGT-1_V13B23-285_A1,7
TACATTTCTAACGTGC-1_V13B23-285_A1,10
TACCAAATAGCCCAGA-1_V13B23-285_A1,10
TACCAATAAAGTACCA-1_V13B23-285_A1,7
TACCAGAAGTAGGTTC-1_V13B23-285_A1,10
TACCAGCTAGGTTTAA-1_V13B23-285_A1,2
TACCATGTATTGATTT-1_V13B23-285_A1,5
TACCGAATAATTGTAA-1_V13B23-285_A1,3
TACCGCGGACTTGCAG-1_V13B23-285_A1,1
TACCGGCTCACTGCCC-1_V13B23-285_A1,10
TACCGGTCGTTTCCAT-1_V13B23-285_A1,10
TACCGTAGGTTAACTA-1_V13B23-285_A1,1
TACCGTGCCTCGGACC-1_V13B23-285_A1,1
TACCTACTCCCAGTAT-1_V13B23-285_A1,10
TACCTATCCCTAGAGG-1_V13B23-285_A1,10
TACCTCACGCTTGTAC-1_V13B23-285_A1,3
TACCTCAGTTGTCTGT-1_V13B23-285_A1,1
TACCTGCTGCACTGTG-1_V13B23-285_A1,10
TACCTTAAGATTTCCC-1_V13B23-285_A1,10
TACGAACACGACTTCA-1_V13B23-285_A1,10
TACGACGCTTGCTGCG-1_V13B23-285_A1,10
TACGACTGCCTCTTAG-1_V13B23-285_A1,10
TACGAGAACTTCACGT-1_V13B23-285_A1,10
TACGATGTTGATCATC-1_V13B23-285_A1,10
TACGCAGTTCTTTCCT-1_V13B23-285_A1,10
TACGCCATATTCTAAT-1_V13B23-285_A1,10
TACGCCGAGGGTACCC-1_V13B23-285_A1,1
TACGCCGCCTCAGAAG-1_V13B23-285_A1,5
TACGCCTCCATTCCGA-1_V13B23-285_A1,10
TACGCTATAGAAACCT-1_V13B23-285_A1,5
TACGCTCGGTATTGGA-1_V13B23-285_A1,7
TACGGAAGCCAAACCA-1_V13B23-285_A1,7
TACGGCATGGACGCTA-1_V13B23-285_A1,7
TACGGGATGCTAGCAG-1_V13B23-285_A1,6
TACGTAAAGCGGAGTG-1_V13B23-285_A1,7
TACGTACTAGTGCTGA-1_V13B23-285_A1,1
TACGTGCACTATGCTG-1_V13B23-285_A1,1
TACGTGGGCCCAGGGC-1_V13B23-285_A1,1
TACGTTTACCGGCAAT-1_V13B23-285_A1,10
TACTACGTGCAATGCG-1_V13B23-285_A1,1
TACTATGGTTCCTCAG-1_V13B23-285_A1,10
TACTCCTCTAGTTGAC-1_V13B23-285_A1,1
TACTCGGCACGCCGGG-1_V13B23-285_A1,10
TACTCTCCGAACAAAT-1_V13B23-285_A1,6
TACTCTTACTTTACTG-1_V13B23-285_A1,7
TACTCTTTCGTCTTCA-1_V13B23-285_A1,10
TACTGAACAGATTTAG-1_V13B23-285_A1,10
TACTGAGGGAAGAAAG-1_V13B23-285_A1,10
TACTGCAATCAATTAC-1_V13B23-285_A1,7
TACTGGACAGCTCGGC-1_V13B23-285_A1,10
TACTGTTTCTCTGGTA-1_V13B23-285_A1,3
TACTTAAACATGTACA-1_V13B23-285_A1,8
TACTTGTTAGTAGTCC-1_V13B23-285_A1,1
TACTTTACTGAGCCGG-1_V13B23-285_A1,5
TACTTTCCGCACGCCA-1_V13B23-285_A1,10
TAGAAACACAATAGTG-1_V13B23-285_A1,10
TAGAAAGGTGGCGCTA-1_V13B23-285_A1,1
TAGAAATTCACGTATA-1_V13B23-285_A1,10
TAGAATAGCCGATGAA-1_V13B23-285_A1,10
TAGACGAAACGCCAAT-1_V13B23-285_A1,7
TAGACGCCCGTACCGG-1_V13B23-285_A1,1
TAGACTACCTAGCGTT-1_V13B23-285_A1,5
TAGAGATCATGCAACT-1_V13B23-285_A1,10
TAGAGCTACGAAGAAC-1_V13B23-285_A1,13
TAGAGGTTCTACTTGT-1_V13B23-285_A1,1
TAGAGTCTAAGCGAAC-1_V13B23-285_A1,10
TAGATATGGACTGGAA-1_V13B23-285_A1,10
TAGATCCGAAGTCGCA-1_V13B23-285_A1,4
TAGATGGTTCCTTACT-1_V13B23-285_A1,7
TAGATTCCTGGTTATT-1_V13B23-285_A1,10
TAGCAACCTGTCACAA-1_V13B23-285_A1,7
TAGCAGTATGACTAAA-1_V13B23-285_A1,2
TAGCCAGAGGGTCCGG-1_V13B23-285_A1,13
TAGCCATTTCAAAGTC-1_V13B23-285_A1,5
TAGCCGGCGGTCAGCG-1_V13B23-285_A1,10
TAGCGTCCCTCGATTG-1_V13B23-285_A1,5
TAGCGTCCGGTGTGGT-1_V13B23-285_A1,4
TAGCGTCGAATATTGA-1_V13B23-285_A1,10
TAGCGTTGGGTCTTAC-1_V13B23-285_A1,10
TAGCTAAGTCCGGGAG-1_V13B23-285_A1,10
TAGCTAGAAGGCATGA-1_V13B23-285_A1,10
TAGCTAGTGATGATGG-1_V13B23-285_A1,1
TAGCTCGCCTGATAAC-1_V13B23-285_A1,10
TAGCTGATGTGAAGCG-1_V13B23-285_A1,10
TAGGCATGTTACGCCA-1_V13B23-285_A1,8
TAGGCCTATATAGTCT-1_V13B23-285_A1,7
TAGGCGATGAGGTCTC-1_V13B23-285_A1,10
TAGGCTAAAGTGGCAC-1_V13B23-285_A1,7
TAGGGAGCTTGGGATG-1_V13B23-285_A1,11
TAGGGTGTTTCAAGAG-1_V13B23-285_A1,10
TAGGTCCAAGTAAGGA-1_V13B23-285_A1,10
TAGGTCGCCGGAACTG-1_V13B23-285_A1,1
TAGGTGACGATAACCT-1_V13B23-285_A1,7
TAGGTGAGCCCTACTC-1_V13B23-285_A1,10
TAGGTGCTCGCCTAGC-1_V13B23-285_A1,10
TAGGTGTTCCACAGAT-1_V13B23-285_A1,10
TAGGTTCGAGTTCGTC-1_V13B23-285_A1,10
TAGTACCACAACTTTC-1_V13B23-285_A1,10
TAGTACCTTAGTGGTC-1_V13B23-285_A1,7
TAGTAGCTTATACCAG-1_V13B23-285_A1,3
TAGTCCCGGAGACCAC-1_V13B23-285_A1,10
TAGTCCGCAGAGAATG-1_V13B23-285_A1,10
TAGTCCGTATGCATAA-1_V13B23-285_A1,13
TAGTCGATCACGGGTT-1_V13B23-285_A1,7
TAGTCGGGATTCTTCG-1_V13B23-285_A1,7
TAGTCTAACAACGAGA-1_V13B23-285_A1,10
TAGTCTGTGACGTTGC-1_V13B23-285_A1,3
TAGTCTTTCCGAATTG-1_V13B23-285_A1,5
TAGTGAGAAGTGGTTG-1_V13B23-285_A1,13
TAGTGCCCTCCAGAGT-1_V13B23-285_A1,10
TAGTGCTTGAATCCTT-1_V13B23-285_A1,7
TAGTGTCAGAAACGGC-1_V13B23-285_A1,7
TAGTTAAGATAGGATA-1_V13B23-285_A1,12
TAGTTTATTCTTGCTT-1_V13B23-285_A1,13
TATAAATCCACAAGCT-1_V13B23-285_A1,10
TATAAGTGAGGATAGC-1_V13B23-285_A1,10
TATACACAGACGCCTT-1_V13B23-285_A1,10
TATACACGCAAAGTAT-1_V13B23-285_A1,13
TATACCGAGTGCCACA-1_V13B23-285_A1,7
TATACGCGTCATCACT-1_V13B23-285_A1,10
TATACTCATGCGGCAA-1_V13B23-285_A1,3
TATAGAGTCGCTTGAA-1_V13B23-285_A1,10
TATAGATGGTCGCAGT-1_V13B23-285_A1,7
TATAGCGCACGTTATC-1_V13B23-285_A1,10
TATAGGGTACTCATGA-1_V13B23-285_A1,10
TATATAGGGCTTTACG-1_V13B23-285_A1,1
TATATATCGAGAAATG-1_V13B23-285_A1,10
TATATCATTGATCAGT-1_V13B23-285_A1,10
TATATCCCTGGGAGGA-1_V13B23-285_A1,3
TATATGCTGGGTTGCC-1_V13B23-285_A1,10
TATATTCGCGTCGATA-1_V13B23-285_A1,12
TATCAAAGGTCTGTAA-1_V13B23-285_A1,10
TATCACAGCACGGGCA-1_V13B23-285_A1,9
TATCACCCAACCGACC-1_V13B23-285_A1,7
TATCACTTCGAGTAAC-1_V13B23-285_A1,4
TATCAGTGGCGTAGTC-1_V13B23-285_A1,10
TATCCAATTGGTTATC-1_V13B23-285_A1,1
TATCCATATCATGCGA-1_V13B23-285_A1,10
TATCCATCTCGGTTAG-1_V13B23-285_A1,3
TATCCGCACCGTCGGG-1_V13B23-285_A1,1
TATCCTATCAACTGGT-1_V13B23-285_A1,1
TATCCTGCATGGGAAT-1_V13B23-285_A1,13
TATCGATCTATGCATA-1_V13B23-285_A1,6
TATCGATGATTAAACG-1_V13B23-285_A1,10
TATCTACAGAGGTAAT-1_V13B23-285_A1,10
TATCTACCACAGCGGG-1_V13B23-285_A1,10
TATCTAGCCTAAAGGA-1_V13B23-285_A1,10
TATCTTGCAATACAAC-1_V13B23-285_A1,10
TATGAAGAATTAAGGT-1_V13B23-285_A1,7
TATGAAGACAGGTGCG-1_V13B23-285_A1,10
TATGACCTTGCGCTGG-1_V13B23-285_A1,10
TATGATCCGGCACGCC-1_V13B23-285_A1,8
TATGATCTTCTCTTTA-1_V13B23-285_A1,7
TATGATTCTGCTTGGT-1_V13B23-285_A1,13
TATGCTCCCTACTTAC-1_V13B23-285_A1,10
TATGGAGTTTCTCGTT-1_V13B23-285_A1,13
TATGGATGTGCTACGC-1_V13B23-285_A1,10
TATGGCAGACTTTCGA-1_V13B23-285_A1,2
TATGGCCCGGCCTCGC-1_V13B23-285_A1,10
TATGGGACCGAGCAGG-1_V13B23-285_A1,10
TATGGGTACGTATCGT-1_V13B23-285_A1,10
TATGGTCTGAGTAACA-1_V13B23-285_A1,10
TATGGTTAGTGGGAGA-1_V13B23-285_A1,7
TATGTAAAGTGCTTAA-1_V13B23-285_A1,1
TATGTCAAGACCGACT-1_V13B23-285_A1,1
TATGTCTCATTGTGCC-1_V13B23-285_A1,1
TATTAACACCAAAGCA-1_V13B23-285_A1,10
TATTAACCTGACCGCG-1_V13B23-285_A1,10
TATTACCATCCTGCTT-1_V13B23-285_A1,1
TATTATGTTTGCCTGC-1_V13B23-285_A1,7
TATTCAATTCTAATCC-1_V13B23-285_A1,10
TATTCCACTCAGCTCG-1_V13B23-285_A1,10
TATTCCGAGCTGTTAT-1_V13B23-285_A1,7
TATTCCGGCAGTCCTA-1_V13B23-285_A1,12
TATTCCTCCGCCCACT-1_V13B23-285_A1,10
TATTCGTGCCAGAATA-1_V13B23-285_A1,10
TATTGACATTTCTGCC-1_V13B23-285_A1,5
TATTGCCGGGCTTGTA-1_V13B23-285_A1,7
TATTTAGTCTAGATCG-1_V13B23-285_A1,10
TATTTATACCGAGTAG-1_V13B23-285_A1,7
TATTTGATTTGCACAG-1_V13B23-285_A1,7
TATTTGTTACCCTTTA-1_V13B23-285_A1,10
TCAAACAACCGCGTCG-1_V13B23-285_A1,10
TCAAACTTAGATTGTT-1_V13B23-285_A1,10
TCAAAGAGCTATCTGT-1_V13B23-285_A1,10
TCAAATTGTTGTGCCG-1_V13B23-285_A1,1
TCAAATTTGAGACTCA-1_V13B23-285_A1,1
TCAACAAAGATAATTC-1_V13B23-285_A1,10
TCAACACATTGGGTAA-1_V13B23-285_A1,13
TCAACATAGCGCCCTA-1_V13B23-285_A1,10
TCAACATCGACCGAGA-1_V13B23-285_A1,10
TCAACCATGTTCGGGC-1_V13B23-285_A1,10
TCAACGAGGAGACAAA-1_V13B23-285_A1,10
TCAACGCAGGAAATAA-1_V13B23-285_A1,10
TCAACGCGACCGGCAG-1_V13B23-285_A1,10
TCAACTAACGTATAAC-1_V13B23-285_A1,10
TCAACTGCAGAGTCAG-1_V13B23-285_A1,7
TCAAGAAATACTAGCT-1_V13B23-285_A1,5
TCAAGCGCGGACGGTA-1_V13B23-285_A1,3
TCAAGGTTACTACACC-1_V13B23-285_A1,7
TCAATACAATTGCTGC-1_V13B23-285_A1,10
TCAATACGCCGTCATG-1_V13B23-285_A1,1
TCACAAACCGAGGTAC-1_V13B23-285_A1,7
TCACAGATCCTCAAAC-1_V13B23-285_A1,13
TCACAGCAAACTCGAA-1_V13B23-285_A1,10
TCACAGGAGAATAAGA-1_V13B23-285_A1,10
TCACAGGGAATCGCAA-1_V13B23-285_A1,10
TCACAGGTTATTGGGC-1_V13B23-285_A1,10
TCACATCTTATCTGAT-1_V13B23-285_A1,11
TCACCCTCTTAAGATT-1_V13B23-285_A1,10
TCACCGCTCGGCACTC-1_V13B23-285_A1,1
TCACGATGTCCGTGGA-1_V13B23-285_A1,10
TCACGCATTGTAGATC-1_V13B23-285_A1,10
TCACGGTCATCGCACA-1_V13B23-285_A1,10
TCACGTGCCCGATTCA-1_V13B23-285_A1,10
TCACTACGACCAATGC-1_V13B23-285_A1,9
TCACTATCCCTTCGGT-1_V13B23-285_A1,1
TCACTATCGTGCAATC-1_V13B23-285_A1,13
TCACTCAGCGCATTAG-1_V13B23-285_A1,13
TCACTCGTGCAACGGC-1_V13B23-285_A1,8
TCACTCTTCGTCTGTC-1_V13B23-285_A1,5
TCAGAACCTCCACAGG-1_V13B23-285_A1,7
TCAGACGCTATAGAAG-1_V13B23-285_A1,1
TCAGCAAATGCATCTC-1_V13B23-285_A1,10
TCAGCAGTAGGCCCTG-1_V13B23-285_A1,1
TCAGCCAATCCGTAAA-1_V13B23-285_A1,7
TCAGGGCGACTTCCTT-1_V13B23-285_A1,10
TCAGGGCGCAAACTCG-1_V13B23-285_A1,10
TCAGGGTGTAACGTAA-1_V13B23-285_A1,5
TCAGGTTCTTTGAGAA-1_V13B23-285_A1,10
TCAGTACTGACCCGCG-1_V13B23-285_A1,10
TCAGTAGGGACTATAA-1_V13B23-285_A1,6
TCAGTGTATACGTCAT-1_V13B23-285_A1,3
TCATACTTACAGATCC-1_V13B23-285_A1,5
TCATATGAGCTTTGTT-1_V13B23-285_A1,1
TCATCACTCGAGCTCG-1_V13B23-285_A1,13
TCATCCTCAGCTGCTT-1_V13B23-285_A1,7
TCATCGACGACCGTCG-1_V13B23-285_A1,7
TCATCGATGGTCCCAA-1_V13B23-285_A1,1
TCATGCAGGTTCTCAT-1_V13B23-285_A1,7
TCATTTAAGTCTCCGA-1_V13B23-285_A1,1
TCATTTAGAAGTGTGA-1_V13B23-285_A1,7
TCCAACTCAGCTATCT-1_V13B23-285_A1,3
TCCAACTTTAAATTCT-1_V13B23-285_A1,6
TCCAAGCCTAGACACA-1_V13B23-285_A1,1
TCCAATAAAGGCTACC-1_V13B23-285_A1,1
TCCACAATGGTTTACG-1_V13B23-285_A1,10
TCCACATCGTATATTG-1_V13B23-285_A1,3
TCCACCAAGACATAGG-1_V13B23-285_A1,1
TCCACCTCTAGCCTTT-1_V13B23-285_A1,1
TCCACTTTATCTAGGT-1_V13B23-285_A1,10
TCCAGAGCACCGGTTC-1_V13B23-285_A1,10
TCCAGATGTACGCCAA-1_V13B23-285_A1,8
TCCAGCGCTATAAGCG-1_V13B23-285_A1,7
TCCAGGCGAGTACGGT-1_V13B23-285_A1,10
TCCAGGGTATATACGA-1_V13B23-285_A1,10
TCCATTAGTTGGATAG-1_V13B23-285_A1,13
TCCATTGTGACCTCGT-1_V13B23-285_A1,9
TCCCAAACAGACAACG-1_V13B23-285_A1,8
TCCCAAAGACGAAGGA-1_V13B23-285_A1,6
TCCCAAAGCCCTAAAT-1_V13B23-285_A1,5
TCCCACTCTCTTCCGG-1_V13B23-285_A1,7
TCCCAGCTTTAGTCTG-1_V13B23-285_A1,10
TCCCAGGCTTAGCTAA-1_V13B23-285_A1,10
TCCCGCCTATGTGCGT-1_V13B23-285_A1,5
TCCCGCGTACTCCTGG-1_V13B23-285_A1,10
TCCCGGGTGTGCTGCT-1_V13B23-285_A1,10
TCCCGGTCAGGAATTT-1_V13B23-285_A1,13
TCCCGTCAGTCCCGCA-1_V13B23-285_A1,10
TCCCGTCGCGTCATAG-1_V13B23-285_A1,1
TCCCGTGTGCAATTTG-1_V13B23-285_A1,10
TCCCTAGATCAATAGG-1_V13B23-285_A1,3
TCCCTCCGAAATCGTT-1_V13B23-285_A1,13
TCCCTCTTCTCAAGGG-1_V13B23-285_A1,3
TCCCTGGCGTATTAAC-1_V13B23-285_A1,10
TCCCTGGCTCGCTGGA-1_V13B23-285_A1,10
TCCCTTAGATTACTCG-1_V13B23-285_A1,7
TCCCTTGTCTGAAACT-1_V13B23-285_A1,7
TCCGAACGTTGCCGCT-1_V13B23-285_A1,7
TCCGAACTTGGCTTAC-1_V13B23-285_A1,10
TCCGAATGGTCCTGAG-1_V13B23-285_A1,7
TCCGAGAAGGCTAAGC-1_V13B23-285_A1,13
TCCGATAATTGCCATA-1_V13B23-285_A1,10
TCCGATGACTGAGCTC-1_V13B23-285_A1,11
TCCGATGGTGCGACAT-1_V13B23-285_A1,10
TCCGATTACATTGCCG-1_V13B23-285_A1,10
TCCGCAGCCACCTAGC-1_V13B23-285_A1,7
TCCGCCTGTCTACAAG-1_V13B23-285_A1,8
TCCGCGGCAGCATCTG-1_V13B23-285_A1,10
TCCGCGGCCCAATGAA-1_V13B23-285_A1,5
TCCGCTGTCATCCCGG-1_V13B23-285_A1,10
TCCGCTTATCCCATTA-1_V13B23-285_A1,10
TCCGGCCTAGCGTACA-1_V13B23-285_A1,5
TCCGGGCTTGACGGGA-1_V13B23-285_A1,5
TCCGGTTCGTCCGGTC-1_V13B23-285_A1,10
TCCGTAACCACAATCC-1_V13B23-285_A1,14
TCCGTTAAGCTAATAT-1_V13B23-285_A1,5
TCCGTTTAGCCTTGAA-1_V13B23-285_A1,1
TCCTAAAGATTCAGAC-1_V13B23-285_A1,7
TCCTAAATTGGGAAGC-1_V13B23-285_A1,5
TCCTAACCGTCGGGCA-1_V13B23-285_A1,1
TCCTACATCCACGGCC-1_V13B23-285_A1,10
TCCTAGCAAAGAAGCT-1_V13B23-285_A1,10
TCCTATCATAGGTAAC-1_V13B23-285_A1,5
TCCTCCTAAGACATTC-1_V13B23-285_A1,10
TCCTCGGGCTGGGCTT-1_V13B23-285_A1,10
TCCTCTACGAGATGGC-1_V13B23-285_A1,10
TCCTCTCCAGTTGTCC-1_V13B23-285_A1,10
TCCTCTGGCCCATTAG-1_V13B23-285_A1,9
TCCTGCCAACTGGAGA-1_V13B23-285_A1,9
TCCTGCGTTGATACTC-1_V13B23-285_A1,10
TCCTTACGACGGTCCG-1_V13B23-285_A1,7
TCCTTCAATCCCTACG-1_V13B23-285_A1,10
TCCTTCAGTGGTCGAA-1_V13B23-285_A1,1
TCCTTGTCCTTTAATT-1_V13B23-285_A1,3
TCCTTTAAATCCGCTT-1_V13B23-285_A1,3
TCCTTTCTTACGCTTA-1_V13B23-285_A1,10
TCGAAATTTAGGACCA-1_V13B23-285_A1,10
TCGAAGAACCGAGCAC-1_V13B23-285_A1,7
TCGAATATCCCGCAGG-1_V13B23-285_A1,1
TCGACAACTGAACCCG-1_V13B23-285_A1,5
TCGAGACCAACACCGT-1_V13B23-285_A1,10
TCGAGCCAGGCAGGCC-1_V13B23-285_A1,10
TCGAGGGCAACAGACG-1_V13B23-285_A1,7
TCGAGTCTACGATTCG-1_V13B23-285_A1,10
TCGATAGGCTAGTCGC-1_V13B23-285_A1,1
TCGCAAAGATGCATTT-1_V13B23-285_A1,10
TCGCACCAGGAGGCAG-1_V13B23-285_A1,1
TCGCACTAACGTTTGT-1_V13B23-285_A1,4
TCGCATAAAGGGCGCA-1_V13B23-285_A1,7
TCGCATCCCTAAGTGT-1_V13B23-285_A1,13
TCGCATTCAATGACTT-1_V13B23-285_A1,13
TCGCCCACTGCGAGAG-1_V13B23-285_A1,10
TCGCCGAAGTTGCGTC-1_V13B23-285_A1,10
TCGCCGACATATTCGC-1_V13B23-285_A1,1
TCGCCGCACCGCGTGA-1_V13B23-285_A1,10
TCGCCGGATGGGCAAG-1_V13B23-285_A1,10
TCGCCGGTCGATCCGT-1_V13B23-285_A1,10
TCGCCTCGACCTGTTG-1_V13B23-285_A1,11
TCGCGTCCAGAAGGTC-1_V13B23-285_A1,10
TCGCTAAACCGCTATC-1_V13B23-285_A1,7
TCGCTACTGGCTTTGA-1_V13B23-285_A1,7
TCGCTCGATATATTCC-1_V13B23-285_A1,10
TCGCTCGGCACCAGCG-1_V13B23-285_A1,5
TCGCTGCCAATGCTGT-1_V13B23-285_A1,1
TCGCTGGGCGGATTGT-1_V13B23-285_A1,1
TCGCTGTGCGTAAATC-1_V13B23-285_A1,13
TCGCTTTAAACGTTTG-1_V13B23-285_A1,6
TCGGAATGCGCTCTGA-1_V13B23-285_A1,10
TCGGACGCCCAGCCCA-1_V13B23-285_A1,10
TCGGAGAGTATCGGGA-1_V13B23-285_A1,10
TCGGAGTACATGAGTA-1_V13B23-285_A1,10
TCGGCGAACCCAAACC-1_V13B23-285_A1,5
TCGGCGTACTGCACAA-1_V13B23-285_A1,10
TCGGCTTGTATCGACG-1_V13B23-285_A1,7
TCGGGAACGTGCCTAG-1_V13B23-285_A1,7
TCGGGAGACAGCGTAC-1_V13B23-285_A1,1
TCGGGATTCAAACATA-1_V13B23-285_A1,10
TCGGGCACTTCTGGAT-1_V13B23-285_A1,13
TCGGGCCGTCGTGGTA-1_V13B23-285_A1,5
TCGGGTGAAACTGCTA-1_V13B23-285_A1,7
TCGGTCCCGACAATAG-1_V13B23-285_A1,10
TCGTAAGACGACATTG-1_V13B23-285_A1,10
TCGTACCGACGTCAAG-1_V13B23-285_A1,1
TCGTATAGTGCAATTA-1_V13B23-285_A1,13
TCGTATTACCCATTGC-1_V13B23-285_A1,10
TCGTCAAGTACGCGCA-1_V13B23-285_A1,10
TCGTCACACTGTTAGC-1_V13B23-285_A1,10
TCGTCCGCTGGCGTCT-1_V13B23-285_A1,10
TCGTCTTAGGCGTTAA-1_V13B23-285_A1,3
TCGTGTACTATGGATG-1_V13B23-285_A1,3
TCGTGTATTGGTCACG-1_V13B23-285_A1,7
TCGTGTCACGCTGACA-1_V13B23-285_A1,10
TCGTGTTCGACCACAA-1_V13B23-285_A1,7
TCGTTAGGAGTCCCTA-1_V13B23-285_A1,10
TCGTTCGTTATTATGT-1_V13B23-285_A1,2
TCGTTGACAGGGTCCC-1_V13B23-285_A1,10
TCGTTGCTATCCGGTC-1_V13B23-285_A1,10
TCGTTGGCTCGTCAAT-1_V13B23-285_A1,13
TCGTTTACGCGACCCT-1_V13B23-285_A1,7
TCTAAAGAACAGTCTC-1_V13B23-285_A1,10
TCTAACCTAGCCTGCG-1_V13B23-285_A1,1
TCTAACTGTATGTAAA-1_V13B23-285_A1,10
TCTAATACTGCCTCAG-1_V13B23-285_A1,1
TCTACCCAATAGAGAG-1_V13B23-285_A1,7
TCTACCGTCCACAAGC-1_V13B23-285_A1,10
TCTAGCAATCTCCGCC-1_V13B23-285_A1,10
TCTAGCATCTTCGATG-1_V13B23-285_A1,11
TCTAGCATGCCCAGAA-1_V13B23-285_A1,10
TCTAGGTGGCGACGCT-1_V13B23-285_A1,5
TCTAGTGATATCGTGG-1_V13B23-285_A1,7
TCTAGTTATCAGAAGA-1_V13B23-285_A1,10
TCTATAGGTGGGTAAT-1_V13B23-285_A1,7
TCTATCATGCAGTTAC-1_V13B23-285_A1,1
TCTATCGGTCGCAACA-1_V13B23-285_A1,10
TCTATGCTATAACGAC-1_V13B23-285_A1,7
TCTATTACGCTGGCGA-1_V13B23-285_A1,13
TCTATTACTAGAGGAT-1_V13B23-285_A1,10
TCTCATGAGATAGGGT-1_V13B23-285_A1,5
TCTCCAACGTAGGTTA-1_V13B23-285_A1,4
TCTCCACAAGTTGAAT-1_V13B23-285_A1,7
TCTCCCTGGGCAGCGT-1_V13B23-285_A1,3
TCTCGAACGAGGTCAC-1_V13B23-285_A1,9
TCTCGACGTATCGCCG-1_V13B23-285_A1,5
TCTCGAGGAGGTTCGC-1_V13B23-285_A1,7
TCTCGGCTCCAGGACT-1_V13B23-285_A1,13
TCTCGTGTTACGAGGA-1_V13B23-285_A1,10
TCTCTAATAGCTGGTA-1_V13B23-285_A1,10
TCTCTCGCCGCACATA-1_V13B23-285_A1,3
TCTCTTACCGCGAACC-1_V13B23-285_A1,1
TCTGAACCGGTCGGCT-1_V13B23-285_A1,7
TCTGAACTCGTACCCG-1_V13B23-285_A1,7
TCTGAAGCACGTGGTC-1_V13B23-285_A1,7
TCTGAATTCCGTACAA-1_V13B23-285_A1,1
TCTGACGGGCTAACCC-1_V13B23-285_A1,8
TCTGACTGTAATGGTT-1_V13B23-285_A1,1
TCTGAGCAATTGACTG-1_V13B23-285_A1,3
TCTGATCGGGTGCTAG-1_V13B23-285_A1,5
TCTGATGTATTCTGTC-1_V13B23-285_A1,3
TCTGATTGGAAATGGA-1_V13B23-285_A1,5
TCTGCAGATTCGAGTC-1_V13B23-285_A1,10
TCTGCATACCTTGCTT-1_V13B23-285_A1,7
TCTGCCAGAAACTGCA-1_V13B23-285_A1,10
TCTGCGTCCGGTTTCT-1_V13B23-285_A1,13
TCTGGCCGTTCAAGTT-1_V13B23-285_A1,5
TCTGGCGCAAGCCGGG-1_V13B23-285_A1,10
TCTGGGAACCTTTGAA-1_V13B23-285_A1,1
TCTGGGTAGCGCTCAT-1_V13B23-285_A1,10
TCTGTCATACAAGAGC-1_V13B23-285_A1,1
TCTGTGACTGACCGTT-1_V13B23-285_A1,13
TCTGTGCCATCATAGT-1_V13B23-285_A1,10
TCTGTGGCTACATTTC-1_V13B23-285_A1,13
TCTGTTACCCAGCATA-1_V13B23-285_A1,10
TCTTAACTCGGATGTA-1_V13B23-285_A1,10
TCTTACAGAGGTACCG-1_V13B23-285_A1,13
TCTTACCGGAACTCGT-1_V13B23-285_A1,1
TCTTACGGCATCCGAC-1_V13B23-285_A1,10
TCTTACTTATGCCTCT-1_V13B23-285_A1,7
TCTTAGAGCTCCAATT-1_V13B23-285_A1,5
TCTTAGAGTGAACTCT-1_V13B23-285_A1,7
TCTTCCCATGGGCACA-1_V13B23-285_A1,1
TCTTCGAATAGACGTT-1_V13B23-285_A1,10
TCTTCGATACCAATAA-1_V13B23-285_A1,10
TCTTCGCGGTGAGAGG-1_V13B23-285_A1,7
TCTTCTATAACCCGCC-1_V13B23-285_A1,5
TCTTGATGCGTAGCGA-1_V13B23-285_A1,10
TCTTGCTCCCGATACT-1_V13B23-285_A1,1
TCTTGGTAACACCAAA-1_V13B23-285_A1,10
TCTTTAAGACTATGAA-1_V13B23-285_A1,1
TCTTTAGAGTCTAACA-1_V13B23-285_A1,7
TCTTTAGCAGGCGAAC-1_V13B23-285_A1,5
TCTTTCCTTCGAGATA-1_V13B23-285_A1,7
TGAAACCTCAACTCAC-1_V13B23-285_A1,9
TGAAACTTATGCAAGC-1_V13B23-285_A1,4
TGAAAGGACCTGACTC-1_V13B23-285_A1,10
TGAACTGCTATGACTT-1_V13B23-285_A1,10
TGAAGAGCGGTCCTAG-1_V13B23-285_A1,3
TGAAGTAGCTTACGGA-1_V13B23-285_A1,10
TGAATACCGACGCGTA-1_V13B23-285_A1,1
TGAATGAGTGTTTCCC-1_V13B23-285_A1,10
TGAATGTCAGCCGGCC-1_V13B23-285_A1,5
TGAATTTCACTTGCCT-1_V13B23-285_A1,10
TGACAACGCATGTCGC-1_V13B23-285_A1,5
TGACAGGACAAGTCCA-1_V13B23-285_A1,10
TGACATATATGACGAT-1_V13B23-285_A1,10
TGACATCGAGCGGACC-1_V13B23-285_A1,1
TGACATGTAACGTGAC-1_V13B23-285_A1,3
TGACCAAATCTTAAAC-1_V13B23-285_A1,5
TGACCCAACTCACATT-1_V13B23-285_A1,9
TGACCCACGTTAGACA-1_V13B23-285_A1,10
TGACGAATATTTCCCT-1_V13B23-285_A1,10
TGACGATGCACTAGAA-1_V13B23-285_A1,5
TGACTATAATCCTTTC-1_V13B23-285_A1,10
TGACTCCGAATCATAC-1_V13B23-285_A1,10
TGAGAATGCTTTACCG-1_V13B23-285_A1,10
TGAGACGTACCTCTCA-1_V13B23-285_A1,10
TGAGAGATTTACCACG-1_V13B23-285_A1,5
TGAGATCAAATACTCA-1_V13B23-285_A1,12
TGAGATTAGGCCCTAA-1_V13B23-285_A1,8
TGAGCAGTCGTGAAGT-1_V13B23-285_A1,13
TGAGCCATACAGTCTC-1_V13B23-285_A1,10
TGAGCGGAAAGTGTTC-1_V13B23-285_A1,8
TGAGCTTTAATGACGC-1_V13B23-285_A1,7
TGAGGAGTGCCAGCTT-1_V13B23-285_A1,7
TGAGGCATGTACTGTG-1_V13B23-285_A1,10
TGAGGTTGATCCCAAG-1_V13B23-285_A1,13
TGAGTAAATTAGCGTA-1_V13B23-285_A1,10
TGAGTGCCTCTTAAAT-1_V13B23-285_A1,10
TGAGTGGTCCGTGACG-1_V13B23-285_A1,1
TGAGTTAAAGACATTC-1_V13B23-285_A1,5
TGATACATTTAGCCGT-1_V13B23-285_A1,10
TGATAGCGGGATTCTA-1_V13B23-285_A1,10
TGATCAGGGAACTGCT-1_V13B23-285_A1,10
TGATCCCAGCATTAGT-1_V13B23-285_A1,7
TGATCGGTTTGACCCT-1_V13B23-285_A1,10
TGATCTACGCTGATCT-1_V13B23-285_A1,2
TGATCTCCGGCGCCAG-1_V13B23-285_A1,10
TGATGGCTGTTTCTGA-1_V13B23-285_A1,1
TGATGGGACTAAGTCA-1_V13B23-285_A1,2
TGATGTCAATTAAGTG-1_V13B23-285_A1,3
TGATTCAGGTCCCGCG-1_V13B23-285_A1,10
TGATTCCCGGTTACCT-1_V13B23-285_A1,10
TGATTCGTCTATCACT-1_V13B23-285_A1,10
TGATTCTGTCGCCGGT-1_V13B23-285_A1,10
TGATTTATTAGCTGTG-1_V13B23-285_A1,10
TGATTTCCTCCTGACG-1_V13B23-285_A1,13
TGCAAACCCACATCAA-1_V13B23-285_A1,9
TGCAACCCATCTGCGG-1_V13B23-285_A1,7
TGCAACTACTGGTTGA-1_V13B23-285_A1,7
TGCAAGAATGACGTAA-1_V13B23-285_A1,10
TGCAATCTAACACGGT-1_V13B23-285_A1,3
TGCACGAGTCGGCAGC-1_V13B23-285_A1,9
TGCACTATGTGAGTGC-1_V13B23-285_A1,7
TGCAGAACTATATCGT-1_V13B23-285_A1,10
TGCAGAGTACCGAGCA-1_V13B23-285_A1,10
TGCAGATCGTCCTAGG-1_V13B23-285_A1,10
TGCAGCTACGTACTTC-1_V13B23-285_A1,10
TGCAGGATCGGCAAAG-1_V13B23-285_A1,10
TGCAGTTTCCTCCCAT-1_V13B23-285_A1,5
TGCATATGTCTGTCAC-1_V13B23-285_A1,10
TGCATGGATCGGATCT-1_V13B23-285_A1,10
TGCATGTGGTAATCTA-1_V13B23-285_A1,1
TGCCAAAGTCAGACTT-1_V13B23-285_A1,10
TGCCAATGGGTACTCT-1_V13B23-285_A1,10
TGCCACACTAGAGGAA-1_V13B23-285_A1,10
TGCCACCTGGCGAAAC-1_V13B23-285_A1,10
TGCCAGTACGTGGAGA-1_V13B23-285_A1,5
TGCCATTACTAAAGAA-1_V13B23-285_A1,8
TGCCCGTACCGTTAAA-1_V13B23-285_A1,5
TGCCGAAAGCGTATTC-1_V13B23-285_A1,5
TGCCGGATGTACGAGC-1_V13B23-285_A1,10
TGCCGTGGATCGTCCT-1_V13B23-285_A1,7
TGCCGTGGGACCCAAT-1_V13B23-285_A1,8
TGCCGTTCTTAATCGG-1_V13B23-285_A1,10
TGCCTAATTGAAGATT-1_V13B23-285_A1,1
TGCCTGACATCGGTCA-1_V13B23-285_A1,13
TGCCTGATCAAACGAT-1_V13B23-285_A1,10
TGCCTTGGCCAGGCAA-1_V13B23-285_A1,5
TGCGAATATGGGATTT-1_V13B23-285_A1,10
TGCGACACCCTAGTGC-1_V13B23-285_A1,6
TGCGACGGCCGAACGT-1_V13B23-285_A1,10
TGCGAGAATATTACCC-1_V13B23-285_A1,10
TGCGATGCTAATGGCT-1_V13B23-285_A1,10
TGCGCAAAGCATTTGG-1_V13B23-285_A1,10
TGCGCCGTTAATAACG-1_V13B23-285_A1,5
TGCGCGATTAACGGAG-1_V13B23-285_A1,10
TGCGGACTTGACTCCG-1_V13B23-285_A1,1
TGCGGAGTAAAGGTGC-1_V13B23-285_A1,10
TGCGGCATAGTTCAAC-1_V13B23-285_A1,13
TGCGGTGAAATTTCAT-1_V13B23-285_A1,2
TGCGTAAGAACCTGAT-1_V13B23-285_A1,10
TGCGTACGGCTAATTG-1_V13B23-285_A1,7
TGCGTCATGACTGAGC-1_V13B23-285_A1,10
TGCGTGATTGGGTGTC-1_V13B23-285_A1,13
TGCGTTTGTTGACACT-1_V13B23-285_A1,10
TGCTAAGTGTCTATTT-1_V13B23-285_A1,7
TGCTATACAAACGGAC-1_V13B23-285_A1,8
TGCTCCACAGTTCTTA-1_V13B23-285_A1,7
TGCTCGGCGAAACCCA-1_V13B23-285_A1,7
TGCTCGGTGGGTCACC-1_V13B23-285_A1,7
TGCTCTTGAGAGTTTG-1_V13B23-285_A1,1
TGCTGGTTGGACAATT-1_V13B23-285_A1,1
TGCTGTTGAAGAACTC-1_V13B23-285_A1,10
TGCTTAGAGAGAATGC-1_V13B23-285_A1,1
TGCTTCCCAAGCAGTA-1_V13B23-285_A1,10
TGCTTGAAACCATGCA-1_V13B23-285_A1,13
TGGAAACGGAGTGAAC-1_V13B23-285_A1,13
TGGAACCACTGACACA-1_V13B23-285_A1,3
TGGAAGAAGGGAACGT-1_V13B23-285_A1,10
TGGAAGACGAACACCA-1_V13B23-285_A1,13
TGGAAGGATAAAGATG-1_V13B23-285_A1,10
TGGAATATCCTTGACC-1_V13B23-285_A1,8
TGGAATTAGACGCTTT-1_V13B23-285_A1,10
TGGACACCGTTGCTTG-1_V13B23-285_A1,10
TGGACCAATCTAAGAT-1_V13B23-285_A1,7
TGGACCACGGCGTTGA-1_V13B23-285_A1,13
TGGACGCAATCCAGCC-1_V13B23-285_A1,10
TGGACGTAGGCGAATC-1_V13B23-285_A1,2
TGGACTGTTCGCTCAA-1_V13B23-285_A1,10
TGGAGCTAAAGTTCCC-1_V13B23-285_A1,9
TGGAGGGAAACACCTC-1_V13B23-285_A1,8
TGGAGTGATGCGATGA-1_V13B23-285_A1,10
TGGATAGAGTAACAGA-1_V13B23-285_A1,13
TGGCAAACTAAATTAC-1_V13B23-285_A1,1
TGGCAACTCGCGCGCC-1_V13B23-285_A1,6
TGGCAAGCACAAGTCG-1_V13B23-285_A1,1
TGGCAATGGGACGGCG-1_V13B23-285_A1,3
TGGCAGATTACGATCA-1_V13B23-285_A1,10
TGGCAGCAGTAATAGT-1_V13B23-285_A1,10
TGGCATGAAGTTTGGG-1_V13B23-285_A1,5
TGGCCAAACTGAAGTA-1_V13B23-285_A1,8
TGGCCAATTTGGTACT-1_V13B23-285_A1,10
TGGCCGTATATTGACC-1_V13B23-285_A1,10
TGGCGACTGCTCCAAA-1_V13B23-285_A1,10
TGGCGATCAAGTTATG-1_V13B23-285_A1,10
TGGCGGTGTGCGATTG-1_V13B23-285_A1,13
TGGCTACACTCTACCT-1_V13B23-285_A1,3
TGGCTATGTGACATAC-1_V13B23-285_A1,7
TGGCTCTTGTCGCGTA-1_V13B23-285_A1,10
TGGCTTATGTATAATG-1_V13B23-285_A1,1
TGGCTTTGGGTAGACA-1_V13B23-285_A1,10
TGGGAAATGCCTTTCC-1_V13B23-285_A1,10
TGGGACCATTGGGAGT-1_V13B23-285_A1,2
TGGGCAATAGTTGGGT-1_V13B23-285_A1,5
TGGGCACAAACAGAAC-1_V13B23-285_A1,13
TGGGCACGTTCTATGG-1_V13B23-285_A1,13
TGGGCAGGCCACCGCA-1_V13B23-285_A1,7
TGGGCCACAAGAGCGC-1_V13B23-285_A1,10
TGGGCCCATACTAATT-1_V13B23-285_A1,5
TGGGCCTTGCCTGCAT-1_V13B23-285_A1,13
TGGGCGATACAATAAG-1_V13B23-285_A1,10
TGGGTAAGGTTCCCGC-1_V13B23-285_A1,11
TGGGTGCACAAGCCAT-1_V13B23-285_A1,7
TGGGTGTAATAGATTT-1_V13B23-285_A1,7
TGGGTTCCCGGACGGA-1_V13B23-285_A1,10
TGGTAAGCAGGATTGA-1_V13B23-285_A1,10
TGGTAGAATATATGGG-1_V13B23-285_A1,1
TGGTATCGCATCCCAA-1_V13B23-285_A1,14
TGGTATCGGTCTGTAT-1_V13B23-285_A1,12
TGGTCCCACGCTACGG-1_V13B23-285_A1,1
TGGTCGTGCAAGGCAA-1_V13B23-285_A1,10
TGGTCTAGCTTACATG-1_V13B23-285_A1,10
TGGTCTGTTGGGCGTA-1_V13B23-285_A1,10
TGGTGATCGTATTTGT-1_V13B23-285_A1,10
TGGTTAACTTACATTT-1_V13B23-285_A1,5
TGGTTAAGGGCGCTGG-1_V13B23-285_A1,8
TGGTTATGCTTGCGGT-1_V13B23-285_A1,10
TGGTTCAACGGGTAAT-1_V13B23-285_A1,11
TGGTTCGTAGCAAAGG-1_V13B23-285_A1,10
TGGTTGGAGGATCCTG-1_V13B23-285_A1,9
TGGTTTAAACGTGGGT-1_V13B23-285_A1,8
TGTAACTTGTCAACCT-1_V13B23-285_A1,13
TGTAATGACCACAATA-1_V13B23-285_A1,10
TGTACCTACACGAGGG-1_V13B23-285_A1,7
TGTACGAACAAATCCG-1_V13B23-285_A1,10
TGTACTACTCTCACGG-1_V13B23-285_A1,12
TGTACTGTGCCAAAGT-1_V13B23-285_A1,13
TGTAGCCAATTCCGTT-1_V13B23-285_A1,1
TGTAGCCATCCCATTC-1_V13B23-285_A1,7
TGTAGGAGAAATTTCC-1_V13B23-285_A1,10
TGTAGTGATCTATAAT-1_V13B23-285_A1,10
TGTATAACAGATCCTG-1_V13B23-285_A1,5
TGTATACGGATGATGA-1_V13B23-285_A1,8
TGTATCCTTATTCCAT-1_V13B23-285_A1,13
TGTATGGCGCAGACAG-1_V13B23-285_A1,5
TGTCATTTGTTGGGAA-1_V13B23-285_A1,9
TGTCCACGGCTCAACT-1_V13B23-285_A1,3
TGTCCCGACATAGCAC-1_V13B23-285_A1,3
TGTCCGTGGCGCCTTT-1_V13B23-285_A1,10
TGTCCTAAGTCACCGC-1_V13B23-285_A1,10
TGTCGGCATGGTGGAA-1_V13B23-285_A1,13
TGTCGTTATCACATAT-1_V13B23-285_A1,10
TGTCTACAGTTTCTGT-1_V13B23-285_A1,13
TGTGACTACGCCAGTC-1_V13B23-285_A1,10
TGTGACTAGAGTTTGC-1_V13B23-285_A1,7
TGTGAGACTAGCCCAA-1_V13B23-285_A1,10
TGTGCCAGAGGCAAAG-1_V13B23-285_A1,1
TGTGCCGGTGCCGGAA-1_V13B23-285_A1,1
TGTGCTTTACGTAAGA-1_V13B23-285_A1,10
TGTGGAGGAAGCTTAA-1_V13B23-285_A1,2
TGTGGCAAAGCGTATG-1_V13B23-285_A1,6
TGTGGCGGGCTTCTGG-1_V13B23-285_A1,1
TGTGGCTCCCACCAAC-1_V13B23-285_A1,5
TGTGGTTGCTAAAGCT-1_V13B23-285_A1,10
TGTGTAGTAGCACGTG-1_V13B23-285_A1,3
TGTGTCGAAGTCGAGG-1_V13B23-285_A1,10
TGTGTCGCGAGTTGCA-1_V13B23-285_A1,10
TGTGTGACCATGAATC-1_V13B23-285_A1,10
TGTGTTCGTATCCAAG-1_V13B23-285_A1,10
TGTTATTGTATGTGGC-1_V13B23-285_A1,10
TGTTCATAAATGTGCT-1_V13B23-285_A1,10
TGTTCCGCTTCCATGA-1_V13B23-285_A1,10
TGTTCCGGCCTGAGCT-1_V13B23-285_A1,7
TGTTCGTATTGCGGTG-1_V13B23-285_A1,10
TGTTCTTCCATTGACT-1_V13B23-285_A1,10
TGTTGCCGTCGTCCCA-1_V13B23-285_A1,5
TGTTGTCAAGAAGTCT-1_V13B23-285_A1,10
TGTTTAATACTTCATC-1_V13B23-285_A1,9
TGTTTCGGTACTTCTC-1_V13B23-285_A1,10
TGTTTGAGATCGTCAG-1_V13B23-285_A1,5
TTAAACAGAGTCCCGC-1_V13B23-285_A1,13
TTAAACCGGTAGCGAC-1_V13B23-285_A1,3
TTAAACCTGGTTCCTT-1_V13B23-285_A1,10
TTAAACTCGAATTCAT-1_V13B23-285_A1,5
TTAAAGTAAGTCGCCA-1_V13B23-285_A1,7
TTAACACCTCGAACAT-1_V13B23-285_A1,10
TTAACCAACCCTCCCT-1_V13B23-285_A1,10
TTAACGAACAAGCAGT-1_V13B23-285_A1,8
TTAACGTCGCAAGACC-1_V13B23-285_A1,13
TTAACGTTAAAGCCTG-1_V13B23-285_A1,10
TTAACTCACGCGTGGA-1_V13B23-285_A1,10
TTAACTTCAGGTAGGA-1_V13B23-285_A1,10
TTAAGATAGGATTGAC-1_V13B23-285_A1,7
TTAAGCCGACAACTTC-1_V13B23-285_A1,8
TTAAGCGCCTGACCCA-1_V13B23-285_A1,10
TTAAGGATACGGAGGT-1_V13B23-285_A1,13
TTAAGGCCCGTACTTT-1_V13B23-285_A1,3
TTAAGTATTGTTATCC-1_V13B23-285_A1,7
TTAATCAGTACGTCAG-1_V13B23-285_A1,8
TTAATGTAGACCAGGT-1_V13B23-285_A1,1
TTAATGTGTTTGCAGG-1_V13B23-285_A1,7
TTAATTGCTTTGGGTG-1_V13B23-285_A1,7
TTAATTTCAGACGCGG-1_V13B23-285_A1,10
TTACAACTACGCATCC-1_V13B23-285_A1,10
TTACACGATCTGCGAC-1_V13B23-285_A1,7
TTACAGACCTAAATGA-1_V13B23-285_A1,8
TTACATCGTGGCCTGG-1_V13B23-285_A1,1
TTACATGCCACAACTA-1_V13B23-285_A1,7
TTACCATTGATTACCC-1_V13B23-285_A1,10
TTACCCATTGCCGGGT-1_V13B23-285_A1,7
TTACCCTAACAGTCCT-1_V13B23-285_A1,10
TTACCCTAGGGATTGG-1_V13B23-285_A1,1
TTACCGCCTTAGGGAA-1_V13B23-285_A1,13
TTACGGATGGTTCGAG-1_V13B23-285_A1,1
TTACGGTGTCACCGAG-1_V13B23-285_A1,13
TTACGTATCTATGACA-1_V13B23-285_A1,7
TTACTAAAGGACTTTA-1_V13B23-285_A1,5
TTACTATCGGCTTCTC-1_V13B23-285_A1,10
TTACTCCGGCCGGGAA-1_V13B23-285_A1,10
TTACTCTGGTACGTAC-1_V13B23-285_A1,10
TTACTGGGATATTTCA-1_V13B23-285_A1,10
TTAGAAGAACATGACT-1_V13B23-285_A1,10
TTAGAATAAGGGTCGG-1_V13B23-285_A1,7
TTAGACACGATCGTTG-1_V13B23-285_A1,7
TTAGACGAGTCACCTC-1_V13B23-285_A1,5
TTAGAGGGATATACAG-1_V13B23-285_A1,10
TTAGAGTTTAGAAGGA-1_V13B23-285_A1,5
TTAGATAGGTCGATAC-1_V13B23-285_A1,13
TTAGCAACATGGATGT-1_V13B23-285_A1,13
TTAGCTAATACGATCT-1_V13B23-285_A1,8
TTAGCTCTGTAATCCG-1_V13B23-285_A1,10
TTAGCTGATTTGCCGT-1_V13B23-285_A1,1
TTAGGTCATAACCGAC-1_V13B23-285_A1,10
TTAGTAAACCTGCTCT-1_V13B23-285_A1,3
TTAGTAGGGCGGCGGG-1_V13B23-285_A1,10
TTAGTTATTCGTGGCA-1_V13B23-285_A1,7
TTAGTTCAAGTGTTCG-1_V13B23-285_A1,8
TTATAGATGCACATTA-1_V13B23-285_A1,8
TTATAGGTAATTGTCT-1_V13B23-285_A1,3
TTATATACGCTGTCAC-1_V13B23-285_A1,10
TTATATTTGGCAATCC-1_V13B23-285_A1,10
TTATCATACTCGCAAA-1_V13B23-285_A1,2
TTATCCAATCGAACTC-1_V13B23-285_A1,13
TTATCCGGGATCTATA-1_V13B23-285_A1,7
TTATCCTCAAGGAATA-1_V13B23-285_A1,10
TTATCGCCTGCGAAGC-1_V13B23-285_A1,10
TTATCTGACATTAGGA-1_V13B23-285_A1,10
TTATCTGTATCATAAC-1_V13B23-285_A1,10
TTATGAATGAAAGGGA-1_V13B23-285_A1,10
TTATGACAAACTGGAT-1_V13B23-285_A1,10
TTATGATCTTAACGAA-1_V13B23-285_A1,11
TTATGCGTCCCGGTCC-1_V13B23-285_A1,13
TTATGTTTGCGATAGA-1_V13B23-285_A1,10
TTATTAGAGCGTGTTC-1_V13B23-285_A1,10
TTATTAGGGAAGCATC-1_V13B23-285_A1,13
TTATTATCTGGAAGGC-1_V13B23-285_A1,7
TTATTTCATCCCAAAC-1_V13B23-285_A1,2
TTCAAAGTCTCTAGCC-1_V13B23-285_A1,10
TTCAACGACCCGACCG-1_V13B23-285_A1,10
TTCAAGCCGAGCTGAG-1_V13B23-285_A1,8
TTCAATACTCTGAATC-1_V13B23-285_A1,11
TTCACGAAAGGATCAC-1_V13B23-285_A1,10
TTCACTCGAGCACCTA-1_V13B23-285_A1,3
TTCACTTCCTAGAACG-1_V13B23-285_A1,10
TTCAGAGTAACCTGAC-1_V13B23-285_A1,13
TTCAGCCCTGGTCCAC-1_V13B23-285_A1,10
TTCAGCTGGCGTGCCC-1_V13B23-285_A1,7
TTCAGGCGTCAAAGCC-1_V13B23-285_A1,10
TTCAGTTTGTGGCAGC-1_V13B23-285_A1,10
TTCATAGCCTTGTAAC-1_V13B23-285_A1,13
TTCATAGGGTGTCCAT-1_V13B23-285_A1,10
TTCATGGCGCAACAGG-1_V13B23-285_A1,10
TTCCAATCAGAGCTAG-1_V13B23-285_A1,8
TTCCAATCTGGCTATC-1_V13B23-285_A1,10
TTCCACACAGATTTGA-1_V13B23-285_A1,10
TTCCAGACGAGATTTA-1_V13B23-285_A1,5
TTCCATCGACAGCGTG-1_V13B23-285_A1,7
TTCCCGGCGCCAATAG-1_V13B23-285_A1,10
TTCCGCAGAGAAATAT-1_V13B23-285_A1,8
TTCCGCGTGAGGCGAT-1_V13B23-285_A1,10
TTCCGGCCTTGAGGCT-1_V13B23-285_A1,10
TTCCGGTATCTGTGTC-1_V13B23-285_A1,5
TTCCGGTTACCCACTT-1_V13B23-285_A1,5
TTCCTCGAGGGTGTCT-1_V13B23-285_A1,10
TTCCTCGGACTAACCA-1_V13B23-285_A1,7
TTCCTCTGCCCGAATA-1_V13B23-285_A1,10
TTCCTTTCTGTGTTGC-1_V13B23-285_A1,13
TTCGACAGAGCCCGTG-1_V13B23-285_A1,10
TTCGACGGGAAGGGCG-1_V13B23-285_A1,10
TTCGCACTCGCGTGCT-1_V13B23-285_A1,10
TTCGCACTGTACGACA-1_V13B23-285_A1,10
TTCGCATCCGGAAGCA-1_V13B23-285_A1,13
TTCGCCGCTCGCGCTA-1_V13B23-285_A1,1
TTCGCGCGCCATACGA-1_V13B23-285_A1,1
TTCGCTAGGAAGTTGT-1_V13B23-285_A1,5
TTCGCTATCTGACGTG-1_V13B23-285_A1,8
TTCGGCAACCCGCTGA-1_V13B23-285_A1,4
TTCGGCTAGAGATGGT-1_V13B23-285_A1,13
TTCGGGACTAATCGCG-1_V13B23-285_A1,10
TTCGGGCGCTAGTCTT-1_V13B23-285_A1,10
TTCGGGTTGCCACGGG-1_V13B23-285_A1,7
TTCGGTACTGTAGAGG-1_V13B23-285_A1,5
TTCGGTGGAGACGCCC-1_V13B23-285_A1,5
TTCGTAATCCCAGCGG-1_V13B23-285_A1,9
TTCGTACTCCAGAACG-1_V13B23-285_A1,10
TTCGTTCAACGAAGTT-1_V13B23-285_A1,8
TTCTAACCGAAGCTTA-1_V13B23-285_A1,1
TTCTACTTGCGAGGGC-1_V13B23-285_A1,10
TTCTAGAAAGTCTTAT-1_V13B23-285_A1,1
TTCTAGGCCAATTGTG-1_V13B23-285_A1,10
TTCTATGCCTTTCGCA-1_V13B23-285_A1,1
TTCTATTAAACGCAGC-1_V13B23-285_A1,1
TTCTCTTACAGGTGAT-1_V13B23-285_A1,10
TTCTGACCGGGCTCAA-1_V13B23-285_A1,1
TTCTGCCGCGCCTAGA-1_V13B23-285_A1,10
TTCTGCGAGCGCCCTT-1_V13B23-285_A1,10
TTCTGCGGGTTAGCGG-1_V13B23-285_A1,10
TTCTGCTAGACTCCAA-1_V13B23-285_A1,7
TTCTGTTTCCTGTCGC-1_V13B23-285_A1,5
TTCTTAGTGAACGGTG-1_V13B23-285_A1,7
TTCTTAGTGGCTCAGA-1_V13B23-285_A1,1
TTCTTATCCGCTGGGT-1_V13B23-285_A1,1
TTCTTGAGCCGCGCTA-1_V13B23-285_A1,10
TTCTTGCTAGCATCTC-1_V13B23-285_A1,5
TTCTTGGACGATCTGC-1_V13B23-285_A1,10
TTCTTGGAGTAATGAG-1_V13B23-285_A1,6
TTCTTGTAACCTAATG-1_V13B23-285_A1,10
TTCTTGTGTCCATCAG-1_V13B23-285_A1,10
TTCTTTGGTCGCGACG-1_V13B23-285_A1,7
TTGAACGAATCCTTTG-1_V13B23-285_A1,2
TTGAACGACGTGCTGA-1_V13B23-285_A1,7
TTGAAGAATTCCCAGG-1_V13B23-285_A1,10
TTGAAGGATGGGCGCC-1_V13B23-285_A1,10
TTGAATATGGACTTTC-1_V13B23-285_A1,10
TTGAATCGTTGTATAA-1_V13B23-285_A1,10
TTGAATTCACGTGAGG-1_V13B23-285_A1,1
TTGACAGGAGCTCCCG-1_V13B23-285_A1,3
TTGACATGAACGTGGA-1_V13B23-285_A1,10
TTGACCAGGAACAACT-1_V13B23-285_A1,1
TTGACCATGTTCTCCG-1_V13B23-285_A1,10
TTGACCGTGTTAATGA-1_V13B23-285_A1,10
TTGACGATTCAGCACG-1_V13B23-285_A1,3
TTGACGCTCCATGAGC-1_V13B23-285_A1,7
TTGACTACCATATGGT-1_V13B23-285_A1,10
TTGACTATTGTCCGGC-1_V13B23-285_A1,7
TTGAGAAGTTTAGCAT-1_V13B23-285_A1,7
TTGAGAGTACTGCTAA-1_V13B23-285_A1,10
TTGAGCAGCCCACGGT-1_V13B23-285_A1,5
TTGAGCGCCACGTGAT-1_V13B23-285_A1,5
TTGATAGTCAATACAT-1_V13B23-285_A1,5
TTGATCTAACTTTGTC-1_V13B23-285_A1,10
TTGATGTGTAGTCCCG-1_V13B23-285_A1,6
TTGATTAGCTGTTTCT-1_V13B23-285_A1,10
TTGATTATGCAGATGA-1_V13B23-285_A1,10
TTGCAAGAAGACTCCT-1_V13B23-285_A1,3
TTGCACAATTCAGAAA-1_V13B23-285_A1,6
TTGCACGGAGCAGCAC-1_V13B23-285_A1,10
TTGCATGCTGATCACG-1_V13B23-285_A1,10
TTGCCAAGCAGAACCC-1_V13B23-285_A1,5
TTGCCATAGCCCGCTC-1_V13B23-285_A1,1
TTGCCCTGATCACGGG-1_V13B23-285_A1,10
TTGCCGCAGACCTACA-1_V13B23-285_A1,7
TTGCCGCTTTCTAGTA-1_V13B23-285_A1,7
TTGCCTTCTCGCCGGG-1_V13B23-285_A1,7
TTGCGCTCTCTCGCTT-1_V13B23-285_A1,10
TTGCGCTTGATCAATA-1_V13B23-285_A1,3
TTGCGGCATCAGAAAG-1_V13B23-285_A1,10
TTGCGTAGTTTGAGGA-1_V13B23-285_A1,10
TTGCGTCGGCCAACCG-1_V13B23-285_A1,10
TTGCGTGAACGCTTAG-1_V13B23-285_A1,9
TTGCGTGTGTAGGCAT-1_V13B23-285_A1,3
TTGCTAGCTACCAATC-1_V13B23-285_A1,13
TTGCTCATAGTACGTG-1_V13B23-285_A1,8
TTGCTCCCATACCGGA-1_V13B23-285_A1,10
TTGCTGAAGGAACCAC-1_V13B23-285_A1,10
TTGCTGATCATGTTCG-1_V13B23-285_A1,10
TTGCTGCACCTATCCA-1_V13B23-285_A1,7
TTGCTGGCCGGGCTTC-1_V13B23-285_A1,9
TTGGAAGAATACAGTC-1_V13B23-285_A1,10
TTGGACATGTGGCTTA-1_V13B23-285_A1,10
TTGGACCATCTGGCAA-1_V13B23-285_A1,5
TTGGACCTATAACAGT-1_V13B23-285_A1,7
TTGGAGTCTCCCTTCT-1_V13B23-285_A1,13
TTGGATATCGTCTACG-1_V13B23-285_A1,10
TTGGATCGACTTCTGG-1_V13B23-285_A1,7
TTGGATTGGGTACCAC-1_V13B23-285_A1,3
TTGGCCATCTTGCGCT-1_V13B23-285_A1,13
TTGGCCTAGAATTTCG-1_V13B23-285_A1,7
TTGGCGATCCGAATAT-1_V13B23-285_A1,5
TTGGCTCAATATGTGT-1_V13B23-285_A1,3
TTGGCTCGCATGAGAC-1_V13B23-285_A1,10
TTGGGAAGACGAGCCG-1_V13B23-285_A1,5
TTGGGACACTGCCCGC-1_V13B23-285_A1,11
TTGGGACGTAAGAGTT-1_V13B23-285_A1,7
TTGGGCGGCGGTTGCC-1_V13B23-285_A1,10
TTGGTATGGCTTGTGT-1_V13B23-285_A1,5
TTGGTCACACTCGTAA-1_V13B23-285_A1,10
TTGGTTGCGGTGCGCG-1_V13B23-285_A1,10
TTGTAAGGACCTAAGT-1_V13B23-285_A1,10
TTGTAAGGCCAGTTGG-1_V13B23-285_A1,10
TTGTAATCCGTACTCG-1_V13B23-285_A1,10
TTGTACACCTCGAACA-1_V13B23-285_A1,10
TTGTATCACACAGAAT-1_V13B23-285_A1,8
TTGTCACCGCGGTATC-1_V13B23-285_A1,10
TTGTCGTTCAGTTACC-1_V13B23-285_A1,10
TTGTGAACCTAATCCG-1_V13B23-285_A1,7
TTGTGAGGCATGACGC-1_V13B23-285_A1,10
TTGTGATCTGTTCAGT-1_V13B23-285_A1,7
TTGTGCAGCCACGTCA-1_V13B23-285_A1,3
TTGTGCGGAAGCGGAT-1_V13B23-285_A1,10
TTGTGGCCCTGACAGT-1_V13B23-285_A1,10
TTGTGGTAGGAGGGAT-1_V13B23-285_A1,10
TTGTGGTGGTACTAAG-1_V13B23-285_A1,7
TTGTGTATGCCACCAA-1_V13B23-285_A1,10
TTGTGTTTCCCGAAAG-1_V13B23-285_A1,10
TTGTTAGCAAATTCGA-1_V13B23-285_A1,10
TTGTTCAGTGTGCTAC-1_V13B23-285_A1,10
TTGTTCTAGATACGCT-1_V13B23-285_A1,10
TTGTTGTGTGTCAAGA-1_V13B23-285_A1,10
TTGTTTCACATCCAGG-1_V13B23-285_A1,10
TTGTTTCATTAGTCTA-1_V13B23-285_A1,3
TTGTTTCCATACAACT-1_V13B23-285_A1,10
TTGTTTGTGTAAATTC-1_V13B23-285_A1,1
AAACAAGTATCTCCCA-1_V13B23-285_B1,10
AAACACCAATAACTGC-1_V13B23-285_B1,7
AAACAGAGCGACTCCT-1_V13B23-285_B1,12
AAACAGCTTTCAGAAG-1_V13B23-285_B1,7
AAACAGGGTCTATATT-1_V13B23-285_B1,3
AAACATTTCCCGGATT-1_V13B23-285_B1,10
AAACCCGAACGAAATC-1_V13B23-285_B1,10
AAACCGGAAATGTTAA-1_V13B23-285_B1,10
AAACCGGGTAGGTACC-1_V13B23-285_B1,5
AAACCGTTCGTCCAGG-1_V13B23-285_B1,5
AAACCTCATGAAGTTG-1_V13B23-285_B1,13
AAACGAGACGGTTGAT-1_V13B23-285_B1,10
AAACGTGTTCGCCCTA-1_V13B23-285_B1,11
AAACTCGTGATATAAG-1_V13B23-285_B1,13
AAACTGCTGGCTCCAA-1_V13B23-285_B1,10
AAACTTGCAAACGTAT-1_V13B23-285_B1,13
AAAGACTGGGCGCTTT-1_V13B23-285_B1,5
AAAGCTTGCCTACATA-1_V13B23-285_B1,13
AAAGGCTACGGACCAT-1_V13B23-285_B1,10
AAAGGCTCTCGCGCCG-1_V13B23-285_B1,5
AAAGGGATGTAGCAAG-1_V13B23-285_B1,8
AAAGGGCAGCTTGAAT-1_V13B23-285_B1,7
AAAGGTAAGCTGTACC-1_V13B23-285_B1,2
AAAGTAGCATTGCTCA-1_V13B23-285_B1,3
AAAGTCGACCCTCAGT-1_V13B23-285_B1,13
AAAGTGTGATTTATCT-1_V13B23-285_B1,10
AAAGTTGACTCCCGTA-1_V13B23-285_B1,10
AAATAACCATACGGGA-1_V13B23-285_B1,12
AAATAAGGTAGTGCCC-1_V13B23-285_B1,13
AAATACCTATAAGCAT-1_V13B23-285_B1,10
AAATAGCTTAGACTTT-1_V13B23-285_B1,10
AAATAGGGTGCTATTG-1_V13B23-285_B1,10
AAATCGTGTACCACAA-1_V13B23-285_B1,5
AAATCTAGCCCTGCTA-1_V13B23-285_B1,10
AAATGATTCGATCAGC-1_V13B23-285_B1,13
AAATGCTCGTTACGTT-1_V13B23-285_B1,8
AAATGGCATGTCTTGT-1_V13B23-285_B1,9
AAATGGCCCGTGCCCT-1_V13B23-285_B1,5
AAATGGTCAATGTGCC-1_V13B23-285_B1,5
AAATTAACGGGTAGCT-1_V13B23-285_B1,5
AAATTACACGACTCTG-1_V13B23-285_B1,12
AAATTACCTATCGATG-1_V13B23-285_B1,1
AAATTCCAGGTCCAAA-1_V13B23-285_B1,10
AAATTGATAGTCCTTT-1_V13B23-285_B1,7
AAATTGGTGAGAAGCA-1_V13B23-285_B1,11
AAATTTGCGGGTGTGG-1_V13B23-285_B1,7
AACAACTGGTAGTTGC-1_V13B23-285_B1,5
AACAATACATTGTCGA-1_V13B23-285_B1,1
AACAATTACTCTACGC-1_V13B23-285_B1,7
AACACACGCTCGCCGC-1_V13B23-285_B1,10
AACACGAGACGCGGCC-1_V13B23-285_B1,13
AACAGCTGTGTGGCAA-1_V13B23-285_B1,7
AACAGGAAATCGAATA-1_V13B23-285_B1,12
AACAGGATGGGCCGCG-1_V13B23-285_B1,5
AACAGGTAGTATGGAT-1_V13B23-285_B1,10
AACATATCAACTGGTG-1_V13B23-285_B1,7
AACATCGATACGTCTA-1_V13B23-285_B1,13
AACCAAGACTTCTCTG-1_V13B23-285_B1,5
AACCATGGGATCGCTA-1_V13B23-285_B1,8
AACCCAGAGACGGAGA-1_V13B23-285_B1,8
AACCCATCCCATGATC-1_V13B23-285_B1,7
AACCCGAGCAGAATCG-1_V13B23-285_B1,10
AACCCTACTGTCAATA-1_V13B23-285_B1,10
AACCGAGCTTGGTCAT-1_V13B23-285_B1,8
AACCGCTAAGGGATGC-1_V13B23-285_B1,10
AACCGTTGTGTTTGCT-1_V13B23-285_B1,9
AACCTCGCTTTAGCCC-1_V13B23-285_B1,10
AACCTGTCACGGAATT-1_V13B23-285_B1,10
AACCTTTAAATACGGT-1_V13B23-285_B1,10
AACCTTTACGACGTCT-1_V13B23-285_B1,14
AACGATAATGCCGTAG-1_V13B23-285_B1,10
AACGATAGAAGGGCCG-1_V13B23-285_B1,12
AACGATATGTCAACTG-1_V13B23-285_B1,8
AACGCATGATCTGGGT-1_V13B23-285_B1,13
AACGCGGTCTCCAGCC-1_V13B23-285_B1,8
AACGCTGTTGCTGAAA-1_V13B23-285_B1,10
AACGGACGTACGTATA-1_V13B23-285_B1,10
AACGGCCATCTCCGGT-1_V13B23-285_B1,5
AACGTACTGTGGGTAC-1_V13B23-285_B1,5
AACGTCAGACTAGTGG-1_V13B23-285_B1,5
AACGTGATGAAGGACA-1_V13B23-285_B1,9
AACGTGCGAAAGTCTC-1_V13B23-285_B1,10
AACTACCCGTTTGTCA-1_V13B23-285_B1,10
AACTAGGCTTGGGTGT-1_V13B23-285_B1,7
AACTCAAGTTAATTGC-1_V13B23-285_B1,5
AACTCCAGAGCGTGTT-1_V13B23-285_B1,7
AACTCCTAATCCCATG-1_V13B23-285_B1,14
AACTCGATGGCGCAGT-1_V13B23-285_B1,8
AACTCTCAATAGAGCG-1_V13B23-285_B1,10
AACTCTCAGTGTGCTC-1_V13B23-285_B1,7
AACTGAGTTATACTGA-1_V13B23-285_B1,10
AACTGATATTAGGCCT-1_V13B23-285_B1,12
AACTGGGTCCCGACGT-1_V13B23-285_B1,12
AACTTCTGCGTCTATC-1_V13B23-285_B1,5
AACTTGCCCGTATGCA-1_V13B23-285_B1,7
AACTTGCGTTCTCGCG-1_V13B23-285_B1,4
AACTTTACGGGAGCTT-1_V13B23-285_B1,8
AACTTTCTCGATCATG-1_V13B23-285_B1,13
AAGAAATCACCAGATT-1_V13B23-285_B1,13
AAGAAGGATCAGTTAG-1_V13B23-285_B1,8
AAGACCCAACTGAACA-1_V13B23-285_B1,7
AAGACTGCAAGCTACT-1_V13B23-285_B1,10
AAGAGATGAATCGGTA-1_V13B23-285_B1,7
AAGAGCTCTTTATCGG-1_V13B23-285_B1,8
AAGAGGATGTACGCGA-1_V13B23-285_B1,4
AAGAGGCATGGATCGC-1_V13B23-285_B1,10
AAGAGGCCCTTTGGAA-1_V13B23-285_B1,10
AAGATGGCACCGGACC-1_V13B23-285_B1,1
AAGATTGGCGGAACGT-1_V13B23-285_B1,14
AAGCACCCTGCGTATC-1_V13B23-285_B1,10
AAGCATACTCTCCTGA-1_V13B23-285_B1,10
AAGCCGAAGCGGTTTA-1_V13B23-285_B1,10
AAGCCGCTTTACCTTG-1_V13B23-285_B1,13
AAGCCGGAGAGCAGGA-1_V13B23-285_B1,10
AAGCGGAGTGCGCGCA-1_V13B23-285_B1,2
AAGCGGCGTCATGGGT-1_V13B23-285_B1,14
AAGCGTCCCTCATCGA-1_V13B23-285_B1,7
AAGCTAGATCGAGTAA-1_V13B23-285_B1,10
AAGCTCGTGCCAAGTC-1_V13B23-285_B1,2
AAGCTCTTTCATGGTG-1_V13B23-285_B1,10
AAGGAGCGGTTGGTGC-1_V13B23-285_B1,5
AAGGATCGATCGCTTG-1_V13B23-285_B1,10
AAGGATGAGGGACCTC-1_V13B23-285_B1,13
AAGGCAGGCTGTCTCC-1_V13B23-285_B1,10
AAGGCGCGTAAAGCTT-1_V13B23-285_B1,5
AAGGCTGTGCTCATCG-1_V13B23-285_B1,5
AAGGGACAGATTCTGT-1_V13B23-285_B1,1
AAGGGACTATGCATTC-1_V13B23-285_B1,1
AAGGTATCCTAATATA-1_V13B23-285_B1,8
AAGGTGATAAACCAGC-1_V13B23-285_B1,10
AAGTAGAAGACCGGGT-1_V13B23-285_B1,8
AAGTAGTGACGCGAGG-1_V13B23-285_B1,5
AAGTCAATTGTCGTCA-1_V13B23-285_B1,10
AAGTCTAGTAGCTGCC-1_V13B23-285_B1,13
AAGTGACGACCGAATT-1_V13B23-285_B1,5
AAGTGAGTCGGGTTTA-1_V13B23-285_B1,5
AAGTGCAAAGGTAGAC-1_V13B23-285_B1,3
AAGTGCCTTGACTGTA-1_V13B23-285_B1,10
AAGTGCGTTAGAATCT-1_V13B23-285_B1,11
AAGTGTTTGGAGACGG-1_V13B23-285_B1,10
AAGTTCACTCCAAGCT-1_V13B23-285_B1,10
AAGTTCAGTCTGCGTA-1_V13B23-285_B1,13
AAGTTCGGCCAACAGG-1_V13B23-285_B1,5
AATAACAACGCTCGGC-1_V13B23-285_B1,5
AATAACACTAGAACAA-1_V13B23-285_B1,11
AATAATCTTCGTATCG-1_V13B23-285_B1,10
AATACAATGTTTCAGG-1_V13B23-285_B1,1
AATAGAACAGAGTGGC-1_V13B23-285_B1,5
AATAGAATCTGTTTCA-1_V13B23-285_B1,10
AATAGCTACCGCGTGC-1_V13B23-285_B1,13
AATAGTCCGTCCCGAC-1_V13B23-285_B1,7
AATAGTCGCGAGTCGG-1_V13B23-285_B1,5
AATATCGAATCAATGC-1_V13B23-285_B1,10
AATATCGAGGGTTCTC-1_V13B23-285_B1,13
AATATTGGAGTATTGA-1_V13B23-285_B1,5
AATCATGTAAAGACTC-1_V13B23-285_B1,10
AATCCAAGGGCCTGAG-1_V13B23-285_B1,9
AATCGCCTCAGCGCCA-1_V13B23-285_B1,10
AATCGCGCAGAGGACT-1_V13B23-285_B1,10
AATCTAGGTTTACTTG-1_V13B23-285_B1,5
AATCTATGCCGGAGCC-1_V13B23-285_B1,1
AATCTCTACTGTGGTT-1_V13B23-285_B1,13
AATCTGCGTTGGGACG-1_V13B23-285_B1,14
AATCTGGCTTTCTAGT-1_V13B23-285_B1,7
AATGACAGCAATGTCT-1_V13B23-285_B1,7
AATGACGTAGGATGTC-1_V13B23-285_B1,10
AATGACTGTCAGCCGG-1_V13B23-285_B1,8
AATGAGTTCGCATATG-1_V13B23-285_B1,8
AATGATGATACGCTAT-1_V13B23-285_B1,13
AATGATGCGACTCCTG-1_V13B23-285_B1,1
AATGCAACCGGGTACC-1_V13B23-285_B1,8
AATGCACCAAGCAATG-1_V13B23-285_B1,8
AATGGTCCACCGTTCA-1_V13B23-285_B1,1
AATGGTTCTCACAAGC-1_V13B23-285_B1,8
AATGTGCCCGAGGTGT-1_V13B23-285_B1,4
AATTAAAGGTCGGCGT-1_V13B23-285_B1,5
AATTAACGGATTTCCA-1_V13B23-285_B1,7
AATTAGCGCTGCAGCG-1_V13B23-285_B1,10
AATTCATAAGGGATCT-1_V13B23-285_B1,13
AATTCTAGAGTTAGGC-1_V13B23-285_B1,5
AATTGAACGCTCTGGT-1_V13B23-285_B1,10
AATTTGGGACATAGTA-1_V13B23-285_B1,11
AATTTGGTTCCAAAGA-1_V13B23-285_B1,9
ACAAATCGCACCGAAT-1_V13B23-285_B1,10
ACAAATGGTAGTGTTT-1_V13B23-285_B1,10
ACAACAGCATGAGCTA-1_V13B23-285_B1,6
ACAACGGTCCCTGCGA-1_V13B23-285_B1,5
ACAAGCAGTGCCTAGC-1_V13B23-285_B1,3
ACAAGGAAATCCGCCC-1_V13B23-285_B1,10
ACAAGGACAAGAGGTT-1_V13B23-285_B1,5
ACAAGGATGCTTTAGG-1_V13B23-285_B1,7
ACAAGGGCAGGCTCTG-1_V13B23-285_B1,10
ACAATAGTCGTACGTT-1_V13B23-285_B1,13
ACAATCCATTTAAACC-1_V13B23-285_B1,5
ACAATGAATACGGAGA-1_V13B23-285_B1,7
ACAATTGTGTCTCTTT-1_V13B23-285_B1,10
ACAATTTAGGAGGCTC-1_V13B23-285_B1,7
ACAATTTGAGCAGTGG-1_V13B23-285_B1,1
ACAATTTGGCCATATT-1_V13B23-285_B1,6
ACACAAAGACGGGTGG-1_V13B23-285_B1,8
ACACAAATATTCCTAG-1_V13B23-285_B1,2
ACACACCAGGACCAGT-1_V13B23-285_B1,10
ACACACTTTCTACACG-1_V13B23-285_B1,12
ACACATGATCAAATCT-1_V13B23-285_B1,3
ACACCACATAATTAGC-1_V13B23-285_B1,13
ACACCCAGCATGCAGC-1_V13B23-285_B1,8
ACACCCGAGAAATCCG-1_V13B23-285_B1,8
ACACCTTAAGTAGGGC-1_V13B23-285_B1,5
ACACCTTACTACTTGC-1_V13B23-285_B1,10
ACACGAGACTCCTTCT-1_V13B23-285_B1,6
ACACGGGAACTTAGGG-1_V13B23-285_B1,1
ACACGTAGGCCACAAG-1_V13B23-285_B1,10
ACACTCCAATGTCACT-1_V13B23-285_B1,8
ACACTGATCAAGGTGT-1_V13B23-285_B1,5
ACACTGGGACAGTCGT-1_V13B23-285_B1,10
ACAGAACTGAGAACAA-1_V13B23-285_B1,5
ACAGCGACATTCTCAT-1_V13B23-285_B1,10
ACAGCGCACCCGCAGC-1_V13B23-285_B1,9
ACAGGCTTGCCCGACT-1_V13B23-285_B1,10
ACAGGTGGAGGTGAGG-1_V13B23-285_B1,7
ACAGTAATACAACTTG-1_V13B23-285_B1,13
ACAGTATACCGTGGGA-1_V13B23-285_B1,13
ACATAATAAGGCGGTG-1_V13B23-285_B1,12
ACATCAGCTGGGACGC-1_V13B23-285_B1,3
ACATCCCGGCCATACG-1_V13B23-285_B1,7
ACATCCTGGTAACTGT-1_V13B23-285_B1,10
ACATCGATCGTTTACC-1_V13B23-285_B1,5
ACATCGGTCAGCCGCG-1_V13B23-285_B1,5
ACATCGTATGCAATGG-1_V13B23-285_B1,10
ACATCGTTAACCTAGT-1_V13B23-285_B1,9
ACATGGCGCCAAAGTA-1_V13B23-285_B1,10
ACATTAGTTTATATCC-1_V13B23-285_B1,1
ACCAAACACCCAGCGA-1_V13B23-285_B1,1
ACCAACACCACACACT-1_V13B23-285_B1,13
ACCAACGCTTATTTAT-1_V13B23-285_B1,5
ACCAAGAACGCGTGTC-1_V13B23-285_B1,8
ACCAATATGCAAGTTA-1_V13B23-285_B1,10
ACCACAAGTTTCTATC-1_V13B23-285_B1,5
ACCACCAATGTAACAA-1_V13B23-285_B1,10
ACCACCCTCTCTTCTA-1_V13B23-285_B1,13
ACCACGTGCAGCTATA-1_V13B23-285_B1,10
ACCAGTGCCCGGTCAA-1_V13B23-285_B1,2
ACCAGTGCGGGAGACG-1_V13B23-285_B1,10
ACCATATCCGCAATAA-1_V13B23-285_B1,5
ACCATCGTATATGGTA-1_V13B23-285_B1,7
ACCCAACGCCCGTGGC-1_V13B23-285_B1,13
ACCCACCTACATGCTC-1_V13B23-285_B1,7
ACCCATCTTGAGGGTA-1_V13B23-285_B1,5
ACCCATTTGTCCCTCT-1_V13B23-285_B1,10
ACCCGAGCGAAATTAC-1_V13B23-285_B1,5
ACCCGGAAACTCCCAG-1_V13B23-285_B1,7
ACCCGGAGCACCACAA-1_V13B23-285_B1,10
ACCCGGATGACGCATC-1_V13B23-285_B1,10
ACCCGGTTACACTTCC-1_V13B23-285_B1,5
ACCCGTGTCATCAGTA-1_V13B23-285_B1,7
ACCCTATAGGACTGAG-1_V13B23-285_B1,8
ACCCTATGCCATATCG-1_V13B23-285_B1,5
ACCCTCCCTTGCTATT-1_V13B23-285_B1,10
ACCCTGGTAACGCCCT-1_V13B23-285_B1,13
ACCCTTCATCTGCGAA-1_V13B23-285_B1,12
ACCCTTGCCTGGGTCG-1_V13B23-285_B1,11
ACCGAAGAGTCTGGTT-1_V13B23-285_B1,7
ACCGACACATCTCCCA-1_V13B23-285_B1,1
ACCGACTGAGTCCCAC-1_V13B23-285_B1,1
ACCGATAGGCATAACC-1_V13B23-285_B1,10
ACCGATATTTAATCAT-1_V13B23-285_B1,10
ACCGATGGTAGCATCG-1_V13B23-285_B1,10
ACCGCAATAACTGCCT-1_V13B23-285_B1,10
ACCGCGGTGGAAGTCG-1_V13B23-285_B1,4
ACCGGGCCTTTGTTGA-1_V13B23-285_B1,10
ACCGGTCAGGTACACC-1_V13B23-285_B1,3
ACCGTGACCACGTGGG-1_V13B23-285_B1,1
ACCTAAGTACCTTTCA-1_V13B23-285_B1,5
ACCTAATCGACTTCCT-1_V13B23-285_B1,5
ACCTACAGTATGTGGT-1_V13B23-285_B1,10
ACCTCCGCCCTCGCTG-1_V13B23-285_B1,10
ACCTCCGTTATTCACC-1_V13B23-285_B1,10
ACCTGCGTGTCATGTT-1_V13B23-285_B1,13
ACGAAATGGGCGGCAC-1_V13B23-285_B1,5
ACGACCCATGAGTTGC-1_V13B23-285_B1,10
ACGAGATATTTGCTTA-1_V13B23-285_B1,9
ACGAGGATACCACTCT-1_V13B23-285_B1,5
ACGAGGTTTACAACGT-1_V13B23-285_B1,7
ACGAGTACGGATGCCC-1_V13B23-285_B1,13
ACGATACATAGAACTA-1_V13B23-285_B1,8
ACGATCATACATAGAG-1_V13B23-285_B1,14
ACGATCATCTTGTAAA-1_V13B23-285_B1,10
ACGATGCATATGTTAT-1_V13B23-285_B1,5
ACGATGGATCCGATGC-1_V13B23-285_B1,9
ACGCAATCACTACAGC-1_V13B23-285_B1,13
ACGCATACGTTTACTA-1_V13B23-285_B1,10
ACGCATTCGTGAGTAC-1_V13B23-285_B1,5
ACGCCGCTAGACGACC-1_V13B23-285_B1,10
ACGCGAAGTCAGACGA-1_V13B23-285_B1,5
ACGCGCTACACAGGGT-1_V13B23-285_B1,5
ACGCGGGCCAAGGACA-1_V13B23-285_B1,5
ACGCTAGTGATACACT-1_V13B23-285_B1,13
ACGCTGTGAGGCGTAG-1_V13B23-285_B1,13
ACGGAATTTAGCAAAT-1_V13B23-285_B1,8
ACGGACTCTCAAAGCG-1_V13B23-285_B1,10
ACGGAGCGCAAATTAC-1_V13B23-285_B1,13
ACGGATGGTGCGGATA-1_V13B23-285_B1,10
ACGGCACTTGCTTGGG-1_V13B23-285_B1,5
ACGGCCAACATGGACT-1_V13B23-285_B1,5
ACGGCGACGATGGGAA-1_V13B23-285_B1,10
ACGGCTGGATGTAGAA-1_V13B23-285_B1,1
ACGGGAGTGTCGGCCC-1_V13B23-285_B1,1
ACGGGCGTATGCGACA-1_V13B23-285_B1,13
ACGGGTCATGTGACTT-1_V13B23-285_B1,7
ACGTACAGATTTCTCT-1_V13B23-285_B1,9
ACGTAGATTGCTGATG-1_V13B23-285_B1,10
ACGTATTACTCCGATC-1_V13B23-285_B1,10
ACGTGCGCCTCGTGCA-1_V13B23-285_B1,12
ACGTTAATGTCGAAGA-1_V13B23-285_B1,10
ACGTTAGATTTGCCCG-1_V13B23-285_B1,5
ACGTTATTGGTCACTC-1_V13B23-285_B1,1
ACGTTCGCAATCAATT-1_V13B23-285_B1,13
ACGTTCGTTCAGGAAA-1_V13B23-285_B1,5
ACGTTTAGTTGTGATC-1_V13B23-285_B1,6
ACTACCAGCTCTCTGG-1_V13B23-285_B1,5
ACTACGCGTTAGAATT-1_V13B23-285_B1,7
ACTAGTTGCGATCGTC-1_V13B23-285_B1,10
ACTATATGCTGTGTTC-1_V13B23-285_B1,14
ACTATCCAGGGCATGG-1_V13B23-285_B1,10
ACTATCTGCCCGCGTA-1_V13B23-285_B1,10
ACTATTCGTCCGTGGT-1_V13B23-285_B1,6
ACTATTTCCGGGCCCA-1_V13B23-285_B1,1
ACTCAAGTGCAAGGCT-1_V13B23-285_B1,4
ACTCAATAAAGGCACG-1_V13B23-285_B1,4
ACTCCCATTCCTAAAG-1_V13B23-285_B1,1
ACTCCCGAATTCGTTT-1_V13B23-285_B1,13
ACTCCCGTAGACTAGG-1_V13B23-285_B1,13
ACTCCCTAATGCTAAA-1_V13B23-285_B1,7
ACTCCCTAGAATAGTA-1_V13B23-285_B1,10
ACTCGCGATCTGACGC-1_V13B23-285_B1,6
ACTCGTAACCCGTCCT-1_V13B23-285_B1,7
ACTCGTCAGTAATCCC-1_V13B23-285_B1,10
ACTCTCTGACTTAGGT-1_V13B23-285_B1,10
ACTCTCTTATACACGA-1_V13B23-285_B1,2
ACTCTTCAGCTCCCGC-1_V13B23-285_B1,10
ACTCTTGTATAGTAAC-1_V13B23-285_B1,10
ACTGAAACGCCGTTAG-1_V13B23-285_B1,10
ACTGAATGGCGAAAGT-1_V13B23-285_B1,10
ACTGCCGTCGTAACTC-1_V13B23-285_B1,12
ACTGCGGACACACCGT-1_V13B23-285_B1,10
ACTGTACGATACACAT-1_V13B23-285_B1,1
ACTGTAGCACTTTGGA-1_V13B23-285_B1,5
ACTGTCCAGGATTATA-1_V13B23-285_B1,5
ACTGTCTTCTTTAGAA-1_V13B23-285_B1,8
ACTGTGCTAGTAGATC-1_V13B23-285_B1,8
ACTTACCGGGCGCGCA-1_V13B23-285_B1,13
ACTTACGCATCCACGC-1_V13B23-285_B1,10
ACTTAGTACGACAAGA-1_V13B23-285_B1,8
ACTTATACTTACCCGG-1_V13B23-285_B1,10
ACTTATTAGGATCGGT-1_V13B23-285_B1,5
ACTTATTTATGTGCCA-1_V13B23-285_B1,10
ACTTCAGGCTGATCCC-1_V13B23-285_B1,10
ACTTCCATGCGGGACA-1_V13B23-285_B1,7
ACTTCGCCATACGCAC-1_V13B23-285_B1,13
ACTTCGCTAGCGAGTG-1_V13B23-285_B1,13
ACTTGACTCCCTCTTT-1_V13B23-285_B1,10
ACTTGGGACCCGGTGG-1_V13B23-285_B1,5
ACTTGTGGATGGAACG-1_V13B23-285_B1,10
ACTTTACCCTCATGAA-1_V13B23-285_B1,13
ACTTTCCTATAGCTTC-1_V13B23-285_B1,8
ACTTTGGTCGTGCTCC-1_V13B23-285_B1,1
ACTTTGTCGACGCACT-1_V13B23-285_B1,10
AGAAATTATGACTCGC-1_V13B23-285_B1,10
AGAACCCAGCGTGACA-1_V13B23-285_B1,6
AGAACCCTCAATTGGG-1_V13B23-285_B1,1
AGAACGTGGTACATTC-1_V13B23-285_B1,1
AGAAGAGCGCCGTTCC-1_V13B23-285_B1,10
AGAAGGTACACTTCAC-1_V13B23-285_B1,7
AGAAGGTTGCCGAATT-1_V13B23-285_B1,5
AGAAGTGATTCGTGAT-1_V13B23-285_B1,7
AGAATGCGGGTTCGGA-1_V13B23-285_B1,11
AGAATTATGGATTCGA-1_V13B23-285_B1,1
AGAATTGTTTGACATA-1_V13B23-285_B1,8
AGACAGCTCAGAATCC-1_V13B23-285_B1,7
AGACAGGCATCTCAGC-1_V13B23-285_B1,10
AGACCAAACCACACCT-1_V13B23-285_B1,7
AGACCATGGGATACAA-1_V13B23-285_B1,5
AGACCCACCGCTGATC-1_V13B23-285_B1,5
AGACCCGCCCTCCTCG-1_V13B23-285_B1,5
AGACCGCTCCGCGGTT-1_V13B23-285_B1,10
AGACCGGGAAACCCTG-1_V13B23-285_B1,5
AGACGAAGTGCCGGTC-1_V13B23-285_B1,10
AGACGACGATGCCGCT-1_V13B23-285_B1,7
AGACGCCCACTTCGCC-1_V13B23-285_B1,10
AGACTAGCCTTCCAGA-1_V13B23-285_B1,7
AGAGAACCGTCTAGGA-1_V13B23-285_B1,13
AGAGAAGGAGTACAAT-1_V13B23-285_B1,1
AGAGATCTCTAAAGCG-1_V13B23-285_B1,5
AGAGCAGTTATGAGAC-1_V13B23-285_B1,7
AGAGCCGCCGAGATTT-1_V13B23-285_B1,10
AGAGCGCTTGTAACGG-1_V13B23-285_B1,13
AGAGCGGGCTAATCAT-1_V13B23-285_B1,12
AGAGCGTACAAGCTCG-1_V13B23-285_B1,7
AGAGGCTTCGGAAACC-1_V13B23-285_B1,10
AGAGTAAACTTCACTA-1_V13B23-285_B1,10
AGAGTATAGTGTTACG-1_V13B23-285_B1,13
AGATAACTTCAGGGCC-1_V13B23-285_B1,5
AGATACCAGCACTTCA-1_V13B23-285_B1,13
AGATACCGGTGTTCAC-1_V13B23-285_B1,5
AGATACGACTTCATAT-1_V13B23-285_B1,8
AGATACTCAAGATCGA-1_V13B23-285_B1,10
AGATCGTGCATAAGAT-1_V13B23-285_B1,8
AGATCTCAGGTGTGAT-1_V13B23-285_B1,1
AGATGACTCGCCCACG-1_V13B23-285_B1,8
AGATGAGGGTTGCGAT-1_V13B23-285_B1,13
AGATGATGGAGTCTGG-1_V13B23-285_B1,10
AGATGCAAGACGTGCA-1_V13B23-285_B1,3
AGATGCATCCTGTGTC-1_V13B23-285_B1,7
AGATTATAGGACGTTT-1_V13B23-285_B1,5
AGATTCACAACCGATA-1_V13B23-285_B1,1
AGCAAAGGCCGCTAGT-1_V13B23-285_B1,1
AGCAACATATCTTATT-1_V13B23-285_B1,10
AGCAACCGAAAGTAAT-1_V13B23-285_B1,7
AGCACCAGTACTCACG-1_V13B23-285_B1,3
AGCACTACCGGCCTGT-1_V13B23-285_B1,5
AGCACTACCTCACCAG-1_V13B23-285_B1,10
AGCACTTAAGGACGCC-1_V13B23-285_B1,5
AGCAGCCAGATGAATA-1_V13B23-285_B1,7
AGCATATCAATATGCT-1_V13B23-285_B1,10
AGCATCATTTCGAAAG-1_V13B23-285_B1,5
AGCATCGTCGATAATT-1_V13B23-285_B1,8
AGCCACTCCCGTGCTT-1_V13B23-285_B1,8
AGCCCATACATGTAAG-1_V13B23-285_B1,13
AGCCCGGTAGCCTGTA-1_V13B23-285_B1,3
AGCCCTAAGCGAAGTT-1_V13B23-285_B1,12
AGCCCTGTCGCACCGT-1_V13B23-285_B1,6
AGCCCTTCTAATCCGA-1_V13B23-285_B1,13
AGCCCTTGGACATCCC-1_V13B23-285_B1,10
AGCCGTGGCTAAATGT-1_V13B23-285_B1,5
AGCCTAATACCCACGT-1_V13B23-285_B1,7
AGCCTTAAAGCGGAAG-1_V13B23-285_B1,5
AGCGACAGGAACGGTC-1_V13B23-285_B1,3
AGCGACATCCCATTCA-1_V13B23-285_B1,2
AGCGACCAACGATATT-1_V13B23-285_B1,8
AGCGCATAATGAATCG-1_V13B23-285_B1,7
AGCGCGGGTGCCAATG-1_V13B23-285_B1,13
AGCGCTAGAGCGATGT-1_V13B23-285_B1,6
AGCGCTTATGGGCAAG-1_V13B23-285_B1,2
AGCGGACACTTCGTAG-1_V13B23-285_B1,7
AGCGGCGGTTAGCGGT-1_V13B23-285_B1,1
AGCGGGAAGGGTCCAT-1_V13B23-285_B1,8
AGCGGTTGCCGCTCTG-1_V13B23-285_B1,12
AGCGTGGTATTCTACT-1_V13B23-285_B1,10
AGCTAACAAGCAATGT-1_V13B23-285_B1,1
AGCTAGAAGCAGAAGT-1_V13B23-285_B1,11
AGCTCCATATATGTTC-1_V13B23-285_B1,10
AGCTCCTTCGCACATC-1_V13B23-285_B1,10
AGCTCGTTGATGGAAA-1_V13B23-285_B1,13
AGCTCTAGACGTTCCA-1_V13B23-285_B1,10
AGCTCTTCCCAGTGCA-1_V13B23-285_B1,11
AGCTCTTCGTAACCTT-1_V13B23-285_B1,10
AGCTCTTTACTCAGTT-1_V13B23-285_B1,5
AGCTGAAGTAAACCAA-1_V13B23-285_B1,8
AGCTGTAACCTCAATC-1_V13B23-285_B1,5
AGCTTGATCTTAACTT-1_V13B23-285_B1,5
AGGAAGCTGTCCGCCG-1_V13B23-285_B1,3
AGGACAGTCGAATCCC-1_V13B23-285_B1,10
AGGACATCGCACGTCG-1_V13B23-285_B1,8
AGGACGACCCATTAGA-1_V13B23-285_B1,5
AGGACGCTCGATGTTG-1_V13B23-285_B1,13
AGGAGACATCCACAGT-1_V13B23-285_B1,13
AGGAGAGTCTGGCTAC-1_V13B23-285_B1,13
AGGAGGCCTTCGCGCG-1_V13B23-285_B1,10
AGGATAAAGTCGGGAT-1_V13B23-285_B1,5
AGGATATAGGGATTTA-1_V13B23-285_B1,10
AGGATCACGCGATCTG-1_V13B23-285_B1,7
AGGATTGCTTACGACA-1_V13B23-285_B1,13
AGGCACGTGACTGTCC-1_V13B23-285_B1,10
AGGCAGATGCGTAAAC-1_V13B23-285_B1,13
AGGCAGGGAGCGTACT-1_V13B23-285_B1,7
AGGCATTGTCGTAGGG-1_V13B23-285_B1,10
AGGCCACATTGGTTAC-1_V13B23-285_B1,10
AGGCCACCCGTTATGA-1_V13B23-285_B1,4
AGGCCCATTGTACAGG-1_V13B23-285_B1,12
AGGCCCTAGAACGCCA-1_V13B23-285_B1,7
AGGCCTGAGAATCTCG-1_V13B23-285_B1,10
AGGCGATAACTGGCGT-1_V13B23-285_B1,10
AGGCGGTTTGTCCCGC-1_V13B23-285_B1,7
AGGCGTCTATGGACGG-1_V13B23-285_B1,11
AGGCTATGGTTAGCTT-1_V13B23-285_B1,7
AGGCTTCCCGAAGAAG-1_V13B23-285_B1,5
AGGCTTGCTAGACACC-1_V13B23-285_B1,1
AGGGAAACGAGGTACT-1_V13B23-285_B1,12
AGGGACCGGCTGCGTT-1_V13B23-285_B1,10
AGGGACTCTACGCGAC-1_V13B23-285_B1,5
AGGGAGACATACTTCG-1_V13B23-285_B1,13
AGGGCGAGCAGCTGAT-1_V13B23-285_B1,13
AGGGCGTGATCGGCTA-1_V13B23-285_B1,8
AGGGCTGCAGTTACAG-1_V13B23-285_B1,10
AGGGTCAGTAACCCTA-1_V13B23-285_B1,13
AGGGTCGATGCGAACT-1_V13B23-285_B1,10
AGGGTGCTCTCGAGGG-1_V13B23-285_B1,10
AGGGTGGATAGTGCAT-1_V13B23-285_B1,1
AGGGTTCCCTTTGGTT-1_V13B23-285_B1,13
AGGGTTTAGTTCGGGA-1_V13B23-285_B1,5
AGGTAACCTCCTATTC-1_V13B23-285_B1,9
AGGTACGATATTGCCA-1_V13B23-285_B1,9
AGGTAGGTACAAAGCT-1_V13B23-285_B1,5
AGGTATAATTGATAGT-1_V13B23-285_B1,10
AGGTATGCGGACATTA-1_V13B23-285_B1,7
AGGTCAGGTGAGAGTG-1_V13B23-285_B1,13
AGGTCGCCTCCCAACA-1_V13B23-285_B1,10
AGGTCGCGGAGTTACT-1_V13B23-285_B1,1
AGGTGTATCGCCATGA-1_V13B23-285_B1,13
AGGTTACACCATGCCG-1_V13B23-285_B1,6
AGGTTGAGGCACGCTT-1_V13B23-285_B1,8
AGGTTTCACACACCTT-1_V13B23-285_B1,5
AGTACATCATTTATCA-1_V13B23-285_B1,13
AGTACCTTCGAGTGCT-1_V13B23-285_B1,2
AGTACGGGCACCTGGC-1_V13B23-285_B1,8
AGTACTCTTATGCCCA-1_V13B23-285_B1,10
AGTAGGAAGGAAGTTG-1_V13B23-285_B1,13
AGTAGGTAACATACAT-1_V13B23-285_B1,9
AGTATAATACTAGGCA-1_V13B23-285_B1,5
AGTATGCTGGAGACCA-1_V13B23-285_B1,1
AGTATTTGGCACGACC-1_V13B23-285_B1,7
AGTCAACACCACCATC-1_V13B23-285_B1,5
AGTCAAGATGACACTT-1_V13B23-285_B1,10
AGTCACTAGCTCTCGA-1_V13B23-285_B1,10
AGTCAGCCACCGCCTG-1_V13B23-285_B1,8
AGTCCATTGGCTGATG-1_V13B23-285_B1,10
AGTCCCGCCTTTAATT-1_V13B23-285_B1,2
AGTCCCTCGCAGAAAG-1_V13B23-285_B1,13
AGTCGACGGTCTCAAG-1_V13B23-285_B1,10
AGTCGGCCCAAACGAC-1_V13B23-285_B1,5
AGTCGGCTCAACTTTA-1_V13B23-285_B1,1
AGTCGGTTGCGTGAGA-1_V13B23-285_B1,10
AGTCGTCGACCACCAA-1_V13B23-285_B1,10
AGTCGTGGGCATTACG-1_V13B23-285_B1,3
AGTCTAAAGTATACTC-1_V13B23-285_B1,13
AGTCTCACAAGACTAC-1_V13B23-285_B1,3
AGTCTGGACATCCTTG-1_V13B23-285_B1,7
AGTCTTCTCCTCAAAT-1_V13B23-285_B1,8
AGTGAACAAACTTCTC-1_V13B23-285_B1,10
AGTGAAGATGGTGTCC-1_V13B23-285_B1,13
AGTGACCTACTTTACG-1_V13B23-285_B1,5
AGTGAGACTTCCAGTA-1_V13B23-285_B1,10
AGTGAGCCTCGCCGCC-1_V13B23-285_B1,13
AGTGAGGGTTTCTGAC-1_V13B23-285_B1,2
AGTGATAACCTGCGCG-1_V13B23-285_B1,10
AGTGATATGAGTAGTT-1_V13B23-285_B1,3
AGTGATTCAAGCAGGA-1_V13B23-285_B1,10
AGTGCACGCTTAAGAA-1_V13B23-285_B1,10
AGTGCGTAGCTCGTAA-1_V13B23-285_B1,5
AGTGCTAAACACAGCA-1_V13B23-285_B1,7
AGTGCTTGCACGAATA-1_V13B23-285_B1,10
AGTGGCGGCAATTTGA-1_V13B23-285_B1,1
AGTGGCGTCTGAAGGT-1_V13B23-285_B1,10
AGTGGTTGCGTATAGG-1_V13B23-285_B1,13
AGTGTATTGCGCATTG-1_V13B23-285_B1,11
AGTGTGCTAAGATCGC-1_V13B23-285_B1,7
AGTGTGGTCTATTGTG-1_V13B23-285_B1,7
AGTTAAACACTTGCGA-1_V13B23-285_B1,5
AGTTAAGCGGTCCCGG-1_V13B23-285_B1,12
AGTTAAGTCAACCGCT-1_V13B23-285_B1,5
AGTTACCCTTAAGACT-1_V13B23-285_B1,3
AGTTACCGCACATGGT-1_V13B23-285_B1,7
AGTTACTCTATCGTGG-1_V13B23-285_B1,12
AGTTCACCGGTTGGAC-1_V13B23-285_B1,7
AGTTCCTACAGAATTA-1_V13B23-285_B1,5
AGTTCCTATTTATGTT-1_V13B23-285_B1,5
AGTTCTGCGTTGTATC-1_V13B23-285_B1,11
AGTTGCTGACTGATAT-1_V13B23-285_B1,8
AGTTTATGTAAAGACA-1_V13B23-285_B1,13
AGTTTCGCAGGTCGGA-1_V13B23-285_B1,9
AGTTTGCACCTGCCTC-1_V13B23-285_B1,10
AGTTTGGCACGGGTTG-1_V13B23-285_B1,10
AGTTTGGCCAGACCTA-1_V13B23-285_B1,7
ATAAACGGACCCGTAA-1_V13B23-285_B1,5
ATAAACGTTGCACCAC-1_V13B23-285_B1,10
ATAAAGGCTCGGTCGT-1_V13B23-285_B1,5
ATAAATATTAGCAGCT-1_V13B23-285_B1,5
ATAACGCCGGAGGGTC-1_V13B23-285_B1,10
ATAACGGAGTCCAACG-1_V13B23-285_B1,8
ATAAGGTGGAGAACAT-1_V13B23-285_B1,10
ATAAGTAGGATTCAGA-1_V13B23-285_B1,7
ATAAGTAGGGCGACTC-1_V13B23-285_B1,10
ATAAGTTACCGCGACG-1_V13B23-285_B1,5
ATAATACCGTTAGCCG-1_V13B23-285_B1,4
ATAATAGCTGTTGAAT-1_V13B23-285_B1,7
ATAATAGTGTAGGGAC-1_V13B23-285_B1,8
ATAATCTTGGAGAACC-1_V13B23-285_B1,10
ATACAGGCCCTCCAAT-1_V13B23-285_B1,10
ATACCACGGGCAACTT-1_V13B23-285_B1,5
ATACCGTCATCCATAA-1_V13B23-285_B1,8
ATACCTAACCAAGAAA-1_V13B23-285_B1,7
ATACGAAGGCTTTCCA-1_V13B23-285_B1,10
ATACGCCGGCGAAACC-1_V13B23-285_B1,10
ATACGGAACGTCGTTT-1_V13B23-285_B1,7
ATACGGGTTTCGATTG-1_V13B23-285_B1,8
ATACGGTGAAGATGCA-1_V13B23-285_B1,3
ATACGTACTTAGCCAC-1_V13B23-285_B1,10
ATACGTCCACTCCTGT-1_V13B23-285_B1,10
ATACTACCCGTACCAC-1_V13B23-285_B1,10
ATACTAGCATGACCCT-1_V13B23-285_B1,12
ATACTGCCTTACACCG-1_V13B23-285_B1,10
ATAGACAACGGGACCT-1_V13B23-285_B1,13
ATAGACGAAGAGAAAG-1_V13B23-285_B1,5
ATAGAGTACTGGGACA-1_V13B23-285_B1,5
ATAGAGTTATCAACTT-1_V13B23-285_B1,3
ATAGCAACTAGGGAAG-1_V13B23-285_B1,10
ATAGCCTCAGTACCCA-1_V13B23-285_B1,5
ATAGCTGCTCTTGTTA-1_V13B23-285_B1,7
ATAGGCGGCTATAGAA-1_V13B23-285_B1,7
ATAGGCTAGCTTCGCA-1_V13B23-285_B1,7
ATAGGGATATCCTTGA-1_V13B23-285_B1,8
ATAGGTTGGGCAGATG-1_V13B23-285_B1,7
ATAGTGAAGCGTTCTC-1_V13B23-285_B1,5
ATAGTTCCACCCACTC-1_V13B23-285_B1,10
ATATAAAGCGCTCGTG-1_V13B23-285_B1,1
ATATAAATGTAGCTGC-1_V13B23-285_B1,10
ATATACGCTCGTGACG-1_V13B23-285_B1,10
ATATCAACCTACAGAG-1_V13B23-285_B1,10
ATATCAATTCCAGCCT-1_V13B23-285_B1,11
ATATCGGTAGGGAGAT-1_V13B23-285_B1,10
ATATCGTTCCTCGAAC-1_V13B23-285_B1,10
ATATCTCCCTCGTTAA-1_V13B23-285_B1,12
ATATCTTAGGGCCTTC-1_V13B23-285_B1,5
ATATGTCTCCCTAGCC-1_V13B23-285_B1,10
ATATTCAGTTAAACCT-1_V13B23-285_B1,5
ATATTCCACATAGTGA-1_V13B23-285_B1,10
ATATTGCTGTCAAAGT-1_V13B23-285_B1,8
ATATTGGAGAGGCCTT-1_V13B23-285_B1,10
ATATTTAACCCTCAAG-1_V13B23-285_B1,5
ATCAAACACTGTTCCA-1_V13B23-285_B1,10
ATCAAACGAAGGTTTG-1_V13B23-285_B1,5
ATCAATCTGGGCTGCA-1_V13B23-285_B1,10
ATCAATGCCGTGGCTG-1_V13B23-285_B1,5
ATCACATTAGAATATC-1_V13B23-285_B1,8
ATCACGTGCTAATTAA-1_V13B23-285_B1,5
ATCACTTCATCCTCGC-1_V13B23-285_B1,8
ATCAGACGGCACGCCG-1_V13B23-285_B1,5
ATCAGCCTCATGCTGC-1_V13B23-285_B1,10
ATCAGCTCGTCCACTA-1_V13B23-285_B1,5
ATCAGTAGGCAGGGAT-1_V13B23-285_B1,8
ATCATAGCCCTATGTA-1_V13B23-285_B1,10
ATCATCCAATATTTGT-1_V13B23-285_B1,5
ATCATGGACTACCGAC-1_V13B23-285_B1,10
ATCCAACGCAGTCATA-1_V13B23-285_B1,5
ATCCAATGGAGGGTCC-1_V13B23-285_B1,13
ATCCACATCGACAGAA-1_V13B23-285_B1,8
ATCCAGAGCAACAACC-1_V13B23-285_B1,5
ATCCAGGATTCGTGAA-1_V13B23-285_B1,5
ATCCTACCTAAGCTCT-1_V13B23-285_B1,3
ATCCTGCGTGGAATGG-1_V13B23-285_B1,3
ATCCTTCTGAAAGAAC-1_V13B23-285_B1,10
ATCGACCCAATACAGA-1_V13B23-285_B1,4
ATCGACTCTTTCCGTT-1_V13B23-285_B1,8
ATCGCACGCCGGGAGA-1_V13B23-285_B1,8
ATCGCCAGTCAACATT-1_V13B23-285_B1,10
ATCGCTGCGTGCAGCA-1_V13B23-285_B1,13
ATCGCTTTACGTCTCA-1_V13B23-285_B1,13
ATCGGAGACAGACGGC-1_V13B23-285_B1,10
ATCGGCAAGCAGTCCA-1_V13B23-285_B1,8
ATCGGTTACCTAGTAA-1_V13B23-285_B1,3
ATCGTTAGCTAGCGGA-1_V13B23-285_B1,10
ATCGTTCACTTTCGCC-1_V13B23-285_B1,14
ATCTAATATCCTACGG-1_V13B23-285_B1,5
ATCTCCCACGGAATAT-1_V13B23-285_B1,10
ATCTCGTGAGCGAAAC-1_V13B23-285_B1,10
ATCTGATAGTGTCTTA-1_V13B23-285_B1,7
ATCTGCACCTCTGCGA-1_V13B23-285_B1,13
ATCTGGGCTGTTCTTG-1_V13B23-285_B1,7
ATCTGGTTAAGACTGT-1_V13B23-285_B1,13
ATCTGTAATTGTACCC-1_V13B23-285_B1,2
ATCTTGACCTGCAACG-1_V13B23-285_B1,11
ATCTTGACTTGTCCAA-1_V13B23-285_B1,13
ATCTTTCGTATAACCA-1_V13B23-285_B1,13
ATGAAGCCAAGGAGCC-1_V13B23-285_B1,4
ATGACGCCGGCTCTAA-1_V13B23-285_B1,2
ATGACGCGTTCTATCC-1_V13B23-285_B1,7
ATGACTATGCGACATT-1_V13B23-285_B1,10
ATGAGGAGTGTTAATC-1_V13B23-285_B1,3
ATGAGGGCAGCGGCTA-1_V13B23-285_B1,10
ATGATCGGGAATAGAC-1_V13B23-285_B1,12
ATGATGCAATGGTACA-1_V13B23-285_B1,1
ATGCACGCGCTGTTCA-1_V13B23-285_B1,3
ATGCACTACCGCATTG-1_V13B23-285_B1,5
ATGCATGATCCAGGAT-1_V13B23-285_B1,1
ATGCCAATCGCTCTGC-1_V13B23-285_B1,13
ATGCCATTTGCGACCA-1_V13B23-285_B1,10
ATGCCGGTCTTGCATA-1_V13B23-285_B1,6
ATGCCGGTTGATGGGA-1_V13B23-285_B1,8
ATGCGACAATTGGTCC-1_V13B23-285_B1,1
ATGCGACAGTCCCATT-1_V13B23-285_B1,10
ATGCGAGTCCCACCAC-1_V13B23-285_B1,10
ATGCTCAGTGTTGCAT-1_V13B23-285_B1,5
ATGCTCTGGCGCGGTA-1_V13B23-285_B1,10
ATGCTTAGGAGTTGAT-1_V13B23-285_B1,10
ATGGAAATTTAAGGAG-1_V13B23-285_B1,11
ATGGAACCTTTGCACA-1_V13B23-285_B1,10
ATGGAGCAGGCCGTGA-1_V13B23-285_B1,10
ATGGATCCGGCGTCCG-1_V13B23-285_B1,6
ATGGATTGACCAAACG-1_V13B23-285_B1,8
ATGGCAGCCGAGAAAC-1_V13B23-285_B1,3
ATGGCGGAATAGTCGC-1_V13B23-285_B1,3
ATGGCTGGAAATGGCC-1_V13B23-285_B1,14
ATGGGACCTGCTGAAC-1_V13B23-285_B1,7
ATGGGCCTCGGCCTCT-1_V13B23-285_B1,10
ATGGTCGCGTGGTTTC-1_V13B23-285_B1,10
ATGTAAGGCTGCTCTT-1_V13B23-285_B1,13
ATGTGAAAGCCTAATG-1_V13B23-285_B1,13
ATGTGCATCCGACGCA-1_V13B23-285_B1,8
ATGTGGACATCTTGAT-1_V13B23-285_B1,10
ATGTTACGAGCAATAC-1_V13B23-285_B1,8
ATGTTCCTGCCCACCT-1_V13B23-285_B1,7
ATGTTCGTCGACCCAC-1_V13B23-285_B1,7
ATGTTTCGGCCCGGAG-1_V13B23-285_B1,7
ATTAAACATGCGGACC-1_V13B23-285_B1,11
ATTAATACTACGCGGG-1_V13B23-285_B1,8
ATTAATGAACCAGTCG-1_V13B23-285_B1,8
ATTAATTCGGTCACTC-1_V13B23-285_B1,12
ATTACAACTACCGGCC-1_V13B23-285_B1,9
ATTACATGTCAGTCTT-1_V13B23-285_B1,10
ATTACCACACTGCCTG-1_V13B23-285_B1,10
ATTACGACTCCACAGT-1_V13B23-285_B1,13
ATTACGCGCTGGCAGG-1_V13B23-285_B1,5
ATTACTAGCCTCTTGC-1_V13B23-285_B1,8
ATTACTTACTGGGCAT-1_V13B23-285_B1,13
ATTAGATTCCTCAGCA-1_V13B23-285_B1,7
ATTAGATTGATAGCGG-1_V13B23-285_B1,8
ATTAGGCGATGCTTTC-1_V13B23-285_B1,10
ATTATAGCTACTTTAC-1_V13B23-285_B1,1
ATTATGCCATAGGGAG-1_V13B23-285_B1,8
ATTATTATGTCCGTCA-1_V13B23-285_B1,7
ATTCAACCATTTAAGG-1_V13B23-285_B1,10
ATTCACTGATGTTGGA-1_V13B23-285_B1,5
ATTCAGGACCTATTTC-1_V13B23-285_B1,8
ATTCAGTAGCAGGGTC-1_V13B23-285_B1,7
ATTCATATACTGTCCA-1_V13B23-285_B1,5
ATTCATCGTTGAGGCA-1_V13B23-285_B1,7
ATTCCCACATAAACAA-1_V13B23-285_B1,3
ATTCCTAAGACGTGGA-1_V13B23-285_B1,13
ATTCCTCCGCCAGTGC-1_V13B23-285_B1,5
ATTCGACGCCGGGCCT-1_V13B23-285_B1,5
ATTCGCAGAGGACACT-1_V13B23-285_B1,2
ATTCGTGCTATCTCTT-1_V13B23-285_B1,10
ATTCTTCGTACTTATG-1_V13B23-285_B1,9
ATTGAAGATCTTAGTG-1_V13B23-285_B1,5
ATTGACCGGCGATGAC-1_V13B23-285_B1,13
ATTGATAGCAACGAGA-1_V13B23-285_B1,8
ATTGATGAGTCCTAAC-1_V13B23-285_B1,10
ATTGCGATCAGTAACT-1_V13B23-285_B1,10
ATTGCTGCTCCTCCAT-1_V13B23-285_B1,5
ATTGGATTACAGCGTA-1_V13B23-285_B1,10
ATTGTACAACTCGGCT-1_V13B23-285_B1,10
ATTGTCGCAATACCTT-1_V13B23-285_B1,12
ATTGTGACTTCGCTGC-1_V13B23-285_B1,14
ATTGTTCAACGATCCG-1_V13B23-285_B1,10
ATTTAACTCGTATTAC-1_V13B23-285_B1,9
ATTTACAGTTTACTGG-1_V13B23-285_B1,5
ATTTACTAAGTCCATT-1_V13B23-285_B1,13
ATTTCATTATTTCGCG-1_V13B23-285_B1,6
ATTTCCGGGTTCTGCG-1_V13B23-285_B1,7
ATTTGCGCGAGTAGCT-1_V13B23-285_B1,1
ATTTGTCTTGGGAGCT-1_V13B23-285_B1,10
ATTTGTTCCAGGGCTC-1_V13B23-285_B1,12
CAAACGAGTATCGCAG-1_V13B23-285_B1,5
CAAACGGTCGCACTTT-1_V13B23-285_B1,5
CAAACTACGATAGAGA-1_V13B23-285_B1,11
CAAACTATTGAGCTTC-1_V13B23-285_B1,9
CAAACTCGCGACGCCG-1_V13B23-285_B1,10
CAAAGATTATTGGGCC-1_V13B23-285_B1,7
CAAAGGTCATCTGAAA-1_V13B23-285_B1,10
CAAAGTCAGGTTAGCT-1_V13B23-285_B1,3
CAAATCTCTCACAAGG-1_V13B23-285_B1,13
CAAATGTCCTTCCGTG-1_V13B23-285_B1,5
CAAATTGGATTATGCC-1_V13B23-285_B1,13
CAAATTGTCAGCAAGC-1_V13B23-285_B1,12
CAACACATCTCCTGCC-1_V13B23-285_B1,13
CAACCAGTGGCCTACC-1_V13B23-285_B1,10
CAACCTACCGAGCAGT-1_V13B23-285_B1,10
CAACCTGAACCTGCCA-1_V13B23-285_B1,13
CAACGACCCGTTTACA-1_V13B23-285_B1,8
CAACGGTTCTTGATAC-1_V13B23-285_B1,8
CAACGTGGTGGAGTCT-1_V13B23-285_B1,10
CAACTATATCGAATGC-1_V13B23-285_B1,6
CAACTCCGTAACTTGC-1_V13B23-285_B1,14
CAACTCCTTGATCCCG-1_V13B23-285_B1,8
CAACTGCTCATCCGAT-1_V13B23-285_B1,7
CAAGACTCAGAAGCGC-1_V13B23-285_B1,13
CAAGAGGGCGGAGTAC-1_V13B23-285_B1,10
CAAGATATTATAACGT-1_V13B23-285_B1,10
CAAGCAACGTCGGAGT-1_V13B23-285_B1,5
CAAGCGGCACATAATT-1_V13B23-285_B1,10
CAAGGATCGCATGTTC-1_V13B23-285_B1,10
CAAGGTCCTATAGGCT-1_V13B23-285_B1,10
CAAGTGTGGTTGCAAA-1_V13B23-285_B1,10
CAATAAACCTTGGCCC-1_V13B23-285_B1,11
CAATACGAGAGTCTGA-1_V13B23-285_B1,6
CAATATTCTTGACCTA-1_V13B23-285_B1,7
CAATCCCTATACCAGC-1_V13B23-285_B1,12
CAATCCTGCCGTGGAG-1_V13B23-285_B1,8
CAATGAGGTTCGACTA-1_V13B23-285_B1,13
CAATGCGAGAAGTATC-1_V13B23-285_B1,10
CAATGGAATCTACATA-1_V13B23-285_B1,9
CAATGGATCTCTACCA-1_V13B23-285_B1,13
CAATGTGCCAACCCTT-1_V13B23-285_B1,10
CAATTAAGGGTGATGA-1_V13B23-285_B1,1
CAATTTCGTATAAGGG-1_V13B23-285_B1,8
CACAAGAAAGATATTA-1_V13B23-285_B1,13
CACAATGAGCTGCTAT-1_V13B23-285_B1,5
CACACACGCTAACGAG-1_V13B23-285_B1,10
CACACAGCTTGCGCTC-1_V13B23-285_B1,10
CACACAGGGATAGATT-1_V13B23-285_B1,1
CACACGCGCTGTCTTA-1_V13B23-285_B1,1
CACAGCACCCACGGCA-1_V13B23-285_B1,5
CACAGCTAGGGAGTGA-1_V13B23-285_B1,12
CACAGGGCCATATAGT-1_V13B23-285_B1,10
CACAGGGCCGTTGTCA-1_V13B23-285_B1,7
CACAGTCCCGCTTCGC-1_V13B23-285_B1,10
CACAGTTCGCTTCCCA-1_V13B23-285_B1,10
CACATATTAGCAGGAT-1_V13B23-285_B1,10
CACATCGTGCACGCGC-1_V13B23-285_B1,7
CACATCTCACCGACGA-1_V13B23-285_B1,10
CACATGATTCAGCAAC-1_V13B23-285_B1,8
CACATTCTTTCGATGG-1_V13B23-285_B1,11
CACATTTCTTGTCAGA-1_V13B23-285_B1,10
CACCAGTCAGCATGCA-1_V13B23-285_B1,1
CACCATCGGAGGAGAC-1_V13B23-285_B1,9
CACCATGATCGCAAAG-1_V13B23-285_B1,14
CACCCAAATCTTATGT-1_V13B23-285_B1,10
CACCCACACGTCACCC-1_V13B23-285_B1,8
CACCCACGAGGCAATT-1_V13B23-285_B1,8
CACCCGGTTTGTGACT-1_V13B23-285_B1,7
CACCCTAACAAGATCT-1_V13B23-285_B1,10
CACCCTTGGTGAGACC-1_V13B23-285_B1,5
CACCGATACACCGAGC-1_V13B23-285_B1,9
CACCGCCAGAAGGTTT-1_V13B23-285_B1,2
CACCGCGTCCACTCTA-1_V13B23-285_B1,13
CACCGTATCCCATCCG-1_V13B23-285_B1,10
CACCGTTAGGGATCAC-1_V13B23-285_B1,7
CACCGTTGCGCGATAT-1_V13B23-285_B1,7
CACCTAATAGAGTCGT-1_V13B23-285_B1,8
CACCTAATCAGTTTAC-1_V13B23-285_B1,8
CACCTCGATGGTGGAC-1_V13B23-285_B1,12
CACCTTGCGAAACTCG-1_V13B23-285_B1,8
CACCTTGGCGCCTTTG-1_V13B23-285_B1,10
CACGAAAGTTAGTCCC-1_V13B23-285_B1,5
CACGCACAGCGCAGCT-1_V13B23-285_B1,8
CACGCAGCGAGGCTTT-1_V13B23-285_B1,5
CACGCGGAACTGTTGC-1_V13B23-285_B1,10
CACGGACGTGGATGGC-1_V13B23-285_B1,13
CACGGCGCGCCAAAGG-1_V13B23-285_B1,13
CACGTCAATCAATGGA-1_V13B23-285_B1,10
CACGTCGGCAACCTCT-1_V13B23-285_B1,1
CACGTTCGTGCTCTAG-1_V13B23-285_B1,10
CACGTTTCGTACACAC-1_V13B23-285_B1,10
CACTAAAGTTGCCTAT-1_V13B23-285_B1,5
CACTACGGGAGCTGCC-1_V13B23-285_B1,10
CACTCAAGAGCTATGG-1_V13B23-285_B1,5
CACTCAGCTCTTGAGG-1_V13B23-285_B1,9
CACTCCTATGTAAGAT-1_V13B23-285_B1,7
CACTCCTCTCGGTCGG-1_V13B23-285_B1,12
CACTCGAGCTGAACAA-1_V13B23-285_B1,10
CACTCGGTTAGGAGGA-1_V13B23-285_B1,13
CACTCTTCTGCTAGCC-1_V13B23-285_B1,10
CACTGTCCAAGTGAGA-1_V13B23-285_B1,8
CACTTAATCAGACGGA-1_V13B23-285_B1,5
CACTTCGCCACAGGCT-1_V13B23-285_B1,1
CACTTCGTCTTATCTC-1_V13B23-285_B1,8
CAGAACTTAGCCCTCT-1_V13B23-285_B1,10
CAGAATAACACACGGA-1_V13B23-285_B1,10
CAGAATATTCGTTATC-1_V13B23-285_B1,10
CAGACACCGATCGCTG-1_V13B23-285_B1,5
CAGACCTGTAAGTGTT-1_V13B23-285_B1,13
CAGACGAACCTGATAC-1_V13B23-285_B1,5
CAGAGACGGTCACCCA-1_V13B23-285_B1,5
CAGAGCATGAGCTTGC-1_V13B23-285_B1,7
CAGAGGCGATGCATGA-1_V13B23-285_B1,5
CAGATACTAACATAGT-1_V13B23-285_B1,5
CAGATCATTTAAAGTC-1_V13B23-285_B1,13
CAGATCCTGGTTTGAA-1_V13B23-285_B1,5
CAGCAGCCCGTTCCTT-1_V13B23-285_B1,13
CAGCAGTCCAGACTAT-1_V13B23-285_B1,6
CAGCAGTCTGTGCTGC-1_V13B23-285_B1,10
CAGCCGGGCCCTCTAT-1_V13B23-285_B1,9
CAGCCTCCTGCAGAGG-1_V13B23-285_B1,8
CAGCCTCTCCTCAAGA-1_V13B23-285_B1,13
CAGCGATTCCCTTCAA-1_V13B23-285_B1,3
CAGCTCACTGAGACAT-1_V13B23-285_B1,5
CAGCTCGACAAGTTAA-1_V13B23-285_B1,13
CAGCTCGTGCTTGTGT-1_V13B23-285_B1,9
CAGCTGGCGTAACCGT-1_V13B23-285_B1,5
CAGCTTAGTAGGTAGC-1_V13B23-285_B1,5
CAGGAAGACTTTATAT-1_V13B23-285_B1,12
CAGGACAGCTGCCCTT-1_V13B23-285_B1,1
CAGGATATATCGTTGT-1_V13B23-285_B1,5
CAGGCCGTTTGGGTGT-1_V13B23-285_B1,5
CAGGCGCACGGTGGTC-1_V13B23-285_B1,7
CAGGCGCCATGCTAGG-1_V13B23-285_B1,10
CAGGTTTAGTACTACA-1_V13B23-285_B1,2
CAGTAACTATTTATTG-1_V13B23-285_B1,13
CAGTAATCCCTCCCAG-1_V13B23-285_B1,5
CAGTACATTCTCTAAA-1_V13B23-285_B1,13
CAGTACCAGTTTACGT-1_V13B23-285_B1,3
CAGTAGCCCACGCGGT-1_V13B23-285_B1,13
CAGTCGAGGATGCAAT-1_V13B23-285_B1,11
CAGTCTGTATACTGGG-1_V13B23-285_B1,5
CAGTGAATAAATGACT-1_V13B23-285_B1,8
CAGTGGTTGCACATGA-1_V13B23-285_B1,8
CAGTGTCCGCAGAATG-1_V13B23-285_B1,8
CAGTGTCGGCTGGCCC-1_V13B23-285_B1,10
CAGTTCAAATTGACAC-1_V13B23-285_B1,5
CAGTTCCGCGGGTCGA-1_V13B23-285_B1,1
CATAACGGACAGTCGT-1_V13B23-285_B1,10
CATAAGAAGCTTGGCT-1_V13B23-285_B1,10
CATAAGCTCTCCGTCT-1_V13B23-285_B1,13
CATACAAAGCCGAACC-1_V13B23-285_B1,11
CATACACGGTTCCCAC-1_V13B23-285_B1,1
CATACCCGTACCCAGT-1_V13B23-285_B1,5
CATACGGCGTCTGGGC-1_V13B23-285_B1,5
CATACTATGTAATTGT-1_V13B23-285_B1,5
CATACTTAGGCAATAC-1_V13B23-285_B1,10
CATAGCCGCCCGGGAT-1_V13B23-285_B1,7
CATAGCGTTGCCCACC-1_V13B23-285_B1,5
CATAGTACATTGAGAG-1_V13B23-285_B1,9
CATAGTAGCATAGTAG-1_V13B23-285_B1,8
CATAGTCCACAAGAAC-1_V13B23-285_B1,5
CATATACTACTGATAA-1_V13B23-285_B1,13
CATATAGGTACAGTCA-1_V13B23-285_B1,5
CATATGTCAGGCTACG-1_V13B23-285_B1,3
CATATTATTTGCCCTA-1_V13B23-285_B1,9
CATCAAACTGGCGCCC-1_V13B23-285_B1,11
CATCAACACCTACTAA-1_V13B23-285_B1,7
CATCATCTACCCGGAC-1_V13B23-285_B1,9
CATCATTACCCTGAGG-1_V13B23-285_B1,10
CATCCGCAGGCCCGAA-1_V13B23-285_B1,4
CATCCTCTCAAAGATC-1_V13B23-285_B1,10
CATCGCCCGCGGCCAA-1_V13B23-285_B1,4
CATCGGACGGGTTAAT-1_V13B23-285_B1,5
CATCGTCCGGTTACTA-1_V13B23-285_B1,3
CATCTAGTGAAGGGAA-1_V13B23-285_B1,10
CATCTATCCCGTGTCT-1_V13B23-285_B1,13
CATCTGCAGGATCATT-1_V13B23-285_B1,3
CATCTTACACCACCTC-1_V13B23-285_B1,10
CATGACTTCGCTGAAT-1_V13B23-285_B1,10
CATGAGATGCACTCTC-1_V13B23-285_B1,10
CATGATGCACAATTCT-1_V13B23-285_B1,14
CATGATGGAAGTTAGC-1_V13B23-285_B1,10
CATGCCAACTCGCAAA-1_V13B23-285_B1,13
CATGCGACCAGTTTAA-1_V13B23-285_B1,1
CATGCGTTAGACAGAA-1_V13B23-285_B1,6
CATGCTGGCTCCAATT-1_V13B23-285_B1,9
CATGGATTGTCTTCCG-1_V13B23-285_B1,10
CATGGCAGGAAGATCG-1_V13B23-285_B1,6
CATGGGTATGCCTTAT-1_V13B23-285_B1,10
CATGGGTCGGGTGTGG-1_V13B23-285_B1,8
CATGGTAAGTAGCGTT-1_V13B23-285_B1,10
CATGGTATTAGTTTGT-1_V13B23-285_B1,7
CATGGTCTAGATACCG-1_V13B23-285_B1,4
CATGTAAGAGACATTT-1_V13B23-285_B1,10
CATGTAGGAGCGCCAA-1_V13B23-285_B1,13
CATGTCTCATTTATGG-1_V13B23-285_B1,10
CATTACATAGATTGTG-1_V13B23-285_B1,13
CATTACGTCGGCCCGT-1_V13B23-285_B1,12
CATTATGCTTGTTGTG-1_V13B23-285_B1,5
CATTCCCATTCCGTCG-1_V13B23-285_B1,13
CATTCCCTAAGTACAA-1_V13B23-285_B1,11
CATTCGTCGTAGCGGT-1_V13B23-285_B1,10
CATTGATGAACACGCC-1_V13B23-285_B1,13
CATTGCGGGTCAATTC-1_V13B23-285_B1,13
CATTGTGTGCTAGATC-1_V13B23-285_B1,8
CATTTAGCGGACCATG-1_V13B23-285_B1,13
CATTTCTAGCAGACTA-1_V13B23-285_B1,8
CATTTGAGTGGTACGT-1_V13B23-285_B1,5
CCAAACAGAACCCTCG-1_V13B23-285_B1,8
CCAAAGCAGTTGGTTG-1_V13B23-285_B1,7
CCAAATAACAAGATTC-1_V13B23-285_B1,10
CCAACGATGCACTGAT-1_V13B23-285_B1,5
CCAACGCTTGCCAGGG-1_V13B23-285_B1,14
CCAACTTGATAGATCC-1_V13B23-285_B1,10
CCAAGAAAGTGGGCGA-1_V13B23-285_B1,5
CCAAGACTTCTGCGAA-1_V13B23-285_B1,12
CCAAGCGTAACTCGTA-1_V13B23-285_B1,10
CCAAGGAACAGAGAGG-1_V13B23-285_B1,9
CCAAGTTTCTACAGAT-1_V13B23-285_B1,7
CCAATAGTGCCGTCGA-1_V13B23-285_B1,5
CCAATCGGTAGATCGA-1_V13B23-285_B1,12
CCAATGTCACAGCAAG-1_V13B23-285_B1,5
CCAATTACGGGTCGAG-1_V13B23-285_B1,8
CCAATTGAATGTTAAT-1_V13B23-285_B1,8
CCACAATGTACGTCTT-1_V13B23-285_B1,13
CCACACTGAGATATTA-1_V13B23-285_B1,5
CCACAGTACCCATCCT-1_V13B23-285_B1,10
CCACATACTGCACCCA-1_V13B23-285_B1,10
CCACCAACTTTACTGT-1_V13B23-285_B1,3
CCACCCAAGGAAAGTG-1_V13B23-285_B1,10
CCACCTGTATGGAATA-1_V13B23-285_B1,10
CCACGAATTTAACCTC-1_V13B23-285_B1,10
CCACGAGAAGAGAATC-1_V13B23-285_B1,12
CCACGGAGCCATAAGA-1_V13B23-285_B1,1
CCACGGTGCCCGGTAG-1_V13B23-285_B1,10
CCACGTAAATTAGACT-1_V13B23-285_B1,1
CCACTATCCGGGTCAC-1_V13B23-285_B1,13
CCACTGGTGGCTGGTT-1_V13B23-285_B1,5
CCACTGTTTGGATTAA-1_V13B23-285_B1,10
CCAGAAAGCAACTCAT-1_V13B23-285_B1,8
CCAGAGACAAAGCCGG-1_V13B23-285_B1,11
CCAGATAGTTGAGTGA-1_V13B23-285_B1,13
CCAGATGTAAATGGGT-1_V13B23-285_B1,13
CCAGCCTGGACCAATA-1_V13B23-285_B1,10
CCAGCGGGATCACCAG-1_V13B23-285_B1,13
CCAGCTGATGGTACTT-1_V13B23-285_B1,5
CCAGCTTCCGCCCGCA-1_V13B23-285_B1,7
CCAGGCTGGCGTCTGA-1_V13B23-285_B1,10
CCAGGGACGTGGCCTC-1_V13B23-285_B1,5
CCAGTAGTCTGATCCA-1_V13B23-285_B1,13
CCAGTCAAATCTCTTA-1_V13B23-285_B1,7
CCAGTCTAGACGGCGC-1_V13B23-285_B1,3
CCAGTCTTGTCATAGA-1_V13B23-285_B1,3
CCATAAACAACCCGAC-1_V13B23-285_B1,6
CCATACCTTTACTTGT-1_V13B23-285_B1,13
CCATAGGTTGGCGTGG-1_V13B23-285_B1,12
CCATAGTCAGTAACCC-1_V13B23-285_B1,8
CCATATGGAAACTATA-1_V13B23-285_B1,10
CCATATTGGATCATGA-1_V13B23-285_B1,7
CCATCCATACCAAGTC-1_V13B23-285_B1,8
CCATCGCAGTTAAACT-1_V13B23-285_B1,1
CCATCTCACCAGTGAA-1_V13B23-285_B1,10
CCATGCCCTAGATTTC-1_V13B23-285_B1,10
CCATGCCTGTTTAGTA-1_V13B23-285_B1,5
CCATGCTCTGCAGGAA-1_V13B23-285_B1,8
CCATGGCCCTTGTACC-1_V13B23-285_B1,5
CCATTAGCGATAATCC-1_V13B23-285_B1,5
CCATTCCCTGCCCACA-1_V13B23-285_B1,5
CCATTGTTTCCTCCAT-1_V13B23-285_B1,13
CCATTTCTACCTATTA-1_V13B23-285_B1,10
CCCAAACATGCTGCTC-1_V13B23-285_B1,10
CCCAACATACGTCGCG-1_V13B23-285_B1,5
CCCAATGAGATTTGCA-1_V13B23-285_B1,7
CCCAATTTCACAACTT-1_V13B23-285_B1,5
CCCAGAGGAGGGCGTA-1_V13B23-285_B1,1
CCCAGGTCTGAAGGCT-1_V13B23-285_B1,10
CCCAGTAAACTTGGGA-1_V13B23-285_B1,7
CCCAGTTAAGGCGCCG-1_V13B23-285_B1,10
CCCGACCATAGTCCGC-1_V13B23-285_B1,8
CCCGAGTTTCTCCGTA-1_V13B23-285_B1,10
CCCGATAGCCTCGCCT-1_V13B23-285_B1,10
CCCGCAGCGCGAACTA-1_V13B23-285_B1,10
CCCGCAGGGCCCAAAG-1_V13B23-285_B1,9
CCCGCCATGCTCCCGT-1_V13B23-285_B1,8
CCCGCGCAATGCACCC-1_V13B23-285_B1,5
CCCGGTGGAAGAACCT-1_V13B23-285_B1,11
CCCGGTGTATCGGAAT-1_V13B23-285_B1,5
CCCGTAAGTCTAGGCC-1_V13B23-285_B1,5
CCCGTAGCTGGGAAGA-1_V13B23-285_B1,3
CCCGTCAGCGTCTGAC-1_V13B23-285_B1,8
CCCGTTTCGCAGATGT-1_V13B23-285_B1,10
CCCTATGTAGAGCAGA-1_V13B23-285_B1,1
CCCTCATTCTGGAATT-1_V13B23-285_B1,8
CCCTCCTCGCTCGTAT-1_V13B23-285_B1,10
CCCTGAAATGAGTTGA-1_V13B23-285_B1,5
CCCTGACTAACAAATT-1_V13B23-285_B1,13
CCCTGATGTAACTCGT-1_V13B23-285_B1,8
CCCTGCCCAATCCGCT-1_V13B23-285_B1,5
CCCTGCGCTACGCATA-1_V13B23-285_B1,5
CCCTGTTGGCAAAGAC-1_V13B23-285_B1,7
CCCTTTGACAGGTCTT-1_V13B23-285_B1,5
CCGAAAGTGGTGAGCA-1_V13B23-285_B1,8
CCGAACACTGGGCCTC-1_V13B23-285_B1,13
CCGAACCTTCCCGGCC-1_V13B23-285_B1,10
CCGAAGGGCGTACCGC-1_V13B23-285_B1,13
CCGAAGTATATTGTTC-1_V13B23-285_B1,7
CCGACAAACACATGAG-1_V13B23-285_B1,5
CCGACAAAGGGAGTGC-1_V13B23-285_B1,5
CCGACAATAGGCCGCC-1_V13B23-285_B1,10
CCGACGGGCATGAGGT-1_V13B23-285_B1,5
CCGACGTAAACACAAC-1_V13B23-285_B1,8
CCGAGAAGTCGCATAA-1_V13B23-285_B1,10
CCGAGCTGTGCTTGTC-1_V13B23-285_B1,13
CCGATATGACGTAAGG-1_V13B23-285_B1,10
CCGATCTCAACCTTAT-1_V13B23-285_B1,10
CCGATTCGAGGGACCC-1_V13B23-285_B1,5
CCGCACAAAGACCAAC-1_V13B23-285_B1,10
CCGCACACGAACGTGT-1_V13B23-285_B1,10
CCGCACGTGACCTCGG-1_V13B23-285_B1,3
CCGCATGTGGTACGAT-1_V13B23-285_B1,3
CCGCCGGAACTTCTCG-1_V13B23-285_B1,3
CCGCCGGTCAACACAC-1_V13B23-285_B1,9
CCGCCGTTGAGGATAA-1_V13B23-285_B1,10
CCGCCTGCGAATTGGT-1_V13B23-285_B1,13
CCGCCTTGCGATGTCG-1_V13B23-285_B1,7
CCGCGGAATGCGTCAC-1_V13B23-285_B1,5
CCGCGGGTACGAAGAA-1_V13B23-285_B1,5
CCGCGTAGGTAAGGGC-1_V13B23-285_B1,7
CCGCTATCAGCACCAG-1_V13B23-285_B1,5
CCGCTTACCTCACTCT-1_V13B23-285_B1,5
CCGCTTGCTGACATGG-1_V13B23-285_B1,13
CCGGAAGTTATCAGTC-1_V13B23-285_B1,10
CCGGAATGGTTTCAGT-1_V13B23-285_B1,11
CCGGAGCGTACTTTCT-1_V13B23-285_B1,7
CCGGAGGTCTTATGGT-1_V13B23-285_B1,13
CCGGCACGACCGTTTC-1_V13B23-285_B1,10
CCGGCGCATATTGGAT-1_V13B23-285_B1,9
CCGGGACCCGCAGAGA-1_V13B23-285_B1,12
CCGGGCGGTCTCGTCA-1_V13B23-285_B1,6
CCGGGCTGCTCCATAC-1_V13B23-285_B1,10
CCGGGTTCGAGGTTAC-1_V13B23-285_B1,5
CCGGTAATGGCTAGTC-1_V13B23-285_B1,10
CCGGTTTGTAATTGTG-1_V13B23-285_B1,7
CCGTAAGTTGGTCCCA-1_V13B23-285_B1,8
CCGTACCCAAGCGCCA-1_V13B23-285_B1,8
CCGTAGGAAATCCCTG-1_V13B23-285_B1,10
CCGTAGGGTTGTTTAC-1_V13B23-285_B1,10
CCGTATCTCGTCGTAG-1_V13B23-285_B1,3
CCGTATTAGCGCAGTT-1_V13B23-285_B1,13
CCGTGAGGCATTCATG-1_V13B23-285_B1,10
CCGTGGAACGATCCAA-1_V13B23-285_B1,5
CCGTGTTAAATTCCAT-1_V13B23-285_B1,1
CCGTTACGTTAGAACA-1_V13B23-285_B1,8
CCGTTCCGAATCTCGG-1_V13B23-285_B1,5
CCTAAAGGCTGACGCT-1_V13B23-285_B1,12
CCTAAATTAACGGTTC-1_V13B23-285_B1,5
CCTAAATTGTATCCTA-1_V13B23-285_B1,10
CCTAACCCAAACAAGT-1_V13B23-285_B1,10
CCTAACTAAGGCTCTA-1_V13B23-285_B1,8
CCTACAAGTCCGGAAT-1_V13B23-285_B1,2
CCTACATTCACAGACG-1_V13B23-285_B1,7
CCTACGGCTCAGTCGA-1_V13B23-285_B1,8
CCTACTGCGGCGGCCA-1_V13B23-285_B1,13
CCTACTGCTTACACTT-1_V13B23-285_B1,5
CCTAGGCGTAGCGATC-1_V13B23-285_B1,10
CCTAGTTAGTCGCATG-1_V13B23-285_B1,9
CCTATAATGAGTGCCC-1_V13B23-285_B1,10
CCTATACCGTCCTGTC-1_V13B23-285_B1,5
CCTATATTTGTCCTGG-1_V13B23-285_B1,10
CCTATCTATATCGGAA-1_V13B23-285_B1,6
CCTATGAAGTGGTGCC-1_V13B23-285_B1,10
CCTATGGGTTACCGTC-1_V13B23-285_B1,11
CCTATGTCCACTCCAC-1_V13B23-285_B1,2
CCTCACCAATCTTGAC-1_V13B23-285_B1,8
CCTCACCTGAGGGAGC-1_V13B23-285_B1,13
CCTCACCTTAGCATCG-1_V13B23-285_B1,1
CCTCACGTCAGCTAAT-1_V13B23-285_B1,10
CCTCCGACAATTCAAG-1_V13B23-285_B1,5
CCTCCTGTTGTGTCGT-1_V13B23-285_B1,3
CCTCGAAGTGGACGGG-1_V13B23-285_B1,6
CCTCGCGCGATATAGG-1_V13B23-285_B1,14
CCTCGCGCTGTGCGAT-1_V13B23-285_B1,7
CCTCGGACCGGGATAG-1_V13B23-285_B1,10
CCTCGGATGCTACCTG-1_V13B23-285_B1,7
CCTCTAATCTGCCAAG-1_V13B23-285_B1,8
CCTCTATCGATTAGCA-1_V13B23-285_B1,7
CCTCTCTCCCATCTAG-1_V13B23-285_B1,5
CCTCTGGCCTAGACGG-1_V13B23-285_B1,12
CCTCTGTACTATTCTA-1_V13B23-285_B1,4
CCTGAACGATATATTC-1_V13B23-285_B1,10
CCTGAATATTTACATA-1_V13B23-285_B1,8
CCTGACCACCGATGGT-1_V13B23-285_B1,5
CCTGCGTTCTACGCTT-1_V13B23-285_B1,1
CCTGCTATTTGAGAAG-1_V13B23-285_B1,5
CCTGGAAACGTTCTGC-1_V13B23-285_B1,10
CCTGGCTAGACCCGCC-1_V13B23-285_B1,5
CCTGGTCGAATGTGGG-1_V13B23-285_B1,7
CCTGTAAGACATGATA-1_V13B23-285_B1,5
CCTGTACTCACGCCCA-1_V13B23-285_B1,5
CCTGTCACCCGGGCTC-1_V13B23-285_B1,1
CCTGTCCCTCACGTTA-1_V13B23-285_B1,10
CCTGTCGCCCGTAAAT-1_V13B23-285_B1,8
CCTGTTTGAAGACACG-1_V13B23-285_B1,10
CCTTCAGTTAAAGTGA-1_V13B23-285_B1,5
CCTTCTCAGCGTTCCT-1_V13B23-285_B1,13
CCTTGACCACTTTATT-1_V13B23-285_B1,10
CCTTTAAGGGAGCACT-1_V13B23-285_B1,7
CCTTTCAATGAAGAAA-1_V13B23-285_B1,1
CCTTTGAATTATGGCT-1_V13B23-285_B1,11
CGAAACATAGATGGCA-1_V13B23-285_B1,9
CGAAACGCAATTCATG-1_V13B23-285_B1,5
CGAACAGTATGGGCGT-1_V13B23-285_B1,10
CGAACCCGCATGCGTC-1_V13B23-285_B1,5
CGAACGCCCAGTGCCG-1_V13B23-285_B1,6
CGAACGGCCGGACAAC-1_V13B23-285_B1,7
CGAAGCTATAAATTCA-1_V13B23-285_B1,13
CGAAGTTGCTCTGTGT-1_V13B23-285_B1,5
CGACAATTTGATCTAA-1_V13B23-285_B1,10
CGACACGCTCCGACAG-1_V13B23-285_B1,10
CGACAGTTCGCGTTAT-1_V13B23-285_B1,5
CGACCCTTAACGCCGG-1_V13B23-285_B1,1
CGACTCAGGATGTTAT-1_V13B23-285_B1,13
CGACTTTGTATAGCCT-1_V13B23-285_B1,1
CGAGACCCTAGAGTGT-1_V13B23-285_B1,5
CGAGAGATGTGAACCT-1_V13B23-285_B1,1
CGAGAGCGCGTAGATA-1_V13B23-285_B1,13
CGAGAGGGTAGCCGCG-1_V13B23-285_B1,10
CGAGATTTCGCTCGGG-1_V13B23-285_B1,10
CGAGCACTTCAAGTTT-1_V13B23-285_B1,7
CGAGGAGCTTCCATAT-1_V13B23-285_B1,13
CGAGGATCGGGAACGA-1_V13B23-285_B1,13
CGAGGCCAGGCATTGG-1_V13B23-285_B1,8
CGAGGCTAAATATGGC-1_V13B23-285_B1,1
CGAGGGACTGCGGTCG-1_V13B23-285_B1,10
CGAGTACTAAAGAGGA-1_V13B23-285_B1,5
CGAGTTCTGTCCCACC-1_V13B23-285_B1,13
CGAGTTTATCGGACTG-1_V13B23-285_B1,10
CGATAATACTCAGGTT-1_V13B23-285_B1,6
CGATACCTCGCGGACA-1_V13B23-285_B1,5
CGATCATTAGAGGCAC-1_V13B23-285_B1,2
CGATCCGACCCAGTGC-1_V13B23-285_B1,5
CGATCTGTTGGAGGAC-1_V13B23-285_B1,7
CGATGGACCCTACGCC-1_V13B23-285_B1,14
CGATGTTGTTATCTAC-1_V13B23-285_B1,1
CGATTAAATATCTCCT-1_V13B23-285_B1,7
CGATTCGCCTGGCTGC-1_V13B23-285_B1,10
CGCAAACACGAGTTAC-1_V13B23-285_B1,5
CGCAATTACTTTCGGT-1_V13B23-285_B1,5
CGCAATTAGGGTAATA-1_V13B23-285_B1,5
CGCAATTCTACAATAA-1_V13B23-285_B1,7
CGCACATGTCCACTAC-1_V13B23-285_B1,10
CGCACGTGCGCTATCA-1_V13B23-285_B1,10
CGCAGATCTTCACCCG-1_V13B23-285_B1,13
CGCAGGCGATCCAAAC-1_V13B23-285_B1,10
CGCATCATGGCTTCAG-1_V13B23-285_B1,9
CGCATCCATCAGCCAG-1_V13B23-285_B1,13
CGCATGGTGCGATGCT-1_V13B23-285_B1,5
CGCATTAGCTAATAGG-1_V13B23-285_B1,8
CGCCAAGAAGCCGAGT-1_V13B23-285_B1,5
CGCCACAGGTCGCGAT-1_V13B23-285_B1,1
CGCCATCCGATTATGA-1_V13B23-285_B1,8
CGCCCAGCACGCCTAG-1_V13B23-285_B1,7
CGCCCGCTTCCGTACA-1_V13B23-285_B1,12
CGCCCTTGAAGGCTGA-1_V13B23-285_B1,13
CGCCGCCCATGCCTGT-1_V13B23-285_B1,10
CGCCGTCTACCCATCG-1_V13B23-285_B1,10
CGCCGTTCAGCATAGT-1_V13B23-285_B1,10
CGCCTCCCTCCTCTAT-1_V13B23-285_B1,10
CGCCTGGCCTACGTAA-1_V13B23-285_B1,5
CGCCTTTAGCATGCTC-1_V13B23-285_B1,6
CGCGACACTGCGCAGC-1_V13B23-285_B1,3
CGCGACCGCGACAGAT-1_V13B23-285_B1,10
CGCGAGAGGGACTTGT-1_V13B23-285_B1,13
CGCGAGTCTGCCGGGT-1_V13B23-285_B1,5
CGCGCAAATGTCCAGA-1_V13B23-285_B1,7
CGCGCATGTTTGATTG-1_V13B23-285_B1,5
CGCGCCCGACTTAATA-1_V13B23-285_B1,8
CGCGGCAGTATTACGG-1_V13B23-285_B1,14
CGCGGCTCAACTTGAA-1_V13B23-285_B1,10
CGCGGGAATTAGGCAG-1_V13B23-285_B1,1
CGCGGTAAGTCTAGCT-1_V13B23-285_B1,13
CGCGGTACGGTATACA-1_V13B23-285_B1,10
CGCGGTCACAAACCAA-1_V13B23-285_B1,13
CGCGTTCATGAAATAC-1_V13B23-285_B1,5
CGCTACGGGACATTTA-1_V13B23-285_B1,5
CGCTAGAGACCGCTGC-1_V13B23-285_B1,10
CGCTATACCGCCCACT-1_V13B23-285_B1,8
CGCTATTCAATGTATG-1_V13B23-285_B1,8
CGCTATTCTTAGGCTC-1_V13B23-285_B1,5
CGCTCGACATAATGAT-1_V13B23-285_B1,8
CGCTCTCCGTAGATTA-1_V13B23-285_B1,5
CGCTGGTGACTACCCT-1_V13B23-285_B1,10
CGCTGTGACGCCGCAC-1_V13B23-285_B1,5
CGCTGTGTGGATGTTG-1_V13B23-285_B1,3
CGCTTATTCCCGGTCG-1_V13B23-285_B1,5
CGCTTCCACTGAAATC-1_V13B23-285_B1,8
CGCTTTCATACCGGTG-1_V13B23-285_B1,9
CGCTTTCTTGCATTCG-1_V13B23-285_B1,3
CGGAAAGAATCAAACG-1_V13B23-285_B1,5
CGGAACGTAAACATAG-1_V13B23-285_B1,5
CGGAGCAATTTAATCG-1_V13B23-285_B1,7
CGGAGCATGGCGATCC-1_V13B23-285_B1,10
CGGAGCTTATAACACC-1_V13B23-285_B1,9
CGGAGTTTGAGAGACA-1_V13B23-285_B1,5
CGGATAAGCGGACATG-1_V13B23-285_B1,5
CGGATCCTCAAGGACT-1_V13B23-285_B1,10
CGGCAAACATCGTGCG-1_V13B23-285_B1,10
CGGCAATAAGATCGCC-1_V13B23-285_B1,10
CGGCACCGTTAGCGCC-1_V13B23-285_B1,14
CGGCACTCAAGAAAGT-1_V13B23-285_B1,8
CGGCAGGGTCGGGTTG-1_V13B23-285_B1,10
CGGCCACGCACAAAGT-1_V13B23-285_B1,5
CGGCCCAACCTGTAGT-1_V13B23-285_B1,13
CGGCCCAGGTATATCC-1_V13B23-285_B1,10
CGGCGCCATCAATCCC-1_V13B23-285_B1,10
CGGCTCTAAAGCTGCA-1_V13B23-285_B1,10
CGGCTCTTCGTCGAAC-1_V13B23-285_B1,2
CGGGAATATAGTATAC-1_V13B23-285_B1,10
CGGGAATTTATGTAAA-1_V13B23-285_B1,5
CGGGAGCTTCAGTGTA-1_V13B23-285_B1,10
CGGGAGTATACCGCCG-1_V13B23-285_B1,5
CGGGATCAATGTAAGA-1_V13B23-285_B1,8
CGGGCAGCTAAACCGC-1_V13B23-285_B1,5
CGGGCCATAGCCGCAC-1_V13B23-285_B1,8
CGGGCCTTCTTTGTAA-1_V13B23-285_B1,5
CGGGTGTACCCATTTA-1_V13B23-285_B1,10
CGGGTTTGTTAGGGCT-1_V13B23-285_B1,10
CGGTACTAGAATCAAA-1_V13B23-285_B1,10
CGGTAGAGGTGCAGGT-1_V13B23-285_B1,8
CGGTATAGGTATTAGC-1_V13B23-285_B1,13
CGGTCAAGTGGGAACC-1_V13B23-285_B1,8
CGGTCAGTCCATATTT-1_V13B23-285_B1,10
CGGTCCATGAGACTCC-1_V13B23-285_B1,13
CGGTCTATCAACCCGT-1_V13B23-285_B1,12
CGGTGAAGACTAAAGT-1_V13B23-285_B1,5
CGGTGCAGATAGAACG-1_V13B23-285_B1,5
CGGTGCGCGTTGGTCC-1_V13B23-285_B1,5
CGGTGGGCTCCAGCCT-1_V13B23-285_B1,13
CGGTGTACTTGATCCC-1_V13B23-285_B1,8
CGGTTATCCAACAGTG-1_V13B23-285_B1,13
CGGTTCAAGTAGGTGT-1_V13B23-285_B1,3
CGGTTGACCTGGCATA-1_V13B23-285_B1,5
CGGTTTATGAAGGAAC-1_V13B23-285_B1,2
CGTAAACGCTTGAGTG-1_V13B23-285_B1,9
CGTACCGAAAGTCTAG-1_V13B23-285_B1,8
CGTACCTGATAGGCCT-1_V13B23-285_B1,8
CGTAGCGAATTGTCAG-1_V13B23-285_B1,9
CGTATTAAGAGATCTA-1_V13B23-285_B1,5
CGTATTGTTTCCTAAT-1_V13B23-285_B1,13
CGTCAAATGGTCGCAG-1_V13B23-285_B1,13
CGTCAAGGCTATAAAT-1_V13B23-285_B1,1
CGTCAATCTTTAACAT-1_V13B23-285_B1,7
CGTCACGTCCATTGGT-1_V13B23-285_B1,5
CGTCAGCTATTTACTC-1_V13B23-285_B1,3
CGTCATACCATATCCA-1_V13B23-285_B1,5
CGTCGCGGCGGGATTT-1_V13B23-285_B1,11
CGTCGGATAGTGTTGA-1_V13B23-285_B1,10
CGTCGGGTCTAAGCGC-1_V13B23-285_B1,5
CGTCGTCCTTCGCGAA-1_V13B23-285_B1,10
CGTCTGGAAGGGCCCG-1_V13B23-285_B1,12
CGTCTTGAGTGTGACG-1_V13B23-285_B1,6
CGTGAAGTTAATTCAC-1_V13B23-285_B1,5
CGTGACATTGGGTCGT-1_V13B23-285_B1,12
CGTGCAGACTGGGACA-1_V13B23-285_B1,10
CGTGCATTGTCGACGC-1_V13B23-285_B1,5
CGTGCCCTCCCGAAGA-1_V13B23-285_B1,10
CGTGGAAGCCTCGTAC-1_V13B23-285_B1,10
CGTGGCCGAATATCTA-1_V13B23-285_B1,10
CGTGTCCCATTCGCGA-1_V13B23-285_B1,5
CGTGTCTCGTTACGAC-1_V13B23-285_B1,7
CGTGTGTTAAACCCTG-1_V13B23-285_B1,13
CGTTAAACTAGTTAGG-1_V13B23-285_B1,10
CGTTAATGTCCCGACG-1_V13B23-285_B1,1
CGTTAGCTCACAACTG-1_V13B23-285_B1,12
CGTTCATGGTGCGCGT-1_V13B23-285_B1,5
CGTTCTTCGCACACCT-1_V13B23-285_B1,13
CGTTGAATACCGCGCT-1_V13B23-285_B1,10
CGTTGAGCGACCGTCG-1_V13B23-285_B1,10
CGTTGAGTAATTGCGT-1_V13B23-285_B1,14
CGTTGTAAACGTCAGG-1_V13B23-285_B1,1
CGTTGTAAGATTGATT-1_V13B23-285_B1,13
CGTTGTTTCAATTCCC-1_V13B23-285_B1,5
CGTTTAAGCGGAGCAC-1_V13B23-285_B1,9
CGTTTACAAGGCAGCT-1_V13B23-285_B1,13
CGTTTCACTTCGGGCG-1_V13B23-285_B1,2
CGTTTCGCTCATTACA-1_V13B23-285_B1,5
CGTTTGGTGTTGTGGG-1_V13B23-285_B1,10
CGTTTGTGTAGAGGGT-1_V13B23-285_B1,7
CTAAAGAATGCCTACT-1_V13B23-285_B1,5
CTAAAGGGAAATAGGA-1_V13B23-285_B1,5
CTAAATCCGGTGTACA-1_V13B23-285_B1,1
CTAAATCCTATTCCGG-1_V13B23-285_B1,13
CTAACCGCGCGCCCGT-1_V13B23-285_B1,5
CTAACGAAACTTGCTG-1_V13B23-285_B1,11
CTAACTGATAATCGCC-1_V13B23-285_B1,10
CTAACTGGTCCGGTTC-1_V13B23-285_B1,3
CTAAGGGAATGATTGG-1_V13B23-285_B1,10
CTAATTCGCACGCGCT-1_V13B23-285_B1,1
CTAATTCTCAGATATT-1_V13B23-285_B1,13
CTAATTTCAACAACAC-1_V13B23-285_B1,5
CTACAAGAAATAACCC-1_V13B23-285_B1,7
CTACACTCGCAGATGG-1_V13B23-285_B1,10
CTACCCTAAGGTCATA-1_V13B23-285_B1,3
CTACGACTAGCTATAA-1_V13B23-285_B1,5
CTACGCACGGAGTACC-1_V13B23-285_B1,5
CTACTATCATAGGTTT-1_V13B23-285_B1,5
CTACTATCTTTCAGAG-1_V13B23-285_B1,13
CTACTCAAGGTATAGT-1_V13B23-285_B1,5
CTACTCTAGGCCCGGC-1_V13B23-285_B1,7
CTACTGCCACCTGACC-1_V13B23-285_B1,8
CTAGACTGCATTTCGT-1_V13B23-285_B1,14
CTAGATGTGAGTGTAA-1_V13B23-285_B1,6
CTAGATTTACGACGGC-1_V13B23-285_B1,10
CTAGCATAGTATAATG-1_V13B23-285_B1,10
CTAGCCACAGGCGAGC-1_V13B23-285_B1,10
CTAGCCGATGTTATGA-1_V13B23-285_B1,13
CTAGCTTAATGGTCCC-1_V13B23-285_B1,10
CTAGGCGCCCTATCAG-1_V13B23-285_B1,10
CTAGGTCTGAAGGAAT-1_V13B23-285_B1,10
CTAGGTTCGGACGTGA-1_V13B23-285_B1,10
CTAGTATTCGGAATTA-1_V13B23-285_B1,12
CTAGTCACGTCTTAAG-1_V13B23-285_B1,10
CTAGTGAAGGACAGGA-1_V13B23-285_B1,5
CTAGTTACAACCCGGT-1_V13B23-285_B1,10
CTAGTTGGGCCCGGTA-1_V13B23-285_B1,1
CTATAAGAGCCAATCG-1_V13B23-285_B1,1
CTATCGACGAAATACA-1_V13B23-285_B1,10
CTATCGCGTAGAGAAC-1_V13B23-285_B1,10
CTATCGGGTCTCAACA-1_V13B23-285_B1,10
CTATGGGAAGCGGAAT-1_V13B23-285_B1,10
CTATGTCACTAGCCCA-1_V13B23-285_B1,8
CTATGTGAGTCACGGC-1_V13B23-285_B1,13
CTATTCATGTGTCCCA-1_V13B23-285_B1,7
CTATTGTGTTTGGTCA-1_V13B23-285_B1,13
CTATTTGGTTACGGAT-1_V13B23-285_B1,10
CTCAAGACATTAGCGC-1_V13B23-285_B1,13
CTCACACGCAAGCCTA-1_V13B23-285_B1,13
CTCACATTTACTAAAT-1_V13B23-285_B1,11
CTCACTTGGCTGGTAA-1_V13B23-285_B1,5
CTCAGGACTCACCTGT-1_V13B23-285_B1,8
CTCAGTCACGACAAAT-1_V13B23-285_B1,11
CTCATCACTTAGTGAT-1_V13B23-285_B1,13
CTCATGGCTCACAATC-1_V13B23-285_B1,12
CTCATGGTAATTTGCG-1_V13B23-285_B1,3
CTCATTAACGTTGCCC-1_V13B23-285_B1,13
CTCATTGCTCTAACAA-1_V13B23-285_B1,10
CTCATTTGATGGGCGG-1_V13B23-285_B1,11
CTCCCAATGAGTCGCG-1_V13B23-285_B1,10
CTCCCTCCTTTCGATC-1_V13B23-285_B1,5
CTCCGCCCACATGAGG-1_V13B23-285_B1,7
CTCCGGCCTAATATGC-1_V13B23-285_B1,11
CTCCGGCTTGTAGACA-1_V13B23-285_B1,8
CTCCTAAGTTATGTCT-1_V13B23-285_B1,8
CTCCTCCAGCTCACAC-1_V13B23-285_B1,1
CTCCTGTTCAAGGCAG-1_V13B23-285_B1,10
CTCCTTTACGCAAGTC-1_V13B23-285_B1,13
CTCGAGACATACGATA-1_V13B23-285_B1,11
CTCGAGATCCAAAGCA-1_V13B23-285_B1,8
CTCGAGGTCGAACAGT-1_V13B23-285_B1,8
CTCGATATTTGCGAGC-1_V13B23-285_B1,13
CTCGCACCTATATAGT-1_V13B23-285_B1,11
CTCGCATTGCATAGCC-1_V13B23-285_B1,3
CTCGCCGAATGTAGGG-1_V13B23-285_B1,7
CTCGGGATAACACCTA-1_V13B23-285_B1,13
CTCGGGTTCTCTGGCC-1_V13B23-285_B1,7
CTCGGTACCACTGCTC-1_V13B23-285_B1,10
CTCGGTCCGTAGCCTG-1_V13B23-285_B1,8
CTCGGTTGTCGGCCCT-1_V13B23-285_B1,7
CTCGTCGAGGGCTCAT-1_V13B23-285_B1,7
CTCGTTTCTAATGTTT-1_V13B23-285_B1,13
CTCTAATGCATTGATC-1_V13B23-285_B1,13
CTCTACACTGGCGATT-1_V13B23-285_B1,13
CTCTATTTGGCTGCAG-1_V13B23-285_B1,10
CTCTCACAATCGATGA-1_V13B23-285_B1,10
CTCTCTAACTGCCTAG-1_V13B23-285_B1,7
CTCTGGACGCCTGGTG-1_V13B23-285_B1,5
CTCTGTTTGAGGATTC-1_V13B23-285_B1,6
CTCTTCTATTGACTGG-1_V13B23-285_B1,10
CTCTTGTCCCGCTTGG-1_V13B23-285_B1,7
CTGAAAGAGATCCGAC-1_V13B23-285_B1,12
CTGAATCCGAGACCTC-1_V13B23-285_B1,5
CTGAATTTATTGCCAG-1_V13B23-285_B1,13
CTGACATAGAAATAGA-1_V13B23-285_B1,10
CTGACTGCGCAGCTCG-1_V13B23-285_B1,6
CTGAGAAAGTTCGGCG-1_V13B23-285_B1,10
CTGAGCAAGTAACAAG-1_V13B23-285_B1,8
CTGAGCGAGACTTATT-1_V13B23-285_B1,13
CTGATAGTGTATCTCA-1_V13B23-285_B1,1
CTGCAAGCACGTTCCG-1_V13B23-285_B1,10
CTGCACAACTACATAT-1_V13B23-285_B1,10
CTGCACCTAGTCCACA-1_V13B23-285_B1,13
CTGCACCTGGAACCGC-1_V13B23-285_B1,12
CTGCACTCCAGTACAG-1_V13B23-285_B1,10
CTGCAGAGAATCAGAG-1_V13B23-285_B1,10
CTGCCAAGGTTGGAAG-1_V13B23-285_B1,8
CTGCCATGCATCACAT-1_V13B23-285_B1,5
CTGCCTAGCCACCAAG-1_V13B23-285_B1,9
CTGCCTCATATGCAAC-1_V13B23-285_B1,13
CTGCGGGTGAAATGTT-1_V13B23-285_B1,1
CTGCGGTAGTCACGTG-1_V13B23-285_B1,14
CTGCGTTACGATATAA-1_V13B23-285_B1,2
CTGCTGAGGCCACGAA-1_V13B23-285_B1,11
CTGCTGTCTAACGAGC-1_V13B23-285_B1,10
CTGCTTGGCGATAGCT-1_V13B23-285_B1,10
CTGCTTTATGTCCGCG-1_V13B23-285_B1,13
CTGGAAATGGATGCTT-1_V13B23-285_B1,5
CTGGAAGACACGGTGG-1_V13B23-285_B1,10
CTGGACGCAGTCCGGC-1_V13B23-285_B1,7
CTGGATTTACACTTGA-1_V13B23-285_B1,5
CTGGCATCCGAATGAG-1_V13B23-285_B1,3
CTGGCGACATAAGTCC-1_V13B23-285_B1,12
CTGGCGCACAGGTCTG-1_V13B23-285_B1,10
CTGGCGGGAATAAGTA-1_V13B23-285_B1,5
CTGGCTGATTCATCCT-1_V13B23-285_B1,10
CTGGCTGGTTGTCAGT-1_V13B23-285_B1,7
CTGGGATAAATAATGG-1_V13B23-285_B1,10
CTGGGATACGCTACCC-1_V13B23-285_B1,10
CTGGGCCTGCTATATC-1_V13B23-285_B1,5
CTGGGTAGGCAGTTAA-1_V13B23-285_B1,10
CTGGTAAAGTGTGGGC-1_V13B23-285_B1,10
CTGGTAACACATAGAA-1_V13B23-285_B1,10
CTGGTAACGAGCTCTT-1_V13B23-285_B1,1
CTGGTCATTCCAATCC-1_V13B23-285_B1,7
CTGGTTCGCGAGCTAC-1_V13B23-285_B1,6
CTGGTTTCGAGCAAGA-1_V13B23-285_B1,10
CTGTACTTCTTAGCAT-1_V13B23-285_B1,5
CTGTAGCCATCTCACT-1_V13B23-285_B1,5
CTGTATGGTGTAGAAA-1_V13B23-285_B1,8
CTGTCAAATGGCTCGG-1_V13B23-285_B1,8
CTGTCACGCCAGGCGC-1_V13B23-285_B1,14
CTGTGCAGGGTAGGTC-1_V13B23-285_B1,5
CTGTGGTCGGGAGATA-1_V13B23-285_B1,10
CTGTTACCCAATCTAG-1_V13B23-285_B1,5
CTGTTCACTGCCTGTG-1_V13B23-285_B1,8
CTGTTCATCTCACGGG-1_V13B23-285_B1,5
CTTAAATAAGACCCAT-1_V13B23-285_B1,3
CTTAACTTCGAAGTAC-1_V13B23-285_B1,9
CTTACACGGTATTCCA-1_V13B23-285_B1,5
CTTACACTGGGAAATA-1_V13B23-285_B1,8
CTTAGCCCGGATAGTG-1_V13B23-285_B1,7
CTTAGCCTTCCACATG-1_V13B23-285_B1,8
CTTAGGTCCCAATCGT-1_V13B23-285_B1,13
CTTAGTAGGCCTACAG-1_V13B23-285_B1,13
CTTAGTGTAGTAGCAT-1_V13B23-285_B1,10
CTTATAGATGGCTGTT-1_V13B23-285_B1,10
CTTATGTTGACTACCA-1_V13B23-285_B1,8
CTTCAACTCCACTTGG-1_V13B23-285_B1,10
CTTCAGTGGTCGCCTA-1_V13B23-285_B1,5
CTTCATAGCTCAAGAA-1_V13B23-285_B1,8
CTTCATTGTCAGTGGA-1_V13B23-285_B1,5
CTTCCGCTCCGTGAAG-1_V13B23-285_B1,5
CTTCGGCCAATTGTTT-1_V13B23-285_B1,10
CTTCGTAGATAGGTGA-1_V13B23-285_B1,5
CTTCTATGTTGAAGTA-1_V13B23-285_B1,1
CTTCTATTAATGCTAG-1_V13B23-285_B1,5
CTTCTTACGTCGTATA-1_V13B23-285_B1,2
CTTGAGGTTATCCCGA-1_V13B23-285_B1,8
CTTGAGTTAGGGTAAT-1_V13B23-285_B1,10
CTTGCAACCGCCTCCT-1_V13B23-285_B1,13
CTTGCCCAGGCTCTAC-1_V13B23-285_B1,5
CTTGGCCAAGCTGGGA-1_V13B23-285_B1,7
CTTGTACTTGTTGACT-1_V13B23-285_B1,8
CTTGTCAACATTCGAG-1_V13B23-285_B1,10
CTTGTGCTCACCGATT-1_V13B23-285_B1,8
CTTGTTGCTGAGTCAA-1_V13B23-285_B1,10
CTTGTTTATGTAGCCA-1_V13B23-285_B1,8
CTTTAACTTTCAAAGG-1_V13B23-285_B1,8
CTTTAATATTGGTCGA-1_V13B23-285_B1,10
CTTTACCGAATAGTAG-1_V13B23-285_B1,10
CTTTAGGAACACTGTT-1_V13B23-285_B1,10
CTTTAGTGCTATTATT-1_V13B23-285_B1,5
CTTTCTGTGCGGGCTT-1_V13B23-285_B1,10
CTTTGCATCGCTCTTG-1_V13B23-285_B1,7
CTTTGCTGTCATGGAT-1_V13B23-285_B1,10
CTTTGGCGCTTTATAC-1_V13B23-285_B1,1
CTTTGGCTTTAGTAAA-1_V13B23-285_B1,5
CTTTGGGATTGTTGCA-1_V13B23-285_B1,5
CTTTGTCGAATGCTCC-1_V13B23-285_B1,11
GAAACAGATGACCACC-1_V13B23-285_B1,10
GAAACAGCCATGCAGT-1_V13B23-285_B1,9
GAAACATAGGAAACAG-1_V13B23-285_B1,1
GAAACCATGGTGCGCT-1_V13B23-285_B1,13
GAAACCGAATTACCTT-1_V13B23-285_B1,5
GAAACCTATACAAATG-1_V13B23-285_B1,7
GAAACTCGTGCGATGC-1_V13B23-285_B1,7
GAAACTCTAATGAAGG-1_V13B23-285_B1,9
GAAAGAACAGCGTTAT-1_V13B23-285_B1,10
GAAAGCAGTGCACTTT-1_V13B23-285_B1,5
GAAAGCCCTTTGGACC-1_V13B23-285_B1,5
GAAAGTGACTAACTGC-1_V13B23-285_B1,5
GAAATACCTGCTGGCT-1_V13B23-285_B1,10
GAAATACTAAACGTTT-1_V13B23-285_B1,8
GAAATATCACCATCAG-1_V13B23-285_B1,5
GAAATATGCTTGAATG-1_V13B23-285_B1,13
GAAATCGCGCGCAACT-1_V13B23-285_B1,12
GAAATGGCGGTGTTAG-1_V13B23-285_B1,5
GAAATGGGATGTAAAC-1_V13B23-285_B1,8
GAAATTAGCACGGATA-1_V13B23-285_B1,4
GAAATTCACATCGCTG-1_V13B23-285_B1,9
GAAATTGTCTCTATAA-1_V13B23-285_B1,5
GAACACACATCAACCA-1_V13B23-285_B1,8
GAACAGATTACTAAAT-1_V13B23-285_B1,10
GAACATTAGTATGTTA-1_V13B23-285_B1,11
GAACCCTCTGTGTTCT-1_V13B23-285_B1,7
GAACGACCGAATGATA-1_V13B23-285_B1,12
GAACGATAAGTTAAAG-1_V13B23-285_B1,13
GAACGCGGGTCACACG-1_V13B23-285_B1,10
GAACGTCTCATGGTCG-1_V13B23-285_B1,13
GAACGTTAGGAAGACG-1_V13B23-285_B1,1
GAACTTGTGCACGGGA-1_V13B23-285_B1,13
GAAGAAACGATATTGT-1_V13B23-285_B1,1
GAAGAACGGTGCAGGT-1_V13B23-285_B1,9
GAAGCCTGCACATTCC-1_V13B23-285_B1,5
GAAGCGTGAGGAATTT-1_V13B23-285_B1,5
GAAGCTCGGACCCGTC-1_V13B23-285_B1,7
GAAGCTTGCTGACCGC-1_V13B23-285_B1,5
GAAGGCTACCATTGTT-1_V13B23-285_B1,13
GAAGGGCATAACCATG-1_V13B23-285_B1,3
GAAGTCAGTTGCACTA-1_V13B23-285_B1,5
GAAGTCTCCCTAGCGA-1_V13B23-285_B1,10
GAAGTGATTTATCGTG-1_V13B23-285_B1,5
GAAGTTTCCACTCAAT-1_V13B23-285_B1,5
GAATAGACGCGACCCA-1_V13B23-285_B1,10
GAATAGCATTTAGGGT-1_V13B23-285_B1,10
GAATAGCCCTGCGGTC-1_V13B23-285_B1,13
GAATAGTGCTCGATTA-1_V13B23-285_B1,5
GAATATTCGGAGTCCC-1_V13B23-285_B1,12
GAATCGACATGGTCAC-1_V13B23-285_B1,4
GAATCTGAACATTCTC-1_V13B23-285_B1,5
GAATGAAGGTCTTCAG-1_V13B23-285_B1,13
GAATGCCGAAATGACC-1_V13B23-285_B1,5
GAATGTATGGCAGGTC-1_V13B23-285_B1,2
GAATGTGGTCCGGATT-1_V13B23-285_B1,10
GAATGTTGGGTAATCT-1_V13B23-285_B1,14
GAATTATAGTGAAAGG-1_V13B23-285_B1,10
GAATTCACCCGGGTGT-1_V13B23-285_B1,5
GAATTTCTCGCTGCAG-1_V13B23-285_B1,7
GACAAACATATGCAGG-1_V13B23-285_B1,10
GACAACGACCATTGAA-1_V13B23-285_B1,8
GACAACGCAGCTTACG-1_V13B23-285_B1,4
GACAAGAGATGAGATT-1_V13B23-285_B1,10
GACACAAGGGAAGAAA-1_V13B23-285_B1,5
GACACGAGTTAGAGGA-1_V13B23-285_B1,8
GACACTGAGTTCAGTG-1_V13B23-285_B1,3
GACACTGGAACCCGAT-1_V13B23-285_B1,10
GACAGATTTCTGGCTC-1_V13B23-285_B1,13
GACAGCCAGACCTGAC-1_V13B23-285_B1,10
GACAGGCACACACTAT-1_V13B23-285_B1,5
GACATACTGTCGCAGA-1_V13B23-285_B1,7
GACATCGATTTATAAC-1_V13B23-285_B1,5
GACCAAACGTTGACTG-1_V13B23-285_B1,10
GACCAGAGCCCTGTAG-1_V13B23-285_B1,5
GACCCAATTATGATAC-1_V13B23-285_B1,5
GACCGACGTGAAAGCA-1_V13B23-285_B1,10
GACCGACTGAAGCGTC-1_V13B23-285_B1,5
GACCGCGTCTGACGTG-1_V13B23-285_B1,10
GACCGTCAGGTCGTGA-1_V13B23-285_B1,12
GACCGTGCTGACGGTG-1_V13B23-285_B1,5
GACGACGATCCGCGTT-1_V13B23-285_B1,10
GACGAGGCTAATAAAC-1_V13B23-285_B1,10
GACGCCGTAAAGGCTA-1_V13B23-285_B1,5
GACGCCTGTTGCAGGG-1_V13B23-285_B1,8
GACGCTTGCTTCTAAA-1_V13B23-285_B1,5
GACGGGTTGGCCCGTA-1_V13B23-285_B1,7
GACGGTCAATAGAAGC-1_V13B23-285_B1,13
GACGGTCCTAGGGTGT-1_V13B23-285_B1,6
GACGTGTAGGGATTAT-1_V13B23-285_B1,3
GACGTTCGTAAATACA-1_V13B23-285_B1,13
GACTAAGATCATGCAC-1_V13B23-285_B1,8
GACTAAGTAGGCTCAC-1_V13B23-285_B1,5
GACTACAAAGCGGTGG-1_V13B23-285_B1,5
GACTACAATTGCTCGT-1_V13B23-285_B1,2
GACTCACCCACGTGAG-1_V13B23-285_B1,10
GACTCCCAGAATAAGG-1_V13B23-285_B1,13
GACTCGCGGGAATGAC-1_V13B23-285_B1,1
GACTCGGTCGGCGGAT-1_V13B23-285_B1,2
GACTGATTGGTCACAA-1_V13B23-285_B1,14
GACTGCAAATCGAGCT-1_V13B23-285_B1,10
GACTGCACCAGCCCAG-1_V13B23-285_B1,10
GACTGCGGCACGTGTA-1_V13B23-285_B1,7
GAGACCCTGCAACGCC-1_V13B23-285_B1,9
GAGACTGATGGGTAGA-1_V13B23-285_B1,5
GAGACTTCGCGACCGA-1_V13B23-285_B1,5
GAGAGGGCGCGAGGTT-1_V13B23-285_B1,5
GAGAGGTGCATTCTGG-1_V13B23-285_B1,5
GAGATCTGCTTGGCAT-1_V13B23-285_B1,5
GAGATCTGTCACTCCG-1_V13B23-285_B1,1
GAGATCTTCCATGACA-1_V13B23-285_B1,10
GAGATGACAATCCTTA-1_V13B23-285_B1,13
GAGATGGGAGTCGACA-1_V13B23-285_B1,10
GAGCACCTGTGTCCAG-1_V13B23-285_B1,10
GAGCACGGCGCCTCTT-1_V13B23-285_B1,6
GAGCCAGCTACCTGTG-1_V13B23-285_B1,10
GAGCCGAGCGTTTATT-1_V13B23-285_B1,11
GAGCGAGGGAGTACCG-1_V13B23-285_B1,9
GAGCGCAAATACTCCG-1_V13B23-285_B1,10
GAGCGCGCACGAGTAG-1_V13B23-285_B1,10
GAGCGCTGTTAGGTAA-1_V13B23-285_B1,5
GAGCTAAGGGCATATC-1_V13B23-285_B1,11
GAGCTCTCGGACCTAA-1_V13B23-285_B1,8
GAGCTGTCGTCTCGGA-1_V13B23-285_B1,13
GAGGAATGGAGAGGTT-1_V13B23-285_B1,5
GAGGAGATCCTCATGC-1_V13B23-285_B1,7
GAGGATAAACAGTGCT-1_V13B23-285_B1,10
GAGGCATTTGCAGCAG-1_V13B23-285_B1,13
GAGGCCCGACTCCGCA-1_V13B23-285_B1,7
GAGGCTATCAAAGTCG-1_V13B23-285_B1,5
GAGGGCCATAATATTA-1_V13B23-285_B1,13
GAGGGCGCAGCTCTGC-1_V13B23-285_B1,13
GAGGTACATCCATCTT-1_V13B23-285_B1,9
GAGGTCCCAAAGATCT-1_V13B23-285_B1,8
GAGTAAACCGGAAAGT-1_V13B23-285_B1,10
GAGTAAGGCCACGGGA-1_V13B23-285_B1,1
GAGTACGGGTATACAA-1_V13B23-285_B1,9
GAGTAGATACTAGTTG-1_V13B23-285_B1,8
GAGTATCAAAGTTACA-1_V13B23-285_B1,10
GAGTATGCCCGCCTTG-1_V13B23-285_B1,5
GAGTCAGACCAGAATC-1_V13B23-285_B1,5
GAGTCCGCTTACCGGA-1_V13B23-285_B1,5
GAGTCGACAGACCCTC-1_V13B23-285_B1,3
GAGTGCACGGACAACA-1_V13B23-285_B1,13
GAGTGTGCGGTACCCA-1_V13B23-285_B1,10
GAGTTGATGGCAATTT-1_V13B23-285_B1,5
GATAAATCGGTGGATG-1_V13B23-285_B1,8
GATAACTCGCACTGTG-1_V13B23-285_B1,10
GATACCGTGTCGGAGT-1_V13B23-285_B1,6
GATACGATGGGAGTCA-1_V13B23-285_B1,3
GATAGGATTAATTACA-1_V13B23-285_B1,6
GATAGGTAACGTTGAC-1_V13B23-285_B1,5
GATAGGTGTCCCGGGC-1_V13B23-285_B1,6
GATATCTCATGCAATA-1_V13B23-285_B1,9
GATATGAGACACTAAC-1_V13B23-285_B1,10
GATATGCGGTAGCCAA-1_V13B23-285_B1,1
GATATGGATTACGCGG-1_V13B23-285_B1,1
GATATTGAGATTGGCG-1_V13B23-285_B1,10
GATCATTCCAAACATT-1_V13B23-285_B1,4
GATCCCTTTATACTGC-1_V13B23-285_B1,8
GATCCGAATATAAGTG-1_V13B23-285_B1,10
GATCCGGGAATTAACA-1_V13B23-285_B1,10
GATCCTAAATCGGGAC-1_V13B23-285_B1,1
GATCCTCGACACTGGC-1_V13B23-285_B1,5
GATCGACACTATCTGA-1_V13B23-285_B1,7
GATCGCGGGCTCTCCA-1_V13B23-285_B1,5
GATCGCTACCCGATTT-1_V13B23-285_B1,10
GATCGCTATATCTCAG-1_V13B23-285_B1,5
GATCGGATAGAACCAT-1_V13B23-285_B1,11
GATCGGCGATAAGTCG-1_V13B23-285_B1,5
GATCGGTGGCCATAAC-1_V13B23-285_B1,1
GATCGTGACTGATATC-1_V13B23-285_B1,10
GATCTAACCGTATTCA-1_V13B23-285_B1,11
GATCTCGACGCTGTGG-1_V13B23-285_B1,10
GATCTGCTATCTAAGG-1_V13B23-285_B1,10
GATCTTCATTGTCCTC-1_V13B23-285_B1,13
GATCTTGGAGGGCATA-1_V13B23-285_B1,10
GATCTTTGCAGGGTAT-1_V13B23-285_B1,5
GATCTTTGCTCAAAGA-1_V13B23-285_B1,2
GATGACAAGTAGGGCA-1_V13B23-285_B1,7
GATGACGATGATCGCG-1_V13B23-285_B1,13
GATGCCAGCAGAAGGC-1_V13B23-285_B1,1
GATGCCTTCTGCGGCA-1_V13B23-285_B1,3
GATGCGAATGGTATTA-1_V13B23-285_B1,7
GATGCGTCCTGCATTC-1_V13B23-285_B1,5
GATGCTACAAGCGCCT-1_V13B23-285_B1,12
GATGCTGTATTTCATC-1_V13B23-285_B1,10
GATGGCGCACACATTA-1_V13B23-285_B1,8
GATGGTGCCCTAGGCA-1_V13B23-285_B1,9
GATGTAACGAACCACC-1_V13B23-285_B1,5
GATGTCGGTCAACTGC-1_V13B23-285_B1,9
GATGTTCAATCCACGA-1_V13B23-285_B1,5
GATGTTTGTGCGAGAT-1_V13B23-285_B1,8
GATTAACCGAAAGCCC-1_V13B23-285_B1,10
GATTACTGAATTTGGG-1_V13B23-285_B1,5
GATTCCCTTGTCGCAG-1_V13B23-285_B1,1
GATTCCGCGTTTCCGT-1_V13B23-285_B1,12
GATTCCTATACGGCGC-1_V13B23-285_B1,7
GATTCGACGGTTCACG-1_V13B23-285_B1,10
GATTTAGTGCGTACTG-1_V13B23-285_B1,11
GCAAACCCTACATTAT-1_V13B23-285_B1,10
GCAAACCTTGGCCATA-1_V13B23-285_B1,13
GCAAACGTCGCCAGGT-1_V13B23-285_B1,10
GCAAATATTACGCTTT-1_V13B23-285_B1,5
GCAACACACTAGAACT-1_V13B23-285_B1,13
GCAACAGCAGTATGCG-1_V13B23-285_B1,10
GCAACCACCAGACCGG-1_V13B23-285_B1,12
GCAACCACGGCCGCGT-1_V13B23-285_B1,7
GCAACGGCTAGTTATG-1_V13B23-285_B1,10
GCAAGAATTCCTTGGC-1_V13B23-285_B1,5
GCAAGATGTGTTCGCG-1_V13B23-285_B1,2
GCAAGTGCACAGAGAA-1_V13B23-285_B1,5
GCAATTAGTCGCACCG-1_V13B23-285_B1,13
GCACAAACGAGGCGTG-1_V13B23-285_B1,10
GCACACACTGGTAGCC-1_V13B23-285_B1,10
GCACACGCCCATGGTC-1_V13B23-285_B1,7
GCACGCCTACTTAGAT-1_V13B23-285_B1,7
GCACTAGTCGCGCTAT-1_V13B23-285_B1,9
GCAGAAGGTAATCTCC-1_V13B23-285_B1,10
GCAGACCCAGCACGTA-1_V13B23-285_B1,10
GCAGATCCATAAGACT-1_V13B23-285_B1,10
GCAGATCCTCGCAAAT-1_V13B23-285_B1,3
GCAGATTAGGGATATC-1_V13B23-285_B1,8
GCAGCACACAGCCCAG-1_V13B23-285_B1,5
GCAGCCTATATCACAT-1_V13B23-285_B1,10
GCAGCTATGGACAGGT-1_V13B23-285_B1,11
GCAGGAACTTAGATCT-1_V13B23-285_B1,1
GCAGGACTATAGAATA-1_V13B23-285_B1,5
GCAGGTAGAGTATGGT-1_V13B23-285_B1,8
GCAGTGCGGGCGGATG-1_V13B23-285_B1,6
GCAGTGTGGCTATAGG-1_V13B23-285_B1,10
GCAGTTCGATCCGAGC-1_V13B23-285_B1,10
GCATACGAGGTCTTTA-1_V13B23-285_B1,13
GCATAGAGCACTCAGG-1_V13B23-285_B1,5
GCATCCCTAACTTTGA-1_V13B23-285_B1,8
GCATCGGCCGTGTAGG-1_V13B23-285_B1,10
GCATGAGGGACGCGGC-1_V13B23-285_B1,13
GCATTCAAGGCAACGC-1_V13B23-285_B1,13
GCATTCGAAATGAACA-1_V13B23-285_B1,5
GCATTGTAATTCATAT-1_V13B23-285_B1,5
GCATTTCCAAGGCTCC-1_V13B23-285_B1,10
GCCAACCATTTCCGGA-1_V13B23-285_B1,3
GCCAAGAATACTTCTG-1_V13B23-285_B1,13
GCCAATAGGGCATCTC-1_V13B23-285_B1,13
GCCACAATTTAAGGAC-1_V13B23-285_B1,5
GCCACTCAGAGCGCGA-1_V13B23-285_B1,10
GCCACTCCTTACGGTA-1_V13B23-285_B1,10
GCCAGGAGTAACCGAT-1_V13B23-285_B1,8
GCCAGGCGTTCGCATG-1_V13B23-285_B1,9
GCCATATTGCACACAG-1_V13B23-285_B1,8
GCCATCGAGCTGCGTG-1_V13B23-285_B1,5
GCCATCGATGCTGCAT-1_V13B23-285_B1,13
GCCATTAGCCTCAAAC-1_V13B23-285_B1,7
GCCCAGATGCTGGAGA-1_V13B23-285_B1,10
GCCCAGTTGGTATGCC-1_V13B23-285_B1,11
GCCCGACTTCTTCCCG-1_V13B23-285_B1,7
GCCCGATCTGTGGTCG-1_V13B23-285_B1,5
GCCCGCGCGTAAACGG-1_V13B23-285_B1,5
GCCCGCGCGTTTGACA-1_V13B23-285_B1,8
GCCCGTAATACCTTCT-1_V13B23-285_B1,13
GCCCTAGCCGTCGCGA-1_V13B23-285_B1,5
GCCGAAATTCCTACGT-1_V13B23-285_B1,5
GCCGATTGGCCAAGCT-1_V13B23-285_B1,5
GCCGCACTCCGTTTCA-1_V13B23-285_B1,6
GCCGCATTAGTCCGGC-1_V13B23-285_B1,7
GCCGCTTGTGAGAAAC-1_V13B23-285_B1,5
GCCGGGTTAGGGTCGC-1_V13B23-285_B1,5
GCCGTGGAAGAAATGT-1_V13B23-285_B1,10
GCCTAGCGATCTGACC-1_V13B23-285_B1,8
GCCTATAGTGTCAGGG-1_V13B23-285_B1,13
GCCTATCAGGTAAGAT-1_V13B23-285_B1,10
GCCTATGCTGGGCCTT-1_V13B23-285_B1,13
GCCTATTCCGATATAG-1_V13B23-285_B1,5
GCCTCATCTGGAAATA-1_V13B23-285_B1,10
GCCTCCGACAATTCAC-1_V13B23-285_B1,10
GCCTCTATACATAGCA-1_V13B23-285_B1,10
GCCTTCAGCCCTACCG-1_V13B23-285_B1,12
GCCTTGTATATGCAGT-1_V13B23-285_B1,5
GCGAAACGATCGGGAG-1_V13B23-285_B1,10
GCGAAACTTAACTGGA-1_V13B23-285_B1,10
GCGAAGCCATACCCGT-1_V13B23-285_B1,5
GCGACATGTAAACATC-1_V13B23-285_B1,10
GCGACCCAACCATCTG-1_V13B23-285_B1,7
GCGACGATAGTTGTAC-1_V13B23-285_B1,5
GCGAGAAACGGGAGTT-1_V13B23-285_B1,8
GCGAGAGGCCATGTAA-1_V13B23-285_B1,14
GCGAGAGTTGCGTCCA-1_V13B23-285_B1,7
GCGAGCGCATGCTCCC-1_V13B23-285_B1,10
GCGAGGCCCGAGCAGA-1_V13B23-285_B1,5
GCGAGTTCTGCAAAGA-1_V13B23-285_B1,10
GCGATTCTGGAAGCAG-1_V13B23-285_B1,9
GCGATTGTTAACGTTA-1_V13B23-285_B1,10
GCGCAAATATATTCAA-1_V13B23-285_B1,1
GCGCAAGAGCGCGCTG-1_V13B23-285_B1,10
GCGCATCCAGTCAGCA-1_V13B23-285_B1,11
GCGCCGTTCCACGATA-1_V13B23-285_B1,5
GCGCCTCCCACTCCGA-1_V13B23-285_B1,10
GCGCGTCATTGGTACA-1_V13B23-285_B1,10
GCGCTAATTGAATAGA-1_V13B23-285_B1,10
GCGCTATGCCGAGGCA-1_V13B23-285_B1,5
GCGCTCGATCACCTGT-1_V13B23-285_B1,10
GCGCTGATCCAGACTC-1_V13B23-285_B1,2
GCGCTGCTTTGCATTT-1_V13B23-285_B1,13
GCGCTTAAATAATTGG-1_V13B23-285_B1,10
GCGGACCGCGTTGTGG-1_V13B23-285_B1,5
GCGGAGAAACTTCGCA-1_V13B23-285_B1,7
GCGGAGAGGGAGAACG-1_V13B23-285_B1,10
GCGGCAAAGTATTGCC-1_V13B23-285_B1,1
GCGGCTCTGACGTACC-1_V13B23-285_B1,5
GCGGGAACCAGGCCCT-1_V13B23-285_B1,8
GCGGGCATTACGATGC-1_V13B23-285_B1,13
GCGGGCGAGCCTTACC-1_V13B23-285_B1,5
GCGGTCCCGGTGAAGG-1_V13B23-285_B1,13
GCGGTGAACTGCGCTC-1_V13B23-285_B1,8
GCGGTTCCCTATCATG-1_V13B23-285_B1,5
GCGTAAATGGCCATAA-1_V13B23-285_B1,10
GCGTCGAAATGTCGGT-1_V13B23-285_B1,12
GCGTCGCCAGGGTGAT-1_V13B23-285_B1,5
GCGTCTAACCTCCTAA-1_V13B23-285_B1,13
GCGTCTCTGCATTGGG-1_V13B23-285_B1,5
GCGTGGTACTGGGTTA-1_V13B23-285_B1,10
GCGTTATATTTGGAAC-1_V13B23-285_B1,7
GCGTTCGGAGACCGGG-1_V13B23-285_B1,13
GCGTTCTGACTAAGCG-1_V13B23-285_B1,10
GCTAAACCTGAGGTGA-1_V13B23-285_B1,7
GCTAACTGAAGTCTGA-1_V13B23-285_B1,10
GCTAAGTAAAGGCGAT-1_V13B23-285_B1,7
GCTAAGTAGTTTCTCT-1_V13B23-285_B1,4
GCTAATACCGAATGCC-1_V13B23-285_B1,8
GCTACAATCGAGGATA-1_V13B23-285_B1,10
GCTACAGTACGGACCG-1_V13B23-285_B1,5
GCTACGACTTATTGGG-1_V13B23-285_B1,5
GCTACTATAGTAGAGT-1_V13B23-285_B1,10
GCTAGACCGTCTACTG-1_V13B23-285_B1,10
GCTAGAGTAGAGATGT-1_V13B23-285_B1,10
GCTAGCACCTGGGCCA-1_V13B23-285_B1,10
GCTAGCAGGGAGTGGG-1_V13B23-285_B1,13
GCTAGCTTGAATAGCT-1_V13B23-285_B1,5
GCTAGGCACCACGGAG-1_V13B23-285_B1,10
GCTAGTAGAGCTTGTA-1_V13B23-285_B1,8
GCTAGTTTCATTGAGG-1_V13B23-285_B1,8
GCTATACGTCTCGGAC-1_V13B23-285_B1,10
GCTATCATACTCATGG-1_V13B23-285_B1,10
GCTATCGCGGCGCAAC-1_V13B23-285_B1,5
GCTCAATCCGTTTATT-1_V13B23-285_B1,3
GCTCAATGTAATACCG-1_V13B23-285_B1,7
GCTCATTACTGCATGT-1_V13B23-285_B1,12
GCTCCATGAGTGCAGA-1_V13B23-285_B1,10
GCTCCCAGTCGGTCCA-1_V13B23-285_B1,10
GCTCCGCTCGCTTCAG-1_V13B23-285_B1,10
GCTCCTGACATACTGG-1_V13B23-285_B1,7
GCTCGCGGTTCCGCTC-1_V13B23-285_B1,7
GCTCGCTCATGTCCAA-1_V13B23-285_B1,10
GCTCGGAATTTAAAGC-1_V13B23-285_B1,8
GCTCTAAACCCTGACG-1_V13B23-285_B1,8
GCTCTATGTTACGTGC-1_V13B23-285_B1,5
GCTCTCGGGTACCGAA-1_V13B23-285_B1,7
GCTGAACTCTCCAGGG-1_V13B23-285_B1,3
GCTGAATCTTCCAATC-1_V13B23-285_B1,3
GCTGAGCAACGGTTCT-1_V13B23-285_B1,7
GCTGAGGCGTGAGTAT-1_V13B23-285_B1,5
GCTGCACGGTTTCTTA-1_V13B23-285_B1,10
GCTGCTAAGTAGTCGA-1_V13B23-285_B1,7
GCTGCTACTGCGTAGC-1_V13B23-285_B1,10
GCTGCTCTCCGGACAC-1_V13B23-285_B1,5
GCTGGACCCAAAGTGG-1_V13B23-285_B1,11
GCTGGCATATTCACCT-1_V13B23-285_B1,5
GCTGGCGGCGCATGCT-1_V13B23-285_B1,5
GCTGGTTTAGGCCATA-1_V13B23-285_B1,3
GCTGTATTACTGGCCC-1_V13B23-285_B1,5
GCTGTTGCTACCGAAC-1_V13B23-285_B1,10
GCTTAATGTAACTAAC-1_V13B23-285_B1,10
GCTTACGTAGTTAGTA-1_V13B23-285_B1,10
GCTTAGGGAAGCGGTA-1_V13B23-285_B1,2
GCTTATGAAGCAGGAA-1_V13B23-285_B1,10
GCTTCCGTCCCTAGAC-1_V13B23-285_B1,1
GCTTGATGATAATCAG-1_V13B23-285_B1,8
GCTTGCAGCACAATTG-1_V13B23-285_B1,13
GCTTGGATCGATTAGG-1_V13B23-285_B1,13
GCTTTCAGAGGAGGTG-1_V13B23-285_B1,10
GGAAACCTTGTTGAAT-1_V13B23-285_B1,13
GGAAACTAAATGGGCC-1_V13B23-285_B1,10
GGAAAGTGCCCATGCC-1_V13B23-285_B1,8
GGAACCCGAACAAGAA-1_V13B23-285_B1,3
GGAACCGTGTAAATTG-1_V13B23-285_B1,5
GGAACCTTGACTCTGC-1_V13B23-285_B1,1
GGAACGGCCTGCAGCC-1_V13B23-285_B1,7
GGAACTTTGGCGATTA-1_V13B23-285_B1,10
GGAAGCTCGCTTACAG-1_V13B23-285_B1,9
GGAATGCGCTAGCGTG-1_V13B23-285_B1,10
GGACAAGTTGCAGTGA-1_V13B23-285_B1,5
GGACACAAGTTTACAC-1_V13B23-285_B1,10
GGACCAACAGGATAAC-1_V13B23-285_B1,10
GGACCTACGGTAACGT-1_V13B23-285_B1,13
GGACCTCTAGGCCGCC-1_V13B23-285_B1,7
GGACGTCCATAGTTGG-1_V13B23-285_B1,14
GGACTCACAAATTAGG-1_V13B23-285_B1,10
GGACTCGAAGCTTTCA-1_V13B23-285_B1,10
GGACTCTTCCGGTTGA-1_V13B23-285_B1,10
GGAGAAGTCATTGGCA-1_V13B23-285_B1,5
GGAGACCAATGTGCTT-1_V13B23-285_B1,13
GGAGACCATCTACATA-1_V13B23-285_B1,7
GGAGACGACACCTTTG-1_V13B23-285_B1,5
GGAGCAACATTTCAAG-1_V13B23-285_B1,10
GGAGCACCAAGAACTA-1_V13B23-285_B1,8
GGAGGCCGAAGTCGTC-1_V13B23-285_B1,10
GGAGGGCTTGGTTGGC-1_V13B23-285_B1,6
GGAGGGTCAAGTAAGA-1_V13B23-285_B1,10
GGAGTGCCGCCCTGGA-1_V13B23-285_B1,5
GGATCATCCCGTACGC-1_V13B23-285_B1,13
GGATCCGGAATATACT-1_V13B23-285_B1,2
GGATCTTGACTCAACC-1_V13B23-285_B1,5
GGATGAAGATCGCTGA-1_V13B23-285_B1,10
GGATGACGCGAGTTTA-1_V13B23-285_B1,5
GGATGCTGGCGTTCCT-1_V13B23-285_B1,5
GGATGTCCTTACCGCA-1_V13B23-285_B1,10
GGATTAAGCTAAGGTC-1_V13B23-285_B1,2
GGATTCAGTACGGTGG-1_V13B23-285_B1,8
GGATTCCGCTATACCC-1_V13B23-285_B1,8
GGATTGCTGTGACTCC-1_V13B23-285_B1,10
GGATTTCACTTCTATA-1_V13B23-285_B1,7
GGCAAAGGCGCCAATA-1_V13B23-285_B1,5
GGCAAATTACTTTACT-1_V13B23-285_B1,5
GGCAAGCCAGGGATAG-1_V13B23-285_B1,13
GGCAAGGCGAAATAGC-1_V13B23-285_B1,10
GGCAATAGTCAATGAG-1_V13B23-285_B1,10
GGCACTCAGCCGACCC-1_V13B23-285_B1,10
GGCACTCCACTGGGCA-1_V13B23-285_B1,5
GGCAGCAAACCTATGC-1_V13B23-285_B1,10
GGCAGCGGTAATCCTA-1_V13B23-285_B1,13
GGCATACAGGTAGCGG-1_V13B23-285_B1,5
GGCATATCGGTTCTGC-1_V13B23-285_B1,12
GGCCCAGTTATCAGCA-1_V13B23-285_B1,9
GGCCCGGAGCATGTCT-1_V13B23-285_B1,10
GGCCCGTATACCATGC-1_V13B23-285_B1,13
GGCCCTCACCCACTTA-1_V13B23-285_B1,7
GGCCGTTTGGGTTTCA-1_V13B23-285_B1,5
GGCCTGCTTCTCCCGA-1_V13B23-285_B1,10
GGCCTTTGCAACTGGC-1_V13B23-285_B1,13
GGCGAAATCTAACTTG-1_V13B23-285_B1,10
GGCGAACCGTTCTGAT-1_V13B23-285_B1,13
GGCGAGCGAAACGGCA-1_V13B23-285_B1,3
GGCGCAGGACATCTTC-1_V13B23-285_B1,5
GGCGCATGAATTGATG-1_V13B23-285_B1,5
GGCGCGGAGATCTTTC-1_V13B23-285_B1,10
GGCGCGTTCGAGTTTA-1_V13B23-285_B1,5
GGCGCTCCTCATCAAT-1_V13B23-285_B1,8
GGCGGAGTAATATTAG-1_V13B23-285_B1,5
GGCGGGCTCTAAGAGT-1_V13B23-285_B1,10
GGCGGTAGGATCATTG-1_V13B23-285_B1,10
GGCGGTTTGCCGGTGC-1_V13B23-285_B1,7
GGCGTCCTATCCGCTG-1_V13B23-285_B1,5
GGCTAAAGGGCGGGTC-1_V13B23-285_B1,8
GGCTAATGATTGAAAT-1_V13B23-285_B1,9
GGCTATTAAGTTGTAT-1_V13B23-285_B1,5
GGCTCCTCCACCTGTT-1_V13B23-285_B1,7
GGCTCGCGTTGAGGTA-1_V13B23-285_B1,13
GGCTCGTGCCACCAGC-1_V13B23-285_B1,8
GGCTCTGCTCCAACGC-1_V13B23-285_B1,7
GGCTGAAATAGCAAAG-1_V13B23-285_B1,10
GGCTGAGCATCGTAAG-1_V13B23-285_B1,14
GGCTGGCTAGCTTAAA-1_V13B23-285_B1,9
GGCTTTCAATAAGGGT-1_V13B23-285_B1,1
GGGAACGGGAGGTTAG-1_V13B23-285_B1,5
GGGAATGAGCCCTCAC-1_V13B23-285_B1,13
GGGACAGAGTTACTCC-1_V13B23-285_B1,7
GGGACCCGTATATCTT-1_V13B23-285_B1,1
GGGACTGCATAGATAG-1_V13B23-285_B1,5
GGGAGAACTCACAGTA-1_V13B23-285_B1,5
GGGAGGATGCCCGAAA-1_V13B23-285_B1,5
GGGAGTTAATGAGGCG-1_V13B23-285_B1,2
GGGATACGGTAATAAT-1_V13B23-285_B1,7
GGGATCCCAATACAAA-1_V13B23-285_B1,13
GGGATGGTCGTAACCG-1_V13B23-285_B1,3
GGGATTTACCGCACCT-1_V13B23-285_B1,10
GGGCAACCGCACGTGC-1_V13B23-285_B1,5
GGGCAGAGCAATCGTT-1_V13B23-285_B1,7
GGGCCCGTCTTAAACA-1_V13B23-285_B1,5
GGGCCCTACGAAAGGG-1_V13B23-285_B1,13
GGGCCGGCCGAAGTAC-1_V13B23-285_B1,10
GGGCCTAAATGGGCTA-1_V13B23-285_B1,13
GGGCCTATTTAAGTAT-1_V13B23-285_B1,12
GGGCGAATTTCTCCAC-1_V13B23-285_B1,7
GGGCGATATGTGTGAA-1_V13B23-285_B1,8
GGGCGCAGCGTTACTC-1_V13B23-285_B1,1
GGGCGGCAAATGAATT-1_V13B23-285_B1,5
GGGCGGGTTCCCTACG-1_V13B23-285_B1,5
GGGCGGTCCTATTGTC-1_V13B23-285_B1,8
GGGCGTACATTTATAT-1_V13B23-285_B1,8
GGGCGTCACCACGTAA-1_V13B23-285_B1,5
GGGCGTCCACTGGCTC-1_V13B23-285_B1,12
GGGCGTGGTTTCCCAG-1_V13B23-285_B1,10
GGGCTACTATTTCGTG-1_V13B23-285_B1,8
GGGCTATGATCGATGG-1_V13B23-285_B1,7
GGGCTCATCGAACCCA-1_V13B23-285_B1,13
GGGCTGCCTAGGGCGA-1_V13B23-285_B1,10
GGGCTGGTTAGTCGCG-1_V13B23-285_B1,7
GGGTACCCACGGTCCT-1_V13B23-285_B1,8
GGGTACTTCATGAACT-1_V13B23-285_B1,5
GGGTATGTATGCACTT-1_V13B23-285_B1,7
GGGTATTCTAGCAAAC-1_V13B23-285_B1,7
GGGTCACCGTGACGGT-1_V13B23-285_B1,5
GGGTCATGCGTACCAT-1_V13B23-285_B1,1
GGGTCGTGGCAAGTGT-1_V13B23-285_B1,1
GGGTGACACCTTAACT-1_V13B23-285_B1,5
GGGTGCATATGAAAGC-1_V13B23-285_B1,13
GGGTGTTTCAGCTATG-1_V13B23-285_B1,12
GGGTTAACATTTGAGT-1_V13B23-285_B1,5
GGGTTCAGACGAACAA-1_V13B23-285_B1,5
GGGTTTAGGATAGGAT-1_V13B23-285_B1,10
GGTAAATGTGCGTTAC-1_V13B23-285_B1,9
GGTAACCGGGAGGATA-1_V13B23-285_B1,7
GGTACAAACATGCTAT-1_V13B23-285_B1,5
GGTACACCAGATTTAT-1_V13B23-285_B1,13
GGTACATCTGGGACGA-1_V13B23-285_B1,13
GGTACCATTAAGACGG-1_V13B23-285_B1,13
GGTACTAAGTGCTTTG-1_V13B23-285_B1,10
GGTAGAAGACCGCCTG-1_V13B23-285_B1,10
GGTAGACCGTTGGGCG-1_V13B23-285_B1,5
GGTAGTGCTCGCACCA-1_V13B23-285_B1,2
GGTATAGTGACACATA-1_V13B23-285_B1,10
GGTATTGCCGAGTTTA-1_V13B23-285_B1,5
GGTCAAGACTACTTCG-1_V13B23-285_B1,10
GGTCAGTGGGTCCCAC-1_V13B23-285_B1,5
GGTCATTGTAGTCATA-1_V13B23-285_B1,11
GGTCCTTCATACGACT-1_V13B23-285_B1,7
GGTCGGATAAACGGCG-1_V13B23-285_B1,13
GGTCGGCCAGGAGCTT-1_V13B23-285_B1,10
GGTCGGTAATTAGACA-1_V13B23-285_B1,8
GGTCGGTCGTCCACAG-1_V13B23-285_B1,5
GGTCGTAAGCTCGCAC-1_V13B23-285_B1,5
GGTCTCCAAGTAGTGC-1_V13B23-285_B1,10
GGTCTCTGAATGGACT-1_V13B23-285_B1,3
GGTCTGAGAATCTGGA-1_V13B23-285_B1,1
GGTGAAGTACAGGGAT-1_V13B23-285_B1,5
GGTGAGATGCAGATAA-1_V13B23-285_B1,8
GGTGATAAGGAGCAGT-1_V13B23-285_B1,10
GGTGCAGAGCCTATCG-1_V13B23-285_B1,13
GGTGCGGATAAGTGGC-1_V13B23-285_B1,8
GGTGCTGATCACAAAG-1_V13B23-285_B1,3
GGTGCTGGTACACATT-1_V13B23-285_B1,5
GGTGGACTGCTCTGGC-1_V13B23-285_B1,10
GGTGGAGGTTGATACG-1_V13B23-285_B1,6
GGTGTTGGGCGTCTTA-1_V13B23-285_B1,10
GGTTACCACCCTCGGG-1_V13B23-285_B1,7
GGTTACCCGACACTTT-1_V13B23-285_B1,13
GGTTAGCTATATGTCT-1_V13B23-285_B1,10
GGTTAGGCTTGGAGAA-1_V13B23-285_B1,5
GGTTAGTTACGGCGCC-1_V13B23-285_B1,7
GGTTCGGATTATACTA-1_V13B23-285_B1,11
GGTTCTACTCGTCTGA-1_V13B23-285_B1,10
GGTTGTGCTCTTGTCC-1_V13B23-285_B1,3
GGTTGTGTAGCCTGGC-1_V13B23-285_B1,3
GGTTTAATTGAGCAGG-1_V13B23-285_B1,13
GGTTTACAATCTCAAT-1_V13B23-285_B1,7
GGTTTAGCCTTTCTTG-1_V13B23-285_B1,10
GGTTTCAATCGGTCAG-1_V13B23-285_B1,10
GGTTTGACAAGAAGCT-1_V13B23-285_B1,8
GGTTTGCGAACACGTA-1_V13B23-285_B1,11
GGTTTGTGACCTGAGG-1_V13B23-285_B1,10
GTAACATCTAAGATAA-1_V13B23-285_B1,10
GTAAGCGGGCAGTCAG-1_V13B23-285_B1,8
GTAAGGATTTGTCGGA-1_V13B23-285_B1,9
GTAAGTAACAGTCTGG-1_V13B23-285_B1,10
GTAAGTAGGGTATACC-1_V13B23-285_B1,5
GTAAGTCCACACTCTA-1_V13B23-285_B1,6
GTAATAAAGGGCTCCC-1_V13B23-285_B1,13
GTAATCTGATTCTTCG-1_V13B23-285_B1,5
GTACACTTACCTGAAG-1_V13B23-285_B1,10
GTACAGAGGCAAGGGT-1_V13B23-285_B1,10
GTACGACGGCGCTGCG-1_V13B23-285_B1,8
GTACGAGATTGCGACA-1_V13B23-285_B1,8
GTACGCTTCATTGCAC-1_V13B23-285_B1,10
GTACGTCACGTATTAA-1_V13B23-285_B1,11
GTACGTTTGCCCGTCA-1_V13B23-285_B1,10
GTACTAAGATTTGGAG-1_V13B23-285_B1,5
GTACTCCCTTATCGCT-1_V13B23-285_B1,5
GTACTCCTGGGTATGC-1_V13B23-285_B1,7
GTACTGGAGTTAGACC-1_V13B23-285_B1,8
GTACTTGGGCACTTCT-1_V13B23-285_B1,8
GTAGAAACGGGTGGAG-1_V13B23-285_B1,7
GTAGACGTCGTTACAT-1_V13B23-285_B1,9
GTAGAGGGAGACAAGT-1_V13B23-285_B1,7
GTAGCCAAACATGGGA-1_V13B23-285_B1,10
GTAGCGGCTATACACT-1_V13B23-285_B1,10
GTAGCTTCCTCTTGTT-1_V13B23-285_B1,13
GTAGGTGATCCGTGTA-1_V13B23-285_B1,12
GTAGTCGCGGGAATCA-1_V13B23-285_B1,10
GTATAATCTCCCGGAT-1_V13B23-285_B1,3
GTATAGGACTCAGTAG-1_V13B23-285_B1,11
GTATCAAACGTTAGCT-1_V13B23-285_B1,10
GTATCAGCTTGGGTTC-1_V13B23-285_B1,8
GTATCTCAGTCTTGAC-1_V13B23-285_B1,3
GTATCTTTCATAACCA-1_V13B23-285_B1,4
GTATGAAATTTCACTC-1_V13B23-285_B1,5
GTATGTGGGTCTAGTT-1_V13B23-285_B1,10
GTATTAAGGCGTCTAA-1_V13B23-285_B1,5
GTATTCTGAGAAACGA-1_V13B23-285_B1,7
GTATTTAATGGCATAA-1_V13B23-285_B1,10
GTCAAAGAAGTGGTGT-1_V13B23-285_B1,5
GTCAAAGTTTACATAG-1_V13B23-285_B1,8
GTCAAGCGGACTCGGG-1_V13B23-285_B1,10
GTCAATGCTATAATTT-1_V13B23-285_B1,13
GTCACTCTCCAAATCT-1_V13B23-285_B1,5
GTCAGAATAGTCTATG-1_V13B23-285_B1,5
GTCAGTTGTGCTCGTT-1_V13B23-285_B1,9
GTCAGTTTGGTAGTCG-1_V13B23-285_B1,1
GTCATCTCCTACAGCT-1_V13B23-285_B1,7
GTCATGCACCTCCGTT-1_V13B23-285_B1,5
GTCATGGACATGACTA-1_V13B23-285_B1,8
GTCATTAGAGCGAACG-1_V13B23-285_B1,10
GTCATTGCATTGACCC-1_V13B23-285_B1,1
GTCCATTACTGCTACG-1_V13B23-285_B1,10
GTCCCAACGTAAAGTA-1_V13B23-285_B1,2
GTCCCGCGACGTTATG-1_V13B23-285_B1,10
GTCCGAGAGCAATCAT-1_V13B23-285_B1,7
GTCCGGACCTGAAATT-1_V13B23-285_B1,10
GTCCGGCTGAATTGCG-1_V13B23-285_B1,5
GTCCTACAGGCGGCTC-1_V13B23-285_B1,5
GTCCTACGAATAGTCT-1_V13B23-285_B1,10
GTCCTACTCTACGGGC-1_V13B23-285_B1,11
GTCCTATTGTTGTGGT-1_V13B23-285_B1,5
GTCCTTCTAGTGGGTT-1_V13B23-285_B1,9
GTCGATAGGTGACTTT-1_V13B23-285_B1,10
GTCGCCGTTGTGTGTT-1_V13B23-285_B1,7
GTCGCGTAACCCGTTG-1_V13B23-285_B1,10
GTCGGAAGGATACCAG-1_V13B23-285_B1,13
GTCGGATATCTCAGAC-1_V13B23-285_B1,5
GTCGGATGTAGCGCGC-1_V13B23-285_B1,12
GTCGGGAAGCAGAAAC-1_V13B23-285_B1,7
GTCGTACCATCTCGGG-1_V13B23-285_B1,5
GTCGTATTGGCGTACA-1_V13B23-285_B1,8
GTCGTCTGGTTGGCTA-1_V13B23-285_B1,13
GTCGTGTCTGGTCATC-1_V13B23-285_B1,13
GTCGTTATTCGCTTAT-1_V13B23-285_B1,10
GTCTACTCAATTACAA-1_V13B23-285_B1,13
GTCTATCTGAGTTTCT-1_V13B23-285_B1,5
GTCTATTGGTTCCGGT-1_V13B23-285_B1,10
GTCTCAAGGCCCGGCT-1_V13B23-285_B1,7
GTCTCCTGCCAGTATG-1_V13B23-285_B1,3
GTCTCGACTAAGTTTG-1_V13B23-285_B1,13
GTCTCGATCTGCTTTC-1_V13B23-285_B1,8
GTCTGGGCGGTCGAGA-1_V13B23-285_B1,7
GTCTTAGTACAGCCGG-1_V13B23-285_B1,12
GTCTTGAGGAGCAGTG-1_V13B23-285_B1,10
GTCTTGTAGCTATTCA-1_V13B23-285_B1,10
GTGAAACGGCGCCACC-1_V13B23-285_B1,13
GTGAACTCCCATTCGA-1_V13B23-285_B1,13
GTGAAGATTTCAAGTG-1_V13B23-285_B1,11
GTGAAGCCGTATAGTC-1_V13B23-285_B1,3
GTGAAGTCACGACTCG-1_V13B23-285_B1,7
GTGACCGCACACTACG-1_V13B23-285_B1,10
GTGACCTAAAGAATAA-1_V13B23-285_B1,13
GTGACGAGGGTGACCC-1_V13B23-285_B1,13
GTGACTTCAGTAGTGC-1_V13B23-285_B1,5
GTGAGCGTGCTGCACT-1_V13B23-285_B1,5
GTGAGGACACTTAAGG-1_V13B23-285_B1,10
GTGAGGAGCGGTTGAG-1_V13B23-285_B1,12
GTGAGTCTAAGACGGA-1_V13B23-285_B1,3
GTGAGTGGTACAACGC-1_V13B23-285_B1,5
GTGATCACTAACGCCT-1_V13B23-285_B1,10
GTGATCATAGATCTGC-1_V13B23-285_B1,5
GTGATCCTTGTCATGA-1_V13B23-285_B1,10
GTGATGCACAACATCT-1_V13B23-285_B1,13
GTGATTCGCCGCTCAA-1_V13B23-285_B1,4
GTGCACGAAAGTGACT-1_V13B23-285_B1,12
GTGCAGCGTAGAGTAG-1_V13B23-285_B1,10
GTGCCATCACACGGTG-1_V13B23-285_B1,5
GTGCCCGTTCGGATTC-1_V13B23-285_B1,10
GTGCCGCTTCAAAGGT-1_V13B23-285_B1,5
GTGCCTAGCTATGCTT-1_V13B23-285_B1,7
GTGCCTCAGTGTACGG-1_V13B23-285_B1,14
GTGCGAAATCGAACAC-1_V13B23-285_B1,7
GTGCGACAGGGAGTGT-1_V13B23-285_B1,10
GTGCGGGTCTCCAAAT-1_V13B23-285_B1,8
GTGCGTGTATATGAGC-1_V13B23-285_B1,10
GTGCTCAAGTACTGTC-1_V13B23-285_B1,5
GTGCTGCAGATAAGGA-1_V13B23-285_B1,11
GTGCTTACATCAGCGC-1_V13B23-285_B1,10
GTGGAACCTACATGCG-1_V13B23-285_B1,6
GTGGACCAACCCGATT-1_V13B23-285_B1,5
GTGGACGCATTTGTCC-1_V13B23-285_B1,3
GTGGACGTGCTGAGAC-1_V13B23-285_B1,8
GTGGAGCATGTCGGCC-1_V13B23-285_B1,10
GTGGAGCGTTTACCGA-1_V13B23-285_B1,3
GTGGAGTCGGCGGTTG-1_V13B23-285_B1,7
GTGGCAAACAGCGGCA-1_V13B23-285_B1,5
GTGGCGGTCCCAGCGT-1_V13B23-285_B1,5
GTGGGAAGACTGAATC-1_V13B23-285_B1,13
GTGGGCTTAGACACAC-1_V13B23-285_B1,5
GTGGTATAGTCTGCCG-1_V13B23-285_B1,7
GTGGTGATGGTTTGTG-1_V13B23-285_B1,10
GTGGTGGCCAAGTGAA-1_V13B23-285_B1,10
GTGGTTACTTCTTTCG-1_V13B23-285_B1,13
GTGGTTTCCGCCTTTC-1_V13B23-285_B1,5
GTGTACCTTGGCTACG-1_V13B23-285_B1,13
GTGTACGAACCGTTCC-1_V13B23-285_B1,10
GTGTATATCAGCGGGC-1_V13B23-285_B1,10
GTGTCGTATAGCGTTC-1_V13B23-285_B1,10
GTGTGAATAACTTAGG-1_V13B23-285_B1,8
GTGTTACTATGCGTCC-1_V13B23-285_B1,10
GTTAAAGTAGGACTGG-1_V13B23-285_B1,10
GTTAACATCACTTAAA-1_V13B23-285_B1,10
GTTAACTATGTTGTCA-1_V13B23-285_B1,10
GTTAAGGGTGCGATGT-1_V13B23-285_B1,1
GTTAAGTTAGAGTGGG-1_V13B23-285_B1,10
GTTAATGTCTATCTTA-1_V13B23-285_B1,1
GTTACAATTGGTGACG-1_V13B23-285_B1,5
GTTACCTACAACTTGC-1_V13B23-285_B1,5
GTTACTTTGGGCCTAG-1_V13B23-285_B1,5
GTTAGCCGTAAATCAA-1_V13B23-285_B1,13
GTTAGGCTACCCGTTT-1_V13B23-285_B1,7
GTTATAATACGGTGAA-1_V13B23-285_B1,10
GTTATATCAGGAGCCA-1_V13B23-285_B1,13
GTTATATTATCTCCCT-1_V13B23-285_B1,3
GTTATTAACGTGGGAG-1_V13B23-285_B1,1
GTTCACAGGAGTCTAG-1_V13B23-285_B1,5
GTTCATCGTTTGGCTG-1_V13B23-285_B1,3
GTTCCAGTCTGACCAT-1_V13B23-285_B1,11
GTTCCCGTAAACATAT-1_V13B23-285_B1,10
GTTCGCCATAAGTGCC-1_V13B23-285_B1,5
GTTCGCTGAGACGTCT-1_V13B23-285_B1,10
GTTCGGATCGGGAACA-1_V13B23-285_B1,10
GTTCGGGCGTACCATT-1_V13B23-285_B1,13
GTTCGTCTAAAGAACT-1_V13B23-285_B1,10
GTTCGTCTGGGTCCCT-1_V13B23-285_B1,13
GTTCTTCCCTCGATGT-1_V13B23-285_B1,12
GTTGAACCGGTTCCAT-1_V13B23-285_B1,5
GTTGAGTCCCGCCGGT-1_V13B23-285_B1,10
GTTGCACGGAGTTTCG-1_V13B23-285_B1,5
GTTGCAGTCGACAACA-1_V13B23-285_B1,10
GTTGCGCTAACATTAC-1_V13B23-285_B1,10
GTTGCGGACGGTCAGG-1_V13B23-285_B1,10
GTTGGACCGCATCAGG-1_V13B23-285_B1,13
GTTGGATTCAGTGGCT-1_V13B23-285_B1,13
GTTGGATTGAGAACAC-1_V13B23-285_B1,7
GTTGGATTTGCGTTGG-1_V13B23-285_B1,5
GTTGGTCATGCTATCC-1_V13B23-285_B1,7
GTTGTCGTGTTAGTTG-1_V13B23-285_B1,9
GTTGTTACATTGCGCT-1_V13B23-285_B1,2
GTTTACGTTCCATCTG-1_V13B23-285_B1,5
GTTTATGGGATTTAGA-1_V13B23-285_B1,7
GTTTCAAACGAGTTGT-1_V13B23-285_B1,10
GTTTCATATCGTCGCT-1_V13B23-285_B1,5
GTTTCCTGGAGGGTGA-1_V13B23-285_B1,5
GTTTCTGCAGTCTCCC-1_V13B23-285_B1,10
GTTTGACCAAATCCTA-1_V13B23-285_B1,4
GTTTGGCCCAAGTTAT-1_V13B23-285_B1,10
GTTTGGCCGCTCAGCG-1_V13B23-285_B1,11
GTTTGGGCTTGTGAGC-1_V13B23-285_B1,10
GTTTGGTAGGGTCAAC-1_V13B23-285_B1,5
TAAACCCAGGAGGGCA-1_V13B23-285_B1,5
TAAACGTCGTCAATGA-1_V13B23-285_B1,1
TAAAGACAACCCTTTA-1_V13B23-285_B1,10
TAAAGCGTTAGGAGAA-1_V13B23-285_B1,13
TAAAGCTGCAATAGGG-1_V13B23-285_B1,11
TAAATCTTTACACCTC-1_V13B23-285_B1,13
TAAATGAATCCGTTTC-1_V13B23-285_B1,11
TAAATGCCGTCTCATG-1_V13B23-285_B1,14
TAACAAAGGGAGAAGC-1_V13B23-285_B1,8
TAACAATATTTGTTGC-1_V13B23-285_B1,11
TAACATACAATGTGGG-1_V13B23-285_B1,10
TAACATACACGCGATC-1_V13B23-285_B1,4
TAACCTACCGTCCGAG-1_V13B23-285_B1,10
TAACCTAGGGAGTCCA-1_V13B23-285_B1,10
TAACGCTTTGAGAGCG-1_V13B23-285_B1,7
TAACTATCGAAGGTCC-1_V13B23-285_B1,3
TAACTATTACGCCAAA-1_V13B23-285_B1,13
TAACTCATCCGCGCGG-1_V13B23-285_B1,7
TAACTCCATGGAGGCT-1_V13B23-285_B1,8
TAAGCAGGCGACACGC-1_V13B23-285_B1,5
TAAGCCCTTACGACCA-1_V13B23-285_B1,13
TAAGGAACTTGTGGGA-1_V13B23-285_B1,8
TAAGGCAACATAAGAT-1_V13B23-285_B1,8
TAAGGCATAACATCAA-1_V13B23-285_B1,5
TAAGGCCCGTCACCCT-1_V13B23-285_B1,14
TAAGGCTGAATCCCTC-1_V13B23-285_B1,10
TAAGGGCCTGTCCGAT-1_V13B23-285_B1,10
TAAGGGCTGGGAGAGG-1_V13B23-285_B1,5
TAAGTAACATCTTGAC-1_V13B23-285_B1,5
TAAGTCGCCGAGTATC-1_V13B23-285_B1,5
TAAGTTGCGACGTAGG-1_V13B23-285_B1,10
TAATAAACAAGGAGAT-1_V13B23-285_B1,2
TAATACACAGTAGTAT-1_V13B23-285_B1,12
TAATAGAACAGAGTTA-1_V13B23-285_B1,5
TAATAGCTAAATGATG-1_V13B23-285_B1,13
TAATAGGTCACCAGAA-1_V13B23-285_B1,5
TAATAGTGACGACCAG-1_V13B23-285_B1,7
TAATATTGAAATTCGC-1_V13B23-285_B1,8
TAATCAACCAAATGGG-1_V13B23-285_B1,10
TAATCGATCCGTACGT-1_V13B23-285_B1,1
TAATGAAAGACCCTTG-1_V13B23-285_B1,1
TAATTACGTCAGTAGA-1_V13B23-285_B1,10
TAATTAGGACATCCGT-1_V13B23-285_B1,10
TAATTGGAATCGGGAA-1_V13B23-285_B1,13
TACAACGCACAACTCA-1_V13B23-285_B1,5
TACAAGTCTCGTGCAT-1_V13B23-285_B1,7
TACACCGTCGTTAGTC-1_V13B23-285_B1,13
TACAGAAACGGTGGGC-1_V13B23-285_B1,10
TACATAGGCATACACC-1_V13B23-285_B1,5
TACATCCCTATCCCTG-1_V13B23-285_B1,13
TACATGCCGGAATTGT-1_V13B23-285_B1,10
TACATTTCTAACGTGC-1_V13B23-285_B1,5
TACCAAATAGCCCAGA-1_V13B23-285_B1,7
TACCAATAAAGTACCA-1_V13B23-285_B1,10
TACCAGAAGTAGGTTC-1_V13B23-285_B1,5
TACCAGCTAGGTTTAA-1_V13B23-285_B1,9
TACCATGTATTGATTT-1_V13B23-285_B1,10
TACCGCGGACTTGCAG-1_V13B23-285_B1,10
TACCGGCTCACTGCCC-1_V13B23-285_B1,4
TACCGGTCGTTTCCAT-1_V13B23-285_B1,5
TACCGTAGGTTAACTA-1_V13B23-285_B1,7
TACCGTGCCTCGGACC-1_V13B23-285_B1,10
TACCTACTCCCAGTAT-1_V13B23-285_B1,7
TACCTCACGCTTGTAC-1_V13B23-285_B1,9
TACCTCAGTTGTCTGT-1_V13B23-285_B1,7
TACCTGCTGCACTGTG-1_V13B23-285_B1,3
TACCTTAAGATTTCCC-1_V13B23-285_B1,7
TACGAACACGACTTCA-1_V13B23-285_B1,5
TACGACGCTTGCTGCG-1_V13B23-285_B1,5
TACGACTGCCTCTTAG-1_V13B23-285_B1,5
TACGAGAACTTCACGT-1_V13B23-285_B1,5
TACGATGTTGATCATC-1_V13B23-285_B1,5
TACGCAGTTCTTTCCT-1_V13B23-285_B1,5
TACGCCATATTCTAAT-1_V13B23-285_B1,5
TACGCCGAGGGTACCC-1_V13B23-285_B1,7
TACGCCGCCTCAGAAG-1_V13B23-285_B1,10
TACGCCTCCATTCCGA-1_V13B23-285_B1,7
TACGCTATAGAAACCT-1_V13B23-285_B1,10
TACGCTCGGTATTGGA-1_V13B23-285_B1,10
TACGGGATGCTAGCAG-1_V13B23-285_B1,8
TACGTACTAGTGCTGA-1_V13B23-285_B1,5
TACGTGCAAGGTTCCT-1_V13B23-285_B1,7
TACGTGCACTATGCTG-1_V13B23-285_B1,8
TACGTTTACCGGCAAT-1_V13B23-285_B1,5
TACTATGGTTCCTCAG-1_V13B23-285_B1,5
TACTCGGCACGCCGGG-1_V13B23-285_B1,13
TACTCTCCGAACAAAT-1_V13B23-285_B1,8
TACTCTTACTTTACTG-1_V13B23-285_B1,10
TACTCTTTCGTCTTCA-1_V13B23-285_B1,5
TACTGAACAGATTTAG-1_V13B23-285_B1,5
TACTGAGGGAAGAAAG-1_V13B23-285_B1,5
TACTGCAATCAATTAC-1_V13B23-285_B1,14
TACTGGACAGCTCGGC-1_V13B23-285_B1,5
TACTGTTTCTCTGGTA-1_V13B23-285_B1,10
TACTTGTTAGTAGTCC-1_V13B23-285_B1,10
TACTTTACTGAGCCGG-1_V13B23-285_B1,1
TACTTTCCGCACGCCA-1_V13B23-285_B1,7
TAGAAAGGTGGCGCTA-1_V13B23-285_B1,8
TAGAATAGCCGATGAA-1_V13B23-285_B1,10
TAGAATTAAGGGCAAC-1_V13B23-285_B1,9
TAGACGCCCGTACCGG-1_V13B23-285_B1,1
TAGACTACCTAGCGTT-1_V13B23-285_B1,10
TAGAGATCATGCAACT-1_V13B23-285_B1,13
TAGAGCTACGAAGAAC-1_V13B23-285_B1,9
TAGAGGTTCTACTTGT-1_V13B23-285_B1,10
TAGAGTCTAAGCGAAC-1_V13B23-285_B1,8
TAGATATGGACTGGAA-1_V13B23-285_B1,5
TAGATCCGAAGTCGCA-1_V13B23-285_B1,9
TAGATGGTTCCTTACT-1_V13B23-285_B1,10
TAGATTCCTGGTTATT-1_V13B23-285_B1,1
TAGCAACCTGTCACAA-1_V13B23-285_B1,5
TAGCCATTTCAAAGTC-1_V13B23-285_B1,10
TAGCCGGCGGTCAGCG-1_V13B23-285_B1,10
TAGCGTCCCTCGATTG-1_V13B23-285_B1,10
TAGCGTCCGGTGTGGT-1_V13B23-285_B1,10
TAGCGTTGGGTCTTAC-1_V13B23-285_B1,10
TAGCTAAGTCCGGGAG-1_V13B23-285_B1,8
TAGCTAGAAGGCATGA-1_V13B23-285_B1,5
TAGCTAGTGATGATGG-1_V13B23-285_B1,5
TAGCTCGCCTGATAAC-1_V13B23-285_B1,5
TAGCTGATGTGAAGCG-1_V13B23-285_B1,7
TAGGCATGTTACGCCA-1_V13B23-285_B1,8
TAGGGAGCTTGGGATG-1_V13B23-285_B1,10
TAGGGTGTTTCAAGAG-1_V13B23-285_B1,8
TAGGTCCAAGTAAGGA-1_V13B23-285_B1,7
TAGGTCGCCGGAACTG-1_V13B23-285_B1,3
TAGGTGACGATAACCT-1_V13B23-285_B1,10
TAGGTGAGCCCTACTC-1_V13B23-285_B1,5
TAGGTGCTCGCCTAGC-1_V13B23-285_B1,10
TAGGTGTTCCACAGAT-1_V13B23-285_B1,1
TAGGTTCGAGTTCGTC-1_V13B23-285_B1,10
TAGTACCTTAGTGGTC-1_V13B23-285_B1,7
TAGTAGCTTATACCAG-1_V13B23-285_B1,5
TAGTCCGCAGAGAATG-1_V13B23-285_B1,5
TAGTCCGTATGCATAA-1_V13B23-285_B1,4
TAGTCGATCACGGGTT-1_V13B23-285_B1,10
TAGTCTAACAACGAGA-1_V13B23-285_B1,5
TAGTCTGTGACGTTGC-1_V13B23-285_B1,1
TAGTCTTTCCGAATTG-1_V13B23-285_B1,10
TAGTGCCCTCCAGAGT-1_V13B23-285_B1,5
TAGTGTCAGAAACGGC-1_V13B23-285_B1,5
TAGTTAAGATAGGATA-1_V13B23-285_B1,9
TAGTTTATTCTTGCTT-1_V13B23-285_B1,9
TATAAATCCACAAGCT-1_V13B23-285_B1,8
TATAAGTGAGGATAGC-1_V13B23-285_B1,8
TATACACAGACGCCTT-1_V13B23-285_B1,5
TATACACGCAAAGTAT-1_V13B23-285_B1,8
TATACCGAGTGCCACA-1_V13B23-285_B1,10
TATACGCGTCATCACT-1_V13B23-285_B1,7
TATACTCATGCGGCAA-1_V13B23-285_B1,5
TATAGATGGTCGCAGT-1_V13B23-285_B1,10
TATAGCGCACGTTATC-1_V13B23-285_B1,7
TATAGGGTACTCATGA-1_V13B23-285_B1,5
TATATATCGAGAAATG-1_V13B23-285_B1,1
TATATCCCTGGGAGGA-1_V13B23-285_B1,10
TATATGCTGGGTTGCC-1_V13B23-285_B1,3
TATATTACAAATGTCG-1_V13B23-285_B1,13
TATCACCATGTAAAGT-1_V13B23-285_B1,14
TATCACCCAACCGACC-1_V13B23-285_B1,11
TATCACTTCGAGTAAC-1_V13B23-285_B1,11
TATCCAATTGGTTATC-1_V13B23-285_B1,10
TATCCATATCATGCGA-1_V13B23-285_B1,5
TATCCATCTCGGTTAG-1_V13B23-285_B1,5
TATCCGCACCGTCGGG-1_V13B23-285_B1,7
TATCCTGCATGGGAAT-1_V13B23-285_B1,9
TATCGATCTATGCATA-1_V13B23-285_B1,8
TATCGATGATTAAACG-1_V13B23-285_B1,11
TATCTACAGAGGTAAT-1_V13B23-285_B1,7
TATCTACCACAGCGGG-1_V13B23-285_B1,5
TATCTAGCCTAAAGGA-1_V13B23-285_B1,1
TATCTTGCAATACAAC-1_V13B23-285_B1,7
TATGAAGACAGGTGCG-1_V13B23-285_B1,7
TATGATCCGGCACGCC-1_V13B23-285_B1,13
TATGATCTTCTCTTTA-1_V13B23-285_B1,10
TATGCTCCCTACTTAC-1_V13B23-285_B1,8
TATGGATGTGCTACGC-1_V13B23-285_B1,5
TATGGCCCGGCCTCGC-1_V13B23-285_B1,5
TATGGCTAGGCTAATT-1_V13B23-285_B1,13
TATGGGACCGAGCAGG-1_V13B23-285_B1,5
TATGGGTACGTATCGT-1_V13B23-285_B1,5
TATGGTCTGAGTAACA-1_V13B23-285_B1,5
TATGGTTAGTGGGAGA-1_V13B23-285_B1,10
TATGTAGAAACCCGGC-1_V13B23-285_B1,5
TATGTCAAGACCGACT-1_V13B23-285_B1,8
TATGTCTCATTGTGCC-1_V13B23-285_B1,1
TATTAACCTGACCGCG-1_V13B23-285_B1,5
TATTACCATCCTGCTT-1_V13B23-285_B1,10
TATTATGTTTGCCTGC-1_V13B23-285_B1,3
TATTCAATTCTAATCC-1_V13B23-285_B1,2
TATTCCACTCAGCTCG-1_V13B23-285_B1,5
TATTCCGAGCTGTTAT-1_V13B23-285_B1,10
TATTCCTCCGCCCACT-1_V13B23-285_B1,7
TATTCGTGCCAGAATA-1_V13B23-285_B1,10
TATTGACATTTCTGCC-1_V13B23-285_B1,10
TATTTAGTCTAGATCG-1_V13B23-285_B1,12
TATTTATACCGAGTAG-1_V13B23-285_B1,12
TATTTGATTTGCACAG-1_V13B23-285_B1,10
TATTTGTTACCCTTTA-1_V13B23-285_B1,5
TCAAACAACCGCGTCG-1_V13B23-285_B1,8
TCAAACTTAGATTGTT-1_V13B23-285_B1,8
TCAAATTTGAGACTCA-1_V13B23-285_B1,1
TCAACAAAGATAATTC-1_V13B23-285_B1,7
TCAACATAGCGCCCTA-1_V13B23-285_B1,10
TCAACATCGACCGAGA-1_V13B23-285_B1,13
TCAACCATGTTCGGGC-1_V13B23-285_B1,5
TCAACGAGGAGACAAA-1_V13B23-285_B1,5
TCAACGCAGGAAATAA-1_V13B23-285_B1,5
TCAACGCGACCGGCAG-1_V13B23-285_B1,5
TCAACTAACGTATAAC-1_V13B23-285_B1,7
TCAACTGCAGAGTCAG-1_V13B23-285_B1,10
TCAAGAAATACTAGCT-1_V13B23-285_B1,10
TCAAGCGCGGACGGTA-1_V13B23-285_B1,10
TCAAGCTGCCTTGAAA-1_V13B23-285_B1,13
TCAAGGTTACTACACC-1_V13B23-285_B1,10
TCACAAACCGAGGTAC-1_V13B23-285_B1,7
TCACAGATCCTCAAAC-1_V13B23-285_B1,9
TCACAGCAAACTCGAA-1_V13B23-285_B1,5
TCACAGGAGAATAAGA-1_V13B23-285_B1,5
TCACAGGGAATCGCAA-1_V13B23-285_B1,10
TCACAGGTTATTGGGC-1_V13B23-285_B1,5
TCACATCTTATCTGAT-1_V13B23-285_B1,3
TCACCCTCTTAAGATT-1_V13B23-285_B1,5
TCACCGCTCGGCACTC-1_V13B23-285_B1,13
TCACGATGTCCGTGGA-1_V13B23-285_B1,7
TCACGCATTGTAGATC-1_V13B23-285_B1,5
TCACGGTCATCGCACA-1_V13B23-285_B1,8
TCACGTGCCCGATTCA-1_V13B23-285_B1,5
TCACTACGACCAATGC-1_V13B23-285_B1,12
TCACTCGTGCAACGGC-1_V13B23-285_B1,7
TCACTCTTCGTCTGTC-1_V13B23-285_B1,7
TCAGAACCTCCACAGG-1_V13B23-285_B1,13
TCAGACGCTATAGAAG-1_V13B23-285_B1,10
TCAGAGTGTGAGCATG-1_V13B23-285_B1,10
TCAGCAAATGCATCTC-1_V13B23-285_B1,6
TCAGCAGTAGGCCCTG-1_V13B23-285_B1,5
TCAGGGCGCAAACTCG-1_V13B23-285_B1,1
TCAGGGTGTAACGTAA-1_V13B23-285_B1,1
TCAGGTTCTTTGAGAA-1_V13B23-285_B1,5
TCAGTACTGACCCGCG-1_V13B23-285_B1,5
TCAGTAGGGACTATAA-1_V13B23-285_B1,5
TCAGTGTATACGTCAT-1_V13B23-285_B1,7
TCATAAGTCCAAGAAG-1_V13B23-285_B1,10
TCATACTTACAGATCC-1_V13B23-285_B1,7
TCATCACTCGAGCTCG-1_V13B23-285_B1,8
TCATCCCAGAGGGTGG-1_V13B23-285_B1,9
TCATCGATGGTCCCAA-1_V13B23-285_B1,7
TCATGCAGGTTCTCAT-1_V13B23-285_B1,12
TCATTTAAGTCTCCGA-1_V13B23-285_B1,10
TCATTTAGAAGTGTGA-1_V13B23-285_B1,10
TCCAACTTTAAATTCT-1_V13B23-285_B1,5
TCCACAATGGTTTACG-1_V13B23-285_B1,5
TCCACCTCTAGCCTTT-1_V13B23-285_B1,7
TCCACTTTATCTAGGT-1_V13B23-285_B1,6
TCCAGAGCACCGGTTC-1_V13B23-285_B1,10
TCCAGATGTACGCCAA-1_V13B23-285_B1,3
TCCAGCGCTATAAGCG-1_V13B23-285_B1,10
TCCAGGCGAGTACGGT-1_V13B23-285_B1,5
TCCAGGGTATATACGA-1_V13B23-285_B1,7
TCCATTCCCACTAGAG-1_V13B23-285_B1,13
TCCATTGTGACCTCGT-1_V13B23-285_B1,9
TCCCAAACAGACAACG-1_V13B23-285_B1,13
TCCCAAAGACGAAGGA-1_V13B23-285_B1,8
TCCCAAAGCCCTAAAT-1_V13B23-285_B1,10
TCCCACTCTCTTCCGG-1_V13B23-285_B1,13
TCCCAGCACACGACAT-1_V13B23-285_B1,10
TCCCAGCTTTAGTCTG-1_V13B23-285_B1,5
TCCCAGGCTTAGCTAA-1_V13B23-285_B1,5
TCCCGCCTATGTGCGT-1_V13B23-285_B1,13
TCCCGCGTACTCCTGG-1_V13B23-285_B1,1
TCCCGGGTGTGCTGCT-1_V13B23-285_B1,5
TCCCGTCAGTCCCGCA-1_V13B23-285_B1,8
TCCCGTCGCGTCATAG-1_V13B23-285_B1,13
TCCCGTGTGCAATTTG-1_V13B23-285_B1,10
TCCCTAGATCAATAGG-1_V13B23-285_B1,13
TCCCTGGCGTATTAAC-1_V13B23-285_B1,3
TCCCTGGCTCGCTGGA-1_V13B23-285_B1,5
TCCCTTAGATTACTCG-1_V13B23-285_B1,4
TCCGAACGTTGCCGCT-1_V13B23-285_B1,10
TCCGAACTTGGCTTAC-1_V13B23-285_B1,5
TCCGAAGTAGTCACCA-1_V13B23-285_B1,13
TCCGAATGGTCCTGAG-1_V13B23-285_B1,13
TCCGATAATTGCCATA-1_V13B23-285_B1,12
TCCGATGACTGAGCTC-1_V13B23-285_B1,8
TCCGATGGTGCGACAT-1_V13B23-285_B1,5
TCCGATTACATTGCCG-1_V13B23-285_B1,5
TCCGCCTGTCTACAAG-1_V13B23-285_B1,10
TCCGCGGCAGCATCTG-1_V13B23-285_B1,2
TCCGCGGCCCAATGAA-1_V13B23-285_B1,10
TCCGCTGTCATCCCGG-1_V13B23-285_B1,10
TCCGCTTATCCCATTA-1_V13B23-285_B1,1
TCCGGAGGAAGGGCTG-1_V13B23-285_B1,13
TCCGGCCTAGCGTACA-1_V13B23-285_B1,13
TCCGGCTGTCGGGTCG-1_V13B23-285_B1,10
TCCGGTTCGTCCGGTC-1_V13B23-285_B1,5
TCCGTAACCACAATCC-1_V13B23-285_B1,5
TCCGTTAAGCTAATAT-1_V13B23-285_B1,10
TCCGTTTAGCCTTGAA-1_V13B23-285_B1,13
TCCTAAATTGGGAAGC-1_V13B23-285_B1,11
TCCTAACCGTCGGGCA-1_V13B23-285_B1,5
TCCTACATCCACGGCC-1_V13B23-285_B1,10
TCCTAGCAAAGAAGCT-1_V13B23-285_B1,5
TCCTATCATAGGTAAC-1_V13B23-285_B1,10
TCCTCCTAAGACATTC-1_V13B23-285_B1,7
TCCTCGGGCTGGGCTT-1_V13B23-285_B1,10
TCCTCTACGAGATGGC-1_V13B23-285_B1,5
TCCTCTCCAGTTGTCC-1_V13B23-285_B1,7
TCCTCTGGCCCATTAG-1_V13B23-285_B1,9
TCCTGCCAACTGGAGA-1_V13B23-285_B1,12
TCCTGCGTTGATACTC-1_V13B23-285_B1,5
TCCTGGCGCTGCCTGG-1_V13B23-285_B1,8
TCCTTACGACGGTCCG-1_V13B23-285_B1,10
TCCTTCAGTGGTCGAA-1_V13B23-285_B1,6
TCCTTTAAATCCGCTT-1_V13B23-285_B1,10
TCCTTTCTTACGCTTA-1_V13B23-285_B1,5
TCGAAATTTAGGACCA-1_V13B23-285_B1,5
TCGAAGAACCGAGCAC-1_V13B23-285_B1,10
TCGAATATCCCGCAGG-1_V13B23-285_B1,7
TCGACAACTGAACCCG-1_V13B23-285_B1,3
TCGAGACCAACACCGT-1_V13B23-285_B1,5
TCGAGCCAGGCAGGCC-1_V13B23-285_B1,7
TCGAGGGCAACAGACG-1_V13B23-285_B1,10
TCGCAAAGATGCATTT-1_V13B23-285_B1,10
TCGCACCAGGAGGCAG-1_V13B23-285_B1,10
TCGCATCCCTAAGTGT-1_V13B23-285_B1,8
TCGCCGAAGTTGCGTC-1_V13B23-285_B1,5
TCGCCGGTCGATCCGT-1_V13B23-285_B1,12
TCGCGTAGCAGTGTCC-1_V13B23-285_B1,10
TCGCGTCCAGAAGGTC-1_V13B23-285_B1,3
TCGCTAAACCGCTATC-1_V13B23-285_B1,12
TCGCTCGATATATTCC-1_V13B23-285_B1,8
TCGCTCGGCACCAGCG-1_V13B23-285_B1,13
TCGCTGGGCGGATTGT-1_V13B23-285_B1,1
TCGCTGTGCGTAAATC-1_V13B23-285_B1,8
TCGCTTAATTACGAAG-1_V13B23-285_B1,2
TCGCTTTAAACGTTTG-1_V13B23-285_B1,13
TCGGAATGCGCTCTGA-1_V13B23-285_B1,7
TCGGACGCCCAGCCCA-1_V13B23-285_B1,5
TCGGAGAGTATCGGGA-1_V13B23-285_B1,13
TCGGAGTACATGAGTA-1_V13B23-285_B1,6
TCGGCGAACCCAAACC-1_V13B23-285_B1,10
TCGGCGTACTGCACAA-1_V13B23-285_B1,1
TCGGCTTGTATCGACG-1_V13B23-285_B1,10
TCGGGAACGTGCCTAG-1_V13B23-285_B1,13
TCGGGAGACAGCGTAC-1_V13B23-285_B1,7
TCGGGATTCAAACATA-1_V13B23-285_B1,5
TCGGGCCGTCGTGGTA-1_V13B23-285_B1,10
TCGGTCCCGACAATAG-1_V13B23-285_B1,7
TCGGTCCCTGACTCCA-1_V13B23-285_B1,9
TCGGTGACCGCTCCGG-1_V13B23-285_B1,13
TCGTAAGACGACATTG-1_V13B23-285_B1,13
TCGTAAGCTCCGAGGA-1_V13B23-285_B1,11
TCGTATAGTGCAATTA-1_V13B23-285_B1,9
TCGTATTACCCATTGC-1_V13B23-285_B1,7
TCGTCAAGTACGCGCA-1_V13B23-285_B1,1
TCGTCACACTGTTAGC-1_V13B23-285_B1,7
TCGTCCGCTGGCGTCT-1_V13B23-285_B1,5
TCGTCTTAGGCGTTAA-1_V13B23-285_B1,10
TCGTGTACTATGGATG-1_V13B23-285_B1,10
TCGTGTATTGGTCACG-1_V13B23-285_B1,10
TCGTGTCACGCTGACA-1_V13B23-285_B1,13
TCGTGTTCGACCACAA-1_V13B23-285_B1,10
TCGTTAGGAGTCCCTA-1_V13B23-285_B1,5
TCGTTGCTATCCGGTC-1_V13B23-285_B1,5
TCTAATACTGCCTCAG-1_V13B23-285_B1,7
TCTACCCAATAGAGAG-1_V13B23-285_B1,10
TCTACCGTCCACAAGC-1_V13B23-285_B1,1
TCTACGGGCTCAGTTG-1_V13B23-285_B1,13
TCTAGCAATCTCCGCC-1_V13B23-285_B1,1
TCTAGCATCTTCGATG-1_V13B23-285_B1,5
TCTAGCATGCCCAGAA-1_V13B23-285_B1,10
TCTAGGTGGCGACGCT-1_V13B23-285_B1,13
TCTAGTGATATCGTGG-1_V13B23-285_B1,10
TCTAGTTATCAGAAGA-1_V13B23-285_B1,5
TCTATCATGCAGTTAC-1_V13B23-285_B1,8
TCTATCGGTCGCAACA-1_V13B23-285_B1,11
TCTATTACGCTGGCGA-1_V13B23-285_B1,8
TCTATTACTAGAGGAT-1_V13B23-285_B1,3
TCTCATGAGATAGGGT-1_V13B23-285_B1,10
TCTCCAACGTAGGTTA-1_V13B23-285_B1,6
TCTCCACAAGTTGAAT-1_V13B23-285_B1,7
TCTCCCTGGGCAGCGT-1_V13B23-285_B1,10
TCTCGAACGAGGTCAC-1_V13B23-285_B1,13
TCTCGACGTATCGCCG-1_V13B23-285_B1,10
TCTCGAGGAGGTTCGC-1_V13B23-285_B1,10
TCTCGGCTCCAGGACT-1_V13B23-285_B1,4
TCTCTAATAGCTGGTA-1_V13B23-285_B1,8
TCTCTCGCCGCACATA-1_V13B23-285_B1,10
TCTGAACCGGTCGGCT-1_V13B23-285_B1,8
TCTGAACTCGTACCCG-1_V13B23-285_B1,10
TCTGAAGCACGTGGTC-1_V13B23-285_B1,10
TCTGAATTCCGTACAA-1_V13B23-285_B1,10
TCTGACGGGCTAACCC-1_V13B23-285_B1,13
TCTGAGCAATTGACTG-1_V13B23-285_B1,10
TCTGATCGGGTGCTAG-1_V13B23-285_B1,1
TCTGATGTATTCTGTC-1_V13B23-285_B1,10
TCTGATTGGAAATGGA-1_V13B23-285_B1,10
TCTGCACCATTAGTAA-1_V13B23-285_B1,13
TCTGCATACCTTGCTT-1_V13B23-285_B1,10
TCTGCCAGAAACTGCA-1_V13B23-285_B1,10
TCTGCGAATCGTTCGC-1_V13B23-285_B1,13
TCTGCGTCCGGTTTCT-1_V13B23-285_B1,8
TCTGCTTAGAACAAGC-1_V13B23-285_B1,10
TCTGGAGCGTAAGAGT-1_V13B23-285_B1,1
TCTGGCCGTTCAAGTT-1_V13B23-285_B1,10
TCTGGGAACCTTTGAA-1_V13B23-285_B1,10
TCTGGGTAGCGCTCAT-1_V13B23-285_B1,5
TCTGTGCCATCATAGT-1_V13B23-285_B1,5
TCTGTTACCCAGCATA-1_V13B23-285_B1,3
TCTTACAGAGGTACCG-1_V13B23-285_B1,12
TCTTACCGGAACTCGT-1_V13B23-285_B1,8
TCTTACGGCATCCGAC-1_V13B23-285_B1,5
TCTTACTTATGCCTCT-1_V13B23-285_B1,10
TCTTAGAGCTCCAATT-1_V13B23-285_B1,10
TCTTAGAGTGAACTCT-1_V13B23-285_B1,10
TCTTCCCATGGGCACA-1_V13B23-285_B1,13
TCTTCGAATAGACGTT-1_V13B23-285_B1,10
TCTTCGATACCAATAA-1_V13B23-285_B1,10
TCTTCGCGGTGAGAGG-1_V13B23-285_B1,10
TCTTCTATAACCCGCC-1_V13B23-285_B1,10
TCTTGATGCGTAGCGA-1_V13B23-285_B1,10
TCTTGGTAACACCAAA-1_V13B23-285_B1,6
TCTTTAAGACTATGAA-1_V13B23-285_B1,10
TCTTTAGAGTCTAACA-1_V13B23-285_B1,10
TCTTTAGCAGGCGAAC-1_V13B23-285_B1,10
TCTTTCCTTCGAGATA-1_V13B23-285_B1,10
TGAAACTTATGCAAGC-1_V13B23-285_B1,9
TGAAAGGACCTGACTC-1_V13B23-285_B1,10
TGAATATGCTATAAAC-1_V13B23-285_B1,11
TGAATGAGATACAGCA-1_V13B23-285_B1,13
TGAATGTCAGCCGGCC-1_V13B23-285_B1,10
TGACAACGCATGTCGC-1_V13B23-285_B1,6
TGACACTTCTCTTTGC-1_V13B23-285_B1,11
TGACATCGAGCGGACC-1_V13B23-285_B1,10
TGACCCACGTTAGACA-1_V13B23-285_B1,5
TGACGAATATTTCCCT-1_V13B23-285_B1,13
TGACGATGCACTAGAA-1_V13B23-285_B1,10
TGACTATAATCCTTTC-1_V13B23-285_B1,10
TGAGAATGCTTTACCG-1_V13B23-285_B1,10
TGAGAGATTTACCACG-1_V13B23-285_B1,10
TGAGATTAGGCCCTAA-1_V13B23-285_B1,13
TGAGCCATACAGTCTC-1_V13B23-285_B1,5
TGAGCGGAAAGTGTTC-1_V13B23-285_B1,7
TGAGCTCAACTGTATA-1_V13B23-285_B1,10
TGAGCTTTAATGACGC-1_V13B23-285_B1,12
TGAGGAGTGCCAGCTT-1_V13B23-285_B1,7
TGAGTAAATTAGCGTA-1_V13B23-285_B1,5
TGAGTGCCTCTTAAAT-1_V13B23-285_B1,5
TGAGTGGTCCGTGACG-1_V13B23-285_B1,7
TGAGTTAAAGACATTC-1_V13B23-285_B1,10
TGATACATTTAGCCGT-1_V13B23-285_B1,5
TGATAGCGGGATTCTA-1_V13B23-285_B1,1
TGATCAGGGAACTGCT-1_V13B23-285_B1,13
TGATCCCAGCATTAGT-1_V13B23-285_B1,13
TGATCGGTTTGACCCT-1_V13B23-285_B1,5
TGATCTACGCTGATCT-1_V13B23-285_B1,13
TGATCTCCGGCGCCAG-1_V13B23-285_B1,5
TGATGGCTGTTTCTGA-1_V13B23-285_B1,13
TGATGTCAATTAAGTG-1_V13B23-285_B1,10
TGATTATGGCACGCAG-1_V13B23-285_B1,14
TGATTCGTCTATCACT-1_V13B23-285_B1,5
TGATTCTGTCGCCGGT-1_V13B23-285_B1,5
TGATTTATTAGCTGTG-1_V13B23-285_B1,5
TGATTTCCTCCTGACG-1_V13B23-285_B1,8
TGCAACCCATCTGCGG-1_V13B23-285_B1,3
TGCAAGAATGACGTAA-1_V13B23-285_B1,5
TGCAATCTAACACGGT-1_V13B23-285_B1,10
TGCAATTTGGGCACGG-1_V13B23-285_B1,13
TGCACAGTGAAGTTAT-1_V13B23-285_B1,13
TGCACTATGTGAGTGC-1_V13B23-285_B1,1
TGCAGAACTATATCGT-1_V13B23-285_B1,13
TGCAGAGTACCGAGCA-1_V13B23-285_B1,5
TGCAGATCGTCCTAGG-1_V13B23-285_B1,13
TGCAGCTACGTACTTC-1_V13B23-285_B1,13
TGCAGGATCGGCAAAG-1_V13B23-285_B1,8
TGCAGTGAGGCTCGGG-1_V13B23-285_B1,13
TGCAGTTTCCTCCCAT-1_V13B23-285_B1,10
TGCATATGTCTGTCAC-1_V13B23-285_B1,10
TGCATGGATCGGATCT-1_V13B23-285_B1,12
TGCATGTGGTAATCTA-1_V13B23-285_B1,1
TGCCAAAGTCAGACTT-1_V13B23-285_B1,13
TGCCAATGGGTACTCT-1_V13B23-285_B1,5
TGCCACCTGGCGAAAC-1_V13B23-285_B1,8
TGCCAGTACGTGGAGA-1_V13B23-285_B1,10
TGCCATTACTAAAGAA-1_V13B23-285_B1,8
TGCCCGTACCGTTAAA-1_V13B23-285_B1,10
TGCCGAAAGCGTATTC-1_V13B23-285_B1,13
TGCCGTGGATCGTCCT-1_V13B23-285_B1,3
TGCCTAAATTTAATAG-1_V13B23-285_B1,13
TGCCTAATTGAAGATT-1_V13B23-285_B1,10
TGCCTGACATCGGTCA-1_V13B23-285_B1,8
TGCCTGATCAAACGAT-1_V13B23-285_B1,8
TGCCTTGGCCAGGCAA-1_V13B23-285_B1,10
TGCGAATATGGGATTT-1_V13B23-285_B1,13
TGCGACACCCTAGTGC-1_V13B23-285_B1,7
TGCGACGGCCGAACGT-1_V13B23-285_B1,7
TGCGAGAATATTACCC-1_V13B23-285_B1,5
TGCGAGATGGCGGCCA-1_V13B23-285_B1,2
TGCGAGCCCTTCCGCG-1_V13B23-285_B1,13
TGCGATGCTAATGGCT-1_V13B23-285_B1,1
TGCGCAAAGCATTTGG-1_V13B23-285_B1,10
TGCGCCGTTAATAACG-1_V13B23-285_B1,6
TGCGCGATTAACGGAG-1_V13B23-285_B1,5
TGCGGAGTAAAGGTGC-1_V13B23-285_B1,8
TGCGGCATAGTTCAAC-1_V13B23-285_B1,9
TGCGGTGAAATTTCAT-1_V13B23-285_B1,9
TGCGTAAGAACCTGAT-1_V13B23-285_B1,5
TGCGTCATGACTGAGC-1_V13B23-285_B1,5
TGCGTGATTGGGTGTC-1_V13B23-285_B1,9
TGCGTTTGTTGACACT-1_V13B23-285_B1,10
TGCTAAGTGTCTATTT-1_V13B23-285_B1,10
TGCTCCACAGTTCTTA-1_V13B23-285_B1,10
TGCTCGGCGAAACCCA-1_V13B23-285_B1,7
TGCTCTGCCGGTTCAC-1_V13B23-285_B1,13
TGCTGGTTGGACAATT-1_V13B23-285_B1,8
TGCTGTTGAAGAACTC-1_V13B23-285_B1,10
TGCTTCCCAAGCAGTA-1_V13B23-285_B1,8
TGGAACCACTGACACA-1_V13B23-285_B1,2
TGGAAGAAGGGAACGT-1_V13B23-285_B1,5
TGGAAGACGAACACCA-1_V13B23-285_B1,9
TGGAAGGATAAAGATG-1_V13B23-285_B1,8
TGGAATATCCTTGACC-1_V13B23-285_B1,13
TGGAATTAGACGCTTT-1_V13B23-285_B1,1
TGGACACCGTTGCTTG-1_V13B23-285_B1,1
TGGACCAATCTAAGAT-1_V13B23-285_B1,10
TGGACGCAATCCAGCC-1_V13B23-285_B1,7
TGGACTGTTCGCTCAA-1_V13B23-285_B1,10
TGGAGGGAAACACCTC-1_V13B23-285_B1,13
TGGAGTGATGCGATGA-1_V13B23-285_B1,5
TGGCAAACTAAATTAC-1_V13B23-285_B1,10
TGGCAACTCGCGCGCC-1_V13B23-285_B1,8
TGGCAATGGGACGGCG-1_V13B23-285_B1,10
TGGCAGATTACGATCA-1_V13B23-285_B1,5
TGGCAGCAGTAATAGT-1_V13B23-285_B1,5
TGGCATGAAGTTTGGG-1_V13B23-285_B1,7
TGGCCAAACTGAAGTA-1_V13B23-285_B1,1
TGGCCAATTTGGTACT-1_V13B23-285_B1,1
TGGCCGTATATTGACC-1_V13B23-285_B1,5
TGGCGACTGCTCCAAA-1_V13B23-285_B1,5
TGGCGATCAAGTTATG-1_V13B23-285_B1,4
TGGCTATGTGACATAC-1_V13B23-285_B1,10
TGGCTTGTACAAGCTT-1_V13B23-285_B1,13
TGGCTTTGGGTAGACA-1_V13B23-285_B1,8
TGGGAAATGCCTTTCC-1_V13B23-285_B1,1
TGGGATGCACTCATTC-1_V13B23-285_B1,13
TGGGCAATAGTTGGGT-1_V13B23-285_B1,10
TGGGCACGTTCTATGG-1_V13B23-285_B1,12
TGGGCAGGCCACCGCA-1_V13B23-285_B1,10
TGGGCCCATACTAATT-1_V13B23-285_B1,6
TGGGCCTTGCCTGCAT-1_V13B23-285_B1,3
TGGGTAAGGTTCCCGC-1_V13B23-285_B1,6
TGGGTGGGATGTCATT-1_V13B23-285_B1,9
TGGTAGAATATATGGG-1_V13B23-285_B1,10
TGGTCCCACGCTACGG-1_V13B23-285_B1,10
TGGTCGTGCAAGGCAA-1_V13B23-285_B1,7
TGGTCTGTTGGGCGTA-1_V13B23-285_B1,5
TGGTGATCGTATTTGT-1_V13B23-285_B1,7
TGGTTAACTTACATTT-1_V13B23-285_B1,3
TGGTTAAGGGCGCTGG-1_V13B23-285_B1,13
TGGTTCAACGGGTAAT-1_V13B23-285_B1,10
TGGTTCGTAGCAAAGG-1_V13B23-285_B1,8
TGGTTGGAGGATCCTG-1_V13B23-285_B1,14
TGGTTTAAACGTGGGT-1_V13B23-285_B1,13
TGTAATGACCACAATA-1_V13B23-285_B1,13
TGTACCTACACGAGGG-1_V13B23-285_B1,10
TGTACGAACAAATCCG-1_V13B23-285_B1,11
TGTACTACTCTCACGG-1_V13B23-285_B1,13
TGTAGCCATCCCATTC-1_V13B23-285_B1,10
TGTAGGAGAAATTTCC-1_V13B23-285_B1,10
TGTAGTGATCTATAAT-1_V13B23-285_B1,5
TGTATAACAGATCCTG-1_V13B23-285_B1,1
TGTATACGGATGATGA-1_V13B23-285_B1,13
TGTATCAGACTGAAGC-1_V13B23-285_B1,9
TGTATGGCGCAGACAG-1_V13B23-285_B1,10
TGTATTTACCTAATGC-1_V13B23-285_B1,14
TGTCATTTGTTGGGAA-1_V13B23-285_B1,13
TGTCCGTGGCGCCTTT-1_V13B23-285_B1,7
TGTCCTAAGTCACCGC-1_V13B23-285_B1,5
TGTCGTTATCACATAT-1_V13B23-285_B1,7
TGTGACTACGCCAGTC-1_V13B23-285_B1,8
TGTGAGACTAGCCCAA-1_V13B23-285_B1,7
TGTGCCGGTGCCGGAA-1_V13B23-285_B1,10
TGTGCTTTACGTAAGA-1_V13B23-285_B1,5
TGTGGACTATCTACGT-1_V13B23-285_B1,10
TGTGGCAAAGCGTATG-1_V13B23-285_B1,13
TGTGGCTCCCACCAAC-1_V13B23-285_B1,6
TGTGGTAGGGTGCCTT-1_V13B23-285_B1,10
TGTGTAGTAGCACGTG-1_V13B23-285_B1,10
TGTGTCGCGAGTTGCA-1_V13B23-285_B1,3
TGTGTTCGTATCCAAG-1_V13B23-285_B1,7
TGTTATTGTATGTGGC-1_V13B23-285_B1,10
TGTTCATAAATGTGCT-1_V13B23-285_B1,7
TGTTCCGCTTCCATGA-1_V13B23-285_B1,5
TGTTCGTATTGCGGTG-1_V13B23-285_B1,5
TGTTCTCTACTCCCTA-1_V13B23-285_B1,2
TGTTCTTCCATTGACT-1_V13B23-285_B1,5
TGTTGCCGTCGTCCCA-1_V13B23-285_B1,10
TGTTGTCAAGAAGTCT-1_V13B23-285_B1,8
TGTTTAATACTTCATC-1_V13B23-285_B1,9
TGTTTCGGTACTTCTC-1_V13B23-285_B1,8
TGTTTGAGATCGTCAG-1_V13B23-285_B1,10
TTAAACCTGGTTCCTT-1_V13B23-285_B1,7
TTAAACTCGAATTCAT-1_V13B23-285_B1,11
TTAACACCTCGAACAT-1_V13B23-285_B1,7
TTAACCAACCCTCCCT-1_V13B23-285_B1,8
TTAACGAACAAGCAGT-1_V13B23-285_B1,13
TTAACTCACGCGTGGA-1_V13B23-285_B1,7
TTAACTTCAGGTAGGA-1_V13B23-285_B1,7
TTAAGATAGGATTGAC-1_V13B23-285_B1,10
TTAAGCCGACAACTTC-1_V13B23-285_B1,6
TTAAGCGCCTGACCCA-1_V13B23-285_B1,5
TTAAGGCCCGTACTTT-1_V13B23-285_B1,1
TTAATCAGTACGTCAG-1_V13B23-285_B1,12
TTAATGTAGACCAGGT-1_V13B23-285_B1,10
TTAATTGCTTTGGGTG-1_V13B23-285_B1,10
TTAATTTCAGACGCGG-1_V13B23-285_B1,12
TTACAACTACGCATCC-1_V13B23-285_B1,8
TTACACGATCTGCGAC-1_V13B23-285_B1,10
TTACAGACCTAAATGA-1_V13B23-285_B1,1
TTACATCGTGGCCTGG-1_V13B23-285_B1,8
TTACATGCCACAACTA-1_V13B23-285_B1,10
TTACCATTGATTACCC-1_V13B23-285_B1,5
TTACCCATTGCCGGGT-1_V13B23-285_B1,12
TTACCCTAACAGTCCT-1_V13B23-285_B1,7
TTACCCTAGGGATTGG-1_V13B23-285_B1,7
TTACCGCCTTAGGGAA-1_V13B23-285_B1,9
TTACGGATGGTTCGAG-1_V13B23-285_B1,10
TTACTAAAGGACTTTA-1_V13B23-285_B1,10
TTACTATCGGCTTCTC-1_V13B23-285_B1,7
TTACTCCGGCCGGGAA-1_V13B23-285_B1,2
TTACTCTGGTACGTAC-1_V13B23-285_B1,7
TTACTGGGATATTTCA-1_V13B23-285_B1,5
TTACTGTCTAGAGCTC-1_V13B23-285_B1,13
TTAGAAGAACATGACT-1_V13B23-285_B1,5
TTAGAATAAGGGTCGG-1_V13B23-285_B1,5
TTAGACACGATCGTTG-1_V13B23-285_B1,12
TTAGACGAGTCACCTC-1_V13B23-285_B1,10
TTAGAGTTTAGAAGGA-1_V13B23-285_B1,10
TTAGATAGGTCGATAC-1_V13B23-285_B1,8
TTAGCAACATGGATGT-1_V13B23-285_B1,8
TTAGCTAATACGATCT-1_V13B23-285_B1,13
TTAGCTCTGTAATCCG-1_V13B23-285_B1,1
TTAGCTGATTTGCCGT-1_V13B23-285_B1,10
TTAGGATGGGAGGGTA-1_V13B23-285_B1,10
TTAGGTCATAACCGAC-1_V13B23-285_B1,4
TTAGTAAACCTGCTCT-1_V13B23-285_B1,4
TTAGTAGGGCGGCGGG-1_V13B23-285_B1,5
TTAGTTATTCGTGGCA-1_V13B23-285_B1,10
TTAGTTCAAGTGTTCG-1_V13B23-285_B1,13
TTATAGGTAATTGTCT-1_V13B23-285_B1,7
TTATATACGCTGTCAC-1_V13B23-285_B1,10
TTATATTTGGCAATCC-1_V13B23-285_B1,1
TTATCCAATCGAACTC-1_V13B23-285_B1,4
TTATCCGGGATCTATA-1_V13B23-285_B1,10
TTATCCTCAAGGAATA-1_V13B23-285_B1,5
TTATCGCCTGCGAAGC-1_V13B23-285_B1,1
TTATCTGTATCATAAC-1_V13B23-285_B1,8
TTATGAATGAAAGGGA-1_V13B23-285_B1,11
TTATGACAAACTGGAT-1_V13B23-285_B1,5
TTATGATCTTAACGAA-1_V13B23-285_B1,10
TTATGTTTGCGATAGA-1_V13B23-285_B1,7
TTATTAGAGCGTGTTC-1_V13B23-285_B1,10
TTATTAGGGAAGCATC-1_V13B23-285_B1,2
TTATTATCTGGAAGGC-1_V13B23-285_B1,10
TTCAAAGTCTCTAGCC-1_V13B23-285_B1,10
TTCAACGACCCGACCG-1_V13B23-285_B1,8
TTCAAGCCGAGCTGAG-1_V13B23-285_B1,6
TTCAATACTCTGAATC-1_V13B23-285_B1,10
TTCACGAAAGGATCAC-1_V13B23-285_B1,5
TTCACTCGAGCACCTA-1_V13B23-285_B1,10
TTCAGCCCTGGTCCAC-1_V13B23-285_B1,10
TTCAGCTGGCGTGCCC-1_V13B23-285_B1,10
TTCAGGCGTCAAAGCC-1_V13B23-285_B1,5
TTCAGTTTGTGGCAGC-1_V13B23-285_B1,7
TTCATGGCGCAACAGG-1_V13B23-285_B1,8
TTCCAATCAGAGCTAG-1_V13B23-285_B1,1
TTCCAATCTGGCTATC-1_V13B23-285_B1,5
TTCCACACAGATTTGA-1_V13B23-285_B1,5
TTCCAGACGAGATTTA-1_V13B23-285_B1,10
TTCCATCATGCGGTGA-1_V13B23-285_B1,14
TTCCATCGACAGCGTG-1_V13B23-285_B1,10
TTCCCGGCGCCAATAG-1_V13B23-285_B1,7
TTCCGCAGAGAAATAT-1_V13B23-285_B1,11
TTCCGCGTGAGGCGAT-1_V13B23-285_B1,7
TTCCGGCCTTGAGGCT-1_V13B23-285_B1,5
TTCCGGCTCGACTTCT-1_V13B23-285_B1,13
TTCCGGTATCTGTGTC-1_V13B23-285_B1,10
TTCCGGTTACCCACTT-1_V13B23-285_B1,10
TTCCTCGAGGGTGTCT-1_V13B23-285_B1,8
TTCCTCGGACTAACCA-1_V13B23-285_B1,10
TTCCTCTGCCCGAATA-1_V13B23-285_B1,7
TTCCTTTCTGTGTTGC-1_V13B23-285_B1,8
TTCGACAGAGCCCGTG-1_V13B23-285_B1,10
TTCGACGGGAAGGGCG-1_V13B23-285_B1,5
TTCGCACTCGCGTGCT-1_V13B23-285_B1,5
TTCGCACTGTACGACA-1_V13B23-285_B1,3
TTCGCATCCGGAAGCA-1_V13B23-285_B1,9
TTCGCGCGCCATACGA-1_V13B23-285_B1,5
TTCGCTAGGAAGTTGT-1_V13B23-285_B1,10
TTCGCTATCTGACGTG-1_V13B23-285_B1,8
TTCGGCAACCCGCTGA-1_V13B23-285_B1,12
TTCGGCTAGAGATGGT-1_V13B23-285_B1,8
TTCGGGACTAATCGCG-1_V13B23-285_B1,10
TTCGGGCGCTAGTCTT-1_V13B23-285_B1,7
TTCGGGTTGCCACGGG-1_V13B23-285_B1,10
TTCGGTGGAGACGCCC-1_V13B23-285_B1,10
TTCGTAATCCCAGCGG-1_V13B23-285_B1,9
TTCGTACTCCAGAACG-1_V13B23-285_B1,7
TTCGTTCAACGAAGTT-1_V13B23-285_B1,7
TTCTAACCGAAGCTTA-1_V13B23-285_B1,10
TTCTACTTGCGAGGGC-1_V13B23-285_B1,1
TTCTAGAAAGTCTTAT-1_V13B23-285_B1,5
TTCTAGGCCAATTGTG-1_V13B23-285_B1,8
TTCTATGCCTTTCGCA-1_V13B23-285_B1,13
TTCTGACCGGGCTCAA-1_V13B23-285_B1,10
TTCTGCCGCGCCTAGA-1_V13B23-285_B1,10
TTCTGCGAGCGCCCTT-1_V13B23-285_B1,7
TTCTGCGGGTTAGCGG-1_V13B23-285_B1,10
TTCTGCTAGACTCCAA-1_V13B23-285_B1,13
TTCTGTTTCCTGTCGC-1_V13B23-285_B1,7
TTCTTAGTGAACGGTG-1_V13B23-285_B1,8
TTCTTAGTGGCTCAGA-1_V13B23-285_B1,2
TTCTTATCCGCTGGGT-1_V13B23-285_B1,10
TTCTTGAGCCGCGCTA-1_V13B23-285_B1,7
TTCTTGCTAGCATCTC-1_V13B23-285_B1,10
TTCTTGGACGATCTGC-1_V13B23-285_B1,7
TTCTTGGAGTAATGAG-1_V13B23-285_B1,8
TTCTTGTAACCTAATG-1_V13B23-285_B1,5
TTCTTGTGTCCATCAG-1_V13B23-285_B1,7
TTCTTTGGTCGCGACG-1_V13B23-285_B1,8
TTGAAAGGTGTAAAGG-1_V13B23-285_B1,13
TTGAACGAATCCTTTG-1_V13B23-285_B1,5
TTGAACGACGTGCTGA-1_V13B23-285_B1,1
TTGAAGAATTCCCAGG-1_V13B23-285_B1,5
TTGAATATGGACTTTC-1_V13B23-285_B1,2
TTGAATTCACGTGAGG-1_V13B23-285_B1,6
TTGACAGGAGCTCCCG-1_V13B23-285_B1,10
TTGACATGAACGTGGA-1_V13B23-285_B1,7
TTGACCATGTTCTCCG-1_V13B23-285_B1,8
TTGACCGTGTTAATGA-1_V13B23-285_B1,3
TTGACGCTCCATGAGC-1_V13B23-285_B1,10
TTGACTACCATATGGT-1_V13B23-285_B1,5
TTGACTATTGTCCGGC-1_V13B23-285_B1,10
TTGAGAAGTTTAGCAT-1_V13B23-285_B1,10
TTGAGAGTACTGCTAA-1_V13B23-285_B1,5
TTGAGCAGCCCACGGT-1_V13B23-285_B1,1
TTGAGCGCCACGTGAT-1_V13B23-285_B1,10
TTGAGTCCCGCTGCTG-1_V13B23-285_B1,10
TTGATAGTCAATACAT-1_V13B23-285_B1,13
TTGATCTAACTTTGTC-1_V13B23-285_B1,5
TTGATGTGTAGTCCCG-1_V13B23-285_B1,13
TTGATTAGCTGTTTCT-1_V13B23-285_B1,5
TTGATTATGCAGATGA-1_V13B23-285_B1,5
TTGCACAATTCAGAAA-1_V13B23-285_B1,5
TTGCACGGAGCAGCAC-1_V13B23-285_B1,8
TTGCATGCTGATCACG-1_V13B23-285_B1,5
TTGCCAAGCAGAACCC-1_V13B23-285_B1,4
TTGCCATAGCCCGCTC-1_V13B23-285_B1,5
TTGCCCTGATCACGGG-1_V13B23-285_B1,5
TTGCCGCTTTCTAGTA-1_V13B23-285_B1,10
TTGCCGGTGATCCCTC-1_V13B23-285_B1,13
TTGCGGCATCAGAAAG-1_V13B23-285_B1,5
TTGCGTAGTTTGAGGA-1_V13B23-285_B1,1
TTGCGTCGGCCAACCG-1_V13B23-285_B1,5
TTGCGTGAACGCTTAG-1_V13B23-285_B1,13
TTGCTCCCATACCGGA-1_V13B23-285_B1,8
TTGCTGAAGGAACCAC-1_V13B23-285_B1,8
TTGCTGATCATGTTCG-1_V13B23-285_B1,5
TTGCTGCACCTATCCA-1_V13B23-285_B1,1
TTGCTGGCCGGGCTTC-1_V13B23-285_B1,9
TTGGAAGAATACAGTC-1_V13B23-285_B1,1
TTGGACATGTGGCTTA-1_V13B23-285_B1,5
TTGGACCATCTGGCAA-1_V13B23-285_B1,10
TTGGACCTATAACAGT-1_V13B23-285_B1,10
TTGGATATCGTCTACG-1_V13B23-285_B1,5
TTGGATTGGGTACCAC-1_V13B23-285_B1,14
TTGGCCATCTTGCGCT-1_V13B23-285_B1,8
TTGGCCTAGAATTTCG-1_V13B23-285_B1,12
TTGGCGATCCGAATAT-1_V13B23-285_B1,10
TTGGCTCGCATGAGAC-1_V13B23-285_B1,5
TTGGGACACTGCCCGC-1_V13B23-285_B1,1
TTGGGACGTAAGAGTT-1_V13B23-285_B1,10
TTGGGCGGCGGTTGCC-1_V13B23-285_B1,1
TTGGGTTTATTCAGCG-1_V13B23-285_B1,11
TTGGTATGGCTTGTGT-1_V13B23-285_B1,1
TTGGTCACACTCGTAA-1_V13B23-285_B1,5
TTGGTTCGCTCAAAGG-1_V13B23-285_B1,6
TTGGTTGCGGTGCGCG-1_V13B23-285_B1,5
TTGTAAGGACCTAAGT-1_V13B23-285_B1,7
TTGTAAGGCCAGTTGG-1_V13B23-285_B1,8
TTGTAATCCGTACTCG-1_V13B23-285_B1,5
TTGTATCACACAGAAT-1_V13B23-285_B1,9
TTGTCGTTCAGTTACC-1_V13B23-285_B1,8
TTGTGAACCTAATCCG-1_V13B23-285_B1,10
TTGTGAGGCATGACGC-1_V13B23-285_B1,13
TTGTGCAGCCACGTCA-1_V13B23-285_B1,10
TTGTGGCCCTGACAGT-1_V13B23-285_B1,2
TTGTGGTAGGAGGGAT-1_V13B23-285_B1,3
TTGTGGTATAGGTATG-1_V13B23-285_B1,13
TTGTGTATGCCACCAA-1_V13B23-285_B1,7
TTGTGTTTCCCGAAAG-1_V13B23-285_B1,5
TTGTTAGCAAATTCGA-1_V13B23-285_B1,8
TTGTTCAGTGTGCTAC-1_V13B23-285_B1,8
TTGTTGTGTGTCAAGA-1_V13B23-285_B1,6
TTGTTTCACATCCAGG-1_V13B23-285_B1,7
TTGTTTCATTAGTCTA-1_V13B23-285_B1,7
TTGTTTCCATACAACT-1_V13B23-285_B1,3
AAACAAGTATCTCCCA-1_V13B23-285_C1,10
AAACACCAATAACTGC-1_V13B23-285_C1,5
AAACAGAGCGACTCCT-1_V13B23-285_C1,13
AAACAGCTTTCAGAAG-1_V13B23-285_C1,7
AAACAGGGTCTATATT-1_V13B23-285_C1,5
AAACATTTCCCGGATT-1_V13B23-285_C1,10
AAACCCGAACGAAATC-1_V13B23-285_C1,10
AAACCGGAAATGTTAA-1_V13B23-285_C1,10
AAACCGGGTAGGTACC-1_V13B23-285_C1,7
AAACCGTTCGTCCAGG-1_V13B23-285_C1,5
AAACCTCATGAAGTTG-1_V13B23-285_C1,13
AAACGAGACGGTTGAT-1_V13B23-285_C1,11
AAACGTGTTCGCCCTA-1_V13B23-285_C1,2
AAACTCGTGATATAAG-1_V13B23-285_C1,13
AAACTGCTGGCTCCAA-1_V13B23-285_C1,10
AAACTTGCAAACGTAT-1_V13B23-285_C1,13
AAAGACTGGGCGCTTT-1_V13B23-285_C1,5
AAAGCTTGCCTACATA-1_V13B23-285_C1,13
AAAGGCTACGGACCAT-1_V13B23-285_C1,5
AAAGGCTCTCGCGCCG-1_V13B23-285_C1,7
AAAGGGATGTAGCAAG-1_V13B23-285_C1,11
AAAGGGCAGCTTGAAT-1_V13B23-285_C1,5
AAAGGTAAGCTGTACC-1_V13B23-285_C1,2
AAAGTAGCATTGCTCA-1_V13B23-285_C1,7
AAAGTCACTGATGTAA-1_V13B23-285_C1,9
AAAGTCGACCCTCAGT-1_V13B23-285_C1,13
AAAGTGCCATCAATTA-1_V13B23-285_C1,10
AAAGTGTGATTTATCT-1_V13B23-285_C1,10
AAAGTTGACTCCCGTA-1_V13B23-285_C1,10
AAATAACCATACGGGA-1_V13B23-285_C1,13
AAATAAGGTAGTGCCC-1_V13B23-285_C1,13
AAATACCTATAAGCAT-1_V13B23-285_C1,10
AAATAGCTTAGACTTT-1_V13B23-285_C1,10
AAATAGGGTGCTATTG-1_V13B23-285_C1,10
AAATCGTGTACCACAA-1_V13B23-285_C1,5
AAATCTAGCCCTGCTA-1_V13B23-285_C1,10
AAATGATTCGATCAGC-1_V13B23-285_C1,13
AAATGCTCGTTACGTT-1_V13B23-285_C1,8
AAATGGCATGTCTTGT-1_V13B23-285_C1,12
AAATGGCCCGTGCCCT-1_V13B23-285_C1,5
AAATGGTCAATGTGCC-1_V13B23-285_C1,5
AAATTAACGGGTAGCT-1_V13B23-285_C1,6
AAATTACACGACTCTG-1_V13B23-285_C1,13
AAATTACCTATCGATG-1_V13B23-285_C1,13
AAATTCCAGGTCCAAA-1_V13B23-285_C1,8
AAATTGATAGTCCTTT-1_V13B23-285_C1,5
AAATTGGTGAGAAGCA-1_V13B23-285_C1,2
AAATTTGCGGGTGTGG-1_V13B23-285_C1,5
AACAACTGGTAGTTGC-1_V13B23-285_C1,5
AACAATACATTGTCGA-1_V13B23-285_C1,5
AACAATTACTCTACGC-1_V13B23-285_C1,5
AACACACGCTCGCCGC-1_V13B23-285_C1,10
AACACGACTGTACTGA-1_V13B23-285_C1,9
AACACGAGACGCGGCC-1_V13B23-285_C1,13
AACAGCTGTGTGGCAA-1_V13B23-285_C1,5
AACAGGAAATCGAATA-1_V13B23-285_C1,12
AACAGGATGGGCCGCG-1_V13B23-285_C1,4
AACAGGTAGTATGGAT-1_V13B23-285_C1,10
AACATATCAACTGGTG-1_V13B23-285_C1,13
AACATCGATACGTCTA-1_V13B23-285_C1,13
AACCAAGACTTCTCTG-1_V13B23-285_C1,5
AACCATGGGATCGCTA-1_V13B23-285_C1,8
AACCCAGAGACGGAGA-1_V13B23-285_C1,9
AACCCATCCCATGATC-1_V13B23-285_C1,5
AACCCGAGCAGAATCG-1_V13B23-285_C1,10
AACCCTACTGTCAATA-1_V13B23-285_C1,10
AACCCTGGTGGAACCA-1_V13B23-285_C1,9
AACCGAGCTTGGTCAT-1_V13B23-285_C1,8
AACCGCTAAGGGATGC-1_V13B23-285_C1,10
AACCGTTGTGTTTGCT-1_V13B23-285_C1,6
AACCTCGCTTTAGCCC-1_V13B23-285_C1,10
AACCTGTCACGGAATT-1_V13B23-285_C1,10
AACCTTTAAATACGGT-1_V13B23-285_C1,10
AACCTTTACGACGTCT-1_V13B23-285_C1,13
AACGATAATGCCGTAG-1_V13B23-285_C1,10
AACGATATGTCAACTG-1_V13B23-285_C1,1
AACGCATGATCTGGGT-1_V13B23-285_C1,13
AACGCGGTCTCCAGCC-1_V13B23-285_C1,8
AACGCTGTTGCTGAAA-1_V13B23-285_C1,10
AACGGACGTACGTATA-1_V13B23-285_C1,10
AACGGCCATCTCCGGT-1_V13B23-285_C1,5
AACGTACTGTGGGTAC-1_V13B23-285_C1,5
AACGTCAGACTAGTGG-1_V13B23-285_C1,4
AACGTGATGAAGGACA-1_V13B23-285_C1,14
AACGTGCGAAAGTCTC-1_V13B23-285_C1,8
AACGTTATCAGCACCT-1_V13B23-285_C1,8
AACTACCCGTTTGTCA-1_V13B23-285_C1,10
AACTAGGCTTGGGTGT-1_V13B23-285_C1,5
AACTCAAGTTAATTGC-1_V13B23-285_C1,5
AACTCCAGAGCGTGTT-1_V13B23-285_C1,10
AACTCCTAATCCCATG-1_V13B23-285_C1,4
AACTCTCAATAGAGCG-1_V13B23-285_C1,10
AACTCTCAGTGTGCTC-1_V13B23-285_C1,5
AACTGAGTTATACTGA-1_V13B23-285_C1,10
AACTGATATTAGGCCT-1_V13B23-285_C1,12
AACTGGGTCCCGACGT-1_V13B23-285_C1,12
AACTTCTGCGTCTATC-1_V13B23-285_C1,8
AACTTGCCCGTATGCA-1_V13B23-285_C1,5
AACTTGCGTTCTCGCG-1_V13B23-285_C1,8
AACTTTACGGGAGCTT-1_V13B23-285_C1,3
AACTTTCTCGATCATG-1_V13B23-285_C1,13
AAGAAATCACCAGATT-1_V13B23-285_C1,2
AAGAAGGATCAGTTAG-1_V13B23-285_C1,8
AAGACCCAACTGAACA-1_V13B23-285_C1,5
AAGACTGCAAGCTACT-1_V13B23-285_C1,8
AAGAGATGAATCGGTA-1_V13B23-285_C1,5
AAGAGCTCTTTATCGG-1_V13B23-285_C1,11
AAGAGGATGTACGCGA-1_V13B23-285_C1,5
AAGAGGCATGGATCGC-1_V13B23-285_C1,10
AAGAGGCCCTTTGGAA-1_V13B23-285_C1,10
AAGATGGCACCGGACC-1_V13B23-285_C1,5
AAGATTGGCGGAACGT-1_V13B23-285_C1,13
AAGCACCCTGCGTATC-1_V13B23-285_C1,10
AAGCATACTCTCCTGA-1_V13B23-285_C1,10
AAGCCGAAGCGGTTTA-1_V13B23-285_C1,10
AAGCCGCTTTACCTTG-1_V13B23-285_C1,2
AAGCCGGAGAGCAGGA-1_V13B23-285_C1,10
AAGCGGCGTCATGGGT-1_V13B23-285_C1,2
AAGCGTCCCTCATCGA-1_V13B23-285_C1,5
AAGCTAGATCGAGTAA-1_V13B23-285_C1,10
AAGCTCGTGCCAAGTC-1_V13B23-285_C1,8
AAGCTCTTTCATGGTG-1_V13B23-285_C1,10
AAGGAGCGGTTGGTGC-1_V13B23-285_C1,8
AAGGATCGATCGCTTG-1_V13B23-285_C1,10
AAGGATGAGGGACCTC-1_V13B23-285_C1,13
AAGGCAGGCTGTCTCC-1_V13B23-285_C1,10
AAGGCGCGTAAAGCTT-1_V13B23-285_C1,4
AAGGCTGTGCTCATCG-1_V13B23-285_C1,5
AAGGGACAGATTCTGT-1_V13B23-285_C1,13
AAGGGACTATGCATTC-1_V13B23-285_C1,7
AAGGTATCCTAATATA-1_V13B23-285_C1,1
AAGGTGATAAACCAGC-1_V13B23-285_C1,10
AAGTAGAAGACCGGGT-1_V13B23-285_C1,4
AAGTAGTGACGCGAGG-1_V13B23-285_C1,5
AAGTCAATTGTCGTCA-1_V13B23-285_C1,10
AAGTCTAGTAGCTGCC-1_V13B23-285_C1,2
AAGTGACGACCGAATT-1_V13B23-285_C1,13
AAGTGAGTCGGGTTTA-1_V13B23-285_C1,5
AAGTGCAAAGGTAGAC-1_V13B23-285_C1,5
AAGTGCCTTGACTGTA-1_V13B23-285_C1,10
AAGTGCGTTAGAATCT-1_V13B23-285_C1,7
AAGTGTTTGGAGACGG-1_V13B23-285_C1,10
AAGTTCACTCCAAGCT-1_V13B23-285_C1,10
AAGTTCAGTCTGCGTA-1_V13B23-285_C1,13
AAGTTCGGCCAACAGG-1_V13B23-285_C1,1
AATAACAACGCTCGGC-1_V13B23-285_C1,5
AATAACACTAGAACAA-1_V13B23-285_C1,5
AATAATCTTCGTATCG-1_V13B23-285_C1,10
AATACAATGTTTCAGG-1_V13B23-285_C1,8
AATAGAACAGAGTGGC-1_V13B23-285_C1,5
AATAGAATCTGTTTCA-1_V13B23-285_C1,10
AATAGCTACCGCGTGC-1_V13B23-285_C1,13
AATAGTCCGTCCCGAC-1_V13B23-285_C1,1
AATAGTCGCGAGTCGG-1_V13B23-285_C1,7
AATATCGAATCAATGC-1_V13B23-285_C1,6
AATATCGAGGGTTCTC-1_V13B23-285_C1,13
AATATTGGAGTATTGA-1_V13B23-285_C1,5
AATCATGTAAAGACTC-1_V13B23-285_C1,10
AATCCAAGGGCCTGAG-1_V13B23-285_C1,9
AATCGCCTCAGCGCCA-1_V13B23-285_C1,10
AATCGCGCAGAGGACT-1_V13B23-285_C1,10
AATCTAGGTTTACTTG-1_V13B23-285_C1,5
AATCTATGCCGGAGCC-1_V13B23-285_C1,13
AATCTGCGTTGGGACG-1_V13B23-285_C1,1
AATCTGGCTTTCTAGT-1_V13B23-285_C1,5
AATGACAGCAATGTCT-1_V13B23-285_C1,7
AATGACGTAGGATGTC-1_V13B23-285_C1,10
AATGACTGTCAGCCGG-1_V13B23-285_C1,8
AATGAGTTCGCATATG-1_V13B23-285_C1,8
AATGATGATACGCTAT-1_V13B23-285_C1,7
AATGATGCGACTCCTG-1_V13B23-285_C1,13
AATGCAACCGGGTACC-1_V13B23-285_C1,8
AATGCACCAAGCAATG-1_V13B23-285_C1,13
AATGGTCCACCGTTCA-1_V13B23-285_C1,5
AATGGTTCTCACAAGC-1_V13B23-285_C1,8
AATGTGCCCGAGGTGT-1_V13B23-285_C1,1
AATTAAAGGTCGGCGT-1_V13B23-285_C1,5
AATTAACGGATTTCCA-1_V13B23-285_C1,10
AATTACTCGTACGCTC-1_V13B23-285_C1,9
AATTAGCGCTGCAGCG-1_V13B23-285_C1,11
AATTCATAAGGGATCT-1_V13B23-285_C1,13
AATTCTAGAGTTAGGC-1_V13B23-285_C1,10
AATTGAACGCTCTGGT-1_V13B23-285_C1,10
AATTTGGGACATAGTA-1_V13B23-285_C1,13
AATTTGGTTCCAAAGA-1_V13B23-285_C1,9
ACAAAGCATGACCTAG-1_V13B23-285_C1,10
ACAAATCGCACCGAAT-1_V13B23-285_C1,10
ACAAATGGTAGTGTTT-1_V13B23-285_C1,10
ACAACAGCATGAGCTA-1_V13B23-285_C1,1
ACAACGGTCCCTGCGA-1_V13B23-285_C1,8
ACAAGCAGTGCCTAGC-1_V13B23-285_C1,5
ACAAGGAAATCCGCCC-1_V13B23-285_C1,10
ACAAGGACAAGAGGTT-1_V13B23-285_C1,5
ACAAGGATGCTTTAGG-1_V13B23-285_C1,10
ACAAGGGCAGGCTCTG-1_V13B23-285_C1,10
ACAATAGTCGTACGTT-1_V13B23-285_C1,13
ACAATCCATTTAAACC-1_V13B23-285_C1,5
ACAATGAATACGGAGA-1_V13B23-285_C1,4
ACAATTGTGTCTCTTT-1_V13B23-285_C1,10
ACAATTTAGGAGGCTC-1_V13B23-285_C1,3
ACAATTTGAGCAGTGG-1_V13B23-285_C1,13
ACAATTTGGCCATATT-1_V13B23-285_C1,10
ACACAAAGACGGGTGG-1_V13B23-285_C1,8
ACACACCAGGACCAGT-1_V13B23-285_C1,10
ACACACTTTCTACACG-1_V13B23-285_C1,12
ACACATGATCAAATCT-1_V13B23-285_C1,5
ACACCACATAATTAGC-1_V13B23-285_C1,13
ACACCCAGCATGCAGC-1_V13B23-285_C1,8
ACACCCGAGAAATCCG-1_V13B23-285_C1,11
ACACCGAGCGCTCTTT-1_V13B23-285_C1,7
ACACCTTAAGTAGGGC-1_V13B23-285_C1,8
ACACCTTACTACTTGC-1_V13B23-285_C1,10
ACACGAGACTCCTTCT-1_V13B23-285_C1,13
ACACGGCACTATGCAT-1_V13B23-285_C1,9
ACACGGGAACTTAGGG-1_V13B23-285_C1,13
ACACGTAGGCCACAAG-1_V13B23-285_C1,10
ACACTCCAATGTCACT-1_V13B23-285_C1,8
ACACTGATCAAGGTGT-1_V13B23-285_C1,5
ACACTGGGACAGTCGT-1_V13B23-285_C1,10
ACAGAACTGAGAACAA-1_V13B23-285_C1,7
ACAGCATAGAGCCAGT-1_V13B23-285_C1,9
ACAGCGACATTCTCAT-1_V13B23-285_C1,10
ACAGCGCACCCGCAGC-1_V13B23-285_C1,14
ACAGGCTTGCCCGACT-1_V13B23-285_C1,10
ACAGGTGGAGGTGAGG-1_V13B23-285_C1,5
ACAGTAATACAACTTG-1_V13B23-285_C1,13
ACAGTATACCGTGGGA-1_V13B23-285_C1,13
ACATAAGTCGTGGTGA-1_V13B23-285_C1,7
ACATAATAAGGCGGTG-1_V13B23-285_C1,12
ACATCAGCTGGGACGC-1_V13B23-285_C1,5
ACATCCCGGCCATACG-1_V13B23-285_C1,7
ACATCCTGGTAACTGT-1_V13B23-285_C1,10
ACATCGATCGTTTACC-1_V13B23-285_C1,5
ACATCGGTCAGCCGCG-1_V13B23-285_C1,1
ACATCGTATGCAATGG-1_V13B23-285_C1,6
ACATCGTTAACCTAGT-1_V13B23-285_C1,9
ACATGGCGCCAAAGTA-1_V13B23-285_C1,10
ACATTAGTTTATATCC-1_V13B23-285_C1,11
ACCAAACACCCAGCGA-1_V13B23-285_C1,13
ACCAACACCACACACT-1_V13B23-285_C1,13
ACCAACGCTTATTTAT-1_V13B23-285_C1,5
ACCAAGAACGCGTGTC-1_V13B23-285_C1,12
ACCAATATGCAAGTTA-1_V13B23-285_C1,10
ACCACAAGTTTCTATC-1_V13B23-285_C1,8
ACCACCAATGTAACAA-1_V13B23-285_C1,10
ACCACCCTCTCTTCTA-1_V13B23-285_C1,13
ACCACGTGCAGCTATA-1_V13B23-285_C1,10
ACCACTGTTCAAGAAG-1_V13B23-285_C1,1
ACCAGTGCGGGAGACG-1_V13B23-285_C1,10
ACCATATCCGCAATAA-1_V13B23-285_C1,5
ACCATCCGCCAACTAG-1_V13B23-285_C1,13
ACCATCGTATATGGTA-1_V13B23-285_C1,5
ACCATTAAGGGTGTCA-1_V13B23-285_C1,13
ACCCAACGCCCGTGGC-1_V13B23-285_C1,13
ACCCACCTACATGCTC-1_V13B23-285_C1,5
ACCCATCTTGAGGGTA-1_V13B23-285_C1,5
ACCCATTTGTCCCTCT-1_V13B23-285_C1,10
ACCCGAGCGAAATTAC-1_V13B23-285_C1,4
ACCCGGAAACTCCCAG-1_V13B23-285_C1,10
ACCCGGAGCACCACAA-1_V13B23-285_C1,10
ACCCGGATGACGCATC-1_V13B23-285_C1,10
ACCCGGTTACACTTCC-1_V13B23-285_C1,5
ACCCGTGTCATCAGTA-1_V13B23-285_C1,5
ACCCTATAGGACTGAG-1_V13B23-285_C1,8
ACCCTATGCCATATCG-1_V13B23-285_C1,5
ACCCTCCCTTGCTATT-1_V13B23-285_C1,10
ACCCTGGTAACGCCCT-1_V13B23-285_C1,2
ACCCTTCATCTGCGAA-1_V13B23-285_C1,12
ACCGACACATCTCCCA-1_V13B23-285_C1,10
ACCGACTGAGTCCCAC-1_V13B23-285_C1,1
ACCGATAGGCATAACC-1_V13B23-285_C1,10
ACCGATATTTAATCAT-1_V13B23-285_C1,10
ACCGATGGTAGCATCG-1_V13B23-285_C1,10
ACCGCAATAACTGCCT-1_V13B23-285_C1,10
ACCGCGGTGGAAGTCG-1_V13B23-285_C1,10
ACCGGGCCTTTGTTGA-1_V13B23-285_C1,10
ACCGGTCAGGTACACC-1_V13B23-285_C1,5
ACCGTGACCACGTGGG-1_V13B23-285_C1,5
ACCTAAGTACCTTTCA-1_V13B23-285_C1,3
ACCTAATCGACTTCCT-1_V13B23-285_C1,5
ACCTACAGTATGTGGT-1_V13B23-285_C1,10
ACCTCCGCCCTCGCTG-1_V13B23-285_C1,10
ACCTCCGTTATTCACC-1_V13B23-285_C1,13
ACCTGCGTGTCATGTT-1_V13B23-285_C1,13
ACGAAATGGGCGGCAC-1_V13B23-285_C1,5
ACGACCCATGAGTTGC-1_V13B23-285_C1,10
ACGAGATATTTGCTTA-1_V13B23-285_C1,14
ACGAGGATACCACTCT-1_V13B23-285_C1,5
ACGAGGTTTACAACGT-1_V13B23-285_C1,13
ACGAGTACGGATGCCC-1_V13B23-285_C1,13
ACGATACATAGAACTA-1_V13B23-285_C1,4
ACGATCATACATAGAG-1_V13B23-285_C1,8
ACGATCATCTTGTAAA-1_V13B23-285_C1,10
ACGATGCATATGTTAT-1_V13B23-285_C1,5
ACGATGGATCCGATGC-1_V13B23-285_C1,9
ACGCAAACTAATAGAT-1_V13B23-285_C1,5
ACGCAATCACTACAGC-1_V13B23-285_C1,13
ACGCATACGTTTACTA-1_V13B23-285_C1,10
ACGCATTCGTGAGTAC-1_V13B23-285_C1,8
ACGCCAGATGATTTCT-1_V13B23-285_C1,12
ACGCCGCTAGACGACC-1_V13B23-285_C1,10
ACGCGAAGTCAGACGA-1_V13B23-285_C1,10
ACGCGCTACACAGGGT-1_V13B23-285_C1,5
ACGCGGGCCAAGGACA-1_V13B23-285_C1,8
ACGCTAGTGATACACT-1_V13B23-285_C1,13
ACGCTGTGAGGCGTAG-1_V13B23-285_C1,13
ACGGAATTTAGCAAAT-1_V13B23-285_C1,8
ACGGACTCTCAAAGCG-1_V13B23-285_C1,10
ACGGAGCGCAAATTAC-1_V13B23-285_C1,11
ACGGATGGTGCGGATA-1_V13B23-285_C1,10
ACGGCACTTGCTTGGG-1_V13B23-285_C1,5
ACGGCCAACATGGACT-1_V13B23-285_C1,6
ACGGCGACGATGGGAA-1_V13B23-285_C1,10
ACGGCTGGATGTAGAA-1_V13B23-285_C1,7
ACGGGAGTGTCGGCCC-1_V13B23-285_C1,7
ACGGGCGTATGCGACA-1_V13B23-285_C1,13
ACGGGTCATGTGACTT-1_V13B23-285_C1,8
ACGTACAGATTTCTCT-1_V13B23-285_C1,9
ACGTAGATTGCTGATG-1_V13B23-285_C1,2
ACGTATTACTCCGATC-1_V13B23-285_C1,10
ACGTGCGCCTCGTGCA-1_V13B23-285_C1,12
ACGTTAATGTCGAAGA-1_V13B23-285_C1,10
ACGTTAGATTTGCCCG-1_V13B23-285_C1,5
ACGTTATTGGTCACTC-1_V13B23-285_C1,8
ACGTTCGCAATCAATT-1_V13B23-285_C1,13
ACGTTCGTTCAGGAAA-1_V13B23-285_C1,7
ACGTTTAGTTGTGATC-1_V13B23-285_C1,12
ACTACCAGCTCTCTGG-1_V13B23-285_C1,7
ACTACGCGTTAGAATT-1_V13B23-285_C1,3
ACTAGTTGCGATCGTC-1_V13B23-285_C1,10
ACTATATGCTGTGTTC-1_V13B23-285_C1,13
ACTATCCAGGGCATGG-1_V13B23-285_C1,10
ACTATCTGCCCGCGTA-1_V13B23-285_C1,10
ACTATTCGTCCGTGGT-1_V13B23-285_C1,12
ACTATTTCCGGGCCCA-1_V13B23-285_C1,3
ACTCAAGTGCAAGGCT-1_V13B23-285_C1,10
ACTCAATAAAGGCACG-1_V13B23-285_C1,8
ACTCCCATTCCTAAAG-1_V13B23-285_C1,13
ACTCCCGAATTCGTTT-1_V13B23-285_C1,13
ACTCCCGTAGACTAGG-1_V13B23-285_C1,2
ACTCCCTAATGCTAAA-1_V13B23-285_C1,10
ACTCCCTAGAATAGTA-1_V13B23-285_C1,10
ACTCGATGTATTTCAT-1_V13B23-285_C1,8
ACTCGCGATCTGACGC-1_V13B23-285_C1,10
ACTCGTAACCCGTCCT-1_V13B23-285_C1,1
ACTCGTCAGTAATCCC-1_V13B23-285_C1,10
ACTCTCTGACTTAGGT-1_V13B23-285_C1,10
ACTCTCTTATACACGA-1_V13B23-285_C1,14
ACTCTTCAGCTCCCGC-1_V13B23-285_C1,5
ACTCTTGTATAGTAAC-1_V13B23-285_C1,8
ACTGAAACGCCGTTAG-1_V13B23-285_C1,10
ACTGAATGGCGAAAGT-1_V13B23-285_C1,10
ACTGCCGTCGTAACTC-1_V13B23-285_C1,12
ACTGCGGACACACCGT-1_V13B23-285_C1,10
ACTGCTCGGAAGGATG-1_V13B23-285_C1,5
ACTGTACGATACACAT-1_V13B23-285_C1,13
ACTGTAGCACTTTGGA-1_V13B23-285_C1,7
ACTGTCCAGGATTATA-1_V13B23-285_C1,8
ACTGTCTTCTTTAGAA-1_V13B23-285_C1,3
ACTGTGCTAGTAGATC-1_V13B23-285_C1,9
ACTTACCGGGCGCGCA-1_V13B23-285_C1,8
ACTTACGCATCCACGC-1_V13B23-285_C1,10
ACTTAGTACGACAAGA-1_V13B23-285_C1,9
ACTTATACTTACCCGG-1_V13B23-285_C1,10
ACTTATTAGGATCGGT-1_V13B23-285_C1,5
ACTTATTTATGTGCCA-1_V13B23-285_C1,10
ACTTCAGGCTGATCCC-1_V13B23-285_C1,10
ACTTCCATGCGGGACA-1_V13B23-285_C1,10
ACTTCGCCATACGCAC-1_V13B23-285_C1,13
ACTTCGCTAGCGAGTG-1_V13B23-285_C1,2
ACTTGACTCCCTCTTT-1_V13B23-285_C1,10
ACTTGGGACCCGGTGG-1_V13B23-285_C1,8
ACTTGTGGATGGAACG-1_V13B23-285_C1,10
ACTTTACCCTCATGAA-1_V13B23-285_C1,13
ACTTTCCTATAGCTTC-1_V13B23-285_C1,1
ACTTTGACTGCATCCT-1_V13B23-285_C1,13
ACTTTGGTCGTGCTCC-1_V13B23-285_C1,7
ACTTTGTCGACGCACT-1_V13B23-285_C1,10
AGAAATTATGACTCGC-1_V13B23-285_C1,10
AGAACCCAGCGTGACA-1_V13B23-285_C1,10
AGAACGTGGTACATTC-1_V13B23-285_C1,13
AGAAGAGCGCCGTTCC-1_V13B23-285_C1,10
AGAAGGTACACTTCAC-1_V13B23-285_C1,5
AGAAGGTTGCCGAATT-1_V13B23-285_C1,5
AGAAGTGATTCGTGAT-1_V13B23-285_C1,7
AGAATAAATCTTCAGG-1_V13B23-285_C1,13
AGAATGCGGGTTCGGA-1_V13B23-285_C1,9
AGAATTATGGATTCGA-1_V13B23-285_C1,13
AGAATTGTTTGACATA-1_V13B23-285_C1,8
AGACAGCTCAGAATCC-1_V13B23-285_C1,8
AGACAGGCATCTCAGC-1_V13B23-285_C1,10
AGACCAAACCACACCT-1_V13B23-285_C1,7
AGACCATGGGATACAA-1_V13B23-285_C1,8
AGACCCACCGCTGATC-1_V13B23-285_C1,10
AGACCCGCCCTCCTCG-1_V13B23-285_C1,8
AGACCGCTCCGCGGTT-1_V13B23-285_C1,10
AGACCGGGAAACCCTG-1_V13B23-285_C1,11
AGACGAAGTGCCGGTC-1_V13B23-285_C1,10
AGACGACGATGCCGCT-1_V13B23-285_C1,5
AGACGCCCACTTCGCC-1_V13B23-285_C1,7
AGACTAGCCTTCCAGA-1_V13B23-285_C1,5
AGACTGTTACCGGGTC-1_V13B23-285_C1,5
AGAGAACCGTCTAGGA-1_V13B23-285_C1,13
AGAGAAGGAGTACAAT-1_V13B23-285_C1,5
AGAGATCTCTAAAGCG-1_V13B23-285_C1,5
AGAGCAGTTATGAGAC-1_V13B23-285_C1,5
AGAGCCGCCGAGATTT-1_V13B23-285_C1,10
AGAGCGGGCTAATCAT-1_V13B23-285_C1,12
AGAGCGTACAAGCTCG-1_V13B23-285_C1,5
AGAGGCTTCGGAAACC-1_V13B23-285_C1,10
AGAGTAAACTTCACTA-1_V13B23-285_C1,10
AGAGTATAGTGTTACG-1_V13B23-285_C1,13
AGATAACTTCAGGGCC-1_V13B23-285_C1,5
AGATACCAGCACTTCA-1_V13B23-285_C1,2
AGATACCGGTGTTCAC-1_V13B23-285_C1,7
AGATACGACTTCATAT-1_V13B23-285_C1,9
AGATACTCAAGATCGA-1_V13B23-285_C1,10
AGATCGTGCATAAGAT-1_V13B23-285_C1,13
AGATCTCAGGTGTGAT-1_V13B23-285_C1,13
AGATGACTCGCCCACG-1_V13B23-285_C1,8
AGATGAGGGTTGCGAT-1_V13B23-285_C1,13
AGATGATGGAGTCTGG-1_V13B23-285_C1,2
AGATGCAAGACGTGCA-1_V13B23-285_C1,1
AGATGCTATAACGAGC-1_V13B23-285_C1,4
AGATTATAGGACGTTT-1_V13B23-285_C1,5
AGATTCACAACCGATA-1_V13B23-285_C1,3
AGCAAAGGCCGCTAGT-1_V13B23-285_C1,10
AGCAACATATCTTATT-1_V13B23-285_C1,10
AGCAACCGAAAGTAAT-1_V13B23-285_C1,7
AGCACCAGTACTCACG-1_V13B23-285_C1,1
AGCACTACCGGCCTGT-1_V13B23-285_C1,5
AGCACTACCTCACCAG-1_V13B23-285_C1,10
AGCACTTAAGGACGCC-1_V13B23-285_C1,5
AGCAGCCAGATGAATA-1_V13B23-285_C1,1
AGCATATCAATATGCT-1_V13B23-285_C1,10
AGCATCATTTCGAAAG-1_V13B23-285_C1,5
AGCATCGTCGATAATT-1_V13B23-285_C1,8
AGCCACAGGTTACCCG-1_V13B23-285_C1,10
AGCCACTCCCGTGCTT-1_V13B23-285_C1,4
AGCCCATACATGTAAG-1_V13B23-285_C1,13
AGCCCGGTAGCCTGTA-1_V13B23-285_C1,5
AGCCCTAAGCGAAGTT-1_V13B23-285_C1,12
AGCCCTGTCGCACCGT-1_V13B23-285_C1,10
AGCCCTTCTAATCCGA-1_V13B23-285_C1,13
AGCCCTTGGACATCCC-1_V13B23-285_C1,10
AGCCGTGGCTAAATGT-1_V13B23-285_C1,1
AGCCTAATACCCACGT-1_V13B23-285_C1,5
AGCCTTAAAGCGGAAG-1_V13B23-285_C1,8
AGCGACAGGAACGGTC-1_V13B23-285_C1,5
AGCGACATCCCATTCA-1_V13B23-285_C1,12
AGCGACCAACGATATT-1_V13B23-285_C1,8
AGCGCATAATGAATCG-1_V13B23-285_C1,1
AGCGCGGGTGCCAATG-1_V13B23-285_C1,7
AGCGCTAGAGCGATGT-1_V13B23-285_C1,10
AGCGGACACTTCGTAG-1_V13B23-285_C1,5
AGCGGCGGTTAGCGGT-1_V13B23-285_C1,3
AGCGGGAAGGGTCCAT-1_V13B23-285_C1,9
AGCGGTTGCCGCTCTG-1_V13B23-285_C1,11
AGCGTGGTATTCTACT-1_V13B23-285_C1,10
AGCTAACAAGCAATGT-1_V13B23-285_C1,5
AGCTAGAAGCAGAAGT-1_V13B23-285_C1,13
AGCTATTTAATCCAAC-1_V13B23-285_C1,12
AGCTCCATATATGTTC-1_V13B23-285_C1,10
AGCTCCTTCGCACATC-1_V13B23-285_C1,10
AGCTCTAGACGTTCCA-1_V13B23-285_C1,10
AGCTCTTCCCAGTGCA-1_V13B23-285_C1,13
AGCTCTTCGTAACCTT-1_V13B23-285_C1,10
AGCTCTTTACTCAGTT-1_V13B23-285_C1,5
AGCTGAAGTAAACCAA-1_V13B23-285_C1,8
AGCTGTAACCTCAATC-1_V13B23-285_C1,7
AGCTTGATCTTAACTT-1_V13B23-285_C1,11
AGGAAGCTGTCCGCCG-1_V13B23-285_C1,10
AGGACAGTCGAATCCC-1_V13B23-285_C1,10
AGGACATCGCACGTCG-1_V13B23-285_C1,14
AGGACGACCCATTAGA-1_V13B23-285_C1,5
AGGACGCTCGATGTTG-1_V13B23-285_C1,13
AGGAGACATCCACAGT-1_V13B23-285_C1,13
AGGAGAGTCTGGCTAC-1_V13B23-285_C1,13
AGGAGGCCTTCGCGCG-1_V13B23-285_C1,10
AGGATAAAGTCGGGAT-1_V13B23-285_C1,10
AGGATATAGGGATTTA-1_V13B23-285_C1,10
AGGATCACGCGATCTG-1_V13B23-285_C1,5
AGGATTGCTTACGACA-1_V13B23-285_C1,13
AGGCACGTGACTGTCC-1_V13B23-285_C1,10
AGGCAGATGCGTAAAC-1_V13B23-285_C1,13
AGGCAGGGAGCGTACT-1_V13B23-285_C1,5
AGGCATTGTCGTAGGG-1_V13B23-285_C1,10
AGGCCACATTGGTTAC-1_V13B23-285_C1,10
AGGCCACCCGTTATGA-1_V13B23-285_C1,5
AGGCCCATTGTACAGG-1_V13B23-285_C1,12
AGGCCCTAGAACGCCA-1_V13B23-285_C1,5
AGGCCTGAGAATCTCG-1_V13B23-285_C1,10
AGGCGATAACTGGCGT-1_V13B23-285_C1,10
AGGCGGTTTGTCCCGC-1_V13B23-285_C1,5
AGGCGTCTATGGACGG-1_V13B23-285_C1,13
AGGCTATGGTTAGCTT-1_V13B23-285_C1,5
AGGCTTCCCGAAGAAG-1_V13B23-285_C1,5
AGGCTTGCTAGACACC-1_V13B23-285_C1,5
AGGGAAACGAGGTACT-1_V13B23-285_C1,13
AGGGACCGGCTGCGTT-1_V13B23-285_C1,10
AGGGACTCTACGCGAC-1_V13B23-285_C1,1
AGGGAGACATACTTCG-1_V13B23-285_C1,13
AGGGCAGCGGCGTGGT-1_V13B23-285_C1,9
AGGGCGAGCAGCTGAT-1_V13B23-285_C1,13
AGGGCGTGATCGGCTA-1_V13B23-285_C1,4
AGGGCTGCAGTTACAG-1_V13B23-285_C1,4
AGGGTCAGTAACCCTA-1_V13B23-285_C1,13
AGGGTCGATGCGAACT-1_V13B23-285_C1,10
AGGGTGCTCTCGAGGG-1_V13B23-285_C1,1
AGGGTGGATAGTGCAT-1_V13B23-285_C1,5
AGGGTTCCCTTTGGTT-1_V13B23-285_C1,13
AGGGTTTAGTTCGGGA-1_V13B23-285_C1,13
AGGTAACCTCCTATTC-1_V13B23-285_C1,9
AGGTACGATATTGCCA-1_V13B23-285_C1,12
AGGTAGGTACAAAGCT-1_V13B23-285_C1,5
AGGTATAATTGATAGT-1_V13B23-285_C1,10
AGGTATGCGGACATTA-1_V13B23-285_C1,10
AGGTCAGGTGAGAGTG-1_V13B23-285_C1,7
AGGTCGCCTCCCAACA-1_V13B23-285_C1,10
AGGTCGCGGAGTTACT-1_V13B23-285_C1,13
AGGTGTATCGCCATGA-1_V13B23-285_C1,13
AGGTTACACCATGCCG-1_V13B23-285_C1,10
AGGTTGAGGCACGCTT-1_V13B23-285_C1,12
AGGTTTCACACACCTT-1_V13B23-285_C1,10
AGTAATGTCTTGCCGC-1_V13B23-285_C1,12
AGTACATCATTTATCA-1_V13B23-285_C1,13
AGTACCTTCGAGTGCT-1_V13B23-285_C1,2
AGTACGGCCCGTATCG-1_V13B23-285_C1,13
AGTACGGGCACCTGGC-1_V13B23-285_C1,1
AGTACTCTTATGCCCA-1_V13B23-285_C1,10
AGTAGGAAGGAAGTTG-1_V13B23-285_C1,13
AGTAGGTAACATACAT-1_V13B23-285_C1,9
AGTATAATACTAGGCA-1_V13B23-285_C1,5
AGTATGCTGGAGACCA-1_V13B23-285_C1,1
AGTATTTGGCACGACC-1_V13B23-285_C1,5
AGTCAACACCACCATC-1_V13B23-285_C1,5
AGTCAAGATGACACTT-1_V13B23-285_C1,10
AGTCACTAGCTCTCGA-1_V13B23-285_C1,10
AGTCAGCCACCGCCTG-1_V13B23-285_C1,8
AGTCCATTGGCTGATG-1_V13B23-285_C1,10
AGTCCCGCCTTTAATT-1_V13B23-285_C1,13
AGTCCCTCGCAGAAAG-1_V13B23-285_C1,13
AGTCGACGGTCTCAAG-1_V13B23-285_C1,10
AGTCGGCCCAAACGAC-1_V13B23-285_C1,5
AGTCGGCTCAACTTTA-1_V13B23-285_C1,7
AGTCGGTTGCGTGAGA-1_V13B23-285_C1,10
AGTCGTCGACCACCAA-1_V13B23-285_C1,10
AGTCGTGGGCATTACG-1_V13B23-285_C1,7
AGTCTAAAGTATACTC-1_V13B23-285_C1,13
AGTCTCACAAGACTAC-1_V13B23-285_C1,7
AGTCTGGACATCCTTG-1_V13B23-285_C1,8
AGTCTTCTCCTCAAAT-1_V13B23-285_C1,8
AGTGAACAAACTTCTC-1_V13B23-285_C1,10
AGTGAAGATGGTGTCC-1_V13B23-285_C1,13
AGTGACCTACTTTACG-1_V13B23-285_C1,5
AGTGAGACTTCCAGTA-1_V13B23-285_C1,10
AGTGAGCCTCGCCGCC-1_V13B23-285_C1,13
AGTGAGGGTTTCTGAC-1_V13B23-285_C1,11
AGTGATAACCTGCGCG-1_V13B23-285_C1,10
AGTGATATGAGTAGTT-1_V13B23-285_C1,5
AGTGATTCAAGCAGGA-1_V13B23-285_C1,1
AGTGCACGCTTAAGAA-1_V13B23-285_C1,10
AGTGCGTAGCTCGTAA-1_V13B23-285_C1,7
AGTGCTAAACACAGCA-1_V13B23-285_C1,10
AGTGCTTGCACGAATA-1_V13B23-285_C1,10
AGTGGCGGCAATTTGA-1_V13B23-285_C1,13
AGTGGCGTCTGAAGGT-1_V13B23-285_C1,10
AGTGGCTCCGTCGGCC-1_V13B23-285_C1,5
AGTGGTGTTACCCGTG-1_V13B23-285_C1,13
AGTGGTTGCGTATAGG-1_V13B23-285_C1,13
AGTGTATTGCGCATTG-1_V13B23-285_C1,3
AGTGTGCTAAGATCGC-1_V13B23-285_C1,8
AGTGTGGTCTATTGTG-1_V13B23-285_C1,8
AGTTAAACACTTGCGA-1_V13B23-285_C1,5
AGTTAAGCGGTCCCGG-1_V13B23-285_C1,12
AGTTAAGTCAACCGCT-1_V13B23-285_C1,7
AGTTACCCTTAAGACT-1_V13B23-285_C1,1
AGTTACCGCACATGGT-1_V13B23-285_C1,8
AGTTACTCTATCGTGG-1_V13B23-285_C1,13
AGTTCACCGGTTGGAC-1_V13B23-285_C1,7
AGTTCCTACAGAATTA-1_V13B23-285_C1,8
AGTTCCTATTTATGTT-1_V13B23-285_C1,10
AGTTCTGCGTTGTATC-1_V13B23-285_C1,8
AGTTGCTGACTGATAT-1_V13B23-285_C1,8
AGTTTATGTAAAGACA-1_V13B23-285_C1,13
AGTTTCGCAGGTCGGA-1_V13B23-285_C1,6
AGTTTGCACCTGCCTC-1_V13B23-285_C1,10
AGTTTGGCACGGGTTG-1_V13B23-285_C1,10
AGTTTGGCCAGACCTA-1_V13B23-285_C1,11
ATAAACGGACCCGTAA-1_V13B23-285_C1,10
ATAAACGTTGCACCAC-1_V13B23-285_C1,10
ATAAAGGCTCGGTCGT-1_V13B23-285_C1,5
ATAAATATTAGCAGCT-1_V13B23-285_C1,5
ATAACGCCGGAGGGTC-1_V13B23-285_C1,10
ATAACGGAGTCCAACG-1_V13B23-285_C1,8
ATAAGGTGGAGAACAT-1_V13B23-285_C1,10
ATAAGTAGGATTCAGA-1_V13B23-285_C1,13
ATAAGTAGGGCGACTC-1_V13B23-285_C1,10
ATAAGTTACCGCGACG-1_V13B23-285_C1,5
ATAATACCGTTAGCCG-1_V13B23-285_C1,8
ATAATAGCTGTTGAAT-1_V13B23-285_C1,10
ATAATAGTGTAGGGAC-1_V13B23-285_C1,8
ATAATCTTGGAGAACC-1_V13B23-285_C1,10
ATACAGGCCCTCCAAT-1_V13B23-285_C1,10
ATACCACGGGCAACTT-1_V13B23-285_C1,5
ATACCGTCATCCATAA-1_V13B23-285_C1,2
ATACCTAACCAAGAAA-1_V13B23-285_C1,10
ATACGAAGGCTTTCCA-1_V13B23-285_C1,10
ATACGCCGGCGAAACC-1_V13B23-285_C1,10
ATACGGAACGTCGTTT-1_V13B23-285_C1,3
ATACGGGTTTCGATTG-1_V13B23-285_C1,14
ATACGGTGAAGATGCA-1_V13B23-285_C1,5
ATACGTACTTAGCCAC-1_V13B23-285_C1,10
ATACGTCCACTCCTGT-1_V13B23-285_C1,10
ATACGTTATGCACGGA-1_V13B23-285_C1,5
ATACTACCCGTACCAC-1_V13B23-285_C1,10
ATACTAGCATGACCCT-1_V13B23-285_C1,8
ATACTGCCTTACACCG-1_V13B23-285_C1,10
ATACTTGTTCTCGAGC-1_V13B23-285_C1,5
ATAGACAACGGGACCT-1_V13B23-285_C1,13
ATAGACGAAGAGAAAG-1_V13B23-285_C1,5
ATAGAGTACTGGGACA-1_V13B23-285_C1,8
ATAGAGTTATCAACTT-1_V13B23-285_C1,13
ATAGCAACTAGGGAAG-1_V13B23-285_C1,10
ATAGCCTCAGTACCCA-1_V13B23-285_C1,8
ATAGCTGCTCTTGTTA-1_V13B23-285_C1,8
ATAGGCGGCTATAGAA-1_V13B23-285_C1,3
ATAGGCTAGCTTCGCA-1_V13B23-285_C1,13
ATAGGGATATCCTTGA-1_V13B23-285_C1,12
ATAGGTTGGGCAGATG-1_V13B23-285_C1,3
ATAGTGAAGCGTTCTC-1_V13B23-285_C1,5
ATAGTTCCACCCACTC-1_V13B23-285_C1,10
ATATAAAGCGCTCGTG-1_V13B23-285_C1,10
ATATAAATGTAGCTGC-1_V13B23-285_C1,10
ATATACGCTCGTGACG-1_V13B23-285_C1,10
ATATCAACCTACAGAG-1_V13B23-285_C1,10
ATATCGGTAGGGAGAT-1_V13B23-285_C1,10
ATATCGTTCCTCGAAC-1_V13B23-285_C1,10
ATATCTCCCTCGTTAA-1_V13B23-285_C1,1
ATATCTTAGGGCCTTC-1_V13B23-285_C1,10
ATATGTCTCCCTAGCC-1_V13B23-285_C1,10
ATATTCAGTTAAACCT-1_V13B23-285_C1,7
ATATTCCACATAGTGA-1_V13B23-285_C1,10
ATATTCCCACAGGTCA-1_V13B23-285_C1,9
ATATTGCTGTCAAAGT-1_V13B23-285_C1,8
ATATTGGAGAGGCCTT-1_V13B23-285_C1,10
ATATTTAACCCTCAAG-1_V13B23-285_C1,8
ATCAAACACTGTTCCA-1_V13B23-285_C1,10
ATCAAACGAAGGTTTG-1_V13B23-285_C1,13
ATCAATCTGGGCTGCA-1_V13B23-285_C1,2
ATCAATGCCGTGGCTG-1_V13B23-285_C1,5
ATCACATTAGAATATC-1_V13B23-285_C1,1
ATCACGTGCTAATTAA-1_V13B23-285_C1,1
ATCACTTCATCCTCGC-1_V13B23-285_C1,11
ATCAGACGGCACGCCG-1_V13B23-285_C1,5
ATCAGCCTCATGCTGC-1_V13B23-285_C1,10
ATCAGCTCGTCCACTA-1_V13B23-285_C1,5
ATCAGGTAGCTGACAG-1_V13B23-285_C1,5
ATCAGTAGGCAGGGAT-1_V13B23-285_C1,1
ATCATAGCCCTATGTA-1_V13B23-285_C1,10
ATCATCCAATATTTGT-1_V13B23-285_C1,5
ATCATGGACTACCGAC-1_V13B23-285_C1,10
ATCCAACGCAGTCATA-1_V13B23-285_C1,4
ATCCAATGGAGGGTCC-1_V13B23-285_C1,7
ATCCACATCGACAGAA-1_V13B23-285_C1,10
ATCCAGAGCAACAACC-1_V13B23-285_C1,5
ATCCAGGATTCGTGAA-1_V13B23-285_C1,5
ATCCTACCTAAGCTCT-1_V13B23-285_C1,5
ATCCTGAATCGCTGCG-1_V13B23-285_C1,5
ATCCTGCGTGGAATGG-1_V13B23-285_C1,5
ATCCTTCTGAAAGAAC-1_V13B23-285_C1,10
ATCGACCCAATACAGA-1_V13B23-285_C1,10
ATCGACTCTTTCCGTT-1_V13B23-285_C1,8
ATCGCACGCCGGGAGA-1_V13B23-285_C1,8
ATCGCCAGTCAACATT-1_V13B23-285_C1,10
ATCGCTGCGTGCAGCA-1_V13B23-285_C1,13
ATCGCTTTACGTCTCA-1_V13B23-285_C1,5
ATCGGAGACAGACGGC-1_V13B23-285_C1,10
ATCGGCAAGCAGTCCA-1_V13B23-285_C1,13
ATCGGTTACCTAGTAA-1_V13B23-285_C1,1
ATCGTTAGCTAGCGGA-1_V13B23-285_C1,10
ATCGTTCACTTTCGCC-1_V13B23-285_C1,11
ATCTAACGTCCCTATG-1_V13B23-285_C1,4
ATCTAATATCCTACGG-1_V13B23-285_C1,10
ATCTCCCACGGAATAT-1_V13B23-285_C1,10
ATCTCCCTGCAATCTA-1_V13B23-285_C1,12
ATCTCGTGAGCGAAAC-1_V13B23-285_C1,10
ATCTGATAGTGTCTTA-1_V13B23-285_C1,8
ATCTGCACCTCTGCGA-1_V13B23-285_C1,13
ATCTGGGCTGTTCTTG-1_V13B23-285_C1,10
ATCTGGTTAAGACTGT-1_V13B23-285_C1,3
ATCTGTAATTGTACCC-1_V13B23-285_C1,12
ATCTTGACCTGCAACG-1_V13B23-285_C1,8
ATCTTGACTTGTCCAA-1_V13B23-285_C1,13
ATCTTTCGTATAACCA-1_V13B23-285_C1,13
ATGAAGCCAAGGAGCC-1_V13B23-285_C1,8
ATGACGCCGGCTCTAA-1_V13B23-285_C1,12
ATGACGCGTTCTATCC-1_V13B23-285_C1,7
ATGACTATCAGCTGTG-1_V13B23-285_C1,5
ATGACTATGCGACATT-1_V13B23-285_C1,10
ATGAGGAGTGTTAATC-1_V13B23-285_C1,5
ATGAGGGCAGCGGCTA-1_V13B23-285_C1,10
ATGATCGGGAATAGAC-1_V13B23-285_C1,12
ATGATGCAATGGTACA-1_V13B23-285_C1,5
ATGCACCTTCCTTAAT-1_V13B23-285_C1,7
ATGCACTACCGCATTG-1_V13B23-285_C1,5
ATGCATGATCCAGGAT-1_V13B23-285_C1,8
ATGCCAATCGCTCTGC-1_V13B23-285_C1,8
ATGCCATTTGCGACCA-1_V13B23-285_C1,10
ATGCCGGTCTTGCATA-1_V13B23-285_C1,13
ATGCCGGTTGATGGGA-1_V13B23-285_C1,8
ATGCGACAATTGGTCC-1_V13B23-285_C1,14
ATGCGACAGTCCCATT-1_V13B23-285_C1,8
ATGCGAGTCCCACCAC-1_V13B23-285_C1,10
ATGCTCAGTGTTGCAT-1_V13B23-285_C1,8
ATGCTCTGGCGCGGTA-1_V13B23-285_C1,10
ATGCTTAGGAGTTGAT-1_V13B23-285_C1,10
ATGGAACCTTTGCACA-1_V13B23-285_C1,10
ATGGAGCAGGCCGTGA-1_V13B23-285_C1,8
ATGGATCCGGCGTCCG-1_V13B23-285_C1,12
ATGGATTGACCAAACG-1_V13B23-285_C1,1
ATGGCAGCCGAGAAAC-1_V13B23-285_C1,3
ATGGCGGAATAGTCGC-1_V13B23-285_C1,5
ATGGCTGGAAATGGCC-1_V13B23-285_C1,11
ATGGGACCTGCTGAAC-1_V13B23-285_C1,5
ATGGGCCTCGGCCTCT-1_V13B23-285_C1,10
ATGGTCGCGTGGTTTC-1_V13B23-285_C1,11
ATGTAAGGCTGCTCTT-1_V13B23-285_C1,13
ATGTGAAAGCCTAATG-1_V13B23-285_C1,7
ATGTGCATCCGACGCA-1_V13B23-285_C1,8
ATGTGGACATCTTGAT-1_V13B23-285_C1,10
ATGTTACGAGCAATAC-1_V13B23-285_C1,8
ATGTTCCTGCCCACCT-1_V13B23-285_C1,8
ATGTTCGTCGACCCAC-1_V13B23-285_C1,5
ATGTTTCGGCCCGGAG-1_V13B23-285_C1,5
ATTAAACATGCGGACC-1_V13B23-285_C1,5
ATTAATACTACGCGGG-1_V13B23-285_C1,8
ATTAATGAACCAGTCG-1_V13B23-285_C1,1
ATTAATTCGGTCACTC-1_V13B23-285_C1,12
ATTACAACTACCGGCC-1_V13B23-285_C1,11
ATTACATGTCAGTCTT-1_V13B23-285_C1,10
ATTACCACACTGCCTG-1_V13B23-285_C1,10
ATTACGACTCCACAGT-1_V13B23-285_C1,2
ATTACGCGCTGGCAGG-1_V13B23-285_C1,5
ATTACTAGCCTCTTGC-1_V13B23-285_C1,8
ATTACTTACTGGGCAT-1_V13B23-285_C1,13
ATTAGATTCCTCAGCA-1_V13B23-285_C1,13
ATTAGATTGATAGCGG-1_V13B23-285_C1,12
ATTAGGCGATGCTTTC-1_V13B23-285_C1,10
ATTATACTTTGCTCGT-1_V13B23-285_C1,12
ATTATGCCATAGGGAG-1_V13B23-285_C1,8
ATTATTATGTCCGTCA-1_V13B23-285_C1,5
ATTCAACCATTTAAGG-1_V13B23-285_C1,10
ATTCACTGATGTTGGA-1_V13B23-285_C1,10
ATTCAGGACCTATTTC-1_V13B23-285_C1,13
ATTCAGTAGCAGGGTC-1_V13B23-285_C1,5
ATTCATATACTGTCCA-1_V13B23-285_C1,10
ATTCATCGTTGAGGCA-1_V13B23-285_C1,10
ATTCCCACATAAACAA-1_V13B23-285_C1,5
ATTCCTAAGACGTGGA-1_V13B23-285_C1,13
ATTCCTCCGCCAGTGC-1_V13B23-285_C1,8
ATTCGACGCCGGGCCT-1_V13B23-285_C1,5
ATTCGTGCTATCTCTT-1_V13B23-285_C1,10
ATTCTCGTCTCTTTAG-1_V13B23-285_C1,9
ATTCTTCGTACTTATG-1_V13B23-285_C1,11
ATTGAAGATCTTAGTG-1_V13B23-285_C1,5
ATTGACCGGCGATGAC-1_V13B23-285_C1,13
ATTGACGTAACTCGGT-1_V13B23-285_C1,9
ATTGATAGCAACGAGA-1_V13B23-285_C1,11
ATTGATGAGTCCTAAC-1_V13B23-285_C1,13
ATTGCGATCAGTAACT-1_V13B23-285_C1,10
ATTGCTGCTCCTCCAT-1_V13B23-285_C1,5
ATTGGATTACAGCGTA-1_V13B23-285_C1,10
ATTGGGAATATCTTGG-1_V13B23-285_C1,9
ATTGTACAACTCGGCT-1_V13B23-285_C1,10
ATTGTCGCAATACCTT-1_V13B23-285_C1,13
ATTGTGACTTCGCTGC-1_V13B23-285_C1,2
ATTGTTCAACGATCCG-1_V13B23-285_C1,10
ATTTACAGTTTACTGG-1_V13B23-285_C1,5
ATTTACTAAGTCCATT-1_V13B23-285_C1,13
ATTTCATTATTTCGCG-1_V13B23-285_C1,12
ATTTCCGGGTTCTGCG-1_V13B23-285_C1,5
ATTTGCGCGAGTAGCT-1_V13B23-285_C1,7
ATTTGTCTTGGGAGCT-1_V13B23-285_C1,10
ATTTGTTCCAGGGCTC-1_V13B23-285_C1,12
CAAACGAGTATCGCAG-1_V13B23-285_C1,5
CAAACGGTCGCACTTT-1_V13B23-285_C1,5
CAAACTACGATAGAGA-1_V13B23-285_C1,11
CAAACTATTGAGCTTC-1_V13B23-285_C1,9
CAAACTCGCGACGCCG-1_V13B23-285_C1,10
CAAAGATTATTGGGCC-1_V13B23-285_C1,1
CAAAGGTCATCTGAAA-1_V13B23-285_C1,10
CAAATCTCTCACAAGG-1_V13B23-285_C1,13
CAAATGTCCTTCCGTG-1_V13B23-285_C1,5
CAAATTGGATTATGCC-1_V13B23-285_C1,13
CAAATTGTCAGCAAGC-1_V13B23-285_C1,12
CAACACATCTCCTGCC-1_V13B23-285_C1,13
CAACCAGTGGCCTACC-1_V13B23-285_C1,10
CAACCGCACCTAGACA-1_V13B23-285_C1,13
CAACCTACCGAGCAGT-1_V13B23-285_C1,10
CAACCTGAACCTGCCA-1_V13B23-285_C1,13
CAACGACCCGTTTACA-1_V13B23-285_C1,8
CAACGGTTCTTGATAC-1_V13B23-285_C1,4
CAACGTGGTGGAGTCT-1_V13B23-285_C1,10
CAACTCCGTAACTTGC-1_V13B23-285_C1,2
CAACTCCTTGATCCCG-1_V13B23-285_C1,11
CAACTGCTCATCCGAT-1_V13B23-285_C1,5
CAAGACTCAGAAGCGC-1_V13B23-285_C1,13
CAAGAGGGCGGAGTAC-1_V13B23-285_C1,10
CAAGATATTATAACGT-1_V13B23-285_C1,10
CAAGCAACGTCGGAGT-1_V13B23-285_C1,5
CAAGCACCAAATGCCT-1_V13B23-285_C1,12
CAAGCGGCACATAATT-1_V13B23-285_C1,10
CAAGGATCGCATGTTC-1_V13B23-285_C1,10
CAAGGTCCTATAGGCT-1_V13B23-285_C1,13
CAAGTGTGGTTGCAAA-1_V13B23-285_C1,10
CAATAAACCTTGGCCC-1_V13B23-285_C1,8
CAATACGAGAGTCTGA-1_V13B23-285_C1,10
CAATATGTAGATTTAC-1_V13B23-285_C1,2
CAATATTCTTGACCTA-1_V13B23-285_C1,5
CAATCCCTATACCAGC-1_V13B23-285_C1,11
CAATCCTGCCGTGGAG-1_V13B23-285_C1,8
CAATGAGGTTCGACTA-1_V13B23-285_C1,13
CAATGCGAGAAGTATC-1_V13B23-285_C1,10
CAATGGAATCTACATA-1_V13B23-285_C1,11
CAATGGATCTCTACCA-1_V13B23-285_C1,13
CAATGTGCCAACCCTT-1_V13B23-285_C1,10
CAATTAAGGGTGATGA-1_V13B23-285_C1,7
CAATTTCGTATAAGGG-1_V13B23-285_C1,8
CACAAGAAAGATATTA-1_V13B23-285_C1,14
CACAATGAGCTGCTAT-1_V13B23-285_C1,5
CACACACGCTAACGAG-1_V13B23-285_C1,10
CACACAGCTTGCGCTC-1_V13B23-285_C1,10
CACACAGGGATAGATT-1_V13B23-285_C1,5
CACACGCGCTGTCTTA-1_V13B23-285_C1,1
CACAGCACCCACGGCA-1_V13B23-285_C1,1
CACAGCTAGGGAGTGA-1_V13B23-285_C1,8
CACAGGGCCATATAGT-1_V13B23-285_C1,10
CACAGGGCCGTTGTCA-1_V13B23-285_C1,5
CACAGTCCCGCTTCGC-1_V13B23-285_C1,10
CACAGTTCGCTTCCCA-1_V13B23-285_C1,10
CACATATTAGCAGGAT-1_V13B23-285_C1,10
CACATCGTGCACGCGC-1_V13B23-285_C1,5
CACATCTCACCGACGA-1_V13B23-285_C1,10
CACATGATTCAGCAAC-1_V13B23-285_C1,10
CACATTCTTTCGATGG-1_V13B23-285_C1,13
CACATTTCTTGTCAGA-1_V13B23-285_C1,10
CACCACGCCACACAGA-1_V13B23-285_C1,11
CACCAGTCAGCATGCA-1_V13B23-285_C1,5
CACCATCGGAGGAGAC-1_V13B23-285_C1,9
CACCATGATCGCAAAG-1_V13B23-285_C1,2
CACCCAAATCTTATGT-1_V13B23-285_C1,10
CACCCACACGTCACCC-1_V13B23-285_C1,8
CACCCACGAGGCAATT-1_V13B23-285_C1,8
CACCCGGTTTGTGACT-1_V13B23-285_C1,5
CACCCTAACAAGATCT-1_V13B23-285_C1,10
CACCCTTGGTGAGACC-1_V13B23-285_C1,11
CACCGATACACCGAGC-1_V13B23-285_C1,14
CACCGCCAGAAGGTTT-1_V13B23-285_C1,7
CACCGCCGACCAGCGA-1_V13B23-285_C1,9
CACCGCGTCCACTCTA-1_V13B23-285_C1,11
CACCGTATCCCATCCG-1_V13B23-285_C1,10
CACCGTTAGGGATCAC-1_V13B23-285_C1,5
CACCGTTGCGCGATAT-1_V13B23-285_C1,7
CACCTAATAGAGTCGT-1_V13B23-285_C1,8
CACCTAATCAGTTTAC-1_V13B23-285_C1,12
CACCTCGATGGTGGAC-1_V13B23-285_C1,12
CACCTTGCGAAACTCG-1_V13B23-285_C1,1
CACCTTGGCGCCTTTG-1_V13B23-285_C1,11
CACGAAAGTTAGTCCC-1_V13B23-285_C1,5
CACGCACAGCGCAGCT-1_V13B23-285_C1,1
CACGCAGCGAGGCTTT-1_V13B23-285_C1,5
CACGCGGAACTGTTGC-1_V13B23-285_C1,10
CACGGACGTGGATGGC-1_V13B23-285_C1,13
CACGGCGCGCCAAAGG-1_V13B23-285_C1,13
CACGGGATTGAGGGTT-1_V13B23-285_C1,5
CACGTCGGCAACCTCT-1_V13B23-285_C1,7
CACGTTCGTGCTCTAG-1_V13B23-285_C1,10
CACGTTTCGTACACAC-1_V13B23-285_C1,10
CACTAAAGTTGCCTAT-1_V13B23-285_C1,5
CACTACGGGAGCTGCC-1_V13B23-285_C1,10
CACTCAAGAGCTATGG-1_V13B23-285_C1,5
CACTCAGCTCTTGAGG-1_V13B23-285_C1,9
CACTCCTATGTAAGAT-1_V13B23-285_C1,5
CACTCCTCTCGGTCGG-1_V13B23-285_C1,13
CACTCGAGCTGAACAA-1_V13B23-285_C1,10
CACTCGGTTAGGAGGA-1_V13B23-285_C1,5
CACTCTTCTGCTAGCC-1_V13B23-285_C1,10
CACTGTCCAAGTGAGA-1_V13B23-285_C1,8
CACTTAATCAGACGGA-1_V13B23-285_C1,5
CACTTCGCCACAGGCT-1_V13B23-285_C1,8
CACTTCGTCTTATCTC-1_V13B23-285_C1,8
CAGAACTTAGCCCTCT-1_V13B23-285_C1,10
CAGAATAACACACGGA-1_V13B23-285_C1,10
CAGAATATTCGTTATC-1_V13B23-285_C1,10
CAGACACCGATCGCTG-1_V13B23-285_C1,5
CAGACCTGTAAGTGTT-1_V13B23-285_C1,13
CAGACGAACCTGATAC-1_V13B23-285_C1,5
CAGAGACGGTCACCCA-1_V13B23-285_C1,5
CAGAGCATGAGCTTGC-1_V13B23-285_C1,1
CAGAGGCGATGCATGA-1_V13B23-285_C1,5
CAGAGTGATTTAACGT-1_V13B23-285_C1,9
CAGATACTAACATAGT-1_V13B23-285_C1,8
CAGATCATTTAAAGTC-1_V13B23-285_C1,13
CAGATCCTGGTTTGAA-1_V13B23-285_C1,5
CAGCAGCCCGTTCCTT-1_V13B23-285_C1,13
CAGCAGTCCAGACTAT-1_V13B23-285_C1,10
CAGCAGTCTGTGCTGC-1_V13B23-285_C1,10
CAGCCGGGCCCTCTAT-1_V13B23-285_C1,13
CAGCCTCCTGCAGAGG-1_V13B23-285_C1,11
CAGCCTCGATAGCGGT-1_V13B23-285_C1,10
CAGCCTCTCCTCAAGA-1_V13B23-285_C1,13
CAGCGATTCCCTTCAA-1_V13B23-285_C1,5
CAGCTCACTGAGACAT-1_V13B23-285_C1,8
CAGCTCGACAAGTTAA-1_V13B23-285_C1,13
CAGCTCGTGCTTGTGT-1_V13B23-285_C1,9
CAGCTGGCGTAACCGT-1_V13B23-285_C1,7
CAGCTTAGTAGGTAGC-1_V13B23-285_C1,5
CAGGAAGACTTTATAT-1_V13B23-285_C1,4
CAGGACAGCTGCCCTT-1_V13B23-285_C1,5
CAGGATATATCGTTGT-1_V13B23-285_C1,10
CAGGCCGTTTGGGTGT-1_V13B23-285_C1,5
CAGGCGCACGGTGGTC-1_V13B23-285_C1,1
CAGGCGCCATGCTAGG-1_V13B23-285_C1,10
CAGTAACTATTTATTG-1_V13B23-285_C1,13
CAGTAATCCCTCCCAG-1_V13B23-285_C1,8
CAGTACATTCTCTAAA-1_V13B23-285_C1,13
CAGTACCAGTTTACGT-1_V13B23-285_C1,5
CAGTAGCCCACGCGGT-1_V13B23-285_C1,13
CAGTCGAGGATGCAAT-1_V13B23-285_C1,13
CAGTCTGTATACTGGG-1_V13B23-285_C1,10
CAGTGAATAAATGACT-1_V13B23-285_C1,4
CAGTGGTTGCACATGA-1_V13B23-285_C1,8
CAGTGTCCGCAGAATG-1_V13B23-285_C1,9
CAGTGTCGGCTGGCCC-1_V13B23-285_C1,10
CAGTTCAAATTGACAC-1_V13B23-285_C1,8
CAGTTCCGCGGGTCGA-1_V13B23-285_C1,5
CATAACGGACAGTCGT-1_V13B23-285_C1,10
CATAAGAAGCTTGGCT-1_V13B23-285_C1,10
CATAAGCTCTCCGTCT-1_V13B23-285_C1,13
CATACAAAGCCGAACC-1_V13B23-285_C1,9
CATACACGGTTCCCAC-1_V13B23-285_C1,5
CATACCCGTACCCAGT-1_V13B23-285_C1,5
CATACGGCGTCTGGGC-1_V13B23-285_C1,10
CATACTATGTAATTGT-1_V13B23-285_C1,5
CATACTTAGGCAATAC-1_V13B23-285_C1,10
CATAGCCGCCCGGGAT-1_V13B23-285_C1,5
CATAGCGTTGCCCACC-1_V13B23-285_C1,5
CATAGTACATTGAGAG-1_V13B23-285_C1,12
CATAGTAGCATAGTAG-1_V13B23-285_C1,8
CATAGTCCACAAGAAC-1_V13B23-285_C1,5
CATATACTACTGATAA-1_V13B23-285_C1,13
CATATAGGTACAGTCA-1_V13B23-285_C1,5
CATATGTCAGGCTACG-1_V13B23-285_C1,3
CATATTATTTGCCCTA-1_V13B23-285_C1,14
CATCAAACTGGCGCCC-1_V13B23-285_C1,2
CATCAACACCTACTAA-1_V13B23-285_C1,7
CATCATCTACCCGGAC-1_V13B23-285_C1,9
CATCATTACCCTGAGG-1_V13B23-285_C1,10
CATCCGCAGGCCCGAA-1_V13B23-285_C1,8
CATCCTCTCAAAGATC-1_V13B23-285_C1,10
CATCGCCCGCGGCCAA-1_V13B23-285_C1,9
CATCGGACGGGTTAAT-1_V13B23-285_C1,5
CATCGTCCGGTTACTA-1_V13B23-285_C1,5
CATCTAGTGAAGGGAA-1_V13B23-285_C1,10
CATCTATCCCGTGTCT-1_V13B23-285_C1,13
CATCTGCAGGATCATT-1_V13B23-285_C1,3
CATCTTACACCACCTC-1_V13B23-285_C1,10
CATGACTTCGCTGAAT-1_V13B23-285_C1,10
CATGAGATGCACTCTC-1_V13B23-285_C1,10
CATGATGCACAATTCT-1_V13B23-285_C1,12
CATGATGGAAGTTAGC-1_V13B23-285_C1,10
CATGCCAACTCGCAAA-1_V13B23-285_C1,13
CATGCGACCAGTTTAA-1_V13B23-285_C1,13
CATGCGTTAGACAGAA-1_V13B23-285_C1,12
CATGCTGGCTCCAATT-1_V13B23-285_C1,6
CATGGATTGTCTTCCG-1_V13B23-285_C1,10
CATGGCAGGAAGATCG-1_V13B23-285_C1,12
CATGGGTATGCCTTAT-1_V13B23-285_C1,10
CATGGGTCGGGTGTGG-1_V13B23-285_C1,10
CATGGTAAGTAGCGTT-1_V13B23-285_C1,10
CATGGTCTAGATACCG-1_V13B23-285_C1,8
CATGTAAGAGACATTT-1_V13B23-285_C1,10
CATGTAGGAGCGCCAA-1_V13B23-285_C1,13
CATGTCTCATTTATGG-1_V13B23-285_C1,10
CATTACATAGATTGTG-1_V13B23-285_C1,13
CATTACGTCGGCCCGT-1_V13B23-285_C1,12
CATTATGCTTGTTGTG-1_V13B23-285_C1,8
CATTCCCATTCCGTCG-1_V13B23-285_C1,13
CATTCCCTAAGTACAA-1_V13B23-285_C1,8
CATTCGTCGTAGCGGT-1_V13B23-285_C1,10
CATTGATGAACACGCC-1_V13B23-285_C1,13
CATTGCGAAATGGGCG-1_V13B23-285_C1,13
CATTGCGGGTCAATTC-1_V13B23-285_C1,13
CATTGTGTGCTAGATC-1_V13B23-285_C1,8
CATTTAGCGGACCATG-1_V13B23-285_C1,13
CATTTCTAGCAGACTA-1_V13B23-285_C1,8
CATTTGAGTGGTACGT-1_V13B23-285_C1,5
CCAAACAGAACCCTCG-1_V13B23-285_C1,8
CCAAATAACAAGATTC-1_V13B23-285_C1,10
CCAACGATGCACTGAT-1_V13B23-285_C1,5
CCAACGCTTGCCAGGG-1_V13B23-285_C1,9
CCAACTTGATAGATCC-1_V13B23-285_C1,10
CCAAGAAAGTGGGCGA-1_V13B23-285_C1,5
CCAAGACTTCTGCGAA-1_V13B23-285_C1,12
CCAAGCGTAACTCGTA-1_V13B23-285_C1,11
CCAAGGAACAGAGAGG-1_V13B23-285_C1,9
CCAAGTTTCTACAGAT-1_V13B23-285_C1,8
CCAATAGTGCCGTCGA-1_V13B23-285_C1,5
CCAATCGGTAGATCGA-1_V13B23-285_C1,13
CCAATGTCACAGCAAG-1_V13B23-285_C1,5
CCAATTACGGGTCGAG-1_V13B23-285_C1,13
CCAATTGAATGTTAAT-1_V13B23-285_C1,8
CCACAATGTACGTCTT-1_V13B23-285_C1,13
CCACACTGAGATATTA-1_V13B23-285_C1,5
CCACAGTACCCATCCT-1_V13B23-285_C1,10
CCACATACTGCACCCA-1_V13B23-285_C1,10
CCACCAACTTTACTGT-1_V13B23-285_C1,5
CCACCCAAGGAAAGTG-1_V13B23-285_C1,10
CCACCTGTATGGAATA-1_V13B23-285_C1,10
CCACGAATTTAACCTC-1_V13B23-285_C1,10
CCACGAGAAGAGAATC-1_V13B23-285_C1,12
CCACGGAGCCATAAGA-1_V13B23-285_C1,7
CCACGGTGCCCGGTAG-1_V13B23-285_C1,10
CCACGTAAATTAGACT-1_V13B23-285_C1,8
CCACTATCCGGGTCAC-1_V13B23-285_C1,13
CCACTGGTGGCTGGTT-1_V13B23-285_C1,5
CCACTGTTTGGATTAA-1_V13B23-285_C1,10
CCAGAAAGCAACTCAT-1_V13B23-285_C1,5
CCAGAGACAAAGCCGG-1_V13B23-285_C1,8
CCAGATAGTTGAGTGA-1_V13B23-285_C1,13
CCAGATGTAAATGGGT-1_V13B23-285_C1,2
CCAGCCTGGACCAATA-1_V13B23-285_C1,8
CCAGCGGGATCACCAG-1_V13B23-285_C1,14
CCAGCTCGAACGCATT-1_V13B23-285_C1,4
CCAGCTGATGGTACTT-1_V13B23-285_C1,13
CCAGCTTCCGCCCGCA-1_V13B23-285_C1,5
CCAGGCTGGCGTCTGA-1_V13B23-285_C1,10
CCAGGGACGTGGCCTC-1_V13B23-285_C1,8
CCAGTAGTCTGATCCA-1_V13B23-285_C1,13
CCAGTCAAATCTCTTA-1_V13B23-285_C1,7
CCAGTCTAGACGGCGC-1_V13B23-285_C1,13
CCAGTCTTGTCATAGA-1_V13B23-285_C1,1
CCATAAACAACCCGAC-1_V13B23-285_C1,12
CCATACCTTTACTTGT-1_V13B23-285_C1,13
CCATAGGTTGGCGTGG-1_V13B23-285_C1,12
CCATAGTCAGTAACCC-1_V13B23-285_C1,8
CCATATGGAAACTATA-1_V13B23-285_C1,10
CCATATTGGATCATGA-1_V13B23-285_C1,9
CCATCCATACCAAGTC-1_V13B23-285_C1,9
CCATCGCAGTTAAACT-1_V13B23-285_C1,10
CCATCTCACCAGTGAA-1_V13B23-285_C1,10
CCATGCCCTAGATTTC-1_V13B23-285_C1,10
CCATGCCTGTTTAGTA-1_V13B23-285_C1,5
CCATGCTCTGCAGGAA-1_V13B23-285_C1,8
CCATGGCCCTTGTACC-1_V13B23-285_C1,5
CCATTAGCGATAATCC-1_V13B23-285_C1,5
CCATTCCCTGCCCACA-1_V13B23-285_C1,5
CCATTGTTTCCTCCAT-1_V13B23-285_C1,13
CCATTTCTACCTATTA-1_V13B23-285_C1,10
CCCAAACATGCTGCTC-1_V13B23-285_C1,10
CCCAACATACGTCGCG-1_V13B23-285_C1,3
CCCAACCACACTAACA-1_V13B23-285_C1,9
CCCAATGAGATTTGCA-1_V13B23-285_C1,5
CCCAATTTCACAACTT-1_V13B23-285_C1,5
CCCAGAGGAGGGCGTA-1_V13B23-285_C1,13
CCCAGGTCTGAAGGCT-1_V13B23-285_C1,10
CCCAGTTAAGGCGCCG-1_V13B23-285_C1,10
CCCGAAGTTTCGCGAA-1_V13B23-285_C1,13
CCCGACCATAGTCCGC-1_V13B23-285_C1,12
CCCGAGTTTCTCCGTA-1_V13B23-285_C1,10
CCCGATAGCCTCGCCT-1_V13B23-285_C1,5
CCCGCAGCGCGAACTA-1_V13B23-285_C1,10
CCCGCAGGGCCCAAAG-1_V13B23-285_C1,12
CCCGCCATGCTCCCGT-1_V13B23-285_C1,11
CCCGCGCAATGCACCC-1_V13B23-285_C1,8
CCCGGTGGAAGAACCT-1_V13B23-285_C1,5
CCCGGTGTATCGGAAT-1_V13B23-285_C1,4
CCCGTAGCTGGGAAGA-1_V13B23-285_C1,7
CCCGTCAGCGTCTGAC-1_V13B23-285_C1,8
CCCGTTTCGCAGATGT-1_V13B23-285_C1,10
CCCTATGTAGAGCAGA-1_V13B23-285_C1,3
CCCTCATTCTGGAATT-1_V13B23-285_C1,12
CCCTCCTCGCTCGTAT-1_V13B23-285_C1,10
CCCTGAAATGAGTTGA-1_V13B23-285_C1,5
CCCTGACTAACAAATT-1_V13B23-285_C1,13
CCCTGATGTAACTCGT-1_V13B23-285_C1,8
CCCTGCCCAATCCGCT-1_V13B23-285_C1,5
CCCTGCGCTACGCATA-1_V13B23-285_C1,5
CCCTGTTGGCAAAGAC-1_V13B23-285_C1,8
CCCTTTAATGGAGTTC-1_V13B23-285_C1,10
CCCTTTGACAGGTCTT-1_V13B23-285_C1,5
CCGAAAGTGGTGAGCA-1_V13B23-285_C1,8
CCGAACACTGGGCCTC-1_V13B23-285_C1,13
CCGAACCTTCCCGGCC-1_V13B23-285_C1,10
CCGAAGGGCGTACCGC-1_V13B23-285_C1,13
CCGAAGTATATTGTTC-1_V13B23-285_C1,8
CCGACAAACACATGAG-1_V13B23-285_C1,8
CCGACAAAGGGAGTGC-1_V13B23-285_C1,5
CCGACAATAGGCCGCC-1_V13B23-285_C1,10
CCGACGGGCATGAGGT-1_V13B23-285_C1,7
CCGACGTAAACACAAC-1_V13B23-285_C1,11
CCGAGAAGTCGCATAA-1_V13B23-285_C1,10
CCGAGCTGTGCTTGTC-1_V13B23-285_C1,13
CCGATATGACGTAAGG-1_V13B23-285_C1,10
CCGATCTCAACCTTAT-1_V13B23-285_C1,10
CCGATTCGAGGGACCC-1_V13B23-285_C1,5
CCGCACAAAGACCAAC-1_V13B23-285_C1,10
CCGCACACGAACGTGT-1_V13B23-285_C1,10
CCGCACGTGACCTCGG-1_V13B23-285_C1,5
CCGCATGTGGTACGAT-1_V13B23-285_C1,10
CCGCCGGTCAACACAC-1_V13B23-285_C1,6
CCGCCGTTGAGGATAA-1_V13B23-285_C1,10
CCGCCTGCGAATTGGT-1_V13B23-285_C1,13
CCGCGGAATGCGTCAC-1_V13B23-285_C1,5
CCGCGGGTACGAAGAA-1_V13B23-285_C1,5
CCGCGTAGGTAAGGGC-1_V13B23-285_C1,5
CCGCTATCAGCACCAG-1_V13B23-285_C1,10
CCGCTCTTCCGAACTA-1_V13B23-285_C1,10
CCGCTTACCTCACTCT-1_V13B23-285_C1,5
CCGCTTGCTGACATGG-1_V13B23-285_C1,13
CCGGAAGTTATCAGTC-1_V13B23-285_C1,10
CCGGAATGGTTTCAGT-1_V13B23-285_C1,5
CCGGAGCGTACTTTCT-1_V13B23-285_C1,7
CCGGAGGTCTTATGGT-1_V13B23-285_C1,3
CCGGCACGACCGTTTC-1_V13B23-285_C1,10
CCGGCGCATATTGGAT-1_V13B23-285_C1,12
CCGGGCGGTCTCGTCA-1_V13B23-285_C1,13
CCGGGCTGCTCCATAC-1_V13B23-285_C1,10
CCGGGTTCGAGGTTAC-1_V13B23-285_C1,5
CCGGTAATGGCTAGTC-1_V13B23-285_C1,10
CCGGTTTGTAATTGTG-1_V13B23-285_C1,7
CCGTAAGTTGGTCCCA-1_V13B23-285_C1,1
CCGTACCCAAGCGCCA-1_V13B23-285_C1,9
CCGTAGGAAATCCCTG-1_V13B23-285_C1,10
CCGTAGGGTTGTTTAC-1_V13B23-285_C1,10
CCGTATCTCGTCGTAG-1_V13B23-285_C1,7
CCGTATTAGCGCAGTT-1_V13B23-285_C1,13
CCGTGAGGCATTCATG-1_V13B23-285_C1,10
CCGTGCCCATGACGGC-1_V13B23-285_C1,9
CCGTGGAACGATCCAA-1_V13B23-285_C1,13
CCGTGTTAAATTCCAT-1_V13B23-285_C1,1
CCGTTACGTTAGAACA-1_V13B23-285_C1,1
CCGTTCCGAATCTCGG-1_V13B23-285_C1,5
CCTAAAGGCTGACGCT-1_V13B23-285_C1,12
CCTAAATTAACGGTTC-1_V13B23-285_C1,10
CCTAAATTGTATCCTA-1_V13B23-285_C1,10
CCTAACCCAAACAAGT-1_V13B23-285_C1,10
CCTAACTAAGGCTCTA-1_V13B23-285_C1,13
CCTACAAGTCCGGAAT-1_V13B23-285_C1,2
CCTACATTCACAGACG-1_V13B23-285_C1,3
CCTACGGCTCAGTCGA-1_V13B23-285_C1,8
CCTACTCAACACGATT-1_V13B23-285_C1,10
CCTACTGCGGCGGCCA-1_V13B23-285_C1,2
CCTACTGCTTACACTT-1_V13B23-285_C1,8
CCTAGGCGTAGCGATC-1_V13B23-285_C1,10
CCTAGGTAAAGGTAGC-1_V13B23-285_C1,7
CCTAGTTAGTCGCATG-1_V13B23-285_C1,12
CCTATAATGAGTGCCC-1_V13B23-285_C1,10
CCTATACCGTCCTGTC-1_V13B23-285_C1,1
CCTATATCGTGTCACG-1_V13B23-285_C1,7
CCTATATTTGTCCTGG-1_V13B23-285_C1,5
CCTATCTATATCGGAA-1_V13B23-285_C1,4
CCTATGAAGTGGTGCC-1_V13B23-285_C1,10
CCTATGGCTCCTAGTG-1_V13B23-285_C1,5
CCTATGGGTTACCGTC-1_V13B23-285_C1,13
CCTATGTCCACTCCAC-1_V13B23-285_C1,10
CCTCACCAATCTTGAC-1_V13B23-285_C1,8
CCTCACCTGAGGGAGC-1_V13B23-285_C1,13
CCTCACCTTAGCATCG-1_V13B23-285_C1,13
CCTCACGTCAGCTAAT-1_V13B23-285_C1,10
CCTCCCGACAATCCCT-1_V13B23-285_C1,9
CCTCCGACAATTCAAG-1_V13B23-285_C1,5
CCTCCTGTTGTGTCGT-1_V13B23-285_C1,10
CCTCGAAGTGGACGGG-1_V13B23-285_C1,12
CCTCGCCAGCAAATTA-1_V13B23-285_C1,12
CCTCGCGCGATATAGG-1_V13B23-285_C1,13
CCTCGCGCTGTGCGAT-1_V13B23-285_C1,1
CCTCGGACCGGGATAG-1_V13B23-285_C1,10
CCTCGGATGCTACCTG-1_V13B23-285_C1,5
CCTCTAATCTGCCAAG-1_V13B23-285_C1,1
CCTCTATCGATTAGCA-1_V13B23-285_C1,7
CCTCTCTCCCATCTAG-1_V13B23-285_C1,5
CCTCTGGCCTAGACGG-1_V13B23-285_C1,12
CCTCTGTACTATTCTA-1_V13B23-285_C1,11
CCTGAACGATATATTC-1_V13B23-285_C1,10
CCTGAATATTTACATA-1_V13B23-285_C1,8
CCTGACCACCGATGGT-1_V13B23-285_C1,10
CCTGCCCGTTGTCTAG-1_V13B23-285_C1,13
CCTGCGTTCTACGCTT-1_V13B23-285_C1,5
CCTGCTATTTGAGAAG-1_V13B23-285_C1,8
CCTGGAAACGTTCTGC-1_V13B23-285_C1,10
CCTGGCTAGACCCGCC-1_V13B23-285_C1,5
CCTGGTCGAATGTGGG-1_V13B23-285_C1,10
CCTGTAAGACATGATA-1_V13B23-285_C1,5
CCTGTACTCACGCCCA-1_V13B23-285_C1,5
CCTGTCACCCGGGCTC-1_V13B23-285_C1,1
CCTGTCCCTCACGTTA-1_V13B23-285_C1,10
CCTGTCGCCCGTAAAT-1_V13B23-285_C1,10
CCTGTTTGAAGACACG-1_V13B23-285_C1,10
CCTTCAGTTAAAGTGA-1_V13B23-285_C1,5
CCTTCTCAGCGTTCCT-1_V13B23-285_C1,13
CCTTCTTGATCCAGTG-1_V13B23-285_C1,12
CCTTGACCACTTTATT-1_V13B23-285_C1,10
CCTTTAAGGGAGCACT-1_V13B23-285_C1,5
CCTTTCAATGAAGAAA-1_V13B23-285_C1,13
CGAAACATAGATGGCA-1_V13B23-285_C1,12
CGAAACGCAATTCATG-1_V13B23-285_C1,7
CGAACAGTATGGGCGT-1_V13B23-285_C1,10
CGAACCCGCATGCGTC-1_V13B23-285_C1,5
CGAACGCCCAGTGCCG-1_V13B23-285_C1,12
CGAACGGCCGGACAAC-1_V13B23-285_C1,5
CGAAGCTATAAATTCA-1_V13B23-285_C1,13
CGAAGTTGCTCTGTGT-1_V13B23-285_C1,5
CGAATCTGCTCGACGC-1_V13B23-285_C1,5
CGAATGACGCATAATG-1_V13B23-285_C1,5
CGACAATTTGATCTAA-1_V13B23-285_C1,10
CGACACGCTCCGACAG-1_V13B23-285_C1,10
CGACAGTTCGCGTTAT-1_V13B23-285_C1,5
CGACATGCGATCTTCT-1_V13B23-285_C1,9
CGACCCTTAACGCCGG-1_V13B23-285_C1,5
CGACTCAGGATGTTAT-1_V13B23-285_C1,1
CGACTTTGTATAGCCT-1_V13B23-285_C1,13
CGAGACCCTAGAGTGT-1_V13B23-285_C1,11
CGAGAGATGTGAACCT-1_V13B23-285_C1,13
CGAGAGGGTAGCCGCG-1_V13B23-285_C1,10
CGAGATTTCGCTCGGG-1_V13B23-285_C1,10
CGAGCACTTCAAGTTT-1_V13B23-285_C1,8
CGAGCGTTGATCAGCC-1_V13B23-285_C1,9
CGAGCTGGGCTTTAGG-1_V13B23-285_C1,12
CGAGGAGCTTCCATAT-1_V13B23-285_C1,13
CGAGGATCGGGAACGA-1_V13B23-285_C1,13
CGAGGCCAGGCATTGG-1_V13B23-285_C1,8
CGAGGCTAAATATGGC-1_V13B23-285_C1,13
CGAGGGACTGCGGTCG-1_V13B23-285_C1,10
CGAGTACTAAAGAGGA-1_V13B23-285_C1,5
CGAGTGAAGGTACCAG-1_V13B23-285_C1,1
CGAGTTCTGTCCCACC-1_V13B23-285_C1,13
CGAGTTTATCGGACTG-1_V13B23-285_C1,10
CGATAATACTCAGGTT-1_V13B23-285_C1,10
CGATACCTCGCGGACA-1_V13B23-285_C1,5
CGATCCGACCCAGTGC-1_V13B23-285_C1,5
CGATCTGTTGGAGGAC-1_V13B23-285_C1,5
CGATGGACCCTACGCC-1_V13B23-285_C1,13
CGATTAAATATCTCCT-1_V13B23-285_C1,10
CGATTCGCCTGGCTGC-1_V13B23-285_C1,10
CGCAAACACGAGTTAC-1_V13B23-285_C1,5
CGCAATTACTTTCGGT-1_V13B23-285_C1,8
CGCAATTAGGGTAATA-1_V13B23-285_C1,5
CGCAATTCTACAATAA-1_V13B23-285_C1,5
CGCACATGTCCACTAC-1_V13B23-285_C1,10
CGCACGTGCGCTATCA-1_V13B23-285_C1,10
CGCAGATCTTCACCCG-1_V13B23-285_C1,13
CGCAGGCGATCCAAAC-1_V13B23-285_C1,10
CGCATCATGGCTTCAG-1_V13B23-285_C1,14
CGCATCCATCAGCCAG-1_V13B23-285_C1,13
CGCATGGTGCGATGCT-1_V13B23-285_C1,10
CGCATTAGCTAATAGG-1_V13B23-285_C1,1
CGCCAAGAAGCCGAGT-1_V13B23-285_C1,11
CGCCAATTATTGCGTT-1_V13B23-285_C1,14
CGCCACAGGTCGCGAT-1_V13B23-285_C1,1
CGCCATCCGATTATGA-1_V13B23-285_C1,1
CGCCCAGCACGCCTAG-1_V13B23-285_C1,5
CGCCCGCTTCCGTACA-1_V13B23-285_C1,12
CGCCCTTGAAGGCTGA-1_V13B23-285_C1,5
CGCCGCCCATGCCTGT-1_V13B23-285_C1,10
CGCCGTCTACCCATCG-1_V13B23-285_C1,10
CGCCGTTCAGCATAGT-1_V13B23-285_C1,10
CGCCTCCCTCCTCTAT-1_V13B23-285_C1,10
CGCCTGGCCTACGTAA-1_V13B23-285_C1,13
CGCCTTTAGCATGCTC-1_V13B23-285_C1,10
CGCGACACTGCGCAGC-1_V13B23-285_C1,5
CGCGACCGCGACAGAT-1_V13B23-285_C1,10
CGCGAGAGGGACTTGT-1_V13B23-285_C1,13
CGCGAGTCTGCCGGGT-1_V13B23-285_C1,1
CGCGCAAATGTCCAGA-1_V13B23-285_C1,7
CGCGCATGTTTGATTG-1_V13B23-285_C1,5
CGCGCCCGACTTAATA-1_V13B23-285_C1,12
CGCGGCAGTATTACGG-1_V13B23-285_C1,14
CGCGGCTCAACTTGAA-1_V13B23-285_C1,10
CGCGGGAATTAGGCAG-1_V13B23-285_C1,13
CGCGGTAAGTCTAGCT-1_V13B23-285_C1,13
CGCGGTACGGTATACA-1_V13B23-285_C1,10
CGCGGTCACAAACCAA-1_V13B23-285_C1,11
CGCGTTCATGAAATAC-1_V13B23-285_C1,11
CGCTACGGGACATTTA-1_V13B23-285_C1,5
CGCTAGAGACCGCTGC-1_V13B23-285_C1,10
CGCTATACCGCCCACT-1_V13B23-285_C1,9
CGCTATTCAATGTATG-1_V13B23-285_C1,8
CGCTATTCTTAGGCTC-1_V13B23-285_C1,10
CGCTCGACATAATGAT-1_V13B23-285_C1,8
CGCTCTCCGTAGATTA-1_V13B23-285_C1,5
CGCTGGTGACTACCCT-1_V13B23-285_C1,10
CGCTGTGACGCCGCAC-1_V13B23-285_C1,8
CGCTGTGTGGATGTTG-1_V13B23-285_C1,5
CGCTTATTCCCGGTCG-1_V13B23-285_C1,7
CGCTTCCACTGAAATC-1_V13B23-285_C1,11
CGCTTTCATACCGGTG-1_V13B23-285_C1,6
CGCTTTCTTGCATTCG-1_V13B23-285_C1,13
CGGAAAGAATCAAACG-1_V13B23-285_C1,1
CGGAAAGCAAATGTGC-1_V13B23-285_C1,3
CGGAACGTAAACATAG-1_V13B23-285_C1,5
CGGAGCAATTTAATCG-1_V13B23-285_C1,5
CGGAGCATGGCGATCC-1_V13B23-285_C1,11
CGGAGCTTATAACACC-1_V13B23-285_C1,11
CGGAGTTTGAGAGACA-1_V13B23-285_C1,5
CGGATAAGCGGACATG-1_V13B23-285_C1,8
CGGATCCTCAAGGACT-1_V13B23-285_C1,10
CGGCAAACATCGTGCG-1_V13B23-285_C1,10
CGGCAATAAGATCGCC-1_V13B23-285_C1,10
CGGCACCGTTAGCGCC-1_V13B23-285_C1,11
CGGCACTCAAGAAAGT-1_V13B23-285_C1,9
CGGCCACGCACAAAGT-1_V13B23-285_C1,10
CGGCCCAACCTGTAGT-1_V13B23-285_C1,13
CGGCCCAGGTATATCC-1_V13B23-285_C1,10
CGGCGCCATCAATCCC-1_V13B23-285_C1,10
CGGCTCTAAAGCTGCA-1_V13B23-285_C1,10
CGGCTCTTCGTCGAAC-1_V13B23-285_C1,2
CGGGAATATAGTATAC-1_V13B23-285_C1,10
CGGGAATTTATGTAAA-1_V13B23-285_C1,10
CGGGAGCTTCAGTGTA-1_V13B23-285_C1,10
CGGGAGTATACCGCCG-1_V13B23-285_C1,8
CGGGATCAATGTAAGA-1_V13B23-285_C1,8
CGGGCAGCTAAACCGC-1_V13B23-285_C1,8
CGGGCCATAGCCGCAC-1_V13B23-285_C1,8
CGGGCCTTCTTTGTAA-1_V13B23-285_C1,5
CGGGTGTACCCATTTA-1_V13B23-285_C1,1
CGGGTTTGTTAGGGCT-1_V13B23-285_C1,10
CGGTACTAGAATCAAA-1_V13B23-285_C1,10
CGGTAGAGGTGCAGGT-1_V13B23-285_C1,1
CGGTATAGGTATTAGC-1_V13B23-285_C1,14
CGGTCAAGTGGGAACC-1_V13B23-285_C1,1
CGGTCAGTCCATATTT-1_V13B23-285_C1,10
CGGTCCATGAGACTCC-1_V13B23-285_C1,13
CGGTCCGTCGCAAGCC-1_V13B23-285_C1,5
CGGTCTATCAACCCGT-1_V13B23-285_C1,12
CGGTGAAGACTAAAGT-1_V13B23-285_C1,5
CGGTGCAGATAGAACG-1_V13B23-285_C1,7
CGGTGCGCGTTGGTCC-1_V13B23-285_C1,5
CGGTGGGCTCCAGCCT-1_V13B23-285_C1,13
CGGTGTACTTGATCCC-1_V13B23-285_C1,8
CGGTTCAAGTAGGTGT-1_V13B23-285_C1,13
CGGTTTATGAAGGAAC-1_V13B23-285_C1,2
CGTAAACGCTTGAGTG-1_V13B23-285_C1,8
CGTAATAATTACGAGT-1_V13B23-285_C1,7
CGTACCTGATAGGCCT-1_V13B23-285_C1,8
CGTAGCGAATTGTCAG-1_V13B23-285_C1,12
CGTATTAAGAGATCTA-1_V13B23-285_C1,8
CGTATTGTTTCCTAAT-1_V13B23-285_C1,13
CGTCAAATGGTCGCAG-1_V13B23-285_C1,2
CGTCAAGGCTATAAAT-1_V13B23-285_C1,5
CGTCAATCTTTAACAT-1_V13B23-285_C1,9
CGTCACGTCCATTGGT-1_V13B23-285_C1,5
CGTCAGCTATTTACTC-1_V13B23-285_C1,2
CGTCAGTGCGCACAAG-1_V13B23-285_C1,9
CGTCATACCATATCCA-1_V13B23-285_C1,8
CGTCGCGGCGGGATTT-1_V13B23-285_C1,4
CGTCGGATAGTGTTGA-1_V13B23-285_C1,11
CGTCGGGTCTAAGCGC-1_V13B23-285_C1,7
CGTCGTCCTTCGCGAA-1_V13B23-285_C1,10
CGTCTGGAAGGGCCCG-1_V13B23-285_C1,12
CGTCTTGAGTGTGACG-1_V13B23-285_C1,10
CGTGAAGTTAATTCAC-1_V13B23-285_C1,5
CGTGACATTGGGTCGT-1_V13B23-285_C1,1
CGTGACCAGTCCTCTG-1_V13B23-285_C1,5
CGTGCAGACTGGGACA-1_V13B23-285_C1,10
CGTGCATTGTCGACGC-1_V13B23-285_C1,5
CGTGCCCTCCCGAAGA-1_V13B23-285_C1,10
CGTGCTTCTACCTAAA-1_V13B23-285_C1,5
CGTGGAAGCCTCGTAC-1_V13B23-285_C1,10
CGTGGCCGAATATCTA-1_V13B23-285_C1,10
CGTGTCCCATTCGCGA-1_V13B23-285_C1,3
CGTGTCTCGTTACGAC-1_V13B23-285_C1,5
CGTGTGTTAAACCCTG-1_V13B23-285_C1,13
CGTTAAACTAGTTAGG-1_V13B23-285_C1,10
CGTTAATGTCCCGACG-1_V13B23-285_C1,10
CGTTAGCTCACAACTG-1_V13B23-285_C1,13
CGTTCATGGTGCGCGT-1_V13B23-285_C1,7
CGTTCTTCGCACACCT-1_V13B23-285_C1,13
CGTTGAATACCGCGCT-1_V13B23-285_C1,10
CGTTGAGCGACCGTCG-1_V13B23-285_C1,10
CGTTGAGTAATTGCGT-1_V13B23-285_C1,8
CGTTGTAAACGTCAGG-1_V13B23-285_C1,8
CGTTGTAAGATTGATT-1_V13B23-285_C1,13
CGTTGTTTCAATTCCC-1_V13B23-285_C1,5
CGTTTAAGCGGAGCAC-1_V13B23-285_C1,6
CGTTTACAAGGCAGCT-1_V13B23-285_C1,13
CGTTTCACTTCGGGCG-1_V13B23-285_C1,14
CGTTTCGCTCATTACA-1_V13B23-285_C1,5
CGTTTGGTGTTGTGGG-1_V13B23-285_C1,10
CGTTTGTGTAGAGGGT-1_V13B23-285_C1,5
CTAAAGAATGCCTACT-1_V13B23-285_C1,5
CTAAAGGGAAATAGGA-1_V13B23-285_C1,10
CTAAATCCGGTGTACA-1_V13B23-285_C1,5
CTAAATCCTATTCCGG-1_V13B23-285_C1,13
CTAACCGCGCGCCCGT-1_V13B23-285_C1,5
CTAACGAAACTTGCTG-1_V13B23-285_C1,13
CTAACTGATAATCGCC-1_V13B23-285_C1,10
CTAACTGGTCCGGTTC-1_V13B23-285_C1,5
CTAAGGGAATGATTGG-1_V13B23-285_C1,10
CTAATTCGCACGCGCT-1_V13B23-285_C1,5
CTAATTCTCAGATATT-1_V13B23-285_C1,13
CTAATTTCAACAACAC-1_V13B23-285_C1,8
CTACAAGAAATAACCC-1_V13B23-285_C1,11
CTACACTCGCAGATGG-1_V13B23-285_C1,10
CTACCCTAAGGTCATA-1_V13B23-285_C1,13
CTACGACTAGCTATAA-1_V13B23-285_C1,7
CTACGCACGGAGTACC-1_V13B23-285_C1,10
CTACTATCATAGGTTT-1_V13B23-285_C1,7
CTACTATCTTTCAGAG-1_V13B23-285_C1,13
CTACTCAAGGTATAGT-1_V13B23-285_C1,5
CTACTCTAGGCCCGGC-1_V13B23-285_C1,5
CTACTGCCACCTGACC-1_V13B23-285_C1,1
CTAGACTGCATTTCGT-1_V13B23-285_C1,11
CTAGATGTGAGTGTAA-1_V13B23-285_C1,13
CTAGATTTACGACGGC-1_V13B23-285_C1,10
CTAGCATAGTATAATG-1_V13B23-285_C1,4
CTAGCCACAGGCGAGC-1_V13B23-285_C1,10
CTAGCCGATGTTATGA-1_V13B23-285_C1,13
CTAGCTTAATGGTCCC-1_V13B23-285_C1,10
CTAGGCGCCCTATCAG-1_V13B23-285_C1,10
CTAGGTCTGAAGGAAT-1_V13B23-285_C1,10
CTAGGTTCGGACGTGA-1_V13B23-285_C1,10
CTAGTAGAAAGGGATT-1_V13B23-285_C1,10
CTAGTCACGTCTTAAG-1_V13B23-285_C1,10
CTAGTGAAGGACAGGA-1_V13B23-285_C1,5
CTAGTTACAACCCGGT-1_V13B23-285_C1,10
CTAGTTGGGCCCGGTA-1_V13B23-285_C1,4
CTATAAGAGCCAATCG-1_V13B23-285_C1,13
CTATAGGCGTTGATGT-1_V13B23-285_C1,5
CTATCGACGAAATACA-1_V13B23-285_C1,10
CTATCGCGTAGAGAAC-1_V13B23-285_C1,10
CTATCGGGTCTCAACA-1_V13B23-285_C1,8
CTATGCCCGAATGCAA-1_V13B23-285_C1,5
CTATGGGAAGCGGAAT-1_V13B23-285_C1,10
CTATGTCACTAGCCCA-1_V13B23-285_C1,1
CTATGTCTATTGAAAC-1_V13B23-285_C1,9
CTATGTGAGTCACGGC-1_V13B23-285_C1,13
CTATTCATGTGTCCCA-1_V13B23-285_C1,10
CTATTGTGTTTGGTCA-1_V13B23-285_C1,13
CTATTTGGTTACGGAT-1_V13B23-285_C1,10
CTCAACTAACCCGGAT-1_V13B23-285_C1,10
CTCAAGACATTAGCGC-1_V13B23-285_C1,13
CTCACACGCAAGCCTA-1_V13B23-285_C1,2
CTCACATTTACTAAAT-1_V13B23-285_C1,10
CTCACTGTGATACTTA-1_V13B23-285_C1,10
CTCACTTGGCTGGTAA-1_V13B23-285_C1,5
CTCAGGACTCACCTGT-1_V13B23-285_C1,8
CTCAGTCACGACAAAT-1_V13B23-285_C1,13
CTCATCACTTAGTGAT-1_V13B23-285_C1,13
CTCATGGCTCACAATC-1_V13B23-285_C1,6
CTCATGGTAATTTGCG-1_V13B23-285_C1,7
CTCATTAACGTTGCCC-1_V13B23-285_C1,13
CTCATTGCTCTAACAA-1_V13B23-285_C1,10
CTCATTTGATGGGCGG-1_V13B23-285_C1,8
CTCCCAATGAGTCGCG-1_V13B23-285_C1,10
CTCCCTCCTTTCGATC-1_V13B23-285_C1,1
CTCCGCCCACATGAGG-1_V13B23-285_C1,7
CTCCGGCCTAATATGC-1_V13B23-285_C1,8
CTCCGGCTTGTAGACA-1_V13B23-285_C1,8
CTCCTAAGTTATGTCT-1_V13B23-285_C1,9
CTCCTCCAGCTCACAC-1_V13B23-285_C1,5
CTCCTGTTCAAGGCAG-1_V13B23-285_C1,10
CTCCTTTACGCAAGTC-1_V13B23-285_C1,13
CTCGAGATCCAAAGCA-1_V13B23-285_C1,9
CTCGAGGTCGAACAGT-1_V13B23-285_C1,1
CTCGATATTTGCGAGC-1_V13B23-285_C1,13
CTCGCACCTATATAGT-1_V13B23-285_C1,8
CTCGCCGAATGTAGGG-1_V13B23-285_C1,10
CTCGGGATAACACCTA-1_V13B23-285_C1,13
CTCGGGTTCTCTGGCC-1_V13B23-285_C1,3
CTCGGTACCACTGCTC-1_V13B23-285_C1,10
CTCGGTCCGTAGCCTG-1_V13B23-285_C1,12
CTCGGTTGTCGGCCCT-1_V13B23-285_C1,7
CTCGTCGAGGGCTCAT-1_V13B23-285_C1,5
CTCGTTTCTAATGTTT-1_V13B23-285_C1,13
CTCTAATGCATTGATC-1_V13B23-285_C1,13
CTCTACACTGGCGATT-1_V13B23-285_C1,13
CTCTATTTGGCTGCAG-1_V13B23-285_C1,10
CTCTCACAATCGATGA-1_V13B23-285_C1,8
CTCTCGCTGTACTATG-1_V13B23-285_C1,7
CTCTCTAACTGCCTAG-1_V13B23-285_C1,3
CTCTGCGAAGCAAGCA-1_V13B23-285_C1,9
CTCTGGACGCCTGGTG-1_V13B23-285_C1,8
CTCTGTTTGAGGATTC-1_V13B23-285_C1,12
CTCTTCTATTGACTGG-1_V13B23-285_C1,10
CTCTTCTGGAAGTTAG-1_V13B23-285_C1,5
CTCTTGTCCCGCTTGG-1_V13B23-285_C1,5
CTGAAAGAGATCCGAC-1_V13B23-285_C1,6
CTGAATCCGAGACCTC-1_V13B23-285_C1,5
CTGAATTTATTGCCAG-1_V13B23-285_C1,13
CTGACATAGAAATAGA-1_V13B23-285_C1,10
CTGACTGCGCAGCTCG-1_V13B23-285_C1,13
CTGAGAAAGTTCGGCG-1_V13B23-285_C1,10
CTGAGCAAGTAACAAG-1_V13B23-285_C1,8
CTGAGCGAGACTTATT-1_V13B23-285_C1,2
CTGATAGTGTATCTCA-1_V13B23-285_C1,5
CTGCAAGCACGTTCCG-1_V13B23-285_C1,10
CTGCACAACTACATAT-1_V13B23-285_C1,10
CTGCACCTAGTCCACA-1_V13B23-285_C1,13
CTGCACCTGGAACCGC-1_V13B23-285_C1,12
CTGCACTCCAGTACAG-1_V13B23-285_C1,10
CTGCAGAGAATCAGAG-1_V13B23-285_C1,10
CTGCCAAGGTTGGAAG-1_V13B23-285_C1,11
CTGCCATGCATCACAT-1_V13B23-285_C1,5
CTGCCCACGAAGCGTT-1_V13B23-285_C1,8
CTGCCTAGCCACCAAG-1_V13B23-285_C1,9
CTGCCTCATATGCAAC-1_V13B23-285_C1,13
CTGCCTTTCTAGTAAA-1_V13B23-285_C1,10
CTGCGGGTGAAATGTT-1_V13B23-285_C1,5
CTGCGGTAGTCACGTG-1_V13B23-285_C1,11
CTGCGTTACGATATAA-1_V13B23-285_C1,13
CTGCTGAGGCCACGAA-1_V13B23-285_C1,7
CTGCTGTCTAACGAGC-1_V13B23-285_C1,10
CTGCTTGGCGATAGCT-1_V13B23-285_C1,10
CTGCTTTATGTCCGCG-1_V13B23-285_C1,13
CTGGAAATGGATGCTT-1_V13B23-285_C1,8
CTGGAAGACACGGTGG-1_V13B23-285_C1,10
CTGGACGCAGTCCGGC-1_V13B23-285_C1,5
CTGGATTTACACTTGA-1_V13B23-285_C1,5
CTGGCATCCGAATGAG-1_V13B23-285_C1,7
CTGGCGACATAAGTCC-1_V13B23-285_C1,12
CTGGCGCACAGGTCTG-1_V13B23-285_C1,10
CTGGCGGGAATAAGTA-1_V13B23-285_C1,8
CTGGCTGATTCATCCT-1_V13B23-285_C1,4
CTGGCTGGTTGTCAGT-1_V13B23-285_C1,7
CTGGGATAAATAATGG-1_V13B23-285_C1,10
CTGGGATACGCTACCC-1_V13B23-285_C1,10
CTGGGCCTGCTATATC-1_V13B23-285_C1,5
CTGGGTAGGCAGTTAA-1_V13B23-285_C1,10
CTGGTAAAGTGTGGGC-1_V13B23-285_C1,10
CTGGTAACACATAGAA-1_V13B23-285_C1,10
CTGGTAACGAGCTCTT-1_V13B23-285_C1,13
CTGGTCATTCCAATCC-1_V13B23-285_C1,8
CTGGTTCGCGAGCTAC-1_V13B23-285_C1,10
CTGGTTTCGAGCAAGA-1_V13B23-285_C1,10
CTGTACTTCTTAGCAT-1_V13B23-285_C1,5
CTGTAGCCATCTCACT-1_V13B23-285_C1,7
CTGTATGGTGTAGAAA-1_V13B23-285_C1,8
CTGTCAAATGGCTCGG-1_V13B23-285_C1,3
CTGTCACGCCAGGCGC-1_V13B23-285_C1,2
CTGTGCAGGGTAGGTC-1_V13B23-285_C1,10
CTGTGGTCGGGAGATA-1_V13B23-285_C1,10
CTGTTACCCAATCTAG-1_V13B23-285_C1,10
CTGTTCACTGCCTGTG-1_V13B23-285_C1,8
CTGTTCATCTCACGGG-1_V13B23-285_C1,8
CTTAAATAAGACCCAT-1_V13B23-285_C1,5
CTTAACTTCGAAGTAC-1_V13B23-285_C1,9
CTTACACGGTATTCCA-1_V13B23-285_C1,5
CTTACACTGGGAAATA-1_V13B23-285_C1,12
CTTAGCCCGGATAGTG-1_V13B23-285_C1,3
CTTAGCCTTCCACATG-1_V13B23-285_C1,8
CTTAGTAGGCCTACAG-1_V13B23-285_C1,13
CTTAGTGTAGTAGCAT-1_V13B23-285_C1,10
CTTATAGATGGCTGTT-1_V13B23-285_C1,7
CTTATGCGCTCAGGGC-1_V13B23-285_C1,13
CTTATGTTGACTACCA-1_V13B23-285_C1,4
CTTCAACTCCACTTGG-1_V13B23-285_C1,10
CTTCAGTGGTCGCCTA-1_V13B23-285_C1,5
CTTCATAGCTCAAGAA-1_V13B23-285_C1,8
CTTCATTGTCAGTGGA-1_V13B23-285_C1,10
CTTCCGCTCCGTGAAG-1_V13B23-285_C1,5
CTTCGGCCAATTGTTT-1_V13B23-285_C1,10
CTTCGTAGATAGGTGA-1_V13B23-285_C1,5
CTTCTATGTTGAAGTA-1_V13B23-285_C1,7
CTTCTATTAATGCTAG-1_V13B23-285_C1,5
CTTCTTACGTCGTATA-1_V13B23-285_C1,12
CTTGACCCGAAAGATA-1_V13B23-285_C1,9
CTTGAGGTTATCCCGA-1_V13B23-285_C1,8
CTTGAGTTAGGGTAAT-1_V13B23-285_C1,10
CTTGCAACCGCCTCCT-1_V13B23-285_C1,13
CTTGCCCAGGCTCTAC-1_V13B23-285_C1,5
CTTGGCCAAGCTGGGA-1_V13B23-285_C1,5
CTTGTACTTGTTGACT-1_V13B23-285_C1,8
CTTGTCAACATTCGAG-1_V13B23-285_C1,10
CTTGTGCTCACCGATT-1_V13B23-285_C1,13
CTTGTTGCTGAGTCAA-1_V13B23-285_C1,10
CTTGTTTATGTAGCCA-1_V13B23-285_C1,8
CTTTAACTTTCAAAGG-1_V13B23-285_C1,8
CTTTAATATTGGTCGA-1_V13B23-285_C1,10
CTTTACCGAATAGTAG-1_V13B23-285_C1,10
CTTTAGGAACACTGTT-1_V13B23-285_C1,10
CTTTAGTGCTATTATT-1_V13B23-285_C1,10
CTTTCTGTGCGGGCTT-1_V13B23-285_C1,10
CTTTGCATCGCTCTTG-1_V13B23-285_C1,10
CTTTGCTGTCATGGAT-1_V13B23-285_C1,10
CTTTGGCGCTTTATAC-1_V13B23-285_C1,5
CTTTGGCTTTAGTAAA-1_V13B23-285_C1,5
CTTTGGGATTGTTGCA-1_V13B23-285_C1,3
GAAACAGATGACCACC-1_V13B23-285_C1,10
GAAACAGCCATGCAGT-1_V13B23-285_C1,6
GAAACATAGGAAACAG-1_V13B23-285_C1,5
GAAACCATGGTGCGCT-1_V13B23-285_C1,13
GAAACCGAATTACCTT-1_V13B23-285_C1,5
GAAACCTATACAAATG-1_V13B23-285_C1,4
GAAACTCGTGCGATGC-1_V13B23-285_C1,5
GAAACTCTAATGAAGG-1_V13B23-285_C1,12
GAAAGAACAGCGTTAT-1_V13B23-285_C1,10
GAAAGCAGTGCACTTT-1_V13B23-285_C1,6
GAAAGCCCTTTGGACC-1_V13B23-285_C1,5
GAAAGTGACTAACTGC-1_V13B23-285_C1,5
GAAATACTAAACGTTT-1_V13B23-285_C1,4
GAAATATCACCATCAG-1_V13B23-285_C1,5
GAAATATGCTTGAATG-1_V13B23-285_C1,13
GAAATCGCGCGCAACT-1_V13B23-285_C1,6
GAAATGGCGGTGTTAG-1_V13B23-285_C1,8
GAAATGGGATGTAAAC-1_V13B23-285_C1,11
GAAATTAGCACGGATA-1_V13B23-285_C1,13
GAAATTCACATCGCTG-1_V13B23-285_C1,9
GAAATTGTCTCTATAA-1_V13B23-285_C1,5
GAACACACATCAACCA-1_V13B23-285_C1,8
GAACAGATTACTAAAT-1_V13B23-285_C1,10
GAACATTAGTATGTTA-1_V13B23-285_C1,2
GAACCCTCTGTGTTCT-1_V13B23-285_C1,10
GAACCTCGACCTACAC-1_V13B23-285_C1,3
GAACCTTTAACGATCC-1_V13B23-285_C1,10
GAACGACCGAATGATA-1_V13B23-285_C1,12
GAACGATAAGTTAAAG-1_V13B23-285_C1,13
GAACGCGGGTCACACG-1_V13B23-285_C1,10
GAACGTCTCATGGTCG-1_V13B23-285_C1,13
GAACGTTAGGAAGACG-1_V13B23-285_C1,5
GAACTTGTGCACGGGA-1_V13B23-285_C1,2
GAAGAAACGATATTGT-1_V13B23-285_C1,4
GAAGAACGGTGCAGGT-1_V13B23-285_C1,9
GAAGCCTGCACATTCC-1_V13B23-285_C1,7
GAAGCGTGAGGAATTT-1_V13B23-285_C1,10
GAAGCTCTTTGCTTAG-1_V13B23-285_C1,11
GAAGCTTGCTGACCGC-1_V13B23-285_C1,5
GAAGGCTACCATTGTT-1_V13B23-285_C1,13
GAAGTCAGTTGCACTA-1_V13B23-285_C1,5
GAAGTCTCCCTAGCGA-1_V13B23-285_C1,10
GAAGTGATTTATCGTG-1_V13B23-285_C1,3
GAAGTGCTGGATAGCT-1_V13B23-285_C1,12
GAAGTTTCCACTCAAT-1_V13B23-285_C1,5
GAATAGACGCGACCCA-1_V13B23-285_C1,10
GAATAGCATTTAGGGT-1_V13B23-285_C1,10
GAATAGCCCTGCGGTC-1_V13B23-285_C1,13
GAATAGTGCTCGATTA-1_V13B23-285_C1,5
GAATATTCGGAGTCCC-1_V13B23-285_C1,12
GAATCGACATGGTCAC-1_V13B23-285_C1,8
GAATCTGAACATTCTC-1_V13B23-285_C1,10
GAATGAAGGTCTTCAG-1_V13B23-285_C1,2
GAATGCCGAAATGACC-1_V13B23-285_C1,8
GAATGCGAATCGGTTC-1_V13B23-285_C1,10
GAATGTATGGCAGGTC-1_V13B23-285_C1,14
GAATGTGGTCCGGATT-1_V13B23-285_C1,10
GAATGTTGGGTAATCT-1_V13B23-285_C1,8
GAATTATAGTGAAAGG-1_V13B23-285_C1,2
GAATTCACCCGGGTGT-1_V13B23-285_C1,5
GAATTTCTCGCTGCAG-1_V13B23-285_C1,5
GACAAACATATGCAGG-1_V13B23-285_C1,10
GACAACGACCATTGAA-1_V13B23-285_C1,6
GACAACGCAGCTTACG-1_V13B23-285_C1,11
GACAAGAGATGAGATT-1_V13B23-285_C1,10
GACACAAGGGAAGAAA-1_V13B23-285_C1,13
GACACGAGTTAGAGGA-1_V13B23-285_C1,8
GACACTGAGTTCAGTG-1_V13B23-285_C1,5
GACACTGGAACCCGAT-1_V13B23-285_C1,10
GACAGATTTCTGGCTC-1_V13B23-285_C1,7
GACAGCCAGACCTGAC-1_V13B23-285_C1,10
GACAGGCACACACTAT-1_V13B23-285_C1,5
GACATACTGTCGCAGA-1_V13B23-285_C1,4
GACATCGATTTATAAC-1_V13B23-285_C1,5
GACCAAACGTTGACTG-1_V13B23-285_C1,10
GACCAGAGCCCTGTAG-1_V13B23-285_C1,5
GACCCAATTATGATAC-1_V13B23-285_C1,5
GACCCGTCGCCGGCTA-1_V13B23-285_C1,9
GACCGACGTGAAAGCA-1_V13B23-285_C1,10
GACCGACTGAAGCGTC-1_V13B23-285_C1,5
GACCGCGTCTGACGTG-1_V13B23-285_C1,10
GACCGTCAGGTCGTGA-1_V13B23-285_C1,12
GACCGTGCTGACGGTG-1_V13B23-285_C1,5
GACGACGATCCGCGTT-1_V13B23-285_C1,10
GACGAGGCTAATAAAC-1_V13B23-285_C1,10
GACGCCGTAAAGGCTA-1_V13B23-285_C1,8
GACGCTTGCTTCTAAA-1_V13B23-285_C1,11
GACGGGTTGGCCCGTA-1_V13B23-285_C1,5
GACGGTCAATAGAAGC-1_V13B23-285_C1,13
GACGGTCCTAGGGTGT-1_V13B23-285_C1,10
GACGTGTAGGGATTAT-1_V13B23-285_C1,5
GACGTTCGTAAATACA-1_V13B23-285_C1,13
GACTAACACAGCACCT-1_V13B23-285_C1,2
GACTAAGATCATGCAC-1_V13B23-285_C1,8
GACTAAGTAGGCTCAC-1_V13B23-285_C1,8
GACTACAAAGCGGTGG-1_V13B23-285_C1,7
GACTCACCCACGTGAG-1_V13B23-285_C1,10
GACTCCCAGAATAAGG-1_V13B23-285_C1,13
GACTCCTTCCAATTGA-1_V13B23-285_C1,7
GACTCGCGGGAATGAC-1_V13B23-285_C1,13
GACTGCAAATCGAGCT-1_V13B23-285_C1,10
GACTGCACCAGCCCAG-1_V13B23-285_C1,10
GACTGCGGCACGTGTA-1_V13B23-285_C1,8
GAGACCCTGCAACGCC-1_V13B23-285_C1,2
GAGACTGATGGGTAGA-1_V13B23-285_C1,3
GAGACTTCGCGACCGA-1_V13B23-285_C1,5
GAGAGCGCAGTCCCTG-1_V13B23-285_C1,5
GAGAGGGCGCGAGGTT-1_V13B23-285_C1,5
GAGAGGTGCATTCTGG-1_V13B23-285_C1,5
GAGATCTGCTTGGCAT-1_V13B23-285_C1,5
GAGATCTGTCACTCCG-1_V13B23-285_C1,13
GAGATCTTCCATGACA-1_V13B23-285_C1,10
GAGATGACAATCCTTA-1_V13B23-285_C1,13
GAGATGGGAGTCGACA-1_V13B23-285_C1,10
GAGCACCTGTGTCCAG-1_V13B23-285_C1,10
GAGCACGGCGCCTCTT-1_V13B23-285_C1,10
GAGCATCATCCCTGGG-1_V13B23-285_C1,9
GAGCCAGCTACCTGTG-1_V13B23-285_C1,10
GAGCCGAGCGTTTATT-1_V13B23-285_C1,8
GAGCGAGGGAGTACCG-1_V13B23-285_C1,12
GAGCGCAAATACTCCG-1_V13B23-285_C1,10
GAGCGCGCACGAGTAG-1_V13B23-285_C1,10
GAGCGCTGTTAGGTAA-1_V13B23-285_C1,5
GAGCTAAGGGCATATC-1_V13B23-285_C1,13
GAGCTCTCGGACCTAA-1_V13B23-285_C1,8
GAGCTGTCGTCTCGGA-1_V13B23-285_C1,13
GAGGAATGGAGAGGTT-1_V13B23-285_C1,5
GAGGAGATCCTCATGC-1_V13B23-285_C1,11
GAGGATAAACAGTGCT-1_V13B23-285_C1,10
GAGGCATTTGCAGCAG-1_V13B23-285_C1,2
GAGGCCCGACTCCGCA-1_V13B23-285_C1,3
GAGGCCTGTTGATACA-1_V13B23-285_C1,10
GAGGCTATCAAAGTCG-1_V13B23-285_C1,5
GAGGGCCATAATATTA-1_V13B23-285_C1,2
GAGGGCGCAGCTCTGC-1_V13B23-285_C1,13
GAGGTACATCCATCTT-1_V13B23-285_C1,12
GAGGTCCCAAAGATCT-1_V13B23-285_C1,8
GAGTAAACCGGAAAGT-1_V13B23-285_C1,10
GAGTAAGGCCACGGGA-1_V13B23-285_C1,5
GAGTACGGGTATACAA-1_V13B23-285_C1,9
GAGTAGATACTAGTTG-1_V13B23-285_C1,5
GAGTATCAAAGTTACA-1_V13B23-285_C1,10
GAGTATGCCCGCCTTG-1_V13B23-285_C1,5
GAGTATGCGCGTGCAT-1_V13B23-285_C1,10
GAGTCAGACCAGAATC-1_V13B23-285_C1,5
GAGTCCGCTTACCGGA-1_V13B23-285_C1,10
GAGTCGACAGACCCTC-1_V13B23-285_C1,5
GAGTGTCAACCAGAAA-1_V13B23-285_C1,10
GAGTGTGCGGTACCCA-1_V13B23-285_C1,10
GAGTTGATGGCAATTT-1_V13B23-285_C1,5
GATAAATCGGTGGATG-1_V13B23-285_C1,12
GATAACTCGCACTGTG-1_V13B23-285_C1,10
GATACCGTGTCGGAGT-1_V13B23-285_C1,10
GATACGATGGGAGTCA-1_V13B23-285_C1,7
GATAGGATTAATTACA-1_V13B23-285_C1,10
GATAGGTAACGTTGAC-1_V13B23-285_C1,10
GATAGGTGTCCCGGGC-1_V13B23-285_C1,10
GATATCTCATGCAATA-1_V13B23-285_C1,6
GATATGAGACACTAAC-1_V13B23-285_C1,10
GATATGCGGTAGCCAA-1_V13B23-285_C1,1
GATATGGATTACGCGG-1_V13B23-285_C1,5
GATATTGAGATTGGCG-1_V13B23-285_C1,13
GATATTTCCTACATGG-1_V13B23-285_C1,13
GATCAACATAAAGGGA-1_V13B23-285_C1,5
GATCATTCCAAACATT-1_V13B23-285_C1,11
GATCCCTTTATACTGC-1_V13B23-285_C1,1
GATCCGAATATAAGTG-1_V13B23-285_C1,5
GATCCGGGAATTAACA-1_V13B23-285_C1,10
GATCCTAAATCGGGAC-1_V13B23-285_C1,13
GATCCTCGACACTGGC-1_V13B23-285_C1,7
GATCGACACTATCTGA-1_V13B23-285_C1,8
GATCGCGGGCTCTCCA-1_V13B23-285_C1,5
GATCGCTACCCGATTT-1_V13B23-285_C1,10
GATCGCTATATCTCAG-1_V13B23-285_C1,5
GATCGGATAGAACCAT-1_V13B23-285_C1,5
GATCGGCGATAAGTCG-1_V13B23-285_C1,8
GATCGGTGGCCATAAC-1_V13B23-285_C1,13
GATCGTGACTGATATC-1_V13B23-285_C1,10
GATCTCGACGCTGTGG-1_V13B23-285_C1,10
GATCTGCTATCTAAGG-1_V13B23-285_C1,5
GATCTTCATTGTCCTC-1_V13B23-285_C1,8
GATCTTGGAGGGCATA-1_V13B23-285_C1,10
GATCTTTGCAGGGTAT-1_V13B23-285_C1,5
GATGACAAGTAGGGCA-1_V13B23-285_C1,5
GATGACGATGATCGCG-1_V13B23-285_C1,13
GATGCCAGCAGAAGGC-1_V13B23-285_C1,8
GATGCCTTCTGCGGCA-1_V13B23-285_C1,7
GATGCGAATGGTATTA-1_V13B23-285_C1,5
GATGCGTCCTGCATTC-1_V13B23-285_C1,10
GATGCTACAAGCGCCT-1_V13B23-285_C1,12
GATGCTGTATTTCATC-1_V13B23-285_C1,10
GATGGCGCACACATTA-1_V13B23-285_C1,8
GATGGTGCCCTAGGCA-1_V13B23-285_C1,11
GATGTAACGAACCACC-1_V13B23-285_C1,1
GATGTCGGTCAACTGC-1_V13B23-285_C1,9
GATGTTCAATCCACGA-1_V13B23-285_C1,5
GATGTTTGTGCGAGAT-1_V13B23-285_C1,8
GATTAACCGAAAGCCC-1_V13B23-285_C1,10
GATTACTGAATTTGGG-1_V13B23-285_C1,1
GATTCCCTTGTCGCAG-1_V13B23-285_C1,8
GATTCCGCGTTTCCGT-1_V13B23-285_C1,12
GATTCCTATACGGCGC-1_V13B23-285_C1,5
GATTCGACGGTTCACG-1_V13B23-285_C1,10
GCAAACCCTACATTAT-1_V13B23-285_C1,10
GCAAACCTTGGCCATA-1_V13B23-285_C1,10
GCAAACGTCGCCAGGT-1_V13B23-285_C1,10
GCAAATATTACGCTTT-1_V13B23-285_C1,5
GCAACACACTAGAACT-1_V13B23-285_C1,13
GCAACAGCAGTATGCG-1_V13B23-285_C1,10
GCAACCACCAGACCGG-1_V13B23-285_C1,8
GCAACCACGGCCGCGT-1_V13B23-285_C1,5
GCAACGGCTAGTTATG-1_V13B23-285_C1,10
GCAAGAATTCCTTGGC-1_V13B23-285_C1,7
GCAAGATGTGTTCGCG-1_V13B23-285_C1,2
GCAAGTGCACAGAGAA-1_V13B23-285_C1,8
GCAATTAGTCGCACCG-1_V13B23-285_C1,2
GCACAAACGAGGCGTG-1_V13B23-285_C1,10
GCACAACCTCGGGCGT-1_V13B23-285_C1,7
GCACAAGTGGATCATA-1_V13B23-285_C1,7
GCACAAGTGTCGGAAG-1_V13B23-285_C1,9
GCACACACTGGTAGCC-1_V13B23-285_C1,10
GCACACGCCCATGGTC-1_V13B23-285_C1,5
GCACGCCTACTTAGAT-1_V13B23-285_C1,5
GCACTAGTCGCGCTAT-1_V13B23-285_C1,9
GCAGAAGGTAATCTCC-1_V13B23-285_C1,10
GCAGACCCAGCACGTA-1_V13B23-285_C1,10
GCAGATCCATAAGACT-1_V13B23-285_C1,10
GCAGATCCTCGCAAAT-1_V13B23-285_C1,8
GCAGATTAGGGATATC-1_V13B23-285_C1,10
GCAGCACACAGCCCAG-1_V13B23-285_C1,5
GCAGCCTATATCACAT-1_V13B23-285_C1,10
GCAGCTATGGACAGGT-1_V13B23-285_C1,14
GCAGGAACTTAGATCT-1_V13B23-285_C1,5
GCAGGACTATAGAATA-1_V13B23-285_C1,5
GCAGGTAGAGTATGGT-1_V13B23-285_C1,13
GCAGTGCGGGCGGATG-1_V13B23-285_C1,10
GCAGTGTGGCTATAGG-1_V13B23-285_C1,10
GCAGTTCGATCCGAGC-1_V13B23-285_C1,10
GCATACGAGGTCTTTA-1_V13B23-285_C1,13
GCATAGAGCACTCAGG-1_V13B23-285_C1,10
GCATCCCTAACTTTGA-1_V13B23-285_C1,12
GCATCGGCCGTGTAGG-1_V13B23-285_C1,10
GCATGAGGGACGCGGC-1_V13B23-285_C1,13
GCATTCAAGGCAACGC-1_V13B23-285_C1,13
GCATTCGAAATGAACA-1_V13B23-285_C1,8
GCATTGTAATTCATAT-1_V13B23-285_C1,5
GCATTTCCAAGGCTCC-1_V13B23-285_C1,13
GCCAACCATTTCCGGA-1_V13B23-285_C1,13
GCCAAGAATACTTCTG-1_V13B23-285_C1,13
GCCAATAGGGCATCTC-1_V13B23-285_C1,13
GCCACAATTTAAGGAC-1_V13B23-285_C1,7
GCCACCCATTCCACTT-1_V13B23-285_C1,2
GCCACTCAGAGCGCGA-1_V13B23-285_C1,10
GCCACTCCTTACGGTA-1_V13B23-285_C1,10
GCCAGGAGTAACCGAT-1_V13B23-285_C1,1
GCCAGGCGTTCGCATG-1_V13B23-285_C1,11
GCCAGGCTTAGTGGTA-1_V13B23-285_C1,7
GCCATATTGCACACAG-1_V13B23-285_C1,8
GCCATCGAGCTGCGTG-1_V13B23-285_C1,5
GCCATCGATGCTGCAT-1_V13B23-285_C1,13
GCCATTAGCCTCAAAC-1_V13B23-285_C1,5
GCCCAGATGCTGGAGA-1_V13B23-285_C1,10
GCCCAGTTGGTATGCC-1_V13B23-285_C1,8
GCCCGACTTCTTCCCG-1_V13B23-285_C1,3
GCCCGATCTGTGGTCG-1_V13B23-285_C1,5
GCCCGCGCGTAAACGG-1_V13B23-285_C1,5
GCCCGCGCGTTTGACA-1_V13B23-285_C1,4
GCCCGTAATACCTTCT-1_V13B23-285_C1,7
GCCCTAGCCGTCGCGA-1_V13B23-285_C1,10
GCCGAAATTCCTACGT-1_V13B23-285_C1,5
GCCGACCCACGACTGC-1_V13B23-285_C1,5
GCCGATTGGCCAAGCT-1_V13B23-285_C1,5
GCCGCACTCCGTTTCA-1_V13B23-285_C1,10
GCCGCATTAGTCCGGC-1_V13B23-285_C1,5
GCCGCTTGTGAGAAAC-1_V13B23-285_C1,5
GCCGGGTTAGGGTCGC-1_V13B23-285_C1,5
GCCGTGGAAGAAATGT-1_V13B23-285_C1,10
GCCTAGCGATCTGACC-1_V13B23-285_C1,8
GCCTATAGTGTCAGGG-1_V13B23-285_C1,13
GCCTATCAGGTAAGAT-1_V13B23-285_C1,10
GCCTATGCTGGGCCTT-1_V13B23-285_C1,13
GCCTATTCCGATATAG-1_V13B23-285_C1,5
GCCTCATCTGGAAATA-1_V13B23-285_C1,10
GCCTCCGACAATTCAC-1_V13B23-285_C1,10
GCCTCTATACATAGCA-1_V13B23-285_C1,10
GCCTTCAGCCCTACCG-1_V13B23-285_C1,12
GCCTTGTATATGCAGT-1_V13B23-285_C1,8
GCGAAACGATCGGGAG-1_V13B23-285_C1,10
GCGAAACTTAACTGGA-1_V13B23-285_C1,10
GCGAAGCCATACCCGT-1_V13B23-285_C1,11
GCGACATGTAAACATC-1_V13B23-285_C1,10
GCGACCCAACCATCTG-1_V13B23-285_C1,5
GCGACGATAGTTGTAC-1_V13B23-285_C1,5
GCGAGAAACGGGAGTT-1_V13B23-285_C1,8
GCGAGAGGCCATGTAA-1_V13B23-285_C1,13
GCGAGAGTTGCGTCCA-1_V13B23-285_C1,13
GCGAGCGCATGCTCCC-1_V13B23-285_C1,10
GCGAGGCCCGAGCAGA-1_V13B23-285_C1,5
GCGAGTTCTGCAAAGA-1_V13B23-285_C1,8
GCGATTCTGGAAGCAG-1_V13B23-285_C1,9
GCGATTGTTAACGTTA-1_V13B23-285_C1,10
GCGCAAATATATTCAA-1_V13B23-285_C1,1
GCGCAAGAGCGCGCTG-1_V13B23-285_C1,6
GCGCATCCAGTCAGCA-1_V13B23-285_C1,13
GCGCCGTTCCACGATA-1_V13B23-285_C1,10
GCGCCTCCCACTCCGA-1_V13B23-285_C1,10
GCGCGTCATTGGTACA-1_V13B23-285_C1,10
GCGCTAATTGAATAGA-1_V13B23-285_C1,2
GCGCTATGCCGAGGCA-1_V13B23-285_C1,5
GCGCTCGATCACCTGT-1_V13B23-285_C1,10
GCGCTGATCCAGACTC-1_V13B23-285_C1,13
GCGCTGCTTTGCATTT-1_V13B23-285_C1,13
GCGCTTAAATAATTGG-1_V13B23-285_C1,10
GCGGACCGCGTTGTGG-1_V13B23-285_C1,5
GCGGAGAAACTTCGCA-1_V13B23-285_C1,5
GCGGAGAGGGAGAACG-1_V13B23-285_C1,10
GCGGCAAAGTATTGCC-1_V13B23-285_C1,1
GCGGCTCTGACGTACC-1_V13B23-285_C1,5
GCGGGAACCAGGCCCT-1_V13B23-285_C1,11
GCGGGCATTACGATGC-1_V13B23-285_C1,13
GCGGGCGAGCCTTACC-1_V13B23-285_C1,5
GCGGTCCCGGTGAAGG-1_V13B23-285_C1,2
GCGGTCCCTAGACGCA-1_V13B23-285_C1,9
GCGGTGAACTGCGCTC-1_V13B23-285_C1,13
GCGGTGCGGAGCATCG-1_V13B23-285_C1,5
GCGGTTCCCTATCATG-1_V13B23-285_C1,5
GCGTAAATGGCCATAA-1_V13B23-285_C1,1
GCGTCGAAATGTCGGT-1_V13B23-285_C1,12
GCGTCGCCAGGGTGAT-1_V13B23-285_C1,5
GCGTCTAACCTCCTAA-1_V13B23-285_C1,3
GCGTCTCTGCATTGGG-1_V13B23-285_C1,5
GCGTGGTACTGGGTTA-1_V13B23-285_C1,10
GCGTTATATTTGGAAC-1_V13B23-285_C1,5
GCGTTCGGAGACCGGG-1_V13B23-285_C1,13
GCGTTCTGACTAAGCG-1_V13B23-285_C1,10
GCTAAACCTGAGGTGA-1_V13B23-285_C1,8
GCTAACTGAAGTCTGA-1_V13B23-285_C1,10
GCTAAGTAAAGGCGAT-1_V13B23-285_C1,8
GCTAAGTAGTTTCTCT-1_V13B23-285_C1,1
GCTAATACCGAATGCC-1_V13B23-285_C1,8
GCTACAGTACGGACCG-1_V13B23-285_C1,5
GCTACGACTTATTGGG-1_V13B23-285_C1,10
GCTACTATAGTAGAGT-1_V13B23-285_C1,10
GCTAGACCGTCTACTG-1_V13B23-285_C1,10
GCTAGAGTAGAGATGT-1_V13B23-285_C1,10
GCTAGCACCTGGGCCA-1_V13B23-285_C1,10
GCTAGCAGGGAGTGGG-1_V13B23-285_C1,11
GCTAGCTTGAATAGCT-1_V13B23-285_C1,5
GCTAGGCACCACGGAG-1_V13B23-285_C1,10
GCTAGTAGAGCTTGTA-1_V13B23-285_C1,10
GCTAGTTTCATTGAGG-1_V13B23-285_C1,11
GCTATACGTCTCGGAC-1_V13B23-285_C1,10
GCTATCATACTCATGG-1_V13B23-285_C1,10
GCTATCGCGGCGCAAC-1_V13B23-285_C1,8
GCTCAACCTCTTAGAG-1_V13B23-285_C1,8
GCTCAATCCGTTTATT-1_V13B23-285_C1,5
GCTCAATGTAATACCG-1_V13B23-285_C1,5
GCTCATTACTGCATGT-1_V13B23-285_C1,11
GCTCCATGAGTGCAGA-1_V13B23-285_C1,10
GCTCCCAGTCGGTCCA-1_V13B23-285_C1,10
GCTCCGCTCGCTTCAG-1_V13B23-285_C1,10
GCTCCTGACATACTGG-1_V13B23-285_C1,5
GCTCGCGGTTCCGCTC-1_V13B23-285_C1,5
GCTCGCTCATGTCCAA-1_V13B23-285_C1,10
GCTCGGAATTTAAAGC-1_V13B23-285_C1,14
GCTCTAAACCCTGACG-1_V13B23-285_C1,8
GCTCTATGTTACGTGC-1_V13B23-285_C1,5
GCTCTCGGGTACCGAA-1_V13B23-285_C1,1
GCTGAACTCTCCAGGG-1_V13B23-285_C1,10
GCTGAATCTTCCAATC-1_V13B23-285_C1,3
GCTGAGCAACGGTTCT-1_V13B23-285_C1,3
GCTGAGGCGTGAGTAT-1_V13B23-285_C1,10
GCTGCACGGTTTCTTA-1_V13B23-285_C1,10
GCTGCTAAGTAGTCGA-1_V13B23-285_C1,7
GCTGCTACTGCGTAGC-1_V13B23-285_C1,10
GCTGCTCTCCGGACAC-1_V13B23-285_C1,13
GCTGGACCCAAAGTGG-1_V13B23-285_C1,13
GCTGGCATATTCACCT-1_V13B23-285_C1,5
GCTGGCGGCGCATGCT-1_V13B23-285_C1,10
GCTGGTTTAGGCCATA-1_V13B23-285_C1,7
GCTGTATTACTGGCCC-1_V13B23-285_C1,7
GCTGTTGCTACCGAAC-1_V13B23-285_C1,10
GCTTAATGTAACTAAC-1_V13B23-285_C1,10
GCTTACGTAGTTAGTA-1_V13B23-285_C1,10
GCTTATGAAGCAGGAA-1_V13B23-285_C1,10
GCTTCCGTCCCTAGAC-1_V13B23-285_C1,13
GCTTGATGATAATCAG-1_V13B23-285_C1,8
GCTTGCAGCACAATTG-1_V13B23-285_C1,3
GCTTGGATCGATTAGG-1_V13B23-285_C1,13
GCTTTCAGAGGAGGTG-1_V13B23-285_C1,7
GGAAACCTTGTTGAAT-1_V13B23-285_C1,13
GGAAACTAAATGGGCC-1_V13B23-285_C1,10
GGAAAGTGCCCATGCC-1_V13B23-285_C1,1
GGAACCCGAACAAGAA-1_V13B23-285_C1,8
GGAACCGTGTAAATTG-1_V13B23-285_C1,5
GGAACCTTGACTCTGC-1_V13B23-285_C1,3
GGAACGGCCTGCAGCC-1_V13B23-285_C1,8
GGAACTTTGGCGATTA-1_V13B23-285_C1,10
GGAAGCTCGCTTACAG-1_V13B23-285_C1,14
GGAATGCGCTAGCGTG-1_V13B23-285_C1,13
GGACAAGTTGCAGTGA-1_V13B23-285_C1,1
GGACACAAGTTTACAC-1_V13B23-285_C1,10
GGACCAACAGGATAAC-1_V13B23-285_C1,10
GGACCTACGGTAACGT-1_V13B23-285_C1,13
GGACCTCTAGGCCGCC-1_V13B23-285_C1,3
GGACGTCCATAGTTGG-1_V13B23-285_C1,2
GGACTCACAAATTAGG-1_V13B23-285_C1,10
GGACTCGAAGCTTTCA-1_V13B23-285_C1,10
GGACTCTTCCGGTTGA-1_V13B23-285_C1,10
GGAGAAGTCATTGGCA-1_V13B23-285_C1,8
GGAGACCAATGTGCTT-1_V13B23-285_C1,13
GGAGACCATCTACATA-1_V13B23-285_C1,5
GGAGACGACACCTTTG-1_V13B23-285_C1,10
GGAGCAACATTTCAAG-1_V13B23-285_C1,10
GGAGCACCAAGAACTA-1_V13B23-285_C1,1
GGAGGATTGAAAGGAG-1_V13B23-285_C1,9
GGAGGCCGAAGTCGTC-1_V13B23-285_C1,10
GGAGGGCTTGGTTGGC-1_V13B23-285_C1,13
GGAGGGTCAAGTAAGA-1_V13B23-285_C1,10
GGAGTGCCGCCCTGGA-1_V13B23-285_C1,12
GGATCATCCCGTACGC-1_V13B23-285_C1,13
GGATCCGGAATATACT-1_V13B23-285_C1,1
GGATCTTGACTCAACC-1_V13B23-285_C1,5
GGATGAAGATCGCTGA-1_V13B23-285_C1,10
GGATGACGCGAGTTTA-1_V13B23-285_C1,5
GGATGCTGGCGTTCCT-1_V13B23-285_C1,5
GGATGTCCTTACCGCA-1_V13B23-285_C1,10
GGATTCAGTACGGTGG-1_V13B23-285_C1,8
GGATTCCGCTATACCC-1_V13B23-285_C1,14
GGATTGCTGTGACTCC-1_V13B23-285_C1,10
GGATTTCACTTCTATA-1_V13B23-285_C1,13
GGCAAAGGCGCCAATA-1_V13B23-285_C1,5
GGCAAATTACTTTACT-1_V13B23-285_C1,5
GGCAAGCCAGGGATAG-1_V13B23-285_C1,2
GGCAAGGCGAAATAGC-1_V13B23-285_C1,10
GGCAATAGTCAATGAG-1_V13B23-285_C1,1
GGCACTCAGCCGACCC-1_V13B23-285_C1,10
GGCACTCCACTGGGCA-1_V13B23-285_C1,5
GGCAGCAAACCTATGC-1_V13B23-285_C1,10
GGCAGCGGTAATCCTA-1_V13B23-285_C1,11
GGCATACAGGTAGCGG-1_V13B23-285_C1,5
GGCATATCGGTTCTGC-1_V13B23-285_C1,8
GGCCCAGTTATCAGCA-1_V13B23-285_C1,2
GGCCCGGAGCATGTCT-1_V13B23-285_C1,7
GGCCCGTATACCATGC-1_V13B23-285_C1,13
GGCCCTCACCCACTTA-1_V13B23-285_C1,7
GGCCGAGACTCTGGTG-1_V13B23-285_C1,5
GGCCGTTTGGGTTTCA-1_V13B23-285_C1,5
GGCCTGCTTCTCCCGA-1_V13B23-285_C1,10
GGCCTTTGCAACTGGC-1_V13B23-285_C1,13
GGCGAAATCTAACTTG-1_V13B23-285_C1,10
GGCGCAGGACATCTTC-1_V13B23-285_C1,5
GGCGCATGAATTGATG-1_V13B23-285_C1,5
GGCGCGGAGATCTTTC-1_V13B23-285_C1,10
GGCGCGTTCGAGTTTA-1_V13B23-285_C1,10
GGCGCTCCTCATCAAT-1_V13B23-285_C1,8
GGCGGAGTAATATTAG-1_V13B23-285_C1,5
GGCGGGCTCTAAGAGT-1_V13B23-285_C1,10
GGCGGTAGGATCATTG-1_V13B23-285_C1,8
GGCGGTTTGCCGGTGC-1_V13B23-285_C1,8
GGCGTCCTATCCGCTG-1_V13B23-285_C1,5
GGCTAAAGGGCGGGTC-1_V13B23-285_C1,13
GGCTAATGATTGAAAT-1_V13B23-285_C1,2
GGCTATTAAGTTGTAT-1_V13B23-285_C1,5
GGCTCCTCCACCTGTT-1_V13B23-285_C1,5
GGCTCGCGTTGAGGTA-1_V13B23-285_C1,13
GGCTCGTGCCACCAGC-1_V13B23-285_C1,8
GGCTCTGCTCCAACGC-1_V13B23-285_C1,7
GGCTGAAATAGCAAAG-1_V13B23-285_C1,10
GGCTGAGCATCGTAAG-1_V13B23-285_C1,2
GGCTGGCAGCTTTATG-1_V13B23-285_C1,11
GGCTTTCAATAAGGGT-1_V13B23-285_C1,10
GGGAACGGGAGGTTAG-1_V13B23-285_C1,5
GGGAAGGGCTTTCTCA-1_V13B23-285_C1,10
GGGAATGAGCCCTCAC-1_V13B23-285_C1,13
GGGACAGAGTTACTCC-1_V13B23-285_C1,3
GGGACCCGTATATCTT-1_V13B23-285_C1,5
GGGACTGCATAGATAG-1_V13B23-285_C1,8
GGGAGAACTCACAGTA-1_V13B23-285_C1,8
GGGAGGATGCCCGAAA-1_V13B23-285_C1,5
GGGAGTTAATGAGGCG-1_V13B23-285_C1,8
GGGATACGGTAATAAT-1_V13B23-285_C1,7
GGGATCCCAATACAAA-1_V13B23-285_C1,2
GGGATGGTCGTAACCG-1_V13B23-285_C1,7
GGGATTTACCGCACCT-1_V13B23-285_C1,10
GGGCAACCGCACGTGC-1_V13B23-285_C1,4
GGGCAGAGCAATCGTT-1_V13B23-285_C1,4
GGGCCCGTCTTAAACA-1_V13B23-285_C1,5
GGGCCCTACGAAAGGG-1_V13B23-285_C1,13
GGGCCGGCCGAAGTAC-1_V13B23-285_C1,10
GGGCCTAAATGGGCTA-1_V13B23-285_C1,13
GGGCCTATTTAAGTAT-1_V13B23-285_C1,2
GGGCGAATTTCTCCAC-1_V13B23-285_C1,3
GGGCGATATGTGTGAA-1_V13B23-285_C1,1
GGGCGCAGCGTTACTC-1_V13B23-285_C1,7
GGGCGGCAAATGAATT-1_V13B23-285_C1,5
GGGCGGGTTCCCTACG-1_V13B23-285_C1,7
GGGCGGTCCTATTGTC-1_V13B23-285_C1,8
GGGCGTACATTTATAT-1_V13B23-285_C1,8
GGGCGTCACCACGTAA-1_V13B23-285_C1,5
GGGCGTCCACTGGCTC-1_V13B23-285_C1,4
GGGCGTGGTTTCCCAG-1_V13B23-285_C1,10
GGGCTATGATCGATGG-1_V13B23-285_C1,5
GGGCTCATCGAACCCA-1_V13B23-285_C1,13
GGGCTGCCTAGGGCGA-1_V13B23-285_C1,8
GGGCTGGTTAGTCGCG-1_V13B23-285_C1,8
GGGTACCCACGGTCCT-1_V13B23-285_C1,8
GGGTACTTCATGAACT-1_V13B23-285_C1,5
GGGTATGTATGCACTT-1_V13B23-285_C1,5
GGGTATTCTAGCAAAC-1_V13B23-285_C1,5
GGGTCACCGTGACGGT-1_V13B23-285_C1,5
GGGTCATGCGTACCAT-1_V13B23-285_C1,8
GGGTCGTGGCAAGTGT-1_V13B23-285_C1,13
GGGTGACACCTTAACT-1_V13B23-285_C1,5
GGGTGCATATGAAAGC-1_V13B23-285_C1,13
GGGTGGTCCAGCCTGT-1_V13B23-285_C1,9
GGGTGTTTCAGCTATG-1_V13B23-285_C1,12
GGGTTAACATTTGAGT-1_V13B23-285_C1,5
GGGTTCAGACGAACAA-1_V13B23-285_C1,8
GGGTTTAGGATAGGAT-1_V13B23-285_C1,10
GGTAAATGTGCGTTAC-1_V13B23-285_C1,12
GGTAACCGGGAGGATA-1_V13B23-285_C1,1
GGTAACTATGTATCTG-1_V13B23-285_C1,9
GGTACAAACATGCTAT-1_V13B23-285_C1,5
GGTACACCAGATTTAT-1_V13B23-285_C1,13
GGTACATCTGGGACGA-1_V13B23-285_C1,8
GGTACCATTAAGACGG-1_V13B23-285_C1,13
GGTACTAAGTGCTTTG-1_V13B23-285_C1,10
GGTAGAAGACCGCCTG-1_V13B23-285_C1,10
GGTAGACCGTTGGGCG-1_V13B23-285_C1,5
GGTAGTGCTCGCACCA-1_V13B23-285_C1,8
GGTATTGCCGAGTTTA-1_V13B23-285_C1,5
GGTCAAGACTACTTCG-1_V13B23-285_C1,10
GGTCAGTGGGTCCCAC-1_V13B23-285_C1,10
GGTCATTGTAGTCATA-1_V13B23-285_C1,2
GGTCCTTCATACGACT-1_V13B23-285_C1,8
GGTCGGATAAACGGCG-1_V13B23-285_C1,14
GGTCGGCCAGGAGCTT-1_V13B23-285_C1,2
GGTCGGTCGTCCACAG-1_V13B23-285_C1,5
GGTCGTAAGCTCGCAC-1_V13B23-285_C1,1
GGTCTCCAAGTAGTGC-1_V13B23-285_C1,10
GGTCTCCGTCCAGGTT-1_V13B23-285_C1,10
GGTCTCTGAATGGACT-1_V13B23-285_C1,5
GGTCTGAGAATCTGGA-1_V13B23-285_C1,13
GGTGAAGTACAGGGAT-1_V13B23-285_C1,1
GGTGAGATGCAGATAA-1_V13B23-285_C1,11
GGTGATAAGGAGCAGT-1_V13B23-285_C1,10
GGTGCAGAGCCTATCG-1_V13B23-285_C1,13
GGTGCGGATAAGTGGC-1_V13B23-285_C1,6
GGTGCTGATCACAAAG-1_V13B23-285_C1,5
GGTGCTGGTACACATT-1_V13B23-285_C1,5
GGTGGACCACGTGTTA-1_V13B23-285_C1,2
GGTGGACTGCTCTGGC-1_V13B23-285_C1,10
GGTGGAGGTTGATACG-1_V13B23-285_C1,10
GGTGTTGGGCGTCTTA-1_V13B23-285_C1,10
GGTTACCACCCTCGGG-1_V13B23-285_C1,7
GGTTACCCGACACTTT-1_V13B23-285_C1,13
GGTTAGCTATATGTCT-1_V13B23-285_C1,10
GGTTAGGCTTGGAGAA-1_V13B23-285_C1,5
GGTTAGTTACGGCGCC-1_V13B23-285_C1,5
GGTTCGGATTATACTA-1_V13B23-285_C1,11
GGTTCTACTCGTCTGA-1_V13B23-285_C1,10
GGTTGTGCTCTTGTCC-1_V13B23-285_C1,5
GGTTGTGTAGCCTGGC-1_V13B23-285_C1,5
GGTTTAATTGAGCAGG-1_V13B23-285_C1,13
GGTTTACAATCTCAAT-1_V13B23-285_C1,1
GGTTTAGCCTTTCTTG-1_V13B23-285_C1,10
GGTTTCAATCGGTCAG-1_V13B23-285_C1,1
GGTTTGACAAGAAGCT-1_V13B23-285_C1,2
GGTTTGAGTGCTGGAA-1_V13B23-285_C1,9
GGTTTGTGACCTGAGG-1_V13B23-285_C1,10
GTAACATCTAAGATAA-1_V13B23-285_C1,10
GTAAGCGGGCAGTCAG-1_V13B23-285_C1,11
GTAAGGATTTGTCGGA-1_V13B23-285_C1,9
GTAAGTAACAGTCTGG-1_V13B23-285_C1,10
GTAAGTAGGGTATACC-1_V13B23-285_C1,5
GTAAGTCCACACTCTA-1_V13B23-285_C1,10
GTAATAAAGGGCTCCC-1_V13B23-285_C1,13
GTAATCTGATTCTTCG-1_V13B23-285_C1,5
GTACACTTACCTGAAG-1_V13B23-285_C1,8
GTACAGAGGCAAGGGT-1_V13B23-285_C1,10
GTACGACGGCGCTGCG-1_V13B23-285_C1,11
GTACGAGATTGCGACA-1_V13B23-285_C1,8
GTACGCTTCATTGCAC-1_V13B23-285_C1,10
GTACGTCACGTATTAA-1_V13B23-285_C1,2
GTACGTTTGCCCGTCA-1_V13B23-285_C1,10
GTACTAAGATTTGGAG-1_V13B23-285_C1,8
GTACTCCCTTATCGCT-1_V13B23-285_C1,5
GTACTCCTGGGTATGC-1_V13B23-285_C1,3
GTACTGAGGTCGTAAC-1_V13B23-285_C1,9
GTACTGGAGTTAGACC-1_V13B23-285_C1,1
GTACTTGGGCACTTCT-1_V13B23-285_C1,8
GTAGAAACGGGTGGAG-1_V13B23-285_C1,8
GTAGACACGCCTGACT-1_V13B23-285_C1,10
GTAGACGTCGTTACAT-1_V13B23-285_C1,9
GTAGAGGGAGACAAGT-1_V13B23-285_C1,1
GTAGCCAAACATGGGA-1_V13B23-285_C1,10
GTAGCGGCTATACACT-1_V13B23-285_C1,10
GTAGCTTCCTCTTGTT-1_V13B23-285_C1,13
GTAGGTGATCCGTGTA-1_V13B23-285_C1,12
GTAGTCGCGGGAATCA-1_V13B23-285_C1,10
GTAGTCTACGATATTG-1_V13B23-285_C1,10
GTATAATCTCCCGGAT-1_V13B23-285_C1,8
GTATAGGACTCAGTAG-1_V13B23-285_C1,8
GTATCAAACGTTAGCT-1_V13B23-285_C1,10
GTATCAGCTTGGGTTC-1_V13B23-285_C1,8
GTATCTCAGTCTTGAC-1_V13B23-285_C1,3
GTATCTTTCATAACCA-1_V13B23-285_C1,10
GTATGAAATTTCACTC-1_V13B23-285_C1,1
GTATGTGGGTCTAGTT-1_V13B23-285_C1,10
GTATTAAGGCGTCTAA-1_V13B23-285_C1,8
GTATTCTGAGAAACGA-1_V13B23-285_C1,5
GTATTTAATGGCATAA-1_V13B23-285_C1,10
GTCAAAGAAGTGGTGT-1_V13B23-285_C1,5
GTCAAAGTTTACATAG-1_V13B23-285_C1,2
GTCAAGCGGACTCGGG-1_V13B23-285_C1,10
GTCAATGCTATAATTT-1_V13B23-285_C1,13
GTCACAAAGTTTCCAA-1_V13B23-285_C1,9
GTCACTCTCCAAATCT-1_V13B23-285_C1,8
GTCAGAATAGTCTATG-1_V13B23-285_C1,5
GTCAGACAGCGTTGGA-1_V13B23-285_C1,14
GTCAGTTGTGCTCGTT-1_V13B23-285_C1,9
GTCAGTTTGGTAGTCG-1_V13B23-285_C1,5
GTCATCTCCTACAGCT-1_V13B23-285_C1,8
GTCATGCACCTCCGTT-1_V13B23-285_C1,4
GTCATGGACATGACTA-1_V13B23-285_C1,1
GTCATTAGAGCGAACG-1_V13B23-285_C1,8
GTCATTGCATTGACCC-1_V13B23-285_C1,5
GTCCATTACTGCTACG-1_V13B23-285_C1,10
GTCCCAACGTAAAGTA-1_V13B23-285_C1,8
GTCCCGCGACGTTATG-1_V13B23-285_C1,10
GTCCGAGAGCAATCAT-1_V13B23-285_C1,3
GTCCGGACCTGAAATT-1_V13B23-285_C1,10
GTCCGGCTGAATTGCG-1_V13B23-285_C1,8
GTCCTACAGGCGGCTC-1_V13B23-285_C1,8
GTCCTACGAATAGTCT-1_V13B23-285_C1,10
GTCCTATTGTTGTGGT-1_V13B23-285_C1,1
GTCCTTCTACAACCCA-1_V13B23-285_C1,7
GTCCTTCTAGTGGGTT-1_V13B23-285_C1,14
GTCCTTTAATGACTTC-1_V13B23-285_C1,2
GTCGATAGGTGACTTT-1_V13B23-285_C1,10
GTCGCCGTTGTGTGTT-1_V13B23-285_C1,1
GTCGCGTAACCCGTTG-1_V13B23-285_C1,10
GTCGGAAGGATACCAG-1_V13B23-285_C1,2
GTCGGATATCTCAGAC-1_V13B23-285_C1,5
GTCGGATGTAGCGCGC-1_V13B23-285_C1,12
GTCGGGAAGCAGAAAC-1_V13B23-285_C1,10
GTCGTACCATCTCGGG-1_V13B23-285_C1,10
GTCGTATTGGCGTACA-1_V13B23-285_C1,13
GTCGTCTGGTTGGCTA-1_V13B23-285_C1,13
GTCGTTATTCGCTTAT-1_V13B23-285_C1,10
GTCTACTCAATTACAA-1_V13B23-285_C1,13
GTCTATCTGAGTTTCT-1_V13B23-285_C1,5
GTCTATTGGTTCCGGT-1_V13B23-285_C1,10
GTCTCAAGGCCCGGCT-1_V13B23-285_C1,10
GTCTCCTGCCAGTATG-1_V13B23-285_C1,7
GTCTCGACTAAGTTTG-1_V13B23-285_C1,13
GTCTCGATCTGCTTTC-1_V13B23-285_C1,14
GTCTGGGCGGTCGAGA-1_V13B23-285_C1,7
GTCTTAGTACAGCCGG-1_V13B23-285_C1,12
GTCTTGAGGAGCAGTG-1_V13B23-285_C1,10
GTCTTGTAGCTATTCA-1_V13B23-285_C1,10
GTGAAACGGCGCCACC-1_V13B23-285_C1,1
GTGAACTCCCATTCGA-1_V13B23-285_C1,13
GTGAAGATTTCAAGTG-1_V13B23-285_C1,13
GTGAAGCCGTATAGTC-1_V13B23-285_C1,13
GTGACCGCACACTACG-1_V13B23-285_C1,10
GTGACCTAAAGAATAA-1_V13B23-285_C1,13
GTGACTTCAGTAGTGC-1_V13B23-285_C1,5
GTGAGCGTGCTGCACT-1_V13B23-285_C1,5
GTGAGGACACTTAAGG-1_V13B23-285_C1,10
GTGAGGAGCGGTTGAG-1_V13B23-285_C1,13
GTGAGTCTAAGACGGA-1_V13B23-285_C1,5
GTGAGTGGTACAACGC-1_V13B23-285_C1,11
GTGATCACTAACGCCT-1_V13B23-285_C1,10
GTGATCATAGATCTGC-1_V13B23-285_C1,3
GTGATCCTTGTCATGA-1_V13B23-285_C1,10
GTGATGCACAACATCT-1_V13B23-285_C1,13
GTGATTCGCCGCTCAA-1_V13B23-285_C1,5
GTGCAACAAATGTGGC-1_V13B23-285_C1,12
GTGCACGAAAGTGACT-1_V13B23-285_C1,12
GTGCAGCGTAGAGTAG-1_V13B23-285_C1,6
GTGCCATCACACGGTG-1_V13B23-285_C1,7
GTGCCCGTTCGGATTC-1_V13B23-285_C1,10
GTGCCGCTTCAAAGGT-1_V13B23-285_C1,5
GTGCCTAGCTATGCTT-1_V13B23-285_C1,8
GTGCCTCAGTGTACGG-1_V13B23-285_C1,14
GTGCGAAATCGAACAC-1_V13B23-285_C1,7
GTGCGACAGGGAGTGT-1_V13B23-285_C1,10
GTGCGGGTCTCCAAAT-1_V13B23-285_C1,8
GTGCGTGTATATGAGC-1_V13B23-285_C1,10
GTGCTCAAGTACTGTC-1_V13B23-285_C1,5
GTGCTGCAGATAAGGA-1_V13B23-285_C1,13
GTGCTTACATCAGCGC-1_V13B23-285_C1,10
GTGGAACCTACATGCG-1_V13B23-285_C1,12
GTGGACCAACCCGATT-1_V13B23-285_C1,5
GTGGACGCATTTGTCC-1_V13B23-285_C1,10
GTGGACGTGCTGAGAC-1_V13B23-285_C1,4
GTGGAGCATGTCGGCC-1_V13B23-285_C1,5
GTGGAGCGTTTACCGA-1_V13B23-285_C1,4
GTGGAGTCGGCGGTTG-1_V13B23-285_C1,5
GTGGCAAACAGCGGCA-1_V13B23-285_C1,5
GTGGCGGTCCCAGCGT-1_V13B23-285_C1,5
GTGGGAAGACTGAATC-1_V13B23-285_C1,13
GTGGGCTTAGACACAC-1_V13B23-285_C1,5
GTGGTATAGTCTGCCG-1_V13B23-285_C1,7
GTGGTGATGGTTTGTG-1_V13B23-285_C1,10
GTGGTGGCCAAGTGAA-1_V13B23-285_C1,10
GTGGTTACTTCTTTCG-1_V13B23-285_C1,13
GTGGTTTCCGCCTTTC-1_V13B23-285_C1,3
GTGTACCTTGGCTACG-1_V13B23-285_C1,6
GTGTACGAACCGTTCC-1_V13B23-285_C1,10
GTGTATATCAGCGGGC-1_V13B23-285_C1,10
GTGTCGTATAGCGTTC-1_V13B23-285_C1,10
GTGTGAATAACTTAGG-1_V13B23-285_C1,1
GTGTTACTATGCGTCC-1_V13B23-285_C1,10
GTTAAAGTAGGACTGG-1_V13B23-285_C1,10
GTTAACATCACTTAAA-1_V13B23-285_C1,10
GTTAACTATGTTGTCA-1_V13B23-285_C1,10
GTTAAGGGTGCGATGT-1_V13B23-285_C1,10
GTTAAGTTAGAGTGGG-1_V13B23-285_C1,10
GTTAATGTCTATCTTA-1_V13B23-285_C1,5
GTTACAATTGGTGACG-1_V13B23-285_C1,5
GTTACCTACAACTTGC-1_V13B23-285_C1,10
GTTACTTTGGGCCTAG-1_V13B23-285_C1,5
GTTAGAGTGTGCCGCT-1_V13B23-285_C1,2
GTTAGCCGTAAATCAA-1_V13B23-285_C1,13
GTTAGGCTACCCGTTT-1_V13B23-285_C1,3
GTTATAATACGGTGAA-1_V13B23-285_C1,10
GTTATATCAGGAGCCA-1_V13B23-285_C1,13
GTTATATTATCTCCCT-1_V13B23-285_C1,1
GTTATTAACGTGGGAG-1_V13B23-285_C1,8
GTTCACAGGAGTCTAG-1_V13B23-285_C1,5
GTTCATCGTTTGGCTG-1_V13B23-285_C1,13
GTTCCAGTCTGACCAT-1_V13B23-285_C1,12
GTTCCCGTAAACATAT-1_V13B23-285_C1,10
GTTCGCCATAAGTGCC-1_V13B23-285_C1,5
GTTCGCTGAGACGTCT-1_V13B23-285_C1,10
GTTCGGATCGGGAACA-1_V13B23-285_C1,10
GTTCGGGCGTACCATT-1_V13B23-285_C1,13
GTTCGTCTAAAGAACT-1_V13B23-285_C1,10
GTTCGTCTGGGTCCCT-1_V13B23-285_C1,13
GTTCTTCCCTCGATGT-1_V13B23-285_C1,2
GTTGAACCGGTTCCAT-1_V13B23-285_C1,5
GTTGAGTCCCGCCGGT-1_V13B23-285_C1,10
GTTGCACGGAGTTTCG-1_V13B23-285_C1,8
GTTGCAGTCGACAACA-1_V13B23-285_C1,10
GTTGCGCTAACATTAC-1_V13B23-285_C1,10
GTTGCGGACGGTCAGG-1_V13B23-285_C1,10
GTTGGACCGCATCAGG-1_V13B23-285_C1,13
GTTGGATTCAGTGGCT-1_V13B23-285_C1,13
GTTGGATTGAGAACAC-1_V13B23-285_C1,1
GTTGGATTTGCGTTGG-1_V13B23-285_C1,5
GTTGGTCATGCTATCC-1_V13B23-285_C1,10
GTTGTCGTGTTAGTTG-1_V13B23-285_C1,12
GTTGTTGCAAGATGGC-1_V13B23-285_C1,10
GTTTACGTTCCATCTG-1_V13B23-285_C1,10
GTTTATGGGATTTAGA-1_V13B23-285_C1,7
GTTTCAAACGAGTTGT-1_V13B23-285_C1,10
GTTTCCTGGAGGGTGA-1_V13B23-285_C1,8
GTTTCTGCAGTCTCCC-1_V13B23-285_C1,10
GTTTGACCAAATCCTA-1_V13B23-285_C1,7
GTTTGGCCCAAGTTAT-1_V13B23-285_C1,10
GTTTGGCCGCTCAGCG-1_V13B23-285_C1,9
GTTTGGGCTTGTGAGC-1_V13B23-285_C1,10
GTTTGGTAGGGTCAAC-1_V13B23-285_C1,11
TAAACCCAGGAGGGCA-1_V13B23-285_C1,5
TAAACGTCGTCAATGA-1_V13B23-285_C1,8
TAAAGACAACCCTTTA-1_V13B23-285_C1,10
TAAAGCGGTATTTCCA-1_V13B23-285_C1,5
TAAAGCGTTAGGAGAA-1_V13B23-285_C1,13
TAAAGCTGCAATAGGG-1_V13B23-285_C1,14
TAAATCTTTACACCTC-1_V13B23-285_C1,13
TAAATGAATCCGTTTC-1_V13B23-285_C1,8
TAAATGCCGTCTCATG-1_V13B23-285_C1,14
TAAATGGGCTACTGAG-1_V13B23-285_C1,10
TAACAAAGGGAGAAGC-1_V13B23-285_C1,8
TAACAATATTTGTTGC-1_V13B23-285_C1,8
TAACATACAATGTGGG-1_V13B23-285_C1,10
TAACATACACGCGATC-1_V13B23-285_C1,3
TAACCTACCGTCCGAG-1_V13B23-285_C1,13
TAACCTAGGGAGTCCA-1_V13B23-285_C1,10
TAACGCTTTGAGAGCG-1_V13B23-285_C1,5
TAACTATCGAAGGTCC-1_V13B23-285_C1,8
TAACTATTACGCCAAA-1_V13B23-285_C1,13
TAACTCATCCGCGCGG-1_V13B23-285_C1,5
TAACTCCATGGAGGCT-1_V13B23-285_C1,8
TAAGCAGGCGACACGC-1_V13B23-285_C1,5
TAAGCCCTTACGACCA-1_V13B23-285_C1,14
TAAGGAACTTGTGGGA-1_V13B23-285_C1,5
TAAGGCAACATAAGAT-1_V13B23-285_C1,8
TAAGGCATAACATCAA-1_V13B23-285_C1,5
TAAGGCCCGTCACCCT-1_V13B23-285_C1,10
TAAGGCTGAATCCCTC-1_V13B23-285_C1,10
TAAGGGCCTGTCCGAT-1_V13B23-285_C1,10
TAAGGGCTGGGAGAGG-1_V13B23-285_C1,5
TAAGTAACATCTTGAC-1_V13B23-285_C1,7
TAAGTCGCCGAGTATC-1_V13B23-285_C1,5
TAAGTTGCGACGTAGG-1_V13B23-285_C1,10
TAATAAACAAGGAGAT-1_V13B23-285_C1,13
TAATACACAGTAGTAT-1_V13B23-285_C1,12
TAATAGAACAGAGTTA-1_V13B23-285_C1,5
TAATAGCTAAATGATG-1_V13B23-285_C1,13
TAATAGGTCACCAGAA-1_V13B23-285_C1,5
TAATAGTGACGACCAG-1_V13B23-285_C1,13
TAATATTGAAATTCGC-1_V13B23-285_C1,6
TAATCAACCAAATGGG-1_V13B23-285_C1,10
TAATCGATCCGTACGT-1_V13B23-285_C1,13
TAATGAAAGACCCTTG-1_V13B23-285_C1,8
TAATTACGTCAGTAGA-1_V13B23-285_C1,10
TAATTAGGACATCCGT-1_V13B23-285_C1,10
TAATTGGAATCGGGAA-1_V13B23-285_C1,11
TACAACGCACAACTCA-1_V13B23-285_C1,5
TACAAGTCTCGTGCAT-1_V13B23-285_C1,5
TACACCGTCGTTAGTC-1_V13B23-285_C1,13
TACAGAAACGGTGGGC-1_V13B23-285_C1,10
TACATAGGCATACACC-1_V13B23-285_C1,5
TACATCCCTATCCCTG-1_V13B23-285_C1,13
TACATGACCTTATCCG-1_V13B23-285_C1,8
TACATGCCGGAATTGT-1_V13B23-285_C1,10
TACATTTCTAACGTGC-1_V13B23-285_C1,5
TACCAAATAGCCCAGA-1_V13B23-285_C1,10
TACCAATAAAGTACCA-1_V13B23-285_C1,10
TACCAGAAGTAGGTTC-1_V13B23-285_C1,5
TACCAGCTAGGTTTAA-1_V13B23-285_C1,9
TACCATGTATTGATTT-1_V13B23-285_C1,10
TACCGCGGACTTGCAG-1_V13B23-285_C1,7
TACCGGCTCACTGCCC-1_V13B23-285_C1,10
TACCGGTCGTTTCCAT-1_V13B23-285_C1,7
TACCGTAGGTTAACTA-1_V13B23-285_C1,4
TACCGTGCCTCGGACC-1_V13B23-285_C1,10
TACCTACTCCCAGTAT-1_V13B23-285_C1,10
TACCTCACGCTTGTAC-1_V13B23-285_C1,12
TACCTCAGTTGTCTGT-1_V13B23-285_C1,5
TACCTGCTGCACTGTG-1_V13B23-285_C1,5
TACCTTAAGATTTCCC-1_V13B23-285_C1,3
TACGAACACGACTTCA-1_V13B23-285_C1,8
TACGACGCTTGCTGCG-1_V13B23-285_C1,5
TACGACTGCCTCTTAG-1_V13B23-285_C1,10
TACGAGAACTTCACGT-1_V13B23-285_C1,5
TACGATGTTGATCATC-1_V13B23-285_C1,5
TACGCAGTTCTTTCCT-1_V13B23-285_C1,5
TACGCCATATTCTAAT-1_V13B23-285_C1,5
TACGCCGAGGGTACCC-1_V13B23-285_C1,5
TACGCCGCCTCAGAAG-1_V13B23-285_C1,10
TACGCCTCCATTCCGA-1_V13B23-285_C1,5
TACGCTATAGAAACCT-1_V13B23-285_C1,13
TACGCTCGGTATTGGA-1_V13B23-285_C1,10
TACGGGATGCTAGCAG-1_V13B23-285_C1,10
TACGTACTAGTGCTGA-1_V13B23-285_C1,5
TACGTGCAAGGTTCCT-1_V13B23-285_C1,5
TACGTGCACTATGCTG-1_V13B23-285_C1,8
TACGTTTACCGGCAAT-1_V13B23-285_C1,5
TACTATGGTTCCTCAG-1_V13B23-285_C1,7
TACTCGGCACGCCGGG-1_V13B23-285_C1,13
TACTCTCCGAACAAAT-1_V13B23-285_C1,11
TACTCTTACTTTACTG-1_V13B23-285_C1,10
TACTCTTTCGTCTTCA-1_V13B23-285_C1,7
TACTGAACAGATTTAG-1_V13B23-285_C1,7
TACTGCAATCAATTAC-1_V13B23-285_C1,13
TACTGGACAGCTCGGC-1_V13B23-285_C1,5
TACTGTTTCTCTGGTA-1_V13B23-285_C1,10
TACTTGTTAGTAGTCC-1_V13B23-285_C1,10
TACTTTACTGAGCCGG-1_V13B23-285_C1,13
TACTTTCCGCACGCCA-1_V13B23-285_C1,7
TAGAAAGGTGGCGCTA-1_V13B23-285_C1,13
TAGAAATTCACGTATA-1_V13B23-285_C1,13
TAGAATAGCCGATGAA-1_V13B23-285_C1,10
TAGAATTAAGGGCAAC-1_V13B23-285_C1,9
TAGACGAAACGCCAAT-1_V13B23-285_C1,10
TAGACGCCCGTACCGG-1_V13B23-285_C1,1
TAGACTACCTAGCGTT-1_V13B23-285_C1,10
TAGAGATCATGCAACT-1_V13B23-285_C1,7
TAGAGCTACGAAGAAC-1_V13B23-285_C1,11
TAGAGGTTCTACTTGT-1_V13B23-285_C1,10
TAGAGTCTAAGCGAAC-1_V13B23-285_C1,8
TAGATATGGACTGGAA-1_V13B23-285_C1,5
TAGATCCGAAGTCGCA-1_V13B23-285_C1,9
TAGATGGTTCCTTACT-1_V13B23-285_C1,10
TAGATTCCTGGTTATT-1_V13B23-285_C1,5
TAGCAACCTGTCACAA-1_V13B23-285_C1,8
TAGCCATTTCAAAGTC-1_V13B23-285_C1,10
TAGCCGGCGGTCAGCG-1_V13B23-285_C1,1
TAGCGTCCCTCGATTG-1_V13B23-285_C1,10
TAGCGTCCGGTGTGGT-1_V13B23-285_C1,10
TAGCGTTGGGTCTTAC-1_V13B23-285_C1,6
TAGCTAAGTCCGGGAG-1_V13B23-285_C1,13
TAGCTAGAAGGCATGA-1_V13B23-285_C1,5
TAGCTAGTGATGATGG-1_V13B23-285_C1,1
TAGCTCGCCTGATAAC-1_V13B23-285_C1,5
TAGCTGATGTGAAGCG-1_V13B23-285_C1,7
TAGGCATGTTACGCCA-1_V13B23-285_C1,3
TAGGGAGCTTGGGATG-1_V13B23-285_C1,10
TAGGGTGTTTCAAGAG-1_V13B23-285_C1,8
TAGGTCCAAGTAAGGA-1_V13B23-285_C1,5
TAGGTCGCCGGAACTG-1_V13B23-285_C1,13
TAGGTGACGATAACCT-1_V13B23-285_C1,10
TAGGTGAGCCCTACTC-1_V13B23-285_C1,5
TAGGTGCTCGCCTAGC-1_V13B23-285_C1,10
TAGGTGTTCCACAGAT-1_V13B23-285_C1,7
TAGGTTCGAGTTCGTC-1_V13B23-285_C1,4
TAGTACCTTAGTGGTC-1_V13B23-285_C1,8
TAGTAGCTTATACCAG-1_V13B23-285_C1,5
TAGTCCGCAGAGAATG-1_V13B23-285_C1,5
TAGTCCGTATGCATAA-1_V13B23-285_C1,8
TAGTCGATCACGGGTT-1_V13B23-285_C1,10
TAGTCGGGATTCTTCG-1_V13B23-285_C1,13
TAGTCTAACAACGAGA-1_V13B23-285_C1,5
TAGTCTGTGACGTTGC-1_V13B23-285_C1,13
TAGTCTTTCCGAATTG-1_V13B23-285_C1,10
TAGTGCCCTCCAGAGT-1_V13B23-285_C1,5
TAGTGCTTGAATCCTT-1_V13B23-285_C1,7
TAGTGTCAGAAACGGC-1_V13B23-285_C1,8
TAGTTAAGATAGGATA-1_V13B23-285_C1,12
TAGTTTATTCTTGCTT-1_V13B23-285_C1,12
TATAAATCCACAAGCT-1_V13B23-285_C1,8
TATAAGTGAGGATAGC-1_V13B23-285_C1,8
TATACACAGACGCCTT-1_V13B23-285_C1,11
TATACACGCAAAGTAT-1_V13B23-285_C1,4
TATACCGAGTGCCACA-1_V13B23-285_C1,10
TATACGCGTCATCACT-1_V13B23-285_C1,10
TATACTCATGCGGCAA-1_V13B23-285_C1,8
TATAGATGGTCGCAGT-1_V13B23-285_C1,10
TATAGGGTACTCATGA-1_V13B23-285_C1,13
TATATATCGAGAAATG-1_V13B23-285_C1,7
TATATCATTGATCAGT-1_V13B23-285_C1,5
TATATCCCTGGGAGGA-1_V13B23-285_C1,10
TATATGCTGGGTTGCC-1_V13B23-285_C1,7
TATATTACAAATGTCG-1_V13B23-285_C1,13
TATATTCGCGTCGATA-1_V13B23-285_C1,9
TATCAAAGGTCTGTAA-1_V13B23-285_C1,7
TATCACCATGTAAAGT-1_V13B23-285_C1,11
TATCACCCAACCGACC-1_V13B23-285_C1,13
TATCACTTCGAGTAAC-1_V13B23-285_C1,13
TATCCAATTGGTTATC-1_V13B23-285_C1,10
TATCCATATCATGCGA-1_V13B23-285_C1,12
TATCCATCTCGGTTAG-1_V13B23-285_C1,5
TATCCGCACCGTCGGG-1_V13B23-285_C1,5
TATCGATCTATGCATA-1_V13B23-285_C1,1
TATCGATGATTAAACG-1_V13B23-285_C1,8
TATCTACAGAGGTAAT-1_V13B23-285_C1,5
TATCTACCACAGCGGG-1_V13B23-285_C1,5
TATCTAGCCTAAAGGA-1_V13B23-285_C1,5
TATCTTGCAATACAAC-1_V13B23-285_C1,5
TATGAAGACAGGTGCG-1_V13B23-285_C1,5
TATGATCCGGCACGCC-1_V13B23-285_C1,13
TATGATCTTCTCTTTA-1_V13B23-285_C1,10
TATGCTCCCTACTTAC-1_V13B23-285_C1,1
TATGGATGTGCTACGC-1_V13B23-285_C1,8
TATGGCCCGGCCTCGC-1_V13B23-285_C1,5
TATGGCTAGGCTAATT-1_V13B23-285_C1,13
TATGGGACCGAGCAGG-1_V13B23-285_C1,10
TATGGGTACGTATCGT-1_V13B23-285_C1,8
TATGGTCTGAGTAACA-1_V13B23-285_C1,10
TATGGTTAGTGGGAGA-1_V13B23-285_C1,10
TATGTCAAGACCGACT-1_V13B23-285_C1,1
TATGTCTCATTGTGCC-1_V13B23-285_C1,13
TATTAACCTGACCGCG-1_V13B23-285_C1,7
TATTACCATCCTGCTT-1_V13B23-285_C1,10
TATTATGTTTGCCTGC-1_V13B23-285_C1,5
TATTCAATTCTAATCC-1_V13B23-285_C1,8
TATTCCACTCAGCTCG-1_V13B23-285_C1,1
TATTCCGAGCTGTTAT-1_V13B23-285_C1,10
TATTCCTCCGCCCACT-1_V13B23-285_C1,7
TATTCGTGCCAGAATA-1_V13B23-285_C1,4
TATTGACATTTCTGCC-1_V13B23-285_C1,10
TATTTAGTCTAGATCG-1_V13B23-285_C1,8
TATTTATACCGAGTAG-1_V13B23-285_C1,12
TATTTGATTTGCACAG-1_V13B23-285_C1,10
TATTTGTTACCCTTTA-1_V13B23-285_C1,8
TCAAACAACCGCGTCG-1_V13B23-285_C1,8
TCAAACTTAGATTGTT-1_V13B23-285_C1,4
TCAAATTTGAGACTCA-1_V13B23-285_C1,10
TCAACAAAGATAATTC-1_V13B23-285_C1,7
TCAACATAGCGCCCTA-1_V13B23-285_C1,3
TCAACATCGACCGAGA-1_V13B23-285_C1,13
TCAACCATGTTCGGGC-1_V13B23-285_C1,8
TCAACGAGGAGACAAA-1_V13B23-285_C1,5
TCAACGCAGGAAATAA-1_V13B23-285_C1,7
TCAACTAACGTATAAC-1_V13B23-285_C1,5
TCAACTGCAGAGTCAG-1_V13B23-285_C1,10
TCAAGAAATACTAGCT-1_V13B23-285_C1,1
TCAAGCGCGGACGGTA-1_V13B23-285_C1,10
TCAAGCTGCCTTGAAA-1_V13B23-285_C1,13
TCAAGGTTACTACACC-1_V13B23-285_C1,10
TCAATACGCCGTCATG-1_V13B23-285_C1,5
TCACAAACCGAGGTAC-1_V13B23-285_C1,10
TCACAGATCCTCAAAC-1_V13B23-285_C1,9
TCACAGCAAACTCGAA-1_V13B23-285_C1,5
TCACAGGAGAATAAGA-1_V13B23-285_C1,5
TCACAGGGAATCGCAA-1_V13B23-285_C1,10
TCACAGGTTATTGGGC-1_V13B23-285_C1,5
TCACATCTTATCTGAT-1_V13B23-285_C1,5
TCACCCTCTTAAGATT-1_V13B23-285_C1,10
TCACCGCTCGGCACTC-1_V13B23-285_C1,13
TCACGATGTCCGTGGA-1_V13B23-285_C1,7
TCACGCATTGTAGATC-1_V13B23-285_C1,5
TCACGGTCATCGCACA-1_V13B23-285_C1,8
TCACGTGCCCGATTCA-1_V13B23-285_C1,10
TCACTACGACCAATGC-1_V13B23-285_C1,13
TCACTCGTGCAACGGC-1_V13B23-285_C1,13
TCACTCTTCGTCTGTC-1_V13B23-285_C1,7
TCAGAACCTCCACAGG-1_V13B23-285_C1,13
TCAGACGCTATAGAAG-1_V13B23-285_C1,10
TCAGAGTGTGAGCATG-1_V13B23-285_C1,10
TCAGCAAATGCATCTC-1_V13B23-285_C1,13
TCAGCAGTAGGCCCTG-1_V13B23-285_C1,5
TCAGCCAATCCGTAAA-1_V13B23-285_C1,10
TCAGGGCGCAAACTCG-1_V13B23-285_C1,8
TCAGGGTGTAACGTAA-1_V13B23-285_C1,13
TCAGGTTCTTTGAGAA-1_V13B23-285_C1,5
TCAGTACTGACCCGCG-1_V13B23-285_C1,4
TCAGTAGGGACTATAA-1_V13B23-285_C1,5
TCAGTGTATACGTCAT-1_V13B23-285_C1,5
TCATAAGTCCAAGAAG-1_V13B23-285_C1,10
TCATACTTACAGATCC-1_V13B23-285_C1,8
TCATCACTCGAGCTCG-1_V13B23-285_C1,8
TCATCCCAGAGGGTGG-1_V13B23-285_C1,12
TCATCGATGGTCCCAA-1_V13B23-285_C1,1
TCATGCAGGTTCTCAT-1_V13B23-285_C1,14
TCATTTAAGTCTCCGA-1_V13B23-285_C1,10
TCATTTAGAAGTGTGA-1_V13B23-285_C1,10
TCCAACTTTAAATTCT-1_V13B23-285_C1,5
TCCAATAAAGGCTACC-1_V13B23-285_C1,5
TCCACAATGGTTTACG-1_V13B23-285_C1,7
TCCACCTCTAGCCTTT-1_V13B23-285_C1,5
TCCACTTTATCTAGGT-1_V13B23-285_C1,13
TCCAGAGCACCGGTTC-1_V13B23-285_C1,10
TCCAGATGTACGCCAA-1_V13B23-285_C1,13
TCCAGCGCTATAAGCG-1_V13B23-285_C1,10
TCCAGGCGAGTACGGT-1_V13B23-285_C1,8
TCCAGGGTATATACGA-1_V13B23-285_C1,10
TCCATTCCCACTAGAG-1_V13B23-285_C1,2
TCCATTGTGACCTCGT-1_V13B23-285_C1,9
TCCCAAACAGACAACG-1_V13B23-285_C1,13
TCCCAAAGACGAAGGA-1_V13B23-285_C1,1
TCCCAAAGCCCTAAAT-1_V13B23-285_C1,6
TCCCACTCTCTTCCGG-1_V13B23-285_C1,13
TCCCAGCACACGACAT-1_V13B23-285_C1,10
TCCCAGCTTTAGTCTG-1_V13B23-285_C1,4
TCCCAGGCTTAGCTAA-1_V13B23-285_C1,8
TCCCGCCTATGTGCGT-1_V13B23-285_C1,13
TCCCGCGTACTCCTGG-1_V13B23-285_C1,13
TCCCGGGTGTGCTGCT-1_V13B23-285_C1,5
TCCCGTCAGTCCCGCA-1_V13B23-285_C1,1
TCCCGTCGCGTCATAG-1_V13B23-285_C1,13
TCCCGTGTGCAATTTG-1_V13B23-285_C1,10
TCCCTAGATCAATAGG-1_V13B23-285_C1,13
TCCCTGGCGTATTAAC-1_V13B23-285_C1,5
TCCCTGGCTCGCTGGA-1_V13B23-285_C1,5
TCCCTTAGATTACTCG-1_V13B23-285_C1,13
TCCGAACGTTGCCGCT-1_V13B23-285_C1,10
TCCGAACTTGGCTTAC-1_V13B23-285_C1,5
TCCGAAGTAGTCACCA-1_V13B23-285_C1,11
TCCGAATGGTCCTGAG-1_V13B23-285_C1,13
TCCGATAATTGCCATA-1_V13B23-285_C1,12
TCCGATGACTGAGCTC-1_V13B23-285_C1,11
TCCGATGGTGCGACAT-1_V13B23-285_C1,8
TCCGATTACATTGCCG-1_V13B23-285_C1,5
TCCGCAGCCACCTAGC-1_V13B23-285_C1,14
TCCGCCTGTCTACAAG-1_V13B23-285_C1,10
TCCGCGGCAGCATCTG-1_V13B23-285_C1,10
TCCGCGGCCCAATGAA-1_V13B23-285_C1,10
TCCGCTGTCATCCCGG-1_V13B23-285_C1,10
TCCGCTTATCCCATTA-1_V13B23-285_C1,10
TCCGGAGGAAGGGCTG-1_V13B23-285_C1,11
TCCGGCCTAGCGTACA-1_V13B23-285_C1,13
TCCGGCTGTCGGGTCG-1_V13B23-285_C1,10
TCCGGTTCGTCCGGTC-1_V13B23-285_C1,5
TCCGTAACCACAATCC-1_V13B23-285_C1,8
TCCGTTAAGCTAATAT-1_V13B23-285_C1,10
TCCGTTTAGCCTTGAA-1_V13B23-285_C1,13
TCCTAAATTGGGAAGC-1_V13B23-285_C1,10
TCCTAACCGTCGGGCA-1_V13B23-285_C1,5
TCCTACATCCACGGCC-1_V13B23-285_C1,10
TCCTAGCAAAGAAGCT-1_V13B23-285_C1,7
TCCTATCATAGGTAAC-1_V13B23-285_C1,10
TCCTCCTAAGACATTC-1_V13B23-285_C1,7
TCCTCGGGCTGGGCTT-1_V13B23-285_C1,10
TCCTCTACGAGATGGC-1_V13B23-285_C1,5
TCCTCTCCAGTTGTCC-1_V13B23-285_C1,5
TCCTCTGGCCCATTAG-1_V13B23-285_C1,11
TCCTGCCAACTGGAGA-1_V13B23-285_C1,8
TCCTGCGTTGATACTC-1_V13B23-285_C1,5
TCCTGGCGCTGCCTGG-1_V13B23-285_C1,14
TCCTTACGACGGTCCG-1_V13B23-285_C1,10
TCCTTCAGTGGTCGAA-1_V13B23-285_C1,12
TCCTTTAAATCCGCTT-1_V13B23-285_C1,10
TCCTTTCTTACGCTTA-1_V13B23-285_C1,13
TCGAAATTTAGGACCA-1_V13B23-285_C1,5
TCGAAGAACCGAGCAC-1_V13B23-285_C1,10
TCGAATATCCCGCAGG-1_V13B23-285_C1,3
TCGACAACTGAACCCG-1_V13B23-285_C1,5
TCGAGACCAACACCGT-1_V13B23-285_C1,10
TCGAGCCAGGCAGGCC-1_V13B23-285_C1,5
TCGAGGGCAACAGACG-1_V13B23-285_C1,1
TCGCAAAGATGCATTT-1_V13B23-285_C1,10
TCGCACCAGGAGGCAG-1_V13B23-285_C1,10
TCGCATAAAGGGCGCA-1_V13B23-285_C1,10
TCGCATCCCTAAGTGT-1_V13B23-285_C1,8
TCGCCGAAGTTGCGTC-1_V13B23-285_C1,7
TCGCCGGTCGATCCGT-1_V13B23-285_C1,12
TCGCGTAGCAGTGTCC-1_V13B23-285_C1,10
TCGCGTCCAGAAGGTC-1_V13B23-285_C1,5
TCGCTAAACCGCTATC-1_V13B23-285_C1,8
TCGCTCGATATATTCC-1_V13B23-285_C1,7
TCGCTCGGCACCAGCG-1_V13B23-285_C1,13
TCGCTGGGCGGATTGT-1_V13B23-285_C1,13
TCGCTGTGCGTAAATC-1_V13B23-285_C1,5
TCGCTTTAAACGTTTG-1_V13B23-285_C1,13
TCGGAATGCGCTCTGA-1_V13B23-285_C1,5
TCGGACGCCCAGCCCA-1_V13B23-285_C1,1
TCGGAGAGTATCGGGA-1_V13B23-285_C1,5
TCGGAGTACATGAGTA-1_V13B23-285_C1,13
TCGGCGAACCCAAACC-1_V13B23-285_C1,10
TCGGCGTACTGCACAA-1_V13B23-285_C1,11
TCGGCTTGTATCGACG-1_V13B23-285_C1,10
TCGGGAACGTGCCTAG-1_V13B23-285_C1,13
TCGGGAGACAGCGTAC-1_V13B23-285_C1,10
TCGGGATTCAAACATA-1_V13B23-285_C1,5
TCGGGCCGTCGTGGTA-1_V13B23-285_C1,10
TCGGGTGAAACTGCTA-1_V13B23-285_C1,9
TCGGTCCCGACAATAG-1_V13B23-285_C1,3
TCGGTCCCTGACTCCA-1_V13B23-285_C1,11
TCGGTGACCGCTCCGG-1_V13B23-285_C1,14
TCGTAAGACGACATTG-1_V13B23-285_C1,13
TCGTAAGCTCCGAGGA-1_V13B23-285_C1,11
TCGTATAGTGCAATTA-1_V13B23-285_C1,12
TCGTATTACCCATTGC-1_V13B23-285_C1,5
TCGTCAAGTACGCGCA-1_V13B23-285_C1,5
TCGTCACACTGTTAGC-1_V13B23-285_C1,5
TCGTCCGCTGGCGTCT-1_V13B23-285_C1,8
TCGTCTTAGGCGTTAA-1_V13B23-285_C1,10
TCGTGTACTATGGATG-1_V13B23-285_C1,10
TCGTGTATTGGTCACG-1_V13B23-285_C1,10
TCGTGTCACGCTGACA-1_V13B23-285_C1,13
TCGTGTTCGACCACAA-1_V13B23-285_C1,10
TCGTTAGGAGTCCCTA-1_V13B23-285_C1,5
TCGTTCGTTATTATGT-1_V13B23-285_C1,9
TCGTTGCTATCCGGTC-1_V13B23-285_C1,5
TCTAACTGTATGTAAA-1_V13B23-285_C1,5
TCTAATACTGCCTCAG-1_V13B23-285_C1,1
TCTACCCAATAGAGAG-1_V13B23-285_C1,10
TCTACCGTCCACAAGC-1_V13B23-285_C1,3
TCTACGGGCTCAGTTG-1_V13B23-285_C1,2
TCTAGCAATCTCCGCC-1_V13B23-285_C1,5
TCTAGCATCTTCGATG-1_V13B23-285_C1,8
TCTAGCATGCCCAGAA-1_V13B23-285_C1,10
TCTAGGTGGCGACGCT-1_V13B23-285_C1,13
TCTAGTGATATCGTGG-1_V13B23-285_C1,10
TCTAGTTATCAGAAGA-1_V13B23-285_C1,10
TCTATCATGCAGTTAC-1_V13B23-285_C1,7
TCTATCGGTCGCAACA-1_V13B23-285_C1,8
TCTATTACGCTGGCGA-1_V13B23-285_C1,9
TCTATTACTAGAGGAT-1_V13B23-285_C1,5
TCTCATGAGATAGGGT-1_V13B23-285_C1,10
TCTCCAACGTAGGTTA-1_V13B23-285_C1,4
TCTCCACAAGTTGAAT-1_V13B23-285_C1,10
TCTCCCTGGGCAGCGT-1_V13B23-285_C1,10
TCTCGAACGAGGTCAC-1_V13B23-285_C1,14
TCTCGACGTATCGCCG-1_V13B23-285_C1,10
TCTCGAGGAGGTTCGC-1_V13B23-285_C1,10
TCTCGGCTCCAGGACT-1_V13B23-285_C1,8
TCTCTAATAGCTGGTA-1_V13B23-285_C1,11
TCTCTCGCCGCACATA-1_V13B23-285_C1,10
TCTGAACCGGTCGGCT-1_V13B23-285_C1,8
TCTGAACTCGTACCCG-1_V13B23-285_C1,10
TCTGAAGCACGTGGTC-1_V13B23-285_C1,10
TCTGAATTCCGTACAA-1_V13B23-285_C1,1
TCTGACGGGCTAACCC-1_V13B23-285_C1,13
TCTGAGCAATTGACTG-1_V13B23-285_C1,10
TCTGATCGGGTGCTAG-1_V13B23-285_C1,7
TCTGATGTATTCTGTC-1_V13B23-285_C1,10
TCTGATTGGAAATGGA-1_V13B23-285_C1,5
TCTGCACCATTAGTAA-1_V13B23-285_C1,13
TCTGCATACCTTGCTT-1_V13B23-285_C1,10
TCTGCCAGAAACTGCA-1_V13B23-285_C1,10
TCTGCGAATCGTTCGC-1_V13B23-285_C1,2
TCTGCGTCCGGTTTCT-1_V13B23-285_C1,8
TCTGCTTAGAACAAGC-1_V13B23-285_C1,10
TCTGGAGCGTAAGAGT-1_V13B23-285_C1,5
TCTGGCCGTTCAAGTT-1_V13B23-285_C1,10
TCTGGGAACCTTTGAA-1_V13B23-285_C1,10
TCTGGGTAGCGCTCAT-1_V13B23-285_C1,7
TCTGTGCCATCATAGT-1_V13B23-285_C1,13
TCTGTTACCCAGCATA-1_V13B23-285_C1,5
TCTTACAGAGGTACCG-1_V13B23-285_C1,12
TCTTACCGGAACTCGT-1_V13B23-285_C1,1
TCTTACGGCATCCGAC-1_V13B23-285_C1,5
TCTTACTTATGCCTCT-1_V13B23-285_C1,10
TCTTAGAGCTCCAATT-1_V13B23-285_C1,10
TCTTAGAGTGAACTCT-1_V13B23-285_C1,10
TCTTCCCATGGGCACA-1_V13B23-285_C1,13
TCTTCGAATAGACGTT-1_V13B23-285_C1,10
TCTTCGATACCAATAA-1_V13B23-285_C1,8
TCTTCGCGGTGAGAGG-1_V13B23-285_C1,10
TCTTCTATAACCCGCC-1_V13B23-285_C1,10
TCTTGATGCGTAGCGA-1_V13B23-285_C1,8
TCTTGGTAACACCAAA-1_V13B23-285_C1,12
TCTTTAAGACTATGAA-1_V13B23-285_C1,3
TCTTTAGAGTCTAACA-1_V13B23-285_C1,10
TCTTTAGCAGGCGAAC-1_V13B23-285_C1,13
TCTTTCCTTCGAGATA-1_V13B23-285_C1,10
TGAAACTTATGCAAGC-1_V13B23-285_C1,9
TGAAAGGACCTGACTC-1_V13B23-285_C1,10
TGAAGAGCGGTCCTAG-1_V13B23-285_C1,8
TGAAGTAGCTTACGGA-1_V13B23-285_C1,3
TGAATATGCTATAAAC-1_V13B23-285_C1,13
TGAATGAGATACAGCA-1_V13B23-285_C1,2
TGAATGTCAGCCGGCC-1_V13B23-285_C1,10
TGACAACGCATGTCGC-1_V13B23-285_C1,10
TGACACTTCTCTTTGC-1_V13B23-285_C1,11
TGACAGGACAAGTCCA-1_V13B23-285_C1,7
TGACATCGAGCGGACC-1_V13B23-285_C1,10
TGACCCACGTTAGACA-1_V13B23-285_C1,5
TGACGAATATTTCCCT-1_V13B23-285_C1,13
TGACGATGCACTAGAA-1_V13B23-285_C1,10
TGACTATAATCCTTTC-1_V13B23-285_C1,10
TGAGAATGCTTTACCG-1_V13B23-285_C1,12
TGAGAGATTTACCACG-1_V13B23-285_C1,10
TGAGATTAGGCCCTAA-1_V13B23-285_C1,13
TGAGCCATACAGTCTC-1_V13B23-285_C1,7
TGAGCGGAAAGTGTTC-1_V13B23-285_C1,10
TGAGCTCAACTGTATA-1_V13B23-285_C1,10
TGAGCTTTAATGACGC-1_V13B23-285_C1,8
TGAGGAGTGCCAGCTT-1_V13B23-285_C1,4
TGAGTAAATTAGCGTA-1_V13B23-285_C1,5
TGAGTGCCTCTTAAAT-1_V13B23-285_C1,7
TGAGTGGTCCGTGACG-1_V13B23-285_C1,13
TGAGTTAAAGACATTC-1_V13B23-285_C1,10
TGATACATTTAGCCGT-1_V13B23-285_C1,7
TGATAGCGGGATTCTA-1_V13B23-285_C1,5
TGATCAGGGAACTGCT-1_V13B23-285_C1,13
TGATCCCAGCATTAGT-1_V13B23-285_C1,13
TGATCGGTTTGACCCT-1_V13B23-285_C1,8
TGATCTACGCTGATCT-1_V13B23-285_C1,13
TGATCTCCGGCGCCAG-1_V13B23-285_C1,11
TGATGGCTGTTTCTGA-1_V13B23-285_C1,13
TGATGTCAATTAAGTG-1_V13B23-285_C1,10
TGATTATGGCACGCAG-1_V13B23-285_C1,14
TGATTCAGGTCCCGCG-1_V13B23-285_C1,1
TGATTCGTCTATCACT-1_V13B23-285_C1,5
TGATTCTGTCGCCGGT-1_V13B23-285_C1,5
TGATTTATTAGCTGTG-1_V13B23-285_C1,5
TGATTTCCTCCTGACG-1_V13B23-285_C1,8
TGCAACCCATCTGCGG-1_V13B23-285_C1,10
TGCAAGAATGACGTAA-1_V13B23-285_C1,1
TGCAATCTAACACGGT-1_V13B23-285_C1,10
TGCAATTTGGGCACGG-1_V13B23-285_C1,13
TGCACAGTGAAGTTAT-1_V13B23-285_C1,8
TGCACTATGTGAGTGC-1_V13B23-285_C1,8
TGCAGAACTATATCGT-1_V13B23-285_C1,13
TGCAGAGTACCGAGCA-1_V13B23-285_C1,5
TGCAGATCGTCCTAGG-1_V13B23-285_C1,13
TGCAGCTACGTACTTC-1_V13B23-285_C1,13
TGCAGGATCGGCAAAG-1_V13B23-285_C1,8
TGCAGTGAGGCTCGGG-1_V13B23-285_C1,2
TGCAGTTTCCTCCCAT-1_V13B23-285_C1,10
TGCATATGTCTGTCAC-1_V13B23-285_C1,10
TGCATGGATCGGATCT-1_V13B23-285_C1,12
TGCATGTGGTAATCTA-1_V13B23-285_C1,13
TGCCAAAGTCAGACTT-1_V13B23-285_C1,13
TGCCAATGGGTACTCT-1_V13B23-285_C1,5
TGCCACCTGGCGAAAC-1_V13B23-285_C1,12
TGCCAGTACGTGGAGA-1_V13B23-285_C1,10
TGCCATTACTAAAGAA-1_V13B23-285_C1,1
TGCCCGTACCGTTAAA-1_V13B23-285_C1,10
TGCCGGATGTACGAGC-1_V13B23-285_C1,5
TGCCGTGGATCGTCCT-1_V13B23-285_C1,10
TGCCTAAATTTAATAG-1_V13B23-285_C1,5
TGCCTAATTGAAGATT-1_V13B23-285_C1,10
TGCCTGACATCGGTCA-1_V13B23-285_C1,8
TGCCTGATCAAACGAT-1_V13B23-285_C1,11
TGCCTTGGCCAGGCAA-1_V13B23-285_C1,10
TGCGAATATGGGATTT-1_V13B23-285_C1,13
TGCGACACCCTAGTGC-1_V13B23-285_C1,1
TGCGACGGCCGAACGT-1_V13B23-285_C1,5
TGCGAGAATATTACCC-1_V13B23-285_C1,5
TGCGAGCCCTTCCGCG-1_V13B23-285_C1,11
TGCGATGCTAATGGCT-1_V13B23-285_C1,8
TGCGCAAAGCATTTGG-1_V13B23-285_C1,8
TGCGCCGTTAATAACG-1_V13B23-285_C1,10
TGCGCGATTAACGGAG-1_V13B23-285_C1,3
TGCGGAGTAAAGGTGC-1_V13B23-285_C1,13
TGCGGCATAGTTCAAC-1_V13B23-285_C1,12
TGCGGTGAAATTTCAT-1_V13B23-285_C1,6
TGCGTAAGAACCTGAT-1_V13B23-285_C1,5
TGCGTCATGACTGAGC-1_V13B23-285_C1,7
TGCGTGATTGGGTGTC-1_V13B23-285_C1,9
TGCGTTTGTTGACACT-1_V13B23-285_C1,10
TGCTAAGTGTCTATTT-1_V13B23-285_C1,10
TGCTCCACAGTTCTTA-1_V13B23-285_C1,10
TGCTCGGCGAAACCCA-1_V13B23-285_C1,10
TGCTCTGCCGGTTCAC-1_V13B23-285_C1,13
TGCTGGTTGGACAATT-1_V13B23-285_C1,8
TGCTGTTGAAGAACTC-1_V13B23-285_C1,10
TGCTTAGAGAGAATGC-1_V13B23-285_C1,5
TGCTTCCCAAGCAGTA-1_V13B23-285_C1,10
TGGAACCACTGACACA-1_V13B23-285_C1,13
TGGAAGAAGGGAACGT-1_V13B23-285_C1,5
TGGAAGACGAACACCA-1_V13B23-285_C1,9
TGGAAGGATAAAGATG-1_V13B23-285_C1,12
TGGAATATCCTTGACC-1_V13B23-285_C1,13
TGGAATTAGACGCTTT-1_V13B23-285_C1,8
TGGACACCGTTGCTTG-1_V13B23-285_C1,8
TGGACCAATCTAAGAT-1_V13B23-285_C1,10
TGGACGCAATCCAGCC-1_V13B23-285_C1,3
TGGACTGTTCGCTCAA-1_V13B23-285_C1,10
TGGAGGGAAACACCTC-1_V13B23-285_C1,13
TGGAGTGATGCGATGA-1_V13B23-285_C1,5
TGGCAAACTAAATTAC-1_V13B23-285_C1,10
TGGCAACTCGCGCGCC-1_V13B23-285_C1,11
TGGCAATGGGACGGCG-1_V13B23-285_C1,10
TGGCAGATTACGATCA-1_V13B23-285_C1,5
TGGCAGCAGTAATAGT-1_V13B23-285_C1,10
TGGCCAAACTGAAGTA-1_V13B23-285_C1,13
TGGCCGTATATTGACC-1_V13B23-285_C1,5
TGGCGACTGCTCCAAA-1_V13B23-285_C1,5
TGGCGATCAAGTTATG-1_V13B23-285_C1,1
TGGCTATGTGACATAC-1_V13B23-285_C1,10
TGGCTCTTGTCGCGTA-1_V13B23-285_C1,13
TGGCTTGTACAAGCTT-1_V13B23-285_C1,2
TGGCTTTGGGTAGACA-1_V13B23-285_C1,12
TGGGAAATGCCTTTCC-1_V13B23-285_C1,8
TGGGATGCACTCATTC-1_V13B23-285_C1,11
TGGGCAATAGTTGGGT-1_V13B23-285_C1,10
TGGGCACGTTCTATGG-1_V13B23-285_C1,12
TGGGCAGGCCACCGCA-1_V13B23-285_C1,10
TGGGCCACAAGAGCGC-1_V13B23-285_C1,12
TGGGCCCATACTAATT-1_V13B23-285_C1,10
TGGGTAAGGTTCCCGC-1_V13B23-285_C1,12
TGGGTGGGATGTCATT-1_V13B23-285_C1,2
TGGTAAGCAGGATTGA-1_V13B23-285_C1,7
TGGTAGAATATATGGG-1_V13B23-285_C1,10
TGGTATCGCATCCCAA-1_V13B23-285_C1,9
TGGTCCCACGCTACGG-1_V13B23-285_C1,10
TGGTCGTGCAAGGCAA-1_V13B23-285_C1,7
TGGTCTAGCTTACATG-1_V13B23-285_C1,7
TGGTCTGTTGGGCGTA-1_V13B23-285_C1,5
TGGTGATCGTATTTGT-1_V13B23-285_C1,8
TGGTTAAGGGCGCTGG-1_V13B23-285_C1,13
TGGTTCAACGGGTAAT-1_V13B23-285_C1,10
TGGTTCGTAGCAAAGG-1_V13B23-285_C1,8
TGGTTGGAGGATCCTG-1_V13B23-285_C1,13
TGGTTTAAACGTGGGT-1_V13B23-285_C1,13
TGTAATGACCACAATA-1_V13B23-285_C1,13
TGTACCTACACGAGGG-1_V13B23-285_C1,10
TGTACGAACAAATCCG-1_V13B23-285_C1,10
TGTACTACTCTCACGG-1_V13B23-285_C1,13
TGTAGCCATCCCATTC-1_V13B23-285_C1,10
TGTAGGAGAAATTTCC-1_V13B23-285_C1,10
TGTAGTGATCTATAAT-1_V13B23-285_C1,5
TGTATAACAGATCCTG-1_V13B23-285_C1,13
TGTATACGGATGATGA-1_V13B23-285_C1,13
TGTATCCTTATTCCAT-1_V13B23-285_C1,9
TGTATGGCGCAGACAG-1_V13B23-285_C1,10
TGTATTTACCTAATGC-1_V13B23-285_C1,9
TGTCATTTGTTGGGAA-1_V13B23-285_C1,13
TGTCCCGACATAGCAC-1_V13B23-285_C1,9
TGTCCGTGGCGCCTTT-1_V13B23-285_C1,5
TGTCCTAAGTCACCGC-1_V13B23-285_C1,5
TGTCGTTATCACATAT-1_V13B23-285_C1,5
TGTCTACAGTTTCTGT-1_V13B23-285_C1,9
TGTGACTACGCCAGTC-1_V13B23-285_C1,12
TGTGAGACTAGCCCAA-1_V13B23-285_C1,10
TGTGCCGGTGCCGGAA-1_V13B23-285_C1,10
TGTGCTTTACGTAAGA-1_V13B23-285_C1,7
TGTGGACTATCTACGT-1_V13B23-285_C1,10
TGTGGCAAAGCGTATG-1_V13B23-285_C1,13
TGTGGCTCCCACCAAC-1_V13B23-285_C1,10
TGTGGTAGGGTGCCTT-1_V13B23-285_C1,10
TGTGTAGTAGCACGTG-1_V13B23-285_C1,10
TGTGTCGCGAGTTGCA-1_V13B23-285_C1,4
TGTGTTCGTATCCAAG-1_V13B23-285_C1,5
TGTTATTGTATGTGGC-1_V13B23-285_C1,6
TGTTCATAAATGTGCT-1_V13B23-285_C1,7
TGTTCCGCTTCCATGA-1_V13B23-285_C1,5
TGTTCGTATTGCGGTG-1_V13B23-285_C1,10
TGTTCTTCCATTGACT-1_V13B23-285_C1,5
TGTTGCCGTCGTCCCA-1_V13B23-285_C1,10
TGTTGTCAAGAAGTCT-1_V13B23-285_C1,4
TGTTTAATACTTCATC-1_V13B23-285_C1,9
TGTTTCGGTACTTCTC-1_V13B23-285_C1,8
TGTTTGAGATCGTCAG-1_V13B23-285_C1,10
TTAAACCTGGTTCCTT-1_V13B23-285_C1,5
TTAAACTCGAATTCAT-1_V13B23-285_C1,13
TTAACACCTCGAACAT-1_V13B23-285_C1,5
TTAACCAACCCTCCCT-1_V13B23-285_C1,8
TTAACGAACAAGCAGT-1_V13B23-285_C1,13
TTAACGTCGCAAGACC-1_V13B23-285_C1,9
TTAACTCACGCGTGGA-1_V13B23-285_C1,5
TTAACTTCAGGTAGGA-1_V13B23-285_C1,7
TTAAGATAGGATTGAC-1_V13B23-285_C1,10
TTAAGCCGACAACTTC-1_V13B23-285_C1,12
TTAAGCGCCTGACCCA-1_V13B23-285_C1,5
TTAAGGCCCGTACTTT-1_V13B23-285_C1,1
TTAATCAGTACGTCAG-1_V13B23-285_C1,12
TTAATGTAGACCAGGT-1_V13B23-285_C1,8
TTAATGTGTTTGCAGG-1_V13B23-285_C1,13
TTAATTGCTTTGGGTG-1_V13B23-285_C1,10
TTAATTTCAGACGCGG-1_V13B23-285_C1,12
TTACAACTACGCATCC-1_V13B23-285_C1,8
TTACACGATCTGCGAC-1_V13B23-285_C1,10
TTACAGACCTAAATGA-1_V13B23-285_C1,13
TTACATCGTGGCCTGG-1_V13B23-285_C1,8
TTACATGCCACAACTA-1_V13B23-285_C1,10
TTACCATTGATTACCC-1_V13B23-285_C1,5
TTACCCATTGCCGGGT-1_V13B23-285_C1,13
TTACCCTAACAGTCCT-1_V13B23-285_C1,5
TTACCCTAGGGATTGG-1_V13B23-285_C1,1
TTACCGCCTTAGGGAA-1_V13B23-285_C1,9
TTACGGATGGTTCGAG-1_V13B23-285_C1,3
TTACTAAAGGACTTTA-1_V13B23-285_C1,10
TTACTATCGGCTTCTC-1_V13B23-285_C1,5
TTACTCCGGCCGGGAA-1_V13B23-285_C1,1
TTACTCTGGTACGTAC-1_V13B23-285_C1,5
TTACTGGGATATTTCA-1_V13B23-285_C1,5
TTACTGTCTAGAGCTC-1_V13B23-285_C1,13
TTAGAAGAACATGACT-1_V13B23-285_C1,10
TTAGAATAAGGGTCGG-1_V13B23-285_C1,5
TTAGACACGATCGTTG-1_V13B23-285_C1,13
TTAGACGAGTCACCTC-1_V13B23-285_C1,10
TTAGAGTTTAGAAGGA-1_V13B23-285_C1,10
TTAGATAGGTCGATAC-1_V13B23-285_C1,8
TTAGCAACATGGATGT-1_V13B23-285_C1,8
TTAGCTAATACGATCT-1_V13B23-285_C1,13
TTAGCTCTGTAATCCG-1_V13B23-285_C1,5
TTAGCTGATTTGCCGT-1_V13B23-285_C1,10
TTAGGATGGGAGGGTA-1_V13B23-285_C1,6
TTAGGTCATAACCGAC-1_V13B23-285_C1,5
TTAGTAAACCTGCTCT-1_V13B23-285_C1,10
TTAGTAGGGCGGCGGG-1_V13B23-285_C1,5
TTAGTTATTCGTGGCA-1_V13B23-285_C1,10
TTAGTTCAAGTGTTCG-1_V13B23-285_C1,13
TTATAGGTAATTGTCT-1_V13B23-285_C1,10
TTATATACGCTGTCAC-1_V13B23-285_C1,10
TTATATTTGGCAATCC-1_V13B23-285_C1,1
TTATCCAATCGAACTC-1_V13B23-285_C1,9
TTATCCGGGATCTATA-1_V13B23-285_C1,10
TTATCCTCAAGGAATA-1_V13B23-285_C1,5
TTATCGCCTGCGAAGC-1_V13B23-285_C1,8
TTATCTGACATTAGGA-1_V13B23-285_C1,13
TTATCTGTATCATAAC-1_V13B23-285_C1,8
TTATGAATGAAAGGGA-1_V13B23-285_C1,10
TTATGACAAACTGGAT-1_V13B23-285_C1,5
TTATGATCTTAACGAA-1_V13B23-285_C1,10
TTATGTTTGCGATAGA-1_V13B23-285_C1,5
TTATTAGAGCGTGTTC-1_V13B23-285_C1,10
TTATTAGGGAAGCATC-1_V13B23-285_C1,12
TTATTATCTGGAAGGC-1_V13B23-285_C1,10
TTCAAAGTCTCTAGCC-1_V13B23-285_C1,10
TTCAACGACCCGACCG-1_V13B23-285_C1,8
TTCAAGCCGAGCTGAG-1_V13B23-285_C1,12
TTCAATACTCTGAATC-1_V13B23-285_C1,10
TTCAATTAGCCATAAT-1_V13B23-285_C1,2
TTCACGAAAGGATCAC-1_V13B23-285_C1,5
TTCACTCGAGCACCTA-1_V13B23-285_C1,10
TTCAGCCCTGGTCCAC-1_V13B23-285_C1,10
TTCAGCTGGCGTGCCC-1_V13B23-285_C1,4
TTCAGGCGTCAAAGCC-1_V13B23-285_C1,5
TTCAGTTTGTGGCAGC-1_V13B23-285_C1,3
TTCATAGGGTGTCCAT-1_V13B23-285_C1,7
TTCATGGCGCAACAGG-1_V13B23-285_C1,12
TTCCAATCAGAGCTAG-1_V13B23-285_C1,13
TTCCAATCTGGCTATC-1_V13B23-285_C1,5
TTCCACACAGATTTGA-1_V13B23-285_C1,5
TTCCAGACGAGATTTA-1_V13B23-285_C1,10
TTCCATCATGCGGTGA-1_V13B23-285_C1,11
TTCCATCGACAGCGTG-1_V13B23-285_C1,10
TTCCCGGCGCCAATAG-1_V13B23-285_C1,13
TTCCGCAGAGAAATAT-1_V13B23-285_C1,13
TTCCGCGTGAGGCGAT-1_V13B23-285_C1,10
TTCCGGCCTTGAGGCT-1_V13B23-285_C1,5
TTCCGGCTCGACTTCT-1_V13B23-285_C1,2
TTCCGGTATCTGTGTC-1_V13B23-285_C1,10
TTCCGGTTACCCACTT-1_V13B23-285_C1,10
TTCCTCGAGGGTGTCT-1_V13B23-285_C1,8
TTCCTCGGACTAACCA-1_V13B23-285_C1,10
TTCCTCTGCCCGAATA-1_V13B23-285_C1,5
TTCGACAGAGCCCGTG-1_V13B23-285_C1,10
TTCGACGGGAAGGGCG-1_V13B23-285_C1,8
TTCGCACTCGCGTGCT-1_V13B23-285_C1,8
TTCGCACTGTACGACA-1_V13B23-285_C1,5
TTCGCATCCGGAAGCA-1_V13B23-285_C1,9
TTCGCCGCTCGCGCTA-1_V13B23-285_C1,7
TTCGCGCGCCATACGA-1_V13B23-285_C1,1
TTCGCTAGGAAGTTGT-1_V13B23-285_C1,10
TTCGCTATCTGACGTG-1_V13B23-285_C1,13
TTCGGCAACCCGCTGA-1_V13B23-285_C1,13
TTCGGCTAGAGATGGT-1_V13B23-285_C1,8
TTCGGGACTAATCGCG-1_V13B23-285_C1,8
TTCGGGCGCTAGTCTT-1_V13B23-285_C1,5
TTCGGGTTGCCACGGG-1_V13B23-285_C1,10
TTCGGTGGAGACGCCC-1_V13B23-285_C1,10
TTCGTAATCCCAGCGG-1_V13B23-285_C1,11
TTCGTACTCCAGAACG-1_V13B23-285_C1,5
TTCGTTCAACGAAGTT-1_V13B23-285_C1,13
TTCTAACCGAAGCTTA-1_V13B23-285_C1,10
TTCTACTTGCGAGGGC-1_V13B23-285_C1,8
TTCTAGAAAGTCTTAT-1_V13B23-285_C1,7
TTCTAGGCCAATTGTG-1_V13B23-285_C1,8
TTCTATGCCTTTCGCA-1_V13B23-285_C1,13
TTCTGACCGGGCTCAA-1_V13B23-285_C1,10
TTCTGCCGCGCCTAGA-1_V13B23-285_C1,10
TTCTGCGAGCGCCCTT-1_V13B23-285_C1,5
TTCTGCGGGTTAGCGG-1_V13B23-285_C1,10
TTCTGCTAGACTCCAA-1_V13B23-285_C1,13
TTCTGTTTCCTGTCGC-1_V13B23-285_C1,8
TTCTTAGTGAACGGTG-1_V13B23-285_C1,8
TTCTTAGTGGCTCAGA-1_V13B23-285_C1,12
TTCTTATCCGCTGGGT-1_V13B23-285_C1,10
TTCTTGAGCCGCGCTA-1_V13B23-285_C1,7
TTCTTGCTAGCATCTC-1_V13B23-285_C1,10
TTCTTGGACGATCTGC-1_V13B23-285_C1,3
TTCTTGGAGTAATGAG-1_V13B23-285_C1,8
TTCTTGTAACCTAATG-1_V13B23-285_C1,8
TTCTTGTGTCCATCAG-1_V13B23-285_C1,5
TTCTTTGGTCGCGACG-1_V13B23-285_C1,13
TTGAAAGGTGTAAAGG-1_V13B23-285_C1,13
TTGAACGAATCCTTTG-1_V13B23-285_C1,8
TTGAACGACGTGCTGA-1_V13B23-285_C1,10
TTGAAGAATTCCCAGG-1_V13B23-285_C1,5
TTGAATATGGACTTTC-1_V13B23-285_C1,11
TTGAATTCACGTGAGG-1_V13B23-285_C1,10
TTGACAGGAGCTCCCG-1_V13B23-285_C1,10
TTGACATGAACGTGGA-1_V13B23-285_C1,5
TTGACCAGGAACAACT-1_V13B23-285_C1,10
TTGACCATGTTCTCCG-1_V13B23-285_C1,1
TTGACCGTGTTAATGA-1_V13B23-285_C1,3
TTGACGCTCCATGAGC-1_V13B23-285_C1,10
TTGACTACCATATGGT-1_V13B23-285_C1,7
TTGACTATTGTCCGGC-1_V13B23-285_C1,10
TTGAGAAGTTTAGCAT-1_V13B23-285_C1,10
TTGAGAGTACTGCTAA-1_V13B23-285_C1,7
TTGAGCAGCCCACGGT-1_V13B23-285_C1,10
TTGAGCGCCACGTGAT-1_V13B23-285_C1,10
TTGAGTCCCGCTGCTG-1_V13B23-285_C1,10
TTGATAGTCAATACAT-1_V13B23-285_C1,13
TTGATCTAACTTTGTC-1_V13B23-285_C1,8
TTGATGTGTAGTCCCG-1_V13B23-285_C1,13
TTGATTAGCTGTTTCT-1_V13B23-285_C1,5
TTGATTATGCAGATGA-1_V13B23-285_C1,5
TTGCACAATTCAGAAA-1_V13B23-285_C1,5
TTGCACGGAGCAGCAC-1_V13B23-285_C1,8
TTGCATGCTGATCACG-1_V13B23-285_C1,7
TTGCCAAGCAGAACCC-1_V13B23-285_C1,10
TTGCCATAGCCCGCTC-1_V13B23-285_C1,7
TTGCCCTGATCACGGG-1_V13B23-285_C1,5
TTGCCGCTTTCTAGTA-1_V13B23-285_C1,10
TTGCCGGTGATCCCTC-1_V13B23-285_C1,4
TTGCGGCATCAGAAAG-1_V13B23-285_C1,5
TTGCGTAGTTTGAGGA-1_V13B23-285_C1,5
TTGCGTCGGCCAACCG-1_V13B23-285_C1,5
TTGCGTGAACGCTTAG-1_V13B23-285_C1,13
TTGCTCCCATACCGGA-1_V13B23-285_C1,1
TTGCTGAAGGAACCAC-1_V13B23-285_C1,8
TTGCTGATCATGTTCG-1_V13B23-285_C1,4
TTGCTGCACCTATCCA-1_V13B23-285_C1,8
TTGCTGGCCGGGCTTC-1_V13B23-285_C1,9
TTGGAAGAATACAGTC-1_V13B23-285_C1,1
TTGGACATGTGGCTTA-1_V13B23-285_C1,5
TTGGACCATCTGGCAA-1_V13B23-285_C1,10
TTGGACCTATAACAGT-1_V13B23-285_C1,10
TTGGATATCGTCTACG-1_V13B23-285_C1,5
TTGGATCGACTTCTGG-1_V13B23-285_C1,9
TTGGATTGGGTACCAC-1_V13B23-285_C1,8
TTGGCCATCTTGCGCT-1_V13B23-285_C1,8
TTGGCCTAGAATTTCG-1_V13B23-285_C1,9
TTGGCGATCCGAATAT-1_V13B23-285_C1,11
TTGGCTCGCATGAGAC-1_V13B23-285_C1,8
TTGGGACACTGCCCGC-1_V13B23-285_C1,13
TTGGGACGTAAGAGTT-1_V13B23-285_C1,10
TTGGGCGGCGGTTGCC-1_V13B23-285_C1,13
TTGGTCACACTCGTAA-1_V13B23-285_C1,5
TTGGTTCGCTCAAAGG-1_V13B23-285_C1,5
TTGGTTGCGGTGCGCG-1_V13B23-285_C1,7
TTGTAAGGACCTAAGT-1_V13B23-285_C1,5
TTGTAAGGCCAGTTGG-1_V13B23-285_C1,13
TTGTAATCCGTACTCG-1_V13B23-285_C1,6
TTGTATCACACAGAAT-1_V13B23-285_C1,12
TTGTCGTTCAGTTACC-1_V13B23-285_C1,8
TTGTGAACCTAATCCG-1_V13B23-285_C1,10
TTGTGAGGCATGACGC-1_V13B23-285_C1,13
TTGTGCAGCCACGTCA-1_V13B23-285_C1,10
TTGTGGCCCTGACAGT-1_V13B23-285_C1,12
TTGTGGTAGGAGGGAT-1_V13B23-285_C1,7
TTGTGGTATAGGTATG-1_V13B23-285_C1,13
TTGTGGTGGTACTAAG-1_V13B23-285_C1,10
TTGTGTATGCCACCAA-1_V13B23-285_C1,5
TTGTGTTTCCCGAAAG-1_V13B23-285_C1,11
TTGTTAGCAAATTCGA-1_V13B23-285_C1,8
TTGTTCAGTGTGCTAC-1_V13B23-285_C1,8
TTGTTGTGTGTCAAGA-1_V13B23-285_C1,13
TTGTTTCACATCCAGG-1_V13B23-285_C1,3
TTGTTTCATTAGTCTA-1_V13B23-285_C1,5
TTGTTTCCATACAACT-1_V13B23-285_C1,3
AAACAAGTATCTCCCA-1_V13B23-285_D1,10
AAACACCAATAACTGC-1_V13B23-285_D1,1
AAACAGAGCGACTCCT-1_V13B23-285_D1,11
AAACAGGGTCTATATT-1_V13B23-285_D1,1
AAACATTTCCCGGATT-1_V13B23-285_D1,10
AAACCCGAACGAAATC-1_V13B23-285_D1,10
AAACCGGAAATGTTAA-1_V13B23-285_D1,10
AAACCGGGTAGGTACC-1_V13B23-285_D1,3
AAACCGTTCGTCCAGG-1_V13B23-285_D1,5
AAACCTAAGCAGCCGG-1_V13B23-285_D1,10
AAACCTCATGAAGTTG-1_V13B23-285_D1,13
AAACGAGACGGTTGAT-1_V13B23-285_D1,8
AAACGGGCGTACGGGT-1_V13B23-285_D1,10
AAACGTGTTCGCCCTA-1_V13B23-285_D1,2
AAACTCGTGATATAAG-1_V13B23-285_D1,13
AAACTGCTGGCTCCAA-1_V13B23-285_D1,10
AAACTTGCAAACGTAT-1_V13B23-285_D1,11
AAAGACTGGGCGCTTT-1_V13B23-285_D1,7
AAAGCTTGCCTACATA-1_V13B23-285_D1,13
AAAGGCTACGGACCAT-1_V13B23-285_D1,5
AAAGGCTCTCGCGCCG-1_V13B23-285_D1,5
AAAGGGATGTAGCAAG-1_V13B23-285_D1,8
AAAGGGCAGCTTGAAT-1_V13B23-285_D1,11
AAAGTAGCATTGCTCA-1_V13B23-285_D1,5
AAAGTCACTGATGTAA-1_V13B23-285_D1,9
AAAGTGCCATCAATTA-1_V13B23-285_D1,10
AAAGTGTGATTTATCT-1_V13B23-285_D1,10
AAAGTTGACTCCCGTA-1_V13B23-285_D1,10
AAATAACCATACGGGA-1_V13B23-285_D1,12
AAATAAGGTAGTGCCC-1_V13B23-285_D1,13
AAATACCTATAAGCAT-1_V13B23-285_D1,10
AAATAGCTTAGACTTT-1_V13B23-285_D1,13
AAATAGGGTGCTATTG-1_V13B23-285_D1,10
AAATCCGATACACGCC-1_V13B23-285_D1,10
AAATCGTGTACCACAA-1_V13B23-285_D1,5
AAATCTAGCCCTGCTA-1_V13B23-285_D1,10
AAATGATTCGATCAGC-1_V13B23-285_D1,13
AAATGCTCGTTACGTT-1_V13B23-285_D1,8
AAATGGCATGTCTTGT-1_V13B23-285_D1,6
AAATGGCCCGTGCCCT-1_V13B23-285_D1,5
AAATGGTCAATGTGCC-1_V13B23-285_D1,5
AAATTAACGGGTAGCT-1_V13B23-285_D1,5
AAATTACACGACTCTG-1_V13B23-285_D1,12
AAATTACCTATCGATG-1_V13B23-285_D1,1
AAATTCCAGGTCCAAA-1_V13B23-285_D1,13
AAATTGATAGTCCTTT-1_V13B23-285_D1,5
AAATTTGCGGGTGTGG-1_V13B23-285_D1,7
AACAACTGGTAGTTGC-1_V13B23-285_D1,5
AACAATACATTGTCGA-1_V13B23-285_D1,5
AACAATTACTCTACGC-1_V13B23-285_D1,5
AACACACGCTCGCCGC-1_V13B23-285_D1,10
AACACGACTGTACTGA-1_V13B23-285_D1,9
AACACGAGACGCGGCC-1_V13B23-285_D1,11
AACAGCTGTGTGGCAA-1_V13B23-285_D1,5
AACAGGAAATCGAATA-1_V13B23-285_D1,12
AACAGGATGGGCCGCG-1_V13B23-285_D1,5
AACAGGTAGTATGGAT-1_V13B23-285_D1,10
AACATATCAACTGGTG-1_V13B23-285_D1,1
AACATCGATACGTCTA-1_V13B23-285_D1,2
AACCAAGACTTCTCTG-1_V13B23-285_D1,13
AACCATGGGATCGCTA-1_V13B23-285_D1,8
AACCCAGAGACGGAGA-1_V13B23-285_D1,8
AACCCATCCCATGATC-1_V13B23-285_D1,13
AACCCGAGCAGAATCG-1_V13B23-285_D1,10
AACCCTACTGTCAATA-1_V13B23-285_D1,10
AACCCTGGTGGAACCA-1_V13B23-285_D1,9
AACCGAGCTTGGTCAT-1_V13B23-285_D1,11
AACCGCTAAGGGATGC-1_V13B23-285_D1,10
AACCGTTGTGTTTGCT-1_V13B23-285_D1,6
AACCTCGCTTTAGCCC-1_V13B23-285_D1,10
AACCTGTCACGGAATT-1_V13B23-285_D1,13
AACCTTTAAATACGGT-1_V13B23-285_D1,10
AACCTTTACGACGTCT-1_V13B23-285_D1,8
AACGATAATGCCGTAG-1_V13B23-285_D1,10
AACGATAGAAGGGCCG-1_V13B23-285_D1,12
AACGATATGTCAACTG-1_V13B23-285_D1,8
AACGCATGATCTGGGT-1_V13B23-285_D1,13
AACGCGAACGGCAACA-1_V13B23-285_D1,8
AACGCGGTCTCCAGCC-1_V13B23-285_D1,4
AACGCTGTTGCTGAAA-1_V13B23-285_D1,10
AACGGACGTACGTATA-1_V13B23-285_D1,10
AACGGCCATCTCCGGT-1_V13B23-285_D1,5
AACGTACTGTGGGTAC-1_V13B23-285_D1,5
AACGTCAGACTAGTGG-1_V13B23-285_D1,5
AACGTGATGAAGGACA-1_V13B23-285_D1,9
AACGTGCGAAAGTCTC-1_V13B23-285_D1,8
AACTACCCGTTTGTCA-1_V13B23-285_D1,10
AACTAGGCTTGGGTGT-1_V13B23-285_D1,5
AACTCAAGTTAATTGC-1_V13B23-285_D1,5
AACTCCAGAGCGTGTT-1_V13B23-285_D1,10
AACTCCTAATCCCATG-1_V13B23-285_D1,12
AACTCGATGGCGCAGT-1_V13B23-285_D1,8
AACTCTCAATAGAGCG-1_V13B23-285_D1,13
AACTCTCAGTGTGCTC-1_V13B23-285_D1,5
AACTGAGTTATACTGA-1_V13B23-285_D1,10
AACTGATATTAGGCCT-1_V13B23-285_D1,12
AACTGGGTCCCGACGT-1_V13B23-285_D1,8
AACTTCTGCGTCTATC-1_V13B23-285_D1,7
AACTTGCCCGTATGCA-1_V13B23-285_D1,5
AACTTGCGTTCTCGCG-1_V13B23-285_D1,8
AACTTTCTCGATCATG-1_V13B23-285_D1,7
AAGAAATCACCAGATT-1_V13B23-285_D1,2
AAGAAGGATCAGTTAG-1_V13B23-285_D1,8
AAGACCCAACTGAACA-1_V13B23-285_D1,5
AAGACTGCAAGCTACT-1_V13B23-285_D1,8
AAGAGATGAATCGGTA-1_V13B23-285_D1,5
AAGAGCTCTTTATCGG-1_V13B23-285_D1,14
AAGAGGATGTACGCGA-1_V13B23-285_D1,13
AAGAGGCATGGATCGC-1_V13B23-285_D1,8
AAGAGGCCCTTTGGAA-1_V13B23-285_D1,10
AAGATGGCACCGGACC-1_V13B23-285_D1,5
AAGATTGGCGGAACGT-1_V13B23-285_D1,1
AAGCACCCTGCGTATC-1_V13B23-285_D1,10
AAGCATACTCTCCTGA-1_V13B23-285_D1,10
AAGCCGAAGCGGTTTA-1_V13B23-285_D1,10
AAGCCGCTTTACCTTG-1_V13B23-285_D1,2
AAGCCGGAGAGCAGGA-1_V13B23-285_D1,10
AAGCGGCGTCATGGGT-1_V13B23-285_D1,9
AAGCGTCCCTCATCGA-1_V13B23-285_D1,5
AAGCTAGATCGAGTAA-1_V13B23-285_D1,10
AAGCTCGTGCCAAGTC-1_V13B23-285_D1,8
AAGCTCTTTCATGGTG-1_V13B23-285_D1,10
AAGGAGCGGTTGGTGC-1_V13B23-285_D1,5
AAGGATCGATCGCTTG-1_V13B23-285_D1,10
AAGGATGAGGGACCTC-1_V13B23-285_D1,13
AAGGCAGGCTGTCTCC-1_V13B23-285_D1,10
AAGGCGCGTAAAGCTT-1_V13B23-285_D1,5
AAGGCTGTGCTCATCG-1_V13B23-285_D1,5
AAGGGACAGATTCTGT-1_V13B23-285_D1,1
AAGGGACTATGCATTC-1_V13B23-285_D1,5
AAGGTATCCTAATATA-1_V13B23-285_D1,1
AAGGTGATAAACCAGC-1_V13B23-285_D1,10
AAGTAGAAGACCGGGT-1_V13B23-285_D1,8
AAGTAGTGACGCGAGG-1_V13B23-285_D1,13
AAGTCAATTGTCGTCA-1_V13B23-285_D1,10
AAGTCTAGTAGCTGCC-1_V13B23-285_D1,7
AAGTGACGACCGAATT-1_V13B23-285_D1,13
AAGTGAGTCGGGTTTA-1_V13B23-285_D1,5
AAGTGCCTTGACTGTA-1_V13B23-285_D1,10
AAGTGCGTTAGAATCT-1_V13B23-285_D1,7
AAGTGTTTGGAGACGG-1_V13B23-285_D1,10
AAGTTCACTCCAAGCT-1_V13B23-285_D1,10
AAGTTCAGTCTGCGTA-1_V13B23-285_D1,13
AAGTTCGGCCAACAGG-1_V13B23-285_D1,7
AAGTTGTGATGTTATA-1_V13B23-285_D1,10
AATAACAACGCTCGGC-1_V13B23-285_D1,5
AATAACACTAGAACAA-1_V13B23-285_D1,5
AATAATCTTCGTATCG-1_V13B23-285_D1,10
AATACAATGTTTCAGG-1_V13B23-285_D1,5
AATAGAACAGAGTGGC-1_V13B23-285_D1,5
AATAGAATCTGTTTCA-1_V13B23-285_D1,10
AATAGCTACCGCGTGC-1_V13B23-285_D1,13
AATAGTCCGTCCCGAC-1_V13B23-285_D1,11
AATATCGAATCAATGC-1_V13B23-285_D1,10
AATATCGAGGGTTCTC-1_V13B23-285_D1,7
AATATTGGAGTATTGA-1_V13B23-285_D1,13
AATCATGTAAAGACTC-1_V13B23-285_D1,10
AATCCAAGGGCCTGAG-1_V13B23-285_D1,9
AATCGCCTCAGCGCCA-1_V13B23-285_D1,10
AATCGCGCAGAGGACT-1_V13B23-285_D1,10
AATCTAGGTTTACTTG-1_V13B23-285_D1,3
AATCTATGCCGGAGCC-1_V13B23-285_D1,13
AATCTGCGTTGGGACG-1_V13B23-285_D1,13
AATCTGGCTTTCTAGT-1_V13B23-285_D1,13
AATGACAGCAATGTCT-1_V13B23-285_D1,5
AATGACGTAGGATGTC-1_V13B23-285_D1,10
AATGACTGTCAGCCGG-1_V13B23-285_D1,5
AATGAGTTCGCATATG-1_V13B23-285_D1,8
AATGATGATACGCTAT-1_V13B23-285_D1,3
AATGATGCGACTCCTG-1_V13B23-285_D1,7
AATGCAACCGGGTACC-1_V13B23-285_D1,5
AATGCACCAAGCAATG-1_V13B23-285_D1,13
AATGGTCCACCGTTCA-1_V13B23-285_D1,7
AATGGTTCTCACAAGC-1_V13B23-285_D1,8
AATGTGCCCGAGGTGT-1_V13B23-285_D1,7
AATTAAAGGTCGGCGT-1_V13B23-285_D1,3
AATTAACGGATTTCCA-1_V13B23-285_D1,5
AATTAGCGCTGCAGCG-1_V13B23-285_D1,5
AATTCATAAGGGATCT-1_V13B23-285_D1,1
AATTCTAGAGTTAGGC-1_V13B23-285_D1,8
AATTGAACGCTCTGGT-1_V13B23-285_D1,10
AATTGCAGCAATCGAC-1_V13B23-285_D1,10
AATTGTGGTTGCCAAA-1_V13B23-285_D1,10
AATTTGGGACATAGTA-1_V13B23-285_D1,12
AATTTGGTTCCAAAGA-1_V13B23-285_D1,6
ACAAAGCATGACCTAG-1_V13B23-285_D1,10
ACAAATCGCACCGAAT-1_V13B23-285_D1,10
ACAAATGGTAGTGTTT-1_V13B23-285_D1,10
ACAACAGCATGAGCTA-1_V13B23-285_D1,8
ACAACGGTCCCTGCGA-1_V13B23-285_D1,5
ACAAGCAGTGCCTAGC-1_V13B23-285_D1,5
ACAAGGAAATCCGCCC-1_V13B23-285_D1,10
ACAAGGACAAGAGGTT-1_V13B23-285_D1,5
ACAAGGATGCTTTAGG-1_V13B23-285_D1,10
ACAAGGGCAGGCTCTG-1_V13B23-285_D1,10
ACAATAGTCGTACGTT-1_V13B23-285_D1,13
ACAATCCATTTAAACC-1_V13B23-285_D1,5
ACAATGAATACGGAGA-1_V13B23-285_D1,5
ACAATTGTGTCTCTTT-1_V13B23-285_D1,10
ACAATTTGAGCAGTGG-1_V13B23-285_D1,8
ACAATTTGGCCATATT-1_V13B23-285_D1,10
ACACAAAGACGGGTGG-1_V13B23-285_D1,5
ACACACCAGGACCAGT-1_V13B23-285_D1,10
ACACATGATCAAATCT-1_V13B23-285_D1,1
ACACCACATAATTAGC-1_V13B23-285_D1,13
ACACCCAGCATGCAGC-1_V13B23-285_D1,5
ACACCCGAGAAATCCG-1_V13B23-285_D1,8
ACACCTTAAGTAGGGC-1_V13B23-285_D1,5
ACACCTTACTACTTGC-1_V13B23-285_D1,10
ACACGAGACTCCTTCT-1_V13B23-285_D1,7
ACACGGGAACTTAGGG-1_V13B23-285_D1,7
ACACGTAGGCCACAAG-1_V13B23-285_D1,10
ACACTCCAATGTCACT-1_V13B23-285_D1,1
ACACTGATCAAGGTGT-1_V13B23-285_D1,5
ACACTGGGACAGTCGT-1_V13B23-285_D1,6
ACAGAACTGAGAACAA-1_V13B23-285_D1,13
ACAGCATAGAGCCAGT-1_V13B23-285_D1,9
ACAGCGACATTCTCAT-1_V13B23-285_D1,10
ACAGCGCACCCGCAGC-1_V13B23-285_D1,9
ACAGGCTTGCCCGACT-1_V13B23-285_D1,10
ACAGGTGGAGGTGAGG-1_V13B23-285_D1,5
ACAGTAATACAACTTG-1_V13B23-285_D1,1
ACAGTATACCGTGGGA-1_V13B23-285_D1,2
ACATAATAAGGCGGTG-1_V13B23-285_D1,8
ACATCCCGGCCATACG-1_V13B23-285_D1,7
ACATCCTGGTAACTGT-1_V13B23-285_D1,10
ACATCGATCGTTTACC-1_V13B23-285_D1,5
ACATCGGTCAGCCGCG-1_V13B23-285_D1,5
ACATCGTATGCAATGG-1_V13B23-285_D1,10
ACATCGTTAACCTAGT-1_V13B23-285_D1,9
ACATGGCGCCAAAGTA-1_V13B23-285_D1,10
ACATTAGTTTATATCC-1_V13B23-285_D1,5
ACCAAACACCCAGCGA-1_V13B23-285_D1,2
ACCAACACCACACACT-1_V13B23-285_D1,13
ACCAACCGCACTCCAC-1_V13B23-285_D1,10
ACCAACGCTTATTTAT-1_V13B23-285_D1,5
ACCAAGAACGCGTGTC-1_V13B23-285_D1,8
ACCAATATGCAAGTTA-1_V13B23-285_D1,10
ACCACAACTCAGAACA-1_V13B23-285_D1,9
ACCACAAGTTTCTATC-1_V13B23-285_D1,5
ACCACCAATGTAACAA-1_V13B23-285_D1,10
ACCACCCTCTCTTCTA-1_V13B23-285_D1,13
ACCACGTGCAGCTATA-1_V13B23-285_D1,10
ACCAGTGCGGGAGACG-1_V13B23-285_D1,10
ACCATATCCGCAATAA-1_V13B23-285_D1,5
ACCATCGTATATGGTA-1_V13B23-285_D1,3
ACCCAACGCCCGTGGC-1_V13B23-285_D1,13
ACCCACCTACATGCTC-1_V13B23-285_D1,5
ACCCATCTTGAGGGTA-1_V13B23-285_D1,7
ACCCATTTGTCCCTCT-1_V13B23-285_D1,10
ACCCGGAAACTCCCAG-1_V13B23-285_D1,5
ACCCGGAGCACCACAA-1_V13B23-285_D1,10
ACCCGGATGACGCATC-1_V13B23-285_D1,10
ACCCGGTTACACTTCC-1_V13B23-285_D1,3
ACCCGTGTCATCAGTA-1_V13B23-285_D1,5
ACCCTATAGGACTGAG-1_V13B23-285_D1,8
ACCCTATGCCATATCG-1_V13B23-285_D1,5
ACCCTCCCTTGCTATT-1_V13B23-285_D1,10
ACCCTGGTAACGCCCT-1_V13B23-285_D1,2
ACCCTTGCCTGGGTCG-1_V13B23-285_D1,2
ACCGACACATCTCCCA-1_V13B23-285_D1,5
ACCGACTGAGTCCCAC-1_V13B23-285_D1,2
ACCGATAGGCATAACC-1_V13B23-285_D1,10
ACCGATATTTAATCAT-1_V13B23-285_D1,10
ACCGATGGTAGCATCG-1_V13B23-285_D1,1
ACCGCAATAACTGCCT-1_V13B23-285_D1,10
ACCGCGGTGGAAGTCG-1_V13B23-285_D1,10
ACCGGGCCTTTGTTGA-1_V13B23-285_D1,10
ACCGGTCAGGTACACC-1_V13B23-285_D1,1
ACCGTGACCACGTGGG-1_V13B23-285_D1,5
ACCTAAGTACCTTTCA-1_V13B23-285_D1,7
ACCTAATCGACTTCCT-1_V13B23-285_D1,5
ACCTACAGTATGTGGT-1_V13B23-285_D1,10
ACCTCCGCCCTCGCTG-1_V13B23-285_D1,10
ACCTCCGTTATTCACC-1_V13B23-285_D1,13
ACCTGCGTGTCATGTT-1_V13B23-285_D1,5
ACGAAATGGGCGGCAC-1_V13B23-285_D1,5
ACGACCCATGAGTTGC-1_V13B23-285_D1,10
ACGAGATATTTGCTTA-1_V13B23-285_D1,9
ACGAGGATACCACTCT-1_V13B23-285_D1,5
ACGAGGTTTACAACGT-1_V13B23-285_D1,3
ACGAGTACGGATGCCC-1_V13B23-285_D1,13
ACGATACATAGAACTA-1_V13B23-285_D1,8
ACGATCATACATAGAG-1_V13B23-285_D1,8
ACGATCATCTTGTAAA-1_V13B23-285_D1,3
ACGATGCATATGTTAT-1_V13B23-285_D1,5
ACGATGGATCCGATGC-1_V13B23-285_D1,9
ACGCAATCACTACAGC-1_V13B23-285_D1,13
ACGCATACGTTTACTA-1_V13B23-285_D1,10
ACGCATTCGTGAGTAC-1_V13B23-285_D1,4
ACGCCAGATGATTTCT-1_V13B23-285_D1,12
ACGCCGCTAGACGACC-1_V13B23-285_D1,10
ACGCGAAGTCAGACGA-1_V13B23-285_D1,5
ACGCGCTACACAGGGT-1_V13B23-285_D1,13
ACGCGGGCCAAGGACA-1_V13B23-285_D1,5
ACGCTAGTGATACACT-1_V13B23-285_D1,13
ACGGAATTTAGCAAAT-1_V13B23-285_D1,8
ACGGACTCTCAAAGCG-1_V13B23-285_D1,10
ACGGAGCGCAAATTAC-1_V13B23-285_D1,13
ACGGATGGTGCGGATA-1_V13B23-285_D1,10
ACGGCACTTGCTTGGG-1_V13B23-285_D1,5
ACGGCCAACATGGACT-1_V13B23-285_D1,5
ACGGCGACGATGGGAA-1_V13B23-285_D1,10
ACGGGAGTGTCGGCCC-1_V13B23-285_D1,7
ACGGGCGTATGCGACA-1_V13B23-285_D1,13
ACGTACAGATTTCTCT-1_V13B23-285_D1,9
ACGTAGATTGCTGATG-1_V13B23-285_D1,11
ACGTATTACTCCGATC-1_V13B23-285_D1,10
ACGTGCGCCTCGTGCA-1_V13B23-285_D1,6
ACGTTAATGTCGAAGA-1_V13B23-285_D1,10
ACGTTAGATTTGCCCG-1_V13B23-285_D1,7
ACGTTCGCAATCAATT-1_V13B23-285_D1,13
ACGTTCGTTCAGGAAA-1_V13B23-285_D1,10
ACGTTCTGTACAAGTC-1_V13B23-285_D1,10
ACGTTTAGTTGTGATC-1_V13B23-285_D1,12
ACTACCAGCTCTCTGG-1_V13B23-285_D1,5
ACTACGCGTTAGAATT-1_V13B23-285_D1,5
ACTAGTTGCGATCGTC-1_V13B23-285_D1,10
ACTATATGCTGTGTTC-1_V13B23-285_D1,11
ACTATCCAGGGCATGG-1_V13B23-285_D1,10
ACTATCTGCCCGCGTA-1_V13B23-285_D1,10
ACTATTCGTCCGTGGT-1_V13B23-285_D1,12
ACTATTTCCGGGCCCA-1_V13B23-285_D1,1
ACTCAAGTGCAAGGCT-1_V13B23-285_D1,10
ACTCAATAAAGGCACG-1_V13B23-285_D1,8
ACTCCCATTCCTAAAG-1_V13B23-285_D1,5
ACTCCCGAATTCGTTT-1_V13B23-285_D1,13
ACTCCCGTAGACTAGG-1_V13B23-285_D1,2
ACTCCCTAATGCTAAA-1_V13B23-285_D1,10
ACTCCCTAGAATAGTA-1_V13B23-285_D1,10
ACTCGCCGTTCGATAA-1_V13B23-285_D1,10
ACTCGCGATCTGACGC-1_V13B23-285_D1,10
ACTCGTAACCCGTCCT-1_V13B23-285_D1,5
ACTCGTCAGTAATCCC-1_V13B23-285_D1,8
ACTCTCTGACTTAGGT-1_V13B23-285_D1,10
ACTCTCTTATACACGA-1_V13B23-285_D1,9
ACTCTTCAGCTCCCGC-1_V13B23-285_D1,13
ACTCTTGTATAGTAAC-1_V13B23-285_D1,10
ACTGAAACGCCGTTAG-1_V13B23-285_D1,10
ACTGAATGGCGAAAGT-1_V13B23-285_D1,10
ACTGCCGTCGTAACTC-1_V13B23-285_D1,12
ACTGCGGACACACCGT-1_V13B23-285_D1,13
ACTGTACGATACACAT-1_V13B23-285_D1,13
ACTGTAGCACTTTGGA-1_V13B23-285_D1,4
ACTGTCCAGGATTATA-1_V13B23-285_D1,5
ACTGTCTTCTTTAGAA-1_V13B23-285_D1,7
ACTGTGCTAGTAGATC-1_V13B23-285_D1,8
ACTTACCGGGCGCGCA-1_V13B23-285_D1,13
ACTTACGCATCCACGC-1_V13B23-285_D1,10
ACTTAGTACGACAAGA-1_V13B23-285_D1,8
ACTTATACTTACCCGG-1_V13B23-285_D1,1
ACTTATTAGGATCGGT-1_V13B23-285_D1,5
ACTTATTTATGTGCCA-1_V13B23-285_D1,10
ACTTCAGGCTGATCCC-1_V13B23-285_D1,10
ACTTCCATGCGGGACA-1_V13B23-285_D1,10
ACTTCGCCATACGCAC-1_V13B23-285_D1,3
ACTTCGCTAGCGAGTG-1_V13B23-285_D1,13
ACTTGACTCCCTCTTT-1_V13B23-285_D1,10
ACTTGGGACCCGGTGG-1_V13B23-285_D1,5
ACTTGTGGATGGAACG-1_V13B23-285_D1,10
ACTTTACCCTCATGAA-1_V13B23-285_D1,13
ACTTTCCTATAGCTTC-1_V13B23-285_D1,3
ACTTTGTCGACGCACT-1_V13B23-285_D1,10
AGAAATTATGACTCGC-1_V13B23-285_D1,10
AGAACCCAGCGTGACA-1_V13B23-285_D1,10
AGAACGTGGTACATTC-1_V13B23-285_D1,3
AGAAGAGCGCCGTTCC-1_V13B23-285_D1,10
AGAAGGTACACTTCAC-1_V13B23-285_D1,3
AGAAGGTTGCCGAATT-1_V13B23-285_D1,7
AGAAGGTTGTAGGTCG-1_V13B23-285_D1,10
AGAAGTGATTCGTGAT-1_V13B23-285_D1,5
AGAATGCGGGTTCGGA-1_V13B23-285_D1,11
AGAATTATGGATTCGA-1_V13B23-285_D1,13
AGAATTGTTTGACATA-1_V13B23-285_D1,8
AGACAGGCATCTCAGC-1_V13B23-285_D1,10
AGACCATGGGATACAA-1_V13B23-285_D1,5
AGACCCACCGCTGATC-1_V13B23-285_D1,5
AGACCCGCCCTCCTCG-1_V13B23-285_D1,5
AGACCGCTCCGCGGTT-1_V13B23-285_D1,10
AGACCGGGAAACCCTG-1_V13B23-285_D1,13
AGACGAAGTGCCGGTC-1_V13B23-285_D1,10
AGACGACGATGCCGCT-1_V13B23-285_D1,1
AGACGCCCACTTCGCC-1_V13B23-285_D1,10
AGACTAGCCTTCCAGA-1_V13B23-285_D1,5
AGAGAACCGTCTAGGA-1_V13B23-285_D1,13
AGAGAAGGAGTACAAT-1_V13B23-285_D1,5
AGAGATCTCTAAAGCG-1_V13B23-285_D1,13
AGAGCAGTTATGAGAC-1_V13B23-285_D1,2
AGAGCCGCCGAGATTT-1_V13B23-285_D1,10
AGAGCGCTTGTAACGG-1_V13B23-285_D1,2
AGAGCGGGCTAATCAT-1_V13B23-285_D1,12
AGAGCGTACAAGCTCG-1_V13B23-285_D1,5
AGAGGCTTCGGAAACC-1_V13B23-285_D1,10
AGAGTAAACTTCACTA-1_V13B23-285_D1,10
AGAGTATAGTGTTACG-1_V13B23-285_D1,13
AGATAACTTCAGGGCC-1_V13B23-285_D1,5
AGATACCAATAGAACC-1_V13B23-285_D1,10
AGATACCAGCACTTCA-1_V13B23-285_D1,2
AGATACCGGTGTTCAC-1_V13B23-285_D1,7
AGATACGACTTCATAT-1_V13B23-285_D1,8
AGATACTCAAGATCGA-1_V13B23-285_D1,10
AGATATAATACGACTA-1_V13B23-285_D1,10
AGATCGTGCATAAGAT-1_V13B23-285_D1,7
AGATCTCAGGTGTGAT-1_V13B23-285_D1,13
AGATGACTCGCCCACG-1_V13B23-285_D1,8
AGATGAGGGTTGCGAT-1_V13B23-285_D1,13
AGATGATGGAGTCTGG-1_V13B23-285_D1,13
AGATGCAAGACGTGCA-1_V13B23-285_D1,1
AGATTATAGGACGTTT-1_V13B23-285_D1,5
AGCAAAGGCCGCTAGT-1_V13B23-285_D1,10
AGCAACATATCTTATT-1_V13B23-285_D1,10
AGCAACCGAAAGTAAT-1_V13B23-285_D1,3
AGCACCAGTACTCACG-1_V13B23-285_D1,7
AGCACTACCGGCCTGT-1_V13B23-285_D1,13
AGCACTACCTCACCAG-1_V13B23-285_D1,10
AGCACTTAAGGACGCC-1_V13B23-285_D1,5
AGCAGAAGGAGAAAGA-1_V13B23-285_D1,11
AGCAGCCAGATGAATA-1_V13B23-285_D1,7
AGCATATCAATATGCT-1_V13B23-285_D1,10
AGCATCATTTCGAAAG-1_V13B23-285_D1,5
AGCATCGTCGATAATT-1_V13B23-285_D1,8
AGCATTACGAGGCAAG-1_V13B23-285_D1,10
AGCCACAGGTTACCCG-1_V13B23-285_D1,10
AGCCACTCCCGTGCTT-1_V13B23-285_D1,8
AGCCCATACATGTAAG-1_V13B23-285_D1,13
AGCCCGGTAGCCTGTA-1_V13B23-285_D1,5
AGCCCTAAGCGAAGTT-1_V13B23-285_D1,12
AGCCCTGTCGCACCGT-1_V13B23-285_D1,10
AGCCCTTCTAATCCGA-1_V13B23-285_D1,13
AGCCCTTGGACATCCC-1_V13B23-285_D1,10
AGCCGTGGCTAAATGT-1_V13B23-285_D1,5
AGCCTTAAAGCGGAAG-1_V13B23-285_D1,3
AGCGACAGGAACGGTC-1_V13B23-285_D1,5
AGCGACATCCCATTCA-1_V13B23-285_D1,14
AGCGACCAACGATATT-1_V13B23-285_D1,11
AGCGATGCGCCTAATA-1_V13B23-285_D1,4
AGCGCATAATGAATCG-1_V13B23-285_D1,5
AGCGCGGGTGCCAATG-1_V13B23-285_D1,1
AGCGCTAGAGCGATGT-1_V13B23-285_D1,10
AGCGGACACTTCGTAG-1_V13B23-285_D1,4
AGCGGGAAGGGTCCAT-1_V13B23-285_D1,8
AGCGGTTGCCGCTCTG-1_V13B23-285_D1,2
AGCGTGGTATTCTACT-1_V13B23-285_D1,10
AGCTAAGTACGCAGGC-1_V13B23-285_D1,10
AGCTAGAAGCAGAAGT-1_V13B23-285_D1,11
AGCTATTTAATCCAAC-1_V13B23-285_D1,12
AGCTCCATATATGTTC-1_V13B23-285_D1,10
AGCTCCTTCGCACATC-1_V13B23-285_D1,10
AGCTCTAGACGTTCCA-1_V13B23-285_D1,10
AGCTCTTCCCAGTGCA-1_V13B23-285_D1,12
AGCTCTTCGTAACCTT-1_V13B23-285_D1,10
AGCTCTTTACTCAGTT-1_V13B23-285_D1,7
AGCTGAAGTAAACCAA-1_V13B23-285_D1,12
AGCTGTAACCTCAATC-1_V13B23-285_D1,7
AGCTTGATCTTAACTT-1_V13B23-285_D1,13
AGGAACGAACGACTTC-1_V13B23-285_D1,10
AGGAAGCTGTCCGCCG-1_V13B23-285_D1,5
AGGACAGTCGAATCCC-1_V13B23-285_D1,10
AGGACATCGCACGTCG-1_V13B23-285_D1,8
AGGACATCGGCACACT-1_V13B23-285_D1,10
AGGACGACCCATTAGA-1_V13B23-285_D1,7
AGGACGCTCGATGTTG-1_V13B23-285_D1,13
AGGAGACATCCACAGT-1_V13B23-285_D1,13
AGGAGAGTCTGGCTAC-1_V13B23-285_D1,3
AGGAGGCCTTCGCGCG-1_V13B23-285_D1,10
AGGATAAAGTCGGGAT-1_V13B23-285_D1,10
AGGATATAGGGATTTA-1_V13B23-285_D1,10
AGGATCACGCGATCTG-1_V13B23-285_D1,3
AGGATTGCTTACGACA-1_V13B23-285_D1,13
AGGCACGTGACTGTCC-1_V13B23-285_D1,10
AGGCAGATGCGTAAAC-1_V13B23-285_D1,1
AGGCAGGGAGCGTACT-1_V13B23-285_D1,5
AGGCATTGTCGTAGGG-1_V13B23-285_D1,10
AGGCCACATTGGTTAC-1_V13B23-285_D1,10
AGGCCACCCGTTATGA-1_V13B23-285_D1,5
AGGCCCATTGTACAGG-1_V13B23-285_D1,12
AGGCCCTAGAACGCCA-1_V13B23-285_D1,1
AGGCCTGAGAATCTCG-1_V13B23-285_D1,10
AGGCGATAACTGGCGT-1_V13B23-285_D1,10
AGGCGGTTTGTCCCGC-1_V13B23-285_D1,1
AGGCGTCTATGGACGG-1_V13B23-285_D1,13
AGGCTATGGTTAGCTT-1_V13B23-285_D1,5
AGGCTTCCCGAAGAAG-1_V13B23-285_D1,5
AGGCTTGCTAGACACC-1_V13B23-285_D1,11
AGGGAAACGAGGTACT-1_V13B23-285_D1,12
AGGGACCGGCTGCGTT-1_V13B23-285_D1,13
AGGGACTCTACGCGAC-1_V13B23-285_D1,5
AGGGAGACATACTTCG-1_V13B23-285_D1,13
AGGGCAGCGGCGTGGT-1_V13B23-285_D1,9
AGGGCCCTAATGTTCT-1_V13B23-285_D1,10
AGGGCGAGCAGCTGAT-1_V13B23-285_D1,13
AGGGCGTGATCGGCTA-1_V13B23-285_D1,8
AGGGCTGCAGTTACAG-1_V13B23-285_D1,10
AGGGTCAGTAACCCTA-1_V13B23-285_D1,2
AGGGTCGATGCGAACT-1_V13B23-285_D1,10
AGGGTGCTCTCGAGGG-1_V13B23-285_D1,13
AGGGTTCCCTTTGGTT-1_V13B23-285_D1,13
AGGGTTTAGTTCGGGA-1_V13B23-285_D1,1
AGGTAACCTCCTATTC-1_V13B23-285_D1,8
AGGTACGATATTGCCA-1_V13B23-285_D1,6
AGGTAGGTACAAAGCT-1_V13B23-285_D1,13
AGGTATAATTGATAGT-1_V13B23-285_D1,13
AGGTATGCGGACATTA-1_V13B23-285_D1,8
AGGTCAGGTGAGAGTG-1_V13B23-285_D1,7
AGGTCGCCTCCCAACA-1_V13B23-285_D1,10
AGGTCGCGGAGTTACT-1_V13B23-285_D1,7
AGGTGTATCGCCATGA-1_V13B23-285_D1,13
AGGTGTTGCCGACCAC-1_V13B23-285_D1,10
AGGTTACACCATGCCG-1_V13B23-285_D1,10
AGGTTGAGGCACGCTT-1_V13B23-285_D1,8
AGGTTTCACACACCTT-1_V13B23-285_D1,5
AGTAATGTCTTGCCGC-1_V13B23-285_D1,12
AGTACATCATTTATCA-1_V13B23-285_D1,13
AGTACGGGCACCTGGC-1_V13B23-285_D1,3
AGTACTCTTATGCCCA-1_V13B23-285_D1,10
AGTAGGAAGGAAGTTG-1_V13B23-285_D1,13
AGTAGGTAACATACAT-1_V13B23-285_D1,9
AGTATAATACTAGGCA-1_V13B23-285_D1,5
AGTATGCTGGAGACCA-1_V13B23-285_D1,1
AGTATTTGGCACGACC-1_V13B23-285_D1,5
AGTCAACACCACCATC-1_V13B23-285_D1,5
AGTCAAGATGACACTT-1_V13B23-285_D1,10
AGTCACTAGCTCTCGA-1_V13B23-285_D1,10
AGTCAGCCACCGCCTG-1_V13B23-285_D1,8
AGTCCATTGGCTGATG-1_V13B23-285_D1,10
AGTCCCGCCTTTAATT-1_V13B23-285_D1,11
AGTCCCTCGCAGAAAG-1_V13B23-285_D1,7
AGTCGACGGTCTCAAG-1_V13B23-285_D1,10
AGTCGGCCCAAACGAC-1_V13B23-285_D1,5
AGTCGGCTCAACTTTA-1_V13B23-285_D1,5
AGTCGGTTGCGTGAGA-1_V13B23-285_D1,10
AGTCGTATAAAGCAGA-1_V13B23-285_D1,10
AGTCGTCGACCACCAA-1_V13B23-285_D1,10
AGTCGTGGGCATTACG-1_V13B23-285_D1,5
AGTCTAAAGTATACTC-1_V13B23-285_D1,13
AGTCTCACAAGACTAC-1_V13B23-285_D1,7
AGTCTGGACATCCTTG-1_V13B23-285_D1,5
AGTCTTCTCCTCAAAT-1_V13B23-285_D1,8
AGTGAACAAACTTCTC-1_V13B23-285_D1,10
AGTGAAGATGGTGTCC-1_V13B23-285_D1,2
AGTGACCTACTTTACG-1_V13B23-285_D1,5
AGTGAGACTTCCAGTA-1_V13B23-285_D1,13
AGTGAGCCTCGCCGCC-1_V13B23-285_D1,13
AGTGAGGGTTTCTGAC-1_V13B23-285_D1,9
AGTGAGTCGAATTAAC-1_V13B23-285_D1,10
AGTGATAACCTGCGCG-1_V13B23-285_D1,10
AGTGATATGAGTAGTT-1_V13B23-285_D1,5
AGTGATTCAAGCAGGA-1_V13B23-285_D1,13
AGTGCACGCTTAAGAA-1_V13B23-285_D1,10
AGTGCGTAGCTCGTAA-1_V13B23-285_D1,7
AGTGCTAAACACAGCA-1_V13B23-285_D1,10
AGTGCTTGCACGAATA-1_V13B23-285_D1,10
AGTGGCGGCAATTTGA-1_V13B23-285_D1,11
AGTGGCGTCTGAAGGT-1_V13B23-285_D1,4
AGTGTATTGCGCATTG-1_V13B23-285_D1,13
AGTGTGGTCTATTGTG-1_V13B23-285_D1,5
AGTTAAACACTTGCGA-1_V13B23-285_D1,5
AGTTAAGCGGTCCCGG-1_V13B23-285_D1,12
AGTTAAGTCAACCGCT-1_V13B23-285_D1,7
AGTTACTCTATCGTGG-1_V13B23-285_D1,6
AGTTCCTACAGAATTA-1_V13B23-285_D1,5
AGTTCCTATTTATGTT-1_V13B23-285_D1,8
AGTTCTGCGTTGTATC-1_V13B23-285_D1,8
AGTTGACATCGGCTGG-1_V13B23-285_D1,11
AGTTGCTGACTGATAT-1_V13B23-285_D1,7
AGTTTATGTAAAGACA-1_V13B23-285_D1,13
AGTTTCGCAGGTCGGA-1_V13B23-285_D1,6
AGTTTGCACCTGCCTC-1_V13B23-285_D1,10
AGTTTGGCACGGGTTG-1_V13B23-285_D1,10
AGTTTGGCCAGACCTA-1_V13B23-285_D1,7
ATAAACGGACCCGTAA-1_V13B23-285_D1,5
ATAAACGTTGCACCAC-1_V13B23-285_D1,10
ATAAAGGCTCGGTCGT-1_V13B23-285_D1,5
ATAACGCCGGAGGGTC-1_V13B23-285_D1,7
ATAACGGAGTCCAACG-1_V13B23-285_D1,8
ATAAGGTGGAGAACAT-1_V13B23-285_D1,10
ATAAGTAGGATTCAGA-1_V13B23-285_D1,7
ATAAGTAGGGCGACTC-1_V13B23-285_D1,13
ATAAGTTACCGCGACG-1_V13B23-285_D1,5
ATAATACCGTTAGCCG-1_V13B23-285_D1,5
ATAATAGCTGTTGAAT-1_V13B23-285_D1,8
ATAATAGTGTAGGGAC-1_V13B23-285_D1,8
ATAATCTTGGAGAACC-1_V13B23-285_D1,10
ATAATTAGCTAAGTAG-1_V13B23-285_D1,1
ATACAGGCCCTCCAAT-1_V13B23-285_D1,10
ATACCACGGGCAACTT-1_V13B23-285_D1,13
ATACCAGGCTAATAGA-1_V13B23-285_D1,9
ATACCGTCATCCATAA-1_V13B23-285_D1,2
ATACCTAACCAAGAAA-1_V13B23-285_D1,5
ATACGAAGGCTTTCCA-1_V13B23-285_D1,13
ATACGCCGGCGAAACC-1_V13B23-285_D1,10
ATACGGAACGTCGTTT-1_V13B23-285_D1,3
ATACGGGTTTCGATTG-1_V13B23-285_D1,8
ATACGTACTTAGCCAC-1_V13B23-285_D1,10
ATACGTCCACTCCTGT-1_V13B23-285_D1,10
ATACGTTATGCACGGA-1_V13B23-285_D1,1
ATACTACCCGTACCAC-1_V13B23-285_D1,10
ATACTAGCATGACCCT-1_V13B23-285_D1,8
ATACTCTCGCCACTCT-1_V13B23-285_D1,4
ATACTGCCTTACACCG-1_V13B23-285_D1,10
ATAGACAACGGGACCT-1_V13B23-285_D1,1
ATAGACGAAGAGAAAG-1_V13B23-285_D1,5
ATAGAGTACTGGGACA-1_V13B23-285_D1,5
ATAGAGTTATCAACTT-1_V13B23-285_D1,1
ATAGCAACTAGGGAAG-1_V13B23-285_D1,10
ATAGGCGGCTATAGAA-1_V13B23-285_D1,7
ATAGGCTAGCTTCGCA-1_V13B23-285_D1,1
ATAGGGATATCCTTGA-1_V13B23-285_D1,8
ATAGGTTGGGCAGATG-1_V13B23-285_D1,1
ATAGTGAAGCGTTCTC-1_V13B23-285_D1,5
ATAGTTCCACCCACTC-1_V13B23-285_D1,10
ATATAAAGCGCTCGTG-1_V13B23-285_D1,10
ATATAAATGTAGCTGC-1_V13B23-285_D1,10
ATATAACACGGGCGCA-1_V13B23-285_D1,10
ATATACGCTCGTGACG-1_V13B23-285_D1,10
ATATCAACCTACAGAG-1_V13B23-285_D1,2
ATATCGGTAGGGAGAT-1_V13B23-285_D1,10
ATATCGTTCCTCGAAC-1_V13B23-285_D1,10
ATATCTCCCTCGTTAA-1_V13B23-285_D1,12
ATATCTTAGGGCCTTC-1_V13B23-285_D1,5
ATATGTCTCCCTAGCC-1_V13B23-285_D1,13
ATATTCAGTTAAACCT-1_V13B23-285_D1,3
ATATTCCACATAGTGA-1_V13B23-285_D1,10
ATATTCCCACAGGTCA-1_V13B23-285_D1,9
ATATTGCTGTCAAAGT-1_V13B23-285_D1,8
ATATTGGAGAGGCCTT-1_V13B23-285_D1,10
ATATTTAACCCTCAAG-1_V13B23-285_D1,5
ATCAAACACTGTTCCA-1_V13B23-285_D1,10
ATCAAACGAAGGTTTG-1_V13B23-285_D1,7
ATCAATCTGGGCTGCA-1_V13B23-285_D1,1
ATCACATTAGAATATC-1_V13B23-285_D1,12
ATCACGTGCTAATTAA-1_V13B23-285_D1,7
ATCACTTCATCCTCGC-1_V13B23-285_D1,8
ATCAGACGGCACGCCG-1_V13B23-285_D1,7
ATCAGCCTCATGCTGC-1_V13B23-285_D1,10
ATCAGCTCGTCCACTA-1_V13B23-285_D1,7
ATCAGGTAGCTGACAG-1_V13B23-285_D1,13
ATCAGTAGGCAGGGAT-1_V13B23-285_D1,1
ATCATAGCCCTATGTA-1_V13B23-285_D1,10
ATCATCCAATATTTGT-1_V13B23-285_D1,5
ATCATGGACTACCGAC-1_V13B23-285_D1,10
ATCCAACGCAGTCATA-1_V13B23-285_D1,5
ATCCAATGGAGGGTCC-1_V13B23-285_D1,3
ATCCACATCGACAGAA-1_V13B23-285_D1,10
ATCCAGAGCAACAACC-1_V13B23-285_D1,5
ATCCAGGATTCGTGAA-1_V13B23-285_D1,3
ATCCGGACCAGCCTGA-1_V13B23-285_D1,10
ATCCTACCTAAGCTCT-1_V13B23-285_D1,7
ATCCTGAATCGCTGCG-1_V13B23-285_D1,5
ATCCTGCGTGGAATGG-1_V13B23-285_D1,5
ATCCTTCTGAAAGAAC-1_V13B23-285_D1,10
ATCGACCCAATACAGA-1_V13B23-285_D1,5
ATCGACTCTTTCCGTT-1_V13B23-285_D1,8
ATCGCACGATTGTTCA-1_V13B23-285_D1,8
ATCGCACGCCGGGAGA-1_V13B23-285_D1,5
ATCGCCAGTCAACATT-1_V13B23-285_D1,10
ATCGCTGCGTGCAGCA-1_V13B23-285_D1,13
ATCGCTTTACGTCTCA-1_V13B23-285_D1,13
ATCGGAGACAGACGGC-1_V13B23-285_D1,10
ATCGGCAAGCAGTCCA-1_V13B23-285_D1,7
ATCGTTAGCTAGCGGA-1_V13B23-285_D1,10
ATCGTTCACTTTCGCC-1_V13B23-285_D1,9
ATCTAATATCCTACGG-1_V13B23-285_D1,10
ATCTCCCACGGAATAT-1_V13B23-285_D1,10
ATCTCCCTGCAATCTA-1_V13B23-285_D1,12
ATCTCGTGAGCGAAAC-1_V13B23-285_D1,10
ATCTGCACCTCTGCGA-1_V13B23-285_D1,13
ATCTGGGCTGTTCTTG-1_V13B23-285_D1,5
ATCTGGTTAAGACTGT-1_V13B23-285_D1,8
ATCTGTAATTGTACCC-1_V13B23-285_D1,12
ATCTTATCGCACACCC-1_V13B23-285_D1,10
ATCTTGACCTGCAACG-1_V13B23-285_D1,5
ATCTTGACTTGTCCAA-1_V13B23-285_D1,13
ATCTTTCGTATAACCA-1_V13B23-285_D1,13
ATGAAGCCAAGGAGCC-1_V13B23-285_D1,8
ATGACGCCGGCTCTAA-1_V13B23-285_D1,6
ATGACGCGTTCTATCC-1_V13B23-285_D1,3
ATGACTATGCGACATT-1_V13B23-285_D1,10
ATGAGGAGTGTTAATC-1_V13B23-285_D1,5
ATGAGGGCAGCGGCTA-1_V13B23-285_D1,10
ATGATCGGGAATAGAC-1_V13B23-285_D1,12
ATGATGCAATGGTACA-1_V13B23-285_D1,5
ATGCACTACCGCATTG-1_V13B23-285_D1,5
ATGCATGATCCAGGAT-1_V13B23-285_D1,8
ATGCCAATCGCTCTGC-1_V13B23-285_D1,13
ATGCCATTTGCGACCA-1_V13B23-285_D1,10
ATGCCGGTCTTGCATA-1_V13B23-285_D1,13
ATGCCGGTTGATGGGA-1_V13B23-285_D1,12
ATGCGACAATTGGTCC-1_V13B23-285_D1,11
ATGCGACAGTCCCATT-1_V13B23-285_D1,8
ATGCGAGTCCCACCAC-1_V13B23-285_D1,10
ATGCTCAGTGTTGCAT-1_V13B23-285_D1,5
ATGCTCTGGCGCGGTA-1_V13B23-285_D1,10
ATGCTTAGGAGTTGAT-1_V13B23-285_D1,10
ATGGAACCTTTGCACA-1_V13B23-285_D1,8
ATGGAGCAGGCCGTGA-1_V13B23-285_D1,6
ATGGATCCGGCGTCCG-1_V13B23-285_D1,12
ATGGATTGACCAAACG-1_V13B23-285_D1,7
ATGGCGGAATAGTCGC-1_V13B23-285_D1,13
ATGGCTGGAAATGGCC-1_V13B23-285_D1,9
ATGGGCCTCGGCCTCT-1_V13B23-285_D1,10
ATGGTCGCGTGGTTTC-1_V13B23-285_D1,10
ATGTAAGGCTGCTCTT-1_V13B23-285_D1,13
ATGTACATGCGGTGAG-1_V13B23-285_D1,10
ATGTGAAAGCCTAATG-1_V13B23-285_D1,5
ATGTGCATCCGACGCA-1_V13B23-285_D1,8
ATGTGGACATCTTGAT-1_V13B23-285_D1,10
ATGTTACGAGCAATAC-1_V13B23-285_D1,8
ATGTTCGTCGACCCAC-1_V13B23-285_D1,13
ATGTTTCGGCCCGGAG-1_V13B23-285_D1,13
ATTAAACATGCGGACC-1_V13B23-285_D1,5
ATTAATACTACGCGGG-1_V13B23-285_D1,11
ATTAATGAACCAGTCG-1_V13B23-285_D1,8
ATTACAACTACCGGCC-1_V13B23-285_D1,11
ATTACATGTCAGTCTT-1_V13B23-285_D1,10
ATTACCACACTGCCTG-1_V13B23-285_D1,10
ATTACGACTCCACAGT-1_V13B23-285_D1,2
ATTACGCGCTGGCAGG-1_V13B23-285_D1,13
ATTACTAGCCTCTTGC-1_V13B23-285_D1,6
ATTACTTACTGGGCAT-1_V13B23-285_D1,13
ATTAGATTCCTCAGCA-1_V13B23-285_D1,2
ATTAGATTGATAGCGG-1_V13B23-285_D1,8
ATTAGGCGATGCTTTC-1_V13B23-285_D1,10
ATTATACTTTGCTCGT-1_V13B23-285_D1,12
ATTATAGCTACTTTAC-1_V13B23-285_D1,13
ATTATGCCATAGGGAG-1_V13B23-285_D1,8
ATTATTATGTCCGTCA-1_V13B23-285_D1,5
ATTCAACCATTTAAGG-1_V13B23-285_D1,10
ATTCACTGATGTTGGA-1_V13B23-285_D1,10
ATTCAGGACCTATTTC-1_V13B23-285_D1,14
ATTCAGTAGCAGGGTC-1_V13B23-285_D1,5
ATTCATATACTGTCCA-1_V13B23-285_D1,5
ATTCATCGTTGAGGCA-1_V13B23-285_D1,10
ATTCCCACATAAACAA-1_V13B23-285_D1,5
ATTCCTAAGACGTGGA-1_V13B23-285_D1,11
ATTCCTCCGCCAGTGC-1_V13B23-285_D1,5
ATTCCTTCCAGGCGGT-1_V13B23-285_D1,8
ATTCGACGCCGGGCCT-1_V13B23-285_D1,7
ATTCGCAGAGGACACT-1_V13B23-285_D1,2
ATTCGCGCCTTGAGAG-1_V13B23-285_D1,10
ATTCGTGCTATCTCTT-1_V13B23-285_D1,10
ATTCTCGTCTCTTTAG-1_V13B23-285_D1,9
ATTCTTCGTACTTATG-1_V13B23-285_D1,9
ATTGAAGATCTTAGTG-1_V13B23-285_D1,5
ATTGACCGGCGATGAC-1_V13B23-285_D1,2
ATTGACGTAACTCGGT-1_V13B23-285_D1,9
ATTGATAGCAACGAGA-1_V13B23-285_D1,8
ATTGATGAGTCCTAAC-1_V13B23-285_D1,13
ATTGCCTTTATGTTTG-1_V13B23-285_D1,10
ATTGCGATCAGTAACT-1_V13B23-285_D1,10
ATTGCTGCTCCTCCAT-1_V13B23-285_D1,5
ATTGGATTACAGCGTA-1_V13B23-285_D1,10
ATTGGGAATATCTTGG-1_V13B23-285_D1,12
ATTGTACAACTCGGCT-1_V13B23-285_D1,13
ATTGTCGCAATACCTT-1_V13B23-285_D1,12
ATTGTGACTTCGCTGC-1_V13B23-285_D1,9
ATTGTTCAACGATCCG-1_V13B23-285_D1,10
ATTTAACTCGTATTAC-1_V13B23-285_D1,11
ATTTACAGTTTACTGG-1_V13B23-285_D1,5
ATTTACTAAGTCCATT-1_V13B23-285_D1,13
ATTTCATTATTTCGCG-1_V13B23-285_D1,12
ATTTCCGGGTTCTGCG-1_V13B23-285_D1,5
ATTTGCGCGAGTAGCT-1_V13B23-285_D1,5
ATTTGTCTTGGGAGCT-1_V13B23-285_D1,10
ATTTGTTCCAGGGCTC-1_V13B23-285_D1,8
CAAACGAGTATCGCAG-1_V13B23-285_D1,5
CAAACGGTCGCACTTT-1_V13B23-285_D1,5
CAAACTACGATAGAGA-1_V13B23-285_D1,12
CAAACTATTGAGCTTC-1_V13B23-285_D1,6
CAAACTCGCGACGCCG-1_V13B23-285_D1,10
CAAAGATTATTGGGCC-1_V13B23-285_D1,5
CAAAGGTCATCTGAAA-1_V13B23-285_D1,10
CAAATCTCTCACAAGG-1_V13B23-285_D1,4
CAAATGTCCTTCCGTG-1_V13B23-285_D1,5
CAAATTGGATTATGCC-1_V13B23-285_D1,2
CAACACATCTCCTGCC-1_V13B23-285_D1,13
CAACCAGTGGCCTACC-1_V13B23-285_D1,10
CAACCTACCGAGCAGT-1_V13B23-285_D1,10
CAACCTGAACCTGCCA-1_V13B23-285_D1,13
CAACGACCCGTTTACA-1_V13B23-285_D1,8
CAACGGTTCTTGATAC-1_V13B23-285_D1,8
CAACGTGGTGGAGTCT-1_V13B23-285_D1,10
CAACTATATCGAATGC-1_V13B23-285_D1,12
CAACTCCTTGATCCCG-1_V13B23-285_D1,8
CAACTGCTCATCCGAT-1_V13B23-285_D1,5
CAAGACTCAGAAGCGC-1_V13B23-285_D1,13
CAAGAGGGCGGAGTAC-1_V13B23-285_D1,10
CAAGATATTATAACGT-1_V13B23-285_D1,10
CAAGCAACGTCGGAGT-1_V13B23-285_D1,5
CAAGCACCAAATGCCT-1_V13B23-285_D1,8
CAAGCGGCACATAATT-1_V13B23-285_D1,10
CAAGGATCGCATGTTC-1_V13B23-285_D1,10
CAAGGCCAGTGGTGCA-1_V13B23-285_D1,10
CAAGGTCCTATAGGCT-1_V13B23-285_D1,13
CAAGTGTGGTTGCAAA-1_V13B23-285_D1,10
CAATAAACCTTGGCCC-1_V13B23-285_D1,8
CAATACGAGAGTCTGA-1_V13B23-285_D1,10
CAATATTCTTGACCTA-1_V13B23-285_D1,5
CAATATTGGACTAGTG-1_V13B23-285_D1,8
CAATCCCTATACCAGC-1_V13B23-285_D1,9
CAATCCTGCCGTGGAG-1_V13B23-285_D1,8
CAATGAGGTTCGACTA-1_V13B23-285_D1,13
CAATGCGAGAAGTATC-1_V13B23-285_D1,6
CAATGGAATCTACATA-1_V13B23-285_D1,9
CAATGGATCTCTACCA-1_V13B23-285_D1,1
CAATGTGCCAACCCTT-1_V13B23-285_D1,13
CAATTAAGGGTGATGA-1_V13B23-285_D1,4
CAATTTCGTATAAGGG-1_V13B23-285_D1,11
CACAAGAAAGATATTA-1_V13B23-285_D1,11
CACAATGAGCTGCTAT-1_V13B23-285_D1,5
CACACACGCTAACGAG-1_V13B23-285_D1,10
CACACAGCTTGCGCTC-1_V13B23-285_D1,10
CACACAGGGATAGATT-1_V13B23-285_D1,5
CACACGCGCTGTCTTA-1_V13B23-285_D1,13
CACAGCACCCACGGCA-1_V13B23-285_D1,5
CACAGCTAGGGAGTGA-1_V13B23-285_D1,8
CACAGGGCCATATAGT-1_V13B23-285_D1,10
CACAGGGCCGTTGTCA-1_V13B23-285_D1,7
CACAGTCCCGCTTCGC-1_V13B23-285_D1,10
CACAGTTCGCTTCCCA-1_V13B23-285_D1,10
CACATATTAGCAGGAT-1_V13B23-285_D1,10
CACATCGTGCACGCGC-1_V13B23-285_D1,5
CACATCTCACCGACGA-1_V13B23-285_D1,10
CACATGATTCAGCAAC-1_V13B23-285_D1,5
CACATGTTTGGACATG-1_V13B23-285_D1,7
CACATTCTTTCGATGG-1_V13B23-285_D1,8
CACATTTCTTGTCAGA-1_V13B23-285_D1,10
CACCAGTCAGCATGCA-1_V13B23-285_D1,1
CACCATCGGAGGAGAC-1_V13B23-285_D1,9
CACCCAAATCTTATGT-1_V13B23-285_D1,13
CACCCACACGTCACCC-1_V13B23-285_D1,8
CACCCACGAGGCAATT-1_V13B23-285_D1,8
CACCCGGTTTGTGACT-1_V13B23-285_D1,5
CACCCTAACAAGATCT-1_V13B23-285_D1,10
CACCCTTGGTGAGACC-1_V13B23-285_D1,13
CACCGATACACCGAGC-1_V13B23-285_D1,9
CACCGCCAGAAGGTTT-1_V13B23-285_D1,5
CACCGCCGACCAGCGA-1_V13B23-285_D1,9
CACCGCGTCCACTCTA-1_V13B23-285_D1,13
CACCGTATCCCATCCG-1_V13B23-285_D1,10
CACCGTTAGGGATCAC-1_V13B23-285_D1,5
CACCGTTGCGCGATAT-1_V13B23-285_D1,5
CACCTAATAGAGTCGT-1_V13B23-285_D1,11
CACCTAATCAGTTTAC-1_V13B23-285_D1,8
CACCTCGATGGTGGAC-1_V13B23-285_D1,8
CACCTTGCGAAACTCG-1_V13B23-285_D1,1
CACCTTGGCGCCTTTG-1_V13B23-285_D1,10
CACGAAAGTTAGTCCC-1_V13B23-285_D1,5
CACGCACAGCGCAGCT-1_V13B23-285_D1,8
CACGCAGCGAGGCTTT-1_V13B23-285_D1,5
CACGCGGAACTGTTGC-1_V13B23-285_D1,10
CACGGACGTGGATGGC-1_V13B23-285_D1,1
CACGGCGCGCCAAAGG-1_V13B23-285_D1,13
CACGTCAATCAATGGA-1_V13B23-285_D1,10
CACGTCGGCAACCTCT-1_V13B23-285_D1,1
CACGTTCGTGCTCTAG-1_V13B23-285_D1,8
CACGTTTCGTACACAC-1_V13B23-285_D1,10
CACTAAAGTTGCCTAT-1_V13B23-285_D1,5
CACTACGGGAGCTGCC-1_V13B23-285_D1,10
CACTCAAGAGCTATGG-1_V13B23-285_D1,5
CACTCAGCTCTTGAGG-1_V13B23-285_D1,6
CACTCCTATGTAAGAT-1_V13B23-285_D1,5
CACTCCTCTCGGTCGG-1_V13B23-285_D1,12
CACTCGAGCTGAACAA-1_V13B23-285_D1,10
CACTCTTCTGCTAGCC-1_V13B23-285_D1,10
CACTGTCCAAGTGAGA-1_V13B23-285_D1,8
CACTTAATCAGACGGA-1_V13B23-285_D1,5
CACTTCGCCACAGGCT-1_V13B23-285_D1,5
CAGAACTTAGCCCTCT-1_V13B23-285_D1,10
CAGAATAACACACGGA-1_V13B23-285_D1,10
CAGAATATTCGTTATC-1_V13B23-285_D1,10
CAGACACCGATCGCTG-1_V13B23-285_D1,5
CAGACCTGTAAGTGTT-1_V13B23-285_D1,13
CAGACGAACCTGATAC-1_V13B23-285_D1,5
CAGAGACGGTCACCCA-1_V13B23-285_D1,5
CAGAGCATGAGCTTGC-1_V13B23-285_D1,7
CAGAGGCGATGCATGA-1_V13B23-285_D1,5
CAGAGTGATTTAACGT-1_V13B23-285_D1,9
CAGATAATGGGCGGGT-1_V13B23-285_D1,10
CAGATACTAACATAGT-1_V13B23-285_D1,5
CAGATCATTTAAAGTC-1_V13B23-285_D1,13
CAGATCCTGGTTTGAA-1_V13B23-285_D1,3
CAGCAGCCCGTTCCTT-1_V13B23-285_D1,13
CAGCAGTCCAGACTAT-1_V13B23-285_D1,10
CAGCAGTCTGTGCTGC-1_V13B23-285_D1,10
CAGCCGGGCCCTCTAT-1_V13B23-285_D1,12
CAGCCTCCTGCAGAGG-1_V13B23-285_D1,8
CAGCCTCGATAGCGGT-1_V13B23-285_D1,10
CAGCCTCTCCTCAAGA-1_V13B23-285_D1,13
CAGCGATTCCCTTCAA-1_V13B23-285_D1,5
CAGCTCACTGAGACAT-1_V13B23-285_D1,5
CAGCTCGACAAGTTAA-1_V13B23-285_D1,11
CAGCTCGTGCTTGTGT-1_V13B23-285_D1,8
CAGCTGGCGTAACCGT-1_V13B23-285_D1,5
CAGCTTAGTAGGTAGC-1_V13B23-285_D1,5
CAGGAAGACTTTATAT-1_V13B23-285_D1,12
CAGGACAGCTGCCCTT-1_V13B23-285_D1,13
CAGGATATATCGTTGT-1_V13B23-285_D1,5
CAGGCAGTCTTACCAG-1_V13B23-285_D1,10
CAGGCCGTTTGGGTGT-1_V13B23-285_D1,5
CAGGCGCACGGTGGTC-1_V13B23-285_D1,7
CAGGCGCCATGCTAGG-1_V13B23-285_D1,10
CAGTAACTATTTATTG-1_V13B23-285_D1,13
CAGTAATCCCTCCCAG-1_V13B23-285_D1,5
CAGTACATTCTCTAAA-1_V13B23-285_D1,13
CAGTACCAGTTTACGT-1_V13B23-285_D1,5
CAGTAGCCCACGCGGT-1_V13B23-285_D1,1
CAGTCGAGGATGCAAT-1_V13B23-285_D1,1
CAGTCTGTATACTGGG-1_V13B23-285_D1,5
CAGTGAATAAATGACT-1_V13B23-285_D1,1
CAGTGGTTGCACATGA-1_V13B23-285_D1,8
CAGTGTCCGCAGAATG-1_V13B23-285_D1,8
CAGTGTCGGCTGGCCC-1_V13B23-285_D1,10
CAGTTCAAATTGACAC-1_V13B23-285_D1,5
CAGTTCCGCGGGTCGA-1_V13B23-285_D1,5
CATAACGGACAGTCGT-1_V13B23-285_D1,13
CATAAGAAGCTTGGCT-1_V13B23-285_D1,10
CATAAGCTCTCCGTCT-1_V13B23-285_D1,13
CATACAAAGCCGAACC-1_V13B23-285_D1,8
CATACACGGTTCCCAC-1_V13B23-285_D1,5
CATACCCGTACCCAGT-1_V13B23-285_D1,5
CATACGGCGTCTGGGC-1_V13B23-285_D1,5
CATACTATGTAATTGT-1_V13B23-285_D1,5
CATACTTAGGCAATAC-1_V13B23-285_D1,13
CATAGCCGCCCGGGAT-1_V13B23-285_D1,5
CATAGCGTTGCCCACC-1_V13B23-285_D1,5
CATAGTACATTGAGAG-1_V13B23-285_D1,12
CATAGTAGCATAGTAG-1_V13B23-285_D1,8
CATAGTCAAATACATA-1_V13B23-285_D1,10
CATAGTCCACAAGAAC-1_V13B23-285_D1,7
CATATACTACTGATAA-1_V13B23-285_D1,13
CATATAGGTACAGTCA-1_V13B23-285_D1,5
CATATGTCAGGCTACG-1_V13B23-285_D1,7
CATATTATTTGCCCTA-1_V13B23-285_D1,9
CATCAAACTGGCGCCC-1_V13B23-285_D1,2
CATCATCTACCCGGAC-1_V13B23-285_D1,6
CATCATTACCCTGAGG-1_V13B23-285_D1,10
CATCCTCTCAAAGATC-1_V13B23-285_D1,10
CATCGCCCGCGGCCAA-1_V13B23-285_D1,8
CATCGGACGGGTTAAT-1_V13B23-285_D1,5
CATCTAGTGAAGGGAA-1_V13B23-285_D1,10
CATCTATCCCGTGTCT-1_V13B23-285_D1,13
CATCTTACACCACCTC-1_V13B23-285_D1,10
CATGAACCGACATTTG-1_V13B23-285_D1,9
CATGACTTCGCTGAAT-1_V13B23-285_D1,10
CATGAGATGCACTCTC-1_V13B23-285_D1,10
CATGATCGCTTTGAGA-1_V13B23-285_D1,10
CATGATGCACAATTCT-1_V13B23-285_D1,8
CATGATGGAAGTTAGC-1_V13B23-285_D1,10
CATGCCAACTCGCAAA-1_V13B23-285_D1,13
CATGCGACCAGTTTAA-1_V13B23-285_D1,1
CATGCGTTAGACAGAA-1_V13B23-285_D1,12
CATGCTGGCTCCAATT-1_V13B23-285_D1,6
CATGGATTGTCTTCCG-1_V13B23-285_D1,10
CATGGCAGGAAGATCG-1_V13B23-285_D1,8
CATGGGTATGCCTTAT-1_V13B23-285_D1,10
CATGGGTCGGGTGTGG-1_V13B23-285_D1,8
CATGGTAAGTAGCGTT-1_V13B23-285_D1,10
CATGGTCTAGATACCG-1_V13B23-285_D1,7
CATGTAAGAGACATTT-1_V13B23-285_D1,10
CATGTAGGAGCGCCAA-1_V13B23-285_D1,13
CATGTCTCATTTATGG-1_V13B23-285_D1,10
CATTACATAGATTGTG-1_V13B23-285_D1,13
CATTACGTCGGCCCGT-1_V13B23-285_D1,8
CATTATGCTTGTTGTG-1_V13B23-285_D1,5
CATTCAGGTCAGTGCG-1_V13B23-285_D1,9
CATTCCCATTCCGTCG-1_V13B23-285_D1,13
CATTCCCTAAGTACAA-1_V13B23-285_D1,8
CATTCGTCGTAGCGGT-1_V13B23-285_D1,10
CATTGATGAACACGCC-1_V13B23-285_D1,13
CATTGCGGGTCAATTC-1_V13B23-285_D1,13
CATTTAGCGGACCATG-1_V13B23-285_D1,1
CATTTCTAGCAGACTA-1_V13B23-285_D1,8
CATTTGAGTGGTACGT-1_V13B23-285_D1,5
CCAAACAGAACCCTCG-1_V13B23-285_D1,8
CCAAATAACAAGATTC-1_V13B23-285_D1,10
CCAACGATGCACTGAT-1_V13B23-285_D1,5
CCAACGCTTGCCAGGG-1_V13B23-285_D1,9
CCAACTTGATAGATCC-1_V13B23-285_D1,10
CCAAGAAAGTGGGCGA-1_V13B23-285_D1,5
CCAAGACTTCTGCGAA-1_V13B23-285_D1,8
CCAAGCGTAACTCGTA-1_V13B23-285_D1,4
CCAAGGAACAGAGAGG-1_V13B23-285_D1,8
CCAATAGTGCCGTCGA-1_V13B23-285_D1,5
CCAATCGGTAGATCGA-1_V13B23-285_D1,12
CCAATGTCACAGCAAG-1_V13B23-285_D1,5
CCAATTACGGGTCGAG-1_V13B23-285_D1,11
CCAATTGAATGTTAAT-1_V13B23-285_D1,8
CCACAATGTACGTCTT-1_V13B23-285_D1,13
CCACACTGAGATATTA-1_V13B23-285_D1,1
CCACAGTACCCATCCT-1_V13B23-285_D1,10
CCACATACTGCACCCA-1_V13B23-285_D1,10
CCACCAACTTTACTGT-1_V13B23-285_D1,5
CCACCCAAGGAAAGTG-1_V13B23-285_D1,8
CCACCTGTATGGAATA-1_V13B23-285_D1,10
CCACGAATTTAACCTC-1_V13B23-285_D1,10
CCACGAGAAGAGAATC-1_V13B23-285_D1,12
CCACGGAGCCATAAGA-1_V13B23-285_D1,7
CCACGGTGCCCGGTAG-1_V13B23-285_D1,13
CCACGTAAATTAGACT-1_V13B23-285_D1,13
CCACTATCCGGGTCAC-1_V13B23-285_D1,13
CCACTGGTGGCTGGTT-1_V13B23-285_D1,8
CCACTGTTTGGATTAA-1_V13B23-285_D1,10
CCAGAAAGCAACTCAT-1_V13B23-285_D1,5
CCAGAGACAAAGCCGG-1_V13B23-285_D1,5
CCAGATAGTTGAGTGA-1_V13B23-285_D1,1
CCAGATGTAAATGGGT-1_V13B23-285_D1,2
CCAGCCTGGACCAATA-1_V13B23-285_D1,10
CCAGCGGGATCACCAG-1_V13B23-285_D1,13
CCAGCTCGAACGCATT-1_V13B23-285_D1,1
CCAGCTGATGGTACTT-1_V13B23-285_D1,13
CCAGCTTCCGCCCGCA-1_V13B23-285_D1,7
CCAGGCTGGCGTCTGA-1_V13B23-285_D1,10
CCAGGGACGTGGCCTC-1_V13B23-285_D1,5
CCAGTAGTCTGATCCA-1_V13B23-285_D1,1
CCAGTCCATTATTCGA-1_V13B23-285_D1,8
CCAGTCTAGACGGCGC-1_V13B23-285_D1,1
CCAGTCTTGTCATAGA-1_V13B23-285_D1,7
CCATAAACAACCCGAC-1_V13B23-285_D1,6
CCATACCTTTACTTGT-1_V13B23-285_D1,13
CCATAGGTTGGCGTGG-1_V13B23-285_D1,8
CCATAGTCAGTAACCC-1_V13B23-285_D1,7
CCATATGGAAACTATA-1_V13B23-285_D1,10
CCATCCATACCAAGTC-1_V13B23-285_D1,8
CCATCGCAGTTAAACT-1_V13B23-285_D1,5
CCATCTCACCAGTGAA-1_V13B23-285_D1,10
CCATGCCCTAGATTTC-1_V13B23-285_D1,10
CCATGCCTGTTTAGTA-1_V13B23-285_D1,5
CCATGCTCTGCAGGAA-1_V13B23-285_D1,8
CCATGGCCCTTGTACC-1_V13B23-285_D1,5
CCATTAGCGATAATCC-1_V13B23-285_D1,7
CCATTCCCTGCCCACA-1_V13B23-285_D1,5
CCATTGTTTCCTCCAT-1_V13B23-285_D1,13
CCATTTCTACCTATTA-1_V13B23-285_D1,10
CCCAAACATGCTGCTC-1_V13B23-285_D1,13
CCCAACATACGTCGCG-1_V13B23-285_D1,7
CCCAACCACACTAACA-1_V13B23-285_D1,9
CCCAATGAGATTTGCA-1_V13B23-285_D1,5
CCCAATTTCACAACTT-1_V13B23-285_D1,13
CCCAGAGGAGGGCGTA-1_V13B23-285_D1,13
CCCAGGTCTGAAGGCT-1_V13B23-285_D1,10
CCCAGTAAACTTGGGA-1_V13B23-285_D1,13
CCCAGTTAAGGCGCCG-1_V13B23-285_D1,10
CCCATATAGGTCGATT-1_V13B23-285_D1,10
CCCGACCATAGTCCGC-1_V13B23-285_D1,8
CCCGAGTTTCTCCGTA-1_V13B23-285_D1,10
CCCGATAGCCTCGCCT-1_V13B23-285_D1,7
CCCGCAGCGCGAACTA-1_V13B23-285_D1,10
CCCGCAGGGCCCAAAG-1_V13B23-285_D1,9
CCCGCCATGCTCCCGT-1_V13B23-285_D1,8
CCCGCGCAATGCACCC-1_V13B23-285_D1,5
CCCGGTGGAAGAACCT-1_V13B23-285_D1,5
CCCGGTGTATCGGAAT-1_V13B23-285_D1,3
CCCGTAAGTCTAGGCC-1_V13B23-285_D1,13
CCCGTAGCTGGGAAGA-1_V13B23-285_D1,5
CCCGTCAGCGTCTGAC-1_V13B23-285_D1,5
CCCGTTTCGCAGATGT-1_V13B23-285_D1,10
CCCTAGTGTCAGGTGT-1_V13B23-285_D1,8
CCCTATGTAGAGCAGA-1_V13B23-285_D1,1
CCCTCATTCTGGAATT-1_V13B23-285_D1,8
CCCTCCTCGCTCGTAT-1_V13B23-285_D1,10
CCCTGAAATGAGTTGA-1_V13B23-285_D1,5
CCCTGATGTAACTCGT-1_V13B23-285_D1,7
CCCTGCCCAATCCGCT-1_V13B23-285_D1,13
CCCTGCGCTACGCATA-1_V13B23-285_D1,13
CCCTTTAATGGAGTTC-1_V13B23-285_D1,10
CCCTTTGACAGGTCTT-1_V13B23-285_D1,5
CCGAAAGTGGTGAGCA-1_V13B23-285_D1,8
CCGAACACTGGGCCTC-1_V13B23-285_D1,13
CCGAACCTTCCCGGCC-1_V13B23-285_D1,10
CCGAAGGGCGTACCGC-1_V13B23-285_D1,13
CCGAAGTATATTGTTC-1_V13B23-285_D1,7
CCGACAAAGGGAGTGC-1_V13B23-285_D1,5
CCGACAATAGGCCGCC-1_V13B23-285_D1,10
CCGACGGGCATGAGGT-1_V13B23-285_D1,5
CCGACGTAAACACAAC-1_V13B23-285_D1,14
CCGAGAAGTCGCATAA-1_V13B23-285_D1,10
CCGAGCTGTGCTTGTC-1_V13B23-285_D1,2
CCGATATGACGTAAGG-1_V13B23-285_D1,10
CCGATCTCAACCTTAT-1_V13B23-285_D1,6
CCGATTCGAGGGACCC-1_V13B23-285_D1,8
CCGCACAAAGACCAAC-1_V13B23-285_D1,8
CCGCACACGAACGTGT-1_V13B23-285_D1,10
CCGCACGTGACCTCGG-1_V13B23-285_D1,5
CCGCATGTGGTACGAT-1_V13B23-285_D1,5
CCGCCGGAACTTCTCG-1_V13B23-285_D1,3
CCGCCGGTCAACACAC-1_V13B23-285_D1,12
CCGCCTGCGAATTGGT-1_V13B23-285_D1,13
CCGCGGAATGCGTCAC-1_V13B23-285_D1,5
CCGCGGGTACGAAGAA-1_V13B23-285_D1,5
CCGCGTAGGTAAGGGC-1_V13B23-285_D1,5
CCGCTATCAGCACCAG-1_V13B23-285_D1,5
CCGCTCTTCCGAACTA-1_V13B23-285_D1,10
CCGCTTACCTCACTCT-1_V13B23-285_D1,3
CCGCTTGCTGACATGG-1_V13B23-285_D1,13
CCGGAAGTTATCAGTC-1_V13B23-285_D1,10
CCGGAATGGTTTCAGT-1_V13B23-285_D1,5
CCGGAGCGTACTTTCT-1_V13B23-285_D1,5
CCGGAGGTCTTATGGT-1_V13B23-285_D1,2
CCGGCACGACCGTTTC-1_V13B23-285_D1,13
CCGGCGCATATTGGAT-1_V13B23-285_D1,12
CCGGGACCCGCAGAGA-1_V13B23-285_D1,8
CCGGGCGGTCTCGTCA-1_V13B23-285_D1,13
CCGGGCTGCTCCATAC-1_V13B23-285_D1,1
CCGGGTTCGAGGTTAC-1_V13B23-285_D1,5
CCGGTAATGGCTAGTC-1_V13B23-285_D1,8
CCGGTTTGTAATTGTG-1_V13B23-285_D1,13
CCGTAAGTTGGTCCCA-1_V13B23-285_D1,1
CCGTACCCAAGCGCCA-1_V13B23-285_D1,8
CCGTAGGAAATCCCTG-1_V13B23-285_D1,10
CCGTAGGGTTGTTTAC-1_V13B23-285_D1,10
CCGTATCTCGTCGTAG-1_V13B23-285_D1,7
CCGTATTAGCGCAGTT-1_V13B23-285_D1,13
CCGTGAGGCATTCATG-1_V13B23-285_D1,4
CCGTGCCCATGACGGC-1_V13B23-285_D1,9
CCGTGGAACGATCCAA-1_V13B23-285_D1,13
CCGTGTTAAATTCCAT-1_V13B23-285_D1,3
CCGTTACGTTAGAACA-1_V13B23-285_D1,8
CCGTTCCGAATCTCGG-1_V13B23-285_D1,13
CCTAAAGGCTGACGCT-1_V13B23-285_D1,12
CCTAAATTAACGGTTC-1_V13B23-285_D1,10
CCTAAATTGTATCCTA-1_V13B23-285_D1,10
CCTAACCCAAACAAGT-1_V13B23-285_D1,10
CCTAACTAAGGCTCTA-1_V13B23-285_D1,1
CCTACATTCACAGACG-1_V13B23-285_D1,1
CCTACGGCTCAGTCGA-1_V13B23-285_D1,8
CCTACTCAACACGATT-1_V13B23-285_D1,10
CCTACTGCGGCGGCCA-1_V13B23-285_D1,7
CCTACTGCTTACACTT-1_V13B23-285_D1,5
CCTAGGCGTAGCGATC-1_V13B23-285_D1,1
CCTAGTTAGTCGCATG-1_V13B23-285_D1,6
CCTATAATGAGTGCCC-1_V13B23-285_D1,10
CCTATACCGTCCTGTC-1_V13B23-285_D1,5
CCTATATTTGTCCTGG-1_V13B23-285_D1,5
CCTATGAAGTGGTGCC-1_V13B23-285_D1,13
CCTATGGGTTACCGTC-1_V13B23-285_D1,13
CCTATGTCCACTCCAC-1_V13B23-285_D1,10
CCTCACCAATCTTGAC-1_V13B23-285_D1,8
CCTCACCTGAGGGAGC-1_V13B23-285_D1,13
CCTCACCTTAGCATCG-1_V13B23-285_D1,1
CCTCACGTCAGCTAAT-1_V13B23-285_D1,10
CCTCATGCAGCTACGA-1_V13B23-285_D1,8
CCTCCCGACAATCCCT-1_V13B23-285_D1,9
CCTCCGACAATTCAAG-1_V13B23-285_D1,5
CCTCCTGTTGTGTCGT-1_V13B23-285_D1,10
CCTCGAAGTGGACGGG-1_V13B23-285_D1,12
CCTCGCCAGCAAATTA-1_V13B23-285_D1,12
CCTCGCGCGATATAGG-1_V13B23-285_D1,7
CCTCGCGCTGTGCGAT-1_V13B23-285_D1,7
CCTCGGACCGGGATAG-1_V13B23-285_D1,10
CCTCTAATCTGCCAAG-1_V13B23-285_D1,8
CCTCTATCGATTAGCA-1_V13B23-285_D1,5
CCTCTCTCCCATCTAG-1_V13B23-285_D1,3
CCTCTGGCCTAGACGG-1_V13B23-285_D1,12
CCTCTGTACTATTCTA-1_V13B23-285_D1,5
CCTGAACGATATATTC-1_V13B23-285_D1,10
CCTGAATATTTACATA-1_V13B23-285_D1,8
CCTGACCACCGATGGT-1_V13B23-285_D1,5
CCTGCGATAGAACTGT-1_V13B23-285_D1,8
CCTGCGTTCTACGCTT-1_V13B23-285_D1,7
CCTGCTATTTGAGAAG-1_V13B23-285_D1,5
CCTGGAAACGTTCTGC-1_V13B23-285_D1,10
CCTGGCTAGACCCGCC-1_V13B23-285_D1,7
CCTGGTCGAATGTGGG-1_V13B23-285_D1,10
CCTGTAAGACATGATA-1_V13B23-285_D1,5
CCTGTACTCACGCCCA-1_V13B23-285_D1,13
CCTGTCACCCGGGCTC-1_V13B23-285_D1,7
CCTGTCCCTCACGTTA-1_V13B23-285_D1,13
CCTGTCGCCCGTAAAT-1_V13B23-285_D1,5
CCTGTTTGAAGACACG-1_V13B23-285_D1,10
CCTTCAGTTAAAGTGA-1_V13B23-285_D1,5
CCTTCTTGATCCAGTG-1_V13B23-285_D1,8
CCTTGACCACTTTATT-1_V13B23-285_D1,10
CCTTTAAGGGAGCACT-1_V13B23-285_D1,5
CCTTTCAATGAAGAAA-1_V13B23-285_D1,1
CGAAACATAGATGGCA-1_V13B23-285_D1,9
CGAAACGCAATTCATG-1_V13B23-285_D1,7
CGAACAGTATGGGCGT-1_V13B23-285_D1,10
CGAACCCGCATGCGTC-1_V13B23-285_D1,5
CGAACGCCCAGTGCCG-1_V13B23-285_D1,12
CGAACGGCCGGACAAC-1_V13B23-285_D1,7
CGAAGCTATAAATTCA-1_V13B23-285_D1,13
CGAAGTTGCTCTGTGT-1_V13B23-285_D1,5
CGAATGACGCATAATG-1_V13B23-285_D1,5
CGAATTCCCGGTTCAA-1_V13B23-285_D1,10
CGACAATTTGATCTAA-1_V13B23-285_D1,10
CGACACGCTCCGACAG-1_V13B23-285_D1,10
CGACAGTTCGCGTTAT-1_V13B23-285_D1,5
CGACATGCGATCTTCT-1_V13B23-285_D1,9
CGACTCAGGATGTTAT-1_V13B23-285_D1,7
CGACTTTGTATAGCCT-1_V13B23-285_D1,13
CGAGACCCTAGAGTGT-1_V13B23-285_D1,5
CGAGAGATGTGAACCT-1_V13B23-285_D1,13
CGAGAGCTTTCACTAC-1_V13B23-285_D1,10
CGAGAGGGTAGCCGCG-1_V13B23-285_D1,10
CGAGATTTCGCTCGGG-1_V13B23-285_D1,10
CGAGCACTTCAAGTTT-1_V13B23-285_D1,5
CGAGCGTTGATCAGCC-1_V13B23-285_D1,9
CGAGCTGGGCTTTAGG-1_V13B23-285_D1,8
CGAGGAGCTTCCATAT-1_V13B23-285_D1,13
CGAGGATCGGGAACGA-1_V13B23-285_D1,13
CGAGGCCAGGCATTGG-1_V13B23-285_D1,8
CGAGGCTAAATATGGC-1_V13B23-285_D1,13
CGAGGGACTGCGGTCG-1_V13B23-285_D1,10
CGAGTACTAAAGAGGA-1_V13B23-285_D1,7
CGAGTGAAGGTACCAG-1_V13B23-285_D1,7
CGAGTGCTATAGTTCG-1_V13B23-285_D1,4
CGAGTTCTGTCCCACC-1_V13B23-285_D1,13
CGAGTTTATCGGACTG-1_V13B23-285_D1,1
CGATAATACTCAGGTT-1_V13B23-285_D1,10
CGATACCTCGCGGACA-1_V13B23-285_D1,3
CGATAGTCGTACTGCA-1_V13B23-285_D1,10
CGATCCGACCCAGTGC-1_V13B23-285_D1,5
CGATCTGTTGGAGGAC-1_V13B23-285_D1,5
CGATGGACCCTACGCC-1_V13B23-285_D1,10
CGATGTTGTTATCTAC-1_V13B23-285_D1,3
CGATTAAATATCTCCT-1_V13B23-285_D1,4
CGATTCGCCTGGCTGC-1_V13B23-285_D1,10
CGCAAACACGAGTTAC-1_V13B23-285_D1,5
CGCAATTACTTTCGGT-1_V13B23-285_D1,5
CGCAATTAGGGTAATA-1_V13B23-285_D1,5
CGCAATTCTACAATAA-1_V13B23-285_D1,5
CGCACATGTCCACTAC-1_V13B23-285_D1,10
CGCACGTGCGCTATCA-1_V13B23-285_D1,10
CGCAGATCTTCACCCG-1_V13B23-285_D1,13
CGCAGGCGATCCAAAC-1_V13B23-285_D1,10
CGCATCATGGCTTCAG-1_V13B23-285_D1,9
CGCATCCATCAGCCAG-1_V13B23-285_D1,13
CGCATGGTGCGATGCT-1_V13B23-285_D1,10
CGCATTAGCTAATAGG-1_V13B23-285_D1,11
CGCCAAGAAGCCGAGT-1_V13B23-285_D1,13
CGCCATCCGATTATGA-1_V13B23-285_D1,1
CGCCCAGCACGCCTAG-1_V13B23-285_D1,5
CGCCCAGCGTTTCACG-1_V13B23-285_D1,10
CGCCCGCTTCCGTACA-1_V13B23-285_D1,12
CGCCCTTGAAGGCTGA-1_V13B23-285_D1,5
CGCCGCCCATGCCTGT-1_V13B23-285_D1,10
CGCCGTCTACCCATCG-1_V13B23-285_D1,8
CGCCGTTCAGCATAGT-1_V13B23-285_D1,10
CGCCTCCCTCCTCTAT-1_V13B23-285_D1,10
CGCCTGGCCTACGTAA-1_V13B23-285_D1,13
CGCCTTTAGCATGCTC-1_V13B23-285_D1,10
CGCGAAGTGGCATACT-1_V13B23-285_D1,10
CGCGACCGCGACAGAT-1_V13B23-285_D1,10
CGCGAGAGGGACTTGT-1_V13B23-285_D1,13
CGCGAGTCTGCCGGGT-1_V13B23-285_D1,13
CGCGCAAATGTCCAGA-1_V13B23-285_D1,1
CGCGCATGTTTGATTG-1_V13B23-285_D1,5
CGCGCCCGACTTAATA-1_V13B23-285_D1,8
CGCGGCAGTATTACGG-1_V13B23-285_D1,8
CGCGGCTCAACTTGAA-1_V13B23-285_D1,10
CGCGGGAATTAGGCAG-1_V13B23-285_D1,8
CGCGGTAAGTCTAGCT-1_V13B23-285_D1,13
CGCGGTACGGTATACA-1_V13B23-285_D1,10
CGCGGTCACAAACCAA-1_V13B23-285_D1,13
CGCGTTCATGAAATAC-1_V13B23-285_D1,5
CGCTACGGGACATTTA-1_V13B23-285_D1,4
CGCTAGAGACCGCTGC-1_V13B23-285_D1,10
CGCTATACCGCCCACT-1_V13B23-285_D1,8
CGCTATTCAATGTATG-1_V13B23-285_D1,8
CGCTATTCTTAGGCTC-1_V13B23-285_D1,5
CGCTCGACATAATGAT-1_V13B23-285_D1,8
CGCTCTCCGTAGATTA-1_V13B23-285_D1,5
CGCTGGTGACTACCCT-1_V13B23-285_D1,10
CGCTGTGACGCCGCAC-1_V13B23-285_D1,5
CGCTGTGTGGATGTTG-1_V13B23-285_D1,1
CGCTTATTCCCGGTCG-1_V13B23-285_D1,7
CGCTTCCACTGAAATC-1_V13B23-285_D1,8
CGCTTCGGTCTAAGAC-1_V13B23-285_D1,10
CGCTTGGACGGATAGA-1_V13B23-285_D1,10
CGCTTTCATACCGGTG-1_V13B23-285_D1,8
CGCTTTCTTGCATTCG-1_V13B23-285_D1,13
CGGAAAGAATCAAACG-1_V13B23-285_D1,5
CGGAACGTAAACATAG-1_V13B23-285_D1,5
CGGAGCAATTTAATCG-1_V13B23-285_D1,5
CGGAGCATGGCGATCC-1_V13B23-285_D1,10
CGGAGCTTATAACACC-1_V13B23-285_D1,9
CGGAGTTTGAGAGACA-1_V13B23-285_D1,5
CGGATAAGCGGACATG-1_V13B23-285_D1,3
CGGATCCTCAAGGACT-1_V13B23-285_D1,10
CGGCAAACATCGTGCG-1_V13B23-285_D1,10
CGGCAATAAGATCGCC-1_V13B23-285_D1,10
CGGCACCGTTAGCGCC-1_V13B23-285_D1,1
CGGCACTCAAGAAAGT-1_V13B23-285_D1,8
CGGCAGGGTCGGGTTG-1_V13B23-285_D1,13
CGGCCACGCACAAAGT-1_V13B23-285_D1,5
CGGCCCAACCTGTAGT-1_V13B23-285_D1,13
CGGCCCAGGTATATCC-1_V13B23-285_D1,10
CGGCGCCATCAATCCC-1_V13B23-285_D1,10
CGGCTCTAAAGCTGCA-1_V13B23-285_D1,10
CGGCTCTTCGTCGAAC-1_V13B23-285_D1,9
CGGGAATATAGTATAC-1_V13B23-285_D1,10
CGGGAATTTATGTAAA-1_V13B23-285_D1,10
CGGGAGCTTCAGTGTA-1_V13B23-285_D1,10
CGGGAGTATACCGCCG-1_V13B23-285_D1,7
CGGGATCAATGTAAGA-1_V13B23-285_D1,8
CGGGCAGCTAAACCGC-1_V13B23-285_D1,4
CGGGCCATAGCCGCAC-1_V13B23-285_D1,8
CGGGCCTTCTTTGTAA-1_V13B23-285_D1,5
CGGGTGTACCCATTTA-1_V13B23-285_D1,13
CGGGTTTGTTAGGGCT-1_V13B23-285_D1,10
CGGTACTAGAATCAAA-1_V13B23-285_D1,10
CGGTAGAGGTGCAGGT-1_V13B23-285_D1,11
CGGTATAGGTATTAGC-1_V13B23-285_D1,4
CGGTCAAGTGGGAACC-1_V13B23-285_D1,13
CGGTCAGTCCATATTT-1_V13B23-285_D1,10
CGGTCCATGAGACTCC-1_V13B23-285_D1,2
CGGTCCGTCGCAAGCC-1_V13B23-285_D1,5
CGGTCTATCAACCCGT-1_V13B23-285_D1,12
CGGTGAAGACTAAAGT-1_V13B23-285_D1,13
CGGTGCAGATAGAACG-1_V13B23-285_D1,5
CGGTGCGCGTTGGTCC-1_V13B23-285_D1,3
CGGTGGGCTCCAGCCT-1_V13B23-285_D1,13
CGGTGTACTTGATCCC-1_V13B23-285_D1,8
CGGTTATCCAACAGTG-1_V13B23-285_D1,13
CGGTTCAAGTAGGTGT-1_V13B23-285_D1,1
CGGTTCCGGCTTCTTG-1_V13B23-285_D1,12
CGGTTGACCTGGCATA-1_V13B23-285_D1,13
CGTAAACGCTTGAGTG-1_V13B23-285_D1,8
CGTACCTGATAGGCCT-1_V13B23-285_D1,8
CGTAGCGAATTGTCAG-1_V13B23-285_D1,6
CGTATCTAGAACTAAG-1_V13B23-285_D1,10
CGTATTAAGAGATCTA-1_V13B23-285_D1,5
CGTATTGTTTCCTAAT-1_V13B23-285_D1,7
CGTCAAATGGTCGCAG-1_V13B23-285_D1,2
CGTCAAGGCTATAAAT-1_V13B23-285_D1,7
CGTCACGTCCATTGGT-1_V13B23-285_D1,5
CGTCAGTGCGCACAAG-1_V13B23-285_D1,9
CGTCATACCATATCCA-1_V13B23-285_D1,5
CGTCGCATGTGAGCCA-1_V13B23-285_D1,10
CGTCGGATAGTGTTGA-1_V13B23-285_D1,13
CGTCGGGTCTAAGCGC-1_V13B23-285_D1,1
CGTCGTCCTTCGCGAA-1_V13B23-285_D1,10
CGTCTGGAAGGGCCCG-1_V13B23-285_D1,12
CGTCTTGAGTGTGACG-1_V13B23-285_D1,10
CGTGAAGTTAATTCAC-1_V13B23-285_D1,5
CGTGACATTGGGTCGT-1_V13B23-285_D1,12
CGTGACCAGTCCTCTG-1_V13B23-285_D1,5
CGTGCAGACTGGGACA-1_V13B23-285_D1,10
CGTGCATTGTCGACGC-1_V13B23-285_D1,13
CGTGCCCTCCCGAAGA-1_V13B23-285_D1,10
CGTGCTGGCCTAGTCG-1_V13B23-285_D1,7
CGTGGAAGCCTCGTAC-1_V13B23-285_D1,10
CGTGGCCGAATATCTA-1_V13B23-285_D1,10
CGTGTATGGGAGCTGA-1_V13B23-285_D1,4
CGTGTCCCATTCGCGA-1_V13B23-285_D1,5
CGTGTCTCGTTACGAC-1_V13B23-285_D1,5
CGTGTGTTAAACCCTG-1_V13B23-285_D1,13
CGTTAAACTAGTTAGG-1_V13B23-285_D1,10
CGTTAATGTCCCGACG-1_V13B23-285_D1,10
CGTTAGCTCACAACTG-1_V13B23-285_D1,12
CGTTCATGGTGCGCGT-1_V13B23-285_D1,5
CGTTCTTCGCACACCT-1_V13B23-285_D1,13
CGTTGAATACCGCGCT-1_V13B23-285_D1,10
CGTTGAGCGACCGTCG-1_V13B23-285_D1,10
CGTTGAGTAATTGCGT-1_V13B23-285_D1,11
CGTTGTAAGATTGATT-1_V13B23-285_D1,2
CGTTGTCGGCAATTGA-1_V13B23-285_D1,1
CGTTGTTTCAATTCCC-1_V13B23-285_D1,5
CGTTTAAGCGGAGCAC-1_V13B23-285_D1,12
CGTTTACAAGGCAGCT-1_V13B23-285_D1,2
CGTTTCACTTCGGGCG-1_V13B23-285_D1,7
CGTTTCGCTCATTACA-1_V13B23-285_D1,5
CGTTTGGTGTTGTGGG-1_V13B23-285_D1,10
CGTTTGTGTAGAGGGT-1_V13B23-285_D1,7
CTAAAGAATGCCTACT-1_V13B23-285_D1,5
CTAAAGGGAAATAGGA-1_V13B23-285_D1,5
CTAAATCCGGTGTACA-1_V13B23-285_D1,5
CTAAATCCTATTCCGG-1_V13B23-285_D1,1
CTAACCGCGCGCCCGT-1_V13B23-285_D1,5
CTAACGAAACTTGCTG-1_V13B23-285_D1,13
CTAACTGATAATCGCC-1_V13B23-285_D1,10
CTAACTGGTCCGGTTC-1_V13B23-285_D1,5
CTAAGGGAATGATTGG-1_V13B23-285_D1,10
CTAATTCGCACGCGCT-1_V13B23-285_D1,5
CTAATTCTCAGATATT-1_V13B23-285_D1,3
CTAATTTCAACAACAC-1_V13B23-285_D1,5
CTACAAGAAATAACCC-1_V13B23-285_D1,11
CTACACTCGCAGATGG-1_V13B23-285_D1,10
CTACCCTAAGGTCATA-1_V13B23-285_D1,13
CTACGACTAGCTATAA-1_V13B23-285_D1,8
CTACGCACGGAGTACC-1_V13B23-285_D1,5
CTACGCCATTTCCGAT-1_V13B23-285_D1,6
CTACTATCATAGGTTT-1_V13B23-285_D1,5
CTACTATCTTTCAGAG-1_V13B23-285_D1,3
CTACTCAAGGTATAGT-1_V13B23-285_D1,5
CTACTCTAGGCCCGGC-1_V13B23-285_D1,5
CTACTGCCACCTGACC-1_V13B23-285_D1,7
CTAGACTGCATTTCGT-1_V13B23-285_D1,9
CTAGATGTGAGTGTAA-1_V13B23-285_D1,13
CTAGATTTACGACGGC-1_V13B23-285_D1,10
CTAGCATAGTATAATG-1_V13B23-285_D1,5
CTAGCCACAGGCGAGC-1_V13B23-285_D1,10
CTAGCCGATGTTATGA-1_V13B23-285_D1,13
CTAGCTTAATGGTCCC-1_V13B23-285_D1,10
CTAGGCGCCCTATCAG-1_V13B23-285_D1,10
CTAGGTCTGAAGGAAT-1_V13B23-285_D1,3
CTAGGTTCGGACGTGA-1_V13B23-285_D1,10
CTAGTAGAAAGGGATT-1_V13B23-285_D1,10
CTAGTATTCGGAATTA-1_V13B23-285_D1,12
CTAGTCACGTCTTAAG-1_V13B23-285_D1,10
CTAGTGAAGGACAGGA-1_V13B23-285_D1,5
CTAGTTACAACCCGGT-1_V13B23-285_D1,10
CTAGTTGGGCCCGGTA-1_V13B23-285_D1,7
CTATAAGAGCCAATCG-1_V13B23-285_D1,7
CTATCGACGAAATACA-1_V13B23-285_D1,10
CTATCGCGTAGAGAAC-1_V13B23-285_D1,10
CTATCGGGTCTCAACA-1_V13B23-285_D1,8
CTATGCCCGAATGCAA-1_V13B23-285_D1,14
CTATGGGAAGCGGAAT-1_V13B23-285_D1,10
CTATGTCACTAGCCCA-1_V13B23-285_D1,7
CTATGTCTATTGAAAC-1_V13B23-285_D1,9
CTATGTGAGTCACGGC-1_V13B23-285_D1,5
CTATTCATGTGTCCCA-1_V13B23-285_D1,5
CTATTGTGTTTGGTCA-1_V13B23-285_D1,13
CTATTTGGTTACGGAT-1_V13B23-285_D1,1
CTCAACTAACCCGGAT-1_V13B23-285_D1,10
CTCAAGACATTAGCGC-1_V13B23-285_D1,14
CTCACACGCAAGCCTA-1_V13B23-285_D1,2
CTCACATTTACTAAAT-1_V13B23-285_D1,5
CTCACTGTGATACTTA-1_V13B23-285_D1,10
CTCACTTGGCTGGTAA-1_V13B23-285_D1,13
CTCAGGACTCACCTGT-1_V13B23-285_D1,8
CTCAGTCACGACAAAT-1_V13B23-285_D1,1
CTCATCACTTAGTGAT-1_V13B23-285_D1,13
CTCATGGTAATTTGCG-1_V13B23-285_D1,7
CTCATTAACGTTGCCC-1_V13B23-285_D1,13
CTCATTGCTCTAACAA-1_V13B23-285_D1,10
CTCATTTGATGGGCGG-1_V13B23-285_D1,8
CTCCCAATGAGTCGCG-1_V13B23-285_D1,10
CTCCCTCCTTTCGATC-1_V13B23-285_D1,13
CTCCGCCCACATGAGG-1_V13B23-285_D1,3
CTCCGGCCTAATATGC-1_V13B23-285_D1,8
CTCCGGCTTGTAGACA-1_V13B23-285_D1,8
CTCCTAAGTTATGTCT-1_V13B23-285_D1,8
CTCCTCCAGCTCACAC-1_V13B23-285_D1,5
CTCCTGTTCAAGGCAG-1_V13B23-285_D1,10
CTCCTTTACGCAAGTC-1_V13B23-285_D1,13
CTCGAGGTCGAACAGT-1_V13B23-285_D1,7
CTCGATATTTGCGAGC-1_V13B23-285_D1,13
CTCGCACCTATATAGT-1_V13B23-285_D1,8
CTCGCATTGCATAGCC-1_V13B23-285_D1,1
CTCGCCGAATGTAGGG-1_V13B23-285_D1,5
CTCGGGATAACACCTA-1_V13B23-285_D1,13
CTCGGTACCACTGCTC-1_V13B23-285_D1,10
CTCGGTCCGTAGCCTG-1_V13B23-285_D1,8
CTCGGTTGTCGGCCCT-1_V13B23-285_D1,1
CTCGTCGAGGGCTCAT-1_V13B23-285_D1,1
CTCGTTTCTAATGTTT-1_V13B23-285_D1,13
CTCTAATGCATTGATC-1_V13B23-285_D1,13
CTCTACACTGGCGATT-1_V13B23-285_D1,13
CTCTAGCCCTCGGAAA-1_V13B23-285_D1,10
CTCTATTTGGCTGCAG-1_V13B23-285_D1,10
CTCTCACAATCGATGA-1_V13B23-285_D1,3
CTCTCTAACTGCCTAG-1_V13B23-285_D1,1
CTCTGCGAAGCAAGCA-1_V13B23-285_D1,9
CTCTGGACGCCTGGTG-1_V13B23-285_D1,3
CTCTGTTTGAGGATTC-1_V13B23-285_D1,12
CTCTTCTATTGACTGG-1_V13B23-285_D1,4
CTCTTGTCCCGCTTGG-1_V13B23-285_D1,7
CTGAAAGAGATCCGAC-1_V13B23-285_D1,8
CTGAATCCGAGACCTC-1_V13B23-285_D1,5
CTGAATTTATTGCCAG-1_V13B23-285_D1,13
CTGACATAGAAATAGA-1_V13B23-285_D1,10
CTGACTGCGCAGCTCG-1_V13B23-285_D1,13
CTGAGAAAGTTCGGCG-1_V13B23-285_D1,10
CTGAGAGTAGAAATAC-1_V13B23-285_D1,10
CTGAGCAAGTAACAAG-1_V13B23-285_D1,8
CTGAGCGAGACTTATT-1_V13B23-285_D1,13
CTGATAGTGTATCTCA-1_V13B23-285_D1,7
CTGCAAGCACGTTCCG-1_V13B23-285_D1,10
CTGCACAACTACATAT-1_V13B23-285_D1,10
CTGCACCTAGTCCACA-1_V13B23-285_D1,13
CTGCACCTGGAACCGC-1_V13B23-285_D1,8
CTGCACTCCAGTACAG-1_V13B23-285_D1,10
CTGCAGAGAATCAGAG-1_V13B23-285_D1,10
CTGCCAAGGTTGGAAG-1_V13B23-285_D1,8
CTGCCATGCATCACAT-1_V13B23-285_D1,5
CTGCCTAGCCACCAAG-1_V13B23-285_D1,9
CTGCCTCATATGCAAC-1_V13B23-285_D1,13
CTGCCTTTCTAGTAAA-1_V13B23-285_D1,10
CTGCGGGTGAAATGTT-1_V13B23-285_D1,5
CTGCGGTAGTCACGTG-1_V13B23-285_D1,11
CTGCGTTACGATATAA-1_V13B23-285_D1,8
CTGCTGAGGCCACGAA-1_V13B23-285_D1,1
CTGCTGTCTAACGAGC-1_V13B23-285_D1,10
CTGCTTGGCGATAGCT-1_V13B23-285_D1,10
CTGCTTTATGTCCGCG-1_V13B23-285_D1,13
CTGGAAATGGATGCTT-1_V13B23-285_D1,5
CTGGAAGACACGGTGG-1_V13B23-285_D1,10
CTGGACGCAGTCCGGC-1_V13B23-285_D1,3
CTGGATTTACACTTGA-1_V13B23-285_D1,5
CTGGCATCCGAATGAG-1_V13B23-285_D1,7
CTGGCGACATAAGTCC-1_V13B23-285_D1,12
CTGGCGCACAGGTCTG-1_V13B23-285_D1,10
CTGGCGGGAATAAGTA-1_V13B23-285_D1,5
CTGGCTGATTCATCCT-1_V13B23-285_D1,10
CTGGCTGGTTGTCAGT-1_V13B23-285_D1,13
CTGGGATAAATAATGG-1_V13B23-285_D1,10
CTGGGATACGCTACCC-1_V13B23-285_D1,13
CTGGGCCTGCTATATC-1_V13B23-285_D1,1
CTGGGTAGGCAGTTAA-1_V13B23-285_D1,10
CTGGTAAAGTGTGGGC-1_V13B23-285_D1,10
CTGGTAACACATAGAA-1_V13B23-285_D1,10
CTGGTAACGAGCTCTT-1_V13B23-285_D1,13
CTGGTCATTCCAATCC-1_V13B23-285_D1,1
CTGGTTCGCGAGCTAC-1_V13B23-285_D1,10
CTGGTTTCGAGCAAGA-1_V13B23-285_D1,10
CTGTACTTCTTAGCAT-1_V13B23-285_D1,5
CTGTAGCCATCTCACT-1_V13B23-285_D1,7
CTGTATGGTGTAGAAA-1_V13B23-285_D1,5
CTGTCAAATGGCTCGG-1_V13B23-285_D1,14
CTGTCACGCCAGGCGC-1_V13B23-285_D1,9
CTGTGCAGGGTAGGTC-1_V13B23-285_D1,10
CTGTGGTCGGGAGATA-1_V13B23-285_D1,10
CTGTTACCCAATCTAG-1_V13B23-285_D1,5
CTGTTCACTGCCTGTG-1_V13B23-285_D1,8
CTGTTCATCTCACGGG-1_V13B23-285_D1,5
CTTAACTTCGAAGTAC-1_V13B23-285_D1,9
CTTACACGGTATTCCA-1_V13B23-285_D1,5
CTTACACTGGGAAATA-1_V13B23-285_D1,8
CTTACTGACTCCTCTG-1_V13B23-285_D1,10
CTTAGCCTTCCACATG-1_V13B23-285_D1,8
CTTAGGTCCCAATCGT-1_V13B23-285_D1,13
CTTAGTAGGCCTACAG-1_V13B23-285_D1,13
CTTAGTGTAGTAGCAT-1_V13B23-285_D1,10
CTTATAGATGGCTGTT-1_V13B23-285_D1,10
CTTATGTTGACTACCA-1_V13B23-285_D1,8
CTTCAACTCCACTTGG-1_V13B23-285_D1,10
CTTCAGTGGTCGCCTA-1_V13B23-285_D1,3
CTTCATAGCTCAAGAA-1_V13B23-285_D1,8
CTTCATTGTCAGTGGA-1_V13B23-285_D1,5
CTTCCGCTCCGTGAAG-1_V13B23-285_D1,5
CTTCGGCCAATTGTTT-1_V13B23-285_D1,10
CTTCGTAGATAGGTGA-1_V13B23-285_D1,5
CTTCTATGTTGAAGTA-1_V13B23-285_D1,7
CTTCTATTAATGCTAG-1_V13B23-285_D1,5
CTTCTTACGTCGTATA-1_V13B23-285_D1,12
CTTGACCCGAAAGATA-1_V13B23-285_D1,9
CTTGAGGTTATCCCGA-1_V13B23-285_D1,8
CTTGAGTTAGGGTAAT-1_V13B23-285_D1,10
CTTGCAACCGCCTCCT-1_V13B23-285_D1,3
CTTGCCCAGGCTCTAC-1_V13B23-285_D1,5
CTTGGCCAAGCTGGGA-1_V13B23-285_D1,3
CTTGTACTTGTTGACT-1_V13B23-285_D1,8
CTTGTCAACATTCGAG-1_V13B23-285_D1,10
CTTGTGAGTCTTTGAC-1_V13B23-285_D1,9
CTTGTGCTCACCGATT-1_V13B23-285_D1,10
CTTGTTGCTGAGTCAA-1_V13B23-285_D1,10
CTTGTTTATGTAGCCA-1_V13B23-285_D1,8
CTTTAACTTTCAAAGG-1_V13B23-285_D1,8
CTTTAATATTGGTCGA-1_V13B23-285_D1,10
CTTTACCGAATAGTAG-1_V13B23-285_D1,10
CTTTAGGAACACTGTT-1_V13B23-285_D1,10
CTTTAGTGCTATTATT-1_V13B23-285_D1,5
CTTTCTGTGCGGGCTT-1_V13B23-285_D1,10
CTTTGCATCGCTCTTG-1_V13B23-285_D1,10
CTTTGCTGTCATGGAT-1_V13B23-285_D1,10
CTTTGGCGCTTTATAC-1_V13B23-285_D1,5
CTTTGGCTTTAGTAAA-1_V13B23-285_D1,5
CTTTGGGATTGTTGCA-1_V13B23-285_D1,5
GAAACAGATGACCACC-1_V13B23-285_D1,10
GAAACAGCCATGCAGT-1_V13B23-285_D1,6
GAAACATAGGAAACAG-1_V13B23-285_D1,11
GAAACCATGGTGCGCT-1_V13B23-285_D1,13
GAAACCGAATTACCTT-1_V13B23-285_D1,5
GAAACCTATACAAATG-1_V13B23-285_D1,5
GAAACTCGTGCGATGC-1_V13B23-285_D1,5
GAAACTCTAATGAAGG-1_V13B23-285_D1,6
GAAAGAACAGCGTTAT-1_V13B23-285_D1,5
GAAAGCAGTGCACTTT-1_V13B23-285_D1,5
GAAAGCCCTTTGGACC-1_V13B23-285_D1,13
GAAAGTGACTAACTGC-1_V13B23-285_D1,5
GAAATACCTGCTGGCT-1_V13B23-285_D1,9
GAAATACTAAACGTTT-1_V13B23-285_D1,5
GAAATATCACCATCAG-1_V13B23-285_D1,1
GAAATATGCTTGAATG-1_V13B23-285_D1,13
GAAATCGCGCGCAACT-1_V13B23-285_D1,8
GAAATGGCGGTGTTAG-1_V13B23-285_D1,5
GAAATGGGATGTAAAC-1_V13B23-285_D1,8
GAAATTAGCACGGATA-1_V13B23-285_D1,13
GAAATTCACATCGCTG-1_V13B23-285_D1,8
GAAATTGTCTCTATAA-1_V13B23-285_D1,5
GAACACACATCAACCA-1_V13B23-285_D1,14
GAACAGATTACTAAAT-1_V13B23-285_D1,10
GAACCCTCTGTGTTCT-1_V13B23-285_D1,5
GAACCTTTAACGATCC-1_V13B23-285_D1,10
GAACGACCGAATGATA-1_V13B23-285_D1,8
GAACGATAAGTTAAAG-1_V13B23-285_D1,13
GAACGCGGGTCACACG-1_V13B23-285_D1,10
GAACGTCTCATGGTCG-1_V13B23-285_D1,13
GAACTTGTGCACGGGA-1_V13B23-285_D1,2
GAAGAAACGATATTGT-1_V13B23-285_D1,5
GAAGAACGGTGCAGGT-1_V13B23-285_D1,8
GAAGCCTGCACATTCC-1_V13B23-285_D1,4
GAAGCGTGAGGAATTT-1_V13B23-285_D1,5
GAAGCTCGGACCCGTC-1_V13B23-285_D1,1
GAAGCTTGCTGACCGC-1_V13B23-285_D1,5
GAAGGCTACCATTGTT-1_V13B23-285_D1,13
GAAGTCAGTTGCACTA-1_V13B23-285_D1,5
GAAGTCTCCCTAGCGA-1_V13B23-285_D1,3
GAAGTGATTTATCGTG-1_V13B23-285_D1,1
GAAGTGCTGGATAGCT-1_V13B23-285_D1,12
GAAGTTTCCACTCAAT-1_V13B23-285_D1,5
GAATAGACGCGACCCA-1_V13B23-285_D1,10
GAATAGCATTTAGGGT-1_V13B23-285_D1,10
GAATAGCCCTGCGGTC-1_V13B23-285_D1,13
GAATAGTGCTCGATTA-1_V13B23-285_D1,5
GAATATTCGGAGTCCC-1_V13B23-285_D1,6
GAATCGACATGGTCAC-1_V13B23-285_D1,5
GAATCGCCGGACACGG-1_V13B23-285_D1,9
GAATCTGAACATTCTC-1_V13B23-285_D1,5
GAATGAAGGTCTTCAG-1_V13B23-285_D1,2
GAATGCCGAAATGACC-1_V13B23-285_D1,3
GAATGCGAATCGGTTC-1_V13B23-285_D1,10
GAATGTATGGCAGGTC-1_V13B23-285_D1,8
GAATGTGGTCCGGATT-1_V13B23-285_D1,10
GAATGTTGGGTAATCT-1_V13B23-285_D1,8
GAATTATAGTGAAAGG-1_V13B23-285_D1,8
GAATTCACCCGGGTGT-1_V13B23-285_D1,5
GAATTTCTCGCTGCAG-1_V13B23-285_D1,5
GACAAACATATGCAGG-1_V13B23-285_D1,10
GACAACGACCATTGAA-1_V13B23-285_D1,11
GACAACGCAGCTTACG-1_V13B23-285_D1,8
GACAAGAGATGAGATT-1_V13B23-285_D1,10
GACACAAGGGAAGAAA-1_V13B23-285_D1,13
GACACGAGTTAGAGGA-1_V13B23-285_D1,5
GACACTGAGTTCAGTG-1_V13B23-285_D1,7
GACACTGGAACCCGAT-1_V13B23-285_D1,10
GACAGCCAGACCTGAC-1_V13B23-285_D1,10
GACAGGCACACACTAT-1_V13B23-285_D1,8
GACATCGATTTATAAC-1_V13B23-285_D1,5
GACCAAACGTTGACTG-1_V13B23-285_D1,10
GACCAGAGCCCTGTAG-1_V13B23-285_D1,5
GACCCAATTATGATAC-1_V13B23-285_D1,3
GACCCGTCGCCGGCTA-1_V13B23-285_D1,9
GACCGACGTGAAAGCA-1_V13B23-285_D1,11
GACCGACTGAAGCGTC-1_V13B23-285_D1,13
GACCGCGTCTGACGTG-1_V13B23-285_D1,10
GACCGTCAGGTCGTGA-1_V13B23-285_D1,12
GACCGTGCTGACGGTG-1_V13B23-285_D1,5
GACGACGATCCGCGTT-1_V13B23-285_D1,10
GACGAGGCTAATAAAC-1_V13B23-285_D1,10
GACGCCGTAAAGGCTA-1_V13B23-285_D1,11
GACGCCTGTTGCAGGG-1_V13B23-285_D1,8
GACGCTTGCTTCTAAA-1_V13B23-285_D1,7
GACGGGTTGGCCCGTA-1_V13B23-285_D1,5
GACGGTCAATAGAAGC-1_V13B23-285_D1,13
GACGGTCCTAGGGTGT-1_V13B23-285_D1,10
GACGTGTAGGGATTAT-1_V13B23-285_D1,5
GACGTTCGTAAATACA-1_V13B23-285_D1,13
GACTAACACAGCACCT-1_V13B23-285_D1,9
GACTAAGATCATGCAC-1_V13B23-285_D1,11
GACTAAGTAGGCTCAC-1_V13B23-285_D1,5
GACTACAAAGCGGTGG-1_V13B23-285_D1,5
GACTACAATTGCTCGT-1_V13B23-285_D1,9
GACTCACCCACGTGAG-1_V13B23-285_D1,10
GACTCCCAGAATAAGG-1_V13B23-285_D1,13
GACTCGCGGGAATGAC-1_V13B23-285_D1,13
GACTGCAAATCGAGCT-1_V13B23-285_D1,10
GACTGCACCAGCCCAG-1_V13B23-285_D1,10
GACTGCGGCACGTGTA-1_V13B23-285_D1,7
GAGAAACTGGATCCCA-1_V13B23-285_D1,10
GAGAACGGTTCTGACT-1_V13B23-285_D1,10
GAGACTGATGGGTAGA-1_V13B23-285_D1,5
GAGACTTCGCGACCGA-1_V13B23-285_D1,5
GAGAGGCCTATGTGTA-1_V13B23-285_D1,10
GAGAGGGCGCGAGGTT-1_V13B23-285_D1,7
GAGAGGTGCATTCTGG-1_V13B23-285_D1,1
GAGATCTGCTTGGCAT-1_V13B23-285_D1,5
GAGATCTGTCACTCCG-1_V13B23-285_D1,13
GAGATCTTCCATGACA-1_V13B23-285_D1,10
GAGATGACAATCCTTA-1_V13B23-285_D1,13
GAGATGGGAGTCGACA-1_V13B23-285_D1,10
GAGCACCTGTGTCCAG-1_V13B23-285_D1,10
GAGCACGGCGCCTCTT-1_V13B23-285_D1,10
GAGCATCATCCCTGGG-1_V13B23-285_D1,8
GAGCCAGCTACCTGTG-1_V13B23-285_D1,10
GAGCCGAGCGTTTATT-1_V13B23-285_D1,11
GAGCGAGGGAGTACCG-1_V13B23-285_D1,12
GAGCGCAAATACTCCG-1_V13B23-285_D1,10
GAGCGCGCACGAGTAG-1_V13B23-285_D1,10
GAGCTAAGGGCATATC-1_V13B23-285_D1,13
GAGCTCTCGGACCTAA-1_V13B23-285_D1,8
GAGCTGTCGTCTCGGA-1_V13B23-285_D1,13
GAGGAATGGAGAGGTT-1_V13B23-285_D1,5
GAGGATAAACAGTGCT-1_V13B23-285_D1,10
GAGGCATTTGCAGCAG-1_V13B23-285_D1,2
GAGGCCCGACTCCGCA-1_V13B23-285_D1,1
GAGGCCTGTTGATACA-1_V13B23-285_D1,10
GAGGCTATCAAAGTCG-1_V13B23-285_D1,13
GAGGGCATCGCGTATC-1_V13B23-285_D1,8
GAGGGCCATAATATTA-1_V13B23-285_D1,2
GAGGGCGCAGCTCTGC-1_V13B23-285_D1,13
GAGGTACATCCATCTT-1_V13B23-285_D1,6
GAGGTCCCAAAGATCT-1_V13B23-285_D1,8
GAGTAAACCGGAAAGT-1_V13B23-285_D1,10
GAGTAAATTAAGAACC-1_V13B23-285_D1,10
GAGTAAGGCCACGGGA-1_V13B23-285_D1,7
GAGTACGGGTATACAA-1_V13B23-285_D1,8
GAGTAGATACTAGTTG-1_V13B23-285_D1,5
GAGTATCAAAGTTACA-1_V13B23-285_D1,10
GAGTATGCCCGCCTTG-1_V13B23-285_D1,5
GAGTATGCGCGTGCAT-1_V13B23-285_D1,10
GAGTCAGACCAGAATC-1_V13B23-285_D1,5
GAGTCCGCTTACCGGA-1_V13B23-285_D1,5
GAGTGCACGGACAACA-1_V13B23-285_D1,5
GAGTGTCAACCAGAAA-1_V13B23-285_D1,10
GAGTGTGCGGTACCCA-1_V13B23-285_D1,10
GAGTTGATGGCAATTT-1_V13B23-285_D1,13
GATAAATCGGTGGATG-1_V13B23-285_D1,8
GATAACTCGCACTGTG-1_V13B23-285_D1,10
GATAAGGCAGATGCAA-1_V13B23-285_D1,11
GATACCGTGTCGGAGT-1_V13B23-285_D1,10
GATACGATGGGAGTCA-1_V13B23-285_D1,3
GATAGGATTAATTACA-1_V13B23-285_D1,10
GATAGGTAACGTTGAC-1_V13B23-285_D1,5
GATAGGTGTCCCGGGC-1_V13B23-285_D1,10
GATATCTCATGCAATA-1_V13B23-285_D1,12
GATATGAGACACTAAC-1_V13B23-285_D1,10
GATATGCGGTAGCCAA-1_V13B23-285_D1,13
GATATGGATTACGCGG-1_V13B23-285_D1,7
GATATTGAGATTGGCG-1_V13B23-285_D1,13
GATATTTCCTACATGG-1_V13B23-285_D1,8
GATCATTCCAAACATT-1_V13B23-285_D1,5
GATCCCTTTATACTGC-1_V13B23-285_D1,7
GATCCGAATATAAGTG-1_V13B23-285_D1,13
GATCCGGGAATTAACA-1_V13B23-285_D1,10
GATCCTAAATCGGGAC-1_V13B23-285_D1,1
GATCCTCGACACTGGC-1_V13B23-285_D1,1
GATCCTCTTGCGCTTA-1_V13B23-285_D1,9
GATCGACACTATCTGA-1_V13B23-285_D1,5
GATCGCGGGCTCTCCA-1_V13B23-285_D1,5
GATCGCTACCCGATTT-1_V13B23-285_D1,10
GATCGGTGGCCATAAC-1_V13B23-285_D1,11
GATCGTGACTGATATC-1_V13B23-285_D1,10
GATCTCGACGCTGTGG-1_V13B23-285_D1,10
GATCTGCTATCTAAGG-1_V13B23-285_D1,5
GATCTTGGAGGGCATA-1_V13B23-285_D1,10
GATCTTTGCAGGGTAT-1_V13B23-285_D1,5
GATGACAAGTAGGGCA-1_V13B23-285_D1,4
GATGACGATGATCGCG-1_V13B23-285_D1,2
GATGCCAGCAGAAGGC-1_V13B23-285_D1,7
GATGCCTTCTGCGGCA-1_V13B23-285_D1,3
GATGCGTCCTGCATTC-1_V13B23-285_D1,5
GATGCTACAAGCGCCT-1_V13B23-285_D1,8
GATGCTGTATTTCATC-1_V13B23-285_D1,10
GATGGCGCACACATTA-1_V13B23-285_D1,8
GATGGTGCCCTAGGCA-1_V13B23-285_D1,9
GATGTAACGAACCACC-1_V13B23-285_D1,13
GATGTCGGTCAACTGC-1_V13B23-285_D1,9
GATGTTCAATCCACGA-1_V13B23-285_D1,5
GATGTTTGTGCGAGAT-1_V13B23-285_D1,5
GATTAACCGAAAGCCC-1_V13B23-285_D1,10
GATTACTGAATTTGGG-1_V13B23-285_D1,7
GATTCCCTTGTCGCAG-1_V13B23-285_D1,7
GATTCCGCGTTTCCGT-1_V13B23-285_D1,12
GATTCCTATACGGCGC-1_V13B23-285_D1,5
GATTCGACGGTTCACG-1_V13B23-285_D1,10
GCAAACCCTACATTAT-1_V13B23-285_D1,10
GCAAACCTTGGCCATA-1_V13B23-285_D1,5
GCAAACGTCGCCAGGT-1_V13B23-285_D1,10
GCAAATATTACGCTTT-1_V13B23-285_D1,5
GCAACACACTAGAACT-1_V13B23-285_D1,7
GCAACAGCAGTATGCG-1_V13B23-285_D1,10
GCAACCACCAGACCGG-1_V13B23-285_D1,12
GCAACCACGGCCGCGT-1_V13B23-285_D1,7
GCAACGGCTAGTTATG-1_V13B23-285_D1,10
GCAAGAATTCCTTGGC-1_V13B23-285_D1,3
GCAAGATGTGTTCGCG-1_V13B23-285_D1,9
GCAAGTGCACAGAGAA-1_V13B23-285_D1,5
GCAATTAGTCGCACCG-1_V13B23-285_D1,13
GCACAAACGAGGCGTG-1_V13B23-285_D1,10
GCACAAGTGTCGGAAG-1_V13B23-285_D1,9
GCACACACTGGTAGCC-1_V13B23-285_D1,10
GCACCTTCCCGAAGGT-1_V13B23-285_D1,10
GCACGCCTACTTAGAT-1_V13B23-285_D1,5
GCACGTGGTTTACTTA-1_V13B23-285_D1,10
GCACTAGTCGCGCTAT-1_V13B23-285_D1,8
GCACTGTGCAAATGTA-1_V13B23-285_D1,9
GCAGAAGGTAATCTCC-1_V13B23-285_D1,10
GCAGACCCAGCACGTA-1_V13B23-285_D1,10
GCAGATCCATAAGACT-1_V13B23-285_D1,10
GCAGATTAGGGATATC-1_V13B23-285_D1,5
GCAGCACACAGCCCAG-1_V13B23-285_D1,5
GCAGCCTATATCACAT-1_V13B23-285_D1,13
GCAGCTATGGACAGGT-1_V13B23-285_D1,2
GCAGGAACTTAGATCT-1_V13B23-285_D1,3
GCAGGACTATAGAATA-1_V13B23-285_D1,5
GCAGGTAGAGTATGGT-1_V13B23-285_D1,13
GCAGTGCGGGCGGATG-1_V13B23-285_D1,10
GCAGTGTGGCTATAGG-1_V13B23-285_D1,10
GCAGTTCGATCCGAGC-1_V13B23-285_D1,10
GCATACGAGGTCTTTA-1_V13B23-285_D1,13
GCATAGAGCACTCAGG-1_V13B23-285_D1,5
GCATCCCTAACTTTGA-1_V13B23-285_D1,8
GCATCGGCCGTGTAGG-1_V13B23-285_D1,10
GCATGAGGGACGCGGC-1_V13B23-285_D1,13
GCATTCAAGGCAACGC-1_V13B23-285_D1,13
GCATTCGAAATGAACA-1_V13B23-285_D1,7
GCATTGTAATTCATAT-1_V13B23-285_D1,13
GCATTTCCAAGGCTCC-1_V13B23-285_D1,13
GCCAACCATTTCCGGA-1_V13B23-285_D1,2
GCCAATAGGGCATCTC-1_V13B23-285_D1,2
GCCACAATTTAAGGAC-1_V13B23-285_D1,7
GCCACTCAGAGCGCGA-1_V13B23-285_D1,10
GCCACTCCTTACGGTA-1_V13B23-285_D1,10
GCCAGGAGTAACCGAT-1_V13B23-285_D1,7
GCCAGGCGTTCGCATG-1_V13B23-285_D1,9
GCCATATTGCACACAG-1_V13B23-285_D1,7
GCCATCGAGCTGCGTG-1_V13B23-285_D1,5
GCCATCGATGCTGCAT-1_V13B23-285_D1,13
GCCCACCAAGGCTGTC-1_V13B23-285_D1,8
GCCCAGATGCTGGAGA-1_V13B23-285_D1,13
GCCCAGTTGGTATGCC-1_V13B23-285_D1,5
GCCCGACTTCTTCCCG-1_V13B23-285_D1,5
GCCCGATCTGTGGTCG-1_V13B23-285_D1,5
GCCCGCGCGTAAACGG-1_V13B23-285_D1,5
GCCCGCGCGTTTGACA-1_V13B23-285_D1,8
GCCCGTAATACCTTCT-1_V13B23-285_D1,1
GCCCTAGCCGTCGCGA-1_V13B23-285_D1,3
GCCGAAATTCCTACGT-1_V13B23-285_D1,5
GCCGATTGGCCAAGCT-1_V13B23-285_D1,5
GCCGCACTCCGTTTCA-1_V13B23-285_D1,10
GCCGCATTAGTCCGGC-1_V13B23-285_D1,13
GCCGCTTGTGAGAAAC-1_V13B23-285_D1,3
GCCGGGTTAGGGTCGC-1_V13B23-285_D1,5
GCCGTGGAAGAAATGT-1_V13B23-285_D1,10
GCCTAGCGATCTGACC-1_V13B23-285_D1,8
GCCTATAGTGTCAGGG-1_V13B23-285_D1,13
GCCTATCAGGTAAGAT-1_V13B23-285_D1,10
GCCTATGCTGGGCCTT-1_V13B23-285_D1,2
GCCTATTCCGATATAG-1_V13B23-285_D1,5
GCCTCATCTGGAAATA-1_V13B23-285_D1,10
GCCTCCGACAATTCAC-1_V13B23-285_D1,10
GCCTCTATACATAGCA-1_V13B23-285_D1,10
GCCTTCAGCCCTACCG-1_V13B23-285_D1,8
GCCTTGTATATGCAGT-1_V13B23-285_D1,1
GCGAAACGATCGGGAG-1_V13B23-285_D1,10
GCGAAACTTAACTGGA-1_V13B23-285_D1,10
GCGAAGCCATACCCGT-1_V13B23-285_D1,5
GCGACATGTAAACATC-1_V13B23-285_D1,14
GCGACCCAACCATCTG-1_V13B23-285_D1,5
GCGACGATAGTTGTAC-1_V13B23-285_D1,5
GCGAGAGGCCATGTAA-1_V13B23-285_D1,2
GCGAGAGTTGCGTCCA-1_V13B23-285_D1,13
GCGAGCGCATGCTCCC-1_V13B23-285_D1,13
GCGAGGCCCGAGCAGA-1_V13B23-285_D1,5
GCGAGTTCTGCAAAGA-1_V13B23-285_D1,5
GCGATTCTGGAAGCAG-1_V13B23-285_D1,6
GCGATTGTTAACGTTA-1_V13B23-285_D1,10
GCGCAAATATATTCAA-1_V13B23-285_D1,5
GCGCAAGAGCGCGCTG-1_V13B23-285_D1,10
GCGCATCCAGTCAGCA-1_V13B23-285_D1,13
GCGCCGTTCCACGATA-1_V13B23-285_D1,5
GCGCCTCCCACTCCGA-1_V13B23-285_D1,10
GCGCGTCATTGGTACA-1_V13B23-285_D1,10
GCGCTAATTGAATAGA-1_V13B23-285_D1,4
GCGCTATGCCGAGGCA-1_V13B23-285_D1,3
GCGCTCGATCACCTGT-1_V13B23-285_D1,10
GCGCTGATCCAGACTC-1_V13B23-285_D1,12
GCGCTGCTTTGCATTT-1_V13B23-285_D1,1
GCGCTTAAATAATTGG-1_V13B23-285_D1,10
GCGGACCGCGTTGTGG-1_V13B23-285_D1,3
GCGGAGAAACTTCGCA-1_V13B23-285_D1,11
GCGGAGAGGGAGAACG-1_V13B23-285_D1,10
GCGGCAAAGTATTGCC-1_V13B23-285_D1,5
GCGGCTCTGACGTACC-1_V13B23-285_D1,7
GCGGGAACCAGGCCCT-1_V13B23-285_D1,8
GCGGGCATTACGATGC-1_V13B23-285_D1,13
GCGGGCGAGCCTTACC-1_V13B23-285_D1,5
GCGGTCCCGGTGAAGG-1_V13B23-285_D1,2
GCGGTCCCTAGACGCA-1_V13B23-285_D1,9
GCGGTGAACTGCGCTC-1_V13B23-285_D1,14
GCGGTTCCCTATCATG-1_V13B23-285_D1,5
GCGTAAATGGCCATAA-1_V13B23-285_D1,13
GCGTCGAAATGTCGGT-1_V13B23-285_D1,8
GCGTCGCCAGGGTGAT-1_V13B23-285_D1,5
GCGTCTAACCTCCTAA-1_V13B23-285_D1,13
GCGTCTCTGCATTGGG-1_V13B23-285_D1,11
GCGTGGTACTGGGTTA-1_V13B23-285_D1,13
GCGTTCGGAGACCGGG-1_V13B23-285_D1,13
GCGTTCTGACTAAGCG-1_V13B23-285_D1,10
GCTAAACCTGAGGTGA-1_V13B23-285_D1,5
GCTAACTGAAGTCTGA-1_V13B23-285_D1,10
GCTAAGTAGTTTCTCT-1_V13B23-285_D1,1
GCTAATACCGAATGCC-1_V13B23-285_D1,8
GCTACAATCGAGGATA-1_V13B23-285_D1,10
GCTACAGTACGGACCG-1_V13B23-285_D1,13
GCTACGACTTATTGGG-1_V13B23-285_D1,10
GCTACTATAGTAGAGT-1_V13B23-285_D1,10
GCTAGACCGTCTACTG-1_V13B23-285_D1,10
GCTAGAGTAGAGATGT-1_V13B23-285_D1,10
GCTAGCACCTGGGCCA-1_V13B23-285_D1,10
GCTAGCAGGGAGTGGG-1_V13B23-285_D1,13
GCTAGCTTGAATAGCT-1_V13B23-285_D1,5
GCTAGGCACCACGGAG-1_V13B23-285_D1,10
GCTAGTAGAGCTTGTA-1_V13B23-285_D1,5
GCTAGTTTCATTGAGG-1_V13B23-285_D1,8
GCTATACGTCTCGGAC-1_V13B23-285_D1,10
GCTATCATACTCATGG-1_V13B23-285_D1,10
GCTATCGCGGCGCAAC-1_V13B23-285_D1,5
GCTCAATCCGTTTATT-1_V13B23-285_D1,5
GCTCAATGTAATACCG-1_V13B23-285_D1,7
GCTCATTACTGCATGT-1_V13B23-285_D1,8
GCTCCATGAGTGCAGA-1_V13B23-285_D1,10
GCTCCCAGTCGGTCCA-1_V13B23-285_D1,10
GCTCCGCTCGCTTCAG-1_V13B23-285_D1,10
GCTCCTGACATACTGG-1_V13B23-285_D1,5
GCTCGCTCATGTCCAA-1_V13B23-285_D1,10
GCTCGGAATTTAAAGC-1_V13B23-285_D1,8
GCTCTAAACCCTGACG-1_V13B23-285_D1,5
GCTCTATGTTACGTGC-1_V13B23-285_D1,5
GCTCTCGGGTACCGAA-1_V13B23-285_D1,5
GCTGAACTCTCCAGGG-1_V13B23-285_D1,10
GCTGAATCTTCCAATC-1_V13B23-285_D1,1
GCTGAGGCGTGAGTAT-1_V13B23-285_D1,5
GCTGCACGGTTTCTTA-1_V13B23-285_D1,10
GCTGCTAAGTAGTCGA-1_V13B23-285_D1,5
GCTGCTACTGCGTAGC-1_V13B23-285_D1,10
GCTGCTCTCCGGACAC-1_V13B23-285_D1,5
GCTGGACCCAAAGTGG-1_V13B23-285_D1,11
GCTGGCATATTCACCT-1_V13B23-285_D1,5
GCTGGCGGCGCATGCT-1_V13B23-285_D1,5
GCTGGTTTAGGCCATA-1_V13B23-285_D1,1
GCTGTATTACTGGCCC-1_V13B23-285_D1,7
GCTGTTGCTACCGAAC-1_V13B23-285_D1,10
GCTTAATGTAACTAAC-1_V13B23-285_D1,10
GCTTACGTAGTTAGTA-1_V13B23-285_D1,13
GCTTATGAAGCAGGAA-1_V13B23-285_D1,13
GCTTCCGTCCCTAGAC-1_V13B23-285_D1,13
GCTTGATGATAATCAG-1_V13B23-285_D1,5
GCTTGCAGCACAATTG-1_V13B23-285_D1,2
GCTTGGATCGATTAGG-1_V13B23-285_D1,13
GCTTTCAGAGGAGGTG-1_V13B23-285_D1,13
GGAAACCTTGTTGAAT-1_V13B23-285_D1,13
GGAAACTAAATGGGCC-1_V13B23-285_D1,10
GGAAAGTGCCCATGCC-1_V13B23-285_D1,4
GGAACCGTGTAAATTG-1_V13B23-285_D1,5
GGAACCTTGACTCTGC-1_V13B23-285_D1,1
GGAACGGCCTGCAGCC-1_V13B23-285_D1,7
GGAACTTTGGCGATTA-1_V13B23-285_D1,10
GGAAGCTCGCTTACAG-1_V13B23-285_D1,9
GGAATGCGCTAGCGTG-1_V13B23-285_D1,13
GGACACAAGTTTACAC-1_V13B23-285_D1,10
GGACCAACAGGATAAC-1_V13B23-285_D1,10
GGACCTACGGTAACGT-1_V13B23-285_D1,13
GGACCTCTAGGCCGCC-1_V13B23-285_D1,5
GGACGGGCGACCAACC-1_V13B23-285_D1,10
GGACGTCCATAGTTGG-1_V13B23-285_D1,2
GGACTCACAAATTAGG-1_V13B23-285_D1,10
GGACTCGAAGCTTTCA-1_V13B23-285_D1,10
GGACTCTTCCGGTTGA-1_V13B23-285_D1,10
GGAGAAGTCATTGGCA-1_V13B23-285_D1,5
GGAGACCAATGTGCTT-1_V13B23-285_D1,13
GGAGACGACACCTTTG-1_V13B23-285_D1,10
GGAGCAACATTTCAAG-1_V13B23-285_D1,10
GGAGCACCAAGAACTA-1_V13B23-285_D1,13
GGAGGCCGAAGTCGTC-1_V13B23-285_D1,10
GGAGGGCTTGGTTGGC-1_V13B23-285_D1,13
GGAGGGTCAAGTAAGA-1_V13B23-285_D1,10
GGAGTGCCGCCCTGGA-1_V13B23-285_D1,8
GGATCATCCCGTACGC-1_V13B23-285_D1,13
GGATCCGGAATATACT-1_V13B23-285_D1,13
GGATCTTGACTCAACC-1_V13B23-285_D1,13
GGATGAAGATCGCTGA-1_V13B23-285_D1,10
GGATGACGCGAGTTTA-1_V13B23-285_D1,5
GGATGCTGGCGTTCCT-1_V13B23-285_D1,7
GGATGTCCTTACCGCA-1_V13B23-285_D1,13
GGATTCAGTACGGTGG-1_V13B23-285_D1,8
GGATTCCGCTATACCC-1_V13B23-285_D1,12
GGATTGCTGTGACTCC-1_V13B23-285_D1,10
GGATTTCACTTCTATA-1_V13B23-285_D1,13
GGCAAAGGCGCCAATA-1_V13B23-285_D1,5
GGCAAATTACTTTACT-1_V13B23-285_D1,5
GGCAAGCCAGGGATAG-1_V13B23-285_D1,2
GGCAAGGCGAAATAGC-1_V13B23-285_D1,10
GGCAATAGTCAATGAG-1_V13B23-285_D1,5
GGCACTCAGCCGACCC-1_V13B23-285_D1,10
GGCACTCCACTGGGCA-1_V13B23-285_D1,5
GGCAGCAAACCTATGC-1_V13B23-285_D1,10
GGCAGCGGTAATCCTA-1_V13B23-285_D1,13
GGCATACAGGTAGCGG-1_V13B23-285_D1,13
GGCATATCGGTTCTGC-1_V13B23-285_D1,12
GGCCCGGAGCATGTCT-1_V13B23-285_D1,13
GGCCCGTATACCATGC-1_V13B23-285_D1,13
GGCCCTCACCCACTTA-1_V13B23-285_D1,5
GGCCGGCGTCTGCTAT-1_V13B23-285_D1,10
GGCCGTTTGGGTTTCA-1_V13B23-285_D1,3
GGCCTGCTTCTCCCGA-1_V13B23-285_D1,10
GGCGAAATCTAACTTG-1_V13B23-285_D1,10
GGCGCAGGACATCTTC-1_V13B23-285_D1,5
GGCGCATGAATTGATG-1_V13B23-285_D1,5
GGCGCGGAGATCTTTC-1_V13B23-285_D1,10
GGCGCGTTCGAGTTTA-1_V13B23-285_D1,5
GGCGCTCCTCATCAAT-1_V13B23-285_D1,5
GGCGGAGTAATATTAG-1_V13B23-285_D1,5
GGCGGGCTCTAAGAGT-1_V13B23-285_D1,10
GGCGGTAGGATCATTG-1_V13B23-285_D1,8
GGCGTAGGGAAAGCTG-1_V13B23-285_D1,10
GGCGTCCTATCCGCTG-1_V13B23-285_D1,5
GGCTAAAGGGCGGGTC-1_V13B23-285_D1,13
GGCTATTAAGTTGTAT-1_V13B23-285_D1,5
GGCTCCTCCACCTGTT-1_V13B23-285_D1,5
GGCTCGCGTTGAGGTA-1_V13B23-285_D1,13
GGCTCGTGCCACCAGC-1_V13B23-285_D1,8
GGCTCTGCTCCAACGC-1_V13B23-285_D1,8
GGCTGAAATAGCAAAG-1_V13B23-285_D1,10
GGCTGGCTAGCTTAAA-1_V13B23-285_D1,8
GGCTTTCAATAAGGGT-1_V13B23-285_D1,13
GGGAAGACGGTCTGTC-1_V13B23-285_D1,10
GGGAAGGGCTTTCTCA-1_V13B23-285_D1,10
GGGAATGAGCCCTCAC-1_V13B23-285_D1,14
GGGACAGAGTTACTCC-1_V13B23-285_D1,3
GGGACCCGTATATCTT-1_V13B23-285_D1,5
GGGACTGCATAGATAG-1_V13B23-285_D1,5
GGGAGAACTCACAGTA-1_V13B23-285_D1,1
GGGAGGATGCCCGAAA-1_V13B23-285_D1,5
GGGAGTTAATGAGGCG-1_V13B23-285_D1,13
GGGATCCCAATACAAA-1_V13B23-285_D1,2
GGGATGGTCGTAACCG-1_V13B23-285_D1,5
GGGATTTACCGCACCT-1_V13B23-285_D1,10
GGGCAACCGCACGTGC-1_V13B23-285_D1,3
GGGCAGAGCAATCGTT-1_V13B23-285_D1,7
GGGCCCGTCTTAAACA-1_V13B23-285_D1,5
GGGCCCTACGAAAGGG-1_V13B23-285_D1,13
GGGCCGGCCGAAGTAC-1_V13B23-285_D1,1
GGGCGATATGTGTGAA-1_V13B23-285_D1,11
GGGCGCAGCGTTACTC-1_V13B23-285_D1,13
GGGCGGCAAATGAATT-1_V13B23-285_D1,5
GGGCGGGTTCCCTACG-1_V13B23-285_D1,7
GGGCGGTCCTATTGTC-1_V13B23-285_D1,8
GGGCGTACATTTATAT-1_V13B23-285_D1,5
GGGCGTCACCACGTAA-1_V13B23-285_D1,5
GGGCGTCCACTGGCTC-1_V13B23-285_D1,12
GGGCGTGGTTTCCCAG-1_V13B23-285_D1,10
GGGCTATGATCGATGG-1_V13B23-285_D1,5
GGGCTCATCGAACCCA-1_V13B23-285_D1,1
GGGCTGGTTAGTCGCG-1_V13B23-285_D1,5
GGGTAATGCTGTGTTT-1_V13B23-285_D1,8
GGGTACCCACGGTCCT-1_V13B23-285_D1,8
GGGTACTTCATGAACT-1_V13B23-285_D1,4
GGGTATGTATGCACTT-1_V13B23-285_D1,5
GGGTATTCTAGCAAAC-1_V13B23-285_D1,3
GGGTCACCGTGACGGT-1_V13B23-285_D1,5
GGGTCGTGGCAAGTGT-1_V13B23-285_D1,2
GGGTCTATCGCTTTCC-1_V13B23-285_D1,10
GGGTGACACCTTAACT-1_V13B23-285_D1,5
GGGTGCATATGAAAGC-1_V13B23-285_D1,13
GGGTGTTTCAGCTATG-1_V13B23-285_D1,8
GGGTTAACATTTGAGT-1_V13B23-285_D1,5
GGGTTCAGACGAACAA-1_V13B23-285_D1,11
GGGTTTAGGATAGGAT-1_V13B23-285_D1,10
GGTAAACTCTGCGCTG-1_V13B23-285_D1,10
GGTAAATGTGCGTTAC-1_V13B23-285_D1,9
GGTAACCGGGAGGATA-1_V13B23-285_D1,7
GGTAACTATGTATCTG-1_V13B23-285_D1,9
GGTACAAACATGCTAT-1_V13B23-285_D1,5
GGTACACCAGATTTAT-1_V13B23-285_D1,13
GGTACATCTGGGACGA-1_V13B23-285_D1,13
GGTACCATTAAGACGG-1_V13B23-285_D1,13
GGTACGTTGCGGCCGG-1_V13B23-285_D1,10
GGTACTAAGTGCTTTG-1_V13B23-285_D1,10
GGTAGAAGACCGCCTG-1_V13B23-285_D1,10
GGTAGACCGTTGGGCG-1_V13B23-285_D1,5
GGTAGTGCTCGCACCA-1_V13B23-285_D1,2
GGTATAGTGACACATA-1_V13B23-285_D1,13
GGTATTGCCGAGTTTA-1_V13B23-285_D1,5
GGTCAAGACTACTTCG-1_V13B23-285_D1,10
GGTCAGTGGGTCCCAC-1_V13B23-285_D1,5
GGTCGGATAAACGGCG-1_V13B23-285_D1,11
GGTCGGCCAGGAGCTT-1_V13B23-285_D1,13
GGTCGGTAATTAGACA-1_V13B23-285_D1,8
GGTCGGTCGTCCACAG-1_V13B23-285_D1,5
GGTCGTAAGCTCGCAC-1_V13B23-285_D1,5
GGTCTCCAAGTAGTGC-1_V13B23-285_D1,10
GGTCTCCGTCCAGGTT-1_V13B23-285_D1,10
GGTCTCTGAATGGACT-1_V13B23-285_D1,1
GGTCTGAGAATCTGGA-1_V13B23-285_D1,13
GGTGAAGTACAGGGAT-1_V13B23-285_D1,7
GGTGACTGATAGAGAG-1_V13B23-285_D1,10
GGTGAGATGCAGATAA-1_V13B23-285_D1,8
GGTGATAAGGAGCAGT-1_V13B23-285_D1,10
GGTGCAGAGCCTATCG-1_V13B23-285_D1,11
GGTGCGGATAAGTGGC-1_V13B23-285_D1,8
GGTGCTGATCACAAAG-1_V13B23-285_D1,5
GGTGCTGGTACACATT-1_V13B23-285_D1,3
GGTGGACTGCTCTGGC-1_V13B23-285_D1,10
GGTGGAGGTTGATACG-1_V13B23-285_D1,10
GGTGTTGGGCGTCTTA-1_V13B23-285_D1,10
GGTTACCACCCTCGGG-1_V13B23-285_D1,3
GGTTACCCGACACTTT-1_V13B23-285_D1,13
GGTTAGCTATATGTCT-1_V13B23-285_D1,10
GGTTAGGCTTGGAGAA-1_V13B23-285_D1,5
GGTTAGTTACGGCGCC-1_V13B23-285_D1,5
GGTTCTACTCGTCTGA-1_V13B23-285_D1,10
GGTTTAATTGAGCAGG-1_V13B23-285_D1,13
GGTTTACAATCTCAAT-1_V13B23-285_D1,8
GGTTTAGCCTTTCTTG-1_V13B23-285_D1,10
GGTTTCAATCGGTCAG-1_V13B23-285_D1,14
GGTTTGACAAGAAGCT-1_V13B23-285_D1,2
GGTTTGAGTGCTGGAA-1_V13B23-285_D1,9
GGTTTGCGAACACGTA-1_V13B23-285_D1,2
GGTTTGTGACCTGAGG-1_V13B23-285_D1,10
GTAACATCTAAGATAA-1_V13B23-285_D1,10
GTAACTTGCGGCAGTC-1_V13B23-285_D1,9
GTAAGCGGGCAGTCAG-1_V13B23-285_D1,8
GTAAGGATTTGTCGGA-1_V13B23-285_D1,9
GTAAGTAACAGTCTGG-1_V13B23-285_D1,10
GTAAGTAGGGTATACC-1_V13B23-285_D1,5
GTAAGTCCACACTCTA-1_V13B23-285_D1,10
GTAATAAAGGGCTCCC-1_V13B23-285_D1,13
GTAATCTGATTCTTCG-1_V13B23-285_D1,5
GTACACTTACCTGAAG-1_V13B23-285_D1,6
GTACAGAGGCAAGGGT-1_V13B23-285_D1,10
GTACGACGGCGCTGCG-1_V13B23-285_D1,8
GTACGAGATTGCGACA-1_V13B23-285_D1,8
GTACGCTTCATTGCAC-1_V13B23-285_D1,10
GTACGTCACGTATTAA-1_V13B23-285_D1,9
GTACGTTTGCCCGTCA-1_V13B23-285_D1,10
GTACTAAGATTTGGAG-1_V13B23-285_D1,5
GTACTCCTGGGTATGC-1_V13B23-285_D1,7
GTACTGAGGTCGTAAC-1_V13B23-285_D1,9
GTACTGCATGAAGCGT-1_V13B23-285_D1,4
GTACTGGAGTTAGACC-1_V13B23-285_D1,13
GTACTTGGGCACTTCT-1_V13B23-285_D1,8
GTAGAAACGGGTGGAG-1_V13B23-285_D1,3
GTAGACACGCCTGACT-1_V13B23-285_D1,1
GTAGACGTCGTTACAT-1_V13B23-285_D1,8
GTAGAGGGAGACAAGT-1_V13B23-285_D1,7
GTAGCCAAACATGGGA-1_V13B23-285_D1,10
GTAGCGGCTATACACT-1_V13B23-285_D1,10
GTAGCTTCCTCTTGTT-1_V13B23-285_D1,13
GTAGGTGATCCGTGTA-1_V13B23-285_D1,6
GTAGTCGCGGGAATCA-1_V13B23-285_D1,10
GTAGTCTACGATATTG-1_V13B23-285_D1,10
GTATAGGACTCAGTAG-1_V13B23-285_D1,8
GTATATGTTACGGCGG-1_V13B23-285_D1,8
GTATCAAACGTTAGCT-1_V13B23-285_D1,10
GTATCAGCTTGGGTTC-1_V13B23-285_D1,5
GTATCCTTTGGTAACC-1_V13B23-285_D1,10
GTATCTCAGTCTTGAC-1_V13B23-285_D1,1
GTATCTTTCATAACCA-1_V13B23-285_D1,11
GTATGAAATTTCACTC-1_V13B23-285_D1,4
GTATGTGGGTCTAGTT-1_V13B23-285_D1,10
GTATTAAGGCGTCTAA-1_V13B23-285_D1,5
GTATTCTGAGAAACGA-1_V13B23-285_D1,7
GTATTCTTACCGTGCT-1_V13B23-285_D1,8
GTATTTAATGGCATAA-1_V13B23-285_D1,10
GTCAAAGAAGTGGTGT-1_V13B23-285_D1,3
GTCAAAGTTTACATAG-1_V13B23-285_D1,8
GTCAACCAGGCCTATA-1_V13B23-285_D1,10
GTCAAGCGGACTCGGG-1_V13B23-285_D1,10
GTCAATGCTATAATTT-1_V13B23-285_D1,13
GTCACAAAGTTTCCAA-1_V13B23-285_D1,9
GTCACTCTCCAAATCT-1_V13B23-285_D1,4
GTCAGAATAGTCTATG-1_V13B23-285_D1,5
GTCAGTTGTGCTCGTT-1_V13B23-285_D1,9
GTCATGCACCTCCGTT-1_V13B23-285_D1,7
GTCATGCGCGAGGGCT-1_V13B23-285_D1,10
GTCATGGACATGACTA-1_V13B23-285_D1,8
GTCATTAGAGCGAACG-1_V13B23-285_D1,6
GTCATTGCATTGACCC-1_V13B23-285_D1,5
GTCCACGTCGCATTCG-1_V13B23-285_D1,10
GTCCATTACTGCTACG-1_V13B23-285_D1,10
GTCCCAACGTAAAGTA-1_V13B23-285_D1,2
GTCCCGCGACGTTATG-1_V13B23-285_D1,10
GTCCGGACCTGAAATT-1_V13B23-285_D1,10
GTCCGGCTGAATTGCG-1_V13B23-285_D1,5
GTCCTACAGGCGGCTC-1_V13B23-285_D1,7
GTCCTACGAATAGTCT-1_V13B23-285_D1,10
GTCCTTCTAGTGGGTT-1_V13B23-285_D1,9
GTCGATAGGTGACTTT-1_V13B23-285_D1,10
GTCGCCGTTGTGTGTT-1_V13B23-285_D1,1
GTCGCGTAACCCGTTG-1_V13B23-285_D1,10
GTCGGAAGGATACCAG-1_V13B23-285_D1,2
GTCGGATATCTCAGAC-1_V13B23-285_D1,5
GTCGGATGTAGCGCGC-1_V13B23-285_D1,12
GTCGGGAAGCAGAAAC-1_V13B23-285_D1,5
GTCGTACCATCTCGGG-1_V13B23-285_D1,5
GTCGTATTGGCGTACA-1_V13B23-285_D1,13
GTCGTCAATTATAAGG-1_V13B23-285_D1,9
GTCGTCTGGTTGGCTA-1_V13B23-285_D1,13
GTCGTGTCTGGTCATC-1_V13B23-285_D1,13
GTCGTTATTCGCTTAT-1_V13B23-285_D1,10
GTCTAGTGAGCCGCTT-1_V13B23-285_D1,10
GTCTATCTGAGTTTCT-1_V13B23-285_D1,5
GTCTATTGCATGCTCG-1_V13B23-285_D1,10
GTCTATTGGTTCCGGT-1_V13B23-285_D1,10
GTCTCAAGGCCCGGCT-1_V13B23-285_D1,5
GTCTCGACTAAGTTTG-1_V13B23-285_D1,13
GTCTCGATCTGCTTTC-1_V13B23-285_D1,12
GTCTGGGCGGTCGAGA-1_V13B23-285_D1,1
GTCTTAGTACAGCCGG-1_V13B23-285_D1,6
GTCTTGAGGAGCAGTG-1_V13B23-285_D1,1
GTCTTGTAGCTATTCA-1_V13B23-285_D1,10
GTGAAACGGCGCCACC-1_V13B23-285_D1,1
GTGAACTCCCATTCGA-1_V13B23-285_D1,13
GTGAAGATTTCAAGTG-1_V13B23-285_D1,13
GTGAAGCCGTATAGTC-1_V13B23-285_D1,13
GTGACAGCTTCCCACT-1_V13B23-285_D1,10
GTGACCGCACACTACG-1_V13B23-285_D1,10
GTGACCTAAAGAATAA-1_V13B23-285_D1,13
GTGACGAGGGTGACCC-1_V13B23-285_D1,13
GTGACTTCAGTAGTGC-1_V13B23-285_D1,5
GTGAGCGTGCTGCACT-1_V13B23-285_D1,3
GTGAGGACACTTAAGG-1_V13B23-285_D1,10
GTGAGGAGCGGTTGAG-1_V13B23-285_D1,12
GTGAGTGGTACAACGC-1_V13B23-285_D1,5
GTGATCACTAACGCCT-1_V13B23-285_D1,10
GTGATCATAGATCTGC-1_V13B23-285_D1,5
GTGATCCTTGTCATGA-1_V13B23-285_D1,10
GTGATGCACAACATCT-1_V13B23-285_D1,13
GTGATTCGCCGCTCAA-1_V13B23-285_D1,5
GTGCAACAAATGTGGC-1_V13B23-285_D1,12
GTGCACGAAAGTGACT-1_V13B23-285_D1,8
GTGCAGCGTAGAGTAG-1_V13B23-285_D1,10
GTGCCATCACACGGTG-1_V13B23-285_D1,7
GTGCCCGTTCGGATTC-1_V13B23-285_D1,10
GTGCCGCTTCAAAGGT-1_V13B23-285_D1,7
GTGCCTCAGTGTACGG-1_V13B23-285_D1,11
GTGCGAAATCGAACAC-1_V13B23-285_D1,7
GTGCGACAGGGAGTGT-1_V13B23-285_D1,3
GTGCGGGTCTCCAAAT-1_V13B23-285_D1,8
GTGCGTGTATATGAGC-1_V13B23-285_D1,10
GTGCTCAAGTACTGTC-1_V13B23-285_D1,5
GTGCTTACATCAGCGC-1_V13B23-285_D1,10
GTGGAACCTACATGCG-1_V13B23-285_D1,12
GTGGACCAACCCGATT-1_V13B23-285_D1,7
GTGGACGCATTTGTCC-1_V13B23-285_D1,5
GTGGACGTGCTGAGAC-1_V13B23-285_D1,8
GTGGAGCATGTCGGCC-1_V13B23-285_D1,3
GTGGAGCGTTTACCGA-1_V13B23-285_D1,7
GTGGAGTCGGCGGTTG-1_V13B23-285_D1,5
GTGGCAAACAGCGGCA-1_V13B23-285_D1,5
GTGGCGGTCCCAGCGT-1_V13B23-285_D1,13
GTGGGCTTAGACACAC-1_V13B23-285_D1,5
GTGGTATAGTCTGCCG-1_V13B23-285_D1,7
GTGGTGATGGTTTGTG-1_V13B23-285_D1,10
GTGGTGGCCAAGTGAA-1_V13B23-285_D1,10
GTGGTTACTTCTTTCG-1_V13B23-285_D1,13
GTGGTTTCCGCCTTTC-1_V13B23-285_D1,7
GTGTACCTTGGCTACG-1_V13B23-285_D1,1
GTGTACGAACCGTTCC-1_V13B23-285_D1,10
GTGTATATCAGCGGGC-1_V13B23-285_D1,10
GTGTCGTATAGCGTTC-1_V13B23-285_D1,10
GTGTGAATAACTTAGG-1_V13B23-285_D1,13
GTGTTACTATGCGTCC-1_V13B23-285_D1,10
GTTAAAGTAGGACTGG-1_V13B23-285_D1,10
GTTAACATCACTTAAA-1_V13B23-285_D1,10
GTTAACTATGTTGTCA-1_V13B23-285_D1,10
GTTAAGGGTGCGATGT-1_V13B23-285_D1,10
GTTAAGTTAGAGTGGG-1_V13B23-285_D1,13
GTTACAATTGGTGACG-1_V13B23-285_D1,5
GTTACCTACAACTTGC-1_V13B23-285_D1,10
GTTACTTTGGGCCTAG-1_V13B23-285_D1,5
GTTAGCCGTAAATCAA-1_V13B23-285_D1,13
GTTAGGCTACCCGTTT-1_V13B23-285_D1,3
GTTATAATACGGTGAA-1_V13B23-285_D1,10
GTTATATCAGGAGCCA-1_V13B23-285_D1,13
GTTATATTATCTCCCT-1_V13B23-285_D1,5
GTTATTAACGTGGGAG-1_V13B23-285_D1,7
GTTCACAGGAGTCTAG-1_V13B23-285_D1,5
GTTCATCGTTTGGCTG-1_V13B23-285_D1,13
GTTCCAGTCTGACCAT-1_V13B23-285_D1,8
GTTCCCGTAAACATAT-1_V13B23-285_D1,10
GTTCGCCATAAGTGCC-1_V13B23-285_D1,5
GTTCGCTGAGACGTCT-1_V13B23-285_D1,10
GTTCGGAGCACTCAAC-1_V13B23-285_D1,10
GTTCGGATCGGGAACA-1_V13B23-285_D1,10
GTTCGGGCGTACCATT-1_V13B23-285_D1,13
GTTCGTCTAAAGAACT-1_V13B23-285_D1,10
GTTCGTCTGGGTCCCT-1_V13B23-285_D1,2
GTTCTTCCCTCGATGT-1_V13B23-285_D1,8
GTTGAACCGGTTCCAT-1_V13B23-285_D1,3
GTTGAGTCCCGCCGGT-1_V13B23-285_D1,10
GTTGCACGGAGTTTCG-1_V13B23-285_D1,5
GTTGCAGTCGACAACA-1_V13B23-285_D1,10
GTTGCGCTAACATTAC-1_V13B23-285_D1,10
GTTGCGGACGGTCAGG-1_V13B23-285_D1,10
GTTGGACCGCATCAGG-1_V13B23-285_D1,2
GTTGGATTCAGTGGCT-1_V13B23-285_D1,13
GTTGGATTGAGAACAC-1_V13B23-285_D1,13
GTTGGATTTGCGTTGG-1_V13B23-285_D1,5
GTTGGTCATGCTATCC-1_V13B23-285_D1,5
GTTGTCGTGTTAGTTG-1_V13B23-285_D1,8
GTTGTTGCAAGATGGC-1_V13B23-285_D1,10
GTTTACGTTCCATCTG-1_V13B23-285_D1,8
GTTTCAAACGAGTTGT-1_V13B23-285_D1,10
GTTTCATATCGTCGCT-1_V13B23-285_D1,13
GTTTCCTGGAGGGTGA-1_V13B23-285_D1,5
GTTTCTGCAGTCTCCC-1_V13B23-285_D1,10
GTTTGACCAAATCCTA-1_V13B23-285_D1,5
GTTTGGCCCAAGTTAT-1_V13B23-285_D1,10
GTTTGGCCGCTCAGCG-1_V13B23-285_D1,4
GTTTGGGCTTGTGAGC-1_V13B23-285_D1,10
GTTTGGGTTTCGCCCG-1_V13B23-285_D1,10
GTTTGGTAGGGTCAAC-1_V13B23-285_D1,5
TAAACCCAGGAGGGCA-1_V13B23-285_D1,5
TAAAGACAACCCTTTA-1_V13B23-285_D1,10
TAAAGCGTTAGGAGAA-1_V13B23-285_D1,11
TAAAGCTGCAATAGGG-1_V13B23-285_D1,13
TAAATCTTTACACCTC-1_V13B23-285_D1,13
TAAATGAATCCGTTTC-1_V13B23-285_D1,5
TAAATGCCGTCTCATG-1_V13B23-285_D1,11
TAAATGGGCTACTGAG-1_V13B23-285_D1,10
TAACAAAGGGAGAAGC-1_V13B23-285_D1,5
TAACAATATTTGTTGC-1_V13B23-285_D1,7
TAACATACAATGTGGG-1_V13B23-285_D1,11
TAACATACACGCGATC-1_V13B23-285_D1,5
TAACCTACCGTCCGAG-1_V13B23-285_D1,13
TAACCTAGGGAGTCCA-1_V13B23-285_D1,10
TAACGCTTTGAGAGCG-1_V13B23-285_D1,5
TAACTATCGAAGGTCC-1_V13B23-285_D1,5
TAACTATTACGCCAAA-1_V13B23-285_D1,13
TAACTCATCCGCGCGG-1_V13B23-285_D1,5
TAACTCCATGGAGGCT-1_V13B23-285_D1,5
TAAGCAGGCGACACGC-1_V13B23-285_D1,13
TAAGCCCTTACGACCA-1_V13B23-285_D1,2
TAAGGAACTTGTGGGA-1_V13B23-285_D1,8
TAAGGCAACATAAGAT-1_V13B23-285_D1,8
TAAGGCATAACATCAA-1_V13B23-285_D1,7
TAAGGCCCGTCACCCT-1_V13B23-285_D1,10
TAAGGCTGAATCCCTC-1_V13B23-285_D1,10
TAAGGGCCTGTCCGAT-1_V13B23-285_D1,10
TAAGGGCTGGGAGAGG-1_V13B23-285_D1,13
TAAGTAACATCTTGAC-1_V13B23-285_D1,7
TAAGTCGCCGAGTATC-1_V13B23-285_D1,5
TAAGTTGCGACGTAGG-1_V13B23-285_D1,10
TAATAAACAAGGAGAT-1_V13B23-285_D1,8
TAATACACAGTAGTAT-1_V13B23-285_D1,8
TAATAGAACAGAGTTA-1_V13B23-285_D1,5
TAATAGCTAAATGATG-1_V13B23-285_D1,13
TAATAGTGACGACCAG-1_V13B23-285_D1,1
TAATATTGAAATTCGC-1_V13B23-285_D1,8
TAATCAACCAAATGGG-1_V13B23-285_D1,10
TAATCGATCCGTACGT-1_V13B23-285_D1,1
TAATGAAAGACCCTTG-1_V13B23-285_D1,5
TAATTACGTCAGTAGA-1_V13B23-285_D1,10
TAATTAGATGGATATG-1_V13B23-285_D1,8
TAATTAGGACATCCGT-1_V13B23-285_D1,10
TAATTCCAATGCTTCA-1_V13B23-285_D1,10
TAATTGGAATCGGGAA-1_V13B23-285_D1,13
TACAACGCACAACTCA-1_V13B23-285_D1,5
TACAAGTCTCGTGCAT-1_V13B23-285_D1,5
TACACCGTCGTTAGTC-1_V13B23-285_D1,13
TACAGAAACGGTGGGC-1_V13B23-285_D1,10
TACATAGGCATACACC-1_V13B23-285_D1,5
TACATGCCGGAATTGT-1_V13B23-285_D1,10
TACATTTCTAACGTGC-1_V13B23-285_D1,5
TACCAAATAGCCCAGA-1_V13B23-285_D1,3
TACCAATAAAGTACCA-1_V13B23-285_D1,10
TACCAGAAGTAGGTTC-1_V13B23-285_D1,5
TACCAGCTAGGTTTAA-1_V13B23-285_D1,12
TACCATGTATTGATTT-1_V13B23-285_D1,10
TACCCTCGGTAACCCT-1_V13B23-285_D1,10
TACCGCGGACTTGCAG-1_V13B23-285_D1,13
TACCGGCTCACTGCCC-1_V13B23-285_D1,8
TACCGGTCGTTTCCAT-1_V13B23-285_D1,7
TACCGTAGGTTAACTA-1_V13B23-285_D1,4
TACCGTGCCTCGGACC-1_V13B23-285_D1,10
TACCTACTCCCAGTAT-1_V13B23-285_D1,5
TACCTCACGCTTGTAC-1_V13B23-285_D1,8
TACCTCAGTTGTCTGT-1_V13B23-285_D1,5
TACCTCTTTACCATCC-1_V13B23-285_D1,10
TACCTGCTGCACTGTG-1_V13B23-285_D1,5
TACCTTAAGATTTCCC-1_V13B23-285_D1,7
TACGAACACGACTTCA-1_V13B23-285_D1,5
TACGACGCTTGCTGCG-1_V13B23-285_D1,5
TACGACTGCCTCTTAG-1_V13B23-285_D1,8
TACGAGAACTTCACGT-1_V13B23-285_D1,5
TACGATGTTGATCATC-1_V13B23-285_D1,5
TACGCAGTTCTTTCCT-1_V13B23-285_D1,5
TACGCCATATTCTAAT-1_V13B23-285_D1,5
TACGCCGAGGGTACCC-1_V13B23-285_D1,5
TACGCCGCCTCAGAAG-1_V13B23-285_D1,10
TACGCCTCCATTCCGA-1_V13B23-285_D1,13
TACGCTATAGAAACCT-1_V13B23-285_D1,13
TACGCTCGGTATTGGA-1_V13B23-285_D1,10
TACGGCATGGACGCTA-1_V13B23-285_D1,10
TACGGGATGCTAGCAG-1_V13B23-285_D1,8
TACGTAAAGCGGAGTG-1_V13B23-285_D1,10
TACGTGCAAGGTTCCT-1_V13B23-285_D1,13
TACGTGCACTATGCTG-1_V13B23-285_D1,5
TACGTTTACCGGCAAT-1_V13B23-285_D1,13
TACTATGGTTCCTCAG-1_V13B23-285_D1,7
TACTCGGCACGCCGGG-1_V13B23-285_D1,13
TACTCTCCGAACAAAT-1_V13B23-285_D1,11
TACTCTTACTTTACTG-1_V13B23-285_D1,10
TACTCTTTCGTCTTCA-1_V13B23-285_D1,5
TACTGAACAGATTTAG-1_V13B23-285_D1,1
TACTGCAATCAATTAC-1_V13B23-285_D1,13
TACTGGACAGCTCGGC-1_V13B23-285_D1,13
TACTTAAACATGTACA-1_V13B23-285_D1,10
TACTTGTTAGTAGTCC-1_V13B23-285_D1,10
TACTTTACTGAGCCGG-1_V13B23-285_D1,13
TACTTTCCGCACGCCA-1_V13B23-285_D1,5
TAGAAAGGTGGCGCTA-1_V13B23-285_D1,13
TAGAAGAAGGGTTACA-1_V13B23-285_D1,10
TAGAATAGCCGATGAA-1_V13B23-285_D1,10
TAGAATTAAGGGCAAC-1_V13B23-285_D1,9
TAGACGAAACGCCAAT-1_V13B23-285_D1,10
TAGACGCCCGTACCGG-1_V13B23-285_D1,13
TAGACTACCTAGCGTT-1_V13B23-285_D1,10
TAGAGATCATGCAACT-1_V13B23-285_D1,7
TAGAGCTACGAAGAAC-1_V13B23-285_D1,12
TAGAGGTTCTACTTGT-1_V13B23-285_D1,10
TAGAGTCTAAGCGAAC-1_V13B23-285_D1,5
TAGATATGGACTGGAA-1_V13B23-285_D1,5
TAGATCCGAAGTCGCA-1_V13B23-285_D1,9
TAGATGGTTCCTTACT-1_V13B23-285_D1,10
TAGATTCCTGGTTATT-1_V13B23-285_D1,5
TAGCAACCTGTCACAA-1_V13B23-285_D1,5
TAGCAGTATGACTAAA-1_V13B23-285_D1,10
TAGCCATTTCAAAGTC-1_V13B23-285_D1,10
TAGCCGGCGGTCAGCG-1_V13B23-285_D1,13
TAGCGTCCCTCGATTG-1_V13B23-285_D1,10
TAGCGTCCGGTGTGGT-1_V13B23-285_D1,10
TAGCGTTGGGTCTTAC-1_V13B23-285_D1,10
TAGCTAAGTCCGGGAG-1_V13B23-285_D1,5
TAGCTAGAAGGCATGA-1_V13B23-285_D1,5
TAGCTAGTGATGATGG-1_V13B23-285_D1,5
TAGCTCGCCTGATAAC-1_V13B23-285_D1,5
TAGGCATGTTACGCCA-1_V13B23-285_D1,1
TAGGCCTATATAGTCT-1_V13B23-285_D1,10
TAGGCTAAAGTGGCAC-1_V13B23-285_D1,10
TAGGGAGCTTGGGATG-1_V13B23-285_D1,3
TAGGGTGTTTCAAGAG-1_V13B23-285_D1,8
TAGGTCCAAGTAAGGA-1_V13B23-285_D1,5
TAGGTCGCCGGAACTG-1_V13B23-285_D1,13
TAGGTGACGATAACCT-1_V13B23-285_D1,10
TAGGTGAGCCCTACTC-1_V13B23-285_D1,5
TAGGTGCTCGCCTAGC-1_V13B23-285_D1,10
TAGGTGTTCCACAGAT-1_V13B23-285_D1,7
TAGGTTCGAGTTCGTC-1_V13B23-285_D1,8
TAGTACCTTAGTGGTC-1_V13B23-285_D1,5
TAGTAGCTTATACCAG-1_V13B23-285_D1,5
TAGTCCGCAGAGAATG-1_V13B23-285_D1,5
TAGTCGATCACGGGTT-1_V13B23-285_D1,10
TAGTCTAACAACGAGA-1_V13B23-285_D1,13
TAGTCTGTGACGTTGC-1_V13B23-285_D1,13
TAGTGCCCTCCAGAGT-1_V13B23-285_D1,5
TAGTGTCAGAAACGGC-1_V13B23-285_D1,5
TAGTTAAGATAGGATA-1_V13B23-285_D1,12
TAGTTTATTCTTGCTT-1_V13B23-285_D1,6
TATAAATCCACAAGCT-1_V13B23-285_D1,8
TATAAGTGAGGATAGC-1_V13B23-285_D1,8
TATACACAGACGCCTT-1_V13B23-285_D1,5
TATACACGCAAAGTAT-1_V13B23-285_D1,8
TATACCGAGTGCCACA-1_V13B23-285_D1,10
TATACGCGTCATCACT-1_V13B23-285_D1,5
TATACTCATGCGGCAA-1_V13B23-285_D1,5
TATAGATGGTCGCAGT-1_V13B23-285_D1,10
TATAGGGTACTCATGA-1_V13B23-285_D1,13
TATATATCGAGAAATG-1_V13B23-285_D1,5
TATATCCCTGGGAGGA-1_V13B23-285_D1,7
TATATTACAAATGTCG-1_V13B23-285_D1,3
TATATTCGCGTCGATA-1_V13B23-285_D1,9
TATCACCATGTAAAGT-1_V13B23-285_D1,9
TATCACCCAACCGACC-1_V13B23-285_D1,13
TATCACTTCGAGTAAC-1_V13B23-285_D1,13
TATCCAATTGGTTATC-1_V13B23-285_D1,10
TATCCATATCATGCGA-1_V13B23-285_D1,8
TATCCGCACCGTCGGG-1_V13B23-285_D1,5
TATCCTGCATGGGAAT-1_V13B23-285_D1,12
TATCGATCTATGCATA-1_V13B23-285_D1,4
TATCGATGATTAAACG-1_V13B23-285_D1,5
TATCTACAGAGGTAAT-1_V13B23-285_D1,5
TATCTACCACAGCGGG-1_V13B23-285_D1,5
TATCTTGCAATACAAC-1_V13B23-285_D1,13
TATGAAGACAGGTGCG-1_V13B23-285_D1,5
TATGATCCGGCACGCC-1_V13B23-285_D1,13
TATGATCTTCTCTTTA-1_V13B23-285_D1,10
TATGCTCCCTACTTAC-1_V13B23-285_D1,8
TATGGATGTGCTACGC-1_V13B23-285_D1,5
TATGGCCCGGCCTCGC-1_V13B23-285_D1,5
TATGGCTAGGCTAATT-1_V13B23-285_D1,13
TATGGGACCGAGCAGG-1_V13B23-285_D1,5
TATGGGTACGTATCGT-1_V13B23-285_D1,5
TATGGTCTGAGTAACA-1_V13B23-285_D1,5
TATGGTTAGTGGGAGA-1_V13B23-285_D1,10
TATGTCAAGACCGACT-1_V13B23-285_D1,1
TATGTCTCATTGTGCC-1_V13B23-285_D1,13
TATTAACCTGACCGCG-1_V13B23-285_D1,3
TATTACCATCCTGCTT-1_V13B23-285_D1,10
TATTATGTTTGCCTGC-1_V13B23-285_D1,7
TATTCAATTCTAATCC-1_V13B23-285_D1,8
TATTCCACTCAGCTCG-1_V13B23-285_D1,5
TATTCCGAGCTGTTAT-1_V13B23-285_D1,10
TATTCCTCCGCCCACT-1_V13B23-285_D1,3
TATTCGTGCCAGAATA-1_V13B23-285_D1,5
TATTGACATTTCTGCC-1_V13B23-285_D1,13
TATTGCCGGGCTTGTA-1_V13B23-285_D1,10
TATTTAGTCTAGATCG-1_V13B23-285_D1,8
TATTTATACCGAGTAG-1_V13B23-285_D1,12
TATTTGATTTGCACAG-1_V13B23-285_D1,10
TATTTGTTACCCTTTA-1_V13B23-285_D1,5
TCAAACAACCGCGTCG-1_V13B23-285_D1,8
TCAAACTTAGATTGTT-1_V13B23-285_D1,5
TCAAATTTGAGACTCA-1_V13B23-285_D1,10
TCAACAAAGATAATTC-1_V13B23-285_D1,7
TCAACACATTGGGTAA-1_V13B23-285_D1,8
TCAACATAGCGCCCTA-1_V13B23-285_D1,1
TCAACATCGACCGAGA-1_V13B23-285_D1,13
TCAACCATGTTCGGGC-1_V13B23-285_D1,5
TCAACGAGGAGACAAA-1_V13B23-285_D1,5
TCAACGCAGGAAATAA-1_V13B23-285_D1,5
TCAACGCGACCGGCAG-1_V13B23-285_D1,13
TCAACTAACGTATAAC-1_V13B23-285_D1,5
TCAACTGCAGAGTCAG-1_V13B23-285_D1,10
TCAAGAAATACTAGCT-1_V13B23-285_D1,13
TCAAGCGCGGACGGTA-1_V13B23-285_D1,10
TCAAGCTGCCTTGAAA-1_V13B23-285_D1,13
TCAAGGTTACTACACC-1_V13B23-285_D1,10
TCAATACGCCGTCATG-1_V13B23-285_D1,14
TCACAAACCGAGGTAC-1_V13B23-285_D1,10
TCACAGCAAACTCGAA-1_V13B23-285_D1,5
TCACAGGAGAATAAGA-1_V13B23-285_D1,5
TCACAGGGAATCGCAA-1_V13B23-285_D1,10
TCACAGGTTATTGGGC-1_V13B23-285_D1,5
TCACATCTTATCTGAT-1_V13B23-285_D1,5
TCACCCTCTTAAGATT-1_V13B23-285_D1,5
TCACCGCTCGGCACTC-1_V13B23-285_D1,13
TCACGATGTCCGTGGA-1_V13B23-285_D1,5
TCACGCATTGTAGATC-1_V13B23-285_D1,5
TCACGGTCATCGCACA-1_V13B23-285_D1,5
TCACGTGCCCGATTCA-1_V13B23-285_D1,5
TCACTACGACCAATGC-1_V13B23-285_D1,13
TCACTCGTGCAACGGC-1_V13B23-285_D1,8
TCAGAACCTCCACAGG-1_V13B23-285_D1,13
TCAGACGCTATAGAAG-1_V13B23-285_D1,10
TCAGAGTGTGAGCATG-1_V13B23-285_D1,10
TCAGCAAATGCATCTC-1_V13B23-285_D1,13
TCAGCAGTAGGCCCTG-1_V13B23-285_D1,5
TCAGCCAATCCGTAAA-1_V13B23-285_D1,10
TCAGGGCGCAAACTCG-1_V13B23-285_D1,3
TCAGGGTGTAACGTAA-1_V13B23-285_D1,13
TCAGGTTCTTTGAGAA-1_V13B23-285_D1,5
TCAGTACTGACCCGCG-1_V13B23-285_D1,5
TCAGTAGGGACTATAA-1_V13B23-285_D1,5
TCAGTGTATACGTCAT-1_V13B23-285_D1,5
TCATAAGTCCAAGAAG-1_V13B23-285_D1,10
TCATACTTACAGATCC-1_V13B23-285_D1,5
TCATATGAGCTTTGTT-1_V13B23-285_D1,1
TCATCACTCGAGCTCG-1_V13B23-285_D1,8
TCATCCCAGAGGGTGG-1_V13B23-285_D1,6
TCATCGATGGTCCCAA-1_V13B23-285_D1,5
TCATGCAGGTTCTCAT-1_V13B23-285_D1,12
TCATTTAAGTCTCCGA-1_V13B23-285_D1,13
TCATTTAGAAGTGTGA-1_V13B23-285_D1,10
TCCAACTTTAAATTCT-1_V13B23-285_D1,7
TCCAATAAAGGCTACC-1_V13B23-285_D1,5
TCCACAATGGTTTACG-1_V13B23-285_D1,5
TCCACCTCTAGCCTTT-1_V13B23-285_D1,5
TCCACTTTATCTAGGT-1_V13B23-285_D1,13
TCCAGAGCACCGGTTC-1_V13B23-285_D1,10
TCCAGATGTACGCCAA-1_V13B23-285_D1,13
TCCAGCGCTATAAGCG-1_V13B23-285_D1,10
TCCAGGCGAGTACGGT-1_V13B23-285_D1,5
TCCAGGGTATATACGA-1_V13B23-285_D1,5
TCCATTCCCACTAGAG-1_V13B23-285_D1,2
TCCATTGTGACCTCGT-1_V13B23-285_D1,9
TCCCAAACAGACAACG-1_V13B23-285_D1,13
TCCCAAAGACGAAGGA-1_V13B23-285_D1,5
TCCCAAAGCCCTAAAT-1_V13B23-285_D1,10
TCCCACTCTCTTCCGG-1_V13B23-285_D1,13
TCCCAGCACACGACAT-1_V13B23-285_D1,10
TCCCAGCTTTAGTCTG-1_V13B23-285_D1,5
TCCCAGGCTTAGCTAA-1_V13B23-285_D1,5
TCCCGCCTATGTGCGT-1_V13B23-285_D1,13
TCCCGCGTACTCCTGG-1_V13B23-285_D1,7
TCCCGGGTGTGCTGCT-1_V13B23-285_D1,5
TCCCGTCAGTCCCGCA-1_V13B23-285_D1,8
TCCCGTCGCGTCATAG-1_V13B23-285_D1,13
TCCCGTGTGCAATTTG-1_V13B23-285_D1,10
TCCCTAGATCAATAGG-1_V13B23-285_D1,13
TCCCTCTTCTCAAGGG-1_V13B23-285_D1,10
TCCCTGGCGTATTAAC-1_V13B23-285_D1,1
TCCCTGGCTCGCTGGA-1_V13B23-285_D1,3
TCCCTTAGATTACTCG-1_V13B23-285_D1,12
TCCCTTGTCTGAAACT-1_V13B23-285_D1,10
TCCGAACGTTGCCGCT-1_V13B23-285_D1,10
TCCGAACTTGGCTTAC-1_V13B23-285_D1,13
TCCGAAGTAGTCACCA-1_V13B23-285_D1,14
TCCGAATGGTCCTGAG-1_V13B23-285_D1,13
TCCGATAATTGCCATA-1_V13B23-285_D1,8
TCCGATGACTGAGCTC-1_V13B23-285_D1,8
TCCGATGGTGCGACAT-1_V13B23-285_D1,5
TCCGATTACATTGCCG-1_V13B23-285_D1,5
TCCGCCTGTCTACAAG-1_V13B23-285_D1,10
TCCGCGGCAGCATCTG-1_V13B23-285_D1,13
TCCGCGGCCCAATGAA-1_V13B23-285_D1,10
TCCGCTGTCATCCCGG-1_V13B23-285_D1,10
TCCGCTTATCCCATTA-1_V13B23-285_D1,5
TCCGGAGGAAGGGCTG-1_V13B23-285_D1,11
TCCGGCCTAGCGTACA-1_V13B23-285_D1,13
TCCGGCTGTCGGGTCG-1_V13B23-285_D1,10
TCCGGGCTTGACGGGA-1_V13B23-285_D1,10
TCCGGTTCGTCCGGTC-1_V13B23-285_D1,5
TCCGTAACCACAATCC-1_V13B23-285_D1,5
TCCGTTAAGCTAATAT-1_V13B23-285_D1,10
TCCGTTTAGCCTTGAA-1_V13B23-285_D1,13
TCCTAAATTGGGAAGC-1_V13B23-285_D1,10
TCCTAACCGTCGGGCA-1_V13B23-285_D1,5
TCCTACATCCACGGCC-1_V13B23-285_D1,10
TCCTAGCAAAGAAGCT-1_V13B23-285_D1,5
TCCTATCATAGGTAAC-1_V13B23-285_D1,10
TCCTCCTAAGACATTC-1_V13B23-285_D1,5
TCCTCGGGCTGGGCTT-1_V13B23-285_D1,10
TCCTCTACGAGATGGC-1_V13B23-285_D1,5
TCCTCTCCAGTTGTCC-1_V13B23-285_D1,5
TCCTCTGGCCCATTAG-1_V13B23-285_D1,9
TCCTGCCAACTGGAGA-1_V13B23-285_D1,12
TCCTGCGTTGATACTC-1_V13B23-285_D1,5
TCCTGGCGCTGCCTGG-1_V13B23-285_D1,11
TCCTTACGACGGTCCG-1_V13B23-285_D1,10
TCCTTCAGTGGTCGAA-1_V13B23-285_D1,12
TCCTTTAAATCCGCTT-1_V13B23-285_D1,10
TCCTTTCTTACGCTTA-1_V13B23-285_D1,1
TCGAAATTTAGGACCA-1_V13B23-285_D1,5
TCGAAGAACCGAGCAC-1_V13B23-285_D1,10
TCGAATATCCCGCAGG-1_V13B23-285_D1,5
TCGACAACTGAACCCG-1_V13B23-285_D1,7
TCGAGACCAACACCGT-1_V13B23-285_D1,5
TCGAGCCAGGCAGGCC-1_V13B23-285_D1,5
TCGAGGGCAACAGACG-1_V13B23-285_D1,10
TCGCAAAGATGCATTT-1_V13B23-285_D1,10
TCGCACCAGGAGGCAG-1_V13B23-285_D1,10
TCGCATAAAGGGCGCA-1_V13B23-285_D1,10
TCGCATCCCTAAGTGT-1_V13B23-285_D1,8
TCGCCGAAGTTGCGTC-1_V13B23-285_D1,7
TCGCCGGTCGATCCGT-1_V13B23-285_D1,8
TCGCGTAGCAGTGTCC-1_V13B23-285_D1,10
TCGCGTCCAGAAGGTC-1_V13B23-285_D1,5
TCGCTAAACCGCTATC-1_V13B23-285_D1,8
TCGCTCGATATATTCC-1_V13B23-285_D1,7
TCGCTCGGCACCAGCG-1_V13B23-285_D1,13
TCGCTGGGCGGATTGT-1_V13B23-285_D1,10
TCGCTGTGCGTAAATC-1_V13B23-285_D1,8
TCGCTTTAAACGTTTG-1_V13B23-285_D1,1
TCGGAATGCGCTCTGA-1_V13B23-285_D1,5
TCGGACGCCCAGCCCA-1_V13B23-285_D1,13
TCGGAGAGTATCGGGA-1_V13B23-285_D1,5
TCGGAGTACATGAGTA-1_V13B23-285_D1,13
TCGGCGAACCCAAACC-1_V13B23-285_D1,10
TCGGCGTACTGCACAA-1_V13B23-285_D1,3
TCGGCTTGTATCGACG-1_V13B23-285_D1,10
TCGGGAACGTGCCTAG-1_V13B23-285_D1,13
TCGGGAGACAGCGTAC-1_V13B23-285_D1,10
TCGGGATTCAAACATA-1_V13B23-285_D1,13
TCGGGCCGTCGTGGTA-1_V13B23-285_D1,10
TCGGGTGAAACTGCTA-1_V13B23-285_D1,9
TCGGTCCCGACAATAG-1_V13B23-285_D1,1
TCGGTCCCTGACTCCA-1_V13B23-285_D1,9
TCGGTGACCGCTCCGG-1_V13B23-285_D1,13
TCGTAAGACGACATTG-1_V13B23-285_D1,3
TCGTAAGCTCCGAGGA-1_V13B23-285_D1,3
TCGTATAGTGCAATTA-1_V13B23-285_D1,9
TCGTATTACCCATTGC-1_V13B23-285_D1,5
TCGTCAAGTACGCGCA-1_V13B23-285_D1,5
TCGTCACACTGTTAGC-1_V13B23-285_D1,5
TCGTCCGCTGGCGTCT-1_V13B23-285_D1,5
TCGTCTTAGGCGTTAA-1_V13B23-285_D1,10
TCGTGTACTATGGATG-1_V13B23-285_D1,10
TCGTGTATTGGTCACG-1_V13B23-285_D1,10
TCGTGTCACGCTGACA-1_V13B23-285_D1,13
TCGTGTTCGACCACAA-1_V13B23-285_D1,10
TCGTTAGGAGTCCCTA-1_V13B23-285_D1,5
TCGTTCGTTATTATGT-1_V13B23-285_D1,9
TCGTTGCTATCCGGTC-1_V13B23-285_D1,5
TCGTTGGCTCGTCAAT-1_V13B23-285_D1,12
TCTAATACTGCCTCAG-1_V13B23-285_D1,3
TCTACCCAATAGAGAG-1_V13B23-285_D1,10
TCTACCGTCCACAAGC-1_V13B23-285_D1,7
TCTAGCAATCTCCGCC-1_V13B23-285_D1,7
TCTAGCATCTTCGATG-1_V13B23-285_D1,5
TCTAGCATGCCCAGAA-1_V13B23-285_D1,10
TCTAGGTGGCGACGCT-1_V13B23-285_D1,13
TCTAGTGATATCGTGG-1_V13B23-285_D1,10
TCTAGTTATCAGAAGA-1_V13B23-285_D1,5
TCTATAGGTGGGTAAT-1_V13B23-285_D1,10
TCTATCATGCAGTTAC-1_V13B23-285_D1,8
TCTATCGGTCGCAACA-1_V13B23-285_D1,8
TCTATGCTATAACGAC-1_V13B23-285_D1,10
TCTATTACGCTGGCGA-1_V13B23-285_D1,8
TCTCATGAGATAGGGT-1_V13B23-285_D1,10
TCTCCAACGTAGGTTA-1_V13B23-285_D1,8
TCTCCACAAGTTGAAT-1_V13B23-285_D1,10
TCTCCCTGGGCAGCGT-1_V13B23-285_D1,10
TCTCGAACGAGGTCAC-1_V13B23-285_D1,11
TCTCGACGTATCGCCG-1_V13B23-285_D1,10
TCTCGAGGAGGTTCGC-1_V13B23-285_D1,10
TCTCGGCTCCAGGACT-1_V13B23-285_D1,8
TCTCTAATAGCTGGTA-1_V13B23-285_D1,8
TCTCTCGCCGCACATA-1_V13B23-285_D1,10
TCTGAACCGGTCGGCT-1_V13B23-285_D1,7
TCTGAACTCGTACCCG-1_V13B23-285_D1,10
TCTGAAGCACGTGGTC-1_V13B23-285_D1,10
TCTGAATTCCGTACAA-1_V13B23-285_D1,13
TCTGACGGGCTAACCC-1_V13B23-285_D1,13
TCTGAGCAATTGACTG-1_V13B23-285_D1,10
TCTGATCGGGTGCTAG-1_V13B23-285_D1,13
TCTGATGTATTCTGTC-1_V13B23-285_D1,10
TCTGATTGGAAATGGA-1_V13B23-285_D1,13
TCTGCACCATTAGTAA-1_V13B23-285_D1,3
TCTGCATACCTTGCTT-1_V13B23-285_D1,10
TCTGCCAGAAACTGCA-1_V13B23-285_D1,10
TCTGCGAATCGTTCGC-1_V13B23-285_D1,2
TCTGCGTCCGGTTTCT-1_V13B23-285_D1,8
TCTGCTTAGAACAAGC-1_V13B23-285_D1,10
TCTGGAGCGTAAGAGT-1_V13B23-285_D1,8
TCTGGCCGTTCAAGTT-1_V13B23-285_D1,13
TCTGGGAACCTTTGAA-1_V13B23-285_D1,10
TCTGGGTAGCGCTCAT-1_V13B23-285_D1,5
TCTGTCATACAAGAGC-1_V13B23-285_D1,9
TCTGTGCCATCATAGT-1_V13B23-285_D1,13
TCTGTTACCCAGCATA-1_V13B23-285_D1,5
TCTTACAGAGGTACCG-1_V13B23-285_D1,8
TCTTACCGGAACTCGT-1_V13B23-285_D1,1
TCTTACGGCATCCGAC-1_V13B23-285_D1,5
TCTTACTTATGCCTCT-1_V13B23-285_D1,10
TCTTAGAGCTCCAATT-1_V13B23-285_D1,10
TCTTAGAGTGAACTCT-1_V13B23-285_D1,10
TCTTCCCATGGGCACA-1_V13B23-285_D1,13
TCTTCGAATAGACGTT-1_V13B23-285_D1,10
TCTTCGATACCAATAA-1_V13B23-285_D1,7
TCTTCGCGGTGAGAGG-1_V13B23-285_D1,10
TCTTCTATAACCCGCC-1_V13B23-285_D1,10
TCTTGATGCGTAGCGA-1_V13B23-285_D1,7
TCTTGGTAACACCAAA-1_V13B23-285_D1,8
TCTTTAAGACTATGAA-1_V13B23-285_D1,13
TCTTTAGAGTCTAACA-1_V13B23-285_D1,10
TCTTTAGCAGGCGAAC-1_V13B23-285_D1,13
TCTTTCCTTCGAGATA-1_V13B23-285_D1,10
TCTTTCTCTTAAGGAG-1_V13B23-285_D1,9
TGAAACTTATGCAAGC-1_V13B23-285_D1,6
TGAAAGGACCTGACTC-1_V13B23-285_D1,13
TGAATATGCTATAAAC-1_V13B23-285_D1,2
TGAATGAGATACAGCA-1_V13B23-285_D1,2
TGAATGTCAGCCGGCC-1_V13B23-285_D1,4
TGACAACGCATGTCGC-1_V13B23-285_D1,10
TGACACTTCTCTTTGC-1_V13B23-285_D1,13
TGACATCGAGCGGACC-1_V13B23-285_D1,13
TGACCCACGTTAGACA-1_V13B23-285_D1,5
TGACGAATATTTCCCT-1_V13B23-285_D1,5
TGACGATGCACTAGAA-1_V13B23-285_D1,10
TGACTATAATCCTTTC-1_V13B23-285_D1,10
TGACTCTAACTGGTAA-1_V13B23-285_D1,10
TGAGAATGCTTTACCG-1_V13B23-285_D1,8
TGAGAGATTTACCACG-1_V13B23-285_D1,10
TGAGATTAGGCCCTAA-1_V13B23-285_D1,11
TGAGCCATACAGTCTC-1_V13B23-285_D1,3
TGAGCGGAAAGTGTTC-1_V13B23-285_D1,5
TGAGCTCAACTGTATA-1_V13B23-285_D1,10
TGAGCTTTAATGACGC-1_V13B23-285_D1,12
TGAGGAGTGCCAGCTT-1_V13B23-285_D1,7
TGAGTAAATTAGCGTA-1_V13B23-285_D1,5
TGAGTGCCTCTTAAAT-1_V13B23-285_D1,7
TGAGTGGTCCGTGACG-1_V13B23-285_D1,13
TGAGTTAAAGACATTC-1_V13B23-285_D1,10
TGATACATTTAGCCGT-1_V13B23-285_D1,1
TGATCAGGGAACTGCT-1_V13B23-285_D1,3
TGATCCCAGCATTAGT-1_V13B23-285_D1,3
TGATCGGTTTGACCCT-1_V13B23-285_D1,5
TGATCTACGCTGATCT-1_V13B23-285_D1,13
TGATCTCCGGCGCCAG-1_V13B23-285_D1,5
TGATGGCTGTTTCTGA-1_V13B23-285_D1,13
TGATGTCAATTAAGTG-1_V13B23-285_D1,10
TGATTATGGCACGCAG-1_V13B23-285_D1,11
TGATTCGTCTATCACT-1_V13B23-285_D1,5
TGATTCTGTCGCCGGT-1_V13B23-285_D1,5
TGATTTATTAGCTGTG-1_V13B23-285_D1,5
TGATTTCCTCCTGACG-1_V13B23-285_D1,8
TGCAACCCATCTGCGG-1_V13B23-285_D1,10
TGCAAGAATGACGTAA-1_V13B23-285_D1,4
TGCAATCTAACACGGT-1_V13B23-285_D1,10
TGCAATTTGGGCACGG-1_V13B23-285_D1,11
TGCACAGTGAAGTTAT-1_V13B23-285_D1,13
TGCAGAACTATATCGT-1_V13B23-285_D1,13
TGCAGAGTACCGAGCA-1_V13B23-285_D1,5
TGCAGATCGTCCTAGG-1_V13B23-285_D1,13
TGCAGCTACGTACTTC-1_V13B23-285_D1,13
TGCAGGATCGGCAAAG-1_V13B23-285_D1,8
TGCAGTGAGGCTCGGG-1_V13B23-285_D1,2
TGCAGTTTCCTCCCAT-1_V13B23-285_D1,10
TGCATATGTCTGTCAC-1_V13B23-285_D1,13
TGCATGGATCGGATCT-1_V13B23-285_D1,8
TGCATGTGGTAATCTA-1_V13B23-285_D1,13
TGCCAAAGTCAGACTT-1_V13B23-285_D1,13
TGCCAATGGGTACTCT-1_V13B23-285_D1,5
TGCCACCTGGCGAAAC-1_V13B23-285_D1,8
TGCCAGTACGTGGAGA-1_V13B23-285_D1,10
TGCCATTACTAAAGAA-1_V13B23-285_D1,8
TGCCCGTACCGTTAAA-1_V13B23-285_D1,10
TGCCGAAAGCGTATTC-1_V13B23-285_D1,13
TGCCGTGGATCGTCCT-1_V13B23-285_D1,5
TGCCTAAATTTAATAG-1_V13B23-285_D1,10
TGCCTAATTGAAGATT-1_V13B23-285_D1,10
TGCCTGACATCGGTCA-1_V13B23-285_D1,8
TGCCTGATCAAACGAT-1_V13B23-285_D1,8
TGCCTTGGCCAGGCAA-1_V13B23-285_D1,10
TGCGACACCCTAGTGC-1_V13B23-285_D1,5
TGCGACGGCCGAACGT-1_V13B23-285_D1,5
TGCGAGAATATTACCC-1_V13B23-285_D1,5
TGCGAGCCCTTCCGCG-1_V13B23-285_D1,12
TGCGCAAAGCATTTGG-1_V13B23-285_D1,7
TGCGCCGTTAATAACG-1_V13B23-285_D1,10
TGCGCGATTAACGGAG-1_V13B23-285_D1,5
TGCGGAGTAAAGGTGC-1_V13B23-285_D1,8
TGCGGCATAGTTCAAC-1_V13B23-285_D1,12
TGCGGTGAAATTTCAT-1_V13B23-285_D1,6
TGCGTAAGAACCTGAT-1_V13B23-285_D1,7
TGCGTACGGCTAATTG-1_V13B23-285_D1,10
TGCGTCATGACTGAGC-1_V13B23-285_D1,5
TGCGTGATTGGGTGTC-1_V13B23-285_D1,3
TGCGTTTGTTGACACT-1_V13B23-285_D1,10
TGCTAAGTGTCTATTT-1_V13B23-285_D1,10
TGCTCCACAGTTCTTA-1_V13B23-285_D1,10
TGCTCGGCGAAACCCA-1_V13B23-285_D1,5
TGCTCTGCCGGTTCAC-1_V13B23-285_D1,7
TGCTCTTGAGAGTTTG-1_V13B23-285_D1,10
TGCTGGTTGGACAATT-1_V13B23-285_D1,5
TGCTGTTGAAGAACTC-1_V13B23-285_D1,10
TGCTTCCCAAGCAGTA-1_V13B23-285_D1,5
TGCTTGAAACCATGCA-1_V13B23-285_D1,8
TGGAACCACTGACACA-1_V13B23-285_D1,13
TGGAAGAAGGGAACGT-1_V13B23-285_D1,13
TGGAAGACGAACACCA-1_V13B23-285_D1,8
TGGAAGGATAAAGATG-1_V13B23-285_D1,8
TGGAATATCCTTGACC-1_V13B23-285_D1,13
TGGAATTAGACGCTTT-1_V13B23-285_D1,5
TGGACCAATCTAAGAT-1_V13B23-285_D1,10
TGGACCACGGCGTTGA-1_V13B23-285_D1,8
TGGACGCAATCCAGCC-1_V13B23-285_D1,7
TGGACTGTTCGCTCAA-1_V13B23-285_D1,10
TGGAGGGAAACACCTC-1_V13B23-285_D1,13
TGGAGTGATGCGATGA-1_V13B23-285_D1,5
TGGCAAACTAAATTAC-1_V13B23-285_D1,10
TGGCAACTCGCGCGCC-1_V13B23-285_D1,5
TGGCAATGGGACGGCG-1_V13B23-285_D1,10
TGGCAGATTACGATCA-1_V13B23-285_D1,5
TGGCAGCAGTAATAGT-1_V13B23-285_D1,5
TGGCCAAACTGAAGTA-1_V13B23-285_D1,13
TGGCCGTATATTGACC-1_V13B23-285_D1,5
TGGCGACTGCTCCAAA-1_V13B23-285_D1,5
TGGCGATCAAGTTATG-1_V13B23-285_D1,5
TGGCTACACTCTACCT-1_V13B23-285_D1,10
TGGCTATGTGACATAC-1_V13B23-285_D1,10
TGGCTTGTACAAGCTT-1_V13B23-285_D1,2
TGGCTTTGGGTAGACA-1_V13B23-285_D1,8
TGGGAAATGCCTTTCC-1_V13B23-285_D1,5
TGGGATGCACTCATTC-1_V13B23-285_D1,13
TGGGCAATAGTTGGGT-1_V13B23-285_D1,10
TGGGCACGTTCTATGG-1_V13B23-285_D1,12
TGGGCAGGCCACCGCA-1_V13B23-285_D1,10
TGGGCCACAAGAGCGC-1_V13B23-285_D1,8
TGGGCCCATACTAATT-1_V13B23-285_D1,10
TGGTAGAATATATGGG-1_V13B23-285_D1,10
TGGTATCGCATCCCAA-1_V13B23-285_D1,9
TGGTCCCACGCTACGG-1_V13B23-285_D1,10
TGGTGATCGTATTTGT-1_V13B23-285_D1,7
TGGTTAAGGGCGCTGG-1_V13B23-285_D1,13
TGGTTCAACGGGTAAT-1_V13B23-285_D1,10
TGGTTCGTAGCAAAGG-1_V13B23-285_D1,1
TGGTTGGAGGATCCTG-1_V13B23-285_D1,11
TGGTTTAAACGTGGGT-1_V13B23-285_D1,13
TGTAATGACCACAATA-1_V13B23-285_D1,13
TGTACCTACACGAGGG-1_V13B23-285_D1,10
TGTACGAACAAATCCG-1_V13B23-285_D1,5
TGTACTACTCTCACGG-1_V13B23-285_D1,2
TGTAGCCATCCCATTC-1_V13B23-285_D1,10
TGTAGGAGAAATTTCC-1_V13B23-285_D1,13
TGTAGTGATCTATAAT-1_V13B23-285_D1,5
TGTATAACAGATCCTG-1_V13B23-285_D1,13
TGTATACGGATGATGA-1_V13B23-285_D1,3
TGTATCCTTATTCCAT-1_V13B23-285_D1,9
TGTATGGCGCAGACAG-1_V13B23-285_D1,10
TGTATTTACCTAATGC-1_V13B23-285_D1,9
TGTCATTTGTTGGGAA-1_V13B23-285_D1,13
TGTCCACGGCTCAACT-1_V13B23-285_D1,10
TGTCCCGACATAGCAC-1_V13B23-285_D1,9
TGTCCGTGGCGCCTTT-1_V13B23-285_D1,5
TGTCCTAAGTCACCGC-1_V13B23-285_D1,13
TGTCGGCATGGTGGAA-1_V13B23-285_D1,8
TGTCTACAGTTTCTGT-1_V13B23-285_D1,9
TGTGACTACGCCAGTC-1_V13B23-285_D1,8
TGTGAGACTAGCCCAA-1_V13B23-285_D1,5
TGTGCCGGTGCCGGAA-1_V13B23-285_D1,10
TGTGCTTTACGTAAGA-1_V13B23-285_D1,13
TGTGGACTATCTACGT-1_V13B23-285_D1,10
TGTGGCAAAGCGTATG-1_V13B23-285_D1,13
TGTGGCTCCCACCAAC-1_V13B23-285_D1,10
TGTGGTAGGGTGCCTT-1_V13B23-285_D1,10
TGTGTAGTAGCACGTG-1_V13B23-285_D1,10
TGTGTCGCGAGTTGCA-1_V13B23-285_D1,5
TGTGTTCGTATCCAAG-1_V13B23-285_D1,5
TGTTATTGTATGTGGC-1_V13B23-285_D1,10
TGTTCCGCTTCCATGA-1_V13B23-285_D1,5
TGTTCGTATTGCGGTG-1_V13B23-285_D1,5
TGTTCTTCCATTGACT-1_V13B23-285_D1,5
TGTTGCCGTCGTCCCA-1_V13B23-285_D1,10
TGTTGTCAAGAAGTCT-1_V13B23-285_D1,8
TGTTTAATACTTCATC-1_V13B23-285_D1,9
TGTTTCGGTACTTCTC-1_V13B23-285_D1,8
TGTTTGAGATCGTCAG-1_V13B23-285_D1,10
TTAAACAGAGTCCCGC-1_V13B23-285_D1,12
TTAAACTCGAATTCAT-1_V13B23-285_D1,13
TTAACACCTCGAACAT-1_V13B23-285_D1,5
TTAACCAACCCTCCCT-1_V13B23-285_D1,8
TTAACGAACAAGCAGT-1_V13B23-285_D1,2
TTAACGTCGCAAGACC-1_V13B23-285_D1,9
TTAACTTCAGGTAGGA-1_V13B23-285_D1,5
TTAAGATAGGATTGAC-1_V13B23-285_D1,10
TTAAGCCGACAACTTC-1_V13B23-285_D1,6
TTAAGCGCCTGACCCA-1_V13B23-285_D1,5
TTAAGGCCCGTACTTT-1_V13B23-285_D1,1
TTAAGTATTGTTATCC-1_V13B23-285_D1,10
TTAATCAGTACGTCAG-1_V13B23-285_D1,12
TTAATGTAGACCAGGT-1_V13B23-285_D1,1
TTAATTGCTTTGGGTG-1_V13B23-285_D1,10
TTAATTTCAGACGCGG-1_V13B23-285_D1,8
TTACAACTACGCATCC-1_V13B23-285_D1,5
TTACACGATCTGCGAC-1_V13B23-285_D1,10
TTACAGACCTAAATGA-1_V13B23-285_D1,1
TTACATCGTGGCCTGG-1_V13B23-285_D1,5
TTACATGCCACAACTA-1_V13B23-285_D1,10
TTACCATTGATTACCC-1_V13B23-285_D1,13
TTACCCATTGCCGGGT-1_V13B23-285_D1,12
TTACCCTAACAGTCCT-1_V13B23-285_D1,3
TTACCCTAGGGATTGG-1_V13B23-285_D1,7
TTACCGCCTTAGGGAA-1_V13B23-285_D1,8
TTACGGATGGTTCGAG-1_V13B23-285_D1,13
TTACGTATCTATGACA-1_V13B23-285_D1,10
TTACTAAAGGACTTTA-1_V13B23-285_D1,10
TTACTATCGGCTTCTC-1_V13B23-285_D1,13
TTACTCCGGCCGGGAA-1_V13B23-285_D1,13
TTACTCTGGTACGTAC-1_V13B23-285_D1,3
TTACTGGGATATTTCA-1_V13B23-285_D1,5
TTACTGTCTAGAGCTC-1_V13B23-285_D1,2
TTAGAAGAACATGACT-1_V13B23-285_D1,5
TTAGAATAAGGGTCGG-1_V13B23-285_D1,5
TTAGACACGATCGTTG-1_V13B23-285_D1,12
TTAGACGAGTCACCTC-1_V13B23-285_D1,10
TTAGAGTTTAGAAGGA-1_V13B23-285_D1,10
TTAGATAGGTCGATAC-1_V13B23-285_D1,8
TTAGCAACATGGATGT-1_V13B23-285_D1,5
TTAGCTAATACGATCT-1_V13B23-285_D1,11
TTAGCTCTGTAATCCG-1_V13B23-285_D1,7
TTAGCTGATTTGCCGT-1_V13B23-285_D1,10
TTAGGATGGGAGGGTA-1_V13B23-285_D1,10
TTAGGTCATAACCGAC-1_V13B23-285_D1,5
TTAGTAAACCTGCTCT-1_V13B23-285_D1,10
TTAGTAGGGCGGCGGG-1_V13B23-285_D1,13
TTAGTTATTCGTGGCA-1_V13B23-285_D1,10
TTAGTTCAAGTGTTCG-1_V13B23-285_D1,13
TTATAGGTAATTGTCT-1_V13B23-285_D1,10
TTATATACGCTGTCAC-1_V13B23-285_D1,10
TTATATTTGGCAATCC-1_V13B23-285_D1,7
TTATCCAATCGAACTC-1_V13B23-285_D1,8
TTATCCGGGATCTATA-1_V13B23-285_D1,10
TTATCCTCAAGGAATA-1_V13B23-285_D1,13
TTATCGCCTGCGAAGC-1_V13B23-285_D1,7
TTATCTGTATCATAAC-1_V13B23-285_D1,8
TTATGAATGAAAGGGA-1_V13B23-285_D1,5
TTATGACAAACTGGAT-1_V13B23-285_D1,5
TTATGATCTTAACGAA-1_V13B23-285_D1,10
TTATGTTTGCGATAGA-1_V13B23-285_D1,5
TTATTAGAGCGTGTTC-1_V13B23-285_D1,10
TTATTAGGGAAGCATC-1_V13B23-285_D1,12
TTATTATCTGGAAGGC-1_V13B23-285_D1,10
TTATTTAGGTTCCTTA-1_V13B23-285_D1,10
TTCAAAGTCTCTAGCC-1_V13B23-285_D1,14
TTCAACGACCCGACCG-1_V13B23-285_D1,8
TTCAAGCCGAGCTGAG-1_V13B23-285_D1,6
TTCAATACTCTGAATC-1_V13B23-285_D1,10
TTCAATTAGCCATAAT-1_V13B23-285_D1,9
TTCACGAAAGGATCAC-1_V13B23-285_D1,5
TTCACTCGAGCACCTA-1_V13B23-285_D1,10
TTCAGAGTAACCTGAC-1_V13B23-285_D1,8
TTCAGCCCTGGTCCAC-1_V13B23-285_D1,10
TTCAGCTGGCGTGCCC-1_V13B23-285_D1,10
TTCAGGCGTCAAAGCC-1_V13B23-285_D1,13
TTCATGGCGCAACAGG-1_V13B23-285_D1,8
TTCCAATCAGAGCTAG-1_V13B23-285_D1,11
TTCCAATCTGGCTATC-1_V13B23-285_D1,5
TTCCACACAGATTTGA-1_V13B23-285_D1,5
TTCCAGACGAGATTTA-1_V13B23-285_D1,10
TTCCATCATGCGGTGA-1_V13B23-285_D1,11
TTCCATCGACAGCGTG-1_V13B23-285_D1,10
TTCCGCAGAGAAATAT-1_V13B23-285_D1,13
TTCCGCGTGAGGCGAT-1_V13B23-285_D1,10
TTCCGGCCTTGAGGCT-1_V13B23-285_D1,11
TTCCGGCTCGACTTCT-1_V13B23-285_D1,2
TTCCGGTATCTGTGTC-1_V13B23-285_D1,10
TTCCGGTTACCCACTT-1_V13B23-285_D1,10
TTCCTCGAGGGTGTCT-1_V13B23-285_D1,8
TTCCTCGGACTAACCA-1_V13B23-285_D1,10
TTCCTCTGCCCGAATA-1_V13B23-285_D1,13
TTCCTTTCTGTGTTGC-1_V13B23-285_D1,8
TTCGACAGAGCCCGTG-1_V13B23-285_D1,10
TTCGACGGGAAGGGCG-1_V13B23-285_D1,5
TTCGCACTCGCGTGCT-1_V13B23-285_D1,5
TTCGCACTGTACGACA-1_V13B23-285_D1,7
TTCGCATCCGGAAGCA-1_V13B23-285_D1,8
TTCGCGCGCCATACGA-1_V13B23-285_D1,3
TTCGCTAGGAAGTTGT-1_V13B23-285_D1,10
TTCGCTATCTGACGTG-1_V13B23-285_D1,13
TTCGGCAACCCGCTGA-1_V13B23-285_D1,12
TTCGGCTAGAGATGGT-1_V13B23-285_D1,11
TTCGGGACTAATCGCG-1_V13B23-285_D1,8
TTCGGGCGCTAGTCTT-1_V13B23-285_D1,5
TTCGGGTTGCCACGGG-1_V13B23-285_D1,10
TTCGGTGGAGACGCCC-1_V13B23-285_D1,10
TTCGTAATCCCAGCGG-1_V13B23-285_D1,9
TTCGTACTCCAGAACG-1_V13B23-285_D1,5
TTCGTTCAACGAAGTT-1_V13B23-285_D1,13
TTCTAACCGAAGCTTA-1_V13B23-285_D1,13
TTCTACTTGCGAGGGC-1_V13B23-285_D1,5
TTCTAGAAAGTCTTAT-1_V13B23-285_D1,5
TTCTAGGCCAATTGTG-1_V13B23-285_D1,1
TTCTATGCCTTTCGCA-1_V13B23-285_D1,13
TTCTGACCGGGCTCAA-1_V13B23-285_D1,10
TTCTGCCGCGCCTAGA-1_V13B23-285_D1,10
TTCTGCGAGCGCCCTT-1_V13B23-285_D1,13
TTCTGCGGGTTAGCGG-1_V13B23-285_D1,10
TTCTGCTAGACTCCAA-1_V13B23-285_D1,13
TTCTTAGTGAACGGTG-1_V13B23-285_D1,8
TTCTTAGTGGCTCAGA-1_V13B23-285_D1,12
TTCTTATCCGCTGGGT-1_V13B23-285_D1,10
TTCTTGAGCCGCGCTA-1_V13B23-285_D1,7
TTCTTGCTAGCATCTC-1_V13B23-285_D1,10
TTCTTGGACGATCTGC-1_V13B23-285_D1,1
TTCTTGGAGTAATGAG-1_V13B23-285_D1,8
TTCTTGTAACCTAATG-1_V13B23-285_D1,5
TTCTTTGGTCGCGACG-1_V13B23-285_D1,2
TTGAAACCCTCATTCC-1_V13B23-285_D1,10
TTGAAAGGTGTAAAGG-1_V13B23-285_D1,13
TTGAACGAATCCTTTG-1_V13B23-285_D1,5
TTGAACGACGTGCTGA-1_V13B23-285_D1,10
TTGAAGAATTCCCAGG-1_V13B23-285_D1,5
TTGAATATGGACTTTC-1_V13B23-285_D1,1
TTGAATTCACGTGAGG-1_V13B23-285_D1,10
TTGACAGGAGCTCCCG-1_V13B23-285_D1,10
TTGACATGAACGTGGA-1_V13B23-285_D1,5
TTGACCAGGAACAACT-1_V13B23-285_D1,10
TTGACCATGTTCTCCG-1_V13B23-285_D1,7
TTGACCGTGTTAATGA-1_V13B23-285_D1,5
TTGACGCTCCATGAGC-1_V13B23-285_D1,10
TTGACTACCATATGGT-1_V13B23-285_D1,7
TTGACTATTGTCCGGC-1_V13B23-285_D1,10
TTGAGAAGTTTAGCAT-1_V13B23-285_D1,10
TTGAGAGTACTGCTAA-1_V13B23-285_D1,7
TTGAGCAGCCCACGGT-1_V13B23-285_D1,10
TTGAGCGCCACGTGAT-1_V13B23-285_D1,1
TTGAGTCCCGCTGCTG-1_V13B23-285_D1,10
TTGATAGTCAATACAT-1_V13B23-285_D1,13
TTGATCTAACTTTGTC-1_V13B23-285_D1,5
TTGATGTGTAGTCCCG-1_V13B23-285_D1,1
TTGATTAGCTGTTTCT-1_V13B23-285_D1,7
TTGATTATGCAGATGA-1_V13B23-285_D1,5
TTGCACAATTCAGAAA-1_V13B23-285_D1,5
TTGCACGGAGCAGCAC-1_V13B23-285_D1,8
TTGCATGCTGATCACG-1_V13B23-285_D1,5
TTGCCAAGCAGAACCC-1_V13B23-285_D1,10
TTGCCATAGCCCGCTC-1_V13B23-285_D1,5
TTGCCCTGATCACGGG-1_V13B23-285_D1,5
TTGCCGCTTTCTAGTA-1_V13B23-285_D1,10
TTGCCGGTGATCCCTC-1_V13B23-285_D1,13
TTGCGGCATCAGAAAG-1_V13B23-285_D1,5
TTGCGTAGTTTGAGGA-1_V13B23-285_D1,11
TTGCGTCGGCCAACCG-1_V13B23-285_D1,5
TTGCGTGAACGCTTAG-1_V13B23-285_D1,13
TTGCTCATAGTACGTG-1_V13B23-285_D1,10
TTGCTCCCATACCGGA-1_V13B23-285_D1,8
TTGCTGAAGGAACCAC-1_V13B23-285_D1,11
TTGCTGATCATGTTCG-1_V13B23-285_D1,5
TTGCTGCACCTATCCA-1_V13B23-285_D1,5
TTGCTGGCCGGGCTTC-1_V13B23-285_D1,9
TTGGAAGAATACAGTC-1_V13B23-285_D1,5
TTGGACATGTGGCTTA-1_V13B23-285_D1,13
TTGGACCATCTGGCAA-1_V13B23-285_D1,10
TTGGACCTATAACAGT-1_V13B23-285_D1,10
TTGGATATCGTCTACG-1_V13B23-285_D1,5
TTGGATCGACTTCTGG-1_V13B23-285_D1,9
TTGGATTGGGTACCAC-1_V13B23-285_D1,8
TTGGCCATCTTGCGCT-1_V13B23-285_D1,8
TTGGCCTAGAATTTCG-1_V13B23-285_D1,12
TTGGCGATCCGAATAT-1_V13B23-285_D1,13
TTGGCTCAATATGTGT-1_V13B23-285_D1,10
TTGGCTCGCATGAGAC-1_V13B23-285_D1,5
TTGGGACACTGCCCGC-1_V13B23-285_D1,7
TTGGGACGTAAGAGTT-1_V13B23-285_D1,10
TTGGGCGGCGGTTGCC-1_V13B23-285_D1,13
TTGGGTTTATTCAGCG-1_V13B23-285_D1,2
TTGGTATGGCTTGTGT-1_V13B23-285_D1,13
TTGGTCACACTCGTAA-1_V13B23-285_D1,5
TTGGTTCGCTCAAAGG-1_V13B23-285_D1,8
TTGGTTGCGGTGCGCG-1_V13B23-285_D1,5
TTGTAAGGACCTAAGT-1_V13B23-285_D1,7
TTGTAAGGCCAGTTGG-1_V13B23-285_D1,8
TTGTAATCCGTACTCG-1_V13B23-285_D1,5
TTGTATCACACAGAAT-1_V13B23-285_D1,6
TTGTCGTTCAGTTACC-1_V13B23-285_D1,8
TTGTGAACCTAATCCG-1_V13B23-285_D1,10
TTGTGCAGCCACGTCA-1_V13B23-285_D1,10
TTGTGGCCCTGACAGT-1_V13B23-285_D1,8
TTGTGGTAGGAGGGAT-1_V13B23-285_D1,7
TTGTGGTATAGGTATG-1_V13B23-285_D1,7
TTGTGGTGGTACTAAG-1_V13B23-285_D1,10
TTGTGTATGCCACCAA-1_V13B23-285_D1,7
TTGTGTTTCCCGAAAG-1_V13B23-285_D1,5
TTGTTAGCAAATTCGA-1_V13B23-285_D1,5
TTGTTCAGTGTGCTAC-1_V13B23-285_D1,8
TTGTTGTGTGTCAAGA-1_V13B23-285_D1,13
TTGTTTCACATCCAGG-1_V13B23-285_D1,1
TTGTTTCATTAGTCTA-1_V13B23-285_D1,5
TTGTTTCCATACAACT-1_V13B23-285_D1,7
