key,cluster
AAACAAGTATCTCCCA-1_V12D07-075_C1,2
AAACAGAGCGACTCCT-1_V12D07-075_C1,3
AAACATTTCCCGGATT-1_V12D07-075_C1,2
AAACCCGAACGAAATC-1_V12D07-075_C1,3
AAACCGGAAATGTTAA-1_V12D07-075_C1,3
AAACCGGGTAGGTACC-1_V12D07-075_C1,2
AAACCGTTCGTCCAGG-1_V12D07-075_C1,2
AAACCTAAGCAGCCGG-1_V12D07-075_C1,2
AAACCTCATGAAGTTG-1_V12D07-075_C1,2
AAACGAAGAACATACC-1_V12D07-075_C1,3
AAACGAGACGGTTGAT-1_V12D07-075_C1,2
AAACGCTGGGCACGAC-1_V12D07-075_C1,2
AAACGGTTGCGAACTG-1_V12D07-075_C1,2
AAACGTGTTCGCCCTA-1_V12D07-075_C1,3
AAACTAACGTGGCGAC-1_V12D07-075_C1,3
AAACTCGGTTCGCAAT-1_V12D07-075_C1,2
AAACTCGTGATATAAG-1_V12D07-075_C1,3
AAACTGCTGGCTCCAA-1_V12D07-075_C1,2
AAAGAATGTGGACTAA-1_V12D07-075_C1,2
AAAGACCCAAGTCGCG-1_V12D07-075_C1,3
AAAGACTGGGCGCTTT-1_V12D07-075_C1,2
AAAGCTTGCCTACATA-1_V12D07-075_C1,3
AAAGGCTACGGACCAT-1_V12D07-075_C1,2
AAAGGCTCTCGCGCCG-1_V12D07-075_C1,2
AAAGGGATGTAGCAAG-1_V12D07-075_C1,2
AAAGGGCAGCTTGAAT-1_V12D07-075_C1,2
AAAGGTAAGCTGTACC-1_V12D07-075_C1,3
AAAGTCACTGATGTAA-1_V12D07-075_C1,3
AAAGTCGACCCTCAGT-1_V12D07-075_C1,2
AAAGTGCCATCAATTA-1_V12D07-075_C1,2
AAAGTGTGATTTATCT-1_V12D07-075_C1,2
AAAGTTGACTCCCGTA-1_V12D07-075_C1,2
AAATAACCATACGGGA-1_V12D07-075_C1,3
AAATAAGGTAGTGCCC-1_V12D07-075_C1,3
AAATACCTATAAGCAT-1_V12D07-075_C1,2
AAATAGCTTAGACTTT-1_V12D07-075_C1,3
AAATAGGGTGCTATTG-1_V12D07-075_C1,2
AAATCGTGTACCACAA-1_V12D07-075_C1,2
AAATCTAGCCCTGCTA-1_V12D07-075_C1,2
AAATGATTCGATCAGC-1_V12D07-075_C1,3
AAATGGCATGTCTTGT-1_V12D07-075_C1,3
AAATGGTCAATGTGCC-1_V12D07-075_C1,2
AAATTAACGGGTAGCT-1_V12D07-075_C1,2
AAATTAATAAGCGCGA-1_V12D07-075_C1,2
AAATTACACGACTCTG-1_V12D07-075_C1,3
AAATTACCTATCGATG-1_V12D07-075_C1,2
AAATTCCAGGTCCAAA-1_V12D07-075_C1,3
AAATTGGTGAGAAGCA-1_V12D07-075_C1,3
AAATTTACCGAAATCC-1_V12D07-075_C1,3
AAATTTGCGGGTGTGG-1_V12D07-075_C1,2
AACAACTGGTAGTTGC-1_V12D07-075_C1,2
AACACACGCTCGCCGC-1_V12D07-075_C1,2
AACACGACTGTACTGA-1_V12D07-075_C1,3
AACACGCGGCCGCGAA-1_V12D07-075_C1,3
AACAGGATGGGCCGCG-1_V12D07-075_C1,2
AACAGGTAGTATGGAT-1_V12D07-075_C1,2
AACATATCAACTGGTG-1_V12D07-075_C1,2
AACATCGATACGTCTA-1_V12D07-075_C1,3
AACATTGTGACTCGAG-1_V12D07-075_C1,2
AACCAAGACTTCTCTG-1_V12D07-075_C1,2
AACCAGTATCACTCTT-1_V12D07-075_C1,3
AACCATGGGATCGCTA-1_V12D07-075_C1,3
AACCCAGAGACGGAGA-1_V12D07-075_C1,3
AACCCGAGCAGAATCG-1_V12D07-075_C1,2
AACCCTACTGTCAATA-1_V12D07-075_C1,2
AACCCTGGTGGAACCA-1_V12D07-075_C1,3
AACCGAGCTTGGTCAT-1_V12D07-075_C1,2
AACCGCTAAGGGATGC-1_V12D07-075_C1,2
AACCGTTGTGTTTGCT-1_V12D07-075_C1,3
AACCTCGCTTTAGCCC-1_V12D07-075_C1,2
AACCTGTCACGGAATT-1_V12D07-075_C1,3
AACCTTTAAATACGGT-1_V12D07-075_C1,2
AACCTTTACGACGTCT-1_V12D07-075_C1,3
AACGATAATGCCGTAG-1_V12D07-075_C1,2
AACGATATGTCAACTG-1_V12D07-075_C1,3
AACGCATGATCTGGGT-1_V12D07-075_C1,3
AACGCGAACGGCAACA-1_V12D07-075_C1,1
AACGCGACCTTGGGCG-1_V12D07-075_C1,2
AACGCGGTCTCCAGCC-1_V12D07-075_C1,2
AACGCTGTTGCTGAAA-1_V12D07-075_C1,2
AACGGACGTACGTATA-1_V12D07-075_C1,2
AACGGCCATCTCCGGT-1_V12D07-075_C1,2
AACGTACTGTGGGTAC-1_V12D07-075_C1,2
AACGTGATGAAGGACA-1_V12D07-075_C1,3
AACGTGCGAAAGTCTC-1_V12D07-075_C1,2
AACGTTATCAGCACCT-1_V12D07-075_C1,2
AACTACCCGTTTGTCA-1_V12D07-075_C1,2
AACTAGGCTTGGGTGT-1_V12D07-075_C1,2
AACTCAAGTTAATTGC-1_V12D07-075_C1,2
AACTCCAGAGCGTGTT-1_V12D07-075_C1,2
AACTCCTAATCCCATG-1_V12D07-075_C1,3
AACTCGATGGCGCAGT-1_V12D07-075_C1,3
AACTCTCAATAGAGCG-1_V12D07-075_C1,2
AACTCTCAGTGTGCTC-1_V12D07-075_C1,2
AACTGAGGTCAGCGTC-1_V12D07-075_C1,3
AACTGAGTTATACTGA-1_V12D07-075_C1,3
AACTGATATTAGGCCT-1_V12D07-075_C1,3
AACTGGGTCCCGACGT-1_V12D07-075_C1,3
AACTGGTGTGGGCCTT-1_V12D07-075_C1,3
AACTTGCCCGTATGCA-1_V12D07-075_C1,2
AACTTTACGGGAGCTT-1_V12D07-075_C1,2
AAGAAGGATCAGTTAG-1_V12D07-075_C1,3
AAGACATACGTGGTTT-1_V12D07-075_C1,2
AAGACCCAACTGAACA-1_V12D07-075_C1,2
AAGACTGCAAGCTACT-1_V12D07-075_C1,2
AAGAGATGAATCGGTA-1_V12D07-075_C1,2
AAGAGCTCTTTATCGG-1_V12D07-075_C1,2
AAGAGGATGTACGCGA-1_V12D07-075_C1,2
AAGAGGCATGGATCGC-1_V12D07-075_C1,2
AAGAGGCCCTTTGGAA-1_V12D07-075_C1,2
AAGATTGGCGGAACGT-1_V12D07-075_C1,2
AAGCACCCTGCGTATC-1_V12D07-075_C1,2
AAGCATACTCTCCTGA-1_V12D07-075_C1,2
AAGCCGAAGCGGTTTA-1_V12D07-075_C1,2
AAGCCGGAGAGCAGGA-1_V12D07-075_C1,2
AAGCGCAGGGCTTTGA-1_V12D07-075_C1,2
AAGCGGCGTCATGGGT-1_V12D07-075_C1,3
AAGCTAGATCGAGTAA-1_V12D07-075_C1,2
AAGCTCGTGCCAAGTC-1_V12D07-075_C1,2
AAGCTCTTTCATGGTG-1_V12D07-075_C1,2
AAGGAGCGGTTGGTGC-1_V12D07-075_C1,2
AAGGATGAGGGACCTC-1_V12D07-075_C1,2
AAGGCAGGCTGTCTCC-1_V12D07-075_C1,3
AAGGCGCGTAAAGCTT-1_V12D07-075_C1,2
AAGGCTGTGCTCATCG-1_V12D07-075_C1,2
AAGGGACAGATTCTGT-1_V12D07-075_C1,2
AAGGTATCCTAATATA-1_V12D07-075_C1,3
AAGGTGATAAACCAGC-1_V12D07-075_C1,2
AAGTAGAAGACCGGGT-1_V12D07-075_C1,3
AAGTAGTGACGCGAGG-1_V12D07-075_C1,2
AAGTCAATTGTCGTCA-1_V12D07-075_C1,2
AAGTCTTCTGTGGCCT-1_V12D07-075_C1,2
AAGTGACGACCGAATT-1_V12D07-075_C1,2
AAGTGAGTCGGGTTTA-1_V12D07-075_C1,2
AAGTGCAAAGGTAGAC-1_V12D07-075_C1,2
AAGTGCCTTGACTGTA-1_V12D07-075_C1,2
AAGTGTTTGGAGACGG-1_V12D07-075_C1,2
AAGTTCACTCCAAGCT-1_V12D07-075_C1,2
AAGTTCAGTCTGCGTA-1_V12D07-075_C1,3
AAGTTCGGCCAACAGG-1_V12D07-075_C1,2
AAGTTTACTAATGGCA-1_V12D07-075_C1,3
AAGTTTATGGGCCCAA-1_V12D07-075_C1,2
AATAACAACGCTCGGC-1_V12D07-075_C1,2
AATAACACTAGAACAA-1_V12D07-075_C1,2
AATAAGTCCTCGAGAC-1_V12D07-075_C1,1
AATAATCTTCGTATCG-1_V12D07-075_C1,3
AATAGAACAGAGTGGC-1_V12D07-075_C1,2
AATAGAATCTGTTTCA-1_V12D07-075_C1,2
AATAGCAAGCCTCCTG-1_V12D07-075_C1,3
AATAGCTACCGCGTGC-1_V12D07-075_C1,3
AATAGTCCGTCCCGAC-1_V12D07-075_C1,2
AATAGTCGCGAGTCGG-1_V12D07-075_C1,2
AATATCAAGGTCGGAT-1_V12D07-075_C1,3
AATATCGAATCAATGC-1_V12D07-075_C1,2
AATATCGAGGGTTCTC-1_V12D07-075_C1,2
AATCAGACTGCAGGAC-1_V12D07-075_C1,1
AATCATGTAAAGACTC-1_V12D07-075_C1,2
AATCCAAGGGCCTGAG-1_V12D07-075_C1,3
AATCCATGCAAGGGTG-1_V12D07-075_C1,3
AATCGCCTCAGCGCCA-1_V12D07-075_C1,2
AATCGCGCAGAGGACT-1_V12D07-075_C1,3
AATCGGGACACTACGA-1_V12D07-075_C1,3
AATCGGTATAGCCCTC-1_V12D07-075_C1,2
AATCGTGAGCCGAGCA-1_V12D07-075_C1,2
AATCTATGCCGGAGCC-1_V12D07-075_C1,3
AATCTCTACTGTGGTT-1_V12D07-075_C1,2
AATCTGCGTTGGGACG-1_V12D07-075_C1,2
AATGACAGCAATGTCT-1_V12D07-075_C1,2
AATGACGTAGGATGTC-1_V12D07-075_C1,2
AATGACTGTCAGCCGG-1_V12D07-075_C1,2
AATGAGTTCGCATATG-1_V12D07-075_C1,2
AATGATGATACGCTAT-1_V12D07-075_C1,3
AATGATGCGACTCCTG-1_V12D07-075_C1,3
AATGCAACCGGGTACC-1_V12D07-075_C1,2
AATGCACCAAGCAATG-1_V12D07-075_C1,3
AATGGTTCTCACAAGC-1_V12D07-075_C1,2
AATGTTGTCGTGAGAC-1_V12D07-075_C1,2
AATTAAAGGTCGGCGT-1_V12D07-075_C1,2
AATTAACGGATTTCCA-1_V12D07-075_C1,2
AATTACTCGTACGCTC-1_V12D07-075_C1,2
AATTAGCGCTGCAGCG-1_V12D07-075_C1,2
AATTCATAAGGGATCT-1_V12D07-075_C1,3
AATTCCAAGCATGTAC-1_V12D07-075_C1,2
AATTCGATTCGAGGAT-1_V12D07-075_C1,2
AATTCTAGAGTTAGGC-1_V12D07-075_C1,2
AATTGAACGCTCTGGT-1_V12D07-075_C1,2
AATTGCAGCAATCGAC-1_V12D07-075_C1,2
AATTGTGGTTGCCAAA-1_V12D07-075_C1,2
AATTTGGGACATAGTA-1_V12D07-075_C1,3
AATTTGGTTCCAAAGA-1_V12D07-075_C1,4
ACAAAGCATGACCTAG-1_V12D07-075_C1,2
ACAAATCGCACCGAAT-1_V12D07-075_C1,2
ACAAATGGTAGTGTTT-1_V12D07-075_C1,2
ACAAATTCAGATCTGA-1_V12D07-075_C1,3
ACAACAGCATGAGCTA-1_V12D07-075_C1,2
ACAACGGTCCCTGCGA-1_V12D07-075_C1,2
ACAAGCAGTGCCTAGC-1_V12D07-075_C1,1
ACAAGCTATATGGAAG-1_V12D07-075_C1,2
ACAAGGAAATCCGCCC-1_V12D07-075_C1,2
ACAAGGACAAGAGGTT-1_V12D07-075_C1,2
ACAAGGATGCTTTAGG-1_V12D07-075_C1,2
ACAAGGGCAGGCTCTG-1_V12D07-075_C1,2
ACAATCCATTTAAACC-1_V12D07-075_C1,2
ACAATGATTCTTCTAC-1_V12D07-075_C1,3
ACAATTGTGTCTCTTT-1_V12D07-075_C1,2
ACAATTTAGGAGGCTC-1_V12D07-075_C1,2
ACAATTTGAGCAGTGG-1_V12D07-075_C1,2
ACAATTTGGCCATATT-1_V12D07-075_C1,3
ACACAAAGACGGGTGG-1_V12D07-075_C1,2
ACACACCAGGACCAGT-1_V12D07-075_C1,2
ACACACTTTCTACACG-1_V12D07-075_C1,3
ACACATTGACGCAACA-1_V12D07-075_C1,2
ACACCACATAATTAGC-1_V12D07-075_C1,3
ACACCCAGCATGCAGC-1_V12D07-075_C1,3
ACACCCGAGAAATCCG-1_V12D07-075_C1,2
ACACCGAGCGCTCTTT-1_V12D07-075_C1,2
ACACCTTAAGTAGGGC-1_V12D07-075_C1,2
ACACCTTACTACTTGC-1_V12D07-075_C1,2
ACACGAGACTCCTTCT-1_V12D07-075_C1,2
ACACGGCACTATGCAT-1_V12D07-075_C1,3
ACACGGGAACTTAGGG-1_V12D07-075_C1,2
ACACGTAGGCCACAAG-1_V12D07-075_C1,2
ACACTCCAATGTCACT-1_V12D07-075_C1,2
ACACTGATCAAGGTGT-1_V12D07-075_C1,2
ACACTGGGACAGTCGT-1_V12D07-075_C1,2
ACAGATTAGGTTAGTG-1_V12D07-075_C1,3
ACAGCATAGAGCCAGT-1_V12D07-075_C1,3
ACAGCGACATTCTCAT-1_V12D07-075_C1,2
ACAGCGCACCCGCAGC-1_V12D07-075_C1,3
ACAGGCACGGATCCTT-1_V12D07-075_C1,2
ACAGGCTTGCCCGACT-1_V12D07-075_C1,2
ACAGGTGGAGGTGAGG-1_V12D07-075_C1,2
ACAGGTGTGTTGTTGC-1_V12D07-075_C1,2
ACAGTATACCGTGGGA-1_V12D07-075_C1,3
ACATCAGCTGGGACGC-1_V12D07-075_C1,2
ACATCCCGGCCATACG-1_V12D07-075_C1,2
ACATCCTGGTAACTGT-1_V12D07-075_C1,2
ACATCGATCGTTTACC-1_V12D07-075_C1,2
ACATCGGTCAGCCGCG-1_V12D07-075_C1,2
ACATCGTATGCAATGG-1_V12D07-075_C1,2
ACATCGTTAACCTAGT-1_V12D07-075_C1,3
ACATGGCGCCAAAGTA-1_V12D07-075_C1,2
ACATGGCTCAATTTAG-1_V12D07-075_C1,2
ACATTAGTTTATATCC-1_V12D07-075_C1,2
ACCAAACACCCAGCGA-1_V12D07-075_C1,3
ACCAACACCACACACT-1_V12D07-075_C1,3
ACCAACCGCACTCCAC-1_V12D07-075_C1,2
ACCAACGCTTATTTAT-1_V12D07-075_C1,2
ACCAAGAACGCGTGTC-1_V12D07-075_C1,3
ACCAAGTCATCGGCAG-1_V12D07-075_C1,2
ACCAATATGCAAGTTA-1_V12D07-075_C1,2
ACCACAACTCAGAACA-1_V12D07-075_C1,3
ACCACAAGTTTCTATC-1_V12D07-075_C1,2
ACCACCAATGTAACAA-1_V12D07-075_C1,2
ACCACCCTCTCTTCTA-1_V12D07-075_C1,4
ACCACGTGCAGCTATA-1_V12D07-075_C1,2
ACCACTGTTCAAGAAG-1_V12D07-075_C1,2
ACCAGACCATAACAAC-1_V12D07-075_C1,2
ACCAGCCCGGTCTTTG-1_V12D07-075_C1,3
ACCAGTGCCCGGTCAA-1_V12D07-075_C1,3
ACCAGTGCGGGAGACG-1_V12D07-075_C1,2
ACCATATCCGCAATAA-1_V12D07-075_C1,2
ACCATCGTATATGGTA-1_V12D07-075_C1,2
ACCATTAAGGGTGTCA-1_V12D07-075_C1,2
ACCCAACGCCCGTGGC-1_V12D07-075_C1,2
ACCCACCTACATGCTC-1_V12D07-075_C1,2
ACCCATCTTGAGGGTA-1_V12D07-075_C1,2
ACCCATTTGTCCCTCT-1_V12D07-075_C1,2
ACCCGGAAACTCCCAG-1_V12D07-075_C1,2
ACCCGGAGCACCACAA-1_V12D07-075_C1,2
ACCCGGATGACGCATC-1_V12D07-075_C1,2
ACCCGGTTACACTTCC-1_V12D07-075_C1,2
ACCCGTAGTCTAGTTG-1_V12D07-075_C1,2
ACCCGTGTCATCAGTA-1_V12D07-075_C1,2
ACCCTATAGGACTGAG-1_V12D07-075_C1,2
ACCCTATGCCATATCG-1_V12D07-075_C1,2
ACCCTCCCGTCAGGGC-1_V12D07-075_C1,2
ACCCTCCCTTGCTATT-1_V12D07-075_C1,2
ACCCTGGTAACGCCCT-1_V12D07-075_C1,3
ACCCTTCATCTGCGAA-1_V12D07-075_C1,3
ACCCTTTAGTTCTCCA-1_V12D07-075_C1,3
ACCGAAAGGGCCCTGC-1_V12D07-075_C1,3
ACCGACACATCTCCCA-1_V12D07-075_C1,2
ACCGACTGAGTCCCAC-1_V12D07-075_C1,2
ACCGATAGGCATAACC-1_V12D07-075_C1,2
ACCGATATTTAATCAT-1_V12D07-075_C1,3
ACCGATGGTAGCATCG-1_V12D07-075_C1,2
ACCGCAATAACTGCCT-1_V12D07-075_C1,2
ACCGCGGTGGAAGTCG-1_V12D07-075_C1,2
ACCGGGCCTTTGTTGA-1_V12D07-075_C1,2
ACCGTTCCCGCTCTGA-1_V12D07-075_C1,3
ACCTAATCGACTTCCT-1_V12D07-075_C1,2
ACCTACAGTATGTGGT-1_V12D07-075_C1,3
ACCTACTATAAATCTA-1_V12D07-075_C1,2
ACCTCCGCCCTCGCTG-1_V12D07-075_C1,2
ACCTCCGTTATTCACC-1_V12D07-075_C1,3
ACGACCCATGAGTTGC-1_V12D07-075_C1,2
ACGACTCTAGGGCCGA-1_V12D07-075_C1,2
ACGAGAACCCATCACG-1_V12D07-075_C1,3
ACGAGATATTTGCTTA-1_V12D07-075_C1,3
ACGAGTACGGATGCCC-1_V12D07-075_C1,2
ACGATACATAGAACTA-1_V12D07-075_C1,3
ACGATACCTATCCTGA-1_V12D07-075_C1,2
ACGATCATACATAGAG-1_V12D07-075_C1,2
ACGATCATCTTGTAAA-1_V12D07-075_C1,2
ACGATGCATATGTTAT-1_V12D07-075_C1,2
ACGATGGATCCGATGC-1_V12D07-075_C1,3
ACGCAAACTAATAGAT-1_V12D07-075_C1,2
ACGCAATCACTACAGC-1_V12D07-075_C1,3
ACGCATAAATGACATG-1_V12D07-075_C1,3
ACGCATACGTTTACTA-1_V12D07-075_C1,2
ACGCATTCGTGAGTAC-1_V12D07-075_C1,2
ACGCCAGATGATTTCT-1_V12D07-075_C1,3
ACGCCAGTGCGTTTGC-1_V12D07-075_C1,2
ACGCCGCTAGACGACC-1_V12D07-075_C1,2
ACGCGAAGTCAGACGA-1_V12D07-075_C1,2
ACGCGCTACACAGGGT-1_V12D07-075_C1,2
ACGCGGGCCAAGGACA-1_V12D07-075_C1,2
ACGCGTTTCTTAAGAG-1_V12D07-075_C1,2
ACGCTAGTGATACACT-1_V12D07-075_C1,2
ACGCTGTGAGGCGTAG-1_V12D07-075_C1,2
ACGGAATTTAGCAAAT-1_V12D07-075_C1,2
ACGGACTCTCAAAGCG-1_V12D07-075_C1,2
ACGGAGCGCAAATTAC-1_V12D07-075_C1,3
ACGGCACTTGCTTGGG-1_V12D07-075_C1,2
ACGGCCAACATGGACT-1_V12D07-075_C1,2
ACGGCGACGATGGGAA-1_V12D07-075_C1,2
ACGGCGGGTTGCCCTG-1_V12D07-075_C1,3
ACGGGCGTATGCGACA-1_V12D07-075_C1,4
ACGGGTCATGTGACTT-1_V12D07-075_C1,2
ACGGTACAGTTCAATG-1_V12D07-075_C1,2
ACGTACAGATTTCTCT-1_V12D07-075_C1,3
ACGTAGATTGCTGATG-1_V12D07-075_C1,2
ACGTAGGAGAGTCGCT-1_V12D07-075_C1,2
ACGTATTACTCCGATC-1_V12D07-075_C1,2
ACGTGCGCCTCGTGCA-1_V12D07-075_C1,3
ACGTTAATGTCGAAGA-1_V12D07-075_C1,2
ACGTTAGATTTGCCCG-1_V12D07-075_C1,2
ACGTTCCGCGCTCCGT-1_V12D07-075_C1,3
ACGTTCGCAATCAATT-1_V12D07-075_C1,3
ACGTTCGTTCAGGAAA-1_V12D07-075_C1,2
ACGTTCTGTACAAGTC-1_V12D07-075_C1,2
ACGTTTAGTTGTGATC-1_V12D07-075_C1,3
ACTAATACGTCAGGCG-1_V12D07-075_C1,3
ACTACCAGCTCTCTGG-1_V12D07-075_C1,2
ACTACGCGTTAGAATT-1_V12D07-075_C1,2
ACTAGTTGCGATCGTC-1_V12D07-075_C1,2
ACTATATGCTGTGTTC-1_V12D07-075_C1,3
ACTATCGCCGGCTAAA-1_V12D07-075_C1,2
ACTATTTCCGGGCCCA-1_V12D07-075_C1,2
ACTCAACGAATGTATT-1_V12D07-075_C1,3
ACTCAAGTGCAAGGCT-1_V12D07-075_C1,2
ACTCAATAAAGGCACG-1_V12D07-075_C1,2
ACTCAGACCTGCTTCT-1_V12D07-075_C1,3
ACTCCCGAATTCGTTT-1_V12D07-075_C1,3
ACTCCCTAATGCTAAA-1_V12D07-075_C1,2
ACTCCCTAGAATAGTA-1_V12D07-075_C1,2
ACTCCGGCCGACCACT-1_V12D07-075_C1,2
ACTCGATGTATTTCAT-1_V12D07-075_C1,2
ACTCGCCGTTCGATAA-1_V12D07-075_C1,2
ACTCGCGATCTGACGC-1_V12D07-075_C1,3
ACTCGTCAGTAATCCC-1_V12D07-075_C1,2
ACTCTAAACCTGGGAT-1_V12D07-075_C1,2
ACTCTCTGACTTAGGT-1_V12D07-075_C1,2
ACTCTCTTATACACGA-1_V12D07-075_C1,3
ACTCTGACCTAATAGA-1_V12D07-075_C1,2
ACTCTTCAGCTCCCGC-1_V12D07-075_C1,3
ACTCTTGTATAGTAAC-1_V12D07-075_C1,2
ACTGAAACGCCGTTAG-1_V12D07-075_C1,2
ACTGAATGGCGAAAGT-1_V12D07-075_C1,2
ACTGCGGACACACCGT-1_V12D07-075_C1,3
ACTGTACGATACACAT-1_V12D07-075_C1,2
ACTGTAGCACTTTGGA-1_V12D07-075_C1,2
ACTGTATACGCGAGCA-1_V12D07-075_C1,3
ACTGTCCAGGATTATA-1_V12D07-075_C1,2
ACTGTCTTCTTTAGAA-1_V12D07-075_C1,2
ACTTACCGGGCGCGCA-1_V12D07-075_C1,3
ACTTAGTACGACAAGA-1_V12D07-075_C1,3
ACTTATACTTACCCGG-1_V12D07-075_C1,2
ACTTATTAGGATCGGT-1_V12D07-075_C1,2
ACTTATTTATGTGCCA-1_V12D07-075_C1,2
ACTTCAGGCTGATCCC-1_V12D07-075_C1,2
ACTTCCATGCGGGACA-1_V12D07-075_C1,2
ACTTCGCCATACGCAC-1_V12D07-075_C1,2
ACTTCGCTAGCGAGTG-1_V12D07-075_C1,3
ACTTGACTCCCTCTTT-1_V12D07-075_C1,2
ACTTGGGACCCGGTGG-1_V12D07-075_C1,2
ACTTGTGGATGGAACG-1_V12D07-075_C1,2
ACTTTACCCTCATGAA-1_V12D07-075_C1,3
ACTTTCCTATAGCTTC-1_V12D07-075_C1,2
ACTTTGACTGCATCCT-1_V12D07-075_C1,2
ACTTTGTCGACGCACT-1_V12D07-075_C1,2
AGAAATTATGACTCGC-1_V12D07-075_C1,2
AGAACCCAGCGTGACA-1_V12D07-075_C1,3
AGAACGTGGTACATTC-1_V12D07-075_C1,2
AGAAGGTTGCCGAATT-1_V12D07-075_C1,2
AGAAGGTTGTAGGTCG-1_V12D07-075_C1,2
AGAATAAATCTTCAGG-1_V12D07-075_C1,2
AGAATGCGGGTTCGGA-1_V12D07-075_C1,3
AGAATTATGGATTCGA-1_V12D07-075_C1,2
AGAATTGTTTGACATA-1_V12D07-075_C1,1
AGACAGGCATCTCAGC-1_V12D07-075_C1,3
AGACATAGATCCTTCC-1_V12D07-075_C1,3
AGACCATGGGATACAA-1_V12D07-075_C1,2
AGACCCACCGCTGATC-1_V12D07-075_C1,2
AGACCCGCCCTCCTCG-1_V12D07-075_C1,2
AGACCGCTCCGCGGTT-1_V12D07-075_C1,2
AGACGAAGTGCCGGTC-1_V12D07-075_C1,2
AGACGCCCACTTCGCC-1_V12D07-075_C1,2
AGACGGGCCGATTTAA-1_V12D07-075_C1,3
AGACTAGCCTTCCAGA-1_V12D07-075_C1,2
AGACTGTTACCGGGTC-1_V12D07-075_C1,2
AGAGAACCGTCTAGGA-1_V12D07-075_C1,2
AGAGCCGCCGAGATTT-1_V12D07-075_C1,2
AGAGCGGGCTAATCAT-1_V12D07-075_C1,3
AGAGCGTACAAGCTCG-1_V12D07-075_C1,2
AGAGCTACGAAAGCAT-1_V12D07-075_C1,2
AGAGGCTTCGGAAACC-1_V12D07-075_C1,2
AGAGGGACAATTGTCC-1_V12D07-075_C1,3
AGAGTAAACTTCACTA-1_V12D07-075_C1,2
AGAGTATAGTGTTACG-1_V12D07-075_C1,3
AGAGTTAGAGACCGAT-1_V12D07-075_C1,3
AGATAACTTCAGGGCC-1_V12D07-075_C1,2
AGATACCAATAGAACC-1_V12D07-075_C1,2
AGATACCAGCACTTCA-1_V12D07-075_C1,3
AGATACCGGTGTTCAC-1_V12D07-075_C1,2
AGATACGACTTCATAT-1_V12D07-075_C1,2
AGATACTCAAGATCGA-1_V12D07-075_C1,2
AGATATAATACGACTA-1_V12D07-075_C1,2
AGATCGTGCATAAGAT-1_V12D07-075_C1,3
AGATCTCAGGTGTGAT-1_V12D07-075_C1,2
AGATGACTCGCCCACG-1_V12D07-075_C1,3
AGATGAGGGTTGCGAT-1_V12D07-075_C1,3
AGATGATGGAGTCTGG-1_V12D07-075_C1,3
AGATGCTATAACGAGC-1_V12D07-075_C1,2
AGATTATAGGACGTTT-1_V12D07-075_C1,2
AGCAAAGGCCGCTAGT-1_V12D07-075_C1,2
AGCAACATATCTTATT-1_V12D07-075_C1,2
AGCACCAGTACTCACG-1_V12D07-075_C1,2
AGCACTACCTCACCAG-1_V12D07-075_C1,2
AGCACTTAAGGACGCC-1_V12D07-075_C1,2
AGCAGAAGGAGAAAGA-1_V12D07-075_C1,2
AGCAGCCAGATGAATA-1_V12D07-075_C1,2
AGCATATCAATATGCT-1_V12D07-075_C1,2
AGCATCGTCGATAATT-1_V12D07-075_C1,3
AGCATTACGAGGCAAG-1_V12D07-075_C1,2
AGCCAAGCTTTGTGTC-1_V12D07-075_C1,2
AGCCACAGGTTACCCG-1_V12D07-075_C1,2
AGCCACTCCCGTGCTT-1_V12D07-075_C1,3
AGCCATATAGTATGTG-1_V12D07-075_C1,2
AGCCCATACATGTAAG-1_V12D07-075_C1,2
AGCCCGCAACAAGCAG-1_V12D07-075_C1,2
AGCCCGGTAGCCTGTA-1_V12D07-075_C1,2
AGCCCTAAGCGAAGTT-1_V12D07-075_C1,3
AGCCCTGTCGCACCGT-1_V12D07-075_C1,3
AGCCCTTCTAATCCGA-1_V12D07-075_C1,3
AGCCCTTGGACATCCC-1_V12D07-075_C1,2
AGCCGCAAATTCAAAT-1_V12D07-075_C1,2
AGCCGCTTGATTAGCG-1_V12D07-075_C1,2
AGCGACAGGAACGGTC-1_V12D07-075_C1,2
AGCGACATCCCATTCA-1_V12D07-075_C1,3
AGCGACCAACGATATT-1_V12D07-075_C1,2
AGCGATGCGCCTAATA-1_V12D07-075_C1,2
AGCGCATAATGAATCG-1_V12D07-075_C1,2
AGCGCGGGTGCCAATG-1_V12D07-075_C1,3
AGCGCTAGAGCGATGT-1_V12D07-075_C1,3
AGCGCTTATGGGCAAG-1_V12D07-075_C1,3
AGCGGACACTTCGTAG-1_V12D07-075_C1,2
AGCGGGAAGGGTCCAT-1_V12D07-075_C1,3
AGCGGGTCTGACACTC-1_V12D07-075_C1,2
AGCGGTTGCCGCTCTG-1_V12D07-075_C1,3
AGCGTACGAGAGCTAG-1_V12D07-075_C1,3
AGCGTCTGAACCCGCA-1_V12D07-075_C1,3
AGCGTGGTATTCTACT-1_V12D07-075_C1,2
AGCTAAGTACGCAGGC-1_V12D07-075_C1,2
AGCTAGAAGCAGAAGT-1_V12D07-075_C1,3
AGCTATTTAATCCAAC-1_V12D07-075_C1,3
AGCTCCATATATGTTC-1_V12D07-075_C1,2
AGCTCCTTCGCACATC-1_V12D07-075_C1,2
AGCTCTAGACGTTCCA-1_V12D07-075_C1,2
AGCTCTTCCCAGTGCA-1_V12D07-075_C1,3
AGCTCTTTACTCAGTT-1_V12D07-075_C1,2
AGCTGAAGTAAACCAA-1_V12D07-075_C1,3
AGCTTATAGAGACCTG-1_V12D07-075_C1,3
AGCTTCTTCTCGAGCA-1_V12D07-075_C1,2
AGCTTGATCTTAACTT-1_V12D07-075_C1,2
AGGAACGAACGACTTC-1_V12D07-075_C1,2
AGGAAGCTGTCCGCCG-1_V12D07-075_C1,2
AGGACATCGGCACACT-1_V12D07-075_C1,2
AGGACGACCCATTAGA-1_V12D07-075_C1,2
AGGACGCTCGATGTTG-1_V12D07-075_C1,3
AGGACTTATAGGAGAA-1_V12D07-075_C1,2
AGGAGACATCCACAGT-1_V12D07-075_C1,3
AGGAGGCCTTCGCGCG-1_V12D07-075_C1,2
AGGATAAAGTCGGGAT-1_V12D07-075_C1,2
AGGATATAGGGATTTA-1_V12D07-075_C1,2
AGGATATCCGACTGCA-1_V12D07-075_C1,2
AGGATTGCTTACGACA-1_V12D07-075_C1,3
AGGCACGTGACTGTCC-1_V12D07-075_C1,2
AGGCAGATGCGTAAAC-1_V12D07-075_C1,2
AGGCAGGGAGCGTACT-1_V12D07-075_C1,2
AGGCATTGTCGTAGGG-1_V12D07-075_C1,2
AGGCCACATTGGTTAC-1_V12D07-075_C1,3
AGGCCACCCGTTATGA-1_V12D07-075_C1,2
AGGCCCAGTGACTGGT-1_V12D07-075_C1,1
AGGCCTGAGAATCTCG-1_V12D07-075_C1,2
AGGCGATAACTGGCGT-1_V12D07-075_C1,2
AGGCGTCTATGGACGG-1_V12D07-075_C1,3
AGGCTATGGTTAGCTT-1_V12D07-075_C1,2
AGGCTTCCCGAAGAAG-1_V12D07-075_C1,2
AGGCTTGCTAGACACC-1_V12D07-075_C1,2
AGGGAAACGAGGTACT-1_V12D07-075_C1,3
AGGGACCGGCTGCGTT-1_V12D07-075_C1,3
AGGGACTCTACGCGAC-1_V12D07-075_C1,2
AGGGAGACATACTTCG-1_V12D07-075_C1,3
AGGGCAGCGGCGTGGT-1_V12D07-075_C1,3
AGGGCCCTAATGTTCT-1_V12D07-075_C1,2
AGGGCGTGATCGGCTA-1_V12D07-075_C1,3
AGGGCTGCAGTTACAG-1_V12D07-075_C1,2
AGGGTCAGTAACCCTA-1_V12D07-075_C1,3
AGGGTCGATGCGAACT-1_V12D07-075_C1,2
AGGGTCTGGACGCAGT-1_V12D07-075_C1,2
AGGGTGCTCTCGAGGG-1_V12D07-075_C1,2
AGGGTGGATAGTGCAT-1_V12D07-075_C1,2
AGGGTTCCCTTTGGTT-1_V12D07-075_C1,2
AGGGTTTAGTTCGGGA-1_V12D07-075_C1,2
AGGTAACCTCCTATTC-1_V12D07-075_C1,3
AGGTACGATATTGCCA-1_V12D07-075_C1,3
AGGTAGGTACAAAGCT-1_V12D07-075_C1,2
AGGTATAATTGATAGT-1_V12D07-075_C1,3
AGGTATGCGGACATTA-1_V12D07-075_C1,3
AGGTCGCCTCCCAACA-1_V12D07-075_C1,2
AGGTCGCGGAGTTACT-1_V12D07-075_C1,3
AGGTGCACGTCCACAT-1_V12D07-075_C1,2
AGGTGGTGACCTTCGC-1_V12D07-075_C1,2
AGGTGTATCGCCATGA-1_V12D07-075_C1,2
AGGTGTTGCCGACCAC-1_V12D07-075_C1,2
AGGTTACACCATGCCG-1_V12D07-075_C1,3
AGGTTGAGGCACGCTT-1_V12D07-075_C1,3
AGGTTTCACACACCTT-1_V12D07-075_C1,2
AGTAACGTTCATCCTG-1_V12D07-075_C1,3
AGTAACTATAGCAGCC-1_V12D07-075_C1,2
AGTAATGTCTTGCCGC-1_V12D07-075_C1,3
AGTACATCATTTATCA-1_V12D07-075_C1,3
AGTACCTTCGAGTGCT-1_V12D07-075_C1,3
AGTACGGCCCGTATCG-1_V12D07-075_C1,2
AGTACGGGCACCTGGC-1_V12D07-075_C1,3
AGTACGTGGCCTGTCT-1_V12D07-075_C1,3
AGTACTCTTATGCCCA-1_V12D07-075_C1,2
AGTAGAAGGCGCCTCA-1_V12D07-075_C1,2
AGTAGGAAGGAAGTTG-1_V12D07-075_C1,3
AGTAGGTAACATACAT-1_V12D07-075_C1,3
AGTATAATACTAGGCA-1_V12D07-075_C1,2
AGTATACACAGCGACA-1_V12D07-075_C1,2
AGTATTTGGCACGACC-1_V12D07-075_C1,2
AGTCAACACCACCATC-1_V12D07-075_C1,2
AGTCAAGATGACACTT-1_V12D07-075_C1,2
AGTCACTAGCTCTCGA-1_V12D07-075_C1,2
AGTCCATTGGCTGATG-1_V12D07-075_C1,2
AGTCCCTCGCAGAAAG-1_V12D07-075_C1,3
AGTCGACGGTCTCAAG-1_V12D07-075_C1,2
AGTCGGCCCAAACGAC-1_V12D07-075_C1,2
AGTCGGTTGCGTGAGA-1_V12D07-075_C1,3
AGTCGTATAAAGCAGA-1_V12D07-075_C1,2
AGTCGTCGACCACCAA-1_V12D07-075_C1,2
AGTCTAAAGTATACTC-1_V12D07-075_C1,3
AGTCTTCTCCTCAAAT-1_V12D07-075_C1,2
AGTCTTTAAAGTGTCC-1_V12D07-075_C1,2
AGTGAACAAACTTCTC-1_V12D07-075_C1,2
AGTGAAGATGGTGTCC-1_V12D07-075_C1,3
AGTGACCTACTTTACG-1_V12D07-075_C1,2
AGTGAGACTTCCAGTA-1_V12D07-075_C1,2
AGTGAGCCTCGCCGCC-1_V12D07-075_C1,2
AGTGAGGGTTTCTGAC-1_V12D07-075_C1,3
AGTGAGTCGAATTAAC-1_V12D07-075_C1,2
AGTGATAACCTGCGCG-1_V12D07-075_C1,2
AGTGATATGAGTAGTT-1_V12D07-075_C1,2
AGTGATTCAAGCAGGA-1_V12D07-075_C1,2
AGTGCACGCTTAAGAA-1_V12D07-075_C1,2
AGTGCGTAGCTCGTAA-1_V12D07-075_C1,2
AGTGCTAAACACAGCA-1_V12D07-075_C1,2
AGTGCTTGCACGAATA-1_V12D07-075_C1,2
AGTGGCGGCAATTTGA-1_V12D07-075_C1,2
AGTGGCGTCTGAAGGT-1_V12D07-075_C1,2
AGTGGCTCCGTCGGCC-1_V12D07-075_C1,2
AGTGGGAGTATACACG-1_V12D07-075_C1,2
AGTGGTTGCGTATAGG-1_V12D07-075_C1,2
AGTGTATTGCGCATTG-1_V12D07-075_C1,3
AGTGTGCTAAGATCGC-1_V12D07-075_C1,2
AGTGTGGTCTATTGTG-1_V12D07-075_C1,2
AGTTAAACACTTGCGA-1_V12D07-075_C1,2
AGTTAAGCGGTCCCGG-1_V12D07-075_C1,3
AGTTACCCTTAAGACT-1_V12D07-075_C1,2
AGTTACTCTATCGTGG-1_V12D07-075_C1,3
AGTTCACCGGTTGGAC-1_V12D07-075_C1,2
AGTTCCTACAGAATTA-1_V12D07-075_C1,2
AGTTCCTATTTATGTT-1_V12D07-075_C1,2
AGTTGACATCGGCTGG-1_V12D07-075_C1,3
AGTTGACGGTCCTTGC-1_V12D07-075_C1,2
AGTTGCTGACTGATAT-1_V12D07-075_C1,2
AGTTGGCAAGGCTAGA-1_V12D07-075_C1,2
AGTTTATGTAAAGACA-1_V12D07-075_C1,3
AGTTTCGCAGGTCGGA-1_V12D07-075_C1,3
AGTTTGCACCTGCCTC-1_V12D07-075_C1,2
AGTTTGGCACGGGTTG-1_V12D07-075_C1,2
AGTTTGGCCAGACCTA-1_V12D07-075_C1,2
ATAAACGGACCCGTAA-1_V12D07-075_C1,2
ATAAACGTTGCACCAC-1_V12D07-075_C1,2
ATAAAGGCTCGGTCGT-1_V12D07-075_C1,2
ATAAAGGTCAAGTACG-1_V12D07-075_C1,3
ATAAATATTAGCAGCT-1_V12D07-075_C1,2
ATAACGCCGGAGGGTC-1_V12D07-075_C1,2
ATAACGGAGTCCAACG-1_V12D07-075_C1,2
ATAACGTTACCTCCAC-1_V12D07-075_C1,3
ATAAGGTGGAGAACAT-1_V12D07-075_C1,2
ATAAGTACCCGATTGT-1_V12D07-075_C1,3
ATAAGTAGGATTCAGA-1_V12D07-075_C1,2
ATAAGTTACCGCGACG-1_V12D07-075_C1,2
ATAATACCGTTAGCCG-1_V12D07-075_C1,2
ATAATAGCTGTTGAAT-1_V12D07-075_C1,2
ATAATAGTGTAGGGAC-1_V12D07-075_C1,1
ATAATCTTGGAGAACC-1_V12D07-075_C1,2
ATAATTAGCTAAGTAG-1_V12D07-075_C1,2
ATACAGGCCCTCCAAT-1_V12D07-075_C1,2
ATACCACGGGCAACTT-1_V12D07-075_C1,2
ATACCAGGCTAATAGA-1_V12D07-075_C1,3
ATACCGTCATCCATAA-1_V12D07-075_C1,3
ATACCTAACCAAGAAA-1_V12D07-075_C1,2
ATACGAAGGCTTTCCA-1_V12D07-075_C1,3
ATACGCCGGCGAAACC-1_V12D07-075_C1,2
ATACGGGTTTCGATTG-1_V12D07-075_C1,3
ATACGGTGAAGATGCA-1_V12D07-075_C1,2
ATACGTACTTAGCCAC-1_V12D07-075_C1,2
ATACGTCCACTCCTGT-1_V12D07-075_C1,2
ATACGTTATGCACGGA-1_V12D07-075_C1,2
ATACTACCCGTACCAC-1_V12D07-075_C1,2
ATACTAGCATGACCCT-1_V12D07-075_C1,3
ATACTCTCGCCACTCT-1_V12D07-075_C1,3
ATACTGCCTTACACCG-1_V12D07-075_C1,2
ATACTTGTTCTCGAGC-1_V12D07-075_C1,2
ATAGACAACGGGACCT-1_V12D07-075_C1,2
ATAGACGAAGAGAAAG-1_V12D07-075_C1,2
ATAGAGTACTGGGACA-1_V12D07-075_C1,2
ATAGAGTTATCAACTT-1_V12D07-075_C1,2
ATAGCAACTAGGGAAG-1_V12D07-075_C1,2
ATAGCCTCAGTACCCA-1_V12D07-075_C1,2
ATAGCTGCTCTTGTTA-1_V12D07-075_C1,2
ATAGGAATCTAAGCTT-1_V12D07-075_C1,3
ATAGGCGGCTATAGAA-1_V12D07-075_C1,2
ATAGGCTAGCTTCGCA-1_V12D07-075_C1,2
ATAGGGATATCCTTGA-1_V12D07-075_C1,2
ATAGGTTGGGCAGATG-1_V12D07-075_C1,2
ATAGTCTTTGACGTGC-1_V12D07-075_C1,3
ATAGTGAAGCGTTCTC-1_V12D07-075_C1,2
ATAGTTCCACCCACTC-1_V12D07-075_C1,2
ATATAAAGCGCTCGTG-1_V12D07-075_C1,2
ATATAAATGTAGCTGC-1_V12D07-075_C1,2
ATATAACACGGGCGCA-1_V12D07-075_C1,2
ATATACGCTCGTGACG-1_V12D07-075_C1,2
ATATCAACCTACAGAG-1_V12D07-075_C1,2
ATATCGGTAGGGAGAT-1_V12D07-075_C1,3
ATATCGTTCCTCGAAC-1_V12D07-075_C1,2
ATATCTCCCTCGTTAA-1_V12D07-075_C1,3
ATATCTTAGGGCCTTC-1_V12D07-075_C1,2
ATATGGGATAGCAACT-1_V12D07-075_C1,2
ATATGTCTCCCTAGCC-1_V12D07-075_C1,2
ATATGTGCACAAACCA-1_V12D07-075_C1,3
ATATTATCCCGTATTT-1_V12D07-075_C1,2
ATATTCAGTTAAACCT-1_V12D07-075_C1,2
ATATTCCCACAGGTCA-1_V12D07-075_C1,3
ATATTGCTGTCAAAGT-1_V12D07-075_C1,2
ATATTGGAGAGGCCTT-1_V12D07-075_C1,2
ATATTTAACCCTCAAG-1_V12D07-075_C1,2
ATCAAACACTGTTCCA-1_V12D07-075_C1,2
ATCAAACGAAGGTTTG-1_V12D07-075_C1,2
ATCAATCTGGGCTGCA-1_V12D07-075_C1,2
ATCACATTAGAATATC-1_V12D07-075_C1,3
ATCACGTGCTAATTAA-1_V12D07-075_C1,2
ATCACTTCATCCTCGC-1_V12D07-075_C1,3
ATCAGACGGCACGCCG-1_V12D07-075_C1,2
ATCAGCCTCATGCTGC-1_V12D07-075_C1,2
ATCAGGTAGCTGACAG-1_V12D07-075_C1,3
ATCAGGTCGCCATTGC-1_V12D07-075_C1,3
ATCAGTAGGCAGGGAT-1_V12D07-075_C1,3
ATCATAGCCCTATGTA-1_V12D07-075_C1,2
ATCATCCAATATTTGT-1_V12D07-075_C1,2
ATCATGGACTACCGAC-1_V12D07-075_C1,3
ATCCAACGCAGTCATA-1_V12D07-075_C1,2
ATCCAATGGAGGGTCC-1_V12D07-075_C1,2
ATCCAATGGTACCGAA-1_V12D07-075_C1,2
ATCCACATCGACAGAA-1_V12D07-075_C1,2
ATCCACGCTAAATGTT-1_V12D07-075_C1,3
ATCCACTTTCAGACTA-1_V12D07-075_C1,3
ATCCAGAGCAACAACC-1_V12D07-075_C1,2
ATCCAGGATTCGTGAA-1_V12D07-075_C1,2
ATCCCATTTCCGTGGG-1_V12D07-075_C1,2
ATCCGGACCAGCCTGA-1_V12D07-075_C1,2
ATCCTACCTAAGCTCT-1_V12D07-075_C1,2
ATCCTGAATCGCTGCG-1_V12D07-075_C1,2
ATCCTGCGTGGAATGG-1_V12D07-075_C1,2
ATCCTGCTGCAGATAG-1_V12D07-075_C1,3
ATCCTTCTGAAAGAAC-1_V12D07-075_C1,3
ATCGACCCAATACAGA-1_V12D07-075_C1,2
ATCGACTCTTTCCGTT-1_V12D07-075_C1,2
ATCGCACGCCGGGAGA-1_V12D07-075_C1,2
ATCGCCAGTCAACATT-1_V12D07-075_C1,2
ATCGCTGCGTGCAGCA-1_V12D07-075_C1,3
ATCGCTTTACGTCTCA-1_V12D07-075_C1,3
ATCGGAGACAGACGGC-1_V12D07-075_C1,2
ATCGGCAAGCAGTCCA-1_V12D07-075_C1,3
ATCGGTTACCTAGTAA-1_V12D07-075_C1,2
ATCGTATTCCGAGAAC-1_V12D07-075_C1,2
ATCGTCCAATCGAGTC-1_V12D07-075_C1,2
ATCGTTAGCTAGCGGA-1_V12D07-075_C1,2
ATCGTTCACTTTCGCC-1_V12D07-075_C1,3
ATCTAACGTCCCTATG-1_V12D07-075_C1,2
ATCTAATATCCTACGG-1_V12D07-075_C1,2
ATCTACCATCTGCTCC-1_V12D07-075_C1,2
ATCTAGCTTGTGAGGG-1_V12D07-075_C1,2
ATCTCCCACGGAATAT-1_V12D07-075_C1,2
ATCTCCCTGCAATCTA-1_V12D07-075_C1,3
ATCTCGTGAGCGAAAC-1_V12D07-075_C1,3
ATCTGATAGTGTCTTA-1_V12D07-075_C1,2
ATCTGCACCTCTGCGA-1_V12D07-075_C1,2
ATCTGCTGTTATCGCC-1_V12D07-075_C1,2
ATCTGGGCTGTTCTTG-1_V12D07-075_C1,2
ATCTGGTTAAGACTGT-1_V12D07-075_C1,2
ATCTGTAATTGTACCC-1_V12D07-075_C1,3
ATCTTATCGCACACCC-1_V12D07-075_C1,2
ATCTTGACCTGCAACG-1_V12D07-075_C1,2
ATCTTGACTTGTCCAA-1_V12D07-075_C1,3
ATCTTTCGTATAACCA-1_V12D07-075_C1,4
ATGAAGCCAAGGAGCC-1_V12D07-075_C1,2
ATGAAGTGGACCCAGC-1_V12D07-075_C1,2
ATGACGCCGGCTCTAA-1_V12D07-075_C1,3
ATGACTATGCGACATT-1_V12D07-075_C1,2
ATGAGGAGTGTTAATC-1_V12D07-075_C1,2
ATGAGGGCAGCGGCTA-1_V12D07-075_C1,3
ATGATGCAATGGTACA-1_V12D07-075_C1,2
ATGCACTACCGCATTG-1_V12D07-075_C1,2
ATGCATGATCCAGGAT-1_V12D07-075_C1,2
ATGCCAATCGCTCTGC-1_V12D07-075_C1,3
ATGCCATTTGCGACCA-1_V12D07-075_C1,2
ATGCCGGTCTTGCATA-1_V12D07-075_C1,2
ATGCCGGTTGATGGGA-1_V12D07-075_C1,3
ATGCGACAATTGGTCC-1_V12D07-075_C1,3
ATGCGACAGTCCCATT-1_V12D07-075_C1,2
ATGCGAGTCCCACCAC-1_V12D07-075_C1,2
ATGCTCTGGCGCGGTA-1_V12D07-075_C1,2
ATGCTTAGGAGTTGAT-1_V12D07-075_C1,2
ATGGAACCTTTGCACA-1_V12D07-075_C1,3
ATGGAGCAGGCCGTGA-1_V12D07-075_C1,2
ATGGATCCGGCGTCCG-1_V12D07-075_C1,3
ATGGATTGACCAAACG-1_V12D07-075_C1,2
ATGGCAGCCGAGAAAC-1_V12D07-075_C1,2
ATGGCGGAATAGTCGC-1_V12D07-075_C1,3
ATGGCTGGAAATGGCC-1_V12D07-075_C1,3
ATGGGCCTCGGCCTCT-1_V12D07-075_C1,2
ATGGTCGCGTGGTTTC-1_V12D07-075_C1,2
ATGGTTACGAAACATG-1_V12D07-075_C1,3
ATGTAAGGCTGCTCTT-1_V12D07-075_C1,3
ATGTACATGCGGTGAG-1_V12D07-075_C1,2
ATGTACGATGACGTCG-1_V12D07-075_C1,2
ATGTAGCGCGCGTAGG-1_V12D07-075_C1,2
ATGTCATTTCCCATTG-1_V12D07-075_C1,2
ATGTGCATCCGACGCA-1_V12D07-075_C1,2
ATGTGGACATCTTGAT-1_V12D07-075_C1,2
ATGTTACGAGCAATAC-1_V12D07-075_C1,3
ATGTTCCTGCCCACCT-1_V12D07-075_C1,2
ATGTTCGTCGACCCAC-1_V12D07-075_C1,2
ATGTTGATTAGAGACT-1_V12D07-075_C1,2
ATGTTGTAGTCTGTTT-1_V12D07-075_C1,2
ATGTTTCGGCCCGGAG-1_V12D07-075_C1,3
ATTAAACATGCGGACC-1_V12D07-075_C1,2
ATTAACACCTGAGATA-1_V12D07-075_C1,2
ATTAATACTACGCGGG-1_V12D07-075_C1,2
ATTAATGAACCAGTCG-1_V12D07-075_C1,3
ATTAATTCGGTCACTC-1_V12D07-075_C1,3
ATTACAACTACCGGCC-1_V12D07-075_C1,3
ATTACATGTCAGTCTT-1_V12D07-075_C1,2
ATTACCACACTGCCTG-1_V12D07-075_C1,3
ATTACGACTCCACAGT-1_V12D07-075_C1,3
ATTACGCGCTGGCAGG-1_V12D07-075_C1,2
ATTACTTACTGGGCAT-1_V12D07-075_C1,3
ATTAGATTCCTCAGCA-1_V12D07-075_C1,3
ATTAGATTGATAGCGG-1_V12D07-075_C1,3
ATTAGGCGATGCTTTC-1_V12D07-075_C1,2
ATTATACTTTGCTCGT-1_V12D07-075_C1,3
ATTATAGCTACTTTAC-1_V12D07-075_C1,3
ATTATCGGAATGTACG-1_V12D07-075_C1,2
ATTATGCCATAGGGAG-1_V12D07-075_C1,3
ATTATTCAGAGTCACT-1_V12D07-075_C1,2
ATTCAAAGTACCTGTT-1_V12D07-075_C1,2
ATTCAACCATTTAAGG-1_V12D07-075_C1,2
ATTCACTGATGTTGGA-1_V12D07-075_C1,2
ATTCAGGACCTATTTC-1_V12D07-075_C1,3
ATTCAGTAGCAGGGTC-1_V12D07-075_C1,2
ATTCATATACTGTCCA-1_V12D07-075_C1,2
ATTCATCGTTGAGGCA-1_V12D07-075_C1,2
ATTCCCACATAAACAA-1_V12D07-075_C1,2
ATTCCTAAGACGTGGA-1_V12D07-075_C1,3
ATTCCTCCGCCAGTGC-1_V12D07-075_C1,2
ATTCCTTCCAGGCGGT-1_V12D07-075_C1,3
ATTCGACGCCGGGCCT-1_V12D07-075_C1,2
ATTCGCGCCTTGAGAG-1_V12D07-075_C1,2
ATTCTCGTCTCTTTAG-1_V12D07-075_C1,3
ATTCTGAGTATGAACT-1_V12D07-075_C1,3
ATTCTTCGTACTTATG-1_V12D07-075_C1,3
ATTGAAGATCTTAGTG-1_V12D07-075_C1,2
ATTGACCGGCGATGAC-1_V12D07-075_C1,3
ATTGACGTAACTCGGT-1_V12D07-075_C1,3
ATTGATGAGTCCTAAC-1_V12D07-075_C1,2
ATTGCCTTTATGTTTG-1_V12D07-075_C1,2
ATTGCGATCAGTAACT-1_V12D07-075_C1,2
ATTGCTGCTCCTCCAT-1_V12D07-075_C1,2
ATTGGATTACAGCGTA-1_V12D07-075_C1,2
ATTGGGAATATCTTGG-1_V12D07-075_C1,3
ATTGGGAGTTCTGTAA-1_V12D07-075_C1,3
ATTGGTAGGATCCGCT-1_V12D07-075_C1,2
ATTGGTTGTGCATTAC-1_V12D07-075_C1,2
ATTGTACAACTCGGCT-1_V12D07-075_C1,2
ATTGTCGCAATACCTT-1_V12D07-075_C1,3
ATTGTCTGTTTCATGT-1_V12D07-075_C1,2
ATTGTGACTTCGCTGC-1_V12D07-075_C1,3
ATTGTTCAACGATCCG-1_V12D07-075_C1,3
ATTTAACTCGTATTAC-1_V12D07-075_C1,3
ATTTACAGTTTACTGG-1_V12D07-075_C1,2
ATTTACTAAGTCCATT-1_V12D07-075_C1,3
ATTTCATTATTTCGCG-1_V12D07-075_C1,3
ATTTGTCTTGGGAGCT-1_V12D07-075_C1,2
ATTTGTTCCAGGGCTC-1_V12D07-075_C1,3
CAAACCAGGTCTGCAT-1_V12D07-075_C1,2
CAAACCCTCCGGCGGG-1_V12D07-075_C1,2
CAAACGAGTATCGCAG-1_V12D07-075_C1,2
CAAACGGTCGCACTTT-1_V12D07-075_C1,2
CAAACTACGATAGAGA-1_V12D07-075_C1,3
CAAACTATTGAGCTTC-1_V12D07-075_C1,3
CAAACTCGCGACGCCG-1_V12D07-075_C1,2
CAAAGGTCATCTGAAA-1_V12D07-075_C1,3
CAAAGGTTAAATTCAG-1_V12D07-075_C1,3
CAAATGTCCTTCCGTG-1_V12D07-075_C1,2
CAAATTGGATTATGCC-1_V12D07-075_C1,3
CAAATTGTCAGCAAGC-1_V12D07-075_C1,3
CAACACATCTCCTGCC-1_V12D07-075_C1,3
CAACATGGCCTGATAA-1_V12D07-075_C1,2
CAACCAGTGGCCTACC-1_V12D07-075_C1,2
CAACCGCACCTAGACA-1_V12D07-075_C1,2
CAACCTACCGAGCAGT-1_V12D07-075_C1,2
CAACCTGAACCTGCCA-1_V12D07-075_C1,3
CAACGACCCGTTTACA-1_V12D07-075_C1,3
CAACGGTTCTTGATAC-1_V12D07-075_C1,2
CAACGTGGTGGAGTCT-1_V12D07-075_C1,2
CAACTATATCGAATGC-1_V12D07-075_C1,3
CAACTCCGTAACTTGC-1_V12D07-075_C1,3
CAACTCCTTGATCCCG-1_V12D07-075_C1,3
CAACTGCTCATCCGAT-1_V12D07-075_C1,2
CAACTTGTAGTGGGCA-1_V12D07-075_C1,3
CAAGAAACCCTAAACT-1_V12D07-075_C1,3
CAAGACTCAGAAGCGC-1_V12D07-075_C1,3
CAAGAGGGCGGAGTAC-1_V12D07-075_C1,2
CAAGATATTATAACGT-1_V12D07-075_C1,2
CAAGCAACGTCGGAGT-1_V12D07-075_C1,2
CAAGCACCAAATGCCT-1_V12D07-075_C1,3
CAAGCGGCACATAATT-1_V12D07-075_C1,2
CAAGGATCGCATGTTC-1_V12D07-075_C1,2
CAAGGCCAGTGGTGCA-1_V12D07-075_C1,2
CAAGGTCCTATAGGCT-1_V12D07-075_C1,3
CAAGTAAGTGATAGAC-1_V12D07-075_C1,2
CAAGTGAACTTTGGTT-1_V12D07-075_C1,3
CAAGTGTGGTTGCAAA-1_V12D07-075_C1,2
CAATAAACCTTGGCCC-1_V12D07-075_C1,2
CAATACGAGAGTCTGA-1_V12D07-075_C1,3
CAATACGCTCTGAGGC-1_V12D07-075_C1,2
CAATATTCTTGACCTA-1_V12D07-075_C1,2
CAATCCCTATACCAGC-1_V12D07-075_C1,3
CAATGAGGTTCGACTA-1_V12D07-075_C1,3
CAATGGAATCTACATA-1_V12D07-075_C1,3
CAATGGATCTCTACCA-1_V12D07-075_C1,2
CAATGGTCGGCCTGGG-1_V12D07-075_C1,3
CAATGTGCCAACCCTT-1_V12D07-075_C1,3
CAATTAAGGGTGATGA-1_V12D07-075_C1,2
CAATTTCGTATAAGGG-1_V12D07-075_C1,2
CAATTTGACCGGGAAG-1_V12D07-075_C1,2
CACAAGAAAGATATTA-1_V12D07-075_C1,3
CACAATGAGCTGCTAT-1_V12D07-075_C1,2
CACACACGCTAACGAG-1_V12D07-075_C1,2
CACACAGCTTGCGCTC-1_V12D07-075_C1,3
CACACAGGGATAGATT-1_V12D07-075_C1,2
CACACGCGCTGTCTTA-1_V12D07-075_C1,2
CACACTTGTATTGCGA-1_V12D07-075_C1,3
CACAGCACCCACGGCA-1_V12D07-075_C1,2
CACAGCTAGGGAGTGA-1_V12D07-075_C1,3
CACAGGGCCATATAGT-1_V12D07-075_C1,2
CACAGGGCCGTTGTCA-1_V12D07-075_C1,2
CACAGTCCCGCTTCGC-1_V12D07-075_C1,2
CACAGTTCGCTTCCCA-1_V12D07-075_C1,2
CACATATTAGCAGGAT-1_V12D07-075_C1,2
CACATCTCACCGACGA-1_V12D07-075_C1,2
CACATGATTCAGCAAC-1_V12D07-075_C1,2
CACATTCTTTCGATGG-1_V12D07-075_C1,3
CACATTTCTTGTCAGA-1_V12D07-075_C1,2
CACCACGCCACACAGA-1_V12D07-075_C1,2
CACCATCGGAGGAGAC-1_V12D07-075_C1,3
CACCATGATCGCAAAG-1_V12D07-075_C1,3
CACCCAAATCTTATGT-1_V12D07-075_C1,3
CACCCACACGTCACCC-1_V12D07-075_C1,1
CACCCACGAGGCAATT-1_V12D07-075_C1,3
CACCCGGTTTGTGACT-1_V12D07-075_C1,2
CACCCTTTCCTCGCTC-1_V12D07-075_C1,3
CACCGATACACCGAGC-1_V12D07-075_C1,3
CACCGCCAGAAGGTTT-1_V12D07-075_C1,2
CACCGCCGACCAGCGA-1_V12D07-075_C1,3
CACCGCGTCCACTCTA-1_V12D07-075_C1,3
CACCGGAGATATCTCC-1_V12D07-075_C1,3
CACCGTATCCCATCCG-1_V12D07-075_C1,2
CACCGTTAGGGATCAC-1_V12D07-075_C1,2
CACCGTTGCGCGATAT-1_V12D07-075_C1,2
CACCTAATCAGTTTAC-1_V12D07-075_C1,3
CACCTCGATGGTGGAC-1_V12D07-075_C1,3
CACCTTGCGAAACTCG-1_V12D07-075_C1,3
CACCTTGGCGCCTTTG-1_V12D07-075_C1,2
CACGAAAGTTAGTCCC-1_V12D07-075_C1,2
CACGACGTAATAGTAA-1_V12D07-075_C1,3
CACGCACAGCGCAGCT-1_V12D07-075_C1,2
CACGCAGCGAGGCTTT-1_V12D07-075_C1,2
CACGCGGAACTGTTGC-1_V12D07-075_C1,2
CACGGACGTGGATGGC-1_V12D07-075_C1,3
CACGGCGCGCCAAAGG-1_V12D07-075_C1,3
CACGGGATTGAGGGTT-1_V12D07-075_C1,2
CACGTCAATCAATGGA-1_V12D07-075_C1,2
CACGTCGGCAACCTCT-1_V12D07-075_C1,2
CACGTCGGGTTCTAGA-1_V12D07-075_C1,2
CACGTCTATGATGTGG-1_V12D07-075_C1,3
CACGTTCGTGCTCTAG-1_V12D07-075_C1,2
CACGTTTCGTACACAC-1_V12D07-075_C1,2
CACTAAAGTTGCCTAT-1_V12D07-075_C1,2
CACTACGGGAGCTGCC-1_V12D07-075_C1,2
CACTACTCAGTTCTGT-1_V12D07-075_C1,3
CACTCAAGAGCTATGG-1_V12D07-075_C1,2
CACTCAGCTCTTGAGG-1_V12D07-075_C1,3
CACTCCTCTCGGTCGG-1_V12D07-075_C1,3
CACTCGAGCTGAACAA-1_V12D07-075_C1,2
CACTCGGTTAGGAGGA-1_V12D07-075_C1,2
CACTCTTCTGCTAGCC-1_V12D07-075_C1,2
CACTGACGATTGTGGA-1_V12D07-075_C1,2
CACTTAATCAGACGGA-1_V12D07-075_C1,2
CACTTCGTCTTATCTC-1_V12D07-075_C1,2
CAGAACTTAGCCCTCT-1_V12D07-075_C1,2
CAGAATAACACACGGA-1_V12D07-075_C1,2
CAGAATATTCGTTATC-1_V12D07-075_C1,3
CAGACACCGATCGCTG-1_V12D07-075_C1,2
CAGACCTGTAAGTGTT-1_V12D07-075_C1,2
CAGACGAACCTGATAC-1_V12D07-075_C1,2
CAGAGACGGTCACCCA-1_V12D07-075_C1,2
CAGAGCATGAGCTTGC-1_V12D07-075_C1,2
CAGAGCGATGGATGCT-1_V12D07-075_C1,2
CAGAGGCGATGCATGA-1_V12D07-075_C1,2
CAGAGTGATTTAACGT-1_V12D07-075_C1,3
CAGATAATGGGCGGGT-1_V12D07-075_C1,2
CAGATACTAACATAGT-1_V12D07-075_C1,2
CAGATCATTTAAAGTC-1_V12D07-075_C1,3
CAGCAGCCCGTTCCTT-1_V12D07-075_C1,2
CAGCAGTCCAGACTAT-1_V12D07-075_C1,2
CAGCAGTCTGTGCTGC-1_V12D07-075_C1,2
CAGCCGGGCCCTCTAT-1_V12D07-075_C1,3
CAGCCTCCTGCAGAGG-1_V12D07-075_C1,3
CAGCCTCGATAGCGGT-1_V12D07-075_C1,2
CAGCCTCTCCTCAAGA-1_V12D07-075_C1,3
CAGCGATTCCCTTCAA-1_V12D07-075_C1,2
CAGCGCCAACACGATA-1_V12D07-075_C1,2
CAGCTCACTGAGACAT-1_V12D07-075_C1,2
CAGCTCGACAAGTTAA-1_V12D07-075_C1,2
CAGCTTAGTAGGTAGC-1_V12D07-075_C1,2
CAGGAAGACTTTATAT-1_V12D07-075_C1,3
CAGGACAGCTGCCCTT-1_V12D07-075_C1,3
CAGGATATATCGTTGT-1_V12D07-075_C1,2
CAGGCAGTCTTACCAG-1_V12D07-075_C1,2
CAGGCCGTTTGGGTGT-1_V12D07-075_C1,2
CAGGCGCCATGCTAGG-1_V12D07-075_C1,2
CAGTAACTATTTATTG-1_V12D07-075_C1,3
CAGTACATTCTCTAAA-1_V12D07-075_C1,3
CAGTAGATGATGTCCG-1_V12D07-075_C1,2
CAGTAGCCCACGCGGT-1_V12D07-075_C1,3
CAGTCGAGGATGCAAT-1_V12D07-075_C1,2
CAGTCTCTCGGCTAAT-1_V12D07-075_C1,2
CAGTCTGTATACTGGG-1_V12D07-075_C1,2
CAGTGAATAAATGACT-1_V12D07-075_C1,3
CAGTGTCCGCAGAATG-1_V12D07-075_C1,3
CAGTGTCGGCTGGCCC-1_V12D07-075_C1,2
CAGTTCAAATTGACAC-1_V12D07-075_C1,2
CAGTTCGAGGACCCGA-1_V12D07-075_C1,2
CATAACGGACAGTCGT-1_V12D07-075_C1,2
CATAAGAAGCTTGGCT-1_V12D07-075_C1,2
CATAATGAGCGGGCGA-1_V12D07-075_C1,3
CATACAAAGCCGAACC-1_V12D07-075_C1,3
CATACACGGTTCCCAC-1_V12D07-075_C1,2
CATACCCGTACCCAGT-1_V12D07-075_C1,2
CATACGGCGTCTGGGC-1_V12D07-075_C1,2
CATACTATGTAATTGT-1_V12D07-075_C1,2
CATACTTAGGCAATAC-1_V12D07-075_C1,3
CATACTTCTTTCTCCG-1_V12D07-075_C1,2
CATAGAGGAGATACTA-1_V12D07-075_C1,2
CATAGCGTTGCCCACC-1_V12D07-075_C1,2
CATAGTACATTGAGAG-1_V12D07-075_C1,3
CATAGTAGCATAGTAG-1_V12D07-075_C1,3
CATAGTCAAATACATA-1_V12D07-075_C1,2
CATAGTCCACAAGAAC-1_V12D07-075_C1,2
CATAGTGGGCACGCCT-1_V12D07-075_C1,2
CATATACTACTGATAA-1_V12D07-075_C1,3
CATATAGGTACAGTCA-1_V12D07-075_C1,2
CATATTATTTGCCCTA-1_V12D07-075_C1,3
CATCAAACTGGCGCCC-1_V12D07-075_C1,3
CATCAACACCTACTAA-1_V12D07-075_C1,2
CATCATCTACCCGGAC-1_V12D07-075_C1,3
CATCATTACCCTGAGG-1_V12D07-075_C1,2
CATCCCGAGATTCATA-1_V12D07-075_C1,2
CATCCGCAGGCCCGAA-1_V12D07-075_C1,2
CATCCTCTCAAAGATC-1_V12D07-075_C1,2
CATCGGACGGGTTAAT-1_V12D07-075_C1,2
CATCGTCCGGTTACTA-1_V12D07-075_C1,2
CATCTACCCGAGAACG-1_V12D07-075_C1,3
CATCTAGTGAAGGGAA-1_V12D07-075_C1,3
CATCTATCCCGTGTCT-1_V12D07-075_C1,3
CATCTGCAGGATCATT-1_V12D07-075_C1,2
CATGAACCGACATTTG-1_V12D07-075_C1,3
CATGAACCTCTTATCA-1_V12D07-075_C1,1
CATGACTTCGCTGAAT-1_V12D07-075_C1,2
CATGAGATGCACTCTC-1_V12D07-075_C1,2
CATGATCGCTTTGAGA-1_V12D07-075_C1,2
CATGATGCACAATTCT-1_V12D07-075_C1,2
CATGATGGAAGTTAGC-1_V12D07-075_C1,2
CATGCATGGAGACCCT-1_V12D07-075_C1,1
CATGCGACCAGTTTAA-1_V12D07-075_C1,2
CATGCGTTAGACAGAA-1_V12D07-075_C1,3
CATGCTGGCTCCAATT-1_V12D07-075_C1,3
CATGGAAATGGGACCA-1_V12D07-075_C1,3
CATGGATTGTCTTCCG-1_V12D07-075_C1,2
CATGGCAGGAAGATCG-1_V12D07-075_C1,3
CATGGCTCCCTATGTC-1_V12D07-075_C1,2
CATGGGTCGGGTGTGG-1_V12D07-075_C1,3
CATGGTAAGTAGCGTT-1_V12D07-075_C1,2
CATGGTCTAGATACCG-1_V12D07-075_C1,2
CATGGTTTATTAATCA-1_V12D07-075_C1,2
CATGTAAGAGACATTT-1_V12D07-075_C1,2
CATGTAGGAGCGCCAA-1_V12D07-075_C1,3
CATGTCTCATTTATGG-1_V12D07-075_C1,2
CATTACATAGATTGTG-1_V12D07-075_C1,3
CATTACGCAGGAAGGG-1_V12D07-075_C1,2
CATTACGTCGGCCCGT-1_V12D07-075_C1,3
CATTATGCTTGTTGTG-1_V12D07-075_C1,2
CATTCACTGACAGCTA-1_V12D07-075_C1,3
CATTCCCATTCCGTCG-1_V12D07-075_C1,3
CATTCGTCGTAGCGGT-1_V12D07-075_C1,2
CATTGATGAACACGCC-1_V12D07-075_C1,4
CATTGCGAAATGGGCG-1_V12D07-075_C1,2
CATTGCGGGTCAATTC-1_V12D07-075_C1,4
CATTGTGTGCTAGATC-1_V12D07-075_C1,2
CATTTAGCGGACCATG-1_V12D07-075_C1,3
CATTTATCGTTCAAGA-1_V12D07-075_C1,3
CATTTGAGTGGTACGT-1_V12D07-075_C1,2
CCAAACAGAACCCTCG-1_V12D07-075_C1,2
CCAAAGCAGTTGGTTG-1_V12D07-075_C1,2
CCAAATAACAAGATTC-1_V12D07-075_C1,2
CCAACGATGCACTGAT-1_V12D07-075_C1,2
CCAACGCTTGCCAGGG-1_V12D07-075_C1,3
CCAACTTGATAGATCC-1_V12D07-075_C1,3
CCAAGAAAGTGGGCGA-1_V12D07-075_C1,2
CCAAGACTTCTGCGAA-1_V12D07-075_C1,3
CCAAGCGTAACTCGTA-1_V12D07-075_C1,2
CCAAGGTTGCCCTTTC-1_V12D07-075_C1,2
CCAAGTTTCTACAGAT-1_V12D07-075_C1,2
CCAATAGATTTCATCT-1_V12D07-075_C1,2
CCAATAGTGCCGTCGA-1_V12D07-075_C1,2
CCAATCGGTAGATCGA-1_V12D07-075_C1,3
CCAATGTCACAGCAAG-1_V12D07-075_C1,2
CCAATTACGGGTCGAG-1_V12D07-075_C1,3
CCAATTGAATGTTAAT-1_V12D07-075_C1,3
CCACAATGTACGTCTT-1_V12D07-075_C1,2
CCACACTGAGATATTA-1_V12D07-075_C1,2
CCACAGCTGAAATCAT-1_V12D07-075_C1,3
CCACAGTACCCATCCT-1_V12D07-075_C1,2
CCACATACTGCACCCA-1_V12D07-075_C1,3
CCACCAACTTTACTGT-1_V12D07-075_C1,2
CCACCCAAGGAAAGTG-1_V12D07-075_C1,2
CCACCTGTATGGAATA-1_V12D07-075_C1,2
CCACGAATTTAACCTC-1_V12D07-075_C1,2
CCACGAGAAGAGAATC-1_V12D07-075_C1,3
CCACGGTGCCCGGTAG-1_V12D07-075_C1,3
CCACGTAAATTAGACT-1_V12D07-075_C1,3
CCACTATCCGGGTCAC-1_V12D07-075_C1,3
CCACTGGTGGCTGGTT-1_V12D07-075_C1,2
CCACTGTTTGGATTAA-1_V12D07-075_C1,2
CCAGAAACTGATGCGA-1_V12D07-075_C1,2
CCAGAAAGCAACTCAT-1_V12D07-075_C1,2
CCAGAGACAAAGCCGG-1_V12D07-075_C1,2
CCAGATAGTTGAGTGA-1_V12D07-075_C1,2
CCAGCCTGGACCAATA-1_V12D07-075_C1,2
CCAGCGGGATCACCAG-1_V12D07-075_C1,3
CCAGCTACGCCTCATA-1_V12D07-075_C1,3
CCAGCTCGAACGCATT-1_V12D07-075_C1,2
CCAGCTGATGGTACTT-1_V12D07-075_C1,2
CCAGCTTCCGCCCGCA-1_V12D07-075_C1,2
CCAGGCTGGCGTCTGA-1_V12D07-075_C1,2
CCAGGGACGTGGCCTC-1_V12D07-075_C1,2
CCAGTAGTCTGATCCA-1_V12D07-075_C1,2
CCAGTCTAGACGGCGC-1_V12D07-075_C1,3
CCAGTCTTGTCATAGA-1_V12D07-075_C1,2
CCATAAACAACCCGAC-1_V12D07-075_C1,3
CCATACTCGCCTCTCC-1_V12D07-075_C1,2
CCATAGGTTGGCGTGG-1_V12D07-075_C1,3
CCATAGTCAGTAACCC-1_V12D07-075_C1,2
CCATATGGAAACTATA-1_V12D07-075_C1,2
CCATATTGGATCATGA-1_V12D07-075_C1,2
CCATCCATACCAAGTC-1_V12D07-075_C1,3
CCATCGCAGTTAAACT-1_V12D07-075_C1,2
CCATCTCACCAGTGAA-1_V12D07-075_C1,2
CCATCTTGTTCACAAT-1_V12D07-075_C1,3
CCATGCCCTAGATTTC-1_V12D07-075_C1,2
CCATGCCTGTTTAGTA-1_V12D07-075_C1,2
CCATGCTCTGCAGGAA-1_V12D07-075_C1,2
CCATGGCCCTTGTACC-1_V12D07-075_C1,1
CCATTAGCGATAATCC-1_V12D07-075_C1,2
CCATTCCCTGCCCACA-1_V12D07-075_C1,2
CCATTGTTTCCTCCAT-1_V12D07-075_C1,3
CCATTTCTACCTATTA-1_V12D07-075_C1,2
CCCAAACATGCTGCTC-1_V12D07-075_C1,2
CCCAACATACGTCGCG-1_V12D07-075_C1,2
CCCAACCACACTAACA-1_V12D07-075_C1,3
CCCAAGTCATTACACT-1_V12D07-075_C1,2
CCCAATTTCACAACTT-1_V12D07-075_C1,2
CCCAGAGGAGGGCGTA-1_V12D07-075_C1,3
CCCAGGTCTGAAGGCT-1_V12D07-075_C1,2
CCCAGTTAAGGCGCCG-1_V12D07-075_C1,3
CCCATATAGGTCGATT-1_V12D07-075_C1,2
CCCGACCATAGTCCGC-1_V12D07-075_C1,3
CCCGAGTTTCTCCGTA-1_V12D07-075_C1,2
CCCGATAGCCTCGCCT-1_V12D07-075_C1,3
CCCGCAGCGCGAACTA-1_V12D07-075_C1,2
CCCGCAGGGCCCAAAG-1_V12D07-075_C1,3
CCCGCCATGCTCCCGT-1_V12D07-075_C1,2
CCCGGCTAGGTGAGAA-1_V12D07-075_C1,2
CCCGGGTCGTTCAGGG-1_V12D07-075_C1,2
CCCGGTGGAAGAACCT-1_V12D07-075_C1,2
CCCGTAAGTCTAGGCC-1_V12D07-075_C1,2
CCCGTAGCTGGGAAGA-1_V12D07-075_C1,2
CCCGTCAGCGTCTGAC-1_V12D07-075_C1,3
CCCGTTTCGCAGATGT-1_V12D07-075_C1,2
CCCTACTTGAACAATG-1_V12D07-075_C1,2
CCCTAGTGTCAGGTGT-1_V12D07-075_C1,2
CCCTCAAGCTCTTAGT-1_V12D07-075_C1,2
CCCTCATTCTGGAATT-1_V12D07-075_C1,3
CCCTCCTCGCTCGTAT-1_V12D07-075_C1,2
CCCTGAAATGAGTTGA-1_V12D07-075_C1,2
CCCTGACTAACAAATT-1_V12D07-075_C1,2
CCCTGATGTAACTCGT-1_V12D07-075_C1,2
CCCTGCGCTACGCATA-1_V12D07-075_C1,2
CCCTGGTATGGGCGGC-1_V12D07-075_C1,3
CCCTGTTGGCAAAGAC-1_V12D07-075_C1,2
CCCTTTAATGGAGTTC-1_V12D07-075_C1,2
CCCTTTGACAGGTCTT-1_V12D07-075_C1,2
CCGAACCTTCCCGGCC-1_V12D07-075_C1,2
CCGAAGGGCGTACCGC-1_V12D07-075_C1,3
CCGAAGTATATTGTTC-1_V12D07-075_C1,2
CCGACAAACACATGAG-1_V12D07-075_C1,2
CCGACAAAGGGAGTGC-1_V12D07-075_C1,1
CCGACAATAGGCCGCC-1_V12D07-075_C1,2
CCGACGTAAACACAAC-1_V12D07-075_C1,3
CCGACTCGCATAGTCT-1_V12D07-075_C1,3
CCGAGCTGTGCTTGTC-1_V12D07-075_C1,3
CCGAGGGATGTTAGGC-1_V12D07-075_C1,3
CCGATATGACGTAAGG-1_V12D07-075_C1,3
CCGATCTCAACCTTAT-1_V12D07-075_C1,2
CCGATTCGAGGGACCC-1_V12D07-075_C1,2
CCGCACAAAGACCAAC-1_V12D07-075_C1,2
CCGCACACGAACGTGT-1_V12D07-075_C1,3
CCGCACGTGACCTCGG-1_V12D07-075_C1,2
CCGCACTTGCAATGAC-1_V12D07-075_C1,2
CCGCATGTGGTACGAT-1_V12D07-075_C1,2
CCGCCGGTCAACACAC-1_V12D07-075_C1,3
CCGCCGTTGAGGATAA-1_V12D07-075_C1,3
CCGCCTGCGAATTGGT-1_V12D07-075_C1,3
CCGCGATTTGGTAGGT-1_V12D07-075_C1,2
CCGCGGAATGCGTCAC-1_V12D07-075_C1,2
CCGCTATCAGCACCAG-1_V12D07-075_C1,2
CCGCTCTTCCGAACTA-1_V12D07-075_C1,2
CCGCTGGTGCCATTCA-1_V12D07-075_C1,3
CCGCTTACCTCACTCT-1_V12D07-075_C1,2
CCGCTTGCTGACATGG-1_V12D07-075_C1,4
CCGGAAGTTATCAGTC-1_V12D07-075_C1,3
CCGGAATGGTTTCAGT-1_V12D07-075_C1,2
CCGGAGCGTACTTTCT-1_V12D07-075_C1,2
CCGGAGGTCTTATGGT-1_V12D07-075_C1,3
CCGGCACGACCGTTTC-1_V12D07-075_C1,3
CCGGCGCATATTGGAT-1_V12D07-075_C1,3
CCGGGACCCGCAGAGA-1_V12D07-075_C1,3
CCGGGCGGTCTCGTCA-1_V12D07-075_C1,2
CCGGGCTGCTCCATAC-1_V12D07-075_C1,2
CCGGGTTCGAGGTTAC-1_V12D07-075_C1,2
CCGGTAATGGCTAGTC-1_V12D07-075_C1,3
CCGGTGCGAGTGATAG-1_V12D07-075_C1,2
CCGGTTTGTAATTGTG-1_V12D07-075_C1,2
CCGTAAGTTGGTCCCA-1_V12D07-075_C1,2
CCGTACCCAAGCGCCA-1_V12D07-075_C1,3
CCGTAGGAAATCCCTG-1_V12D07-075_C1,2
CCGTAGGGTTGTTTAC-1_V12D07-075_C1,2
CCGTATTAGCGCAGTT-1_V12D07-075_C1,3
CCGTGAGGCATTCATG-1_V12D07-075_C1,3
CCGTGCCCATGACGGC-1_V12D07-075_C1,3
CCGTGGAACGATCCAA-1_V12D07-075_C1,3
CCGTGTTAAATTCCAT-1_V12D07-075_C1,2
CCGTTACGTTAGAACA-1_V12D07-075_C1,3
CCGTTCCGAATCTCGG-1_V12D07-075_C1,2
CCTAAAGGCTGACGCT-1_V12D07-075_C1,3
CCTAAATTAACGGTTC-1_V12D07-075_C1,2
CCTAAATTGTATCCTA-1_V12D07-075_C1,2
CCTAACCCAAACAAGT-1_V12D07-075_C1,2
CCTAACTAAGGCTCTA-1_V12D07-075_C1,3
CCTACAAGTCCGGAAT-1_V12D07-075_C1,3
CCTACTCAACACGATT-1_V12D07-075_C1,2
CCTACTGCTTACACTT-1_V12D07-075_C1,2
CCTAGGCGTAGCGATC-1_V12D07-075_C1,2
CCTATAATGAGTGCCC-1_V12D07-075_C1,2
CCTATACCGTCCTGTC-1_V12D07-075_C1,2
CCTATATTTGTCCTGG-1_V12D07-075_C1,2
CCTATCTATATCGGAA-1_V12D07-075_C1,3
CCTATGAAGTGGTGCC-1_V12D07-075_C1,3
CCTATGGGTTACCGTC-1_V12D07-075_C1,2
CCTATGGTCAAAGCTG-1_V12D07-075_C1,2
CCTATGTCCACTCCAC-1_V12D07-075_C1,2
CCTCACCAATCTTGAC-1_V12D07-075_C1,2
CCTCACCTGAGGGAGC-1_V12D07-075_C1,2
CCTCACCTTAGCATCG-1_V12D07-075_C1,2
CCTCACGTCAGCTAAT-1_V12D07-075_C1,2
CCTCATGCAGCTACGA-1_V12D07-075_C1,3
CCTCCCGACAATCCCT-1_V12D07-075_C1,3
CCTCCGACAATTCAAG-1_V12D07-075_C1,2
CCTCCTGAGCCCACAT-1_V12D07-075_C1,2
CCTCCTGTTGTGTCGT-1_V12D07-075_C1,2
CCTCGAAGTGGACGGG-1_V12D07-075_C1,3
CCTCGCCAGCAAATTA-1_V12D07-075_C1,3
CCTCGCGCGATATAGG-1_V12D07-075_C1,3
CCTCGCGCTGTGCGAT-1_V12D07-075_C1,2
CCTCGGACCGGGATAG-1_V12D07-075_C1,2
CCTCGGATGCTACCTG-1_V12D07-075_C1,2
CCTCGTTACGCCTGTT-1_V12D07-075_C1,4
CCTCTAATCTGCCAAG-1_V12D07-075_C1,2
CCTCTCTCCCATCTAG-1_V12D07-075_C1,2
CCTCTGGCCTAGACGG-1_V12D07-075_C1,3
CCTCTGTACTATTCTA-1_V12D07-075_C1,2
CCTGAACGATATATTC-1_V12D07-075_C1,2
CCTGAATATTTACATA-1_V12D07-075_C1,2
CCTGACAAACTCGCGC-1_V12D07-075_C1,2
CCTGACCACCGATGGT-1_V12D07-075_C1,2
CCTGCCCGTTGTCTAG-1_V12D07-075_C1,2
CCTGCGATAGAACTGT-1_V12D07-075_C1,2
CCTGCGTTCTACGCTT-1_V12D07-075_C1,1
CCTGCTATTTGAGAAG-1_V12D07-075_C1,3
CCTGGAAACGTTCTGC-1_V12D07-075_C1,3
CCTGGCTAGACCCGCC-1_V12D07-075_C1,2
CCTGGTCGAATGTGGG-1_V12D07-075_C1,2
CCTGTAAGACATGATA-1_V12D07-075_C1,2
CCTGTACTCACGCCCA-1_V12D07-075_C1,2
CCTGTCACCCGGGCTC-1_V12D07-075_C1,2
CCTGTCCCTCACGTTA-1_V12D07-075_C1,3
CCTGTCGCCCGTAAAT-1_V12D07-075_C1,2
CCTGTGAAACCGTAAC-1_V12D07-075_C1,2
CCTGTTTGAAGACACG-1_V12D07-075_C1,2
CCTTCAGTTAAAGTGA-1_V12D07-075_C1,2
CCTTCGTATAGAATCC-1_V12D07-075_C1,2
CCTTCTTGATCCAGTG-1_V12D07-075_C1,3
CCTTGACCACTTTATT-1_V12D07-075_C1,2
CCTTTAAGGGAGCACT-1_V12D07-075_C1,2
CCTTTCAATGAAGAAA-1_V12D07-075_C1,2
CGAAACATAGATGGCA-1_V12D07-075_C1,3
CGAAACGCAATTCATG-1_V12D07-075_C1,2
CGAACAGTATGGGCGT-1_V12D07-075_C1,2
CGAACATAGTCAGAAA-1_V12D07-075_C1,3
CGAACCCGCATGCGTC-1_V12D07-075_C1,2
CGAACGCCCAGTGCCG-1_V12D07-075_C1,3
CGAAGACGGTGAGTGC-1_V12D07-075_C1,2
CGAAGCTATAAATTCA-1_V12D07-075_C1,3
CGAAGTTGCTCTGTGT-1_V12D07-075_C1,2
CGAATGACGCATAATG-1_V12D07-075_C1,2
CGAATTCCCGGTTCAA-1_V12D07-075_C1,2
CGACAATTTGATCTAA-1_V12D07-075_C1,2
CGACACCGCTTAAGGA-1_V12D07-075_C1,3
CGACACGCTCCGACAG-1_V12D07-075_C1,2
CGACAGTTCGCGTTAT-1_V12D07-075_C1,2
CGACATGCGATCTTCT-1_V12D07-075_C1,3
CGACTCAGGATGTTAT-1_V12D07-075_C1,3
CGACTTTGTATAGCCT-1_V12D07-075_C1,3
CGAGACCCTAGAGTGT-1_V12D07-075_C1,2
CGAGACTACTGCTGCT-1_V12D07-075_C1,2
CGAGAGATGTGAACCT-1_V12D07-075_C1,2
CGAGAGCTTTCACTAC-1_V12D07-075_C1,2
CGAGAGGGTAGCCGCG-1_V12D07-075_C1,2
CGAGATTTCGCTCGGG-1_V12D07-075_C1,3
CGAGCACTTCAAGTTT-1_V12D07-075_C1,2
CGAGCCGAGCACTCGA-1_V12D07-075_C1,2
CGAGCGTTGATCAGCC-1_V12D07-075_C1,3
CGAGCTGGGCTTTAGG-1_V12D07-075_C1,3
CGAGGAGCTTCCATAT-1_V12D07-075_C1,4
CGAGGATCGGGAACGA-1_V12D07-075_C1,3
CGAGGCCAGGCATTGG-1_V12D07-075_C1,2
CGAGGCTAAATATGGC-1_V12D07-075_C1,2
CGAGGGACTGCGGTCG-1_V12D07-075_C1,2
CGAGGGTATCCAGGTG-1_V12D07-075_C1,2
CGAGTACTAAAGAGGA-1_V12D07-075_C1,2
CGAGTGCTATAGTTCG-1_V12D07-075_C1,3
CGAGTTCTGTCCCACC-1_V12D07-075_C1,2
CGAGTTTATCGGACTG-1_V12D07-075_C1,2
CGATAATACTCAGGTT-1_V12D07-075_C1,3
CGATACCTCGCGGACA-1_V12D07-075_C1,2
CGATAGTCGTACTGCA-1_V12D07-075_C1,2
CGATATTAGCCGCAGG-1_V12D07-075_C1,3
CGATCCGACCCAGTGC-1_V12D07-075_C1,2
CGATGGACCCTACGCC-1_V12D07-075_C1,2
CGATTAAATATCTCCT-1_V12D07-075_C1,2
CGATTCGCCTGGCTGC-1_V12D07-075_C1,2
CGCAAACACGAGTTAC-1_V12D07-075_C1,2
CGCAATCGATCATTAG-1_V12D07-075_C1,2
CGCAATTACTTTCGGT-1_V12D07-075_C1,2
CGCAATTAGGGTAATA-1_V12D07-075_C1,2
CGCACATGTCCACTAC-1_V12D07-075_C1,2
CGCACGTGCGCTATCA-1_V12D07-075_C1,2
CGCAGAAACATTTGCG-1_V12D07-075_C1,3
CGCAGATCTTCACCCG-1_V12D07-075_C1,4
CGCAGGCGATCCAAAC-1_V12D07-075_C1,2
CGCATCATGGCTTCAG-1_V12D07-075_C1,3
CGCATCCATCAGCCAG-1_V12D07-075_C1,3
CGCATGCCGAATGCGT-1_V12D07-075_C1,2
CGCATGGTGCGATGCT-1_V12D07-075_C1,2
CGCATTAGCTAATAGG-1_V12D07-075_C1,2
CGCCAAGAAGCCGAGT-1_V12D07-075_C1,2
CGCCAATTATTGCGTT-1_V12D07-075_C1,2
CGCCACCCGCATTAAC-1_V12D07-075_C1,1
CGCCATCCGATTATGA-1_V12D07-075_C1,3
CGCCCAGCACGCCTAG-1_V12D07-075_C1,2
CGCCCAGCGTTTCACG-1_V12D07-075_C1,2
CGCCCGCTTCCGTACA-1_V12D07-075_C1,3
CGCCCTTGAAGGCTGA-1_V12D07-075_C1,2
CGCCGACTATTCGCTA-1_V12D07-075_C1,2
CGCCGCCCATGCCTGT-1_V12D07-075_C1,2
CGCCGTCTACCCATCG-1_V12D07-075_C1,3
CGCCGTTCAGCATAGT-1_V12D07-075_C1,2
CGCCTCCCTCCTCTAT-1_V12D07-075_C1,2
CGCCTGGCCTACGTAA-1_V12D07-075_C1,2
CGCCTTTAGCATGCTC-1_V12D07-075_C1,3
CGCGAAGTGGCATACT-1_V12D07-075_C1,2
CGCGACACTGCGCAGC-1_V12D07-075_C1,2
CGCGACCGCGACAGAT-1_V12D07-075_C1,2
CGCGAGAGGGACTTGT-1_V12D07-075_C1,3
CGCGCATGTTTGATTG-1_V12D07-075_C1,2
CGCGCCCGACTTAATA-1_V12D07-075_C1,3
CGCGGCAGTATTACGG-1_V12D07-075_C1,2
CGCGGCTCAACTTGAA-1_V12D07-075_C1,2
CGCGGGAATTAGGCAG-1_V12D07-075_C1,2
CGCGGTAAGTCTAGCT-1_V12D07-075_C1,3
CGCGGTACGGTATACA-1_V12D07-075_C1,2
CGCGGTCACAAACCAA-1_V12D07-075_C1,3
CGCGTACATTCTGGAA-1_V12D07-075_C1,3
CGCGTTCATGAAATAC-1_V12D07-075_C1,2
CGCTACGGGACATTTA-1_V12D07-075_C1,2
CGCTAGAGACCGCTGC-1_V12D07-075_C1,2
CGCTATACCGCCCACT-1_V12D07-075_C1,3
CGCTATTCTTAGGCTC-1_V12D07-075_C1,2
CGCTCGACATAATGAT-1_V12D07-075_C1,2
CGCTCTCCGTAGATTA-1_V12D07-075_C1,2
CGCTGGTGACTACCCT-1_V12D07-075_C1,2
CGCTGTGACGCCGCAC-1_V12D07-075_C1,2
CGCTGTGTGGATGTTG-1_V12D07-075_C1,2
CGCTTAGTATTGATAC-1_V12D07-075_C1,2
CGCTTATTCCCGGTCG-1_V12D07-075_C1,2
CGCTTCCACTGAAATC-1_V12D07-075_C1,2
CGCTTCGGTCTAAGAC-1_V12D07-075_C1,2
CGCTTGGACGGATAGA-1_V12D07-075_C1,2
CGCTTTCATACCGGTG-1_V12D07-075_C1,3
CGCTTTCTTGCATTCG-1_V12D07-075_C1,2
CGGAAAGAATCAAACG-1_V12D07-075_C1,2
CGGAAAGCAAATGTGC-1_V12D07-075_C1,2
CGGAACGTAAACATAG-1_V12D07-075_C1,2
CGGAGCAATTTAATCG-1_V12D07-075_C1,2
CGGAGCATGGCGATCC-1_V12D07-075_C1,2
CGGAGCTTATAACACC-1_V12D07-075_C1,3
CGGAGTTTGAGAGACA-1_V12D07-075_C1,2
CGGATAAGCGGACATG-1_V12D07-075_C1,2
CGGATCCTCAAGGACT-1_V12D07-075_C1,2
CGGCAAACATCGTGCG-1_V12D07-075_C1,2
CGGCAATAAGATCGCC-1_V12D07-075_C1,2
CGGCACCGTTAGCGCC-1_V12D07-075_C1,3
CGGCACTCAAGAAAGT-1_V12D07-075_C1,3
CGGCAGGGTCGGGTTG-1_V12D07-075_C1,2
CGGCCACGCACAAAGT-1_V12D07-075_C1,2
CGGCCAGAGCGACCAT-1_V12D07-075_C1,2
CGGCCCAACCTGTAGT-1_V12D07-075_C1,3
CGGCCCAGGTATATCC-1_V12D07-075_C1,2
CGGCGCCATCAATCCC-1_V12D07-075_C1,2
CGGCTCTAAAGCTGCA-1_V12D07-075_C1,2
CGGCTCTTCGTCGAAC-1_V12D07-075_C1,3
CGGCTTTGTATGATAA-1_V12D07-075_C1,3
CGGGAATATAGTATAC-1_V12D07-075_C1,2
CGGGAATTTATGTAAA-1_V12D07-075_C1,2
CGGGAGCTTCAGTGTA-1_V12D07-075_C1,2
CGGGAGTATACCGCCG-1_V12D07-075_C1,2
CGGGATCAATGTAAGA-1_V12D07-075_C1,2
CGGGCAGCTAAACCGC-1_V12D07-075_C1,2
CGGGCCATAGCCGCAC-1_V12D07-075_C1,3
CGGGCCTTCTTTGTAA-1_V12D07-075_C1,2
CGGGCGATGGATCACG-1_V12D07-075_C1,2
CGGGTGTACCCATTTA-1_V12D07-075_C1,2
CGGGTTCGGCACGTAT-1_V12D07-075_C1,4
CGGGTTTGTTAGGGCT-1_V12D07-075_C1,2
CGGTAGAGGTGCAGGT-1_V12D07-075_C1,3
CGGTATAGGTATTAGC-1_V12D07-075_C1,3
CGGTCAAGTGGGAACC-1_V12D07-075_C1,3
CGGTCAGTCCATATTT-1_V12D07-075_C1,2
CGGTCCATGAGACTCC-1_V12D07-075_C1,3
CGGTCCGTCGCAAGCC-1_V12D07-075_C1,2
CGGTCTATCAACCCGT-1_V12D07-075_C1,3
CGGTGAAGACTAAAGT-1_V12D07-075_C1,2
CGGTGCAGATAGAACG-1_V12D07-075_C1,2
CGGTGCGCGTTGGTCC-1_V12D07-075_C1,2
CGGTGGGCTCCAGCCT-1_V12D07-075_C1,3
CGGTGTACTTGATCCC-1_V12D07-075_C1,2
CGGTTATCCAACAGTG-1_V12D07-075_C1,2
CGGTTCAAGTAGGTGT-1_V12D07-075_C1,2
CGGTTCCGGCTTCTTG-1_V12D07-075_C1,3
CGGTTGACCTGGCATA-1_V12D07-075_C1,2
CGGTTGGGTTCAAGTT-1_V12D07-075_C1,3
CGGTTTATGAAGGAAC-1_V12D07-075_C1,3
CGTAACTTCGACACTT-1_V12D07-075_C1,2
CGTAATAATTACGAGT-1_V12D07-075_C1,2
CGTACCGAAAGTCTAG-1_V12D07-075_C1,3
CGTACCTGATAGGCCT-1_V12D07-075_C1,2
CGTAGCGAATTGTCAG-1_V12D07-075_C1,3
CGTAGCGCCGACGTTG-1_V12D07-075_C1,3
CGTATCTAGAACTAAG-1_V12D07-075_C1,2
CGTATTAAGAGATCTA-1_V12D07-075_C1,2
CGTCAAGGCTATAAAT-1_V12D07-075_C1,2
CGTCAATCTTTAACAT-1_V12D07-075_C1,2
CGTCACGTCCATTGGT-1_V12D07-075_C1,2
CGTCAGCTATTTACTC-1_V12D07-075_C1,2
CGTCAGTGCGCACAAG-1_V12D07-075_C1,3
CGTCCAGATGGCTCCA-1_V12D07-075_C1,2
CGTCCTCATCGCGTGC-1_V12D07-075_C1,2
CGTCGCATGTGAGCCA-1_V12D07-075_C1,2
CGTCGGATAGTGTTGA-1_V12D07-075_C1,2
CGTCGTCCTTCGCGAA-1_V12D07-075_C1,2
CGTCTGGAAGGGCCCG-1_V12D07-075_C1,3
CGTCTTGAGTGTGACG-1_V12D07-075_C1,3
CGTGAAGTTAATTCAC-1_V12D07-075_C1,2
CGTGACATTGGGTCGT-1_V12D07-075_C1,3
CGTGACCAGTCCTCTG-1_V12D07-075_C1,2
CGTGCAGACTGGGACA-1_V12D07-075_C1,2
CGTGCATTGTCGACGC-1_V12D07-075_C1,2
CGTGCCCTCCCGAAGA-1_V12D07-075_C1,2
CGTGCTGGCCTAGTCG-1_V12D07-075_C1,2
CGTGGAAGCCTCGTAC-1_V12D07-075_C1,3
CGTGGCCGAATATCTA-1_V12D07-075_C1,2
CGTGTATGGGAGCTGA-1_V12D07-075_C1,2
CGTGTCCCATTCGCGA-1_V12D07-075_C1,2
CGTGTGTTAAACCCTG-1_V12D07-075_C1,3
CGTTAAACTAGTTAGG-1_V12D07-075_C1,2
CGTTAATGTCCCGACG-1_V12D07-075_C1,2
CGTTAGCTCACAACTG-1_V12D07-075_C1,3
CGTTCAGACCCGCGAA-1_V12D07-075_C1,2
CGTTCTTCGCACACCT-1_V12D07-075_C1,3
CGTTGAATACCGCGCT-1_V12D07-075_C1,2
CGTTGAGCGACCGTCG-1_V12D07-075_C1,2
CGTTGAGTAATTGCGT-1_V12D07-075_C1,3
CGTTGCCCGCGTGGGA-1_V12D07-075_C1,2
CGTTGTAAGATTGATT-1_V12D07-075_C1,3
CGTTGTCGGCAATTGA-1_V12D07-075_C1,2
CGTTGTTTCAATTCCC-1_V12D07-075_C1,2
CGTTTAAGCGGAGCAC-1_V12D07-075_C1,3
CGTTTACAAGGCAGCT-1_V12D07-075_C1,3
CGTTTCACTTCGGGCG-1_V12D07-075_C1,3
CGTTTCGCTCATTACA-1_V12D07-075_C1,2
CGTTTGGTGTTGTGGG-1_V12D07-075_C1,2
CGTTTGTGTAGAGGGT-1_V12D07-075_C1,2
CTAAAGAATGCCTACT-1_V12D07-075_C1,2
CTAAAGGGAAATAGGA-1_V12D07-075_C1,2
CTAAATCCTATTCCGG-1_V12D07-075_C1,2
CTAACCGCGCGCCCGT-1_V12D07-075_C1,2
CTAACGAAACTTGCTG-1_V12D07-075_C1,2
CTAACTGATAATCGCC-1_V12D07-075_C1,2
CTAACTGGTCCGGTTC-1_V12D07-075_C1,2
CTAAGGGAATGATTGG-1_V12D07-075_C1,2
CTAAGTACAGGGCTAC-1_V12D07-075_C1,3
CTAATTCGCACGCGCT-1_V12D07-075_C1,2
CTAATTCTCAGATATT-1_V12D07-075_C1,2
CTAATTTCAACAACAC-1_V12D07-075_C1,2
CTACACTCGCAGATGG-1_V12D07-075_C1,2
CTACCCTAAGGTCATA-1_V12D07-075_C1,2
CTACGACTAGCTATAA-1_V12D07-075_C1,2
CTACGCACGGAGTACC-1_V12D07-075_C1,2
CTACGCCATTTCCGAT-1_V12D07-075_C1,3
CTACGTGTTGCCACCA-1_V12D07-075_C1,1
CTACTATCTTTCAGAG-1_V12D07-075_C1,2
CTACTCAAGGTATAGT-1_V12D07-075_C1,2
CTACTCTAGGCCCGGC-1_V12D07-075_C1,2
CTACTGCCACCTGACC-1_V12D07-075_C1,2
CTAGACATATATGTAG-1_V12D07-075_C1,3
CTAGACTGCATTTCGT-1_V12D07-075_C1,3
CTAGATAAACTCCTCG-1_V12D07-075_C1,2
CTAGATGTGAGTGTAA-1_V12D07-075_C1,3
CTAGATTTACGACGGC-1_V12D07-075_C1,2
CTAGCATAGTATAATG-1_V12D07-075_C1,2
CTAGCCACAGGCGAGC-1_V12D07-075_C1,2
CTAGCCGATGTTATGA-1_V12D07-075_C1,3
CTAGCTTAATGGTCCC-1_V12D07-075_C1,3
CTAGGCGCCCTATCAG-1_V12D07-075_C1,2
CTAGGTCTGAAGGAAT-1_V12D07-075_C1,2
CTAGGTTCGGACGTGA-1_V12D07-075_C1,2
CTAGTAGAAAGGGATT-1_V12D07-075_C1,2
CTAGTATTCGGAATTA-1_V12D07-075_C1,3
CTAGTCACGTCTTAAG-1_V12D07-075_C1,2
CTAGTGAAGGACAGGA-1_V12D07-075_C1,2
CTAGTTACAACCCGGT-1_V12D07-075_C1,2
CTAGTTGGGCCCGGTA-1_V12D07-075_C1,2
CTATAAGAGCCAATCG-1_V12D07-075_C1,2
CTATCGACGAAATACA-1_V12D07-075_C1,2
CTATCGCGTAGAGAAC-1_V12D07-075_C1,2
CTATCGGGTCTCAACA-1_V12D07-075_C1,2
CTATGCCCGAATGCAA-1_V12D07-075_C1,2
CTATGGGAAGCGGAAT-1_V12D07-075_C1,2
CTATGTCACTAGCCCA-1_V12D07-075_C1,2
CTATGTCTATTGAAAC-1_V12D07-075_C1,3
CTATTCATGTGTCCCA-1_V12D07-075_C1,2
CTATTGTGTTTGGTCA-1_V12D07-075_C1,3
CTATTTGCTTGGAGGA-1_V12D07-075_C1,2
CTATTTGGTTACGGAT-1_V12D07-075_C1,2
CTCAACTAACCCGGAT-1_V12D07-075_C1,2
CTCAAGACATTAGCGC-1_V12D07-075_C1,3
CTCACATTTACTAAAT-1_V12D07-075_C1,2
CTCACCAGTACAAGTG-1_V12D07-075_C1,2
CTCACCGATCCAAACT-1_V12D07-075_C1,3
CTCACTGTGATACTTA-1_V12D07-075_C1,2
CTCACTTGGCTGGTAA-1_V12D07-075_C1,2
CTCAGGACTCACCTGT-1_V12D07-075_C1,1
CTCAGTCACGACAAAT-1_V12D07-075_C1,2
CTCATCACTTAGTGAT-1_V12D07-075_C1,3
CTCATGGCTCACAATC-1_V12D07-075_C1,3
CTCATTCGTGAACATC-1_V12D07-075_C1,2
CTCATTGCTCTAACAA-1_V12D07-075_C1,2
CTCATTTGATGGGCGG-1_V12D07-075_C1,2
CTCCCAATGAGTCGCG-1_V12D07-075_C1,2
CTCCGCCCACATGAGG-1_V12D07-075_C1,2
CTCCGGCCTAATATGC-1_V12D07-075_C1,3
CTCCGGCTTGTAGACA-1_V12D07-075_C1,2
CTCCTCCAGCTCACAC-1_V12D07-075_C1,2
CTCCTGTTCAAGGCAG-1_V12D07-075_C1,2
CTCCTTTACGCAAGTC-1_V12D07-075_C1,3
CTCGAATGGAACGTAT-1_V12D07-075_C1,3
CTCGAGATCCAAAGCA-1_V12D07-075_C1,2
CTCGAGGTCGAACAGT-1_V12D07-075_C1,2
CTCGATATTTGCGAGC-1_V12D07-075_C1,3
CTCGCACCTATATAGT-1_V12D07-075_C1,2
CTCGCCGAATGTAGGG-1_V12D07-075_C1,2
CTCGCTAGGTAAGCGA-1_V12D07-075_C1,2
CTCGGGATAACACCTA-1_V12D07-075_C1,3
CTCGGTACCACTGCTC-1_V12D07-075_C1,2
CTCGTCTGTGCCTTCG-1_V12D07-075_C1,2
CTCGTTTCTAATGTTT-1_V12D07-075_C1,3
CTCTAATGCATTGATC-1_V12D07-075_C1,3
CTCTAGCCCTCGGAAA-1_V12D07-075_C1,2
CTCTATTTGGCTGCAG-1_V12D07-075_C1,2
CTCTCACAATCGATGA-1_V12D07-075_C1,2
CTCTCGCTGTACTATG-1_V12D07-075_C1,2
CTCTGCGAAGCAAGCA-1_V12D07-075_C1,3
CTCTGGACGCCTGGTG-1_V12D07-075_C1,2
CTCTGTTTGAGGATTC-1_V12D07-075_C1,3
CTCTTCTATTGACTGG-1_V12D07-075_C1,2
CTCTTGTCCCGCTTGG-1_V12D07-075_C1,2
CTGAAACGGCCCTCAG-1_V12D07-075_C1,3
CTGAAAGAGATCCGAC-1_V12D07-075_C1,3
CTGAATCCGAGACCTC-1_V12D07-075_C1,2
CTGAATTTATTGCCAG-1_V12D07-075_C1,3
CTGACATAGAAATAGA-1_V12D07-075_C1,3
CTGACTGCGCAGCTCG-1_V12D07-075_C1,2
CTGAGAAAGTTCGGCG-1_V12D07-075_C1,3
CTGAGAGTAGAAATAC-1_V12D07-075_C1,2
CTGAGCAAGTAACAAG-1_V12D07-075_C1,2
CTGAGCGAGACTTATT-1_V12D07-075_C1,3
CTGCAAGCACGTTCCG-1_V12D07-075_C1,2
CTGCACAACTACATAT-1_V12D07-075_C1,2
CTGCACCTAGTCCACA-1_V12D07-075_C1,3
CTGCACCTGGAACCGC-1_V12D07-075_C1,3
CTGCACTCCAGTACAG-1_V12D07-075_C1,2
CTGCAGAGAATCAGAG-1_V12D07-075_C1,2
CTGCAGGTGCTCGGCC-1_V12D07-075_C1,2
CTGCCAAGGTTGGAAG-1_V12D07-075_C1,3
CTGCCATGCATCACAT-1_V12D07-075_C1,2
CTGCCCACGAAGCGTT-1_V12D07-075_C1,2
CTGCCTCATATGCAAC-1_V12D07-075_C1,3
CTGCCTTTCTAGTAAA-1_V12D07-075_C1,2
CTGCGGTAGTCACGTG-1_V12D07-075_C1,3
CTGCGTTACGATATAA-1_V12D07-075_C1,3
CTGCTGAGGCCACGAA-1_V12D07-075_C1,2
CTGCTGTCTAACGAGC-1_V12D07-075_C1,3
CTGCTTGGCGATAGCT-1_V12D07-075_C1,2
CTGCTTTATGTCCGCG-1_V12D07-075_C1,3
CTGGAAATGGATGCTT-1_V12D07-075_C1,2
CTGGAAGACACGGTGG-1_V12D07-075_C1,2
CTGGATTTACACTTGA-1_V12D07-075_C1,2
CTGGCGACATAAGTCC-1_V12D07-075_C1,3
CTGGCGCACAGGTCTG-1_V12D07-075_C1,2
CTGGCGGGAATAAGTA-1_V12D07-075_C1,2
CTGGCTCCTGCGGGAT-1_V12D07-075_C1,2
CTGGCTGATTCATCCT-1_V12D07-075_C1,2
CTGGCTGGTTGTCAGT-1_V12D07-075_C1,2
CTGGGATAAATAATGG-1_V12D07-075_C1,2
CTGGGATACGCTACCC-1_V12D07-075_C1,3
CTGGGCCTGCTATATC-1_V12D07-075_C1,2
CTGGGCTATCCTTTGG-1_V12D07-075_C1,3
CTGGGTAGGCAGTTAA-1_V12D07-075_C1,2
CTGGTAAAGACTTACA-1_V12D07-075_C1,2
CTGGTAAAGTGTGGGC-1_V12D07-075_C1,2
CTGGTAACACATAGAA-1_V12D07-075_C1,2
CTGGTAACGAGCTCTT-1_V12D07-075_C1,2
CTGGTCATTCCAATCC-1_V12D07-075_C1,1
CTGGTCCTAACTTGGC-1_V12D07-075_C1,3
CTGGTTCAACGCATCA-1_V12D07-075_C1,3
CTGGTTCGCGAGCTAC-1_V12D07-075_C1,3
CTGGTTTCGAGCAAGA-1_V12D07-075_C1,2
CTGTACTTCTTAGCAT-1_V12D07-075_C1,2
CTGTAGCCATCTCACT-1_V12D07-075_C1,2
CTGTATGGTGTAGAAA-1_V12D07-075_C1,2
CTGTCAAATGGCTCGG-1_V12D07-075_C1,3
CTGTCACGCCAGGCGC-1_V12D07-075_C1,3
CTGTCTGTGGCTGGCT-1_V12D07-075_C1,2
CTGTGCAGGGTAGGTC-1_V12D07-075_C1,2
CTGTGGTCGGGAGATA-1_V12D07-075_C1,2
CTGTTACCCAATCTAG-1_V12D07-075_C1,2
CTGTTCACTGCCTGTG-1_V12D07-075_C1,3
CTGTTCATCTCACGGG-1_V12D07-075_C1,2
CTGTTGGCTCTTCTGA-1_V12D07-075_C1,2
CTTAAATAAGACCCAT-1_V12D07-075_C1,2
CTTAACTTACAGTATA-1_V12D07-075_C1,2
CTTAACTTCGAAGTAC-1_V12D07-075_C1,3
CTTACACGGTATTCCA-1_V12D07-075_C1,2
CTTACACTGGGAAATA-1_V12D07-075_C1,3
CTTACTGACTCCTCTG-1_V12D07-075_C1,2
CTTAGCCTTCCACATG-1_V12D07-075_C1,3
CTTAGTAGGCCTACAG-1_V12D07-075_C1,3
CTTAGTGTAGTAGCAT-1_V12D07-075_C1,2
CTTATAGATGGCTGTT-1_V12D07-075_C1,2
CTTCAACTCCACTTGG-1_V12D07-075_C1,2
CTTCATAGCTCAAGAA-1_V12D07-075_C1,2
CTTCATTGTCAGTGGA-1_V12D07-075_C1,2
CTTCCGCTCCGTGAAG-1_V12D07-075_C1,2
CTTCGATTGCGCAAGC-1_V12D07-075_C1,2
CTTCGGCCAATTGTTT-1_V12D07-075_C1,2
CTTCGTAGATAGGTGA-1_V12D07-075_C1,2
CTTCTATGTTGAAGTA-1_V12D07-075_C1,2
CTTCTATTAATGCTAG-1_V12D07-075_C1,2
CTTCTTACGTCGTATA-1_V12D07-075_C1,3
CTTGACCCGAAAGATA-1_V12D07-075_C1,3
CTTGAGGTTATCCCGA-1_V12D07-075_C1,3
CTTGAGTTAGGGTAAT-1_V12D07-075_C1,2
CTTGATGACCATCCAG-1_V12D07-075_C1,2
CTTGCCCACCCACGCA-1_V12D07-075_C1,2
CTTGCCCAGGCTCTAC-1_V12D07-075_C1,2
CTTGGCCAAGCTGGGA-1_V12D07-075_C1,2
CTTGTACTTGTTGACT-1_V12D07-075_C1,3
CTTGTCAACATTCGAG-1_V12D07-075_C1,2
CTTGTGAGGACAGCGG-1_V12D07-075_C1,2
CTTGTGAGTCTTTGAC-1_V12D07-075_C1,3
CTTGTGCTCACCGATT-1_V12D07-075_C1,3
CTTGTTGCTGAGTCAA-1_V12D07-075_C1,2
CTTGTTTATGTAGCCA-1_V12D07-075_C1,1
CTTTAACTTTCAAAGG-1_V12D07-075_C1,2
CTTTAATATTGGTCGA-1_V12D07-075_C1,2
CTTTAGGAACACTGTT-1_V12D07-075_C1,2
CTTTAGTGCTATTATT-1_V12D07-075_C1,2
CTTTCTGTGCGGGCTT-1_V12D07-075_C1,2
CTTTGCATCGCTCTTG-1_V12D07-075_C1,2
CTTTGCTGTCATGGAT-1_V12D07-075_C1,3
CTTTGGCAGACAGAGT-1_V12D07-075_C1,3
CTTTGGCGCTTTATAC-1_V12D07-075_C1,1
CTTTGGCTTTAGTAAA-1_V12D07-075_C1,2
CTTTGGGATTGTTGCA-1_V12D07-075_C1,2
GAAACAGATGACCACC-1_V12D07-075_C1,2
GAAACAGCCATGCAGT-1_V12D07-075_C1,3
GAAACCATGGTGCGCT-1_V12D07-075_C1,3
GAAACCGAATTACCTT-1_V12D07-075_C1,2
GAAACCTATACAAATG-1_V12D07-075_C1,2
GAAACTCGTGCGATGC-1_V12D07-075_C1,2
GAAAGAACAGCGTTAT-1_V12D07-075_C1,2
GAAAGCAGTGCACTTT-1_V12D07-075_C1,2
GAAAGCCCTTTGGACC-1_V12D07-075_C1,1
GAAAGTGACTAACTGC-1_V12D07-075_C1,2
GAAATACCTGCTGGCT-1_V12D07-075_C1,3
GAAATATCACCATCAG-1_V12D07-075_C1,1
GAAATATGCTTGAATG-1_V12D07-075_C1,3
GAAATCGCGCGCAACT-1_V12D07-075_C1,3
GAAATCTGACCAAGTT-1_V12D07-075_C1,2
GAAATGGCGGTGTTAG-1_V12D07-075_C1,2
GAAATGGGATGTAAAC-1_V12D07-075_C1,2
GAAATTAGCACGGATA-1_V12D07-075_C1,3
GAAATTCACATCGCTG-1_V12D07-075_C1,3
GAAATTGTCTCTATAA-1_V12D07-075_C1,2
GAACAACTGGGATGAA-1_V12D07-075_C1,2
GAACACACATCAACCA-1_V12D07-075_C1,3
GAACAGATTACTAAAT-1_V12D07-075_C1,2
GAACCCTCTGTGTTCT-1_V12D07-075_C1,2
GAACCTCGACCTACAC-1_V12D07-075_C1,2
GAACCTTTAACGATCC-1_V12D07-075_C1,2
GAACGACCGAATGATA-1_V12D07-075_C1,3
GAACGATAAGTTAAAG-1_V12D07-075_C1,3
GAACGCGGGTCACACG-1_V12D07-075_C1,2
GAACGTCTCATGGTCG-1_V12D07-075_C1,2
GAACGTTAGGAAGACG-1_V12D07-075_C1,1
GAACTGTGGAGAGACA-1_V12D07-075_C1,2
GAACTTAGCGCCCGGT-1_V12D07-075_C1,3
GAAGAACGGTGCAGGT-1_V12D07-075_C1,3
GAAGCCACTGATTATG-1_V12D07-075_C1,2
GAAGCCGGGTAAGCTC-1_V12D07-075_C1,2
GAAGCCTGCACATTCC-1_V12D07-075_C1,2
GAAGCGTGAGGAATTT-1_V12D07-075_C1,2
GAAGCTCTTTGCTTAG-1_V12D07-075_C1,2
GAAGCTTGCTGACCGC-1_V12D07-075_C1,2
GAAGGAGTCGAGTGCG-1_V12D07-075_C1,2
GAAGGCTACCATTGTT-1_V12D07-075_C1,4
GAAGGGCATAACCATG-1_V12D07-075_C1,2
GAAGTCAGTTGCACTA-1_V12D07-075_C1,2
GAAGTCTCCCTAGCGA-1_V12D07-075_C1,2
GAAGTGATTTATCGTG-1_V12D07-075_C1,2
GAAGTGCTGGATAGCT-1_V12D07-075_C1,3
GAAGTTTCCACTCAAT-1_V12D07-075_C1,2
GAATAGACGCGACCCA-1_V12D07-075_C1,2
GAATAGCATTTAGGGT-1_V12D07-075_C1,3
GAATAGCCCTGCGGTC-1_V12D07-075_C1,3
GAATATTCGGAGTCCC-1_V12D07-075_C1,3
GAATCGACATGGTCAC-1_V12D07-075_C1,2
GAATCGCCGGACACGG-1_V12D07-075_C1,3
GAATCTGAACATTCTC-1_V12D07-075_C1,2
GAATGAAGGTCTTCAG-1_V12D07-075_C1,3
GAATGCGAATCGGTTC-1_V12D07-075_C1,2
GAATGGGCTTATCGAC-1_V12D07-075_C1,2
GAATGTATGGCAGGTC-1_V12D07-075_C1,3
GAATGTGGTCCGGATT-1_V12D07-075_C1,2
GAATGTTGGGTAATCT-1_V12D07-075_C1,2
GAATTATAGTGAAAGG-1_V12D07-075_C1,2
GAATTCACCCGGGTGT-1_V12D07-075_C1,2
GACAAACATATGCAGG-1_V12D07-075_C1,2
GACAACGACCATTGAA-1_V12D07-075_C1,3
GACAACGCAGCTTACG-1_V12D07-075_C1,3
GACAAGACGCCCGTGC-1_V12D07-075_C1,2
GACAAGAGATGAGATT-1_V12D07-075_C1,2
GACACAAGGGAAGAAA-1_V12D07-075_C1,2
GACACAGCCGGGACTG-1_V12D07-075_C1,2
GACACGAGTTAGAGGA-1_V12D07-075_C1,1
GACACTGAGTTCAGTG-1_V12D07-075_C1,2
GACACTGGAACCCGAT-1_V12D07-075_C1,2
GACACTTCCAATTACC-1_V12D07-075_C1,2
GACAGCCAGACCTGAC-1_V12D07-075_C1,2
GACAGGCACACACTAT-1_V12D07-075_C1,2
GACATCCGTCGAACTG-1_V12D07-075_C1,2
GACATCGATTTATAAC-1_V12D07-075_C1,2
GACCAAACGTTGACTG-1_V12D07-075_C1,2
GACCACACTTCCCTTT-1_V12D07-075_C1,2
GACCAGAGCCCTGTAG-1_V12D07-075_C1,2
GACCCGTCGCCGGCTA-1_V12D07-075_C1,3
GACCGACGTGAAAGCA-1_V12D07-075_C1,3
GACCGACTGAAGCGTC-1_V12D07-075_C1,1
GACCGCGTCTGACGTG-1_V12D07-075_C1,2
GACCGTCAGGTCGTGA-1_V12D07-075_C1,3
GACCGTGCTGACGGTG-1_V12D07-075_C1,2
GACCGTTACATGCGAC-1_V12D07-075_C1,2
GACCTGGTCTGGGCGT-1_V12D07-075_C1,2
GACCTTCCACGTCTAC-1_V12D07-075_C1,2
GACGACGATCCGCGTT-1_V12D07-075_C1,2
GACGAGGCTAATAAAC-1_V12D07-075_C1,2
GACGCCGTAAAGGCTA-1_V12D07-075_C1,2
GACGCCTGTTGCAGGG-1_V12D07-075_C1,3
GACGCTTGCTTCTAAA-1_V12D07-075_C1,2
GACGGGTTGGCCCGTA-1_V12D07-075_C1,2
GACGGTCAATAGAAGC-1_V12D07-075_C1,2
GACGGTCCTAGGGTGT-1_V12D07-075_C1,3
GACGTGAGACTCCATG-1_V12D07-075_C1,3
GACGTTCGTAAATACA-1_V12D07-075_C1,4
GACTAACACAGCACCT-1_V12D07-075_C1,3
GACTAAGATCATGCAC-1_V12D07-075_C1,3
GACTAAGTAGGCTCAC-1_V12D07-075_C1,2
GACTACAATTGCTCGT-1_V12D07-075_C1,3
GACTAGGCCGTTAGGT-1_V12D07-075_C1,2
GACTCACCCACGTGAG-1_V12D07-075_C1,2
GACTCCCAGAATAAGG-1_V12D07-075_C1,3
GACTCGCGGGAATGAC-1_V12D07-075_C1,2
GACTCGGTCGGCGGAT-1_V12D07-075_C1,3
GACTGATTGGTCACAA-1_V12D07-075_C1,3
GACTGCAAATCGAGCT-1_V12D07-075_C1,2
GACTGCACCAGCCCAG-1_V12D07-075_C1,2
GACTGGGCGCCGCAAC-1_V12D07-075_C1,3
GAGAAACTGGATCCCA-1_V12D07-075_C1,2
GAGAATCTCACGATCA-1_V12D07-075_C1,2
GAGACCCTGCAACGCC-1_V12D07-075_C1,3
GAGACTGATGGGTAGA-1_V12D07-075_C1,2
GAGACTTCGCGACCGA-1_V12D07-075_C1,2
GAGAGCGCAGTCCCTG-1_V12D07-075_C1,2
GAGAGGCCTATGTGTA-1_V12D07-075_C1,2
GAGAGGGCGCGAGGTT-1_V12D07-075_C1,2
GAGAGGTGCATTCTGG-1_V12D07-075_C1,2
GAGATCTGCTTGGCAT-1_V12D07-075_C1,2
GAGATCTGTCACTCCG-1_V12D07-075_C1,2
GAGATCTTCCATGACA-1_V12D07-075_C1,2
GAGATGACAATCCTTA-1_V12D07-075_C1,3
GAGATGGCTTTAATCA-1_V12D07-075_C1,2
GAGATGGGAGTCGACA-1_V12D07-075_C1,2
GAGCACGGCGCCTCTT-1_V12D07-075_C1,3
GAGCATCATCCCTGGG-1_V12D07-075_C1,3
GAGCCACGGTAGTAGG-1_V12D07-075_C1,3
GAGCCAGCTACCTGTG-1_V12D07-075_C1,2
GAGCCGAGCGTTTATT-1_V12D07-075_C1,3
GAGCGAGGGAGTACCG-1_V12D07-075_C1,3
GAGCGCAAATACTCCG-1_V12D07-075_C1,2
GAGCGCGCACGAGTAG-1_V12D07-075_C1,2
GAGCGGAATGCGGTGT-1_V12D07-075_C1,2
GAGCTAAGGGCATATC-1_V12D07-075_C1,2
GAGCTCTCGGACCTAA-1_V12D07-075_C1,3
GAGCTGTCGTCTCGGA-1_V12D07-075_C1,3
GAGGAATGGAGAGGTT-1_V12D07-075_C1,2
GAGGAGATCCTCATGC-1_V12D07-075_C1,2
GAGGATAAACAGTGCT-1_V12D07-075_C1,3
GAGGCATTTGCAGCAG-1_V12D07-075_C1,3
GAGGCCTGTTGATACA-1_V12D07-075_C1,2
GAGGGCATCGCGTATC-1_V12D07-075_C1,3
GAGGGCGCAGCTCTGC-1_V12D07-075_C1,2
GAGGTACATCCATCTT-1_V12D07-075_C1,3
GAGGTACGCGTGTCCC-1_V12D07-075_C1,2
GAGGTCCCAAAGATCT-1_V12D07-075_C1,1
GAGTAAACCGGAAAGT-1_V12D07-075_C1,3
GAGTAAATTAAGAACC-1_V12D07-075_C1,2
GAGTAGATACTAGTTG-1_V12D07-075_C1,2
GAGTATCAAAGTTACA-1_V12D07-075_C1,2
GAGTATGCCCGCCTTG-1_V12D07-075_C1,2
GAGTATGCGCGTGCAT-1_V12D07-075_C1,2
GAGTCAGACCAGAATC-1_V12D07-075_C1,2
GAGTCCGCTTACCGGA-1_V12D07-075_C1,2
GAGTCGACAGACCCTC-1_V12D07-075_C1,2
GAGTGTCAACCAGAAA-1_V12D07-075_C1,2
GAGTGTGCGGTACCCA-1_V12D07-075_C1,2
GATAAATCGGTGGATG-1_V12D07-075_C1,3
GATAACTCGCACTGTG-1_V12D07-075_C1,2
GATAAGGCAGATGCAA-1_V12D07-075_C1,3
GATACCGTGTCGGAGT-1_V12D07-075_C1,3
GATACGATGGGAGTCA-1_V12D07-075_C1,2
GATAGAACCCGCTAGG-1_V12D07-075_C1,2
GATAGCGTACCACGCG-1_V12D07-075_C1,2
GATAGGATTAATTACA-1_V12D07-075_C1,3
GATAGGTAACGTTGAC-1_V12D07-075_C1,2
GATAGGTGTCCCGGGC-1_V12D07-075_C1,3
GATATCAGTATGTATC-1_V12D07-075_C1,2
GATATCTCATGCAATA-1_V12D07-075_C1,3
GATATGAGACACTAAC-1_V12D07-075_C1,2
GATATGCGGTAGCCAA-1_V12D07-075_C1,3
GATATTGAGATTGGCG-1_V12D07-075_C1,2
GATATTTCCTACATGG-1_V12D07-075_C1,3
GATCATTCCAAACATT-1_V12D07-075_C1,2
GATCCCTTTATACTGC-1_V12D07-075_C1,2
GATCCGAATATAAGTG-1_V12D07-075_C1,3
GATCCGGGAATTAACA-1_V12D07-075_C1,2
GATCCTAAATCGGGAC-1_V12D07-075_C1,2
GATCCTCTTGCGCTTA-1_V12D07-075_C1,3
GATCGACACTATCTGA-1_V12D07-075_C1,2
GATCGCGGGCTCTCCA-1_V12D07-075_C1,2
GATCGCTACCCGATTT-1_V12D07-075_C1,2
GATCGGCGATAAGTCG-1_V12D07-075_C1,2
GATCGGTGGCCATAAC-1_V12D07-075_C1,2
GATCGTGACTGATATC-1_V12D07-075_C1,2
GATCTCGACGCTGTGG-1_V12D07-075_C1,3
GATCTGCTATCTAAGG-1_V12D07-075_C1,2
GATCTTCATTGTCCTC-1_V12D07-075_C1,2
GATCTTGGAGGGCATA-1_V12D07-075_C1,2
GATCTTTGCAGGGTAT-1_V12D07-075_C1,2
GATCTTTGCTCAAAGA-1_V12D07-075_C1,3
GATGACGATGATCGCG-1_V12D07-075_C1,3
GATGAGGAACCTTCGG-1_V12D07-075_C1,2
GATGCGAATGGTATTA-1_V12D07-075_C1,2
GATGCGTCCTGCATTC-1_V12D07-075_C1,2
GATGCTACAAGCGCCT-1_V12D07-075_C1,3
GATGCTACCTTCGATG-1_V12D07-075_C1,2
GATGCTGTATTTCATC-1_V12D07-075_C1,2
GATGGCGCACACATTA-1_V12D07-075_C1,1
GATGGTGAAATAACCC-1_V12D07-075_C1,3
GATGGTGCCCTAGGCA-1_V12D07-075_C1,3
GATGTCCGGATCACAT-1_V12D07-075_C1,3
GATGTCGGTCAACTGC-1_V12D07-075_C1,3
GATGTGTTGTCACAAG-1_V12D07-075_C1,3
GATGTTCAATCCACGA-1_V12D07-075_C1,2
GATTAACCGAAAGCCC-1_V12D07-075_C1,2
GATTACTGAATTTGGG-1_V12D07-075_C1,2
GATTCCCTTGTCGCAG-1_V12D07-075_C1,2
GATTCCGCGTTTCCGT-1_V12D07-075_C1,3
GATTCCTATACGGCGC-1_V12D07-075_C1,2
GATTCGACGGTTCACG-1_V12D07-075_C1,2
GATTGACACTCTGCTC-1_V12D07-075_C1,3
GATTGGGAAAGGTTGT-1_V12D07-075_C1,2
GCAAACCCTACATTAT-1_V12D07-075_C1,2
GCAAACCTTGGCCATA-1_V12D07-075_C1,2
GCAAACGTCGCCAGGT-1_V12D07-075_C1,3
GCAAATATTACGCTTT-1_V12D07-075_C1,2
GCAAATGAGGACACTT-1_V12D07-075_C1,2
GCAACAGCAGTATGCG-1_V12D07-075_C1,2
GCAACCACCAGACCGG-1_V12D07-075_C1,3
GCAACCACGGCCGCGT-1_V12D07-075_C1,2
GCAACCCAAGTTGTTT-1_V12D07-075_C1,2
GCAACGGCTAGTTATG-1_V12D07-075_C1,3
GCAAGAATTCCTTGGC-1_V12D07-075_C1,2
GCAAGATGTGTTCGCG-1_V12D07-075_C1,3
GCAAGTGCACAGAGAA-1_V12D07-075_C1,2
GCAATTAGTCGCACCG-1_V12D07-075_C1,3
GCACAAACGAGGCGTG-1_V12D07-075_C1,3
GCACAAGTGGATCATA-1_V12D07-075_C1,2
GCACAAGTGTCGGAAG-1_V12D07-075_C1,3
GCACACACTGGTAGCC-1_V12D07-075_C1,2
GCACACGCCCATGGTC-1_V12D07-075_C1,2
GCACCTTCCCGAAGGT-1_V12D07-075_C1,2
GCACGCCTACTTAGAT-1_V12D07-075_C1,2
GCACGTGGTTTACTTA-1_V12D07-075_C1,2
GCACTAGTCGCGCTAT-1_V12D07-075_C1,3
GCACTGCCTACCTTTA-1_V12D07-075_C1,2
GCACTGTGCAAATGTA-1_V12D07-075_C1,3
GCAGAAGGTAATCTCC-1_V12D07-075_C1,3
GCAGACCCAGCACGTA-1_V12D07-075_C1,2
GCAGATCCATAAGACT-1_V12D07-075_C1,2
GCAGATCCTCGCAAAT-1_V12D07-075_C1,2
GCAGATTAGGGATATC-1_V12D07-075_C1,2
GCAGCACACAGCCCAG-1_V12D07-075_C1,2
GCAGCCTATATCACAT-1_V12D07-075_C1,3
GCAGCGGTGGGCATTA-1_V12D07-075_C1,3
GCAGCTATGGACAGGT-1_V12D07-075_C1,3
GCAGCTGTCAACGCAT-1_V12D07-075_C1,2
GCAGGACTATAGAATA-1_V12D07-075_C1,2
GCAGGTAGAGTATGGT-1_V12D07-075_C1,3
GCAGTGCGGGCGGATG-1_V12D07-075_C1,2
GCAGTGTGGCTATAGG-1_V12D07-075_C1,2
GCAGTTCGATCCGAGC-1_V12D07-075_C1,2
GCATACGAGGTCTTTA-1_V12D07-075_C1,2
GCATAGAGCACTCAGG-1_V12D07-075_C1,2
GCATCCCTAACTTTGA-1_V12D07-075_C1,1
GCATGACACAAAGGAA-1_V12D07-075_C1,2
GCATGAGGGACGCGGC-1_V12D07-075_C1,2
GCATGGGTACTGACGC-1_V12D07-075_C1,2
GCATTCAAGGCAACGC-1_V12D07-075_C1,3
GCATTCGAAATGAACA-1_V12D07-075_C1,2
GCATTTCCAAGGCTCC-1_V12D07-075_C1,3
GCCAACCATTTCCGGA-1_V12D07-075_C1,3
GCCAATAGGGCATCTC-1_V12D07-075_C1,3
GCCACAATTTAAGGAC-1_V12D07-075_C1,2
GCCACTCAGAGCGCGA-1_V12D07-075_C1,2
GCCACTCCTTACGGTA-1_V12D07-075_C1,2
GCCAGGAGTAACCGAT-1_V12D07-075_C1,3
GCCAGGCGTTCGCATG-1_V12D07-075_C1,3
GCCAGGCTTAGTGGTA-1_V12D07-075_C1,2
GCCATATTGCACACAG-1_V12D07-075_C1,3
GCCATCGAGCTGCGTG-1_V12D07-075_C1,2
GCCATCGATGCTGCAT-1_V12D07-075_C1,3
GCCCACCAAGGCTGTC-1_V12D07-075_C1,3
GCCCAGATGCTGGAGA-1_V12D07-075_C1,3
GCCCAGTTGGTATGCC-1_V12D07-075_C1,2
GCCCGATCTGTGGTCG-1_V12D07-075_C1,2
GCCCGCGCGTAAACGG-1_V12D07-075_C1,2
GCCCGCGCGTTTGACA-1_V12D07-075_C1,2
GCCCGTAATACCTTCT-1_V12D07-075_C1,2
GCCCTGAGGATGGGCT-1_V12D07-075_C1,2
GCCGAAATTCCTACGT-1_V12D07-075_C1,2
GCCGATTGGCCAAGCT-1_V12D07-075_C1,2
GCCGCACTCCGTTTCA-1_V12D07-075_C1,3
GCCGCATTAGTCCGGC-1_V12D07-075_C1,2
GCCGCTTGTGAGAAAC-1_V12D07-075_C1,2
GCCGGGTTAGGGTCGC-1_V12D07-075_C1,2
GCCGGTCGTATCTCTC-1_V12D07-075_C1,2
GCCGTGGAAGAAATGT-1_V12D07-075_C1,3
GCCTACGTTCTGTGCA-1_V12D07-075_C1,2
GCCTAGCGATCTGACC-1_V12D07-075_C1,2
GCCTATAGTGTCAGGG-1_V12D07-075_C1,2
GCCTATCAGGTAAGAT-1_V12D07-075_C1,2
GCCTATGCTGGGCCTT-1_V12D07-075_C1,3
GCCTATTTGCTACACA-1_V12D07-075_C1,3
GCCTCATCTGGAAATA-1_V12D07-075_C1,2
GCCTCCGACAATTCAC-1_V12D07-075_C1,2
GCCTCTATACATAGCA-1_V12D07-075_C1,2
GCCTGCTACACTGAGA-1_V12D07-075_C1,3
GCCTTCAGCCCTACCG-1_V12D07-075_C1,3
GCCTTGTATATGCAGT-1_V12D07-075_C1,2
GCGAAACGATCGGGAG-1_V12D07-075_C1,2
GCGAAACTTAACTGGA-1_V12D07-075_C1,2
GCGAAGAATCTGACGG-1_V12D07-075_C1,2
GCGAAGCCATACCCGT-1_V12D07-075_C1,2
GCGACATGTAAACATC-1_V12D07-075_C1,3
GCGACGATAGTTGTAC-1_V12D07-075_C1,2
GCGAGAAACGGGAGTT-1_V12D07-075_C1,2
GCGAGAGGCCATGTAA-1_V12D07-075_C1,3
GCGAGAGTTGCGTCCA-1_V12D07-075_C1,3
GCGAGCGCATGCTCCC-1_V12D07-075_C1,3
GCGAGGCCCGAGCAGA-1_V12D07-075_C1,2
GCGAGTTCTGCAAAGA-1_V12D07-075_C1,2
GCGATGTCTGTGCTTG-1_V12D07-075_C1,2
GCGATTGTTAACGTTA-1_V12D07-075_C1,2
GCGCAAGAGCGCGCTG-1_V12D07-075_C1,2
GCGCATCCAGTCAGCA-1_V12D07-075_C1,2
GCGCCGTTCCACGATA-1_V12D07-075_C1,2
GCGCCTCCCACTCCGA-1_V12D07-075_C1,2
GCGCGGTCTAGTAACT-1_V12D07-075_C1,2
GCGCGTCATTGGTACA-1_V12D07-075_C1,2
GCGCTAATTGAATAGA-1_V12D07-075_C1,2
GCGCTATGCCGAGGCA-1_V12D07-075_C1,2
GCGCTCGATCACCTGT-1_V12D07-075_C1,3
GCGCTGATCCAGACTC-1_V12D07-075_C1,3
GCGCTGCTTTGCATTT-1_V12D07-075_C1,2
GCGCTGGCGGAAAGTC-1_V12D07-075_C1,2
GCGCTTAAATAATTGG-1_V12D07-075_C1,2
GCGGACCGCGTTGTGG-1_V12D07-075_C1,2
GCGGAGAGGGAGAACG-1_V12D07-075_C1,2
GCGGCTCTGACGTACC-1_V12D07-075_C1,2
GCGGCTTTAGCAAGTT-1_V12D07-075_C1,2
GCGGGAACCAGGCCCT-1_V12D07-075_C1,3
GCGGGCATTACGATGC-1_V12D07-075_C1,3
GCGGGCGAGCCTTACC-1_V12D07-075_C1,2
GCGGTAACCCAAATGA-1_V12D07-075_C1,1
GCGGTCCCGGTGAAGG-1_V12D07-075_C1,3
GCGGTCCCTAGACGCA-1_V12D07-075_C1,3
GCGGTGAACTGCGCTC-1_V12D07-075_C1,3
GCGGTGCGGAGCATCG-1_V12D07-075_C1,2
GCGGTTCCCTATCATG-1_V12D07-075_C1,2
GCGTAAATGGCCATAA-1_V12D07-075_C1,2
GCGTCGAAATGTCGGT-1_V12D07-075_C1,3
GCGTCGCCAGGGTGAT-1_V12D07-075_C1,2
GCGTCTAACCTCCTAA-1_V12D07-075_C1,3
GCGTCTCTGCATTGGG-1_V12D07-075_C1,2
GCGTGGTACTGGGTTA-1_V12D07-075_C1,2
GCGTTATATTTGGAAC-1_V12D07-075_C1,2
GCGTTCGGAGACCGGG-1_V12D07-075_C1,3
GCGTTCTGACTAAGCG-1_V12D07-075_C1,2
GCTAAACCTGAGGTGA-1_V12D07-075_C1,2
GCTAACTGAAGTCTGA-1_V12D07-075_C1,2
GCTAAGTAAAGGCGAT-1_V12D07-075_C1,2
GCTAAGTAGTTTCTCT-1_V12D07-075_C1,2
GCTAATACCGAATGCC-1_V12D07-075_C1,2
GCTACAATCGAGGATA-1_V12D07-075_C1,2
GCTACAGTACGGACCG-1_V12D07-075_C1,2
GCTACGACTTATTGGG-1_V12D07-075_C1,2
GCTACTATAGTAGAGT-1_V12D07-075_C1,2
GCTAGACCGTCTACTG-1_V12D07-075_C1,2
GCTAGAGTAGAGATGT-1_V12D07-075_C1,2
GCTAGCACCTGGGCCA-1_V12D07-075_C1,3
GCTAGCAGGGAGTGGG-1_V12D07-075_C1,3
GCTAGCTTGAATAGCT-1_V12D07-075_C1,2
GCTAGTAGAGCTTGTA-1_V12D07-075_C1,2
GCTATCATACTCATGG-1_V12D07-075_C1,2
GCTCAACCTCTTAGAG-1_V12D07-075_C1,4
GCTCAATGTAATACCG-1_V12D07-075_C1,2
GCTCATTACTGCATGT-1_V12D07-075_C1,3
GCTCCATGAGTGCAGA-1_V12D07-075_C1,2
GCTCCATGCAAAGCAA-1_V12D07-075_C1,2
GCTCCCAGTCGGTCCA-1_V12D07-075_C1,2
GCTCCGCTCGCTTCAG-1_V12D07-075_C1,3
GCTCGCGGTTCCGCTC-1_V12D07-075_C1,2
GCTCGCTCATGTCCAA-1_V12D07-075_C1,2
GCTCGGAATTTAAAGC-1_V12D07-075_C1,3
GCTCTAAACCCTGACG-1_V12D07-075_C1,2
GCTCTATGTTACGTGC-1_V12D07-075_C1,2
GCTCTCGGGTACCGAA-1_V12D07-075_C1,2
GCTCTTTCCGCTAGTG-1_V12D07-075_C1,2
GCTGAACTCTCCAGGG-1_V12D07-075_C1,3
GCTGAGCAACGGTTCT-1_V12D07-075_C1,2
GCTGAGGCGTGAGTAT-1_V12D07-075_C1,2
GCTGCACGGTTTCTTA-1_V12D07-075_C1,2
GCTGCGCCTCCCACGT-1_V12D07-075_C1,2
GCTGCTAAGTAGTCGA-1_V12D07-075_C1,2
GCTGCTACTGCGTAGC-1_V12D07-075_C1,2
GCTGCTCTCCGGACAC-1_V12D07-075_C1,2
GCTGGACCCAAAGTGG-1_V12D07-075_C1,3
GCTGGCAGGTGCCGTG-1_V12D07-075_C1,2
GCTGGCATATTCACCT-1_V12D07-075_C1,1
GCTGGCGGCGCATGCT-1_V12D07-075_C1,2
GCTGGTGACTCGTAGT-1_V12D07-075_C1,3
GCTGTATTACTGGCCC-1_V12D07-075_C1,2
GCTGTTGCTACCGAAC-1_V12D07-075_C1,2
GCTTAATGTAACTAAC-1_V12D07-075_C1,3
GCTTACGTAGTTAGTA-1_V12D07-075_C1,3
GCTTATGAAGCAGGAA-1_V12D07-075_C1,2
GCTTCAGTGGGATTAC-1_V12D07-075_C1,3
GCTTCCAGCTTAGATT-1_V12D07-075_C1,1
GCTTCCGTCCCTAGAC-1_V12D07-075_C1,2
GCTTGATGATAATCAG-1_V12D07-075_C1,2
GCTTGCAGCACAATTG-1_V12D07-075_C1,3
GCTTGGATCGATTAGG-1_V12D07-075_C1,2
GCTTTACACAACTGGG-1_V12D07-075_C1,2
GCTTTCAGAGGAGGTG-1_V12D07-075_C1,2
GCTTTCTATCTCAACT-1_V12D07-075_C1,3
GGAAACCTTGTTGAAT-1_V12D07-075_C1,3
GGAAACTAAATGGGCC-1_V12D07-075_C1,2
GGAAAGTGCCCATGCC-1_V12D07-075_C1,3
GGAACCCGAACAAGAA-1_V12D07-075_C1,2
GGAACCGTGTAAATTG-1_V12D07-075_C1,2
GGAACGGCCTGCAGCC-1_V12D07-075_C1,2
GGAACTTTGGCGATTA-1_V12D07-075_C1,2
GGAAGCTCGCTTACAG-1_V12D07-075_C1,3
GGAATAACCTCAAGAA-1_V12D07-075_C1,3
GGAATGCGCTAGCGTG-1_V12D07-075_C1,2
GGACAACCATGAAGCC-1_V12D07-075_C1,2
GGACAAGTTGCAGTGA-1_V12D07-075_C1,2
GGACACAAGTTTACAC-1_V12D07-075_C1,2
GGACCAACAGGATAAC-1_V12D07-075_C1,2
GGACCTACGGTAACGT-1_V12D07-075_C1,3
GGACGGCTTGCGCAAC-1_V12D07-075_C1,3
GGACGGGCGACCAACC-1_V12D07-075_C1,2
GGACGTCCATAGTTGG-1_V12D07-075_C1,3
GGACTAAGTCAGGAGT-1_V12D07-075_C1,2
GGACTCACAAATTAGG-1_V12D07-075_C1,3
GGACTCGAAGCTTTCA-1_V12D07-075_C1,2
GGACTCTTCCGGTTGA-1_V12D07-075_C1,2
GGACTCTTTGACTAAG-1_V12D07-075_C1,2
GGAGAAGTCATTGGCA-1_V12D07-075_C1,2
GGAGACCAATGTGCTT-1_V12D07-075_C1,4
GGAGACGACACCTTTG-1_V12D07-075_C1,2
GGAGCAACATTTCAAG-1_V12D07-075_C1,2
GGAGCACCAAGAACTA-1_V12D07-075_C1,2
GGAGCGAGGCCTACTT-1_V12D07-075_C1,2
GGAGGATTGAAAGGAG-1_V12D07-075_C1,3
GGAGGCCGAAGTCGTC-1_V12D07-075_C1,3
GGAGGGCTTGGTTGGC-1_V12D07-075_C1,2
GGAGGGTCAAGTAAGA-1_V12D07-075_C1,2
GGAGTACACATGAGCT-1_V12D07-075_C1,2
GGAGTGCCGCCCTGGA-1_V12D07-075_C1,3
GGAGTTGATTCTGTGT-1_V12D07-075_C1,2
GGATACTCATGAATTG-1_V12D07-075_C1,3
GGATCAAAGGACGAGG-1_V12D07-075_C1,3
GGATCATCCCGTACGC-1_V12D07-075_C1,3
GGATCCGGAATATACT-1_V12D07-075_C1,2
GGATGAAGATCGCTGA-1_V12D07-075_C1,2
GGATGACGCGAGTTTA-1_V12D07-075_C1,2
GGATGTCCTTACCGCA-1_V12D07-075_C1,2
GGATTAAGCTAAGGTC-1_V12D07-075_C1,3
GGATTCCGCTATACCC-1_V12D07-075_C1,3
GGATTGCTGTGACTCC-1_V12D07-075_C1,2
GGATTTCACTTCTATA-1_V12D07-075_C1,2
GGCAAATTACTTTACT-1_V12D07-075_C1,2
GGCAAGCCAGGGATAG-1_V12D07-075_C1,3
GGCAAGCCCATAGTGG-1_V12D07-075_C1,2
GGCAAGGCGAAATAGC-1_V12D07-075_C1,2
GGCAATAGTCAATGAG-1_V12D07-075_C1,2
GGCACTCCACTGGGCA-1_V12D07-075_C1,2
GGCACTGCGGTGGTTT-1_V12D07-075_C1,2
GGCAGAGAGATCGGGA-1_V12D07-075_C1,2
GGCAGCAAACCTATGC-1_V12D07-075_C1,2
GGCAGCGGTAATCCTA-1_V12D07-075_C1,3
GGCATACAGGTAGCGG-1_V12D07-075_C1,2
GGCATATCGGTTCTGC-1_V12D07-075_C1,3
GGCATCAACGAGCACG-1_V12D07-075_C1,3
GGCCACACGAAAGCCT-1_V12D07-075_C1,2
GGCCCAATCTAGAGGG-1_V12D07-075_C1,3
GGCCCAGCTGGTTTGC-1_V12D07-075_C1,2
GGCCCAGTTATCAGCA-1_V12D07-075_C1,3
GGCCCGGAGCATGTCT-1_V12D07-075_C1,3
GGCCCGTATACCATGC-1_V12D07-075_C1,3
GGCCCTCACCCACTTA-1_V12D07-075_C1,2
GGCCGCAGGAACCGCA-1_V12D07-075_C1,2
GGCCGGCGTCTGCTAT-1_V12D07-075_C1,2
GGCCGTTTGGGTTTCA-1_V12D07-075_C1,2
GGCCTGCTTCTCCCGA-1_V12D07-075_C1,2
GGCCTTTGCAACTGGC-1_V12D07-075_C1,2
GGCGAAATCTAACTTG-1_V12D07-075_C1,2
GGCGCAGGACATCTTC-1_V12D07-075_C1,2
GGCGCATGAATTGATG-1_V12D07-075_C1,2
GGCGCGTTCGAGTTTA-1_V12D07-075_C1,2
GGCGCTTCATTCCCTG-1_V12D07-075_C1,2
GGCGGAGTAATATTAG-1_V12D07-075_C1,2
GGCGGGCTCTAAGAGT-1_V12D07-075_C1,3
GGCGGTAGGATCATTG-1_V12D07-075_C1,2
GGCGGTTTGCCGGTGC-1_V12D07-075_C1,2
GGCGTAGGGAAAGCTG-1_V12D07-075_C1,2
GGCGTCCTATCCGCTG-1_V12D07-075_C1,2
GGCTAAAGGGCGGGTC-1_V12D07-075_C1,3
GGCTAATGATTGAAAT-1_V12D07-075_C1,3
GGCTATTAAGTTGTAT-1_V12D07-075_C1,2
GGCTCGCGTTGAGGTA-1_V12D07-075_C1,2
GGCTCGTGCCACCAGC-1_V12D07-075_C1,2
GGCTCTGCTCCAACGC-1_V12D07-075_C1,2
GGCTGAAATAGCAAAG-1_V12D07-075_C1,2
GGCTGAGCATCGTAAG-1_V12D07-075_C1,3
GGCTGGCAGCTTTATG-1_V12D07-075_C1,2
GGCTGGCTAGCTTAAA-1_V12D07-075_C1,3
GGCTTGGCTCTCACCT-1_V12D07-075_C1,2
GGCTTTCAATAAGGGT-1_V12D07-075_C1,2
GGGAAAGAATGCCAAC-1_V12D07-075_C1,2
GGGAACGGGAGGTTAG-1_V12D07-075_C1,2
GGGAAGACGGTCTGTC-1_V12D07-075_C1,2
GGGAATGAGCCCTCAC-1_V12D07-075_C1,3
GGGAATTCTGTCCAGT-1_V12D07-075_C1,2
GGGACCCGTATATCTT-1_V12D07-075_C1,2
GGGACTGCATAGATAG-1_V12D07-075_C1,2
GGGAGAACTCACAGTA-1_V12D07-075_C1,2
GGGAGCGACCGTAGTG-1_V12D07-075_C1,2
GGGAGGATGCCCGAAA-1_V12D07-075_C1,2
GGGAGTAATGGCTGGC-1_V12D07-075_C1,3
GGGAGTTAATGAGGCG-1_V12D07-075_C1,2
GGGATACGGTAATAAT-1_V12D07-075_C1,2
GGGATCCCAATACAAA-1_V12D07-075_C1,3
GGGATGGTCGTAACCG-1_V12D07-075_C1,2
GGGATTTACCGCACCT-1_V12D07-075_C1,2
GGGCACGAATTGGCCG-1_V12D07-075_C1,2
GGGCAGAGCAATCGTT-1_V12D07-075_C1,2
GGGCAGTCAACGCCAA-1_V12D07-075_C1,2
GGGCCCGTCTTAAACA-1_V12D07-075_C1,2
GGGCCCTACGAAAGGG-1_V12D07-075_C1,2
GGGCCCTTATCTATAC-1_V12D07-075_C1,2
GGGCCGGCCGAAGTAC-1_V12D07-075_C1,2
GGGCCTATTTAAGTAT-1_V12D07-075_C1,3
GGGCGAATTTCTCCAC-1_V12D07-075_C1,2
GGGCGATATGTGTGAA-1_V12D07-075_C1,2
GGGCGCAGCGTTACTC-1_V12D07-075_C1,3
GGGCGGCAAATGAATT-1_V12D07-075_C1,2
GGGCGGGTTCCCTACG-1_V12D07-075_C1,2
GGGCGGTCCTATTGTC-1_V12D07-075_C1,3
GGGCGTACATTTATAT-1_V12D07-075_C1,2
GGGCGTCACCACGTAA-1_V12D07-075_C1,2
GGGCGTCCACTGGCTC-1_V12D07-075_C1,3
GGGCGTGGTTTCCCAG-1_V12D07-075_C1,2
GGGCTATGATCGATGG-1_V12D07-075_C1,2
GGGCTCATCGAACCCA-1_V12D07-075_C1,3
GGGCTGCCTAGGGCGA-1_V12D07-075_C1,2
GGGCTGGTTAGTCGCG-1_V12D07-075_C1,2
GGGTACACTCTGGAGG-1_V12D07-075_C1,2
GGGTACCCACGGTCCT-1_V12D07-075_C1,3
GGGTACTTCATGAACT-1_V12D07-075_C1,2
GGGTCACCGTGACGGT-1_V12D07-075_C1,2
GGGTCAGGAGCTAGAT-1_V12D07-075_C1,2
GGGTCATGCGTACCAT-1_V12D07-075_C1,2
GGGTCGTGGCAAGTGT-1_V12D07-075_C1,3
GGGTCTATCGCTTTCC-1_V12D07-075_C1,2
GGGTGACACCTTAACT-1_V12D07-075_C1,2
GGGTGCATATGAAAGC-1_V12D07-075_C1,3
GGGTGTTTCAGCTATG-1_V12D07-075_C1,3
GGGTTAACATTTGAGT-1_V12D07-075_C1,2
GGGTTTAGGATAGGAT-1_V12D07-075_C1,2
GGTAAACTCTGCGCTG-1_V12D07-075_C1,2
GGTAAATGTGCGTTAC-1_V12D07-075_C1,3
GGTAACCGGCAAAGGT-1_V12D07-075_C1,2
GGTAACTATGTATCTG-1_V12D07-075_C1,3
GGTACAAACATGCTAT-1_V12D07-075_C1,2
GGTACACCAGATTTAT-1_V12D07-075_C1,4
GGTACATCTGGGACGA-1_V12D07-075_C1,2
GGTACCATTAAGACGG-1_V12D07-075_C1,2
GGTACGTTGCGGCCGG-1_V12D07-075_C1,2
GGTACTAAGTGCTTTG-1_V12D07-075_C1,3
GGTAGAAGACCGCCTG-1_V12D07-075_C1,2
GGTAGACCGTTGGGCG-1_V12D07-075_C1,2
GGTAGTGCTCGCACCA-1_V12D07-075_C1,2
GGTATAGTGACACATA-1_V12D07-075_C1,3
GGTATGAAAGAACTGA-1_V12D07-075_C1,2
GGTATTGCCGAGTTTA-1_V12D07-075_C1,2
GGTCAAGACTACTTCG-1_V12D07-075_C1,2
GGTCAGTGGGTCCCAC-1_V12D07-075_C1,2
GGTCATTGTAGTCATA-1_V12D07-075_C1,3
GGTCCTTCATACGACT-1_V12D07-075_C1,2
GGTCGGATAAACGGCG-1_V12D07-075_C1,2
GGTCGGCCAGGAGCTT-1_V12D07-075_C1,2
GGTCGGTAATTAGACA-1_V12D07-075_C1,3
GGTCGGTCGTCCACAG-1_V12D07-075_C1,2
GGTCTCCAAGTAGTGC-1_V12D07-075_C1,3
GGTCTCCGTCCAGGTT-1_V12D07-075_C1,2
GGTCTGAGAATCTGGA-1_V12D07-075_C1,2
GGTCTTGAGCGCTCTT-1_V12D07-075_C1,2
GGTCTTGGTGTTAACT-1_V12D07-075_C1,2
GGTGAAACCGGGAATG-1_V12D07-075_C1,3
GGTGAACGGGCTAGCC-1_V12D07-075_C1,3
GGTGAAGTACAGGGAT-1_V12D07-075_C1,2
GGTGACTGATAGAGAG-1_V12D07-075_C1,2
GGTGAGATGCAGATAA-1_V12D07-075_C1,2
GGTGATAAGGAGCAGT-1_V12D07-075_C1,2
GGTGATGAAGGAAGTG-1_V12D07-075_C1,2
GGTGATTTCATCTTGT-1_V12D07-075_C1,3
GGTGCAGAGCCTATCG-1_V12D07-075_C1,3
GGTGCATAAATGATTA-1_V12D07-075_C1,2
GGTGCGGATAAGTGGC-1_V12D07-075_C1,3
GGTGCTGGTACACATT-1_V12D07-075_C1,2
GGTGGACCACGTGTTA-1_V12D07-075_C1,3
GGTGGACTGCTCTGGC-1_V12D07-075_C1,2
GGTGGAGGTTGATACG-1_V12D07-075_C1,3
GGTGTAAATCGATTGT-1_V12D07-075_C1,2
GGTGTAGGTAAGTAAA-1_V12D07-075_C1,2
GGTGTTGGGCGTCTTA-1_V12D07-075_C1,3
GGTTACCACCCTCGGG-1_V12D07-075_C1,2
GGTTACCCGACACTTT-1_V12D07-075_C1,3
GGTTAGCTATATGTCT-1_V12D07-075_C1,2
GGTTAGGCTTGGAGAA-1_V12D07-075_C1,2
GGTTCGGATTATACTA-1_V12D07-075_C1,2
GGTTCTACTCGTCTGA-1_V12D07-075_C1,2
GGTTGTGCTCTTGTCC-1_V12D07-075_C1,2
GGTTGTGTAGCCTGGC-1_V12D07-075_C1,1
GGTTTAATTGAGCAGG-1_V12D07-075_C1,4
GGTTTACAATCTCAAT-1_V12D07-075_C1,2
GGTTTAGCCTTTCTTG-1_V12D07-075_C1,2
GGTTTCAATCGGTCAG-1_V12D07-075_C1,2
GGTTTGACAAGAAGCT-1_V12D07-075_C1,3
GGTTTGAGTGCTGGAA-1_V12D07-075_C1,3
GGTTTGTGACCTGAGG-1_V12D07-075_C1,2
GTAACAACTGACCTTG-1_V12D07-075_C1,3
GTAACATCTAAGATAA-1_V12D07-075_C1,2
GTAACTGCCCAAGGAG-1_V12D07-075_C1,2
GTAACTTGCGGCAGTC-1_V12D07-075_C1,3
GTAAGCGGGCAGTCAG-1_V12D07-075_C1,2
GTAAGGATTTGTCGGA-1_V12D07-075_C1,3
GTAAGTAACAGTCTGG-1_V12D07-075_C1,2
GTAAGTAGGGTATACC-1_V12D07-075_C1,2
GTAAGTCCACACTCTA-1_V12D07-075_C1,4
GTAATAAAGGGCTCCC-1_V12D07-075_C1,3
GTAATCTGATTCTTCG-1_V12D07-075_C1,2
GTACACTTACCTGAAG-1_V12D07-075_C1,2
GTACAGAGGCAAGGGT-1_V12D07-075_C1,2
GTACGACGGCGCTGCG-1_V12D07-075_C1,3
GTACGAGATTGCGACA-1_V12D07-075_C1,3
GTACGCTTCATTGCAC-1_V12D07-075_C1,2
GTACGTCACGTATTAA-1_V12D07-075_C1,3
GTACGTTTGCCCGTCA-1_V12D07-075_C1,2
GTACTAAGATTTGGAG-1_V12D07-075_C1,2
GTACTCCCTTATCGCT-1_V12D07-075_C1,2
GTACTCCTGGGTATGC-1_V12D07-075_C1,3
GTACTGCATGAAGCGT-1_V12D07-075_C1,3
GTACTGGAGTTAGACC-1_V12D07-075_C1,2
GTACTTGGGCACTTCT-1_V12D07-075_C1,2
GTAGAAACGGGTGGAG-1_V12D07-075_C1,1
GTAGACAACCGATGAA-1_V12D07-075_C1,4
GTAGACACGCCTGACT-1_V12D07-075_C1,2
GTAGACGTCGTTACAT-1_V12D07-075_C1,3
GTAGCCAAACATGGGA-1_V12D07-075_C1,2
GTAGCGCTGTTGTAGT-1_V12D07-075_C1,3
GTAGCGGCTATACACT-1_V12D07-075_C1,2
GTAGCTTCCTCTTGTT-1_V12D07-075_C1,2
GTAGGTGATCCGTGTA-1_V12D07-075_C1,3
GTAGTCGCGGGAATCA-1_V12D07-075_C1,2
GTAGTCTACGATATTG-1_V12D07-075_C1,2
GTAGTGAGCAACCTCA-1_V12D07-075_C1,2
GTATAATCTCCCGGAT-1_V12D07-075_C1,2
GTATAGGACTCAGTAG-1_V12D07-075_C1,3
GTATCAAACGTTAGCT-1_V12D07-075_C1,2
GTATCAGCTTGGGTTC-1_V12D07-075_C1,2
GTATCCTTTGGTAACC-1_V12D07-075_C1,2
GTATCTTTCATAACCA-1_V12D07-075_C1,2
GTATGACGTGGGAAAC-1_V12D07-075_C1,3
GTATGTGGGTCTAGTT-1_V12D07-075_C1,2
GTATTAGGGTTCGCGT-1_V12D07-075_C1,4
GTATTCTGAGAAACGA-1_V12D07-075_C1,2
GTATTCTTACCGTGCT-1_V12D07-075_C1,1
GTATTTAATGGCATAA-1_V12D07-075_C1,3
GTCAAAGTTTACATAG-1_V12D07-075_C1,3
GTCAACCAGGCCTATA-1_V12D07-075_C1,2
GTCAAGCGGACTCGGG-1_V12D07-075_C1,2
GTCAATGCTATAATTT-1_V12D07-075_C1,3
GTCAATTGTACTGAAG-1_V12D07-075_C1,3
GTCACAAAGTTTCCAA-1_V12D07-075_C1,3
GTCAGAATAGTCTATG-1_V12D07-075_C1,2
GTCAGACAGCGTTGGA-1_V12D07-075_C1,2
GTCAGTTGTGCTCGTT-1_V12D07-075_C1,3
GTCAGTTTGGTAGTCG-1_V12D07-075_C1,2
GTCATCTCCTACAGCT-1_V12D07-075_C1,2
GTCATGCACCTCCGTT-1_V12D07-075_C1,2
GTCATGCGCGAGGGCT-1_V12D07-075_C1,2
GTCATGGACATGACTA-1_V12D07-075_C1,2
GTCATTAGAGCGAACG-1_V12D07-075_C1,2
GTCATTGCATTGACCC-1_V12D07-075_C1,2
GTCCAATATTTAGCCT-1_V12D07-075_C1,2
GTCCACGTCGCATTCG-1_V12D07-075_C1,2
GTCCATTACTGCTACG-1_V12D07-075_C1,2
GTCCCAACGTAAAGTA-1_V12D07-075_C1,2
GTCCCGCGACGTTATG-1_V12D07-075_C1,2
GTCCGAGAGCAATCAT-1_V12D07-075_C1,2
GTCCGGACCTGAAATT-1_V12D07-075_C1,2
GTCCGGCTGAATTGCG-1_V12D07-075_C1,2
GTCCGGGTTCACATTA-1_V12D07-075_C1,2
GTCCTACAGGCGGCTC-1_V12D07-075_C1,2
GTCCTACGAATAGTCT-1_V12D07-075_C1,2
GTCCTATTGTTGTGGT-1_V12D07-075_C1,2
GTCCTTCTACAACCCA-1_V12D07-075_C1,2
GTCCTTCTAGTGGGTT-1_V12D07-075_C1,3
GTCCTTTAATGACTTC-1_V12D07-075_C1,3
GTCGATAGGTGACTTT-1_V12D07-075_C1,3
GTCGCCGTTGTGTGTT-1_V12D07-075_C1,2
GTCGCGTAACCCGTTG-1_V12D07-075_C1,2
GTCGGAAGGATACCAG-1_V12D07-075_C1,3
GTCGGATATCTCAGAC-1_V12D07-075_C1,2
GTCGGATGTAGCGCGC-1_V12D07-075_C1,3
GTCGGGAACATGGTAG-1_V12D07-075_C1,2
GTCGGGAAGCAGAAAC-1_V12D07-075_C1,2
GTCGTACCATCTCGGG-1_V12D07-075_C1,2
GTCGTACCTACGATTG-1_V12D07-075_C1,2
GTCGTATTGGCGTACA-1_V12D07-075_C1,3
GTCGTCAATTATAAGG-1_V12D07-075_C1,3
GTCGTCTGGTTGGCTA-1_V12D07-075_C1,3
GTCGTGTCTGGTCATC-1_V12D07-075_C1,4
GTCGTTATTCGCTTAT-1_V12D07-075_C1,2
GTCTACTCAATTACAA-1_V12D07-075_C1,2
GTCTAGTGAGCCGCTT-1_V12D07-075_C1,2
GTCTATCTGAGTTTCT-1_V12D07-075_C1,2
GTCTATTGCATGCTCG-1_V12D07-075_C1,2
GTCTCAAGGCCCGGCT-1_V12D07-075_C1,2
GTCTCCGCCTCAATAC-1_V12D07-075_C1,2
GTCTCGACTAAGTTTG-1_V12D07-075_C1,4
GTCTCGATCTGCTTTC-1_V12D07-075_C1,3
GTCTGGGCGGTCGAGA-1_V12D07-075_C1,2
GTCTTAGTACAGCCGG-1_V12D07-075_C1,3
GTCTTCCTCACCTAAG-1_V12D07-075_C1,2
GTCTTGAGGAGCAGTG-1_V12D07-075_C1,3
GTGAAACGGCGCCACC-1_V12D07-075_C1,3
GTGAAACGTGCTCCAC-1_V12D07-075_C1,3
GTGAACTCCCATTCGA-1_V12D07-075_C1,3
GTGAAGATTTCAAGTG-1_V12D07-075_C1,3
GTGAAGCCGTATAGTC-1_V12D07-075_C1,3
GTGACAGCTTCCCACT-1_V12D07-075_C1,2
GTGACCGCACACTACG-1_V12D07-075_C1,2
GTGACCTAAAGAATAA-1_V12D07-075_C1,3
GTGACGAGGGTGACCC-1_V12D07-075_C1,3
GTGACGCAGGTTTCAT-1_V12D07-075_C1,2
GTGACTTCAGTAGTGC-1_V12D07-075_C1,2
GTGAGCGTGCTGCACT-1_V12D07-075_C1,2
GTGAGGACACTTAAGG-1_V12D07-075_C1,2
GTGAGGAGCGGTTGAG-1_V12D07-075_C1,3
GTGAGTCGACTAATAG-1_V12D07-075_C1,2
GTGAGTCTAAGACGGA-1_V12D07-075_C1,2
GTGAGTGGTACAACGC-1_V12D07-075_C1,2
GTGATCACTAACGCCT-1_V12D07-075_C1,2
GTGATCATAGATCTGC-1_V12D07-075_C1,2
GTGATCCTTGTCATGA-1_V12D07-075_C1,2
GTGATGCACAACATCT-1_V12D07-075_C1,3
GTGATTCGCCGCTCAA-1_V12D07-075_C1,2
GTGCAACAAATGTGGC-1_V12D07-075_C1,3
GTGCACCAGCTTCAAC-1_V12D07-075_C1,2
GTGCACGAAAGTGACT-1_V12D07-075_C1,3
GTGCAGCGTAGAGTAG-1_V12D07-075_C1,3
GTGCCATCACACGGTG-1_V12D07-075_C1,2
GTGCCCGTTCGGATTC-1_V12D07-075_C1,2
GTGCCGCTTCAAAGGT-1_V12D07-075_C1,2
GTGCCTAGCTATGCTT-1_V12D07-075_C1,2
GTGCCTCAGTGTACGG-1_V12D07-075_C1,3
GTGCCTGAGACCAAAC-1_V12D07-075_C1,2
GTGCGAAATCGAACAC-1_V12D07-075_C1,2
GTGCGACAGGGAGTGT-1_V12D07-075_C1,2
GTGCGGGACCATCGGC-1_V12D07-075_C1,1
GTGCGGGTCTCCAAAT-1_V12D07-075_C1,3
GTGCGTGTATATGAGC-1_V12D07-075_C1,3
GTGCTCAAGTACTGTC-1_V12D07-075_C1,2
GTGCTGCAGATAAGGA-1_V12D07-075_C1,2
GTGCTTACATCAGCGC-1_V12D07-075_C1,3
GTGGAACCTACATGCG-1_V12D07-075_C1,3
GTGGACCAACCCGATT-1_V12D07-075_C1,2
GTGGACGCATTTGTCC-1_V12D07-075_C1,2
GTGGACGTGCTGAGAC-1_V12D07-075_C1,2
GTGGAGCATGTCGGCC-1_V12D07-075_C1,3
GTGGAGTCGGCGGTTG-1_V12D07-075_C1,2
GTGGCCTAATATCATT-1_V12D07-075_C1,2
GTGGCTGTTTCTGTTC-1_V12D07-075_C1,2
GTGGGCTTAGACACAC-1_V12D07-075_C1,2
GTGGTATAGTCTGCCG-1_V12D07-075_C1,2
GTGGTCAGCGAAGTAT-1_V12D07-075_C1,3
GTGGTGATGGTTTGTG-1_V12D07-075_C1,3
GTGGTGGCCAAGTGAA-1_V12D07-075_C1,2
GTGGTTACTTCTTTCG-1_V12D07-075_C1,3
GTGGTTTCCGCCTTTC-1_V12D07-075_C1,2
GTGTACCTTGGCTACG-1_V12D07-075_C1,2
GTGTACGAACCGTTCC-1_V12D07-075_C1,3
GTGTATATCAGCGGGC-1_V12D07-075_C1,2
GTGTATGACTTTAAAG-1_V12D07-075_C1,1
GTGTCGTATAGCGTTC-1_V12D07-075_C1,2
GTGTCGTATTCACCTT-1_V12D07-075_C1,3
GTGTGAATAACTTAGG-1_V12D07-075_C1,2
GTGTGTCGACGTCGCT-1_V12D07-075_C1,2
GTGTTACTATGCGTCC-1_V12D07-075_C1,2
GTTAACATCACTTAAA-1_V12D07-075_C1,2
GTTAAGGGTGCGATGT-1_V12D07-075_C1,2
GTTAAGTTAGAGTGGG-1_V12D07-075_C1,3
GTTAATGTCTATCTTA-1_V12D07-075_C1,2
GTTACAATTGGTGACG-1_V12D07-075_C1,2
GTTACCAAGGCGTACG-1_V12D07-075_C1,2
GTTACCTACAACTTGC-1_V12D07-075_C1,2
GTTACTTTGGGCCTAG-1_V12D07-075_C1,2
GTTAGCCCATGACATC-1_V12D07-075_C1,2
GTTAGCCGTAAATCAA-1_V12D07-075_C1,3
GTTATAATACGGTGAA-1_V12D07-075_C1,2
GTTATATCAGGAGCCA-1_V12D07-075_C1,3
GTTATATTATCTCCCT-1_V12D07-075_C1,2
GTTATCAAGCTATCGA-1_V12D07-075_C1,2
GTTATCACCTTCTGAA-1_V12D07-075_C1,3
GTTCAAATCAGATGTC-1_V12D07-075_C1,2
GTTCACAGGAGTCTAG-1_V12D07-075_C1,2
GTTCAGTCGCCAAATG-1_V12D07-075_C1,2
GTTCATCGTTTGGCTG-1_V12D07-075_C1,3
GTTCCAGTCTGACCAT-1_V12D07-075_C1,3
GTTCCCGTAAACATAT-1_V12D07-075_C1,2
GTTCGCCATAAGTGCC-1_V12D07-075_C1,2
GTTCGCTGAGACGTCT-1_V12D07-075_C1,2
GTTCGGAGCACTCAAC-1_V12D07-075_C1,2
GTTCGGATCGGGAACA-1_V12D07-075_C1,2
GTTCGGGCGTACCATT-1_V12D07-075_C1,3
GTTCGTCTGGGTCCCT-1_V12D07-075_C1,3
GTTGAACCGGTTCCAT-1_V12D07-075_C1,2
GTTGAGTCCCGCCGGT-1_V12D07-075_C1,2
GTTGCACGGAGTTTCG-1_V12D07-075_C1,2
GTTGCAGTCGACAACA-1_V12D07-075_C1,2
GTTGCGCTAACATTAC-1_V12D07-075_C1,3
GTTGCGGACGGTCAGG-1_V12D07-075_C1,3
GTTGGACCGCATCAGG-1_V12D07-075_C1,3
GTTGGATTCAGTGGCT-1_V12D07-075_C1,3
GTTGGATTGAGAACAC-1_V12D07-075_C1,2
GTTGGATTTGCGTTGG-1_V12D07-075_C1,2
GTTGGTCATGCTATCC-1_V12D07-075_C1,2
GTTGTAGATTTATGAG-1_V12D07-075_C1,2
GTTGTTACATTGCGCT-1_V12D07-075_C1,3
GTTGTTGCAAGATGGC-1_V12D07-075_C1,2
GTTTACGTTCCATCTG-1_V12D07-075_C1,2
GTTTATGGGATTTAGA-1_V12D07-075_C1,2
GTTTCAAACGAGTTGT-1_V12D07-075_C1,2
GTTTCATATCGTCGCT-1_V12D07-075_C1,2
GTTTCCTGGAGGGTGA-1_V12D07-075_C1,2
GTTTCTAGAGGCGCGG-1_V12D07-075_C1,2
GTTTCTGCAGTCTCCC-1_V12D07-075_C1,2
GTTTGACCAAATCCTA-1_V12D07-075_C1,2
GTTTGGCCCAAGTTAT-1_V12D07-075_C1,2
GTTTGGGCTTGTGAGC-1_V12D07-075_C1,2
GTTTGGGTTTCGCCCG-1_V12D07-075_C1,2
GTTTGGTAGGGTCAAC-1_V12D07-075_C1,2
TAAACGTCGTCAATGA-1_V12D07-075_C1,2
TAAAGACAACCCTTTA-1_V12D07-075_C1,3
TAAAGAGCCCGAAACC-1_V12D07-075_C1,3
TAAAGCGGTATTTCCA-1_V12D07-075_C1,2
TAAAGCGTTAGGAGAA-1_V12D07-075_C1,2
TAAAGCTGCAATAGGG-1_V12D07-075_C1,3
TAAATCTTTACACCTC-1_V12D07-075_C1,4
TAAATGAATCCGTTTC-1_V12D07-075_C1,2
TAAATGCCGTCTCATG-1_V12D07-075_C1,3
TAAATGGGCTACTGAG-1_V12D07-075_C1,2
TAACAAAGGGAGAAGC-1_V12D07-075_C1,2
TAACAATATTTGTTGC-1_V12D07-075_C1,2
TAACATACAATGTGGG-1_V12D07-075_C1,2
TAACCGCCCGCAGTGC-1_V12D07-075_C1,3
TAACCTACCGTCCGAG-1_V12D07-075_C1,3
TAACCTAGGGAGTCCA-1_V12D07-075_C1,2
TAACGCTTTGAGAGCG-1_V12D07-075_C1,2
TAACTATCGAAGGTCC-1_V12D07-075_C1,2
TAACTATTACGCCAAA-1_V12D07-075_C1,3
TAACTCATCCGCGCGG-1_V12D07-075_C1,2
TAACTCCATGGAGGCT-1_V12D07-075_C1,1
TAAGCAGGCGACACGC-1_V12D07-075_C1,2
TAAGCCCTTACGACCA-1_V12D07-075_C1,3
TAAGGCAACATAAGAT-1_V12D07-075_C1,2
TAAGGCATAACATCAA-1_V12D07-075_C1,2
TAAGGCCCGTCACCCT-1_V12D07-075_C1,2
TAAGGCTGAATCCCTC-1_V12D07-075_C1,2
TAAGGGCCTGTCCGAT-1_V12D07-075_C1,2
TAAGGGCTGGGAGAGG-1_V12D07-075_C1,2
TAAGTAAATGTGCCGC-1_V12D07-075_C1,3
TAAGTAACATCTTGAC-1_V12D07-075_C1,2
TAAGTCGGTGAGCTAG-1_V12D07-075_C1,2
TAAGTTGCGACGTAGG-1_V12D07-075_C1,2
TAATAAACAAGGAGAT-1_V12D07-075_C1,3
TAATACACAGTAGTAT-1_V12D07-075_C1,3
TAATACTAGAACAGAC-1_V12D07-075_C1,2
TAATAGAACAGAGTTA-1_V12D07-075_C1,2
TAATAGCTAAATGATG-1_V12D07-075_C1,3
TAATAGTGACGACCAG-1_V12D07-075_C1,2
TAATATTGAAATTCGC-1_V12D07-075_C1,3
TAATCAACCAAATGGG-1_V12D07-075_C1,3
TAATCGATCCGTACGT-1_V12D07-075_C1,2
TAATGAAAGACCCTTG-1_V12D07-075_C1,2
TAATTACGTCAGTAGA-1_V12D07-075_C1,2
TAATTAGGACATCCGT-1_V12D07-075_C1,2
TAATTCCAATGCTTCA-1_V12D07-075_C1,2
TAATTGGAATCGGGAA-1_V12D07-075_C1,3
TAATTTCCGTCCAGTA-1_V12D07-075_C1,2
TACAACGCACAACTCA-1_V12D07-075_C1,2
TACAAGGGCTTCTTTA-1_V12D07-075_C1,2
TACACCGTCGTTAGTC-1_V12D07-075_C1,4
TACACCTCTTCGAATC-1_V12D07-075_C1,2
TACATAGGCATACACC-1_V12D07-075_C1,2
TACATCTTGTTTCTTG-1_V12D07-075_C1,2
TACATGACCTTATCCG-1_V12D07-075_C1,2
TACATGCCGGAATTGT-1_V12D07-075_C1,3
TACATTTCTAACGTGC-1_V12D07-075_C1,2
TACCAAATAGCCCAGA-1_V12D07-075_C1,2
TACCAATAAAGTACCA-1_V12D07-075_C1,2
TACCAGAAGTAGGTTC-1_V12D07-075_C1,2
TACCAGCTAGGTTTAA-1_V12D07-075_C1,3
TACCATGTATTGATTT-1_V12D07-075_C1,3
TACCCTCGGTAACCCT-1_V12D07-075_C1,2
TACCGAATAATTGTAA-1_V12D07-075_C1,2
TACCGCGGACTTGCAG-1_V12D07-075_C1,2
TACCGGCTCACTGCCC-1_V12D07-075_C1,2
TACCGGTCGTTTCCAT-1_V12D07-075_C1,2
TACCGTAGGTTAACTA-1_V12D07-075_C1,2
TACCGTGCCTCGGACC-1_V12D07-075_C1,2
TACCTACTCCCAGTAT-1_V12D07-075_C1,2
TACCTATCCCTAGAGG-1_V12D07-075_C1,2
TACCTCACGCTTGTAC-1_V12D07-075_C1,3
TACCTCAGTTGTCTGT-1_V12D07-075_C1,2
TACCTCTTTACCATCC-1_V12D07-075_C1,2
TACCTGCTGCACTGTG-1_V12D07-075_C1,1
TACGAACACGACTTCA-1_V12D07-075_C1,2
TACGACGCTTGCTGCG-1_V12D07-075_C1,2
TACGACTGCCTCTTAG-1_V12D07-075_C1,2
TACGAGAACTTCACGT-1_V12D07-075_C1,2
TACGATGTTGATCATC-1_V12D07-075_C1,2
TACGCAGTTCTTTCCT-1_V12D07-075_C1,2
TACGCCATATTCTAAT-1_V12D07-075_C1,2
TACGCCGCCTCAGAAG-1_V12D07-075_C1,3
TACGCCTCCATTCCGA-1_V12D07-075_C1,2
TACGCTATAGAAACCT-1_V12D07-075_C1,3
TACGCTCGGTATTGGA-1_V12D07-075_C1,2
TACGGAAGCCAAACCA-1_V12D07-075_C1,2
TACGGCATGGACGCTA-1_V12D07-075_C1,2
TACGGGATGCTAGCAG-1_V12D07-075_C1,3
TACGTAAAGCGGAGTG-1_V12D07-075_C1,2
TACGTGCAAGGTTCCT-1_V12D07-075_C1,3
TACGTGCACTATGCTG-1_V12D07-075_C1,2
TACGTGGGCCCAGGGC-1_V12D07-075_C1,2
TACGTTTACCGGCAAT-1_V12D07-075_C1,2
TACTACGTGCAATGCG-1_V12D07-075_C1,2
TACTATGGTTCCTCAG-1_V12D07-075_C1,2
TACTCTCCGAACAAAT-1_V12D07-075_C1,3
TACTCTTACTTTACTG-1_V12D07-075_C1,2
TACTCTTTCGTCTTCA-1_V12D07-075_C1,2
TACTGAACAGATTTAG-1_V12D07-075_C1,2
TACTGCAATCAATTAC-1_V12D07-075_C1,3
TACTGGACAGCTCGGC-1_V12D07-075_C1,4
TACTGTTTCTCTGGTA-1_V12D07-075_C1,3
TACTTAAACATGTACA-1_V12D07-075_C1,2
TACTTGTTAGTAGTCC-1_V12D07-075_C1,2
TACTTTACTGAGCCGG-1_V12D07-075_C1,2
TAGAAACACAATAGTG-1_V12D07-075_C1,2
TAGAAACCACTAAGTA-1_V12D07-075_C1,3
TAGAAAGGTGGCGCTA-1_V12D07-075_C1,2
TAGAAATTCACGTATA-1_V12D07-075_C1,2
TAGAAGAAGGGTTACA-1_V12D07-075_C1,2
TAGAATAGCCGATGAA-1_V12D07-075_C1,2
TAGACGAAACGCCAAT-1_V12D07-075_C1,2
TAGACGCCCGTACCGG-1_V12D07-075_C1,2
TAGACTACCTAGCGTT-1_V12D07-075_C1,2
TAGAGCTACGAAGAAC-1_V12D07-075_C1,3
TAGAGGTTCTACTTGT-1_V12D07-075_C1,2
TAGAGTCTAAGCGAAC-1_V12D07-075_C1,2
TAGATATGGACTGGAA-1_V12D07-075_C1,2
TAGATCCGAAGTCGCA-1_V12D07-075_C1,3
TAGATGGTTCCTTACT-1_V12D07-075_C1,2
TAGATTCCTGGTTATT-1_V12D07-075_C1,1
TAGCAACCTGTCACAA-1_V12D07-075_C1,2
TAGCAGTATGACTAAA-1_V12D07-075_C1,2
TAGCCAGAGGGTCCGG-1_V12D07-075_C1,2
TAGCCATTTCAAAGTC-1_V12D07-075_C1,2
TAGCCGGCGGTCAGCG-1_V12D07-075_C1,2
TAGCGTCCCTCGATTG-1_V12D07-075_C1,2
TAGCGTCCGGTGTGGT-1_V12D07-075_C1,2
TAGCGTCGAATATTGA-1_V12D07-075_C1,2
TAGCGTTGGGTCTTAC-1_V12D07-075_C1,2
TAGCTAAGTCCGGGAG-1_V12D07-075_C1,2
TAGCTAGAAGGCATGA-1_V12D07-075_C1,2
TAGCTAGTGATGATGG-1_V12D07-075_C1,2
TAGCTCAGATCCTAGT-1_V12D07-075_C1,3
TAGCTCGCCTGATAAC-1_V12D07-075_C1,2
TAGGAACAGCCTCCAG-1_V12D07-075_C1,3
TAGGCATGTTACGCCA-1_V12D07-075_C1,3
TAGGCCTATATAGTCT-1_V12D07-075_C1,2
TAGGCTAAAGTGGCAC-1_V12D07-075_C1,2
TAGGGAGCTTGGGATG-1_V12D07-075_C1,2
TAGGGTGTTTCAAGAG-1_V12D07-075_C1,3
TAGGTCGCCGGAACTG-1_V12D07-075_C1,2
TAGGTGACGATAACCT-1_V12D07-075_C1,2
TAGGTGAGCCCTACTC-1_V12D07-075_C1,2
TAGGTGCTCGCCTAGC-1_V12D07-075_C1,2
TAGGTGTTCCACAGAT-1_V12D07-075_C1,2
TAGGTTCGAGTTCGTC-1_V12D07-075_C1,2
TAGTAGCTTATACCAG-1_V12D07-075_C1,2
TAGTCCCGGAGACCAC-1_V12D07-075_C1,2
TAGTCCGCAGAGAATG-1_V12D07-075_C1,2
TAGTCCGTATGCATAA-1_V12D07-075_C1,2
TAGTCGATCACGGGTT-1_V12D07-075_C1,2
TAGTCGGGATTCTTCG-1_V12D07-075_C1,2
TAGTCTAACAACGAGA-1_V12D07-075_C1,2
TAGTCTGTGACGTTGC-1_V12D07-075_C1,3
TAGTCTTTCCGAATTG-1_V12D07-075_C1,3
TAGTGCCCTCCAGAGT-1_V12D07-075_C1,2
TAGTGCTTGAATCCTT-1_V12D07-075_C1,2
TAGTGTCAGAAACGGC-1_V12D07-075_C1,2
TAGTTAAGATAGGATA-1_V12D07-075_C1,3
TAGTTTATTCTTGCTT-1_V12D07-075_C1,3
TATAAATCCACAAGCT-1_V12D07-075_C1,2
TATAAGTGAGGATAGC-1_V12D07-075_C1,2
TATACACAGACGCCTT-1_V12D07-075_C1,2
TATACACGCAAAGTAT-1_V12D07-075_C1,2
TATACCGAGTGCCACA-1_V12D07-075_C1,3
TATACGCGTCATCACT-1_V12D07-075_C1,2
TATAGAGTCGCTTGAA-1_V12D07-075_C1,2
TATAGATGGTCGCAGT-1_V12D07-075_C1,2
TATAGGGTACTCATGA-1_V12D07-075_C1,2
TATATCATTGATCAGT-1_V12D07-075_C1,2
TATATCCCTGGGAGGA-1_V12D07-075_C1,2
TATATGCTGGGTTGCC-1_V12D07-075_C1,2
TATATTACAAATGTCG-1_V12D07-075_C1,3
TATATTCGCGTCGATA-1_V12D07-075_C1,3
TATCAAAGGTCTGTAA-1_V12D07-075_C1,2
TATCACCATGTAAAGT-1_V12D07-075_C1,3
TATCACCCAACCGACC-1_V12D07-075_C1,3
TATCACTTCGAGTAAC-1_V12D07-075_C1,3
TATCCATATCATGCGA-1_V12D07-075_C1,3
TATCCGCACCGTCGGG-1_V12D07-075_C1,2
TATCCTATCAACTGGT-1_V12D07-075_C1,2
TATCCTGCATGGGAAT-1_V12D07-075_C1,3
TATCGATCTATGCATA-1_V12D07-075_C1,3
TATCGATGATTAAACG-1_V12D07-075_C1,2
TATCTACAGAGGTAAT-1_V12D07-075_C1,1
TATCTACCACAGCGGG-1_V12D07-075_C1,2
TATCTAGCCTAAAGGA-1_V12D07-075_C1,2
TATGAAGAATTAAGGT-1_V12D07-075_C1,2
TATGAAGACAGGTGCG-1_V12D07-075_C1,1
TATGATAAATCTAACG-1_V12D07-075_C1,3
TATGATCCGGCACGCC-1_V12D07-075_C1,4
TATGATTCTGCTTGGT-1_V12D07-075_C1,3
TATGCTCCCTACTTAC-1_V12D07-075_C1,2
TATGGAGTTTCTCGTT-1_V12D07-075_C1,3
TATGGATGTGCTACGC-1_V12D07-075_C1,2
TATGGCTAGGCTAATT-1_V12D07-075_C1,3
TATGGGACCGAGCAGG-1_V12D07-075_C1,2
TATGGGTACGTATCGT-1_V12D07-075_C1,2
TATGGTCTGAGTAACA-1_V12D07-075_C1,2
TATGGTTAGTGGGAGA-1_V12D07-075_C1,2
TATGTCAAGACCGACT-1_V12D07-075_C1,3
TATGTCTCATTGTGCC-1_V12D07-075_C1,2
TATTAACCTGACCGCG-1_V12D07-075_C1,2
TATTACCATCCTGCTT-1_V12D07-075_C1,2
TATTCAATTCTAATCC-1_V12D07-075_C1,2
TATTCCACTCAGCTCG-1_V12D07-075_C1,2
TATTCCGGCAGTCCTA-1_V12D07-075_C1,3
TATTCCTCCGCCCACT-1_V12D07-075_C1,2
TATTCGTGCCAGAATA-1_V12D07-075_C1,2
TATTGACATTTCTGCC-1_V12D07-075_C1,3
TATTGCCGGGCTTGTA-1_V12D07-075_C1,2
TATTTAGTCTAGATCG-1_V12D07-075_C1,3
TATTTATACCGAGTAG-1_V12D07-075_C1,3
TATTTGTTACCCTTTA-1_V12D07-075_C1,2
TCAAACAACCGCGTCG-1_V12D07-075_C1,2
TCAAACTTAGATTGTT-1_V12D07-075_C1,2
TCAAATTGTTGTGCCG-1_V12D07-075_C1,2
TCAAATTTGAGACTCA-1_V12D07-075_C1,2
TCAACACATTGGGTAA-1_V12D07-075_C1,3
TCAACATAGCGCCCTA-1_V12D07-075_C1,2
TCAACCATGTTCGGGC-1_V12D07-075_C1,3
TCAACGAGGAGACAAA-1_V12D07-075_C1,2
TCAACGCGACCGGCAG-1_V12D07-075_C1,2
TCAACTAACGTATAAC-1_V12D07-075_C1,1
TCAACTGCAGAGTCAG-1_V12D07-075_C1,2
TCAAGAAATACTAGCT-1_V12D07-075_C1,3
TCAAGCGCGGACGGTA-1_V12D07-075_C1,2
TCAAGGTTACTACACC-1_V12D07-075_C1,2
TCAATACAATTGCTGC-1_V12D07-075_C1,2
TCAATACGCCGTCATG-1_V12D07-075_C1,2
TCAATATACAGGAGGC-1_V12D07-075_C1,2
TCAATCCCGCGCCAAA-1_V12D07-075_C1,2
TCACAAACCGAGGTAC-1_V12D07-075_C1,2
TCACAGATCCTCAAAC-1_V12D07-075_C1,2
TCACAGCAAACTCGAA-1_V12D07-075_C1,2
TCACAGGAGAATAAGA-1_V12D07-075_C1,2
TCACAGGGAATCGCAA-1_V12D07-075_C1,2
TCACAGGTTATTGGGC-1_V12D07-075_C1,2
TCACATCTTATCTGAT-1_V12D07-075_C1,1
TCACCCTCTTAAGATT-1_V12D07-075_C1,2
TCACCGCTCGGCACTC-1_V12D07-075_C1,2
TCACGCATTGTAGATC-1_V12D07-075_C1,2
TCACGGTCATCGCACA-1_V12D07-075_C1,2
TCACGTGCCCGATTCA-1_V12D07-075_C1,2
TCACTACGACCAATGC-1_V12D07-075_C1,3
TCACTATCCCTTCGGT-1_V12D07-075_C1,2
TCACTCGTGCAACGGC-1_V12D07-075_C1,3
TCACTCTTCGTCTGTC-1_V12D07-075_C1,2
TCAGAACCTCCACAGG-1_V12D07-075_C1,3
TCAGACGCTATAGAAG-1_V12D07-075_C1,2
TCAGAGTGTGAGCATG-1_V12D07-075_C1,2
TCAGCAAATGCATCTC-1_V12D07-075_C1,2
TCAGCCAATCCGTAAA-1_V12D07-075_C1,2
TCAGGGCGACTTCCTT-1_V12D07-075_C1,2
TCAGGGTGCACGAAAC-1_V12D07-075_C1,3
TCAGGGTGTAACGTAA-1_V12D07-075_C1,2
TCAGGTTCTTTGAGAA-1_V12D07-075_C1,2
TCAGTACTGACCCGCG-1_V12D07-075_C1,2
TCAGTAGGGACTATAA-1_V12D07-075_C1,2
TCATAAGTCCAAGAAG-1_V12D07-075_C1,2
TCATACTTACAGATCC-1_V12D07-075_C1,2
TCATATGAGCTTTGTT-1_V12D07-075_C1,2
TCATCCCAGAGGGTGG-1_V12D07-075_C1,3
TCATCCTCAGCTGCTT-1_V12D07-075_C1,2
TCATCGACGACCGTCG-1_V12D07-075_C1,2
TCATGCAGGTTCTCAT-1_V12D07-075_C1,3
TCATTCGTATAATTTG-1_V12D07-075_C1,3
TCATTTAAGTCTCCGA-1_V12D07-075_C1,2
TCATTTAGAAGTGTGA-1_V12D07-075_C1,2
TCCAACTCAGCTATCT-1_V12D07-075_C1,2
TCCAACTTTAAATTCT-1_V12D07-075_C1,2
TCCAATAAAGGCTACC-1_V12D07-075_C1,2
TCCACAATGGTTTACG-1_V12D07-075_C1,2
TCCACATCGTATATTG-1_V12D07-075_C1,2
TCCACCAAGACATAGG-1_V12D07-075_C1,2
TCCACCTCTAGCCTTT-1_V12D07-075_C1,2
TCCACTTTATCTAGGT-1_V12D07-075_C1,2
TCCAGAGCACCGGTTC-1_V12D07-075_C1,2
TCCAGATGTACGCCAA-1_V12D07-075_C1,4
TCCAGCGCTATAAGCG-1_V12D07-075_C1,2
TCCAGGCGAGTACGGT-1_V12D07-075_C1,2
TCCAGGGTATATACGA-1_V12D07-075_C1,2
TCCATTAGTTGGATAG-1_V12D07-075_C1,2
TCCATTGTGACCTCGT-1_V12D07-075_C1,3
TCCCAAACAGACAACG-1_V12D07-075_C1,3
TCCCAAAGACGAAGGA-1_V12D07-075_C1,2
TCCCAAAGCCCTAAAT-1_V12D07-075_C1,3
TCCCACTCTCTTCCGG-1_V12D07-075_C1,3
TCCCAGCACACGACAT-1_V12D07-075_C1,2
TCCCAGCTTTAGTCTG-1_V12D07-075_C1,2
TCCCAGGCTTAGCTAA-1_V12D07-075_C1,2
TCCCGCCTATGTGCGT-1_V12D07-075_C1,3
TCCCGCGTACTCCTGG-1_V12D07-075_C1,2
TCCCGGGTGTGCTGCT-1_V12D07-075_C1,2
TCCCGGTCAGGAATTT-1_V12D07-075_C1,3
TCCCGTCAGTCCCGCA-1_V12D07-075_C1,3
TCCCGTCGCGTCATAG-1_V12D07-075_C1,3
TCCCGTGTGCAATTTG-1_V12D07-075_C1,2
TCCCTAGATCAATAGG-1_V12D07-075_C1,3
TCCCTCTTCTCAAGGG-1_V12D07-075_C1,2
TCCCTGGCTCGCTGGA-1_V12D07-075_C1,2
TCCCTTAGATTACTCG-1_V12D07-075_C1,3
TCCCTTGTCTGAAACT-1_V12D07-075_C1,2
TCCGAACGTTGCCGCT-1_V12D07-075_C1,3
TCCGAAGTAGTCACCA-1_V12D07-075_C1,3
TCCGAATGGTCCTGAG-1_V12D07-075_C1,3
TCCGAGAAGGCTAAGC-1_V12D07-075_C1,3
TCCGATGACTGAGCTC-1_V12D07-075_C1,3
TCCGATGGTGCGACAT-1_V12D07-075_C1,2
TCCGATTACATTGCCG-1_V12D07-075_C1,2
TCCGCAGCCACCTAGC-1_V12D07-075_C1,2
TCCGCCTGTCTACAAG-1_V12D07-075_C1,2
TCCGCGGCAGCATCTG-1_V12D07-075_C1,2
TCCGCGGCCCAATGAA-1_V12D07-075_C1,2
TCCGCTGTCATCCCGG-1_V12D07-075_C1,2
TCCGCTTATCCCATTA-1_V12D07-075_C1,2
TCCGGAGGAAGGGCTG-1_V12D07-075_C1,3
TCCGGCCTAGCGTACA-1_V12D07-075_C1,2
TCCGGCTGTCGGGTCG-1_V12D07-075_C1,2
TCCGGGCTTGACGGGA-1_V12D07-075_C1,2
TCCGGTTCGTCCGGTC-1_V12D07-075_C1,2
TCCGTTAAGCTAATAT-1_V12D07-075_C1,2
TCCGTTTAGCCTTGAA-1_V12D07-075_C1,2
TCCTAAAGATTCAGAC-1_V12D07-075_C1,2
TCCTAAATTGGGAAGC-1_V12D07-075_C1,2
TCCTAACCGTCGGGCA-1_V12D07-075_C1,2
TCCTACATCCACGGCC-1_V12D07-075_C1,2
TCCTAGCAAAGAAGCT-1_V12D07-075_C1,2
TCCTATCATAGGTAAC-1_V12D07-075_C1,3
TCCTCGGGCTGGGCTT-1_V12D07-075_C1,2
TCCTCTACGAGATGGC-1_V12D07-075_C1,2
TCCTCTGGCCCATTAG-1_V12D07-075_C1,3
TCCTGCCAACTGGAGA-1_V12D07-075_C1,3
TCCTGCGTTGATACTC-1_V12D07-075_C1,2
TCCTGGCGCTGCCTGG-1_V12D07-075_C1,3
TCCTTACGACGGTCCG-1_V12D07-075_C1,2
TCCTTCAATCCCTACG-1_V12D07-075_C1,2
TCCTTCAGTGGTCGAA-1_V12D07-075_C1,3
TCCTTGTCCTTTAATT-1_V12D07-075_C1,2
TCCTTTAAATCCGCTT-1_V12D07-075_C1,2
TCCTTTCTTACGCTTA-1_V12D07-075_C1,2
TCGAAATTTAGGACCA-1_V12D07-075_C1,2
TCGAAGAACCGAGCAC-1_V12D07-075_C1,2
TCGAGACCAACACCGT-1_V12D07-075_C1,2
TCGAGGGCAACAGACG-1_V12D07-075_C1,2
TCGATAGGCTAGTCGC-1_V12D07-075_C1,3
TCGCAAAGATGCATTT-1_V12D07-075_C1,2
TCGCACCAGGAGGCAG-1_V12D07-075_C1,2
TCGCACTAACGTTTGT-1_V12D07-075_C1,2
TCGCATAAAGGGCGCA-1_V12D07-075_C1,2
TCGCATCCCTAAGTGT-1_V12D07-075_C1,3
TCGCATTCAATGACTT-1_V12D07-075_C1,3
TCGCCCAACTGACTCC-1_V12D07-075_C1,3
TCGCCCACTGCGAGAG-1_V12D07-075_C1,2
TCGCCGAAGTTGCGTC-1_V12D07-075_C1,2
TCGCCGACATATTCGC-1_V12D07-075_C1,2
TCGCCGGATGGGCAAG-1_V12D07-075_C1,2
TCGCCGGTCGATCCGT-1_V12D07-075_C1,3
TCGCTAAACCGCTATC-1_V12D07-075_C1,3
TCGCTACTGGCTTTGA-1_V12D07-075_C1,2
TCGCTCGATATATTCC-1_V12D07-075_C1,2
TCGCTCGGCACCAGCG-1_V12D07-075_C1,3
TCGCTGCCAATGCTGT-1_V12D07-075_C1,2
TCGCTGGGCGGATTGT-1_V12D07-075_C1,2
TCGCTGTGCGTAAATC-1_V12D07-075_C1,2
TCGCTTAATTACGAAG-1_V12D07-075_C1,3
TCGCTTTAAACGTTTG-1_V12D07-075_C1,3
TCGGAATGCGCTCTGA-1_V12D07-075_C1,1
TCGGACGCCCAGCCCA-1_V12D07-075_C1,2
TCGGAGTACATGAGTA-1_V12D07-075_C1,2
TCGGCAGGGTTAAGGG-1_V12D07-075_C1,2
TCGGCGAACCCAAACC-1_V12D07-075_C1,2
TCGGCTTGTATCGACG-1_V12D07-075_C1,2
TCGGGAACGTGCCTAG-1_V12D07-075_C1,3
TCGGGAGACAGCGTAC-1_V12D07-075_C1,2
TCGGGATTCAAACATA-1_V12D07-075_C1,2
TCGGGCCGTCGTGGTA-1_V12D07-075_C1,2
TCGGGTGAAACTGCTA-1_V12D07-075_C1,3
TCGGTCCCTGACTCCA-1_V12D07-075_C1,3
TCGGTGACCGCTCCGG-1_V12D07-075_C1,3
TCGGTTAGCCATGTAG-1_V12D07-075_C1,3
TCGTAACTCCCAAGAC-1_V12D07-075_C1,2
TCGTAAGACGACATTG-1_V12D07-075_C1,2
TCGTAAGCTCCGAGGA-1_V12D07-075_C1,3
TCGTACCGACGTCAAG-1_V12D07-075_C1,2
TCGTATAGTGCAATTA-1_V12D07-075_C1,3
TCGTATTACCCATTGC-1_V12D07-075_C1,2
TCGTCACACTGTTAGC-1_V12D07-075_C1,1
TCGTCCGCTGGCGTCT-1_V12D07-075_C1,2
TCGTCCGGGTACACTC-1_V12D07-075_C1,3
TCGTCTTAGGCGTTAA-1_V12D07-075_C1,2
TCGTGTTCGACCACAA-1_V12D07-075_C1,2
TCGTTAGGAGTCCCTA-1_V12D07-075_C1,2
TCGTTCGTTATTATGT-1_V12D07-075_C1,3
TCGTTGACAGGGTCCC-1_V12D07-075_C1,2
TCGTTGCTATCCGGTC-1_V12D07-075_C1,2
TCGTTGGCTCGTCAAT-1_V12D07-075_C1,3
TCGTTTACGCGACCCT-1_V12D07-075_C1,2
TCTAACTGTATGTAAA-1_V12D07-075_C1,2
TCTACACGTTCATGCA-1_V12D07-075_C1,3
TCTACCCAATAGAGAG-1_V12D07-075_C1,2
TCTACCGTCCACAAGC-1_V12D07-075_C1,2
TCTAGCAATCTCCGCC-1_V12D07-075_C1,2
TCTAGCATCTTCGATG-1_V12D07-075_C1,2
TCTAGCATGCCCAGAA-1_V12D07-075_C1,2
TCTAGGTGGCGACGCT-1_V12D07-075_C1,2
TCTAGTGATATCGTGG-1_V12D07-075_C1,2
TCTAGTTATCAGAAGA-1_V12D07-075_C1,2
TCTATAGGTGGGTAAT-1_V12D07-075_C1,2
TCTATCATGCAGTTAC-1_V12D07-075_C1,2
TCTATCGGTCGCAACA-1_V12D07-075_C1,2
TCTATGCTATAACGAC-1_V12D07-075_C1,2
TCTATTACGCTGGCGA-1_V12D07-075_C1,2
TCTCAAATCAATCGGG-1_V12D07-075_C1,2
TCTCATGAGATAGGGT-1_V12D07-075_C1,2
TCTCCAACGTAGGTTA-1_V12D07-075_C1,3
TCTCCACAAGTTGAAT-1_V12D07-075_C1,2
TCTCCCTGGGCAGCGT-1_V12D07-075_C1,2
TCTCGAACGAGGTCAC-1_V12D07-075_C1,3
TCTCGAGGAGGTTCGC-1_V12D07-075_C1,2
TCTCGGCTCCAGGACT-1_V12D07-075_C1,3
TCTCTAATAGCTGGTA-1_V12D07-075_C1,3
TCTCTCGCCGCACATA-1_V12D07-075_C1,2
TCTGAACCGGTCGGCT-1_V12D07-075_C1,2
TCTGAACTCGTACCCG-1_V12D07-075_C1,2
TCTGAAGCACGTGGTC-1_V12D07-075_C1,2
TCTGAATTCCGTACAA-1_V12D07-075_C1,2
TCTGACGGGCTAACCC-1_V12D07-075_C1,3
TCTGACTGTAATGGTT-1_V12D07-075_C1,2
TCTGAGCAATTGACTG-1_V12D07-075_C1,2
TCTGATCGGGTGCTAG-1_V12D07-075_C1,3
TCTGATGTATTCTGTC-1_V12D07-075_C1,2
TCTGATTGGAAATGGA-1_V12D07-075_C1,3
TCTGCAGATTCGAGTC-1_V12D07-075_C1,2
TCTGCATACCTTGCTT-1_V12D07-075_C1,2
TCTGCCAGAAACTGCA-1_V12D07-075_C1,2
TCTGCGTCCGGTTTCT-1_V12D07-075_C1,2
TCTGCTTAGAACAAGC-1_V12D07-075_C1,3
TCTGGAGCGTAAGAGT-1_V12D07-075_C1,3
TCTGGCCGTTCAAGTT-1_V12D07-075_C1,3
TCTGGCGCAAGCCGGG-1_V12D07-075_C1,2
TCTGGGAACCTTTGAA-1_V12D07-075_C1,2
TCTGGGTAGCGCTCAT-1_V12D07-075_C1,2
TCTGTCATACAAGAGC-1_V12D07-075_C1,3
TCTGTGATGGAGGTTG-1_V12D07-075_C1,3
TCTGTGCCATCATAGT-1_V12D07-075_C1,2
TCTGTTACCCAGCATA-1_V12D07-075_C1,2
TCTTAACTCGGATGTA-1_V12D07-075_C1,2
TCTTACAGAGGTACCG-1_V12D07-075_C1,3
TCTTACCGGAACTCGT-1_V12D07-075_C1,3
TCTTACGGCATCCGAC-1_V12D07-075_C1,2
TCTTACTTATGCCTCT-1_V12D07-075_C1,2
TCTTAGAGCTCCAATT-1_V12D07-075_C1,2
TCTTAGAGTGAACTCT-1_V12D07-075_C1,2
TCTTCCCATGGGCACA-1_V12D07-075_C1,2
TCTTCGAATAGACGTT-1_V12D07-075_C1,2
TCTTCGATACCAATAA-1_V12D07-075_C1,2
TCTTCGCGGTGAGAGG-1_V12D07-075_C1,2
TCTTCTATAACCCGCC-1_V12D07-075_C1,2
TCTTGATGCGTAGCGA-1_V12D07-075_C1,2
TCTTGCTCCCGATACT-1_V12D07-075_C1,2
TCTTGGTAACACCAAA-1_V12D07-075_C1,3
TCTTTAAGACTATGAA-1_V12D07-075_C1,2
TCTTTAGAGTCTAACA-1_V12D07-075_C1,2
TCTTTAGCAGGCGAAC-1_V12D07-075_C1,3
TCTTTCCTTCGAGATA-1_V12D07-075_C1,2
TGAAACTTATGCAAGC-1_V12D07-075_C1,3
TGAAAGGACCTGACTC-1_V12D07-075_C1,2
TGAACTGCTATGACTT-1_V12D07-075_C1,2
TGAAGAGCGGTCCTAG-1_V12D07-075_C1,2
TGAAGTAGCTTACGGA-1_V12D07-075_C1,2
TGAATACCGACGCGTA-1_V12D07-075_C1,2
TGAATATGCTATAAAC-1_V12D07-075_C1,3
TGAATGAGTGTTTCCC-1_V12D07-075_C1,2
TGAATGTCAGCCGGCC-1_V12D07-075_C1,2
TGACAACGCATGTCGC-1_V12D07-075_C1,3
TGACACTTCTCTTTGC-1_V12D07-075_C1,3
TGACATATATGACGAT-1_V12D07-075_C1,2
TGACATCGAGCGGACC-1_V12D07-075_C1,2
TGACATGTAACGTGAC-1_V12D07-075_C1,2
TGACCAAATCTTAAAC-1_V12D07-075_C1,2
TGACCAGCTTCAAAGT-1_V12D07-075_C1,3
TGACCCACGTTAGACA-1_V12D07-075_C1,2
TGACGATGCACTAGAA-1_V12D07-075_C1,2
TGACTATAATCCTTTC-1_V12D07-075_C1,2
TGACTCTAACTGGTAA-1_V12D07-075_C1,2
TGAGAATGCTTTACCG-1_V12D07-075_C1,3
TGAGACGTACCTCTCA-1_V12D07-075_C1,2
TGAGAGATTTACCACG-1_V12D07-075_C1,2
TGAGATCAAATACTCA-1_V12D07-075_C1,3
TGAGATTAGGCCCTAA-1_V12D07-075_C1,3
TGAGCAGTCGTGAAGT-1_V12D07-075_C1,1
TGAGCCATACAGTCTC-1_V12D07-075_C1,2
TGAGCGGAAAGTGTTC-1_V12D07-075_C1,2
TGAGCTCAACTGTATA-1_V12D07-075_C1,2
TGAGCTTTAATGACGC-1_V12D07-075_C1,3
TGAGGAGTGCCAGCTT-1_V12D07-075_C1,2
TGAGGTGTGTGGCGGA-1_V12D07-075_C1,2
TGAGTAAATTAGCGTA-1_V12D07-075_C1,2
TGAGTGCCTCTTAAAT-1_V12D07-075_C1,2
TGAGTGGTCCGTGACG-1_V12D07-075_C1,2
TGAGTTAAAGACATTC-1_V12D07-075_C1,2
TGATACATTTAGCCGT-1_V12D07-075_C1,2
TGATAGCGGGATTCTA-1_V12D07-075_C1,2
TGATCACCACACTGAC-1_V12D07-075_C1,2
TGATCCCAGCATTAGT-1_V12D07-075_C1,2
TGATCGGTTTGACCCT-1_V12D07-075_C1,2
TGATCTACGCTGATCT-1_V12D07-075_C1,3
TGATCTATCACACTCT-1_V12D07-075_C1,2
TGATCTCCGGCGCCAG-1_V12D07-075_C1,2
TGATGGCTGTTTCTGA-1_V12D07-075_C1,3
TGATGTCAATTAAGTG-1_V12D07-075_C1,2
TGATTATGGCACGCAG-1_V12D07-075_C1,3
TGATTCCCGGTTACCT-1_V12D07-075_C1,2
TGATTCGTCTATCACT-1_V12D07-075_C1,2
TGATTCTGTCGCCGGT-1_V12D07-075_C1,2
TGATTTATTAGCTGTG-1_V12D07-075_C1,2
TGATTTCCTCCTGACG-1_V12D07-075_C1,4
TGCAAAGTTCGTCTGT-1_V12D07-075_C1,2
TGCAACCCATCTGCGG-1_V12D07-075_C1,2
TGCAACTACTGGTTGA-1_V12D07-075_C1,2
TGCAAGAATGACGTAA-1_V12D07-075_C1,2
TGCAATCTAACACGGT-1_V12D07-075_C1,2
TGCAATTTGGGCACGG-1_V12D07-075_C1,3
TGCACAGTGAAGTTAT-1_V12D07-075_C1,3
TGCACGAGTCGGCAGC-1_V12D07-075_C1,3
TGCACTATGTGAGTGC-1_V12D07-075_C1,2
TGCAGAGTACCGAGCA-1_V12D07-075_C1,2
TGCAGGATCGGCAAAG-1_V12D07-075_C1,2
TGCAGTGAGGCTCGGG-1_V12D07-075_C1,3
TGCAGTTTCCTCCCAT-1_V12D07-075_C1,2
TGCATATGTCTGTCAC-1_V12D07-075_C1,2
TGCATGGATCGGATCT-1_V12D07-075_C1,3
TGCATGTGGTAATCTA-1_V12D07-075_C1,2
TGCCAATGGGTACTCT-1_V12D07-075_C1,2
TGCCACCTGGCGAAAC-1_V12D07-075_C1,3
TGCCAGTACGTGGAGA-1_V12D07-075_C1,2
TGCCATTACTAAAGAA-1_V12D07-075_C1,3
TGCCCGTACCGTTAAA-1_V12D07-075_C1,2
TGCCGAAAGCGTATTC-1_V12D07-075_C1,3
TGCCGTGGATCGTCCT-1_V12D07-075_C1,2
TGCCTAAATTTAATAG-1_V12D07-075_C1,3
TGCCTAATTGAAGATT-1_V12D07-075_C1,2
TGCCTGACATCGGTCA-1_V12D07-075_C1,2
TGCCTGATCAAACGAT-1_V12D07-075_C1,2
TGCCTTGGCCAGGCAA-1_V12D07-075_C1,2
TGCGACACCCTAGTGC-1_V12D07-075_C1,2
TGCGAGAATATTACCC-1_V12D07-075_C1,2
TGCGAGATGGCGGCCA-1_V12D07-075_C1,3
TGCGAGCCCTTCCGCG-1_V12D07-075_C1,3
TGCGCAAAGCATTTGG-1_V12D07-075_C1,2
TGCGCCGTTAATAACG-1_V12D07-075_C1,3
TGCGCGATTAACGGAG-1_V12D07-075_C1,2
TGCGGACTTGACTCCG-1_V12D07-075_C1,2
TGCGGAGTAAAGGTGC-1_V12D07-075_C1,2
TGCGGCATAGTTCAAC-1_V12D07-075_C1,3
TGCGGTGAAATTTCAT-1_V12D07-075_C1,3
TGCGTAAGAACCTGAT-1_V12D07-075_C1,2
TGCGTACGGCTAATTG-1_V12D07-075_C1,2
TGCGTGATTGGGTGTC-1_V12D07-075_C1,2
TGCGTTTGTTGACACT-1_V12D07-075_C1,2
TGCTAAGTGTCTATTT-1_V12D07-075_C1,2
TGCTATACAAACGGAC-1_V12D07-075_C1,3
TGCTCCACAGTTCTTA-1_V12D07-075_C1,2
TGCTCGGCGAAACCCA-1_V12D07-075_C1,2
TGCTCGGTGGGTCACC-1_V12D07-075_C1,2
TGCTCTTGAGAGTTTG-1_V12D07-075_C1,2
TGCTGGTTGGACAATT-1_V12D07-075_C1,2
TGCTGTTGAAGAACTC-1_V12D07-075_C1,2
TGCTTCCCAAGCAGTA-1_V12D07-075_C1,2
TGCTTGAAACCATGCA-1_V12D07-075_C1,1
TGGAACCACTGACACA-1_V12D07-075_C1,3
TGGAAGAAGGGAACGT-1_V12D07-075_C1,2
TGGAAGACGAACACCA-1_V12D07-075_C1,3
TGGAAGGATAAAGATG-1_V12D07-075_C1,2
TGGAATATCCTTGACC-1_V12D07-075_C1,3
TGGAATTAGACGCTTT-1_V12D07-075_C1,2
TGGACACCGTTGCTTG-1_V12D07-075_C1,2
TGGACCAATCTAAGAT-1_V12D07-075_C1,2
TGGACCACGGCGTTGA-1_V12D07-075_C1,1
TGGACGTAGGCGAATC-1_V12D07-075_C1,2
TGGACTGTTCGCTCAA-1_V12D07-075_C1,2
TGGAGGGAAACACCTC-1_V12D07-075_C1,3
TGGAGTGATGCGATGA-1_V12D07-075_C1,2
TGGCAAACTAAATTAC-1_V12D07-075_C1,2
TGGCAACTCGCGCGCC-1_V12D07-075_C1,3
TGGCAAGCACAAGTCG-1_V12D07-075_C1,2
TGGCAATGGGACGGCG-1_V12D07-075_C1,2
TGGCACGAGCTCGAGT-1_V12D07-075_C1,3
TGGCAGATTACGATCA-1_V12D07-075_C1,2
TGGCAGCAGTAATAGT-1_V12D07-075_C1,2
TGGCCAAACTGAAGTA-1_V12D07-075_C1,2
TGGCCGTATATTGACC-1_V12D07-075_C1,2
TGGCGACTGCTCCAAA-1_V12D07-075_C1,2
TGGCGATCAAGTTATG-1_V12D07-075_C1,2
TGGCGGTGTGCGATTG-1_V12D07-075_C1,3
TGGCTACACTCTACCT-1_V12D07-075_C1,2
TGGCTATGTGACATAC-1_V12D07-075_C1,2
TGGCTTGTACAAGCTT-1_V12D07-075_C1,3
TGGCTTTGGGTAGACA-1_V12D07-075_C1,3
TGGGAAATGCCTTTCC-1_V12D07-075_C1,2
TGGGACCATTGGGAGT-1_V12D07-075_C1,2
TGGGATGCACTCATTC-1_V12D07-075_C1,3
TGGGCAATAGTTGGGT-1_V12D07-075_C1,2
TGGGCACAAACAGAAC-1_V12D07-075_C1,3
TGGGCACGTTCTATGG-1_V12D07-075_C1,3
TGGGCAGGCCACCGCA-1_V12D07-075_C1,2
TGGGCCACAAGAGCGC-1_V12D07-075_C1,3
TGGGCCCATACTAATT-1_V12D07-075_C1,2
TGGGCGATACAATAAG-1_V12D07-075_C1,2
TGGGTAAGGTTCCCGC-1_V12D07-075_C1,3
TGGGTGCACAAGCCAT-1_V12D07-075_C1,2
TGGGTGGGATGTCATT-1_V12D07-075_C1,3
TGGGTGTAATAGATTT-1_V12D07-075_C1,2
TGGGTTCCCGGACGGA-1_V12D07-075_C1,2
TGGTAAGCAGGATTGA-1_V12D07-075_C1,2
TGGTAGAATATATGGG-1_V12D07-075_C1,2
TGGTATCGCATCCCAA-1_V12D07-075_C1,3
TGGTATCGGTCTGTAT-1_V12D07-075_C1,3
TGGTCCCACGCTACGG-1_V12D07-075_C1,2
TGGTCGTGCAAGGCAA-1_V12D07-075_C1,2
TGGTCTAGCTTACATG-1_V12D07-075_C1,2
TGGTCTGTTGGGCGTA-1_V12D07-075_C1,2
TGGTGATCGTATTTGT-1_V12D07-075_C1,2
TGGTTAAGGGCGCTGG-1_V12D07-075_C1,4
TGGTTATGCTTGCGGT-1_V12D07-075_C1,2
TGGTTCAACGGGTAAT-1_V12D07-075_C1,2
TGGTTCGTAGCAAAGG-1_V12D07-075_C1,3
TGGTTGGAGGATCCTG-1_V12D07-075_C1,3
TGGTTTAAACGTGGGT-1_V12D07-075_C1,3
TGTAATGACCACAATA-1_V12D07-075_C1,2
TGTACCTACACGAGGG-1_V12D07-075_C1,2
TGTACGAACAAATCCG-1_V12D07-075_C1,2
TGTACTACTCTCACGG-1_V12D07-075_C1,3
TGTACTGTGCCAAAGT-1_V12D07-075_C1,3
TGTACTTCCGGGCATG-1_V12D07-075_C1,2
TGTAGCCATCCCATTC-1_V12D07-075_C1,2
TGTAGGAGAAATTTCC-1_V12D07-075_C1,2
TGTAGTGATCTATAAT-1_V12D07-075_C1,2
TGTATAACAGATCCTG-1_V12D07-075_C1,2
TGTATACGGATGATGA-1_V12D07-075_C1,3
TGTATCAGACTGAAGC-1_V12D07-075_C1,3
TGTATCCTTATTCCAT-1_V12D07-075_C1,3
TGTATGGCGCAGACAG-1_V12D07-075_C1,2
TGTATTTACCTAATGC-1_V12D07-075_C1,3
TGTCATTTGTTGGGAA-1_V12D07-075_C1,3
TGTCCACGGCTCAACT-1_V12D07-075_C1,2
TGTCCCGACATAGCAC-1_V12D07-075_C1,3
TGTCCGTGGCGCCTTT-1_V12D07-075_C1,2
TGTCGGCATGGTGGAA-1_V12D07-075_C1,3
TGTCTACAGTTTCTGT-1_V12D07-075_C1,3
TGTGACTACGCCAGTC-1_V12D07-075_C1,3
TGTGACTAGAGTTTGC-1_V12D07-075_C1,2
TGTGAGACTAGCCCAA-1_V12D07-075_C1,2
TGTGCCGGTGCCGGAA-1_V12D07-075_C1,2
TGTGCTTTACGTAAGA-1_V12D07-075_C1,2
TGTGGCAAAGCGTATG-1_V12D07-075_C1,2
TGTGGCGGGCTTCTGG-1_V12D07-075_C1,2
TGTGGCTCCCACCAAC-1_V12D07-075_C1,3
TGTGGTAGGGTGCCTT-1_V12D07-075_C1,3
TGTGGTTGCTAAAGCT-1_V12D07-075_C1,2
TGTGTAGTAGCACGTG-1_V12D07-075_C1,2
TGTGTCGCGAGTTGCA-1_V12D07-075_C1,2
TGTGTTCGTATCCAAG-1_V12D07-075_C1,2
TGTTATTGTATGTGGC-1_V12D07-075_C1,2
TGTTCCGCTTCCATGA-1_V12D07-075_C1,2
TGTTCCGGCCTGAGCT-1_V12D07-075_C1,2
TGTTCGTATTGCGGTG-1_V12D07-075_C1,2
TGTTCTCATACTATAG-1_V12D07-075_C1,2
TGTTCTTCCATTGACT-1_V12D07-075_C1,2
TGTTGCCGTCGTCCCA-1_V12D07-075_C1,3
TGTTGTCAAGAAGTCT-1_V12D07-075_C1,3
TGTTTCGGTACTTCTC-1_V12D07-075_C1,3
TGTTTGAGATCGTCAG-1_V12D07-075_C1,2
TTAAACAGAGTCCCGC-1_V12D07-075_C1,3
TTAAACCGGTAGCGAC-1_V12D07-075_C1,3
TTAAACCTGGTTCCTT-1_V12D07-075_C1,2
TTAAACTCGAATTCAT-1_V12D07-075_C1,2
TTAACCAACCCTCCCT-1_V12D07-075_C1,3
TTAACGAACAAGCAGT-1_V12D07-075_C1,3
TTAACGTCGCAAGACC-1_V12D07-075_C1,3
TTAACGTTAAAGCCTG-1_V12D07-075_C1,2
TTAACTCACGCGTGGA-1_V12D07-075_C1,2
TTAACTGATCGTTTGG-1_V12D07-075_C1,2
TTAAGACGAACGAACC-1_V12D07-075_C1,3
TTAAGATAGGATTGAC-1_V12D07-075_C1,2
TTAAGCCGACAACTTC-1_V12D07-075_C1,3
TTAAGCGCCTGACCCA-1_V12D07-075_C1,2
TTAAGGATACGGAGGT-1_V12D07-075_C1,1
TTAAGTATTGTTATCC-1_V12D07-075_C1,2
TTAATCAGTACGTCAG-1_V12D07-075_C1,3
TTAATGTAGACCAGGT-1_V12D07-075_C1,2
TTAATGTGTTTGCAGG-1_V12D07-075_C1,2
TTAATTGCTTTGGGTG-1_V12D07-075_C1,2
TTAATTTCAGACGCGG-1_V12D07-075_C1,3
TTACAACTACGCATCC-1_V12D07-075_C1,3
TTACACGATCTGCGAC-1_V12D07-075_C1,2
TTACAGACCTAAATGA-1_V12D07-075_C1,2
TTACATCGTGGCCTGG-1_V12D07-075_C1,2
TTACATGCCACAACTA-1_V12D07-075_C1,2
TTACCATTGATTACCC-1_V12D07-075_C1,2
TTACCCATTGCCGGGT-1_V12D07-075_C1,3
TTACCCTAACAGTCCT-1_V12D07-075_C1,2
TTACCCTAGGGATTGG-1_V12D07-075_C1,2
TTACGGATGGTTCGAG-1_V12D07-075_C1,2
TTACGGTGTCACCGAG-1_V12D07-075_C1,3
TTACGTATCTATGACA-1_V12D07-075_C1,2
TTACTAAAGGACTTTA-1_V12D07-075_C1,2
TTACTCCGGCCGGGAA-1_V12D07-075_C1,2
TTACTCTGGTACGTAC-1_V12D07-075_C1,2
TTACTGGGATATTTCA-1_V12D07-075_C1,2
TTACTGTCTAGAGCTC-1_V12D07-075_C1,3
TTAGAAGAACATGACT-1_V12D07-075_C1,2
TTAGAATAAGGGTCGG-1_V12D07-075_C1,2
TTAGACACGATCGTTG-1_V12D07-075_C1,3
TTAGACGAGTCACCTC-1_V12D07-075_C1,2
TTAGAGTTTAGAAGGA-1_V12D07-075_C1,2
TTAGCTAATACGATCT-1_V12D07-075_C1,3
TTAGCTCTGTAATCCG-1_V12D07-075_C1,1
TTAGCTGATTTGCCGT-1_V12D07-075_C1,2
TTAGGATGGGAGGGTA-1_V12D07-075_C1,3
TTAGTAAACCTGCTCT-1_V12D07-075_C1,2
TTAGTAGGGCGGCGGG-1_V12D07-075_C1,2
TTAGTTATTCGTGGCA-1_V12D07-075_C1,2
TTAGTTCAAGTGTTCG-1_V12D07-075_C1,3
TTATAGATGCACATTA-1_V12D07-075_C1,3
TTATAGGTAATTGTCT-1_V12D07-075_C1,2
TTATAGTCCAAGGTGC-1_V12D07-075_C1,3
TTATATACGCTGTCAC-1_V12D07-075_C1,2
TTATATTTGGCAATCC-1_V12D07-075_C1,2
TTATCCAATCGAACTC-1_V12D07-075_C1,1
TTATCCGGGATCTATA-1_V12D07-075_C1,2
TTATCTGTATCATAAC-1_V12D07-075_C1,3
TTATGAATGAAAGGGA-1_V12D07-075_C1,2
TTATGACAAACTGGAT-1_V12D07-075_C1,2
TTATGATCTTAACGAA-1_V12D07-075_C1,2
TTATGCGTCCCGGTCC-1_V12D07-075_C1,3
TTATTAGAGCGTGTTC-1_V12D07-075_C1,2
TTATTTAGGTTCCTTA-1_V12D07-075_C1,2
TTCAAAGTCTCTAGCC-1_V12D07-075_C1,2
TTCAACGACCCGACCG-1_V12D07-075_C1,2
TTCAAGCCGAGCTGAG-1_V12D07-075_C1,3
TTCAATACTCTGAATC-1_V12D07-075_C1,2
TTCACGAAAGGATCAC-1_V12D07-075_C1,2
TTCACTCGAGCACCTA-1_V12D07-075_C1,2
TTCACTTCCTAGAACG-1_V12D07-075_C1,2
TTCAGAGTAACCTGAC-1_V12D07-075_C1,1
TTCAGCCCTGGTCCAC-1_V12D07-075_C1,2
TTCAGCTGGCGTGCCC-1_V12D07-075_C1,2
TTCAGTTTGTGGCAGC-1_V12D07-075_C1,2
TTCATAGCCTTGTAAC-1_V12D07-075_C1,2
TTCATAGGGTGTCCAT-1_V12D07-075_C1,2
TTCATGGCGCAACAGG-1_V12D07-075_C1,3
TTCCAATCAGAGCTAG-1_V12D07-075_C1,2
TTCCAATCTGGCTATC-1_V12D07-075_C1,2
TTCCACACAGATTTGA-1_V12D07-075_C1,2
TTCCAGACGAGATTTA-1_V12D07-075_C1,3
TTCCATCATGCGGTGA-1_V12D07-075_C1,3
TTCCATCGACAGCGTG-1_V12D07-075_C1,2
TTCCGCAGAGAAATAT-1_V12D07-075_C1,3
TTCCGCGTGAGGCGAT-1_V12D07-075_C1,2
TTCCGGCCTTGAGGCT-1_V12D07-075_C1,2
TTCCGGCTCGACTTCT-1_V12D07-075_C1,3
TTCCGGTATCTGTGTC-1_V12D07-075_C1,3
TTCCGGTTACCCACTT-1_V12D07-075_C1,2
TTCCTCGAGGGTGTCT-1_V12D07-075_C1,3
TTCGACAGAGCCCGTG-1_V12D07-075_C1,2
TTCGACGGGAAGGGCG-1_V12D07-075_C1,2
TTCGCACTCGCGTGCT-1_V12D07-075_C1,2
TTCGCACTGTACGACA-1_V12D07-075_C1,2
TTCGCATCCGGAAGCA-1_V12D07-075_C1,2
TTCGCGCGCCATACGA-1_V12D07-075_C1,2
TTCGCTAGGAAGTTGT-1_V12D07-075_C1,3
TTCGCTATCTGACGTG-1_V12D07-075_C1,3
TTCGGACTGATGCCTT-1_V12D07-075_C1,3
TTCGGCAACCCGCTGA-1_V12D07-075_C1,3
TTCGGGACTAATCGCG-1_V12D07-075_C1,2
TTCGGGTTGCCACGGG-1_V12D07-075_C1,2
TTCGGTACTGTAGAGG-1_V12D07-075_C1,2
TTCGGTGGAGACGCCC-1_V12D07-075_C1,3
TTCGTAATCCCAGCGG-1_V12D07-075_C1,3
TTCGTTCAACGAAGTT-1_V12D07-075_C1,3
TTCTAACCGAAGCTTA-1_V12D07-075_C1,2
TTCTACCTTTATGTTG-1_V12D07-075_C1,3
TTCTACTTGCGAGGGC-1_V12D07-075_C1,2
TTCTAGAAAGTCTTAT-1_V12D07-075_C1,2
TTCTAGGCCAATTGTG-1_V12D07-075_C1,2
TTCTATGCCTTTCGCA-1_V12D07-075_C1,3
TTCTATTAAACGCAGC-1_V12D07-075_C1,2
TTCTGCCGCGCCTAGA-1_V12D07-075_C1,2
TTCTGCGAGCGCCCTT-1_V12D07-075_C1,2
TTCTGCGGGTTAGCGG-1_V12D07-075_C1,2
TTCTGCTAGACTCCAA-1_V12D07-075_C1,2
TTCTGTTTCCTGTCGC-1_V12D07-075_C1,2
TTCTTAGTGAACGGTG-1_V12D07-075_C1,2
TTCTTAGTGGCTCAGA-1_V12D07-075_C1,3
TTCTTATCCGCTGGGT-1_V12D07-075_C1,2
TTCTTGAGCCGCGCTA-1_V12D07-075_C1,2
TTCTTGGAGTAATGAG-1_V12D07-075_C1,3
TTCTTGTAACCTAATG-1_V12D07-075_C1,2
TTCTTGTGTCCATCAG-1_V12D07-075_C1,2
TTCTTTGGTCGCGACG-1_V12D07-075_C1,3
TTGAAACCCTCATTCC-1_V12D07-075_C1,2
TTGAAAGGTGTAAAGG-1_V12D07-075_C1,3
TTGAACGACGTGCTGA-1_V12D07-075_C1,2
TTGAAGAATTCCCAGG-1_V12D07-075_C1,2
TTGAATATGGACTTTC-1_V12D07-075_C1,2
TTGAATTCACGTGAGG-1_V12D07-075_C1,2
TTGACAGGAGCTCCCG-1_V12D07-075_C1,2
TTGACATGAACGTGGA-1_V12D07-075_C1,2
TTGACCAGGAACAACT-1_V12D07-075_C1,2
TTGACCATGTTCTCCG-1_V12D07-075_C1,3
TTGACCGTGTTAATGA-1_V12D07-075_C1,2
TTGACGCTCCATGAGC-1_V12D07-075_C1,2
TTGACTACCATATGGT-1_V12D07-075_C1,2
TTGACTATTGTCCGGC-1_V12D07-075_C1,2
TTGAGAAGTTTAGCAT-1_V12D07-075_C1,2
TTGAGAGTACTGCTAA-1_V12D07-075_C1,2
TTGAGCAGCCCACGGT-1_V12D07-075_C1,3
TTGAGCGCCACGTGAT-1_V12D07-075_C1,3
TTGAGGCATTTAACTC-1_V12D07-075_C1,3
TTGAGTCCCGCTGCTG-1_V12D07-075_C1,3
TTGATAGTCAATACAT-1_V12D07-075_C1,3
TTGATCTAACTTTGTC-1_V12D07-075_C1,2
TTGATGTGTAGTCCCG-1_V12D07-075_C1,3
TTGATTAGCTGTTTCT-1_V12D07-075_C1,2
TTGATTATGCAGATGA-1_V12D07-075_C1,2
TTGCAAGAAGACTCCT-1_V12D07-075_C1,2
TTGCACAATTCAGAAA-1_V12D07-075_C1,2
TTGCACGGAGCAGCAC-1_V12D07-075_C1,3
TTGCATGCTGATCACG-1_V12D07-075_C1,2
TTGCCAAGCAGAACCC-1_V12D07-075_C1,3
TTGCCCTGATCACGGG-1_V12D07-075_C1,2
TTGCCGCTTTCTAGTA-1_V12D07-075_C1,2
TTGCCGGTGATCCCTC-1_V12D07-075_C1,3
TTGCCTTCTCGCCGGG-1_V12D07-075_C1,2
TTGCGCTCTCTCGCTT-1_V12D07-075_C1,2
TTGCGCTTGATCAATA-1_V12D07-075_C1,2
TTGCGGCATCAGAAAG-1_V12D07-075_C1,2
TTGCGTCGGCCAACCG-1_V12D07-075_C1,2
TTGCGTGAACGCTTAG-1_V12D07-075_C1,3
TTGCGTGTGTAGGCAT-1_V12D07-075_C1,2
TTGCTCCCATACCGGA-1_V12D07-075_C1,2
TTGCTGAAGGAACCAC-1_V12D07-075_C1,3
TTGCTGATCATGTTCG-1_V12D07-075_C1,2
TTGCTGGCCGGGCTTC-1_V12D07-075_C1,3
TTGGACATGTGGCTTA-1_V12D07-075_C1,2
TTGGACCATCTGGCAA-1_V12D07-075_C1,2
TTGGACCTATAACAGT-1_V12D07-075_C1,2
TTGGAGTCTCCCTTCT-1_V12D07-075_C1,3
TTGGATATCGTCTACG-1_V12D07-075_C1,2
TTGGATCGACTTCTGG-1_V12D07-075_C1,3
TTGGATTGGGTACCAC-1_V12D07-075_C1,3
TTGGCCTAGAATTTCG-1_V12D07-075_C1,3
TTGGCGATCCGAATAT-1_V12D07-075_C1,3
TTGGCTCAATATGTGT-1_V12D07-075_C1,2
TTGGCTCGCATGAGAC-1_V12D07-075_C1,2
TTGGGAAGACGAGCCG-1_V12D07-075_C1,2
TTGGGACACTGCCCGC-1_V12D07-075_C1,2
TTGGGACGTAAGAGTT-1_V12D07-075_C1,2
TTGGGCGGCGGTTGCC-1_V12D07-075_C1,2
TTGGTATGGCTTGTGT-1_V12D07-075_C1,3
TTGGTCACACTCGTAA-1_V12D07-075_C1,2
TTGGTTCGCTCAAAGG-1_V12D07-075_C1,3
TTGTAAGGACCTAAGT-1_V12D07-075_C1,2
TTGTAAGGCCAGTTGG-1_V12D07-075_C1,2
TTGTAATCCGTACTCG-1_V12D07-075_C1,2
TTGTATCACACAGAAT-1_V12D07-075_C1,3
TTGTCGTTCAGTTACC-1_V12D07-075_C1,3
TTGTGAACCTAATCCG-1_V12D07-075_C1,2
TTGTGATCTGTTCAGT-1_V12D07-075_C1,2
TTGTGCAGCCACGTCA-1_V12D07-075_C1,2
TTGTGGCCCTGACAGT-1_V12D07-075_C1,3
TTGTGGTGGTACTAAG-1_V12D07-075_C1,2
TTGTGTATGCCACCAA-1_V12D07-075_C1,2
TTGTGTTTCCCGAAAG-1_V12D07-075_C1,2
TTGTTAGCAAATTCGA-1_V12D07-075_C1,2
TTGTTCAGTGTGCTAC-1_V12D07-075_C1,2
TTGTTCTAGATACGCT-1_V12D07-075_C1,2
TTGTTGTGTGTCAAGA-1_V12D07-075_C1,2
TTGTTTCACATCCAGG-1_V12D07-075_C1,2
TTGTTTCCATACAACT-1_V12D07-075_C1,2
TTGTTTGTGTAAATTC-1_V12D07-075_C1,3
AAACAAGTATCTCCCA-1_V13B23-285_A1,1
AAACAATCTACTAGCA-1_V13B23-285_A1,2
AAACACCAATAACTGC-1_V13B23-285_A1,4
AAACAGAGCGACTCCT-1_V13B23-285_A1,2
AAACAGCTTTCAGAAG-1_V13B23-285_A1,4
AAACAGGGTCTATATT-1_V13B23-285_A1,4
AAACATTTCCCGGATT-1_V13B23-285_A1,1
AAACCCGAACGAAATC-1_V13B23-285_A1,1
AAACCGGGTAGGTACC-1_V13B23-285_A1,4
AAACCGTTCGTCCAGG-1_V13B23-285_A1,4
AAACCTAAGCAGCCGG-1_V13B23-285_A1,1
AAACCTCATGAAGTTG-1_V13B23-285_A1,4
AAACGAAGAACATACC-1_V13B23-285_A1,2
AAACGAAGATGGAGTA-1_V13B23-285_A1,4
AAACGAGACGGTTGAT-1_V13B23-285_A1,4
AAACGGGCGTACGGGT-1_V13B23-285_A1,1
AAACGGGTTGGTATCC-1_V13B23-285_A1,2
AAACGGTTGCGAACTG-1_V13B23-285_A1,1
AAACTCGGTTCGCAAT-1_V13B23-285_A1,1
AAACTCGTGATATAAG-1_V13B23-285_A1,2
AAACTGCTGGCTCCAA-1_V13B23-285_A1,4
AAACTTGCAAACGTAT-1_V13B23-285_A1,4
AAAGAATGTGGACTAA-1_V13B23-285_A1,1
AAAGACCCAAGTCGCG-1_V13B23-285_A1,1
AAAGACTGGGCGCTTT-1_V13B23-285_A1,4
AAAGCTTGCCTACATA-1_V13B23-285_A1,1
AAAGGCTACGGACCAT-1_V13B23-285_A1,1
AAAGGCTCTCGCGCCG-1_V13B23-285_A1,4
AAAGGGATGTAGCAAG-1_V13B23-285_A1,4
AAAGGGCAGCTTGAAT-1_V13B23-285_A1,4
AAAGTAGCATTGCTCA-1_V13B23-285_A1,4
AAAGTCACTGATGTAA-1_V13B23-285_A1,1
AAAGTCGACCCTCAGT-1_V13B23-285_A1,4
AAAGTGTGATTTATCT-1_V13B23-285_A1,1
AAAGTTGACTCCCGTA-1_V13B23-285_A1,1
AAATAACCATACGGGA-1_V13B23-285_A1,2
AAATAAGGTAGTGCCC-1_V13B23-285_A1,1
AAATACCTATAAGCAT-1_V13B23-285_A1,4
AAATAGCTTAGACTTT-1_V13B23-285_A1,1
AAATAGGGTGCTATTG-1_V13B23-285_A1,1
AAATCCGATACACGCC-1_V13B23-285_A1,1
AAATCGCGGAAGGAGT-1_V13B23-285_A1,4
AAATCGTGTACCACAA-1_V13B23-285_A1,4
AAATCTAGCCCTGCTA-1_V13B23-285_A1,1
AAATGATTCGATCAGC-1_V13B23-285_A1,2
AAATGCTCGTTACGTT-1_V13B23-285_A1,1
AAATGGCATGTCTTGT-1_V13B23-285_A1,1
AAATGGCCCGTGCCCT-1_V13B23-285_A1,4
AAATGGTCAATGTGCC-1_V13B23-285_A1,4
AAATGTATCTTATCCC-1_V13B23-285_A1,4
AAATGTGGGTGCTCCT-1_V13B23-285_A1,2
AAATTAACGGGTAGCT-1_V13B23-285_A1,4
AAATTAATAAGCGCGA-1_V13B23-285_A1,4
AAATTACACGACTCTG-1_V13B23-285_A1,2
AAATTACCTATCGATG-1_V13B23-285_A1,1
AAATTCCAGGTCCAAA-1_V13B23-285_A1,1
AAATTGATAGTCCTTT-1_V13B23-285_A1,4
AAATTGCGGCGGTTCT-1_V13B23-285_A1,1
AAATTTGCGGGTGTGG-1_V13B23-285_A1,4
AACAACTGGTAGTTGC-1_V13B23-285_A1,4
AACAATACATTGTCGA-1_V13B23-285_A1,4
AACAATTACTCTACGC-1_V13B23-285_A1,4
AACACACGCTCGCCGC-1_V13B23-285_A1,1
AACACGACTGTACTGA-1_V13B23-285_A1,2
AACACGAGACGCGGCC-1_V13B23-285_A1,4
AACACGCGGCCGCGAA-1_V13B23-285_A1,1
AACAGCTGTGTGGCAA-1_V13B23-285_A1,4
AACAGGAAATCGAATA-1_V13B23-285_A1,1
AACAGGATGGGCCGCG-1_V13B23-285_A1,4
AACAGGTAGTATGGAT-1_V13B23-285_A1,1
AACATATCAACTGGTG-1_V13B23-285_A1,1
AACATTGGTCAGCCGT-1_V13B23-285_A1,2
AACATTGTGACTCGAG-1_V13B23-285_A1,4
AACCAAGACTTCTCTG-1_V13B23-285_A1,4
AACCATGGGATCGCTA-1_V13B23-285_A1,1
AACCCAGAGACGGAGA-1_V13B23-285_A1,1
AACCCATCCCATGATC-1_V13B23-285_A1,4
AACCCGAGCAGAATCG-1_V13B23-285_A1,1
AACCCTACTGTCAATA-1_V13B23-285_A1,1
AACCCTGGTGGAACCA-1_V13B23-285_A1,2
AACCGAGCTTGGTCAT-1_V13B23-285_A1,4
AACCGCTAAGGGATGC-1_V13B23-285_A1,1
AACCGTTGTGTTTGCT-1_V13B23-285_A1,2
AACCTCGCTTTAGCCC-1_V13B23-285_A1,1
AACCTGTCACGGAATT-1_V13B23-285_A1,1
AACCTTTAAATACGGT-1_V13B23-285_A1,1
AACCTTTACGACGTCT-1_V13B23-285_A1,1
AACGAAAGTCGTCCCA-1_V13B23-285_A1,1
AACGATAATGCCGTAG-1_V13B23-285_A1,1
AACGATAGAAGGGCCG-1_V13B23-285_A1,1
AACGATATGTCAACTG-1_V13B23-285_A1,4
AACGCATGATCTGGGT-1_V13B23-285_A1,2
AACGCGAACGGCAACA-1_V13B23-285_A1,1
AACGCGACCTTGGGCG-1_V13B23-285_A1,4
AACGCGGTCTCCAGCC-1_V13B23-285_A1,4
AACGCTGTTGCTGAAA-1_V13B23-285_A1,1
AACGGACGTACGTATA-1_V13B23-285_A1,1
AACGGCCATCTCCGGT-1_V13B23-285_A1,4
AACGTACTGTGGGTAC-1_V13B23-285_A1,4
AACGTAGTCTACCCAT-1_V13B23-285_A1,2
AACGTCAGACTAGTGG-1_V13B23-285_A1,4
AACGTCGCTGCACTTC-1_V13B23-285_A1,1
AACGTGATGAAGGACA-1_V13B23-285_A1,2
AACGTGCGAAAGTCTC-1_V13B23-285_A1,4
AACGTTATCAGCACCT-1_V13B23-285_A1,4
AACTACCCGTTTGTCA-1_V13B23-285_A1,1
AACTAGCGTATCGCAC-1_V13B23-285_A1,2
AACTAGGCTTGGGTGT-1_V13B23-285_A1,4
AACTCAAGTTAATTGC-1_V13B23-285_A1,4
AACTCCAGAGCGTGTT-1_V13B23-285_A1,1
AACTCCTAATCCCATG-1_V13B23-285_A1,2
AACTCGATAAACACGT-1_V13B23-285_A1,1
AACTCGATGGCGCAGT-1_V13B23-285_A1,1
AACTCTCAATAGAGCG-1_V13B23-285_A1,1
AACTCTCAGTGTGCTC-1_V13B23-285_A1,4
AACTGATATTAGGCCT-1_V13B23-285_A1,1
AACTGGGTCCCGACGT-1_V13B23-285_A1,4
AACTGGTGTGGGCCTT-1_V13B23-285_A1,1
AACTTCTGCGTCTATC-1_V13B23-285_A1,1
AACTTGCCCGTATGCA-1_V13B23-285_A1,4
AACTTGCGTTCTCGCG-1_V13B23-285_A1,1
AACTTTACGGGAGCTT-1_V13B23-285_A1,4
AACTTTAGCTGCTGAG-1_V13B23-285_A1,1
AAGAAGGATCAGTTAG-1_V13B23-285_A1,1
AAGACATACGTGGTTT-1_V13B23-285_A1,1
AAGACCCAACTGAACA-1_V13B23-285_A1,1
AAGACTAACCCGTTGT-1_V13B23-285_A1,1
AAGACTGCAAGCTACT-1_V13B23-285_A1,4
AAGAGATGAATCGGTA-1_V13B23-285_A1,4
AAGAGCTCTTTATCGG-1_V13B23-285_A1,4
AAGAGGATGTACGCGA-1_V13B23-285_A1,4
AAGAGGCATGGATCGC-1_V13B23-285_A1,4
AAGAGGCCCTTTGGAA-1_V13B23-285_A1,1
AAGATGGCACCGGACC-1_V13B23-285_A1,4
AAGATTGGCGGAACGT-1_V13B23-285_A1,4
AAGCACCCTGCGTATC-1_V13B23-285_A1,1
AAGCATACTCTCCTGA-1_V13B23-285_A1,1
AAGCCGAAGCGGTTTA-1_V13B23-285_A1,1
AAGCCGCCGTGAAATC-1_V13B23-285_A1,4
AAGCGCAGGGCTTTGA-1_V13B23-285_A1,1
AAGCGTCCCTCATCGA-1_V13B23-285_A1,4
AAGCTAGATCGAGTAA-1_V13B23-285_A1,4
AAGCTCGTGCCAAGTC-1_V13B23-285_A1,4
AAGCTCTTTCATGGTG-1_V13B23-285_A1,1
AAGGAGAACTTATAAG-1_V13B23-285_A1,2
AAGGAGCGGTTGGTGC-1_V13B23-285_A1,3
AAGGATCGATCGCTTG-1_V13B23-285_A1,1
AAGGATGAGGGACCTC-1_V13B23-285_A1,1
AAGGCAGGCTGTCTCC-1_V13B23-285_A1,1
AAGGCGCGTAAAGCTT-1_V13B23-285_A1,4
AAGGCTGTGCTCATCG-1_V13B23-285_A1,4
AAGGGAACGACTGGCT-1_V13B23-285_A1,4
AAGGGACAGATTCTGT-1_V13B23-285_A1,3
AAGGGACTATGCATTC-1_V13B23-285_A1,4
AAGGGTTTGATTTCAG-1_V13B23-285_A1,4
AAGGTATCCTAATATA-1_V13B23-285_A1,4
AAGGTGATAAACCAGC-1_V13B23-285_A1,1
AAGTAAGCTTCCAAAC-1_V13B23-285_A1,2
AAGTAGAAGACCGGGT-1_V13B23-285_A1,4
AAGTAGTGACGCGAGG-1_V13B23-285_A1,4
AAGTCAATTGTCGTCA-1_V13B23-285_A1,1
AAGTCTTCTGTGGCCT-1_V13B23-285_A1,4
AAGTGACGACCGAATT-1_V13B23-285_A1,4
AAGTGAGTCGGGTTTA-1_V13B23-285_A1,4
AAGTGCAAAGGTAGAC-1_V13B23-285_A1,4
AAGTGCCTTGACTGTA-1_V13B23-285_A1,1
AAGTGCGTTAGAATCT-1_V13B23-285_A1,4
AAGTGTTTGGAGACGG-1_V13B23-285_A1,1
AAGTTCACTCCAAGCT-1_V13B23-285_A1,1
AAGTTCAGTCTGCGTA-1_V13B23-285_A1,2
AAGTTCGGCCAACAGG-1_V13B23-285_A1,4
AAGTTGTGATGTTATA-1_V13B23-285_A1,1
AAGTTTACTAATGGCA-1_V13B23-285_A1,2
AAGTTTATGGGCCCAA-1_V13B23-285_A1,1
AATAACAACGCTCGGC-1_V13B23-285_A1,4
AATAACACTAGAACAA-1_V13B23-285_A1,4
AATAAGTCCTCGAGAC-1_V13B23-285_A1,2
AATAATCTTCGTATCG-1_V13B23-285_A1,1
AATACAATGTTTCAGG-1_V13B23-285_A1,4
AATAGAACAGAGTGGC-1_V13B23-285_A1,4
AATAGAATCTGTTTCA-1_V13B23-285_A1,1
AATAGCTACCGCGTGC-1_V13B23-285_A1,2
AATAGTCCGTCCCGAC-1_V13B23-285_A1,4
AATAGTCGCGAGTCGG-1_V13B23-285_A1,4
AATATCAAGGTCGGAT-1_V13B23-285_A1,1
AATATCCTAGCAAACT-1_V13B23-285_A1,4
AATATCGAATCAATGC-1_V13B23-285_A1,1
AATATCGAGGGTTCTC-1_V13B23-285_A1,1
AATATTGGAGTATTGA-1_V13B23-285_A1,4
AATCAGACTGCAGGAC-1_V13B23-285_A1,1
AATCATGTAAAGACTC-1_V13B23-285_A1,1
AATCCAAGGGCCTGAG-1_V13B23-285_A1,1
AATCCATGCAAGGGTG-1_V13B23-285_A1,1
AATCGCCTCAGCGCCA-1_V13B23-285_A1,4
AATCGCGCAGAGGACT-1_V13B23-285_A1,1
AATCGGGACACTACGA-1_V13B23-285_A1,2
AATCGGTATAGCCCTC-1_V13B23-285_A1,1
AATCGTGAGCCGAGCA-1_V13B23-285_A1,1
AATCTAGGTTTACTTG-1_V13B23-285_A1,4
AATCTATGCCGGAGCC-1_V13B23-285_A1,1
AATCTCTACTGTGGTT-1_V13B23-285_A1,4
AATCTGCGTTGGGACG-1_V13B23-285_A1,1
AATCTGGCTTTCTAGT-1_V13B23-285_A1,4
AATGACAGCAATGTCT-1_V13B23-285_A1,4
AATGACGTAGGATGTC-1_V13B23-285_A1,4
AATGACTGTCAGCCGG-1_V13B23-285_A1,4
AATGAGTTCGCATATG-1_V13B23-285_A1,1
AATGATGATACGCTAT-1_V13B23-285_A1,1
AATGATGCGACTCCTG-1_V13B23-285_A1,1
AATGCAACCGGGTACC-1_V13B23-285_A1,4
AATGCACCAAGCAATG-1_V13B23-285_A1,1
AATGGTCCACCGTTCA-1_V13B23-285_A1,4
AATGGTTCTCACAAGC-1_V13B23-285_A1,1
AATGTGCCCGAGGTGT-1_V13B23-285_A1,4
AATGTTGTCGTGAGAC-1_V13B23-285_A1,1
AATTAAAGGTCGGCGT-1_V13B23-285_A1,4
AATTAACGGATTTCCA-1_V13B23-285_A1,4
AATTACGAGACCCATC-1_V13B23-285_A1,4
AATTACTCGTACGCTC-1_V13B23-285_A1,1
AATTAGCGCTGCAGCG-1_V13B23-285_A1,4
AATTCATAAGGGATCT-1_V13B23-285_A1,1
AATTCCAAGCATGTAC-1_V13B23-285_A1,1
AATTCGATTCGAGGAT-1_V13B23-285_A1,1
AATTCTAGAGTTAGGC-1_V13B23-285_A1,4
AATTGAACGCTCTGGT-1_V13B23-285_A1,4
AATTGCAGCAATCGAC-1_V13B23-285_A1,1
AATTGTGGTTGCCAAA-1_V13B23-285_A1,1
AATTTGGGACATAGTA-1_V13B23-285_A1,2
AATTTGGTTCCAAAGA-1_V13B23-285_A1,2
ACAAAGAAGGTAGGCC-1_V13B23-285_A1,4
ACAAAGCATGACCTAG-1_V13B23-285_A1,1
ACAAATCGCACCGAAT-1_V13B23-285_A1,1
ACAAATGGTAGTGTTT-1_V13B23-285_A1,4
ACAACAGCATGAGCTA-1_V13B23-285_A1,4
ACAACGGTCCCTGCGA-1_V13B23-285_A1,4
ACAAGCAGTGCCTAGC-1_V13B23-285_A1,4
ACAAGCTATATGGAAG-1_V13B23-285_A1,4
ACAAGGAAATCCGCCC-1_V13B23-285_A1,1
ACAAGGACAAGAGGTT-1_V13B23-285_A1,4
ACAAGGATGCTTTAGG-1_V13B23-285_A1,1
ACAAGGGCAGGCTCTG-1_V13B23-285_A1,4
ACAATAGTCGTACGTT-1_V13B23-285_A1,4
ACAATCCATTTAAACC-1_V13B23-285_A1,4
ACAATGAATACGGAGA-1_V13B23-285_A1,4
ACAATTGTGTCTCTTT-1_V13B23-285_A1,1
ACAATTTAGGAGGCTC-1_V13B23-285_A1,4
ACAATTTGAGCAGTGG-1_V13B23-285_A1,4
ACAATTTGGCCATATT-1_V13B23-285_A1,1
ACACAAAGACGGGTGG-1_V13B23-285_A1,4
ACACACCAGGACCAGT-1_V13B23-285_A1,1
ACACACTTTCTACACG-1_V13B23-285_A1,1
ACACATGATCAAATCT-1_V13B23-285_A1,4
ACACATTGACGCAACA-1_V13B23-285_A1,1
ACACCACATAATTAGC-1_V13B23-285_A1,1
ACACCCAGCATGCAGC-1_V13B23-285_A1,4
ACACCCGAGAAATCCG-1_V13B23-285_A1,4
ACACCGAGCGCTCTTT-1_V13B23-285_A1,1
ACACCTTAAGTAGGGC-1_V13B23-285_A1,4
ACACCTTACTACTTGC-1_V13B23-285_A1,1
ACACGAGACTCCTTCT-1_V13B23-285_A1,4
ACACGGCACTATGCAT-1_V13B23-285_A1,2
ACACGGGAACTTAGGG-1_V13B23-285_A1,4
ACACGTAGGCCACAAG-1_V13B23-285_A1,1
ACACTCCAATGTCACT-1_V13B23-285_A1,1
ACACTGATCAAGGTGT-1_V13B23-285_A1,4
ACACTGGGACAGTCGT-1_V13B23-285_A1,1
ACAGAACTGAGAACAA-1_V13B23-285_A1,4
ACAGATTAGGTTAGTG-1_V13B23-285_A1,2
ACAGCATAGAGCCAGT-1_V13B23-285_A1,1
ACAGCGACATTCTCAT-1_V13B23-285_A1,1
ACAGCGCACCCGCAGC-1_V13B23-285_A1,2
ACAGGCACGGATCCTT-1_V13B23-285_A1,1
ACAGGCTTGCCCGACT-1_V13B23-285_A1,1
ACAGGTGGAGGTGAGG-1_V13B23-285_A1,3
ACAGGTGTGTTGTTGC-1_V13B23-285_A1,4
ACAGTAATACAACTTG-1_V13B23-285_A1,4
ACATAAGTCGTGGTGA-1_V13B23-285_A1,1
ACATAATAAGGCGGTG-1_V13B23-285_A1,4
ACATCAGCTGGGACGC-1_V13B23-285_A1,4
ACATCCCGGCCATACG-1_V13B23-285_A1,4
ACATCCTGGTAACTGT-1_V13B23-285_A1,1
ACATCGATCGTTTACC-1_V13B23-285_A1,4
ACATCGGTCAGCCGCG-1_V13B23-285_A1,4
ACATCGTATGCAATGG-1_V13B23-285_A1,4
ACATCGTTAACCTAGT-1_V13B23-285_A1,2
ACATGGCGCCAAAGTA-1_V13B23-285_A1,1
ACATGGCTCAATTTAG-1_V13B23-285_A1,1
ACATTAGTTTATATCC-1_V13B23-285_A1,4
ACCAACACCACACACT-1_V13B23-285_A1,2
ACCAACCGCACTCCAC-1_V13B23-285_A1,1
ACCAACGCTTATTTAT-1_V13B23-285_A1,4
ACCAAGAACGCGTGTC-1_V13B23-285_A1,1
ACCAAGTCATCGGCAG-1_V13B23-285_A1,1
ACCAATATGCAAGTTA-1_V13B23-285_A1,1
ACCACAAGTTTCTATC-1_V13B23-285_A1,4
ACCACCAATGTAACAA-1_V13B23-285_A1,1
ACCACCCTCTCTTCTA-1_V13B23-285_A1,2
ACCACGTGCAGCTATA-1_V13B23-285_A1,1
ACCACTGTTCAAGAAG-1_V13B23-285_A1,1
ACCAGACCATAACAAC-1_V13B23-285_A1,4
ACCAGGAGTGTGATCT-1_V13B23-285_A1,2
ACCAGTGCGGGAGACG-1_V13B23-285_A1,1
ACCATATCCGCAATAA-1_V13B23-285_A1,4
ACCATCCGCCAACTAG-1_V13B23-285_A1,4
ACCATCGTATATGGTA-1_V13B23-285_A1,3
ACCATTAAGGGTGTCA-1_V13B23-285_A1,1
ACCCAACGCCCGTGGC-1_V13B23-285_A1,1
ACCCACCTACATGCTC-1_V13B23-285_A1,4
ACCCATCTTGAGGGTA-1_V13B23-285_A1,4
ACCCATTTGTCCCTCT-1_V13B23-285_A1,1
ACCCGAGCGAAATTAC-1_V13B23-285_A1,4
ACCCGGAAACTCCCAG-1_V13B23-285_A1,4
ACCCGGATGACGCATC-1_V13B23-285_A1,1
ACCCGGTTACACTTCC-1_V13B23-285_A1,4
ACCCGTGTCATCAGTA-1_V13B23-285_A1,4
ACCCTATAGGACTGAG-1_V13B23-285_A1,1
ACCCTATGCCATATCG-1_V13B23-285_A1,4
ACCCTCCCGTCAGGGC-1_V13B23-285_A1,1
ACCCTCCCTTGCTATT-1_V13B23-285_A1,3
ACCCTGGTAACGCCCT-1_V13B23-285_A1,2
ACCCTTCATCTGCGAA-1_V13B23-285_A1,1
ACCGAAAGGGCCCTGC-1_V13B23-285_A1,1
ACCGAAGAGTCTGGTT-1_V13B23-285_A1,1
ACCGACACATCTCCCA-1_V13B23-285_A1,4
ACCGACTGAGTCCCAC-1_V13B23-285_A1,4
ACCGAGTCTCCTTATT-1_V13B23-285_A1,1
ACCGATAGGCATAACC-1_V13B23-285_A1,1
ACCGATATTTAATCAT-1_V13B23-285_A1,1
ACCGATGGTAGCATCG-1_V13B23-285_A1,4
ACCGCAATAACTGCCT-1_V13B23-285_A1,1
ACCGCGGTGGAAGTCG-1_V13B23-285_A1,1
ACCGGGCCTTTGTTGA-1_V13B23-285_A1,1
ACCGGTCAGGTACACC-1_V13B23-285_A1,3
ACCGTGACCACGTGGG-1_V13B23-285_A1,4
ACCGTTCCCGCTCTGA-1_V13B23-285_A1,2
ACCTAAGTACCTTTCA-1_V13B23-285_A1,4
ACCTAATCGACTTCCT-1_V13B23-285_A1,4
ACCTACAGTATGTGGT-1_V13B23-285_A1,1
ACCTACTATAAATCTA-1_V13B23-285_A1,1
ACCTCCGCCCTCGCTG-1_V13B23-285_A1,1
ACCTCCGTTATTCACC-1_V13B23-285_A1,1
ACCTGCGTGTCATGTT-1_V13B23-285_A1,4
ACGAAATGGGCGGCAC-1_V13B23-285_A1,4
ACGACTGGTCATACTC-1_V13B23-285_A1,4
ACGAGAACCCATCACG-1_V13B23-285_A1,1
ACGAGATATTTGCTTA-1_V13B23-285_A1,2
ACGAGGATACCACTCT-1_V13B23-285_A1,4
ACGAGGTTTACAACGT-1_V13B23-285_A1,1
ACGAGTACGGATGCCC-1_V13B23-285_A1,1
ACGATACATAGAACTA-1_V13B23-285_A1,4
ACGATACCTATCCTGA-1_V13B23-285_A1,4
ACGATCATACATAGAG-1_V13B23-285_A1,4
ACGATCATCTTGTAAA-1_V13B23-285_A1,1
ACGATGCATATGTTAT-1_V13B23-285_A1,4
ACGATGGATCCGATGC-1_V13B23-285_A1,2
ACGCAAACTAATAGAT-1_V13B23-285_A1,4
ACGCAATCACTACAGC-1_V13B23-285_A1,1
ACGCATACGTTTACTA-1_V13B23-285_A1,1
ACGCATTCGTGAGTAC-1_V13B23-285_A1,4
ACGCCAGATGATTTCT-1_V13B23-285_A1,1
ACGCCGCTAGACGACC-1_V13B23-285_A1,4
ACGCGAAGTCAGACGA-1_V13B23-285_A1,4
ACGCGCTACACAGGGT-1_V13B23-285_A1,4
ACGCGGGCCAAGGACA-1_V13B23-285_A1,4
ACGCGTTTCTTAAGAG-1_V13B23-285_A1,4
ACGCTAGTGATACACT-1_V13B23-285_A1,1
ACGCTGTGAGGCGTAG-1_V13B23-285_A1,4
ACGGAATTTAGCAAAT-1_V13B23-285_A1,1
ACGGACTCTCAAAGCG-1_V13B23-285_A1,1
ACGGATGGTGCGGATA-1_V13B23-285_A1,1
ACGGCACTTGCTTGGG-1_V13B23-285_A1,4
ACGGCCAACATGGACT-1_V13B23-285_A1,4
ACGGCGACGATGGGAA-1_V13B23-285_A1,1
ACGGCGGGTTGCCCTG-1_V13B23-285_A1,1
ACGGCTGGATGTAGAA-1_V13B23-285_A1,4
ACGGGAGTGTCGGCCC-1_V13B23-285_A1,4
ACGGGCGTATGCGACA-1_V13B23-285_A1,2
ACGGGTCATGTGACTT-1_V13B23-285_A1,1
ACGGTACAGTTCAATG-1_V13B23-285_A1,1
ACGTACAGATTTCTCT-1_V13B23-285_A1,2
ACGTAGATTGCTGATG-1_V13B23-285_A1,4
ACGTAGGAGAGTCGCT-1_V13B23-285_A1,1
ACGTATTACTCCGATC-1_V13B23-285_A1,1
ACGTCTCGTTCCGGGA-1_V13B23-285_A1,4
ACGTGACAAAGTAAGT-1_V13B23-285_A1,4
ACGTGCGCCTCGTGCA-1_V13B23-285_A1,1
ACGTTAATGTCGAAGA-1_V13B23-285_A1,4
ACGTTAGATTTGCCCG-1_V13B23-285_A1,4
ACGTTATTGGTCACTC-1_V13B23-285_A1,1
ACGTTCCGCGCTCCGT-1_V13B23-285_A1,2
ACGTTCGCAATCAATT-1_V13B23-285_A1,1
ACGTTCGTTCAGGAAA-1_V13B23-285_A1,4
ACGTTCTGTACAAGTC-1_V13B23-285_A1,1
ACGTTTAGTTGTGATC-1_V13B23-285_A1,1
ACTACATCCCGACAAG-1_V13B23-285_A1,4
ACTACCAGCTCTCTGG-1_V13B23-285_A1,4
ACTACGCGTTAGAATT-1_V13B23-285_A1,1
ACTAGTTGCGATCGTC-1_V13B23-285_A1,1
ACTATCCAGGGCATGG-1_V13B23-285_A1,1
ACTATCGCCGGCTAAA-1_V13B23-285_A1,1
ACTATCTGCCCGCGTA-1_V13B23-285_A1,1
ACTATGTCCAGCTGCC-1_V13B23-285_A1,4
ACTATTCGTCCGTGGT-1_V13B23-285_A1,1
ACTATTTCCGGGCCCA-1_V13B23-285_A1,4
ACTCAACGAATGTATT-1_V13B23-285_A1,1
ACTCAAGTGCAAGGCT-1_V13B23-285_A1,1
ACTCAATAAAGGCACG-1_V13B23-285_A1,4
ACTCAGACCTGCTTCT-1_V13B23-285_A1,1
ACTCCAATATCATCAT-1_V13B23-285_A1,4
ACTCCCATTCCTAAAG-1_V13B23-285_A1,4
ACTCCCGAATTCGTTT-1_V13B23-285_A1,1
ACTCCCTAATGCTAAA-1_V13B23-285_A1,1
ACTCCCTAGAATAGTA-1_V13B23-285_A1,4
ACTCCGGCCGACCACT-1_V13B23-285_A1,1
ACTCGATGTATTTCAT-1_V13B23-285_A1,1
ACTCGCCGTTCGATAA-1_V13B23-285_A1,1
ACTCGCGATCTGACGC-1_V13B23-285_A1,1
ACTCGTAACCCGTCCT-1_V13B23-285_A1,4
ACTCGTCAGTAATCCC-1_V13B23-285_A1,4
ACTCTAAACCTGGGAT-1_V13B23-285_A1,4
ACTCTCTGACTTAGGT-1_V13B23-285_A1,4
ACTCTCTTATACACGA-1_V13B23-285_A1,2
ACTCTGACCTAATAGA-1_V13B23-285_A1,1
ACTCTTGTATAGTAAC-1_V13B23-285_A1,4
ACTGAAACGCCGTTAG-1_V13B23-285_A1,1
ACTGAATGGCGAAAGT-1_V13B23-285_A1,4
ACTGCCGTCGTAACTC-1_V13B23-285_A1,1
ACTGCGGACACACCGT-1_V13B23-285_A1,1
ACTGCTCGGAAGGATG-1_V13B23-285_A1,4
ACTGTACGATACACAT-1_V13B23-285_A1,4
ACTGTAGCACTTTGGA-1_V13B23-285_A1,4
ACTGTATACGCGAGCA-1_V13B23-285_A1,1
ACTGTCCAGGATTATA-1_V13B23-285_A1,4
ACTGTCTTCTTTAGAA-1_V13B23-285_A1,4
ACTGTGCTAGTAGATC-1_V13B23-285_A1,1
ACTGTTTAGTGTAGGC-1_V13B23-285_A1,2
ACTTACGCATCCACGC-1_V13B23-285_A1,1
ACTTAGTACGACAAGA-1_V13B23-285_A1,1
ACTTATACTTACCCGG-1_V13B23-285_A1,1
ACTTATCTGATCTATA-1_V13B23-285_A1,2
ACTTATTAGGATCGGT-1_V13B23-285_A1,4
ACTTATTTATGTGCCA-1_V13B23-285_A1,1
ACTTCAGGCTGATCCC-1_V13B23-285_A1,1
ACTTCCAGTGGAAGCT-1_V13B23-285_A1,4
ACTTCCATGCGGGACA-1_V13B23-285_A1,1
ACTTCGCCATACGCAC-1_V13B23-285_A1,4
ACTTGACTCCCTCTTT-1_V13B23-285_A1,4
ACTTGCCATATTGTAC-1_V13B23-285_A1,2
ACTTGGGACCCGGTGG-1_V13B23-285_A1,4
ACTTGTAGTCCCTTCA-1_V13B23-285_A1,4
ACTTGTGGATGGAACG-1_V13B23-285_A1,1
ACTTTACCCTCATGAA-1_V13B23-285_A1,1
ACTTTCCTATAGCTTC-1_V13B23-285_A1,4
ACTTTGACTGCATCCT-1_V13B23-285_A1,4
ACTTTGGTCGTGCTCC-1_V13B23-285_A1,4
ACTTTGTCGACGCACT-1_V13B23-285_A1,1
AGAAATTATGACTCGC-1_V13B23-285_A1,1
AGAACCCAGCGTGACA-1_V13B23-285_A1,1
AGAACCCTCAATTGGG-1_V13B23-285_A1,4
AGAACGTGGTACATTC-1_V13B23-285_A1,4
AGAAGAGCGCCGTTCC-1_V13B23-285_A1,1
AGAAGGTACACTTCAC-1_V13B23-285_A1,3
AGAAGGTTGCCGAATT-1_V13B23-285_A1,3
AGAAGGTTGTAGGTCG-1_V13B23-285_A1,1
AGAAGTGATTCGTGAT-1_V13B23-285_A1,4
AGAATAAATCTTCAGG-1_V13B23-285_A1,4
AGAATTATGGATTCGA-1_V13B23-285_A1,1
AGAATTGTTTGACATA-1_V13B23-285_A1,1
AGACAGCTCAGAATCC-1_V13B23-285_A1,4
AGACATAGATCCTTCC-1_V13B23-285_A1,1
AGACCAAACCACACCT-1_V13B23-285_A1,4
AGACCATGGGATACAA-1_V13B23-285_A1,4
AGACCCACCGCTGATC-1_V13B23-285_A1,3
AGACCCGCCCTCCTCG-1_V13B23-285_A1,4
AGACCGCTCCGCGGTT-1_V13B23-285_A1,1
AGACGAAGTGCCGGTC-1_V13B23-285_A1,1
AGACGACGATGCCGCT-1_V13B23-285_A1,4
AGACGCCCACTTCGCC-1_V13B23-285_A1,1
AGACTAGCCTTCCAGA-1_V13B23-285_A1,4
AGACTGTTACCGGGTC-1_V13B23-285_A1,4
AGAGAACCGTCTAGGA-1_V13B23-285_A1,3
AGAGAAGGAGTACAAT-1_V13B23-285_A1,4
AGAGATCTCTAAAGCG-1_V13B23-285_A1,4
AGAGCAGTTATGAGAC-1_V13B23-285_A1,4
AGAGCCGCCGAGATTT-1_V13B23-285_A1,1
AGAGCGGGCTAATCAT-1_V13B23-285_A1,1
AGAGCGTACAAGCTCG-1_V13B23-285_A1,4
AGAGCTACGAAAGCAT-1_V13B23-285_A1,1
AGAGGCTTCGGAAACC-1_V13B23-285_A1,1
AGAGGTATCTCGGTCC-1_V13B23-285_A1,2
AGAGTAAACTTCACTA-1_V13B23-285_A1,1
AGAGTATAGTGTTACG-1_V13B23-285_A1,1
AGATAACTTCAGGGCC-1_V13B23-285_A1,4
AGATACCAATAGAACC-1_V13B23-285_A1,1
AGATACCGGTGTTCAC-1_V13B23-285_A1,4
AGATACGACTTCATAT-1_V13B23-285_A1,1
AGATACTCAAGATCGA-1_V13B23-285_A1,4
AGATATAATACGACTA-1_V13B23-285_A1,1
AGATCGTGCATAAGAT-1_V13B23-285_A1,1
AGATCTCAGGTGTGAT-1_V13B23-285_A1,1
AGATGACTCGCCCACG-1_V13B23-285_A1,4
AGATGAGGGTTGCGAT-1_V13B23-285_A1,2
AGATGATGGAGTCTGG-1_V13B23-285_A1,1
AGATGCAAGACGTGCA-1_V13B23-285_A1,4
AGATGCATCCTGTGTC-1_V13B23-285_A1,4
AGATGCTATAACGAGC-1_V13B23-285_A1,1
AGATTATAGGACGTTT-1_V13B23-285_A1,4
AGATTCACAACCGATA-1_V13B23-285_A1,4
AGCAAAGGCCGCTAGT-1_V13B23-285_A1,1
AGCAACATATCTTATT-1_V13B23-285_A1,1
AGCAACCGAAAGTAAT-1_V13B23-285_A1,4
AGCACCAGTACTCACG-1_V13B23-285_A1,4
AGCACTACCGGCCTGT-1_V13B23-285_A1,4
AGCACTACCTCACCAG-1_V13B23-285_A1,1
AGCACTTAAGGACGCC-1_V13B23-285_A1,4
AGCAGAAGGAGAAAGA-1_V13B23-285_A1,1
AGCAGCCAGATGAATA-1_V13B23-285_A1,4
AGCATATCAATATGCT-1_V13B23-285_A1,1
AGCATCATTTCGAAAG-1_V13B23-285_A1,4
AGCATCGTCGATAATT-1_V13B23-285_A1,4
AGCATTACGAGGCAAG-1_V13B23-285_A1,1
AGCCAAGCTTTGTGTC-1_V13B23-285_A1,4
AGCCACAGGTTACCCG-1_V13B23-285_A1,1
AGCCACTCCCGTGCTT-1_V13B23-285_A1,1
AGCCATATAGTATGTG-1_V13B23-285_A1,1
AGCCCATACATGTAAG-1_V13B23-285_A1,4
AGCCCGCAACAAGCAG-1_V13B23-285_A1,4
AGCCCGCACTACAATG-1_V13B23-285_A1,1
AGCCCGGCATTAGAGG-1_V13B23-285_A1,4
AGCCCGGTAGCCTGTA-1_V13B23-285_A1,1
AGCCCTAAGCGAAGTT-1_V13B23-285_A1,1
AGCCCTGTCGCACCGT-1_V13B23-285_A1,1
AGCCCTTCTAATCCGA-1_V13B23-285_A1,2
AGCCCTTGGACATCCC-1_V13B23-285_A1,1
AGCCGCTTGATTAGCG-1_V13B23-285_A1,1
AGCCGTGGCTAAATGT-1_V13B23-285_A1,4
AGCCTAATACCCACGT-1_V13B23-285_A1,4
AGCCTTAAAGCGGAAG-1_V13B23-285_A1,4
AGCGACAGGAACGGTC-1_V13B23-285_A1,4
AGCGACATCCCATTCA-1_V13B23-285_A1,1
AGCGACCAACGATATT-1_V13B23-285_A1,4
AGCGATGCGCCTAATA-1_V13B23-285_A1,1
AGCGCATAATGAATCG-1_V13B23-285_A1,4
AGCGCGGGTGCCAATG-1_V13B23-285_A1,3
AGCGCTAGAGCGATGT-1_V13B23-285_A1,1
AGCGGACACTTCGTAG-1_V13B23-285_A1,4
AGCGGCGGTTAGCGGT-1_V13B23-285_A1,4
AGCGGGAAGGGTCCAT-1_V13B23-285_A1,1
AGCGGGTCTGACACTC-1_V13B23-285_A1,1
AGCGTACGAGAGCTAG-1_V13B23-285_A1,1
AGCGTAGCGCTAGACC-1_V13B23-285_A1,1
AGCGTCTGAACCCGCA-1_V13B23-285_A1,1
AGCGTGGTATTCTACT-1_V13B23-285_A1,4
AGCTAACAAGCAATGT-1_V13B23-285_A1,4
AGCTAAGTACGCAGGC-1_V13B23-285_A1,1
AGCTAGAAGCAGAAGT-1_V13B23-285_A1,1
AGCTATTTAATCCAAC-1_V13B23-285_A1,1
AGCTCCATATATGTTC-1_V13B23-285_A1,1
AGCTCCTTCGCACATC-1_V13B23-285_A1,1
AGCTCTAGACGTTCCA-1_V13B23-285_A1,4
AGCTCTTCCCAGTGCA-1_V13B23-285_A1,1
AGCTCTTCGTAACCTT-1_V13B23-285_A1,1
AGCTCTTTACTCAGTT-1_V13B23-285_A1,4
AGCTGAAGTAAACCAA-1_V13B23-285_A1,3
AGCTGTAACCTCAATC-1_V13B23-285_A1,4
AGCTTATAGAGACCTG-1_V13B23-285_A1,1
AGCTTCTTCTCGAGCA-1_V13B23-285_A1,1
AGCTTGATCTTAACTT-1_V13B23-285_A1,4
AGGAAAGCCTCTGATG-1_V13B23-285_A1,1
AGGAAGCTGTCCGCCG-1_V13B23-285_A1,4
AGGACAGTCGAATCCC-1_V13B23-285_A1,4
AGGACATCGCACGTCG-1_V13B23-285_A1,1
AGGACGACCCATTAGA-1_V13B23-285_A1,4
AGGACGCTCGATGTTG-1_V13B23-285_A1,1
AGGACTTATAGGAGAA-1_V13B23-285_A1,1
AGGAGACATCCACAGT-1_V13B23-285_A1,2
AGGAGGCCTTCGCGCG-1_V13B23-285_A1,1
AGGATAAAGTCGGGAT-1_V13B23-285_A1,4
AGGATATAGGGATTTA-1_V13B23-285_A1,1
AGGATCACGCGATCTG-1_V13B23-285_A1,4
AGGATTGCTTACGACA-1_V13B23-285_A1,1
AGGCAAAGAGGAATCA-1_V13B23-285_A1,2
AGGCACGTGACTGTCC-1_V13B23-285_A1,1
AGGCAGATGCGTAAAC-1_V13B23-285_A1,4
AGGCAGGGAGCGTACT-1_V13B23-285_A1,4
AGGCATTGTCGTAGGG-1_V13B23-285_A1,1
AGGCCACATTGGTTAC-1_V13B23-285_A1,1
AGGCCACCCGTTATGA-1_V13B23-285_A1,4
AGGCCCAGTGACTGGT-1_V13B23-285_A1,1
AGGCCCATTGTACAGG-1_V13B23-285_A1,1
AGGCCCTAGAACGCCA-1_V13B23-285_A1,4
AGGCGGTTTGTCCCGC-1_V13B23-285_A1,4
AGGCTATGGTTAGCTT-1_V13B23-285_A1,4
AGGCTTCCCGAAGAAG-1_V13B23-285_A1,4
AGGCTTGCTAGACACC-1_V13B23-285_A1,4
AGGGAAACGAGGTACT-1_V13B23-285_A1,2
AGGGACAGCACGGCGG-1_V13B23-285_A1,2
AGGGACCGGCTGCGTT-1_V13B23-285_A1,1
AGGGACTCTACGCGAC-1_V13B23-285_A1,4
AGGGAGACATACTTCG-1_V13B23-285_A1,1
AGGGCAGCGGCGTGGT-1_V13B23-285_A1,2
AGGGCGAGCAGCTGAT-1_V13B23-285_A1,4
AGGGCGTGATCGGCTA-1_V13B23-285_A1,1
AGGGCTGCAGTTACAG-1_V13B23-285_A1,4
AGGGTCGATGCGAACT-1_V13B23-285_A1,1
AGGGTGCCGTTCTTTA-1_V13B23-285_A1,4
AGGGTGCTCTCGAGGG-1_V13B23-285_A1,1
AGGGTGGATAGTGCAT-1_V13B23-285_A1,4
AGGGTTCCCTTTGGTT-1_V13B23-285_A1,1
AGGGTTTAGTTCGGGA-1_V13B23-285_A1,4
AGGTAACCTCCTATTC-1_V13B23-285_A1,1
AGGTACGATATTGCCA-1_V13B23-285_A1,2
AGGTAGATCGAGATAT-1_V13B23-285_A1,4
AGGTAGGTACAAAGCT-1_V13B23-285_A1,4
AGGTATAATTGATAGT-1_V13B23-285_A1,1
AGGTATGCGGACATTA-1_V13B23-285_A1,1
AGGTCAGGTGAGAGTG-1_V13B23-285_A1,4
AGGTCGCCACTTCGGT-1_V13B23-285_A1,1
AGGTCGCCTCCCAACA-1_V13B23-285_A1,1
AGGTCGCGGAGTTACT-1_V13B23-285_A1,1
AGGTGCACGTCCACAT-1_V13B23-285_A1,1
AGGTGGTGACCTTCGC-1_V13B23-285_A1,1
AGGTGTATCGCCATGA-1_V13B23-285_A1,4
AGGTTACACCATGCCG-1_V13B23-285_A1,1
AGGTTGAGGCACGCTT-1_V13B23-285_A1,4
AGGTTTCACACACCTT-1_V13B23-285_A1,4
AGTAACTATAGCAGCC-1_V13B23-285_A1,1
AGTAATGTCTTGCCGC-1_V13B23-285_A1,1
AGTACAGAAGCTTATA-1_V13B23-285_A1,1
AGTACATCATTTATCA-1_V13B23-285_A1,1
AGTACGGCCCGTATCG-1_V13B23-285_A1,4
AGTACGGGCACCTGGC-1_V13B23-285_A1,4
AGTACTCTTATGCCCA-1_V13B23-285_A1,1
AGTAGAAGGCGCCTCA-1_V13B23-285_A1,1
AGTAGGAAGGAAGTTG-1_V13B23-285_A1,2
AGTAGGTAACATACAT-1_V13B23-285_A1,1
AGTATAATACTAGGCA-1_V13B23-285_A1,4
AGTATACACAGCGACA-1_V13B23-285_A1,4
AGTATCCATAATAACG-1_V13B23-285_A1,1
AGTATGCTGGAGACCA-1_V13B23-285_A1,4
AGTATTTGGCACGACC-1_V13B23-285_A1,4
AGTCAACACCACCATC-1_V13B23-285_A1,4
AGTCAAGATGACACTT-1_V13B23-285_A1,1
AGTCACTAGCTCTCGA-1_V13B23-285_A1,1
AGTCACTCCGCCTCAT-1_V13B23-285_A1,1
AGTCAGCCACCGCCTG-1_V13B23-285_A1,1
AGTCCAGCGGGTACGT-1_V13B23-285_A1,2
AGTCCATTGGCTGATG-1_V13B23-285_A1,1
AGTCCCGCCTTTAATT-1_V13B23-285_A1,1
AGTCCCTCGCAGAAAG-1_V13B23-285_A1,1
AGTCGACGGTCTCAAG-1_V13B23-285_A1,1
AGTCGGCCCAAACGAC-1_V13B23-285_A1,4
AGTCGGCTCAACTTTA-1_V13B23-285_A1,4
AGTCGGTTGCGTGAGA-1_V13B23-285_A1,1
AGTCGTATAAAGCAGA-1_V13B23-285_A1,1
AGTCGTCGACCACCAA-1_V13B23-285_A1,1
AGTCGTGGGCATTACG-1_V13B23-285_A1,4
AGTCTAAAGTATACTC-1_V13B23-285_A1,1
AGTCTCACAAGACTAC-1_V13B23-285_A1,4
AGTCTGGACATCCTTG-1_V13B23-285_A1,1
AGTCTTCTCCTCAAAT-1_V13B23-285_A1,4
AGTCTTTAAAGTGTCC-1_V13B23-285_A1,1
AGTGAACAAACTTCTC-1_V13B23-285_A1,1
AGTGAAGATGGTGTCC-1_V13B23-285_A1,2
AGTGACCTACTTTACG-1_V13B23-285_A1,4
AGTGAGACTTCCAGTA-1_V13B23-285_A1,1
AGTGAGCCTCGCCGCC-1_V13B23-285_A1,1
AGTGAGTCGAATTAAC-1_V13B23-285_A1,1
AGTGATAACCTGCGCG-1_V13B23-285_A1,1
AGTGATATGAGTAGTT-1_V13B23-285_A1,3
AGTGATTCAAGCAGGA-1_V13B23-285_A1,1
AGTGCACGCTTAAGAA-1_V13B23-285_A1,1
AGTGCGTAGCTCGTAA-1_V13B23-285_A1,3
AGTGCTAAACACAGCA-1_V13B23-285_A1,1
AGTGCTTGCACGAATA-1_V13B23-285_A1,4
AGTGGCGGCAATTTGA-1_V13B23-285_A1,1
AGTGGCGTCTGAAGGT-1_V13B23-285_A1,1
AGTGGCTCCGTCGGCC-1_V13B23-285_A1,4
AGTGGTGTTACCCGTG-1_V13B23-285_A1,4
AGTGGTTGCGTATAGG-1_V13B23-285_A1,4
AGTGTATTGCGCATTG-1_V13B23-285_A1,1
AGTGTGCTAAGATCGC-1_V13B23-285_A1,1
AGTGTGGTCTATTGTG-1_V13B23-285_A1,1
AGTTAAACACTTGCGA-1_V13B23-285_A1,3
AGTTAAGCGGTCCCGG-1_V13B23-285_A1,1
AGTTAAGTCAACCGCT-1_V13B23-285_A1,4
AGTTACCCTTAAGACT-1_V13B23-285_A1,4
AGTTACCGCACATGGT-1_V13B23-285_A1,4
AGTTACTCTATCGTGG-1_V13B23-285_A1,1
AGTTCACCGGTTGGAC-1_V13B23-285_A1,4
AGTTCCTACAGAATTA-1_V13B23-285_A1,4
AGTTCCTATTTATGTT-1_V13B23-285_A1,4
AGTTCTGCGTTGTATC-1_V13B23-285_A1,1
AGTTGACATCGGCTGG-1_V13B23-285_A1,1
AGTTGACGGTCCTTGC-1_V13B23-285_A1,1
AGTTGCTGACTGATAT-1_V13B23-285_A1,1
AGTTGGCAAGGCTAGA-1_V13B23-285_A1,1
AGTTTATGTAAAGACA-1_V13B23-285_A1,2
AGTTTCGCAGGTCGGA-1_V13B23-285_A1,1
AGTTTGCACCTGCCTC-1_V13B23-285_A1,1
AGTTTGGCACGGGTTG-1_V13B23-285_A1,1
AGTTTGGCCAGACCTA-1_V13B23-285_A1,4
ATAAACCATTGGACGG-1_V13B23-285_A1,2
ATAAACGGACCCGTAA-1_V13B23-285_A1,4
ATAAACGTTGCACCAC-1_V13B23-285_A1,1
ATAAAGGCTCGGTCGT-1_V13B23-285_A1,4
ATAAATATTAGCAGCT-1_V13B23-285_A1,4
ATAACGCCGGAGGGTC-1_V13B23-285_A1,4
ATAACGGAGTCCAACG-1_V13B23-285_A1,4
ATAAGGTGGAGAACAT-1_V13B23-285_A1,1
ATAAGTAGGATTCAGA-1_V13B23-285_A1,1
ATAAGTAGGGCGACTC-1_V13B23-285_A1,1
ATAAGTTACCGCGACG-1_V13B23-285_A1,4
ATAATACCGTTAGCCG-1_V13B23-285_A1,1
ATAATAGCTGTTGAAT-1_V13B23-285_A1,4
ATAATAGTGTAGGGAC-1_V13B23-285_A1,1
ATAATCTTGGAGAACC-1_V13B23-285_A1,1
ATAATTAGCTAAGTAG-1_V13B23-285_A1,4
ATACAGGCCCTCCAAT-1_V13B23-285_A1,1
ATACCACGGGCAACTT-1_V13B23-285_A1,4
ATACCAGCAAATTGCT-1_V13B23-285_A1,2
ATACCAGGCTAATAGA-1_V13B23-285_A1,1
ATACCTAACCAAGAAA-1_V13B23-285_A1,4
ATACGAAGGCTTTCCA-1_V13B23-285_A1,1
ATACGCCGATCTACCG-1_V13B23-285_A1,2
ATACGCCGGCGAAACC-1_V13B23-285_A1,4
ATACGGAACGTCGTTT-1_V13B23-285_A1,4
ATACGGGTTTCGATTG-1_V13B23-285_A1,3
ATACGGTGAAGATGCA-1_V13B23-285_A1,4
ATACGTACTTAGCCAC-1_V13B23-285_A1,1
ATACGTCCACTCCTGT-1_V13B23-285_A1,1
ATACGTTATGCACGGA-1_V13B23-285_A1,4
ATACTACCCGTACCAC-1_V13B23-285_A1,1
ATACTAGCATGACCCT-1_V13B23-285_A1,4
ATACTCTCGCCACTCT-1_V13B23-285_A1,1
ATACTGCCTTACACCG-1_V13B23-285_A1,1
ATACTTGTTCTCGAGC-1_V13B23-285_A1,4
ATAGACAACGGGACCT-1_V13B23-285_A1,1
ATAGACGAAGAGAAAG-1_V13B23-285_A1,4
ATAGAGTACTGGGACA-1_V13B23-285_A1,4
ATAGAGTTATCAACTT-1_V13B23-285_A1,1
ATAGCAACTAGGGAAG-1_V13B23-285_A1,1
ATAGCCATAACAGTCA-1_V13B23-285_A1,1
ATAGCCTCAGTACCCA-1_V13B23-285_A1,1
ATAGCTGCTCTTGTTA-1_V13B23-285_A1,1
ATAGGCGGCTATAGAA-1_V13B23-285_A1,4
ATAGGCTAGCTTCGCA-1_V13B23-285_A1,1
ATAGGGATATCCTTGA-1_V13B23-285_A1,4
ATAGGTTGGGCAGATG-1_V13B23-285_A1,4
ATAGTCTTTGACGTGC-1_V13B23-285_A1,2
ATAGTGAAGCGTTCTC-1_V13B23-285_A1,4
ATAGTTCCACCCACTC-1_V13B23-285_A1,1
ATATAAAGCGCTCGTG-1_V13B23-285_A1,1
ATATAAATGTAGCTGC-1_V13B23-285_A1,1
ATATAACACGGGCGCA-1_V13B23-285_A1,1
ATATACATGTATGGTA-1_V13B23-285_A1,4
ATATACGCTCGTGACG-1_V13B23-285_A1,1
ATATAGAGTATTGGTC-1_V13B23-285_A1,4
ATATCAACCTACAGAG-1_V13B23-285_A1,1
ATATCAATTCCAGCCT-1_V13B23-285_A1,4
ATATCGGTAGGGAGAT-1_V13B23-285_A1,1
ATATCGTTCCTCGAAC-1_V13B23-285_A1,1
ATATCTCCCTCGTTAA-1_V13B23-285_A1,1
ATATCTTAGGGCCTTC-1_V13B23-285_A1,4
ATATGTCTCCCTAGCC-1_V13B23-285_A1,1
ATATTCAGTTAAACCT-1_V13B23-285_A1,3
ATATTCCACATAGTGA-1_V13B23-285_A1,1
ATATTCCCACAGGTCA-1_V13B23-285_A1,1
ATATTGCTGTCAAAGT-1_V13B23-285_A1,1
ATATTGGAGAGGCCTT-1_V13B23-285_A1,1
ATATTTAACCCTCAAG-1_V13B23-285_A1,4
ATCAAACACTGTTCCA-1_V13B23-285_A1,1
ATCAAACGAAGGTTTG-1_V13B23-285_A1,4
ATCAATCTGGGCTGCA-1_V13B23-285_A1,4
ATCAATGCCGTGGCTG-1_V13B23-285_A1,4
ATCACATTAGAATATC-1_V13B23-285_A1,3
ATCACGTGCTAATTAA-1_V13B23-285_A1,4
ATCACTTCATCCTCGC-1_V13B23-285_A1,4
ATCAGACGGCACGCCG-1_V13B23-285_A1,4
ATCAGCCTCATGCTGC-1_V13B23-285_A1,1
ATCAGCTCGTCCACTA-1_V13B23-285_A1,4
ATCAGTAGGCAGGGAT-1_V13B23-285_A1,3
ATCATAGCCCTATGTA-1_V13B23-285_A1,1
ATCATCCAATATTTGT-1_V13B23-285_A1,4
ATCATGGACTACCGAC-1_V13B23-285_A1,1
ATCCAACGCAGTCATA-1_V13B23-285_A1,4
ATCCAATGGAGGGTCC-1_V13B23-285_A1,4
ATCCAATGGTACCGAA-1_V13B23-285_A1,4
ATCCACATCGACAGAA-1_V13B23-285_A1,1
ATCCAGAGCAACAACC-1_V13B23-285_A1,4
ATCCAGGATTCGTGAA-1_V13B23-285_A1,4
ATCCCATCCACAGCGC-1_V13B23-285_A1,4
ATCCTACCTAAGCTCT-1_V13B23-285_A1,4
ATCCTGAATCGCTGCG-1_V13B23-285_A1,4
ATCCTGCGTGGAATGG-1_V13B23-285_A1,3
ATCCTGCTGCAGATAG-1_V13B23-285_A1,1
ATCGACCCAATACAGA-1_V13B23-285_A1,4
ATCGACTCTTTCCGTT-1_V13B23-285_A1,4
ATCGCACGATTGTTCA-1_V13B23-285_A1,1
ATCGCACGCCGGGAGA-1_V13B23-285_A1,4
ATCGCCAGTCAACATT-1_V13B23-285_A1,1
ATCGCTGCGTGCAGCA-1_V13B23-285_A1,2
ATCGCTTTACGTCTCA-1_V13B23-285_A1,1
ATCGGAGACAGACGGC-1_V13B23-285_A1,1
ATCGGCAAGCAGTCCA-1_V13B23-285_A1,1
ATCGGTTACCTAGTAA-1_V13B23-285_A1,4
ATCGTATTCCGAGAAC-1_V13B23-285_A1,4
ATCGTCCAATCGAGTC-1_V13B23-285_A1,1
ATCGTGGAAAGTCTGG-1_V13B23-285_A1,4
ATCGTTAGCTAGCGGA-1_V13B23-285_A1,1
ATCTAACGTCCCTATG-1_V13B23-285_A1,2
ATCTAATATCCTACGG-1_V13B23-285_A1,1
ATCTACCATCTGCTCC-1_V13B23-285_A1,1
ATCTAGCTTGTGAGGG-1_V13B23-285_A1,1
ATCTCCCACGGAATAT-1_V13B23-285_A1,1
ATCTCCCTGCAATCTA-1_V13B23-285_A1,1
ATCTCGTGAGCGAAAC-1_V13B23-285_A1,1
ATCTGACATGGAAGGA-1_V13B23-285_A1,4
ATCTGATAGTGTCTTA-1_V13B23-285_A1,1
ATCTGCACCTCTGCGA-1_V13B23-285_A1,1
ATCTGCTGTTATCGCC-1_V13B23-285_A1,1
ATCTGGGCTGTTCTTG-1_V13B23-285_A1,1
ATCTGGTTAAGACTGT-1_V13B23-285_A1,4
ATCTGTAATTGTACCC-1_V13B23-285_A1,1
ATCTTATCGCACACCC-1_V13B23-285_A1,1
ATCTTGACCTGCAACG-1_V13B23-285_A1,4
ATCTTGACTTGTCCAA-1_V13B23-285_A1,1
ATCTTTCGTATAACCA-1_V13B23-285_A1,1
ATGAAGCCAAGGAGCC-1_V13B23-285_A1,4
ATGAAGTGGACCCAGC-1_V13B23-285_A1,4
ATGACGCCGGCTCTAA-1_V13B23-285_A1,1
ATGACGCGTTCTATCC-1_V13B23-285_A1,4
ATGACTATCAGCTGTG-1_V13B23-285_A1,4
ATGACTATGCGACATT-1_V13B23-285_A1,1
ATGAGGAGTGTTAATC-1_V13B23-285_A1,4
ATGAGGGCAGCGGCTA-1_V13B23-285_A1,1
ATGATCGGGAATAGAC-1_V13B23-285_A1,1
ATGATGCAATGGTACA-1_V13B23-285_A1,4
ATGCACCTTCCTTAAT-1_V13B23-285_A1,4
ATGCACGCGCTGTTCA-1_V13B23-285_A1,1
ATGCACTACCGCATTG-1_V13B23-285_A1,4
ATGCATGATCCAGGAT-1_V13B23-285_A1,4
ATGCATTCCGTGATGG-1_V13B23-285_A1,2
ATGCCATTTGCGACCA-1_V13B23-285_A1,1
ATGCCGGTCTTGCATA-1_V13B23-285_A1,4
ATGCCGGTTGATGGGA-1_V13B23-285_A1,1
ATGCGACAGTCCCATT-1_V13B23-285_A1,4
ATGCGAGTCCCACCAC-1_V13B23-285_A1,1
ATGCTCAGTGTTGCAT-1_V13B23-285_A1,1
ATGCTCTGGCGCGGTA-1_V13B23-285_A1,1
ATGCTTAGGAGTTGAT-1_V13B23-285_A1,1
ATGGAAATTTAAGGAG-1_V13B23-285_A1,4
ATGGAACCTTTGCACA-1_V13B23-285_A1,1
ATGGAGCAGGCCGTGA-1_V13B23-285_A1,4
ATGGATCCGGCGTCCG-1_V13B23-285_A1,3
ATGGATTGACCAAACG-1_V13B23-285_A1,4
ATGGCAGCCGAGAAAC-1_V13B23-285_A1,4
ATGGCGGAATAGTCGC-1_V13B23-285_A1,1
ATGGGACCTGCTGAAC-1_V13B23-285_A1,4
ATGGGCCTCGGCCTCT-1_V13B23-285_A1,1
ATGGGTGTATACCTCC-1_V13B23-285_A1,4
ATGGTCGCGTGGTTTC-1_V13B23-285_A1,4
ATGTAAGGCTGCTCTT-1_V13B23-285_A1,1
ATGTACATGCGGTGAG-1_V13B23-285_A1,1
ATGTACGATGACGTCG-1_V13B23-285_A1,1
ATGTAGCGCGCGTAGG-1_V13B23-285_A1,1
ATGTCATTTCCCATTG-1_V13B23-285_A1,4
ATGTGAAAGCCTAATG-1_V13B23-285_A1,4
ATGTGCATCCGACGCA-1_V13B23-285_A1,4
ATGTGGACATCTTGAT-1_V13B23-285_A1,4
ATGTGTAGTTTAGTCA-1_V13B23-285_A1,2
ATGTTACGAGCAATAC-1_V13B23-285_A1,1
ATGTTCCTGCCCACCT-1_V13B23-285_A1,1
ATGTTCGTCGACCCAC-1_V13B23-285_A1,4
ATGTTGATTAGAGACT-1_V13B23-285_A1,1
ATGTTGTAGTCTGTTT-1_V13B23-285_A1,4
ATGTTTCGGCCCGGAG-1_V13B23-285_A1,1
ATTAAACATGCGGACC-1_V13B23-285_A1,4
ATTAACACCTGAGATA-1_V13B23-285_A1,4
ATTAATACTACGCGGG-1_V13B23-285_A1,4
ATTAATGAACCAGTCG-1_V13B23-285_A1,4
ATTAATTCGGTCACTC-1_V13B23-285_A1,1
ATTACAACTACCGGCC-1_V13B23-285_A1,2
ATTACATGTCAGTCTT-1_V13B23-285_A1,1
ATTACCACACTGCCTG-1_V13B23-285_A1,1
ATTACGCGCTGGCAGG-1_V13B23-285_A1,4
ATTACTAGCCTCTTGC-1_V13B23-285_A1,1
ATTACTTACTGGGCAT-1_V13B23-285_A1,1
ATTAGATTCCTCAGCA-1_V13B23-285_A1,1
ATTAGATTGATAGCGG-1_V13B23-285_A1,4
ATTAGGCGATGCTTTC-1_V13B23-285_A1,4
ATTATACTTTGCTCGT-1_V13B23-285_A1,1
ATTATAGCTACTTTAC-1_V13B23-285_A1,1
ATTATCGGAATGTACG-1_V13B23-285_A1,1
ATTATCTCGACAGATC-1_V13B23-285_A1,2
ATTATGCCATAGGGAG-1_V13B23-285_A1,4
ATTATTATGTCCGTCA-1_V13B23-285_A1,4
ATTATTCAGAGTCACT-1_V13B23-285_A1,1
ATTCAAAGTACCTGTT-1_V13B23-285_A1,2
ATTCAACCATTTAAGG-1_V13B23-285_A1,1
ATTCACTGATGTTGGA-1_V13B23-285_A1,1
ATTCAGGACCTATTTC-1_V13B23-285_A1,1
ATTCAGTAGCAGGGTC-1_V13B23-285_A1,4
ATTCATATACTGTCCA-1_V13B23-285_A1,4
ATTCATCGTTGAGGCA-1_V13B23-285_A1,1
ATTCCCACATAAACAA-1_V13B23-285_A1,4
ATTCCTCCGCCAGTGC-1_V13B23-285_A1,4
ATTCCTTCCAGGCGGT-1_V13B23-285_A1,1
ATTCGACGCCGGGCCT-1_V13B23-285_A1,4
ATTCGCGCCTTGAGAG-1_V13B23-285_A1,1
ATTCGTGCTATCTCTT-1_V13B23-285_A1,1
ATTCTCGTCTCTTTAG-1_V13B23-285_A1,1
ATTCTTCGTACTTATG-1_V13B23-285_A1,2
ATTGAAGATCTTAGTG-1_V13B23-285_A1,4
ATTGACCGGCGATGAC-1_V13B23-285_A1,2
ATTGACGTAACTCGGT-1_V13B23-285_A1,2
ATTGATAGCAACGAGA-1_V13B23-285_A1,1
ATTGATCACCACATTT-1_V13B23-285_A1,4
ATTGATGAGTCCTAAC-1_V13B23-285_A1,1
ATTGCCTTTATGTTTG-1_V13B23-285_A1,1
ATTGCGATCAGTAACT-1_V13B23-285_A1,1
ATTGCTGCTCCTCCAT-1_V13B23-285_A1,4
ATTGGATTACAGCGTA-1_V13B23-285_A1,1
ATTGGGAATATCTTGG-1_V13B23-285_A1,1
ATTGGTAGGATCCGCT-1_V13B23-285_A1,4
ATTGGTTGTGCATTAC-1_V13B23-285_A1,1
ATTGTACAACTCGGCT-1_V13B23-285_A1,1
ATTGTCGCAATACCTT-1_V13B23-285_A1,1
ATTGTTCAACGATCCG-1_V13B23-285_A1,1
ATTTAACTCGTATTAC-1_V13B23-285_A1,1
ATTTACAGTTTACTGG-1_V13B23-285_A1,4
ATTTACTAAGTCCATT-1_V13B23-285_A1,1
ATTTCATTATTTCGCG-1_V13B23-285_A1,1
ATTTCCGGGTTCTGCG-1_V13B23-285_A1,4
ATTTGCGCGAGTAGCT-1_V13B23-285_A1,4
ATTTGGAGATTGCGGT-1_V13B23-285_A1,4
ATTTGTCTTGGGAGCT-1_V13B23-285_A1,1
ATTTGTTCCAGGGCTC-1_V13B23-285_A1,4
CAAACCCTCCGGCGGG-1_V13B23-285_A1,1
CAAACGAGTATCGCAG-1_V13B23-285_A1,4
CAAACGGTCGCACTTT-1_V13B23-285_A1,4
CAAACTACGATAGAGA-1_V13B23-285_A1,2
CAAACTCGCGACGCCG-1_V13B23-285_A1,1
CAAAGATTATTGGGCC-1_V13B23-285_A1,4
CAAAGGTCATCTGAAA-1_V13B23-285_A1,1
CAAAGTCAGGTTAGCT-1_V13B23-285_A1,1
CAAATCTCTCACAAGG-1_V13B23-285_A1,4
CAAATGTCCTTCCGTG-1_V13B23-285_A1,4
CAAATTGGATTATGCC-1_V13B23-285_A1,2
CAAATTGTCAGCAAGC-1_V13B23-285_A1,1
CAACACATCTCCTGCC-1_V13B23-285_A1,1
CAACATGGCCTGATAA-1_V13B23-285_A1,1
CAACCAGTGGCCTACC-1_V13B23-285_A1,1
CAACCGCACCTAGACA-1_V13B23-285_A1,1
CAACCTACCGAGCAGT-1_V13B23-285_A1,1
CAACCTGAACCTGCCA-1_V13B23-285_A1,1
CAACGACCCGTTTACA-1_V13B23-285_A1,4
CAACGGTTCTTGATAC-1_V13B23-285_A1,1
CAACGTGGTGGAGTCT-1_V13B23-285_A1,1
CAACTATATCGAATGC-1_V13B23-285_A1,1
CAACTCCTTGATCCCG-1_V13B23-285_A1,4
CAACTGCTCATCCGAT-1_V13B23-285_A1,1
CAACTTGTAGTGGGCA-1_V13B23-285_A1,1
CAAGAGGGCGGAGTAC-1_V13B23-285_A1,4
CAAGATATTATAACGT-1_V13B23-285_A1,1
CAAGCAACGTCGGAGT-1_V13B23-285_A1,4
CAAGCACCAAATGCCT-1_V13B23-285_A1,4
CAAGCGGCACATAATT-1_V13B23-285_A1,1
CAAGGATCGCATGTTC-1_V13B23-285_A1,4
CAAGGCCAGTGGTGCA-1_V13B23-285_A1,1
CAAGGTCCTATAGGCT-1_V13B23-285_A1,1
CAAGTGAACTTTGGTT-1_V13B23-285_A1,2
CAAGTGTGGTTGCAAA-1_V13B23-285_A1,1
CAATAAACCTTGGCCC-1_V13B23-285_A1,4
CAATACGAGAGTCTGA-1_V13B23-285_A1,1
CAATACGCTCTGAGGC-1_V13B23-285_A1,4
CAATATTCTTGACCTA-1_V13B23-285_A1,4
CAATATTGGACTAGTG-1_V13B23-285_A1,1
CAATCCCTATACCAGC-1_V13B23-285_A1,2
CAATCCTGCCGTGGAG-1_V13B23-285_A1,1
CAATGAGGTTCGACTA-1_V13B23-285_A1,1
CAATGCGAGAAGTATC-1_V13B23-285_A1,1
CAATGGATCTCTACCA-1_V13B23-285_A1,1
CAATGGTCGGCCTGGG-1_V13B23-285_A1,2
CAATGTGCCAACCCTT-1_V13B23-285_A1,1
CAATTAAGGGTGATGA-1_V13B23-285_A1,4
CAATTGGGCCGCACTC-1_V13B23-285_A1,4
CAATTTCGTATAAGGG-1_V13B23-285_A1,4
CAATTTGACCGGGAAG-1_V13B23-285_A1,1
CACAAACCGCAGAACT-1_V13B23-285_A1,1
CACAATGAGCTGCTAT-1_V13B23-285_A1,4
CACACACGCTAACGAG-1_V13B23-285_A1,1
CACACAGCTTGCGCTC-1_V13B23-285_A1,1
CACACAGGGATAGATT-1_V13B23-285_A1,4
CACACGCGCTGTCTTA-1_V13B23-285_A1,1
CACAGAGACGAGGACG-1_V13B23-285_A1,4
CACAGCACCCACGGCA-1_V13B23-285_A1,4
CACAGCTAGGGAGTGA-1_V13B23-285_A1,4
CACAGGGCCATATAGT-1_V13B23-285_A1,1
CACAGGGCCGTTGTCA-1_V13B23-285_A1,4
CACAGTCCCGCTTCGC-1_V13B23-285_A1,1
CACAGTTCGCTTCCCA-1_V13B23-285_A1,1
CACATAAGGCGACCGT-1_V13B23-285_A1,2
CACATATTAGCAGGAT-1_V13B23-285_A1,4
CACATCGTGCACGCGC-1_V13B23-285_A1,4
CACATCTCACCGACGA-1_V13B23-285_A1,1
CACATGATTCAGCAAC-1_V13B23-285_A1,4
CACATGTTTGGACATG-1_V13B23-285_A1,1
CACATTCTTTCGATGG-1_V13B23-285_A1,1
CACATTTCTTGTCAGA-1_V13B23-285_A1,1
CACCAATCATCCGTCT-1_V13B23-285_A1,4
CACCACGCCACACAGA-1_V13B23-285_A1,4
CACCAGTCAGCATGCA-1_V13B23-285_A1,4
CACCATCGGAGGAGAC-1_V13B23-285_A1,1
CACCCAAATCTTATGT-1_V13B23-285_A1,1
CACCCACACGTCACCC-1_V13B23-285_A1,1
CACCCACGAGGCAATT-1_V13B23-285_A1,1
CACCCGGTTTGTGACT-1_V13B23-285_A1,4
CACCCTAACAAGATCT-1_V13B23-285_A1,1
CACCCTTGGTGAGACC-1_V13B23-285_A1,4
CACCCTTTCCTCGCTC-1_V13B23-285_A1,1
CACCGATACACCGAGC-1_V13B23-285_A1,2
CACCGCCAGAAGGTTT-1_V13B23-285_A1,4
CACCGCCGACCAGCGA-1_V13B23-285_A1,2
CACCGTATCCCATCCG-1_V13B23-285_A1,1
CACCGTTAGGGATCAC-1_V13B23-285_A1,4
CACCGTTGCGCGATAT-1_V13B23-285_A1,4
CACCTAATAGAGTCGT-1_V13B23-285_A1,1
CACCTAATCAGTTTAC-1_V13B23-285_A1,4
CACCTCGATGGTGGAC-1_V13B23-285_A1,4
CACCTTGCGAAACTCG-1_V13B23-285_A1,4
CACCTTGGCGCCTTTG-1_V13B23-285_A1,1
CACGAAAGTTAGTCCC-1_V13B23-285_A1,4
CACGACTAAAGTTCTG-1_V13B23-285_A1,2
CACGATTGGTCGTTAA-1_V13B23-285_A1,2
CACGCACAGCGCAGCT-1_V13B23-285_A1,4
CACGCAGCGAGGCTTT-1_V13B23-285_A1,4
CACGCGGAACTGTTGC-1_V13B23-285_A1,1
CACGGACGTGGATGGC-1_V13B23-285_A1,2
CACGGGATTGAGGGTT-1_V13B23-285_A1,4
CACGTCAATCAATGGA-1_V13B23-285_A1,1
CACGTCGGCAACCTCT-1_V13B23-285_A1,4
CACGTCGGGTTCTAGA-1_V13B23-285_A1,1
CACGTTCGTGCTCTAG-1_V13B23-285_A1,4
CACGTTTCGTACACAC-1_V13B23-285_A1,1
CACTAAAGTTGCCTAT-1_V13B23-285_A1,4
CACTACGGGAGCTGCC-1_V13B23-285_A1,1
CACTCAAGAGCTATGG-1_V13B23-285_A1,4
CACTCAGCTCTTGAGG-1_V13B23-285_A1,2
CACTCCTATGTAAGAT-1_V13B23-285_A1,4
CACTCCTCTCGGTCGG-1_V13B23-285_A1,1
CACTCGAGCTGAACAA-1_V13B23-285_A1,4
CACTCGGTTAGGAGGA-1_V13B23-285_A1,4
CACTCTTCTGCTAGCC-1_V13B23-285_A1,1
CACTGACGATTGTGGA-1_V13B23-285_A1,4
CACTGTCCAAGTGAGA-1_V13B23-285_A1,4
CACTTAATCAGACGGA-1_V13B23-285_A1,4
CACTTCGCCACAGGCT-1_V13B23-285_A1,1
CACTTCGTCTTATCTC-1_V13B23-285_A1,1
CAGAACTTAGCCCTCT-1_V13B23-285_A1,1
CAGAATAACACACGGA-1_V13B23-285_A1,1
CAGACACCGATCGCTG-1_V13B23-285_A1,4
CAGACCTGTAAGTGTT-1_V13B23-285_A1,1
CAGACGAACCTGATAC-1_V13B23-285_A1,4
CAGAGACGGTCACCCA-1_V13B23-285_A1,4
CAGAGCATGAGCTTGC-1_V13B23-285_A1,4
CAGAGGCGATGCATGA-1_V13B23-285_A1,4
CAGAGTGATTTAACGT-1_V13B23-285_A1,2
CAGATAATGGGCGGGT-1_V13B23-285_A1,1
CAGATACTAACATAGT-1_V13B23-285_A1,4
CAGATCATTTAAAGTC-1_V13B23-285_A1,2
CAGATCCTGGTTTGAA-1_V13B23-285_A1,4
CAGATGTTTGTCCCAA-1_V13B23-285_A1,4
CAGCAGCCCGTTCCTT-1_V13B23-285_A1,1
CAGCAGTCCAGACTAT-1_V13B23-285_A1,1
CAGCAGTCTGTGCTGC-1_V13B23-285_A1,1
CAGCCGGGCCCTCTAT-1_V13B23-285_A1,2
CAGCCTCCTGCAGAGG-1_V13B23-285_A1,4
CAGCCTCTCCTCAAGA-1_V13B23-285_A1,2
CAGCGATTCCCTTCAA-1_V13B23-285_A1,4
CAGCGCCAACACGATA-1_V13B23-285_A1,4
CAGCTCACTGAGACAT-1_V13B23-285_A1,4
CAGCTCGACAAGTTAA-1_V13B23-285_A1,1
CAGCTCGTGCTTGTGT-1_V13B23-285_A1,1
CAGCTGGCGTAACCGT-1_V13B23-285_A1,4
CAGCTTAGTAGGTAGC-1_V13B23-285_A1,4
CAGGAAGACTTTATAT-1_V13B23-285_A1,2
CAGGATATATCGTTGT-1_V13B23-285_A1,4
CAGGATCCGCCCGACC-1_V13B23-285_A1,2
CAGGCAGTCTTACCAG-1_V13B23-285_A1,1
CAGGCCGTTTGGGTGT-1_V13B23-285_A1,4
CAGGCGCACGGTGGTC-1_V13B23-285_A1,4
CAGGCGCCATGCTAGG-1_V13B23-285_A1,1
CAGTAACTATTTATTG-1_V13B23-285_A1,2
CAGTAATCCCTCCCAG-1_V13B23-285_A1,1
CAGTACATTCTCTAAA-1_V13B23-285_A1,2
CAGTACCAGTTTACGT-1_V13B23-285_A1,4
CAGTAGATGATGTCCG-1_V13B23-285_A1,4
CAGTAGCCCACGCGGT-1_V13B23-285_A1,3
CAGTAGCGAGGTAGTA-1_V13B23-285_A1,1
CAGTCGAGGATGCAAT-1_V13B23-285_A1,1
CAGTCGGCCTAGATAT-1_V13B23-285_A1,4
CAGTCTCTCGGCTAAT-1_V13B23-285_A1,1
CAGTCTGTATACTGGG-1_V13B23-285_A1,4
CAGTGAATAAATGACT-1_V13B23-285_A1,4
CAGTGGTTGCACATGA-1_V13B23-285_A1,1
CAGTGTCCGCAGAATG-1_V13B23-285_A1,1
CAGTGTCGGCTGGCCC-1_V13B23-285_A1,1
CAGTTCAAATTGACAC-1_V13B23-285_A1,4
CAGTTCCGCGGGTCGA-1_V13B23-285_A1,4
CATAACGGACAGTCGT-1_V13B23-285_A1,1
CATAAGAAGCTTGGCT-1_V13B23-285_A1,1
CATAAGCTCTCCGTCT-1_V13B23-285_A1,4
CATAATGAGCGGGCGA-1_V13B23-285_A1,1
CATACAAAGCCGAACC-1_V13B23-285_A1,1
CATACACAAAGTCAGC-1_V13B23-285_A1,4
CATACACGGTTCCCAC-1_V13B23-285_A1,1
CATACCCGTACCCAGT-1_V13B23-285_A1,4
CATACGGCGTCTGGGC-1_V13B23-285_A1,4
CATACGGGTGCATGAT-1_V13B23-285_A1,1
CATACTATGTAATTGT-1_V13B23-285_A1,4
CATACTTAGGCAATAC-1_V13B23-285_A1,1
CATACTTCTTTCTCCG-1_V13B23-285_A1,4
CATAGAGGAGATACTA-1_V13B23-285_A1,1
CATAGCCGCCCGGGAT-1_V13B23-285_A1,4
CATAGCGTTGCCCACC-1_V13B23-285_A1,4
CATAGTACATTGAGAG-1_V13B23-285_A1,1
CATAGTAGCATAGTAG-1_V13B23-285_A1,4
CATAGTCAAATACATA-1_V13B23-285_A1,1
CATAGTCCACAAGAAC-1_V13B23-285_A1,4
CATATACTACTGATAA-1_V13B23-285_A1,2
CATATAGGTACAGTCA-1_V13B23-285_A1,3
CATATGTCAGGCTACG-1_V13B23-285_A1,4
CATATTATTTGCCCTA-1_V13B23-285_A1,2
CATCAACACCTACTAA-1_V13B23-285_A1,1
CATCATTACCCTGAGG-1_V13B23-285_A1,1
CATCCCGAGATTCATA-1_V13B23-285_A1,1
CATCCGCAGGCCCGAA-1_V13B23-285_A1,1
CATCCTCTCAAAGATC-1_V13B23-285_A1,1
CATCGAATGGATCTCT-1_V13B23-285_A1,2
CATCGCCCGCGGCCAA-1_V13B23-285_A1,1
CATCGGACGGGTTAAT-1_V13B23-285_A1,4
CATCGTCCGGTTACTA-1_V13B23-285_A1,4
CATCTAGTGAAGGGAA-1_V13B23-285_A1,1
CATCTATCCCGTGTCT-1_V13B23-285_A1,2
CATCTGCAGGATCATT-1_V13B23-285_A1,4
CATCTTACACCACCTC-1_V13B23-285_A1,1
CATGAACCGACATTTG-1_V13B23-285_A1,1
CATGAACCTCTTATCA-1_V13B23-285_A1,2
CATGACTTCGCTGAAT-1_V13B23-285_A1,1
CATGAGATGCACTCTC-1_V13B23-285_A1,1
CATGATCGCTTTGAGA-1_V13B23-285_A1,1
CATGATGCACAATTCT-1_V13B23-285_A1,4
CATGATGGAAGTTAGC-1_V13B23-285_A1,1
CATGCATGGAGACCCT-1_V13B23-285_A1,2
CATGCCAACTCGCAAA-1_V13B23-285_A1,4
CATGCGACCAGTTTAA-1_V13B23-285_A1,1
CATGCGTTAGACAGAA-1_V13B23-285_A1,1
CATGCTGGCTCCAATT-1_V13B23-285_A1,1
CATGGATTGTCTTCCG-1_V13B23-285_A1,1
CATGGCAGGAAGATCG-1_V13B23-285_A1,4
CATGGCTCCCTATGTC-1_V13B23-285_A1,4
CATGGGTATGCCTTAT-1_V13B23-285_A1,1
CATGGGTCGGGTGTGG-1_V13B23-285_A1,3
CATGGTAAGTAGCGTT-1_V13B23-285_A1,4
CATGGTATTAGTTTGT-1_V13B23-285_A1,1
CATGGTCTAGATACCG-1_V13B23-285_A1,4
CATGGTTTATTAATCA-1_V13B23-285_A1,1
CATGTAAGAGACATTT-1_V13B23-285_A1,1
CATGTCTCATTTATGG-1_V13B23-285_A1,1
CATTACATAGATTGTG-1_V13B23-285_A1,1
CATTACGCAGGAAGGG-1_V13B23-285_A1,1
CATTACGTCGGCCCGT-1_V13B23-285_A1,4
CATTATGCTTGTTGTG-1_V13B23-285_A1,4
CATTCACTGACAGCTA-1_V13B23-285_A1,2
CATTCAGGTCAGTGCG-1_V13B23-285_A1,1
CATTCCCATTCCGTCG-1_V13B23-285_A1,1
CATTCCCTAAGTACAA-1_V13B23-285_A1,1
CATTGATGAACACGCC-1_V13B23-285_A1,2
CATTGCGAAATGGGCG-1_V13B23-285_A1,4
CATTGCGGGTCAATTC-1_V13B23-285_A1,1
CATTGTGTGCTAGATC-1_V13B23-285_A1,1
CATTTAGCGGACCATG-1_V13B23-285_A1,3
CATTTCTAGCAGACTA-1_V13B23-285_A1,1
CATTTGAGTGGTACGT-1_V13B23-285_A1,4
CCAAACAGAACCCTCG-1_V13B23-285_A1,4
CCAAAGCAGTTGGTTG-1_V13B23-285_A1,1
CCAAAGTCCCGCTAAC-1_V13B23-285_A1,1
CCAAATAACAAGATTC-1_V13B23-285_A1,1
CCAACGATGCACTGAT-1_V13B23-285_A1,4
CCAACTTGATAGATCC-1_V13B23-285_A1,1
CCAAGAAAGTGGGCGA-1_V13B23-285_A1,4
CCAAGACTTCTGCGAA-1_V13B23-285_A1,4
CCAAGCGTAACTCGTA-1_V13B23-285_A1,4
CCAAGGAACAGAGAGG-1_V13B23-285_A1,1
CCAAGGTTGCCCTTTC-1_V13B23-285_A1,1
CCAAGTTTCTACAGAT-1_V13B23-285_A1,1
CCAATAGATTTCATCT-1_V13B23-285_A1,4
CCAATAGTGCCGTCGA-1_V13B23-285_A1,4
CCAATCGGTAGATCGA-1_V13B23-285_A1,2
CCAATGTCACAGCAAG-1_V13B23-285_A1,4
CCAATTACGGGTCGAG-1_V13B23-285_A1,1
CCAATTGAATGTTAAT-1_V13B23-285_A1,4
CCACAATGTACGTCTT-1_V13B23-285_A1,1
CCACACTGAGATATTA-1_V13B23-285_A1,4
CCACAGCTGAAATCAT-1_V13B23-285_A1,1
CCACAGTACCCATCCT-1_V13B23-285_A1,1
CCACATACTGCACCCA-1_V13B23-285_A1,1
CCACATGGCTCTTTAT-1_V13B23-285_A1,4
CCACCAACTTTACTGT-1_V13B23-285_A1,4
CCACCCAAGGAAAGTG-1_V13B23-285_A1,4
CCACGAATTTAACCTC-1_V13B23-285_A1,1
CCACGAGAAGAGAATC-1_V13B23-285_A1,1
CCACGGAGCCATAAGA-1_V13B23-285_A1,4
CCACGGTGCCCGGTAG-1_V13B23-285_A1,1
CCACGTAAATTAGACT-1_V13B23-285_A1,1
CCACTAAACTGAATCG-1_V13B23-285_A1,2
CCACTATCCGGGTCAC-1_V13B23-285_A1,1
CCACTGGTGGCTGGTT-1_V13B23-285_A1,4
CCACTGTTTGGATTAA-1_V13B23-285_A1,1
CCAGAAAGCAACTCAT-1_V13B23-285_A1,4
CCAGAGACAAAGCCGG-1_V13B23-285_A1,4
CCAGATAGTTGAGTGA-1_V13B23-285_A1,4
CCAGCCTGGACCAATA-1_V13B23-285_A1,4
CCAGCGGGATCACCAG-1_V13B23-285_A1,1
CCAGCTACGCCTCATA-1_V13B23-285_A1,1
CCAGCTCGAACGCATT-1_V13B23-285_A1,4
CCAGCTGATGGTACTT-1_V13B23-285_A1,4
CCAGCTTCCGCCCGCA-1_V13B23-285_A1,4
CCAGGCTGGCGTCTGA-1_V13B23-285_A1,1
CCAGGGACGTGGCCTC-1_V13B23-285_A1,4
CCAGTAGTCTGATCCA-1_V13B23-285_A1,1
CCAGTCAAATCTCTTA-1_V13B23-285_A1,4
CCAGTCCATTATTCGA-1_V13B23-285_A1,1
CCAGTCTAGACGGCGC-1_V13B23-285_A1,3
CCAGTCTTGTCATAGA-1_V13B23-285_A1,4
CCATAAACAACCCGAC-1_V13B23-285_A1,1
CCATAACCTGTGCAGT-1_V13B23-285_A1,4
CCATACCTTTACTTGT-1_V13B23-285_A1,1
CCATACTCGCCTCTCC-1_V13B23-285_A1,4
CCATAGAGGCTGCCAG-1_V13B23-285_A1,4
CCATAGGTTGGCGTGG-1_V13B23-285_A1,4
CCATAGTCAGTAACCC-1_V13B23-285_A1,1
CCATATGGAAACTATA-1_V13B23-285_A1,1
CCATATTGGATCATGA-1_V13B23-285_A1,1
CCATCCATACCAAGTC-1_V13B23-285_A1,1
CCATCGCAGTTAAACT-1_V13B23-285_A1,4
CCATCTCACCAGTGAA-1_V13B23-285_A1,1
CCATCTTGTTCACAAT-1_V13B23-285_A1,1
CCATGCCCTAGATTTC-1_V13B23-285_A1,1
CCATGCCTGTTTAGTA-1_V13B23-285_A1,4
CCATGCTCTGCAGGAA-1_V13B23-285_A1,4
CCATGGCCCTTGTACC-1_V13B23-285_A1,4
CCATTAGCGATAATCC-1_V13B23-285_A1,4
CCATTCCCTGCCCACA-1_V13B23-285_A1,4
CCATTGTTTCCTCCAT-1_V13B23-285_A1,1
CCATTTCTACCTATTA-1_V13B23-285_A1,1
CCCAAACATGCTGCTC-1_V13B23-285_A1,1
CCCAACATACGTCGCG-1_V13B23-285_A1,4
CCCAACCACACTAACA-1_V13B23-285_A1,2
CCCAAGACAGAGTATG-1_V13B23-285_A1,2
CCCAAGTCATTACACT-1_V13B23-285_A1,1
CCCAATGAGATTTGCA-1_V13B23-285_A1,4
CCCAATTTCACAACTT-1_V13B23-285_A1,4
CCCACTCCACGGTATC-1_V13B23-285_A1,4
CCCAGAGGAGGGCGTA-1_V13B23-285_A1,2
CCCAGGTCTGAAGGCT-1_V13B23-285_A1,1
CCCAGTAAACTTGGGA-1_V13B23-285_A1,4
CCCAGTTAAGGCGCCG-1_V13B23-285_A1,4
CCCATATAGGTCGATT-1_V13B23-285_A1,1
CCCGAAGTTTCGCGAA-1_V13B23-285_A1,4
CCCGACCATAGTCCGC-1_V13B23-285_A1,4
CCCGAGTTTCTCCGTA-1_V13B23-285_A1,1
CCCGCAGCGCGAACTA-1_V13B23-285_A1,4
CCCGCCATGCTCCCGT-1_V13B23-285_A1,4
CCCGCGCAATGCACCC-1_V13B23-285_A1,1
CCCGCTTGCCCTCGTC-1_V13B23-285_A1,2
CCCGGCTAGGTGAGAA-1_V13B23-285_A1,1
CCCGGGTCGTTCAGGG-1_V13B23-285_A1,1
CCCGGTGGAAGAACCT-1_V13B23-285_A1,4
CCCGGTGTATCGGAAT-1_V13B23-285_A1,4
CCCGTAAGTCTAGGCC-1_V13B23-285_A1,4
CCCGTAGCTGGGAAGA-1_V13B23-285_A1,4
CCCGTCAGCGTCTGAC-1_V13B23-285_A1,4
CCCGTGAGGGCGGTGA-1_V13B23-285_A1,4
CCCGTTTCGCAGATGT-1_V13B23-285_A1,1
CCCTACTTGAACAATG-1_V13B23-285_A1,1
CCCTAGGCAACAAGAG-1_V13B23-285_A1,4
CCCTAGTGTCAGGTGT-1_V13B23-285_A1,1
CCCTATGTAGAGCAGA-1_V13B23-285_A1,4
CCCTCAAGCTCTTAGT-1_V13B23-285_A1,4
CCCTCATTCTGGAATT-1_V13B23-285_A1,1
CCCTCCTCGCTCGTAT-1_V13B23-285_A1,1
CCCTGAAATGAGTTGA-1_V13B23-285_A1,4
CCCTGATGTAACTCGT-1_V13B23-285_A1,1
CCCTGCCCAATCCGCT-1_V13B23-285_A1,4
CCCTGCGCTACGCATA-1_V13B23-285_A1,4
CCCTGGCTGTTCCTTC-1_V13B23-285_A1,4
CCCTGGTATGGGCGGC-1_V13B23-285_A1,2
CCCTGTTGGCAAAGAC-1_V13B23-285_A1,1
CCCTTCTCGTACGCGA-1_V13B23-285_A1,1
CCCTTTAATGGAGTTC-1_V13B23-285_A1,1
CCCTTTGACAGGTCTT-1_V13B23-285_A1,4
CCGAAAGTGGTGAGCA-1_V13B23-285_A1,1
CCGAACACTGGGCCTC-1_V13B23-285_A1,4
CCGAACCTTCCCGGCC-1_V13B23-285_A1,1
CCGAAGTATATTGTTC-1_V13B23-285_A1,1
CCGACAAACACATGAG-1_V13B23-285_A1,1
CCGACAAAGGGAGTGC-1_V13B23-285_A1,3
CCGACAATAGGCCGCC-1_V13B23-285_A1,1
CCGACGGGCATGAGGT-1_V13B23-285_A1,4
CCGACGTAAACACAAC-1_V13B23-285_A1,2
CCGAGAAGTCGCATAA-1_V13B23-285_A1,1
CCGAGGGATGTTAGGC-1_V13B23-285_A1,2
CCGATCTCAACCTTAT-1_V13B23-285_A1,1
CCGATTCGAGGGACCC-1_V13B23-285_A1,4
CCGCACAAAGACCAAC-1_V13B23-285_A1,4
CCGCACACGAACGTGT-1_V13B23-285_A1,1
CCGCACGTGACCTCGG-1_V13B23-285_A1,4
CCGCACTTGCAATGAC-1_V13B23-285_A1,1
CCGCATGTGGTACGAT-1_V13B23-285_A1,1
CCGCCACCACAATCCA-1_V13B23-285_A1,2
CCGCCGGAACTTCTCG-1_V13B23-285_A1,4
CCGCCGGTCAACACAC-1_V13B23-285_A1,1
CCGCCGTTGAGGATAA-1_V13B23-285_A1,1
CCGCCTGCGAATTGGT-1_V13B23-285_A1,2
CCGCCTTGCGATGTCG-1_V13B23-285_A1,4
CCGCGATTTGGTAGGT-1_V13B23-285_A1,4
CCGCGGAATGCGTCAC-1_V13B23-285_A1,4
CCGCGGGTACGAAGAA-1_V13B23-285_A1,4
CCGCGTAGGTAAGGGC-1_V13B23-285_A1,4
CCGCTATCAGCACCAG-1_V13B23-285_A1,4
CCGCTCCAGGGCGATC-1_V13B23-285_A1,1
CCGCTCTTCCGAACTA-1_V13B23-285_A1,1
CCGCTGGTGCCATTCA-1_V13B23-285_A1,2
CCGCTTACCTCACTCT-1_V13B23-285_A1,4
CCGCTTCGCGGTTAAC-1_V13B23-285_A1,2
CCGCTTGCTGACATGG-1_V13B23-285_A1,1
CCGGAATGGTTTCAGT-1_V13B23-285_A1,4
CCGGAGCGTACTTTCT-1_V13B23-285_A1,4
CCGGCACGACCGTTTC-1_V13B23-285_A1,1
CCGGCCGCGAGCATAT-1_V13B23-285_A1,4
CCGGCGCATATTGGAT-1_V13B23-285_A1,1
CCGGCGTGAGACTCTG-1_V13B23-285_A1,4
CCGGGACCCGCAGAGA-1_V13B23-285_A1,1
CCGGGCGGTCTCGTCA-1_V13B23-285_A1,4
CCGGGCTGCTCCATAC-1_V13B23-285_A1,1
CCGGGTTCGAGGTTAC-1_V13B23-285_A1,4
CCGGTAATGGCTAGTC-1_V13B23-285_A1,1
CCGGTGCGAGTGATAG-1_V13B23-285_A1,2
CCGGTTTGTAATTGTG-1_V13B23-285_A1,4
CCGTAAGTTGGTCCCA-1_V13B23-285_A1,4
CCGTACCCAAGCGCCA-1_V13B23-285_A1,1
CCGTAGGAAATCCCTG-1_V13B23-285_A1,1
CCGTAGGGTTGTTTAC-1_V13B23-285_A1,1
CCGTATCTCGTCGTAG-1_V13B23-285_A1,4
CCGTGAGGCATTCATG-1_V13B23-285_A1,1
CCGTGCCCATGACGGC-1_V13B23-285_A1,1
CCGTGGAACGATCCAA-1_V13B23-285_A1,1
CCGTGTTAAATTCCAT-1_V13B23-285_A1,4
CCGTTACGTTAGAACA-1_V13B23-285_A1,1
CCGTTCCGAATCTCGG-1_V13B23-285_A1,4
CCTAAAGGCTGACGCT-1_V13B23-285_A1,2
CCTAAATTAACGGTTC-1_V13B23-285_A1,4
CCTAAATTGTATCCTA-1_V13B23-285_A1,1
CCTAACCCAAACAAGT-1_V13B23-285_A1,1
CCTAACTAAGGCTCTA-1_V13B23-285_A1,1
CCTAAGTGTCTAACCG-1_V13B23-285_A1,2
CCTACATTCACAGACG-1_V13B23-285_A1,4
CCTACGGCTCAGTCGA-1_V13B23-285_A1,1
CCTACTCAACACGATT-1_V13B23-285_A1,1
CCTACTGCTTACACTT-1_V13B23-285_A1,3
CCTAGGCGTAGCGATC-1_V13B23-285_A1,1
CCTAGGTAAAGGTAGC-1_V13B23-285_A1,4
CCTAGTTAGTCGCATG-1_V13B23-285_A1,2
CCTATAATGAGTGCCC-1_V13B23-285_A1,1
CCTATACCGTCCTGTC-1_V13B23-285_A1,4
CCTATATCGTGTCACG-1_V13B23-285_A1,1
CCTATATTTGTCCTGG-1_V13B23-285_A1,1
CCTATCTATATCGGAA-1_V13B23-285_A1,1
CCTATGAAGTGGTGCC-1_V13B23-285_A1,1
CCTATGGCTCCTAGTG-1_V13B23-285_A1,4
CCTATGGGTTACCGTC-1_V13B23-285_A1,4
CCTATGGTCAAAGCTG-1_V13B23-285_A1,1
CCTATGTCCACTCCAC-1_V13B23-285_A1,1
CCTCAACGATCGCTGT-1_V13B23-285_A1,4
CCTCACCAATCTTGAC-1_V13B23-285_A1,1
CCTCACCTGAGGGAGC-1_V13B23-285_A1,1
CCTCACCTTAGCATCG-1_V13B23-285_A1,1
CCTCATGCAGCTACGA-1_V13B23-285_A1,1
CCTCCCGACAATCCCT-1_V13B23-285_A1,2
CCTCCGACAATTCAAG-1_V13B23-285_A1,4
CCTCCTGAGCCCACAT-1_V13B23-285_A1,4
CCTCCTGTTGTGTCGT-1_V13B23-285_A1,1
CCTCGAAGTGGACGGG-1_V13B23-285_A1,1
CCTCGCCAGCAAATTA-1_V13B23-285_A1,1
CCTCGCGCGATATAGG-1_V13B23-285_A1,1
CCTCGCGCTGTGCGAT-1_V13B23-285_A1,4
CCTCGGACCGGGATAG-1_V13B23-285_A1,4
CCTCGGATGCTACCTG-1_V13B23-285_A1,4
CCTCTAATCTGCCAAG-1_V13B23-285_A1,4
CCTCTATCGATTAGCA-1_V13B23-285_A1,4
CCTCTCTCCCATCTAG-1_V13B23-285_A1,4
CCTCTGGCCTAGACGG-1_V13B23-285_A1,1
CCTCTGTACTATTCTA-1_V13B23-285_A1,4
CCTGAACGATATATTC-1_V13B23-285_A1,1
CCTGAATATTTACATA-1_V13B23-285_A1,4
CCTGACAAACTCGCGC-1_V13B23-285_A1,4
CCTGACCACCGATGGT-1_V13B23-285_A1,4
CCTGCCCGTTGTCTAG-1_V13B23-285_A1,4
CCTGCGATAGAACTGT-1_V13B23-285_A1,1
CCTGCGTTCTACGCTT-1_V13B23-285_A1,4
CCTGCTATTTGAGAAG-1_V13B23-285_A1,4
CCTGGAAACGTTCTGC-1_V13B23-285_A1,1
CCTGGCTAGACCCGCC-1_V13B23-285_A1,4
CCTGGTCGAATGTGGG-1_V13B23-285_A1,1
CCTGTAAGACATGATA-1_V13B23-285_A1,4
CCTGTACTCACGCCCA-1_V13B23-285_A1,4
CCTGTCACCCGGGCTC-1_V13B23-285_A1,4
CCTGTCCCTCACGTTA-1_V13B23-285_A1,1
CCTGTCGCCCGTAAAT-1_V13B23-285_A1,4
CCTGTGAAACCGTAAC-1_V13B23-285_A1,4
CCTGTGCATAGGAGAC-1_V13B23-285_A1,1
CCTGTTTGAAGACACG-1_V13B23-285_A1,1
CCTTCAGTTAAAGTGA-1_V13B23-285_A1,1
CCTTCGTATAGAATCC-1_V13B23-285_A1,1
CCTTCTCAGCGTTCCT-1_V13B23-285_A1,4
CCTTCTTGATCCAGTG-1_V13B23-285_A1,4
CCTTGACCACTTTATT-1_V13B23-285_A1,1
CCTTTAAGGGAGCACT-1_V13B23-285_A1,4
CCTTTCAATGAAGAAA-1_V13B23-285_A1,1
CCTTTGAATTATGGCT-1_V13B23-285_A1,1
CGAAACGCAATTCATG-1_V13B23-285_A1,4
CGAACAGTATGGGCGT-1_V13B23-285_A1,1
CGAACCCGCATGCGTC-1_V13B23-285_A1,4
CGAACGCCCAGTGCCG-1_V13B23-285_A1,1
CGAACGGCCGGACAAC-1_V13B23-285_A1,4
CGAAGACGGTGAGTGC-1_V13B23-285_A1,4
CGAAGACTGCCCGGGA-1_V13B23-285_A1,2
CGAAGCTATAAATTCA-1_V13B23-285_A1,2
CGAAGTTGCTCTGTGT-1_V13B23-285_A1,4
CGAATCTGCTCGACGC-1_V13B23-285_A1,4
CGAATGAAGTCATTGC-1_V13B23-285_A1,4
CGAATGACGCATAATG-1_V13B23-285_A1,4
CGACAATTTGATCTAA-1_V13B23-285_A1,1
CGACACGCTCCGACAG-1_V13B23-285_A1,1
CGACAGTTCGCGTTAT-1_V13B23-285_A1,4
CGACATGCGATCTTCT-1_V13B23-285_A1,2
CGACCCTTAACGCCGG-1_V13B23-285_A1,4
CGACCTACTAGACAAT-1_V13B23-285_A1,4
CGACGCATCCGTACCT-1_V13B23-285_A1,4
CGACTCAGGATGTTAT-1_V13B23-285_A1,3
CGACTTTGTATAGCCT-1_V13B23-285_A1,1
CGAGACCCTAGAGTGT-1_V13B23-285_A1,4
CGAGAGATGTGAACCT-1_V13B23-285_A1,1
CGAGAGCGCGTAGATA-1_V13B23-285_A1,4
CGAGAGCTTTCACTAC-1_V13B23-285_A1,1
CGAGAGGGTAGCCGCG-1_V13B23-285_A1,1
CGAGATGTTGCCTATA-1_V13B23-285_A1,2
CGAGATTTCGCTCGGG-1_V13B23-285_A1,1
CGAGCACTTCAAGTTT-1_V13B23-285_A1,4
CGAGCCGAGCACTCGA-1_V13B23-285_A1,1
CGAGCGTTGATCAGCC-1_V13B23-285_A1,1
CGAGCTGGGCTTTAGG-1_V13B23-285_A1,1
CGAGGAGCTTCCATAT-1_V13B23-285_A1,2
CGAGGATCGGGAACGA-1_V13B23-285_A1,1
CGAGGCCAGGCATTGG-1_V13B23-285_A1,1
CGAGGCTAAATATGGC-1_V13B23-285_A1,3
CGAGGGACTGCGGTCG-1_V13B23-285_A1,4
CGAGGGTATCCAGGTG-1_V13B23-285_A1,4
CGAGTACTAAAGAGGA-1_V13B23-285_A1,4
CGAGTGAAGGTACCAG-1_V13B23-285_A1,4
CGAGTGCTATAGTTCG-1_V13B23-285_A1,1
CGAGTTCTGTCCCACC-1_V13B23-285_A1,4
CGAGTTTATCGGACTG-1_V13B23-285_A1,1
CGATAATACTCAGGTT-1_V13B23-285_A1,1
CGATACCTCGCGGACA-1_V13B23-285_A1,4
CGATAGTCGTACTGCA-1_V13B23-285_A1,1
CGATATTAGCCGCAGG-1_V13B23-285_A1,1
CGATCCGACCCAGTGC-1_V13B23-285_A1,4
CGATCCTCGCAACATA-1_V13B23-285_A1,4
CGATCTGTTGGAGGAC-1_V13B23-285_A1,4
CGATGGACCCTACGCC-1_V13B23-285_A1,1
CGATGTTGTTATCTAC-1_V13B23-285_A1,1
CGATTAAATATCTCCT-1_V13B23-285_A1,4
CGATTCGCCTGGCTGC-1_V13B23-285_A1,1
CGCAAACACGAGTTAC-1_V13B23-285_A1,4
CGCAATCGATCATTAG-1_V13B23-285_A1,4
CGCAATTACTTTCGGT-1_V13B23-285_A1,4
CGCAATTAGGGTAATA-1_V13B23-285_A1,4
CGCAATTCTACAATAA-1_V13B23-285_A1,4
CGCACATGTCCACTAC-1_V13B23-285_A1,1
CGCACGTGCGCTATCA-1_V13B23-285_A1,1
CGCAGAAACATTTGCG-1_V13B23-285_A1,2
CGCAGATCTTCACCCG-1_V13B23-285_A1,1
CGCAGGCGATCCAAAC-1_V13B23-285_A1,1
CGCATCATGGCTTCAG-1_V13B23-285_A1,2
CGCATCCATCAGCCAG-1_V13B23-285_A1,1
CGCATGCCGAATGCGT-1_V13B23-285_A1,1
CGCATGGTGCGATGCT-1_V13B23-285_A1,4
CGCATTAGCTAATAGG-1_V13B23-285_A1,4
CGCCAAGAAGCCGAGT-1_V13B23-285_A1,4
CGCCACAGGTCGCGAT-1_V13B23-285_A1,4
CGCCACCCGCATTAAC-1_V13B23-285_A1,1
CGCCATCCGATTATGA-1_V13B23-285_A1,4
CGCCCAGCACGCCTAG-1_V13B23-285_A1,4
CGCCCAGCGTTTCACG-1_V13B23-285_A1,1
CGCCCGCTTCCGTACA-1_V13B23-285_A1,1
CGCCCTTGAAGGCTGA-1_V13B23-285_A1,4
CGCCGACTATTCGCTA-1_V13B23-285_A1,4
CGCCGCCCATGCCTGT-1_V13B23-285_A1,1
CGCCGTCTACCCATCG-1_V13B23-285_A1,1
CGCCGTTCAGCATAGT-1_V13B23-285_A1,1
CGCCTCCCTCCTCTAT-1_V13B23-285_A1,4
CGCCTGGCCTACGTAA-1_V13B23-285_A1,4
CGCCTTTAGCATGCTC-1_V13B23-285_A1,1
CGCGAAGTGGCATACT-1_V13B23-285_A1,1
CGCGACACTGCGCAGC-1_V13B23-285_A1,4
CGCGACCGCGACAGAT-1_V13B23-285_A1,1
CGCGAGTCTGCCGGGT-1_V13B23-285_A1,4
CGCGCAAATGTCCAGA-1_V13B23-285_A1,4
CGCGCAAGGAACTACA-1_V13B23-285_A1,1
CGCGCATGTTTGATTG-1_V13B23-285_A1,4
CGCGCCCGACTTAATA-1_V13B23-285_A1,4
CGCGGCAGTATTACGG-1_V13B23-285_A1,1
CGCGGCTCAACTTGAA-1_V13B23-285_A1,1
CGCGGGAATTAGGCAG-1_V13B23-285_A1,4
CGCGGTAAGTCTAGCT-1_V13B23-285_A1,1
CGCGGTACGGTATACA-1_V13B23-285_A1,1
CGCGGTCACAAACCAA-1_V13B23-285_A1,2
CGCGTGCTATCAACGA-1_V13B23-285_A1,2
CGCGTTCATGAAATAC-1_V13B23-285_A1,3
CGCTACCGCCCTATGA-1_V13B23-285_A1,1
CGCTACGGGACATTTA-1_V13B23-285_A1,4
CGCTAGAGACCGCTGC-1_V13B23-285_A1,1
CGCTATACCGCCCACT-1_V13B23-285_A1,1
CGCTATTCAATGTATG-1_V13B23-285_A1,1
CGCTATTCTTAGGCTC-1_V13B23-285_A1,3
CGCTCGACATAATGAT-1_V13B23-285_A1,4
CGCTCTCCGTAGATTA-1_V13B23-285_A1,4
CGCTGAGGACGTCCAA-1_V13B23-285_A1,1
CGCTGGTGACTACCCT-1_V13B23-285_A1,1
CGCTGTGACGCCGCAC-1_V13B23-285_A1,4
CGCTGTGTGGATGTTG-1_V13B23-285_A1,4
CGCTTAGTATTGATAC-1_V13B23-285_A1,4
CGCTTATTCCCGGTCG-1_V13B23-285_A1,4
CGCTTCCACTGAAATC-1_V13B23-285_A1,1
CGCTTCGGTCTAAGAC-1_V13B23-285_A1,1
CGCTTGGACGGATAGA-1_V13B23-285_A1,1
CGCTTTCATACCGGTG-1_V13B23-285_A1,1
CGCTTTCTTGCATTCG-1_V13B23-285_A1,1
CGGAAAGAATCAAACG-1_V13B23-285_A1,4
CGGAAAGCAAATGTGC-1_V13B23-285_A1,4
CGGAACGTAAACATAG-1_V13B23-285_A1,4
CGGACCTTTACGTCCC-1_V13B23-285_A1,1
CGGACGTTACTTGAAG-1_V13B23-285_A1,4
CGGAGCAATTTAATCG-1_V13B23-285_A1,4
CGGAGCATGGCGATCC-1_V13B23-285_A1,4
CGGAGCTTATAACACC-1_V13B23-285_A1,2
CGGAGTTTGAGAGACA-1_V13B23-285_A1,4
CGGATAAGCGGACATG-1_V13B23-285_A1,1
CGGATCCTCAAGGACT-1_V13B23-285_A1,1
CGGCAAACATCGTGCG-1_V13B23-285_A1,4
CGGCAATAAGATCGCC-1_V13B23-285_A1,1
CGGCACCGTTAGCGCC-1_V13B23-285_A1,2
CGGCACTCAAGAAAGT-1_V13B23-285_A1,1
CGGCAGGGTCGGGTTG-1_V13B23-285_A1,1
CGGCCACGCACAAAGT-1_V13B23-285_A1,4
CGGCCAGAGCGACCAT-1_V13B23-285_A1,4
CGGCCCAACCTGTAGT-1_V13B23-285_A1,1
CGGCCCAGGTATATCC-1_V13B23-285_A1,1
CGGCGCCATCAATCCC-1_V13B23-285_A1,1
CGGCTCTAAAGCTGCA-1_V13B23-285_A1,1
CGGCTCTTCGTCGAAC-1_V13B23-285_A1,2
CGGCTTTGTATGATAA-1_V13B23-285_A1,2
CGGGAATATAGTATAC-1_V13B23-285_A1,1
CGGGAATTTATGTAAA-1_V13B23-285_A1,4
CGGGAGCTTCAGTGTA-1_V13B23-285_A1,1
CGGGAGTATACCGCCG-1_V13B23-285_A1,1
CGGGATCAATGTAAGA-1_V13B23-285_A1,4
CGGGCAGCTAAACCGC-1_V13B23-285_A1,4
CGGGCCATAGCCGCAC-1_V13B23-285_A1,1
CGGGCCTTCTTTGTAA-1_V13B23-285_A1,4
CGGGCGATGGATCACG-1_V13B23-285_A1,1
CGGGTGTACCCATTTA-1_V13B23-285_A1,1
CGGGTTGTAGCTTTGG-1_V13B23-285_A1,2
CGGGTTTGTTAGGGCT-1_V13B23-285_A1,1
CGGTACGGCAAACCCA-1_V13B23-285_A1,1
CGGTACTAGAATCAAA-1_V13B23-285_A1,4
CGGTAGAGGTGCAGGT-1_V13B23-285_A1,1
CGGTCAAGTGGGAACC-1_V13B23-285_A1,4
CGGTCCATGAGACTCC-1_V13B23-285_A1,2
CGGTCCGTCGCAAGCC-1_V13B23-285_A1,1
CGGTCTATCAACCCGT-1_V13B23-285_A1,1
CGGTGAAGACTAAAGT-1_V13B23-285_A1,4
CGGTGCAGATAGAACG-1_V13B23-285_A1,4
CGGTGCGCGTTGGTCC-1_V13B23-285_A1,4
CGGTGGGCTCCAGCCT-1_V13B23-285_A1,2
CGGTGTACTTGATCCC-1_V13B23-285_A1,1
CGGTTATCCAACAGTG-1_V13B23-285_A1,1
CGGTTCAAGTAGGTGT-1_V13B23-285_A1,1
CGGTTCCGGCTTCTTG-1_V13B23-285_A1,1
CGGTTGACCTGGCATA-1_V13B23-285_A1,4
CGTAAACGCTTGAGTG-1_V13B23-285_A1,1
CGTAACTTCGACACTT-1_V13B23-285_A1,4
CGTAATAATTACGAGT-1_V13B23-285_A1,1
CGTACCGAAAGTCTAG-1_V13B23-285_A1,1
CGTACCTGATAGGCCT-1_V13B23-285_A1,4
CGTAGAGAGTAATTAT-1_V13B23-285_A1,1
CGTAGCGAATTGTCAG-1_V13B23-285_A1,2
CGTAGCGCCGACGTTG-1_V13B23-285_A1,1
CGTATTAAGAGATCTA-1_V13B23-285_A1,4
CGTCAAGGCTATAAAT-1_V13B23-285_A1,4
CGTCAATCTTTAACAT-1_V13B23-285_A1,1
CGTCACGTCCATTGGT-1_V13B23-285_A1,4
CGTCAGCTATTTACTC-1_V13B23-285_A1,1
CGTCAGTGCGCACAAG-1_V13B23-285_A1,1
CGTCATACCATATCCA-1_V13B23-285_A1,1
CGTCCAGATGGCTCCA-1_V13B23-285_A1,1
CGTCCTCATCGCGTGC-1_V13B23-285_A1,1
CGTCGCATGTGAGCCA-1_V13B23-285_A1,1
CGTCGCGGCGGGATTT-1_V13B23-285_A1,1
CGTCGCTTGGTTATAC-1_V13B23-285_A1,4
CGTCGGATAGTGTTGA-1_V13B23-285_A1,1
CGTCGGGTCTAAGCGC-1_V13B23-285_A1,4
CGTCGTCCTTCGCGAA-1_V13B23-285_A1,1
CGTCTGGAAGGGCCCG-1_V13B23-285_A1,1
CGTCTTGAGTGTGACG-1_V13B23-285_A1,1
CGTGAAGTTAATTCAC-1_V13B23-285_A1,4
CGTGACATTGGGTCGT-1_V13B23-285_A1,1
CGTGACCAGTCCTCTG-1_V13B23-285_A1,1
CGTGCAGACTGGGACA-1_V13B23-285_A1,4
CGTGCATTGTCGACGC-1_V13B23-285_A1,4
CGTGCCCTCCCGAAGA-1_V13B23-285_A1,4
CGTGCTGGCCTAGTCG-1_V13B23-285_A1,1
CGTGCTTCTACCTAAA-1_V13B23-285_A1,4
CGTGGAAGCCTCGTAC-1_V13B23-285_A1,1
CGTGGCCGAATATCTA-1_V13B23-285_A1,1
CGTGGTACCCAAAGGC-1_V13B23-285_A1,4
CGTGTATGGGAGCTGA-1_V13B23-285_A1,1
CGTGTCCCATTCGCGA-1_V13B23-285_A1,4
CGTGTCTCGTTACGAC-1_V13B23-285_A1,4
CGTGTGTTAAACCCTG-1_V13B23-285_A1,1
CGTTAAACTAGTTAGG-1_V13B23-285_A1,1
CGTTAATGTCCCGACG-1_V13B23-285_A1,1
CGTTAGCTCACAACTG-1_V13B23-285_A1,2
CGTTATCATACTTCCA-1_V13B23-285_A1,4
CGTTCAGACCCGCGAA-1_V13B23-285_A1,1
CGTTCATGGTGCGCGT-1_V13B23-285_A1,4
CGTTCTTCGCACACCT-1_V13B23-285_A1,2
CGTTGAATACCGCGCT-1_V13B23-285_A1,1
CGTTGAGCGACCGTCG-1_V13B23-285_A1,4
CGTTGCCCGCGTGGGA-1_V13B23-285_A1,4
CGTTGTAAACGTCAGG-1_V13B23-285_A1,4
CGTTGTAAGATTGATT-1_V13B23-285_A1,1
CGTTGTCGGCAATTGA-1_V13B23-285_A1,1
CGTTGTTTCAATTCCC-1_V13B23-285_A1,4
CGTTTAAGCGGAGCAC-1_V13B23-285_A1,1
CGTTTACAAGGCAGCT-1_V13B23-285_A1,2
CGTTTCACTTCGGGCG-1_V13B23-285_A1,1
CGTTTCGCTCATTACA-1_V13B23-285_A1,4
CGTTTGGTGTTGTGGG-1_V13B23-285_A1,1
CGTTTGTGTAGAGGGT-1_V13B23-285_A1,4
CTAAACGGGTGTAATC-1_V13B23-285_A1,1
CTAAAGAATGCCTACT-1_V13B23-285_A1,4
CTAAAGGGAAATAGGA-1_V13B23-285_A1,4
CTAAAGTCCGAAGCTA-1_V13B23-285_A1,2
CTAAATCCGGTGTACA-1_V13B23-285_A1,4
CTAAATCCTATTCCGG-1_V13B23-285_A1,4
CTAACCGCGCGCCCGT-1_V13B23-285_A1,4
CTAACGAAACTTGCTG-1_V13B23-285_A1,1
CTAACTGATAATCGCC-1_V13B23-285_A1,1
CTAACTGGTCCGGTTC-1_V13B23-285_A1,4
CTAAGGGAATGATTGG-1_V13B23-285_A1,4
CTAATTCGCACGCGCT-1_V13B23-285_A1,4
CTAATTCTCAGATATT-1_V13B23-285_A1,1
CTAATTTCAACAACAC-1_V13B23-285_A1,1
CTACAAGAAATAACCC-1_V13B23-285_A1,4
CTACACTAGCTTGTTC-1_V13B23-285_A1,1
CTACACTCGCAGATGG-1_V13B23-285_A1,1
CTACCCTAAGGTCATA-1_V13B23-285_A1,1
CTACGACTAGCTATAA-1_V13B23-285_A1,4
CTACGCACGGAGTACC-1_V13B23-285_A1,4
CTACGCCATTTCCGAT-1_V13B23-285_A1,2
CTACGTGTTGCCACCA-1_V13B23-285_A1,1
CTACTATCATAGGTTT-1_V13B23-285_A1,4
CTACTATCTTTCAGAG-1_V13B23-285_A1,1
CTACTCAAGGTATAGT-1_V13B23-285_A1,4
CTACTCTAGGCCCGGC-1_V13B23-285_A1,4
CTACTGCCACCTGACC-1_V13B23-285_A1,4
CTAGATAAACTCCTCG-1_V13B23-285_A1,1
CTAGATGTGAGTGTAA-1_V13B23-285_A1,1
CTAGATTTACGACGGC-1_V13B23-285_A1,4
CTAGCAACTAATTTAC-1_V13B23-285_A1,2
CTAGCATAGTATAATG-1_V13B23-285_A1,4
CTAGCCACAGGCGAGC-1_V13B23-285_A1,1
CTAGCCGATGTTATGA-1_V13B23-285_A1,1
CTAGCTTAATGGTCCC-1_V13B23-285_A1,1
CTAGGCGCCCTATCAG-1_V13B23-285_A1,1
CTAGGCGGCAGAGAAT-1_V13B23-285_A1,1
CTAGGTCTGAAGGAAT-1_V13B23-285_A1,1
CTAGGTTCGGACGTGA-1_V13B23-285_A1,1
CTAGTAGAAAGGGATT-1_V13B23-285_A1,1
CTAGTATTCGGAATTA-1_V13B23-285_A1,1
CTAGTCACGTCTTAAG-1_V13B23-285_A1,4
CTAGTGAAGGACAGGA-1_V13B23-285_A1,4
CTAGTTACAACCCGGT-1_V13B23-285_A1,1
CTAGTTGGGCCCGGTA-1_V13B23-285_A1,4
CTATAAGAGCCAATCG-1_V13B23-285_A1,1
CTATAGGCGTTGATGT-1_V13B23-285_A1,4
CTATCGACGAAATACA-1_V13B23-285_A1,1
CTATCGCGTAGAGAAC-1_V13B23-285_A1,1
CTATCGGGTCTCAACA-1_V13B23-285_A1,4
CTATGCCCGAATGCAA-1_V13B23-285_A1,4
CTATGGGAAGCGGAAT-1_V13B23-285_A1,1
CTATGTCACTAGCCCA-1_V13B23-285_A1,4
CTATGTCTATTGAAAC-1_V13B23-285_A1,1
CTATGTGAGTCACGGC-1_V13B23-285_A1,4
CTATTCATGTGTCCCA-1_V13B23-285_A1,4
CTATTTGCTTGGAGGA-1_V13B23-285_A1,1
CTATTTGGTTACGGAT-1_V13B23-285_A1,4
CTCAAACCACTGCCCG-1_V13B23-285_A1,4
CTCAACTAACCCGGAT-1_V13B23-285_A1,1
CTCACATTTACTAAAT-1_V13B23-285_A1,1
CTCACCAGTACAAGTG-1_V13B23-285_A1,4
CTCACTGTGATACTTA-1_V13B23-285_A1,1
CTCACTTGGCTGGTAA-1_V13B23-285_A1,4
CTCAGATTGTGATAAG-1_V13B23-285_A1,4
CTCAGGACTCACCTGT-1_V13B23-285_A1,1
CTCAGTCACGACAAAT-1_V13B23-285_A1,1
CTCATCACTTAGTGAT-1_V13B23-285_A1,1
CTCATGGCTCACAATC-1_V13B23-285_A1,1
CTCATGGTAATTTGCG-1_V13B23-285_A1,4
CTCATTCGTGAACATC-1_V13B23-285_A1,4
CTCATTGCTCTAACAA-1_V13B23-285_A1,1
CTCATTTGATGGGCGG-1_V13B23-285_A1,4
CTCCCAATGAGTCGCG-1_V13B23-285_A1,1
CTCCCTCCTTTCGATC-1_V13B23-285_A1,4
CTCCGCCCACATGAGG-1_V13B23-285_A1,4
CTCCGGCCTAATATGC-1_V13B23-285_A1,4
CTCCGGCTTGTAGACA-1_V13B23-285_A1,1
CTCCTAAGTTATGTCT-1_V13B23-285_A1,1
CTCCTCCAGCTCACAC-1_V13B23-285_A1,1
CTCCTGTTCAAGGCAG-1_V13B23-285_A1,1
CTCCTTTACGCAAGTC-1_V13B23-285_A1,1
CTCGAGACATACGATA-1_V13B23-285_A1,4
CTCGAGATCCAAAGCA-1_V13B23-285_A1,1
CTCGAGGTCGAACAGT-1_V13B23-285_A1,4
CTCGATATTTGCGAGC-1_V13B23-285_A1,1
CTCGCACCTATATAGT-1_V13B23-285_A1,4
CTCGCATTGCATAGCC-1_V13B23-285_A1,1
CTCGCCGAATGTAGGG-1_V13B23-285_A1,4
CTCGGGATAACACCTA-1_V13B23-285_A1,1
CTCGGGTTCTCTGGCC-1_V13B23-285_A1,4
CTCGGTACCACTGCTC-1_V13B23-285_A1,4
CTCGGTCCGTAGCCTG-1_V13B23-285_A1,4
CTCGGTTGTCGGCCCT-1_V13B23-285_A1,4
CTCGTCGAGGGCTCAT-1_V13B23-285_A1,4
CTCGTCTGTGCCTTCG-1_V13B23-285_A1,1
CTCGTTTCTAATGTTT-1_V13B23-285_A1,1
CTCTAATGCATTGATC-1_V13B23-285_A1,1
CTCTACACTGGCGATT-1_V13B23-285_A1,4
CTCTAGCCCTCGGAAA-1_V13B23-285_A1,1
CTCTATTTGGCTGCAG-1_V13B23-285_A1,4
CTCTCACAATCGATGA-1_V13B23-285_A1,4
CTCTCGATGTGCGCCT-1_V13B23-285_A1,2
CTCTCGCTGTACTATG-1_V13B23-285_A1,4
CTCTCTAACTGCCTAG-1_V13B23-285_A1,4
CTCTGCGAAGCAAGCA-1_V13B23-285_A1,1
CTCTGGACGCCTGGTG-1_V13B23-285_A1,4
CTCTGTGCCTGCTATG-1_V13B23-285_A1,2
CTCTGTTTGAGGATTC-1_V13B23-285_A1,1
CTCTTCTATTGACTGG-1_V13B23-285_A1,1
CTCTTCTGGAAGTTAG-1_V13B23-285_A1,4
CTCTTGTCCCGCTTGG-1_V13B23-285_A1,4
CTGAAAGAGATCCGAC-1_V13B23-285_A1,4
CTGAATCCGAGACCTC-1_V13B23-285_A1,4
CTGAATTTATTGCCAG-1_V13B23-285_A1,2
CTGACATAGAAATAGA-1_V13B23-285_A1,1
CTGACTGCGCAGCTCG-1_V13B23-285_A1,1
CTGAGAAAGTTCGGCG-1_V13B23-285_A1,1
CTGAGCAAGTAACAAG-1_V13B23-285_A1,1
CTGATAGTGTATCTCA-1_V13B23-285_A1,4
CTGCAAGCACGTTCCG-1_V13B23-285_A1,1
CTGCACAACTACATAT-1_V13B23-285_A1,1
CTGCACCTAGTCCACA-1_V13B23-285_A1,1
CTGCACCTGGAACCGC-1_V13B23-285_A1,1
CTGCACTCCAGTACAG-1_V13B23-285_A1,1
CTGCAGAGAATCAGAG-1_V13B23-285_A1,1
CTGCCAAGGTTGGAAG-1_V13B23-285_A1,4
CTGCCATGCATCACAT-1_V13B23-285_A1,4
CTGCCCACGAAGCGTT-1_V13B23-285_A1,4
CTGCCTAGCCACCAAG-1_V13B23-285_A1,2
CTGCCTCATATGCAAC-1_V13B23-285_A1,1
CTGCCTTTAATACCTT-1_V13B23-285_A1,4
CTGCCTTTCTAGTAAA-1_V13B23-285_A1,1
CTGCGACCTCGCCGAA-1_V13B23-285_A1,1
CTGCGGGTGAAATGTT-1_V13B23-285_A1,4
CTGCGTTACGATATAA-1_V13B23-285_A1,1
CTGCTGAGGCCACGAA-1_V13B23-285_A1,4
CTGCTGTCTAACGAGC-1_V13B23-285_A1,1
CTGCTTGGCGATAGCT-1_V13B23-285_A1,1
CTGCTTTATGTCCGCG-1_V13B23-285_A1,2
CTGGAAATGGATGCTT-1_V13B23-285_A1,4
CTGGAAGACACGGTGG-1_V13B23-285_A1,1
CTGGACGCAGTCCGGC-1_V13B23-285_A1,4
CTGGATTTACACTTGA-1_V13B23-285_A1,4
CTGGCATCCGAATGAG-1_V13B23-285_A1,4
CTGGCGACATAAGTCC-1_V13B23-285_A1,1
CTGGCGATTTACATGT-1_V13B23-285_A1,1
CTGGCGCACAGGTCTG-1_V13B23-285_A1,1
CTGGCGGGAATAAGTA-1_V13B23-285_A1,1
CTGGCTCCTGCGGGAT-1_V13B23-285_A1,1
CTGGCTGATTCATCCT-1_V13B23-285_A1,1
CTGGCTGCTAACGTAA-1_V13B23-285_A1,1
CTGGCTGGTTGTCAGT-1_V13B23-285_A1,4
CTGGGATAAATAATGG-1_V13B23-285_A1,1
CTGGGATACGCTACCC-1_V13B23-285_A1,1
CTGGGCCTGCTATATC-1_V13B23-285_A1,4
CTGGGTAGGCAGTTAA-1_V13B23-285_A1,4
CTGGGTTGAGTTAAAG-1_V13B23-285_A1,4
CTGGTAAAGACTTACA-1_V13B23-285_A1,1
CTGGTAAAGTGTGGGC-1_V13B23-285_A1,1
CTGGTAACACATAGAA-1_V13B23-285_A1,4
CTGGTAACGAGCTCTT-1_V13B23-285_A1,1
CTGGTCATTCCAATCC-1_V13B23-285_A1,4
CTGGTCCTAACTTGGC-1_V13B23-285_A1,2
CTGGTTCAACGCATCA-1_V13B23-285_A1,1
CTGGTTCGCGAGCTAC-1_V13B23-285_A1,1
CTGGTTTCGAGCAAGA-1_V13B23-285_A1,1
CTGTACTTCTTAGCAT-1_V13B23-285_A1,4
CTGTAGCCATCTCACT-1_V13B23-285_A1,4
CTGTATGGTGTAGAAA-1_V13B23-285_A1,1
CTGTCAAATGGCTCGG-1_V13B23-285_A1,3
CTGTGCAGGGTAGGTC-1_V13B23-285_A1,4
CTGTGGTCGGGAGATA-1_V13B23-285_A1,1
CTGTTACCCAATCTAG-1_V13B23-285_A1,4
CTGTTCACTGCCTGTG-1_V13B23-285_A1,4
CTGTTCATCTCACGGG-1_V13B23-285_A1,4
CTGTTGGCTCTTCTGA-1_V13B23-285_A1,4
CTTAAATAAGACCCAT-1_V13B23-285_A1,4
CTTAACTTACAGTATA-1_V13B23-285_A1,1
CTTAACTTCGAAGTAC-1_V13B23-285_A1,1
CTTAAGCAGCGAGCCG-1_V13B23-285_A1,4
CTTACACGGTATTCCA-1_V13B23-285_A1,4
CTTACACTGGGAAATA-1_V13B23-285_A1,1
CTTAGCCCGGATAGTG-1_V13B23-285_A1,4
CTTAGCCTTCCACATG-1_V13B23-285_A1,3
CTTAGTAGGCCTACAG-1_V13B23-285_A1,1
CTTAGTGTAGTAGCAT-1_V13B23-285_A1,1
CTTATAGATGGCTGTT-1_V13B23-285_A1,1
CTTATGCGCTCAGGGC-1_V13B23-285_A1,4
CTTATGTTGACTACCA-1_V13B23-285_A1,1
CTTCAACTCCACTTGG-1_V13B23-285_A1,1
CTTCAGTGGTCGCCTA-1_V13B23-285_A1,4
CTTCATAGCTCAAGAA-1_V13B23-285_A1,1
CTTCATTGTCAGTGGA-1_V13B23-285_A1,4
CTTCCGCTCCGTGAAG-1_V13B23-285_A1,4
CTTCGATTGCGCAAGC-1_V13B23-285_A1,1
CTTCGGCCAATTGTTT-1_V13B23-285_A1,1
CTTCGTAGATAGGTGA-1_V13B23-285_A1,4
CTTCGTGCCCGCATCG-1_V13B23-285_A1,2
CTTCTATGTTGAAGTA-1_V13B23-285_A1,4
CTTCTATTAATGCTAG-1_V13B23-285_A1,4
CTTCTTACGTCGTATA-1_V13B23-285_A1,1
CTTGACCCGAAAGATA-1_V13B23-285_A1,1
CTTGAGGTTATCCCGA-1_V13B23-285_A1,1
CTTGAGTTAGGGTAAT-1_V13B23-285_A1,1
CTTGATGACCATCCAG-1_V13B23-285_A1,1
CTTGCAACCGCCTCCT-1_V13B23-285_A1,4
CTTGCCCACCCACGCA-1_V13B23-285_A1,1
CTTGCCCAGGCTCTAC-1_V13B23-285_A1,4
CTTGGCCAAGCTGGGA-1_V13B23-285_A1,1
CTTGTACTTGTTGACT-1_V13B23-285_A1,4
CTTGTCAACATTCGAG-1_V13B23-285_A1,4
CTTGTCGTACGTGTCA-1_V13B23-285_A1,1
CTTGTGAGGACAGCGG-1_V13B23-285_A1,1
CTTGTGAGTCTTTGAC-1_V13B23-285_A1,1
CTTGTGCTCACCGATT-1_V13B23-285_A1,1
CTTGTTGCTGAGTCAA-1_V13B23-285_A1,4
CTTGTTTATGTAGCCA-1_V13B23-285_A1,1
CTTTAACTTTCAAAGG-1_V13B23-285_A1,4
CTTTAATATTGGTCGA-1_V13B23-285_A1,1
CTTTACCGAATAGTAG-1_V13B23-285_A1,1
CTTTAGGAACACTGTT-1_V13B23-285_A1,4
CTTTAGTGCTATTATT-1_V13B23-285_A1,4
CTTTCTGTGCGGGCTT-1_V13B23-285_A1,1
CTTTGACGTCGCTTCT-1_V13B23-285_A1,4
CTTTGCATCGCTCTTG-1_V13B23-285_A1,1
CTTTGCTGTCATGGAT-1_V13B23-285_A1,1
CTTTGGCGCTTTATAC-1_V13B23-285_A1,4
CTTTGGCTTTAGTAAA-1_V13B23-285_A1,4
CTTTGGGATTGTTGCA-1_V13B23-285_A1,4
CTTTGTCGAATGCTCC-1_V13B23-285_A1,1
GAAACAGATGACCACC-1_V13B23-285_A1,1
GAAACAGCCATGCAGT-1_V13B23-285_A1,1
GAAACATAGGAAACAG-1_V13B23-285_A1,4
GAAACCATGGTGCGCT-1_V13B23-285_A1,1
GAAACCGAATTACCTT-1_V13B23-285_A1,4
GAAACCTATACAAATG-1_V13B23-285_A1,1
GAAACTCGTGCGATGC-1_V13B23-285_A1,4
GAAACTCTAATGAAGG-1_V13B23-285_A1,2
GAAAGAACAGCGTTAT-1_V13B23-285_A1,1
GAAAGCAGTGCACTTT-1_V13B23-285_A1,4
GAAAGCCCTTTGGACC-1_V13B23-285_A1,4
GAAAGTGACTAACTGC-1_V13B23-285_A1,4
GAAATACTAAACGTTT-1_V13B23-285_A1,1
GAAATATCACCATCAG-1_V13B23-285_A1,4
GAAATCGCGCGCAACT-1_V13B23-285_A1,4
GAAATCTGACCAAGTT-1_V13B23-285_A1,4
GAAATGGCGGTGTTAG-1_V13B23-285_A1,4
GAAATGGGATGTAAAC-1_V13B23-285_A1,1
GAAATTAGCACGGATA-1_V13B23-285_A1,1
GAAATTCACATCGCTG-1_V13B23-285_A1,1
GAAATTGTCTCTATAA-1_V13B23-285_A1,4
GAACAACTGGGATGAA-1_V13B23-285_A1,1
GAACACACATCAACCA-1_V13B23-285_A1,4
GAACAGATTACTAAAT-1_V13B23-285_A1,1
GAACCATCTGGGAGAC-1_V13B23-285_A1,2
GAACCCTCTGTGTTCT-1_V13B23-285_A1,4
GAACCTCGACCTACAC-1_V13B23-285_A1,4
GAACCTTTAACGATCC-1_V13B23-285_A1,1
GAACGACCGAATGATA-1_V13B23-285_A1,4
GAACGATAAGTTAAAG-1_V13B23-285_A1,1
GAACGCGGGTCACACG-1_V13B23-285_A1,1
GAACGTCTCATGGTCG-1_V13B23-285_A1,1
GAACGTTAGGAAGACG-1_V13B23-285_A1,4
GAACTGTGGAGAGACA-1_V13B23-285_A1,1
GAAGAAACGATATTGT-1_V13B23-285_A1,4
GAAGAACGGTGCAGGT-1_V13B23-285_A1,1
GAAGCAAGGCAATGTT-1_V13B23-285_A1,2
GAAGCCACTGATTATG-1_V13B23-285_A1,1
GAAGCCGGGTAAGCTC-1_V13B23-285_A1,4
GAAGCCTGCACATTCC-1_V13B23-285_A1,4
GAAGCGTGAGGAATTT-1_V13B23-285_A1,4
GAAGCTCGGACCCGTC-1_V13B23-285_A1,4
GAAGCTCTTTGCTTAG-1_V13B23-285_A1,1
GAAGCTTGCTGACCGC-1_V13B23-285_A1,4
GAAGGACTAAATTGAA-1_V13B23-285_A1,2
GAAGGAGTCGAGTGCG-1_V13B23-285_A1,1
GAAGGCTACCATTGTT-1_V13B23-285_A1,1
GAAGGGCATAACCATG-1_V13B23-285_A1,1
GAAGTCAGTTGCACTA-1_V13B23-285_A1,4
GAAGTCTCCCTAGCGA-1_V13B23-285_A1,1
GAAGTGATTTATCGTG-1_V13B23-285_A1,4
GAAGTGCTGGATAGCT-1_V13B23-285_A1,1
GAAGTTTCCACTCAAT-1_V13B23-285_A1,4
GAATAGACGCGACCCA-1_V13B23-285_A1,1
GAATAGCATTTAGGGT-1_V13B23-285_A1,1
GAATAGTGCTCGATTA-1_V13B23-285_A1,4
GAATATTCGGAGTCCC-1_V13B23-285_A1,2
GAATCGACATGGTCAC-1_V13B23-285_A1,4
GAATCGCCGGACACGG-1_V13B23-285_A1,1
GAATCTGAACATTCTC-1_V13B23-285_A1,4
GAATGCCGAAATGACC-1_V13B23-285_A1,1
GAATGCGAATCGGTTC-1_V13B23-285_A1,1
GAATGGGCTTATCGAC-1_V13B23-285_A1,4
GAATGTATGGCAGGTC-1_V13B23-285_A1,1
GAATGTGGTCCGGATT-1_V13B23-285_A1,4
GAATGTTGGGTAATCT-1_V13B23-285_A1,4
GAATTATAGTGAAAGG-1_V13B23-285_A1,4
GAATTCACCCGGGTGT-1_V13B23-285_A1,4
GAATTTCTCGCTGCAG-1_V13B23-285_A1,4
GACAAACATATGCAGG-1_V13B23-285_A1,1
GACAACGACCATTGAA-1_V13B23-285_A1,4
GACAACGCAGCTTACG-1_V13B23-285_A1,4
GACAAGAGATGAGATT-1_V13B23-285_A1,1
GACACAAGGGAAGAAA-1_V13B23-285_A1,4
GACACGAGTTAGAGGA-1_V13B23-285_A1,1
GACACTGAGTTCAGTG-1_V13B23-285_A1,4
GACACTGGAACCCGAT-1_V13B23-285_A1,1
GACACTTCCAATTACC-1_V13B23-285_A1,1
GACAGATTTCTGGCTC-1_V13B23-285_A1,4
GACAGCCAGACCTGAC-1_V13B23-285_A1,4
GACAGGCACACACTAT-1_V13B23-285_A1,4
GACATACTGTCGCAGA-1_V13B23-285_A1,4
GACATCCGTCGAACTG-1_V13B23-285_A1,1
GACATCGATTTATAAC-1_V13B23-285_A1,4
GACCAAACGTTGACTG-1_V13B23-285_A1,1
GACCACACTTCCCTTT-1_V13B23-285_A1,1
GACCAGAGCCCTGTAG-1_V13B23-285_A1,4
GACCCAATTATGATAC-1_V13B23-285_A1,4
GACCCGTCGCCGGCTA-1_V13B23-285_A1,1
GACCGACGTGAAAGCA-1_V13B23-285_A1,1
GACCGACTGAAGCGTC-1_V13B23-285_A1,4
GACCGCGTCTGACGTG-1_V13B23-285_A1,1
GACCGTCAGGTCGTGA-1_V13B23-285_A1,2
GACCGTGCTGACGGTG-1_V13B23-285_A1,4
GACCGTTACATGCGAC-1_V13B23-285_A1,4
GACCTTCCACGTCTAC-1_V13B23-285_A1,1
GACGACGATCCGCGTT-1_V13B23-285_A1,4
GACGAGGCTAATAAAC-1_V13B23-285_A1,1
GACGCCGTAAAGGCTA-1_V13B23-285_A1,4
GACGCCTGTTGCAGGG-1_V13B23-285_A1,1
GACGCTTGCTTCTAAA-1_V13B23-285_A1,4
GACGGACCGCGTTCCT-1_V13B23-285_A1,2
GACGGGATGTCTTATG-1_V13B23-285_A1,2
GACGGGTTGGCCCGTA-1_V13B23-285_A1,1
GACGGTCAATAGAAGC-1_V13B23-285_A1,1
GACGGTCCTAGGGTGT-1_V13B23-285_A1,1
GACGTGAGACTCCATG-1_V13B23-285_A1,1
GACGTGTAGGGATTAT-1_V13B23-285_A1,4
GACGTTCGTAAATACA-1_V13B23-285_A1,1
GACTAAGATCATGCAC-1_V13B23-285_A1,4
GACTAAGTAGGCTCAC-1_V13B23-285_A1,4
GACTACAAAGCGGTGG-1_V13B23-285_A1,4
GACTACAATTGCTCGT-1_V13B23-285_A1,2
GACTAGGCCGTTAGGT-1_V13B23-285_A1,1
GACTCACCCACGTGAG-1_V13B23-285_A1,1
GACTCCCAGAATAAGG-1_V13B23-285_A1,1
GACTCCTTCCAATTGA-1_V13B23-285_A1,1
GACTCGCGGGAATGAC-1_V13B23-285_A1,1
GACTGCAAATCGAGCT-1_V13B23-285_A1,1
GACTGCACCAGCCCAG-1_V13B23-285_A1,4
GACTGCGGCACGTGTA-1_V13B23-285_A1,4
GAGAACGGTTCTGACT-1_V13B23-285_A1,1
GAGAATCTCACGATCA-1_V13B23-285_A1,4
GAGACTGATGGGTAGA-1_V13B23-285_A1,4
GAGACTTCGCGACCGA-1_V13B23-285_A1,4
GAGAGCGCAGTCCCTG-1_V13B23-285_A1,4
GAGAGGCCTATGTGTA-1_V13B23-285_A1,1
GAGAGGGCGCGAGGTT-1_V13B23-285_A1,4
GAGAGGTGCATTCTGG-1_V13B23-285_A1,4
GAGATCTGCTTGGCAT-1_V13B23-285_A1,4
GAGATCTGTCACTCCG-1_V13B23-285_A1,4
GAGATCTTCCATGACA-1_V13B23-285_A1,4
GAGATGACAATCCTTA-1_V13B23-285_A1,1
GAGATGGCTTTAATCA-1_V13B23-285_A1,1
GAGATGGGAGTCGACA-1_V13B23-285_A1,1
GAGCACCTGTGTCCAG-1_V13B23-285_A1,1
GAGCACGGCGCCTCTT-1_V13B23-285_A1,1
GAGCATCAACAACTTG-1_V13B23-285_A1,4
GAGCATCATCCCTGGG-1_V13B23-285_A1,1
GAGCCACGGTAGTAGG-1_V13B23-285_A1,1
GAGCCAGCTACCTGTG-1_V13B23-285_A1,1
GAGCGAGGGAGTACCG-1_V13B23-285_A1,1
GAGCGCAAATACTCCG-1_V13B23-285_A1,1
GAGCGCGCACGAGTAG-1_V13B23-285_A1,1
GAGCGCTGTTAGGTAA-1_V13B23-285_A1,4
GAGCTAAGGGCATATC-1_V13B23-285_A1,4
GAGCTCTCGGACCTAA-1_V13B23-285_A1,1
GAGCTGTCGTCTCGGA-1_V13B23-285_A1,2
GAGGAATGGAGAGGTT-1_V13B23-285_A1,4
GAGGAGATCCTCATGC-1_V13B23-285_A1,1
GAGGAGTAATTCCTAC-1_V13B23-285_A1,2
GAGGATAAACAGTGCT-1_V13B23-285_A1,1
GAGGCCCGACTCCGCA-1_V13B23-285_A1,4
GAGGCCTGTTGATACA-1_V13B23-285_A1,1
GAGGCTATCAAAGTCG-1_V13B23-285_A1,4
GAGGGAGTCAGATCGC-1_V13B23-285_A1,4
GAGGGCATCGCGTATC-1_V13B23-285_A1,1
GAGGGCGCAGCTCTGC-1_V13B23-285_A1,1
GAGGGTAGTAACAAAG-1_V13B23-285_A1,4
GAGGTACATCCATCTT-1_V13B23-285_A1,2
GAGGTACGCGTGTCCC-1_V13B23-285_A1,1
GAGGTCCCAAAGATCT-1_V13B23-285_A1,1
GAGTAAACCGGAAAGT-1_V13B23-285_A1,1
GAGTAAGGCCACGGGA-1_V13B23-285_A1,4
GAGTACGGGTATACAA-1_V13B23-285_A1,1
GAGTAGATACTAGTTG-1_V13B23-285_A1,4
GAGTATCAAAGTTACA-1_V13B23-285_A1,1
GAGTATGCCCGCCTTG-1_V13B23-285_A1,4
GAGTATGCGCGTGCAT-1_V13B23-285_A1,1
GAGTCAGACCAGAATC-1_V13B23-285_A1,4
GAGTCCGCTTACCGGA-1_V13B23-285_A1,4
GAGTCGACAGACCCTC-1_V13B23-285_A1,4
GAGTCTTGTAAAGGAC-1_V13B23-285_A1,4
GAGTGTCAACCAGAAA-1_V13B23-285_A1,1
GAGTGTGCGGTACCCA-1_V13B23-285_A1,4
GAGTTCTGTGGGTGCT-1_V13B23-285_A1,4
GAGTTGATGGCAATTT-1_V13B23-285_A1,4
GATAAATCGGTGGATG-1_V13B23-285_A1,1
GATAACTCGCACTGTG-1_V13B23-285_A1,1
GATAAGGCAGATGCAA-1_V13B23-285_A1,1
GATACCGTGTCGGAGT-1_V13B23-285_A1,1
GATACGATGGGAGTCA-1_V13B23-285_A1,4
GATAGCGTACCACGCG-1_V13B23-285_A1,1
GATAGGATTAATTACA-1_V13B23-285_A1,1
GATAGGTAACGTTGAC-1_V13B23-285_A1,4
GATAGGTGTCCCGGGC-1_V13B23-285_A1,1
GATATCAAGCAGGAGC-1_V13B23-285_A1,4
GATATCAGTATGTATC-1_V13B23-285_A1,1
GATATCTCATGCAATA-1_V13B23-285_A1,1
GATATGAGACACTAAC-1_V13B23-285_A1,4
GATATGCGGTAGCCAA-1_V13B23-285_A1,1
GATATGGATTACGCGG-1_V13B23-285_A1,4
GATATTGAGATTGGCG-1_V13B23-285_A1,1
GATATTTCCTACATGG-1_V13B23-285_A1,1
GATCAACATAAAGGGA-1_V13B23-285_A1,4
GATCATTCCAAACATT-1_V13B23-285_A1,4
GATCCCTTTATACTGC-1_V13B23-285_A1,4
GATCCGAATATAAGTG-1_V13B23-285_A1,1
GATCCGGGAATTAACA-1_V13B23-285_A1,4
GATCCTAAATCGGGAC-1_V13B23-285_A1,1
GATCCTCGACACTGGC-1_V13B23-285_A1,4
GATCGACACTATCTGA-1_V13B23-285_A1,4
GATCGCGGGCTCTCCA-1_V13B23-285_A1,3
GATCGCTACCCGATTT-1_V13B23-285_A1,1
GATCGCTATATCTCAG-1_V13B23-285_A1,4
GATCGGATAGAACCAT-1_V13B23-285_A1,4
GATCGGCGATAAGTCG-1_V13B23-285_A1,1
GATCGGTGGCCATAAC-1_V13B23-285_A1,4
GATCGTGACTGATATC-1_V13B23-285_A1,4
GATCTAACCGTATTCA-1_V13B23-285_A1,4
GATCTCGACGCTGTGG-1_V13B23-285_A1,1
GATCTGCTATCTAAGG-1_V13B23-285_A1,1
GATCTTCATTGTCCTC-1_V13B23-285_A1,4
GATCTTGGAGGGCATA-1_V13B23-285_A1,4
GATCTTTGCAGGGTAT-1_V13B23-285_A1,4
GATGACAAGTAGGGCA-1_V13B23-285_A1,4
GATGAGGAACCTTCGG-1_V13B23-285_A1,1
GATGATTTGAAACTGG-1_V13B23-285_A1,2
GATGCCACACTACAGC-1_V13B23-285_A1,2
GATGCCAGCAGAAGGC-1_V13B23-285_A1,4
GATGCCTTCTGCGGCA-1_V13B23-285_A1,1
GATGCGAATGGTATTA-1_V13B23-285_A1,4
GATGCGTCCTGCATTC-1_V13B23-285_A1,4
GATGCTACAAGCGCCT-1_V13B23-285_A1,1
GATGCTACCTTCGATG-1_V13B23-285_A1,1
GATGCTGTATTTCATC-1_V13B23-285_A1,4
GATGGCGCACACATTA-1_V13B23-285_A1,1
GATGTAACGAACCACC-1_V13B23-285_A1,4
GATGTCCGGATCACAT-1_V13B23-285_A1,1
GATGTCGGTCAACTGC-1_V13B23-285_A1,2
GATGTTCAATCCACGA-1_V13B23-285_A1,3
GATGTTTGTGCGAGAT-1_V13B23-285_A1,1
GATTAACCGAAAGCCC-1_V13B23-285_A1,1
GATTAATCCTGGCTCA-1_V13B23-285_A1,1
GATTACTGAATTTGGG-1_V13B23-285_A1,4
GATTCCCTTGTCGCAG-1_V13B23-285_A1,4
GATTCCGCGTTTCCGT-1_V13B23-285_A1,1
GATTCCTATACGGCGC-1_V13B23-285_A1,4
GATTCGACGGTTCACG-1_V13B23-285_A1,4
GATTGACACTCTGCTC-1_V13B23-285_A1,2
GATTGCTCCAGTTGCA-1_V13B23-285_A1,4
GATTGGGAAAGGTTGT-1_V13B23-285_A1,1
GCAAACCCTACATTAT-1_V13B23-285_A1,4
GCAAACCTTGGCCATA-1_V13B23-285_A1,1
GCAAACGTCGCCAGGT-1_V13B23-285_A1,1
GCAAATATTACGCTTT-1_V13B23-285_A1,4
GCAAATGAGGACACTT-1_V13B23-285_A1,4
GCAACACACTAGAACT-1_V13B23-285_A1,4
GCAACAGCAGTATGCG-1_V13B23-285_A1,1
GCAACCACCAGACCGG-1_V13B23-285_A1,2
GCAACCACGGCCGCGT-1_V13B23-285_A1,4
GCAACCCAAGTTGTTT-1_V13B23-285_A1,4
GCAACGGCTAGTTATG-1_V13B23-285_A1,1
GCAAGAATTCCTTGGC-1_V13B23-285_A1,4
GCAAGCTGGAAACCGC-1_V13B23-285_A1,4
GCAAGTGCACAGAGAA-1_V13B23-285_A1,4
GCAAGTGTAAAGCATG-1_V13B23-285_A1,4
GCAATTAGTCGCACCG-1_V13B23-285_A1,1
GCACAAACGAGGCGTG-1_V13B23-285_A1,1
GCACAACCTCGGGCGT-1_V13B23-285_A1,1
GCACAAGTGGATCATA-1_V13B23-285_A1,4
GCACAAGTGTCGGAAG-1_V13B23-285_A1,2
GCACACACTGGTAGCC-1_V13B23-285_A1,1
GCACACGCCCATGGTC-1_V13B23-285_A1,4
GCACGCCTACTTAGAT-1_V13B23-285_A1,4
GCACGTGGTTTACTTA-1_V13B23-285_A1,1
GCACTAGTCGCGCTAT-1_V13B23-285_A1,1
GCACTCCCACAGTCCC-1_V13B23-285_A1,2
GCACTGCCTACCTTTA-1_V13B23-285_A1,1
GCACTGTGCAAATGTA-1_V13B23-285_A1,1
GCAGAAGGTAATCTCC-1_V13B23-285_A1,1
GCAGACCCAGCACGTA-1_V13B23-285_A1,1
GCAGATCCATAAGACT-1_V13B23-285_A1,1
GCAGATCCTCGCAAAT-1_V13B23-285_A1,4
GCAGATTAGGGATATC-1_V13B23-285_A1,4
GCAGCACACAGCCCAG-1_V13B23-285_A1,4
GCAGCCTATATCACAT-1_V13B23-285_A1,1
GCAGCGGTGGGCATTA-1_V13B23-285_A1,1
GCAGGAACTTAGATCT-1_V13B23-285_A1,4
GCAGGACTATAGAATA-1_V13B23-285_A1,4
GCAGGTAGAGTATGGT-1_V13B23-285_A1,1
GCAGTGTGGCTATAGG-1_V13B23-285_A1,1
GCAGTTCGATCCGAGC-1_V13B23-285_A1,1
GCATACGAGGTCTTTA-1_V13B23-285_A1,4
GCATAGAGCACTCAGG-1_V13B23-285_A1,4
GCATCCCTAACTTTGA-1_V13B23-285_A1,1
GCATCGGCCGTGTAGG-1_V13B23-285_A1,1
GCATGAGGGACGCGGC-1_V13B23-285_A1,1
GCATGCTAATAACGAT-1_V13B23-285_A1,1
GCATGGGTACTGACGC-1_V13B23-285_A1,4
GCATTCAAGGCAACGC-1_V13B23-285_A1,1
GCATTCGAAATGAACA-1_V13B23-285_A1,4
GCATTGACTTGCGGAA-1_V13B23-285_A1,4
GCATTGTAATTCATAT-1_V13B23-285_A1,4
GCATTTCCAAGGCTCC-1_V13B23-285_A1,1
GCCAACCATTTCCGGA-1_V13B23-285_A1,1
GCCAAGAATACTTCTG-1_V13B23-285_A1,4
GCCAATAGGGCATCTC-1_V13B23-285_A1,1
GCCACAATTTAAGGAC-1_V13B23-285_A1,4
GCCACTCAGAGCGCGA-1_V13B23-285_A1,1
GCCACTCCTTACGGTA-1_V13B23-285_A1,1
GCCAGGAGTAACCGAT-1_V13B23-285_A1,1
GCCAGGCTTAGTGGTA-1_V13B23-285_A1,2
GCCATATTGCACACAG-1_V13B23-285_A1,1
GCCATCGAGCTGCGTG-1_V13B23-285_A1,4
GCCATCGATGCTGCAT-1_V13B23-285_A1,1
GCCATTAGCCTCAAAC-1_V13B23-285_A1,4
GCCCACCAAGGCTGTC-1_V13B23-285_A1,1
GCCCAGATGCTGGAGA-1_V13B23-285_A1,1
GCCCAGTTGGTATGCC-1_V13B23-285_A1,4
GCCCGACTTCTTCCCG-1_V13B23-285_A1,4
GCCCGAGAGTCTAAAT-1_V13B23-285_A1,4
GCCCGATCTGTGGTCG-1_V13B23-285_A1,4
GCCCGCGCGTAAACGG-1_V13B23-285_A1,4
GCCCGCGCGTTTGACA-1_V13B23-285_A1,4
GCCCGTAATACCTTCT-1_V13B23-285_A1,4
GCCCTAGCCGTCGCGA-1_V13B23-285_A1,4
GCCGAAATTCCTACGT-1_V13B23-285_A1,4
GCCGACCCACGACTGC-1_V13B23-285_A1,4
GCCGATTGGCCAAGCT-1_V13B23-285_A1,4
GCCGCACTCCGTTTCA-1_V13B23-285_A1,1
GCCGCATTAGTCCGGC-1_V13B23-285_A1,4
GCCGCTTGTGAGAAAC-1_V13B23-285_A1,4
GCCGGAAACACATCTT-1_V13B23-285_A1,2
GCCGGGTTAGGGTCGC-1_V13B23-285_A1,4
GCCGGTTTGGGCGGAT-1_V13B23-285_A1,2
GCCGTGGAAGAAATGT-1_V13B23-285_A1,1
GCCTACGTTCTGTGCA-1_V13B23-285_A1,1
GCCTAGCGATCTGACC-1_V13B23-285_A1,4
GCCTATAGTGTCAGGG-1_V13B23-285_A1,1
GCCTATTCCGATATAG-1_V13B23-285_A1,4
GCCTATTTGCTACACA-1_V13B23-285_A1,1
GCCTCATCTGGAAATA-1_V13B23-285_A1,1
GCCTCCGACAATTCAC-1_V13B23-285_A1,1
GCCTCTATACATAGCA-1_V13B23-285_A1,1
GCCTTCAGCCCTACCG-1_V13B23-285_A1,1
GCCTTGTATATGCAGT-1_V13B23-285_A1,1
GCGAAACGATCGGGAG-1_V13B23-285_A1,1
GCGAAACTTAACTGGA-1_V13B23-285_A1,4
GCGAAGAATCTGACGG-1_V13B23-285_A1,1
GCGAAGCCATACCCGT-1_V13B23-285_A1,4
GCGACATGTAAACATC-1_V13B23-285_A1,1
GCGACCCAACCATCTG-1_V13B23-285_A1,4
GCGACGATAGTTGTAC-1_V13B23-285_A1,4
GCGAGAAACGGGAGTT-1_V13B23-285_A1,1
GCGAGAGGCCATGTAA-1_V13B23-285_A1,2
GCGAGAGTTGCGTCCA-1_V13B23-285_A1,1
GCGAGCGCATGCTCCC-1_V13B23-285_A1,1
GCGAGGCCCGAGCAGA-1_V13B23-285_A1,4
GCGAGTTCTGCAAAGA-1_V13B23-285_A1,4
GCGATGTCTGTGCTTG-1_V13B23-285_A1,4
GCGATTCTGGAAGCAG-1_V13B23-285_A1,2
GCGATTGTTAACGTTA-1_V13B23-285_A1,4
GCGCAAATATATTCAA-1_V13B23-285_A1,4
GCGCAAGAGCGCGCTG-1_V13B23-285_A1,1
GCGCATCCAGTCAGCA-1_V13B23-285_A1,1
GCGCCGTTCCACGATA-1_V13B23-285_A1,4
GCGCCTCCCACTCCGA-1_V13B23-285_A1,1
GCGCGATGGGTCAAGT-1_V13B23-285_A1,2
GCGCGGTCTAGTAACT-1_V13B23-285_A1,1
GCGCGTCATTGGTACA-1_V13B23-285_A1,1
GCGCTAATTGAATAGA-1_V13B23-285_A1,4
GCGCTATGCCGAGGCA-1_V13B23-285_A1,4
GCGCTCGATCACCTGT-1_V13B23-285_A1,1
GCGCTGATCCAGACTC-1_V13B23-285_A1,1
GCGCTGCTTTGCATTT-1_V13B23-285_A1,1
GCGCTTAAATAATTGG-1_V13B23-285_A1,1
GCGGACCGCGTTGTGG-1_V13B23-285_A1,4
GCGGAGAAACTTCGCA-1_V13B23-285_A1,4
GCGGAGAGGGAGAACG-1_V13B23-285_A1,4
GCGGATTACTTGTTCT-1_V13B23-285_A1,1
GCGGCAAAGTATTGCC-1_V13B23-285_A1,4
GCGGCTCTGACGTACC-1_V13B23-285_A1,4
GCGGCTTTAGCAAGTT-1_V13B23-285_A1,1
GCGGGAACCAGGCCCT-1_V13B23-285_A1,4
GCGGGCATTACGATGC-1_V13B23-285_A1,1
GCGGGCGAGCCTTACC-1_V13B23-285_A1,4
GCGGTAACCCAAATGA-1_V13B23-285_A1,1
GCGGTCCCTAGACGCA-1_V13B23-285_A1,1
GCGGTGAACTGCGCTC-1_V13B23-285_A1,1
GCGGTGCGGAGCATCG-1_V13B23-285_A1,4
GCGGTTCCCTATCATG-1_V13B23-285_A1,4
GCGTAAATGGCCATAA-1_V13B23-285_A1,1
GCGTCCAGCTCGTGGC-1_V13B23-285_A1,1
GCGTCCCTAAGACATA-1_V13B23-285_A1,4
GCGTCGAAATGTCGGT-1_V13B23-285_A1,4
GCGTCGCCAGGGTGAT-1_V13B23-285_A1,4
GCGTCTAACCTCCTAA-1_V13B23-285_A1,1
GCGTCTCTGCATTGGG-1_V13B23-285_A1,4
GCGTGGTACTGGGTTA-1_V13B23-285_A1,1
GCGTGTATGTCGTATT-1_V13B23-285_A1,2
GCGTTATATTTGGAAC-1_V13B23-285_A1,4
GCGTTCGGAGACCGGG-1_V13B23-285_A1,2
GCTAAACCTGAGGTGA-1_V13B23-285_A1,4
GCTAACTGAAGTCTGA-1_V13B23-285_A1,1
GCTAAGTAAAGGCGAT-1_V13B23-285_A1,4
GCTAAGTAGTTTCTCT-1_V13B23-285_A1,4
GCTAATACCGAATGCC-1_V13B23-285_A1,4
GCTACAATCGAGGATA-1_V13B23-285_A1,1
GCTACACTGTCCGAAC-1_V13B23-285_A1,2
GCTACAGTACGGACCG-1_V13B23-285_A1,4
GCTACGACTTATTGGG-1_V13B23-285_A1,4
GCTACTATAGTAGAGT-1_V13B23-285_A1,1
GCTAGACCGTCTACTG-1_V13B23-285_A1,1
GCTAGAGTAGAGATGT-1_V13B23-285_A1,1
GCTAGCACCTGGGCCA-1_V13B23-285_A1,1
GCTAGCTTGAATAGCT-1_V13B23-285_A1,4
GCTAGGCACCACGGAG-1_V13B23-285_A1,1
GCTAGTAGAGCTTGTA-1_V13B23-285_A1,4
GCTAGTTTCATTGAGG-1_V13B23-285_A1,1
GCTATACGTCTCGGAC-1_V13B23-285_A1,1
GCTATCATACTCATGG-1_V13B23-285_A1,1
GCTATCGCGGCGCAAC-1_V13B23-285_A1,1
GCTATGCCAGCTTATG-1_V13B23-285_A1,4
GCTCAACCTCTTAGAG-1_V13B23-285_A1,4
GCTCAATCCGTTTATT-1_V13B23-285_A1,4
GCTCAATGTAATACCG-1_V13B23-285_A1,4
GCTCATTACTGCATGT-1_V13B23-285_A1,2
GCTCCATGCAAAGCAA-1_V13B23-285_A1,1
GCTCCCAGTCGGTCCA-1_V13B23-285_A1,1
GCTCCGCTCGCTTCAG-1_V13B23-285_A1,1
GCTCCTGACATACTGG-1_V13B23-285_A1,4
GCTCGCGGTTCCGCTC-1_V13B23-285_A1,4
GCTCGCTCATGTCCAA-1_V13B23-285_A1,1
GCTCGGAATTTAAAGC-1_V13B23-285_A1,3
GCTCTAAACCCTGACG-1_V13B23-285_A1,4
GCTCTATGTTACGTGC-1_V13B23-285_A1,4
GCTCTCGGGTACCGAA-1_V13B23-285_A1,4
GCTCTTTCCGCTAGTG-1_V13B23-285_A1,4
GCTGAACTCTCCAGGG-1_V13B23-285_A1,1
GCTGAATCTTCCAATC-1_V13B23-285_A1,4
GCTGAGCAACGGTTCT-1_V13B23-285_A1,4
GCTGAGGCGTGAGTAT-1_V13B23-285_A1,4
GCTGCACGGTTTCTTA-1_V13B23-285_A1,4
GCTGCGCCTCCCACGT-1_V13B23-285_A1,4
GCTGCTAAGTAGTCGA-1_V13B23-285_A1,4
GCTGCTACTGCGTAGC-1_V13B23-285_A1,1
GCTGCTCTCCGGACAC-1_V13B23-285_A1,4
GCTGGCAGGTGCCGTG-1_V13B23-285_A1,4
GCTGGCATATTCACCT-1_V13B23-285_A1,4
GCTGGCGGCGCATGCT-1_V13B23-285_A1,4
GCTGGGTCCGCTGTTA-1_V13B23-285_A1,2
GCTGGTTTAGGCCATA-1_V13B23-285_A1,4
GCTGTATTACTGGCCC-1_V13B23-285_A1,4
GCTGTTGCTACCGAAC-1_V13B23-285_A1,1
GCTTAATGTAACTAAC-1_V13B23-285_A1,4
GCTTACGTAGTTAGTA-1_V13B23-285_A1,1
GCTTATGAAGCAGGAA-1_V13B23-285_A1,1
GCTTCCAGCTTAGATT-1_V13B23-285_A1,1
GCTTCCGTCCCTAGAC-1_V13B23-285_A1,1
GCTTGAGTGACCTCTG-1_V13B23-285_A1,1
GCTTGATGATAATCAG-1_V13B23-285_A1,4
GCTTGGATCGATTAGG-1_V13B23-285_A1,1
GCTTTACACAACTGGG-1_V13B23-285_A1,1
GCTTTCAGAGGAGGTG-1_V13B23-285_A1,1
GGAAACCTTGTTGAAT-1_V13B23-285_A1,2
GGAAACTAAATGGGCC-1_V13B23-285_A1,1
GGAAAGTGCCCATGCC-1_V13B23-285_A1,1
GGAACCCGAACAAGAA-1_V13B23-285_A1,4
GGAACCGTGTAAATTG-1_V13B23-285_A1,4
GGAACCTTGACTCTGC-1_V13B23-285_A1,4
GGAACGGCCTGCAGCC-1_V13B23-285_A1,4
GGAACTTTGGCGATTA-1_V13B23-285_A1,1
GGAAGCTCGCTTACAG-1_V13B23-285_A1,2
GGAATAACCTCAAGAA-1_V13B23-285_A1,2
GGAATGCGCTAGCGTG-1_V13B23-285_A1,4
GGACAACCATGAAGCC-1_V13B23-285_A1,1
GGACAAGTTGCAGTGA-1_V13B23-285_A1,4
GGACACAAGTTTACAC-1_V13B23-285_A1,1
GGACCAACAGGATAAC-1_V13B23-285_A1,4
GGACCTCTAGGCCGCC-1_V13B23-285_A1,4
GGACGGGCGACCAACC-1_V13B23-285_A1,1
GGACTAAGTCAGGAGT-1_V13B23-285_A1,4
GGACTCACAAATTAGG-1_V13B23-285_A1,1
GGACTCGTGAGTGGTC-1_V13B23-285_A1,4
GGACTCTTTGACTAAG-1_V13B23-285_A1,1
GGAGAAGTCATTGGCA-1_V13B23-285_A1,4
GGAGACCAATGTGCTT-1_V13B23-285_A1,2
GGAGACCATCTACATA-1_V13B23-285_A1,4
GGAGACGACACCTTTG-1_V13B23-285_A1,4
GGAGCAACATTTCAAG-1_V13B23-285_A1,1
GGAGCACCAAGAACTA-1_V13B23-285_A1,4
GGAGCGAGGCCTACTT-1_V13B23-285_A1,1
GGAGGATTGAAAGGAG-1_V13B23-285_A1,2
GGAGGCCGAAGTCGTC-1_V13B23-285_A1,1
GGAGGGCTTGGTTGGC-1_V13B23-285_A1,4
GGAGGGTCAAGTAAGA-1_V13B23-285_A1,1
GGAGTACACATGAGCT-1_V13B23-285_A1,1
GGAGTGCCGCCCTGGA-1_V13B23-285_A1,4
GGAGTTGATTCTGTGT-1_V13B23-285_A1,1
GGATACTCATGAATTG-1_V13B23-285_A1,1
GGATCAAAGGACGAGG-1_V13B23-285_A1,2
GGATCAGAGCCATCAG-1_V13B23-285_A1,4
GGATCATCCCGTACGC-1_V13B23-285_A1,2
GGATCCCTACCAGCTA-1_V13B23-285_A1,1
GGATCCGGAATATACT-1_V13B23-285_A1,4
GGATCTTACTGCCCTT-1_V13B23-285_A1,4
GGATCTTGACTCAACC-1_V13B23-285_A1,4
GGATGAAGATCGCTGA-1_V13B23-285_A1,1
GGATGACGCGAGTTTA-1_V13B23-285_A1,4
GGATGCTGGCGTTCCT-1_V13B23-285_A1,4
GGATGGCTTGAAGTAT-1_V13B23-285_A1,1
GGATGTCCTTACCGCA-1_V13B23-285_A1,1
GGATTAATCATGGACC-1_V13B23-285_A1,1
GGATTCAGTACGGTGG-1_V13B23-285_A1,1
GGATTCCGCTATACCC-1_V13B23-285_A1,1
GGATTGCTGTGACTCC-1_V13B23-285_A1,1
GGATTTCACTTCTATA-1_V13B23-285_A1,4
GGCAAAGGCGCCAATA-1_V13B23-285_A1,4
GGCAAATTACTTTACT-1_V13B23-285_A1,4
GGCAAGCCCATAGTGG-1_V13B23-285_A1,1
GGCAAGGCGAAATAGC-1_V13B23-285_A1,4
GGCAATAGTCAATGAG-1_V13B23-285_A1,4
GGCACTCCACTGGGCA-1_V13B23-285_A1,4
GGCACTGCGGTGGTTT-1_V13B23-285_A1,1
GGCAGAGAGATCGGGA-1_V13B23-285_A1,4
GGCAGCAAACCTATGC-1_V13B23-285_A1,1
GGCATACAGGTAGCGG-1_V13B23-285_A1,4
GGCATATCGGTTCTGC-1_V13B23-285_A1,1
GGCATCAACGAGCACG-1_V13B23-285_A1,2
GGCCACAAGCGATGGC-1_V13B23-285_A1,1
GGCCACACGAAAGCCT-1_V13B23-285_A1,4
GGCCCAGCTGGTTTGC-1_V13B23-285_A1,1
GGCCCGGAGCATGTCT-1_V13B23-285_A1,1
GGCCCGTATACCATGC-1_V13B23-285_A1,1
GGCCCTCACCCACTTA-1_V13B23-285_A1,4
GGCCGAGACTCTGGTG-1_V13B23-285_A1,4
GGCCGCAGGAACCGCA-1_V13B23-285_A1,1
GGCCGGCGTCTGCTAT-1_V13B23-285_A1,1
GGCCGTTTGGGTTTCA-1_V13B23-285_A1,4
GGCCTGCTTCTCCCGA-1_V13B23-285_A1,1
GGCCTTTGCAACTGGC-1_V13B23-285_A1,4
GGCGAAATCTAACTTG-1_V13B23-285_A1,4
GGCGAGCATCGAGGAC-1_V13B23-285_A1,2
GGCGAGCGAAACGGCA-1_V13B23-285_A1,4
GGCGCAGGACATCTTC-1_V13B23-285_A1,4
GGCGCATGAATTGATG-1_V13B23-285_A1,4
GGCGCGGAGATCTTTC-1_V13B23-285_A1,1
GGCGCGTTCGAGTTTA-1_V13B23-285_A1,4
GGCGCTCCTCATCAAT-1_V13B23-285_A1,1
GGCGCTTCATTCCCTG-1_V13B23-285_A1,1
GGCGGAGTAATATTAG-1_V13B23-285_A1,4
GGCGGTAGGATCATTG-1_V13B23-285_A1,4
GGCGGTTTGCCGGTGC-1_V13B23-285_A1,1
GGCGTACCCTATATAA-1_V13B23-285_A1,2
GGCGTAGGGAAAGCTG-1_V13B23-285_A1,1
GGCGTCCTATCCGCTG-1_V13B23-285_A1,4
GGCTAAAGGGCGGGTC-1_V13B23-285_A1,2
GGCTACTATACACTCC-1_V13B23-285_A1,4
GGCTATTAAGTTGTAT-1_V13B23-285_A1,4
GGCTCCTCCACCTGTT-1_V13B23-285_A1,4
GGCTCGCGTTGAGGTA-1_V13B23-285_A1,1
GGCTCGTGCCACCAGC-1_V13B23-285_A1,1
GGCTCTGCTCCAACGC-1_V13B23-285_A1,4
GGCTGAAATAGCAAAG-1_V13B23-285_A1,1
GGCTGGCTAGCTTAAA-1_V13B23-285_A1,1
GGCTTGGCTCTCACCT-1_V13B23-285_A1,4
GGCTTTCAATAAGGGT-1_V13B23-285_A1,4
GGGAAAGAATGCCAAC-1_V13B23-285_A1,1
GGGAACCACCTGTTTC-1_V13B23-285_A1,2
GGGAACGGGAGGTTAG-1_V13B23-285_A1,4
GGGAACGGTTTCAGAT-1_V13B23-285_A1,4
GGGAAGACGGTCTGTC-1_V13B23-285_A1,1
GGGAAGGGCTTTCTCA-1_V13B23-285_A1,1
GGGAATGAGCCCTCAC-1_V13B23-285_A1,2
GGGAATTCTGTCCAGT-1_V13B23-285_A1,4
GGGACAGAGTTACTCC-1_V13B23-285_A1,4
GGGACCCGTATATCTT-1_V13B23-285_A1,4
GGGACTGCATAGATAG-1_V13B23-285_A1,4
GGGAGAACTCACAGTA-1_V13B23-285_A1,4
GGGAGCGACCGTAGTG-1_V13B23-285_A1,1
GGGAGGATGCCCGAAA-1_V13B23-285_A1,4
GGGAGTAATGGCTGGC-1_V13B23-285_A1,1
GGGAGTTAATGAGGCG-1_V13B23-285_A1,4
GGGATACGGTAATAAT-1_V13B23-285_A1,4
GGGATGGTCGTAACCG-1_V13B23-285_A1,4
GGGATTTACCGCACCT-1_V13B23-285_A1,1
GGGCAACCGCACGTGC-1_V13B23-285_A1,4
GGGCAGACGTCACTGC-1_V13B23-285_A1,4
GGGCAGAGCAATCGTT-1_V13B23-285_A1,4
GGGCAGTCAACGCCAA-1_V13B23-285_A1,1
GGGCCCGTCTTAAACA-1_V13B23-285_A1,4
GGGCCCTACGAAAGGG-1_V13B23-285_A1,4
GGGCCCTTATCTATAC-1_V13B23-285_A1,4
GGGCCGGCCGAAGTAC-1_V13B23-285_A1,1
GGGCCTAAATGGGCTA-1_V13B23-285_A1,4
GGGCGAATTTCTCCAC-1_V13B23-285_A1,4
GGGCGATATGTGTGAA-1_V13B23-285_A1,4
GGGCGCAGCGTTACTC-1_V13B23-285_A1,1
GGGCGGCAAATGAATT-1_V13B23-285_A1,4
GGGCGGGTTCCCTACG-1_V13B23-285_A1,4
GGGCGGTCCTATTGTC-1_V13B23-285_A1,1
GGGCGTACATTTATAT-1_V13B23-285_A1,4
GGGCGTCACCACGTAA-1_V13B23-285_A1,4
GGGCGTCCACTGGCTC-1_V13B23-285_A1,1
GGGCGTGGTTTCCCAG-1_V13B23-285_A1,1
GGGCTACTATTTCGTG-1_V13B23-285_A1,4
GGGCTATGATCGATGG-1_V13B23-285_A1,4
GGGCTCATCGAACCCA-1_V13B23-285_A1,3
GGGCTGCCTAGGGCGA-1_V13B23-285_A1,4
GGGCTGGTTAGTCGCG-1_V13B23-285_A1,4
GGGTAATGCTGTGTTT-1_V13B23-285_A1,1
GGGTACACTCTGGAGG-1_V13B23-285_A1,1
GGGTACCCACGGTCCT-1_V13B23-285_A1,1
GGGTACTTCATGAACT-1_V13B23-285_A1,4
GGGTATGTATGCACTT-1_V13B23-285_A1,4
GGGTATTCTAGCAAAC-1_V13B23-285_A1,4
GGGTCACCGTGACGGT-1_V13B23-285_A1,4
GGGTCAGGAGCTAGAT-1_V13B23-285_A1,4
GGGTCATGCGTACCAT-1_V13B23-285_A1,4
GGGTCGTGGCAAGTGT-1_V13B23-285_A1,1
GGGTCTATCGCTTTCC-1_V13B23-285_A1,1
GGGTGACACCTTAACT-1_V13B23-285_A1,4
GGGTGCATATGAAAGC-1_V13B23-285_A1,1
GGGTGGTCCAGCCTGT-1_V13B23-285_A1,2
GGGTGTTTCAGCTATG-1_V13B23-285_A1,1
GGGTTAACATTTGAGT-1_V13B23-285_A1,4
GGGTTCAGACGAACAA-1_V13B23-285_A1,1
GGGTTTAGGATAGGAT-1_V13B23-285_A1,1
GGTAAACTCTGCGCTG-1_V13B23-285_A1,1
GGTAACCGGGAGGATA-1_V13B23-285_A1,4
GGTAACTATGTATCTG-1_V13B23-285_A1,1
GGTACAAACATGCTAT-1_V13B23-285_A1,4
GGTACACCAGATTTAT-1_V13B23-285_A1,1
GGTACATCTGGGACGA-1_V13B23-285_A1,4
GGTACCATTAAGACGG-1_V13B23-285_A1,1
GGTACGTTGCGGCCGG-1_V13B23-285_A1,1
GGTACTAAGTGCTTTG-1_V13B23-285_A1,1
GGTAGAAGACCGCCTG-1_V13B23-285_A1,1
GGTAGACCGTTGGGCG-1_V13B23-285_A1,4
GGTAGTGCTCGCACCA-1_V13B23-285_A1,4
GGTATAGTGACACATA-1_V13B23-285_A1,1
GGTATTGCCGAGTTTA-1_V13B23-285_A1,4
GGTCAAGACTACTTCG-1_V13B23-285_A1,1
GGTCACGTTAGATTCA-1_V13B23-285_A1,1
GGTCAGTGGGTCCCAC-1_V13B23-285_A1,4
GGTCCTTCATACGACT-1_V13B23-285_A1,1
GGTCGGATAAACGGCG-1_V13B23-285_A1,1
GGTCGGCCAGGAGCTT-1_V13B23-285_A1,4
GGTCGGTAATTAGACA-1_V13B23-285_A1,1
GGTCGGTCGTCCACAG-1_V13B23-285_A1,4
GGTCGTAAGCTCGCAC-1_V13B23-285_A1,4
GGTCTCCGTCCAGGTT-1_V13B23-285_A1,1
GGTCTCTGAATGGACT-1_V13B23-285_A1,4
GGTCTGAGAATCTGGA-1_V13B23-285_A1,4
GGTCTTGAGCGCTCTT-1_V13B23-285_A1,1
GGTGAAACCGGGAATG-1_V13B23-285_A1,1
GGTGAACGGGCTAGCC-1_V13B23-285_A1,1
GGTGAAGTACAGGGAT-1_V13B23-285_A1,4
GGTGAGATGCAGATAA-1_V13B23-285_A1,1
GGTGATAAGGAGCAGT-1_V13B23-285_A1,4
GGTGATGAAGGAAGTG-1_V13B23-285_A1,4
GGTGATTTCATCTTGT-1_V13B23-285_A1,1
GGTGCATAAATGATTA-1_V13B23-285_A1,4
GGTGCGGATAAGTGGC-1_V13B23-285_A1,1
GGTGCTGATCACAAAG-1_V13B23-285_A1,4
GGTGCTGGTACACATT-1_V13B23-285_A1,4
GGTGGACTGCTCTGGC-1_V13B23-285_A1,1
GGTGGAGGTTGATACG-1_V13B23-285_A1,1
GGTGTAAATCGATTGT-1_V13B23-285_A1,1
GGTGTTGGGCGTCTTA-1_V13B23-285_A1,1
GGTTACCACCCTCGGG-1_V13B23-285_A1,4
GGTTACCCGACACTTT-1_V13B23-285_A1,1
GGTTAGCTATATGTCT-1_V13B23-285_A1,1
GGTTAGGCTTGGAGAA-1_V13B23-285_A1,4
GGTTAGTTACGGCGCC-1_V13B23-285_A1,4
GGTTCGGATTATACTA-1_V13B23-285_A1,4
GGTTCTACTCGTCTGA-1_V13B23-285_A1,1
GGTTGTATCGTGAAAT-1_V13B23-285_A1,2
GGTTGTGCTCTTGTCC-1_V13B23-285_A1,4
GGTTGTGTAGCCTGGC-1_V13B23-285_A1,4
GGTTTAATTACCATCG-1_V13B23-285_A1,4
GGTTTAATTGAGCAGG-1_V13B23-285_A1,1
GGTTTACAATCTCAAT-1_V13B23-285_A1,4
GGTTTAGCCTTTCTTG-1_V13B23-285_A1,1
GGTTTCAATCGGTCAG-1_V13B23-285_A1,1
GGTTTGAGTGCTGGAA-1_V13B23-285_A1,1
GGTTTGTGACCTGAGG-1_V13B23-285_A1,1
GTAACATCTAAGATAA-1_V13B23-285_A1,1
GTAACTGCCCAAGGAG-1_V13B23-285_A1,4
GTAACTTGCGGCAGTC-1_V13B23-285_A1,1
GTAAGCGGGCAGTCAG-1_V13B23-285_A1,4
GTAAGTAACAGTCTGG-1_V13B23-285_A1,1
GTAAGTAGGGTATACC-1_V13B23-285_A1,4
GTAAGTCCACACTCTA-1_V13B23-285_A1,1
GTAATAAAGGGCTCCC-1_V13B23-285_A1,1
GTAATCTGATTCTTCG-1_V13B23-285_A1,4
GTACACTTACCTGAAG-1_V13B23-285_A1,4
GTACAGAGGCAAGGGT-1_V13B23-285_A1,1
GTACGACGGCGCTGCG-1_V13B23-285_A1,1
GTACGAGATTGCGACA-1_V13B23-285_A1,4
GTACGCTTCATTGCAC-1_V13B23-285_A1,4
GTACGTTTGCCCGTCA-1_V13B23-285_A1,4
GTACTAAGATTTGGAG-1_V13B23-285_A1,4
GTACTCCCTTATCGCT-1_V13B23-285_A1,4
GTACTCCTGGGTATGC-1_V13B23-285_A1,1
GTACTGAGGTCGTAAC-1_V13B23-285_A1,1
GTACTGCATGAAGCGT-1_V13B23-285_A1,1
GTACTGGAGTTAGACC-1_V13B23-285_A1,4
GTACTTGGGCACTTCT-1_V13B23-285_A1,1
GTAGAAACGGGTGGAG-1_V13B23-285_A1,4
GTAGACAACCGATGAA-1_V13B23-285_A1,2
GTAGACACGCCTGACT-1_V13B23-285_A1,1
GTAGACGTCGTTACAT-1_V13B23-285_A1,1
GTAGAGGGAGACAAGT-1_V13B23-285_A1,4
GTAGCCAAACATGGGA-1_V13B23-285_A1,4
GTAGCGCTGTTGTAGT-1_V13B23-285_A1,2
GTAGCGGCTATACACT-1_V13B23-285_A1,4
GTAGCTCCGGGAGGCT-1_V13B23-285_A1,4
GTAGCTTCCTCTTGTT-1_V13B23-285_A1,1
GTAGGTGATCCGTGTA-1_V13B23-285_A1,1
GTAGTCGCGGGAATCA-1_V13B23-285_A1,1
GTAGTCTACGATATTG-1_V13B23-285_A1,1
GTAGTGAGCAACCTCA-1_V13B23-285_A1,1
GTAGTTCGAAGGCGAA-1_V13B23-285_A1,4
GTATAATCTCCCGGAT-1_V13B23-285_A1,1
GTATAGGACTCAGTAG-1_V13B23-285_A1,4
GTATATGTTACGGCGG-1_V13B23-285_A1,1
GTATCAAACGTTAGCT-1_V13B23-285_A1,1
GTATCAGCTTGGGTTC-1_V13B23-285_A1,1
GTATCCTTTGGTAACC-1_V13B23-285_A1,1
GTATCGGGACGAGCTG-1_V13B23-285_A1,1
GTATCTCAGTCTTGAC-1_V13B23-285_A1,4
GTATCTTTCATAACCA-1_V13B23-285_A1,4
GTATGAAATTTCACTC-1_V13B23-285_A1,4
GTATGACGTGGGAAAC-1_V13B23-285_A1,1
GTATGTGGGTCTAGTT-1_V13B23-285_A1,1
GTATTAAGGCGTCTAA-1_V13B23-285_A1,1
GTATTCTGAGAAACGA-1_V13B23-285_A1,4
GTATTCTTACCGTGCT-1_V13B23-285_A1,1
GTATTTAATGGCATAA-1_V13B23-285_A1,1
GTCAAAGAAGTGGTGT-1_V13B23-285_A1,4
GTCAAAGTTTACATAG-1_V13B23-285_A1,1
GTCAACCAGGCCTATA-1_V13B23-285_A1,1
GTCAAGCGGACTCGGG-1_V13B23-285_A1,4
GTCAATGCTATAATTT-1_V13B23-285_A1,2
GTCAATTGTACTGAAG-1_V13B23-285_A1,1
GTCACAAAGTTTCCAA-1_V13B23-285_A1,1
GTCACTCTCCAAATCT-1_V13B23-285_A1,4
GTCAGAATAGTCTATG-1_V13B23-285_A1,4
GTCAGACAGCGTTGGA-1_V13B23-285_A1,2
GTCAGTTGTGCTCGTT-1_V13B23-285_A1,2
GTCAGTTTGGTAGTCG-1_V13B23-285_A1,4
GTCATCTCCTACAGCT-1_V13B23-285_A1,1
GTCATGCACCTCCGTT-1_V13B23-285_A1,4
GTCATGCGCGAGGGCT-1_V13B23-285_A1,1
GTCATGGACATGACTA-1_V13B23-285_A1,4
GTCATTAGAGCGAACG-1_V13B23-285_A1,4
GTCATTGCATTGACCC-1_V13B23-285_A1,4
GTCCAATATTTAGCCT-1_V13B23-285_A1,4
GTCCACGTCGCATTCG-1_V13B23-285_A1,1
GTCCATTACTGCTACG-1_V13B23-285_A1,1
GTCCCAACGTAAAGTA-1_V13B23-285_A1,4
GTCCCAATCATCCCGC-1_V13B23-285_A1,4
GTCCCGCGACGTTATG-1_V13B23-285_A1,1
GTCCGAGAGCAATCAT-1_V13B23-285_A1,4
GTCCGGACCTGAAATT-1_V13B23-285_A1,1
GTCCGGCTGAATTGCG-1_V13B23-285_A1,4
GTCCGGGTTCACATTA-1_V13B23-285_A1,1
GTCCTACAGGCGGCTC-1_V13B23-285_A1,1
GTCCTACGAATAGTCT-1_V13B23-285_A1,1
GTCCTACTCTACGGGC-1_V13B23-285_A1,4
GTCCTATTGTTGTGGT-1_V13B23-285_A1,4
GTCCTTCTACAACCCA-1_V13B23-285_A1,4
GTCCTTCTAGTGGGTT-1_V13B23-285_A1,2
GTCGATAGGTGACTTT-1_V13B23-285_A1,1
GTCGCCGTTGTGTGTT-1_V13B23-285_A1,4
GTCGCGTAACCCGTTG-1_V13B23-285_A1,4
GTCGGATATCTCAGAC-1_V13B23-285_A1,4
GTCGGATGTAGCGCGC-1_V13B23-285_A1,1
GTCGGGAACATGGTAG-1_V13B23-285_A1,4
GTCGGGAAGCAGAAAC-1_V13B23-285_A1,4
GTCGTACCATCTCGGG-1_V13B23-285_A1,4
GTCGTACCTACGATTG-1_V13B23-285_A1,4
GTCGTATTGGCGTACA-1_V13B23-285_A1,1
GTCGTCAATTATAAGG-1_V13B23-285_A1,1
GTCGTCTGGTTGGCTA-1_V13B23-285_A1,1
GTCGTGTCTGGTCATC-1_V13B23-285_A1,1
GTCGTTATTCGCTTAT-1_V13B23-285_A1,4
GTCTACTCAATTACAA-1_V13B23-285_A1,4
GTCTAGTGAGCCGCTT-1_V13B23-285_A1,1
GTCTATCTGAGTTTCT-1_V13B23-285_A1,4
GTCTATTGCATGCTCG-1_V13B23-285_A1,1
GTCTATTGGTTCCGGT-1_V13B23-285_A1,1
GTCTCAAGGCCCGGCT-1_V13B23-285_A1,4
GTCTCCCGAGTCCCGT-1_V13B23-285_A1,1
GTCTCCTGCCAGTATG-1_V13B23-285_A1,1
GTCTCGACTAAGTTTG-1_V13B23-285_A1,1
GTCTCGATCTGCTTTC-1_V13B23-285_A1,3
GTCTGGGCGGTCGAGA-1_V13B23-285_A1,4
GTCTTAGTACAGCCGG-1_V13B23-285_A1,2
GTCTTCCTCACCTAAG-1_V13B23-285_A1,4
GTCTTGAGGAGCAGTG-1_V13B23-285_A1,1
GTCTTGTAGCTATTCA-1_V13B23-285_A1,1
GTGAAACGGCGCCACC-1_V13B23-285_A1,3
GTGAAACGTGCTCCAC-1_V13B23-285_A1,1
GTGAACTCCCATTCGA-1_V13B23-285_A1,1
GTGAAGATTTCAAGTG-1_V13B23-285_A1,1
GTGAAGCCGTATAGTC-1_V13B23-285_A1,2
GTGAAGTCACGACTCG-1_V13B23-285_A1,4
GTGACAGCTTCCCACT-1_V13B23-285_A1,1
GTGACCGCACACTACG-1_V13B23-285_A1,1
GTGACCTAAAGAATAA-1_V13B23-285_A1,1
GTGACGAGGGTGACCC-1_V13B23-285_A1,1
GTGACGCAGGTTTCAT-1_V13B23-285_A1,1
GTGACTTCAGTAGTGC-1_V13B23-285_A1,4
GTGAGCGTGCTGCACT-1_V13B23-285_A1,4
GTGAGGACACTTAAGG-1_V13B23-285_A1,4
GTGAGGAGCGGTTGAG-1_V13B23-285_A1,2
GTGAGTCTAAGACGGA-1_V13B23-285_A1,4
GTGAGTGGTACAACGC-1_V13B23-285_A1,4
GTGATCAAGCGTGCAC-1_V13B23-285_A1,4
GTGATCACTAACGCCT-1_V13B23-285_A1,1
GTGATCATAGATCTGC-1_V13B23-285_A1,4
GTGATCCTTGTCATGA-1_V13B23-285_A1,1
GTGATTCGCCGCTCAA-1_V13B23-285_A1,4
GTGCAACAAATGTGGC-1_V13B23-285_A1,1
GTGCACCAGCTTCAAC-1_V13B23-285_A1,4
GTGCACGAAAGTGACT-1_V13B23-285_A1,1
GTGCCATCACACGGTG-1_V13B23-285_A1,4
GTGCCCGTTCGGATTC-1_V13B23-285_A1,1
GTGCCGCTTCAAAGGT-1_V13B23-285_A1,4
GTGCCTAGCTATGCTT-1_V13B23-285_A1,1
GTGCCTGAGACCAAAC-1_V13B23-285_A1,1
GTGCGAAATCGAACAC-1_V13B23-285_A1,4
GTGCGACAGGGAGTGT-1_V13B23-285_A1,1
GTGCGCAGCTTGCTCC-1_V13B23-285_A1,1
GTGCGCTTACAAATGA-1_V13B23-285_A1,2
GTGCGGGACCATCGGC-1_V13B23-285_A1,1
GTGCGGGTCTCCAAAT-1_V13B23-285_A1,4
GTGCGTGTATATGAGC-1_V13B23-285_A1,1
GTGCTCAAGTACTGTC-1_V13B23-285_A1,4
GTGCTGCAGATAAGGA-1_V13B23-285_A1,4
GTGCTTACATCAGCGC-1_V13B23-285_A1,1
GTGGAACCTACATGCG-1_V13B23-285_A1,1
GTGGACCAACCCGATT-1_V13B23-285_A1,4
GTGGACGCATTTGTCC-1_V13B23-285_A1,4
GTGGACGTGCTGAGAC-1_V13B23-285_A1,1
GTGGAGCGTTTACCGA-1_V13B23-285_A1,1
GTGGAGTCGGCGGTTG-1_V13B23-285_A1,4
GTGGCAAACAGCGGCA-1_V13B23-285_A1,4
GTGGCCTAATATCATT-1_V13B23-285_A1,4
GTGGCGGTCCCAGCGT-1_V13B23-285_A1,4
GTGGCTGTTTCTGTTC-1_V13B23-285_A1,1
GTGGGAAGACTGAATC-1_V13B23-285_A1,4
GTGGGCTTAGACACAC-1_V13B23-285_A1,4
GTGGGTACTGAGCGTA-1_V13B23-285_A1,4
GTGGGTCTTCTTTGCG-1_V13B23-285_A1,2
GTGGTATAGTCTGCCG-1_V13B23-285_A1,4
GTGGTGGCCAAGTGAA-1_V13B23-285_A1,4
GTGGTTACTTCTTTCG-1_V13B23-285_A1,1
GTGGTTTCCGCCTTTC-1_V13B23-285_A1,4
GTGTACCTTGGCTACG-1_V13B23-285_A1,4
GTGTACGAACCGTTCC-1_V13B23-285_A1,1
GTGTATATCAGCGGGC-1_V13B23-285_A1,1
GTGTATGACTTTAAAG-1_V13B23-285_A1,1
GTGTCGTATAGCGTTC-1_V13B23-285_A1,1
GTGTGAATAACTTAGG-1_V13B23-285_A1,4
GTGTGAGCCGAGGTGC-1_V13B23-285_A1,2
GTGTGTCGACGTCGCT-1_V13B23-285_A1,1
GTGTTACTATGCGTCC-1_V13B23-285_A1,4
GTTAAAGTAGGACTGG-1_V13B23-285_A1,1
GTTAACATCACTTAAA-1_V13B23-285_A1,1
GTTAACTATGTTGTCA-1_V13B23-285_A1,1
GTTAAGGGTGCGATGT-1_V13B23-285_A1,1
GTTAAGTTAGAGTGGG-1_V13B23-285_A1,1
GTTAATGTCTATCTTA-1_V13B23-285_A1,4
GTTACAATTGGTGACG-1_V13B23-285_A1,4
GTTACCTACAACTTGC-1_V13B23-285_A1,4
GTTACGAAATCCACGC-1_V13B23-285_A1,1
GTTACGGCCCGACTGC-1_V13B23-285_A1,1
GTTACTTTGGGCCTAG-1_V13B23-285_A1,4
GTTAGAGTGTGCCGCT-1_V13B23-285_A1,2
GTTAGCCCATGACATC-1_V13B23-285_A1,1
GTTAGCCGTAAATCAA-1_V13B23-285_A1,1
GTTAGGCTACCCGTTT-1_V13B23-285_A1,4
GTTATAATACGGTGAA-1_V13B23-285_A1,1
GTTATATCAGGAGCCA-1_V13B23-285_A1,2
GTTATATTATCTCCCT-1_V13B23-285_A1,4
GTTATCAAGCTATCGA-1_V13B23-285_A1,1
GTTATCACCTTCTGAA-1_V13B23-285_A1,2
GTTATTAACGTGGGAG-1_V13B23-285_A1,1
GTTCAAATCAGATGTC-1_V13B23-285_A1,4
GTTCACAGGAGTCTAG-1_V13B23-285_A1,3
GTTCAGTCGCCAAATG-1_V13B23-285_A1,1
GTTCATCGTTTGGCTG-1_V13B23-285_A1,1
GTTCCAAGACAGCGAC-1_V13B23-285_A1,1
GTTCCAGTCTGACCAT-1_V13B23-285_A1,4
GTTCCCGTAAACATAT-1_V13B23-285_A1,1
GTTCGCCATAAGTGCC-1_V13B23-285_A1,4
GTTCGCTGAGACGTCT-1_V13B23-285_A1,1
GTTCGGAGCACTCAAC-1_V13B23-285_A1,1
GTTCGGATCGGGAACA-1_V13B23-285_A1,1
GTTCGGGCGTACCATT-1_V13B23-285_A1,1
GTTCGTCTAAAGAACT-1_V13B23-285_A1,1
GTTCGTCTGGGTCCCT-1_V13B23-285_A1,2
GTTCGTTGCGGACCAG-1_V13B23-285_A1,2
GTTCTTCCCTCGATGT-1_V13B23-285_A1,1
GTTGAACCGGTTCCAT-1_V13B23-285_A1,3
GTTGAGTCCCGCCGGT-1_V13B23-285_A1,1
GTTGCACGGAGTTTCG-1_V13B23-285_A1,4
GTTGCGCTAACATTAC-1_V13B23-285_A1,1
GTTGCGGACGGTCAGG-1_V13B23-285_A1,1
GTTGGACCGCATCAGG-1_V13B23-285_A1,2
GTTGGATTCAGTGGCT-1_V13B23-285_A1,1
GTTGGATTGAGAACAC-1_V13B23-285_A1,1
GTTGGATTTGCGTTGG-1_V13B23-285_A1,4
GTTGGTCATGCTATCC-1_V13B23-285_A1,4
GTTGTAGATTTATGAG-1_V13B23-285_A1,1
GTTGTCGTGTTAGTTG-1_V13B23-285_A1,1
GTTTACGTTCCATCTG-1_V13B23-285_A1,4
GTTTATGGGATTTAGA-1_V13B23-285_A1,4
GTTTCAAACGAGTTGT-1_V13B23-285_A1,1
GTTTCATATCGTCGCT-1_V13B23-285_A1,4
GTTTCCTGGAGGGTGA-1_V13B23-285_A1,4
GTTTCTAGAGGCGCGG-1_V13B23-285_A1,1
GTTTCTGCAGTCTCCC-1_V13B23-285_A1,4
GTTTGACCAAATCCTA-1_V13B23-285_A1,4
GTTTGAGCGGTTATGT-1_V13B23-285_A1,2
GTTTGGCCCAAGTTAT-1_V13B23-285_A1,4
GTTTGGCCGCTCAGCG-1_V13B23-285_A1,1
GTTTGGGCTTGTGAGC-1_V13B23-285_A1,4
GTTTGGGTTTCGCCCG-1_V13B23-285_A1,1
GTTTGGTAGGGTCAAC-1_V13B23-285_A1,4
GTTTGGTGATCGGTGC-1_V13B23-285_A1,4
GTTTGTTAGCCAAGTA-1_V13B23-285_A1,4
TAAACCCAGGAGGGCA-1_V13B23-285_A1,4
TAAACGTCGTCAATGA-1_V13B23-285_A1,1
TAAAGACAACCCTTTA-1_V13B23-285_A1,1
TAAAGAGCCCGAAACC-1_V13B23-285_A1,1
TAAAGCGGTATTTCCA-1_V13B23-285_A1,4
TAAAGCGTTAGGAGAA-1_V13B23-285_A1,1
TAAAGCTGCAATAGGG-1_V13B23-285_A1,2
TAAATCTTTACACCTC-1_V13B23-285_A1,2
TAAATGAATCCGTTTC-1_V13B23-285_A1,4
TAACAAAGGGAGAAGC-1_V13B23-285_A1,4
TAACAATATTTGTTGC-1_V13B23-285_A1,4
TAACAGCGTTTGTGCT-1_V13B23-285_A1,4
TAACATACAATGTGGG-1_V13B23-285_A1,4
TAACATACACGCGATC-1_V13B23-285_A1,4
TAACCGCCCGCAGTGC-1_V13B23-285_A1,1
TAACCTACCGTCCGAG-1_V13B23-285_A1,1
TAACCTAGGGAGTCCA-1_V13B23-285_A1,1
TAACGCTTTGAGAGCG-1_V13B23-285_A1,4
TAACTATCGAAGGTCC-1_V13B23-285_A1,4
TAACTATTACGCCAAA-1_V13B23-285_A1,1
TAACTCATCCGCGCGG-1_V13B23-285_A1,3
TAACTCCATGGAGGCT-1_V13B23-285_A1,2
TAAGAGGGACAGGGAC-1_V13B23-285_A1,4
TAAGATTTAGCGGGAG-1_V13B23-285_A1,1
TAAGCAGGCGACACGC-1_V13B23-285_A1,4
TAAGCGCGAATCAAAT-1_V13B23-285_A1,4
TAAGGAACTTGTGGGA-1_V13B23-285_A1,1
TAAGGCAACATAAGAT-1_V13B23-285_A1,4
TAAGGCATAACATCAA-1_V13B23-285_A1,4
TAAGGCCCGTCACCCT-1_V13B23-285_A1,1
TAAGGCTGAATCCCTC-1_V13B23-285_A1,1
TAAGGGCCTGTCCGAT-1_V13B23-285_A1,1
TAAGGGCTGGGAGAGG-1_V13B23-285_A1,4
TAAGTAACATCTTGAC-1_V13B23-285_A1,4
TAAGTCGCCGAGTATC-1_V13B23-285_A1,4
TAAGTTGCGACGTAGG-1_V13B23-285_A1,1
TAATAAACAAGGAGAT-1_V13B23-285_A1,1
TAATACACAGTAGTAT-1_V13B23-285_A1,4
TAATACTAGAACAGAC-1_V13B23-285_A1,1
TAATAGAACAGAGTTA-1_V13B23-285_A1,4
TAATAGCTAAATGATG-1_V13B23-285_A1,1
TAATAGGTCACCAGAA-1_V13B23-285_A1,4
TAATAGTGACGACCAG-1_V13B23-285_A1,4
TAATATTGAAATTCGC-1_V13B23-285_A1,1
TAATCGATCCGTACGT-1_V13B23-285_A1,3
TAATGAAAGACCCTTG-1_V13B23-285_A1,4
TAATTACGTCAGTAGA-1_V13B23-285_A1,1
TAATTAGATGGATATG-1_V13B23-285_A1,1
TAATTAGGACATCCGT-1_V13B23-285_A1,1
TAATTTCCGTCCAGTA-1_V13B23-285_A1,4
TACAACAGCGCATACA-1_V13B23-285_A1,1
TACAACGCACAACTCA-1_V13B23-285_A1,4
TACAAGCTGTTCACTG-1_V13B23-285_A1,2
TACAAGGGCTTCTTTA-1_V13B23-285_A1,1
TACAAGTCTCGTGCAT-1_V13B23-285_A1,4
TACAATGAAACCAGCA-1_V13B23-285_A1,2
TACACCGTCGTTAGTC-1_V13B23-285_A1,1
TACAGAAACGGTGGGC-1_V13B23-285_A1,1
TACATAGGCATACACC-1_V13B23-285_A1,4
TACATCCCTATCCCTG-1_V13B23-285_A1,4
TACATCTTGTTTCTTG-1_V13B23-285_A1,4
TACATGACCTTATCCG-1_V13B23-285_A1,4
TACATGCCGGAATTGT-1_V13B23-285_A1,1
TACATTTCTAACGTGC-1_V13B23-285_A1,4
TACCAAATAGCCCAGA-1_V13B23-285_A1,4
TACCAATAAAGTACCA-1_V13B23-285_A1,1
TACCAGAAGTAGGTTC-1_V13B23-285_A1,4
TACCAGCTAGGTTTAA-1_V13B23-285_A1,2
TACCATGTATTGATTT-1_V13B23-285_A1,1
TACCGAATAATTGTAA-1_V13B23-285_A1,1
TACCGCGGACTTGCAG-1_V13B23-285_A1,1
TACCGGCTCACTGCCC-1_V13B23-285_A1,4
TACCGGTCGTTTCCAT-1_V13B23-285_A1,4
TACCGTAGGTTAACTA-1_V13B23-285_A1,4
TACCGTGCCTCGGACC-1_V13B23-285_A1,1
TACCTACTCCCAGTAT-1_V13B23-285_A1,4
TACCTATCCCTAGAGG-1_V13B23-285_A1,4
TACCTCACGCTTGTAC-1_V13B23-285_A1,1
TACCTCAGTTGTCTGT-1_V13B23-285_A1,1
TACCTGCTGCACTGTG-1_V13B23-285_A1,4
TACCTTAAGATTTCCC-1_V13B23-285_A1,4
TACGAACACGACTTCA-1_V13B23-285_A1,4
TACGACGCTTGCTGCG-1_V13B23-285_A1,4
TACGACTGCCTCTTAG-1_V13B23-285_A1,4
TACGAGAACTTCACGT-1_V13B23-285_A1,4
TACGATGTTGATCATC-1_V13B23-285_A1,4
TACGCAGTTCTTTCCT-1_V13B23-285_A1,4
TACGCCATATTCTAAT-1_V13B23-285_A1,4
TACGCCGAGGGTACCC-1_V13B23-285_A1,4
TACGCCGCCTCAGAAG-1_V13B23-285_A1,1
TACGCCTCCATTCCGA-1_V13B23-285_A1,4
TACGCTATAGAAACCT-1_V13B23-285_A1,1
TACGCTCGGTATTGGA-1_V13B23-285_A1,1
TACGGAAGCCAAACCA-1_V13B23-285_A1,1
TACGGCATGGACGCTA-1_V13B23-285_A1,1
TACGGGATGCTAGCAG-1_V13B23-285_A1,3
TACGTAAAGCGGAGTG-1_V13B23-285_A1,1
TACGTACTAGTGCTGA-1_V13B23-285_A1,4
TACGTGCACTATGCTG-1_V13B23-285_A1,4
TACGTGGGCCCAGGGC-1_V13B23-285_A1,1
TACGTTTACCGGCAAT-1_V13B23-285_A1,4
TACTACGTGCAATGCG-1_V13B23-285_A1,1
TACTATGGTTCCTCAG-1_V13B23-285_A1,4
TACTCCTCTAGTTGAC-1_V13B23-285_A1,4
TACTCGGCACGCCGGG-1_V13B23-285_A1,4
TACTCTCCGAACAAAT-1_V13B23-285_A1,3
TACTCTTACTTTACTG-1_V13B23-285_A1,1
TACTCTTTCGTCTTCA-1_V13B23-285_A1,4
TACTGAACAGATTTAG-1_V13B23-285_A1,4
TACTGAGGGAAGAAAG-1_V13B23-285_A1,4
TACTGCAATCAATTAC-1_V13B23-285_A1,1
TACTGGACAGCTCGGC-1_V13B23-285_A1,4
TACTGTTTCTCTGGTA-1_V13B23-285_A1,1
TACTTAAACATGTACA-1_V13B23-285_A1,1
TACTTGTTAGTAGTCC-1_V13B23-285_A1,1
TACTTTACTGAGCCGG-1_V13B23-285_A1,1
TACTTTCCGCACGCCA-1_V13B23-285_A1,4
TAGAAACACAATAGTG-1_V13B23-285_A1,4
TAGAAAGGTGGCGCTA-1_V13B23-285_A1,4
TAGAAATTCACGTATA-1_V13B23-285_A1,4
TAGAATAGCCGATGAA-1_V13B23-285_A1,1
TAGACGAAACGCCAAT-1_V13B23-285_A1,1
TAGACGCCCGTACCGG-1_V13B23-285_A1,1
TAGACTACCTAGCGTT-1_V13B23-285_A1,1
TAGAGATCATGCAACT-1_V13B23-285_A1,4
TAGAGCTACGAAGAAC-1_V13B23-285_A1,1
TAGAGGTTCTACTTGT-1_V13B23-285_A1,1
TAGAGTCTAAGCGAAC-1_V13B23-285_A1,4
TAGATATGGACTGGAA-1_V13B23-285_A1,4
TAGATCCGAAGTCGCA-1_V13B23-285_A1,2
TAGATGGTTCCTTACT-1_V13B23-285_A1,1
TAGATTCCTGGTTATT-1_V13B23-285_A1,4
TAGCAACCTGTCACAA-1_V13B23-285_A1,1
TAGCAGTATGACTAAA-1_V13B23-285_A1,1
TAGCCAGAGGGTCCGG-1_V13B23-285_A1,1
TAGCCATTTCAAAGTC-1_V13B23-285_A1,1
TAGCCGGCGGTCAGCG-1_V13B23-285_A1,1
TAGCGTCCCTCGATTG-1_V13B23-285_A1,1
TAGCGTCCGGTGTGGT-1_V13B23-285_A1,1
TAGCGTCGAATATTGA-1_V13B23-285_A1,4
TAGCGTTGGGTCTTAC-1_V13B23-285_A1,4
TAGCTAAGTCCGGGAG-1_V13B23-285_A1,4
TAGCTAGAAGGCATGA-1_V13B23-285_A1,4
TAGCTAGTGATGATGG-1_V13B23-285_A1,1
TAGCTCGCCTGATAAC-1_V13B23-285_A1,4
TAGCTGATGTGAAGCG-1_V13B23-285_A1,4
TAGGCATGTTACGCCA-1_V13B23-285_A1,2
TAGGCCTATATAGTCT-1_V13B23-285_A1,1
TAGGCGATGAGGTCTC-1_V13B23-285_A1,1
TAGGCTAAAGTGGCAC-1_V13B23-285_A1,1
TAGGGAGCTTGGGATG-1_V13B23-285_A1,1
TAGGGTGTTTCAAGAG-1_V13B23-285_A1,4
TAGGTCCAAGTAAGGA-1_V13B23-285_A1,4
TAGGTCGCCGGAACTG-1_V13B23-285_A1,1
TAGGTGACGATAACCT-1_V13B23-285_A1,1
TAGGTGAGCCCTACTC-1_V13B23-285_A1,4
TAGGTGCTCGCCTAGC-1_V13B23-285_A1,1
TAGGTGTTCCACAGAT-1_V13B23-285_A1,4
TAGGTTCGAGTTCGTC-1_V13B23-285_A1,4
TAGTACCACAACTTTC-1_V13B23-285_A1,4
TAGTACCTTAGTGGTC-1_V13B23-285_A1,1
TAGTAGCTTATACCAG-1_V13B23-285_A1,4
TAGTCCCGGAGACCAC-1_V13B23-285_A1,4
TAGTCCGCAGAGAATG-1_V13B23-285_A1,4
TAGTCCGTATGCATAA-1_V13B23-285_A1,1
TAGTCGATCACGGGTT-1_V13B23-285_A1,1
TAGTCGGGATTCTTCG-1_V13B23-285_A1,1
TAGTCTAACAACGAGA-1_V13B23-285_A1,4
TAGTCTGTGACGTTGC-1_V13B23-285_A1,1
TAGTCTTTCCGAATTG-1_V13B23-285_A1,1
TAGTGAGAAGTGGTTG-1_V13B23-285_A1,1
TAGTGCCCTCCAGAGT-1_V13B23-285_A1,4
TAGTGCTTGAATCCTT-1_V13B23-285_A1,1
TAGTGTCAGAAACGGC-1_V13B23-285_A1,1
TAGTTAAGATAGGATA-1_V13B23-285_A1,2
TAGTTTATTCTTGCTT-1_V13B23-285_A1,1
TATAAATCCACAAGCT-1_V13B23-285_A1,4
TATAAGTGAGGATAGC-1_V13B23-285_A1,4
TATACACAGACGCCTT-1_V13B23-285_A1,4
TATACACGCAAAGTAT-1_V13B23-285_A1,1
TATACCGAGTGCCACA-1_V13B23-285_A1,1
TATACGCGTCATCACT-1_V13B23-285_A1,1
TATACTCATGCGGCAA-1_V13B23-285_A1,1
TATAGAGTCGCTTGAA-1_V13B23-285_A1,4
TATAGATGGTCGCAGT-1_V13B23-285_A1,1
TATAGCGCACGTTATC-1_V13B23-285_A1,4
TATAGGGTACTCATGA-1_V13B23-285_A1,4
TATATAGGGCTTTACG-1_V13B23-285_A1,4
TATATATCGAGAAATG-1_V13B23-285_A1,4
TATATCATTGATCAGT-1_V13B23-285_A1,4
TATATCCCTGGGAGGA-1_V13B23-285_A1,1
TATATGCTGGGTTGCC-1_V13B23-285_A1,4
TATATTCGCGTCGATA-1_V13B23-285_A1,2
TATCAAAGGTCTGTAA-1_V13B23-285_A1,4
TATCACAGCACGGGCA-1_V13B23-285_A1,2
TATCACCCAACCGACC-1_V13B23-285_A1,1
TATCACTTCGAGTAAC-1_V13B23-285_A1,2
TATCAGTGGCGTAGTC-1_V13B23-285_A1,4
TATCCAATTGGTTATC-1_V13B23-285_A1,1
TATCCATATCATGCGA-1_V13B23-285_A1,4
TATCCATCTCGGTTAG-1_V13B23-285_A1,4
TATCCGCACCGTCGGG-1_V13B23-285_A1,4
TATCCTATCAACTGGT-1_V13B23-285_A1,1
TATCCTGCATGGGAAT-1_V13B23-285_A1,1
TATCGATCTATGCATA-1_V13B23-285_A1,3
TATCGATGATTAAACG-1_V13B23-285_A1,4
TATCTACAGAGGTAAT-1_V13B23-285_A1,4
TATCTACCACAGCGGG-1_V13B23-285_A1,4
TATCTAGCCTAAAGGA-1_V13B23-285_A1,4
TATCTTGCAATACAAC-1_V13B23-285_A1,4
TATGAAGAATTAAGGT-1_V13B23-285_A1,1
TATGAAGACAGGTGCG-1_V13B23-285_A1,4
TATGACCTTGCGCTGG-1_V13B23-285_A1,4
TATGATCCGGCACGCC-1_V13B23-285_A1,1
TATGATCTTCTCTTTA-1_V13B23-285_A1,1
TATGATTCTGCTTGGT-1_V13B23-285_A1,1
TATGCTCCCTACTTAC-1_V13B23-285_A1,4
TATGGAGTTTCTCGTT-1_V13B23-285_A1,1
TATGGATGTGCTACGC-1_V13B23-285_A1,4
TATGGCAGACTTTCGA-1_V13B23-285_A1,2
TATGGCCCGGCCTCGC-1_V13B23-285_A1,4
TATGGGACCGAGCAGG-1_V13B23-285_A1,4
TATGGGTACGTATCGT-1_V13B23-285_A1,4
TATGGTCTGAGTAACA-1_V13B23-285_A1,4
TATGGTTAGTGGGAGA-1_V13B23-285_A1,1
TATGTAAAGTGCTTAA-1_V13B23-285_A1,4
TATGTCAAGACCGACT-1_V13B23-285_A1,1
TATGTCTCATTGTGCC-1_V13B23-285_A1,4
TATTAACACCAAAGCA-1_V13B23-285_A1,4
TATTAACCTGACCGCG-1_V13B23-285_A1,4
TATTACCATCCTGCTT-1_V13B23-285_A1,1
TATTATGTTTGCCTGC-1_V13B23-285_A1,1
TATTCAATTCTAATCC-1_V13B23-285_A1,4
TATTCCACTCAGCTCG-1_V13B23-285_A1,4
TATTCCGAGCTGTTAT-1_V13B23-285_A1,1
TATTCCGGCAGTCCTA-1_V13B23-285_A1,2
TATTCCTCCGCCCACT-1_V13B23-285_A1,4
TATTCGTGCCAGAATA-1_V13B23-285_A1,4
TATTGACATTTCTGCC-1_V13B23-285_A1,1
TATTGCCGGGCTTGTA-1_V13B23-285_A1,1
TATTTAGTCTAGATCG-1_V13B23-285_A1,4
TATTTATACCGAGTAG-1_V13B23-285_A1,1
TATTTGATTTGCACAG-1_V13B23-285_A1,1
TATTTGTTACCCTTTA-1_V13B23-285_A1,4
TCAAACAACCGCGTCG-1_V13B23-285_A1,4
TCAAACTTAGATTGTT-1_V13B23-285_A1,4
TCAAAGAGCTATCTGT-1_V13B23-285_A1,4
TCAAATTGTTGTGCCG-1_V13B23-285_A1,1
TCAAATTTGAGACTCA-1_V13B23-285_A1,1
TCAACAAAGATAATTC-1_V13B23-285_A1,4
TCAACACATTGGGTAA-1_V13B23-285_A1,1
TCAACATAGCGCCCTA-1_V13B23-285_A1,4
TCAACATCGACCGAGA-1_V13B23-285_A1,4
TCAACCATGTTCGGGC-1_V13B23-285_A1,4
TCAACGAGGAGACAAA-1_V13B23-285_A1,4
TCAACGCAGGAAATAA-1_V13B23-285_A1,4
TCAACGCGACCGGCAG-1_V13B23-285_A1,4
TCAACTAACGTATAAC-1_V13B23-285_A1,4
TCAACTGCAGAGTCAG-1_V13B23-285_A1,1
TCAAGAAATACTAGCT-1_V13B23-285_A1,1
TCAAGCGCGGACGGTA-1_V13B23-285_A1,1
TCAAGGTTACTACACC-1_V13B23-285_A1,1
TCAATACAATTGCTGC-1_V13B23-285_A1,4
TCAATACGCCGTCATG-1_V13B23-285_A1,1
TCACAAACCGAGGTAC-1_V13B23-285_A1,1
TCACAGATCCTCAAAC-1_V13B23-285_A1,1
TCACAGCAAACTCGAA-1_V13B23-285_A1,4
TCACAGGAGAATAAGA-1_V13B23-285_A1,4
TCACAGGGAATCGCAA-1_V13B23-285_A1,4
TCACAGGTTATTGGGC-1_V13B23-285_A1,4
TCACATCTTATCTGAT-1_V13B23-285_A1,4
TCACCCTCTTAAGATT-1_V13B23-285_A1,4
TCACCGCTCGGCACTC-1_V13B23-285_A1,1
TCACGATGTCCGTGGA-1_V13B23-285_A1,4
TCACGCATTGTAGATC-1_V13B23-285_A1,4
TCACGGTCATCGCACA-1_V13B23-285_A1,4
TCACGTGCCCGATTCA-1_V13B23-285_A1,4
TCACTACGACCAATGC-1_V13B23-285_A1,2
TCACTATCCCTTCGGT-1_V13B23-285_A1,1
TCACTATCGTGCAATC-1_V13B23-285_A1,1
TCACTCAGCGCATTAG-1_V13B23-285_A1,2
TCACTCGTGCAACGGC-1_V13B23-285_A1,1
TCACTCTTCGTCTGTC-1_V13B23-285_A1,1
TCAGAACCTCCACAGG-1_V13B23-285_A1,1
TCAGACGCTATAGAAG-1_V13B23-285_A1,4
TCAGCAAATGCATCTC-1_V13B23-285_A1,4
TCAGCAGTAGGCCCTG-1_V13B23-285_A1,4
TCAGCCAATCCGTAAA-1_V13B23-285_A1,1
TCAGGGCGACTTCCTT-1_V13B23-285_A1,4
TCAGGGCGCAAACTCG-1_V13B23-285_A1,4
TCAGGGTGTAACGTAA-1_V13B23-285_A1,1
TCAGGTTCTTTGAGAA-1_V13B23-285_A1,4
TCAGTACTGACCCGCG-1_V13B23-285_A1,4
TCAGTAGGGACTATAA-1_V13B23-285_A1,3
TCAGTGTATACGTCAT-1_V13B23-285_A1,4
TCATACTTACAGATCC-1_V13B23-285_A1,1
TCATATGAGCTTTGTT-1_V13B23-285_A1,1
TCATCACTCGAGCTCG-1_V13B23-285_A1,1
TCATCCTCAGCTGCTT-1_V13B23-285_A1,1
TCATCGACGACCGTCG-1_V13B23-285_A1,1
TCATCGATGGTCCCAA-1_V13B23-285_A1,4
TCATGCAGGTTCTCAT-1_V13B23-285_A1,1
TCATTTAAGTCTCCGA-1_V13B23-285_A1,1
TCATTTAGAAGTGTGA-1_V13B23-285_A1,1
TCCAACTCAGCTATCT-1_V13B23-285_A1,1
TCCAACTTTAAATTCT-1_V13B23-285_A1,3
TCCAAGCCTAGACACA-1_V13B23-285_A1,1
TCCAATAAAGGCTACC-1_V13B23-285_A1,1
TCCACAATGGTTTACG-1_V13B23-285_A1,4
TCCACATCGTATATTG-1_V13B23-285_A1,1
TCCACCAAGACATAGG-1_V13B23-285_A1,1
TCCACCTCTAGCCTTT-1_V13B23-285_A1,1
TCCACTTTATCTAGGT-1_V13B23-285_A1,4
TCCAGAGCACCGGTTC-1_V13B23-285_A1,4
TCCAGATGTACGCCAA-1_V13B23-285_A1,1
TCCAGCGCTATAAGCG-1_V13B23-285_A1,1
TCCAGGCGAGTACGGT-1_V13B23-285_A1,4
TCCAGGGTATATACGA-1_V13B23-285_A1,4
TCCATTAGTTGGATAG-1_V13B23-285_A1,1
TCCATTGTGACCTCGT-1_V13B23-285_A1,2
TCCCAAACAGACAACG-1_V13B23-285_A1,2
TCCCAAAGACGAAGGA-1_V13B23-285_A1,3
TCCCAAAGCCCTAAAT-1_V13B23-285_A1,1
TCCCACTCTCTTCCGG-1_V13B23-285_A1,1
TCCCAGCTTTAGTCTG-1_V13B23-285_A1,4
TCCCAGGCTTAGCTAA-1_V13B23-285_A1,4
TCCCGCCTATGTGCGT-1_V13B23-285_A1,1
TCCCGCGTACTCCTGG-1_V13B23-285_A1,4
TCCCGGGTGTGCTGCT-1_V13B23-285_A1,4
TCCCGGTCAGGAATTT-1_V13B23-285_A1,1
TCCCGTCAGTCCCGCA-1_V13B23-285_A1,4
TCCCGTCGCGTCATAG-1_V13B23-285_A1,1
TCCCGTGTGCAATTTG-1_V13B23-285_A1,4
TCCCTAGATCAATAGG-1_V13B23-285_A1,1
TCCCTCCGAAATCGTT-1_V13B23-285_A1,2
TCCCTCTTCTCAAGGG-1_V13B23-285_A1,1
TCCCTGGCGTATTAAC-1_V13B23-285_A1,4
TCCCTGGCTCGCTGGA-1_V13B23-285_A1,4
TCCCTTAGATTACTCG-1_V13B23-285_A1,1
TCCCTTGTCTGAAACT-1_V13B23-285_A1,1
TCCGAACGTTGCCGCT-1_V13B23-285_A1,1
TCCGAACTTGGCTTAC-1_V13B23-285_A1,4
TCCGAATGGTCCTGAG-1_V13B23-285_A1,1
TCCGAGAAGGCTAAGC-1_V13B23-285_A1,1
TCCGATAATTGCCATA-1_V13B23-285_A1,4
TCCGATGACTGAGCTC-1_V13B23-285_A1,4
TCCGATGGTGCGACAT-1_V13B23-285_A1,4
TCCGATTACATTGCCG-1_V13B23-285_A1,4
TCCGCAGCCACCTAGC-1_V13B23-285_A1,1
TCCGCCTGTCTACAAG-1_V13B23-285_A1,1
TCCGCGGCAGCATCTG-1_V13B23-285_A1,1
TCCGCGGCCCAATGAA-1_V13B23-285_A1,1
TCCGCTGTCATCCCGG-1_V13B23-285_A1,4
TCCGCTTATCCCATTA-1_V13B23-285_A1,4
TCCGGCCTAGCGTACA-1_V13B23-285_A1,1
TCCGGGCTTGACGGGA-1_V13B23-285_A1,1
TCCGGTTCGTCCGGTC-1_V13B23-285_A1,4
TCCGTAACCACAATCC-1_V13B23-285_A1,1
TCCGTTAAGCTAATAT-1_V13B23-285_A1,1
TCCGTTTAGCCTTGAA-1_V13B23-285_A1,1
TCCTAAAGATTCAGAC-1_V13B23-285_A1,1
TCCTAAATTGGGAAGC-1_V13B23-285_A1,1
TCCTAACCGTCGGGCA-1_V13B23-285_A1,4
TCCTACATCCACGGCC-1_V13B23-285_A1,4
TCCTAGCAAAGAAGCT-1_V13B23-285_A1,4
TCCTATCATAGGTAAC-1_V13B23-285_A1,1
TCCTCCTAAGACATTC-1_V13B23-285_A1,4
TCCTCGGGCTGGGCTT-1_V13B23-285_A1,4
TCCTCTACGAGATGGC-1_V13B23-285_A1,4
TCCTCTCCAGTTGTCC-1_V13B23-285_A1,4
TCCTCTGGCCCATTAG-1_V13B23-285_A1,2
TCCTGCCAACTGGAGA-1_V13B23-285_A1,2
TCCTGCGTTGATACTC-1_V13B23-285_A1,4
TCCTTACGACGGTCCG-1_V13B23-285_A1,1
TCCTTCAATCCCTACG-1_V13B23-285_A1,4
TCCTTCAGTGGTCGAA-1_V13B23-285_A1,1
TCCTTGTCCTTTAATT-1_V13B23-285_A1,1
TCCTTTAAATCCGCTT-1_V13B23-285_A1,1
TCCTTTCTTACGCTTA-1_V13B23-285_A1,4
TCGAAATTTAGGACCA-1_V13B23-285_A1,4
TCGAAGAACCGAGCAC-1_V13B23-285_A1,1
TCGAATATCCCGCAGG-1_V13B23-285_A1,4
TCGACAACTGAACCCG-1_V13B23-285_A1,1
TCGAGACCAACACCGT-1_V13B23-285_A1,4
TCGAGCCAGGCAGGCC-1_V13B23-285_A1,4
TCGAGGGCAACAGACG-1_V13B23-285_A1,1
TCGAGTCTACGATTCG-1_V13B23-285_A1,4
TCGATAGGCTAGTCGC-1_V13B23-285_A1,1
TCGCAAAGATGCATTT-1_V13B23-285_A1,4
TCGCACCAGGAGGCAG-1_V13B23-285_A1,1
TCGCACTAACGTTTGT-1_V13B23-285_A1,1
TCGCATAAAGGGCGCA-1_V13B23-285_A1,1
TCGCATCCCTAAGTGT-1_V13B23-285_A1,1
TCGCATTCAATGACTT-1_V13B23-285_A1,1
TCGCCCACTGCGAGAG-1_V13B23-285_A1,4
TCGCCGAAGTTGCGTC-1_V13B23-285_A1,4
TCGCCGACATATTCGC-1_V13B23-285_A1,1
TCGCCGCACCGCGTGA-1_V13B23-285_A1,4
TCGCCGGATGGGCAAG-1_V13B23-285_A1,4
TCGCCGGTCGATCCGT-1_V13B23-285_A1,4
TCGCCTCGACCTGTTG-1_V13B23-285_A1,1
TCGCGTCCAGAAGGTC-1_V13B23-285_A1,4
TCGCTAAACCGCTATC-1_V13B23-285_A1,1
TCGCTACTGGCTTTGA-1_V13B23-285_A1,1
TCGCTCGATATATTCC-1_V13B23-285_A1,4
TCGCTCGGCACCAGCG-1_V13B23-285_A1,1
TCGCTGCCAATGCTGT-1_V13B23-285_A1,1
TCGCTGGGCGGATTGT-1_V13B23-285_A1,1
TCGCTGTGCGTAAATC-1_V13B23-285_A1,1
TCGCTTTAAACGTTTG-1_V13B23-285_A1,3
TCGGAATGCGCTCTGA-1_V13B23-285_A1,4
TCGGACGCCCAGCCCA-1_V13B23-285_A1,4
TCGGAGAGTATCGGGA-1_V13B23-285_A1,4
TCGGAGTACATGAGTA-1_V13B23-285_A1,4
TCGGCGAACCCAAACC-1_V13B23-285_A1,1
TCGGCGTACTGCACAA-1_V13B23-285_A1,4
TCGGCTTGTATCGACG-1_V13B23-285_A1,1
TCGGGAACGTGCCTAG-1_V13B23-285_A1,1
TCGGGAGACAGCGTAC-1_V13B23-285_A1,1
TCGGGATTCAAACATA-1_V13B23-285_A1,4
TCGGGCACTTCTGGAT-1_V13B23-285_A1,2
TCGGGCCGTCGTGGTA-1_V13B23-285_A1,1
TCGGGTGAAACTGCTA-1_V13B23-285_A1,1
TCGGTCCCGACAATAG-1_V13B23-285_A1,4
TCGTAAGACGACATTG-1_V13B23-285_A1,4
TCGTACCGACGTCAAG-1_V13B23-285_A1,4
TCGTATAGTGCAATTA-1_V13B23-285_A1,1
TCGTATTACCCATTGC-1_V13B23-285_A1,4
TCGTCAAGTACGCGCA-1_V13B23-285_A1,4
TCGTCACACTGTTAGC-1_V13B23-285_A1,4
TCGTCCGCTGGCGTCT-1_V13B23-285_A1,4
TCGTCTTAGGCGTTAA-1_V13B23-285_A1,1
TCGTGTACTATGGATG-1_V13B23-285_A1,4
TCGTGTATTGGTCACG-1_V13B23-285_A1,1
TCGTGTCACGCTGACA-1_V13B23-285_A1,4
TCGTGTTCGACCACAA-1_V13B23-285_A1,1
TCGTTAGGAGTCCCTA-1_V13B23-285_A1,4
TCGTTCGTTATTATGT-1_V13B23-285_A1,1
TCGTTGACAGGGTCCC-1_V13B23-285_A1,4
TCGTTGCTATCCGGTC-1_V13B23-285_A1,4
TCGTTGGCTCGTCAAT-1_V13B23-285_A1,1
TCGTTTACGCGACCCT-1_V13B23-285_A1,1
TCTAAAGAACAGTCTC-1_V13B23-285_A1,4
TCTAACCTAGCCTGCG-1_V13B23-285_A1,1
TCTAACTGTATGTAAA-1_V13B23-285_A1,4
TCTAATACTGCCTCAG-1_V13B23-285_A1,4
TCTACCCAATAGAGAG-1_V13B23-285_A1,1
TCTACCGTCCACAAGC-1_V13B23-285_A1,4
TCTAGCAATCTCCGCC-1_V13B23-285_A1,4
TCTAGCATCTTCGATG-1_V13B23-285_A1,4
TCTAGCATGCCCAGAA-1_V13B23-285_A1,4
TCTAGGTGGCGACGCT-1_V13B23-285_A1,1
TCTAGTGATATCGTGG-1_V13B23-285_A1,1
TCTAGTTATCAGAAGA-1_V13B23-285_A1,4
TCTATAGGTGGGTAAT-1_V13B23-285_A1,1
TCTATCATGCAGTTAC-1_V13B23-285_A1,1
TCTATCGGTCGCAACA-1_V13B23-285_A1,4
TCTATGCTATAACGAC-1_V13B23-285_A1,1
TCTATTACGCTGGCGA-1_V13B23-285_A1,1
TCTATTACTAGAGGAT-1_V13B23-285_A1,4
TCTCATGAGATAGGGT-1_V13B23-285_A1,1
TCTCCAACGTAGGTTA-1_V13B23-285_A1,3
TCTCCACAAGTTGAAT-1_V13B23-285_A1,1
TCTCCCTGGGCAGCGT-1_V13B23-285_A1,1
TCTCGAACGAGGTCAC-1_V13B23-285_A1,2
TCTCGACGTATCGCCG-1_V13B23-285_A1,1
TCTCGAGGAGGTTCGC-1_V13B23-285_A1,1
TCTCGGCTCCAGGACT-1_V13B23-285_A1,1
TCTCGTGTTACGAGGA-1_V13B23-285_A1,4
TCTCTAATAGCTGGTA-1_V13B23-285_A1,4
TCTCTCGCCGCACATA-1_V13B23-285_A1,1
TCTCTTACCGCGAACC-1_V13B23-285_A1,4
TCTGAACCGGTCGGCT-1_V13B23-285_A1,1
TCTGAACTCGTACCCG-1_V13B23-285_A1,1
TCTGAAGCACGTGGTC-1_V13B23-285_A1,1
TCTGAATTCCGTACAA-1_V13B23-285_A1,1
TCTGACGGGCTAACCC-1_V13B23-285_A1,1
TCTGACTGTAATGGTT-1_V13B23-285_A1,1
TCTGAGCAATTGACTG-1_V13B23-285_A1,1
TCTGATCGGGTGCTAG-1_V13B23-285_A1,1
TCTGATGTATTCTGTC-1_V13B23-285_A1,1
TCTGATTGGAAATGGA-1_V13B23-285_A1,1
TCTGCAGATTCGAGTC-1_V13B23-285_A1,4
TCTGCATACCTTGCTT-1_V13B23-285_A1,1
TCTGCCAGAAACTGCA-1_V13B23-285_A1,4
TCTGCGTCCGGTTTCT-1_V13B23-285_A1,1
TCTGGCCGTTCAAGTT-1_V13B23-285_A1,1
TCTGGCGCAAGCCGGG-1_V13B23-285_A1,4
TCTGGGAACCTTTGAA-1_V13B23-285_A1,1
TCTGGGTAGCGCTCAT-1_V13B23-285_A1,4
TCTGTCATACAAGAGC-1_V13B23-285_A1,1
TCTGTGACTGACCGTT-1_V13B23-285_A1,2
TCTGTGCCATCATAGT-1_V13B23-285_A1,4
TCTGTGGCTACATTTC-1_V13B23-285_A1,2
TCTGTTACCCAGCATA-1_V13B23-285_A1,4
TCTTAACTCGGATGTA-1_V13B23-285_A1,4
TCTTACAGAGGTACCG-1_V13B23-285_A1,1
TCTTACCGGAACTCGT-1_V13B23-285_A1,1
TCTTACGGCATCCGAC-1_V13B23-285_A1,4
TCTTACTTATGCCTCT-1_V13B23-285_A1,1
TCTTAGAGCTCCAATT-1_V13B23-285_A1,1
TCTTAGAGTGAACTCT-1_V13B23-285_A1,1
TCTTCCCATGGGCACA-1_V13B23-285_A1,1
TCTTCGAATAGACGTT-1_V13B23-285_A1,4
TCTTCGATACCAATAA-1_V13B23-285_A1,4
TCTTCGCGGTGAGAGG-1_V13B23-285_A1,1
TCTTCTATAACCCGCC-1_V13B23-285_A1,1
TCTTGATGCGTAGCGA-1_V13B23-285_A1,4
TCTTGCTCCCGATACT-1_V13B23-285_A1,1
TCTTGGTAACACCAAA-1_V13B23-285_A1,4
TCTTTAAGACTATGAA-1_V13B23-285_A1,1
TCTTTAGAGTCTAACA-1_V13B23-285_A1,1
TCTTTAGCAGGCGAAC-1_V13B23-285_A1,1
TCTTTCCTTCGAGATA-1_V13B23-285_A1,1
TGAAACCTCAACTCAC-1_V13B23-285_A1,2
TGAAACTTATGCAAGC-1_V13B23-285_A1,2
TGAAAGGACCTGACTC-1_V13B23-285_A1,4
TGAACTGCTATGACTT-1_V13B23-285_A1,4
TGAAGAGCGGTCCTAG-1_V13B23-285_A1,1
TGAAGTAGCTTACGGA-1_V13B23-285_A1,4
TGAATACCGACGCGTA-1_V13B23-285_A1,1
TGAATGAGTGTTTCCC-1_V13B23-285_A1,4
TGAATGTCAGCCGGCC-1_V13B23-285_A1,1
TGAATTTCACTTGCCT-1_V13B23-285_A1,4
TGACAACGCATGTCGC-1_V13B23-285_A1,1
TGACAGGACAAGTCCA-1_V13B23-285_A1,4
TGACATATATGACGAT-1_V13B23-285_A1,4
TGACATCGAGCGGACC-1_V13B23-285_A1,1
TGACATGTAACGTGAC-1_V13B23-285_A1,1
TGACCAAATCTTAAAC-1_V13B23-285_A1,1
TGACCCAACTCACATT-1_V13B23-285_A1,2
TGACCCACGTTAGACA-1_V13B23-285_A1,4
TGACGAATATTTCCCT-1_V13B23-285_A1,4
TGACGATGCACTAGAA-1_V13B23-285_A1,1
TGACTATAATCCTTTC-1_V13B23-285_A1,4
TGACTCCGAATCATAC-1_V13B23-285_A1,4
TGAGAATGCTTTACCG-1_V13B23-285_A1,4
TGAGACGTACCTCTCA-1_V13B23-285_A1,4
TGAGAGATTTACCACG-1_V13B23-285_A1,1
TGAGATCAAATACTCA-1_V13B23-285_A1,2
TGAGATTAGGCCCTAA-1_V13B23-285_A1,1
TGAGCAGTCGTGAAGT-1_V13B23-285_A1,1
TGAGCCATACAGTCTC-1_V13B23-285_A1,4
TGAGCGGAAAGTGTTC-1_V13B23-285_A1,1
TGAGCTTTAATGACGC-1_V13B23-285_A1,1
TGAGGAGTGCCAGCTT-1_V13B23-285_A1,4
TGAGGCATGTACTGTG-1_V13B23-285_A1,1
TGAGGTTGATCCCAAG-1_V13B23-285_A1,2
TGAGTAAATTAGCGTA-1_V13B23-285_A1,4
TGAGTGCCTCTTAAAT-1_V13B23-285_A1,4
TGAGTGGTCCGTGACG-1_V13B23-285_A1,4
TGAGTTAAAGACATTC-1_V13B23-285_A1,1
TGATACATTTAGCCGT-1_V13B23-285_A1,4
TGATAGCGGGATTCTA-1_V13B23-285_A1,4
TGATCAGGGAACTGCT-1_V13B23-285_A1,4
TGATCCCAGCATTAGT-1_V13B23-285_A1,1
TGATCGGTTTGACCCT-1_V13B23-285_A1,4
TGATCTACGCTGATCT-1_V13B23-285_A1,2
TGATCTCCGGCGCCAG-1_V13B23-285_A1,4
TGATGGCTGTTTCTGA-1_V13B23-285_A1,1
TGATGGGACTAAGTCA-1_V13B23-285_A1,1
TGATGTCAATTAAGTG-1_V13B23-285_A1,1
TGATTCAGGTCCCGCG-1_V13B23-285_A1,4
TGATTCCCGGTTACCT-1_V13B23-285_A1,4
TGATTCGTCTATCACT-1_V13B23-285_A1,4
TGATTCTGTCGCCGGT-1_V13B23-285_A1,4
TGATTTATTAGCTGTG-1_V13B23-285_A1,4
TGATTTCCTCCTGACG-1_V13B23-285_A1,1
TGCAAACCCACATCAA-1_V13B23-285_A1,2
TGCAACCCATCTGCGG-1_V13B23-285_A1,1
TGCAACTACTGGTTGA-1_V13B23-285_A1,1
TGCAAGAATGACGTAA-1_V13B23-285_A1,4
TGCAATCTAACACGGT-1_V13B23-285_A1,1
TGCACGAGTCGGCAGC-1_V13B23-285_A1,2
TGCACTATGTGAGTGC-1_V13B23-285_A1,1
TGCAGAACTATATCGT-1_V13B23-285_A1,4
TGCAGAGTACCGAGCA-1_V13B23-285_A1,4
TGCAGATCGTCCTAGG-1_V13B23-285_A1,4
TGCAGCTACGTACTTC-1_V13B23-285_A1,4
TGCAGGATCGGCAAAG-1_V13B23-285_A1,4
TGCAGTTTCCTCCCAT-1_V13B23-285_A1,1
TGCATATGTCTGTCAC-1_V13B23-285_A1,1
TGCATGGATCGGATCT-1_V13B23-285_A1,4
TGCATGTGGTAATCTA-1_V13B23-285_A1,4
TGCCAAAGTCAGACTT-1_V13B23-285_A1,4
TGCCAATGGGTACTCT-1_V13B23-285_A1,4
TGCCACACTAGAGGAA-1_V13B23-285_A1,4
TGCCACCTGGCGAAAC-1_V13B23-285_A1,4
TGCCAGTACGTGGAGA-1_V13B23-285_A1,1
TGCCATTACTAAAGAA-1_V13B23-285_A1,1
TGCCCGTACCGTTAAA-1_V13B23-285_A1,4
TGCCGAAAGCGTATTC-1_V13B23-285_A1,1
TGCCGGATGTACGAGC-1_V13B23-285_A1,4
TGCCGTGGATCGTCCT-1_V13B23-285_A1,4
TGCCGTGGGACCCAAT-1_V13B23-285_A1,1
TGCCGTTCTTAATCGG-1_V13B23-285_A1,4
TGCCTAATTGAAGATT-1_V13B23-285_A1,1
TGCCTGACATCGGTCA-1_V13B23-285_A1,1
TGCCTGATCAAACGAT-1_V13B23-285_A1,4
TGCCTTGGCCAGGCAA-1_V13B23-285_A1,1
TGCGAATATGGGATTT-1_V13B23-285_A1,4
TGCGACACCCTAGTGC-1_V13B23-285_A1,3
TGCGACGGCCGAACGT-1_V13B23-285_A1,4
TGCGAGAATATTACCC-1_V13B23-285_A1,4
TGCGATGCTAATGGCT-1_V13B23-285_A1,4
TGCGCAAAGCATTTGG-1_V13B23-285_A1,4
TGCGCCGTTAATAACG-1_V13B23-285_A1,1
TGCGCGATTAACGGAG-1_V13B23-285_A1,4
TGCGGACTTGACTCCG-1_V13B23-285_A1,1
TGCGGAGTAAAGGTGC-1_V13B23-285_A1,4
TGCGGCATAGTTCAAC-1_V13B23-285_A1,1
TGCGGTGAAATTTCAT-1_V13B23-285_A1,2
TGCGTAAGAACCTGAT-1_V13B23-285_A1,4
TGCGTACGGCTAATTG-1_V13B23-285_A1,1
TGCGTCATGACTGAGC-1_V13B23-285_A1,4
TGCGTGATTGGGTGTC-1_V13B23-285_A1,1
TGCGTTTGTTGACACT-1_V13B23-285_A1,4
TGCTAAGTGTCTATTT-1_V13B23-285_A1,1
TGCTATACAAACGGAC-1_V13B23-285_A1,2
TGCTCCACAGTTCTTA-1_V13B23-285_A1,1
TGCTCGGCGAAACCCA-1_V13B23-285_A1,4
TGCTCGGTGGGTCACC-1_V13B23-285_A1,1
TGCTCTTGAGAGTTTG-1_V13B23-285_A1,1
TGCTGGTTGGACAATT-1_V13B23-285_A1,4
TGCTGTTGAAGAACTC-1_V13B23-285_A1,4
TGCTTAGAGAGAATGC-1_V13B23-285_A1,4
TGCTTCCCAAGCAGTA-1_V13B23-285_A1,4
TGCTTGAAACCATGCA-1_V13B23-285_A1,1
TGGAAACGGAGTGAAC-1_V13B23-285_A1,1
TGGAACCACTGACACA-1_V13B23-285_A1,1
TGGAAGAAGGGAACGT-1_V13B23-285_A1,4
TGGAAGACGAACACCA-1_V13B23-285_A1,1
TGGAAGGATAAAGATG-1_V13B23-285_A1,4
TGGAATATCCTTGACC-1_V13B23-285_A1,1
TGGAATTAGACGCTTT-1_V13B23-285_A1,4
TGGACACCGTTGCTTG-1_V13B23-285_A1,4
TGGACCAATCTAAGAT-1_V13B23-285_A1,1
TGGACCACGGCGTTGA-1_V13B23-285_A1,1
TGGACGCAATCCAGCC-1_V13B23-285_A1,4
TGGACGTAGGCGAATC-1_V13B23-285_A1,1
TGGACTGTTCGCTCAA-1_V13B23-285_A1,4
TGGAGCTAAAGTTCCC-1_V13B23-285_A1,2
TGGAGGGAAACACCTC-1_V13B23-285_A1,2
TGGAGTGATGCGATGA-1_V13B23-285_A1,4
TGGATAGAGTAACAGA-1_V13B23-285_A1,1
TGGCAAACTAAATTAC-1_V13B23-285_A1,1
TGGCAACTCGCGCGCC-1_V13B23-285_A1,3
TGGCAAGCACAAGTCG-1_V13B23-285_A1,1
TGGCAATGGGACGGCG-1_V13B23-285_A1,1
TGGCAGATTACGATCA-1_V13B23-285_A1,4
TGGCAGCAGTAATAGT-1_V13B23-285_A1,4
TGGCATGAAGTTTGGG-1_V13B23-285_A1,1
TGGCCAAACTGAAGTA-1_V13B23-285_A1,1
TGGCCAATTTGGTACT-1_V13B23-285_A1,4
TGGCCGTATATTGACC-1_V13B23-285_A1,4
TGGCGACTGCTCCAAA-1_V13B23-285_A1,4
TGGCGATCAAGTTATG-1_V13B23-285_A1,4
TGGCGGTGTGCGATTG-1_V13B23-285_A1,1
TGGCTACACTCTACCT-1_V13B23-285_A1,1
TGGCTATGTGACATAC-1_V13B23-285_A1,1
TGGCTCTTGTCGCGTA-1_V13B23-285_A1,4
TGGCTTATGTATAATG-1_V13B23-285_A1,4
TGGCTTTGGGTAGACA-1_V13B23-285_A1,4
TGGGAAATGCCTTTCC-1_V13B23-285_A1,4
TGGGACCATTGGGAGT-1_V13B23-285_A1,2
TGGGCAATAGTTGGGT-1_V13B23-285_A1,1
TGGGCACAAACAGAAC-1_V13B23-285_A1,1
TGGGCACGTTCTATGG-1_V13B23-285_A1,1
TGGGCAGGCCACCGCA-1_V13B23-285_A1,1
TGGGCCACAAGAGCGC-1_V13B23-285_A1,1
TGGGCCCATACTAATT-1_V13B23-285_A1,1
TGGGCCTTGCCTGCAT-1_V13B23-285_A1,1
TGGGCGATACAATAAG-1_V13B23-285_A1,1
TGGGTAAGGTTCCCGC-1_V13B23-285_A1,2
TGGGTGCACAAGCCAT-1_V13B23-285_A1,1
TGGGTGTAATAGATTT-1_V13B23-285_A1,1
TGGGTTCCCGGACGGA-1_V13B23-285_A1,4
TGGTAAGCAGGATTGA-1_V13B23-285_A1,4
TGGTAGAATATATGGG-1_V13B23-285_A1,1
TGGTATCGCATCCCAA-1_V13B23-285_A1,2
TGGTATCGGTCTGTAT-1_V13B23-285_A1,2
TGGTCCCACGCTACGG-1_V13B23-285_A1,1
TGGTCGTGCAAGGCAA-1_V13B23-285_A1,4
TGGTCTAGCTTACATG-1_V13B23-285_A1,4
TGGTCTGTTGGGCGTA-1_V13B23-285_A1,4
TGGTGATCGTATTTGT-1_V13B23-285_A1,4
TGGTTAACTTACATTT-1_V13B23-285_A1,1
TGGTTAAGGGCGCTGG-1_V13B23-285_A1,1
TGGTTATGCTTGCGGT-1_V13B23-285_A1,4
TGGTTCAACGGGTAAT-1_V13B23-285_A1,1
TGGTTCGTAGCAAAGG-1_V13B23-285_A1,4
TGGTTGGAGGATCCTG-1_V13B23-285_A1,2
TGGTTTAAACGTGGGT-1_V13B23-285_A1,1
TGTAACTTGTCAACCT-1_V13B23-285_A1,1
TGTAATGACCACAATA-1_V13B23-285_A1,4
TGTACCTACACGAGGG-1_V13B23-285_A1,1
TGTACGAACAAATCCG-1_V13B23-285_A1,4
TGTACTACTCTCACGG-1_V13B23-285_A1,2
TGTACTGTGCCAAAGT-1_V13B23-285_A1,1
TGTAGCCAATTCCGTT-1_V13B23-285_A1,1
TGTAGCCATCCCATTC-1_V13B23-285_A1,1
TGTAGGAGAAATTTCC-1_V13B23-285_A1,1
TGTAGTGATCTATAAT-1_V13B23-285_A1,4
TGTATAACAGATCCTG-1_V13B23-285_A1,4
TGTATACGGATGATGA-1_V13B23-285_A1,1
TGTATCCTTATTCCAT-1_V13B23-285_A1,1
TGTATGGCGCAGACAG-1_V13B23-285_A1,1
TGTCATTTGTTGGGAA-1_V13B23-285_A1,2
TGTCCACGGCTCAACT-1_V13B23-285_A1,1
TGTCCCGACATAGCAC-1_V13B23-285_A1,1
TGTCCGTGGCGCCTTT-1_V13B23-285_A1,4
TGTCCTAAGTCACCGC-1_V13B23-285_A1,4
TGTCGGCATGGTGGAA-1_V13B23-285_A1,1
TGTCGTTATCACATAT-1_V13B23-285_A1,4
TGTCTACAGTTTCTGT-1_V13B23-285_A1,1
TGTGACTACGCCAGTC-1_V13B23-285_A1,4
TGTGACTAGAGTTTGC-1_V13B23-285_A1,1
TGTGAGACTAGCCCAA-1_V13B23-285_A1,4
TGTGCCAGAGGCAAAG-1_V13B23-285_A1,4
TGTGCCGGTGCCGGAA-1_V13B23-285_A1,1
TGTGCTTTACGTAAGA-1_V13B23-285_A1,4
TGTGGAGGAAGCTTAA-1_V13B23-285_A1,2
TGTGGCAAAGCGTATG-1_V13B23-285_A1,1
TGTGGCGGGCTTCTGG-1_V13B23-285_A1,4
TGTGGCTCCCACCAAC-1_V13B23-285_A1,1
TGTGGTTGCTAAAGCT-1_V13B23-285_A1,4
TGTGTAGTAGCACGTG-1_V13B23-285_A1,1
TGTGTCGAAGTCGAGG-1_V13B23-285_A1,4
TGTGTCGCGAGTTGCA-1_V13B23-285_A1,4
TGTGTGACCATGAATC-1_V13B23-285_A1,4
TGTGTTCGTATCCAAG-1_V13B23-285_A1,4
TGTTATTGTATGTGGC-1_V13B23-285_A1,4
TGTTCATAAATGTGCT-1_V13B23-285_A1,4
TGTTCCGCTTCCATGA-1_V13B23-285_A1,4
TGTTCCGGCCTGAGCT-1_V13B23-285_A1,1
TGTTCGTATTGCGGTG-1_V13B23-285_A1,4
TGTTCTTCCATTGACT-1_V13B23-285_A1,4
TGTTGCCGTCGTCCCA-1_V13B23-285_A1,1
TGTTGTCAAGAAGTCT-1_V13B23-285_A1,4
TGTTTAATACTTCATC-1_V13B23-285_A1,2
TGTTTCGGTACTTCTC-1_V13B23-285_A1,4
TGTTTGAGATCGTCAG-1_V13B23-285_A1,1
TTAAACAGAGTCCCGC-1_V13B23-285_A1,1
TTAAACCGGTAGCGAC-1_V13B23-285_A1,1
TTAAACCTGGTTCCTT-1_V13B23-285_A1,4
TTAAACTCGAATTCAT-1_V13B23-285_A1,1
TTAAAGTAAGTCGCCA-1_V13B23-285_A1,1
TTAACACCTCGAACAT-1_V13B23-285_A1,4
TTAACCAACCCTCCCT-1_V13B23-285_A1,4
TTAACGAACAAGCAGT-1_V13B23-285_A1,2
TTAACGTCGCAAGACC-1_V13B23-285_A1,1
TTAACGTTAAAGCCTG-1_V13B23-285_A1,4
TTAACTCACGCGTGGA-1_V13B23-285_A1,4
TTAACTTCAGGTAGGA-1_V13B23-285_A1,4
TTAAGATAGGATTGAC-1_V13B23-285_A1,1
TTAAGCCGACAACTTC-1_V13B23-285_A1,2
TTAAGCGCCTGACCCA-1_V13B23-285_A1,4
TTAAGGATACGGAGGT-1_V13B23-285_A1,1
TTAAGGCCCGTACTTT-1_V13B23-285_A1,4
TTAAGTATTGTTATCC-1_V13B23-285_A1,1
TTAATCAGTACGTCAG-1_V13B23-285_A1,1
TTAATGTAGACCAGGT-1_V13B23-285_A1,4
TTAATGTGTTTGCAGG-1_V13B23-285_A1,1
TTAATTGCTTTGGGTG-1_V13B23-285_A1,1
TTAATTTCAGACGCGG-1_V13B23-285_A1,4
TTACAACTACGCATCC-1_V13B23-285_A1,4
TTACACGATCTGCGAC-1_V13B23-285_A1,1
TTACAGACCTAAATGA-1_V13B23-285_A1,1
TTACATCGTGGCCTGG-1_V13B23-285_A1,1
TTACATGCCACAACTA-1_V13B23-285_A1,1
TTACCATTGATTACCC-1_V13B23-285_A1,4
TTACCCATTGCCGGGT-1_V13B23-285_A1,1
TTACCCTAACAGTCCT-1_V13B23-285_A1,4
TTACCCTAGGGATTGG-1_V13B23-285_A1,4
TTACCGCCTTAGGGAA-1_V13B23-285_A1,1
TTACGGATGGTTCGAG-1_V13B23-285_A1,1
TTACGGTGTCACCGAG-1_V13B23-285_A1,1
TTACGTATCTATGACA-1_V13B23-285_A1,1
TTACTAAAGGACTTTA-1_V13B23-285_A1,1
TTACTATCGGCTTCTC-1_V13B23-285_A1,4
TTACTCCGGCCGGGAA-1_V13B23-285_A1,4
TTACTCTGGTACGTAC-1_V13B23-285_A1,4
TTACTGGGATATTTCA-1_V13B23-285_A1,4
TTAGAAGAACATGACT-1_V13B23-285_A1,4
TTAGAATAAGGGTCGG-1_V13B23-285_A1,4
TTAGACACGATCGTTG-1_V13B23-285_A1,1
TTAGACGAGTCACCTC-1_V13B23-285_A1,1
TTAGAGGGATATACAG-1_V13B23-285_A1,4
TTAGAGTTTAGAAGGA-1_V13B23-285_A1,4
TTAGATAGGTCGATAC-1_V13B23-285_A1,1
TTAGCAACATGGATGT-1_V13B23-285_A1,1
TTAGCTAATACGATCT-1_V13B23-285_A1,1
TTAGCTCTGTAATCCG-1_V13B23-285_A1,4
TTAGCTGATTTGCCGT-1_V13B23-285_A1,1
TTAGGTCATAACCGAC-1_V13B23-285_A1,4
TTAGTAAACCTGCTCT-1_V13B23-285_A1,1
TTAGTAGGGCGGCGGG-1_V13B23-285_A1,4
TTAGTTATTCGTGGCA-1_V13B23-285_A1,1
TTAGTTCAAGTGTTCG-1_V13B23-285_A1,2
TTATAGATGCACATTA-1_V13B23-285_A1,2
TTATAGGTAATTGTCT-1_V13B23-285_A1,1
TTATATACGCTGTCAC-1_V13B23-285_A1,4
TTATATTTGGCAATCC-1_V13B23-285_A1,4
TTATCATACTCGCAAA-1_V13B23-285_A1,2
TTATCCAATCGAACTC-1_V13B23-285_A1,1
TTATCCGGGATCTATA-1_V13B23-285_A1,1
TTATCCTCAAGGAATA-1_V13B23-285_A1,4
TTATCGCCTGCGAAGC-1_V13B23-285_A1,4
TTATCTGACATTAGGA-1_V13B23-285_A1,4
TTATCTGTATCATAAC-1_V13B23-285_A1,4
TTATGAATGAAAGGGA-1_V13B23-285_A1,4
TTATGACAAACTGGAT-1_V13B23-285_A1,4
TTATGATCTTAACGAA-1_V13B23-285_A1,1
TTATGCGTCCCGGTCC-1_V13B23-285_A1,1
TTATGTTTGCGATAGA-1_V13B23-285_A1,4
TTATTAGAGCGTGTTC-1_V13B23-285_A1,4
TTATTAGGGAAGCATC-1_V13B23-285_A1,1
TTATTATCTGGAAGGC-1_V13B23-285_A1,1
TTATTTCATCCCAAAC-1_V13B23-285_A1,2
TTCAAAGTCTCTAGCC-1_V13B23-285_A1,4
TTCAACGACCCGACCG-1_V13B23-285_A1,4
TTCAAGCCGAGCTGAG-1_V13B23-285_A1,2
TTCAATACTCTGAATC-1_V13B23-285_A1,1
TTCACGAAAGGATCAC-1_V13B23-285_A1,4
TTCACTCGAGCACCTA-1_V13B23-285_A1,1
TTCACTTCCTAGAACG-1_V13B23-285_A1,4
TTCAGAGTAACCTGAC-1_V13B23-285_A1,1
TTCAGCCCTGGTCCAC-1_V13B23-285_A1,4
TTCAGCTGGCGTGCCC-1_V13B23-285_A1,1
TTCAGGCGTCAAAGCC-1_V13B23-285_A1,4
TTCAGTTTGTGGCAGC-1_V13B23-285_A1,4
TTCATAGCCTTGTAAC-1_V13B23-285_A1,1
TTCATAGGGTGTCCAT-1_V13B23-285_A1,4
TTCATGGCGCAACAGG-1_V13B23-285_A1,4
TTCCAATCAGAGCTAG-1_V13B23-285_A1,1
TTCCAATCTGGCTATC-1_V13B23-285_A1,4
TTCCACACAGATTTGA-1_V13B23-285_A1,4
TTCCAGACGAGATTTA-1_V13B23-285_A1,1
TTCCATCGACAGCGTG-1_V13B23-285_A1,1
TTCCCGGCGCCAATAG-1_V13B23-285_A1,4
TTCCGCAGAGAAATAT-1_V13B23-285_A1,1
TTCCGCGTGAGGCGAT-1_V13B23-285_A1,4
TTCCGGCCTTGAGGCT-1_V13B23-285_A1,4
TTCCGGTATCTGTGTC-1_V13B23-285_A1,1
TTCCGGTTACCCACTT-1_V13B23-285_A1,1
TTCCTCGAGGGTGTCT-1_V13B23-285_A1,4
TTCCTCGGACTAACCA-1_V13B23-285_A1,1
TTCCTCTGCCCGAATA-1_V13B23-285_A1,4
TTCCTTTCTGTGTTGC-1_V13B23-285_A1,1
TTCGACAGAGCCCGTG-1_V13B23-285_A1,4
TTCGACGGGAAGGGCG-1_V13B23-285_A1,4
TTCGCACTCGCGTGCT-1_V13B23-285_A1,4
TTCGCACTGTACGACA-1_V13B23-285_A1,4
TTCGCATCCGGAAGCA-1_V13B23-285_A1,1
TTCGCCGCTCGCGCTA-1_V13B23-285_A1,1
TTCGCGCGCCATACGA-1_V13B23-285_A1,4
TTCGCTAGGAAGTTGT-1_V13B23-285_A1,1
TTCGCTATCTGACGTG-1_V13B23-285_A1,1
TTCGGCAACCCGCTGA-1_V13B23-285_A1,1
TTCGGCTAGAGATGGT-1_V13B23-285_A1,1
TTCGGGACTAATCGCG-1_V13B23-285_A1,4
TTCGGGCGCTAGTCTT-1_V13B23-285_A1,4
TTCGGGTTGCCACGGG-1_V13B23-285_A1,1
TTCGGTACTGTAGAGG-1_V13B23-285_A1,1
TTCGGTGGAGACGCCC-1_V13B23-285_A1,1
TTCGTAATCCCAGCGG-1_V13B23-285_A1,2
TTCGTACTCCAGAACG-1_V13B23-285_A1,4
TTCGTTCAACGAAGTT-1_V13B23-285_A1,1
TTCTAACCGAAGCTTA-1_V13B23-285_A1,1
TTCTACTTGCGAGGGC-1_V13B23-285_A1,4
TTCTAGAAAGTCTTAT-1_V13B23-285_A1,4
TTCTAGGCCAATTGTG-1_V13B23-285_A1,4
TTCTATGCCTTTCGCA-1_V13B23-285_A1,1
TTCTATTAAACGCAGC-1_V13B23-285_A1,4
TTCTCTTACAGGTGAT-1_V13B23-285_A1,4
TTCTGACCGGGCTCAA-1_V13B23-285_A1,1
TTCTGCCGCGCCTAGA-1_V13B23-285_A1,4
TTCTGCGAGCGCCCTT-1_V13B23-285_A1,4
TTCTGCGGGTTAGCGG-1_V13B23-285_A1,4
TTCTGCTAGACTCCAA-1_V13B23-285_A1,1
TTCTGTTTCCTGTCGC-1_V13B23-285_A1,1
TTCTTAGTGAACGGTG-1_V13B23-285_A1,1
TTCTTAGTGGCTCAGA-1_V13B23-285_A1,1
TTCTTATCCGCTGGGT-1_V13B23-285_A1,1
TTCTTGAGCCGCGCTA-1_V13B23-285_A1,4
TTCTTGCTAGCATCTC-1_V13B23-285_A1,1
TTCTTGGACGATCTGC-1_V13B23-285_A1,4
TTCTTGGAGTAATGAG-1_V13B23-285_A1,3
TTCTTGTAACCTAATG-1_V13B23-285_A1,4
TTCTTGTGTCCATCAG-1_V13B23-285_A1,4
TTCTTTGGTCGCGACG-1_V13B23-285_A1,1
TTGAACGAATCCTTTG-1_V13B23-285_A1,1
TTGAACGACGTGCTGA-1_V13B23-285_A1,1
TTGAAGAATTCCCAGG-1_V13B23-285_A1,4
TTGAAGGATGGGCGCC-1_V13B23-285_A1,4
TTGAATATGGACTTTC-1_V13B23-285_A1,4
TTGAATCGTTGTATAA-1_V13B23-285_A1,4
TTGAATTCACGTGAGG-1_V13B23-285_A1,1
TTGACAGGAGCTCCCG-1_V13B23-285_A1,1
TTGACATGAACGTGGA-1_V13B23-285_A1,4
TTGACCAGGAACAACT-1_V13B23-285_A1,1
TTGACCATGTTCTCCG-1_V13B23-285_A1,4
TTGACCGTGTTAATGA-1_V13B23-285_A1,4
TTGACGATTCAGCACG-1_V13B23-285_A1,1
TTGACGCTCCATGAGC-1_V13B23-285_A1,1
TTGACTACCATATGGT-1_V13B23-285_A1,4
TTGACTATTGTCCGGC-1_V13B23-285_A1,1
TTGAGAAGTTTAGCAT-1_V13B23-285_A1,1
TTGAGAGTACTGCTAA-1_V13B23-285_A1,4
TTGAGCAGCCCACGGT-1_V13B23-285_A1,1
TTGAGCGCCACGTGAT-1_V13B23-285_A1,1
TTGATAGTCAATACAT-1_V13B23-285_A1,1
TTGATCTAACTTTGTC-1_V13B23-285_A1,4
TTGATGTGTAGTCCCG-1_V13B23-285_A1,3
TTGATTAGCTGTTTCT-1_V13B23-285_A1,4
TTGATTATGCAGATGA-1_V13B23-285_A1,4
TTGCAAGAAGACTCCT-1_V13B23-285_A1,1
TTGCACAATTCAGAAA-1_V13B23-285_A1,3
TTGCACGGAGCAGCAC-1_V13B23-285_A1,4
TTGCATGCTGATCACG-1_V13B23-285_A1,4
TTGCCAAGCAGAACCC-1_V13B23-285_A1,1
TTGCCATAGCCCGCTC-1_V13B23-285_A1,4
TTGCCCTGATCACGGG-1_V13B23-285_A1,4
TTGCCGCAGACCTACA-1_V13B23-285_A1,4
TTGCCGCTTTCTAGTA-1_V13B23-285_A1,1
TTGCCTTCTCGCCGGG-1_V13B23-285_A1,1
TTGCGCTCTCTCGCTT-1_V13B23-285_A1,4
TTGCGCTTGATCAATA-1_V13B23-285_A1,1
TTGCGGCATCAGAAAG-1_V13B23-285_A1,4
TTGCGTAGTTTGAGGA-1_V13B23-285_A1,4
TTGCGTCGGCCAACCG-1_V13B23-285_A1,4
TTGCGTGAACGCTTAG-1_V13B23-285_A1,2
TTGCGTGTGTAGGCAT-1_V13B23-285_A1,1
TTGCTAGCTACCAATC-1_V13B23-285_A1,1
TTGCTCATAGTACGTG-1_V13B23-285_A1,1
TTGCTCCCATACCGGA-1_V13B23-285_A1,4
TTGCTGAAGGAACCAC-1_V13B23-285_A1,4
TTGCTGATCATGTTCG-1_V13B23-285_A1,4
TTGCTGCACCTATCCA-1_V13B23-285_A1,1
TTGCTGGCCGGGCTTC-1_V13B23-285_A1,2
TTGGAAGAATACAGTC-1_V13B23-285_A1,4
TTGGACATGTGGCTTA-1_V13B23-285_A1,4
TTGGACCATCTGGCAA-1_V13B23-285_A1,1
TTGGACCTATAACAGT-1_V13B23-285_A1,1
TTGGAGTCTCCCTTCT-1_V13B23-285_A1,1
TTGGATATCGTCTACG-1_V13B23-285_A1,4
TTGGATCGACTTCTGG-1_V13B23-285_A1,1
TTGGATTGGGTACCAC-1_V13B23-285_A1,4
TTGGCCATCTTGCGCT-1_V13B23-285_A1,1
TTGGCCTAGAATTTCG-1_V13B23-285_A1,1
TTGGCGATCCGAATAT-1_V13B23-285_A1,1
TTGGCTCAATATGTGT-1_V13B23-285_A1,1
TTGGCTCGCATGAGAC-1_V13B23-285_A1,4
TTGGGAAGACGAGCCG-1_V13B23-285_A1,1
TTGGGACACTGCCCGC-1_V13B23-285_A1,4
TTGGGACGTAAGAGTT-1_V13B23-285_A1,1
TTGGGCGGCGGTTGCC-1_V13B23-285_A1,4
TTGGTATGGCTTGTGT-1_V13B23-285_A1,1
TTGGTCACACTCGTAA-1_V13B23-285_A1,4
TTGGTTGCGGTGCGCG-1_V13B23-285_A1,4
TTGTAAGGACCTAAGT-1_V13B23-285_A1,4
TTGTAAGGCCAGTTGG-1_V13B23-285_A1,4
TTGTAATCCGTACTCG-1_V13B23-285_A1,4
TTGTACACCTCGAACA-1_V13B23-285_A1,4
TTGTATCACACAGAAT-1_V13B23-285_A1,2
TTGTCACCGCGGTATC-1_V13B23-285_A1,4
TTGTCGTTCAGTTACC-1_V13B23-285_A1,4
TTGTGAACCTAATCCG-1_V13B23-285_A1,1
TTGTGAGGCATGACGC-1_V13B23-285_A1,4
TTGTGATCTGTTCAGT-1_V13B23-285_A1,1
TTGTGCAGCCACGTCA-1_V13B23-285_A1,1
TTGTGCGGAAGCGGAT-1_V13B23-285_A1,4
TTGTGGCCCTGACAGT-1_V13B23-285_A1,4
TTGTGGTAGGAGGGAT-1_V13B23-285_A1,4
TTGTGGTGGTACTAAG-1_V13B23-285_A1,1
TTGTGTATGCCACCAA-1_V13B23-285_A1,4
TTGTGTTTCCCGAAAG-1_V13B23-285_A1,4
TTGTTAGCAAATTCGA-1_V13B23-285_A1,4
TTGTTCAGTGTGCTAC-1_V13B23-285_A1,4
TTGTTCTAGATACGCT-1_V13B23-285_A1,4
TTGTTGTGTGTCAAGA-1_V13B23-285_A1,4
TTGTTTCACATCCAGG-1_V13B23-285_A1,4
TTGTTTCATTAGTCTA-1_V13B23-285_A1,4
TTGTTTCCATACAACT-1_V13B23-285_A1,4
TTGTTTGTGTAAATTC-1_V13B23-285_A1,1
AAACAAGTATCTCCCA-1_V13B23-285_B1,4
AAACACCAATAACTGC-1_V13B23-285_B1,1
AAACAGAGCGACTCCT-1_V13B23-285_B1,2
AAACAGCTTTCAGAAG-1_V13B23-285_B1,1
AAACAGGGTCTATATT-1_V13B23-285_B1,1
AAACATTTCCCGGATT-1_V13B23-285_B1,4
AAACCCGAACGAAATC-1_V13B23-285_B1,4
AAACCGGAAATGTTAA-1_V13B23-285_B1,4
AAACCGGGTAGGTACC-1_V13B23-285_B1,1
AAACCGTTCGTCCAGG-1_V13B23-285_B1,1
AAACCTCATGAAGTTG-1_V13B23-285_B1,1
AAACGAGACGGTTGAT-1_V13B23-285_B1,4
AAACGTGTTCGCCCTA-1_V13B23-285_B1,2
AAACTCGTGATATAAG-1_V13B23-285_B1,1
AAACTGCTGGCTCCAA-1_V13B23-285_B1,4
AAACTTGCAAACGTAT-1_V13B23-285_B1,1
AAAGACTGGGCGCTTT-1_V13B23-285_B1,1
AAAGCTTGCCTACATA-1_V13B23-285_B1,1
AAAGGCTACGGACCAT-1_V13B23-285_B1,1
AAAGGCTCTCGCGCCG-1_V13B23-285_B1,1
AAAGGGATGTAGCAAG-1_V13B23-285_B1,1
AAAGGGCAGCTTGAAT-1_V13B23-285_B1,1
AAAGGTAAGCTGTACC-1_V13B23-285_B1,2
AAAGTAGCATTGCTCA-1_V13B23-285_B1,1
AAAGTCGACCCTCAGT-1_V13B23-285_B1,1
AAAGTGTGATTTATCT-1_V13B23-285_B1,4
AAAGTTGACTCCCGTA-1_V13B23-285_B1,4
AAATAACCATACGGGA-1_V13B23-285_B1,2
AAATAAGGTAGTGCCC-1_V13B23-285_B1,1
AAATACCTATAAGCAT-1_V13B23-285_B1,4
AAATAGCTTAGACTTT-1_V13B23-285_B1,4
AAATAGGGTGCTATTG-1_V13B23-285_B1,4
AAATCGTGTACCACAA-1_V13B23-285_B1,1
AAATCTAGCCCTGCTA-1_V13B23-285_B1,4
AAATGATTCGATCAGC-1_V13B23-285_B1,1
AAATGCTCGTTACGTT-1_V13B23-285_B1,3
AAATGGCATGTCTTGT-1_V13B23-285_B1,2
AAATGGCCCGTGCCCT-1_V13B23-285_B1,1
AAATGGTCAATGTGCC-1_V13B23-285_B1,1
AAATTAACGGGTAGCT-1_V13B23-285_B1,1
AAATTACACGACTCTG-1_V13B23-285_B1,2
AAATTACCTATCGATG-1_V13B23-285_B1,1
AAATTCCAGGTCCAAA-1_V13B23-285_B1,4
AAATTGATAGTCCTTT-1_V13B23-285_B1,1
AAATTGGTGAGAAGCA-1_V13B23-285_B1,2
AAATTTGCGGGTGTGG-1_V13B23-285_B1,1
AACAACTGGTAGTTGC-1_V13B23-285_B1,1
AACAATACATTGTCGA-1_V13B23-285_B1,1
AACAATTACTCTACGC-1_V13B23-285_B1,1
AACACACGCTCGCCGC-1_V13B23-285_B1,4
AACACGAGACGCGGCC-1_V13B23-285_B1,1
AACAGCTGTGTGGCAA-1_V13B23-285_B1,1
AACAGGAAATCGAATA-1_V13B23-285_B1,3
AACAGGATGGGCCGCG-1_V13B23-285_B1,1
AACAGGTAGTATGGAT-1_V13B23-285_B1,4
AACATATCAACTGGTG-1_V13B23-285_B1,1
AACATCGATACGTCTA-1_V13B23-285_B1,1
AACCAAGACTTCTCTG-1_V13B23-285_B1,1
AACCATGGGATCGCTA-1_V13B23-285_B1,1
AACCCAGAGACGGAGA-1_V13B23-285_B1,2
AACCCATCCCATGATC-1_V13B23-285_B1,1
AACCCGAGCAGAATCG-1_V13B23-285_B1,4
AACCCTACTGTCAATA-1_V13B23-285_B1,4
AACCGAGCTTGGTCAT-1_V13B23-285_B1,2
AACCGCTAAGGGATGC-1_V13B23-285_B1,4
AACCGTTGTGTTTGCT-1_V13B23-285_B1,2
AACCTCGCTTTAGCCC-1_V13B23-285_B1,4
AACCTGTCACGGAATT-1_V13B23-285_B1,4
AACCTTTAAATACGGT-1_V13B23-285_B1,4
AACCTTTACGACGTCT-1_V13B23-285_B1,2
AACGATAATGCCGTAG-1_V13B23-285_B1,4
AACGATAGAAGGGCCG-1_V13B23-285_B1,2
AACGATATGTCAACTG-1_V13B23-285_B1,1
AACGCATGATCTGGGT-1_V13B23-285_B1,1
AACGCGGTCTCCAGCC-1_V13B23-285_B1,2
AACGCTGTTGCTGAAA-1_V13B23-285_B1,4
AACGGACGTACGTATA-1_V13B23-285_B1,4
AACGGCCATCTCCGGT-1_V13B23-285_B1,1
AACGTACTGTGGGTAC-1_V13B23-285_B1,1
AACGTCAGACTAGTGG-1_V13B23-285_B1,1
AACGTGATGAAGGACA-1_V13B23-285_B1,2
AACGTGCGAAAGTCTC-1_V13B23-285_B1,4
AACTACCCGTTTGTCA-1_V13B23-285_B1,4
AACTAGGCTTGGGTGT-1_V13B23-285_B1,1
AACTCAAGTTAATTGC-1_V13B23-285_B1,1
AACTCCAGAGCGTGTT-1_V13B23-285_B1,4
AACTCCTAATCCCATG-1_V13B23-285_B1,2
AACTCGATGGCGCAGT-1_V13B23-285_B1,2
AACTCTCAATAGAGCG-1_V13B23-285_B1,4
AACTCTCAGTGTGCTC-1_V13B23-285_B1,1
AACTGAGTTATACTGA-1_V13B23-285_B1,4
AACTGATATTAGGCCT-1_V13B23-285_B1,2
AACTGGGTCCCGACGT-1_V13B23-285_B1,2
AACTTCTGCGTCTATC-1_V13B23-285_B1,1
AACTTGCCCGTATGCA-1_V13B23-285_B1,1
AACTTGCGTTCTCGCG-1_V13B23-285_B1,2
AACTTTACGGGAGCTT-1_V13B23-285_B1,1
AACTTTCTCGATCATG-1_V13B23-285_B1,1
AAGAAATCACCAGATT-1_V13B23-285_B1,1
AAGAAGGATCAGTTAG-1_V13B23-285_B1,3
AAGACCCAACTGAACA-1_V13B23-285_B1,1
AAGACTGCAAGCTACT-1_V13B23-285_B1,4
AAGAGATGAATCGGTA-1_V13B23-285_B1,1
AAGAGCTCTTTATCGG-1_V13B23-285_B1,4
AAGAGGATGTACGCGA-1_V13B23-285_B1,1
AAGAGGCATGGATCGC-1_V13B23-285_B1,4
AAGAGGCCCTTTGGAA-1_V13B23-285_B1,4
AAGATGGCACCGGACC-1_V13B23-285_B1,1
AAGATTGGCGGAACGT-1_V13B23-285_B1,1
AAGCACCCTGCGTATC-1_V13B23-285_B1,4
AAGCATACTCTCCTGA-1_V13B23-285_B1,4
AAGCCGAAGCGGTTTA-1_V13B23-285_B1,4
AAGCCGCTTTACCTTG-1_V13B23-285_B1,1
AAGCCGGAGAGCAGGA-1_V13B23-285_B1,4
AAGCGGAGTGCGCGCA-1_V13B23-285_B1,2
AAGCGGCGTCATGGGT-1_V13B23-285_B1,2
AAGCGTCCCTCATCGA-1_V13B23-285_B1,1
AAGCTAGATCGAGTAA-1_V13B23-285_B1,4
AAGCTCGTGCCAAGTC-1_V13B23-285_B1,4
AAGCTCTTTCATGGTG-1_V13B23-285_B1,4
AAGGAGCGGTTGGTGC-1_V13B23-285_B1,1
AAGGATCGATCGCTTG-1_V13B23-285_B1,4
AAGGATGAGGGACCTC-1_V13B23-285_B1,1
AAGGCAGGCTGTCTCC-1_V13B23-285_B1,4
AAGGCGCGTAAAGCTT-1_V13B23-285_B1,1
AAGGCTGTGCTCATCG-1_V13B23-285_B1,1
AAGGGACAGATTCTGT-1_V13B23-285_B1,1
AAGGGACTATGCATTC-1_V13B23-285_B1,1
AAGGTATCCTAATATA-1_V13B23-285_B1,1
AAGGTGATAAACCAGC-1_V13B23-285_B1,4
AAGTAGAAGACCGGGT-1_V13B23-285_B1,1
AAGTAGTGACGCGAGG-1_V13B23-285_B1,1
AAGTCAATTGTCGTCA-1_V13B23-285_B1,4
AAGTCTAGTAGCTGCC-1_V13B23-285_B1,1
AAGTGACGACCGAATT-1_V13B23-285_B1,1
AAGTGAGTCGGGTTTA-1_V13B23-285_B1,1
AAGTGCAAAGGTAGAC-1_V13B23-285_B1,1
AAGTGCCTTGACTGTA-1_V13B23-285_B1,4
AAGTGCGTTAGAATCT-1_V13B23-285_B1,1
AAGTGTTTGGAGACGG-1_V13B23-285_B1,4
AAGTTCACTCCAAGCT-1_V13B23-285_B1,4
AAGTTCAGTCTGCGTA-1_V13B23-285_B1,1
AAGTTCGGCCAACAGG-1_V13B23-285_B1,1
AATAACAACGCTCGGC-1_V13B23-285_B1,1
AATAACACTAGAACAA-1_V13B23-285_B1,1
AATAATCTTCGTATCG-1_V13B23-285_B1,4
AATACAATGTTTCAGG-1_V13B23-285_B1,1
AATAGAACAGAGTGGC-1_V13B23-285_B1,1
AATAGAATCTGTTTCA-1_V13B23-285_B1,4
AATAGCTACCGCGTGC-1_V13B23-285_B1,1
AATAGTCCGTCCCGAC-1_V13B23-285_B1,1
AATAGTCGCGAGTCGG-1_V13B23-285_B1,1
AATATCGAATCAATGC-1_V13B23-285_B1,4
AATATCGAGGGTTCTC-1_V13B23-285_B1,1
AATATTGGAGTATTGA-1_V13B23-285_B1,1
AATCATGTAAAGACTC-1_V13B23-285_B1,4
AATCCAAGGGCCTGAG-1_V13B23-285_B1,2
AATCGCCTCAGCGCCA-1_V13B23-285_B1,4
AATCGCGCAGAGGACT-1_V13B23-285_B1,4
AATCTAGGTTTACTTG-1_V13B23-285_B1,1
AATCTATGCCGGAGCC-1_V13B23-285_B1,1
AATCTCTACTGTGGTT-1_V13B23-285_B1,1
AATCTGCGTTGGGACG-1_V13B23-285_B1,1
AATCTGGCTTTCTAGT-1_V13B23-285_B1,1
AATGACAGCAATGTCT-1_V13B23-285_B1,1
AATGACGTAGGATGTC-1_V13B23-285_B1,4
AATGACTGTCAGCCGG-1_V13B23-285_B1,1
AATGAGTTCGCATATG-1_V13B23-285_B1,2
AATGATGATACGCTAT-1_V13B23-285_B1,1
AATGATGCGACTCCTG-1_V13B23-285_B1,1
AATGCAACCGGGTACC-1_V13B23-285_B1,1
AATGCACCAAGCAATG-1_V13B23-285_B1,2
AATGGTCCACCGTTCA-1_V13B23-285_B1,1
AATGGTTCTCACAAGC-1_V13B23-285_B1,1
AATGTGCCCGAGGTGT-1_V13B23-285_B1,1
AATTAAAGGTCGGCGT-1_V13B23-285_B1,1
AATTAACGGATTTCCA-1_V13B23-285_B1,1
AATTAGCGCTGCAGCG-1_V13B23-285_B1,1
AATTCATAAGGGATCT-1_V13B23-285_B1,1
AATTCTAGAGTTAGGC-1_V13B23-285_B1,1
AATTGAACGCTCTGGT-1_V13B23-285_B1,4
AATTTGGGACATAGTA-1_V13B23-285_B1,2
AATTTGGTTCCAAAGA-1_V13B23-285_B1,2
ACAAATCGCACCGAAT-1_V13B23-285_B1,4
ACAAATGGTAGTGTTT-1_V13B23-285_B1,4
ACAACAGCATGAGCTA-1_V13B23-285_B1,3
ACAACGGTCCCTGCGA-1_V13B23-285_B1,1
ACAAGCAGTGCCTAGC-1_V13B23-285_B1,1
ACAAGGAAATCCGCCC-1_V13B23-285_B1,4
ACAAGGACAAGAGGTT-1_V13B23-285_B1,1
ACAAGGATGCTTTAGG-1_V13B23-285_B1,4
ACAAGGGCAGGCTCTG-1_V13B23-285_B1,4
ACAATAGTCGTACGTT-1_V13B23-285_B1,1
ACAATCCATTTAAACC-1_V13B23-285_B1,1
ACAATGAATACGGAGA-1_V13B23-285_B1,1
ACAATTGTGTCTCTTT-1_V13B23-285_B1,4
ACAATTTAGGAGGCTC-1_V13B23-285_B1,1
ACAATTTGAGCAGTGG-1_V13B23-285_B1,1
ACAATTTGGCCATATT-1_V13B23-285_B1,3
ACACAAAGACGGGTGG-1_V13B23-285_B1,1
ACACAAATATTCCTAG-1_V13B23-285_B1,2
ACACACCAGGACCAGT-1_V13B23-285_B1,4
ACACACTTTCTACACG-1_V13B23-285_B1,3
ACACATGATCAAATCT-1_V13B23-285_B1,1
ACACCACATAATTAGC-1_V13B23-285_B1,1
ACACCCAGCATGCAGC-1_V13B23-285_B1,1
ACACCCGAGAAATCCG-1_V13B23-285_B1,1
ACACCTTAAGTAGGGC-1_V13B23-285_B1,1
ACACCTTACTACTTGC-1_V13B23-285_B1,4
ACACGAGACTCCTTCT-1_V13B23-285_B1,3
ACACGGGAACTTAGGG-1_V13B23-285_B1,1
ACACGTAGGCCACAAG-1_V13B23-285_B1,4
ACACTCCAATGTCACT-1_V13B23-285_B1,1
ACACTGATCAAGGTGT-1_V13B23-285_B1,1
ACACTGGGACAGTCGT-1_V13B23-285_B1,4
ACAGAACTGAGAACAA-1_V13B23-285_B1,1
ACAGCGACATTCTCAT-1_V13B23-285_B1,4
ACAGCGCACCCGCAGC-1_V13B23-285_B1,2
ACAGGCTTGCCCGACT-1_V13B23-285_B1,4
ACAGGTGGAGGTGAGG-1_V13B23-285_B1,1
ACAGTAATACAACTTG-1_V13B23-285_B1,1
ACAGTATACCGTGGGA-1_V13B23-285_B1,1
ACATAATAAGGCGGTG-1_V13B23-285_B1,2
ACATCAGCTGGGACGC-1_V13B23-285_B1,1
ACATCCCGGCCATACG-1_V13B23-285_B1,1
ACATCCTGGTAACTGT-1_V13B23-285_B1,4
ACATCGATCGTTTACC-1_V13B23-285_B1,1
ACATCGGTCAGCCGCG-1_V13B23-285_B1,1
ACATCGTATGCAATGG-1_V13B23-285_B1,4
ACATCGTTAACCTAGT-1_V13B23-285_B1,2
ACATGGCGCCAAAGTA-1_V13B23-285_B1,4
ACATTAGTTTATATCC-1_V13B23-285_B1,1
ACCAAACACCCAGCGA-1_V13B23-285_B1,1
ACCAACACCACACACT-1_V13B23-285_B1,1
ACCAACGCTTATTTAT-1_V13B23-285_B1,1
ACCAAGAACGCGTGTC-1_V13B23-285_B1,2
ACCAATATGCAAGTTA-1_V13B23-285_B1,4
ACCACAAGTTTCTATC-1_V13B23-285_B1,1
ACCACCAATGTAACAA-1_V13B23-285_B1,4
ACCACCCTCTCTTCTA-1_V13B23-285_B1,1
ACCACGTGCAGCTATA-1_V13B23-285_B1,4
ACCAGTGCCCGGTCAA-1_V13B23-285_B1,2
ACCAGTGCGGGAGACG-1_V13B23-285_B1,4
ACCATATCCGCAATAA-1_V13B23-285_B1,1
ACCATCGTATATGGTA-1_V13B23-285_B1,1
ACCCAACGCCCGTGGC-1_V13B23-285_B1,1
ACCCACCTACATGCTC-1_V13B23-285_B1,1
ACCCATCTTGAGGGTA-1_V13B23-285_B1,1
ACCCATTTGTCCCTCT-1_V13B23-285_B1,4
ACCCGAGCGAAATTAC-1_V13B23-285_B1,1
ACCCGGAAACTCCCAG-1_V13B23-285_B1,1
ACCCGGAGCACCACAA-1_V13B23-285_B1,4
ACCCGGATGACGCATC-1_V13B23-285_B1,4
ACCCGGTTACACTTCC-1_V13B23-285_B1,1
ACCCGTGTCATCAGTA-1_V13B23-285_B1,1
ACCCTATAGGACTGAG-1_V13B23-285_B1,2
ACCCTATGCCATATCG-1_V13B23-285_B1,1
ACCCTCCCTTGCTATT-1_V13B23-285_B1,4
ACCCTGGTAACGCCCT-1_V13B23-285_B1,1
ACCCTTCATCTGCGAA-1_V13B23-285_B1,2
ACCCTTGCCTGGGTCG-1_V13B23-285_B1,2
ACCGAAGAGTCTGGTT-1_V13B23-285_B1,1
ACCGACACATCTCCCA-1_V13B23-285_B1,1
ACCGACTGAGTCCCAC-1_V13B23-285_B1,1
ACCGATAGGCATAACC-1_V13B23-285_B1,4
ACCGATATTTAATCAT-1_V13B23-285_B1,4
ACCGATGGTAGCATCG-1_V13B23-285_B1,4
ACCGCAATAACTGCCT-1_V13B23-285_B1,4
ACCGCGGTGGAAGTCG-1_V13B23-285_B1,4
ACCGGGCCTTTGTTGA-1_V13B23-285_B1,4
ACCGGTCAGGTACACC-1_V13B23-285_B1,1
ACCGTGACCACGTGGG-1_V13B23-285_B1,1
ACCTAAGTACCTTTCA-1_V13B23-285_B1,1
ACCTAATCGACTTCCT-1_V13B23-285_B1,1
ACCTACAGTATGTGGT-1_V13B23-285_B1,4
ACCTCCGCCCTCGCTG-1_V13B23-285_B1,4
ACCTCCGTTATTCACC-1_V13B23-285_B1,4
ACCTGCGTGTCATGTT-1_V13B23-285_B1,1
ACGAAATGGGCGGCAC-1_V13B23-285_B1,1
ACGACCCATGAGTTGC-1_V13B23-285_B1,4
ACGAGATATTTGCTTA-1_V13B23-285_B1,2
ACGAGGATACCACTCT-1_V13B23-285_B1,1
ACGAGGTTTACAACGT-1_V13B23-285_B1,1
ACGAGTACGGATGCCC-1_V13B23-285_B1,1
ACGATACATAGAACTA-1_V13B23-285_B1,2
ACGATCATACATAGAG-1_V13B23-285_B1,1
ACGATCATCTTGTAAA-1_V13B23-285_B1,4
ACGATGCATATGTTAT-1_V13B23-285_B1,1
ACGATGGATCCGATGC-1_V13B23-285_B1,2
ACGCAATCACTACAGC-1_V13B23-285_B1,1
ACGCATACGTTTACTA-1_V13B23-285_B1,4
ACGCATTCGTGAGTAC-1_V13B23-285_B1,4
ACGCCGCTAGACGACC-1_V13B23-285_B1,4
ACGCGAAGTCAGACGA-1_V13B23-285_B1,1
ACGCGCTACACAGGGT-1_V13B23-285_B1,1
ACGCGGGCCAAGGACA-1_V13B23-285_B1,4
ACGCTAGTGATACACT-1_V13B23-285_B1,1
ACGCTGTGAGGCGTAG-1_V13B23-285_B1,1
ACGGAATTTAGCAAAT-1_V13B23-285_B1,1
ACGGACTCTCAAAGCG-1_V13B23-285_B1,4
ACGGAGCGCAAATTAC-1_V13B23-285_B1,1
ACGGATGGTGCGGATA-1_V13B23-285_B1,4
ACGGCACTTGCTTGGG-1_V13B23-285_B1,1
ACGGCCAACATGGACT-1_V13B23-285_B1,1
ACGGCGACGATGGGAA-1_V13B23-285_B1,4
ACGGCTGGATGTAGAA-1_V13B23-285_B1,1
ACGGGAGTGTCGGCCC-1_V13B23-285_B1,1
ACGGGCGTATGCGACA-1_V13B23-285_B1,1
ACGGGTCATGTGACTT-1_V13B23-285_B1,1
ACGTACAGATTTCTCT-1_V13B23-285_B1,2
ACGTAGATTGCTGATG-1_V13B23-285_B1,4
ACGTATTACTCCGATC-1_V13B23-285_B1,4
ACGTGCGCCTCGTGCA-1_V13B23-285_B1,2
ACGTTAATGTCGAAGA-1_V13B23-285_B1,4
ACGTTAGATTTGCCCG-1_V13B23-285_B1,1
ACGTTATTGGTCACTC-1_V13B23-285_B1,1
ACGTTCGCAATCAATT-1_V13B23-285_B1,1
ACGTTCGTTCAGGAAA-1_V13B23-285_B1,1
ACGTTTAGTTGTGATC-1_V13B23-285_B1,3
ACTACCAGCTCTCTGG-1_V13B23-285_B1,1
ACTACGCGTTAGAATT-1_V13B23-285_B1,1
ACTAGTTGCGATCGTC-1_V13B23-285_B1,4
ACTATATGCTGTGTTC-1_V13B23-285_B1,2
ACTATCCAGGGCATGG-1_V13B23-285_B1,4
ACTATCTGCCCGCGTA-1_V13B23-285_B1,4
ACTATTCGTCCGTGGT-1_V13B23-285_B1,3
ACTATTTCCGGGCCCA-1_V13B23-285_B1,1
ACTCAAGTGCAAGGCT-1_V13B23-285_B1,4
ACTCAATAAAGGCACG-1_V13B23-285_B1,2
ACTCCCATTCCTAAAG-1_V13B23-285_B1,1
ACTCCCGAATTCGTTT-1_V13B23-285_B1,1
ACTCCCGTAGACTAGG-1_V13B23-285_B1,1
ACTCCCTAATGCTAAA-1_V13B23-285_B1,1
ACTCCCTAGAATAGTA-1_V13B23-285_B1,4
ACTCGCGATCTGACGC-1_V13B23-285_B1,3
ACTCGTAACCCGTCCT-1_V13B23-285_B1,1
ACTCGTCAGTAATCCC-1_V13B23-285_B1,4
ACTCTCTGACTTAGGT-1_V13B23-285_B1,4
ACTCTCTTATACACGA-1_V13B23-285_B1,2
ACTCTTCAGCTCCCGC-1_V13B23-285_B1,4
ACTCTTGTATAGTAAC-1_V13B23-285_B1,4
ACTGAAACGCCGTTAG-1_V13B23-285_B1,4
ACTGAATGGCGAAAGT-1_V13B23-285_B1,4
ACTGCCGTCGTAACTC-1_V13B23-285_B1,3
ACTGCGGACACACCGT-1_V13B23-285_B1,4
ACTGTACGATACACAT-1_V13B23-285_B1,3
ACTGTAGCACTTTGGA-1_V13B23-285_B1,1
ACTGTCCAGGATTATA-1_V13B23-285_B1,1
ACTGTCTTCTTTAGAA-1_V13B23-285_B1,1
ACTGTGCTAGTAGATC-1_V13B23-285_B1,2
ACTTACCGGGCGCGCA-1_V13B23-285_B1,2
ACTTACGCATCCACGC-1_V13B23-285_B1,4
ACTTAGTACGACAAGA-1_V13B23-285_B1,1
ACTTATACTTACCCGG-1_V13B23-285_B1,4
ACTTATTAGGATCGGT-1_V13B23-285_B1,1
ACTTATTTATGTGCCA-1_V13B23-285_B1,4
ACTTCAGGCTGATCCC-1_V13B23-285_B1,4
ACTTCCATGCGGGACA-1_V13B23-285_B1,4
ACTTCGCCATACGCAC-1_V13B23-285_B1,1
ACTTCGCTAGCGAGTG-1_V13B23-285_B1,1
ACTTGACTCCCTCTTT-1_V13B23-285_B1,4
ACTTGGGACCCGGTGG-1_V13B23-285_B1,1
ACTTGTGGATGGAACG-1_V13B23-285_B1,4
ACTTTACCCTCATGAA-1_V13B23-285_B1,1
ACTTTCCTATAGCTTC-1_V13B23-285_B1,1
ACTTTGGTCGTGCTCC-1_V13B23-285_B1,1
ACTTTGTCGACGCACT-1_V13B23-285_B1,4
AGAAATTATGACTCGC-1_V13B23-285_B1,4
AGAACCCAGCGTGACA-1_V13B23-285_B1,3
AGAACCCTCAATTGGG-1_V13B23-285_B1,1
AGAACGTGGTACATTC-1_V13B23-285_B1,1
AGAAGAGCGCCGTTCC-1_V13B23-285_B1,4
AGAAGGTACACTTCAC-1_V13B23-285_B1,1
AGAAGGTTGCCGAATT-1_V13B23-285_B1,1
AGAAGTGATTCGTGAT-1_V13B23-285_B1,1
AGAATGCGGGTTCGGA-1_V13B23-285_B1,2
AGAATTATGGATTCGA-1_V13B23-285_B1,4
AGAATTGTTTGACATA-1_V13B23-285_B1,1
AGACAGCTCAGAATCC-1_V13B23-285_B1,1
AGACAGGCATCTCAGC-1_V13B23-285_B1,4
AGACCAAACCACACCT-1_V13B23-285_B1,1
AGACCATGGGATACAA-1_V13B23-285_B1,1
AGACCCACCGCTGATC-1_V13B23-285_B1,1
AGACCCGCCCTCCTCG-1_V13B23-285_B1,1
AGACCGCTCCGCGGTT-1_V13B23-285_B1,4
AGACCGGGAAACCCTG-1_V13B23-285_B1,1
AGACGAAGTGCCGGTC-1_V13B23-285_B1,4
AGACGACGATGCCGCT-1_V13B23-285_B1,1
AGACGCCCACTTCGCC-1_V13B23-285_B1,4
AGACTAGCCTTCCAGA-1_V13B23-285_B1,1
AGAGAACCGTCTAGGA-1_V13B23-285_B1,1
AGAGAAGGAGTACAAT-1_V13B23-285_B1,1
AGAGATCTCTAAAGCG-1_V13B23-285_B1,1
AGAGCAGTTATGAGAC-1_V13B23-285_B1,1
AGAGCCGCCGAGATTT-1_V13B23-285_B1,4
AGAGCGCTTGTAACGG-1_V13B23-285_B1,1
AGAGCGGGCTAATCAT-1_V13B23-285_B1,2
AGAGCGTACAAGCTCG-1_V13B23-285_B1,1
AGAGGCTTCGGAAACC-1_V13B23-285_B1,4
AGAGTAAACTTCACTA-1_V13B23-285_B1,4
AGAGTATAGTGTTACG-1_V13B23-285_B1,1
AGATAACTTCAGGGCC-1_V13B23-285_B1,1
AGATACCAGCACTTCA-1_V13B23-285_B1,1
AGATACCGGTGTTCAC-1_V13B23-285_B1,1
AGATACGACTTCATAT-1_V13B23-285_B1,1
AGATACTCAAGATCGA-1_V13B23-285_B1,4
AGATCGTGCATAAGAT-1_V13B23-285_B1,2
AGATCTCAGGTGTGAT-1_V13B23-285_B1,1
AGATGACTCGCCCACG-1_V13B23-285_B1,1
AGATGAGGGTTGCGAT-1_V13B23-285_B1,2
AGATGATGGAGTCTGG-1_V13B23-285_B1,4
AGATGCAAGACGTGCA-1_V13B23-285_B1,1
AGATGCATCCTGTGTC-1_V13B23-285_B1,1
AGATTATAGGACGTTT-1_V13B23-285_B1,1
AGATTCACAACCGATA-1_V13B23-285_B1,1
AGCAAAGGCCGCTAGT-1_V13B23-285_B1,1
AGCAACATATCTTATT-1_V13B23-285_B1,4
AGCAACCGAAAGTAAT-1_V13B23-285_B1,1
AGCACCAGTACTCACG-1_V13B23-285_B1,1
AGCACTACCGGCCTGT-1_V13B23-285_B1,1
AGCACTACCTCACCAG-1_V13B23-285_B1,4
AGCACTTAAGGACGCC-1_V13B23-285_B1,1
AGCAGCCAGATGAATA-1_V13B23-285_B1,1
AGCATATCAATATGCT-1_V13B23-285_B1,4
AGCATCATTTCGAAAG-1_V13B23-285_B1,1
AGCATCGTCGATAATT-1_V13B23-285_B1,1
AGCCACTCCCGTGCTT-1_V13B23-285_B1,2
AGCCCATACATGTAAG-1_V13B23-285_B1,1
AGCCCGGTAGCCTGTA-1_V13B23-285_B1,1
AGCCCTAAGCGAAGTT-1_V13B23-285_B1,3
AGCCCTGTCGCACCGT-1_V13B23-285_B1,3
AGCCCTTCTAATCCGA-1_V13B23-285_B1,1
AGCCCTTGGACATCCC-1_V13B23-285_B1,4
AGCCGTGGCTAAATGT-1_V13B23-285_B1,1
AGCCTAATACCCACGT-1_V13B23-285_B1,1
AGCCTTAAAGCGGAAG-1_V13B23-285_B1,1
AGCGACAGGAACGGTC-1_V13B23-285_B1,1
AGCGACATCCCATTCA-1_V13B23-285_B1,2
AGCGACCAACGATATT-1_V13B23-285_B1,1
AGCGCATAATGAATCG-1_V13B23-285_B1,1
AGCGCGGGTGCCAATG-1_V13B23-285_B1,1
AGCGCTAGAGCGATGT-1_V13B23-285_B1,3
AGCGCTTATGGGCAAG-1_V13B23-285_B1,2
AGCGGACACTTCGTAG-1_V13B23-285_B1,1
AGCGGCGGTTAGCGGT-1_V13B23-285_B1,1
AGCGGGAAGGGTCCAT-1_V13B23-285_B1,2
AGCGGTTGCCGCTCTG-1_V13B23-285_B1,1
AGCGTGGTATTCTACT-1_V13B23-285_B1,4
AGCTAACAAGCAATGT-1_V13B23-285_B1,1
AGCTAGAAGCAGAAGT-1_V13B23-285_B1,1
AGCTCCATATATGTTC-1_V13B23-285_B1,4
AGCTCCTTCGCACATC-1_V13B23-285_B1,4
AGCTCGTTGATGGAAA-1_V13B23-285_B1,1
AGCTCTAGACGTTCCA-1_V13B23-285_B1,4
AGCTCTTCCCAGTGCA-1_V13B23-285_B1,2
AGCTCTTCGTAACCTT-1_V13B23-285_B1,4
AGCTCTTTACTCAGTT-1_V13B23-285_B1,1
AGCTGAAGTAAACCAA-1_V13B23-285_B1,2
AGCTGTAACCTCAATC-1_V13B23-285_B1,1
AGCTTGATCTTAACTT-1_V13B23-285_B1,1
AGGAAGCTGTCCGCCG-1_V13B23-285_B1,1
AGGACAGTCGAATCCC-1_V13B23-285_B1,4
AGGACATCGCACGTCG-1_V13B23-285_B1,1
AGGACGACCCATTAGA-1_V13B23-285_B1,1
AGGACGCTCGATGTTG-1_V13B23-285_B1,2
AGGAGACATCCACAGT-1_V13B23-285_B1,1
AGGAGAGTCTGGCTAC-1_V13B23-285_B1,1
AGGAGGCCTTCGCGCG-1_V13B23-285_B1,4
AGGATAAAGTCGGGAT-1_V13B23-285_B1,1
AGGATATAGGGATTTA-1_V13B23-285_B1,4
AGGATCACGCGATCTG-1_V13B23-285_B1,1
AGGATTGCTTACGACA-1_V13B23-285_B1,1
AGGCACGTGACTGTCC-1_V13B23-285_B1,4
AGGCAGATGCGTAAAC-1_V13B23-285_B1,1
AGGCAGGGAGCGTACT-1_V13B23-285_B1,1
AGGCATTGTCGTAGGG-1_V13B23-285_B1,4
AGGCCACATTGGTTAC-1_V13B23-285_B1,4
AGGCCACCCGTTATGA-1_V13B23-285_B1,1
AGGCCCATTGTACAGG-1_V13B23-285_B1,2
AGGCCCTAGAACGCCA-1_V13B23-285_B1,1
AGGCCTGAGAATCTCG-1_V13B23-285_B1,4
AGGCGATAACTGGCGT-1_V13B23-285_B1,4
AGGCGGTTTGTCCCGC-1_V13B23-285_B1,1
AGGCGTCTATGGACGG-1_V13B23-285_B1,2
AGGCTATGGTTAGCTT-1_V13B23-285_B1,1
AGGCTTCCCGAAGAAG-1_V13B23-285_B1,1
AGGCTTGCTAGACACC-1_V13B23-285_B1,1
AGGGAAACGAGGTACT-1_V13B23-285_B1,2
AGGGACCGGCTGCGTT-1_V13B23-285_B1,4
AGGGACTCTACGCGAC-1_V13B23-285_B1,1
AGGGAGACATACTTCG-1_V13B23-285_B1,1
AGGGCGAGCAGCTGAT-1_V13B23-285_B1,1
AGGGCGTGATCGGCTA-1_V13B23-285_B1,2
AGGGCTGCAGTTACAG-1_V13B23-285_B1,4
AGGGTCAGTAACCCTA-1_V13B23-285_B1,2
AGGGTCGATGCGAACT-1_V13B23-285_B1,4
AGGGTGCTCTCGAGGG-1_V13B23-285_B1,4
AGGGTGGATAGTGCAT-1_V13B23-285_B1,1
AGGGTTCCCTTTGGTT-1_V13B23-285_B1,1
AGGGTTTAGTTCGGGA-1_V13B23-285_B1,4
AGGTAACCTCCTATTC-1_V13B23-285_B1,2
AGGTACGATATTGCCA-1_V13B23-285_B1,2
AGGTAGGTACAAAGCT-1_V13B23-285_B1,1
AGGTATAATTGATAGT-1_V13B23-285_B1,4
AGGTATGCGGACATTA-1_V13B23-285_B1,4
AGGTCAGGTGAGAGTG-1_V13B23-285_B1,1
AGGTCGCCTCCCAACA-1_V13B23-285_B1,4
AGGTCGCGGAGTTACT-1_V13B23-285_B1,1
AGGTGTATCGCCATGA-1_V13B23-285_B1,1
AGGTTACACCATGCCG-1_V13B23-285_B1,3
AGGTTGAGGCACGCTT-1_V13B23-285_B1,2
AGGTTTCACACACCTT-1_V13B23-285_B1,1
AGTACATCATTTATCA-1_V13B23-285_B1,1
AGTACCTTCGAGTGCT-1_V13B23-285_B1,2
AGTACGGGCACCTGGC-1_V13B23-285_B1,1
AGTACTCTTATGCCCA-1_V13B23-285_B1,4
AGTAGGAAGGAAGTTG-1_V13B23-285_B1,2
AGTAGGTAACATACAT-1_V13B23-285_B1,2
AGTATAATACTAGGCA-1_V13B23-285_B1,1
AGTATGCTGGAGACCA-1_V13B23-285_B1,1
AGTATTTGGCACGACC-1_V13B23-285_B1,1
AGTCAACACCACCATC-1_V13B23-285_B1,1
AGTCAAGATGACACTT-1_V13B23-285_B1,4
AGTCACTAGCTCTCGA-1_V13B23-285_B1,4
AGTCAGCCACCGCCTG-1_V13B23-285_B1,1
AGTCCATTGGCTGATG-1_V13B23-285_B1,4
AGTCCCGCCTTTAATT-1_V13B23-285_B1,2
AGTCCCTCGCAGAAAG-1_V13B23-285_B1,1
AGTCGACGGTCTCAAG-1_V13B23-285_B1,4
AGTCGGCCCAAACGAC-1_V13B23-285_B1,1
AGTCGGCTCAACTTTA-1_V13B23-285_B1,1
AGTCGGTTGCGTGAGA-1_V13B23-285_B1,4
AGTCGTCGACCACCAA-1_V13B23-285_B1,4
AGTCGTGGGCATTACG-1_V13B23-285_B1,1
AGTCTAAAGTATACTC-1_V13B23-285_B1,1
AGTCTCACAAGACTAC-1_V13B23-285_B1,1
AGTCTGGACATCCTTG-1_V13B23-285_B1,1
AGTCTTCTCCTCAAAT-1_V13B23-285_B1,2
AGTGAACAAACTTCTC-1_V13B23-285_B1,4
AGTGAAGATGGTGTCC-1_V13B23-285_B1,1
AGTGACCTACTTTACG-1_V13B23-285_B1,1
AGTGAGACTTCCAGTA-1_V13B23-285_B1,4
AGTGAGCCTCGCCGCC-1_V13B23-285_B1,1
AGTGAGGGTTTCTGAC-1_V13B23-285_B1,2
AGTGATAACCTGCGCG-1_V13B23-285_B1,4
AGTGATATGAGTAGTT-1_V13B23-285_B1,1
AGTGATTCAAGCAGGA-1_V13B23-285_B1,1
AGTGCACGCTTAAGAA-1_V13B23-285_B1,4
AGTGCGTAGCTCGTAA-1_V13B23-285_B1,1
AGTGCTAAACACAGCA-1_V13B23-285_B1,4
AGTGCTTGCACGAATA-1_V13B23-285_B1,4
AGTGGCGGCAATTTGA-1_V13B23-285_B1,1
AGTGGCGTCTGAAGGT-1_V13B23-285_B1,4
AGTGGTTGCGTATAGG-1_V13B23-285_B1,1
AGTGTATTGCGCATTG-1_V13B23-285_B1,2
AGTGTGCTAAGATCGC-1_V13B23-285_B1,1
AGTGTGGTCTATTGTG-1_V13B23-285_B1,1
AGTTAAACACTTGCGA-1_V13B23-285_B1,1
AGTTAAGCGGTCCCGG-1_V13B23-285_B1,2
AGTTAAGTCAACCGCT-1_V13B23-285_B1,1
AGTTACCCTTAAGACT-1_V13B23-285_B1,1
AGTTACCGCACATGGT-1_V13B23-285_B1,1
AGTTACTCTATCGTGG-1_V13B23-285_B1,2
AGTTCACCGGTTGGAC-1_V13B23-285_B1,1
AGTTCCTACAGAATTA-1_V13B23-285_B1,1
AGTTCCTATTTATGTT-1_V13B23-285_B1,1
AGTTCTGCGTTGTATC-1_V13B23-285_B1,2
AGTTGCTGACTGATAT-1_V13B23-285_B1,2
AGTTTATGTAAAGACA-1_V13B23-285_B1,1
AGTTTCGCAGGTCGGA-1_V13B23-285_B1,2
AGTTTGCACCTGCCTC-1_V13B23-285_B1,4
AGTTTGGCACGGGTTG-1_V13B23-285_B1,4
AGTTTGGCCAGACCTA-1_V13B23-285_B1,1
ATAAACGGACCCGTAA-1_V13B23-285_B1,1
ATAAACGTTGCACCAC-1_V13B23-285_B1,4
ATAAAGGCTCGGTCGT-1_V13B23-285_B1,1
ATAAATATTAGCAGCT-1_V13B23-285_B1,1
ATAACGCCGGAGGGTC-1_V13B23-285_B1,4
ATAACGGAGTCCAACG-1_V13B23-285_B1,1
ATAAGGTGGAGAACAT-1_V13B23-285_B1,4
ATAAGTAGGATTCAGA-1_V13B23-285_B1,1
ATAAGTAGGGCGACTC-1_V13B23-285_B1,4
ATAAGTTACCGCGACG-1_V13B23-285_B1,1
ATAATACCGTTAGCCG-1_V13B23-285_B1,2
ATAATAGCTGTTGAAT-1_V13B23-285_B1,1
ATAATAGTGTAGGGAC-1_V13B23-285_B1,1
ATAATCTTGGAGAACC-1_V13B23-285_B1,4
ATACAGGCCCTCCAAT-1_V13B23-285_B1,4
ATACCACGGGCAACTT-1_V13B23-285_B1,1
ATACCGTCATCCATAA-1_V13B23-285_B1,2
ATACCTAACCAAGAAA-1_V13B23-285_B1,1
ATACGAAGGCTTTCCA-1_V13B23-285_B1,4
ATACGCCGGCGAAACC-1_V13B23-285_B1,4
ATACGGAACGTCGTTT-1_V13B23-285_B1,1
ATACGGGTTTCGATTG-1_V13B23-285_B1,2
ATACGGTGAAGATGCA-1_V13B23-285_B1,1
ATACGTACTTAGCCAC-1_V13B23-285_B1,4
ATACGTCCACTCCTGT-1_V13B23-285_B1,4
ATACTACCCGTACCAC-1_V13B23-285_B1,4
ATACTAGCATGACCCT-1_V13B23-285_B1,2
ATACTGCCTTACACCG-1_V13B23-285_B1,4
ATAGACAACGGGACCT-1_V13B23-285_B1,1
ATAGACGAAGAGAAAG-1_V13B23-285_B1,1
ATAGAGTACTGGGACA-1_V13B23-285_B1,1
ATAGAGTTATCAACTT-1_V13B23-285_B1,1
ATAGCAACTAGGGAAG-1_V13B23-285_B1,4
ATAGCCTCAGTACCCA-1_V13B23-285_B1,1
ATAGCTGCTCTTGTTA-1_V13B23-285_B1,1
ATAGGCGGCTATAGAA-1_V13B23-285_B1,1
ATAGGCTAGCTTCGCA-1_V13B23-285_B1,1
ATAGGGATATCCTTGA-1_V13B23-285_B1,2
ATAGGTTGGGCAGATG-1_V13B23-285_B1,1
ATAGTGAAGCGTTCTC-1_V13B23-285_B1,1
ATAGTTCCACCCACTC-1_V13B23-285_B1,4
ATATAAAGCGCTCGTG-1_V13B23-285_B1,1
ATATAAATGTAGCTGC-1_V13B23-285_B1,4
ATATACGCTCGTGACG-1_V13B23-285_B1,4
ATATCAACCTACAGAG-1_V13B23-285_B1,4
ATATCAATTCCAGCCT-1_V13B23-285_B1,1
ATATCGGTAGGGAGAT-1_V13B23-285_B1,4
ATATCGTTCCTCGAAC-1_V13B23-285_B1,4
ATATCTCCCTCGTTAA-1_V13B23-285_B1,2
ATATCTTAGGGCCTTC-1_V13B23-285_B1,4
ATATGTCTCCCTAGCC-1_V13B23-285_B1,4
ATATTCAGTTAAACCT-1_V13B23-285_B1,1
ATATTCCACATAGTGA-1_V13B23-285_B1,4
ATATTGCTGTCAAAGT-1_V13B23-285_B1,1
ATATTGGAGAGGCCTT-1_V13B23-285_B1,4
ATATTTAACCCTCAAG-1_V13B23-285_B1,1
ATCAAACACTGTTCCA-1_V13B23-285_B1,4
ATCAAACGAAGGTTTG-1_V13B23-285_B1,1
ATCAATCTGGGCTGCA-1_V13B23-285_B1,4
ATCAATGCCGTGGCTG-1_V13B23-285_B1,1
ATCACATTAGAATATC-1_V13B23-285_B1,2
ATCACGTGCTAATTAA-1_V13B23-285_B1,1
ATCACTTCATCCTCGC-1_V13B23-285_B1,2
ATCAGACGGCACGCCG-1_V13B23-285_B1,1
ATCAGCCTCATGCTGC-1_V13B23-285_B1,4
ATCAGCTCGTCCACTA-1_V13B23-285_B1,1
ATCAGTAGGCAGGGAT-1_V13B23-285_B1,1
ATCATAGCCCTATGTA-1_V13B23-285_B1,4
ATCATCCAATATTTGT-1_V13B23-285_B1,1
ATCATGGACTACCGAC-1_V13B23-285_B1,4
ATCCAACGCAGTCATA-1_V13B23-285_B1,1
ATCCAATGGAGGGTCC-1_V13B23-285_B1,1
ATCCACATCGACAGAA-1_V13B23-285_B1,1
ATCCAGAGCAACAACC-1_V13B23-285_B1,1
ATCCAGGATTCGTGAA-1_V13B23-285_B1,1
ATCCTACCTAAGCTCT-1_V13B23-285_B1,1
ATCCTGCGTGGAATGG-1_V13B23-285_B1,1
ATCCTTCTGAAAGAAC-1_V13B23-285_B1,4
ATCGACCCAATACAGA-1_V13B23-285_B1,1
ATCGACTCTTTCCGTT-1_V13B23-285_B1,1
ATCGCACGCCGGGAGA-1_V13B23-285_B1,1
ATCGCCAGTCAACATT-1_V13B23-285_B1,4
ATCGCTGCGTGCAGCA-1_V13B23-285_B1,1
ATCGCTTTACGTCTCA-1_V13B23-285_B1,1
ATCGGAGACAGACGGC-1_V13B23-285_B1,4
ATCGGCAAGCAGTCCA-1_V13B23-285_B1,2
ATCGGTTACCTAGTAA-1_V13B23-285_B1,1
ATCGTTAGCTAGCGGA-1_V13B23-285_B1,4
ATCGTTCACTTTCGCC-1_V13B23-285_B1,2
ATCTAATATCCTACGG-1_V13B23-285_B1,1
ATCTCCCACGGAATAT-1_V13B23-285_B1,4
ATCTCGTGAGCGAAAC-1_V13B23-285_B1,4
ATCTGATAGTGTCTTA-1_V13B23-285_B1,1
ATCTGCACCTCTGCGA-1_V13B23-285_B1,1
ATCTGGGCTGTTCTTG-1_V13B23-285_B1,1
ATCTGGTTAAGACTGT-1_V13B23-285_B1,1
ATCTGTAATTGTACCC-1_V13B23-285_B1,2
ATCTTGACCTGCAACG-1_V13B23-285_B1,1
ATCTTGACTTGTCCAA-1_V13B23-285_B1,1
ATCTTTCGTATAACCA-1_V13B23-285_B1,1
ATGAAGCCAAGGAGCC-1_V13B23-285_B1,1
ATGACGCCGGCTCTAA-1_V13B23-285_B1,2
ATGACGCGTTCTATCC-1_V13B23-285_B1,1
ATGACTATGCGACATT-1_V13B23-285_B1,4
ATGAGGAGTGTTAATC-1_V13B23-285_B1,1
ATGAGGGCAGCGGCTA-1_V13B23-285_B1,4
ATGATCGGGAATAGAC-1_V13B23-285_B1,2
ATGATGCAATGGTACA-1_V13B23-285_B1,1
ATGCACGCGCTGTTCA-1_V13B23-285_B1,1
ATGCACTACCGCATTG-1_V13B23-285_B1,1
ATGCATGATCCAGGAT-1_V13B23-285_B1,1
ATGCCAATCGCTCTGC-1_V13B23-285_B1,2
ATGCCATTTGCGACCA-1_V13B23-285_B1,4
ATGCCGGTCTTGCATA-1_V13B23-285_B1,3
ATGCCGGTTGATGGGA-1_V13B23-285_B1,2
ATGCGACAATTGGTCC-1_V13B23-285_B1,2
ATGCGACAGTCCCATT-1_V13B23-285_B1,4
ATGCGAGTCCCACCAC-1_V13B23-285_B1,4
ATGCTCAGTGTTGCAT-1_V13B23-285_B1,1
ATGCTCTGGCGCGGTA-1_V13B23-285_B1,4
ATGCTTAGGAGTTGAT-1_V13B23-285_B1,4
ATGGAAATTTAAGGAG-1_V13B23-285_B1,1
ATGGAACCTTTGCACA-1_V13B23-285_B1,4
ATGGAGCAGGCCGTGA-1_V13B23-285_B1,4
ATGGATCCGGCGTCCG-1_V13B23-285_B1,3
ATGGATTGACCAAACG-1_V13B23-285_B1,1
ATGGCAGCCGAGAAAC-1_V13B23-285_B1,1
ATGGCGGAATAGTCGC-1_V13B23-285_B1,1
ATGGCTGGAAATGGCC-1_V13B23-285_B1,2
ATGGGACCTGCTGAAC-1_V13B23-285_B1,1
ATGGGCCTCGGCCTCT-1_V13B23-285_B1,4
ATGGTCGCGTGGTTTC-1_V13B23-285_B1,4
ATGTAAGGCTGCTCTT-1_V13B23-285_B1,1
ATGTGAAAGCCTAATG-1_V13B23-285_B1,1
ATGTGCATCCGACGCA-1_V13B23-285_B1,1
ATGTGGACATCTTGAT-1_V13B23-285_B1,4
ATGTTACGAGCAATAC-1_V13B23-285_B1,1
ATGTTCCTGCCCACCT-1_V13B23-285_B1,1
ATGTTCGTCGACCCAC-1_V13B23-285_B1,1
ATGTTTCGGCCCGGAG-1_V13B23-285_B1,1
ATTAAACATGCGGACC-1_V13B23-285_B1,1
ATTAATACTACGCGGG-1_V13B23-285_B1,2
ATTAATGAACCAGTCG-1_V13B23-285_B1,2
ATTAATTCGGTCACTC-1_V13B23-285_B1,3
ATTACAACTACCGGCC-1_V13B23-285_B1,2
ATTACATGTCAGTCTT-1_V13B23-285_B1,4
ATTACCACACTGCCTG-1_V13B23-285_B1,4
ATTACGACTCCACAGT-1_V13B23-285_B1,1
ATTACGCGCTGGCAGG-1_V13B23-285_B1,1
ATTACTAGCCTCTTGC-1_V13B23-285_B1,1
ATTACTTACTGGGCAT-1_V13B23-285_B1,1
ATTAGATTCCTCAGCA-1_V13B23-285_B1,1
ATTAGATTGATAGCGG-1_V13B23-285_B1,1
ATTAGGCGATGCTTTC-1_V13B23-285_B1,4
ATTATAGCTACTTTAC-1_V13B23-285_B1,1
ATTATGCCATAGGGAG-1_V13B23-285_B1,1
ATTATTATGTCCGTCA-1_V13B23-285_B1,1
ATTCAACCATTTAAGG-1_V13B23-285_B1,4
ATTCACTGATGTTGGA-1_V13B23-285_B1,1
ATTCAGGACCTATTTC-1_V13B23-285_B1,1
ATTCAGTAGCAGGGTC-1_V13B23-285_B1,1
ATTCATATACTGTCCA-1_V13B23-285_B1,1
ATTCATCGTTGAGGCA-1_V13B23-285_B1,1
ATTCCCACATAAACAA-1_V13B23-285_B1,1
ATTCCTAAGACGTGGA-1_V13B23-285_B1,2
ATTCCTCCGCCAGTGC-1_V13B23-285_B1,1
ATTCGACGCCGGGCCT-1_V13B23-285_B1,1
ATTCGCAGAGGACACT-1_V13B23-285_B1,2
ATTCGTGCTATCTCTT-1_V13B23-285_B1,4
ATTCTTCGTACTTATG-1_V13B23-285_B1,2
ATTGAAGATCTTAGTG-1_V13B23-285_B1,1
ATTGACCGGCGATGAC-1_V13B23-285_B1,1
ATTGATAGCAACGAGA-1_V13B23-285_B1,2
ATTGATGAGTCCTAAC-1_V13B23-285_B1,4
ATTGCGATCAGTAACT-1_V13B23-285_B1,4
ATTGCTGCTCCTCCAT-1_V13B23-285_B1,1
ATTGGATTACAGCGTA-1_V13B23-285_B1,4
ATTGTACAACTCGGCT-1_V13B23-285_B1,4
ATTGTCGCAATACCTT-1_V13B23-285_B1,2
ATTGTGACTTCGCTGC-1_V13B23-285_B1,2
ATTGTTCAACGATCCG-1_V13B23-285_B1,4
ATTTAACTCGTATTAC-1_V13B23-285_B1,2
ATTTACAGTTTACTGG-1_V13B23-285_B1,1
ATTTACTAAGTCCATT-1_V13B23-285_B1,1
ATTTCATTATTTCGCG-1_V13B23-285_B1,3
ATTTCCGGGTTCTGCG-1_V13B23-285_B1,1
ATTTGCGCGAGTAGCT-1_V13B23-285_B1,1
ATTTGTCTTGGGAGCT-1_V13B23-285_B1,4
ATTTGTTCCAGGGCTC-1_V13B23-285_B1,2
CAAACGAGTATCGCAG-1_V13B23-285_B1,1
CAAACGGTCGCACTTT-1_V13B23-285_B1,1
CAAACTACGATAGAGA-1_V13B23-285_B1,2
CAAACTATTGAGCTTC-1_V13B23-285_B1,2
CAAACTCGCGACGCCG-1_V13B23-285_B1,4
CAAAGATTATTGGGCC-1_V13B23-285_B1,1
CAAAGGTCATCTGAAA-1_V13B23-285_B1,4
CAAAGTCAGGTTAGCT-1_V13B23-285_B1,1
CAAATCTCTCACAAGG-1_V13B23-285_B1,1
CAAATGTCCTTCCGTG-1_V13B23-285_B1,1
CAAATTGGATTATGCC-1_V13B23-285_B1,1
CAAATTGTCAGCAAGC-1_V13B23-285_B1,2
CAACACATCTCCTGCC-1_V13B23-285_B1,1
CAACCAGTGGCCTACC-1_V13B23-285_B1,4
CAACCTACCGAGCAGT-1_V13B23-285_B1,4
CAACCTGAACCTGCCA-1_V13B23-285_B1,1
CAACGACCCGTTTACA-1_V13B23-285_B1,1
CAACGGTTCTTGATAC-1_V13B23-285_B1,1
CAACGTGGTGGAGTCT-1_V13B23-285_B1,4
CAACTATATCGAATGC-1_V13B23-285_B1,3
CAACTCCGTAACTTGC-1_V13B23-285_B1,2
CAACTCCTTGATCCCG-1_V13B23-285_B1,1
CAACTGCTCATCCGAT-1_V13B23-285_B1,1
CAAGACTCAGAAGCGC-1_V13B23-285_B1,1
CAAGAGGGCGGAGTAC-1_V13B23-285_B1,4
CAAGATATTATAACGT-1_V13B23-285_B1,4
CAAGCAACGTCGGAGT-1_V13B23-285_B1,1
CAAGCGGCACATAATT-1_V13B23-285_B1,4
CAAGGATCGCATGTTC-1_V13B23-285_B1,4
CAAGGTCCTATAGGCT-1_V13B23-285_B1,4
CAAGTGTGGTTGCAAA-1_V13B23-285_B1,4
CAATAAACCTTGGCCC-1_V13B23-285_B1,1
CAATACGAGAGTCTGA-1_V13B23-285_B1,3
CAATATTCTTGACCTA-1_V13B23-285_B1,1
CAATCCCTATACCAGC-1_V13B23-285_B1,2
CAATCCTGCCGTGGAG-1_V13B23-285_B1,1
CAATGAGGTTCGACTA-1_V13B23-285_B1,1
CAATGCGAGAAGTATC-1_V13B23-285_B1,4
CAATGGAATCTACATA-1_V13B23-285_B1,2
CAATGGATCTCTACCA-1_V13B23-285_B1,1
CAATGTGCCAACCCTT-1_V13B23-285_B1,4
CAATTAAGGGTGATGA-1_V13B23-285_B1,1
CAATTTCGTATAAGGG-1_V13B23-285_B1,4
CACAAGAAAGATATTA-1_V13B23-285_B1,2
CACAATGAGCTGCTAT-1_V13B23-285_B1,1
CACACACGCTAACGAG-1_V13B23-285_B1,4
CACACAGCTTGCGCTC-1_V13B23-285_B1,4
CACACAGGGATAGATT-1_V13B23-285_B1,1
CACACGCGCTGTCTTA-1_V13B23-285_B1,1
CACAGCACCCACGGCA-1_V13B23-285_B1,1
CACAGCTAGGGAGTGA-1_V13B23-285_B1,2
CACAGGGCCATATAGT-1_V13B23-285_B1,4
CACAGGGCCGTTGTCA-1_V13B23-285_B1,1
CACAGTCCCGCTTCGC-1_V13B23-285_B1,4
CACAGTTCGCTTCCCA-1_V13B23-285_B1,4
CACATATTAGCAGGAT-1_V13B23-285_B1,4
CACATCGTGCACGCGC-1_V13B23-285_B1,1
CACATCTCACCGACGA-1_V13B23-285_B1,4
CACATGATTCAGCAAC-1_V13B23-285_B1,1
CACATTCTTTCGATGG-1_V13B23-285_B1,2
CACATTTCTTGTCAGA-1_V13B23-285_B1,4
CACCAGTCAGCATGCA-1_V13B23-285_B1,1
CACCATCGGAGGAGAC-1_V13B23-285_B1,2
CACCATGATCGCAAAG-1_V13B23-285_B1,2
CACCCAAATCTTATGT-1_V13B23-285_B1,4
CACCCACACGTCACCC-1_V13B23-285_B1,2
CACCCACGAGGCAATT-1_V13B23-285_B1,2
CACCCGGTTTGTGACT-1_V13B23-285_B1,1
CACCCTAACAAGATCT-1_V13B23-285_B1,4
CACCCTTGGTGAGACC-1_V13B23-285_B1,1
CACCGATACACCGAGC-1_V13B23-285_B1,2
CACCGCCAGAAGGTTT-1_V13B23-285_B1,1
CACCGCGTCCACTCTA-1_V13B23-285_B1,2
CACCGTATCCCATCCG-1_V13B23-285_B1,4
CACCGTTAGGGATCAC-1_V13B23-285_B1,1
CACCGTTGCGCGATAT-1_V13B23-285_B1,1
CACCTAATAGAGTCGT-1_V13B23-285_B1,1
CACCTAATCAGTTTAC-1_V13B23-285_B1,2
CACCTCGATGGTGGAC-1_V13B23-285_B1,2
CACCTTGCGAAACTCG-1_V13B23-285_B1,1
CACCTTGGCGCCTTTG-1_V13B23-285_B1,4
CACGAAAGTTAGTCCC-1_V13B23-285_B1,1
CACGCACAGCGCAGCT-1_V13B23-285_B1,1
CACGCAGCGAGGCTTT-1_V13B23-285_B1,1
CACGCGGAACTGTTGC-1_V13B23-285_B1,4
CACGGACGTGGATGGC-1_V13B23-285_B1,1
CACGGCGCGCCAAAGG-1_V13B23-285_B1,2
CACGTCAATCAATGGA-1_V13B23-285_B1,4
CACGTCGGCAACCTCT-1_V13B23-285_B1,1
CACGTTCGTGCTCTAG-1_V13B23-285_B1,4
CACGTTTCGTACACAC-1_V13B23-285_B1,4
CACTAAAGTTGCCTAT-1_V13B23-285_B1,1
CACTACGGGAGCTGCC-1_V13B23-285_B1,4
CACTCAAGAGCTATGG-1_V13B23-285_B1,1
CACTCAGCTCTTGAGG-1_V13B23-285_B1,2
CACTCCTATGTAAGAT-1_V13B23-285_B1,1
CACTCCTCTCGGTCGG-1_V13B23-285_B1,2
CACTCGAGCTGAACAA-1_V13B23-285_B1,4
CACTCGGTTAGGAGGA-1_V13B23-285_B1,1
CACTCTTCTGCTAGCC-1_V13B23-285_B1,4
CACTGTCCAAGTGAGA-1_V13B23-285_B1,1
CACTTAATCAGACGGA-1_V13B23-285_B1,1
CACTTCGCCACAGGCT-1_V13B23-285_B1,1
CACTTCGTCTTATCTC-1_V13B23-285_B1,2
CAGAACTTAGCCCTCT-1_V13B23-285_B1,4
CAGAATAACACACGGA-1_V13B23-285_B1,4
CAGAATATTCGTTATC-1_V13B23-285_B1,4
CAGACACCGATCGCTG-1_V13B23-285_B1,1
CAGACCTGTAAGTGTT-1_V13B23-285_B1,1
CAGACGAACCTGATAC-1_V13B23-285_B1,1
CAGAGACGGTCACCCA-1_V13B23-285_B1,1
CAGAGCATGAGCTTGC-1_V13B23-285_B1,1
CAGAGGCGATGCATGA-1_V13B23-285_B1,1
CAGATACTAACATAGT-1_V13B23-285_B1,1
CAGATCATTTAAAGTC-1_V13B23-285_B1,1
CAGATCCTGGTTTGAA-1_V13B23-285_B1,1
CAGCAGCCCGTTCCTT-1_V13B23-285_B1,1
CAGCAGTCCAGACTAT-1_V13B23-285_B1,4
CAGCAGTCTGTGCTGC-1_V13B23-285_B1,4
CAGCCGGGCCCTCTAT-1_V13B23-285_B1,2
CAGCCTCCTGCAGAGG-1_V13B23-285_B1,2
CAGCCTCTCCTCAAGA-1_V13B23-285_B1,2
CAGCGATTCCCTTCAA-1_V13B23-285_B1,1
CAGCTCACTGAGACAT-1_V13B23-285_B1,1
CAGCTCGACAAGTTAA-1_V13B23-285_B1,1
CAGCTCGTGCTTGTGT-1_V13B23-285_B1,2
CAGCTGGCGTAACCGT-1_V13B23-285_B1,1
CAGCTTAGTAGGTAGC-1_V13B23-285_B1,1
CAGGAAGACTTTATAT-1_V13B23-285_B1,2
CAGGACAGCTGCCCTT-1_V13B23-285_B1,1
CAGGATATATCGTTGT-1_V13B23-285_B1,1
CAGGCCGTTTGGGTGT-1_V13B23-285_B1,1
CAGGCGCACGGTGGTC-1_V13B23-285_B1,1
CAGGCGCCATGCTAGG-1_V13B23-285_B1,4
CAGGTTTAGTACTACA-1_V13B23-285_B1,2
CAGTAACTATTTATTG-1_V13B23-285_B1,1
CAGTAATCCCTCCCAG-1_V13B23-285_B1,1
CAGTACATTCTCTAAA-1_V13B23-285_B1,1
CAGTACCAGTTTACGT-1_V13B23-285_B1,1
CAGTAGCCCACGCGGT-1_V13B23-285_B1,1
CAGTCGAGGATGCAAT-1_V13B23-285_B1,1
CAGTCTGTATACTGGG-1_V13B23-285_B1,1
CAGTGAATAAATGACT-1_V13B23-285_B1,1
CAGTGGTTGCACATGA-1_V13B23-285_B1,1
CAGTGTCCGCAGAATG-1_V13B23-285_B1,1
CAGTGTCGGCTGGCCC-1_V13B23-285_B1,4
CAGTTCAAATTGACAC-1_V13B23-285_B1,1
CAGTTCCGCGGGTCGA-1_V13B23-285_B1,1
CATAACGGACAGTCGT-1_V13B23-285_B1,4
CATAAGAAGCTTGGCT-1_V13B23-285_B1,4
CATAAGCTCTCCGTCT-1_V13B23-285_B1,1
CATACAAAGCCGAACC-1_V13B23-285_B1,2
CATACACGGTTCCCAC-1_V13B23-285_B1,1
CATACCCGTACCCAGT-1_V13B23-285_B1,1
CATACGGCGTCTGGGC-1_V13B23-285_B1,1
CATACTATGTAATTGT-1_V13B23-285_B1,1
CATACTTAGGCAATAC-1_V13B23-285_B1,4
CATAGCCGCCCGGGAT-1_V13B23-285_B1,1
CATAGCGTTGCCCACC-1_V13B23-285_B1,1
CATAGTACATTGAGAG-1_V13B23-285_B1,2
CATAGTAGCATAGTAG-1_V13B23-285_B1,1
CATAGTCCACAAGAAC-1_V13B23-285_B1,1
CATATACTACTGATAA-1_V13B23-285_B1,1
CATATAGGTACAGTCA-1_V13B23-285_B1,1
CATATGTCAGGCTACG-1_V13B23-285_B1,1
CATATTATTTGCCCTA-1_V13B23-285_B1,2
CATCAAACTGGCGCCC-1_V13B23-285_B1,2
CATCAACACCTACTAA-1_V13B23-285_B1,1
CATCATCTACCCGGAC-1_V13B23-285_B1,2
CATCATTACCCTGAGG-1_V13B23-285_B1,4
CATCCGCAGGCCCGAA-1_V13B23-285_B1,2
CATCCTCTCAAAGATC-1_V13B23-285_B1,4
CATCGCCCGCGGCCAA-1_V13B23-285_B1,2
CATCGGACGGGTTAAT-1_V13B23-285_B1,1
CATCGTCCGGTTACTA-1_V13B23-285_B1,1
CATCTAGTGAAGGGAA-1_V13B23-285_B1,4
CATCTATCCCGTGTCT-1_V13B23-285_B1,2
CATCTGCAGGATCATT-1_V13B23-285_B1,1
CATCTTACACCACCTC-1_V13B23-285_B1,4
CATGACTTCGCTGAAT-1_V13B23-285_B1,4
CATGAGATGCACTCTC-1_V13B23-285_B1,4
CATGATGCACAATTCT-1_V13B23-285_B1,2
CATGATGGAAGTTAGC-1_V13B23-285_B1,4
CATGCCAACTCGCAAA-1_V13B23-285_B1,1
CATGCGACCAGTTTAA-1_V13B23-285_B1,1
CATGCGTTAGACAGAA-1_V13B23-285_B1,3
CATGCTGGCTCCAATT-1_V13B23-285_B1,2
CATGGATTGTCTTCCG-1_V13B23-285_B1,4
CATGGCAGGAAGATCG-1_V13B23-285_B1,3
CATGGGTATGCCTTAT-1_V13B23-285_B1,4
CATGGGTCGGGTGTGG-1_V13B23-285_B1,2
CATGGTAAGTAGCGTT-1_V13B23-285_B1,4
CATGGTATTAGTTTGT-1_V13B23-285_B1,1
CATGGTCTAGATACCG-1_V13B23-285_B1,1
CATGTAAGAGACATTT-1_V13B23-285_B1,4
CATGTAGGAGCGCCAA-1_V13B23-285_B1,2
CATGTCTCATTTATGG-1_V13B23-285_B1,4
CATTACATAGATTGTG-1_V13B23-285_B1,1
CATTACGTCGGCCCGT-1_V13B23-285_B1,2
CATTATGCTTGTTGTG-1_V13B23-285_B1,1
CATTCCCATTCCGTCG-1_V13B23-285_B1,1
CATTCCCTAAGTACAA-1_V13B23-285_B1,2
CATTCGTCGTAGCGGT-1_V13B23-285_B1,4
CATTGATGAACACGCC-1_V13B23-285_B1,1
CATTGCGGGTCAATTC-1_V13B23-285_B1,1
CATTGTGTGCTAGATC-1_V13B23-285_B1,2
CATTTAGCGGACCATG-1_V13B23-285_B1,1
CATTTCTAGCAGACTA-1_V13B23-285_B1,3
CATTTGAGTGGTACGT-1_V13B23-285_B1,1
CCAAACAGAACCCTCG-1_V13B23-285_B1,2
CCAAAGCAGTTGGTTG-1_V13B23-285_B1,1
CCAAATAACAAGATTC-1_V13B23-285_B1,4
CCAACGATGCACTGAT-1_V13B23-285_B1,1
CCAACGCTTGCCAGGG-1_V13B23-285_B1,2
CCAACTTGATAGATCC-1_V13B23-285_B1,4
CCAAGAAAGTGGGCGA-1_V13B23-285_B1,4
CCAAGACTTCTGCGAA-1_V13B23-285_B1,2
CCAAGCGTAACTCGTA-1_V13B23-285_B1,4
CCAAGGAACAGAGAGG-1_V13B23-285_B1,2
CCAAGTTTCTACAGAT-1_V13B23-285_B1,1
CCAATAGTGCCGTCGA-1_V13B23-285_B1,1
CCAATCGGTAGATCGA-1_V13B23-285_B1,2
CCAATGTCACAGCAAG-1_V13B23-285_B1,1
CCAATTACGGGTCGAG-1_V13B23-285_B1,2
CCAATTGAATGTTAAT-1_V13B23-285_B1,1
CCACAATGTACGTCTT-1_V13B23-285_B1,1
CCACACTGAGATATTA-1_V13B23-285_B1,1
CCACAGTACCCATCCT-1_V13B23-285_B1,4
CCACATACTGCACCCA-1_V13B23-285_B1,4
CCACCAACTTTACTGT-1_V13B23-285_B1,1
CCACCCAAGGAAAGTG-1_V13B23-285_B1,4
CCACCTGTATGGAATA-1_V13B23-285_B1,4
CCACGAATTTAACCTC-1_V13B23-285_B1,4
CCACGAGAAGAGAATC-1_V13B23-285_B1,2
CCACGGAGCCATAAGA-1_V13B23-285_B1,1
CCACGGTGCCCGGTAG-1_V13B23-285_B1,4
CCACGTAAATTAGACT-1_V13B23-285_B1,1
CCACTATCCGGGTCAC-1_V13B23-285_B1,1
CCACTGGTGGCTGGTT-1_V13B23-285_B1,1
CCACTGTTTGGATTAA-1_V13B23-285_B1,4
CCAGAAAGCAACTCAT-1_V13B23-285_B1,1
CCAGAGACAAAGCCGG-1_V13B23-285_B1,1
CCAGATAGTTGAGTGA-1_V13B23-285_B1,1
CCAGATGTAAATGGGT-1_V13B23-285_B1,1
CCAGCCTGGACCAATA-1_V13B23-285_B1,4
CCAGCGGGATCACCAG-1_V13B23-285_B1,1
CCAGCTGATGGTACTT-1_V13B23-285_B1,1
CCAGCTTCCGCCCGCA-1_V13B23-285_B1,1
CCAGGCTGGCGTCTGA-1_V13B23-285_B1,4
CCAGGGACGTGGCCTC-1_V13B23-285_B1,1
CCAGTAGTCTGATCCA-1_V13B23-285_B1,1
CCAGTCAAATCTCTTA-1_V13B23-285_B1,1
CCAGTCTAGACGGCGC-1_V13B23-285_B1,1
CCAGTCTTGTCATAGA-1_V13B23-285_B1,1
CCATAAACAACCCGAC-1_V13B23-285_B1,3
CCATACCTTTACTTGT-1_V13B23-285_B1,1
CCATAGGTTGGCGTGG-1_V13B23-285_B1,2
CCATAGTCAGTAACCC-1_V13B23-285_B1,2
CCATATGGAAACTATA-1_V13B23-285_B1,4
CCATATTGGATCATGA-1_V13B23-285_B1,1
CCATCCATACCAAGTC-1_V13B23-285_B1,2
CCATCGCAGTTAAACT-1_V13B23-285_B1,1
CCATCTCACCAGTGAA-1_V13B23-285_B1,4
CCATGCCCTAGATTTC-1_V13B23-285_B1,4
CCATGCCTGTTTAGTA-1_V13B23-285_B1,1
CCATGCTCTGCAGGAA-1_V13B23-285_B1,1
CCATGGCCCTTGTACC-1_V13B23-285_B1,1
CCATTAGCGATAATCC-1_V13B23-285_B1,1
CCATTCCCTGCCCACA-1_V13B23-285_B1,1
CCATTGTTTCCTCCAT-1_V13B23-285_B1,1
CCATTTCTACCTATTA-1_V13B23-285_B1,4
CCCAAACATGCTGCTC-1_V13B23-285_B1,4
CCCAACATACGTCGCG-1_V13B23-285_B1,1
CCCAATGAGATTTGCA-1_V13B23-285_B1,1
CCCAATTTCACAACTT-1_V13B23-285_B1,1
CCCAGAGGAGGGCGTA-1_V13B23-285_B1,1
CCCAGGTCTGAAGGCT-1_V13B23-285_B1,4
CCCAGTAAACTTGGGA-1_V13B23-285_B1,1
CCCAGTTAAGGCGCCG-1_V13B23-285_B1,4
CCCGACCATAGTCCGC-1_V13B23-285_B1,2
CCCGAGTTTCTCCGTA-1_V13B23-285_B1,4
CCCGATAGCCTCGCCT-1_V13B23-285_B1,4
CCCGCAGCGCGAACTA-1_V13B23-285_B1,4
CCCGCAGGGCCCAAAG-1_V13B23-285_B1,2
CCCGCCATGCTCCCGT-1_V13B23-285_B1,1
CCCGCGCAATGCACCC-1_V13B23-285_B1,1
CCCGGTGGAAGAACCT-1_V13B23-285_B1,1
CCCGGTGTATCGGAAT-1_V13B23-285_B1,1
CCCGTAAGTCTAGGCC-1_V13B23-285_B1,1
CCCGTAGCTGGGAAGA-1_V13B23-285_B1,1
CCCGTCAGCGTCTGAC-1_V13B23-285_B1,1
CCCGTTTCGCAGATGT-1_V13B23-285_B1,4
CCCTATGTAGAGCAGA-1_V13B23-285_B1,1
CCCTCATTCTGGAATT-1_V13B23-285_B1,2
CCCTCCTCGCTCGTAT-1_V13B23-285_B1,4
CCCTGAAATGAGTTGA-1_V13B23-285_B1,1
CCCTGACTAACAAATT-1_V13B23-285_B1,1
CCCTGATGTAACTCGT-1_V13B23-285_B1,2
CCCTGCCCAATCCGCT-1_V13B23-285_B1,1
CCCTGCGCTACGCATA-1_V13B23-285_B1,1
CCCTGTTGGCAAAGAC-1_V13B23-285_B1,1
CCCTTTGACAGGTCTT-1_V13B23-285_B1,1
CCGAAAGTGGTGAGCA-1_V13B23-285_B1,1
CCGAACACTGGGCCTC-1_V13B23-285_B1,1
CCGAACCTTCCCGGCC-1_V13B23-285_B1,4
CCGAAGGGCGTACCGC-1_V13B23-285_B1,1
CCGAAGTATATTGTTC-1_V13B23-285_B1,1
CCGACAAACACATGAG-1_V13B23-285_B1,1
CCGACAAAGGGAGTGC-1_V13B23-285_B1,1
CCGACAATAGGCCGCC-1_V13B23-285_B1,4
CCGACGGGCATGAGGT-1_V13B23-285_B1,1
CCGACGTAAACACAAC-1_V13B23-285_B1,2
CCGAGAAGTCGCATAA-1_V13B23-285_B1,4
CCGAGCTGTGCTTGTC-1_V13B23-285_B1,1
CCGATATGACGTAAGG-1_V13B23-285_B1,4
CCGATCTCAACCTTAT-1_V13B23-285_B1,4
CCGATTCGAGGGACCC-1_V13B23-285_B1,1
CCGCACAAAGACCAAC-1_V13B23-285_B1,4
CCGCACACGAACGTGT-1_V13B23-285_B1,4
CCGCACGTGACCTCGG-1_V13B23-285_B1,1
CCGCATGTGGTACGAT-1_V13B23-285_B1,1
CCGCCGGAACTTCTCG-1_V13B23-285_B1,1
CCGCCGGTCAACACAC-1_V13B23-285_B1,2
CCGCCGTTGAGGATAA-1_V13B23-285_B1,4
CCGCCTGCGAATTGGT-1_V13B23-285_B1,2
CCGCCTTGCGATGTCG-1_V13B23-285_B1,1
CCGCGGAATGCGTCAC-1_V13B23-285_B1,1
CCGCGGGTACGAAGAA-1_V13B23-285_B1,1
CCGCGTAGGTAAGGGC-1_V13B23-285_B1,1
CCGCTATCAGCACCAG-1_V13B23-285_B1,1
CCGCTTACCTCACTCT-1_V13B23-285_B1,1
CCGCTTGCTGACATGG-1_V13B23-285_B1,1
CCGGAAGTTATCAGTC-1_V13B23-285_B1,4
CCGGAATGGTTTCAGT-1_V13B23-285_B1,1
CCGGAGCGTACTTTCT-1_V13B23-285_B1,1
CCGGAGGTCTTATGGT-1_V13B23-285_B1,1
CCGGCACGACCGTTTC-1_V13B23-285_B1,4
CCGGCGCATATTGGAT-1_V13B23-285_B1,2
CCGGGACCCGCAGAGA-1_V13B23-285_B1,2
CCGGGCGGTCTCGTCA-1_V13B23-285_B1,3
CCGGGCTGCTCCATAC-1_V13B23-285_B1,4
CCGGGTTCGAGGTTAC-1_V13B23-285_B1,1
CCGGTAATGGCTAGTC-1_V13B23-285_B1,4
CCGGTTTGTAATTGTG-1_V13B23-285_B1,1
CCGTAAGTTGGTCCCA-1_V13B23-285_B1,1
CCGTACCCAAGCGCCA-1_V13B23-285_B1,2
CCGTAGGAAATCCCTG-1_V13B23-285_B1,4
CCGTAGGGTTGTTTAC-1_V13B23-285_B1,4
CCGTATCTCGTCGTAG-1_V13B23-285_B1,1
CCGTATTAGCGCAGTT-1_V13B23-285_B1,2
CCGTGAGGCATTCATG-1_V13B23-285_B1,4
CCGTGGAACGATCCAA-1_V13B23-285_B1,1
CCGTGTTAAATTCCAT-1_V13B23-285_B1,1
CCGTTACGTTAGAACA-1_V13B23-285_B1,2
CCGTTCCGAATCTCGG-1_V13B23-285_B1,1
CCTAAAGGCTGACGCT-1_V13B23-285_B1,3
CCTAAATTAACGGTTC-1_V13B23-285_B1,1
CCTAAATTGTATCCTA-1_V13B23-285_B1,4
CCTAACCCAAACAAGT-1_V13B23-285_B1,4
CCTAACTAAGGCTCTA-1_V13B23-285_B1,2
CCTACAAGTCCGGAAT-1_V13B23-285_B1,2
CCTACATTCACAGACG-1_V13B23-285_B1,1
CCTACGGCTCAGTCGA-1_V13B23-285_B1,1
CCTACTGCGGCGGCCA-1_V13B23-285_B1,1
CCTACTGCTTACACTT-1_V13B23-285_B1,1
CCTAGGCGTAGCGATC-1_V13B23-285_B1,4
CCTAGTTAGTCGCATG-1_V13B23-285_B1,2
CCTATAATGAGTGCCC-1_V13B23-285_B1,4
CCTATACCGTCCTGTC-1_V13B23-285_B1,1
CCTATATTTGTCCTGG-1_V13B23-285_B1,1
CCTATCTATATCGGAA-1_V13B23-285_B1,3
CCTATGAAGTGGTGCC-1_V13B23-285_B1,4
CCTATGGGTTACCGTC-1_V13B23-285_B1,1
CCTATGTCCACTCCAC-1_V13B23-285_B1,4
CCTCACCAATCTTGAC-1_V13B23-285_B1,1
CCTCACCTGAGGGAGC-1_V13B23-285_B1,1
CCTCACCTTAGCATCG-1_V13B23-285_B1,1
CCTCACGTCAGCTAAT-1_V13B23-285_B1,4
CCTCCGACAATTCAAG-1_V13B23-285_B1,1
CCTCCTGTTGTGTCGT-1_V13B23-285_B1,4
CCTCGAAGTGGACGGG-1_V13B23-285_B1,3
CCTCGCGCGATATAGG-1_V13B23-285_B1,2
CCTCGCGCTGTGCGAT-1_V13B23-285_B1,1
CCTCGGACCGGGATAG-1_V13B23-285_B1,4
CCTCGGATGCTACCTG-1_V13B23-285_B1,1
CCTCTAATCTGCCAAG-1_V13B23-285_B1,2
CCTCTATCGATTAGCA-1_V13B23-285_B1,1
CCTCTCTCCCATCTAG-1_V13B23-285_B1,1
CCTCTGGCCTAGACGG-1_V13B23-285_B1,3
CCTCTGTACTATTCTA-1_V13B23-285_B1,1
CCTGAACGATATATTC-1_V13B23-285_B1,4
CCTGAATATTTACATA-1_V13B23-285_B1,2
CCTGACCACCGATGGT-1_V13B23-285_B1,1
CCTGCGTTCTACGCTT-1_V13B23-285_B1,1
CCTGCTATTTGAGAAG-1_V13B23-285_B1,1
CCTGGAAACGTTCTGC-1_V13B23-285_B1,4
CCTGGCTAGACCCGCC-1_V13B23-285_B1,1
CCTGGTCGAATGTGGG-1_V13B23-285_B1,1
CCTGTAAGACATGATA-1_V13B23-285_B1,1
CCTGTACTCACGCCCA-1_V13B23-285_B1,1
CCTGTCACCCGGGCTC-1_V13B23-285_B1,1
CCTGTCCCTCACGTTA-1_V13B23-285_B1,4
CCTGTCGCCCGTAAAT-1_V13B23-285_B1,4
CCTGTTTGAAGACACG-1_V13B23-285_B1,4
CCTTCAGTTAAAGTGA-1_V13B23-285_B1,1
CCTTCTCAGCGTTCCT-1_V13B23-285_B1,1
CCTTGACCACTTTATT-1_V13B23-285_B1,4
CCTTTAAGGGAGCACT-1_V13B23-285_B1,1
CCTTTCAATGAAGAAA-1_V13B23-285_B1,1
CCTTTGAATTATGGCT-1_V13B23-285_B1,1
CGAAACATAGATGGCA-1_V13B23-285_B1,2
CGAAACGCAATTCATG-1_V13B23-285_B1,1
CGAACAGTATGGGCGT-1_V13B23-285_B1,4
CGAACCCGCATGCGTC-1_V13B23-285_B1,1
CGAACGCCCAGTGCCG-1_V13B23-285_B1,3
CGAACGGCCGGACAAC-1_V13B23-285_B1,1
CGAAGCTATAAATTCA-1_V13B23-285_B1,1
CGAAGTTGCTCTGTGT-1_V13B23-285_B1,1
CGACAATTTGATCTAA-1_V13B23-285_B1,4
CGACACGCTCCGACAG-1_V13B23-285_B1,4
CGACAGTTCGCGTTAT-1_V13B23-285_B1,1
CGACCCTTAACGCCGG-1_V13B23-285_B1,1
CGACTCAGGATGTTAT-1_V13B23-285_B1,1
CGACTTTGTATAGCCT-1_V13B23-285_B1,1
CGAGACCCTAGAGTGT-1_V13B23-285_B1,1
CGAGAGATGTGAACCT-1_V13B23-285_B1,1
CGAGAGCGCGTAGATA-1_V13B23-285_B1,1
CGAGAGGGTAGCCGCG-1_V13B23-285_B1,4
CGAGATTTCGCTCGGG-1_V13B23-285_B1,4
CGAGCACTTCAAGTTT-1_V13B23-285_B1,1
CGAGGAGCTTCCATAT-1_V13B23-285_B1,1
CGAGGATCGGGAACGA-1_V13B23-285_B1,1
CGAGGCCAGGCATTGG-1_V13B23-285_B1,2
CGAGGCTAAATATGGC-1_V13B23-285_B1,1
CGAGGGACTGCGGTCG-1_V13B23-285_B1,4
CGAGTACTAAAGAGGA-1_V13B23-285_B1,1
CGAGTTCTGTCCCACC-1_V13B23-285_B1,1
CGAGTTTATCGGACTG-1_V13B23-285_B1,4
CGATAATACTCAGGTT-1_V13B23-285_B1,4
CGATACCTCGCGGACA-1_V13B23-285_B1,1
CGATCATTAGAGGCAC-1_V13B23-285_B1,2
CGATCCGACCCAGTGC-1_V13B23-285_B1,1
CGATCTGTTGGAGGAC-1_V13B23-285_B1,1
CGATGGACCCTACGCC-1_V13B23-285_B1,2
CGATGTTGTTATCTAC-1_V13B23-285_B1,1
CGATTAAATATCTCCT-1_V13B23-285_B1,1
CGATTCGCCTGGCTGC-1_V13B23-285_B1,4
CGCAAACACGAGTTAC-1_V13B23-285_B1,1
CGCAATTACTTTCGGT-1_V13B23-285_B1,1
CGCAATTAGGGTAATA-1_V13B23-285_B1,1
CGCAATTCTACAATAA-1_V13B23-285_B1,1
CGCACATGTCCACTAC-1_V13B23-285_B1,4
CGCACGTGCGCTATCA-1_V13B23-285_B1,4
CGCAGATCTTCACCCG-1_V13B23-285_B1,1
CGCAGGCGATCCAAAC-1_V13B23-285_B1,4
CGCATCATGGCTTCAG-1_V13B23-285_B1,2
CGCATCCATCAGCCAG-1_V13B23-285_B1,1
CGCATGGTGCGATGCT-1_V13B23-285_B1,1
CGCATTAGCTAATAGG-1_V13B23-285_B1,1
CGCCAAGAAGCCGAGT-1_V13B23-285_B1,1
CGCCACAGGTCGCGAT-1_V13B23-285_B1,1
CGCCATCCGATTATGA-1_V13B23-285_B1,1
CGCCCAGCACGCCTAG-1_V13B23-285_B1,1
CGCCCGCTTCCGTACA-1_V13B23-285_B1,2
CGCCCTTGAAGGCTGA-1_V13B23-285_B1,1
CGCCGCCCATGCCTGT-1_V13B23-285_B1,4
CGCCGTCTACCCATCG-1_V13B23-285_B1,4
CGCCGTTCAGCATAGT-1_V13B23-285_B1,4
CGCCTCCCTCCTCTAT-1_V13B23-285_B1,4
CGCCTGGCCTACGTAA-1_V13B23-285_B1,1
CGCCTTTAGCATGCTC-1_V13B23-285_B1,4
CGCGACACTGCGCAGC-1_V13B23-285_B1,1
CGCGACCGCGACAGAT-1_V13B23-285_B1,4
CGCGAGAGGGACTTGT-1_V13B23-285_B1,2
CGCGAGTCTGCCGGGT-1_V13B23-285_B1,1
CGCGCAAATGTCCAGA-1_V13B23-285_B1,1
CGCGCATGTTTGATTG-1_V13B23-285_B1,1
CGCGCCCGACTTAATA-1_V13B23-285_B1,2
CGCGGCAGTATTACGG-1_V13B23-285_B1,2
CGCGGCTCAACTTGAA-1_V13B23-285_B1,4
CGCGGGAATTAGGCAG-1_V13B23-285_B1,1
CGCGGTAAGTCTAGCT-1_V13B23-285_B1,1
CGCGGTACGGTATACA-1_V13B23-285_B1,4
CGCGGTCACAAACCAA-1_V13B23-285_B1,1
CGCGTTCATGAAATAC-1_V13B23-285_B1,1
CGCTACGGGACATTTA-1_V13B23-285_B1,1
CGCTAGAGACCGCTGC-1_V13B23-285_B1,4
CGCTATACCGCCCACT-1_V13B23-285_B1,1
CGCTATTCAATGTATG-1_V13B23-285_B1,1
CGCTATTCTTAGGCTC-1_V13B23-285_B1,1
CGCTCGACATAATGAT-1_V13B23-285_B1,1
CGCTCTCCGTAGATTA-1_V13B23-285_B1,1
CGCTGGTGACTACCCT-1_V13B23-285_B1,4
CGCTGTGACGCCGCAC-1_V13B23-285_B1,1
CGCTGTGTGGATGTTG-1_V13B23-285_B1,1
CGCTTATTCCCGGTCG-1_V13B23-285_B1,1
CGCTTCCACTGAAATC-1_V13B23-285_B1,1
CGCTTTCATACCGGTG-1_V13B23-285_B1,2
CGCTTTCTTGCATTCG-1_V13B23-285_B1,1
CGGAAAGAATCAAACG-1_V13B23-285_B1,1
CGGAACGTAAACATAG-1_V13B23-285_B1,1
CGGAGCAATTTAATCG-1_V13B23-285_B1,1
CGGAGCATGGCGATCC-1_V13B23-285_B1,4
CGGAGCTTATAACACC-1_V13B23-285_B1,2
CGGAGTTTGAGAGACA-1_V13B23-285_B1,1
CGGATAAGCGGACATG-1_V13B23-285_B1,1
CGGATCCTCAAGGACT-1_V13B23-285_B1,4
CGGCAAACATCGTGCG-1_V13B23-285_B1,4
CGGCAATAAGATCGCC-1_V13B23-285_B1,4
CGGCACCGTTAGCGCC-1_V13B23-285_B1,2
CGGCACTCAAGAAAGT-1_V13B23-285_B1,2
CGGCAGGGTCGGGTTG-1_V13B23-285_B1,1
CGGCCACGCACAAAGT-1_V13B23-285_B1,1
CGGCCCAACCTGTAGT-1_V13B23-285_B1,1
CGGCCCAGGTATATCC-1_V13B23-285_B1,4
CGGCGCCATCAATCCC-1_V13B23-285_B1,4
CGGCTCTAAAGCTGCA-1_V13B23-285_B1,4
CGGCTCTTCGTCGAAC-1_V13B23-285_B1,2
CGGGAATATAGTATAC-1_V13B23-285_B1,4
CGGGAATTTATGTAAA-1_V13B23-285_B1,1
CGGGAGCTTCAGTGTA-1_V13B23-285_B1,4
CGGGAGTATACCGCCG-1_V13B23-285_B1,1
CGGGATCAATGTAAGA-1_V13B23-285_B1,1
CGGGCAGCTAAACCGC-1_V13B23-285_B1,1
CGGGCCATAGCCGCAC-1_V13B23-285_B1,2
CGGGCCTTCTTTGTAA-1_V13B23-285_B1,1
CGGGTGTACCCATTTA-1_V13B23-285_B1,4
CGGGTTTGTTAGGGCT-1_V13B23-285_B1,4
CGGTACTAGAATCAAA-1_V13B23-285_B1,4
CGGTAGAGGTGCAGGT-1_V13B23-285_B1,2
CGGTATAGGTATTAGC-1_V13B23-285_B1,2
CGGTCAAGTGGGAACC-1_V13B23-285_B1,1
CGGTCAGTCCATATTT-1_V13B23-285_B1,4
CGGTCCATGAGACTCC-1_V13B23-285_B1,1
CGGTCTATCAACCCGT-1_V13B23-285_B1,2
CGGTGAAGACTAAAGT-1_V13B23-285_B1,1
CGGTGCAGATAGAACG-1_V13B23-285_B1,1
CGGTGCGCGTTGGTCC-1_V13B23-285_B1,1
CGGTGGGCTCCAGCCT-1_V13B23-285_B1,2
CGGTGTACTTGATCCC-1_V13B23-285_B1,1
CGGTTATCCAACAGTG-1_V13B23-285_B1,1
CGGTTCAAGTAGGTGT-1_V13B23-285_B1,1
CGGTTGACCTGGCATA-1_V13B23-285_B1,1
CGGTTTATGAAGGAAC-1_V13B23-285_B1,2
CGTAAACGCTTGAGTG-1_V13B23-285_B1,2
CGTACCGAAAGTCTAG-1_V13B23-285_B1,1
CGTACCTGATAGGCCT-1_V13B23-285_B1,2
CGTAGCGAATTGTCAG-1_V13B23-285_B1,2
CGTATTAAGAGATCTA-1_V13B23-285_B1,1
CGTATTGTTTCCTAAT-1_V13B23-285_B1,1
CGTCAAATGGTCGCAG-1_V13B23-285_B1,1
CGTCAAGGCTATAAAT-1_V13B23-285_B1,1
CGTCAATCTTTAACAT-1_V13B23-285_B1,1
CGTCACGTCCATTGGT-1_V13B23-285_B1,1
CGTCAGCTATTTACTC-1_V13B23-285_B1,1
CGTCATACCATATCCA-1_V13B23-285_B1,1
CGTCGCGGCGGGATTT-1_V13B23-285_B1,2
CGTCGGATAGTGTTGA-1_V13B23-285_B1,4
CGTCGGGTCTAAGCGC-1_V13B23-285_B1,1
CGTCGTCCTTCGCGAA-1_V13B23-285_B1,4
CGTCTGGAAGGGCCCG-1_V13B23-285_B1,3
CGTCTTGAGTGTGACG-1_V13B23-285_B1,3
CGTGAAGTTAATTCAC-1_V13B23-285_B1,1
CGTGACATTGGGTCGT-1_V13B23-285_B1,2
CGTGCAGACTGGGACA-1_V13B23-285_B1,4
CGTGCATTGTCGACGC-1_V13B23-285_B1,1
CGTGCCCTCCCGAAGA-1_V13B23-285_B1,4
CGTGGAAGCCTCGTAC-1_V13B23-285_B1,4
CGTGGCCGAATATCTA-1_V13B23-285_B1,4
CGTGTCCCATTCGCGA-1_V13B23-285_B1,1
CGTGTCTCGTTACGAC-1_V13B23-285_B1,1
CGTGTGTTAAACCCTG-1_V13B23-285_B1,1
CGTTAAACTAGTTAGG-1_V13B23-285_B1,4
CGTTAATGTCCCGACG-1_V13B23-285_B1,4
CGTTAGCTCACAACTG-1_V13B23-285_B1,2
CGTTCATGGTGCGCGT-1_V13B23-285_B1,1
CGTTCTTCGCACACCT-1_V13B23-285_B1,1
CGTTGAATACCGCGCT-1_V13B23-285_B1,4
CGTTGAGCGACCGTCG-1_V13B23-285_B1,4
CGTTGAGTAATTGCGT-1_V13B23-285_B1,2
CGTTGTAAACGTCAGG-1_V13B23-285_B1,1
CGTTGTAAGATTGATT-1_V13B23-285_B1,1
CGTTGTTTCAATTCCC-1_V13B23-285_B1,1
CGTTTAAGCGGAGCAC-1_V13B23-285_B1,2
CGTTTACAAGGCAGCT-1_V13B23-285_B1,1
CGTTTCACTTCGGGCG-1_V13B23-285_B1,2
CGTTTCGCTCATTACA-1_V13B23-285_B1,1
CGTTTGGTGTTGTGGG-1_V13B23-285_B1,4
CGTTTGTGTAGAGGGT-1_V13B23-285_B1,1
CTAAAGAATGCCTACT-1_V13B23-285_B1,1
CTAAAGGGAAATAGGA-1_V13B23-285_B1,1
CTAAATCCGGTGTACA-1_V13B23-285_B1,1
CTAAATCCTATTCCGG-1_V13B23-285_B1,1
CTAACCGCGCGCCCGT-1_V13B23-285_B1,1
CTAACGAAACTTGCTG-1_V13B23-285_B1,1
CTAACTGATAATCGCC-1_V13B23-285_B1,4
CTAACTGGTCCGGTTC-1_V13B23-285_B1,1
CTAAGGGAATGATTGG-1_V13B23-285_B1,4
CTAATTCGCACGCGCT-1_V13B23-285_B1,1
CTAATTCTCAGATATT-1_V13B23-285_B1,1
CTAATTTCAACAACAC-1_V13B23-285_B1,1
CTACAAGAAATAACCC-1_V13B23-285_B1,1
CTACACTCGCAGATGG-1_V13B23-285_B1,4
CTACCCTAAGGTCATA-1_V13B23-285_B1,1
CTACGACTAGCTATAA-1_V13B23-285_B1,1
CTACGCACGGAGTACC-1_V13B23-285_B1,1
CTACTATCATAGGTTT-1_V13B23-285_B1,1
CTACTATCTTTCAGAG-1_V13B23-285_B1,1
CTACTCAAGGTATAGT-1_V13B23-285_B1,1
CTACTCTAGGCCCGGC-1_V13B23-285_B1,1
CTACTGCCACCTGACC-1_V13B23-285_B1,1
CTAGACTGCATTTCGT-1_V13B23-285_B1,2
CTAGATGTGAGTGTAA-1_V13B23-285_B1,3
CTAGATTTACGACGGC-1_V13B23-285_B1,4
CTAGCATAGTATAATG-1_V13B23-285_B1,4
CTAGCCACAGGCGAGC-1_V13B23-285_B1,4
CTAGCCGATGTTATGA-1_V13B23-285_B1,1
CTAGCTTAATGGTCCC-1_V13B23-285_B1,4
CTAGGCGCCCTATCAG-1_V13B23-285_B1,4
CTAGGTCTGAAGGAAT-1_V13B23-285_B1,4
CTAGGTTCGGACGTGA-1_V13B23-285_B1,1
CTAGTATTCGGAATTA-1_V13B23-285_B1,3
CTAGTCACGTCTTAAG-1_V13B23-285_B1,4
CTAGTGAAGGACAGGA-1_V13B23-285_B1,1
CTAGTTACAACCCGGT-1_V13B23-285_B1,4
CTAGTTGGGCCCGGTA-1_V13B23-285_B1,1
CTATAAGAGCCAATCG-1_V13B23-285_B1,1
CTATCGACGAAATACA-1_V13B23-285_B1,4
CTATCGCGTAGAGAAC-1_V13B23-285_B1,4
CTATCGGGTCTCAACA-1_V13B23-285_B1,4
CTATGGGAAGCGGAAT-1_V13B23-285_B1,4
CTATGTCACTAGCCCA-1_V13B23-285_B1,1
CTATGTGAGTCACGGC-1_V13B23-285_B1,1
CTATTCATGTGTCCCA-1_V13B23-285_B1,1
CTATTGTGTTTGGTCA-1_V13B23-285_B1,2
CTATTTGGTTACGGAT-1_V13B23-285_B1,4
CTCAAGACATTAGCGC-1_V13B23-285_B1,2
CTCACACGCAAGCCTA-1_V13B23-285_B1,1
CTCACATTTACTAAAT-1_V13B23-285_B1,1
CTCACTTGGCTGGTAA-1_V13B23-285_B1,1
CTCAGGACTCACCTGT-1_V13B23-285_B1,1
CTCAGTCACGACAAAT-1_V13B23-285_B1,1
CTCATCACTTAGTGAT-1_V13B23-285_B1,1
CTCATGGCTCACAATC-1_V13B23-285_B1,2
CTCATGGTAATTTGCG-1_V13B23-285_B1,1
CTCATTAACGTTGCCC-1_V13B23-285_B1,1
CTCATTGCTCTAACAA-1_V13B23-285_B1,4
CTCATTTGATGGGCGG-1_V13B23-285_B1,2
CTCCCAATGAGTCGCG-1_V13B23-285_B1,4
CTCCCTCCTTTCGATC-1_V13B23-285_B1,1
CTCCGCCCACATGAGG-1_V13B23-285_B1,1
CTCCGGCCTAATATGC-1_V13B23-285_B1,2
CTCCGGCTTGTAGACA-1_V13B23-285_B1,2
CTCCTAAGTTATGTCT-1_V13B23-285_B1,2
CTCCTCCAGCTCACAC-1_V13B23-285_B1,1
CTCCTGTTCAAGGCAG-1_V13B23-285_B1,4
CTCCTTTACGCAAGTC-1_V13B23-285_B1,1
CTCGAGACATACGATA-1_V13B23-285_B1,1
CTCGAGATCCAAAGCA-1_V13B23-285_B1,1
CTCGAGGTCGAACAGT-1_V13B23-285_B1,1
CTCGATATTTGCGAGC-1_V13B23-285_B1,1
CTCGCACCTATATAGT-1_V13B23-285_B1,2
CTCGCATTGCATAGCC-1_V13B23-285_B1,1
CTCGCCGAATGTAGGG-1_V13B23-285_B1,1
CTCGGGATAACACCTA-1_V13B23-285_B1,1
CTCGGGTTCTCTGGCC-1_V13B23-285_B1,1
CTCGGTACCACTGCTC-1_V13B23-285_B1,4
CTCGGTCCGTAGCCTG-1_V13B23-285_B1,2
CTCGGTTGTCGGCCCT-1_V13B23-285_B1,1
CTCGTCGAGGGCTCAT-1_V13B23-285_B1,1
CTCGTTTCTAATGTTT-1_V13B23-285_B1,1
CTCTAATGCATTGATC-1_V13B23-285_B1,1
CTCTACACTGGCGATT-1_V13B23-285_B1,1
CTCTATTTGGCTGCAG-1_V13B23-285_B1,4
CTCTCACAATCGATGA-1_V13B23-285_B1,4
CTCTCTAACTGCCTAG-1_V13B23-285_B1,1
CTCTGGACGCCTGGTG-1_V13B23-285_B1,1
CTCTGTTTGAGGATTC-1_V13B23-285_B1,3
CTCTTCTATTGACTGG-1_V13B23-285_B1,4
CTCTTGTCCCGCTTGG-1_V13B23-285_B1,1
CTGAAAGAGATCCGAC-1_V13B23-285_B1,2
CTGAATCCGAGACCTC-1_V13B23-285_B1,1
CTGAATTTATTGCCAG-1_V13B23-285_B1,1
CTGACATAGAAATAGA-1_V13B23-285_B1,4
CTGACTGCGCAGCTCG-1_V13B23-285_B1,3
CTGAGAAAGTTCGGCG-1_V13B23-285_B1,4
CTGAGCAAGTAACAAG-1_V13B23-285_B1,3
CTGAGCGAGACTTATT-1_V13B23-285_B1,1
CTGATAGTGTATCTCA-1_V13B23-285_B1,1
CTGCAAGCACGTTCCG-1_V13B23-285_B1,4
CTGCACAACTACATAT-1_V13B23-285_B1,4
CTGCACCTAGTCCACA-1_V13B23-285_B1,1
CTGCACCTGGAACCGC-1_V13B23-285_B1,2
CTGCACTCCAGTACAG-1_V13B23-285_B1,4
CTGCAGAGAATCAGAG-1_V13B23-285_B1,4
CTGCCAAGGTTGGAAG-1_V13B23-285_B1,2
CTGCCATGCATCACAT-1_V13B23-285_B1,1
CTGCCTAGCCACCAAG-1_V13B23-285_B1,2
CTGCCTCATATGCAAC-1_V13B23-285_B1,1
CTGCGGGTGAAATGTT-1_V13B23-285_B1,1
CTGCGGTAGTCACGTG-1_V13B23-285_B1,2
CTGCGTTACGATATAA-1_V13B23-285_B1,2
CTGCTGAGGCCACGAA-1_V13B23-285_B1,1
CTGCTGTCTAACGAGC-1_V13B23-285_B1,4
CTGCTTGGCGATAGCT-1_V13B23-285_B1,4
CTGCTTTATGTCCGCG-1_V13B23-285_B1,1
CTGGAAATGGATGCTT-1_V13B23-285_B1,1
CTGGAAGACACGGTGG-1_V13B23-285_B1,4
CTGGACGCAGTCCGGC-1_V13B23-285_B1,1
CTGGATTTACACTTGA-1_V13B23-285_B1,1
CTGGCATCCGAATGAG-1_V13B23-285_B1,1
CTGGCGACATAAGTCC-1_V13B23-285_B1,2
CTGGCGCACAGGTCTG-1_V13B23-285_B1,4
CTGGCGGGAATAAGTA-1_V13B23-285_B1,1
CTGGCTGATTCATCCT-1_V13B23-285_B1,4
CTGGCTGGTTGTCAGT-1_V13B23-285_B1,1
CTGGGATAAATAATGG-1_V13B23-285_B1,4
CTGGGATACGCTACCC-1_V13B23-285_B1,4
CTGGGCCTGCTATATC-1_V13B23-285_B1,1
CTGGGTAGGCAGTTAA-1_V13B23-285_B1,4
CTGGTAAAGTGTGGGC-1_V13B23-285_B1,4
CTGGTAACACATAGAA-1_V13B23-285_B1,4
CTGGTAACGAGCTCTT-1_V13B23-285_B1,1
CTGGTCATTCCAATCC-1_V13B23-285_B1,1
CTGGTTCGCGAGCTAC-1_V13B23-285_B1,3
CTGGTTTCGAGCAAGA-1_V13B23-285_B1,4
CTGTACTTCTTAGCAT-1_V13B23-285_B1,1
CTGTAGCCATCTCACT-1_V13B23-285_B1,1
CTGTATGGTGTAGAAA-1_V13B23-285_B1,1
CTGTCAAATGGCTCGG-1_V13B23-285_B1,2
CTGTCACGCCAGGCGC-1_V13B23-285_B1,2
CTGTGCAGGGTAGGTC-1_V13B23-285_B1,4
CTGTGGTCGGGAGATA-1_V13B23-285_B1,4
CTGTTACCCAATCTAG-1_V13B23-285_B1,1
CTGTTCACTGCCTGTG-1_V13B23-285_B1,1
CTGTTCATCTCACGGG-1_V13B23-285_B1,1
CTTAAATAAGACCCAT-1_V13B23-285_B1,1
CTTAACTTCGAAGTAC-1_V13B23-285_B1,2
CTTACACGGTATTCCA-1_V13B23-285_B1,1
CTTACACTGGGAAATA-1_V13B23-285_B1,2
CTTAGCCCGGATAGTG-1_V13B23-285_B1,1
CTTAGCCTTCCACATG-1_V13B23-285_B1,2
CTTAGGTCCCAATCGT-1_V13B23-285_B1,1
CTTAGTAGGCCTACAG-1_V13B23-285_B1,1
CTTAGTGTAGTAGCAT-1_V13B23-285_B1,4
CTTATAGATGGCTGTT-1_V13B23-285_B1,4
CTTATGTTGACTACCA-1_V13B23-285_B1,1
CTTCAACTCCACTTGG-1_V13B23-285_B1,4
CTTCAGTGGTCGCCTA-1_V13B23-285_B1,1
CTTCATAGCTCAAGAA-1_V13B23-285_B1,1
CTTCATTGTCAGTGGA-1_V13B23-285_B1,4
CTTCCGCTCCGTGAAG-1_V13B23-285_B1,1
CTTCGGCCAATTGTTT-1_V13B23-285_B1,4
CTTCGTAGATAGGTGA-1_V13B23-285_B1,1
CTTCTATGTTGAAGTA-1_V13B23-285_B1,1
CTTCTATTAATGCTAG-1_V13B23-285_B1,1
CTTCTTACGTCGTATA-1_V13B23-285_B1,2
CTTGAGGTTATCCCGA-1_V13B23-285_B1,2
CTTGAGTTAGGGTAAT-1_V13B23-285_B1,4
CTTGCAACCGCCTCCT-1_V13B23-285_B1,1
CTTGCCCAGGCTCTAC-1_V13B23-285_B1,1
CTTGGCCAAGCTGGGA-1_V13B23-285_B1,1
CTTGTACTTGTTGACT-1_V13B23-285_B1,1
CTTGTCAACATTCGAG-1_V13B23-285_B1,4
CTTGTGCTCACCGATT-1_V13B23-285_B1,2
CTTGTTGCTGAGTCAA-1_V13B23-285_B1,4
CTTGTTTATGTAGCCA-1_V13B23-285_B1,1
CTTTAACTTTCAAAGG-1_V13B23-285_B1,2
CTTTAATATTGGTCGA-1_V13B23-285_B1,4
CTTTACCGAATAGTAG-1_V13B23-285_B1,4
CTTTAGGAACACTGTT-1_V13B23-285_B1,4
CTTTAGTGCTATTATT-1_V13B23-285_B1,1
CTTTCTGTGCGGGCTT-1_V13B23-285_B1,4
CTTTGCATCGCTCTTG-1_V13B23-285_B1,4
CTTTGCTGTCATGGAT-1_V13B23-285_B1,4
CTTTGGCGCTTTATAC-1_V13B23-285_B1,1
CTTTGGCTTTAGTAAA-1_V13B23-285_B1,1
CTTTGGGATTGTTGCA-1_V13B23-285_B1,1
CTTTGTCGAATGCTCC-1_V13B23-285_B1,1
GAAACAGATGACCACC-1_V13B23-285_B1,4
GAAACAGCCATGCAGT-1_V13B23-285_B1,2
GAAACATAGGAAACAG-1_V13B23-285_B1,1
GAAACCATGGTGCGCT-1_V13B23-285_B1,1
GAAACCGAATTACCTT-1_V13B23-285_B1,1
GAAACCTATACAAATG-1_V13B23-285_B1,1
GAAACTCGTGCGATGC-1_V13B23-285_B1,1
GAAACTCTAATGAAGG-1_V13B23-285_B1,2
GAAAGAACAGCGTTAT-1_V13B23-285_B1,4
GAAAGCAGTGCACTTT-1_V13B23-285_B1,1
GAAAGCCCTTTGGACC-1_V13B23-285_B1,1
GAAAGTGACTAACTGC-1_V13B23-285_B1,1
GAAATACCTGCTGGCT-1_V13B23-285_B1,2
GAAATACTAAACGTTT-1_V13B23-285_B1,1
GAAATATCACCATCAG-1_V13B23-285_B1,1
GAAATATGCTTGAATG-1_V13B23-285_B1,2
GAAATCGCGCGCAACT-1_V13B23-285_B1,2
GAAATGGCGGTGTTAG-1_V13B23-285_B1,1
GAAATGGGATGTAAAC-1_V13B23-285_B1,2
GAAATTAGCACGGATA-1_V13B23-285_B1,2
GAAATTCACATCGCTG-1_V13B23-285_B1,2
GAAATTGTCTCTATAA-1_V13B23-285_B1,1
GAACACACATCAACCA-1_V13B23-285_B1,2
GAACAGATTACTAAAT-1_V13B23-285_B1,4
GAACATTAGTATGTTA-1_V13B23-285_B1,2
GAACCCTCTGTGTTCT-1_V13B23-285_B1,1
GAACGACCGAATGATA-1_V13B23-285_B1,2
GAACGATAAGTTAAAG-1_V13B23-285_B1,1
GAACGCGGGTCACACG-1_V13B23-285_B1,4
GAACGTCTCATGGTCG-1_V13B23-285_B1,1
GAACGTTAGGAAGACG-1_V13B23-285_B1,1
GAACTTGTGCACGGGA-1_V13B23-285_B1,1
GAAGAAACGATATTGT-1_V13B23-285_B1,1
GAAGAACGGTGCAGGT-1_V13B23-285_B1,2
GAAGCCTGCACATTCC-1_V13B23-285_B1,1
GAAGCGTGAGGAATTT-1_V13B23-285_B1,1
GAAGCTCGGACCCGTC-1_V13B23-285_B1,1
GAAGCTTGCTGACCGC-1_V13B23-285_B1,1
GAAGGCTACCATTGTT-1_V13B23-285_B1,1
GAAGGGCATAACCATG-1_V13B23-285_B1,1
GAAGTCAGTTGCACTA-1_V13B23-285_B1,1
GAAGTCTCCCTAGCGA-1_V13B23-285_B1,4
GAAGTGATTTATCGTG-1_V13B23-285_B1,1
GAAGTTTCCACTCAAT-1_V13B23-285_B1,1
GAATAGACGCGACCCA-1_V13B23-285_B1,4
GAATAGCATTTAGGGT-1_V13B23-285_B1,4
GAATAGCCCTGCGGTC-1_V13B23-285_B1,1
GAATAGTGCTCGATTA-1_V13B23-285_B1,1
GAATATTCGGAGTCCC-1_V13B23-285_B1,2
GAATCGACATGGTCAC-1_V13B23-285_B1,1
GAATCTGAACATTCTC-1_V13B23-285_B1,1
GAATGAAGGTCTTCAG-1_V13B23-285_B1,1
GAATGCCGAAATGACC-1_V13B23-285_B1,1
GAATGTATGGCAGGTC-1_V13B23-285_B1,2
GAATGTGGTCCGGATT-1_V13B23-285_B1,4
GAATGTTGGGTAATCT-1_V13B23-285_B1,2
GAATTATAGTGAAAGG-1_V13B23-285_B1,4
GAATTCACCCGGGTGT-1_V13B23-285_B1,1
GAATTTCTCGCTGCAG-1_V13B23-285_B1,1
GACAAACATATGCAGG-1_V13B23-285_B1,4
GACAACGACCATTGAA-1_V13B23-285_B1,1
GACAACGCAGCTTACG-1_V13B23-285_B1,1
GACAAGAGATGAGATT-1_V13B23-285_B1,4
GACACAAGGGAAGAAA-1_V13B23-285_B1,1
GACACGAGTTAGAGGA-1_V13B23-285_B1,1
GACACTGAGTTCAGTG-1_V13B23-285_B1,1
GACACTGGAACCCGAT-1_V13B23-285_B1,4
GACAGATTTCTGGCTC-1_V13B23-285_B1,1
GACAGCCAGACCTGAC-1_V13B23-285_B1,4
GACAGGCACACACTAT-1_V13B23-285_B1,1
GACATACTGTCGCAGA-1_V13B23-285_B1,1
GACATCGATTTATAAC-1_V13B23-285_B1,4
GACCAAACGTTGACTG-1_V13B23-285_B1,4
GACCAGAGCCCTGTAG-1_V13B23-285_B1,1
GACCCAATTATGATAC-1_V13B23-285_B1,1
GACCGACGTGAAAGCA-1_V13B23-285_B1,4
GACCGACTGAAGCGTC-1_V13B23-285_B1,1
GACCGCGTCTGACGTG-1_V13B23-285_B1,4
GACCGTCAGGTCGTGA-1_V13B23-285_B1,3
GACCGTGCTGACGGTG-1_V13B23-285_B1,1
GACGACGATCCGCGTT-1_V13B23-285_B1,4
GACGAGGCTAATAAAC-1_V13B23-285_B1,4
GACGCCGTAAAGGCTA-1_V13B23-285_B1,1
GACGCCTGTTGCAGGG-1_V13B23-285_B1,2
GACGCTTGCTTCTAAA-1_V13B23-285_B1,1
GACGGGTTGGCCCGTA-1_V13B23-285_B1,1
GACGGTCAATAGAAGC-1_V13B23-285_B1,1
GACGGTCCTAGGGTGT-1_V13B23-285_B1,3
GACGTGTAGGGATTAT-1_V13B23-285_B1,1
GACGTTCGTAAATACA-1_V13B23-285_B1,1
GACTAAGATCATGCAC-1_V13B23-285_B1,1
GACTAAGTAGGCTCAC-1_V13B23-285_B1,1
GACTACAAAGCGGTGG-1_V13B23-285_B1,1
GACTACAATTGCTCGT-1_V13B23-285_B1,2
GACTCACCCACGTGAG-1_V13B23-285_B1,4
GACTCCCAGAATAAGG-1_V13B23-285_B1,1
GACTCGCGGGAATGAC-1_V13B23-285_B1,1
GACTCGGTCGGCGGAT-1_V13B23-285_B1,2
GACTGATTGGTCACAA-1_V13B23-285_B1,2
GACTGCAAATCGAGCT-1_V13B23-285_B1,4
GACTGCACCAGCCCAG-1_V13B23-285_B1,4
GACTGCGGCACGTGTA-1_V13B23-285_B1,1
GAGACCCTGCAACGCC-1_V13B23-285_B1,2
GAGACTGATGGGTAGA-1_V13B23-285_B1,1
GAGACTTCGCGACCGA-1_V13B23-285_B1,1
GAGAGGGCGCGAGGTT-1_V13B23-285_B1,1
GAGAGGTGCATTCTGG-1_V13B23-285_B1,1
GAGATCTGCTTGGCAT-1_V13B23-285_B1,1
GAGATCTGTCACTCCG-1_V13B23-285_B1,1
GAGATCTTCCATGACA-1_V13B23-285_B1,4
GAGATGACAATCCTTA-1_V13B23-285_B1,1
GAGATGGGAGTCGACA-1_V13B23-285_B1,4
GAGCACCTGTGTCCAG-1_V13B23-285_B1,4
GAGCACGGCGCCTCTT-1_V13B23-285_B1,3
GAGCCAGCTACCTGTG-1_V13B23-285_B1,4
GAGCCGAGCGTTTATT-1_V13B23-285_B1,2
GAGCGAGGGAGTACCG-1_V13B23-285_B1,2
GAGCGCAAATACTCCG-1_V13B23-285_B1,4
GAGCGCGCACGAGTAG-1_V13B23-285_B1,4
GAGCGCTGTTAGGTAA-1_V13B23-285_B1,1
GAGCTAAGGGCATATC-1_V13B23-285_B1,1
GAGCTCTCGGACCTAA-1_V13B23-285_B1,1
GAGCTGTCGTCTCGGA-1_V13B23-285_B1,1
GAGGAATGGAGAGGTT-1_V13B23-285_B1,1
GAGGAGATCCTCATGC-1_V13B23-285_B1,1
GAGGATAAACAGTGCT-1_V13B23-285_B1,4
GAGGCATTTGCAGCAG-1_V13B23-285_B1,1
GAGGCCCGACTCCGCA-1_V13B23-285_B1,1
GAGGCTATCAAAGTCG-1_V13B23-285_B1,1
GAGGGCCATAATATTA-1_V13B23-285_B1,1
GAGGGCGCAGCTCTGC-1_V13B23-285_B1,1
GAGGTACATCCATCTT-1_V13B23-285_B1,2
GAGGTCCCAAAGATCT-1_V13B23-285_B1,1
GAGTAAACCGGAAAGT-1_V13B23-285_B1,4
GAGTAAGGCCACGGGA-1_V13B23-285_B1,1
GAGTACGGGTATACAA-1_V13B23-285_B1,2
GAGTAGATACTAGTTG-1_V13B23-285_B1,1
GAGTATCAAAGTTACA-1_V13B23-285_B1,4
GAGTATGCCCGCCTTG-1_V13B23-285_B1,1
GAGTCAGACCAGAATC-1_V13B23-285_B1,1
GAGTCCGCTTACCGGA-1_V13B23-285_B1,1
GAGTCGACAGACCCTC-1_V13B23-285_B1,1
GAGTGCACGGACAACA-1_V13B23-285_B1,1
GAGTGTGCGGTACCCA-1_V13B23-285_B1,4
GAGTTGATGGCAATTT-1_V13B23-285_B1,1
GATAAATCGGTGGATG-1_V13B23-285_B1,2
GATAACTCGCACTGTG-1_V13B23-285_B1,4
GATACCGTGTCGGAGT-1_V13B23-285_B1,3
GATACGATGGGAGTCA-1_V13B23-285_B1,1
GATAGGATTAATTACA-1_V13B23-285_B1,3
GATAGGTAACGTTGAC-1_V13B23-285_B1,1
GATAGGTGTCCCGGGC-1_V13B23-285_B1,3
GATATCTCATGCAATA-1_V13B23-285_B1,2
GATATGAGACACTAAC-1_V13B23-285_B1,4
GATATGCGGTAGCCAA-1_V13B23-285_B1,2
GATATGGATTACGCGG-1_V13B23-285_B1,1
GATATTGAGATTGGCG-1_V13B23-285_B1,4
GATCATTCCAAACATT-1_V13B23-285_B1,1
GATCCCTTTATACTGC-1_V13B23-285_B1,1
GATCCGAATATAAGTG-1_V13B23-285_B1,4
GATCCGGGAATTAACA-1_V13B23-285_B1,4
GATCCTAAATCGGGAC-1_V13B23-285_B1,1
GATCCTCGACACTGGC-1_V13B23-285_B1,1
GATCGACACTATCTGA-1_V13B23-285_B1,1
GATCGCGGGCTCTCCA-1_V13B23-285_B1,1
GATCGCTACCCGATTT-1_V13B23-285_B1,4
GATCGCTATATCTCAG-1_V13B23-285_B1,1
GATCGGATAGAACCAT-1_V13B23-285_B1,1
GATCGGCGATAAGTCG-1_V13B23-285_B1,1
GATCGGTGGCCATAAC-1_V13B23-285_B1,1
GATCGTGACTGATATC-1_V13B23-285_B1,4
GATCTAACCGTATTCA-1_V13B23-285_B1,1
GATCTCGACGCTGTGG-1_V13B23-285_B1,4
GATCTGCTATCTAAGG-1_V13B23-285_B1,1
GATCTTCATTGTCCTC-1_V13B23-285_B1,1
GATCTTGGAGGGCATA-1_V13B23-285_B1,4
GATCTTTGCAGGGTAT-1_V13B23-285_B1,1
GATCTTTGCTCAAAGA-1_V13B23-285_B1,2
GATGACAAGTAGGGCA-1_V13B23-285_B1,1
GATGACGATGATCGCG-1_V13B23-285_B1,1
GATGCCAGCAGAAGGC-1_V13B23-285_B1,1
GATGCCTTCTGCGGCA-1_V13B23-285_B1,1
GATGCGAATGGTATTA-1_V13B23-285_B1,1
GATGCGTCCTGCATTC-1_V13B23-285_B1,1
GATGCTACAAGCGCCT-1_V13B23-285_B1,2
GATGCTGTATTTCATC-1_V13B23-285_B1,4
GATGGCGCACACATTA-1_V13B23-285_B1,1
GATGGTGCCCTAGGCA-1_V13B23-285_B1,2
GATGTAACGAACCACC-1_V13B23-285_B1,1
GATGTCGGTCAACTGC-1_V13B23-285_B1,2
GATGTTCAATCCACGA-1_V13B23-285_B1,1
GATGTTTGTGCGAGAT-1_V13B23-285_B1,1
GATTAACCGAAAGCCC-1_V13B23-285_B1,4
GATTACTGAATTTGGG-1_V13B23-285_B1,1
GATTCCCTTGTCGCAG-1_V13B23-285_B1,1
GATTCCGCGTTTCCGT-1_V13B23-285_B1,2
GATTCCTATACGGCGC-1_V13B23-285_B1,1
GATTCGACGGTTCACG-1_V13B23-285_B1,4
GATTTAGTGCGTACTG-1_V13B23-285_B1,2
GCAAACCCTACATTAT-1_V13B23-285_B1,4
GCAAACCTTGGCCATA-1_V13B23-285_B1,1
GCAAACGTCGCCAGGT-1_V13B23-285_B1,4
GCAAATATTACGCTTT-1_V13B23-285_B1,1
GCAACACACTAGAACT-1_V13B23-285_B1,1
GCAACAGCAGTATGCG-1_V13B23-285_B1,4
GCAACCACCAGACCGG-1_V13B23-285_B1,2
GCAACCACGGCCGCGT-1_V13B23-285_B1,1
GCAACGGCTAGTTATG-1_V13B23-285_B1,4
GCAAGAATTCCTTGGC-1_V13B23-285_B1,1
GCAAGATGTGTTCGCG-1_V13B23-285_B1,2
GCAAGTGCACAGAGAA-1_V13B23-285_B1,1
GCAATTAGTCGCACCG-1_V13B23-285_B1,1
GCACAAACGAGGCGTG-1_V13B23-285_B1,4
GCACACACTGGTAGCC-1_V13B23-285_B1,4
GCACACGCCCATGGTC-1_V13B23-285_B1,1
GCACGCCTACTTAGAT-1_V13B23-285_B1,1
GCACTAGTCGCGCTAT-1_V13B23-285_B1,2
GCAGAAGGTAATCTCC-1_V13B23-285_B1,4
GCAGACCCAGCACGTA-1_V13B23-285_B1,4
GCAGATCCATAAGACT-1_V13B23-285_B1,4
GCAGATCCTCGCAAAT-1_V13B23-285_B1,1
GCAGATTAGGGATATC-1_V13B23-285_B1,4
GCAGCACACAGCCCAG-1_V13B23-285_B1,1
GCAGCCTATATCACAT-1_V13B23-285_B1,4
GCAGCTATGGACAGGT-1_V13B23-285_B1,2
GCAGGAACTTAGATCT-1_V13B23-285_B1,1
GCAGGACTATAGAATA-1_V13B23-285_B1,1
GCAGGTAGAGTATGGT-1_V13B23-285_B1,2
GCAGTGCGGGCGGATG-1_V13B23-285_B1,4
GCAGTGTGGCTATAGG-1_V13B23-285_B1,4
GCAGTTCGATCCGAGC-1_V13B23-285_B1,4
GCATACGAGGTCTTTA-1_V13B23-285_B1,1
GCATAGAGCACTCAGG-1_V13B23-285_B1,1
GCATCCCTAACTTTGA-1_V13B23-285_B1,2
GCATCGGCCGTGTAGG-1_V13B23-285_B1,4
GCATGAGGGACGCGGC-1_V13B23-285_B1,1
GCATTCAAGGCAACGC-1_V13B23-285_B1,1
GCATTCGAAATGAACA-1_V13B23-285_B1,1
GCATTGTAATTCATAT-1_V13B23-285_B1,1
GCATTTCCAAGGCTCC-1_V13B23-285_B1,4
GCCAACCATTTCCGGA-1_V13B23-285_B1,1
GCCAAGAATACTTCTG-1_V13B23-285_B1,1
GCCAATAGGGCATCTC-1_V13B23-285_B1,1
GCCACAATTTAAGGAC-1_V13B23-285_B1,1
GCCACTCAGAGCGCGA-1_V13B23-285_B1,4
GCCACTCCTTACGGTA-1_V13B23-285_B1,4
GCCAGGAGTAACCGAT-1_V13B23-285_B1,2
GCCAGGCGTTCGCATG-1_V13B23-285_B1,2
GCCATATTGCACACAG-1_V13B23-285_B1,2
GCCATCGAGCTGCGTG-1_V13B23-285_B1,1
GCCATCGATGCTGCAT-1_V13B23-285_B1,1
GCCATTAGCCTCAAAC-1_V13B23-285_B1,1
GCCCAGATGCTGGAGA-1_V13B23-285_B1,4
GCCCAGTTGGTATGCC-1_V13B23-285_B1,1
GCCCGACTTCTTCCCG-1_V13B23-285_B1,1
GCCCGATCTGTGGTCG-1_V13B23-285_B1,1
GCCCGCGCGTAAACGG-1_V13B23-285_B1,1
GCCCGCGCGTTTGACA-1_V13B23-285_B1,1
GCCCGTAATACCTTCT-1_V13B23-285_B1,1
GCCCTAGCCGTCGCGA-1_V13B23-285_B1,1
GCCGAAATTCCTACGT-1_V13B23-285_B1,1
GCCGATTGGCCAAGCT-1_V13B23-285_B1,1
GCCGCACTCCGTTTCA-1_V13B23-285_B1,3
GCCGCATTAGTCCGGC-1_V13B23-285_B1,1
GCCGCTTGTGAGAAAC-1_V13B23-285_B1,1
GCCGGGTTAGGGTCGC-1_V13B23-285_B1,1
GCCGTGGAAGAAATGT-1_V13B23-285_B1,4
GCCTAGCGATCTGACC-1_V13B23-285_B1,1
GCCTATAGTGTCAGGG-1_V13B23-285_B1,1
GCCTATCAGGTAAGAT-1_V13B23-285_B1,4
GCCTATGCTGGGCCTT-1_V13B23-285_B1,1
GCCTATTCCGATATAG-1_V13B23-285_B1,1
GCCTCATCTGGAAATA-1_V13B23-285_B1,4
GCCTCCGACAATTCAC-1_V13B23-285_B1,4
GCCTCTATACATAGCA-1_V13B23-285_B1,4
GCCTTCAGCCCTACCG-1_V13B23-285_B1,2
GCCTTGTATATGCAGT-1_V13B23-285_B1,1
GCGAAACGATCGGGAG-1_V13B23-285_B1,4
GCGAAACTTAACTGGA-1_V13B23-285_B1,4
GCGAAGCCATACCCGT-1_V13B23-285_B1,1
GCGACATGTAAACATC-1_V13B23-285_B1,4
GCGACCCAACCATCTG-1_V13B23-285_B1,1
GCGACGATAGTTGTAC-1_V13B23-285_B1,1
GCGAGAAACGGGAGTT-1_V13B23-285_B1,1
GCGAGAGGCCATGTAA-1_V13B23-285_B1,1
GCGAGAGTTGCGTCCA-1_V13B23-285_B1,1
GCGAGCGCATGCTCCC-1_V13B23-285_B1,4
GCGAGGCCCGAGCAGA-1_V13B23-285_B1,1
GCGAGTTCTGCAAAGA-1_V13B23-285_B1,4
GCGATTCTGGAAGCAG-1_V13B23-285_B1,2
GCGATTGTTAACGTTA-1_V13B23-285_B1,4
GCGCAAATATATTCAA-1_V13B23-285_B1,1
GCGCAAGAGCGCGCTG-1_V13B23-285_B1,4
GCGCATCCAGTCAGCA-1_V13B23-285_B1,1
GCGCCGTTCCACGATA-1_V13B23-285_B1,1
GCGCCTCCCACTCCGA-1_V13B23-285_B1,4
GCGCGTCATTGGTACA-1_V13B23-285_B1,4
GCGCTAATTGAATAGA-1_V13B23-285_B1,4
GCGCTATGCCGAGGCA-1_V13B23-285_B1,1
GCGCTCGATCACCTGT-1_V13B23-285_B1,4
GCGCTGATCCAGACTC-1_V13B23-285_B1,2
GCGCTGCTTTGCATTT-1_V13B23-285_B1,1
GCGCTTAAATAATTGG-1_V13B23-285_B1,4
GCGGACCGCGTTGTGG-1_V13B23-285_B1,1
GCGGAGAAACTTCGCA-1_V13B23-285_B1,1
GCGGAGAGGGAGAACG-1_V13B23-285_B1,4
GCGGCAAAGTATTGCC-1_V13B23-285_B1,1
GCGGCTCTGACGTACC-1_V13B23-285_B1,1
GCGGGAACCAGGCCCT-1_V13B23-285_B1,1
GCGGGCATTACGATGC-1_V13B23-285_B1,1
GCGGGCGAGCCTTACC-1_V13B23-285_B1,1
GCGGTCCCGGTGAAGG-1_V13B23-285_B1,1
GCGGTGAACTGCGCTC-1_V13B23-285_B1,2
GCGGTTCCCTATCATG-1_V13B23-285_B1,1
GCGTAAATGGCCATAA-1_V13B23-285_B1,4
GCGTCGAAATGTCGGT-1_V13B23-285_B1,2
GCGTCGCCAGGGTGAT-1_V13B23-285_B1,1
GCGTCTAACCTCCTAA-1_V13B23-285_B1,1
GCGTCTCTGCATTGGG-1_V13B23-285_B1,1
GCGTGGTACTGGGTTA-1_V13B23-285_B1,4
GCGTTATATTTGGAAC-1_V13B23-285_B1,1
GCGTTCGGAGACCGGG-1_V13B23-285_B1,1
GCGTTCTGACTAAGCG-1_V13B23-285_B1,4
GCTAAACCTGAGGTGA-1_V13B23-285_B1,1
GCTAACTGAAGTCTGA-1_V13B23-285_B1,4
GCTAAGTAAAGGCGAT-1_V13B23-285_B1,1
GCTAAGTAGTTTCTCT-1_V13B23-285_B1,2
GCTAATACCGAATGCC-1_V13B23-285_B1,1
GCTACAATCGAGGATA-1_V13B23-285_B1,4
GCTACAGTACGGACCG-1_V13B23-285_B1,1
GCTACGACTTATTGGG-1_V13B23-285_B1,4
GCTACTATAGTAGAGT-1_V13B23-285_B1,4
GCTAGACCGTCTACTG-1_V13B23-285_B1,4
GCTAGAGTAGAGATGT-1_V13B23-285_B1,4
GCTAGCACCTGGGCCA-1_V13B23-285_B1,4
GCTAGCAGGGAGTGGG-1_V13B23-285_B1,2
GCTAGCTTGAATAGCT-1_V13B23-285_B1,1
GCTAGGCACCACGGAG-1_V13B23-285_B1,4
GCTAGTAGAGCTTGTA-1_V13B23-285_B1,1
GCTAGTTTCATTGAGG-1_V13B23-285_B1,1
GCTATACGTCTCGGAC-1_V13B23-285_B1,4
GCTATCATACTCATGG-1_V13B23-285_B1,4
GCTATCGCGGCGCAAC-1_V13B23-285_B1,1
GCTCAATCCGTTTATT-1_V13B23-285_B1,1
GCTCAATGTAATACCG-1_V13B23-285_B1,1
GCTCATTACTGCATGT-1_V13B23-285_B1,2
GCTCCATGAGTGCAGA-1_V13B23-285_B1,4
GCTCCCAGTCGGTCCA-1_V13B23-285_B1,4
GCTCCGCTCGCTTCAG-1_V13B23-285_B1,4
GCTCCTGACATACTGG-1_V13B23-285_B1,1
GCTCGCGGTTCCGCTC-1_V13B23-285_B1,1
GCTCGCTCATGTCCAA-1_V13B23-285_B1,4
GCTCGGAATTTAAAGC-1_V13B23-285_B1,2
GCTCTAAACCCTGACG-1_V13B23-285_B1,1
GCTCTATGTTACGTGC-1_V13B23-285_B1,1
GCTCTCGGGTACCGAA-1_V13B23-285_B1,1
GCTGAACTCTCCAGGG-1_V13B23-285_B1,4
GCTGAATCTTCCAATC-1_V13B23-285_B1,1
GCTGAGCAACGGTTCT-1_V13B23-285_B1,1
GCTGAGGCGTGAGTAT-1_V13B23-285_B1,1
GCTGCACGGTTTCTTA-1_V13B23-285_B1,4
GCTGCTAAGTAGTCGA-1_V13B23-285_B1,1
GCTGCTACTGCGTAGC-1_V13B23-285_B1,4
GCTGCTCTCCGGACAC-1_V13B23-285_B1,1
GCTGGACCCAAAGTGG-1_V13B23-285_B1,2
GCTGGCATATTCACCT-1_V13B23-285_B1,1
GCTGGCGGCGCATGCT-1_V13B23-285_B1,1
GCTGGTTTAGGCCATA-1_V13B23-285_B1,1
GCTGTATTACTGGCCC-1_V13B23-285_B1,1
GCTGTTGCTACCGAAC-1_V13B23-285_B1,4
GCTTAATGTAACTAAC-1_V13B23-285_B1,4
GCTTACGTAGTTAGTA-1_V13B23-285_B1,4
GCTTAGGGAAGCGGTA-1_V13B23-285_B1,2
GCTTATGAAGCAGGAA-1_V13B23-285_B1,4
GCTTCCGTCCCTAGAC-1_V13B23-285_B1,1
GCTTGATGATAATCAG-1_V13B23-285_B1,1
GCTTGCAGCACAATTG-1_V13B23-285_B1,1
GCTTGGATCGATTAGG-1_V13B23-285_B1,1
GCTTTCAGAGGAGGTG-1_V13B23-285_B1,4
GGAAACCTTGTTGAAT-1_V13B23-285_B1,1
GGAAACTAAATGGGCC-1_V13B23-285_B1,4
GGAAAGTGCCCATGCC-1_V13B23-285_B1,2
GGAACCCGAACAAGAA-1_V13B23-285_B1,1
GGAACCGTGTAAATTG-1_V13B23-285_B1,1
GGAACCTTGACTCTGC-1_V13B23-285_B1,1
GGAACGGCCTGCAGCC-1_V13B23-285_B1,1
GGAACTTTGGCGATTA-1_V13B23-285_B1,4
GGAAGCTCGCTTACAG-1_V13B23-285_B1,2
GGAATGCGCTAGCGTG-1_V13B23-285_B1,1
GGACAAGTTGCAGTGA-1_V13B23-285_B1,1
GGACACAAGTTTACAC-1_V13B23-285_B1,4
GGACCAACAGGATAAC-1_V13B23-285_B1,4
GGACCTACGGTAACGT-1_V13B23-285_B1,1
GGACCTCTAGGCCGCC-1_V13B23-285_B1,1
GGACGTCCATAGTTGG-1_V13B23-285_B1,2
GGACTCACAAATTAGG-1_V13B23-285_B1,4
GGACTCGAAGCTTTCA-1_V13B23-285_B1,4
GGACTCTTCCGGTTGA-1_V13B23-285_B1,4
GGAGAAGTCATTGGCA-1_V13B23-285_B1,1
GGAGACCAATGTGCTT-1_V13B23-285_B1,1
GGAGACCATCTACATA-1_V13B23-285_B1,1
GGAGACGACACCTTTG-1_V13B23-285_B1,4
GGAGCAACATTTCAAG-1_V13B23-285_B1,4
GGAGCACCAAGAACTA-1_V13B23-285_B1,1
GGAGGCCGAAGTCGTC-1_V13B23-285_B1,4
GGAGGGCTTGGTTGGC-1_V13B23-285_B1,3
GGAGGGTCAAGTAAGA-1_V13B23-285_B1,4
GGAGTGCCGCCCTGGA-1_V13B23-285_B1,1
GGATCATCCCGTACGC-1_V13B23-285_B1,2
GGATCCGGAATATACT-1_V13B23-285_B1,2
GGATCTTGACTCAACC-1_V13B23-285_B1,1
GGATGAAGATCGCTGA-1_V13B23-285_B1,4
GGATGACGCGAGTTTA-1_V13B23-285_B1,1
GGATGCTGGCGTTCCT-1_V13B23-285_B1,1
GGATGTCCTTACCGCA-1_V13B23-285_B1,4
GGATTAAGCTAAGGTC-1_V13B23-285_B1,2
GGATTCAGTACGGTGG-1_V13B23-285_B1,1
GGATTCCGCTATACCC-1_V13B23-285_B1,2
GGATTGCTGTGACTCC-1_V13B23-285_B1,4
GGATTTCACTTCTATA-1_V13B23-285_B1,1
GGCAAAGGCGCCAATA-1_V13B23-285_B1,1
GGCAAATTACTTTACT-1_V13B23-285_B1,1
GGCAAGCCAGGGATAG-1_V13B23-285_B1,1
GGCAAGGCGAAATAGC-1_V13B23-285_B1,4
GGCAATAGTCAATGAG-1_V13B23-285_B1,1
GGCACTCAGCCGACCC-1_V13B23-285_B1,4
GGCACTCCACTGGGCA-1_V13B23-285_B1,1
GGCAGCAAACCTATGC-1_V13B23-285_B1,4
GGCAGCGGTAATCCTA-1_V13B23-285_B1,2
GGCATACAGGTAGCGG-1_V13B23-285_B1,1
GGCATATCGGTTCTGC-1_V13B23-285_B1,2
GGCCCAGTTATCAGCA-1_V13B23-285_B1,2
GGCCCGGAGCATGTCT-1_V13B23-285_B1,4
GGCCCGTATACCATGC-1_V13B23-285_B1,1
GGCCCTCACCCACTTA-1_V13B23-285_B1,1
GGCCGTTTGGGTTTCA-1_V13B23-285_B1,1
GGCCTGCTTCTCCCGA-1_V13B23-285_B1,4
GGCCTTTGCAACTGGC-1_V13B23-285_B1,1
GGCGAAATCTAACTTG-1_V13B23-285_B1,4
GGCGAACCGTTCTGAT-1_V13B23-285_B1,1
GGCGAGCGAAACGGCA-1_V13B23-285_B1,1
GGCGCAGGACATCTTC-1_V13B23-285_B1,1
GGCGCATGAATTGATG-1_V13B23-285_B1,1
GGCGCGGAGATCTTTC-1_V13B23-285_B1,4
GGCGCGTTCGAGTTTA-1_V13B23-285_B1,1
GGCGCTCCTCATCAAT-1_V13B23-285_B1,2
GGCGGAGTAATATTAG-1_V13B23-285_B1,1
GGCGGGCTCTAAGAGT-1_V13B23-285_B1,4
GGCGGTAGGATCATTG-1_V13B23-285_B1,4
GGCGGTTTGCCGGTGC-1_V13B23-285_B1,1
GGCGTCCTATCCGCTG-1_V13B23-285_B1,1
GGCTAAAGGGCGGGTC-1_V13B23-285_B1,1
GGCTAATGATTGAAAT-1_V13B23-285_B1,2
GGCTATTAAGTTGTAT-1_V13B23-285_B1,1
GGCTCCTCCACCTGTT-1_V13B23-285_B1,1
GGCTCGCGTTGAGGTA-1_V13B23-285_B1,1
GGCTCGTGCCACCAGC-1_V13B23-285_B1,1
GGCTCTGCTCCAACGC-1_V13B23-285_B1,1
GGCTGAAATAGCAAAG-1_V13B23-285_B1,4
GGCTGAGCATCGTAAG-1_V13B23-285_B1,2
GGCTGGCTAGCTTAAA-1_V13B23-285_B1,2
GGCTTTCAATAAGGGT-1_V13B23-285_B1,1
GGGAACGGGAGGTTAG-1_V13B23-285_B1,1
GGGAATGAGCCCTCAC-1_V13B23-285_B1,1
GGGACAGAGTTACTCC-1_V13B23-285_B1,1
GGGACCCGTATATCTT-1_V13B23-285_B1,1
GGGACTGCATAGATAG-1_V13B23-285_B1,1
GGGAGAACTCACAGTA-1_V13B23-285_B1,1
GGGAGGATGCCCGAAA-1_V13B23-285_B1,1
GGGAGTTAATGAGGCG-1_V13B23-285_B1,2
GGGATACGGTAATAAT-1_V13B23-285_B1,1
GGGATCCCAATACAAA-1_V13B23-285_B1,1
GGGATGGTCGTAACCG-1_V13B23-285_B1,1
GGGATTTACCGCACCT-1_V13B23-285_B1,4
GGGCAACCGCACGTGC-1_V13B23-285_B1,1
GGGCAGAGCAATCGTT-1_V13B23-285_B1,1
GGGCCCGTCTTAAACA-1_V13B23-285_B1,1
GGGCCCTACGAAAGGG-1_V13B23-285_B1,1
GGGCCGGCCGAAGTAC-1_V13B23-285_B1,4
GGGCCTAAATGGGCTA-1_V13B23-285_B1,1
GGGCCTATTTAAGTAT-1_V13B23-285_B1,2
GGGCGAATTTCTCCAC-1_V13B23-285_B1,1
GGGCGATATGTGTGAA-1_V13B23-285_B1,1
GGGCGCAGCGTTACTC-1_V13B23-285_B1,1
GGGCGGCAAATGAATT-1_V13B23-285_B1,1
GGGCGGGTTCCCTACG-1_V13B23-285_B1,1
GGGCGGTCCTATTGTC-1_V13B23-285_B1,1
GGGCGTACATTTATAT-1_V13B23-285_B1,1
GGGCGTCACCACGTAA-1_V13B23-285_B1,1
GGGCGTCCACTGGCTC-1_V13B23-285_B1,2
GGGCGTGGTTTCCCAG-1_V13B23-285_B1,4
GGGCTACTATTTCGTG-1_V13B23-285_B1,1
GGGCTATGATCGATGG-1_V13B23-285_B1,1
GGGCTCATCGAACCCA-1_V13B23-285_B1,1
GGGCTGCCTAGGGCGA-1_V13B23-285_B1,4
GGGCTGGTTAGTCGCG-1_V13B23-285_B1,1
GGGTACCCACGGTCCT-1_V13B23-285_B1,1
GGGTACTTCATGAACT-1_V13B23-285_B1,1
GGGTATGTATGCACTT-1_V13B23-285_B1,1
GGGTATTCTAGCAAAC-1_V13B23-285_B1,1
GGGTCACCGTGACGGT-1_V13B23-285_B1,1
GGGTCATGCGTACCAT-1_V13B23-285_B1,1
GGGTCGTGGCAAGTGT-1_V13B23-285_B1,1
GGGTGACACCTTAACT-1_V13B23-285_B1,1
GGGTGCATATGAAAGC-1_V13B23-285_B1,1
GGGTGTTTCAGCTATG-1_V13B23-285_B1,3
GGGTTAACATTTGAGT-1_V13B23-285_B1,1
GGGTTCAGACGAACAA-1_V13B23-285_B1,1
GGGTTTAGGATAGGAT-1_V13B23-285_B1,4
GGTAAATGTGCGTTAC-1_V13B23-285_B1,2
GGTAACCGGGAGGATA-1_V13B23-285_B1,1
GGTACAAACATGCTAT-1_V13B23-285_B1,1
GGTACACCAGATTTAT-1_V13B23-285_B1,1
GGTACATCTGGGACGA-1_V13B23-285_B1,1
GGTACCATTAAGACGG-1_V13B23-285_B1,1
GGTACTAAGTGCTTTG-1_V13B23-285_B1,4
GGTAGAAGACCGCCTG-1_V13B23-285_B1,4
GGTAGACCGTTGGGCG-1_V13B23-285_B1,1
GGTAGTGCTCGCACCA-1_V13B23-285_B1,4
GGTATAGTGACACATA-1_V13B23-285_B1,4
GGTATTGCCGAGTTTA-1_V13B23-285_B1,1
GGTCAAGACTACTTCG-1_V13B23-285_B1,4
GGTCAGTGGGTCCCAC-1_V13B23-285_B1,1
GGTCATTGTAGTCATA-1_V13B23-285_B1,2
GGTCCTTCATACGACT-1_V13B23-285_B1,1
GGTCGGATAAACGGCG-1_V13B23-285_B1,1
GGTCGGCCAGGAGCTT-1_V13B23-285_B1,4
GGTCGGTAATTAGACA-1_V13B23-285_B1,2
GGTCGGTCGTCCACAG-1_V13B23-285_B1,1
GGTCGTAAGCTCGCAC-1_V13B23-285_B1,1
GGTCTCCAAGTAGTGC-1_V13B23-285_B1,4
GGTCTCTGAATGGACT-1_V13B23-285_B1,1
GGTCTGAGAATCTGGA-1_V13B23-285_B1,1
GGTGAAGTACAGGGAT-1_V13B23-285_B1,1
GGTGAGATGCAGATAA-1_V13B23-285_B1,1
GGTGATAAGGAGCAGT-1_V13B23-285_B1,4
GGTGCAGAGCCTATCG-1_V13B23-285_B1,2
GGTGCGGATAAGTGGC-1_V13B23-285_B1,2
GGTGCTGATCACAAAG-1_V13B23-285_B1,1
GGTGCTGGTACACATT-1_V13B23-285_B1,1
GGTGGACTGCTCTGGC-1_V13B23-285_B1,4
GGTGGAGGTTGATACG-1_V13B23-285_B1,3
GGTGTTGGGCGTCTTA-1_V13B23-285_B1,4
GGTTACCACCCTCGGG-1_V13B23-285_B1,1
GGTTACCCGACACTTT-1_V13B23-285_B1,1
GGTTAGCTATATGTCT-1_V13B23-285_B1,4
GGTTAGGCTTGGAGAA-1_V13B23-285_B1,1
GGTTAGTTACGGCGCC-1_V13B23-285_B1,1
GGTTCGGATTATACTA-1_V13B23-285_B1,2
GGTTCTACTCGTCTGA-1_V13B23-285_B1,4
GGTTGTGCTCTTGTCC-1_V13B23-285_B1,1
GGTTGTGTAGCCTGGC-1_V13B23-285_B1,1
GGTTTAATTGAGCAGG-1_V13B23-285_B1,1
GGTTTACAATCTCAAT-1_V13B23-285_B1,1
GGTTTAGCCTTTCTTG-1_V13B23-285_B1,4
GGTTTCAATCGGTCAG-1_V13B23-285_B1,4
GGTTTGACAAGAAGCT-1_V13B23-285_B1,2
GGTTTGCGAACACGTA-1_V13B23-285_B1,2
GGTTTGTGACCTGAGG-1_V13B23-285_B1,4
GTAACATCTAAGATAA-1_V13B23-285_B1,4
GTAAGCGGGCAGTCAG-1_V13B23-285_B1,2
GTAAGGATTTGTCGGA-1_V13B23-285_B1,2
GTAAGTAACAGTCTGG-1_V13B23-285_B1,4
GTAAGTAGGGTATACC-1_V13B23-285_B1,1
GTAAGTCCACACTCTA-1_V13B23-285_B1,3
GTAATAAAGGGCTCCC-1_V13B23-285_B1,1
GTAATCTGATTCTTCG-1_V13B23-285_B1,1
GTACACTTACCTGAAG-1_V13B23-285_B1,4
GTACAGAGGCAAGGGT-1_V13B23-285_B1,4
GTACGACGGCGCTGCG-1_V13B23-285_B1,2
GTACGAGATTGCGACA-1_V13B23-285_B1,1
GTACGCTTCATTGCAC-1_V13B23-285_B1,4
GTACGTCACGTATTAA-1_V13B23-285_B1,2
GTACGTTTGCCCGTCA-1_V13B23-285_B1,4
GTACTAAGATTTGGAG-1_V13B23-285_B1,1
GTACTCCCTTATCGCT-1_V13B23-285_B1,1
GTACTCCTGGGTATGC-1_V13B23-285_B1,1
GTACTGGAGTTAGACC-1_V13B23-285_B1,1
GTACTTGGGCACTTCT-1_V13B23-285_B1,1
GTAGAAACGGGTGGAG-1_V13B23-285_B1,1
GTAGACGTCGTTACAT-1_V13B23-285_B1,2
GTAGAGGGAGACAAGT-1_V13B23-285_B1,1
GTAGCCAAACATGGGA-1_V13B23-285_B1,4
GTAGCGGCTATACACT-1_V13B23-285_B1,4
GTAGCTTCCTCTTGTT-1_V13B23-285_B1,1
GTAGGTGATCCGTGTA-1_V13B23-285_B1,2
GTAGTCGCGGGAATCA-1_V13B23-285_B1,4
GTATAATCTCCCGGAT-1_V13B23-285_B1,1
GTATAGGACTCAGTAG-1_V13B23-285_B1,2
GTATCAAACGTTAGCT-1_V13B23-285_B1,4
GTATCAGCTTGGGTTC-1_V13B23-285_B1,1
GTATCTCAGTCTTGAC-1_V13B23-285_B1,1
GTATCTTTCATAACCA-1_V13B23-285_B1,1
GTATGAAATTTCACTC-1_V13B23-285_B1,1
GTATGTGGGTCTAGTT-1_V13B23-285_B1,4
GTATTAAGGCGTCTAA-1_V13B23-285_B1,1
GTATTCTGAGAAACGA-1_V13B23-285_B1,1
GTATTTAATGGCATAA-1_V13B23-285_B1,4
GTCAAAGAAGTGGTGT-1_V13B23-285_B1,1
GTCAAAGTTTACATAG-1_V13B23-285_B1,2
GTCAAGCGGACTCGGG-1_V13B23-285_B1,4
GTCAATGCTATAATTT-1_V13B23-285_B1,1
GTCACTCTCCAAATCT-1_V13B23-285_B1,1
GTCAGAATAGTCTATG-1_V13B23-285_B1,1
GTCAGTTGTGCTCGTT-1_V13B23-285_B1,2
GTCAGTTTGGTAGTCG-1_V13B23-285_B1,1
GTCATCTCCTACAGCT-1_V13B23-285_B1,1
GTCATGCACCTCCGTT-1_V13B23-285_B1,1
GTCATGGACATGACTA-1_V13B23-285_B1,1
GTCATTAGAGCGAACG-1_V13B23-285_B1,4
GTCATTGCATTGACCC-1_V13B23-285_B1,1
GTCCATTACTGCTACG-1_V13B23-285_B1,4
GTCCCAACGTAAAGTA-1_V13B23-285_B1,2
GTCCCGCGACGTTATG-1_V13B23-285_B1,4
GTCCGAGAGCAATCAT-1_V13B23-285_B1,1
GTCCGGACCTGAAATT-1_V13B23-285_B1,4
GTCCGGCTGAATTGCG-1_V13B23-285_B1,1
GTCCTACAGGCGGCTC-1_V13B23-285_B1,1
GTCCTACGAATAGTCT-1_V13B23-285_B1,4
GTCCTACTCTACGGGC-1_V13B23-285_B1,1
GTCCTATTGTTGTGGT-1_V13B23-285_B1,1
GTCCTTCTAGTGGGTT-1_V13B23-285_B1,2
GTCGATAGGTGACTTT-1_V13B23-285_B1,4
GTCGCCGTTGTGTGTT-1_V13B23-285_B1,1
GTCGCGTAACCCGTTG-1_V13B23-285_B1,4
GTCGGAAGGATACCAG-1_V13B23-285_B1,2
GTCGGATATCTCAGAC-1_V13B23-285_B1,1
GTCGGATGTAGCGCGC-1_V13B23-285_B1,2
GTCGGGAAGCAGAAAC-1_V13B23-285_B1,1
GTCGTACCATCTCGGG-1_V13B23-285_B1,1
GTCGTATTGGCGTACA-1_V13B23-285_B1,2
GTCGTCTGGTTGGCTA-1_V13B23-285_B1,1
GTCGTGTCTGGTCATC-1_V13B23-285_B1,1
GTCGTTATTCGCTTAT-1_V13B23-285_B1,4
GTCTACTCAATTACAA-1_V13B23-285_B1,1
GTCTATCTGAGTTTCT-1_V13B23-285_B1,1
GTCTATTGGTTCCGGT-1_V13B23-285_B1,4
GTCTCAAGGCCCGGCT-1_V13B23-285_B1,1
GTCTCCTGCCAGTATG-1_V13B23-285_B1,1
GTCTCGACTAAGTTTG-1_V13B23-285_B1,1
GTCTCGATCTGCTTTC-1_V13B23-285_B1,2
GTCTGGGCGGTCGAGA-1_V13B23-285_B1,1
GTCTTAGTACAGCCGG-1_V13B23-285_B1,3
GTCTTGAGGAGCAGTG-1_V13B23-285_B1,4
GTCTTGTAGCTATTCA-1_V13B23-285_B1,4
GTGAAACGGCGCCACC-1_V13B23-285_B1,1
GTGAACTCCCATTCGA-1_V13B23-285_B1,1
GTGAAGATTTCAAGTG-1_V13B23-285_B1,1
GTGAAGCCGTATAGTC-1_V13B23-285_B1,1
GTGAAGTCACGACTCG-1_V13B23-285_B1,1
GTGACCGCACACTACG-1_V13B23-285_B1,4
GTGACCTAAAGAATAA-1_V13B23-285_B1,1
GTGACGAGGGTGACCC-1_V13B23-285_B1,1
GTGACTTCAGTAGTGC-1_V13B23-285_B1,1
GTGAGCGTGCTGCACT-1_V13B23-285_B1,1
GTGAGGACACTTAAGG-1_V13B23-285_B1,4
GTGAGGAGCGGTTGAG-1_V13B23-285_B1,2
GTGAGTCTAAGACGGA-1_V13B23-285_B1,1
GTGAGTGGTACAACGC-1_V13B23-285_B1,1
GTGATCACTAACGCCT-1_V13B23-285_B1,4
GTGATCATAGATCTGC-1_V13B23-285_B1,1
GTGATCCTTGTCATGA-1_V13B23-285_B1,4
GTGATGCACAACATCT-1_V13B23-285_B1,2
GTGATTCGCCGCTCAA-1_V13B23-285_B1,1
GTGCACGAAAGTGACT-1_V13B23-285_B1,2
GTGCAGCGTAGAGTAG-1_V13B23-285_B1,4
GTGCCATCACACGGTG-1_V13B23-285_B1,1
GTGCCCGTTCGGATTC-1_V13B23-285_B1,4
GTGCCGCTTCAAAGGT-1_V13B23-285_B1,1
GTGCCTAGCTATGCTT-1_V13B23-285_B1,1
GTGCCTCAGTGTACGG-1_V13B23-285_B1,2
GTGCGAAATCGAACAC-1_V13B23-285_B1,1
GTGCGACAGGGAGTGT-1_V13B23-285_B1,4
GTGCGGGTCTCCAAAT-1_V13B23-285_B1,1
GTGCGTGTATATGAGC-1_V13B23-285_B1,4
GTGCTCAAGTACTGTC-1_V13B23-285_B1,1
GTGCTGCAGATAAGGA-1_V13B23-285_B1,1
GTGCTTACATCAGCGC-1_V13B23-285_B1,4
GTGGAACCTACATGCG-1_V13B23-285_B1,3
GTGGACCAACCCGATT-1_V13B23-285_B1,1
GTGGACGCATTTGTCC-1_V13B23-285_B1,1
GTGGACGTGCTGAGAC-1_V13B23-285_B1,1
GTGGAGCATGTCGGCC-1_V13B23-285_B1,4
GTGGAGCGTTTACCGA-1_V13B23-285_B1,1
GTGGAGTCGGCGGTTG-1_V13B23-285_B1,1
GTGGCAAACAGCGGCA-1_V13B23-285_B1,1
GTGGCGGTCCCAGCGT-1_V13B23-285_B1,1
GTGGGAAGACTGAATC-1_V13B23-285_B1,1
GTGGGCTTAGACACAC-1_V13B23-285_B1,1
GTGGTATAGTCTGCCG-1_V13B23-285_B1,1
GTGGTGATGGTTTGTG-1_V13B23-285_B1,4
GTGGTGGCCAAGTGAA-1_V13B23-285_B1,4
GTGGTTACTTCTTTCG-1_V13B23-285_B1,1
GTGGTTTCCGCCTTTC-1_V13B23-285_B1,1
GTGTACCTTGGCTACG-1_V13B23-285_B1,1
GTGTACGAACCGTTCC-1_V13B23-285_B1,4
GTGTATATCAGCGGGC-1_V13B23-285_B1,4
GTGTCGTATAGCGTTC-1_V13B23-285_B1,4
GTGTGAATAACTTAGG-1_V13B23-285_B1,1
GTGTTACTATGCGTCC-1_V13B23-285_B1,4
GTTAAAGTAGGACTGG-1_V13B23-285_B1,4
GTTAACATCACTTAAA-1_V13B23-285_B1,4
GTTAACTATGTTGTCA-1_V13B23-285_B1,4
GTTAAGGGTGCGATGT-1_V13B23-285_B1,1
GTTAAGTTAGAGTGGG-1_V13B23-285_B1,4
GTTAATGTCTATCTTA-1_V13B23-285_B1,1
GTTACAATTGGTGACG-1_V13B23-285_B1,1
GTTACCTACAACTTGC-1_V13B23-285_B1,4
GTTACTTTGGGCCTAG-1_V13B23-285_B1,1
GTTAGCCGTAAATCAA-1_V13B23-285_B1,1
GTTAGGCTACCCGTTT-1_V13B23-285_B1,1
GTTATAATACGGTGAA-1_V13B23-285_B1,4
GTTATATCAGGAGCCA-1_V13B23-285_B1,1
GTTATATTATCTCCCT-1_V13B23-285_B1,1
GTTATTAACGTGGGAG-1_V13B23-285_B1,1
GTTCACAGGAGTCTAG-1_V13B23-285_B1,1
GTTCATCGTTTGGCTG-1_V13B23-285_B1,1
GTTCCAGTCTGACCAT-1_V13B23-285_B1,2
GTTCCCGTAAACATAT-1_V13B23-285_B1,4
GTTCGCCATAAGTGCC-1_V13B23-285_B1,1
GTTCGCTGAGACGTCT-1_V13B23-285_B1,4
GTTCGGATCGGGAACA-1_V13B23-285_B1,4
GTTCGGGCGTACCATT-1_V13B23-285_B1,1
GTTCGTCTAAAGAACT-1_V13B23-285_B1,4
GTTCGTCTGGGTCCCT-1_V13B23-285_B1,1
GTTCTTCCCTCGATGT-1_V13B23-285_B1,2
GTTGAACCGGTTCCAT-1_V13B23-285_B1,1
GTTGAGTCCCGCCGGT-1_V13B23-285_B1,4
GTTGCACGGAGTTTCG-1_V13B23-285_B1,1
GTTGCAGTCGACAACA-1_V13B23-285_B1,4
GTTGCGCTAACATTAC-1_V13B23-285_B1,4
GTTGCGGACGGTCAGG-1_V13B23-285_B1,4
GTTGGACCGCATCAGG-1_V13B23-285_B1,1
GTTGGATTCAGTGGCT-1_V13B23-285_B1,2
GTTGGATTGAGAACAC-1_V13B23-285_B1,1
GTTGGATTTGCGTTGG-1_V13B23-285_B1,1
GTTGGTCATGCTATCC-1_V13B23-285_B1,1
GTTGTCGTGTTAGTTG-1_V13B23-285_B1,2
GTTGTTACATTGCGCT-1_V13B23-285_B1,2
GTTTACGTTCCATCTG-1_V13B23-285_B1,1
GTTTATGGGATTTAGA-1_V13B23-285_B1,1
GTTTCAAACGAGTTGT-1_V13B23-285_B1,4
GTTTCATATCGTCGCT-1_V13B23-285_B1,1
GTTTCCTGGAGGGTGA-1_V13B23-285_B1,1
GTTTCTGCAGTCTCCC-1_V13B23-285_B1,4
GTTTGACCAAATCCTA-1_V13B23-285_B1,1
GTTTGGCCCAAGTTAT-1_V13B23-285_B1,4
GTTTGGCCGCTCAGCG-1_V13B23-285_B1,2
GTTTGGGCTTGTGAGC-1_V13B23-285_B1,4
GTTTGGTAGGGTCAAC-1_V13B23-285_B1,1
TAAACCCAGGAGGGCA-1_V13B23-285_B1,1
TAAACGTCGTCAATGA-1_V13B23-285_B1,1
TAAAGACAACCCTTTA-1_V13B23-285_B1,4
TAAAGCGTTAGGAGAA-1_V13B23-285_B1,1
TAAAGCTGCAATAGGG-1_V13B23-285_B1,2
TAAATCTTTACACCTC-1_V13B23-285_B1,1
TAAATGAATCCGTTTC-1_V13B23-285_B1,1
TAAATGCCGTCTCATG-1_V13B23-285_B1,2
TAACAAAGGGAGAAGC-1_V13B23-285_B1,1
TAACAATATTTGTTGC-1_V13B23-285_B1,1
TAACATACAATGTGGG-1_V13B23-285_B1,4
TAACATACACGCGATC-1_V13B23-285_B1,1
TAACCTACCGTCCGAG-1_V13B23-285_B1,4
TAACCTAGGGAGTCCA-1_V13B23-285_B1,4
TAACGCTTTGAGAGCG-1_V13B23-285_B1,1
TAACTATCGAAGGTCC-1_V13B23-285_B1,1
TAACTATTACGCCAAA-1_V13B23-285_B1,1
TAACTCATCCGCGCGG-1_V13B23-285_B1,1
TAACTCCATGGAGGCT-1_V13B23-285_B1,1
TAAGCAGGCGACACGC-1_V13B23-285_B1,1
TAAGCCCTTACGACCA-1_V13B23-285_B1,2
TAAGGAACTTGTGGGA-1_V13B23-285_B1,2
TAAGGCAACATAAGAT-1_V13B23-285_B1,1
TAAGGCATAACATCAA-1_V13B23-285_B1,1
TAAGGCCCGTCACCCT-1_V13B23-285_B1,1
TAAGGCTGAATCCCTC-1_V13B23-285_B1,4
TAAGGGCCTGTCCGAT-1_V13B23-285_B1,4
TAAGGGCTGGGAGAGG-1_V13B23-285_B1,1
TAAGTAACATCTTGAC-1_V13B23-285_B1,1
TAAGTCGCCGAGTATC-1_V13B23-285_B1,1
TAAGTTGCGACGTAGG-1_V13B23-285_B1,4
TAATAAACAAGGAGAT-1_V13B23-285_B1,2
TAATACACAGTAGTAT-1_V13B23-285_B1,2
TAATAGAACAGAGTTA-1_V13B23-285_B1,1
TAATAGCTAAATGATG-1_V13B23-285_B1,1
TAATAGGTCACCAGAA-1_V13B23-285_B1,1
TAATAGTGACGACCAG-1_V13B23-285_B1,1
TAATATTGAAATTCGC-1_V13B23-285_B1,1
TAATCAACCAAATGGG-1_V13B23-285_B1,4
TAATCGATCCGTACGT-1_V13B23-285_B1,1
TAATGAAAGACCCTTG-1_V13B23-285_B1,1
TAATTACGTCAGTAGA-1_V13B23-285_B1,4
TAATTAGGACATCCGT-1_V13B23-285_B1,4
TAATTGGAATCGGGAA-1_V13B23-285_B1,1
TACAACGCACAACTCA-1_V13B23-285_B1,1
TACAAGTCTCGTGCAT-1_V13B23-285_B1,1
TACACCGTCGTTAGTC-1_V13B23-285_B1,1
TACAGAAACGGTGGGC-1_V13B23-285_B1,4
TACATAGGCATACACC-1_V13B23-285_B1,1
TACATCCCTATCCCTG-1_V13B23-285_B1,1
TACATGCCGGAATTGT-1_V13B23-285_B1,4
TACATTTCTAACGTGC-1_V13B23-285_B1,1
TACCAAATAGCCCAGA-1_V13B23-285_B1,1
TACCAATAAAGTACCA-1_V13B23-285_B1,4
TACCAGAAGTAGGTTC-1_V13B23-285_B1,1
TACCAGCTAGGTTTAA-1_V13B23-285_B1,2
TACCATGTATTGATTT-1_V13B23-285_B1,4
TACCGCGGACTTGCAG-1_V13B23-285_B1,4
TACCGGCTCACTGCCC-1_V13B23-285_B1,1
TACCGGTCGTTTCCAT-1_V13B23-285_B1,1
TACCGTAGGTTAACTA-1_V13B23-285_B1,1
TACCGTGCCTCGGACC-1_V13B23-285_B1,4
TACCTACTCCCAGTAT-1_V13B23-285_B1,1
TACCTCACGCTTGTAC-1_V13B23-285_B1,2
TACCTCAGTTGTCTGT-1_V13B23-285_B1,1
TACCTGCTGCACTGTG-1_V13B23-285_B1,1
TACCTTAAGATTTCCC-1_V13B23-285_B1,1
TACGAACACGACTTCA-1_V13B23-285_B1,1
TACGACGCTTGCTGCG-1_V13B23-285_B1,1
TACGACTGCCTCTTAG-1_V13B23-285_B1,1
TACGAGAACTTCACGT-1_V13B23-285_B1,1
TACGATGTTGATCATC-1_V13B23-285_B1,1
TACGCAGTTCTTTCCT-1_V13B23-285_B1,1
TACGCCATATTCTAAT-1_V13B23-285_B1,1
TACGCCGAGGGTACCC-1_V13B23-285_B1,1
TACGCCGCCTCAGAAG-1_V13B23-285_B1,4
TACGCCTCCATTCCGA-1_V13B23-285_B1,1
TACGCTATAGAAACCT-1_V13B23-285_B1,4
TACGCTCGGTATTGGA-1_V13B23-285_B1,4
TACGGGATGCTAGCAG-1_V13B23-285_B1,2
TACGTACTAGTGCTGA-1_V13B23-285_B1,1
TACGTGCAAGGTTCCT-1_V13B23-285_B1,1
TACGTGCACTATGCTG-1_V13B23-285_B1,1
TACGTTTACCGGCAAT-1_V13B23-285_B1,1
TACTATGGTTCCTCAG-1_V13B23-285_B1,1
TACTCGGCACGCCGGG-1_V13B23-285_B1,1
TACTCTCCGAACAAAT-1_V13B23-285_B1,2
TACTCTTACTTTACTG-1_V13B23-285_B1,4
TACTCTTTCGTCTTCA-1_V13B23-285_B1,1
TACTGAACAGATTTAG-1_V13B23-285_B1,1
TACTGAGGGAAGAAAG-1_V13B23-285_B1,1
TACTGCAATCAATTAC-1_V13B23-285_B1,1
TACTGGACAGCTCGGC-1_V13B23-285_B1,1
TACTGTTTCTCTGGTA-1_V13B23-285_B1,4
TACTTGTTAGTAGTCC-1_V13B23-285_B1,4
TACTTTACTGAGCCGG-1_V13B23-285_B1,1
TACTTTCCGCACGCCA-1_V13B23-285_B1,1
TAGAAAGGTGGCGCTA-1_V13B23-285_B1,1
TAGAATAGCCGATGAA-1_V13B23-285_B1,4
TAGAATTAAGGGCAAC-1_V13B23-285_B1,2
TAGACGCCCGTACCGG-1_V13B23-285_B1,1
TAGACTACCTAGCGTT-1_V13B23-285_B1,4
TAGAGATCATGCAACT-1_V13B23-285_B1,1
TAGAGCTACGAAGAAC-1_V13B23-285_B1,2
TAGAGGTTCTACTTGT-1_V13B23-285_B1,4
TAGAGTCTAAGCGAAC-1_V13B23-285_B1,1
TAGATATGGACTGGAA-1_V13B23-285_B1,1
TAGATCCGAAGTCGCA-1_V13B23-285_B1,2
TAGATGGTTCCTTACT-1_V13B23-285_B1,4
TAGATTCCTGGTTATT-1_V13B23-285_B1,1
TAGCAACCTGTCACAA-1_V13B23-285_B1,1
TAGCCATTTCAAAGTC-1_V13B23-285_B1,4
TAGCCGGCGGTCAGCG-1_V13B23-285_B1,4
TAGCGTCCCTCGATTG-1_V13B23-285_B1,4
TAGCGTCCGGTGTGGT-1_V13B23-285_B1,4
TAGCGTTGGGTCTTAC-1_V13B23-285_B1,4
TAGCTAAGTCCGGGAG-1_V13B23-285_B1,1
TAGCTAGAAGGCATGA-1_V13B23-285_B1,1
TAGCTAGTGATGATGG-1_V13B23-285_B1,1
TAGCTCGCCTGATAAC-1_V13B23-285_B1,1
TAGCTGATGTGAAGCG-1_V13B23-285_B1,1
TAGGCATGTTACGCCA-1_V13B23-285_B1,2
TAGGGAGCTTGGGATG-1_V13B23-285_B1,4
TAGGGTGTTTCAAGAG-1_V13B23-285_B1,1
TAGGTCCAAGTAAGGA-1_V13B23-285_B1,1
TAGGTCGCCGGAACTG-1_V13B23-285_B1,1
TAGGTGACGATAACCT-1_V13B23-285_B1,4
TAGGTGAGCCCTACTC-1_V13B23-285_B1,1
TAGGTGCTCGCCTAGC-1_V13B23-285_B1,4
TAGGTGTTCCACAGAT-1_V13B23-285_B1,1
TAGGTTCGAGTTCGTC-1_V13B23-285_B1,4
TAGTACCTTAGTGGTC-1_V13B23-285_B1,1
TAGTAGCTTATACCAG-1_V13B23-285_B1,1
TAGTCCGCAGAGAATG-1_V13B23-285_B1,1
TAGTCCGTATGCATAA-1_V13B23-285_B1,2
TAGTCGATCACGGGTT-1_V13B23-285_B1,4
TAGTCTAACAACGAGA-1_V13B23-285_B1,1
TAGTCTGTGACGTTGC-1_V13B23-285_B1,1
TAGTCTTTCCGAATTG-1_V13B23-285_B1,4
TAGTGCCCTCCAGAGT-1_V13B23-285_B1,1
TAGTGTCAGAAACGGC-1_V13B23-285_B1,1
TAGTTAAGATAGGATA-1_V13B23-285_B1,2
TAGTTTATTCTTGCTT-1_V13B23-285_B1,2
TATAAATCCACAAGCT-1_V13B23-285_B1,1
TATAAGTGAGGATAGC-1_V13B23-285_B1,1
TATACACAGACGCCTT-1_V13B23-285_B1,1
TATACACGCAAAGTAT-1_V13B23-285_B1,1
TATACCGAGTGCCACA-1_V13B23-285_B1,4
TATACGCGTCATCACT-1_V13B23-285_B1,1
TATACTCATGCGGCAA-1_V13B23-285_B1,1
TATAGATGGTCGCAGT-1_V13B23-285_B1,4
TATAGCGCACGTTATC-1_V13B23-285_B1,1
TATAGGGTACTCATGA-1_V13B23-285_B1,1
TATATATCGAGAAATG-1_V13B23-285_B1,1
TATATCCCTGGGAGGA-1_V13B23-285_B1,4
TATATGCTGGGTTGCC-1_V13B23-285_B1,1
TATATTACAAATGTCG-1_V13B23-285_B1,1
TATCACCATGTAAAGT-1_V13B23-285_B1,2
TATCACCCAACCGACC-1_V13B23-285_B1,1
TATCACTTCGAGTAAC-1_V13B23-285_B1,2
TATCCAATTGGTTATC-1_V13B23-285_B1,4
TATCCATATCATGCGA-1_V13B23-285_B1,1
TATCCATCTCGGTTAG-1_V13B23-285_B1,1
TATCCGCACCGTCGGG-1_V13B23-285_B1,1
TATCCTGCATGGGAAT-1_V13B23-285_B1,2
TATCGATCTATGCATA-1_V13B23-285_B1,2
TATCGATGATTAAACG-1_V13B23-285_B1,2
TATCTACAGAGGTAAT-1_V13B23-285_B1,1
TATCTACCACAGCGGG-1_V13B23-285_B1,1
TATCTAGCCTAAAGGA-1_V13B23-285_B1,1
TATCTTGCAATACAAC-1_V13B23-285_B1,1
TATGAAGACAGGTGCG-1_V13B23-285_B1,1
TATGATCCGGCACGCC-1_V13B23-285_B1,1
TATGATCTTCTCTTTA-1_V13B23-285_B1,4
TATGCTCCCTACTTAC-1_V13B23-285_B1,1
TATGGATGTGCTACGC-1_V13B23-285_B1,1
TATGGCCCGGCCTCGC-1_V13B23-285_B1,1
TATGGCTAGGCTAATT-1_V13B23-285_B1,1
TATGGGACCGAGCAGG-1_V13B23-285_B1,1
TATGGGTACGTATCGT-1_V13B23-285_B1,1
TATGGTCTGAGTAACA-1_V13B23-285_B1,1
TATGGTTAGTGGGAGA-1_V13B23-285_B1,4
TATGTAGAAACCCGGC-1_V13B23-285_B1,1
TATGTCAAGACCGACT-1_V13B23-285_B1,2
TATGTCTCATTGTGCC-1_V13B23-285_B1,1
TATTAACCTGACCGCG-1_V13B23-285_B1,1
TATTACCATCCTGCTT-1_V13B23-285_B1,4
TATTATGTTTGCCTGC-1_V13B23-285_B1,1
TATTCAATTCTAATCC-1_V13B23-285_B1,2
TATTCCACTCAGCTCG-1_V13B23-285_B1,1
TATTCCGAGCTGTTAT-1_V13B23-285_B1,4
TATTCCTCCGCCCACT-1_V13B23-285_B1,1
TATTCGTGCCAGAATA-1_V13B23-285_B1,4
TATTGACATTTCTGCC-1_V13B23-285_B1,4
TATTTAGTCTAGATCG-1_V13B23-285_B1,2
TATTTATACCGAGTAG-1_V13B23-285_B1,2
TATTTGATTTGCACAG-1_V13B23-285_B1,4
TATTTGTTACCCTTTA-1_V13B23-285_B1,1
TCAAACAACCGCGTCG-1_V13B23-285_B1,1
TCAAACTTAGATTGTT-1_V13B23-285_B1,1
TCAAATTTGAGACTCA-1_V13B23-285_B1,1
TCAACAAAGATAATTC-1_V13B23-285_B1,1
TCAACATAGCGCCCTA-1_V13B23-285_B1,1
TCAACATCGACCGAGA-1_V13B23-285_B1,1
TCAACCATGTTCGGGC-1_V13B23-285_B1,1
TCAACGAGGAGACAAA-1_V13B23-285_B1,1
TCAACGCAGGAAATAA-1_V13B23-285_B1,1
TCAACGCGACCGGCAG-1_V13B23-285_B1,1
TCAACTAACGTATAAC-1_V13B23-285_B1,1
TCAACTGCAGAGTCAG-1_V13B23-285_B1,4
TCAAGAAATACTAGCT-1_V13B23-285_B1,4
TCAAGCGCGGACGGTA-1_V13B23-285_B1,4
TCAAGCTGCCTTGAAA-1_V13B23-285_B1,1
TCAAGGTTACTACACC-1_V13B23-285_B1,4
TCACAAACCGAGGTAC-1_V13B23-285_B1,1
TCACAGATCCTCAAAC-1_V13B23-285_B1,2
TCACAGCAAACTCGAA-1_V13B23-285_B1,1
TCACAGGAGAATAAGA-1_V13B23-285_B1,1
TCACAGGGAATCGCAA-1_V13B23-285_B1,4
TCACAGGTTATTGGGC-1_V13B23-285_B1,1
TCACATCTTATCTGAT-1_V13B23-285_B1,1
TCACCCTCTTAAGATT-1_V13B23-285_B1,1
TCACCGCTCGGCACTC-1_V13B23-285_B1,1
TCACGATGTCCGTGGA-1_V13B23-285_B1,1
TCACGCATTGTAGATC-1_V13B23-285_B1,1
TCACGGTCATCGCACA-1_V13B23-285_B1,1
TCACGTGCCCGATTCA-1_V13B23-285_B1,1
TCACTACGACCAATGC-1_V13B23-285_B1,2
TCACTCGTGCAACGGC-1_V13B23-285_B1,2
TCACTCTTCGTCTGTC-1_V13B23-285_B1,1
TCAGAACCTCCACAGG-1_V13B23-285_B1,1
TCAGACGCTATAGAAG-1_V13B23-285_B1,4
TCAGAGTGTGAGCATG-1_V13B23-285_B1,4
TCAGCAAATGCATCTC-1_V13B23-285_B1,3
TCAGCAGTAGGCCCTG-1_V13B23-285_B1,1
TCAGGGCGCAAACTCG-1_V13B23-285_B1,1
TCAGGGTGTAACGTAA-1_V13B23-285_B1,1
TCAGGTTCTTTGAGAA-1_V13B23-285_B1,1
TCAGTACTGACCCGCG-1_V13B23-285_B1,1
TCAGTAGGGACTATAA-1_V13B23-285_B1,1
TCAGTGTATACGTCAT-1_V13B23-285_B1,1
TCATAAGTCCAAGAAG-1_V13B23-285_B1,4
TCATACTTACAGATCC-1_V13B23-285_B1,1
TCATCACTCGAGCTCG-1_V13B23-285_B1,1
TCATCCCAGAGGGTGG-1_V13B23-285_B1,2
TCATCGATGGTCCCAA-1_V13B23-285_B1,1
TCATGCAGGTTCTCAT-1_V13B23-285_B1,2
TCATTTAAGTCTCCGA-1_V13B23-285_B1,4
TCATTTAGAAGTGTGA-1_V13B23-285_B1,4
TCCAACTTTAAATTCT-1_V13B23-285_B1,1
TCCACAATGGTTTACG-1_V13B23-285_B1,1
TCCACCTCTAGCCTTT-1_V13B23-285_B1,1
TCCACTTTATCTAGGT-1_V13B23-285_B1,3
TCCAGAGCACCGGTTC-1_V13B23-285_B1,4
TCCAGATGTACGCCAA-1_V13B23-285_B1,1
TCCAGCGCTATAAGCG-1_V13B23-285_B1,4
TCCAGGCGAGTACGGT-1_V13B23-285_B1,1
TCCAGGGTATATACGA-1_V13B23-285_B1,1
TCCATTCCCACTAGAG-1_V13B23-285_B1,1
TCCATTGTGACCTCGT-1_V13B23-285_B1,2
TCCCAAACAGACAACG-1_V13B23-285_B1,1
TCCCAAAGACGAAGGA-1_V13B23-285_B1,1
TCCCAAAGCCCTAAAT-1_V13B23-285_B1,4
TCCCACTCTCTTCCGG-1_V13B23-285_B1,1
TCCCAGCACACGACAT-1_V13B23-285_B1,4
TCCCAGCTTTAGTCTG-1_V13B23-285_B1,1
TCCCAGGCTTAGCTAA-1_V13B23-285_B1,1
TCCCGCCTATGTGCGT-1_V13B23-285_B1,1
TCCCGCGTACTCCTGG-1_V13B23-285_B1,1
TCCCGGGTGTGCTGCT-1_V13B23-285_B1,1
TCCCGTCAGTCCCGCA-1_V13B23-285_B1,2
TCCCGTCGCGTCATAG-1_V13B23-285_B1,1
TCCCGTGTGCAATTTG-1_V13B23-285_B1,4
TCCCTAGATCAATAGG-1_V13B23-285_B1,1
TCCCTGGCGTATTAAC-1_V13B23-285_B1,1
TCCCTGGCTCGCTGGA-1_V13B23-285_B1,1
TCCCTTAGATTACTCG-1_V13B23-285_B1,2
TCCGAACGTTGCCGCT-1_V13B23-285_B1,4
TCCGAACTTGGCTTAC-1_V13B23-285_B1,1
TCCGAAGTAGTCACCA-1_V13B23-285_B1,2
TCCGAATGGTCCTGAG-1_V13B23-285_B1,1
TCCGATAATTGCCATA-1_V13B23-285_B1,2
TCCGATGACTGAGCTC-1_V13B23-285_B1,2
TCCGATGGTGCGACAT-1_V13B23-285_B1,1
TCCGATTACATTGCCG-1_V13B23-285_B1,1
TCCGCCTGTCTACAAG-1_V13B23-285_B1,4
TCCGCGGCAGCATCTG-1_V13B23-285_B1,4
TCCGCGGCCCAATGAA-1_V13B23-285_B1,4
TCCGCTGTCATCCCGG-1_V13B23-285_B1,4
TCCGCTTATCCCATTA-1_V13B23-285_B1,1
TCCGGAGGAAGGGCTG-1_V13B23-285_B1,2
TCCGGCCTAGCGTACA-1_V13B23-285_B1,1
TCCGGCTGTCGGGTCG-1_V13B23-285_B1,4
TCCGGTTCGTCCGGTC-1_V13B23-285_B1,1
TCCGTAACCACAATCC-1_V13B23-285_B1,1
TCCGTTAAGCTAATAT-1_V13B23-285_B1,4
TCCGTTTAGCCTTGAA-1_V13B23-285_B1,1
TCCTAAATTGGGAAGC-1_V13B23-285_B1,4
TCCTAACCGTCGGGCA-1_V13B23-285_B1,1
TCCTACATCCACGGCC-1_V13B23-285_B1,4
TCCTAGCAAAGAAGCT-1_V13B23-285_B1,1
TCCTATCATAGGTAAC-1_V13B23-285_B1,4
TCCTCCTAAGACATTC-1_V13B23-285_B1,1
TCCTCGGGCTGGGCTT-1_V13B23-285_B1,4
TCCTCTACGAGATGGC-1_V13B23-285_B1,1
TCCTCTCCAGTTGTCC-1_V13B23-285_B1,1
TCCTCTGGCCCATTAG-1_V13B23-285_B1,2
TCCTGCCAACTGGAGA-1_V13B23-285_B1,2
TCCTGCGTTGATACTC-1_V13B23-285_B1,1
TCCTGGCGCTGCCTGG-1_V13B23-285_B1,2
TCCTTACGACGGTCCG-1_V13B23-285_B1,4
TCCTTCAGTGGTCGAA-1_V13B23-285_B1,3
TCCTTTAAATCCGCTT-1_V13B23-285_B1,4
TCCTTTCTTACGCTTA-1_V13B23-285_B1,1
TCGAAATTTAGGACCA-1_V13B23-285_B1,1
TCGAAGAACCGAGCAC-1_V13B23-285_B1,4
TCGAATATCCCGCAGG-1_V13B23-285_B1,1
TCGACAACTGAACCCG-1_V13B23-285_B1,1
TCGAGACCAACACCGT-1_V13B23-285_B1,1
TCGAGCCAGGCAGGCC-1_V13B23-285_B1,1
TCGAGGGCAACAGACG-1_V13B23-285_B1,4
TCGCAAAGATGCATTT-1_V13B23-285_B1,4
TCGCACCAGGAGGCAG-1_V13B23-285_B1,4
TCGCATCCCTAAGTGT-1_V13B23-285_B1,1
TCGCCGAAGTTGCGTC-1_V13B23-285_B1,1
TCGCCGGTCGATCCGT-1_V13B23-285_B1,2
TCGCGTAGCAGTGTCC-1_V13B23-285_B1,4
TCGCGTCCAGAAGGTC-1_V13B23-285_B1,1
TCGCTAAACCGCTATC-1_V13B23-285_B1,2
TCGCTCGATATATTCC-1_V13B23-285_B1,1
TCGCTCGGCACCAGCG-1_V13B23-285_B1,1
TCGCTGGGCGGATTGT-1_V13B23-285_B1,1
TCGCTGTGCGTAAATC-1_V13B23-285_B1,1
TCGCTTAATTACGAAG-1_V13B23-285_B1,2
TCGCTTTAAACGTTTG-1_V13B23-285_B1,1
TCGGAATGCGCTCTGA-1_V13B23-285_B1,1
TCGGACGCCCAGCCCA-1_V13B23-285_B1,1
TCGGAGAGTATCGGGA-1_V13B23-285_B1,1
TCGGAGTACATGAGTA-1_V13B23-285_B1,3
TCGGCGAACCCAAACC-1_V13B23-285_B1,4
TCGGCGTACTGCACAA-1_V13B23-285_B1,1
TCGGCTTGTATCGACG-1_V13B23-285_B1,4
TCGGGAACGTGCCTAG-1_V13B23-285_B1,1
TCGGGAGACAGCGTAC-1_V13B23-285_B1,1
TCGGGATTCAAACATA-1_V13B23-285_B1,1
TCGGGCCGTCGTGGTA-1_V13B23-285_B1,4
TCGGTCCCGACAATAG-1_V13B23-285_B1,1
TCGGTCCCTGACTCCA-1_V13B23-285_B1,2
TCGGTGACCGCTCCGG-1_V13B23-285_B1,2
TCGTAAGACGACATTG-1_V13B23-285_B1,1
TCGTAAGCTCCGAGGA-1_V13B23-285_B1,2
TCGTATAGTGCAATTA-1_V13B23-285_B1,2
TCGTATTACCCATTGC-1_V13B23-285_B1,1
TCGTCAAGTACGCGCA-1_V13B23-285_B1,1
TCGTCACACTGTTAGC-1_V13B23-285_B1,1
TCGTCCGCTGGCGTCT-1_V13B23-285_B1,1
TCGTCTTAGGCGTTAA-1_V13B23-285_B1,4
TCGTGTACTATGGATG-1_V13B23-285_B1,4
TCGTGTATTGGTCACG-1_V13B23-285_B1,4
TCGTGTCACGCTGACA-1_V13B23-285_B1,1
TCGTGTTCGACCACAA-1_V13B23-285_B1,4
TCGTTAGGAGTCCCTA-1_V13B23-285_B1,1
TCGTTGCTATCCGGTC-1_V13B23-285_B1,1
TCTAATACTGCCTCAG-1_V13B23-285_B1,1
TCTACCCAATAGAGAG-1_V13B23-285_B1,4
TCTACCGTCCACAAGC-1_V13B23-285_B1,1
TCTACGGGCTCAGTTG-1_V13B23-285_B1,1
TCTAGCAATCTCCGCC-1_V13B23-285_B1,1
TCTAGCATCTTCGATG-1_V13B23-285_B1,1
TCTAGCATGCCCAGAA-1_V13B23-285_B1,4
TCTAGGTGGCGACGCT-1_V13B23-285_B1,1
TCTAGTGATATCGTGG-1_V13B23-285_B1,4
TCTAGTTATCAGAAGA-1_V13B23-285_B1,1
TCTATCATGCAGTTAC-1_V13B23-285_B1,1
TCTATCGGTCGCAACA-1_V13B23-285_B1,2
TCTATTACGCTGGCGA-1_V13B23-285_B1,1
TCTATTACTAGAGGAT-1_V13B23-285_B1,1
TCTCATGAGATAGGGT-1_V13B23-285_B1,4
TCTCCAACGTAGGTTA-1_V13B23-285_B1,3
TCTCCACAAGTTGAAT-1_V13B23-285_B1,4
TCTCCCTGGGCAGCGT-1_V13B23-285_B1,4
TCTCGAACGAGGTCAC-1_V13B23-285_B1,2
TCTCGACGTATCGCCG-1_V13B23-285_B1,4
TCTCGAGGAGGTTCGC-1_V13B23-285_B1,4
TCTCGGCTCCAGGACT-1_V13B23-285_B1,2
TCTCTAATAGCTGGTA-1_V13B23-285_B1,1
TCTCTCGCCGCACATA-1_V13B23-285_B1,4
TCTGAACCGGTCGGCT-1_V13B23-285_B1,1
TCTGAACTCGTACCCG-1_V13B23-285_B1,4
TCTGAAGCACGTGGTC-1_V13B23-285_B1,4
TCTGAATTCCGTACAA-1_V13B23-285_B1,4
TCTGACGGGCTAACCC-1_V13B23-285_B1,1
TCTGAGCAATTGACTG-1_V13B23-285_B1,4
TCTGATCGGGTGCTAG-1_V13B23-285_B1,1
TCTGATGTATTCTGTC-1_V13B23-285_B1,4
TCTGATTGGAAATGGA-1_V13B23-285_B1,4
TCTGCACCATTAGTAA-1_V13B23-285_B1,1
TCTGCATACCTTGCTT-1_V13B23-285_B1,4
TCTGCCAGAAACTGCA-1_V13B23-285_B1,4
TCTGCGAATCGTTCGC-1_V13B23-285_B1,1
TCTGCGTCCGGTTTCT-1_V13B23-285_B1,1
TCTGCTTAGAACAAGC-1_V13B23-285_B1,4
TCTGGAGCGTAAGAGT-1_V13B23-285_B1,4
TCTGGCCGTTCAAGTT-1_V13B23-285_B1,4
TCTGGGAACCTTTGAA-1_V13B23-285_B1,4
TCTGGGTAGCGCTCAT-1_V13B23-285_B1,1
TCTGTGCCATCATAGT-1_V13B23-285_B1,1
TCTGTTACCCAGCATA-1_V13B23-285_B1,1
TCTTACAGAGGTACCG-1_V13B23-285_B1,2
TCTTACCGGAACTCGT-1_V13B23-285_B1,2
TCTTACGGCATCCGAC-1_V13B23-285_B1,1
TCTTACTTATGCCTCT-1_V13B23-285_B1,4
TCTTAGAGCTCCAATT-1_V13B23-285_B1,4
TCTTAGAGTGAACTCT-1_V13B23-285_B1,4
TCTTCCCATGGGCACA-1_V13B23-285_B1,4
TCTTCGAATAGACGTT-1_V13B23-285_B1,4
TCTTCGATACCAATAA-1_V13B23-285_B1,4
TCTTCGCGGTGAGAGG-1_V13B23-285_B1,4
TCTTCTATAACCCGCC-1_V13B23-285_B1,4
TCTTGATGCGTAGCGA-1_V13B23-285_B1,4
TCTTGGTAACACCAAA-1_V13B23-285_B1,3
TCTTTAAGACTATGAA-1_V13B23-285_B1,4
TCTTTAGAGTCTAACA-1_V13B23-285_B1,4
TCTTTAGCAGGCGAAC-1_V13B23-285_B1,1
TCTTTCCTTCGAGATA-1_V13B23-285_B1,4
TGAAACTTATGCAAGC-1_V13B23-285_B1,2
TGAAAGGACCTGACTC-1_V13B23-285_B1,4
TGAATATGCTATAAAC-1_V13B23-285_B1,2
TGAATGAGATACAGCA-1_V13B23-285_B1,1
TGAATGTCAGCCGGCC-1_V13B23-285_B1,4
TGACAACGCATGTCGC-1_V13B23-285_B1,3
TGACACTTCTCTTTGC-1_V13B23-285_B1,2
TGACATCGAGCGGACC-1_V13B23-285_B1,4
TGACCCACGTTAGACA-1_V13B23-285_B1,1
TGACGAATATTTCCCT-1_V13B23-285_B1,1
TGACGATGCACTAGAA-1_V13B23-285_B1,4
TGACTATAATCCTTTC-1_V13B23-285_B1,4
TGAGAATGCTTTACCG-1_V13B23-285_B1,2
TGAGAGATTTACCACG-1_V13B23-285_B1,4
TGAGATTAGGCCCTAA-1_V13B23-285_B1,2
TGAGCCATACAGTCTC-1_V13B23-285_B1,1
TGAGCGGAAAGTGTTC-1_V13B23-285_B1,1
TGAGCTCAACTGTATA-1_V13B23-285_B1,4
TGAGCTTTAATGACGC-1_V13B23-285_B1,2
TGAGGAGTGCCAGCTT-1_V13B23-285_B1,1
TGAGTAAATTAGCGTA-1_V13B23-285_B1,1
TGAGTGCCTCTTAAAT-1_V13B23-285_B1,1
TGAGTGGTCCGTGACG-1_V13B23-285_B1,1
TGAGTTAAAGACATTC-1_V13B23-285_B1,4
TGATACATTTAGCCGT-1_V13B23-285_B1,1
TGATAGCGGGATTCTA-1_V13B23-285_B1,1
TGATCAGGGAACTGCT-1_V13B23-285_B1,1
TGATCCCAGCATTAGT-1_V13B23-285_B1,1
TGATCGGTTTGACCCT-1_V13B23-285_B1,1
TGATCTACGCTGATCT-1_V13B23-285_B1,2
TGATCTCCGGCGCCAG-1_V13B23-285_B1,1
TGATGGCTGTTTCTGA-1_V13B23-285_B1,1
TGATGTCAATTAAGTG-1_V13B23-285_B1,4
TGATTATGGCACGCAG-1_V13B23-285_B1,2
TGATTCGTCTATCACT-1_V13B23-285_B1,1
TGATTCTGTCGCCGGT-1_V13B23-285_B1,1
TGATTTATTAGCTGTG-1_V13B23-285_B1,1
TGATTTCCTCCTGACG-1_V13B23-285_B1,1
TGCAACCCATCTGCGG-1_V13B23-285_B1,4
TGCAAGAATGACGTAA-1_V13B23-285_B1,1
TGCAATCTAACACGGT-1_V13B23-285_B1,4
TGCAATTTGGGCACGG-1_V13B23-285_B1,2
TGCACAGTGAAGTTAT-1_V13B23-285_B1,2
TGCACTATGTGAGTGC-1_V13B23-285_B1,1
TGCAGAACTATATCGT-1_V13B23-285_B1,1
TGCAGAGTACCGAGCA-1_V13B23-285_B1,1
TGCAGATCGTCCTAGG-1_V13B23-285_B1,1
TGCAGCTACGTACTTC-1_V13B23-285_B1,1
TGCAGGATCGGCAAAG-1_V13B23-285_B1,4
TGCAGTGAGGCTCGGG-1_V13B23-285_B1,1
TGCAGTTTCCTCCCAT-1_V13B23-285_B1,4
TGCATATGTCTGTCAC-1_V13B23-285_B1,4
TGCATGGATCGGATCT-1_V13B23-285_B1,2
TGCATGTGGTAATCTA-1_V13B23-285_B1,1
TGCCAAAGTCAGACTT-1_V13B23-285_B1,1
TGCCAATGGGTACTCT-1_V13B23-285_B1,1
TGCCACCTGGCGAAAC-1_V13B23-285_B1,2
TGCCAGTACGTGGAGA-1_V13B23-285_B1,4
TGCCATTACTAAAGAA-1_V13B23-285_B1,2
TGCCCGTACCGTTAAA-1_V13B23-285_B1,4
TGCCGAAAGCGTATTC-1_V13B23-285_B1,1
TGCCGTGGATCGTCCT-1_V13B23-285_B1,1
TGCCTAAATTTAATAG-1_V13B23-285_B1,3
TGCCTAATTGAAGATT-1_V13B23-285_B1,4
TGCCTGACATCGGTCA-1_V13B23-285_B1,2
TGCCTGATCAAACGAT-1_V13B23-285_B1,2
TGCCTTGGCCAGGCAA-1_V13B23-285_B1,4
TGCGAATATGGGATTT-1_V13B23-285_B1,1
TGCGACACCCTAGTGC-1_V13B23-285_B1,1
TGCGACGGCCGAACGT-1_V13B23-285_B1,1
TGCGAGAATATTACCC-1_V13B23-285_B1,1
TGCGAGATGGCGGCCA-1_V13B23-285_B1,2
TGCGAGCCCTTCCGCG-1_V13B23-285_B1,2
TGCGATGCTAATGGCT-1_V13B23-285_B1,1
TGCGCAAAGCATTTGG-1_V13B23-285_B1,4
TGCGCCGTTAATAACG-1_V13B23-285_B1,3
TGCGCGATTAACGGAG-1_V13B23-285_B1,1
TGCGGAGTAAAGGTGC-1_V13B23-285_B1,2
TGCGGCATAGTTCAAC-1_V13B23-285_B1,2
TGCGGTGAAATTTCAT-1_V13B23-285_B1,2
TGCGTAAGAACCTGAT-1_V13B23-285_B1,1
TGCGTCATGACTGAGC-1_V13B23-285_B1,1
TGCGTGATTGGGTGTC-1_V13B23-285_B1,2
TGCGTTTGTTGACACT-1_V13B23-285_B1,4
TGCTAAGTGTCTATTT-1_V13B23-285_B1,4
TGCTCCACAGTTCTTA-1_V13B23-285_B1,4
TGCTCGGCGAAACCCA-1_V13B23-285_B1,1
TGCTCTGCCGGTTCAC-1_V13B23-285_B1,1
TGCTGGTTGGACAATT-1_V13B23-285_B1,1
TGCTGTTGAAGAACTC-1_V13B23-285_B1,4
TGCTTCCCAAGCAGTA-1_V13B23-285_B1,1
TGGAACCACTGACACA-1_V13B23-285_B1,1
TGGAAGAAGGGAACGT-1_V13B23-285_B1,1
TGGAAGACGAACACCA-1_V13B23-285_B1,2
TGGAAGGATAAAGATG-1_V13B23-285_B1,2
TGGAATATCCTTGACC-1_V13B23-285_B1,1
TGGAATTAGACGCTTT-1_V13B23-285_B1,1
TGGACACCGTTGCTTG-1_V13B23-285_B1,1
TGGACCAATCTAAGAT-1_V13B23-285_B1,4
TGGACGCAATCCAGCC-1_V13B23-285_B1,1
TGGACTGTTCGCTCAA-1_V13B23-285_B1,4
TGGAGGGAAACACCTC-1_V13B23-285_B1,1
TGGAGTGATGCGATGA-1_V13B23-285_B1,1
TGGCAAACTAAATTAC-1_V13B23-285_B1,4
TGGCAACTCGCGCGCC-1_V13B23-285_B1,2
TGGCAATGGGACGGCG-1_V13B23-285_B1,4
TGGCAGATTACGATCA-1_V13B23-285_B1,1
TGGCAGCAGTAATAGT-1_V13B23-285_B1,1
TGGCATGAAGTTTGGG-1_V13B23-285_B1,1
TGGCCAAACTGAAGTA-1_V13B23-285_B1,1
TGGCCAATTTGGTACT-1_V13B23-285_B1,1
TGGCCGTATATTGACC-1_V13B23-285_B1,1
TGGCGACTGCTCCAAA-1_V13B23-285_B1,1
TGGCGATCAAGTTATG-1_V13B23-285_B1,1
TGGCTATGTGACATAC-1_V13B23-285_B1,4
TGGCTTGTACAAGCTT-1_V13B23-285_B1,1
TGGCTTTGGGTAGACA-1_V13B23-285_B1,1
TGGGAAATGCCTTTCC-1_V13B23-285_B1,1
TGGGATGCACTCATTC-1_V13B23-285_B1,2
TGGGCAATAGTTGGGT-1_V13B23-285_B1,4
TGGGCACGTTCTATGG-1_V13B23-285_B1,3
TGGGCAGGCCACCGCA-1_V13B23-285_B1,4
TGGGCCCATACTAATT-1_V13B23-285_B1,3
TGGGCCTTGCCTGCAT-1_V13B23-285_B1,1
TGGGTAAGGTTCCCGC-1_V13B23-285_B1,3
TGGGTGGGATGTCATT-1_V13B23-285_B1,2
TGGTAGAATATATGGG-1_V13B23-285_B1,4
TGGTCCCACGCTACGG-1_V13B23-285_B1,4
TGGTCGTGCAAGGCAA-1_V13B23-285_B1,1
TGGTCTGTTGGGCGTA-1_V13B23-285_B1,1
TGGTGATCGTATTTGT-1_V13B23-285_B1,1
TGGTTAACTTACATTT-1_V13B23-285_B1,1
TGGTTAAGGGCGCTGG-1_V13B23-285_B1,1
TGGTTCAACGGGTAAT-1_V13B23-285_B1,4
TGGTTCGTAGCAAAGG-1_V13B23-285_B1,1
TGGTTGGAGGATCCTG-1_V13B23-285_B1,2
TGGTTTAAACGTGGGT-1_V13B23-285_B1,1
TGTAATGACCACAATA-1_V13B23-285_B1,1
TGTACCTACACGAGGG-1_V13B23-285_B1,4
TGTACGAACAAATCCG-1_V13B23-285_B1,1
TGTACTACTCTCACGG-1_V13B23-285_B1,1
TGTAGCCATCCCATTC-1_V13B23-285_B1,4
TGTAGGAGAAATTTCC-1_V13B23-285_B1,4
TGTAGTGATCTATAAT-1_V13B23-285_B1,1
TGTATAACAGATCCTG-1_V13B23-285_B1,1
TGTATACGGATGATGA-1_V13B23-285_B1,1
TGTATCAGACTGAAGC-1_V13B23-285_B1,2
TGTATGGCGCAGACAG-1_V13B23-285_B1,4
TGTATTTACCTAATGC-1_V13B23-285_B1,2
TGTCATTTGTTGGGAA-1_V13B23-285_B1,1
TGTCCGTGGCGCCTTT-1_V13B23-285_B1,1
TGTCCTAAGTCACCGC-1_V13B23-285_B1,1
TGTCGTTATCACATAT-1_V13B23-285_B1,1
TGTGACTACGCCAGTC-1_V13B23-285_B1,2
TGTGAGACTAGCCCAA-1_V13B23-285_B1,1
TGTGCCGGTGCCGGAA-1_V13B23-285_B1,4
TGTGCTTTACGTAAGA-1_V13B23-285_B1,1
TGTGGACTATCTACGT-1_V13B23-285_B1,4
TGTGGCAAAGCGTATG-1_V13B23-285_B1,1
TGTGGCTCCCACCAAC-1_V13B23-285_B1,3
TGTGGTAGGGTGCCTT-1_V13B23-285_B1,4
TGTGTAGTAGCACGTG-1_V13B23-285_B1,4
TGTGTCGCGAGTTGCA-1_V13B23-285_B1,1
TGTGTTCGTATCCAAG-1_V13B23-285_B1,1
TGTTATTGTATGTGGC-1_V13B23-285_B1,4
TGTTCATAAATGTGCT-1_V13B23-285_B1,1
TGTTCCGCTTCCATGA-1_V13B23-285_B1,1
TGTTCGTATTGCGGTG-1_V13B23-285_B1,1
TGTTCTCTACTCCCTA-1_V13B23-285_B1,2
TGTTCTTCCATTGACT-1_V13B23-285_B1,1
TGTTGCCGTCGTCCCA-1_V13B23-285_B1,4
TGTTGTCAAGAAGTCT-1_V13B23-285_B1,1
TGTTTAATACTTCATC-1_V13B23-285_B1,2
TGTTTCGGTACTTCTC-1_V13B23-285_B1,2
TGTTTGAGATCGTCAG-1_V13B23-285_B1,4
TTAAACCTGGTTCCTT-1_V13B23-285_B1,1
TTAAACTCGAATTCAT-1_V13B23-285_B1,1
TTAACACCTCGAACAT-1_V13B23-285_B1,1
TTAACCAACCCTCCCT-1_V13B23-285_B1,1
TTAACGAACAAGCAGT-1_V13B23-285_B1,1
TTAACTCACGCGTGGA-1_V13B23-285_B1,1
TTAACTTCAGGTAGGA-1_V13B23-285_B1,1
TTAAGATAGGATTGAC-1_V13B23-285_B1,4
TTAAGCCGACAACTTC-1_V13B23-285_B1,3
TTAAGCGCCTGACCCA-1_V13B23-285_B1,1
TTAAGGCCCGTACTTT-1_V13B23-285_B1,1
TTAATCAGTACGTCAG-1_V13B23-285_B1,2
TTAATGTAGACCAGGT-1_V13B23-285_B1,1
TTAATTGCTTTGGGTG-1_V13B23-285_B1,4
TTAATTTCAGACGCGG-1_V13B23-285_B1,2
TTACAACTACGCATCC-1_V13B23-285_B1,1
TTACACGATCTGCGAC-1_V13B23-285_B1,4
TTACAGACCTAAATGA-1_V13B23-285_B1,1
TTACATCGTGGCCTGG-1_V13B23-285_B1,1
TTACATGCCACAACTA-1_V13B23-285_B1,4
TTACCATTGATTACCC-1_V13B23-285_B1,1
TTACCCATTGCCGGGT-1_V13B23-285_B1,2
TTACCCTAACAGTCCT-1_V13B23-285_B1,1
TTACCCTAGGGATTGG-1_V13B23-285_B1,1
TTACCGCCTTAGGGAA-1_V13B23-285_B1,2
TTACGGATGGTTCGAG-1_V13B23-285_B1,4
TTACTAAAGGACTTTA-1_V13B23-285_B1,4
TTACTATCGGCTTCTC-1_V13B23-285_B1,1
TTACTCCGGCCGGGAA-1_V13B23-285_B1,2
TTACTCTGGTACGTAC-1_V13B23-285_B1,1
TTACTGGGATATTTCA-1_V13B23-285_B1,1
TTACTGTCTAGAGCTC-1_V13B23-285_B1,1
TTAGAAGAACATGACT-1_V13B23-285_B1,1
TTAGAATAAGGGTCGG-1_V13B23-285_B1,1
TTAGACACGATCGTTG-1_V13B23-285_B1,2
TTAGACGAGTCACCTC-1_V13B23-285_B1,4
TTAGAGTTTAGAAGGA-1_V13B23-285_B1,4
TTAGATAGGTCGATAC-1_V13B23-285_B1,2
TTAGCAACATGGATGT-1_V13B23-285_B1,1
TTAGCTAATACGATCT-1_V13B23-285_B1,1
TTAGCTCTGTAATCCG-1_V13B23-285_B1,1
TTAGCTGATTTGCCGT-1_V13B23-285_B1,4
TTAGGATGGGAGGGTA-1_V13B23-285_B1,4
TTAGGTCATAACCGAC-1_V13B23-285_B1,1
TTAGTAAACCTGCTCT-1_V13B23-285_B1,4
TTAGTAGGGCGGCGGG-1_V13B23-285_B1,1
TTAGTTATTCGTGGCA-1_V13B23-285_B1,4
TTAGTTCAAGTGTTCG-1_V13B23-285_B1,1
TTATAGGTAATTGTCT-1_V13B23-285_B1,1
TTATATACGCTGTCAC-1_V13B23-285_B1,4
TTATATTTGGCAATCC-1_V13B23-285_B1,1
TTATCCAATCGAACTC-1_V13B23-285_B1,2
TTATCCGGGATCTATA-1_V13B23-285_B1,4
TTATCCTCAAGGAATA-1_V13B23-285_B1,1
TTATCGCCTGCGAAGC-1_V13B23-285_B1,1
TTATCTGTATCATAAC-1_V13B23-285_B1,1
TTATGAATGAAAGGGA-1_V13B23-285_B1,1
TTATGACAAACTGGAT-1_V13B23-285_B1,1
TTATGATCTTAACGAA-1_V13B23-285_B1,4
TTATGTTTGCGATAGA-1_V13B23-285_B1,1
TTATTAGAGCGTGTTC-1_V13B23-285_B1,4
TTATTAGGGAAGCATC-1_V13B23-285_B1,2
TTATTATCTGGAAGGC-1_V13B23-285_B1,4
TTCAAAGTCTCTAGCC-1_V13B23-285_B1,4
TTCAACGACCCGACCG-1_V13B23-285_B1,1
TTCAAGCCGAGCTGAG-1_V13B23-285_B1,3
TTCAATACTCTGAATC-1_V13B23-285_B1,4
TTCACGAAAGGATCAC-1_V13B23-285_B1,1
TTCACTCGAGCACCTA-1_V13B23-285_B1,4
TTCAGCCCTGGTCCAC-1_V13B23-285_B1,4
TTCAGCTGGCGTGCCC-1_V13B23-285_B1,4
TTCAGGCGTCAAAGCC-1_V13B23-285_B1,1
TTCAGTTTGTGGCAGC-1_V13B23-285_B1,1
TTCATGGCGCAACAGG-1_V13B23-285_B1,2
TTCCAATCAGAGCTAG-1_V13B23-285_B1,1
TTCCAATCTGGCTATC-1_V13B23-285_B1,1
TTCCACACAGATTTGA-1_V13B23-285_B1,1
TTCCAGACGAGATTTA-1_V13B23-285_B1,4
TTCCATCATGCGGTGA-1_V13B23-285_B1,2
TTCCATCGACAGCGTG-1_V13B23-285_B1,4
TTCCCGGCGCCAATAG-1_V13B23-285_B1,1
TTCCGCAGAGAAATAT-1_V13B23-285_B1,1
TTCCGCGTGAGGCGAT-1_V13B23-285_B1,1
TTCCGGCCTTGAGGCT-1_V13B23-285_B1,1
TTCCGGCTCGACTTCT-1_V13B23-285_B1,2
TTCCGGTATCTGTGTC-1_V13B23-285_B1,4
TTCCGGTTACCCACTT-1_V13B23-285_B1,4
TTCCTCGAGGGTGTCT-1_V13B23-285_B1,1
TTCCTCGGACTAACCA-1_V13B23-285_B1,4
TTCCTCTGCCCGAATA-1_V13B23-285_B1,1
TTCCTTTCTGTGTTGC-1_V13B23-285_B1,2
TTCGACAGAGCCCGTG-1_V13B23-285_B1,4
TTCGACGGGAAGGGCG-1_V13B23-285_B1,1
TTCGCACTCGCGTGCT-1_V13B23-285_B1,1
TTCGCACTGTACGACA-1_V13B23-285_B1,1
TTCGCATCCGGAAGCA-1_V13B23-285_B1,2
TTCGCGCGCCATACGA-1_V13B23-285_B1,1
TTCGCTAGGAAGTTGT-1_V13B23-285_B1,4
TTCGCTATCTGACGTG-1_V13B23-285_B1,1
TTCGGCAACCCGCTGA-1_V13B23-285_B1,2
TTCGGCTAGAGATGGT-1_V13B23-285_B1,1
TTCGGGACTAATCGCG-1_V13B23-285_B1,4
TTCGGGCGCTAGTCTT-1_V13B23-285_B1,1
TTCGGGTTGCCACGGG-1_V13B23-285_B1,4
TTCGGTGGAGACGCCC-1_V13B23-285_B1,4
TTCGTAATCCCAGCGG-1_V13B23-285_B1,2
TTCGTACTCCAGAACG-1_V13B23-285_B1,1
TTCGTTCAACGAAGTT-1_V13B23-285_B1,1
TTCTAACCGAAGCTTA-1_V13B23-285_B1,4
TTCTACTTGCGAGGGC-1_V13B23-285_B1,1
TTCTAGAAAGTCTTAT-1_V13B23-285_B1,1
TTCTAGGCCAATTGTG-1_V13B23-285_B1,1
TTCTATGCCTTTCGCA-1_V13B23-285_B1,1
TTCTGACCGGGCTCAA-1_V13B23-285_B1,4
TTCTGCCGCGCCTAGA-1_V13B23-285_B1,4
TTCTGCGAGCGCCCTT-1_V13B23-285_B1,1
TTCTGCGGGTTAGCGG-1_V13B23-285_B1,4
TTCTGCTAGACTCCAA-1_V13B23-285_B1,1
TTCTGTTTCCTGTCGC-1_V13B23-285_B1,1
TTCTTAGTGAACGGTG-1_V13B23-285_B1,1
TTCTTAGTGGCTCAGA-1_V13B23-285_B1,2
TTCTTATCCGCTGGGT-1_V13B23-285_B1,4
TTCTTGAGCCGCGCTA-1_V13B23-285_B1,1
TTCTTGCTAGCATCTC-1_V13B23-285_B1,4
TTCTTGGACGATCTGC-1_V13B23-285_B1,1
TTCTTGGAGTAATGAG-1_V13B23-285_B1,2
TTCTTGTAACCTAATG-1_V13B23-285_B1,1
TTCTTGTGTCCATCAG-1_V13B23-285_B1,1
TTCTTTGGTCGCGACG-1_V13B23-285_B1,1
TTGAAAGGTGTAAAGG-1_V13B23-285_B1,2
TTGAACGAATCCTTTG-1_V13B23-285_B1,1
TTGAACGACGTGCTGA-1_V13B23-285_B1,4
TTGAAGAATTCCCAGG-1_V13B23-285_B1,1
TTGAATATGGACTTTC-1_V13B23-285_B1,2
TTGAATTCACGTGAGG-1_V13B23-285_B1,3
TTGACAGGAGCTCCCG-1_V13B23-285_B1,4
TTGACATGAACGTGGA-1_V13B23-285_B1,1
TTGACCATGTTCTCCG-1_V13B23-285_B1,1
TTGACCGTGTTAATGA-1_V13B23-285_B1,1
TTGACGCTCCATGAGC-1_V13B23-285_B1,4
TTGACTACCATATGGT-1_V13B23-285_B1,1
TTGACTATTGTCCGGC-1_V13B23-285_B1,4
TTGAGAAGTTTAGCAT-1_V13B23-285_B1,4
TTGAGAGTACTGCTAA-1_V13B23-285_B1,1
TTGAGCAGCCCACGGT-1_V13B23-285_B1,4
TTGAGCGCCACGTGAT-1_V13B23-285_B1,4
TTGAGTCCCGCTGCTG-1_V13B23-285_B1,4
TTGATAGTCAATACAT-1_V13B23-285_B1,1
TTGATCTAACTTTGTC-1_V13B23-285_B1,1
TTGATGTGTAGTCCCG-1_V13B23-285_B1,1
TTGATTAGCTGTTTCT-1_V13B23-285_B1,1
TTGATTATGCAGATGA-1_V13B23-285_B1,1
TTGCACAATTCAGAAA-1_V13B23-285_B1,1
TTGCACGGAGCAGCAC-1_V13B23-285_B1,1
TTGCATGCTGATCACG-1_V13B23-285_B1,1
TTGCCAAGCAGAACCC-1_V13B23-285_B1,4
TTGCCATAGCCCGCTC-1_V13B23-285_B1,1
TTGCCCTGATCACGGG-1_V13B23-285_B1,1
TTGCCGCTTTCTAGTA-1_V13B23-285_B1,4
TTGCCGGTGATCCCTC-1_V13B23-285_B1,2
TTGCGGCATCAGAAAG-1_V13B23-285_B1,1
TTGCGTAGTTTGAGGA-1_V13B23-285_B1,1
TTGCGTCGGCCAACCG-1_V13B23-285_B1,1
TTGCGTGAACGCTTAG-1_V13B23-285_B1,2
TTGCTCCCATACCGGA-1_V13B23-285_B1,2
TTGCTGAAGGAACCAC-1_V13B23-285_B1,2
TTGCTGATCATGTTCG-1_V13B23-285_B1,1
TTGCTGCACCTATCCA-1_V13B23-285_B1,1
TTGCTGGCCGGGCTTC-1_V13B23-285_B1,2
TTGGAAGAATACAGTC-1_V13B23-285_B1,1
TTGGACATGTGGCTTA-1_V13B23-285_B1,1
TTGGACCATCTGGCAA-1_V13B23-285_B1,4
TTGGACCTATAACAGT-1_V13B23-285_B1,4
TTGGATATCGTCTACG-1_V13B23-285_B1,1
TTGGATTGGGTACCAC-1_V13B23-285_B1,2
TTGGCCATCTTGCGCT-1_V13B23-285_B1,1
TTGGCCTAGAATTTCG-1_V13B23-285_B1,2
TTGGCGATCCGAATAT-1_V13B23-285_B1,4
TTGGCTCGCATGAGAC-1_V13B23-285_B1,1
TTGGGACACTGCCCGC-1_V13B23-285_B1,1
TTGGGACGTAAGAGTT-1_V13B23-285_B1,4
TTGGGCGGCGGTTGCC-1_V13B23-285_B1,4
TTGGGTTTATTCAGCG-1_V13B23-285_B1,2
TTGGTATGGCTTGTGT-1_V13B23-285_B1,1
TTGGTCACACTCGTAA-1_V13B23-285_B1,1
TTGGTTCGCTCAAAGG-1_V13B23-285_B1,3
TTGGTTGCGGTGCGCG-1_V13B23-285_B1,1
TTGTAAGGACCTAAGT-1_V13B23-285_B1,1
TTGTAAGGCCAGTTGG-1_V13B23-285_B1,1
TTGTAATCCGTACTCG-1_V13B23-285_B1,1
TTGTATCACACAGAAT-1_V13B23-285_B1,2
TTGTCGTTCAGTTACC-1_V13B23-285_B1,1
TTGTGAACCTAATCCG-1_V13B23-285_B1,4
TTGTGAGGCATGACGC-1_V13B23-285_B1,1
TTGTGCAGCCACGTCA-1_V13B23-285_B1,4
TTGTGGCCCTGACAGT-1_V13B23-285_B1,2
TTGTGGTAGGAGGGAT-1_V13B23-285_B1,1
TTGTGGTATAGGTATG-1_V13B23-285_B1,1
TTGTGTATGCCACCAA-1_V13B23-285_B1,1
TTGTGTTTCCCGAAAG-1_V13B23-285_B1,1
TTGTTAGCAAATTCGA-1_V13B23-285_B1,1
TTGTTCAGTGTGCTAC-1_V13B23-285_B1,1
TTGTTGTGTGTCAAGA-1_V13B23-285_B1,3
TTGTTTCACATCCAGG-1_V13B23-285_B1,1
TTGTTTCATTAGTCTA-1_V13B23-285_B1,1
TTGTTTCCATACAACT-1_V13B23-285_B1,1
AAACAAGTATCTCCCA-1_V13B23-285_C1,4
AAACACCAATAACTGC-1_V13B23-285_C1,1
AAACAGAGCGACTCCT-1_V13B23-285_C1,1
AAACAGCTTTCAGAAG-1_V13B23-285_C1,1
AAACAGGGTCTATATT-1_V13B23-285_C1,1
AAACATTTCCCGGATT-1_V13B23-285_C1,4
AAACCCGAACGAAATC-1_V13B23-285_C1,4
AAACCGGAAATGTTAA-1_V13B23-285_C1,4
AAACCGGGTAGGTACC-1_V13B23-285_C1,1
AAACCGTTCGTCCAGG-1_V13B23-285_C1,1
AAACCTCATGAAGTTG-1_V13B23-285_C1,1
AAACGAGACGGTTGAT-1_V13B23-285_C1,1
AAACGTGTTCGCCCTA-1_V13B23-285_C1,2
AAACTCGTGATATAAG-1_V13B23-285_C1,1
AAACTGCTGGCTCCAA-1_V13B23-285_C1,4
AAACTTGCAAACGTAT-1_V13B23-285_C1,1
AAAGACTGGGCGCTTT-1_V13B23-285_C1,1
AAAGCTTGCCTACATA-1_V13B23-285_C1,1
AAAGGCTACGGACCAT-1_V13B23-285_C1,1
AAAGGCTCTCGCGCCG-1_V13B23-285_C1,1
AAAGGGATGTAGCAAG-1_V13B23-285_C1,2
AAAGGGCAGCTTGAAT-1_V13B23-285_C1,1
AAAGGTAAGCTGTACC-1_V13B23-285_C1,2
AAAGTAGCATTGCTCA-1_V13B23-285_C1,1
AAAGTCACTGATGTAA-1_V13B23-285_C1,2
AAAGTCGACCCTCAGT-1_V13B23-285_C1,1
AAAGTGCCATCAATTA-1_V13B23-285_C1,4
AAAGTGTGATTTATCT-1_V13B23-285_C1,4
AAAGTTGACTCCCGTA-1_V13B23-285_C1,4
AAATAACCATACGGGA-1_V13B23-285_C1,2
AAATAAGGTAGTGCCC-1_V13B23-285_C1,1
AAATACCTATAAGCAT-1_V13B23-285_C1,4
AAATAGCTTAGACTTT-1_V13B23-285_C1,4
AAATAGGGTGCTATTG-1_V13B23-285_C1,4
AAATCGTGTACCACAA-1_V13B23-285_C1,1
AAATCTAGCCCTGCTA-1_V13B23-285_C1,4
AAATGATTCGATCAGC-1_V13B23-285_C1,1
AAATGCTCGTTACGTT-1_V13B23-285_C1,2
AAATGGCATGTCTTGT-1_V13B23-285_C1,2
AAATGGCCCGTGCCCT-1_V13B23-285_C1,1
AAATGGTCAATGTGCC-1_V13B23-285_C1,1
AAATTAACGGGTAGCT-1_V13B23-285_C1,3
AAATTACACGACTCTG-1_V13B23-285_C1,1
AAATTACCTATCGATG-1_V13B23-285_C1,1
AAATTCCAGGTCCAAA-1_V13B23-285_C1,1
AAATTGATAGTCCTTT-1_V13B23-285_C1,1
AAATTGGTGAGAAGCA-1_V13B23-285_C1,2
AAATTTGCGGGTGTGG-1_V13B23-285_C1,1
AACAACTGGTAGTTGC-1_V13B23-285_C1,1
AACAATACATTGTCGA-1_V13B23-285_C1,1
AACAATTACTCTACGC-1_V13B23-285_C1,1
AACACACGCTCGCCGC-1_V13B23-285_C1,4
AACACGACTGTACTGA-1_V13B23-285_C1,2
AACACGAGACGCGGCC-1_V13B23-285_C1,1
AACAGCTGTGTGGCAA-1_V13B23-285_C1,1
AACAGGAAATCGAATA-1_V13B23-285_C1,2
AACAGGATGGGCCGCG-1_V13B23-285_C1,1
AACAGGTAGTATGGAT-1_V13B23-285_C1,4
AACATATCAACTGGTG-1_V13B23-285_C1,1
AACATCGATACGTCTA-1_V13B23-285_C1,1
AACCAAGACTTCTCTG-1_V13B23-285_C1,1
AACCATGGGATCGCTA-1_V13B23-285_C1,2
AACCCAGAGACGGAGA-1_V13B23-285_C1,2
AACCCATCCCATGATC-1_V13B23-285_C1,1
AACCCGAGCAGAATCG-1_V13B23-285_C1,4
AACCCTACTGTCAATA-1_V13B23-285_C1,4
AACCCTGGTGGAACCA-1_V13B23-285_C1,2
AACCGAGCTTGGTCAT-1_V13B23-285_C1,1
AACCGCTAAGGGATGC-1_V13B23-285_C1,4
AACCGTTGTGTTTGCT-1_V13B23-285_C1,3
AACCTCGCTTTAGCCC-1_V13B23-285_C1,4
AACCTGTCACGGAATT-1_V13B23-285_C1,4
AACCTTTAAATACGGT-1_V13B23-285_C1,4
AACCTTTACGACGTCT-1_V13B23-285_C1,1
AACGATAATGCCGTAG-1_V13B23-285_C1,4
AACGATATGTCAACTG-1_V13B23-285_C1,1
AACGCATGATCTGGGT-1_V13B23-285_C1,1
AACGCGGTCTCCAGCC-1_V13B23-285_C1,1
AACGCTGTTGCTGAAA-1_V13B23-285_C1,4
AACGGACGTACGTATA-1_V13B23-285_C1,4
AACGGCCATCTCCGGT-1_V13B23-285_C1,1
AACGTACTGTGGGTAC-1_V13B23-285_C1,1
AACGTCAGACTAGTGG-1_V13B23-285_C1,1
AACGTGATGAAGGACA-1_V13B23-285_C1,2
AACGTGCGAAAGTCTC-1_V13B23-285_C1,4
AACGTTATCAGCACCT-1_V13B23-285_C1,1
AACTACCCGTTTGTCA-1_V13B23-285_C1,4
AACTAGGCTTGGGTGT-1_V13B23-285_C1,1
AACTCAAGTTAATTGC-1_V13B23-285_C1,1
AACTCCAGAGCGTGTT-1_V13B23-285_C1,4
AACTCCTAATCCCATG-1_V13B23-285_C1,2
AACTCTCAATAGAGCG-1_V13B23-285_C1,4
AACTCTCAGTGTGCTC-1_V13B23-285_C1,1
AACTGAGTTATACTGA-1_V13B23-285_C1,4
AACTGATATTAGGCCT-1_V13B23-285_C1,2
AACTGGGTCCCGACGT-1_V13B23-285_C1,2
AACTTCTGCGTCTATC-1_V13B23-285_C1,2
AACTTGCCCGTATGCA-1_V13B23-285_C1,1
AACTTGCGTTCTCGCG-1_V13B23-285_C1,2
AACTTTACGGGAGCTT-1_V13B23-285_C1,1
AACTTTCTCGATCATG-1_V13B23-285_C1,1
AAGAAATCACCAGATT-1_V13B23-285_C1,2
AAGAAGGATCAGTTAG-1_V13B23-285_C1,2
AAGACCCAACTGAACA-1_V13B23-285_C1,1
AAGACTGCAAGCTACT-1_V13B23-285_C1,2
AAGAGATGAATCGGTA-1_V13B23-285_C1,1
AAGAGCTCTTTATCGG-1_V13B23-285_C1,4
AAGAGGATGTACGCGA-1_V13B23-285_C1,1
AAGAGGCATGGATCGC-1_V13B23-285_C1,4
AAGAGGCCCTTTGGAA-1_V13B23-285_C1,4
AAGATGGCACCGGACC-1_V13B23-285_C1,1
AAGATTGGCGGAACGT-1_V13B23-285_C1,1
AAGCACCCTGCGTATC-1_V13B23-285_C1,4
AAGCATACTCTCCTGA-1_V13B23-285_C1,4
AAGCCGAAGCGGTTTA-1_V13B23-285_C1,4
AAGCCGCTTTACCTTG-1_V13B23-285_C1,2
AAGCCGGAGAGCAGGA-1_V13B23-285_C1,4
AAGCGGCGTCATGGGT-1_V13B23-285_C1,2
AAGCGTCCCTCATCGA-1_V13B23-285_C1,1
AAGCTAGATCGAGTAA-1_V13B23-285_C1,4
AAGCTCGTGCCAAGTC-1_V13B23-285_C1,4
AAGCTCTTTCATGGTG-1_V13B23-285_C1,4
AAGGAGCGGTTGGTGC-1_V13B23-285_C1,1
AAGGATCGATCGCTTG-1_V13B23-285_C1,4
AAGGATGAGGGACCTC-1_V13B23-285_C1,1
AAGGCAGGCTGTCTCC-1_V13B23-285_C1,4
AAGGCGCGTAAAGCTT-1_V13B23-285_C1,1
AAGGCTGTGCTCATCG-1_V13B23-285_C1,1
AAGGGACAGATTCTGT-1_V13B23-285_C1,1
AAGGGACTATGCATTC-1_V13B23-285_C1,1
AAGGTATCCTAATATA-1_V13B23-285_C1,1
AAGGTGATAAACCAGC-1_V13B23-285_C1,4
AAGTAGAAGACCGGGT-1_V13B23-285_C1,2
AAGTAGTGACGCGAGG-1_V13B23-285_C1,1
AAGTCAATTGTCGTCA-1_V13B23-285_C1,4
AAGTCTAGTAGCTGCC-1_V13B23-285_C1,1
AAGTGACGACCGAATT-1_V13B23-285_C1,1
AAGTGAGTCGGGTTTA-1_V13B23-285_C1,1
AAGTGCAAAGGTAGAC-1_V13B23-285_C1,1
AAGTGCCTTGACTGTA-1_V13B23-285_C1,4
AAGTGCGTTAGAATCT-1_V13B23-285_C1,1
AAGTGTTTGGAGACGG-1_V13B23-285_C1,4
AAGTTCACTCCAAGCT-1_V13B23-285_C1,4
AAGTTCAGTCTGCGTA-1_V13B23-285_C1,1
AAGTTCGGCCAACAGG-1_V13B23-285_C1,1
AATAACAACGCTCGGC-1_V13B23-285_C1,1
AATAACACTAGAACAA-1_V13B23-285_C1,1
AATAATCTTCGTATCG-1_V13B23-285_C1,4
AATACAATGTTTCAGG-1_V13B23-285_C1,1
AATAGAACAGAGTGGC-1_V13B23-285_C1,1
AATAGAATCTGTTTCA-1_V13B23-285_C1,4
AATAGCTACCGCGTGC-1_V13B23-285_C1,1
AATAGTCCGTCCCGAC-1_V13B23-285_C1,1
AATAGTCGCGAGTCGG-1_V13B23-285_C1,1
AATATCGAATCAATGC-1_V13B23-285_C1,3
AATATCGAGGGTTCTC-1_V13B23-285_C1,1
AATATTGGAGTATTGA-1_V13B23-285_C1,1
AATCATGTAAAGACTC-1_V13B23-285_C1,4
AATCCAAGGGCCTGAG-1_V13B23-285_C1,2
AATCGCCTCAGCGCCA-1_V13B23-285_C1,4
AATCGCGCAGAGGACT-1_V13B23-285_C1,4
AATCTAGGTTTACTTG-1_V13B23-285_C1,1
AATCTATGCCGGAGCC-1_V13B23-285_C1,1
AATCTGCGTTGGGACG-1_V13B23-285_C1,1
AATCTGGCTTTCTAGT-1_V13B23-285_C1,1
AATGACAGCAATGTCT-1_V13B23-285_C1,1
AATGACGTAGGATGTC-1_V13B23-285_C1,4
AATGACTGTCAGCCGG-1_V13B23-285_C1,1
AATGAGTTCGCATATG-1_V13B23-285_C1,2
AATGATGATACGCTAT-1_V13B23-285_C1,1
AATGATGCGACTCCTG-1_V13B23-285_C1,1
AATGCAACCGGGTACC-1_V13B23-285_C1,1
AATGCACCAAGCAATG-1_V13B23-285_C1,1
AATGGTCCACCGTTCA-1_V13B23-285_C1,1
AATGGTTCTCACAAGC-1_V13B23-285_C1,2
AATGTGCCCGAGGTGT-1_V13B23-285_C1,1
AATTAAAGGTCGGCGT-1_V13B23-285_C1,1
AATTAACGGATTTCCA-1_V13B23-285_C1,4
AATTACTCGTACGCTC-1_V13B23-285_C1,2
AATTAGCGCTGCAGCG-1_V13B23-285_C1,4
AATTCATAAGGGATCT-1_V13B23-285_C1,1
AATTCTAGAGTTAGGC-1_V13B23-285_C1,4
AATTGAACGCTCTGGT-1_V13B23-285_C1,4
AATTTGGGACATAGTA-1_V13B23-285_C1,1
AATTTGGTTCCAAAGA-1_V13B23-285_C1,2
ACAAAGCATGACCTAG-1_V13B23-285_C1,4
ACAAATCGCACCGAAT-1_V13B23-285_C1,4
ACAAATGGTAGTGTTT-1_V13B23-285_C1,4
ACAACAGCATGAGCTA-1_V13B23-285_C1,1
ACAACGGTCCCTGCGA-1_V13B23-285_C1,1
ACAAGCAGTGCCTAGC-1_V13B23-285_C1,1
ACAAGGAAATCCGCCC-1_V13B23-285_C1,4
ACAAGGACAAGAGGTT-1_V13B23-285_C1,1
ACAAGGATGCTTTAGG-1_V13B23-285_C1,4
ACAAGGGCAGGCTCTG-1_V13B23-285_C1,4
ACAATAGTCGTACGTT-1_V13B23-285_C1,1
ACAATCCATTTAAACC-1_V13B23-285_C1,1
ACAATGAATACGGAGA-1_V13B23-285_C1,1
ACAATTGTGTCTCTTT-1_V13B23-285_C1,4
ACAATTTAGGAGGCTC-1_V13B23-285_C1,1
ACAATTTGAGCAGTGG-1_V13B23-285_C1,1
ACAATTTGGCCATATT-1_V13B23-285_C1,4
ACACAAAGACGGGTGG-1_V13B23-285_C1,1
ACACACCAGGACCAGT-1_V13B23-285_C1,4
ACACACTTTCTACACG-1_V13B23-285_C1,2
ACACATGATCAAATCT-1_V13B23-285_C1,1
ACACCACATAATTAGC-1_V13B23-285_C1,1
ACACCCAGCATGCAGC-1_V13B23-285_C1,1
ACACCCGAGAAATCCG-1_V13B23-285_C1,2
ACACCGAGCGCTCTTT-1_V13B23-285_C1,1
ACACCTTAAGTAGGGC-1_V13B23-285_C1,1
ACACCTTACTACTTGC-1_V13B23-285_C1,4
ACACGAGACTCCTTCT-1_V13B23-285_C1,1
ACACGGCACTATGCAT-1_V13B23-285_C1,2
ACACGGGAACTTAGGG-1_V13B23-285_C1,1
ACACGTAGGCCACAAG-1_V13B23-285_C1,4
ACACTCCAATGTCACT-1_V13B23-285_C1,2
ACACTGATCAAGGTGT-1_V13B23-285_C1,1
ACACTGGGACAGTCGT-1_V13B23-285_C1,4
ACAGAACTGAGAACAA-1_V13B23-285_C1,1
ACAGCATAGAGCCAGT-1_V13B23-285_C1,2
ACAGCGACATTCTCAT-1_V13B23-285_C1,4
ACAGCGCACCCGCAGC-1_V13B23-285_C1,2
ACAGGCTTGCCCGACT-1_V13B23-285_C1,4
ACAGGTGGAGGTGAGG-1_V13B23-285_C1,1
ACAGTAATACAACTTG-1_V13B23-285_C1,1
ACAGTATACCGTGGGA-1_V13B23-285_C1,1
ACATAAGTCGTGGTGA-1_V13B23-285_C1,1
ACATAATAAGGCGGTG-1_V13B23-285_C1,2
ACATCAGCTGGGACGC-1_V13B23-285_C1,1
ACATCCCGGCCATACG-1_V13B23-285_C1,1
ACATCCTGGTAACTGT-1_V13B23-285_C1,4
ACATCGATCGTTTACC-1_V13B23-285_C1,1
ACATCGGTCAGCCGCG-1_V13B23-285_C1,1
ACATCGTATGCAATGG-1_V13B23-285_C1,3
ACATCGTTAACCTAGT-1_V13B23-285_C1,2
ACATGGCGCCAAAGTA-1_V13B23-285_C1,4
ACATTAGTTTATATCC-1_V13B23-285_C1,4
ACCAAACACCCAGCGA-1_V13B23-285_C1,1
ACCAACACCACACACT-1_V13B23-285_C1,1
ACCAACGCTTATTTAT-1_V13B23-285_C1,1
ACCAAGAACGCGTGTC-1_V13B23-285_C1,2
ACCAATATGCAAGTTA-1_V13B23-285_C1,4
ACCACAAGTTTCTATC-1_V13B23-285_C1,1
ACCACCAATGTAACAA-1_V13B23-285_C1,4
ACCACCCTCTCTTCTA-1_V13B23-285_C1,1
ACCACGTGCAGCTATA-1_V13B23-285_C1,4
ACCACTGTTCAAGAAG-1_V13B23-285_C1,1
ACCAGTGCGGGAGACG-1_V13B23-285_C1,4
ACCATATCCGCAATAA-1_V13B23-285_C1,4
ACCATCCGCCAACTAG-1_V13B23-285_C1,1
ACCATCGTATATGGTA-1_V13B23-285_C1,1
ACCATTAAGGGTGTCA-1_V13B23-285_C1,1
ACCCAACGCCCGTGGC-1_V13B23-285_C1,1
ACCCACCTACATGCTC-1_V13B23-285_C1,1
ACCCATCTTGAGGGTA-1_V13B23-285_C1,1
ACCCATTTGTCCCTCT-1_V13B23-285_C1,4
ACCCGAGCGAAATTAC-1_V13B23-285_C1,1
ACCCGGAAACTCCCAG-1_V13B23-285_C1,4
ACCCGGAGCACCACAA-1_V13B23-285_C1,4
ACCCGGATGACGCATC-1_V13B23-285_C1,4
ACCCGGTTACACTTCC-1_V13B23-285_C1,1
ACCCGTGTCATCAGTA-1_V13B23-285_C1,1
ACCCTATAGGACTGAG-1_V13B23-285_C1,2
ACCCTATGCCATATCG-1_V13B23-285_C1,1
ACCCTCCCTTGCTATT-1_V13B23-285_C1,4
ACCCTGGTAACGCCCT-1_V13B23-285_C1,1
ACCCTTCATCTGCGAA-1_V13B23-285_C1,3
ACCGACACATCTCCCA-1_V13B23-285_C1,4
ACCGACTGAGTCCCAC-1_V13B23-285_C1,1
ACCGATAGGCATAACC-1_V13B23-285_C1,4
ACCGATATTTAATCAT-1_V13B23-285_C1,4
ACCGATGGTAGCATCG-1_V13B23-285_C1,4
ACCGCAATAACTGCCT-1_V13B23-285_C1,4
ACCGCGGTGGAAGTCG-1_V13B23-285_C1,4
ACCGGGCCTTTGTTGA-1_V13B23-285_C1,4
ACCGGTCAGGTACACC-1_V13B23-285_C1,1
ACCGTGACCACGTGGG-1_V13B23-285_C1,1
ACCTAAGTACCTTTCA-1_V13B23-285_C1,1
ACCTAATCGACTTCCT-1_V13B23-285_C1,1
ACCTACAGTATGTGGT-1_V13B23-285_C1,4
ACCTCCGCCCTCGCTG-1_V13B23-285_C1,4
ACCTCCGTTATTCACC-1_V13B23-285_C1,1
ACCTGCGTGTCATGTT-1_V13B23-285_C1,1
ACGAAATGGGCGGCAC-1_V13B23-285_C1,1
ACGACCCATGAGTTGC-1_V13B23-285_C1,4
ACGAGATATTTGCTTA-1_V13B23-285_C1,2
ACGAGGATACCACTCT-1_V13B23-285_C1,1
ACGAGGTTTACAACGT-1_V13B23-285_C1,1
ACGAGTACGGATGCCC-1_V13B23-285_C1,1
ACGATACATAGAACTA-1_V13B23-285_C1,2
ACGATCATACATAGAG-1_V13B23-285_C1,1
ACGATCATCTTGTAAA-1_V13B23-285_C1,4
ACGATGCATATGTTAT-1_V13B23-285_C1,1
ACGATGGATCCGATGC-1_V13B23-285_C1,2
ACGCAAACTAATAGAT-1_V13B23-285_C1,1
ACGCAATCACTACAGC-1_V13B23-285_C1,1
ACGCATACGTTTACTA-1_V13B23-285_C1,4
ACGCATTCGTGAGTAC-1_V13B23-285_C1,1
ACGCCAGATGATTTCT-1_V13B23-285_C1,2
ACGCCGCTAGACGACC-1_V13B23-285_C1,4
ACGCGAAGTCAGACGA-1_V13B23-285_C1,1
ACGCGCTACACAGGGT-1_V13B23-285_C1,1
ACGCGGGCCAAGGACA-1_V13B23-285_C1,4
ACGCTAGTGATACACT-1_V13B23-285_C1,1
ACGCTGTGAGGCGTAG-1_V13B23-285_C1,1
ACGGAATTTAGCAAAT-1_V13B23-285_C1,2
ACGGACTCTCAAAGCG-1_V13B23-285_C1,4
ACGGAGCGCAAATTAC-1_V13B23-285_C1,1
ACGGATGGTGCGGATA-1_V13B23-285_C1,4
ACGGCACTTGCTTGGG-1_V13B23-285_C1,1
ACGGCCAACATGGACT-1_V13B23-285_C1,3
ACGGCGACGATGGGAA-1_V13B23-285_C1,4
ACGGCTGGATGTAGAA-1_V13B23-285_C1,1
ACGGGAGTGTCGGCCC-1_V13B23-285_C1,1
ACGGGCGTATGCGACA-1_V13B23-285_C1,1
ACGGGTCATGTGACTT-1_V13B23-285_C1,2
ACGTACAGATTTCTCT-1_V13B23-285_C1,2
ACGTAGATTGCTGATG-1_V13B23-285_C1,2
ACGTATTACTCCGATC-1_V13B23-285_C1,4
ACGTGCGCCTCGTGCA-1_V13B23-285_C1,2
ACGTTAATGTCGAAGA-1_V13B23-285_C1,4
ACGTTAGATTTGCCCG-1_V13B23-285_C1,1
ACGTTATTGGTCACTC-1_V13B23-285_C1,1
ACGTTCGCAATCAATT-1_V13B23-285_C1,1
ACGTTCGTTCAGGAAA-1_V13B23-285_C1,1
ACGTTTAGTTGTGATC-1_V13B23-285_C1,2
ACTACCAGCTCTCTGG-1_V13B23-285_C1,1
ACTACGCGTTAGAATT-1_V13B23-285_C1,1
ACTAGTTGCGATCGTC-1_V13B23-285_C1,4
ACTATATGCTGTGTTC-1_V13B23-285_C1,1
ACTATCCAGGGCATGG-1_V13B23-285_C1,4
ACTATCTGCCCGCGTA-1_V13B23-285_C1,4
ACTATTCGTCCGTGGT-1_V13B23-285_C1,2
ACTATTTCCGGGCCCA-1_V13B23-285_C1,1
ACTCAAGTGCAAGGCT-1_V13B23-285_C1,4
ACTCAATAAAGGCACG-1_V13B23-285_C1,1
ACTCCCATTCCTAAAG-1_V13B23-285_C1,1
ACTCCCGAATTCGTTT-1_V13B23-285_C1,1
ACTCCCGTAGACTAGG-1_V13B23-285_C1,1
ACTCCCTAATGCTAAA-1_V13B23-285_C1,4
ACTCCCTAGAATAGTA-1_V13B23-285_C1,4
ACTCGATGTATTTCAT-1_V13B23-285_C1,1
ACTCGCGATCTGACGC-1_V13B23-285_C1,4
ACTCGTAACCCGTCCT-1_V13B23-285_C1,1
ACTCGTCAGTAATCCC-1_V13B23-285_C1,4
ACTCTCTGACTTAGGT-1_V13B23-285_C1,4
ACTCTCTTATACACGA-1_V13B23-285_C1,2
ACTCTTCAGCTCCCGC-1_V13B23-285_C1,1
ACTCTTGTATAGTAAC-1_V13B23-285_C1,4
ACTGAAACGCCGTTAG-1_V13B23-285_C1,4
ACTGAATGGCGAAAGT-1_V13B23-285_C1,4
ACTGCCGTCGTAACTC-1_V13B23-285_C1,2
ACTGCGGACACACCGT-1_V13B23-285_C1,4
ACTGCTCGGAAGGATG-1_V13B23-285_C1,1
ACTGTACGATACACAT-1_V13B23-285_C1,1
ACTGTAGCACTTTGGA-1_V13B23-285_C1,1
ACTGTCCAGGATTATA-1_V13B23-285_C1,2
ACTGTCTTCTTTAGAA-1_V13B23-285_C1,1
ACTGTGCTAGTAGATC-1_V13B23-285_C1,2
ACTTACCGGGCGCGCA-1_V13B23-285_C1,2
ACTTACGCATCCACGC-1_V13B23-285_C1,4
ACTTAGTACGACAAGA-1_V13B23-285_C1,2
ACTTATACTTACCCGG-1_V13B23-285_C1,4
ACTTATTAGGATCGGT-1_V13B23-285_C1,4
ACTTATTTATGTGCCA-1_V13B23-285_C1,4
ACTTCAGGCTGATCCC-1_V13B23-285_C1,4
ACTTCCATGCGGGACA-1_V13B23-285_C1,4
ACTTCGCCATACGCAC-1_V13B23-285_C1,1
ACTTCGCTAGCGAGTG-1_V13B23-285_C1,1
ACTTGACTCCCTCTTT-1_V13B23-285_C1,4
ACTTGGGACCCGGTGG-1_V13B23-285_C1,1
ACTTGTGGATGGAACG-1_V13B23-285_C1,4
ACTTTACCCTCATGAA-1_V13B23-285_C1,1
ACTTTCCTATAGCTTC-1_V13B23-285_C1,1
ACTTTGACTGCATCCT-1_V13B23-285_C1,1
ACTTTGGTCGTGCTCC-1_V13B23-285_C1,1
ACTTTGTCGACGCACT-1_V13B23-285_C1,4
AGAAATTATGACTCGC-1_V13B23-285_C1,4
AGAACCCAGCGTGACA-1_V13B23-285_C1,4
AGAACGTGGTACATTC-1_V13B23-285_C1,1
AGAAGAGCGCCGTTCC-1_V13B23-285_C1,4
AGAAGGTACACTTCAC-1_V13B23-285_C1,1
AGAAGGTTGCCGAATT-1_V13B23-285_C1,1
AGAAGTGATTCGTGAT-1_V13B23-285_C1,1
AGAATAAATCTTCAGG-1_V13B23-285_C1,1
AGAATGCGGGTTCGGA-1_V13B23-285_C1,2
AGAATTATGGATTCGA-1_V13B23-285_C1,1
AGAATTGTTTGACATA-1_V13B23-285_C1,2
AGACAGCTCAGAATCC-1_V13B23-285_C1,1
AGACAGGCATCTCAGC-1_V13B23-285_C1,4
AGACCAAACCACACCT-1_V13B23-285_C1,1
AGACCATGGGATACAA-1_V13B23-285_C1,1
AGACCCACCGCTGATC-1_V13B23-285_C1,4
AGACCCGCCCTCCTCG-1_V13B23-285_C1,1
AGACCGCTCCGCGGTT-1_V13B23-285_C1,4
AGACCGGGAAACCCTG-1_V13B23-285_C1,1
AGACGAAGTGCCGGTC-1_V13B23-285_C1,4
AGACGACGATGCCGCT-1_V13B23-285_C1,1
AGACGCCCACTTCGCC-1_V13B23-285_C1,1
AGACTAGCCTTCCAGA-1_V13B23-285_C1,1
AGACTGTTACCGGGTC-1_V13B23-285_C1,1
AGAGAACCGTCTAGGA-1_V13B23-285_C1,1
AGAGAAGGAGTACAAT-1_V13B23-285_C1,1
AGAGATCTCTAAAGCG-1_V13B23-285_C1,1
AGAGCAGTTATGAGAC-1_V13B23-285_C1,1
AGAGCCGCCGAGATTT-1_V13B23-285_C1,4
AGAGCGGGCTAATCAT-1_V13B23-285_C1,2
AGAGCGTACAAGCTCG-1_V13B23-285_C1,1
AGAGGCTTCGGAAACC-1_V13B23-285_C1,4
AGAGTAAACTTCACTA-1_V13B23-285_C1,4
AGAGTATAGTGTTACG-1_V13B23-285_C1,1
AGATAACTTCAGGGCC-1_V13B23-285_C1,1
AGATACCAGCACTTCA-1_V13B23-285_C1,2
AGATACCGGTGTTCAC-1_V13B23-285_C1,1
AGATACGACTTCATAT-1_V13B23-285_C1,2
AGATACTCAAGATCGA-1_V13B23-285_C1,4
AGATCGTGCATAAGAT-1_V13B23-285_C1,1
AGATCTCAGGTGTGAT-1_V13B23-285_C1,1
AGATGACTCGCCCACG-1_V13B23-285_C1,2
AGATGAGGGTTGCGAT-1_V13B23-285_C1,1
AGATGATGGAGTCTGG-1_V13B23-285_C1,1
AGATGCAAGACGTGCA-1_V13B23-285_C1,1
AGATGCTATAACGAGC-1_V13B23-285_C1,2
AGATTATAGGACGTTT-1_V13B23-285_C1,4
AGATTCACAACCGATA-1_V13B23-285_C1,1
AGCAAAGGCCGCTAGT-1_V13B23-285_C1,4
AGCAACATATCTTATT-1_V13B23-285_C1,4
AGCAACCGAAAGTAAT-1_V13B23-285_C1,1
AGCACCAGTACTCACG-1_V13B23-285_C1,1
AGCACTACCGGCCTGT-1_V13B23-285_C1,1
AGCACTACCTCACCAG-1_V13B23-285_C1,4
AGCACTTAAGGACGCC-1_V13B23-285_C1,1
AGCAGCCAGATGAATA-1_V13B23-285_C1,1
AGCATATCAATATGCT-1_V13B23-285_C1,4
AGCATCATTTCGAAAG-1_V13B23-285_C1,1
AGCATCGTCGATAATT-1_V13B23-285_C1,1
AGCCACAGGTTACCCG-1_V13B23-285_C1,4
AGCCACTCCCGTGCTT-1_V13B23-285_C1,2
AGCCCATACATGTAAG-1_V13B23-285_C1,1
AGCCCGGTAGCCTGTA-1_V13B23-285_C1,1
AGCCCTAAGCGAAGTT-1_V13B23-285_C1,2
AGCCCTGTCGCACCGT-1_V13B23-285_C1,4
AGCCCTTCTAATCCGA-1_V13B23-285_C1,1
AGCCCTTGGACATCCC-1_V13B23-285_C1,4
AGCCGTGGCTAAATGT-1_V13B23-285_C1,1
AGCCTAATACCCACGT-1_V13B23-285_C1,1
AGCCTTAAAGCGGAAG-1_V13B23-285_C1,1
AGCGACAGGAACGGTC-1_V13B23-285_C1,1
AGCGACATCCCATTCA-1_V13B23-285_C1,2
AGCGACCAACGATATT-1_V13B23-285_C1,1
AGCGCATAATGAATCG-1_V13B23-285_C1,1
AGCGCGGGTGCCAATG-1_V13B23-285_C1,1
AGCGCTAGAGCGATGT-1_V13B23-285_C1,4
AGCGGACACTTCGTAG-1_V13B23-285_C1,1
AGCGGCGGTTAGCGGT-1_V13B23-285_C1,1
AGCGGGAAGGGTCCAT-1_V13B23-285_C1,2
AGCGGTTGCCGCTCTG-1_V13B23-285_C1,1
AGCGTGGTATTCTACT-1_V13B23-285_C1,4
AGCTAACAAGCAATGT-1_V13B23-285_C1,1
AGCTAGAAGCAGAAGT-1_V13B23-285_C1,1
AGCTATTTAATCCAAC-1_V13B23-285_C1,3
AGCTCCATATATGTTC-1_V13B23-285_C1,4
AGCTCCTTCGCACATC-1_V13B23-285_C1,4
AGCTCTAGACGTTCCA-1_V13B23-285_C1,4
AGCTCTTCCCAGTGCA-1_V13B23-285_C1,1
AGCTCTTCGTAACCTT-1_V13B23-285_C1,4
AGCTCTTTACTCAGTT-1_V13B23-285_C1,1
AGCTGAAGTAAACCAA-1_V13B23-285_C1,4
AGCTGTAACCTCAATC-1_V13B23-285_C1,1
AGCTTGATCTTAACTT-1_V13B23-285_C1,1
AGGAAGCTGTCCGCCG-1_V13B23-285_C1,4
AGGACAGTCGAATCCC-1_V13B23-285_C1,4
AGGACATCGCACGTCG-1_V13B23-285_C1,2
AGGACGACCCATTAGA-1_V13B23-285_C1,1
AGGACGCTCGATGTTG-1_V13B23-285_C1,1
AGGAGACATCCACAGT-1_V13B23-285_C1,1
AGGAGAGTCTGGCTAC-1_V13B23-285_C1,1
AGGAGGCCTTCGCGCG-1_V13B23-285_C1,4
AGGATAAAGTCGGGAT-1_V13B23-285_C1,4
AGGATATAGGGATTTA-1_V13B23-285_C1,4
AGGATCACGCGATCTG-1_V13B23-285_C1,1
AGGATTGCTTACGACA-1_V13B23-285_C1,1
AGGCACGTGACTGTCC-1_V13B23-285_C1,4
AGGCAGATGCGTAAAC-1_V13B23-285_C1,1
AGGCAGGGAGCGTACT-1_V13B23-285_C1,1
AGGCATTGTCGTAGGG-1_V13B23-285_C1,4
AGGCCACATTGGTTAC-1_V13B23-285_C1,4
AGGCCACCCGTTATGA-1_V13B23-285_C1,1
AGGCCCATTGTACAGG-1_V13B23-285_C1,2
AGGCCCTAGAACGCCA-1_V13B23-285_C1,1
AGGCCTGAGAATCTCG-1_V13B23-285_C1,4
AGGCGATAACTGGCGT-1_V13B23-285_C1,4
AGGCGGTTTGTCCCGC-1_V13B23-285_C1,1
AGGCGTCTATGGACGG-1_V13B23-285_C1,1
AGGCTATGGTTAGCTT-1_V13B23-285_C1,1
AGGCTTCCCGAAGAAG-1_V13B23-285_C1,1
AGGCTTGCTAGACACC-1_V13B23-285_C1,1
AGGGAAACGAGGTACT-1_V13B23-285_C1,2
AGGGACCGGCTGCGTT-1_V13B23-285_C1,4
AGGGACTCTACGCGAC-1_V13B23-285_C1,1
AGGGAGACATACTTCG-1_V13B23-285_C1,1
AGGGCAGCGGCGTGGT-1_V13B23-285_C1,2
AGGGCGAGCAGCTGAT-1_V13B23-285_C1,1
AGGGCGTGATCGGCTA-1_V13B23-285_C1,2
AGGGCTGCAGTTACAG-1_V13B23-285_C1,2
AGGGTCAGTAACCCTA-1_V13B23-285_C1,2
AGGGTCGATGCGAACT-1_V13B23-285_C1,4
AGGGTGCTCTCGAGGG-1_V13B23-285_C1,1
AGGGTGGATAGTGCAT-1_V13B23-285_C1,1
AGGGTTCCCTTTGGTT-1_V13B23-285_C1,1
AGGGTTTAGTTCGGGA-1_V13B23-285_C1,1
AGGTAACCTCCTATTC-1_V13B23-285_C1,2
AGGTACGATATTGCCA-1_V13B23-285_C1,2
AGGTAGGTACAAAGCT-1_V13B23-285_C1,1
AGGTATAATTGATAGT-1_V13B23-285_C1,4
AGGTATGCGGACATTA-1_V13B23-285_C1,4
AGGTCAGGTGAGAGTG-1_V13B23-285_C1,1
AGGTCGCCTCCCAACA-1_V13B23-285_C1,4
AGGTCGCGGAGTTACT-1_V13B23-285_C1,1
AGGTGTATCGCCATGA-1_V13B23-285_C1,1
AGGTTACACCATGCCG-1_V13B23-285_C1,4
AGGTTGAGGCACGCTT-1_V13B23-285_C1,2
AGGTTTCACACACCTT-1_V13B23-285_C1,4
AGTAATGTCTTGCCGC-1_V13B23-285_C1,2
AGTACATCATTTATCA-1_V13B23-285_C1,1
AGTACCTTCGAGTGCT-1_V13B23-285_C1,2
AGTACGGCCCGTATCG-1_V13B23-285_C1,1
AGTACGGGCACCTGGC-1_V13B23-285_C1,1
AGTACTCTTATGCCCA-1_V13B23-285_C1,4
AGTAGGAAGGAAGTTG-1_V13B23-285_C1,1
AGTAGGTAACATACAT-1_V13B23-285_C1,2
AGTATAATACTAGGCA-1_V13B23-285_C1,1
AGTATGCTGGAGACCA-1_V13B23-285_C1,1
AGTATTTGGCACGACC-1_V13B23-285_C1,1
AGTCAACACCACCATC-1_V13B23-285_C1,1
AGTCAAGATGACACTT-1_V13B23-285_C1,4
AGTCACTAGCTCTCGA-1_V13B23-285_C1,4
AGTCAGCCACCGCCTG-1_V13B23-285_C1,2
AGTCCATTGGCTGATG-1_V13B23-285_C1,4
AGTCCCGCCTTTAATT-1_V13B23-285_C1,1
AGTCCCTCGCAGAAAG-1_V13B23-285_C1,1
AGTCGACGGTCTCAAG-1_V13B23-285_C1,4
AGTCGGCCCAAACGAC-1_V13B23-285_C1,1
AGTCGGCTCAACTTTA-1_V13B23-285_C1,1
AGTCGGTTGCGTGAGA-1_V13B23-285_C1,4
AGTCGTCGACCACCAA-1_V13B23-285_C1,4
AGTCGTGGGCATTACG-1_V13B23-285_C1,1
AGTCTAAAGTATACTC-1_V13B23-285_C1,1
AGTCTCACAAGACTAC-1_V13B23-285_C1,1
AGTCTGGACATCCTTG-1_V13B23-285_C1,2
AGTCTTCTCCTCAAAT-1_V13B23-285_C1,1
AGTGAACAAACTTCTC-1_V13B23-285_C1,4
AGTGAAGATGGTGTCC-1_V13B23-285_C1,1
AGTGACCTACTTTACG-1_V13B23-285_C1,1
AGTGAGACTTCCAGTA-1_V13B23-285_C1,4
AGTGAGCCTCGCCGCC-1_V13B23-285_C1,1
AGTGAGGGTTTCTGAC-1_V13B23-285_C1,2
AGTGATAACCTGCGCG-1_V13B23-285_C1,4
AGTGATATGAGTAGTT-1_V13B23-285_C1,1
AGTGATTCAAGCAGGA-1_V13B23-285_C1,1
AGTGCACGCTTAAGAA-1_V13B23-285_C1,4
AGTGCGTAGCTCGTAA-1_V13B23-285_C1,1
AGTGCTAAACACAGCA-1_V13B23-285_C1,4
AGTGCTTGCACGAATA-1_V13B23-285_C1,4
AGTGGCGGCAATTTGA-1_V13B23-285_C1,1
AGTGGCGTCTGAAGGT-1_V13B23-285_C1,4
AGTGGCTCCGTCGGCC-1_V13B23-285_C1,1
AGTGGTGTTACCCGTG-1_V13B23-285_C1,1
AGTGGTTGCGTATAGG-1_V13B23-285_C1,1
AGTGTATTGCGCATTG-1_V13B23-285_C1,1
AGTGTGCTAAGATCGC-1_V13B23-285_C1,2
AGTGTGGTCTATTGTG-1_V13B23-285_C1,1
AGTTAAACACTTGCGA-1_V13B23-285_C1,1
AGTTAAGCGGTCCCGG-1_V13B23-285_C1,2
AGTTAAGTCAACCGCT-1_V13B23-285_C1,1
AGTTACCCTTAAGACT-1_V13B23-285_C1,1
AGTTACCGCACATGGT-1_V13B23-285_C1,1
AGTTACTCTATCGTGG-1_V13B23-285_C1,1
AGTTCACCGGTTGGAC-1_V13B23-285_C1,1
AGTTCCTACAGAATTA-1_V13B23-285_C1,1
AGTTCCTATTTATGTT-1_V13B23-285_C1,4
AGTTCTGCGTTGTATC-1_V13B23-285_C1,2
AGTTGCTGACTGATAT-1_V13B23-285_C1,2
AGTTTATGTAAAGACA-1_V13B23-285_C1,1
AGTTTCGCAGGTCGGA-1_V13B23-285_C1,3
AGTTTGCACCTGCCTC-1_V13B23-285_C1,4
AGTTTGGCACGGGTTG-1_V13B23-285_C1,4
AGTTTGGCCAGACCTA-1_V13B23-285_C1,1
ATAAACGGACCCGTAA-1_V13B23-285_C1,4
ATAAACGTTGCACCAC-1_V13B23-285_C1,4
ATAAAGGCTCGGTCGT-1_V13B23-285_C1,1
ATAAATATTAGCAGCT-1_V13B23-285_C1,1
ATAACGCCGGAGGGTC-1_V13B23-285_C1,4
ATAACGGAGTCCAACG-1_V13B23-285_C1,1
ATAAGGTGGAGAACAT-1_V13B23-285_C1,4
ATAAGTAGGATTCAGA-1_V13B23-285_C1,1
ATAAGTAGGGCGACTC-1_V13B23-285_C1,4
ATAAGTTACCGCGACG-1_V13B23-285_C1,1
ATAATACCGTTAGCCG-1_V13B23-285_C1,2
ATAATAGCTGTTGAAT-1_V13B23-285_C1,4
ATAATAGTGTAGGGAC-1_V13B23-285_C1,1
ATAATCTTGGAGAACC-1_V13B23-285_C1,4
ATACAGGCCCTCCAAT-1_V13B23-285_C1,4
ATACCACGGGCAACTT-1_V13B23-285_C1,1
ATACCGTCATCCATAA-1_V13B23-285_C1,2
ATACCTAACCAAGAAA-1_V13B23-285_C1,4
ATACGAAGGCTTTCCA-1_V13B23-285_C1,4
ATACGCCGGCGAAACC-1_V13B23-285_C1,4
ATACGGAACGTCGTTT-1_V13B23-285_C1,1
ATACGGGTTTCGATTG-1_V13B23-285_C1,2
ATACGGTGAAGATGCA-1_V13B23-285_C1,1
ATACGTACTTAGCCAC-1_V13B23-285_C1,4
ATACGTCCACTCCTGT-1_V13B23-285_C1,4
ATACGTTATGCACGGA-1_V13B23-285_C1,1
ATACTACCCGTACCAC-1_V13B23-285_C1,4
ATACTAGCATGACCCT-1_V13B23-285_C1,2
ATACTGCCTTACACCG-1_V13B23-285_C1,4
ATACTTGTTCTCGAGC-1_V13B23-285_C1,1
ATAGACAACGGGACCT-1_V13B23-285_C1,1
ATAGACGAAGAGAAAG-1_V13B23-285_C1,1
ATAGAGTACTGGGACA-1_V13B23-285_C1,1
ATAGAGTTATCAACTT-1_V13B23-285_C1,1
ATAGCAACTAGGGAAG-1_V13B23-285_C1,4
ATAGCCTCAGTACCCA-1_V13B23-285_C1,1
ATAGCTGCTCTTGTTA-1_V13B23-285_C1,2
ATAGGCGGCTATAGAA-1_V13B23-285_C1,1
ATAGGCTAGCTTCGCA-1_V13B23-285_C1,1
ATAGGGATATCCTTGA-1_V13B23-285_C1,2
ATAGGTTGGGCAGATG-1_V13B23-285_C1,1
ATAGTGAAGCGTTCTC-1_V13B23-285_C1,1
ATAGTTCCACCCACTC-1_V13B23-285_C1,4
ATATAAAGCGCTCGTG-1_V13B23-285_C1,4
ATATAAATGTAGCTGC-1_V13B23-285_C1,4
ATATACGCTCGTGACG-1_V13B23-285_C1,4
ATATCAACCTACAGAG-1_V13B23-285_C1,4
ATATCGGTAGGGAGAT-1_V13B23-285_C1,4
ATATCGTTCCTCGAAC-1_V13B23-285_C1,4
ATATCTCCCTCGTTAA-1_V13B23-285_C1,1
ATATCTTAGGGCCTTC-1_V13B23-285_C1,4
ATATGTCTCCCTAGCC-1_V13B23-285_C1,4
ATATTCAGTTAAACCT-1_V13B23-285_C1,1
ATATTCCACATAGTGA-1_V13B23-285_C1,4
ATATTCCCACAGGTCA-1_V13B23-285_C1,2
ATATTGCTGTCAAAGT-1_V13B23-285_C1,1
ATATTGGAGAGGCCTT-1_V13B23-285_C1,4
ATATTTAACCCTCAAG-1_V13B23-285_C1,1
ATCAAACACTGTTCCA-1_V13B23-285_C1,4
ATCAAACGAAGGTTTG-1_V13B23-285_C1,1
ATCAATCTGGGCTGCA-1_V13B23-285_C1,2
ATCAATGCCGTGGCTG-1_V13B23-285_C1,1
ATCACATTAGAATATC-1_V13B23-285_C1,4
ATCACGTGCTAATTAA-1_V13B23-285_C1,1
ATCACTTCATCCTCGC-1_V13B23-285_C1,2
ATCAGACGGCACGCCG-1_V13B23-285_C1,1
ATCAGCCTCATGCTGC-1_V13B23-285_C1,4
ATCAGCTCGTCCACTA-1_V13B23-285_C1,1
ATCAGGTAGCTGACAG-1_V13B23-285_C1,1
ATCAGTAGGCAGGGAT-1_V13B23-285_C1,1
ATCATAGCCCTATGTA-1_V13B23-285_C1,4
ATCATCCAATATTTGT-1_V13B23-285_C1,4
ATCATGGACTACCGAC-1_V13B23-285_C1,4
ATCCAACGCAGTCATA-1_V13B23-285_C1,1
ATCCAATGGAGGGTCC-1_V13B23-285_C1,1
ATCCACATCGACAGAA-1_V13B23-285_C1,4
ATCCAGAGCAACAACC-1_V13B23-285_C1,1
ATCCAGGATTCGTGAA-1_V13B23-285_C1,1
ATCCTACCTAAGCTCT-1_V13B23-285_C1,1
ATCCTGAATCGCTGCG-1_V13B23-285_C1,1
ATCCTGCGTGGAATGG-1_V13B23-285_C1,1
ATCCTTCTGAAAGAAC-1_V13B23-285_C1,4
ATCGACCCAATACAGA-1_V13B23-285_C1,4
ATCGACTCTTTCCGTT-1_V13B23-285_C1,2
ATCGCACGCCGGGAGA-1_V13B23-285_C1,1
ATCGCCAGTCAACATT-1_V13B23-285_C1,4
ATCGCTGCGTGCAGCA-1_V13B23-285_C1,1
ATCGCTTTACGTCTCA-1_V13B23-285_C1,1
ATCGGAGACAGACGGC-1_V13B23-285_C1,4
ATCGGCAAGCAGTCCA-1_V13B23-285_C1,1
ATCGGTTACCTAGTAA-1_V13B23-285_C1,1
ATCGTTAGCTAGCGGA-1_V13B23-285_C1,4
ATCGTTCACTTTCGCC-1_V13B23-285_C1,2
ATCTAACGTCCCTATG-1_V13B23-285_C1,1
ATCTAATATCCTACGG-1_V13B23-285_C1,4
ATCTCCCACGGAATAT-1_V13B23-285_C1,4
ATCTCCCTGCAATCTA-1_V13B23-285_C1,2
ATCTCGTGAGCGAAAC-1_V13B23-285_C1,4
ATCTGATAGTGTCTTA-1_V13B23-285_C1,2
ATCTGCACCTCTGCGA-1_V13B23-285_C1,1
ATCTGGGCTGTTCTTG-1_V13B23-285_C1,4
ATCTGGTTAAGACTGT-1_V13B23-285_C1,1
ATCTGTAATTGTACCC-1_V13B23-285_C1,2
ATCTTGACCTGCAACG-1_V13B23-285_C1,1
ATCTTGACTTGTCCAA-1_V13B23-285_C1,1
ATCTTTCGTATAACCA-1_V13B23-285_C1,1
ATGAAGCCAAGGAGCC-1_V13B23-285_C1,2
ATGACGCCGGCTCTAA-1_V13B23-285_C1,2
ATGACGCGTTCTATCC-1_V13B23-285_C1,1
ATGACTATCAGCTGTG-1_V13B23-285_C1,1
ATGACTATGCGACATT-1_V13B23-285_C1,4
ATGAGGAGTGTTAATC-1_V13B23-285_C1,1
ATGAGGGCAGCGGCTA-1_V13B23-285_C1,4
ATGATCGGGAATAGAC-1_V13B23-285_C1,2
ATGATGCAATGGTACA-1_V13B23-285_C1,1
ATGCACCTTCCTTAAT-1_V13B23-285_C1,1
ATGCACTACCGCATTG-1_V13B23-285_C1,1
ATGCATGATCCAGGAT-1_V13B23-285_C1,1
ATGCCAATCGCTCTGC-1_V13B23-285_C1,2
ATGCCATTTGCGACCA-1_V13B23-285_C1,4
ATGCCGGTCTTGCATA-1_V13B23-285_C1,1
ATGCCGGTTGATGGGA-1_V13B23-285_C1,2
ATGCGACAATTGGTCC-1_V13B23-285_C1,2
ATGCGACAGTCCCATT-1_V13B23-285_C1,2
ATGCGAGTCCCACCAC-1_V13B23-285_C1,4
ATGCTCAGTGTTGCAT-1_V13B23-285_C1,1
ATGCTCTGGCGCGGTA-1_V13B23-285_C1,4
ATGCTTAGGAGTTGAT-1_V13B23-285_C1,4
ATGGAACCTTTGCACA-1_V13B23-285_C1,4
ATGGAGCAGGCCGTGA-1_V13B23-285_C1,4
ATGGATCCGGCGTCCG-1_V13B23-285_C1,2
ATGGATTGACCAAACG-1_V13B23-285_C1,1
ATGGCAGCCGAGAAAC-1_V13B23-285_C1,1
ATGGCGGAATAGTCGC-1_V13B23-285_C1,1
ATGGCTGGAAATGGCC-1_V13B23-285_C1,2
ATGGGACCTGCTGAAC-1_V13B23-285_C1,1
ATGGGCCTCGGCCTCT-1_V13B23-285_C1,4
ATGGTCGCGTGGTTTC-1_V13B23-285_C1,4
ATGTAAGGCTGCTCTT-1_V13B23-285_C1,1
ATGTGAAAGCCTAATG-1_V13B23-285_C1,1
ATGTGCATCCGACGCA-1_V13B23-285_C1,1
ATGTGGACATCTTGAT-1_V13B23-285_C1,4
ATGTTACGAGCAATAC-1_V13B23-285_C1,2
ATGTTCCTGCCCACCT-1_V13B23-285_C1,1
ATGTTCGTCGACCCAC-1_V13B23-285_C1,1
ATGTTTCGGCCCGGAG-1_V13B23-285_C1,1
ATTAAACATGCGGACC-1_V13B23-285_C1,1
ATTAATACTACGCGGG-1_V13B23-285_C1,2
ATTAATGAACCAGTCG-1_V13B23-285_C1,1
ATTAATTCGGTCACTC-1_V13B23-285_C1,2
ATTACAACTACCGGCC-1_V13B23-285_C1,2
ATTACATGTCAGTCTT-1_V13B23-285_C1,4
ATTACCACACTGCCTG-1_V13B23-285_C1,4
ATTACGACTCCACAGT-1_V13B23-285_C1,2
ATTACGCGCTGGCAGG-1_V13B23-285_C1,1
ATTACTAGCCTCTTGC-1_V13B23-285_C1,2
ATTACTTACTGGGCAT-1_V13B23-285_C1,1
ATTAGATTCCTCAGCA-1_V13B23-285_C1,1
ATTAGATTGATAGCGG-1_V13B23-285_C1,2
ATTAGGCGATGCTTTC-1_V13B23-285_C1,4
ATTATACTTTGCTCGT-1_V13B23-285_C1,2
ATTATGCCATAGGGAG-1_V13B23-285_C1,2
ATTATTATGTCCGTCA-1_V13B23-285_C1,1
ATTCAACCATTTAAGG-1_V13B23-285_C1,4
ATTCACTGATGTTGGA-1_V13B23-285_C1,4
ATTCAGGACCTATTTC-1_V13B23-285_C1,1
ATTCAGTAGCAGGGTC-1_V13B23-285_C1,1
ATTCATATACTGTCCA-1_V13B23-285_C1,4
ATTCATCGTTGAGGCA-1_V13B23-285_C1,4
ATTCCCACATAAACAA-1_V13B23-285_C1,1
ATTCCTAAGACGTGGA-1_V13B23-285_C1,2
ATTCCTCCGCCAGTGC-1_V13B23-285_C1,1
ATTCGACGCCGGGCCT-1_V13B23-285_C1,1
ATTCGTGCTATCTCTT-1_V13B23-285_C1,4
ATTCTCGTCTCTTTAG-1_V13B23-285_C1,2
ATTCTTCGTACTTATG-1_V13B23-285_C1,2
ATTGAAGATCTTAGTG-1_V13B23-285_C1,1
ATTGACCGGCGATGAC-1_V13B23-285_C1,1
ATTGACGTAACTCGGT-1_V13B23-285_C1,2
ATTGATAGCAACGAGA-1_V13B23-285_C1,2
ATTGATGAGTCCTAAC-1_V13B23-285_C1,1
ATTGCGATCAGTAACT-1_V13B23-285_C1,4
ATTGCTGCTCCTCCAT-1_V13B23-285_C1,1
ATTGGATTACAGCGTA-1_V13B23-285_C1,4
ATTGGGAATATCTTGG-1_V13B23-285_C1,2
ATTGTACAACTCGGCT-1_V13B23-285_C1,4
ATTGTCGCAATACCTT-1_V13B23-285_C1,1
ATTGTGACTTCGCTGC-1_V13B23-285_C1,2
ATTGTTCAACGATCCG-1_V13B23-285_C1,4
ATTTACAGTTTACTGG-1_V13B23-285_C1,1
ATTTACTAAGTCCATT-1_V13B23-285_C1,1
ATTTCATTATTTCGCG-1_V13B23-285_C1,2
ATTTCCGGGTTCTGCG-1_V13B23-285_C1,1
ATTTGCGCGAGTAGCT-1_V13B23-285_C1,1
ATTTGTCTTGGGAGCT-1_V13B23-285_C1,4
ATTTGTTCCAGGGCTC-1_V13B23-285_C1,2
CAAACGAGTATCGCAG-1_V13B23-285_C1,1
CAAACGGTCGCACTTT-1_V13B23-285_C1,1
CAAACTACGATAGAGA-1_V13B23-285_C1,2
CAAACTATTGAGCTTC-1_V13B23-285_C1,2
CAAACTCGCGACGCCG-1_V13B23-285_C1,4
CAAAGATTATTGGGCC-1_V13B23-285_C1,1
CAAAGGTCATCTGAAA-1_V13B23-285_C1,4
CAAATCTCTCACAAGG-1_V13B23-285_C1,1
CAAATGTCCTTCCGTG-1_V13B23-285_C1,1
CAAATTGGATTATGCC-1_V13B23-285_C1,1
CAAATTGTCAGCAAGC-1_V13B23-285_C1,3
CAACACATCTCCTGCC-1_V13B23-285_C1,1
CAACCAGTGGCCTACC-1_V13B23-285_C1,4
CAACCGCACCTAGACA-1_V13B23-285_C1,1
CAACCTACCGAGCAGT-1_V13B23-285_C1,4
CAACCTGAACCTGCCA-1_V13B23-285_C1,1
CAACGACCCGTTTACA-1_V13B23-285_C1,2
CAACGGTTCTTGATAC-1_V13B23-285_C1,2
CAACGTGGTGGAGTCT-1_V13B23-285_C1,4
CAACTCCGTAACTTGC-1_V13B23-285_C1,2
CAACTCCTTGATCCCG-1_V13B23-285_C1,2
CAACTGCTCATCCGAT-1_V13B23-285_C1,1
CAAGACTCAGAAGCGC-1_V13B23-285_C1,1
CAAGAGGGCGGAGTAC-1_V13B23-285_C1,4
CAAGATATTATAACGT-1_V13B23-285_C1,4
CAAGCAACGTCGGAGT-1_V13B23-285_C1,1
CAAGCACCAAATGCCT-1_V13B23-285_C1,2
CAAGCGGCACATAATT-1_V13B23-285_C1,4
CAAGGATCGCATGTTC-1_V13B23-285_C1,4
CAAGGTCCTATAGGCT-1_V13B23-285_C1,1
CAAGTGTGGTTGCAAA-1_V13B23-285_C1,4
CAATAAACCTTGGCCC-1_V13B23-285_C1,1
CAATACGAGAGTCTGA-1_V13B23-285_C1,4
CAATATGTAGATTTAC-1_V13B23-285_C1,2
CAATATTCTTGACCTA-1_V13B23-285_C1,1
CAATCCCTATACCAGC-1_V13B23-285_C1,2
CAATCCTGCCGTGGAG-1_V13B23-285_C1,2
CAATGAGGTTCGACTA-1_V13B23-285_C1,1
CAATGCGAGAAGTATC-1_V13B23-285_C1,4
CAATGGAATCTACATA-1_V13B23-285_C1,2
CAATGGATCTCTACCA-1_V13B23-285_C1,1
CAATGTGCCAACCCTT-1_V13B23-285_C1,4
CAATTAAGGGTGATGA-1_V13B23-285_C1,1
CAATTTCGTATAAGGG-1_V13B23-285_C1,4
CACAAGAAAGATATTA-1_V13B23-285_C1,2
CACAATGAGCTGCTAT-1_V13B23-285_C1,1
CACACACGCTAACGAG-1_V13B23-285_C1,4
CACACAGCTTGCGCTC-1_V13B23-285_C1,4
CACACAGGGATAGATT-1_V13B23-285_C1,1
CACACGCGCTGTCTTA-1_V13B23-285_C1,1
CACAGCACCCACGGCA-1_V13B23-285_C1,1
CACAGCTAGGGAGTGA-1_V13B23-285_C1,2
CACAGGGCCATATAGT-1_V13B23-285_C1,4
CACAGGGCCGTTGTCA-1_V13B23-285_C1,1
CACAGTCCCGCTTCGC-1_V13B23-285_C1,4
CACAGTTCGCTTCCCA-1_V13B23-285_C1,4
CACATATTAGCAGGAT-1_V13B23-285_C1,4
CACATCGTGCACGCGC-1_V13B23-285_C1,1
CACATCTCACCGACGA-1_V13B23-285_C1,4
CACATGATTCAGCAAC-1_V13B23-285_C1,4
CACATTCTTTCGATGG-1_V13B23-285_C1,1
CACATTTCTTGTCAGA-1_V13B23-285_C1,4
CACCACGCCACACAGA-1_V13B23-285_C1,1
CACCAGTCAGCATGCA-1_V13B23-285_C1,1
CACCATCGGAGGAGAC-1_V13B23-285_C1,2
CACCATGATCGCAAAG-1_V13B23-285_C1,2
CACCCAAATCTTATGT-1_V13B23-285_C1,4
CACCCACACGTCACCC-1_V13B23-285_C1,2
CACCCACGAGGCAATT-1_V13B23-285_C1,1
CACCCGGTTTGTGACT-1_V13B23-285_C1,1
CACCCTAACAAGATCT-1_V13B23-285_C1,4
CACCCTTGGTGAGACC-1_V13B23-285_C1,1
CACCGATACACCGAGC-1_V13B23-285_C1,2
CACCGCCAGAAGGTTT-1_V13B23-285_C1,1
CACCGCCGACCAGCGA-1_V13B23-285_C1,2
CACCGCGTCCACTCTA-1_V13B23-285_C1,1
CACCGTATCCCATCCG-1_V13B23-285_C1,4
CACCGTTAGGGATCAC-1_V13B23-285_C1,1
CACCGTTGCGCGATAT-1_V13B23-285_C1,1
CACCTAATAGAGTCGT-1_V13B23-285_C1,1
CACCTAATCAGTTTAC-1_V13B23-285_C1,2
CACCTCGATGGTGGAC-1_V13B23-285_C1,3
CACCTTGCGAAACTCG-1_V13B23-285_C1,1
CACCTTGGCGCCTTTG-1_V13B23-285_C1,4
CACGAAAGTTAGTCCC-1_V13B23-285_C1,1
CACGCACAGCGCAGCT-1_V13B23-285_C1,1
CACGCAGCGAGGCTTT-1_V13B23-285_C1,1
CACGCGGAACTGTTGC-1_V13B23-285_C1,4
CACGGACGTGGATGGC-1_V13B23-285_C1,1
CACGGCGCGCCAAAGG-1_V13B23-285_C1,1
CACGGGATTGAGGGTT-1_V13B23-285_C1,1
CACGTCGGCAACCTCT-1_V13B23-285_C1,1
CACGTTCGTGCTCTAG-1_V13B23-285_C1,4
CACGTTTCGTACACAC-1_V13B23-285_C1,4
CACTAAAGTTGCCTAT-1_V13B23-285_C1,1
CACTACGGGAGCTGCC-1_V13B23-285_C1,4
CACTCAAGAGCTATGG-1_V13B23-285_C1,4
CACTCAGCTCTTGAGG-1_V13B23-285_C1,2
CACTCCTATGTAAGAT-1_V13B23-285_C1,1
CACTCCTCTCGGTCGG-1_V13B23-285_C1,1
CACTCGAGCTGAACAA-1_V13B23-285_C1,4
CACTCGGTTAGGAGGA-1_V13B23-285_C1,1
CACTCTTCTGCTAGCC-1_V13B23-285_C1,4
CACTGTCCAAGTGAGA-1_V13B23-285_C1,1
CACTTAATCAGACGGA-1_V13B23-285_C1,1
CACTTCGCCACAGGCT-1_V13B23-285_C1,1
CACTTCGTCTTATCTC-1_V13B23-285_C1,2
CAGAACTTAGCCCTCT-1_V13B23-285_C1,4
CAGAATAACACACGGA-1_V13B23-285_C1,4
CAGAATATTCGTTATC-1_V13B23-285_C1,4
CAGACACCGATCGCTG-1_V13B23-285_C1,1
CAGACCTGTAAGTGTT-1_V13B23-285_C1,1
CAGACGAACCTGATAC-1_V13B23-285_C1,1
CAGAGACGGTCACCCA-1_V13B23-285_C1,1
CAGAGCATGAGCTTGC-1_V13B23-285_C1,1
CAGAGGCGATGCATGA-1_V13B23-285_C1,1
CAGAGTGATTTAACGT-1_V13B23-285_C1,2
CAGATACTAACATAGT-1_V13B23-285_C1,1
CAGATCATTTAAAGTC-1_V13B23-285_C1,1
CAGATCCTGGTTTGAA-1_V13B23-285_C1,1
CAGCAGCCCGTTCCTT-1_V13B23-285_C1,1
CAGCAGTCCAGACTAT-1_V13B23-285_C1,4
CAGCAGTCTGTGCTGC-1_V13B23-285_C1,4
CAGCCGGGCCCTCTAT-1_V13B23-285_C1,2
CAGCCTCCTGCAGAGG-1_V13B23-285_C1,1
CAGCCTCGATAGCGGT-1_V13B23-285_C1,4
CAGCCTCTCCTCAAGA-1_V13B23-285_C1,1
CAGCGATTCCCTTCAA-1_V13B23-285_C1,1
CAGCTCACTGAGACAT-1_V13B23-285_C1,2
CAGCTCGACAAGTTAA-1_V13B23-285_C1,1
CAGCTCGTGCTTGTGT-1_V13B23-285_C1,2
CAGCTGGCGTAACCGT-1_V13B23-285_C1,1
CAGCTTAGTAGGTAGC-1_V13B23-285_C1,1
CAGGAAGACTTTATAT-1_V13B23-285_C1,2
CAGGACAGCTGCCCTT-1_V13B23-285_C1,1
CAGGATATATCGTTGT-1_V13B23-285_C1,4
CAGGCCGTTTGGGTGT-1_V13B23-285_C1,1
CAGGCGCACGGTGGTC-1_V13B23-285_C1,1
CAGGCGCCATGCTAGG-1_V13B23-285_C1,4
CAGTAACTATTTATTG-1_V13B23-285_C1,1
CAGTAATCCCTCCCAG-1_V13B23-285_C1,1
CAGTACATTCTCTAAA-1_V13B23-285_C1,1
CAGTACCAGTTTACGT-1_V13B23-285_C1,1
CAGTAGCCCACGCGGT-1_V13B23-285_C1,1
CAGTCGAGGATGCAAT-1_V13B23-285_C1,1
CAGTCTGTATACTGGG-1_V13B23-285_C1,4
CAGTGAATAAATGACT-1_V13B23-285_C1,2
CAGTGGTTGCACATGA-1_V13B23-285_C1,2
CAGTGTCCGCAGAATG-1_V13B23-285_C1,2
CAGTGTCGGCTGGCCC-1_V13B23-285_C1,4
CAGTTCAAATTGACAC-1_V13B23-285_C1,1
CAGTTCCGCGGGTCGA-1_V13B23-285_C1,1
CATAACGGACAGTCGT-1_V13B23-285_C1,4
CATAAGAAGCTTGGCT-1_V13B23-285_C1,4
CATAAGCTCTCCGTCT-1_V13B23-285_C1,1
CATACAAAGCCGAACC-1_V13B23-285_C1,2
CATACACGGTTCCCAC-1_V13B23-285_C1,1
CATACCCGTACCCAGT-1_V13B23-285_C1,1
CATACGGCGTCTGGGC-1_V13B23-285_C1,4
CATACTATGTAATTGT-1_V13B23-285_C1,1
CATACTTAGGCAATAC-1_V13B23-285_C1,4
CATAGCCGCCCGGGAT-1_V13B23-285_C1,1
CATAGCGTTGCCCACC-1_V13B23-285_C1,1
CATAGTACATTGAGAG-1_V13B23-285_C1,2
CATAGTAGCATAGTAG-1_V13B23-285_C1,1
CATAGTCCACAAGAAC-1_V13B23-285_C1,1
CATATACTACTGATAA-1_V13B23-285_C1,1
CATATAGGTACAGTCA-1_V13B23-285_C1,1
CATATGTCAGGCTACG-1_V13B23-285_C1,1
CATATTATTTGCCCTA-1_V13B23-285_C1,2
CATCAAACTGGCGCCC-1_V13B23-285_C1,2
CATCAACACCTACTAA-1_V13B23-285_C1,1
CATCATCTACCCGGAC-1_V13B23-285_C1,2
CATCATTACCCTGAGG-1_V13B23-285_C1,4
CATCCGCAGGCCCGAA-1_V13B23-285_C1,2
CATCCTCTCAAAGATC-1_V13B23-285_C1,4
CATCGCCCGCGGCCAA-1_V13B23-285_C1,2
CATCGGACGGGTTAAT-1_V13B23-285_C1,1
CATCGTCCGGTTACTA-1_V13B23-285_C1,1
CATCTAGTGAAGGGAA-1_V13B23-285_C1,4
CATCTATCCCGTGTCT-1_V13B23-285_C1,1
CATCTGCAGGATCATT-1_V13B23-285_C1,1
CATCTTACACCACCTC-1_V13B23-285_C1,4
CATGACTTCGCTGAAT-1_V13B23-285_C1,4
CATGAGATGCACTCTC-1_V13B23-285_C1,4
CATGATGCACAATTCT-1_V13B23-285_C1,2
CATGATGGAAGTTAGC-1_V13B23-285_C1,4
CATGCCAACTCGCAAA-1_V13B23-285_C1,1
CATGCGACCAGTTTAA-1_V13B23-285_C1,1
CATGCGTTAGACAGAA-1_V13B23-285_C1,3
CATGCTGGCTCCAATT-1_V13B23-285_C1,3
CATGGATTGTCTTCCG-1_V13B23-285_C1,4
CATGGCAGGAAGATCG-1_V13B23-285_C1,2
CATGGGTATGCCTTAT-1_V13B23-285_C1,4
CATGGGTCGGGTGTGG-1_V13B23-285_C1,4
CATGGTAAGTAGCGTT-1_V13B23-285_C1,4
CATGGTCTAGATACCG-1_V13B23-285_C1,1
CATGTAAGAGACATTT-1_V13B23-285_C1,4
CATGTAGGAGCGCCAA-1_V13B23-285_C1,1
CATGTCTCATTTATGG-1_V13B23-285_C1,4
CATTACATAGATTGTG-1_V13B23-285_C1,1
CATTACGTCGGCCCGT-1_V13B23-285_C1,2
CATTATGCTTGTTGTG-1_V13B23-285_C1,1
CATTCCCATTCCGTCG-1_V13B23-285_C1,1
CATTCCCTAAGTACAA-1_V13B23-285_C1,2
CATTCGTCGTAGCGGT-1_V13B23-285_C1,4
CATTGATGAACACGCC-1_V13B23-285_C1,1
CATTGCGAAATGGGCG-1_V13B23-285_C1,1
CATTGCGGGTCAATTC-1_V13B23-285_C1,1
CATTGTGTGCTAGATC-1_V13B23-285_C1,2
CATTTAGCGGACCATG-1_V13B23-285_C1,1
CATTTCTAGCAGACTA-1_V13B23-285_C1,2
CATTTGAGTGGTACGT-1_V13B23-285_C1,1
CCAAACAGAACCCTCG-1_V13B23-285_C1,1
CCAAATAACAAGATTC-1_V13B23-285_C1,4
CCAACGATGCACTGAT-1_V13B23-285_C1,1
CCAACGCTTGCCAGGG-1_V13B23-285_C1,2
CCAACTTGATAGATCC-1_V13B23-285_C1,4
CCAAGAAAGTGGGCGA-1_V13B23-285_C1,1
CCAAGACTTCTGCGAA-1_V13B23-285_C1,2
CCAAGCGTAACTCGTA-1_V13B23-285_C1,1
CCAAGGAACAGAGAGG-1_V13B23-285_C1,2
CCAAGTTTCTACAGAT-1_V13B23-285_C1,2
CCAATAGTGCCGTCGA-1_V13B23-285_C1,1
CCAATCGGTAGATCGA-1_V13B23-285_C1,2
CCAATGTCACAGCAAG-1_V13B23-285_C1,1
CCAATTACGGGTCGAG-1_V13B23-285_C1,1
CCAATTGAATGTTAAT-1_V13B23-285_C1,2
CCACAATGTACGTCTT-1_V13B23-285_C1,1
CCACACTGAGATATTA-1_V13B23-285_C1,1
CCACAGTACCCATCCT-1_V13B23-285_C1,4
CCACATACTGCACCCA-1_V13B23-285_C1,4
CCACCAACTTTACTGT-1_V13B23-285_C1,1
CCACCCAAGGAAAGTG-1_V13B23-285_C1,4
CCACCTGTATGGAATA-1_V13B23-285_C1,4
CCACGAATTTAACCTC-1_V13B23-285_C1,4
CCACGAGAAGAGAATC-1_V13B23-285_C1,2
CCACGGAGCCATAAGA-1_V13B23-285_C1,1
CCACGGTGCCCGGTAG-1_V13B23-285_C1,4
CCACGTAAATTAGACT-1_V13B23-285_C1,1
CCACTATCCGGGTCAC-1_V13B23-285_C1,1
CCACTGGTGGCTGGTT-1_V13B23-285_C1,1
CCACTGTTTGGATTAA-1_V13B23-285_C1,4
CCAGAAAGCAACTCAT-1_V13B23-285_C1,1
CCAGAGACAAAGCCGG-1_V13B23-285_C1,1
CCAGATAGTTGAGTGA-1_V13B23-285_C1,1
CCAGATGTAAATGGGT-1_V13B23-285_C1,2
CCAGCCTGGACCAATA-1_V13B23-285_C1,4
CCAGCGGGATCACCAG-1_V13B23-285_C1,1
CCAGCTCGAACGCATT-1_V13B23-285_C1,1
CCAGCTGATGGTACTT-1_V13B23-285_C1,1
CCAGCTTCCGCCCGCA-1_V13B23-285_C1,1
CCAGGCTGGCGTCTGA-1_V13B23-285_C1,4
CCAGGGACGTGGCCTC-1_V13B23-285_C1,1
CCAGTAGTCTGATCCA-1_V13B23-285_C1,1
CCAGTCAAATCTCTTA-1_V13B23-285_C1,1
CCAGTCTAGACGGCGC-1_V13B23-285_C1,1
CCAGTCTTGTCATAGA-1_V13B23-285_C1,1
CCATAAACAACCCGAC-1_V13B23-285_C1,2
CCATACCTTTACTTGT-1_V13B23-285_C1,1
CCATAGGTTGGCGTGG-1_V13B23-285_C1,2
CCATAGTCAGTAACCC-1_V13B23-285_C1,2
CCATATGGAAACTATA-1_V13B23-285_C1,4
CCATATTGGATCATGA-1_V13B23-285_C1,2
CCATCCATACCAAGTC-1_V13B23-285_C1,2
CCATCGCAGTTAAACT-1_V13B23-285_C1,4
CCATCTCACCAGTGAA-1_V13B23-285_C1,4
CCATGCCCTAGATTTC-1_V13B23-285_C1,4
CCATGCCTGTTTAGTA-1_V13B23-285_C1,4
CCATGCTCTGCAGGAA-1_V13B23-285_C1,2
CCATGGCCCTTGTACC-1_V13B23-285_C1,1
CCATTAGCGATAATCC-1_V13B23-285_C1,1
CCATTCCCTGCCCACA-1_V13B23-285_C1,1
CCATTGTTTCCTCCAT-1_V13B23-285_C1,1
CCATTTCTACCTATTA-1_V13B23-285_C1,4
CCCAAACATGCTGCTC-1_V13B23-285_C1,4
CCCAACATACGTCGCG-1_V13B23-285_C1,1
CCCAACCACACTAACA-1_V13B23-285_C1,2
CCCAATGAGATTTGCA-1_V13B23-285_C1,1
CCCAATTTCACAACTT-1_V13B23-285_C1,1
CCCAGAGGAGGGCGTA-1_V13B23-285_C1,1
CCCAGGTCTGAAGGCT-1_V13B23-285_C1,4
CCCAGTTAAGGCGCCG-1_V13B23-285_C1,4
CCCGAAGTTTCGCGAA-1_V13B23-285_C1,1
CCCGACCATAGTCCGC-1_V13B23-285_C1,2
CCCGAGTTTCTCCGTA-1_V13B23-285_C1,4
CCCGATAGCCTCGCCT-1_V13B23-285_C1,1
CCCGCAGCGCGAACTA-1_V13B23-285_C1,4
CCCGCAGGGCCCAAAG-1_V13B23-285_C1,2
CCCGCCATGCTCCCGT-1_V13B23-285_C1,2
CCCGCGCAATGCACCC-1_V13B23-285_C1,1
CCCGGTGGAAGAACCT-1_V13B23-285_C1,1
CCCGGTGTATCGGAAT-1_V13B23-285_C1,1
CCCGTAGCTGGGAAGA-1_V13B23-285_C1,1
CCCGTCAGCGTCTGAC-1_V13B23-285_C1,1
CCCGTTTCGCAGATGT-1_V13B23-285_C1,4
CCCTATGTAGAGCAGA-1_V13B23-285_C1,1
CCCTCATTCTGGAATT-1_V13B23-285_C1,2
CCCTCCTCGCTCGTAT-1_V13B23-285_C1,4
CCCTGAAATGAGTTGA-1_V13B23-285_C1,1
CCCTGACTAACAAATT-1_V13B23-285_C1,1
CCCTGATGTAACTCGT-1_V13B23-285_C1,2
CCCTGCCCAATCCGCT-1_V13B23-285_C1,1
CCCTGCGCTACGCATA-1_V13B23-285_C1,1
CCCTGTTGGCAAAGAC-1_V13B23-285_C1,2
CCCTTTAATGGAGTTC-1_V13B23-285_C1,4
CCCTTTGACAGGTCTT-1_V13B23-285_C1,1
CCGAAAGTGGTGAGCA-1_V13B23-285_C1,1
CCGAACACTGGGCCTC-1_V13B23-285_C1,1
CCGAACCTTCCCGGCC-1_V13B23-285_C1,4
CCGAAGGGCGTACCGC-1_V13B23-285_C1,1
CCGAAGTATATTGTTC-1_V13B23-285_C1,1
CCGACAAACACATGAG-1_V13B23-285_C1,2
CCGACAAAGGGAGTGC-1_V13B23-285_C1,1
CCGACAATAGGCCGCC-1_V13B23-285_C1,4
CCGACGGGCATGAGGT-1_V13B23-285_C1,1
CCGACGTAAACACAAC-1_V13B23-285_C1,1
CCGAGAAGTCGCATAA-1_V13B23-285_C1,4
CCGAGCTGTGCTTGTC-1_V13B23-285_C1,1
CCGATATGACGTAAGG-1_V13B23-285_C1,4
CCGATCTCAACCTTAT-1_V13B23-285_C1,4
CCGATTCGAGGGACCC-1_V13B23-285_C1,1
CCGCACAAAGACCAAC-1_V13B23-285_C1,4
CCGCACACGAACGTGT-1_V13B23-285_C1,4
CCGCACGTGACCTCGG-1_V13B23-285_C1,1
CCGCATGTGGTACGAT-1_V13B23-285_C1,4
CCGCCGGTCAACACAC-1_V13B23-285_C1,3
CCGCCGTTGAGGATAA-1_V13B23-285_C1,4
CCGCCTGCGAATTGGT-1_V13B23-285_C1,1
CCGCGGAATGCGTCAC-1_V13B23-285_C1,1
CCGCGGGTACGAAGAA-1_V13B23-285_C1,1
CCGCGTAGGTAAGGGC-1_V13B23-285_C1,1
CCGCTATCAGCACCAG-1_V13B23-285_C1,4
CCGCTCTTCCGAACTA-1_V13B23-285_C1,4
CCGCTTACCTCACTCT-1_V13B23-285_C1,1
CCGCTTGCTGACATGG-1_V13B23-285_C1,1
CCGGAAGTTATCAGTC-1_V13B23-285_C1,4
CCGGAATGGTTTCAGT-1_V13B23-285_C1,1
CCGGAGCGTACTTTCT-1_V13B23-285_C1,1
CCGGAGGTCTTATGGT-1_V13B23-285_C1,1
CCGGCACGACCGTTTC-1_V13B23-285_C1,4
CCGGCGCATATTGGAT-1_V13B23-285_C1,3
CCGGGCGGTCTCGTCA-1_V13B23-285_C1,1
CCGGGCTGCTCCATAC-1_V13B23-285_C1,4
CCGGGTTCGAGGTTAC-1_V13B23-285_C1,1
CCGGTAATGGCTAGTC-1_V13B23-285_C1,4
CCGGTTTGTAATTGTG-1_V13B23-285_C1,1
CCGTAAGTTGGTCCCA-1_V13B23-285_C1,1
CCGTACCCAAGCGCCA-1_V13B23-285_C1,2
CCGTAGGAAATCCCTG-1_V13B23-285_C1,4
CCGTAGGGTTGTTTAC-1_V13B23-285_C1,4
CCGTATCTCGTCGTAG-1_V13B23-285_C1,1
CCGTATTAGCGCAGTT-1_V13B23-285_C1,1
CCGTGAGGCATTCATG-1_V13B23-285_C1,4
CCGTGCCCATGACGGC-1_V13B23-285_C1,2
CCGTGGAACGATCCAA-1_V13B23-285_C1,1
CCGTGTTAAATTCCAT-1_V13B23-285_C1,1
CCGTTACGTTAGAACA-1_V13B23-285_C1,1
CCGTTCCGAATCTCGG-1_V13B23-285_C1,1
CCTAAAGGCTGACGCT-1_V13B23-285_C1,2
CCTAAATTAACGGTTC-1_V13B23-285_C1,4
CCTAAATTGTATCCTA-1_V13B23-285_C1,4
CCTAACCCAAACAAGT-1_V13B23-285_C1,4
CCTAACTAAGGCTCTA-1_V13B23-285_C1,1
CCTACAAGTCCGGAAT-1_V13B23-285_C1,2
CCTACATTCACAGACG-1_V13B23-285_C1,1
CCTACGGCTCAGTCGA-1_V13B23-285_C1,2
CCTACTCAACACGATT-1_V13B23-285_C1,4
CCTACTGCGGCGGCCA-1_V13B23-285_C1,1
CCTACTGCTTACACTT-1_V13B23-285_C1,1
CCTAGGCGTAGCGATC-1_V13B23-285_C1,4
CCTAGGTAAAGGTAGC-1_V13B23-285_C1,1
CCTAGTTAGTCGCATG-1_V13B23-285_C1,2
CCTATAATGAGTGCCC-1_V13B23-285_C1,4
CCTATACCGTCCTGTC-1_V13B23-285_C1,1
CCTATATCGTGTCACG-1_V13B23-285_C1,1
CCTATATTTGTCCTGG-1_V13B23-285_C1,1
CCTATCTATATCGGAA-1_V13B23-285_C1,2
CCTATGAAGTGGTGCC-1_V13B23-285_C1,4
CCTATGGCTCCTAGTG-1_V13B23-285_C1,1
CCTATGGGTTACCGTC-1_V13B23-285_C1,1
CCTATGTCCACTCCAC-1_V13B23-285_C1,4
CCTCACCAATCTTGAC-1_V13B23-285_C1,2
CCTCACCTGAGGGAGC-1_V13B23-285_C1,1
CCTCACCTTAGCATCG-1_V13B23-285_C1,1
CCTCACGTCAGCTAAT-1_V13B23-285_C1,4
CCTCCCGACAATCCCT-1_V13B23-285_C1,2
CCTCCGACAATTCAAG-1_V13B23-285_C1,1
CCTCCTGTTGTGTCGT-1_V13B23-285_C1,4
CCTCGAAGTGGACGGG-1_V13B23-285_C1,2
CCTCGCCAGCAAATTA-1_V13B23-285_C1,2
CCTCGCGCGATATAGG-1_V13B23-285_C1,1
CCTCGCGCTGTGCGAT-1_V13B23-285_C1,1
CCTCGGACCGGGATAG-1_V13B23-285_C1,4
CCTCGGATGCTACCTG-1_V13B23-285_C1,1
CCTCTAATCTGCCAAG-1_V13B23-285_C1,1
CCTCTATCGATTAGCA-1_V13B23-285_C1,1
CCTCTCTCCCATCTAG-1_V13B23-285_C1,1
CCTCTGGCCTAGACGG-1_V13B23-285_C1,2
CCTCTGTACTATTCTA-1_V13B23-285_C1,4
CCTGAACGATATATTC-1_V13B23-285_C1,4
CCTGAATATTTACATA-1_V13B23-285_C1,1
CCTGACCACCGATGGT-1_V13B23-285_C1,4
CCTGCCCGTTGTCTAG-1_V13B23-285_C1,1
CCTGCGTTCTACGCTT-1_V13B23-285_C1,1
CCTGCTATTTGAGAAG-1_V13B23-285_C1,1
CCTGGAAACGTTCTGC-1_V13B23-285_C1,4
CCTGGCTAGACCCGCC-1_V13B23-285_C1,1
CCTGGTCGAATGTGGG-1_V13B23-285_C1,4
CCTGTAAGACATGATA-1_V13B23-285_C1,1
CCTGTACTCACGCCCA-1_V13B23-285_C1,1
CCTGTCACCCGGGCTC-1_V13B23-285_C1,1
CCTGTCCCTCACGTTA-1_V13B23-285_C1,4
CCTGTCGCCCGTAAAT-1_V13B23-285_C1,4
CCTGTTTGAAGACACG-1_V13B23-285_C1,4
CCTTCAGTTAAAGTGA-1_V13B23-285_C1,1
CCTTCTCAGCGTTCCT-1_V13B23-285_C1,1
CCTTCTTGATCCAGTG-1_V13B23-285_C1,2
CCTTGACCACTTTATT-1_V13B23-285_C1,4
CCTTTAAGGGAGCACT-1_V13B23-285_C1,1
CCTTTCAATGAAGAAA-1_V13B23-285_C1,1
CGAAACATAGATGGCA-1_V13B23-285_C1,2
CGAAACGCAATTCATG-1_V13B23-285_C1,1
CGAACAGTATGGGCGT-1_V13B23-285_C1,4
CGAACCCGCATGCGTC-1_V13B23-285_C1,1
CGAACGCCCAGTGCCG-1_V13B23-285_C1,2
CGAACGGCCGGACAAC-1_V13B23-285_C1,1
CGAAGCTATAAATTCA-1_V13B23-285_C1,1
CGAAGTTGCTCTGTGT-1_V13B23-285_C1,1
CGAATCTGCTCGACGC-1_V13B23-285_C1,1
CGAATGACGCATAATG-1_V13B23-285_C1,1
CGACAATTTGATCTAA-1_V13B23-285_C1,4
CGACACGCTCCGACAG-1_V13B23-285_C1,4
CGACAGTTCGCGTTAT-1_V13B23-285_C1,1
CGACATGCGATCTTCT-1_V13B23-285_C1,2
CGACCCTTAACGCCGG-1_V13B23-285_C1,1
CGACTCAGGATGTTAT-1_V13B23-285_C1,1
CGACTTTGTATAGCCT-1_V13B23-285_C1,1
CGAGACCCTAGAGTGT-1_V13B23-285_C1,4
CGAGAGATGTGAACCT-1_V13B23-285_C1,1
CGAGAGGGTAGCCGCG-1_V13B23-285_C1,4
CGAGATTTCGCTCGGG-1_V13B23-285_C1,4
CGAGCACTTCAAGTTT-1_V13B23-285_C1,1
CGAGCGTTGATCAGCC-1_V13B23-285_C1,2
CGAGCTGGGCTTTAGG-1_V13B23-285_C1,3
CGAGGAGCTTCCATAT-1_V13B23-285_C1,1
CGAGGATCGGGAACGA-1_V13B23-285_C1,1
CGAGGCCAGGCATTGG-1_V13B23-285_C1,2
CGAGGCTAAATATGGC-1_V13B23-285_C1,1
CGAGGGACTGCGGTCG-1_V13B23-285_C1,4
CGAGTACTAAAGAGGA-1_V13B23-285_C1,1
CGAGTGAAGGTACCAG-1_V13B23-285_C1,1
CGAGTTCTGTCCCACC-1_V13B23-285_C1,1
CGAGTTTATCGGACTG-1_V13B23-285_C1,4
CGATAATACTCAGGTT-1_V13B23-285_C1,4
CGATACCTCGCGGACA-1_V13B23-285_C1,1
CGATCCGACCCAGTGC-1_V13B23-285_C1,1
CGATCTGTTGGAGGAC-1_V13B23-285_C1,1
CGATGGACCCTACGCC-1_V13B23-285_C1,1
CGATTAAATATCTCCT-1_V13B23-285_C1,4
CGATTCGCCTGGCTGC-1_V13B23-285_C1,4
CGCAAACACGAGTTAC-1_V13B23-285_C1,1
CGCAATTACTTTCGGT-1_V13B23-285_C1,1
CGCAATTAGGGTAATA-1_V13B23-285_C1,1
CGCAATTCTACAATAA-1_V13B23-285_C1,1
CGCACATGTCCACTAC-1_V13B23-285_C1,4
CGCACGTGCGCTATCA-1_V13B23-285_C1,4
CGCAGATCTTCACCCG-1_V13B23-285_C1,1
CGCAGGCGATCCAAAC-1_V13B23-285_C1,4
CGCATCATGGCTTCAG-1_V13B23-285_C1,2
CGCATCCATCAGCCAG-1_V13B23-285_C1,1
CGCATGGTGCGATGCT-1_V13B23-285_C1,4
CGCATTAGCTAATAGG-1_V13B23-285_C1,1
CGCCAAGAAGCCGAGT-1_V13B23-285_C1,1
CGCCAATTATTGCGTT-1_V13B23-285_C1,2
CGCCACAGGTCGCGAT-1_V13B23-285_C1,1
CGCCATCCGATTATGA-1_V13B23-285_C1,1
CGCCCAGCACGCCTAG-1_V13B23-285_C1,1
CGCCCGCTTCCGTACA-1_V13B23-285_C1,2
CGCCCTTGAAGGCTGA-1_V13B23-285_C1,1
CGCCGCCCATGCCTGT-1_V13B23-285_C1,4
CGCCGTCTACCCATCG-1_V13B23-285_C1,4
CGCCGTTCAGCATAGT-1_V13B23-285_C1,4
CGCCTCCCTCCTCTAT-1_V13B23-285_C1,4
CGCCTGGCCTACGTAA-1_V13B23-285_C1,1
CGCCTTTAGCATGCTC-1_V13B23-285_C1,4
CGCGACACTGCGCAGC-1_V13B23-285_C1,1
CGCGACCGCGACAGAT-1_V13B23-285_C1,4
CGCGAGAGGGACTTGT-1_V13B23-285_C1,1
CGCGAGTCTGCCGGGT-1_V13B23-285_C1,1
CGCGCAAATGTCCAGA-1_V13B23-285_C1,1
CGCGCATGTTTGATTG-1_V13B23-285_C1,1
CGCGCCCGACTTAATA-1_V13B23-285_C1,2
CGCGGCAGTATTACGG-1_V13B23-285_C1,2
CGCGGCTCAACTTGAA-1_V13B23-285_C1,4
CGCGGGAATTAGGCAG-1_V13B23-285_C1,1
CGCGGTAAGTCTAGCT-1_V13B23-285_C1,1
CGCGGTACGGTATACA-1_V13B23-285_C1,4
CGCGGTCACAAACCAA-1_V13B23-285_C1,1
CGCGTTCATGAAATAC-1_V13B23-285_C1,1
CGCTACGGGACATTTA-1_V13B23-285_C1,1
CGCTAGAGACCGCTGC-1_V13B23-285_C1,4
CGCTATACCGCCCACT-1_V13B23-285_C1,2
CGCTATTCAATGTATG-1_V13B23-285_C1,1
CGCTATTCTTAGGCTC-1_V13B23-285_C1,4
CGCTCGACATAATGAT-1_V13B23-285_C1,2
CGCTCTCCGTAGATTA-1_V13B23-285_C1,1
CGCTGGTGACTACCCT-1_V13B23-285_C1,4
CGCTGTGACGCCGCAC-1_V13B23-285_C1,1
CGCTGTGTGGATGTTG-1_V13B23-285_C1,1
CGCTTATTCCCGGTCG-1_V13B23-285_C1,1
CGCTTCCACTGAAATC-1_V13B23-285_C1,1
CGCTTTCATACCGGTG-1_V13B23-285_C1,3
CGCTTTCTTGCATTCG-1_V13B23-285_C1,1
CGGAAAGAATCAAACG-1_V13B23-285_C1,1
CGGAAAGCAAATGTGC-1_V13B23-285_C1,1
CGGAACGTAAACATAG-1_V13B23-285_C1,1
CGGAGCAATTTAATCG-1_V13B23-285_C1,1
CGGAGCATGGCGATCC-1_V13B23-285_C1,4
CGGAGCTTATAACACC-1_V13B23-285_C1,2
CGGAGTTTGAGAGACA-1_V13B23-285_C1,1
CGGATAAGCGGACATG-1_V13B23-285_C1,1
CGGATCCTCAAGGACT-1_V13B23-285_C1,4
CGGCAAACATCGTGCG-1_V13B23-285_C1,4
CGGCAATAAGATCGCC-1_V13B23-285_C1,4
CGGCACCGTTAGCGCC-1_V13B23-285_C1,2
CGGCACTCAAGAAAGT-1_V13B23-285_C1,2
CGGCCACGCACAAAGT-1_V13B23-285_C1,4
CGGCCCAACCTGTAGT-1_V13B23-285_C1,1
CGGCCCAGGTATATCC-1_V13B23-285_C1,4
CGGCGCCATCAATCCC-1_V13B23-285_C1,4
CGGCTCTAAAGCTGCA-1_V13B23-285_C1,4
CGGCTCTTCGTCGAAC-1_V13B23-285_C1,2
CGGGAATATAGTATAC-1_V13B23-285_C1,4
CGGGAATTTATGTAAA-1_V13B23-285_C1,4
CGGGAGCTTCAGTGTA-1_V13B23-285_C1,4
CGGGAGTATACCGCCG-1_V13B23-285_C1,1
CGGGATCAATGTAAGA-1_V13B23-285_C1,1
CGGGCAGCTAAACCGC-1_V13B23-285_C1,1
CGGGCCATAGCCGCAC-1_V13B23-285_C1,2
CGGGCCTTCTTTGTAA-1_V13B23-285_C1,1
CGGGTGTACCCATTTA-1_V13B23-285_C1,1
CGGGTTTGTTAGGGCT-1_V13B23-285_C1,4
CGGTACTAGAATCAAA-1_V13B23-285_C1,4
CGGTAGAGGTGCAGGT-1_V13B23-285_C1,1
CGGTATAGGTATTAGC-1_V13B23-285_C1,2
CGGTCAAGTGGGAACC-1_V13B23-285_C1,1
CGGTCAGTCCATATTT-1_V13B23-285_C1,4
CGGTCCATGAGACTCC-1_V13B23-285_C1,1
CGGTCCGTCGCAAGCC-1_V13B23-285_C1,1
CGGTCTATCAACCCGT-1_V13B23-285_C1,2
CGGTGAAGACTAAAGT-1_V13B23-285_C1,1
CGGTGCAGATAGAACG-1_V13B23-285_C1,1
CGGTGCGCGTTGGTCC-1_V13B23-285_C1,1
CGGTGGGCTCCAGCCT-1_V13B23-285_C1,1
CGGTGTACTTGATCCC-1_V13B23-285_C1,2
CGGTTCAAGTAGGTGT-1_V13B23-285_C1,1
CGGTTTATGAAGGAAC-1_V13B23-285_C1,2
CGTAAACGCTTGAGTG-1_V13B23-285_C1,2
CGTAATAATTACGAGT-1_V13B23-285_C1,1
CGTACCTGATAGGCCT-1_V13B23-285_C1,2
CGTAGCGAATTGTCAG-1_V13B23-285_C1,2
CGTATTAAGAGATCTA-1_V13B23-285_C1,1
CGTATTGTTTCCTAAT-1_V13B23-285_C1,1
CGTCAAATGGTCGCAG-1_V13B23-285_C1,2
CGTCAAGGCTATAAAT-1_V13B23-285_C1,1
CGTCAATCTTTAACAT-1_V13B23-285_C1,2
CGTCACGTCCATTGGT-1_V13B23-285_C1,1
CGTCAGCTATTTACTC-1_V13B23-285_C1,2
CGTCAGTGCGCACAAG-1_V13B23-285_C1,2
CGTCATACCATATCCA-1_V13B23-285_C1,1
CGTCGCGGCGGGATTT-1_V13B23-285_C1,2
CGTCGGATAGTGTTGA-1_V13B23-285_C1,1
CGTCGGGTCTAAGCGC-1_V13B23-285_C1,1
CGTCGTCCTTCGCGAA-1_V13B23-285_C1,4
CGTCTGGAAGGGCCCG-1_V13B23-285_C1,2
CGTCTTGAGTGTGACG-1_V13B23-285_C1,4
CGTGAAGTTAATTCAC-1_V13B23-285_C1,1
CGTGACATTGGGTCGT-1_V13B23-285_C1,2
CGTGACCAGTCCTCTG-1_V13B23-285_C1,1
CGTGCAGACTGGGACA-1_V13B23-285_C1,4
CGTGCATTGTCGACGC-1_V13B23-285_C1,1
CGTGCCCTCCCGAAGA-1_V13B23-285_C1,4
CGTGCTTCTACCTAAA-1_V13B23-285_C1,1
CGTGGAAGCCTCGTAC-1_V13B23-285_C1,4
CGTGGCCGAATATCTA-1_V13B23-285_C1,4
CGTGTCCCATTCGCGA-1_V13B23-285_C1,1
CGTGTCTCGTTACGAC-1_V13B23-285_C1,1
CGTGTGTTAAACCCTG-1_V13B23-285_C1,1
CGTTAAACTAGTTAGG-1_V13B23-285_C1,4
CGTTAATGTCCCGACG-1_V13B23-285_C1,4
CGTTAGCTCACAACTG-1_V13B23-285_C1,1
CGTTCATGGTGCGCGT-1_V13B23-285_C1,1
CGTTCTTCGCACACCT-1_V13B23-285_C1,1
CGTTGAATACCGCGCT-1_V13B23-285_C1,4
CGTTGAGCGACCGTCG-1_V13B23-285_C1,4
CGTTGAGTAATTGCGT-1_V13B23-285_C1,2
CGTTGTAAACGTCAGG-1_V13B23-285_C1,1
CGTTGTAAGATTGATT-1_V13B23-285_C1,1
CGTTGTTTCAATTCCC-1_V13B23-285_C1,1
CGTTTAAGCGGAGCAC-1_V13B23-285_C1,3
CGTTTACAAGGCAGCT-1_V13B23-285_C1,1
CGTTTCACTTCGGGCG-1_V13B23-285_C1,1
CGTTTCGCTCATTACA-1_V13B23-285_C1,1
CGTTTGGTGTTGTGGG-1_V13B23-285_C1,4
CGTTTGTGTAGAGGGT-1_V13B23-285_C1,1
CTAAAGAATGCCTACT-1_V13B23-285_C1,1
CTAAAGGGAAATAGGA-1_V13B23-285_C1,4
CTAAATCCGGTGTACA-1_V13B23-285_C1,1
CTAAATCCTATTCCGG-1_V13B23-285_C1,1
CTAACCGCGCGCCCGT-1_V13B23-285_C1,1
CTAACGAAACTTGCTG-1_V13B23-285_C1,1
CTAACTGATAATCGCC-1_V13B23-285_C1,4
CTAACTGGTCCGGTTC-1_V13B23-285_C1,1
CTAAGGGAATGATTGG-1_V13B23-285_C1,4
CTAATTCGCACGCGCT-1_V13B23-285_C1,1
CTAATTCTCAGATATT-1_V13B23-285_C1,1
CTAATTTCAACAACAC-1_V13B23-285_C1,1
CTACAAGAAATAACCC-1_V13B23-285_C1,1
CTACACTCGCAGATGG-1_V13B23-285_C1,4
CTACCCTAAGGTCATA-1_V13B23-285_C1,1
CTACGACTAGCTATAA-1_V13B23-285_C1,1
CTACGCACGGAGTACC-1_V13B23-285_C1,4
CTACTATCATAGGTTT-1_V13B23-285_C1,1
CTACTATCTTTCAGAG-1_V13B23-285_C1,1
CTACTCAAGGTATAGT-1_V13B23-285_C1,1
CTACTCTAGGCCCGGC-1_V13B23-285_C1,1
CTACTGCCACCTGACC-1_V13B23-285_C1,1
CTAGACTGCATTTCGT-1_V13B23-285_C1,2
CTAGATGTGAGTGTAA-1_V13B23-285_C1,1
CTAGATTTACGACGGC-1_V13B23-285_C1,4
CTAGCATAGTATAATG-1_V13B23-285_C1,2
CTAGCCACAGGCGAGC-1_V13B23-285_C1,4
CTAGCCGATGTTATGA-1_V13B23-285_C1,1
CTAGCTTAATGGTCCC-1_V13B23-285_C1,4
CTAGGCGCCCTATCAG-1_V13B23-285_C1,4
CTAGGTCTGAAGGAAT-1_V13B23-285_C1,4
CTAGGTTCGGACGTGA-1_V13B23-285_C1,4
CTAGTAGAAAGGGATT-1_V13B23-285_C1,4
CTAGTCACGTCTTAAG-1_V13B23-285_C1,4
CTAGTGAAGGACAGGA-1_V13B23-285_C1,1
CTAGTTACAACCCGGT-1_V13B23-285_C1,4
CTAGTTGGGCCCGGTA-1_V13B23-285_C1,1
CTATAAGAGCCAATCG-1_V13B23-285_C1,1
CTATAGGCGTTGATGT-1_V13B23-285_C1,1
CTATCGACGAAATACA-1_V13B23-285_C1,4
CTATCGCGTAGAGAAC-1_V13B23-285_C1,4
CTATCGGGTCTCAACA-1_V13B23-285_C1,2
CTATGCCCGAATGCAA-1_V13B23-285_C1,1
CTATGGGAAGCGGAAT-1_V13B23-285_C1,4
CTATGTCACTAGCCCA-1_V13B23-285_C1,1
CTATGTCTATTGAAAC-1_V13B23-285_C1,2
CTATGTGAGTCACGGC-1_V13B23-285_C1,1
CTATTCATGTGTCCCA-1_V13B23-285_C1,4
CTATTGTGTTTGGTCA-1_V13B23-285_C1,1
CTATTTGGTTACGGAT-1_V13B23-285_C1,4
CTCAACTAACCCGGAT-1_V13B23-285_C1,4
CTCAAGACATTAGCGC-1_V13B23-285_C1,1
CTCACACGCAAGCCTA-1_V13B23-285_C1,2
CTCACATTTACTAAAT-1_V13B23-285_C1,4
CTCACTGTGATACTTA-1_V13B23-285_C1,4
CTCACTTGGCTGGTAA-1_V13B23-285_C1,1
CTCAGGACTCACCTGT-1_V13B23-285_C1,1
CTCAGTCACGACAAAT-1_V13B23-285_C1,1
CTCATCACTTAGTGAT-1_V13B23-285_C1,1
CTCATGGCTCACAATC-1_V13B23-285_C1,3
CTCATGGTAATTTGCG-1_V13B23-285_C1,1
CTCATTAACGTTGCCC-1_V13B23-285_C1,1
CTCATTGCTCTAACAA-1_V13B23-285_C1,4
CTCATTTGATGGGCGG-1_V13B23-285_C1,2
CTCCCAATGAGTCGCG-1_V13B23-285_C1,4
CTCCCTCCTTTCGATC-1_V13B23-285_C1,1
CTCCGCCCACATGAGG-1_V13B23-285_C1,1
CTCCGGCCTAATATGC-1_V13B23-285_C1,2
CTCCGGCTTGTAGACA-1_V13B23-285_C1,2
CTCCTAAGTTATGTCT-1_V13B23-285_C1,2
CTCCTCCAGCTCACAC-1_V13B23-285_C1,1
CTCCTGTTCAAGGCAG-1_V13B23-285_C1,4
CTCCTTTACGCAAGTC-1_V13B23-285_C1,1
CTCGAGATCCAAAGCA-1_V13B23-285_C1,2
CTCGAGGTCGAACAGT-1_V13B23-285_C1,1
CTCGATATTTGCGAGC-1_V13B23-285_C1,1
CTCGCACCTATATAGT-1_V13B23-285_C1,1
CTCGCCGAATGTAGGG-1_V13B23-285_C1,4
CTCGGGATAACACCTA-1_V13B23-285_C1,1
CTCGGGTTCTCTGGCC-1_V13B23-285_C1,1
CTCGGTACCACTGCTC-1_V13B23-285_C1,4
CTCGGTCCGTAGCCTG-1_V13B23-285_C1,2
CTCGGTTGTCGGCCCT-1_V13B23-285_C1,1
CTCGTCGAGGGCTCAT-1_V13B23-285_C1,1
CTCGTTTCTAATGTTT-1_V13B23-285_C1,1
CTCTAATGCATTGATC-1_V13B23-285_C1,1
CTCTACACTGGCGATT-1_V13B23-285_C1,1
CTCTATTTGGCTGCAG-1_V13B23-285_C1,4
CTCTCACAATCGATGA-1_V13B23-285_C1,1
CTCTCGCTGTACTATG-1_V13B23-285_C1,1
CTCTCTAACTGCCTAG-1_V13B23-285_C1,1
CTCTGCGAAGCAAGCA-1_V13B23-285_C1,2
CTCTGGACGCCTGGTG-1_V13B23-285_C1,1
CTCTGTTTGAGGATTC-1_V13B23-285_C1,2
CTCTTCTATTGACTGG-1_V13B23-285_C1,4
CTCTTCTGGAAGTTAG-1_V13B23-285_C1,1
CTCTTGTCCCGCTTGG-1_V13B23-285_C1,1
CTGAAAGAGATCCGAC-1_V13B23-285_C1,3
CTGAATCCGAGACCTC-1_V13B23-285_C1,1
CTGAATTTATTGCCAG-1_V13B23-285_C1,1
CTGACATAGAAATAGA-1_V13B23-285_C1,4
CTGACTGCGCAGCTCG-1_V13B23-285_C1,1
CTGAGAAAGTTCGGCG-1_V13B23-285_C1,4
CTGAGCAAGTAACAAG-1_V13B23-285_C1,2
CTGAGCGAGACTTATT-1_V13B23-285_C1,1
CTGATAGTGTATCTCA-1_V13B23-285_C1,1
CTGCAAGCACGTTCCG-1_V13B23-285_C1,4
CTGCACAACTACATAT-1_V13B23-285_C1,4
CTGCACCTAGTCCACA-1_V13B23-285_C1,1
CTGCACCTGGAACCGC-1_V13B23-285_C1,2
CTGCACTCCAGTACAG-1_V13B23-285_C1,4
CTGCAGAGAATCAGAG-1_V13B23-285_C1,4
CTGCCAAGGTTGGAAG-1_V13B23-285_C1,2
CTGCCATGCATCACAT-1_V13B23-285_C1,1
CTGCCCACGAAGCGTT-1_V13B23-285_C1,1
CTGCCTAGCCACCAAG-1_V13B23-285_C1,2
CTGCCTCATATGCAAC-1_V13B23-285_C1,1
CTGCCTTTCTAGTAAA-1_V13B23-285_C1,4
CTGCGGGTGAAATGTT-1_V13B23-285_C1,1
CTGCGGTAGTCACGTG-1_V13B23-285_C1,2
CTGCGTTACGATATAA-1_V13B23-285_C1,1
CTGCTGAGGCCACGAA-1_V13B23-285_C1,1
CTGCTGTCTAACGAGC-1_V13B23-285_C1,4
CTGCTTGGCGATAGCT-1_V13B23-285_C1,4
CTGCTTTATGTCCGCG-1_V13B23-285_C1,1
CTGGAAATGGATGCTT-1_V13B23-285_C1,1
CTGGAAGACACGGTGG-1_V13B23-285_C1,4
CTGGACGCAGTCCGGC-1_V13B23-285_C1,1
CTGGATTTACACTTGA-1_V13B23-285_C1,1
CTGGCATCCGAATGAG-1_V13B23-285_C1,1
CTGGCGACATAAGTCC-1_V13B23-285_C1,2
CTGGCGCACAGGTCTG-1_V13B23-285_C1,4
CTGGCGGGAATAAGTA-1_V13B23-285_C1,1
CTGGCTGATTCATCCT-1_V13B23-285_C1,4
CTGGCTGGTTGTCAGT-1_V13B23-285_C1,1
CTGGGATAAATAATGG-1_V13B23-285_C1,4
CTGGGATACGCTACCC-1_V13B23-285_C1,4
CTGGGCCTGCTATATC-1_V13B23-285_C1,1
CTGGGTAGGCAGTTAA-1_V13B23-285_C1,4
CTGGTAAAGTGTGGGC-1_V13B23-285_C1,4
CTGGTAACACATAGAA-1_V13B23-285_C1,4
CTGGTAACGAGCTCTT-1_V13B23-285_C1,1
CTGGTCATTCCAATCC-1_V13B23-285_C1,1
CTGGTTCGCGAGCTAC-1_V13B23-285_C1,4
CTGGTTTCGAGCAAGA-1_V13B23-285_C1,4
CTGTACTTCTTAGCAT-1_V13B23-285_C1,1
CTGTAGCCATCTCACT-1_V13B23-285_C1,1
CTGTATGGTGTAGAAA-1_V13B23-285_C1,1
CTGTCAAATGGCTCGG-1_V13B23-285_C1,1
CTGTCACGCCAGGCGC-1_V13B23-285_C1,2
CTGTGCAGGGTAGGTC-1_V13B23-285_C1,4
CTGTGGTCGGGAGATA-1_V13B23-285_C1,4
CTGTTACCCAATCTAG-1_V13B23-285_C1,4
CTGTTCACTGCCTGTG-1_V13B23-285_C1,1
CTGTTCATCTCACGGG-1_V13B23-285_C1,1
CTTAAATAAGACCCAT-1_V13B23-285_C1,1
CTTAACTTCGAAGTAC-1_V13B23-285_C1,2
CTTACACGGTATTCCA-1_V13B23-285_C1,1
CTTACACTGGGAAATA-1_V13B23-285_C1,2
CTTAGCCCGGATAGTG-1_V13B23-285_C1,1
CTTAGCCTTCCACATG-1_V13B23-285_C1,1
CTTAGTAGGCCTACAG-1_V13B23-285_C1,1
CTTAGTGTAGTAGCAT-1_V13B23-285_C1,4
CTTATAGATGGCTGTT-1_V13B23-285_C1,4
CTTATGCGCTCAGGGC-1_V13B23-285_C1,1
CTTATGTTGACTACCA-1_V13B23-285_C1,2
CTTCAACTCCACTTGG-1_V13B23-285_C1,4
CTTCAGTGGTCGCCTA-1_V13B23-285_C1,1
CTTCATAGCTCAAGAA-1_V13B23-285_C1,2
CTTCATTGTCAGTGGA-1_V13B23-285_C1,4
CTTCCGCTCCGTGAAG-1_V13B23-285_C1,1
CTTCGGCCAATTGTTT-1_V13B23-285_C1,4
CTTCGTAGATAGGTGA-1_V13B23-285_C1,1
CTTCTATGTTGAAGTA-1_V13B23-285_C1,1
CTTCTATTAATGCTAG-1_V13B23-285_C1,1
CTTCTTACGTCGTATA-1_V13B23-285_C1,3
CTTGACCCGAAAGATA-1_V13B23-285_C1,2
CTTGAGGTTATCCCGA-1_V13B23-285_C1,2
CTTGAGTTAGGGTAAT-1_V13B23-285_C1,4
CTTGCAACCGCCTCCT-1_V13B23-285_C1,1
CTTGCCCAGGCTCTAC-1_V13B23-285_C1,1
CTTGGCCAAGCTGGGA-1_V13B23-285_C1,1
CTTGTACTTGTTGACT-1_V13B23-285_C1,2
CTTGTCAACATTCGAG-1_V13B23-285_C1,4
CTTGTGCTCACCGATT-1_V13B23-285_C1,1
CTTGTTGCTGAGTCAA-1_V13B23-285_C1,4
CTTGTTTATGTAGCCA-1_V13B23-285_C1,1
CTTTAACTTTCAAAGG-1_V13B23-285_C1,2
CTTTAATATTGGTCGA-1_V13B23-285_C1,4
CTTTACCGAATAGTAG-1_V13B23-285_C1,4
CTTTAGGAACACTGTT-1_V13B23-285_C1,4
CTTTAGTGCTATTATT-1_V13B23-285_C1,4
CTTTCTGTGCGGGCTT-1_V13B23-285_C1,4
CTTTGCATCGCTCTTG-1_V13B23-285_C1,4
CTTTGCTGTCATGGAT-1_V13B23-285_C1,4
CTTTGGCGCTTTATAC-1_V13B23-285_C1,1
CTTTGGCTTTAGTAAA-1_V13B23-285_C1,1
CTTTGGGATTGTTGCA-1_V13B23-285_C1,1
GAAACAGATGACCACC-1_V13B23-285_C1,4
GAAACAGCCATGCAGT-1_V13B23-285_C1,3
GAAACATAGGAAACAG-1_V13B23-285_C1,1
GAAACCATGGTGCGCT-1_V13B23-285_C1,1
GAAACCGAATTACCTT-1_V13B23-285_C1,1
GAAACCTATACAAATG-1_V13B23-285_C1,1
GAAACTCGTGCGATGC-1_V13B23-285_C1,1
GAAACTCTAATGAAGG-1_V13B23-285_C1,2
GAAAGAACAGCGTTAT-1_V13B23-285_C1,4
GAAAGCAGTGCACTTT-1_V13B23-285_C1,3
GAAAGCCCTTTGGACC-1_V13B23-285_C1,1
GAAAGTGACTAACTGC-1_V13B23-285_C1,1
GAAATACTAAACGTTT-1_V13B23-285_C1,2
GAAATATCACCATCAG-1_V13B23-285_C1,1
GAAATATGCTTGAATG-1_V13B23-285_C1,1
GAAATCGCGCGCAACT-1_V13B23-285_C1,3
GAAATGGCGGTGTTAG-1_V13B23-285_C1,1
GAAATGGGATGTAAAC-1_V13B23-285_C1,2
GAAATTAGCACGGATA-1_V13B23-285_C1,1
GAAATTCACATCGCTG-1_V13B23-285_C1,2
GAAATTGTCTCTATAA-1_V13B23-285_C1,1
GAACACACATCAACCA-1_V13B23-285_C1,1
GAACAGATTACTAAAT-1_V13B23-285_C1,4
GAACATTAGTATGTTA-1_V13B23-285_C1,2
GAACCCTCTGTGTTCT-1_V13B23-285_C1,4
GAACCTCGACCTACAC-1_V13B23-285_C1,1
GAACCTTTAACGATCC-1_V13B23-285_C1,4
GAACGACCGAATGATA-1_V13B23-285_C1,2
GAACGATAAGTTAAAG-1_V13B23-285_C1,1
GAACGCGGGTCACACG-1_V13B23-285_C1,4
GAACGTCTCATGGTCG-1_V13B23-285_C1,1
GAACGTTAGGAAGACG-1_V13B23-285_C1,1
GAACTTGTGCACGGGA-1_V13B23-285_C1,2
GAAGAAACGATATTGT-1_V13B23-285_C1,1
GAAGAACGGTGCAGGT-1_V13B23-285_C1,2
GAAGCCTGCACATTCC-1_V13B23-285_C1,1
GAAGCGTGAGGAATTT-1_V13B23-285_C1,4
GAAGCTCTTTGCTTAG-1_V13B23-285_C1,1
GAAGCTTGCTGACCGC-1_V13B23-285_C1,1
GAAGGCTACCATTGTT-1_V13B23-285_C1,1
GAAGTCAGTTGCACTA-1_V13B23-285_C1,1
GAAGTCTCCCTAGCGA-1_V13B23-285_C1,4
GAAGTGATTTATCGTG-1_V13B23-285_C1,1
GAAGTGCTGGATAGCT-1_V13B23-285_C1,3
GAAGTTTCCACTCAAT-1_V13B23-285_C1,1
GAATAGACGCGACCCA-1_V13B23-285_C1,4
GAATAGCATTTAGGGT-1_V13B23-285_C1,4
GAATAGCCCTGCGGTC-1_V13B23-285_C1,1
GAATAGTGCTCGATTA-1_V13B23-285_C1,1
GAATATTCGGAGTCCC-1_V13B23-285_C1,2
GAATCGACATGGTCAC-1_V13B23-285_C1,1
GAATCTGAACATTCTC-1_V13B23-285_C1,4
GAATGAAGGTCTTCAG-1_V13B23-285_C1,2
GAATGCCGAAATGACC-1_V13B23-285_C1,1
GAATGCGAATCGGTTC-1_V13B23-285_C1,4
GAATGTATGGCAGGTC-1_V13B23-285_C1,2
GAATGTGGTCCGGATT-1_V13B23-285_C1,4
GAATGTTGGGTAATCT-1_V13B23-285_C1,1
GAATTATAGTGAAAGG-1_V13B23-285_C1,2
GAATTCACCCGGGTGT-1_V13B23-285_C1,1
GAATTTCTCGCTGCAG-1_V13B23-285_C1,1
GACAAACATATGCAGG-1_V13B23-285_C1,4
GACAACGACCATTGAA-1_V13B23-285_C1,1
GACAACGCAGCTTACG-1_V13B23-285_C1,2
GACAAGAGATGAGATT-1_V13B23-285_C1,4
GACACAAGGGAAGAAA-1_V13B23-285_C1,1
GACACGAGTTAGAGGA-1_V13B23-285_C1,1
GACACTGAGTTCAGTG-1_V13B23-285_C1,1
GACACTGGAACCCGAT-1_V13B23-285_C1,4
GACAGATTTCTGGCTC-1_V13B23-285_C1,1
GACAGCCAGACCTGAC-1_V13B23-285_C1,4
GACAGGCACACACTAT-1_V13B23-285_C1,1
GACATACTGTCGCAGA-1_V13B23-285_C1,1
GACATCGATTTATAAC-1_V13B23-285_C1,1
GACCAAACGTTGACTG-1_V13B23-285_C1,4
GACCAGAGCCCTGTAG-1_V13B23-285_C1,1
GACCCAATTATGATAC-1_V13B23-285_C1,1
GACCCGTCGCCGGCTA-1_V13B23-285_C1,2
GACCGACGTGAAAGCA-1_V13B23-285_C1,4
GACCGACTGAAGCGTC-1_V13B23-285_C1,1
GACCGCGTCTGACGTG-1_V13B23-285_C1,4
GACCGTCAGGTCGTGA-1_V13B23-285_C1,2
GACCGTGCTGACGGTG-1_V13B23-285_C1,1
GACGACGATCCGCGTT-1_V13B23-285_C1,4
GACGAGGCTAATAAAC-1_V13B23-285_C1,4
GACGCCGTAAAGGCTA-1_V13B23-285_C1,1
GACGCTTGCTTCTAAA-1_V13B23-285_C1,1
GACGGGTTGGCCCGTA-1_V13B23-285_C1,1
GACGGTCAATAGAAGC-1_V13B23-285_C1,1
GACGGTCCTAGGGTGT-1_V13B23-285_C1,4
GACGTGTAGGGATTAT-1_V13B23-285_C1,1
GACGTTCGTAAATACA-1_V13B23-285_C1,1
GACTAACACAGCACCT-1_V13B23-285_C1,2
GACTAAGATCATGCAC-1_V13B23-285_C1,1
GACTAAGTAGGCTCAC-1_V13B23-285_C1,1
GACTACAAAGCGGTGG-1_V13B23-285_C1,1
GACTCACCCACGTGAG-1_V13B23-285_C1,4
GACTCCCAGAATAAGG-1_V13B23-285_C1,1
GACTCCTTCCAATTGA-1_V13B23-285_C1,1
GACTCGCGGGAATGAC-1_V13B23-285_C1,1
GACTGCAAATCGAGCT-1_V13B23-285_C1,4
GACTGCACCAGCCCAG-1_V13B23-285_C1,4
GACTGCGGCACGTGTA-1_V13B23-285_C1,1
GAGACCCTGCAACGCC-1_V13B23-285_C1,2
GAGACTGATGGGTAGA-1_V13B23-285_C1,1
GAGACTTCGCGACCGA-1_V13B23-285_C1,1
GAGAGCGCAGTCCCTG-1_V13B23-285_C1,1
GAGAGGGCGCGAGGTT-1_V13B23-285_C1,1
GAGAGGTGCATTCTGG-1_V13B23-285_C1,1
GAGATCTGCTTGGCAT-1_V13B23-285_C1,1
GAGATCTGTCACTCCG-1_V13B23-285_C1,1
GAGATCTTCCATGACA-1_V13B23-285_C1,4
GAGATGACAATCCTTA-1_V13B23-285_C1,1
GAGATGGGAGTCGACA-1_V13B23-285_C1,4
GAGCACCTGTGTCCAG-1_V13B23-285_C1,4
GAGCACGGCGCCTCTT-1_V13B23-285_C1,4
GAGCATCATCCCTGGG-1_V13B23-285_C1,2
GAGCCAGCTACCTGTG-1_V13B23-285_C1,4
GAGCCGAGCGTTTATT-1_V13B23-285_C1,2
GAGCGAGGGAGTACCG-1_V13B23-285_C1,3
GAGCGCAAATACTCCG-1_V13B23-285_C1,4
GAGCGCGCACGAGTAG-1_V13B23-285_C1,4
GAGCGCTGTTAGGTAA-1_V13B23-285_C1,1
GAGCTAAGGGCATATC-1_V13B23-285_C1,1
GAGCTCTCGGACCTAA-1_V13B23-285_C1,2
GAGCTGTCGTCTCGGA-1_V13B23-285_C1,1
GAGGAATGGAGAGGTT-1_V13B23-285_C1,1
GAGGAGATCCTCATGC-1_V13B23-285_C1,2
GAGGATAAACAGTGCT-1_V13B23-285_C1,4
GAGGCATTTGCAGCAG-1_V13B23-285_C1,2
GAGGCCCGACTCCGCA-1_V13B23-285_C1,1
GAGGCCTGTTGATACA-1_V13B23-285_C1,4
GAGGCTATCAAAGTCG-1_V13B23-285_C1,1
GAGGGCCATAATATTA-1_V13B23-285_C1,1
GAGGGCGCAGCTCTGC-1_V13B23-285_C1,1
GAGGTACATCCATCTT-1_V13B23-285_C1,3
GAGGTCCCAAAGATCT-1_V13B23-285_C1,1
GAGTAAACCGGAAAGT-1_V13B23-285_C1,4
GAGTAAGGCCACGGGA-1_V13B23-285_C1,1
GAGTACGGGTATACAA-1_V13B23-285_C1,2
GAGTAGATACTAGTTG-1_V13B23-285_C1,1
GAGTATCAAAGTTACA-1_V13B23-285_C1,4
GAGTATGCCCGCCTTG-1_V13B23-285_C1,1
GAGTATGCGCGTGCAT-1_V13B23-285_C1,4
GAGTCAGACCAGAATC-1_V13B23-285_C1,1
GAGTCCGCTTACCGGA-1_V13B23-285_C1,1
GAGTCGACAGACCCTC-1_V13B23-285_C1,1
GAGTGTCAACCAGAAA-1_V13B23-285_C1,4
GAGTGTGCGGTACCCA-1_V13B23-285_C1,4
GAGTTGATGGCAATTT-1_V13B23-285_C1,1
GATAAATCGGTGGATG-1_V13B23-285_C1,2
GATAACTCGCACTGTG-1_V13B23-285_C1,4
GATACCGTGTCGGAGT-1_V13B23-285_C1,4
GATACGATGGGAGTCA-1_V13B23-285_C1,1
GATAGGATTAATTACA-1_V13B23-285_C1,4
GATAGGTAACGTTGAC-1_V13B23-285_C1,4
GATAGGTGTCCCGGGC-1_V13B23-285_C1,4
GATATCTCATGCAATA-1_V13B23-285_C1,3
GATATGAGACACTAAC-1_V13B23-285_C1,4
GATATGCGGTAGCCAA-1_V13B23-285_C1,1
GATATGGATTACGCGG-1_V13B23-285_C1,1
GATATTGAGATTGGCG-1_V13B23-285_C1,1
GATATTTCCTACATGG-1_V13B23-285_C1,1
GATCAACATAAAGGGA-1_V13B23-285_C1,1
GATCATTCCAAACATT-1_V13B23-285_C1,1
GATCCCTTTATACTGC-1_V13B23-285_C1,1
GATCCGAATATAAGTG-1_V13B23-285_C1,1
GATCCGGGAATTAACA-1_V13B23-285_C1,4
GATCCTAAATCGGGAC-1_V13B23-285_C1,1
GATCCTCGACACTGGC-1_V13B23-285_C1,1
GATCGACACTATCTGA-1_V13B23-285_C1,1
GATCGCGGGCTCTCCA-1_V13B23-285_C1,1
GATCGCTACCCGATTT-1_V13B23-285_C1,4
GATCGCTATATCTCAG-1_V13B23-285_C1,1
GATCGGATAGAACCAT-1_V13B23-285_C1,1
GATCGGCGATAAGTCG-1_V13B23-285_C1,1
GATCGGTGGCCATAAC-1_V13B23-285_C1,1
GATCGTGACTGATATC-1_V13B23-285_C1,4
GATCTCGACGCTGTGG-1_V13B23-285_C1,4
GATCTGCTATCTAAGG-1_V13B23-285_C1,1
GATCTTCATTGTCCTC-1_V13B23-285_C1,1
GATCTTGGAGGGCATA-1_V13B23-285_C1,4
GATCTTTGCAGGGTAT-1_V13B23-285_C1,1
GATGACAAGTAGGGCA-1_V13B23-285_C1,1
GATGACGATGATCGCG-1_V13B23-285_C1,1
GATGCCAGCAGAAGGC-1_V13B23-285_C1,1
GATGCCTTCTGCGGCA-1_V13B23-285_C1,1
GATGCGAATGGTATTA-1_V13B23-285_C1,1
GATGCGTCCTGCATTC-1_V13B23-285_C1,4
GATGCTACAAGCGCCT-1_V13B23-285_C1,2
GATGCTGTATTTCATC-1_V13B23-285_C1,4
GATGGCGCACACATTA-1_V13B23-285_C1,1
GATGGTGCCCTAGGCA-1_V13B23-285_C1,2
GATGTAACGAACCACC-1_V13B23-285_C1,1
GATGTCGGTCAACTGC-1_V13B23-285_C1,2
GATGTTCAATCCACGA-1_V13B23-285_C1,1
GATGTTTGTGCGAGAT-1_V13B23-285_C1,1
GATTAACCGAAAGCCC-1_V13B23-285_C1,4
GATTACTGAATTTGGG-1_V13B23-285_C1,1
GATTCCCTTGTCGCAG-1_V13B23-285_C1,1
GATTCCGCGTTTCCGT-1_V13B23-285_C1,2
GATTCCTATACGGCGC-1_V13B23-285_C1,1
GATTCGACGGTTCACG-1_V13B23-285_C1,4
GCAAACCCTACATTAT-1_V13B23-285_C1,4
GCAAACCTTGGCCATA-1_V13B23-285_C1,4
GCAAACGTCGCCAGGT-1_V13B23-285_C1,4
GCAAATATTACGCTTT-1_V13B23-285_C1,1
GCAACACACTAGAACT-1_V13B23-285_C1,1
GCAACAGCAGTATGCG-1_V13B23-285_C1,4
GCAACCACCAGACCGG-1_V13B23-285_C1,1
GCAACCACGGCCGCGT-1_V13B23-285_C1,1
GCAACGGCTAGTTATG-1_V13B23-285_C1,4
GCAAGAATTCCTTGGC-1_V13B23-285_C1,1
GCAAGATGTGTTCGCG-1_V13B23-285_C1,2
GCAAGTGCACAGAGAA-1_V13B23-285_C1,1
GCAATTAGTCGCACCG-1_V13B23-285_C1,1
GCACAAACGAGGCGTG-1_V13B23-285_C1,4
GCACAACCTCGGGCGT-1_V13B23-285_C1,1
GCACAAGTGGATCATA-1_V13B23-285_C1,1
GCACAAGTGTCGGAAG-1_V13B23-285_C1,2
GCACACACTGGTAGCC-1_V13B23-285_C1,4
GCACACGCCCATGGTC-1_V13B23-285_C1,1
GCACGCCTACTTAGAT-1_V13B23-285_C1,1
GCACTAGTCGCGCTAT-1_V13B23-285_C1,2
GCAGAAGGTAATCTCC-1_V13B23-285_C1,4
GCAGACCCAGCACGTA-1_V13B23-285_C1,4
GCAGATCCATAAGACT-1_V13B23-285_C1,4
GCAGATCCTCGCAAAT-1_V13B23-285_C1,1
GCAGATTAGGGATATC-1_V13B23-285_C1,4
GCAGCACACAGCCCAG-1_V13B23-285_C1,1
GCAGCCTATATCACAT-1_V13B23-285_C1,4
GCAGCTATGGACAGGT-1_V13B23-285_C1,2
GCAGGAACTTAGATCT-1_V13B23-285_C1,1
GCAGGACTATAGAATA-1_V13B23-285_C1,1
GCAGGTAGAGTATGGT-1_V13B23-285_C1,1
GCAGTGCGGGCGGATG-1_V13B23-285_C1,4
GCAGTGTGGCTATAGG-1_V13B23-285_C1,4
GCAGTTCGATCCGAGC-1_V13B23-285_C1,4
GCATACGAGGTCTTTA-1_V13B23-285_C1,1
GCATAGAGCACTCAGG-1_V13B23-285_C1,4
GCATCCCTAACTTTGA-1_V13B23-285_C1,2
GCATCGGCCGTGTAGG-1_V13B23-285_C1,4
GCATGAGGGACGCGGC-1_V13B23-285_C1,1
GCATTCAAGGCAACGC-1_V13B23-285_C1,1
GCATTCGAAATGAACA-1_V13B23-285_C1,1
GCATTGTAATTCATAT-1_V13B23-285_C1,1
GCATTTCCAAGGCTCC-1_V13B23-285_C1,1
GCCAACCATTTCCGGA-1_V13B23-285_C1,1
GCCAAGAATACTTCTG-1_V13B23-285_C1,1
GCCAATAGGGCATCTC-1_V13B23-285_C1,1
GCCACAATTTAAGGAC-1_V13B23-285_C1,1
GCCACCCATTCCACTT-1_V13B23-285_C1,2
GCCACTCAGAGCGCGA-1_V13B23-285_C1,4
GCCACTCCTTACGGTA-1_V13B23-285_C1,4
GCCAGGAGTAACCGAT-1_V13B23-285_C1,1
GCCAGGCGTTCGCATG-1_V13B23-285_C1,2
GCCAGGCTTAGTGGTA-1_V13B23-285_C1,1
GCCATATTGCACACAG-1_V13B23-285_C1,1
GCCATCGAGCTGCGTG-1_V13B23-285_C1,1
GCCATCGATGCTGCAT-1_V13B23-285_C1,1
GCCATTAGCCTCAAAC-1_V13B23-285_C1,1
GCCCAGATGCTGGAGA-1_V13B23-285_C1,4
GCCCAGTTGGTATGCC-1_V13B23-285_C1,1
GCCCGACTTCTTCCCG-1_V13B23-285_C1,1
GCCCGATCTGTGGTCG-1_V13B23-285_C1,4
GCCCGCGCGTAAACGG-1_V13B23-285_C1,1
GCCCGCGCGTTTGACA-1_V13B23-285_C1,2
GCCCGTAATACCTTCT-1_V13B23-285_C1,1
GCCCTAGCCGTCGCGA-1_V13B23-285_C1,1
GCCGAAATTCCTACGT-1_V13B23-285_C1,1
GCCGACCCACGACTGC-1_V13B23-285_C1,1
GCCGATTGGCCAAGCT-1_V13B23-285_C1,1
GCCGCACTCCGTTTCA-1_V13B23-285_C1,4
GCCGCATTAGTCCGGC-1_V13B23-285_C1,1
GCCGCTTGTGAGAAAC-1_V13B23-285_C1,1
GCCGGGTTAGGGTCGC-1_V13B23-285_C1,1
GCCGTGGAAGAAATGT-1_V13B23-285_C1,4
GCCTAGCGATCTGACC-1_V13B23-285_C1,2
GCCTATAGTGTCAGGG-1_V13B23-285_C1,1
GCCTATCAGGTAAGAT-1_V13B23-285_C1,4
GCCTATGCTGGGCCTT-1_V13B23-285_C1,1
GCCTATTCCGATATAG-1_V13B23-285_C1,1
GCCTCATCTGGAAATA-1_V13B23-285_C1,4
GCCTCCGACAATTCAC-1_V13B23-285_C1,4
GCCTCTATACATAGCA-1_V13B23-285_C1,4
GCCTTCAGCCCTACCG-1_V13B23-285_C1,2
GCCTTGTATATGCAGT-1_V13B23-285_C1,2
GCGAAACGATCGGGAG-1_V13B23-285_C1,4
GCGAAACTTAACTGGA-1_V13B23-285_C1,4
GCGAAGCCATACCCGT-1_V13B23-285_C1,1
GCGACATGTAAACATC-1_V13B23-285_C1,4
GCGACCCAACCATCTG-1_V13B23-285_C1,1
GCGACGATAGTTGTAC-1_V13B23-285_C1,1
GCGAGAAACGGGAGTT-1_V13B23-285_C1,2
GCGAGAGGCCATGTAA-1_V13B23-285_C1,1
GCGAGAGTTGCGTCCA-1_V13B23-285_C1,1
GCGAGCGCATGCTCCC-1_V13B23-285_C1,4
GCGAGGCCCGAGCAGA-1_V13B23-285_C1,1
GCGAGTTCTGCAAAGA-1_V13B23-285_C1,4
GCGATTCTGGAAGCAG-1_V13B23-285_C1,2
GCGATTGTTAACGTTA-1_V13B23-285_C1,4
GCGCAAATATATTCAA-1_V13B23-285_C1,1
GCGCAAGAGCGCGCTG-1_V13B23-285_C1,3
GCGCATCCAGTCAGCA-1_V13B23-285_C1,1
GCGCCGTTCCACGATA-1_V13B23-285_C1,4
GCGCCTCCCACTCCGA-1_V13B23-285_C1,4
GCGCGTCATTGGTACA-1_V13B23-285_C1,4
GCGCTAATTGAATAGA-1_V13B23-285_C1,2
GCGCTATGCCGAGGCA-1_V13B23-285_C1,1
GCGCTCGATCACCTGT-1_V13B23-285_C1,4
GCGCTGATCCAGACTC-1_V13B23-285_C1,1
GCGCTGCTTTGCATTT-1_V13B23-285_C1,1
GCGCTTAAATAATTGG-1_V13B23-285_C1,4
GCGGACCGCGTTGTGG-1_V13B23-285_C1,1
GCGGAGAAACTTCGCA-1_V13B23-285_C1,1
GCGGAGAGGGAGAACG-1_V13B23-285_C1,4
GCGGCAAAGTATTGCC-1_V13B23-285_C1,1
GCGGCTCTGACGTACC-1_V13B23-285_C1,1
GCGGGAACCAGGCCCT-1_V13B23-285_C1,2
GCGGGCATTACGATGC-1_V13B23-285_C1,1
GCGGGCGAGCCTTACC-1_V13B23-285_C1,1
GCGGTCCCGGTGAAGG-1_V13B23-285_C1,2
GCGGTCCCTAGACGCA-1_V13B23-285_C1,2
GCGGTGAACTGCGCTC-1_V13B23-285_C1,1
GCGGTGCGGAGCATCG-1_V13B23-285_C1,1
GCGGTTCCCTATCATG-1_V13B23-285_C1,1
GCGTAAATGGCCATAA-1_V13B23-285_C1,1
GCGTCGAAATGTCGGT-1_V13B23-285_C1,2
GCGTCGCCAGGGTGAT-1_V13B23-285_C1,1
GCGTCTAACCTCCTAA-1_V13B23-285_C1,1
GCGTCTCTGCATTGGG-1_V13B23-285_C1,1
GCGTGGTACTGGGTTA-1_V13B23-285_C1,4
GCGTTATATTTGGAAC-1_V13B23-285_C1,1
GCGTTCGGAGACCGGG-1_V13B23-285_C1,1
GCGTTCTGACTAAGCG-1_V13B23-285_C1,4
GCTAAACCTGAGGTGA-1_V13B23-285_C1,1
GCTAACTGAAGTCTGA-1_V13B23-285_C1,4
GCTAAGTAAAGGCGAT-1_V13B23-285_C1,1
GCTAAGTAGTTTCTCT-1_V13B23-285_C1,1
GCTAATACCGAATGCC-1_V13B23-285_C1,2
GCTACAGTACGGACCG-1_V13B23-285_C1,1
GCTACGACTTATTGGG-1_V13B23-285_C1,4
GCTACTATAGTAGAGT-1_V13B23-285_C1,4
GCTAGACCGTCTACTG-1_V13B23-285_C1,4
GCTAGAGTAGAGATGT-1_V13B23-285_C1,4
GCTAGCACCTGGGCCA-1_V13B23-285_C1,4
GCTAGCAGGGAGTGGG-1_V13B23-285_C1,1
GCTAGCTTGAATAGCT-1_V13B23-285_C1,1
GCTAGGCACCACGGAG-1_V13B23-285_C1,4
GCTAGTAGAGCTTGTA-1_V13B23-285_C1,4
GCTAGTTTCATTGAGG-1_V13B23-285_C1,2
GCTATACGTCTCGGAC-1_V13B23-285_C1,4
GCTATCATACTCATGG-1_V13B23-285_C1,4
GCTATCGCGGCGCAAC-1_V13B23-285_C1,1
GCTCAACCTCTTAGAG-1_V13B23-285_C1,2
GCTCAATCCGTTTATT-1_V13B23-285_C1,1
GCTCAATGTAATACCG-1_V13B23-285_C1,1
GCTCATTACTGCATGT-1_V13B23-285_C1,1
GCTCCATGAGTGCAGA-1_V13B23-285_C1,4
GCTCCCAGTCGGTCCA-1_V13B23-285_C1,4
GCTCCGCTCGCTTCAG-1_V13B23-285_C1,4
GCTCCTGACATACTGG-1_V13B23-285_C1,1
GCTCGCGGTTCCGCTC-1_V13B23-285_C1,1
GCTCGCTCATGTCCAA-1_V13B23-285_C1,4
GCTCGGAATTTAAAGC-1_V13B23-285_C1,1
GCTCTAAACCCTGACG-1_V13B23-285_C1,1
GCTCTATGTTACGTGC-1_V13B23-285_C1,1
GCTCTCGGGTACCGAA-1_V13B23-285_C1,1
GCTGAACTCTCCAGGG-1_V13B23-285_C1,4
GCTGAATCTTCCAATC-1_V13B23-285_C1,1
GCTGAGCAACGGTTCT-1_V13B23-285_C1,1
GCTGAGGCGTGAGTAT-1_V13B23-285_C1,4
GCTGCACGGTTTCTTA-1_V13B23-285_C1,4
GCTGCTAAGTAGTCGA-1_V13B23-285_C1,1
GCTGCTACTGCGTAGC-1_V13B23-285_C1,4
GCTGCTCTCCGGACAC-1_V13B23-285_C1,1
GCTGGACCCAAAGTGG-1_V13B23-285_C1,2
GCTGGCATATTCACCT-1_V13B23-285_C1,1
GCTGGCGGCGCATGCT-1_V13B23-285_C1,4
GCTGGTTTAGGCCATA-1_V13B23-285_C1,1
GCTGTATTACTGGCCC-1_V13B23-285_C1,1
GCTGTTGCTACCGAAC-1_V13B23-285_C1,4
GCTTAATGTAACTAAC-1_V13B23-285_C1,4
GCTTACGTAGTTAGTA-1_V13B23-285_C1,4
GCTTATGAAGCAGGAA-1_V13B23-285_C1,4
GCTTCCGTCCCTAGAC-1_V13B23-285_C1,1
GCTTGATGATAATCAG-1_V13B23-285_C1,1
GCTTGCAGCACAATTG-1_V13B23-285_C1,1
GCTTGGATCGATTAGG-1_V13B23-285_C1,1
GCTTTCAGAGGAGGTG-1_V13B23-285_C1,1
GGAAACCTTGTTGAAT-1_V13B23-285_C1,1
GGAAACTAAATGGGCC-1_V13B23-285_C1,4
GGAAAGTGCCCATGCC-1_V13B23-285_C1,1
GGAACCCGAACAAGAA-1_V13B23-285_C1,1
GGAACCGTGTAAATTG-1_V13B23-285_C1,1
GGAACCTTGACTCTGC-1_V13B23-285_C1,1
GGAACGGCCTGCAGCC-1_V13B23-285_C1,1
GGAACTTTGGCGATTA-1_V13B23-285_C1,4
GGAAGCTCGCTTACAG-1_V13B23-285_C1,2
GGAATGCGCTAGCGTG-1_V13B23-285_C1,1
GGACAAGTTGCAGTGA-1_V13B23-285_C1,1
GGACACAAGTTTACAC-1_V13B23-285_C1,4
GGACCAACAGGATAAC-1_V13B23-285_C1,4
GGACCTACGGTAACGT-1_V13B23-285_C1,1
GGACCTCTAGGCCGCC-1_V13B23-285_C1,1
GGACGTCCATAGTTGG-1_V13B23-285_C1,2
GGACTCACAAATTAGG-1_V13B23-285_C1,4
GGACTCGAAGCTTTCA-1_V13B23-285_C1,4
GGACTCTTCCGGTTGA-1_V13B23-285_C1,4
GGAGAAGTCATTGGCA-1_V13B23-285_C1,1
GGAGACCAATGTGCTT-1_V13B23-285_C1,1
GGAGACCATCTACATA-1_V13B23-285_C1,1
GGAGACGACACCTTTG-1_V13B23-285_C1,4
GGAGCAACATTTCAAG-1_V13B23-285_C1,4
GGAGCACCAAGAACTA-1_V13B23-285_C1,1
GGAGGATTGAAAGGAG-1_V13B23-285_C1,2
GGAGGCCGAAGTCGTC-1_V13B23-285_C1,4
GGAGGGCTTGGTTGGC-1_V13B23-285_C1,1
GGAGGGTCAAGTAAGA-1_V13B23-285_C1,4
GGAGTGCCGCCCTGGA-1_V13B23-285_C1,2
GGATCATCCCGTACGC-1_V13B23-285_C1,1
GGATCCGGAATATACT-1_V13B23-285_C1,1
GGATCTTGACTCAACC-1_V13B23-285_C1,1
GGATGAAGATCGCTGA-1_V13B23-285_C1,4
GGATGACGCGAGTTTA-1_V13B23-285_C1,1
GGATGCTGGCGTTCCT-1_V13B23-285_C1,1
GGATGTCCTTACCGCA-1_V13B23-285_C1,4
GGATTCAGTACGGTGG-1_V13B23-285_C1,1
GGATTCCGCTATACCC-1_V13B23-285_C1,2
GGATTGCTGTGACTCC-1_V13B23-285_C1,4
GGATTTCACTTCTATA-1_V13B23-285_C1,1
GGCAAAGGCGCCAATA-1_V13B23-285_C1,1
GGCAAATTACTTTACT-1_V13B23-285_C1,1
GGCAAGCCAGGGATAG-1_V13B23-285_C1,2
GGCAAGGCGAAATAGC-1_V13B23-285_C1,4
GGCAATAGTCAATGAG-1_V13B23-285_C1,1
GGCACTCAGCCGACCC-1_V13B23-285_C1,4
GGCACTCCACTGGGCA-1_V13B23-285_C1,1
GGCAGCAAACCTATGC-1_V13B23-285_C1,4
GGCAGCGGTAATCCTA-1_V13B23-285_C1,1
GGCATACAGGTAGCGG-1_V13B23-285_C1,1
GGCATATCGGTTCTGC-1_V13B23-285_C1,1
GGCCCAGTTATCAGCA-1_V13B23-285_C1,2
GGCCCGGAGCATGTCT-1_V13B23-285_C1,1
GGCCCGTATACCATGC-1_V13B23-285_C1,1
GGCCCTCACCCACTTA-1_V13B23-285_C1,1
GGCCGAGACTCTGGTG-1_V13B23-285_C1,1
GGCCGTTTGGGTTTCA-1_V13B23-285_C1,1
GGCCTGCTTCTCCCGA-1_V13B23-285_C1,4
GGCCTTTGCAACTGGC-1_V13B23-285_C1,1
GGCGAAATCTAACTTG-1_V13B23-285_C1,4
GGCGCAGGACATCTTC-1_V13B23-285_C1,1
GGCGCATGAATTGATG-1_V13B23-285_C1,1
GGCGCGGAGATCTTTC-1_V13B23-285_C1,4
GGCGCGTTCGAGTTTA-1_V13B23-285_C1,4
GGCGCTCCTCATCAAT-1_V13B23-285_C1,2
GGCGGAGTAATATTAG-1_V13B23-285_C1,1
GGCGGGCTCTAAGAGT-1_V13B23-285_C1,4
GGCGGTAGGATCATTG-1_V13B23-285_C1,1
GGCGGTTTGCCGGTGC-1_V13B23-285_C1,2
GGCGTCCTATCCGCTG-1_V13B23-285_C1,1
GGCTAAAGGGCGGGTC-1_V13B23-285_C1,1
GGCTAATGATTGAAAT-1_V13B23-285_C1,2
GGCTATTAAGTTGTAT-1_V13B23-285_C1,1
GGCTCCTCCACCTGTT-1_V13B23-285_C1,1
GGCTCGCGTTGAGGTA-1_V13B23-285_C1,1
GGCTCGTGCCACCAGC-1_V13B23-285_C1,2
GGCTCTGCTCCAACGC-1_V13B23-285_C1,1
GGCTGAAATAGCAAAG-1_V13B23-285_C1,4
GGCTGAGCATCGTAAG-1_V13B23-285_C1,2
GGCTGGCAGCTTTATG-1_V13B23-285_C1,2
GGCTTTCAATAAGGGT-1_V13B23-285_C1,4
GGGAACGGGAGGTTAG-1_V13B23-285_C1,1
GGGAAGGGCTTTCTCA-1_V13B23-285_C1,4
GGGAATGAGCCCTCAC-1_V13B23-285_C1,1
GGGACAGAGTTACTCC-1_V13B23-285_C1,1
GGGACCCGTATATCTT-1_V13B23-285_C1,1
GGGACTGCATAGATAG-1_V13B23-285_C1,1
GGGAGAACTCACAGTA-1_V13B23-285_C1,1
GGGAGGATGCCCGAAA-1_V13B23-285_C1,1
GGGAGTTAATGAGGCG-1_V13B23-285_C1,1
GGGATACGGTAATAAT-1_V13B23-285_C1,1
GGGATCCCAATACAAA-1_V13B23-285_C1,2
GGGATGGTCGTAACCG-1_V13B23-285_C1,1
GGGATTTACCGCACCT-1_V13B23-285_C1,4
GGGCAACCGCACGTGC-1_V13B23-285_C1,1
GGGCAGAGCAATCGTT-1_V13B23-285_C1,1
GGGCCCGTCTTAAACA-1_V13B23-285_C1,1
GGGCCCTACGAAAGGG-1_V13B23-285_C1,1
GGGCCGGCCGAAGTAC-1_V13B23-285_C1,4
GGGCCTAAATGGGCTA-1_V13B23-285_C1,1
GGGCCTATTTAAGTAT-1_V13B23-285_C1,2
GGGCGAATTTCTCCAC-1_V13B23-285_C1,1
GGGCGATATGTGTGAA-1_V13B23-285_C1,1
GGGCGCAGCGTTACTC-1_V13B23-285_C1,1
GGGCGGCAAATGAATT-1_V13B23-285_C1,1
GGGCGGGTTCCCTACG-1_V13B23-285_C1,1
GGGCGGTCCTATTGTC-1_V13B23-285_C1,2
GGGCGTACATTTATAT-1_V13B23-285_C1,1
GGGCGTCACCACGTAA-1_V13B23-285_C1,1
GGGCGTCCACTGGCTC-1_V13B23-285_C1,1
GGGCGTGGTTTCCCAG-1_V13B23-285_C1,4
GGGCTATGATCGATGG-1_V13B23-285_C1,1
GGGCTCATCGAACCCA-1_V13B23-285_C1,1
GGGCTGCCTAGGGCGA-1_V13B23-285_C1,1
GGGCTGGTTAGTCGCG-1_V13B23-285_C1,1
GGGTACCCACGGTCCT-1_V13B23-285_C1,2
GGGTACTTCATGAACT-1_V13B23-285_C1,1
GGGTATGTATGCACTT-1_V13B23-285_C1,1
GGGTATTCTAGCAAAC-1_V13B23-285_C1,1
GGGTCACCGTGACGGT-1_V13B23-285_C1,1
GGGTCATGCGTACCAT-1_V13B23-285_C1,1
GGGTCGTGGCAAGTGT-1_V13B23-285_C1,1
GGGTGACACCTTAACT-1_V13B23-285_C1,1
GGGTGCATATGAAAGC-1_V13B23-285_C1,1
GGGTGGTCCAGCCTGT-1_V13B23-285_C1,2
GGGTGTTTCAGCTATG-1_V13B23-285_C1,3
GGGTTAACATTTGAGT-1_V13B23-285_C1,1
GGGTTCAGACGAACAA-1_V13B23-285_C1,2
GGGTTTAGGATAGGAT-1_V13B23-285_C1,4
GGTAAATGTGCGTTAC-1_V13B23-285_C1,2
GGTAACCGGGAGGATA-1_V13B23-285_C1,1
GGTAACTATGTATCTG-1_V13B23-285_C1,2
GGTACAAACATGCTAT-1_V13B23-285_C1,4
GGTACACCAGATTTAT-1_V13B23-285_C1,1
GGTACATCTGGGACGA-1_V13B23-285_C1,1
GGTACCATTAAGACGG-1_V13B23-285_C1,1
GGTACTAAGTGCTTTG-1_V13B23-285_C1,4
GGTAGAAGACCGCCTG-1_V13B23-285_C1,4
GGTAGACCGTTGGGCG-1_V13B23-285_C1,1
GGTAGTGCTCGCACCA-1_V13B23-285_C1,1
GGTATTGCCGAGTTTA-1_V13B23-285_C1,1
GGTCAAGACTACTTCG-1_V13B23-285_C1,4
GGTCAGTGGGTCCCAC-1_V13B23-285_C1,4
GGTCATTGTAGTCATA-1_V13B23-285_C1,2
GGTCCTTCATACGACT-1_V13B23-285_C1,2
GGTCGGATAAACGGCG-1_V13B23-285_C1,1
GGTCGGCCAGGAGCTT-1_V13B23-285_C1,1
GGTCGGTCGTCCACAG-1_V13B23-285_C1,1
GGTCGTAAGCTCGCAC-1_V13B23-285_C1,1
GGTCTCCAAGTAGTGC-1_V13B23-285_C1,4
GGTCTCCGTCCAGGTT-1_V13B23-285_C1,4
GGTCTCTGAATGGACT-1_V13B23-285_C1,1
GGTCTGAGAATCTGGA-1_V13B23-285_C1,1
GGTGAAGTACAGGGAT-1_V13B23-285_C1,1
GGTGAGATGCAGATAA-1_V13B23-285_C1,2
GGTGATAAGGAGCAGT-1_V13B23-285_C1,4
GGTGCAGAGCCTATCG-1_V13B23-285_C1,1
GGTGCGGATAAGTGGC-1_V13B23-285_C1,3
GGTGCTGATCACAAAG-1_V13B23-285_C1,1
GGTGCTGGTACACATT-1_V13B23-285_C1,1
GGTGGACCACGTGTTA-1_V13B23-285_C1,2
GGTGGACTGCTCTGGC-1_V13B23-285_C1,4
GGTGGAGGTTGATACG-1_V13B23-285_C1,4
GGTGTTGGGCGTCTTA-1_V13B23-285_C1,4
GGTTACCACCCTCGGG-1_V13B23-285_C1,1
GGTTACCCGACACTTT-1_V13B23-285_C1,1
GGTTAGCTATATGTCT-1_V13B23-285_C1,4
GGTTAGGCTTGGAGAA-1_V13B23-285_C1,1
GGTTAGTTACGGCGCC-1_V13B23-285_C1,1
GGTTCGGATTATACTA-1_V13B23-285_C1,1
GGTTCTACTCGTCTGA-1_V13B23-285_C1,4
GGTTGTGCTCTTGTCC-1_V13B23-285_C1,1
GGTTGTGTAGCCTGGC-1_V13B23-285_C1,1
GGTTTAATTGAGCAGG-1_V13B23-285_C1,1
GGTTTACAATCTCAAT-1_V13B23-285_C1,1
GGTTTAGCCTTTCTTG-1_V13B23-285_C1,4
GGTTTCAATCGGTCAG-1_V13B23-285_C1,1
GGTTTGACAAGAAGCT-1_V13B23-285_C1,2
GGTTTGAGTGCTGGAA-1_V13B23-285_C1,2
GGTTTGTGACCTGAGG-1_V13B23-285_C1,4
GTAACATCTAAGATAA-1_V13B23-285_C1,4
GTAAGCGGGCAGTCAG-1_V13B23-285_C1,2
GTAAGGATTTGTCGGA-1_V13B23-285_C1,2
GTAAGTAACAGTCTGG-1_V13B23-285_C1,4
GTAAGTAGGGTATACC-1_V13B23-285_C1,1
GTAAGTCCACACTCTA-1_V13B23-285_C1,4
GTAATAAAGGGCTCCC-1_V13B23-285_C1,1
GTAATCTGATTCTTCG-1_V13B23-285_C1,1
GTACACTTACCTGAAG-1_V13B23-285_C1,4
GTACAGAGGCAAGGGT-1_V13B23-285_C1,4
GTACGACGGCGCTGCG-1_V13B23-285_C1,2
GTACGAGATTGCGACA-1_V13B23-285_C1,2
GTACGCTTCATTGCAC-1_V13B23-285_C1,4
GTACGTCACGTATTAA-1_V13B23-285_C1,2
GTACGTTTGCCCGTCA-1_V13B23-285_C1,4
GTACTAAGATTTGGAG-1_V13B23-285_C1,1
GTACTCCCTTATCGCT-1_V13B23-285_C1,1
GTACTCCTGGGTATGC-1_V13B23-285_C1,1
GTACTGAGGTCGTAAC-1_V13B23-285_C1,2
GTACTGGAGTTAGACC-1_V13B23-285_C1,1
GTACTTGGGCACTTCT-1_V13B23-285_C1,2
GTAGAAACGGGTGGAG-1_V13B23-285_C1,1
GTAGACACGCCTGACT-1_V13B23-285_C1,4
GTAGACGTCGTTACAT-1_V13B23-285_C1,2
GTAGAGGGAGACAAGT-1_V13B23-285_C1,1
GTAGCCAAACATGGGA-1_V13B23-285_C1,4
GTAGCGGCTATACACT-1_V13B23-285_C1,4
GTAGCTTCCTCTTGTT-1_V13B23-285_C1,1
GTAGGTGATCCGTGTA-1_V13B23-285_C1,2
GTAGTCGCGGGAATCA-1_V13B23-285_C1,4
GTAGTCTACGATATTG-1_V13B23-285_C1,4
GTATAATCTCCCGGAT-1_V13B23-285_C1,2
GTATAGGACTCAGTAG-1_V13B23-285_C1,2
GTATCAAACGTTAGCT-1_V13B23-285_C1,4
GTATCAGCTTGGGTTC-1_V13B23-285_C1,1
GTATCTCAGTCTTGAC-1_V13B23-285_C1,1
GTATCTTTCATAACCA-1_V13B23-285_C1,4
GTATGAAATTTCACTC-1_V13B23-285_C1,1
GTATGTGGGTCTAGTT-1_V13B23-285_C1,4
GTATTAAGGCGTCTAA-1_V13B23-285_C1,1
GTATTCTGAGAAACGA-1_V13B23-285_C1,1
GTATTTAATGGCATAA-1_V13B23-285_C1,4
GTCAAAGAAGTGGTGT-1_V13B23-285_C1,1
GTCAAAGTTTACATAG-1_V13B23-285_C1,2
GTCAAGCGGACTCGGG-1_V13B23-285_C1,4
GTCAATGCTATAATTT-1_V13B23-285_C1,1
GTCACAAAGTTTCCAA-1_V13B23-285_C1,2
GTCACTCTCCAAATCT-1_V13B23-285_C1,1
GTCAGAATAGTCTATG-1_V13B23-285_C1,1
GTCAGACAGCGTTGGA-1_V13B23-285_C1,2
GTCAGTTGTGCTCGTT-1_V13B23-285_C1,2
GTCAGTTTGGTAGTCG-1_V13B23-285_C1,1
GTCATCTCCTACAGCT-1_V13B23-285_C1,2
GTCATGCACCTCCGTT-1_V13B23-285_C1,1
GTCATGGACATGACTA-1_V13B23-285_C1,1
GTCATTAGAGCGAACG-1_V13B23-285_C1,4
GTCATTGCATTGACCC-1_V13B23-285_C1,1
GTCCATTACTGCTACG-1_V13B23-285_C1,4
GTCCCAACGTAAAGTA-1_V13B23-285_C1,1
GTCCCGCGACGTTATG-1_V13B23-285_C1,4
GTCCGAGAGCAATCAT-1_V13B23-285_C1,1
GTCCGGACCTGAAATT-1_V13B23-285_C1,4
GTCCGGCTGAATTGCG-1_V13B23-285_C1,1
GTCCTACAGGCGGCTC-1_V13B23-285_C1,2
GTCCTACGAATAGTCT-1_V13B23-285_C1,4
GTCCTATTGTTGTGGT-1_V13B23-285_C1,1
GTCCTTCTACAACCCA-1_V13B23-285_C1,1
GTCCTTCTAGTGGGTT-1_V13B23-285_C1,2
GTCCTTTAATGACTTC-1_V13B23-285_C1,2
GTCGATAGGTGACTTT-1_V13B23-285_C1,4
GTCGCCGTTGTGTGTT-1_V13B23-285_C1,1
GTCGCGTAACCCGTTG-1_V13B23-285_C1,4
GTCGGAAGGATACCAG-1_V13B23-285_C1,2
GTCGGATATCTCAGAC-1_V13B23-285_C1,1
GTCGGATGTAGCGCGC-1_V13B23-285_C1,2
GTCGGGAAGCAGAAAC-1_V13B23-285_C1,4
GTCGTACCATCTCGGG-1_V13B23-285_C1,4
GTCGTATTGGCGTACA-1_V13B23-285_C1,1
GTCGTCTGGTTGGCTA-1_V13B23-285_C1,1
GTCGTTATTCGCTTAT-1_V13B23-285_C1,4
GTCTACTCAATTACAA-1_V13B23-285_C1,1
GTCTATCTGAGTTTCT-1_V13B23-285_C1,1
GTCTATTGGTTCCGGT-1_V13B23-285_C1,4
GTCTCAAGGCCCGGCT-1_V13B23-285_C1,4
GTCTCCTGCCAGTATG-1_V13B23-285_C1,1
GTCTCGACTAAGTTTG-1_V13B23-285_C1,1
GTCTCGATCTGCTTTC-1_V13B23-285_C1,2
GTCTGGGCGGTCGAGA-1_V13B23-285_C1,1
GTCTTAGTACAGCCGG-1_V13B23-285_C1,2
GTCTTGAGGAGCAGTG-1_V13B23-285_C1,4
GTCTTGTAGCTATTCA-1_V13B23-285_C1,4
GTGAAACGGCGCCACC-1_V13B23-285_C1,1
GTGAACTCCCATTCGA-1_V13B23-285_C1,1
GTGAAGATTTCAAGTG-1_V13B23-285_C1,1
GTGAAGCCGTATAGTC-1_V13B23-285_C1,1
GTGACCGCACACTACG-1_V13B23-285_C1,4
GTGACCTAAAGAATAA-1_V13B23-285_C1,1
GTGACTTCAGTAGTGC-1_V13B23-285_C1,1
GTGAGCGTGCTGCACT-1_V13B23-285_C1,1
GTGAGGACACTTAAGG-1_V13B23-285_C1,4
GTGAGGAGCGGTTGAG-1_V13B23-285_C1,2
GTGAGTCTAAGACGGA-1_V13B23-285_C1,1
GTGAGTGGTACAACGC-1_V13B23-285_C1,1
GTGATCACTAACGCCT-1_V13B23-285_C1,4
GTGATCATAGATCTGC-1_V13B23-285_C1,1
GTGATCCTTGTCATGA-1_V13B23-285_C1,4
GTGATGCACAACATCT-1_V13B23-285_C1,2
GTGATTCGCCGCTCAA-1_V13B23-285_C1,1
GTGCAACAAATGTGGC-1_V13B23-285_C1,3
GTGCACGAAAGTGACT-1_V13B23-285_C1,3
GTGCAGCGTAGAGTAG-1_V13B23-285_C1,3
GTGCCATCACACGGTG-1_V13B23-285_C1,1
GTGCCCGTTCGGATTC-1_V13B23-285_C1,4
GTGCCGCTTCAAAGGT-1_V13B23-285_C1,1
GTGCCTAGCTATGCTT-1_V13B23-285_C1,2
GTGCCTCAGTGTACGG-1_V13B23-285_C1,2
GTGCGAAATCGAACAC-1_V13B23-285_C1,1
GTGCGACAGGGAGTGT-1_V13B23-285_C1,4
GTGCGGGTCTCCAAAT-1_V13B23-285_C1,2
GTGCGTGTATATGAGC-1_V13B23-285_C1,4
GTGCTCAAGTACTGTC-1_V13B23-285_C1,1
GTGCTGCAGATAAGGA-1_V13B23-285_C1,1
GTGCTTACATCAGCGC-1_V13B23-285_C1,4
GTGGAACCTACATGCG-1_V13B23-285_C1,2
GTGGACCAACCCGATT-1_V13B23-285_C1,1
GTGGACGCATTTGTCC-1_V13B23-285_C1,4
GTGGACGTGCTGAGAC-1_V13B23-285_C1,2
GTGGAGCATGTCGGCC-1_V13B23-285_C1,1
GTGGAGCGTTTACCGA-1_V13B23-285_C1,1
GTGGAGTCGGCGGTTG-1_V13B23-285_C1,1
GTGGCAAACAGCGGCA-1_V13B23-285_C1,1
GTGGCGGTCCCAGCGT-1_V13B23-285_C1,1
GTGGGAAGACTGAATC-1_V13B23-285_C1,1
GTGGGCTTAGACACAC-1_V13B23-285_C1,1
GTGGTATAGTCTGCCG-1_V13B23-285_C1,1
GTGGTGATGGTTTGTG-1_V13B23-285_C1,4
GTGGTGGCCAAGTGAA-1_V13B23-285_C1,4
GTGGTTACTTCTTTCG-1_V13B23-285_C1,1
GTGGTTTCCGCCTTTC-1_V13B23-285_C1,1
GTGTACCTTGGCTACG-1_V13B23-285_C1,1
GTGTACGAACCGTTCC-1_V13B23-285_C1,4
GTGTATATCAGCGGGC-1_V13B23-285_C1,4
GTGTCGTATAGCGTTC-1_V13B23-285_C1,4
GTGTGAATAACTTAGG-1_V13B23-285_C1,1
GTGTTACTATGCGTCC-1_V13B23-285_C1,4
GTTAAAGTAGGACTGG-1_V13B23-285_C1,4
GTTAACATCACTTAAA-1_V13B23-285_C1,4
GTTAACTATGTTGTCA-1_V13B23-285_C1,4
GTTAAGGGTGCGATGT-1_V13B23-285_C1,4
GTTAAGTTAGAGTGGG-1_V13B23-285_C1,4
GTTAATGTCTATCTTA-1_V13B23-285_C1,1
GTTACAATTGGTGACG-1_V13B23-285_C1,1
GTTACCTACAACTTGC-1_V13B23-285_C1,4
GTTACTTTGGGCCTAG-1_V13B23-285_C1,1
GTTAGAGTGTGCCGCT-1_V13B23-285_C1,2
GTTAGCCGTAAATCAA-1_V13B23-285_C1,1
GTTAGGCTACCCGTTT-1_V13B23-285_C1,1
GTTATAATACGGTGAA-1_V13B23-285_C1,4
GTTATATCAGGAGCCA-1_V13B23-285_C1,1
GTTATATTATCTCCCT-1_V13B23-285_C1,1
GTTATTAACGTGGGAG-1_V13B23-285_C1,1
GTTCACAGGAGTCTAG-1_V13B23-285_C1,1
GTTCATCGTTTGGCTG-1_V13B23-285_C1,1
GTTCCAGTCTGACCAT-1_V13B23-285_C1,2
GTTCCCGTAAACATAT-1_V13B23-285_C1,4
GTTCGCCATAAGTGCC-1_V13B23-285_C1,4
GTTCGCTGAGACGTCT-1_V13B23-285_C1,4
GTTCGGATCGGGAACA-1_V13B23-285_C1,4
GTTCGGGCGTACCATT-1_V13B23-285_C1,1
GTTCGTCTAAAGAACT-1_V13B23-285_C1,4
GTTCGTCTGGGTCCCT-1_V13B23-285_C1,1
GTTCTTCCCTCGATGT-1_V13B23-285_C1,2
GTTGAACCGGTTCCAT-1_V13B23-285_C1,1
GTTGAGTCCCGCCGGT-1_V13B23-285_C1,4
GTTGCACGGAGTTTCG-1_V13B23-285_C1,1
GTTGCAGTCGACAACA-1_V13B23-285_C1,4
GTTGCGCTAACATTAC-1_V13B23-285_C1,4
GTTGCGGACGGTCAGG-1_V13B23-285_C1,4
GTTGGACCGCATCAGG-1_V13B23-285_C1,1
GTTGGATTCAGTGGCT-1_V13B23-285_C1,1
GTTGGATTGAGAACAC-1_V13B23-285_C1,1
GTTGGATTTGCGTTGG-1_V13B23-285_C1,1
GTTGGTCATGCTATCC-1_V13B23-285_C1,4
GTTGTCGTGTTAGTTG-1_V13B23-285_C1,2
GTTGTTGCAAGATGGC-1_V13B23-285_C1,4
GTTTACGTTCCATCTG-1_V13B23-285_C1,4
GTTTATGGGATTTAGA-1_V13B23-285_C1,1
GTTTCAAACGAGTTGT-1_V13B23-285_C1,4
GTTTCCTGGAGGGTGA-1_V13B23-285_C1,1
GTTTCTGCAGTCTCCC-1_V13B23-285_C1,4
GTTTGACCAAATCCTA-1_V13B23-285_C1,1
GTTTGGCCCAAGTTAT-1_V13B23-285_C1,4
GTTTGGCCGCTCAGCG-1_V13B23-285_C1,2
GTTTGGGCTTGTGAGC-1_V13B23-285_C1,4
GTTTGGTAGGGTCAAC-1_V13B23-285_C1,1
TAAACCCAGGAGGGCA-1_V13B23-285_C1,1
TAAACGTCGTCAATGA-1_V13B23-285_C1,2
TAAAGACAACCCTTTA-1_V13B23-285_C1,4
TAAAGCGGTATTTCCA-1_V13B23-285_C1,1
TAAAGCGTTAGGAGAA-1_V13B23-285_C1,1
TAAAGCTGCAATAGGG-1_V13B23-285_C1,1
TAAATCTTTACACCTC-1_V13B23-285_C1,1
TAAATGAATCCGTTTC-1_V13B23-285_C1,1
TAAATGCCGTCTCATG-1_V13B23-285_C1,2
TAAATGGGCTACTGAG-1_V13B23-285_C1,4
TAACAAAGGGAGAAGC-1_V13B23-285_C1,1
TAACAATATTTGTTGC-1_V13B23-285_C1,1
TAACATACAATGTGGG-1_V13B23-285_C1,4
TAACATACACGCGATC-1_V13B23-285_C1,1
TAACCTACCGTCCGAG-1_V13B23-285_C1,1
TAACCTAGGGAGTCCA-1_V13B23-285_C1,4
TAACGCTTTGAGAGCG-1_V13B23-285_C1,1
TAACTATCGAAGGTCC-1_V13B23-285_C1,1
TAACTATTACGCCAAA-1_V13B23-285_C1,1
TAACTCATCCGCGCGG-1_V13B23-285_C1,1
TAACTCCATGGAGGCT-1_V13B23-285_C1,1
TAAGCAGGCGACACGC-1_V13B23-285_C1,1
TAAGCCCTTACGACCA-1_V13B23-285_C1,2
TAAGGAACTTGTGGGA-1_V13B23-285_C1,1
TAAGGCAACATAAGAT-1_V13B23-285_C1,1
TAAGGCATAACATCAA-1_V13B23-285_C1,1
TAAGGCCCGTCACCCT-1_V13B23-285_C1,4
TAAGGCTGAATCCCTC-1_V13B23-285_C1,4
TAAGGGCCTGTCCGAT-1_V13B23-285_C1,4
TAAGGGCTGGGAGAGG-1_V13B23-285_C1,1
TAAGTAACATCTTGAC-1_V13B23-285_C1,1
TAAGTCGCCGAGTATC-1_V13B23-285_C1,1
TAAGTTGCGACGTAGG-1_V13B23-285_C1,4
TAATAAACAAGGAGAT-1_V13B23-285_C1,1
TAATACACAGTAGTAT-1_V13B23-285_C1,2
TAATAGAACAGAGTTA-1_V13B23-285_C1,1
TAATAGCTAAATGATG-1_V13B23-285_C1,1
TAATAGGTCACCAGAA-1_V13B23-285_C1,1
TAATAGTGACGACCAG-1_V13B23-285_C1,1
TAATATTGAAATTCGC-1_V13B23-285_C1,2
TAATCAACCAAATGGG-1_V13B23-285_C1,4
TAATCGATCCGTACGT-1_V13B23-285_C1,1
TAATGAAAGACCCTTG-1_V13B23-285_C1,1
TAATTACGTCAGTAGA-1_V13B23-285_C1,4
TAATTAGGACATCCGT-1_V13B23-285_C1,4
TAATTGGAATCGGGAA-1_V13B23-285_C1,1
TACAACGCACAACTCA-1_V13B23-285_C1,1
TACAAGTCTCGTGCAT-1_V13B23-285_C1,1
TACACCGTCGTTAGTC-1_V13B23-285_C1,1
TACAGAAACGGTGGGC-1_V13B23-285_C1,4
TACATAGGCATACACC-1_V13B23-285_C1,1
TACATCCCTATCCCTG-1_V13B23-285_C1,1
TACATGACCTTATCCG-1_V13B23-285_C1,1
TACATGCCGGAATTGT-1_V13B23-285_C1,4
TACATTTCTAACGTGC-1_V13B23-285_C1,4
TACCAAATAGCCCAGA-1_V13B23-285_C1,1
TACCAATAAAGTACCA-1_V13B23-285_C1,4
TACCAGAAGTAGGTTC-1_V13B23-285_C1,1
TACCAGCTAGGTTTAA-1_V13B23-285_C1,2
TACCATGTATTGATTT-1_V13B23-285_C1,4
TACCGCGGACTTGCAG-1_V13B23-285_C1,1
TACCGGCTCACTGCCC-1_V13B23-285_C1,4
TACCGGTCGTTTCCAT-1_V13B23-285_C1,1
TACCGTAGGTTAACTA-1_V13B23-285_C1,1
TACCGTGCCTCGGACC-1_V13B23-285_C1,4
TACCTACTCCCAGTAT-1_V13B23-285_C1,4
TACCTCACGCTTGTAC-1_V13B23-285_C1,2
TACCTCAGTTGTCTGT-1_V13B23-285_C1,1
TACCTGCTGCACTGTG-1_V13B23-285_C1,1
TACCTTAAGATTTCCC-1_V13B23-285_C1,1
TACGAACACGACTTCA-1_V13B23-285_C1,1
TACGACGCTTGCTGCG-1_V13B23-285_C1,1
TACGACTGCCTCTTAG-1_V13B23-285_C1,4
TACGAGAACTTCACGT-1_V13B23-285_C1,1
TACGATGTTGATCATC-1_V13B23-285_C1,1
TACGCAGTTCTTTCCT-1_V13B23-285_C1,1
TACGCCATATTCTAAT-1_V13B23-285_C1,1
TACGCCGAGGGTACCC-1_V13B23-285_C1,1
TACGCCGCCTCAGAAG-1_V13B23-285_C1,4
TACGCCTCCATTCCGA-1_V13B23-285_C1,1
TACGCTATAGAAACCT-1_V13B23-285_C1,1
TACGCTCGGTATTGGA-1_V13B23-285_C1,4
TACGGGATGCTAGCAG-1_V13B23-285_C1,4
TACGTACTAGTGCTGA-1_V13B23-285_C1,1
TACGTGCAAGGTTCCT-1_V13B23-285_C1,1
TACGTGCACTATGCTG-1_V13B23-285_C1,1
TACGTTTACCGGCAAT-1_V13B23-285_C1,1
TACTATGGTTCCTCAG-1_V13B23-285_C1,1
TACTCGGCACGCCGGG-1_V13B23-285_C1,1
TACTCTCCGAACAAAT-1_V13B23-285_C1,2
TACTCTTACTTTACTG-1_V13B23-285_C1,4
TACTCTTTCGTCTTCA-1_V13B23-285_C1,1
TACTGAACAGATTTAG-1_V13B23-285_C1,1
TACTGCAATCAATTAC-1_V13B23-285_C1,1
TACTGGACAGCTCGGC-1_V13B23-285_C1,1
TACTGTTTCTCTGGTA-1_V13B23-285_C1,4
TACTTGTTAGTAGTCC-1_V13B23-285_C1,4
TACTTTACTGAGCCGG-1_V13B23-285_C1,1
TACTTTCCGCACGCCA-1_V13B23-285_C1,1
TAGAAAGGTGGCGCTA-1_V13B23-285_C1,1
TAGAAATTCACGTATA-1_V13B23-285_C1,1
TAGAATAGCCGATGAA-1_V13B23-285_C1,4
TAGAATTAAGGGCAAC-1_V13B23-285_C1,2
TAGACGAAACGCCAAT-1_V13B23-285_C1,4
TAGACGCCCGTACCGG-1_V13B23-285_C1,1
TAGACTACCTAGCGTT-1_V13B23-285_C1,4
TAGAGATCATGCAACT-1_V13B23-285_C1,1
TAGAGCTACGAAGAAC-1_V13B23-285_C1,2
TAGAGGTTCTACTTGT-1_V13B23-285_C1,4
TAGAGTCTAAGCGAAC-1_V13B23-285_C1,1
TAGATATGGACTGGAA-1_V13B23-285_C1,1
TAGATCCGAAGTCGCA-1_V13B23-285_C1,2
TAGATGGTTCCTTACT-1_V13B23-285_C1,4
TAGATTCCTGGTTATT-1_V13B23-285_C1,1
TAGCAACCTGTCACAA-1_V13B23-285_C1,1
TAGCCATTTCAAAGTC-1_V13B23-285_C1,4
TAGCCGGCGGTCAGCG-1_V13B23-285_C1,1
TAGCGTCCCTCGATTG-1_V13B23-285_C1,4
TAGCGTCCGGTGTGGT-1_V13B23-285_C1,4
TAGCGTTGGGTCTTAC-1_V13B23-285_C1,3
TAGCTAAGTCCGGGAG-1_V13B23-285_C1,1
TAGCTAGAAGGCATGA-1_V13B23-285_C1,1
TAGCTAGTGATGATGG-1_V13B23-285_C1,1
TAGCTCGCCTGATAAC-1_V13B23-285_C1,1
TAGCTGATGTGAAGCG-1_V13B23-285_C1,1
TAGGCATGTTACGCCA-1_V13B23-285_C1,1
TAGGGAGCTTGGGATG-1_V13B23-285_C1,4
TAGGGTGTTTCAAGAG-1_V13B23-285_C1,2
TAGGTCCAAGTAAGGA-1_V13B23-285_C1,1
TAGGTCGCCGGAACTG-1_V13B23-285_C1,1
TAGGTGACGATAACCT-1_V13B23-285_C1,4
TAGGTGAGCCCTACTC-1_V13B23-285_C1,1
TAGGTGCTCGCCTAGC-1_V13B23-285_C1,4
TAGGTGTTCCACAGAT-1_V13B23-285_C1,1
TAGGTTCGAGTTCGTC-1_V13B23-285_C1,2
TAGTACCTTAGTGGTC-1_V13B23-285_C1,1
TAGTAGCTTATACCAG-1_V13B23-285_C1,1
TAGTCCGCAGAGAATG-1_V13B23-285_C1,4
TAGTCCGTATGCATAA-1_V13B23-285_C1,2
TAGTCGATCACGGGTT-1_V13B23-285_C1,4
TAGTCGGGATTCTTCG-1_V13B23-285_C1,1
TAGTCTAACAACGAGA-1_V13B23-285_C1,1
TAGTCTGTGACGTTGC-1_V13B23-285_C1,1
TAGTCTTTCCGAATTG-1_V13B23-285_C1,4
TAGTGCCCTCCAGAGT-1_V13B23-285_C1,1
TAGTGCTTGAATCCTT-1_V13B23-285_C1,1
TAGTGTCAGAAACGGC-1_V13B23-285_C1,1
TAGTTAAGATAGGATA-1_V13B23-285_C1,2
TAGTTTATTCTTGCTT-1_V13B23-285_C1,3
TATAAATCCACAAGCT-1_V13B23-285_C1,1
TATAAGTGAGGATAGC-1_V13B23-285_C1,1
TATACACAGACGCCTT-1_V13B23-285_C1,1
TATACACGCAAAGTAT-1_V13B23-285_C1,2
TATACCGAGTGCCACA-1_V13B23-285_C1,4
TATACGCGTCATCACT-1_V13B23-285_C1,4
TATACTCATGCGGCAA-1_V13B23-285_C1,1
TATAGATGGTCGCAGT-1_V13B23-285_C1,4
TATAGGGTACTCATGA-1_V13B23-285_C1,1
TATATATCGAGAAATG-1_V13B23-285_C1,1
TATATCATTGATCAGT-1_V13B23-285_C1,1
TATATCCCTGGGAGGA-1_V13B23-285_C1,4
TATATGCTGGGTTGCC-1_V13B23-285_C1,1
TATATTACAAATGTCG-1_V13B23-285_C1,1
TATATTCGCGTCGATA-1_V13B23-285_C1,2
TATCAAAGGTCTGTAA-1_V13B23-285_C1,1
TATCACCATGTAAAGT-1_V13B23-285_C1,2
TATCACCCAACCGACC-1_V13B23-285_C1,1
TATCACTTCGAGTAAC-1_V13B23-285_C1,1
TATCCAATTGGTTATC-1_V13B23-285_C1,4
TATCCATATCATGCGA-1_V13B23-285_C1,2
TATCCATCTCGGTTAG-1_V13B23-285_C1,1
TATCCGCACCGTCGGG-1_V13B23-285_C1,1
TATCGATCTATGCATA-1_V13B23-285_C1,1
TATCGATGATTAAACG-1_V13B23-285_C1,1
TATCTACAGAGGTAAT-1_V13B23-285_C1,1
TATCTACCACAGCGGG-1_V13B23-285_C1,1
TATCTAGCCTAAAGGA-1_V13B23-285_C1,1
TATCTTGCAATACAAC-1_V13B23-285_C1,1
TATGAAGACAGGTGCG-1_V13B23-285_C1,1
TATGATCCGGCACGCC-1_V13B23-285_C1,1
TATGATCTTCTCTTTA-1_V13B23-285_C1,4
TATGCTCCCTACTTAC-1_V13B23-285_C1,1
TATGGATGTGCTACGC-1_V13B23-285_C1,1
TATGGCCCGGCCTCGC-1_V13B23-285_C1,1
TATGGCTAGGCTAATT-1_V13B23-285_C1,1
TATGGGACCGAGCAGG-1_V13B23-285_C1,4
TATGGGTACGTATCGT-1_V13B23-285_C1,1
TATGGTCTGAGTAACA-1_V13B23-285_C1,4
TATGGTTAGTGGGAGA-1_V13B23-285_C1,4
TATGTCAAGACCGACT-1_V13B23-285_C1,1
TATGTCTCATTGTGCC-1_V13B23-285_C1,1
TATTAACCTGACCGCG-1_V13B23-285_C1,1
TATTACCATCCTGCTT-1_V13B23-285_C1,4
TATTATGTTTGCCTGC-1_V13B23-285_C1,1
TATTCAATTCTAATCC-1_V13B23-285_C1,1
TATTCCACTCAGCTCG-1_V13B23-285_C1,1
TATTCCGAGCTGTTAT-1_V13B23-285_C1,4
TATTCCTCCGCCCACT-1_V13B23-285_C1,1
TATTCGTGCCAGAATA-1_V13B23-285_C1,2
TATTGACATTTCTGCC-1_V13B23-285_C1,1
TATTTAGTCTAGATCG-1_V13B23-285_C1,2
TATTTATACCGAGTAG-1_V13B23-285_C1,2
TATTTGATTTGCACAG-1_V13B23-285_C1,4
TATTTGTTACCCTTTA-1_V13B23-285_C1,1
TCAAACAACCGCGTCG-1_V13B23-285_C1,1
TCAAACTTAGATTGTT-1_V13B23-285_C1,1
TCAAATTTGAGACTCA-1_V13B23-285_C1,4
TCAACAAAGATAATTC-1_V13B23-285_C1,1
TCAACATAGCGCCCTA-1_V13B23-285_C1,1
TCAACATCGACCGAGA-1_V13B23-285_C1,1
TCAACCATGTTCGGGC-1_V13B23-285_C1,1
TCAACGAGGAGACAAA-1_V13B23-285_C1,1
TCAACGCAGGAAATAA-1_V13B23-285_C1,1
TCAACTAACGTATAAC-1_V13B23-285_C1,1
TCAACTGCAGAGTCAG-1_V13B23-285_C1,4
TCAAGAAATACTAGCT-1_V13B23-285_C1,1
TCAAGCGCGGACGGTA-1_V13B23-285_C1,4
TCAAGCTGCCTTGAAA-1_V13B23-285_C1,1
TCAAGGTTACTACACC-1_V13B23-285_C1,4
TCAATACGCCGTCATG-1_V13B23-285_C1,1
TCACAAACCGAGGTAC-1_V13B23-285_C1,4
TCACAGATCCTCAAAC-1_V13B23-285_C1,2
TCACAGCAAACTCGAA-1_V13B23-285_C1,1
TCACAGGAGAATAAGA-1_V13B23-285_C1,1
TCACAGGGAATCGCAA-1_V13B23-285_C1,4
TCACAGGTTATTGGGC-1_V13B23-285_C1,1
TCACATCTTATCTGAT-1_V13B23-285_C1,1
TCACCCTCTTAAGATT-1_V13B23-285_C1,4
TCACCGCTCGGCACTC-1_V13B23-285_C1,1
TCACGATGTCCGTGGA-1_V13B23-285_C1,1
TCACGCATTGTAGATC-1_V13B23-285_C1,1
TCACGGTCATCGCACA-1_V13B23-285_C1,1
TCACGTGCCCGATTCA-1_V13B23-285_C1,4
TCACTACGACCAATGC-1_V13B23-285_C1,1
TCACTCGTGCAACGGC-1_V13B23-285_C1,1
TCACTCTTCGTCTGTC-1_V13B23-285_C1,1
TCAGAACCTCCACAGG-1_V13B23-285_C1,1
TCAGACGCTATAGAAG-1_V13B23-285_C1,4
TCAGAGTGTGAGCATG-1_V13B23-285_C1,4
TCAGCAAATGCATCTC-1_V13B23-285_C1,1
TCAGCAGTAGGCCCTG-1_V13B23-285_C1,1
TCAGCCAATCCGTAAA-1_V13B23-285_C1,4
TCAGGGCGCAAACTCG-1_V13B23-285_C1,1
TCAGGGTGTAACGTAA-1_V13B23-285_C1,1
TCAGGTTCTTTGAGAA-1_V13B23-285_C1,1
TCAGTACTGACCCGCG-1_V13B23-285_C1,1
TCAGTAGGGACTATAA-1_V13B23-285_C1,1
TCAGTGTATACGTCAT-1_V13B23-285_C1,1
TCATAAGTCCAAGAAG-1_V13B23-285_C1,4
TCATACTTACAGATCC-1_V13B23-285_C1,1
TCATCACTCGAGCTCG-1_V13B23-285_C1,1
TCATCCCAGAGGGTGG-1_V13B23-285_C1,2
TCATCGATGGTCCCAA-1_V13B23-285_C1,1
TCATGCAGGTTCTCAT-1_V13B23-285_C1,2
TCATTTAAGTCTCCGA-1_V13B23-285_C1,4
TCATTTAGAAGTGTGA-1_V13B23-285_C1,4
TCCAACTTTAAATTCT-1_V13B23-285_C1,1
TCCAATAAAGGCTACC-1_V13B23-285_C1,1
TCCACAATGGTTTACG-1_V13B23-285_C1,1
TCCACCTCTAGCCTTT-1_V13B23-285_C1,1
TCCACTTTATCTAGGT-1_V13B23-285_C1,1
TCCAGAGCACCGGTTC-1_V13B23-285_C1,4
TCCAGATGTACGCCAA-1_V13B23-285_C1,1
TCCAGCGCTATAAGCG-1_V13B23-285_C1,4
TCCAGGCGAGTACGGT-1_V13B23-285_C1,1
TCCAGGGTATATACGA-1_V13B23-285_C1,4
TCCATTCCCACTAGAG-1_V13B23-285_C1,2
TCCATTGTGACCTCGT-1_V13B23-285_C1,2
TCCCAAACAGACAACG-1_V13B23-285_C1,1
TCCCAAAGACGAAGGA-1_V13B23-285_C1,1
TCCCAAAGCCCTAAAT-1_V13B23-285_C1,4
TCCCACTCTCTTCCGG-1_V13B23-285_C1,1
TCCCAGCACACGACAT-1_V13B23-285_C1,4
TCCCAGCTTTAGTCTG-1_V13B23-285_C1,2
TCCCAGGCTTAGCTAA-1_V13B23-285_C1,1
TCCCGCCTATGTGCGT-1_V13B23-285_C1,1
TCCCGCGTACTCCTGG-1_V13B23-285_C1,1
TCCCGGGTGTGCTGCT-1_V13B23-285_C1,1
TCCCGTCAGTCCCGCA-1_V13B23-285_C1,1
TCCCGTCGCGTCATAG-1_V13B23-285_C1,1
TCCCGTGTGCAATTTG-1_V13B23-285_C1,4
TCCCTAGATCAATAGG-1_V13B23-285_C1,1
TCCCTGGCGTATTAAC-1_V13B23-285_C1,1
TCCCTGGCTCGCTGGA-1_V13B23-285_C1,1
TCCCTTAGATTACTCG-1_V13B23-285_C1,1
TCCGAACGTTGCCGCT-1_V13B23-285_C1,4
TCCGAACTTGGCTTAC-1_V13B23-285_C1,1
TCCGAAGTAGTCACCA-1_V13B23-285_C1,2
TCCGAATGGTCCTGAG-1_V13B23-285_C1,1
TCCGATAATTGCCATA-1_V13B23-285_C1,2
TCCGATGACTGAGCTC-1_V13B23-285_C1,2
TCCGATGGTGCGACAT-1_V13B23-285_C1,1
TCCGATTACATTGCCG-1_V13B23-285_C1,1
TCCGCAGCCACCTAGC-1_V13B23-285_C1,2
TCCGCCTGTCTACAAG-1_V13B23-285_C1,4
TCCGCGGCAGCATCTG-1_V13B23-285_C1,4
TCCGCGGCCCAATGAA-1_V13B23-285_C1,4
TCCGCTGTCATCCCGG-1_V13B23-285_C1,4
TCCGCTTATCCCATTA-1_V13B23-285_C1,4
TCCGGAGGAAGGGCTG-1_V13B23-285_C1,2
TCCGGCCTAGCGTACA-1_V13B23-285_C1,1
TCCGGCTGTCGGGTCG-1_V13B23-285_C1,4
TCCGGTTCGTCCGGTC-1_V13B23-285_C1,1
TCCGTAACCACAATCC-1_V13B23-285_C1,1
TCCGTTAAGCTAATAT-1_V13B23-285_C1,4
TCCGTTTAGCCTTGAA-1_V13B23-285_C1,1
TCCTAAATTGGGAAGC-1_V13B23-285_C1,4
TCCTAACCGTCGGGCA-1_V13B23-285_C1,1
TCCTACATCCACGGCC-1_V13B23-285_C1,4
TCCTAGCAAAGAAGCT-1_V13B23-285_C1,1
TCCTATCATAGGTAAC-1_V13B23-285_C1,4
TCCTCCTAAGACATTC-1_V13B23-285_C1,1
TCCTCGGGCTGGGCTT-1_V13B23-285_C1,4
TCCTCTACGAGATGGC-1_V13B23-285_C1,1
TCCTCTCCAGTTGTCC-1_V13B23-285_C1,1
TCCTCTGGCCCATTAG-1_V13B23-285_C1,2
TCCTGCCAACTGGAGA-1_V13B23-285_C1,2
TCCTGCGTTGATACTC-1_V13B23-285_C1,1
TCCTGGCGCTGCCTGG-1_V13B23-285_C1,2
TCCTTACGACGGTCCG-1_V13B23-285_C1,4
TCCTTCAGTGGTCGAA-1_V13B23-285_C1,2
TCCTTTAAATCCGCTT-1_V13B23-285_C1,4
TCCTTTCTTACGCTTA-1_V13B23-285_C1,1
TCGAAATTTAGGACCA-1_V13B23-285_C1,1
TCGAAGAACCGAGCAC-1_V13B23-285_C1,4
TCGAATATCCCGCAGG-1_V13B23-285_C1,1
TCGACAACTGAACCCG-1_V13B23-285_C1,1
TCGAGACCAACACCGT-1_V13B23-285_C1,4
TCGAGCCAGGCAGGCC-1_V13B23-285_C1,1
TCGAGGGCAACAGACG-1_V13B23-285_C1,4
TCGCAAAGATGCATTT-1_V13B23-285_C1,4
TCGCACCAGGAGGCAG-1_V13B23-285_C1,4
TCGCATAAAGGGCGCA-1_V13B23-285_C1,4
TCGCATCCCTAAGTGT-1_V13B23-285_C1,2
TCGCCGAAGTTGCGTC-1_V13B23-285_C1,1
TCGCCGGTCGATCCGT-1_V13B23-285_C1,2
TCGCGTAGCAGTGTCC-1_V13B23-285_C1,4
TCGCGTCCAGAAGGTC-1_V13B23-285_C1,1
TCGCTAAACCGCTATC-1_V13B23-285_C1,1
TCGCTCGATATATTCC-1_V13B23-285_C1,1
TCGCTCGGCACCAGCG-1_V13B23-285_C1,1
TCGCTGGGCGGATTGT-1_V13B23-285_C1,1
TCGCTGTGCGTAAATC-1_V13B23-285_C1,1
TCGCTTTAAACGTTTG-1_V13B23-285_C1,1
TCGGAATGCGCTCTGA-1_V13B23-285_C1,1
TCGGACGCCCAGCCCA-1_V13B23-285_C1,1
TCGGAGAGTATCGGGA-1_V13B23-285_C1,1
TCGGAGTACATGAGTA-1_V13B23-285_C1,1
TCGGCGAACCCAAACC-1_V13B23-285_C1,4
TCGGCGTACTGCACAA-1_V13B23-285_C1,1
TCGGCTTGTATCGACG-1_V13B23-285_C1,4
TCGGGAACGTGCCTAG-1_V13B23-285_C1,1
TCGGGAGACAGCGTAC-1_V13B23-285_C1,4
TCGGGATTCAAACATA-1_V13B23-285_C1,1
TCGGGCCGTCGTGGTA-1_V13B23-285_C1,4
TCGGGTGAAACTGCTA-1_V13B23-285_C1,2
TCGGTCCCGACAATAG-1_V13B23-285_C1,1
TCGGTCCCTGACTCCA-1_V13B23-285_C1,2
TCGGTGACCGCTCCGG-1_V13B23-285_C1,2
TCGTAAGACGACATTG-1_V13B23-285_C1,1
TCGTAAGCTCCGAGGA-1_V13B23-285_C1,1
TCGTATAGTGCAATTA-1_V13B23-285_C1,2
TCGTATTACCCATTGC-1_V13B23-285_C1,1
TCGTCAAGTACGCGCA-1_V13B23-285_C1,1
TCGTCACACTGTTAGC-1_V13B23-285_C1,1
TCGTCCGCTGGCGTCT-1_V13B23-285_C1,1
TCGTCTTAGGCGTTAA-1_V13B23-285_C1,4
TCGTGTACTATGGATG-1_V13B23-285_C1,4
TCGTGTATTGGTCACG-1_V13B23-285_C1,4
TCGTGTCACGCTGACA-1_V13B23-285_C1,1
TCGTGTTCGACCACAA-1_V13B23-285_C1,4
TCGTTAGGAGTCCCTA-1_V13B23-285_C1,1
TCGTTCGTTATTATGT-1_V13B23-285_C1,2
TCGTTGCTATCCGGTC-1_V13B23-285_C1,1
TCTAACTGTATGTAAA-1_V13B23-285_C1,1
TCTAATACTGCCTCAG-1_V13B23-285_C1,1
TCTACCCAATAGAGAG-1_V13B23-285_C1,4
TCTACCGTCCACAAGC-1_V13B23-285_C1,1
TCTACGGGCTCAGTTG-1_V13B23-285_C1,2
TCTAGCAATCTCCGCC-1_V13B23-285_C1,1
TCTAGCATCTTCGATG-1_V13B23-285_C1,1
TCTAGCATGCCCAGAA-1_V13B23-285_C1,4
TCTAGGTGGCGACGCT-1_V13B23-285_C1,1
TCTAGTGATATCGTGG-1_V13B23-285_C1,4
TCTAGTTATCAGAAGA-1_V13B23-285_C1,4
TCTATCATGCAGTTAC-1_V13B23-285_C1,1
TCTATCGGTCGCAACA-1_V13B23-285_C1,2
TCTATTACGCTGGCGA-1_V13B23-285_C1,2
TCTATTACTAGAGGAT-1_V13B23-285_C1,1
TCTCATGAGATAGGGT-1_V13B23-285_C1,4
TCTCCAACGTAGGTTA-1_V13B23-285_C1,2
TCTCCACAAGTTGAAT-1_V13B23-285_C1,4
TCTCCCTGGGCAGCGT-1_V13B23-285_C1,4
TCTCGAACGAGGTCAC-1_V13B23-285_C1,2
TCTCGACGTATCGCCG-1_V13B23-285_C1,4
TCTCGAGGAGGTTCGC-1_V13B23-285_C1,4
TCTCGGCTCCAGGACT-1_V13B23-285_C1,2
TCTCTAATAGCTGGTA-1_V13B23-285_C1,2
TCTCTCGCCGCACATA-1_V13B23-285_C1,4
TCTGAACCGGTCGGCT-1_V13B23-285_C1,1
TCTGAACTCGTACCCG-1_V13B23-285_C1,4
TCTGAAGCACGTGGTC-1_V13B23-285_C1,4
TCTGAATTCCGTACAA-1_V13B23-285_C1,1
TCTGACGGGCTAACCC-1_V13B23-285_C1,1
TCTGAGCAATTGACTG-1_V13B23-285_C1,4
TCTGATCGGGTGCTAG-1_V13B23-285_C1,1
TCTGATGTATTCTGTC-1_V13B23-285_C1,4
TCTGATTGGAAATGGA-1_V13B23-285_C1,1
TCTGCACCATTAGTAA-1_V13B23-285_C1,1
TCTGCATACCTTGCTT-1_V13B23-285_C1,4
TCTGCCAGAAACTGCA-1_V13B23-285_C1,4
TCTGCGAATCGTTCGC-1_V13B23-285_C1,2
TCTGCGTCCGGTTTCT-1_V13B23-285_C1,2
TCTGCTTAGAACAAGC-1_V13B23-285_C1,4
TCTGGAGCGTAAGAGT-1_V13B23-285_C1,1
TCTGGCCGTTCAAGTT-1_V13B23-285_C1,4
TCTGGGAACCTTTGAA-1_V13B23-285_C1,4
TCTGGGTAGCGCTCAT-1_V13B23-285_C1,1
TCTGTGCCATCATAGT-1_V13B23-285_C1,1
TCTGTTACCCAGCATA-1_V13B23-285_C1,1
TCTTACAGAGGTACCG-1_V13B23-285_C1,2
TCTTACCGGAACTCGT-1_V13B23-285_C1,1
TCTTACGGCATCCGAC-1_V13B23-285_C1,1
TCTTACTTATGCCTCT-1_V13B23-285_C1,4
TCTTAGAGCTCCAATT-1_V13B23-285_C1,4
TCTTAGAGTGAACTCT-1_V13B23-285_C1,4
TCTTCCCATGGGCACA-1_V13B23-285_C1,1
TCTTCGAATAGACGTT-1_V13B23-285_C1,4
TCTTCGATACCAATAA-1_V13B23-285_C1,1
TCTTCGCGGTGAGAGG-1_V13B23-285_C1,4
TCTTCTATAACCCGCC-1_V13B23-285_C1,4
TCTTGATGCGTAGCGA-1_V13B23-285_C1,1
TCTTGGTAACACCAAA-1_V13B23-285_C1,2
TCTTTAAGACTATGAA-1_V13B23-285_C1,1
TCTTTAGAGTCTAACA-1_V13B23-285_C1,4
TCTTTAGCAGGCGAAC-1_V13B23-285_C1,1
TCTTTCCTTCGAGATA-1_V13B23-285_C1,4
TGAAACTTATGCAAGC-1_V13B23-285_C1,2
TGAAAGGACCTGACTC-1_V13B23-285_C1,4
TGAAGAGCGGTCCTAG-1_V13B23-285_C1,1
TGAAGTAGCTTACGGA-1_V13B23-285_C1,1
TGAATATGCTATAAAC-1_V13B23-285_C1,1
TGAATGAGATACAGCA-1_V13B23-285_C1,2
TGAATGTCAGCCGGCC-1_V13B23-285_C1,4
TGACAACGCATGTCGC-1_V13B23-285_C1,4
TGACACTTCTCTTTGC-1_V13B23-285_C1,1
TGACAGGACAAGTCCA-1_V13B23-285_C1,1
TGACATCGAGCGGACC-1_V13B23-285_C1,4
TGACCCACGTTAGACA-1_V13B23-285_C1,1
TGACGAATATTTCCCT-1_V13B23-285_C1,1
TGACGATGCACTAGAA-1_V13B23-285_C1,4
TGACTATAATCCTTTC-1_V13B23-285_C1,4
TGAGAATGCTTTACCG-1_V13B23-285_C1,2
TGAGAGATTTACCACG-1_V13B23-285_C1,4
TGAGATTAGGCCCTAA-1_V13B23-285_C1,1
TGAGCCATACAGTCTC-1_V13B23-285_C1,1
TGAGCGGAAAGTGTTC-1_V13B23-285_C1,4
TGAGCTCAACTGTATA-1_V13B23-285_C1,4
TGAGCTTTAATGACGC-1_V13B23-285_C1,1
TGAGGAGTGCCAGCTT-1_V13B23-285_C1,1
TGAGTAAATTAGCGTA-1_V13B23-285_C1,1
TGAGTGCCTCTTAAAT-1_V13B23-285_C1,1
TGAGTGGTCCGTGACG-1_V13B23-285_C1,1
TGAGTTAAAGACATTC-1_V13B23-285_C1,4
TGATACATTTAGCCGT-1_V13B23-285_C1,1
TGATAGCGGGATTCTA-1_V13B23-285_C1,1
TGATCAGGGAACTGCT-1_V13B23-285_C1,1
TGATCCCAGCATTAGT-1_V13B23-285_C1,1
TGATCGGTTTGACCCT-1_V13B23-285_C1,1
TGATCTACGCTGATCT-1_V13B23-285_C1,1
TGATCTCCGGCGCCAG-1_V13B23-285_C1,1
TGATGGCTGTTTCTGA-1_V13B23-285_C1,1
TGATGTCAATTAAGTG-1_V13B23-285_C1,4
TGATTATGGCACGCAG-1_V13B23-285_C1,2
TGATTCAGGTCCCGCG-1_V13B23-285_C1,1
TGATTCGTCTATCACT-1_V13B23-285_C1,1
TGATTCTGTCGCCGGT-1_V13B23-285_C1,1
TGATTTATTAGCTGTG-1_V13B23-285_C1,1
TGATTTCCTCCTGACG-1_V13B23-285_C1,2
TGCAACCCATCTGCGG-1_V13B23-285_C1,4
TGCAAGAATGACGTAA-1_V13B23-285_C1,1
TGCAATCTAACACGGT-1_V13B23-285_C1,4
TGCAATTTGGGCACGG-1_V13B23-285_C1,1
TGCACAGTGAAGTTAT-1_V13B23-285_C1,1
TGCACTATGTGAGTGC-1_V13B23-285_C1,2
TGCAGAACTATATCGT-1_V13B23-285_C1,1
TGCAGAGTACCGAGCA-1_V13B23-285_C1,1
TGCAGATCGTCCTAGG-1_V13B23-285_C1,1
TGCAGCTACGTACTTC-1_V13B23-285_C1,1
TGCAGGATCGGCAAAG-1_V13B23-285_C1,1
TGCAGTGAGGCTCGGG-1_V13B23-285_C1,2
TGCAGTTTCCTCCCAT-1_V13B23-285_C1,4
TGCATATGTCTGTCAC-1_V13B23-285_C1,4
TGCATGGATCGGATCT-1_V13B23-285_C1,2
TGCATGTGGTAATCTA-1_V13B23-285_C1,1
TGCCAAAGTCAGACTT-1_V13B23-285_C1,1
TGCCAATGGGTACTCT-1_V13B23-285_C1,1
TGCCACCTGGCGAAAC-1_V13B23-285_C1,2
TGCCAGTACGTGGAGA-1_V13B23-285_C1,4
TGCCATTACTAAAGAA-1_V13B23-285_C1,1
TGCCCGTACCGTTAAA-1_V13B23-285_C1,4
TGCCGGATGTACGAGC-1_V13B23-285_C1,1
TGCCGTGGATCGTCCT-1_V13B23-285_C1,4
TGCCTAAATTTAATAG-1_V13B23-285_C1,1
TGCCTAATTGAAGATT-1_V13B23-285_C1,4
TGCCTGACATCGGTCA-1_V13B23-285_C1,2
TGCCTGATCAAACGAT-1_V13B23-285_C1,2
TGCCTTGGCCAGGCAA-1_V13B23-285_C1,4
TGCGAATATGGGATTT-1_V13B23-285_C1,1
TGCGACACCCTAGTGC-1_V13B23-285_C1,1
TGCGACGGCCGAACGT-1_V13B23-285_C1,1
TGCGAGAATATTACCC-1_V13B23-285_C1,1
TGCGAGCCCTTCCGCG-1_V13B23-285_C1,1
TGCGATGCTAATGGCT-1_V13B23-285_C1,1
TGCGCAAAGCATTTGG-1_V13B23-285_C1,1
TGCGCCGTTAATAACG-1_V13B23-285_C1,4
TGCGCGATTAACGGAG-1_V13B23-285_C1,1
TGCGGAGTAAAGGTGC-1_V13B23-285_C1,2
TGCGGCATAGTTCAAC-1_V13B23-285_C1,2
TGCGGTGAAATTTCAT-1_V13B23-285_C1,3
TGCGTAAGAACCTGAT-1_V13B23-285_C1,1
TGCGTCATGACTGAGC-1_V13B23-285_C1,1
TGCGTGATTGGGTGTC-1_V13B23-285_C1,2
TGCGTTTGTTGACACT-1_V13B23-285_C1,4
TGCTAAGTGTCTATTT-1_V13B23-285_C1,4
TGCTCCACAGTTCTTA-1_V13B23-285_C1,4
TGCTCGGCGAAACCCA-1_V13B23-285_C1,4
TGCTCTGCCGGTTCAC-1_V13B23-285_C1,1
TGCTGGTTGGACAATT-1_V13B23-285_C1,2
TGCTGTTGAAGAACTC-1_V13B23-285_C1,4
TGCTTAGAGAGAATGC-1_V13B23-285_C1,1
TGCTTCCCAAGCAGTA-1_V13B23-285_C1,4
TGGAACCACTGACACA-1_V13B23-285_C1,1
TGGAAGAAGGGAACGT-1_V13B23-285_C1,1
TGGAAGACGAACACCA-1_V13B23-285_C1,2
TGGAAGGATAAAGATG-1_V13B23-285_C1,2
TGGAATATCCTTGACC-1_V13B23-285_C1,1
TGGAATTAGACGCTTT-1_V13B23-285_C1,1
TGGACACCGTTGCTTG-1_V13B23-285_C1,1
TGGACCAATCTAAGAT-1_V13B23-285_C1,4
TGGACGCAATCCAGCC-1_V13B23-285_C1,1
TGGACTGTTCGCTCAA-1_V13B23-285_C1,4
TGGAGGGAAACACCTC-1_V13B23-285_C1,1
TGGAGTGATGCGATGA-1_V13B23-285_C1,1
TGGCAAACTAAATTAC-1_V13B23-285_C1,4
TGGCAACTCGCGCGCC-1_V13B23-285_C1,1
TGGCAATGGGACGGCG-1_V13B23-285_C1,4
TGGCAGATTACGATCA-1_V13B23-285_C1,1
TGGCAGCAGTAATAGT-1_V13B23-285_C1,4
TGGCCAAACTGAAGTA-1_V13B23-285_C1,1
TGGCCGTATATTGACC-1_V13B23-285_C1,1
TGGCGACTGCTCCAAA-1_V13B23-285_C1,1
TGGCGATCAAGTTATG-1_V13B23-285_C1,1
TGGCTATGTGACATAC-1_V13B23-285_C1,4
TGGCTCTTGTCGCGTA-1_V13B23-285_C1,1
TGGCTTGTACAAGCTT-1_V13B23-285_C1,2
TGGCTTTGGGTAGACA-1_V13B23-285_C1,2
TGGGAAATGCCTTTCC-1_V13B23-285_C1,1
TGGGATGCACTCATTC-1_V13B23-285_C1,2
TGGGCAATAGTTGGGT-1_V13B23-285_C1,4
TGGGCACGTTCTATGG-1_V13B23-285_C1,3
TGGGCAGGCCACCGCA-1_V13B23-285_C1,4
TGGGCCACAAGAGCGC-1_V13B23-285_C1,3
TGGGCCCATACTAATT-1_V13B23-285_C1,4
TGGGTAAGGTTCCCGC-1_V13B23-285_C1,2
TGGGTGGGATGTCATT-1_V13B23-285_C1,2
TGGTAAGCAGGATTGA-1_V13B23-285_C1,1
TGGTAGAATATATGGG-1_V13B23-285_C1,4
TGGTATCGCATCCCAA-1_V13B23-285_C1,2
TGGTCCCACGCTACGG-1_V13B23-285_C1,4
TGGTCGTGCAAGGCAA-1_V13B23-285_C1,1
TGGTCTAGCTTACATG-1_V13B23-285_C1,1
TGGTCTGTTGGGCGTA-1_V13B23-285_C1,1
TGGTGATCGTATTTGT-1_V13B23-285_C1,1
TGGTTAAGGGCGCTGG-1_V13B23-285_C1,1
TGGTTCAACGGGTAAT-1_V13B23-285_C1,4
TGGTTCGTAGCAAAGG-1_V13B23-285_C1,1
TGGTTGGAGGATCCTG-1_V13B23-285_C1,2
TGGTTTAAACGTGGGT-1_V13B23-285_C1,1
TGTAATGACCACAATA-1_V13B23-285_C1,1
TGTACCTACACGAGGG-1_V13B23-285_C1,4
TGTACGAACAAATCCG-1_V13B23-285_C1,4
TGTACTACTCTCACGG-1_V13B23-285_C1,1
TGTAGCCATCCCATTC-1_V13B23-285_C1,4
TGTAGGAGAAATTTCC-1_V13B23-285_C1,4
TGTAGTGATCTATAAT-1_V13B23-285_C1,1
TGTATAACAGATCCTG-1_V13B23-285_C1,1
TGTATACGGATGATGA-1_V13B23-285_C1,1
TGTATCCTTATTCCAT-1_V13B23-285_C1,2
TGTATGGCGCAGACAG-1_V13B23-285_C1,4
TGTATTTACCTAATGC-1_V13B23-285_C1,2
TGTCATTTGTTGGGAA-1_V13B23-285_C1,1
TGTCCCGACATAGCAC-1_V13B23-285_C1,2
TGTCCGTGGCGCCTTT-1_V13B23-285_C1,1
TGTCCTAAGTCACCGC-1_V13B23-285_C1,1
TGTCGTTATCACATAT-1_V13B23-285_C1,1
TGTCTACAGTTTCTGT-1_V13B23-285_C1,2
TGTGACTACGCCAGTC-1_V13B23-285_C1,2
TGTGAGACTAGCCCAA-1_V13B23-285_C1,4
TGTGCCGGTGCCGGAA-1_V13B23-285_C1,4
TGTGCTTTACGTAAGA-1_V13B23-285_C1,1
TGTGGACTATCTACGT-1_V13B23-285_C1,4
TGTGGCAAAGCGTATG-1_V13B23-285_C1,1
TGTGGCTCCCACCAAC-1_V13B23-285_C1,4
TGTGGTAGGGTGCCTT-1_V13B23-285_C1,4
TGTGTAGTAGCACGTG-1_V13B23-285_C1,4
TGTGTCGCGAGTTGCA-1_V13B23-285_C1,1
TGTGTTCGTATCCAAG-1_V13B23-285_C1,1
TGTTATTGTATGTGGC-1_V13B23-285_C1,3
TGTTCATAAATGTGCT-1_V13B23-285_C1,1
TGTTCCGCTTCCATGA-1_V13B23-285_C1,1
TGTTCGTATTGCGGTG-1_V13B23-285_C1,4
TGTTCTTCCATTGACT-1_V13B23-285_C1,1
TGTTGCCGTCGTCCCA-1_V13B23-285_C1,4
TGTTGTCAAGAAGTCT-1_V13B23-285_C1,2
TGTTTAATACTTCATC-1_V13B23-285_C1,2
TGTTTCGGTACTTCTC-1_V13B23-285_C1,2
TGTTTGAGATCGTCAG-1_V13B23-285_C1,4
TTAAACCTGGTTCCTT-1_V13B23-285_C1,1
TTAAACTCGAATTCAT-1_V13B23-285_C1,1
TTAACACCTCGAACAT-1_V13B23-285_C1,1
TTAACCAACCCTCCCT-1_V13B23-285_C1,2
TTAACGAACAAGCAGT-1_V13B23-285_C1,1
TTAACGTCGCAAGACC-1_V13B23-285_C1,2
TTAACTCACGCGTGGA-1_V13B23-285_C1,1
TTAACTTCAGGTAGGA-1_V13B23-285_C1,1
TTAAGATAGGATTGAC-1_V13B23-285_C1,4
TTAAGCCGACAACTTC-1_V13B23-285_C1,2
TTAAGCGCCTGACCCA-1_V13B23-285_C1,1
TTAAGGCCCGTACTTT-1_V13B23-285_C1,1
TTAATCAGTACGTCAG-1_V13B23-285_C1,2
TTAATGTAGACCAGGT-1_V13B23-285_C1,1
TTAATGTGTTTGCAGG-1_V13B23-285_C1,1
TTAATTGCTTTGGGTG-1_V13B23-285_C1,4
TTAATTTCAGACGCGG-1_V13B23-285_C1,3
TTACAACTACGCATCC-1_V13B23-285_C1,1
TTACACGATCTGCGAC-1_V13B23-285_C1,4
TTACAGACCTAAATGA-1_V13B23-285_C1,1
TTACATCGTGGCCTGG-1_V13B23-285_C1,2
TTACATGCCACAACTA-1_V13B23-285_C1,4
TTACCATTGATTACCC-1_V13B23-285_C1,1
TTACCCATTGCCGGGT-1_V13B23-285_C1,1
TTACCCTAACAGTCCT-1_V13B23-285_C1,1
TTACCCTAGGGATTGG-1_V13B23-285_C1,1
TTACCGCCTTAGGGAA-1_V13B23-285_C1,2
TTACGGATGGTTCGAG-1_V13B23-285_C1,1
TTACTAAAGGACTTTA-1_V13B23-285_C1,4
TTACTATCGGCTTCTC-1_V13B23-285_C1,1
TTACTCCGGCCGGGAA-1_V13B23-285_C1,4
TTACTCTGGTACGTAC-1_V13B23-285_C1,1
TTACTGGGATATTTCA-1_V13B23-285_C1,1
TTACTGTCTAGAGCTC-1_V13B23-285_C1,1
TTAGAAGAACATGACT-1_V13B23-285_C1,4
TTAGAATAAGGGTCGG-1_V13B23-285_C1,1
TTAGACACGATCGTTG-1_V13B23-285_C1,1
TTAGACGAGTCACCTC-1_V13B23-285_C1,4
TTAGAGTTTAGAAGGA-1_V13B23-285_C1,4
TTAGATAGGTCGATAC-1_V13B23-285_C1,2
TTAGCAACATGGATGT-1_V13B23-285_C1,1
TTAGCTAATACGATCT-1_V13B23-285_C1,1
TTAGCTCTGTAATCCG-1_V13B23-285_C1,1
TTAGCTGATTTGCCGT-1_V13B23-285_C1,4
TTAGGATGGGAGGGTA-1_V13B23-285_C1,3
TTAGGTCATAACCGAC-1_V13B23-285_C1,1
TTAGTAAACCTGCTCT-1_V13B23-285_C1,4
TTAGTAGGGCGGCGGG-1_V13B23-285_C1,1
TTAGTTATTCGTGGCA-1_V13B23-285_C1,4
TTAGTTCAAGTGTTCG-1_V13B23-285_C1,1
TTATAGGTAATTGTCT-1_V13B23-285_C1,4
TTATATACGCTGTCAC-1_V13B23-285_C1,4
TTATATTTGGCAATCC-1_V13B23-285_C1,1
TTATCCAATCGAACTC-1_V13B23-285_C1,2
TTATCCGGGATCTATA-1_V13B23-285_C1,4
TTATCCTCAAGGAATA-1_V13B23-285_C1,1
TTATCGCCTGCGAAGC-1_V13B23-285_C1,1
TTATCTGACATTAGGA-1_V13B23-285_C1,1
TTATCTGTATCATAAC-1_V13B23-285_C1,2
TTATGAATGAAAGGGA-1_V13B23-285_C1,4
TTATGACAAACTGGAT-1_V13B23-285_C1,1
TTATGATCTTAACGAA-1_V13B23-285_C1,4
TTATGTTTGCGATAGA-1_V13B23-285_C1,1
TTATTAGAGCGTGTTC-1_V13B23-285_C1,4
TTATTAGGGAAGCATC-1_V13B23-285_C1,2
TTATTATCTGGAAGGC-1_V13B23-285_C1,4
TTCAAAGTCTCTAGCC-1_V13B23-285_C1,4
TTCAACGACCCGACCG-1_V13B23-285_C1,2
TTCAAGCCGAGCTGAG-1_V13B23-285_C1,2
TTCAATACTCTGAATC-1_V13B23-285_C1,4
TTCAATTAGCCATAAT-1_V13B23-285_C1,2
TTCACGAAAGGATCAC-1_V13B23-285_C1,4
TTCACTCGAGCACCTA-1_V13B23-285_C1,4
TTCAGCCCTGGTCCAC-1_V13B23-285_C1,4
TTCAGCTGGCGTGCCC-1_V13B23-285_C1,4
TTCAGGCGTCAAAGCC-1_V13B23-285_C1,1
TTCAGTTTGTGGCAGC-1_V13B23-285_C1,1
TTCATAGGGTGTCCAT-1_V13B23-285_C1,1
TTCATGGCGCAACAGG-1_V13B23-285_C1,2
TTCCAATCAGAGCTAG-1_V13B23-285_C1,1
TTCCAATCTGGCTATC-1_V13B23-285_C1,1
TTCCACACAGATTTGA-1_V13B23-285_C1,1
TTCCAGACGAGATTTA-1_V13B23-285_C1,4
TTCCATCATGCGGTGA-1_V13B23-285_C1,1
TTCCATCGACAGCGTG-1_V13B23-285_C1,4
TTCCCGGCGCCAATAG-1_V13B23-285_C1,1
TTCCGCAGAGAAATAT-1_V13B23-285_C1,1
TTCCGCGTGAGGCGAT-1_V13B23-285_C1,4
TTCCGGCCTTGAGGCT-1_V13B23-285_C1,1
TTCCGGCTCGACTTCT-1_V13B23-285_C1,2
TTCCGGTATCTGTGTC-1_V13B23-285_C1,4
TTCCGGTTACCCACTT-1_V13B23-285_C1,4
TTCCTCGAGGGTGTCT-1_V13B23-285_C1,2
TTCCTCGGACTAACCA-1_V13B23-285_C1,4
TTCCTCTGCCCGAATA-1_V13B23-285_C1,1
TTCGACAGAGCCCGTG-1_V13B23-285_C1,4
TTCGACGGGAAGGGCG-1_V13B23-285_C1,1
TTCGCACTCGCGTGCT-1_V13B23-285_C1,1
TTCGCACTGTACGACA-1_V13B23-285_C1,1
TTCGCATCCGGAAGCA-1_V13B23-285_C1,2
TTCGCCGCTCGCGCTA-1_V13B23-285_C1,1
TTCGCGCGCCATACGA-1_V13B23-285_C1,1
TTCGCTAGGAAGTTGT-1_V13B23-285_C1,4
TTCGCTATCTGACGTG-1_V13B23-285_C1,1
TTCGGCAACCCGCTGA-1_V13B23-285_C1,1
TTCGGCTAGAGATGGT-1_V13B23-285_C1,2
TTCGGGACTAATCGCG-1_V13B23-285_C1,4
TTCGGGCGCTAGTCTT-1_V13B23-285_C1,1
TTCGGGTTGCCACGGG-1_V13B23-285_C1,4
TTCGGTGGAGACGCCC-1_V13B23-285_C1,4
TTCGTAATCCCAGCGG-1_V13B23-285_C1,2
TTCGTACTCCAGAACG-1_V13B23-285_C1,1
TTCGTTCAACGAAGTT-1_V13B23-285_C1,1
TTCTAACCGAAGCTTA-1_V13B23-285_C1,4
TTCTACTTGCGAGGGC-1_V13B23-285_C1,1
TTCTAGAAAGTCTTAT-1_V13B23-285_C1,1
TTCTAGGCCAATTGTG-1_V13B23-285_C1,2
TTCTATGCCTTTCGCA-1_V13B23-285_C1,1
TTCTGACCGGGCTCAA-1_V13B23-285_C1,4
TTCTGCCGCGCCTAGA-1_V13B23-285_C1,4
TTCTGCGAGCGCCCTT-1_V13B23-285_C1,1
TTCTGCGGGTTAGCGG-1_V13B23-285_C1,4
TTCTGCTAGACTCCAA-1_V13B23-285_C1,1
TTCTGTTTCCTGTCGC-1_V13B23-285_C1,1
TTCTTAGTGAACGGTG-1_V13B23-285_C1,2
TTCTTAGTGGCTCAGA-1_V13B23-285_C1,2
TTCTTATCCGCTGGGT-1_V13B23-285_C1,4
TTCTTGAGCCGCGCTA-1_V13B23-285_C1,1
TTCTTGCTAGCATCTC-1_V13B23-285_C1,4
TTCTTGGACGATCTGC-1_V13B23-285_C1,1
TTCTTGGAGTAATGAG-1_V13B23-285_C1,2
TTCTTGTAACCTAATG-1_V13B23-285_C1,1
TTCTTGTGTCCATCAG-1_V13B23-285_C1,1
TTCTTTGGTCGCGACG-1_V13B23-285_C1,1
TTGAAAGGTGTAAAGG-1_V13B23-285_C1,1
TTGAACGAATCCTTTG-1_V13B23-285_C1,1
TTGAACGACGTGCTGA-1_V13B23-285_C1,4
TTGAAGAATTCCCAGG-1_V13B23-285_C1,1
TTGAATATGGACTTTC-1_V13B23-285_C1,4
TTGAATTCACGTGAGG-1_V13B23-285_C1,4
TTGACAGGAGCTCCCG-1_V13B23-285_C1,4
TTGACATGAACGTGGA-1_V13B23-285_C1,1
TTGACCAGGAACAACT-1_V13B23-285_C1,4
TTGACCATGTTCTCCG-1_V13B23-285_C1,1
TTGACCGTGTTAATGA-1_V13B23-285_C1,1
TTGACGCTCCATGAGC-1_V13B23-285_C1,4
TTGACTACCATATGGT-1_V13B23-285_C1,1
TTGACTATTGTCCGGC-1_V13B23-285_C1,4
TTGAGAAGTTTAGCAT-1_V13B23-285_C1,4
TTGAGAGTACTGCTAA-1_V13B23-285_C1,1
TTGAGCAGCCCACGGT-1_V13B23-285_C1,4
TTGAGCGCCACGTGAT-1_V13B23-285_C1,4
TTGAGTCCCGCTGCTG-1_V13B23-285_C1,4
TTGATAGTCAATACAT-1_V13B23-285_C1,1
TTGATCTAACTTTGTC-1_V13B23-285_C1,1
TTGATGTGTAGTCCCG-1_V13B23-285_C1,1
TTGATTAGCTGTTTCT-1_V13B23-285_C1,1
TTGATTATGCAGATGA-1_V13B23-285_C1,1
TTGCACAATTCAGAAA-1_V13B23-285_C1,1
TTGCACGGAGCAGCAC-1_V13B23-285_C1,2
TTGCATGCTGATCACG-1_V13B23-285_C1,1
TTGCCAAGCAGAACCC-1_V13B23-285_C1,4
TTGCCATAGCCCGCTC-1_V13B23-285_C1,1
TTGCCCTGATCACGGG-1_V13B23-285_C1,1
TTGCCGCTTTCTAGTA-1_V13B23-285_C1,4
TTGCCGGTGATCCCTC-1_V13B23-285_C1,2
TTGCGGCATCAGAAAG-1_V13B23-285_C1,1
TTGCGTAGTTTGAGGA-1_V13B23-285_C1,1
TTGCGTCGGCCAACCG-1_V13B23-285_C1,1
TTGCGTGAACGCTTAG-1_V13B23-285_C1,1
TTGCTCCCATACCGGA-1_V13B23-285_C1,2
TTGCTGAAGGAACCAC-1_V13B23-285_C1,2
TTGCTGATCATGTTCG-1_V13B23-285_C1,2
TTGCTGCACCTATCCA-1_V13B23-285_C1,1
TTGCTGGCCGGGCTTC-1_V13B23-285_C1,2
TTGGAAGAATACAGTC-1_V13B23-285_C1,1
TTGGACATGTGGCTTA-1_V13B23-285_C1,1
TTGGACCATCTGGCAA-1_V13B23-285_C1,4
TTGGACCTATAACAGT-1_V13B23-285_C1,4
TTGGATATCGTCTACG-1_V13B23-285_C1,1
TTGGATCGACTTCTGG-1_V13B23-285_C1,2
TTGGATTGGGTACCAC-1_V13B23-285_C1,2
TTGGCCATCTTGCGCT-1_V13B23-285_C1,2
TTGGCCTAGAATTTCG-1_V13B23-285_C1,2
TTGGCGATCCGAATAT-1_V13B23-285_C1,1
TTGGCTCGCATGAGAC-1_V13B23-285_C1,1
TTGGGACACTGCCCGC-1_V13B23-285_C1,1
TTGGGACGTAAGAGTT-1_V13B23-285_C1,4
TTGGGCGGCGGTTGCC-1_V13B23-285_C1,1
TTGGTCACACTCGTAA-1_V13B23-285_C1,1
TTGGTTCGCTCAAAGG-1_V13B23-285_C1,1
TTGGTTGCGGTGCGCG-1_V13B23-285_C1,1
TTGTAAGGACCTAAGT-1_V13B23-285_C1,1
TTGTAAGGCCAGTTGG-1_V13B23-285_C1,1
TTGTAATCCGTACTCG-1_V13B23-285_C1,3
TTGTATCACACAGAAT-1_V13B23-285_C1,2
TTGTCGTTCAGTTACC-1_V13B23-285_C1,1
TTGTGAACCTAATCCG-1_V13B23-285_C1,4
TTGTGAGGCATGACGC-1_V13B23-285_C1,1
TTGTGCAGCCACGTCA-1_V13B23-285_C1,4
TTGTGGCCCTGACAGT-1_V13B23-285_C1,2
TTGTGGTAGGAGGGAT-1_V13B23-285_C1,1
TTGTGGTATAGGTATG-1_V13B23-285_C1,1
TTGTGGTGGTACTAAG-1_V13B23-285_C1,4
TTGTGTATGCCACCAA-1_V13B23-285_C1,1
TTGTGTTTCCCGAAAG-1_V13B23-285_C1,1
TTGTTAGCAAATTCGA-1_V13B23-285_C1,2
TTGTTCAGTGTGCTAC-1_V13B23-285_C1,1
TTGTTGTGTGTCAAGA-1_V13B23-285_C1,1
TTGTTTCACATCCAGG-1_V13B23-285_C1,1
TTGTTTCATTAGTCTA-1_V13B23-285_C1,1
TTGTTTCCATACAACT-1_V13B23-285_C1,1
AAACAAGTATCTCCCA-1_V13B23-285_D1,4
AAACACCAATAACTGC-1_V13B23-285_D1,1
AAACAGAGCGACTCCT-1_V13B23-285_D1,2
AAACAGGGTCTATATT-1_V13B23-285_D1,1
AAACATTTCCCGGATT-1_V13B23-285_D1,4
AAACCCGAACGAAATC-1_V13B23-285_D1,4
AAACCGGAAATGTTAA-1_V13B23-285_D1,4
AAACCGGGTAGGTACC-1_V13B23-285_D1,1
AAACCGTTCGTCCAGG-1_V13B23-285_D1,1
AAACCTAAGCAGCCGG-1_V13B23-285_D1,4
AAACCTCATGAAGTTG-1_V13B23-285_D1,1
AAACGAGACGGTTGAT-1_V13B23-285_D1,1
AAACGGGCGTACGGGT-1_V13B23-285_D1,4
AAACGTGTTCGCCCTA-1_V13B23-285_D1,2
AAACTCGTGATATAAG-1_V13B23-285_D1,1
AAACTGCTGGCTCCAA-1_V13B23-285_D1,4
AAACTTGCAAACGTAT-1_V13B23-285_D1,1
AAAGACTGGGCGCTTT-1_V13B23-285_D1,1
AAAGCTTGCCTACATA-1_V13B23-285_D1,1
AAAGGCTACGGACCAT-1_V13B23-285_D1,1
AAAGGCTCTCGCGCCG-1_V13B23-285_D1,1
AAAGGGATGTAGCAAG-1_V13B23-285_D1,1
AAAGGGCAGCTTGAAT-1_V13B23-285_D1,1
AAAGTAGCATTGCTCA-1_V13B23-285_D1,1
AAAGTCACTGATGTAA-1_V13B23-285_D1,2
AAAGTGCCATCAATTA-1_V13B23-285_D1,4
AAAGTGTGATTTATCT-1_V13B23-285_D1,4
AAAGTTGACTCCCGTA-1_V13B23-285_D1,4
AAATAACCATACGGGA-1_V13B23-285_D1,2
AAATAAGGTAGTGCCC-1_V13B23-285_D1,1
AAATACCTATAAGCAT-1_V13B23-285_D1,4
AAATAGCTTAGACTTT-1_V13B23-285_D1,1
AAATAGGGTGCTATTG-1_V13B23-285_D1,4
AAATCCGATACACGCC-1_V13B23-285_D1,4
AAATCGTGTACCACAA-1_V13B23-285_D1,1
AAATCTAGCCCTGCTA-1_V13B23-285_D1,4
AAATGATTCGATCAGC-1_V13B23-285_D1,1
AAATGCTCGTTACGTT-1_V13B23-285_D1,1
AAATGGCATGTCTTGT-1_V13B23-285_D1,3
AAATGGCCCGTGCCCT-1_V13B23-285_D1,1
AAATGGTCAATGTGCC-1_V13B23-285_D1,1
AAATTAACGGGTAGCT-1_V13B23-285_D1,1
AAATTACACGACTCTG-1_V13B23-285_D1,2
AAATTACCTATCGATG-1_V13B23-285_D1,1
AAATTCCAGGTCCAAA-1_V13B23-285_D1,1
AAATTGATAGTCCTTT-1_V13B23-285_D1,1
AAATTTGCGGGTGTGG-1_V13B23-285_D1,1
AACAACTGGTAGTTGC-1_V13B23-285_D1,1
AACAATACATTGTCGA-1_V13B23-285_D1,1
AACAATTACTCTACGC-1_V13B23-285_D1,1
AACACACGCTCGCCGC-1_V13B23-285_D1,4
AACACGACTGTACTGA-1_V13B23-285_D1,2
AACACGAGACGCGGCC-1_V13B23-285_D1,1
AACAGCTGTGTGGCAA-1_V13B23-285_D1,1
AACAGGAAATCGAATA-1_V13B23-285_D1,3
AACAGGATGGGCCGCG-1_V13B23-285_D1,1
AACAGGTAGTATGGAT-1_V13B23-285_D1,4
AACATATCAACTGGTG-1_V13B23-285_D1,1
AACATCGATACGTCTA-1_V13B23-285_D1,1
AACCAAGACTTCTCTG-1_V13B23-285_D1,1
AACCATGGGATCGCTA-1_V13B23-285_D1,2
AACCCAGAGACGGAGA-1_V13B23-285_D1,1
AACCCATCCCATGATC-1_V13B23-285_D1,1
AACCCGAGCAGAATCG-1_V13B23-285_D1,4
AACCCTACTGTCAATA-1_V13B23-285_D1,4
AACCCTGGTGGAACCA-1_V13B23-285_D1,2
AACCGAGCTTGGTCAT-1_V13B23-285_D1,2
AACCGCTAAGGGATGC-1_V13B23-285_D1,4
AACCGTTGTGTTTGCT-1_V13B23-285_D1,3
AACCTCGCTTTAGCCC-1_V13B23-285_D1,4
AACCTGTCACGGAATT-1_V13B23-285_D1,1
AACCTTTAAATACGGT-1_V13B23-285_D1,4
AACCTTTACGACGTCT-1_V13B23-285_D1,2
AACGATAATGCCGTAG-1_V13B23-285_D1,4
AACGATAGAAGGGCCG-1_V13B23-285_D1,2
AACGATATGTCAACTG-1_V13B23-285_D1,1
AACGCATGATCTGGGT-1_V13B23-285_D1,1
AACGCGAACGGCAACA-1_V13B23-285_D1,2
AACGCGGTCTCCAGCC-1_V13B23-285_D1,2
AACGCTGTTGCTGAAA-1_V13B23-285_D1,4
AACGGACGTACGTATA-1_V13B23-285_D1,4
AACGGCCATCTCCGGT-1_V13B23-285_D1,1
AACGTACTGTGGGTAC-1_V13B23-285_D1,1
AACGTCAGACTAGTGG-1_V13B23-285_D1,1
AACGTGATGAAGGACA-1_V13B23-285_D1,2
AACGTGCGAAAGTCTC-1_V13B23-285_D1,2
AACTACCCGTTTGTCA-1_V13B23-285_D1,4
AACTAGGCTTGGGTGT-1_V13B23-285_D1,1
AACTCAAGTTAATTGC-1_V13B23-285_D1,1
AACTCCAGAGCGTGTT-1_V13B23-285_D1,4
AACTCCTAATCCCATG-1_V13B23-285_D1,2
AACTCGATGGCGCAGT-1_V13B23-285_D1,2
AACTCTCAATAGAGCG-1_V13B23-285_D1,1
AACTCTCAGTGTGCTC-1_V13B23-285_D1,1
AACTGAGTTATACTGA-1_V13B23-285_D1,4
AACTGATATTAGGCCT-1_V13B23-285_D1,2
AACTGGGTCCCGACGT-1_V13B23-285_D1,2
AACTTCTGCGTCTATC-1_V13B23-285_D1,1
AACTTGCCCGTATGCA-1_V13B23-285_D1,1
AACTTGCGTTCTCGCG-1_V13B23-285_D1,1
AACTTTCTCGATCATG-1_V13B23-285_D1,1
AAGAAATCACCAGATT-1_V13B23-285_D1,1
AAGAAGGATCAGTTAG-1_V13B23-285_D1,2
AAGACCCAACTGAACA-1_V13B23-285_D1,1
AAGACTGCAAGCTACT-1_V13B23-285_D1,4
AAGAGATGAATCGGTA-1_V13B23-285_D1,1
AAGAGCTCTTTATCGG-1_V13B23-285_D1,2
AAGAGGATGTACGCGA-1_V13B23-285_D1,1
AAGAGGCATGGATCGC-1_V13B23-285_D1,1
AAGAGGCCCTTTGGAA-1_V13B23-285_D1,4
AAGATGGCACCGGACC-1_V13B23-285_D1,1
AAGATTGGCGGAACGT-1_V13B23-285_D1,1
AAGCACCCTGCGTATC-1_V13B23-285_D1,4
AAGCATACTCTCCTGA-1_V13B23-285_D1,4
AAGCCGAAGCGGTTTA-1_V13B23-285_D1,4
AAGCCGCTTTACCTTG-1_V13B23-285_D1,2
AAGCCGGAGAGCAGGA-1_V13B23-285_D1,4
AAGCGGCGTCATGGGT-1_V13B23-285_D1,2
AAGCGTCCCTCATCGA-1_V13B23-285_D1,1
AAGCTAGATCGAGTAA-1_V13B23-285_D1,4
AAGCTCGTGCCAAGTC-1_V13B23-285_D1,2
AAGCTCTTTCATGGTG-1_V13B23-285_D1,4
AAGGAGCGGTTGGTGC-1_V13B23-285_D1,1
AAGGATCGATCGCTTG-1_V13B23-285_D1,4
AAGGATGAGGGACCTC-1_V13B23-285_D1,1
AAGGCAGGCTGTCTCC-1_V13B23-285_D1,4
AAGGCGCGTAAAGCTT-1_V13B23-285_D1,1
AAGGCTGTGCTCATCG-1_V13B23-285_D1,1
AAGGGACAGATTCTGT-1_V13B23-285_D1,1
AAGGGACTATGCATTC-1_V13B23-285_D1,1
AAGGTATCCTAATATA-1_V13B23-285_D1,1
AAGGTGATAAACCAGC-1_V13B23-285_D1,4
AAGTAGAAGACCGGGT-1_V13B23-285_D1,1
AAGTAGTGACGCGAGG-1_V13B23-285_D1,1
AAGTCAATTGTCGTCA-1_V13B23-285_D1,4
AAGTCTAGTAGCTGCC-1_V13B23-285_D1,1
AAGTGACGACCGAATT-1_V13B23-285_D1,1
AAGTGAGTCGGGTTTA-1_V13B23-285_D1,1
AAGTGCCTTGACTGTA-1_V13B23-285_D1,4
AAGTGCGTTAGAATCT-1_V13B23-285_D1,1
AAGTGTTTGGAGACGG-1_V13B23-285_D1,4
AAGTTCACTCCAAGCT-1_V13B23-285_D1,4
AAGTTCAGTCTGCGTA-1_V13B23-285_D1,1
AAGTTCGGCCAACAGG-1_V13B23-285_D1,1
AAGTTGTGATGTTATA-1_V13B23-285_D1,4
AATAACAACGCTCGGC-1_V13B23-285_D1,1
AATAACACTAGAACAA-1_V13B23-285_D1,1
AATAATCTTCGTATCG-1_V13B23-285_D1,4
AATACAATGTTTCAGG-1_V13B23-285_D1,1
AATAGAACAGAGTGGC-1_V13B23-285_D1,1
AATAGAATCTGTTTCA-1_V13B23-285_D1,4
AATAGCTACCGCGTGC-1_V13B23-285_D1,1
AATAGTCCGTCCCGAC-1_V13B23-285_D1,1
AATATCGAATCAATGC-1_V13B23-285_D1,4
AATATCGAGGGTTCTC-1_V13B23-285_D1,1
AATATTGGAGTATTGA-1_V13B23-285_D1,1
AATCATGTAAAGACTC-1_V13B23-285_D1,4
AATCCAAGGGCCTGAG-1_V13B23-285_D1,2
AATCGCCTCAGCGCCA-1_V13B23-285_D1,4
AATCGCGCAGAGGACT-1_V13B23-285_D1,4
AATCTAGGTTTACTTG-1_V13B23-285_D1,1
AATCTATGCCGGAGCC-1_V13B23-285_D1,1
AATCTGCGTTGGGACG-1_V13B23-285_D1,1
AATCTGGCTTTCTAGT-1_V13B23-285_D1,1
AATGACAGCAATGTCT-1_V13B23-285_D1,1
AATGACGTAGGATGTC-1_V13B23-285_D1,4
AATGACTGTCAGCCGG-1_V13B23-285_D1,1
AATGAGTTCGCATATG-1_V13B23-285_D1,1
AATGATGATACGCTAT-1_V13B23-285_D1,1
AATGATGCGACTCCTG-1_V13B23-285_D1,1
AATGCAACCGGGTACC-1_V13B23-285_D1,1
AATGCACCAAGCAATG-1_V13B23-285_D1,1
AATGGTCCACCGTTCA-1_V13B23-285_D1,1
AATGGTTCTCACAAGC-1_V13B23-285_D1,1
AATGTGCCCGAGGTGT-1_V13B23-285_D1,1
AATTAAAGGTCGGCGT-1_V13B23-285_D1,1
AATTAACGGATTTCCA-1_V13B23-285_D1,4
AATTAGCGCTGCAGCG-1_V13B23-285_D1,1
AATTCATAAGGGATCT-1_V13B23-285_D1,1
AATTCTAGAGTTAGGC-1_V13B23-285_D1,4
AATTGAACGCTCTGGT-1_V13B23-285_D1,4
AATTGCAGCAATCGAC-1_V13B23-285_D1,4
AATTGTGGTTGCCAAA-1_V13B23-285_D1,4
AATTTGGGACATAGTA-1_V13B23-285_D1,2
AATTTGGTTCCAAAGA-1_V13B23-285_D1,3
ACAAAGCATGACCTAG-1_V13B23-285_D1,4
ACAAATCGCACCGAAT-1_V13B23-285_D1,4
ACAAATGGTAGTGTTT-1_V13B23-285_D1,4
ACAACAGCATGAGCTA-1_V13B23-285_D1,1
ACAACGGTCCCTGCGA-1_V13B23-285_D1,1
ACAAGCAGTGCCTAGC-1_V13B23-285_D1,1
ACAAGGAAATCCGCCC-1_V13B23-285_D1,4
ACAAGGACAAGAGGTT-1_V13B23-285_D1,1
ACAAGGATGCTTTAGG-1_V13B23-285_D1,4
ACAAGGGCAGGCTCTG-1_V13B23-285_D1,4
ACAATAGTCGTACGTT-1_V13B23-285_D1,1
ACAATCCATTTAAACC-1_V13B23-285_D1,1
ACAATGAATACGGAGA-1_V13B23-285_D1,1
ACAATTGTGTCTCTTT-1_V13B23-285_D1,4
ACAATTTGAGCAGTGG-1_V13B23-285_D1,1
ACAATTTGGCCATATT-1_V13B23-285_D1,4
ACACAAAGACGGGTGG-1_V13B23-285_D1,1
ACACACCAGGACCAGT-1_V13B23-285_D1,4
ACACATGATCAAATCT-1_V13B23-285_D1,1
ACACCACATAATTAGC-1_V13B23-285_D1,1
ACACCCAGCATGCAGC-1_V13B23-285_D1,1
ACACCCGAGAAATCCG-1_V13B23-285_D1,1
ACACCTTAAGTAGGGC-1_V13B23-285_D1,1
ACACCTTACTACTTGC-1_V13B23-285_D1,4
ACACGAGACTCCTTCT-1_V13B23-285_D1,1
ACACGGGAACTTAGGG-1_V13B23-285_D1,1
ACACGTAGGCCACAAG-1_V13B23-285_D1,4
ACACTCCAATGTCACT-1_V13B23-285_D1,1
ACACTGATCAAGGTGT-1_V13B23-285_D1,1
ACACTGGGACAGTCGT-1_V13B23-285_D1,3
ACAGAACTGAGAACAA-1_V13B23-285_D1,1
ACAGCATAGAGCCAGT-1_V13B23-285_D1,2
ACAGCGACATTCTCAT-1_V13B23-285_D1,4
ACAGCGCACCCGCAGC-1_V13B23-285_D1,2
ACAGGCTTGCCCGACT-1_V13B23-285_D1,4
ACAGGTGGAGGTGAGG-1_V13B23-285_D1,1
ACAGTAATACAACTTG-1_V13B23-285_D1,1
ACAGTATACCGTGGGA-1_V13B23-285_D1,2
ACATAATAAGGCGGTG-1_V13B23-285_D1,2
ACATCCCGGCCATACG-1_V13B23-285_D1,1
ACATCCTGGTAACTGT-1_V13B23-285_D1,4
ACATCGATCGTTTACC-1_V13B23-285_D1,1
ACATCGGTCAGCCGCG-1_V13B23-285_D1,1
ACATCGTATGCAATGG-1_V13B23-285_D1,4
ACATCGTTAACCTAGT-1_V13B23-285_D1,2
ACATGGCGCCAAAGTA-1_V13B23-285_D1,4
ACATTAGTTTATATCC-1_V13B23-285_D1,1
ACCAAACACCCAGCGA-1_V13B23-285_D1,2
ACCAACACCACACACT-1_V13B23-285_D1,1
ACCAACCGCACTCCAC-1_V13B23-285_D1,4
ACCAACGCTTATTTAT-1_V13B23-285_D1,1
ACCAAGAACGCGTGTC-1_V13B23-285_D1,2
ACCAATATGCAAGTTA-1_V13B23-285_D1,4
ACCACAACTCAGAACA-1_V13B23-285_D1,2
ACCACAAGTTTCTATC-1_V13B23-285_D1,1
ACCACCAATGTAACAA-1_V13B23-285_D1,4
ACCACCCTCTCTTCTA-1_V13B23-285_D1,1
ACCACGTGCAGCTATA-1_V13B23-285_D1,4
ACCAGTGCGGGAGACG-1_V13B23-285_D1,4
ACCATATCCGCAATAA-1_V13B23-285_D1,1
ACCATCGTATATGGTA-1_V13B23-285_D1,1
ACCCAACGCCCGTGGC-1_V13B23-285_D1,1
ACCCACCTACATGCTC-1_V13B23-285_D1,1
ACCCATCTTGAGGGTA-1_V13B23-285_D1,1
ACCCATTTGTCCCTCT-1_V13B23-285_D1,4
ACCCGGAAACTCCCAG-1_V13B23-285_D1,1
ACCCGGAGCACCACAA-1_V13B23-285_D1,4
ACCCGGATGACGCATC-1_V13B23-285_D1,4
ACCCGGTTACACTTCC-1_V13B23-285_D1,1
ACCCGTGTCATCAGTA-1_V13B23-285_D1,1
ACCCTATAGGACTGAG-1_V13B23-285_D1,2
ACCCTATGCCATATCG-1_V13B23-285_D1,1
ACCCTCCCTTGCTATT-1_V13B23-285_D1,4
ACCCTGGTAACGCCCT-1_V13B23-285_D1,2
ACCCTTGCCTGGGTCG-1_V13B23-285_D1,2
ACCGACACATCTCCCA-1_V13B23-285_D1,1
ACCGACTGAGTCCCAC-1_V13B23-285_D1,1
ACCGATAGGCATAACC-1_V13B23-285_D1,4
ACCGATATTTAATCAT-1_V13B23-285_D1,4
ACCGATGGTAGCATCG-1_V13B23-285_D1,1
ACCGCAATAACTGCCT-1_V13B23-285_D1,4
ACCGCGGTGGAAGTCG-1_V13B23-285_D1,4
ACCGGGCCTTTGTTGA-1_V13B23-285_D1,4
ACCGGTCAGGTACACC-1_V13B23-285_D1,1
ACCGTGACCACGTGGG-1_V13B23-285_D1,1
ACCTAAGTACCTTTCA-1_V13B23-285_D1,1
ACCTAATCGACTTCCT-1_V13B23-285_D1,1
ACCTACAGTATGTGGT-1_V13B23-285_D1,4
ACCTCCGCCCTCGCTG-1_V13B23-285_D1,4
ACCTCCGTTATTCACC-1_V13B23-285_D1,1
ACCTGCGTGTCATGTT-1_V13B23-285_D1,1
ACGAAATGGGCGGCAC-1_V13B23-285_D1,1
ACGACCCATGAGTTGC-1_V13B23-285_D1,4
ACGAGATATTTGCTTA-1_V13B23-285_D1,2
ACGAGGATACCACTCT-1_V13B23-285_D1,1
ACGAGGTTTACAACGT-1_V13B23-285_D1,1
ACGAGTACGGATGCCC-1_V13B23-285_D1,1
ACGATACATAGAACTA-1_V13B23-285_D1,2
ACGATCATACATAGAG-1_V13B23-285_D1,1
ACGATCATCTTGTAAA-1_V13B23-285_D1,1
ACGATGCATATGTTAT-1_V13B23-285_D1,1
ACGATGGATCCGATGC-1_V13B23-285_D1,2
ACGCAATCACTACAGC-1_V13B23-285_D1,1
ACGCATACGTTTACTA-1_V13B23-285_D1,4
ACGCATTCGTGAGTAC-1_V13B23-285_D1,1
ACGCCAGATGATTTCT-1_V13B23-285_D1,2
ACGCCGCTAGACGACC-1_V13B23-285_D1,4
ACGCGAAGTCAGACGA-1_V13B23-285_D1,1
ACGCGCTACACAGGGT-1_V13B23-285_D1,1
ACGCGGGCCAAGGACA-1_V13B23-285_D1,1
ACGCTAGTGATACACT-1_V13B23-285_D1,1
ACGGAATTTAGCAAAT-1_V13B23-285_D1,1
ACGGACTCTCAAAGCG-1_V13B23-285_D1,4
ACGGAGCGCAAATTAC-1_V13B23-285_D1,1
ACGGATGGTGCGGATA-1_V13B23-285_D1,4
ACGGCACTTGCTTGGG-1_V13B23-285_D1,1
ACGGCCAACATGGACT-1_V13B23-285_D1,1
ACGGCGACGATGGGAA-1_V13B23-285_D1,4
ACGGGAGTGTCGGCCC-1_V13B23-285_D1,1
ACGGGCGTATGCGACA-1_V13B23-285_D1,1
ACGTACAGATTTCTCT-1_V13B23-285_D1,2
ACGTAGATTGCTGATG-1_V13B23-285_D1,1
ACGTATTACTCCGATC-1_V13B23-285_D1,4
ACGTGCGCCTCGTGCA-1_V13B23-285_D1,2
ACGTTAATGTCGAAGA-1_V13B23-285_D1,4
ACGTTAGATTTGCCCG-1_V13B23-285_D1,1
ACGTTCGCAATCAATT-1_V13B23-285_D1,1
ACGTTCGTTCAGGAAA-1_V13B23-285_D1,1
ACGTTCTGTACAAGTC-1_V13B23-285_D1,4
ACGTTTAGTTGTGATC-1_V13B23-285_D1,3
ACTACCAGCTCTCTGG-1_V13B23-285_D1,1
ACTACGCGTTAGAATT-1_V13B23-285_D1,1
ACTAGTTGCGATCGTC-1_V13B23-285_D1,4
ACTATATGCTGTGTTC-1_V13B23-285_D1,2
ACTATCCAGGGCATGG-1_V13B23-285_D1,4
ACTATCTGCCCGCGTA-1_V13B23-285_D1,4
ACTATTCGTCCGTGGT-1_V13B23-285_D1,2
ACTATTTCCGGGCCCA-1_V13B23-285_D1,1
ACTCAAGTGCAAGGCT-1_V13B23-285_D1,4
ACTCAATAAAGGCACG-1_V13B23-285_D1,1
ACTCCCATTCCTAAAG-1_V13B23-285_D1,1
ACTCCCGAATTCGTTT-1_V13B23-285_D1,1
ACTCCCGTAGACTAGG-1_V13B23-285_D1,1
ACTCCCTAATGCTAAA-1_V13B23-285_D1,4
ACTCCCTAGAATAGTA-1_V13B23-285_D1,4
ACTCGCCGTTCGATAA-1_V13B23-285_D1,4
ACTCGCGATCTGACGC-1_V13B23-285_D1,4
ACTCGTAACCCGTCCT-1_V13B23-285_D1,1
ACTCGTCAGTAATCCC-1_V13B23-285_D1,1
ACTCTCTGACTTAGGT-1_V13B23-285_D1,4
ACTCTCTTATACACGA-1_V13B23-285_D1,2
ACTCTTCAGCTCCCGC-1_V13B23-285_D1,1
ACTCTTGTATAGTAAC-1_V13B23-285_D1,4
ACTGAAACGCCGTTAG-1_V13B23-285_D1,4
ACTGAATGGCGAAAGT-1_V13B23-285_D1,4
ACTGCCGTCGTAACTC-1_V13B23-285_D1,2
ACTGCGGACACACCGT-1_V13B23-285_D1,1
ACTGTACGATACACAT-1_V13B23-285_D1,1
ACTGTAGCACTTTGGA-1_V13B23-285_D1,1
ACTGTCCAGGATTATA-1_V13B23-285_D1,1
ACTGTCTTCTTTAGAA-1_V13B23-285_D1,1
ACTGTGCTAGTAGATC-1_V13B23-285_D1,2
ACTTACCGGGCGCGCA-1_V13B23-285_D1,2
ACTTACGCATCCACGC-1_V13B23-285_D1,4
ACTTAGTACGACAAGA-1_V13B23-285_D1,2
ACTTATACTTACCCGG-1_V13B23-285_D1,1
ACTTATTAGGATCGGT-1_V13B23-285_D1,1
ACTTATTTATGTGCCA-1_V13B23-285_D1,4
ACTTCAGGCTGATCCC-1_V13B23-285_D1,4
ACTTCCATGCGGGACA-1_V13B23-285_D1,4
ACTTCGCCATACGCAC-1_V13B23-285_D1,1
ACTTCGCTAGCGAGTG-1_V13B23-285_D1,1
ACTTGACTCCCTCTTT-1_V13B23-285_D1,4
ACTTGGGACCCGGTGG-1_V13B23-285_D1,1
ACTTGTGGATGGAACG-1_V13B23-285_D1,4
ACTTTACCCTCATGAA-1_V13B23-285_D1,1
ACTTTCCTATAGCTTC-1_V13B23-285_D1,1
ACTTTGTCGACGCACT-1_V13B23-285_D1,4
AGAAATTATGACTCGC-1_V13B23-285_D1,4
AGAACCCAGCGTGACA-1_V13B23-285_D1,4
AGAACGTGGTACATTC-1_V13B23-285_D1,1
AGAAGAGCGCCGTTCC-1_V13B23-285_D1,4
AGAAGGTACACTTCAC-1_V13B23-285_D1,1
AGAAGGTTGCCGAATT-1_V13B23-285_D1,1
AGAAGGTTGTAGGTCG-1_V13B23-285_D1,4
AGAAGTGATTCGTGAT-1_V13B23-285_D1,1
AGAATGCGGGTTCGGA-1_V13B23-285_D1,2
AGAATTATGGATTCGA-1_V13B23-285_D1,1
AGAATTGTTTGACATA-1_V13B23-285_D1,1
AGACAGGCATCTCAGC-1_V13B23-285_D1,4
AGACCATGGGATACAA-1_V13B23-285_D1,1
AGACCCACCGCTGATC-1_V13B23-285_D1,4
AGACCCGCCCTCCTCG-1_V13B23-285_D1,1
AGACCGCTCCGCGGTT-1_V13B23-285_D1,4
AGACCGGGAAACCCTG-1_V13B23-285_D1,1
AGACGAAGTGCCGGTC-1_V13B23-285_D1,4
AGACGACGATGCCGCT-1_V13B23-285_D1,1
AGACGCCCACTTCGCC-1_V13B23-285_D1,4
AGACTAGCCTTCCAGA-1_V13B23-285_D1,1
AGAGAACCGTCTAGGA-1_V13B23-285_D1,1
AGAGAAGGAGTACAAT-1_V13B23-285_D1,1
AGAGATCTCTAAAGCG-1_V13B23-285_D1,1
AGAGCAGTTATGAGAC-1_V13B23-285_D1,1
AGAGCCGCCGAGATTT-1_V13B23-285_D1,4
AGAGCGCTTGTAACGG-1_V13B23-285_D1,2
AGAGCGGGCTAATCAT-1_V13B23-285_D1,2
AGAGCGTACAAGCTCG-1_V13B23-285_D1,1
AGAGGCTTCGGAAACC-1_V13B23-285_D1,4
AGAGTAAACTTCACTA-1_V13B23-285_D1,4
AGAGTATAGTGTTACG-1_V13B23-285_D1,1
AGATAACTTCAGGGCC-1_V13B23-285_D1,1
AGATACCAATAGAACC-1_V13B23-285_D1,4
AGATACCAGCACTTCA-1_V13B23-285_D1,2
AGATACCGGTGTTCAC-1_V13B23-285_D1,1
AGATACGACTTCATAT-1_V13B23-285_D1,2
AGATACTCAAGATCGA-1_V13B23-285_D1,4
AGATATAATACGACTA-1_V13B23-285_D1,4
AGATCGTGCATAAGAT-1_V13B23-285_D1,1
AGATCTCAGGTGTGAT-1_V13B23-285_D1,1
AGATGACTCGCCCACG-1_V13B23-285_D1,1
AGATGAGGGTTGCGAT-1_V13B23-285_D1,2
AGATGATGGAGTCTGG-1_V13B23-285_D1,1
AGATGCAAGACGTGCA-1_V13B23-285_D1,1
AGATTATAGGACGTTT-1_V13B23-285_D1,1
AGCAAAGGCCGCTAGT-1_V13B23-285_D1,4
AGCAACATATCTTATT-1_V13B23-285_D1,4
AGCAACCGAAAGTAAT-1_V13B23-285_D1,1
AGCACCAGTACTCACG-1_V13B23-285_D1,1
AGCACTACCGGCCTGT-1_V13B23-285_D1,1
AGCACTACCTCACCAG-1_V13B23-285_D1,4
AGCACTTAAGGACGCC-1_V13B23-285_D1,1
AGCAGAAGGAGAAAGA-1_V13B23-285_D1,4
AGCAGCCAGATGAATA-1_V13B23-285_D1,1
AGCATATCAATATGCT-1_V13B23-285_D1,4
AGCATCATTTCGAAAG-1_V13B23-285_D1,1
AGCATCGTCGATAATT-1_V13B23-285_D1,1
AGCATTACGAGGCAAG-1_V13B23-285_D1,4
AGCCACAGGTTACCCG-1_V13B23-285_D1,4
AGCCACTCCCGTGCTT-1_V13B23-285_D1,2
AGCCCATACATGTAAG-1_V13B23-285_D1,1
AGCCCGGTAGCCTGTA-1_V13B23-285_D1,1
AGCCCTAAGCGAAGTT-1_V13B23-285_D1,2
AGCCCTGTCGCACCGT-1_V13B23-285_D1,4
AGCCCTTCTAATCCGA-1_V13B23-285_D1,1
AGCCCTTGGACATCCC-1_V13B23-285_D1,4
AGCCGTGGCTAAATGT-1_V13B23-285_D1,1
AGCCTTAAAGCGGAAG-1_V13B23-285_D1,1
AGCGACAGGAACGGTC-1_V13B23-285_D1,1
AGCGACATCCCATTCA-1_V13B23-285_D1,2
AGCGACCAACGATATT-1_V13B23-285_D1,1
AGCGATGCGCCTAATA-1_V13B23-285_D1,4
AGCGCATAATGAATCG-1_V13B23-285_D1,1
AGCGCGGGTGCCAATG-1_V13B23-285_D1,1
AGCGCTAGAGCGATGT-1_V13B23-285_D1,4
AGCGGACACTTCGTAG-1_V13B23-285_D1,1
AGCGGGAAGGGTCCAT-1_V13B23-285_D1,1
AGCGGTTGCCGCTCTG-1_V13B23-285_D1,2
AGCGTGGTATTCTACT-1_V13B23-285_D1,4
AGCTAAGTACGCAGGC-1_V13B23-285_D1,4
AGCTAGAAGCAGAAGT-1_V13B23-285_D1,1
AGCTATTTAATCCAAC-1_V13B23-285_D1,2
AGCTCCATATATGTTC-1_V13B23-285_D1,4
AGCTCCTTCGCACATC-1_V13B23-285_D1,4
AGCTCTAGACGTTCCA-1_V13B23-285_D1,4
AGCTCTTCCCAGTGCA-1_V13B23-285_D1,2
AGCTCTTCGTAACCTT-1_V13B23-285_D1,4
AGCTCTTTACTCAGTT-1_V13B23-285_D1,1
AGCTGAAGTAAACCAA-1_V13B23-285_D1,2
AGCTGTAACCTCAATC-1_V13B23-285_D1,1
AGCTTGATCTTAACTT-1_V13B23-285_D1,1
AGGAACGAACGACTTC-1_V13B23-285_D1,4
AGGAAGCTGTCCGCCG-1_V13B23-285_D1,1
AGGACAGTCGAATCCC-1_V13B23-285_D1,4
AGGACATCGCACGTCG-1_V13B23-285_D1,1
AGGACATCGGCACACT-1_V13B23-285_D1,4
AGGACGACCCATTAGA-1_V13B23-285_D1,1
AGGACGCTCGATGTTG-1_V13B23-285_D1,1
AGGAGACATCCACAGT-1_V13B23-285_D1,1
AGGAGAGTCTGGCTAC-1_V13B23-285_D1,1
AGGAGGCCTTCGCGCG-1_V13B23-285_D1,4
AGGATAAAGTCGGGAT-1_V13B23-285_D1,4
AGGATATAGGGATTTA-1_V13B23-285_D1,4
AGGATCACGCGATCTG-1_V13B23-285_D1,1
AGGATTGCTTACGACA-1_V13B23-285_D1,1
AGGCACGTGACTGTCC-1_V13B23-285_D1,4
AGGCAGATGCGTAAAC-1_V13B23-285_D1,1
AGGCAGGGAGCGTACT-1_V13B23-285_D1,1
AGGCATTGTCGTAGGG-1_V13B23-285_D1,4
AGGCCACATTGGTTAC-1_V13B23-285_D1,4
AGGCCACCCGTTATGA-1_V13B23-285_D1,1
AGGCCCATTGTACAGG-1_V13B23-285_D1,3
AGGCCCTAGAACGCCA-1_V13B23-285_D1,1
AGGCCTGAGAATCTCG-1_V13B23-285_D1,4
AGGCGATAACTGGCGT-1_V13B23-285_D1,4
AGGCGGTTTGTCCCGC-1_V13B23-285_D1,1
AGGCGTCTATGGACGG-1_V13B23-285_D1,2
AGGCTATGGTTAGCTT-1_V13B23-285_D1,1
AGGCTTCCCGAAGAAG-1_V13B23-285_D1,1
AGGCTTGCTAGACACC-1_V13B23-285_D1,1
AGGGAAACGAGGTACT-1_V13B23-285_D1,2
AGGGACCGGCTGCGTT-1_V13B23-285_D1,1
AGGGACTCTACGCGAC-1_V13B23-285_D1,1
AGGGAGACATACTTCG-1_V13B23-285_D1,1
AGGGCAGCGGCGTGGT-1_V13B23-285_D1,2
AGGGCCCTAATGTTCT-1_V13B23-285_D1,4
AGGGCGAGCAGCTGAT-1_V13B23-285_D1,1
AGGGCGTGATCGGCTA-1_V13B23-285_D1,1
AGGGCTGCAGTTACAG-1_V13B23-285_D1,4
AGGGTCAGTAACCCTA-1_V13B23-285_D1,2
AGGGTCGATGCGAACT-1_V13B23-285_D1,4
AGGGTGCTCTCGAGGG-1_V13B23-285_D1,1
AGGGTTCCCTTTGGTT-1_V13B23-285_D1,1
AGGGTTTAGTTCGGGA-1_V13B23-285_D1,1
AGGTAACCTCCTATTC-1_V13B23-285_D1,2
AGGTACGATATTGCCA-1_V13B23-285_D1,3
AGGTAGGTACAAAGCT-1_V13B23-285_D1,1
AGGTATAATTGATAGT-1_V13B23-285_D1,1
AGGTATGCGGACATTA-1_V13B23-285_D1,1
AGGTCAGGTGAGAGTG-1_V13B23-285_D1,1
AGGTCGCCTCCCAACA-1_V13B23-285_D1,4
AGGTCGCGGAGTTACT-1_V13B23-285_D1,1
AGGTGTATCGCCATGA-1_V13B23-285_D1,1
AGGTGTTGCCGACCAC-1_V13B23-285_D1,4
AGGTTACACCATGCCG-1_V13B23-285_D1,4
AGGTTGAGGCACGCTT-1_V13B23-285_D1,2
AGGTTTCACACACCTT-1_V13B23-285_D1,1
AGTAATGTCTTGCCGC-1_V13B23-285_D1,2
AGTACATCATTTATCA-1_V13B23-285_D1,1
AGTACGGGCACCTGGC-1_V13B23-285_D1,1
AGTACTCTTATGCCCA-1_V13B23-285_D1,4
AGTAGGAAGGAAGTTG-1_V13B23-285_D1,1
AGTAGGTAACATACAT-1_V13B23-285_D1,2
AGTATAATACTAGGCA-1_V13B23-285_D1,1
AGTATGCTGGAGACCA-1_V13B23-285_D1,1
AGTATTTGGCACGACC-1_V13B23-285_D1,1
AGTCAACACCACCATC-1_V13B23-285_D1,1
AGTCAAGATGACACTT-1_V13B23-285_D1,4
AGTCACTAGCTCTCGA-1_V13B23-285_D1,4
AGTCAGCCACCGCCTG-1_V13B23-285_D1,1
AGTCCATTGGCTGATG-1_V13B23-285_D1,4
AGTCCCGCCTTTAATT-1_V13B23-285_D1,2
AGTCCCTCGCAGAAAG-1_V13B23-285_D1,1
AGTCGACGGTCTCAAG-1_V13B23-285_D1,4
AGTCGGCCCAAACGAC-1_V13B23-285_D1,1
AGTCGGCTCAACTTTA-1_V13B23-285_D1,1
AGTCGGTTGCGTGAGA-1_V13B23-285_D1,4
AGTCGTATAAAGCAGA-1_V13B23-285_D1,4
AGTCGTCGACCACCAA-1_V13B23-285_D1,4
AGTCGTGGGCATTACG-1_V13B23-285_D1,1
AGTCTAAAGTATACTC-1_V13B23-285_D1,1
AGTCTCACAAGACTAC-1_V13B23-285_D1,1
AGTCTGGACATCCTTG-1_V13B23-285_D1,1
AGTCTTCTCCTCAAAT-1_V13B23-285_D1,1
AGTGAACAAACTTCTC-1_V13B23-285_D1,4
AGTGAAGATGGTGTCC-1_V13B23-285_D1,2
AGTGACCTACTTTACG-1_V13B23-285_D1,1
AGTGAGACTTCCAGTA-1_V13B23-285_D1,1
AGTGAGCCTCGCCGCC-1_V13B23-285_D1,1
AGTGAGGGTTTCTGAC-1_V13B23-285_D1,2
AGTGAGTCGAATTAAC-1_V13B23-285_D1,4
AGTGATAACCTGCGCG-1_V13B23-285_D1,4
AGTGATATGAGTAGTT-1_V13B23-285_D1,1
AGTGATTCAAGCAGGA-1_V13B23-285_D1,1
AGTGCACGCTTAAGAA-1_V13B23-285_D1,4
AGTGCGTAGCTCGTAA-1_V13B23-285_D1,1
AGTGCTAAACACAGCA-1_V13B23-285_D1,4
AGTGCTTGCACGAATA-1_V13B23-285_D1,4
AGTGGCGGCAATTTGA-1_V13B23-285_D1,1
AGTGGCGTCTGAAGGT-1_V13B23-285_D1,4
AGTGTATTGCGCATTG-1_V13B23-285_D1,1
AGTGTGGTCTATTGTG-1_V13B23-285_D1,1
AGTTAAACACTTGCGA-1_V13B23-285_D1,1
AGTTAAGCGGTCCCGG-1_V13B23-285_D1,3
AGTTAAGTCAACCGCT-1_V13B23-285_D1,1
AGTTACTCTATCGTGG-1_V13B23-285_D1,3
AGTTCCTACAGAATTA-1_V13B23-285_D1,1
AGTTCCTATTTATGTT-1_V13B23-285_D1,1
AGTTCTGCGTTGTATC-1_V13B23-285_D1,1
AGTTGACATCGGCTGG-1_V13B23-285_D1,2
AGTTGCTGACTGATAT-1_V13B23-285_D1,1
AGTTTATGTAAAGACA-1_V13B23-285_D1,1
AGTTTCGCAGGTCGGA-1_V13B23-285_D1,3
AGTTTGCACCTGCCTC-1_V13B23-285_D1,4
AGTTTGGCACGGGTTG-1_V13B23-285_D1,4
AGTTTGGCCAGACCTA-1_V13B23-285_D1,1
ATAAACGGACCCGTAA-1_V13B23-285_D1,1
ATAAACGTTGCACCAC-1_V13B23-285_D1,4
ATAAAGGCTCGGTCGT-1_V13B23-285_D1,1
ATAACGCCGGAGGGTC-1_V13B23-285_D1,1
ATAACGGAGTCCAACG-1_V13B23-285_D1,1
ATAAGGTGGAGAACAT-1_V13B23-285_D1,4
ATAAGTAGGATTCAGA-1_V13B23-285_D1,1
ATAAGTAGGGCGACTC-1_V13B23-285_D1,1
ATAAGTTACCGCGACG-1_V13B23-285_D1,1
ATAATACCGTTAGCCG-1_V13B23-285_D1,1
ATAATAGCTGTTGAAT-1_V13B23-285_D1,1
ATAATAGTGTAGGGAC-1_V13B23-285_D1,1
ATAATCTTGGAGAACC-1_V13B23-285_D1,4
ATAATTAGCTAAGTAG-1_V13B23-285_D1,1
ATACAGGCCCTCCAAT-1_V13B23-285_D1,4
ATACCACGGGCAACTT-1_V13B23-285_D1,1
ATACCAGGCTAATAGA-1_V13B23-285_D1,2
ATACCGTCATCCATAA-1_V13B23-285_D1,2
ATACCTAACCAAGAAA-1_V13B23-285_D1,1
ATACGAAGGCTTTCCA-1_V13B23-285_D1,1
ATACGCCGGCGAAACC-1_V13B23-285_D1,4
ATACGGAACGTCGTTT-1_V13B23-285_D1,1
ATACGGGTTTCGATTG-1_V13B23-285_D1,2
ATACGTACTTAGCCAC-1_V13B23-285_D1,4
ATACGTCCACTCCTGT-1_V13B23-285_D1,4
ATACGTTATGCACGGA-1_V13B23-285_D1,1
ATACTACCCGTACCAC-1_V13B23-285_D1,4
ATACTAGCATGACCCT-1_V13B23-285_D1,4
ATACTCTCGCCACTCT-1_V13B23-285_D1,2
ATACTGCCTTACACCG-1_V13B23-285_D1,4
ATAGACAACGGGACCT-1_V13B23-285_D1,1
ATAGACGAAGAGAAAG-1_V13B23-285_D1,1
ATAGAGTACTGGGACA-1_V13B23-285_D1,1
ATAGAGTTATCAACTT-1_V13B23-285_D1,1
ATAGCAACTAGGGAAG-1_V13B23-285_D1,4
ATAGGCGGCTATAGAA-1_V13B23-285_D1,1
ATAGGCTAGCTTCGCA-1_V13B23-285_D1,1
ATAGGGATATCCTTGA-1_V13B23-285_D1,2
ATAGGTTGGGCAGATG-1_V13B23-285_D1,1
ATAGTGAAGCGTTCTC-1_V13B23-285_D1,1
ATAGTTCCACCCACTC-1_V13B23-285_D1,4
ATATAAAGCGCTCGTG-1_V13B23-285_D1,4
ATATAAATGTAGCTGC-1_V13B23-285_D1,4
ATATAACACGGGCGCA-1_V13B23-285_D1,4
ATATACGCTCGTGACG-1_V13B23-285_D1,4
ATATCAACCTACAGAG-1_V13B23-285_D1,4
ATATCGGTAGGGAGAT-1_V13B23-285_D1,4
ATATCGTTCCTCGAAC-1_V13B23-285_D1,4
ATATCTCCCTCGTTAA-1_V13B23-285_D1,2
ATATCTTAGGGCCTTC-1_V13B23-285_D1,4
ATATGTCTCCCTAGCC-1_V13B23-285_D1,1
ATATTCAGTTAAACCT-1_V13B23-285_D1,1
ATATTCCACATAGTGA-1_V13B23-285_D1,4
ATATTCCCACAGGTCA-1_V13B23-285_D1,2
ATATTGCTGTCAAAGT-1_V13B23-285_D1,1
ATATTGGAGAGGCCTT-1_V13B23-285_D1,4
ATATTTAACCCTCAAG-1_V13B23-285_D1,1
ATCAAACACTGTTCCA-1_V13B23-285_D1,4
ATCAAACGAAGGTTTG-1_V13B23-285_D1,1
ATCAATCTGGGCTGCA-1_V13B23-285_D1,1
ATCACATTAGAATATC-1_V13B23-285_D1,2
ATCACGTGCTAATTAA-1_V13B23-285_D1,1
ATCACTTCATCCTCGC-1_V13B23-285_D1,2
ATCAGACGGCACGCCG-1_V13B23-285_D1,1
ATCAGCCTCATGCTGC-1_V13B23-285_D1,4
ATCAGCTCGTCCACTA-1_V13B23-285_D1,1
ATCAGGTAGCTGACAG-1_V13B23-285_D1,1
ATCAGTAGGCAGGGAT-1_V13B23-285_D1,1
ATCATAGCCCTATGTA-1_V13B23-285_D1,4
ATCATCCAATATTTGT-1_V13B23-285_D1,1
ATCATGGACTACCGAC-1_V13B23-285_D1,4
ATCCAACGCAGTCATA-1_V13B23-285_D1,1
ATCCAATGGAGGGTCC-1_V13B23-285_D1,1
ATCCACATCGACAGAA-1_V13B23-285_D1,4
ATCCAGAGCAACAACC-1_V13B23-285_D1,1
ATCCAGGATTCGTGAA-1_V13B23-285_D1,1
ATCCGGACCAGCCTGA-1_V13B23-285_D1,4
ATCCTACCTAAGCTCT-1_V13B23-285_D1,1
ATCCTGAATCGCTGCG-1_V13B23-285_D1,1
ATCCTGCGTGGAATGG-1_V13B23-285_D1,1
ATCCTTCTGAAAGAAC-1_V13B23-285_D1,4
ATCGACCCAATACAGA-1_V13B23-285_D1,1
ATCGACTCTTTCCGTT-1_V13B23-285_D1,1
ATCGCACGATTGTTCA-1_V13B23-285_D1,2
ATCGCACGCCGGGAGA-1_V13B23-285_D1,1
ATCGCCAGTCAACATT-1_V13B23-285_D1,4
ATCGCTGCGTGCAGCA-1_V13B23-285_D1,1
ATCGCTTTACGTCTCA-1_V13B23-285_D1,1
ATCGGAGACAGACGGC-1_V13B23-285_D1,4
ATCGGCAAGCAGTCCA-1_V13B23-285_D1,1
ATCGTTAGCTAGCGGA-1_V13B23-285_D1,4
ATCGTTCACTTTCGCC-1_V13B23-285_D1,2
ATCTAATATCCTACGG-1_V13B23-285_D1,4
ATCTCCCACGGAATAT-1_V13B23-285_D1,4
ATCTCCCTGCAATCTA-1_V13B23-285_D1,2
ATCTCGTGAGCGAAAC-1_V13B23-285_D1,4
ATCTGCACCTCTGCGA-1_V13B23-285_D1,1
ATCTGGGCTGTTCTTG-1_V13B23-285_D1,4
ATCTGGTTAAGACTGT-1_V13B23-285_D1,1
ATCTGTAATTGTACCC-1_V13B23-285_D1,2
ATCTTATCGCACACCC-1_V13B23-285_D1,4
ATCTTGACCTGCAACG-1_V13B23-285_D1,1
ATCTTGACTTGTCCAA-1_V13B23-285_D1,1
ATCTTTCGTATAACCA-1_V13B23-285_D1,1
ATGAAGCCAAGGAGCC-1_V13B23-285_D1,1
ATGACGCCGGCTCTAA-1_V13B23-285_D1,3
ATGACGCGTTCTATCC-1_V13B23-285_D1,1
ATGACTATGCGACATT-1_V13B23-285_D1,4
ATGAGGAGTGTTAATC-1_V13B23-285_D1,1
ATGAGGGCAGCGGCTA-1_V13B23-285_D1,4
ATGATCGGGAATAGAC-1_V13B23-285_D1,2
ATGATGCAATGGTACA-1_V13B23-285_D1,1
ATGCACTACCGCATTG-1_V13B23-285_D1,1
ATGCATGATCCAGGAT-1_V13B23-285_D1,1
ATGCCAATCGCTCTGC-1_V13B23-285_D1,1
ATGCCATTTGCGACCA-1_V13B23-285_D1,4
ATGCCGGTCTTGCATA-1_V13B23-285_D1,1
ATGCCGGTTGATGGGA-1_V13B23-285_D1,2
ATGCGACAATTGGTCC-1_V13B23-285_D1,2
ATGCGACAGTCCCATT-1_V13B23-285_D1,2
ATGCGAGTCCCACCAC-1_V13B23-285_D1,4
ATGCTCAGTGTTGCAT-1_V13B23-285_D1,1
ATGCTCTGGCGCGGTA-1_V13B23-285_D1,4
ATGCTTAGGAGTTGAT-1_V13B23-285_D1,4
ATGGAACCTTTGCACA-1_V13B23-285_D1,1
ATGGAGCAGGCCGTGA-1_V13B23-285_D1,3
ATGGATCCGGCGTCCG-1_V13B23-285_D1,2
ATGGATTGACCAAACG-1_V13B23-285_D1,1
ATGGCGGAATAGTCGC-1_V13B23-285_D1,1
ATGGCTGGAAATGGCC-1_V13B23-285_D1,2
ATGGGCCTCGGCCTCT-1_V13B23-285_D1,4
ATGGTCGCGTGGTTTC-1_V13B23-285_D1,4
ATGTAAGGCTGCTCTT-1_V13B23-285_D1,1
ATGTACATGCGGTGAG-1_V13B23-285_D1,4
ATGTGAAAGCCTAATG-1_V13B23-285_D1,1
ATGTGCATCCGACGCA-1_V13B23-285_D1,1
ATGTGGACATCTTGAT-1_V13B23-285_D1,4
ATGTTACGAGCAATAC-1_V13B23-285_D1,2
ATGTTCGTCGACCCAC-1_V13B23-285_D1,1
ATGTTTCGGCCCGGAG-1_V13B23-285_D1,1
ATTAAACATGCGGACC-1_V13B23-285_D1,1
ATTAATACTACGCGGG-1_V13B23-285_D1,2
ATTAATGAACCAGTCG-1_V13B23-285_D1,1
ATTACAACTACCGGCC-1_V13B23-285_D1,2
ATTACATGTCAGTCTT-1_V13B23-285_D1,4
ATTACCACACTGCCTG-1_V13B23-285_D1,4
ATTACGACTCCACAGT-1_V13B23-285_D1,2
ATTACGCGCTGGCAGG-1_V13B23-285_D1,1
ATTACTAGCCTCTTGC-1_V13B23-285_D1,3
ATTACTTACTGGGCAT-1_V13B23-285_D1,1
ATTAGATTCCTCAGCA-1_V13B23-285_D1,1
ATTAGATTGATAGCGG-1_V13B23-285_D1,1
ATTAGGCGATGCTTTC-1_V13B23-285_D1,4
ATTATACTTTGCTCGT-1_V13B23-285_D1,2
ATTATAGCTACTTTAC-1_V13B23-285_D1,1
ATTATGCCATAGGGAG-1_V13B23-285_D1,1
ATTATTATGTCCGTCA-1_V13B23-285_D1,1
ATTCAACCATTTAAGG-1_V13B23-285_D1,4
ATTCACTGATGTTGGA-1_V13B23-285_D1,4
ATTCAGGACCTATTTC-1_V13B23-285_D1,1
ATTCAGTAGCAGGGTC-1_V13B23-285_D1,1
ATTCATATACTGTCCA-1_V13B23-285_D1,1
ATTCATCGTTGAGGCA-1_V13B23-285_D1,4
ATTCCCACATAAACAA-1_V13B23-285_D1,1
ATTCCTAAGACGTGGA-1_V13B23-285_D1,2
ATTCCTCCGCCAGTGC-1_V13B23-285_D1,1
ATTCCTTCCAGGCGGT-1_V13B23-285_D1,2
ATTCGACGCCGGGCCT-1_V13B23-285_D1,1
ATTCGCAGAGGACACT-1_V13B23-285_D1,2
ATTCGCGCCTTGAGAG-1_V13B23-285_D1,4
ATTCGTGCTATCTCTT-1_V13B23-285_D1,4
ATTCTCGTCTCTTTAG-1_V13B23-285_D1,2
ATTCTTCGTACTTATG-1_V13B23-285_D1,2
ATTGAAGATCTTAGTG-1_V13B23-285_D1,1
ATTGACCGGCGATGAC-1_V13B23-285_D1,1
ATTGACGTAACTCGGT-1_V13B23-285_D1,2
ATTGATAGCAACGAGA-1_V13B23-285_D1,2
ATTGATGAGTCCTAAC-1_V13B23-285_D1,1
ATTGCCTTTATGTTTG-1_V13B23-285_D1,4
ATTGCGATCAGTAACT-1_V13B23-285_D1,4
ATTGCTGCTCCTCCAT-1_V13B23-285_D1,1
ATTGGATTACAGCGTA-1_V13B23-285_D1,4
ATTGGGAATATCTTGG-1_V13B23-285_D1,2
ATTGTACAACTCGGCT-1_V13B23-285_D1,1
ATTGTCGCAATACCTT-1_V13B23-285_D1,3
ATTGTGACTTCGCTGC-1_V13B23-285_D1,2
ATTGTTCAACGATCCG-1_V13B23-285_D1,4
ATTTAACTCGTATTAC-1_V13B23-285_D1,2
ATTTACAGTTTACTGG-1_V13B23-285_D1,1
ATTTACTAAGTCCATT-1_V13B23-285_D1,1
ATTTCATTATTTCGCG-1_V13B23-285_D1,2
ATTTCCGGGTTCTGCG-1_V13B23-285_D1,1
ATTTGCGCGAGTAGCT-1_V13B23-285_D1,1
ATTTGTCTTGGGAGCT-1_V13B23-285_D1,4
ATTTGTTCCAGGGCTC-1_V13B23-285_D1,2
CAAACGAGTATCGCAG-1_V13B23-285_D1,1
CAAACGGTCGCACTTT-1_V13B23-285_D1,1
CAAACTACGATAGAGA-1_V13B23-285_D1,2
CAAACTATTGAGCTTC-1_V13B23-285_D1,3
CAAACTCGCGACGCCG-1_V13B23-285_D1,4
CAAAGATTATTGGGCC-1_V13B23-285_D1,1
CAAAGGTCATCTGAAA-1_V13B23-285_D1,4
CAAATCTCTCACAAGG-1_V13B23-285_D1,1
CAAATGTCCTTCCGTG-1_V13B23-285_D1,1
CAAATTGGATTATGCC-1_V13B23-285_D1,1
CAACACATCTCCTGCC-1_V13B23-285_D1,1
CAACCAGTGGCCTACC-1_V13B23-285_D1,4
CAACCTACCGAGCAGT-1_V13B23-285_D1,4
CAACCTGAACCTGCCA-1_V13B23-285_D1,1
CAACGACCCGTTTACA-1_V13B23-285_D1,1
CAACGGTTCTTGATAC-1_V13B23-285_D1,1
CAACGTGGTGGAGTCT-1_V13B23-285_D1,4
CAACTATATCGAATGC-1_V13B23-285_D1,2
CAACTCCTTGATCCCG-1_V13B23-285_D1,1
CAACTGCTCATCCGAT-1_V13B23-285_D1,1
CAAGACTCAGAAGCGC-1_V13B23-285_D1,1
CAAGAGGGCGGAGTAC-1_V13B23-285_D1,4
CAAGATATTATAACGT-1_V13B23-285_D1,4
CAAGCAACGTCGGAGT-1_V13B23-285_D1,1
CAAGCACCAAATGCCT-1_V13B23-285_D1,2
CAAGCGGCACATAATT-1_V13B23-285_D1,4
CAAGGATCGCATGTTC-1_V13B23-285_D1,4
CAAGGCCAGTGGTGCA-1_V13B23-285_D1,4
CAAGGTCCTATAGGCT-1_V13B23-285_D1,1
CAAGTGTGGTTGCAAA-1_V13B23-285_D1,4
CAATAAACCTTGGCCC-1_V13B23-285_D1,1
CAATACGAGAGTCTGA-1_V13B23-285_D1,4
CAATATTCTTGACCTA-1_V13B23-285_D1,1
CAATATTGGACTAGTG-1_V13B23-285_D1,1
CAATCCCTATACCAGC-1_V13B23-285_D1,2
CAATCCTGCCGTGGAG-1_V13B23-285_D1,1
CAATGAGGTTCGACTA-1_V13B23-285_D1,1
CAATGCGAGAAGTATC-1_V13B23-285_D1,3
CAATGGAATCTACATA-1_V13B23-285_D1,2
CAATGGATCTCTACCA-1_V13B23-285_D1,1
CAATGTGCCAACCCTT-1_V13B23-285_D1,1
CAATTAAGGGTGATGA-1_V13B23-285_D1,1
CAATTTCGTATAAGGG-1_V13B23-285_D1,4
CACAAGAAAGATATTA-1_V13B23-285_D1,2
CACAATGAGCTGCTAT-1_V13B23-285_D1,1
CACACACGCTAACGAG-1_V13B23-285_D1,4
CACACAGCTTGCGCTC-1_V13B23-285_D1,4
CACACAGGGATAGATT-1_V13B23-285_D1,1
CACACGCGCTGTCTTA-1_V13B23-285_D1,1
CACAGCACCCACGGCA-1_V13B23-285_D1,1
CACAGCTAGGGAGTGA-1_V13B23-285_D1,2
CACAGGGCCATATAGT-1_V13B23-285_D1,4
CACAGGGCCGTTGTCA-1_V13B23-285_D1,1
CACAGTCCCGCTTCGC-1_V13B23-285_D1,4
CACAGTTCGCTTCCCA-1_V13B23-285_D1,4
CACATATTAGCAGGAT-1_V13B23-285_D1,4
CACATCGTGCACGCGC-1_V13B23-285_D1,1
CACATCTCACCGACGA-1_V13B23-285_D1,4
CACATGATTCAGCAAC-1_V13B23-285_D1,4
CACATGTTTGGACATG-1_V13B23-285_D1,1
CACATTCTTTCGATGG-1_V13B23-285_D1,2
CACATTTCTTGTCAGA-1_V13B23-285_D1,4
CACCAGTCAGCATGCA-1_V13B23-285_D1,1
CACCATCGGAGGAGAC-1_V13B23-285_D1,2
CACCCAAATCTTATGT-1_V13B23-285_D1,1
CACCCACACGTCACCC-1_V13B23-285_D1,1
CACCCACGAGGCAATT-1_V13B23-285_D1,2
CACCCGGTTTGTGACT-1_V13B23-285_D1,1
CACCCTAACAAGATCT-1_V13B23-285_D1,4
CACCCTTGGTGAGACC-1_V13B23-285_D1,1
CACCGATACACCGAGC-1_V13B23-285_D1,2
CACCGCCAGAAGGTTT-1_V13B23-285_D1,1
CACCGCCGACCAGCGA-1_V13B23-285_D1,2
CACCGCGTCCACTCTA-1_V13B23-285_D1,1
CACCGTATCCCATCCG-1_V13B23-285_D1,4
CACCGTTAGGGATCAC-1_V13B23-285_D1,1
CACCGTTGCGCGATAT-1_V13B23-285_D1,1
CACCTAATAGAGTCGT-1_V13B23-285_D1,1
CACCTAATCAGTTTAC-1_V13B23-285_D1,2
CACCTCGATGGTGGAC-1_V13B23-285_D1,2
CACCTTGCGAAACTCG-1_V13B23-285_D1,1
CACCTTGGCGCCTTTG-1_V13B23-285_D1,4
CACGAAAGTTAGTCCC-1_V13B23-285_D1,1
CACGCACAGCGCAGCT-1_V13B23-285_D1,1
CACGCAGCGAGGCTTT-1_V13B23-285_D1,1
CACGCGGAACTGTTGC-1_V13B23-285_D1,4
CACGGACGTGGATGGC-1_V13B23-285_D1,1
CACGGCGCGCCAAAGG-1_V13B23-285_D1,1
CACGTCAATCAATGGA-1_V13B23-285_D1,4
CACGTCGGCAACCTCT-1_V13B23-285_D1,1
CACGTTCGTGCTCTAG-1_V13B23-285_D1,1
CACGTTTCGTACACAC-1_V13B23-285_D1,4
CACTAAAGTTGCCTAT-1_V13B23-285_D1,1
CACTACGGGAGCTGCC-1_V13B23-285_D1,4
CACTCAAGAGCTATGG-1_V13B23-285_D1,1
CACTCAGCTCTTGAGG-1_V13B23-285_D1,3
CACTCCTATGTAAGAT-1_V13B23-285_D1,1
CACTCCTCTCGGTCGG-1_V13B23-285_D1,3
CACTCGAGCTGAACAA-1_V13B23-285_D1,4
CACTCTTCTGCTAGCC-1_V13B23-285_D1,4
CACTGTCCAAGTGAGA-1_V13B23-285_D1,1
CACTTAATCAGACGGA-1_V13B23-285_D1,1
CACTTCGCCACAGGCT-1_V13B23-285_D1,1
CAGAACTTAGCCCTCT-1_V13B23-285_D1,4
CAGAATAACACACGGA-1_V13B23-285_D1,4
CAGAATATTCGTTATC-1_V13B23-285_D1,4
CAGACACCGATCGCTG-1_V13B23-285_D1,1
CAGACCTGTAAGTGTT-1_V13B23-285_D1,1
CAGACGAACCTGATAC-1_V13B23-285_D1,1
CAGAGACGGTCACCCA-1_V13B23-285_D1,1
CAGAGCATGAGCTTGC-1_V13B23-285_D1,1
CAGAGGCGATGCATGA-1_V13B23-285_D1,1
CAGAGTGATTTAACGT-1_V13B23-285_D1,2
CAGATAATGGGCGGGT-1_V13B23-285_D1,4
CAGATACTAACATAGT-1_V13B23-285_D1,1
CAGATCATTTAAAGTC-1_V13B23-285_D1,1
CAGATCCTGGTTTGAA-1_V13B23-285_D1,1
CAGCAGCCCGTTCCTT-1_V13B23-285_D1,1
CAGCAGTCCAGACTAT-1_V13B23-285_D1,4
CAGCAGTCTGTGCTGC-1_V13B23-285_D1,4
CAGCCGGGCCCTCTAT-1_V13B23-285_D1,2
CAGCCTCCTGCAGAGG-1_V13B23-285_D1,1
CAGCCTCGATAGCGGT-1_V13B23-285_D1,4
CAGCCTCTCCTCAAGA-1_V13B23-285_D1,2
CAGCGATTCCCTTCAA-1_V13B23-285_D1,1
CAGCTCACTGAGACAT-1_V13B23-285_D1,1
CAGCTCGACAAGTTAA-1_V13B23-285_D1,1
CAGCTCGTGCTTGTGT-1_V13B23-285_D1,2
CAGCTGGCGTAACCGT-1_V13B23-285_D1,1
CAGCTTAGTAGGTAGC-1_V13B23-285_D1,1
CAGGAAGACTTTATAT-1_V13B23-285_D1,2
CAGGACAGCTGCCCTT-1_V13B23-285_D1,1
CAGGATATATCGTTGT-1_V13B23-285_D1,1
CAGGCAGTCTTACCAG-1_V13B23-285_D1,4
CAGGCCGTTTGGGTGT-1_V13B23-285_D1,1
CAGGCGCACGGTGGTC-1_V13B23-285_D1,1
CAGGCGCCATGCTAGG-1_V13B23-285_D1,4
CAGTAACTATTTATTG-1_V13B23-285_D1,1
CAGTAATCCCTCCCAG-1_V13B23-285_D1,1
CAGTACATTCTCTAAA-1_V13B23-285_D1,1
CAGTACCAGTTTACGT-1_V13B23-285_D1,1
CAGTAGCCCACGCGGT-1_V13B23-285_D1,1
CAGTCGAGGATGCAAT-1_V13B23-285_D1,1
CAGTCTGTATACTGGG-1_V13B23-285_D1,1
CAGTGAATAAATGACT-1_V13B23-285_D1,1
CAGTGGTTGCACATGA-1_V13B23-285_D1,1
CAGTGTCCGCAGAATG-1_V13B23-285_D1,2
CAGTGTCGGCTGGCCC-1_V13B23-285_D1,4
CAGTTCAAATTGACAC-1_V13B23-285_D1,1
CAGTTCCGCGGGTCGA-1_V13B23-285_D1,1
CATAACGGACAGTCGT-1_V13B23-285_D1,1
CATAAGAAGCTTGGCT-1_V13B23-285_D1,4
CATAAGCTCTCCGTCT-1_V13B23-285_D1,1
CATACAAAGCCGAACC-1_V13B23-285_D1,2
CATACACGGTTCCCAC-1_V13B23-285_D1,1
CATACCCGTACCCAGT-1_V13B23-285_D1,1
CATACGGCGTCTGGGC-1_V13B23-285_D1,1
CATACTATGTAATTGT-1_V13B23-285_D1,1
CATACTTAGGCAATAC-1_V13B23-285_D1,1
CATAGCCGCCCGGGAT-1_V13B23-285_D1,1
CATAGCGTTGCCCACC-1_V13B23-285_D1,1
CATAGTACATTGAGAG-1_V13B23-285_D1,2
CATAGTAGCATAGTAG-1_V13B23-285_D1,1
CATAGTCAAATACATA-1_V13B23-285_D1,4
CATAGTCCACAAGAAC-1_V13B23-285_D1,1
CATATACTACTGATAA-1_V13B23-285_D1,1
CATATAGGTACAGTCA-1_V13B23-285_D1,1
CATATGTCAGGCTACG-1_V13B23-285_D1,1
CATATTATTTGCCCTA-1_V13B23-285_D1,2
CATCAAACTGGCGCCC-1_V13B23-285_D1,2
CATCATCTACCCGGAC-1_V13B23-285_D1,3
CATCATTACCCTGAGG-1_V13B23-285_D1,4
CATCCTCTCAAAGATC-1_V13B23-285_D1,4
CATCGCCCGCGGCCAA-1_V13B23-285_D1,2
CATCGGACGGGTTAAT-1_V13B23-285_D1,1
CATCTAGTGAAGGGAA-1_V13B23-285_D1,4
CATCTATCCCGTGTCT-1_V13B23-285_D1,1
CATCTTACACCACCTC-1_V13B23-285_D1,4
CATGAACCGACATTTG-1_V13B23-285_D1,2
CATGACTTCGCTGAAT-1_V13B23-285_D1,4
CATGAGATGCACTCTC-1_V13B23-285_D1,4
CATGATCGCTTTGAGA-1_V13B23-285_D1,4
CATGATGCACAATTCT-1_V13B23-285_D1,2
CATGATGGAAGTTAGC-1_V13B23-285_D1,4
CATGCCAACTCGCAAA-1_V13B23-285_D1,1
CATGCGACCAGTTTAA-1_V13B23-285_D1,1
CATGCGTTAGACAGAA-1_V13B23-285_D1,2
CATGCTGGCTCCAATT-1_V13B23-285_D1,3
CATGGATTGTCTTCCG-1_V13B23-285_D1,4
CATGGCAGGAAGATCG-1_V13B23-285_D1,2
CATGGGTATGCCTTAT-1_V13B23-285_D1,4
CATGGGTCGGGTGTGG-1_V13B23-285_D1,2
CATGGTAAGTAGCGTT-1_V13B23-285_D1,4
CATGGTCTAGATACCG-1_V13B23-285_D1,1
CATGTAAGAGACATTT-1_V13B23-285_D1,4
CATGTAGGAGCGCCAA-1_V13B23-285_D1,2
CATGTCTCATTTATGG-1_V13B23-285_D1,4
CATTACATAGATTGTG-1_V13B23-285_D1,1
CATTACGTCGGCCCGT-1_V13B23-285_D1,2
CATTATGCTTGTTGTG-1_V13B23-285_D1,1
CATTCAGGTCAGTGCG-1_V13B23-285_D1,2
CATTCCCATTCCGTCG-1_V13B23-285_D1,1
CATTCCCTAAGTACAA-1_V13B23-285_D1,1
CATTCGTCGTAGCGGT-1_V13B23-285_D1,4
CATTGATGAACACGCC-1_V13B23-285_D1,1
CATTGCGGGTCAATTC-1_V13B23-285_D1,1
CATTTAGCGGACCATG-1_V13B23-285_D1,1
CATTTCTAGCAGACTA-1_V13B23-285_D1,1
CATTTGAGTGGTACGT-1_V13B23-285_D1,1
CCAAACAGAACCCTCG-1_V13B23-285_D1,1
CCAAATAACAAGATTC-1_V13B23-285_D1,4
CCAACGATGCACTGAT-1_V13B23-285_D1,1
CCAACGCTTGCCAGGG-1_V13B23-285_D1,2
CCAACTTGATAGATCC-1_V13B23-285_D1,4
CCAAGAAAGTGGGCGA-1_V13B23-285_D1,1
CCAAGACTTCTGCGAA-1_V13B23-285_D1,2
CCAAGCGTAACTCGTA-1_V13B23-285_D1,2
CCAAGGAACAGAGAGG-1_V13B23-285_D1,2
CCAATAGTGCCGTCGA-1_V13B23-285_D1,1
CCAATCGGTAGATCGA-1_V13B23-285_D1,2
CCAATGTCACAGCAAG-1_V13B23-285_D1,1
CCAATTACGGGTCGAG-1_V13B23-285_D1,1
CCAATTGAATGTTAAT-1_V13B23-285_D1,1
CCACAATGTACGTCTT-1_V13B23-285_D1,1
CCACACTGAGATATTA-1_V13B23-285_D1,1
CCACAGTACCCATCCT-1_V13B23-285_D1,4
CCACATACTGCACCCA-1_V13B23-285_D1,4
CCACCAACTTTACTGT-1_V13B23-285_D1,1
CCACCCAAGGAAAGTG-1_V13B23-285_D1,4
CCACCTGTATGGAATA-1_V13B23-285_D1,4
CCACGAATTTAACCTC-1_V13B23-285_D1,4
CCACGAGAAGAGAATC-1_V13B23-285_D1,2
CCACGGAGCCATAAGA-1_V13B23-285_D1,1
CCACGGTGCCCGGTAG-1_V13B23-285_D1,1
CCACGTAAATTAGACT-1_V13B23-285_D1,1
CCACTATCCGGGTCAC-1_V13B23-285_D1,1
CCACTGGTGGCTGGTT-1_V13B23-285_D1,1
CCACTGTTTGGATTAA-1_V13B23-285_D1,4
CCAGAAAGCAACTCAT-1_V13B23-285_D1,1
CCAGAGACAAAGCCGG-1_V13B23-285_D1,1
CCAGATAGTTGAGTGA-1_V13B23-285_D1,1
CCAGATGTAAATGGGT-1_V13B23-285_D1,2
CCAGCCTGGACCAATA-1_V13B23-285_D1,4
CCAGCGGGATCACCAG-1_V13B23-285_D1,1
CCAGCTCGAACGCATT-1_V13B23-285_D1,1
CCAGCTGATGGTACTT-1_V13B23-285_D1,1
CCAGCTTCCGCCCGCA-1_V13B23-285_D1,1
CCAGGCTGGCGTCTGA-1_V13B23-285_D1,4
CCAGGGACGTGGCCTC-1_V13B23-285_D1,1
CCAGTAGTCTGATCCA-1_V13B23-285_D1,1
CCAGTCCATTATTCGA-1_V13B23-285_D1,2
CCAGTCTAGACGGCGC-1_V13B23-285_D1,1
CCAGTCTTGTCATAGA-1_V13B23-285_D1,1
CCATAAACAACCCGAC-1_V13B23-285_D1,3
CCATACCTTTACTTGT-1_V13B23-285_D1,1
CCATAGGTTGGCGTGG-1_V13B23-285_D1,2
CCATAGTCAGTAACCC-1_V13B23-285_D1,1
CCATATGGAAACTATA-1_V13B23-285_D1,4
CCATCCATACCAAGTC-1_V13B23-285_D1,1
CCATCGCAGTTAAACT-1_V13B23-285_D1,1
CCATCTCACCAGTGAA-1_V13B23-285_D1,4
CCATGCCCTAGATTTC-1_V13B23-285_D1,4
CCATGCCTGTTTAGTA-1_V13B23-285_D1,1
CCATGCTCTGCAGGAA-1_V13B23-285_D1,1
CCATGGCCCTTGTACC-1_V13B23-285_D1,1
CCATTAGCGATAATCC-1_V13B23-285_D1,1
CCATTCCCTGCCCACA-1_V13B23-285_D1,1
CCATTGTTTCCTCCAT-1_V13B23-285_D1,1
CCATTTCTACCTATTA-1_V13B23-285_D1,4
CCCAAACATGCTGCTC-1_V13B23-285_D1,1
CCCAACATACGTCGCG-1_V13B23-285_D1,1
CCCAACCACACTAACA-1_V13B23-285_D1,2
CCCAATGAGATTTGCA-1_V13B23-285_D1,1
CCCAATTTCACAACTT-1_V13B23-285_D1,1
CCCAGAGGAGGGCGTA-1_V13B23-285_D1,1
CCCAGGTCTGAAGGCT-1_V13B23-285_D1,4
CCCAGTAAACTTGGGA-1_V13B23-285_D1,1
CCCAGTTAAGGCGCCG-1_V13B23-285_D1,4
CCCATATAGGTCGATT-1_V13B23-285_D1,4
CCCGACCATAGTCCGC-1_V13B23-285_D1,2
CCCGAGTTTCTCCGTA-1_V13B23-285_D1,4
CCCGATAGCCTCGCCT-1_V13B23-285_D1,1
CCCGCAGCGCGAACTA-1_V13B23-285_D1,4
CCCGCAGGGCCCAAAG-1_V13B23-285_D1,2
CCCGCCATGCTCCCGT-1_V13B23-285_D1,1
CCCGCGCAATGCACCC-1_V13B23-285_D1,1
CCCGGTGGAAGAACCT-1_V13B23-285_D1,1
CCCGGTGTATCGGAAT-1_V13B23-285_D1,1
CCCGTAAGTCTAGGCC-1_V13B23-285_D1,1
CCCGTAGCTGGGAAGA-1_V13B23-285_D1,1
CCCGTCAGCGTCTGAC-1_V13B23-285_D1,1
CCCGTTTCGCAGATGT-1_V13B23-285_D1,4
CCCTAGTGTCAGGTGT-1_V13B23-285_D1,2
CCCTATGTAGAGCAGA-1_V13B23-285_D1,1
CCCTCATTCTGGAATT-1_V13B23-285_D1,2
CCCTCCTCGCTCGTAT-1_V13B23-285_D1,4
CCCTGAAATGAGTTGA-1_V13B23-285_D1,1
CCCTGATGTAACTCGT-1_V13B23-285_D1,1
CCCTGCCCAATCCGCT-1_V13B23-285_D1,1
CCCTGCGCTACGCATA-1_V13B23-285_D1,1
CCCTTTAATGGAGTTC-1_V13B23-285_D1,4
CCCTTTGACAGGTCTT-1_V13B23-285_D1,1
CCGAAAGTGGTGAGCA-1_V13B23-285_D1,1
CCGAACACTGGGCCTC-1_V13B23-285_D1,1
CCGAACCTTCCCGGCC-1_V13B23-285_D1,4
CCGAAGGGCGTACCGC-1_V13B23-285_D1,1
CCGAAGTATATTGTTC-1_V13B23-285_D1,1
CCGACAAAGGGAGTGC-1_V13B23-285_D1,1
CCGACAATAGGCCGCC-1_V13B23-285_D1,4
CCGACGGGCATGAGGT-1_V13B23-285_D1,1
CCGACGTAAACACAAC-1_V13B23-285_D1,2
CCGAGAAGTCGCATAA-1_V13B23-285_D1,4
CCGAGCTGTGCTTGTC-1_V13B23-285_D1,1
CCGATATGACGTAAGG-1_V13B23-285_D1,4
CCGATCTCAACCTTAT-1_V13B23-285_D1,3
CCGATTCGAGGGACCC-1_V13B23-285_D1,1
CCGCACAAAGACCAAC-1_V13B23-285_D1,2
CCGCACACGAACGTGT-1_V13B23-285_D1,4
CCGCACGTGACCTCGG-1_V13B23-285_D1,1
CCGCATGTGGTACGAT-1_V13B23-285_D1,4
CCGCCGGAACTTCTCG-1_V13B23-285_D1,1
CCGCCGGTCAACACAC-1_V13B23-285_D1,2
CCGCCTGCGAATTGGT-1_V13B23-285_D1,1
CCGCGGAATGCGTCAC-1_V13B23-285_D1,1
CCGCGGGTACGAAGAA-1_V13B23-285_D1,1
CCGCGTAGGTAAGGGC-1_V13B23-285_D1,1
CCGCTATCAGCACCAG-1_V13B23-285_D1,1
CCGCTCTTCCGAACTA-1_V13B23-285_D1,4
CCGCTTACCTCACTCT-1_V13B23-285_D1,1
CCGCTTGCTGACATGG-1_V13B23-285_D1,1
CCGGAAGTTATCAGTC-1_V13B23-285_D1,4
CCGGAATGGTTTCAGT-1_V13B23-285_D1,1
CCGGAGCGTACTTTCT-1_V13B23-285_D1,1
CCGGAGGTCTTATGGT-1_V13B23-285_D1,2
CCGGCACGACCGTTTC-1_V13B23-285_D1,1
CCGGCGCATATTGGAT-1_V13B23-285_D1,3
CCGGGACCCGCAGAGA-1_V13B23-285_D1,2
CCGGGCGGTCTCGTCA-1_V13B23-285_D1,1
CCGGGCTGCTCCATAC-1_V13B23-285_D1,4
CCGGGTTCGAGGTTAC-1_V13B23-285_D1,1
CCGGTAATGGCTAGTC-1_V13B23-285_D1,1
CCGGTTTGTAATTGTG-1_V13B23-285_D1,1
CCGTAAGTTGGTCCCA-1_V13B23-285_D1,1
CCGTACCCAAGCGCCA-1_V13B23-285_D1,2
CCGTAGGAAATCCCTG-1_V13B23-285_D1,4
CCGTAGGGTTGTTTAC-1_V13B23-285_D1,4
CCGTATCTCGTCGTAG-1_V13B23-285_D1,1
CCGTATTAGCGCAGTT-1_V13B23-285_D1,1
CCGTGAGGCATTCATG-1_V13B23-285_D1,1
CCGTGCCCATGACGGC-1_V13B23-285_D1,2
CCGTGGAACGATCCAA-1_V13B23-285_D1,1
CCGTGTTAAATTCCAT-1_V13B23-285_D1,1
CCGTTACGTTAGAACA-1_V13B23-285_D1,2
CCGTTCCGAATCTCGG-1_V13B23-285_D1,1
CCTAAAGGCTGACGCT-1_V13B23-285_D1,2
CCTAAATTAACGGTTC-1_V13B23-285_D1,4
CCTAAATTGTATCCTA-1_V13B23-285_D1,4
CCTAACCCAAACAAGT-1_V13B23-285_D1,4
CCTAACTAAGGCTCTA-1_V13B23-285_D1,1
CCTACATTCACAGACG-1_V13B23-285_D1,1
CCTACGGCTCAGTCGA-1_V13B23-285_D1,1
CCTACTCAACACGATT-1_V13B23-285_D1,4
CCTACTGCGGCGGCCA-1_V13B23-285_D1,1
CCTACTGCTTACACTT-1_V13B23-285_D1,1
CCTAGGCGTAGCGATC-1_V13B23-285_D1,4
CCTAGTTAGTCGCATG-1_V13B23-285_D1,3
CCTATAATGAGTGCCC-1_V13B23-285_D1,4
CCTATACCGTCCTGTC-1_V13B23-285_D1,1
CCTATATTTGTCCTGG-1_V13B23-285_D1,1
CCTATGAAGTGGTGCC-1_V13B23-285_D1,1
CCTATGGGTTACCGTC-1_V13B23-285_D1,1
CCTATGTCCACTCCAC-1_V13B23-285_D1,4
CCTCACCAATCTTGAC-1_V13B23-285_D1,1
CCTCACCTGAGGGAGC-1_V13B23-285_D1,1
CCTCACCTTAGCATCG-1_V13B23-285_D1,1
CCTCACGTCAGCTAAT-1_V13B23-285_D1,4
CCTCATGCAGCTACGA-1_V13B23-285_D1,2
CCTCCCGACAATCCCT-1_V13B23-285_D1,2
CCTCCGACAATTCAAG-1_V13B23-285_D1,1
CCTCCTGTTGTGTCGT-1_V13B23-285_D1,4
CCTCGAAGTGGACGGG-1_V13B23-285_D1,2
CCTCGCCAGCAAATTA-1_V13B23-285_D1,2
CCTCGCGCGATATAGG-1_V13B23-285_D1,1
CCTCGCGCTGTGCGAT-1_V13B23-285_D1,1
CCTCGGACCGGGATAG-1_V13B23-285_D1,4
CCTCTAATCTGCCAAG-1_V13B23-285_D1,2
CCTCTATCGATTAGCA-1_V13B23-285_D1,1
CCTCTCTCCCATCTAG-1_V13B23-285_D1,1
CCTCTGGCCTAGACGG-1_V13B23-285_D1,2
CCTCTGTACTATTCTA-1_V13B23-285_D1,1
CCTGAACGATATATTC-1_V13B23-285_D1,4
CCTGAATATTTACATA-1_V13B23-285_D1,2
CCTGACCACCGATGGT-1_V13B23-285_D1,1
CCTGCGATAGAACTGT-1_V13B23-285_D1,1
CCTGCGTTCTACGCTT-1_V13B23-285_D1,1
CCTGCTATTTGAGAAG-1_V13B23-285_D1,1
CCTGGAAACGTTCTGC-1_V13B23-285_D1,4
CCTGGCTAGACCCGCC-1_V13B23-285_D1,1
CCTGGTCGAATGTGGG-1_V13B23-285_D1,4
CCTGTAAGACATGATA-1_V13B23-285_D1,1
CCTGTACTCACGCCCA-1_V13B23-285_D1,1
CCTGTCACCCGGGCTC-1_V13B23-285_D1,1
CCTGTCCCTCACGTTA-1_V13B23-285_D1,1
CCTGTCGCCCGTAAAT-1_V13B23-285_D1,4
CCTGTTTGAAGACACG-1_V13B23-285_D1,4
CCTTCAGTTAAAGTGA-1_V13B23-285_D1,1
CCTTCTTGATCCAGTG-1_V13B23-285_D1,2
CCTTGACCACTTTATT-1_V13B23-285_D1,4
CCTTTAAGGGAGCACT-1_V13B23-285_D1,1
CCTTTCAATGAAGAAA-1_V13B23-285_D1,1
CGAAACATAGATGGCA-1_V13B23-285_D1,2
CGAAACGCAATTCATG-1_V13B23-285_D1,1
CGAACAGTATGGGCGT-1_V13B23-285_D1,4
CGAACCCGCATGCGTC-1_V13B23-285_D1,1
CGAACGCCCAGTGCCG-1_V13B23-285_D1,3
CGAACGGCCGGACAAC-1_V13B23-285_D1,1
CGAAGCTATAAATTCA-1_V13B23-285_D1,1
CGAAGTTGCTCTGTGT-1_V13B23-285_D1,1
CGAATGACGCATAATG-1_V13B23-285_D1,1
CGAATTCCCGGTTCAA-1_V13B23-285_D1,4
CGACAATTTGATCTAA-1_V13B23-285_D1,4
CGACACGCTCCGACAG-1_V13B23-285_D1,4
CGACAGTTCGCGTTAT-1_V13B23-285_D1,1
CGACATGCGATCTTCT-1_V13B23-285_D1,2
CGACTCAGGATGTTAT-1_V13B23-285_D1,1
CGACTTTGTATAGCCT-1_V13B23-285_D1,1
CGAGACCCTAGAGTGT-1_V13B23-285_D1,1
CGAGAGATGTGAACCT-1_V13B23-285_D1,1
CGAGAGCTTTCACTAC-1_V13B23-285_D1,4
CGAGAGGGTAGCCGCG-1_V13B23-285_D1,4
CGAGATTTCGCTCGGG-1_V13B23-285_D1,4
CGAGCACTTCAAGTTT-1_V13B23-285_D1,1
CGAGCGTTGATCAGCC-1_V13B23-285_D1,2
CGAGCTGGGCTTTAGG-1_V13B23-285_D1,2
CGAGGAGCTTCCATAT-1_V13B23-285_D1,1
CGAGGATCGGGAACGA-1_V13B23-285_D1,1
CGAGGCCAGGCATTGG-1_V13B23-285_D1,1
CGAGGCTAAATATGGC-1_V13B23-285_D1,1
CGAGGGACTGCGGTCG-1_V13B23-285_D1,4
CGAGTACTAAAGAGGA-1_V13B23-285_D1,1
CGAGTGAAGGTACCAG-1_V13B23-285_D1,1
CGAGTGCTATAGTTCG-1_V13B23-285_D1,2
CGAGTTCTGTCCCACC-1_V13B23-285_D1,1
CGAGTTTATCGGACTG-1_V13B23-285_D1,4
CGATAATACTCAGGTT-1_V13B23-285_D1,4
CGATACCTCGCGGACA-1_V13B23-285_D1,1
CGATAGTCGTACTGCA-1_V13B23-285_D1,4
CGATCCGACCCAGTGC-1_V13B23-285_D1,1
CGATCTGTTGGAGGAC-1_V13B23-285_D1,1
CGATGGACCCTACGCC-1_V13B23-285_D1,4
CGATGTTGTTATCTAC-1_V13B23-285_D1,1
CGATTAAATATCTCCT-1_V13B23-285_D1,1
CGATTCGCCTGGCTGC-1_V13B23-285_D1,4
CGCAAACACGAGTTAC-1_V13B23-285_D1,1
CGCAATTACTTTCGGT-1_V13B23-285_D1,1
CGCAATTAGGGTAATA-1_V13B23-285_D1,1
CGCAATTCTACAATAA-1_V13B23-285_D1,1
CGCACATGTCCACTAC-1_V13B23-285_D1,4
CGCACGTGCGCTATCA-1_V13B23-285_D1,4
CGCAGATCTTCACCCG-1_V13B23-285_D1,1
CGCAGGCGATCCAAAC-1_V13B23-285_D1,4
CGCATCATGGCTTCAG-1_V13B23-285_D1,2
CGCATCCATCAGCCAG-1_V13B23-285_D1,1
CGCATGGTGCGATGCT-1_V13B23-285_D1,4
CGCATTAGCTAATAGG-1_V13B23-285_D1,1
CGCCAAGAAGCCGAGT-1_V13B23-285_D1,1
CGCCATCCGATTATGA-1_V13B23-285_D1,1
CGCCCAGCACGCCTAG-1_V13B23-285_D1,1
CGCCCAGCGTTTCACG-1_V13B23-285_D1,4
CGCCCGCTTCCGTACA-1_V13B23-285_D1,2
CGCCCTTGAAGGCTGA-1_V13B23-285_D1,1
CGCCGCCCATGCCTGT-1_V13B23-285_D1,4
CGCCGTCTACCCATCG-1_V13B23-285_D1,1
CGCCGTTCAGCATAGT-1_V13B23-285_D1,4
CGCCTCCCTCCTCTAT-1_V13B23-285_D1,4
CGCCTGGCCTACGTAA-1_V13B23-285_D1,1
CGCCTTTAGCATGCTC-1_V13B23-285_D1,4
CGCGAAGTGGCATACT-1_V13B23-285_D1,4
CGCGACCGCGACAGAT-1_V13B23-285_D1,4
CGCGAGAGGGACTTGT-1_V13B23-285_D1,2
CGCGAGTCTGCCGGGT-1_V13B23-285_D1,1
CGCGCAAATGTCCAGA-1_V13B23-285_D1,1
CGCGCATGTTTGATTG-1_V13B23-285_D1,1
CGCGCCCGACTTAATA-1_V13B23-285_D1,2
CGCGGCAGTATTACGG-1_V13B23-285_D1,1
CGCGGCTCAACTTGAA-1_V13B23-285_D1,4
CGCGGGAATTAGGCAG-1_V13B23-285_D1,1
CGCGGTAAGTCTAGCT-1_V13B23-285_D1,1
CGCGGTACGGTATACA-1_V13B23-285_D1,4
CGCGGTCACAAACCAA-1_V13B23-285_D1,1
CGCGTTCATGAAATAC-1_V13B23-285_D1,1
CGCTACGGGACATTTA-1_V13B23-285_D1,1
CGCTAGAGACCGCTGC-1_V13B23-285_D1,4
CGCTATACCGCCCACT-1_V13B23-285_D1,1
CGCTATTCAATGTATG-1_V13B23-285_D1,1
CGCTATTCTTAGGCTC-1_V13B23-285_D1,1
CGCTCGACATAATGAT-1_V13B23-285_D1,1
CGCTCTCCGTAGATTA-1_V13B23-285_D1,1
CGCTGGTGACTACCCT-1_V13B23-285_D1,4
CGCTGTGACGCCGCAC-1_V13B23-285_D1,1
CGCTGTGTGGATGTTG-1_V13B23-285_D1,1
CGCTTATTCCCGGTCG-1_V13B23-285_D1,1
CGCTTCCACTGAAATC-1_V13B23-285_D1,1
CGCTTCGGTCTAAGAC-1_V13B23-285_D1,4
CGCTTGGACGGATAGA-1_V13B23-285_D1,4
CGCTTTCATACCGGTG-1_V13B23-285_D1,2
CGCTTTCTTGCATTCG-1_V13B23-285_D1,1
CGGAAAGAATCAAACG-1_V13B23-285_D1,1
CGGAACGTAAACATAG-1_V13B23-285_D1,1
CGGAGCAATTTAATCG-1_V13B23-285_D1,1
CGGAGCATGGCGATCC-1_V13B23-285_D1,4
CGGAGCTTATAACACC-1_V13B23-285_D1,2
CGGAGTTTGAGAGACA-1_V13B23-285_D1,1
CGGATAAGCGGACATG-1_V13B23-285_D1,1
CGGATCCTCAAGGACT-1_V13B23-285_D1,4
CGGCAAACATCGTGCG-1_V13B23-285_D1,4
CGGCAATAAGATCGCC-1_V13B23-285_D1,4
CGGCACCGTTAGCGCC-1_V13B23-285_D1,2
CGGCACTCAAGAAAGT-1_V13B23-285_D1,2
CGGCAGGGTCGGGTTG-1_V13B23-285_D1,1
CGGCCACGCACAAAGT-1_V13B23-285_D1,4
CGGCCCAACCTGTAGT-1_V13B23-285_D1,1
CGGCCCAGGTATATCC-1_V13B23-285_D1,4
CGGCGCCATCAATCCC-1_V13B23-285_D1,4
CGGCTCTAAAGCTGCA-1_V13B23-285_D1,4
CGGCTCTTCGTCGAAC-1_V13B23-285_D1,2
CGGGAATATAGTATAC-1_V13B23-285_D1,4
CGGGAATTTATGTAAA-1_V13B23-285_D1,4
CGGGAGCTTCAGTGTA-1_V13B23-285_D1,4
CGGGAGTATACCGCCG-1_V13B23-285_D1,1
CGGGATCAATGTAAGA-1_V13B23-285_D1,1
CGGGCAGCTAAACCGC-1_V13B23-285_D1,1
CGGGCCATAGCCGCAC-1_V13B23-285_D1,1
CGGGCCTTCTTTGTAA-1_V13B23-285_D1,1
CGGGTGTACCCATTTA-1_V13B23-285_D1,1
CGGGTTTGTTAGGGCT-1_V13B23-285_D1,4
CGGTACTAGAATCAAA-1_V13B23-285_D1,4
CGGTAGAGGTGCAGGT-1_V13B23-285_D1,1
CGGTATAGGTATTAGC-1_V13B23-285_D1,2
CGGTCAAGTGGGAACC-1_V13B23-285_D1,1
CGGTCAGTCCATATTT-1_V13B23-285_D1,4
CGGTCCATGAGACTCC-1_V13B23-285_D1,2
CGGTCCGTCGCAAGCC-1_V13B23-285_D1,1
CGGTCTATCAACCCGT-1_V13B23-285_D1,3
CGGTGAAGACTAAAGT-1_V13B23-285_D1,1
CGGTGCAGATAGAACG-1_V13B23-285_D1,1
CGGTGCGCGTTGGTCC-1_V13B23-285_D1,1
CGGTGGGCTCCAGCCT-1_V13B23-285_D1,1
CGGTGTACTTGATCCC-1_V13B23-285_D1,1
CGGTTATCCAACAGTG-1_V13B23-285_D1,1
CGGTTCAAGTAGGTGT-1_V13B23-285_D1,1
CGGTTCCGGCTTCTTG-1_V13B23-285_D1,2
CGGTTGACCTGGCATA-1_V13B23-285_D1,1
CGTAAACGCTTGAGTG-1_V13B23-285_D1,2
CGTACCTGATAGGCCT-1_V13B23-285_D1,2
CGTAGCGAATTGTCAG-1_V13B23-285_D1,3
CGTATCTAGAACTAAG-1_V13B23-285_D1,4
CGTATTAAGAGATCTA-1_V13B23-285_D1,1
CGTATTGTTTCCTAAT-1_V13B23-285_D1,1
CGTCAAATGGTCGCAG-1_V13B23-285_D1,1
CGTCAAGGCTATAAAT-1_V13B23-285_D1,1
CGTCACGTCCATTGGT-1_V13B23-285_D1,1
CGTCAGTGCGCACAAG-1_V13B23-285_D1,2
CGTCATACCATATCCA-1_V13B23-285_D1,1
CGTCGCATGTGAGCCA-1_V13B23-285_D1,4
CGTCGGATAGTGTTGA-1_V13B23-285_D1,1
CGTCGGGTCTAAGCGC-1_V13B23-285_D1,1
CGTCGTCCTTCGCGAA-1_V13B23-285_D1,4
CGTCTGGAAGGGCCCG-1_V13B23-285_D1,2
CGTCTTGAGTGTGACG-1_V13B23-285_D1,4
CGTGAAGTTAATTCAC-1_V13B23-285_D1,1
CGTGACATTGGGTCGT-1_V13B23-285_D1,3
CGTGACCAGTCCTCTG-1_V13B23-285_D1,1
CGTGCAGACTGGGACA-1_V13B23-285_D1,4
CGTGCATTGTCGACGC-1_V13B23-285_D1,1
CGTGCCCTCCCGAAGA-1_V13B23-285_D1,4
CGTGCTGGCCTAGTCG-1_V13B23-285_D1,1
CGTGGAAGCCTCGTAC-1_V13B23-285_D1,4
CGTGGCCGAATATCTA-1_V13B23-285_D1,4
CGTGTATGGGAGCTGA-1_V13B23-285_D1,4
CGTGTCCCATTCGCGA-1_V13B23-285_D1,1
CGTGTCTCGTTACGAC-1_V13B23-285_D1,1
CGTGTGTTAAACCCTG-1_V13B23-285_D1,1
CGTTAAACTAGTTAGG-1_V13B23-285_D1,4
CGTTAATGTCCCGACG-1_V13B23-285_D1,4
CGTTAGCTCACAACTG-1_V13B23-285_D1,2
CGTTCATGGTGCGCGT-1_V13B23-285_D1,1
CGTTCTTCGCACACCT-1_V13B23-285_D1,1
CGTTGAATACCGCGCT-1_V13B23-285_D1,4
CGTTGAGCGACCGTCG-1_V13B23-285_D1,4
CGTTGAGTAATTGCGT-1_V13B23-285_D1,2
CGTTGTAAGATTGATT-1_V13B23-285_D1,1
CGTTGTCGGCAATTGA-1_V13B23-285_D1,1
CGTTGTTTCAATTCCC-1_V13B23-285_D1,1
CGTTTAAGCGGAGCAC-1_V13B23-285_D1,3
CGTTTACAAGGCAGCT-1_V13B23-285_D1,2
CGTTTCACTTCGGGCG-1_V13B23-285_D1,2
CGTTTCGCTCATTACA-1_V13B23-285_D1,1
CGTTTGGTGTTGTGGG-1_V13B23-285_D1,4
CGTTTGTGTAGAGGGT-1_V13B23-285_D1,1
CTAAAGAATGCCTACT-1_V13B23-285_D1,1
CTAAAGGGAAATAGGA-1_V13B23-285_D1,1
CTAAATCCGGTGTACA-1_V13B23-285_D1,1
CTAAATCCTATTCCGG-1_V13B23-285_D1,1
CTAACCGCGCGCCCGT-1_V13B23-285_D1,1
CTAACGAAACTTGCTG-1_V13B23-285_D1,1
CTAACTGATAATCGCC-1_V13B23-285_D1,4
CTAACTGGTCCGGTTC-1_V13B23-285_D1,1
CTAAGGGAATGATTGG-1_V13B23-285_D1,4
CTAATTCGCACGCGCT-1_V13B23-285_D1,1
CTAATTCTCAGATATT-1_V13B23-285_D1,1
CTAATTTCAACAACAC-1_V13B23-285_D1,1
CTACAAGAAATAACCC-1_V13B23-285_D1,1
CTACACTCGCAGATGG-1_V13B23-285_D1,4
CTACCCTAAGGTCATA-1_V13B23-285_D1,1
CTACGACTAGCTATAA-1_V13B23-285_D1,1
CTACGCACGGAGTACC-1_V13B23-285_D1,1
CTACGCCATTTCCGAT-1_V13B23-285_D1,3
CTACTATCATAGGTTT-1_V13B23-285_D1,1
CTACTATCTTTCAGAG-1_V13B23-285_D1,1
CTACTCAAGGTATAGT-1_V13B23-285_D1,1
CTACTCTAGGCCCGGC-1_V13B23-285_D1,1
CTACTGCCACCTGACC-1_V13B23-285_D1,1
CTAGACTGCATTTCGT-1_V13B23-285_D1,2
CTAGATGTGAGTGTAA-1_V13B23-285_D1,1
CTAGATTTACGACGGC-1_V13B23-285_D1,4
CTAGCATAGTATAATG-1_V13B23-285_D1,1
CTAGCCACAGGCGAGC-1_V13B23-285_D1,4
CTAGCCGATGTTATGA-1_V13B23-285_D1,1
CTAGCTTAATGGTCCC-1_V13B23-285_D1,4
CTAGGCGCCCTATCAG-1_V13B23-285_D1,4
CTAGGTCTGAAGGAAT-1_V13B23-285_D1,1
CTAGGTTCGGACGTGA-1_V13B23-285_D1,4
CTAGTAGAAAGGGATT-1_V13B23-285_D1,4
CTAGTATTCGGAATTA-1_V13B23-285_D1,2
CTAGTCACGTCTTAAG-1_V13B23-285_D1,4
CTAGTGAAGGACAGGA-1_V13B23-285_D1,1
CTAGTTACAACCCGGT-1_V13B23-285_D1,4
CTAGTTGGGCCCGGTA-1_V13B23-285_D1,1
CTATAAGAGCCAATCG-1_V13B23-285_D1,1
CTATCGACGAAATACA-1_V13B23-285_D1,4
CTATCGCGTAGAGAAC-1_V13B23-285_D1,4
CTATCGGGTCTCAACA-1_V13B23-285_D1,2
CTATGCCCGAATGCAA-1_V13B23-285_D1,1
CTATGGGAAGCGGAAT-1_V13B23-285_D1,4
CTATGTCACTAGCCCA-1_V13B23-285_D1,1
CTATGTCTATTGAAAC-1_V13B23-285_D1,2
CTATGTGAGTCACGGC-1_V13B23-285_D1,1
CTATTCATGTGTCCCA-1_V13B23-285_D1,1
CTATTGTGTTTGGTCA-1_V13B23-285_D1,2
CTATTTGGTTACGGAT-1_V13B23-285_D1,1
CTCAACTAACCCGGAT-1_V13B23-285_D1,4
CTCAAGACATTAGCGC-1_V13B23-285_D1,2
CTCACACGCAAGCCTA-1_V13B23-285_D1,2
CTCACATTTACTAAAT-1_V13B23-285_D1,1
CTCACTGTGATACTTA-1_V13B23-285_D1,4
CTCACTTGGCTGGTAA-1_V13B23-285_D1,1
CTCAGGACTCACCTGT-1_V13B23-285_D1,1
CTCAGTCACGACAAAT-1_V13B23-285_D1,1
CTCATCACTTAGTGAT-1_V13B23-285_D1,1
CTCATGGTAATTTGCG-1_V13B23-285_D1,1
CTCATTAACGTTGCCC-1_V13B23-285_D1,1
CTCATTGCTCTAACAA-1_V13B23-285_D1,4
CTCATTTGATGGGCGG-1_V13B23-285_D1,2
CTCCCAATGAGTCGCG-1_V13B23-285_D1,4
CTCCCTCCTTTCGATC-1_V13B23-285_D1,1
CTCCGCCCACATGAGG-1_V13B23-285_D1,1
CTCCGGCCTAATATGC-1_V13B23-285_D1,2
CTCCGGCTTGTAGACA-1_V13B23-285_D1,1
CTCCTAAGTTATGTCT-1_V13B23-285_D1,1
CTCCTCCAGCTCACAC-1_V13B23-285_D1,1
CTCCTGTTCAAGGCAG-1_V13B23-285_D1,4
CTCCTTTACGCAAGTC-1_V13B23-285_D1,1
CTCGAGGTCGAACAGT-1_V13B23-285_D1,1
CTCGATATTTGCGAGC-1_V13B23-285_D1,1
CTCGCACCTATATAGT-1_V13B23-285_D1,1
CTCGCATTGCATAGCC-1_V13B23-285_D1,1
CTCGCCGAATGTAGGG-1_V13B23-285_D1,1
CTCGGGATAACACCTA-1_V13B23-285_D1,1
CTCGGTACCACTGCTC-1_V13B23-285_D1,4
CTCGGTCCGTAGCCTG-1_V13B23-285_D1,2
CTCGGTTGTCGGCCCT-1_V13B23-285_D1,1
CTCGTCGAGGGCTCAT-1_V13B23-285_D1,1
CTCGTTTCTAATGTTT-1_V13B23-285_D1,1
CTCTAATGCATTGATC-1_V13B23-285_D1,1
CTCTACACTGGCGATT-1_V13B23-285_D1,1
CTCTAGCCCTCGGAAA-1_V13B23-285_D1,4
CTCTATTTGGCTGCAG-1_V13B23-285_D1,4
CTCTCACAATCGATGA-1_V13B23-285_D1,1
CTCTCTAACTGCCTAG-1_V13B23-285_D1,1
CTCTGCGAAGCAAGCA-1_V13B23-285_D1,2
CTCTGGACGCCTGGTG-1_V13B23-285_D1,1
CTCTGTTTGAGGATTC-1_V13B23-285_D1,3
CTCTTCTATTGACTGG-1_V13B23-285_D1,4
CTCTTGTCCCGCTTGG-1_V13B23-285_D1,1
CTGAAAGAGATCCGAC-1_V13B23-285_D1,2
CTGAATCCGAGACCTC-1_V13B23-285_D1,1
CTGAATTTATTGCCAG-1_V13B23-285_D1,1
CTGACATAGAAATAGA-1_V13B23-285_D1,4
CTGACTGCGCAGCTCG-1_V13B23-285_D1,1
CTGAGAAAGTTCGGCG-1_V13B23-285_D1,4
CTGAGAGTAGAAATAC-1_V13B23-285_D1,4
CTGAGCAAGTAACAAG-1_V13B23-285_D1,1
CTGAGCGAGACTTATT-1_V13B23-285_D1,1
CTGATAGTGTATCTCA-1_V13B23-285_D1,1
CTGCAAGCACGTTCCG-1_V13B23-285_D1,4
CTGCACAACTACATAT-1_V13B23-285_D1,4
CTGCACCTAGTCCACA-1_V13B23-285_D1,1
CTGCACCTGGAACCGC-1_V13B23-285_D1,2
CTGCACTCCAGTACAG-1_V13B23-285_D1,4
CTGCAGAGAATCAGAG-1_V13B23-285_D1,4
CTGCCAAGGTTGGAAG-1_V13B23-285_D1,2
CTGCCATGCATCACAT-1_V13B23-285_D1,1
CTGCCTAGCCACCAAG-1_V13B23-285_D1,2
CTGCCTCATATGCAAC-1_V13B23-285_D1,1
CTGCCTTTCTAGTAAA-1_V13B23-285_D1,4
CTGCGGGTGAAATGTT-1_V13B23-285_D1,1
CTGCGGTAGTCACGTG-1_V13B23-285_D1,2
CTGCGTTACGATATAA-1_V13B23-285_D1,2
CTGCTGAGGCCACGAA-1_V13B23-285_D1,1
CTGCTGTCTAACGAGC-1_V13B23-285_D1,4
CTGCTTGGCGATAGCT-1_V13B23-285_D1,4
CTGCTTTATGTCCGCG-1_V13B23-285_D1,1
CTGGAAATGGATGCTT-1_V13B23-285_D1,1
CTGGAAGACACGGTGG-1_V13B23-285_D1,4
CTGGACGCAGTCCGGC-1_V13B23-285_D1,1
CTGGATTTACACTTGA-1_V13B23-285_D1,1
CTGGCATCCGAATGAG-1_V13B23-285_D1,1
CTGGCGACATAAGTCC-1_V13B23-285_D1,2
CTGGCGCACAGGTCTG-1_V13B23-285_D1,4
CTGGCGGGAATAAGTA-1_V13B23-285_D1,1
CTGGCTGATTCATCCT-1_V13B23-285_D1,4
CTGGCTGGTTGTCAGT-1_V13B23-285_D1,1
CTGGGATAAATAATGG-1_V13B23-285_D1,4
CTGGGATACGCTACCC-1_V13B23-285_D1,1
CTGGGCCTGCTATATC-1_V13B23-285_D1,1
CTGGGTAGGCAGTTAA-1_V13B23-285_D1,4
CTGGTAAAGTGTGGGC-1_V13B23-285_D1,4
CTGGTAACACATAGAA-1_V13B23-285_D1,4
CTGGTAACGAGCTCTT-1_V13B23-285_D1,1
CTGGTCATTCCAATCC-1_V13B23-285_D1,1
CTGGTTCGCGAGCTAC-1_V13B23-285_D1,4
CTGGTTTCGAGCAAGA-1_V13B23-285_D1,4
CTGTACTTCTTAGCAT-1_V13B23-285_D1,1
CTGTAGCCATCTCACT-1_V13B23-285_D1,1
CTGTATGGTGTAGAAA-1_V13B23-285_D1,1
CTGTCAAATGGCTCGG-1_V13B23-285_D1,2
CTGTCACGCCAGGCGC-1_V13B23-285_D1,2
CTGTGCAGGGTAGGTC-1_V13B23-285_D1,4
CTGTGGTCGGGAGATA-1_V13B23-285_D1,4
CTGTTACCCAATCTAG-1_V13B23-285_D1,1
CTGTTCACTGCCTGTG-1_V13B23-285_D1,1
CTGTTCATCTCACGGG-1_V13B23-285_D1,1
CTTAACTTCGAAGTAC-1_V13B23-285_D1,2
CTTACACGGTATTCCA-1_V13B23-285_D1,1
CTTACACTGGGAAATA-1_V13B23-285_D1,2
CTTACTGACTCCTCTG-1_V13B23-285_D1,4
CTTAGCCTTCCACATG-1_V13B23-285_D1,2
CTTAGGTCCCAATCGT-1_V13B23-285_D1,1
CTTAGTAGGCCTACAG-1_V13B23-285_D1,1
CTTAGTGTAGTAGCAT-1_V13B23-285_D1,4
CTTATAGATGGCTGTT-1_V13B23-285_D1,4
CTTATGTTGACTACCA-1_V13B23-285_D1,2
CTTCAACTCCACTTGG-1_V13B23-285_D1,4
CTTCAGTGGTCGCCTA-1_V13B23-285_D1,1
CTTCATAGCTCAAGAA-1_V13B23-285_D1,1
CTTCATTGTCAGTGGA-1_V13B23-285_D1,4
CTTCCGCTCCGTGAAG-1_V13B23-285_D1,1
CTTCGGCCAATTGTTT-1_V13B23-285_D1,4
CTTCGTAGATAGGTGA-1_V13B23-285_D1,1
CTTCTATGTTGAAGTA-1_V13B23-285_D1,1
CTTCTATTAATGCTAG-1_V13B23-285_D1,1
CTTCTTACGTCGTATA-1_V13B23-285_D1,2
CTTGACCCGAAAGATA-1_V13B23-285_D1,2
CTTGAGGTTATCCCGA-1_V13B23-285_D1,2
CTTGAGTTAGGGTAAT-1_V13B23-285_D1,4
CTTGCAACCGCCTCCT-1_V13B23-285_D1,1
CTTGCCCAGGCTCTAC-1_V13B23-285_D1,1
CTTGGCCAAGCTGGGA-1_V13B23-285_D1,1
CTTGTACTTGTTGACT-1_V13B23-285_D1,1
CTTGTCAACATTCGAG-1_V13B23-285_D1,4
CTTGTGAGTCTTTGAC-1_V13B23-285_D1,2
CTTGTGCTCACCGATT-1_V13B23-285_D1,4
CTTGTTGCTGAGTCAA-1_V13B23-285_D1,4
CTTGTTTATGTAGCCA-1_V13B23-285_D1,1
CTTTAACTTTCAAAGG-1_V13B23-285_D1,2
CTTTAATATTGGTCGA-1_V13B23-285_D1,4
CTTTACCGAATAGTAG-1_V13B23-285_D1,4
CTTTAGGAACACTGTT-1_V13B23-285_D1,4
CTTTAGTGCTATTATT-1_V13B23-285_D1,1
CTTTCTGTGCGGGCTT-1_V13B23-285_D1,4
CTTTGCATCGCTCTTG-1_V13B23-285_D1,4
CTTTGCTGTCATGGAT-1_V13B23-285_D1,4
CTTTGGCGCTTTATAC-1_V13B23-285_D1,1
CTTTGGCTTTAGTAAA-1_V13B23-285_D1,1
CTTTGGGATTGTTGCA-1_V13B23-285_D1,1
GAAACAGATGACCACC-1_V13B23-285_D1,4
GAAACAGCCATGCAGT-1_V13B23-285_D1,3
GAAACATAGGAAACAG-1_V13B23-285_D1,1
GAAACCATGGTGCGCT-1_V13B23-285_D1,1
GAAACCGAATTACCTT-1_V13B23-285_D1,1
GAAACCTATACAAATG-1_V13B23-285_D1,1
GAAACTCGTGCGATGC-1_V13B23-285_D1,1
GAAACTCTAATGAAGG-1_V13B23-285_D1,3
GAAAGAACAGCGTTAT-1_V13B23-285_D1,1
GAAAGCAGTGCACTTT-1_V13B23-285_D1,1
GAAAGCCCTTTGGACC-1_V13B23-285_D1,1
GAAAGTGACTAACTGC-1_V13B23-285_D1,1
GAAATACCTGCTGGCT-1_V13B23-285_D1,2
GAAATACTAAACGTTT-1_V13B23-285_D1,1
GAAATATCACCATCAG-1_V13B23-285_D1,1
GAAATATGCTTGAATG-1_V13B23-285_D1,1
GAAATCGCGCGCAACT-1_V13B23-285_D1,2
GAAATGGCGGTGTTAG-1_V13B23-285_D1,1
GAAATGGGATGTAAAC-1_V13B23-285_D1,1
GAAATTAGCACGGATA-1_V13B23-285_D1,1
GAAATTCACATCGCTG-1_V13B23-285_D1,2
GAAATTGTCTCTATAA-1_V13B23-285_D1,1
GAACACACATCAACCA-1_V13B23-285_D1,2
GAACAGATTACTAAAT-1_V13B23-285_D1,4
GAACCCTCTGTGTTCT-1_V13B23-285_D1,4
GAACCTTTAACGATCC-1_V13B23-285_D1,4
GAACGACCGAATGATA-1_V13B23-285_D1,2
GAACGATAAGTTAAAG-1_V13B23-285_D1,1
GAACGCGGGTCACACG-1_V13B23-285_D1,4
GAACGTCTCATGGTCG-1_V13B23-285_D1,1
GAACTTGTGCACGGGA-1_V13B23-285_D1,2
GAAGAAACGATATTGT-1_V13B23-285_D1,1
GAAGAACGGTGCAGGT-1_V13B23-285_D1,1
GAAGCCTGCACATTCC-1_V13B23-285_D1,1
GAAGCGTGAGGAATTT-1_V13B23-285_D1,1
GAAGCTCGGACCCGTC-1_V13B23-285_D1,1
GAAGCTTGCTGACCGC-1_V13B23-285_D1,1
GAAGGCTACCATTGTT-1_V13B23-285_D1,1
GAAGTCAGTTGCACTA-1_V13B23-285_D1,1
GAAGTCTCCCTAGCGA-1_V13B23-285_D1,4
GAAGTGATTTATCGTG-1_V13B23-285_D1,1
GAAGTGCTGGATAGCT-1_V13B23-285_D1,2
GAAGTTTCCACTCAAT-1_V13B23-285_D1,1
GAATAGACGCGACCCA-1_V13B23-285_D1,4
GAATAGCATTTAGGGT-1_V13B23-285_D1,4
GAATAGCCCTGCGGTC-1_V13B23-285_D1,1
GAATAGTGCTCGATTA-1_V13B23-285_D1,1
GAATATTCGGAGTCCC-1_V13B23-285_D1,3
GAATCGACATGGTCAC-1_V13B23-285_D1,1
GAATCGCCGGACACGG-1_V13B23-285_D1,2
GAATCTGAACATTCTC-1_V13B23-285_D1,1
GAATGAAGGTCTTCAG-1_V13B23-285_D1,2
GAATGCCGAAATGACC-1_V13B23-285_D1,1
GAATGCGAATCGGTTC-1_V13B23-285_D1,4
GAATGTATGGCAGGTC-1_V13B23-285_D1,2
GAATGTGGTCCGGATT-1_V13B23-285_D1,4
GAATGTTGGGTAATCT-1_V13B23-285_D1,2
GAATTATAGTGAAAGG-1_V13B23-285_D1,1
GAATTCACCCGGGTGT-1_V13B23-285_D1,1
GAATTTCTCGCTGCAG-1_V13B23-285_D1,1
GACAAACATATGCAGG-1_V13B23-285_D1,4
GACAACGACCATTGAA-1_V13B23-285_D1,1
GACAACGCAGCTTACG-1_V13B23-285_D1,2
GACAAGAGATGAGATT-1_V13B23-285_D1,4
GACACAAGGGAAGAAA-1_V13B23-285_D1,1
GACACGAGTTAGAGGA-1_V13B23-285_D1,1
GACACTGAGTTCAGTG-1_V13B23-285_D1,1
GACACTGGAACCCGAT-1_V13B23-285_D1,4
GACAGCCAGACCTGAC-1_V13B23-285_D1,4
GACAGGCACACACTAT-1_V13B23-285_D1,1
GACATCGATTTATAAC-1_V13B23-285_D1,1
GACCAAACGTTGACTG-1_V13B23-285_D1,4
GACCAGAGCCCTGTAG-1_V13B23-285_D1,1
GACCCAATTATGATAC-1_V13B23-285_D1,1
GACCCGTCGCCGGCTA-1_V13B23-285_D1,2
GACCGACGTGAAAGCA-1_V13B23-285_D1,4
GACCGACTGAAGCGTC-1_V13B23-285_D1,1
GACCGCGTCTGACGTG-1_V13B23-285_D1,4
GACCGTCAGGTCGTGA-1_V13B23-285_D1,3
GACCGTGCTGACGGTG-1_V13B23-285_D1,1
GACGACGATCCGCGTT-1_V13B23-285_D1,4
GACGAGGCTAATAAAC-1_V13B23-285_D1,4
GACGCCGTAAAGGCTA-1_V13B23-285_D1,1
GACGCCTGTTGCAGGG-1_V13B23-285_D1,1
GACGCTTGCTTCTAAA-1_V13B23-285_D1,1
GACGGGTTGGCCCGTA-1_V13B23-285_D1,1
GACGGTCAATAGAAGC-1_V13B23-285_D1,1
GACGGTCCTAGGGTGT-1_V13B23-285_D1,4
GACGTGTAGGGATTAT-1_V13B23-285_D1,1
GACGTTCGTAAATACA-1_V13B23-285_D1,1
GACTAACACAGCACCT-1_V13B23-285_D1,2
GACTAAGATCATGCAC-1_V13B23-285_D1,1
GACTAAGTAGGCTCAC-1_V13B23-285_D1,1
GACTACAAAGCGGTGG-1_V13B23-285_D1,1
GACTACAATTGCTCGT-1_V13B23-285_D1,2
GACTCACCCACGTGAG-1_V13B23-285_D1,4
GACTCCCAGAATAAGG-1_V13B23-285_D1,1
GACTCGCGGGAATGAC-1_V13B23-285_D1,1
GACTGCAAATCGAGCT-1_V13B23-285_D1,4
GACTGCACCAGCCCAG-1_V13B23-285_D1,4
GACTGCGGCACGTGTA-1_V13B23-285_D1,1
GAGAAACTGGATCCCA-1_V13B23-285_D1,4
GAGAACGGTTCTGACT-1_V13B23-285_D1,4
GAGACTGATGGGTAGA-1_V13B23-285_D1,1
GAGACTTCGCGACCGA-1_V13B23-285_D1,1
GAGAGGCCTATGTGTA-1_V13B23-285_D1,4
GAGAGGGCGCGAGGTT-1_V13B23-285_D1,1
GAGAGGTGCATTCTGG-1_V13B23-285_D1,1
GAGATCTGCTTGGCAT-1_V13B23-285_D1,1
GAGATCTGTCACTCCG-1_V13B23-285_D1,1
GAGATCTTCCATGACA-1_V13B23-285_D1,4
GAGATGACAATCCTTA-1_V13B23-285_D1,1
GAGATGGGAGTCGACA-1_V13B23-285_D1,4
GAGCACCTGTGTCCAG-1_V13B23-285_D1,4
GAGCACGGCGCCTCTT-1_V13B23-285_D1,4
GAGCATCATCCCTGGG-1_V13B23-285_D1,2
GAGCCAGCTACCTGTG-1_V13B23-285_D1,4
GAGCCGAGCGTTTATT-1_V13B23-285_D1,2
GAGCGAGGGAGTACCG-1_V13B23-285_D1,3
GAGCGCAAATACTCCG-1_V13B23-285_D1,4
GAGCGCGCACGAGTAG-1_V13B23-285_D1,4
GAGCTAAGGGCATATC-1_V13B23-285_D1,1
GAGCTCTCGGACCTAA-1_V13B23-285_D1,1
GAGCTGTCGTCTCGGA-1_V13B23-285_D1,1
GAGGAATGGAGAGGTT-1_V13B23-285_D1,1
GAGGATAAACAGTGCT-1_V13B23-285_D1,4
GAGGCATTTGCAGCAG-1_V13B23-285_D1,2
GAGGCCCGACTCCGCA-1_V13B23-285_D1,1
GAGGCCTGTTGATACA-1_V13B23-285_D1,4
GAGGCTATCAAAGTCG-1_V13B23-285_D1,1
GAGGGCATCGCGTATC-1_V13B23-285_D1,2
GAGGGCCATAATATTA-1_V13B23-285_D1,2
GAGGGCGCAGCTCTGC-1_V13B23-285_D1,1
GAGGTACATCCATCTT-1_V13B23-285_D1,3
GAGGTCCCAAAGATCT-1_V13B23-285_D1,1
GAGTAAACCGGAAAGT-1_V13B23-285_D1,4
GAGTAAATTAAGAACC-1_V13B23-285_D1,4
GAGTAAGGCCACGGGA-1_V13B23-285_D1,1
GAGTACGGGTATACAA-1_V13B23-285_D1,2
GAGTAGATACTAGTTG-1_V13B23-285_D1,1
GAGTATCAAAGTTACA-1_V13B23-285_D1,4
GAGTATGCCCGCCTTG-1_V13B23-285_D1,1
GAGTATGCGCGTGCAT-1_V13B23-285_D1,4
GAGTCAGACCAGAATC-1_V13B23-285_D1,1
GAGTCCGCTTACCGGA-1_V13B23-285_D1,1
GAGTGCACGGACAACA-1_V13B23-285_D1,1
GAGTGTCAACCAGAAA-1_V13B23-285_D1,4
GAGTGTGCGGTACCCA-1_V13B23-285_D1,4
GAGTTGATGGCAATTT-1_V13B23-285_D1,1
GATAAATCGGTGGATG-1_V13B23-285_D1,1
GATAACTCGCACTGTG-1_V13B23-285_D1,4
GATAAGGCAGATGCAA-1_V13B23-285_D1,2
GATACCGTGTCGGAGT-1_V13B23-285_D1,4
GATACGATGGGAGTCA-1_V13B23-285_D1,1
GATAGGATTAATTACA-1_V13B23-285_D1,4
GATAGGTAACGTTGAC-1_V13B23-285_D1,1
GATAGGTGTCCCGGGC-1_V13B23-285_D1,4
GATATCTCATGCAATA-1_V13B23-285_D1,2
GATATGAGACACTAAC-1_V13B23-285_D1,4
GATATGCGGTAGCCAA-1_V13B23-285_D1,1
GATATGGATTACGCGG-1_V13B23-285_D1,1
GATATTGAGATTGGCG-1_V13B23-285_D1,1
GATATTTCCTACATGG-1_V13B23-285_D1,2
GATCATTCCAAACATT-1_V13B23-285_D1,1
GATCCCTTTATACTGC-1_V13B23-285_D1,1
GATCCGAATATAAGTG-1_V13B23-285_D1,1
GATCCGGGAATTAACA-1_V13B23-285_D1,4
GATCCTAAATCGGGAC-1_V13B23-285_D1,1
GATCCTCGACACTGGC-1_V13B23-285_D1,1
GATCCTCTTGCGCTTA-1_V13B23-285_D1,2
GATCGACACTATCTGA-1_V13B23-285_D1,1
GATCGCGGGCTCTCCA-1_V13B23-285_D1,1
GATCGCTACCCGATTT-1_V13B23-285_D1,4
GATCGGTGGCCATAAC-1_V13B23-285_D1,1
GATCGTGACTGATATC-1_V13B23-285_D1,4
GATCTCGACGCTGTGG-1_V13B23-285_D1,4
GATCTGCTATCTAAGG-1_V13B23-285_D1,1
GATCTTGGAGGGCATA-1_V13B23-285_D1,4
GATCTTTGCAGGGTAT-1_V13B23-285_D1,1
GATGACAAGTAGGGCA-1_V13B23-285_D1,1
GATGACGATGATCGCG-1_V13B23-285_D1,1
GATGCCAGCAGAAGGC-1_V13B23-285_D1,1
GATGCCTTCTGCGGCA-1_V13B23-285_D1,1
GATGCGTCCTGCATTC-1_V13B23-285_D1,1
GATGCTACAAGCGCCT-1_V13B23-285_D1,2
GATGCTGTATTTCATC-1_V13B23-285_D1,4
GATGGCGCACACATTA-1_V13B23-285_D1,1
GATGGTGCCCTAGGCA-1_V13B23-285_D1,2
GATGTAACGAACCACC-1_V13B23-285_D1,1
GATGTCGGTCAACTGC-1_V13B23-285_D1,2
GATGTTCAATCCACGA-1_V13B23-285_D1,1
GATGTTTGTGCGAGAT-1_V13B23-285_D1,1
GATTAACCGAAAGCCC-1_V13B23-285_D1,4
GATTACTGAATTTGGG-1_V13B23-285_D1,1
GATTCCCTTGTCGCAG-1_V13B23-285_D1,1
GATTCCGCGTTTCCGT-1_V13B23-285_D1,2
GATTCCTATACGGCGC-1_V13B23-285_D1,1
GATTCGACGGTTCACG-1_V13B23-285_D1,4
GCAAACCCTACATTAT-1_V13B23-285_D1,4
GCAAACCTTGGCCATA-1_V13B23-285_D1,4
GCAAACGTCGCCAGGT-1_V13B23-285_D1,4
GCAAATATTACGCTTT-1_V13B23-285_D1,1
GCAACACACTAGAACT-1_V13B23-285_D1,1
GCAACAGCAGTATGCG-1_V13B23-285_D1,4
GCAACCACCAGACCGG-1_V13B23-285_D1,2
GCAACCACGGCCGCGT-1_V13B23-285_D1,1
GCAACGGCTAGTTATG-1_V13B23-285_D1,4
GCAAGAATTCCTTGGC-1_V13B23-285_D1,1
GCAAGATGTGTTCGCG-1_V13B23-285_D1,2
GCAAGTGCACAGAGAA-1_V13B23-285_D1,1
GCAATTAGTCGCACCG-1_V13B23-285_D1,1
GCACAAACGAGGCGTG-1_V13B23-285_D1,4
GCACAAGTGTCGGAAG-1_V13B23-285_D1,2
GCACACACTGGTAGCC-1_V13B23-285_D1,4
GCACCTTCCCGAAGGT-1_V13B23-285_D1,4
GCACGCCTACTTAGAT-1_V13B23-285_D1,1
GCACGTGGTTTACTTA-1_V13B23-285_D1,4
GCACTAGTCGCGCTAT-1_V13B23-285_D1,2
GCACTGTGCAAATGTA-1_V13B23-285_D1,2
GCAGAAGGTAATCTCC-1_V13B23-285_D1,4
GCAGACCCAGCACGTA-1_V13B23-285_D1,4
GCAGATCCATAAGACT-1_V13B23-285_D1,4
GCAGATTAGGGATATC-1_V13B23-285_D1,1
GCAGCACACAGCCCAG-1_V13B23-285_D1,1
GCAGCCTATATCACAT-1_V13B23-285_D1,1
GCAGCTATGGACAGGT-1_V13B23-285_D1,2
GCAGGAACTTAGATCT-1_V13B23-285_D1,1
GCAGGACTATAGAATA-1_V13B23-285_D1,1
GCAGGTAGAGTATGGT-1_V13B23-285_D1,1
GCAGTGCGGGCGGATG-1_V13B23-285_D1,4
GCAGTGTGGCTATAGG-1_V13B23-285_D1,4
GCAGTTCGATCCGAGC-1_V13B23-285_D1,4
GCATACGAGGTCTTTA-1_V13B23-285_D1,1
GCATAGAGCACTCAGG-1_V13B23-285_D1,1
GCATCCCTAACTTTGA-1_V13B23-285_D1,1
GCATCGGCCGTGTAGG-1_V13B23-285_D1,4
GCATGAGGGACGCGGC-1_V13B23-285_D1,1
GCATTCAAGGCAACGC-1_V13B23-285_D1,1
GCATTCGAAATGAACA-1_V13B23-285_D1,1
GCATTGTAATTCATAT-1_V13B23-285_D1,1
GCATTTCCAAGGCTCC-1_V13B23-285_D1,1
GCCAACCATTTCCGGA-1_V13B23-285_D1,1
GCCAATAGGGCATCTC-1_V13B23-285_D1,1
GCCACAATTTAAGGAC-1_V13B23-285_D1,1
GCCACTCAGAGCGCGA-1_V13B23-285_D1,4
GCCACTCCTTACGGTA-1_V13B23-285_D1,4
GCCAGGAGTAACCGAT-1_V13B23-285_D1,1
GCCAGGCGTTCGCATG-1_V13B23-285_D1,2
GCCATATTGCACACAG-1_V13B23-285_D1,1
GCCATCGAGCTGCGTG-1_V13B23-285_D1,1
GCCATCGATGCTGCAT-1_V13B23-285_D1,1
GCCCACCAAGGCTGTC-1_V13B23-285_D1,1
GCCCAGATGCTGGAGA-1_V13B23-285_D1,1
GCCCAGTTGGTATGCC-1_V13B23-285_D1,1
GCCCGACTTCTTCCCG-1_V13B23-285_D1,1
GCCCGATCTGTGGTCG-1_V13B23-285_D1,1
GCCCGCGCGTAAACGG-1_V13B23-285_D1,1
GCCCGCGCGTTTGACA-1_V13B23-285_D1,1
GCCCGTAATACCTTCT-1_V13B23-285_D1,1
GCCCTAGCCGTCGCGA-1_V13B23-285_D1,1
GCCGAAATTCCTACGT-1_V13B23-285_D1,1
GCCGATTGGCCAAGCT-1_V13B23-285_D1,1
GCCGCACTCCGTTTCA-1_V13B23-285_D1,4
GCCGCATTAGTCCGGC-1_V13B23-285_D1,1
GCCGCTTGTGAGAAAC-1_V13B23-285_D1,1
GCCGGGTTAGGGTCGC-1_V13B23-285_D1,1
GCCGTGGAAGAAATGT-1_V13B23-285_D1,4
GCCTAGCGATCTGACC-1_V13B23-285_D1,1
GCCTATAGTGTCAGGG-1_V13B23-285_D1,1
GCCTATCAGGTAAGAT-1_V13B23-285_D1,4
GCCTATGCTGGGCCTT-1_V13B23-285_D1,1
GCCTATTCCGATATAG-1_V13B23-285_D1,1
GCCTCATCTGGAAATA-1_V13B23-285_D1,4
GCCTCCGACAATTCAC-1_V13B23-285_D1,4
GCCTCTATACATAGCA-1_V13B23-285_D1,4
GCCTTCAGCCCTACCG-1_V13B23-285_D1,2
GCCTTGTATATGCAGT-1_V13B23-285_D1,1
GCGAAACGATCGGGAG-1_V13B23-285_D1,4
GCGAAACTTAACTGGA-1_V13B23-285_D1,4
GCGAAGCCATACCCGT-1_V13B23-285_D1,1
GCGACATGTAAACATC-1_V13B23-285_D1,2
GCGACCCAACCATCTG-1_V13B23-285_D1,1
GCGACGATAGTTGTAC-1_V13B23-285_D1,1
GCGAGAGGCCATGTAA-1_V13B23-285_D1,1
GCGAGAGTTGCGTCCA-1_V13B23-285_D1,1
GCGAGCGCATGCTCCC-1_V13B23-285_D1,1
GCGAGGCCCGAGCAGA-1_V13B23-285_D1,1
GCGAGTTCTGCAAAGA-1_V13B23-285_D1,4
GCGATTCTGGAAGCAG-1_V13B23-285_D1,3
GCGATTGTTAACGTTA-1_V13B23-285_D1,4
GCGCAAATATATTCAA-1_V13B23-285_D1,1
GCGCAAGAGCGCGCTG-1_V13B23-285_D1,4
GCGCATCCAGTCAGCA-1_V13B23-285_D1,1
GCGCCGTTCCACGATA-1_V13B23-285_D1,1
GCGCCTCCCACTCCGA-1_V13B23-285_D1,4
GCGCGTCATTGGTACA-1_V13B23-285_D1,4
GCGCTAATTGAATAGA-1_V13B23-285_D1,2
GCGCTATGCCGAGGCA-1_V13B23-285_D1,1
GCGCTCGATCACCTGT-1_V13B23-285_D1,4
GCGCTGATCCAGACTC-1_V13B23-285_D1,2
GCGCTGCTTTGCATTT-1_V13B23-285_D1,1
GCGCTTAAATAATTGG-1_V13B23-285_D1,4
GCGGACCGCGTTGTGG-1_V13B23-285_D1,1
GCGGAGAAACTTCGCA-1_V13B23-285_D1,1
GCGGAGAGGGAGAACG-1_V13B23-285_D1,4
GCGGCAAAGTATTGCC-1_V13B23-285_D1,1
GCGGCTCTGACGTACC-1_V13B23-285_D1,1
GCGGGAACCAGGCCCT-1_V13B23-285_D1,1
GCGGGCATTACGATGC-1_V13B23-285_D1,1
GCGGGCGAGCCTTACC-1_V13B23-285_D1,1
GCGGTCCCGGTGAAGG-1_V13B23-285_D1,2
GCGGTCCCTAGACGCA-1_V13B23-285_D1,2
GCGGTGAACTGCGCTC-1_V13B23-285_D1,2
GCGGTTCCCTATCATG-1_V13B23-285_D1,1
GCGTAAATGGCCATAA-1_V13B23-285_D1,1
GCGTCGAAATGTCGGT-1_V13B23-285_D1,2
GCGTCGCCAGGGTGAT-1_V13B23-285_D1,1
GCGTCTAACCTCCTAA-1_V13B23-285_D1,1
GCGTCTCTGCATTGGG-1_V13B23-285_D1,1
GCGTGGTACTGGGTTA-1_V13B23-285_D1,1
GCGTTCGGAGACCGGG-1_V13B23-285_D1,1
GCGTTCTGACTAAGCG-1_V13B23-285_D1,4
GCTAAACCTGAGGTGA-1_V13B23-285_D1,1
GCTAACTGAAGTCTGA-1_V13B23-285_D1,4
GCTAAGTAGTTTCTCT-1_V13B23-285_D1,1
GCTAATACCGAATGCC-1_V13B23-285_D1,1
GCTACAATCGAGGATA-1_V13B23-285_D1,4
GCTACAGTACGGACCG-1_V13B23-285_D1,1
GCTACGACTTATTGGG-1_V13B23-285_D1,4
GCTACTATAGTAGAGT-1_V13B23-285_D1,4
GCTAGACCGTCTACTG-1_V13B23-285_D1,4
GCTAGAGTAGAGATGT-1_V13B23-285_D1,4
GCTAGCACCTGGGCCA-1_V13B23-285_D1,4
GCTAGCAGGGAGTGGG-1_V13B23-285_D1,1
GCTAGCTTGAATAGCT-1_V13B23-285_D1,1
GCTAGGCACCACGGAG-1_V13B23-285_D1,4
GCTAGTAGAGCTTGTA-1_V13B23-285_D1,1
GCTAGTTTCATTGAGG-1_V13B23-285_D1,1
GCTATACGTCTCGGAC-1_V13B23-285_D1,4
GCTATCATACTCATGG-1_V13B23-285_D1,4
GCTATCGCGGCGCAAC-1_V13B23-285_D1,1
GCTCAATCCGTTTATT-1_V13B23-285_D1,1
GCTCAATGTAATACCG-1_V13B23-285_D1,1
GCTCATTACTGCATGT-1_V13B23-285_D1,2
GCTCCATGAGTGCAGA-1_V13B23-285_D1,4
GCTCCCAGTCGGTCCA-1_V13B23-285_D1,4
GCTCCGCTCGCTTCAG-1_V13B23-285_D1,4
GCTCCTGACATACTGG-1_V13B23-285_D1,1
GCTCGCTCATGTCCAA-1_V13B23-285_D1,4
GCTCGGAATTTAAAGC-1_V13B23-285_D1,2
GCTCTAAACCCTGACG-1_V13B23-285_D1,1
GCTCTATGTTACGTGC-1_V13B23-285_D1,1
GCTCTCGGGTACCGAA-1_V13B23-285_D1,1
GCTGAACTCTCCAGGG-1_V13B23-285_D1,4
GCTGAATCTTCCAATC-1_V13B23-285_D1,1
GCTGAGGCGTGAGTAT-1_V13B23-285_D1,1
GCTGCACGGTTTCTTA-1_V13B23-285_D1,4
GCTGCTAAGTAGTCGA-1_V13B23-285_D1,1
GCTGCTACTGCGTAGC-1_V13B23-285_D1,4
GCTGCTCTCCGGACAC-1_V13B23-285_D1,1
GCTGGACCCAAAGTGG-1_V13B23-285_D1,2
GCTGGCATATTCACCT-1_V13B23-285_D1,1
GCTGGCGGCGCATGCT-1_V13B23-285_D1,4
GCTGGTTTAGGCCATA-1_V13B23-285_D1,1
GCTGTATTACTGGCCC-1_V13B23-285_D1,1
GCTGTTGCTACCGAAC-1_V13B23-285_D1,4
GCTTAATGTAACTAAC-1_V13B23-285_D1,4
GCTTACGTAGTTAGTA-1_V13B23-285_D1,1
GCTTATGAAGCAGGAA-1_V13B23-285_D1,1
GCTTCCGTCCCTAGAC-1_V13B23-285_D1,1
GCTTGATGATAATCAG-1_V13B23-285_D1,1
GCTTGCAGCACAATTG-1_V13B23-285_D1,2
GCTTGGATCGATTAGG-1_V13B23-285_D1,1
GCTTTCAGAGGAGGTG-1_V13B23-285_D1,1
GGAAACCTTGTTGAAT-1_V13B23-285_D1,1
GGAAACTAAATGGGCC-1_V13B23-285_D1,4
GGAAAGTGCCCATGCC-1_V13B23-285_D1,2
GGAACCGTGTAAATTG-1_V13B23-285_D1,1
GGAACCTTGACTCTGC-1_V13B23-285_D1,1
GGAACGGCCTGCAGCC-1_V13B23-285_D1,1
GGAACTTTGGCGATTA-1_V13B23-285_D1,4
GGAAGCTCGCTTACAG-1_V13B23-285_D1,2
GGAATGCGCTAGCGTG-1_V13B23-285_D1,1
GGACACAAGTTTACAC-1_V13B23-285_D1,4
GGACCAACAGGATAAC-1_V13B23-285_D1,4
GGACCTACGGTAACGT-1_V13B23-285_D1,1
GGACCTCTAGGCCGCC-1_V13B23-285_D1,1
GGACGGGCGACCAACC-1_V13B23-285_D1,4
GGACGTCCATAGTTGG-1_V13B23-285_D1,2
GGACTCACAAATTAGG-1_V13B23-285_D1,4
GGACTCGAAGCTTTCA-1_V13B23-285_D1,4
GGACTCTTCCGGTTGA-1_V13B23-285_D1,4
GGAGAAGTCATTGGCA-1_V13B23-285_D1,1
GGAGACCAATGTGCTT-1_V13B23-285_D1,1
GGAGACGACACCTTTG-1_V13B23-285_D1,4
GGAGCAACATTTCAAG-1_V13B23-285_D1,4
GGAGCACCAAGAACTA-1_V13B23-285_D1,1
GGAGGCCGAAGTCGTC-1_V13B23-285_D1,4
GGAGGGCTTGGTTGGC-1_V13B23-285_D1,1
GGAGGGTCAAGTAAGA-1_V13B23-285_D1,4
GGAGTGCCGCCCTGGA-1_V13B23-285_D1,2
GGATCATCCCGTACGC-1_V13B23-285_D1,1
GGATCCGGAATATACT-1_V13B23-285_D1,1
GGATCTTGACTCAACC-1_V13B23-285_D1,1
GGATGAAGATCGCTGA-1_V13B23-285_D1,4
GGATGACGCGAGTTTA-1_V13B23-285_D1,1
GGATGCTGGCGTTCCT-1_V13B23-285_D1,1
GGATGTCCTTACCGCA-1_V13B23-285_D1,1
GGATTCAGTACGGTGG-1_V13B23-285_D1,1
GGATTCCGCTATACCC-1_V13B23-285_D1,3
GGATTGCTGTGACTCC-1_V13B23-285_D1,4
GGATTTCACTTCTATA-1_V13B23-285_D1,1
GGCAAAGGCGCCAATA-1_V13B23-285_D1,1
GGCAAATTACTTTACT-1_V13B23-285_D1,1
GGCAAGCCAGGGATAG-1_V13B23-285_D1,2
GGCAAGGCGAAATAGC-1_V13B23-285_D1,4
GGCAATAGTCAATGAG-1_V13B23-285_D1,1
GGCACTCAGCCGACCC-1_V13B23-285_D1,4
GGCACTCCACTGGGCA-1_V13B23-285_D1,1
GGCAGCAAACCTATGC-1_V13B23-285_D1,4
GGCAGCGGTAATCCTA-1_V13B23-285_D1,2
GGCATACAGGTAGCGG-1_V13B23-285_D1,1
GGCATATCGGTTCTGC-1_V13B23-285_D1,2
GGCCCGGAGCATGTCT-1_V13B23-285_D1,1
GGCCCGTATACCATGC-1_V13B23-285_D1,1
GGCCCTCACCCACTTA-1_V13B23-285_D1,1
GGCCGGCGTCTGCTAT-1_V13B23-285_D1,4
GGCCGTTTGGGTTTCA-1_V13B23-285_D1,1
GGCCTGCTTCTCCCGA-1_V13B23-285_D1,4
GGCGAAATCTAACTTG-1_V13B23-285_D1,4
GGCGCAGGACATCTTC-1_V13B23-285_D1,1
GGCGCATGAATTGATG-1_V13B23-285_D1,1
GGCGCGGAGATCTTTC-1_V13B23-285_D1,4
GGCGCGTTCGAGTTTA-1_V13B23-285_D1,1
GGCGCTCCTCATCAAT-1_V13B23-285_D1,1
GGCGGAGTAATATTAG-1_V13B23-285_D1,1
GGCGGGCTCTAAGAGT-1_V13B23-285_D1,4
GGCGGTAGGATCATTG-1_V13B23-285_D1,1
GGCGTAGGGAAAGCTG-1_V13B23-285_D1,4
GGCGTCCTATCCGCTG-1_V13B23-285_D1,1
GGCTAAAGGGCGGGTC-1_V13B23-285_D1,1
GGCTATTAAGTTGTAT-1_V13B23-285_D1,1
GGCTCCTCCACCTGTT-1_V13B23-285_D1,1
GGCTCGCGTTGAGGTA-1_V13B23-285_D1,1
GGCTCGTGCCACCAGC-1_V13B23-285_D1,1
GGCTCTGCTCCAACGC-1_V13B23-285_D1,1
GGCTGAAATAGCAAAG-1_V13B23-285_D1,4
GGCTGGCTAGCTTAAA-1_V13B23-285_D1,2
GGCTTTCAATAAGGGT-1_V13B23-285_D1,1
GGGAAGACGGTCTGTC-1_V13B23-285_D1,4
GGGAAGGGCTTTCTCA-1_V13B23-285_D1,4
GGGAATGAGCCCTCAC-1_V13B23-285_D1,1
GGGACAGAGTTACTCC-1_V13B23-285_D1,1
GGGACCCGTATATCTT-1_V13B23-285_D1,1
GGGACTGCATAGATAG-1_V13B23-285_D1,1
GGGAGAACTCACAGTA-1_V13B23-285_D1,1
GGGAGGATGCCCGAAA-1_V13B23-285_D1,1
GGGAGTTAATGAGGCG-1_V13B23-285_D1,1
GGGATCCCAATACAAA-1_V13B23-285_D1,2
GGGATGGTCGTAACCG-1_V13B23-285_D1,1
GGGATTTACCGCACCT-1_V13B23-285_D1,4
GGGCAACCGCACGTGC-1_V13B23-285_D1,1
GGGCAGAGCAATCGTT-1_V13B23-285_D1,1
GGGCCCGTCTTAAACA-1_V13B23-285_D1,1
GGGCCCTACGAAAGGG-1_V13B23-285_D1,1
GGGCCGGCCGAAGTAC-1_V13B23-285_D1,1
GGGCGATATGTGTGAA-1_V13B23-285_D1,1
GGGCGCAGCGTTACTC-1_V13B23-285_D1,1
GGGCGGCAAATGAATT-1_V13B23-285_D1,1
GGGCGGGTTCCCTACG-1_V13B23-285_D1,1
GGGCGGTCCTATTGTC-1_V13B23-285_D1,2
GGGCGTACATTTATAT-1_V13B23-285_D1,1
GGGCGTCACCACGTAA-1_V13B23-285_D1,1
GGGCGTCCACTGGCTC-1_V13B23-285_D1,3
GGGCGTGGTTTCCCAG-1_V13B23-285_D1,4
GGGCTATGATCGATGG-1_V13B23-285_D1,1
GGGCTCATCGAACCCA-1_V13B23-285_D1,1
GGGCTGGTTAGTCGCG-1_V13B23-285_D1,1
GGGTAATGCTGTGTTT-1_V13B23-285_D1,2
GGGTACCCACGGTCCT-1_V13B23-285_D1,1
GGGTACTTCATGAACT-1_V13B23-285_D1,1
GGGTATGTATGCACTT-1_V13B23-285_D1,1
GGGTATTCTAGCAAAC-1_V13B23-285_D1,1
GGGTCACCGTGACGGT-1_V13B23-285_D1,1
GGGTCGTGGCAAGTGT-1_V13B23-285_D1,1
GGGTCTATCGCTTTCC-1_V13B23-285_D1,4
GGGTGACACCTTAACT-1_V13B23-285_D1,1
GGGTGCATATGAAAGC-1_V13B23-285_D1,1
GGGTGTTTCAGCTATG-1_V13B23-285_D1,2
GGGTTAACATTTGAGT-1_V13B23-285_D1,1
GGGTTCAGACGAACAA-1_V13B23-285_D1,1
GGGTTTAGGATAGGAT-1_V13B23-285_D1,4
GGTAAACTCTGCGCTG-1_V13B23-285_D1,4
GGTAAATGTGCGTTAC-1_V13B23-285_D1,2
GGTAACCGGGAGGATA-1_V13B23-285_D1,1
GGTAACTATGTATCTG-1_V13B23-285_D1,2
GGTACAAACATGCTAT-1_V13B23-285_D1,1
GGTACACCAGATTTAT-1_V13B23-285_D1,1
GGTACATCTGGGACGA-1_V13B23-285_D1,1
GGTACCATTAAGACGG-1_V13B23-285_D1,1
GGTACGTTGCGGCCGG-1_V13B23-285_D1,4
GGTACTAAGTGCTTTG-1_V13B23-285_D1,4
GGTAGAAGACCGCCTG-1_V13B23-285_D1,4
GGTAGACCGTTGGGCG-1_V13B23-285_D1,1
GGTAGTGCTCGCACCA-1_V13B23-285_D1,2
GGTATAGTGACACATA-1_V13B23-285_D1,1
GGTATTGCCGAGTTTA-1_V13B23-285_D1,1
GGTCAAGACTACTTCG-1_V13B23-285_D1,4
GGTCAGTGGGTCCCAC-1_V13B23-285_D1,1
GGTCGGATAAACGGCG-1_V13B23-285_D1,1
GGTCGGCCAGGAGCTT-1_V13B23-285_D1,1
GGTCGGTAATTAGACA-1_V13B23-285_D1,1
GGTCGGTCGTCCACAG-1_V13B23-285_D1,1
GGTCGTAAGCTCGCAC-1_V13B23-285_D1,1
GGTCTCCAAGTAGTGC-1_V13B23-285_D1,4
GGTCTCCGTCCAGGTT-1_V13B23-285_D1,4
GGTCTCTGAATGGACT-1_V13B23-285_D1,1
GGTCTGAGAATCTGGA-1_V13B23-285_D1,1
GGTGAAGTACAGGGAT-1_V13B23-285_D1,1
GGTGACTGATAGAGAG-1_V13B23-285_D1,4
GGTGAGATGCAGATAA-1_V13B23-285_D1,1
GGTGATAAGGAGCAGT-1_V13B23-285_D1,4
GGTGCAGAGCCTATCG-1_V13B23-285_D1,2
GGTGCGGATAAGTGGC-1_V13B23-285_D1,2
GGTGCTGATCACAAAG-1_V13B23-285_D1,1
GGTGCTGGTACACATT-1_V13B23-285_D1,1
GGTGGACTGCTCTGGC-1_V13B23-285_D1,4
GGTGGAGGTTGATACG-1_V13B23-285_D1,4
GGTGTTGGGCGTCTTA-1_V13B23-285_D1,4
GGTTACCACCCTCGGG-1_V13B23-285_D1,1
GGTTACCCGACACTTT-1_V13B23-285_D1,1
GGTTAGCTATATGTCT-1_V13B23-285_D1,4
GGTTAGGCTTGGAGAA-1_V13B23-285_D1,1
GGTTAGTTACGGCGCC-1_V13B23-285_D1,1
GGTTCTACTCGTCTGA-1_V13B23-285_D1,4
GGTTTAATTGAGCAGG-1_V13B23-285_D1,1
GGTTTACAATCTCAAT-1_V13B23-285_D1,1
GGTTTAGCCTTTCTTG-1_V13B23-285_D1,4
GGTTTCAATCGGTCAG-1_V13B23-285_D1,1
GGTTTGACAAGAAGCT-1_V13B23-285_D1,2
GGTTTGAGTGCTGGAA-1_V13B23-285_D1,2
GGTTTGCGAACACGTA-1_V13B23-285_D1,2
GGTTTGTGACCTGAGG-1_V13B23-285_D1,4
GTAACATCTAAGATAA-1_V13B23-285_D1,4
GTAACTTGCGGCAGTC-1_V13B23-285_D1,2
GTAAGCGGGCAGTCAG-1_V13B23-285_D1,1
GTAAGGATTTGTCGGA-1_V13B23-285_D1,2
GTAAGTAACAGTCTGG-1_V13B23-285_D1,4
GTAAGTAGGGTATACC-1_V13B23-285_D1,1
GTAAGTCCACACTCTA-1_V13B23-285_D1,4
GTAATAAAGGGCTCCC-1_V13B23-285_D1,1
GTAATCTGATTCTTCG-1_V13B23-285_D1,1
GTACACTTACCTGAAG-1_V13B23-285_D1,3
GTACAGAGGCAAGGGT-1_V13B23-285_D1,4
GTACGACGGCGCTGCG-1_V13B23-285_D1,2
GTACGAGATTGCGACA-1_V13B23-285_D1,1
GTACGCTTCATTGCAC-1_V13B23-285_D1,4
GTACGTCACGTATTAA-1_V13B23-285_D1,2
GTACGTTTGCCCGTCA-1_V13B23-285_D1,4
GTACTAAGATTTGGAG-1_V13B23-285_D1,1
GTACTCCTGGGTATGC-1_V13B23-285_D1,1
GTACTGAGGTCGTAAC-1_V13B23-285_D1,2
GTACTGCATGAAGCGT-1_V13B23-285_D1,2
GTACTGGAGTTAGACC-1_V13B23-285_D1,1
GTACTTGGGCACTTCT-1_V13B23-285_D1,1
GTAGAAACGGGTGGAG-1_V13B23-285_D1,1
GTAGACACGCCTGACT-1_V13B23-285_D1,1
GTAGACGTCGTTACAT-1_V13B23-285_D1,1
GTAGAGGGAGACAAGT-1_V13B23-285_D1,1
GTAGCCAAACATGGGA-1_V13B23-285_D1,4
GTAGCGGCTATACACT-1_V13B23-285_D1,4
GTAGCTTCCTCTTGTT-1_V13B23-285_D1,1
GTAGGTGATCCGTGTA-1_V13B23-285_D1,3
GTAGTCGCGGGAATCA-1_V13B23-285_D1,4
GTAGTCTACGATATTG-1_V13B23-285_D1,4
GTATAGGACTCAGTAG-1_V13B23-285_D1,2
GTATATGTTACGGCGG-1_V13B23-285_D1,2
GTATCAAACGTTAGCT-1_V13B23-285_D1,4
GTATCAGCTTGGGTTC-1_V13B23-285_D1,1
GTATCCTTTGGTAACC-1_V13B23-285_D1,4
GTATCTCAGTCTTGAC-1_V13B23-285_D1,1
GTATCTTTCATAACCA-1_V13B23-285_D1,4
GTATGAAATTTCACTC-1_V13B23-285_D1,1
GTATGTGGGTCTAGTT-1_V13B23-285_D1,4
GTATTAAGGCGTCTAA-1_V13B23-285_D1,1
GTATTCTGAGAAACGA-1_V13B23-285_D1,1
GTATTCTTACCGTGCT-1_V13B23-285_D1,2
GTATTTAATGGCATAA-1_V13B23-285_D1,4
GTCAAAGAAGTGGTGT-1_V13B23-285_D1,1
GTCAAAGTTTACATAG-1_V13B23-285_D1,2
GTCAACCAGGCCTATA-1_V13B23-285_D1,4
GTCAAGCGGACTCGGG-1_V13B23-285_D1,4
GTCAATGCTATAATTT-1_V13B23-285_D1,1
GTCACAAAGTTTCCAA-1_V13B23-285_D1,2
GTCACTCTCCAAATCT-1_V13B23-285_D1,1
GTCAGAATAGTCTATG-1_V13B23-285_D1,1
GTCAGTTGTGCTCGTT-1_V13B23-285_D1,2
GTCATGCACCTCCGTT-1_V13B23-285_D1,1
GTCATGCGCGAGGGCT-1_V13B23-285_D1,4
GTCATGGACATGACTA-1_V13B23-285_D1,1
GTCATTAGAGCGAACG-1_V13B23-285_D1,4
GTCATTGCATTGACCC-1_V13B23-285_D1,1
GTCCACGTCGCATTCG-1_V13B23-285_D1,4
GTCCATTACTGCTACG-1_V13B23-285_D1,4
GTCCCAACGTAAAGTA-1_V13B23-285_D1,2
GTCCCGCGACGTTATG-1_V13B23-285_D1,4
GTCCGGACCTGAAATT-1_V13B23-285_D1,4
GTCCGGCTGAATTGCG-1_V13B23-285_D1,1
GTCCTACAGGCGGCTC-1_V13B23-285_D1,1
GTCCTACGAATAGTCT-1_V13B23-285_D1,4
GTCCTTCTAGTGGGTT-1_V13B23-285_D1,2
GTCGATAGGTGACTTT-1_V13B23-285_D1,4
GTCGCCGTTGTGTGTT-1_V13B23-285_D1,1
GTCGCGTAACCCGTTG-1_V13B23-285_D1,4
GTCGGAAGGATACCAG-1_V13B23-285_D1,2
GTCGGATATCTCAGAC-1_V13B23-285_D1,1
GTCGGATGTAGCGCGC-1_V13B23-285_D1,2
GTCGGGAAGCAGAAAC-1_V13B23-285_D1,1
GTCGTACCATCTCGGG-1_V13B23-285_D1,1
GTCGTATTGGCGTACA-1_V13B23-285_D1,1
GTCGTCAATTATAAGG-1_V13B23-285_D1,2
GTCGTCTGGTTGGCTA-1_V13B23-285_D1,1
GTCGTGTCTGGTCATC-1_V13B23-285_D1,1
GTCGTTATTCGCTTAT-1_V13B23-285_D1,4
GTCTAGTGAGCCGCTT-1_V13B23-285_D1,4
GTCTATCTGAGTTTCT-1_V13B23-285_D1,1
GTCTATTGCATGCTCG-1_V13B23-285_D1,4
GTCTATTGGTTCCGGT-1_V13B23-285_D1,4
GTCTCAAGGCCCGGCT-1_V13B23-285_D1,1
GTCTCGACTAAGTTTG-1_V13B23-285_D1,1
GTCTCGATCTGCTTTC-1_V13B23-285_D1,2
GTCTGGGCGGTCGAGA-1_V13B23-285_D1,1
GTCTTAGTACAGCCGG-1_V13B23-285_D1,3
GTCTTGAGGAGCAGTG-1_V13B23-285_D1,1
GTCTTGTAGCTATTCA-1_V13B23-285_D1,4
GTGAAACGGCGCCACC-1_V13B23-285_D1,1
GTGAACTCCCATTCGA-1_V13B23-285_D1,1
GTGAAGATTTCAAGTG-1_V13B23-285_D1,1
GTGAAGCCGTATAGTC-1_V13B23-285_D1,1
GTGACAGCTTCCCACT-1_V13B23-285_D1,4
GTGACCGCACACTACG-1_V13B23-285_D1,4
GTGACCTAAAGAATAA-1_V13B23-285_D1,1
GTGACGAGGGTGACCC-1_V13B23-285_D1,1
GTGACTTCAGTAGTGC-1_V13B23-285_D1,1
GTGAGCGTGCTGCACT-1_V13B23-285_D1,1
GTGAGGACACTTAAGG-1_V13B23-285_D1,4
GTGAGGAGCGGTTGAG-1_V13B23-285_D1,2
GTGAGTGGTACAACGC-1_V13B23-285_D1,1
GTGATCACTAACGCCT-1_V13B23-285_D1,4
GTGATCATAGATCTGC-1_V13B23-285_D1,1
GTGATCCTTGTCATGA-1_V13B23-285_D1,4
GTGATGCACAACATCT-1_V13B23-285_D1,2
GTGATTCGCCGCTCAA-1_V13B23-285_D1,1
GTGCAACAAATGTGGC-1_V13B23-285_D1,2
GTGCACGAAAGTGACT-1_V13B23-285_D1,2
GTGCAGCGTAGAGTAG-1_V13B23-285_D1,4
GTGCCATCACACGGTG-1_V13B23-285_D1,1
GTGCCCGTTCGGATTC-1_V13B23-285_D1,4
GTGCCGCTTCAAAGGT-1_V13B23-285_D1,1
GTGCCTCAGTGTACGG-1_V13B23-285_D1,2
GTGCGAAATCGAACAC-1_V13B23-285_D1,1
GTGCGACAGGGAGTGT-1_V13B23-285_D1,1
GTGCGGGTCTCCAAAT-1_V13B23-285_D1,1
GTGCGTGTATATGAGC-1_V13B23-285_D1,4
GTGCTCAAGTACTGTC-1_V13B23-285_D1,1
GTGCTTACATCAGCGC-1_V13B23-285_D1,4
GTGGAACCTACATGCG-1_V13B23-285_D1,2
GTGGACCAACCCGATT-1_V13B23-285_D1,1
GTGGACGCATTTGTCC-1_V13B23-285_D1,1
GTGGACGTGCTGAGAC-1_V13B23-285_D1,1
GTGGAGCATGTCGGCC-1_V13B23-285_D1,1
GTGGAGCGTTTACCGA-1_V13B23-285_D1,1
GTGGAGTCGGCGGTTG-1_V13B23-285_D1,1
GTGGCAAACAGCGGCA-1_V13B23-285_D1,1
GTGGCGGTCCCAGCGT-1_V13B23-285_D1,1
GTGGGCTTAGACACAC-1_V13B23-285_D1,1
GTGGTATAGTCTGCCG-1_V13B23-285_D1,1
GTGGTGATGGTTTGTG-1_V13B23-285_D1,4
GTGGTGGCCAAGTGAA-1_V13B23-285_D1,4
GTGGTTACTTCTTTCG-1_V13B23-285_D1,1
GTGGTTTCCGCCTTTC-1_V13B23-285_D1,1
GTGTACCTTGGCTACG-1_V13B23-285_D1,1
GTGTACGAACCGTTCC-1_V13B23-285_D1,4
GTGTATATCAGCGGGC-1_V13B23-285_D1,4
GTGTCGTATAGCGTTC-1_V13B23-285_D1,4
GTGTGAATAACTTAGG-1_V13B23-285_D1,1
GTGTTACTATGCGTCC-1_V13B23-285_D1,4
GTTAAAGTAGGACTGG-1_V13B23-285_D1,4
GTTAACATCACTTAAA-1_V13B23-285_D1,4
GTTAACTATGTTGTCA-1_V13B23-285_D1,4
GTTAAGGGTGCGATGT-1_V13B23-285_D1,4
GTTAAGTTAGAGTGGG-1_V13B23-285_D1,1
GTTACAATTGGTGACG-1_V13B23-285_D1,1
GTTACCTACAACTTGC-1_V13B23-285_D1,4
GTTACTTTGGGCCTAG-1_V13B23-285_D1,1
GTTAGCCGTAAATCAA-1_V13B23-285_D1,1
GTTAGGCTACCCGTTT-1_V13B23-285_D1,1
GTTATAATACGGTGAA-1_V13B23-285_D1,4
GTTATATCAGGAGCCA-1_V13B23-285_D1,1
GTTATATTATCTCCCT-1_V13B23-285_D1,1
GTTATTAACGTGGGAG-1_V13B23-285_D1,1
GTTCACAGGAGTCTAG-1_V13B23-285_D1,1
GTTCATCGTTTGGCTG-1_V13B23-285_D1,1
GTTCCAGTCTGACCAT-1_V13B23-285_D1,2
GTTCCCGTAAACATAT-1_V13B23-285_D1,4
GTTCGCCATAAGTGCC-1_V13B23-285_D1,1
GTTCGCTGAGACGTCT-1_V13B23-285_D1,4
GTTCGGAGCACTCAAC-1_V13B23-285_D1,4
GTTCGGATCGGGAACA-1_V13B23-285_D1,4
GTTCGGGCGTACCATT-1_V13B23-285_D1,1
GTTCGTCTAAAGAACT-1_V13B23-285_D1,4
GTTCGTCTGGGTCCCT-1_V13B23-285_D1,1
GTTCTTCCCTCGATGT-1_V13B23-285_D1,2
GTTGAACCGGTTCCAT-1_V13B23-285_D1,1
GTTGAGTCCCGCCGGT-1_V13B23-285_D1,4
GTTGCACGGAGTTTCG-1_V13B23-285_D1,1
GTTGCAGTCGACAACA-1_V13B23-285_D1,4
GTTGCGCTAACATTAC-1_V13B23-285_D1,4
GTTGCGGACGGTCAGG-1_V13B23-285_D1,4
GTTGGACCGCATCAGG-1_V13B23-285_D1,2
GTTGGATTCAGTGGCT-1_V13B23-285_D1,1
GTTGGATTGAGAACAC-1_V13B23-285_D1,1
GTTGGATTTGCGTTGG-1_V13B23-285_D1,1
GTTGGTCATGCTATCC-1_V13B23-285_D1,1
GTTGTCGTGTTAGTTG-1_V13B23-285_D1,2
GTTGTTGCAAGATGGC-1_V13B23-285_D1,4
GTTTACGTTCCATCTG-1_V13B23-285_D1,4
GTTTCAAACGAGTTGT-1_V13B23-285_D1,4
GTTTCATATCGTCGCT-1_V13B23-285_D1,1
GTTTCCTGGAGGGTGA-1_V13B23-285_D1,1
GTTTCTGCAGTCTCCC-1_V13B23-285_D1,4
GTTTGACCAAATCCTA-1_V13B23-285_D1,1
GTTTGGCCCAAGTTAT-1_V13B23-285_D1,4
GTTTGGCCGCTCAGCG-1_V13B23-285_D1,2
GTTTGGGCTTGTGAGC-1_V13B23-285_D1,4
GTTTGGGTTTCGCCCG-1_V13B23-285_D1,4
GTTTGGTAGGGTCAAC-1_V13B23-285_D1,1
TAAACCCAGGAGGGCA-1_V13B23-285_D1,1
TAAAGACAACCCTTTA-1_V13B23-285_D1,4
TAAAGCGTTAGGAGAA-1_V13B23-285_D1,1
TAAAGCTGCAATAGGG-1_V13B23-285_D1,1
TAAATCTTTACACCTC-1_V13B23-285_D1,1
TAAATGAATCCGTTTC-1_V13B23-285_D1,1
TAAATGCCGTCTCATG-1_V13B23-285_D1,2
TAAATGGGCTACTGAG-1_V13B23-285_D1,4
TAACAAAGGGAGAAGC-1_V13B23-285_D1,1
TAACAATATTTGTTGC-1_V13B23-285_D1,1
TAACATACAATGTGGG-1_V13B23-285_D1,4
TAACATACACGCGATC-1_V13B23-285_D1,1
TAACCTACCGTCCGAG-1_V13B23-285_D1,1
TAACCTAGGGAGTCCA-1_V13B23-285_D1,4
TAACGCTTTGAGAGCG-1_V13B23-285_D1,1
TAACTATCGAAGGTCC-1_V13B23-285_D1,1
TAACTATTACGCCAAA-1_V13B23-285_D1,1
TAACTCATCCGCGCGG-1_V13B23-285_D1,1
TAACTCCATGGAGGCT-1_V13B23-285_D1,1
TAAGCAGGCGACACGC-1_V13B23-285_D1,1
TAAGCCCTTACGACCA-1_V13B23-285_D1,2
TAAGGAACTTGTGGGA-1_V13B23-285_D1,1
TAAGGCAACATAAGAT-1_V13B23-285_D1,1
TAAGGCATAACATCAA-1_V13B23-285_D1,1
TAAGGCCCGTCACCCT-1_V13B23-285_D1,4
TAAGGCTGAATCCCTC-1_V13B23-285_D1,4
TAAGGGCCTGTCCGAT-1_V13B23-285_D1,4
TAAGGGCTGGGAGAGG-1_V13B23-285_D1,1
TAAGTAACATCTTGAC-1_V13B23-285_D1,1
TAAGTCGCCGAGTATC-1_V13B23-285_D1,1
TAAGTTGCGACGTAGG-1_V13B23-285_D1,4
TAATAAACAAGGAGAT-1_V13B23-285_D1,2
TAATACACAGTAGTAT-1_V13B23-285_D1,2
TAATAGAACAGAGTTA-1_V13B23-285_D1,1
TAATAGCTAAATGATG-1_V13B23-285_D1,1
TAATAGTGACGACCAG-1_V13B23-285_D1,1
TAATATTGAAATTCGC-1_V13B23-285_D1,2
TAATCAACCAAATGGG-1_V13B23-285_D1,4
TAATCGATCCGTACGT-1_V13B23-285_D1,1
TAATGAAAGACCCTTG-1_V13B23-285_D1,1
TAATTACGTCAGTAGA-1_V13B23-285_D1,4
TAATTAGATGGATATG-1_V13B23-285_D1,2
TAATTAGGACATCCGT-1_V13B23-285_D1,4
TAATTCCAATGCTTCA-1_V13B23-285_D1,4
TAATTGGAATCGGGAA-1_V13B23-285_D1,1
TACAACGCACAACTCA-1_V13B23-285_D1,1
TACAAGTCTCGTGCAT-1_V13B23-285_D1,1
TACACCGTCGTTAGTC-1_V13B23-285_D1,1
TACAGAAACGGTGGGC-1_V13B23-285_D1,4
TACATAGGCATACACC-1_V13B23-285_D1,1
TACATGCCGGAATTGT-1_V13B23-285_D1,4
TACATTTCTAACGTGC-1_V13B23-285_D1,1
TACCAAATAGCCCAGA-1_V13B23-285_D1,1
TACCAATAAAGTACCA-1_V13B23-285_D1,4
TACCAGAAGTAGGTTC-1_V13B23-285_D1,1
TACCAGCTAGGTTTAA-1_V13B23-285_D1,2
TACCATGTATTGATTT-1_V13B23-285_D1,4
TACCCTCGGTAACCCT-1_V13B23-285_D1,4
TACCGCGGACTTGCAG-1_V13B23-285_D1,1
TACCGGCTCACTGCCC-1_V13B23-285_D1,4
TACCGGTCGTTTCCAT-1_V13B23-285_D1,1
TACCGTAGGTTAACTA-1_V13B23-285_D1,1
TACCGTGCCTCGGACC-1_V13B23-285_D1,4
TACCTACTCCCAGTAT-1_V13B23-285_D1,1
TACCTCACGCTTGTAC-1_V13B23-285_D1,2
TACCTCAGTTGTCTGT-1_V13B23-285_D1,1
TACCTCTTTACCATCC-1_V13B23-285_D1,4
TACCTGCTGCACTGTG-1_V13B23-285_D1,1
TACCTTAAGATTTCCC-1_V13B23-285_D1,1
TACGAACACGACTTCA-1_V13B23-285_D1,1
TACGACGCTTGCTGCG-1_V13B23-285_D1,1
TACGACTGCCTCTTAG-1_V13B23-285_D1,1
TACGAGAACTTCACGT-1_V13B23-285_D1,1
TACGATGTTGATCATC-1_V13B23-285_D1,1
TACGCAGTTCTTTCCT-1_V13B23-285_D1,1
TACGCCATATTCTAAT-1_V13B23-285_D1,1
TACGCCGAGGGTACCC-1_V13B23-285_D1,1
TACGCCGCCTCAGAAG-1_V13B23-285_D1,4
TACGCCTCCATTCCGA-1_V13B23-285_D1,1
TACGCTATAGAAACCT-1_V13B23-285_D1,1
TACGCTCGGTATTGGA-1_V13B23-285_D1,4
TACGGCATGGACGCTA-1_V13B23-285_D1,4
TACGGGATGCTAGCAG-1_V13B23-285_D1,2
TACGTAAAGCGGAGTG-1_V13B23-285_D1,4
TACGTGCAAGGTTCCT-1_V13B23-285_D1,1
TACGTGCACTATGCTG-1_V13B23-285_D1,1
TACGTTTACCGGCAAT-1_V13B23-285_D1,1
TACTATGGTTCCTCAG-1_V13B23-285_D1,1
TACTCGGCACGCCGGG-1_V13B23-285_D1,1
TACTCTCCGAACAAAT-1_V13B23-285_D1,2
TACTCTTACTTTACTG-1_V13B23-285_D1,4
TACTCTTTCGTCTTCA-1_V13B23-285_D1,1
TACTGAACAGATTTAG-1_V13B23-285_D1,1
TACTGCAATCAATTAC-1_V13B23-285_D1,1
TACTGGACAGCTCGGC-1_V13B23-285_D1,1
TACTTAAACATGTACA-1_V13B23-285_D1,4
TACTTGTTAGTAGTCC-1_V13B23-285_D1,4
TACTTTACTGAGCCGG-1_V13B23-285_D1,1
TACTTTCCGCACGCCA-1_V13B23-285_D1,1
TAGAAAGGTGGCGCTA-1_V13B23-285_D1,1
TAGAAGAAGGGTTACA-1_V13B23-285_D1,4
TAGAATAGCCGATGAA-1_V13B23-285_D1,4
TAGAATTAAGGGCAAC-1_V13B23-285_D1,2
TAGACGAAACGCCAAT-1_V13B23-285_D1,4
TAGACGCCCGTACCGG-1_V13B23-285_D1,1
TAGACTACCTAGCGTT-1_V13B23-285_D1,4
TAGAGATCATGCAACT-1_V13B23-285_D1,1
TAGAGCTACGAAGAAC-1_V13B23-285_D1,2
TAGAGGTTCTACTTGT-1_V13B23-285_D1,4
TAGAGTCTAAGCGAAC-1_V13B23-285_D1,1
TAGATATGGACTGGAA-1_V13B23-285_D1,1
TAGATCCGAAGTCGCA-1_V13B23-285_D1,2
TAGATGGTTCCTTACT-1_V13B23-285_D1,4
TAGATTCCTGGTTATT-1_V13B23-285_D1,1
TAGCAACCTGTCACAA-1_V13B23-285_D1,1
TAGCAGTATGACTAAA-1_V13B23-285_D1,4
TAGCCATTTCAAAGTC-1_V13B23-285_D1,4
TAGCCGGCGGTCAGCG-1_V13B23-285_D1,1
TAGCGTCCCTCGATTG-1_V13B23-285_D1,4
TAGCGTCCGGTGTGGT-1_V13B23-285_D1,4
TAGCGTTGGGTCTTAC-1_V13B23-285_D1,4
TAGCTAAGTCCGGGAG-1_V13B23-285_D1,1
TAGCTAGAAGGCATGA-1_V13B23-285_D1,1
TAGCTAGTGATGATGG-1_V13B23-285_D1,1
TAGCTCGCCTGATAAC-1_V13B23-285_D1,1
TAGGCATGTTACGCCA-1_V13B23-285_D1,1
TAGGCCTATATAGTCT-1_V13B23-285_D1,4
TAGGCTAAAGTGGCAC-1_V13B23-285_D1,4
TAGGGAGCTTGGGATG-1_V13B23-285_D1,1
TAGGGTGTTTCAAGAG-1_V13B23-285_D1,1
TAGGTCCAAGTAAGGA-1_V13B23-285_D1,1
TAGGTCGCCGGAACTG-1_V13B23-285_D1,1
TAGGTGACGATAACCT-1_V13B23-285_D1,4
TAGGTGAGCCCTACTC-1_V13B23-285_D1,1
TAGGTGCTCGCCTAGC-1_V13B23-285_D1,4
TAGGTGTTCCACAGAT-1_V13B23-285_D1,1
TAGGTTCGAGTTCGTC-1_V13B23-285_D1,1
TAGTACCTTAGTGGTC-1_V13B23-285_D1,1
TAGTAGCTTATACCAG-1_V13B23-285_D1,1
TAGTCCGCAGAGAATG-1_V13B23-285_D1,1
TAGTCGATCACGGGTT-1_V13B23-285_D1,4
TAGTCTAACAACGAGA-1_V13B23-285_D1,1
TAGTCTGTGACGTTGC-1_V13B23-285_D1,1
TAGTGCCCTCCAGAGT-1_V13B23-285_D1,1
TAGTGTCAGAAACGGC-1_V13B23-285_D1,1
TAGTTAAGATAGGATA-1_V13B23-285_D1,3
TAGTTTATTCTTGCTT-1_V13B23-285_D1,3
TATAAATCCACAAGCT-1_V13B23-285_D1,1
TATAAGTGAGGATAGC-1_V13B23-285_D1,1
TATACACAGACGCCTT-1_V13B23-285_D1,1
TATACACGCAAAGTAT-1_V13B23-285_D1,1
TATACCGAGTGCCACA-1_V13B23-285_D1,4
TATACGCGTCATCACT-1_V13B23-285_D1,4
TATACTCATGCGGCAA-1_V13B23-285_D1,1
TATAGATGGTCGCAGT-1_V13B23-285_D1,4
TATAGGGTACTCATGA-1_V13B23-285_D1,1
TATATATCGAGAAATG-1_V13B23-285_D1,1
TATATCCCTGGGAGGA-1_V13B23-285_D1,1
TATATTACAAATGTCG-1_V13B23-285_D1,1
TATATTCGCGTCGATA-1_V13B23-285_D1,2
TATCACCATGTAAAGT-1_V13B23-285_D1,2
TATCACCCAACCGACC-1_V13B23-285_D1,1
TATCACTTCGAGTAAC-1_V13B23-285_D1,1
TATCCAATTGGTTATC-1_V13B23-285_D1,4
TATCCATATCATGCGA-1_V13B23-285_D1,2
TATCCGCACCGTCGGG-1_V13B23-285_D1,1
TATCCTGCATGGGAAT-1_V13B23-285_D1,2
TATCGATCTATGCATA-1_V13B23-285_D1,1
TATCGATGATTAAACG-1_V13B23-285_D1,1
TATCTACAGAGGTAAT-1_V13B23-285_D1,1
TATCTACCACAGCGGG-1_V13B23-285_D1,1
TATCTTGCAATACAAC-1_V13B23-285_D1,1
TATGAAGACAGGTGCG-1_V13B23-285_D1,1
TATGATCCGGCACGCC-1_V13B23-285_D1,1
TATGATCTTCTCTTTA-1_V13B23-285_D1,4
TATGCTCCCTACTTAC-1_V13B23-285_D1,1
TATGGATGTGCTACGC-1_V13B23-285_D1,1
TATGGCCCGGCCTCGC-1_V13B23-285_D1,1
TATGGCTAGGCTAATT-1_V13B23-285_D1,1
TATGGGACCGAGCAGG-1_V13B23-285_D1,1
TATGGGTACGTATCGT-1_V13B23-285_D1,1
TATGGTCTGAGTAACA-1_V13B23-285_D1,1
TATGGTTAGTGGGAGA-1_V13B23-285_D1,4
TATGTCAAGACCGACT-1_V13B23-285_D1,1
TATGTCTCATTGTGCC-1_V13B23-285_D1,1
TATTAACCTGACCGCG-1_V13B23-285_D1,1
TATTACCATCCTGCTT-1_V13B23-285_D1,4
TATTATGTTTGCCTGC-1_V13B23-285_D1,1
TATTCAATTCTAATCC-1_V13B23-285_D1,2
TATTCCACTCAGCTCG-1_V13B23-285_D1,1
TATTCCGAGCTGTTAT-1_V13B23-285_D1,4
TATTCCTCCGCCCACT-1_V13B23-285_D1,1
TATTCGTGCCAGAATA-1_V13B23-285_D1,1
TATTGACATTTCTGCC-1_V13B23-285_D1,1
TATTGCCGGGCTTGTA-1_V13B23-285_D1,4
TATTTAGTCTAGATCG-1_V13B23-285_D1,2
TATTTATACCGAGTAG-1_V13B23-285_D1,2
TATTTGATTTGCACAG-1_V13B23-285_D1,4
TATTTGTTACCCTTTA-1_V13B23-285_D1,1
TCAAACAACCGCGTCG-1_V13B23-285_D1,1
TCAAACTTAGATTGTT-1_V13B23-285_D1,1
TCAAATTTGAGACTCA-1_V13B23-285_D1,4
TCAACAAAGATAATTC-1_V13B23-285_D1,1
TCAACACATTGGGTAA-1_V13B23-285_D1,2
TCAACATAGCGCCCTA-1_V13B23-285_D1,1
TCAACATCGACCGAGA-1_V13B23-285_D1,1
TCAACCATGTTCGGGC-1_V13B23-285_D1,1
TCAACGAGGAGACAAA-1_V13B23-285_D1,1
TCAACGCAGGAAATAA-1_V13B23-285_D1,1
TCAACGCGACCGGCAG-1_V13B23-285_D1,1
TCAACTAACGTATAAC-1_V13B23-285_D1,1
TCAACTGCAGAGTCAG-1_V13B23-285_D1,4
TCAAGAAATACTAGCT-1_V13B23-285_D1,1
TCAAGCGCGGACGGTA-1_V13B23-285_D1,4
TCAAGCTGCCTTGAAA-1_V13B23-285_D1,1
TCAAGGTTACTACACC-1_V13B23-285_D1,4
TCAATACGCCGTCATG-1_V13B23-285_D1,1
TCACAAACCGAGGTAC-1_V13B23-285_D1,4
TCACAGCAAACTCGAA-1_V13B23-285_D1,1
TCACAGGAGAATAAGA-1_V13B23-285_D1,1
TCACAGGGAATCGCAA-1_V13B23-285_D1,4
TCACAGGTTATTGGGC-1_V13B23-285_D1,1
TCACATCTTATCTGAT-1_V13B23-285_D1,1
TCACCCTCTTAAGATT-1_V13B23-285_D1,1
TCACCGCTCGGCACTC-1_V13B23-285_D1,1
TCACGATGTCCGTGGA-1_V13B23-285_D1,1
TCACGCATTGTAGATC-1_V13B23-285_D1,1
TCACGGTCATCGCACA-1_V13B23-285_D1,1
TCACGTGCCCGATTCA-1_V13B23-285_D1,1
TCACTACGACCAATGC-1_V13B23-285_D1,2
TCACTCGTGCAACGGC-1_V13B23-285_D1,2
TCAGAACCTCCACAGG-1_V13B23-285_D1,1
TCAGACGCTATAGAAG-1_V13B23-285_D1,4
TCAGAGTGTGAGCATG-1_V13B23-285_D1,4
TCAGCAAATGCATCTC-1_V13B23-285_D1,1
TCAGCAGTAGGCCCTG-1_V13B23-285_D1,1
TCAGCCAATCCGTAAA-1_V13B23-285_D1,4
TCAGGGCGCAAACTCG-1_V13B23-285_D1,1
TCAGGGTGTAACGTAA-1_V13B23-285_D1,1
TCAGGTTCTTTGAGAA-1_V13B23-285_D1,1
TCAGTACTGACCCGCG-1_V13B23-285_D1,1
TCAGTAGGGACTATAA-1_V13B23-285_D1,1
TCAGTGTATACGTCAT-1_V13B23-285_D1,1
TCATAAGTCCAAGAAG-1_V13B23-285_D1,4
TCATACTTACAGATCC-1_V13B23-285_D1,1
TCATATGAGCTTTGTT-1_V13B23-285_D1,1
TCATCACTCGAGCTCG-1_V13B23-285_D1,1
TCATCCCAGAGGGTGG-1_V13B23-285_D1,3
TCATCGATGGTCCCAA-1_V13B23-285_D1,1
TCATGCAGGTTCTCAT-1_V13B23-285_D1,2
TCATTTAAGTCTCCGA-1_V13B23-285_D1,1
TCATTTAGAAGTGTGA-1_V13B23-285_D1,4
TCCAACTTTAAATTCT-1_V13B23-285_D1,1
TCCAATAAAGGCTACC-1_V13B23-285_D1,1
TCCACAATGGTTTACG-1_V13B23-285_D1,1
TCCACCTCTAGCCTTT-1_V13B23-285_D1,1
TCCACTTTATCTAGGT-1_V13B23-285_D1,1
TCCAGAGCACCGGTTC-1_V13B23-285_D1,4
TCCAGATGTACGCCAA-1_V13B23-285_D1,1
TCCAGCGCTATAAGCG-1_V13B23-285_D1,4
TCCAGGCGAGTACGGT-1_V13B23-285_D1,1
TCCAGGGTATATACGA-1_V13B23-285_D1,1
TCCATTCCCACTAGAG-1_V13B23-285_D1,2
TCCATTGTGACCTCGT-1_V13B23-285_D1,2
TCCCAAACAGACAACG-1_V13B23-285_D1,1
TCCCAAAGACGAAGGA-1_V13B23-285_D1,1
TCCCAAAGCCCTAAAT-1_V13B23-285_D1,4
TCCCACTCTCTTCCGG-1_V13B23-285_D1,1
TCCCAGCACACGACAT-1_V13B23-285_D1,4
TCCCAGCTTTAGTCTG-1_V13B23-285_D1,1
TCCCAGGCTTAGCTAA-1_V13B23-285_D1,1
TCCCGCCTATGTGCGT-1_V13B23-285_D1,1
TCCCGCGTACTCCTGG-1_V13B23-285_D1,1
TCCCGGGTGTGCTGCT-1_V13B23-285_D1,1
TCCCGTCAGTCCCGCA-1_V13B23-285_D1,1
TCCCGTCGCGTCATAG-1_V13B23-285_D1,1
TCCCGTGTGCAATTTG-1_V13B23-285_D1,4
TCCCTAGATCAATAGG-1_V13B23-285_D1,1
TCCCTCTTCTCAAGGG-1_V13B23-285_D1,4
TCCCTGGCGTATTAAC-1_V13B23-285_D1,1
TCCCTGGCTCGCTGGA-1_V13B23-285_D1,1
TCCCTTAGATTACTCG-1_V13B23-285_D1,2
TCCCTTGTCTGAAACT-1_V13B23-285_D1,4
TCCGAACGTTGCCGCT-1_V13B23-285_D1,4
TCCGAACTTGGCTTAC-1_V13B23-285_D1,1
TCCGAAGTAGTCACCA-1_V13B23-285_D1,2
TCCGAATGGTCCTGAG-1_V13B23-285_D1,1
TCCGATAATTGCCATA-1_V13B23-285_D1,2
TCCGATGACTGAGCTC-1_V13B23-285_D1,2
TCCGATGGTGCGACAT-1_V13B23-285_D1,1
TCCGATTACATTGCCG-1_V13B23-285_D1,1
TCCGCCTGTCTACAAG-1_V13B23-285_D1,4
TCCGCGGCAGCATCTG-1_V13B23-285_D1,1
TCCGCGGCCCAATGAA-1_V13B23-285_D1,4
TCCGCTGTCATCCCGG-1_V13B23-285_D1,4
TCCGCTTATCCCATTA-1_V13B23-285_D1,4
TCCGGAGGAAGGGCTG-1_V13B23-285_D1,2
TCCGGCCTAGCGTACA-1_V13B23-285_D1,1
TCCGGCTGTCGGGTCG-1_V13B23-285_D1,4
TCCGGGCTTGACGGGA-1_V13B23-285_D1,4
TCCGGTTCGTCCGGTC-1_V13B23-285_D1,1
TCCGTAACCACAATCC-1_V13B23-285_D1,1
TCCGTTAAGCTAATAT-1_V13B23-285_D1,4
TCCGTTTAGCCTTGAA-1_V13B23-285_D1,1
TCCTAAATTGGGAAGC-1_V13B23-285_D1,4
TCCTAACCGTCGGGCA-1_V13B23-285_D1,1
TCCTACATCCACGGCC-1_V13B23-285_D1,4
TCCTAGCAAAGAAGCT-1_V13B23-285_D1,1
TCCTATCATAGGTAAC-1_V13B23-285_D1,4
TCCTCCTAAGACATTC-1_V13B23-285_D1,1
TCCTCGGGCTGGGCTT-1_V13B23-285_D1,4
TCCTCTACGAGATGGC-1_V13B23-285_D1,1
TCCTCTCCAGTTGTCC-1_V13B23-285_D1,1
TCCTCTGGCCCATTAG-1_V13B23-285_D1,2
TCCTGCCAACTGGAGA-1_V13B23-285_D1,2
TCCTGCGTTGATACTC-1_V13B23-285_D1,1
TCCTGGCGCTGCCTGG-1_V13B23-285_D1,2
TCCTTACGACGGTCCG-1_V13B23-285_D1,4
TCCTTCAGTGGTCGAA-1_V13B23-285_D1,3
TCCTTTAAATCCGCTT-1_V13B23-285_D1,4
TCCTTTCTTACGCTTA-1_V13B23-285_D1,1
TCGAAATTTAGGACCA-1_V13B23-285_D1,1
TCGAAGAACCGAGCAC-1_V13B23-285_D1,4
TCGAATATCCCGCAGG-1_V13B23-285_D1,1
TCGACAACTGAACCCG-1_V13B23-285_D1,1
TCGAGACCAACACCGT-1_V13B23-285_D1,1
TCGAGCCAGGCAGGCC-1_V13B23-285_D1,1
TCGAGGGCAACAGACG-1_V13B23-285_D1,4
TCGCAAAGATGCATTT-1_V13B23-285_D1,4
TCGCACCAGGAGGCAG-1_V13B23-285_D1,4
TCGCATAAAGGGCGCA-1_V13B23-285_D1,4
TCGCATCCCTAAGTGT-1_V13B23-285_D1,2
TCGCCGAAGTTGCGTC-1_V13B23-285_D1,1
TCGCCGGTCGATCCGT-1_V13B23-285_D1,2
TCGCGTAGCAGTGTCC-1_V13B23-285_D1,4
TCGCGTCCAGAAGGTC-1_V13B23-285_D1,1
TCGCTAAACCGCTATC-1_V13B23-285_D1,2
TCGCTCGATATATTCC-1_V13B23-285_D1,1
TCGCTCGGCACCAGCG-1_V13B23-285_D1,1
TCGCTGGGCGGATTGT-1_V13B23-285_D1,1
TCGCTGTGCGTAAATC-1_V13B23-285_D1,1
TCGCTTTAAACGTTTG-1_V13B23-285_D1,1
TCGGAATGCGCTCTGA-1_V13B23-285_D1,1
TCGGACGCCCAGCCCA-1_V13B23-285_D1,1
TCGGAGAGTATCGGGA-1_V13B23-285_D1,1
TCGGAGTACATGAGTA-1_V13B23-285_D1,1
TCGGCGAACCCAAACC-1_V13B23-285_D1,4
TCGGCGTACTGCACAA-1_V13B23-285_D1,1
TCGGCTTGTATCGACG-1_V13B23-285_D1,4
TCGGGAACGTGCCTAG-1_V13B23-285_D1,1
TCGGGAGACAGCGTAC-1_V13B23-285_D1,4
TCGGGATTCAAACATA-1_V13B23-285_D1,1
TCGGGCCGTCGTGGTA-1_V13B23-285_D1,4
TCGGGTGAAACTGCTA-1_V13B23-285_D1,2
TCGGTCCCGACAATAG-1_V13B23-285_D1,1
TCGGTCCCTGACTCCA-1_V13B23-285_D1,2
TCGGTGACCGCTCCGG-1_V13B23-285_D1,2
TCGTAAGACGACATTG-1_V13B23-285_D1,1
TCGTAAGCTCCGAGGA-1_V13B23-285_D1,1
TCGTATAGTGCAATTA-1_V13B23-285_D1,2
TCGTATTACCCATTGC-1_V13B23-285_D1,1
TCGTCAAGTACGCGCA-1_V13B23-285_D1,1
TCGTCACACTGTTAGC-1_V13B23-285_D1,1
TCGTCCGCTGGCGTCT-1_V13B23-285_D1,1
TCGTCTTAGGCGTTAA-1_V13B23-285_D1,4
TCGTGTACTATGGATG-1_V13B23-285_D1,4
TCGTGTATTGGTCACG-1_V13B23-285_D1,4
TCGTGTCACGCTGACA-1_V13B23-285_D1,1
TCGTGTTCGACCACAA-1_V13B23-285_D1,4
TCGTTAGGAGTCCCTA-1_V13B23-285_D1,1
TCGTTCGTTATTATGT-1_V13B23-285_D1,2
TCGTTGCTATCCGGTC-1_V13B23-285_D1,1
TCGTTGGCTCGTCAAT-1_V13B23-285_D1,2
TCTAATACTGCCTCAG-1_V13B23-285_D1,1
TCTACCCAATAGAGAG-1_V13B23-285_D1,4
TCTACCGTCCACAAGC-1_V13B23-285_D1,1
TCTAGCAATCTCCGCC-1_V13B23-285_D1,1
TCTAGCATCTTCGATG-1_V13B23-285_D1,1
TCTAGCATGCCCAGAA-1_V13B23-285_D1,4
TCTAGGTGGCGACGCT-1_V13B23-285_D1,1
TCTAGTGATATCGTGG-1_V13B23-285_D1,4
TCTAGTTATCAGAAGA-1_V13B23-285_D1,1
TCTATAGGTGGGTAAT-1_V13B23-285_D1,4
TCTATCATGCAGTTAC-1_V13B23-285_D1,1
TCTATCGGTCGCAACA-1_V13B23-285_D1,2
TCTATGCTATAACGAC-1_V13B23-285_D1,4
TCTATTACGCTGGCGA-1_V13B23-285_D1,2
TCTCATGAGATAGGGT-1_V13B23-285_D1,4
TCTCCAACGTAGGTTA-1_V13B23-285_D1,2
TCTCCACAAGTTGAAT-1_V13B23-285_D1,4
TCTCCCTGGGCAGCGT-1_V13B23-285_D1,4
TCTCGAACGAGGTCAC-1_V13B23-285_D1,2
TCTCGACGTATCGCCG-1_V13B23-285_D1,4
TCTCGAGGAGGTTCGC-1_V13B23-285_D1,4
TCTCGGCTCCAGGACT-1_V13B23-285_D1,1
TCTCTAATAGCTGGTA-1_V13B23-285_D1,1
TCTCTCGCCGCACATA-1_V13B23-285_D1,4
TCTGAACCGGTCGGCT-1_V13B23-285_D1,1
TCTGAACTCGTACCCG-1_V13B23-285_D1,4
TCTGAAGCACGTGGTC-1_V13B23-285_D1,4
TCTGAATTCCGTACAA-1_V13B23-285_D1,1
TCTGACGGGCTAACCC-1_V13B23-285_D1,1
TCTGAGCAATTGACTG-1_V13B23-285_D1,4
TCTGATCGGGTGCTAG-1_V13B23-285_D1,1
TCTGATGTATTCTGTC-1_V13B23-285_D1,4
TCTGATTGGAAATGGA-1_V13B23-285_D1,1
TCTGCACCATTAGTAA-1_V13B23-285_D1,1
TCTGCATACCTTGCTT-1_V13B23-285_D1,4
TCTGCCAGAAACTGCA-1_V13B23-285_D1,4
TCTGCGAATCGTTCGC-1_V13B23-285_D1,2
TCTGCGTCCGGTTTCT-1_V13B23-285_D1,1
TCTGCTTAGAACAAGC-1_V13B23-285_D1,4
TCTGGAGCGTAAGAGT-1_V13B23-285_D1,1
TCTGGCCGTTCAAGTT-1_V13B23-285_D1,1
TCTGGGAACCTTTGAA-1_V13B23-285_D1,4
TCTGGGTAGCGCTCAT-1_V13B23-285_D1,1
TCTGTCATACAAGAGC-1_V13B23-285_D1,2
TCTGTGCCATCATAGT-1_V13B23-285_D1,1
TCTGTTACCCAGCATA-1_V13B23-285_D1,1
TCTTACAGAGGTACCG-1_V13B23-285_D1,2
TCTTACCGGAACTCGT-1_V13B23-285_D1,1
TCTTACGGCATCCGAC-1_V13B23-285_D1,1
TCTTACTTATGCCTCT-1_V13B23-285_D1,4
TCTTAGAGCTCCAATT-1_V13B23-285_D1,4
TCTTAGAGTGAACTCT-1_V13B23-285_D1,4
TCTTCCCATGGGCACA-1_V13B23-285_D1,1
TCTTCGAATAGACGTT-1_V13B23-285_D1,4
TCTTCGATACCAATAA-1_V13B23-285_D1,1
TCTTCGCGGTGAGAGG-1_V13B23-285_D1,4
TCTTCTATAACCCGCC-1_V13B23-285_D1,4
TCTTGATGCGTAGCGA-1_V13B23-285_D1,1
TCTTGGTAACACCAAA-1_V13B23-285_D1,2
TCTTTAAGACTATGAA-1_V13B23-285_D1,1
TCTTTAGAGTCTAACA-1_V13B23-285_D1,4
TCTTTAGCAGGCGAAC-1_V13B23-285_D1,1
TCTTTCCTTCGAGATA-1_V13B23-285_D1,4
TCTTTCTCTTAAGGAG-1_V13B23-285_D1,2
TGAAACTTATGCAAGC-1_V13B23-285_D1,3
TGAAAGGACCTGACTC-1_V13B23-285_D1,1
TGAATATGCTATAAAC-1_V13B23-285_D1,2
TGAATGAGATACAGCA-1_V13B23-285_D1,2
TGAATGTCAGCCGGCC-1_V13B23-285_D1,4
TGACAACGCATGTCGC-1_V13B23-285_D1,4
TGACACTTCTCTTTGC-1_V13B23-285_D1,1
TGACATCGAGCGGACC-1_V13B23-285_D1,1
TGACCCACGTTAGACA-1_V13B23-285_D1,1
TGACGAATATTTCCCT-1_V13B23-285_D1,1
TGACGATGCACTAGAA-1_V13B23-285_D1,4
TGACTATAATCCTTTC-1_V13B23-285_D1,4
TGACTCTAACTGGTAA-1_V13B23-285_D1,4
TGAGAATGCTTTACCG-1_V13B23-285_D1,2
TGAGAGATTTACCACG-1_V13B23-285_D1,4
TGAGATTAGGCCCTAA-1_V13B23-285_D1,2
TGAGCCATACAGTCTC-1_V13B23-285_D1,1
TGAGCGGAAAGTGTTC-1_V13B23-285_D1,4
TGAGCTCAACTGTATA-1_V13B23-285_D1,4
TGAGCTTTAATGACGC-1_V13B23-285_D1,2
TGAGGAGTGCCAGCTT-1_V13B23-285_D1,1
TGAGTAAATTAGCGTA-1_V13B23-285_D1,1
TGAGTGCCTCTTAAAT-1_V13B23-285_D1,1
TGAGTGGTCCGTGACG-1_V13B23-285_D1,1
TGAGTTAAAGACATTC-1_V13B23-285_D1,4
TGATACATTTAGCCGT-1_V13B23-285_D1,1
TGATCAGGGAACTGCT-1_V13B23-285_D1,1
TGATCCCAGCATTAGT-1_V13B23-285_D1,1
TGATCGGTTTGACCCT-1_V13B23-285_D1,1
TGATCTACGCTGATCT-1_V13B23-285_D1,1
TGATCTCCGGCGCCAG-1_V13B23-285_D1,1
TGATGGCTGTTTCTGA-1_V13B23-285_D1,1
TGATGTCAATTAAGTG-1_V13B23-285_D1,4
TGATTATGGCACGCAG-1_V13B23-285_D1,2
TGATTCGTCTATCACT-1_V13B23-285_D1,1
TGATTCTGTCGCCGGT-1_V13B23-285_D1,1
TGATTTATTAGCTGTG-1_V13B23-285_D1,1
TGATTTCCTCCTGACG-1_V13B23-285_D1,1
TGCAACCCATCTGCGG-1_V13B23-285_D1,4
TGCAAGAATGACGTAA-1_V13B23-285_D1,1
TGCAATCTAACACGGT-1_V13B23-285_D1,4
TGCAATTTGGGCACGG-1_V13B23-285_D1,2
TGCACAGTGAAGTTAT-1_V13B23-285_D1,2
TGCAGAACTATATCGT-1_V13B23-285_D1,1
TGCAGAGTACCGAGCA-1_V13B23-285_D1,1
TGCAGATCGTCCTAGG-1_V13B23-285_D1,1
TGCAGCTACGTACTTC-1_V13B23-285_D1,1
TGCAGGATCGGCAAAG-1_V13B23-285_D1,1
TGCAGTGAGGCTCGGG-1_V13B23-285_D1,2
TGCAGTTTCCTCCCAT-1_V13B23-285_D1,4
TGCATATGTCTGTCAC-1_V13B23-285_D1,1
TGCATGGATCGGATCT-1_V13B23-285_D1,2
TGCATGTGGTAATCTA-1_V13B23-285_D1,1
TGCCAAAGTCAGACTT-1_V13B23-285_D1,1
TGCCAATGGGTACTCT-1_V13B23-285_D1,1
TGCCACCTGGCGAAAC-1_V13B23-285_D1,2
TGCCAGTACGTGGAGA-1_V13B23-285_D1,4
TGCCATTACTAAAGAA-1_V13B23-285_D1,1
TGCCCGTACCGTTAAA-1_V13B23-285_D1,4
TGCCGAAAGCGTATTC-1_V13B23-285_D1,1
TGCCGTGGATCGTCCT-1_V13B23-285_D1,1
TGCCTAAATTTAATAG-1_V13B23-285_D1,1
TGCCTAATTGAAGATT-1_V13B23-285_D1,4
TGCCTGACATCGGTCA-1_V13B23-285_D1,1
TGCCTGATCAAACGAT-1_V13B23-285_D1,2
TGCCTTGGCCAGGCAA-1_V13B23-285_D1,4
TGCGACACCCTAGTGC-1_V13B23-285_D1,1
TGCGACGGCCGAACGT-1_V13B23-285_D1,1
TGCGAGAATATTACCC-1_V13B23-285_D1,1
TGCGAGCCCTTCCGCG-1_V13B23-285_D1,2
TGCGCAAAGCATTTGG-1_V13B23-285_D1,1
TGCGCCGTTAATAACG-1_V13B23-285_D1,4
TGCGCGATTAACGGAG-1_V13B23-285_D1,1
TGCGGAGTAAAGGTGC-1_V13B23-285_D1,2
TGCGGCATAGTTCAAC-1_V13B23-285_D1,2
TGCGGTGAAATTTCAT-1_V13B23-285_D1,3
TGCGTAAGAACCTGAT-1_V13B23-285_D1,1
TGCGTACGGCTAATTG-1_V13B23-285_D1,4
TGCGTCATGACTGAGC-1_V13B23-285_D1,1
TGCGTGATTGGGTGTC-1_V13B23-285_D1,1
TGCGTTTGTTGACACT-1_V13B23-285_D1,4
TGCTAAGTGTCTATTT-1_V13B23-285_D1,4
TGCTCCACAGTTCTTA-1_V13B23-285_D1,4
TGCTCGGCGAAACCCA-1_V13B23-285_D1,1
TGCTCTGCCGGTTCAC-1_V13B23-285_D1,1
TGCTCTTGAGAGTTTG-1_V13B23-285_D1,4
TGCTGGTTGGACAATT-1_V13B23-285_D1,1
TGCTGTTGAAGAACTC-1_V13B23-285_D1,4
TGCTTCCCAAGCAGTA-1_V13B23-285_D1,1
TGCTTGAAACCATGCA-1_V13B23-285_D1,1
TGGAACCACTGACACA-1_V13B23-285_D1,1
TGGAAGAAGGGAACGT-1_V13B23-285_D1,1
TGGAAGACGAACACCA-1_V13B23-285_D1,2
TGGAAGGATAAAGATG-1_V13B23-285_D1,2
TGGAATATCCTTGACC-1_V13B23-285_D1,1
TGGAATTAGACGCTTT-1_V13B23-285_D1,1
TGGACCAATCTAAGAT-1_V13B23-285_D1,4
TGGACCACGGCGTTGA-1_V13B23-285_D1,2
TGGACGCAATCCAGCC-1_V13B23-285_D1,1
TGGACTGTTCGCTCAA-1_V13B23-285_D1,4
TGGAGGGAAACACCTC-1_V13B23-285_D1,1
TGGAGTGATGCGATGA-1_V13B23-285_D1,1
TGGCAAACTAAATTAC-1_V13B23-285_D1,4
TGGCAACTCGCGCGCC-1_V13B23-285_D1,1
TGGCAATGGGACGGCG-1_V13B23-285_D1,4
TGGCAGATTACGATCA-1_V13B23-285_D1,1
TGGCAGCAGTAATAGT-1_V13B23-285_D1,1
TGGCCAAACTGAAGTA-1_V13B23-285_D1,1
TGGCCGTATATTGACC-1_V13B23-285_D1,1
TGGCGACTGCTCCAAA-1_V13B23-285_D1,1
TGGCGATCAAGTTATG-1_V13B23-285_D1,1
TGGCTACACTCTACCT-1_V13B23-285_D1,4
TGGCTATGTGACATAC-1_V13B23-285_D1,4
TGGCTTGTACAAGCTT-1_V13B23-285_D1,2
TGGCTTTGGGTAGACA-1_V13B23-285_D1,2
TGGGAAATGCCTTTCC-1_V13B23-285_D1,1
TGGGATGCACTCATTC-1_V13B23-285_D1,2
TGGGCAATAGTTGGGT-1_V13B23-285_D1,4
TGGGCACGTTCTATGG-1_V13B23-285_D1,2
TGGGCAGGCCACCGCA-1_V13B23-285_D1,4
TGGGCCACAAGAGCGC-1_V13B23-285_D1,2
TGGGCCCATACTAATT-1_V13B23-285_D1,4
TGGTAGAATATATGGG-1_V13B23-285_D1,4
TGGTATCGCATCCCAA-1_V13B23-285_D1,2
TGGTCCCACGCTACGG-1_V13B23-285_D1,4
TGGTGATCGTATTTGT-1_V13B23-285_D1,1
TGGTTAAGGGCGCTGG-1_V13B23-285_D1,1
TGGTTCAACGGGTAAT-1_V13B23-285_D1,4
TGGTTCGTAGCAAAGG-1_V13B23-285_D1,1
TGGTTGGAGGATCCTG-1_V13B23-285_D1,2
TGGTTTAAACGTGGGT-1_V13B23-285_D1,1
TGTAATGACCACAATA-1_V13B23-285_D1,1
TGTACCTACACGAGGG-1_V13B23-285_D1,4
TGTACGAACAAATCCG-1_V13B23-285_D1,1
TGTACTACTCTCACGG-1_V13B23-285_D1,2
TGTAGCCATCCCATTC-1_V13B23-285_D1,4
TGTAGGAGAAATTTCC-1_V13B23-285_D1,1
TGTAGTGATCTATAAT-1_V13B23-285_D1,1
TGTATAACAGATCCTG-1_V13B23-285_D1,1
TGTATACGGATGATGA-1_V13B23-285_D1,1
TGTATCCTTATTCCAT-1_V13B23-285_D1,2
TGTATGGCGCAGACAG-1_V13B23-285_D1,4
TGTATTTACCTAATGC-1_V13B23-285_D1,2
TGTCATTTGTTGGGAA-1_V13B23-285_D1,1
TGTCCACGGCTCAACT-1_V13B23-285_D1,4
TGTCCCGACATAGCAC-1_V13B23-285_D1,2
TGTCCGTGGCGCCTTT-1_V13B23-285_D1,1
TGTCCTAAGTCACCGC-1_V13B23-285_D1,1
TGTCGGCATGGTGGAA-1_V13B23-285_D1,2
TGTCTACAGTTTCTGT-1_V13B23-285_D1,2
TGTGACTACGCCAGTC-1_V13B23-285_D1,2
TGTGAGACTAGCCCAA-1_V13B23-285_D1,1
TGTGCCGGTGCCGGAA-1_V13B23-285_D1,4
TGTGCTTTACGTAAGA-1_V13B23-285_D1,1
TGTGGACTATCTACGT-1_V13B23-285_D1,4
TGTGGCAAAGCGTATG-1_V13B23-285_D1,1
TGTGGCTCCCACCAAC-1_V13B23-285_D1,4
TGTGGTAGGGTGCCTT-1_V13B23-285_D1,4
TGTGTAGTAGCACGTG-1_V13B23-285_D1,4
TGTGTCGCGAGTTGCA-1_V13B23-285_D1,1
TGTGTTCGTATCCAAG-1_V13B23-285_D1,1
TGTTATTGTATGTGGC-1_V13B23-285_D1,4
TGTTCCGCTTCCATGA-1_V13B23-285_D1,1
TGTTCGTATTGCGGTG-1_V13B23-285_D1,1
TGTTCTTCCATTGACT-1_V13B23-285_D1,1
TGTTGCCGTCGTCCCA-1_V13B23-285_D1,4
TGTTGTCAAGAAGTCT-1_V13B23-285_D1,1
TGTTTAATACTTCATC-1_V13B23-285_D1,2
TGTTTCGGTACTTCTC-1_V13B23-285_D1,2
TGTTTGAGATCGTCAG-1_V13B23-285_D1,4
TTAAACAGAGTCCCGC-1_V13B23-285_D1,2
TTAAACTCGAATTCAT-1_V13B23-285_D1,1
TTAACACCTCGAACAT-1_V13B23-285_D1,1
TTAACCAACCCTCCCT-1_V13B23-285_D1,2
TTAACGAACAAGCAGT-1_V13B23-285_D1,1
TTAACGTCGCAAGACC-1_V13B23-285_D1,2
TTAACTTCAGGTAGGA-1_V13B23-285_D1,1
TTAAGATAGGATTGAC-1_V13B23-285_D1,4
TTAAGCCGACAACTTC-1_V13B23-285_D1,3
TTAAGCGCCTGACCCA-1_V13B23-285_D1,1
TTAAGGCCCGTACTTT-1_V13B23-285_D1,1
TTAAGTATTGTTATCC-1_V13B23-285_D1,4
TTAATCAGTACGTCAG-1_V13B23-285_D1,2
TTAATGTAGACCAGGT-1_V13B23-285_D1,1
TTAATTGCTTTGGGTG-1_V13B23-285_D1,4
TTAATTTCAGACGCGG-1_V13B23-285_D1,2
TTACAACTACGCATCC-1_V13B23-285_D1,1
TTACACGATCTGCGAC-1_V13B23-285_D1,4
TTACAGACCTAAATGA-1_V13B23-285_D1,1
TTACATCGTGGCCTGG-1_V13B23-285_D1,1
TTACATGCCACAACTA-1_V13B23-285_D1,4
TTACCATTGATTACCC-1_V13B23-285_D1,1
TTACCCATTGCCGGGT-1_V13B23-285_D1,2
TTACCCTAACAGTCCT-1_V13B23-285_D1,1
TTACCCTAGGGATTGG-1_V13B23-285_D1,1
TTACCGCCTTAGGGAA-1_V13B23-285_D1,2
TTACGGATGGTTCGAG-1_V13B23-285_D1,1
TTACGTATCTATGACA-1_V13B23-285_D1,4
TTACTAAAGGACTTTA-1_V13B23-285_D1,4
TTACTATCGGCTTCTC-1_V13B23-285_D1,1
TTACTCCGGCCGGGAA-1_V13B23-285_D1,1
TTACTCTGGTACGTAC-1_V13B23-285_D1,1
TTACTGGGATATTTCA-1_V13B23-285_D1,1
TTACTGTCTAGAGCTC-1_V13B23-285_D1,2
TTAGAAGAACATGACT-1_V13B23-285_D1,4
TTAGAATAAGGGTCGG-1_V13B23-285_D1,1
TTAGACACGATCGTTG-1_V13B23-285_D1,3
TTAGACGAGTCACCTC-1_V13B23-285_D1,4
TTAGAGTTTAGAAGGA-1_V13B23-285_D1,4
TTAGATAGGTCGATAC-1_V13B23-285_D1,1
TTAGCAACATGGATGT-1_V13B23-285_D1,1
TTAGCTAATACGATCT-1_V13B23-285_D1,1
TTAGCTCTGTAATCCG-1_V13B23-285_D1,1
TTAGCTGATTTGCCGT-1_V13B23-285_D1,4
TTAGGATGGGAGGGTA-1_V13B23-285_D1,4
TTAGGTCATAACCGAC-1_V13B23-285_D1,1
TTAGTAAACCTGCTCT-1_V13B23-285_D1,4
TTAGTAGGGCGGCGGG-1_V13B23-285_D1,1
TTAGTTATTCGTGGCA-1_V13B23-285_D1,4
TTAGTTCAAGTGTTCG-1_V13B23-285_D1,1
TTATAGGTAATTGTCT-1_V13B23-285_D1,4
TTATATACGCTGTCAC-1_V13B23-285_D1,4
TTATATTTGGCAATCC-1_V13B23-285_D1,1
TTATCCAATCGAACTC-1_V13B23-285_D1,2
TTATCCGGGATCTATA-1_V13B23-285_D1,4
TTATCCTCAAGGAATA-1_V13B23-285_D1,1
TTATCGCCTGCGAAGC-1_V13B23-285_D1,1
TTATCTGTATCATAAC-1_V13B23-285_D1,1
TTATGAATGAAAGGGA-1_V13B23-285_D1,1
TTATGACAAACTGGAT-1_V13B23-285_D1,1
TTATGATCTTAACGAA-1_V13B23-285_D1,4
TTATGTTTGCGATAGA-1_V13B23-285_D1,1
TTATTAGAGCGTGTTC-1_V13B23-285_D1,4
TTATTAGGGAAGCATC-1_V13B23-285_D1,2
TTATTATCTGGAAGGC-1_V13B23-285_D1,4
TTATTTAGGTTCCTTA-1_V13B23-285_D1,4
TTCAAAGTCTCTAGCC-1_V13B23-285_D1,2
TTCAACGACCCGACCG-1_V13B23-285_D1,1
TTCAAGCCGAGCTGAG-1_V13B23-285_D1,3
TTCAATACTCTGAATC-1_V13B23-285_D1,4
TTCAATTAGCCATAAT-1_V13B23-285_D1,2
TTCACGAAAGGATCAC-1_V13B23-285_D1,1
TTCACTCGAGCACCTA-1_V13B23-285_D1,4
TTCAGAGTAACCTGAC-1_V13B23-285_D1,2
TTCAGCCCTGGTCCAC-1_V13B23-285_D1,4
TTCAGCTGGCGTGCCC-1_V13B23-285_D1,4
TTCAGGCGTCAAAGCC-1_V13B23-285_D1,1
TTCATGGCGCAACAGG-1_V13B23-285_D1,2
TTCCAATCAGAGCTAG-1_V13B23-285_D1,1
TTCCAATCTGGCTATC-1_V13B23-285_D1,1
TTCCACACAGATTTGA-1_V13B23-285_D1,1
TTCCAGACGAGATTTA-1_V13B23-285_D1,4
TTCCATCATGCGGTGA-1_V13B23-285_D1,2
TTCCATCGACAGCGTG-1_V13B23-285_D1,4
TTCCGCAGAGAAATAT-1_V13B23-285_D1,1
TTCCGCGTGAGGCGAT-1_V13B23-285_D1,4
TTCCGGCCTTGAGGCT-1_V13B23-285_D1,1
TTCCGGCTCGACTTCT-1_V13B23-285_D1,2
TTCCGGTATCTGTGTC-1_V13B23-285_D1,4
TTCCGGTTACCCACTT-1_V13B23-285_D1,4
TTCCTCGAGGGTGTCT-1_V13B23-285_D1,1
TTCCTCGGACTAACCA-1_V13B23-285_D1,4
TTCCTCTGCCCGAATA-1_V13B23-285_D1,1
TTCCTTTCTGTGTTGC-1_V13B23-285_D1,2
TTCGACAGAGCCCGTG-1_V13B23-285_D1,4
TTCGACGGGAAGGGCG-1_V13B23-285_D1,1
TTCGCACTCGCGTGCT-1_V13B23-285_D1,1
TTCGCACTGTACGACA-1_V13B23-285_D1,1
TTCGCATCCGGAAGCA-1_V13B23-285_D1,1
TTCGCGCGCCATACGA-1_V13B23-285_D1,1
TTCGCTAGGAAGTTGT-1_V13B23-285_D1,4
TTCGCTATCTGACGTG-1_V13B23-285_D1,1
TTCGGCAACCCGCTGA-1_V13B23-285_D1,2
TTCGGCTAGAGATGGT-1_V13B23-285_D1,1
TTCGGGACTAATCGCG-1_V13B23-285_D1,2
TTCGGGCGCTAGTCTT-1_V13B23-285_D1,1
TTCGGGTTGCCACGGG-1_V13B23-285_D1,4
TTCGGTGGAGACGCCC-1_V13B23-285_D1,4
TTCGTAATCCCAGCGG-1_V13B23-285_D1,2
TTCGTACTCCAGAACG-1_V13B23-285_D1,1
TTCGTTCAACGAAGTT-1_V13B23-285_D1,1
TTCTAACCGAAGCTTA-1_V13B23-285_D1,1
TTCTACTTGCGAGGGC-1_V13B23-285_D1,1
TTCTAGAAAGTCTTAT-1_V13B23-285_D1,1
TTCTAGGCCAATTGTG-1_V13B23-285_D1,1
TTCTATGCCTTTCGCA-1_V13B23-285_D1,1
TTCTGACCGGGCTCAA-1_V13B23-285_D1,4
TTCTGCCGCGCCTAGA-1_V13B23-285_D1,4
TTCTGCGAGCGCCCTT-1_V13B23-285_D1,1
TTCTGCGGGTTAGCGG-1_V13B23-285_D1,4
TTCTGCTAGACTCCAA-1_V13B23-285_D1,1
TTCTTAGTGAACGGTG-1_V13B23-285_D1,1
TTCTTAGTGGCTCAGA-1_V13B23-285_D1,2
TTCTTATCCGCTGGGT-1_V13B23-285_D1,4
TTCTTGAGCCGCGCTA-1_V13B23-285_D1,1
TTCTTGCTAGCATCTC-1_V13B23-285_D1,4
TTCTTGGACGATCTGC-1_V13B23-285_D1,1
TTCTTGGAGTAATGAG-1_V13B23-285_D1,2
TTCTTGTAACCTAATG-1_V13B23-285_D1,1
TTCTTTGGTCGCGACG-1_V13B23-285_D1,1
TTGAAACCCTCATTCC-1_V13B23-285_D1,4
TTGAAAGGTGTAAAGG-1_V13B23-285_D1,2
TTGAACGAATCCTTTG-1_V13B23-285_D1,1
TTGAACGACGTGCTGA-1_V13B23-285_D1,4
TTGAAGAATTCCCAGG-1_V13B23-285_D1,1
TTGAATATGGACTTTC-1_V13B23-285_D1,1
TTGAATTCACGTGAGG-1_V13B23-285_D1,4
TTGACAGGAGCTCCCG-1_V13B23-285_D1,4
TTGACATGAACGTGGA-1_V13B23-285_D1,1
TTGACCAGGAACAACT-1_V13B23-285_D1,4
TTGACCATGTTCTCCG-1_V13B23-285_D1,1
TTGACCGTGTTAATGA-1_V13B23-285_D1,1
TTGACGCTCCATGAGC-1_V13B23-285_D1,4
TTGACTACCATATGGT-1_V13B23-285_D1,1
TTGACTATTGTCCGGC-1_V13B23-285_D1,4
TTGAGAAGTTTAGCAT-1_V13B23-285_D1,4
TTGAGAGTACTGCTAA-1_V13B23-285_D1,1
TTGAGCAGCCCACGGT-1_V13B23-285_D1,4
TTGAGCGCCACGTGAT-1_V13B23-285_D1,1
TTGAGTCCCGCTGCTG-1_V13B23-285_D1,4
TTGATAGTCAATACAT-1_V13B23-285_D1,1
TTGATCTAACTTTGTC-1_V13B23-285_D1,1
TTGATGTGTAGTCCCG-1_V13B23-285_D1,1
TTGATTAGCTGTTTCT-1_V13B23-285_D1,1
TTGATTATGCAGATGA-1_V13B23-285_D1,1
TTGCACAATTCAGAAA-1_V13B23-285_D1,1
TTGCACGGAGCAGCAC-1_V13B23-285_D1,1
TTGCATGCTGATCACG-1_V13B23-285_D1,1
TTGCCAAGCAGAACCC-1_V13B23-285_D1,4
TTGCCATAGCCCGCTC-1_V13B23-285_D1,1
TTGCCCTGATCACGGG-1_V13B23-285_D1,1
TTGCCGCTTTCTAGTA-1_V13B23-285_D1,4
TTGCCGGTGATCCCTC-1_V13B23-285_D1,2
TTGCGGCATCAGAAAG-1_V13B23-285_D1,1
TTGCGTAGTTTGAGGA-1_V13B23-285_D1,1
TTGCGTCGGCCAACCG-1_V13B23-285_D1,1
TTGCGTGAACGCTTAG-1_V13B23-285_D1,2
TTGCTCATAGTACGTG-1_V13B23-285_D1,4
TTGCTCCCATACCGGA-1_V13B23-285_D1,2
TTGCTGAAGGAACCAC-1_V13B23-285_D1,2
TTGCTGATCATGTTCG-1_V13B23-285_D1,1
TTGCTGCACCTATCCA-1_V13B23-285_D1,1
TTGCTGGCCGGGCTTC-1_V13B23-285_D1,2
TTGGAAGAATACAGTC-1_V13B23-285_D1,1
TTGGACATGTGGCTTA-1_V13B23-285_D1,1
TTGGACCATCTGGCAA-1_V13B23-285_D1,4
TTGGACCTATAACAGT-1_V13B23-285_D1,4
TTGGATATCGTCTACG-1_V13B23-285_D1,1
TTGGATCGACTTCTGG-1_V13B23-285_D1,2
TTGGATTGGGTACCAC-1_V13B23-285_D1,2
TTGGCCATCTTGCGCT-1_V13B23-285_D1,1
TTGGCCTAGAATTTCG-1_V13B23-285_D1,3
TTGGCGATCCGAATAT-1_V13B23-285_D1,1
TTGGCTCAATATGTGT-1_V13B23-285_D1,4
TTGGCTCGCATGAGAC-1_V13B23-285_D1,1
TTGGGACACTGCCCGC-1_V13B23-285_D1,1
TTGGGACGTAAGAGTT-1_V13B23-285_D1,4
TTGGGCGGCGGTTGCC-1_V13B23-285_D1,1
TTGGGTTTATTCAGCG-1_V13B23-285_D1,2
TTGGTATGGCTTGTGT-1_V13B23-285_D1,1
TTGGTCACACTCGTAA-1_V13B23-285_D1,1
TTGGTTCGCTCAAAGG-1_V13B23-285_D1,1
TTGGTTGCGGTGCGCG-1_V13B23-285_D1,1
TTGTAAGGACCTAAGT-1_V13B23-285_D1,1
TTGTAAGGCCAGTTGG-1_V13B23-285_D1,1
TTGTAATCCGTACTCG-1_V13B23-285_D1,1
TTGTATCACACAGAAT-1_V13B23-285_D1,3
TTGTCGTTCAGTTACC-1_V13B23-285_D1,1
TTGTGAACCTAATCCG-1_V13B23-285_D1,4
TTGTGCAGCCACGTCA-1_V13B23-285_D1,4
TTGTGGCCCTGACAGT-1_V13B23-285_D1,2
TTGTGGTAGGAGGGAT-1_V13B23-285_D1,1
TTGTGGTATAGGTATG-1_V13B23-285_D1,1
TTGTGGTGGTACTAAG-1_V13B23-285_D1,4
TTGTGTATGCCACCAA-1_V13B23-285_D1,1
TTGTGTTTCCCGAAAG-1_V13B23-285_D1,1
TTGTTAGCAAATTCGA-1_V13B23-285_D1,1
TTGTTCAGTGTGCTAC-1_V13B23-285_D1,1
TTGTTGTGTGTCAAGA-1_V13B23-285_D1,1
TTGTTTCACATCCAGG-1_V13B23-285_D1,1
TTGTTTCATTAGTCTA-1_V13B23-285_D1,1
TTGTTTCCATACAACT-1_V13B23-285_D1,1
